Position,Win Probability,Average Score,Was Reached?,1,2,3,4,5,6,7,8,9,10,11,12
,1.0,0,,N/A,N/A,N/A,N/A,N/A,N/A,N/A,N/A,N/A,N/A,N/A,N/A
1,0.166667,0.833333,Yes,1,N/A,N/A,N/A,N/A,N/A,N/A,N/A,N/A,N/A,N/A,N/A
1 12,0.00462963,12.662,Yes,N/A,N/A,N/A,N/A,N/A,N/A,N/A,N/A,N/A,N/A,N/A,12
1 11,0.037037,11.0463,Yes,N/A,N/A,N/A,N/A,N/A,N/A,N/A,N/A,N/A,N/A,11,1 11
1 11 12,0.00128601,23.0103,Yes,N/A,N/A,N/A,N/A,N/A,N/A,N/A,N/A,N/A,N/A,11,12
12,0.0277778,11.6667,Yes,N/A,N/A,N/A,N/A,N/A,N/A,N/A,N/A,N/A,N/A,N/A,12
1 10,0.0694444,9.54167,Yes,N/A,N/A,N/A,N/A,N/A,N/A,N/A,N/A,N/A,10,1 10,N/A
1 10 12,0.00385802,21.135,Yes,N/A,N/A,N/A,N/A,N/A,N/A,N/A,N/A,N/A,10,1 10,12
10,0.0833333,9.16667,Yes,N/A,N/A,N/A,N/A,N/A,N/A,N/A,N/A,N/A,10,N/A,N/A
1 10 11,0.00925926,20.0386,Yes,N/A,N/A,N/A,N/A,N/A,N/A,N/A,N/A,N/A,10,11,1 11
1 10 11 12,0.000578704,31.9817,Yes,N/A,N/A,N/A,N/A,N/A,N/A,N/A,N/A,N/A,10,11,12
11,0.0555556,10.3889,Yes,N/A,N/A,N/A,N/A,N/A,N/A,N/A,N/A,N/A,N/A,11,N/A
11 12,0.00308642,22.0201,Yes,N/A,N/A,N/A,N/A,N/A,N/A,N/A,N/A,N/A,N/A,11,12
1 9,0.101852,8.14815,Yes,N/A,N/A,N/A,N/A,N/A,N/A,N/A,N/A,9,1 9,N/A,N/A
1 9 12,0.00565844,19.7166,Yes,N/A,N/A,N/A,N/A,N/A,N/A,N/A,N/A,9,1 9,N/A,12
9,0.111111,8,Yes,N/A,N/A,N/A,N/A,N/A,N/A,N/A,N/A,9,N/A,N/A,N/A
1 9 11,0.0174897,17.9347,Yes,N/A,N/A,N/A,N/A,N/A,N/A,N/A,N/A,9,1 9,11,1 11
1 9 11 12,0.00120027,29.8186,Yes,N/A,N/A,N/A,N/A,N/A,N/A,N/A,N/A,9,1 9,11,12
9 12,0.00617284,19.6019,Yes,N/A,N/A,N/A,N/A,N/A,N/A,N/A,N/A,9,N/A,N/A,12
1 9 10,0.0223765,17.1836,Yes,N/A,N/A,N/A,N/A,N/A,N/A,N/A,N/A,9,10,1 10,N/A
1 9 10 12,0.00186471,28.6688,Yes,N/A,N/A,N/A,N/A,N/A,N/A,N/A,N/A,9,10,1 10,12
9 10,0.0185185,16.9907,Yes,N/A,N/A,N/A,N/A,N/A,N/A,N/A,N/A,9,10,N/A,N/A
1 9 10 11,0.00424383,27.5366,Yes,N/A,N/A,N/A,N/A,N/A,N/A,N/A,N/A,9,10,11,1 11
1 9 10 11 12,0.000385802,39.4516,Yes,N/A,N/A,N/A,N/A,N/A,N/A,N/A,N/A,9,10,11,12
10 12,0.00462963,20.7824,Yes,N/A,N/A,N/A,N/A,N/A,N/A,N/A,N/A,N/A,10,N/A,12
10 11,0.00925926,19.4583,Yes,N/A,N/A,N/A,N/A,N/A,N/A,N/A,N/A,N/A,10,11,N/A
10 11 12,0.000771605,31.0301,Yes,N/A,N/A,N/A,N/A,N/A,N/A,N/A,N/A,N/A,10,11,12
1 8,0.134259,6.86574,Yes,N/A,N/A,N/A,N/A,N/A,N/A,N/A,8,1 8,N/A,N/A,N/A
1 8 12,0.00745885,18.4123,Yes,N/A,N/A,N/A,N/A,N/A,N/A,N/A,8,1 8,N/A,N/A,12
8,0.138889,6.88889,Yes,N/A,N/A,N/A,N/A,N/A,N/A,N/A,8,N/A,N/A,N/A,N/A
1 8 11,0.0226337,16.5947,Yes,N/A,N/A,N/A,N/A,N/A,N/A,N/A,8,1 8,N/A,11,1 11
1 8 11 12,0.00156464,28.4597,Yes,N/A,N/A,N/A,N/A,N/A,N/A,N/A,8,1 8,N/A,11,12
8 12,0.00771605,18.4784,Yes,N/A,N/A,N/A,N/A,N/A,N/A,N/A,8,N/A,N/A,N/A,12
1 8 10,0.0378086,14.9097,Yes,N/A,N/A,N/A,N/A,N/A,N/A,N/A,8,1 8,10,1 10,N/A
1 8 10 12,0.00315072,26.303,Yes,N/A,N/A,N/A,N/A,N/A,N/A,N/A,8,1 8,10,1 10,12
8 10,0.0231481,15.8472,Yes,N/A,N/A,N/A,N/A,N/A,N/A,N/A,8,N/A,10,N/A,N/A
1 8 10 11,0.00694444,25.0966,Yes,N/A,N/A,N/A,N/A,N/A,N/A,N/A,8,1 8,10,11,1 11
1 8 10 11 12,0.000664438,36.9197,Yes,N/A,N/A,N/A,N/A,N/A,N/A,N/A,8,1 8,10,11,12
8 11,0.0154321,17.1312,Yes,N/A,N/A,N/A,N/A,N/A,N/A,N/A,8,N/A,N/A,11,N/A
8 11 12,0.00128601,28.6719,Yes,N/A,N/A,N/A,N/A,N/A,N/A,N/A,8,N/A,N/A,11,12
1 8 9,0.0406379,14.4686,Yes,N/A,N/A,N/A,N/A,N/A,N/A,N/A,8,9,1 9,N/A,N/A
1 8 9 12,0.00338649,25.8927,Yes,N/A,N/A,N/A,N/A,N/A,N/A,N/A,8,9,1 9,N/A,12
8 9,0.0308642,14.6265,Yes,N/A,N/A,N/A,N/A,N/A,N/A,N/A,8,9,N/A,N/A,N/A
1 8 9 11,0.00934499,23.8891,Yes,N/A,N/A,N/A,N/A,N/A,N/A,N/A,8,9,1 9,11,1 11
1 8 9 11 12,0.000895443,35.7117,Yes,N/A,N/A,N/A,N/A,N/A,N/A,N/A,8,9,1 9,11,12
8 9 12,0.00257202,26.1264,Yes,N/A,N/A,N/A,N/A,N/A,N/A,N/A,8,9,N/A,N/A,12
1 8 9 10,0.01241,23.1727,Yes,N/A,N/A,N/A,N/A,N/A,N/A,N/A,8,9,10,1 10,N/A
1 8 9 10 12,0.00137889,34.4905,Yes,N/A,N/A,N/A,N/A,N/A,N/A,N/A,8,9,10,1 10,12
8 9 10,0.00771605,23.3395,Yes,N/A,N/A,N/A,N/A,N/A,N/A,N/A,8,9,10,N/A,N/A
1 8 9 10 11,0.00304355,33.2895,Yes,N/A,N/A,N/A,N/A,N/A,N/A,N/A,8,9,10,11,1 11
1 8 9 10 11 12,0.000363178,45.1484,Yes,N/A,N/A,N/A,N/A,N/A,N/A,N/A,8,9,10,11,12
9 11,0.0123457,18.2654,Yes,N/A,N/A,N/A,N/A,N/A,N/A,N/A,N/A,9,N/A,11,N/A
9 11 12,0.00102881,29.8208,Yes,N/A,N/A,N/A,N/A,N/A,N/A,N/A,N/A,9,N/A,11,12
9 10 12,0.00154321,28.5257,Yes,N/A,N/A,N/A,N/A,N/A,N/A,N/A,N/A,9,10,N/A,12
9 10 11,0.00308642,27.1281,Yes,N/A,N/A,N/A,N/A,N/A,N/A,N/A,N/A,9,10,11,N/A
9 10 11 12,0.000342936,38.6045,Yes,N/A,N/A,N/A,N/A,N/A,N/A,N/A,N/A,9,10,11,12
1 7,0.166667,5.69444,Yes,N/A,N/A,N/A,N/A,N/A,N/A,7,1 7,N/A,N/A,N/A,N/A
1 7 12,0.00925926,17.2222,Yes,N/A,N/A,N/A,N/A,N/A,N/A,7,1 7,N/A,N/A,N/A,12
7,0.166667,5.83333,Yes,N/A,N/A,N/A,N/A,N/A,N/A,7,N/A,N/A,N/A,N/A,N/A
1 7 11,0.0277778,15.3735,Yes,N/A,N/A,N/A,N/A,N/A,N/A,7,1 7,N/A,N/A,11,1 11
1 7 11 12,0.00192901,27.2217,Yes,N/A,N/A,N/A,N/A,N/A,N/A,7,1 7,N/A,N/A,11,12
7 12,0.00925926,17.412,Yes,N/A,N/A,N/A,N/A,N/A,N/A,7,N/A,N/A,N/A,N/A,12
1 7 10,0.0462963,13.662,Yes,N/A,N/A,N/A,N/A,N/A,N/A,7,1 7,N/A,10,1 10,N/A
1 7 10 12,0.00385802,25.0243,Yes,N/A,N/A,N/A,N/A,N/A,N/A,7,1 7,N/A,10,1 10,12
7 10,0.0277778,14.7639,Yes,N/A,N/A,N/A,N/A,N/A,N/A,7,N/A,N/A,10,N/A,N/A
1 7 10 11,0.00848765,23.7981,Yes,N/A,N/A,N/A,N/A,N/A,N/A,7,1 7,N/A,10,11,1 11
1 7 10 11 12,0.000814472,35.5987,Yes,N/A,N/A,N/A,N/A,N/A,N/A,7,1 7,N/A,10,11,12
7 11,0.0185185,16.0556,Yes,N/A,N/A,N/A,N/A,N/A,N/A,7,N/A,N/A,N/A,11,N/A
7 11 12,0.00154321,27.5833,Yes,N/A,N/A,N/A,N/A,N/A,N/A,7,N/A,N/A,N/A,11,12
1 7 9,0.0648148,12.088,Yes,N/A,N/A,N/A,N/A,N/A,N/A,7,1 7,9,1 9,N/A,N/A
1 7 9 12,0.00540123,23.4034,Yes,N/A,N/A,N/A,N/A,N/A,N/A,7,1 7,9,1 9,N/A,12
7 9,0.037037,13.537,Yes,N/A,N/A,N/A,N/A,N/A,N/A,7,N/A,9,N/A,N/A,N/A
1 7 9 11,0.0138889,21.2864,Yes,N/A,N/A,N/A,N/A,N/A,N/A,7,1 7,9,1 9,11,1 11
1 7 9 11 12,0.00137174,32.9929,Yes,N/A,N/A,N/A,N/A,N/A,N/A,7,1 7,9,1 9,11,12
7 9 12,0.00308642,25.0221,Yes,N/A,N/A,N/A,N/A,N/A,N/A,7,N/A,9,N/A,N/A,12
1 7 9 10,0.0189043,20.5012,Yes,N/A,N/A,N/A,N/A,N/A,N/A,7,1 7,9,10,1 10,N/A
1 7 9 10 12,0.00210048,31.6804,Yes,N/A,N/A,N/A,N/A,N/A,N/A,7,1 7,9,10,1 10,12
7 9 10,0.00925926,22.2114,Yes,N/A,N/A,N/A,N/A,N/A,N/A,7,N/A,9,10,N/A,N/A
1 7 9 10 11,0.0045439,30.3646,Yes,N/A,N/A,N/A,N/A,N/A,N/A,7,1 7,9,10,11,1 11
1 7 9 10 11 12,0.000559652,42.0786,Yes,N/A,N/A,N/A,N/A,N/A,N/A,7,1 7,9,10,11,12
7 10 12,0.00231481,26.2693,Yes,N/A,N/A,N/A,N/A,N/A,N/A,7,N/A,N/A,10,N/A,12
7 10 11,0.00462963,24.8457,Yes,N/A,N/A,N/A,N/A,N/A,N/A,7,N/A,N/A,10,11,N/A
7 10 11 12,0.000514403,36.2865,Yes,N/A,N/A,N/A,N/A,N/A,N/A,7,N/A,N/A,10,11,12
1 7 8,0.0640432,11.9167,Yes,N/A,N/A,N/A,N/A,N/A,N/A,7,8,1 8,N/A,N/A,N/A
1 7 8 12,0.00533693,23.2819,Yes,N/A,N/A,N/A,N/A,N/A,N/A,7,8,1 8,N/A,N/A,12
7 8,0.0462963,12.375,Yes,N/A,N/A,N/A,N/A,N/A,N/A,7,8,N/A,N/A,N/A,N/A
1 7 8 11,0.0145319,21.1907,Yes,N/A,N/A,N/A,N/A,N/A,N/A,7,8,1 8,N/A,11,1 11
1 7 8 11 12,0.00140032,32.971,Yes,N/A,N/A,N/A,N/A,N/A,N/A,7,8,1 8,N/A,11,12
7 8 12,0.00385802,23.8418,Yes,N/A,N/A,N/A,N/A,N/A,N/A,7,8,N/A,N/A,N/A,12
1 7 8 10,0.0237269,19.259,Yes,N/A,N/A,N/A,N/A,N/A,N/A,7,8,1 8,10,1 10,N/A
1 7 8 10 12,0.00263632,30.4113,Yes,N/A,N/A,N/A,N/A,N/A,N/A,7,8,1 8,10,1 10,12
7 8 10,0.0115741,21.0008,Yes,N/A,N/A,N/A,N/A,N/A,N/A,7,8,N/A,10,N/A,N/A
1 7 8 10 11,0.0057013,29.0845,Yes,N/A,N/A,N/A,N/A,N/A,N/A,7,8,1 8,10,11,1 11
1 7 8 10 11 12,0.000702542,40.791,Yes,N/A,N/A,N/A,N/A,N/A,N/A,7,8,1 8,10,11,12
7 8 11,0.00771605,22.3837,Yes,N/A,N/A,N/A,N/A,N/A,N/A,7,8,N/A,N/A,11,N/A
7 8 11 12,0.000857339,33.7782,Yes,N/A,N/A,N/A,N/A,N/A,N/A,7,8,N/A,N/A,11,12
1 7 8 9,0.026749,18.9456,Yes,N/A,N/A,N/A,N/A,N/A,N/A,7,8,9,1 9,N/A,N/A
1 7 8 9 12,0.00297211,30.1381,Yes,N/A,N/A,N/A,N/A,N/A,N/A,7,8,9,1 9,N/A,12
7 8 9,0.0154321,19.6929,Yes,N/A,N/A,N/A,N/A,N/A,N/A,7,8,9,N/A,N/A,N/A
1 7 8 9 11,0.00765889,27.7574,Yes,N/A,N/A,N/A,N/A,N/A,N/A,7,8,9,1 9,11,1 11
1 7 8 9 11 12,0.00094466,39.458,Yes,N/A,N/A,N/A,N/A,N/A,N/A,7,8,9,1 9,11,12
7 8 9 12,0.00171468,31.0258,Yes,N/A,N/A,N/A,N/A,N/A,N/A,7,8,9,N/A,N/A,12
1 7 8 9 10,0.0104167,27.0778,Yes,N/A,N/A,N/A,N/A,N/A,N/A,7,8,9,10,1 10,N/A
1 7 8 9 10 12,0.00144676,38.0982,Yes,N/A,N/A,N/A,N/A,N/A,N/A,7,8,9,10,1 10,12
7 8 9 10,0.00514403,27.9493,Yes,N/A,N/A,N/A,N/A,N/A,N/A,7,8,9,10,N/A,N/A
1 7 8 9 10 11,0.00313167,36.7576,Yes,N/A,N/A,N/A,N/A,N/A,N/A,7,8,9,10,11,1 11
1 7 8 9 10 11 12,0.000462407,48.4938,Yes,N/A,N/A,N/A,N/A,N/A,N/A,7,8,9,10,11,12
8 10 12,0.00192901,27.3665,Yes,N/A,N/A,N/A,N/A,N/A,N/A,N/A,8,N/A,10,N/A,12
8 10 11,0.00385802,25.955,Yes,N/A,N/A,N/A,N/A,N/A,N/A,N/A,8,N/A,10,11,N/A
8 10 11 12,0.000428669,37.4126,Yes,N/A,N/A,N/A,N/A,N/A,N/A,N/A,8,N/A,10,11,12
8 9 11,0.00514403,24.6974,Yes,N/A,N/A,N/A,N/A,N/A,N/A,N/A,8,9,N/A,11,N/A
8 9 11 12,0.000571559,36.1317,Yes,N/A,N/A,N/A,N/A,N/A,N/A,N/A,8,9,N/A,11,12
8 9 10 12,0.000857339,34.7448,Yes,N/A,N/A,N/A,N/A,N/A,N/A,N/A,8,9,10,N/A,12
8 9 10 11,0.00171468,33.2287,Yes,N/A,N/A,N/A,N/A,N/A,N/A,N/A,8,9,10,11,N/A
8 9 10 11 12,0.00023815,44.5496,Yes,N/A,N/A,N/A,N/A,N/A,N/A,N/A,8,9,10,11,12
1 6,0.189815,4.97685,Yes,N/A,N/A,N/A,N/A,N/A,6,1 6,N/A,N/A,N/A,N/A,N/A
1 6 12,0.0105453,16.508,Yes,N/A,N/A,N/A,N/A,N/A,6,1 6,N/A,N/A,N/A,N/A,12
6,0.138889,5.16667,Yes,N/A,N/A,N/A,N/A,N/A,6,N/A,N/A,N/A,N/A,N/A,N/A
1 6 11,0.0288066,14.6857,Yes,N/A,N/A,N/A,N/A,N/A,6,1 6,N/A,N/A,N/A,11,1 11
1 6 11 12,0.00207905,26.5243,Yes,N/A,N/A,N/A,N/A,N/A,6,1 6,N/A,N/A,N/A,11,12
6 12,0.00771605,16.7639,Yes,N/A,N/A,N/A,N/A,N/A,6,N/A,N/A,N/A,N/A,N/A,12
1 6 10,0.0470679,12.9992,Yes,N/A,N/A,N/A,N/A,N/A,6,1 6,N/A,N/A,10,1 10,N/A
1 6 10 12,0.00392233,24.3728,Yes,N/A,N/A,N/A,N/A,N/A,6,1 6,N/A,N/A,10,1 10,12
6 10,0.0231481,14.1481,Yes,N/A,N/A,N/A,N/A,N/A,6,N/A,N/A,N/A,10,N/A,N/A
1 6 10 11,0.00848765,23.143,Yes,N/A,N/A,N/A,N/A,N/A,6,1 6,N/A,N/A,10,11,1 11
1 6 10 11 12,0.000835905,34.9319,Yes,N/A,N/A,N/A,N/A,N/A,6,1 6,N/A,N/A,10,11,12
6 11,0.0154321,15.4244,Yes,N/A,N/A,N/A,N/A,N/A,6,N/A,N/A,N/A,N/A,11,N/A
6 11 12,0.00128601,26.9737,Yes,N/A,N/A,N/A,N/A,N/A,6,N/A,N/A,N/A,N/A,11,12
1 6 9,0.0653292,11.4486,Yes,N/A,N/A,N/A,N/A,N/A,6,1 6,N/A,9,1 9,N/A,N/A
1 6 9 12,0.0054441,22.7768,Yes,N/A,N/A,N/A,N/A,N/A,6,1 6,N/A,9,1 9,N/A,12
6 9,0.0308642,12.9352,Yes,N/A,N/A,N/A,N/A,N/A,6,N/A,N/A,9,N/A,N/A,N/A
1 6 9 11,0.0134602,20.6976,Yes,N/A,N/A,N/A,N/A,N/A,6,1 6,N/A,9,1 9,11,1 11
1 6 9 11 12,0.00135269,32.3969,Yes,N/A,N/A,N/A,N/A,N/A,6,1 6,N/A,9,1 9,11,12
6 9 12,0.00257202,24.4444,Yes,N/A,N/A,N/A,N/A,N/A,6,N/A,N/A,9,N/A,N/A,12
1 6 9 10,0.0185828,19.891,Yes,N/A,N/A,N/A,N/A,N/A,6,1 6,N/A,9,10,1 10,N/A
1 6 9 10 12,0.00206476,31.0861,Yes,N/A,N/A,N/A,N/A,N/A,6,1 6,N/A,9,10,1 10,12
6 9 10,0.00771605,21.6764,Yes,N/A,N/A,N/A,N/A,N/A,6,N/A,N/A,9,10,N/A,N/A
1 6 9 10 11,0.00441529,29.766,Yes,N/A,N/A,N/A,N/A,N/A,6,1 6,N/A,9,10,11,1 11
1 6 9 10 11 12,0.000553698,41.465,Yes,N/A,N/A,N/A,N/A,N/A,6,1 6,N/A,9,10,11,12
6 10 12,0.00192901,25.6764,Yes,N/A,N/A,N/A,N/A,N/A,6,N/A,N/A,N/A,10,N/A,12
6 10 11,0.00385802,24.2739,Yes,N/A,N/A,N/A,N/A,N/A,6,N/A,N/A,N/A,10,11,N/A
6 10 11 12,0.000428669,35.7416,Yes,N/A,N/A,N/A,N/A,N/A,6,N/A,N/A,N/A,10,11,12
1 6 8,0.0835905,10.0337,Yes,N/A,N/A,N/A,N/A,N/A,6,1 6,8,1 8,N/A,N/A,N/A
1 6 8 12,0.00696588,21.3211,Yes,N/A,N/A,N/A,N/A,N/A,6,1 6,8,1 8,N/A,N/A,12
6 8,0.0385802,11.7855,Yes,N/A,N/A,N/A,N/A,N/A,6,N/A,8,N/A,N/A,N/A,N/A
1 6 8 11,0.0171468,19.1872,Yes,N/A,N/A,N/A,N/A,N/A,6,1 6,8,1 8,N/A,11,1 11
1 6 8 11 12,0.00172659,30.8521,Yes,N/A,N/A,N/A,N/A,N/A,6,1 6,8,1 8,N/A,11,12
6 8 12,0.00321502,23.2777,Yes,N/A,N/A,N/A,N/A,N/A,6,N/A,8,N/A,N/A,N/A,12
1 6 8 10,0.0273277,17.2192,Yes,N/A,N/A,N/A,N/A,N/A,6,1 6,8,1 8,10,1 10,N/A
1 6 8 10 12,0.00303641,28.2784,Yes,N/A,N/A,N/A,N/A,N/A,6,1 6,8,1 8,10,1 10,12
6 8 10,0.00964506,20.4815,Yes,N/A,N/A,N/A,N/A,N/A,6,N/A,8,N/A,10,N/A,N/A
1 6 8 10 11,0.00643004,26.8474,Yes,N/A,N/A,N/A,N/A,N/A,6,1 6,8,1 8,10,11,1 11
1 6 8 10 11 12,0.000818639,38.4073,Yes,N/A,N/A,N/A,N/A,N/A,6,1 6,8,1 8,10,11,12
6 8 11,0.00643004,21.843,Yes,N/A,N/A,N/A,N/A,N/A,6,N/A,8,N/A,N/A,11,N/A
6 8 11 12,0.000714449,33.2674,Yes,N/A,N/A,N/A,N/A,N/A,6,N/A,8,N/A,N/A,11,12
1 6 8 9,0.0323645,16.801,Yes,N/A,N/A,N/A,N/A,N/A,6,1 6,8,9,1 9,N/A,N/A
1 6 8 9 12,0.00359606,27.8896,Yes,N/A,N/A,N/A,N/A,N/A,6,1 6,8,9,1 9,N/A,12
6 8 9,0.0128601,19.1931,Yes,N/A,N/A,N/A,N/A,N/A,6,N/A,8,9,N/A,N/A,N/A
1 6 8 9 11,0.00862102,25.4497,Yes,N/A,N/A,N/A,N/A,N/A,6,1 6,8,9,1 9,11,1 11
1 6 8 9 11 12,0.00109813,36.9937,Yes,N/A,N/A,N/A,N/A,N/A,6,1 6,8,9,1 9,11,12
6 8 9 12,0.0014289,30.5599,Yes,N/A,N/A,N/A,N/A,N/A,6,N/A,8,9,N/A,N/A,12
1 6 8 9 10,0.0120385,24.6395,Yes,N/A,N/A,N/A,N/A,N/A,6,1 6,8,9,10,1 10,N/A
1 6 8 9 10 12,0.00167201,35.5248,Yes,N/A,N/A,N/A,N/A,N/A,6,1 6,8,9,10,1 10,12
6 8 9 10,0.00428669,27.544,Yes,N/A,N/A,N/A,N/A,N/A,6,N/A,8,9,10,N/A,N/A
1 6 8 9 10 11,0.00354248,34.0336,Yes,N/A,N/A,N/A,N/A,N/A,6,1 6,8,9,10,11,1 11
1 6 8 9 10 11 12,0.000540798,45.5572,Yes,N/A,N/A,N/A,N/A,N/A,6,1 6,8,9,10,11,12
6 9 11,0.00514403,23.0249,Yes,N/A,N/A,N/A,N/A,N/A,6,N/A,N/A,9,N/A,11,N/A
6 9 11 12,0.000571559,34.4698,Yes,N/A,N/A,N/A,N/A,N/A,6,N/A,N/A,9,N/A,11,12
6 9 10 12,0.000857339,33.0929,Yes,N/A,N/A,N/A,N/A,N/A,6,N/A,N/A,9,10,N/A,12
6 9 10 11,0.00171468,31.5879,Yes,N/A,N/A,N/A,N/A,N/A,6,N/A,N/A,9,10,11,N/A
6 9 10 11 12,0.00023815,42.9214,Yes,N/A,N/A,N/A,N/A,N/A,6,N/A,N/A,9,10,11,12
1 6 7,0.0740741,10.1157,Yes,N/A,N/A,N/A,N/A,N/A,6,7,1 7,N/A,N/A,N/A,N/A
1 6 7 12,0.00617284,21.4748,Yes,N/A,N/A,N/A,N/A,N/A,6,7,1 7,N/A,N/A,N/A,12
6 7,0.0462963,10.6991,Yes,N/A,N/A,N/A,N/A,N/A,6,7,N/A,N/A,N/A,N/A,N/A
1 6 7 11,0.0162037,19.3898,Yes,N/A,N/A,N/A,N/A,N/A,6,7,1 7,N/A,N/A,11,1 11
1 6 7 11 12,0.00158608,31.1517,Yes,N/A,N/A,N/A,N/A,N/A,6,7,1 7,N/A,N/A,11,12
6 7 12,0.00385802,22.1762,Yes,N/A,N/A,N/A,N/A,N/A,6,7,N/A,N/A,N/A,N/A,12
1 6 7 10,0.0262346,17.4664,Yes,N/A,N/A,N/A,N/A,N/A,6,7,1 7,N/A,10,1 10,N/A
1 6 7 10 12,0.00291495,28.6107,Yes,N/A,N/A,N/A,N/A,N/A,6,7,1 7,N/A,10,1 10,12
6 7 10,0.0115741,19.3557,Yes,N/A,N/A,N/A,N/A,N/A,6,7,N/A,N/A,10,N/A,N/A
1 6 7 10 11,0.00625857,27.2688,Yes,N/A,N/A,N/A,N/A,N/A,6,7,1 7,N/A,10,11,1 11
1 6 7 10 11 12,0.00077994,38.9511,Yes,N/A,N/A,N/A,N/A,N/A,6,7,1 7,N/A,10,11,12
6 7 11,0.00771605,20.7284,Yes,N/A,N/A,N/A,N/A,N/A,6,7,N/A,N/A,N/A,11,N/A
6 7 11 12,0.000857339,32.1344,Yes,N/A,N/A,N/A,N/A,N/A,6,7,N/A,N/A,N/A,11,12
1 6 7 9,0.0362654,15.7046,Yes,N/A,N/A,N/A,N/A,N/A,6,7,1 7,9,1 9,N/A,N/A
1 6 7 9 12,0.00402949,26.7787,Yes,N/A,N/A,N/A,N/A,N/A,6,7,1 7,9,1 9,N/A,12
6 7 9,0.0154321,18.0581,Yes,N/A,N/A,N/A,N/A,N/A,6,7,N/A,9,N/A,N/A,N/A
1 6 7 9 11,0.00977366,24.3043,Yes,N/A,N/A,N/A,N/A,N/A,6,7,1 7,9,1 9,11,1 11
1 6 7 9 11 12,0.00123838,35.8491,Yes,N/A,N/A,N/A,N/A,N/A,6,7,1 7,9,1 9,11,12
6 7 9 12,0.00171468,29.4039,Yes,N/A,N/A,N/A,N/A,N/A,6,7,N/A,9,N/A,N/A,12
1 6 7 9 10,0.0135888,23.5092,Yes,N/A,N/A,N/A,N/A,N/A,6,7,1 7,9,10,1 10,N/A
1 6 7 9 10 12,0.00188734,34.3744,Yes,N/A,N/A,N/A,N/A,N/A,6,7,1 7,9,10,1 10,12
6 7 9 10,0.00514403,26.3531,Yes,N/A,N/A,N/A,N/A,N/A,6,7,N/A,9,10,N/A,N/A
1 6 7 9 10 11,0.00401282,32.881,Yes,N/A,N/A,N/A,N/A,N/A,6,7,1 7,9,10,11,1 11
1 6 7 9 10 11 12,0.000609266,44.4103,Yes,N/A,N/A,N/A,N/A,N/A,6,7,1 7,9,10,11,12
6 7 10 12,0.00128601,30.7303,Yes,N/A,N/A,N/A,N/A,N/A,6,7,N/A,N/A,10,N/A,12
6 7 10 11,0.00257202,29.188,Yes,N/A,N/A,N/A,N/A,N/A,6,7,N/A,N/A,10,11,N/A
6 7 10 11 12,0.000357225,40.4704,Yes,N/A,N/A,N/A,N/A,N/A,6,7,N/A,N/A,10,11,12
1 6 7 8,0.0382587,15.6989,Yes,N/A,N/A,N/A,N/A,N/A,6,7,8,1 8,N/A,N/A,N/A
1 6 7 8 12,0.00425097,26.8365,Yes,N/A,N/A,N/A,N/A,N/A,6,7,8,1 8,N/A,N/A,12
6 7 8,0.0192901,16.8356,Yes,N/A,N/A,N/A,N/A,N/A,6,7,8,N/A,N/A,N/A,N/A
1 6 7 8 11,0.0106453,24.3937,Yes,N/A,N/A,N/A,N/A,N/A,6,7,8,1 8,N/A,11,1 11
1 6 7 8 11 12,0.00132967,36.037,Yes,N/A,N/A,N/A,N/A,N/A,6,7,8,1 8,N/A,11,12
6 7 8 12,0.00214335,28.1553,Yes,N/A,N/A,N/A,N/A,N/A,6,7,8,N/A,N/A,N/A,12
1 6 7 8 10,0.0170396,22.1426,Yes,N/A,N/A,N/A,N/A,N/A,6,7,8,1 8,10,1 10,N/A
1 6 7 8 10 12,0.00236661,32.9629,Yes,N/A,N/A,N/A,N/A,N/A,6,7,8,1 8,10,1 10,12
6 7 8 10,0.00643004,25.0605,Yes,N/A,N/A,N/A,N/A,N/A,6,7,8,N/A,10,N/A,N/A
1 6 7 8 10 11,0.00503091,31.448,Yes,N/A,N/A,N/A,N/A,N/A,6,7,8,1 8,10,11,1 11
1 6 7 8 10 11 12,0.000764064,42.9589,Yes,N/A,N/A,N/A,N/A,N/A,6,7,8,1 8,10,11,12
6 7 8 11,0.00428669,26.5636,Yes,N/A,N/A,N/A,N/A,N/A,6,7,8,N/A,N/A,11,N/A
6 7 8 11 12,0.000595374,37.7789,Yes,N/A,N/A,N/A,N/A,N/A,6,7,8,N/A,N/A,11,12
1 6 7 8 9,0.0200046,21.9544,Yes,N/A,N/A,N/A,N/A,N/A,6,7,8,9,1 9,N/A,N/A
1 6 7 8 9 12,0.00277841,32.8247,Yes,N/A,N/A,N/A,N/A,N/A,6,7,8,9,1 9,N/A,12
6 7 8 9,0.00857339,23.646,Yes,N/A,N/A,N/A,N/A,N/A,6,7,8,9,N/A,N/A,N/A
1 6 7 8 9 11,0.00674757,29.9396,Yes,N/A,N/A,N/A,N/A,N/A,6,7,8,9,1 9,11,1 11
1 6 7 8 9 11 12,0.00102537,41.4325,Yes,N/A,N/A,N/A,N/A,N/A,6,7,8,9,1 9,11,12
6 7 8 9 12,0.00119075,34.7715,Yes,N/A,N/A,N/A,N/A,N/A,6,7,8,9,N/A,N/A,12
1 6 7 8 9 10,0.00937714,29.2638,Yes,N/A,N/A,N/A,N/A,N/A,6,7,8,9,10,1 10,N/A
1 6 7 8 9 10 12,0.00156286,39.8512,Yes,N/A,N/A,N/A,N/A,N/A,6,7,8,9,10,1 10,12
6 7 8 9 10,0.00357225,31.3321,Yes,N/A,N/A,N/A,N/A,N/A,6,7,8,9,10,N/A,N/A
1 6 7 8 9 10 11,0.00332417,38.2741,Yes,N/A,N/A,N/A,N/A,N/A,6,7,8,9,10,11,1 11
1 6 7 8 9 10 11 12,0.000588483,49.777,Yes,N/A,N/A,N/A,N/A,N/A,6,7,8,9,10,11,12
7 9 11,0.00617284,23.5802,Yes,N/A,N/A,N/A,N/A,N/A,N/A,7,N/A,9,N/A,11,N/A
7 9 11 12,0.000685871,34.9967,Yes,N/A,N/A,N/A,N/A,N/A,N/A,7,N/A,9,N/A,11,12
7 9 10 12,0.00102881,33.5975,Yes,N/A,N/A,N/A,N/A,N/A,N/A,7,N/A,9,10,N/A,12
7 9 10 11,0.00205761,32.0643,Yes,N/A,N/A,N/A,N/A,N/A,N/A,7,N/A,9,10,11,N/A
7 9 10 11 12,0.00028578,43.3617,Yes,N/A,N/A,N/A,N/A,N/A,N/A,7,N/A,9,10,11,12
7 8 10 12,0.00128601,32.3631,Yes,N/A,N/A,N/A,N/A,N/A,N/A,7,8,N/A,10,N/A,12
7 8 10 11,0.00257202,30.8086,Yes,N/A,N/A,N/A,N/A,N/A,N/A,7,8,N/A,10,11,N/A
7 8 10 11 12,0.000357225,42.0772,Yes,N/A,N/A,N/A,N/A,N/A,N/A,7,8,N/A,10,11,12
7 8 9 11,0.00342936,29.4446,Yes,N/A,N/A,N/A,N/A,N/A,N/A,7,8,9,N/A,11,N/A
7 8 9 11 12,0.000476299,40.6773,Yes,N/A,N/A,N/A,N/A,N/A,N/A,7,8,9,N/A,11,12
7 8 9 10 12,0.000714449,39.1371,Yes,N/A,N/A,N/A,N/A,N/A,N/A,7,8,9,10,N/A,12
7 8 9 10 11,0.0014289,37.4211,Yes,N/A,N/A,N/A,N/A,N/A,N/A,7,8,9,10,11,N/A
7 8 9 10 11 12,0.00023815,48.4762,Yes,N/A,N/A,N/A,N/A,N/A,N/A,7,8,9,10,11,12
1 5,0.157407,4.59259,Yes,N/A,N/A,N/A,N/A,5,1 5,N/A,N/A,N/A,N/A,N/A,N/A
1 5 12,0.00874486,16.1548,Yes,N/A,N/A,N/A,N/A,5,1 5,N/A,N/A,N/A,N/A,N/A,12
5,0.111111,4.44444,Yes,N/A,N/A,N/A,N/A,5,N/A,N/A,N/A,N/A,N/A,N/A,N/A
1 5 11,0.0236626,14.3822,Yes,N/A,N/A,N/A,N/A,5,1 5,N/A,N/A,N/A,N/A,11,1 11
1 5 11 12,0.00171468,26.2454,Yes,N/A,N/A,N/A,N/A,5,1 5,N/A,N/A,N/A,N/A,11,12
5 12,0.00617284,16.0586,Yes,N/A,N/A,N/A,N/A,5,N/A,N/A,N/A,N/A,N/A,N/A,12
1 5 10,0.0385802,12.7407,Yes,N/A,N/A,N/A,N/A,5,1 5,N/A,N/A,N/A,10,1 10,N/A
1 5 10 12,0.00321502,24.1604,Yes,N/A,N/A,N/A,N/A,5,1 5,N/A,N/A,N/A,10,1 10,12
5 10,0.0185185,13.4722,Yes,N/A,N/A,N/A,N/A,5,N/A,N/A,N/A,N/A,10,N/A,N/A
1 5 10 11,0.00694444,22.9596,Yes,N/A,N/A,N/A,N/A,5,1 5,N/A,N/A,N/A,10,11,1 11
1 5 10 11 12,0.000685871,34.7804,Yes,N/A,N/A,N/A,N/A,5,1 5,N/A,N/A,N/A,10,11,12
5 11,0.0123457,14.7346,Yes,N/A,N/A,N/A,N/A,5,N/A,N/A,N/A,N/A,N/A,11,N/A
5 11 12,0.00102881,26.3037,Yes,N/A,N/A,N/A,N/A,5,N/A,N/A,N/A,N/A,N/A,11,12
1 5 9,0.0534979,11.2305,Yes,N/A,N/A,N/A,N/A,5,1 5,N/A,N/A,9,1 9,N/A,N/A
1 5 9 12,0.00445816,22.6084,Yes,N/A,N/A,N/A,N/A,5,1 5,N/A,N/A,9,1 9,N/A,12
5 9,0.0246914,12.2716,Yes,N/A,N/A,N/A,N/A,5,N/A,N/A,N/A,9,N/A,N/A,N/A
1 5 9 11,0.0109739,20.5981,Yes,N/A,N/A,N/A,N/A,5,1 5,N/A,N/A,9,1 9,11,1 11
1 5 9 11 12,0.00110501,32.3357,Yes,N/A,N/A,N/A,N/A,5,1 5,N/A,N/A,9,1 9,11,12
5 9 12,0.00205761,23.8032,Yes,N/A,N/A,N/A,N/A,5,N/A,N/A,N/A,9,N/A,N/A,12
1 5 9 10,0.0151749,19.8024,Yes,N/A,N/A,N/A,N/A,5,1 5,N/A,N/A,9,10,1 10,N/A
1 5 9 10 12,0.0016861,31.0605,Yes,N/A,N/A,N/A,N/A,5,1 5,N/A,N/A,9,10,1 10,12
5 9 10,0.00617284,21.0741,Yes,N/A,N/A,N/A,N/A,5,N/A,N/A,N/A,9,10,N/A,N/A
1 5 9 10 11,0.00360082,29.7805,Yes,N/A,N/A,N/A,N/A,5,1 5,N/A,N/A,9,10,11,1 11
1 5 9 10 11 12,0.000452484,41.5239,Yes,N/A,N/A,N/A,N/A,5,1 5,N/A,N/A,9,10,11,12
5 10 12,0.00154321,25.0216,Yes,N/A,N/A,N/A,N/A,5,N/A,N/A,N/A,N/A,10,N/A,12
5 10 11,0.00308642,23.6384,Yes,N/A,N/A,N/A,N/A,5,N/A,N/A,N/A,N/A,10,11,N/A
5 10 11 12,0.000342936,35.1309,Yes,N/A,N/A,N/A,N/A,5,N/A,N/A,N/A,N/A,10,11,12
1 5 8,0.0684156,9.85134,Yes,N/A,N/A,N/A,N/A,5,1 5,N/A,8,1 8,N/A,N/A,N/A
1 5 8 12,0.0057013,21.1917,Yes,N/A,N/A,N/A,N/A,5,1 5,N/A,8,1 8,N/A,N/A,12
5 8,0.0308642,11.1327,Yes,N/A,N/A,N/A,N/A,5,N/A,N/A,8,N/A,N/A,N/A,N/A
1 5 8 11,0.0139746,19.1311,Yes,N/A,N/A,N/A,N/A,5,1 5,N/A,8,1 8,N/A,11,1 11
1 5 8 11 12,0.00140985,30.8376,Yes,N/A,N/A,N/A,N/A,5,1 5,N/A,8,1 8,N/A,11,12
5 8 12,0.00257202,22.6483,Yes,N/A,N/A,N/A,N/A,5,N/A,N/A,8,N/A,N/A,N/A,12
1 5 8 10,0.0222479,17.2302,Yes,N/A,N/A,N/A,N/A,5,1 5,N/A,8,1 8,10,1 10,N/A
1 5 8 10 12,0.00247199,28.3621,Yes,N/A,N/A,N/A,N/A,5,1 5,N/A,8,1 8,10,1 10,12
5 8 10,0.00771605,19.893,Yes,N/A,N/A,N/A,N/A,5,N/A,N/A,8,N/A,10,N/A,N/A
1 5 8 10 11,0.00522977,26.9794,Yes,N/A,N/A,N/A,N/A,5,1 5,N/A,8,1 8,10,11,1 11
1 5 8 10 11 12,0.000666819,38.594,Yes,N/A,N/A,N/A,N/A,5,1 5,N/A,8,1 8,10,11,12
5 8 11,0.00514403,21.2351,Yes,N/A,N/A,N/A,N/A,5,N/A,N/A,8,N/A,N/A,11,N/A
5 8 11 12,0.000571559,32.6872,Yes,N/A,N/A,N/A,N/A,5,N/A,N/A,8,N/A,N/A,11,12
1 5 8 9,0.026406,16.8045,Yes,N/A,N/A,N/A,N/A,5,1 5,N/A,8,9,1 9,N/A,N/A
1 5 8 9 12,0.002934,27.9656,Yes,N/A,N/A,N/A,N/A,5,1 5,N/A,8,9,1 9,N/A,12
5 8 9,0.0102881,18.6221,Yes,N/A,N/A,N/A,N/A,5,N/A,N/A,8,9,N/A,N/A,N/A
1 5 8 9 11,0.00701113,25.6248,Yes,N/A,N/A,N/A,N/A,5,1 5,N/A,8,9,1 9,11,1 11
1 5 8 9 11 12,0.000894384,37.2264,Yes,N/A,N/A,N/A,N/A,5,1 5,N/A,8,9,1 9,11,12
5 8 9 12,0.00114312,30.0205,Yes,N/A,N/A,N/A,N/A,5,N/A,N/A,8,9,N/A,N/A,12
1 5 8 9 10,0.00980224,24.8327,Yes,N/A,N/A,N/A,N/A,5,1 5,N/A,8,9,10,1 10,N/A
1 5 8 9 10 12,0.00136142,35.8113,Yes,N/A,N/A,N/A,N/A,5,1 5,N/A,8,9,10,1 10,12
5 8 9 10,0.00342936,27.0602,Yes,N/A,N/A,N/A,N/A,5,N/A,N/A,8,9,10,N/A,N/A
1 5 8 9 10 11,0.00288161,34.3812,Yes,N/A,N/A,N/A,N/A,5,1 5,N/A,8,9,10,11,1 11
1 5 8 9 10 11 12,0.000440577,45.9728,Yes,N/A,N/A,N/A,N/A,5,1 5,N/A,8,9,10,11,12
5 9 11,0.00411523,22.404,Yes,N/A,N/A,N/A,N/A,5,N/A,N/A,N/A,9,N/A,11,N/A
5 9 11 12,0.000457247,33.8752,Yes,N/A,N/A,N/A,N/A,5,N/A,N/A,N/A,9,N/A,11,12
5 9 10 12,0.000685871,32.5187,Yes,N/A,N/A,N/A,N/A,5,N/A,N/A,N/A,9,10,N/A,12
5 9 10 11,0.00137174,31.0396,Yes,N/A,N/A,N/A,N/A,5,N/A,N/A,N/A,9,10,11,N/A
5 9 10 11 12,0.00019052,42.4068,Yes,N/A,N/A,N/A,N/A,5,N/A,N/A,N/A,9,10,11,12
1 5 7,0.087963,8.26543,Yes,N/A,N/A,N/A,N/A,5,1 5,7,1 7,N/A,N/A,N/A,5 7
1 5 7 12,0.00707305,19.901,Yes,N/A,N/A,N/A,N/A,5,1 5,7,1 7,N/A,N/A,N/A,12
5 7,0.0648148,9.72222,Yes,N/A,N/A,N/A,N/A,5,N/A,7,N/A,N/A,N/A,N/A,5 7
1 5 7 11,0.0180041,17.7775,Yes,N/A,N/A,N/A,N/A,5,1 5,7,1 7,N/A,N/A,11,1 11
1 5 7 11 12,0.0017504,29.4826,Yes,N/A,N/A,N/A,N/A,5,1 5,7,1 7,N/A,N/A,11,12
5 7 12,0.00385802,21.5478,Yes,N/A,N/A,N/A,N/A,5,N/A,7,N/A,N/A,N/A,N/A,12
1 5 7 10,0.0308642,15.446,Yes,N/A,N/A,N/A,N/A,5,1 5,7,1 7,N/A,10,1 10,5 7
1 5 7 10 12,0.00316144,26.9377,Yes,N/A,N/A,N/A,N/A,5,1 5,7,1 7,N/A,10,1 10,12
5 7 10,0.0138889,18.3951,Yes,N/A,N/A,N/A,N/A,5,N/A,7,N/A,N/A,10,N/A,5 7
1 5 7 10 11,0.00677298,25.4997,Yes,N/A,N/A,N/A,N/A,5,1 5,7,1 7,N/A,10,11,1 11
1 5 7 10 11 12,0.000833524,37.1108,Yes,N/A,N/A,N/A,N/A,5,1 5,7,1 7,N/A,10,11,12
5 7 11,0.00925926,19.7629,Yes,N/A,N/A,N/A,N/A,5,N/A,7,N/A,N/A,N/A,11,5 7
5 7 11 12,0.000814472,31.5559,Yes,N/A,N/A,N/A,N/A,5,N/A,7,N/A,N/A,N/A,11,12
1 5 7 9,0.0426955,13.6432,Yes,N/A,N/A,N/A,N/A,5,1 5,7,1 7,9,1 9,N/A,5 7
1 5 7 9 12,0.00435099,25.0911,Yes,N/A,N/A,N/A,N/A,5,1 5,7,1 7,9,1 9,N/A,12
5 7 9,0.0185185,17.1019,Yes,N/A,N/A,N/A,N/A,5,N/A,7,N/A,9,N/A,N/A,5 7
1 5 7 9 11,0.0104595,22.5401,Yes,N/A,N/A,N/A,N/A,5,1 5,7,1 7,9,1 9,11,1 11
1 5 7 9 11 12,0.00128998,34.0463,Yes,N/A,N/A,N/A,N/A,5,1 5,7,1 7,9,1 9,11,12
5 7 9 12,0.00162894,28.8667,Yes,N/A,N/A,N/A,N/A,5,N/A,7,N/A,9,N/A,N/A,12
1 5 7 9 10,0.0154107,21.2041,Yes,N/A,N/A,N/A,N/A,5,1 5,7,1 7,9,10,1 10,5 7
1 5 7 9 10 12,0.00198498,32.4897,Yes,N/A,N/A,N/A,N/A,5,1 5,7,1 7,9,10,1 10,12
5 7 9 10,0.00565844,25.4213,Yes,N/A,N/A,N/A,N/A,5,N/A,7,N/A,9,10,N/A,5 7
1 5 7 9 10 11,0.00421882,30.8642,Yes,N/A,N/A,N/A,N/A,5,1 5,7,1 7,9,10,11,1 11
1 5 7 9 10 11 12,0.000631328,42.2979,Yes,N/A,N/A,N/A,N/A,5,1 5,7,1 7,9,10,11,12
5 7 10 12,0.00122171,30.1735,Yes,N/A,N/A,N/A,N/A,5,N/A,7,N/A,N/A,10,N/A,12
5 7 10 11,0.00282922,28.2431,Yes,N/A,N/A,N/A,N/A,5,N/A,7,N/A,N/A,10,11,5 7
5 7 10 11 12,0.000328647,39.9775,Yes,N/A,N/A,N/A,N/A,5,N/A,7,N/A,N/A,10,11,12
1 5 7 8,0.0480967,13.5203,Yes,N/A,N/A,N/A,N/A,5,1 5,7,8,1 8,N/A,N/A,5 7
1 5 7 8 12,0.0048261,25.0473,Yes,N/A,N/A,N/A,N/A,5,1 5,7,8,1 8,N/A,N/A,12
5 7 8,0.0231481,15.8832,Yes,N/A,N/A,N/A,N/A,5,N/A,7,8,N/A,N/A,N/A,5 7
1 5 7 8 11,0.0118599,22.5092,Yes,N/A,N/A,N/A,N/A,5,1 5,7,8,1 8,N/A,11,1 11
1 5 7 8 11 12,0.00144081,34.1123,Yes,N/A,N/A,N/A,N/A,5,1 5,7,8,1 8,N/A,11,12
5 7 8 12,0.00203618,27.6355,Yes,N/A,N/A,N/A,N/A,5,N/A,7,8,N/A,N/A,N/A,12
1 5 7 8 10,0.020126,19.7075,Yes,N/A,N/A,N/A,N/A,5,1 5,7,8,1 8,10,1 10,5 7
1 5 7 8 10 12,0.00253272,31.0316,Yes,N/A,N/A,N/A,N/A,5,1 5,7,8,1 8,10,1 10,12
5 7 8 10,0.00707305,24.1343,Yes,N/A,N/A,N/A,N/A,5,N/A,7,8,N/A,10,N/A,5 7
1 5 7 8 10 11,0.00542029,29.3279,Yes,N/A,N/A,N/A,N/A,5,1 5,7,8,1 8,10,11,1 11
1 5 7 8 10 11 12,0.000802432,40.7863,Yes,N/A,N/A,N/A,N/A,5,1 5,7,8,1 8,10,11,12
5 7 8 11,0.00471536,25.6294,Yes,N/A,N/A,N/A,N/A,5,N/A,7,8,N/A,N/A,11,5 7
5 7 8 11 12,0.000547744,37.331,Yes,N/A,N/A,N/A,N/A,5,N/A,7,8,N/A,N/A,11,12
1 5 7 8 9,0.0238483,19.4303,Yes,N/A,N/A,N/A,N/A,5,1 5,7,8,9,1 9,N/A,5 7
1 5 7 8 9 12,0.00303006,30.7627,Yes,N/A,N/A,N/A,N/A,5,1 5,7,8,9,1 9,N/A,12
5 7 8 9,0.00943073,22.727,Yes,N/A,N/A,N/A,N/A,5,N/A,7,8,9,N/A,N/A,5 7
1 5 7 8 9 11,0.0072461,27.756,Yes,N/A,N/A,N/A,N/A,5,1 5,7,8,9,1 9,11,1 11
1 5 7 8 9 11 12,0.00107469,39.1814,Yes,N/A,N/A,N/A,N/A,5,1 5,7,8,9,1 9,11,12
5 7 8 9 12,0.00109549,34.3841,Yes,N/A,N/A,N/A,N/A,5,N/A,7,8,9,N/A,N/A,12
1 5 7 8 9 10,0.0107382,26.3562,Yes,N/A,N/A,N/A,N/A,5,1 5,7,8,9,10,1 10,5 7
1 5 7 8 9 10 12,0.00165564,37.4704,Yes,N/A,N/A,N/A,N/A,5,1 5,7,8,9,10,1 10,12
5 7 8 9 10,0.00371513,30.4534,Yes,N/A,N/A,N/A,N/A,5,N/A,7,8,9,10,N/A,5 7
1 5 7 8 9 10 11,0.0035185,35.6803,Yes,N/A,N/A,N/A,N/A,5,1 5,7,8,9,10,11,1 11
1 5 7 8 9 10 11 12,0.000614002,47.0276,Yes,N/A,N/A,N/A,N/A,5,1 5,7,8,9,10,11,12
5 8 10 12,0.000857339,31.317,Yes,N/A,N/A,N/A,N/A,5,N/A,N/A,8,N/A,10,N/A,12
5 8 10 11,0.00171468,29.8195,Yes,N/A,N/A,N/A,N/A,5,N/A,N/A,8,N/A,10,11,N/A
5 8 10 11 12,0.00023815,41.1617,Yes,N/A,N/A,N/A,N/A,5,N/A,N/A,8,N/A,10,11,12
5 8 9 11,0.00228624,28.4998,Yes,N/A,N/A,N/A,N/A,5,N/A,N/A,8,9,N/A,11,N/A
5 8 9 11 12,0.000317533,39.8109,Yes,N/A,N/A,N/A,N/A,5,N/A,N/A,8,9,N/A,11,12
5 8 9 10 12,0.000476299,38.3323,Yes,N/A,N/A,N/A,N/A,5,N/A,N/A,8,9,10,N/A,12
5 8 9 10 11,0.000952599,36.6947,Yes,N/A,N/A,N/A,N/A,5,N/A,N/A,8,9,10,11,N/A
5 8 9 10 11 12,0.000158766,47.852,Yes,N/A,N/A,N/A,N/A,5,N/A,N/A,8,9,10,11,12
1 5 6,0.0985082,7.97788,Yes,N/A,N/A,N/A,N/A,5,6,1 6,N/A,N/A,N/A,5 6,1 5 6
1 5 6 12,0.00640861,19.6794,Yes,N/A,N/A,N/A,N/A,5,6,1 6,N/A,N/A,N/A,5 6,12
5 6,0.0864198,8.83025,Yes,N/A,N/A,N/A,N/A,5,6,N/A,N/A,N/A,N/A,5 6,N/A
1 5 6 11,0.016418,18.2735,Yes,N/A,N/A,N/A,N/A,5,6,1 6,N/A,N/A,N/A,11,1 11
1 5 6 11 12,0.00145271,30.0772,Yes,N/A,N/A,N/A,N/A,5,6,1 6,N/A,N/A,N/A,11,12
5 6 12,0.00565844,20.3198,Yes,N/A,N/A,N/A,N/A,5,6,N/A,N/A,N/A,N/A,5 6,12
1 5 6 10,0.0289995,16.036,Yes,N/A,N/A,N/A,N/A,5,6,1 6,N/A,N/A,10,1 10,1 5 6
1 5 6 10 12,0.0027935,27.6149,Yes,N/A,N/A,N/A,N/A,5,6,1 6,N/A,N/A,10,1 10,12
5 6 10,0.0169753,17.5216,Yes,N/A,N/A,N/A,N/A,5,6,N/A,N/A,N/A,10,5 6,N/A
1 5 6 10 11,0.00587277,26.3504,Yes,N/A,N/A,N/A,N/A,5,6,1 6,N/A,N/A,10,11,1 11
1 5 6 10 11 12,0.00068468,38.0896,Yes,N/A,N/A,N/A,N/A,5,6,1 6,N/A,N/A,10,11,12
5 6 11,0.00823045,19.5286,Yes,N/A,N/A,N/A,N/A,5,6,N/A,N/A,N/A,N/A,11,N/A
5 6 11 12,0.000828761,30.9884,Yes,N/A,N/A,N/A,N/A,5,6,N/A,N/A,N/A,N/A,11,12
1 5 6 9,0.0456962,13.591,Yes,N/A,N/A,N/A,N/A,5,6,1 6,N/A,9,1 9,5 6,1 5 6
1 5 6 9 12,0.00433432,25.0741,Yes,N/A,N/A,N/A,N/A,5,6,1 6,N/A,9,1 9,5 6,12
5 6 9,0.0226337,16.2339,Yes,N/A,N/A,N/A,N/A,5,6,N/A,N/A,9,N/A,5 6,N/A
1 5 6 9 11,0.0093831,23.5361,Yes,N/A,N/A,N/A,N/A,5,6,1 6,N/A,9,1 9,11,1 11
1 5 6 9 11 12,0.00111189,35.1521,Yes,N/A,N/A,N/A,N/A,5,6,1 6,N/A,9,1 9,11,12
5 6 9 12,0.00217193,27.5975,Yes,N/A,N/A,N/A,N/A,5,6,N/A,N/A,9,N/A,5 6,12
1 5 6 9 10,0.0140032,22.2332,Yes,N/A,N/A,N/A,N/A,5,6,1 6,N/A,9,10,1 10,1 5 6
1 5 6 9 10 12,0.00175913,33.6353,Yes,N/A,N/A,N/A,N/A,5,6,1 6,N/A,9,10,1 10,12
5 6 9 10,0.00651578,24.579,Yes,N/A,N/A,N/A,N/A,5,6,N/A,N/A,9,10,5 6,N/A
1 5 6 9 10 11,0.00361273,32.2572,Yes,N/A,N/A,N/A,N/A,5,6,1 6,N/A,9,10,11,1 11
1 5 6 9 10 11 12,0.000522937,43.8684,Yes,N/A,N/A,N/A,N/A,5,6,1 6,N/A,9,10,11,12
5 6 10 12,0.00162894,28.9128,Yes,N/A,N/A,N/A,N/A,5,6,N/A,N/A,N/A,10,5 6,12
5 6 10 11,0.00248628,28.1366,Yes,N/A,N/A,N/A,N/A,5,6,N/A,N/A,N/A,10,11,N/A
5 6 10 11 12,0.000323884,39.4875,Yes,N/A,N/A,N/A,N/A,5,6,N/A,N/A,N/A,10,11,12
1 5 6 8,0.0585348,12.0005,Yes,N/A,N/A,N/A,N/A,5,6,1 6,8,1 8,N/A,5 6,1 5 6
1 5 6 8 12,0.00555365,23.4343,Yes,N/A,N/A,N/A,N/A,5,6,1 6,8,1 8,N/A,5 6,12
5 6 8,0.0282922,15.0204,Yes,N/A,N/A,N/A,N/A,5,6,N/A,8,N/A,N/A,5 6,N/A
1 5 6 8 11,0.0119361,21.87,Yes,N/A,N/A,N/A,N/A,5,6,1 6,8,1 8,N/A,11,1 11
1 5 6 8 11 12,0.00141686,33.4388,Yes,N/A,N/A,N/A,N/A,5,6,1 6,8,1 8,N/A,11,12
5 6 8 12,0.00271491,26.3591,Yes,N/A,N/A,N/A,N/A,5,6,N/A,8,N/A,N/A,5 6,12
1 5 6 8 10,0.020419,19.0706,Yes,N/A,N/A,N/A,N/A,5,6,1 6,8,1 8,10,1 10,1 5 6
1 5 6 8 10 12,0.00257341,30.2956,Yes,N/A,N/A,N/A,N/A,5,6,1 6,8,1 8,10,1 10,12
5 6 8 10,0.00814472,23.2987,Yes,N/A,N/A,N/A,N/A,5,6,N/A,8,N/A,10,5 6,N/A
1 5 6 8 10 11,0.0051738,28.8487,Yes,N/A,N/A,N/A,N/A,5,6,1 6,8,1 8,10,11,1 11
1 5 6 8 10 11 12,0.000759102,40.2701,Yes,N/A,N/A,N/A,N/A,5,6,1 6,8,1 8,10,11,12
5 6 8 11,0.0041438,25.5898,Yes,N/A,N/A,N/A,N/A,5,6,N/A,8,N/A,N/A,11,N/A
5 6 8 11 12,0.000539806,36.8821,Yes,N/A,N/A,N/A,N/A,5,6,N/A,8,N/A,N/A,11,12
1 5 6 8 9,0.0273015,17.8206,Yes,N/A,N/A,N/A,N/A,5,6,1 6,8,9,1 9,5 6,1 5 6
1 5 6 8 9 12,0.0033894,29.0361,Yes,N/A,N/A,N/A,N/A,5,6,1 6,8,9,1 9,5 6,12
5 6 8 9,0.0108596,21.8996,Yes,N/A,N/A,N/A,N/A,5,6,N/A,8,9,N/A,5 6,N/A
1 5 6 8 9 11,0.00710586,27.2331,Yes,N/A,N/A,N/A,N/A,5,6,1 6,8,9,1 9,11,1 11
1 5 6 8 9 11 12,0.00104168,38.6233,Yes,N/A,N/A,N/A,N/A,5,6,1 6,8,9,1 9,11,12
5 6 8 9 12,0.00136539,33.0533,Yes,N/A,N/A,N/A,N/A,5,6,N/A,8,9,N/A,5 6,12
1 5 6 8 9 10,0.010577,25.7537,Yes,N/A,N/A,N/A,N/A,5,6,1 6,8,9,10,1 10,1 5 6
1 5 6 8 9 10 12,0.00163662,36.8188,Yes,N/A,N/A,N/A,N/A,5,6,1 6,8,9,10,1 10,12
5 6 8 9 10,0.00409617,29.6651,Yes,N/A,N/A,N/A,N/A,5,6,N/A,8,9,10,5 6,N/A
1 5 6 8 9 10 11,0.00332278,35.2156,Yes,N/A,N/A,N/A,N/A,5,6,1 6,8,9,10,11,1 11
1 5 6 8 9 10 11 12,0.000574746,46.5653,Yes,N/A,N/A,N/A,N/A,5,6,1 6,8,9,10,11,12
5 6 9 11,0.00331504,26.825,Yes,N/A,N/A,N/A,N/A,5,6,N/A,N/A,9,N/A,11,N/A
5 6 9 11 12,0.000431845,38.1452,Yes,N/A,N/A,N/A,N/A,5,6,N/A,N/A,9,N/A,11,12
5 6 9 10 12,0.000819235,35.8066,Yes,N/A,N/A,N/A,N/A,5,6,N/A,N/A,9,10,5 6,12
5 6 9 10 11,0.00129553,35.048,Yes,N/A,N/A,N/A,N/A,5,6,N/A,N/A,9,10,11,N/A
5 6 9 10 11 12,0.000206396,46.2157,Yes,N/A,N/A,N/A,N/A,5,6,N/A,N/A,9,10,11,12
1 5 6 7,0.0634002,12.1437,Yes,N/A,N/A,N/A,N/A,5,6,7,1 7,N/A,N/A,5 6,5 7
1 5 6 7 12,0.00579775,23.7408,Yes,N/A,N/A,N/A,N/A,5,6,7,1 7,N/A,N/A,5 6,12
5 6 7,0.0416667,13.4784,Yes,N/A,N/A,N/A,N/A,5,6,7,N/A,N/A,N/A,5 6,5 7
1 5 6 7 11,0.0128601,22.2638,Yes,N/A,N/A,N/A,N/A,5,6,7,1 7,N/A,N/A,11,1 11
1 5 6 7 11 12,0.00145589,33.9769,Yes,N/A,N/A,N/A,N/A,5,6,7,1 7,N/A,N/A,11,12
5 6 7 12,0.00357939,25.1851,Yes,N/A,N/A,N/A,N/A,5,6,7,N/A,N/A,N/A,5 6,12
1 5 6 7 10,0.0232982,19.3696,Yes,N/A,N/A,N/A,N/A,5,6,7,1 7,N/A,10,1 10,5 7
1 5 6 7 10 12,0.00278397,30.843,Yes,N/A,N/A,N/A,N/A,5,6,7,1 7,N/A,10,1 10,12
5 6 7 10,0.0117027,21.6289,Yes,N/A,N/A,N/A,N/A,5,6,7,N/A,N/A,10,5 6,5 7
1 5 6 7 10 11,0.00565129,29.5144,Yes,N/A,N/A,N/A,N/A,5,6,7,1 7,N/A,10,11,1 11
1 5 6 7 10 11 12,0.000794494,41.124,Yes,N/A,N/A,N/A,N/A,5,6,7,1 7,N/A,10,11,12
5 6 7 11,0.00625857,23.98,Yes,N/A,N/A,N/A,N/A,5,6,7,N/A,N/A,N/A,11,5 7
5 6 7 11 12,0.000719212,35.6833,Yes,N/A,N/A,N/A,N/A,5,6,7,N/A,N/A,N/A,11,12
1 5 6 7 9,0.0366512,16.2885,Yes,N/A,N/A,N/A,N/A,5,6,7,1 7,9,1 9,5 6,5 7
1 5 6 7 9 12,0.00433671,27.6282,Yes,N/A,N/A,N/A,N/A,5,6,7,1 7,9,1 9,5 6,12
5 6 7 9,0.0156036,20.1963,Yes,N/A,N/A,N/A,N/A,5,6,7,N/A,9,N/A,5 6,5 7
1 5 6 7 9 11,0.00898301,25.9174,Yes,N/A,N/A,N/A,N/A,5,6,7,1 7,9,1 9,11,1 11
1 5 6 7 9 11 12,0.00127421,37.3722,Yes,N/A,N/A,N/A,N/A,5,6,7,1 7,9,1 9,11,12
5 6 7 9 12,0.00178136,31.7921,Yes,N/A,N/A,N/A,N/A,5,6,7,N/A,9,N/A,5 6,12
1 5 6 7 9 10,0.0139151,24.1939,Yes,N/A,N/A,N/A,N/A,5,6,7,1 7,9,10,1 10,5 7
1 5 6 7 9 10 12,0.00204858,35.4118,Yes,N/A,N/A,N/A,N/A,5,6,7,1 7,9,10,1 10,12
5 6 7 9 10,0.00577275,27.7833,Yes,N/A,N/A,N/A,N/A,5,6,7,N/A,9,10,5 6,5 7
1 5 6 7 9 10 11,0.00412379,33.9058,Yes,N/A,N/A,N/A,N/A,5,6,7,1 7,9,10,11,1 11
1 5 6 7 9 10 11 12,0.000694024,45.2989,Yes,N/A,N/A,N/A,N/A,5,6,7,1 7,9,10,11,12
5 6 7 10 12,0.00133602,33.2497,Yes,N/A,N/A,N/A,N/A,5,6,7,N/A,N/A,10,5 6,12
5 6 7 10 11,0.00237197,31.9794,Yes,N/A,N/A,N/A,N/A,5,6,7,N/A,N/A,10,11,5 7
5 6 7 10 11 12,0.000339363,43.5895,Yes,N/A,N/A,N/A,N/A,5,6,7,N/A,N/A,10,11,12
1 5 6 7 8,0.040002,16.4972,Yes,N/A,N/A,N/A,N/A,5,6,7,8,1 8,N/A,5 6,5 7
1 5 6 7 8 12,0.00467885,27.9637,Yes,N/A,N/A,N/A,N/A,5,6,7,8,1 8,N/A,5 6,12
5 6 7 8,0.0195045,18.8558,Yes,N/A,N/A,N/A,N/A,5,6,7,8,N/A,N/A,5 6,5 7
1 5 6 7 8 11,0.010065,26.1786,Yes,N/A,N/A,N/A,N/A,5,6,7,8,1 8,N/A,11,1 11
1 5 6 7 8 11 12,0.00140563,37.7796,Yes,N/A,N/A,N/A,N/A,5,6,7,8,1 8,N/A,11,12
5 6 7 8 12,0.0022267,30.4283,Yes,N/A,N/A,N/A,N/A,5,6,7,8,N/A,N/A,5 6,12
1 5 6 7 8 10,0.0178041,22.5366,Yes,N/A,N/A,N/A,N/A,5,6,7,8,1 8,10,1 10,5 7
1 5 6 7 8 10 12,0.0025869,33.8134,Yes,N/A,N/A,N/A,N/A,5,6,7,8,1 8,10,1 10,12
5 6 7 8 10,0.00721594,26.3306,Yes,N/A,N/A,N/A,N/A,5,6,7,8,N/A,10,5 6,5 7
1 5 6 7 8 10 11,0.00525087,32.1931,Yes,N/A,N/A,N/A,N/A,5,6,7,8,1 8,10,11,1 11
1 5 6 7 8 10 11 12,0.000877626,43.6257,Yes,N/A,N/A,N/A,N/A,5,6,7,8,1 8,10,11,12
5 6 7 8 11,0.00395328,29.1221,Yes,N/A,N/A,N/A,N/A,5,6,7,8,N/A,N/A,11,5 7
5 6 7 8 11 12,0.000565605,40.6794,Yes,N/A,N/A,N/A,N/A,5,6,7,8,N/A,N/A,11,12
1 5 6 7 8 9,0.0236308,21.294,Yes,N/A,N/A,N/A,N/A,5,6,7,8,9,1 9,5 6,5 7
1 5 6 7 8 9 12,0.00342373,32.505,Yes,N/A,N/A,N/A,N/A,5,6,7,8,9,1 9,5 6,12
5 6 7 8 9,0.00962125,24.7111,Yes,N/A,N/A,N/A,N/A,5,6,7,8,9,N/A,5 6,5 7
1 5 6 7 8 9 11,0.00721594,30.3584,Yes,N/A,N/A,N/A,N/A,5,6,7,8,9,1 9,11,1 11
1 5 6 7 8 9 11 12,0.00120775,41.7434,Yes,N/A,N/A,N/A,N/A,5,6,7,8,9,1 9,11,12
5 6 7 8 9 12,0.00136936,36.1045,Yes,N/A,N/A,N/A,N/A,5,6,7,8,9,N/A,5 6,12
1 5 6 7 8 9 10,0.0110452,28.5672,Yes,N/A,N/A,N/A,N/A,5,6,7,8,9,10,1 10,5 7
1 5 6 7 8 9 10 12,0.00191653,39.6187,Yes,N/A,N/A,N/A,N/A,5,6,7,8,9,10,1 10,12
5 6 7 8 9 10,0.00440577,31.3167,Yes,N/A,N/A,N/A,N/A,5,6,7,8,9,10,5 6,5 7
1 5 6 7 8 9 10 11,0.00390534,37.8505,Yes,N/A,N/A,N/A,N/A,5,6,7,8,9,10,11,1 11
1 5 6 7 8 9 10 11 12,0.000755963,49.1931,Yes,N/A,N/A,N/A,N/A,5,6,7,8,9,10,11,12
6 8 10 12,0.00107167,31.8758,Yes,N/A,N/A,N/A,N/A,N/A,6,N/A,8,N/A,10,N/A,12
6 8 10 11,0.00214335,30.351,Yes,N/A,N/A,N/A,N/A,N/A,6,N/A,8,N/A,10,11,N/A
6 8 10 11 12,0.000297687,41.6577,Yes,N/A,N/A,N/A,N/A,N/A,6,N/A,8,N/A,10,11,12
6 8 9 11,0.0028578,29.0103,Yes,N/A,N/A,N/A,N/A,N/A,6,N/A,8,9,N/A,11,N/A
6 8 9 11 12,0.000396916,40.2835,Yes,N/A,N/A,N/A,N/A,N/A,6,N/A,8,9,N/A,11,12
6 8 9 10 12,0.000595374,38.7754,Yes,N/A,N/A,N/A,N/A,N/A,6,N/A,8,9,10,N/A,12
6 8 9 10 11,0.00119075,37.1002,Yes,N/A,N/A,N/A,N/A,N/A,6,N/A,8,9,10,11,N/A
6 8 9 10 11 12,0.000198458,48.208,Yes,N/A,N/A,N/A,N/A,N/A,6,N/A,8,9,10,11,12
6 7 9 11,0.00342936,27.8356,Yes,N/A,N/A,N/A,N/A,N/A,6,7,N/A,9,N/A,11,N/A
6 7 9 11 12,0.000476299,39.0829,Yes,N/A,N/A,N/A,N/A,N/A,6,7,N/A,9,N/A,11,12
6 7 9 10 12,0.000714449,37.5564,Yes,N/A,N/A,N/A,N/A,N/A,6,7,N/A,9,10,N/A,12
6 7 9 10 11,0.0014289,35.8559,Yes,N/A,N/A,N/A,N/A,N/A,6,7,N/A,9,10,11,N/A
6 7 9 10 11 12,0.00023815,46.9288,Yes,N/A,N/A,N/A,N/A,N/A,6,7,N/A,9,10,11,12
6 7 8 10 12,0.000893061,36.2291,Yes,N/A,N/A,N/A,N/A,N/A,6,7,8,N/A,10,N/A,12
6 7 8 10 11,0.00178612,34.4973,Yes,N/A,N/A,N/A,N/A,N/A,6,7,8,N/A,10,11,N/A
6 7 8 10 11 12,0.000297687,45.5271,Yes,N/A,N/A,N/A,N/A,N/A,6,7,8,N/A,10,11,12
6 7 8 9 11,0.0023815,33.0002,Yes,N/A,N/A,N/A,N/A,N/A,6,7,8,9,N/A,11,N/A
6 7 8 9 11 12,0.000396916,43.9767,Yes,N/A,N/A,N/A,N/A,N/A,6,7,8,9,N/A,11,12
6 7 8 9 10 12,0.000595374,42.2412,Yes,N/A,N/A,N/A,N/A,N/A,6,7,8,9,10,N/A,12
6 7 8 9 10 11,0.00119075,40.2678,Yes,N/A,N/A,N/A,N/A,N/A,6,7,8,9,10,11,N/A
6 7 8 9 10 11 12,0.000231534,50.9739,Yes,N/A,N/A,N/A,N/A,N/A,6,7,8,9,10,11,12
1 4,0.125,4.09722,Yes,N/A,N/A,N/A,4,1 4,N/A,N/A,N/A,N/A,N/A,N/A,N/A
1 4 12,0.00694444,15.6875,Yes,N/A,N/A,N/A,4,1 4,N/A,N/A,N/A,N/A,N/A,N/A,12
4,0.0833333,3.66667,Yes,N/A,N/A,N/A,4,N/A,N/A,N/A,N/A,N/A,N/A,N/A,N/A
1 4 11,0.0185185,13.9599,Yes,N/A,N/A,N/A,4,1 4,N/A,N/A,N/A,N/A,N/A,11,1 11
1 4 11 12,0.00135031,25.8457,Yes,N/A,N/A,N/A,4,1 4,N/A,N/A,N/A,N/A,N/A,11,12
4 12,0.00462963,15.2963,Yes,N/A,N/A,N/A,4,N/A,N/A,N/A,N/A,N/A,N/A,N/A,12
1 4 10,0.0300926,12.3588,Yes,N/A,N/A,N/A,4,1 4,N/A,N/A,N/A,N/A,10,1 10,N/A
1 4 10 12,0.00250772,23.8208,Yes,N/A,N/A,N/A,4,1 4,N/A,N/A,N/A,N/A,10,1 10,12
4 10,0.0138889,12.7361,Yes,N/A,N/A,N/A,4,N/A,N/A,N/A,N/A,N/A,10,N/A,N/A
1 4 10 11,0.00540123,22.6467,Yes,N/A,N/A,N/A,4,1 4,N/A,N/A,N/A,N/A,10,11,1 11
1 4 10 11 12,0.000535837,34.497,Yes,N/A,N/A,N/A,4,1 4,N/A,N/A,N/A,N/A,10,11,12
4 11,0.00925926,13.9861,Yes,N/A,N/A,N/A,4,N/A,N/A,N/A,N/A,N/A,N/A,11,N/A
4 11 12,0.000771605,25.5733,Yes,N/A,N/A,N/A,4,N/A,N/A,N/A,N/A,N/A,N/A,11,12
1 4 9,0.0416667,10.8843,Yes,N/A,N/A,N/A,4,1 4,N/A,N/A,N/A,9,1 9,N/A,N/A
1 4 9 12,0.00347222,22.3078,Yes,N/A,N/A,N/A,4,1 4,N/A,N/A,N/A,9,1 9,N/A,12
4 9,0.0185185,11.5463,Yes,N/A,N/A,N/A,4,N/A,N/A,N/A,N/A,9,N/A,N/A,N/A
1 4 9 11,0.00848765,20.3605,Yes,N/A,N/A,N/A,4,1 4,N/A,N/A,N/A,9,1 9,11,1 11
1 4 9 11 12,0.000857339,32.1338,Yes,N/A,N/A,N/A,4,1 4,N/A,N/A,N/A,9,1 9,11,12
4 9 12,0.00154321,23.0983,Yes,N/A,N/A,N/A,4,N/A,N/A,N/A,N/A,9,N/A,N/A,12
1 4 9 10,0.011767,19.5748,Yes,N/A,N/A,N/A,4,1 4,N/A,N/A,N/A,9,10,1 10,N/A
1 4 9 10 12,0.00130744,30.8913,Yes,N/A,N/A,N/A,4,1 4,N/A,N/A,N/A,9,10,1 10,12
4 9 10,0.00462963,20.4043,Yes,N/A,N/A,N/A,4,N/A,N/A,N/A,N/A,9,10,N/A,N/A
1 4 9 10 11,0.00278635,29.6485,Yes,N/A,N/A,N/A,4,1 4,N/A,N/A,N/A,9,10,11,1 11
1 4 9 10 11 12,0.000351271,41.4331,Yes,N/A,N/A,N/A,4,1 4,N/A,N/A,N/A,9,10,11,12
4 10 12,0.00115741,24.3048,Yes,N/A,N/A,N/A,4,N/A,N/A,N/A,N/A,N/A,10,N/A,12
4 10 11,0.00231481,22.939,Yes,N/A,N/A,N/A,4,N/A,N/A,N/A,N/A,N/A,10,11,N/A
4 10 11 12,0.000257202,34.4544,Yes,N/A,N/A,N/A,4,N/A,N/A,N/A,N/A,N/A,10,11,12
1 4 8,0.0578704,9.1983,Yes,N/A,N/A,N/A,4,1 4,N/A,N/A,8,1 8,N/A,N/A,4 8
1 4 8 12,0.00456533,20.9159,Yes,N/A,N/A,N/A,4,1 4,N/A,N/A,8,1 8,N/A,N/A,12
4 8,0.0509259,10.0833,Yes,N/A,N/A,N/A,4,N/A,N/A,N/A,8,N/A,N/A,N/A,4 8
1 4 8 11,0.0118313,18.9037,Yes,N/A,N/A,N/A,4,1 4,N/A,N/A,8,1 8,N/A,11,1 11
1 4 8 11 12,0.00112883,30.6757,Yes,N/A,N/A,N/A,4,1 4,N/A,N/A,8,1 8,N/A,11,12
4 8 12,0.00270062,21.9444,Yes,N/A,N/A,N/A,4,N/A,N/A,N/A,8,N/A,N/A,N/A,12
1 4 8 10,0.0210262,16.6711,Yes,N/A,N/A,N/A,4,1 4,N/A,N/A,8,1 8,10,1 10,4 8
1 4 8 10 12,0.00206833,28.2779,Yes,N/A,N/A,N/A,4,1 4,N/A,N/A,8,1 8,10,1 10,12
4 8 10,0.0104167,18.8511,Yes,N/A,N/A,N/A,4,N/A,N/A,N/A,8,N/A,10,N/A,4 8
1 4 8 10 11,0.00445816,26.9168,Yes,N/A,N/A,N/A,4,1 4,N/A,N/A,8,1 8,10,11,1 11
1 4 8 10 11 12,0.000538814,38.617,Yes,N/A,N/A,N/A,4,1 4,N/A,N/A,8,1 8,10,11,12
4 8 11,0.00694444,20.1911,Yes,N/A,N/A,N/A,4,N/A,N/A,N/A,8,N/A,N/A,11,4 8
4 8 11 12,0.00055727,32.0267,Yes,N/A,N/A,N/A,4,N/A,N/A,N/A,8,N/A,N/A,11,12
1 4 8 9,0.026106,16.209,Yes,N/A,N/A,N/A,4,1 4,N/A,N/A,8,9,1 9,N/A,4 8
1 4 8 9 12,0.00250772,27.873,Yes,N/A,N/A,N/A,4,1 4,N/A,N/A,8,9,1 9,N/A,12
4 8 9,0.0138889,17.5818,Yes,N/A,N/A,N/A,4,N/A,N/A,N/A,8,9,N/A,N/A,4 8
1 4 8 9 11,0.00625857,25.568,Yes,N/A,N/A,N/A,4,1 4,N/A,N/A,8,9,1 9,11,1 11
1 4 8 9 11 12,0.000742233,37.2897,Yes,N/A,N/A,N/A,4,1 4,N/A,N/A,8,9,1 9,11,12
4 8 9 12,0.00111454,29.3953,Yes,N/A,N/A,N/A,4,N/A,N/A,N/A,8,9,N/A,N/A,12
1 4 8 9 10,0.00943073,24.3447,Yes,N/A,N/A,N/A,4,1 4,N/A,N/A,8,9,10,1 10,4 8
1 4 8 9 10 12,0.00115443,35.9104,Yes,N/A,N/A,N/A,4,1 4,N/A,N/A,8,9,10,1 10,12
4 8 9 10,0.00411523,26.0328,Yes,N/A,N/A,N/A,4,N/A,N/A,N/A,8,9,10,N/A,4 8
1 4 8 9 10 11,0.00248628,34.5033,Yes,N/A,N/A,N/A,4,1 4,N/A,N/A,8,9,10,11,1 11
1 4 8 9 10 11 12,0.000360433,46.2075,Yes,N/A,N/A,N/A,4,1 4,N/A,N/A,8,9,10,11,12
4 9 11,0.00308642,21.7176,Yes,N/A,N/A,N/A,4,N/A,N/A,N/A,N/A,9,N/A,11,N/A
4 9 11 12,0.000342936,33.213,Yes,N/A,N/A,N/A,4,N/A,N/A,N/A,N/A,9,N/A,11,12
4 9 10 12,0.000514403,31.8749,Yes,N/A,N/A,N/A,4,N/A,N/A,N/A,N/A,9,10,N/A,12
4 9 10 11,0.00102881,30.4195,Yes,N/A,N/A,N/A,4,N/A,N/A,N/A,N/A,9,10,11,N/A
4 9 10 11 12,0.00014289,41.8178,Yes,N/A,N/A,N/A,4,N/A,N/A,N/A,N/A,9,10,11,12
1 4 7,0.101852,7.36111,Yes,N/A,N/A,N/A,4,1 4,N/A,7,1 7,N/A,N/A,4 7,1 4 7
1 4 7 12,0.00668724,19.0168,Yes,N/A,N/A,N/A,4,1 4,N/A,7,1 7,N/A,N/A,4 7,12
4 7,0.0833333,8.73611,Yes,N/A,N/A,N/A,4,N/A,N/A,7,N/A,N/A,N/A,4 7,N/A
1 4 7 11,0.0167181,17.5692,Yes,N/A,N/A,N/A,4,1 4,N/A,7,1 7,N/A,N/A,11,1 11
1 4 7 11 12,0.00150034,29.3206,Yes,N/A,N/A,N/A,4,1 4,N/A,7,1 7,N/A,N/A,11,12
4 7 12,0.00540123,20.2245,Yes,N/A,N/A,N/A,4,N/A,N/A,7,N/A,N/A,N/A,4 7,12
1 4 7 10,0.029321,15.2944,Yes,N/A,N/A,N/A,4,1 4,N/A,7,1 7,N/A,10,1 10,1 4 7
1 4 7 10 12,0.00282922,26.8165,Yes,N/A,N/A,N/A,4,1 4,N/A,7,1 7,N/A,10,1 10,12
4 7 10,0.0162037,17.4236,Yes,N/A,N/A,N/A,4,N/A,N/A,7,N/A,N/A,10,4 7,N/A
1 4 7 10 11,0.00591564,25.502,Yes,N/A,N/A,N/A,4,1 4,N/A,7,1 7,N/A,10,11,1 11
1 4 7 10 11 12,0.000696588,37.1748,Yes,N/A,N/A,N/A,4,1 4,N/A,7,1 7,N/A,10,11,12
4 7 11,0.00771605,19.4321,Yes,N/A,N/A,N/A,4,N/A,N/A,7,N/A,N/A,N/A,11,N/A
4 7 11 12,0.000771605,30.8909,Yes,N/A,N/A,N/A,4,N/A,N/A,7,N/A,N/A,N/A,11,12
1 4 7 9,0.0460391,12.8166,Yes,N/A,N/A,N/A,4,1 4,N/A,7,1 7,9,1 9,4 7,1 4 7
1 4 7 9 12,0.00437243,24.2396,Yes,N/A,N/A,N/A,4,1 4,N/A,7,1 7,9,1 9,4 7,12
4 7 9,0.0216049,16.1343,Yes,N/A,N/A,N/A,4,N/A,N/A,7,N/A,9,N/A,4 7,N/A
1 4 7 9 11,0.00934499,22.6464,Yes,N/A,N/A,N/A,4,1 4,N/A,7,1 7,9,1 9,11,1 11
1 4 7 9 11 12,0.00111454,34.1921,Yes,N/A,N/A,N/A,4,1 4,N/A,7,1 7,9,1 9,11,12
4 7 9 12,0.00205761,27.497,Yes,N/A,N/A,N/A,4,N/A,N/A,7,N/A,9,N/A,4 7,12
1 4 7 9 10,0.0140175,21.2974,Yes,N/A,N/A,N/A,4,1 4,N/A,7,1 7,9,10,1 10,1 4 7
1 4 7 9 10 12,0.00176112,32.623,Yes,N/A,N/A,N/A,4,1 4,N/A,7,1 7,9,10,1 10,12
4 7 9 10,0.00617284,24.4761,Yes,N/A,N/A,N/A,4,N/A,N/A,7,N/A,9,10,4 7,N/A
1 4 7 9 10 11,0.00360082,31.1766,Yes,N/A,N/A,N/A,4,1 4,N/A,7,1 7,9,10,11,1 11
1 4 7 9 10 11 12,0.000524922,42.6964,Yes,N/A,N/A,N/A,4,1 4,N/A,7,1 7,9,10,11,12
4 7 10 12,0.00154321,28.8139,Yes,N/A,N/A,N/A,4,N/A,N/A,7,N/A,N/A,10,4 7,12
4 7 10 11,0.00231481,28.0365,Yes,N/A,N/A,N/A,4,N/A,N/A,7,N/A,N/A,10,11,N/A
4 7 10 11 12,0.000300069,39.3867,Yes,N/A,N/A,N/A,4,N/A,N/A,7,N/A,N/A,10,11,12
1 4 7 8,0.0556199,12.5449,Yes,N/A,N/A,N/A,4,1 4,N/A,7,8,1 8,N/A,4 7,4 8
1 4 7 8 12,0.0051226,24.1128,Yes,N/A,N/A,N/A,4,1 4,N/A,7,8,1 8,N/A,4 7,12
4 7 8,0.0362654,14.4977,Yes,N/A,N/A,N/A,4,N/A,N/A,7,8,N/A,N/A,4 7,4 8
1 4 7 8 11,0.0113169,22.5747,Yes,N/A,N/A,N/A,4,1 4,N/A,7,8,1 8,N/A,11,1 11
1 4 7 8 11 12,0.00129315,34.2235,Yes,N/A,N/A,N/A,4,1 4,N/A,7,8,1 8,N/A,11,12
4 7 8 12,0.00295782,26.2436,Yes,N/A,N/A,N/A,4,N/A,N/A,7,8,N/A,N/A,4 7,12
1 4 7 8 10,0.0205761,19.674,Yes,N/A,N/A,N/A,4,1 4,N/A,7,8,1 8,10,1 10,4 8
1 4 7 8 10 12,0.00243449,31.1164,Yes,N/A,N/A,N/A,4,1 4,N/A,7,8,1 8,10,1 10,12
4 7 8 10,0.0100309,22.6994,Yes,N/A,N/A,N/A,4,N/A,N/A,7,8,N/A,10,4 7,4 8
1 4 7 8 10 11,0.00494756,29.706,Yes,N/A,N/A,N/A,4,1 4,N/A,7,8,1 8,10,11,1 11
1 4 7 8 10 11 12,0.000698572,41.2337,Yes,N/A,N/A,N/A,4,1 4,N/A,7,8,1 8,10,11,12
4 7 8 11,0.00540123,25.0141,Yes,N/A,N/A,N/A,4,N/A,N/A,7,8,N/A,N/A,11,4 8
4 7 8 11 12,0.000585848,36.7625,Yes,N/A,N/A,N/A,4,N/A,N/A,7,8,N/A,N/A,11,12
1 4 7 8 9,0.0279492,18.4345,Yes,N/A,N/A,N/A,4,1 4,N/A,7,8,9,1 9,4 7,4 8
1 4 7 8 9 12,0.0032436,29.8988,Yes,N/A,N/A,N/A,4,1 4,N/A,7,8,9,1 9,4 7,12
4 7 8 9,0.0133745,21.2784,Yes,N/A,N/A,N/A,4,N/A,N/A,7,8,9,N/A,4 7,4 8
1 4 7 8 9 11,0.00699207,28.0883,Yes,N/A,N/A,N/A,4,1 4,N/A,7,8,9,1 9,11,1 11
1 4 7 8 9 11 12,0.000977075,39.6347,Yes,N/A,N/A,N/A,4,1 4,N/A,7,8,9,1 9,11,12
4 7 8 9 12,0.00145748,32.9289,Yes,N/A,N/A,N/A,4,N/A,N/A,7,8,9,N/A,4 7,12
1 4 7 8 9 10,0.0108418,26.5179,Yes,N/A,N/A,N/A,4,1 4,N/A,7,8,9,10,1 10,4 8
1 4 7 8 9 10 12,0.00155988,37.8877,Yes,N/A,N/A,N/A,4,1 4,N/A,7,8,9,10,1 10,12
4 7 8 9 10,0.00488683,28.943,Yes,N/A,N/A,N/A,4,N/A,N/A,7,8,9,10,4 7,4 8
1 4 7 8 9 10 11,0.0032047,36.3313,Yes,N/A,N/A,N/A,4,1 4,N/A,7,8,9,10,11,1 11
1 4 7 8 9 10 11 12,0.000532695,47.835,Yes,N/A,N/A,N/A,4,1 4,N/A,7,8,9,10,11,12
4 8 10 12,0.000835905,30.6752,Yes,N/A,N/A,N/A,4,N/A,N/A,N/A,8,N/A,10,N/A,12
4 8 10 11,0.00205761,28.7859,Yes,N/A,N/A,N/A,4,N/A,N/A,N/A,8,N/A,10,11,4 8
4 8 10 11 12,0.000221479,40.5757,Yes,N/A,N/A,N/A,4,N/A,N/A,N/A,8,N/A,10,11,12
4 8 9 11,0.00274348,27.4687,Yes,N/A,N/A,N/A,4,N/A,N/A,N/A,8,9,N/A,11,4 8
4 8 9 11 12,0.000295306,39.2452,Yes,N/A,N/A,N/A,4,N/A,N/A,N/A,8,9,N/A,11,12
4 8 9 10 12,0.000442958,37.7925,Yes,N/A,N/A,N/A,4,N/A,N/A,N/A,8,9,10,N/A,12
4 8 9 10 11,0.00105738,35.6813,Yes,N/A,N/A,N/A,4,N/A,N/A,N/A,8,9,10,11,4 8
4 8 9 10 11 12,0.00014289,47.3901,Yes,N/A,N/A,N/A,4,N/A,N/A,N/A,8,9,10,11,12
1 4 6,0.131944,6.21065,Yes,N/A,N/A,N/A,4,1 4,6,1 6,N/A,N/A,4 6,1 4 6,N/A
1 4 6 12,0.00906636,17.509,Yes,N/A,N/A,N/A,4,1 4,6,1 6,N/A,N/A,4 6,1 4 6,12
4 6,0.106481,7.88426,Yes,N/A,N/A,N/A,4,N/A,6,N/A,N/A,N/A,4 6,N/A,N/A
1 4 6 11,0.0216049,16.0254,Yes,N/A,N/A,N/A,4,1 4,6,1 6,N/A,N/A,4 6,11,1 11
1 4 6 11 12,0.00184328,27.7281,Yes,N/A,N/A,N/A,4,1 4,6,1 6,N/A,N/A,4 6,11,12
4 6 12,0.00655864,19.3794,Yes,N/A,N/A,N/A,4,N/A,6,N/A,N/A,N/A,4 6,N/A,12
1 4 6 10,0.0298997,15.0334,Yes,N/A,N/A,N/A,4,1 4,6,1 6,N/A,N/A,10,1 10,N/A
1 4 6 10 12,0.00303284,26.1966,Yes,N/A,N/A,N/A,4,1 4,6,1 6,N/A,N/A,10,1 10,12
4 6 10,0.0127315,17.4938,Yes,N/A,N/A,N/A,4,N/A,6,N/A,N/A,N/A,10,N/A,N/A
1 4 6 10 11,0.00608711,24.9175,Yes,N/A,N/A,N/A,4,1 4,6,1 6,N/A,N/A,10,11,1 11
1 4 6 10 11 12,0.000725761,36.5408,Yes,N/A,N/A,N/A,4,1 4,6,1 6,N/A,N/A,10,11,12
4 6 11,0.0131173,17.9483,Yes,N/A,N/A,N/A,4,N/A,6,N/A,N/A,N/A,4 6,11,N/A
4 6 11 12,0.00120027,29.3765,Yes,N/A,N/A,N/A,4,N/A,6,N/A,N/A,N/A,4 6,11,12
1 4 6 9,0.0474537,12.6189,Yes,N/A,N/A,N/A,4,1 4,6,1 6,N/A,9,1 9,1 4 6,N/A
1 4 6 9 12,0.00469393,23.6732,Yes,N/A,N/A,N/A,4,1 4,6,1 6,N/A,9,1 9,1 4 6,12
4 6 9,0.0262346,15.3076,Yes,N/A,N/A,N/A,4,N/A,6,N/A,N/A,9,4 6,N/A,N/A
1 4 6 9 11,0.0102452,22.022,Yes,N/A,N/A,N/A,4,1 4,6,1 6,N/A,9,1 9,11,1 11
1 4 6 9 11 12,0.00120266,33.5396,Yes,N/A,N/A,N/A,4,1 4,6,1 6,N/A,9,1 9,11,12
4 6 9 12,0.00240055,26.6793,Yes,N/A,N/A,N/A,4,N/A,6,N/A,N/A,9,4 6,N/A,12
1 4 6 9 10,0.013546,21.2579,Yes,N/A,N/A,N/A,4,1 4,6,1 6,N/A,9,10,1 10,N/A
1 4 6 9 10 12,0.00177243,32.1599,Yes,N/A,N/A,N/A,4,1 4,6,1 6,N/A,9,10,1 10,12
4 6 9 10,0.00488683,24.7764,Yes,N/A,N/A,N/A,4,N/A,6,N/A,N/A,9,10,N/A,N/A
1 4 6 9 10 11,0.00353533,30.7621,Yes,N/A,N/A,N/A,4,1 4,6,1 6,N/A,9,10,11,1 11
1 4 6 9 10 11 12,0.000522739,42.2227,Yes,N/A,N/A,N/A,4,1 4,6,1 6,N/A,9,10,11,12
4 6 10 12,0.00122171,28.9496,Yes,N/A,N/A,N/A,4,N/A,6,N/A,N/A,N/A,10,N/A,12
4 6 10 11,0.00244342,27.4819,Yes,N/A,N/A,N/A,4,N/A,6,N/A,N/A,N/A,10,11,N/A
4 6 10 11 12,0.000307213,38.8613,Yes,N/A,N/A,N/A,4,N/A,6,N/A,N/A,N/A,10,11,12
1 4 6 8,0.0821116,9.5188,Yes,N/A,N/A,N/A,4,1 4,6,1 6,8,1 8,4 6,1 4 6,4 8
1 4 6 8 12,0.00734096,20.9193,Yes,N/A,N/A,N/A,4,1 4,6,1 6,8,1 8,4 6,1 4 6,12
4 6 8,0.0405093,13.6952,Yes,N/A,N/A,N/A,4,N/A,6,N/A,8,N/A,4 6,N/A,4 8
1 4 6 8 11,0.0169753,19.0288,Yes,N/A,N/A,N/A,4,1 4,6,1 6,8,1 8,4 6,11,1 11
1 4 6 8 11 12,0.00187205,30.5433,Yes,N/A,N/A,N/A,4,1 4,6,1 6,8,1 8,4 6,11,12
4 6 8 12,0.00332219,25.4328,Yes,N/A,N/A,N/A,4,N/A,6,N/A,8,N/A,4 6,N/A,12
1 4 6 8 10,0.0239733,17.5315,Yes,N/A,N/A,N/A,4,1 4,6,1 6,8,1 8,10,1 10,4 8
1 4 6 8 10 12,0.00281791,28.8532,Yes,N/A,N/A,N/A,4,1 4,6,1 6,8,1 8,10,1 10,12
4 6 8 10,0.00803755,23.0667,Yes,N/A,N/A,N/A,4,N/A,6,N/A,8,N/A,10,N/A,4 8
1 4 6 8 10 11,0.00582276,27.1938,Yes,N/A,N/A,N/A,4,1 4,6,1 6,8,1 8,10,11,1 11
1 4 6 8 10 11 12,0.000822278,38.5853,Yes,N/A,N/A,N/A,4,1 4,6,1 6,8,1 8,10,11,12
4 6 8 11,0.00728738,23.4287,Yes,N/A,N/A,N/A,4,N/A,6,N/A,8,N/A,4 6,11,4 8
4 6 8 11 12,0.000797801,35.1147,Yes,N/A,N/A,N/A,4,N/A,6,N/A,8,N/A,4 6,11,12
1 4 6 8 9,0.032686,16.1297,Yes,N/A,N/A,N/A,4,1 4,6,1 6,8,9,1 9,1 4 6,4 8
1 4 6 8 9 12,0.00378777,27.4547,Yes,N/A,N/A,N/A,4,1 4,6,1 6,8,9,1 9,1 4 6,12
4 6 8 9,0.0145748,20.5173,Yes,N/A,N/A,N/A,4,N/A,6,N/A,8,9,4 6,N/A,4 8
1 4 6 8 9 11,0.00849956,25.3147,Yes,N/A,N/A,N/A,4,1 4,6,1 6,8,9,1 9,11,1 11
1 4 6 8 9 11 12,0.00117597,36.7354,Yes,N/A,N/A,N/A,4,1 4,6,1 6,8,9,1 9,11,12
4 6 8 9 12,0.0015956,32.1578,Yes,N/A,N/A,N/A,4,N/A,6,N/A,8,9,4 6,N/A,12
1 4 6 8 9 10,0.01207,23.9374,Yes,N/A,N/A,N/A,4,1 4,6,1 6,8,9,10,1 10,4 8
1 4 6 8 9 10 12,0.00173849,35.1337,Yes,N/A,N/A,N/A,4,1 4,6,1 6,8,9,10,1 10,12
4 6 8 9 10,0.00392947,29.6437,Yes,N/A,N/A,N/A,4,N/A,6,N/A,8,9,10,N/A,4 8
1 4 6 8 9 10 11,0.00357506,33.3376,Yes,N/A,N/A,N/A,4,1 4,6,1 6,8,9,10,11,1 11
1 4 6 8 9 10 11 12,0.000598847,44.643,Yes,N/A,N/A,N/A,4,1 4,6,1 6,8,9,10,11,12
4 6 9 11,0.0048011,25.1352,Yes,N/A,N/A,N/A,4,N/A,6,N/A,N/A,9,4 6,11,N/A
4 6 9 11 12,0.000581085,36.4149,Yes,N/A,N/A,N/A,4,N/A,6,N/A,N/A,9,4 6,11,12
4 6 9 10 12,0.000614426,36.0907,Yes,N/A,N/A,N/A,4,N/A,6,N/A,N/A,9,10,N/A,12
4 6 9 10 11,0.00122885,34.493,Yes,N/A,N/A,N/A,4,N/A,6,N/A,N/A,9,10,11,N/A
4 6 9 10 11 12,0.00019052,45.7005,Yes,N/A,N/A,N/A,4,N/A,6,N/A,N/A,9,10,11,12
1 4 6 7,0.090535,9.57883,Yes,N/A,N/A,N/A,4,1 4,6,7,1 7,N/A,4 6,4 7,1 4 7
1 4 6 7 12,0.00816615,20.9563,Yes,N/A,N/A,N/A,4,1 4,6,7,1 7,N/A,4 6,4 7,12
4 6 7,0.054784,12.2199,Yes,N/A,N/A,N/A,4,N/A,6,7,N/A,N/A,4 6,4 7,N/A
1 4 6 7 11,0.0188186,19.3145,Yes,N/A,N/A,N/A,4,1 4,6,7,1 7,N/A,4 6,11,1 11
1 4 6 7 11 12,0.0020469,30.8816,Yes,N/A,N/A,N/A,4,1 4,6,7,1 7,N/A,4 6,11,12
4 6 7 12,0.00488683,23.4975,Yes,N/A,N/A,N/A,4,N/A,6,7,N/A,N/A,4 6,4 7,12
1 4 6 7 10,0.0255273,17.9802,Yes,N/A,N/A,N/A,4,1 4,6,7,1 7,N/A,10,1 10,1 4 7
1 4 6 7 10 12,0.003115,29.2391,Yes,N/A,N/A,N/A,4,1 4,6,7,1 7,N/A,10,1 10,12
4 6 7 10,0.0111883,21.5029,Yes,N/A,N/A,N/A,4,N/A,6,7,N/A,N/A,10,4 7,N/A
1 4 6 7 10 11,0.00628001,27.8164,Yes,N/A,N/A,N/A,4,1 4,6,7,1 7,N/A,10,11,1 11
1 4 6 7 10 11 12,0.000883138,39.2805,Yes,N/A,N/A,N/A,4,1 4,6,7,1 7,N/A,10,11,12
4 6 7 11,0.00848765,22.6567,Yes,N/A,N/A,N/A,4,N/A,6,7,N/A,N/A,4 6,11,N/A
4 6 7 11 12,0.00101452,33.8755,Yes,N/A,N/A,N/A,4,N/A,6,7,N/A,N/A,4 6,11,12
1 4 6 7 9,0.0417953,14.6525,Yes,N/A,N/A,N/A,4,1 4,6,7,1 7,9,1 9,4 7,1 4 7
1 4 6 7 9 12,0.00502734,25.7253,Yes,N/A,N/A,N/A,4,1 4,6,7,1 7,9,1 9,4 7,12
4 6 7 9,0.0195473,18.8903,Yes,N/A,N/A,N/A,4,N/A,6,7,N/A,9,4 6,4 7,N/A
1 4 6 7 9 11,0.010531,23.9644,Yes,N/A,N/A,N/A,4,1 4,6,7,1 7,9,1 9,11,1 11
1 4 6 7 9 11 12,0.00147587,35.2422,Yes,N/A,N/A,N/A,4,1 4,6,7,1 7,9,1 9,11,12
4 6 7 9 12,0.00231481,29.9613,Yes,N/A,N/A,N/A,4,N/A,6,7,N/A,9,4 6,4 7,12
1 4 6 7 9 10,0.0142068,22.7831,Yes,N/A,N/A,N/A,4,1 4,6,7,1 7,9,10,1 10,1 4 7
1 4 6 7 9 10 12,0.00215029,33.7143,Yes,N/A,N/A,N/A,4,1 4,6,7,1 7,9,10,1 10,12
4 6 7 9 10,0.00540123,27.8926,Yes,N/A,N/A,N/A,4,N/A,6,7,N/A,9,10,4 7,N/A
1 4 6 7 9 10 11,0.00426784,32.1001,Yes,N/A,N/A,N/A,4,1 4,6,7,1 7,9,10,11,1 11
1 4 6 7 9 10 11 12,0.00072285,43.2957,Yes,N/A,N/A,N/A,4,1 4,6,7,1 7,9,10,11,12
4 6 7 10 12,0.00135031,32.7029,Yes,N/A,N/A,N/A,4,N/A,6,7,N/A,N/A,10,4 7,12
4 6 7 10 11,0.00227195,31.9337,Yes,N/A,N/A,N/A,4,N/A,6,7,N/A,N/A,10,11,N/A
4 6 7 10 11 12,0.000345317,43.0689,Yes,N/A,N/A,N/A,4,N/A,6,7,N/A,N/A,10,11,12
1 4 6 7 8,0.0574417,13.194,Yes,N/A,N/A,N/A,4,1 4,6,7,8,1 8,4 6,4 7,4 8
1 4 6 7 8 12,0.00663187,24.3796,Yes,N/A,N/A,N/A,4,1 4,6,7,8,1 8,4 6,4 7,12
4 6 7 8,0.0282922,17.0184,Yes,N/A,N/A,N/A,4,N/A,6,7,8,N/A,4 6,4 7,4 8
1 4 6 7 8 11,0.0145093,22.5461,Yes,N/A,N/A,N/A,4,1 4,6,7,8,1 8,4 6,11,1 11
1 4 6 7 8 11 12,0.00195375,33.9092,Yes,N/A,N/A,N/A,4,1 4,6,7,8,1 8,4 6,11,12
4 6 7 8 12,0.00310785,28.5519,Yes,N/A,N/A,N/A,4,N/A,6,7,8,N/A,4 6,4 7,12
1 4 6 7 8 10,0.0208637,20.7007,Yes,N/A,N/A,N/A,4,1 4,6,7,8,1 8,10,1 10,4 8
1 4 6 7 8 10 12,0.00299176,31.7905,Yes,N/A,N/A,N/A,4,1 4,6,7,8,1 8,10,1 10,12
4 6 7 8 10,0.00803755,25.8602,Yes,N/A,N/A,N/A,4,N/A,6,7,8,N/A,10,4 7,4 8
1 4 6 7 8 10 11,0.00599145,30.1873,Yes,N/A,N/A,N/A,4,1 4,6,7,8,1 8,10,11,1 11
1 4 6 7 8 10 11 12,0.000987296,41.3844,Yes,N/A,N/A,N/A,4,1 4,6,7,8,1 8,10,11,12
4 6 7 8 11,0.00592993,27.1259,Yes,N/A,N/A,N/A,4,N/A,6,7,8,N/A,4 6,11,4 8
4 6 7 8 11 12,0.000813678,38.6328,Yes,N/A,N/A,N/A,4,N/A,6,7,8,N/A,4 6,11,12
1 4 6 7 8 9,0.0292996,18.9111,Yes,N/A,N/A,N/A,4,1 4,6,7,8,9,1 9,4 7,4 8
1 4 6 7 8 9 12,0.0041534,29.9798,Yes,N/A,N/A,N/A,4,1 4,6,7,8,9,1 9,4 7,12
4 6 7 8 9,0.0132888,22.68,Yes,N/A,N/A,N/A,4,N/A,6,7,8,9,4 6,4 7,4 8
1 4 6 7 8 9 11,0.00878045,27.8899,Yes,N/A,N/A,N/A,4,1 4,6,7,8,9,1 9,11,1 11
1 4 6 7 8 9 11 12,0.00142577,39.1218,Yes,N/A,N/A,N/A,4,1 4,6,7,8,9,1 9,11,12
4 6 7 8 9 12,0.00182581,34.0221,Yes,N/A,N/A,N/A,4,N/A,6,7,8,9,4 6,4 7,12
1 4 6 7 8 9 10,0.0125445,26.296,Yes,N/A,N/A,N/A,4,1 4,6,7,8,9,10,1 10,4 8
1 4 6 7 8 9 10 12,0.00212987,37.2159,Yes,N/A,N/A,N/A,4,1 4,6,7,8,9,10,1 10,12
4 6 7 8 9 10,0.00476299,31.0266,Yes,N/A,N/A,N/A,4,N/A,6,7,8,9,10,4 7,4 8
1 4 6 7 8 9 10 11,0.00426966,35.3921,Yes,N/A,N/A,N/A,4,1 4,6,7,8,9,10,11,1 11
1 4 6 7 8 9 10 11 12,0.000814397,46.4851,Yes,N/A,N/A,N/A,4,1 4,6,7,8,9,10,11,12
4 7 9 11,0.00308642,26.7234,Yes,N/A,N/A,N/A,4,N/A,N/A,7,N/A,9,N/A,11,N/A
4 7 9 11 12,0.000400091,38.043,Yes,N/A,N/A,N/A,4,N/A,N/A,7,N/A,9,N/A,11,12
4 7 9 10 12,0.000771605,35.7032,Yes,N/A,N/A,N/A,4,N/A,N/A,7,N/A,9,10,4 7,12
4 7 9 10 11,0.00120027,34.9438,Yes,N/A,N/A,N/A,4,N/A,N/A,7,N/A,9,10,11,N/A
4 7 9 10 11 12,0.00019052,46.1116,Yes,N/A,N/A,N/A,4,N/A,N/A,7,N/A,9,10,11,12
4 7 8 10 12,0.00109311,34.3715,Yes,N/A,N/A,N/A,4,N/A,N/A,7,8,N/A,10,4 7,12
4 7 8 10 11,0.00201475,33.0725,Yes,N/A,N/A,N/A,4,N/A,N/A,7,8,N/A,10,11,4 8
4 7 8 10 11 12,0.000273872,44.7423,Yes,N/A,N/A,N/A,4,N/A,N/A,7,8,N/A,10,11,12
4 7 8 9 11,0.00268633,31.6099,Yes,N/A,N/A,N/A,4,N/A,N/A,7,8,9,N/A,11,4 8
4 7 8 9 11 12,0.000365163,43.2566,Yes,N/A,N/A,N/A,4,N/A,N/A,7,8,9,N/A,11,12
4 7 8 9 10 12,0.000666819,40.483,Yes,N/A,N/A,N/A,4,N/A,N/A,7,8,9,10,4 7,12
4 7 8 9 10 11,0.00123838,39.0595,Yes,N/A,N/A,N/A,4,N/A,N/A,7,8,9,10,11,4 8
4 7 8 9 10 11 12,0.000202427,50.5859,Yes,N/A,N/A,N/A,4,N/A,N/A,7,8,9,10,11,12
1 4 5,0.140432,6.16204,Yes,N/A,N/A,N/A,4,5,1 5,N/A,N/A,4 5,1 4 5,N/A,N/A
1 4 5 12,0.00887346,17.5418,Yes,N/A,N/A,N/A,4,5,1 5,N/A,N/A,4 5,1 4 5,N/A,12
4 5,0.12963,7.02778,Yes,N/A,N/A,N/A,4,5,N/A,N/A,N/A,4 5,N/A,N/A,N/A
1 4 5 11,0.025463,15.4895,Yes,N/A,N/A,N/A,4,5,1 5,N/A,N/A,4 5,1 4 5,11,1 11
1 4 5 11 12,0.00200046,27.2406,Yes,N/A,N/A,N/A,4,5,1 5,N/A,N/A,4 5,1 4 5,11,12
4 5 12,0.00771605,18.5293,Yes,N/A,N/A,N/A,4,5,N/A,N/A,N/A,4 5,N/A,N/A,12
1 4 5 10,0.035108,14.5013,Yes,N/A,N/A,N/A,4,5,1 5,N/A,N/A,4 5,10,1 10,N/A
1 4 5 10 12,0.00327932,25.7226,Yes,N/A,N/A,N/A,4,5,1 5,N/A,N/A,4 5,10,1 10,12
4 5 10,0.0231481,15.7531,Yes,N/A,N/A,N/A,4,5,N/A,N/A,N/A,4 5,10,N/A,N/A
1 4 5 10 11,0.00724451,24.4316,Yes,N/A,N/A,N/A,4,5,1 5,N/A,N/A,4 5,10,11,1 11
1 4 5 10 11 12,0.000766842,36.1702,Yes,N/A,N/A,N/A,4,5,1 5,N/A,N/A,4 5,10,11,12
4 5 11,0.0154321,17.1044,Yes,N/A,N/A,N/A,4,5,N/A,N/A,N/A,4 5,N/A,11,N/A
4 5 11 12,0.00137174,28.5402,Yes,N/A,N/A,N/A,4,5,N/A,N/A,N/A,4 5,N/A,11,12
1 4 5 9,0.0380658,13.9914,Yes,N/A,N/A,N/A,4,5,1 5,N/A,N/A,9,1 9,N/A,N/A
1 4 5 9 12,0.00365798,25.2304,Yes,N/A,N/A,N/A,4,5,1 5,N/A,N/A,9,1 9,N/A,12
4 5 9,0.0185185,15.5864,Yes,N/A,N/A,N/A,4,5,N/A,N/A,N/A,9,N/A,N/A,N/A
1 4 5 9 11,0.00903064,23.0185,Yes,N/A,N/A,N/A,4,5,1 5,N/A,N/A,9,1 9,11,1 11
1 4 5 9 11 12,0.00102563,34.6575,Yes,N/A,N/A,N/A,4,5,1 5,N/A,N/A,9,1 9,11,12
4 5 9 12,0.00171468,27.0418,Yes,N/A,N/A,N/A,4,5,N/A,N/A,N/A,9,N/A,N/A,12
1 4 5 9 10,0.0113169,22.3856,Yes,N/A,N/A,N/A,4,5,1 5,N/A,N/A,9,10,1 10,N/A
1 4 5 9 10 12,0.00143604,33.477,Yes,N/A,N/A,N/A,4,5,1 5,N/A,N/A,9,10,1 10,12
4 5 9 10,0.00514403,24.1836,Yes,N/A,N/A,N/A,4,5,N/A,N/A,N/A,9,10,N/A,N/A
1 4 5 9 10 11,0.00308166,32.1047,Yes,N/A,N/A,N/A,4,5,1 5,N/A,N/A,9,10,11,1 11
1 4 5 9 10 11 12,0.000432639,43.7529,Yes,N/A,N/A,N/A,4,5,1 5,N/A,N/A,9,10,11,12
4 5 10 12,0.00205761,27.1599,Yes,N/A,N/A,N/A,4,5,N/A,N/A,N/A,4 5,10,N/A,12
4 5 10 11,0.00411523,25.6479,Yes,N/A,N/A,N/A,4,5,N/A,N/A,N/A,4 5,10,11,N/A
4 5 10 11 12,0.000485825,36.97,Yes,N/A,N/A,N/A,4,5,N/A,N/A,N/A,4 5,10,11,12
1 4 5 8,0.0690586,11.0818,Yes,N/A,N/A,N/A,4,5,1 5,N/A,8,1 8,1 4 5,N/A,4 8
1 4 5 8 12,0.00600852,22.6473,Yes,N/A,N/A,N/A,4,5,1 5,N/A,8,1 8,1 4 5,N/A,12
4 5 8,0.0447531,12.8853,Yes,N/A,N/A,N/A,4,5,N/A,N/A,8,4 5,N/A,N/A,4 8
1 4 5 8 11,0.0150606,20.202,Yes,N/A,N/A,N/A,4,5,1 5,N/A,8,1 8,1 4 5,11,1 11
1 4 5 8 11 12,0.00160989,31.8396,Yes,N/A,N/A,N/A,4,5,1 5,N/A,8,1 8,1 4 5,11,12
4 5 8 12,0.00368656,24.6158,Yes,N/A,N/A,N/A,4,5,N/A,N/A,8,4 5,N/A,N/A,12
1 4 5 8 10,0.022398,18.6641,Yes,N/A,N/A,N/A,4,5,1 5,N/A,8,1 8,10,1 10,4 8
1 4 5 8 10 12,0.00256368,30.1296,Yes,N/A,N/A,N/A,4,5,1 5,N/A,8,1 8,10,1 10,12
4 5 8 10,0.0118313,21.149,Yes,N/A,N/A,N/A,4,5,N/A,N/A,8,4 5,10,N/A,4 8
1 4 5 8 10 11,0.0055084,28.538,Yes,N/A,N/A,N/A,4,5,1 5,N/A,8,1 8,10,11,1 11
1 4 5 8 10 11 12,0.000736279,40.1438,Yes,N/A,N/A,N/A,4,5,1 5,N/A,8,1 8,10,11,12
4 5 8 11,0.00788752,22.6395,Yes,N/A,N/A,N/A,4,5,N/A,N/A,8,4 5,N/A,11,4 8
4 5 8 11 12,0.000866865,34.3174,Yes,N/A,N/A,N/A,4,5,N/A,N/A,8,4 5,N/A,11,12
1 4 5 8 9,0.0252058,18.4536,Yes,N/A,N/A,N/A,4,5,1 5,N/A,8,9,1 9,N/A,4 8
1 4 5 8 9 12,0.00286097,30.0113,Yes,N/A,N/A,N/A,4,5,1 5,N/A,8,9,1 9,N/A,12
4 5 8 9,0.010631,21.165,Yes,N/A,N/A,N/A,4,5,N/A,N/A,8,9,N/A,N/A,4 8
1 4 5 8 9 11,0.00694127,27.2328,Yes,N/A,N/A,N/A,4,5,1 5,N/A,8,9,1 9,11,1 11
1 4 5 8 9 11 12,0.000943337,38.831,Yes,N/A,N/A,N/A,4,5,1 5,N/A,8,9,1 9,11,12
4 5 8 9 12,0.00116217,32.9022,Yes,N/A,N/A,N/A,4,5,N/A,N/A,8,9,N/A,N/A,12
1 4 5 8 9 10,0.00960934,26.0866,Yes,N/A,N/A,N/A,4,5,1 5,N/A,8,9,10,1 10,4 8
1 4 5 8 9 10 12,0.00135745,37.5241,Yes,N/A,N/A,N/A,4,5,1 5,N/A,8,9,10,1 10,12
4 5 8 9 10,0.00382945,29.2054,Yes,N/A,N/A,N/A,4,5,N/A,N/A,8,9,10,N/A,4 8
1 4 5 8 9 10 11,0.00292196,35.8143,Yes,N/A,N/A,N/A,4,5,1 5,N/A,8,9,10,11,1 11
1 4 5 8 9 10 11 12,0.000473697,47.3998,Yes,N/A,N/A,N/A,4,5,1 5,N/A,8,9,10,11,12
4 5 9 11,0.00342936,25.5742,Yes,N/A,N/A,N/A,4,5,N/A,N/A,N/A,9,N/A,11,N/A
4 5 9 11 12,0.000419143,36.9527,Yes,N/A,N/A,N/A,4,5,N/A,N/A,N/A,9,N/A,11,12
4 5 9 10 12,0.000628715,35.5279,Yes,N/A,N/A,N/A,4,5,N/A,N/A,N/A,9,10,N/A,12
4 5 9 10 11,0.00125743,33.9577,Yes,N/A,N/A,N/A,4,5,N/A,N/A,N/A,9,10,11,N/A
4 5 9 10 11 12,0.00019052,45.2012,Yes,N/A,N/A,N/A,4,5,N/A,N/A,N/A,9,10,11,12
1 4 5 7,0.116255,7.62757,Yes,N/A,N/A,N/A,4,5,1 5,7,1 7,4 5,1 4 5,4 7,5 7
1 4 5 7 12,0.0101487,18.9681,Yes,N/A,N/A,N/A,4,5,1 5,7,1 7,4 5,1 4 5,4 7,12
4 5 7,0.0632716,11.0602,Yes,N/A,N/A,N/A,4,5,N/A,7,N/A,4 5,N/A,4 7,5 7
1 4 5 7 11,0.0236626,17.2001,Yes,N/A,N/A,N/A,4,5,1 5,7,1 7,4 5,1 4 5,11,1 11
1 4 5 7 11 12,0.00250772,28.6973,Yes,N/A,N/A,N/A,4,5,1 5,7,1 7,4 5,1 4 5,11,12
4 5 7 12,0.00533693,22.7095,Yes,N/A,N/A,N/A,4,5,N/A,7,N/A,4 5,N/A,4 7,12
1 4 5 7 10,0.0363297,15.3727,Yes,N/A,N/A,N/A,4,5,1 5,7,1 7,4 5,10,1 10,5 7
1 4 5 7 10 12,0.00420453,26.5855,Yes,N/A,N/A,N/A,4,5,1 5,7,1 7,4 5,10,1 10,12
4 5 7 10,0.0165895,19.1476,Yes,N/A,N/A,N/A,4,5,N/A,7,N/A,4 5,10,4 7,5 7
1 4 5 7 10 11,0.00871628,25.1168,Yes,N/A,N/A,N/A,4,5,1 5,7,1 7,4 5,10,11,1 11
1 4 5 7 10 11 12,0.001159,36.5447,Yes,N/A,N/A,N/A,4,5,1 5,7,1 7,4 5,10,11,12
4 5 7 11,0.0100309,21.4437,Yes,N/A,N/A,N/A,4,5,N/A,7,N/A,4 5,N/A,11,5 7
4 5 7 11 12,0.00112883,33.0741,Yes,N/A,N/A,N/A,4,5,N/A,7,N/A,4 5,N/A,11,12
1 4 5 7 9,0.0429098,14.1607,Yes,N/A,N/A,N/A,4,5,1 5,7,1 7,9,1 9,4 7,5 7
1 4 5 7 9 12,0.004994,25.3802,Yes,N/A,N/A,N/A,4,5,1 5,7,1 7,9,1 9,4 7,12
4 5 7 9,0.0159465,19.1581,Yes,N/A,N/A,N/A,4,5,N/A,7,N/A,9,N/A,4 7,5 7
1 4 5 7 9 11,0.0106119,23.5949,Yes,N/A,N/A,N/A,4,5,1 5,7,1 7,9,1 9,11,1 11
1 4 5 7 9 11 12,0.00146098,34.9222,Yes,N/A,N/A,N/A,4,5,1 5,7,1 7,9,1 9,11,12
4 5 7 9 12,0.00180041,30.79,Yes,N/A,N/A,N/A,4,5,N/A,7,N/A,9,N/A,4 7,12
1 4 5 7 9 10,0.0151249,22.1188,Yes,N/A,N/A,N/A,4,5,1 5,7,1 7,9,10,1 10,5 7
1 4 5 7 9 10 12,0.00219842,33.1989,Yes,N/A,N/A,N/A,4,5,1 5,7,1 7,9,10,1 10,12
4 5 7 9 10,0.00565844,26.9691,Yes,N/A,N/A,N/A,4,5,N/A,7,N/A,9,10,4 7,5 7
1 4 5 7 9 10 11,0.00445687,31.6082,Yes,N/A,N/A,N/A,4,5,1 5,7,1 7,9,10,11,1 11
1 4 5 7 9 10 11 12,0.000732426,42.8531,Yes,N/A,N/A,N/A,4,5,1 5,7,1 7,9,10,11,12
4 5 7 10 12,0.00186471,30.6981,Yes,N/A,N/A,N/A,4,5,N/A,7,N/A,4 5,10,4 7,12
4 5 7 10 11,0.00351509,29.3531,Yes,N/A,N/A,N/A,4,5,N/A,7,N/A,4 5,10,11,5 7
4 5 7 10 11 12,0.000494161,40.8727,Yes,N/A,N/A,N/A,4,5,N/A,7,N/A,4 5,10,11,12
1 4 5 7 8,0.0600137,12.5609,Yes,N/A,N/A,N/A,4,5,1 5,7,8,1 8,1 4 5,4 7,4 8
1 4 5 7 8 12,0.00669141,23.9401,Yes,N/A,N/A,N/A,4,5,1 5,7,8,1 8,1 4 5,4 7,12
4 5 7 8,0.0308642,16.215,Yes,N/A,N/A,N/A,4,5,N/A,7,8,4 5,N/A,4 7,4 8
1 4 5 7 8 11,0.0147415,22.0103,Yes,N/A,N/A,N/A,4,5,1 5,7,8,1 8,1 4 5,11,1 11
1 4 5 7 8 11 12,0.00193983,33.4747,Yes,N/A,N/A,N/A,4,5,1 5,7,8,1 8,1 4 5,11,12
4 5 7 8 12,0.00328289,27.8334,Yes,N/A,N/A,N/A,4,5,N/A,7,8,4 5,N/A,4 7,12
1 4 5 7 8 10,0.0235518,19.6476,Yes,N/A,N/A,N/A,4,5,1 5,7,8,1 8,10,1 10,4 8
1 4 5 7 8 10 12,0.00324603,30.9458,Yes,N/A,N/A,N/A,4,5,1 5,7,8,1 8,10,1 10,12
4 5 7 8 10,0.0106524,23.5739,Yes,N/A,N/A,N/A,4,5,N/A,7,8,4 5,10,4 7,4 8
1 4 5 7 8 10 11,0.00663326,29.2582,Yes,N/A,N/A,N/A,4,5,1 5,7,8,1 8,10,11,1 11
1 4 5 7 8 10 11 12,0.00104736,40.6571,Yes,N/A,N/A,N/A,4,5,1 5,7,8,1 8,10,11,12
4 5 7 8 11,0.00653006,26.298,Yes,N/A,N/A,N/A,4,5,N/A,7,8,4 5,N/A,11,4 8
4 5 7 8 11 12,0.000871032,37.8999,Yes,N/A,N/A,N/A,4,5,N/A,7,8,4 5,N/A,11,12
1 4 5 7 8 9,0.0290042,18.558,Yes,N/A,N/A,N/A,4,5,1 5,7,8,9,1 9,4 7,4 8
1 4 5 7 8 9 12,0.00397151,29.8679,Yes,N/A,N/A,N/A,4,5,1 5,7,8,9,1 9,4 7,12
4 5 7 8 9,0.0107739,23.8411,Yes,N/A,N/A,N/A,4,5,N/A,7,8,9,N/A,4 7,4 8
1 4 5 7 8 9 11,0.00847733,27.7204,Yes,N/A,N/A,N/A,4,5,1 5,7,8,9,1 9,11,1 11
1 4 5 7 8 9 11 12,0.00135322,39.056,Yes,N/A,N/A,N/A,4,5,1 5,7,8,9,1 9,11,12
4 5 7 8 9 12,0.00142453,35.4569,Yes,N/A,N/A,N/A,4,5,N/A,7,8,9,N/A,4 7,12
1 4 5 7 8 9 10,0.012541,25.8922,Yes,N/A,N/A,N/A,4,5,1 5,7,8,9,10,1 10,4 8
1 4 5 7 8 9 10 12,0.00205461,37.103,Yes,N/A,N/A,N/A,4,5,1 5,7,8,9,10,1 10,12
4 5 7 8 9 10,0.00470584,30.7381,Yes,N/A,N/A,N/A,4,5,N/A,7,8,9,10,4 7,4 8
1 4 5 7 8 9 10 11,0.0041982,35.2307,Yes,N/A,N/A,N/A,4,5,1 5,7,8,9,10,11,1 11
1 4 5 7 8 9 10 11 12,0.000779049,46.5069,Yes,N/A,N/A,N/A,4,5,1 5,7,8,9,10,11,12
4 5 8 10 12,0.0013003,32.8032,Yes,N/A,N/A,N/A,4,5,N/A,N/A,8,4 5,10,N/A,12
4 5 8 10 11,0.00277206,30.6255,Yes,N/A,N/A,N/A,4,5,N/A,N/A,8,4 5,10,11,4 8
4 5 8 10 11 12,0.000381039,42.2076,Yes,N/A,N/A,N/A,4,5,N/A,N/A,8,4 5,10,11,12
4 5 8 9 11,0.00255296,30.7649,Yes,N/A,N/A,N/A,4,5,N/A,N/A,8,9,N/A,11,4 8
4 5 8 9 11 12,0.000349286,42.4449,Yes,N/A,N/A,N/A,4,5,N/A,N/A,8,9,N/A,11,12
4 5 8 9 10 12,0.000523929,40.8592,Yes,N/A,N/A,N/A,4,5,N/A,N/A,8,9,10,N/A,12
4 5 8 9 10 11,0.00114312,38.4679,Yes,N/A,N/A,N/A,4,5,N/A,N/A,8,9,10,11,4 8
4 5 8 9 10 11 12,0.000187874,50.0409,Yes,N/A,N/A,N/A,4,5,N/A,N/A,8,9,10,11,12
1 4 5 6,0.107446,8.20276,Yes,N/A,N/A,N/A,4,5,6,1 6,N/A,4 5,4 6,5 6,1 5 6
1 4 5 6 12,0.0093307,19.612,Yes,N/A,N/A,N/A,4,5,6,1 6,N/A,4 5,4 6,5 6,12
4 5 6,0.066358,9.98611,Yes,N/A,N/A,N/A,4,5,6,N/A,N/A,4 5,4 6,5 6,N/A
1 4 5 6 11,0.0228624,17.8688,Yes,N/A,N/A,N/A,4,5,6,1 6,N/A,4 5,4 6,11,1 11
1 4 5 6 11 12,0.00235967,29.5143,Yes,N/A,N/A,N/A,4,5,6,1 6,N/A,4 5,4 6,11,12
4 5 6 12,0.00574417,21.2482,Yes,N/A,N/A,N/A,4,5,6,N/A,N/A,4 5,4 6,5 6,12
1 4 5 6 10,0.0327289,16.4606,Yes,N/A,N/A,N/A,4,5,6,1 6,N/A,4 5,10,1 10,1 5 6
1 4 5 6 10 12,0.0038098,27.7358,Yes,N/A,N/A,N/A,4,5,6,1 6,N/A,4 5,10,1 10,12
4 5 6 10,0.0149177,19.1202,Yes,N/A,N/A,N/A,4,5,6,N/A,N/A,4 5,10,5 6,N/A
1 4 5 6 10 11,0.00793872,26.3607,Yes,N/A,N/A,N/A,4,5,6,1 6,N/A,4 5,10,11,1 11
1 4 5 6 10 11 12,0.00104687,37.9224,Yes,N/A,N/A,N/A,4,5,6,1 6,N/A,4 5,10,11,12
4 5 6 11,0.0107167,20.3271,Yes,N/A,N/A,N/A,4,5,6,N/A,N/A,4 5,4 6,11,N/A
4 5 6 11 12,0.00123838,31.5223,Yes,N/A,N/A,N/A,4,5,6,N/A,N/A,4 5,4 6,11,12
1 4 5 6 9,0.0377515,15.3002,Yes,N/A,N/A,N/A,4,5,6,1 6,N/A,9,1 9,5 6,1 5 6
1 4 5 6 9 12,0.00443355,26.5674,Yes,N/A,N/A,N/A,4,5,6,1 6,N/A,9,1 9,5 6,12
4 5 6 9,0.0178326,17.9921,Yes,N/A,N/A,N/A,4,5,6,N/A,N/A,9,4 6,5 6,N/A
1 4 5 6 9 11,0.00977207,24.8968,Yes,N/A,N/A,N/A,4,5,6,1 6,N/A,9,1 9,11,1 11
1 4 5 6 9 11 12,0.00132173,36.3687,Yes,N/A,N/A,N/A,4,5,6,1 6,N/A,9,1 9,11,12
4 5 6 9 12,0.00207667,29.1475,Yes,N/A,N/A,N/A,4,5,6,N/A,N/A,9,4 6,5 6,12
1 4 5 6 9 10,0.013003,23.8026,Yes,N/A,N/A,N/A,4,5,6,1 6,N/A,9,10,1 10,1 5 6
1 4 5 6 9 10 12,0.0019171,34.9678,Yes,N/A,N/A,N/A,4,5,6,1 6,N/A,9,10,1 10,12
4 5 6 9 10,0.00520119,27.0841,Yes,N/A,N/A,N/A,4,5,6,N/A,N/A,9,10,5 6,N/A
1 4 5 6 9 10 11,0.00389474,33.5253,Yes,N/A,N/A,N/A,4,5,6,1 6,N/A,9,10,11,1 11
1 4 5 6 9 10 11 12,0.000634658,44.9646,Yes,N/A,N/A,N/A,4,5,6,1 6,N/A,9,10,11,12
4 5 6 10 12,0.00172897,30.2921,Yes,N/A,N/A,N/A,4,5,6,N/A,N/A,4 5,10,5 6,12
4 5 6 10 11,0.00320073,29.4137,Yes,N/A,N/A,N/A,4,5,6,N/A,N/A,4 5,10,11,N/A
4 5 6 10 11 12,0.000464392,40.508,Yes,N/A,N/A,N/A,4,5,6,N/A,N/A,4 5,10,11,12
1 4 5 6 8,0.0650006,11.5468,Yes,N/A,N/A,N/A,4,5,6,1 6,8,1 8,4 6,5 6,4 8
1 4 5 6 8 12,0.00719589,22.8588,Yes,N/A,N/A,N/A,4,5,6,1 6,8,1 8,4 6,5 6,12
4 5 6 8,0.0343793,14.7427,Yes,N/A,N/A,N/A,4,5,6,N/A,8,4 5,4 6,5 6,4 8
1 4 5 6 8 11,0.0163839,20.8182,Yes,N/A,N/A,N/A,4,5,6,1 6,8,1 8,4 6,11,1 11
1 4 5 6 8 11 12,0.00213185,32.2584,Yes,N/A,N/A,N/A,4,5,6,1 6,8,1 8,4 6,11,12
4 5 6 8 12,0.00358177,26.2449,Yes,N/A,N/A,N/A,4,5,6,N/A,8,4 5,4 6,5 6,12
1 4 5 6 8 10,0.0237834,19.1249,Yes,N/A,N/A,N/A,4,5,6,1 6,8,1 8,10,1 10,4 8
1 4 5 6 8 10 12,0.00328088,30.3279,Yes,N/A,N/A,N/A,4,5,6,1 6,8,1 8,10,1 10,12
4 5 6 8 10,0.0102738,23.3858,Yes,N/A,N/A,N/A,4,5,6,N/A,8,4 5,10,5 6,4 8
1 4 5 6 8 10 11,0.00673544,28.6198,Yes,N/A,N/A,N/A,4,5,6,1 6,8,1 8,10,11,1 11
1 4 5 6 8 10 11 12,0.00106441,39.9392,Yes,N/A,N/A,N/A,4,5,6,1 6,8,1 8,10,11,12
4 5 6 8 11,0.00702065,24.7613,Yes,N/A,N/A,N/A,4,5,6,N/A,8,4 5,4 6,11,4 8
4 5 6 8 11 12,0.000947042,36.1857,Yes,N/A,N/A,N/A,4,5,6,N/A,8,4 5,4 6,11,12
1 4 5 6 8 9,0.0292297,18.0323,Yes,N/A,N/A,N/A,4,5,6,1 6,8,9,1 9,5 6,4 8
1 4 5 6 8 9 12,0.00395941,29.3384,Yes,N/A,N/A,N/A,4,5,6,1 6,8,9,1 9,5 6,12
4 5 6 8 9,0.0125553,22.1608,Yes,N/A,N/A,N/A,4,5,6,N/A,8,9,4 6,5 6,4 8
1 4 5 6 8 9 11,0.00866146,27.1105,Yes,N/A,N/A,N/A,4,5,6,1 6,8,9,1 9,11,1 11
1 4 5 6 8 9 11 12,0.00136663,38.4683,Yes,N/A,N/A,N/A,4,5,6,1 6,8,9,1 9,11,12
4 5 6 8 9 12,0.00164482,33.612,Yes,N/A,N/A,N/A,4,5,6,N/A,8,9,4 6,5 6,12
1 4 5 6 8 9 10,0.0121663,25.6622,Yes,N/A,N/A,N/A,4,5,6,1 6,8,9,10,1 10,4 8
1 4 5 6 8 9 10 12,0.0019955,36.8283,Yes,N/A,N/A,N/A,4,5,6,1 6,8,9,10,1 10,12
4 5 6 8 9 10,0.00462963,30.658,Yes,N/A,N/A,N/A,4,5,6,N/A,8,9,10,5 6,4 8
1 4 5 6 8 9 10 11,0.00408609,34.8971,Yes,N/A,N/A,N/A,4,5,6,1 6,8,9,10,11,1 11
1 4 5 6 8 9 10 11 12,0.000756201,46.1681,Yes,N/A,N/A,N/A,4,5,6,1 6,8,9,10,11,12
4 5 6 9 11,0.00381039,28.2887,Yes,N/A,N/A,N/A,4,5,6,N/A,N/A,9,4 6,11,N/A
4 5 6 9 11 12,0.000555683,39.3655,Yes,N/A,N/A,N/A,4,5,6,N/A,N/A,9,4 6,11,12
4 5 6 9 10 12,0.000762079,38.1352,Yes,N/A,N/A,N/A,4,5,6,N/A,N/A,9,10,5 6,12
4 5 6 9 10 11,0.00138127,37.3498,Yes,N/A,N/A,N/A,4,5,6,N/A,N/A,9,10,11,N/A
4 5 6 9 10 11 12,0.000243442,48.3112,Yes,N/A,N/A,N/A,4,5,6,N/A,N/A,9,10,11,12
1 4 5 6 7,0.0833119,10.2349,Yes,N/A,N/A,N/A,4,5,6,7,1 7,4 5,4 6,4 7,5 7
1 4 5 6 7 12,0.00909851,21.4999,Yes,N/A,N/A,N/A,4,5,6,7,1 7,4 5,4 6,4 7,12
4 5 6 7,0.0477109,13.2789,Yes,N/A,N/A,N/A,4,5,6,7,N/A,4 5,4 6,4 7,5 7
1 4 5 6 7 11,0.0210024,19.5983,Yes,N/A,N/A,N/A,4,5,6,7,1 7,4 5,4 6,11,1 11
1 4 5 6 7 11 12,0.0026733,31.0359,Yes,N/A,N/A,N/A,4,5,6,7,1 7,4 5,4 6,11,12
4 5 6 7 12,0.0049297,24.718,Yes,N/A,N/A,N/A,4,5,6,7,N/A,4 5,4 6,4 7,12
1 4 5 6 7 10,0.0306892,17.845,Yes,N/A,N/A,N/A,4,5,6,7,1 7,4 5,10,1 10,5 7
1 4 5 6 7 10 12,0.00424561,28.9309,Yes,N/A,N/A,N/A,4,5,6,7,1 7,4 5,10,1 10,12
4 5 6 7 10,0.0135674,21.8654,Yes,N/A,N/A,N/A,4,5,6,7,N/A,4 5,10,4 7,5 7
1 4 5 6 7 10 11,0.0086744,27.4459,Yes,N/A,N/A,N/A,4,5,6,7,1 7,4 5,10,11,1 11
1 4 5 6 7 10 11 12,0.00135054,38.7642,Yes,N/A,N/A,N/A,4,5,6,7,1 7,4 5,10,11,12
4 5 6 7 11,0.00928784,23.4016,Yes,N/A,N/A,N/A,4,5,6,7,N/A,4 5,4 6,11,5 7
4 5 6 7 11 12,0.00123084,34.8083,Yes,N/A,N/A,N/A,4,5,6,7,N/A,4 5,4 6,11,12
1 4 5 6 7 9,0.0395162,16.0172,Yes,N/A,N/A,N/A,4,5,6,7,1 7,9,1 9,4 7,5 7
1 4 5 6 7 9 12,0.00540117,27.1152,Yes,N/A,N/A,N/A,4,5,6,7,1 7,9,1 9,4 7,12
4 5 6 7 9,0.0174897,20.5581,Yes,N/A,N/A,N/A,4,5,6,7,N/A,9,4 6,4 7,5 7
1 4 5 6 7 9 11,0.0113392,25.35,Yes,N/A,N/A,N/A,4,5,6,7,1 7,9,1 9,11,1 11
1 4 5 6 7 9 11 12,0.0017852,36.5524,Yes,N/A,N/A,N/A,4,5,6,7,1 7,9,1 9,11,12
4 5 6 7 9 12,0.00229179,31.9245,Yes,N/A,N/A,N/A,4,5,6,7,N/A,9,4 6,4 7,12
1 4 5 6 7 9 10,0.0157792,23.8986,Yes,N/A,N/A,N/A,4,5,6,7,1 7,9,10,1 10,5 7
1 4 5 6 7 9 10 12,0.0026278,34.8441,Yes,N/A,N/A,N/A,4,5,6,7,1 7,9,10,1 10,12
4 5 6 7 9 10,0.00619665,28.9817,Yes,N/A,N/A,N/A,4,5,6,7,N/A,9,10,4 7,5 7
1 4 5 6 7 9 10 11,0.00523534,33.2687,Yes,N/A,N/A,N/A,4,5,6,7,1 7,9,10,11,1 11
1 4 5 6 7 9 10 11 12,0.000969707,44.3711,Yes,N/A,N/A,N/A,4,5,6,7,1 7,9,10,11,12
4 5 6 7 10 12,0.00182958,33.1825,Yes,N/A,N/A,N/A,4,5,6,7,N/A,4 5,10,4 7,12
4 5 6 7 10 11,0.00335315,31.9192,Yes,N/A,N/A,N/A,4,5,6,7,N/A,4 5,10,11,5 7
4 5 6 7 10 11 12,0.000549729,43.1957,Yes,N/A,N/A,N/A,4,5,6,7,N/A,4 5,10,11,12
1 4 5 6 7 8,0.054778,14.1208,Yes,N/A,N/A,N/A,4,5,6,7,8,1 8,4 6,4 7,4 8
1 4 5 6 7 8 12,0.0072992,25.2713,Yes,N/A,N/A,N/A,4,5,6,7,8,1 8,4 6,4 7,12
4 5 6 7 8,0.0282136,16.9188,Yes,N/A,N/A,N/A,4,5,6,7,8,4 5,4 6,4 7,4 8
1 4 5 6 7 8 11,0.0159932,23.1657,Yes,N/A,N/A,N/A,4,5,6,7,8,1 8,4 6,11,1 11
1 4 5 6 7 8 11 12,0.00243683,34.5099,Yes,N/A,N/A,N/A,4,5,6,7,8,1 8,4 6,11,12
4 5 6 7 8 12,0.00361085,28.2468,Yes,N/A,N/A,N/A,4,5,6,7,8,4 5,4 6,4 7,12
1 4 5 6 7 8 10,0.0235861,21.0738,Yes,N/A,N/A,N/A,4,5,6,7,8,1 8,10,1 10,4 8
1 4 5 6 7 8 10 12,0.00380264,32.0851,Yes,N/A,N/A,N/A,4,5,6,7,8,1 8,10,1 10,12
4 5 6 7 8 10,0.0104137,24.6991,Yes,N/A,N/A,N/A,4,5,6,7,8,4 5,10,4 7,4 8
1 4 5 6 7 8 10 11,0.00765688,30.3497,Yes,N/A,N/A,N/A,4,5,6,7,8,1 8,10,11,1 11
1 4 5 6 7 8 10 11 12,0.00138138,41.5553,Yes,N/A,N/A,N/A,4,5,6,7,8,1 8,10,11,12
4 5 6 7 8 11,0.00696588,26.5804,Yes,N/A,N/A,N/A,4,5,6,7,8,4 5,4 6,11,4 8
4 5 6 7 8 11 12,0.00109321,37.8446,Yes,N/A,N/A,N/A,4,5,6,7,8,4 5,4 6,11,12
1 4 5 6 7 8 9,0.0305855,19.4379,Yes,N/A,N/A,N/A,4,5,6,7,8,9,1 9,4 7,4 8
1 4 5 6 7 8 9 12,0.00485829,30.4921,Yes,N/A,N/A,N/A,4,5,6,7,8,9,1 9,4 7,12
4 5 6 7 8 9,0.0132538,23.2407,Yes,N/A,N/A,N/A,4,5,6,7,8,9,4 6,4 7,4 8
1 4 5 6 7 8 9 11,0.0101977,28.2825,Yes,N/A,N/A,N/A,4,5,6,7,8,9,1 9,11,1 11
1 4 5 6 7 8 9 11 12,0.00183776,39.4558,Yes,N/A,N/A,N/A,4,5,6,7,8,9,1 9,11,12
4 5 6 7 8 9 12,0.00204379,34.4852,Yes,N/A,N/A,N/A,4,5,6,7,8,9,4 6,4 7,12
1 4 5 6 7 8 9 10,0.0145677,26.586,Yes,N/A,N/A,N/A,4,5,6,7,8,9,10,1 10,4 8
1 4 5 6 7 8 9 10 12,0.00272485,37.4944,Yes,N/A,N/A,N/A,4,5,6,7,8,9,10,1 10,12
4 5 6 7 8 9 10,0.00583169,30.6454,Yes,N/A,N/A,N/A,4,5,6,7,8,9,10,4 7,4 8
1 4 5 6 7 8 9 10 11,0.00546296,35.5573,Yes,N/A,N/A,N/A,4,5,6,7,8,9,10,11,1 11
1 4 5 6 7 8 9 10 11 12,0.00113216,46.6404,Yes,N/A,N/A,N/A,4,5,6,7,8,9,10,11,12
5 7 9 11,0.00377229,26.8963,Yes,N/A,N/A,N/A,N/A,5,N/A,7,N/A,9,N/A,11,5 7
5 7 9 11 12,0.000438195,38.6137,Yes,N/A,N/A,N/A,N/A,5,N/A,7,N/A,9,N/A,11,12
5 7 9 10 12,0.000657293,37.1171,Yes,N/A,N/A,N/A,N/A,5,N/A,7,N/A,9,10,N/A,12
5 7 9 10 11,0.00148605,34.948,Yes,N/A,N/A,N/A,N/A,5,N/A,7,N/A,9,10,11,5 7
5 7 9 10 11 12,0.000214335,46.5784,Yes,N/A,N/A,N/A,N/A,5,N/A,7,N/A,9,10,11,12
5 7 8 10 12,0.000821616,35.8129,Yes,N/A,N/A,N/A,N/A,5,N/A,7,8,N/A,10,N/A,12
5 7 8 10 11,0.00185757,33.5966,Yes,N/A,N/A,N/A,N/A,5,N/A,7,8,N/A,10,11,5 7
5 7 8 10 11 12,0.000267918,45.205,Yes,N/A,N/A,N/A,N/A,5,N/A,7,8,N/A,10,11,12
5 7 8 9 11,0.00247676,32.1091,Yes,N/A,N/A,N/A,N/A,5,N/A,7,8,9,N/A,11,5 7
5 7 8 9 11 12,0.000357225,43.6901,Yes,N/A,N/A,N/A,N/A,5,N/A,7,8,9,N/A,11,12
5 7 8 9 10 12,0.000535837,41.9996,Yes,N/A,N/A,N/A,N/A,5,N/A,7,8,9,10,N/A,12
5 7 8 9 10 11,0.00119075,39.4289,Yes,N/A,N/A,N/A,N/A,5,N/A,7,8,9,10,11,5 7
5 7 8 9 10 11 12,0.000205073,50.8674,Yes,N/A,N/A,N/A,N/A,5,N/A,7,8,9,10,11,12
5 6 8 10 12,0.00102404,34.4934,Yes,N/A,N/A,N/A,N/A,5,6,N/A,8,N/A,10,5 6,12
5 6 8 10 11,0.00161942,33.7375,Yes,N/A,N/A,N/A,N/A,5,6,N/A,8,N/A,10,11,N/A
5 6 8 10 11 12,0.000257995,44.868,Yes,N/A,N/A,N/A,N/A,5,6,N/A,8,N/A,10,11,12
5 6 8 9 11,0.00215922,32.3007,Yes,N/A,N/A,N/A,N/A,5,6,N/A,8,9,N/A,11,N/A
5 6 8 9 11 12,0.000343994,43.3847,Yes,N/A,N/A,N/A,N/A,5,6,N/A,8,9,N/A,11,12
5 6 8 9 10 12,0.000635066,40.6135,Yes,N/A,N/A,N/A,N/A,5,6,N/A,8,9,10,5 6,12
5 6 8 9 10 11,0.00103198,39.8694,Yes,N/A,N/A,N/A,N/A,5,6,N/A,8,9,10,11,N/A
5 6 8 9 10 11 12,0.000194048,50.7192,Yes,N/A,N/A,N/A,N/A,5,6,N/A,8,9,10,11,12
5 6 7 9 11,0.00316263,30.5031,Yes,N/A,N/A,N/A,N/A,5,6,7,N/A,9,N/A,11,5 7
5 6 7 9 11 12,0.000452484,42.0859,Yes,N/A,N/A,N/A,N/A,5,6,7,N/A,9,N/A,11,12
5 6 7 9 10 12,0.000821616,39.2501,Yes,N/A,N/A,N/A,N/A,5,6,7,N/A,9,10,5 6,12
5 6 7 9 10 11,0.00147653,37.862,Yes,N/A,N/A,N/A,N/A,5,6,7,N/A,9,10,11,5 7
5 6 7 9 10 11 12,0.000252703,49.3022,Yes,N/A,N/A,N/A,N/A,5,6,7,N/A,9,10,11,12
5 6 7 8 10 12,0.00102702,37.7647,Yes,N/A,N/A,N/A,N/A,5,6,7,8,N/A,10,5 6,12
5 6 7 8 10 11,0.00184566,36.352,Yes,N/A,N/A,N/A,N/A,5,6,7,8,N/A,10,11,5 7
5 6 7 8 10 11 12,0.000315879,47.7558,Yes,N/A,N/A,N/A,N/A,5,6,7,8,N/A,10,11,12
5 6 7 8 9 11,0.00246088,34.6607,Yes,N/A,N/A,N/A,N/A,5,6,7,8,9,N/A,11,5 7
5 6 7 8 9 11 12,0.000421172,46.019,Yes,N/A,N/A,N/A,N/A,5,6,7,8,9,N/A,11,12
5 6 7 8 9 10 12,0.000750833,42.496,Yes,N/A,N/A,N/A,N/A,5,6,7,8,9,10,5 6,12
5 6 7 8 9 10 11,0.00136275,40.8852,Yes,N/A,N/A,N/A,N/A,5,6,7,8,9,10,11,5 7
5 6 7 8 9 10 11 12,0.00027141,52.0005,Yes,N/A,N/A,N/A,N/A,5,6,7,8,9,10,11,12
1 3,0.0925926,3.49074,Yes,N/A,N/A,3,1 3,N/A,N/A,N/A,N/A,N/A,N/A,N/A,N/A
1 3 12,0.00514403,15.106,Yes,N/A,N/A,3,1 3,N/A,N/A,N/A,N/A,N/A,N/A,N/A,12
3,0.0555556,2.83333,Yes,N/A,N/A,3,N/A,N/A,N/A,N/A,N/A,N/A,N/A,N/A,N/A
1 3 11,0.0133745,13.4187,Yes,N/A,N/A,3,1 3,N/A,N/A,N/A,N/A,N/A,N/A,11,1 11
1 3 11 12,0.00098594,25.3253,Yes,N/A,N/A,3,1 3,N/A,N/A,N/A,N/A,N/A,N/A,11,12
3 12,0.00308642,14.4769,Yes,N/A,N/A,3,N/A,N/A,N/A,N/A,N/A,N/A,N/A,N/A,12
1 3 10,0.0216049,11.8534,Yes,N/A,N/A,3,1 3,N/A,N/A,N/A,N/A,N/A,10,1 10,N/A
1 3 10 12,0.00180041,23.354,Yes,N/A,N/A,3,1 3,N/A,N/A,N/A,N/A,N/A,10,1 10,12
3 10,0.00925926,11.9398,Yes,N/A,N/A,3,N/A,N/A,N/A,N/A,N/A,N/A,10,N/A,N/A
1 3 10 11,0.00385802,22.2043,Yes,N/A,N/A,3,1 3,N/A,N/A,N/A,N/A,N/A,10,11,1 11
1 3 10 11 12,0.000385802,34.0817,Yes,N/A,N/A,3,1 3,N/A,N/A,N/A,N/A,N/A,10,11,12
3 11,0.00617284,13.179,Yes,N/A,N/A,3,N/A,N/A,N/A,N/A,N/A,N/A,N/A,11,N/A
3 11 12,0.000514403,24.7826,Yes,N/A,N/A,3,N/A,N/A,N/A,N/A,N/A,N/A,N/A,11,12
1 3 9,0.034465,10.072,Yes,N/A,N/A,3,1 3,N/A,N/A,N/A,N/A,9,1 9,N/A,3 9
1 3 9 12,0.00261488,21.8657,Yes,N/A,N/A,3,1 3,N/A,N/A,N/A,N/A,9,1 9,N/A,12
3 9,0.0401235,10.4259,Yes,N/A,N/A,3,N/A,N/A,N/A,N/A,N/A,9,N/A,N/A,3 9
1 3 9 11,0.00703018,19.9569,Yes,N/A,N/A,3,1 3,N/A,N/A,N/A,N/A,9,1 9,11,1 11
1 3 9 11 12,0.000645386,31.7899,Yes,N/A,N/A,3,1 3,N/A,N/A,N/A,N/A,9,1 9,11,12
3 9 12,0.00180041,22.3205,Yes,N/A,N/A,3,N/A,N/A,N/A,N/A,N/A,9,N/A,N/A,12
1 3 9 10,0.0122171,18.7879,Yes,N/A,N/A,3,1 3,N/A,N/A,N/A,N/A,9,10,1 10,3 9
1 3 9 10 12,0.00108953,30.5655,Yes,N/A,N/A,3,1 3,N/A,N/A,N/A,N/A,9,10,1 10,12
3 9 10,0.00771605,19.2829,Yes,N/A,N/A,3,N/A,N/A,N/A,N/A,N/A,9,10,N/A,3 9
1 3 9 10 11,0.00240055,29.3334,Yes,N/A,N/A,3,1 3,N/A,N/A,N/A,N/A,9,10,11,1 11
1 3 9 10 11 12,0.000273872,41.191,Yes,N/A,N/A,3,1 3,N/A,N/A,N/A,N/A,9,10,11,12
3 10 12,0.000771605,23.526,Yes,N/A,N/A,3,N/A,N/A,N/A,N/A,N/A,N/A,10,N/A,12
3 10 11,0.00154321,22.1759,Yes,N/A,N/A,3,N/A,N/A,N/A,N/A,N/A,N/A,10,11,N/A
3 10 11 12,0.000171468,33.7121,Yes,N/A,N/A,3,N/A,N/A,N/A,N/A,N/A,N/A,10,11,12
1 3 8,0.0751029,8.13477,Yes,N/A,N/A,3,1 3,N/A,N/A,N/A,8,1 8,N/A,3 8,1 3 8
1 3 8 12,0.00445816,19.8654,Yes,N/A,N/A,3,1 3,N/A,N/A,N/A,8,1 8,N/A,3 8,12
3 8,0.0709877,9.02623,Yes,N/A,N/A,3,N/A,N/A,N/A,N/A,8,N/A,N/A,3 8,N/A
1 3 8 11,0.0112311,18.5191,Yes,N/A,N/A,3,1 3,N/A,N/A,N/A,8,1 8,N/A,11,1 11
1 3 8 11 12,0.000947836,30.3317,Yes,N/A,N/A,3,1 3,N/A,N/A,N/A,8,1 8,N/A,11,12
3 8 12,0.00437243,20.5472,Yes,N/A,N/A,3,N/A,N/A,N/A,N/A,8,N/A,N/A,3 8,12
1 3 8 10,0.0205761,16.3336,Yes,N/A,N/A,3,1 3,N/A,N/A,N/A,8,1 8,10,1 10,1 3 8
1 3 8 10 12,0.00185757,27.9612,Yes,N/A,N/A,3,1 3,N/A,N/A,N/A,8,1 8,10,1 10,12
3 8 10,0.0131173,17.8002,Yes,N/A,N/A,3,N/A,N/A,N/A,N/A,8,N/A,10,3 8,N/A
1 3 8 10 11,0.00385802,26.7169,Yes,N/A,N/A,3,1 3,N/A,N/A,N/A,8,1 8,10,11,1 11
1 3 8 10 11 12,0.000434623,38.4714,Yes,N/A,N/A,3,1 3,N/A,N/A,N/A,8,1 8,10,11,12
3 8 11,0.00565844,19.7836,Yes,N/A,N/A,3,N/A,N/A,N/A,N/A,8,N/A,N/A,11,N/A
3 8 11 12,0.000542981,31.2815,Yes,N/A,N/A,3,N/A,N/A,N/A,N/A,8,N/A,N/A,11,12
1 3 8 9,0.0332647,15.0544,Yes,N/A,N/A,3,1 3,N/A,N/A,N/A,8,9,1 9,3 8,3 9
1 3 8 9 12,0.00286375,26.7523,Yes,N/A,N/A,3,1 3,N/A,N/A,N/A,8,9,1 9,3 8,12
3 8 9,0.0252058,16.1216,Yes,N/A,N/A,3,N/A,N/A,N/A,N/A,8,9,N/A,3 8,3 9
1 3 8 9 11,0.00619189,25.3698,Yes,N/A,N/A,3,1 3,N/A,N/A,N/A,8,9,1 9,11,1 11
1 3 8 9 11 12,0.000668671,37.1337,Yes,N/A,N/A,3,1 3,N/A,N/A,N/A,8,9,1 9,11,12
3 8 9 12,0.00192187,27.9269,Yes,N/A,N/A,3,N/A,N/A,N/A,N/A,8,9,N/A,3 8,12
1 3 8 9 10,0.0105381,23.9987,Yes,N/A,N/A,3,1 3,N/A,N/A,N/A,8,9,10,1 10,3 9
1 3 8 9 10 12,0.00114391,35.7221,Yes,N/A,N/A,3,1 3,N/A,N/A,N/A,8,9,10,1 10,12
3 8 9 10,0.00673011,24.5135,Yes,N/A,N/A,3,N/A,N/A,N/A,N/A,8,9,10,3 8,3 9
1 3 8 9 10 11,0.00236244,34.4561,Yes,N/A,N/A,3,1 3,N/A,N/A,N/A,8,9,10,11,1 11
1 3 8 9 10 11 12,0.000311248,46.2524,Yes,N/A,N/A,3,1 3,N/A,N/A,N/A,8,9,10,11,12
3 9 11,0.00514403,20.5969,Yes,N/A,N/A,3,N/A,N/A,N/A,N/A,N/A,9,N/A,11,3 9
3 9 11 12,0.000357225,32.4725,Yes,N/A,N/A,3,N/A,N/A,N/A,N/A,N/A,9,N/A,11,12
3 9 10 12,0.000535837,31.15,Yes,N/A,N/A,3,N/A,N/A,N/A,N/A,N/A,9,10,N/A,12
3 9 10 11,0.00145748,29.2993,Yes,N/A,N/A,3,N/A,N/A,N/A,N/A,N/A,9,10,11,3 9
3 9 10 11 12,0.000138127,41.141,Yes,N/A,N/A,3,N/A,N/A,N/A,N/A,N/A,9,10,11,12
1 3 7,0.115741,6.43056,Yes,N/A,N/A,3,1 3,N/A,N/A,7,1 7,N/A,3 7,1 3 7,N/A
1 3 7 12,0.00771605,17.7625,Yes,N/A,N/A,3,1 3,N/A,N/A,7,1 7,N/A,3 7,1 3 7,12
3 7,0.101852,7.74074,Yes,N/A,N/A,3,N/A,N/A,N/A,7,N/A,N/A,3 7,N/A,N/A
1 3 7 11,0.0185185,16.3073,Yes,N/A,N/A,3,1 3,N/A,N/A,7,1 7,N/A,3 7,11,1 11
1 3 7 11 12,0.00152178,28.0534,Yes,N/A,N/A,3,1 3,N/A,N/A,7,1 7,N/A,3 7,11,12
3 7 12,0.00617284,19.2341,Yes,N/A,N/A,3,N/A,N/A,N/A,7,N/A,N/A,3 7,N/A,12
1 3 7 10,0.0250772,15.3391,Yes,N/A,N/A,3,1 3,N/A,N/A,7,1 7,N/A,10,1 10,N/A
1 3 7 10 12,0.002497,26.5474,Yes,N/A,N/A,3,1 3,N/A,N/A,7,1 7,N/A,10,1 10,12
3 7 10,0.0115741,17.3441,Yes,N/A,N/A,3,N/A,N/A,N/A,7,N/A,N/A,10,N/A,N/A
1 3 7 10 11,0.00497257,25.3106,Yes,N/A,N/A,3,1 3,N/A,N/A,7,1 7,N/A,10,11,1 11
1 3 7 10 11 12,0.000579894,36.9909,Yes,N/A,N/A,3,1 3,N/A,N/A,7,1 7,N/A,10,11,12
3 7 11,0.0123457,17.8009,Yes,N/A,N/A,3,N/A,N/A,N/A,7,N/A,N/A,3 7,11,N/A
3 7 11 12,0.00111454,29.2275,Yes,N/A,N/A,3,N/A,N/A,N/A,7,N/A,N/A,3 7,11,12
1 3 7 9,0.0501543,12.4441,Yes,N/A,N/A,3,1 3,N/A,N/A,7,1 7,9,1 9,1 3 7,3 9
1 3 7 9 12,0.00435099,24.0297,Yes,N/A,N/A,3,1 3,N/A,N/A,7,1 7,9,1 9,1 3 7,12
3 7 9,0.0339506,14.7341,Yes,N/A,N/A,3,N/A,N/A,N/A,7,N/A,9,3 7,N/A,3 9
1 3 7 9 11,0.009988,22.3415,Yes,N/A,N/A,3,1 3,N/A,N/A,7,1 7,9,1 9,11,1 11
1 3 7 9 11 12,0.00107167,34.0104,Yes,N/A,N/A,3,1 3,N/A,N/A,7,1 7,9,1 9,11,12
3 7 9 12,0.00261488,26.5123,Yes,N/A,N/A,3,N/A,N/A,N/A,7,N/A,9,3 7,N/A,12
1 3 7 9 10,0.0150677,21.0721,Yes,N/A,N/A,3,1 3,N/A,N/A,7,1 7,9,10,1 10,3 9
1 3 7 9 10 12,0.00166228,32.6575,Yes,N/A,N/A,3,1 3,N/A,N/A,7,1 7,9,10,1 10,12
3 7 9 10,0.00668724,24.124,Yes,N/A,N/A,3,N/A,N/A,N/A,7,N/A,9,10,N/A,3 9
1 3 7 9 10 11,0.00343412,31.221,Yes,N/A,N/A,3,1 3,N/A,N/A,7,1 7,9,10,11,1 11
1 3 7 9 10 11 12,0.000461217,42.8785,Yes,N/A,N/A,3,1 3,N/A,N/A,7,1 7,9,10,11,12
3 7 10 12,0.00109311,28.7984,Yes,N/A,N/A,3,N/A,N/A,N/A,7,N/A,N/A,10,N/A,12
3 7 10 11,0.00218621,27.3288,Yes,N/A,N/A,3,N/A,N/A,N/A,7,N/A,N/A,10,11,N/A
3 7 10 11 12,0.000271491,38.7071,Yes,N/A,N/A,3,N/A,N/A,N/A,7,N/A,N/A,10,11,12
1 3 7 8,0.0724023,11.1306,Yes,N/A,N/A,3,1 3,N/A,N/A,7,8,1 8,3 7,3 8,1 3 8
1 3 7 8 12,0.00626572,22.6067,Yes,N/A,N/A,3,1 3,N/A,N/A,7,8,1 8,3 7,3 8,12
3 7 8,0.0493827,13.1651,Yes,N/A,N/A,3,N/A,N/A,N/A,7,8,N/A,3 7,3 8,N/A
1 3 7 8 11,0.0145462,21.0722,Yes,N/A,N/A,3,1 3,N/A,N/A,7,8,1 8,3 7,11,1 11
1 3 7 8 11 12,0.00152495,32.7252,Yes,N/A,N/A,3,1 3,N/A,N/A,7,8,1 8,3 7,11,12
3 7 8 12,0.00432956,24.46,Yes,N/A,N/A,3,N/A,N/A,N/A,7,8,N/A,3 7,3 8,12
1 3 7 8 10,0.0200296,19.7245,Yes,N/A,N/A,3,1 3,N/A,N/A,7,8,1 8,10,1 10,1 3 8
1 3 7 8 10 12,0.00235054,31.1132,Yes,N/A,N/A,3,1 3,N/A,N/A,7,8,1 8,10,1 10,12
3 7 8 10,0.0100952,22.4596,Yes,N/A,N/A,3,N/A,N/A,N/A,7,8,N/A,10,3 8,N/A
1 3 7 8 10 11,0.00471298,29.7747,Yes,N/A,N/A,3,1 3,N/A,N/A,7,8,1 8,10,11,1 11
1 3 7 8 10 11 12,0.000640523,41.35,Yes,N/A,N/A,3,1 3,N/A,N/A,7,8,1 8,10,11,12
3 7 8 11,0.00711591,23.6722,Yes,N/A,N/A,3,N/A,N/A,N/A,7,8,N/A,3 7,11,N/A
3 7 8 11 12,0.000838287,34.9164,Yes,N/A,N/A,3,N/A,N/A,N/A,7,8,N/A,3 7,11,12
1 3 7 8 9,0.0328218,18.0452,Yes,N/A,N/A,3,1 3,N/A,N/A,7,8,9,1 9,3 8,3 9
1 3 7 8 9 12,0.00365838,29.5188,Yes,N/A,N/A,3,1 3,N/A,N/A,7,8,9,1 9,3 8,12
3 7 8 9,0.0211763,19.3549,Yes,N/A,N/A,3,N/A,N/A,N/A,7,8,9,3 7,3 8,3 9
1 3 7 8 9 11,0.00775137,28.0146,Yes,N/A,N/A,3,1 3,N/A,N/A,7,8,9,1 9,11,1 11
1 3 7 8 9 11 12,0.00101032,39.6251,Yes,N/A,N/A,3,1 3,N/A,N/A,7,8,9,1 9,11,12
3 7 8 9 12,0.00223384,30.9665,Yes,N/A,N/A,3,N/A,N/A,N/A,7,8,9,3 7,3 8,12
1 3 7 8 9 10,0.0116527,26.6211,Yes,N/A,N/A,3,1 3,N/A,N/A,7,8,9,10,1 10,3 9
1 3 7 8 9 10 12,0.00157526,38.1331,Yes,N/A,N/A,3,1 3,N/A,N/A,7,8,9,10,1 10,12
3 7 8 9 10,0.00605853,28.2757,Yes,N/A,N/A,3,N/A,N/A,N/A,7,8,9,10,3 8,3 9
1 3 7 8 9 10 11,0.00314903,36.7578,Yes,N/A,N/A,3,1 3,N/A,N/A,7,8,9,10,11,1 11
1 3 7 8 9 10 11 12,0.000491818,48.3784,Yes,N/A,N/A,3,1 3,N/A,N/A,7,8,9,10,11,12
3 8 10 12,0.00120027,29.2325,Yes,N/A,N/A,3,N/A,N/A,N/A,N/A,8,N/A,10,3 8,12
3 8 10 11,0.00162894,28.4928,Yes,N/A,N/A,3,N/A,N/A,N/A,N/A,8,N/A,10,11,N/A
3 8 10 11 12,0.000204809,39.8941,Yes,N/A,N/A,3,N/A,N/A,N/A,N/A,8,N/A,10,11,12
3 8 9 11,0.00345793,26.7469,Yes,N/A,N/A,3,N/A,N/A,N/A,N/A,8,9,N/A,11,3 9
3 8 9 11 12,0.000344523,38.5654,Yes,N/A,N/A,3,N/A,N/A,N/A,N/A,8,9,N/A,11,12
3 8 9 10 12,0.000688253,36.2643,Yes,N/A,N/A,3,N/A,N/A,N/A,N/A,8,9,10,3 8,12
3 8 9 10 11,0.0012479,35.0319,Yes,N/A,N/A,3,N/A,N/A,N/A,N/A,8,9,10,11,3 9
3 8 9 10 11 12,0.000156782,46.7955,Yes,N/A,N/A,3,N/A,N/A,N/A,N/A,8,9,10,11,12
1 3 6,0.146091,5.3678,Yes,N/A,N/A,3,1 3,N/A,6,1 6,N/A,3 6,1 3 6,N/A,N/A
1 3 6 12,0.00934499,16.6865,Yes,N/A,N/A,3,1 3,N/A,6,1 6,N/A,3 6,1 3 6,N/A,12
3 6,0.126543,6.93056,Yes,N/A,N/A,3,N/A,N/A,6,N/A,N/A,3 6,N/A,N/A,N/A
1 3 6 11,0.0261488,14.5786,Yes,N/A,N/A,3,1 3,N/A,6,1 6,N/A,3 6,1 3 6,11,1 11
1 3 6 11 12,0.00209095,26.2596,Yes,N/A,N/A,3,1 3,N/A,6,1 6,N/A,3 6,1 3 6,11,12
3 6 12,0.00745885,18.4308,Yes,N/A,N/A,3,N/A,N/A,6,N/A,N/A,3 6,N/A,N/A,12
1 3 6 10,0.0360082,13.5411,Yes,N/A,N/A,3,1 3,N/A,6,1 6,N/A,3 6,10,1 10,N/A
1 3 6 10 12,0.00337934,24.6862,Yes,N/A,N/A,3,1 3,N/A,6,1 6,N/A,3 6,10,1 10,12
3 6 10,0.0223765,15.6515,Yes,N/A,N/A,3,N/A,N/A,6,N/A,N/A,3 6,10,N/A,N/A
1 3 6 10 11,0.00741598,23.328,Yes,N/A,N/A,3,1 3,N/A,6,1 6,N/A,3 6,10,11,1 11
1 3 6 10 11 12,0.000796611,34.9771,Yes,N/A,N/A,3,1 3,N/A,6,1 6,N/A,3 6,10,11,12
3 6 11,0.0149177,17.0045,Yes,N/A,N/A,3,N/A,N/A,6,N/A,N/A,3 6,N/A,11,N/A
3 6 11 12,0.00131459,28.4391,Yes,N/A,N/A,3,N/A,N/A,6,N/A,N/A,3 6,N/A,11,12
1 3 6 9,0.0497257,12.4961,Yes,N/A,N/A,3,1 3,N/A,6,1 6,N/A,9,1 9,N/A,3 9
1 3 6 9 12,0.0042212,24.1298,Yes,N/A,N/A,3,1 3,N/A,6,1 6,N/A,9,1 9,N/A,12
3 6 9,0.0252058,15.0802,Yes,N/A,N/A,3,N/A,N/A,6,N/A,N/A,9,N/A,N/A,3 9
1 3 6 9 11,0.0106215,21.7565,Yes,N/A,N/A,3,1 3,N/A,6,1 6,N/A,9,1 9,11,1 11
1 3 6 9 11 12,0.00114338,33.3989,Yes,N/A,N/A,3,1 3,N/A,6,1 6,N/A,9,1 9,11,12
3 6 9 12,0.00192187,26.9249,Yes,N/A,N/A,3,N/A,N/A,6,N/A,N/A,9,N/A,N/A,12
1 3 6 9 10,0.0155107,20.535,Yes,N/A,N/A,3,1 3,N/A,6,1 6,N/A,9,10,1 10,3 9
1 3 6 9 10 12,0.00169166,32.1305,Yes,N/A,N/A,3,1 3,N/A,6,1 6,N/A,9,10,1 10,12
3 6 9 10,0.00673011,23.6045,Yes,N/A,N/A,3,N/A,N/A,6,N/A,N/A,9,10,N/A,3 9
1 3 6 9 10 11,0.00372228,30.556,Yes,N/A,N/A,3,1 3,N/A,6,1 6,N/A,9,10,11,1 11
1 3 6 9 10 11 12,0.000492838,42.206,Yes,N/A,N/A,3,1 3,N/A,6,1 6,N/A,9,10,11,12
3 6 10 12,0.00197188,27.0571,Yes,N/A,N/A,3,N/A,N/A,6,N/A,N/A,3 6,10,N/A,12
3 6 10 11,0.00394376,25.5438,Yes,N/A,N/A,3,N/A,N/A,6,N/A,N/A,3 6,10,11,N/A
3 6 10 11 12,0.00046201,36.865,Yes,N/A,N/A,3,N/A,N/A,6,N/A,N/A,3 6,10,11,12
1 3 6 8,0.0904492,9.18343,Yes,N/A,N/A,3,1 3,N/A,6,1 6,8,1 8,1 3 6,3 8,1 3 8
1 3 6 8 12,0.00787085,20.5521,Yes,N/A,N/A,3,1 3,N/A,6,1 6,8,1 8,1 3 6,3 8,12
3 6 8,0.0527263,12.4234,Yes,N/A,N/A,3,N/A,N/A,6,N/A,8,3 6,N/A,3 8,N/A
1 3 6 8 11,0.0170563,18.9804,Yes,N/A,N/A,3,1 3,N/A,6,1 6,8,1 8,1 3 6,11,1 11
1 3 6 8 11 12,0.0018323,30.4725,Yes,N/A,N/A,3,1 3,N/A,6,1 6,8,1 8,1 3 6,11,12
3 6 8 12,0.00457247,23.7308,Yes,N/A,N/A,3,N/A,N/A,6,N/A,8,3 6,N/A,3 8,12
1 3 6 8 10,0.0259631,17.2558,Yes,N/A,N/A,3,1 3,N/A,6,1 6,8,1 8,10,1 10,1 3 8
1 3 6 8 10 12,0.00303561,28.4838,Yes,N/A,N/A,3,1 3,N/A,6,1 6,8,1 8,10,1 10,12
3 6 8 10,0.0137174,20.616,Yes,N/A,N/A,3,N/A,N/A,6,N/A,8,3 6,10,3 8,N/A
1 3 6 8 10 11,0.00605615,27.0881,Yes,N/A,N/A,3,1 3,N/A,6,1 6,8,1 8,10,11,1 11
1 3 6 8 10 11 12,0.000816324,38.5091,Yes,N/A,N/A,3,1 3,N/A,6,1 6,8,1 8,10,11,12
3 6 8 11,0.00785894,22.9166,Yes,N/A,N/A,3,N/A,N/A,6,N/A,8,3 6,N/A,11,N/A
3 6 8 11 12,0.000912907,34.1723,Yes,N/A,N/A,3,N/A,N/A,6,N/A,8,3 6,N/A,11,12
1 3 6 8 9,0.0389922,15.7666,Yes,N/A,N/A,3,1 3,N/A,6,1 6,8,9,1 9,3 8,3 9
1 3 6 8 9 12,0.00426433,27.1987,Yes,N/A,N/A,3,1 3,N/A,6,1 6,8,9,1 9,3 8,12
3 6 8 9,0.0163609,20.104,Yes,N/A,N/A,3,N/A,N/A,6,N/A,8,9,N/A,3 8,3 9
1 3 6 8 9 11,0.00879937,25.5653,Yes,N/A,N/A,3,1 3,N/A,6,1 6,8,9,1 9,11,1 11
1 3 6 8 9 11 12,0.00116418,37.0351,Yes,N/A,N/A,3,1 3,N/A,6,1 6,8,9,1 9,11,12
3 6 8 9 12,0.00171865,31.8138,Yes,N/A,N/A,3,N/A,N/A,6,N/A,8,9,N/A,3 8,12
1 3 6 8 9 10,0.0135678,23.9003,Yes,N/A,N/A,3,1 3,N/A,6,1 6,8,9,10,1 10,3 9
1 3 6 8 9 10 12,0.00181606,35.3412,Yes,N/A,N/A,3,1 3,N/A,6,1 6,8,9,10,1 10,12
3 6 8 9 10,0.00569178,27.9525,Yes,N/A,N/A,3,N/A,N/A,6,N/A,8,9,10,3 8,3 9
1 3 6 8 9 10 11,0.00366717,33.7617,Yes,N/A,N/A,3,1 3,N/A,6,1 6,8,9,10,11,1 11
1 3 6 8 9 10 11 12,0.000574867,45.233,Yes,N/A,N/A,3,1 3,N/A,6,1 6,8,9,10,11,12
3 6 9 11,0.00448674,25.0177,Yes,N/A,N/A,3,N/A,N/A,6,N/A,N/A,9,N/A,11,3 9
3 6 9 11 12,0.000458835,36.8313,Yes,N/A,N/A,3,N/A,N/A,6,N/A,N/A,9,N/A,11,12
3 6 9 10 12,0.000688253,35.404,Yes,N/A,N/A,3,N/A,N/A,6,N/A,N/A,9,10,N/A,12
3 6 9 10 11,0.00159084,33.3162,Yes,N/A,N/A,3,N/A,N/A,6,N/A,N/A,9,10,11,3 9
3 6 9 10 11 12,0.000204412,45.0729,Yes,N/A,N/A,3,N/A,N/A,6,N/A,N/A,9,10,11,12
1 3 6 7,0.108025,8.37174,Yes,N/A,N/A,3,1 3,N/A,6,7,1 7,3 6,3 7,1 3 7,N/A
1 3 6 7 12,0.0096665,19.3299,Yes,N/A,N/A,3,1 3,N/A,6,7,1 7,3 6,3 7,1 3 7,12
3 6 7,0.0679012,11.0144,Yes,N/A,N/A,3,N/A,N/A,6,7,N/A,3 6,3 7,N/A,N/A
1 3 6 7 11,0.0239198,17.4529,Yes,N/A,N/A,3,1 3,N/A,6,7,1 7,3 6,3 7,11,1 11
1 3 6 7 11 12,0.00249105,28.9805,Yes,N/A,N/A,3,1 3,N/A,6,7,1 7,3 6,3 7,11,12
3 6 7 12,0.00587277,22.2795,Yes,N/A,N/A,3,N/A,N/A,6,7,N/A,3 6,3 7,N/A,12
1 3 6 7 10,0.0329325,16.472,Yes,N/A,N/A,3,1 3,N/A,6,7,1 7,3 6,10,1 10,N/A
1 3 6 7 10 12,0.00392828,27.213,Yes,N/A,N/A,3,1 3,N/A,6,7,1 7,3 6,10,1 10,12
3 6 7 10,0.0147248,20.2067,Yes,N/A,N/A,3,N/A,N/A,6,7,N/A,3 6,10,N/A,N/A
1 3 6 7 10 11,0.0082114,25.7512,Yes,N/A,N/A,3,1 3,N/A,6,7,1 7,3 6,10,11,1 11
1 3 6 7 10 11 12,0.00109499,37.1658,Yes,N/A,N/A,3,1 3,N/A,6,7,1 7,3 6,10,11,12
3 6 7 11,0.0117455,20.6392,Yes,N/A,N/A,3,N/A,N/A,6,7,N/A,3 6,3 7,11,N/A
3 6 7 11 12,0.00135269,31.7915,Yes,N/A,N/A,3,N/A,N/A,6,7,N/A,3 6,3 7,11,12
1 3 6 7 9,0.0434885,14.7416,Yes,N/A,N/A,3,1 3,N/A,6,7,1 7,9,1 9,1 3 7,3 9
1 3 6 7 9 12,0.00485587,26.0864,Yes,N/A,N/A,3,1 3,N/A,6,7,1 7,9,1 9,1 3 7,12
3 6 7 9,0.0211763,18.5786,Yes,N/A,N/A,3,N/A,N/A,6,7,N/A,9,3 7,N/A,3 9
1 3 6 7 9 11,0.0112502,24.0067,Yes,N/A,N/A,3,1 3,N/A,6,7,1 7,9,1 9,11,1 11
1 3 6 7 9 11 12,0.00148341,35.4451,Yes,N/A,N/A,3,1 3,N/A,6,7,1 7,9,1 9,11,12
3 6 7 9 12,0.00223384,30.2486,Yes,N/A,N/A,3,N/A,N/A,6,7,N/A,9,3 7,N/A,12
1 3 6 7 9 10,0.0159846,22.7058,Yes,N/A,N/A,3,1 3,N/A,6,7,1 7,9,10,1 10,3 9
1 3 6 7 9 10 12,0.00218205,34.0229,Yes,N/A,N/A,3,1 3,N/A,6,7,1 7,9,10,1 10,12
3 6 7 9 10,0.00605853,27.6631,Yes,N/A,N/A,3,N/A,N/A,6,7,N/A,9,10,N/A,3 9
1 3 6 7 9 10 11,0.00456652,32.2903,Yes,N/A,N/A,3,1 3,N/A,6,7,1 7,9,10,11,1 11
1 3 6 7 9 10 11 12,0.000721638,43.6926,Yes,N/A,N/A,3,1 3,N/A,6,7,1 7,9,10,11,12
3 6 7 10 12,0.00170753,31.3866,Yes,N/A,N/A,3,N/A,N/A,6,7,N/A,3 6,10,N/A,12
3 6 7 10 11,0.00341507,29.6666,Yes,N/A,N/A,3,N/A,N/A,6,7,N/A,3 6,10,11,N/A
3 6 7 10 11 12,0.000494161,40.7118,Yes,N/A,N/A,3,N/A,N/A,6,7,N/A,3 6,10,11,12
1 3 6 7 8,0.0637789,12.9057,Yes,N/A,N/A,3,1 3,N/A,6,7,8,1 8,3 7,3 8,1 3 8
1 3 6 7 8 12,0.00728698,24.0298,Yes,N/A,N/A,3,1 3,N/A,6,7,8,1 8,3 7,3 8,12
3 6 7 8,0.0370799,15.3157,Yes,N/A,N/A,3,N/A,N/A,6,7,8,3 6,3 7,3 8,N/A
1 3 6 7 8 11,0.0164411,22.1175,Yes,N/A,N/A,3,1 3,N/A,6,7,8,1 8,3 7,11,1 11
1 3 6 7 8 11 12,0.00214235,33.5187,Yes,N/A,N/A,3,1 3,N/A,6,7,8,1 8,3 7,11,12
3 6 7 8 12,0.00423906,26.2573,Yes,N/A,N/A,3,N/A,N/A,6,7,8,3 6,3 7,3 8,12
1 3 6 7 8 10,0.022498,20.7921,Yes,N/A,N/A,3,1 3,N/A,6,7,8,1 8,10,1 10,1 3 8
1 3 6 7 8 10 12,0.00324132,31.7525,Yes,N/A,N/A,3,1 3,N/A,6,7,8,1 8,10,1 10,12
3 6 7 8 10,0.0111097,23.9392,Yes,N/A,N/A,3,N/A,N/A,6,7,8,3 6,10,3 8,N/A
1 3 6 7 8 10 11,0.00654078,30.1969,Yes,N/A,N/A,3,1 3,N/A,6,7,8,1 8,10,11,1 11
1 3 6 7 8 10 11 12,0.00103955,41.4788,Yes,N/A,N/A,3,1 3,N/A,6,7,8,1 8,10,11,12
3 6 7 8 11,0.00762079,25.3578,Yes,N/A,N/A,3,N/A,N/A,6,7,8,3 6,3 7,11,N/A
3 6 7 8 11 12,0.00109152,36.1922,Yes,N/A,N/A,3,N/A,N/A,6,7,8,3 6,3 7,11,12
1 3 6 7 8 9,0.0321772,19.1127,Yes,N/A,N/A,3,1 3,N/A,6,7,8,9,1 9,3 8,3 9
1 3 6 7 8 9 12,0.00442743,30.2429,Yes,N/A,N/A,3,1 3,N/A,6,7,8,9,1 9,3 8,12
3 6 7 8 9,0.0156702,22.0383,Yes,N/A,N/A,3,N/A,N/A,6,7,8,9,3 7,3 8,3 9
1 3 6 7 8 9 11,0.00936375,28.394,Yes,N/A,N/A,3,1 3,N/A,6,7,8,9,1 9,11,1 11
1 3 6 7 8 9 11 12,0.00146549,39.6913,Yes,N/A,N/A,3,1 3,N/A,6,7,8,9,1 9,11,12
3 6 7 8 9 12,0.00209373,33.446,Yes,N/A,N/A,3,N/A,N/A,6,7,8,9,3 7,3 8,12
1 3 6 7 8 9 10,0.0134435,26.9246,Yes,N/A,N/A,3,1 3,N/A,6,7,8,9,10,1 10,3 9
1 3 6 7 8 9 10 12,0.00217981,38.078,Yes,N/A,N/A,3,1 3,N/A,6,7,8,9,10,1 10,12
3 6 7 8 9 10,0.00583467,30.3809,Yes,N/A,N/A,3,N/A,N/A,6,7,8,9,10,3 8,3 9
1 3 6 7 8 9 10 11,0.00438271,36.3989,Yes,N/A,N/A,3,1 3,N/A,6,7,8,9,10,11,1 11
1 3 6 7 8 9 10 11 12,0.000796807,47.6882,Yes,N/A,N/A,3,1 3,N/A,6,7,8,9,10,11,12
3 7 9 11,0.00600137,24.5074,Yes,N/A,N/A,3,N/A,N/A,N/A,7,N/A,9,3 7,11,3 9
3 7 9 11 12,0.000619189,36.2426,Yes,N/A,N/A,3,N/A,N/A,N/A,7,N/A,9,3 7,11,12
3 7 9 10 12,0.000671582,35.9153,Yes,N/A,N/A,3,N/A,N/A,N/A,7,N/A,9,10,N/A,12
3 7 9 10 11,0.00160037,33.7738,Yes,N/A,N/A,3,N/A,N/A,N/A,7,N/A,9,10,11,3 9
3 7 9 10 11 12,0.000202427,45.5203,Yes,N/A,N/A,3,N/A,N/A,N/A,7,N/A,9,10,11,12
3 7 8 10 12,0.00119313,33.6803,Yes,N/A,N/A,3,N/A,N/A,N/A,7,8,N/A,10,3 8,12
3 7 8 10 11,0.00187186,32.9765,Yes,N/A,N/A,3,N/A,N/A,N/A,7,8,N/A,10,11,N/A
3 7 8 10 11 12,0.000279826,44.1428,Yes,N/A,N/A,3,N/A,N/A,N/A,7,8,N/A,10,11,12
3 7 8 9 11,0.00421049,29.605,Yes,N/A,N/A,3,N/A,N/A,N/A,7,8,9,3 7,11,3 9
3 7 8 9 11 12,0.000551713,41.21,Yes,N/A,N/A,3,N/A,N/A,N/A,7,8,9,3 7,11,12
3 7 8 9 10 12,0.000791848,39.8758,Yes,N/A,N/A,3,N/A,N/A,N/A,7,8,9,10,3 8,12
3 7 8 9 10 11,0.00147653,38.4995,Yes,N/A,N/A,3,N/A,N/A,N/A,7,8,9,10,11,3 9
3 7 8 9 10 11 12,0.00022955,50.105,Yes,N/A,N/A,3,N/A,N/A,N/A,7,8,9,10,11,12
1 3 5,0.170267,4.77263,Yes,N/A,N/A,3,1 3,5,1 5,N/A,3 5,1 3 5,N/A,N/A,N/A
1 3 5 12,0.0104595,16.1123,Yes,N/A,N/A,3,1 3,5,1 5,N/A,3 5,1 3 5,N/A,N/A,12
3 5,0.151235,6.11728,Yes,N/A,N/A,3,N/A,5,N/A,N/A,3 5,N/A,N/A,N/A,N/A
1 3 5 11,0.0296639,14.0274,Yes,N/A,N/A,3,1 3,5,1 5,N/A,3 5,1 3 5,N/A,11,1 11
1 3 5 11 12,0.00228862,25.7222,Yes,N/A,N/A,3,1 3,5,1 5,N/A,3 5,1 3 5,N/A,11,12
3 5 12,0.00874486,17.6243,Yes,N/A,N/A,3,N/A,5,N/A,N/A,3 5,N/A,N/A,N/A,12
1 3 5 10,0.0488683,12.1094,Yes,N/A,N/A,3,1 3,5,1 5,N/A,3 5,1 3 5,10,1 10,N/A
1 3 5 10 12,0.00437957,23.2203,Yes,N/A,N/A,3,1 3,5,1 5,N/A,3 5,1 3 5,10,1 10,12
3 5 10,0.0262346,14.858,Yes,N/A,N/A,3,N/A,5,N/A,N/A,3 5,N/A,10,N/A,N/A
1 3 5 10 11,0.00951646,21.8255,Yes,N/A,N/A,3,1 3,5,1 5,N/A,3 5,1 3 5,10,11,1 11
1 3 5 10 11 12,0.000997847,33.4251,Yes,N/A,N/A,3,1 3,5,1 5,N/A,3 5,1 3 5,10,11,12
3 5 11,0.0174897,16.2046,Yes,N/A,N/A,3,N/A,5,N/A,N/A,3 5,N/A,N/A,11,N/A
3 5 11 12,0.00151463,27.647,Yes,N/A,N/A,3,N/A,5,N/A,N/A,3 5,N/A,N/A,11,12
1 3 5 9,0.0644719,11.013,Yes,N/A,N/A,3,1 3,5,1 5,N/A,3 5,9,1 9,N/A,3 9
1 3 5 9 12,0.00542743,22.5725,Yes,N/A,N/A,3,1 3,5,1 5,N/A,3 5,9,1 9,N/A,12
3 5 9,0.0411523,13.1989,Yes,N/A,N/A,3,N/A,5,N/A,N/A,3 5,9,N/A,N/A,3 9
1 3 5 9 11,0.0143557,20.1067,Yes,N/A,N/A,3,1 3,5,1 5,N/A,3 5,9,1 9,11,1 11
1 3 5 9 11 12,0.00146833,31.7498,Yes,N/A,N/A,3,1 3,5,1 5,N/A,3 5,9,1 9,11,12
3 5 9 12,0.00328647,24.9609,Yes,N/A,N/A,3,N/A,5,N/A,N/A,3 5,9,N/A,N/A,12
1 3 5 9 10,0.0210548,18.8035,Yes,N/A,N/A,3,1 3,5,1 5,N/A,3 5,9,10,1 10,3 9
1 3 5 9 10 12,0.00231164,30.2877,Yes,N/A,N/A,3,1 3,5,1 5,N/A,3 5,9,10,1 10,12
3 5 9 10,0.010631,21.5482,Yes,N/A,N/A,3,N/A,5,N/A,N/A,3 5,9,10,N/A,3 9
1 3 5 9 10 11,0.00509164,28.7214,Yes,N/A,N/A,3,1 3,5,1 5,N/A,3 5,9,10,11,1 11
1 3 5 9 10 11 12,0.000647304,40.3678,Yes,N/A,N/A,3,1 3,5,1 5,N/A,3 5,9,10,11,12
3 5 10 12,0.00227195,26.2719,Yes,N/A,N/A,3,N/A,5,N/A,N/A,3 5,N/A,10,N/A,12
3 5 10 11,0.0045439,24.7667,Yes,N/A,N/A,3,N/A,5,N/A,N/A,3 5,N/A,10,11,N/A
3 5 10 11 12,0.000523929,36.0976,Yes,N/A,N/A,3,N/A,5,N/A,N/A,3 5,N/A,10,11,12
1 3 5 8,0.0768604,10.0759,Yes,N/A,N/A,3,1 3,5,1 5,N/A,8,1 8,N/A,3 8,1 3 8
1 3 5 8 12,0.00667891,21.5547,Yes,N/A,N/A,3,1 3,5,1 5,N/A,8,1 8,N/A,3 8,12
3 5 8,0.0367798,12.9402,Yes,N/A,N/A,3,N/A,5,N/A,N/A,8,N/A,N/A,3 8,N/A
1 3 5 8 11,0.0145938,20.0836,Yes,N/A,N/A,3,1 3,5,1 5,N/A,8,1 8,N/A,11,1 11
1 3 5 8 11 12,0.00156927,31.6629,Yes,N/A,N/A,3,1 3,5,1 5,N/A,8,1 8,N/A,11,12
3 5 8 12,0.00320788,24.3518,Yes,N/A,N/A,3,N/A,5,N/A,N/A,8,N/A,N/A,3 8,12
1 3 5 8 10,0.0246521,17.4176,Yes,N/A,N/A,3,1 3,5,1 5,N/A,8,1 8,10,1 10,1 3 8
1 3 5 8 10 12,0.00286216,28.7127,Yes,N/A,N/A,3,1 3,5,1 5,N/A,8,1 8,10,1 10,12
3 5 8 10,0.00962363,21.4178,Yes,N/A,N/A,3,N/A,5,N/A,N/A,8,N/A,10,3 8,N/A
1 3 5 8 10 11,0.00576799,27.318,Yes,N/A,N/A,3,1 3,5,1 5,N/A,8,1 8,10,11,1 11
1 3 5 8 10 11 12,0.000780436,38.7577,Yes,N/A,N/A,3,1 3,5,1 5,N/A,8,1 8,10,11,12
3 5 8 11,0.00538695,23.5974,Yes,N/A,N/A,3,N/A,5,N/A,N/A,8,N/A,N/A,11,N/A
3 5 8 11 12,0.000630303,34.9732,Yes,N/A,N/A,3,N/A,5,N/A,N/A,8,N/A,N/A,11,12
1 3 5 8 9,0.0349532,16.0778,Yes,N/A,N/A,3,1 3,5,1 5,N/A,8,9,1 9,3 8,3 9
1 3 5 8 9 12,0.00382521,27.5574,Yes,N/A,N/A,3,1 3,5,1 5,N/A,8,9,1 9,3 8,12
3 5 8 9,0.0154035,19.5878,Yes,N/A,N/A,3,N/A,5,N/A,N/A,8,9,N/A,3 8,3 9
1 3 5 8 9 11,0.00818229,25.9546,Yes,N/A,N/A,3,1 3,5,1 5,N/A,8,9,1 9,11,1 11
1 3 5 8 9 11 12,0.00106892,37.4899,Yes,N/A,N/A,3,1 3,5,1 5,N/A,8,9,1 9,11,12
3 5 8 9 12,0.00163212,31.3099,Yes,N/A,N/A,3,N/A,5,N/A,N/A,8,9,N/A,3 8,12
1 3 5 8 9 10,0.0129859,24.1593,Yes,N/A,N/A,3,1 3,5,1 5,N/A,8,9,10,1 10,3 9
1 3 5 8 9 10 12,0.00174726,35.627,Yes,N/A,N/A,3,1 3,5,1 5,N/A,8,9,10,1 10,12
3 5 8 9 10,0.00532503,27.5386,Yes,N/A,N/A,3,N/A,5,N/A,N/A,8,9,10,3 8,3 9
1 3 5 8 9 10 11,0.00357456,34.0953,Yes,N/A,N/A,3,1 3,5,1 5,N/A,8,9,10,11,1 11
1 3 5 8 9 10 11 12,0.000556124,45.616,Yes,N/A,N/A,3,1 3,5,1 5,N/A,8,9,10,11,12
3 5 9 11,0.00708733,23.0131,Yes,N/A,N/A,3,N/A,5,N/A,N/A,3 5,9,N/A,11,3 9
3 5 9 11 12,0.000755728,34.7297,Yes,N/A,N/A,3,N/A,5,N/A,N/A,3 5,9,N/A,11,12
3 5 9 10 12,0.00113359,33.244,Yes,N/A,N/A,3,N/A,5,N/A,N/A,3 5,9,10,N/A,12
3 5 9 10 11,0.00243865,31.1044,Yes,N/A,N/A,3,N/A,5,N/A,N/A,3 5,9,10,11,3 9
3 5 9 10 11 12,0.000325471,42.7381,Yes,N/A,N/A,3,N/A,5,N/A,N/A,3 5,9,10,11,12
1 3 5 7,0.127058,6.52323,Yes,N/A,N/A,3,1 3,5,1 5,7,1 7,1 3 5,3 7,1 3 7,5 7
1 3 5 7 12,0.0110168,17.8115,Yes,N/A,N/A,3,1 3,5,1 5,7,1 7,1 3 5,3 7,1 3 7,12
3 5 7,0.0740741,9.92901,Yes,N/A,N/A,3,N/A,5,N/A,7,3 5,N/A,3 7,N/A,5 7
1 3 5 7 11,0.0260631,15.878,Yes,N/A,N/A,3,1 3,5,1 5,7,1 7,1 3 5,3 7,11,1 11
1 3 5 7 11 12,0.00273118,27.3367,Yes,N/A,N/A,3,1 3,5,1 5,7,1 7,1 3 5,3 7,11,12
3 5 7 12,0.00621571,21.554,Yes,N/A,N/A,3,N/A,5,N/A,7,3 5,N/A,3 7,N/A,12
1 3 5 7 10,0.0374443,14.3733,Yes,N/A,N/A,3,1 3,5,1 5,7,1 7,1 3 5,10,1 10,5 7
1 3 5 7 10 12,0.00431289,25.5348,Yes,N/A,N/A,3,1 3,5,1 5,7,1 7,1 3 5,10,1 10,12
3 5 7 10,0.0167181,19.0517,Yes,N/A,N/A,3,N/A,5,N/A,7,3 5,N/A,10,N/A,5 7
1 3 5 7 10 11,0.00891632,23.8949,Yes,N/A,N/A,3,1 3,5,1 5,7,1 7,1 3 5,10,11,1 11
1 3 5 7 10 11 12,0.00118694,35.217,Yes,N/A,N/A,3,1 3,5,1 5,7,1 7,1 3 5,10,11,12
3 5 7 11,0.0126886,19.541,Yes,N/A,N/A,3,N/A,5,N/A,7,3 5,N/A,3 7,11,5 7
3 5 7 11 12,0.00141937,31.0939,Yes,N/A,N/A,3,N/A,5,N/A,7,3 5,N/A,3 7,11,12
1 3 5 7 9,0.0547697,12.4389,Yes,N/A,N/A,3,1 3,5,1 5,7,1 7,9,1 9,1 3 7,3 9
1 3 5 7 9 12,0.00596287,23.8515,Yes,N/A,N/A,3,1 3,5,1 5,7,1 7,9,1 9,1 3 7,12
3 5 7 9,0.0288923,16.3964,Yes,N/A,N/A,3,N/A,5,N/A,7,3 5,9,3 7,N/A,3 9
1 3 5 7 9 11,0.0140143,21.4663,Yes,N/A,N/A,3,1 3,5,1 5,7,1 7,9,1 9,11,1 11
1 3 5 7 9 11 12,0.00180524,32.9204,Yes,N/A,N/A,3,1 3,5,1 5,7,1 7,9,1 9,11,12
3 5 7 9 12,0.00302212,28.0189,Yes,N/A,N/A,3,N/A,5,N/A,7,3 5,9,3 7,N/A,12
1 3 5 7 9 10,0.0201034,20.0609,Yes,N/A,N/A,3,1 3,5,1 5,7,1 7,9,10,1 10,3 9
1 3 5 7 9 10 12,0.00268818,31.4243,Yes,N/A,N/A,3,1 3,5,1 5,7,1 7,9,10,1 10,12
3 5 7 9 10,0.00876629,25.1521,Yes,N/A,N/A,3,N/A,5,N/A,7,3 5,9,10,N/A,3 9
1 3 5 7 9 10 11,0.00566829,29.4285,Yes,N/A,N/A,3,1 3,5,1 5,7,1 7,9,10,11,1 11
1 3 5 7 9 10 11 12,0.0008745,40.8125,Yes,N/A,N/A,3,1 3,5,1 5,7,1 7,9,10,11,12
3 5 7 10 12,0.00187186,30.6453,Yes,N/A,N/A,3,N/A,5,N/A,7,3 5,N/A,10,N/A,12
3 5 7 10 11,0.00382945,28.487,Yes,N/A,N/A,3,N/A,5,N/A,7,3 5,N/A,10,11,5 7
3 5 7 10 11 12,0.000535837,39.9961,Yes,N/A,N/A,3,N/A,5,N/A,7,3 5,N/A,10,11,12
1 3 5 7 8,0.0705804,11.0454,Yes,N/A,N/A,3,1 3,5,1 5,7,8,1 8,3 7,3 8,1 3 8
1 3 5 7 8 12,0.00789784,22.2431,Yes,N/A,N/A,3,1 3,5,1 5,7,8,1 8,3 7,3 8,12
3 5 7 8,0.0313357,15.905,Yes,N/A,N/A,3,N/A,5,N/A,7,8,N/A,3 7,3 8,5 7
1 3 5 7 8 11,0.0170745,20.3611,Yes,N/A,N/A,3,1 3,5,1 5,7,8,1 8,3 7,11,1 11
1 3 5 7 8 11 12,0.00224069,31.6972,Yes,N/A,N/A,3,1 3,5,1 5,7,8,1 8,3 7,11,12
3 5 7 8 12,0.00329123,27.4705,Yes,N/A,N/A,3,N/A,5,N/A,7,8,N/A,3 7,3 8,12
1 3 5 7 8 10,0.0245104,18.6926,Yes,N/A,N/A,3,1 3,5,1 5,7,8,1 8,10,1 10,1 3 8
1 3 5 7 8 10 12,0.00344192,29.757,Yes,N/A,N/A,3,1 3,5,1 5,7,8,1 8,10,1 10,12
3 5 7 8 10,0.00918781,24.8105,Yes,N/A,N/A,3,N/A,5,N/A,7,8,N/A,10,3 8,5 7
1 3 5 7 8 10 11,0.00690455,28.0288,Yes,N/A,N/A,3,1 3,5,1 5,7,8,1 8,10,11,1 11
1 3 5 7 8 10 11 12,0.00110114,39.2098,Yes,N/A,N/A,3,1 3,5,1 5,7,8,1 8,10,11,12
3 5 7 8 11,0.00603948,26.1816,Yes,N/A,N/A,3,N/A,5,N/A,7,8,N/A,3 7,11,5 7
3 5 7 8 11 12,0.000823998,37.6895,Yes,N/A,N/A,3,N/A,5,N/A,7,8,N/A,3 7,11,12
1 3 5 7 8 9,0.0362928,16.6767,Yes,N/A,N/A,3,1 3,5,1 5,7,8,9,1 9,3 8,3 9
1 3 5 7 8 9 12,0.00484374,27.9286,Yes,N/A,N/A,3,1 3,5,1 5,7,8,9,1 9,3 8,12
3 5 7 8 9,0.0154678,21.6654,Yes,N/A,N/A,3,N/A,5,N/A,7,8,9,3 7,3 8,3 9
1 3 5 7 8 9 11,0.0102115,25.9442,Yes,N/A,N/A,3,1 3,5,1 5,7,8,9,1 9,11,1 11
1 3 5 7 8 9 11 12,0.00157762,37.2551,Yes,N/A,N/A,3,1 3,5,1 5,7,8,9,1 9,11,12
3 5 7 8 9 12,0.00198193,33.2203,Yes,N/A,N/A,3,N/A,5,N/A,7,8,9,3 7,3 8,12
1 3 5 7 8 9 10,0.015165,24.1121,Yes,N/A,N/A,3,1 3,5,1 5,7,8,9,10,1 10,3 9
1 3 5 7 8 9 10 12,0.00240365,35.3361,Yes,N/A,N/A,3,1 3,5,1 5,7,8,9,10,1 10,12
3 5 7 8 9 10,0.0058053,30.0616,Yes,N/A,N/A,3,N/A,5,N/A,7,8,9,10,3 8,3 9
1 3 5 7 8 9 10 11,0.00485458,33.4201,Yes,N/A,N/A,3,1 3,5,1 5,7,8,9,10,11,1 11
1 3 5 7 8 9 10 11 12,0.000874077,44.6431,Yes,N/A,N/A,3,1 3,5,1 5,7,8,9,10,11,12
3 5 8 10 12,0.00111692,32.7067,Yes,N/A,N/A,3,N/A,5,N/A,N/A,8,N/A,10,3 8,12
3 5 8 10 11,0.00189091,31.9742,Yes,N/A,N/A,3,N/A,5,N/A,N/A,8,N/A,10,11,N/A
3 5 8 10 11 12,0.000275857,43.2137,Yes,N/A,N/A,3,N/A,5,N/A,N/A,8,N/A,10,11,12
3 5 8 9 11,0.00309277,30.0515,Yes,N/A,N/A,3,N/A,5,N/A,N/A,8,9,N/A,11,3 9
3 5 8 9 11 12,0.000407501,41.7804,Yes,N/A,N/A,3,N/A,5,N/A,N/A,8,9,N/A,11,12
3 5 8 9 10 12,0.000706511,39.1743,Yes,N/A,N/A,3,N/A,5,N/A,N/A,8,9,10,3 8,12
3 5 8 9 10 11,0.00134158,37.833,Yes,N/A,N/A,3,N/A,5,N/A,N/A,8,9,10,11,3 9
3 5 8 9 10 11 12,0.000212571,49.4709,Yes,N/A,N/A,3,N/A,5,N/A,N/A,8,9,10,11,12
1 3 5 6,0.13756,5.71909,Yes,N/A,N/A,3,1 3,5,6,1 6,3 5,3 6,1 3 6,5 6,1 5 6
1 3 5 6 12,0.0118337,16.9899,Yes,N/A,N/A,3,1 3,5,6,1 6,3 5,3 6,1 3 6,5 6,12
3 5 6,0.0745885,8.92353,Yes,N/A,N/A,3,N/A,5,6,N/A,3 5,3 6,N/A,5 6,N/A
1 3 5 6 11,0.0289114,15.0649,Yes,N/A,N/A,3,1 3,5,6,1 6,3 5,3 6,1 3 6,11,1 11
1 3 5 6 11 12,0.00297793,26.5614,Yes,N/A,N/A,3,1 3,5,6,1 6,3 5,3 6,1 3 6,11,12
3 5 6 12,0.0063586,20.1782,Yes,N/A,N/A,3,N/A,5,6,N/A,3 5,3 6,N/A,5 6,12
1 3 5 6 10,0.0448745,13.2333,Yes,N/A,N/A,3,1 3,5,6,1 6,3 5,3 6,10,1 10,1 5 6
1 3 5 6 10 12,0.00514125,24.292,Yes,N/A,N/A,3,1 3,5,6,1 6,3 5,3 6,10,1 10,12
3 5 6 10,0.0190758,16.9783,Yes,N/A,N/A,3,N/A,5,6,N/A,3 5,3 6,10,5 6,N/A
1 3 5 6 10 11,0.0108191,22.7873,Yes,N/A,N/A,3,1 3,5,6,1 6,3 5,3 6,10,11,1 11
1 3 5 6 10 11 12,0.00140608,34.1971,Yes,N/A,N/A,3,1 3,5,6,1 6,3 5,3 6,10,11,12
3 5 6 11,0.0122028,19.2224,Yes,N/A,N/A,3,N/A,5,6,N/A,3 5,3 6,N/A,11,N/A
3 5 6 11 12,0.00138762,30.4064,Yes,N/A,N/A,3,N/A,5,6,N/A,3 5,3 6,N/A,11,12
1 3 5 6 9,0.0609877,11.6427,Yes,N/A,N/A,3,1 3,5,6,1 6,3 5,9,1 9,5 6,3 9
1 3 5 6 9 12,0.0066326,22.94,Yes,N/A,N/A,3,1 3,5,6,1 6,3 5,9,1 9,5 6,12
3 5 6 9,0.0269776,16.3288,Yes,N/A,N/A,3,N/A,5,6,N/A,3 5,9,N/A,5 6,3 9
1 3 5 6 9 11,0.0153891,20.8115,Yes,N/A,N/A,3,1 3,5,6,1 6,3 5,9,1 9,11,1 11
1 3 5 6 9 11 12,0.00198503,32.1834,Yes,N/A,N/A,3,1 3,5,6,1 6,3 5,9,1 9,11,12
3 5 6 9 12,0.00270379,27.9612,Yes,N/A,N/A,3,N/A,5,6,N/A,3 5,9,N/A,5 6,12
1 3 5 6 9 10,0.0226941,19.2683,Yes,N/A,N/A,3,1 3,5,6,1 6,3 5,9,10,1 10,3 9
1 3 5 6 9 10 12,0.00305529,30.4646,Yes,N/A,N/A,3,1 3,5,6,1 6,3 5,9,10,1 10,12
3 5 6 9 10,0.00892585,23.9635,Yes,N/A,N/A,3,N/A,5,6,N/A,3 5,9,10,5 6,3 9
1 3 5 6 9 10 11,0.00644238,28.6675,Yes,N/A,N/A,3,1 3,5,6,1 6,3 5,9,10,11,1 11
1 3 5 6 9 10 11 12,0.000992406,40.0205,Yes,N/A,N/A,3,1 3,5,6,1 6,3 5,9,10,11,12
3 5 6 10 12,0.00216716,28.068,Yes,N/A,N/A,3,N/A,5,6,N/A,3 5,3 6,10,5 6,12
3 5 6 10 11,0.00416286,27.0786,Yes,N/A,N/A,3,N/A,5,6,N/A,3 5,3 6,10,11,N/A
3 5 6 10 11 12,0.000591405,38.0719,Yes,N/A,N/A,3,N/A,5,6,N/A,3 5,3 6,10,11,12
1 3 5 6 8,0.070303,10.5358,Yes,N/A,N/A,3,1 3,5,6,1 6,8,1 8,1 3 6,3 8,1 3 8
1 3 5 6 8 12,0.00774489,21.6817,Yes,N/A,N/A,3,1 3,5,6,1 6,8,1 8,1 3 6,3 8,12
3 5 6 8,0.0311285,15.5346,Yes,N/A,N/A,3,N/A,5,6,N/A,8,3 6,N/A,3 8,N/A
1 3 5 6 8 11,0.0163987,20.1377,Yes,N/A,N/A,3,1 3,5,6,1 6,8,1 8,1 3 6,11,1 11
1 3 5 6 8 11 12,0.00215149,31.3767,Yes,N/A,N/A,3,1 3,5,6,1 6,8,1 8,1 3 6,11,12
3 5 6 8 12,0.00345238,26.6405,Yes,N/A,N/A,3,N/A,5,6,N/A,8,3 6,N/A,3 8,12
1 3 5 6 8 10,0.0261373,17.7759,Yes,N/A,N/A,3,1 3,5,6,1 6,8,1 8,10,1 10,1 3 8
1 3 5 6 8 10 12,0.00366737,28.6846,Yes,N/A,N/A,3,1 3,5,6,1 6,8,1 8,10,1 10,12
3 5 6 8 10,0.0103571,23.1739,Yes,N/A,N/A,3,N/A,5,6,N/A,8,3 6,10,3 8,N/A
1 3 5 6 8 10 11,0.00728308,27.2524,Yes,N/A,N/A,3,1 3,5,6,1 6,8,1 8,10,11,1 11
1 3 5 6 8 10 11 12,0.00115509,38.341,Yes,N/A,N/A,3,1 3,5,6,1 6,8,1 8,10,11,12
3 5 6 8 11,0.00584737,25.971,Yes,N/A,N/A,3,N/A,5,6,N/A,8,3 6,N/A,11,N/A
3 5 6 8 11 12,0.000829422,37.0098,Yes,N/A,N/A,3,N/A,5,6,N/A,8,3 6,N/A,11,12
1 3 5 6 8 9,0.0372167,16.124,Yes,N/A,N/A,3,1 3,5,6,1 6,8,9,1 9,3 8,3 9
1 3 5 6 8 9 12,0.00492323,27.3137,Yes,N/A,N/A,3,1 3,5,6,1 6,8,9,1 9,3 8,12
3 5 6 8 9,0.0138095,22.6785,Yes,N/A,N/A,3,N/A,5,6,N/A,8,9,N/A,3 8,3 9
1 3 5 6 8 9 11,0.0101022,25.6711,Yes,N/A,N/A,3,1 3,5,6,1 6,8,9,1 9,11,1 11
1 3 5 6 8 9 11 12,0.00157027,36.8451,Yes,N/A,N/A,3,1 3,5,6,1 6,8,9,1 9,11,12
3 5 6 8 9 12,0.00175688,34.2542,Yes,N/A,N/A,3,N/A,5,6,N/A,8,9,N/A,3 8,12
1 3 5 6 8 9 10,0.0156195,23.4549,Yes,N/A,N/A,3,1 3,5,6,1 6,8,9,10,1 10,3 9
1 3 5 6 8 9 10 12,0.00247964,34.583,Yes,N/A,N/A,3,1 3,5,6,1 6,8,9,10,1 10,12
3 5 6 8 9 10,0.00572909,29.7733,Yes,N/A,N/A,3,N/A,5,6,N/A,8,9,10,3 8,3 9
1 3 5 6 8 9 10 11,0.00497087,32.8223,Yes,N/A,N/A,3,1 3,5,6,1 6,8,9,10,11,1 11
1 3 5 6 8 9 10 11 12,0.000897513,43.9477,Yes,N/A,N/A,3,1 3,5,6,1 6,8,9,10,11,12
3 5 6 9 11,0.00546474,26.5274,Yes,N/A,N/A,3,N/A,5,6,N/A,3 5,9,N/A,11,3 9
3 5 6 9 11 12,0.000715507,38.1024,Yes,N/A,N/A,3,N/A,5,6,N/A,3 5,9,N/A,11,12
3 5 6 9 10 12,0.00114232,35.4815,Yes,N/A,N/A,3,N/A,5,6,N/A,3 5,9,10,5 6,12
3 5 6 9 10 11,0.00230846,33.9106,Yes,N/A,N/A,3,N/A,5,6,N/A,3 5,9,10,11,3 9
3 5 6 9 10 11 12,0.000365383,45.3469,Yes,N/A,N/A,3,N/A,5,6,N/A,3 5,9,10,11,12
1 3 5 6 7,0.0967721,8.6606,Yes,N/A,N/A,3,1 3,5,6,7,1 7,3 6,3 7,1 3 7,5 7
1 3 5 6 7 12,0.0104024,19.8385,Yes,N/A,N/A,3,1 3,5,6,7,1 7,3 6,3 7,1 3 7,12
3 5 6 7,0.0625857,11.0969,Yes,N/A,N/A,3,N/A,5,6,7,3 5,3 6,3 7,5 6,5 7
1 3 5 6 7 11,0.0245104,17.7644,Yes,N/A,N/A,3,1 3,5,6,7,1 7,3 6,3 7,11,1 11
1 3 5 6 7 11 12,0.00306028,29.1559,Yes,N/A,N/A,3,1 3,5,6,7,1 7,3 6,3 7,11,12
3 5 6 7 12,0.00629191,22.4423,Yes,N/A,N/A,3,N/A,5,6,7,3 5,3 6,3 7,5 6,12
1 3 5 6 7 10,0.0372287,15.5881,Yes,N/A,N/A,3,1 3,5,6,7,1 7,3 6,10,1 10,5 7
1 3 5 6 7 10 12,0.00506118,26.5498,Yes,N/A,N/A,3,1 3,5,6,7,1 7,3 6,10,1 10,12
3 5 6 7 10,0.0174183,19.4223,Yes,N/A,N/A,3,N/A,5,6,7,3 5,3 6,10,5 6,5 7
1 3 5 6 7 10 11,0.0103909,24.957,Yes,N/A,N/A,3,1 3,5,6,7,1 7,3 6,10,11,1 11
1 3 5 6 7 10 11 12,0.00159287,36.1743,Yes,N/A,N/A,3,1 3,5,6,7,1 7,3 6,10,11,12
3 5 6 7 11,0.0121266,20.8898,Yes,N/A,N/A,3,N/A,5,6,7,3 5,3 6,3 7,11,5 7
3 5 6 7 11 12,0.0015837,32.1688,Yes,N/A,N/A,3,N/A,5,6,7,3 5,3 6,3 7,11,12
1 3 5 6 7 9,0.0486734,14.1492,Yes,N/A,N/A,3,1 3,5,6,7,1 7,9,1 9,1 3 7,3 9
1 3 5 6 7 9 12,0.0063909,25.2974,Yes,N/A,N/A,3,1 3,5,6,7,1 7,9,1 9,1 3 7,12
3 5 6 7 9,0.0257559,17.8052,Yes,N/A,N/A,3,N/A,5,6,7,3 5,9,3 7,5 6,3 9
1 3 5 6 7 9 11,0.0144363,22.9455,Yes,N/A,N/A,3,1 3,5,6,7,1 7,9,1 9,11,1 11
1 3 5 6 7 9 11 12,0.00218233,34.213,Yes,N/A,N/A,3,1 3,5,6,7,1 7,9,1 9,11,12
3 5 6 7 9 12,0.0031965,29.1903,Yes,N/A,N/A,3,N/A,5,6,7,3 5,9,3 7,5 6,12
1 3 5 6 7 9 10,0.0211151,21.0853,Yes,N/A,N/A,3,1 3,5,6,7,1 7,9,10,1 10,3 9
1 3 5 6 7 9 10 12,0.003325,32.1261,Yes,N/A,N/A,3,1 3,5,6,7,1 7,9,10,1 10,12
3 5 6 7 9 10,0.00919178,25.7919,Yes,N/A,N/A,3,N/A,5,6,7,3 5,9,10,5 6,3 9
1 3 5 6 7 9 10 11,0.00682711,30.2191,Yes,N/A,N/A,3,1 3,5,6,7,1 7,9,10,11,1 11
1 3 5 6 7 9 10 11 12,0.00121062,41.389,Yes,N/A,N/A,3,1 3,5,6,7,1 7,9,10,11,12
3 5 6 7 10 12,0.00226838,30.677,Yes,N/A,N/A,3,N/A,5,6,7,3 5,3 6,10,5 6,12
3 5 6 7 10 11,0.00449627,28.9306,Yes,N/A,N/A,3,N/A,5,6,7,3 5,3 6,10,11,5 7
3 5 6 7 10 11 12,0.000715772,40.097,Yes,N/A,N/A,3,N/A,5,6,7,3 5,3 6,10,11,12
1 3 5 6 7 8,0.0624063,12.5301,Yes,N/A,N/A,3,1 3,5,6,7,8,1 8,3 7,3 8,1 3 8
1 3 5 6 7 8 12,0.00830518,23.4976,Yes,N/A,N/A,3,1 3,5,6,7,8,1 8,3 7,3 8,12
3 5 6 7 8,0.0321454,16.4213,Yes,N/A,N/A,3,N/A,5,6,7,8,3 6,3 7,3 8,5 7
1 3 5 6 7 8 11,0.0179262,21.425,Yes,N/A,N/A,3,1 3,5,6,7,8,1 8,3 7,11,1 11
1 3 5 6 7 8 11 12,0.00271148,32.628,Yes,N/A,N/A,3,1 3,5,6,7,8,1 8,3 7,11,12
3 5 6 7 8 12,0.00404537,27.6584,Yes,N/A,N/A,3,N/A,5,6,7,8,3 6,3 7,3 8,12
1 3 5 6 7 8 10,0.0262681,19.3068,Yes,N/A,N/A,3,1 3,5,6,7,8,1 8,10,1 10,1 3 8
1 3 5 6 7 8 10 12,0.00428022,30.0388,Yes,N/A,N/A,3,1 3,5,6,7,8,1 8,10,1 10,12
3 5 6 7 8 10,0.0115526,24.2861,Yes,N/A,N/A,3,N/A,5,6,7,8,3 6,10,3 8,5 7
1 3 5 6 7 8 10 11,0.00856195,28.2381,Yes,N/A,N/A,3,1 3,5,6,7,8,1 8,10,11,1 11
1 3 5 6 7 8 10 11 12,0.00153838,39.2497,Yes,N/A,N/A,3,1 3,5,6,7,8,1 8,10,11,12
3 5 6 7 8 11,0.00743741,26.2751,Yes,N/A,N/A,3,N/A,5,6,7,8,3 6,3 7,11,5 7
3 5 6 7 8 11 12,0.00116252,37.4178,Yes,N/A,N/A,3,N/A,5,6,7,8,3 6,3 7,11,12
1 3 5 6 7 8 9,0.0364537,17.5418,Yes,N/A,N/A,3,1 3,5,6,7,8,9,1 9,3 8,3 9
1 3 5 6 7 8 9 12,0.0056906,28.4742,Yes,N/A,N/A,3,1 3,5,6,7,8,9,1 9,3 8,12
3 5 6 7 8 9,0.0161881,22.6009,Yes,N/A,N/A,3,N/A,5,6,7,8,9,3 7,3 8,3 9
1 3 5 6 7 8 9 11,0.0118399,26.36,Yes,N/A,N/A,3,1 3,5,6,7,8,9,1 9,11,1 11
1 3 5 6 7 8 9 11 12,0.00209214,37.411,Yes,N/A,N/A,3,1 3,5,6,7,8,9,1 9,11,12
3 5 6 7 8 9 12,0.00243265,33.8764,Yes,N/A,N/A,3,N/A,5,6,7,8,9,3 7,3 8,12
1 3 5 6 7 8 9 10,0.017467,24.2247,Yes,N/A,N/A,3,1 3,5,6,7,8,9,10,1 10,3 9
1 3 5 6 7 8 9 10 12,0.0031903,35.0667,Yes,N/A,N/A,3,1 3,5,6,7,8,9,10,1 10,12
3 5 6 7 8 9 10,0.00708462,30.0252,Yes,N/A,N/A,3,N/A,5,6,7,8,9,10,3 8,3 9
1 3 5 6 7 8 9 10 11,0.0063736,33.0441,Yes,N/A,N/A,3,1 3,5,6,7,8,9,10,11,1 11
1 3 5 6 7 8 9 10 11 12,0.00129183,43.9832,Yes,N/A,N/A,3,1 3,5,6,7,8,9,10,11,12
3 6 8 10 12,0.0015837,31.773,Yes,N/A,N/A,3,N/A,N/A,6,N/A,8,3 6,10,3 8,12
3 6 8 10 11,0.00273872,30.9635,Yes,N/A,N/A,3,N/A,N/A,6,N/A,8,3 6,10,11,N/A
3 6 8 10 11 12,0.000396916,42.0497,Yes,N/A,N/A,3,N/A,N/A,6,N/A,8,3 6,10,11,12
3 6 8 9 11,0.00322296,30.5434,Yes,N/A,N/A,3,N/A,N/A,6,N/A,8,9,N/A,11,3 9
3 6 8 9 11 12,0.00042007,42.2614,Yes,N/A,N/A,3,N/A,N/A,6,N/A,8,9,N/A,11,12
3 6 8 9 10 12,0.000749179,39.5712,Yes,N/A,N/A,3,N/A,N/A,6,N/A,8,9,10,3 8,12
3 6 8 9 10 11,0.00140905,38.2134,Yes,N/A,N/A,3,N/A,N/A,6,N/A,8,9,10,11,3 9
3 6 8 9 10 11 12,0.00022106,49.836,Yes,N/A,N/A,3,N/A,N/A,6,N/A,8,9,10,11,12
3 6 7 9 11,0.00489636,27.9398,Yes,N/A,N/A,3,N/A,N/A,6,7,N/A,9,3 7,11,3 9
3 6 7 9 11 12,0.000646973,39.5383,Yes,N/A,N/A,3,N/A,N/A,6,7,N/A,9,3 7,11,12
3 6 7 9 10 12,0.000791848,39.3352,Yes,N/A,N/A,3,N/A,N/A,6,7,N/A,9,10,N/A,12
3 6 7 9 10 11,0.00176231,36.8188,Yes,N/A,N/A,3,N/A,N/A,6,7,N/A,9,10,11,3 9
3 6 7 9 10 11 12,0.00027718,48.4124,Yes,N/A,N/A,3,N/A,N/A,6,7,N/A,9,10,11,12
3 6 7 8 10 12,0.00159263,34.7237,Yes,N/A,N/A,3,N/A,N/A,6,7,8,3 6,10,3 8,12
3 6 7 8 10 11,0.00282803,33.8938,Yes,N/A,N/A,3,N/A,N/A,6,7,8,3 6,10,11,N/A
3 6 7 8 10 11 12,0.000487876,44.5514,Yes,N/A,N/A,3,N/A,N/A,6,7,8,3 6,10,11,12
3 6 7 8 9 11,0.00400885,31.8913,Yes,N/A,N/A,3,N/A,N/A,6,7,8,9,3 7,11,3 9
3 6 7 8 9 11 12,0.000640579,43.2685,Yes,N/A,N/A,3,N/A,N/A,6,7,8,9,3 7,11,12
3 6 7 8 9 10 12,0.000931099,41.7414,Yes,N/A,N/A,3,N/A,N/A,6,7,8,9,10,3 8,12
3 6 7 8 9 10 11,0.00177289,40.1365,Yes,N/A,N/A,3,N/A,N/A,6,7,8,9,10,11,3 9
3 6 7 8 9 10 11 12,0.00032865,51.4773,Yes,N/A,N/A,3,N/A,N/A,6,7,8,9,10,11,12
1 3 4,0.1875,4.52778,Yes,N/A,N/A,3,4,1 4,N/A,3 4,1 3 4,N/A,N/A,N/A,N/A
1 3 4 12,0.0109954,15.9287,Yes,N/A,N/A,3,4,1 4,N/A,3 4,1 3 4,N/A,N/A,N/A,12
3 4,0.175926,5.30093,Yes,N/A,N/A,3,4,N/A,N/A,3 4,N/A,N/A,N/A,N/A,N/A
1 3 4 11,0.0320216,13.902,Yes,N/A,N/A,3,4,1 4,N/A,3 4,1 3 4,N/A,N/A,11,1 11
1 3 4 11 12,0.00235768,25.6589,Yes,N/A,N/A,3,4,1 4,N/A,3 4,1 3 4,N/A,N/A,11,12
3 4 12,0.0100309,16.8146,Yes,N/A,N/A,3,4,N/A,N/A,3 4,N/A,N/A,N/A,N/A,12
1 3 4 10,0.0530478,12.0363,Yes,N/A,N/A,3,4,1 4,N/A,3 4,1 3 4,N/A,10,1 10,N/A
1 3 4 10 12,0.0046082,23.2217,Yes,N/A,N/A,3,4,1 4,N/A,3 4,1 3 4,N/A,10,1 10,12
3 4 10,0.0300926,14.061,Yes,N/A,N/A,3,4,N/A,N/A,3 4,N/A,N/A,10,N/A,N/A
1 3 4 10 11,0.0100737,21.8881,Yes,N/A,N/A,3,4,1 4,N/A,3 4,1 3 4,N/A,10,11,1 11
1 3 4 10 11 12,0.0010169,33.5677,Yes,N/A,N/A,3,4,1 4,N/A,3 4,1 3 4,N/A,10,11,12
3 4 11,0.0200617,15.4012,Yes,N/A,N/A,3,4,N/A,N/A,3 4,N/A,N/A,N/A,11,N/A
3 4 11 12,0.00171468,26.8513,Yes,N/A,N/A,3,4,N/A,N/A,3 4,N/A,N/A,N/A,11,12
1 3 4 9,0.0810185,9.90801,Yes,N/A,N/A,3,4,1 4,N/A,3 4,1 3 4,9,1 9,N/A,3 9
1 3 4 9 12,0.00671939,21.4408,Yes,N/A,N/A,3,4,1 4,N/A,3 4,1 3 4,9,1 9,N/A,12
3 4 9,0.0447531,12.4234,Yes,N/A,N/A,3,4,N/A,N/A,3 4,N/A,9,N/A,N/A,3 9
1 3 4 9 11,0.0172325,18.999,Yes,N/A,N/A,3,4,1 4,N/A,3 4,1 3 4,9,1 9,11,1 11
1 3 4 9 11 12,0.00174087,30.6281,Yes,N/A,N/A,3,4,1 4,N/A,3 4,1 3 4,9,1 9,11,12
3 4 9 12,0.00362226,24.1792,Yes,N/A,N/A,3,4,N/A,N/A,3 4,N/A,9,N/A,N/A,12
1 3 4 9 10,0.0247985,17.716,Yes,N/A,N/A,3,4,1 4,N/A,3 4,1 3 4,9,10,1 10,3 9
1 3 4 9 10 12,0.00271014,29.1668,Yes,N/A,N/A,3,4,1 4,N/A,3 4,1 3 4,9,10,1 10,12
3 4 9 10,0.0114455,20.8014,Yes,N/A,N/A,3,4,N/A,N/A,3 4,N/A,9,10,N/A,3 9
1 3 4 9 10 11,0.00590373,27.6149,Yes,N/A,N/A,3,4,1 4,N/A,3 4,1 3 4,9,10,11,1 11
1 3 4 9 10 11 12,0.000742233,39.2455,Yes,N/A,N/A,3,4,1 4,N/A,3 4,1 3 4,9,10,11,12
3 4 10 12,0.00257202,25.483,Yes,N/A,N/A,3,4,N/A,N/A,3 4,N/A,N/A,10,N/A,12
3 4 10 11,0.00514403,23.9856,Yes,N/A,N/A,3,4,N/A,N/A,3 4,N/A,N/A,10,11,N/A
3 4 10 11 12,0.000585848,35.3259,Yes,N/A,N/A,3,4,N/A,N/A,3 4,N/A,N/A,10,11,12
1 3 4 8,0.0948431,8.87856,Yes,N/A,N/A,3,4,1 4,N/A,3 4,8,1 8,N/A,3 8,4 8
1 3 4 8 12,0.00801612,20.3679,Yes,N/A,N/A,3,4,1 4,N/A,3 4,8,1 8,N/A,3 8,12
3 4 8,0.0625,10.5625,Yes,N/A,N/A,3,4,N/A,N/A,3 4,8,N/A,N/A,3 8,4 8
1 3 4 8 11,0.0196759,18.7362,Yes,N/A,N/A,3,4,1 4,N/A,3 4,8,1 8,N/A,11,1 11
1 3 4 8 11 12,0.00197267,30.4001,Yes,N/A,N/A,3,4,1 4,N/A,3 4,8,1 8,N/A,11,12
3 4 8 12,0.0051869,22.2397,Yes,N/A,N/A,3,4,N/A,N/A,3 4,8,N/A,N/A,3 8,12
1 3 4 8 10,0.033329,15.9734,Yes,N/A,N/A,3,4,1 4,N/A,3 4,8,1 8,10,1 10,4 8
1 3 4 8 10 12,0.00373597,27.2996,Yes,N/A,N/A,3,4,1 4,N/A,3 4,8,1 8,10,1 10,12
3 4 8 10,0.0159465,18.7664,Yes,N/A,N/A,3,4,N/A,N/A,3 4,8,N/A,10,3 8,4 8
1 3 4 8 10 11,0.0078125,25.9122,Yes,N/A,N/A,3,4,1 4,N/A,3 4,8,1 8,10,11,1 11
1 3 4 8 10 11 12,0.000994936,37.461,Yes,N/A,N/A,3,4,1 4,N/A,3 4,8,1 8,10,11,12
3 4 8 11,0.0098594,20.9953,Yes,N/A,N/A,3,4,N/A,N/A,3 4,8,N/A,N/A,11,4 8
3 4 8 11 12,0.00109073,32.6572,Yes,N/A,N/A,3,4,N/A,N/A,3 4,8,N/A,N/A,11,12
1 3 4 8 9,0.0447174,14.6274,Yes,N/A,N/A,3,4,1 4,N/A,3 4,8,9,1 9,3 8,3 9
1 3 4 8 9 12,0.00484714,26.1029,Yes,N/A,N/A,3,4,1 4,N/A,3 4,8,9,1 9,3 8,12
3 4 8 9,0.0236197,17.2453,Yes,N/A,N/A,3,4,N/A,N/A,3 4,8,9,N/A,3 8,3 9
1 3 4 8 9 11,0.011347,24.2498,Yes,N/A,N/A,3,4,1 4,N/A,3 4,8,9,1 9,11,1 11
1 3 4 8 9 11 12,0.00142083,35.88,Yes,N/A,N/A,3,4,1 4,N/A,3 4,8,9,1 9,11,12
3 4 8 9 12,0.00247199,28.9063,Yes,N/A,N/A,3,4,N/A,N/A,3 4,8,9,N/A,3 8,12
1 3 4 8 9 10,0.0169884,22.647,Yes,N/A,N/A,3,4,1 4,N/A,3 4,8,9,10,1 10,3 9
1 3 4 8 9 10 12,0.00227043,34.0774,Yes,N/A,N/A,3,4,1 4,N/A,3 4,8,9,10,1 10,12
3 4 8 9 10,0.00795182,24.892,Yes,N/A,N/A,3,4,N/A,N/A,3 4,8,9,10,3 8,3 9
1 3 4 8 9 10 11,0.0047792,32.5805,Yes,N/A,N/A,3,4,1 4,N/A,3 4,8,9,10,11,1 11
1 3 4 8 9 10 11 12,0.00071484,44.2137,Yes,N/A,N/A,3,4,1 4,N/A,3 4,8,9,10,11,12
3 4 9 11,0.00763032,22.2571,Yes,N/A,N/A,3,4,N/A,N/A,3 4,N/A,9,N/A,11,3 9
3 4 9 11 12,0.000823998,33.9664,Yes,N/A,N/A,3,4,N/A,N/A,3 4,N/A,9,N/A,11,12
3 4 9 10 12,0.001236,32.4896,Yes,N/A,N/A,3,4,N/A,N/A,3 4,N/A,9,10,N/A,12
3 4 9 10 11,0.00260059,30.3823,Yes,N/A,N/A,3,4,N/A,N/A,3 4,N/A,9,10,11,3 9
3 4 9 10 11 12,0.000351271,42.0069,Yes,N/A,N/A,3,4,N/A,N/A,3 4,N/A,9,10,11,12
1 3 4 7,0.0994084,8.07652,Yes,N/A,N/A,3,4,1 4,N/A,7,1 7,N/A,3 7,4 7,1 4 7
1 3 4 7 12,0.00855195,19.5348,Yes,N/A,N/A,3,4,1 4,N/A,7,1 7,N/A,3 7,4 7,12
3 4 7,0.0524691,10.2546,Yes,N/A,N/A,3,4,N/A,N/A,7,N/A,N/A,3 7,4 7,N/A
1 3 4 7 11,0.0204904,17.888,Yes,N/A,N/A,3,4,1 4,N/A,7,1 7,N/A,3 7,11,1 11
1 3 4 7 11 12,0.00212191,29.5115,Yes,N/A,N/A,3,4,1 4,N/A,7,1 7,N/A,3 7,11,12
3 4 7 12,0.00450103,21.6149,Yes,N/A,N/A,3,4,N/A,N/A,7,N/A,N/A,3 7,4 7,12
1 3 4 7 10,0.0294817,16.5329,Yes,N/A,N/A,3,4,1 4,N/A,7,1 7,N/A,10,1 10,1 4 7
1 3 4 7 10 12,0.00339363,27.8772,Yes,N/A,N/A,3,4,1 4,N/A,7,1 7,N/A,10,1 10,12
3 4 7 10,0.011767,19.608,Yes,N/A,N/A,3,4,N/A,N/A,7,N/A,N/A,10,4 7,N/A
1 3 4 7 10 11,0.00705161,26.4957,Yes,N/A,N/A,3,4,1 4,N/A,7,1 7,N/A,10,11,1 11
1 3 4 7 10 11 12,0.00092928,38.027,Yes,N/A,N/A,3,4,1 4,N/A,7,1 7,N/A,10,11,12
3 4 7 11,0.00848765,20.7539,Yes,N/A,N/A,3,4,N/A,N/A,7,N/A,N/A,3 7,11,N/A
3 4 7 11 12,0.000971651,32.0632,Yes,N/A,N/A,3,4,N/A,N/A,7,N/A,N/A,3 7,11,12
1 3 4 7 9,0.0503901,13.2789,Yes,N/A,N/A,3,4,1 4,N/A,7,1 7,9,1 9,4 7,3 9
1 3 4 7 9 12,0.00538933,24.782,Yes,N/A,N/A,3,4,1 4,N/A,7,1 7,9,1 9,4 7,12
3 4 7 9,0.0234053,16.7016,Yes,N/A,N/A,3,4,N/A,N/A,7,N/A,9,3 7,4 7,3 9
1 3 4 7 9 11,0.0123838,22.8528,Yes,N/A,N/A,3,4,1 4,N/A,7,1 7,9,1 9,11,1 11
1 3 4 7 9 11 12,0.00158475,34.3789,Yes,N/A,N/A,3,4,1 4,N/A,7,1 7,9,1 9,11,12
3 4 7 9 12,0.00231481,28.3806,Yes,N/A,N/A,3,4,N/A,N/A,7,N/A,9,3 7,4 7,12
1 3 4 7 9 10,0.0180898,21.4243,Yes,N/A,N/A,3,4,1 4,N/A,7,1 7,9,10,1 10,3 9
1 3 4 7 9 10 12,0.00239162,32.8991,Yes,N/A,N/A,3,4,1 4,N/A,7,1 7,9,10,1 10,12
3 4 7 9 10,0.00694444,25.7127,Yes,N/A,N/A,3,4,N/A,N/A,7,N/A,9,10,4 7,3 9
1 3 4 7 9 10 11,0.00502258,31.1615,Yes,N/A,N/A,3,4,1 4,N/A,7,1 7,9,10,11,1 11
1 3 4 7 9 10 11 12,0.000770282,42.6617,Yes,N/A,N/A,3,4,1 4,N/A,7,1 7,9,10,11,12
3 4 7 10 12,0.00135031,30.9007,Yes,N/A,N/A,3,4,N/A,N/A,7,N/A,N/A,10,4 7,12
3 4 7 10 11,0.00252915,30.0959,Yes,N/A,N/A,3,4,N/A,N/A,7,N/A,N/A,10,11,N/A
3 4 7 10 11 12,0.000363178,41.3316,Yes,N/A,N/A,3,4,N/A,N/A,7,N/A,N/A,10,11,12
1 3 4 7 8,0.0637503,12.0156,Yes,N/A,N/A,3,4,1 4,N/A,7,8,1 8,3 7,3 8,4 8
1 3 4 7 8 12,0.0068345,23.4173,Yes,N/A,N/A,3,4,1 4,N/A,7,8,1 8,3 7,3 8,12
3 4 7 8,0.0355367,15.1834,Yes,N/A,N/A,3,4,N/A,N/A,7,8,N/A,3 7,3 8,4 8
1 3 4 7 8 11,0.0152146,21.8848,Yes,N/A,N/A,3,4,1 4,N/A,7,8,1 8,3 7,11,1 11
1 3 4 7 8 11 12,0.00191991,33.3679,Yes,N/A,N/A,3,4,1 4,N/A,7,8,1 8,3 7,11,12
3 4 7 8 12,0.003527,26.8013,Yes,N/A,N/A,3,4,N/A,N/A,7,8,N/A,3 7,3 8,12
1 3 4 7 8 10,0.0228743,20.1403,Yes,N/A,N/A,3,4,1 4,N/A,7,8,1 8,10,1 10,4 8
1 3 4 7 8 10 12,0.00310861,31.4187,Yes,N/A,N/A,3,4,1 4,N/A,7,8,1 8,10,1 10,12
3 4 7 8 10,0.00987369,24.1433,Yes,N/A,N/A,3,4,N/A,N/A,7,8,N/A,10,3 8,4 8
1 3 4 7 8 10 11,0.00625103,30.0849,Yes,N/A,N/A,3,4,1 4,N/A,7,8,1 8,10,11,1 11
1 3 4 7 8 10 11 12,0.000964853,41.4539,Yes,N/A,N/A,3,4,1 4,N/A,7,8,1 8,10,11,12
3 4 7 8 11,0.00661103,25.598,Yes,N/A,N/A,3,4,N/A,N/A,7,8,N/A,3 7,11,4 8
3 4 7 8 11 12,0.000845167,37.2171,Yes,N/A,N/A,3,4,N/A,N/A,7,8,N/A,3 7,11,12
1 3 4 7 8 9,0.0352398,17.9548,Yes,N/A,N/A,3,4,1 4,N/A,7,8,9,1 9,3 8,3 9
1 3 4 7 8 9 12,0.00456474,29.3682,Yes,N/A,N/A,3,4,1 4,N/A,7,8,9,1 9,3 8,12
3 4 7 8 9,0.0170086,21.0513,Yes,N/A,N/A,3,4,N/A,N/A,7,8,9,3 7,3 8,3 9
1 3 4 7 8 9 11,0.00978503,27.7138,Yes,N/A,N/A,3,4,1 4,N/A,7,8,9,1 9,11,1 11
1 3 4 7 8 9 11 12,0.00146584,39.2148,Yes,N/A,N/A,3,4,1 4,N/A,7,8,9,1 9,11,12
3 4 7 8 9 12,0.00207217,32.6537,Yes,N/A,N/A,3,4,N/A,N/A,7,8,9,3 7,3 8,12
1 3 4 7 8 9 10,0.0145851,26.0336,Yes,N/A,N/A,3,4,1 4,N/A,7,8,9,10,1 10,3 9
1 3 4 7 8 9 10 12,0.00226255,37.4377,Yes,N/A,N/A,3,4,1 4,N/A,7,8,9,10,1 10,12
3 4 7 8 9 10,0.00620221,29.5002,Yes,N/A,N/A,3,4,N/A,N/A,7,8,9,10,3 8,3 9
1 3 4 7 8 9 10 11,0.00459118,35.8687,Yes,N/A,N/A,3,4,1 4,N/A,7,8,9,10,11,1 11
1 3 4 7 8 9 10 11 12,0.000804798,47.3339,Yes,N/A,N/A,3,4,1 4,N/A,7,8,9,10,11,12
3 4 8 10 12,0.00176469,30.3544,Yes,N/A,N/A,3,4,N/A,N/A,3 4,8,N/A,10,3 8,12
3 4 8 10 11,0.00335791,29.039,Yes,N/A,N/A,3,4,N/A,N/A,3 4,8,N/A,10,11,4 8
3 4 8 10 11 12,0.000464392,40.6016,Yes,N/A,N/A,3,4,N/A,N/A,3 4,8,N/A,10,11,12
3 4 8 9 11,0.00495828,27.4531,Yes,N/A,N/A,3,4,N/A,N/A,3 4,8,9,N/A,11,3 9
3 4 8 9 11 12,0.000651075,39.1029,Yes,N/A,N/A,3,4,N/A,N/A,3 4,8,9,N/A,11,12
3 4 8 9 10 12,0.00104806,36.4465,Yes,N/A,N/A,3,4,N/A,N/A,3 4,8,9,10,3 8,12
3 4 8 9 10 11,0.00209492,34.8563,Yes,N/A,N/A,3,4,N/A,N/A,3 4,8,9,10,11,3 9
3 4 8 9 10 11 12,0.000331756,46.3879,Yes,N/A,N/A,3,4,N/A,N/A,3 4,8,9,10,11,12
1 3 4 6,0.132909,5.47368,Yes,N/A,N/A,3,4,1 4,6,1 6,1 3 4,3 6,4 6,1 4 6,N/A
1 3 4 6 12,0.0114455,16.4346,Yes,N/A,N/A,3,4,1 4,6,1 6,1 3 4,3 6,4 6,1 4 6,12
3 4 6,0.0779321,7.95087,Yes,N/A,N/A,3,4,N/A,6,3 4,N/A,3 6,4 6,N/A,N/A
1 3 4 6 11,0.027692,14.5233,Yes,N/A,N/A,3,4,1 4,6,1 6,1 3 4,3 6,4 6,11,1 11
1 3 4 6 11 12,0.00285184,26.0004,Yes,N/A,N/A,3,4,1 4,6,1 6,1 3 4,3 6,4 6,11,12
3 4 6 12,0.00660151,19.2021,Yes,N/A,N/A,3,4,N/A,6,3 4,N/A,3 6,4 6,N/A,12
1 3 4 6 10,0.0414952,13.2873,Yes,N/A,N/A,3,4,1 4,6,1 6,1 3 4,3 6,10,1 10,N/A
1 3 4 6 10 12,0.00475764,24.0096,Yes,N/A,N/A,3,4,1 4,6,1 6,1 3 4,3 6,10,1 10,12
3 4 6 10,0.0186471,16.9704,Yes,N/A,N/A,3,4,N/A,6,3 4,N/A,3 6,10,N/A,N/A
1 3 4 6 10 11,0.00991774,22.4839,Yes,N/A,N/A,3,4,1 4,6,1 6,1 3 4,3 6,10,11,1 11
1 3 4 6 10 11 12,0.00129345,33.8185,Yes,N/A,N/A,3,4,1 4,6,1 6,1 3 4,3 6,10,11,12
3 4 6 11,0.013203,17.5513,Yes,N/A,N/A,3,4,N/A,6,3 4,N/A,3 6,4 6,11,N/A
3 4 6 11 12,0.00149082,28.6879,Yes,N/A,N/A,3,4,N/A,6,3 4,N/A,3 6,4 6,11,12
1 3 4 6 9,0.0597351,11.3226,Yes,N/A,N/A,3,4,1 4,6,1 6,1 3 4,9,1 9,1 4 6,3 9
1 3 4 6 9 12,0.00630144,22.6735,Yes,N/A,N/A,3,4,1 4,6,1 6,1 3 4,9,1 9,1 4 6,12
3 4 6 9,0.0298783,15.293,Yes,N/A,N/A,3,4,N/A,6,3 4,N/A,9,4 6,N/A,3 9
1 3 4 6 9 11,0.0146581,20.437,Yes,N/A,N/A,3,4,1 4,6,1 6,1 3 4,9,1 9,11,1 11
1 3 4 6 9 11 12,0.00186994,31.8261,Yes,N/A,N/A,3,4,1 4,6,1 6,1 3 4,9,1 9,11,12
3 4 6 9 12,0.00293877,26.91,Yes,N/A,N/A,3,4,N/A,6,3 4,N/A,9,4 6,N/A,12
1 3 4 6 9 10,0.0212953,19.0568,Yes,N/A,N/A,3,4,1 4,6,1 6,1 3 4,9,10,1 10,3 9
1 3 4 6 9 10 12,0.00282594,30.2916,Yes,N/A,N/A,3,4,1 4,6,1 6,1 3 4,9,10,1 10,12
3 4 6 9 10,0.0086234,24.158,Yes,N/A,N/A,3,4,N/A,6,3 4,N/A,9,10,N/A,3 9
1 3 4 6 9 10 11,0.005921,28.3967,Yes,N/A,N/A,3,4,1 4,6,1 6,1 3 4,9,10,11,1 11
1 3 4 6 9 10 11 12,0.000908547,39.7212,Yes,N/A,N/A,3,4,1 4,6,1 6,1 3 4,9,10,11,12
3 4 6 10 12,0.00210762,28.1205,Yes,N/A,N/A,3,4,N/A,6,3 4,N/A,3 6,10,N/A,12
3 4 6 10 11,0.00421525,26.3755,Yes,N/A,N/A,3,4,N/A,6,3 4,N/A,3 6,10,11,N/A
3 4 6 10 11 12,0.000595374,37.386,Yes,N/A,N/A,3,4,N/A,6,3 4,N/A,3 6,10,11,12
1 3 4 6 8,0.0863126,9.09485,Yes,N/A,N/A,3,4,1 4,6,1 6,8,1 8,4 6,3 8,4 8
1 3 4 6 8 12,0.00914554,20.2885,Yes,N/A,N/A,3,4,1 4,6,1 6,8,1 8,4 6,3 8,12
3 4 6 8,0.0535837,11.7514,Yes,N/A,N/A,3,4,N/A,6,3 4,8,3 6,4 6,3 8,4 8
1 3 4 6 8 11,0.0201463,18.5455,Yes,N/A,N/A,3,4,1 4,6,1 6,8,1 8,4 6,11,1 11
1 3 4 6 8 11 12,0.00252232,29.9169,Yes,N/A,N/A,3,4,1 4,6,1 6,8,1 8,4 6,11,12
3 4 6 8 12,0.00525596,23.1629,Yes,N/A,N/A,3,4,N/A,6,3 4,8,3 6,4 6,3 8,12
1 3 4 6 8 10,0.0313113,16.4557,Yes,N/A,N/A,3,4,1 4,6,1 6,8,1 8,10,1 10,4 8
1 3 4 6 8 10 12,0.00421733,27.4736,Yes,N/A,N/A,3,4,1 4,6,1 6,8,1 8,10,1 10,12
3 4 6 8 10,0.0149534,20.1626,Yes,N/A,N/A,3,4,N/A,6,3 4,8,3 6,10,3 8,4 8
1 3 4 6 8 10 11,0.00845676,25.9148,Yes,N/A,N/A,3,4,1 4,6,1 6,8,1 8,10,11,1 11
1 3 4 6 8 10 11 12,0.00129859,37.1128,Yes,N/A,N/A,3,4,1 4,6,1 6,8,1 8,10,11,12
3 4 6 8 11,0.00996895,21.6672,Yes,N/A,N/A,3,4,N/A,6,3 4,8,3 6,4 6,11,4 8
3 4 6 8 11 12,0.0012741,33.0284,Yes,N/A,N/A,3,4,N/A,6,3 4,8,3 6,4 6,11,12
1 3 4 6 8 9,0.0442998,14.7385,Yes,N/A,N/A,3,4,1 4,6,1 6,8,9,1 9,3 8,3 9
1 3 4 6 8 9 12,0.00566266,26.0224,Yes,N/A,N/A,3,4,1 4,6,1 6,8,9,1 9,3 8,12
3 4 6 8 9,0.0223837,18.5799,Yes,N/A,N/A,3,4,N/A,6,3 4,8,9,4 6,3 8,3 9
1 3 4 6 8 9 11,0.0121539,24.0803,Yes,N/A,N/A,3,4,1 4,6,1 6,8,9,1 9,11,1 11
1 3 4 6 8 9 11 12,0.00181322,35.4346,Yes,N/A,N/A,3,4,1 4,6,1 6,8,9,1 9,11,12
3 4 6 8 9 12,0.00272079,30.0158,Yes,N/A,N/A,3,4,N/A,6,3 4,8,9,4 6,3 8,12
1 3 4 6 8 9 10,0.0181563,22.083,Yes,N/A,N/A,3,4,1 4,6,1 6,8,9,10,1 10,3 9
1 3 4 6 8 9 10 12,0.00280965,33.2827,Yes,N/A,N/A,3,4,1 4,6,1 6,8,9,10,1 10,12
3 4 6 8 9 10,0.00773074,26.7408,Yes,N/A,N/A,3,4,N/A,6,3 4,8,9,10,3 8,3 9
1 3 4 6 8 9 10 11,0.00567195,31.4901,Yes,N/A,N/A,3,4,1 4,6,1 6,8,9,10,11,1 11
1 3 4 6 8 9 10 11 12,0.000995535,42.7539,Yes,N/A,N/A,3,4,1 4,6,1 6,8,9,10,11,12
3 4 6 9 11,0.00647767,24.5913,Yes,N/A,N/A,3,4,N/A,6,3 4,N/A,9,4 6,11,3 9
3 4 6 9 11 12,0.000818838,36.1265,Yes,N/A,N/A,3,4,N/A,6,3 4,N/A,9,4 6,11,12
3 4 6 9 10 12,0.00112466,35.688,Yes,N/A,N/A,3,4,N/A,6,3 4,N/A,9,10,N/A,12
3 4 6 9 10 11,0.00240293,33.2069,Yes,N/A,N/A,3,4,N/A,6,3 4,N/A,9,10,11,3 9
3 4 6 9 10 11 12,0.000379716,44.6303,Yes,N/A,N/A,3,4,N/A,6,3 4,N/A,9,10,11,12
1 3 4 6 7,0.102302,8.00145,Yes,N/A,N/A,3,4,1 4,6,7,1 7,3 6,3 7,4 7,1 4 7
1 3 4 6 7 12,0.0107834,19.0078,Yes,N/A,N/A,3,4,1 4,6,7,1 7,3 6,3 7,4 7,12
3 4 6 7,0.0541409,12.47,Yes,N/A,N/A,3,4,N/A,6,7,N/A,3 6,3 7,4 7,N/A
1 3 4 6 7 11,0.0244842,17.1307,Yes,N/A,N/A,3,4,1 4,6,7,1 7,3 6,3 7,11,1 11
1 3 4 6 7 11 12,0.00304818,28.4023,Yes,N/A,N/A,3,4,1 4,6,7,1 7,3 6,3 7,11,12
3 4 6 7 12,0.00555127,23.4858,Yes,N/A,N/A,3,4,N/A,6,7,N/A,3 6,3 7,4 7,12
1 3 4 6 7 10,0.0348115,15.8393,Yes,N/A,N/A,3,4,1 4,6,7,1 7,3 6,10,1 10,1 4 7
1 3 4 6 7 10 12,0.00473551,26.6614,Yes,N/A,N/A,3,4,1 4,6,7,1 7,3 6,10,1 10,12
3 4 6 7 10,0.0141461,21.4415,Yes,N/A,N/A,3,4,N/A,6,7,N/A,3 6,10,4 7,N/A
1 3 4 6 7 10 11,0.00965498,24.9815,Yes,N/A,N/A,3,4,1 4,6,7,1 7,3 6,10,11,1 11
1 3 4 6 7 10 11 12,0.00148524,36.0859,Yes,N/A,N/A,3,4,1 4,6,7,1 7,3 6,10,11,12
3 4 6 7 11,0.00978795,22.6062,Yes,N/A,N/A,3,4,N/A,6,7,N/A,3 6,3 7,11,N/A
3 4 6 7 11 12,0.00131856,33.5233,Yes,N/A,N/A,3,4,N/A,6,7,N/A,3 6,3 7,11,12
1 3 4 6 7 9,0.0505592,13.6841,Yes,N/A,N/A,3,4,1 4,6,7,1 7,9,1 9,4 7,3 9
1 3 4 6 7 9 12,0.00643877,24.8788,Yes,N/A,N/A,3,4,1 4,6,7,1 7,9,1 9,4 7,12
3 4 6 7 9,0.0222051,19.3602,Yes,N/A,N/A,3,4,N/A,6,7,N/A,9,3 7,4 7,3 9
1 3 4 6 7 9 11,0.0140911,22.6561,Yes,N/A,N/A,3,4,1 4,6,7,1 7,9,1 9,11,1 11
1 3 4 6 7 9 11 12,0.00212068,33.8347,Yes,N/A,N/A,3,4,1 4,6,7,1 7,9,1 9,11,12
3 4 6 7 9 12,0.00266648,30.8673,Yes,N/A,N/A,3,4,N/A,6,7,N/A,9,3 7,4 7,12
1 3 4 6 7 9 10,0.0200778,21.325,Yes,N/A,N/A,3,4,1 4,6,7,1 7,9,10,1 10,3 9
1 3 4 6 7 9 10 12,0.00311723,32.4407,Yes,N/A,N/A,3,4,1 4,6,7,1 7,9,10,1 10,12
3 4 6 7 9 10,0.00731358,28.1901,Yes,N/A,N/A,3,4,N/A,6,7,N/A,9,10,4 7,3 9
1 3 4 6 7 9 10 11,0.00639723,30.2862,Yes,N/A,N/A,3,4,1 4,6,7,1 7,9,10,11,1 11
1 3 4 6 7 9 10 11 12,0.00113487,41.3923,Yes,N/A,N/A,3,4,1 4,6,7,1 7,9,10,11,12
3 4 6 7 10 12,0.00189269,32.335,Yes,N/A,N/A,3,4,N/A,6,7,N/A,3 6,10,4 7,12
3 4 6 7 10 11,0.00332338,31.5402,Yes,N/A,N/A,3,4,N/A,6,7,N/A,3 6,10,11,N/A
3 4 6 7 10 11 12,0.000550721,42.3215,Yes,N/A,N/A,3,4,N/A,6,7,N/A,3 6,10,11,12
1 3 4 6 7 8,0.070963,11.5552,Yes,N/A,N/A,3,4,1 4,6,7,8,1 8,3 7,3 8,4 8
1 3 4 6 7 8 12,0.00907131,22.5251,Yes,N/A,N/A,3,4,1 4,6,7,8,1 8,3 7,3 8,12
3 4 6 7 8,0.0383826,15.6469,Yes,N/A,N/A,3,4,N/A,6,7,8,3 6,3 7,3 8,4 8
1 3 4 6 7 8 11,0.0194051,20.7082,Yes,N/A,N/A,3,4,1 4,6,7,8,1 8,3 7,11,1 11
1 3 4 6 7 8 11 12,0.00286425,31.8049,Yes,N/A,N/A,3,4,1 4,6,7,8,1 8,3 7,11,12
3 4 6 7 8 12,0.00460595,26.9501,Yes,N/A,N/A,3,4,N/A,6,7,8,3 6,3 7,3 8,12
1 3 4 6 7 8 10,0.0280313,19.0379,Yes,N/A,N/A,3,4,1 4,6,7,8,1 8,10,1 10,4 8
1 3 4 6 7 8 10 12,0.0044064,29.8286,Yes,N/A,N/A,3,4,1 4,6,7,8,1 8,10,1 10,12
3 4 6 7 8 10,0.0125443,23.983,Yes,N/A,N/A,3,4,N/A,6,7,8,3 6,10,3 8,4 8
1 3 4 6 7 8 10 11,0.00870288,28.2696,Yes,N/A,N/A,3,4,1 4,6,7,8,1 8,10,11,1 11
1 3 4 6 7 8 10 11 12,0.00153884,39.1782,Yes,N/A,N/A,3,4,1 4,6,7,8,1 8,10,11,12
3 4 6 7 8 11,0.00856968,25.5174,Yes,N/A,N/A,3,4,N/A,6,7,8,3 6,3 7,11,4 8
3 4 6 7 8 11 12,0.00127454,36.7924,Yes,N/A,N/A,3,4,N/A,6,7,8,3 6,3 7,11,12
1 3 4 6 7 8 9,0.040351,16.7667,Yes,N/A,N/A,3,4,1 4,6,7,8,9,1 9,3 8,3 9
1 3 4 6 7 8 9 12,0.00609629,27.8058,Yes,N/A,N/A,3,4,1 4,6,7,8,9,1 9,3 8,12
3 4 6 7 8 9,0.0185722,21.9153,Yes,N/A,N/A,3,4,N/A,6,7,8,9,3 7,3 8,3 9
1 3 4 6 7 8 9 11,0.0126832,25.797,Yes,N/A,N/A,3,4,1 4,6,7,8,9,1 9,11,1 11
1 3 4 6 7 8 9 11 12,0.0021883,36.8959,Yes,N/A,N/A,3,4,1 4,6,7,8,9,1 9,11,12
3 4 6 7 8 9 12,0.00267676,33.2554,Yes,N/A,N/A,3,4,N/A,6,7,8,9,3 7,3 8,12
1 3 4 6 7 8 9 10,0.0183944,23.9767,Yes,N/A,N/A,3,4,1 4,6,7,8,9,10,1 10,3 9
1 3 4 6 7 8 9 10 12,0.00327619,34.9428,Yes,N/A,N/A,3,4,1 4,6,7,8,9,10,1 10,12
3 4 6 7 8 9 10,0.00738132,30.0115,Yes,N/A,N/A,3,4,N/A,6,7,8,9,10,3 8,3 9
1 3 4 6 7 8 9 10 11,0.00652178,32.991,Yes,N/A,N/A,3,4,1 4,6,7,8,9,10,11,1 11
1 3 4 6 7 8 9 10 11 12,0.00129999,43.9826,Yes,N/A,N/A,3,4,1 4,6,7,8,9,10,11,12
3 4 7 9 11,0.00465821,26.9865,Yes,N/A,N/A,3,4,N/A,N/A,7,N/A,9,3 7,11,3 9
3 4 7 9 11 12,0.000605694,38.6181,Yes,N/A,N/A,3,4,N/A,N/A,7,N/A,9,3 7,11,12
3 4 7 9 10 12,0.000870437,37.3846,Yes,N/A,N/A,3,4,N/A,N/A,7,N/A,9,10,4 7,12
3 4 7 9 10 11,0.00175278,35.953,Yes,N/A,N/A,3,4,N/A,N/A,7,N/A,9,10,11,3 9
3 4 7 9 10 11 12,0.000273872,47.5758,Yes,N/A,N/A,3,4,N/A,N/A,7,N/A,9,10,11,12
3 4 7 8 10 12,0.00129573,35.683,Yes,N/A,N/A,3,4,N/A,N/A,7,8,N/A,10,3 8,12
3 4 7 8 10 11,0.00233903,34.561,Yes,N/A,N/A,3,4,N/A,N/A,7,8,N/A,10,11,4 8
3 4 7 8 10 11 12,0.000373763,46.1044,Yes,N/A,N/A,3,4,N/A,N/A,7,8,N/A,10,11,12
3 4 7 8 9 11,0.00403161,31.2111,Yes,N/A,N/A,3,4,N/A,N/A,7,8,9,3 7,11,3 9
3 4 7 8 9 11 12,0.000604525,42.8048,Yes,N/A,N/A,3,4,N/A,N/A,7,8,9,3 7,11,12
3 4 7 8 9 10 12,0.000930404,41.0499,Yes,N/A,N/A,3,4,N/A,N/A,7,8,9,10,3 8,12
3 4 7 8 9 10 11,0.00178083,39.6242,Yes,N/A,N/A,3,4,N/A,N/A,7,8,9,10,11,3 9
3 4 7 8 9 10 11 12,0.000316768,51.1736,Yes,N/A,N/A,3,4,N/A,N/A,7,8,9,10,11,12
1 3 4 5,0.130401,5.04432,Yes,N/A,N/A,3,4,5,1 5,3 4,3 5,4 5,1 4 5,N/A,3 4 5
1 3 4 5 12,0.0108525,16.402,Yes,N/A,N/A,3,4,5,1 5,3 4,3 5,4 5,1 4 5,N/A,12
3 4 5,0.103395,6.72068,Yes,N/A,N/A,3,4,5,N/A,3 4,3 5,4 5,N/A,N/A,3 4 5
1 3 4 5 11,0.0288637,13.7719,Yes,N/A,N/A,3,4,5,1 5,3 4,3 5,4 5,1 4 5,11,1 11
1 3 4 5 11 12,0.00283239,25.374,Yes,N/A,N/A,3,4,5,1 5,3 4,3 5,4 5,1 4 5,11,12
3 4 5 12,0.00715878,18.2959,Yes,N/A,N/A,3,4,5,N/A,3 4,3 5,4 5,N/A,N/A,12
1 3 4 5 10,0.0476466,11.9597,Yes,N/A,N/A,3,4,5,1 5,3 4,3 5,4 5,10,1 10,3 4 5
1 3 4 5 10 12,0.00512617,23.1013,Yes,N/A,N/A,3,4,5,1 5,3 4,3 5,4 5,10,1 10,12
3 4 5 10,0.0237912,14.7202,Yes,N/A,N/A,3,4,5,N/A,3 4,3 5,4 5,10,N/A,3 4 5
1 3 4 5 10 11,0.0110787,21.544,Yes,N/A,N/A,3,4,5,1 5,3 4,3 5,4 5,10,11,1 11
1 3 4 5 10 11 12,0.00138028,33.08,Yes,N/A,N/A,3,4,5,1 5,3 4,3 5,4 5,10,11,12
3 4 5 11,0.0158608,16.2864,Yes,N/A,N/A,3,4,5,N/A,3 4,3 5,4 5,N/A,11,3 4 5
3 4 5 11 12,0.00156702,27.7812,Yes,N/A,N/A,3,4,5,N/A,3 4,3 5,4 5,N/A,11,12
1 3 4 5 9,0.0644147,11.0299,Yes,N/A,N/A,3,4,5,1 5,3 4,3 5,9,1 9,N/A,3 9
1 3 4 5 9 12,0.00672217,22.3765,Yes,N/A,N/A,3,4,5,1 5,3 4,3 5,9,1 9,N/A,12
3 4 5 9,0.0312071,14.3537,Yes,N/A,N/A,3,4,5,N/A,3 4,3 5,9,N/A,N/A,3 9
1 3 4 5 9 11,0.0166546,19.2331,Yes,N/A,N/A,3,4,5,1 5,3 4,3 5,9,1 9,11,1 11
1 3 4 5 9 11 12,0.00207184,30.7061,Yes,N/A,N/A,3,4,5,1 5,3 4,3 5,9,1 9,11,12
3 4 5 9 12,0.00299116,25.9592,Yes,N/A,N/A,3,4,5,N/A,3 4,3 5,9,N/A,N/A,12
1 3 4 5 9 10,0.0242627,18.0244,Yes,N/A,N/A,3,4,5,1 5,3 4,3 5,9,10,1 10,3 9
1 3 4 5 9 10 12,0.00317771,29.2008,Yes,N/A,N/A,3,4,5,1 5,3 4,3 5,9,10,1 10,12
3 4 5 9 10,0.0100023,21.955,Yes,N/A,N/A,3,4,5,N/A,3 4,3 5,9,10,N/A,3 9
1 3 4 5 9 10 11,0.00684442,27.3486,Yes,N/A,N/A,3,4,5,1 5,3 4,3 5,9,10,11,1 11
1 3 4 5 9 10 11 12,0.00102612,38.809,Yes,N/A,N/A,3,4,5,1 5,3 4,3 5,9,10,11,12
3 4 5 10 12,0.00235054,26.1787,Yes,N/A,N/A,3,4,5,N/A,3 4,3 5,4 5,10,N/A,12
3 4 5 10 11,0.00508688,23.959,Yes,N/A,N/A,3,4,5,N/A,3 4,3 5,4 5,10,11,3 4 5
3 4 5 10 11 12,0.000650149,35.3084,Yes,N/A,N/A,3,4,5,N/A,3 4,3 5,4 5,10,11,12
1 3 4 5 8,0.0889096,8.8085,Yes,N/A,N/A,3,4,5,1 5,3 4,8,1 8,1 4 5,3 8,4 8
1 3 4 5 8 12,0.00908144,20.0974,Yes,N/A,N/A,3,4,5,1 5,3 4,8,1 8,1 4 5,3 8,12
3 4 5 8,0.0512903,12.32,Yes,N/A,N/A,3,4,5,N/A,3 4,8,4 5,N/A,3 8,4 8
1 3 4 5 8 11,0.0205444,18.0738,Yes,N/A,N/A,3,4,5,1 5,3 4,8,1 8,1 4 5,11,1 11
1 3 4 5 8 11 12,0.00251381,29.5191,Yes,N/A,N/A,3,4,5,1 5,3 4,8,1 8,1 4 5,11,12
3 4 5 8 12,0.00481062,23.8384,Yes,N/A,N/A,3,4,5,N/A,3 4,8,4 5,N/A,3 8,12
1 3 4 5 8 10,0.0338018,15.6539,Yes,N/A,N/A,3,4,5,1 5,3 4,8,1 8,10,1 10,4 8
1 3 4 5 8 10 12,0.00438926,26.7884,Yes,N/A,N/A,3,4,5,1 5,3 4,8,1 8,10,1 10,12
3 4 5 8 10,0.0155678,19.6972,Yes,N/A,N/A,3,4,5,N/A,3 4,8,4 5,10,3 8,4 8
1 3 4 5 8 10 11,0.00911902,25.0148,Yes,N/A,N/A,3,4,5,1 5,3 4,8,1 8,10,11,1 11
1 3 4 5 8 10 11 12,0.00136271,36.3544,Yes,N/A,N/A,3,4,5,1 5,3 4,8,1 8,10,11,12
3 4 5 8 11,0.00900682,22.4409,Yes,N/A,N/A,3,4,5,N/A,3 4,8,4 5,N/A,11,4 8
3 4 5 8 11 12,0.00111256,33.9293,Yes,N/A,N/A,3,4,5,N/A,3 4,8,4 5,N/A,11,12
1 3 4 5 8 9,0.0440958,14.642,Yes,N/A,N/A,3,4,5,1 5,3 4,8,9,1 9,3 8,3 9
1 3 4 5 8 9 12,0.00562029,25.8423,Yes,N/A,N/A,3,4,5,1 5,3 4,8,9,1 9,3 8,12
3 4 5 8 9,0.0185185,19.6643,Yes,N/A,N/A,3,4,5,N/A,3 4,8,9,N/A,3 8,3 9
1 3 4 5 8 9 11,0.012496,23.5021,Yes,N/A,N/A,3,4,5,1 5,3 4,8,9,1 9,11,1 11
1 3 4 5 8 9 11 12,0.00185798,34.8363,Yes,N/A,N/A,3,4,5,1 5,3 4,8,9,1 9,11,12
3 4 5 8 9 12,0.00222538,31.205,Yes,N/A,N/A,3,4,5,N/A,3 4,8,9,N/A,3 8,12
1 3 4 5 8 9 10,0.0186929,21.7598,Yes,N/A,N/A,3,4,5,1 5,3 4,8,9,10,1 10,3 9
1 3 4 5 8 9 10 12,0.00288604,32.8387,Yes,N/A,N/A,3,4,5,1 5,3 4,8,9,10,1 10,12
3 4 5 8 9 10,0.0073882,26.5008,Yes,N/A,N/A,3,4,5,N/A,3 4,8,9,10,3 8,3 9
1 3 4 5 8 9 10 11,0.00601136,30.9204,Yes,N/A,N/A,3,4,5,1 5,3 4,8,9,10,11,1 11
1 3 4 5 8 9 10 11 12,0.00104767,42.218,Yes,N/A,N/A,3,4,5,1 5,3 4,8,9,10,11,12
3 4 5 9 11,0.00666819,23.6441,Yes,N/A,N/A,3,4,5,N/A,3 4,3 5,9,N/A,11,3 9
3 4 5 9 11 12,0.000827173,35.1657,Yes,N/A,N/A,3,4,5,N/A,3 4,3 5,9,N/A,11,12
3 4 5 9 10 12,0.00124076,33.4383,Yes,N/A,N/A,3,4,5,N/A,3 4,3 5,9,10,N/A,12
3 4 5 9 10 11,0.00272443,30.8172,Yes,N/A,N/A,3,4,5,N/A,3 4,3 5,9,10,11,3 9
3 4 5 9 10 11 12,0.000414116,42.1833,Yes,N/A,N/A,3,4,5,N/A,3 4,3 5,9,10,11,12
1 3 4 5 7,0.110704,7.23763,Yes,N/A,N/A,3,4,5,1 5,7,1 7,4 5,3 7,4 7,5 7
1 3 4 5 7 12,0.0111133,18.4059,Yes,N/A,N/A,3,4,5,1 5,7,1 7,4 5,3 7,4 7,12
3 4 5 7,0.0797325,10.0142,Yes,N/A,N/A,3,4,5,N/A,7,3 5,4 5,3 7,4 7,5 7
1 3 4 5 7 11,0.0265001,16.3502,Yes,N/A,N/A,3,4,5,1 5,7,1 7,4 5,3 7,11,1 11
1 3 4 5 7 11 12,0.00311665,27.7504,Yes,N/A,N/A,3,4,5,1 5,7,1 7,4 5,3 7,11,12
3 4 5 7 12,0.00728738,21.4229,Yes,N/A,N/A,3,4,5,N/A,7,3 5,4 5,3 7,4 7,12
1 3 4 5 7 10,0.039209,14.6814,Yes,N/A,N/A,3,4,5,1 5,7,1 7,4 5,10,1 10,5 7
1 3 4 5 7 10 12,0.00503597,25.7284,Yes,N/A,N/A,3,4,5,1 5,7,1 7,4 5,10,1 10,12
3 4 5 7 10,0.0200617,18.5144,Yes,N/A,N/A,3,4,5,N/A,7,3 5,4 5,10,4 7,5 7
1 3 4 5 7 10 11,0.0104114,24.0725,Yes,N/A,N/A,3,4,5,1 5,7,1 7,4 5,10,11,1 11
1 3 4 5 7 10 11 12,0.00153048,35.3409,Yes,N/A,N/A,3,4,5,1 5,7,1 7,4 5,10,11,12
3 4 5 7 11,0.0139175,19.9264,Yes,N/A,N/A,3,4,5,N/A,7,3 5,4 5,3 7,11,5 7
3 4 5 7 11 12,0.00168689,31.2813,Yes,N/A,N/A,3,4,5,N/A,7,3 5,4 5,3 7,11,12
1 3 4 5 7 9,0.0566237,12.7182,Yes,N/A,N/A,3,4,5,1 5,7,1 7,9,1 9,4 7,3 9
1 3 4 5 7 9 12,0.00694696,24.0044,Yes,N/A,N/A,3,4,5,1 5,7,1 7,9,1 9,4 7,12
3 4 5 7 9,0.0285422,17.0383,Yes,N/A,N/A,3,4,5,N/A,7,3 5,9,3 7,4 7,3 9
1 3 4 5 7 9 11,0.0155251,21.6446,Yes,N/A,N/A,3,4,5,1 5,7,1 7,9,1 9,11,1 11
1 3 4 5 7 9 11 12,0.00225607,32.9382,Yes,N/A,N/A,3,4,5,1 5,7,1 7,9,1 9,11,12
3 4 5 7 9 12,0.00332139,28.5049,Yes,N/A,N/A,3,4,5,N/A,7,3 5,9,3 7,4 7,12
1 3 4 5 7 9 10,0.0225931,20.0537,Yes,N/A,N/A,3,4,5,1 5,7,1 7,9,10,1 10,3 9
1 3 4 5 7 9 10 12,0.0033853,31.2383,Yes,N/A,N/A,3,4,5,1 5,7,1 7,9,10,1 10,12
3 4 5 7 9 10,0.0099999,25.0492,Yes,N/A,N/A,3,4,5,N/A,7,3 5,9,10,4 7,3 9
1 3 4 5 7 9 10 11,0.00702413,29.1797,Yes,N/A,N/A,3,4,5,1 5,7,1 7,9,10,11,1 11
1 3 4 5 7 9 10 11 12,0.00120697,40.3965,Yes,N/A,N/A,3,4,5,1 5,7,1 7,9,10,11,12
3 4 5 7 10 12,0.00242794,29.8499,Yes,N/A,N/A,3,4,5,N/A,7,3 5,4 5,10,4 7,12
3 4 5 7 10 11,0.00462487,28.2943,Yes,N/A,N/A,3,4,5,N/A,7,3 5,4 5,10,11,5 7
3 4 5 7 10 11 12,0.000696588,39.5697,Yes,N/A,N/A,3,4,5,N/A,7,3 5,4 5,10,11,12
1 3 4 5 7 8,0.0760307,10.9544,Yes,N/A,N/A,3,4,5,1 5,7,8,1 8,3 7,3 8,4 8
1 3 4 5 7 8 12,0.00932243,22.1507,Yes,N/A,N/A,3,4,5,1 5,7,8,1 8,3 7,3 8,12
3 4 5 7 8,0.0426859,15.2843,Yes,N/A,N/A,3,4,5,N/A,7,8,4 5,3 7,3 8,4 8
1 3 4 5 7 8 11,0.0201663,20.2037,Yes,N/A,N/A,3,4,5,1 5,7,8,1 8,3 7,11,1 11
1 3 4 5 7 8 11 12,0.00287671,31.4893,Yes,N/A,N/A,3,4,5,1 5,7,8,1 8,3 7,11,12
3 4 5 7 8 12,0.00493294,26.7172,Yes,N/A,N/A,3,4,5,N/A,7,8,4 5,3 7,3 8,12
1 3 4 5 7 8 10,0.0303197,18.1623,Yes,N/A,N/A,3,4,5,1 5,7,8,1 8,10,1 10,4 8
1 3 4 5 7 8 10 12,0.00458642,29.2243,Yes,N/A,N/A,3,4,5,1 5,7,8,1 8,10,1 10,12
3 4 5 7 8 10,0.0139004,23.443,Yes,N/A,N/A,3,4,5,N/A,7,8,4 5,10,3 8,4 8
1 3 4 5 7 8 10 11,0.00919413,27.4654,Yes,N/A,N/A,3,4,5,1 5,7,8,1 8,10,11,1 11
1 3 4 5 7 8 10 11 12,0.00157607,38.6048,Yes,N/A,N/A,3,4,5,1 5,7,8,1 8,10,11,12
3 4 5 7 8 11,0.0092066,25.2369,Yes,N/A,N/A,3,4,5,N/A,7,8,4 5,3 7,11,4 8
3 4 5 7 8 11 12,0.00132585,36.6391,Yes,N/A,N/A,3,4,5,N/A,7,8,4 5,3 7,11,12
1 3 4 5 7 8 9,0.0421832,16.2005,Yes,N/A,N/A,3,4,5,1 5,7,8,9,1 9,3 8,3 9
1 3 4 5 7 8 9 12,0.00621695,27.3348,Yes,N/A,N/A,3,4,5,1 5,7,8,9,1 9,3 8,12
3 4 5 7 8 9,0.0182001,22.0896,Yes,N/A,N/A,3,4,5,N/A,7,8,9,3 7,3 8,3 9
1 3 4 5 7 8 9 11,0.013065,25.2343,Yes,N/A,N/A,3,4,5,1 5,7,8,9,1 9,11,1 11
1 3 4 5 7 8 9 11 12,0.00221491,36.3958,Yes,N/A,N/A,3,4,5,1 5,7,8,9,1 9,11,12
3 4 5 7 8 9 12,0.00255728,33.5608,Yes,N/A,N/A,3,4,5,N/A,7,8,9,3 7,3 8,12
1 3 4 5 7 8 9 10,0.0192453,23.2961,Yes,N/A,N/A,3,4,5,1 5,7,8,9,10,1 10,3 9
1 3 4 5 7 8 9 10 12,0.0033506,34.3544,Yes,N/A,N/A,3,4,5,1 5,7,8,9,10,1 10,12
3 4 5 7 8 9 10,0.00772601,29.6518,Yes,N/A,N/A,3,4,5,N/A,7,8,9,10,3 8,3 9
1 3 4 5 7 8 9 10 11,0.00676683,32.3208,Yes,N/A,N/A,3,4,5,1 5,7,8,9,10,11,1 11
1 3 4 5 7 8 9 10 11 12,0.00132559,43.3909,Yes,N/A,N/A,3,4,5,1 5,7,8,9,10,11,12
3 4 5 8 10 12,0.00191175,31.0667,Yes,N/A,N/A,3,4,5,N/A,3 4,8,4 5,10,3 8,12
3 4 5 8 10 11,0.00359963,29.5416,Yes,N/A,N/A,3,4,5,N/A,3 4,8,4 5,10,11,4 8
3 4 5 8 10 11 12,0.000547413,40.8615,Yes,N/A,N/A,3,4,5,N/A,3 4,8,4 5,10,11,12
3 4 5 8 9 11,0.00450632,29.5124,Yes,N/A,N/A,3,4,5,N/A,3 4,8,9,N/A,11,3 9
3 4 5 8 9 11 12,0.000665937,41.0271,Yes,N/A,N/A,3,4,5,N/A,3 4,8,9,N/A,11,12
3 4 5 8 9 10 12,0.00109417,37.8792,Yes,N/A,N/A,3,4,5,N/A,3 4,8,9,10,3 8,12
3 4 5 8 9 10 11,0.00220818,35.9568,Yes,N/A,N/A,3,4,5,N/A,3 4,8,9,10,11,3 9
3 4 5 8 9 10 11 12,0.000387434,47.2866,Yes,N/A,N/A,3,4,5,N/A,3 4,8,9,10,11,12
1 3 4 5 6,0.130966,6.23275,Yes,N/A,N/A,3,4,5,6,1 6,3 5,3 6,4 6,5 6,1 5 6
1 3 4 5 6 12,0.0128422,17.3016,Yes,N/A,N/A,3,4,5,6,1 6,3 5,3 6,4 6,5 6,12
3 4 5 6,0.102752,7.91067,Yes,N/A,N/A,3,4,5,6,3 4,3 5,3 6,4 6,5 6,3 4 5
1 3 4 5 6 11,0.0318406,15.0041,Yes,N/A,N/A,3,4,5,6,1 6,3 5,3 6,4 6,11,1 11
1 3 4 5 6 11 12,0.0036176,26.4624,Yes,N/A,N/A,3,4,5,6,1 6,3 5,3 6,4 6,11,12
3 4 5 6 12,0.00942835,19.1296,Yes,N/A,N/A,3,4,5,6,3 4,3 5,3 6,4 6,5 6,12
1 3 4 5 6 10,0.046263,13.4623,Yes,N/A,N/A,3,4,5,6,1 6,3 5,3 6,10,1 10,1 5 6
1 3 4 5 6 10 12,0.0059371,24.3184,Yes,N/A,N/A,3,4,5,6,1 6,3 5,3 6,10,1 10,12
3 4 5 6 10,0.0258416,16.1186,Yes,N/A,N/A,3,4,5,6,3 4,3 5,3 6,10,5 6,3 4 5
1 3 4 5 6 10 11,0.0124229,22.5795,Yes,N/A,N/A,3,4,5,6,1 6,3 5,3 6,10,11,1 11
1 3 4 5 6 10 11 12,0.0017815,33.9152,Yes,N/A,N/A,3,4,5,6,1 6,3 5,3 6,10,11,12
3 4 5 6 11,0.017785,17.6152,Yes,N/A,N/A,3,4,5,6,3 4,3 5,3 6,4 6,11,3 4 5
3 4 5 6 11 12,0.00216901,28.742,Yes,N/A,N/A,3,4,5,6,3 4,3 5,3 6,4 6,11,12
1 3 4 5 6 9,0.0651554,11.663,Yes,N/A,N/A,3,4,5,6,1 6,3 5,9,1 9,5 6,3 9
1 3 4 5 6 9 12,0.00797906,22.772,Yes,N/A,N/A,3,4,5,6,1 6,3 5,9,1 9,5 6,12
3 4 5 6 9,0.0374848,14.5812,Yes,N/A,N/A,3,4,5,6,3 4,3 5,9,4 6,5 6,3 9
1 3 4 5 6 9 11,0.0179824,20.3301,Yes,N/A,N/A,3,4,5,6,1 6,3 5,9,1 9,11,1 11
1 3 4 5 6 9 11 12,0.00256477,31.6046,Yes,N/A,N/A,3,4,5,6,1 6,3 5,9,1 9,11,12
3 4 5 6 9 12,0.004342,25.8871,Yes,N/A,N/A,3,4,5,6,3 4,3 5,9,4 6,5 6,12
1 3 4 5 6 9 10,0.0254595,18.9511,Yes,N/A,N/A,3,4,5,6,1 6,3 5,9,10,1 10,3 9
1 3 4 5 6 9 10 12,0.00384245,29.8957,Yes,N/A,N/A,3,4,5,6,1 6,3 5,9,10,1 10,12
3 4 5 6 9 10,0.0121901,22.4934,Yes,N/A,N/A,3,4,5,6,3 4,3 5,9,10,5 6,3 9
1 3 4 5 6 9 10 11,0.00793871,27.8556,Yes,N/A,N/A,3,4,5,6,1 6,3 5,9,10,11,1 11
1 3 4 5 6 9 10 11 12,0.00134871,39.0626,Yes,N/A,N/A,3,4,5,6,1 6,3 5,9,10,11,12
3 4 5 6 10 12,0.0031535,27.2084,Yes,N/A,N/A,3,4,5,6,3 4,3 5,3 6,10,5 6,12
3 4 5 6 10 11,0.00593548,25.6261,Yes,N/A,N/A,3,4,5,6,3 4,3 5,3 6,10,11,3 4 5
3 4 5 6 10 11 12,0.000902984,36.6027,Yes,N/A,N/A,3,4,5,6,3 4,3 5,3 6,10,11,12
1 3 4 5 6 8,0.0857589,9.7556,Yes,N/A,N/A,3,4,5,6,1 6,8,1 8,4 6,3 8,4 8
1 3 4 5 6 8 12,0.0104128,20.864,Yes,N/A,N/A,3,4,5,6,1 6,8,1 8,4 6,3 8,12
3 4 5 6 8,0.0503639,12.7674,Yes,N/A,N/A,3,4,5,6,3 4,8,3 6,4 6,3 8,4 8
1 3 4 5 6 8 11,0.0226477,18.8127,Yes,N/A,N/A,3,4,5,6,1 6,8,1 8,4 6,11,1 11
1 3 4 5 6 8 11 12,0.00319436,30.0638,Yes,N/A,N/A,3,4,5,6,1 6,8,1 8,4 6,11,12
3 4 5 6 8 12,0.00589586,23.9678,Yes,N/A,N/A,3,4,5,6,3 4,8,3 6,4 6,3 8,12
1 3 4 5 6 8 10,0.0347556,16.4076,Yes,N/A,N/A,3,4,5,6,1 6,8,1 8,10,1 10,4 8
1 3 4 5 6 8 10 12,0.00522042,27.3141,Yes,N/A,N/A,3,4,5,6,1 6,8,1 8,10,1 10,12
3 4 5 6 8 10,0.0170743,20.2759,Yes,N/A,N/A,3,4,5,6,3 4,8,3 6,10,3 8,4 8
1 3 4 5 6 8 10 11,0.0104646,25.4975,Yes,N/A,N/A,3,4,5,6,1 6,8,1 8,10,11,1 11
1 3 4 5 6 8 10 11 12,0.00177485,36.5722,Yes,N/A,N/A,3,4,5,6,1 6,8,1 8,10,11,12
3 4 5 6 8 11,0.010859,22.5287,Yes,N/A,N/A,3,4,5,6,3 4,8,3 6,4 6,11,4 8
3 4 5 6 8 11 12,0.00158707,33.6616,Yes,N/A,N/A,3,4,5,6,3 4,8,3 6,4 6,11,12
1 3 4 5 6 8 9,0.0455363,15.2326,Yes,N/A,N/A,3,4,5,6,1 6,8,9,1 9,3 8,3 9
1 3 4 5 6 8 9 12,0.00667862,26.2982,Yes,N/A,N/A,3,4,5,6,1 6,8,9,1 9,3 8,12
3 4 5 6 8 9,0.0227489,19.0239,Yes,N/A,N/A,3,4,5,6,3 4,8,9,4 6,3 8,3 9
1 3 4 5 6 8 9 11,0.0142407,23.9755,Yes,N/A,N/A,3,4,5,6,1 6,8,9,1 9,11,1 11
1 3 4 5 6 8 9 11 12,0.0023873,35.1219,Yes,N/A,N/A,3,4,5,6,1 6,8,9,1 9,11,12
3 4 5 6 8 9 12,0.00321818,30.2208,Yes,N/A,N/A,3,4,5,6,3 4,8,9,4 6,3 8,12
1 3 4 5 6 8 9 10,0.0209394,21.8634,Yes,N/A,N/A,3,4,5,6,1 6,8,9,10,1 10,3 9
1 3 4 5 6 8 9 10 12,0.00364359,32.7761,Yes,N/A,N/A,3,4,5,6,1 6,8,9,10,1 10,12
3 4 5 6 8 9 10,0.00936272,26.147,Yes,N/A,N/A,3,4,5,6,3 4,8,9,10,3 8,3 9
1 3 4 5 6 8 9 10 11,0.00734983,30.6842,Yes,N/A,N/A,3,4,5,6,1 6,8,9,10,11,1 11
1 3 4 5 6 8 9 10 11 12,0.00142755,41.728,Yes,N/A,N/A,3,4,5,6,1 6,8,9,10,11,12
3 4 5 6 9 11,0.00847919,24.0656,Yes,N/A,N/A,3,4,5,6,3 4,3 5,9,4 6,11,3 9
3 4 5 6 9 11 12,0.00122978,35.2588,Yes,N/A,N/A,3,4,5,6,3 4,3 5,9,4 6,11,12
3 4 5 6 9 10 12,0.0017762,33.6366,Yes,N/A,N/A,3,4,5,6,3 4,3 5,9,10,5 6,12
3 4 5 6 9 10 11,0.00343332,31.7555,Yes,N/A,N/A,3,4,5,6,3 4,3 5,9,10,11,3 9
3 4 5 6 9 10 11 12,0.000601401,42.7532,Yes,N/A,N/A,3,4,5,6,3 4,3 5,9,10,11,12
1 3 4 5 6 7,0.108739,8.04516,Yes,N/A,N/A,3,4,5,6,7,1 7,3 6,3 7,4 7,5 7
1 3 4 5 6 7 12,0.013147,19.0213,Yes,N/A,N/A,3,4,5,6,7,1 7,3 6,3 7,4 7,12
3 4 5 6 7,0.0685585,10.9267,Yes,N/A,N/A,3,4,5,6,7,3 5,3 6,3 7,4 7,5 7
1 3 4 5 6 7 11,0.0298671,16.8691,Yes,N/A,N/A,3,4,5,6,7,1 7,3 6,3 7,11,1 11
1 3 4 5 6 7 11 12,0.00411459,28.1008,Yes,N/A,N/A,3,4,5,6,7,1 7,3 6,3 7,11,12
3 4 5 6 7 12,0.00800659,22.0264,Yes,N/A,N/A,3,4,5,6,7,3 5,3 6,3 7,4 7,12
1 3 4 5 6 7 10,0.0434803,14.9265,Yes,N/A,N/A,3,4,5,6,7,1 7,3 6,10,1 10,5 7
1 3 4 5 6 7 10 12,0.00652609,25.6982,Yes,N/A,N/A,3,4,5,6,7,1 7,3 6,10,1 10,12
3 4 5 6 7 10,0.0215585,18.885,Yes,N/A,N/A,3,4,5,6,7,3 5,3 6,10,4 7,5 7
1 3 4 5 6 7 10 11,0.0132333,23.902,Yes,N/A,N/A,3,4,5,6,7,1 7,3 6,10,11,1 11
1 3 4 5 6 7 10 11 12,0.00220951,34.9551,Yes,N/A,N/A,3,4,5,6,7,1 7,3 6,10,11,12
3 4 5 6 7 11,0.0148732,20.574,Yes,N/A,N/A,3,4,5,6,7,3 5,3 6,3 7,11,5 7
3 4 5 6 7 11 12,0.00217014,31.6095,Yes,N/A,N/A,3,4,5,6,7,3 5,3 6,3 7,11,12
1 3 4 5 6 7 9,0.0592968,13.0326,Yes,N/A,N/A,3,4,5,6,7,1 7,9,1 9,4 7,3 9
1 3 4 5 6 7 9 12,0.00858942,23.9946,Yes,N/A,N/A,3,4,5,6,7,1 7,9,1 9,4 7,12
3 4 5 6 7 9,0.0304395,17.1312,Yes,N/A,N/A,3,4,5,6,7,3 5,9,3 7,4 7,3 9
1 3 4 5 6 7 9 11,0.0184275,21.6413,Yes,N/A,N/A,3,4,5,6,7,1 7,9,1 9,11,1 11
1 3 4 5 6 7 9 11 12,0.00305536,32.6821,Yes,N/A,N/A,3,4,5,6,7,1 7,9,1 9,11,12
3 4 5 6 7 9 12,0.00425487,28.254,Yes,N/A,N/A,3,4,5,6,7,3 5,9,3 7,4 7,12
1 3 4 5 6 7 9 10,0.0262574,19.9641,Yes,N/A,N/A,3,4,5,6,7,1 7,9,10,1 10,3 9
1 3 4 5 6 7 9 10 12,0.00453338,30.773,Yes,N/A,N/A,3,4,5,6,7,1 7,9,10,1 10,12
3 4 5 6 7 9 10,0.0118984,24.6804,Yes,N/A,N/A,3,4,5,6,7,3 5,9,10,4 7,3 9
1 3 4 5 6 7 9 10 11,0.00914137,28.6469,Yes,N/A,N/A,3,4,5,6,7,1 7,9,10,11,1 11
1 3 4 5 6 7 9 10 11 12,0.0017627,39.5739,Yes,N/A,N/A,3,4,5,6,7,1 7,9,10,11,12
3 4 5 6 7 10 12,0.00314496,29.8512,Yes,N/A,N/A,3,4,5,6,7,3 5,3 6,10,4 7,12
3 4 5 6 7 10 11,0.00582216,28.3602,Yes,N/A,N/A,3,4,5,6,7,3 5,3 6,10,11,5 7
3 4 5 6 7 10 11 12,0.00101878,39.2544,Yes,N/A,N/A,3,4,5,6,7,3 5,3 6,10,11,12
1 3 4 5 6 7 8,0.076435,11.3073,Yes,N/A,N/A,3,4,5,6,7,8,1 8,3 7,3 8,4 8
1 3 4 5 6 7 8 12,0.0110797,22.1991,Yes,N/A,N/A,3,4,5,6,7,8,1 8,3 7,3 8,12
3 4 5 6 7 8,0.0430389,14.8081,Yes,N/A,N/A,3,4,5,6,7,8,3 6,3 7,3 8,4 8
1 3 4 5 6 7 8 11,0.023722,19.9681,Yes,N/A,N/A,3,4,5,6,7,8,1 8,3 7,11,1 11
1 3 4 5 6 7 8 11 12,0.00387626,31.0288,Yes,N/A,N/A,3,4,5,6,7,8,1 8,3 7,11,12
3 4 5 6 7 8 12,0.00596193,25.9474,Yes,N/A,N/A,3,4,5,6,7,8,3 6,3 7,3 8,12
1 3 4 5 6 7 8 10,0.0348467,17.7438,Yes,N/A,N/A,3,4,5,6,7,8,1 8,10,1 10,4 8
1 3 4 5 6 7 8 10 12,0.00604295,28.4372,Yes,N/A,N/A,3,4,5,6,7,8,1 8,10,1 10,12
3 4 5 6 7 8 10,0.0167134,22.121,Yes,N/A,N/A,3,4,5,6,7,8,3 6,10,3 8,4 8
1 3 4 5 6 7 8 10 11,0.0119888,26.5074,Yes,N/A,N/A,3,4,5,6,7,8,1 8,10,11,1 11
1 3 4 5 6 7 8 10 11 12,0.00230247,37.3692,Yes,N/A,N/A,3,4,5,6,7,8,1 8,10,11,12
3 4 5 6 7 8 11,0.0111517,24.2296,Yes,N/A,N/A,3,4,5,6,7,8,3 6,3 7,11,4 8
3 4 5 6 7 8 11 12,0.00186598,35.2946,Yes,N/A,N/A,3,4,5,6,7,8,3 6,3 7,11,12
1 3 4 5 6 7 8 9,0.0467006,15.9705,Yes,N/A,N/A,3,4,5,6,7,8,9,1 9,3 8,3 9
1 3 4 5 6 7 8 9 12,0.00791624,26.7752,Yes,N/A,N/A,3,4,5,6,7,8,9,1 9,3 8,12
3 4 5 6 7 8 9,0.0222796,20.4984,Yes,N/A,N/A,3,4,5,6,7,8,9,3 7,3 8,3 9
1 3 4 5 6 7 8 9 11,0.0164883,24.3351,Yes,N/A,N/A,3,4,5,6,7,8,9,1 9,11,1 11
1 3 4 5 6 7 8 9 11 12,0.00313345,35.2426,Yes,N/A,N/A,3,4,5,6,7,8,9,1 9,11,12
3 4 5 6 7 8 9 12,0.00364188,31.5831,Yes,N/A,N/A,3,4,5,6,7,8,9,3 7,3 8,12
1 3 4 5 6 7 8 9 10,0.023775,22.3109,Yes,N/A,N/A,3,4,5,6,7,8,9,10,1 10,3 9
1 3 4 5 6 7 8 9 10 12,0.00467739,32.9668,Yes,N/A,N/A,3,4,5,6,7,8,9,10,1 10,12
3 4 5 6 7 8 9 10,0.0103678,27.3499,Yes,N/A,N/A,3,4,5,6,7,8,9,10,3 8,3 9
1 3 4 5 6 7 8 9 10 11,0.00930866,30.7267,Yes,N/A,N/A,3,4,5,6,7,8,9,10,11,1 11
1 3 4 5 6 7 8 9 10 11 12,0.00201723,41.5061,Yes,N/A,N/A,3,4,5,6,7,8,9,10,11,12
4 6 8 10 12,0.0008752,34.8088,Yes,N/A,N/A,N/A,4,N/A,6,N/A,8,N/A,10,N/A,12
4 6 8 10 11,0.00196473,32.6691,Yes,N/A,N/A,N/A,4,N/A,6,N/A,8,N/A,10,11,4 8
4 6 8 10 11 12,0.000267918,44.3552,Yes,N/A,N/A,N/A,4,N/A,6,N/A,8,N/A,10,11,12
4 6 8 9 11,0.00347699,29.8866,Yes,N/A,N/A,N/A,4,N/A,6,N/A,8,9,4 6,11,4 8
4 6 8 9 11 12,0.000476299,41.4502,Yes,N/A,N/A,N/A,4,N/A,6,N/A,8,9,4 6,11,12
4 6 8 9 10 12,0.000535837,41.2804,Yes,N/A,N/A,N/A,4,N/A,6,N/A,8,9,10,N/A,12
4 6 8 9 10 11,0.00119075,38.8162,Yes,N/A,N/A,N/A,4,N/A,6,N/A,8,9,10,11,4 8
4 6 8 9 10 11 12,0.00019515,50.3674,Yes,N/A,N/A,N/A,4,N/A,6,N/A,8,9,10,11,12
4 6 7 9 11,0.00405807,29.1134,Yes,N/A,N/A,N/A,4,N/A,6,7,N/A,9,4 6,11,N/A
4 6 7 9 11 12,0.000603313,40.0967,Yes,N/A,N/A,N/A,4,N/A,6,7,N/A,9,4 6,11,12
4 6 7 9 10 12,0.000809709,38.8473,Yes,N/A,N/A,N/A,4,N/A,6,7,N/A,9,10,4 7,12
4 6 7 9 10 11,0.00138127,38.0863,Yes,N/A,N/A,N/A,4,N/A,6,7,N/A,9,10,11,N/A
4 6 7 9 10 11 12,0.000250057,48.9415,Yes,N/A,N/A,N/A,4,N/A,6,7,N/A,9,10,11,12
4 6 7 8 10 12,0.00110144,37.3661,Yes,N/A,N/A,N/A,4,N/A,6,7,8,N/A,10,4 7,12
4 6 7 8 10 11,0.00208381,35.9118,Yes,N/A,N/A,N/A,4,N/A,6,7,8,N/A,10,11,4 8
4 6 7 8 10 11 12,0.00034234,47.3975,Yes,N/A,N/A,N/A,4,N/A,6,7,8,N/A,10,11,12
4 6 7 8 9 11,0.00349286,32.4158,Yes,N/A,N/A,N/A,4,N/A,6,7,8,9,4 6,11,4 8
4 6 7 8 9 11 12,0.000575528,43.7061,Yes,N/A,N/A,N/A,4,N/A,6,7,8,9,4 6,11,12
4 6 7 8 9 10 12,0.000783909,42.3102,Yes,N/A,N/A,N/A,4,N/A,6,7,8,9,10,4 7,12
4 6 7 8 9 10 11,0.00148844,40.6454,Yes,N/A,N/A,N/A,4,N/A,6,7,8,9,10,11,4 8
4 6 7 8 9 10 11 12,0.000285559,51.8816,Yes,N/A,N/A,N/A,4,N/A,6,7,8,9,10,11,12
4 5 7 9 11,0.00331504,29.5232,Yes,N/A,N/A,N/A,4,5,N/A,7,N/A,9,N/A,11,5 7
4 5 7 9 11 12,0.000468361,41.1425,Yes,N/A,N/A,N/A,4,5,N/A,7,N/A,9,N/A,11,12
4 5 7 9 10 12,0.000797801,38.4861,Yes,N/A,N/A,N/A,4,5,N/A,7,N/A,9,10,4 7,12
4 5 7 9 10 11,0.00147653,37.1307,Yes,N/A,N/A,N/A,4,5,N/A,7,N/A,9,10,11,5 7
4 5 7 9 10 11 12,0.000250057,48.6225,Yes,N/A,N/A,N/A,4,5,N/A,7,N/A,9,10,11,12
4 5 7 8 10 12,0.00142562,35.0665,Yes,N/A,N/A,N/A,4,5,N/A,7,8,4 5,10,4 7,12
4 5 7 8 10 11,0.00282922,33.3644,Yes,N/A,N/A,N/A,4,5,N/A,7,8,4 5,10,11,4 8
4 5 7 8 10 11 12,0.000454965,44.825,Yes,N/A,N/A,N/A,4,5,N/A,7,8,4 5,10,11,12
4 5 7 8 9 11,0.00281969,33.854,Yes,N/A,N/A,N/A,4,5,N/A,7,8,9,N/A,11,4 8
4 5 7 8 9 11 12,0.000447854,45.4679,Yes,N/A,N/A,N/A,4,5,N/A,7,8,9,N/A,11,12
4 5 7 8 9 10 12,0.000751164,42.2099,Yes,N/A,N/A,N/A,4,5,N/A,7,8,9,10,4 7,12
4 5 7 8 9 10 11,0.00148447,40.4008,Yes,N/A,N/A,N/A,4,5,N/A,7,8,9,10,11,4 8
4 5 7 8 9 10 11 12,0.000276463,51.8563,Yes,N/A,N/A,N/A,4,5,N/A,7,8,9,10,11,12
4 5 6 8 10 12,0.00135269,34.8379,Yes,N/A,N/A,N/A,4,5,6,N/A,8,4 5,10,5 6,12
4 5 6 8 10 11,0.00264584,33.2967,Yes,N/A,N/A,N/A,4,5,6,N/A,8,4 5,10,11,4 8
4 5 6 8 10 11 12,0.000429331,44.6601,Yes,N/A,N/A,N/A,4,5,6,N/A,8,4 5,10,11,12
4 5 6 8 9 11,0.00321026,32.0669,Yes,N/A,N/A,N/A,4,5,6,N/A,8,9,4 6,11,4 8
4 5 6 8 9 11 12,0.000519519,43.4298,Yes,N/A,N/A,N/A,4,5,6,N/A,8,9,4 6,11,12
4 5 6 8 9 10 12,0.000731649,42.0657,Yes,N/A,N/A,N/A,4,5,6,N/A,8,9,10,5 6,12
4 5 6 8 9 10 11,0.00142361,40.4643,Yes,N/A,N/A,N/A,4,5,6,N/A,8,9,10,11,4 8
4 5 6 8 9 10 11 12,0.000268947,51.7754,Yes,N/A,N/A,N/A,4,5,6,N/A,8,9,10,11,12
4 5 6 7 9 11,0.00426129,30.6072,Yes,N/A,N/A,N/A,4,5,6,7,N/A,9,4 6,11,5 7
4 5 6 7 9 11 12,0.000681373,41.9467,Yes,N/A,N/A,N/A,4,5,6,7,N/A,9,4 6,11,12
4 5 6 7 9 10 12,0.00100817,40.2078,Yes,N/A,N/A,N/A,4,5,6,7,N/A,9,10,4 7,12
4 5 6 7 9 10 11,0.00181788,38.9899,Yes,N/A,N/A,N/A,4,5,6,7,N/A,9,10,11,5 7
4 5 6 7 9 10 11 12,0.000348514,50.1856,Yes,N/A,N/A,N/A,4,5,6,7,N/A,9,10,11,12
4 5 6 7 8 10 12,0.00163182,35.8993,Yes,N/A,N/A,N/A,4,5,6,7,8,4 5,10,4 7,12
4 5 6 7 8 10 11,0.00310835,34.1947,Yes,N/A,N/A,N/A,4,5,6,7,8,4 5,10,11,4 8
4 5 6 7 8 10 11 12,0.000576634,45.321,Yes,N/A,N/A,N/A,4,5,6,7,8,4 5,10,11,12
4 5 6 7 8 9 11,0.00391624,32.7218,Yes,N/A,N/A,N/A,4,5,6,7,8,9,4 6,11,4 8
4 5 6 7 8 9 11 12,0.000716033,43.9076,Yes,N/A,N/A,N/A,4,5,6,7,8,9,4 6,11,12
4 5 6 7 8 9 10 12,0.00106487,41.7538,Yes,N/A,N/A,N/A,4,5,6,7,8,9,10,4 7,12
4 5 6 7 8 9 10 11,0.00201159,39.9743,Yes,N/A,N/A,N/A,4,5,6,7,8,9,10,11,4 8
4 5 6 7 8 9 10 11 12,0.00042475,51.0244,Yes,N/A,N/A,N/A,4,5,6,7,8,9,10,11,12
1 2,0.0601852,2.77315,Yes,N/A,2,1 2,N/A,N/A,N/A,N/A,N/A,N/A,N/A,N/A,N/A
1 2 12,0.00334362,14.4102,Yes,N/A,2,1 2,N/A,N/A,N/A,N/A,N/A,N/A,N/A,N/A,12
2,0.0277778,1.94444,Yes,N/A,2,N/A,N/A,N/A,N/A,N/A,N/A,N/A,N/A,N/A,N/A
1 2 11,0.00823045,12.7587,Yes,N/A,2,1 2,N/A,N/A,N/A,N/A,N/A,N/A,N/A,11,1 11
1 2 11 12,0.000621571,24.6842,Yes,N/A,2,1 2,N/A,N/A,N/A,N/A,N/A,N/A,N/A,11,12
2 12,0.00154321,13.6003,Yes,N/A,2,N/A,N/A,N/A,N/A,N/A,N/A,N/A,N/A,N/A,12
1 2 10,0.0177469,10.8866,Yes,N/A,2,1 2,N/A,N/A,N/A,N/A,N/A,N/A,10,1 10,2 10
1 2 10 12,0.00122171,22.7505,Yes,N/A,2,1 2,N/A,N/A,N/A,N/A,N/A,N/A,10,1 10,12
2 10,0.0324074,10.75,Yes,N/A,2,N/A,N/A,N/A,N/A,N/A,N/A,N/A,10,N/A,2 10
1 2 10 11,0.00334362,21.6043,Yes,N/A,2,1 2,N/A,N/A,N/A,N/A,N/A,N/A,10,11,1 11
1 2 10 11 12,0.000271491,33.5333,Yes,N/A,2,1 2,N/A,N/A,N/A,N/A,N/A,N/A,10,11,12
2 11,0.00308642,12.3133,Yes,N/A,2,N/A,N/A,N/A,N/A,N/A,N/A,N/A,N/A,11,N/A
2 11 12,0.000257202,23.9315,Yes,N/A,2,N/A,N/A,N/A,N/A,N/A,N/A,N/A,N/A,11,12
1 2 9,0.0550412,8.85391,Yes,N/A,2,1 2,N/A,N/A,N/A,N/A,N/A,9,1 9,2 9,1 2 9
1 2 9 12,0.00278635,20.6539,Yes,N/A,2,1 2,N/A,N/A,N/A,N/A,N/A,9,1 9,2 9,12
2 9,0.0617284,9.29938,Yes,N/A,2,N/A,N/A,N/A,N/A,N/A,N/A,9,N/A,2 9,N/A
1 2 9 11,0.00711591,19.4013,Yes,N/A,2,1 2,N/A,N/A,N/A,N/A,N/A,9,1 9,11,1 11
1 2 9 11 12,0.000533455,31.2695,Yes,N/A,2,1 2,N/A,N/A,N/A,N/A,N/A,9,1 9,11,12
2 9 12,0.00360082,20.851,Yes,N/A,2,N/A,N/A,N/A,N/A,N/A,N/A,9,N/A,2 9,12
1 2 9 10,0.0144676,18.1672,Yes,N/A,2,1 2,N/A,N/A,N/A,N/A,N/A,9,10,1 10,2 10
1 2 9 10 12,0.0011074,30.0154,Yes,N/A,2,1 2,N/A,N/A,N/A,N/A,N/A,9,10,1 10,12
2 9 10,0.0169753,17.7562,Yes,N/A,2,N/A,N/A,N/A,N/A,N/A,N/A,9,10,2 9,2 10
1 2 9 10 11,0.00252915,28.8751,Yes,N/A,2,1 2,N/A,N/A,N/A,N/A,N/A,9,10,11,1 11
1 2 9 10 11 12,0.000236165,40.7919,Yes,N/A,2,1 2,N/A,N/A,N/A,N/A,N/A,9,10,11,12
2 10 12,0.00115741,22.6759,Yes,N/A,2,N/A,N/A,N/A,N/A,N/A,N/A,N/A,10,N/A,12
2 10 11,0.00385802,20.9802,Yes,N/A,2,N/A,N/A,N/A,N/A,N/A,N/A,N/A,10,11,2 10
2 10 11 12,0.000214335,32.8932,Yes,N/A,2,N/A,N/A,N/A,N/A,N/A,N/A,N/A,10,11,12
1 2 8,0.0923354,7.04964,Yes,N/A,2,1 2,N/A,N/A,N/A,N/A,8,1 8,2 8,1 2 8,N/A
1 2 8 12,0.0057656,18.4497,Yes,N/A,2,1 2,N/A,N/A,N/A,N/A,8,1 8,2 8,1 2 8,12
2 8,0.0910494,7.96142,Yes,N/A,2,N/A,N/A,N/A,N/A,N/A,8,N/A,2 8,N/A,N/A
1 2 8 11,0.0137174,17.0862,Yes,N/A,2,1 2,N/A,N/A,N/A,N/A,8,1 8,2 8,11,1 11
1 2 8 11 12,0.00103833,28.888,Yes,N/A,2,1 2,N/A,N/A,N/A,N/A,8,1 8,2 8,11,12
2 8 12,0.00527263,19.4845,Yes,N/A,2,N/A,N/A,N/A,N/A,N/A,8,N/A,2 8,N/A,12
1 2 8 10,0.0248843,15.7215,Yes,N/A,2,1 2,N/A,N/A,N/A,N/A,8,1 8,10,1 10,2 10
1 2 8 10 12,0.00195759,27.487,Yes,N/A,2,1 2,N/A,N/A,N/A,N/A,8,1 8,10,1 10,12
2 8 10,0.0165895,17.2325,Yes,N/A,2,N/A,N/A,N/A,N/A,N/A,8,N/A,10,N/A,2 10
1 2 8 10 11,0.00428669,26.2467,Yes,N/A,2,1 2,N/A,N/A,N/A,N/A,8,1 8,10,11,1 11
1 2 8 10 11 12,0.000418151,38.0797,Yes,N/A,2,1 2,N/A,N/A,N/A,N/A,8,1 8,10,11,12
2 8 11,0.0105453,18.0774,Yes,N/A,2,N/A,N/A,N/A,N/A,N/A,8,N/A,2 8,11,N/A
2 8 11 12,0.000914495,29.5399,Yes,N/A,2,N/A,N/A,N/A,N/A,N/A,8,N/A,2 8,11,12
1 2 8 9,0.0396519,14.4637,Yes,N/A,2,1 2,N/A,N/A,N/A,N/A,8,9,1 9,2 9,1 2 9
1 2 8 9 12,0.00321978,26.1377,Yes,N/A,2,1 2,N/A,N/A,N/A,N/A,8,9,1 9,2 9,12
2 8 9,0.0365226,14.7152,Yes,N/A,2,N/A,N/A,N/A,N/A,N/A,8,9,2 8,2 9,N/A
1 2 8 9 11,0.00715402,24.8475,Yes,N/A,2,1 2,N/A,N/A,N/A,N/A,8,9,1 9,11,1 11
1 2 8 9 11 12,0.000699895,36.656,Yes,N/A,2,1 2,N/A,N/A,N/A,N/A,8,9,1 9,11,12
2 8 9 12,0.003115,26.0777,Yes,N/A,2,N/A,N/A,N/A,N/A,N/A,8,9,2 8,2 9,12
1 2 8 9 10,0.0120099,23.6351,Yes,N/A,2,1 2,N/A,N/A,N/A,N/A,8,9,10,1 10,2 10
1 2 8 9 10 12,0.00123223,35.3947,Yes,N/A,2,1 2,N/A,N/A,N/A,N/A,8,9,10,1 10,12
2 8 9 10,0.00960219,23.6532,Yes,N/A,2,N/A,N/A,N/A,N/A,N/A,8,9,10,2 9,2 10
1 2 8 9 10 11,0.00253748,34.2382,Yes,N/A,2,1 2,N/A,N/A,N/A,N/A,8,9,10,11,1 11
1 2 8 9 10 11 12,0.000299848,46.0978,Yes,N/A,2,1 2,N/A,N/A,N/A,N/A,8,9,10,11,12
2 9 11,0.00411523,20.1144,Yes,N/A,2,N/A,N/A,N/A,N/A,N/A,N/A,9,N/A,11,N/A
2 9 11 12,0.000371513,31.649,Yes,N/A,2,N/A,N/A,N/A,N/A,N/A,N/A,9,N/A,11,12
2 9 10 12,0.00120027,29.614,Yes,N/A,2,N/A,N/A,N/A,N/A,N/A,N/A,9,10,2 9,12
2 9 10 11,0.00214335,28.4769,Yes,N/A,2,N/A,N/A,N/A,N/A,N/A,N/A,9,10,11,2 10
2 9 10 11 12,0.00019052,40.3564,Yes,N/A,2,N/A,N/A,N/A,N/A,N/A,N/A,9,10,11,12
1 2 7,0.12963,5.47377,Yes,N/A,2,1 2,N/A,N/A,N/A,7,1 7,2 7,1 2 7,N/A,N/A
1 2 7 12,0.00797325,16.8231,Yes,N/A,2,1 2,N/A,N/A,N/A,7,1 7,2 7,1 2 7,N/A,12
2 7,0.12037,6.73611,Yes,N/A,2,N/A,N/A,N/A,N/A,7,N/A,2 7,N/A,N/A,N/A
1 2 7 11,0.0228909,14.74,Yes,N/A,2,1 2,N/A,N/A,N/A,7,1 7,2 7,1 2 7,11,1 11
1 2 7 11 12,0.00175754,26.4622,Yes,N/A,2,1 2,N/A,N/A,N/A,7,1 7,2 7,1 2 7,11,12
2 7 12,0.00694444,18.2338,Yes,N/A,2,N/A,N/A,N/A,N/A,7,N/A,2 7,N/A,N/A,12
1 2 7 10,0.0401235,13.2226,Yes,N/A,2,1 2,N/A,N/A,N/A,7,1 7,2 7,10,1 10,2 10
1 2 7 10 12,0.00319359,24.8929,Yes,N/A,2,1 2,N/A,N/A,N/A,7,1 7,2 7,10,1 10,12
2 7 10,0.0300926,15.027,Yes,N/A,2,N/A,N/A,N/A,N/A,7,N/A,2 7,10,N/A,2 10
1 2 7 10 11,0.00758745,23.4962,Yes,N/A,2,1 2,N/A,N/A,N/A,7,1 7,2 7,10,11,1 11
1 2 7 10 11 12,0.000725166,35.2898,Yes,N/A,2,1 2,N/A,N/A,N/A,7,1 7,2 7,10,11,12
2 7 11,0.0138889,16.8045,Yes,N/A,2,N/A,N/A,N/A,N/A,7,N/A,2 7,N/A,11,N/A
2 7 11 12,0.00120027,28.2368,Yes,N/A,2,N/A,N/A,N/A,N/A,7,N/A,2 7,N/A,11,12
1 2 7 9,0.059928,11.8363,Yes,N/A,2,1 2,N/A,N/A,N/A,7,1 7,9,1 9,2 9,1 2 9
1 2 7 9 12,0.0049297,23.3861,Yes,N/A,2,1 2,N/A,N/A,N/A,7,1 7,9,1 9,2 9,12
2 7 9,0.0339506,14.4985,Yes,N/A,2,N/A,N/A,N/A,N/A,7,N/A,9,N/A,2 9,N/A
1 2 7 9 11,0.0104595,22.027,Yes,N/A,2,1 2,N/A,N/A,N/A,7,1 7,9,1 9,11,1 11
1 2 7 9 11 12,0.00107644,33.6724,Yes,N/A,2,1 2,N/A,N/A,N/A,7,1 7,9,1 9,11,12
2 7 9 12,0.00291495,25.8996,Yes,N/A,2,N/A,N/A,N/A,N/A,7,N/A,9,N/A,2 9,12
1 2 7 9 10,0.0189472,20.5609,Yes,N/A,2,1 2,N/A,N/A,N/A,7,1 7,9,10,1 10,2 10
1 2 7 9 10 12,0.00192068,32.2535,Yes,N/A,2,1 2,N/A,N/A,N/A,7,1 7,9,10,1 10,12
2 7 9 10,0.0118313,22.4282,Yes,N/A,2,N/A,N/A,N/A,N/A,7,N/A,9,10,2 9,2 10
1 2 7 9 10 11,0.00405569,30.9373,Yes,N/A,2,1 2,N/A,N/A,N/A,7,1 7,9,10,11,1 11
1 2 7 9 10 11 12,0.000486884,42.6932,Yes,N/A,2,1 2,N/A,N/A,N/A,7,1 7,9,10,11,12
2 7 10 12,0.00218621,26.8384,Yes,N/A,2,N/A,N/A,N/A,N/A,7,N/A,2 7,10,N/A,12
2 7 10 11,0.00514403,24.8634,Yes,N/A,2,N/A,N/A,N/A,N/A,7,N/A,2 7,10,11,2 10
2 7 10 11 12,0.000500114,36.6394,Yes,N/A,2,N/A,N/A,N/A,N/A,7,N/A,2 7,10,11,12
1 2 7 8,0.074267,11.0008,Yes,N/A,2,1 2,N/A,N/A,N/A,7,8,1 8,2 8,1 2 8,N/A
1 2 7 8 12,0.0065515,22.1168,Yes,N/A,2,1 2,N/A,N/A,N/A,7,8,1 8,2 8,1 2 8,12
2 7 8,0.0625,11.8855,Yes,N/A,2,N/A,N/A,N/A,N/A,7,8,2 7,2 8,N/A,N/A
1 2 7 8 11,0.0160179,20.4834,Yes,N/A,2,1 2,N/A,N/A,N/A,7,8,1 8,2 8,11,1 11
1 2 7 8 11 12,0.00160672,32.1526,Yes,N/A,2,1 2,N/A,N/A,N/A,7,8,1 8,2 8,11,12
2 7 8 12,0.0053155,23.1654,Yes,N/A,2,N/A,N/A,N/A,N/A,7,8,2 7,2 8,N/A,12
1 2 7 8 10,0.0258059,19.0695,Yes,N/A,2,1 2,N/A,N/A,N/A,7,8,1 8,10,1 10,2 10
1 2 7 8 10 12,0.0027155,30.6563,Yes,N/A,2,1 2,N/A,N/A,N/A,7,8,1 8,10,1 10,12
2 7 8 10,0.0163323,20.6375,Yes,N/A,2,N/A,N/A,N/A,N/A,7,8,2 7,10,N/A,2 10
1 2 7 8 10 11,0.00586324,29.2595,Yes,N/A,2,1 2,N/A,N/A,N/A,7,8,1 8,10,11,1 11
1 2 7 8 10 11 12,0.000712961,40.985,Yes,N/A,2,1 2,N/A,N/A,N/A,7,8,1 8,10,11,12
2 7 8 11,0.010631,21.537,Yes,N/A,2,N/A,N/A,N/A,N/A,7,8,2 7,2 8,11,N/A
2 7 8 11 12,0.00120504,32.7085,Yes,N/A,2,N/A,N/A,N/A,N/A,7,8,2 7,2 8,11,12
1 2 7 8 9,0.0348365,17.8934,Yes,N/A,2,1 2,N/A,N/A,N/A,7,8,9,1 9,2 9,1 2 9
1 2 7 8 9 12,0.00383421,29.3435,Yes,N/A,2,1 2,N/A,N/A,N/A,7,8,9,1 9,2 9,12
2 7 8 9,0.023834,18.9828,Yes,N/A,2,N/A,N/A,N/A,N/A,7,8,9,2 8,2 9,N/A
1 2 7 8 9 11,0.00831142,27.8661,Yes,N/A,2,1 2,N/A,N/A,N/A,7,8,9,1 9,11,1 11
1 2 7 8 9 11 12,0.00104168,39.5111,Yes,N/A,2,1 2,N/A,N/A,N/A,7,8,9,1 9,11,12
2 7 8 9 12,0.00269585,30.094,Yes,N/A,2,N/A,N/A,N/A,N/A,7,8,9,2 8,2 9,12
1 2 7 8 9 10,0.0130458,26.6239,Yes,N/A,2,1 2,N/A,N/A,N/A,7,8,9,10,1 10,2 10
1 2 7 8 9 10 12,0.00168541,38.2077,Yes,N/A,2,1 2,N/A,N/A,N/A,7,8,9,10,1 10,12
2 7 8 9 10,0.00825903,27.4223,Yes,N/A,2,N/A,N/A,N/A,N/A,7,8,9,10,2 9,2 10
1 2 7 8 9 10 11,0.00345085,36.9173,Yes,N/A,2,1 2,N/A,N/A,N/A,7,8,9,10,11,1 11
1 2 7 8 9 10 11 12,0.000499188,48.6474,Yes,N/A,2,1 2,N/A,N/A,N/A,7,8,9,10,11,12
2 8 10 12,0.00111454,29.1231,Yes,N/A,2,N/A,N/A,N/A,N/A,N/A,8,N/A,10,N/A,12
2 8 10 11,0.00287209,27.2412,Yes,N/A,2,N/A,N/A,N/A,N/A,N/A,8,N/A,10,11,2 10
2 8 10 11 12,0.000259583,39.1107,Yes,N/A,2,N/A,N/A,N/A,N/A,N/A,8,N/A,10,11,12
2 8 9 11,0.00494399,25.3279,Yes,N/A,2,N/A,N/A,N/A,N/A,N/A,8,9,2 8,11,N/A
2 8 9 11 12,0.000565209,36.6523,Yes,N/A,2,N/A,N/A,N/A,N/A,N/A,8,9,2 8,11,12
2 8 9 10 12,0.000947836,35.4424,Yes,N/A,2,N/A,N/A,N/A,N/A,N/A,8,9,10,2 9,12
2 8 9 10 11,0.00175278,34.2379,Yes,N/A,2,N/A,N/A,N/A,N/A,N/A,8,9,10,11,2 10
2 8 9 10 11 12,0.000210366,46.0515,Yes,N/A,2,N/A,N/A,N/A,N/A,N/A,8,9,10,11,12
1 2 6,0.160237,4.50026,Yes,N/A,2,1 2,N/A,N/A,6,1 6,2 6,1 2 6,N/A,N/A,N/A
1 2 6 12,0.00962363,15.8379,Yes,N/A,2,1 2,N/A,N/A,6,1 6,2 6,1 2 6,N/A,N/A,12
2 6,0.146605,5.96914,Yes,N/A,2,N/A,N/A,N/A,6,N/A,2 6,N/A,N/A,N/A,N/A
1 2 6 11,0.0276063,13.749,Yes,N/A,2,1 2,N/A,N/A,6,1 6,2 6,1 2 6,N/A,11,1 11
1 2 6 11 12,0.00208143,25.4455,Yes,N/A,2,1 2,N/A,N/A,6,1 6,2 6,1 2 6,N/A,11,12
2 6 12,0.00835905,17.4741,Yes,N/A,2,N/A,N/A,N/A,6,N/A,2 6,N/A,N/A,N/A,12
1 2 6 10,0.0561343,11.3339,Yes,N/A,2,1 2,N/A,N/A,6,1 6,2 6,1 2 6,10,1 10,2 10
1 2 6 10 12,0.00445459,22.9204,Yes,N/A,2,1 2,N/A,N/A,6,1 6,2 6,1 2 6,10,1 10,12
2 6 10,0.0327932,14.3002,Yes,N/A,2,N/A,N/A,N/A,6,N/A,2 6,N/A,10,N/A,2 10
1 2 6 10 11,0.0102023,21.4399,Yes,N/A,2,1 2,N/A,N/A,6,1 6,2 6,1 2 6,10,11,1 11
1 2 6 10 11 12,0.000990901,33.1413,Yes,N/A,2,1 2,N/A,N/A,6,1 6,2 6,1 2 6,10,11,12
2 6 11,0.0167181,16.052,Yes,N/A,2,N/A,N/A,N/A,6,N/A,2 6,N/A,N/A,11,N/A
2 6 11 12,0.0014289,27.4925,Yes,N/A,2,N/A,N/A,N/A,6,N/A,2 6,N/A,N/A,11,12
1 2 6 9,0.0800326,9.8654,Yes,N/A,2,1 2,N/A,N/A,6,1 6,2 6,9,1 9,2 9,1 2 9
1 2 6 9 12,0.00664199,21.3133,Yes,N/A,2,1 2,N/A,N/A,6,1 6,2 6,9,1 9,2 9,12
2 6 9,0.0488683,12.6845,Yes,N/A,2,N/A,N/A,N/A,6,N/A,2 6,9,N/A,2 9,N/A
1 2 6 9 11,0.0150272,19.7967,Yes,N/A,2,1 2,N/A,N/A,6,1 6,2 6,9,1 9,11,1 11
1 2 6 9 11 12,0.00150881,31.3987,Yes,N/A,2,1 2,N/A,N/A,6,1 6,2 6,9,1 9,11,12
2 6 9 12,0.0041438,24.0227,Yes,N/A,2,N/A,N/A,N/A,6,N/A,2 6,9,N/A,2 9,12
1 2 6 9 10,0.0263274,18.1746,Yes,N/A,2,1 2,N/A,N/A,6,1 6,2 6,9,10,1 10,2 10
1 2 6 9 10 12,0.00272781,29.7283,Yes,N/A,2,1 2,N/A,N/A,6,1 6,2 6,9,10,1 10,12
2 6 9 10,0.0150034,20.4694,Yes,N/A,2,N/A,N/A,N/A,6,N/A,2 6,9,10,2 9,2 10
1 2 6 9 10 11,0.00578108,28.3564,Yes,N/A,2,1 2,N/A,N/A,6,1 6,2 6,9,10,11,1 11
1 2 6 9 10 11 12,0.000694713,40.0622,Yes,N/A,2,1 2,N/A,N/A,6,1 6,2 6,9,10,11,12
2 6 10 12,0.00246485,26.1025,Yes,N/A,2,N/A,N/A,N/A,6,N/A,2 6,N/A,10,N/A,12
2 6 10 11,0.0055727,24.1569,Yes,N/A,2,N/A,N/A,N/A,6,N/A,2 6,N/A,10,11,2 10
2 6 10 11 12,0.000559652,35.9222,Yes,N/A,2,N/A,N/A,N/A,6,N/A,2 6,N/A,10,11,12
1 2 6 8,0.094543,9.00731,Yes,N/A,2,1 2,N/A,N/A,6,1 6,8,1 8,2 8,1 2 8,N/A
1 2 6 8 12,0.0082507,20.0327,Yes,N/A,2,1 2,N/A,N/A,6,1 6,8,1 8,2 8,1 2 8,12
2 6 8,0.0456533,12.4705,Yes,N/A,2,N/A,N/A,N/A,6,N/A,8,N/A,2 8,N/A,N/A
1 2 6 8 11,0.0191091,18.3407,Yes,N/A,2,1 2,N/A,N/A,6,1 6,8,1 8,2 8,11,1 11
1 2 6 8 11 12,0.00199457,29.8401,Yes,N/A,2,1 2,N/A,N/A,6,1 6,8,1 8,2 8,11,12
2 6 8 12,0.00389375,23.8565,Yes,N/A,2,N/A,N/A,N/A,6,N/A,8,N/A,2 8,N/A,12
1 2 6 8 10,0.031693,16.807,Yes,N/A,2,1 2,N/A,N/A,6,1 6,8,1 8,10,1 10,2 10
1 2 6 8 10 12,0.00327833,28.3565,Yes,N/A,2,1 2,N/A,N/A,6,1 6,8,1 8,10,1 10,12
2 6 8 10,0.0120027,21.4817,Yes,N/A,2,N/A,N/A,N/A,6,N/A,8,N/A,10,N/A,2 10
1 2 6 8 10 11,0.00709448,26.7271,Yes,N/A,2,1 2,N/A,N/A,6,1 6,8,1 8,10,11,1 11
1 2 6 8 10 11 12,0.00088584,38.3095,Yes,N/A,2,1 2,N/A,N/A,6,1 6,8,1 8,10,11,12
2 6 8 11,0.00778749,22.3251,Yes,N/A,2,N/A,N/A,N/A,6,N/A,8,N/A,2 8,11,N/A
2 6 8 11 12,0.000885123,33.6219,Yes,N/A,2,N/A,N/A,N/A,6,N/A,8,N/A,2 8,11,12
1 2 6 8 9,0.0443482,15.3449,Yes,N/A,2,1 2,N/A,N/A,6,1 6,8,9,1 9,2 9,1 2 9
1 2 6 8 9 12,0.00492824,26.6227,Yes,N/A,2,1 2,N/A,N/A,6,1 6,8,9,1 9,2 9,12
2 6 8 9,0.022005,18.5681,Yes,N/A,2,N/A,N/A,N/A,6,N/A,8,9,2 8,2 9,N/A
1 2 6 8 9 11,0.0101502,25.2015,Yes,N/A,2,1 2,N/A,N/A,6,1 6,8,9,1 9,11,1 11
1 2 6 8 9 11 12,0.00130464,36.6506,Yes,N/A,2,1 2,N/A,N/A,6,1 6,8,9,1 9,11,12
2 6 8 9 12,0.00248469,29.7207,Yes,N/A,2,N/A,N/A,N/A,6,N/A,8,9,2 8,2 9,12
1 2 6 8 9 10,0.0168362,23.6082,Yes,N/A,2,1 2,N/A,N/A,6,1 6,8,9,10,1 10,2 10
1 2 6 8 9 10 12,0.00216815,35.1025,Yes,N/A,2,1 2,N/A,N/A,6,1 6,8,9,10,1 10,12
2 6 8 9 10,0.00759697,27.0818,Yes,N/A,2,N/A,N/A,N/A,6,N/A,8,9,10,2 9,2 10
1 2 6 8 9 10 11,0.00439254,33.679,Yes,N/A,2,1 2,N/A,N/A,6,1 6,8,9,10,11,1 11
1 2 6 8 9 10 11 12,0.000648857,45.2543,Yes,N/A,2,1 2,N/A,N/A,6,1 6,8,9,10,11,12
2 6 9 11,0.0070016,23.2361,Yes,N/A,2,N/A,N/A,N/A,6,N/A,2 6,9,N/A,11,N/A
2 6 9 11 12,0.000793832,34.5297,Yes,N/A,2,N/A,N/A,N/A,6,N/A,2 6,9,N/A,11,12
2 6 9 10 12,0.00154797,32.1414,Yes,N/A,2,N/A,N/A,N/A,6,N/A,2 6,9,10,2 9,12
2 6 9 10 11,0.00295306,30.8309,Yes,N/A,2,N/A,N/A,N/A,6,N/A,2 6,9,10,11,2 10
2 6 9 10 11 12,0.00037707,42.5033,Yes,N/A,2,N/A,N/A,N/A,6,N/A,2 6,9,10,11,12
1 2 6 7,0.102366,8.6427,Yes,N/A,2,1 2,N/A,N/A,6,7,1 7,2 7,1 2 7,N/A,N/A
1 2 6 7 12,0.00891632,19.703,Yes,N/A,2,1 2,N/A,N/A,6,7,1 7,2 7,1 2 7,N/A,12
2 6 7,0.0810185,9.86188,Yes,N/A,2,N/A,N/A,N/A,6,7,2 6,2 7,N/A,N/A,N/A
1 2 6 7 11,0.0234053,17.1796,Yes,N/A,2,1 2,N/A,N/A,6,7,1 7,2 7,1 2 7,11,1 11
1 2 6 7 11 12,0.00236483,28.7353,Yes,N/A,2,1 2,N/A,N/A,6,7,1 7,2 7,1 2 7,11,12
2 6 7 12,0.00685871,21.1158,Yes,N/A,2,N/A,N/A,N/A,6,7,2 6,2 7,N/A,N/A,12
1 2 6 7 10,0.0411737,15.3211,Yes,N/A,2,1 2,N/A,N/A,6,7,1 7,2 7,10,1 10,2 10
1 2 6 7 10 12,0.00438434,26.7423,Yes,N/A,2,1 2,N/A,N/A,6,7,1 7,2 7,10,1 10,12
2 6 7 10,0.0244342,17.3886,Yes,N/A,2,N/A,N/A,N/A,6,7,2 6,2 7,10,N/A,2 10
1 2 6 7 10 11,0.0097046,25.1025,Yes,N/A,2,1 2,N/A,N/A,6,7,1 7,2 7,10,11,1 11
1 2 6 7 10 11 12,0.0011882,36.7311,Yes,N/A,2,1 2,N/A,N/A,6,7,1 7,2 7,10,11,12
2 6 7 11,0.0137174,19.4656,Yes,N/A,2,N/A,N/A,N/A,6,7,2 6,2 7,N/A,11,N/A
2 6 7 11 12,0.00154797,30.6051,Yes,N/A,2,N/A,N/A,N/A,6,7,2 6,2 7,N/A,11,12
1 2 6 7 9,0.0538409,13.9918,Yes,N/A,2,1 2,N/A,N/A,6,7,1 7,9,1 9,2 9,1 2 9
1 2 6 7 9 12,0.00597518,25.2392,Yes,N/A,2,1 2,N/A,N/A,6,7,1 7,9,1 9,2 9,12
2 6 7 9,0.0300069,16.8663,Yes,N/A,2,N/A,N/A,N/A,6,7,2 6,9,N/A,2 9,N/A
1 2 6 7 9 11,0.0129601,23.5843,Yes,N/A,2,1 2,N/A,N/A,6,7,1 7,9,1 9,11,1 11
1 2 6 7 9 11 12,0.0016558,35.0066,Yes,N/A,2,1 2,N/A,N/A,6,7,1 7,9,1 9,11,12
2 6 7 9 12,0.00338173,27.9397,Yes,N/A,2,N/A,N/A,N/A,6,7,2 6,9,N/A,2 9,12
1 2 6 7 9 10,0.0215025,21.892,Yes,N/A,2,1 2,N/A,N/A,6,7,1 7,9,10,1 10,2 10
1 2 6 7 9 10 12,0.00279875,33.3136,Yes,N/A,2,1 2,N/A,N/A,6,7,1 7,9,10,1 10,12
2 6 7 9 10,0.0118599,23.7581,Yes,N/A,2,N/A,N/A,N/A,6,7,2 6,9,10,2 9,2 10
1 2 6 7 9 10 11,0.00581012,31.7855,Yes,N/A,2,1 2,N/A,N/A,6,7,1 7,9,10,11,1 11
1 2 6 7 9 10 11 12,0.000852818,43.3606,Yes,N/A,2,1 2,N/A,N/A,6,7,1 7,9,10,11,12
2 6 7 10 12,0.00253629,28.9813,Yes,N/A,2,N/A,N/A,N/A,6,7,2 6,2 7,10,N/A,12
2 6 7 10 11,0.00550126,26.602,Yes,N/A,2,N/A,N/A,N/A,6,7,2 6,2 7,10,11,2 10
2 6 7 10 11 12,0.000714449,38.1105,Yes,N/A,2,N/A,N/A,N/A,6,7,2 6,2 7,10,11,12
1 2 6 7 8,0.0601709,13.4673,Yes,N/A,2,1 2,N/A,N/A,6,7,8,1 8,2 8,1 2 8,N/A
1 2 6 7 8 12,0.00692281,24.1986,Yes,N/A,2,1 2,N/A,N/A,6,7,8,1 8,2 8,1 2 8,12
2 6 7 8,0.0362226,15.4343,Yes,N/A,2,N/A,N/A,N/A,6,7,8,2 7,2 8,N/A,N/A
1 2 6 7 8 11,0.0164176,22.2022,Yes,N/A,2,1 2,N/A,N/A,6,7,8,1 8,2 8,11,1 11
1 2 6 7 8 11 12,0.00209886,33.6264,Yes,N/A,2,1 2,N/A,N/A,6,7,8,1 8,2 8,11,12
2 6 7 8 12,0.00408427,26.4659,Yes,N/A,2,N/A,N/A,N/A,6,7,8,2 7,2 8,N/A,12
1 2 6 7 8 10,0.0262197,20.5439,Yes,N/A,2,1 2,N/A,N/A,6,7,8,1 8,10,1 10,2 10
1 2 6 7 8 10 12,0.00346177,31.8486,Yes,N/A,2,1 2,N/A,N/A,6,7,8,1 8,10,1 10,12
2 6 7 8 10,0.0124671,23.6707,Yes,N/A,2,N/A,N/A,N/A,6,7,8,2 7,10,N/A,2 10
1 2 6 7 8 10 11,0.00736594,30.1497,Yes,N/A,2,1 2,N/A,N/A,6,7,8,1 8,10,11,1 11
1 2 6 7 8 10 11 12,0.00110067,41.6283,Yes,N/A,2,1 2,N/A,N/A,6,7,8,1 8,10,11,12
2 6 7 8 11,0.00816853,24.6098,Yes,N/A,2,N/A,N/A,N/A,6,7,8,2 7,2 8,11,N/A
2 6 7 8 11 12,0.00115106,35.4748,Yes,N/A,2,N/A,N/A,N/A,6,7,8,2 7,2 8,11,12
1 2 6 7 8 9,0.0331052,19.4486,Yes,N/A,2,1 2,N/A,N/A,6,7,8,9,1 9,2 9,1 2 9
1 2 6 7 8 9 12,0.00459243,30.537,Yes,N/A,2,1 2,N/A,N/A,6,7,8,9,1 9,2 9,12
2 6 7 8 9,0.017766,21.7745,Yes,N/A,2,N/A,N/A,N/A,6,7,8,9,2 8,2 9,N/A
1 2 6 7 8 9 11,0.00980339,28.7698,Yes,N/A,2,1 2,N/A,N/A,6,7,8,9,1 9,11,1 11
1 2 6 7 8 9 11 12,0.0014992,40.1292,Yes,N/A,2,1 2,N/A,N/A,6,7,8,9,1 9,11,12
2 6 7 8 9 12,0.00250057,32.5396,Yes,N/A,2,N/A,N/A,N/A,6,7,8,9,2 8,2 9,12
1 2 6 7 8 9 10,0.0152781,27.3106,Yes,N/A,2,1 2,N/A,N/A,6,7,8,9,10,1 10,2 10
1 2 6 7 8 9 10 12,0.0023913,38.5819,Yes,N/A,2,1 2,N/A,N/A,6,7,8,9,10,1 10,12
2 6 7 8 9 10,0.00762079,29.4861,Yes,N/A,2,N/A,N/A,N/A,6,7,8,9,10,2 9,2 10
1 2 6 7 8 9 10 11,0.00487269,37.0393,Yes,N/A,2,1 2,N/A,N/A,6,7,8,9,10,11,1 11
1 2 6 7 8 9 10 11 12,0.000840564,48.511,Yes,N/A,2,1 2,N/A,N/A,6,7,8,9,10,11,12
2 7 9 11,0.00428669,25.2078,Yes,N/A,2,N/A,N/A,N/A,N/A,7,N/A,9,N/A,11,N/A
2 7 9 11 12,0.000495351,36.579,Yes,N/A,2,N/A,N/A,N/A,N/A,7,N/A,9,N/A,11,12
2 7 9 10 12,0.0011717,34.2028,Yes,N/A,2,N/A,N/A,N/A,N/A,7,N/A,9,10,2 9,12
2 7 9 10 11,0.00217193,32.9844,Yes,N/A,2,N/A,N/A,N/A,N/A,7,N/A,9,10,11,2 10
2 7 9 10 11 12,0.000261965,44.7829,Yes,N/A,2,N/A,N/A,N/A,N/A,7,N/A,9,10,11,12
2 7 8 10 12,0.00163609,32.3582,Yes,N/A,2,N/A,N/A,N/A,N/A,7,8,2 7,10,N/A,12
2 7 8 10 11,0.00370085,30.074,Yes,N/A,2,N/A,N/A,N/A,N/A,7,8,2 7,10,11,2 10
2 7 8 10 11 12,0.000464392,41.7362,Yes,N/A,2,N/A,N/A,N/A,N/A,7,8,2 7,10,11,12
2 7 8 9 11,0.00453437,29.3696,Yes,N/A,2,N/A,N/A,N/A,N/A,7,8,9,2 8,11,N/A
2 7 8 9 11 12,0.000643004,40.413,Yes,N/A,2,N/A,N/A,N/A,N/A,7,8,9,2 8,11,12
2 7 8 9 10 12,0.00104786,39.0741,Yes,N/A,2,N/A,N/A,N/A,N/A,7,8,9,10,2 9,12
2 7 8 9 10 11,0.00197664,37.7351,Yes,N/A,2,N/A,N/A,N/A,N/A,7,8,9,10,11,2 10
2 7 8 9 10 11 12,0.000296364,49.4102,Yes,N/A,2,N/A,N/A,N/A,N/A,7,8,9,10,11,12
1 2 5,0.187757,3.98045,Yes,N/A,2,1 2,N/A,5,1 5,2 5,1 2 5,N/A,N/A,N/A,N/A
1 2 5 12,0.0110168,15.3389,Yes,N/A,2,1 2,N/A,5,1 5,2 5,1 2 5,N/A,N/A,N/A,12
2 5,0.17284,5.20062,Yes,N/A,2,N/A,N/A,5,N/A,2 5,N/A,N/A,N/A,N/A,N/A
1 2 5 11,0.0318073,13.2732,Yes,N/A,2,1 2,N/A,5,1 5,2 5,1 2 5,N/A,N/A,11,1 11
1 2 5 11 12,0.00234816,24.9822,Yes,N/A,2,1 2,N/A,5,1 5,2 5,1 2 5,N/A,N/A,11,12
2 5 12,0.00977366,16.7128,Yes,N/A,2,N/A,N/A,5,N/A,2 5,N/A,N/A,N/A,N/A,12
1 2 5 10,0.0613426,10.9167,Yes,N/A,2,1 2,N/A,5,1 5,2 5,1 2 5,N/A,10,1 10,2 10
1 2 5 10 12,0.00492255,22.4907,Yes,N/A,2,1 2,N/A,5,1 5,2 5,1 2 5,N/A,10,1 10,12
2 5 10,0.0354938,13.57,Yes,N/A,2,N/A,N/A,5,N/A,2 5,N/A,N/A,10,N/A,2 10
1 2 5 10 11,0.0111454,21.0361,Yes,N/A,2,1 2,N/A,5,1 5,2 5,1 2 5,N/A,10,11,1 11
1 2 5 10 11 12,0.00108041,32.7402,Yes,N/A,2,1 2,N/A,5,1 5,2 5,1 2 5,N/A,10,11,12
2 5 11,0.0195473,15.2978,Yes,N/A,2,N/A,N/A,5,N/A,2 5,N/A,N/A,N/A,11,N/A
2 5 11 12,0.00165752,26.7465,Yes,N/A,2,N/A,N/A,5,N/A,2 5,N/A,N/A,N/A,11,12
1 2 5 9,0.0970508,8.40912,Yes,N/A,2,1 2,N/A,5,1 5,2 5,1 2 5,9,1 9,2 9,1 2 9
1 2 5 9 12,0.00806851,19.7946,Yes,N/A,2,1 2,N/A,5,1 5,2 5,1 2 5,9,1 9,2 9,12
2 5 9,0.0514403,11.9767,Yes,N/A,2,N/A,N/A,5,N/A,2 5,N/A,9,N/A,2 9,N/A
1 2 5 9 11,0.018509,18.175,Yes,N/A,2,1 2,N/A,5,1 5,2 5,1 2 5,9,1 9,11,1 11
1 2 5 9 11 12,0.00187133,29.7044,Yes,N/A,2,1 2,N/A,5,1 5,2 5,1 2 5,9,1 9,11,12
2 5 9 12,0.00434385,23.3268,Yes,N/A,2,N/A,N/A,5,N/A,2 5,N/A,9,N/A,2 9,12
1 2 5 9 10,0.0302783,16.5704,Yes,N/A,2,1 2,N/A,5,1 5,2 5,1 2 5,9,10,1 10,2 10
1 2 5 9 10 12,0.00320153,28.0123,Yes,N/A,2,1 2,N/A,5,1 5,2 5,1 2 5,9,10,1 10,12
2 5 9 10,0.0150892,19.8186,Yes,N/A,2,N/A,N/A,5,N/A,2 5,N/A,9,10,2 9,2 10
1 2 5 9 10 11,0.00677298,26.562,Yes,N/A,2,1 2,N/A,5,1 5,2 5,1 2 5,9,10,11,1 11
1 2 5 9 10 11 12,0.000829775,38.1578,Yes,N/A,2,1 2,N/A,5,1 5,2 5,1 2 5,9,10,11,12
2 5 10 12,0.00274348,25.3647,Yes,N/A,2,N/A,N/A,5,N/A,2 5,N/A,N/A,10,N/A,12
2 5 10 11,0.00600137,23.4466,Yes,N/A,2,N/A,N/A,5,N/A,2 5,N/A,N/A,10,11,2 10
2 5 10 11 12,0.000619189,35.2028,Yes,N/A,2,N/A,N/A,5,N/A,2 5,N/A,N/A,10,11,12
1 2 5 8,0.113469,7.46356,Yes,N/A,2,1 2,N/A,5,1 5,2 5,8,1 8,2 8,1 2 8,N/A
1 2 5 8 12,0.00975699,18.4382,Yes,N/A,2,1 2,N/A,5,1 5,2 5,8,1 8,2 8,1 2 8,12
2 5 8,0.0673868,10.518,Yes,N/A,2,N/A,N/A,5,N/A,2 5,8,N/A,2 8,N/A,N/A
1 2 5 8 11,0.0241722,16.5847,Yes,N/A,2,1 2,N/A,5,1 5,2 5,8,1 8,2 8,11,1 11
1 2 5 8 11 12,0.00244077,28.0921,Yes,N/A,2,1 2,N/A,5,1 5,2 5,8,1 8,2 8,11,12
2 5 8 12,0.00568701,21.8254,Yes,N/A,2,N/A,N/A,5,N/A,2 5,8,N/A,2 8,N/A,12
1 2 5 8 10,0.0399806,14.8796,Yes,N/A,2,1 2,N/A,5,1 5,2 5,8,1 8,10,1 10,2 10
1 2 5 8 10 12,0.00424184,26.2815,Yes,N/A,2,1 2,N/A,5,1 5,2 5,8,1 8,10,1 10,12
2 5 8 10,0.0173182,19.2901,Yes,N/A,2,N/A,N/A,5,N/A,2 5,8,N/A,10,N/A,2 10
1 2 5 8 10 11,0.00920448,24.6434,Yes,N/A,2,1 2,N/A,5,1 5,2 5,8,1 8,10,11,1 11
1 2 5 8 10 11 12,0.0011386,36.2029,Yes,N/A,2,1 2,N/A,5,1 5,2 5,8,1 8,10,11,12
2 5 8 11,0.011374,20.2239,Yes,N/A,2,N/A,N/A,5,N/A,2 5,8,N/A,2 8,11,N/A
2 5 8 11 12,0.00127966,31.4277,Yes,N/A,2,N/A,N/A,5,N/A,2 5,8,N/A,2 8,11,12
1 2 5 8 9,0.0539171,13.3772,Yes,N/A,2,1 2,N/A,5,1 5,2 5,8,9,1 9,2 9,1 2 9
1 2 5 8 9 12,0.0059929,24.5351,Yes,N/A,2,1 2,N/A,5,1 5,2 5,8,9,1 9,2 9,12
2 5 8 9,0.0278921,16.3966,Yes,N/A,2,N/A,N/A,5,N/A,2 5,8,9,2 8,2 9,N/A
1 2 5 8 9 11,0.0133353,22.8063,Yes,N/A,2,1 2,N/A,5,1 5,2 5,8,9,1 9,11,1 11
1 2 5 8 9 11 12,0.0016891,34.2237,Yes,N/A,2,1 2,N/A,5,1 5,2 5,8,9,1 9,11,12
2 5 8 9 12,0.00313087,27.448,Yes,N/A,2,N/A,N/A,5,N/A,2 5,8,9,2 8,2 9,12
1 2 5 8 9 10,0.020623,21.3304,Yes,N/A,2,1 2,N/A,5,1 5,2 5,8,9,10,1 10,2 10
1 2 5 8 9 10 12,0.00272483,32.6175,Yes,N/A,2,1 2,N/A,5,1 5,2 5,8,9,10,1 10,12
2 5 8 9 10,0.00950693,24.5989,Yes,N/A,2,N/A,N/A,5,N/A,2 5,8,9,10,2 9,2 10
1 2 5 8 9 10 11,0.0056501,31.1309,Yes,N/A,2,1 2,N/A,5,1 5,2 5,8,9,10,11,1 11
1 2 5 8 9 10 11 12,0.000834965,42.6626,Yes,N/A,2,1 2,N/A,5,1 5,2 5,8,9,10,11,12
2 5 9 11,0.00765889,22.5166,Yes,N/A,2,N/A,N/A,5,N/A,2 5,N/A,9,N/A,11,N/A
2 5 9 11 12,0.000863689,33.8209,Yes,N/A,2,N/A,N/A,5,N/A,2 5,N/A,9,N/A,11,12
2 5 9 10 12,0.00158131,31.4842,Yes,N/A,2,N/A,N/A,5,N/A,2 5,N/A,9,10,2 9,12
2 5 9 10 11,0.00304832,30.1693,Yes,N/A,2,N/A,N/A,5,N/A,2 5,N/A,9,10,11,2 10
2 5 9 10 11 12,0.000396916,41.8297,Yes,N/A,2,N/A,N/A,5,N/A,2 5,N/A,9,10,11,12
1 2 5 7,0.120885,6.74023,Yes,N/A,2,1 2,N/A,5,1 5,7,1 7,2 7,1 2 7,N/A,5 7
1 2 5 7 12,0.0102988,18.0997,Yes,N/A,2,1 2,N/A,5,1 5,7,1 7,2 7,1 2 7,N/A,12
2 5 7,0.0570988,10.2109,Yes,N/A,2,N/A,N/A,5,N/A,7,N/A,2 7,N/A,N/A,5 7
1 2 5 7 11,0.025463,15.5511,Yes,N/A,2,1 2,N/A,5,1 5,7,1 7,2 7,1 2 7,11,1 11
1 2 5 7 11 12,0.00263314,27.0249,Yes,N/A,2,1 2,N/A,5,1 5,7,1 7,2 7,1 2 7,11,12
2 5 7 12,0.00477966,21.9224,Yes,N/A,2,N/A,N/A,5,N/A,7,N/A,2 7,N/A,N/A,12
1 2 5 7 10,0.0453961,13.569,Yes,N/A,2,1 2,N/A,5,1 5,7,1 7,2 7,10,1 10,2 10
1 2 5 7 10 12,0.00475764,25.0603,Yes,N/A,2,1 2,N/A,5,1 5,7,1 7,2 7,10,1 10,12
2 5 7 10,0.0182613,18.3935,Yes,N/A,2,N/A,N/A,5,N/A,7,N/A,2 7,10,N/A,2 10
1 2 5 7 10 11,0.0105167,23.2156,Yes,N/A,2,1 2,N/A,5,1 5,7,1 7,2 7,10,11,1 11
1 2 5 7 10 11 12,0.00130959,34.7614,Yes,N/A,2,1 2,N/A,5,1 5,7,1 7,2 7,10,11,12
2 5 7 11,0.00968793,20.0123,Yes,N/A,2,N/A,N/A,5,N/A,7,N/A,2 7,N/A,11,5 7
2 5 7 11 12,0.0010812,31.6682,Yes,N/A,2,N/A,N/A,5,N/A,7,N/A,2 7,N/A,11,12
1 2 5 7 9,0.0617856,12.0519,Yes,N/A,2,1 2,N/A,5,1 5,7,1 7,9,1 9,2 9,1 2 9
1 2 5 7 9 12,0.00676385,23.3136,Yes,N/A,2,1 2,N/A,5,1 5,7,1 7,9,1 9,2 9,12
2 5 7 9,0.0245199,17.5151,Yes,N/A,2,N/A,N/A,5,N/A,7,N/A,9,N/A,2 9,5 7
1 2 5 7 9 11,0.0141564,21.6937,Yes,N/A,2,1 2,N/A,5,1 5,7,1 7,9,1 9,11,1 11
1 2 5 7 9 11 12,0.0018321,33.0171,Yes,N/A,2,1 2,N/A,5,1 5,7,1 7,9,1 9,11,12
2 5 7 9 12,0.00251962,29.1868,Yes,N/A,2,N/A,N/A,5,N/A,7,N/A,9,N/A,2 9,12
1 2 5 7 9 10,0.024374,19.6125,Yes,N/A,2,1 2,N/A,5,1 5,7,1 7,9,10,1 10,2 10
1 2 5 7 9 10 12,0.00313033,31.0671,Yes,N/A,2,1 2,N/A,5,1 5,7,1 7,9,10,1 10,12
2 5 7 9 10,0.00934499,25.2516,Yes,N/A,2,N/A,N/A,5,N/A,7,N/A,9,10,2 9,2 10
1 2 5 7 9 10 11,0.00646616,29.3631,Yes,N/A,2,1 2,N/A,5,1 5,7,1 7,9,10,11,1 11
1 2 5 7 9 10 11 12,0.000965057,40.8009,Yes,N/A,2,1 2,N/A,5,1 5,7,1 7,9,10,11,12
2 5 7 10 12,0.00181113,30.1656,Yes,N/A,2,N/A,N/A,5,N/A,7,N/A,2 7,10,N/A,12
2 5 7 10 11,0.00407236,27.9032,Yes,N/A,2,N/A,N/A,5,N/A,7,N/A,2 7,10,11,2 10
2 5 7 10 11 12,0.000509839,39.6254,Yes,N/A,2,N/A,N/A,5,N/A,7,N/A,2 7,10,11,12
1 2 5 7 8,0.0750957,10.7871,Yes,N/A,2,1 2,N/A,5,1 5,7,8,1 8,2 8,1 2 8,5 7
1 2 5 7 8 12,0.00819076,22.0004,Yes,N/A,2,1 2,N/A,5,1 5,7,8,1 8,2 8,1 2 8,12
2 5 7 8,0.0381087,14.5346,Yes,N/A,2,N/A,N/A,5,N/A,7,8,2 7,2 8,N/A,5 7
1 2 5 7 8 11,0.0192203,19.7817,Yes,N/A,2,1 2,N/A,5,1 5,7,8,1 8,2 8,11,1 11
1 2 5 7 8 11 12,0.00244379,31.153,Yes,N/A,2,1 2,N/A,5,1 5,7,8,1 8,2 8,11,12
2 5 7 8 12,0.00392471,26.0731,Yes,N/A,2,N/A,N/A,5,N/A,7,8,2 7,2 8,N/A,12
1 2 5 7 8 10,0.0307963,18.1136,Yes,N/A,2,1 2,N/A,5,1 5,7,8,1 8,10,1 10,2 10
1 2 5 7 8 10 12,0.00397,29.4997,Yes,N/A,2,1 2,N/A,5,1 5,7,8,1 8,10,1 10,12
2 5 7 8 10,0.0121099,23.2625,Yes,N/A,2,N/A,N/A,5,N/A,7,8,2 7,10,N/A,2 10
1 2 5 7 8 10 11,0.00851544,27.5088,Yes,N/A,2,1 2,N/A,5,1 5,7,8,1 8,10,11,1 11
1 2 5 7 8 10 11 12,0.00126994,38.9253,Yes,N/A,2,1 2,N/A,5,1 5,7,8,1 8,10,11,12
2 5 7 8 11,0.00830666,23.7377,Yes,N/A,2,N/A,N/A,5,N/A,7,8,2 7,2 8,11,5 7
2 5 7 8 11 12,0.00109271,35.177,Yes,N/A,2,N/A,N/A,5,N/A,7,8,2 7,2 8,11,12
1 2 5 7 8 9,0.0407696,16.5992,Yes,N/A,2,1 2,N/A,5,1 5,7,8,9,1 9,2 9,1 2 9
1 2 5 7 8 9 12,0.00552147,27.6686,Yes,N/A,2,1 2,N/A,5,1 5,7,8,9,1 9,2 9,12
2 5 7 8 9,0.0190424,20.8483,Yes,N/A,2,N/A,N/A,5,N/A,7,8,9,2 8,2 9,5 7
1 2 5 7 8 9 11,0.0117026,25.805,Yes,N/A,2,1 2,N/A,5,1 5,7,8,9,1 9,11,1 11
1 2 5 7 8 9 11 12,0.00178513,37.0384,Yes,N/A,2,1 2,N/A,5,1 5,7,8,9,1 9,11,12
2 5 7 8 9 12,0.00241563,32.2887,Yes,N/A,2,N/A,N/A,5,N/A,7,8,9,2 8,2 9,12
1 2 5 7 8 9 10,0.0184634,24.0637,Yes,N/A,2,1 2,N/A,5,1 5,7,8,9,10,1 10,2 10
1 2 5 7 8 9 10 12,0.00284578,35.3432,Yes,N/A,2,1 2,N/A,5,1 5,7,8,9,10,1 10,12
2 5 7 8 9 10,0.0074906,29.1829,Yes,N/A,2,N/A,N/A,5,N/A,7,8,9,10,2 9,2 10
1 2 5 7 8 9 10 11,0.00581681,33.5623,Yes,N/A,2,1 2,N/A,5,1 5,7,8,9,10,11,1 11
1 2 5 7 8 9 10 11 12,0.00100781,44.9013,Yes,N/A,2,1 2,N/A,5,1 5,7,8,9,10,11,12
2 5 8 10 12,0.00180517,30.9888,Yes,N/A,2,N/A,N/A,5,N/A,2 5,8,N/A,10,N/A,12
2 5 8 10 11,0.00389613,28.7843,Yes,N/A,2,N/A,N/A,5,N/A,2 5,8,N/A,10,11,2 10
2 5 8 10 11 12,0.000508053,40.4205,Yes,N/A,2,N/A,N/A,5,N/A,2 5,8,N/A,10,11,12
2 5 8 9 11,0.00569019,26.5689,Yes,N/A,2,N/A,N/A,5,N/A,2 5,8,9,2 8,11,N/A
2 5 8 9 11 12,0.000799124,37.531,Yes,N/A,2,N/A,N/A,5,N/A,2 5,8,9,2 8,11,12
2 5 8 9 10 12,0.00125425,36.0979,Yes,N/A,2,N/A,N/A,5,N/A,2 5,8,9,10,2 9,12
2 5 8 9 10 11,0.00242913,34.6224,Yes,N/A,2,N/A,N/A,5,N/A,2 5,8,9,10,11,2 10
2 5 8 9 10 11 12,0.000382804,46.0999,Yes,N/A,2,N/A,N/A,5,N/A,2 5,8,9,10,11,12
1 2 5 6,0.118549,6.30491,Yes,N/A,2,1 2,N/A,5,6,1 6,2 6,1 2 6,N/A,5 6,1 5 6
1 2 5 6 12,0.0100999,17.6882,Yes,N/A,2,1 2,N/A,5,6,1 6,2 6,1 2 6,N/A,5 6,12
2 5 6,0.0828189,7.91169,Yes,N/A,2,N/A,N/A,5,6,2 5,2 6,N/A,N/A,5 6,N/A
1 2 5 6 11,0.025201,15.8847,Yes,N/A,2,1 2,N/A,5,6,1 6,2 6,1 2 6,N/A,11,1 11
1 2 5 6 11 12,0.00253365,27.4702,Yes,N/A,2,1 2,N/A,5,6,1 6,2 6,1 2 6,N/A,11,12
2 5 6 12,0.00697302,19.1603,Yes,N/A,2,N/A,N/A,5,6,2 5,2 6,N/A,N/A,5 6,12
1 2 5 6 10,0.0470536,12.9091,Yes,N/A,2,1 2,N/A,5,6,1 6,2 6,1 2 6,10,1 10,2 10
1 2 5 6 10 12,0.00495808,24.3041,Yes,N/A,2,1 2,N/A,5,6,1 6,2 6,1 2 6,10,1 10,12
2 5 6 10,0.0265775,15.4413,Yes,N/A,2,N/A,N/A,5,6,2 5,2 6,N/A,10,5 6,2 10
1 2 5 6 10 11,0.0107429,22.7086,Yes,N/A,2,1 2,N/A,5,6,1 6,2 6,1 2 6,10,11,1 11
1 2 5 6 10 11 12,0.00131873,34.2695,Yes,N/A,2,1 2,N/A,5,6,1 6,2 6,1 2 6,10,11,12
2 5 6 11,0.0136888,18.1741,Yes,N/A,2,N/A,N/A,5,6,2 5,2 6,N/A,N/A,11,N/A
2 5 6 11 12,0.00153686,29.3485,Yes,N/A,2,N/A,N/A,5,6,2 5,2 6,N/A,N/A,11,12
1 2 5 6 9,0.0688491,11.0644,Yes,N/A,2,1 2,N/A,5,6,1 6,2 6,9,1 9,2 9,1 2 9
1 2 5 6 9 12,0.00741466,22.2543,Yes,N/A,2,1 2,N/A,5,6,1 6,2 6,9,1 9,2 9,12
2 5 6 9,0.0357796,14.2537,Yes,N/A,2,N/A,N/A,5,6,2 5,2 6,9,N/A,2 9,N/A
1 2 5 6 9 11,0.0162455,20.6051,Yes,N/A,2,1 2,N/A,5,6,1 6,2 6,9,1 9,11,1 11
1 2 5 6 9 11 12,0.00205263,31.9779,Yes,N/A,2,1 2,N/A,5,6,1 6,2 6,9,1 9,11,12
2 5 6 9 12,0.00392153,25.265,Yes,N/A,2,N/A,N/A,5,6,2 5,2 6,9,N/A,2 9,12
1 2 5 6 9 10,0.0267267,18.6331,Yes,N/A,2,1 2,N/A,5,6,1 6,2 6,9,10,1 10,2 10
1 2 5 6 9 10 12,0.00346891,29.9048,Yes,N/A,2,1 2,N/A,5,6,1 6,2 6,9,10,1 10,12
2 5 6 9 10,0.0135936,21.0217,Yes,N/A,2,N/A,N/A,5,6,2 5,2 6,9,10,2 9,2 10
1 2 5 6 9 10 11,0.0071734,28.3735,Yes,N/A,2,1 2,N/A,5,6,1 6,2 6,9,10,11,1 11
1 2 5 6 9 10 11 12,0.00105698,39.8647,Yes,N/A,2,1 2,N/A,5,6,1 6,2 6,9,10,11,12
2 5 6 10 12,0.00261965,27.0163,Yes,N/A,2,N/A,N/A,5,6,2 5,2 6,N/A,10,5 6,12
2 5 6 10 11,0.00543934,25.4657,Yes,N/A,2,N/A,N/A,5,6,2 5,2 6,N/A,10,11,2 10
2 5 6 10 11 12,0.000700954,36.9677,Yes,N/A,2,N/A,N/A,5,6,2 5,2 6,N/A,10,11,12
1 2 5 6 8,0.0818997,9.92287,Yes,N/A,2,1 2,N/A,5,6,1 6,8,1 8,2 8,1 2 8,1 5 6
1 2 5 6 8 12,0.00882576,21.003,Yes,N/A,2,1 2,N/A,5,6,1 6,8,1 8,2 8,1 2 8,12
2 5 6 8,0.0454104,13.3383,Yes,N/A,2,N/A,N/A,5,6,2 5,8,N/A,2 8,5 6,N/A
1 2 5 6 8 11,0.0201386,19.1612,Yes,N/A,2,1 2,N/A,5,6,1 6,8,1 8,2 8,11,1 11
1 2 5 6 8 11 12,0.00253668,30.4648,Yes,N/A,2,1 2,N/A,5,6,1 6,8,1 8,2 8,11,12
2 5 6 8 12,0.00482809,24.3513,Yes,N/A,2,N/A,N/A,5,6,2 5,8,N/A,2 8,5 6,12
1 2 5 6 8 10,0.0334424,17.0497,Yes,N/A,2,1 2,N/A,5,6,1 6,8,1 8,10,1 10,2 10
1 2 5 6 8 10 12,0.004295,28.3443,Yes,N/A,2,1 2,N/A,5,6,1 6,8,1 8,10,1 10,12
2 5 6 8 10,0.0147558,21.5075,Yes,N/A,2,N/A,N/A,5,6,2 5,8,N/A,10,5 6,2 10
1 2 5 6 8 10 11,0.00899217,26.5736,Yes,N/A,2,1 2,N/A,5,6,1 6,8,1 8,10,11,1 11
1 2 5 6 8 10 11 12,0.00133748,37.9349,Yes,N/A,2,1 2,N/A,5,6,1 6,8,1 8,10,11,12
2 5 6 8 11,0.00874168,23.4222,Yes,N/A,2,N/A,N/A,5,6,2 5,8,N/A,2 8,11,N/A
2 5 6 8 11 12,0.00120371,34.3318,Yes,N/A,2,N/A,N/A,5,6,2 5,8,N/A,2 8,11,12
1 2 5 6 8 9,0.0449108,15.4254,Yes,N/A,2,1 2,N/A,5,6,1 6,8,9,1 9,2 9,1 2 9
1 2 5 6 8 9 12,0.0060406,26.3508,Yes,N/A,2,1 2,N/A,5,6,1 6,8,9,1 9,2 9,12
2 5 6 8 9,0.0222368,18.7966,Yes,N/A,2,N/A,N/A,5,6,2 5,8,9,2 8,2 9,N/A
1 2 5 6 8 9 11,0.0125808,24.7686,Yes,N/A,2,1 2,N/A,5,6,1 6,8,9,1 9,11,1 11
1 2 5 6 8 9 11 12,0.0019131,35.9032,Yes,N/A,2,1 2,N/A,5,6,1 6,8,9,1 9,11,12
2 5 6 8 9 12,0.00301762,29.4604,Yes,N/A,2,N/A,N/A,5,6,2 5,8,9,2 8,2 9,12
1 2 5 6 8 9 10,0.020005,22.7727,Yes,N/A,2,1 2,N/A,5,6,1 6,8,9,10,1 10,2 10
1 2 5 6 8 9 10 12,0.00309488,33.9105,Yes,N/A,2,1 2,N/A,5,6,1 6,8,9,10,1 10,12
2 5 6 8 9 10,0.00912748,26.1744,Yes,N/A,2,N/A,N/A,5,6,2 5,8,9,10,2 9,2 10
1 2 5 6 8 9 10 11,0.00623605,32.3124,Yes,N/A,2,1 2,N/A,5,6,1 6,8,9,10,11,1 11
1 2 5 6 8 9 10 11 12,0.00107861,43.6067,Yes,N/A,2,1 2,N/A,5,6,1 6,8,9,10,11,12
2 5 6 9 11,0.00687141,24.4646,Yes,N/A,2,N/A,N/A,5,6,2 5,2 6,9,N/A,11,N/A
2 5 6 9 11 12,0.00095842,35.3876,Yes,N/A,2,N/A,N/A,5,6,2 5,2 6,9,N/A,11,12
2 5 6 9 10 12,0.00173849,32.3792,Yes,N/A,2,N/A,N/A,5,6,2 5,2 6,9,10,2 9,12
2 5 6 9 10 11,0.00328805,30.9186,Yes,N/A,2,N/A,N/A,5,6,2 5,2 6,9,10,11,2 10
2 5 6 9 10 11 12,0.00051458,42.2125,Yes,N/A,2,N/A,N/A,5,6,2 5,2 6,9,10,11,12
1 2 5 6 7,0.0932999,8.93362,Yes,N/A,2,1 2,N/A,5,6,7,1 7,2 7,1 2 7,5 6,5 7
1 2 5 6 7 12,0.00965102,20.1836,Yes,N/A,2,1 2,N/A,5,6,7,1 7,2 7,1 2 7,5 6,12
2 5 6 7,0.0612569,11.5229,Yes,N/A,2,N/A,N/A,5,6,7,2 6,2 7,N/A,5 6,5 7
1 2 5 6 7 11,0.0223384,18.3319,Yes,N/A,2,1 2,N/A,5,6,7,1 7,2 7,1 2 7,11,1 11
1 2 5 6 7 11 12,0.00273175,29.7485,Yes,N/A,2,1 2,N/A,5,6,7,1 7,2 7,1 2 7,11,12
2 5 6 7 12,0.00593945,22.9786,Yes,N/A,2,N/A,N/A,5,6,7,2 6,2 7,N/A,5 6,12
1 2 5 6 7 10,0.0398722,15.7098,Yes,N/A,2,1 2,N/A,5,6,7,1 7,2 7,10,1 10,2 10
1 2 5 6 7 10 12,0.00504184,27.0055,Yes,N/A,2,1 2,N/A,5,6,7,1 7,2 7,10,1 10,12
2 5 6 7 10,0.021755,18.4989,Yes,N/A,2,N/A,N/A,5,6,7,2 6,2 7,10,5 6,2 10
1 2 5 6 7 10 11,0.0107071,25.2738,Yes,N/A,2,1 2,N/A,5,6,7,1 7,2 7,10,11,1 11
1 2 5 6 7 10 11 12,0.00155322,36.7327,Yes,N/A,2,1 2,N/A,5,6,7,1 7,2 7,10,11,12
2 5 6 7 11,0.0113931,21.5271,Yes,N/A,2,N/A,N/A,5,6,7,2 6,2 7,N/A,11,5 7
2 5 6 7 11 12,0.00144993,32.9376,Yes,N/A,2,N/A,N/A,5,6,7,2 6,2 7,N/A,11,12
1 2 5 6 7 9,0.0530439,14.1287,Yes,N/A,2,1 2,N/A,5,6,7,1 7,9,1 9,2 9,1 2 9
1 2 5 6 7 9 12,0.00696602,25.163,Yes,N/A,2,1 2,N/A,5,6,7,1 7,9,1 9,2 9,12
2 5 6 7 9,0.0261869,18.4445,Yes,N/A,2,N/A,N/A,5,6,7,2 6,9,N/A,2 9,5 7
1 2 5 6 7 9 11,0.0145991,23.4248,Yes,N/A,2,1 2,N/A,5,6,7,1 7,9,1 9,11,1 11
1 2 5 6 7 9 11 12,0.00219108,34.6116,Yes,N/A,2,1 2,N/A,5,6,7,1 7,9,1 9,11,12
2 5 6 7 9 12,0.00324122,29.8372,Yes,N/A,2,N/A,N/A,5,6,7,2 6,9,N/A,2 9,12
1 2 5 6 7 9 10,0.0241476,21.1306,Yes,N/A,2,1 2,N/A,5,6,7,1 7,9,10,1 10,2 10
1 2 5 6 7 9 10 12,0.00365944,32.3373,Yes,N/A,2,1 2,N/A,5,6,7,1 7,9,10,1 10,12
2 5 6 7 9 10,0.0115106,24.7248,Yes,N/A,2,N/A,N/A,5,6,7,2 6,9,10,2 9,2 10
1 2 5 6 7 9 10 11,0.00746002,30.5493,Yes,N/A,2,1 2,N/A,5,6,7,1 7,9,10,11,1 11
1 2 5 6 7 9 10 11 12,0.00127544,41.8497,Yes,N/A,2,1 2,N/A,5,6,7,1 7,9,10,11,12
2 5 6 7 10 12,0.00257847,29.9925,Yes,N/A,2,N/A,N/A,5,6,7,2 6,2 7,10,5 6,12
2 5 6 7 10 11,0.00515038,28.195,Yes,N/A,2,N/A,N/A,5,6,7,2 6,2 7,10,11,2 10
2 5 6 7 10 11 12,0.000765221,39.6054,Yes,N/A,2,N/A,N/A,5,6,7,2 6,2 7,10,11,12
1 2 5 6 7 8,0.0629493,13.1029,Yes,N/A,2,1 2,N/A,5,6,7,8,1 8,2 8,1 2 8,5 7
1 2 5 6 7 8 12,0.00806239,24.2268,Yes,N/A,2,1 2,N/A,5,6,7,8,1 8,2 8,1 2 8,12
2 5 6 7 8,0.0372919,15.7686,Yes,N/A,2,N/A,N/A,5,6,7,8,2 7,2 8,5 6,5 7
1 2 5 6 7 8 11,0.0183225,22.0456,Yes,N/A,2,1 2,N/A,5,6,7,8,1 8,2 8,11,1 11
1 2 5 6 7 8 11 12,0.00268458,33.3645,Yes,N/A,2,1 2,N/A,5,6,7,8,1 8,2 8,11,12
2 5 6 7 8 12,0.00462149,26.9653,Yes,N/A,2,N/A,N/A,5,6,7,8,2 7,2 8,5 6,12
1 2 5 6 7 8 10,0.0300435,19.6424,Yes,N/A,2,1 2,N/A,5,6,7,8,1 8,10,1 10,2 10
1 2 5 6 7 8 10 12,0.00453069,30.7931,Yes,N/A,2,1 2,N/A,5,6,7,8,1 8,10,1 10,12
2 5 6 7 8 10,0.0142102,23.5972,Yes,N/A,2,N/A,N/A,5,6,7,8,2 7,10,5 6,2 10
1 2 5 6 7 8 10 11,0.00939828,28.9069,Yes,N/A,2,1 2,N/A,5,6,7,8,1 8,10,11,1 11
1 2 5 6 7 8 10 11 12,0.00160075,40.1822,Yes,N/A,2,1 2,N/A,5,6,7,8,1 8,10,11,12
2 5 6 7 8 11,0.00848051,25.4883,Yes,N/A,2,N/A,N/A,5,6,7,8,2 7,2 8,11,5 7
2 5 6 7 8 11 12,0.0013096,36.615,Yes,N/A,2,N/A,N/A,5,6,7,8,2 7,2 8,11,12
1 2 5 6 7 8 9,0.0382502,18.3408,Yes,N/A,2,1 2,N/A,5,6,7,8,9,1 9,2 9,1 2 9
1 2 5 6 7 8 9 12,0.00602598,29.1999,Yes,N/A,2,1 2,N/A,5,6,7,8,9,1 9,2 9,12
2 5 6 7 8 9,0.0193679,21.8332,Yes,N/A,2,N/A,N/A,5,6,7,8,9,2 8,2 9,5 7
1 2 5 6 7 8 9 11,0.0125818,27.2134,Yes,N/A,2,1 2,N/A,5,6,7,8,9,1 9,11,1 11
1 2 5 6 7 8 9 11 12,0.00218632,38.3301,Yes,N/A,2,1 2,N/A,5,6,7,8,9,1 9,11,12
2 5 6 7 8 9 12,0.00292814,32.905,Yes,N/A,2,N/A,N/A,5,6,7,8,9,2 8,2 9,12
1 2 5 6 7 8 9 10,0.0197596,25.1556,Yes,N/A,2,1 2,N/A,5,6,7,8,9,10,1 10,2 10
1 2 5 6 7 8 9 10 12,0.00349709,36.1817,Yes,N/A,2,1 2,N/A,5,6,7,8,9,10,1 10,12
2 5 6 7 8 9 10,0.00899048,29.1141,Yes,N/A,2,N/A,N/A,5,6,7,8,9,10,2 9,2 10
1 2 5 6 7 8 9 10 11,0.00704917,34.3307,Yes,N/A,2,1 2,N/A,5,6,7,8,9,10,11,1 11
1 2 5 6 7 8 9 10 11 12,0.00137651,45.5013,Yes,N/A,2,1 2,N/A,5,6,7,8,9,10,11,12
2 6 8 10 12,0.00118479,33.3071,Yes,N/A,2,N/A,N/A,N/A,6,N/A,8,N/A,10,N/A,12
2 6 8 10 11,0.00272681,31.1701,Yes,N/A,2,N/A,N/A,N/A,6,N/A,8,N/A,10,11,2 10
2 6 8 10 11 12,0.000337379,42.9576,Yes,N/A,2,N/A,N/A,N/A,6,N/A,8,N/A,10,11,12
2 6 8 9 11,0.00425494,28.9817,Yes,N/A,2,N/A,N/A,N/A,6,N/A,8,9,2 8,11,N/A
2 6 8 9 11 12,0.000601989,40.0698,Yes,N/A,2,N/A,N/A,N/A,6,N/A,8,9,2 8,11,12
2 6 8 9 10 12,0.000972444,38.7477,Yes,N/A,2,N/A,N/A,N/A,6,N/A,8,9,10,2 9,12
2 6 8 9 10 11,0.00184566,37.4234,Yes,N/A,2,N/A,N/A,N/A,6,N/A,8,9,10,11,2 10
2 6 8 9 10 11 12,0.000280046,49.1095,Yes,N/A,2,N/A,N/A,N/A,6,N/A,8,9,10,11,12
2 6 7 9 11,0.00590611,27.1608,Yes,N/A,2,N/A,N/A,N/A,6,7,2 6,9,N/A,11,N/A
2 6 7 9 11 12,0.000833524,38.1556,Yes,N/A,2,N/A,N/A,N/A,6,7,2 6,9,N/A,11,12
2 6 7 9 10 12,0.00154797,35.2325,Yes,N/A,2,N/A,N/A,N/A,6,7,2 6,9,10,2 9,12
2 6 7 9 10 11,0.00297687,33.7313,Yes,N/A,2,N/A,N/A,N/A,6,7,2 6,9,10,11,2 10
2 6 7 9 10 11 12,0.000463069,45.1882,Yes,N/A,2,N/A,N/A,N/A,6,7,2 6,9,10,11,12
2 6 7 8 10 12,0.00160751,35.2317,Yes,N/A,2,N/A,N/A,N/A,6,7,8,2 7,10,N/A,12
2 6 7 8 10 11,0.00351271,32.501,Yes,N/A,2,N/A,N/A,N/A,6,7,8,2 7,10,11,2 10
2 6 7 8 10 11 12,0.000544106,43.959,Yes,N/A,2,N/A,N/A,N/A,6,7,8,2 7,10,11,12
2 6 7 8 9 11,0.00440577,31.8066,Yes,N/A,2,N/A,N/A,N/A,6,7,8,9,2 8,11,N/A
2 6 7 8 9 11 12,0.00074532,42.452,Yes,N/A,2,N/A,N/A,N/A,6,7,8,9,2 8,11,12
2 6 7 8 9 10 12,0.00118744,40.9097,Yes,N/A,2,N/A,N/A,N/A,6,7,8,9,10,2 9,12
2 6 7 8 9 10 11,0.00227565,39.3482,Yes,N/A,2,N/A,N/A,N/A,6,7,8,9,10,11,2 10
2 6 7 8 9 10 11 12,0.00041033,50.7773,Yes,N/A,2,N/A,N/A,N/A,6,7,8,9,10,11,12
1 2 4,0.206019,3.79707,Yes,N/A,2,1 2,4,1 4,2 4,1 2 4,N/A,N/A,N/A,N/A,N/A
1 2 4 12,0.0118956,15.195,Yes,N/A,2,1 2,4,1 4,2 4,1 2 4,N/A,N/A,N/A,N/A,12
2 4,0.143519,4.76389,Yes,N/A,2,N/A,4,N/A,2 4,N/A,N/A,N/A,N/A,N/A,N/A
1 2 4 11,0.031893,13.2051,Yes,N/A,2,1 2,4,1 4,2 4,1 2 4,N/A,N/A,N/A,11,1 11
1 2 4 11 12,0.00240055,24.9316,Yes,N/A,2,1 2,4,1 4,2 4,1 2 4,N/A,N/A,N/A,11,12
2 4 12,0.00810185,16.311,Yes,N/A,2,N/A,4,N/A,2 4,N/A,N/A,N/A,N/A,N/A,12
1 2 4 10,0.0588349,10.9504,Yes,N/A,2,1 2,4,1 4,2 4,1 2 4,N/A,N/A,10,1 10,2 10
1 2 4 10 12,0.00474751,22.5531,Yes,N/A,2,1 2,4,1 4,2 4,1 2 4,N/A,N/A,10,1 10,12
2 4 10,0.0289352,13.2438,Yes,N/A,2,N/A,4,N/A,2 4,N/A,N/A,N/A,10,N/A,2 10
1 2 4 10 11,0.0105453,21.1378,Yes,N/A,2,1 2,4,1 4,2 4,1 2 4,N/A,N/A,10,11,1 11
1 2 4 10 11 12,0.00104131,32.853,Yes,N/A,2,1 2,4,1 4,2 4,1 2 4,N/A,N/A,10,11,12
2 4 11,0.0162037,14.9277,Yes,N/A,2,N/A,4,N/A,2 4,N/A,N/A,N/A,N/A,11,N/A
2 4 11 12,0.00137174,26.4172,Yes,N/A,2,N/A,4,N/A,2 4,N/A,N/A,N/A,N/A,11,12
1 2 4 9,0.0904064,8.5505,Yes,N/A,2,1 2,4,1 4,2 4,1 2 4,N/A,9,1 9,2 9,1 2 9
1 2 4 9 12,0.00752315,19.9917,Yes,N/A,2,1 2,4,1 4,2 4,1 2 4,N/A,9,1 9,2 9,12
2 4 9,0.0416667,11.6898,Yes,N/A,2,N/A,4,N/A,2 4,N/A,N/A,9,N/A,2 9,N/A
1 2 4 9 11,0.0170182,18.4199,Yes,N/A,2,1 2,4,1 4,2 4,1 2 4,N/A,9,1 9,11,1 11
1 2 4 9 11 12,0.00173849,29.9823,Yes,N/A,2,1 2,4,1 4,2 4,1 2 4,N/A,9,1 9,11,12
2 4 9 12,0.00351509,23.0885,Yes,N/A,2,N/A,4,N/A,2 4,N/A,N/A,9,N/A,2 9,12
1 2 4 9 10,0.0274134,16.8747,Yes,N/A,2,1 2,4,1 4,2 4,1 2 4,N/A,9,10,1 10,2 10
1 2 4 9 10 12,0.00291793,28.3578,Yes,N/A,2,1 2,4,1 4,2 4,1 2 4,N/A,9,10,1 10,12
2 4 9 10,0.0120885,19.6858,Yes,N/A,2,N/A,4,N/A,2 4,N/A,N/A,9,10,2 9,2 10
1 2 4 9 10 11,0.00613593,26.9366,Yes,N/A,2,1 2,4,1 4,2 4,1 2 4,N/A,9,10,11,1 11
1 2 4 9 10 11 12,0.00076241,38.549,Yes,N/A,2,1 2,4,1 4,2 4,1 2 4,N/A,9,10,11,12
2 4 10 12,0.00225051,25.0673,Yes,N/A,2,N/A,4,N/A,2 4,N/A,N/A,N/A,10,N/A,12
2 4 10 11,0.00488683,23.2063,Yes,N/A,2,N/A,4,N/A,2 4,N/A,N/A,N/A,10,11,2 10
2 4 10 11 12,0.000507259,34.9966,Yes,N/A,2,N/A,4,N/A,2 4,N/A,N/A,N/A,10,11,12
1 2 4 8,0.125322,6.06835,Yes,N/A,2,1 2,4,1 4,2 4,1 2 4,8,1 8,2 8,1 2 8,4 8
1 2 4 8 12,0.0105346,17.3879,Yes,N/A,2,1 2,4,1 4,2 4,1 2 4,8,1 8,2 8,1 2 8,12
2 4 8,0.0559414,9.92155,Yes,N/A,2,N/A,4,N/A,2 4,N/A,8,N/A,2 8,N/A,4 8
1 2 4 8 11,0.0250343,15.508,Yes,N/A,2,1 2,4,1 4,2 4,1 2 4,8,1 8,2 8,11,1 11
1 2 4 8 11 12,0.0025611,27.0008,Yes,N/A,2,1 2,4,1 4,2 4,1 2 4,8,1 8,2 8,11,12
2 4 8 12,0.00465106,21.6154,Yes,N/A,2,N/A,4,N/A,2 4,N/A,8,N/A,2 8,N/A,12
1 2 4 8 10,0.0407343,13.752,Yes,N/A,2,1 2,4,1 4,2 4,1 2 4,8,1 8,10,1 10,2 10
1 2 4 8 10 12,0.00432718,25.1799,Yes,N/A,2,1 2,4,1 4,2 4,1 2 4,8,1 8,10,1 10,12
2 4 8 10,0.014982,19.107,Yes,N/A,2,N/A,4,N/A,2 4,N/A,8,N/A,10,N/A,2 10
1 2 4 8 10 11,0.00929498,23.4738,Yes,N/A,2,1 2,4,1 4,2 4,1 2 4,8,1 8,10,11,1 11
1 2 4 8 10 11 12,0.00116769,34.9614,Yes,N/A,2,1 2,4,1 4,2 4,1 2 4,8,1 8,10,11,12
2 4 8 11,0.00943073,19.6898,Yes,N/A,2,N/A,4,N/A,2 4,N/A,8,N/A,2 8,11,4 8
2 4 8 11 12,0.00104548,31.3259,Yes,N/A,2,N/A,4,N/A,2 4,N/A,8,N/A,2 8,11,12
1 2 4 8 9,0.0554198,12.1944,Yes,N/A,2,1 2,4,1 4,2 4,1 2 4,8,9,1 9,2 9,1 2 9
1 2 4 8 9 12,0.00604106,23.4442,Yes,N/A,2,1 2,4,1 4,2 4,1 2 4,8,9,1 9,2 9,12
2 4 8 9,0.0258059,15.9195,Yes,N/A,2,N/A,4,N/A,2 4,N/A,8,9,2 8,2 9,4 8
1 2 4 8 9 11,0.0133538,21.5972,Yes,N/A,2,1 2,4,1 4,2 4,1 2 4,8,9,1 9,11,1 11
1 2 4 8 9 11 12,0.00169748,33.0023,Yes,N/A,2,1 2,4,1 4,2 4,1 2 4,8,9,1 9,11,12
2 4 8 9 12,0.00264822,27.4797,Yes,N/A,2,N/A,4,N/A,2 4,N/A,8,9,2 8,2 9,12
1 2 4 8 9 10,0.0206785,20.0512,Yes,N/A,2,1 2,4,1 4,2 4,1 2 4,8,9,10,1 10,2 10
1 2 4 8 9 10 12,0.00271009,31.3395,Yes,N/A,2,1 2,4,1 4,2 4,1 2 4,8,9,10,1 10,12
2 4 8 9 10,0.00844479,24.6553,Yes,N/A,2,N/A,4,N/A,2 4,N/A,8,9,10,2 9,2 10
1 2 4 8 9 10 11,0.00562371,29.7078,Yes,N/A,2,1 2,4,1 4,2 4,1 2 4,8,9,10,11,1 11
1 2 4 8 9 10 11 12,0.00084031,41.1253,Yes,N/A,2,1 2,4,1 4,2 4,1 2 4,8,9,10,11,12
2 4 9 11,0.00625857,22.2911,Yes,N/A,2,N/A,4,N/A,2 4,N/A,N/A,9,N/A,11,N/A
2 4 9 11 12,0.000704923,33.65,Yes,N/A,2,N/A,4,N/A,2 4,N/A,N/A,9,N/A,11,12
2 4 9 10 12,0.00127172,31.3938,Yes,N/A,2,N/A,4,N/A,2 4,N/A,N/A,9,10,2 9,12
2 4 9 10 11,0.0024577,30.1188,Yes,N/A,2,N/A,4,N/A,2 4,N/A,N/A,9,10,11,2 10
2 4 9 10 11 12,0.000321502,41.8264,Yes,N/A,2,N/A,4,N/A,2 4,N/A,N/A,9,10,11,12
1 2 4 7,0.134002,4.94869,Yes,N/A,2,1 2,4,1 4,2 4,7,1 7,2 7,1 2 7,4 7,1 4 7
1 2 4 7 12,0.0113812,16.2254,Yes,N/A,2,1 2,4,1 4,2 4,7,1 7,2 7,1 2 7,4 7,12
2 4 7,0.070216,8.34028,Yes,N/A,2,N/A,4,N/A,2 4,7,N/A,2 7,N/A,4 7,N/A
1 2 4 7 11,0.0279921,14.2957,Yes,N/A,2,1 2,4,1 4,2 4,7,1 7,2 7,1 2 7,11,1 11
1 2 4 7 11 12,0.00284708,25.7797,Yes,N/A,2,1 2,4,1 4,2 4,7,1 7,2 7,1 2 7,11,12
2 4 7 12,0.00591564,19.6272,Yes,N/A,2,N/A,4,N/A,2 4,7,N/A,2 7,N/A,4 7,12
1 2 4 7 10,0.0498971,12.1798,Yes,N/A,2,1 2,4,1 4,2 4,7,1 7,2 7,10,1 10,2 10
1 2 4 7 10 12,0.00525477,23.5457,Yes,N/A,2,1 2,4,1 4,2 4,7,1 7,2 7,10,1 10,12
2 4 7 10,0.0231481,15.9719,Yes,N/A,2,N/A,4,N/A,2 4,7,N/A,2 7,10,4 7,2 10
1 2 4 7 10 11,0.0114598,21.8659,Yes,N/A,2,1 2,4,1 4,2 4,7,1 7,2 7,10,11,1 11
1 2 4 7 10 11 12,0.0014162,33.4098,Yes,N/A,2,1 2,4,1 4,2 4,7,1 7,2 7,10,11,12
2 4 7 11,0.0115741,18.6754,Yes,N/A,2,N/A,4,N/A,2 4,7,N/A,2 7,N/A,11,N/A
2 4 7 11 12,0.0013003,29.8957,Yes,N/A,2,N/A,4,N/A,2 4,7,N/A,2 7,N/A,11,12
1 2 4 7 9,0.069816,10.4737,Yes,N/A,2,1 2,4,1 4,2 4,7,1 7,9,1 9,2 9,1 2 9
1 2 4 7 9 12,0.00753109,21.6025,Yes,N/A,2,1 2,4,1 4,2 4,7,1 7,9,1 9,2 9,12
2 4 7 9,0.0279492,16.0635,Yes,N/A,2,N/A,4,N/A,2 4,7,N/A,9,N/A,2 9,N/A
1 2 4 7 9 11,0.0161434,20.0453,Yes,N/A,2,1 2,4,1 4,2 4,7,1 7,9,1 9,11,1 11
1 2 4 7 9 11 12,0.00206762,31.2993,Yes,N/A,2,1 2,4,1 4,2 4,7,1 7,9,1 9,11,12
2 4 7 9 12,0.00304832,27.2183,Yes,N/A,2,N/A,4,N/A,2 4,7,N/A,9,N/A,2 9,12
1 2 4 7 9 10,0.026693,18.0253,Yes,N/A,2,1 2,4,1 4,2 4,7,1 7,9,10,1 10,2 10
1 2 4 7 9 10 12,0.00345899,29.2936,Yes,N/A,2,1 2,4,1 4,2 4,7,1 7,9,10,1 10,12
2 4 7 9 10,0.0108596,23.222,Yes,N/A,2,N/A,4,N/A,2 4,7,N/A,9,10,2 9,2 10
1 2 4 7 9 10 11,0.00714429,27.6868,Yes,N/A,2,1 2,4,1 4,2 4,7,1 7,9,10,11,1 11
1 2 4 7 9 10 11 12,0.00106457,39.0767,Yes,N/A,2,1 2,4,1 4,2 4,7,1 7,9,10,11,12
2 4 7 10 12,0.00225051,27.5973,Yes,N/A,2,N/A,4,N/A,2 4,7,N/A,2 7,10,4 7,12
2 4 7 10 11,0.0046725,26.0903,Yes,N/A,2,N/A,4,N/A,2 4,7,N/A,2 7,10,11,2 10
2 4 7 10 11 12,0.000597756,37.653,Yes,N/A,2,N/A,4,N/A,2 4,7,N/A,2 7,10,11,12
1 2 4 7 8,0.0896062,8.92256,Yes,N/A,2,1 2,4,1 4,2 4,7,8,1 8,2 8,1 2 8,4 8
1 2 4 7 8 12,0.0095246,20.0669,Yes,N/A,2,1 2,4,1 4,2 4,7,8,1 8,2 8,1 2 8,12
2 4 7 8,0.0527263,11.9017,Yes,N/A,2,N/A,4,N/A,2 4,7,8,2 7,2 8,4 7,4 8
1 2 4 7 8 11,0.0223309,17.9955,Yes,N/A,2,1 2,4,1 4,2 4,7,8,1 8,2 8,11,1 11
1 2 4 7 8 11 12,0.00277197,29.3465,Yes,N/A,2,1 2,4,1 4,2 4,7,8,1 8,2 8,11,12
2 4 7 8 12,0.00516547,23.3361,Yes,N/A,2,N/A,4,N/A,2 4,7,8,2 7,2 8,4 7,12
1 2 4 7 8 10,0.0366221,15.8761,Yes,N/A,2,1 2,4,1 4,2 4,7,8,1 8,10,1 10,2 10
1 2 4 7 8 10 12,0.00470164,27.0907,Yes,N/A,2,1 2,4,1 4,2 4,7,8,1 8,10,1 10,12
2 4 7 8 10,0.0164395,20.283,Yes,N/A,2,N/A,4,N/A,2 4,7,8,2 7,10,4 7,2 10
1 2 4 7 8 10 11,0.0099531,25.2751,Yes,N/A,2,1 2,4,1 4,2 4,7,8,1 8,10,11,1 11
1 2 4 7 8 10 11 12,0.00146961,36.6527,Yes,N/A,2,1 2,4,1 4,2 4,7,8,1 8,10,11,12
2 4 7 8 11,0.0100166,21.798,Yes,N/A,2,N/A,4,N/A,2 4,7,8,2 7,2 8,11,4 8
2 4 7 8 11 12,0.00128204,33.1795,Yes,N/A,2,N/A,4,N/A,2 4,7,8,2 7,2 8,11,12
1 2 4 7 8 9,0.0481666,14.4958,Yes,N/A,2,1 2,4,1 4,2 4,7,8,9,1 9,2 9,1 2 9
1 2 4 7 8 9 12,0.00636704,25.4591,Yes,N/A,2,1 2,4,1 4,2 4,7,8,9,1 9,2 9,12
2 4 7 8 9,0.0233006,18.6675,Yes,N/A,2,N/A,4,N/A,2 4,7,8,9,2 8,2 9,4 8
1 2 4 7 8 9 11,0.0137105,23.5005,Yes,N/A,2,1 2,4,1 4,2 4,7,8,9,1 9,11,1 11
1 2 4 7 8 9 11 12,0.00205637,34.7077,Yes,N/A,2,1 2,4,1 4,2 4,7,8,9,1 9,11,12
2 4 7 8 9 12,0.00292501,29.9528,Yes,N/A,2,N/A,4,N/A,2 4,7,8,9,2 8,2 9,12
1 2 4 7 8 9 10,0.0213319,21.7375,Yes,N/A,2,1 2,4,1 4,2 4,7,8,9,10,1 10,2 10
1 2 4 7 8 9 10 12,0.00327833,32.8098,Yes,N/A,2,1 2,4,1 4,2 4,7,8,9,10,1 10,12
2 4 7 8 9 10,0.0091513,26.6336,Yes,N/A,2,N/A,4,N/A,2 4,7,8,9,10,2 9,2 10
1 2 4 7 8 9 10 11,0.00671727,31.0645,Yes,N/A,2,1 2,4,1 4,2 4,7,8,9,10,11,1 11
1 2 4 7 8 9 10 11 12,0.00115608,42.3503,Yes,N/A,2,1 2,4,1 4,2 4,7,8,9,10,11,12
2 4 8 10 12,0.00150034,30.8935,Yes,N/A,2,N/A,4,N/A,2 4,N/A,8,N/A,10,N/A,12
2 4 8 10 11,0.00332219,28.7164,Yes,N/A,2,N/A,4,N/A,2 4,N/A,8,N/A,10,11,2 10
2 4 8 10 11 12,0.000420533,40.4565,Yes,N/A,2,N/A,4,N/A,2 4,N/A,8,N/A,10,11,12
2 4 8 9 11,0.00492494,26.1739,Yes,N/A,2,N/A,4,N/A,2 4,N/A,8,9,2 8,11,4 8
2 4 8 9 11 12,0.000661262,37.6719,Yes,N/A,2,N/A,4,N/A,2 4,N/A,8,9,2 8,11,12
2 4 8 9 10 12,0.0010554,36.3009,Yes,N/A,2,N/A,4,N/A,2 4,N/A,8,9,10,2 9,12
2 4 8 9 10 11,0.00207984,34.8139,Yes,N/A,2,N/A,4,N/A,2 4,N/A,8,9,10,11,2 10
2 4 8 9 10 11 12,0.000317467,46.4356,Yes,N/A,2,N/A,4,N/A,2 4,N/A,8,9,10,11,12
1 2 4 6,0.129565,4.30888,Yes,N/A,2,1 2,4,1 4,6,1 6,2 6,1 2 6,4 6,1 4 6,2 4 6
1 2 4 6 12,0.0107918,15.6078,Yes,N/A,2,1 2,4,1 4,6,1 6,2 6,1 2 6,4 6,1 4 6,12
2 4 6,0.0767747,8.04938,Yes,N/A,2,N/A,4,N/A,6,N/A,2 6,N/A,4 6,N/A,2 4 6
1 2 4 6 11,0.0262346,13.7127,Yes,N/A,2,1 2,4,1 4,6,1 6,2 6,1 2 6,4 6,11,1 11
1 2 4 6 11 12,0.00266549,25.1792,Yes,N/A,2,1 2,4,1 4,6,1 6,2 6,1 2 6,4 6,11,12
2 4 6 12,0.00490826,19.7413,Yes,N/A,2,N/A,4,N/A,6,N/A,2 6,N/A,4 6,N/A,12
1 2 4 6 10,0.0473037,11.7615,Yes,N/A,2,1 2,4,1 4,6,1 6,2 6,1 2 6,10,1 10,2 10
1 2 4 6 10 12,0.00479455,23.1896,Yes,N/A,2,1 2,4,1 4,6,1 6,2 6,1 2 6,10,1 10,12
2 4 6 10,0.0183899,17.1757,Yes,N/A,2,N/A,4,N/A,6,N/A,2 6,N/A,10,N/A,2 10
1 2 4 6 10 11,0.0103857,21.4606,Yes,N/A,2,1 2,4,1 4,6,1 6,2 6,1 2 6,10,11,1 11
1 2 4 6 10 11 12,0.00129114,32.925,Yes,N/A,2,1 2,4,1 4,6,1 6,2 6,1 2 6,10,11,12
2 4 6 11,0.0113597,17.8361,Yes,N/A,2,N/A,4,N/A,6,N/A,2 6,N/A,4 6,11,2 4 6
2 4 6 11 12,0.00105977,29.47,Yes,N/A,2,N/A,4,N/A,6,N/A,2 6,N/A,4 6,11,12
1 2 4 6 9,0.0712449,9.79362,Yes,N/A,2,1 2,4,1 4,6,1 6,2 6,9,1 9,2 9,1 2 9
1 2 4 6 9 12,0.00748147,20.9322,Yes,N/A,2,1 2,4,1 4,6,1 6,2 6,9,1 9,2 9,12
2 4 6 9,0.0358368,14.0391,Yes,N/A,2,N/A,4,N/A,6,N/A,2 6,9,4 6,2 9,2 4 6
1 2 4 6 9 11,0.0159822,19.285,Yes,N/A,2,1 2,4,1 4,6,1 6,2 6,9,1 9,11,1 11
1 2 4 6 9 11 12,0.00200171,30.5956,Yes,N/A,2,1 2,4,1 4,6,1 6,2 6,9,1 9,11,12
2 4 6 9 12,0.00331981,25.5555,Yes,N/A,2,N/A,4,N/A,6,N/A,2 6,9,4 6,2 9,12
1 2 4 6 9 10,0.0264674,17.3527,Yes,N/A,2,1 2,4,1 4,6,1 6,2 6,9,10,1 10,2 10
1 2 4 6 9 10 12,0.00335732,28.6311,Yes,N/A,2,1 2,4,1 4,6,1 6,2 6,9,10,1 10,12
2 4 6 9 10,0.0101738,22.7708,Yes,N/A,2,N/A,4,N/A,6,N/A,2 6,9,10,2 9,2 10
1 2 4 6 9 10 11,0.006864,27.0265,Yes,N/A,2,1 2,4,1 4,6,1 6,2 6,9,10,11,1 11
1 2 4 6 9 10 11 12,0.00102061,38.4019,Yes,N/A,2,1 2,4,1 4,6,1 6,2 6,9,10,11,12
2 4 6 10 12,0.00163252,28.9588,Yes,N/A,2,N/A,4,N/A,6,N/A,2 6,N/A,10,N/A,12
2 4 6 10 11,0.00386517,26.7913,Yes,N/A,2,N/A,4,N/A,6,N/A,2 6,N/A,10,11,2 10
2 4 6 10 11 12,0.000447721,38.5278,Yes,N/A,2,N/A,4,N/A,6,N/A,2 6,N/A,10,11,12
1 2 4 6 8,0.0920996,8.2313,Yes,N/A,2,1 2,4,1 4,6,1 6,8,1 8,2 8,1 2 8,4 8
1 2 4 6 8 12,0.00946943,19.4573,Yes,N/A,2,1 2,4,1 4,6,1 6,8,1 8,2 8,1 2 8,12
2 4 6 8,0.0363083,14.7384,Yes,N/A,2,N/A,4,N/A,6,N/A,8,N/A,2 8,N/A,4 8
1 2 4 6 8 11,0.0212144,17.3631,Yes,N/A,2,1 2,4,1 4,6,1 6,8,1 8,2 8,11,1 11
1 2 4 6 8 11 12,0.00264777,28.6383,Yes,N/A,2,1 2,4,1 4,6,1 6,8,1 8,2 8,11,12
2 4 6 8 12,0.00329956,26.4628,Yes,N/A,2,N/A,4,N/A,6,N/A,8,N/A,2 8,N/A,12
1 2 4 6 8 10,0.033828,15.9615,Yes,N/A,2,1 2,4,1 4,6,1 6,8,1 8,10,1 10,2 10
1 2 4 6 8 10 12,0.00414218,27.4187,Yes,N/A,2,1 2,4,1 4,6,1 6,8,1 8,10,1 10,12
2 4 6 8 10,0.0100094,24.0788,Yes,N/A,2,N/A,4,N/A,6,N/A,8,N/A,10,N/A,2 10
1 2 4 6 8 10 11,0.00880691,25.2672,Yes,N/A,2,1 2,4,1 4,6,1 6,8,1 8,10,11,1 11
1 2 4 6 8 10 11 12,0.00130578,36.5655,Yes,N/A,2,1 2,4,1 4,6,1 6,8,1 8,10,11,12
2 4 6 8 11,0.00731358,24.2613,Yes,N/A,2,N/A,4,N/A,6,N/A,8,N/A,2 8,11,4 8
2 4 6 8 11 12,0.000874803,35.9243,Yes,N/A,2,N/A,4,N/A,6,N/A,8,N/A,2 8,11,12
1 2 4 6 8 9,0.0486976,13.6889,Yes,N/A,2,1 2,4,1 4,6,1 6,8,9,1 9,2 9,1 2 9
1 2 4 6 8 9 12,0.00628779,24.723,Yes,N/A,2,1 2,4,1 4,6,1 6,8,9,1 9,2 9,12
2 4 6 8 9,0.0206285,19.9713,Yes,N/A,2,N/A,4,N/A,6,N/A,8,9,2 8,2 9,4 8
1 2 4 6 8 9 11,0.0128882,22.9905,Yes,N/A,2,1 2,4,1 4,6,1 6,8,9,1 9,11,1 11
1 2 4 6 8 9 11 12,0.00193315,34.1292,Yes,N/A,2,1 2,4,1 4,6,1 6,8,9,1 9,11,12
2 4 6 8 9 12,0.00240452,31.5339,Yes,N/A,2,N/A,4,N/A,6,N/A,8,9,2 8,2 9,12
1 2 4 6 8 9 10,0.020627,21.0642,Yes,N/A,2,1 2,4,1 4,6,1 6,8,9,10,1 10,2 10
1 2 4 6 8 9 10 12,0.00307617,32.323,Yes,N/A,2,1 2,4,1 4,6,1 6,8,9,10,1 10,12
2 4 6 8 9 10,0.00701073,28.8583,Yes,N/A,2,N/A,4,N/A,6,N/A,8,9,10,2 9,2 10
1 2 4 6 8 9 10 11,0.00621087,30.4245,Yes,N/A,2,1 2,4,1 4,6,1 6,8,9,10,11,1 11
1 2 4 6 8 9 10 11 12,0.00107364,41.5986,Yes,N/A,2,1 2,4,1 4,6,1 6,8,9,10,11,12
2 4 6 9 11,0.00595374,24.3588,Yes,N/A,2,N/A,4,N/A,6,N/A,2 6,9,4 6,11,2 4 6
2 4 6 9 11 12,0.000726357,35.8504,Yes,N/A,2,N/A,4,N/A,6,N/A,2 6,9,4 6,11,12
2 4 6 9 10 12,0.00120266,34.3897,Yes,N/A,2,N/A,4,N/A,6,N/A,2 6,9,10,2 9,12
2 4 6 9 10 11,0.00238864,32.9054,Yes,N/A,2,N/A,4,N/A,6,N/A,2 6,9,10,11,2 10
2 4 6 9 10 11 12,0.000344655,44.5216,Yes,N/A,2,N/A,4,N/A,6,N/A,2 6,9,10,11,12
1 2 4 6 7,0.110468,7.0473,Yes,N/A,2,1 2,4,1 4,6,7,1 7,2 7,1 2 7,4 7,1 4 7
1 2 4 6 7 12,0.0112216,18.1084,Yes,N/A,2,1 2,4,1 4,6,7,1 7,2 7,1 2 7,4 7,12
2 4 6 7,0.0770319,9.97224,Yes,N/A,2,N/A,4,N/A,6,7,2 6,2 7,4 6,4 7,2 4 6
1 2 4 6 7 11,0.0260774,16.0827,Yes,N/A,2,1 2,4,1 4,6,7,1 7,2 7,1 2 7,11,1 11
1 2 4 6 7 11 12,0.00312178,27.3868,Yes,N/A,2,1 2,4,1 4,6,7,1 7,2 7,1 2 7,11,12
2 4 6 7 12,0.00700874,21.3247,Yes,N/A,2,N/A,4,N/A,6,7,2 6,2 7,4 6,4 7,12
1 2 4 6 7 10,0.0441672,14.018,Yes,N/A,2,1 2,4,1 4,6,7,1 7,2 7,10,1 10,2 10
1 2 4 6 7 10 12,0.00545273,25.2288,Yes,N/A,2,1 2,4,1 4,6,7,1 7,2 7,10,1 10,12
2 4 6 7 10,0.022055,18.2892,Yes,N/A,2,N/A,4,N/A,6,7,2 6,2 7,10,4 7,2 10
1 2 4 6 7 10 11,0.0114959,23.3248,Yes,N/A,2,1 2,4,1 4,6,7,1 7,2 7,10,11,1 11
1 2 4 6 7 10 11 12,0.00165923,34.6499,Yes,N/A,2,1 2,4,1 4,6,7,1 7,2 7,10,11,12
2 4 6 7 11,0.0133602,19.9115,Yes,N/A,2,N/A,4,N/A,6,7,2 6,2 7,4 6,11,2 4 6
2 4 6 7 11 12,0.00161545,31.2006,Yes,N/A,2,N/A,4,N/A,6,7,2 6,2 7,4 6,11,12
1 2 4 6 7 9,0.061861,12.019,Yes,N/A,2,1 2,4,1 4,6,7,1 7,9,1 9,2 9,1 2 9
1 2 4 6 7 9 12,0.00789885,22.9124,Yes,N/A,2,1 2,4,1 4,6,7,1 7,9,1 9,2 9,12
2 4 6 7 9,0.0313595,16.7798,Yes,N/A,2,N/A,4,N/A,6,7,2 6,9,4 6,2 9,2 4 6
1 2 4 6 7 9 11,0.0163056,21.2278,Yes,N/A,2,1 2,4,1 4,6,7,1 7,9,1 9,11,1 11
1 2 4 6 7 9 11 12,0.00240003,32.2945,Yes,N/A,2,1 2,4,1 4,6,7,1 7,9,1 9,11,12
2 4 6 7 9 12,0.00377282,27.9851,Yes,N/A,2,N/A,4,N/A,6,7,2 6,9,4 6,2 9,12
1 2 4 6 7 9 10,0.0263017,19.1032,Yes,N/A,2,1 2,4,1 4,6,7,1 7,9,10,1 10,2 10
1 2 4 6 7 9 10 12,0.00392124,30.2002,Yes,N/A,2,1 2,4,1 4,6,7,1 7,9,10,1 10,12
2 4 6 7 9 10,0.011428,24.6576,Yes,N/A,2,N/A,4,N/A,6,7,2 6,9,10,2 9,2 10
1 2 4 6 7 9 10 11,0.00789302,28.4311,Yes,N/A,2,1 2,4,1 4,6,7,1 7,9,10,11,1 11
1 2 4 6 7 9 10 11 12,0.00134378,39.5759,Yes,N/A,2,1 2,4,1 4,6,7,1 7,9,10,11,12
2 4 6 7 10 12,0.00251724,29.7701,Yes,N/A,2,N/A,4,N/A,6,7,2 6,2 7,10,4 7,12
2 4 6 7 10 11,0.00498209,28.1117,Yes,N/A,2,N/A,4,N/A,6,7,2 6,2 7,10,11,2 10
2 4 6 7 10 11 12,0.000715441,39.5129,Yes,N/A,2,N/A,4,N/A,6,7,2 6,2 7,10,11,12
1 2 4 6 7 8,0.0773351,10.5643,Yes,N/A,2,1 2,4,1 4,6,7,8,1 8,2 8,1 2 8,4 8
1 2 4 6 7 8 12,0.00972619,21.4803,Yes,N/A,2,1 2,4,1 4,6,7,8,1 8,2 8,1 2 8,12
2 4 6 7 8,0.041731,15.2601,Yes,N/A,2,N/A,4,N/A,6,7,8,2 7,2 8,4 7,4 8
1 2 4 6 7 8 11,0.0217756,19.1776,Yes,N/A,2,1 2,4,1 4,6,7,8,1 8,2 8,11,1 11
1 2 4 6 7 8 11 12,0.00315744,30.251,Yes,N/A,2,1 2,4,1 4,6,7,8,1 8,2 8,11,12
2 4 6 7 8 12,0.00481936,26.6452,Yes,N/A,2,N/A,4,N/A,6,7,8,2 7,2 8,4 7,12
1 2 4 6 7 8 10,0.0342642,17.2928,Yes,N/A,2,1 2,4,1 4,6,7,8,1 8,10,1 10,2 10
1 2 4 6 7 8 10 12,0.00502182,28.4225,Yes,N/A,2,1 2,4,1 4,6,7,8,1 8,10,1 10,12
2 4 6 7 8 10,0.0141002,23.7288,Yes,N/A,2,N/A,4,N/A,6,7,8,2 7,10,4 7,2 10
1 2 4 6 7 8 10 11,0.0103966,26.26,Yes,N/A,2,1 2,4,1 4,6,7,8,1 8,10,11,1 11
1 2 4 6 7 8 10 11 12,0.00176121,37.3532,Yes,N/A,2,1 2,4,1 4,6,7,8,1 8,10,11,12
2 4 6 7 8 11,0.00952757,24.8539,Yes,N/A,2,N/A,4,N/A,6,7,8,2 7,2 8,11,4 8
2 4 6 7 8 11 12,0.00137234,36.187,Yes,N/A,2,N/A,4,N/A,6,7,8,2 7,2 8,11,12
1 2 4 6 7 8 9,0.0457302,15.4407,Yes,N/A,2,1 2,4,1 4,6,7,8,9,1 9,2 9,1 2 9
1 2 4 6 7 8 9 12,0.00702771,26.1124,Yes,N/A,2,1 2,4,1 4,6,7,8,9,1 9,2 9,12
2 4 6 7 8 9,0.0215504,21.3801,Yes,N/A,2,N/A,4,N/A,6,7,8,9,2 8,2 9,4 8
1 2 4 6 7 8 9 11,0.014414,24.2049,Yes,N/A,2,1 2,4,1 4,6,7,8,9,1 9,11,1 11
1 2 4 6 7 8 9 11 12,0.00247647,35.0697,Yes,N/A,2,1 2,4,1 4,6,7,8,9,1 9,11,12
2 4 6 7 8 9 12,0.00308977,32.5967,Yes,N/A,2,N/A,4,N/A,6,7,8,9,2 8,2 9,12
1 2 4 6 7 8 9 10,0.0224157,22.1105,Yes,N/A,2,1 2,4,1 4,6,7,8,9,10,1 10,2 10
1 2 4 6 7 8 9 10 12,0.0038845,33.0428,Yes,N/A,2,1 2,4,1 4,6,7,8,9,10,1 10,12
2 4 6 7 8 9 10,0.00897229,29.4041,Yes,N/A,2,N/A,4,N/A,6,7,8,9,10,2 9,2 10
1 2 4 6 7 8 9 10 11,0.00777545,31.0138,Yes,N/A,2,1 2,4,1 4,6,7,8,9,10,11,1 11
1 2 4 6 7 8 9 10 11 12,0.00151412,41.9398,Yes,N/A,2,1 2,4,1 4,6,7,8,9,10,11,12
2 4 7 9 11,0.00518214,26.5506,Yes,N/A,2,N/A,4,N/A,2 4,7,N/A,9,N/A,11,N/A
2 4 7 9 11 12,0.000722917,37.6454,Yes,N/A,2,N/A,4,N/A,2 4,7,N/A,9,N/A,11,12
2 4 7 9 10 12,0.00136539,34.7654,Yes,N/A,2,N/A,4,N/A,2 4,7,N/A,9,10,2 9,12
2 4 7 9 10 11,0.00254979,33.4753,Yes,N/A,2,N/A,4,N/A,2 4,7,N/A,9,10,11,2 10
2 4 7 9 10 11 12,0.000393741,44.9939,Yes,N/A,2,N/A,4,N/A,2 4,7,N/A,9,10,11,12
2 4 7 8 10 12,0.00194985,31.8291,Yes,N/A,2,N/A,4,N/A,2 4,7,8,2 7,10,4 7,12
2 4 7 8 10 11,0.00405093,29.9502,Yes,N/A,2,N/A,4,N/A,2 4,7,8,2 7,10,11,2 10
2 4 7 8 10 11 12,0.000601328,41.4109,Yes,N/A,2,N/A,4,N/A,2 4,7,8,2 7,10,11,12
2 4 7 8 9 11,0.00525305,28.6845,Yes,N/A,2,N/A,4,N/A,2 4,7,8,9,2 8,11,4 8
2 4 7 8 9 11 12,0.000824703,39.8771,Yes,N/A,2,N/A,4,N/A,2 4,7,8,9,2 8,11,12
2 4 7 8 9 10 12,0.00134594,38.0437,Yes,N/A,2,N/A,4,N/A,2 4,7,8,9,10,2 9,12
2 4 7 8 9 10 11,0.00256924,36.4545,Yes,N/A,2,N/A,4,N/A,2 4,7,8,9,10,11,2 10
2 4 7 8 9 10 11 12,0.000452675,47.7944,Yes,N/A,2,N/A,4,N/A,2 4,7,8,9,10,11,12
1 2 4 5,0.14802,3.68544,Yes,N/A,2,1 2,4,5,1 5,2 5,1 2 5,4 5,1 4 5,2 4 5,1 2 4 5
1 2 4 5 12,0.0107096,15.028,Yes,N/A,2,1 2,4,5,1 5,2 5,1 2 5,4 5,1 4 5,2 4 5,12
2 4 5,0.121914,5.96348,Yes,N/A,2,N/A,4,5,2 4,2 5,N/A,4 5,N/A,2 4 5,N/A
1 2 4 5 11,0.0271634,13.1104,Yes,N/A,2,1 2,4,5,1 5,2 5,1 2 5,4 5,1 4 5,11,1 11
1 2 4 5 11 12,0.00255693,24.6588,Yes,N/A,2,1 2,4,5,1 5,2 5,1 2 5,4 5,1 4 5,11,12
2 4 5 12,0.00865912,17.2133,Yes,N/A,2,N/A,4,5,2 4,2 5,N/A,4 5,N/A,2 4 5,12
1 2 4 5 10,0.0498543,11.0918,Yes,N/A,2,1 2,4,5,1 5,2 5,1 2 5,4 5,10,1 10,2 10
1 2 4 5 10 12,0.00492851,22.4755,Yes,N/A,2,1 2,4,5,1 5,2 5,1 2 5,4 5,10,1 10,12
2 4 5 10,0.0336934,13.513,Yes,N/A,2,N/A,4,5,2 4,2 5,N/A,4 5,10,2 4 5,2 10
1 2 4 5 10 11,0.0107715,20.8733,Yes,N/A,2,1 2,4,5,1 5,2 5,1 2 5,4 5,10,11,1 11
1 2 4 5 10 11 12,0.00126577,32.442,Yes,N/A,2,1 2,4,5,1 5,2 5,1 2 5,4 5,10,11,12
2 4 5 11,0.0142318,16.2077,Yes,N/A,2,N/A,4,5,2 4,2 5,N/A,4 5,N/A,11,N/A
2 4 5 11 12,0.00150511,27.3824,Yes,N/A,2,N/A,4,5,2 4,2 5,N/A,4 5,N/A,11,12
1 2 4 5 9,0.0735311,9.39066,Yes,N/A,2,1 2,4,5,1 5,2 5,1 2 5,9,1 9,2 9,1 2 9
1 2 4 5 9 12,0.00743345,20.5464,Yes,N/A,2,1 2,4,5,1 5,2 5,1 2 5,9,1 9,2 9,12
2 4 5 9,0.0366941,13.5228,Yes,N/A,2,N/A,4,5,2 4,2 5,N/A,9,N/A,2 9,N/A
1 2 4 5 9 11,0.0158957,18.8319,Yes,N/A,2,1 2,4,5,1 5,2 5,1 2 5,9,1 9,11,1 11
1 2 4 5 9 11 12,0.00195336,30.1509,Yes,N/A,2,1 2,4,5,1 5,2 5,1 2 5,9,1 9,11,12
2 4 5 9 12,0.00375324,24.6227,Yes,N/A,2,N/A,4,5,2 4,2 5,N/A,9,N/A,2 9,12
1 2 4 5 9 10,0.0252153,17.2066,Yes,N/A,2,1 2,4,5,1 5,2 5,1 2 5,9,10,1 10,2 10
1 2 4 5 9 10 12,0.00320781,28.3801,Yes,N/A,2,1 2,4,5,1 5,2 5,1 2 5,9,10,1 10,12
2 4 5 9 10,0.0129744,20.6081,Yes,N/A,2,N/A,4,5,2 4,2 5,N/A,9,10,2 9,2 10
1 2 4 5 9 10 11,0.006633,26.7513,Yes,N/A,2,1 2,4,5,1 5,2 5,1 2 5,9,10,11,1 11
1 2 4 5 9 10 11 12,0.000965388,38.1494,Yes,N/A,2,1 2,4,5,1 5,2 5,1 2 5,9,10,11,12
2 4 5 10 12,0.0029864,25.08,Yes,N/A,2,N/A,4,5,2 4,2 5,N/A,4 5,10,2 4 5,12
2 4 5 10 11,0.00588706,23.4809,Yes,N/A,2,N/A,4,5,2 4,2 5,N/A,4 5,10,11,2 10
2 4 5 10 11 12,0.000690634,35.0085,Yes,N/A,2,N/A,4,5,2 4,2 5,N/A,4 5,10,11,12
1 2 4 5 8,0.103424,7.41992,Yes,N/A,2,1 2,4,5,1 5,2 5,8,1 8,2 8,1 2 8,4 8
1 2 4 5 8 12,0.0102527,18.6504,Yes,N/A,2,1 2,4,5,1 5,2 5,8,1 8,2 8,1 2 8,12
2 4 5 8,0.0762174,9.44483,Yes,N/A,2,N/A,4,5,2 4,2 5,8,4 5,2 8,2 4 5,4 8
1 2 4 5 8 11,0.024273,16.3965,Yes,N/A,2,1 2,4,5,1 5,2 5,8,1 8,2 8,11,1 11
1 2 4 5 8 11 12,0.0028471,27.8245,Yes,N/A,2,1 2,4,5,1 5,2 5,8,1 8,2 8,11,12
2 4 5 8 12,0.00687776,20.8182,Yes,N/A,2,N/A,4,5,2 4,2 5,8,4 5,2 8,2 4 5,12
1 2 4 5 8 10,0.0401616,14.3865,Yes,N/A,2,1 2,4,5,1 5,2 5,8,1 8,10,1 10,2 10
1 2 4 5 8 10 12,0.00489927,25.6696,Yes,N/A,2,1 2,4,5,1 5,2 5,8,1 8,10,1 10,12
2 4 5 8 10,0.0216478,17.6508,Yes,N/A,2,N/A,4,5,2 4,2 5,8,4 5,10,2 4 5,2 10
1 2 4 5 8 10 11,0.0103167,23.7945,Yes,N/A,2,1 2,4,5,1 5,2 5,8,1 8,10,11,1 11
1 2 4 5 8 10 11 12,0.00146301,35.218,Yes,N/A,2,1 2,4,5,1 5,2 5,8,1 8,10,11,12
2 4 5 8 11,0.0132983,19.1178,Yes,N/A,2,N/A,4,5,2 4,2 5,8,4 5,2 8,11,4 8
2 4 5 8 11 12,0.0015956,30.4152,Yes,N/A,2,N/A,4,5,2 4,2 5,8,4 5,2 8,11,12
1 2 4 5 8 9,0.0530121,12.96,Yes,N/A,2,1 2,4,5,1 5,2 5,8,9,1 9,2 9,1 2 9
1 2 4 5 8 9 12,0.00665156,24.0522,Yes,N/A,2,1 2,4,5,1 5,2 5,8,9,1 9,2 9,12
2 4 5 8 9,0.0282541,16.0704,Yes,N/A,2,N/A,4,5,2 4,2 5,8,9,2 8,2 9,4 8
1 2 4 5 8 9 11,0.0143997,21.8594,Yes,N/A,2,1 2,4,5,1 5,2 5,8,9,1 9,11,1 11
1 2 4 5 8 9 11 12,0.00208066,33.16,Yes,N/A,2,1 2,4,5,1 5,2 5,8,9,1 9,11,12
2 4 5 8 9 12,0.00334997,27.3459,Yes,N/A,2,N/A,4,5,2 4,2 5,8,9,2 8,2 9,12
1 2 4 5 8 9 10,0.0218926,20.3081,Yes,N/A,2,1 2,4,5,1 5,2 5,8,9,10,1 10,2 10
1 2 4 5 8 9 10 12,0.00327242,31.421,Yes,N/A,2,1 2,4,5,1 5,2 5,8,9,10,1 10,12
2 4 5 8 9 10,0.0105135,23.7344,Yes,N/A,2,N/A,4,5,2 4,2 5,8,9,10,2 9,2 10
1 2 4 5 8 9 10 11,0.00671944,29.5813,Yes,N/A,2,1 2,4,5,1 5,2 5,8,9,10,11,1 11
1 2 4 5 8 9 10 11 12,0.00112919,40.9143,Yes,N/A,2,1 2,4,5,1 5,2 5,8,9,10,11,12
2 4 5 9 11,0.00613474,23.8192,Yes,N/A,2,N/A,4,5,2 4,2 5,N/A,9,N/A,11,N/A
2 4 5 9 11 12,0.000828761,34.8407,Yes,N/A,2,N/A,4,5,2 4,2 5,N/A,9,N/A,11,12
2 4 5 9 10 12,0.00159084,32.0143,Yes,N/A,2,N/A,4,5,2 4,2 5,N/A,9,10,2 9,12
2 4 5 9 10 11,0.00290543,30.6063,Yes,N/A,2,N/A,4,5,2 4,2 5,N/A,9,10,11,2 10
2 4 5 9 10 11 12,0.000439254,41.9758,Yes,N/A,2,N/A,4,5,2 4,2 5,N/A,9,10,11,12
1 2 4 5 7,0.125622,6.13567,Yes,N/A,2,1 2,4,5,1 5,7,1 7,2 7,1 2 7,4 7,5 7
1 2 4 5 7 12,0.0122409,17.2369,Yes,N/A,2,1 2,4,5,1 5,7,1 7,2 7,1 2 7,4 7,12
2 4 5 7,0.0716307,10.6312,Yes,N/A,2,N/A,4,5,2 4,7,N/A,2 7,N/A,4 7,5 7
1 2 4 5 7 11,0.027642,15.366,Yes,N/A,2,1 2,4,5,1 5,7,1 7,2 7,1 2 7,11,1 11
1 2 4 5 7 11 12,0.00326841,26.6057,Yes,N/A,2,1 2,4,5,1 5,7,1 7,2 7,1 2 7,11,12
2 4 5 7 12,0.00657293,22.1161,Yes,N/A,2,N/A,4,5,2 4,7,N/A,2 7,N/A,4 7,12
1 2 4 5 7 10,0.0490398,12.8436,Yes,N/A,2,1 2,4,5,1 5,7,1 7,2 7,10,1 10,2 10
1 2 4 5 7 10 12,0.00586131,24.0906,Yes,N/A,2,1 2,4,5,1 5,7,1 7,2 7,10,1 10,12
2 4 5 7 10,0.0243699,17.7882,Yes,N/A,2,N/A,4,5,2 4,7,N/A,2 7,10,4 7,2 10
1 2 4 5 7 10 11,0.0123588,22.2591,Yes,N/A,2,1 2,4,5,1 5,7,1 7,2 7,10,11,1 11
1 2 4 5 7 10 11 12,0.00174254,33.5864,Yes,N/A,2,1 2,4,5,1 5,7,1 7,2 7,10,11,12
2 4 5 7 11,0.0121742,20.7458,Yes,N/A,2,N/A,4,5,2 4,7,N/A,2 7,N/A,11,5 7
2 4 5 7 11 12,0.00148566,32.191,Yes,N/A,2,N/A,4,5,2 4,7,N/A,2 7,N/A,11,12
1 2 4 5 7 9,0.0643607,11.5987,Yes,N/A,2,1 2,4,5,1 5,7,1 7,9,1 9,2 9,1 2 9
1 2 4 5 7 9 12,0.00808222,22.5174,Yes,N/A,2,1 2,4,5,1 5,7,1 7,9,1 9,2 9,12
2 4 5 7 9,0.0269109,18.0261,Yes,N/A,2,N/A,4,5,2 4,7,N/A,9,N/A,2 9,5 7
1 2 4 5 7 9 11,0.0160824,21.0464,Yes,N/A,2,1 2,4,5,1 5,7,1 7,9,1 9,11,1 11
1 2 4 5 7 9 11 12,0.00237279,32.0519,Yes,N/A,2,1 2,4,5,1 5,7,1 7,9,1 9,11,12
2 4 5 7 9 12,0.00322481,29.4779,Yes,N/A,2,N/A,4,5,2 4,7,N/A,9,N/A,2 9,12
1 2 4 5 7 9 10,0.0267436,18.4936,Yes,N/A,2,1 2,4,5,1 5,7,1 7,9,10,1 10,2 10
1 2 4 5 7 9 10 12,0.00394261,29.6136,Yes,N/A,2,1 2,4,5,1 5,7,1 7,9,10,1 10,12
2 4 5 7 9 10,0.0114058,24.6681,Yes,N/A,2,N/A,4,5,2 4,7,N/A,9,10,2 9,2 10
1 2 4 5 7 9 10 11,0.00791764,27.7626,Yes,N/A,2,1 2,4,5,1 5,7,1 7,9,10,11,1 11
1 2 4 5 7 9 10 11 12,0.00133985,38.8901,Yes,N/A,2,1 2,4,5,1 5,7,1 7,9,10,11,12
2 4 5 7 10 12,0.00272592,29.3455,Yes,N/A,2,N/A,4,5,2 4,7,N/A,2 7,10,4 7,12
2 4 5 7 10 11,0.00543458,27.6215,Yes,N/A,2,N/A,4,5,2 4,7,N/A,2 7,10,11,2 10
2 4 5 7 10 11 12,0.000763567,39.1129,Yes,N/A,2,N/A,4,5,2 4,7,N/A,2 7,10,11,12
1 2 4 5 7 8,0.0861237,9.50046,Yes,N/A,2,1 2,4,5,1 5,7,8,1 8,2 8,1 2 8,4 8
1 2 4 5 7 8 12,0.0105003,20.5814,Yes,N/A,2,1 2,4,5,1 5,7,8,1 8,2 8,1 2 8,12
2 4 5 7 8,0.0513332,12.9065,Yes,N/A,2,N/A,4,5,2 4,7,8,2 7,2 8,4 7,4 8
1 2 4 5 7 8 11,0.0236662,18.2395,Yes,N/A,2,1 2,4,5,1 5,7,8,1 8,2 8,11,1 11
1 2 4 5 7 8 11 12,0.00333524,29.4514,Yes,N/A,2,1 2,4,5,1 5,7,8,1 8,2 8,11,12
2 4 5 7 8 12,0.00593042,24.2282,Yes,N/A,2,N/A,4,5,2 4,7,8,2 7,2 8,4 7,12
1 2 4 5 7 8 10,0.0380731,15.9617,Yes,N/A,2,1 2,4,5,1 5,7,8,1 8,10,1 10,2 10
1 2 4 5 7 8 10 12,0.00548899,27.0861,Yes,N/A,2,1 2,4,5,1 5,7,8,1 8,10,1 10,12
2 4 5 7 8 10,0.0185185,20.5589,Yes,N/A,2,N/A,4,5,2 4,7,8,2 7,10,4 7,2 10
1 2 4 5 7 8 10 11,0.0113611,25.0309,Yes,N/A,2,1 2,4,5,1 5,7,8,1 8,10,11,1 11
1 2 4 5 7 8 10 11 12,0.00187617,36.2222,Yes,N/A,2,1 2,4,5,1 5,7,8,1 8,10,11,12
2 4 5 7 8 11,0.011382,22.3889,Yes,N/A,2,N/A,4,5,2 4,7,8,2 7,2 8,11,4 8
2 4 5 7 8 11 12,0.00164208,33.6552,Yes,N/A,2,N/A,4,5,2 4,7,8,2 7,2 8,11,12
1 2 4 5 7 8 9,0.0492026,14.477,Yes,N/A,2,1 2,4,5,1 5,7,8,9,1 9,2 9,1 2 9
1 2 4 5 7 8 9 12,0.00739379,25.2682,Yes,N/A,2,1 2,4,5,1 5,7,8,9,1 9,2 9,12
2 4 5 7 8 9,0.0236599,19.1747,Yes,N/A,2,N/A,4,5,2 4,7,8,9,2 8,2 9,4 8
1 2 4 5 7 8 9 11,0.0152227,23.1919,Yes,N/A,2,1 2,4,5,1 5,7,8,9,1 9,11,1 11
1 2 4 5 7 8 9 11 12,0.00257163,34.1956,Yes,N/A,2,1 2,4,5,1 5,7,8,9,1 9,11,12
2 4 5 7 8 9 12,0.00337282,30.379,Yes,N/A,2,N/A,4,5,2 4,7,8,9,2 8,2 9,12
1 2 4 5 7 8 9 10,0.0236035,21.0605,Yes,N/A,2,1 2,4,5,1 5,7,8,9,10,1 10,2 10
1 2 4 5 7 8 9 10 12,0.0040492,31.9881,Yes,N/A,2,1 2,4,5,1 5,7,8,9,10,1 10,12
2 4 5 7 8 9 10,0.0105445,26.2107,Yes,N/A,2,N/A,4,5,2 4,7,8,9,10,2 9,2 10
1 2 4 5 7 8 9 10 11,0.00814171,29.9328,Yes,N/A,2,1 2,4,5,1 5,7,8,9,10,11,1 11
1 2 4 5 7 8 9 10 11 12,0.00156048,40.9616,Yes,N/A,2,1 2,4,5,1 5,7,8,9,10,11,12
2 4 5 8 10 12,0.00243191,29.1309,Yes,N/A,2,N/A,4,5,2 4,2 5,8,4 5,10,2 4 5,12
2 4 5 8 10 11,0.00501861,27.0923,Yes,N/A,2,N/A,4,5,2 4,2 5,8,4 5,10,11,2 10
2 4 5 8 10 11 12,0.00070188,38.5179,Yes,N/A,2,N/A,4,5,2 4,2 5,8,4 5,10,11,12
2 4 5 8 9 11,0.00626492,25.7618,Yes,N/A,2,N/A,4,5,2 4,2 5,8,9,2 8,11,4 8
2 4 5 8 9 11 12,0.000930548,36.9285,Yes,N/A,2,N/A,4,5,2 4,2 5,8,9,2 8,11,12
2 4 5 8 9 10 12,0.00151093,35.0207,Yes,N/A,2,N/A,4,5,2 4,2 5,8,9,10,2 9,12
2 4 5 8 9 10 11,0.00291204,33.1687,Yes,N/A,2,N/A,4,5,2 4,2 5,8,9,10,11,2 10
2 4 5 8 9 10 11 12,0.000499629,44.3786,Yes,N/A,2,N/A,4,5,2 4,2 5,8,9,10,11,12
1 2 4 5 6,0.13681,5.60428,Yes,N/A,2,1 2,4,5,6,1 6,2 6,1 2 6,4 6,5 6,1 5 6
1 2 4 5 6 12,0.0130187,16.6628,Yes,N/A,2,1 2,4,5,6,1 6,2 6,1 2 6,4 6,5 6,12
2 4 5 6,0.111711,7.37864,Yes,N/A,2,N/A,4,5,6,2 5,2 6,4 5,4 6,5 6,2 4 6
1 2 4 5 6 11,0.0309956,14.6694,Yes,N/A,2,1 2,4,5,6,1 6,2 6,1 2 6,4 6,11,1 11
1 2 4 5 6 11 12,0.00345781,26.0161,Yes,N/A,2,1 2,4,5,6,1 6,2 6,1 2 6,4 6,11,12
2 4 5 6 12,0.00994989,18.6311,Yes,N/A,2,N/A,4,5,6,2 5,2 6,4 5,4 6,5 6,12
1 2 4 5 6 10,0.0514945,12.564,Yes,N/A,2,1 2,4,5,6,1 6,2 6,1 2 6,10,1 10,2 10
1 2 4 5 6 10 12,0.00608218,23.7199,Yes,N/A,2,1 2,4,5,6,1 6,2 6,1 2 6,10,1 10,12
2 4 5 6 10,0.0310928,15.4236,Yes,N/A,2,N/A,4,5,6,2 5,2 6,4 5,10,5 6,2 10
1 2 4 5 6 10 11,0.0126957,22.0477,Yes,N/A,2,1 2,4,5,6,1 6,2 6,1 2 6,10,11,1 11
1 2 4 5 6 10 11 12,0.00173833,33.3882,Yes,N/A,2,1 2,4,5,6,1 6,2 6,1 2 6,10,11,12
2 4 5 6 11,0.0190424,17.1122,Yes,N/A,2,N/A,4,5,6,2 5,2 6,4 5,4 6,11,2 4 6
2 4 5 6 11 12,0.00225845,28.2751,Yes,N/A,2,N/A,4,5,6,2 5,2 6,4 5,4 6,11,12
1 2 4 5 6 9,0.069631,10.9068,Yes,N/A,2,1 2,4,5,6,1 6,2 6,9,1 9,2 9,1 2 9
1 2 4 5 6 9 12,0.00858194,21.7958,Yes,N/A,2,1 2,4,5,6,1 6,2 6,9,1 9,2 9,12
2 4 5 6 9,0.0405712,13.9997,Yes,N/A,2,N/A,4,5,6,2 5,2 6,9,4 6,2 9,2 4 6
1 2 4 5 6 9 11,0.0181234,19.9562,Yes,N/A,2,1 2,4,5,6,1 6,2 6,9,1 9,11,1 11
1 2 4 5 6 9 11 12,0.00256553,31.0816,Yes,N/A,2,1 2,4,5,6,1 6,2 6,9,1 9,11,12
2 4 5 6 9 12,0.0048265,25.0712,Yes,N/A,2,N/A,4,5,6,2 5,2 6,9,4 6,2 9,12
1 2 4 5 6 9 10,0.0278813,18.088,Yes,N/A,2,1 2,4,5,6,1 6,2 6,9,10,1 10,2 10
1 2 4 5 6 9 10 12,0.0041014,29.0374,Yes,N/A,2,1 2,4,5,6,1 6,2 6,9,10,1 10,12
2 4 5 6 9 10,0.0138984,21.8271,Yes,N/A,2,N/A,4,5,6,2 5,2 6,9,10,2 9,2 10
1 2 4 5 6 9 10 11,0.00823481,27.3731,Yes,N/A,2,1 2,4,5,6,1 6,2 6,9,10,11,1 11
1 2 4 5 6 9 10 11 12,0.00136356,38.5667,Yes,N/A,2,1 2,4,5,6,1 6,2 6,9,10,11,12
2 4 5 6 10 12,0.00344364,26.8315,Yes,N/A,2,N/A,4,5,6,2 5,2 6,4 5,10,5 6,12
2 4 5 6 10 11,0.00699922,24.9625,Yes,N/A,2,N/A,4,5,6,2 5,2 6,4 5,10,11,2 10
2 4 5 6 10 11 12,0.000971783,36.2701,Yes,N/A,2,N/A,4,5,6,2 5,2 6,4 5,10,11,12
1 2 4 5 6 8,0.0951882,8.49766,Yes,N/A,2,1 2,4,5,6,1 6,8,1 8,2 8,1 2 8,4 8
1 2 4 5 6 8 12,0.0114113,19.5005,Yes,N/A,2,1 2,4,5,6,1 6,8,1 8,2 8,1 2 8,12
2 4 5 6 8,0.057637,12.1554,Yes,N/A,2,N/A,4,5,6,2 5,8,4 5,2 8,5 6,4 8
1 2 4 5 6 8 11,0.0256834,17.1811,Yes,N/A,2,1 2,4,5,6,1 6,8,1 8,2 8,11,1 11
1 2 4 5 6 8 11 12,0.003554,28.336,Yes,N/A,2,1 2,4,5,6,1 6,8,1 8,2 8,11,12
2 4 5 6 8 12,0.00653006,23.432,Yes,N/A,2,N/A,4,5,6,2 5,8,4 5,2 8,5 6,12
1 2 4 5 6 8 10,0.0405097,15.1276,Yes,N/A,2,1 2,4,5,6,1 6,8,1 8,10,1 10,2 10
1 2 4 5 6 8 10 12,0.00573658,26.2295,Yes,N/A,2,1 2,4,5,6,1 6,8,1 8,10,1 10,12
2 4 5 6 8 10,0.0192159,20.3707,Yes,N/A,2,N/A,4,5,6,2 5,8,4 5,10,5 6,2 10
1 2 4 5 6 8 10 11,0.0117969,24.1607,Yes,N/A,2,1 2,4,5,6,1 6,8,1 8,10,11,1 11
1 2 4 5 6 8 10 11 12,0.0019221,35.2826,Yes,N/A,2,1 2,4,5,6,1 6,8,1 8,10,11,12
2 4 5 6 8 11,0.0127831,21.6267,Yes,N/A,2,N/A,4,5,6,2 5,8,4 5,2 8,11,4 8
2 4 5 6 8 11 12,0.00181148,32.7934,Yes,N/A,2,N/A,4,5,6,2 5,8,4 5,2 8,11,12
1 2 4 5 6 8 9,0.0523513,13.5399,Yes,N/A,2,1 2,4,5,6,1 6,8,9,1 9,2 9,1 2 9
1 2 4 5 6 8 9 12,0.00774355,24.316,Yes,N/A,2,1 2,4,5,6,1 6,8,9,1 9,2 9,12
2 4 5 6 8 9,0.0272761,17.9507,Yes,N/A,2,N/A,4,5,6,2 5,8,9,2 8,2 9,4 8
1 2 4 5 6 8 9 11,0.0160457,22.2166,Yes,N/A,2,1 2,4,5,6,1 6,8,9,1 9,11,1 11
1 2 4 5 6 8 9 11 12,0.00266319,33.1918,Yes,N/A,2,1 2,4,5,6,1 6,8,9,1 9,11,12
2 4 5 6 8 9 12,0.00382116,29.077,Yes,N/A,2,N/A,4,5,6,2 5,8,9,2 8,2 9,12
1 2 4 5 6 8 9 10,0.0244104,20.2501,Yes,N/A,2,1 2,4,5,6,1 6,8,9,10,1 10,2 10
1 2 4 5 6 8 9 10 12,0.00414479,31.1297,Yes,N/A,2,1 2,4,5,6,1 6,8,9,10,1 10,12
2 4 5 6 8 9 10,0.0110413,25.6264,Yes,N/A,2,N/A,4,5,6,2 5,8,9,10,2 9,2 10
1 2 4 5 6 8 9 10 11,0.00827541,29.1018,Yes,N/A,2,1 2,4,5,6,1 6,8,9,10,11,1 11
1 2 4 5 6 8 9 10 11 12,0.00157025,40.0744,Yes,N/A,2,1 2,4,5,6,1 6,8,9,10,11,12
2 4 5 6 9 11,0.00859085,23.8138,Yes,N/A,2,N/A,4,5,6,2 5,2 6,9,4 6,11,2 4 6
2 4 5 6 9 11 12,0.00127586,34.8029,Yes,N/A,2,N/A,4,5,6,2 5,2 6,9,4 6,11,12
2 4 5 6 9 10 12,0.0019773,33.0011,Yes,N/A,2,N/A,4,5,6,2 5,2 6,9,10,2 9,12
2 4 5 6 9 10 11,0.00373233,31.3539,Yes,N/A,2,N/A,4,5,6,2 5,2 6,9,10,11,2 10
2 4 5 6 9 10 11 12,0.000634985,42.4436,Yes,N/A,2,N/A,4,5,6,2 5,2 6,9,10,11,12
1 2 4 5 6 7,0.108432,7.57411,Yes,N/A,2,1 2,4,5,6,7,1 7,2 7,1 2 7,4 7,5 7
1 2 4 5 6 7 12,0.0129181,18.5661,Yes,N/A,2,1 2,4,5,6,7,1 7,2 7,1 2 7,4 7,12
2 4 5 6 7,0.0712091,10.6365,Yes,N/A,2,N/A,4,5,6,7,2 6,2 7,4 6,4 7,5 7
1 2 4 5 6 7 11,0.0289437,16.5104,Yes,N/A,2,1 2,4,5,6,7,1 7,2 7,1 2 7,11,1 11
1 2 4 5 6 7 11 12,0.00394811,27.6726,Yes,N/A,2,1 2,4,5,6,7,1 7,2 7,1 2 7,11,12
2 4 5 6 7 12,0.00812507,21.8496,Yes,N/A,2,N/A,4,5,6,7,2 6,2 7,4 6,4 7,12
1 2 4 5 6 7 10,0.0484911,13.9325,Yes,N/A,2,1 2,4,5,6,7,1 7,2 7,10,1 10,2 10
1 2 4 5 6 7 10 12,0.00684983,24.9564,Yes,N/A,2,1 2,4,5,6,7,1 7,2 7,10,1 10,12
2 4 5 6 7 10,0.0259047,18.0081,Yes,N/A,2,N/A,4,5,6,7,2 6,2 7,10,4 7,2 10
1 2 4 5 6 7 10 11,0.014109,23.0457,Yes,N/A,2,1 2,4,5,6,7,1 7,2 7,10,11,1 11
1 2 4 5 6 7 10 11 12,0.00226635,34.2009,Yes,N/A,2,1 2,4,5,6,7,1 7,2 7,10,11,12
2 4 5 6 7 11,0.0152194,20.3251,Yes,N/A,2,N/A,4,5,6,7,2 6,2 7,4 6,11,5 7
2 4 5 6 7 11 12,0.00217589,31.4866,Yes,N/A,2,N/A,4,5,6,7,2 6,2 7,4 6,11,12
1 2 4 5 6 7 9,0.063478,12.1384,Yes,N/A,2,1 2,4,5,6,7,1 7,9,1 9,2 9,1 2 9
1 2 4 5 6 7 9 12,0.00933989,22.827,Yes,N/A,2,1 2,4,5,6,7,1 7,9,1 9,2 9,12
2 4 5 6 7 9,0.0324683,17.0727,Yes,N/A,2,N/A,4,5,6,7,2 6,9,4 6,2 9,5 7
1 2 4 5 6 7 9 11,0.0189401,20.9487,Yes,N/A,2,1 2,4,5,6,7,1 7,9,1 9,11,1 11
1 2 4 5 6 7 9 11 12,0.00313605,31.8326,Yes,N/A,2,1 2,4,5,6,7,1 7,9,1 9,11,12
2 4 5 6 7 9 12,0.00454385,28.2392,Yes,N/A,2,N/A,4,5,6,7,2 6,9,4 6,2 9,12
1 2 4 5 6 7 9 10,0.0295881,18.7252,Yes,N/A,2,1 2,4,5,6,7,1 7,9,10,1 10,2 10
1 2 4 5 6 7 9 10 12,0.00498917,29.5522,Yes,N/A,2,1 2,4,5,6,7,1 7,9,10,1 10,12
2 4 5 6 7 9 10,0.0139111,24.0132,Yes,N/A,2,N/A,4,5,6,7,2 6,9,10,2 9,2 10
1 2 4 5 6 7 9 10 11,0.00991182,27.5815,Yes,N/A,2,1 2,4,5,6,7,1 7,9,10,11,1 11
1 2 4 5 6 7 9 10 11 12,0.0018691,38.4903,Yes,N/A,2,1 2,4,5,6,7,1 7,9,10,11,12
2 4 5 6 7 10 12,0.00349122,29.2835,Yes,N/A,2,N/A,4,5,6,7,2 6,2 7,10,4 7,12
2 4 5 6 7 10 11,0.00680652,27.5457,Yes,N/A,2,N/A,4,5,6,7,2 6,2 7,10,11,2 10
2 4 5 6 7 10 11 12,0.00111113,38.7282,Yes,N/A,2,N/A,4,5,6,7,2 6,2 7,10,11,12
1 2 4 5 6 7 8,0.079911,10.4063,Yes,N/A,2,1 2,4,5,6,7,8,1 8,2 8,1 2 8,4 8
1 2 4 5 6 7 8 12,0.011465,21.2458,Yes,N/A,2,1 2,4,5,6,7,8,1 8,2 8,1 2 8,12
2 4 5 6 7 8,0.0471743,14.3589,Yes,N/A,2,N/A,4,5,6,7,8,2 7,2 8,4 7,4 8
1 2 4 5 6 7 8 11,0.0255563,18.6466,Yes,N/A,2,1 2,4,5,6,7,8,1 8,2 8,11,1 11
1 2 4 5 6 7 8 11 12,0.00411825,29.6423,Yes,N/A,2,1 2,4,5,6,7,8,1 8,2 8,11,12
2 4 5 6 7 8 12,0.00644881,25.4694,Yes,N/A,2,N/A,4,5,6,7,8,2 7,2 8,4 7,12
1 2 4 5 6 7 8 10,0.0399988,16.2471,Yes,N/A,2,1 2,4,5,6,7,8,1 8,10,1 10,2 10
1 2 4 5 6 7 8 10 12,0.00661432,27.1,Yes,N/A,2,1 2,4,5,6,7,8,1 8,10,1 10,12
2 4 5 6 7 8 10,0.0190889,21.8339,Yes,N/A,2,N/A,4,5,6,7,8,2 7,10,4 7,2 10
1 2 4 5 6 7 8 10 11,0.0134658,24.8972,Yes,N/A,2,1 2,4,5,6,7,8,1 8,10,11,1 11
1 2 4 5 6 7 8 10 11 12,0.00250335,35.8029,Yes,N/A,2,1 2,4,5,6,7,8,1 8,10,11,12
2 4 5 6 7 8 11,0.0122753,23.6468,Yes,N/A,2,N/A,4,5,6,7,8,2 7,2 8,11,4 8
2 4 5 6 7 8 11 12,0.00203121,34.685,Yes,N/A,2,N/A,4,5,6,7,8,2 7,2 8,11,12
1 2 4 5 6 7 8 9,0.050867,14.6356,Yes,N/A,2,1 2,4,5,6,7,8,9,1 9,2 9,1 2 9
1 2 4 5 6 7 8 9 12,0.008776,25.1237,Yes,N/A,2,1 2,4,5,6,7,8,9,1 9,2 9,12
2 4 5 6 7 8 9,0.0257121,19.9054,Yes,N/A,2,N/A,4,5,6,7,8,9,2 8,2 9,4 8
1 2 4 5 6 7 8 9 11,0.0179727,22.8026,Yes,N/A,2,1 2,4,5,6,7,8,9,1 9,11,1 11
1 2 4 5 6 7 8 9 11 12,0.00339843,33.5419,Yes,N/A,2,1 2,4,5,6,7,8,9,1 9,11,12
2 4 5 6 7 8 9 12,0.00420283,30.8664,Yes,N/A,2,N/A,4,5,6,7,8,9,2 8,2 9,12
1 2 4 5 6 7 8 9 10,0.0272833,20.5655,Yes,N/A,2,1 2,4,5,6,7,8,9,10,1 10,2 10
1 2 4 5 6 7 8 9 10 12,0.00526163,31.1741,Yes,N/A,2,1 2,4,5,6,7,8,9,10,1 10,12
2 4 5 6 7 8 9 10,0.0123553,26.727,Yes,N/A,2,N/A,4,5,6,7,8,9,10,2 9,2 10
1 2 4 5 6 7 8 9 10 11,0.0104544,28.9053,Yes,N/A,2,1 2,4,5,6,7,8,9,10,11,1 11
1 2 4 5 6 7 8 9 10 11 12,0.00222009,39.6041,Yes,N/A,2,1 2,4,5,6,7,8,9,10,11,12
2 5 7 9 11,0.00441053,28.0561,Yes,N/A,2,N/A,N/A,5,N/A,7,N/A,9,N/A,11,5 7
2 5 7 9 11 12,0.000593787,39.6933,Yes,N/A,2,N/A,N/A,5,N/A,7,N/A,9,N/A,11,12
2 5 7 9 10 12,0.00115066,36.9904,Yes,N/A,2,N/A,N/A,5,N/A,7,N/A,9,10,2 9,12
2 5 7 9 10 11,0.00223464,35.5856,Yes,N/A,2,N/A,N/A,5,N/A,7,N/A,9,10,11,2 10
2 5 7 9 10 11 12,0.000333343,47.3288,Yes,N/A,2,N/A,N/A,5,N/A,7,N/A,9,10,11,12
2 5 7 8 10 12,0.00151572,34.9099,Yes,N/A,2,N/A,N/A,5,N/A,7,8,2 7,10,N/A,12
2 5 7 8 10 11,0.00336426,32.1878,Yes,N/A,2,N/A,N/A,5,N/A,7,8,2 7,10,11,2 10
2 5 7 8 10 11 12,0.000509706,43.7496,Yes,N/A,2,N/A,N/A,5,N/A,7,8,2 7,10,11,12
2 5 7 8 9 11,0.00456612,30.8874,Yes,N/A,2,N/A,N/A,5,N/A,7,8,9,2 8,11,5 7
2 5 7 8 9 11 12,0.000715993,42.2502,Yes,N/A,2,N/A,N/A,5,N/A,7,8,9,2 8,11,12
2 5 7 8 9 10 12,0.0011236,40.7542,Yes,N/A,2,N/A,N/A,5,N/A,7,8,9,10,2 9,12
2 5 7 8 9 10 11,0.00220718,39.1089,Yes,N/A,2,N/A,N/A,5,N/A,7,8,9,10,11,2 10
2 5 7 8 9 10 11 12,0.000388757,50.6699,Yes,N/A,2,N/A,N/A,5,N/A,7,8,9,10,11,12
2 5 6 8 10 12,0.0018274,33.0225,Yes,N/A,2,N/A,N/A,5,6,2 5,8,N/A,10,5 6,12
2 5 6 8 10 11,0.00366512,31.3513,Yes,N/A,2,N/A,N/A,5,6,2 5,8,N/A,10,11,2 10
2 5 6 8 10 11 12,0.000565826,42.7771,Yes,N/A,2,N/A,N/A,5,6,2 5,8,N/A,10,11,12
2 5 6 8 9 11,0.00523665,28.7559,Yes,N/A,2,N/A,N/A,5,6,2 5,8,9,2 8,11,N/A
2 5 6 8 9 11 12,0.00086954,39.2888,Yes,N/A,2,N/A,N/A,5,6,2 5,8,9,2 8,11,12
2 5 6 8 9 10 12,0.00140552,37.3965,Yes,N/A,2,N/A,N/A,5,6,2 5,8,9,10,2 9,12
2 5 6 8 9 10 11,0.00263693,35.8664,Yes,N/A,2,N/A,N/A,5,6,2 5,8,9,10,11,2 10
2 5 6 8 9 10 11 12,0.000480883,47.0167,Yes,N/A,2,N/A,N/A,5,6,2 5,8,9,10,11,12
2 5 6 7 9 11,0.00594104,28.5258,Yes,N/A,2,N/A,N/A,5,6,7,2 6,9,N/A,11,5 7
2 5 6 7 9 11 12,0.000914451,39.8477,Yes,N/A,2,N/A,N/A,5,6,7,2 6,9,N/A,11,12
2 5 6 7 9 10 12,0.00168623,36.1305,Yes,N/A,2,N/A,N/A,5,6,7,2 6,9,10,2 9,12
2 5 6 7 9 10 11,0.00323123,34.4243,Yes,N/A,2,N/A,N/A,5,6,7,2 6,9,10,11,2 10
2 5 6 7 9 10 11 12,0.000564966,45.7643,Yes,N/A,2,N/A,N/A,5,6,7,2 6,9,10,11,12
2 5 6 7 8 10 12,0.00206487,34.9589,Yes,N/A,2,N/A,N/A,5,6,7,8,2 7,10,5 6,12
2 5 6 7 8 10 11,0.00402093,33.0308,Yes,N/A,2,N/A,N/A,5,6,7,8,2 7,10,11,2 10
2 5 6 7 8 10 11 12,0.000704816,44.286,Yes,N/A,2,N/A,N/A,5,6,7,8,2 7,10,11,12
2 5 6 7 8 9 11,0.00529001,31.6,Yes,N/A,2,N/A,N/A,5,6,7,8,9,2 8,11,5 7
2 5 6 7 8 9 11 12,0.000958724,42.5605,Yes,N/A,2,N/A,N/A,5,6,7,8,9,2 8,11,12
2 5 6 7 8 9 10 12,0.00155754,40.3648,Yes,N/A,2,N/A,N/A,5,6,7,8,9,10,2 9,12
2 5 6 7 8 9 10 11,0.00294096,38.6376,Yes,N/A,2,N/A,N/A,5,6,7,8,9,10,11,2 10
2 5 6 7 8 9 10 11 12,0.00059217,49.8215,Yes,N/A,2,N/A,N/A,5,6,7,8,9,10,11,12
1 2 3,0.165638,4.00566,Yes,N/A,2,3,1 3,2 3,1 2 3,N/A,N/A,N/A,N/A,N/A,N/A
1 2 3 12,0.00943073,15.4921,Yes,N/A,2,3,1 3,2 3,1 2 3,N/A,N/A,N/A,N/A,N/A,12
2 3,0.114198,4.21451,Yes,N/A,2,3,N/A,2 3,N/A,N/A,N/A,N/A,N/A,N/A,N/A
1 2 3 11,0.0252915,13.6175,Yes,N/A,2,3,1 3,2 3,1 2 3,N/A,N/A,N/A,N/A,11,1 11
1 2 3 11 12,0.00188138,25.4231,Yes,N/A,2,3,1 3,2 3,1 2 3,N/A,N/A,N/A,N/A,11,12
2 3 12,0.00643004,15.7933,Yes,N/A,2,3,N/A,2 3,N/A,N/A,N/A,N/A,N/A,N/A,12
1 2 3 10,0.0462963,11.4948,Yes,N/A,2,3,1 3,2 3,1 2 3,N/A,N/A,N/A,10,1 10,2 10
1 2 3 10 12,0.00371513,23.1915,Yes,N/A,2,3,1 3,2 3,1 2 3,N/A,N/A,N/A,10,1 10,12
2 3 10,0.0223765,12.794,Yes,N/A,2,3,N/A,2 3,N/A,N/A,N/A,N/A,10,N/A,2 10
1 2 3 10 11,0.00823045,21.8732,Yes,N/A,2,3,1 3,2 3,1 2 3,N/A,N/A,N/A,10,11,1 11
1 2 3 10 11 12,0.00080693,33.6786,Yes,N/A,2,3,1 3,2 3,1 2 3,N/A,N/A,N/A,10,11,12
2 3 11,0.0128601,14.4386,Yes,N/A,2,3,N/A,2 3,N/A,N/A,N/A,N/A,N/A,11,N/A
2 3 11 12,0.00108596,25.9653,Yes,N/A,2,3,N/A,2 3,N/A,N/A,N/A,N/A,N/A,11,12
1 2 3 9,0.0706447,9.21365,Yes,N/A,2,3,1 3,2 3,1 2 3,N/A,N/A,9,1 9,2 9,3 9
1 2 3 9 12,0.00584538,20.7882,Yes,N/A,2,3,1 3,2 3,1 2 3,N/A,N/A,9,1 9,2 9,12
2 3 9,0.0334362,10.9304,Yes,N/A,2,3,N/A,2 3,N/A,N/A,N/A,9,N/A,2 9,3 9
1 2 3 9 11,0.0133269,19.3142,Yes,N/A,2,3,1 3,2 3,1 2 3,N/A,N/A,9,1 9,11,1 11
1 2 3 9 11 12,0.00134925,31.0037,Yes,N/A,2,3,1 3,2 3,1 2 3,N/A,N/A,9,1 9,11,12
2 3 9 12,0.00275063,22.708,Yes,N/A,2,3,N/A,2 3,N/A,N/A,N/A,9,N/A,2 9,12
1 2 3 9 10,0.021462,17.8509,Yes,N/A,2,3,1 3,2 3,1 2 3,N/A,N/A,9,10,1 10,2 10
1 2 3 9 10 12,0.00226222,29.5039,Yes,N/A,2,3,1 3,2 3,1 2 3,N/A,N/A,9,10,1 10,12
2 3 9 10,0.0101166,19.362,Yes,N/A,2,3,N/A,2 3,N/A,N/A,N/A,9,10,2 9,2 10
1 2 3 9 10 11,0.00478443,28.1889,Yes,N/A,2,3,1 3,2 3,1 2 3,N/A,N/A,9,10,11,1 11
1 2 3 9 10 11 12,0.000587778,39.9332,Yes,N/A,2,3,1 3,2 3,1 2 3,N/A,N/A,9,10,11,12
2 3 10 12,0.00175754,24.6439,Yes,N/A,2,3,N/A,2 3,N/A,N/A,N/A,N/A,10,N/A,12
2 3 10 11,0.00377229,22.8348,Yes,N/A,2,3,N/A,2 3,N/A,N/A,N/A,N/A,10,11,2 10
2 3 10 11 12,0.000395328,34.6566,Yes,N/A,2,3,N/A,2 3,N/A,N/A,N/A,N/A,10,11,12
1 2 3 8,0.0965364,6.85764,Yes,N/A,2,3,1 3,2 3,1 2 3,N/A,8,1 8,2 8,3 8,1 3 8
1 2 3 8 12,0.00810423,18.3025,Yes,N/A,2,3,1 3,2 3,1 2 3,N/A,8,1 8,2 8,3 8,12
2 3 8,0.0444959,9.24906,Yes,N/A,2,3,N/A,2 3,N/A,N/A,8,N/A,2 8,3 8,N/A
1 2 3 8 11,0.0192663,16.6117,Yes,N/A,2,3,1 3,2 3,1 2 3,N/A,8,1 8,2 8,11,1 11
1 2 3 8 11 12,0.00196222,28.2249,Yes,N/A,2,3,1 3,2 3,1 2 3,N/A,8,1 8,2 8,11,12
2 3 8 12,0.00374371,20.6188,Yes,N/A,2,3,N/A,2 3,N/A,N/A,8,N/A,2 8,3 8,12
1 2 3 8 10,0.0322717,14.9501,Yes,N/A,2,3,1 3,2 3,1 2 3,N/A,8,1 8,10,1 10,2 10
1 2 3 8 10 12,0.00336228,26.4994,Yes,N/A,2,3,1 3,2 3,1 2 3,N/A,8,1 8,10,1 10,12
2 3 8 10,0.0144462,18.1083,Yes,N/A,2,3,N/A,2 3,N/A,N/A,8,N/A,10,3 8,2 10
1 2 3 8 10 11,0.00725404,24.9901,Yes,N/A,2,3,1 3,2 3,1 2 3,N/A,8,1 8,10,11,1 11
1 2 3 8 10 11 12,0.000898111,36.6219,Yes,N/A,2,3,1 3,2 3,1 2 3,N/A,8,1 8,10,11,12
2 3 8 11,0.00723022,19.7414,Yes,N/A,2,3,N/A,2 3,N/A,N/A,8,N/A,2 8,11,N/A
2 3 8 11 12,0.000811297,31.0612,Yes,N/A,2,3,N/A,2 3,N/A,N/A,8,N/A,2 8,11,12
1 2 3 8 9,0.0459557,13.3805,Yes,N/A,2,3,1 3,2 3,1 2 3,N/A,8,9,1 9,2 9,3 9
1 2 3 8 9 12,0.00480004,24.8217,Yes,N/A,2,3,1 3,2 3,1 2 3,N/A,8,9,1 9,2 9,12
2 3 8 9,0.025563,15.5833,Yes,N/A,2,3,N/A,2 3,N/A,N/A,8,9,2 8,2 9,3 9
1 2 3 8 9 11,0.0105916,23.2966,Yes,N/A,2,3,1 3,2 3,1 2 3,N/A,8,9,1 9,11,1 11
1 2 3 8 9 11 12,0.00131734,34.8319,Yes,N/A,2,3,1 3,2 3,1 2 3,N/A,8,9,1 9,11,12
2 3 8 9 12,0.00241325,27.2289,Yes,N/A,2,3,N/A,2 3,N/A,N/A,8,9,2 8,2 9,12
1 2 3 8 9 10,0.0169511,21.8065,Yes,N/A,2,3,1 3,2 3,1 2 3,N/A,8,9,10,1 10,2 10
1 2 3 8 9 10 12,0.00214422,33.2992,Yes,N/A,2,3,1 3,2 3,1 2 3,N/A,8,9,10,1 10,12
2 3 8 9 10,0.0081471,24.4692,Yes,N/A,2,3,N/A,2 3,N/A,N/A,8,9,10,2 9,2 10
1 2 3 8 9 10 11,0.00445016,31.884,Yes,N/A,2,3,1 3,2 3,1 2 3,N/A,8,9,10,11,1 11
1 2 3 8 9 10 11 12,0.000650207,43.4743,Yes,N/A,2,3,1 3,2 3,1 2 3,N/A,8,9,10,11,12
2 3 9 11,0.00511545,21.5504,Yes,N/A,2,3,N/A,2 3,N/A,N/A,N/A,9,N/A,11,3 9
2 3 9 11 12,0.000560446,33.33,Yes,N/A,2,3,N/A,2 3,N/A,N/A,N/A,9,N/A,11,12
2 3 9 10 12,0.00100142,31.1554,Yes,N/A,2,3,N/A,2 3,N/A,N/A,N/A,9,10,2 9,12
2 3 9 10 11,0.00205285,29.8632,Yes,N/A,2,3,N/A,2 3,N/A,N/A,N/A,9,10,11,2 10
2 3 9 10 11 12,0.000255812,41.6684,Yes,N/A,2,3,N/A,2 3,N/A,N/A,N/A,9,10,11,12
1 2 3 7,0.127058,4.49005,Yes,N/A,2,3,1 3,2 3,1 2 3,7,1 7,2 7,3 7,1 3 7,2 3 7
1 2 3 7 12,0.010481,15.8145,Yes,N/A,2,3,1 3,2 3,1 2 3,7,1 7,2 7,3 7,1 3 7,12
2 3 7,0.0833333,7.41667,Yes,N/A,2,3,N/A,2 3,N/A,7,N/A,2 7,3 7,N/A,2 3 7
1 2 3 7 11,0.0261488,13.895,Yes,N/A,2,3,1 3,2 3,1 2 3,7,1 7,2 7,3 7,11,1 11
1 2 3 7 11 12,0.00260298,25.4371,Yes,N/A,2,3,1 3,2 3,1 2 3,7,1 7,2 7,3 7,11,12
2 3 7 12,0.0054441,19.0621,Yes,N/A,2,3,N/A,2 3,N/A,7,N/A,2 7,3 7,N/A,12
1 2 3 7 10,0.0460927,11.9561,Yes,N/A,2,3,1 3,2 3,1 2 3,7,1 7,2 7,10,1 10,2 10
1 2 3 7 10 12,0.00469869,23.3778,Yes,N/A,2,3,1 3,2 3,1 2 3,7,1 7,2 7,10,1 10,12
2 3 7 10,0.0196116,16.4158,Yes,N/A,2,3,N/A,2 3,N/A,7,N/A,2 7,10,N/A,2 10
1 2 3 7 10 11,0.0101833,21.7377,Yes,N/A,2,3,1 3,2 3,1 2 3,7,1 7,2 7,10,11,1 11
1 2 3 7 10 11 12,0.0012531,33.2723,Yes,N/A,2,3,1 3,2 3,1 2 3,7,1 7,2 7,10,11,12
2 3 7 11,0.0124314,17.1151,Yes,N/A,2,3,N/A,2 3,N/A,7,N/A,2 7,3 7,11,2 3 7
2 3 7 11 12,0.00117646,28.6942,Yes,N/A,2,3,N/A,2 3,N/A,7,N/A,2 7,3 7,11,12
1 2 3 7 9,0.0674083,10.1147,Yes,N/A,2,3,1 3,2 3,1 2 3,7,1 7,9,1 9,2 9,3 9
1 2 3 7 9 12,0.00694206,21.4327,Yes,N/A,2,3,1 3,2 3,1 2 3,7,1 7,9,1 9,2 9,12
2 3 7 9,0.0359225,14.3401,Yes,N/A,2,3,N/A,2 3,N/A,7,N/A,9,3 7,2 9,3 9
1 2 3 7 9 11,0.0152321,19.7277,Yes,N/A,2,3,1 3,2 3,1 2 3,7,1 7,9,1 9,11,1 11
1 2 3 7 9 11 12,0.00187728,31.1429,Yes,N/A,2,3,1 3,2 3,1 2 3,7,1 7,9,1 9,11,12
2 3 7 9 12,0.0032817,25.9794,Yes,N/A,2,3,N/A,2 3,N/A,7,N/A,9,3 7,2 9,12
1 2 3 7 9 10,0.0249533,17.9375,Yes,N/A,2,3,1 3,2 3,1 2 3,7,1 7,9,10,1 10,2 10
1 2 3 7 9 10 12,0.00311897,29.3052,Yes,N/A,2,3,1 3,2 3,1 2 3,7,1 7,9,10,1 10,12
2 3 7 9 10,0.0103166,23.1973,Yes,N/A,2,3,N/A,2 3,N/A,7,N/A,9,10,2 9,2 10
1 2 3 7 9 10 11,0.00644856,27.7079,Yes,N/A,2,3,1 3,2 3,1 2 3,7,1 7,9,10,11,1 11
1 2 3 7 9 10 11 12,0.000945134,39.1254,Yes,N/A,2,3,1 3,2 3,1 2 3,7,1 7,9,10,11,12
2 3 7 10 12,0.00178612,28.1423,Yes,N/A,2,3,N/A,2 3,N/A,7,N/A,2 7,10,N/A,12
2 3 7 10 11,0.00412952,25.9202,Yes,N/A,2,3,N/A,2 3,N/A,7,N/A,2 7,10,11,2 10
2 3 7 10 11 12,0.000489398,37.5891,Yes,N/A,2,3,N/A,2 3,N/A,7,N/A,2 7,10,11,12
1 2 3 7 8,0.0880773,8.57135,Yes,N/A,2,3,1 3,2 3,1 2 3,7,8,1 8,2 8,3 8,1 3 8
1 2 3 7 8 12,0.00905366,19.7032,Yes,N/A,2,3,1 3,2 3,1 2 3,7,8,1 8,2 8,3 8,12
2 3 7 8,0.0558985,11.6306,Yes,N/A,2,3,N/A,2 3,N/A,7,8,2 7,2 8,3 8,2 3 7
1 2 3 7 8 11,0.0210794,17.7398,Yes,N/A,2,3,1 3,2 3,1 2 3,7,8,1 8,2 8,11,1 11
1 2 3 7 8 11 12,0.00254132,29.1263,Yes,N/A,2,3,1 3,2 3,1 2 3,7,8,1 8,2 8,11,12
2 3 7 8 12,0.00516308,23.0325,Yes,N/A,2,3,N/A,2 3,N/A,7,8,2 7,2 8,3 8,12
1 2 3 7 8 10,0.0340108,16.0296,Yes,N/A,2,3,1 3,2 3,1 2 3,7,8,1 8,10,1 10,2 10
1 2 3 7 8 10 12,0.00422152,27.295,Yes,N/A,2,3,1 3,2 3,1 2 3,7,8,1 8,10,1 10,12
2 3 7 8 10,0.0167645,20.216,Yes,N/A,2,3,N/A,2 3,N/A,7,8,2 7,10,3 8,2 10
1 2 3 7 8 10 11,0.00894973,25.4639,Yes,N/A,2,3,1 3,2 3,1 2 3,7,8,1 8,10,11,1 11
1 2 3 7 8 10 11 12,0.00129679,36.8322,Yes,N/A,2,3,1 3,2 3,1 2 3,7,8,1 8,10,11,12
2 3 7 8 11,0.0097689,21.701,Yes,N/A,2,3,N/A,2 3,N/A,7,8,2 7,2 8,11,2 3 7
2 3 7 8 11 12,0.00119551,33.0516,Yes,N/A,2,3,N/A,2 3,N/A,7,8,2 7,2 8,11,12
1 2 3 7 8 9,0.0475001,14.3979,Yes,N/A,2,3,1 3,2 3,1 2 3,7,8,9,1 9,2 9,3 9
1 2 3 7 8 9 12,0.00597562,25.494,Yes,N/A,2,3,1 3,2 3,1 2 3,7,8,9,1 9,2 9,12
2 3 7 8 9,0.0263965,18.3953,Yes,N/A,2,3,N/A,2 3,N/A,7,8,9,2 8,2 9,3 9
1 2 3 7 8 9 11,0.0127914,23.6605,Yes,N/A,2,3,1 3,2 3,1 2 3,7,8,9,1 9,11,1 11
1 2 3 7 8 9 11 12,0.00186022,34.8922,Yes,N/A,2,3,1 3,2 3,1 2 3,7,8,9,1 9,11,12
2 3 7 8 9 12,0.00302569,29.8753,Yes,N/A,2,3,N/A,2 3,N/A,7,8,9,2 8,2 9,12
1 2 3 7 8 9 10,0.020015,22.0241,Yes,N/A,2,3,1 3,2 3,1 2 3,7,8,9,10,1 10,2 10
1 2 3 7 8 9 10 12,0.00296634,33.1557,Yes,N/A,2,3,1 3,2 3,1 2 3,7,8,9,10,1 10,12
2 3 7 8 9 10,0.00920091,26.9457,Yes,N/A,2,3,N/A,2 3,N/A,7,8,9,10,2 9,2 10
1 2 3 7 8 9 10 11,0.00605555,31.4336,Yes,N/A,2,3,1 3,2 3,1 2 3,7,8,9,10,11,1 11
1 2 3 7 8 9 10 11 12,0.00102229,42.6801,Yes,N/A,2,3,1 3,2 3,1 2 3,7,8,9,10,11,12
2 3 8 10 12,0.00133126,29.8745,Yes,N/A,2,3,N/A,2 3,N/A,N/A,8,N/A,10,3 8,12
2 3 8 10 11,0.00271967,28.5609,Yes,N/A,2,3,N/A,2 3,N/A,N/A,8,N/A,10,11,2 10
2 3 8 10 11 12,0.00033976,40.2928,Yes,N/A,2,3,N/A,2 3,N/A,N/A,8,N/A,10,11,12
2 3 8 9 11,0.00459788,25.9985,Yes,N/A,2,3,N/A,2 3,N/A,N/A,8,9,2 8,11,3 9
2 3 8 9 11 12,0.000564018,37.6435,Yes,N/A,2,3,N/A,2 3,N/A,N/A,8,9,2 8,11,12
2 3 8 9 10 12,0.000948133,36.1673,Yes,N/A,2,3,N/A,2 3,N/A,N/A,8,9,10,2 9,12
2 3 8 9 10 11,0.00184169,34.8795,Yes,N/A,2,3,N/A,2 3,N/A,N/A,8,9,10,11,2 10
2 3 8 9 10 11 12,0.000266617,46.5765,Yes,N/A,2,3,N/A,2 3,N/A,N/A,8,9,10,11,12
1 2 3 6,0.147205,3.70958,Yes,N/A,2,3,1 3,2 3,6,1 6,2 6,3 6,1 3 6,2 3 6,1 2 3 6
1 2 3 6 12,0.0106048,15.0567,Yes,N/A,2,3,1 3,2 3,6,1 6,2 6,3 6,1 3 6,2 3 6,12
2 3 6,0.109311,6.26535,Yes,N/A,2,3,N/A,2 3,6,N/A,2 6,3 6,N/A,2 3 6,N/A
1 2 3 6 11,0.0267537,13.1236,Yes,N/A,2,3,1 3,2 3,6,1 6,2 6,3 6,1 3 6,11,1 11
1 2 3 6 11 12,0.00252584,24.6952,Yes,N/A,2,3,1 3,2 3,6,1 6,2 6,3 6,1 3 6,11,12
2 3 6 12,0.00760174,17.5496,Yes,N/A,2,3,N/A,2 3,6,N/A,2 6,3 6,N/A,2 3 6,12
1 2 3 6 10,0.0496113,11.0329,Yes,N/A,2,3,1 3,2 3,6,1 6,2 6,3 6,10,1 10,2 10
1 2 3 6 10 12,0.00486143,22.4783,Yes,N/A,2,3,1 3,2 3,6,1 6,2 6,3 6,10,1 10,12
2 3 6 10,0.0302641,13.9048,Yes,N/A,2,3,N/A,2 3,6,N/A,2 6,3 6,10,2 3 6,2 10
1 2 3 6 10 11,0.0106858,20.8446,Yes,N/A,2,3,1 3,2 3,6,1 6,2 6,3 6,10,11,1 11
1 2 3 6 10 11 12,0.0012558,32.4865,Yes,N/A,2,3,1 3,2 3,6,1 6,2 6,3 6,10,11,12
2 3 6 11,0.0121171,16.5744,Yes,N/A,2,3,N/A,2 3,6,N/A,2 6,3 6,N/A,11,N/A
2 3 6 11 12,0.00126854,27.7905,Yes,N/A,2,3,N/A,2 3,6,N/A,2 6,3 6,N/A,11,12
1 2 3 6 9,0.0753625,9.08209,Yes,N/A,2,3,1 3,2 3,6,1 6,2 6,9,1 9,2 9,3 9
1 2 3 6 9 12,0.00749431,20.4106,Yes,N/A,2,3,1 3,2 3,6,1 6,2 6,9,1 9,2 9,12
2 3 6 9,0.0403092,13.4406,Yes,N/A,2,3,N/A,2 3,6,N/A,2 6,9,N/A,2 9,3 9
1 2 3 6 9 11,0.0161778,18.7036,Yes,N/A,2,3,1 3,2 3,6,1 6,2 6,9,1 9,11,1 11
1 2 3 6 9 11 12,0.00195457,30.1388,Yes,N/A,2,3,1 3,2 3,6,1 6,2 6,9,1 9,11,12
2 3 6 9 12,0.00358018,25.0664,Yes,N/A,2,3,N/A,2 3,6,N/A,2 6,9,N/A,2 9,12
1 2 3 6 9 10,0.0269855,16.8882,Yes,N/A,2,3,1 3,2 3,6,1 6,2 6,9,10,1 10,2 10
1 2 3 6 9 10 12,0.00330256,28.2722,Yes,N/A,2,3,1 3,2 3,6,1 6,2 6,9,10,1 10,12
2 3 6 9 10,0.0130196,21.0222,Yes,N/A,2,3,N/A,2 3,6,N/A,2 6,9,10,2 9,2 10
1 2 3 6 9 10 11,0.00689761,26.664,Yes,N/A,2,3,1 3,2 3,6,1 6,2 6,9,10,11,1 11
1 2 3 6 9 10 11 12,0.000985028,38.1918,Yes,N/A,2,3,1 3,2 3,6,1 6,2 6,9,10,11,12
2 3 6 10 12,0.00261726,25.5178,Yes,N/A,2,3,N/A,2 3,6,N/A,2 6,3 6,10,2 3 6,12
2 3 6 10 11,0.00512022,23.9574,Yes,N/A,2,3,N/A,2 3,6,N/A,2 6,3 6,10,11,2 10
2 3 6 10 11 12,0.000587436,35.5405,Yes,N/A,2,3,N/A,2 3,6,N/A,2 6,3 6,10,11,12
1 2 3 6 8,0.0994203,7.47803,Yes,N/A,2,3,1 3,2 3,6,1 6,8,1 8,2 8,3 8,1 3 8
1 2 3 6 8 12,0.00991761,18.5387,Yes,N/A,2,3,1 3,2 3,6,1 6,8,1 8,2 8,3 8,12
2 3 6 8,0.0584562,11.5737,Yes,N/A,2,3,N/A,2 3,6,N/A,8,3 6,2 8,3 8,N/A
1 2 3 6 8 11,0.0223588,16.7521,Yes,N/A,2,3,1 3,2 3,6,1 6,8,1 8,2 8,11,1 11
1 2 3 6 8 11 12,0.00267312,28.0323,Yes,N/A,2,3,1 3,2 3,6,1 6,8,1 8,2 8,11,12
2 3 6 8 12,0.00557191,22.6152,Yes,N/A,2,3,N/A,2 3,6,N/A,8,3 6,2 8,3 8,12
1 2 3 6 8 10,0.0377066,14.8095,Yes,N/A,2,3,1 3,2 3,6,1 6,8,1 8,10,1 10,2 10
1 2 3 6 8 10 12,0.00454085,26.1137,Yes,N/A,2,3,1 3,2 3,6,1 6,8,1 8,10,1 10,12
2 3 6 8 10,0.0183304,19.7568,Yes,N/A,2,3,N/A,2 3,6,N/A,8,3 6,10,3 8,2 10
1 2 3 6 8 10 11,0.0094851,24.3734,Yes,N/A,2,3,1 3,2 3,6,1 6,8,1 8,10,11,1 11
1 2 3 6 8 10 11 12,0.00135052,35.7719,Yes,N/A,2,3,1 3,2 3,6,1 6,8,1 8,10,11,12
2 3 6 8 11,0.00971492,21.7497,Yes,N/A,2,3,N/A,2 3,6,N/A,8,3 6,2 8,11,N/A
2 3 6 8 11 12,0.00123335,32.7,Yes,N/A,2,3,N/A,2 3,6,N/A,8,3 6,2 8,11,12
1 2 3 6 8 9,0.0536562,12.9774,Yes,N/A,2,3,1 3,2 3,6,1 6,8,9,1 9,2 9,3 9
1 2 3 6 8 9 12,0.00660262,24.0773,Yes,N/A,2,3,1 3,2 3,6,1 6,8,9,1 9,2 9,12
2 3 6 8 9,0.0250478,18.3329,Yes,N/A,2,3,N/A,2 3,6,N/A,8,9,2 8,2 9,3 9
1 2 3 6 8 9 11,0.0135756,22.4236,Yes,N/A,2,3,1 3,2 3,6,1 6,8,9,1 9,11,1 11
1 2 3 6 8 9 11 12,0.00196914,33.6123,Yes,N/A,2,3,1 3,2 3,6,1 6,8,9,1 9,11,12
2 3 6 8 9 12,0.00290602,29.7778,Yes,N/A,2,3,N/A,2 3,6,N/A,8,9,2 8,2 9,12
1 2 3 6 8 9 10,0.0218787,20.6059,Yes,N/A,2,3,1 3,2 3,6,1 6,8,9,10,1 10,2 10
1 2 3 6 8 9 10 12,0.00317618,31.8222,Yes,N/A,2,3,1 3,2 3,6,1 6,8,9,10,1 10,12
2 3 6 8 9 10,0.00933686,26.5864,Yes,N/A,2,3,N/A,2 3,6,N/A,8,9,10,2 9,2 10
1 2 3 6 8 9 10 11,0.00643638,30.114,Yes,N/A,2,3,1 3,2 3,6,1 6,8,9,10,11,1 11
1 2 3 6 8 9 10 11 12,0.00107639,41.4103,Yes,N/A,2,3,1 3,2 3,6,1 6,8,9,10,11,12
2 3 6 9 11,0.00656023,23.7655,Yes,N/A,2,3,N/A,2 3,6,N/A,2 6,9,N/A,11,3 9
2 3 6 9 11 12,0.000769885,35.3845,Yes,N/A,2,3,N/A,2 3,6,N/A,2 6,9,N/A,11,12
2 3 6 9 10 12,0.00147425,32.6109,Yes,N/A,2,3,N/A,2 3,6,N/A,2 6,9,10,2 9,12
2 3 6 9 10 11,0.00284986,31.1203,Yes,N/A,2,3,N/A,2 3,6,N/A,2 6,9,10,11,2 10
2 3 6 9 10 11 12,0.000398294,42.7075,Yes,N/A,2,3,N/A,2 3,6,N/A,2 6,9,10,11,12
1 2 3 6 7,0.124035,6.21187,Yes,N/A,2,3,1 3,2 3,6,7,1 7,2 7,3 7,1 3 7,2 3 7
1 2 3 6 7 12,0.0120504,17.2379,Yes,N/A,2,3,1 3,2 3,6,7,1 7,2 7,3 7,1 3 7,12
2 3 6 7,0.0948645,8.42713,Yes,N/A,2,3,N/A,2 3,6,7,2 6,2 7,3 7,2 3 6,2 3 7
1 2 3 6 7 11,0.0294139,14.9797,Yes,N/A,2,3,1 3,2 3,6,7,1 7,2 7,3 7,11,1 11
1 2 3 6 7 11 12,0.00335679,26.3337,Yes,N/A,2,3,1 3,2 3,6,7,1 7,2 7,3 7,11,12
2 3 6 7 12,0.00852814,19.7053,Yes,N/A,2,3,N/A,2 3,6,7,2 6,2 7,3 7,2 3 6,12
1 2 3 6 7 10,0.0496352,12.852,Yes,N/A,2,3,1 3,2 3,6,7,1 7,2 7,10,1 10,2 10
1 2 3 6 7 10 12,0.0059465,24.0042,Yes,N/A,2,3,1 3,2 3,6,7,1 7,2 7,10,1 10,12
2 3 6 7 10,0.0262489,16.5851,Yes,N/A,2,3,N/A,2 3,6,7,2 6,2 7,10,2 3 6,2 10
1 2 3 6 7 10 11,0.0125893,22.1922,Yes,N/A,2,3,1 3,2 3,6,7,1 7,2 7,10,11,1 11
1 2 3 6 7 10 11 12,0.00175586,33.5794,Yes,N/A,2,3,1 3,2 3,6,7,1 7,2 7,10,11,12
2 3 6 7 11,0.0161561,18.1101,Yes,N/A,2,3,N/A,2 3,6,7,2 6,2 7,3 7,11,2 3 7
2 3 6 7 11 12,0.00193616,29.2957,Yes,N/A,2,3,N/A,2 3,6,7,2 6,2 7,3 7,11,12
1 2 3 6 7 9,0.0687824,11.2202,Yes,N/A,2,3,1 3,2 3,6,7,1 7,9,1 9,2 9,3 9
1 2 3 6 7 9 12,0.0084041,22.2335,Yes,N/A,2,3,1 3,2 3,6,7,1 7,9,1 9,2 9,12
2 3 6 7 9,0.0410284,14.867,Yes,N/A,2,3,N/A,2 3,6,7,2 6,9,3 7,2 9,3 9
1 2 3 6 7 9 11,0.0179091,20.3088,Yes,N/A,2,3,1 3,2 3,6,7,1 7,9,1 9,11,1 11
1 2 3 6 7 9 11 12,0.00253237,31.5219,Yes,N/A,2,3,1 3,2 3,6,7,1 7,9,1 9,11,12
2 3 6 7 9 12,0.00461494,26.2199,Yes,N/A,2,3,N/A,2 3,6,7,2 6,9,3 7,2 9,12
1 2 3 6 7 9 10,0.0286427,18.2631,Yes,N/A,2,3,1 3,2 3,6,7,1 7,9,10,1 10,2 10
1 2 3 6 7 9 10 12,0.00415625,29.3467,Yes,N/A,2,3,1 3,2 3,6,7,1 7,9,10,1 10,12
2 3 6 7 9 10,0.0136722,22.8962,Yes,N/A,2,3,N/A,2 3,6,7,2 6,9,10,2 9,2 10
1 2 3 6 7 9 10 11,0.0084469,27.5506,Yes,N/A,2,3,1 3,2 3,6,7,1 7,9,10,11,1 11
1 2 3 6 7 9 10 11 12,0.00139613,38.8073,Yes,N/A,2,3,1 3,2 3,6,7,1 7,9,10,11,12
2 3 6 7 10 12,0.00295484,27.9597,Yes,N/A,2,3,N/A,2 3,6,7,2 6,2 7,10,2 3 6,12
2 3 6 7 10 11,0.00598589,26.0258,Yes,N/A,2,3,N/A,2 3,6,7,2 6,2 7,10,11,2 10
2 3 6 7 10 11 12,0.000839808,37.3286,Yes,N/A,2,3,N/A,2 3,6,7,2 6,2 7,10,11,12
1 2 3 6 7 8,0.0858942,9.82484,Yes,N/A,2,3,1 3,2 3,6,7,8,1 8,2 8,3 8,1 3 8
1 2 3 6 7 8 12,0.0106182,20.5875,Yes,N/A,2,3,1 3,2 3,6,7,8,1 8,2 8,3 8,12
2 3 6 7 8,0.0529573,13.2084,Yes,N/A,2,3,N/A,2 3,6,7,8,2 7,2 8,3 8,2 3 7
1 2 3 6 7 8 11,0.0240031,18.3248,Yes,N/A,2,3,1 3,2 3,6,7,8,1 8,2 8,11,1 11
1 2 3 6 7 8 11 12,0.00336384,29.4573,Yes,N/A,2,3,1 3,2 3,6,7,8,1 8,2 8,11,12
2 3 6 7 8 12,0.00626254,24.2331,Yes,N/A,2,3,N/A,2 3,6,7,8,2 7,2 8,3 8,12
1 2 3 6 7 8 10,0.0377038,16.3851,Yes,N/A,2,3,1 3,2 3,6,7,8,1 8,10,1 10,2 10
1 2 3 6 7 8 10 12,0.00545672,27.3508,Yes,N/A,2,3,1 3,2 3,6,7,8,1 8,10,1 10,12
2 3 6 7 8 10,0.0190695,20.9514,Yes,N/A,2,3,N/A,2 3,6,7,8,2 7,10,3 8,2 10
1 2 3 6 7 8 10 11,0.0113047,25.3087,Yes,N/A,2,3,1 3,2 3,6,7,8,1 8,10,11,1 11
1 2 3 6 7 8 10 11 12,0.00186013,36.4676,Yes,N/A,2,3,1 3,2 3,6,7,8,1 8,10,11,12
2 3 6 7 8 11,0.0113343,22.8675,Yes,N/A,2,3,N/A,2 3,6,7,8,2 7,2 8,11,2 3 7
2 3 6 7 8 11 12,0.00167785,33.7942,Yes,N/A,2,3,N/A,2 3,6,7,8,2 7,2 8,11,12
1 2 3 6 7 8 9,0.0507009,14.8697,Yes,N/A,2,3,1 3,2 3,6,7,8,9,1 9,2 9,3 9
1 2 3 6 7 8 9 12,0.0075077,25.5921,Yes,N/A,2,3,1 3,2 3,6,7,8,9,1 9,2 9,12
2 3 6 7 8 9,0.0266291,19.3365,Yes,N/A,2,3,N/A,2 3,6,7,8,9,2 8,2 9,3 9
1 2 3 6 7 8 9 11,0.0156161,23.5133,Yes,N/A,2,3,1 3,2 3,6,7,8,9,1 9,11,1 11
1 2 3 6 7 8 9 11 12,0.00260277,34.4636,Yes,N/A,2,3,1 3,2 3,6,7,8,9,1 9,11,12
2 3 6 7 8 9 12,0.00373211,30.4801,Yes,N/A,2,3,N/A,2 3,6,7,8,9,2 8,2 9,12
1 2 3 6 7 8 9 10,0.0240912,21.6685,Yes,N/A,2,3,1 3,2 3,6,7,8,9,10,1 10,2 10
1 2 3 6 7 8 9 10 12,0.0040931,32.4897,Yes,N/A,2,3,1 3,2 3,6,7,8,9,10,1 10,12
2 3 6 7 8 9 10,0.0111057,26.9484,Yes,N/A,2,3,N/A,2 3,6,7,8,9,10,2 9,2 10
1 2 3 6 7 8 9 10 11,0.00824272,30.5356,Yes,N/A,2,3,1 3,2 3,6,7,8,9,10,11,1 11
1 2 3 6 7 8 9 10 11 12,0.00156364,41.5785,Yes,N/A,2,3,1 3,2 3,6,7,8,9,10,11,12
2 3 7 9 11,0.006049,24.6899,Yes,N/A,2,3,N/A,2 3,N/A,7,N/A,9,3 7,11,3 9
2 3 7 9 11 12,0.000726357,36.3261,Yes,N/A,2,3,N/A,2 3,N/A,7,N/A,9,3 7,11,12
2 3 7 9 10 12,0.0011842,34.8873,Yes,N/A,2,3,N/A,2 3,N/A,7,N/A,9,10,2 9,12
2 3 7 9 10 11,0.00243865,33.3842,Yes,N/A,2,3,N/A,2 3,N/A,7,N/A,9,10,11,2 10
2 3 7 9 10 11 12,0.000343002,45.0844,Yes,N/A,2,3,N/A,2 3,N/A,7,N/A,9,10,11,12
2 3 7 8 10 12,0.00188763,31.7702,Yes,N/A,2,3,N/A,2 3,N/A,7,8,2 7,10,3 8,12
2 3 7 8 10 11,0.0036943,30.2362,Yes,N/A,2,3,N/A,2 3,N/A,7,8,2 7,10,11,2 10
2 3 7 8 10 11 12,0.000527733,41.726,Yes,N/A,2,3,N/A,2 3,N/A,7,8,2 7,10,11,12
2 3 7 8 9 11,0.00570368,28.4505,Yes,N/A,2,3,N/A,2 3,N/A,7,8,9,2 8,11,3 9
2 3 7 8 9 11 12,0.000809819,39.927,Yes,N/A,2,3,N/A,2 3,N/A,7,8,9,2 8,11,12
2 3 7 8 9 10 12,0.00126583,38.473,Yes,N/A,2,3,N/A,2 3,N/A,7,8,9,10,2 9,12
2 3 7 8 9 10 11,0.00246915,36.9346,Yes,N/A,2,3,N/A,2 3,N/A,7,8,9,10,11,2 10
2 3 7 8 9 10 11 12,0.000406411,48.4521,Yes,N/A,2,3,N/A,2 3,N/A,7,8,9,10,11,12
1 2 3 5,0.160151,3.37551,Yes,N/A,2,3,1 3,5,1 5,2 5,3 5,1 3 5,2 3 5,1 2 3 5,N/A
1 2 3 5 12,0.0115288,14.4346,Yes,N/A,2,3,1 3,5,1 5,2 5,3 5,1 3 5,2 3 5,1 2 3 5,12
2 3 5,0.122942,5.83608,Yes,N/A,2,3,N/A,5,N/A,2 5,3 5,N/A,2 3 5,N/A,N/A
1 2 3 5 11,0.0279302,12.5671,Yes,N/A,2,3,1 3,5,1 5,2 5,3 5,1 3 5,2 3 5,11,1 11
1 2 3 5 11 12,0.00249475,24.1392,Yes,N/A,2,3,1 3,5,1 5,2 5,3 5,1 3 5,2 3 5,11,12
2 3 5 12,0.00795896,17.1645,Yes,N/A,2,3,N/A,5,N/A,2 5,3 5,N/A,2 3 5,N/A,12
1 2 3 5 10,0.0505473,10.548,Yes,N/A,2,3,1 3,5,1 5,2 5,3 5,1 3 5,10,1 10,2 10
1 2 3 5 10 12,0.00468599,22.0289,Yes,N/A,2,3,1 3,5,1 5,2 5,3 5,1 3 5,10,1 10,12
2 3 5 10,0.0256773,14.5052,Yes,N/A,2,3,N/A,5,N/A,2 5,3 5,N/A,10,N/A,2 10
1 2 3 5 10 11,0.0102071,20.3993,Yes,N/A,2,3,1 3,5,1 5,2 5,3 5,1 3 5,10,11,1 11
1 2 3 5 10 11 12,0.00116149,32.031,Yes,N/A,2,3,1 3,5,1 5,2 5,3 5,1 3 5,10,11,12
2 3 5 11,0.0159179,15.5843,Yes,N/A,2,3,N/A,5,N/A,2 5,3 5,N/A,2 3 5,11,N/A
2 3 5 11 12,0.00151781,26.8147,Yes,N/A,2,3,N/A,5,N/A,2 5,3 5,N/A,2 3 5,11,12
1 2 3 5 9,0.0800659,8.45849,Yes,N/A,2,3,1 3,5,1 5,2 5,3 5,9,1 9,2 9,3 9
1 2 3 5 9 12,0.00756469,19.8115,Yes,N/A,2,3,1 3,5,1 5,2 5,3 5,9,1 9,2 9,12
2 3 5 9,0.0590992,11.2974,Yes,N/A,2,3,N/A,5,N/A,2 5,3 5,9,2 3 5,2 9,3 9
1 2 3 5 9 11,0.0169361,18.0833,Yes,N/A,2,3,1 3,5,1 5,2 5,3 5,9,1 9,11,1 11
1 2 3 5 9 11 12,0.00192052,29.5856,Yes,N/A,2,3,1 3,5,1 5,2 5,3 5,9,1 9,11,12
2 3 5 9 12,0.00496463,22.8509,Yes,N/A,2,3,N/A,5,N/A,2 5,3 5,9,2 3 5,2 9,12
1 2 3 5 9 10,0.0287224,16.232,Yes,N/A,2,3,1 3,5,1 5,2 5,3 5,9,10,1 10,2 10
1 2 3 5 9 10 12,0.0033244,27.7086,Yes,N/A,2,3,1 3,5,1 5,2 5,3 5,9,10,1 10,12
2 3 5 9 10,0.0162799,19.7205,Yes,N/A,2,3,N/A,5,N/A,2 5,3 5,9,10,2 9,2 10
1 2 3 5 9 10 11,0.0069332,26.1898,Yes,N/A,2,3,1 3,5,1 5,2 5,3 5,9,10,11,1 11
1 2 3 5 9 10 11 12,0.000942815,37.7734,Yes,N/A,2,3,1 3,5,1 5,2 5,3 5,9,10,11,12
2 3 5 10 12,0.00207667,26.2253,Yes,N/A,2,3,N/A,5,N/A,2 5,3 5,N/A,10,N/A,12
2 3 5 10 11,0.00491065,24.0257,Yes,N/A,2,3,N/A,5,N/A,2 5,3 5,N/A,10,11,2 10
2 3 5 10 11 12,0.000529486,35.6886,Yes,N/A,2,3,N/A,5,N/A,2 5,3 5,N/A,10,11,12
1 2 3 5 8,0.108802,6.85397,Yes,N/A,2,3,1 3,5,1 5,2 5,8,1 8,2 8,3 8,1 3 8
1 2 3 5 8 12,0.0103565,17.9473,Yes,N/A,2,3,1 3,5,1 5,2 5,8,1 8,2 8,3 8,12
2 3 5 8,0.060821,11.5851,Yes,N/A,2,3,N/A,5,N/A,2 5,8,N/A,2 8,3 8,N/A
1 2 3 5 8 11,0.0235668,16.1873,Yes,N/A,2,3,1 3,5,1 5,2 5,8,1 8,2 8,11,1 11
1 2 3 5 8 11 12,0.00271035,27.4869,Yes,N/A,2,3,1 3,5,1 5,2 5,8,1 8,2 8,11,12
2 3 5 8 12,0.00561636,22.7074,Yes,N/A,2,3,N/A,5,N/A,2 5,8,N/A,2 8,3 8,12
1 2 3 5 8 10,0.0378249,14.3878,Yes,N/A,2,3,1 3,5,1 5,2 5,8,1 8,10,1 10,2 10
1 2 3 5 8 10 12,0.004441,25.7242,Yes,N/A,2,3,1 3,5,1 5,2 5,8,1 8,10,1 10,12
2 3 5 8 10,0.016649,20.072,Yes,N/A,2,3,N/A,5,N/A,2 5,8,N/A,10,3 8,2 10
1 2 3 5 8 10 11,0.00931403,23.9315,Yes,N/A,2,3,1 3,5,1 5,2 5,8,1 8,10,11,1 11
1 2 3 5 8 10 11 12,0.00129815,35.3321,Yes,N/A,2,3,1 3,5,1 5,2 5,8,1 8,10,11,12
2 3 5 8 11,0.0095752,21.9005,Yes,N/A,2,3,N/A,5,N/A,2 5,8,N/A,2 8,11,N/A
2 3 5 8 11 12,0.00118427,32.947,Yes,N/A,2,3,N/A,5,N/A,2 5,8,N/A,2 8,11,12
1 2 3 5 8 9,0.0561912,12.3852,Yes,N/A,2,3,1 3,5,1 5,2 5,8,9,1 9,2 9,3 9
1 2 3 5 8 9 12,0.00664722,23.5939,Yes,N/A,2,3,1 3,5,1 5,2 5,8,9,1 9,2 9,12
2 3 5 8 9,0.0313294,16.8407,Yes,N/A,2,3,N/A,5,N/A,2 5,8,9,2 8,2 9,3 9
1 2 3 5 8 9 11,0.0140504,21.9208,Yes,N/A,2,3,1 3,5,1 5,2 5,8,9,1 9,11,1 11
1 2 3 5 8 9 11 12,0.00195244,33.1862,Yes,N/A,2,3,1 3,5,1 5,2 5,8,9,1 9,11,12
2 3 5 8 9 12,0.00344364,28.3387,Yes,N/A,2,3,N/A,5,N/A,2 5,8,9,2 8,2 9,12
1 2 3 5 8 9 10,0.0226561,19.9946,Yes,N/A,2,3,1 3,5,1 5,2 5,8,9,10,1 10,2 10
1 2 3 5 8 9 10 12,0.00319477,31.2893,Yes,N/A,2,3,1 3,5,1 5,2 5,8,9,10,1 10,12
2 3 5 8 9 10,0.0103873,25.2648,Yes,N/A,2,3,N/A,5,N/A,2 5,8,9,10,2 9,2 10
1 2 3 5 8 9 10 11,0.00647552,29.6274,Yes,N/A,2,3,1 3,5,1 5,2 5,8,9,10,11,1 11
1 2 3 5 8 9 10 11 12,0.00105014,40.986,Yes,N/A,2,3,1 3,5,1 5,2 5,8,9,10,11,12
2 3 5 9 11,0.00924338,21.4841,Yes,N/A,2,3,N/A,5,N/A,2 5,3 5,9,2 3 5,11,3 9
2 3 5 9 11 12,0.00102934,33.0188,Yes,N/A,2,3,N/A,5,N/A,2 5,3 5,9,2 3 5,11,12
2 3 5 9 10 12,0.00170952,31.3756,Yes,N/A,2,3,N/A,5,N/A,2 5,3 5,9,10,2 9,12
2 3 5 9 10 11,0.003423,29.7802,Yes,N/A,2,3,N/A,5,N/A,2 5,3 5,9,10,11,2 10
2 3 5 9 10 11 12,0.000443664,41.4456,Yes,N/A,2,3,N/A,5,N/A,2 5,3 5,9,10,11,12
1 2 3 5 7,0.13323,5.57089,Yes,N/A,2,3,1 3,5,1 5,7,1 7,2 7,3 7,1 3 7,5 7
1 2 3 5 7 12,0.0125481,16.6733,Yes,N/A,2,3,1 3,5,1 5,7,1 7,2 7,3 7,1 3 7,12
2 3 5 7,0.0860768,9.52778,Yes,N/A,2,3,N/A,5,N/A,7,3 5,2 7,3 7,N/A,5 7
1 2 3 5 7 11,0.0301831,14.3915,Yes,N/A,2,3,1 3,5,1 5,7,1 7,2 7,3 7,11,1 11
1 2 3 5 7 11 12,0.00337697,25.7248,Yes,N/A,2,3,1 3,5,1 5,7,1 7,2 7,3 7,11,12
2 3 5 7 12,0.00751124,20.9991,Yes,N/A,2,3,N/A,5,N/A,7,3 5,2 7,3 7,N/A,12
1 2 3 5 7 10,0.0497638,12.5872,Yes,N/A,2,3,1 3,5,1 5,7,1 7,2 7,10,1 10,2 10
1 2 3 5 7 10 12,0.00570653,23.9211,Yes,N/A,2,3,1 3,5,1 5,7,1 7,2 7,10,1 10,12
2 3 5 7 10,0.0242627,18.1004,Yes,N/A,2,3,N/A,5,N/A,7,3 5,2 7,10,N/A,2 10
1 2 3 5 7 10 11,0.0122708,21.8573,Yes,N/A,2,3,1 3,5,1 5,7,1 7,2 7,10,11,1 11
1 2 3 5 7 10 11 12,0.00167271,33.2182,Yes,N/A,2,3,1 3,5,1 5,7,1 7,2 7,10,11,12
2 3 5 7 11,0.0155655,18.7156,Yes,N/A,2,3,N/A,5,N/A,7,3 5,2 7,3 7,11,5 7
2 3 5 7 11 12,0.00180597,30.0783,Yes,N/A,2,3,N/A,5,N/A,7,3 5,2 7,3 7,11,12
1 2 3 5 7 9,0.0734219,10.5316,Yes,N/A,2,3,1 3,5,1 5,7,1 7,9,1 9,2 9,3 9
1 2 3 5 7 9 12,0.00860053,21.7399,Yes,N/A,2,3,1 3,5,1 5,7,1 7,9,1 9,2 9,12
2 3 5 7 9,0.0402735,15.5882,Yes,N/A,2,3,N/A,5,N/A,7,3 5,9,3 7,2 9,3 9
1 2 3 5 7 9 11,0.0180309,19.9352,Yes,N/A,2,3,1 3,5,1 5,7,1 7,9,1 9,11,1 11
1 2 3 5 7 9 11 12,0.00247831,31.2054,Yes,N/A,2,3,1 3,5,1 5,7,1 7,9,1 9,11,12
2 3 5 7 9 12,0.00448145,27.0441,Yes,N/A,2,3,N/A,5,N/A,7,3 5,9,3 7,2 9,12
1 2 3 5 7 9 10,0.0293515,17.8981,Yes,N/A,2,3,1 3,5,1 5,7,1 7,9,10,1 10,2 10
1 2 3 5 7 9 10 12,0.00406205,29.228,Yes,N/A,2,3,1 3,5,1 5,7,1 7,9,10,1 10,12
2 3 5 7 9 10,0.0140488,23.9049,Yes,N/A,2,3,N/A,5,N/A,7,3 5,9,10,2 9,2 10
1 2 3 5 7 9 10 11,0.00827594,27.3789,Yes,N/A,2,3,1 3,5,1 5,7,1 7,9,10,11,1 11
1 2 3 5 7 9 10 11 12,0.00132503,38.681,Yes,N/A,2,3,1 3,5,1 5,7,1 7,9,10,11,12
2 3 5 7 10 12,0.00255316,29.7576,Yes,N/A,2,3,N/A,5,N/A,7,3 5,2 7,10,N/A,12
2 3 5 7 10 11,0.00582673,26.9834,Yes,N/A,2,3,N/A,5,N/A,7,3 5,2 7,10,11,2 10
2 3 5 7 10 11 12,0.000767702,38.5571,Yes,N/A,2,3,N/A,5,N/A,7,3 5,2 7,10,11,12
1 2 3 5 7 8,0.0919504,8.86145,Yes,N/A,2,3,1 3,5,1 5,7,8,1 8,2 8,3 8,1 3 8
1 2 3 5 7 8 12,0.0110724,19.7772,Yes,N/A,2,3,1 3,5,1 5,7,8,1 8,2 8,3 8,12
2 3 5 7 8,0.0459581,14.4407,Yes,N/A,2,3,N/A,5,N/A,7,8,2 7,2 8,3 8,5 7
1 2 3 5 7 8 11,0.0243395,17.6206,Yes,N/A,2,3,1 3,5,1 5,7,8,1 8,2 8,11,1 11
1 2 3 5 7 8 11 12,0.00337772,28.7317,Yes,N/A,2,3,1 3,5,1 5,7,8,1 8,2 8,11,12
2 3 5 7 8 12,0.00527898,25.815,Yes,N/A,2,3,N/A,5,N/A,7,8,2 7,2 8,3 8,12
1 2 3 5 7 8 10,0.0375963,16.0578,Yes,N/A,2,3,1 3,5,1 5,7,8,1 8,10,1 10,2 10
1 2 3 5 7 8 10 12,0.00525045,27.2644,Yes,N/A,2,3,1 3,5,1 5,7,8,1 8,10,1 10,12
2 3 5 7 8 10,0.0157195,22.9116,Yes,N/A,2,3,N/A,5,N/A,7,8,2 7,10,3 8,2 10
1 2 3 5 7 8 10 11,0.0109104,25.0373,Yes,N/A,2,3,1 3,5,1 5,7,8,1 8,10,11,1 11
1 2 3 5 7 8 10 11 12,0.00177121,36.1761,Yes,N/A,2,3,1 3,5,1 5,7,8,1 8,10,11,12
2 3 5 7 8 11,0.00988242,24.3077,Yes,N/A,2,3,N/A,5,N/A,7,8,2 7,2 8,11,5 7
2 3 5 7 8 11 12,0.00142074,35.5954,Yes,N/A,2,3,N/A,5,N/A,7,8,2 7,2 8,11,12
1 2 3 5 7 8 9,0.0534203,13.9056,Yes,N/A,2,3,1 3,5,1 5,7,8,9,1 9,2 9,3 9
1 2 3 5 7 8 9 12,0.00762203,24.9081,Yes,N/A,2,3,1 3,5,1 5,7,8,9,1 9,2 9,12
2 3 5 7 8 9,0.0255492,20.5896,Yes,N/A,2,3,N/A,5,N/A,7,8,9,2 8,2 9,3 9
1 2 3 5 7 8 9 11,0.0155792,23.0588,Yes,N/A,2,3,1 3,5,1 5,7,8,9,1 9,11,1 11
1 2 3 5 7 8 9 11 12,0.00254134,34.0839,Yes,N/A,2,3,1 3,5,1 5,7,8,9,1 9,11,12
2 3 5 7 8 9 12,0.00345275,32.0389,Yes,N/A,2,3,N/A,5,N/A,7,8,9,2 8,2 9,12
1 2 3 5 7 8 9 10,0.0244822,20.9965,Yes,N/A,2,3,1 3,5,1 5,7,8,9,10,1 10,2 10
1 2 3 5 7 8 9 10 12,0.00401097,32.1112,Yes,N/A,2,3,1 3,5,1 5,7,8,9,10,1 10,12
2 3 5 7 8 9 10,0.010098,29.0007,Yes,N/A,2,3,N/A,5,N/A,7,8,9,10,2 9,2 10
1 2 3 5 7 8 9 10 11,0.00803756,30.0905,Yes,N/A,2,3,1 3,5,1 5,7,8,9,10,11,1 11
1 2 3 5 7 8 9 10 11 12,0.00149643,41.1118,Yes,N/A,2,3,1 3,5,1 5,7,8,9,10,11,12
2 3 5 8 10 12,0.00185062,31.6563,Yes,N/A,2,3,N/A,5,N/A,2 5,8,N/A,10,3 8,12
2 3 5 8 10 11,0.00339721,30.3421,Yes,N/A,2,3,N/A,5,N/A,2 5,8,N/A,10,11,2 10
2 3 5 8 10 11 12,0.000477181,41.8758,Yes,N/A,2,3,N/A,5,N/A,2 5,8,N/A,10,11,12
2 3 5 8 9 11,0.00648402,26.9342,Yes,N/A,2,3,N/A,5,N/A,2 5,8,9,2 8,11,3 9
2 3 5 8 9 11 12,0.000884755,38.4303,Yes,N/A,2,3,N/A,5,N/A,2 5,8,9,2 8,11,12
2 3 5 8 9 10 12,0.00138998,36.8006,Yes,N/A,2,3,N/A,5,N/A,2 5,8,9,10,2 9,12
2 3 5 8 9 10 11,0.00264104,35.3456,Yes,N/A,2,3,N/A,5,N/A,2 5,8,9,10,11,2 10
2 3 5 8 9 10 11 12,0.000421879,46.8811,Yes,N/A,2,3,N/A,5,N/A,2 5,8,9,10,11,12
1 2 3 5 6,0.147686,4.90025,Yes,N/A,2,3,1 3,5,6,1 6,2 6,3 6,1 3 6,5 6,1 5 6
1 2 3 5 6 12,0.0136945,15.9215,Yes,N/A,2,3,1 3,5,6,1 6,2 6,3 6,1 3 6,5 6,12
2 3 5 6,0.115112,7.21916,Yes,N/A,2,3,N/A,5,6,2 5,2 6,3 6,2 3 5,5 6,N/A
1 2 3 5 6 11,0.0335341,13.7871,Yes,N/A,2,3,1 3,5,6,1 6,2 6,3 6,1 3 6,11,1 11
1 2 3 5 6 11 12,0.00364087,25.12,Yes,N/A,2,3,1 3,5,6,1 6,2 6,3 6,1 3 6,11,12
2 3 5 6 12,0.0102555,18.1437,Yes,N/A,2,3,N/A,5,6,2 5,2 6,3 6,2 3 5,5 6,12
1 2 3 5 6 10,0.0590143,11.3431,Yes,N/A,2,3,1 3,5,6,1 6,2 6,3 6,10,1 10,2 10
1 2 3 5 6 10 12,0.00667914,22.5783,Yes,N/A,2,3,1 3,5,6,1 6,2 6,3 6,10,1 10,12
2 3 5 6 10,0.03316,14.796,Yes,N/A,2,3,N/A,5,6,2 5,2 6,3 6,10,5 6,2 10
1 2 3 5 6 10 11,0.0143283,20.729,Yes,N/A,2,3,1 3,5,6,1 6,2 6,3 6,10,11,1 11
1 2 3 5 6 10 11 12,0.00189095,32.1445,Yes,N/A,2,3,1 3,5,6,1 6,2 6,3 6,10,11,12
2 3 5 6 11,0.0194251,17.0206,Yes,N/A,2,3,N/A,5,6,2 5,2 6,3 6,2 3 5,11,N/A
2 3 5 6 11 12,0.00230582,27.8173,Yes,N/A,2,3,N/A,5,6,2 5,2 6,3 6,2 3 5,11,12
1 2 3 5 6 9,0.0837363,9.36123,Yes,N/A,2,3,1 3,5,6,1 6,2 6,9,1 9,2 9,3 9
1 2 3 5 6 9 12,0.00974723,20.4269,Yes,N/A,2,3,1 3,5,6,1 6,2 6,9,1 9,2 9,12
2 3 5 6 9,0.0471473,13.3334,Yes,N/A,2,3,N/A,5,6,2 5,2 6,9,2 3 5,2 9,3 9
1 2 3 5 6 9 11,0.0208932,18.5653,Yes,N/A,2,3,1 3,5,6,1 6,2 6,9,1 9,11,1 11
1 2 3 5 6 9 11 12,0.00282702,29.75,Yes,N/A,2,3,1 3,5,6,1 6,2 6,9,1 9,11,12
2 3 5 6 9 12,0.0051738,24.7212,Yes,N/A,2,3,N/A,5,6,2 5,2 6,9,2 3 5,2 9,12
1 2 3 5 6 9 10,0.0337218,16.4561,Yes,N/A,2,3,1 3,5,6,1 6,2 6,9,10,1 10,2 10
1 2 3 5 6 9 10 12,0.00463566,27.673,Yes,N/A,2,3,1 3,5,6,1 6,2 6,9,10,1 10,12
2 3 5 6 9 10,0.0167316,20.9038,Yes,N/A,2,3,N/A,5,6,2 5,2 6,9,10,2 9,2 10
1 2 3 5 6 9 10 11,0.00952984,25.847,Yes,N/A,2,3,1 3,5,6,1 6,2 6,9,10,11,1 11
1 2 3 5 6 9 10 11 12,0.00150136,37.1543,Yes,N/A,2,3,1 3,5,6,1 6,2 6,9,10,11,12
2 3 5 6 10 12,0.00360737,26.1937,Yes,N/A,2,3,N/A,5,6,2 5,2 6,3 6,10,5 6,12
2 3 5 6 10 11,0.00742392,24.3257,Yes,N/A,2,3,N/A,5,6,2 5,2 6,3 6,10,11,2 10
2 3 5 6 10 11 12,0.00101153,35.6185,Yes,N/A,2,3,N/A,5,6,2 5,2 6,3 6,10,11,12
1 2 3 5 6 8,0.100234,8.19849,Yes,N/A,2,3,1 3,5,6,1 6,8,1 8,2 8,3 8,1 3 8
1 2 3 5 6 8 12,0.0119573,18.989,Yes,N/A,2,3,1 3,5,6,1 6,8,1 8,2 8,3 8,12
2 3 5 6 8,0.0614097,12.1593,Yes,N/A,2,3,N/A,5,6,2 5,8,3 6,2 8,3 8,N/A
1 2 3 5 6 8 11,0.0261557,17.1901,Yes,N/A,2,3,1 3,5,6,1 6,8,1 8,2 8,11,1 11
1 2 3 5 6 8 11 12,0.00357271,28.1741,Yes,N/A,2,3,1 3,5,6,1 6,8,1 8,2 8,11,12
2 3 5 6 8 12,0.00720472,22.7434,Yes,N/A,2,3,N/A,5,6,2 5,8,3 6,2 8,3 8,12
1 2 3 5 6 8 10,0.0416297,15.0932,Yes,N/A,2,3,1 3,5,6,1 6,8,1 8,10,1 10,2 10
1 2 3 5 6 8 10 12,0.00580411,26.1852,Yes,N/A,2,3,1 3,5,6,1 6,8,1 8,10,1 10,12
2 3 5 6 8 10,0.0217313,19.5919,Yes,N/A,2,3,N/A,5,6,2 5,8,3 6,10,3 8,2 10
1 2 3 5 6 8 10 11,0.011832,24.332,Yes,N/A,2,3,1 3,5,6,1 6,8,1 8,10,11,1 11
1 2 3 5 6 8 10 11 12,0.00188729,35.4991,Yes,N/A,2,3,1 3,5,6,1 6,8,1 8,10,11,12
2 3 5 6 8 11,0.0127575,22.0778,Yes,N/A,2,3,N/A,5,6,2 5,8,3 6,2 8,11,N/A
2 3 5 6 8 11 12,0.00187629,32.5229,Yes,N/A,2,3,N/A,5,6,2 5,8,3 6,2 8,11,12
1 2 3 5 6 8 9,0.058435,12.9255,Yes,N/A,2,3,1 3,5,6,1 6,8,9,1 9,2 9,3 9
1 2 3 5 6 8 9 12,0.00829083,23.7588,Yes,N/A,2,3,1 3,5,6,1 6,8,9,1 9,2 9,12
2 3 5 6 8 9,0.0300906,17.948,Yes,N/A,2,3,N/A,5,6,2 5,8,9,2 8,2 9,3 9
1 2 3 5 6 8 9 11,0.0169098,22.0555,Yes,N/A,2,3,1 3,5,6,1 6,8,9,1 9,11,1 11
1 2 3 5 6 8 9 11 12,0.00273607,32.9463,Yes,N/A,2,3,1 3,5,6,1 6,8,9,1 9,11,12
2 3 5 6 8 9 12,0.00407614,29.1543,Yes,N/A,2,3,N/A,5,6,2 5,8,9,2 8,2 9,12
1 2 3 5 6 8 9 10,0.0264989,19.86,Yes,N/A,2,3,1 3,5,6,1 6,8,9,10,1 10,2 10
1 2 3 5 6 8 9 10 12,0.00432841,30.8801,Yes,N/A,2,3,1 3,5,6,1 6,8,9,10,1 10,12
2 3 5 6 8 9 10,0.0122999,25.4795,Yes,N/A,2,3,N/A,5,6,2 5,8,9,10,2 9,2 10
1 2 3 5 6 8 9 10 11,0.00862021,28.99,Yes,N/A,2,3,1 3,5,6,1 6,8,9,10,11,1 11
1 2 3 5 6 8 9 10 11 12,0.00158684,40.0396,Yes,N/A,2,3,1 3,5,6,1 6,8,9,10,11,12
2 3 5 6 9 11,0.00986495,23.1419,Yes,N/A,2,3,N/A,5,6,2 5,2 6,9,2 3 5,11,3 9
2 3 5 6 9 11 12,0.00134835,34.4836,Yes,N/A,2,3,N/A,5,6,2 5,2 6,9,2 3 5,11,12
2 3 5 6 9 10 12,0.00221884,32.3107,Yes,N/A,2,3,N/A,5,6,2 5,2 6,9,10,2 9,12
2 3 5 6 9 10 11,0.00437099,30.4892,Yes,N/A,2,3,N/A,5,6,2 5,2 6,9,10,11,2 10
2 3 5 6 9 10 11 12,0.000693325,41.8609,Yes,N/A,2,3,N/A,5,6,2 5,2 6,9,10,11,12
1 2 3 5 6 7,0.119718,6.68389,Yes,N/A,2,3,1 3,5,6,7,1 7,2 7,3 7,1 3 7,5 7
1 2 3 5 6 7 12,0.013978,17.6038,Yes,N/A,2,3,1 3,5,6,7,1 7,2 7,3 7,1 3 7,12
2 3 5 6 7,0.0799659,9.94383,Yes,N/A,2,3,N/A,5,6,7,2 6,2 7,3 7,5 6,5 7
1 2 3 5 6 7 11,0.0328033,15.276,Yes,N/A,2,3,1 3,5,6,7,1 7,2 7,3 7,11,1 11
1 2 3 5 6 7 11 12,0.00435644,26.3992,Yes,N/A,2,3,1 3,5,6,7,1 7,2 7,3 7,11,12
2 3 5 6 7 12,0.00887941,21.1142,Yes,N/A,2,3,N/A,5,6,7,2 6,2 7,3 7,5 6,12
1 2 3 5 6 7 10,0.0540233,12.7894,Yes,N/A,2,3,1 3,5,6,7,1 7,2 7,10,1 10,2 10
1 2 3 5 6 7 10 12,0.0074331,23.8221,Yes,N/A,2,3,1 3,5,6,7,1 7,2 7,10,1 10,12
2 3 5 6 7 10,0.0274388,17.7214,Yes,N/A,2,3,N/A,5,6,7,2 6,2 7,10,5 6,2 10
1 2 3 5 6 7 10 11,0.0155341,21.7896,Yes,N/A,2,3,1 3,5,6,7,1 7,2 7,10,11,1 11
1 2 3 5 6 7 10 11 12,0.00244109,32.9234,Yes,N/A,2,3,1 3,5,6,7,1 7,2 7,10,11,12
2 3 5 6 7 11,0.0172023,19.4351,Yes,N/A,2,3,N/A,5,6,7,2 6,2 7,3 7,11,5 7
2 3 5 6 7 11 12,0.00242533,30.4813,Yes,N/A,2,3,N/A,5,6,7,2 6,2 7,3 7,11,12
1 2 3 5 6 7 9,0.0727591,11.1371,Yes,N/A,2,3,1 3,5,6,7,1 7,9,1 9,2 9,3 9
1 2 3 5 6 7 9 12,0.0101981,22.0419,Yes,N/A,2,3,1 3,5,6,7,1 7,9,1 9,2 9,12
2 3 5 6 7 9,0.0412385,15.7316,Yes,N/A,2,3,N/A,5,6,7,2 6,9,3 7,2 9,3 9
1 2 3 5 6 7 9 11,0.0213197,20.0222,Yes,N/A,2,3,1 3,5,6,7,1 7,9,1 9,11,1 11
1 2 3 5 6 7 9 11 12,0.00338751,31.0322,Yes,N/A,2,3,1 3,5,6,7,1 7,9,1 9,11,12
2 3 5 6 7 9 12,0.00549455,26.9515,Yes,N/A,2,3,N/A,5,6,7,2 6,9,3 7,2 9,12
1 2 3 5 6 7 9 10,0.0337994,17.5972,Yes,N/A,2,3,1 3,5,6,7,1 7,9,10,1 10,2 10
1 2 3 5 6 7 9 10 12,0.00546281,28.5896,Yes,N/A,2,3,1 3,5,6,7,1 7,9,10,1 10,12
2 3 5 6 7 9 10,0.0165397,23.2851,Yes,N/A,2,3,N/A,5,6,7,2 6,9,10,2 9,2 10
1 2 3 5 6 7 9 10 11,0.0109966,26.5256,Yes,N/A,2,3,1 3,5,6,7,1 7,9,10,11,1 11
1 2 3 5 6 7 9 10 11 12,0.00199972,37.5484,Yes,N/A,2,3,1 3,5,6,7,1 7,9,10,11,12
2 3 5 6 7 10 12,0.00359255,29.0638,Yes,N/A,2,3,N/A,5,6,7,2 6,2 7,10,5 6,12
2 3 5 6 7 10 11,0.00741188,26.8801,Yes,N/A,2,3,N/A,5,6,7,2 6,2 7,10,11,2 10
2 3 5 6 7 10 11 12,0.00117864,38.1066,Yes,N/A,2,3,N/A,5,6,7,2 6,2 7,10,11,12
1 2 3 5 6 7 8,0.0878205,9.65017,Yes,N/A,2,3,1 3,5,6,7,8,1 8,2 8,3 8,1 3 8
1 2 3 5 6 7 8 12,0.0125447,20.2785,Yes,N/A,2,3,1 3,5,6,7,8,1 8,2 8,3 8,12
2 3 5 6 7 8,0.0502744,14.4089,Yes,N/A,2,3,N/A,5,6,7,8,2 7,2 8,3 8,5 7
1 2 3 5 6 7 8 11,0.0274147,17.9902,Yes,N/A,2,3,1 3,5,6,7,8,1 8,2 8,11,1 11
1 2 3 5 6 7 8 11 12,0.00435995,28.8797,Yes,N/A,2,3,1 3,5,6,7,8,1 8,2 8,11,12
2 3 5 6 7 8 12,0.00686659,25.3579,Yes,N/A,2,3,N/A,5,6,7,8,2 7,2 8,3 8,12
1 2 3 5 6 7 8 10,0.0423291,15.8584,Yes,N/A,2,3,1 3,5,6,7,8,1 8,10,1 10,2 10
1 2 3 5 6 7 8 10 12,0.00687978,26.7254,Yes,N/A,2,3,1 3,5,6,7,8,1 8,10,1 10,12
2 3 5 6 7 8 10,0.0202871,21.8984,Yes,N/A,2,3,N/A,5,6,7,8,2 7,10,3 8,2 10
1 2 3 5 6 7 8 10 11,0.0140192,24.4892,Yes,N/A,2,3,1 3,5,6,7,8,1 8,10,11,1 11
1 2 3 5 6 7 8 10 11 12,0.00256259,35.3845,Yes,N/A,2,3,1 3,5,6,7,8,1 8,10,11,12
2 3 5 6 7 8 11,0.0125483,23.9729,Yes,N/A,2,3,N/A,5,6,7,8,2 7,2 8,11,5 7
2 3 5 6 7 8 11 12,0.00209254,34.7939,Yes,N/A,2,3,N/A,5,6,7,8,2 7,2 8,11,12
1 2 3 5 6 7 8 9,0.0568121,13.9433,Yes,N/A,2,3,1 3,5,6,7,8,9,1 9,2 9,3 9
1 2 3 5 6 7 8 9 12,0.00943346,24.5385,Yes,N/A,2,3,1 3,5,6,7,8,9,1 9,2 9,12
2 3 5 6 7 8 9,0.0293297,19.7936,Yes,N/A,2,3,N/A,5,6,7,8,9,2 8,2 9,3 9
1 2 3 5 6 7 8 9 11,0.0192097,22.4705,Yes,N/A,2,3,1 3,5,6,7,8,9,1 9,11,1 11
1 2 3 5 6 7 8 9 11 12,0.00354463,33.1754,Yes,N/A,2,3,1 3,5,6,7,8,9,1 9,11,12
2 3 5 6 7 8 9 12,0.00463575,30.8777,Yes,N/A,2,3,N/A,5,6,7,8,9,2 8,2 9,12
1 2 3 5 6 7 8 9 10,0.0295997,20.0854,Yes,N/A,2,3,1 3,5,6,7,8,9,10,1 10,2 10
1 2 3 5 6 7 8 9 10 12,0.00553499,30.8229,Yes,N/A,2,3,1 3,5,6,7,8,9,10,1 10,12
2 3 5 6 7 8 9 10,0.0134697,27.1806,Yes,N/A,2,3,N/A,5,6,7,8,9,10,2 9,2 10
1 2 3 5 6 7 8 9 10 11,0.010987,28.5973,Yes,N/A,2,3,1 3,5,6,7,8,9,10,11,1 11
1 2 3 5 6 7 8 9 10 11 12,0.0022783,39.3225,Yes,N/A,2,3,1 3,5,6,7,8,9,10,11,12
2 3 6 8 10 12,0.00201157,31.3375,Yes,N/A,2,3,N/A,2 3,6,N/A,8,3 6,10,3 8,12
2 3 6 8 10 11,0.00391994,29.8318,Yes,N/A,2,3,N/A,2 3,6,N/A,8,3 6,10,11,2 10
2 3 6 8 10 11 12,0.000543885,41.3559,Yes,N/A,2,3,N/A,2 3,6,N/A,8,3 6,10,11,12
2 3 6 8 9 11,0.00525438,28.4836,Yes,N/A,2,3,N/A,2 3,6,N/A,8,9,2 8,11,3 9
2 3 6 8 9 11 12,0.000757154,39.9169,Yes,N/A,2,3,N/A,2 3,6,N/A,8,9,2 8,11,12
2 3 6 8 9 10 12,0.00129045,38.0799,Yes,N/A,2,3,N/A,2 3,6,N/A,8,9,10,2 9,12
2 3 6 8 9 10 11,0.00240724,36.6932,Yes,N/A,2,3,N/A,2 3,6,N/A,8,9,10,11,2 10
2 3 6 8 9 10 11 12,0.000398186,48.1759,Yes,N/A,2,3,N/A,2 3,6,N/A,8,9,10,11,12
2 3 6 7 9 11,0.00865118,24.6536,Yes,N/A,2,3,N/A,2 3,6,7,2 6,9,3 7,11,3 9
2 3 6 7 9 11 12,0.00121037,35.9777,Yes,N/A,2,3,N/A,2 3,6,7,2 6,9,3 7,11,12
2 3 6 7 9 10 12,0.00187837,34.2464,Yes,N/A,2,3,N/A,2 3,6,7,2 6,9,10,2 9,12
2 3 6 7 9 10 11,0.00369066,32.3892,Yes,N/A,2,3,N/A,2 3,6,7,2 6,9,10,11,2 10
2 3 6 7 9 10 11 12,0.000603072,43.7195,Yes,N/A,2,3,N/A,2 3,6,7,2 6,9,10,11,12
2 3 6 7 8 10 12,0.00260906,32.2079,Yes,N/A,2,3,N/A,2 3,6,7,8,2 7,10,3 8,12
2 3 6 7 8 10 11,0.0049899,30.4973,Yes,N/A,2,3,N/A,2 3,6,7,8,2 7,10,11,2 10
2 3 6 7 8 10 11 12,0.000824919,41.6522,Yes,N/A,2,3,N/A,2 3,6,7,8,2 7,10,11,12
2 3 6 7 8 9 11,0.00686389,28.9028,Yes,N/A,2,3,N/A,2 3,6,7,8,9,2 8,11,3 9
2 3 6 7 8 9 11 12,0.00114842,40.0211,Yes,N/A,2,3,N/A,2 3,6,7,8,9,2 8,11,12
2 3 6 7 8 9 10 12,0.00180763,38.1186,Yes,N/A,2,3,N/A,2 3,6,7,8,9,10,2 9,12
2 3 6 7 8 9 10 11,0.00341948,36.3658,Yes,N/A,2,3,N/A,2 3,6,7,8,9,10,11,2 10
2 3 6 7 8 9 10 11 12,0.000646991,47.5032,Yes,N/A,2,3,N/A,2 3,6,7,8,9,10,11,12
1 2 3 4,0.171746,3.28181,Yes,N/A,2,3,4,1 4,2 4,3 4,1 3 4,2 3 4,1 2 3 4,N/A,N/A
1 2 3 4 12,0.0115526,14.4136,Yes,N/A,2,3,4,1 4,2 4,3 4,1 3 4,2 3 4,1 2 3 4,N/A,12
2 3 4,0.155093,4.63812,Yes,N/A,2,3,4,2 3,2 4,3 4,N/A,2 3 4,N/A,N/A,N/A
1 2 3 4 11,0.0324503,11.9635,Yes,N/A,2,3,4,1 4,2 4,3 4,1 3 4,2 3 4,1 2 3 4,11,1 11
1 2 3 4 11 12,0.00269585,23.5815,Yes,N/A,2,3,4,1 4,2 4,3 4,1 3 4,2 3 4,1 2 3 4,11,12
2 3 4 12,0.0098594,15.9248,Yes,N/A,2,3,4,2 3,2 4,3 4,N/A,2 3 4,N/A,N/A,12
1 2 3 4 10,0.0573988,9.99306,Yes,N/A,2,3,4,1 4,2 4,3 4,1 3 4,2 3 4,10,1 10,2 10
1 2 3 4 10 12,0.00504461,21.4654,Yes,N/A,2,3,4,1 4,2 4,3 4,1 3 4,2 3 4,10,1 10,12
2 3 4 10,0.0396091,12.3043,Yes,N/A,2,3,4,2 3,2 4,3 4,N/A,2 3 4,10,N/A,2 10
1 2 3 4 10 11,0.0116217,19.8613,Yes,N/A,2,3,4,1 4,2 4,3 4,1 3 4,2 3 4,10,11,1 11
1 2 3 4 10 11 12,0.0012179,31.5687,Yes,N/A,2,3,4,1 4,2 4,3 4,1 3 4,2 3 4,10,11,12
2 3 4 11,0.0197188,14.309,Yes,N/A,2,3,4,2 3,2 4,3 4,N/A,2 3 4,N/A,11,N/A
2 3 4 11 12,0.0018528,25.4893,Yes,N/A,2,3,4,2 3,2 4,3 4,N/A,2 3 4,N/A,11,12
1 2 3 4 9,0.0875557,8.00684,Yes,N/A,2,3,4,1 4,2 4,3 4,1 3 4,9,1 9,2 9,3 9
1 2 3 4 9 12,0.00787323,19.3728,Yes,N/A,2,3,4,1 4,2 4,3 4,1 3 4,9,1 9,2 9,12
2 3 4 9,0.0552555,11.1284,Yes,N/A,2,3,4,2 3,2 4,3 4,N/A,9,N/A,2 9,3 9
1 2 3 4 9 11,0.0174849,17.6297,Yes,N/A,2,3,4,1 4,2 4,3 4,1 3 4,9,1 9,11,1 11
1 2 3 4 9 11 12,0.00192683,29.1362,Yes,N/A,2,3,4,1 4,2 4,3 4,1 3 4,9,1 9,11,12
2 3 4 9 12,0.00473442,22.6677,Yes,N/A,2,3,4,2 3,2 4,3 4,N/A,9,N/A,2 9,12
1 2 3 4 9 10,0.0305844,15.843,Yes,N/A,2,3,4,1 4,2 4,3 4,1 3 4,9,10,1 10,2 10
1 2 3 4 9 10 12,0.00336897,27.3656,Yes,N/A,2,3,4,1 4,2 4,3 4,1 3 4,9,10,1 10,12
2 3 4 9 10,0.0181684,18.4993,Yes,N/A,2,3,4,2 3,2 4,3 4,N/A,9,10,2 9,2 10
1 2 3 4 9 10 11,0.00713649,25.8425,Yes,N/A,2,3,4,1 4,2 4,3 4,1 3 4,9,10,11,1 11
1 2 3 4 9 10 11 12,0.000925531,37.4878,Yes,N/A,2,3,4,1 4,2 4,3 4,1 3 4,9,10,11,12
2 3 4 10 12,0.00320788,23.9073,Yes,N/A,2,3,4,2 3,2 4,3 4,N/A,2 3 4,10,N/A,12
2 3 4 10 11,0.00727309,21.6164,Yes,N/A,2,3,4,2 3,2 4,3 4,N/A,2 3 4,10,11,2 10
2 3 4 10 11 12,0.000785894,33.1402,Yes,N/A,2,3,4,2 3,2 4,3 4,N/A,2 3 4,10,11,12
1 2 3 4 8,0.121163,6.15835,Yes,N/A,2,3,4,1 4,2 4,3 4,8,1 8,2 8,3 8,4 8
1 2 3 4 8 12,0.0111222,17.2959,Yes,N/A,2,3,4,1 4,2 4,3 4,8,1 8,2 8,3 8,12
2 3 4 8,0.102023,7.54936,Yes,N/A,2,3,4,2 3,2 4,3 4,8,2 3 4,2 8,3 8,4 8
1 2 3 4 8 11,0.0271241,15.3414,Yes,N/A,2,3,4,1 4,2 4,3 4,8,1 8,2 8,11,1 11
1 2 3 4 8 11 12,0.00290355,26.8078,Yes,N/A,2,3,4,1 4,2 4,3 4,8,1 8,2 8,11,12
2 3 4 8 12,0.00884726,18.8583,Yes,N/A,2,3,4,2 3,2 4,3 4,8,2 3 4,2 8,3 8,12
1 2 3 4 8 10,0.0452609,13.2887,Yes,N/A,2,3,4,1 4,2 4,3 4,8,1 8,10,1 10,2 10
1 2 3 4 8 10 12,0.00508923,24.6454,Yes,N/A,2,3,4,1 4,2 4,3 4,8,1 8,10,1 10,12
2 3 4 8 10,0.0281421,15.6587,Yes,N/A,2,3,4,2 3,2 4,3 4,8,2 3 4,10,3 8,2 10
1 2 3 4 8 10 11,0.0108692,22.977,Yes,N/A,2,3,4,1 4,2 4,3 4,8,1 8,10,11,1 11
1 2 3 4 8 10 11 12,0.00141825,34.5098,Yes,N/A,2,3,4,1 4,2 4,3 4,8,1 8,10,11,12
2 3 4 8 11,0.0168658,17.321,Yes,N/A,2,3,4,2 3,2 4,3 4,8,2 3 4,2 8,11,4 8
2 3 4 8 11 12,0.00194886,28.5548,Yes,N/A,2,3,4,2 3,2 4,3 4,8,2 3 4,2 8,11,12
1 2 3 4 8 9,0.065095,11.5191,Yes,N/A,2,3,4,1 4,2 4,3 4,8,9,1 9,2 9,3 9
1 2 3 4 8 9 12,0.00739288,22.8288,Yes,N/A,2,3,4,1 4,2 4,3 4,8,9,1 9,2 9,12
2 3 4 8 9,0.043117,13.5893,Yes,N/A,2,3,4,2 3,2 4,3 4,8,9,2 8,2 9,3 9
1 2 3 4 8 9 11,0.0161647,20.9824,Yes,N/A,2,3,4,1 4,2 4,3 4,8,9,1 9,11,1 11
1 2 3 4 8 9 11 12,0.00212811,32.4382,Yes,N/A,2,3,4,1 4,2 4,3 4,8,9,1 9,11,12
2 3 4 8 9 12,0.00475512,24.9615,Yes,N/A,2,3,4,2 3,2 4,3 4,8,9,2 8,2 9,12
1 2 3 4 8 9 10,0.0257428,19.3495,Yes,N/A,2,3,4,1 4,2 4,3 4,8,9,10,1 10,2 10
1 2 3 4 8 9 10 12,0.00349062,30.7075,Yes,N/A,2,3,4,1 4,2 4,3 4,8,9,10,1 10,12
2 3 4 8 9 10,0.0151467,21.303,Yes,N/A,2,3,4,2 3,2 4,3 4,8,9,10,2 9,2 10
1 2 3 4 8 9 10 11,0.00716851,29.1374,Yes,N/A,2,3,4,1 4,2 4,3 4,8,9,10,11,1 11
1 2 3 4 8 9 10 11 12,0.00110007,40.6774,Yes,N/A,2,3,4,1 4,2 4,3 4,8,9,10,11,12
2 3 4 9 11,0.00844002,21.3459,Yes,N/A,2,3,4,2 3,2 4,3 4,N/A,9,N/A,11,3 9
2 3 4 9 11 12,0.000961728,32.8612,Yes,N/A,2,3,4,2 3,2 4,3 4,N/A,9,N/A,11,12
2 3 4 9 10 12,0.00191859,30.0771,Yes,N/A,2,3,4,2 3,2 4,3 4,N/A,9,10,2 9,12
2 3 4 9 10 11,0.00378658,28.4446,Yes,N/A,2,3,4,2 3,2 4,3 4,N/A,9,10,11,2 10
2 3 4 9 10 11 12,0.000494987,40.0145,Yes,N/A,2,3,4,2 3,2 4,3 4,N/A,9,10,11,12
1 2 3 4 7,0.146669,4.94092,Yes,N/A,2,3,4,1 4,2 4,7,1 7,2 7,3 7,4 7,1 4 7
1 2 3 4 7 12,0.0135257,15.995,Yes,N/A,2,3,4,1 4,2 4,7,1 7,2 7,3 7,4 7,12
2 3 4 7,0.101723,7.72925,Yes,N/A,2,3,4,2 3,2 4,7,N/A,2 7,3 7,4 7,2 3 7
1 2 3 4 7 11,0.0335934,13.7311,Yes,N/A,2,3,4,1 4,2 4,7,1 7,2 7,3 7,11,1 11
1 2 3 4 7 11 12,0.00362933,25.1254,Yes,N/A,2,3,4,1 4,2 4,7,1 7,2 7,3 7,11,12
2 3 4 7 12,0.00898062,19.0605,Yes,N/A,2,3,4,2 3,2 4,7,N/A,2 7,3 7,4 7,12
1 2 3 4 7 10,0.0546911,11.864,Yes,N/A,2,3,4,1 4,2 4,7,1 7,2 7,10,1 10,2 10
1 2 3 4 7 10 12,0.00626661,23.0443,Yes,N/A,2,3,4,1 4,2 4,7,1 7,2 7,10,1 10,12
2 3 4 7 10,0.0277778,16.0087,Yes,N/A,2,3,4,2 3,2 4,7,N/A,2 7,10,4 7,2 10
1 2 3 4 7 10 11,0.0135065,21.1502,Yes,N/A,2,3,4,1 4,2 4,7,1 7,2 7,10,11,1 11
1 2 3 4 7 10 11 12,0.00179473,32.5548,Yes,N/A,2,3,4,1 4,2 4,7,1 7,2 7,10,11,12
2 3 4 7 11,0.0172611,17.5797,Yes,N/A,2,3,4,2 3,2 4,7,N/A,2 7,3 7,11,2 3 7
2 3 4 7 11 12,0.00202983,28.8314,Yes,N/A,2,3,4,2 3,2 4,7,N/A,2 7,3 7,11,12
1 2 3 4 7 9,0.0781385,9.77466,Yes,N/A,2,3,4,1 4,2 4,7,1 7,9,1 9,2 9,3 9
1 2 3 4 7 9 12,0.00898217,20.9981,Yes,N/A,2,3,4,1 4,2 4,7,1 7,9,1 9,2 9,12
2 3 4 7 9,0.0411618,14.3517,Yes,N/A,2,3,4,2 3,2 4,7,N/A,9,3 7,2 9,3 9
1 2 3 4 7 9 11,0.0193113,19.0741,Yes,N/A,2,3,4,1 4,2 4,7,1 7,9,1 9,11,1 11
1 2 3 4 7 9 11 12,0.00260744,30.3598,Yes,N/A,2,3,4,1 4,2 4,7,1 7,9,1 9,11,12
2 3 4 7 9 12,0.00457221,25.7611,Yes,N/A,2,3,4,2 3,2 4,7,N/A,9,3 7,2 9,12
1 2 3 4 7 9 10,0.0311995,17.1043,Yes,N/A,2,3,4,1 4,2 4,7,1 7,9,10,1 10,2 10
1 2 3 4 7 9 10 12,0.0042744,28.3505,Yes,N/A,2,3,4,1 4,2 4,7,1 7,9,10,1 10,12
2 3 4 7 9 10,0.0141191,22.4799,Yes,N/A,2,3,4,2 3,2 4,7,N/A,9,10,2 9,2 10
1 2 3 4 7 9 10 11,0.00877255,26.5303,Yes,N/A,2,3,4,1 4,2 4,7,1 7,9,10,11,1 11
1 2 3 4 7 9 10 11 12,0.00138232,37.8458,Yes,N/A,2,3,4,1 4,2 4,7,1 7,9,10,11,12
2 3 4 7 10 12,0.00307273,27.434,Yes,N/A,2,3,4,2 3,2 4,7,N/A,2 7,10,4 7,12
2 3 4 7 10 11,0.00623595,25.6939,Yes,N/A,2,3,4,2 3,2 4,7,N/A,2 7,10,11,2 10
2 3 4 7 10 11 12,0.000864285,37.0191,Yes,N/A,2,3,4,2 3,2 4,7,N/A,2 7,10,11,12
1 2 3 4 7 8,0.101481,8.02608,Yes,N/A,2,3,4,1 4,2 4,7,8,1 8,2 8,3 8,4 8
1 2 3 4 7 8 12,0.0118114,19.0805,Yes,N/A,2,3,4,1 4,2 4,7,8,1 8,2 8,3 8,12
2 3 4 7 8,0.0681275,10.5208,Yes,N/A,2,3,4,2 3,2 4,7,8,2 7,2 8,3 8,4 8
1 2 3 4 7 8 11,0.0268677,17.07,Yes,N/A,2,3,4,1 4,2 4,7,8,1 8,2 8,11,1 11
1 2 3 4 7 8 11 12,0.00355661,28.3566,Yes,N/A,2,3,4,1 4,2 4,7,8,1 8,2 8,11,12
2 3 4 7 8 12,0.00763951,21.7188,Yes,N/A,2,3,4,2 3,2 4,7,8,2 7,2 8,3 8,12
1 2 3 4 7 8 10,0.0423871,14.9914,Yes,N/A,2,3,4,1 4,2 4,7,8,1 8,10,1 10,2 10
1 2 3 4 7 8 10 12,0.00588164,26.0731,Yes,N/A,2,3,4,1 4,2 4,7,8,1 8,10,1 10,12
2 3 4 7 8 10,0.0233719,18.2279,Yes,N/A,2,3,4,2 3,2 4,7,8,2 7,10,3 8,2 10
1 2 3 4 7 8 10 11,0.0121608,24.2404,Yes,N/A,2,3,4,1 4,2 4,7,8,1 8,10,11,1 11
1 2 3 4 7 8 10 11 12,0.00190673,35.5077,Yes,N/A,2,3,4,1 4,2 4,7,8,1 8,10,11,12
2 3 4 7 8 11,0.014284,20.2483,Yes,N/A,2,3,4,2 3,2 4,7,8,2 7,2 8,11,4 8
2 3 4 7 8 11 12,0.00200594,31.3987,Yes,N/A,2,3,4,2 3,2 4,7,8,2 7,2 8,11,12
1 2 3 4 7 8 9,0.0597901,13.0154,Yes,N/A,2,3,4,1 4,2 4,7,8,9,1 9,2 9,3 9
1 2 3 4 7 8 9 12,0.00829199,24.0877,Yes,N/A,2,3,4,1 4,2 4,7,8,9,1 9,2 9,12
2 3 4 7 8 9,0.034256,16.2003,Yes,N/A,2,3,4,2 3,2 4,7,8,9,2 8,2 9,3 9
1 2 3 4 7 8 9 11,0.0176349,22.0026,Yes,N/A,2,3,4,1 4,2 4,7,8,9,1 9,11,1 11
1 2 3 4 7 8 9 11 12,0.00276997,33.2047,Yes,N/A,2,3,4,1 4,2 4,7,8,9,1 9,11,12
2 3 4 7 8 9 12,0.00456118,27.4758,Yes,N/A,2,3,4,2 3,2 4,7,8,9,2 8,2 9,12
1 2 3 4 7 8 9 10,0.0270968,20.2071,Yes,N/A,2,3,4,1 4,2 4,7,8,9,10,1 10,2 10
1 2 3 4 7 8 9 10 12,0.00437765,31.2443,Yes,N/A,2,3,4,1 4,2 4,7,8,9,10,1 10,12
2 3 4 7 8 9 10,0.0137899,23.6617,Yes,N/A,2,3,4,2 3,2 4,7,8,9,10,2 9,2 10
1 2 3 4 7 8 9 10 11,0.00883943,29.3985,Yes,N/A,2,3,4,1 4,2 4,7,8,9,10,11,1 11
1 2 3 4 7 8 9 10 11 12,0.001592,40.6278,Yes,N/A,2,3,4,1 4,2 4,7,8,9,10,11,12
2 3 4 8 10 12,0.00299255,27.1316,Yes,N/A,2,3,4,2 3,2 4,3 4,8,2 3 4,10,3 8,12
2 3 4 8 10 11,0.00611965,25.2608,Yes,N/A,2,3,4,2 3,2 4,3 4,8,2 3 4,10,11,2 10
2 3 4 8 10 11 12,0.000816324,36.6492,Yes,N/A,2,3,4,2 3,2 4,3 4,8,2 3 4,10,11,12
2 3 4 8 9 11,0.008743,23.4174,Yes,N/A,2,3,4,2 3,2 4,3 4,8,9,2 8,11,3 9
2 3 4 8 9 11 12,0.0012025,34.7462,Yes,N/A,2,3,4,2 3,2 4,3 4,8,9,2 8,11,12
2 3 4 8 9 10 12,0.00198356,32.7362,Yes,N/A,2,3,4,2 3,2 4,3 4,8,9,10,2 9,12
2 3 4 8 9 10 11,0.00382382,31.0003,Yes,N/A,2,3,4,2 3,2 4,3 4,8,9,10,11,2 10
2 3 4 8 9 10 11 12,0.000597858,42.3949,Yes,N/A,2,3,4,2 3,2 4,3 4,8,9,10,11,12
1 2 3 4 6,0.156657,4.3412,Yes,N/A,2,3,4,1 4,6,1 6,2 6,3 6,4 6,1 4 6,2 4 6
1 2 3 4 6 12,0.0142372,15.374,Yes,N/A,2,3,4,1 4,6,1 6,2 6,3 6,4 6,1 4 6,12
2 3 4 6,0.129415,5.6044,Yes,N/A,2,3,4,2 3,6,3 4,2 6,3 6,4 6,2 3 6,2 4 6
1 2 3 4 6 11,0.0359928,13.0766,Yes,N/A,2,3,4,1 4,6,1 6,2 6,3 6,4 6,11,1 11
1 2 3 4 6 11 12,0.00380368,24.4601,Yes,N/A,2,3,4,1 4,6,1 6,2 6,3 6,4 6,11,12
2 3 4 6 12,0.0112621,16.8393,Yes,N/A,2,3,4,2 3,6,3 4,2 6,3 6,4 6,2 3 6,12
1 2 3 4 6 10,0.0636925,10.6391,Yes,N/A,2,3,4,1 4,6,1 6,2 6,3 6,10,1 10,2 10
1 2 3 4 6 10 12,0.0070786,21.873,Yes,N/A,2,3,4,1 4,6,1 6,2 6,3 6,10,1 10,12
2 3 4 6 10,0.0375586,13.4403,Yes,N/A,2,3,4,2 3,6,3 4,2 6,3 6,10,2 3 6,2 10
1 2 3 4 6 10 11,0.0152902,20.0198,Yes,N/A,2,3,4,1 4,6,1 6,2 6,3 6,10,11,1 11
1 2 3 4 6 10 11 12,0.00196961,31.4547,Yes,N/A,2,3,4,1 4,6,1 6,2 6,3 6,10,11,12
2 3 4 6 11,0.0220098,15.1949,Yes,N/A,2,3,4,2 3,6,3 4,2 6,3 6,4 6,11,2 4 6
2 3 4 6 11 12,0.00255296,26.3223,Yes,N/A,2,3,4,2 3,6,3 4,2 6,3 6,4 6,11,12
1 2 3 4 6 9,0.0881725,8.82494,Yes,N/A,2,3,4,1 4,6,1 6,2 6,9,1 9,2 9,3 9
1 2 3 4 6 9 12,0.0100343,19.9949,Yes,N/A,2,3,4,1 4,6,1 6,2 6,9,1 9,2 9,12
2 3 4 6 9,0.0547578,11.6097,Yes,N/A,2,3,4,2 3,6,3 4,2 6,9,4 6,2 9,3 9
1 2 3 4 6 9 11,0.0218535,18.0153,Yes,N/A,2,3,4,1 4,6,1 6,2 6,9,1 9,11,1 11
1 2 3 4 6 9 11 12,0.00288115,29.327,Yes,N/A,2,3,4,1 4,6,1 6,2 6,9,1 9,11,12
2 3 4 6 9 12,0.00605079,22.8834,Yes,N/A,2,3,4,2 3,6,3 4,2 6,9,4 6,2 9,12
1 2 3 4 6 9 10,0.0356036,15.8578,Yes,N/A,2,3,4,1 4,6,1 6,2 6,9,10,1 10,2 10
1 2 3 4 6 9 10 12,0.00481597,27.0844,Yes,N/A,2,3,4,1 4,6,1 6,2 6,9,10,1 10,12
2 3 4 6 9 10,0.0196485,19.1393,Yes,N/A,2,3,4,2 3,6,3 4,2 6,9,10,2 9,2 10
1 2 3 4 6 9 10 11,0.0099233,25.2738,Yes,N/A,2,3,4,1 4,6,1 6,2 6,9,10,11,1 11
1 2 3 4 6 9 10 11 12,0.00152455,36.6369,Yes,N/A,2,3,4,1 4,6,1 6,2 6,9,10,11,12
2 3 4 6 10 12,0.00401282,24.8554,Yes,N/A,2,3,4,2 3,6,3 4,2 6,3 6,10,2 3 6,12
2 3 4 6 10 11,0.00851385,22.7098,Yes,N/A,2,3,4,2 3,6,3 4,2 6,3 6,10,11,2 10
2 3 4 6 10 11 12,0.00113683,34.0485,Yes,N/A,2,3,4,2 3,6,3 4,2 6,3 6,10,11,12
1 2 3 4 6 8,0.114627,6.75684,Yes,N/A,2,3,4,1 4,6,1 6,8,1 8,2 8,3 8,4 8
1 2 3 4 6 8 12,0.0132111,17.6781,Yes,N/A,2,3,4,1 4,6,1 6,8,1 8,2 8,3 8,12
2 3 4 6 8,0.0726428,9.92292,Yes,N/A,2,3,4,2 3,6,3 4,8,3 6,2 8,3 8,4 8
1 2 3 4 6 8 11,0.0293973,15.6758,Yes,N/A,2,3,4,1 4,6,1 6,8,1 8,2 8,11,1 11
1 2 3 4 6 8 11 12,0.00390519,26.78,Yes,N/A,2,3,4,1 4,6,1 6,8,1 8,2 8,11,12
2 3 4 6 8 12,0.00796214,21.1324,Yes,N/A,2,3,4,2 3,6,3 4,8,3 6,2 8,3 8,12
1 2 3 4 6 8 10,0.0479095,13.5666,Yes,N/A,2,3,4,1 4,6,1 6,8,1 8,10,1 10,2 10
1 2 3 4 6 8 10 12,0.00645787,24.7131,Yes,N/A,2,3,4,1 4,6,1 6,8,1 8,10,1 10,12
2 3 4 6 8 10,0.0247459,17.9595,Yes,N/A,2,3,4,2 3,6,3 4,8,3 6,10,3 8,2 10
1 2 3 4 6 8 10 11,0.0133481,22.7335,Yes,N/A,2,3,4,1 4,6,1 6,8,1 8,10,11,1 11
1 2 3 4 6 8 10 11 12,0.00206948,33.9276,Yes,N/A,2,3,4,1 4,6,1 6,8,1 8,10,11,12
2 3 4 6 8 11,0.0155202,19.2644,Yes,N/A,2,3,4,2 3,6,3 4,8,3 6,2 8,11,4 8
2 3 4 6 8 11 12,0.00216205,30.3458,Yes,N/A,2,3,4,2 3,6,3 4,8,3 6,2 8,11,12
1 2 3 4 6 8 9,0.0658071,11.6904,Yes,N/A,2,3,4,1 4,6,1 6,8,9,1 9,2 9,3 9
1 2 3 4 6 8 9 12,0.00906017,22.6966,Yes,N/A,2,3,4,1 4,6,1 6,8,9,1 9,2 9,12
2 3 4 6 8 9,0.0372825,15.4668,Yes,N/A,2,3,4,2 3,6,3 4,8,9,2 8,2 9,3 9
1 2 3 4 6 8 9 11,0.0187575,20.7251,Yes,N/A,2,3,4,1 4,6,1 6,8,9,1 9,11,1 11
1 2 3 4 6 8 9 11 12,0.0029406,31.8271,Yes,N/A,2,3,4,1 4,6,1 6,8,9,1 9,11,12
2 3 4 6 8 9 12,0.00500076,26.5458,Yes,N/A,2,3,4,2 3,6,3 4,8,9,2 8,2 9,12
1 2 3 4 6 8 9 10,0.0296647,18.6455,Yes,N/A,2,3,4,1 4,6,1 6,8,9,10,1 10,2 10
1 2 3 4 6 8 9 10 12,0.00471569,29.7159,Yes,N/A,2,3,4,1 4,6,1 6,8,9,10,1 10,12
2 3 4 6 8 9 10,0.0152267,22.9066,Yes,N/A,2,3,4,2 3,6,3 4,8,9,10,2 9,2 10
1 2 3 4 6 8 9 10 11,0.00943486,27.8005,Yes,N/A,2,3,4,1 4,6,1 6,8,9,10,11,1 11
1 2 3 4 6 8 9 10 11 12,0.00168447,38.9514,Yes,N/A,2,3,4,1 4,6,1 6,8,9,10,11,12
2 3 4 6 9 11,0.0112192,21.3629,Yes,N/A,2,3,4,2 3,6,3 4,2 6,9,4 6,11,3 9
2 3 4 6 9 11 12,0.00155031,32.5935,Yes,N/A,2,3,4,2 3,6,3 4,2 6,9,4 6,11,12
2 3 4 6 9 10 12,0.0025983,30.4388,Yes,N/A,2,3,4,2 3,6,3 4,2 6,9,10,2 9,12
2 3 4 6 9 10 11,0.0051052,28.5352,Yes,N/A,2,3,4,2 3,6,3 4,2 6,9,10,11,2 10
2 3 4 6 9 10 11 12,0.000806104,39.8087,Yes,N/A,2,3,4,2 3,6,3 4,2 6,9,10,11,12
1 2 3 4 6 7,0.131089,5.60333,Yes,N/A,2,3,4,1 4,6,7,1 7,2 7,3 7,4 7,1 4 7
1 2 3 4 6 7 12,0.0150919,16.4015,Yes,N/A,2,3,4,1 4,6,7,1 7,2 7,3 7,4 7,12
2 3 4 6 7,0.0868484,8.51355,Yes,N/A,2,3,4,2 3,6,7,2 6,2 7,3 7,4 7,2 3 7
1 2 3 4 6 7 11,0.0350549,14.131,Yes,N/A,2,3,4,1 4,6,7,1 7,2 7,3 7,11,1 11
1 2 3 4 6 7 11 12,0.00459675,25.2731,Yes,N/A,2,3,4,1 4,6,7,1 7,2 7,3 7,11,12
2 3 4 6 7 12,0.009524,19.5361,Yes,N/A,2,3,4,2 3,6,7,2 6,2 7,3 7,4 7,12
1 2 3 4 6 7 10,0.0571027,12.0588,Yes,N/A,2,3,4,1 4,6,7,1 7,2 7,10,1 10,2 10
1 2 3 4 6 7 10 12,0.00776738,23.0022,Yes,N/A,2,3,4,1 4,6,7,1 7,2 7,10,1 10,12
2 3 4 6 7 10,0.0292954,16.2837,Yes,N/A,2,3,4,2 3,6,7,2 6,2 7,10,4 7,2 10
1 2 3 4 6 7 10 11,0.0162371,20.9572,Yes,N/A,2,3,4,1 4,6,7,1 7,2 7,10,11,1 11
1 2 3 4 6 7 10 11 12,0.00251783,32.0899,Yes,N/A,2,3,4,1 4,6,7,1 7,2 7,10,11,12
2 3 4 6 7 11,0.018151,18.0254,Yes,N/A,2,3,4,2 3,6,7,2 6,2 7,3 7,11,2 3 7
2 3 4 6 7 11 12,0.00253008,28.9439,Yes,N/A,2,3,4,2 3,6,7,2 6,2 7,3 7,11,12
1 2 3 4 6 7 9,0.0788398,10.0479,Yes,N/A,2,3,4,1 4,6,7,1 7,9,1 9,2 9,3 9
1 2 3 4 6 7 9 12,0.0108507,20.9427,Yes,N/A,2,3,4,1 4,6,7,1 7,9,1 9,2 9,12
2 3 4 6 7 9,0.0438277,14.1414,Yes,N/A,2,3,4,2 3,6,7,2 6,9,3 7,2 9,3 9
1 2 3 4 6 7 9 11,0.0226386,18.8824,Yes,N/A,2,3,4,1 4,6,7,1 7,9,1 9,11,1 11
1 2 3 4 6 7 9 11 12,0.00354867,29.8978,Yes,N/A,2,3,4,1 4,6,7,1 7,9,1 9,11,12
2 3 4 6 7 9 12,0.00575116,25.2577,Yes,N/A,2,3,4,2 3,6,7,2 6,9,3 7,2 9,12
1 2 3 4 6 7 9 10,0.0356751,16.7393,Yes,N/A,2,3,4,1 4,6,7,1 7,9,10,1 10,2 10
1 2 3 4 6 7 9 10 12,0.00569445,27.6781,Yes,N/A,2,3,4,1 4,6,7,1 7,9,10,1 10,12
2 3 4 6 7 9 10,0.0170878,21.7602,Yes,N/A,2,3,4,2 3,6,7,2 6,9,10,2 9,2 10
1 2 3 4 6 7 9 10 11,0.0114588,25.6123,Yes,N/A,2,3,4,1 4,6,7,1 7,9,10,11,1 11
1 2 3 4 6 7 9 10 11 12,0.00205771,36.6378,Yes,N/A,2,3,4,1 4,6,7,1 7,9,10,11,12
2 3 4 6 7 10 12,0.00385882,27.3828,Yes,N/A,2,3,4,2 3,6,7,2 6,2 7,10,4 7,12
2 3 4 6 7 10 11,0.00763706,25.6537,Yes,N/A,2,3,4,2 3,6,7,2 6,2 7,10,11,2 10
2 3 4 6 7 10 11 12,0.00122686,36.6235,Yes,N/A,2,3,4,2 3,6,7,2 6,2 7,10,11,12
1 2 3 4 6 7 8,0.098473,8.39015,Yes,N/A,2,3,4,1 4,6,7,8,1 8,2 8,3 8,4 8
1 2 3 4 6 7 8 12,0.0136271,19.0954,Yes,N/A,2,3,4,1 4,6,7,8,1 8,2 8,3 8,12
2 3 4 6 7 8,0.061953,11.7045,Yes,N/A,2,3,4,2 3,6,7,8,2 7,2 8,3 8,4 8
1 2 3 4 6 7 8 11,0.0297571,16.8763,Yes,N/A,2,3,4,1 4,6,7,8,1 8,2 8,11,1 11
1 2 3 4 6 7 8 11 12,0.00462378,27.7982,Yes,N/A,2,3,4,1 4,6,7,8,1 8,2 8,11,12
2 3 4 6 7 8 12,0.00813062,22.7133,Yes,N/A,2,3,4,2 3,6,7,8,2 7,2 8,3 8,12
1 2 3 4 6 7 8 10,0.0466201,14.6807,Yes,N/A,2,3,4,1 4,6,7,8,1 8,10,1 10,2 10
1 2 3 4 6 7 8 10 12,0.00742907,25.5038,Yes,N/A,2,3,4,1 4,6,7,8,1 8,10,1 10,12
2 3 4 6 7 8 10,0.0241689,19.0567,Yes,N/A,2,3,4,2 3,6,7,8,2 7,10,3 8,2 10
1 2 3 4 6 7 8 10 11,0.0150744,23.4099,Yes,N/A,2,3,4,1 4,6,7,8,1 8,10,11,1 11
1 2 3 4 6 7 8 10 11 12,0.00269979,34.3266,Yes,N/A,2,3,4,1 4,6,7,8,1 8,10,11,12
2 3 4 6 7 8 11,0.0152763,20.9803,Yes,N/A,2,3,4,2 3,6,7,8,2 7,2 8,11,4 8
2 3 4 6 7 8 11 12,0.00245971,31.8877,Yes,N/A,2,3,4,2 3,6,7,8,2 7,2 8,11,12
1 2 3 4 6 7 8 9,0.0632621,12.7059,Yes,N/A,2,3,4,1 4,6,7,8,9,1 9,2 9,3 9
1 2 3 4 6 7 8 9 12,0.0102217,23.3982,Yes,N/A,2,3,4,1 4,6,7,8,9,1 9,2 9,12
2 3 4 6 7 8 9,0.0344931,16.9269,Yes,N/A,2,3,4,2 3,6,7,8,9,2 8,2 9,3 9
1 2 3 4 6 7 8 9 11,0.0209889,21.1644,Yes,N/A,2,3,4,1 4,6,7,8,9,1 9,11,1 11
1 2 3 4 6 7 8 9 11 12,0.00378019,31.9945,Yes,N/A,2,3,4,1 4,6,7,8,9,1 9,11,12
2 3 4 6 7 8 9 12,0.00536525,27.8667,Yes,N/A,2,3,4,2 3,6,7,8,9,2 8,2 9,12
1 2 3 4 6 7 8 9 10,0.0321493,19.0295,Yes,N/A,2,3,4,1 4,6,7,8,9,10,1 10,2 10
1 2 3 4 6 7 8 9 10 12,0.00590197,29.7459,Yes,N/A,2,3,4,1 4,6,7,8,9,10,1 10,12
2 3 4 6 7 8 9 10,0.0157572,23.7558,Yes,N/A,2,3,4,2 3,6,7,8,9,10,2 9,2 10
1 2 3 4 6 7 8 9 10 11,0.0117194,27.5804,Yes,N/A,2,3,4,1 4,6,7,8,9,10,11,1 11
1 2 3 4 6 7 8 9 10 11 12,0.00237849,38.4169,Yes,N/A,2,3,4,1 4,6,7,8,9,10,11,12
2 3 4 7 9 11,0.00855222,24.3398,Yes,N/A,2,3,4,2 3,2 4,7,N/A,9,3 7,11,3 9
2 3 4 7 9 11 12,0.00118411,35.7105,Yes,N/A,2,3,4,2 3,2 4,7,N/A,9,3 7,11,12
2 3 4 7 9 10 12,0.00188714,33.9092,Yes,N/A,2,3,4,2 3,2 4,7,N/A,9,10,2 9,12
2 3 4 7 9 10 11,0.00369966,32.2253,Yes,N/A,2,3,4,2 3,2 4,7,N/A,9,10,11,2 10
2 3 4 7 9 10 11 12,0.000592164,43.6167,Yes,N/A,2,3,4,2 3,2 4,7,N/A,9,10,11,12
2 3 4 7 8 10 12,0.00312127,29.4582,Yes,N/A,2,3,4,2 3,2 4,7,8,2 7,10,3 8,12
2 3 4 7 8 10 11,0.00601328,27.8147,Yes,N/A,2,3,4,2 3,2 4,7,8,2 7,10,11,2 10
2 3 4 7 8 10 11 12,0.000972355,38.9475,Yes,N/A,2,3,4,2 3,2 4,7,8,2 7,10,11,12
2 3 4 7 8 9 11,0.00856402,25.7431,Yes,N/A,2,3,4,2 3,2 4,7,8,9,2 8,11,3 9
2 3 4 7 8 9 11 12,0.00137682,36.9608,Yes,N/A,2,3,4,2 3,2 4,7,8,9,2 8,11,12
2 3 4 7 8 9 10 12,0.00216481,34.8644,Yes,N/A,2,3,4,2 3,2 4,7,8,9,10,2 9,12
2 3 4 7 8 9 10 11,0.00415168,32.9507,Yes,N/A,2,3,4,2 3,2 4,7,8,9,10,11,2 10
2 3 4 7 8 9 10 11 12,0.000762443,44.0776,Yes,N/A,2,3,4,2 3,2 4,7,8,9,10,11,12
1 2 3 4 5,0.160415,3.98423,Yes,N/A,2,3,4,5,1 5,2 5,3 5,4 5,1 4 5,2 4 5,3 4 5
1 2 3 4 5 12,0.0143203,15.0592,Yes,N/A,2,3,4,5,1 5,2 5,3 5,4 5,1 4 5,2 4 5,12
2 3 4 5,0.130873,4.89969,Yes,N/A,2,3,4,5,2 4,2 5,3 5,4 5,2 3 5,2 4 5,3 4 5
1 2 3 4 5 11,0.0371783,12.6996,Yes,N/A,2,3,4,5,1 5,2 5,3 5,4 5,1 4 5,11,1 11
1 2 3 4 5 11 12,0.0038397,24.1639,Yes,N/A,2,3,4,5,1 5,2 5,3 5,4 5,1 4 5,11,12
2 3 4 5 12,0.0113574,16.1498,Yes,N/A,2,3,4,5,2 4,2 5,3 5,4 5,2 3 5,2 4 5,12
1 2 3 4 5 10,0.0666021,10.1952,Yes,N/A,2,3,4,5,1 5,2 5,3 5,4 5,10,1 10,2 10
1 2 3 4 5 10 12,0.00732734,21.4464,Yes,N/A,2,3,4,5,1 5,2 5,3 5,4 5,10,1 10,12
2 3 4 5 10,0.0385302,12.6619,Yes,N/A,2,3,4,5,2 4,2 5,3 5,4 5,10,2 4 5,2 10
1 2 3 4 5 10 11,0.0159849,19.6577,Yes,N/A,2,3,4,5,1 5,2 5,3 5,4 5,10,11,1 11
1 2 3 4 5 10 11 12,0.00202477,31.1517,Yes,N/A,2,3,4,5,1 5,2 5,3 5,4 5,10,11,12
2 3 4 5 11,0.0223289,14.5162,Yes,N/A,2,3,4,5,2 4,2 5,3 5,4 5,2 3 5,11,3 4 5
2 3 4 5 11 12,0.00258234,25.6603,Yes,N/A,2,3,4,5,2 4,2 5,3 5,4 5,2 3 5,11,12
1 2 3 4 5 9,0.096095,8.04074,Yes,N/A,2,3,4,5,1 5,2 5,3 5,9,1 9,2 9,3 9
1 2 3 4 5 9 12,0.010737,19.2186,Yes,N/A,2,3,4,5,1 5,2 5,3 5,9,1 9,2 9,12
2 3 4 5 9,0.0581466,10.9009,Yes,N/A,2,3,4,5,2 4,2 5,3 5,9,2 3 5,2 9,3 9
1 2 3 4 5 9 11,0.0240532,17.1061,Yes,N/A,2,3,4,5,1 5,2 5,3 5,9,1 9,11,1 11
1 2 3 4 5 9 11 12,0.00311186,28.4299,Yes,N/A,2,3,4,5,1 5,2 5,3 5,9,1 9,11,12
2 3 4 5 9 12,0.00618316,22.2538,Yes,N/A,2,3,4,5,2 4,2 5,3 5,9,2 3 5,2 9,12
1 2 3 4 5 9 10,0.0387583,15.1502,Yes,N/A,2,3,4,5,1 5,2 5,3 5,9,10,1 10,2 10
1 2 3 4 5 9 10 12,0.00517031,26.3562,Yes,N/A,2,3,4,5,1 5,2 5,3 5,9,10,1 10,12
2 3 4 5 9 10,0.0207524,18.1793,Yes,N/A,2,3,4,5,2 4,2 5,3 5,9,10,2 9,2 10
1 2 3 4 5 9 10 11,0.0108016,24.5504,Yes,N/A,2,3,4,5,1 5,2 5,3 5,9,10,11,1 11
1 2 3 4 5 9 10 11 12,0.00163347,35.9397,Yes,N/A,2,3,4,5,1 5,2 5,3 5,9,10,11,12
2 3 4 5 10 12,0.00407236,24.0827,Yes,N/A,2,3,4,5,2 4,2 5,3 5,4 5,10,2 4 5,12
2 3 4 5 10 11,0.0087139,21.9372,Yes,N/A,2,3,4,5,2 4,2 5,3 5,4 5,10,11,2 10
2 3 4 5 10 11 12,0.00115615,33.2802,Yes,N/A,2,3,4,5,2 4,2 5,3 5,4 5,10,11,12
1 2 3 4 5 8,0.121082,6.25725,Yes,N/A,2,3,4,5,1 5,2 5,8,1 8,2 8,3 8,4 8
1 2 3 4 5 8 12,0.0135991,17.2872,Yes,N/A,2,3,4,5,1 5,2 5,8,1 8,2 8,3 8,12
2 3 4 5 8,0.0795134,8.9905,Yes,N/A,2,3,4,5,2 4,2 5,8,4 5,2 8,3 8,4 8
1 2 3 4 5 8 11,0.0315041,15.1167,Yes,N/A,2,3,4,5,1 5,2 5,8,1 8,2 8,11,1 11
1 2 3 4 5 8 11 12,0.0040628,26.3697,Yes,N/A,2,3,4,5,1 5,2 5,8,1 8,2 8,11,12
2 3 4 5 8 12,0.00855652,20.1599,Yes,N/A,2,3,4,5,2 4,2 5,8,4 5,2 8,3 8,12
1 2 3 4 5 8 10,0.0513234,12.8351,Yes,N/A,2,3,4,5,1 5,2 5,8,1 8,10,1 10,2 10
1 2 3 4 5 8 10 12,0.00687239,23.9421,Yes,N/A,2,3,4,5,1 5,2 5,8,1 8,10,1 10,12
2 3 4 5 8 10,0.027023,16.6555,Yes,N/A,2,3,4,5,2 4,2 5,8,4 5,10,3 8,2 10
1 2 3 4 5 8 10 11,0.014378,21.9943,Yes,N/A,2,3,4,5,1 5,2 5,8,1 8,10,11,1 11
1 2 3 4 5 8 10 11 12,0.00219353,33.2418,Yes,N/A,2,3,4,5,1 5,2 5,8,1 8,10,11,12
2 3 4 5 8 11,0.0161382,18.7109,Yes,N/A,2,3,4,5,2 4,2 5,8,4 5,2 8,11,4 8
2 3 4 5 8 11 12,0.00220714,29.8208,Yes,N/A,2,3,4,5,2 4,2 5,8,4 5,2 8,11,12
1 2 3 4 5 8 9,0.0707652,11.0207,Yes,N/A,2,3,4,5,1 5,2 5,8,9,1 9,2 9,3 9
1 2 3 4 5 8 9 12,0.00955484,22.0668,Yes,N/A,2,3,4,5,1 5,2 5,8,9,1 9,2 9,12
2 3 4 5 8 9,0.0400396,14.603,Yes,N/A,2,3,4,5,2 4,2 5,8,9,2 8,2 9,3 9
1 2 3 4 5 8 9 11,0.0204492,19.952,Yes,N/A,2,3,4,5,1 5,2 5,8,9,1 9,11,1 11
1 2 3 4 5 8 9 11 12,0.00313659,31.1293,Yes,N/A,2,3,4,5,1 5,2 5,8,9,1 9,11,12
2 3 4 5 8 9 12,0.00514015,25.9114,Yes,N/A,2,3,4,5,2 4,2 5,8,9,2 8,2 9,12
1 2 3 4 5 8 9 10,0.031851,17.9488,Yes,N/A,2,3,4,5,1 5,2 5,8,9,10,1 10,2 10
1 2 3 4 5 8 9 10 12,0.00501819,29.0013,Yes,N/A,2,3,4,5,1 5,2 5,8,9,10,1 10,12
2 3 4 5 8 9 10,0.0160035,21.7335,Yes,N/A,2,3,4,5,2 4,2 5,8,9,10,2 9,2 10
1 2 3 4 5 8 9 10 11,0.01022,27.0616,Yes,N/A,2,3,4,5,1 5,2 5,8,9,10,11,1 11
1 2 3 4 5 8 9 10 11 12,0.00179841,38.2802,Yes,N/A,2,3,4,5,1 5,2 5,8,9,10,11,12
2 3 4 5 9 11,0.0117233,20.6225,Yes,N/A,2,3,4,5,2 4,2 5,3 5,9,2 3 5,11,3 9
2 3 4 5 9 11 12,0.00158652,31.9015,Yes,N/A,2,3,4,5,2 4,2 5,3 5,9,2 3 5,11,12
2 3 4 5 9 10 12,0.00269334,29.546,Yes,N/A,2,3,4,5,2 4,2 5,3 5,9,10,2 9,12
2 3 4 5 9 10 11,0.00533984,27.5883,Yes,N/A,2,3,4,5,2 4,2 5,3 5,9,10,11,2 10
2 3 4 5 9 10 11 12,0.000834909,38.9139,Yes,N/A,2,3,4,5,2 4,2 5,3 5,9,10,11,12
1 2 3 4 5 7,0.136986,5.1195,Yes,N/A,2,3,4,5,1 5,7,1 7,2 7,3 7,4 7,5 7
1 2 3 4 5 7 12,0.0152927,16.0547,Yes,N/A,2,3,4,5,1 5,7,1 7,2 7,3 7,4 7,12
2 3 4 5 7,0.0993084,7.57236,Yes,N/A,2,3,4,5,2 4,7,3 5,2 7,3 7,4 7,5 7
1 2 3 4 5 7 11,0.0360542,13.7247,Yes,N/A,2,3,4,5,1 5,7,1 7,2 7,3 7,11,1 11
1 2 3 4 5 7 11 12,0.00461224,24.9274,Yes,N/A,2,3,4,5,1 5,7,1 7,2 7,3 7,11,12
2 3 4 5 7 12,0.0104869,18.734,Yes,N/A,2,3,4,5,2 4,7,3 5,2 7,3 7,4 7,12
1 2 3 4 5 7 10,0.059649,11.5469,Yes,N/A,2,3,4,5,1 5,7,1 7,2 7,10,1 10,2 10
1 2 3 4 5 7 10 12,0.00793443,22.6027,Yes,N/A,2,3,4,5,1 5,7,1 7,2 7,10,1 10,12
2 3 4 5 7 10,0.0335386,15.115,Yes,N/A,2,3,4,5,2 4,7,3 5,2 7,10,4 7,2 10
1 2 3 4 5 7 10 11,0.0167205,20.5673,Yes,N/A,2,3,4,5,1 5,7,1 7,2 7,10,11,1 11
1 2 3 4 5 7 10 11 12,0.00253918,31.7686,Yes,N/A,2,3,4,5,1 5,7,1 7,2 7,10,11,12
2 3 4 5 7 11,0.0203824,16.9246,Yes,N/A,2,3,4,5,2 4,7,3 5,2 7,3 7,11,5 7
2 3 4 5 7 11 12,0.00276187,27.9944,Yes,N/A,2,3,4,5,2 4,7,3 5,2 7,3 7,11,12
1 2 3 4 5 7 9,0.0828938,9.58119,Yes,N/A,2,3,4,5,1 5,7,1 7,9,1 9,2 9,3 9
1 2 3 4 5 7 9 12,0.0111331,20.5681,Yes,N/A,2,3,4,5,1 5,7,1 7,9,1 9,2 9,12
2 3 4 5 7 9,0.0483147,13.5135,Yes,N/A,2,3,4,5,2 4,7,3 5,9,3 7,2 9,3 9
1 2 3 4 5 7 9 11,0.0234498,18.4899,Yes,N/A,2,3,4,5,1 5,7,1 7,9,1 9,11,1 11
1 2 3 4 5 7 9 11 12,0.0036067,29.5571,Yes,N/A,2,3,4,5,1 5,7,1 7,9,1 9,11,12
2 3 4 5 7 9 12,0.00625145,24.6253,Yes,N/A,2,3,4,5,2 4,7,3 5,9,3 7,2 9,12
1 2 3 4 5 7 9 10,0.0371214,16.334,Yes,N/A,2,3,4,5,1 5,7,1 7,9,10,1 10,2 10
1 2 3 4 5 7 9 10 12,0.00581222,27.3518,Yes,N/A,2,3,4,5,1 5,7,1 7,9,10,1 10,12
2 3 4 5 7 9 10,0.0194956,20.612,Yes,N/A,2,3,4,5,2 4,7,3 5,9,10,2 9,2 10
1 2 3 4 5 7 9 10 11,0.011771,25.2875,Yes,N/A,2,3,4,5,1 5,7,1 7,9,10,11,1 11
1 2 3 4 5 7 9 10 11 12,0.00207499,36.3786,Yes,N/A,2,3,4,5,1 5,7,1 7,9,10,11,12
2 3 4 5 7 10 12,0.00420642,26.4373,Yes,N/A,2,3,4,5,2 4,7,3 5,2 7,10,4 7,12
2 3 4 5 7 10 11,0.00875557,24.1261,Yes,N/A,2,3,4,5,2 4,7,3 5,2 7,10,11,2 10
2 3 4 5 7 10 11 12,0.00135121,35.3246,Yes,N/A,2,3,4,5,2 4,7,3 5,2 7,10,11,12
1 2 3 4 5 7 8,0.105443,7.6176,Yes,N/A,2,3,4,5,1 5,7,8,1 8,2 8,3 8,4 8
1 2 3 4 5 7 8 12,0.0142293,18.439,Yes,N/A,2,3,4,5,1 5,7,8,1 8,2 8,3 8,12
2 3 4 5 7 8,0.0655482,11.3318,Yes,N/A,2,3,4,5,2 4,7,8,2 7,2 8,3 8,4 8
1 2 3 4 5 7 8 11,0.0312824,16.1585,Yes,N/A,2,3,4,5,1 5,7,8,1 8,2 8,11,1 11
1 2 3 4 5 7 8 11 12,0.00476425,27.1702,Yes,N/A,2,3,4,5,1 5,7,8,1 8,2 8,11,12
2 3 4 5 7 8 12,0.0084227,22.4073,Yes,N/A,2,3,4,5,2 4,7,8,2 7,2 8,3 8,12
1 2 3 4 5 7 8 10,0.0491516,13.9178,Yes,N/A,2,3,4,5,1 5,7,8,1 8,10,1 10,2 10
1 2 3 4 5 7 8 10 12,0.00769071,24.8122,Yes,N/A,2,3,4,5,1 5,7,8,1 8,10,1 10,12
2 3 4 5 7 8 10,0.0254915,18.5948,Yes,N/A,2,3,4,5,2 4,7,8,2 7,10,3 8,2 10
1 2 3 4 5 7 8 10 11,0.0157192,22.6358,Yes,N/A,2,3,4,5,1 5,7,8,1 8,10,11,1 11
1 2 3 4 5 7 8 10 11 12,0.00277183,33.603,Yes,N/A,2,3,4,5,1 5,7,8,1 8,10,11,12
2 3 4 5 7 8 11,0.0158926,20.6292,Yes,N/A,2,3,4,5,2 4,7,8,2 7,2 8,11,4 8
2 3 4 5 7 8 11 12,0.00250881,31.63,Yes,N/A,2,3,4,5,2 4,7,8,2 7,2 8,11,12
1 2 3 4 5 7 8 9,0.0668597,11.94,Yes,N/A,2,3,4,5,1 5,7,8,9,1 9,2 9,3 9
1 2 3 4 5 7 8 9 12,0.0105702,22.744,Yes,N/A,2,3,4,5,1 5,7,8,9,1 9,2 9,12
2 3 4 5 7 8 9,0.0367463,16.4011,Yes,N/A,2,3,4,5,2 4,7,8,9,2 8,2 9,3 9
1 2 3 4 5 7 8 9 11,0.0218562,20.4579,Yes,N/A,2,3,4,5,1 5,7,8,9,1 9,11,1 11
1 2 3 4 5 7 8 9 11 12,0.00387165,31.3539,Yes,N/A,2,3,4,5,1 5,7,8,9,1 9,11,12
2 3 4 5 7 8 9 12,0.00556058,27.5004,Yes,N/A,2,3,4,5,2 4,7,8,9,2 8,2 9,12
1 2 3 4 5 7 8 9 10,0.0335225,18.2611,Yes,N/A,2,3,4,5,1 5,7,8,9,10,1 10,2 10
1 2 3 4 5 7 8 9 10 12,0.00605845,29.0409,Yes,N/A,2,3,4,5,1 5,7,8,9,10,1 10,12
2 3 4 5 7 8 9 10,0.0165278,23.3347,Yes,N/A,2,3,4,5,2 4,7,8,9,10,2 9,2 10
1 2 3 4 5 7 8 9 10 11,0.0120964,26.8163,Yes,N/A,2,3,4,5,1 5,7,8,9,10,11,1 11
1 2 3 4 5 7 8 9 10 11 12,0.00242214,37.6804,Yes,N/A,2,3,4,5,1 5,7,8,9,10,11,12
2 3 4 5 8 10 12,0.00346729,27.9358,Yes,N/A,2,3,4,5,2 4,2 5,8,4 5,10,3 8,12
2 3 4 5 8 10 11,0.00677291,26.2699,Yes,N/A,2,3,4,5,2 4,2 5,8,4 5,10,11,2 10
2 3 4 5 8 10 11 12,0.0010634,37.4716,Yes,N/A,2,3,4,5,2 4,2 5,8,4 5,10,11,12
2 3 4 5 8 9 11,0.00981181,24.1027,Yes,N/A,2,3,4,5,2 4,2 5,8,9,2 8,11,3 9
2 3 4 5 8 9 11 12,0.00153528,35.3581,Yes,N/A,2,3,4,5,2 4,2 5,8,9,2 8,11,12
2 3 4 5 8 9 10 12,0.00246179,32.9137,Yes,N/A,2,3,4,5,2 4,2 5,8,9,10,2 9,12
2 3 4 5 8 9 10 11,0.00472966,31.0817,Yes,N/A,2,3,4,5,2 4,2 5,8,9,10,11,2 10
2 3 4 5 8 9 10 11 12,0.000855121,42.2052,Yes,N/A,2,3,4,5,2 4,2 5,8,9,10,11,12
1 2 3 4 5 6,0.146797,4.44772,Yes,N/A,2,3,4,5,6,1 6,2 6,3 6,4 6,5 6,1 5 6
1 2 3 4 5 6 12,0.0160624,15.2996,Yes,N/A,2,3,4,5,6,1 6,2 6,3 6,4 6,5 6,12
2 3 4 5 6,0.115167,6.36961,Yes,N/A,2,3,4,5,6,2 5,2 6,3 6,4 6,5 6,2 4 6
1 2 3 4 5 6 11,0.0389943,12.8576,Yes,N/A,2,3,4,5,6,1 6,2 6,3 6,4 6,11,1 11
1 2 3 4 5 6 11 12,0.00484323,24.1071,Yes,N/A,2,3,4,5,6,1 6,2 6,3 6,4 6,11,12
2 3 4 5 6 12,0.0119648,17.3385,Yes,N/A,2,3,4,5,6,2 5,2 6,3 6,4 6,5 6,12
1 2 3 4 5 6 10,0.0662389,10.5168,Yes,N/A,2,3,4,5,6,1 6,2 6,3 6,10,1 10,2 10
1 2 3 4 5 6 10 12,0.00864513,21.5337,Yes,N/A,2,3,4,5,6,1 6,2 6,3 6,10,1 10,12
2 3 4 5 6 10,0.039541,13.598,Yes,N/A,2,3,4,5,6,2 5,2 6,3 6,10,5 6,2 10
1 2 3 4 5 6 10 11,0.0183791,19.5353,Yes,N/A,2,3,4,5,6,1 6,2 6,3 6,10,11,1 11
1 2 3 4 5 6 10 11 12,0.00272316,30.791,Yes,N/A,2,3,4,5,6,1 6,2 6,3 6,10,11,12
2 3 4 5 6 11,0.0229126,15.6536,Yes,N/A,2,3,4,5,6,2 5,2 6,3 6,4 6,11,2 4 6
2 3 4 5 6 11 12,0.00308119,26.4909,Yes,N/A,2,3,4,5,6,2 5,2 6,3 6,4 6,11,12
1 2 3 4 5 6 9,0.0914216,8.683,Yes,N/A,2,3,4,5,6,1 6,2 6,9,1 9,2 9,3 9
1 2 3 4 5 6 9 12,0.0121158,19.6006,Yes,N/A,2,3,4,5,6,1 6,2 6,9,1 9,2 9,12
2 3 4 5 6 9,0.0572311,11.9339,Yes,N/A,2,3,4,5,6,2 5,2 6,9,4 6,2 9,3 9
1 2 3 4 5 6 9 11,0.0261942,17.2534,Yes,N/A,2,3,4,5,6,1 6,2 6,9,1 9,11,1 11
1 2 3 4 5 6 9 11 12,0.00394948,28.327,Yes,N/A,2,3,4,5,6,1 6,2 6,9,1 9,11,12
2 3 4 5 6 9 12,0.0071129,23.1209,Yes,N/A,2,3,4,5,6,2 5,2 6,9,4 6,2 9,12
1 2 3 4 5 6 9 10,0.0412016,15.1812,Yes,N/A,2,3,4,5,6,1 6,2 6,9,10,1 10,2 10
1 2 3 4 5 6 9 10 12,0.00637421,26.1319,Yes,N/A,2,3,4,5,6,1 6,2 6,9,10,1 10,12
2 3 4 5 6 9 10,0.0220365,19.1124,Yes,N/A,2,3,4,5,6,2 5,2 6,9,10,2 9,2 10
1 2 3 4 5 6 9 10 11,0.0130416,24.0455,Yes,N/A,2,3,4,5,6,1 6,2 6,9,10,11,1 11
1 2 3 4 5 6 9 10 11 12,0.00226435,35.1635,Yes,N/A,2,3,4,5,6,1 6,2 6,9,10,11,12
2 3 4 5 6 10 12,0.0048742,24.7959,Yes,N/A,2,3,4,5,6,2 5,2 6,3 6,10,5 6,12
2 3 4 5 6 10 11,0.00999193,22.5777,Yes,N/A,2,3,4,5,6,2 5,2 6,3 6,10,11,2 10
2 3 4 5 6 10 11 12,0.00152163,33.6424,Yes,N/A,2,3,4,5,6,2 5,2 6,3 6,10,11,12
1 2 3 4 5 6 8,0.11463,6.83686,Yes,N/A,2,3,4,5,6,1 6,8,1 8,2 8,3 8,4 8
1 2 3 4 5 6 8 12,0.0152403,17.5794,Yes,N/A,2,3,4,5,6,1 6,8,1 8,2 8,3 8,12
2 3 4 5 6 8,0.0801945,9.5568,Yes,N/A,2,3,4,5,6,2 5,8,3 6,2 8,3 8,4 8
1 2 3 4 5 6 8 11,0.0337783,15.2901,Yes,N/A,2,3,4,5,6,1 6,8,1 8,2 8,11,1 11
1 2 3 4 5 6 8 11 12,0.00505141,26.2635,Yes,N/A,2,3,4,5,6,1 6,8,1 8,2 8,11,12
2 3 4 5 6 8 12,0.0100681,20.4873,Yes,N/A,2,3,4,5,6,2 5,8,3 6,2 8,3 8,12
1 2 3 4 5 6 8 10,0.0536237,12.9631,Yes,N/A,2,3,4,5,6,1 6,8,1 8,10,1 10,2 10
1 2 3 4 5 6 8 10 12,0.00825851,23.8343,Yes,N/A,2,3,4,5,6,1 6,8,1 8,10,1 10,12
2 3 4 5 6 8 10,0.0300541,16.8545,Yes,N/A,2,3,4,5,6,2 5,8,3 6,10,3 8,2 10
1 2 3 4 5 6 8 10 11,0.0168326,21.7216,Yes,N/A,2,3,4,5,6,1 6,8,1 8,10,11,1 11
1 2 3 4 5 6 8 10 11 12,0.00291981,32.6969,Yes,N/A,2,3,4,5,6,1 6,8,1 8,10,11,12
2 3 4 5 6 8 11,0.0188391,18.7875,Yes,N/A,2,3,4,5,6,2 5,8,3 6,2 8,11,4 8
2 3 4 5 6 8 11 12,0.00292884,29.5994,Yes,N/A,2,3,4,5,6,2 5,8,3 6,2 8,11,12
1 2 3 4 5 6 8 9,0.0723821,11.0559,Yes,N/A,2,3,4,5,6,1 6,8,9,1 9,2 9,3 9
1 2 3 4 5 6 8 9 12,0.0113013,21.8156,Yes,N/A,2,3,4,5,6,1 6,8,9,1 9,2 9,12
2 3 4 5 6 8 9,0.042471,14.8462,Yes,N/A,2,3,4,5,6,2 5,8,9,2 8,2 9,3 9
1 2 3 4 5 6 8 9 11,0.0234179,19.5166,Yes,N/A,2,3,4,5,6,1 6,8,9,1 9,11,1 11
1 2 3 4 5 6 8 9 11 12,0.00409275,30.3912,Yes,N/A,2,3,4,5,6,1 6,8,9,1 9,11,12
2 3 4 5 6 8 9 12,0.00634008,25.8241,Yes,N/A,2,3,4,5,6,2 5,8,9,2 8,2 9,12
1 2 3 4 5 6 8 9 10,0.03587,17.2923,Yes,N/A,2,3,4,5,6,1 6,8,9,10,1 10,2 10
1 2 3 4 5 6 8 9 10 12,0.00641672,28.0392,Yes,N/A,2,3,4,5,6,1 6,8,9,10,1 10,12
2 3 4 5 6 8 9 10,0.0186212,21.7131,Yes,N/A,2,3,4,5,6,2 5,8,9,10,2 9,2 10
1 2 3 4 5 6 8 9 10 11,0.0127814,25.8561,Yes,N/A,2,3,4,5,6,1 6,8,9,10,11,1 11
1 2 3 4 5 6 8 9 10 11 12,0.00253009,36.7263,Yes,N/A,2,3,4,5,6,1 6,8,9,10,11,12
2 3 4 5 6 9 11,0.01344,21.2083,Yes,N/A,2,3,4,5,6,2 5,2 6,9,4 6,11,3 9
2 3 4 5 6 9 11 12,0.002058,32.3126,Yes,N/A,2,3,4,5,6,2 5,2 6,9,4 6,11,12
2 3 4 5 6 9 10 12,0.00328828,30.2625,Yes,N/A,2,3,4,5,6,2 5,2 6,9,10,2 9,12
2 3 4 5 6 9 10 11,0.00644475,27.988,Yes,N/A,2,3,4,5,6,2 5,2 6,9,10,11,2 10
2 3 4 5 6 9 10 11 12,0.00113836,39.0485,Yes,N/A,2,3,4,5,6,2 5,2 6,9,10,11,12
1 2 3 4 5 6 7,0.131583,5.71321,Yes,N/A,2,3,4,5,6,7,1 7,2 7,3 7,4 7,5 7
1 2 3 4 5 6 7 12,0.0173151,16.3913,Yes,N/A,2,3,4,5,6,7,1 7,2 7,3 7,4 7,12
2 3 4 5 6 7,0.0969515,8.22382,Yes,N/A,2,3,4,5,6,7,2 6,2 7,3 7,4 7,5 7
1 2 3 4 5 6 7 11,0.0398792,13.8876,Yes,N/A,2,3,4,5,6,7,1 7,2 7,3 7,11,1 11
1 2 3 4 5 6 7 11 12,0.00584297,24.89,Yes,N/A,2,3,4,5,6,7,1 7,2 7,3 7,11,12
2 3 4 5 6 7 12,0.0120744,19.1375,Yes,N/A,2,3,4,5,6,7,2 6,2 7,3 7,4 7,12
1 2 3 4 5 6 7 10,0.0640769,11.4917,Yes,N/A,2,3,4,5,6,7,1 7,2 7,10,1 10,2 10
1 2 3 4 5 6 7 10 12,0.00981744,22.2638,Yes,N/A,2,3,4,5,6,7,1 7,2 7,10,1 10,12
2 3 4 5 6 7 10,0.0363115,15.35,Yes,N/A,2,3,4,5,6,7,2 6,2 7,10,4 7,2 10
1 2 3 4 5 6 7 10 11,0.0202954,20.0678,Yes,N/A,2,3,4,5,6,7,1 7,2 7,10,11,1 11
1 2 3 4 5 6 7 10 11 12,0.00348236,31.0337,Yes,N/A,2,3,4,5,6,7,1 7,2 7,10,11,12
2 3 4 5 6 7 11,0.0228522,17.3124,Yes,N/A,2,3,4,5,6,7,2 6,2 7,3 7,11,5 7
2 3 4 5 6 7 11 12,0.0035306,28.1252,Yes,N/A,2,3,4,5,6,7,2 6,2 7,3 7,11,12
1 2 3 4 5 6 7 9,0.0864483,9.49374,Yes,N/A,2,3,4,5,6,7,1 7,9,1 9,2 9,3 9
1 2 3 4 5 6 7 9 12,0.0134282,20.1697,Yes,N/A,2,3,4,5,6,7,1 7,9,1 9,2 9,12
2 3 4 5 6 7 9,0.0511089,13.5218,Yes,N/A,2,3,4,5,6,7,2 6,9,3 7,2 9,3 9
1 2 3 4 5 6 7 9 11,0.0279032,17.8095,Yes,N/A,2,3,4,5,6,7,1 7,9,1 9,11,1 11
1 2 3 4 5 6 7 9 11 12,0.00484523,28.623,Yes,N/A,2,3,4,5,6,7,1 7,9,1 9,11,12
2 3 4 5 6 7 9 12,0.00759088,24.4537,Yes,N/A,2,3,4,5,6,7,2 6,9,3 7,2 9,12
1 2 3 4 5 6 7 9 10,0.0430472,15.5557,Yes,N/A,2,3,4,5,6,7,1 7,9,10,1 10,2 10
1 2 3 4 5 6 7 9 10 12,0.0076447,26.2569,Yes,N/A,2,3,4,5,6,7,1 7,9,10,1 10,12
2 3 4 5 6 7 9 10,0.0224866,20.2625,Yes,N/A,2,3,4,5,6,7,2 6,9,10,2 9,2 10
1 2 3 4 5 6 7 9 10 11,0.0152942,23.9322,Yes,N/A,2,3,4,5,6,7,1 7,9,10,11,1 11
1 2 3 4 5 6 7 9 10 11 12,0.00301201,34.731,Yes,N/A,2,3,4,5,6,7,1 7,9,10,11,12
2 3 4 5 6 7 10 12,0.0053089,26.3704,Yes,N/A,2,3,4,5,6,7,2 6,2 7,10,4 7,12
2 3 4 5 6 7 10 11,0.0105241,24.1664,Yes,N/A,2,3,4,5,6,7,2 6,2 7,10,11,2 10
2 3 4 5 6 7 10 11 12,0.00184441,35.0429,Yes,N/A,2,3,4,5,6,7,2 6,2 7,10,11,12
1 2 3 4 5 6 7 8,0.106031,7.81025,Yes,N/A,2,3,4,5,6,7,8,1 8,2 8,3 8,4 8
1 2 3 4 5 6 7 8 12,0.0165256,18.3359,Yes,N/A,2,3,4,5,6,7,8,1 8,2 8,3 8,12
2 3 4 5 6 7 8,0.0683112,11.2154,Yes,N/A,2,3,4,5,6,7,8,2 7,2 8,3 8,4 8
1 2 3 4 5 6 7 8 11,0.0359991,15.7611,Yes,N/A,2,3,4,5,6,7,8,1 8,2 8,11,1 11
1 2 3 4 5 6 7 8 11 12,0.00618191,26.5351,Yes,N/A,2,3,4,5,6,7,8,1 8,2 8,11,12
2 3 4 5 6 7 8 12,0.0101956,21.9813,Yes,N/A,2,3,4,5,6,7,8,2 7,2 8,3 8,12
1 2 3 4 5 6 7 8 10,0.0553498,13.3314,Yes,N/A,2,3,4,5,6,7,8,1 8,10,1 10,2 10
1 2 3 4 5 6 7 8 10 12,0.00981312,23.9166,Yes,N/A,2,3,4,5,6,7,8,1 8,10,1 10,12
2 3 4 5 6 7 8 10,0.029718,17.8927,Yes,N/A,2,3,4,5,6,7,8,2 7,10,3 8,2 10
1 2 3 4 5 6 7 8 10 11,0.0198015,21.5489,Yes,N/A,2,3,4,5,6,7,8,1 8,10,11,1 11
1 2 3 4 5 6 7 8 10 11 12,0.00388714,32.2489,Yes,N/A,2,3,4,5,6,7,8,1 8,10,11,12
2 3 4 5 6 7 8 11,0.0189748,20.0972,Yes,N/A,2,3,4,5,6,7,8,2 7,2 8,11,4 8
2 3 4 5 6 7 8 11 12,0.00338999,30.7362,Yes,N/A,2,3,4,5,6,7,8,2 7,2 8,11,12
1 2 3 4 5 6 7 8 9,0.0731831,11.3697,Yes,N/A,2,3,4,5,6,7,8,9,1 9,2 9,3 9
1 2 3 4 5 6 7 8 9 12,0.0131802,21.7986,Yes,N/A,2,3,4,5,6,7,8,9,1 9,2 9,12
2 3 4 5 6 7 8 9,0.0414329,15.7311,Yes,N/A,2,3,4,5,6,7,8,9,2 8,2 9,3 9
1 2 3 4 5 6 7 8 9 11,0.0270012,19.2292,Yes,N/A,2,3,4,5,6,7,8,9,1 9,11,1 11
1 2 3 4 5 6 7 8 9 11 12,0.0053357,29.8122,Yes,N/A,2,3,4,5,6,7,8,9,1 9,11,12
2 3 4 5 6 7 8 9 12,0.00716992,26.4568,Yes,N/A,2,3,4,5,6,7,8,9,2 8,2 9,12
1 2 3 4 5 6 7 8 9 10,0.0406756,16.8756,Yes,N/A,2,3,4,5,6,7,8,9,10,1 10,2 10
1 2 3 4 5 6 7 8 9 10 12,0.00822884,27.2873,Yes,N/A,2,3,4,5,6,7,8,9,10,1 10,12
2 3 4 5 6 7 8 9 10,0.020672,21.9205,Yes,N/A,2,3,4,5,6,7,8,9,10,2 9,2 10
1 2 3 4 5 6 7 8 9 10 11,0.0162759,24.8079,Yes,N/A,2,3,4,5,6,7,8,9,10,11,1 11
1 2 3 4 5 6 7 8 9 10 11 12,0.00359574,35.3494,Yes,N/A,2,3,4,5,6,7,8,9,10,11,12
2 3 5 6 8 10 11,0.00553342,29.336,No,N/A,2,3,N/A,5,6,2 5,8,3 6,10,11,2 10
2 3 4 6 8 10 12,0.00315843,29.423,No,N/A,2,3,4,2 3,6,3 4,8,3 6,10,3 8,12
2 3 4 6 8 9 11,0.00924453,24.9273,No,N/A,2,3,4,2 3,6,3 4,8,9,2 8,11,3 9
2 3 5 6 8 9 10 11 12,0.00068555,46.2686,No,N/A,2,3,N/A,5,6,2 5,8,9,10,11,12
2 3 4 5 7 8 10 12,0.00382352,29.7242,No,N/A,2,3,4,5,2 4,7,8,2 7,10,3 8,12
2 3 4 5 6 8 9 11,0.0118611,23.921,No,N/A,2,3,4,5,6,2 5,8,9,2 8,11,3 9
2 3 4 5 6 8 9 10 11,0.00619211,30.4986,No,N/A,2,3,4,5,6,2 5,8,9,10,11,2 10
2 3 5 6 7 9 11 12,0.00165127,36.4637,No,N/A,2,3,N/A,5,6,7,2 6,9,3 7,11,12
2 3 4 5 6 7 8 9 11,0.0132286,24.429,No,N/A,2,3,4,5,6,7,8,9,2 8,11,3 9
2 3 5 6 7 8 10 12,0.00317342,33.0469,No,N/A,2,3,N/A,5,6,7,8,2 7,10,3 8,12
2 3 4 5 7 9 10 11,0.00574117,29.7505,No,N/A,2,3,4,5,2 4,7,3 5,9,10,11,2 10
3 5 7 8 9 11 12,0.000604327,43.1027,No,N/A,N/A,3,N/A,5,N/A,7,8,9,3 7,11,12
3 5 7 8 9 11,0.00387972,31.5837,No,N/A,N/A,3,N/A,5,N/A,7,8,9,3 7,11,3 9
3 5 6 8 9 10 11 12,0.000298943,51.3319,No,N/A,N/A,3,N/A,5,6,N/A,8,9,10,11,12
3 4 5 6 8 9 10 11 12,0.000606875,46.1309,No,N/A,N/A,3,4,5,6,3 4,8,9,10,11,12
3 4 5 7 9 11 12,0.000945322,38.1977,No,N/A,N/A,3,4,5,N/A,7,3 5,9,3 7,11,12
2 3 4 5 6 8 9 10 11 12,0.00124691,41.3384,No,N/A,2,3,4,5,6,2 5,8,9,10,11,12
2 3 4 6 7 8 9 10 11,0.00537729,32.5419,No,N/A,2,3,4,2 3,6,7,8,9,10,11,2 10
2 3 5 6 8 9 11,0.00755886,27.7047,No,N/A,2,3,N/A,5,6,2 5,8,9,2 8,11,3 9
2 3 5 6 7 9 10 11 12,0.000910578,43.8158,No,N/A,2,3,N/A,5,6,7,2 6,9,10,11,12
2 3 5 6 7 8 9 11,0.00854513,29.2316,No,N/A,2,3,N/A,5,6,7,8,9,2 8,11,3 9
3 5 6 7 9 10 11,0.00280289,35.043,No,N/A,N/A,3,N/A,5,6,7,3 5,9,10,11,3 9
3 4 6 7 9 11,0.00531709,29.2148,No,N/A,N/A,3,4,N/A,6,7,N/A,9,3 7,11,3 9
2 4 6 8 10 11 12,0.000364336,45.2563,No,N/A,2,N/A,4,N/A,6,N/A,8,N/A,10,11,12
2 3 4 6 7 9 11,0.0107043,23.6576,No,N/A,2,3,4,2 3,6,7,2 6,9,3 7,11,3 9
2 3 5 6 7 8 9 11 12,0.00159192,40.2471,No,N/A,2,3,N/A,5,6,7,8,9,2 8,11,12
3 4 6 7 8 9 11 12,0.000887322,42.836,No,N/A,N/A,3,4,N/A,6,7,8,9,3 7,11,12
2 3 4 5 7 9 11 12,0.00182509,34.0496,No,N/A,2,3,4,5,2 4,7,3 5,9,3 7,11,12
2 4 5 7 9 11 12,0.000841683,39.6925,No,N/A,2,N/A,4,5,2 4,7,N/A,9,N/A,11,12
2 3 5 6 8 9 10 11,0.00368481,35.0938,No,N/A,2,3,N/A,5,6,2 5,8,9,10,11,2 10
2 3 4 6 7 8 10 11,0.0072324,28.0729,No,N/A,2,3,4,2 3,6,7,8,2 7,10,11,2 10
3 4 5 7 9 10 11,0.00281215,34.6371,No,N/A,N/A,3,4,5,N/A,7,3 5,9,10,11,3 9
2 3 5 6 8 9 11 12,0.00123102,38.8731,No,N/A,2,3,N/A,5,6,2 5,8,9,2 8,11,12
2 3 4 5 7 8 9 10 11 12,0.00112982,43.0877,No,N/A,2,3,4,5,2 4,7,8,9,10,11,12
2 3 4 5 6 8 10 11,0.00866922,25.8105,No,N/A,2,3,4,5,6,2 5,8,3 6,10,11,2 10
3 4 5 6 7 8 10 12,0.00280112,33.0926,No,N/A,N/A,3,4,5,6,7,8,3 6,10,3 8,12
2 3 5 6 7 9 10 12,0.00256628,34.5936,No,N/A,2,3,N/A,5,6,7,2 6,9,10,2 9,12
2 3 4 5 7 8 9 11,0.0104101,25.5387,No,N/A,2,3,4,5,2 4,7,8,9,2 8,11,3 9
2 4 5 6 7 8 9 10 11,0.00434238,35.7496,No,N/A,2,N/A,4,5,6,7,8,9,10,11,2 10
2 3 4 5 6 7 9 10 11 12,0.00147849,39.8199,No,N/A,2,3,4,5,6,7,2 6,9,10,11,12
3 4 5 7 8 10 11 12,0.000641363,44.6113,No,N/A,N/A,3,4,5,N/A,7,8,4 5,10,11,12
2 3 4 6 7 9 10 11 12,0.000942192,41.9474,No,N/A,2,3,4,2 3,6,7,2 6,9,10,11,12
2 3 4 5 7 8 9 10 11,0.00555075,32.1974,No,N/A,2,3,4,5,2 4,7,8,9,10,11,2 10
2 3 4 5 6 7 8 9 11 12,0.0026677,35.0249,No,N/A,2,3,4,5,6,7,8,9,2 8,11,12
3 4 6 8 10 12,0.00191115,31.4949,No,N/A,N/A,3,4,N/A,6,3 4,8,3 6,10,3 8,12
2 4 6 8 9 10 12,0.000976744,40.5492,No,N/A,2,N/A,4,N/A,6,N/A,8,9,10,2 9,12
2 3 4 5 6 8 9 10 12,0.00323953,32.6481,No,N/A,2,3,4,5,6,2 5,8,9,10,2 9,12
2 4 6 8 10 12,0.00111117,35.9294,No,N/A,2,N/A,4,N/A,6,N/A,8,N/A,10,N/A,12
3 4 5 6 8 9 11,0.0061279,28.5346,No,N/A,N/A,3,4,5,6,3 4,8,9,4 6,11,3 9
3 5 7 9 10 12,0.00114629,36.7538,No,N/A,N/A,3,N/A,5,N/A,7,3 5,9,10,N/A,12
2 3 4 6 8 9 11 12,0.00150076,35.9288,No,N/A,2,3,4,2 3,6,3 4,8,9,2 8,11,12
2 4 6 8 9 11 12,0.000660755,41.6507,No,N/A,2,N/A,4,N/A,6,N/A,8,9,2 8,11,12
2 3 4 5 7 9 11,0.0114962,23.0316,No,N/A,2,3,4,5,2 4,7,3 5,9,3 7,11,3 9
2 3 4 6 7 8 9 10 11 12,0.00110808,43.3564,No,N/A,2,3,4,2 3,6,7,8,9,10,11,12
2 4 6 8 9 10 11 12,0.000325085,50.6247,No,N/A,2,N/A,4,N/A,6,N/A,8,9,10,11,12
2 3 4 5 6 7 8 9 10 11 12,0.00172665,40.7768,No,N/A,2,3,4,5,6,7,8,9,10,11,12
2 4 6 8 10 11,0.00264803,33.4469,No,N/A,2,N/A,4,N/A,6,N/A,8,N/A,10,11,2 10
3 5 6 7 8 10 11 12,0.00061013,44.9429,No,N/A,N/A,3,N/A,5,6,7,8,3 6,10,11,12
2 3 4 5 7 9 10 11 12,0.00102835,40.8876,No,N/A,2,3,4,5,2 4,7,3 5,9,10,11,12
3 5 6 7 8 9 10 11,0.00236573,39.4872,No,N/A,N/A,3,N/A,5,6,7,8,9,10,11,3 9
2 4 6 7 9 11 12,0.000974209,38.0986,No,N/A,2,N/A,4,N/A,6,7,2 6,9,4 6,11,12
2 3 5 7 8 9 10 12,0.00158178,40.5266,No,N/A,2,3,N/A,5,N/A,7,8,9,10,2 9,12
3 5 6 7 9 11 12,0.000964727,38.6898,No,N/A,N/A,3,N/A,5,6,7,3 5,9,3 7,11,12
3 4 5 6 7 9 11 12,0.00137709,37.5023,No,N/A,N/A,3,4,5,6,7,3 5,9,3 7,11,12
3 4 5 7 8 9 10 11 12,0.00049257,50.5395,No,N/A,N/A,3,4,5,N/A,7,8,9,10,11,12
2 3 4 6 7 8 9 11 12,0.00183131,36.8811,No,N/A,2,3,4,2 3,6,7,8,9,2 8,11,12
3 4 5 6 7 8 9 10 11,0.00379209,36.0769,No,N/A,N/A,3,4,5,6,7,8,9,10,11,3 9
2 3 4 5 6 7 9 11 12,0.00247778,33.4807,No,N/A,2,3,4,5,6,7,2 6,9,3 7,11,12
3 4 6 8 9 10 11,0.00235437,36.1238,No,N/A,N/A,3,4,N/A,6,3 4,8,9,10,11,3 9
3 4 5 6 7 8 9 10 12,0.00198898,38.262,No,N/A,N/A,3,4,5,6,7,8,9,10,3 8,12
3 4 5 6 7 8 10 11 12,0.0010248,42.1365,No,N/A,N/A,3,4,5,6,7,8,3 6,10,11,12
3 5 6 7 8 9 11 12,0.000814891,43.4932,No,N/A,N/A,3,N/A,5,6,7,8,9,3 7,11,12
2 4 5 7 8 9 10 11,0.00332684,35.4476,No,N/A,2,N/A,4,5,2 4,7,8,9,10,11,2 10
2 4 5 6 8 9 10 11,0.00348318,34.8115,No,N/A,2,N/A,4,5,6,2 5,8,9,10,11,2 10
3 4 5 6 8 9 11 12,0.00103964,39.6724,No,N/A,N/A,3,4,5,6,3 4,8,9,4 6,11,12
3 4 5 6 7 8 9 10 11 12,0.000833973,46.8761,No,N/A,N/A,3,4,5,6,7,8,9,10,11,12
2 3 5 7 9 10 11,0.0036214,33.7992,No,N/A,2,3,N/A,5,N/A,7,3 5,9,10,11,2 10
2 3 4 6 7 8 10 11 12,0.00131337,39.0366,No,N/A,2,3,4,2 3,6,7,8,2 7,10,11,12
3 5 7 8 9 10 12,0.000893392,41.6014,No,N/A,N/A,3,N/A,5,N/A,7,8,9,10,3 8,12
2 3 4 6 7 9 10 12,0.00267159,32.7956,No,N/A,2,3,4,2 3,6,7,2 6,9,10,2 9,12
3 4 6 7 8 10 11 12,0.000624016,44.874,No,N/A,N/A,3,4,N/A,6,7,8,3 6,10,11,12
2 3 4 5 7 8 9 11 12,0.00187218,36.5531,No,N/A,2,3,4,5,2 4,7,8,9,2 8,11,12
3 4 5 7 8 10 12,0.00201418,34.7572,No,N/A,N/A,3,4,5,N/A,7,8,4 5,10,3 8,12
3 5 6 8 10 12,0.00145013,34.0595,No,N/A,N/A,3,N/A,5,6,N/A,8,3 6,10,3 8,12
2 4 5 6 7 8 10 11,0.00597812,30.8281,No,N/A,2,N/A,4,5,6,7,8,2 7,10,11,2 10
2 4 5 6 7 8 10 11 12,0.00111288,41.9556,No,N/A,2,N/A,4,5,6,7,8,2 7,10,11,12
3 4 6 8 9 10 12,0.00118116,38.043,No,N/A,N/A,3,4,N/A,6,3 4,8,9,10,3 8,12
2 3 4 5 6 7 8 10 12,0.00507114,28.7473,No,N/A,2,3,4,5,6,7,8,2 7,10,3 8,12
3 4 5 6 7 8 9 11,0.00695469,29.5769,No,N/A,N/A,3,4,5,6,7,8,9,3 7,11,3 9
3 5 6 8 9 11,0.00319861,33.0694,No,N/A,N/A,3,N/A,5,6,N/A,8,9,N/A,11,3 9
2 3 4 5 7 8 9 10 12,0.00290951,34.3267,No,N/A,2,3,4,5,2 4,7,8,9,10,2 9,12
2 4 6 8 9 11,0.00451532,30.1424,No,N/A,2,N/A,4,N/A,6,N/A,8,9,2 8,11,4 8
3 4 5 7 9 10 12,0.00143783,36.4547,No,N/A,N/A,3,4,5,N/A,7,3 5,9,10,4 7,12
3 5 7 9 10 11,0.00248787,34.0601,No,N/A,N/A,3,N/A,5,N/A,7,3 5,9,10,11,3 9
3 4 5 7 8 10 11,0.00369794,33.3293,No,N/A,N/A,3,4,5,N/A,7,8,4 5,10,11,4 8
3 4 6 7 9 10 12,0.00109321,39.6581,No,N/A,N/A,3,4,N/A,6,7,N/A,9,10,4 7,12
2 3 4 6 8 10 11,0.00659721,27.0556,No,N/A,2,3,4,2 3,6,3 4,8,3 6,10,11,2 10
2 4 5 7 8 10 11 12,0.000844483,40.9948,No,N/A,2,N/A,4,5,2 4,7,8,2 7,10,11,12
3 5 7 8 10 11,0.00221717,35.0566,No,N/A,N/A,3,N/A,5,N/A,7,8,N/A,10,11,5 7
3 5 6 7 9 10 12,0.00139351,37.1162,No,N/A,N/A,3,N/A,5,6,7,3 5,9,10,5 6,12
2 3 5 6 7 9 10 11,0.00501305,32.5591,No,N/A,2,3,N/A,5,6,7,2 6,9,10,11,2 10
3 4 5 7 9 11,0.00648243,26.8097,No,N/A,N/A,3,4,5,N/A,7,3 5,9,3 7,11,3 9
3 5 7 9 10 11 12,0.000392285,45.566,No,N/A,N/A,3,N/A,5,N/A,7,3 5,9,10,11,12
2 3 5 6 7 9 11,0.0102335,25.3166,No,N/A,2,3,N/A,5,6,7,2 6,9,3 7,11,3 9
3 4 5 6 7 9 11,0.00814406,26.5035,No,N/A,N/A,3,4,5,6,7,3 5,9,3 7,11,3 9
2 4 5 7 8 9 10 11 12,0.000645197,46.5451,No,N/A,2,N/A,4,5,2 4,7,8,9,10,11,12
3 4 6 8 9 11 12,0.000802322,39.6849,No,N/A,N/A,3,4,N/A,6,3 4,8,9,4 6,11,12
2 3 4 5 6 7 8 10 11 12,0.00195098,37.1581,No,N/A,2,3,4,5,6,7,8,2 7,10,11,12
3 5 6 7 8 10 12,0.00178397,35.4138,No,N/A,N/A,3,N/A,5,6,7,8,3 6,10,3 8,12
3 4 5 6 8 10 12,0.00248866,31.3374,No,N/A,N/A,3,4,5,6,3 4,8,3 6,10,3 8,12
3 5 6 7 8 10 11,0.00330797,33.9301,No,N/A,N/A,3,N/A,5,6,7,8,3 6,10,11,5 7
3 5 6 7 9 11,0.00624217,27.4059,No,N/A,N/A,3,N/A,5,6,7,3 5,9,3 7,11,3 9
3 5 7 8 10 11 12,0.000364501,46.5294,No,N/A,N/A,3,N/A,5,N/A,7,8,N/A,10,11,12
2 4 5 6 8 9 11,0.00711415,27.44,No,N/A,2,N/A,4,5,6,2 5,8,9,2 8,11,4 8
3 4 5 7 9 10 11 12,0.000486663,45.9534,No,N/A,N/A,3,4,5,N/A,7,3 5,9,10,11,12
3 4 5 6 8 9 10 11,0.0030519,35.2493,No,N/A,N/A,3,4,5,6,3 4,8,9,10,11,3 9
2 3 4 5 6 7 9 11,0.0139689,22.6492,No,N/A,2,3,4,5,6,7,2 6,9,3 7,11,3 9
3 4 6 8 10 11,0.00374609,29.8173,No,N/A,N/A,3,4,N/A,6,3 4,8,3 6,10,11,4 8
2 4 5 6 8 9 10 12,0.0018054,36.8363,No,N/A,2,N/A,4,5,6,2 5,8,9,10,2 9,12
2 3 5 7 8 10 12,0.00209221,34.4301,No,N/A,2,3,N/A,5,N/A,7,8,2 7,10,3 8,12
3 5 6 8 10 11,0.00248827,33.4203,No,N/A,N/A,3,N/A,5,6,N/A,8,3 6,10,11,N/A
2 4 6 8 9 10 11,0.00196407,38.9306,No,N/A,2,N/A,4,N/A,6,N/A,8,9,10,11,2 10
2 3 5 6 7 8 10 11,0.0060479,31.3251,No,N/A,2,3,N/A,5,6,7,8,2 7,10,11,2 10
3 5 7 9 11 12,0.000859456,37.116,No,N/A,N/A,3,N/A,5,N/A,7,3 5,9,3 7,11,12
2 3 4 6 8 9 10 11,0.00455362,32.1847,No,N/A,2,3,4,2 3,6,3 4,8,9,10,11,2 10
2 3 5 7 9 10 11 12,0.000558946,45.4331,No,N/A,2,3,N/A,5,N/A,7,3 5,9,10,11,12
3 5 6 7 9 10 11 12,0.000508494,46.2373,No,N/A,N/A,3,N/A,5,6,7,3 5,9,10,11,12
3 5 6 8 9 11 12,0.000500372,44.6346,No,N/A,N/A,3,N/A,5,6,N/A,8,9,N/A,11,12
2 4 6 7 8 9 11 12,0.000968243,42.3983,No,N/A,2,N/A,4,N/A,6,7,8,9,2 8,11,12
3 4 5 6 7 9 10 12,0.00199978,35.6816,No,N/A,N/A,3,4,5,6,7,3 5,9,10,4 7,12
3 5 6 7 8 9 10 12,0.00125409,41.2376,No,N/A,N/A,3,N/A,5,6,7,8,9,10,3 8,12
2 3 4 5 7 8 10 11 12,0.00133269,38.7367,No,N/A,2,3,4,5,2 4,7,8,2 7,10,11,12
2 4 5 6 7 9 10 12,0.00226997,35.1668,No,N/A,2,N/A,4,5,6,7,2 6,9,10,2 9,12
2 3 4 5 6 7 8 9 10 11,0.00768932,30.2397,No,N/A,2,3,4,5,6,7,8,9,10,11,2 10
3 4 6 8 9 11,0.00536816,28.2829,No,N/A,N/A,3,4,N/A,6,3 4,8,9,4 6,11,3 9
3 4 6 7 8 9 10 11 12,0.000494272,50.697,No,N/A,N/A,3,4,N/A,6,7,8,9,10,11,12
3 4 6 7 8 9 11,0.00515969,31.5283,No,N/A,N/A,3,4,N/A,6,7,8,9,3 7,11,3 9
3 4 6 8 10 11 12,0.000585782,41.0816,No,N/A,N/A,3,4,N/A,6,3 4,8,3 6,10,11,12
3 4 6 8 9 10 11 12,0.000424121,47.3659,No,N/A,N/A,3,4,N/A,6,3 4,8,9,10,11,12
3 5 6 8 10 11 12,0.000424149,44.2105,No,N/A,N/A,3,N/A,5,6,N/A,8,3 6,10,11,12
3 4 5 7 8 9 11 12,0.000842288,43.2058,No,N/A,N/A,3,4,5,N/A,7,8,9,3 7,11,12
3 4 5 6 8 9 10 12,0.00159746,37.1275,No,N/A,N/A,3,4,5,6,3 4,8,9,10,3 8,12
2 3 4 5 6 8 9 11 12,0.00210748,34.8086,No,N/A,2,3,4,5,6,2 5,8,9,2 8,11,12
2 4 5 7 9 11,0.0056034,28.2949,No,N/A,2,N/A,4,5,2 4,7,N/A,9,N/A,11,5 7
3 5 6 7 8 9 11,0.00453653,32.2938,No,N/A,N/A,3,N/A,5,6,7,8,9,3 7,11,3 9
2 4 6 7 9 11,0.00650096,26.9313,No,N/A,2,N/A,4,N/A,6,7,2 6,9,4 6,11,2 4 6
2 4 5 6 7 8 9 11,0.00764597,29.279,No,N/A,2,N/A,4,5,6,7,8,9,2 8,11,4 8
3 4 6 7 9 10 11,0.0021493,37.9932,No,N/A,N/A,3,4,N/A,6,7,N/A,9,10,11,3 9
2 3 5 6 7 8 9 10 11,0.00460217,36.4585,No,N/A,2,3,N/A,5,6,7,8,9,10,11,2 10
2 3 5 7 9 11 12,0.00112477,37.1215,No,N/A,2,3,N/A,5,N/A,7,3 5,9,3 7,11,12
3 4 5 6 8 10 11 12,0.000810523,40.6665,No,N/A,N/A,3,4,5,6,3 4,8,3 6,10,11,12
2 3 5 6 7 8 10 11 12,0.00112035,42.3571,No,N/A,2,3,N/A,5,6,7,8,2 7,10,11,12
2 4 5 6 8 10 11 12,0.000855023,40.9315,No,N/A,2,N/A,4,5,6,2 5,8,4 5,10,11,12
3 4 6 7 9 10 11 12,0.000386508,49.3691,No,N/A,N/A,3,4,N/A,6,7,N/A,9,10,11,12
2 4 6 7 9 10 11 12,0.000520328,45.8916,No,N/A,2,N/A,4,N/A,6,7,2 6,9,10,11,12
2 4 6 7 8 10 12,0.00192653,35.2819,No,N/A,2,N/A,4,N/A,6,7,8,2 7,10,4 7,12
2 4 6 7 8 10 11,0.00400687,33.1174,No,N/A,2,N/A,4,N/A,6,7,8,2 7,10,11,2 10
2 4 6 7 8 10 11 12,0.00066092,44.586,No,N/A,2,N/A,4,N/A,6,7,8,2 7,10,11,12
2 4 6 7 9 10 12,0.00163529,36.009,No,N/A,2,N/A,4,N/A,6,7,2 6,9,10,2 9,12
2 4 6 7 8 9 11,0.00560732,31.2624,No,N/A,2,N/A,4,N/A,6,7,8,9,2 8,11,4 8
2 4 5 6 7 9 11 12,0.00136482,37.9796,No,N/A,2,N/A,4,5,6,7,2 6,9,4 6,11,12
2 3 4 6 7 9 11 12,0.00170968,34.7183,No,N/A,2,3,4,2 3,6,7,2 6,9,3 7,11,12
2 4 6 7 8 9 10 11,0.00284651,39.0798,No,N/A,2,N/A,4,N/A,6,7,8,9,10,11,2 10
3 5 6 8 9 10 11,0.00162714,39.9301,No,N/A,N/A,3,N/A,5,6,N/A,8,9,10,11,3 9
2 3 4 6 7 9 10 11,0.00513584,30.9741,No,N/A,2,3,4,2 3,6,7,2 6,9,10,11,2 10
2 4 6 7 8 9 10 11 12,0.000546836,50.4627,No,N/A,2,N/A,4,N/A,6,7,8,9,10,11,12
2 4 5 7 9 10 12,0.00161823,36.1408,No,N/A,2,N/A,4,5,2 4,7,N/A,9,10,2 9,12
2 4 5 7 8 10 12,0.00253396,31.9479,No,N/A,2,N/A,4,5,2 4,7,8,2 7,10,4 7,12
2 3 5 7 8 10 11 12,0.000662657,44.1723,No,N/A,2,3,N/A,5,N/A,7,8,2 7,10,11,12
2 3 4 5 6 7 9 10 12,0.00387221,31.188,No,N/A,2,3,4,5,6,7,2 6,9,10,2 9,12
3 4 6 7 8 9 10 12,0.00128148,41.243,No,N/A,N/A,3,4,N/A,6,7,8,9,10,3 8,12
2 4 5 7 8 10 11,0.00512498,29.7071,No,N/A,2,N/A,4,5,2 4,7,8,2 7,10,11,2 10
3 4 5 6 7 8 10 11,0.00522933,31.2517,No,N/A,N/A,3,4,5,6,7,8,3 6,10,11,4 8
2 4 5 7 8 9 11,0.00618678,28.7327,No,N/A,2,N/A,4,5,2 4,7,8,9,2 8,11,4 8
2 3 4 5 6 7 8 9 10 12,0.00407209,32.5917,No,N/A,2,3,4,5,6,7,8,9,10,2 9,12
3 4 5 7 8 9 10 11,0.00252019,39.2003,No,N/A,N/A,3,4,5,N/A,7,8,9,10,11,3 9
2 4 5 6 8 10 12,0.00256818,31.8325,No,N/A,2,N/A,4,5,6,2 5,8,4 5,10,5 6,12
2 3 5 7 8 10 11,0.00410914,32.727,No,N/A,2,3,N/A,5,N/A,7,8,2 7,10,11,2 10
2 4 5 7 8 9 11 12,0.00106606,39.8264,No,N/A,2,N/A,4,5,2 4,7,8,9,2 8,11,12
3 4 5 6 7 9 10 11 12,0.000752064,44.7024,No,N/A,N/A,3,4,5,6,7,3 5,9,10,11,12
2 4 5 7 8 9 10 12,0.00174977,37.4096,No,N/A,2,N/A,4,5,2 4,7,8,9,10,2 9,12
3 5 7 8 9 10 11,0.00174312,39.8848,No,N/A,N/A,3,N/A,5,N/A,7,8,9,10,11,3 9
2 4 5 6 7 9 11,0.00803402,26.8849,No,N/A,2,N/A,4,5,6,7,2 6,9,4 6,11,5 7
2 3 4 6 8 9 10 12,0.00234939,34.1692,No,N/A,2,3,4,2 3,6,3 4,8,9,10,2 9,12
3 4 6 7 8 10 11,0.003492,33.733,No,N/A,N/A,3,4,N/A,6,7,8,3 6,10,11,4 8
2 4 5 6 8 9 11 12,0.00120362,38.4478,No,N/A,2,N/A,4,5,6,2 5,8,9,2 8,11,12
2 4 5 6 7 9 10 11,0.00421894,33.4694,No,N/A,2,N/A,4,5,6,7,2 6,9,10,11,2 10
2 3 4 6 7 8 9 11,0.00995322,26.0352,No,N/A,2,3,4,2 3,6,7,8,9,2 8,11,3 9
2 4 5 6 7 8 10 12,0.00301579,33.0748,No,N/A,2,N/A,4,5,6,7,8,2 7,10,4 7,12
3 5 7 8 9 10 11 12,0.000315725,51.3979,No,N/A,N/A,3,N/A,5,N/A,7,8,9,10,11,12
2 4 5 6 7 8 9 11 12,0.00147394,40.1248,No,N/A,2,N/A,4,5,6,7,8,9,2 8,11,12
2 4 5 6 8 9 10 11 12,0.000666135,45.922,No,N/A,2,N/A,4,5,6,2 5,8,9,10,11,12
2 3 5 7 8 9 10 11 12,0.000557498,50.3678,No,N/A,2,3,N/A,5,N/A,7,8,9,10,11,12
2 3 4 5 6 7 9 10 11,0.00739955,28.9963,No,N/A,2,3,4,5,6,7,2 6,9,10,11,2 10
2 4 5 6 7 8 9 10 12,0.00230215,37.763,No,N/A,2,N/A,4,5,6,7,8,9,10,2 9,12
3 5 6 8 9 10 12,0.000887493,41.1994,No,N/A,N/A,3,N/A,5,6,N/A,8,9,10,3 8,12
2 4 5 6 7 8 9 10 11 12,0.000929541,46.6891,No,N/A,2,N/A,4,5,6,7,8,9,10,11,12
2 3 4 6 7 8 9 10 12,0.00281897,34.6683,No,N/A,2,3,4,2 3,6,7,8,9,10,2 9,12
3 4 6 7 9 11 12,0.000798794,40.6374,No,N/A,N/A,3,4,N/A,6,7,N/A,9,3 7,11,12
2 3 5 7 9 11,0.00810873,25.6942,No,N/A,2,3,N/A,5,N/A,7,3 5,9,3 7,11,3 9
2 3 5 7 9 10 12,0.00182638,35.5253,No,N/A,2,3,N/A,5,N/A,7,3 5,9,10,2 9,12
2 3 4 5 6 8 10 12,0.00441997,27.9515,No,N/A,2,3,4,5,6,2 5,8,3 6,10,3 8,12
2 3 4 6 8 10 11 12,0.00102473,38.4189,No,N/A,2,3,4,2 3,6,3 4,8,3 6,10,11,12
2 3 5 7 8 9 11 12,0.00105192,41.8821,No,N/A,2,3,N/A,5,N/A,7,8,9,2 8,11,12
2 3 5 6 8 10 12,0.00293747,30.8098,No,N/A,2,3,N/A,5,6,2 5,8,3 6,10,3 8,12
3 4 5 6 7 9 10 11,0.00380776,33.8462,No,N/A,N/A,3,4,5,6,7,3 5,9,10,11,3 9
2 3 5 6 7 8 9 10 12,0.00243727,38.3047,No,N/A,2,3,N/A,5,6,7,8,9,10,2 9,12
2 3 4 5 7 9 10 12,0.00295422,31.8266,No,N/A,2,3,4,5,2 4,7,3 5,9,10,2 9,12
2 4 5 7 9 10 11 12,0.000509604,46.049,No,N/A,2,N/A,4,5,2 4,7,N/A,9,10,11,12
3 4 5 6 7 8 9 11 12,0.00133394,40.5673,No,N/A,N/A,3,4,5,6,7,8,9,3 7,11,12
2 3 5 6 8 9 10 12,0.0019605,36.6832,No,N/A,2,3,N/A,5,6,2 5,8,9,10,2 9,12
2 3 4 5 7 8 10 11,0.0074471,27.7277,No,N/A,2,3,4,5,2 4,7,8,2 7,10,11,2 10
2 3 5 7 8 9 10 11,0.00305508,38.8541,No,N/A,2,3,N/A,5,N/A,7,8,9,10,11,2 10
2 3 5 6 7 8 9 10 11 12,0.000956856,47.529,No,N/A,2,3,N/A,5,6,7,8,9,10,11,12
2 3 5 6 8 10 11 12,0.000906273,40.449,No,N/A,2,3,N/A,5,6,2 5,8,3 6,10,11,12
3 5 7 8 10 12,0.00122171,36.344,No,N/A,N/A,3,N/A,5,N/A,7,8,N/A,10,3 8,12
3 4 5 6 8 10 11,0.00464193,29.6974,No,N/A,N/A,3,4,5,6,3 4,8,3 6,10,11,4 8
2 4 6 7 9 10 11,0.00304832,34.5688,No,N/A,2,N/A,4,N/A,6,7,2 6,9,10,11,2 10
2 4 5 7 9 10 11,0.00299771,34.6221,No,N/A,2,N/A,4,5,2 4,7,N/A,9,10,11,2 10
2 4 6 7 8 9 10 12,0.00147954,40.8237,No,N/A,2,N/A,4,N/A,6,7,8,9,10,2 9,12
2 3 4 6 8 9 10 11 12,0.000822309,43.3964,No,N/A,2,3,4,2 3,6,3 4,8,9,10,11,12
3 5 7 9 11,0.00653006,25.5759,No,N/A,N/A,3,N/A,5,N/A,7,3 5,9,3 7,11,3 9
3 4 5 7 8 9 10 12,0.00129746,41.0363,No,N/A,N/A,3,4,5,N/A,7,8,9,10,3 8,12
2 3 5 7 8 9 11,0.00649443,30.4476,No,N/A,2,3,N/A,5,N/A,7,8,9,2 8,11,3 9
2 3 4 5 6 8 10 11 12,0.00152448,36.7832,No,N/A,2,3,4,5,6,2 5,8,3 6,10,11,12
2 3 4 5 6 7 8 10 11,0.00978361,26.4612,No,N/A,2,3,4,5,6,7,8,2 7,10,11,2 10
2 4 5 6 8 10 11,0.00530055,29.5692,No,N/A,2,N/A,4,5,6,2 5,8,4 5,10,11,2 10
3 4 5 7 8 9 11,0.00500752,31.7818,No,N/A,N/A,3,4,5,N/A,7,8,9,3 7,11,3 9
2 3 4 6 7 8 10 12,0.00369614,30.1464,No,N/A,2,3,4,2 3,6,7,8,2 7,10,3 8,12
3 4 6 7 8 9 10 11,0.00245461,39.4995,No,N/A,N/A,3,4,N/A,6,7,8,9,10,11,3 9
2 4 5 6 7 9 10 11 12,0.000806411,44.5477,No,N/A,2,N/A,4,5,6,7,2 6,9,10,11,12
3 4 6 7 8 10 12,0.00188403,35.158,No,N/A,N/A,3,4,N/A,6,7,8,3 6,10,3 8,12
3 5 6 7 8 9 10 11 12,0.00048698,50.6192,No,N/A,N/A,3,N/A,5,6,7,8,9,10,11,12
