Position,Win Probability,Average Score,Was Reached?,1,2,3,4,5,6,7,8,9,10,11,12,13,14,15,16,17,18
,1.0,0,N/A,N/A,N/A,N/A,N/A,N/A,N/A,N/A,N/A,N/A,N/A,N/A,N/A,N/A,N/A,N/A,N/A,N/A,N/A
1,0.166667,0.833333,Yes,1,N/A,N/A,N/A,N/A,N/A,N/A,N/A,N/A,N/A,N/A,N/A,N/A,N/A,N/A,N/A,N/A,N/A
1 13,0.0856481,11.7477,Yes,N/A,N/A,N/A,N/A,N/A,N/A,N/A,N/A,N/A,N/A,N/A,N/A,13,1 13,N/A,N/A,N/A,N/A
1 12,0.116512,10.3279,Yes,N/A,N/A,N/A,N/A,N/A,N/A,N/A,N/A,N/A,N/A,N/A,12,1 12,N/A,N/A,N/A,N/A,N/A
12,0.115741,10.6111,Yes,N/A,N/A,N/A,N/A,N/A,N/A,N/A,N/A,N/A,N/A,N/A,12,N/A,N/A,N/A,N/A,N/A,N/A
1 12 13,0.0292781,21.7581,Yes,N/A,N/A,N/A,N/A,N/A,N/A,N/A,N/A,N/A,N/A,N/A,12,13,1 13,N/A,N/A,N/A,N/A
13,0.0972222,11.7361,Yes,N/A,N/A,N/A,N/A,N/A,N/A,N/A,N/A,N/A,N/A,N/A,N/A,13,N/A,N/A,N/A,N/A,N/A
1 11,0.136574,9.21528,Yes,N/A,N/A,N/A,N/A,N/A,N/A,N/A,N/A,N/A,N/A,11,1 11,N/A,N/A,N/A,N/A,N/A,N/A
11,0.125,9.625,Yes,N/A,N/A,N/A,N/A,N/A,N/A,N/A,N/A,N/A,N/A,11,N/A,N/A,N/A,N/A,N/A,N/A,N/A
1 11 13,0.0439172,19.206,Yes,N/A,N/A,N/A,N/A,N/A,N/A,N/A,N/A,N/A,N/A,11,1 11,13,1 13,N/A,N/A,N/A,N/A
1 11 12,0.042524,19.1822,Yes,N/A,N/A,N/A,N/A,N/A,N/A,N/A,N/A,N/A,N/A,11,12,1 12,N/A,N/A,N/A,N/A,N/A
11 12,0.0289352,19.9034,Yes,N/A,N/A,N/A,N/A,N/A,N/A,N/A,N/A,N/A,N/A,11,12,N/A,N/A,N/A,N/A,N/A,N/A
1 11 12 13,0.0148864,30.1157,Yes,N/A,N/A,N/A,N/A,N/A,N/A,N/A,N/A,N/A,N/A,11,12,13,1 13,N/A,N/A,N/A,N/A
12 13,0.0225051,22.0659,Yes,N/A,N/A,N/A,N/A,N/A,N/A,N/A,N/A,N/A,N/A,N/A,12,13,N/A,N/A,N/A,N/A,N/A
1 10,0.145833,8.35417,Yes,N/A,N/A,N/A,N/A,N/A,N/A,N/A,N/A,N/A,10,1 10,N/A,N/A,N/A,N/A,N/A,N/A,N/A
10,0.125,8.75,Yes,N/A,N/A,N/A,N/A,N/A,N/A,N/A,N/A,N/A,10,N/A,N/A,N/A,N/A,N/A,N/A,N/A,N/A
1 10 13,0.0457176,18.3553,Yes,N/A,N/A,N/A,N/A,N/A,N/A,N/A,N/A,N/A,10,1 10,N/A,13,1 13,N/A,N/A,N/A,N/A
1 10 12,0.0580633,16.7868,Yes,N/A,N/A,N/A,N/A,N/A,N/A,N/A,N/A,N/A,10,1 10,12,1 12,N/A,N/A,N/A,N/A,N/A
10 12,0.0289352,19.0428,Yes,N/A,N/A,N/A,N/A,N/A,N/A,N/A,N/A,N/A,10,N/A,12,N/A,N/A,N/A,N/A,N/A,N/A
1 10 12 13,0.0194187,27.3903,Yes,N/A,N/A,N/A,N/A,N/A,N/A,N/A,N/A,N/A,10,1 10,12,13,1 13,N/A,N/A,N/A,N/A
10 13,0.0243056,20.2066,Yes,N/A,N/A,N/A,N/A,N/A,N/A,N/A,N/A,N/A,10,N/A,N/A,13,N/A,N/A,N/A,N/A,N/A
1 10 11,0.0497685,17.1626,Yes,N/A,N/A,N/A,N/A,N/A,N/A,N/A,N/A,N/A,10,11,1 11,N/A,N/A,N/A,N/A,N/A,N/A
10 11,0.03125,18.0469,Yes,N/A,N/A,N/A,N/A,N/A,N/A,N/A,N/A,N/A,10,11,N/A,N/A,N/A,N/A,N/A,N/A,N/A
1 10 11 13,0.0210262,26.3215,Yes,N/A,N/A,N/A,N/A,N/A,N/A,N/A,N/A,N/A,10,11,1 11,13,1 13,N/A,N/A,N/A,N/A
1 10 11 12,0.0213718,26.4964,Yes,N/A,N/A,N/A,N/A,N/A,N/A,N/A,N/A,N/A,10,11,12,1 12,N/A,N/A,N/A,N/A,N/A
10 11 12,0.0108507,27.8876,Yes,N/A,N/A,N/A,N/A,N/A,N/A,N/A,N/A,N/A,10,11,12,N/A,N/A,N/A,N/A,N/A,N/A
1 10 11 12 13,0.00955308,36.7242,Yes,N/A,N/A,N/A,N/A,N/A,N/A,N/A,N/A,N/A,10,11,12,13,1 13,N/A,N/A,N/A,N/A
11 13,0.0243056,21.0694,Yes,N/A,N/A,N/A,N/A,N/A,N/A,N/A,N/A,N/A,N/A,11,N/A,13,N/A,N/A,N/A,N/A,N/A
11 12 13,0.00843943,30.9652,Yes,N/A,N/A,N/A,N/A,N/A,N/A,N/A,N/A,N/A,N/A,11,12,13,N/A,N/A,N/A,N/A,N/A
1 9,0.14429,7.68904,Yes,N/A,N/A,N/A,N/A,N/A,N/A,N/A,N/A,9,1 9,N/A,N/A,N/A,N/A,N/A,N/A,N/A,N/A
9,0.115741,7.95833,Yes,N/A,N/A,N/A,N/A,N/A,N/A,N/A,N/A,9,N/A,N/A,N/A,N/A,N/A,N/A,N/A,N/A,N/A
1 9 13,0.0441315,17.7565,Yes,N/A,N/A,N/A,N/A,N/A,N/A,N/A,N/A,9,1 9,N/A,N/A,13,1 13,N/A,N/A,N/A,N/A
1 9 12,0.0559056,16.2039,Yes,N/A,N/A,N/A,N/A,N/A,N/A,N/A,N/A,9,1 9,N/A,12,1 12,N/A,N/A,N/A,N/A,N/A
9 12,0.0267918,18.2881,Yes,N/A,N/A,N/A,N/A,N/A,N/A,N/A,N/A,9,N/A,N/A,12,N/A,N/A,N/A,N/A,N/A,N/A
1 9 12 13,0.0186054,26.8669,Yes,N/A,N/A,N/A,N/A,N/A,N/A,N/A,N/A,9,1 9,N/A,12,13,1 13,N/A,N/A,N/A,N/A
9 13,0.0225051,19.4469,Yes,N/A,N/A,N/A,N/A,N/A,N/A,N/A,N/A,9,N/A,N/A,N/A,13,N/A,N/A,N/A,N/A,N/A
1 9 11,0.0628644,15.0408,Yes,N/A,N/A,N/A,N/A,N/A,N/A,N/A,N/A,9,1 9,11,1 11,N/A,N/A,N/A,N/A,N/A,N/A
9 11,0.0289352,17.294,Yes,N/A,N/A,N/A,N/A,N/A,N/A,N/A,N/A,9,N/A,11,N/A,N/A,N/A,N/A,N/A,N/A,N/A
1 9 11 13,0.0243636,23.9532,Yes,N/A,N/A,N/A,N/A,N/A,N/A,N/A,N/A,9,1 9,11,1 11,13,1 13,N/A,N/A,N/A,N/A
1 9 11 12,0.025616,24.0586,Yes,N/A,N/A,N/A,N/A,N/A,N/A,N/A,N/A,9,1 9,11,12,1 12,N/A,N/A,N/A,N/A,N/A
9 11 12,0.0100469,27.1839,Yes,N/A,N/A,N/A,N/A,N/A,N/A,N/A,N/A,9,N/A,11,12,N/A,N/A,N/A,N/A,N/A,N/A
1 9 11 12 13,0.0111116,33.899,Yes,N/A,N/A,N/A,N/A,N/A,N/A,N/A,N/A,9,1 9,11,12,13,1 13,N/A,N/A,N/A,N/A
9 12 13,0.00781429,29.4068,Yes,N/A,N/A,N/A,N/A,N/A,N/A,N/A,N/A,9,N/A,N/A,12,13,N/A,N/A,N/A,N/A,N/A
1 9 10,0.0493827,15.608,Yes,N/A,N/A,N/A,N/A,N/A,N/A,N/A,N/A,9,10,1 10,N/A,N/A,N/A,N/A,N/A,N/A,N/A
9 10,0.0289352,16.4334,Yes,N/A,N/A,N/A,N/A,N/A,N/A,N/A,N/A,9,10,N/A,N/A,N/A,N/A,N/A,N/A,N/A,N/A
1 9 10 13,0.0204315,24.8641,Yes,N/A,N/A,N/A,N/A,N/A,N/A,N/A,N/A,9,10,1 10,N/A,13,1 13,N/A,N/A,N/A,N/A
1 9 10 12,0.0255862,23.1401,Yes,N/A,N/A,N/A,N/A,N/A,N/A,N/A,N/A,9,10,1 10,12,1 12,N/A,N/A,N/A,N/A,N/A
9 10 12,0.0100469,26.3411,Yes,N/A,N/A,N/A,N/A,N/A,N/A,N/A,N/A,9,10,N/A,12,N/A,N/A,N/A,N/A,N/A,N/A
1 9 10 12 13,0.0111,32.9945,Yes,N/A,N/A,N/A,N/A,N/A,N/A,N/A,N/A,9,10,1 10,12,13,1 13,N/A,N/A,N/A,N/A
9 10 13,0.00843943,27.5525,Yes,N/A,N/A,N/A,N/A,N/A,N/A,N/A,N/A,9,10,N/A,N/A,13,N/A,N/A,N/A,N/A,N/A
1 9 10 11,0.0231401,23.7936,Yes,N/A,N/A,N/A,N/A,N/A,N/A,N/A,N/A,9,10,11,1 11,N/A,N/A,N/A,N/A,N/A,N/A
9 10 11,0.0108507,25.3325,Yes,N/A,N/A,N/A,N/A,N/A,N/A,N/A,N/A,9,10,11,N/A,N/A,N/A,N/A,N/A,N/A,N/A
1 9 10 11 13,0.012013,31.8915,Yes,N/A,N/A,N/A,N/A,N/A,N/A,N/A,N/A,9,10,11,1 11,13,1 13,N/A,N/A,N/A,N/A
1 9 10 11 12,0.012607,32.299,Yes,N/A,N/A,N/A,N/A,N/A,N/A,N/A,N/A,9,10,11,12,1 12,N/A,N/A,N/A,N/A,N/A
9 10 11 12,0.00502347,34.6281,Yes,N/A,N/A,N/A,N/A,N/A,N/A,N/A,N/A,9,10,11,12,N/A,N/A,N/A,N/A,N/A,N/A
1 9 10 11 12 13,0.00684706,41.5519,Yes,N/A,N/A,N/A,N/A,N/A,N/A,N/A,N/A,9,10,11,12,13,1 13,N/A,N/A,N/A,N/A
10 12 13,0.00843943,30.1196,Yes,N/A,N/A,N/A,N/A,N/A,N/A,N/A,N/A,N/A,10,N/A,12,13,N/A,N/A,N/A,N/A,N/A
10 11 13,0.00911458,29.1085,Yes,N/A,N/A,N/A,N/A,N/A,N/A,N/A,N/A,N/A,10,11,N/A,13,N/A,N/A,N/A,N/A,N/A
10 11 12 13,0.00421971,38.4196,Yes,N/A,N/A,N/A,N/A,N/A,N/A,N/A,N/A,N/A,10,11,12,13,N/A,N/A,N/A,N/A,N/A
1 8,0.131944,7.16435,Yes,N/A,N/A,N/A,N/A,N/A,N/A,N/A,8,1 8,N/A,N/A,N/A,N/A,N/A,N/A,N/A,N/A,N/A
8,0.0972222,7.22222,Yes,N/A,N/A,N/A,N/A,N/A,N/A,N/A,8,N/A,N/A,N/A,N/A,N/A,N/A,N/A,N/A,N/A,N/A
1 8 13,0.039159,17.3467,Yes,N/A,N/A,N/A,N/A,N/A,N/A,N/A,8,1 8,N/A,N/A,N/A,13,1 13,N/A,N/A,N/A,N/A
1 8 12,0.049447,15.8192,Yes,N/A,N/A,N/A,N/A,N/A,N/A,N/A,8,1 8,N/A,N/A,12,1 12,N/A,N/A,N/A,N/A,N/A
8 12,0.0225051,17.6083,Yes,N/A,N/A,N/A,N/A,N/A,N/A,N/A,8,N/A,N/A,N/A,12,N/A,N/A,N/A,N/A,N/A,N/A
1 8 12 13,0.0163537,26.5952,Yes,N/A,N/A,N/A,N/A,N/A,N/A,N/A,8,1 8,N/A,N/A,12,13,1 13,N/A,N/A,N/A,N/A
8 13,0.0189043,18.7598,Yes,N/A,N/A,N/A,N/A,N/A,N/A,N/A,8,N/A,N/A,N/A,N/A,13,N/A,N/A,N/A,N/A,N/A
1 8 11,0.0554913,14.6673,Yes,N/A,N/A,N/A,N/A,N/A,N/A,N/A,8,1 8,N/A,11,1 11,N/A,N/A,N/A,N/A,N/A,N/A
8 11,0.0243056,16.6163,Yes,N/A,N/A,N/A,N/A,N/A,N/A,N/A,8,N/A,N/A,11,N/A,N/A,N/A,N/A,N/A,N/A,N/A
1 8 11 13,0.0212486,23.7531,Yes,N/A,N/A,N/A,N/A,N/A,N/A,N/A,8,1 8,N/A,11,1 11,13,1 13,N/A,N/A,N/A,N/A
1 8 11 12,0.0224498,23.8294,Yes,N/A,N/A,N/A,N/A,N/A,N/A,N/A,8,1 8,N/A,11,12,1 12,N/A,N/A,N/A,N/A,N/A
8 11 12,0.00843943,26.5824,Yes,N/A,N/A,N/A,N/A,N/A,N/A,N/A,8,N/A,N/A,11,12,N/A,N/A,N/A,N/A,N/A,N/A
1 8 11 12 13,0.00969631,33.8315,Yes,N/A,N/A,N/A,N/A,N/A,N/A,N/A,8,1 8,N/A,11,12,13,1 13,N/A,N/A,N/A,N/A
8 12 13,0.006564,28.7924,Yes,N/A,N/A,N/A,N/A,N/A,N/A,N/A,8,N/A,N/A,N/A,12,13,N/A,N/A,N/A,N/A,N/A
1 8 10,0.0580633,13.7429,Yes,N/A,N/A,N/A,N/A,N/A,N/A,N/A,8,1 8,10,1 10,N/A,N/A,N/A,N/A,N/A,N/A,8 10
8 10,0.0289352,15.6701,Yes,N/A,N/A,N/A,N/A,N/A,N/A,N/A,8,N/A,10,N/A,N/A,N/A,N/A,N/A,N/A,N/A,8 10
1 8 10 13,0.0225668,22.819,Yes,N/A,N/A,N/A,N/A,N/A,N/A,N/A,8,1 8,10,1 10,N/A,13,1 13,N/A,N/A,N/A,8 10
1 8 10 12,0.0280609,21.0792,Yes,N/A,N/A,N/A,N/A,N/A,N/A,N/A,8,1 8,10,1 10,12,1 12,N/A,N/A,N/A,N/A,8 10
8 10 12,0.0095111,25.6374,Yes,N/A,N/A,N/A,N/A,N/A,N/A,N/A,8,N/A,10,N/A,12,N/A,N/A,N/A,N/A,N/A,8 10
1 8 10 12 13,0.0118655,30.644,Yes,N/A,N/A,N/A,N/A,N/A,N/A,N/A,8,1 8,10,1 10,12,13,1 13,N/A,N/A,N/A,8 10
8 10 13,0.00798933,26.841,Yes,N/A,N/A,N/A,N/A,N/A,N/A,N/A,8,N/A,10,N/A,N/A,13,N/A,N/A,N/A,N/A,8 10
1 8 10 11,0.0266311,21.665,Yes,N/A,N/A,N/A,N/A,N/A,N/A,N/A,8,1 8,10,11,1 11,N/A,N/A,N/A,N/A,N/A,8 10
8 10 11,0.010272,24.6312,Yes,N/A,N/A,N/A,N/A,N/A,N/A,N/A,8,N/A,10,11,N/A,N/A,N/A,N/A,N/A,N/A,8 10
1 8 10 11 13,0.0130065,29.5119,Yes,N/A,N/A,N/A,N/A,N/A,N/A,N/A,8,1 8,10,11,1 11,13,1 13,N/A,N/A,N/A,8 10
1 8 10 11 12,0.0139254,29.825,Yes,N/A,N/A,N/A,N/A,N/A,N/A,N/A,8,1 8,10,11,12,1 12,N/A,N/A,N/A,N/A,8 10
8 10 11 12,0.00462159,34.0105,Yes,N/A,N/A,N/A,N/A,N/A,N/A,N/A,8,N/A,10,11,12,N/A,N/A,N/A,N/A,N/A,8 10
1 8 10 11 12 13,0.0073615,38.6432,Yes,N/A,N/A,N/A,N/A,N/A,N/A,N/A,8,1 8,10,11,12,13,1 13,N/A,N/A,N/A,8 10
8 11 13,0.00708912,27.7867,Yes,N/A,N/A,N/A,N/A,N/A,N/A,N/A,8,N/A,N/A,11,N/A,13,N/A,N/A,N/A,N/A,N/A
8 11 12 13,0.003282,37.2619,Yes,N/A,N/A,N/A,N/A,N/A,N/A,N/A,8,N/A,N/A,11,12,13,N/A,N/A,N/A,N/A,N/A
1 8 9,0.0483968,14.0744,Yes,N/A,N/A,N/A,N/A,N/A,N/A,N/A,8,9,1 9,N/A,N/A,N/A,N/A,N/A,N/A,8 9,1 8 9
8 9,0.036394,14.7532,Yes,N/A,N/A,N/A,N/A,N/A,N/A,N/A,8,9,N/A,N/A,N/A,N/A,N/A,N/A,N/A,8 9,N/A
1 8 9 13,0.0200582,23.4718,Yes,N/A,N/A,N/A,N/A,N/A,N/A,N/A,8,9,1 9,N/A,N/A,13,1 13,N/A,N/A,8 9,1 8 9
1 8 9 12,0.0252653,21.7799,Yes,N/A,N/A,N/A,N/A,N/A,N/A,N/A,8,9,1 9,N/A,12,1 12,N/A,N/A,N/A,8 9,1 8 9
8 9 12,0.0110293,24.7357,Yes,N/A,N/A,N/A,N/A,N/A,N/A,N/A,8,9,N/A,N/A,12,N/A,N/A,N/A,N/A,8 9,N/A
1 8 9 12 13,0.0105768,31.7733,Yes,N/A,N/A,N/A,N/A,N/A,N/A,N/A,8,9,1 9,N/A,12,13,1 13,N/A,N/A,8 9,1 8 9
8 9 13,0.00926462,25.9371,Yes,N/A,N/A,N/A,N/A,N/A,N/A,N/A,8,9,N/A,N/A,N/A,13,N/A,N/A,N/A,8 9,N/A
1 8 9 11,0.02831,20.5569,Yes,N/A,N/A,N/A,N/A,N/A,N/A,N/A,8,9,1 9,11,1 11,N/A,N/A,N/A,N/A,8 9,1 8 9
8 9 11,0.0119117,23.7305,Yes,N/A,N/A,N/A,N/A,N/A,N/A,N/A,8,9,N/A,11,N/A,N/A,N/A,N/A,N/A,8 9,N/A
1 8 9 11 13,0.0135958,28.4148,Yes,N/A,N/A,N/A,N/A,N/A,N/A,N/A,8,9,1 9,11,1 11,13,1 13,N/A,N/A,8 9,1 8 9
1 8 9 11 12,0.0144612,28.7151,Yes,N/A,N/A,N/A,N/A,N/A,N/A,N/A,8,9,1 9,11,12,1 12,N/A,N/A,N/A,8 9,1 8 9
8 9 11 12,0.00511278,33.1308,Yes,N/A,N/A,N/A,N/A,N/A,N/A,N/A,8,9,N/A,11,12,N/A,N/A,N/A,N/A,8 9,N/A
1 8 9 11 12 13,0.00751531,37.5337,Yes,N/A,N/A,N/A,N/A,N/A,N/A,N/A,8,9,1 9,11,12,13,1 13,N/A,N/A,8 9,1 8 9
8 9 12 13,0.0039766,35.4325,Yes,N/A,N/A,N/A,N/A,N/A,N/A,N/A,8,9,N/A,N/A,12,13,N/A,N/A,N/A,8 9,N/A
1 8 9 10,0.0248137,21.3817,Yes,N/A,N/A,N/A,N/A,N/A,N/A,N/A,8,9,10,1 10,N/A,N/A,N/A,N/A,N/A,8 9,8 10
8 9 10,0.0129833,22.7889,Yes,N/A,N/A,N/A,N/A,N/A,N/A,N/A,8,9,10,N/A,N/A,N/A,N/A,N/A,N/A,8 9,8 10
1 8 9 10 13,0.012417,29.6589,Yes,N/A,N/A,N/A,N/A,N/A,N/A,N/A,8,9,10,1 10,N/A,13,1 13,N/A,N/A,8 9,8 10
1 8 9 10 12,0.0154716,27.7246,Yes,N/A,N/A,N/A,N/A,N/A,N/A,N/A,8,9,10,1 10,12,1 12,N/A,N/A,N/A,8 9,8 10
8 9 10 12,0.00548488,32.1903,Yes,N/A,N/A,N/A,N/A,N/A,N/A,N/A,8,9,10,N/A,12,N/A,N/A,N/A,N/A,8 9,8 10
1 8 9 10 12 13,0.00794974,36.5376,Yes,N/A,N/A,N/A,N/A,N/A,N/A,N/A,8,9,10,1 10,12,13,1 13,N/A,N/A,8 9,8 10
8 9 10 13,0.0046073,33.4656,Yes,N/A,N/A,N/A,N/A,N/A,N/A,N/A,8,9,10,N/A,N/A,13,N/A,N/A,N/A,8 9,8 10
1 8 9 10 11,0.0144575,28.717,Yes,N/A,N/A,N/A,N/A,N/A,N/A,N/A,8,9,10,11,1 11,N/A,N/A,N/A,N/A,8 9,8 10
8 9 10 11,0.00592368,31.1631,Yes,N/A,N/A,N/A,N/A,N/A,N/A,N/A,8,9,10,11,N/A,N/A,N/A,N/A,N/A,8 9,8 10
1 8 9 10 11 13,0.00867994,35.3591,Yes,N/A,N/A,N/A,N/A,N/A,N/A,N/A,8,9,10,11,1 11,13,1 13,N/A,N/A,8 9,8 10
1 8 9 10 11 12,0.00924367,36.0633,Yes,N/A,N/A,N/A,N/A,N/A,N/A,N/A,8,9,10,11,12,1 12,N/A,N/A,N/A,8 9,8 10
8 9 10 11 12,0.00323084,39.7271,Yes,N/A,N/A,N/A,N/A,N/A,N/A,N/A,8,9,10,11,12,N/A,N/A,N/A,N/A,8 9,8 10
1 8 9 10 11 12 13,0.00576264,43.9069,Yes,N/A,N/A,N/A,N/A,N/A,N/A,N/A,8,9,10,11,12,13,1 13,N/A,N/A,8 9,8 10
9 11 13,0.00843943,28.398,Yes,N/A,N/A,N/A,N/A,N/A,N/A,N/A,N/A,9,N/A,11,N/A,13,N/A,N/A,N/A,N/A,N/A
9 11 12 13,0.00390714,37.7728,Yes,N/A,N/A,N/A,N/A,N/A,N/A,N/A,N/A,9,N/A,11,12,13,N/A,N/A,N/A,N/A,N/A
9 10 12 13,0.00390714,36.9488,Yes,N/A,N/A,N/A,N/A,N/A,N/A,N/A,N/A,9,10,N/A,12,13,N/A,N/A,N/A,N/A,N/A
9 10 11 13,0.00421971,35.9183,Yes,N/A,N/A,N/A,N/A,N/A,N/A,N/A,N/A,9,10,11,N/A,13,N/A,N/A,N/A,N/A,N/A
9 10 11 12 13,0.00244196,44.4821,Yes,N/A,N/A,N/A,N/A,N/A,N/A,N/A,N/A,9,10,11,12,13,N/A,N/A,N/A,N/A,N/A
1 7,0.108796,6.72454,Yes,N/A,N/A,N/A,N/A,N/A,N/A,7,1 7,N/A,N/A,N/A,N/A,N/A,N/A,N/A,N/A,N/A,N/A
7,0.0694444,6.51389,Yes,N/A,N/A,N/A,N/A,N/A,N/A,7,N/A,N/A,N/A,N/A,N/A,N/A,N/A,N/A,N/A,N/A,N/A
1 7 13,0.0307999,17.063,Yes,N/A,N/A,N/A,N/A,N/A,N/A,7,1 7,N/A,N/A,N/A,N/A,13,1 13,N/A,N/A,N/A,N/A
1 7 12,0.0386874,15.5679,Yes,N/A,N/A,N/A,N/A,N/A,N/A,7,1 7,N/A,N/A,N/A,12,1 12,N/A,N/A,N/A,N/A,N/A
7 12,0.0160751,16.9723,Yes,N/A,N/A,N/A,N/A,N/A,N/A,7,N/A,N/A,N/A,N/A,12,N/A,N/A,N/A,N/A,N/A,N/A
1 7 12 13,0.0126636,26.5039,Yes,N/A,N/A,N/A,N/A,N/A,N/A,7,1 7,N/A,N/A,N/A,12,13,1 13,N/A,N/A,N/A,N/A
7 13,0.0135031,18.115,Yes,N/A,N/A,N/A,N/A,N/A,N/A,7,N/A,N/A,N/A,N/A,N/A,13,N/A,N/A,N/A,N/A,N/A
1 7 11,0.0440458,14.3454,Yes,N/A,N/A,N/A,N/A,N/A,N/A,7,1 7,N/A,N/A,11,1 11,N/A,N/A,N/A,N/A,N/A,7 11
7 11,0.0219907,15.8993,Yes,N/A,N/A,N/A,N/A,N/A,N/A,7,N/A,N/A,N/A,11,N/A,N/A,N/A,N/A,N/A,N/A,7 11
1 7 11 13,0.0170316,23.6463,Yes,N/A,N/A,N/A,N/A,N/A,N/A,7,1 7,N/A,N/A,11,1 11,13,1 13,N/A,N/A,N/A,7 11
1 7 11 12,0.0183774,23.68,Yes,N/A,N/A,N/A,N/A,N/A,N/A,7,1 7,N/A,N/A,11,12,1 12,N/A,N/A,N/A,N/A,7 11
7 11 12,0.00709984,25.9486,Yes,N/A,N/A,N/A,N/A,N/A,N/A,7,N/A,N/A,N/A,11,12,N/A,N/A,N/A,N/A,N/A,7 11
1 7 11 12 13,0.00782376,33.8937,Yes,N/A,N/A,N/A,N/A,N/A,N/A,7,1 7,N/A,N/A,11,12,13,1 13,N/A,N/A,N/A,7 11
7 12 13,0.00468857,28.242,Yes,N/A,N/A,N/A,N/A,N/A,N/A,7,N/A,N/A,N/A,N/A,12,13,N/A,N/A,N/A,N/A,N/A
1 7 10,0.0515046,13.2639,Yes,N/A,N/A,N/A,N/A,N/A,N/A,7,1 7,N/A,10,1 10,N/A,N/A,N/A,N/A,N/A,7 10,1 7 10
7 10,0.03125,14.8802,Yes,N/A,N/A,N/A,N/A,N/A,N/A,7,N/A,N/A,10,N/A,N/A,N/A,N/A,N/A,N/A,7 10,N/A
1 7 10 13,0.0198929,22.5194,Yes,N/A,N/A,N/A,N/A,N/A,N/A,7,1 7,N/A,10,1 10,N/A,13,1 13,N/A,N/A,7 10,1 7 10
1 7 10 12,0.0248441,20.8146,Yes,N/A,N/A,N/A,N/A,N/A,N/A,7,1 7,N/A,10,1 10,12,1 12,N/A,N/A,N/A,7 10,1 7 10
7 10 12,0.00924318,24.9154,Yes,N/A,N/A,N/A,N/A,N/A,N/A,7,N/A,N/A,10,N/A,12,N/A,N/A,N/A,N/A,7 10,N/A
1 7 10 12 13,0.0102086,30.5818,Yes,N/A,N/A,N/A,N/A,N/A,N/A,7,1 7,N/A,10,1 10,12,13,1 13,N/A,N/A,7 10,1 7 10
7 10 13,0.00776427,26.1106,Yes,N/A,N/A,N/A,N/A,N/A,N/A,7,N/A,N/A,10,N/A,N/A,13,N/A,N/A,N/A,7 10,N/A
1 7 10 11,0.0246271,21.3096,Yes,N/A,N/A,N/A,N/A,N/A,N/A,7,1 7,N/A,10,11,1 11,N/A,N/A,N/A,N/A,7 10,7 11
7 10 11,0.01114,23.8119,Yes,N/A,N/A,N/A,N/A,N/A,N/A,7,N/A,N/A,10,11,N/A,N/A,N/A,N/A,N/A,7 10,7 11
1 7 10 11 13,0.01185,29.3889,Yes,N/A,N/A,N/A,N/A,N/A,N/A,7,1 7,N/A,10,11,1 11,13,1 13,N/A,N/A,7 10,7 11
1 7 10 11 12,0.0127346,29.6647,Yes,N/A,N/A,N/A,N/A,N/A,N/A,7,1 7,N/A,10,11,12,1 12,N/A,N/A,N/A,7 10,7 11
7 10 11 12,0.00462159,33.2671,Yes,N/A,N/A,N/A,N/A,N/A,N/A,7,N/A,N/A,10,11,12,N/A,N/A,N/A,N/A,7 10,7 11
1 7 10 11 12 13,0.00655492,38.7358,Yes,N/A,N/A,N/A,N/A,N/A,N/A,7,1 7,N/A,10,11,12,13,1 13,N/A,N/A,7 10,7 11
7 11 13,0.00596386,27.1424,Yes,N/A,N/A,N/A,N/A,N/A,N/A,7,N/A,N/A,N/A,11,N/A,13,N/A,N/A,N/A,N/A,7 11
7 11 12 13,0.00265686,36.7294,Yes,N/A,N/A,N/A,N/A,N/A,N/A,7,N/A,N/A,N/A,11,12,13,N/A,N/A,N/A,N/A,7 11
1 7 9,0.061064,12.2891,Yes,N/A,N/A,N/A,N/A,N/A,N/A,7,1 7,9,1 9,N/A,N/A,N/A,N/A,N/A,7 9,1 7 9,N/A
7 9,0.0438529,13.8992,Yes,N/A,N/A,N/A,N/A,N/A,N/A,7,N/A,9,N/A,N/A,N/A,N/A,N/A,N/A,7 9,N/A,N/A
1 7 9 13,0.0232169,21.5401,Yes,N/A,N/A,N/A,N/A,N/A,N/A,7,1 7,9,1 9,N/A,N/A,13,1 13,N/A,7 9,1 7 9,N/A
1 7 9 12,0.0291492,19.8355,Yes,N/A,N/A,N/A,N/A,N/A,N/A,7,1 7,9,1 9,N/A,12,1 12,N/A,N/A,7 9,1 7 9,N/A
7 9 12,0.0120117,23.9341,Yes,N/A,N/A,N/A,N/A,N/A,N/A,7,N/A,9,N/A,N/A,12,N/A,N/A,N/A,7 9,N/A,N/A
1 7 9 12 13,0.0115846,29.5948,Yes,N/A,N/A,N/A,N/A,N/A,N/A,7,1 7,9,1 9,N/A,12,13,1 13,N/A,7 9,1 7 9,N/A
7 9 13,0.0100898,25.1291,Yes,N/A,N/A,N/A,N/A,N/A,N/A,7,N/A,9,N/A,N/A,N/A,13,N/A,N/A,7 9,N/A,N/A
1 7 9 11,0.0339319,18.4993,Yes,N/A,N/A,N/A,N/A,N/A,N/A,7,1 7,9,1 9,11,1 11,N/A,N/A,N/A,7 9,1 7 9,7 11
7 9 11,0.0140443,22.8328,Yes,N/A,N/A,N/A,N/A,N/A,N/A,7,N/A,9,N/A,11,N/A,N/A,N/A,N/A,7 9,N/A,7 11
1 7 9 11 13,0.0153351,26.1419,Yes,N/A,N/A,N/A,N/A,N/A,N/A,7,1 7,9,1 9,11,1 11,13,1 13,N/A,7 9,1 7 9,7 11
1 7 9 11 12,0.0165485,26.356,Yes,N/A,N/A,N/A,N/A,N/A,N/A,7,1 7,9,1 9,11,12,1 12,N/A,N/A,7 9,1 7 9,7 11
7 9 11 12,0.00557419,32.2881,Yes,N/A,N/A,N/A,N/A,N/A,N/A,7,N/A,9,N/A,11,12,N/A,N/A,N/A,7 9,N/A,7 11
1 7 9 11 12 13,0.00822495,34.8223,Yes,N/A,N/A,N/A,N/A,N/A,N/A,7,1 7,9,1 9,11,12,13,1 13,N/A,7 9,1 7 9,7 11
7 9 12 13,0.00404606,34.6963,Yes,N/A,N/A,N/A,N/A,N/A,N/A,7,N/A,9,N/A,N/A,12,13,N/A,N/A,7 9,N/A,N/A
1 7 9 10,0.0319091,19.241,Yes,N/A,N/A,N/A,N/A,N/A,N/A,7,1 7,9,10,1 10,N/A,N/A,N/A,N/A,7 9,7 10,1 7 10
7 9 10,0.0161876,21.8063,Yes,N/A,N/A,N/A,N/A,N/A,N/A,7,N/A,9,10,N/A,N/A,N/A,N/A,N/A,7 9,7 10,N/A
1 7 9 10 13,0.0149186,27.2621,Yes,N/A,N/A,N/A,N/A,N/A,N/A,7,1 7,9,10,1 10,N/A,13,1 13,N/A,7 9,7 10,1 7 10
1 7 9 10 12,0.0185545,25.2962,Yes,N/A,N/A,N/A,N/A,N/A,N/A,7,1 7,9,10,1 10,12,1 12,N/A,N/A,7 9,7 10,1 7 10
7 9 10 12,0.00631841,31.2431,Yes,N/A,N/A,N/A,N/A,N/A,N/A,7,N/A,9,10,N/A,12,N/A,N/A,N/A,7 9,7 10,N/A
1 7 9 10 12 13,0.00908946,33.7362,Yes,N/A,N/A,N/A,N/A,N/A,N/A,7,1 7,9,10,1 10,12,13,1 13,N/A,7 9,7 10,1 7 10
7 9 10 13,0.00530746,32.5141,Yes,N/A,N/A,N/A,N/A,N/A,N/A,7,N/A,9,10,N/A,N/A,13,N/A,N/A,7 9,7 10,N/A
1 7 9 10 11,0.0181001,26.192,Yes,N/A,N/A,N/A,N/A,N/A,N/A,7,1 7,9,10,11,1 11,N/A,N/A,N/A,7 9,7 10,7 11
7 9 10 11,0.00722576,30.0979,Yes,N/A,N/A,N/A,N/A,N/A,N/A,7,N/A,9,10,11,N/A,N/A,N/A,N/A,7 9,7 10,7 11
1 7 9 10 11 13,0.0102906,32.4458,Yes,N/A,N/A,N/A,N/A,N/A,N/A,7,1 7,9,10,11,1 11,13,1 13,N/A,7 9,7 10,7 11
1 7 9 10 11 12,0.011091,33.0512,Yes,N/A,N/A,N/A,N/A,N/A,N/A,7,1 7,9,10,11,12,1 12,N/A,N/A,7 9,7 10,7 11
7 9 10 11 12,0.00369411,38.6903,Yes,N/A,N/A,N/A,N/A,N/A,N/A,7,N/A,9,10,11,12,N/A,N/A,N/A,7 9,7 10,7 11
1 7 9 10 11 12 13,0.00663282,40.3124,Yes,N/A,N/A,N/A,N/A,N/A,N/A,7,1 7,9,10,11,12,13,1 13,N/A,7 9,7 10,7 11
7 10 12 13,0.003282,35.6783,Yes,N/A,N/A,N/A,N/A,N/A,N/A,7,N/A,N/A,10,N/A,12,13,N/A,N/A,N/A,7 10,N/A
7 10 11 13,0.00388214,34.5367,Yes,N/A,N/A,N/A,N/A,N/A,N/A,7,N/A,N/A,10,11,N/A,13,N/A,N/A,N/A,7 10,7 11
7 10 11 12 13,0.00209032,43.321,Yes,N/A,N/A,N/A,N/A,N/A,N/A,7,N/A,N/A,10,11,12,13,N/A,N/A,N/A,7 10,7 11
1 7 8,0.0632716,12.2401,Yes,N/A,N/A,N/A,N/A,N/A,N/A,7,8,1 8,N/A,N/A,N/A,N/A,N/A,7 8,1 7 8,N/A,N/A
7 8,0.0597994,12.9404,Yes,N/A,N/A,N/A,N/A,N/A,N/A,7,8,N/A,N/A,N/A,N/A,N/A,N/A,7 8,N/A,N/A,N/A
1 7 8 13,0.0242466,21.7474,Yes,N/A,N/A,N/A,N/A,N/A,N/A,7,8,1 8,N/A,N/A,N/A,13,1 13,7 8,1 7 8,N/A,N/A
1 7 8 12,0.0308017,20.0797,Yes,N/A,N/A,N/A,N/A,N/A,N/A,7,8,1 8,N/A,N/A,12,1 12,N/A,7 8,1 7 8,N/A,N/A
7 8 12,0.0154053,22.9869,Yes,N/A,N/A,N/A,N/A,N/A,N/A,7,8,N/A,N/A,N/A,12,N/A,N/A,7 8,N/A,N/A,N/A
1 7 8 12 13,0.0117609,30.1838,Yes,N/A,N/A,N/A,N/A,N/A,N/A,7,8,1 8,N/A,N/A,12,13,1 13,7 8,1 7 8,N/A,N/A
7 8 13,0.0129405,24.1802,Yes,N/A,N/A,N/A,N/A,N/A,N/A,7,8,N/A,N/A,N/A,N/A,13,N/A,7 8,N/A,N/A,N/A
1 7 8 11,0.0359171,18.7584,Yes,N/A,N/A,N/A,N/A,N/A,N/A,7,8,1 8,N/A,11,1 11,N/A,N/A,7 8,1 7 8,N/A,7 11
7 8 11,0.0175379,21.8889,Yes,N/A,N/A,N/A,N/A,N/A,N/A,7,8,N/A,N/A,11,N/A,N/A,N/A,7 8,N/A,N/A,7 11
1 7 8 11 13,0.0159498,26.7648,Yes,N/A,N/A,N/A,N/A,N/A,N/A,7,8,1 8,N/A,11,1 11,13,1 13,7 8,1 7 8,N/A,7 11
1 7 8 11 12,0.0168812,27.0198,Yes,N/A,N/A,N/A,N/A,N/A,N/A,7,8,1 8,N/A,11,12,1 12,N/A,7 8,1 7 8,N/A,7 11
7 8 11 12,0.00667563,31.3619,Yes,N/A,N/A,N/A,N/A,N/A,N/A,7,8,N/A,N/A,11,12,N/A,N/A,7 8,N/A,N/A,7 11
1 7 8 11 12 13,0.00816179,35.9859,Yes,N/A,N/A,N/A,N/A,N/A,N/A,7,8,1 8,N/A,11,12,13,1 13,7 8,1 7 8,N/A,7 11
7 8 12 13,0.00494905,33.7632,Yes,N/A,N/A,N/A,N/A,N/A,N/A,7,8,N/A,N/A,N/A,12,13,N/A,7 8,N/A,N/A,N/A
1 7 8 10,0.0406004,17.6242,Yes,N/A,N/A,N/A,N/A,N/A,N/A,7,8,1 8,10,1 10,N/A,N/A,N/A,7 8,1 7 8,7 10,8 10
7 8 10,0.0199814,20.776,Yes,N/A,N/A,N/A,N/A,N/A,N/A,7,8,N/A,10,N/A,N/A,N/A,N/A,7 8,N/A,7 10,8 10
1 7 8 10 13,0.0178612,25.5493,Yes,N/A,N/A,N/A,N/A,N/A,N/A,7,8,1 8,10,1 10,N/A,13,1 13,7 8,1 7 8,7 10,8 10
1 7 8 10 12,0.0222092,23.5696,Yes,N/A,N/A,N/A,N/A,N/A,N/A,7,8,1 8,10,1 10,12,1 12,N/A,7 8,1 7 8,7 10,8 10
7 8 10 12,0.00752404,30.2132,Yes,N/A,N/A,N/A,N/A,N/A,N/A,7,8,N/A,10,N/A,12,N/A,N/A,7 8,N/A,7 10,8 10
1 7 8 10 12 13,0.0104533,31.8898,Yes,N/A,N/A,N/A,N/A,N/A,N/A,7,8,1 8,10,1 10,12,13,1 13,7 8,1 7 8,7 10,8 10
7 8 10 13,0.00632019,31.4841,Yes,N/A,N/A,N/A,N/A,N/A,N/A,7,8,N/A,10,N/A,N/A,13,N/A,7 8,N/A,7 10,8 10
1 7 8 10 11,0.0216221,24.4405,Yes,N/A,N/A,N/A,N/A,N/A,N/A,7,8,1 8,10,11,1 11,N/A,N/A,7 8,1 7 8,7 10,7 11
7 8 10 11,0.0084046,29.1642,Yes,N/A,N/A,N/A,N/A,N/A,N/A,7,8,N/A,10,11,N/A,N/A,N/A,7 8,N/A,7 10,7 11
1 7 8 10 11 13,0.0117745,30.581,Yes,N/A,N/A,N/A,N/A,N/A,N/A,7,8,1 8,10,11,1 11,13,1 13,7 8,1 7 8,7 10,7 11
1 7 8 10 11 12,0.0126786,31.1632,Yes,N/A,N/A,N/A,N/A,N/A,N/A,7,8,1 8,10,11,12,1 12,N/A,7 8,1 7 8,7 10,7 11
7 8 10 11 12,0.00418157,37.7808,Yes,N/A,N/A,N/A,N/A,N/A,N/A,7,8,N/A,10,11,12,N/A,N/A,7 8,N/A,7 10,7 11
1 7 8 10 11 12 13,0.00735223,38.2608,Yes,N/A,N/A,N/A,N/A,N/A,N/A,7,8,1 8,10,11,12,13,1 13,7 8,1 7 8,7 10,7 11
7 8 11 13,0.00560753,32.6286,Yes,N/A,N/A,N/A,N/A,N/A,N/A,7,8,N/A,N/A,11,N/A,13,N/A,7 8,N/A,N/A,7 11
7 8 11 12 13,0.002824,41.438,Yes,N/A,N/A,N/A,N/A,N/A,N/A,7,8,N/A,N/A,11,12,13,N/A,7 8,N/A,N/A,7 11
1 7 8 9,0.0362735,18.3849,Yes,N/A,N/A,N/A,N/A,N/A,N/A,7,8,9,1 9,N/A,N/A,N/A,N/A,7 8,7 9,8 9,1 8 9
7 8 9,0.0227356,19.6442,Yes,N/A,N/A,N/A,N/A,N/A,N/A,7,8,9,N/A,N/A,N/A,N/A,N/A,7 8,7 9,8 9,N/A
1 7 8 9 13,0.0168006,26.7068,Yes,N/A,N/A,N/A,N/A,N/A,N/A,7,8,9,1 9,N/A,N/A,13,1 13,7 8,7 9,8 9,1 8 9
1 7 8 9 12,0.0210614,24.7809,Yes,N/A,N/A,N/A,N/A,N/A,N/A,7,8,9,1 9,N/A,12,1 12,N/A,7 8,7 9,8 9,1 8 9
7 8 9 12,0.00843695,29.0504,Yes,N/A,N/A,N/A,N/A,N/A,N/A,7,8,9,N/A,N/A,12,N/A,N/A,7 8,7 9,8 9,N/A
1 7 8 9 12 13,0.0099319,33.6764,Yes,N/A,N/A,N/A,N/A,N/A,N/A,7,8,9,1 9,N/A,12,13,1 13,7 8,7 9,8 9,1 8 9
7 8 9 13,0.00708704,30.3249,Yes,N/A,N/A,N/A,N/A,N/A,N/A,7,8,9,N/A,N/A,N/A,13,N/A,7 8,7 9,8 9,N/A
1 7 8 9 11,0.0240675,23.4066,Yes,N/A,N/A,N/A,N/A,N/A,N/A,7,8,9,1 9,11,1 11,N/A,N/A,7 8,7 9,8 9,7 11
7 8 9 11,0.00955308,27.9081,Yes,N/A,N/A,N/A,N/A,N/A,N/A,7,8,9,N/A,11,N/A,N/A,N/A,7 8,7 9,8 9,7 11
1 7 8 9 11 13,0.0129533,29.4959,Yes,N/A,N/A,N/A,N/A,N/A,N/A,7,8,9,1 9,11,1 11,13,1 13,7 8,7 9,8 9,7 11
1 7 8 9 11 12,0.0139302,30.1073,Yes,N/A,N/A,N/A,N/A,N/A,N/A,7,8,9,1 9,11,12,1 12,N/A,7 8,7 9,8 9,7 11
7 8 9 11 12,0.00467917,36.4631,Yes,N/A,N/A,N/A,N/A,N/A,N/A,7,8,9,N/A,11,12,N/A,N/A,7 8,7 9,8 9,7 11
1 7 8 9 11 12 13,0.00798057,37.1946,Yes,N/A,N/A,N/A,N/A,N/A,N/A,7,8,9,1 9,11,12,13,1 13,7 8,7 9,8 9,7 11
7 8 9 12 13,0.00349207,39.0459,Yes,N/A,N/A,N/A,N/A,N/A,N/A,7,8,9,N/A,N/A,12,13,N/A,7 8,7 9,8 9,N/A
1 7 8 9 10,0.0217547,24.6307,Yes,N/A,N/A,N/A,N/A,N/A,N/A,7,8,9,10,1 10,N/A,N/A,N/A,7 8,7 9,7 10,8 10
7 8 9 10,0.0104819,27.0281,Yes,N/A,N/A,N/A,N/A,N/A,N/A,7,8,9,10,N/A,N/A,N/A,N/A,7 8,7 9,7 10,8 10
1 7 8 9 10 13,0.0121677,31.2785,Yes,N/A,N/A,N/A,N/A,N/A,N/A,7,8,9,10,1 10,N/A,13,1 13,7 8,7 9,7 10,8 10
1 7 8 9 10 12,0.015123,28.987,Yes,N/A,N/A,N/A,N/A,N/A,N/A,7,8,9,10,1 10,12,1 12,N/A,7 8,7 9,7 10,8 10
7 8 9 10 12,0.00507195,35.5913,Yes,N/A,N/A,N/A,N/A,N/A,N/A,7,8,9,10,N/A,12,N/A,N/A,7 8,7 9,7 10,8 10
1 7 8 9 10 12 13,0.00859846,36.0211,Yes,N/A,N/A,N/A,N/A,N/A,N/A,7,8,9,10,1 10,12,13,1 13,7 8,7 9,7 10,8 10
7 8 9 10 13,0.00426044,36.9757,Yes,N/A,N/A,N/A,N/A,N/A,N/A,7,8,9,10,N/A,N/A,13,N/A,7 8,7 9,7 10,8 10
1 7 8 9 10 11,0.0145263,30.5161,Yes,N/A,N/A,N/A,N/A,N/A,N/A,7,8,9,10,11,1 11,N/A,N/A,7 8,7 9,7 10,7 11
7 8 9 10 11,0.00560422,34.4999,Yes,N/A,N/A,N/A,N/A,N/A,N/A,7,8,9,10,11,N/A,N/A,N/A,7 8,7 9,7 10,7 11
1 7 8 9 10 11 13,0.0095645,34.6796,Yes,N/A,N/A,N/A,N/A,N/A,N/A,7,8,9,10,11,1 11,13,1 13,7 8,7 9,7 10,7 11
1 7 8 9 10 11 12,0.0102884,35.8466,Yes,N/A,N/A,N/A,N/A,N/A,N/A,7,8,9,10,11,12,1 12,N/A,7 8,7 9,7 10,7 11
7 8 9 10 11 12,0.00339237,41.8279,Yes,N/A,N/A,N/A,N/A,N/A,N/A,7,8,9,10,11,12,N/A,N/A,7 8,7 9,7 10,7 11
1 7 8 9 10 11 12 13,0.00697388,41.2139,Yes,N/A,N/A,N/A,N/A,N/A,N/A,7,8,9,10,11,12,13,1 13,7 8,7 9,7 10,7 11
8 10 12 13,0.00359457,36.3166,Yes,N/A,N/A,N/A,N/A,N/A,N/A,N/A,8,N/A,10,N/A,12,13,N/A,N/A,N/A,N/A,8 10
8 10 11 13,0.00388214,35.2896,Yes,N/A,N/A,N/A,N/A,N/A,N/A,N/A,8,N/A,10,11,N/A,13,N/A,N/A,N/A,N/A,8 10
8 10 11 12 13,0.00220754,43.9669,Yes,N/A,N/A,N/A,N/A,N/A,N/A,N/A,8,N/A,10,11,12,13,N/A,N/A,N/A,N/A,8 10
8 9 11 13,0.00429473,34.4068,Yes,N/A,N/A,N/A,N/A,N/A,N/A,N/A,8,9,N/A,11,N/A,13,N/A,N/A,N/A,8 9,N/A
8 9 11 12 13,0.00236816,43.1123,Yes,N/A,N/A,N/A,N/A,N/A,N/A,N/A,8,9,N/A,11,12,13,N/A,N/A,N/A,8 9,N/A
8 9 10 12 13,0.00251287,42.1709,Yes,N/A,N/A,N/A,N/A,N/A,N/A,N/A,8,9,10,N/A,12,13,N/A,N/A,N/A,8 9,8 10
8 9 10 11 13,0.0027139,41.1122,Yes,N/A,N/A,N/A,N/A,N/A,N/A,N/A,8,9,10,11,N/A,13,N/A,N/A,N/A,8 9,8 10
8 9 10 11 12 13,0.00180796,48.653,Yes,N/A,N/A,N/A,N/A,N/A,N/A,N/A,8,9,10,11,12,13,N/A,N/A,N/A,8 9,8 10
1 6,0.0771605,6.2284,Yes,N/A,N/A,N/A,N/A,N/A,6,1 6,N/A,N/A,N/A,N/A,N/A,N/A,N/A,N/A,N/A,N/A,N/A
6,0.0462963,5.72222,Yes,N/A,N/A,N/A,N/A,N/A,6,N/A,N/A,N/A,N/A,N/A,N/A,N/A,N/A,N/A,N/A,N/A,N/A
1 6 13,0.0214335,16.7136,Yes,N/A,N/A,N/A,N/A,N/A,6,1 6,N/A,N/A,N/A,N/A,N/A,13,1 13,N/A,N/A,N/A,N/A
1 6 12,0.0276349,15.1628,Yes,N/A,N/A,N/A,N/A,N/A,6,1 6,N/A,N/A,N/A,N/A,12,1 12,N/A,N/A,N/A,N/A,6 12
6 12,0.0153464,16.1535,Yes,N/A,N/A,N/A,N/A,N/A,6,N/A,N/A,N/A,N/A,N/A,12,N/A,N/A,N/A,N/A,N/A,6 12
1 6 12 13,0.00954802,26.2356,Yes,N/A,N/A,N/A,N/A,N/A,6,1 6,N/A,N/A,N/A,N/A,12,13,1 13,N/A,N/A,N/A,6 12
6 13,0.00900206,17.3728,Yes,N/A,N/A,N/A,N/A,N/A,6,N/A,N/A,N/A,N/A,N/A,N/A,13,N/A,N/A,N/A,N/A,N/A
1 6 11,0.0369513,13.7975,Yes,N/A,N/A,N/A,N/A,N/A,6,1 6,N/A,N/A,N/A,11,1 11,N/A,N/A,N/A,N/A,6 11,1 6 11
6 11,0.025463,15.0127,Yes,N/A,N/A,N/A,N/A,N/A,6,N/A,N/A,N/A,N/A,11,N/A,N/A,N/A,N/A,N/A,6 11,N/A
1 6 11 13,0.0144426,23.2621,Yes,N/A,N/A,N/A,N/A,N/A,6,1 6,N/A,N/A,N/A,11,1 11,13,1 13,N/A,N/A,6 11,1 6 11
1 6 11 12,0.0164353,23.2415,Yes,N/A,N/A,N/A,N/A,N/A,6,1 6,N/A,N/A,N/A,11,12,1 12,N/A,N/A,N/A,6 11,6 12
6 11 12,0.0083912,25.0091,Yes,N/A,N/A,N/A,N/A,N/A,6,N/A,N/A,N/A,N/A,11,12,N/A,N/A,N/A,N/A,6 11,6 12
1 6 11 12 13,0.00693092,33.6122,Yes,N/A,N/A,N/A,N/A,N/A,6,1 6,N/A,N/A,N/A,11,12,13,1 13,N/A,N/A,6 11,6 12
6 12 13,0.00402592,27.4766,Yes,N/A,N/A,N/A,N/A,N/A,6,N/A,N/A,N/A,N/A,N/A,12,13,N/A,N/A,N/A,N/A,6 12
1 6 10,0.0493827,12.5855,Yes,N/A,N/A,N/A,N/A,N/A,6,1 6,N/A,N/A,10,1 10,N/A,N/A,N/A,N/A,6 10,1 6 10,N/A
6 10,0.0393519,13.9352,Yes,N/A,N/A,N/A,N/A,N/A,6,N/A,N/A,N/A,10,N/A,N/A,N/A,N/A,N/A,6 10,N/A,N/A
1 6 10 13,0.0188722,21.9722,Yes,N/A,N/A,N/A,N/A,N/A,6,1 6,N/A,N/A,10,1 10,N/A,13,1 13,N/A,6 10,1 6 10,N/A
1 6 10 12,0.0251307,20.1735,Yes,N/A,N/A,N/A,N/A,N/A,6,1 6,N/A,N/A,10,1 10,12,1 12,N/A,N/A,6 10,1 6 10,6 12
6 10 12,0.0116062,23.9045,Yes,N/A,N/A,N/A,N/A,N/A,6,N/A,N/A,N/A,10,N/A,12,N/A,N/A,N/A,6 10,N/A,6 12
1 6 10 12 13,0.00995287,30.0673,Yes,N/A,N/A,N/A,N/A,N/A,6,1 6,N/A,N/A,10,1 10,12,13,1 13,N/A,6 10,1 6 10,6 12
6 10 13,0.00877701,25.1953,Yes,N/A,N/A,N/A,N/A,N/A,6,N/A,N/A,N/A,10,N/A,N/A,13,N/A,N/A,6 10,N/A,N/A
1 6 10 11,0.0262185,20.5933,Yes,N/A,N/A,N/A,N/A,N/A,6,1 6,N/A,N/A,10,11,1 11,N/A,N/A,N/A,6 10,6 11,1 6 11
6 10 11,0.0147569,22.7179,Yes,N/A,N/A,N/A,N/A,N/A,6,N/A,N/A,N/A,10,11,N/A,N/A,N/A,N/A,6 10,6 11,N/A
1 6 10 11 13,0.0123278,28.7999,Yes,N/A,N/A,N/A,N/A,N/A,6,1 6,N/A,N/A,10,11,1 11,13,1 13,N/A,6 10,6 11,1 6 11
1 6 10 11 12,0.013626,29.0278,Yes,N/A,N/A,N/A,N/A,N/A,6,1 6,N/A,N/A,10,11,12,1 12,N/A,N/A,6 10,6 11,6 12
6 10 11 12,0.00606031,32.0606,Yes,N/A,N/A,N/A,N/A,N/A,6,N/A,N/A,N/A,10,11,12,N/A,N/A,N/A,6 10,6 11,6 12
1 6 10 11 12 13,0.00679878,38.2433,Yes,N/A,N/A,N/A,N/A,N/A,6,1 6,N/A,N/A,10,11,12,13,1 13,N/A,6 10,6 11,6 12
6 11 13,0.00607639,26.2974,Yes,N/A,N/A,N/A,N/A,N/A,6,N/A,N/A,N/A,N/A,11,N/A,13,N/A,N/A,N/A,6 11,N/A
6 11 12 13,0.00283815,35.8306,Yes,N/A,N/A,N/A,N/A,N/A,6,N/A,N/A,N/A,N/A,11,12,13,N/A,N/A,N/A,6 11,6 12
1 6 9,0.0649291,11.4945,Yes,N/A,N/A,N/A,N/A,N/A,6,1 6,N/A,9,1 9,N/A,N/A,N/A,N/A,6 9,1 6 9,N/A,N/A
6 9,0.057013,12.9057,Yes,N/A,N/A,N/A,N/A,N/A,6,N/A,N/A,9,N/A,N/A,N/A,N/A,N/A,6 9,N/A,N/A,N/A
1 6 9 13,0.0241496,20.8428,Yes,N/A,N/A,N/A,N/A,N/A,6,1 6,N/A,9,1 9,N/A,N/A,13,1 13,6 9,1 6 9,N/A,N/A
1 6 9 12,0.0319005,19.0398,Yes,N/A,N/A,N/A,N/A,N/A,6,1 6,N/A,9,1 9,N/A,12,1 12,N/A,6 9,1 6 9,N/A,6 12
6 9 12,0.0155095,22.8631,Yes,N/A,N/A,N/A,N/A,N/A,6,N/A,N/A,9,N/A,N/A,12,N/A,N/A,6 9,N/A,N/A,6 12
1 6 9 12 13,0.0121709,28.8894,Yes,N/A,N/A,N/A,N/A,N/A,6,1 6,N/A,9,1 9,N/A,12,13,1 13,6 9,1 6 9,N/A,6 12
6 9 13,0.0121278,24.1536,Yes,N/A,N/A,N/A,N/A,N/A,6,N/A,N/A,9,N/A,N/A,N/A,13,N/A,6 9,N/A,N/A,N/A
1 6 9 11,0.0394293,17.514,Yes,N/A,N/A,N/A,N/A,N/A,6,1 6,N/A,9,1 9,11,1 11,N/A,N/A,6 9,1 6 9,6 11,1 6 11
6 9 11,0.0188079,21.6798,Yes,N/A,N/A,N/A,N/A,N/A,6,N/A,N/A,9,N/A,11,N/A,N/A,N/A,6 9,N/A,6 11,N/A
1 6 9 11 13,0.0171325,25.2216,Yes,N/A,N/A,N/A,N/A,N/A,6,1 6,N/A,9,1 9,11,1 11,13,1 13,6 9,1 6 9,6 11,1 6 11
1 6 9 11 12,0.0190544,25.3737,Yes,N/A,N/A,N/A,N/A,N/A,6,1 6,N/A,9,1 9,11,12,1 12,N/A,6 9,1 6 9,6 11,6 12
6 9 11 12,0.00739752,31.0072,Yes,N/A,N/A,N/A,N/A,N/A,6,N/A,N/A,9,N/A,11,12,N/A,N/A,6 9,N/A,6 11,6 12
1 6 9 11 12 13,0.00910805,33.9135,Yes,N/A,N/A,N/A,N/A,N/A,6,1 6,N/A,9,1 9,11,12,13,1 13,6 9,1 6 9,6 11,6 12
6 9 12 13,0.00488538,33.6345,Yes,N/A,N/A,N/A,N/A,N/A,6,N/A,N/A,9,N/A,N/A,12,13,N/A,6 9,N/A,N/A,6 12
1 6 9 10,0.0376211,18.2758,Yes,N/A,N/A,N/A,N/A,N/A,6,1 6,N/A,9,10,1 10,N/A,N/A,N/A,6 9,6 10,1 6 10,N/A
6 9 10,0.0220229,20.5853,Yes,N/A,N/A,N/A,N/A,N/A,6,N/A,N/A,9,10,N/A,N/A,N/A,N/A,6 9,6 10,N/A,N/A
1 6 9 10 13,0.0170929,26.3432,Yes,N/A,N/A,N/A,N/A,N/A,6,1 6,N/A,9,10,1 10,N/A,13,1 13,6 9,6 10,1 6 10,N/A
1 6 9 10 12,0.0220543,24.236,Yes,N/A,N/A,N/A,N/A,N/A,6,1 6,N/A,9,10,1 10,12,1 12,N/A,6 9,6 10,1 6 10,6 12
6 9 10 12,0.00851385,29.8775,Yes,N/A,N/A,N/A,N/A,N/A,6,N/A,N/A,9,10,N/A,12,N/A,N/A,6 9,6 10,N/A,6 12
1 6 9 10 12 13,0.0104019,32.7264,Yes,N/A,N/A,N/A,N/A,N/A,6,1 6,N/A,9,10,1 10,12,13,1 13,6 9,6 10,1 6 10,6 12
6 9 10 13,0.00681406,31.2713,Yes,N/A,N/A,N/A,N/A,N/A,6,N/A,N/A,9,10,N/A,N/A,13,N/A,6 9,6 10,N/A,N/A
1 6 9 10 11,0.0219098,25.0826,Yes,N/A,N/A,N/A,N/A,N/A,6,1 6,N/A,9,10,11,1 11,N/A,N/A,6 9,6 10,6 11,1 6 11
6 9 10 11,0.00996656,28.6295,Yes,N/A,N/A,N/A,N/A,N/A,6,N/A,N/A,9,10,11,N/A,N/A,N/A,6 9,6 10,6 11,N/A
1 6 9 10 11 13,0.0121381,31.3286,Yes,N/A,N/A,N/A,N/A,N/A,6,1 6,N/A,9,10,11,1 11,13,1 13,6 9,6 10,6 11,1 6 11
1 6 9 10 11 12,0.0133165,31.9092,Yes,N/A,N/A,N/A,N/A,N/A,6,1 6,N/A,9,10,11,12,1 12,N/A,6 9,6 10,6 11,6 12
6 9 10 11 12,0.00504766,36.9896,Yes,N/A,N/A,N/A,N/A,N/A,6,N/A,N/A,9,10,11,12,N/A,N/A,6 9,6 10,6 11,6 12
1 6 9 10 11 12 13,0.007723,39.2119,Yes,N/A,N/A,N/A,N/A,N/A,6,1 6,N/A,9,10,11,12,13,1 13,6 9,6 10,6 11,6 12
6 10 12 13,0.00377586,34.6923,Yes,N/A,N/A,N/A,N/A,N/A,6,N/A,N/A,N/A,10,N/A,12,13,N/A,N/A,6 10,N/A,6 12
6 10 11 13,0.00472608,33.4514,Yes,N/A,N/A,N/A,N/A,N/A,6,N/A,N/A,N/A,10,11,N/A,13,N/A,N/A,6 10,6 11,N/A
6 10 11 12 13,0.00255215,42.1071,Yes,N/A,N/A,N/A,N/A,N/A,6,N/A,N/A,N/A,10,11,12,13,N/A,N/A,6 10,6 11,6 12
1 6 8,0.0835905,10.4923,Yes,N/A,N/A,N/A,N/A,N/A,6,1 6,8,1 8,N/A,N/A,N/A,N/A,6 8,1 6 8,N/A,N/A,N/A
6 8,0.0784465,11.9092,Yes,N/A,N/A,N/A,N/A,N/A,6,N/A,8,N/A,N/A,N/A,N/A,N/A,6 8,N/A,N/A,N/A,N/A
1 6 8 13,0.024327,20.9653,Yes,N/A,N/A,N/A,N/A,N/A,6,1 6,8,1 8,N/A,N/A,N/A,13,1 13,1 6 8,N/A,N/A,N/A
1 6 8 12,0.0396769,18.0378,Yes,N/A,N/A,N/A,N/A,N/A,6,1 6,8,1 8,N/A,N/A,12,1 12,6 8,1 6 8,N/A,N/A,6 12
6 8 12,0.020101,21.8677,Yes,N/A,N/A,N/A,N/A,N/A,6,N/A,8,N/A,N/A,N/A,12,N/A,6 8,N/A,N/A,N/A,6 12
1 6 8 12 13,0.0118994,29.2808,Yes,N/A,N/A,N/A,N/A,N/A,6,1 6,8,1 8,N/A,N/A,12,13,1 13,1 6 8,N/A,N/A,6 12
6 8 13,0.0161287,23.1554,Yes,N/A,N/A,N/A,N/A,N/A,6,N/A,8,N/A,N/A,N/A,N/A,13,6 8,N/A,N/A,N/A,N/A
1 6 8 11,0.0478788,16.5241,Yes,N/A,N/A,N/A,N/A,N/A,6,1 6,8,1 8,N/A,11,1 11,N/A,6 8,1 6 8,N/A,6 11,1 6 11
6 8 11,0.0234375,20.6899,Yes,N/A,N/A,N/A,N/A,N/A,6,N/A,8,N/A,N/A,11,N/A,N/A,6 8,N/A,N/A,6 11,N/A
1 6 8 11 13,0.0165302,25.7457,Yes,N/A,N/A,N/A,N/A,N/A,6,1 6,8,1 8,N/A,11,1 11,13,1 13,1 6 8,N/A,6 11,1 6 11
1 6 8 11 12,0.0222106,24.3881,Yes,N/A,N/A,N/A,N/A,N/A,6,1 6,8,1 8,N/A,11,12,1 12,6 8,1 6 8,N/A,6 11,6 12
6 8 11 12,0.00886631,30.0217,Yes,N/A,N/A,N/A,N/A,N/A,6,N/A,8,N/A,N/A,11,12,N/A,6 8,N/A,N/A,6 11,6 12
1 6 8 11 12 13,0.0085711,34.7303,Yes,N/A,N/A,N/A,N/A,N/A,6,1 6,8,1 8,N/A,11,12,13,1 13,1 6 8,N/A,6 11,6 12
6 8 12 13,0.00616669,32.6379,Yes,N/A,N/A,N/A,N/A,N/A,6,N/A,8,N/A,N/A,N/A,12,13,6 8,N/A,N/A,N/A,6 12
1 6 8 10,0.0555949,15.156,Yes,N/A,N/A,N/A,N/A,N/A,6,1 6,8,1 8,10,1 10,N/A,N/A,6 8,1 6 8,6 10,1 6 10,8 10
6 8 10,0.0265668,19.5148,Yes,N/A,N/A,N/A,N/A,N/A,6,N/A,8,N/A,10,N/A,N/A,N/A,6 8,N/A,6 10,N/A,8 10
1 6 8 10 13,0.0193319,24.2292,Yes,N/A,N/A,N/A,N/A,N/A,6,1 6,8,1 8,10,1 10,N/A,13,1 13,1 6 8,6 10,1 6 10,8 10
1 6 8 10 12,0.0295626,20.6319,Yes,N/A,N/A,N/A,N/A,N/A,6,1 6,8,1 8,10,1 10,12,1 12,6 8,1 6 8,6 10,1 6 10,6 12
6 8 10 12,0.00992469,28.8872,Yes,N/A,N/A,N/A,N/A,N/A,6,N/A,8,N/A,10,N/A,12,N/A,6 8,N/A,6 10,N/A,6 12
1 6 8 10 12 13,0.0113033,30.3888,Yes,N/A,N/A,N/A,N/A,N/A,6,1 6,8,1 8,10,1 10,12,13,1 13,1 6 8,6 10,1 6 10,6 12
6 8 10 13,0.00807685,30.1877,Yes,N/A,N/A,N/A,N/A,N/A,6,N/A,8,N/A,10,N/A,N/A,13,6 8,N/A,6 10,N/A,8 10
1 6 8 10 11,0.029597,21.4285,Yes,N/A,N/A,N/A,N/A,N/A,6,1 6,8,1 8,10,11,1 11,N/A,6 8,1 6 8,6 10,6 11,1 6 11
6 8 10 11,0.0115258,27.5525,Yes,N/A,N/A,N/A,N/A,N/A,6,N/A,8,N/A,10,11,N/A,N/A,6 8,N/A,6 10,6 11,8 10
1 6 8 10 11 13,0.0130754,28.9433,Yes,N/A,N/A,N/A,N/A,N/A,6,1 6,8,1 8,10,11,1 11,13,1 13,1 6 8,6 10,6 11,1 6 11
1 6 8 10 11 12,0.0171327,27.4702,Yes,N/A,N/A,N/A,N/A,N/A,6,1 6,8,1 8,10,11,12,1 12,6 8,1 6 8,6 10,6 11,6 12
6 8 10 11 12,0.00565365,36.0143,Yes,N/A,N/A,N/A,N/A,N/A,6,N/A,8,N/A,10,11,12,N/A,6 8,N/A,6 10,6 11,6 12
1 6 8 10 11 12 13,0.00819616,36.2002,Yes,N/A,N/A,N/A,N/A,N/A,6,1 6,8,1 8,10,11,12,13,1 13,1 6 8,6 10,6 11,6 12
6 8 11 13,0.00716414,31.4079,Yes,N/A,N/A,N/A,N/A,N/A,6,N/A,8,N/A,N/A,11,N/A,13,6 8,N/A,N/A,6 11,N/A
6 8 11 12 13,0.00359995,40.049,Yes,N/A,N/A,N/A,N/A,N/A,6,N/A,8,N/A,N/A,11,12,13,6 8,N/A,N/A,6 11,6 12
1 6 8 9,0.0506765,15.8982,Yes,N/A,N/A,N/A,N/A,N/A,6,1 6,8,9,1 9,N/A,N/A,N/A,6 8,6 9,1 6 9,8 9,1 8 9
6 8 9,0.0294889,18.3382,Yes,N/A,N/A,N/A,N/A,N/A,6,N/A,8,9,N/A,N/A,N/A,N/A,6 8,6 9,N/A,8 9,N/A
1 6 8 9 13,0.0184037,25.3115,Yes,N/A,N/A,N/A,N/A,N/A,6,1 6,8,9,1 9,N/A,N/A,13,1 13,6 9,1 6 9,8 9,1 8 9
1 6 8 9 12,0.0282788,21.8105,Yes,N/A,N/A,N/A,N/A,N/A,6,1 6,8,9,1 9,N/A,12,1 12,6 8,6 9,1 6 9,8 9,6 12
6 8 9 12,0.0110421,27.5752,Yes,N/A,N/A,N/A,N/A,N/A,6,N/A,8,9,N/A,N/A,12,N/A,6 8,6 9,N/A,8 9,6 12
1 6 8 9 12 13,0.0109083,32.0716,Yes,N/A,N/A,N/A,N/A,N/A,6,1 6,8,9,1 9,N/A,12,13,1 13,6 9,1 6 9,8 9,6 12
6 8 9 13,0.00890481,28.9722,Yes,N/A,N/A,N/A,N/A,N/A,6,N/A,8,9,N/A,N/A,N/A,13,6 8,6 9,N/A,8 9,N/A
1 6 8 9 11,0.0326405,20.3829,Yes,N/A,N/A,N/A,N/A,N/A,6,1 6,8,9,1 9,11,1 11,N/A,6 8,6 9,1 6 9,6 11,1 6 11
6 8 9 11,0.0124189,26.5963,Yes,N/A,N/A,N/A,N/A,N/A,6,N/A,8,9,N/A,11,N/A,N/A,6 8,6 9,N/A,6 11,N/A
1 6 8 9 11 13,0.0142711,27.9484,Yes,N/A,N/A,N/A,N/A,N/A,6,1 6,8,9,1 9,11,1 11,13,1 13,6 9,1 6 9,6 11,1 6 11
1 6 8 9 11 12,0.0186107,26.4296,Yes,N/A,N/A,N/A,N/A,N/A,6,1 6,8,9,1 9,11,12,1 12,6 8,6 9,1 6 9,6 11,6 12
6 8 9 11 12,0.00609649,34.9443,Yes,N/A,N/A,N/A,N/A,N/A,6,N/A,8,9,N/A,11,12,N/A,6 8,6 9,N/A,6 11,6 12
1 6 8 9 11 12 13,0.00883786,35.2465,Yes,N/A,N/A,N/A,N/A,N/A,6,1 6,8,9,1 9,11,12,13,1 13,6 9,1 6 9,6 11,6 12
6 8 9 12 13,0.00442235,37.4879,Yes,N/A,N/A,N/A,N/A,N/A,6,N/A,8,9,N/A,N/A,12,13,6 8,6 9,N/A,8 9,6 12
1 6 8 9 10,0.0304312,21.567,Yes,N/A,N/A,N/A,N/A,N/A,6,1 6,8,9,10,1 10,N/A,N/A,6 8,6 9,6 10,1 6 10,8 10
6 8 9 10,0.0146736,25.1093,Yes,N/A,N/A,N/A,N/A,N/A,6,N/A,8,9,10,N/A,N/A,N/A,6 8,6 9,6 10,8 9,8 10
1 6 8 9 10 13,0.0140277,29.4694,Yes,N/A,N/A,N/A,N/A,N/A,6,1 6,8,9,10,1 10,N/A,13,1 13,6 9,6 10,1 6 10,8 10
1 6 8 9 10 12,0.0205726,25.1338,Yes,N/A,N/A,N/A,N/A,N/A,6,1 6,8,9,10,1 10,12,1 12,6 8,6 9,6 10,1 6 10,6 12
6 8 9 10 12,0.00697466,33.4407,Yes,N/A,N/A,N/A,N/A,N/A,6,N/A,8,9,10,N/A,12,N/A,6 8,6 9,6 10,8 9,6 12
1 6 8 9 10 12 13,0.00984232,33.8528,Yes,N/A,N/A,N/A,N/A,N/A,6,1 6,8,9,10,1 10,12,13,1 13,6 9,6 10,1 6 10,6 12
6 8 9 10 13,0.00574165,34.8826,Yes,N/A,N/A,N/A,N/A,N/A,6,N/A,8,9,10,N/A,N/A,13,6 8,6 9,6 10,8 9,8 10
1 6 8 9 10 11,0.0202497,26.6494,Yes,N/A,N/A,N/A,N/A,N/A,6,1 6,8,9,10,11,1 11,N/A,6 8,6 9,6 10,6 11,1 6 11
6 8 9 10 11,0.00779114,32.3169,Yes,N/A,N/A,N/A,N/A,N/A,6,N/A,8,9,10,11,N/A,N/A,6 8,6 9,6 10,6 11,8 10
1 6 8 9 10 11 13,0.011169,32.3451,Yes,N/A,N/A,N/A,N/A,N/A,6,1 6,8,9,10,11,1 11,13,1 13,6 9,6 10,6 11,1 6 11
1 6 8 9 10 11 12,0.0141327,30.9602,Yes,N/A,N/A,N/A,N/A,N/A,6,1 6,8,9,10,11,12,1 12,6 8,6 9,6 10,6 11,6 12
6 8 9 10 11 12,0.00463876,39.3091,Yes,N/A,N/A,N/A,N/A,N/A,6,N/A,8,9,10,11,12,N/A,6 8,6 9,6 10,6 11,6 12
1 6 8 9 10 11 12 13,0.00811587,38.2779,Yes,N/A,N/A,N/A,N/A,N/A,6,1 6,8,9,10,11,12,13,1 13,6 9,6 10,6 11,6 12
6 9 11 13,0.00587634,32.3976,Yes,N/A,N/A,N/A,N/A,N/A,6,N/A,N/A,9,N/A,11,N/A,13,N/A,6 9,N/A,6 11,N/A
6 9 11 12 13,0.0030577,41.0323,Yes,N/A,N/A,N/A,N/A,N/A,6,N/A,N/A,9,N/A,11,12,13,N/A,6 9,N/A,6 11,6 12
6 9 10 12 13,0.00349183,39.858,Yes,N/A,N/A,N/A,N/A,N/A,6,N/A,N/A,9,10,N/A,12,13,N/A,6 9,6 10,N/A,6 12
6 9 10 11 13,0.00407124,38.5318,Yes,N/A,N/A,N/A,N/A,N/A,6,N/A,N/A,9,10,11,N/A,13,N/A,6 9,6 10,6 11,N/A
6 9 10 11 12 13,0.00256678,45.8343,Yes,N/A,N/A,N/A,N/A,N/A,6,N/A,N/A,9,10,11,12,13,N/A,6 9,6 10,6 11,6 12
1 6 7,0.100544,10.0664,Yes,N/A,N/A,N/A,N/A,N/A,6,7,1 7,N/A,N/A,N/A,N/A,6 7,1 6 7,N/A,N/A,N/A,N/A
6 7,0.103652,10.9304,Yes,N/A,N/A,N/A,N/A,N/A,6,7,N/A,N/A,N/A,N/A,N/A,6 7,N/A,N/A,N/A,N/A,N/A
1 6 7 13,0.0207628,22.1274,Yes,N/A,N/A,N/A,N/A,N/A,6,7,1 7,N/A,N/A,N/A,N/A,13,1 13,N/A,N/A,N/A,N/A
1 6 7 12,0.0354578,19.34,Yes,N/A,N/A,N/A,N/A,N/A,6,7,1 7,N/A,N/A,N/A,12,1 12,1 6 7,N/A,N/A,N/A,6 12
6 7 12,0.0253808,20.9011,Yes,N/A,N/A,N/A,N/A,N/A,6,7,N/A,N/A,N/A,N/A,12,6 7,N/A,N/A,N/A,N/A,6 12
1 6 7 12 13,0.00939628,31.1921,Yes,N/A,N/A,N/A,N/A,N/A,6,7,1 7,N/A,N/A,N/A,12,13,1 13,N/A,N/A,N/A,6 12
6 7 13,0.0113276,23.5707,Yes,N/A,N/A,N/A,N/A,N/A,6,7,N/A,N/A,N/A,N/A,N/A,13,N/A,N/A,N/A,N/A,N/A
1 6 7 11,0.0554725,16.3196,Yes,N/A,N/A,N/A,N/A,N/A,6,7,1 7,N/A,N/A,11,1 11,6 7,1 6 7,N/A,N/A,6 11,7 11
6 7 11,0.0290745,19.6421,Yes,N/A,N/A,N/A,N/A,N/A,6,7,N/A,N/A,N/A,11,N/A,6 7,N/A,N/A,N/A,6 11,7 11
1 6 7 11 13,0.0142279,27.7481,Yes,N/A,N/A,N/A,N/A,N/A,6,7,1 7,N/A,N/A,11,1 11,13,1 13,N/A,N/A,6 11,7 11
1 6 7 11 12,0.0192379,26.3836,Yes,N/A,N/A,N/A,N/A,N/A,6,7,1 7,N/A,N/A,11,12,1 12,1 6 7,N/A,N/A,6 11,6 12
6 7 11 12,0.0105873,29.0685,Yes,N/A,N/A,N/A,N/A,N/A,6,7,N/A,N/A,N/A,11,12,6 7,N/A,N/A,N/A,6 11,6 12
1 6 7 11 12 13,0.00680105,37.6143,Yes,N/A,N/A,N/A,N/A,N/A,6,7,1 7,N/A,N/A,11,12,13,1 13,N/A,N/A,6 11,6 12
6 7 12 13,0.0043378,33.3929,Yes,N/A,N/A,N/A,N/A,N/A,6,7,N/A,N/A,N/A,N/A,12,13,N/A,N/A,N/A,N/A,6 12
1 6 7 10,0.0623312,14.9649,Yes,N/A,N/A,N/A,N/A,N/A,6,7,1 7,N/A,10,1 10,N/A,6 7,1 6 7,N/A,6 10,7 10,1 7 10
6 7 10,0.0318609,18.4026,Yes,N/A,N/A,N/A,N/A,N/A,6,7,N/A,N/A,10,N/A,N/A,6 7,N/A,N/A,6 10,7 10,N/A
1 6 7 10 13,0.0165636,26.2404,Yes,N/A,N/A,N/A,N/A,N/A,6,7,1 7,N/A,10,1 10,N/A,13,1 13,N/A,6 10,7 10,1 7 10
1 6 7 10 12,0.0256467,22.7668,Yes,N/A,N/A,N/A,N/A,N/A,6,7,1 7,N/A,10,1 10,12,1 12,1 6 7,N/A,6 10,7 10,6 12
6 7 10 12,0.0117116,27.6722,Yes,N/A,N/A,N/A,N/A,N/A,6,7,N/A,N/A,10,N/A,12,6 7,N/A,N/A,6 10,7 10,6 12
1 6 7 10 12 13,0.00904795,33.5352,Yes,N/A,N/A,N/A,N/A,N/A,6,7,1 7,N/A,10,1 10,12,13,1 13,N/A,6 10,7 10,6 12
6 7 10 13,0.00598262,30.7718,Yes,N/A,N/A,N/A,N/A,N/A,6,7,N/A,N/A,10,N/A,N/A,13,N/A,N/A,6 10,7 10,N/A
1 6 7 10 11,0.0319848,21.5203,Yes,N/A,N/A,N/A,N/A,N/A,6,7,1 7,N/A,10,11,1 11,6 7,1 6 7,N/A,6 10,6 11,7 11
6 7 10 11,0.0134227,26.5882,Yes,N/A,N/A,N/A,N/A,N/A,6,7,N/A,N/A,10,11,N/A,6 7,N/A,N/A,6 10,6 11,7 11
1 6 7 10 11 13,0.0112841,31.9329,Yes,N/A,N/A,N/A,N/A,N/A,6,7,1 7,N/A,10,11,1 11,13,1 13,N/A,6 10,6 11,7 11
1 6 7 10 11 12,0.0144656,30.4996,Yes,N/A,N/A,N/A,N/A,N/A,6,7,1 7,N/A,10,11,12,1 12,1 6 7,N/A,6 10,6 11,6 12
6 7 10 11 12,0.00640784,35.0749,Yes,N/A,N/A,N/A,N/A,N/A,6,7,N/A,N/A,10,11,12,6 7,N/A,N/A,6 10,6 11,6 12
1 6 7 10 11 12 13,0.00657623,40.5358,Yes,N/A,N/A,N/A,N/A,N/A,6,7,1 7,N/A,10,11,12,13,1 13,N/A,6 10,6 11,6 12
6 7 11 13,0.00516993,32.081,Yes,N/A,N/A,N/A,N/A,N/A,6,7,N/A,N/A,N/A,11,N/A,13,N/A,N/A,N/A,6 11,7 11
6 7 11 12 13,0.00258275,41.281,Yes,N/A,N/A,N/A,N/A,N/A,6,7,N/A,N/A,N/A,11,12,13,N/A,N/A,N/A,6 11,6 12
1 6 7 9,0.0673615,13.7256,Yes,N/A,N/A,N/A,N/A,N/A,6,7,1 7,9,1 9,N/A,N/A,6 7,1 6 7,6 9,7 9,1 7 9,N/A
6 7 9,0.0337399,17.1779,Yes,N/A,N/A,N/A,N/A,N/A,6,7,N/A,9,N/A,N/A,N/A,6 7,N/A,6 9,7 9,N/A,N/A
1 6 7 9 13,0.0187885,24.8231,Yes,N/A,N/A,N/A,N/A,N/A,6,7,1 7,9,1 9,N/A,N/A,13,1 13,6 9,7 9,1 7 9,N/A
1 6 7 9 12,0.028341,21.2616,Yes,N/A,N/A,N/A,N/A,N/A,6,7,1 7,9,1 9,N/A,12,1 12,1 6 7,6 9,7 9,1 7 9,6 12
6 7 9 12,0.0124541,26.3929,Yes,N/A,N/A,N/A,N/A,N/A,6,7,N/A,9,N/A,N/A,12,6 7,N/A,6 9,7 9,N/A,6 12
1 6 7 9 12 13,0.010296,31.863,Yes,N/A,N/A,N/A,N/A,N/A,6,7,1 7,9,1 9,N/A,12,13,1 13,6 9,7 9,1 7 9,6 12
6 7 9 13,0.00677585,29.4629,Yes,N/A,N/A,N/A,N/A,N/A,6,7,N/A,9,N/A,N/A,N/A,13,N/A,6 9,7 9,N/A,N/A
1 6 7 9 11,0.0408531,17.7371,Yes,N/A,N/A,N/A,N/A,N/A,6,7,1 7,9,1 9,11,1 11,6 7,1 6 7,6 9,7 9,6 11,7 11
6 7 9 11,0.0149504,25.0427,Yes,N/A,N/A,N/A,N/A,N/A,6,7,N/A,9,N/A,11,N/A,6 7,N/A,6 9,7 9,6 11,7 11
1 6 7 9 11 13,0.0145308,27.6222,Yes,N/A,N/A,N/A,N/A,N/A,6,7,1 7,9,1 9,11,1 11,13,1 13,6 9,7 9,6 11,7 11
1 6 7 9 11 12,0.0186501,25.9498,Yes,N/A,N/A,N/A,N/A,N/A,6,7,1 7,9,1 9,11,12,1 12,1 6 7,6 9,7 9,6 11,6 12
6 7 9 11 12,0.00705473,33.3954,Yes,N/A,N/A,N/A,N/A,N/A,6,7,N/A,9,N/A,11,12,6 7,N/A,6 9,7 9,6 11,6 12
1 6 7 9 11 12 13,0.00847912,35.2584,Yes,N/A,N/A,N/A,N/A,N/A,6,7,1 7,9,1 9,11,12,13,1 13,6 9,7 9,6 11,6 12
6 7 9 12 13,0.0033993,38.3821,Yes,N/A,N/A,N/A,N/A,N/A,6,7,N/A,9,N/A,N/A,12,13,N/A,6 9,7 9,N/A,6 12
1 6 7 9 10,0.0381398,18.937,Yes,N/A,N/A,N/A,N/A,N/A,6,7,1 7,9,10,1 10,N/A,6 7,1 6 7,6 9,6 10,7 10,1 7 10
6 7 9 10,0.0164538,24.2348,Yes,N/A,N/A,N/A,N/A,N/A,6,7,N/A,9,10,N/A,N/A,6 7,N/A,6 9,6 10,7 10,N/A
1 6 7 9 10 13,0.0144609,28.9746,Yes,N/A,N/A,N/A,N/A,N/A,6,7,1 7,9,10,1 10,N/A,13,1 13,6 9,6 10,7 10,1 7 10
1 6 7 9 10 12,0.0205484,24.6795,Yes,N/A,N/A,N/A,N/A,N/A,6,7,1 7,9,10,1 10,12,1 12,1 6 7,6 9,6 10,7 10,6 12
6 7 9 10 12,0.00772912,32.4963,Yes,N/A,N/A,N/A,N/A,N/A,6,7,N/A,9,10,N/A,12,6 7,N/A,6 9,6 10,7 10,6 12
1 6 7 9 10 12 13,0.00948252,33.8318,Yes,N/A,N/A,N/A,N/A,N/A,6,7,1 7,9,10,1 10,12,13,1 13,6 9,6 10,7 10,6 12
6 7 9 10 13,0.00466617,36.1448,Yes,N/A,N/A,N/A,N/A,N/A,6,7,N/A,9,10,N/A,N/A,13,N/A,6 9,6 10,7 10,N/A
1 6 7 9 10 11,0.0245122,23.5796,Yes,N/A,N/A,N/A,N/A,N/A,6,7,1 7,9,10,11,1 11,6 7,1 6 7,6 9,6 10,6 11,7 11
6 7 9 10 11,0.0087933,31.3506,Yes,N/A,N/A,N/A,N/A,N/A,6,7,N/A,9,10,11,N/A,6 7,N/A,6 9,6 10,6 11,7 11
1 6 7 9 10 11 13,0.0114399,32.0737,Yes,N/A,N/A,N/A,N/A,N/A,6,7,1 7,9,10,11,1 11,13,1 13,6 9,6 10,6 11,7 11
1 6 7 9 10 11 12,0.0139346,30.5535,Yes,N/A,N/A,N/A,N/A,N/A,6,7,1 7,9,10,11,12,1 12,1 6 7,6 9,6 10,6 11,6 12
6 7 9 10 11 12,0.00510733,38.3744,Yes,N/A,N/A,N/A,N/A,N/A,6,7,N/A,9,10,11,12,6 7,N/A,6 9,6 10,6 11,6 12
1 6 7 9 10 11 12 13,0.0078386,38.2948,Yes,N/A,N/A,N/A,N/A,N/A,6,7,1 7,9,10,11,12,13,1 13,6 9,6 10,6 11,6 12
6 7 10 12 13,0.00300954,39.774,Yes,N/A,N/A,N/A,N/A,N/A,6,7,N/A,N/A,10,N/A,12,13,N/A,N/A,6 10,7 10,6 12
6 7 10 11 13,0.00352112,38.6616,Yes,N/A,N/A,N/A,N/A,N/A,6,7,N/A,N/A,10,11,N/A,13,N/A,N/A,6 10,6 11,7 11
6 7 10 11 12 13,0.00214092,46.747,Yes,N/A,N/A,N/A,N/A,N/A,6,7,N/A,N/A,10,11,12,13,N/A,N/A,6 10,6 11,6 12
1 6 7 8,0.0557476,14.6221,Yes,N/A,N/A,N/A,N/A,N/A,6,7,8,1 8,N/A,N/A,N/A,6 7,6 8,7 8,1 7 8,N/A,N/A
6 7 8,0.0347115,15.9638,Yes,N/A,N/A,N/A,N/A,N/A,6,7,8,N/A,N/A,N/A,N/A,6 7,6 8,7 8,N/A,N/A,N/A
1 6 7 8 13,0.0152143,26.1981,Yes,N/A,N/A,N/A,N/A,N/A,6,7,8,1 8,N/A,N/A,N/A,13,1 13,7 8,1 7 8,N/A,N/A
1 6 7 8 12,0.0250785,22.5608,Yes,N/A,N/A,N/A,N/A,N/A,6,7,8,1 8,N/A,N/A,12,1 12,6 8,7 8,1 7 8,N/A,6 12
6 7 8 12,0.0128859,25.133,Yes,N/A,N/A,N/A,N/A,N/A,6,7,8,N/A,N/A,N/A,12,6 7,6 8,7 8,N/A,N/A,6 12
1 6 7 8 12 13,0.0085465,33.9565,Yes,N/A,N/A,N/A,N/A,N/A,6,7,8,1 8,N/A,N/A,12,13,1 13,7 8,1 7 8,N/A,6 12
6 7 8 13,0.00754964,28.1519,Yes,N/A,N/A,N/A,N/A,N/A,6,7,8,N/A,N/A,N/A,N/A,13,6 8,7 8,N/A,N/A,N/A
1 6 7 8 11,0.0368695,18.9007,Yes,N/A,N/A,N/A,N/A,N/A,6,7,8,1 8,N/A,11,1 11,6 7,6 8,7 8,1 7 8,6 11,7 11
6 7 8 11,0.0158679,23.7826,Yes,N/A,N/A,N/A,N/A,N/A,6,7,8,N/A,N/A,11,N/A,6 7,6 8,7 8,N/A,6 11,7 11
1 6 7 8 11 13,0.0126169,29.5462,Yes,N/A,N/A,N/A,N/A,N/A,6,7,8,1 8,N/A,11,1 11,13,1 13,7 8,1 7 8,6 11,7 11
1 6 7 8 11 12,0.0172288,27.6831,Yes,N/A,N/A,N/A,N/A,N/A,6,7,8,1 8,N/A,11,12,1 12,6 8,7 8,1 7 8,6 11,6 12
6 7 8 11 12,0.00739858,32.0738,Yes,N/A,N/A,N/A,N/A,N/A,6,7,8,N/A,N/A,11,12,6 7,6 8,7 8,N/A,6 11,6 12
1 6 7 8 11 12 13,0.00728753,38.1254,Yes,N/A,N/A,N/A,N/A,N/A,6,7,8,1 8,N/A,11,12,13,1 13,7 8,1 7 8,6 11,6 12
6 7 8 12 13,0.00377758,36.9936,Yes,N/A,N/A,N/A,N/A,N/A,6,7,8,N/A,N/A,N/A,12,13,6 8,7 8,N/A,N/A,6 12
1 6 7 8 10,0.0416874,17.8339,Yes,N/A,N/A,N/A,N/A,N/A,6,7,8,1 8,10,1 10,N/A,6 7,6 8,7 8,6 10,7 10,8 10
6 7 8 10,0.0202421,22.3652,Yes,N/A,N/A,N/A,N/A,N/A,6,7,8,N/A,10,N/A,N/A,6 7,6 8,7 8,6 10,7 10,8 10
1 6 7 8 10 13,0.0147576,28.3655,Yes,N/A,N/A,N/A,N/A,N/A,6,7,8,1 8,10,1 10,N/A,13,1 13,7 8,6 10,7 10,8 10
1 6 7 8 10 12,0.0229519,23.4468,Yes,N/A,N/A,N/A,N/A,N/A,6,7,8,1 8,10,1 10,12,1 12,6 8,7 8,6 10,7 10,6 12
6 7 8 10 12,0.00903327,30.5358,Yes,N/A,N/A,N/A,N/A,N/A,6,7,8,N/A,10,N/A,12,6 7,6 8,7 8,6 10,7 10,6 12
1 6 7 8 10 12 13,0.00963963,33.3967,Yes,N/A,N/A,N/A,N/A,N/A,6,7,8,1 8,10,1 10,12,13,1 13,7 8,6 10,7 10,6 12
6 7 8 10 13,0.00592826,34.0434,Yes,N/A,N/A,N/A,N/A,N/A,6,7,8,N/A,10,N/A,N/A,13,6 8,7 8,6 10,7 10,8 10
1 6 7 8 10 11,0.0272141,22.3359,Yes,N/A,N/A,N/A,N/A,N/A,6,7,8,1 8,10,11,1 11,6 7,6 8,7 8,6 10,6 11,7 11
6 7 8 10 11,0.0103514,29.3706,Yes,N/A,N/A,N/A,N/A,N/A,6,7,8,N/A,10,11,N/A,6 7,6 8,7 8,6 10,6 11,7 11
1 6 7 8 10 11 13,0.0117817,31.5318,Yes,N/A,N/A,N/A,N/A,N/A,6,7,8,1 8,10,11,1 11,13,1 13,7 8,6 10,6 11,7 11
1 6 7 8 10 11 12,0.0154962,29.3484,Yes,N/A,N/A,N/A,N/A,N/A,6,7,8,1 8,10,11,12,1 12,6 8,7 8,6 10,6 11,6 12
6 7 8 10 11 12,0.00584093,36.1626,Yes,N/A,N/A,N/A,N/A,N/A,6,7,8,N/A,10,11,12,6 7,6 8,7 8,6 10,6 11,6 12
1 6 7 8 10 11 12 13,0.00792959,38.0939,Yes,N/A,N/A,N/A,N/A,N/A,6,7,8,1 8,10,11,12,13,1 13,7 8,6 10,6 11,6 12
6 7 8 11 13,0.00469604,35.5623,Yes,N/A,N/A,N/A,N/A,N/A,6,7,8,N/A,N/A,11,N/A,13,6 8,7 8,N/A,6 11,7 11
6 7 8 11 12 13,0.00277746,43.3454,Yes,N/A,N/A,N/A,N/A,N/A,6,7,8,N/A,N/A,11,12,13,6 8,7 8,N/A,6 11,6 12
1 6 7 8 9,0.0386121,19.1459,Yes,N/A,N/A,N/A,N/A,N/A,6,7,8,9,1 9,N/A,N/A,6 7,6 8,6 9,7 9,8 9,1 8 9
6 7 8 9,0.023369,21.6819,Yes,N/A,N/A,N/A,N/A,N/A,6,7,8,9,N/A,N/A,N/A,6 7,6 8,6 9,7 9,8 9,N/A
1 6 7 8 9 13,0.014103,29.9611,Yes,N/A,N/A,N/A,N/A,N/A,6,7,8,9,1 9,N/A,N/A,13,1 13,6 9,7 9,8 9,1 8 9
1 6 7 8 9 12,0.0221614,25.3333,Yes,N/A,N/A,N/A,N/A,N/A,6,7,8,9,1 9,N/A,12,1 12,6 8,6 9,7 9,8 9,6 12
6 7 8 9 12,0.0102002,29.8085,Yes,N/A,N/A,N/A,N/A,N/A,6,7,8,9,N/A,N/A,12,6 7,6 8,6 9,7 9,8 9,6 12
1 6 7 8 9 12 13,0.00925823,35.7994,Yes,N/A,N/A,N/A,N/A,N/A,6,7,8,9,1 9,N/A,12,13,1 13,6 9,7 9,8 9,6 12
6 7 8 9 13,0.00665617,33.3984,Yes,N/A,N/A,N/A,N/A,N/A,6,7,8,9,N/A,N/A,N/A,13,6 8,6 9,7 9,8 9,N/A
1 6 7 8 9 11,0.0299748,21.1708,Yes,N/A,N/A,N/A,N/A,N/A,6,7,8,9,1 9,11,1 11,6 7,6 8,6 9,7 9,6 11,7 11
6 7 8 9 11,0.0115646,28.6437,Yes,N/A,N/A,N/A,N/A,N/A,6,7,8,9,N/A,11,N/A,6 7,6 8,6 9,7 9,6 11,7 11
1 6 7 8 9 11 13,0.0128175,30.5037,Yes,N/A,N/A,N/A,N/A,N/A,6,7,8,9,1 9,11,1 11,13,1 13,6 9,7 9,6 11,7 11
1 6 7 8 9 11 12,0.0169849,28.0784,Yes,N/A,N/A,N/A,N/A,N/A,6,7,8,9,1 9,11,12,1 12,6 8,6 9,7 9,6 11,6 12
6 7 8 9 11 12,0.00639662,35.4757,Yes,N/A,N/A,N/A,N/A,N/A,6,7,8,9,N/A,11,12,6 7,6 8,6 9,7 9,6 11,6 12
1 6 7 8 9 11 12 13,0.00854837,36.9641,Yes,N/A,N/A,N/A,N/A,N/A,6,7,8,9,1 9,11,12,13,1 13,6 9,7 9,6 11,6 12
6 7 8 9 12 13,0.00377301,40.9675,Yes,N/A,N/A,N/A,N/A,N/A,6,7,8,9,N/A,N/A,12,13,6 8,6 9,7 9,8 9,6 12
1 6 7 8 9 10,0.0279323,23.3162,Yes,N/A,N/A,N/A,N/A,N/A,6,7,8,9,10,1 10,N/A,6 7,6 8,6 9,6 10,7 10,8 10
6 7 8 9 10,0.0128767,27.7031,Yes,N/A,N/A,N/A,N/A,N/A,6,7,8,9,10,N/A,N/A,6 7,6 8,6 9,6 10,7 10,8 10
1 6 7 8 9 10 13,0.0124924,32.8464,Yes,N/A,N/A,N/A,N/A,N/A,6,7,8,9,10,1 10,N/A,13,1 13,6 9,6 10,7 10,8 10
1 6 7 8 9 10 12,0.0187083,26.8921,Yes,N/A,N/A,N/A,N/A,N/A,6,7,8,9,10,1 10,12,1 12,6 8,6 9,6 10,7 10,6 12
6 7 8 9 10 12,0.00703812,34.5166,Yes,N/A,N/A,N/A,N/A,N/A,6,7,8,9,10,N/A,12,6 7,6 8,6 9,6 10,7 10,6 12
1 6 7 8 9 10 12 13,0.00946925,35.6398,Yes,N/A,N/A,N/A,N/A,N/A,6,7,8,9,10,1 10,12,13,1 13,6 9,6 10,7 10,6 12
6 7 8 9 10 13,0.00483277,38.7663,Yes,N/A,N/A,N/A,N/A,N/A,6,7,8,9,10,N/A,N/A,13,6 8,6 9,6 10,7 10,8 10
1 6 7 8 9 10 11,0.0211155,26.1502,Yes,N/A,N/A,N/A,N/A,N/A,6,7,8,9,10,11,1 11,6 7,6 8,6 9,6 10,6 11,7 11
6 7 8 9 10 11,0.00785433,33.333,Yes,N/A,N/A,N/A,N/A,N/A,6,7,8,9,10,11,N/A,6 7,6 8,6 9,6 10,6 11,7 11
1 6 7 8 9 10 11 13,0.0111545,33.6975,Yes,N/A,N/A,N/A,N/A,N/A,6,7,8,9,10,11,1 11,13,1 13,6 9,6 10,6 11,7 11
1 6 7 8 9 10 11 12,0.0142967,31.3966,Yes,N/A,N/A,N/A,N/A,N/A,6,7,8,9,10,11,12,1 12,6 8,6 9,6 10,6 11,6 12
6 7 8 9 10 11 12,0.00523078,38.0715,Yes,N/A,N/A,N/A,N/A,N/A,6,7,8,9,10,11,12,6 7,6 8,6 9,6 10,6 11,6 12
1 6 7 8 9 10 11 12 13,0.00858854,38.4005,Yes,N/A,N/A,N/A,N/A,N/A,6,7,8,9,10,11,12,13,1 13,6 9,6 10,6 11,6 12
7 9 11 13,0.00468232,33.5573,Yes,N/A,N/A,N/A,N/A,N/A,N/A,7,N/A,9,N/A,11,N/A,13,N/A,N/A,7 9,N/A,7 11
7 9 11 12 13,0.00243907,42.3417,Yes,N/A,N/A,N/A,N/A,N/A,N/A,7,N/A,9,N/A,11,12,13,N/A,N/A,7 9,N/A,7 11
7 9 10 12 13,0.00272849,41.2726,Yes,N/A,N/A,N/A,N/A,N/A,N/A,7,N/A,9,10,N/A,12,13,N/A,N/A,7 9,7 10,N/A
7 9 10 11 13,0.00310305,40.0721,Yes,N/A,N/A,N/A,N/A,N/A,N/A,7,N/A,9,10,11,N/A,13,N/A,N/A,7 9,7 10,7 11
7 9 10 11 12 13,0.00196533,47.6617,Yes,N/A,N/A,N/A,N/A,N/A,N/A,7,N/A,9,10,11,12,13,N/A,N/A,7 9,7 10,7 11
7 8 10 12 13,0.00315393,40.2454,Yes,N/A,N/A,N/A,N/A,N/A,N/A,7,8,N/A,10,N/A,12,13,N/A,7 8,N/A,7 10,8 10
7 8 10 11 13,0.00351252,39.1592,Yes,N/A,N/A,N/A,N/A,N/A,N/A,7,8,N/A,10,11,N/A,13,N/A,7 8,N/A,7 10,7 11
7 8 10 11 12 13,0.00217443,46.7841,Yes,N/A,N/A,N/A,N/A,N/A,N/A,7,8,N/A,10,11,12,13,N/A,7 8,N/A,7 10,7 11
7 8 9 11 13,0.0039305,37.8492,Yes,N/A,N/A,N/A,N/A,N/A,N/A,7,8,9,N/A,11,N/A,13,N/A,7 8,7 9,8 9,7 11
7 8 9 11 12 13,0.00240215,45.3932,Yes,N/A,N/A,N/A,N/A,N/A,N/A,7,8,9,N/A,11,12,13,N/A,7 8,7 9,8 9,7 11
7 8 9 10 12 13,0.00258223,44.5271,Yes,N/A,N/A,N/A,N/A,N/A,N/A,7,8,9,10,N/A,12,13,N/A,7 8,7 9,7 10,8 10
7 8 9 10 11 13,0.00284959,43.3776,Yes,N/A,N/A,N/A,N/A,N/A,N/A,7,8,9,10,11,N/A,13,N/A,7 8,7 9,7 10,7 11
7 8 9 10 11 12 13,0.00206987,49.1717,Yes,N/A,N/A,N/A,N/A,N/A,N/A,7,8,9,10,11,12,13,N/A,7 8,7 9,7 10,7 11
1 5,0.0509259,5.5787,Yes,N/A,N/A,N/A,N/A,5,1 5,N/A,N/A,N/A,N/A,N/A,N/A,N/A,N/A,N/A,N/A,N/A,N/A
5,0.0277778,4.86111,Yes,N/A,N/A,N/A,N/A,5,N/A,N/A,N/A,N/A,N/A,N/A,N/A,N/A,N/A,N/A,N/A,N/A,N/A
1 5 13,0.0145319,16.0914,Yes,N/A,N/A,N/A,N/A,5,1 5,N/A,N/A,N/A,N/A,N/A,N/A,13,1 13,N/A,N/A,N/A,5 13
1 5 12,0.0241341,14.408,Yes,N/A,N/A,N/A,N/A,5,1 5,N/A,N/A,N/A,N/A,N/A,12,1 12,N/A,N/A,N/A,5 12,1 5 12
5 12,0.0203189,15.1815,Yes,N/A,N/A,N/A,N/A,5,N/A,N/A,N/A,N/A,N/A,N/A,12,N/A,N/A,N/A,N/A,5 12,N/A
1 5 12 13,0.00902349,25.5294,Yes,N/A,N/A,N/A,N/A,5,1 5,N/A,N/A,N/A,N/A,N/A,12,13,1 13,N/A,N/A,5 12,5 13
5 13,0.0100309,16.4653,Yes,N/A,N/A,N/A,N/A,5,N/A,N/A,N/A,N/A,N/A,N/A,N/A,13,N/A,N/A,N/A,N/A,5 13
1 5 11,0.03768,12.9245,Yes,N/A,N/A,N/A,N/A,5,1 5,N/A,N/A,N/A,N/A,11,1 11,N/A,N/A,N/A,5 11,1 5 11,N/A
5 11,0.0347222,13.9861,Yes,N/A,N/A,N/A,N/A,5,N/A,N/A,N/A,N/A,N/A,11,N/A,N/A,N/A,N/A,5 11,N/A,N/A
1 5 11 13,0.015759,22.3525,Yes,N/A,N/A,N/A,N/A,5,1 5,N/A,N/A,N/A,N/A,11,1 11,13,1 13,N/A,5 11,1 5 11,5 13
1 5 11 12,0.0189865,22.2787,Yes,N/A,N/A,N/A,N/A,5,1 5,N/A,N/A,N/A,N/A,11,12,1 12,N/A,N/A,5 11,5 12,1 5 12
5 11 12,0.0123135,23.8126,Yes,N/A,N/A,N/A,N/A,5,N/A,N/A,N/A,N/A,N/A,11,12,N/A,N/A,N/A,5 11,5 12,N/A
1 5 11 12 13,0.00807724,32.6613,Yes,N/A,N/A,N/A,N/A,5,1 5,N/A,N/A,N/A,N/A,11,12,13,1 13,N/A,5 11,5 12,5 13
5 12 13,0.00564772,26.429,Yes,N/A,N/A,N/A,N/A,5,N/A,N/A,N/A,N/A,N/A,N/A,12,13,N/A,N/A,N/A,5 12,5 13
1 5 10,0.0551698,11.6103,Yes,N/A,N/A,N/A,N/A,5,1 5,N/A,N/A,N/A,10,1 10,N/A,N/A,N/A,5 10,1 5 10,N/A,N/A
5 10,0.0532407,12.8646,Yes,N/A,N/A,N/A,N/A,5,N/A,N/A,N/A,N/A,10,N/A,N/A,N/A,N/A,5 10,N/A,N/A,N/A
1 5 10 13,0.0218675,20.9318,Yes,N/A,N/A,N/A,N/A,5,1 5,N/A,N/A,N/A,10,1 10,N/A,13,1 13,5 10,1 5 10,N/A,5 13
1 5 10 12,0.0312839,18.9409,Yes,N/A,N/A,N/A,N/A,5,1 5,N/A,N/A,N/A,10,1 10,12,1 12,N/A,5 10,1 5 10,5 12,1 5 12
5 10 12,0.0166002,22.6534,Yes,N/A,N/A,N/A,N/A,5,N/A,N/A,N/A,N/A,10,N/A,12,N/A,N/A,5 10,N/A,5 12,N/A
1 5 10 12 13,0.0123737,28.7782,Yes,N/A,N/A,N/A,N/A,5,1 5,N/A,N/A,N/A,10,1 10,12,13,1 13,5 10,1 5 10,5 12,5 13
5 10 13,0.0121849,24.0281,Yes,N/A,N/A,N/A,N/A,5,N/A,N/A,N/A,N/A,10,N/A,N/A,13,N/A,5 10,N/A,N/A,5 13
1 5 10 11,0.0327075,19.3983,Yes,N/A,N/A,N/A,N/A,5,1 5,N/A,N/A,N/A,10,11,1 11,N/A,N/A,5 10,5 11,1 5 11,N/A
5 10 11,0.0211227,21.3981,Yes,N/A,N/A,N/A,N/A,5,N/A,N/A,N/A,N/A,10,11,N/A,N/A,N/A,5 10,5 11,N/A,N/A
1 5 10 11 13,0.0156375,27.4384,Yes,N/A,N/A,N/A,N/A,5,1 5,N/A,N/A,N/A,10,11,1 11,13,1 13,5 10,5 11,1 5 11,5 13
1 5 10 11 12,0.0176365,27.6258,Yes,N/A,N/A,N/A,N/A,5,1 5,N/A,N/A,N/A,10,11,12,1 12,N/A,5 10,5 11,5 12,1 5 12
5 10 11 12,0.00893776,30.4643,Yes,N/A,N/A,N/A,N/A,5,N/A,N/A,N/A,N/A,10,11,12,N/A,N/A,5 10,5 11,5 12,N/A
1 5 10 11 12 13,0.00878188,36.7474,Yes,N/A,N/A,N/A,N/A,5,1 5,N/A,N/A,N/A,10,11,12,13,1 13,5 10,5 11,5 12,5 13
5 11 13,0.0085841,25.1839,Yes,N/A,N/A,N/A,N/A,5,N/A,N/A,N/A,N/A,N/A,11,N/A,13,N/A,N/A,5 11,N/A,5 13
5 11 12 13,0.00422775,34.4979,Yes,N/A,N/A,N/A,N/A,5,N/A,N/A,N/A,N/A,N/A,11,12,13,N/A,N/A,5 11,5 12,5 13
1 5 9,0.0766032,10.4349,Yes,N/A,N/A,N/A,N/A,5,1 5,N/A,N/A,9,1 9,N/A,N/A,N/A,5 9,1 5 9,N/A,N/A,N/A
5 9,0.0758745,11.8022,Yes,N/A,N/A,N/A,N/A,5,N/A,N/A,N/A,9,N/A,N/A,N/A,N/A,5 9,N/A,N/A,N/A,N/A
1 5 9 13,0.0230892,20.8198,Yes,N/A,N/A,N/A,N/A,5,1 5,N/A,N/A,9,1 9,N/A,N/A,13,1 13,1 5 9,N/A,N/A,5 13
1 5 9 12,0.0403586,17.6943,Yes,N/A,N/A,N/A,N/A,5,1 5,N/A,N/A,9,1 9,N/A,12,1 12,5 9,1 5 9,N/A,5 12,1 5 12
5 9 12,0.0215228,21.5711,Yes,N/A,N/A,N/A,N/A,5,N/A,N/A,N/A,9,N/A,N/A,12,N/A,5 9,N/A,N/A,5 12,N/A
1 5 9 12 13,0.0126334,28.8558,Yes,N/A,N/A,N/A,N/A,5,1 5,N/A,N/A,9,1 9,N/A,12,13,1 13,1 5 9,N/A,5 12,5 13
5 9 13,0.0164502,22.9452,Yes,N/A,N/A,N/A,N/A,5,N/A,N/A,N/A,9,N/A,N/A,N/A,13,5 9,N/A,N/A,N/A,5 13
1 5 9 11,0.0510313,16.0056,Yes,N/A,N/A,N/A,N/A,5,1 5,N/A,N/A,9,1 9,11,1 11,N/A,5 9,1 5 9,5 11,1 5 11,N/A
5 9 11,0.0262024,20.3204,Yes,N/A,N/A,N/A,N/A,5,N/A,N/A,N/A,9,N/A,11,N/A,N/A,5 9,N/A,5 11,N/A,N/A
1 5 9 11 13,0.0184903,24.9712,Yes,N/A,N/A,N/A,N/A,5,1 5,N/A,N/A,9,1 9,11,1 11,13,1 13,1 5 9,5 11,1 5 11,5 13
1 5 9 11 12,0.0252647,23.5515,Yes,N/A,N/A,N/A,N/A,5,1 5,N/A,N/A,9,1 9,11,12,1 12,5 9,1 5 9,5 11,5 12,1 5 12
5 9 11 12,0.0105828,29.3611,Yes,N/A,N/A,N/A,N/A,5,N/A,N/A,N/A,9,N/A,11,12,N/A,5 9,N/A,5 11,5 12,N/A
1 5 9 11 12 13,0.0102278,33.6771,Yes,N/A,N/A,N/A,N/A,5,1 5,N/A,N/A,9,1 9,11,12,13,1 13,1 5 9,5 11,5 12,5 13
5 9 12 13,0.00686665,32.1824,Yes,N/A,N/A,N/A,N/A,5,N/A,N/A,N/A,9,N/A,N/A,12,13,5 9,N/A,N/A,5 12,5 13
1 5 9 10,0.0481789,16.8916,Yes,N/A,N/A,N/A,N/A,5,1 5,N/A,N/A,9,10,1 10,N/A,N/A,5 9,5 10,1 5 10,N/A,N/A
5 9 10,0.0304891,19.1746,Yes,N/A,N/A,N/A,N/A,5,N/A,N/A,N/A,9,10,N/A,N/A,N/A,5 9,5 10,N/A,N/A,N/A
1 5 9 10 13,0.0181299,26.2308,Yes,N/A,N/A,N/A,N/A,5,1 5,N/A,N/A,9,10,1 10,N/A,13,1 13,5 10,1 5 10,N/A,5 13
1 5 9 10 12,0.0292568,22.3506,Yes,N/A,N/A,N/A,N/A,5,1 5,N/A,N/A,9,10,1 10,12,1 12,5 9,5 10,1 5 10,5 12,1 5 12
5 9 10 12,0.0120712,28.1666,Yes,N/A,N/A,N/A,N/A,5,N/A,N/A,N/A,9,10,N/A,12,N/A,5 9,5 10,N/A,5 12,N/A
1 5 9 10 12 13,0.0116206,32.5251,Yes,N/A,N/A,N/A,N/A,5,1 5,N/A,N/A,9,10,1 10,12,13,1 13,5 10,1 5 10,5 12,5 13
5 9 10 13,0.00952896,29.6722,Yes,N/A,N/A,N/A,N/A,5,N/A,N/A,N/A,9,10,N/A,N/A,13,5 9,5 10,N/A,N/A,5 13
1 5 9 10 11,0.029001,23.2937,Yes,N/A,N/A,N/A,N/A,5,1 5,N/A,N/A,9,10,11,1 11,N/A,5 9,5 10,5 11,1 5 11,N/A
5 9 10 11,0.0141461,26.8313,Yes,N/A,N/A,N/A,N/A,5,N/A,N/A,N/A,9,10,11,N/A,N/A,5 9,5 10,5 11,N/A,N/A
1 5 9 10 11 13,0.0137411,31.0535,Yes,N/A,N/A,N/A,N/A,5,1 5,N/A,N/A,9,10,11,1 11,13,1 13,5 10,5 11,1 5 11,5 13
1 5 9 10 11 12,0.0179236,29.6734,Yes,N/A,N/A,N/A,N/A,5,1 5,N/A,N/A,9,10,11,12,1 12,5 9,5 10,5 11,5 12,1 5 12
5 9 10 11 12,0.00729147,34.7297,Yes,N/A,N/A,N/A,N/A,5,N/A,N/A,N/A,9,10,11,12,N/A,5 9,5 10,5 11,5 12,N/A
1 5 9 10 11 12 13,0.00893802,39.0076,Yes,N/A,N/A,N/A,N/A,5,1 5,N/A,N/A,9,10,11,12,13,1 13,5 10,5 11,5 12,5 13
5 10 12 13,0.00547804,33.2919,Yes,N/A,N/A,N/A,N/A,5,N/A,N/A,N/A,N/A,10,N/A,12,13,N/A,5 10,N/A,5 12,5 13
5 10 11 13,0.00684799,31.9663,Yes,N/A,N/A,N/A,N/A,5,N/A,N/A,N/A,N/A,10,11,N/A,13,N/A,5 10,5 11,N/A,5 13
5 10 11 12 13,0.00379395,40.2562,Yes,N/A,N/A,N/A,N/A,5,N/A,N/A,N/A,N/A,10,11,12,13,N/A,5 10,5 11,5 12,5 13
1 5 8,0.10198,9.36754,Yes,N/A,N/A,N/A,N/A,5,1 5,N/A,8,1 8,N/A,N/A,N/A,5 8,1 5 8,N/A,N/A,N/A,N/A
5 8,0.102623,10.7843,Yes,N/A,N/A,N/A,N/A,5,N/A,N/A,8,N/A,N/A,N/A,N/A,5 8,N/A,N/A,N/A,N/A,N/A
1 5 8 13,0.022189,21.1383,Yes,N/A,N/A,N/A,N/A,5,1 5,N/A,8,1 8,N/A,N/A,N/A,13,1 13,N/A,N/A,N/A,5 13
1 5 8 12,0.0392143,18.128,Yes,N/A,N/A,N/A,N/A,5,1 5,N/A,8,1 8,N/A,N/A,12,1 12,1 5 8,N/A,N/A,5 12,1 5 12
5 8 12,0.0270812,20.5489,Yes,N/A,N/A,N/A,N/A,5,N/A,N/A,8,N/A,N/A,N/A,12,5 8,N/A,N/A,N/A,5 12,N/A
1 5 8 12 13,0.0113232,29.6323,Yes,N/A,N/A,N/A,N/A,5,1 5,N/A,8,1 8,N/A,N/A,12,13,1 13,N/A,N/A,5 12,5 13
5 8 13,0.0119277,23.3057,Yes,N/A,N/A,N/A,N/A,5,N/A,N/A,8,N/A,N/A,N/A,N/A,13,N/A,N/A,N/A,N/A,5 13
1 5 8 11,0.0619481,14.932,Yes,N/A,N/A,N/A,N/A,5,1 5,N/A,8,1 8,N/A,11,1 11,5 8,1 5 8,N/A,5 11,1 5 11,N/A
5 8 11,0.0317323,19.3057,Yes,N/A,N/A,N/A,N/A,5,N/A,N/A,8,N/A,N/A,11,N/A,5 8,N/A,N/A,5 11,N/A,N/A
1 5 8 11 13,0.0174318,25.8285,Yes,N/A,N/A,N/A,N/A,5,1 5,N/A,8,1 8,N/A,11,1 11,13,1 13,N/A,5 11,1 5 11,5 13
1 5 8 11 12,0.0237083,24.3807,Yes,N/A,N/A,N/A,N/A,5,1 5,N/A,8,1 8,N/A,11,12,1 12,1 5 8,N/A,5 11,5 12,1 5 12
5 8 11 12,0.0122653,28.3449,Yes,N/A,N/A,N/A,N/A,5,N/A,N/A,8,N/A,N/A,11,12,5 8,N/A,N/A,5 11,5 12,N/A
1 5 8 11 12 13,0.00913893,35.0072,Yes,N/A,N/A,N/A,N/A,5,1 5,N/A,8,1 8,N/A,11,12,13,1 13,N/A,5 11,5 12,5 13
5 8 12 13,0.00511159,32.8603,Yes,N/A,N/A,N/A,N/A,5,N/A,N/A,8,N/A,N/A,N/A,12,13,N/A,N/A,N/A,5 12,5 13
1 5 8 10,0.0719575,13.4441,Yes,N/A,N/A,N/A,N/A,5,1 5,N/A,8,1 8,10,1 10,N/A,5 8,1 5 8,5 10,1 5 10,N/A,8 10
5 8 10,0.0355903,18.0842,Yes,N/A,N/A,N/A,N/A,5,N/A,N/A,8,N/A,10,N/A,N/A,5 8,N/A,5 10,N/A,N/A,8 10
1 5 8 10 13,0.0208719,24.2497,Yes,N/A,N/A,N/A,N/A,5,1 5,N/A,8,1 8,10,1 10,N/A,13,1 13,5 10,1 5 10,N/A,5 13
1 5 8 10 12,0.0321223,20.3587,Yes,N/A,N/A,N/A,N/A,5,1 5,N/A,8,1 8,10,1 10,12,1 12,1 5 8,5 10,1 5 10,5 12,1 5 12
5 8 10 12,0.0137335,27.0585,Yes,N/A,N/A,N/A,N/A,5,N/A,N/A,8,N/A,10,N/A,12,5 8,N/A,5 10,N/A,5 12,8 10
1 5 8 10 12 13,0.0122626,30.416,Yes,N/A,N/A,N/A,N/A,5,1 5,N/A,8,1 8,10,1 10,12,13,1 13,5 10,1 5 10,5 12,5 13
5 8 10 13,0.00736686,30.3608,Yes,N/A,N/A,N/A,N/A,5,N/A,N/A,8,N/A,10,N/A,N/A,13,N/A,5 10,N/A,N/A,5 13
1 5 8 10 11,0.0394644,19.0836,Yes,N/A,N/A,N/A,N/A,5,1 5,N/A,8,1 8,10,11,1 11,5 8,1 5 8,5 10,5 11,1 5 11,8 10
5 8 10 11,0.0158822,25.7307,Yes,N/A,N/A,N/A,N/A,5,N/A,N/A,8,N/A,10,11,N/A,5 8,N/A,5 10,5 11,N/A,8 10
1 5 8 10 11 13,0.0152791,28.6658,Yes,N/A,N/A,N/A,N/A,5,1 5,N/A,8,1 8,10,11,1 11,13,1 13,5 10,5 11,1 5 11,5 13
1 5 8 10 11 12,0.0194302,27.0922,Yes,N/A,N/A,N/A,N/A,5,1 5,N/A,8,1 8,10,11,12,1 12,1 5 8,5 10,5 11,5 12,1 5 12
5 8 10 11 12,0.00799491,33.611,Yes,N/A,N/A,N/A,N/A,5,N/A,N/A,8,N/A,10,11,12,5 8,N/A,5 10,5 11,5 12,8 10
1 5 8 10 11 12 13,0.00951107,36.0479,Yes,N/A,N/A,N/A,N/A,5,1 5,N/A,8,1 8,10,11,12,13,1 13,5 10,5 11,5 12,5 13
5 8 11 13,0.00624518,31.5622,Yes,N/A,N/A,N/A,N/A,5,N/A,N/A,8,N/A,N/A,11,N/A,13,N/A,N/A,5 11,N/A,5 13
5 8 11 12 13,0.00337629,40.2604,Yes,N/A,N/A,N/A,N/A,5,N/A,N/A,8,N/A,N/A,11,12,13,N/A,N/A,5 11,5 12,5 13
1 5 8 9,0.063636,14.3992,Yes,N/A,N/A,N/A,N/A,5,1 5,N/A,8,9,1 9,N/A,N/A,5 8,5 9,1 5 9,N/A,8 9,1 8 9
5 8 9,0.0386553,16.8797,Yes,N/A,N/A,N/A,N/A,5,N/A,N/A,8,9,N/A,N/A,N/A,5 8,5 9,N/A,N/A,8 9,N/A
1 5 8 9 13,0.0174623,25.7993,Yes,N/A,N/A,N/A,N/A,5,1 5,N/A,8,9,1 9,N/A,N/A,13,1 13,1 5 9,N/A,8 9,5 13
1 5 8 9 12,0.0294998,22.0483,Yes,N/A,N/A,N/A,N/A,5,1 5,N/A,8,9,1 9,N/A,12,1 12,5 9,1 5 9,N/A,5 12,1 5 12
5 8 9 12,0.0146803,26.0628,Yes,N/A,N/A,N/A,N/A,5,N/A,N/A,8,9,N/A,N/A,12,5 8,5 9,N/A,N/A,5 12,N/A
1 5 8 9 12 13,0.0102637,33.1205,Yes,N/A,N/A,N/A,N/A,5,1 5,N/A,8,9,1 9,N/A,12,13,1 13,1 5 9,N/A,5 12,5 13
5 8 9 13,0.00861596,28.9821,Yes,N/A,N/A,N/A,N/A,5,N/A,N/A,8,9,N/A,N/A,N/A,13,5 9,N/A,N/A,8 9,5 13
1 5 8 9 11,0.0429654,18.0223,Yes,N/A,N/A,N/A,N/A,5,1 5,N/A,8,9,1 9,11,1 11,5 8,5 9,1 5 9,5 11,1 5 11,1 8 9
5 8 9 11,0.0173772,24.4741,Yes,N/A,N/A,N/A,N/A,5,N/A,N/A,8,9,N/A,11,N/A,5 8,5 9,N/A,5 11,8 9,N/A
1 5 8 9 11 13,0.0148814,28.3038,Yes,N/A,N/A,N/A,N/A,5,1 5,N/A,8,9,1 9,11,1 11,13,1 13,1 5 9,5 11,1 5 11,5 13
1 5 8 9 11 12,0.0208215,26.1397,Yes,N/A,N/A,N/A,N/A,5,1 5,N/A,8,9,1 9,11,12,1 12,5 9,1 5 9,5 11,5 12,1 5 12
5 8 9 11 12,0.00847146,32.6099,Yes,N/A,N/A,N/A,N/A,5,N/A,N/A,8,9,N/A,11,12,5 8,5 9,N/A,5 11,5 12,N/A
1 5 8 9 11 12 13,0.00911204,35.944,Yes,N/A,N/A,N/A,N/A,5,1 5,N/A,8,9,1 9,11,12,13,1 13,1 5 9,5 11,5 12,5 13
5 8 9 12 13,0.00442971,37.8205,Yes,N/A,N/A,N/A,N/A,5,N/A,N/A,8,9,N/A,N/A,12,13,5 9,N/A,N/A,5 12,5 13
1 5 8 9 10,0.0402949,19.2221,Yes,N/A,N/A,N/A,N/A,5,1 5,N/A,8,9,10,1 10,N/A,5 8,5 9,5 10,1 5 10,8 9,8 10
5 8 9 10,0.0198742,23.1914,Yes,N/A,N/A,N/A,N/A,5,N/A,N/A,8,9,10,N/A,N/A,5 8,5 9,5 10,N/A,8 9,8 10
1 5 8 9 10 13,0.0148986,29.6243,Yes,N/A,N/A,N/A,N/A,5,1 5,N/A,8,9,10,1 10,N/A,13,1 13,5 10,1 5 10,8 9,5 13
1 5 8 9 10 12,0.0231939,24.8032,Yes,N/A,N/A,N/A,N/A,5,1 5,N/A,8,9,10,1 10,12,1 12,5 9,5 10,1 5 10,5 12,1 5 12
5 8 9 10 12,0.00947863,31.2389,Yes,N/A,N/A,N/A,N/A,5,N/A,N/A,8,9,10,N/A,12,5 8,5 9,5 10,N/A,5 12,8 10
1 5 8 9 10 12 13,0.0102047,34.6243,Yes,N/A,N/A,N/A,N/A,5,1 5,N/A,8,9,10,1 10,12,13,1 13,5 10,1 5 10,5 12,5 13
5 8 9 10 13,0.00612934,34.8348,Yes,N/A,N/A,N/A,N/A,5,N/A,N/A,8,9,10,N/A,N/A,13,5 9,5 10,N/A,8 9,5 13
1 5 8 9 10 11,0.0272864,23.678,Yes,N/A,N/A,N/A,N/A,5,1 5,N/A,8,9,10,11,1 11,5 8,5 9,5 10,5 11,1 5 11,8 10
5 8 9 10 11,0.0111296,29.4568,Yes,N/A,N/A,N/A,N/A,5,N/A,N/A,8,9,10,11,N/A,5 8,5 9,5 10,5 11,8 9,8 10
1 5 8 9 10 11 13,0.012434,32.5939,Yes,N/A,N/A,N/A,N/A,5,1 5,N/A,8,9,10,11,1 11,13,1 13,5 10,5 11,1 5 11,5 13
1 5 8 9 10 11 12,0.0164344,30.4735,Yes,N/A,N/A,N/A,N/A,5,1 5,N/A,8,9,10,11,12,1 12,5 9,5 10,5 11,5 12,1 5 12
5 8 9 10 11 12,0.00658554,35.8701,Yes,N/A,N/A,N/A,N/A,5,N/A,N/A,8,9,10,11,12,5 8,5 9,5 10,5 11,5 12,8 10
1 5 8 9 10 11 12 13,0.00885451,38.964,Yes,N/A,N/A,N/A,N/A,5,1 5,N/A,8,9,10,11,12,13,1 13,5 10,5 11,5 12,5 13
5 9 11 13,0.00827868,30.8623,Yes,N/A,N/A,N/A,N/A,5,N/A,N/A,N/A,9,N/A,11,N/A,13,5 9,N/A,5 11,N/A,5 13
5 9 11 12 13,0.00441011,39.1178,Yes,N/A,N/A,N/A,N/A,5,N/A,N/A,N/A,9,N/A,11,12,13,5 9,N/A,5 11,5 12,5 13
5 9 10 12 13,0.00498895,37.8615,Yes,N/A,N/A,N/A,N/A,5,N/A,N/A,N/A,9,10,N/A,12,13,5 9,5 10,N/A,5 12,5 13
5 9 10 11 13,0.00581941,36.4251,Yes,N/A,N/A,N/A,N/A,5,N/A,N/A,N/A,9,10,11,N/A,13,5 9,5 10,5 11,N/A,5 13
5 9 10 11 12 13,0.00372858,43.1009,Yes,N/A,N/A,N/A,N/A,5,N/A,N/A,N/A,9,10,11,12,13,5 9,5 10,5 11,5 12,5 13
1 5 7,0.128987,8.54668,Yes,N/A,N/A,N/A,N/A,5,1 5,7,1 7,N/A,N/A,N/A,5 7,1 5 7,N/A,N/A,N/A,N/A,N/A
5 7,0.119599,9.96296,Yes,N/A,N/A,N/A,N/A,5,N/A,7,N/A,N/A,N/A,N/A,5 7,N/A,N/A,N/A,N/A,N/A,N/A
1 5 7 13,0.0347276,19.2223,Yes,N/A,N/A,N/A,N/A,5,1 5,7,1 7,N/A,N/A,N/A,5 7,13,1 13,N/A,N/A,N/A,5 13
1 5 7 12,0.0338595,18.9705,Yes,N/A,N/A,N/A,N/A,5,1 5,7,1 7,N/A,N/A,N/A,12,1 12,N/A,N/A,N/A,5 12,1 5 12
5 7 12,0.0166645,21.3249,Yes,N/A,N/A,N/A,N/A,5,N/A,7,N/A,N/A,N/A,N/A,12,N/A,N/A,N/A,N/A,5 12,N/A
1 5 7 12 13,0.01082,29.6619,Yes,N/A,N/A,N/A,N/A,5,1 5,7,1 7,N/A,N/A,N/A,12,13,1 13,N/A,N/A,5 12,5 13
5 7 13,0.0242734,21.1334,Yes,N/A,N/A,N/A,N/A,5,N/A,7,N/A,N/A,N/A,N/A,5 7,13,N/A,N/A,N/A,N/A,5 13
1 5 7 11,0.054575,15.8522,Yes,N/A,N/A,N/A,N/A,5,1 5,7,1 7,N/A,N/A,11,1 11,1 5 7,N/A,N/A,5 11,1 5 11,7 11
5 7 11,0.0344972,18.4572,Yes,N/A,N/A,N/A,N/A,5,N/A,7,N/A,N/A,N/A,11,5 7,N/A,N/A,N/A,5 11,N/A,7 11
1 5 7 11 13,0.0187771,25.6834,Yes,N/A,N/A,N/A,N/A,5,1 5,7,1 7,N/A,N/A,11,1 11,13,1 13,N/A,5 11,1 5 11,5 13
1 5 7 11 12,0.0190459,25.9271,Yes,N/A,N/A,N/A,N/A,5,1 5,7,1 7,N/A,N/A,11,12,1 12,N/A,N/A,5 11,5 12,1 5 12
5 7 11 12,0.00797414,29.4898,Yes,N/A,N/A,N/A,N/A,5,N/A,7,N/A,N/A,N/A,11,12,N/A,N/A,N/A,5 11,5 12,7 11
1 5 7 11 12 13,0.00791689,35.6595,Yes,N/A,N/A,N/A,N/A,5,1 5,7,1 7,N/A,N/A,11,12,13,1 13,N/A,5 11,5 12,5 13
5 7 12 13,0.00521399,32.3072,Yes,N/A,N/A,N/A,N/A,5,N/A,7,N/A,N/A,N/A,N/A,12,13,N/A,N/A,N/A,5 12,5 13
1 5 7 10,0.0797915,12.5231,Yes,N/A,N/A,N/A,N/A,5,1 5,7,1 7,N/A,10,1 10,5 7,1 5 7,N/A,5 10,1 5 10,7 10,1 7 10
5 7 10,0.0375836,17.1746,Yes,N/A,N/A,N/A,N/A,5,N/A,7,N/A,N/A,10,N/A,5 7,N/A,N/A,5 10,N/A,7 10,N/A
1 5 7 10 13,0.0288905,21.6145,Yes,N/A,N/A,N/A,N/A,5,1 5,7,1 7,N/A,10,1 10,5 7,13,1 13,5 10,1 5 10,7 10,5 13
1 5 7 10 12,0.0272067,21.9805,Yes,N/A,N/A,N/A,N/A,5,1 5,7,1 7,N/A,10,1 10,12,1 12,N/A,5 10,1 5 10,5 12,1 5 12
5 7 10 12,0.00902081,28.374,Yes,N/A,N/A,N/A,N/A,5,N/A,7,N/A,N/A,10,N/A,12,N/A,N/A,5 10,N/A,5 12,N/A
1 5 7 10 12 13,0.0115548,30.9568,Yes,N/A,N/A,N/A,N/A,5,1 5,7,1 7,N/A,10,1 10,12,13,1 13,5 10,1 5 10,5 12,5 13
5 7 10 13,0.0114723,27.6803,Yes,N/A,N/A,N/A,N/A,5,N/A,7,N/A,N/A,10,N/A,5 7,13,N/A,5 10,N/A,7 10,5 13
1 5 7 10 11,0.033868,20.63,Yes,N/A,N/A,N/A,N/A,5,1 5,7,1 7,N/A,10,11,1 11,1 5 7,N/A,5 10,5 11,1 5 11,7 11
5 7 10 11,0.0170182,24.7601,Yes,N/A,N/A,N/A,N/A,5,N/A,7,N/A,N/A,10,11,5 7,N/A,N/A,5 10,5 11,7 10,7 11
1 5 7 10 11 13,0.0155843,28.7614,Yes,N/A,N/A,N/A,N/A,5,1 5,7,1 7,N/A,10,11,1 11,13,1 13,5 10,5 11,1 5 11,5 13
1 5 7 10 11 12,0.015952,29.4789,Yes,N/A,N/A,N/A,N/A,5,1 5,7,1 7,N/A,10,11,12,1 12,N/A,5 10,5 11,5 12,1 5 12
5 7 10 11 12,0.00566015,35.4674,Yes,N/A,N/A,N/A,N/A,5,N/A,7,N/A,N/A,10,11,12,N/A,N/A,5 10,5 11,5 12,7 11
1 5 7 10 11 12 13,0.00830854,37.4177,Yes,N/A,N/A,N/A,N/A,5,1 5,7,1 7,N/A,10,11,12,13,1 13,5 10,5 11,5 12,5 13
5 7 11 13,0.0104399,29.121,Yes,N/A,N/A,N/A,N/A,5,N/A,7,N/A,N/A,N/A,11,5 7,13,N/A,N/A,5 11,N/A,5 13
5 7 11 12 13,0.00324867,39.8624,Yes,N/A,N/A,N/A,N/A,5,N/A,7,N/A,N/A,N/A,11,12,13,N/A,N/A,5 11,5 12,5 13
1 5 7 9,0.0868252,11.0054,Yes,N/A,N/A,N/A,N/A,5,1 5,7,1 7,9,1 9,N/A,5 7,1 5 7,5 9,1 5 9,7 9,1 7 9,N/A
5 7 9,0.0393197,15.9229,Yes,N/A,N/A,N/A,N/A,5,N/A,7,N/A,9,N/A,N/A,5 7,N/A,5 9,N/A,7 9,N/A,N/A
1 5 7 9 13,0.0290989,21.13,Yes,N/A,N/A,N/A,N/A,5,1 5,7,1 7,9,1 9,N/A,5 7,13,1 13,1 5 9,7 9,1 7 9,5 13
1 5 7 9 12,0.0312873,20.0499,Yes,N/A,N/A,N/A,N/A,5,1 5,7,1 7,9,1 9,N/A,12,1 12,5 9,1 5 9,7 9,5 12,1 5 12
5 7 9 12,0.0105978,26.7534,Yes,N/A,N/A,N/A,N/A,5,N/A,7,N/A,9,N/A,N/A,12,N/A,5 9,N/A,7 9,5 12,N/A
1 5 7 9 12 13,0.0120289,30.4384,Yes,N/A,N/A,N/A,N/A,5,1 5,7,1 7,9,1 9,N/A,12,13,1 13,1 5 9,7 9,5 12,5 13
5 7 9 13,0.012079,26.3715,Yes,N/A,N/A,N/A,N/A,5,N/A,7,N/A,9,N/A,N/A,5 7,13,5 9,N/A,7 9,N/A,5 13
1 5 7 9 11,0.0432667,16.626,Yes,N/A,N/A,N/A,N/A,5,1 5,7,1 7,9,1 9,11,1 11,1 5 7,5 9,1 5 9,5 11,1 5 11,7 11
5 7 9 11,0.0175629,23.9407,Yes,N/A,N/A,N/A,N/A,5,N/A,7,N/A,9,N/A,11,5 7,N/A,5 9,N/A,5 11,N/A,7 11
1 5 7 9 11 13,0.0178897,25.741,Yes,N/A,N/A,N/A,N/A,5,1 5,7,1 7,9,1 9,11,1 11,13,1 13,1 5 9,5 11,1 5 11,5 13
1 5 7 9 11 12,0.0202793,24.7549,Yes,N/A,N/A,N/A,N/A,5,1 5,7,1 7,9,1 9,11,12,1 12,5 9,1 5 9,5 11,5 12,1 5 12
5 7 9 11 12,0.00629156,34.2924,Yes,N/A,N/A,N/A,N/A,5,N/A,7,N/A,9,N/A,11,12,N/A,5 9,N/A,5 11,5 12,7 11
1 5 7 9 11 12 13,0.0095199,33.8333,Yes,N/A,N/A,N/A,N/A,5,1 5,7,1 7,9,1 9,11,12,13,1 13,1 5 9,5 11,5 12,5 13
5 7 9 12 13,0.0042993,36.8298,Yes,N/A,N/A,N/A,N/A,5,N/A,7,N/A,9,N/A,N/A,12,13,5 9,N/A,7 9,5 12,5 13
1 5 7 9 10,0.0505148,15.4692,Yes,N/A,N/A,N/A,N/A,5,1 5,7,1 7,9,10,1 10,5 7,1 5 7,5 9,5 10,1 5 10,7 10,1 7 10
5 7 9 10,0.0219139,22.0711,Yes,N/A,N/A,N/A,N/A,5,N/A,7,N/A,9,10,N/A,5 7,N/A,5 9,5 10,7 9,7 10,N/A
1 5 7 9 10 13,0.0219579,24.2296,Yes,N/A,N/A,N/A,N/A,5,1 5,7,1 7,9,10,1 10,5 7,13,1 13,5 10,1 5 10,7 10,5 13
1 5 7 9 10 12,0.0243015,22.9819,Yes,N/A,N/A,N/A,N/A,5,1 5,7,1 7,9,10,1 10,12,1 12,5 9,5 10,1 5 10,5 12,1 5 12
5 7 9 10 12,0.00780285,32.4993,Yes,N/A,N/A,N/A,N/A,5,N/A,7,N/A,9,10,N/A,12,N/A,5 9,5 10,7 9,5 12,N/A
1 5 7 9 10 12 13,0.011437,31.9599,Yes,N/A,N/A,N/A,N/A,5,1 5,7,1 7,9,10,1 10,12,13,1 13,5 10,1 5 10,5 12,5 13
5 7 9 10 13,0.00840234,31.492,Yes,N/A,N/A,N/A,N/A,5,N/A,7,N/A,9,10,N/A,5 7,13,5 9,5 10,7 9,7 10,5 13
1 5 7 9 10 11,0.0280758,21.8123,Yes,N/A,N/A,N/A,N/A,5,1 5,7,1 7,9,10,11,1 11,1 5 7,5 9,5 10,5 11,1 5 11,7 11
5 7 9 10 11,0.0117218,28.8249,Yes,N/A,N/A,N/A,N/A,5,N/A,7,N/A,9,10,11,5 7,N/A,5 9,5 10,5 11,7 10,7 11
1 5 7 9 10 11 13,0.0145322,29.3742,Yes,N/A,N/A,N/A,N/A,5,1 5,7,1 7,9,10,11,1 11,13,1 13,5 10,5 11,1 5 11,5 13
1 5 7 9 10 11 12,0.0166914,28.357,Yes,N/A,N/A,N/A,N/A,5,1 5,7,1 7,9,10,11,12,1 12,5 9,5 10,5 11,5 12,1 5 12
5 7 9 10 11 12,0.00529333,38.498,Yes,N/A,N/A,N/A,N/A,5,N/A,7,N/A,9,10,11,12,N/A,5 9,5 10,5 11,5 12,7 11
1 5 7 9 10 11 12 13,0.00933955,36.0228,Yes,N/A,N/A,N/A,N/A,5,1 5,7,1 7,9,10,11,12,13,1 13,5 10,5 11,5 12,5 13
5 7 10 12 13,0.00369586,38.5892,Yes,N/A,N/A,N/A,N/A,5,N/A,7,N/A,N/A,10,N/A,12,13,N/A,5 10,N/A,5 12,5 13
5 7 10 11 13,0.00669446,34.4698,Yes,N/A,N/A,N/A,N/A,5,N/A,7,N/A,N/A,10,11,5 7,13,N/A,5 10,5 11,7 10,5 13
5 7 10 11 12 13,0.0028042,44.7072,Yes,N/A,N/A,N/A,N/A,5,N/A,7,N/A,N/A,10,11,12,13,N/A,5 10,5 11,5 12,5 13
1 5 7 8,0.0717914,11.9301,Yes,N/A,N/A,N/A,N/A,5,1 5,7,8,1 8,N/A,N/A,5 7,5 8,1 5 8,7 8,1 7 8,N/A,N/A
5 7 8,0.0397055,14.6972,Yes,N/A,N/A,N/A,N/A,5,N/A,7,8,N/A,N/A,N/A,5 7,5 8,N/A,7 8,N/A,N/A,N/A
1 5 7 8 13,0.0245129,22.5554,Yes,N/A,N/A,N/A,N/A,5,1 5,7,8,1 8,N/A,N/A,5 7,13,1 13,7 8,1 7 8,N/A,5 13
1 5 7 8 12,0.0256358,21.3615,Yes,N/A,N/A,N/A,N/A,5,1 5,7,8,1 8,N/A,N/A,12,1 12,1 5 8,7 8,1 7 8,5 12,1 5 12
5 7 8 12,0.0118584,25.4095,Yes,N/A,N/A,N/A,N/A,5,N/A,7,8,N/A,N/A,N/A,12,5 8,N/A,7 8,N/A,5 12,N/A
1 5 7 8 12 13,0.0102046,32.1973,Yes,N/A,N/A,N/A,N/A,5,1 5,7,8,1 8,N/A,N/A,12,13,1 13,7 8,1 7 8,5 12,5 13
5 7 8 13,0.0103372,26.6421,Yes,N/A,N/A,N/A,N/A,5,N/A,7,8,N/A,N/A,N/A,5 7,13,N/A,7 8,N/A,N/A,5 13
1 5 7 8 11,0.0395937,17.694,Yes,N/A,N/A,N/A,N/A,5,1 5,7,8,1 8,N/A,11,1 11,5 8,1 5 8,7 8,5 11,1 5 11,7 11
5 7 8 11,0.0197027,22.1617,Yes,N/A,N/A,N/A,N/A,5,N/A,7,8,N/A,N/A,11,5 7,5 8,N/A,7 8,5 11,N/A,7 11
1 5 7 8 11 13,0.0161744,27.5974,Yes,N/A,N/A,N/A,N/A,5,1 5,7,8,1 8,N/A,11,1 11,13,1 13,7 8,5 11,1 5 11,5 13
1 5 7 8 11 12,0.0177093,26.77,Yes,N/A,N/A,N/A,N/A,5,1 5,7,8,1 8,N/A,11,12,1 12,1 5 8,7 8,5 11,5 12,1 5 12
5 7 8 11 12,0.00763237,32.2357,Yes,N/A,N/A,N/A,N/A,5,N/A,7,8,N/A,N/A,11,12,5 8,N/A,7 8,5 11,5 12,7 11
1 5 7 8 11 12 13,0.00853749,36.5176,Yes,N/A,N/A,N/A,N/A,5,1 5,7,8,1 8,N/A,11,12,13,1 13,7 8,5 11,5 12,5 13
5 7 8 12 13,0.00386121,37.3306,Yes,N/A,N/A,N/A,N/A,5,N/A,7,8,N/A,N/A,N/A,12,13,N/A,7 8,N/A,5 12,5 13
1 5 7 8 10,0.0535962,14.5021,Yes,N/A,N/A,N/A,N/A,5,1 5,7,8,1 8,10,1 10,5 7,5 8,1 5 8,5 10,1 5 10,7 10,8 10
5 7 8 10,0.0227784,21.4786,Yes,N/A,N/A,N/A,N/A,5,N/A,7,8,N/A,10,N/A,5 7,5 8,N/A,5 10,N/A,7 10,8 10
1 5 7 8 10 13,0.0221137,23.7172,Yes,N/A,N/A,N/A,N/A,5,1 5,7,8,1 8,10,1 10,5 7,13,1 13,5 10,1 5 10,7 10,5 13
1 5 7 8 10 12,0.023142,22.937,Yes,N/A,N/A,N/A,N/A,5,1 5,7,8,1 8,10,1 10,12,1 12,1 5 8,5 10,1 5 10,5 12,1 5 12
5 7 8 10 12,0.00812495,31.9295,Yes,N/A,N/A,N/A,N/A,5,N/A,7,8,N/A,10,N/A,12,5 8,N/A,5 10,N/A,5 12,8 10
1 5 7 8 10 12 13,0.0110038,32.0569,Yes,N/A,N/A,N/A,N/A,5,1 5,7,8,1 8,10,1 10,12,13,1 13,5 10,1 5 10,5 12,5 13
5 7 8 10 13,0.00709118,33.0579,Yes,N/A,N/A,N/A,N/A,5,N/A,7,8,N/A,10,N/A,5 7,13,N/A,5 10,N/A,7 10,5 13
1 5 7 8 10 11,0.029847,20.9482,Yes,N/A,N/A,N/A,N/A,5,1 5,7,8,1 8,10,11,1 11,5 8,1 5 8,5 10,5 11,1 5 11,7 11
5 7 8 10 11,0.0125455,27.8175,Yes,N/A,N/A,N/A,N/A,5,N/A,7,8,N/A,10,11,5 7,5 8,N/A,5 10,5 11,7 10,7 11
1 5 7 8 10 11 13,0.0146429,29.1655,Yes,N/A,N/A,N/A,N/A,5,1 5,7,8,1 8,10,11,1 11,13,1 13,5 10,5 11,1 5 11,5 13
1 5 7 8 10 11 12,0.0159403,28.4999,Yes,N/A,N/A,N/A,N/A,5,1 5,7,8,1 8,10,11,12,1 12,1 5 8,5 10,5 11,5 12,1 5 12
5 7 8 10 11 12,0.00579103,37.3779,Yes,N/A,N/A,N/A,N/A,5,N/A,7,8,N/A,10,11,12,5 8,N/A,5 10,5 11,5 12,7 11
1 5 7 8 10 11 12 13,0.00907753,36.2199,Yes,N/A,N/A,N/A,N/A,5,1 5,7,8,1 8,10,11,12,13,1 13,5 10,5 11,5 12,5 13
5 7 8 11 13,0.0064707,33.6803,Yes,N/A,N/A,N/A,N/A,5,N/A,7,8,N/A,N/A,11,5 7,13,N/A,7 8,5 11,N/A,5 13
5 7 8 11 12 13,0.00304435,43.6543,Yes,N/A,N/A,N/A,N/A,5,N/A,7,8,N/A,N/A,11,12,13,N/A,7 8,5 11,5 12,5 13
1 5 7 8 9,0.0520716,15.7115,Yes,N/A,N/A,N/A,N/A,5,1 5,7,8,9,1 9,N/A,5 7,5 8,5 9,1 5 9,7 9,8 9,1 8 9
5 7 8 9,0.0323872,19.1727,Yes,N/A,N/A,N/A,N/A,5,N/A,7,8,9,N/A,N/A,5 7,5 8,5 9,7 8,7 9,8 9,N/A
1 5 7 8 9 13,0.0204647,25.7382,Yes,N/A,N/A,N/A,N/A,5,1 5,7,8,9,1 9,N/A,5 7,13,1 13,1 5 9,7 9,8 9,5 13
1 5 7 8 9 12,0.0242416,24.181,Yes,N/A,N/A,N/A,N/A,5,1 5,7,8,9,1 9,N/A,12,1 12,5 9,1 5 9,7 9,5 12,1 5 12
5 7 8 9 12,0.0117072,29.2406,Yes,N/A,N/A,N/A,N/A,5,N/A,7,8,9,N/A,N/A,12,5 8,5 9,7 8,7 9,5 12,N/A
1 5 7 8 9 12 13,0.0103965,34.5212,Yes,N/A,N/A,N/A,N/A,5,1 5,7,8,9,1 9,N/A,12,13,1 13,1 5 9,7 9,5 12,5 13
5 7 8 9 13,0.00982095,30.364,Yes,N/A,N/A,N/A,N/A,5,N/A,7,8,9,N/A,N/A,5 7,13,5 9,7 8,7 9,8 9,5 13
1 5 7 8 9 11,0.033827,19.5353,Yes,N/A,N/A,N/A,N/A,5,1 5,7,8,9,1 9,11,1 11,5 8,5 9,1 5 9,5 11,1 5 11,7 11
5 7 8 9 11,0.0159731,25.664,Yes,N/A,N/A,N/A,N/A,5,N/A,7,8,9,N/A,11,5 7,5 8,5 9,7 8,5 11,8 9,7 11
1 5 7 8 9 11 13,0.0150243,28.639,Yes,N/A,N/A,N/A,N/A,5,1 5,7,8,9,1 9,11,1 11,13,1 13,1 5 9,5 11,1 5 11,5 13
1 5 7 8 9 11 12,0.0179681,27.1055,Yes,N/A,N/A,N/A,N/A,5,1 5,7,8,9,1 9,11,12,1 12,5 9,1 5 9,5 11,5 12,1 5 12
5 7 8 9 11 12,0.00745594,34.8298,Yes,N/A,N/A,N/A,N/A,5,N/A,7,8,9,N/A,11,12,5 8,5 9,7 8,5 11,5 12,7 11
1 5 7 8 9 11 12 13,0.00921407,35.9126,Yes,N/A,N/A,N/A,N/A,5,1 5,7,8,9,1 9,11,12,13,1 13,1 5 9,5 11,5 12,5 13
5 7 8 9 12 13,0.00448546,40.2726,Yes,N/A,N/A,N/A,N/A,5,N/A,7,8,9,N/A,N/A,12,13,5 9,7 8,7 9,5 12,5 13
1 5 7 8 9 10,0.03795,18.7711,Yes,N/A,N/A,N/A,N/A,5,1 5,7,8,9,10,1 10,5 7,5 8,5 9,5 10,1 5 10,7 10,8 10
5 7 8 9 10,0.0177108,24.7128,Yes,N/A,N/A,N/A,N/A,5,N/A,7,8,9,10,N/A,5 7,5 8,5 9,5 10,7 9,7 10,8 10
1 5 7 8 9 10 13,0.0177244,27.2579,Yes,N/A,N/A,N/A,N/A,5,1 5,7,8,9,10,1 10,5 7,13,1 13,5 10,1 5 10,7 10,5 13
1 5 7 8 9 10 12,0.021017,25.3386,Yes,N/A,N/A,N/A,N/A,5,1 5,7,8,9,10,1 10,12,1 12,5 9,5 10,1 5 10,5 12,1 5 12
5 7 8 9 10 12,0.00811492,33.9406,Yes,N/A,N/A,N/A,N/A,5,N/A,7,8,9,10,N/A,12,5 8,5 9,5 10,7 9,5 12,8 10
1 5 7 8 9 10 12 13,0.0107669,34.0246,Yes,N/A,N/A,N/A,N/A,5,1 5,7,8,9,10,1 10,12,13,1 13,5 10,1 5 10,5 12,5 13
5 7 8 9 10 13,0.00680422,35.2372,Yes,N/A,N/A,N/A,N/A,5,N/A,7,8,9,10,N/A,5 7,13,5 9,5 10,7 9,7 10,5 13
1 5 7 8 9 10 11,0.0250759,23.7033,Yes,N/A,N/A,N/A,N/A,5,1 5,7,8,9,10,11,1 11,5 8,5 9,5 10,5 11,1 5 11,7 11
5 7 8 9 10 11,0.0107693,29.6122,Yes,N/A,N/A,N/A,N/A,5,N/A,7,8,9,10,11,5 7,5 8,5 9,5 10,5 11,7 10,7 11
1 5 7 8 9 10 11 13,0.0134997,30.9673,Yes,N/A,N/A,N/A,N/A,5,1 5,7,8,9,10,11,1 11,13,1 13,5 10,5 11,1 5 11,5 13
1 5 7 8 9 10 11 12,0.0160474,29.3953,Yes,N/A,N/A,N/A,N/A,5,1 5,7,8,9,10,11,12,1 12,5 9,5 10,5 11,5 12,1 5 12
5 7 8 9 10 11 12,0.00605802,37.4498,Yes,N/A,N/A,N/A,N/A,5,N/A,7,8,9,10,11,12,5 8,5 9,5 10,5 11,5 12,7 11
1 5 7 8 9 10 11 12 13,0.00969284,36.3839,Yes,N/A,N/A,N/A,N/A,5,1 5,7,8,9,10,11,12,13,1 13,5 10,5 11,5 12,5 13
5 8 10 12 13,0.00391812,38.9888,Yes,N/A,N/A,N/A,N/A,5,N/A,N/A,8,N/A,10,N/A,12,13,N/A,5 10,N/A,5 12,5 13
5 8 10 11 13,0.0046169,37.5826,Yes,N/A,N/A,N/A,N/A,5,N/A,N/A,8,N/A,10,11,N/A,13,N/A,5 10,5 11,N/A,5 13
5 8 10 11 12 13,0.00298073,44.8875,Yes,N/A,N/A,N/A,N/A,5,N/A,N/A,8,N/A,10,11,12,13,N/A,5 10,5 11,5 12,5 13
5 8 9 11 13,0.00533746,36.1008,Yes,N/A,N/A,N/A,N/A,5,N/A,N/A,8,9,N/A,11,N/A,13,5 9,N/A,5 11,8 9,5 13
5 8 9 11 12 13,0.0033021,43.6621,Yes,N/A,N/A,N/A,N/A,5,N/A,N/A,8,9,N/A,11,12,13,5 9,N/A,5 11,5 12,5 13
5 8 9 10 12 13,0.00371609,42.2988,Yes,N/A,N/A,N/A,N/A,5,N/A,N/A,8,9,10,N/A,12,13,5 9,5 10,N/A,5 12,5 13
5 8 9 10 11 13,0.00440985,40.3254,Yes,N/A,N/A,N/A,N/A,5,N/A,N/A,8,9,10,11,N/A,13,5 9,5 10,5 11,8 9,5 13
5 8 9 10 11 12 13,0.00317104,45.7421,Yes,N/A,N/A,N/A,N/A,5,N/A,N/A,8,9,10,11,12,13,5 9,5 10,5 11,5 12,5 13
1 5 6,0.143004,8.26192,Yes,N/A,N/A,N/A,N/A,5,6,1 6,N/A,N/A,N/A,5 6,1 5 6,N/A,N/A,N/A,N/A,N/A,N/A
5 6,0.127572,9.19419,Yes,N/A,N/A,N/A,N/A,5,6,N/A,N/A,N/A,N/A,5 6,N/A,N/A,N/A,N/A,N/A,N/A,N/A
1 5 6 13,0.0470429,17.7611,Yes,N/A,N/A,N/A,N/A,5,6,1 6,N/A,N/A,N/A,5 6,1 5 6,13,1 13,N/A,N/A,N/A,5 13
1 5 6 12,0.0481217,17.3959,Yes,N/A,N/A,N/A,N/A,5,6,1 6,N/A,N/A,N/A,5 6,12,1 12,N/A,N/A,N/A,5 12,6 12
5 6 12,0.0313715,18.9774,Yes,N/A,N/A,N/A,N/A,5,6,N/A,N/A,N/A,N/A,5 6,12,N/A,N/A,N/A,N/A,5 12,6 12
1 5 6 12 13,0.0174624,27.7635,Yes,N/A,N/A,N/A,N/A,5,6,1 6,N/A,N/A,N/A,5 6,12,13,1 13,N/A,N/A,5 12,5 13
5 6 13,0.0254844,20.41,Yes,N/A,N/A,N/A,N/A,5,6,N/A,N/A,N/A,N/A,5 6,N/A,13,N/A,N/A,N/A,N/A,5 13
1 5 6 11,0.0408022,17.42,Yes,N/A,N/A,N/A,N/A,5,6,1 6,N/A,N/A,N/A,11,1 11,N/A,N/A,N/A,5 11,6 11,1 6 11
5 6 11,0.0199331,19.144,Yes,N/A,N/A,N/A,N/A,5,6,N/A,N/A,N/A,N/A,11,N/A,N/A,N/A,N/A,5 11,6 11,N/A
1 5 6 11 13,0.0168762,26.287,Yes,N/A,N/A,N/A,N/A,5,6,1 6,N/A,N/A,N/A,11,1 11,13,1 13,N/A,5 11,6 11,5 13
1 5 6 11 12,0.0163216,26.583,Yes,N/A,N/A,N/A,N/A,5,6,1 6,N/A,N/A,N/A,11,12,1 12,N/A,N/A,5 11,5 12,6 12
5 6 11 12,0.00797236,28.8292,Yes,N/A,N/A,N/A,N/A,5,6,N/A,N/A,N/A,N/A,11,12,N/A,N/A,N/A,5 11,5 12,6 12
1 5 6 11 12 13,0.00767849,36.4336,Yes,N/A,N/A,N/A,N/A,5,6,1 6,N/A,N/A,N/A,11,12,13,1 13,N/A,5 11,5 12,5 13
5 6 12 13,0.0093821,29.7684,Yes,N/A,N/A,N/A,N/A,5,6,N/A,N/A,N/A,N/A,5 6,12,13,N/A,N/A,N/A,5 12,5 13
1 5 6 10,0.0612854,14.3472,Yes,N/A,N/A,N/A,N/A,5,6,1 6,N/A,N/A,10,1 10,1 5 6,N/A,N/A,5 10,6 10,1 6 10,N/A
5 6 10,0.0380444,16.2645,Yes,N/A,N/A,N/A,N/A,5,6,N/A,N/A,N/A,10,5 6,N/A,N/A,N/A,5 10,6 10,N/A,N/A
1 5 6 10 13,0.024626,22.4921,Yes,N/A,N/A,N/A,N/A,5,6,1 6,N/A,N/A,10,1 10,1 5 6,13,1 13,5 10,6 10,1 6 10,5 13
1 5 6 10 12,0.0269189,22.3611,Yes,N/A,N/A,N/A,N/A,5,6,1 6,N/A,N/A,10,1 10,12,1 12,N/A,5 10,6 10,5 12,6 12
5 6 10 12,0.0151005,25.201,Yes,N/A,N/A,N/A,N/A,5,6,N/A,N/A,N/A,10,5 6,12,N/A,N/A,5 10,6 10,5 12,6 12
1 5 6 10 12 13,0.0121725,31.4002,Yes,N/A,N/A,N/A,N/A,5,6,1 6,N/A,N/A,10,1 10,12,13,1 13,5 10,6 10,5 12,5 13
5 6 10 13,0.011608,26.7968,Yes,N/A,N/A,N/A,N/A,5,6,N/A,N/A,N/A,10,5 6,N/A,13,N/A,5 10,6 10,N/A,5 13
1 5 6 10 11,0.0249688,23.1575,Yes,N/A,N/A,N/A,N/A,5,6,1 6,N/A,N/A,10,11,1 11,N/A,N/A,5 10,5 11,6 11,1 6 11
5 6 10 11,0.0116464,26.1234,Yes,N/A,N/A,N/A,N/A,5,6,N/A,N/A,N/A,10,11,N/A,N/A,N/A,5 10,5 11,6 11,N/A
1 5 6 10 11 13,0.0129275,30.2761,Yes,N/A,N/A,N/A,N/A,5,6,1 6,N/A,N/A,10,11,1 11,13,1 13,5 10,5 11,6 11,5 13
1 5 6 10 11 12,0.0132175,31.0928,Yes,N/A,N/A,N/A,N/A,5,6,1 6,N/A,N/A,10,11,12,1 12,N/A,5 10,5 11,5 12,6 12
5 6 10 11 12,0.00582782,34.8888,Yes,N/A,N/A,N/A,N/A,5,6,N/A,N/A,N/A,10,11,12,N/A,N/A,5 10,5 11,5 12,6 12
1 5 6 10 11 12 13,0.00735789,39.3399,Yes,N/A,N/A,N/A,N/A,5,6,1 6,N/A,N/A,10,11,12,13,1 13,5 10,5 11,5 12,5 13
5 6 11 13,0.00619695,30.0989,Yes,N/A,N/A,N/A,N/A,5,6,N/A,N/A,N/A,N/A,11,N/A,13,N/A,N/A,5 11,6 11,5 13
5 6 11 12 13,0.00317473,39.3026,Yes,N/A,N/A,N/A,N/A,5,6,N/A,N/A,N/A,N/A,11,12,13,N/A,N/A,5 11,5 12,5 13
1 5 6 9,0.0830368,11.2967,Yes,N/A,N/A,N/A,N/A,5,6,1 6,N/A,9,1 9,5 6,1 5 6,N/A,5 9,6 9,1 6 9,N/A,N/A
5 6 9,0.0388303,14.9751,Yes,N/A,N/A,N/A,N/A,5,6,N/A,N/A,9,N/A,5 6,N/A,N/A,5 9,6 9,N/A,N/A,N/A
1 5 6 9 13,0.0316553,20.0148,Yes,N/A,N/A,N/A,N/A,5,6,1 6,N/A,9,1 9,5 6,1 5 6,13,1 13,6 9,1 6 9,N/A,5 13
1 5 6 9 12,0.0389717,18.1897,Yes,N/A,N/A,N/A,N/A,5,6,1 6,N/A,9,1 9,5 6,12,1 12,5 9,6 9,1 6 9,5 12,6 12
5 6 9 12,0.016051,23.8339,Yes,N/A,N/A,N/A,N/A,5,6,N/A,N/A,9,N/A,5 6,12,N/A,5 9,6 9,N/A,5 12,6 12
1 5 6 9 12 13,0.0165445,28.0239,Yes,N/A,N/A,N/A,N/A,5,6,1 6,N/A,9,1 9,5 6,12,13,1 13,6 9,1 6 9,5 12,5 13
5 6 9 13,0.0119898,25.4413,Yes,N/A,N/A,N/A,N/A,5,6,N/A,N/A,9,N/A,5 6,N/A,13,5 9,6 9,N/A,N/A,5 13
1 5 6 9 11,0.0348947,19.0833,Yes,N/A,N/A,N/A,N/A,5,6,1 6,N/A,9,1 9,11,1 11,N/A,5 9,6 9,5 11,6 11,1 6 11
5 6 9 11,0.0149097,24.2042,Yes,N/A,N/A,N/A,N/A,5,6,N/A,N/A,9,N/A,11,N/A,N/A,5 9,6 9,5 11,6 11,N/A
1 5 6 9 11 13,0.0163109,26.9797,Yes,N/A,N/A,N/A,N/A,5,6,1 6,N/A,9,1 9,11,1 11,13,1 13,6 9,5 11,6 11,5 13
1 5 6 9 11 12,0.0193696,25.9344,Yes,N/A,N/A,N/A,N/A,5,6,1 6,N/A,9,1 9,11,12,1 12,5 9,6 9,5 11,5 12,6 12
5 6 9 11 12,0.00731632,32.7259,Yes,N/A,N/A,N/A,N/A,5,6,N/A,N/A,9,N/A,11,12,N/A,5 9,6 9,5 11,5 12,6 12
1 5 6 9 11 12 13,0.00970365,35.1466,Yes,N/A,N/A,N/A,N/A,5,6,1 6,N/A,9,1 9,11,12,13,1 13,6 9,5 11,5 12,5 13
5 6 9 12 13,0.0062458,33.5886,Yes,N/A,N/A,N/A,N/A,5,6,N/A,N/A,9,N/A,5 6,12,13,5 9,6 9,N/A,5 12,5 13
1 5 6 9 10,0.0406854,18.0731,Yes,N/A,N/A,N/A,N/A,5,6,1 6,N/A,9,10,1 10,1 5 6,N/A,5 9,5 10,6 10,1 6 10,N/A
5 6 9 10,0.0223771,21.6611,Yes,N/A,N/A,N/A,N/A,5,6,N/A,N/A,9,10,5 6,N/A,N/A,5 9,5 10,6 10,N/A,N/A
1 5 6 9 10 13,0.0189301,25.7814,Yes,N/A,N/A,N/A,N/A,5,6,1 6,N/A,9,10,1 10,1 5 6,13,1 13,5 10,6 10,1 6 10,5 13
1 5 6 9 10 12,0.024772,23.7856,Yes,N/A,N/A,N/A,N/A,5,6,1 6,N/A,9,10,1 10,12,1 12,5 9,5 10,6 10,5 12,6 12
5 6 9 10 12,0.0109642,29.3832,Yes,N/A,N/A,N/A,N/A,5,6,N/A,N/A,9,10,5 6,12,N/A,5 9,5 10,6 10,5 12,6 12
1 5 6 9 10 12 13,0.0120457,32.8155,Yes,N/A,N/A,N/A,N/A,5,6,1 6,N/A,9,10,1 10,12,13,1 13,5 10,6 10,5 12,5 13
5 6 9 10 13,0.00843306,31.2116,Yes,N/A,N/A,N/A,N/A,5,6,N/A,N/A,9,10,5 6,N/A,13,5 9,5 10,6 10,N/A,5 13
1 5 6 9 10 11,0.0233625,25.4867,Yes,N/A,N/A,N/A,N/A,5,6,1 6,N/A,9,10,11,1 11,N/A,5 9,5 10,5 11,6 11,1 6 11
5 6 9 10 11,0.0098713,30.7275,Yes,N/A,N/A,N/A,N/A,5,6,N/A,N/A,9,10,11,N/A,N/A,5 9,5 10,5 11,6 11,N/A
1 5 6 9 10 11 13,0.0128329,31.9065,Yes,N/A,N/A,N/A,N/A,5,6,1 6,N/A,9,10,11,1 11,13,1 13,5 10,5 11,6 11,5 13
1 5 6 9 10 11 12,0.0152968,30.9928,Yes,N/A,N/A,N/A,N/A,5,6,1 6,N/A,9,10,11,12,1 12,5 9,5 10,5 11,5 12,6 12
5 6 9 10 11 12,0.00578362,37.9748,Yes,N/A,N/A,N/A,N/A,5,6,N/A,N/A,9,10,11,12,N/A,5 9,5 10,5 11,5 12,6 12
1 5 6 9 10 11 12 13,0.0087725,39.0966,Yes,N/A,N/A,N/A,N/A,5,6,1 6,N/A,9,10,11,12,13,1 13,5 10,5 11,5 12,5 13
5 6 10 12 13,0.00591671,35.0464,Yes,N/A,N/A,N/A,N/A,5,6,N/A,N/A,N/A,10,5 6,12,13,N/A,5 10,6 10,5 12,5 13
5 6 10 11 13,0.0045689,36.2921,Yes,N/A,N/A,N/A,N/A,5,6,N/A,N/A,N/A,10,11,N/A,13,N/A,5 10,5 11,6 11,5 13
5 6 10 11 12 13,0.00280835,44.2661,Yes,N/A,N/A,N/A,N/A,5,6,N/A,N/A,N/A,10,11,12,13,N/A,5 10,5 11,5 12,5 13
1 5 6 8,0.0829082,10.0872,Yes,N/A,N/A,N/A,N/A,5,6,1 6,8,1 8,N/A,5 6,1 5 6,5 8,6 8,1 6 8,N/A,N/A,N/A
5 6 8,0.0379158,13.7244,Yes,N/A,N/A,N/A,N/A,5,6,N/A,8,N/A,N/A,5 6,N/A,5 8,6 8,N/A,N/A,N/A,N/A
1 5 6 8 13,0.0286823,20.4639,Yes,N/A,N/A,N/A,N/A,5,6,1 6,8,1 8,N/A,5 6,1 5 6,13,1 13,1 6 8,N/A,N/A,5 13
1 5 6 8 12,0.0368205,18.5082,Yes,N/A,N/A,N/A,N/A,5,6,1 6,8,1 8,N/A,5 6,12,1 12,6 8,1 6 8,N/A,5 12,6 12
5 6 8 12,0.0165314,22.5195,Yes,N/A,N/A,N/A,N/A,5,6,N/A,8,N/A,N/A,5 6,12,5 8,6 8,N/A,N/A,5 12,6 12
1 5 6 8 12 13,0.0148681,28.9746,Yes,N/A,N/A,N/A,N/A,5,6,1 6,8,1 8,N/A,5 6,12,13,1 13,1 6 8,N/A,5 12,5 13
5 6 8 13,0.0105869,25.6214,Yes,N/A,N/A,N/A,N/A,5,6,N/A,8,N/A,N/A,5 6,N/A,13,6 8,N/A,N/A,N/A,5 13
1 5 6 8 11,0.0394576,17.0567,Yes,N/A,N/A,N/A,N/A,5,6,1 6,8,1 8,N/A,11,1 11,5 8,6 8,1 6 8,5 11,6 11,1 6 11
5 6 8 11,0.0172888,22.8178,Yes,N/A,N/A,N/A,N/A,5,6,N/A,8,N/A,N/A,11,N/A,5 8,6 8,N/A,5 11,6 11,N/A
1 5 6 8 11 13,0.0155083,27.3416,Yes,N/A,N/A,N/A,N/A,5,6,1 6,8,1 8,N/A,11,1 11,13,1 13,1 6 8,5 11,6 11,5 13
1 5 6 8 11 12,0.0198686,25.8224,Yes,N/A,N/A,N/A,N/A,5,6,1 6,8,1 8,N/A,11,12,1 12,6 8,1 6 8,5 11,5 12,6 12
5 6 8 11 12,0.00835836,31.2242,Yes,N/A,N/A,N/A,N/A,5,6,N/A,8,N/A,N/A,11,12,5 8,6 8,N/A,5 11,5 12,6 12
1 5 6 8 11 12 13,0.00903386,35.8556,Yes,N/A,N/A,N/A,N/A,5,6,1 6,8,1 8,N/A,11,12,13,1 13,1 6 8,5 11,5 12,5 13
5 6 8 12 13,0.00568242,34.0564,Yes,N/A,N/A,N/A,N/A,5,6,N/A,8,N/A,N/A,5 6,12,13,6 8,N/A,N/A,5 12,5 13
1 5 6 8 10,0.0535832,13.8861,Yes,N/A,N/A,N/A,N/A,5,6,1 6,8,1 8,10,1 10,1 5 6,5 8,6 8,5 10,6 10,1 6 10,8 10
5 6 8 10,0.029037,19.4432,Yes,N/A,N/A,N/A,N/A,5,6,N/A,8,N/A,10,5 6,N/A,5 8,6 8,5 10,6 10,N/A,8 10
1 5 6 8 10 13,0.0209775,23.5078,Yes,N/A,N/A,N/A,N/A,5,6,1 6,8,1 8,10,1 10,1 5 6,13,1 13,5 10,6 10,1 6 10,5 13
1 5 6 8 10 12,0.0295246,20.816,Yes,N/A,N/A,N/A,N/A,5,6,1 6,8,1 8,10,1 10,12,1 12,6 8,5 10,6 10,5 12,6 12
5 6 8 10 12,0.0134935,26.9622,Yes,N/A,N/A,N/A,N/A,5,6,N/A,8,N/A,10,5 6,12,5 8,6 8,5 10,6 10,5 12,6 12
1 5 6 8 10 12 13,0.0130971,30.194,Yes,N/A,N/A,N/A,N/A,5,6,1 6,8,1 8,10,1 10,12,13,1 13,5 10,6 10,5 12,5 13
5 6 8 10 13,0.00888624,30.7759,Yes,N/A,N/A,N/A,N/A,5,6,N/A,8,N/A,10,5 6,N/A,13,6 8,5 10,6 10,N/A,5 13
1 5 6 8 10 11,0.0322639,20.2237,Yes,N/A,N/A,N/A,N/A,5,6,1 6,8,1 8,10,11,1 11,5 8,6 8,5 10,5 11,6 11,1 6 11
5 6 8 10 11,0.0132896,28.0912,Yes,N/A,N/A,N/A,N/A,5,6,N/A,8,N/A,10,11,N/A,5 8,6 8,5 10,5 11,6 11,8 10
1 5 6 8 10 11 13,0.0145549,29.0211,Yes,N/A,N/A,N/A,N/A,5,6,1 6,8,1 8,10,11,1 11,13,1 13,5 10,5 11,6 11,5 13
1 5 6 8 10 11 12,0.0187587,27.3021,Yes,N/A,N/A,N/A,N/A,5,6,1 6,8,1 8,10,11,12,1 12,6 8,5 10,5 11,5 12,6 12
5 6 8 10 11 12,0.00749305,34.9923,Yes,N/A,N/A,N/A,N/A,5,6,N/A,8,N/A,10,11,12,5 8,6 8,5 10,5 11,5 12,6 12
1 5 6 8 10 11 12 13,0.00968217,35.6427,Yes,N/A,N/A,N/A,N/A,5,6,1 6,8,1 8,10,11,12,13,1 13,5 10,5 11,5 12,5 13
5 6 8 11 13,0.00541314,34.5944,Yes,N/A,N/A,N/A,N/A,5,6,N/A,8,N/A,N/A,11,N/A,13,6 8,N/A,5 11,6 11,5 13
5 6 8 11 12 13,0.00331985,42.5967,Yes,N/A,N/A,N/A,N/A,5,6,N/A,8,N/A,N/A,11,12,13,6 8,N/A,5 11,5 12,5 13
1 5 6 8 9,0.0619746,13.0024,Yes,N/A,N/A,N/A,N/A,5,6,1 6,8,9,1 9,5 6,1 5 6,5 8,5 9,6 9,1 6 9,8 9,1 8 9
5 6 8 9,0.0328351,18.9992,Yes,N/A,N/A,N/A,N/A,5,6,N/A,8,9,N/A,5 6,N/A,5 8,5 9,6 9,N/A,8 9,N/A
1 5 6 8 9 13,0.0237703,22.6707,Yes,N/A,N/A,N/A,N/A,5,6,1 6,8,9,1 9,5 6,1 5 6,13,1 13,6 9,1 6 9,8 9,5 13
1 5 6 8 9 12,0.0331327,19.946,Yes,N/A,N/A,N/A,N/A,5,6,1 6,8,9,1 9,5 6,12,1 12,5 9,6 9,1 6 9,5 12,6 12
5 6 8 9 12,0.0143853,26.8424,Yes,N/A,N/A,N/A,N/A,5,6,N/A,8,9,N/A,5 6,12,5 8,5 9,6 9,N/A,5 12,6 12
1 5 6 8 9 12 13,0.0144717,29.5218,Yes,N/A,N/A,N/A,N/A,5,6,1 6,8,9,1 9,5 6,12,13,1 13,6 9,1 6 9,5 12,5 13
5 6 8 9 13,0.00955037,30.3458,Yes,N/A,N/A,N/A,N/A,5,6,N/A,8,9,N/A,5 6,N/A,13,5 9,6 9,N/A,8 9,5 13
1 5 6 8 9 11,0.038267,18.6082,Yes,N/A,N/A,N/A,N/A,5,6,1 6,8,9,1 9,11,1 11,5 8,5 9,6 9,5 11,6 11,1 6 11
5 6 8 9 11,0.0149857,27.4231,Yes,N/A,N/A,N/A,N/A,5,6,N/A,8,9,N/A,11,N/A,5 8,5 9,6 9,5 11,6 11,N/A
1 5 6 8 9 11 13,0.016063,28.0982,Yes,N/A,N/A,N/A,N/A,5,6,1 6,8,9,1 9,11,1 11,13,1 13,6 9,5 11,6 11,5 13
1 5 6 8 9 11 12,0.0214021,25.6928,Yes,N/A,N/A,N/A,N/A,5,6,1 6,8,9,1 9,11,12,1 12,5 9,6 9,5 11,5 12,6 12
5 6 8 9 11 12,0.00823529,34.3267,Yes,N/A,N/A,N/A,N/A,5,6,N/A,8,9,N/A,11,12,5 8,5 9,6 9,5 11,5 12,6 12
1 5 6 8 9 11 12 13,0.0106319,34.6167,Yes,N/A,N/A,N/A,N/A,5,6,1 6,8,9,1 9,11,12,13,1 13,6 9,5 11,5 12,5 13
5 6 8 9 12 13,0.00543354,37.6277,Yes,N/A,N/A,N/A,N/A,5,6,N/A,8,9,N/A,5 6,12,13,5 9,6 9,N/A,5 12,5 13
1 5 6 8 9 10,0.0401556,18.0759,Yes,N/A,N/A,N/A,N/A,5,6,1 6,8,9,10,1 10,1 5 6,5 8,5 9,5 10,6 10,1 6 10,8 10
5 6 8 9 10,0.0197245,24.0614,Yes,N/A,N/A,N/A,N/A,5,6,N/A,8,9,10,5 6,N/A,5 8,5 9,5 10,6 10,8 9,8 10
1 5 6 8 9 10 13,0.0173432,27.119,Yes,N/A,N/A,N/A,N/A,5,6,1 6,8,9,10,1 10,1 5 6,13,1 13,5 10,6 10,1 6 10,5 13
1 5 6 8 9 10 12,0.0254249,23.4055,Yes,N/A,N/A,N/A,N/A,5,6,1 6,8,9,10,1 10,12,1 12,5 9,5 10,6 10,5 12,6 12
5 6 8 9 10 12,0.0107587,30.2821,Yes,N/A,N/A,N/A,N/A,5,6,N/A,8,9,10,5 6,12,5 8,5 9,5 10,6 10,5 12,6 12
1 5 6 8 9 10 12 13,0.0124855,32.1924,Yes,N/A,N/A,N/A,N/A,5,6,1 6,8,9,10,1 10,12,13,1 13,5 10,6 10,5 12,5 13
5 6 8 9 10 13,0.00742065,34.6139,Yes,N/A,N/A,N/A,N/A,5,6,N/A,8,9,10,5 6,N/A,13,5 9,5 10,6 10,8 9,5 13
1 5 6 8 9 10 11,0.0278836,22.8407,Yes,N/A,N/A,N/A,N/A,5,6,1 6,8,9,10,11,1 11,5 8,5 9,5 10,5 11,6 11,1 6 11
5 6 8 9 10 11,0.0106653,31.9769,Yes,N/A,N/A,N/A,N/A,5,6,N/A,8,9,10,11,N/A,5 8,5 9,5 10,5 11,6 11,8 10
1 5 6 8 9 10 11 13,0.0139616,30.8324,Yes,N/A,N/A,N/A,N/A,5,6,1 6,8,9,10,11,1 11,13,1 13,5 10,5 11,6 11,5 13
1 5 6 8 9 10 11 12,0.0184171,28.282,Yes,N/A,N/A,N/A,N/A,5,6,1 6,8,9,10,11,12,1 12,5 9,5 10,5 11,5 12,6 12
5 6 8 9 10 11 12,0.00699103,36.8666,Yes,N/A,N/A,N/A,N/A,5,6,N/A,8,9,10,11,12,5 8,5 9,5 10,5 11,5 12,6 12
1 5 6 8 9 10 11 12 13,0.0105138,35.7532,Yes,N/A,N/A,N/A,N/A,5,6,1 6,8,9,10,11,12,13,1 13,5 10,5 11,5 12,5 13
5 6 9 11 13,0.00568384,34.1686,Yes,N/A,N/A,N/A,N/A,5,6,N/A,N/A,9,N/A,11,N/A,13,5 9,6 9,5 11,6 11,5 13
5 6 9 11 12 13,0.00345083,41.8182,Yes,N/A,N/A,N/A,N/A,5,6,N/A,N/A,9,N/A,11,12,13,5 9,6 9,5 11,5 12,5 13
5 6 9 10 12 13,0.00513708,37.8208,Yes,N/A,N/A,N/A,N/A,5,6,N/A,N/A,9,10,5 6,12,13,5 9,5 10,6 10,5 12,5 13
5 6 9 10 11 13,0.00460366,39.6033,Yes,N/A,N/A,N/A,N/A,5,6,N/A,N/A,9,10,11,N/A,13,5 9,5 10,5 11,6 11,5 13
5 6 9 10 11 12 13,0.00323328,45.4821,Yes,N/A,N/A,N/A,N/A,5,6,N/A,N/A,9,10,11,12,13,5 9,5 10,5 11,5 12,5 13
1 5 6 7,0.0612801,11.1854,Yes,N/A,N/A,N/A,N/A,5,6,7,1 7,N/A,N/A,5 6,5 7,6 7,1 6 7,N/A,N/A,N/A,5 6 7
5 6 7,0.0386445,12.6025,Yes,N/A,N/A,N/A,N/A,5,6,7,N/A,N/A,N/A,5 6,5 7,6 7,N/A,N/A,N/A,N/A,5 6 7
1 5 6 7 13,0.0233667,21.91,Yes,N/A,N/A,N/A,N/A,5,6,7,1 7,N/A,N/A,5 6,5 7,13,1 13,N/A,N/A,N/A,5 13
1 5 6 7 12,0.0280346,20.5014,Yes,N/A,N/A,N/A,N/A,5,6,7,1 7,N/A,N/A,5 6,12,1 12,1 6 7,N/A,N/A,5 12,6 12
5 6 7 12,0.014106,23.1398,Yes,N/A,N/A,N/A,N/A,5,6,7,N/A,N/A,N/A,5 6,12,6 7,N/A,N/A,N/A,5 12,6 12
1 5 6 7 12 13,0.0113319,31.5744,Yes,N/A,N/A,N/A,N/A,5,6,7,1 7,N/A,N/A,5 6,12,13,1 13,N/A,N/A,5 12,5 13
5 6 7 13,0.0101749,24.532,Yes,N/A,N/A,N/A,N/A,5,6,7,N/A,N/A,N/A,5 6,5 7,13,N/A,N/A,N/A,N/A,5 13
1 5 6 7 11,0.0322927,18.946,Yes,N/A,N/A,N/A,N/A,5,6,7,1 7,N/A,N/A,11,1 11,6 7,1 6 7,N/A,5 11,6 11,7 11
5 6 7 11,0.0200733,21.5812,Yes,N/A,N/A,N/A,N/A,5,6,7,N/A,N/A,N/A,11,5 7,6 7,N/A,N/A,5 11,6 11,7 11
1 5 6 7 11 13,0.0129869,29.7264,Yes,N/A,N/A,N/A,N/A,5,6,7,1 7,N/A,N/A,11,1 11,13,1 13,N/A,5 11,6 11,5 13
1 5 6 7 11 12,0.0153813,28.76,Yes,N/A,N/A,N/A,N/A,5,6,7,1 7,N/A,N/A,11,12,1 12,1 6 7,N/A,5 11,5 12,6 12
5 6 7 11 12,0.00776915,32.1801,Yes,N/A,N/A,N/A,N/A,5,6,7,N/A,N/A,N/A,11,12,6 7,N/A,N/A,5 11,5 12,6 12
1 5 6 7 11 12 13,0.00689953,39.6447,Yes,N/A,N/A,N/A,N/A,5,6,7,1 7,N/A,N/A,11,12,13,1 13,N/A,5 11,5 12,5 13
5 6 7 12 13,0.00442339,35.034,Yes,N/A,N/A,N/A,N/A,5,6,7,N/A,N/A,N/A,5 6,12,13,N/A,N/A,N/A,5 12,5 13
1 5 6 7 10,0.0514619,14.7796,Yes,N/A,N/A,N/A,N/A,5,6,7,1 7,N/A,10,1 10,5 7,6 7,1 6 7,5 10,6 10,7 10,1 7 10
5 6 7 10,0.034206,18.1116,Yes,N/A,N/A,N/A,N/A,5,6,7,N/A,N/A,10,5 6,5 7,6 7,N/A,5 10,6 10,7 10,5 6 7
1 5 6 7 10 13,0.0212598,24.453,Yes,N/A,N/A,N/A,N/A,5,6,7,1 7,N/A,10,1 10,5 7,13,1 13,5 10,6 10,7 10,5 13
1 5 6 7 10 12,0.0248289,23.3455,Yes,N/A,N/A,N/A,N/A,5,6,7,1 7,N/A,10,1 10,12,1 12,1 6 7,5 10,6 10,5 12,6 12
5 6 7 10 12,0.0125376,28.0701,Yes,N/A,N/A,N/A,N/A,5,6,7,N/A,N/A,10,5 6,12,6 7,N/A,5 10,6 10,5 12,6 12
1 5 6 7 10 12 13,0.0110058,33.3157,Yes,N/A,N/A,N/A,N/A,5,6,7,1 7,N/A,10,1 10,12,13,1 13,5 10,6 10,5 12,5 13
5 6 7 10 13,0.00978741,29.3894,Yes,N/A,N/A,N/A,N/A,5,6,7,N/A,N/A,10,5 6,5 7,13,N/A,5 10,6 10,7 10,5 13
1 5 6 7 10 11,0.0300893,22.1667,Yes,N/A,N/A,N/A,N/A,5,6,7,1 7,N/A,10,11,1 11,6 7,1 6 7,5 10,5 11,6 11,7 11
5 6 7 10 11,0.0154452,26.8408,Yes,N/A,N/A,N/A,N/A,5,6,7,N/A,N/A,10,11,5 7,6 7,N/A,5 10,5 11,6 11,7 11
1 5 6 7 10 11 13,0.0134566,31.5716,Yes,N/A,N/A,N/A,N/A,5,6,7,1 7,N/A,10,11,1 11,13,1 13,5 10,5 11,6 11,5 13
1 5 6 7 10 11 12,0.01546,30.7968,Yes,N/A,N/A,N/A,N/A,5,6,7,1 7,N/A,10,11,12,1 12,1 6 7,5 10,5 11,5 12,6 12
5 6 7 10 11 12,0.00712038,36.5844,Yes,N/A,N/A,N/A,N/A,5,6,7,N/A,N/A,10,11,12,6 7,N/A,5 10,5 11,5 12,6 12
1 5 6 7 10 11 12 13,0.00793439,40.1873,Yes,N/A,N/A,N/A,N/A,5,6,7,1 7,N/A,10,11,12,13,1 13,5 10,5 11,5 12,5 13
5 6 7 11 13,0.0057704,33.4104,Yes,N/A,N/A,N/A,N/A,5,6,7,N/A,N/A,N/A,11,5 7,13,N/A,N/A,5 11,6 11,5 13
5 6 7 11 12 13,0.00266005,44.1041,Yes,N/A,N/A,N/A,N/A,5,6,7,N/A,N/A,N/A,11,12,13,N/A,N/A,5 11,5 12,5 13
1 5 6 7 9,0.0693171,11.8882,Yes,N/A,N/A,N/A,N/A,5,6,7,1 7,9,1 9,5 6,5 7,6 7,5 9,6 9,7 9,1 7 9,5 6 7
5 6 7 9,0.0461985,16.479,Yes,N/A,N/A,N/A,N/A,5,6,7,N/A,9,N/A,5 6,5 7,6 7,5 9,6 9,7 9,N/A,5 6 7
1 5 6 7 9 13,0.0284343,21.0281,Yes,N/A,N/A,N/A,N/A,5,6,7,1 7,9,1 9,5 6,5 7,13,1 13,6 9,7 9,1 7 9,5 13
1 5 6 7 9 12,0.0343728,19.5089,Yes,N/A,N/A,N/A,N/A,5,6,7,1 7,9,1 9,5 6,12,1 12,5 9,6 9,7 9,5 12,6 12
5 6 7 9 12,0.016581,25.9684,Yes,N/A,N/A,N/A,N/A,5,6,7,N/A,9,N/A,5 6,12,6 7,5 9,6 9,7 9,5 12,6 12
1 5 6 7 9 12 13,0.015074,28.942,Yes,N/A,N/A,N/A,N/A,5,6,7,1 7,9,1 9,5 6,12,13,1 13,6 9,7 9,5 12,5 13
5 6 7 9 13,0.0126886,27.6311,Yes,N/A,N/A,N/A,N/A,5,6,7,N/A,9,N/A,5 6,5 7,13,5 9,6 9,7 9,N/A,5 13
1 5 6 7 9 11,0.0420709,17.9566,Yes,N/A,N/A,N/A,N/A,5,6,7,1 7,9,1 9,11,1 11,6 7,5 9,6 9,5 11,6 11,7 11
5 6 7 9 11,0.0203654,24.6617,Yes,N/A,N/A,N/A,N/A,5,6,7,N/A,9,N/A,11,5 7,6 7,5 9,6 9,5 11,6 11,7 11
1 5 6 7 9 11 13,0.0176534,27.2735,Yes,N/A,N/A,N/A,N/A,5,6,7,1 7,9,1 9,11,1 11,13,1 13,6 9,5 11,6 11,5 13
1 5 6 7 9 11 12,0.0211833,26.0063,Yes,N/A,N/A,N/A,N/A,5,6,7,1 7,9,1 9,11,12,1 12,5 9,6 9,5 11,5 12,6 12
5 6 7 9 11 12,0.00909245,34.0802,Yes,N/A,N/A,N/A,N/A,5,6,7,N/A,9,N/A,11,12,6 7,5 9,6 9,5 11,5 12,6 12
1 5 6 7 9 11 12 13,0.0103758,35.0481,Yes,N/A,N/A,N/A,N/A,5,6,7,1 7,9,1 9,11,12,13,1 13,6 9,5 11,5 12,5 13
5 6 7 9 12 13,0.00578057,36.9099,Yes,N/A,N/A,N/A,N/A,5,6,7,N/A,9,N/A,5 6,12,13,5 9,6 9,7 9,5 12,5 13
1 5 6 7 9 10,0.0490251,16.5275,Yes,N/A,N/A,N/A,N/A,5,6,7,1 7,9,10,1 10,5 7,6 7,5 9,5 10,6 10,7 10,1 7 10
5 6 7 9 10,0.0258361,21.4099,Yes,N/A,N/A,N/A,N/A,5,6,7,N/A,9,10,5 6,5 7,6 7,5 9,5 10,6 10,7 10,5 6 7
1 5 6 7 9 10 13,0.0219869,24.8529,Yes,N/A,N/A,N/A,N/A,5,6,7,1 7,9,10,1 10,5 7,13,1 13,5 10,6 10,7 10,5 13
1 5 6 7 9 10 12,0.0266369,23.022,Yes,N/A,N/A,N/A,N/A,5,6,7,1 7,9,10,1 10,12,1 12,5 9,5 10,6 10,5 12,6 12
5 6 7 9 10 12,0.011829,30.0613,Yes,N/A,N/A,N/A,N/A,5,6,7,N/A,9,10,5 6,12,6 7,5 9,5 10,6 10,5 12,6 12
1 5 6 7 9 10 12 13,0.0130722,31.6691,Yes,N/A,N/A,N/A,N/A,5,6,7,1 7,9,10,1 10,12,13,1 13,5 10,6 10,5 12,5 13
5 6 7 9 10 13,0.00909445,31.7361,Yes,N/A,N/A,N/A,N/A,5,6,7,N/A,9,10,5 6,5 7,13,5 9,5 10,6 10,7 10,5 13
1 5 6 7 9 10 11,0.0313041,22.0885,Yes,N/A,N/A,N/A,N/A,5,6,7,1 7,9,10,11,1 11,6 7,5 9,5 10,5 11,6 11,7 11
5 6 7 9 10 11,0.0140534,28.7683,Yes,N/A,N/A,N/A,N/A,5,6,7,N/A,9,10,11,5 7,6 7,5 9,5 10,5 11,6 11,7 11
1 5 6 7 9 10 11 13,0.0154067,29.9828,Yes,N/A,N/A,N/A,N/A,5,6,7,1 7,9,10,11,1 11,13,1 13,5 10,5 11,6 11,5 13
1 5 6 7 9 10 11 12,0.0184499,28.6153,Yes,N/A,N/A,N/A,N/A,5,6,7,1 7,9,10,11,12,1 12,5 9,5 10,5 11,5 12,6 12
5 6 7 9 10 11 12,0.00772601,36.8414,Yes,N/A,N/A,N/A,N/A,5,6,7,N/A,9,10,11,12,6 7,5 9,5 10,5 11,5 12,6 12
1 5 6 7 9 10 11 12 13,0.0104158,36.1994,Yes,N/A,N/A,N/A,N/A,5,6,7,1 7,9,10,11,12,13,1 13,5 10,5 11,5 12,5 13
5 6 7 10 12 13,0.00446347,39.2427,Yes,N/A,N/A,N/A,N/A,5,6,7,N/A,N/A,10,5 6,12,13,N/A,5 10,6 10,5 12,5 13
5 6 7 10 11 13,0.00534538,38.0169,Yes,N/A,N/A,N/A,N/A,5,6,7,N/A,N/A,10,11,5 7,13,N/A,5 10,5 11,6 11,5 13
5 6 7 10 11 12 13,0.00286744,47.7922,Yes,N/A,N/A,N/A,N/A,5,6,7,N/A,N/A,10,11,12,13,N/A,5 10,5 11,5 12,5 13
1 5 6 7 8,0.0681517,13.4427,Yes,N/A,N/A,N/A,N/A,5,6,7,8,1 8,N/A,5 6,5 7,5 8,6 8,7 8,1 7 8,N/A,5 6 7
5 6 7 8,0.0504859,16.3358,Yes,N/A,N/A,N/A,N/A,5,6,7,8,N/A,N/A,5 6,5 7,5 8,6 8,7 8,N/A,N/A,5 6 7
1 5 6 7 8 13,0.0261209,23.5021,Yes,N/A,N/A,N/A,N/A,5,6,7,8,1 8,N/A,5 6,5 7,13,1 13,7 8,1 7 8,N/A,5 13
1 5 6 7 8 12,0.0320024,21.7318,Yes,N/A,N/A,N/A,N/A,5,6,7,8,1 8,N/A,5 6,12,1 12,6 8,7 8,1 7 8,5 12,6 12
5 6 7 8 12,0.0169385,26.0408,Yes,N/A,N/A,N/A,N/A,5,6,7,8,N/A,N/A,5 6,12,5 8,6 8,7 8,N/A,5 12,6 12
1 5 6 7 8 12 13,0.0135335,32.0284,Yes,N/A,N/A,N/A,N/A,5,6,7,8,1 8,N/A,5 6,12,13,1 13,7 8,1 7 8,5 12,5 13
5 6 7 8 13,0.0138316,27.693,Yes,N/A,N/A,N/A,N/A,5,6,7,8,N/A,N/A,5 6,5 7,13,6 8,7 8,N/A,N/A,5 13
1 5 6 7 8 11,0.039424,20.0058,Yes,N/A,N/A,N/A,N/A,5,6,7,8,1 8,N/A,11,1 11,5 8,6 8,7 8,5 11,6 11,7 11
5 6 7 8 11,0.0213649,24.1874,Yes,N/A,N/A,N/A,N/A,5,6,7,8,N/A,N/A,11,5 7,5 8,6 8,7 8,5 11,6 11,7 11
1 5 6 7 8 11 13,0.0160044,30.1867,Yes,N/A,N/A,N/A,N/A,5,6,7,8,1 8,N/A,11,1 11,13,1 13,7 8,5 11,6 11,5 13
1 5 6 7 8 11 12,0.0191835,28.884,Yes,N/A,N/A,N/A,N/A,5,6,7,8,1 8,N/A,11,12,1 12,6 8,7 8,5 11,5 12,6 12
5 6 7 8 11 12,0.00910646,33.7783,Yes,N/A,N/A,N/A,N/A,5,6,7,8,N/A,N/A,11,12,5 8,6 8,7 8,5 11,5 12,6 12
1 5 6 7 8 11 12 13,0.00909309,39.0601,Yes,N/A,N/A,N/A,N/A,5,6,7,8,1 8,N/A,11,12,13,1 13,7 8,5 11,5 12,5 13
5 6 7 8 12 13,0.00593561,37.2523,Yes,N/A,N/A,N/A,N/A,5,6,7,8,N/A,N/A,5 6,12,13,6 8,7 8,N/A,5 12,5 13
1 5 6 7 8 10,0.0551983,15.3507,Yes,N/A,N/A,N/A,N/A,5,6,7,8,1 8,10,1 10,5 7,5 8,6 8,5 10,6 10,7 10,8 10
5 6 7 8 10,0.0279652,20.8358,Yes,N/A,N/A,N/A,N/A,5,6,7,8,N/A,10,5 6,5 7,5 8,6 8,5 10,6 10,7 10,8 10
1 5 6 7 8 10 13,0.0226069,24.5725,Yes,N/A,N/A,N/A,N/A,5,6,7,8,1 8,10,1 10,5 7,13,1 13,5 10,6 10,7 10,5 13
1 5 6 7 8 10 12,0.0274391,22.8378,Yes,N/A,N/A,N/A,N/A,5,6,7,8,1 8,10,1 10,12,1 12,6 8,5 10,6 10,5 12,6 12
5 6 7 8 10 12,0.0121552,29.7558,Yes,N/A,N/A,N/A,N/A,5,6,7,8,N/A,10,5 6,12,5 8,6 8,5 10,6 10,5 12,6 12
1 5 6 7 8 10 12 13,0.0128257,32.1976,Yes,N/A,N/A,N/A,N/A,5,6,7,8,1 8,10,1 10,12,13,1 13,5 10,6 10,5 12,5 13
5 6 7 8 10 13,0.00990835,31.3911,Yes,N/A,N/A,N/A,N/A,5,6,7,8,N/A,10,5 6,5 7,13,6 8,5 10,6 10,7 10,5 13
1 5 6 7 8 10 11,0.0334747,21.1374,Yes,N/A,N/A,N/A,N/A,5,6,7,8,1 8,10,11,1 11,5 8,6 8,5 10,5 11,6 11,7 11
5 6 7 8 10 11,0.0150276,28.2061,Yes,N/A,N/A,N/A,N/A,5,6,7,8,N/A,10,11,5 7,5 8,6 8,5 10,5 11,6 11,7 11
1 5 6 7 8 10 11 13,0.0156414,29.9212,Yes,N/A,N/A,N/A,N/A,5,6,7,8,1 8,10,11,1 11,13,1 13,5 10,5 11,6 11,5 13
1 5 6 7 8 10 11 12,0.0190206,28.4114,Yes,N/A,N/A,N/A,N/A,5,6,7,8,1 8,10,11,12,1 12,6 8,5 10,5 11,5 12,6 12
5 6 7 8 10 11 12,0.00785133,36.5924,Yes,N/A,N/A,N/A,N/A,5,6,7,8,N/A,10,11,12,5 8,6 8,5 10,5 11,5 12,6 12
1 5 6 7 8 10 11 12 13,0.0102013,36.9409,Yes,N/A,N/A,N/A,N/A,5,6,7,8,1 8,10,11,12,13,1 13,5 10,5 11,5 12,5 13
5 6 7 8 11 13,0.00744085,35.287,Yes,N/A,N/A,N/A,N/A,5,6,7,8,N/A,N/A,11,5 7,13,6 8,7 8,5 11,6 11,5 13
5 6 7 8 11 12 13,0.00377275,44.8276,Yes,N/A,N/A,N/A,N/A,5,6,7,8,N/A,N/A,11,12,13,6 8,7 8,5 11,5 12,5 13
1 5 6 7 8 9,0.0562015,15.1167,Yes,N/A,N/A,N/A,N/A,5,6,7,8,9,1 9,5 6,5 7,5 8,5 9,6 9,7 9,8 9,1 8 9
5 6 7 8 9,0.030306,19.987,Yes,N/A,N/A,N/A,N/A,5,6,7,8,9,N/A,5 6,5 7,5 8,5 9,6 9,7 9,8 9,5 6 7
1 5 6 7 8 9 13,0.0247402,23.863,Yes,N/A,N/A,N/A,N/A,5,6,7,8,9,1 9,5 6,5 7,13,1 13,6 9,7 9,8 9,5 13
1 5 6 7 8 9 12,0.0300143,21.9631,Yes,N/A,N/A,N/A,N/A,5,6,7,8,9,1 9,5 6,12,1 12,5 9,6 9,7 9,5 12,6 12
5 6 7 8 9 12,0.0135475,28.7776,Yes,N/A,N/A,N/A,N/A,5,6,7,8,9,N/A,5 6,12,5 8,5 9,6 9,7 9,5 12,6 12
1 5 6 7 8 9 12 13,0.014665,30.8838,Yes,N/A,N/A,N/A,N/A,5,6,7,8,9,1 9,5 6,12,13,1 13,6 9,7 9,5 12,5 13
5 6 7 8 9 13,0.0105467,30.6496,Yes,N/A,N/A,N/A,N/A,5,6,7,8,9,N/A,5 6,5 7,13,5 9,6 9,7 9,8 9,5 13
1 5 6 7 8 9 11,0.0373607,19.6091,Yes,N/A,N/A,N/A,N/A,5,6,7,8,9,1 9,11,1 11,5 8,5 9,6 9,5 11,6 11,7 11
5 6 7 8 9 11,0.0164984,27.3326,Yes,N/A,N/A,N/A,N/A,5,6,7,8,9,N/A,11,5 7,5 8,5 9,6 9,5 11,6 11,7 11
1 5 6 7 8 9 11 13,0.0173206,28.6921,Yes,N/A,N/A,N/A,N/A,5,6,7,8,9,1 9,11,1 11,13,1 13,6 9,5 11,6 11,5 13
1 5 6 7 8 9 11 12,0.0210928,26.9277,Yes,N/A,N/A,N/A,N/A,5,6,7,8,9,1 9,11,12,1 12,5 9,6 9,5 11,5 12,6 12
5 6 7 8 9 11 12,0.00870663,35.6005,Yes,N/A,N/A,N/A,N/A,5,6,7,8,9,N/A,11,12,5 8,5 9,6 9,5 11,5 12,6 12
1 5 6 7 8 9 11 12 13,0.0113374,35.4687,Yes,N/A,N/A,N/A,N/A,5,6,7,8,9,1 9,11,12,13,1 13,6 9,5 11,5 12,5 13
5 6 7 8 9 12 13,0.0056517,39.1978,Yes,N/A,N/A,N/A,N/A,5,6,7,8,9,N/A,5 6,12,13,5 9,6 9,7 9,5 12,5 13
1 5 6 7 8 9 10,0.0418307,18.5295,Yes,N/A,N/A,N/A,N/A,5,6,7,8,9,10,1 10,5 7,5 8,5 9,5 10,6 10,7 10,8 10
5 6 7 8 9 10,0.0207496,23.4799,Yes,N/A,N/A,N/A,N/A,5,6,7,8,9,10,5 6,5 7,5 8,5 9,5 10,6 10,7 10,8 10
1 5 6 7 8 9 10 13,0.0203492,26.5923,Yes,N/A,N/A,N/A,N/A,5,6,7,8,9,10,1 10,5 7,13,1 13,5 10,6 10,7 10,5 13
1 5 6 7 8 9 10 12,0.0251848,24.1545,Yes,N/A,N/A,N/A,N/A,5,6,7,8,9,10,1 10,12,1 12,5 9,5 10,6 10,5 12,6 12
5 6 7 8 9 10 12,0.0110412,30.7902,Yes,N/A,N/A,N/A,N/A,5,6,7,8,9,10,5 6,12,5 8,5 9,5 10,6 10,5 12,6 12
1 5 6 7 8 9 10 12 13,0.0134715,32.4427,Yes,N/A,N/A,N/A,N/A,5,6,7,8,9,10,1 10,12,13,1 13,5 10,6 10,5 12,5 13
5 6 7 8 9 10 13,0.00871322,32.9815,Yes,N/A,N/A,N/A,N/A,5,6,7,8,9,10,5 6,5 7,13,5 9,5 10,6 10,7 10,5 13
1 5 6 7 8 9 10 11,0.0300518,22.3601,Yes,N/A,N/A,N/A,N/A,5,6,7,8,9,10,11,1 11,5 8,5 9,5 10,5 11,6 11,7 11
5 6 7 8 9 10 11,0.0129249,29.3458,Yes,N/A,N/A,N/A,N/A,5,6,7,8,9,10,11,5 7,5 8,5 9,5 10,5 11,6 11,7 11
1 5 6 7 8 9 10 11 13,0.0160334,29.9491,Yes,N/A,N/A,N/A,N/A,5,6,7,8,9,10,11,1 11,13,1 13,5 10,5 11,6 11,5 13
1 5 6 7 8 9 10 11 12,0.0197252,27.9295,Yes,N/A,N/A,N/A,N/A,5,6,7,8,9,10,11,12,1 12,5 9,5 10,5 11,5 12,6 12
5 6 7 8 9 10 11 12,0.00808829,35.5665,Yes,N/A,N/A,N/A,N/A,5,6,7,8,9,10,11,12,5 8,5 9,5 10,5 11,5 12,6 12
1 5 6 7 8 9 10 11 12 13,0.011927,35.0026,Yes,N/A,N/A,N/A,N/A,5,6,7,8,9,10,11,12,13,1 13,5 10,5 11,5 12,5 13
6 8 10 12 13,0.00400946,38.8687,Yes,N/A,N/A,N/A,N/A,N/A,6,N/A,8,N/A,10,N/A,12,13,6 8,N/A,6 10,N/A,6 12
6 8 10 11 13,0.00463387,37.4409,Yes,N/A,N/A,N/A,N/A,N/A,6,N/A,8,N/A,10,11,N/A,13,6 8,N/A,6 10,6 11,8 10
6 8 10 11 12 13,0.00283959,44.8663,Yes,N/A,N/A,N/A,N/A,N/A,6,N/A,8,N/A,10,11,12,13,6 8,N/A,6 10,6 11,6 12
6 8 9 11 13,0.00496277,36.4816,Yes,N/A,N/A,N/A,N/A,N/A,6,N/A,8,9,N/A,11,N/A,13,6 8,6 9,N/A,6 11,N/A
6 8 9 11 12 13,0.00304187,43.7684,Yes,N/A,N/A,N/A,N/A,N/A,6,N/A,8,9,N/A,11,12,13,6 8,6 9,N/A,6 11,6 12
6 8 9 10 12 13,0.00343729,42.1318,Yes,N/A,N/A,N/A,N/A,N/A,6,N/A,8,9,10,N/A,12,13,6 8,6 9,6 10,8 9,6 12
6 8 9 10 11 13,0.00383657,40.9385,Yes,N/A,N/A,N/A,N/A,N/A,6,N/A,8,9,10,11,N/A,13,6 8,6 9,6 10,6 11,8 10
6 8 9 10 11 12 13,0.00275187,46.2832,Yes,N/A,N/A,N/A,N/A,N/A,6,N/A,8,9,10,11,12,13,6 8,6 9,6 10,6 11,6 12
6 7 9 11 13,0.0041649,36.9523,Yes,N/A,N/A,N/A,N/A,N/A,6,7,N/A,9,N/A,11,N/A,13,N/A,6 9,7 9,6 11,7 11
6 7 9 11 12 13,0.00249674,44.8439,Yes,N/A,N/A,N/A,N/A,N/A,6,7,N/A,9,N/A,11,12,13,N/A,6 9,7 9,6 11,6 12
6 7 9 10 12 13,0.00279031,43.9198,Yes,N/A,N/A,N/A,N/A,N/A,6,7,N/A,9,10,N/A,12,13,N/A,6 9,6 10,7 10,6 12
6 7 9 10 11 13,0.00320776,42.7257,Yes,N/A,N/A,N/A,N/A,N/A,6,7,N/A,9,10,11,N/A,13,N/A,6 9,6 10,6 11,7 11
6 7 9 10 11 12 13,0.00226251,48.9934,Yes,N/A,N/A,N/A,N/A,N/A,6,7,N/A,9,10,11,12,13,N/A,6 9,6 10,6 11,6 12
6 7 8 10 12 13,0.00340873,41.6573,Yes,N/A,N/A,N/A,N/A,N/A,6,7,8,N/A,10,N/A,12,13,6 8,7 8,6 10,7 10,6 12
6 7 8 10 11 13,0.0039305,40.4362,Yes,N/A,N/A,N/A,N/A,N/A,6,7,8,N/A,10,11,N/A,13,6 8,7 8,6 10,6 11,7 11
6 7 8 10 11 12 13,0.00270389,46.3534,Yes,N/A,N/A,N/A,N/A,N/A,6,7,8,N/A,10,11,12,13,6 8,7 8,6 10,6 11,6 12
6 7 8 9 11 13,0.00435483,39.7226,Yes,N/A,N/A,N/A,N/A,N/A,6,7,8,9,N/A,11,N/A,13,6 8,6 9,7 9,6 11,7 11
6 7 8 9 11 12 13,0.00295102,45.6795,Yes,N/A,N/A,N/A,N/A,N/A,6,7,8,9,N/A,11,12,13,6 8,6 9,7 9,6 11,6 12
6 7 8 9 10 12 13,0.00325294,44.6823,Yes,N/A,N/A,N/A,N/A,N/A,6,7,8,9,10,N/A,12,13,6 8,6 9,6 10,7 10,6 12
6 7 8 9 10 11 13,0.00365025,43.4295,Yes,N/A,N/A,N/A,N/A,N/A,6,7,8,9,10,11,N/A,13,6 8,6 9,6 10,6 11,7 11
6 7 8 9 10 11 12 13,0.0028793,46.7165,Yes,N/A,N/A,N/A,N/A,N/A,6,7,8,9,10,11,12,13,6 8,6 9,6 10,6 11,6 12
1 4,0.0300926,4.80324,Yes,N/A,N/A,N/A,4,1 4,N/A,N/A,N/A,N/A,N/A,N/A,N/A,N/A,N/A,N/A,N/A,N/A,N/A
4,0.0138889,3.94444,Yes,N/A,N/A,N/A,4,N/A,N/A,N/A,N/A,N/A,N/A,N/A,N/A,N/A,N/A,N/A,N/A,N/A,N/A
1 4 13,0.0147248,15.1583,Yes,N/A,N/A,N/A,4,1 4,N/A,N/A,N/A,N/A,N/A,N/A,N/A,13,1 13,N/A,N/A,4 13,1 4 13
1 4 12,0.028185,13.3637,Yes,N/A,N/A,N/A,4,1 4,N/A,N/A,N/A,N/A,N/A,N/A,12,1 12,N/A,N/A,4 12,1 4 12,N/A
4 12,0.0309928,14.0854,Yes,N/A,N/A,N/A,4,N/A,N/A,N/A,N/A,N/A,N/A,N/A,12,N/A,N/A,N/A,4 12,N/A,N/A
1 4 12 13,0.0121617,24.3548,Yes,N/A,N/A,N/A,4,1 4,N/A,N/A,N/A,N/A,N/A,N/A,12,13,1 13,N/A,4 12,4 13,1 4 13
4 13,0.0165895,15.4215,Yes,N/A,N/A,N/A,4,N/A,N/A,N/A,N/A,N/A,N/A,N/A,N/A,13,N/A,N/A,N/A,4 13,N/A
1 4 11,0.046232,11.7872,Yes,N/A,N/A,N/A,4,1 4,N/A,N/A,N/A,N/A,N/A,11,1 11,N/A,N/A,4 11,1 4 11,N/A,N/A
4 11,0.0497685,12.849,Yes,N/A,N/A,N/A,4,N/A,N/A,N/A,N/A,N/A,N/A,11,N/A,N/A,N/A,4 11,N/A,N/A,N/A
1 4 11 13,0.0221381,20.9041,Yes,N/A,N/A,N/A,4,1 4,N/A,N/A,N/A,N/A,N/A,11,1 11,13,1 13,4 11,1 4 11,4 13,1 4 13
1 4 11 12,0.0260309,20.8784,Yes,N/A,N/A,N/A,4,1 4,N/A,N/A,N/A,N/A,N/A,11,12,1 12,N/A,4 11,4 12,1 4 12,N/A
4 11 12,0.0188668,22.4079,Yes,N/A,N/A,N/A,4,N/A,N/A,N/A,N/A,N/A,N/A,11,12,N/A,N/A,4 11,4 12,N/A,N/A
1 4 11 12 13,0.0116646,31.0192,Yes,N/A,N/A,N/A,4,1 4,N/A,N/A,N/A,N/A,N/A,11,12,13,1 13,4 11,4 12,4 13,1 4 13
4 12 13,0.00955397,25.1471,Yes,N/A,N/A,N/A,4,N/A,N/A,N/A,N/A,N/A,N/A,N/A,12,13,N/A,N/A,4 12,4 13,N/A
1 4 10,0.0688657,10.3993,Yes,N/A,N/A,N/A,4,1 4,N/A,N/A,N/A,N/A,10,1 10,N/A,N/A,4 10,1 4 10,N/A,N/A,N/A
4 10,0.0729167,11.6979,Yes,N/A,N/A,N/A,4,N/A,N/A,N/A,N/A,N/A,10,N/A,N/A,N/A,4 10,N/A,N/A,N/A,N/A
1 4 10 13,0.0240885,20.5138,Yes,N/A,N/A,N/A,4,1 4,N/A,N/A,N/A,N/A,10,1 10,N/A,13,1 13,1 4 10,N/A,4 13,1 4 13
1 4 10 12,0.0433036,17.2212,Yes,N/A,N/A,N/A,4,1 4,N/A,N/A,N/A,N/A,10,1 10,12,1 12,4 10,1 4 10,4 12,1 4 12,N/A
4 10 12,0.0242252,21.2109,Yes,N/A,N/A,N/A,4,N/A,N/A,N/A,N/A,N/A,10,N/A,12,N/A,4 10,N/A,4 12,N/A,N/A
1 4 10 12 13,0.0151512,28.1124,Yes,N/A,N/A,N/A,4,1 4,N/A,N/A,N/A,N/A,10,1 10,12,13,1 13,1 4 10,4 12,4 13,1 4 13
4 10 13,0.017988,22.6572,Yes,N/A,N/A,N/A,4,N/A,N/A,N/A,N/A,N/A,10,N/A,N/A,13,4 10,N/A,N/A,4 13,N/A
1 4 10 11,0.044094,17.8126,Yes,N/A,N/A,N/A,4,1 4,N/A,N/A,N/A,N/A,10,11,1 11,N/A,4 10,4 11,1 4 11,N/A,N/A
4 10 11,0.0302373,19.9018,Yes,N/A,N/A,N/A,4,N/A,N/A,N/A,N/A,N/A,10,11,N/A,N/A,4 10,4 11,N/A,N/A,N/A
1 4 10 11 13,0.0184198,26.8206,Yes,N/A,N/A,N/A,4,1 4,N/A,N/A,N/A,N/A,10,11,1 11,13,1 13,4 11,1 4 11,4 13,1 4 13
1 4 10 11 12,0.0247659,25.5809,Yes,N/A,N/A,N/A,4,1 4,N/A,N/A,N/A,N/A,10,11,12,1 12,4 10,4 11,4 12,1 4 12,N/A
4 10 11 12,0.0132539,28.5517,Yes,N/A,N/A,N/A,4,N/A,N/A,N/A,N/A,N/A,10,11,12,N/A,4 10,4 11,4 12,N/A,N/A
1 4 10 11 12 13,0.0108922,36.0391,Yes,N/A,N/A,N/A,4,1 4,N/A,N/A,N/A,N/A,10,11,12,13,1 13,4 11,4 12,4 13,1 4 13
4 11 13,0.013487,23.8502,Yes,N/A,N/A,N/A,4,N/A,N/A,N/A,N/A,N/A,N/A,11,N/A,13,N/A,4 11,N/A,4 13,N/A
4 11 12 13,0.00682567,32.8031,Yes,N/A,N/A,N/A,4,N/A,N/A,N/A,N/A,N/A,N/A,11,12,13,N/A,4 11,4 12,4 13,N/A
1 4 9,0.0960862,9.17082,Yes,N/A,N/A,N/A,4,1 4,N/A,N/A,N/A,9,1 9,N/A,N/A,4 9,1 4 9,N/A,N/A,N/A,N/A
4 9,0.100437,10.618,Yes,N/A,N/A,N/A,4,N/A,N/A,N/A,N/A,9,N/A,N/A,N/A,4 9,N/A,N/A,N/A,N/A,N/A
1 4 9 13,0.0238724,20.6165,Yes,N/A,N/A,N/A,4,1 4,N/A,N/A,N/A,9,1 9,N/A,N/A,13,1 13,N/A,N/A,4 13,1 4 13
1 4 9 12,0.0431959,17.4267,Yes,N/A,N/A,N/A,4,1 4,N/A,N/A,N/A,9,1 9,N/A,12,1 12,1 4 9,N/A,4 12,1 4 12,N/A
4 9 12,0.0300515,20.1066,Yes,N/A,N/A,N/A,4,N/A,N/A,N/A,N/A,9,N/A,N/A,12,4 9,N/A,N/A,4 12,N/A,N/A
1 4 9 12 13,0.0142532,28.5986,Yes,N/A,N/A,N/A,4,1 4,N/A,N/A,N/A,9,1 9,N/A,12,13,1 13,N/A,4 12,4 13,1 4 13
4 9 13,0.0136049,22.9386,Yes,N/A,N/A,N/A,4,N/A,N/A,N/A,N/A,9,N/A,N/A,N/A,13,N/A,N/A,N/A,4 13,N/A
1 4 9 11,0.068738,14.0791,Yes,N/A,N/A,N/A,4,1 4,N/A,N/A,N/A,9,1 9,11,1 11,4 9,1 4 9,4 11,1 4 11,N/A,N/A
4 9 11,0.0362279,18.8032,Yes,N/A,N/A,N/A,4,N/A,N/A,N/A,N/A,9,N/A,11,N/A,4 9,N/A,4 11,N/A,N/A,N/A
1 4 9 11 13,0.0222537,24.3486,Yes,N/A,N/A,N/A,4,1 4,N/A,N/A,N/A,9,1 9,11,1 11,13,1 13,4 11,1 4 11,4 13,1 4 13
1 4 9 11 12,0.0296292,22.9553,Yes,N/A,N/A,N/A,4,1 4,N/A,N/A,N/A,9,1 9,11,12,1 12,1 4 9,4 11,4 12,1 4 12,N/A
4 9 11 12,0.0151299,27.4228,Yes,N/A,N/A,N/A,4,N/A,N/A,N/A,N/A,9,N/A,11,12,4 9,N/A,4 11,4 12,N/A,N/A
1 4 9 11 12 13,0.0126952,32.9885,Yes,N/A,N/A,N/A,4,1 4,N/A,N/A,N/A,9,1 9,11,12,13,1 13,4 11,4 12,4 13,1 4 13
4 9 12 13,0.00670788,32.1211,Yes,N/A,N/A,N/A,4,N/A,N/A,N/A,N/A,9,N/A,N/A,12,13,N/A,N/A,4 12,4 13,N/A
1 4 9 10,0.0635824,15.1762,Yes,N/A,N/A,N/A,4,1 4,N/A,N/A,N/A,9,10,1 10,N/A,4 9,4 10,1 4 10,N/A,N/A,N/A
4 9 10,0.0415863,17.623,Yes,N/A,N/A,N/A,4,N/A,N/A,N/A,N/A,9,10,N/A,N/A,4 9,4 10,N/A,N/A,N/A,N/A
1 4 9 10 13,0.0189222,26.1829,Yes,N/A,N/A,N/A,4,1 4,N/A,N/A,N/A,9,10,1 10,N/A,13,1 13,1 4 10,N/A,4 13,1 4 13
1 4 9 10 12,0.0331009,21.8415,Yes,N/A,N/A,N/A,4,1 4,N/A,N/A,N/A,9,10,1 10,12,1 12,4 10,1 4 10,4 12,1 4 12,N/A
4 9 10 12,0.0169905,26.1832,Yes,N/A,N/A,N/A,4,N/A,N/A,N/A,N/A,9,10,N/A,12,4 9,4 10,N/A,4 12,N/A,N/A
1 4 9 10 12 13,0.0125557,32.458,Yes,N/A,N/A,N/A,4,1 4,N/A,N/A,N/A,9,10,1 10,12,13,1 13,1 4 10,4 12,4 13,1 4 13
4 9 10 13,0.00990762,29.4977,Yes,N/A,N/A,N/A,4,N/A,N/A,N/A,N/A,9,10,N/A,N/A,13,4 10,N/A,N/A,4 13,N/A
1 4 9 10 11,0.0393737,20.9485,Yes,N/A,N/A,N/A,4,1 4,N/A,N/A,N/A,9,10,11,1 11,4 9,4 10,4 11,1 4 11,N/A,N/A
4 9 10 11,0.0197643,24.7767,Yes,N/A,N/A,N/A,4,N/A,N/A,N/A,N/A,9,10,11,N/A,4 9,4 10,4 11,N/A,N/A,N/A
1 4 9 10 11 13,0.0154622,30.8413,Yes,N/A,N/A,N/A,4,1 4,N/A,N/A,N/A,9,10,11,1 11,13,1 13,4 11,1 4 11,4 13,1 4 13
1 4 9 10 11 12,0.0212579,29.0035,Yes,N/A,N/A,N/A,4,1 4,N/A,N/A,N/A,9,10,11,12,1 12,4 10,4 11,4 12,1 4 12,N/A
4 9 10 11 12,0.0104256,32.0151,Yes,N/A,N/A,N/A,4,N/A,N/A,N/A,N/A,9,10,11,12,4 9,4 10,4 11,4 12,N/A,N/A
1 4 9 10 11 12 13,0.0102062,38.8553,Yes,N/A,N/A,N/A,4,1 4,N/A,N/A,N/A,9,10,11,12,13,1 13,4 11,4 12,4 13,1 4 13
4 10 12 13,0.00838852,31.5488,Yes,N/A,N/A,N/A,4,N/A,N/A,N/A,N/A,N/A,10,N/A,12,13,4 10,N/A,4 12,4 13,N/A
4 10 11 13,0.0102479,30.1538,Yes,N/A,N/A,N/A,4,N/A,N/A,N/A,N/A,N/A,10,11,N/A,13,4 10,4 11,N/A,4 13,N/A
4 10 11 12 13,0.00581573,37.8712,Yes,N/A,N/A,N/A,4,N/A,N/A,N/A,N/A,N/A,10,11,12,13,4 10,4 11,4 12,4 13,N/A
1 4 8,0.125579,8.24138,Yes,N/A,N/A,N/A,4,1 4,N/A,N/A,8,1 8,N/A,N/A,4 8,1 4 8,N/A,N/A,N/A,N/A,N/A
4 8,0.118441,9.76157,Yes,N/A,N/A,N/A,4,N/A,N/A,N/A,8,N/A,N/A,N/A,4 8,N/A,N/A,N/A,N/A,N/A,N/A
1 4 8 13,0.0370504,18.548,Yes,N/A,N/A,N/A,4,1 4,N/A,N/A,8,1 8,N/A,N/A,4 8,13,1 13,N/A,N/A,4 13,1 4 13
1 4 8 12,0.0387044,18.1091,Yes,N/A,N/A,N/A,4,1 4,N/A,N/A,8,1 8,N/A,N/A,12,1 12,N/A,N/A,4 12,1 4 12,N/A
4 8 12,0.0197349,20.8333,Yes,N/A,N/A,N/A,4,N/A,N/A,N/A,8,N/A,N/A,N/A,12,N/A,N/A,N/A,4 12,N/A,N/A
1 4 8 12 13,0.013998,28.4181,Yes,N/A,N/A,N/A,4,1 4,N/A,N/A,8,1 8,N/A,N/A,12,13,1 13,N/A,4 12,4 13,1 4 13
4 8 13,0.0259934,20.7185,Yes,N/A,N/A,N/A,4,N/A,N/A,N/A,8,N/A,N/A,N/A,4 8,13,N/A,N/A,N/A,4 13,N/A
1 4 8 11,0.0620687,14.9264,Yes,N/A,N/A,N/A,4,1 4,N/A,N/A,8,1 8,N/A,11,1 11,1 4 8,N/A,4 11,1 4 11,N/A,N/A
4 8 11,0.03895,17.9911,Yes,N/A,N/A,N/A,4,N/A,N/A,N/A,8,N/A,N/A,11,4 8,N/A,N/A,4 11,N/A,N/A,N/A
1 4 8 11 13,0.0238057,23.9951,Yes,N/A,N/A,N/A,4,1 4,N/A,N/A,8,1 8,N/A,11,1 11,13,1 13,4 11,1 4 11,4 13,1 4 13
1 4 8 11 12,0.0252376,24.3037,Yes,N/A,N/A,N/A,4,1 4,N/A,N/A,8,1 8,N/A,11,12,1 12,N/A,4 11,4 12,1 4 12,N/A
4 8 11 12,0.0106435,28.6036,Yes,N/A,N/A,N/A,4,N/A,N/A,N/A,8,N/A,N/A,11,12,N/A,N/A,4 11,4 12,N/A,N/A
1 4 8 11 12 13,0.011546,33.3643,Yes,N/A,N/A,N/A,4,1 4,N/A,N/A,8,1 8,N/A,11,12,13,1 13,4 11,4 12,4 13,1 4 13
4 8 12 13,0.00678488,31.5014,Yes,N/A,N/A,N/A,4,N/A,N/A,N/A,8,N/A,N/A,N/A,12,13,N/A,N/A,4 12,4 13,N/A
1 4 8 10,0.0900822,11.6401,Yes,N/A,N/A,N/A,4,1 4,N/A,N/A,8,1 8,10,1 10,4 8,1 4 8,4 10,1 4 10,N/A,N/A,8 10
4 8 10,0.0435796,16.7373,Yes,N/A,N/A,N/A,4,N/A,N/A,N/A,8,N/A,10,N/A,4 8,N/A,4 10,N/A,N/A,N/A,8 10
1 4 8 10 13,0.0317311,21.4713,Yes,N/A,N/A,N/A,4,1 4,N/A,N/A,8,1 8,10,1 10,4 8,13,1 13,1 4 10,N/A,4 13,1 4 13
1 4 8 10 12,0.0362568,19.7644,Yes,N/A,N/A,N/A,4,1 4,N/A,N/A,8,1 8,10,1 10,12,1 12,4 10,1 4 10,4 12,1 4 12,8 10
4 8 10 12,0.0125082,27.257,Yes,N/A,N/A,N/A,4,N/A,N/A,N/A,8,N/A,10,N/A,12,N/A,4 10,N/A,4 12,N/A,8 10
1 4 8 10 12 13,0.0147371,29.7645,Yes,N/A,N/A,N/A,4,1 4,N/A,N/A,8,1 8,10,1 10,12,13,1 13,1 4 10,4 12,4 13,1 4 13
4 8 10 13,0.0139505,26.9269,Yes,N/A,N/A,N/A,4,N/A,N/A,N/A,8,N/A,10,N/A,4 8,13,4 10,N/A,N/A,4 13,8 10
1 4 8 10 11,0.0431023,18.7424,Yes,N/A,N/A,N/A,4,1 4,N/A,N/A,8,1 8,10,11,1 11,1 4 8,4 10,4 11,1 4 11,N/A,8 10
4 8 10 11,0.0202734,23.9373,Yes,N/A,N/A,N/A,4,N/A,N/A,N/A,8,N/A,10,11,4 8,N/A,4 10,4 11,N/A,N/A,8 10
1 4 8 10 11 13,0.0191046,27.6464,Yes,N/A,N/A,N/A,4,1 4,N/A,N/A,8,1 8,10,11,1 11,13,1 13,4 11,1 4 11,4 13,1 4 13
1 4 8 10 11 12,0.0227712,26.3639,Yes,N/A,N/A,N/A,4,1 4,N/A,N/A,8,1 8,10,11,12,1 12,4 10,4 11,4 12,1 4 12,8 10
4 8 10 11 12,0.00799227,33.6972,Yes,N/A,N/A,N/A,4,N/A,N/A,N/A,8,N/A,10,11,12,N/A,4 10,4 11,4 12,N/A,8 10
1 4 8 10 11 12 13,0.0112865,35.5512,Yes,N/A,N/A,N/A,4,1 4,N/A,N/A,8,1 8,10,11,12,13,1 13,4 11,4 12,4 13,1 4 13
4 8 11 13,0.0124716,28.2482,Yes,N/A,N/A,N/A,4,N/A,N/A,N/A,8,N/A,N/A,11,4 8,13,N/A,4 11,N/A,4 13,N/A
4 8 11 12 13,0.00465358,38.391,Yes,N/A,N/A,N/A,4,N/A,N/A,N/A,8,N/A,N/A,11,12,13,N/A,4 11,4 12,4 13,N/A
1 4 8 9,0.0771266,12.8717,Yes,N/A,N/A,N/A,4,1 4,N/A,N/A,8,9,1 9,N/A,4 8,4 9,1 4 9,N/A,N/A,8 9,1 8 9
4 8 9,0.0470197,15.5173,Yes,N/A,N/A,N/A,4,N/A,N/A,N/A,8,9,N/A,N/A,4 8,4 9,N/A,N/A,N/A,8 9,N/A
1 4 8 9 13,0.0271064,23.6159,Yes,N/A,N/A,N/A,4,1 4,N/A,N/A,8,9,1 9,N/A,4 8,13,1 13,N/A,N/A,4 13,1 4 13
1 4 8 9 12,0.0288576,22.1829,Yes,N/A,N/A,N/A,4,1 4,N/A,N/A,8,9,1 9,N/A,12,1 12,1 4 9,N/A,4 12,1 4 12,1 8 9
4 8 9 12,0.0144305,25.9341,Yes,N/A,N/A,N/A,4,N/A,N/A,N/A,8,9,N/A,N/A,12,4 9,N/A,N/A,4 12,8 9,N/A
1 4 8 9 12 13,0.0120155,32.9011,Yes,N/A,N/A,N/A,4,1 4,N/A,N/A,8,9,1 9,N/A,12,13,1 13,N/A,4 12,4 13,1 4 13
4 8 9 13,0.0121415,27.5268,Yes,N/A,N/A,N/A,4,N/A,N/A,N/A,8,9,N/A,N/A,4 8,13,N/A,N/A,N/A,4 13,N/A
1 4 8 9 11,0.0457494,17.5317,Yes,N/A,N/A,N/A,4,1 4,N/A,N/A,8,9,1 9,11,1 11,4 9,1 4 9,4 11,1 4 11,8 9,1 8 9
4 8 9 11,0.0221613,22.6582,Yes,N/A,N/A,N/A,4,N/A,N/A,N/A,8,9,N/A,11,4 8,4 9,N/A,4 11,N/A,8 9,N/A
1 4 8 9 11 13,0.0192006,27.1813,Yes,N/A,N/A,N/A,4,1 4,N/A,N/A,8,9,1 9,11,1 11,13,1 13,4 11,1 4 11,4 13,1 4 13
1 4 8 9 11 12,0.0213267,26.2195,Yes,N/A,N/A,N/A,4,1 4,N/A,N/A,8,9,1 9,11,12,1 12,1 4 9,4 11,4 12,1 4 12,1 8 9
4 8 9 11 12,0.00906668,32.2788,Yes,N/A,N/A,N/A,4,N/A,N/A,N/A,8,9,N/A,11,12,4 9,N/A,4 11,4 12,8 9,N/A
1 4 8 9 11 12 13,0.0108416,35.4299,Yes,N/A,N/A,N/A,4,1 4,N/A,N/A,8,9,1 9,11,12,13,1 13,4 11,4 12,4 13,1 4 13
4 8 9 12 13,0.00471143,37.8842,Yes,N/A,N/A,N/A,4,N/A,N/A,N/A,8,9,N/A,N/A,12,13,N/A,N/A,4 12,4 13,N/A
1 4 8 9 10,0.0506391,17.032,Yes,N/A,N/A,N/A,4,1 4,N/A,N/A,8,9,10,1 10,4 8,4 9,4 10,1 4 10,N/A,8 9,8 10
4 8 9 10,0.025312,21.3323,Yes,N/A,N/A,N/A,4,N/A,N/A,N/A,8,9,10,N/A,4 8,4 9,4 10,N/A,N/A,8 9,8 10
1 4 8 9 10 13,0.0205981,27.05,Yes,N/A,N/A,N/A,4,1 4,N/A,N/A,8,9,10,1 10,4 8,13,1 13,1 4 10,N/A,4 13,1 4 13
1 4 8 9 10 12,0.0248494,24.6952,Yes,N/A,N/A,N/A,4,1 4,N/A,N/A,8,9,10,1 10,12,1 12,4 10,1 4 10,4 12,1 4 12,8 10
4 8 9 10 12,0.010436,30.8253,Yes,N/A,N/A,N/A,4,N/A,N/A,N/A,8,9,10,N/A,12,4 9,4 10,N/A,4 12,8 9,8 10
1 4 8 9 10 12 13,0.0114914,34.6595,Yes,N/A,N/A,N/A,4,1 4,N/A,N/A,8,9,10,1 10,12,13,1 13,1 4 10,4 12,4 13,1 4 13
4 8 9 10 13,0.00848392,32.6546,Yes,N/A,N/A,N/A,4,N/A,N/A,N/A,8,9,10,N/A,4 8,13,4 10,N/A,N/A,4 13,8 10
1 4 8 9 10 11,0.0311554,22.9052,Yes,N/A,N/A,N/A,4,1 4,N/A,N/A,8,9,10,11,1 11,4 9,4 10,4 11,1 4 11,8 9,8 10
4 8 9 10 11,0.0145549,26.8931,Yes,N/A,N/A,N/A,4,N/A,N/A,N/A,8,9,10,11,4 8,4 9,4 10,4 11,N/A,8 9,8 10
1 4 8 9 10 11 13,0.014838,32.0708,Yes,N/A,N/A,N/A,4,1 4,N/A,N/A,8,9,10,11,1 11,13,1 13,4 11,1 4 11,4 13,1 4 13
1 4 8 9 10 11 12,0.018055,30.3404,Yes,N/A,N/A,N/A,4,1 4,N/A,N/A,8,9,10,11,12,1 12,4 10,4 11,4 12,1 4 12,8 10
4 8 9 10 11 12,0.00758292,35.0519,Yes,N/A,N/A,N/A,4,N/A,N/A,N/A,8,9,10,11,12,4 9,4 10,4 11,4 12,8 9,8 10
1 4 8 9 10 11 12 13,0.00997227,39.2543,Yes,N/A,N/A,N/A,4,1 4,N/A,N/A,8,9,10,11,12,13,1 13,4 11,4 12,4 13,1 4 13
4 9 11 13,0.00834476,30.7454,Yes,N/A,N/A,N/A,4,N/A,N/A,N/A,N/A,9,N/A,11,N/A,13,N/A,4 11,N/A,4 13,N/A
4 9 11 12 13,0.0048553,38.8666,Yes,N/A,N/A,N/A,4,N/A,N/A,N/A,N/A,9,N/A,11,12,13,N/A,4 11,4 12,4 13,N/A
4 9 10 12 13,0.00557884,37.535,Yes,N/A,N/A,N/A,4,N/A,N/A,N/A,N/A,9,10,N/A,12,13,4 10,N/A,4 12,4 13,N/A
4 9 10 11 13,0.00657528,36.023,Yes,N/A,N/A,N/A,4,N/A,N/A,N/A,N/A,9,10,11,N/A,13,4 10,4 11,N/A,4 13,N/A
4 9 10 11 12 13,0.00442512,42.3955,Yes,N/A,N/A,N/A,4,N/A,N/A,N/A,N/A,9,10,11,12,13,4 10,4 11,4 12,4 13,N/A
1 4 7,0.143454,7.70666,Yes,N/A,N/A,N/A,4,1 4,N/A,7,1 7,N/A,N/A,4 7,1 4 7,N/A,N/A,N/A,N/A,N/A,N/A
4 7,0.126929,9.07272,Yes,N/A,N/A,N/A,4,N/A,N/A,7,N/A,N/A,N/A,4 7,N/A,N/A,N/A,N/A,N/A,N/A,N/A
1 4 7 13,0.0499909,16.7653,Yes,N/A,N/A,N/A,4,1 4,N/A,7,1 7,N/A,N/A,4 7,1 4 7,13,1 13,N/A,N/A,4 13,1 4 13
1 4 7 12,0.0534488,16.2163,Yes,N/A,N/A,N/A,4,1 4,N/A,7,1 7,N/A,N/A,4 7,12,1 12,N/A,N/A,4 12,1 4 12,N/A
4 7 12,0.033463,18.6787,Yes,N/A,N/A,N/A,4,N/A,N/A,7,N/A,N/A,N/A,4 7,12,N/A,N/A,N/A,4 12,N/A,N/A
1 4 7 12 13,0.0205128,26.0961,Yes,N/A,N/A,N/A,4,1 4,N/A,7,1 7,N/A,N/A,4 7,12,13,1 13,N/A,4 12,4 13,1 4 13
4 7 13,0.0267972,20.0954,Yes,N/A,N/A,N/A,4,N/A,N/A,7,N/A,N/A,N/A,4 7,N/A,13,N/A,N/A,N/A,4 13,N/A
1 4 7 11,0.0489996,16.0977,Yes,N/A,N/A,N/A,4,1 4,N/A,7,1 7,N/A,N/A,11,1 11,N/A,N/A,4 11,1 4 11,N/A,7 11
4 7 11,0.022907,18.8633,Yes,N/A,N/A,N/A,4,N/A,N/A,7,N/A,N/A,N/A,11,N/A,N/A,N/A,4 11,N/A,N/A,7 11
1 4 7 11 13,0.0214704,24.2153,Yes,N/A,N/A,N/A,4,1 4,N/A,7,1 7,N/A,N/A,11,1 11,13,1 13,4 11,1 4 11,4 13,1 4 13
1 4 7 11 12,0.0221244,24.443,Yes,N/A,N/A,N/A,4,1 4,N/A,7,1 7,N/A,N/A,11,12,1 12,N/A,4 11,4 12,1 4 12,7 11
4 7 11 12,0.00974151,28.0328,Yes,N/A,N/A,N/A,4,N/A,N/A,7,N/A,N/A,N/A,11,12,N/A,N/A,4 11,4 12,N/A,7 11
1 4 7 11 12 13,0.0108802,33.555,Yes,N/A,N/A,N/A,4,1 4,N/A,7,1 7,N/A,N/A,11,12,13,1 13,4 11,4 12,4 13,1 4 13
4 7 12 13,0.010495,29.1109,Yes,N/A,N/A,N/A,4,N/A,N/A,7,N/A,N/A,N/A,4 7,12,13,N/A,N/A,4 12,4 13,N/A
1 4 7 10,0.0729729,12.8374,Yes,N/A,N/A,N/A,4,1 4,N/A,7,1 7,N/A,10,1 10,1 4 7,N/A,4 10,1 4 10,N/A,7 10,1 7 10
4 7 10,0.0420042,16.004,Yes,N/A,N/A,N/A,4,N/A,N/A,7,N/A,N/A,10,4 7,N/A,N/A,4 10,N/A,N/A,7 10,N/A
1 4 7 10 13,0.027822,21.8685,Yes,N/A,N/A,N/A,4,1 4,N/A,7,1 7,N/A,10,1 10,1 4 7,13,1 13,1 4 10,N/A,4 13,1 4 13
1 4 7 10 12,0.0347969,19.8167,Yes,N/A,N/A,N/A,4,1 4,N/A,7,1 7,N/A,10,1 10,12,1 12,4 10,1 4 10,4 12,1 4 12,1 7 10
4 7 10 12,0.0168869,24.688,Yes,N/A,N/A,N/A,4,N/A,N/A,7,N/A,N/A,10,4 7,12,N/A,4 10,N/A,4 12,7 10,N/A
1 4 7 10 12 13,0.01491,29.6792,Yes,N/A,N/A,N/A,4,1 4,N/A,7,1 7,N/A,10,1 10,12,13,1 13,1 4 10,4 12,4 13,1 4 13
4 7 10 13,0.0132003,26.5222,Yes,N/A,N/A,N/A,4,N/A,N/A,7,N/A,N/A,10,4 7,N/A,13,4 10,N/A,N/A,4 13,N/A
1 4 7 10 11,0.0340337,20.5423,Yes,N/A,N/A,N/A,4,1 4,N/A,7,1 7,N/A,10,11,1 11,N/A,4 10,4 11,1 4 11,7 10,7 11
4 7 10 11,0.0143711,25.1339,Yes,N/A,N/A,N/A,4,N/A,N/A,7,N/A,N/A,10,11,N/A,N/A,4 10,4 11,N/A,7 10,7 11
1 4 7 10 11 13,0.0160743,28.5752,Yes,N/A,N/A,N/A,4,1 4,N/A,7,1 7,N/A,10,11,1 11,13,1 13,4 11,1 4 11,4 13,1 4 13
1 4 7 10 11 12,0.0192308,27.3525,Yes,N/A,N/A,N/A,4,1 4,N/A,7,1 7,N/A,10,11,12,1 12,4 10,4 11,4 12,1 4 12,7 11
4 7 10 11 12,0.00758109,33.0814,Yes,N/A,N/A,N/A,4,N/A,N/A,7,N/A,N/A,10,11,12,N/A,4 10,4 11,4 12,7 10,7 11
1 4 7 10 11 12 13,0.00995133,36.559,Yes,N/A,N/A,N/A,4,1 4,N/A,7,1 7,N/A,10,11,12,13,1 13,4 11,4 12,4 13,1 4 13
4 7 11 13,0.00760352,29.547,Yes,N/A,N/A,N/A,4,N/A,N/A,7,N/A,N/A,N/A,11,N/A,13,N/A,4 11,N/A,4 13,7 11
4 7 11 12 13,0.00417547,37.9577,Yes,N/A,N/A,N/A,4,N/A,N/A,7,N/A,N/A,N/A,11,12,13,N/A,4 11,4 12,4 13,7 11
1 4 7 9,0.0988342,9.56746,Yes,N/A,N/A,N/A,4,1 4,N/A,7,1 7,9,1 9,4 7,1 4 7,4 9,1 4 9,N/A,7 9,1 7 9,N/A
4 7 9,0.0438797,14.7367,Yes,N/A,N/A,N/A,4,N/A,N/A,7,N/A,9,N/A,4 7,N/A,4 9,N/A,N/A,7 9,N/A,N/A
1 4 7 9 13,0.0349563,19.497,Yes,N/A,N/A,N/A,4,1 4,N/A,7,1 7,9,1 9,4 7,1 4 7,13,1 13,N/A,7 9,4 13,1 4 13
1 4 7 9 12,0.043144,17.9568,Yes,N/A,N/A,N/A,4,1 4,N/A,7,1 7,9,1 9,4 7,12,1 12,1 4 9,N/A,4 12,1 4 12,N/A
4 7 9 12,0.0173354,23.8443,Yes,N/A,N/A,N/A,4,N/A,N/A,7,N/A,9,N/A,4 7,12,4 9,N/A,N/A,4 12,N/A,N/A
1 4 7 9 12 13,0.0184766,27.6164,Yes,N/A,N/A,N/A,4,1 4,N/A,7,1 7,9,1 9,4 7,12,13,1 13,N/A,4 12,4 13,1 4 13
4 7 9 13,0.0123356,26.4751,Yes,N/A,N/A,N/A,4,N/A,N/A,7,N/A,9,N/A,4 7,N/A,13,N/A,N/A,7 9,4 13,N/A
1 4 7 9 11,0.0461152,16.124,Yes,N/A,N/A,N/A,4,1 4,N/A,7,1 7,9,1 9,11,1 11,4 9,1 4 9,4 11,1 4 11,1 7 9,7 11
4 7 9 11,0.0168628,23.7436,Yes,N/A,N/A,N/A,4,N/A,N/A,7,N/A,9,N/A,11,N/A,4 9,N/A,4 11,7 9,N/A,7 11
1 4 7 9 11 13,0.0194783,25.5387,Yes,N/A,N/A,N/A,4,1 4,N/A,7,1 7,9,1 9,11,1 11,13,1 13,4 11,1 4 11,4 13,1 4 13
1 4 7 9 11 12,0.0232416,24.1482,Yes,N/A,N/A,N/A,4,1 4,N/A,7,1 7,9,1 9,11,12,1 12,1 4 9,4 11,4 12,1 4 12,7 11
4 7 9 11 12,0.00814984,32.2073,Yes,N/A,N/A,N/A,4,N/A,N/A,7,N/A,9,N/A,11,12,4 9,N/A,4 11,4 12,N/A,7 11
1 4 7 9 11 12 13,0.0119244,32.8647,Yes,N/A,N/A,N/A,4,1 4,N/A,7,1 7,9,1 9,11,12,13,1 13,4 11,4 12,4 13,1 4 13
4 7 9 12 13,0.00627372,35.1289,Yes,N/A,N/A,N/A,4,N/A,N/A,7,N/A,9,N/A,4 7,12,13,N/A,N/A,4 12,4 13,N/A
1 4 7 9 10,0.0539762,14.8966,Yes,N/A,N/A,N/A,4,1 4,N/A,7,1 7,9,10,1 10,1 4 7,4 9,4 10,1 4 10,7 9,7 10,1 7 10
4 7 9 10,0.0265802,20.4374,Yes,N/A,N/A,N/A,4,N/A,N/A,7,N/A,9,10,4 7,N/A,4 9,4 10,N/A,7 9,7 10,N/A
1 4 7 9 10 13,0.0214882,24.6441,Yes,N/A,N/A,N/A,4,1 4,N/A,7,1 7,9,10,1 10,1 4 7,13,1 13,1 4 10,7 9,4 13,1 4 13
1 4 7 9 10 12,0.0286332,22.1172,Yes,N/A,N/A,N/A,4,1 4,N/A,7,1 7,9,10,1 10,12,1 12,4 10,1 4 10,4 12,1 4 12,1 7 10
4 7 9 10 12,0.0123212,28.2454,Yes,N/A,N/A,N/A,4,N/A,N/A,7,N/A,9,10,4 7,12,4 9,4 10,N/A,4 12,7 10,N/A
1 4 7 9 10 12 13,0.013451,31.4721,Yes,N/A,N/A,N/A,4,1 4,N/A,7,1 7,9,10,1 10,12,13,1 13,1 4 10,4 12,4 13,1 4 13
4 7 9 10 13,0.0088958,31.7189,Yes,N/A,N/A,N/A,4,N/A,N/A,7,N/A,9,10,4 7,N/A,13,4 10,N/A,7 9,4 13,N/A
1 4 7 9 10 11,0.0325615,20.9417,Yes,N/A,N/A,N/A,4,1 4,N/A,7,1 7,9,10,11,1 11,4 9,4 10,4 11,1 4 11,7 10,7 11
4 7 9 10 11,0.01291,28.3344,Yes,N/A,N/A,N/A,4,N/A,N/A,7,N/A,9,10,11,N/A,4 9,4 10,4 11,7 9,7 10,7 11
1 4 7 9 10 11 13,0.0151382,29.9321,Yes,N/A,N/A,N/A,4,1 4,N/A,7,1 7,9,10,11,1 11,13,1 13,4 11,1 4 11,4 13,1 4 13
1 4 7 9 10 11 12,0.019245,27.7861,Yes,N/A,N/A,N/A,4,1 4,N/A,7,1 7,9,10,11,12,1 12,4 10,4 11,4 12,1 4 12,7 11
4 7 9 10 11 12,0.00732428,35.0107,Yes,N/A,N/A,N/A,4,N/A,N/A,7,N/A,9,10,11,12,4 9,4 10,4 11,4 12,7 10,7 11
1 4 7 9 10 11 12 13,0.010619,36.0878,Yes,N/A,N/A,N/A,4,1 4,N/A,7,1 7,9,10,11,12,13,1 13,4 11,4 12,4 13,1 4 13
4 7 10 12 13,0.00683416,34.352,Yes,N/A,N/A,N/A,4,N/A,N/A,7,N/A,N/A,10,4 7,12,13,4 10,N/A,4 12,4 13,N/A
4 7 10 11 13,0.00577487,35.1386,Yes,N/A,N/A,N/A,4,N/A,N/A,7,N/A,N/A,10,11,N/A,13,4 10,4 11,N/A,4 13,7 11
4 7 10 11 12 13,0.00376185,41.9484,Yes,N/A,N/A,N/A,4,N/A,N/A,7,N/A,N/A,10,11,12,13,4 10,4 11,4 12,4 13,7 11
1 4 7 8,0.0775141,10.818,Yes,N/A,N/A,N/A,4,1 4,N/A,7,8,1 8,N/A,4 7,4 8,1 4 8,N/A,7 8,1 7 8,N/A,N/A
4 7 8,0.0422293,13.6947,Yes,N/A,N/A,N/A,4,N/A,N/A,7,8,N/A,N/A,4 7,4 8,N/A,N/A,7 8,N/A,N/A,N/A
1 4 7 8 13,0.0324574,19.5292,Yes,N/A,N/A,N/A,4,1 4,N/A,7,8,1 8,N/A,4 7,4 8,13,1 13,7 8,1 7 8,4 13,1 4 13
1 4 7 8 12,0.035764,19.6128,Yes,N/A,N/A,N/A,4,1 4,N/A,7,8,1 8,N/A,4 7,12,1 12,N/A,7 8,4 12,1 4 12,N/A
4 7 8 12,0.0156345,24.0232,Yes,N/A,N/A,N/A,4,N/A,N/A,7,8,N/A,N/A,4 7,12,N/A,N/A,7 8,4 12,N/A,N/A
1 4 7 8 12 13,0.0165812,28.4304,Yes,N/A,N/A,N/A,4,1 4,N/A,7,8,1 8,N/A,4 7,12,13,1 13,7 8,4 12,4 13,1 4 13
4 7 8 13,0.0142202,23.8766,Yes,N/A,N/A,N/A,4,N/A,N/A,7,8,N/A,N/A,4 7,4 8,13,N/A,7 8,N/A,4 13,N/A
1 4 7 8 11,0.0345981,19.1378,Yes,N/A,N/A,N/A,4,1 4,N/A,7,8,1 8,N/A,11,1 11,1 4 8,N/A,4 11,1 4 11,N/A,7 11
4 7 8 11,0.0163162,23.417,Yes,N/A,N/A,N/A,4,N/A,N/A,7,8,N/A,N/A,11,4 8,N/A,N/A,4 11,N/A,N/A,7 11
1 4 7 8 11 13,0.0172597,27.191,Yes,N/A,N/A,N/A,4,1 4,N/A,7,8,1 8,N/A,11,1 11,13,1 13,4 11,1 4 11,4 13,1 4 13
1 4 7 8 11 12,0.0183587,27.8879,Yes,N/A,N/A,N/A,4,1 4,N/A,7,8,1 8,N/A,11,12,1 12,N/A,4 11,4 12,1 4 12,7 11
4 7 8 11 12,0.00691345,33.6292,Yes,N/A,N/A,N/A,4,N/A,N/A,7,8,N/A,N/A,11,12,N/A,N/A,4 11,4 12,N/A,7 11
1 4 7 8 11 12 13,0.0101229,35.8841,Yes,N/A,N/A,N/A,4,1 4,N/A,7,8,1 8,N/A,11,12,13,1 13,4 11,4 12,4 13,1 4 13
4 7 8 12 13,0.00656237,33.6549,Yes,N/A,N/A,N/A,4,N/A,N/A,7,8,N/A,N/A,4 7,12,13,N/A,7 8,4 12,4 13,N/A
1 4 7 8 10,0.0548942,14.2285,Yes,N/A,N/A,N/A,4,1 4,N/A,7,8,1 8,10,1 10,4 8,1 4 8,4 10,1 4 10,1 7 8,7 10,8 10
4 7 8 10,0.0296612,19.2813,Yes,N/A,N/A,N/A,4,N/A,N/A,7,8,N/A,10,4 7,4 8,N/A,4 10,7 8,N/A,7 10,8 10
1 4 7 8 10 13,0.024149,22.9503,Yes,N/A,N/A,N/A,4,1 4,N/A,7,8,1 8,10,1 10,4 8,13,1 13,1 4 10,1 7 8,4 13,1 4 13
1 4 7 8 10 12,0.0285398,21.7498,Yes,N/A,N/A,N/A,4,1 4,N/A,7,8,1 8,10,1 10,12,1 12,4 10,1 4 10,4 12,1 4 12,8 10
4 7 8 10 12,0.0123665,28.6415,Yes,N/A,N/A,N/A,4,N/A,N/A,7,8,N/A,10,4 7,12,N/A,4 10,7 8,4 12,7 10,8 10
1 4 7 8 10 12 13,0.0138868,30.5507,Yes,N/A,N/A,N/A,4,1 4,N/A,7,8,1 8,10,1 10,12,13,1 13,1 4 10,4 12,4 13,1 4 13
4 7 8 10 13,0.0110315,28.5651,Yes,N/A,N/A,N/A,4,N/A,N/A,7,8,N/A,10,4 7,4 8,13,4 10,7 8,N/A,4 13,8 10
1 4 7 8 10 11,0.0304098,21.1196,Yes,N/A,N/A,N/A,4,1 4,N/A,7,8,1 8,10,11,1 11,1 4 8,4 10,4 11,1 4 11,7 10,7 11
4 7 8 10 11,0.012844,28.1913,Yes,N/A,N/A,N/A,4,N/A,N/A,7,8,N/A,10,11,4 8,N/A,4 10,4 11,N/A,7 10,7 11
1 4 7 8 10 11 13,0.015462,29.1442,Yes,N/A,N/A,N/A,4,1 4,N/A,7,8,1 8,10,11,1 11,13,1 13,4 11,1 4 11,4 13,1 4 13
1 4 7 8 10 11 12,0.0183371,28.0333,Yes,N/A,N/A,N/A,4,1 4,N/A,7,8,1 8,10,11,12,1 12,4 10,4 11,4 12,1 4 12,7 11
4 7 8 10 11 12,0.00649784,37.2047,Yes,N/A,N/A,N/A,4,N/A,N/A,7,8,N/A,10,11,12,N/A,4 10,4 11,4 12,7 10,7 11
1 4 7 8 10 11 12 13,0.0103805,35.9906,Yes,N/A,N/A,N/A,4,1 4,N/A,7,8,1 8,10,11,12,13,1 13,4 11,4 12,4 13,1 4 13
4 7 8 11 13,0.0067003,33.1262,Yes,N/A,N/A,N/A,4,N/A,N/A,7,8,N/A,N/A,11,4 8,13,N/A,4 11,N/A,4 13,7 11
4 7 8 11 12 13,0.00354529,42.6821,Yes,N/A,N/A,N/A,4,N/A,N/A,7,8,N/A,N/A,11,12,13,N/A,4 11,4 12,4 13,7 11
1 4 7 8 9,0.0642886,13.1387,Yes,N/A,N/A,N/A,4,1 4,N/A,7,8,9,1 9,4 7,4 8,4 9,1 4 9,7 8,7 9,8 9,1 8 9
4 7 8 9,0.0378762,17.7457,Yes,N/A,N/A,N/A,4,N/A,N/A,7,8,9,N/A,4 7,4 8,4 9,N/A,7 8,7 9,8 9,N/A
1 4 7 8 9 13,0.0280637,21.8853,Yes,N/A,N/A,N/A,4,1 4,N/A,7,8,9,1 9,4 7,4 8,13,1 13,7 8,7 9,4 13,1 4 13
1 4 7 8 9 12,0.0316484,21.0398,Yes,N/A,N/A,N/A,4,1 4,N/A,7,8,9,1 9,4 7,12,1 12,1 4 9,7 8,4 12,1 4 12,1 8 9
4 7 8 9 12,0.014362,27.5309,Yes,N/A,N/A,N/A,4,N/A,N/A,7,8,9,N/A,4 7,12,4 9,N/A,7 8,4 12,8 9,N/A
1 4 7 8 9 12 13,0.0157078,29.7761,Yes,N/A,N/A,N/A,4,1 4,N/A,7,8,9,1 9,4 7,12,13,1 13,7 8,4 12,4 13,1 4 13
4 7 8 9 13,0.0114627,28.8453,Yes,N/A,N/A,N/A,4,N/A,N/A,7,8,9,N/A,4 7,4 8,13,N/A,7 8,7 9,4 13,N/A
1 4 7 8 9 11,0.0347823,19.7846,Yes,N/A,N/A,N/A,4,1 4,N/A,7,8,9,1 9,11,1 11,4 9,1 4 9,4 11,1 4 11,8 9,7 11
4 7 8 9 11,0.015935,26.3646,Yes,N/A,N/A,N/A,4,N/A,N/A,7,8,9,N/A,11,4 8,4 9,N/A,4 11,7 9,8 9,7 11
1 4 7 8 9 11 13,0.0170274,28.1802,Yes,N/A,N/A,N/A,4,1 4,N/A,7,8,9,1 9,11,1 11,13,1 13,4 11,1 4 11,4 13,1 4 13
1 4 7 8 9 11 12,0.0189576,27.6279,Yes,N/A,N/A,N/A,4,1 4,N/A,7,8,9,1 9,11,12,1 12,1 4 9,4 11,4 12,1 4 12,7 11
4 7 8 9 11 12,0.00743381,35.8736,Yes,N/A,N/A,N/A,4,N/A,N/A,7,8,9,N/A,11,12,4 9,N/A,4 11,4 12,8 9,7 11
1 4 7 8 9 11 12 13,0.0110329,35.3581,Yes,N/A,N/A,N/A,4,1 4,N/A,7,8,9,1 9,11,12,13,1 13,4 11,4 12,4 13,1 4 13
4 7 8 9 12 13,0.00558984,38.3831,Yes,N/A,N/A,N/A,4,N/A,N/A,7,8,9,N/A,4 7,12,13,N/A,7 8,4 12,4 13,N/A
1 4 7 8 9 10,0.0437247,17.8904,Yes,N/A,N/A,N/A,4,1 4,N/A,7,8,9,10,1 10,4 8,4 9,4 10,1 4 10,7 9,7 10,8 10
4 7 8 9 10,0.0236651,21.6054,Yes,N/A,N/A,N/A,4,N/A,N/A,7,8,9,10,4 7,4 8,4 9,4 10,7 8,7 9,7 10,8 10
1 4 7 8 9 10 13,0.020724,26.2444,Yes,N/A,N/A,N/A,4,1 4,N/A,7,8,9,10,1 10,4 8,13,1 13,1 4 10,7 9,4 13,1 4 13
1 4 7 8 9 10 12,0.0240792,24.8221,Yes,N/A,N/A,N/A,4,1 4,N/A,7,8,9,10,1 10,12,1 12,4 10,1 4 10,4 12,1 4 12,8 10
4 7 8 9 10 12,0.0113201,29.9853,Yes,N/A,N/A,N/A,4,N/A,N/A,7,8,9,10,4 7,12,4 9,4 10,7 8,4 12,7 10,8 10
1 4 7 8 9 10 12 13,0.0128253,33.296,Yes,N/A,N/A,N/A,4,1 4,N/A,7,8,9,10,1 10,12,13,1 13,1 4 10,4 12,4 13,1 4 13
4 7 8 9 10 13,0.00925486,31.5551,Yes,N/A,N/A,N/A,4,N/A,N/A,7,8,9,10,4 7,4 8,13,4 10,7 8,7 9,4 13,8 10
1 4 7 8 9 10 11,0.0277004,23.4246,Yes,N/A,N/A,N/A,4,1 4,N/A,7,8,9,10,11,1 11,4 9,4 10,4 11,1 4 11,7 10,7 11
4 7 8 9 10 11,0.0125706,28.8038,Yes,N/A,N/A,N/A,4,N/A,N/A,7,8,9,10,11,4 8,4 9,4 10,4 11,7 9,7 10,7 11
1 4 7 8 9 10 11 13,0.0147693,31.197,Yes,N/A,N/A,N/A,4,1 4,N/A,7,8,9,10,11,1 11,13,1 13,4 11,1 4 11,4 13,1 4 13
1 4 7 8 9 10 11 12,0.017556,29.8119,Yes,N/A,N/A,N/A,4,1 4,N/A,7,8,9,10,11,12,1 12,4 10,4 11,4 12,1 4 12,7 11
4 7 8 9 10 11 12,0.00713323,36.4945,Yes,N/A,N/A,N/A,4,N/A,N/A,7,8,9,10,11,12,4 9,4 10,4 11,4 12,7 10,7 11
1 4 7 8 9 10 11 12 13,0.010797,37.1056,Yes,N/A,N/A,N/A,4,1 4,N/A,7,8,9,10,11,12,13,1 13,4 11,4 12,4 13,1 4 13
4 8 10 12 13,0.00539839,36.9471,Yes,N/A,N/A,N/A,4,N/A,N/A,N/A,8,N/A,10,N/A,12,13,4 10,N/A,4 12,4 13,8 10
4 8 10 11 13,0.00844624,33.0564,Yes,N/A,N/A,N/A,4,N/A,N/A,N/A,8,N/A,10,11,4 8,13,4 10,4 11,N/A,4 13,8 10
4 8 10 11 12 13,0.00420513,41.9909,Yes,N/A,N/A,N/A,4,N/A,N/A,N/A,8,N/A,10,11,12,13,4 10,4 11,4 12,4 13,8 10
4 8 9 11 13,0.00755782,34.0724,Yes,N/A,N/A,N/A,4,N/A,N/A,N/A,8,9,N/A,11,4 8,13,N/A,4 11,N/A,4 13,N/A
4 8 9 11 12 13,0.00376311,43.4862,Yes,N/A,N/A,N/A,4,N/A,N/A,N/A,8,9,N/A,11,12,13,N/A,4 11,4 12,4 13,N/A
4 8 9 10 12 13,0.00429895,41.898,Yes,N/A,N/A,N/A,4,N/A,N/A,N/A,8,9,10,N/A,12,13,4 10,N/A,4 12,4 13,8 10
4 8 9 10 11 13,0.00619565,37.2017,Yes,N/A,N/A,N/A,4,N/A,N/A,N/A,8,9,10,11,4 8,13,4 10,4 11,N/A,4 13,8 10
4 8 9 10 11 12 13,0.00382764,44.7901,Yes,N/A,N/A,N/A,4,N/A,N/A,N/A,8,9,10,11,12,13,4 10,4 11,4 12,4 13,8 10
1 4 6,0.150549,7.36443,Yes,N/A,N/A,N/A,4,1 4,6,1 6,N/A,N/A,4 6,1 4 6,N/A,N/A,N/A,N/A,N/A,N/A,N/A
4 6,0.126286,8.41024,Yes,N/A,N/A,N/A,4,N/A,6,N/A,N/A,N/A,4 6,N/A,N/A,N/A,N/A,N/A,N/A,N/A,N/A
1 4 6 13,0.0499328,16.6137,Yes,N/A,N/A,N/A,4,1 4,6,1 6,N/A,N/A,4 6,1 4 6,N/A,13,1 13,N/A,N/A,4 13,1 4 13
1 4 6 12,0.065927,14.4849,Yes,N/A,N/A,N/A,4,1 4,6,1 6,N/A,N/A,4 6,1 4 6,12,1 12,N/A,N/A,4 12,1 4 12,6 12
4 6 12,0.0320823,18.0201,Yes,N/A,N/A,N/A,4,N/A,6,N/A,N/A,N/A,4 6,N/A,12,N/A,N/A,N/A,4 12,N/A,6 12
1 4 6 12 13,0.0234109,24.3117,Yes,N/A,N/A,N/A,4,1 4,6,1 6,N/A,N/A,4 6,1 4 6,12,13,1 13,N/A,4 12,4 13,1 4 13
4 6 13,0.0259666,19.5046,Yes,N/A,N/A,N/A,4,N/A,6,N/A,N/A,N/A,4 6,N/A,N/A,13,N/A,N/A,N/A,4 13,N/A
1 4 6 11,0.0626643,14.0785,Yes,N/A,N/A,N/A,4,1 4,6,1 6,N/A,N/A,4 6,11,1 11,N/A,N/A,4 11,1 4 11,6 11,1 6 11
4 6 11,0.0364047,16.5997,Yes,N/A,N/A,N/A,4,N/A,6,N/A,N/A,N/A,4 6,11,N/A,N/A,N/A,4 11,N/A,6 11,N/A
1 4 6 11 13,0.0275615,22.0673,Yes,N/A,N/A,N/A,4,1 4,6,1 6,N/A,N/A,4 6,11,1 11,13,1 13,4 11,1 4 11,4 13,1 4 13
1 4 6 11 12,0.0301987,22.0995,Yes,N/A,N/A,N/A,4,1 4,6,1 6,N/A,N/A,4 6,11,12,1 12,N/A,4 11,4 12,1 4 12,6 12
4 6 11 12,0.0149094,25.3553,Yes,N/A,N/A,N/A,4,N/A,6,N/A,N/A,N/A,4 6,11,12,N/A,N/A,4 11,4 12,6 11,6 12
1 4 6 11 12 13,0.014248,30.9693,Yes,N/A,N/A,N/A,4,1 4,6,1 6,N/A,N/A,4 6,11,12,13,1 13,4 11,4 12,4 13,1 4 13
4 6 12 13,0.00997589,28.5363,Yes,N/A,N/A,N/A,4,N/A,6,N/A,N/A,N/A,4 6,N/A,12,13,N/A,N/A,4 12,4 13,6 12
1 4 6 10,0.0531657,13.8521,Yes,N/A,N/A,N/A,4,1 4,6,1 6,N/A,N/A,10,1 10,N/A,N/A,4 10,1 4 10,6 10,1 6 10,N/A
4 6 10,0.0233089,16.6452,Yes,N/A,N/A,N/A,4,N/A,6,N/A,N/A,N/A,10,N/A,N/A,N/A,4 10,N/A,6 10,N/A,N/A
1 4 6 10 13,0.0208391,23.3436,Yes,N/A,N/A,N/A,4,1 4,6,1 6,N/A,N/A,10,1 10,N/A,13,1 13,1 4 10,6 10,4 13,1 4 13
1 4 6 10 12,0.029896,20.0718,Yes,N/A,N/A,N/A,4,1 4,6,1 6,N/A,N/A,10,1 10,12,1 12,4 10,1 4 10,4 12,1 4 12,6 12
4 6 10 12,0.0104872,26.1672,Yes,N/A,N/A,N/A,4,N/A,6,N/A,N/A,N/A,10,N/A,12,N/A,4 10,N/A,4 12,N/A,6 12
1 4 6 10 12 13,0.0128606,30.2326,Yes,N/A,N/A,N/A,4,1 4,6,1 6,N/A,N/A,10,1 10,12,13,1 13,1 4 10,4 12,4 13,1 4 13
4 6 10 13,0.00809917,27.2975,Yes,N/A,N/A,N/A,4,N/A,6,N/A,N/A,N/A,10,N/A,N/A,13,4 10,N/A,6 10,4 13,N/A
1 4 6 10 11,0.0293313,20.7422,Yes,N/A,N/A,N/A,4,1 4,6,1 6,N/A,N/A,10,11,1 11,N/A,4 10,4 11,1 4 11,6 11,1 6 11
4 6 10 11,0.0150543,24.1042,Yes,N/A,N/A,N/A,4,N/A,6,N/A,N/A,N/A,10,11,N/A,N/A,4 10,4 11,6 10,6 11,N/A
1 4 6 10 11 13,0.0143015,29.0912,Yes,N/A,N/A,N/A,4,1 4,6,1 6,N/A,N/A,10,11,1 11,13,1 13,4 11,1 4 11,4 13,1 4 13
1 4 6 10 11 12,0.018237,27.5684,Yes,N/A,N/A,N/A,4,1 4,6,1 6,N/A,N/A,10,11,12,1 12,4 10,4 11,4 12,1 4 12,6 12
4 6 10 11 12,0.00762116,32.5761,Yes,N/A,N/A,N/A,4,N/A,6,N/A,N/A,N/A,10,11,12,N/A,4 10,4 11,4 12,6 11,6 12
1 4 6 10 11 12 13,0.00944011,37.1054,Yes,N/A,N/A,N/A,4,1 4,6,1 6,N/A,N/A,10,11,12,13,1 13,4 11,4 12,4 13,1 4 13
4 6 11 13,0.0113026,27.2697,Yes,N/A,N/A,N/A,4,N/A,6,N/A,N/A,N/A,4 6,11,N/A,13,N/A,4 11,N/A,4 13,N/A
4 6 11 12 13,0.00594919,35.2116,Yes,N/A,N/A,N/A,4,N/A,6,N/A,N/A,N/A,4 6,11,12,13,N/A,4 11,4 12,4 13,6 12
1 4 6 9,0.0740824,10.6356,Yes,N/A,N/A,N/A,4,1 4,6,1 6,N/A,9,1 9,1 4 6,N/A,4 9,1 4 9,6 9,1 6 9,N/A,N/A
4 6 9,0.0396698,13.9335,Yes,N/A,N/A,N/A,4,N/A,6,N/A,N/A,9,4 6,N/A,N/A,4 9,N/A,6 9,N/A,N/A,N/A
1 4 6 9 13,0.0268261,20.8314,Yes,N/A,N/A,N/A,4,1 4,6,1 6,N/A,9,1 9,1 4 6,N/A,13,1 13,6 9,1 6 9,4 13,1 4 13
1 4 6 9 12,0.0377923,17.444,Yes,N/A,N/A,N/A,4,1 4,6,1 6,N/A,9,1 9,1 4 6,12,1 12,1 4 9,6 9,4 12,1 4 12,6 12
4 6 9 12,0.0182358,22.4926,Yes,N/A,N/A,N/A,4,N/A,6,N/A,N/A,9,4 6,N/A,12,4 9,N/A,6 9,4 12,N/A,6 12
1 4 6 9 12 13,0.016158,27.276,Yes,N/A,N/A,N/A,4,1 4,6,1 6,N/A,9,1 9,1 4 6,12,13,1 13,6 9,4 12,4 13,1 4 13
4 6 9 13,0.0120335,25.667,Yes,N/A,N/A,N/A,4,N/A,6,N/A,N/A,9,4 6,N/A,N/A,13,N/A,6 9,N/A,4 13,N/A
1 4 6 9 11,0.0441733,16.0582,Yes,N/A,N/A,N/A,4,1 4,6,1 6,N/A,9,1 9,11,1 11,4 9,1 4 9,4 11,1 4 11,6 11,1 6 11
4 6 9 11,0.0212376,21.7009,Yes,N/A,N/A,N/A,4,N/A,6,N/A,N/A,9,4 6,11,N/A,4 9,N/A,4 11,N/A,6 11,N/A
1 4 6 9 11 13,0.0192189,25.5792,Yes,N/A,N/A,N/A,4,1 4,6,1 6,N/A,9,1 9,11,1 11,13,1 13,4 11,1 4 11,4 13,1 4 13
1 4 6 9 11 12,0.0238872,23.9076,Yes,N/A,N/A,N/A,4,1 4,6,1 6,N/A,9,1 9,11,12,1 12,1 4 9,4 11,4 12,1 4 12,6 12
4 6 9 11 12,0.0111636,29.0923,Yes,N/A,N/A,N/A,4,N/A,6,N/A,N/A,9,4 6,11,12,4 9,N/A,4 11,4 12,6 11,6 12
1 4 6 9 11 12 13,0.0122091,32.7754,Yes,N/A,N/A,N/A,4,1 4,6,1 6,N/A,9,1 9,11,12,13,1 13,4 11,4 12,4 13,1 4 13
4 6 9 12 13,0.00673309,33.6641,Yes,N/A,N/A,N/A,4,N/A,6,N/A,N/A,9,4 6,N/A,12,13,N/A,6 9,4 12,4 13,6 12
1 4 6 9 10,0.0433519,17.1146,Yes,N/A,N/A,N/A,4,1 4,6,1 6,N/A,9,10,1 10,N/A,4 9,4 10,1 4 10,6 10,1 6 10,N/A
4 6 9 10,0.0238385,21.1492,Yes,N/A,N/A,N/A,4,N/A,6,N/A,N/A,9,10,N/A,N/A,4 9,4 10,6 9,6 10,N/A,N/A
1 4 6 9 10 13,0.0169794,27.5384,Yes,N/A,N/A,N/A,4,1 4,6,1 6,N/A,9,10,1 10,N/A,13,1 13,1 4 10,6 10,4 13,1 4 13
1 4 6 9 10 12,0.0256327,22.8705,Yes,N/A,N/A,N/A,4,1 4,6,1 6,N/A,9,10,1 10,12,1 12,4 10,1 4 10,4 12,1 4 12,6 12
4 6 9 10 12,0.0112885,29.3188,Yes,N/A,N/A,N/A,4,N/A,6,N/A,N/A,9,10,N/A,12,4 9,4 10,6 9,4 12,N/A,6 12
1 4 6 9 10 12 13,0.011848,32.6002,Yes,N/A,N/A,N/A,4,1 4,6,1 6,N/A,9,10,1 10,12,13,1 13,1 4 10,4 12,4 13,1 4 13
4 6 9 10 13,0.00767132,32.54,Yes,N/A,N/A,N/A,4,N/A,6,N/A,N/A,9,10,N/A,N/A,13,4 10,6 9,6 10,4 13,N/A
1 4 6 9 10 11,0.0295873,21.9338,Yes,N/A,N/A,N/A,4,1 4,6,1 6,N/A,9,10,11,1 11,4 9,4 10,4 11,1 4 11,6 11,1 6 11
4 6 9 10 11,0.0137747,27.9029,Yes,N/A,N/A,N/A,4,N/A,6,N/A,N/A,9,10,11,N/A,4 9,4 10,4 11,6 10,6 11,N/A
1 4 6 9 10 11 13,0.0136862,31.3471,Yes,N/A,N/A,N/A,4,1 4,6,1 6,N/A,9,10,11,1 11,13,1 13,4 11,1 4 11,4 13,1 4 13
1 4 6 9 10 11 12,0.0183713,28.7998,Yes,N/A,N/A,N/A,4,1 4,6,1 6,N/A,9,10,11,12,1 12,4 10,4 11,4 12,1 4 12,6 12
4 6 9 10 11 12,0.00793705,34.5762,Yes,N/A,N/A,N/A,4,N/A,6,N/A,N/A,9,10,11,12,4 9,4 10,4 11,4 12,6 11,6 12
1 4 6 9 10 11 12 13,0.0100065,37.5786,Yes,N/A,N/A,N/A,4,1 4,6,1 6,N/A,9,10,11,12,13,1 13,4 11,4 12,4 13,1 4 13
4 6 10 12 13,0.00441264,36.1328,Yes,N/A,N/A,N/A,4,N/A,6,N/A,N/A,N/A,10,N/A,12,13,4 10,N/A,4 12,4 13,6 12
4 6 10 11 13,0.00583683,34.1438,Yes,N/A,N/A,N/A,4,N/A,6,N/A,N/A,N/A,10,11,N/A,13,4 10,4 11,6 10,4 13,N/A
4 6 10 11 12 13,0.00365122,41.6132,Yes,N/A,N/A,N/A,4,N/A,6,N/A,N/A,N/A,10,11,12,13,4 10,4 11,4 12,4 13,6 12
1 4 6 8,0.0922139,7.70055,Yes,N/A,N/A,N/A,4,1 4,6,1 6,8,1 8,4 6,1 4 6,4 8,1 4 8,6 8,1 6 8,N/A,N/A,4 6 8
4 6 8,0.041956,12.774,Yes,N/A,N/A,N/A,4,N/A,6,N/A,8,N/A,4 6,N/A,4 8,N/A,6 8,N/A,N/A,N/A,4 6 8
1 4 6 8 13,0.036076,17.1399,Yes,N/A,N/A,N/A,4,1 4,6,1 6,8,1 8,4 6,1 4 6,4 8,13,1 13,1 6 8,N/A,4 13,1 4 13
1 4 6 8 12,0.0455256,15.1673,Yes,N/A,N/A,N/A,4,1 4,6,1 6,8,1 8,4 6,1 4 6,12,1 12,6 8,1 6 8,4 12,1 4 12,6 12
4 6 8 12,0.0168608,23.0538,Yes,N/A,N/A,N/A,4,N/A,6,N/A,8,N/A,4 6,N/A,12,N/A,6 8,N/A,4 12,N/A,6 12
1 4 6 8 12 13,0.0192858,24.7678,Yes,N/A,N/A,N/A,4,1 4,6,1 6,8,1 8,4 6,1 4 6,12,13,1 13,1 6 8,4 12,4 13,1 4 13
4 6 8 13,0.0141276,22.9821,Yes,N/A,N/A,N/A,4,N/A,6,N/A,8,N/A,4 6,N/A,4 8,13,6 8,N/A,N/A,4 13,4 6 8
1 4 6 8 11,0.0545471,13.7023,Yes,N/A,N/A,N/A,4,1 4,6,1 6,8,1 8,4 6,11,1 11,1 4 8,6 8,4 11,1 4 11,6 11,1 6 11
4 6 8 11,0.0262096,19.7045,Yes,N/A,N/A,N/A,4,N/A,6,N/A,8,N/A,4 6,11,4 8,N/A,6 8,4 11,N/A,6 11,4 6 8
1 4 6 8 11 13,0.0246563,22.2145,Yes,N/A,N/A,N/A,4,1 4,6,1 6,8,1 8,4 6,11,1 11,13,1 13,4 11,1 4 11,4 13,1 4 13
1 4 6 8 11 12,0.0300698,21.0385,Yes,N/A,N/A,N/A,4,1 4,6,1 6,8,1 8,4 6,11,12,1 12,6 8,4 11,4 12,1 4 12,6 12
4 6 8 11 12,0.0116077,29.1147,Yes,N/A,N/A,N/A,4,N/A,6,N/A,8,N/A,4 6,11,12,N/A,6 8,4 11,4 12,6 11,6 12
1 4 6 8 11 12 13,0.0147162,29.6582,Yes,N/A,N/A,N/A,4,1 4,6,1 6,8,1 8,4 6,11,12,13,1 13,4 11,4 12,4 13,1 4 13
4 6 8 12 13,0.00697554,32.6978,Yes,N/A,N/A,N/A,4,N/A,6,N/A,8,N/A,4 6,N/A,12,13,6 8,N/A,4 12,4 13,6 12
1 4 6 8 10,0.0581533,12.9107,Yes,N/A,N/A,N/A,4,1 4,6,1 6,8,1 8,10,1 10,4 8,1 4 8,4 10,1 4 10,6 10,1 6 10,8 10
4 6 8 10,0.0237742,21.0109,Yes,N/A,N/A,N/A,4,N/A,6,N/A,8,N/A,10,N/A,4 8,N/A,4 10,N/A,6 10,N/A,8 10
1 4 6 8 10 13,0.0243296,21.8231,Yes,N/A,N/A,N/A,4,1 4,6,1 6,8,1 8,10,1 10,4 8,13,1 13,1 4 10,6 10,4 13,1 4 13
1 4 6 8 10 12,0.0302105,20.3923,Yes,N/A,N/A,N/A,4,1 4,6,1 6,8,1 8,10,1 10,12,1 12,4 10,1 4 10,4 12,1 4 12,6 12
4 6 8 10 12,0.00893139,31.6588,Yes,N/A,N/A,N/A,4,N/A,6,N/A,8,N/A,10,N/A,12,N/A,4 10,N/A,4 12,N/A,6 12
1 4 6 8 10 12 13,0.0140216,29.3113,Yes,N/A,N/A,N/A,4,1 4,6,1 6,8,1 8,10,1 10,12,13,1 13,1 4 10,4 12,4 13,1 4 13
4 6 8 10 13,0.00896993,30.6407,Yes,N/A,N/A,N/A,4,N/A,6,N/A,8,N/A,10,N/A,4 8,13,4 10,N/A,6 10,4 13,8 10
1 4 6 8 10 11,0.0350921,19.1821,Yes,N/A,N/A,N/A,4,1 4,6,1 6,8,1 8,10,11,1 11,1 4 8,4 10,4 11,1 4 11,6 11,1 6 11
4 6 8 10 11,0.0152315,26.9803,Yes,N/A,N/A,N/A,4,N/A,6,N/A,8,N/A,10,11,4 8,N/A,4 10,4 11,6 10,6 11,8 10
1 4 6 8 10 11 13,0.017062,27.2181,Yes,N/A,N/A,N/A,4,1 4,6,1 6,8,1 8,10,11,1 11,13,1 13,4 11,1 4 11,4 13,1 4 13
1 4 6 8 10 11 12,0.0218296,25.3695,Yes,N/A,N/A,N/A,4,1 4,6,1 6,8,1 8,10,11,12,1 12,4 10,4 11,4 12,1 4 12,6 12
4 6 8 10 11 12,0.00718272,36.6793,Yes,N/A,N/A,N/A,4,N/A,6,N/A,8,N/A,10,11,12,N/A,4 10,4 11,4 12,6 11,6 12
1 4 6 8 10 11 12 13,0.0116864,33.33,Yes,N/A,N/A,N/A,4,1 4,6,1 6,8,1 8,10,11,12,13,1 13,4 11,4 12,4 13,1 4 13
4 6 8 11 13,0.00980063,29.1194,Yes,N/A,N/A,N/A,4,N/A,6,N/A,8,N/A,4 6,11,4 8,13,6 8,4 11,N/A,4 13,4 6 8
4 6 8 11 12 13,0.00552827,37.662,Yes,N/A,N/A,N/A,4,N/A,6,N/A,8,N/A,4 6,11,12,13,6 8,4 11,4 12,4 13,6 12
1 4 6 8 9,0.068897,11.8709,Yes,N/A,N/A,N/A,4,1 4,6,1 6,8,9,1 9,1 4 6,4 8,4 9,1 4 9,6 9,1 6 9,8 9,1 8 9
4 6 8 9,0.044822,16.5198,Yes,N/A,N/A,N/A,4,N/A,6,N/A,8,9,4 6,N/A,4 8,4 9,6 8,6 9,N/A,8 9,4 6 8
1 4 6 8 9 13,0.0281924,20.9286,Yes,N/A,N/A,N/A,4,1 4,6,1 6,8,9,1 9,1 4 6,4 8,13,1 13,6 9,1 6 9,4 13,1 4 13
1 4 6 8 9 12,0.0331613,19.6001,Yes,N/A,N/A,N/A,4,1 4,6,1 6,8,9,1 9,1 4 6,12,1 12,1 4 9,6 9,4 12,1 4 12,6 12
4 6 8 9 12,0.0175495,25.6082,Yes,N/A,N/A,N/A,4,N/A,6,N/A,8,9,4 6,N/A,12,4 9,6 8,6 9,4 12,8 9,6 12
1 4 6 8 9 12 13,0.0156388,28.4765,Yes,N/A,N/A,N/A,4,1 4,6,1 6,8,9,1 9,1 4 6,12,13,1 13,6 9,4 12,4 13,1 4 13
4 6 8 9 13,0.0130722,27.558,Yes,N/A,N/A,N/A,4,N/A,6,N/A,8,9,4 6,N/A,4 8,13,6 8,6 9,N/A,4 13,4 6 8
1 4 6 8 9 11,0.0428759,17.133,Yes,N/A,N/A,N/A,4,1 4,6,1 6,8,9,1 9,11,1 11,4 9,1 4 9,4 11,1 4 11,6 11,1 6 11
4 6 8 9 11,0.022512,22.7371,Yes,N/A,N/A,N/A,4,N/A,6,N/A,8,9,4 6,11,4 8,4 9,6 8,4 11,N/A,6 11,4 6 8
1 4 6 8 9 11 13,0.0200762,25.3979,Yes,N/A,N/A,N/A,4,1 4,6,1 6,8,9,1 9,11,1 11,13,1 13,4 11,1 4 11,4 13,1 4 13
1 4 6 8 9 11 12,0.0238106,24.1829,Yes,N/A,N/A,N/A,4,1 4,6,1 6,8,9,1 9,11,12,1 12,1 4 9,4 11,4 12,1 4 12,6 12
4 6 8 9 11 12,0.0114435,30.5481,Yes,N/A,N/A,N/A,4,N/A,6,N/A,8,9,4 6,11,12,4 9,6 8,4 11,4 12,6 11,6 12
1 4 6 8 9 11 12 13,0.013128,31.7503,Yes,N/A,N/A,N/A,4,1 4,6,1 6,8,9,1 9,11,12,13,1 13,4 11,4 12,4 13,1 4 13
4 6 8 9 12 13,0.00669464,36.2408,Yes,N/A,N/A,N/A,4,N/A,6,N/A,8,9,4 6,N/A,12,13,6 8,6 9,4 12,4 13,6 12
1 4 6 8 9 10,0.047875,16.314,Yes,N/A,N/A,N/A,4,1 4,6,1 6,8,9,10,1 10,4 8,4 9,4 10,1 4 10,6 10,1 6 10,8 10
4 6 8 9 10,0.0230584,23.3378,Yes,N/A,N/A,N/A,4,N/A,6,N/A,8,9,10,N/A,4 8,4 9,4 10,6 9,6 10,8 9,8 10
1 4 6 8 9 10 13,0.0214118,25.0672,Yes,N/A,N/A,N/A,4,1 4,6,1 6,8,9,10,1 10,4 8,13,1 13,1 4 10,6 10,4 13,1 4 13
1 4 6 8 9 10 12,0.0262236,23.0033,Yes,N/A,N/A,N/A,4,1 4,6,1 6,8,9,10,1 10,12,1 12,4 10,1 4 10,4 12,1 4 12,6 12
4 6 8 9 10 12,0.010555,32.5691,Yes,N/A,N/A,N/A,4,N/A,6,N/A,8,9,10,N/A,12,4 9,4 10,6 9,4 12,8 9,6 12
1 4 6 8 9 10 12 13,0.0133023,31.5555,Yes,N/A,N/A,N/A,4,1 4,6,1 6,8,9,10,1 10,12,13,1 13,1 4 10,4 12,4 13,1 4 13
4 6 8 9 10 13,0.00878203,33.8727,Yes,N/A,N/A,N/A,4,N/A,6,N/A,8,9,10,N/A,4 8,13,4 10,6 9,6 10,4 13,8 10
1 4 6 8 9 10 11,0.0316828,21.1874,Yes,N/A,N/A,N/A,4,1 4,6,1 6,8,9,10,11,1 11,4 9,4 10,4 11,1 4 11,6 11,1 6 11
4 6 8 9 10 11,0.0144618,28.2055,Yes,N/A,N/A,N/A,4,N/A,6,N/A,8,9,10,11,4 8,4 9,4 10,4 11,6 10,6 11,8 10
1 4 6 8 9 10 11 13,0.0160975,29.2398,Yes,N/A,N/A,N/A,4,1 4,6,1 6,8,9,10,11,1 11,13,1 13,4 11,1 4 11,4 13,1 4 13
1 4 6 8 9 10 11 12,0.0203873,26.7663,Yes,N/A,N/A,N/A,4,1 4,6,1 6,8,9,10,11,12,1 12,4 10,4 11,4 12,1 4 12,6 12
4 6 8 9 10 11 12,0.00816678,35.9675,Yes,N/A,N/A,N/A,4,N/A,6,N/A,8,9,10,11,12,4 9,4 10,4 11,4 12,6 11,6 12
1 4 6 8 9 10 11 12 13,0.0119419,34.0739,Yes,N/A,N/A,N/A,4,1 4,6,1 6,8,9,10,11,12,13,1 13,4 11,4 12,4 13,1 4 13
4 6 9 11 13,0.00722269,33.2335,Yes,N/A,N/A,N/A,4,N/A,6,N/A,N/A,9,4 6,11,N/A,13,N/A,4 11,N/A,4 13,N/A
4 6 9 11 12 13,0.00473794,39.8478,Yes,N/A,N/A,N/A,4,N/A,6,N/A,N/A,9,4 6,11,12,13,N/A,4 11,4 12,4 13,6 12
4 6 9 10 12 13,0.00472552,40.0145,Yes,N/A,N/A,N/A,4,N/A,6,N/A,N/A,9,10,N/A,12,13,4 10,6 9,4 12,4 13,6 12
4 6 9 10 11 13,0.00533124,38.969,Yes,N/A,N/A,N/A,4,N/A,6,N/A,N/A,9,10,11,N/A,13,4 10,4 11,6 10,4 13,N/A
4 6 9 10 11 12 13,0.00382238,44.6558,Yes,N/A,N/A,N/A,4,N/A,6,N/A,N/A,9,10,11,12,13,4 10,4 11,4 12,4 13,6 12
1 4 6 7,0.0730872,8.66319,Yes,N/A,N/A,N/A,4,1 4,6,7,1 7,N/A,4 6,4 7,1 4 7,6 7,1 6 7,N/A,N/A,4 6 7,1 4 6 7
4 6 7,0.0457926,11.7263,Yes,N/A,N/A,N/A,4,N/A,6,7,N/A,N/A,4 6,4 7,N/A,6 7,N/A,N/A,N/A,4 6 7,N/A
1 4 6 7 13,0.0286427,18.8958,Yes,N/A,N/A,N/A,4,1 4,6,7,1 7,N/A,4 6,4 7,1 4 7,13,1 13,N/A,N/A,4 13,1 4 13
1 4 6 7 12,0.0396198,16.7871,Yes,N/A,N/A,N/A,4,1 4,6,7,1 7,N/A,4 6,4 7,12,1 12,1 6 7,N/A,4 12,1 4 12,6 12
4 6 7 12,0.021445,20.239,Yes,N/A,N/A,N/A,4,N/A,6,7,N/A,N/A,4 6,4 7,12,6 7,N/A,N/A,4 12,4 6 7,6 12
1 4 6 7 12 13,0.0164158,26.9953,Yes,N/A,N/A,N/A,4,1 4,6,7,1 7,N/A,4 6,4 7,12,13,1 13,N/A,4 12,4 13,1 4 13
4 6 7 13,0.011906,23.6178,Yes,N/A,N/A,N/A,4,N/A,6,7,N/A,N/A,4 6,4 7,N/A,13,N/A,N/A,N/A,4 13,N/A
1 4 6 7 11,0.0498537,14.7821,Yes,N/A,N/A,N/A,4,1 4,6,7,1 7,N/A,4 6,11,1 11,6 7,1 6 7,4 11,1 4 11,6 11,7 11
4 6 7 11,0.0244502,20.5056,Yes,N/A,N/A,N/A,4,N/A,6,7,N/A,N/A,4 6,11,N/A,6 7,N/A,4 11,N/A,6 11,7 11
1 4 6 7 11 13,0.0201611,24.5461,Yes,N/A,N/A,N/A,4,1 4,6,7,1 7,N/A,4 6,11,1 11,13,1 13,4 11,1 4 11,4 13,1 4 13
1 4 6 7 11 12,0.0256524,23.2555,Yes,N/A,N/A,N/A,4,1 4,6,7,1 7,N/A,4 6,11,12,1 12,1 6 7,4 11,4 12,1 4 12,6 12
4 6 7 11 12,0.0124192,28.2403,Yes,N/A,N/A,N/A,4,N/A,6,7,N/A,N/A,4 6,11,12,6 7,N/A,4 11,4 12,6 11,6 12
1 4 6 7 11 12 13,0.012104,32.6866,Yes,N/A,N/A,N/A,4,1 4,6,7,1 7,N/A,4 6,11,12,13,1 13,4 11,4 12,4 13,1 4 13
4 6 7 12 13,0.00658237,31.664,Yes,N/A,N/A,N/A,4,N/A,6,7,N/A,N/A,4 6,4 7,12,13,N/A,N/A,4 12,4 13,6 12
1 4 6 7 10,0.0556386,13.9969,Yes,N/A,N/A,N/A,4,1 4,6,7,1 7,N/A,10,1 10,1 4 7,6 7,4 10,1 4 10,6 10,7 10,1 7 10
4 6 7 10,0.0342159,18.7503,Yes,N/A,N/A,N/A,4,N/A,6,7,N/A,N/A,10,4 7,N/A,6 7,4 10,N/A,6 10,7 10,N/A
1 4 6 7 10 13,0.020715,24.1851,Yes,N/A,N/A,N/A,4,1 4,6,7,1 7,N/A,10,1 10,1 4 7,13,1 13,1 4 10,6 10,4 13,1 4 13
1 4 6 7 10 12,0.0289366,21.8677,Yes,N/A,N/A,N/A,4,1 4,6,7,1 7,N/A,10,1 10,12,1 12,4 10,1 4 10,4 12,1 4 12,6 12
4 6 7 10 12,0.0154072,26.7568,Yes,N/A,N/A,N/A,4,N/A,6,7,N/A,N/A,10,4 7,12,6 7,4 10,N/A,4 12,7 10,6 12
1 4 6 7 10 12 13,0.0124486,31.7716,Yes,N/A,N/A,N/A,4,1 4,6,7,1 7,N/A,10,1 10,12,13,1 13,1 4 10,4 12,4 13,1 4 13
4 6 7 10 13,0.00914209,30.4076,Yes,N/A,N/A,N/A,4,N/A,6,7,N/A,N/A,10,4 7,N/A,13,4 10,N/A,6 10,4 13,N/A
1 4 6 7 10 11,0.0362095,20.5459,Yes,N/A,N/A,N/A,4,1 4,6,7,1 7,N/A,10,11,1 11,6 7,4 10,4 11,1 4 11,6 11,7 11
4 6 7 10 11,0.0169919,26.8102,Yes,N/A,N/A,N/A,4,N/A,6,7,N/A,N/A,10,11,N/A,6 7,4 10,4 11,6 10,6 11,7 11
1 4 6 7 10 11 13,0.0148667,30.4011,Yes,N/A,N/A,N/A,4,1 4,6,7,1 7,N/A,10,11,1 11,13,1 13,4 11,1 4 11,4 13,1 4 13
1 4 6 7 10 11 12,0.0196989,28.458,Yes,N/A,N/A,N/A,4,1 4,6,7,1 7,N/A,10,11,12,1 12,4 10,4 11,4 12,1 4 12,6 12
4 6 7 10 11 12,0.00965411,33.8005,Yes,N/A,N/A,N/A,4,N/A,6,7,N/A,N/A,10,11,12,6 7,4 10,4 11,4 12,6 11,6 12
1 4 6 7 10 11 12 13,0.00996033,37.5958,Yes,N/A,N/A,N/A,4,1 4,6,7,1 7,N/A,10,11,12,13,1 13,4 11,4 12,4 13,1 4 13
4 6 7 11 13,0.00686801,32.2919,Yes,N/A,N/A,N/A,4,N/A,6,7,N/A,N/A,4 6,11,N/A,13,N/A,4 11,N/A,4 13,7 11
4 6 7 11 12 13,0.00432623,39.471,Yes,N/A,N/A,N/A,4,N/A,6,7,N/A,N/A,4 6,11,12,13,N/A,4 11,4 12,4 13,6 12
1 4 6 7 9,0.0744343,11.1807,Yes,N/A,N/A,N/A,4,1 4,6,7,1 7,9,1 9,4 7,1 4 7,4 9,1 4 9,6 9,7 9,1 7 9,1 4 6 7
4 6 7 9,0.0442323,16.7287,Yes,N/A,N/A,N/A,4,N/A,6,7,N/A,9,4 6,4 7,N/A,4 9,N/A,6 9,7 9,4 6 7,N/A
1 4 6 7 9 13,0.0294277,20.4897,Yes,N/A,N/A,N/A,4,1 4,6,7,1 7,9,1 9,4 7,1 4 7,13,1 13,6 9,7 9,4 13,1 4 13
1 4 6 7 9 12,0.038338,18.0781,Yes,N/A,N/A,N/A,4,1 4,6,7,1 7,9,1 9,4 7,12,1 12,1 4 9,6 9,4 12,1 4 12,6 12
4 6 7 9 12,0.0188129,24.4218,Yes,N/A,N/A,N/A,4,N/A,6,7,N/A,9,4 6,4 7,12,4 9,N/A,6 9,4 12,4 6 7,6 12
1 4 6 7 9 12 13,0.0174762,27.0289,Yes,N/A,N/A,N/A,4,1 4,6,7,1 7,9,1 9,4 7,12,13,1 13,6 9,4 12,4 13,1 4 13
4 6 7 9 13,0.0123869,28.1067,Yes,N/A,N/A,N/A,4,N/A,6,7,N/A,9,4 6,4 7,N/A,13,N/A,6 9,7 9,4 13,N/A
1 4 6 7 9 11,0.0446839,16.9426,Yes,N/A,N/A,N/A,4,1 4,6,7,1 7,9,1 9,11,1 11,4 9,1 4 9,4 11,1 4 11,6 11,7 11
4 6 7 9 11,0.0187707,25.3559,Yes,N/A,N/A,N/A,4,N/A,6,7,N/A,9,4 6,11,N/A,4 9,N/A,4 11,7 9,6 11,7 11
1 4 6 7 9 11 13,0.0189027,26.2656,Yes,N/A,N/A,N/A,4,1 4,6,7,1 7,9,1 9,11,1 11,13,1 13,4 11,1 4 11,4 13,1 4 13
1 4 6 7 9 11 12,0.0241888,23.9518,Yes,N/A,N/A,N/A,4,1 4,6,7,1 7,9,1 9,11,12,1 12,1 4 9,4 11,4 12,1 4 12,6 12
4 6 7 9 11 12,0.0102489,32.2065,Yes,N/A,N/A,N/A,4,N/A,6,7,N/A,9,4 6,11,12,4 9,N/A,4 11,4 12,6 11,6 12
1 4 6 7 9 11 12 13,0.0125971,32.157,Yes,N/A,N/A,N/A,4,1 4,6,7,1 7,9,1 9,11,12,13,1 13,4 11,4 12,4 13,1 4 13
4 6 7 9 12 13,0.0068504,35.1389,Yes,N/A,N/A,N/A,4,N/A,6,7,N/A,9,4 6,4 7,12,13,N/A,6 9,4 12,4 13,6 12
1 4 6 7 9 10,0.0488936,16.2144,Yes,N/A,N/A,N/A,4,1 4,6,7,1 7,9,10,1 10,1 4 7,4 9,4 10,1 4 10,6 10,7 10,1 7 10
4 6 7 9 10,0.0245117,22.9117,Yes,N/A,N/A,N/A,4,N/A,6,7,N/A,9,10,4 7,N/A,4 9,4 10,6 9,6 10,7 10,N/A
1 4 6 7 9 10 13,0.0200096,25.7963,Yes,N/A,N/A,N/A,4,1 4,6,7,1 7,9,10,1 10,1 4 7,13,1 13,1 4 10,6 10,4 13,1 4 13
1 4 6 7 9 10 12,0.0273209,22.5126,Yes,N/A,N/A,N/A,4,1 4,6,7,1 7,9,10,1 10,12,1 12,4 10,1 4 10,4 12,1 4 12,6 12
4 6 7 9 10 12,0.0131165,29.2997,Yes,N/A,N/A,N/A,4,N/A,6,7,N/A,9,10,4 7,12,4 9,4 10,6 9,4 12,7 10,6 12
1 4 6 7 9 10 12 13,0.013359,31.3205,Yes,N/A,N/A,N/A,4,1 4,6,7,1 7,9,10,1 10,12,13,1 13,1 4 10,4 12,4 13,1 4 13
4 6 7 9 10 13,0.00850356,33.9953,Yes,N/A,N/A,N/A,4,N/A,6,7,N/A,9,10,4 7,N/A,13,4 10,6 9,6 10,4 13,N/A
1 4 6 7 9 10 11,0.033331,20.9605,Yes,N/A,N/A,N/A,4,1 4,6,7,1 7,9,10,11,1 11,4 9,4 10,4 11,1 4 11,6 11,7 11
4 6 7 9 10 11,0.0131062,30.8411,Yes,N/A,N/A,N/A,4,N/A,6,7,N/A,9,10,11,N/A,4 9,4 10,4 11,6 10,6 11,7 11
1 4 6 7 9 10 11 13,0.0153174,30.2247,Yes,N/A,N/A,N/A,4,1 4,6,7,1 7,9,10,11,1 11,13,1 13,4 11,1 4 11,4 13,1 4 13
1 4 6 7 9 10 11 12,0.0203247,27.0743,Yes,N/A,N/A,N/A,4,1 4,6,7,1 7,9,10,11,12,1 12,4 10,4 11,4 12,1 4 12,6 12
4 6 7 9 10 11 12,0.00846205,36.001,Yes,N/A,N/A,N/A,4,N/A,6,7,N/A,9,10,11,12,4 9,4 10,4 11,4 12,6 11,6 12
1 4 6 7 9 10 11 12 13,0.0114377,34.8285,Yes,N/A,N/A,N/A,4,1 4,6,7,1 7,9,10,11,12,13,1 13,4 11,4 12,4 13,1 4 13
4 6 7 10 12 13,0.00520663,37.9148,Yes,N/A,N/A,N/A,4,N/A,6,7,N/A,N/A,10,4 7,12,13,4 10,N/A,4 12,4 13,6 12
4 6 7 10 11 13,0.00544598,38.3644,Yes,N/A,N/A,N/A,4,N/A,6,7,N/A,N/A,10,11,N/A,13,4 10,4 11,6 10,4 13,7 11
4 6 7 10 11 12 13,0.00375021,44.7711,Yes,N/A,N/A,N/A,4,N/A,6,7,N/A,N/A,10,11,12,13,4 10,4 11,4 12,4 13,6 12
1 4 6 7 8,0.0869849,10.3117,Yes,N/A,N/A,N/A,4,1 4,6,7,8,1 8,4 6,4 7,4 8,1 4 8,6 8,7 8,1 7 8,4 6 7,4 6 8
4 6 7 8,0.0669284,13.7512,Yes,N/A,N/A,N/A,4,N/A,6,7,8,N/A,4 6,4 7,4 8,6 7,6 8,7 8,N/A,4 6 7,4 6 8
1 4 6 7 8 13,0.0341391,19.437,Yes,N/A,N/A,N/A,4,1 4,6,7,8,1 8,4 6,4 7,4 8,13,1 13,7 8,1 7 8,4 13,1 4 13
1 4 6 7 8 12,0.0463953,16.8931,Yes,N/A,N/A,N/A,4,1 4,6,7,8,1 8,4 6,4 7,12,1 12,6 8,7 8,4 12,1 4 12,6 12
4 6 7 8 12,0.0235433,22.618,Yes,N/A,N/A,N/A,4,N/A,6,7,8,N/A,4 6,4 7,12,6 7,6 8,7 8,4 12,4 6 7,6 12
1 4 6 7 8 12 13,0.0196573,26.2397,Yes,N/A,N/A,N/A,4,1 4,6,7,8,1 8,4 6,4 7,12,13,1 13,7 8,4 12,4 13,1 4 13
4 6 7 8 13,0.0179611,24.6598,Yes,N/A,N/A,N/A,4,N/A,6,7,8,N/A,4 6,4 7,4 8,13,6 8,7 8,N/A,4 13,4 6 8
1 4 6 7 8 11,0.0484065,16.3016,Yes,N/A,N/A,N/A,4,1 4,6,7,8,1 8,4 6,11,1 11,1 4 8,6 8,4 11,1 4 11,6 11,7 11
4 6 7 8 11,0.0268617,21.8856,Yes,N/A,N/A,N/A,4,N/A,6,7,8,N/A,4 6,11,4 8,6 7,6 8,4 11,N/A,6 11,7 11
1 4 6 7 8 11 13,0.0219832,24.6567,Yes,N/A,N/A,N/A,4,1 4,6,7,8,1 8,4 6,11,1 11,13,1 13,4 11,1 4 11,4 13,1 4 13
1 4 6 7 8 11 12,0.0275402,22.9734,Yes,N/A,N/A,N/A,4,1 4,6,7,8,1 8,4 6,11,12,1 12,6 8,4 11,4 12,1 4 12,6 12
4 6 7 8 11 12,0.012364,30.1554,Yes,N/A,N/A,N/A,4,N/A,6,7,8,N/A,4 6,11,12,6 7,6 8,4 11,4 12,6 11,6 12
1 4 6 7 8 11 12 13,0.013924,31.3731,Yes,N/A,N/A,N/A,4,1 4,6,7,8,1 8,4 6,11,12,13,1 13,4 11,4 12,4 13,1 4 13
4 6 7 8 12 13,0.00888306,32.766,Yes,N/A,N/A,N/A,4,N/A,6,7,8,N/A,4 6,4 7,12,13,6 8,7 8,4 12,4 13,6 12
1 4 6 7 8 10,0.0558922,14.853,Yes,N/A,N/A,N/A,4,1 4,6,7,8,1 8,10,1 10,4 8,1 4 8,4 10,1 4 10,6 10,7 10,8 10
4 6 7 8 10,0.0317007,20.0772,Yes,N/A,N/A,N/A,4,N/A,6,7,8,N/A,10,4 7,4 8,6 7,4 10,7 8,6 10,7 10,8 10
1 4 6 7 8 10 13,0.0242381,23.5997,Yes,N/A,N/A,N/A,4,1 4,6,7,8,1 8,10,1 10,4 8,13,1 13,1 4 10,6 10,4 13,1 4 13
1 4 6 7 8 10 12,0.0309102,21.2541,Yes,N/A,N/A,N/A,4,1 4,6,7,8,1 8,10,1 10,12,1 12,4 10,1 4 10,4 12,1 4 12,6 12
4 6 7 8 10 12,0.0141989,28.9123,Yes,N/A,N/A,N/A,4,N/A,6,7,8,N/A,10,4 7,12,6 7,4 10,7 8,4 12,7 10,6 12
1 4 6 7 8 10 12 13,0.0149676,29.9794,Yes,N/A,N/A,N/A,4,1 4,6,7,8,1 8,10,1 10,12,13,1 13,1 4 10,4 12,4 13,1 4 13
4 6 7 8 10 13,0.0107645,30.6619,Yes,N/A,N/A,N/A,4,N/A,6,7,8,N/A,10,4 7,4 8,13,4 10,7 8,6 10,4 13,8 10
1 4 6 7 8 10 11,0.034093,20.574,Yes,N/A,N/A,N/A,4,1 4,6,7,8,1 8,10,11,1 11,1 4 8,4 10,4 11,1 4 11,6 11,7 11
4 6 7 8 10 11,0.0173073,27.3605,Yes,N/A,N/A,N/A,4,N/A,6,7,8,N/A,10,11,4 8,6 7,4 10,4 11,6 10,6 11,7 11
1 4 6 7 8 10 11 13,0.017063,28.6606,Yes,N/A,N/A,N/A,4,1 4,6,7,8,1 8,10,11,1 11,13,1 13,4 11,1 4 11,4 13,1 4 13
1 4 6 7 8 10 11 12,0.0220094,26.1276,Yes,N/A,N/A,N/A,4,1 4,6,7,8,1 8,10,11,12,1 12,4 10,4 11,4 12,1 4 12,6 12
4 6 7 8 10 11 12,0.00937066,35.4621,Yes,N/A,N/A,N/A,4,N/A,6,7,8,N/A,10,11,12,6 7,4 10,4 11,4 12,6 11,6 12
1 4 6 7 8 10 11 12 13,0.0122725,33.954,Yes,N/A,N/A,N/A,4,1 4,6,7,8,1 8,10,11,12,13,1 13,4 11,4 12,4 13,1 4 13
4 6 7 8 11 13,0.00904309,32.6034,Yes,N/A,N/A,N/A,4,N/A,6,7,8,N/A,4 6,11,4 8,13,6 8,4 11,N/A,4 13,7 11
4 6 7 8 11 12 13,0.00544839,39.9841,Yes,N/A,N/A,N/A,4,N/A,6,7,8,N/A,4 6,11,12,13,6 8,4 11,4 12,4 13,6 12
1 4 6 7 8 9,0.0639553,13.4577,Yes,N/A,N/A,N/A,4,1 4,6,7,8,9,1 9,4 7,4 8,4 9,1 4 9,6 9,7 9,8 9,1 8 9
4 6 7 8 9,0.038052,17.1172,Yes,N/A,N/A,N/A,4,N/A,6,7,8,9,4 6,4 7,4 8,4 9,6 8,6 9,7 9,8 9,4 6 8
1 4 6 7 8 9 13,0.0291799,21.6374,Yes,N/A,N/A,N/A,4,1 4,6,7,8,9,1 9,4 7,4 8,13,1 13,6 9,7 9,4 13,1 4 13
1 4 6 7 8 9 12,0.0352812,19.7679,Yes,N/A,N/A,N/A,4,1 4,6,7,8,9,1 9,4 7,12,1 12,1 4 9,6 9,4 12,1 4 12,6 12
4 6 7 8 9 12,0.0177211,25.1863,Yes,N/A,N/A,N/A,4,N/A,6,7,8,9,4 6,4 7,12,4 9,6 8,6 9,4 12,8 9,6 12
1 4 6 7 8 9 12 13,0.0180472,27.8521,Yes,N/A,N/A,N/A,4,1 4,6,7,8,9,1 9,4 7,12,13,1 13,6 9,4 12,4 13,1 4 13
4 6 7 8 9 13,0.0135755,27.3091,Yes,N/A,N/A,N/A,4,N/A,6,7,8,9,4 6,4 7,4 8,13,6 8,6 9,7 9,4 13,4 6 8
1 4 6 7 8 9 11,0.0393636,18.5567,Yes,N/A,N/A,N/A,4,1 4,6,7,8,9,1 9,11,1 11,4 9,1 4 9,4 11,1 4 11,6 11,7 11
4 6 7 8 9 11,0.0203339,24.0157,Yes,N/A,N/A,N/A,4,N/A,6,7,8,9,4 6,11,4 8,4 9,6 8,4 11,7 9,6 11,7 11
1 4 6 7 8 9 11 13,0.0197595,26.4302,Yes,N/A,N/A,N/A,4,1 4,6,7,8,9,1 9,11,1 11,13,1 13,4 11,1 4 11,4 13,1 4 13
1 4 6 7 8 9 11 12,0.0236666,24.7907,Yes,N/A,N/A,N/A,4,1 4,6,7,8,9,1 9,11,12,1 12,1 4 9,4 11,4 12,1 4 12,6 12
4 6 7 8 9 11 12,0.0111606,31.2643,Yes,N/A,N/A,N/A,4,N/A,6,7,8,9,4 6,11,12,4 9,6 8,4 11,4 12,6 11,6 12
1 4 6 7 8 9 11 12 13,0.0138095,31.8892,Yes,N/A,N/A,N/A,4,1 4,6,7,8,9,1 9,11,12,13,1 13,4 11,4 12,4 13,1 4 13
4 6 7 8 9 12 13,0.00787278,34.6324,Yes,N/A,N/A,N/A,4,N/A,6,7,8,9,4 6,4 7,12,13,6 8,6 9,4 12,4 13,6 12
1 4 6 7 8 9 10,0.0453859,17.2208,Yes,N/A,N/A,N/A,4,1 4,6,7,8,9,10,1 10,4 8,4 9,4 10,1 4 10,6 10,7 10,8 10
4 6 7 8 9 10,0.0242664,22.4387,Yes,N/A,N/A,N/A,4,N/A,6,7,8,9,10,4 7,4 8,4 9,4 10,6 9,6 10,7 10,8 10
1 4 6 7 8 9 10 13,0.0221559,25.3074,Yes,N/A,N/A,N/A,4,1 4,6,7,8,9,10,1 10,4 8,13,1 13,1 4 10,6 10,4 13,1 4 13
1 4 6 7 8 9 10 12,0.0270309,23.04,Yes,N/A,N/A,N/A,4,1 4,6,7,8,9,10,1 10,12,1 12,4 10,1 4 10,4 12,1 4 12,6 12
4 6 7 8 9 10 12,0.0130391,29.6545,Yes,N/A,N/A,N/A,4,N/A,6,7,8,9,10,4 7,12,4 9,4 10,6 9,4 12,7 10,6 12
1 4 6 7 8 9 10 12 13,0.0149225,30.6893,Yes,N/A,N/A,N/A,4,1 4,6,7,8,9,10,1 10,12,13,1 13,1 4 10,4 12,4 13,1 4 13
4 6 7 8 9 10 13,0.0100196,32.1496,Yes,N/A,N/A,N/A,4,N/A,6,7,8,9,10,4 7,4 8,13,4 10,6 9,6 10,4 13,8 10
1 4 6 7 8 9 10 11,0.03179,21.4073,Yes,N/A,N/A,N/A,4,1 4,6,7,8,9,10,11,1 11,4 9,4 10,4 11,1 4 11,6 11,7 11
4 6 7 8 9 10 11,0.0148492,28.4058,Yes,N/A,N/A,N/A,4,N/A,6,7,8,9,10,11,4 8,4 9,4 10,4 11,6 10,6 11,7 11
1 4 6 7 8 9 10 11 13,0.0170853,29.0815,Yes,N/A,N/A,N/A,4,1 4,6,7,8,9,10,11,1 11,13,1 13,4 11,1 4 11,4 13,1 4 13
1 4 6 7 8 9 10 11 12,0.0214256,26.4145,Yes,N/A,N/A,N/A,4,1 4,6,7,8,9,10,11,12,1 12,4 10,4 11,4 12,1 4 12,6 12
4 6 7 8 9 10 11 12,0.00939243,34.4476,Yes,N/A,N/A,N/A,4,N/A,6,7,8,9,10,11,12,4 9,4 10,4 11,4 12,6 11,6 12
1 4 6 7 8 9 10 11 12 13,0.0133361,32.9529,Yes,N/A,N/A,N/A,4,1 4,6,7,8,9,10,11,12,13,1 13,4 11,4 12,4 13,1 4 13
4 7 9 11 13,0.00580575,35.2768,Yes,N/A,N/A,N/A,4,N/A,N/A,7,N/A,9,N/A,11,N/A,13,N/A,4 11,7 9,4 13,7 11
4 7 9 11 12 13,0.0035287,43.1621,Yes,N/A,N/A,N/A,4,N/A,N/A,7,N/A,9,N/A,11,12,13,N/A,4 11,4 12,4 13,7 11
4 7 9 10 12 13,0.00523257,38.8062,Yes,N/A,N/A,N/A,4,N/A,N/A,7,N/A,9,10,4 7,12,13,4 10,N/A,4 12,4 13,N/A
4 7 9 10 11 13,0.0052627,39.2322,Yes,N/A,N/A,N/A,4,N/A,N/A,7,N/A,9,10,11,N/A,13,4 10,4 11,7 9,4 13,7 11
4 7 9 10 11 12 13,0.00364538,44.9384,Yes,N/A,N/A,N/A,4,N/A,N/A,7,N/A,9,10,11,12,13,4 10,4 11,4 12,4 13,7 11
4 7 8 10 12 13,0.00589253,37.0359,Yes,N/A,N/A,N/A,4,N/A,N/A,7,8,N/A,10,4 7,12,13,4 10,7 8,4 12,4 13,8 10
4 7 8 10 11 13,0.00597463,36.7362,Yes,N/A,N/A,N/A,4,N/A,N/A,7,8,N/A,10,11,4 8,13,4 10,4 11,N/A,4 13,7 11
4 7 8 10 11 12 13,0.0037137,44.6412,Yes,N/A,N/A,N/A,4,N/A,N/A,7,8,N/A,10,11,12,13,4 10,4 11,4 12,4 13,7 11
4 7 8 9 11 13,0.00630682,37.1158,Yes,N/A,N/A,N/A,4,N/A,N/A,7,8,9,N/A,11,4 8,13,N/A,4 11,7 9,4 13,7 11
4 7 8 9 11 12 13,0.00355716,46.3905,Yes,N/A,N/A,N/A,4,N/A,N/A,7,8,9,N/A,11,12,13,N/A,4 11,4 12,4 13,7 11
4 7 8 9 10 12 13,0.00542832,39.3158,Yes,N/A,N/A,N/A,4,N/A,N/A,7,8,9,10,4 7,12,13,4 10,7 8,4 12,4 13,8 10
4 7 8 9 10 11 13,0.00602141,38.0427,Yes,N/A,N/A,N/A,4,N/A,N/A,7,8,9,10,11,4 8,13,4 10,4 11,7 9,4 13,7 11
4 7 8 9 10 11 12 13,0.00402495,45.0113,Yes,N/A,N/A,N/A,4,N/A,N/A,7,8,9,10,11,12,13,4 10,4 11,4 12,4 13,7 11
1 4 5,0.146476,7.20293,Yes,N/A,N/A,N/A,4,5,1 5,N/A,N/A,4 5,1 4 5,N/A,N/A,N/A,N/A,N/A,N/A,N/A,N/A
4 5,0.116512,7.76042,Yes,N/A,N/A,N/A,4,5,N/A,N/A,N/A,4 5,N/A,N/A,N/A,N/A,N/A,N/A,N/A,N/A,N/A
1 4 5 13,0.0466232,16.7047,Yes,N/A,N/A,N/A,4,5,1 5,N/A,N/A,4 5,1 4 5,N/A,N/A,13,1 13,N/A,N/A,4 13,5 13
1 4 5 12,0.0606835,14.6381,Yes,N/A,N/A,N/A,4,5,1 5,N/A,N/A,4 5,1 4 5,N/A,12,1 12,N/A,N/A,4 12,5 12,1 5 12
4 5 12,0.0289888,17.3072,Yes,N/A,N/A,N/A,4,5,N/A,N/A,N/A,4 5,N/A,N/A,12,N/A,N/A,N/A,4 12,5 12,N/A
1 4 5 12 13,0.0212857,24.73,Yes,N/A,N/A,N/A,4,5,1 5,N/A,N/A,4 5,1 4 5,N/A,12,13,1 13,N/A,4 12,4 13,5 13
4 5 13,0.0236304,18.8464,Yes,N/A,N/A,N/A,4,5,N/A,N/A,N/A,4 5,N/A,N/A,N/A,13,N/A,N/A,N/A,4 13,5 13
1 4 5 11,0.0707251,12.811,Yes,N/A,N/A,N/A,4,5,1 5,N/A,N/A,4 5,1 4 5,11,1 11,N/A,N/A,4 11,5 11,1 5 11,N/A
4 5 11,0.0325682,15.8402,Yes,N/A,N/A,N/A,4,5,N/A,N/A,N/A,4 5,N/A,11,N/A,N/A,N/A,4 11,5 11,N/A,N/A
1 4 5 11 13,0.0290992,20.691,Yes,N/A,N/A,N/A,4,5,1 5,N/A,N/A,4 5,1 4 5,11,1 11,13,1 13,4 11,5 11,4 13,5 13
1 4 5 11 12,0.032373,20.6811,Yes,N/A,N/A,N/A,4,5,1 5,N/A,N/A,4 5,1 4 5,11,12,1 12,N/A,4 11,4 12,5 12,1 5 12
4 5 11 12,0.0140336,24.9678,Yes,N/A,N/A,N/A,4,5,N/A,N/A,N/A,4 5,N/A,11,12,N/A,N/A,4 11,4 12,5 12,N/A
1 4 5 11 12 13,0.0149204,29.5093,Yes,N/A,N/A,N/A,4,5,1 5,N/A,N/A,4 5,1 4 5,11,12,13,1 13,4 11,4 12,4 13,5 13
4 5 12 13,0.00920627,28.0502,Yes,N/A,N/A,N/A,4,5,N/A,N/A,N/A,4 5,N/A,N/A,12,13,N/A,N/A,4 12,4 13,5 13
1 4 5 10,0.0611229,12.6039,Yes,N/A,N/A,N/A,4,5,1 5,N/A,N/A,4 5,10,1 10,N/A,N/A,4 10,5 10,1 5 10,N/A,N/A
4 5 10,0.0343686,14.4418,Yes,N/A,N/A,N/A,4,5,N/A,N/A,N/A,4 5,10,N/A,N/A,N/A,4 10,5 10,N/A,N/A,N/A
1 4 5 10 13,0.0264355,21.5179,Yes,N/A,N/A,N/A,4,5,1 5,N/A,N/A,4 5,10,1 10,N/A,13,1 13,5 10,1 5 10,4 13,5 13
1 4 5 10 12,0.0369114,18.1442,Yes,N/A,N/A,N/A,4,5,1 5,N/A,N/A,4 5,10,1 10,12,1 12,4 10,5 10,4 12,5 12,1 5 12
4 5 10 12,0.0171914,22.9467,Yes,N/A,N/A,N/A,4,5,N/A,N/A,N/A,4 5,10,N/A,12,N/A,4 10,5 10,4 12,5 12,N/A
1 4 5 10 12 13,0.0166877,28.017,Yes,N/A,N/A,N/A,4,5,1 5,N/A,N/A,4 5,10,1 10,12,13,1 13,5 10,4 12,4 13,5 13
4 5 10 13,0.0123189,24.7074,Yes,N/A,N/A,N/A,4,5,N/A,N/A,N/A,4 5,10,N/A,N/A,13,4 10,5 10,N/A,4 13,5 13
1 4 5 10 11,0.0373946,18.8744,Yes,N/A,N/A,N/A,4,5,1 5,N/A,N/A,4 5,10,11,1 11,N/A,4 10,4 11,5 11,1 5 11,N/A
4 5 10 11,0.0200189,22.088,Yes,N/A,N/A,N/A,4,5,N/A,N/A,N/A,4 5,10,11,N/A,N/A,4 10,4 11,5 11,N/A,N/A
1 4 5 10 11 13,0.0193702,26.5011,Yes,N/A,N/A,N/A,4,5,1 5,N/A,N/A,4 5,10,11,1 11,13,1 13,4 11,5 11,4 13,5 13
1 4 5 10 11 12,0.0233828,25.3361,Yes,N/A,N/A,N/A,4,5,1 5,N/A,N/A,4 5,10,11,12,1 12,4 10,4 11,4 12,5 12,1 5 12
4 5 10 11 12,0.0105986,29.9796,Yes,N/A,N/A,N/A,4,5,N/A,N/A,N/A,4 5,10,11,12,N/A,4 10,4 11,4 12,5 12,N/A
1 4 5 10 11 12 13,0.0123686,34.5077,Yes,N/A,N/A,N/A,4,5,1 5,N/A,N/A,4 5,10,11,12,13,1 13,4 11,4 12,4 13,5 13
4 5 11 13,0.011065,26.2078,Yes,N/A,N/A,N/A,4,5,N/A,N/A,N/A,4 5,N/A,11,N/A,13,N/A,4 11,5 11,4 13,5 13
4 5 11 12 13,0.00577922,34.8405,Yes,N/A,N/A,N/A,4,5,N/A,N/A,N/A,4 5,N/A,11,12,13,N/A,4 11,4 12,4 13,5 13
1 4 5 9,0.0483557,12.3777,Yes,N/A,N/A,N/A,4,5,1 5,N/A,N/A,9,1 9,N/A,N/A,4 9,5 9,1 5 9,N/A,N/A,4 5 9
4 5 9,0.0256237,14.1869,Yes,N/A,N/A,N/A,4,5,N/A,N/A,N/A,9,N/A,N/A,N/A,4 9,5 9,N/A,N/A,N/A,4 5 9
1 4 5 9 13,0.0187211,23.377,Yes,N/A,N/A,N/A,4,5,1 5,N/A,N/A,9,1 9,N/A,N/A,13,1 13,1 5 9,N/A,4 13,5 13
1 4 5 9 12,0.0292063,19.5619,Yes,N/A,N/A,N/A,4,5,1 5,N/A,N/A,9,1 9,N/A,12,1 12,5 9,1 5 9,4 12,5 12,1 5 12
4 5 9 12,0.0156207,22.8985,Yes,N/A,N/A,N/A,4,5,N/A,N/A,N/A,9,N/A,N/A,12,4 9,5 9,N/A,4 12,5 12,4 5 9
1 4 5 9 12 13,0.0124316,30.3545,Yes,N/A,N/A,N/A,4,5,1 5,N/A,N/A,9,1 9,N/A,12,13,1 13,1 5 9,4 12,4 13,5 13
4 5 9 13,0.00850343,26.1801,Yes,N/A,N/A,N/A,4,5,N/A,N/A,N/A,9,N/A,N/A,N/A,13,5 9,N/A,N/A,4 13,5 13
1 4 5 9 11,0.040679,16.2779,Yes,N/A,N/A,N/A,4,5,1 5,N/A,N/A,9,1 9,11,1 11,4 9,5 9,4 11,5 11,1 5 11,4 5 9
4 5 9 11,0.0220559,21.2437,Yes,N/A,N/A,N/A,4,5,N/A,N/A,N/A,9,N/A,11,N/A,4 9,5 9,4 11,5 11,N/A,4 5 9
1 4 5 9 11 13,0.0175824,26.3172,Yes,N/A,N/A,N/A,4,5,1 5,N/A,N/A,9,1 9,11,1 11,13,1 13,4 11,5 11,4 13,5 13
1 4 5 9 11 12,0.0240949,24.3343,Yes,N/A,N/A,N/A,4,5,1 5,N/A,N/A,9,1 9,11,12,1 12,5 9,4 11,4 12,5 12,1 5 12
4 5 9 11 12,0.0115656,29.2143,Yes,N/A,N/A,N/A,4,5,N/A,N/A,N/A,9,N/A,11,12,4 9,5 9,4 11,4 12,5 12,4 5 9
1 4 5 9 11 12 13,0.01149,34.0731,Yes,N/A,N/A,N/A,4,5,1 5,N/A,N/A,9,1 9,11,12,13,1 13,4 11,4 12,4 13,5 13
4 5 9 12 13,0.00540859,34.7157,Yes,N/A,N/A,N/A,4,5,N/A,N/A,N/A,9,N/A,N/A,12,13,5 9,N/A,4 12,4 13,5 13
1 4 5 9 10,0.0392794,17.5899,Yes,N/A,N/A,N/A,4,5,1 5,N/A,N/A,9,10,1 10,N/A,4 9,4 10,5 10,1 5 10,N/A,4 5 9
4 5 9 10,0.0244333,20.8031,Yes,N/A,N/A,N/A,4,5,N/A,N/A,N/A,9,10,N/A,N/A,4 9,4 10,5 10,N/A,N/A,4 5 9
1 4 5 9 10 13,0.0156611,28.2493,Yes,N/A,N/A,N/A,4,5,1 5,N/A,N/A,9,10,1 10,N/A,13,1 13,5 10,1 5 10,4 13,5 13
1 4 5 9 10 12,0.026126,23.4156,Yes,N/A,N/A,N/A,4,5,1 5,N/A,N/A,9,10,1 10,12,1 12,4 10,5 10,4 12,5 12,1 5 12
4 5 9 10 12,0.0134682,28.245,Yes,N/A,N/A,N/A,4,5,N/A,N/A,N/A,9,10,N/A,12,4 9,4 10,5 10,4 12,5 12,4 5 9
1 4 5 9 10 12 13,0.0119409,33.6893,Yes,N/A,N/A,N/A,4,5,1 5,N/A,N/A,9,10,1 10,12,13,1 13,5 10,4 12,4 13,5 13
4 5 9 10 13,0.00765996,32.32,Yes,N/A,N/A,N/A,4,5,N/A,N/A,N/A,9,10,N/A,N/A,13,4 10,5 10,N/A,4 13,5 13
1 4 5 9 10 11,0.0310907,22.2554,Yes,N/A,N/A,N/A,4,5,1 5,N/A,N/A,9,10,11,1 11,4 9,4 10,4 11,5 11,1 5 11,4 5 9
4 5 9 10 11,0.0154582,27.3672,Yes,N/A,N/A,N/A,4,5,N/A,N/A,N/A,9,10,11,N/A,4 9,4 10,4 11,5 11,N/A,4 5 9
1 4 5 9 10 11 13,0.0142549,32.0897,Yes,N/A,N/A,N/A,4,5,1 5,N/A,N/A,9,10,11,1 11,13,1 13,4 11,5 11,4 13,5 13
1 4 5 9 10 11 12,0.0199603,29.468,Yes,N/A,N/A,N/A,4,5,1 5,N/A,N/A,9,10,11,12,1 12,4 10,4 11,4 12,5 12,1 5 12
4 5 9 10 11 12,0.00941633,33.812,Yes,N/A,N/A,N/A,4,5,N/A,N/A,N/A,9,10,11,12,4 9,4 10,4 11,4 12,5 12,4 5 9
1 4 5 9 10 11 12 13,0.0104843,39.0242,Yes,N/A,N/A,N/A,4,5,1 5,N/A,N/A,9,10,11,12,13,1 13,4 11,4 12,4 13,5 13
4 5 10 12 13,0.00704955,32.5756,Yes,N/A,N/A,N/A,4,5,N/A,N/A,N/A,4 5,10,N/A,12,13,4 10,5 10,4 12,4 13,5 13
4 5 10 11 13,0.00839723,31.3758,Yes,N/A,N/A,N/A,4,5,N/A,N/A,N/A,4 5,10,11,N/A,13,4 10,4 11,5 11,4 13,5 13
4 5 10 11 12 13,0.00523148,38.3788,Yes,N/A,N/A,N/A,4,5,N/A,N/A,N/A,4 5,10,11,12,13,4 10,4 11,4 12,4 13,5 13
1 4 5 8,0.0669957,9.62704,Yes,N/A,N/A,N/A,4,5,1 5,N/A,8,1 8,1 4 5,N/A,4 8,5 8,1 5 8,N/A,N/A,4 5 8,1 4 5 8
4 5 8,0.0457497,11.7723,Yes,N/A,N/A,N/A,4,5,N/A,N/A,8,4 5,N/A,N/A,4 8,5 8,N/A,N/A,N/A,4 5 8,N/A
1 4 5 8 13,0.0255419,20.1701,Yes,N/A,N/A,N/A,4,5,1 5,N/A,8,1 8,1 4 5,N/A,4 8,13,1 13,N/A,N/A,4 13,5 13
1 4 5 8 12,0.0340811,18.3645,Yes,N/A,N/A,N/A,4,5,1 5,N/A,8,1 8,1 4 5,N/A,12,1 12,1 5 8,N/A,4 12,5 12,1 5 12
4 5 8 12,0.0191514,21.9833,Yes,N/A,N/A,N/A,4,5,N/A,N/A,8,4 5,N/A,N/A,12,5 8,N/A,N/A,4 12,5 12,N/A
1 4 5 8 12 13,0.0137555,29.0295,Yes,N/A,N/A,N/A,4,5,1 5,N/A,8,1 8,1 4 5,N/A,12,13,1 13,N/A,4 12,4 13,5 13
4 5 8 13,0.0129556,23.5646,Yes,N/A,N/A,N/A,4,5,N/A,N/A,8,4 5,N/A,N/A,4 8,13,N/A,N/A,N/A,4 13,5 13
1 4 5 8 11,0.0501253,14.2059,Yes,N/A,N/A,N/A,4,5,1 5,N/A,8,1 8,1 4 5,11,1 11,5 8,1 5 8,4 11,5 11,1 5 11,1 4 5 8
4 5 8 11,0.0318555,18.4191,Yes,N/A,N/A,N/A,4,5,N/A,N/A,8,4 5,N/A,11,4 8,5 8,N/A,4 11,5 11,4 5 8,N/A
1 4 5 8 11 13,0.0214586,23.6417,Yes,N/A,N/A,N/A,4,5,1 5,N/A,8,1 8,1 4 5,11,1 11,13,1 13,4 11,5 11,4 13,5 13
1 4 5 8 11 12,0.0263972,22.4295,Yes,N/A,N/A,N/A,4,5,1 5,N/A,8,1 8,1 4 5,11,12,1 12,1 5 8,4 11,4 12,5 12,1 5 12
4 5 8 11 12,0.0133985,28.2659,Yes,N/A,N/A,N/A,4,5,N/A,N/A,8,4 5,N/A,11,12,5 8,N/A,4 11,4 12,5 12,N/A
1 4 5 8 11 12 13,0.0123473,31.7985,Yes,N/A,N/A,N/A,4,5,1 5,N/A,8,1 8,1 4 5,11,12,13,1 13,4 11,4 12,4 13,5 13
4 5 8 12 13,0.0060745,33.7015,Yes,N/A,N/A,N/A,4,5,N/A,N/A,8,4 5,N/A,N/A,12,13,N/A,N/A,4 12,4 13,5 13
1 4 5 8 10,0.0615029,12.7382,Yes,N/A,N/A,N/A,4,5,1 5,N/A,8,1 8,10,1 10,4 8,5 8,4 10,5 10,1 5 10,4 5 8,8 10
4 5 8 10,0.0422507,16.7649,Yes,N/A,N/A,N/A,4,5,N/A,N/A,8,4 5,10,N/A,4 8,5 8,4 10,5 10,N/A,4 5 8,8 10
1 4 5 8 10 13,0.0259235,22.1356,Yes,N/A,N/A,N/A,4,5,1 5,N/A,8,1 8,10,1 10,4 8,13,1 13,5 10,1 5 10,4 13,5 13
1 4 5 8 10 12,0.0334577,20.3341,Yes,N/A,N/A,N/A,4,5,1 5,N/A,8,1 8,10,1 10,12,1 12,4 10,5 10,4 12,5 12,1 5 12
4 5 8 10 12,0.0174721,25.8575,Yes,N/A,N/A,N/A,4,5,N/A,N/A,8,4 5,10,N/A,12,5 8,4 10,5 10,4 12,5 12,8 10
1 4 5 8 10 12 13,0.0150551,29.9194,Yes,N/A,N/A,N/A,4,5,1 5,N/A,8,1 8,10,1 10,12,13,1 13,5 10,4 12,4 13,5 13
4 5 8 10 13,0.0124774,27.8671,Yes,N/A,N/A,N/A,4,5,N/A,N/A,8,4 5,10,N/A,4 8,13,4 10,5 10,N/A,4 13,5 13
1 4 5 8 10 11,0.0428354,18.4889,Yes,N/A,N/A,N/A,4,5,1 5,N/A,8,1 8,10,11,1 11,5 8,4 10,4 11,5 11,1 5 11,8 10
4 5 8 10 11,0.0242133,22.371,Yes,N/A,N/A,N/A,4,5,N/A,N/A,8,4 5,10,11,4 8,5 8,4 10,4 11,5 11,4 5 8,8 10
1 4 5 8 10 11 13,0.0197974,27.1258,Yes,N/A,N/A,N/A,4,5,1 5,N/A,8,1 8,10,11,1 11,13,1 13,4 11,5 11,4 13,5 13
1 4 5 8 10 11 12,0.0244885,25.5767,Yes,N/A,N/A,N/A,4,5,1 5,N/A,8,1 8,10,11,12,1 12,4 10,4 11,4 12,5 12,1 5 12
4 5 8 10 11 12,0.0121235,30.7869,Yes,N/A,N/A,N/A,4,5,N/A,N/A,8,4 5,10,11,12,5 8,4 10,4 11,4 12,5 12,8 10
1 4 5 8 10 11 12 13,0.0127551,34.1515,Yes,N/A,N/A,N/A,4,5,1 5,N/A,8,1 8,10,11,12,13,1 13,4 11,4 12,4 13,5 13
4 5 8 11 13,0.00993479,29.5515,Yes,N/A,N/A,N/A,4,5,N/A,N/A,8,4 5,N/A,11,4 8,13,N/A,4 11,5 11,4 13,5 13
4 5 8 11 12 13,0.00495945,39.316,Yes,N/A,N/A,N/A,4,5,N/A,N/A,8,4 5,N/A,11,12,13,N/A,4 11,4 12,4 13,5 13
1 4 5 8 9,0.058936,14.4688,Yes,N/A,N/A,N/A,4,5,1 5,N/A,8,9,1 9,N/A,4 8,4 9,5 9,1 5 9,N/A,8 9,1 8 9
4 5 8 9,0.0386818,18.1964,Yes,N/A,N/A,N/A,4,5,N/A,N/A,8,9,N/A,N/A,4 8,4 9,5 9,N/A,N/A,8 9,4 5 9
1 4 5 8 9 13,0.0214862,25.2144,Yes,N/A,N/A,N/A,4,5,1 5,N/A,8,9,1 9,N/A,4 8,13,1 13,1 5 9,N/A,4 13,5 13
1 4 5 8 9 12,0.0282974,22.9786,Yes,N/A,N/A,N/A,4,5,1 5,N/A,8,9,1 9,N/A,12,1 12,5 9,1 5 9,4 12,5 12,1 5 12
4 5 8 9 12,0.0146514,28.0029,Yes,N/A,N/A,N/A,4,5,N/A,N/A,8,9,N/A,N/A,12,4 9,5 9,N/A,4 12,5 12,4 5 9
1 4 5 8 9 12 13,0.0118524,33.6844,Yes,N/A,N/A,N/A,4,5,1 5,N/A,8,9,1 9,N/A,12,13,1 13,1 5 9,4 12,4 13,5 13
4 5 8 9 13,0.0110075,29.943,Yes,N/A,N/A,N/A,4,5,N/A,N/A,8,9,N/A,N/A,4 8,13,5 9,N/A,N/A,4 13,5 13
1 4 5 8 9 11,0.0447014,17.8463,Yes,N/A,N/A,N/A,4,5,1 5,N/A,8,9,1 9,11,1 11,4 9,5 9,4 11,5 11,1 5 11,1 8 9
4 5 8 9 11,0.0240067,23.5074,Yes,N/A,N/A,N/A,4,5,N/A,N/A,8,9,N/A,11,4 8,4 9,5 9,4 11,5 11,8 9,4 5 9
1 4 5 8 9 11 13,0.0188676,27.659,Yes,N/A,N/A,N/A,4,5,1 5,N/A,8,9,1 9,11,1 11,13,1 13,4 11,5 11,4 13,5 13
1 4 5 8 9 11 12,0.0244687,25.5654,Yes,N/A,N/A,N/A,4,5,1 5,N/A,8,9,1 9,11,12,1 12,5 9,4 11,4 12,5 12,1 5 12
4 5 8 9 11 12,0.0110955,32.7719,Yes,N/A,N/A,N/A,4,5,N/A,N/A,8,9,N/A,11,12,4 9,5 9,4 11,4 12,5 12,4 5 9
1 4 5 8 9 11 12 13,0.0118592,35.048,Yes,N/A,N/A,N/A,4,5,1 5,N/A,8,9,1 9,11,12,13,1 13,4 11,4 12,4 13,5 13
4 5 8 9 12 13,0.00510097,39.7662,Yes,N/A,N/A,N/A,4,5,N/A,N/A,8,9,N/A,N/A,12,13,5 9,N/A,4 12,4 13,5 13
1 4 5 8 9 10,0.0492185,17.2574,Yes,N/A,N/A,N/A,4,5,1 5,N/A,8,9,10,1 10,4 8,4 9,4 10,5 10,1 5 10,8 9,8 10
4 5 8 9 10,0.0255261,23.1198,Yes,N/A,N/A,N/A,4,5,N/A,N/A,8,9,10,N/A,4 8,4 9,4 10,5 10,N/A,8 9,8 10
1 4 5 8 9 10 13,0.020799,27.1046,Yes,N/A,N/A,N/A,4,5,1 5,N/A,8,9,10,1 10,4 8,13,1 13,5 10,1 5 10,4 13,5 13
1 4 5 8 9 10 12,0.0267793,24.7624,Yes,N/A,N/A,N/A,4,5,1 5,N/A,8,9,10,1 10,12,1 12,4 10,5 10,4 12,5 12,1 5 12
4 5 8 9 10 12,0.0125377,31.6707,Yes,N/A,N/A,N/A,4,5,N/A,N/A,8,9,10,N/A,12,4 9,4 10,5 10,4 12,5 12,8 10
1 4 5 8 9 10 12 13,0.0129714,34.4444,Yes,N/A,N/A,N/A,4,5,1 5,N/A,8,9,10,1 10,12,13,1 13,5 10,4 12,4 13,5 13
4 5 8 9 10 13,0.00902385,34.2756,Yes,N/A,N/A,N/A,4,5,N/A,N/A,8,9,10,N/A,4 8,13,4 10,5 10,N/A,4 13,5 13
1 4 5 8 9 10 11,0.0352257,21.9748,Yes,N/A,N/A,N/A,4,5,1 5,N/A,8,9,10,11,1 11,4 9,4 10,4 11,5 11,1 5 11,8 10
4 5 8 9 10 11,0.0174473,27.2699,Yes,N/A,N/A,N/A,4,5,N/A,N/A,8,9,10,11,4 8,4 9,4 10,4 11,5 11,8 9,8 10
1 4 5 8 9 10 11 13,0.0169732,31.2442,Yes,N/A,N/A,N/A,4,5,1 5,N/A,8,9,10,11,1 11,13,1 13,4 11,5 11,4 13,5 13
1 4 5 8 9 10 11 12,0.0218129,28.708,Yes,N/A,N/A,N/A,4,5,1 5,N/A,8,9,10,11,12,1 12,4 10,4 11,4 12,5 12,1 5 12
4 5 8 9 10 11 12,0.00996353,34.9414,Yes,N/A,N/A,N/A,4,5,N/A,N/A,8,9,10,11,12,4 9,4 10,4 11,4 12,5 12,8 10
1 4 5 8 9 10 11 12 13,0.0120834,37.4517,Yes,N/A,N/A,N/A,4,5,1 5,N/A,8,9,10,11,12,13,1 13,4 11,4 12,4 13,5 13
4 5 9 11 13,0.00744245,32.6289,Yes,N/A,N/A,N/A,4,5,N/A,N/A,N/A,9,N/A,11,N/A,13,5 9,4 11,5 11,4 13,5 13
4 5 9 11 12 13,0.00476581,40.2716,Yes,N/A,N/A,N/A,4,5,N/A,N/A,N/A,9,N/A,11,12,13,5 9,4 11,4 12,4 13,5 13
4 5 9 10 12 13,0.00521064,39.3811,Yes,N/A,N/A,N/A,4,5,N/A,N/A,N/A,9,10,N/A,12,13,4 10,5 10,4 12,4 13,5 13
4 5 9 10 11 13,0.00620531,38.0743,Yes,N/A,N/A,N/A,4,5,N/A,N/A,N/A,9,10,11,N/A,13,4 10,4 11,5 11,4 13,5 13
4 5 9 10 11 12 13,0.00450936,43.9066,Yes,N/A,N/A,N/A,4,5,N/A,N/A,N/A,9,10,11,12,13,4 10,4 11,4 12,4 13,5 13
1 4 5 7,0.0841424,7.38494,Yes,N/A,N/A,N/A,4,5,1 5,7,1 7,4 5,1 4 5,4 7,5 7,1 5 7,N/A,N/A,4 5 7,1 4 5 7,N/A
4 5 7,0.0541731,10.8215,Yes,N/A,N/A,N/A,4,5,N/A,7,N/A,4 5,N/A,4 7,5 7,N/A,N/A,N/A,4 5 7,N/A,N/A
1 4 5 7 13,0.0341974,16.1384,Yes,N/A,N/A,N/A,4,5,1 5,7,1 7,4 5,1 4 5,4 7,5 7,13,1 13,N/A,4 5 7,4 13,5 13
1 4 5 7 12,0.0412091,15.7862,Yes,N/A,N/A,N/A,4,5,1 5,7,1 7,4 5,1 4 5,4 7,12,1 12,N/A,N/A,4 12,5 12,1 5 12
4 5 7 12,0.0189296,21.275,Yes,N/A,N/A,N/A,4,5,N/A,7,N/A,4 5,N/A,4 7,12,N/A,N/A,N/A,4 12,5 12,N/A
1 4 5 7 12 13,0.0177203,24.6095,Yes,N/A,N/A,N/A,4,5,1 5,7,1 7,4 5,1 4 5,4 7,12,13,1 13,N/A,4 12,4 13,5 13
4 5 7 13,0.0176755,20.9364,Yes,N/A,N/A,N/A,4,5,N/A,7,N/A,4 5,N/A,4 7,5 7,13,N/A,N/A,4 5 7,4 13,5 13
1 4 5 7 11,0.0531281,13.886,Yes,N/A,N/A,N/A,4,5,1 5,7,1 7,4 5,1 4 5,11,1 11,1 5 7,N/A,4 11,5 11,1 5 11,7 11
4 5 7 11,0.0280564,19.5596,Yes,N/A,N/A,N/A,4,5,N/A,7,N/A,4 5,N/A,11,5 7,N/A,N/A,4 11,5 11,N/A,7 11
1 4 5 7 11 13,0.0244377,21.5008,Yes,N/A,N/A,N/A,4,5,1 5,7,1 7,4 5,1 4 5,11,1 11,13,1 13,4 11,5 11,4 13,5 13
1 4 5 7 11 12,0.0258551,22.2594,Yes,N/A,N/A,N/A,4,5,1 5,7,1 7,4 5,1 4 5,11,12,1 12,N/A,4 11,4 12,5 12,1 5 12
4 5 7 11 12,0.00997324,29.8435,Yes,N/A,N/A,N/A,4,5,N/A,7,N/A,4 5,N/A,11,12,N/A,N/A,4 11,4 12,5 12,7 11
1 4 5 7 11 12 13,0.0130804,29.7418,Yes,N/A,N/A,N/A,4,5,1 5,7,1 7,4 5,1 4 5,11,12,13,1 13,4 11,4 12,4 13,5 13
4 5 7 12 13,0.00719868,31.1834,Yes,N/A,N/A,N/A,4,5,N/A,7,N/A,4 5,N/A,4 7,12,13,N/A,N/A,4 12,4 13,5 13
1 4 5 7 10,0.0726746,11.166,Yes,N/A,N/A,N/A,4,5,1 5,7,1 7,4 5,10,1 10,5 7,1 5 7,4 10,5 10,1 5 10,7 10,1 7 10
4 5 7 10,0.0488308,15.6857,Yes,N/A,N/A,N/A,4,5,N/A,7,N/A,4 5,10,4 7,5 7,N/A,4 10,5 10,4 5 7,7 10,N/A
1 4 5 7 10 13,0.0313547,19.5748,Yes,N/A,N/A,N/A,4,5,1 5,7,1 7,4 5,10,1 10,5 7,13,1 13,5 10,1 5 10,4 13,5 13
1 4 5 7 10 12,0.0381628,18.1977,Yes,N/A,N/A,N/A,4,5,1 5,7,1 7,4 5,10,1 10,12,1 12,4 10,5 10,4 12,5 12,1 5 12
4 5 7 10 12,0.0172848,25.4086,Yes,N/A,N/A,N/A,4,5,N/A,7,N/A,4 5,10,4 7,12,N/A,4 10,5 10,4 12,5 12,N/A
1 4 5 7 10 12 13,0.0178625,26.7168,Yes,N/A,N/A,N/A,4,5,1 5,7,1 7,4 5,10,1 10,12,13,1 13,5 10,4 12,4 13,5 13
4 5 7 10 13,0.0171599,24.6766,Yes,N/A,N/A,N/A,4,5,N/A,7,N/A,4 5,10,4 7,5 7,13,4 10,5 10,4 5 7,4 13,5 13
1 4 5 7 10 11,0.0441687,17.3209,Yes,N/A,N/A,N/A,4,5,1 5,7,1 7,4 5,10,11,1 11,1 5 7,4 10,4 11,5 11,1 5 11,7 11
4 5 7 10 11,0.0223396,23.928,Yes,N/A,N/A,N/A,4,5,N/A,7,N/A,4 5,10,11,5 7,N/A,4 10,4 11,5 11,7 10,7 11
1 4 5 7 10 11 13,0.0220074,24.6743,Yes,N/A,N/A,N/A,4,5,1 5,7,1 7,4 5,10,11,1 11,13,1 13,4 11,5 11,4 13,5 13
1 4 5 7 10 11 12,0.0245833,24.2208,Yes,N/A,N/A,N/A,4,5,1 5,7,1 7,4 5,10,11,12,1 12,4 10,4 11,4 12,5 12,1 5 12
4 5 7 10 11 12,0.00927628,33.5475,Yes,N/A,N/A,N/A,4,5,N/A,7,N/A,4 5,10,11,12,N/A,4 10,4 11,4 12,5 12,7 11
1 4 5 7 10 11 12 13,0.0134199,31.7457,Yes,N/A,N/A,N/A,4,5,1 5,7,1 7,4 5,10,11,12,13,1 13,4 11,4 12,4 13,5 13
4 5 7 11 13,0.0107663,29.0498,Yes,N/A,N/A,N/A,4,5,N/A,7,N/A,4 5,N/A,11,5 7,13,N/A,4 11,5 11,4 13,5 13
4 5 7 11 12 13,0.00467274,39.099,Yes,N/A,N/A,N/A,4,5,N/A,7,N/A,4 5,N/A,11,12,13,N/A,4 11,4 12,4 13,5 13
1 4 5 7 9,0.0836083,10.1585,Yes,N/A,N/A,N/A,4,5,1 5,7,1 7,9,1 9,4 7,5 7,4 9,5 9,1 5 9,7 9,1 7 9,4 5 9
4 5 7 9,0.0549236,15.7501,Yes,N/A,N/A,N/A,4,5,N/A,7,N/A,9,N/A,4 7,5 7,4 9,5 9,N/A,7 9,N/A,4 5 9
1 4 5 7 9 13,0.0320316,19.5565,Yes,N/A,N/A,N/A,4,5,1 5,7,1 7,9,1 9,4 7,5 7,13,1 13,1 5 9,7 9,4 13,5 13
1 4 5 7 9 12,0.0424283,17.5448,Yes,N/A,N/A,N/A,4,5,1 5,7,1 7,9,1 9,4 7,12,1 12,5 9,1 5 9,4 12,5 12,1 5 12
4 5 7 9 12,0.0186717,25.5212,Yes,N/A,N/A,N/A,4,5,N/A,7,N/A,9,N/A,4 7,12,4 9,5 9,N/A,4 12,5 12,4 5 9
1 4 5 7 9 12 13,0.0179473,26.9265,Yes,N/A,N/A,N/A,4,5,1 5,7,1 7,9,1 9,4 7,12,13,1 13,1 5 9,4 12,4 13,5 13
4 5 7 9 13,0.015384,26.7446,Yes,N/A,N/A,N/A,4,5,N/A,7,N/A,9,N/A,4 7,5 7,13,5 9,N/A,7 9,4 13,5 13
1 4 5 7 9 11,0.050403,15.9863,Yes,N/A,N/A,N/A,4,5,1 5,7,1 7,9,1 9,11,1 11,4 9,5 9,4 11,5 11,1 5 11,7 11
4 5 7 9 11,0.0246523,23.5262,Yes,N/A,N/A,N/A,4,5,N/A,7,N/A,9,N/A,11,5 7,4 9,5 9,4 11,5 11,N/A,7 11
1 4 5 7 9 11 13,0.0227065,24.6045,Yes,N/A,N/A,N/A,4,5,1 5,7,1 7,9,1 9,11,1 11,13,1 13,4 11,5 11,4 13,5 13
1 4 5 7 9 11 12,0.0267807,23.3215,Yes,N/A,N/A,N/A,4,5,1 5,7,1 7,9,1 9,11,12,1 12,5 9,4 11,4 12,5 12,1 5 12
4 5 7 9 11 12,0.0101953,33.0312,Yes,N/A,N/A,N/A,4,5,N/A,7,N/A,9,N/A,11,12,4 9,5 9,4 11,4 12,5 12,7 11
1 4 5 7 9 11 12 13,0.0136124,31.6339,Yes,N/A,N/A,N/A,4,5,1 5,7,1 7,9,1 9,11,12,13,1 13,4 11,4 12,4 13,5 13
4 5 7 9 12 13,0.00718874,36.3151,Yes,N/A,N/A,N/A,4,5,N/A,7,N/A,9,N/A,4 7,12,13,5 9,N/A,4 12,4 13,5 13
1 4 5 7 9 10,0.0619935,14.3446,Yes,N/A,N/A,N/A,4,5,1 5,7,1 7,9,10,1 10,5 7,4 9,4 10,5 10,1 5 10,7 10,1 7 10
4 5 7 9 10,0.0337522,19.8497,Yes,N/A,N/A,N/A,4,5,N/A,7,N/A,9,10,4 7,5 7,4 9,4 10,5 10,7 9,7 10,4 5 9
1 4 5 7 9 10 13,0.0261756,23.599,Yes,N/A,N/A,N/A,4,5,1 5,7,1 7,9,10,1 10,5 7,13,1 13,5 10,1 5 10,4 13,5 13
1 4 5 7 9 10 12,0.0337842,20.87,Yes,N/A,N/A,N/A,4,5,1 5,7,1 7,9,10,1 10,12,1 12,4 10,5 10,4 12,5 12,1 5 12
4 5 7 9 10 12,0.0145721,28.8423,Yes,N/A,N/A,N/A,4,5,N/A,7,N/A,9,10,4 7,12,4 9,4 10,5 10,4 12,5 12,4 5 9
1 4 5 7 9 10 12 13,0.0165815,29.6993,Yes,N/A,N/A,N/A,4,5,1 5,7,1 7,9,10,1 10,12,13,1 13,5 10,4 12,4 13,5 13
4 5 7 9 10 13,0.0126037,30.0707,Yes,N/A,N/A,N/A,4,5,N/A,7,N/A,9,10,4 7,5 7,13,4 10,5 10,7 9,4 13,5 13
1 4 5 7 9 10 11,0.0393086,19.3693,Yes,N/A,N/A,N/A,4,5,1 5,7,1 7,9,10,11,1 11,4 9,4 10,4 11,5 11,1 5 11,7 11
4 5 7 9 10 11,0.0188151,27.0125,Yes,N/A,N/A,N/A,4,5,N/A,7,N/A,9,10,11,5 7,4 9,4 10,4 11,5 11,7 10,7 11
1 4 5 7 9 10 11 13,0.0198578,27.5905,Yes,N/A,N/A,N/A,4,5,1 5,7,1 7,9,10,11,1 11,13,1 13,4 11,5 11,4 13,5 13
1 4 5 7 9 10 11 12,0.0240271,25.3997,Yes,N/A,N/A,N/A,4,5,1 5,7,1 7,9,10,11,12,1 12,4 10,4 11,4 12,5 12,1 5 12
4 5 7 9 10 11 12,0.00919383,35.8505,Yes,N/A,N/A,N/A,4,5,N/A,7,N/A,9,10,11,12,4 9,4 10,4 11,4 12,5 12,7 11
1 4 5 7 9 10 11 12 13,0.0136143,33.2066,Yes,N/A,N/A,N/A,4,5,1 5,7,1 7,9,10,11,12,13,1 13,4 11,4 12,4 13,5 13
4 5 7 10 12 13,0.00773185,33.6917,Yes,N/A,N/A,N/A,4,5,N/A,7,N/A,4 5,10,4 7,12,13,4 10,5 10,4 12,4 13,5 13
4 5 7 10 11 13,0.0100603,32.0713,Yes,N/A,N/A,N/A,4,5,N/A,7,N/A,4 5,10,11,5 7,13,4 10,4 11,5 11,4 13,5 13
4 5 7 10 11 12 13,0.00506187,40.8809,Yes,N/A,N/A,N/A,4,5,N/A,7,N/A,4 5,10,11,12,13,4 10,4 11,4 12,4 13,5 13
1 4 5 7 8,0.0939716,9.68455,Yes,N/A,N/A,N/A,4,5,1 5,7,8,1 8,1 4 5,4 7,4 8,5 8,1 5 8,7 8,1 7 8,4 5 8,1 4 5 8
4 5 7 8,0.0651595,13.9855,Yes,N/A,N/A,N/A,4,5,N/A,7,8,4 5,N/A,4 7,4 8,5 8,N/A,7 8,4 5 7,4 5 8,N/A
1 4 5 7 8 13,0.0352872,18.845,Yes,N/A,N/A,N/A,4,5,1 5,7,8,1 8,1 4 5,4 7,4 8,13,1 13,7 8,1 7 8,4 13,5 13
1 4 5 7 8 12,0.0430757,17.5373,Yes,N/A,N/A,N/A,4,5,1 5,7,8,1 8,1 4 5,4 7,12,1 12,1 5 8,7 8,4 12,5 12,1 5 12
4 5 7 8 12,0.022764,23.6788,Yes,N/A,N/A,N/A,4,5,N/A,7,8,4 5,N/A,4 7,12,5 8,N/A,7 8,4 12,5 12,N/A
1 4 5 7 8 12 13,0.0184923,26.6581,Yes,N/A,N/A,N/A,4,5,1 5,7,8,1 8,1 4 5,4 7,12,13,1 13,7 8,4 12,4 13,5 13
4 5 7 8 13,0.0176559,24.9626,Yes,N/A,N/A,N/A,4,5,N/A,7,8,4 5,N/A,4 7,4 8,13,N/A,7 8,4 5 7,4 13,5 13
1 4 5 7 8 11,0.0483682,16.1565,Yes,N/A,N/A,N/A,4,5,1 5,7,8,1 8,1 4 5,11,1 11,5 8,1 5 8,4 11,5 11,1 5 11,7 11
4 5 7 8 11,0.0255899,22.3149,Yes,N/A,N/A,N/A,4,5,N/A,7,8,4 5,N/A,11,4 8,5 8,N/A,4 11,5 11,4 5 8,7 11
1 4 5 7 8 11 13,0.0225079,24.3583,Yes,N/A,N/A,N/A,4,5,1 5,7,8,1 8,1 4 5,11,1 11,13,1 13,4 11,5 11,4 13,5 13
1 4 5 7 8 11 12,0.0244014,24.0547,Yes,N/A,N/A,N/A,4,5,1 5,7,8,1 8,1 4 5,11,12,1 12,1 5 8,4 11,4 12,5 12,1 5 12
4 5 7 8 11 12,0.0111367,31.8955,Yes,N/A,N/A,N/A,4,5,N/A,7,8,4 5,N/A,11,12,5 8,N/A,4 11,4 12,5 12,7 11
1 4 5 7 8 11 12 13,0.0129019,32.0305,Yes,N/A,N/A,N/A,4,5,1 5,7,8,1 8,1 4 5,11,12,13,1 13,4 11,4 12,4 13,5 13
4 5 7 8 12 13,0.0077765,34.558,Yes,N/A,N/A,N/A,4,5,N/A,7,8,4 5,N/A,4 7,12,13,N/A,7 8,4 12,4 13,5 13
1 4 5 7 8 10,0.0679191,12.9709,Yes,N/A,N/A,N/A,4,5,1 5,7,8,1 8,10,1 10,4 8,5 8,4 10,5 10,1 5 10,7 10,8 10
4 5 7 8 10,0.0385642,17.5152,Yes,N/A,N/A,N/A,4,5,N/A,7,8,4 5,10,4 7,4 8,5 8,4 10,5 10,4 5 7,7 10,8 10
1 4 5 7 8 10 13,0.0304626,21.0977,Yes,N/A,N/A,N/A,4,5,1 5,7,8,1 8,10,1 10,4 8,13,1 13,5 10,1 5 10,4 13,5 13
1 4 5 7 8 10 12,0.0353858,20.0257,Yes,N/A,N/A,N/A,4,5,1 5,7,8,1 8,10,1 10,12,1 12,4 10,5 10,4 12,5 12,1 5 12
4 5 7 8 10 12,0.0175681,25.9538,Yes,N/A,N/A,N/A,4,5,N/A,7,8,4 5,10,4 7,12,5 8,4 10,5 10,4 12,5 12,8 10
1 4 5 7 8 10 12 13,0.0177935,28.0984,Yes,N/A,N/A,N/A,4,5,1 5,7,8,1 8,10,1 10,12,13,1 13,5 10,4 12,4 13,5 13
4 5 7 8 10 13,0.013928,27.5352,Yes,N/A,N/A,N/A,4,5,N/A,7,8,4 5,10,4 7,4 8,13,4 10,5 10,4 5 7,4 13,5 13
1 4 5 7 8 10 11,0.041469,18.4206,Yes,N/A,N/A,N/A,4,5,1 5,7,8,1 8,10,11,1 11,5 8,4 10,4 11,5 11,1 5 11,7 11
4 5 7 8 10 11,0.0206281,24.407,Yes,N/A,N/A,N/A,4,5,N/A,7,8,4 5,10,11,4 8,5 8,4 10,4 11,5 11,7 10,7 11
1 4 5 7 8 10 11 13,0.0215358,25.6621,Yes,N/A,N/A,N/A,4,5,1 5,7,8,1 8,10,11,1 11,13,1 13,4 11,5 11,4 13,5 13
1 4 5 7 8 10 11 12,0.0240865,25.1209,Yes,N/A,N/A,N/A,4,5,1 5,7,8,1 8,10,11,12,1 12,4 10,4 11,4 12,5 12,1 5 12
4 5 7 8 10 11 12,0.0107153,32.5008,Yes,N/A,N/A,N/A,4,5,N/A,7,8,4 5,10,11,12,5 8,4 10,4 11,4 12,5 12,7 11
1 4 5 7 8 10 11 12 13,0.0140005,32.0933,Yes,N/A,N/A,N/A,4,5,1 5,7,8,1 8,10,11,12,13,1 13,4 11,4 12,4 13,5 13
4 5 7 8 11 13,0.00978763,32.7919,Yes,N/A,N/A,N/A,4,5,N/A,7,8,4 5,N/A,11,4 8,13,N/A,4 11,5 11,4 13,5 13
4 5 7 8 11 12 13,0.00495045,42.3251,Yes,N/A,N/A,N/A,4,5,N/A,7,8,4 5,N/A,11,12,13,N/A,4 11,4 12,4 13,5 13
1 4 5 7 8 9,0.071107,12.4625,Yes,N/A,N/A,N/A,4,5,1 5,7,8,9,1 9,4 7,4 8,4 9,5 9,1 5 9,7 9,8 9,1 8 9
4 5 7 8 9,0.0367316,18.5052,Yes,N/A,N/A,N/A,4,5,N/A,7,8,9,N/A,4 7,4 8,4 9,5 9,7 8,7 9,8 9,4 5 9
1 4 5 7 8 9 13,0.0298953,21.5842,Yes,N/A,N/A,N/A,4,5,1 5,7,8,9,1 9,4 7,4 8,13,1 13,1 5 9,7 9,4 13,5 13
1 4 5 7 8 9 12,0.0370126,19.8718,Yes,N/A,N/A,N/A,4,5,1 5,7,8,9,1 9,4 7,12,1 12,5 9,1 5 9,4 12,5 12,1 5 12
4 5 7 8 9 12,0.0165743,27.7379,Yes,N/A,N/A,N/A,4,5,N/A,7,8,9,N/A,4 7,12,4 9,5 9,7 8,4 12,5 12,4 5 9
1 4 5 7 8 9 12 13,0.0173678,28.9217,Yes,N/A,N/A,N/A,4,5,1 5,7,8,9,1 9,4 7,12,13,1 13,1 5 9,4 12,4 13,5 13
4 5 7 8 9 13,0.0131708,29.2316,Yes,N/A,N/A,N/A,4,5,N/A,7,8,9,N/A,4 7,4 8,13,5 9,7 8,7 9,4 13,5 13
1 4 5 7 8 9 11,0.0433624,17.8574,Yes,N/A,N/A,N/A,4,5,1 5,7,8,9,1 9,11,1 11,4 9,5 9,4 11,5 11,1 5 11,7 11
4 5 7 8 9 11,0.0204832,25.9333,Yes,N/A,N/A,N/A,4,5,N/A,7,8,9,N/A,11,4 8,4 9,5 9,4 11,5 11,8 9,7 11
1 4 5 7 8 9 11 13,0.0215774,26.1793,Yes,N/A,N/A,N/A,4,5,1 5,7,8,9,1 9,11,1 11,13,1 13,4 11,5 11,4 13,5 13
1 4 5 7 8 9 11 12,0.02517,24.9501,Yes,N/A,N/A,N/A,4,5,1 5,7,8,9,1 9,11,12,1 12,5 9,4 11,4 12,5 12,1 5 12
4 5 7 8 9 11 12,0.0103003,35.0115,Yes,N/A,N/A,N/A,4,5,N/A,7,8,9,N/A,11,12,4 9,5 9,4 11,4 12,5 12,7 11
1 4 5 7 8 9 11 12 13,0.0139249,32.8604,Yes,N/A,N/A,N/A,4,5,1 5,7,8,9,1 9,11,12,13,1 13,4 11,4 12,4 13,5 13
4 5 7 8 9 12 13,0.00706828,38.2502,Yes,N/A,N/A,N/A,4,5,N/A,7,8,9,N/A,4 7,12,13,5 9,7 8,4 12,4 13,5 13
1 4 5 7 8 9 10,0.0535307,15.5675,Yes,N/A,N/A,N/A,4,5,1 5,7,8,9,10,1 10,4 8,4 9,4 10,5 10,1 5 10,7 10,8 10
4 5 7 8 9 10,0.0282153,21.4949,Yes,N/A,N/A,N/A,4,5,N/A,7,8,9,10,4 7,4 8,4 9,4 10,5 10,7 9,7 10,8 10
1 4 5 7 8 9 10 13,0.0262009,23.7714,Yes,N/A,N/A,N/A,4,5,1 5,7,8,9,10,1 10,4 8,13,1 13,5 10,1 5 10,4 13,5 13
1 4 5 7 8 9 10 12,0.0312815,22.1213,Yes,N/A,N/A,N/A,4,5,1 5,7,8,9,10,1 10,12,1 12,4 10,5 10,4 12,5 12,1 5 12
4 5 7 8 9 10 12,0.0144451,29.4867,Yes,N/A,N/A,N/A,4,5,N/A,7,8,9,10,4 7,12,4 9,4 10,5 10,4 12,5 12,8 10
1 4 5 7 8 9 10 12 13,0.0170838,30.0173,Yes,N/A,N/A,N/A,4,5,1 5,7,8,9,10,1 10,12,13,1 13,5 10,4 12,4 13,5 13
4 5 7 8 9 10 13,0.0118586,31.1129,Yes,N/A,N/A,N/A,4,5,N/A,7,8,9,10,4 7,4 8,13,4 10,5 10,7 9,4 13,5 13
1 4 5 7 8 9 10 11,0.0369235,19.9144,Yes,N/A,N/A,N/A,4,5,1 5,7,8,9,10,11,1 11,4 9,4 10,4 11,5 11,1 5 11,7 11
4 5 7 8 9 10 11,0.017629,27.2355,Yes,N/A,N/A,N/A,4,5,N/A,7,8,9,10,11,4 8,4 9,4 10,4 11,5 11,7 10,7 11
1 4 5 7 8 9 10 11 13,0.02051,27.296,Yes,N/A,N/A,N/A,4,5,1 5,7,8,9,10,11,1 11,13,1 13,4 11,5 11,4 13,5 13
1 4 5 7 8 9 10 11 12,0.0240835,25.6159,Yes,N/A,N/A,N/A,4,5,1 5,7,8,9,10,11,12,1 12,4 10,4 11,4 12,5 12,1 5 12
4 5 7 8 9 10 11 12,0.0102301,34.7764,Yes,N/A,N/A,N/A,4,5,N/A,7,8,9,10,11,12,4 9,4 10,4 11,4 12,5 12,7 11
1 4 5 7 8 9 10 11 12 13,0.0148835,32.4401,Yes,N/A,N/A,N/A,4,5,1 5,7,8,9,10,11,12,13,1 13,4 11,4 12,4 13,5 13
4 5 8 10 12 13,0.00633029,36.7352,Yes,N/A,N/A,N/A,4,5,N/A,N/A,8,4 5,10,N/A,12,13,4 10,5 10,4 12,4 13,5 13
4 5 8 10 11 13,0.00898936,32.5796,Yes,N/A,N/A,N/A,4,5,N/A,N/A,8,4 5,10,11,4 8,13,4 10,4 11,5 11,4 13,5 13
4 5 8 10 11 12 13,0.0052448,40.7313,Yes,N/A,N/A,N/A,4,5,N/A,N/A,8,4 5,10,11,12,13,4 10,4 11,4 12,4 13,5 13
4 5 8 9 11 13,0.00877178,34.4222,Yes,N/A,N/A,N/A,4,5,N/A,N/A,8,9,N/A,11,4 8,13,5 9,4 11,5 11,4 13,5 13
4 5 8 9 11 12 13,0.00475549,43.6562,Yes,N/A,N/A,N/A,4,5,N/A,N/A,8,9,N/A,11,12,13,5 9,4 11,4 12,4 13,5 13
4 5 8 9 10 12 13,0.00518724,42.7409,Yes,N/A,N/A,N/A,4,5,N/A,N/A,8,9,10,N/A,12,13,4 10,5 10,4 12,4 13,5 13
4 5 8 9 10 11 13,0.00758339,37.3029,Yes,N/A,N/A,N/A,4,5,N/A,N/A,8,9,10,11,4 8,13,4 10,4 11,5 11,4 13,5 13
4 5 8 9 10 11 12 13,0.00493546,44.8143,Yes,N/A,N/A,N/A,4,5,N/A,N/A,8,9,10,11,12,13,4 10,4 11,4 12,4 13,5 13
1 4 5 6,0.0771998,8.29803,Yes,N/A,N/A,N/A,4,5,6,1 6,N/A,4 5,4 6,5 6,1 5 6,N/A,N/A,4 5 6,1 4 5 6,N/A,N/A
4 5 6,0.0675369,9.98358,Yes,N/A,N/A,N/A,4,5,6,N/A,N/A,4 5,4 6,5 6,N/A,N/A,N/A,4 5 6,N/A,N/A,N/A
1 4 5 6 13,0.0354423,15.8884,Yes,N/A,N/A,N/A,4,5,6,1 6,N/A,4 5,4 6,5 6,1 5 6,13,1 13,4 5 6,1 4 5 6,4 13,5 13
1 4 5 6 12,0.0446973,15.3206,Yes,N/A,N/A,N/A,4,5,6,1 6,N/A,4 5,4 6,5 6,12,1 12,N/A,4 5 6,4 12,5 12,6 12
4 5 6 12,0.0298713,18.2733,Yes,N/A,N/A,N/A,4,5,6,N/A,N/A,4 5,4 6,5 6,12,N/A,N/A,4 5 6,4 12,5 12,6 12
1 4 5 6 12 13,0.0204287,24.0085,Yes,N/A,N/A,N/A,4,5,6,1 6,N/A,4 5,4 6,5 6,12,13,1 13,4 5 6,4 12,4 13,5 13
4 5 6 13,0.0199623,20.1342,Yes,N/A,N/A,N/A,4,5,6,N/A,N/A,4 5,4 6,5 6,N/A,13,N/A,4 5 6,N/A,4 13,5 13
1 4 5 6 11,0.0476731,15.7044,Yes,N/A,N/A,N/A,4,5,6,1 6,N/A,4 5,4 6,11,1 11,N/A,N/A,4 11,5 11,6 11,1 6 11
4 5 6 11,0.0295576,18.8779,Yes,N/A,N/A,N/A,4,5,6,N/A,N/A,4 5,4 6,11,N/A,N/A,N/A,4 11,5 11,6 11,N/A
1 4 5 6 11 13,0.024607,22.0616,Yes,N/A,N/A,N/A,4,5,6,1 6,N/A,4 5,4 6,11,1 11,13,1 13,4 11,5 11,4 13,5 13
1 4 5 6 11 12,0.026352,22.942,Yes,N/A,N/A,N/A,4,5,6,1 6,N/A,4 5,4 6,11,12,1 12,N/A,4 11,4 12,5 12,6 12
4 5 6 11 12,0.0135024,27.1577,Yes,N/A,N/A,N/A,4,5,6,N/A,N/A,4 5,4 6,11,12,N/A,N/A,4 11,4 12,5 12,6 12
1 4 5 6 11 12 13,0.0139514,30.5792,Yes,N/A,N/A,N/A,4,5,6,1 6,N/A,4 5,4 6,11,12,13,1 13,4 11,4 12,4 13,5 13
4 5 6 12 13,0.0107485,27.804,Yes,N/A,N/A,N/A,4,5,6,N/A,N/A,4 5,4 6,5 6,12,13,N/A,4 5 6,4 12,4 13,5 13
1 4 5 6 10,0.0623793,13.7851,Yes,N/A,N/A,N/A,4,5,6,1 6,N/A,4 5,10,1 10,1 5 6,N/A,4 10,5 10,6 10,1 6 10,N/A
4 5 6 10,0.0428205,16.9928,Yes,N/A,N/A,N/A,4,5,6,N/A,N/A,4 5,10,5 6,N/A,N/A,4 10,5 10,6 10,N/A,N/A
1 4 5 6 10 13,0.0279345,21.3301,Yes,N/A,N/A,N/A,4,5,6,1 6,N/A,4 5,10,1 10,1 5 6,13,1 13,5 10,6 10,4 13,5 13
1 4 5 6 10 12,0.0368374,19.4816,Yes,N/A,N/A,N/A,4,5,6,1 6,N/A,4 5,10,1 10,12,1 12,4 10,5 10,4 12,5 12,6 12
4 5 6 10 12,0.0195619,24.6454,Yes,N/A,N/A,N/A,4,5,6,N/A,N/A,4 5,10,5 6,12,N/A,4 10,5 10,4 12,5 12,6 12
1 4 5 6 10 12 13,0.0172907,28.2143,Yes,N/A,N/A,N/A,4,5,6,1 6,N/A,4 5,10,1 10,12,13,1 13,5 10,4 12,4 13,5 13
4 5 6 10 13,0.0151439,26.2457,Yes,N/A,N/A,N/A,4,5,6,N/A,N/A,4 5,10,5 6,N/A,13,4 10,5 10,6 10,4 13,5 13
1 4 5 6 10 11,0.0341858,21.2083,Yes,N/A,N/A,N/A,4,5,6,1 6,N/A,4 5,10,11,1 11,N/A,4 10,4 11,5 11,6 11,1 6 11
4 5 6 10 11,0.0165324,25.9136,Yes,N/A,N/A,N/A,4,5,6,N/A,N/A,4 5,10,11,N/A,N/A,4 10,4 11,5 11,6 11,N/A
1 4 5 6 10 11 13,0.0184772,27.4908,Yes,N/A,N/A,N/A,4,5,6,1 6,N/A,4 5,10,11,1 11,13,1 13,4 11,5 11,4 13,5 13
1 4 5 6 10 11 12,0.0212022,26.98,Yes,N/A,N/A,N/A,4,5,6,1 6,N/A,4 5,10,11,12,1 12,4 10,4 11,4 12,5 12,6 12
4 5 6 10 11 12,0.00940926,33.1831,Yes,N/A,N/A,N/A,4,5,6,N/A,N/A,4 5,10,11,12,N/A,4 10,4 11,4 12,5 12,6 12
1 4 5 6 10 11 12 13,0.0120365,34.8936,Yes,N/A,N/A,N/A,4,5,6,1 6,N/A,4 5,10,11,12,13,1 13,4 11,4 12,4 13,5 13
4 5 6 11 13,0.0104041,28.6649,Yes,N/A,N/A,N/A,4,5,6,N/A,N/A,4 5,4 6,11,N/A,13,N/A,4 11,5 11,4 13,5 13
4 5 6 11 12 13,0.00598057,36.0396,Yes,N/A,N/A,N/A,4,5,6,N/A,N/A,4 5,4 6,11,12,13,N/A,4 11,4 12,4 13,5 13
1 4 5 6 9,0.0829749,11.3803,Yes,N/A,N/A,N/A,4,5,6,1 6,N/A,9,1 9,5 6,1 5 6,4 9,5 9,6 9,1 6 9,N/A,4 5 9
4 5 6 9,0.0594644,14.9624,Yes,N/A,N/A,N/A,4,5,6,N/A,N/A,9,4 6,5 6,N/A,4 9,5 9,6 9,N/A,N/A,4 5 9
1 4 5 6 9 13,0.0303058,20.8635,Yes,N/A,N/A,N/A,4,5,6,1 6,N/A,9,1 9,5 6,1 5 6,13,1 13,6 9,1 6 9,4 13,5 13
1 4 5 6 9 12,0.0446666,18.2115,Yes,N/A,N/A,N/A,4,5,6,1 6,N/A,9,1 9,5 6,12,1 12,5 9,6 9,4 12,5 12,6 12
4 5 6 9 12,0.0266075,21.8119,Yes,N/A,N/A,N/A,4,5,6,N/A,N/A,9,4 6,5 6,12,4 9,5 9,6 9,4 12,5 12,6 12
1 4 5 6 9 12 13,0.0193983,27.619,Yes,N/A,N/A,N/A,4,5,6,1 6,N/A,9,1 9,5 6,12,13,1 13,6 9,4 12,4 13,5 13
4 5 6 9 13,0.0163633,25.9465,Yes,N/A,N/A,N/A,4,5,6,N/A,N/A,9,4 6,5 6,N/A,13,5 9,6 9,N/A,4 13,5 13
1 4 5 6 9 11,0.0466043,17.6656,Yes,N/A,N/A,N/A,4,5,6,1 6,N/A,9,1 9,11,1 11,4 9,5 9,4 11,5 11,6 11,1 6 11
4 5 6 9 11,0.023787,22.9249,Yes,N/A,N/A,N/A,4,5,6,N/A,N/A,9,4 6,11,N/A,4 9,5 9,4 11,5 11,6 11,4 5 9
1 4 5 6 9 11 13,0.0210046,26.462,Yes,N/A,N/A,N/A,4,5,6,1 6,N/A,9,1 9,11,1 11,13,1 13,4 11,5 11,4 13,5 13
1 4 5 6 9 11 12,0.0265515,24.8737,Yes,N/A,N/A,N/A,4,5,6,1 6,N/A,9,1 9,11,12,1 12,5 9,4 11,4 12,5 12,6 12
4 5 6 9 11 12,0.0132766,29.5985,Yes,N/A,N/A,N/A,4,5,6,N/A,N/A,9,4 6,11,12,4 9,5 9,4 11,4 12,5 12,6 12
1 4 5 6 9 11 12 13,0.013657,33.5364,Yes,N/A,N/A,N/A,4,5,6,1 6,N/A,9,1 9,11,12,13,1 13,4 11,4 12,4 13,5 13
4 5 6 9 12 13,0.00970515,32.2042,Yes,N/A,N/A,N/A,4,5,6,N/A,N/A,9,4 6,5 6,12,13,5 9,6 9,4 12,4 13,5 13
1 4 5 6 9 10,0.0522047,16.7492,Yes,N/A,N/A,N/A,4,5,6,1 6,N/A,9,10,1 10,1 5 6,4 9,4 10,5 10,6 10,1 6 10,4 5 9
4 5 6 9 10,0.0288174,21.8477,Yes,N/A,N/A,N/A,4,5,6,N/A,N/A,9,10,5 6,N/A,4 9,4 10,5 10,6 10,N/A,4 5 9
1 4 5 6 9 10 13,0.0218095,26.3879,Yes,N/A,N/A,N/A,4,5,6,1 6,N/A,9,10,1 10,1 5 6,13,1 13,5 10,6 10,4 13,5 13
1 4 5 6 9 10 12,0.0315878,23.0105,Yes,N/A,N/A,N/A,4,5,6,1 6,N/A,9,10,1 10,12,1 12,4 10,5 10,4 12,5 12,6 12
4 5 6 9 10 12,0.0166314,27.9286,Yes,N/A,N/A,N/A,4,5,6,N/A,N/A,9,10,5 6,12,4 9,4 10,5 10,4 12,5 12,6 12
1 4 5 6 9 10 12 13,0.0155371,32.1563,Yes,N/A,N/A,N/A,4,5,6,1 6,N/A,9,10,1 10,12,13,1 13,5 10,4 12,4 13,5 13
4 5 6 9 10 13,0.0105703,32.4978,Yes,N/A,N/A,N/A,4,5,6,N/A,N/A,9,10,5 6,N/A,13,4 10,5 10,6 10,4 13,5 13
1 4 5 6 9 10 11,0.0318996,23.0939,Yes,N/A,N/A,N/A,4,5,6,1 6,N/A,9,10,11,1 11,4 9,4 10,4 11,5 11,6 11,1 6 11
4 5 6 9 10 11,0.0139979,30.1864,Yes,N/A,N/A,N/A,4,5,6,N/A,N/A,9,10,11,N/A,4 9,4 10,4 11,5 11,6 11,4 5 9
1 4 5 6 9 10 11 13,0.016246,31.7578,Yes,N/A,N/A,N/A,4,5,6,1 6,N/A,9,10,11,1 11,13,1 13,4 11,5 11,4 13,5 13
1 4 5 6 9 10 11 12,0.0207709,29.5839,Yes,N/A,N/A,N/A,4,5,6,1 6,N/A,9,10,11,12,1 12,4 10,4 11,4 12,5 12,6 12
4 5 6 9 10 11 12,0.00930376,35.7352,Yes,N/A,N/A,N/A,4,5,6,N/A,N/A,9,10,11,12,4 9,4 10,4 11,4 12,5 12,6 12
1 4 5 6 9 10 11 12 13,0.0119982,37.9271,Yes,N/A,N/A,N/A,4,5,6,1 6,N/A,9,10,11,12,13,1 13,4 11,4 12,4 13,5 13
4 5 6 10 12 13,0.00870899,33.0355,Yes,N/A,N/A,N/A,4,5,6,N/A,N/A,4 5,10,5 6,12,13,4 10,5 10,4 12,4 13,5 13
4 5 6 10 11 13,0.00738634,34.7883,Yes,N/A,N/A,N/A,4,5,6,N/A,N/A,4 5,10,11,N/A,13,4 10,4 11,5 11,4 13,5 13
4 5 6 10 11 12 13,0.00502143,40.7524,Yes,N/A,N/A,N/A,4,5,6,N/A,N/A,4 5,10,11,12,13,4 10,4 11,4 12,4 13,5 13
1 4 5 6 8,0.104521,8.73636,Yes,N/A,N/A,N/A,4,5,6,1 6,8,1 8,4 6,5 6,4 8,5 8,6 8,1 6 8,1 4 5 6,4 5 8,4 6 8
4 5 6 8,0.0874956,11.2074,Yes,N/A,N/A,N/A,4,5,6,N/A,8,4 5,4 6,5 6,4 8,5 8,6 8,4 5 6,N/A,4 5 8,4 6 8
1 4 5 6 8 13,0.041524,17.5904,Yes,N/A,N/A,N/A,4,5,6,1 6,8,1 8,4 6,5 6,4 8,13,1 13,1 6 8,1 4 5 6,4 13,5 13
1 4 5 6 8 12,0.0522805,15.7062,Yes,N/A,N/A,N/A,4,5,6,1 6,8,1 8,4 6,5 6,12,1 12,6 8,1 6 8,4 12,5 12,6 12
4 5 6 8 12,0.0308159,19.7232,Yes,N/A,N/A,N/A,4,5,6,N/A,8,4 5,4 6,5 6,12,5 8,6 8,4 5 6,4 12,5 12,6 12
1 4 5 6 8 12 13,0.0221702,24.9371,Yes,N/A,N/A,N/A,4,5,6,1 6,8,1 8,4 6,5 6,12,13,1 13,1 6 8,4 12,4 13,5 13
4 5 6 8 13,0.0243801,21.7713,Yes,N/A,N/A,N/A,4,5,6,N/A,8,4 5,4 6,5 6,4 8,13,6 8,4 5 6,N/A,4 13,5 13
1 4 5 6 8 11,0.0641334,13.8113,Yes,N/A,N/A,N/A,4,5,6,1 6,8,1 8,4 6,11,1 11,5 8,6 8,4 11,5 11,6 11,1 6 11
4 5 6 8 11,0.0347578,18.4278,Yes,N/A,N/A,N/A,4,5,6,N/A,8,4 5,4 6,11,4 8,5 8,6 8,4 11,5 11,6 11,4 6 8
1 4 5 6 8 11 13,0.0281509,22.1218,Yes,N/A,N/A,N/A,4,5,6,1 6,8,1 8,4 6,11,1 11,13,1 13,4 11,5 11,4 13,5 13
1 4 5 6 8 11 12,0.0337277,20.9596,Yes,N/A,N/A,N/A,4,5,6,1 6,8,1 8,4 6,11,12,1 12,6 8,4 11,4 12,5 12,6 12
4 5 6 8 11 12,0.016987,26.4492,Yes,N/A,N/A,N/A,4,5,6,N/A,8,4 5,4 6,11,12,5 8,6 8,4 11,4 12,5 12,6 12
1 4 5 6 8 11 12 13,0.0166637,29.4311,Yes,N/A,N/A,N/A,4,5,6,1 6,8,1 8,4 6,11,12,13,1 13,4 11,4 12,4 13,5 13
4 5 6 8 12 13,0.0111624,29.8725,Yes,N/A,N/A,N/A,4,5,6,N/A,8,4 5,4 6,5 6,12,13,6 8,4 5 6,4 12,4 13,5 13
1 4 5 6 8 10,0.0683064,12.7964,Yes,N/A,N/A,N/A,4,5,6,1 6,8,1 8,10,1 10,4 8,5 8,4 10,5 10,6 10,1 6 10,8 10
4 5 6 8 10,0.040017,17.0901,Yes,N/A,N/A,N/A,4,5,6,N/A,8,4 5,10,5 6,4 8,5 8,4 10,5 10,6 10,4 5 8,8 10
1 4 5 6 8 10 13,0.0314037,20.7826,Yes,N/A,N/A,N/A,4,5,6,1 6,8,1 8,10,1 10,4 8,13,1 13,5 10,6 10,4 13,5 13
1 4 5 6 8 10 12,0.039286,18.7349,Yes,N/A,N/A,N/A,4,5,6,1 6,8,1 8,10,1 10,12,1 12,4 10,5 10,4 12,5 12,6 12
4 5 6 8 10 12,0.0186226,25.4591,Yes,N/A,N/A,N/A,4,5,6,N/A,8,4 5,10,5 6,12,5 8,4 10,5 10,4 12,5 12,6 12
1 4 5 6 8 10 12 13,0.0193365,27.0387,Yes,N/A,N/A,N/A,4,5,6,1 6,8,1 8,10,1 10,12,13,1 13,5 10,4 12,4 13,5 13
4 5 6 8 10 13,0.0156453,26.7372,Yes,N/A,N/A,N/A,4,5,6,N/A,8,4 5,10,5 6,4 8,13,4 10,5 10,6 10,4 13,5 13
1 4 5 6 8 10 11,0.0422488,18.2539,Yes,N/A,N/A,N/A,4,5,6,1 6,8,1 8,10,11,1 11,5 8,4 10,4 11,5 11,6 11,1 6 11
4 5 6 8 10 11,0.0207574,24.3382,Yes,N/A,N/A,N/A,4,5,6,N/A,8,4 5,10,11,4 8,5 8,4 10,4 11,5 11,6 11,8 10
1 4 5 6 8 10 11 13,0.0219299,25.6318,Yes,N/A,N/A,N/A,4,5,6,1 6,8,1 8,10,11,1 11,13,1 13,4 11,5 11,4 13,5 13
1 4 5 6 8 10 11 12,0.0263562,24.245,Yes,N/A,N/A,N/A,4,5,6,1 6,8,1 8,10,11,12,1 12,4 10,4 11,4 12,5 12,6 12
4 5 6 8 10 11 12,0.0119266,31.6206,Yes,N/A,N/A,N/A,4,5,6,N/A,8,4 5,10,11,12,5 8,4 10,4 11,4 12,5 12,6 12
1 4 5 6 8 10 11 12 13,0.0149663,31.5428,Yes,N/A,N/A,N/A,4,5,6,1 6,8,1 8,10,11,12,13,1 13,4 11,4 12,4 13,5 13
4 5 6 8 11 13,0.0125851,28.5556,Yes,N/A,N/A,N/A,4,5,6,N/A,8,4 5,4 6,11,4 8,13,6 8,4 11,5 11,4 13,5 13
4 5 6 8 11 12 13,0.00733745,36.1362,Yes,N/A,N/A,N/A,4,5,6,N/A,8,4 5,4 6,11,12,13,6 8,4 11,4 12,4 13,5 13
1 4 5 6 8 9,0.0787638,11.4812,Yes,N/A,N/A,N/A,4,5,6,1 6,8,9,1 9,5 6,4 8,4 9,5 9,6 9,1 6 9,8 9,1 8 9
4 5 6 8 9,0.0446227,16.3193,Yes,N/A,N/A,N/A,4,5,6,N/A,8,9,4 6,5 6,4 8,4 9,5 9,6 9,N/A,8 9,4 5 9
1 4 5 6 8 9 13,0.0342029,20.4836,Yes,N/A,N/A,N/A,4,5,6,1 6,8,9,1 9,5 6,4 8,13,1 13,6 9,1 6 9,4 13,5 13
1 4 5 6 8 9 12,0.0427067,18.2769,Yes,N/A,N/A,N/A,4,5,6,1 6,8,9,1 9,5 6,12,1 12,5 9,6 9,4 12,5 12,6 12
4 5 6 8 9 12,0.021701,24.0812,Yes,N/A,N/A,N/A,4,5,6,N/A,8,9,4 6,5 6,12,4 9,5 9,6 9,4 12,5 12,6 12
1 4 5 6 8 9 12 13,0.0204161,27.3702,Yes,N/A,N/A,N/A,4,5,6,1 6,8,9,1 9,5 6,12,13,1 13,6 9,4 12,4 13,5 13
4 5 6 8 9 13,0.0159832,26.8211,Yes,N/A,N/A,N/A,4,5,6,N/A,8,9,4 6,5 6,4 8,13,5 9,6 9,N/A,4 13,5 13
1 4 5 6 8 9 11,0.0501726,16.1669,Yes,N/A,N/A,N/A,4,5,6,1 6,8,9,1 9,11,1 11,4 9,5 9,4 11,5 11,6 11,1 6 11
4 5 6 8 9 11,0.024668,22.822,Yes,N/A,N/A,N/A,4,5,6,N/A,8,9,4 6,11,4 8,4 9,5 9,4 11,5 11,6 11,4 5 9
1 4 5 6 8 9 11 13,0.0244667,24.5232,Yes,N/A,N/A,N/A,4,5,6,1 6,8,9,1 9,11,1 11,13,1 13,4 11,5 11,4 13,5 13
1 4 5 6 8 9 11 12,0.0305016,22.4941,Yes,N/A,N/A,N/A,4,5,6,1 6,8,9,1 9,11,12,1 12,5 9,4 11,4 12,5 12,6 12
4 5 6 8 9 11 12,0.0139542,30.0699,Yes,N/A,N/A,N/A,4,5,6,N/A,8,9,4 6,11,12,4 9,5 9,4 11,4 12,5 12,6 12
1 4 5 6 8 9 11 12 13,0.0164072,30.6711,Yes,N/A,N/A,N/A,4,5,6,1 6,8,9,1 9,11,12,13,1 13,4 11,4 12,4 13,5 13
4 5 6 8 9 12 13,0.00914743,34.2548,Yes,N/A,N/A,N/A,4,5,6,N/A,8,9,4 6,5 6,12,13,5 9,6 9,4 12,4 13,5 13
1 4 5 6 8 9 10,0.0543139,15.494,Yes,N/A,N/A,N/A,4,5,6,1 6,8,9,10,1 10,4 8,4 9,4 10,5 10,6 10,1 6 10,8 10
4 5 6 8 9 10,0.0299842,21.2648,Yes,N/A,N/A,N/A,4,5,6,N/A,8,9,10,5 6,4 8,4 9,4 10,5 10,6 10,8 9,8 10
1 4 5 6 8 9 10 13,0.0266887,23.8142,Yes,N/A,N/A,N/A,4,5,6,1 6,8,9,10,1 10,4 8,13,1 13,5 10,6 10,4 13,5 13
1 4 5 6 8 9 10 12,0.0339068,21.2266,Yes,N/A,N/A,N/A,4,5,6,1 6,8,9,10,1 10,12,1 12,4 10,5 10,4 12,5 12,6 12
4 5 6 8 9 10 12,0.0163926,28.5485,Yes,N/A,N/A,N/A,4,5,6,N/A,8,9,10,5 6,12,4 9,4 10,5 10,4 12,5 12,6 12
1 4 5 6 8 9 10 12 13,0.0181518,29.4659,Yes,N/A,N/A,N/A,4,5,6,1 6,8,9,10,1 10,12,13,1 13,5 10,4 12,4 13,5 13
4 5 6 8 9 10 13,0.0125077,31.1081,Yes,N/A,N/A,N/A,4,5,6,N/A,8,9,10,5 6,4 8,13,4 10,5 10,6 10,4 13,5 13
1 4 5 6 8 9 10 11,0.0384171,19.7388,Yes,N/A,N/A,N/A,4,5,6,1 6,8,9,10,11,1 11,4 9,4 10,4 11,5 11,6 11,1 6 11
4 5 6 8 9 10 11,0.0174461,28.0599,Yes,N/A,N/A,N/A,4,5,6,N/A,8,9,10,11,4 8,4 9,4 10,4 11,5 11,6 11,8 10
1 4 5 6 8 9 10 11 13,0.0207914,27.5193,Yes,N/A,N/A,N/A,4,5,6,1 6,8,9,10,11,1 11,13,1 13,4 11,5 11,4 13,5 13
1 4 5 6 8 9 10 11 12,0.0258284,25.2558,Yes,N/A,N/A,N/A,4,5,6,1 6,8,9,10,11,12,1 12,4 10,4 11,4 12,5 12,6 12
4 5 6 8 9 10 11 12,0.0112591,34.2466,Yes,N/A,N/A,N/A,4,5,6,N/A,8,9,10,11,12,4 9,4 10,4 11,4 12,5 12,6 12
1 4 5 6 8 9 10 11 12 13,0.0156139,32.3924,Yes,N/A,N/A,N/A,4,5,6,1 6,8,9,10,11,12,13,1 13,4 11,4 12,4 13,5 13
4 5 6 9 11 13,0.00920082,33.5549,Yes,N/A,N/A,N/A,4,5,6,N/A,N/A,9,4 6,11,N/A,13,5 9,4 11,5 11,4 13,5 13
4 5 6 9 11 12 13,0.00622595,39.2163,Yes,N/A,N/A,N/A,4,5,6,N/A,N/A,9,4 6,11,12,13,5 9,4 11,4 12,4 13,5 13
4 5 6 9 10 12 13,0.00738692,37.8859,Yes,N/A,N/A,N/A,4,5,6,N/A,N/A,9,10,5 6,12,13,4 10,5 10,4 12,4 13,5 13
4 5 6 9 10 11 13,0.0063856,40.5388,Yes,N/A,N/A,N/A,4,5,6,N/A,N/A,9,10,11,N/A,13,4 10,4 11,5 11,4 13,5 13
4 5 6 9 10 11 12 13,0.00500867,44.8589,Yes,N/A,N/A,N/A,4,5,6,N/A,N/A,9,10,11,12,13,4 10,4 11,4 12,4 13,5 13
1 4 5 6 7,0.112123,8.33304,Yes,N/A,N/A,N/A,4,5,6,7,1 7,4 5,4 6,4 7,5 7,6 7,1 6 7,4 5 6,4 5 7,4 6 7,5 6 7
4 5 6 7,0.0827951,11.3975,Yes,N/A,N/A,N/A,4,5,6,7,N/A,4 5,4 6,4 7,5 7,6 7,N/A,4 5 6,4 5 7,4 6 7,5 6 7
1 4 5 6 7 13,0.0453704,16.962,Yes,N/A,N/A,N/A,4,5,6,7,1 7,4 5,4 6,4 7,5 7,13,1 13,4 5 6,4 5 7,4 13,5 13
1 4 5 6 7 12,0.0516953,15.7291,Yes,N/A,N/A,N/A,4,5,6,7,1 7,4 5,4 6,4 7,12,1 12,1 6 7,4 5 6,4 12,5 12,6 12
4 5 6 7 12,0.0277901,20.7691,Yes,N/A,N/A,N/A,4,5,6,7,N/A,4 5,4 6,4 7,12,6 7,N/A,4 5 6,4 12,5 12,6 12
1 4 5 6 7 12 13,0.0225354,24.8416,Yes,N/A,N/A,N/A,4,5,6,7,1 7,4 5,4 6,4 7,12,13,1 13,4 5 6,4 12,4 13,5 13
4 5 6 7 13,0.0228863,22.1968,Yes,N/A,N/A,N/A,4,5,6,7,N/A,4 5,4 6,4 7,5 7,13,N/A,4 5 6,4 5 7,4 13,5 13
1 4 5 6 7 11,0.0628488,13.8761,Yes,N/A,N/A,N/A,4,5,6,7,1 7,4 5,4 6,11,1 11,6 7,1 6 7,4 11,5 11,6 11,7 11
4 5 6 7 11,0.0338422,19.3108,Yes,N/A,N/A,N/A,4,5,6,7,N/A,4 5,4 6,11,5 7,6 7,N/A,4 11,5 11,6 11,7 11
1 4 5 6 7 11 13,0.0279233,22.2989,Yes,N/A,N/A,N/A,4,5,6,7,1 7,4 5,4 6,11,1 11,13,1 13,4 11,5 11,4 13,5 13
1 4 5 6 7 11 12,0.0310074,21.7455,Yes,N/A,N/A,N/A,4,5,6,7,1 7,4 5,4 6,11,12,1 12,1 6 7,4 11,4 12,5 12,6 12
4 5 6 7 11 12,0.0145096,28.5627,Yes,N/A,N/A,N/A,4,5,6,7,N/A,4 5,4 6,11,12,6 7,N/A,4 11,4 12,5 12,6 12
1 4 5 6 7 11 12 13,0.0156535,30.1254,Yes,N/A,N/A,N/A,4,5,6,7,1 7,4 5,4 6,11,12,13,1 13,4 11,4 12,4 13,5 13
4 5 6 7 12 13,0.00979613,31.4083,Yes,N/A,N/A,N/A,4,5,6,7,N/A,4 5,4 6,4 7,12,13,N/A,4 5 6,4 12,4 13,5 13
1 4 5 6 7 10,0.0691562,12.4446,Yes,N/A,N/A,N/A,4,5,6,7,1 7,4 5,10,1 10,5 7,6 7,4 10,5 10,6 10,7 10,1 7 10
4 5 6 7 10,0.0390756,16.7676,Yes,N/A,N/A,N/A,4,5,6,7,N/A,4 5,10,4 7,5 7,6 7,4 10,5 10,6 10,7 10,5 6 7
1 4 5 6 7 10 13,0.031281,20.7648,Yes,N/A,N/A,N/A,4,5,6,7,1 7,4 5,10,1 10,5 7,13,1 13,5 10,6 10,4 13,5 13
1 4 5 6 7 10 12,0.0384025,18.8568,Yes,N/A,N/A,N/A,4,5,6,7,1 7,4 5,10,1 10,12,1 12,4 10,5 10,4 12,5 12,6 12
4 5 6 7 10 12,0.0192955,25.0031,Yes,N/A,N/A,N/A,4,5,6,7,N/A,4 5,10,4 7,12,6 7,4 10,5 10,4 12,5 12,6 12
1 4 5 6 7 10 12 13,0.0189851,27.2619,Yes,N/A,N/A,N/A,4,5,6,7,1 7,4 5,10,1 10,12,13,1 13,5 10,4 12,4 13,5 13
4 5 6 7 10 13,0.0143589,26.9935,Yes,N/A,N/A,N/A,4,5,6,7,N/A,4 5,10,4 7,5 7,13,4 10,5 10,6 10,4 13,5 13
1 4 5 6 7 10 11,0.0432794,18.0406,Yes,N/A,N/A,N/A,4,5,6,7,1 7,4 5,10,11,1 11,6 7,4 10,4 11,5 11,6 11,7 11
4 5 6 7 10 11,0.0220303,24.0835,Yes,N/A,N/A,N/A,4,5,6,7,N/A,4 5,10,11,5 7,6 7,4 10,4 11,5 11,6 11,7 11
1 4 5 6 7 10 11 13,0.0218713,25.8169,Yes,N/A,N/A,N/A,4,5,6,7,1 7,4 5,10,11,1 11,13,1 13,4 11,5 11,4 13,5 13
1 4 5 6 7 10 11 12,0.0255496,24.7927,Yes,N/A,N/A,N/A,4,5,6,7,1 7,4 5,10,11,12,1 12,4 10,4 11,4 12,5 12,6 12
4 5 6 7 10 11 12,0.0118859,32.1268,Yes,N/A,N/A,N/A,4,5,6,7,N/A,4 5,10,11,12,6 7,4 10,4 11,4 12,5 12,6 12
1 4 5 6 7 10 11 12 13,0.0144532,32.2503,Yes,N/A,N/A,N/A,4,5,6,7,1 7,4 5,10,11,12,13,1 13,4 11,4 12,4 13,5 13
4 5 6 7 11 13,0.0120482,29.9241,Yes,N/A,N/A,N/A,4,5,6,7,N/A,4 5,4 6,11,5 7,13,N/A,4 11,5 11,4 13,5 13
4 5 6 7 11 12 13,0.00605389,39.0118,Yes,N/A,N/A,N/A,4,5,6,7,N/A,4 5,4 6,11,12,13,N/A,4 11,4 12,4 13,5 13
1 4 5 6 7 9,0.0792018,10.8181,Yes,N/A,N/A,N/A,4,5,6,7,1 7,9,1 9,4 7,5 7,4 9,5 9,6 9,7 9,1 7 9,4 5 9
4 5 6 7 9,0.0453404,15.4457,Yes,N/A,N/A,N/A,4,5,6,7,N/A,9,4 6,4 7,5 7,4 9,5 9,6 9,7 9,4 6 7,4 5 9
1 4 5 6 7 9 13,0.0362884,19.1268,Yes,N/A,N/A,N/A,4,5,6,7,1 7,9,1 9,4 7,5 7,13,1 13,6 9,7 9,4 13,5 13
1 4 5 6 7 9 12,0.0451043,17.0476,Yes,N/A,N/A,N/A,4,5,6,7,1 7,9,1 9,4 7,12,1 12,5 9,6 9,4 12,5 12,6 12
4 5 6 7 9 12,0.0211492,24.033,Yes,N/A,N/A,N/A,4,5,6,7,N/A,9,4 6,4 7,12,4 9,5 9,6 9,4 12,5 12,6 12
1 4 5 6 7 9 12 13,0.0220362,25.6346,Yes,N/A,N/A,N/A,4,5,6,7,1 7,9,1 9,4 7,12,13,1 13,6 9,4 12,4 13,5 13
4 5 6 7 9 13,0.0168732,25.6791,Yes,N/A,N/A,N/A,4,5,6,7,N/A,9,4 6,4 7,5 7,13,5 9,6 9,7 9,4 13,5 13
1 4 5 6 7 9 11,0.0497842,16.1979,Yes,N/A,N/A,N/A,4,5,6,7,1 7,9,1 9,11,1 11,4 9,5 9,4 11,5 11,6 11,7 11
4 5 6 7 9 11,0.0258905,22.7136,Yes,N/A,N/A,N/A,4,5,6,7,N/A,9,4 6,11,5 7,4 9,5 9,4 11,5 11,6 11,7 11
1 4 5 6 7 9 11 13,0.0249646,24.3137,Yes,N/A,N/A,N/A,4,5,6,7,1 7,9,1 9,11,1 11,13,1 13,4 11,5 11,4 13,5 13
1 4 5 6 7 9 11 12,0.0300557,22.5933,Yes,N/A,N/A,N/A,4,5,6,7,1 7,9,1 9,11,12,1 12,5 9,4 11,4 12,5 12,6 12
4 5 6 7 9 11 12,0.013237,31.1162,Yes,N/A,N/A,N/A,4,5,6,7,N/A,9,4 6,11,12,4 9,5 9,4 11,4 12,5 12,6 12
1 4 5 6 7 9 11 12 13,0.0163261,30.6096,Yes,N/A,N/A,N/A,4,5,6,7,1 7,9,1 9,11,12,13,1 13,4 11,4 12,4 13,5 13
4 5 6 7 9 12 13,0.00919863,33.7401,Yes,N/A,N/A,N/A,4,5,6,7,N/A,9,4 6,4 7,12,13,5 9,6 9,4 12,4 13,5 13
1 4 5 6 7 9 10,0.0569388,14.8195,Yes,N/A,N/A,N/A,4,5,6,7,1 7,9,10,1 10,5 7,4 9,4 10,5 10,6 10,7 10,1 7 10
4 5 6 7 9 10,0.0314306,20.983,Yes,N/A,N/A,N/A,4,5,6,7,N/A,9,10,4 7,5 7,4 9,4 10,5 10,6 10,7 10,4 5 9
1 4 5 6 7 9 10 13,0.027724,23.2867,Yes,N/A,N/A,N/A,4,5,6,7,1 7,9,10,1 10,5 7,13,1 13,5 10,6 10,4 13,5 13
1 4 5 6 7 9 10 12,0.0353656,20.4898,Yes,N/A,N/A,N/A,4,5,6,7,1 7,9,10,1 10,12,1 12,4 10,5 10,4 12,5 12,6 12
4 5 6 7 9 10 12,0.0166992,28.5717,Yes,N/A,N/A,N/A,4,5,6,7,N/A,9,10,4 7,12,4 9,4 10,5 10,4 12,5 12,6 12
1 4 5 6 7 9 10 12 13,0.0189422,28.5257,Yes,N/A,N/A,N/A,4,5,6,7,1 7,9,10,1 10,12,13,1 13,5 10,4 12,4 13,5 13
4 5 6 7 9 10 13,0.0128032,30.9422,Yes,N/A,N/A,N/A,4,5,6,7,N/A,9,10,4 7,5 7,13,4 10,5 10,6 10,4 13,5 13
1 4 5 6 7 9 10 11,0.0393215,19.8578,Yes,N/A,N/A,N/A,4,5,6,7,1 7,9,10,11,1 11,4 9,4 10,4 11,5 11,6 11,7 11
4 5 6 7 9 10 11,0.0191067,27.705,Yes,N/A,N/A,N/A,4,5,6,7,N/A,9,10,11,5 7,4 9,4 10,4 11,5 11,6 11,7 11
1 4 5 6 7 9 10 11 13,0.0212197,27.6305,Yes,N/A,N/A,N/A,4,5,6,7,1 7,9,10,11,1 11,13,1 13,4 11,5 11,4 13,5 13
1 4 5 6 7 9 10 11 12,0.0260424,25.268,Yes,N/A,N/A,N/A,4,5,6,7,1 7,9,10,11,12,1 12,4 10,4 11,4 12,5 12,6 12
4 5 6 7 9 10 11 12,0.0112741,35.2253,Yes,N/A,N/A,N/A,4,5,6,7,N/A,9,10,11,12,4 9,4 10,4 11,4 12,5 12,6 12
1 4 5 6 7 9 10 11 12 13,0.0156485,32.411,Yes,N/A,N/A,N/A,4,5,6,7,1 7,9,10,11,12,13,1 13,4 11,4 12,4 13,5 13
4 5 6 7 10 12 13,0.00814892,34.9521,Yes,N/A,N/A,N/A,4,5,6,7,N/A,4 5,10,4 7,12,13,4 10,5 10,4 12,4 13,5 13
4 5 6 7 10 11 13,0.009131,34.1031,Yes,N/A,N/A,N/A,4,5,6,7,N/A,4 5,10,11,5 7,13,4 10,4 11,5 11,4 13,5 13
4 5 6 7 10 11 12 13,0.00564604,41.8828,Yes,N/A,N/A,N/A,4,5,6,7,N/A,4 5,10,11,12,13,4 10,4 11,4 12,4 13,5 13
1 4 5 6 7 8,0.0822781,10.0438,Yes,N/A,N/A,N/A,4,5,6,7,8,1 8,4 6,4 7,4 8,5 8,6 8,7 8,1 7 8,4 5 8,4 6 8
4 5 6 7 8,0.0534087,13.0231,Yes,N/A,N/A,N/A,4,5,6,7,8,4 5,4 6,4 7,4 8,5 8,6 8,7 8,4 5 7,4 5 8,4 6 8
1 4 5 6 7 8 13,0.037495,18.7056,Yes,N/A,N/A,N/A,4,5,6,7,8,1 8,4 6,4 7,4 8,13,1 13,7 8,1 7 8,4 13,5 13
1 4 5 6 7 8 12,0.0465903,16.5851,Yes,N/A,N/A,N/A,4,5,6,7,8,1 8,4 6,4 7,12,1 12,6 8,7 8,4 12,5 12,6 12
4 5 6 7 8 12,0.0254227,21.0775,Yes,N/A,N/A,N/A,4,5,6,7,8,4 5,4 6,4 7,12,5 8,6 8,7 8,4 12,5 12,6 12
1 4 5 6 7 8 12 13,0.0225539,25.4813,Yes,N/A,N/A,N/A,4,5,6,7,8,1 8,4 6,4 7,12,13,1 13,7 8,4 12,4 13,5 13
4 5 6 7 8 13,0.0188967,23.3108,Yes,N/A,N/A,N/A,4,5,6,7,8,4 5,4 6,4 7,4 8,13,6 8,7 8,4 5 7,4 13,5 13
1 4 5 6 7 8 11,0.0559247,14.6761,Yes,N/A,N/A,N/A,4,5,6,7,8,1 8,4 6,11,1 11,5 8,6 8,4 11,5 11,6 11,7 11
4 5 6 7 8 11,0.0310623,19.7088,Yes,N/A,N/A,N/A,4,5,6,7,8,4 5,4 6,11,4 8,5 8,6 8,4 11,5 11,6 11,7 11
1 4 5 6 7 8 11 13,0.0273584,22.9168,Yes,N/A,N/A,N/A,4,5,6,7,8,1 8,4 6,11,1 11,13,1 13,4 11,5 11,4 13,5 13
1 4 5 6 7 8 11 12,0.0319959,21.7215,Yes,N/A,N/A,N/A,4,5,6,7,8,1 8,4 6,11,12,1 12,6 8,4 11,4 12,5 12,6 12
4 5 6 7 8 11 12,0.0159284,27.4028,Yes,N/A,N/A,N/A,4,5,6,7,8,4 5,4 6,11,12,5 8,6 8,4 11,4 12,5 12,6 12
1 4 5 6 7 8 11 12 13,0.0172249,29.9409,Yes,N/A,N/A,N/A,4,5,6,7,8,1 8,4 6,11,12,13,1 13,4 11,4 12,4 13,5 13
4 5 6 7 8 12 13,0.0104317,31.0508,Yes,N/A,N/A,N/A,4,5,6,7,8,4 5,4 6,4 7,12,13,6 8,7 8,4 12,4 13,5 13
1 4 5 6 7 8 10,0.0631206,13.25,Yes,N/A,N/A,N/A,4,5,6,7,8,1 8,10,1 10,4 8,5 8,4 10,5 10,6 10,7 10,8 10
4 5 6 7 8 10,0.0395795,17.5942,Yes,N/A,N/A,N/A,4,5,6,7,8,4 5,10,4 7,4 8,5 8,4 10,5 10,6 10,7 10,8 10
1 4 5 6 7 8 10 13,0.0312625,21.1074,Yes,N/A,N/A,N/A,4,5,6,7,8,1 8,10,1 10,4 8,13,1 13,5 10,6 10,4 13,5 13
1 4 5 6 7 8 10 12,0.0387226,19.0442,Yes,N/A,N/A,N/A,4,5,6,7,8,1 8,10,1 10,12,1 12,4 10,5 10,4 12,5 12,6 12
4 5 6 7 8 10 12,0.0201966,24.8287,Yes,N/A,N/A,N/A,4,5,6,7,8,4 5,10,4 7,12,5 8,4 10,5 10,4 12,5 12,6 12
1 4 5 6 7 8 10 12 13,0.0205204,26.8581,Yes,N/A,N/A,N/A,4,5,6,7,8,1 8,10,1 10,12,13,1 13,5 10,4 12,4 13,5 13
4 5 6 7 8 10 13,0.0155214,27.2426,Yes,N/A,N/A,N/A,4,5,6,7,8,4 5,10,4 7,4 8,13,4 10,5 10,6 10,4 13,5 13
1 4 5 6 7 8 10 11,0.0441106,18.0442,Yes,N/A,N/A,N/A,4,5,6,7,8,1 8,10,11,1 11,5 8,4 10,4 11,5 11,6 11,7 11
4 5 6 7 8 10 11,0.0230755,23.8492,Yes,N/A,N/A,N/A,4,5,6,7,8,4 5,10,11,4 8,5 8,4 10,4 11,5 11,6 11,7 11
1 4 5 6 7 8 10 11 13,0.0237521,25.1864,Yes,N/A,N/A,N/A,4,5,6,7,8,1 8,10,11,1 11,13,1 13,4 11,5 11,4 13,5 13
1 4 5 6 7 8 10 11 12,0.0280672,23.9163,Yes,N/A,N/A,N/A,4,5,6,7,8,1 8,10,11,12,1 12,4 10,4 11,4 12,5 12,6 12
4 5 6 7 8 10 11 12,0.0135987,30.3696,Yes,N/A,N/A,N/A,4,5,6,7,8,4 5,10,11,12,5 8,4 10,4 11,4 12,5 12,6 12
1 4 5 6 7 8 10 11 12 13,0.0167634,30.7585,Yes,N/A,N/A,N/A,4,5,6,7,8,1 8,10,11,12,13,1 13,4 11,4 12,4 13,5 13
4 5 6 7 8 11 13,0.0125633,29.5009,Yes,N/A,N/A,N/A,4,5,6,7,8,4 5,4 6,11,4 8,13,6 8,4 11,5 11,4 13,5 13
4 5 6 7 8 11 12 13,0.0075294,36.763,Yes,N/A,N/A,N/A,4,5,6,7,8,4 5,4 6,11,12,13,6 8,4 11,4 12,4 13,5 13
1 4 5 6 7 8 9,0.0728486,11.8692,Yes,N/A,N/A,N/A,4,5,6,7,8,9,1 9,4 7,4 8,4 9,5 9,6 9,7 9,8 9,1 8 9
4 5 6 7 8 9,0.0466806,16.3455,Yes,N/A,N/A,N/A,4,5,6,7,8,9,4 6,4 7,4 8,4 9,5 9,6 9,7 9,8 9,4 5 9
1 4 5 6 7 8 9 13,0.0355935,19.728,Yes,N/A,N/A,N/A,4,5,6,7,8,9,1 9,4 7,4 8,13,1 13,6 9,7 9,4 13,5 13
1 4 5 6 7 8 9 12,0.0441378,17.6015,Yes,N/A,N/A,N/A,4,5,6,7,8,9,1 9,4 7,12,1 12,5 9,6 9,4 12,5 12,6 12
4 5 6 7 8 9 12,0.0224938,24.0475,Yes,N/A,N/A,N/A,4,5,6,7,8,9,4 6,4 7,12,4 9,5 9,6 9,4 12,5 12,6 12
1 4 5 6 7 8 9 12 13,0.022889,25.7144,Yes,N/A,N/A,N/A,4,5,6,7,8,9,1 9,4 7,12,13,1 13,6 9,4 12,4 13,5 13
4 5 6 7 8 9 13,0.0178383,26.0412,Yes,N/A,N/A,N/A,4,5,6,7,8,9,4 6,4 7,4 8,13,5 9,6 9,7 9,4 13,5 13
1 4 5 6 7 8 9 11,0.0497338,16.4628,Yes,N/A,N/A,N/A,4,5,6,7,8,9,1 9,11,1 11,4 9,5 9,4 11,5 11,6 11,7 11
4 5 6 7 8 9 11,0.0268758,22.2634,Yes,N/A,N/A,N/A,4,5,6,7,8,9,4 6,11,4 8,4 9,5 9,4 11,5 11,6 11,7 11
1 4 5 6 7 8 9 11 13,0.026524,23.7385,Yes,N/A,N/A,N/A,4,5,6,7,8,9,1 9,11,1 11,13,1 13,4 11,5 11,4 13,5 13
1 4 5 6 7 8 9 11 12,0.0318239,21.9748,Yes,N/A,N/A,N/A,4,5,6,7,8,9,1 9,11,12,1 12,5 9,4 11,4 12,5 12,6 12
4 5 6 7 8 9 11 12,0.0150684,29.4155,Yes,N/A,N/A,N/A,4,5,6,7,8,9,4 6,11,12,4 9,5 9,4 11,4 12,5 12,6 12
1 4 5 6 7 8 9 11 12 13,0.0184812,29.2748,Yes,N/A,N/A,N/A,4,5,6,7,8,9,1 9,11,12,13,1 13,4 11,4 12,4 13,5 13
4 5 6 7 8 9 12 13,0.0103928,33.159,Yes,N/A,N/A,N/A,4,5,6,7,8,9,4 6,4 7,12,13,5 9,6 9,4 12,4 13,5 13
1 4 5 6 7 8 9 10,0.0572146,14.8989,Yes,N/A,N/A,N/A,4,5,6,7,8,9,10,1 10,4 8,4 9,4 10,5 10,6 10,7 10,8 10
4 5 6 7 8 9 10,0.0317135,20.2717,Yes,N/A,N/A,N/A,4,5,6,7,8,9,10,4 7,4 8,4 9,4 10,5 10,6 10,7 10,8 10
1 4 5 6 7 8 9 10 13,0.0302392,22.2175,Yes,N/A,N/A,N/A,4,5,6,7,8,9,10,1 10,4 8,13,1 13,5 10,6 10,4 13,5 13
1 4 5 6 7 8 9 10 12,0.0366157,20.1247,Yes,N/A,N/A,N/A,4,5,6,7,8,9,10,1 10,12,1 12,4 10,5 10,4 12,5 12,6 12
4 5 6 7 8 9 10 12,0.0180979,26.7912,Yes,N/A,N/A,N/A,4,5,6,7,8,9,10,4 7,12,4 9,4 10,5 10,4 12,5 12,6 12
1 4 5 6 7 8 9 10 12 13,0.0212222,27.1861,Yes,N/A,N/A,N/A,4,5,6,7,8,9,10,1 10,12,13,1 13,5 10,4 12,4 13,5 13
4 5 6 7 8 9 10 13,0.0142787,29.2609,Yes,N/A,N/A,N/A,4,5,6,7,8,9,10,4 7,4 8,13,4 10,5 10,6 10,4 13,5 13
1 4 5 6 7 8 9 10 11,0.0416864,18.8068,Yes,N/A,N/A,N/A,4,5,6,7,8,9,10,11,1 11,4 9,4 10,4 11,5 11,6 11,7 11
4 5 6 7 8 9 10 11,0.0208704,25.532,Yes,N/A,N/A,N/A,4,5,6,7,8,9,10,11,4 8,4 9,4 10,4 11,5 11,6 11,7 11
1 4 5 6 7 8 9 10 11 13,0.0242751,25.419,Yes,N/A,N/A,N/A,4,5,6,7,8,9,10,11,1 11,13,1 13,4 11,5 11,4 13,5 13
1 4 5 6 7 8 9 10 11 12,0.029045,23.5444,Yes,N/A,N/A,N/A,4,5,6,7,8,9,10,11,12,1 12,4 10,4 11,4 12,5 12,6 12
4 5 6 7 8 9 10 11 12,0.0133861,31.4842,Yes,N/A,N/A,N/A,4,5,6,7,8,9,10,11,12,4 9,4 10,4 11,4 12,5 12,6 12
1 4 5 6 7 8 9 10 11 12 13,0.0187392,29.5812,Yes,N/A,N/A,N/A,4,5,6,7,8,9,10,11,12,13,1 13,4 11,4 12,4 13,5 13
5 7 9 11 13,0.00686691,33.6703,Yes,N/A,N/A,N/A,N/A,5,N/A,7,N/A,9,N/A,11,5 7,13,5 9,N/A,5 11,N/A,5 13
5 7 9 11 12 13,0.00308162,43.4711,Yes,N/A,N/A,N/A,N/A,5,N/A,7,N/A,9,N/A,11,12,13,5 9,N/A,5 11,5 12,5 13
5 7 9 10 12 13,0.00378889,41.3294,Yes,N/A,N/A,N/A,N/A,5,N/A,7,N/A,9,10,N/A,12,13,5 9,5 10,7 9,5 12,5 13
5 7 9 10 11 13,0.00558404,37.0723,Yes,N/A,N/A,N/A,N/A,5,N/A,7,N/A,9,10,11,5 7,13,5 9,5 10,5 11,7 10,5 13
5 7 9 10 11 12 13,0.0030519,45.8325,Yes,N/A,N/A,N/A,N/A,5,N/A,7,N/A,9,10,11,12,13,5 9,5 10,5 11,5 12,5 13
5 7 8 10 12 13,0.00316407,43.467,Yes,N/A,N/A,N/A,N/A,5,N/A,7,8,N/A,10,N/A,12,13,N/A,5 10,N/A,5 12,5 13
5 7 8 10 11 13,0.00499411,38.6386,Yes,N/A,N/A,N/A,N/A,5,N/A,7,8,N/A,10,11,5 7,13,N/A,5 10,5 11,7 10,5 13
5 7 8 10 11 12 13,0.00274361,48.0146,Yes,N/A,N/A,N/A,N/A,5,N/A,7,8,N/A,10,11,12,13,N/A,5 10,5 11,5 12,5 13
5 7 8 9 11 13,0.00633279,36.1338,Yes,N/A,N/A,N/A,N/A,5,N/A,7,8,9,N/A,11,5 7,13,5 9,7 8,5 11,8 9,5 13
5 7 8 9 11 12 13,0.00354006,44.9801,Yes,N/A,N/A,N/A,N/A,5,N/A,7,8,9,N/A,11,12,13,5 9,7 8,5 11,5 12,5 13
5 7 8 9 10 12 13,0.00377371,44.1476,Yes,N/A,N/A,N/A,N/A,5,N/A,7,8,9,10,N/A,12,13,5 9,5 10,7 9,5 12,5 13
5 7 8 9 10 11 13,0.00515387,38.8835,Yes,N/A,N/A,N/A,N/A,5,N/A,7,8,9,10,11,5 7,13,5 9,5 10,5 11,7 10,5 13
5 7 8 9 10 11 12 13,0.0033809,46.0824,Yes,N/A,N/A,N/A,N/A,5,N/A,7,8,9,10,11,12,13,5 9,5 10,5 11,5 12,5 13
5 6 8 10 12 13,0.00533402,37.5607,Yes,N/A,N/A,N/A,N/A,5,6,N/A,8,N/A,10,5 6,12,13,6 8,5 10,6 10,5 12,5 13
5 6 8 10 11 13,0.0050534,39.203,Yes,N/A,N/A,N/A,N/A,5,6,N/A,8,N/A,10,11,N/A,13,6 8,5 10,5 11,6 11,5 13
5 6 8 10 11 12 13,0.00351706,45.244,Yes,N/A,N/A,N/A,N/A,5,6,N/A,8,N/A,10,11,12,13,6 8,5 10,5 11,5 12,5 13
5 6 8 9 11 13,0.00542597,38.5354,Yes,N/A,N/A,N/A,N/A,5,6,N/A,8,9,N/A,11,N/A,13,5 9,6 9,5 11,6 11,5 13
5 6 8 9 11 12 13,0.00369126,44.7184,Yes,N/A,N/A,N/A,N/A,5,6,N/A,8,9,N/A,11,12,13,5 9,6 9,5 11,5 12,5 13
5 6 8 9 10 12 13,0.00500074,39.7444,Yes,N/A,N/A,N/A,N/A,5,6,N/A,8,9,10,5 6,12,13,5 9,5 10,6 10,5 12,5 13
5 6 8 9 10 11 13,0.00481817,42.1654,Yes,N/A,N/A,N/A,N/A,5,6,N/A,8,9,10,11,N/A,13,5 9,5 10,5 11,6 11,5 13
5 6 8 9 10 11 12 13,0.00377677,45.6563,Yes,N/A,N/A,N/A,N/A,5,6,N/A,8,9,10,11,12,13,5 9,5 10,5 11,5 12,5 13
5 6 7 9 11 13,0.00700992,35.5808,Yes,N/A,N/A,N/A,N/A,5,6,7,N/A,9,N/A,11,5 7,13,5 9,6 9,5 11,6 11,5 13
5 6 7 9 11 12 13,0.00369212,44.925,Yes,N/A,N/A,N/A,N/A,5,6,7,N/A,9,N/A,11,12,13,5 9,6 9,5 11,5 12,5 13
5 6 7 9 10 12 13,0.00497893,40.0609,Yes,N/A,N/A,N/A,N/A,5,6,7,N/A,9,10,5 6,12,13,5 9,5 10,6 10,5 12,5 13
5 6 7 9 10 11 13,0.00586093,38.767,Yes,N/A,N/A,N/A,N/A,5,6,7,N/A,9,10,11,5 7,13,5 9,5 10,5 11,6 11,5 13
5 6 7 9 10 11 12 13,0.00368389,46.6273,Yes,N/A,N/A,N/A,N/A,5,6,7,N/A,9,10,11,12,13,5 9,5 10,5 11,5 12,5 13
5 6 7 8 10 12 13,0.00517325,40.04,Yes,N/A,N/A,N/A,N/A,5,6,7,8,N/A,10,5 6,12,13,6 8,5 10,6 10,5 12,5 13
5 6 7 8 10 11 13,0.0063704,38.3775,Yes,N/A,N/A,N/A,N/A,5,6,7,8,N/A,10,11,5 7,13,6 8,5 10,5 11,6 11,5 13
5 6 7 8 10 11 12 13,0.00384367,46.571,Yes,N/A,N/A,N/A,N/A,5,6,7,8,N/A,10,11,12,13,6 8,5 10,5 11,5 12,5 13
5 6 7 8 9 11 13,0.00683094,37.6852,Yes,N/A,N/A,N/A,N/A,5,6,7,8,9,N/A,11,5 7,13,5 9,6 9,5 11,6 11,5 13
5 6 7 8 9 11 12 13,0.0041701,45.8103,Yes,N/A,N/A,N/A,N/A,5,6,7,8,9,N/A,11,12,13,5 9,6 9,5 11,5 12,5 13
5 6 7 8 9 10 12 13,0.00544202,39.7533,Yes,N/A,N/A,N/A,N/A,5,6,7,8,9,10,5 6,12,13,5 9,5 10,6 10,5 12,5 13
5 6 7 8 9 10 11 13,0.00636505,38.2156,Yes,N/A,N/A,N/A,N/A,5,6,7,8,9,10,11,5 7,13,5 9,5 10,5 11,6 11,5 13
5 6 7 8 9 10 11 12 13,0.00451604,43.9559,Yes,N/A,N/A,N/A,N/A,5,6,7,8,9,10,11,12,13,5 9,5 10,5 11,5 12,5 13
1 3,0.0146605,3.92978,Yes,N/A,N/A,3,1 3,N/A,N/A,N/A,N/A,N/A,N/A,N/A,N/A,N/A,N/A,N/A,N/A,N/A,N/A
3,0.00462963,2.98611,Yes,N/A,N/A,3,N/A,N/A,N/A,N/A,N/A,N/A,N/A,N/A,N/A,N/A,N/A,N/A,N/A,N/A,N/A
1 3 13,0.0220122,13.9735,Yes,N/A,N/A,3,1 3,N/A,N/A,N/A,N/A,N/A,N/A,N/A,N/A,13,1 13,N/A,3 13,1 3 13,N/A
1 3 12,0.0397877,12.09,Yes,N/A,N/A,3,1 3,N/A,N/A,N/A,N/A,N/A,N/A,N/A,12,1 12,N/A,3 12,1 3 12,N/A,N/A
3 12,0.047368,12.8947,Yes,N/A,N/A,3,N/A,N/A,N/A,N/A,N/A,N/A,N/A,N/A,12,N/A,N/A,3 12,N/A,N/A,N/A
1 3 12 13,0.0189627,22.7958,Yes,N/A,N/A,3,1 3,N/A,N/A,N/A,N/A,N/A,N/A,N/A,12,13,1 13,3 12,3 13,1 3 13,N/A
3 13,0.028678,14.2706,Yes,N/A,N/A,3,N/A,N/A,N/A,N/A,N/A,N/A,N/A,N/A,N/A,13,N/A,N/A,3 13,N/A,N/A
1 3 11,0.0626072,10.4461,Yes,N/A,N/A,3,1 3,N/A,N/A,N/A,N/A,N/A,N/A,11,1 11,N/A,3 11,1 3 11,N/A,N/A,N/A
3 11,0.0706019,11.6308,Yes,N/A,N/A,3,N/A,N/A,N/A,N/A,N/A,N/A,N/A,11,N/A,N/A,3 11,N/A,N/A,N/A,N/A
1 3 11 13,0.0276322,20.1473,Yes,N/A,N/A,3,1 3,N/A,N/A,N/A,N/A,N/A,N/A,11,1 11,13,1 13,1 3 11,3 13,1 3 13,N/A
1 3 11 12,0.0375687,19.1275,Yes,N/A,N/A,3,1 3,N/A,N/A,N/A,N/A,N/A,N/A,11,12,1 12,3 11,3 12,1 3 12,N/A,N/A
3 11 12,0.0280511,20.8437,Yes,N/A,N/A,3,N/A,N/A,N/A,N/A,N/A,N/A,N/A,11,12,N/A,3 11,3 12,N/A,N/A,N/A
1 3 11 12 13,0.0149714,30.2008,Yes,N/A,N/A,3,1 3,N/A,N/A,N/A,N/A,N/A,N/A,11,12,13,1 13,3 12,3 13,1 3 13,N/A
3 12 13,0.0157447,23.6789,Yes,N/A,N/A,3,N/A,N/A,N/A,N/A,N/A,N/A,N/A,N/A,12,13,N/A,3 12,3 13,N/A,N/A
1 3 10,0.0904707,9.01312,Yes,N/A,N/A,3,1 3,N/A,N/A,N/A,N/A,N/A,10,1 10,N/A,3 10,1 3 10,N/A,N/A,N/A,N/A
3 10,0.0983796,10.4647,Yes,N/A,N/A,3,N/A,N/A,N/A,N/A,N/A,N/A,10,N/A,N/A,3 10,N/A,N/A,N/A,N/A,N/A
1 3 10 13,0.0283002,19.9777,Yes,N/A,N/A,3,1 3,N/A,N/A,N/A,N/A,N/A,10,1 10,N/A,13,1 13,N/A,3 13,1 3 13,N/A
1 3 10 12,0.0498623,16.6426,Yes,N/A,N/A,3,1 3,N/A,N/A,N/A,N/A,N/A,10,1 10,12,1 12,1 3 10,3 12,1 3 12,N/A,N/A
3 10 12,0.0344811,19.6257,Yes,N/A,N/A,3,N/A,N/A,N/A,N/A,N/A,N/A,10,N/A,12,3 10,N/A,3 12,N/A,N/A,N/A
1 3 10 12 13,0.0191946,27.3115,Yes,N/A,N/A,3,1 3,N/A,N/A,N/A,N/A,N/A,10,1 10,12,13,1 13,3 12,3 13,1 3 13,N/A
3 10 13,0.0167342,22.5175,Yes,N/A,N/A,3,N/A,N/A,N/A,N/A,N/A,N/A,10,N/A,N/A,13,N/A,N/A,3 13,N/A,N/A
1 3 10 11,0.0603781,15.9243,Yes,N/A,N/A,3,1 3,N/A,N/A,N/A,N/A,N/A,10,11,1 11,3 10,3 11,1 3 11,N/A,N/A,N/A
3 10 11,0.0421007,18.2778,Yes,N/A,N/A,3,N/A,N/A,N/A,N/A,N/A,N/A,10,11,N/A,3 10,3 11,N/A,N/A,N/A,N/A
1 3 10 11 13,0.0208878,26.3505,Yes,N/A,N/A,3,1 3,N/A,N/A,N/A,N/A,N/A,10,11,1 11,13,1 13,1 3 11,3 13,1 3 13,N/A
1 3 10 11 12,0.0294642,24.938,Yes,N/A,N/A,3,1 3,N/A,N/A,N/A,N/A,N/A,10,11,12,1 12,3 11,3 12,1 3 12,N/A,N/A
3 10 11 12,0.0190088,26.3962,Yes,N/A,N/A,3,N/A,N/A,N/A,N/A,N/A,N/A,10,11,12,3 10,3 11,3 12,N/A,N/A,N/A
1 3 10 11 12 13,0.0126936,35.5976,Yes,N/A,N/A,3,1 3,N/A,N/A,N/A,N/A,N/A,10,11,12,13,1 13,3 12,3 13,1 3 13,N/A
3 11 13,0.0207851,22.3445,Yes,N/A,N/A,3,N/A,N/A,N/A,N/A,N/A,N/A,N/A,11,N/A,13,3 11,N/A,3 13,N/A,N/A
3 11 12 13,0.0106319,30.8182,Yes,N/A,N/A,3,N/A,N/A,N/A,N/A,N/A,N/A,N/A,11,12,13,3 11,3 12,3 13,N/A,N/A
1 3 9,0.121063,7.93179,Yes,N/A,N/A,3,1 3,N/A,N/A,N/A,N/A,9,1 9,N/A,3 9,1 3 9,N/A,N/A,N/A,N/A,N/A
3 9,0.116812,9.54913,Yes,N/A,N/A,3,N/A,N/A,N/A,N/A,N/A,9,N/A,N/A,3 9,N/A,N/A,N/A,N/A,N/A,N/A
1 3 9 13,0.0420599,17.7048,Yes,N/A,N/A,3,1 3,N/A,N/A,N/A,N/A,9,1 9,N/A,3 9,13,1 13,N/A,3 13,1 3 13,N/A
1 3 9 12,0.0464208,17.1062,Yes,N/A,N/A,3,1 3,N/A,N/A,N/A,N/A,9,1 9,N/A,12,1 12,N/A,3 12,1 3 12,N/A,N/A
3 9 12,0.0244848,20.273,Yes,N/A,N/A,3,N/A,N/A,N/A,N/A,N/A,9,N/A,N/A,12,N/A,N/A,3 12,N/A,N/A,N/A
1 3 9 12 13,0.0194072,26.8514,Yes,N/A,N/A,3,1 3,N/A,N/A,N/A,N/A,9,1 9,N/A,12,13,1 13,3 12,3 13,1 3 13,N/A
3 9 13,0.0292478,20.2217,Yes,N/A,N/A,3,N/A,N/A,N/A,N/A,N/A,9,N/A,N/A,3 9,13,N/A,N/A,3 13,N/A,N/A
1 3 9 11,0.0729485,13.7965,Yes,N/A,N/A,3,1 3,N/A,N/A,N/A,N/A,9,1 9,11,1 11,1 3 9,3 11,1 3 11,N/A,N/A,N/A
3 9 11,0.0454122,17.3838,Yes,N/A,N/A,3,N/A,N/A,N/A,N/A,N/A,9,N/A,11,3 9,N/A,3 11,N/A,N/A,N/A,N/A
1 3 9 11 13,0.0281048,23.3694,Yes,N/A,N/A,3,1 3,N/A,N/A,N/A,N/A,9,1 9,11,1 11,13,1 13,1 3 11,3 13,1 3 13,N/A
1 3 9 11 12,0.03437,22.3687,Yes,N/A,N/A,3,1 3,N/A,N/A,N/A,N/A,9,1 9,11,12,1 12,3 11,3 12,1 3 12,N/A,N/A
3 9 11 12,0.0148099,27.4653,Yes,N/A,N/A,3,N/A,N/A,N/A,N/A,N/A,9,N/A,11,12,N/A,3 11,3 12,N/A,N/A,N/A
1 3 9 11 12 13,0.0151953,32.3505,Yes,N/A,N/A,3,1 3,N/A,N/A,N/A,N/A,9,1 9,11,12,13,1 13,3 12,3 13,1 3 13,N/A
3 9 12 13,0.00941022,30.5225,Yes,N/A,N/A,3,N/A,N/A,N/A,N/A,N/A,9,N/A,N/A,12,13,N/A,3 12,3 13,N/A,N/A
1 3 9 10,0.0797807,13.4626,Yes,N/A,N/A,3,1 3,N/A,N/A,N/A,N/A,9,10,1 10,3 9,3 10,1 3 10,N/A,N/A,N/A,N/A
3 9 10,0.0518422,16.184,Yes,N/A,N/A,3,N/A,N/A,N/A,N/A,N/A,9,10,N/A,3 9,3 10,N/A,N/A,N/A,N/A,N/A
1 3 9 10 13,0.0308224,23.2699,Yes,N/A,N/A,3,1 3,N/A,N/A,N/A,N/A,9,10,1 10,3 9,13,1 13,N/A,3 13,1 3 13,N/A
1 3 9 10 12,0.0341169,21.7264,Yes,N/A,N/A,3,1 3,N/A,N/A,N/A,N/A,9,10,1 10,12,1 12,1 3 10,3 12,1 3 12,N/A,N/A
3 9 10 12,0.0170426,26.1821,Yes,N/A,N/A,3,N/A,N/A,N/A,N/A,N/A,9,10,N/A,12,3 10,N/A,3 12,N/A,N/A,N/A
1 3 9 10 12 13,0.0157934,31.56,Yes,N/A,N/A,3,1 3,N/A,N/A,N/A,N/A,9,10,1 10,12,13,1 13,3 12,3 13,1 3 13,N/A
3 9 10 13,0.014289,27.6162,Yes,N/A,N/A,3,N/A,N/A,N/A,N/A,N/A,9,10,N/A,3 9,13,N/A,N/A,3 13,N/A,N/A
1 3 9 10 11,0.0432182,20.6519,Yes,N/A,N/A,3,1 3,N/A,N/A,N/A,N/A,9,10,11,1 11,3 10,3 11,1 3 11,N/A,N/A,N/A
3 9 10 11,0.0255192,22.7984,Yes,N/A,N/A,3,N/A,N/A,N/A,N/A,N/A,9,10,11,3 9,3 10,3 11,N/A,N/A,N/A,N/A
1 3 9 10 11 13,0.0187096,30.1344,Yes,N/A,N/A,3,1 3,N/A,N/A,N/A,N/A,9,10,11,1 11,13,1 13,1 3 11,3 13,1 3 13,N/A
1 3 9 10 11 12,0.0227319,28.9736,Yes,N/A,N/A,3,1 3,N/A,N/A,N/A,N/A,9,10,11,12,1 12,3 11,3 12,1 3 12,N/A,N/A
3 9 10 11 12,0.0113354,31.7467,Yes,N/A,N/A,3,N/A,N/A,N/A,N/A,N/A,9,10,11,12,3 10,3 11,3 12,N/A,N/A,N/A
1 3 9 10 11 12 13,0.0115472,38.7598,Yes,N/A,N/A,3,1 3,N/A,N/A,N/A,N/A,9,10,11,12,13,1 13,3 12,3 13,1 3 13,N/A
3 10 12 13,0.00922532,31.2447,Yes,N/A,N/A,3,N/A,N/A,N/A,N/A,N/A,N/A,10,N/A,12,13,N/A,3 12,3 13,N/A,N/A
3 10 11 13,0.0113812,29.8083,Yes,N/A,N/A,3,N/A,N/A,N/A,N/A,N/A,N/A,10,11,N/A,13,3 11,N/A,3 13,N/A,N/A
3 10 11 12 13,0.00697648,37.2215,Yes,N/A,N/A,3,N/A,N/A,N/A,N/A,N/A,N/A,10,11,12,13,3 11,3 12,3 13,N/A,N/A
1 3 8,0.140496,7.29865,Yes,N/A,N/A,3,1 3,N/A,N/A,N/A,8,1 8,N/A,3 8,1 3 8,N/A,N/A,N/A,N/A,N/A,N/A
3 8,0.1259,8.82838,Yes,N/A,N/A,3,N/A,N/A,N/A,N/A,8,N/A,N/A,3 8,N/A,N/A,N/A,N/A,N/A,N/A,N/A
1 3 8 13,0.0552796,15.786,Yes,N/A,N/A,3,1 3,N/A,N/A,N/A,8,1 8,N/A,3 8,1 3 8,13,1 13,N/A,3 13,1 3 13,N/A
1 3 8 12,0.0617668,15.0676,Yes,N/A,N/A,3,1 3,N/A,N/A,N/A,8,1 8,N/A,3 8,12,1 12,N/A,3 12,1 3 12,N/A,N/A
3 8 12,0.0382498,18.0733,Yes,N/A,N/A,3,N/A,N/A,N/A,N/A,8,N/A,N/A,3 8,12,N/A,N/A,3 12,N/A,N/A,N/A
1 3 8 12 13,0.026051,24.3403,Yes,N/A,N/A,3,1 3,N/A,N/A,N/A,8,1 8,N/A,3 8,12,13,1 13,3 12,3 13,1 3 13,N/A
3 8 13,0.0299694,19.5558,Yes,N/A,N/A,3,N/A,N/A,N/A,N/A,8,N/A,N/A,3 8,N/A,13,N/A,N/A,3 13,N/A,N/A
1 3 8 11,0.0606505,14.9033,Yes,N/A,N/A,3,1 3,N/A,N/A,N/A,8,1 8,N/A,11,1 11,N/A,3 11,1 3 11,N/A,N/A,N/A
3 8 11,0.0294657,18.2943,Yes,N/A,N/A,3,N/A,N/A,N/A,N/A,8,N/A,N/A,11,N/A,N/A,3 11,N/A,N/A,N/A,N/A
1 3 8 11 13,0.0263646,23.3369,Yes,N/A,N/A,3,1 3,N/A,N/A,N/A,8,1 8,N/A,11,1 11,13,1 13,1 3 11,3 13,1 3 13,N/A
1 3 8 11 12,0.0314036,22.424,Yes,N/A,N/A,3,1 3,N/A,N/A,N/A,8,1 8,N/A,11,12,1 12,3 11,3 12,1 3 12,N/A,N/A
3 8 11 12,0.013646,26.9348,Yes,N/A,N/A,3,N/A,N/A,N/A,N/A,8,N/A,N/A,11,12,N/A,3 11,3 12,N/A,N/A,N/A
1 3 8 11 12 13,0.0148097,32.2133,Yes,N/A,N/A,3,1 3,N/A,N/A,N/A,8,1 8,N/A,11,12,13,1 13,3 12,3 13,1 3 13,N/A
3 8 12 13,0.013062,28.0718,Yes,N/A,N/A,3,N/A,N/A,N/A,N/A,8,N/A,N/A,3 8,12,13,N/A,3 12,3 13,N/A,N/A
1 3 8 10,0.0882675,11.7062,Yes,N/A,N/A,3,1 3,N/A,N/A,N/A,8,1 8,10,1 10,1 3 8,3 10,1 3 10,N/A,N/A,N/A,8 10
3 8 10,0.0505348,15.4755,Yes,N/A,N/A,3,N/A,N/A,N/A,N/A,8,N/A,10,3 8,N/A,3 10,N/A,N/A,N/A,N/A,8 10
1 3 8 10 13,0.0325805,21.3037,Yes,N/A,N/A,3,1 3,N/A,N/A,N/A,8,1 8,10,1 10,1 3 8,13,1 13,N/A,3 13,1 3 13,8 10
1 3 8 10 12,0.0419709,19.0474,Yes,N/A,N/A,3,1 3,N/A,N/A,N/A,8,1 8,10,1 10,12,1 12,1 3 10,3 12,1 3 12,N/A,8 10
3 8 10 12,0.0213903,23.635,Yes,N/A,N/A,3,N/A,N/A,N/A,N/A,8,N/A,10,3 8,12,3 10,N/A,3 12,N/A,N/A,8 10
1 3 8 10 12 13,0.0193088,28.2772,Yes,N/A,N/A,3,1 3,N/A,N/A,N/A,8,1 8,10,1 10,12,13,1 13,3 12,3 13,1 3 13,8 10
3 8 10 13,0.0142979,26.9193,Yes,N/A,N/A,3,N/A,N/A,N/A,N/A,8,N/A,10,3 8,N/A,13,N/A,N/A,3 13,N/A,8 10
1 3 8 10 11,0.0465291,18.4887,Yes,N/A,N/A,3,1 3,N/A,N/A,N/A,8,1 8,10,11,1 11,3 10,3 11,1 3 11,N/A,N/A,8 10
3 8 10 11,0.01884,24.129,Yes,N/A,N/A,3,N/A,N/A,N/A,N/A,8,N/A,10,11,N/A,3 10,3 11,N/A,N/A,N/A,8 10
1 3 8 10 11 13,0.0196974,27.6892,Yes,N/A,N/A,3,1 3,N/A,N/A,N/A,8,1 8,10,11,1 11,13,1 13,1 3 11,3 13,1 3 13,8 10
1 3 8 10 11 12,0.025223,26.0827,Yes,N/A,N/A,3,1 3,N/A,N/A,N/A,8,1 8,10,11,12,1 12,3 11,3 12,1 3 12,N/A,8 10
3 8 10 11 12,0.010516,31.2912,Yes,N/A,N/A,3,N/A,N/A,N/A,N/A,8,N/A,10,11,12,3 10,3 11,3 12,N/A,N/A,8 10
1 3 8 10 11 12 13,0.0129559,35.1644,Yes,N/A,N/A,3,1 3,N/A,N/A,N/A,8,1 8,10,11,12,13,1 13,3 12,3 13,1 3 13,8 10
3 8 11 13,0.0106524,28.5431,Yes,N/A,N/A,3,N/A,N/A,N/A,N/A,8,N/A,N/A,11,N/A,13,3 11,N/A,3 13,N/A,N/A
3 8 11 12 13,0.00625968,36.2076,Yes,N/A,N/A,3,N/A,N/A,N/A,N/A,8,N/A,N/A,11,12,13,3 11,3 12,3 13,N/A,N/A
1 3 8 9,0.0874831,11.5782,Yes,N/A,N/A,3,1 3,N/A,N/A,N/A,8,9,1 9,3 8,3 9,1 3 9,N/A,N/A,N/A,8 9,1 8 9
3 8 9,0.0518815,14.4462,Yes,N/A,N/A,3,N/A,N/A,N/A,N/A,8,9,N/A,3 8,3 9,N/A,N/A,N/A,N/A,8 9,N/A
1 3 8 9 13,0.0385945,19.9335,Yes,N/A,N/A,3,1 3,N/A,N/A,N/A,8,9,1 9,3 8,3 9,13,1 13,N/A,3 13,1 3 13,1 8 9
1 3 8 9 12,0.0428945,19.1974,Yes,N/A,N/A,3,1 3,N/A,N/A,N/A,8,9,1 9,3 8,12,1 12,N/A,3 12,1 3 12,8 9,1 8 9
3 8 9 12,0.0185552,24.4049,Yes,N/A,N/A,3,N/A,N/A,N/A,N/A,8,9,N/A,3 8,12,N/A,N/A,3 12,N/A,8 9,N/A
1 3 8 9 12 13,0.0207469,27.5493,Yes,N/A,N/A,3,1 3,N/A,N/A,N/A,8,9,1 9,3 8,12,13,1 13,3 12,3 13,1 3 13,1 8 9
3 8 9 13,0.0178095,24.2558,Yes,N/A,N/A,3,N/A,N/A,N/A,N/A,8,9,N/A,3 8,3 9,13,N/A,N/A,3 13,8 9,N/A
1 3 8 9 11,0.0436371,17.8534,Yes,N/A,N/A,3,1 3,N/A,N/A,N/A,8,9,1 9,11,1 11,1 3 9,3 11,1 3 11,N/A,8 9,1 8 9
3 8 9 11,0.0206869,23.0407,Yes,N/A,N/A,3,N/A,N/A,N/A,N/A,8,9,N/A,11,3 9,N/A,3 11,N/A,N/A,8 9,N/A
1 3 8 9 11 13,0.0212797,26.4484,Yes,N/A,N/A,3,1 3,N/A,N/A,N/A,8,9,1 9,11,1 11,13,1 13,1 3 11,3 13,1 3 13,1 8 9
1 3 8 9 11 12,0.0252913,25.2365,Yes,N/A,N/A,3,1 3,N/A,N/A,N/A,8,9,1 9,11,12,1 12,3 11,3 12,1 3 12,8 9,1 8 9
3 8 9 11 12,0.00946362,32.4819,Yes,N/A,N/A,3,N/A,N/A,N/A,N/A,8,9,N/A,11,12,N/A,3 11,3 12,N/A,8 9,N/A
1 3 8 9 11 12 13,0.0133653,34.2827,Yes,N/A,N/A,3,1 3,N/A,N/A,N/A,8,9,1 9,11,12,13,1 13,3 12,3 13,1 3 13,1 8 9
3 8 9 12 13,0.00824111,33.4949,Yes,N/A,N/A,3,N/A,N/A,N/A,N/A,8,9,N/A,3 8,12,13,N/A,3 12,3 13,8 9,N/A
1 3 8 9 10,0.0514583,17.2231,Yes,N/A,N/A,3,1 3,N/A,N/A,N/A,8,9,10,1 10,3 9,3 10,1 3 10,N/A,N/A,8 9,8 10
3 8 9 10,0.0298458,19.7954,Yes,N/A,N/A,3,N/A,N/A,N/A,N/A,8,9,10,3 8,3 9,3 10,N/A,N/A,N/A,8 9,8 10
1 3 8 9 10 13,0.0246912,25.8883,Yes,N/A,N/A,3,1 3,N/A,N/A,N/A,8,9,10,1 10,3 9,13,1 13,N/A,3 13,1 3 13,8 10
1 3 8 9 10 12,0.028044,24.0829,Yes,N/A,N/A,3,1 3,N/A,N/A,N/A,8,9,10,1 10,12,1 12,1 3 10,3 12,1 3 12,8 9,8 10
3 8 9 10 12,0.0134533,28.5852,Yes,N/A,N/A,3,N/A,N/A,N/A,N/A,8,9,10,3 8,12,3 10,N/A,3 12,N/A,8 9,8 10
1 3 8 9 10 12 13,0.0151547,32.801,Yes,N/A,N/A,3,1 3,N/A,N/A,N/A,8,9,10,1 10,12,13,1 13,3 12,3 13,1 3 13,8 10
3 8 9 10 13,0.0109013,30.2474,Yes,N/A,N/A,3,N/A,N/A,N/A,N/A,8,9,10,3 8,3 9,13,N/A,N/A,3 13,8 9,8 10
1 3 8 9 10 11,0.0313305,23.4071,Yes,N/A,N/A,3,1 3,N/A,N/A,N/A,8,9,10,11,1 11,3 10,3 11,1 3 11,N/A,8 9,8 10
3 8 9 10 11,0.0150492,27.0736,Yes,N/A,N/A,3,N/A,N/A,N/A,N/A,8,9,10,11,3 9,3 10,3 11,N/A,N/A,8 9,8 10
1 3 8 9 10 11 13,0.0161031,31.8495,Yes,N/A,N/A,3,1 3,N/A,N/A,N/A,8,9,10,11,1 11,13,1 13,1 3 11,3 13,1 3 13,8 10
1 3 8 9 10 11 12,0.0194499,30.381,Yes,N/A,N/A,3,1 3,N/A,N/A,N/A,8,9,10,11,12,1 12,3 11,3 12,1 3 12,8 9,8 10
3 8 9 10 11 12,0.00842534,34.8668,Yes,N/A,N/A,3,N/A,N/A,N/A,N/A,8,9,10,11,12,3 10,3 11,3 12,N/A,8 9,8 10
1 3 8 9 10 11 12 13,0.0113526,39.1201,Yes,N/A,N/A,3,1 3,N/A,N/A,N/A,8,9,10,11,12,13,1 13,3 12,3 13,1 3 13,8 10
3 9 11 13,0.0156956,27.2049,Yes,N/A,N/A,3,N/A,N/A,N/A,N/A,N/A,9,N/A,11,3 9,13,3 11,N/A,3 13,N/A,N/A
3 9 11 12 13,0.00689383,36.5991,Yes,N/A,N/A,3,N/A,N/A,N/A,N/A,N/A,9,N/A,11,12,13,3 11,3 12,3 13,N/A,N/A
3 9 10 12 13,0.00624264,37.3286,Yes,N/A,N/A,3,N/A,N/A,N/A,N/A,N/A,9,10,N/A,12,13,N/A,3 12,3 13,N/A,N/A
3 9 10 11 13,0.00950831,33.366,Yes,N/A,N/A,3,N/A,N/A,N/A,N/A,N/A,9,10,11,3 9,13,3 11,N/A,3 13,N/A,N/A
3 9 10 11 12 13,0.0052696,41.7365,Yes,N/A,N/A,3,N/A,N/A,N/A,N/A,N/A,9,10,11,12,13,3 11,3 12,3 13,N/A,N/A
1 3 7,0.14877,7.00195,Yes,N/A,N/A,3,1 3,N/A,N/A,7,1 7,N/A,3 7,1 3 7,N/A,N/A,N/A,N/A,N/A,N/A,N/A
3 7,0.125643,8.24678,Yes,N/A,N/A,3,N/A,N/A,N/A,7,N/A,N/A,3 7,N/A,N/A,N/A,N/A,N/A,N/A,N/A,N/A
1 3 7 13,0.0546812,15.7101,Yes,N/A,N/A,3,1 3,N/A,N/A,7,1 7,N/A,3 7,1 3 7,N/A,13,1 13,N/A,3 13,1 3 13,N/A
1 3 7 12,0.0732021,13.5118,Yes,N/A,N/A,3,1 3,N/A,N/A,7,1 7,N/A,3 7,1 3 7,12,1 12,N/A,3 12,1 3 12,N/A,N/A
3 7 12,0.0355885,17.612,Yes,N/A,N/A,3,N/A,N/A,N/A,7,N/A,N/A,3 7,N/A,12,N/A,N/A,3 12,N/A,N/A,N/A
1 3 7 12 13,0.0280852,22.6912,Yes,N/A,N/A,3,1 3,N/A,N/A,7,1 7,N/A,3 7,1 3 7,12,13,1 13,3 12,3 13,1 3 13,N/A
3 7 13,0.0283511,19.0709,Yes,N/A,N/A,3,N/A,N/A,N/A,7,N/A,N/A,3 7,N/A,N/A,13,N/A,N/A,3 13,N/A,N/A
1 3 7 11,0.0727693,13.1433,Yes,N/A,N/A,3,1 3,N/A,N/A,7,1 7,N/A,3 7,11,1 11,N/A,3 11,1 3 11,N/A,N/A,7 11
3 7 11,0.0411791,16.2203,Yes,N/A,N/A,3,N/A,N/A,N/A,7,N/A,N/A,3 7,11,N/A,N/A,3 11,N/A,N/A,N/A,7 11
1 3 7 11 13,0.031898,21.2001,Yes,N/A,N/A,3,1 3,N/A,N/A,7,1 7,N/A,3 7,11,1 11,13,1 13,1 3 11,3 13,1 3 13,7 11
1 3 7 11 12,0.0379323,20.1785,Yes,N/A,N/A,3,1 3,N/A,N/A,7,1 7,N/A,3 7,11,12,1 12,3 11,3 12,1 3 12,N/A,7 11
3 7 11 12,0.0171661,24.6227,Yes,N/A,N/A,3,N/A,N/A,N/A,7,N/A,N/A,3 7,11,12,N/A,3 11,3 12,N/A,N/A,7 11
1 3 7 11 12 13,0.0175752,29.6266,Yes,N/A,N/A,3,1 3,N/A,N/A,7,1 7,N/A,3 7,11,12,13,1 13,3 12,3 13,1 3 13,7 11
3 7 12 13,0.0117413,27.7491,Yes,N/A,N/A,3,N/A,N/A,N/A,7,N/A,N/A,3 7,N/A,12,13,N/A,3 12,3 13,N/A,N/A
1 3 7 10,0.0664464,12.9642,Yes,N/A,N/A,3,1 3,N/A,N/A,7,1 7,N/A,10,1 10,N/A,3 10,1 3 10,N/A,N/A,7 10,1 7 10
3 7 10,0.0294978,16.2975,Yes,N/A,N/A,3,N/A,N/A,N/A,7,N/A,N/A,10,N/A,N/A,3 10,N/A,N/A,N/A,7 10,N/A
1 3 7 10 13,0.0246772,23.3874,Yes,N/A,N/A,3,1 3,N/A,N/A,7,1 7,N/A,10,1 10,N/A,13,1 13,N/A,3 13,1 3 13,1 7 10
1 3 7 10 12,0.0363564,19.1792,Yes,N/A,N/A,3,1 3,N/A,N/A,7,1 7,N/A,10,1 10,12,1 12,1 3 10,3 12,1 3 12,7 10,1 7 10
3 7 10 12,0.0139675,24.973,Yes,N/A,N/A,3,N/A,N/A,N/A,7,N/A,N/A,10,N/A,12,3 10,N/A,3 12,N/A,7 10,N/A
1 3 7 10 12 13,0.0164741,28.9901,Yes,N/A,N/A,3,1 3,N/A,N/A,7,1 7,N/A,10,1 10,12,13,1 13,3 12,3 13,1 3 13,1 7 10
3 7 10 13,0.00887614,28.1117,Yes,N/A,N/A,3,N/A,N/A,N/A,7,N/A,N/A,10,N/A,N/A,13,N/A,N/A,3 13,7 10,N/A
1 3 7 10 11,0.0399649,18.6164,Yes,N/A,N/A,3,1 3,N/A,N/A,7,1 7,N/A,10,11,1 11,3 10,3 11,1 3 11,N/A,7 10,7 11
3 7 10 11,0.017554,23.4463,Yes,N/A,N/A,3,N/A,N/A,N/A,7,N/A,N/A,10,11,N/A,3 10,3 11,N/A,N/A,7 10,7 11
1 3 7 10 11 13,0.0171988,28.3746,Yes,N/A,N/A,3,1 3,N/A,N/A,7,1 7,N/A,10,11,1 11,13,1 13,1 3 11,3 13,1 3 13,7 11
1 3 7 10 11 12,0.0235631,26.0394,Yes,N/A,N/A,3,1 3,N/A,N/A,7,1 7,N/A,10,11,12,1 12,3 11,3 12,1 3 12,7 10,7 11
3 7 10 11 12,0.00966199,30.7703,Yes,N/A,N/A,3,N/A,N/A,N/A,7,N/A,N/A,10,11,12,3 10,3 11,3 12,N/A,7 10,7 11
1 3 7 10 11 12 13,0.0118832,35.744,Yes,N/A,N/A,3,1 3,N/A,N/A,7,1 7,N/A,10,11,12,13,1 13,3 12,3 13,1 3 13,7 11
3 7 11 13,0.013738,26.2505,Yes,N/A,N/A,3,N/A,N/A,N/A,7,N/A,N/A,3 7,11,N/A,13,3 11,N/A,3 13,N/A,7 11
3 7 11 12 13,0.00740399,33.6114,Yes,N/A,N/A,3,N/A,N/A,N/A,7,N/A,N/A,3 7,11,12,13,3 11,3 12,3 13,N/A,7 11
1 3 7 9,0.0878626,10.0163,Yes,N/A,N/A,3,1 3,N/A,N/A,7,1 7,9,1 9,1 3 7,3 9,1 3 9,N/A,N/A,7 9,1 7 9,N/A
3 7 9,0.0454908,13.8053,Yes,N/A,N/A,3,N/A,N/A,N/A,7,N/A,9,3 7,N/A,3 9,N/A,N/A,N/A,7 9,N/A,N/A
1 3 7 9 13,0.0362692,18.8441,Yes,N/A,N/A,3,1 3,N/A,N/A,7,1 7,9,1 9,1 3 7,3 9,13,1 13,N/A,3 13,1 3 13,N/A
1 3 7 9 12,0.041471,18.0109,Yes,N/A,N/A,3,1 3,N/A,N/A,7,1 7,9,1 9,1 3 7,12,1 12,N/A,3 12,1 3 12,1 7 9,N/A
3 7 9 12,0.0178351,23.7991,Yes,N/A,N/A,3,N/A,N/A,N/A,7,N/A,9,3 7,N/A,12,N/A,N/A,3 12,7 9,N/A,N/A
1 3 7 9 12 13,0.0195871,26.2289,Yes,N/A,N/A,3,1 3,N/A,N/A,7,1 7,9,1 9,1 3 7,12,13,1 13,3 12,3 13,1 3 13,N/A
3 7 9 13,0.015376,24.2059,Yes,N/A,N/A,3,N/A,N/A,N/A,7,N/A,9,3 7,N/A,3 9,13,N/A,N/A,3 13,N/A,N/A
1 3 7 9 11,0.0513397,15.277,Yes,N/A,N/A,3,1 3,N/A,N/A,7,1 7,9,1 9,11,1 11,1 3 9,3 11,1 3 11,7 9,1 7 9,7 11
3 7 9 11,0.0253805,20.5282,Yes,N/A,N/A,3,N/A,N/A,N/A,7,N/A,9,3 7,11,3 9,N/A,3 11,N/A,7 9,N/A,7 11
1 3 7 9 11 13,0.0238895,23.9935,Yes,N/A,N/A,3,1 3,N/A,N/A,7,1 7,9,1 9,11,1 11,13,1 13,1 3 11,3 13,1 3 13,7 11
1 3 7 9 11 12,0.0287001,22.6448,Yes,N/A,N/A,3,1 3,N/A,N/A,7,1 7,9,1 9,11,12,1 12,3 11,3 12,1 3 12,1 7 9,7 11
3 7 9 11 12,0.0118408,29.4919,Yes,N/A,N/A,3,N/A,N/A,N/A,7,N/A,9,3 7,11,12,N/A,3 11,3 12,7 9,N/A,7 11
1 3 7 9 11 12 13,0.0149199,31.1531,Yes,N/A,N/A,3,1 3,N/A,N/A,7,1 7,9,1 9,11,12,13,1 13,3 12,3 13,1 3 13,7 11
3 7 9 12 13,0.00732233,33.63,Yes,N/A,N/A,3,N/A,N/A,N/A,7,N/A,9,3 7,N/A,12,13,N/A,3 12,3 13,N/A,N/A
1 3 7 9 10,0.0549914,15.0895,Yes,N/A,N/A,3,1 3,N/A,N/A,7,1 7,9,10,1 10,3 9,3 10,1 3 10,N/A,7 9,7 10,1 7 10
3 7 9 10,0.0250111,20.8198,Yes,N/A,N/A,3,N/A,N/A,N/A,7,N/A,9,10,N/A,3 9,3 10,N/A,N/A,7 9,7 10,N/A
1 3 7 9 10 13,0.0236165,24.5929,Yes,N/A,N/A,3,1 3,N/A,N/A,7,1 7,9,10,1 10,3 9,13,1 13,N/A,3 13,1 3 13,1 7 10
1 3 7 9 10 12,0.0281365,22.4231,Yes,N/A,N/A,3,1 3,N/A,N/A,7,1 7,9,10,1 10,12,1 12,1 3 10,3 12,1 3 12,7 10,1 7 10
3 7 9 10 12,0.0111687,30.1557,Yes,N/A,N/A,3,N/A,N/A,N/A,7,N/A,9,10,N/A,12,3 10,N/A,3 12,7 9,7 10,N/A
1 3 7 9 10 12 13,0.014636,31.1227,Yes,N/A,N/A,3,1 3,N/A,N/A,7,1 7,9,10,1 10,12,13,1 13,3 12,3 13,1 3 13,1 7 10
3 7 9 10 13,0.00815235,32.3639,Yes,N/A,N/A,3,N/A,N/A,N/A,7,N/A,9,10,N/A,3 9,13,N/A,N/A,3 13,7 10,N/A
1 3 7 9 10 11,0.0358022,20.4277,Yes,N/A,N/A,3,1 3,N/A,N/A,7,1 7,9,10,11,1 11,3 10,3 11,1 3 11,7 9,7 10,7 11
3 7 9 10 11,0.0159554,26.1783,Yes,N/A,N/A,3,N/A,N/A,N/A,7,N/A,9,10,11,3 9,3 10,3 11,N/A,7 9,7 10,7 11
1 3 7 9 10 11 13,0.0167672,29.7091,Yes,N/A,N/A,3,1 3,N/A,N/A,7,1 7,9,10,11,1 11,13,1 13,1 3 11,3 13,1 3 13,7 11
1 3 7 9 10 11 12,0.0212726,27.4882,Yes,N/A,N/A,3,1 3,N/A,N/A,7,1 7,9,10,11,12,1 12,3 11,3 12,1 3 12,7 10,7 11
3 7 9 10 11 12,0.0087733,33.9987,Yes,N/A,N/A,3,N/A,N/A,N/A,7,N/A,9,10,11,12,3 10,3 11,3 12,7 9,7 10,7 11
1 3 7 9 10 11 12 13,0.0119691,35.9841,Yes,N/A,N/A,3,1 3,N/A,N/A,7,1 7,9,10,11,12,13,1 13,3 12,3 13,1 3 13,7 11
3 7 10 12 13,0.00534367,36.215,Yes,N/A,N/A,3,N/A,N/A,N/A,7,N/A,N/A,10,N/A,12,13,N/A,3 12,3 13,7 10,N/A
3 7 10 11 13,0.00655652,34.5643,Yes,N/A,N/A,3,N/A,N/A,N/A,7,N/A,N/A,10,11,N/A,13,3 11,N/A,3 13,7 10,7 11
3 7 10 11 12 13,0.00451223,40.9309,Yes,N/A,N/A,3,N/A,N/A,N/A,7,N/A,N/A,10,11,12,13,3 11,3 12,3 13,7 10,7 11
1 3 7 8,0.079595,9.97522,Yes,N/A,N/A,3,1 3,N/A,N/A,7,8,1 8,3 7,3 8,1 3 8,N/A,N/A,7 8,1 7 8,N/A,3 7 8
3 7 8,0.0469125,12.83,Yes,N/A,N/A,3,N/A,N/A,N/A,7,8,N/A,3 7,3 8,N/A,N/A,N/A,7 8,N/A,N/A,3 7 8
1 3 7 8 13,0.0380361,17.1175,Yes,N/A,N/A,3,1 3,N/A,N/A,7,8,1 8,3 7,3 8,1 3 8,13,1 13,7 8,3 13,1 3 13,3 7 8
1 3 7 8 12,0.0458017,16.9895,Yes,N/A,N/A,3,1 3,N/A,N/A,7,8,1 8,3 7,3 8,12,1 12,N/A,3 12,1 3 12,N/A,3 7 8
3 7 8 12,0.0197441,21.8906,Yes,N/A,N/A,3,N/A,N/A,N/A,7,8,N/A,3 7,3 8,12,N/A,N/A,3 12,N/A,N/A,3 7 8
1 3 7 8 12 13,0.0222029,24.7511,Yes,N/A,N/A,3,1 3,N/A,N/A,7,8,1 8,3 7,3 8,12,13,1 13,3 12,3 13,1 3 13,3 7 8
3 7 8 13,0.0169482,22.7414,Yes,N/A,N/A,3,N/A,N/A,N/A,7,8,N/A,3 7,3 8,N/A,13,N/A,7 8,3 13,N/A,3 7 8
1 3 7 8 11,0.048552,16.5078,Yes,N/A,N/A,3,1 3,N/A,N/A,7,8,1 8,3 7,11,1 11,N/A,3 11,1 3 11,1 7 8,N/A,7 11
3 7 8 11,0.0230374,21.3992,Yes,N/A,N/A,3,N/A,N/A,N/A,7,8,N/A,3 7,11,N/A,N/A,3 11,7 8,N/A,N/A,7 11
1 3 7 8 11 13,0.0244625,23.3318,Yes,N/A,N/A,3,1 3,N/A,N/A,7,8,1 8,3 7,11,1 11,13,1 13,1 3 11,3 13,1 3 13,7 11
1 3 7 8 11 12,0.028992,22.6581,Yes,N/A,N/A,3,1 3,N/A,N/A,7,8,1 8,3 7,11,12,1 12,3 11,3 12,1 3 12,N/A,7 11
3 7 8 11 12,0.0108956,29.6851,Yes,N/A,N/A,3,N/A,N/A,N/A,7,8,N/A,3 7,11,12,N/A,3 11,3 12,N/A,N/A,7 11
1 3 7 8 11 12 13,0.0154858,30.6493,Yes,N/A,N/A,3,1 3,N/A,N/A,7,8,1 8,3 7,11,12,13,1 13,3 12,3 13,1 3 13,7 11
3 7 8 12 13,0.00849046,30.896,Yes,N/A,N/A,3,N/A,N/A,N/A,7,8,N/A,3 7,3 8,12,13,N/A,3 12,3 13,N/A,3 7 8
1 3 7 8 10,0.0557651,13.9812,Yes,N/A,N/A,3,1 3,N/A,N/A,7,8,1 8,10,1 10,1 3 8,3 10,1 3 10,7 8,1 7 8,7 10,8 10
3 7 8 10,0.0289388,19.7892,Yes,N/A,N/A,3,N/A,N/A,N/A,7,8,N/A,10,3 8,N/A,3 10,N/A,7 8,N/A,7 10,8 10
1 3 7 8 10 13,0.0240311,23.1872,Yes,N/A,N/A,3,1 3,N/A,N/A,7,8,1 8,10,1 10,1 3 8,13,1 13,7 8,3 13,1 3 13,8 10
1 3 7 8 10 12,0.0304355,21.3069,Yes,N/A,N/A,3,1 3,N/A,N/A,7,8,1 8,10,1 10,12,1 12,1 3 10,3 12,1 3 12,7 10,8 10
3 7 8 10 12,0.0129698,27.9166,Yes,N/A,N/A,3,N/A,N/A,N/A,7,8,N/A,10,3 8,12,3 10,N/A,3 12,N/A,7 10,8 10
1 3 7 8 10 12 13,0.0158093,29.6923,Yes,N/A,N/A,3,1 3,N/A,N/A,7,8,1 8,10,1 10,12,13,1 13,3 12,3 13,1 3 13,8 10
3 7 8 10 13,0.00966494,30.7026,Yes,N/A,N/A,3,N/A,N/A,N/A,7,8,N/A,10,3 8,N/A,13,N/A,7 8,3 13,7 10,8 10
1 3 7 8 10 11,0.0354112,20.1687,Yes,N/A,N/A,3,1 3,N/A,N/A,7,8,1 8,10,11,1 11,3 10,3 11,1 3 11,1 7 8,7 10,7 11
3 7 8 10 11,0.0152359,27.5231,Yes,N/A,N/A,3,N/A,N/A,N/A,7,8,N/A,10,11,N/A,3 10,3 11,7 8,N/A,7 10,7 11
1 3 7 8 10 11 13,0.016744,29.1742,Yes,N/A,N/A,3,1 3,N/A,N/A,7,8,1 8,10,11,1 11,13,1 13,1 3 11,3 13,1 3 13,7 11
1 3 7 8 10 11 12,0.021693,26.909,Yes,N/A,N/A,3,1 3,N/A,N/A,7,8,1 8,10,11,12,1 12,3 11,3 12,1 3 12,7 10,7 11
3 7 8 10 11 12,0.00828477,34.5117,Yes,N/A,N/A,3,N/A,N/A,N/A,7,8,N/A,10,11,12,3 10,3 11,3 12,N/A,7 10,7 11
1 3 7 8 10 11 12 13,0.0122205,35.1654,Yes,N/A,N/A,3,1 3,N/A,N/A,7,8,1 8,10,11,12,13,1 13,3 12,3 13,1 3 13,7 11
3 7 8 11 13,0.00983259,30.494,Yes,N/A,N/A,3,N/A,N/A,N/A,7,8,N/A,3 7,11,N/A,13,3 11,7 8,3 13,N/A,7 11
3 7 8 11 12 13,0.00568569,37.5156,Yes,N/A,N/A,3,N/A,N/A,N/A,7,8,N/A,3 7,11,12,13,3 11,3 12,3 13,N/A,7 11
1 3 7 8 9,0.0631029,13.8289,Yes,N/A,N/A,3,1 3,N/A,N/A,7,8,9,1 9,3 8,3 9,1 3 9,N/A,7 8,7 9,8 9,1 8 9
3 7 8 9,0.0416987,16.7143,Yes,N/A,N/A,3,N/A,N/A,N/A,7,8,9,3 7,3 8,3 9,N/A,N/A,7 8,7 9,8 9,3 7 8
1 3 7 8 9 13,0.0310444,21.0283,Yes,N/A,N/A,3,1 3,N/A,N/A,7,8,9,1 9,3 8,3 9,13,1 13,7 8,3 13,1 3 13,1 8 9
1 3 7 8 9 12,0.0334881,21.4169,Yes,N/A,N/A,3,1 3,N/A,N/A,7,8,9,1 9,3 8,12,1 12,N/A,3 12,1 3 12,8 9,1 8 9
3 7 8 9 12,0.0157865,26.3663,Yes,N/A,N/A,3,N/A,N/A,N/A,7,8,9,3 7,3 8,12,N/A,N/A,3 12,7 9,8 9,3 7 8
1 3 7 8 9 12 13,0.0179983,28.3171,Yes,N/A,N/A,3,1 3,N/A,N/A,7,8,9,1 9,3 8,12,13,1 13,3 12,3 13,1 3 13,1 8 9
3 7 8 9 13,0.0151807,25.7502,Yes,N/A,N/A,3,N/A,N/A,N/A,7,8,9,3 7,3 8,3 9,13,N/A,7 8,3 13,8 9,3 7 8
1 3 7 8 9 11,0.0378561,19.323,Yes,N/A,N/A,3,1 3,N/A,N/A,7,8,9,1 9,11,1 11,1 3 9,3 11,1 3 11,7 9,8 9,7 11
3 7 8 9 11,0.0206578,23.7972,Yes,N/A,N/A,3,N/A,N/A,N/A,7,8,9,3 7,11,3 9,N/A,3 11,7 8,7 9,8 9,7 11
1 3 7 8 9 11 13,0.0200359,26.8698,Yes,N/A,N/A,3,1 3,N/A,N/A,7,8,9,1 9,11,1 11,13,1 13,1 3 11,3 13,1 3 13,7 11
1 3 7 8 9 11 12,0.0235371,25.8869,Yes,N/A,N/A,3,1 3,N/A,N/A,7,8,9,1 9,11,12,1 12,3 11,3 12,1 3 12,8 9,7 11
3 7 8 9 11 12,0.00982602,32.6908,Yes,N/A,N/A,3,N/A,N/A,N/A,7,8,9,3 7,11,12,N/A,3 11,3 12,7 9,8 9,7 11
1 3 7 8 9 11 12 13,0.0136392,33.4621,Yes,N/A,N/A,3,1 3,N/A,N/A,7,8,9,1 9,11,12,13,1 13,3 12,3 13,1 3 13,7 11
3 7 8 9 12 13,0.00733943,34.5798,Yes,N/A,N/A,3,N/A,N/A,N/A,7,8,9,3 7,3 8,12,13,N/A,3 12,3 13,8 9,3 7 8
1 3 7 8 9 10,0.0462925,17.7505,Yes,N/A,N/A,3,1 3,N/A,N/A,7,8,9,10,1 10,3 9,3 10,1 3 10,7 8,7 9,7 10,8 10
3 7 8 9 10,0.0243961,22.2117,Yes,N/A,N/A,3,N/A,N/A,N/A,7,8,9,10,3 8,3 9,3 10,N/A,7 8,7 9,7 10,8 10
1 3 7 8 9 10 13,0.0232926,25.6054,Yes,N/A,N/A,3,1 3,N/A,N/A,7,8,9,10,1 10,3 9,13,1 13,7 8,3 13,1 3 13,8 10
1 3 7 8 9 10 12,0.0249071,25.0961,Yes,N/A,N/A,3,1 3,N/A,N/A,7,8,9,10,1 10,12,1 12,1 3 10,3 12,1 3 12,7 10,8 10
3 7 8 9 10 12,0.0113714,30.979,Yes,N/A,N/A,3,N/A,N/A,N/A,7,8,9,10,3 8,12,3 10,N/A,3 12,7 9,7 10,8 10
1 3 7 8 9 10 12 13,0.0145997,32.4781,Yes,N/A,N/A,3,1 3,N/A,N/A,7,8,9,10,1 10,12,13,1 13,3 12,3 13,1 3 13,8 10
3 7 8 9 10 13,0.00962357,32.4069,Yes,N/A,N/A,3,N/A,N/A,N/A,7,8,9,10,3 8,3 9,13,N/A,7 8,3 13,7 10,8 10
1 3 7 8 9 10 11,0.029715,23.4796,Yes,N/A,N/A,3,1 3,N/A,N/A,7,8,9,10,11,1 11,3 10,3 11,1 3 11,7 9,7 10,7 11
3 7 8 9 10 11,0.0147771,27.8469,Yes,N/A,N/A,3,N/A,N/A,N/A,7,8,9,10,11,3 9,3 10,3 11,7 8,7 9,7 10,7 11
1 3 7 8 9 10 11 13,0.0160082,31.5177,Yes,N/A,N/A,3,1 3,N/A,N/A,7,8,9,10,11,1 11,13,1 13,1 3 11,3 13,1 3 13,7 11
1 3 7 8 9 10 11 12,0.0193153,29.806,Yes,N/A,N/A,3,1 3,N/A,N/A,7,8,9,10,11,12,1 12,3 11,3 12,1 3 12,7 10,7 11
3 7 8 9 10 11 12,0.00832506,35.4409,Yes,N/A,N/A,3,N/A,N/A,N/A,7,8,9,10,11,12,3 10,3 11,3 12,7 9,7 10,7 11
1 3 7 8 9 10 11 12 13,0.012112,37.2239,Yes,N/A,N/A,3,1 3,N/A,N/A,7,8,9,10,11,12,13,1 13,3 12,3 13,1 3 13,7 11
3 8 10 12 13,0.00804266,34.3558,Yes,N/A,N/A,3,N/A,N/A,N/A,N/A,8,N/A,10,3 8,12,13,N/A,3 12,3 13,N/A,8 10
3 8 10 11 13,0.00701131,35.2,Yes,N/A,N/A,3,N/A,N/A,N/A,N/A,8,N/A,10,11,N/A,13,3 11,N/A,3 13,N/A,8 10
3 8 10 11 12 13,0.00491711,41.3633,Yes,N/A,N/A,3,N/A,N/A,N/A,N/A,8,N/A,10,11,12,13,3 11,3 12,3 13,N/A,8 10
3 8 9 11 13,0.00909961,32.0333,Yes,N/A,N/A,3,N/A,N/A,N/A,N/A,8,9,N/A,11,3 9,13,3 11,N/A,3 13,8 9,N/A
3 8 9 11 12 13,0.00517378,40.4768,Yes,N/A,N/A,3,N/A,N/A,N/A,N/A,8,9,N/A,11,12,13,3 11,3 12,3 13,8 9,N/A
3 8 9 10 12 13,0.006175,38.3818,Yes,N/A,N/A,3,N/A,N/A,N/A,N/A,8,9,10,3 8,12,13,N/A,3 12,3 13,8 9,8 10
3 8 9 10 11 13,0.00687627,36.7396,Yes,N/A,N/A,3,N/A,N/A,N/A,N/A,8,9,10,11,3 9,13,3 11,N/A,3 13,8 9,8 10
3 8 9 10 11 12 13,0.0046421,43.5805,Yes,N/A,N/A,3,N/A,N/A,N/A,N/A,8,9,10,11,12,13,3 11,3 12,3 13,8 9,8 10
1 3 6,0.146291,6.84406,Yes,N/A,N/A,3,1 3,N/A,6,1 6,N/A,3 6,1 3 6,N/A,N/A,N/A,N/A,N/A,N/A,N/A,N/A
3 6,0.116169,7.66474,Yes,N/A,N/A,3,N/A,N/A,6,N/A,N/A,3 6,N/A,N/A,N/A,N/A,N/A,N/A,N/A,N/A,N/A
1 3 6 13,0.050377,15.8168,Yes,N/A,N/A,3,1 3,N/A,6,1 6,N/A,3 6,1 3 6,N/A,N/A,13,1 13,N/A,3 13,1 3 13,N/A
1 3 6 12,0.0665775,13.6076,Yes,N/A,N/A,3,1 3,N/A,6,1 6,N/A,3 6,1 3 6,N/A,12,1 12,N/A,3 12,1 3 12,N/A,6 12
3 6 12,0.0312702,17.0658,Yes,N/A,N/A,3,N/A,N/A,6,N/A,N/A,3 6,N/A,N/A,12,N/A,N/A,3 12,N/A,N/A,6 12
1 3 6 12 13,0.0248232,23.0521,Yes,N/A,N/A,3,1 3,N/A,6,1 6,N/A,3 6,1 3 6,N/A,12,13,1 13,3 12,3 13,1 3 13,6 12
3 6 13,0.0252022,18.5869,Yes,N/A,N/A,3,N/A,N/A,6,N/A,N/A,3 6,N/A,N/A,N/A,13,N/A,N/A,3 13,N/A,N/A
1 3 6 11,0.0792169,11.5919,Yes,N/A,N/A,3,1 3,N/A,6,1 6,N/A,3 6,1 3 6,11,1 11,N/A,3 11,1 3 11,N/A,6 11,1 6 11
3 6 11,0.0356546,15.6189,Yes,N/A,N/A,3,N/A,N/A,6,N/A,N/A,3 6,N/A,11,N/A,N/A,3 11,N/A,N/A,6 11,N/A
1 3 6 11 13,0.0323164,19.8661,Yes,N/A,N/A,3,1 3,N/A,6,1 6,N/A,3 6,1 3 6,11,1 11,13,1 13,1 3 11,3 13,1 3 13,1 6 11
1 3 6 11 12,0.0385554,18.5072,Yes,N/A,N/A,3,1 3,N/A,6,1 6,N/A,3 6,1 3 6,11,12,1 12,3 11,3 12,1 3 12,6 11,6 12
3 6 11 12,0.0159513,24.0418,Yes,N/A,N/A,3,N/A,N/A,6,N/A,N/A,3 6,N/A,11,12,N/A,3 11,3 12,N/A,6 11,6 12
1 3 6 11 12 13,0.0173499,28.1107,Yes,N/A,N/A,3,1 3,N/A,6,1 6,N/A,3 6,1 3 6,11,12,13,1 13,3 12,3 13,1 3 13,6 12
3 6 12 13,0.0102852,27.3236,Yes,N/A,N/A,3,N/A,N/A,6,N/A,N/A,3 6,N/A,N/A,12,13,N/A,3 12,3 13,N/A,6 12
1 3 6 10,0.0726702,11.1632,Yes,N/A,N/A,3,1 3,N/A,6,1 6,N/A,3 6,10,1 10,N/A,3 10,1 3 10,N/A,6 10,1 6 10,N/A
3 6 10,0.0383552,14.2424,Yes,N/A,N/A,3,N/A,N/A,6,N/A,N/A,3 6,10,N/A,N/A,3 10,N/A,N/A,6 10,N/A,N/A
1 3 6 10 13,0.0290674,21.6077,Yes,N/A,N/A,3,1 3,N/A,6,1 6,N/A,3 6,10,1 10,N/A,13,1 13,N/A,3 13,1 3 13,N/A
1 3 6 10 12,0.0415934,17.3249,Yes,N/A,N/A,3,1 3,N/A,6,1 6,N/A,3 6,10,1 10,12,1 12,1 3 10,3 12,1 3 12,1 6 10,6 12
3 6 10 12,0.0184322,22.5439,Yes,N/A,N/A,3,N/A,N/A,6,N/A,N/A,3 6,10,N/A,12,3 10,N/A,3 12,6 10,N/A,6 12
1 3 6 10 12 13,0.018816,26.9003,Yes,N/A,N/A,3,1 3,N/A,6,1 6,N/A,3 6,10,1 10,12,13,1 13,3 12,3 13,1 3 13,6 12
3 6 10 13,0.0116009,26.2596,Yes,N/A,N/A,3,N/A,N/A,6,N/A,N/A,3 6,10,N/A,N/A,13,N/A,N/A,3 13,N/A,N/A
1 3 6 10 11,0.0475254,16.096,Yes,N/A,N/A,3,1 3,N/A,6,1 6,N/A,3 6,10,11,1 11,3 10,3 11,1 3 11,6 10,6 11,1 6 11
3 6 10 11,0.0234214,20.9185,Yes,N/A,N/A,3,N/A,N/A,6,N/A,N/A,3 6,10,11,N/A,3 10,3 11,N/A,6 10,6 11,N/A
1 3 6 10 11 13,0.0209934,25.8337,Yes,N/A,N/A,3,1 3,N/A,6,1 6,N/A,3 6,10,11,1 11,13,1 13,1 3 11,3 13,1 3 13,1 6 11
1 3 6 10 11 12,0.0274423,23.675,Yes,N/A,N/A,3,1 3,N/A,6,1 6,N/A,3 6,10,11,12,1 12,3 11,3 12,1 3 12,6 11,6 12
3 6 10 11 12,0.0129307,27.672,Yes,N/A,N/A,3,N/A,N/A,6,N/A,N/A,3 6,10,11,12,3 10,3 11,3 12,6 10,6 11,6 12
1 3 6 10 11 12 13,0.0138914,33.042,Yes,N/A,N/A,3,1 3,N/A,6,1 6,N/A,3 6,10,11,12,13,1 13,3 12,3 13,1 3 13,6 12
3 6 11 13,0.012151,25.7583,Yes,N/A,N/A,3,N/A,N/A,6,N/A,N/A,3 6,N/A,11,N/A,13,3 11,N/A,3 13,6 11,N/A
3 6 11 12 13,0.00683386,33.1633,Yes,N/A,N/A,3,N/A,N/A,6,N/A,N/A,3 6,N/A,11,12,13,3 11,3 12,3 13,6 11,6 12
1 3 6 9,0.0612727,10.8923,Yes,N/A,N/A,3,1 3,N/A,6,1 6,N/A,9,1 9,N/A,3 9,1 3 9,N/A,6 9,1 6 9,N/A,3 6 9
3 6 9,0.0293198,14.1895,Yes,N/A,N/A,3,N/A,N/A,6,N/A,N/A,9,N/A,N/A,3 9,N/A,N/A,6 9,N/A,N/A,3 6 9
1 3 6 9 13,0.0277244,19.9886,Yes,N/A,N/A,3,1 3,N/A,6,1 6,N/A,9,1 9,N/A,3 9,13,1 13,6 9,3 13,1 3 13,3 6 9
1 3 6 9 12,0.0309195,20.2146,Yes,N/A,N/A,3,1 3,N/A,6,1 6,N/A,9,1 9,N/A,12,1 12,N/A,3 12,1 3 12,N/A,6 12
3 6 9 12,0.0113984,25.3036,Yes,N/A,N/A,3,N/A,N/A,6,N/A,N/A,9,N/A,N/A,12,N/A,N/A,3 12,N/A,N/A,6 12
1 3 6 9 12 13,0.0152556,28.9765,Yes,N/A,N/A,3,1 3,N/A,6,1 6,N/A,9,1 9,N/A,12,13,1 13,3 12,3 13,1 3 13,6 12
3 6 9 13,0.0115811,24.4547,Yes,N/A,N/A,3,N/A,N/A,6,N/A,N/A,9,N/A,N/A,3 9,13,N/A,6 9,3 13,N/A,3 6 9
1 3 6 9 11,0.0454601,15.6087,Yes,N/A,N/A,3,1 3,N/A,6,1 6,N/A,9,1 9,11,1 11,1 3 9,3 11,1 3 11,1 6 9,6 11,1 6 11
3 6 9 11,0.0223572,21.1277,Yes,N/A,N/A,3,N/A,N/A,6,N/A,N/A,9,N/A,11,3 9,N/A,3 11,6 9,N/A,6 11,3 6 9
1 3 6 9 11 13,0.0206429,24.7451,Yes,N/A,N/A,3,1 3,N/A,6,1 6,N/A,9,1 9,11,1 11,13,1 13,1 3 11,3 13,1 3 13,1 6 11
1 3 6 9 11 12,0.0261127,23.3125,Yes,N/A,N/A,3,1 3,N/A,6,1 6,N/A,9,1 9,11,12,1 12,3 11,3 12,1 3 12,6 11,6 12
3 6 9 11 12,0.00907663,31.5511,Yes,N/A,N/A,3,N/A,N/A,6,N/A,N/A,9,N/A,11,12,N/A,3 11,3 12,N/A,6 11,6 12
1 3 6 9 11 12 13,0.0131497,32.3951,Yes,N/A,N/A,3,1 3,N/A,6,1 6,N/A,9,1 9,11,12,13,1 13,3 12,3 13,1 3 13,6 12
3 6 9 12 13,0.00522497,35.1603,Yes,N/A,N/A,3,N/A,N/A,6,N/A,N/A,9,N/A,N/A,12,13,N/A,3 12,3 13,N/A,6 12
1 3 6 9 10,0.053345,14.4492,Yes,N/A,N/A,3,1 3,N/A,6,1 6,N/A,9,10,1 10,3 9,3 10,1 3 10,6 9,6 10,1 6 10,3 6 9
3 6 9 10,0.0290819,19.5912,Yes,N/A,N/A,3,N/A,N/A,6,N/A,N/A,9,10,N/A,3 9,3 10,N/A,6 9,6 10,N/A,3 6 9
1 3 6 9 10 13,0.0231334,23.9695,Yes,N/A,N/A,3,1 3,N/A,6,1 6,N/A,9,10,1 10,3 9,13,1 13,6 9,3 13,1 3 13,3 6 9
1 3 6 9 10 12,0.0262287,23.0978,Yes,N/A,N/A,3,1 3,N/A,6,1 6,N/A,9,10,1 10,12,1 12,1 3 10,3 12,1 3 12,1 6 10,6 12
3 6 9 10 12,0.0112001,29.8707,Yes,N/A,N/A,3,N/A,N/A,6,N/A,N/A,9,10,N/A,12,3 10,N/A,3 12,6 10,N/A,6 12
1 3 6 9 10 12 13,0.0136694,32.1488,Yes,N/A,N/A,3,1 3,N/A,6,1 6,N/A,9,10,1 10,12,13,1 13,3 12,3 13,1 3 13,6 12
3 6 9 10 13,0.00882567,31.1314,Yes,N/A,N/A,3,N/A,N/A,6,N/A,N/A,9,10,N/A,3 9,13,N/A,6 9,3 13,N/A,3 6 9
1 3 6 9 10 11,0.0360701,20.5109,Yes,N/A,N/A,3,1 3,N/A,6,1 6,N/A,9,10,11,1 11,3 10,3 11,1 3 11,6 10,6 11,1 6 11
3 6 9 10 11,0.0195094,24.6281,Yes,N/A,N/A,3,N/A,N/A,6,N/A,N/A,9,10,11,3 9,3 10,3 11,6 9,6 10,6 11,3 6 9
1 3 6 9 10 11 13,0.0165528,30.0743,Yes,N/A,N/A,3,1 3,N/A,6,1 6,N/A,9,10,11,1 11,13,1 13,1 3 11,3 13,1 3 13,1 6 11
1 3 6 9 10 11 12,0.0212584,28.0542,Yes,N/A,N/A,3,1 3,N/A,6,1 6,N/A,9,10,11,12,1 12,3 11,3 12,1 3 12,6 11,6 12
3 6 9 10 11 12,0.00937549,33.6439,Yes,N/A,N/A,3,N/A,N/A,6,N/A,N/A,9,10,11,12,3 10,3 11,3 12,6 10,6 11,6 12
1 3 6 9 10 11 12 13,0.0116544,37.0629,Yes,N/A,N/A,3,1 3,N/A,6,1 6,N/A,9,10,11,12,13,1 13,3 12,3 13,1 3 13,6 12
3 6 10 12 13,0.00664794,34.0078,Yes,N/A,N/A,3,N/A,N/A,6,N/A,N/A,3 6,10,N/A,12,13,N/A,3 12,3 13,N/A,6 12
3 6 10 11 13,0.00810163,32.2584,Yes,N/A,N/A,3,N/A,N/A,6,N/A,N/A,3 6,10,11,N/A,13,3 11,N/A,3 13,6 11,N/A
3 6 10 11 12 13,0.00553343,38.0639,Yes,N/A,N/A,3,N/A,N/A,6,N/A,N/A,3 6,10,11,12,13,3 11,3 12,3 13,6 11,6 12
1 3 6 8,0.0797254,8.23382,Yes,N/A,N/A,3,1 3,N/A,6,1 6,8,1 8,1 3 6,3 8,1 3 8,N/A,6 8,1 6 8,N/A,3 6 8,1 3 6 8
3 6 8,0.0487361,11.9398,Yes,N/A,N/A,3,N/A,N/A,6,N/A,8,3 6,N/A,3 8,N/A,N/A,6 8,N/A,N/A,3 6 8,N/A
1 3 6 8 13,0.0352007,16.3041,Yes,N/A,N/A,3,1 3,N/A,6,1 6,8,1 8,1 3 6,3 8,1 3 8,13,1 13,1 6 8,3 13,1 3 13,1 3 6 8
1 3 6 8 12,0.0473847,14.515,Yes,N/A,N/A,3,1 3,N/A,6,1 6,8,1 8,1 3 6,3 8,12,1 12,6 8,3 12,1 3 12,3 6 8,6 12
3 6 8 12,0.0241795,20.1435,Yes,N/A,N/A,3,N/A,N/A,6,N/A,8,3 6,N/A,3 8,12,N/A,6 8,3 12,N/A,3 6 8,6 12
1 3 6 8 12 13,0.0209953,23.6873,Yes,N/A,N/A,3,1 3,N/A,6,1 6,8,1 8,1 3 6,3 8,12,13,1 13,3 12,3 13,1 3 13,6 12
3 6 8 13,0.0174848,21.8915,Yes,N/A,N/A,3,N/A,N/A,6,N/A,8,3 6,N/A,3 8,N/A,13,6 8,N/A,3 13,3 6 8,N/A
1 3 6 8 11,0.0478451,15.6,Yes,N/A,N/A,3,1 3,N/A,6,1 6,8,1 8,1 3 6,11,1 11,N/A,3 11,1 3 11,N/A,6 11,1 6 11
3 6 8 11,0.0210405,21.6043,Yes,N/A,N/A,3,N/A,N/A,6,N/A,8,3 6,N/A,11,N/A,N/A,3 11,N/A,N/A,6 11,N/A
1 3 6 8 11 13,0.0226482,22.6683,Yes,N/A,N/A,3,1 3,N/A,6,1 6,8,1 8,1 3 6,11,1 11,13,1 13,1 3 11,3 13,1 3 13,1 6 11
1 3 6 8 11 12,0.029545,21.0731,Yes,N/A,N/A,3,1 3,N/A,6,1 6,8,1 8,1 3 6,11,12,1 12,3 11,3 12,1 3 12,6 11,6 12
3 6 8 11 12,0.0118067,29.0751,Yes,N/A,N/A,3,N/A,N/A,6,N/A,8,3 6,N/A,11,12,N/A,3 11,3 12,N/A,6 11,6 12
1 3 6 8 11 12 13,0.0146635,29.4987,Yes,N/A,N/A,3,1 3,N/A,6,1 6,8,1 8,1 3 6,11,12,13,1 13,3 12,3 13,1 3 13,6 12
3 6 8 12 13,0.0101204,29.0038,Yes,N/A,N/A,3,N/A,N/A,6,N/A,8,3 6,N/A,3 8,12,13,6 8,3 12,3 13,3 6 8,6 12
1 3 6 8 10,0.0647966,12.2926,Yes,N/A,N/A,3,1 3,N/A,6,1 6,8,1 8,10,1 10,1 3 8,3 10,1 3 10,1 6 8,6 10,1 6 10,8 10
3 6 8 10,0.0407813,16.9013,Yes,N/A,N/A,3,N/A,N/A,6,N/A,8,3 6,10,3 8,N/A,3 10,6 8,N/A,6 10,3 6 8,8 10
1 3 6 8 10 13,0.0265261,21.5332,Yes,N/A,N/A,3,1 3,N/A,6,1 6,8,1 8,10,1 10,1 3 8,13,1 13,1 6 8,3 13,1 3 13,8 10
1 3 6 8 10 12,0.035938,18.8904,Yes,N/A,N/A,3,1 3,N/A,6,1 6,8,1 8,10,1 10,12,1 12,1 3 10,3 12,1 3 12,1 6 10,6 12
3 6 8 10 12,0.0203994,23.4131,Yes,N/A,N/A,3,N/A,N/A,6,N/A,8,3 6,10,3 8,12,3 10,6 8,3 12,6 10,3 6 8,6 12
1 3 6 8 10 12 13,0.0180343,27.1349,Yes,N/A,N/A,3,1 3,N/A,6,1 6,8,1 8,10,1 10,12,13,1 13,3 12,3 13,1 3 13,6 12
3 6 8 10 13,0.0123538,27.9731,Yes,N/A,N/A,3,N/A,N/A,6,N/A,8,3 6,10,3 8,N/A,13,6 8,N/A,3 13,3 6 8,8 10
1 3 6 8 10 11,0.0427814,17.7362,Yes,N/A,N/A,3,1 3,N/A,6,1 6,8,1 8,10,11,1 11,3 10,3 11,1 3 11,6 10,6 11,1 6 11
3 6 8 10 11,0.0179283,25.4842,Yes,N/A,N/A,3,N/A,N/A,6,N/A,8,3 6,10,11,N/A,3 10,3 11,N/A,6 10,6 11,8 10
1 3 6 8 10 11 13,0.0189057,26.8271,Yes,N/A,N/A,3,1 3,N/A,6,1 6,8,1 8,10,11,1 11,13,1 13,1 3 11,3 13,1 3 13,1 6 11
1 3 6 8 10 11 12,0.0256421,23.9953,Yes,N/A,N/A,3,1 3,N/A,6,1 6,8,1 8,10,11,12,1 12,3 11,3 12,1 3 12,6 11,6 12
3 6 8 10 11 12,0.0112541,30.6968,Yes,N/A,N/A,3,N/A,N/A,6,N/A,8,3 6,10,11,12,3 10,3 11,3 12,6 10,6 11,6 12
1 3 6 8 10 11 12 13,0.0138105,32.0671,Yes,N/A,N/A,3,1 3,N/A,6,1 6,8,1 8,10,11,12,13,1 13,3 12,3 13,1 3 13,6 12
3 6 8 11 13,0.00894671,30.9923,Yes,N/A,N/A,3,N/A,N/A,6,N/A,8,3 6,N/A,11,N/A,13,3 11,N/A,3 13,6 11,N/A
3 6 8 11 12 13,0.00603609,37.0284,Yes,N/A,N/A,3,N/A,N/A,6,N/A,8,3 6,N/A,11,12,13,3 11,3 12,3 13,6 11,6 12
1 3 6 8 9,0.07597,11.1955,Yes,N/A,N/A,3,1 3,N/A,6,1 6,8,9,1 9,3 8,3 9,1 3 9,6 8,6 9,1 6 9,8 9,1 8 9
3 6 8 9,0.0432401,17.1074,Yes,N/A,N/A,3,N/A,N/A,6,N/A,8,9,N/A,3 8,3 9,N/A,6 8,6 9,N/A,8 9,3 6 9
1 3 6 8 9 13,0.0329039,19.6263,Yes,N/A,N/A,3,1 3,N/A,6,1 6,8,9,1 9,3 8,3 9,13,1 13,6 9,3 13,1 3 13,1 8 9
1 3 6 8 9 12,0.0397744,18.329,Yes,N/A,N/A,3,1 3,N/A,6,1 6,8,9,1 9,3 8,12,1 12,6 8,3 12,1 3 12,8 9,6 12
3 6 8 9 12,0.0155003,27.1699,Yes,N/A,N/A,3,N/A,N/A,6,N/A,8,9,N/A,3 8,12,N/A,6 8,3 12,N/A,8 9,6 12
1 3 6 8 9 12 13,0.0190656,26.7037,Yes,N/A,N/A,3,1 3,N/A,6,1 6,8,9,1 9,3 8,12,13,1 13,3 12,3 13,1 3 13,6 12
3 6 8 9 13,0.0162772,25.9032,Yes,N/A,N/A,3,N/A,N/A,6,N/A,8,9,N/A,3 8,3 9,13,6 8,6 9,3 13,8 9,3 6 9
1 3 6 8 9 11,0.0403055,18.0494,Yes,N/A,N/A,3,1 3,N/A,6,1 6,8,9,1 9,11,1 11,1 3 9,3 11,1 3 11,1 6 9,6 11,1 6 11
3 6 8 9 11,0.0179869,26.0366,Yes,N/A,N/A,3,N/A,N/A,6,N/A,8,9,N/A,11,3 9,N/A,3 11,6 9,N/A,6 11,3 6 9
1 3 6 8 9 11 13,0.0202372,25.8086,Yes,N/A,N/A,3,1 3,N/A,6,1 6,8,9,1 9,11,1 11,13,1 13,1 3 11,3 13,1 3 13,1 6 11
1 3 6 8 9 11 12,0.0254363,24.2184,Yes,N/A,N/A,3,1 3,N/A,6,1 6,8,9,1 9,11,12,1 12,3 11,3 12,1 3 12,6 11,6 12
3 6 8 9 11 12,0.00842992,35.7943,Yes,N/A,N/A,3,N/A,N/A,6,N/A,8,9,N/A,11,12,N/A,3 11,3 12,N/A,6 11,6 12
1 3 6 8 9 11 12 13,0.013936,31.9126,Yes,N/A,N/A,3,1 3,N/A,6,1 6,8,9,1 9,11,12,13,1 13,3 12,3 13,1 3 13,6 12
3 6 8 9 12 13,0.00768069,35.1038,Yes,N/A,N/A,3,N/A,N/A,6,N/A,8,9,N/A,3 8,12,13,6 8,3 12,3 13,8 9,6 12
1 3 6 8 9 10,0.0533169,15.7018,Yes,N/A,N/A,3,1 3,N/A,6,1 6,8,9,10,1 10,3 9,3 10,1 3 10,6 9,6 10,1 6 10,8 10
3 6 8 9 10,0.0311462,20.1518,Yes,N/A,N/A,3,N/A,N/A,6,N/A,8,9,10,3 8,3 9,3 10,6 8,6 9,6 10,8 9,8 10
1 3 6 8 9 10 13,0.0257815,23.5796,Yes,N/A,N/A,3,1 3,N/A,6,1 6,8,9,10,1 10,3 9,13,1 13,6 9,3 13,1 3 13,8 10
1 3 6 8 9 10 12,0.0283218,22.9675,Yes,N/A,N/A,3,1 3,N/A,6,1 6,8,9,10,1 10,12,1 12,1 3 10,3 12,1 3 12,1 6 10,6 12
3 6 8 9 10 12,0.0145577,28.6331,Yes,N/A,N/A,3,N/A,N/A,6,N/A,8,9,10,3 8,12,3 10,6 8,3 12,6 10,8 9,6 12
1 3 6 8 9 10 12 13,0.0161638,30.2375,Yes,N/A,N/A,3,1 3,N/A,6,1 6,8,9,10,1 10,12,13,1 13,3 12,3 13,1 3 13,6 12
3 6 8 9 10 13,0.0119451,30.21,Yes,N/A,N/A,3,N/A,N/A,6,N/A,8,9,10,3 8,3 9,13,6 8,6 9,3 13,8 9,8 10
1 3 6 8 9 10 11,0.0344946,20.9362,Yes,N/A,N/A,3,1 3,N/A,6,1 6,8,9,10,11,1 11,3 10,3 11,1 3 11,6 10,6 11,1 6 11
3 6 8 9 10 11,0.0163715,27.391,Yes,N/A,N/A,3,N/A,N/A,6,N/A,8,9,10,11,3 9,3 10,3 11,6 9,6 10,6 11,8 10
1 3 6 8 9 10 11 13,0.0177379,29.0193,Yes,N/A,N/A,3,1 3,N/A,6,1 6,8,9,10,11,1 11,13,1 13,1 3 11,3 13,1 3 13,1 6 11
1 3 6 8 9 10 11 12,0.022071,26.9926,Yes,N/A,N/A,3,1 3,N/A,6,1 6,8,9,10,11,12,1 12,3 11,3 12,1 3 12,6 11,6 12
3 6 8 9 10 11 12,0.00935107,35.0396,Yes,N/A,N/A,3,N/A,N/A,6,N/A,8,9,10,11,12,3 10,3 11,3 12,6 10,6 11,6 12
1 3 6 8 9 10 11 12 13,0.0133145,34.2361,Yes,N/A,N/A,3,1 3,N/A,6,1 6,8,9,10,11,12,13,1 13,3 12,3 13,1 3 13,6 12
3 6 9 11 13,0.00933041,30.2378,Yes,N/A,N/A,3,N/A,N/A,6,N/A,N/A,9,N/A,11,3 9,13,3 11,6 9,3 13,6 11,3 6 9
3 6 9 11 12 13,0.00475992,39.9318,Yes,N/A,N/A,3,N/A,N/A,6,N/A,N/A,9,N/A,11,12,13,3 11,3 12,3 13,6 11,6 12
3 6 9 10 12 13,0.00445624,41.24,Yes,N/A,N/A,3,N/A,N/A,6,N/A,N/A,9,10,N/A,12,13,N/A,3 12,3 13,N/A,6 12
3 6 9 10 11 13,0.00762761,35.0925,Yes,N/A,N/A,3,N/A,N/A,6,N/A,N/A,9,10,11,3 9,13,3 11,6 9,3 13,6 11,3 6 9
3 6 9 10 11 12 13,0.00454455,43.6146,Yes,N/A,N/A,3,N/A,N/A,6,N/A,N/A,9,10,11,12,13,3 11,3 12,3 13,6 11,6 12
1 3 6 7,0.0785355,7.93331,Yes,N/A,N/A,3,1 3,N/A,6,7,1 7,3 6,3 7,1 3 7,N/A,6 7,1 6 7,N/A,3 6 7,1 3 6 7,N/A
3 6 7,0.0564165,10.9464,Yes,N/A,N/A,3,N/A,N/A,6,7,N/A,3 6,3 7,N/A,N/A,6 7,N/A,N/A,3 6 7,N/A,N/A
1 3 6 7 13,0.0318886,18.0945,Yes,N/A,N/A,3,1 3,N/A,6,7,1 7,3 6,3 7,1 3 7,N/A,13,1 13,N/A,3 13,1 3 13,N/A
1 3 6 7 12,0.0491141,13.9588,Yes,N/A,N/A,3,1 3,N/A,6,7,1 7,3 6,3 7,1 3 7,12,1 12,1 6 7,3 12,1 3 12,1 3 6 7,6 12
3 6 7 12,0.0274458,19.1626,Yes,N/A,N/A,3,N/A,N/A,6,7,N/A,3 6,3 7,N/A,12,6 7,N/A,3 12,3 6 7,N/A,6 12
1 3 6 7 12 13,0.0202138,23.5711,Yes,N/A,N/A,3,1 3,N/A,6,7,1 7,3 6,3 7,1 3 7,12,13,1 13,3 12,3 13,1 3 13,6 12
3 6 7 13,0.0141674,22.8217,Yes,N/A,N/A,3,N/A,N/A,6,7,N/A,3 6,3 7,N/A,N/A,13,N/A,N/A,3 13,N/A,N/A
1 3 6 7 11,0.0634656,12.3074,Yes,N/A,N/A,3,1 3,N/A,6,7,1 7,3 6,3 7,11,1 11,6 7,3 11,1 3 11,3 6 7,6 11,7 11
3 6 7 11,0.0371144,17.4438,Yes,N/A,N/A,3,N/A,N/A,6,7,N/A,3 6,3 7,11,N/A,6 7,3 11,N/A,3 6 7,6 11,7 11
1 3 6 7 11 13,0.0258924,21.4246,Yes,N/A,N/A,3,1 3,N/A,6,7,1 7,3 6,3 7,11,1 11,13,1 13,1 3 11,3 13,1 3 13,7 11
1 3 6 7 11 12,0.0346868,19.5977,Yes,N/A,N/A,3,1 3,N/A,6,7,1 7,3 6,3 7,11,12,1 12,3 11,3 12,1 3 12,6 11,6 12
3 6 7 11 12,0.018873,24.1644,Yes,N/A,N/A,3,N/A,N/A,6,7,N/A,3 6,3 7,11,12,6 7,3 11,3 12,3 6 7,6 11,6 12
1 3 6 7 11 12 13,0.0162165,28.4209,Yes,N/A,N/A,3,1 3,N/A,6,7,1 7,3 6,3 7,11,12,13,1 13,3 12,3 13,1 3 13,6 12
3 6 7 12 13,0.00799261,30.5407,Yes,N/A,N/A,3,N/A,N/A,6,7,N/A,3 6,3 7,N/A,12,13,N/A,3 12,3 13,N/A,6 12
1 3 6 7 10,0.0590884,14.1679,Yes,N/A,N/A,3,1 3,N/A,6,7,1 7,3 6,10,1 10,N/A,3 10,1 3 10,N/A,6 10,7 10,1 7 10
3 6 7 10,0.0300265,19.3175,Yes,N/A,N/A,3,N/A,N/A,6,7,N/A,3 6,10,N/A,N/A,3 10,N/A,N/A,6 10,7 10,N/A
1 3 6 7 10 13,0.0226286,24.475,Yes,N/A,N/A,3,1 3,N/A,6,7,1 7,3 6,10,1 10,N/A,13,1 13,N/A,3 13,1 3 13,1 7 10
1 3 6 7 10 12,0.0356142,18.8275,Yes,N/A,N/A,3,1 3,N/A,6,7,1 7,3 6,10,1 10,12,1 12,1 3 10,3 12,1 3 12,7 10,6 12
3 6 7 10 12,0.0154588,26.7171,Yes,N/A,N/A,3,N/A,N/A,6,7,N/A,3 6,10,N/A,12,3 10,N/A,3 12,6 10,7 10,6 12
1 3 6 7 10 12 13,0.0164179,27.8306,Yes,N/A,N/A,3,1 3,N/A,6,7,1 7,3 6,10,1 10,12,13,1 13,3 12,3 13,1 3 13,6 12
3 6 7 10 13,0.00806811,31.2897,Yes,N/A,N/A,3,N/A,N/A,6,7,N/A,3 6,10,N/A,N/A,13,N/A,N/A,3 13,7 10,N/A
1 3 6 7 10 11,0.0438845,17.6241,Yes,N/A,N/A,3,1 3,N/A,6,7,1 7,3 6,10,11,1 11,3 10,3 11,1 3 11,6 10,6 11,7 11
3 6 7 10 11,0.0189537,25.0771,Yes,N/A,N/A,3,N/A,N/A,6,7,N/A,3 6,10,11,N/A,3 10,3 11,N/A,6 10,6 11,7 11
1 3 6 7 10 11 13,0.0185826,27.0524,Yes,N/A,N/A,3,1 3,N/A,6,7,1 7,3 6,10,11,1 11,13,1 13,1 3 11,3 13,1 3 13,7 11
1 3 6 7 10 11 12,0.0259178,23.9401,Yes,N/A,N/A,3,1 3,N/A,6,7,1 7,3 6,10,11,12,1 12,3 11,3 12,1 3 12,6 11,6 12
3 6 7 10 11 12,0.0116112,30.5452,Yes,N/A,N/A,3,N/A,N/A,6,7,N/A,3 6,10,11,12,3 10,3 11,3 12,6 10,6 11,6 12
1 3 6 7 10 11 12 13,0.0135207,32.2756,Yes,N/A,N/A,3,1 3,N/A,6,7,1 7,3 6,10,11,12,13,1 13,3 12,3 13,1 3 13,6 12
3 6 7 11 13,0.0104376,28.7003,Yes,N/A,N/A,3,N/A,N/A,6,7,N/A,3 6,3 7,11,N/A,13,3 11,N/A,3 13,6 11,7 11
3 6 7 11 12 13,0.00659493,34.6096,Yes,N/A,N/A,3,N/A,N/A,6,7,N/A,3 6,3 7,11,12,13,3 11,3 12,3 13,6 11,6 12
1 3 6 7 9,0.0781168,11.0665,Yes,N/A,N/A,3,1 3,N/A,6,7,1 7,9,1 9,1 3 7,3 9,1 3 9,1 6 7,6 9,7 9,1 7 9,3 6 9
3 6 7 9,0.0506735,16.0831,Yes,N/A,N/A,3,N/A,N/A,6,7,N/A,9,3 7,N/A,3 9,6 7,N/A,6 9,7 9,N/A,3 6 9
1 3 6 7 9 13,0.0304199,20.3917,Yes,N/A,N/A,3,1 3,N/A,6,7,1 7,9,1 9,1 3 7,3 9,13,1 13,6 9,3 13,1 3 13,3 6 9
1 3 6 7 9 12,0.0370985,18.7354,Yes,N/A,N/A,3,1 3,N/A,6,7,1 7,9,1 9,1 3 7,12,1 12,1 6 7,3 12,1 3 12,1 7 9,6 12
3 6 7 9 12,0.0176769,26.0699,Yes,N/A,N/A,3,N/A,N/A,6,7,N/A,9,3 7,N/A,12,6 7,N/A,3 12,7 9,N/A,6 12
1 3 6 7 9 12 13,0.0168716,27.6779,Yes,N/A,N/A,3,1 3,N/A,6,7,1 7,9,1 9,1 3 7,12,13,1 13,3 12,3 13,1 3 13,6 12
3 6 7 9 13,0.0132531,27.546,Yes,N/A,N/A,3,N/A,N/A,6,7,N/A,9,3 7,N/A,3 9,13,N/A,6 9,3 13,N/A,3 6 9
1 3 6 7 9 11,0.0484897,16.3224,Yes,N/A,N/A,3,1 3,N/A,6,7,1 7,9,1 9,11,1 11,1 3 9,3 11,1 3 11,7 9,6 11,7 11
3 6 7 9 11,0.0295653,20.8715,Yes,N/A,N/A,3,N/A,N/A,6,7,N/A,9,3 7,11,3 9,6 7,3 11,6 9,7 9,6 11,7 11
1 3 6 7 9 11 13,0.0217616,24.9368,Yes,N/A,N/A,3,1 3,N/A,6,7,1 7,9,1 9,11,1 11,13,1 13,1 3 11,3 13,1 3 13,7 11
1 3 6 7 9 11 12,0.0287951,22.5431,Yes,N/A,N/A,3,1 3,N/A,6,7,1 7,9,1 9,11,12,1 12,3 11,3 12,1 3 12,6 11,6 12
3 6 7 9 11 12,0.0137569,29.4807,Yes,N/A,N/A,3,N/A,N/A,6,7,N/A,9,3 7,11,12,6 7,3 11,3 12,7 9,6 11,6 12
1 3 6 7 9 11 12 13,0.0146238,30.8576,Yes,N/A,N/A,3,1 3,N/A,6,7,1 7,9,1 9,11,12,13,1 13,3 12,3 13,1 3 13,6 12
3 6 7 9 12 13,0.00623666,37.2085,Yes,N/A,N/A,3,N/A,N/A,6,7,N/A,9,3 7,N/A,12,13,N/A,3 12,3 13,N/A,6 12
1 3 6 7 9 10,0.0550306,15.4193,Yes,N/A,N/A,3,1 3,N/A,6,7,1 7,9,10,1 10,3 9,3 10,1 3 10,6 9,6 10,7 10,1 7 10
3 6 7 9 10,0.0232122,23.5534,Yes,N/A,N/A,3,N/A,N/A,6,7,N/A,9,10,N/A,3 9,3 10,N/A,6 9,6 10,7 10,3 6 9
1 3 6 7 9 10 13,0.0231311,24.8824,Yes,N/A,N/A,3,1 3,N/A,6,7,1 7,9,10,1 10,3 9,13,1 13,6 9,3 13,1 3 13,1 7 10
1 3 6 7 9 10 12,0.0277821,23.0328,Yes,N/A,N/A,3,1 3,N/A,6,7,1 7,9,10,1 10,12,1 12,1 3 10,3 12,1 3 12,7 10,6 12
3 6 7 9 10 12,0.0107581,33.1615,Yes,N/A,N/A,3,N/A,N/A,6,7,N/A,9,10,N/A,12,3 10,N/A,3 12,6 10,7 10,6 12
1 3 6 7 9 10 12 13,0.0145138,31.4901,Yes,N/A,N/A,3,1 3,N/A,6,7,1 7,9,10,1 10,12,13,1 13,3 12,3 13,1 3 13,6 12
3 6 7 9 10 13,0.00761632,35.179,Yes,N/A,N/A,3,N/A,N/A,6,7,N/A,9,10,N/A,3 9,13,N/A,6 9,3 13,7 10,3 6 9
1 3 6 7 9 10 11,0.0368196,20.2106,Yes,N/A,N/A,3,1 3,N/A,6,7,1 7,9,10,11,1 11,3 10,3 11,1 3 11,6 10,6 11,7 11
3 6 7 9 10 11,0.0170745,27.1424,Yes,N/A,N/A,3,N/A,N/A,6,7,N/A,9,10,11,3 9,3 10,3 11,6 9,6 10,6 11,7 11
1 3 6 7 9 10 11 13,0.0173003,29.4389,Yes,N/A,N/A,3,1 3,N/A,6,7,1 7,9,10,11,1 11,13,1 13,1 3 11,3 13,1 3 13,7 11
1 3 6 7 9 10 11 12,0.0228641,26.3333,Yes,N/A,N/A,3,1 3,N/A,6,7,1 7,9,10,11,12,1 12,3 11,3 12,1 3 12,6 11,6 12
3 6 7 9 10 11 12,0.00965299,34.9648,Yes,N/A,N/A,3,N/A,N/A,6,7,N/A,9,10,11,12,3 10,3 11,3 12,6 10,6 11,6 12
1 3 6 7 9 10 11 12 13,0.0130409,34.2666,Yes,N/A,N/A,3,1 3,N/A,6,7,1 7,9,10,11,12,13,1 13,3 12,3 13,1 3 13,6 12
3 6 7 10 12 13,0.00532491,38.0914,Yes,N/A,N/A,3,N/A,N/A,6,7,N/A,3 6,10,N/A,12,13,N/A,3 12,3 13,7 10,6 12
3 6 7 10 11 13,0.00645301,36.3873,Yes,N/A,N/A,3,N/A,N/A,6,7,N/A,3 6,10,11,N/A,13,3 11,N/A,3 13,6 11,7 11
3 6 7 10 11 12 13,0.00486531,40.8379,Yes,N/A,N/A,3,N/A,N/A,6,7,N/A,3 6,10,11,12,13,3 11,3 12,3 13,6 11,6 12
1 3 6 7 8,0.0949989,9.73847,Yes,N/A,N/A,3,1 3,N/A,6,7,8,1 8,3 7,3 8,1 3 8,6 7,6 8,7 8,1 7 8,3 6 8,3 7 8
3 6 7 8,0.0711087,12.7952,Yes,N/A,N/A,3,N/A,N/A,6,7,8,3 6,3 7,3 8,N/A,6 7,6 8,7 8,3 6 7,3 6 8,3 7 8
1 3 6 7 8 13,0.0347043,19.2807,Yes,N/A,N/A,3,1 3,N/A,6,7,8,1 8,3 7,3 8,1 3 8,13,1 13,7 8,3 13,1 3 13,3 7 8
1 3 6 7 8 12,0.0504926,16.2153,Yes,N/A,N/A,3,1 3,N/A,6,7,8,1 8,3 7,3 8,12,1 12,6 8,3 12,1 3 12,3 6 8,6 12
3 6 7 8 12,0.0298824,19.8827,Yes,N/A,N/A,3,N/A,N/A,6,7,8,3 6,3 7,3 8,12,6 7,6 8,3 12,3 6 7,3 6 8,6 12
1 3 6 7 8 12 13,0.0208871,25.6929,Yes,N/A,N/A,3,1 3,N/A,6,7,8,1 8,3 7,3 8,12,13,1 13,3 12,3 13,1 3 13,6 12
3 6 7 8 13,0.0195833,23.59,Yes,N/A,N/A,3,N/A,N/A,6,7,8,3 6,3 7,3 8,N/A,13,6 8,7 8,3 13,3 6 8,3 7 8
1 3 6 7 8 11,0.0563572,15.0586,Yes,N/A,N/A,3,1 3,N/A,6,7,8,1 8,3 7,11,1 11,6 7,3 11,1 3 11,1 7 8,6 11,7 11
3 6 7 8 11,0.0285359,20.8307,Yes,N/A,N/A,3,N/A,N/A,6,7,8,3 6,3 7,11,N/A,6 7,3 11,7 8,3 6 7,6 11,7 11
1 3 6 7 8 11 13,0.0244431,23.5543,Yes,N/A,N/A,3,1 3,N/A,6,7,8,1 8,3 7,11,1 11,13,1 13,1 3 11,3 13,1 3 13,7 11
1 3 6 7 8 11 12,0.0322684,21.3798,Yes,N/A,N/A,3,1 3,N/A,6,7,8,1 8,3 7,11,12,1 12,3 11,3 12,1 3 12,6 11,6 12
3 6 7 8 11 12,0.0156839,26.735,Yes,N/A,N/A,3,N/A,N/A,6,7,8,3 6,3 7,11,12,6 7,3 11,3 12,3 6 7,6 11,6 12
1 3 6 7 8 11 12 13,0.0161639,29.614,Yes,N/A,N/A,3,1 3,N/A,6,7,8,1 8,3 7,11,12,13,1 13,3 12,3 13,1 3 13,6 12
3 6 7 8 12 13,0.0106145,29.8777,Yes,N/A,N/A,3,N/A,N/A,6,7,8,3 6,3 7,3 8,12,13,6 8,3 12,3 13,3 6 8,6 12
1 3 6 7 8 10,0.0561033,14.9014,Yes,N/A,N/A,3,1 3,N/A,6,7,8,1 8,10,1 10,1 3 8,3 10,1 3 10,7 8,6 10,7 10,8 10
3 6 7 8 10,0.0318087,19.6438,Yes,N/A,N/A,3,N/A,N/A,6,7,8,3 6,10,3 8,N/A,3 10,6 8,7 8,6 10,7 10,8 10
1 3 6 7 8 10 13,0.0243134,24.1308,Yes,N/A,N/A,3,1 3,N/A,6,7,8,1 8,10,1 10,1 3 8,13,1 13,7 8,3 13,1 3 13,8 10
1 3 6 7 8 10 12,0.0333244,20.6645,Yes,N/A,N/A,3,1 3,N/A,6,7,8,1 8,10,1 10,12,1 12,1 3 10,3 12,1 3 12,7 10,6 12
3 6 7 8 10 12,0.0174916,25.4813,Yes,N/A,N/A,3,N/A,N/A,6,7,8,3 6,10,3 8,12,3 10,6 8,3 12,6 10,7 10,6 12
1 3 6 7 8 10 12 13,0.0170526,28.7871,Yes,N/A,N/A,3,1 3,N/A,6,7,8,1 8,10,1 10,12,13,1 13,3 12,3 13,1 3 13,6 12
3 6 7 8 10 13,0.0111611,30.5097,Yes,N/A,N/A,3,N/A,N/A,6,7,8,3 6,10,3 8,N/A,13,6 8,7 8,3 13,7 10,8 10
1 3 6 7 8 10 11,0.0389193,19.4101,Yes,N/A,N/A,3,1 3,N/A,6,7,8,1 8,10,11,1 11,3 10,3 11,1 3 11,6 10,6 11,7 11
3 6 7 8 10 11,0.0176203,26.9174,Yes,N/A,N/A,3,N/A,N/A,6,7,8,3 6,10,11,N/A,3 10,3 11,7 8,6 10,6 11,7 11
1 3 6 7 8 10 11 13,0.0184415,28.3541,Yes,N/A,N/A,3,1 3,N/A,6,7,8,1 8,10,11,1 11,13,1 13,1 3 11,3 13,1 3 13,7 11
1 3 6 7 8 10 11 12,0.0249463,25.0107,Yes,N/A,N/A,3,1 3,N/A,6,7,8,1 8,10,11,12,1 12,3 11,3 12,1 3 12,6 11,6 12
3 6 7 8 10 11 12,0.0113705,31.1952,Yes,N/A,N/A,3,N/A,N/A,6,7,8,3 6,10,11,12,3 10,3 11,3 12,6 10,6 11,6 12
1 3 6 7 8 10 11 12 13,0.0141127,32.604,Yes,N/A,N/A,3,1 3,N/A,6,7,8,1 8,10,11,12,13,1 13,3 12,3 13,1 3 13,6 12
3 6 7 8 11 13,0.0107237,30.9763,Yes,N/A,N/A,3,N/A,N/A,6,7,8,3 6,3 7,11,N/A,13,3 11,7 8,3 13,6 11,7 11
3 6 7 8 11 12 13,0.0070548,35.7717,Yes,N/A,N/A,3,N/A,N/A,6,7,8,3 6,3 7,11,12,13,3 11,3 12,3 13,6 11,6 12
1 3 6 7 8 9,0.0677792,13.0614,Yes,N/A,N/A,3,1 3,N/A,6,7,8,9,1 9,3 8,3 9,1 3 9,6 8,6 9,7 9,8 9,1 8 9
3 6 7 8 9,0.0429085,16.2697,Yes,N/A,N/A,3,N/A,N/A,6,7,8,9,3 7,3 8,3 9,6 7,6 8,6 9,7 9,8 9,3 6 9
1 3 6 7 8 9 13,0.0302046,21.6733,Yes,N/A,N/A,3,1 3,N/A,6,7,8,9,1 9,3 8,3 9,13,1 13,6 9,3 13,1 3 13,1 8 9
1 3 6 7 8 9 12,0.039593,19.0056,Yes,N/A,N/A,3,1 3,N/A,6,7,8,9,1 9,3 8,12,1 12,6 8,3 12,1 3 12,8 9,6 12
3 6 7 8 9 12,0.0203053,24.5176,Yes,N/A,N/A,3,N/A,N/A,6,7,8,9,3 7,3 8,12,6 7,6 8,3 12,7 9,8 9,6 12
1 3 6 7 8 9 12 13,0.0192333,27.5823,Yes,N/A,N/A,3,1 3,N/A,6,7,8,9,1 9,3 8,12,13,1 13,3 12,3 13,1 3 13,6 12
3 6 7 8 9 13,0.0151829,26.3802,Yes,N/A,N/A,3,N/A,N/A,6,7,8,9,3 7,3 8,3 9,13,6 8,6 9,3 13,8 9,3 6 9
1 3 6 7 8 9 11,0.0409569,18.666,Yes,N/A,N/A,3,1 3,N/A,6,7,8,9,1 9,11,1 11,1 3 9,3 11,1 3 11,7 9,6 11,7 11
3 6 7 8 9 11,0.0232531,23.0747,Yes,N/A,N/A,3,N/A,N/A,6,7,8,9,3 7,11,3 9,6 7,3 11,6 9,7 9,6 11,7 11
1 3 6 7 8 9 11 13,0.0213213,26.1655,Yes,N/A,N/A,3,1 3,N/A,6,7,8,9,1 9,11,1 11,13,1 13,1 3 11,3 13,1 3 13,7 11
1 3 6 7 8 9 11 12,0.0273569,23.7959,Yes,N/A,N/A,3,1 3,N/A,6,7,8,9,1 9,11,12,1 12,3 11,3 12,1 3 12,6 11,6 12
3 6 7 8 9 11 12,0.0130209,30.3988,Yes,N/A,N/A,3,N/A,N/A,6,7,8,9,3 7,11,12,6 7,3 11,3 12,7 9,6 11,6 12
1 3 6 7 8 9 11 12 13,0.0155368,31.1244,Yes,N/A,N/A,3,1 3,N/A,6,7,8,9,1 9,11,12,13,1 13,3 12,3 13,1 3 13,6 12
3 6 7 8 9 12 13,0.0087159,33.8943,Yes,N/A,N/A,3,N/A,N/A,6,7,8,9,3 7,3 8,12,13,6 8,3 12,3 13,8 9,6 12
1 3 6 7 8 9 10,0.0477866,17.1867,Yes,N/A,N/A,3,1 3,N/A,6,7,8,9,10,1 10,3 9,3 10,1 3 10,6 9,6 10,7 10,8 10
3 6 7 8 9 10,0.0263955,21.8091,Yes,N/A,N/A,3,N/A,N/A,6,7,8,9,10,3 8,3 9,3 10,6 8,6 9,6 10,7 10,8 10
1 3 6 7 8 9 10 13,0.0241252,24.9843,Yes,N/A,N/A,3,1 3,N/A,6,7,8,9,10,1 10,3 9,13,1 13,6 9,3 13,1 3 13,8 10
1 3 6 7 8 9 10 12,0.0285726,23.353,Yes,N/A,N/A,3,1 3,N/A,6,7,8,9,10,1 10,12,1 12,1 3 10,3 12,1 3 12,7 10,6 12
3 6 7 8 9 10 12,0.0143299,29.1856,Yes,N/A,N/A,3,N/A,N/A,6,7,8,9,10,3 8,12,3 10,6 8,3 12,6 10,7 10,6 12
1 3 6 7 8 9 10 12 13,0.0166347,30.4382,Yes,N/A,N/A,3,1 3,N/A,6,7,8,9,10,1 10,12,13,1 13,3 12,3 13,1 3 13,6 12
3 6 7 8 9 10 13,0.0107219,31.8643,Yes,N/A,N/A,3,N/A,N/A,6,7,8,9,10,3 8,3 9,13,6 8,6 9,3 13,7 10,8 10
1 3 6 7 8 9 10 11,0.0336017,21.6859,Yes,N/A,N/A,3,1 3,N/A,6,7,8,9,10,11,1 11,3 10,3 11,1 3 11,6 10,6 11,7 11
3 6 7 8 9 10 11,0.0167417,27.4055,Yes,N/A,N/A,3,N/A,N/A,6,7,8,9,10,11,3 9,3 10,3 11,6 9,6 10,6 11,7 11
1 3 6 7 8 9 10 11 13,0.0182816,29.4528,Yes,N/A,N/A,3,1 3,N/A,6,7,8,9,10,11,1 11,13,1 13,1 3 11,3 13,1 3 13,7 11
1 3 6 7 8 9 10 11 12,0.0231623,26.7739,Yes,N/A,N/A,3,1 3,N/A,6,7,8,9,10,11,12,1 12,3 11,3 12,1 3 12,6 11,6 12
3 6 7 8 9 10 11 12,0.0106437,33.4867,Yes,N/A,N/A,3,N/A,N/A,6,7,8,9,10,11,12,3 10,3 11,3 12,6 10,6 11,6 12
1 3 6 7 8 9 10 11 12 13,0.0146551,33.3943,Yes,N/A,N/A,3,1 3,N/A,6,7,8,9,10,11,12,13,1 13,3 12,3 13,1 3 13,6 12
3 7 9 11 13,0.0100626,29.8195,Yes,N/A,N/A,3,N/A,N/A,N/A,7,N/A,9,3 7,11,3 9,13,3 11,N/A,3 13,N/A,7 11
3 7 9 11 12 13,0.00576266,37.8221,Yes,N/A,N/A,3,N/A,N/A,N/A,7,N/A,9,3 7,11,12,13,3 11,3 12,3 13,N/A,7 11
3 7 9 10 12 13,0.00456125,41.4033,Yes,N/A,N/A,3,N/A,N/A,N/A,7,N/A,9,10,N/A,12,13,N/A,3 12,3 13,7 10,N/A
3 7 9 10 11 13,0.00656437,36.6866,Yes,N/A,N/A,3,N/A,N/A,N/A,7,N/A,9,10,11,3 9,13,3 11,N/A,3 13,7 10,7 11
3 7 9 10 11 12 13,0.00436091,43.8254,Yes,N/A,N/A,3,N/A,N/A,N/A,7,N/A,9,10,11,12,13,3 11,3 12,3 13,7 10,7 11
3 7 8 10 12 13,0.00568116,37.9745,Yes,N/A,N/A,3,N/A,N/A,N/A,7,8,N/A,10,3 8,12,13,N/A,3 12,3 13,7 10,8 10
3 7 8 10 11 13,0.00647247,37.8203,Yes,N/A,N/A,3,N/A,N/A,N/A,7,8,N/A,10,11,N/A,13,3 11,7 8,3 13,7 10,7 11
3 7 8 10 11 12 13,0.00438764,43.5935,Yes,N/A,N/A,3,N/A,N/A,N/A,7,8,N/A,10,11,12,13,3 11,3 12,3 13,7 10,7 11
3 7 8 9 11 13,0.00961572,31.5416,Yes,N/A,N/A,3,N/A,N/A,N/A,7,8,9,3 7,11,3 9,13,3 11,7 8,3 13,8 9,7 11
3 7 8 9 11 12 13,0.00556586,39.2209,Yes,N/A,N/A,3,N/A,N/A,N/A,7,8,9,3 7,11,12,13,3 11,3 12,3 13,8 9,7 11
3 7 8 9 10 12 13,0.00550615,40.6169,Yes,N/A,N/A,3,N/A,N/A,N/A,7,8,9,10,3 8,12,13,N/A,3 12,3 13,7 10,8 10
3 7 8 9 10 11 13,0.00719475,36.951,Yes,N/A,N/A,3,N/A,N/A,N/A,7,8,9,10,11,3 9,13,3 11,7 8,3 13,7 10,7 11
3 7 8 9 10 11 12 13,0.00479579,43.686,Yes,N/A,N/A,3,N/A,N/A,N/A,7,8,9,10,11,12,13,3 11,3 12,3 13,7 10,7 11
1 3 5,0.133188,6.67177,Yes,N/A,N/A,3,1 3,5,1 5,N/A,3 5,1 3 5,N/A,N/A,N/A,N/A,N/A,N/A,N/A,N/A,N/A
3 5,0.0974794,7.06842,Yes,N/A,N/A,3,N/A,5,N/A,N/A,3 5,N/A,N/A,N/A,N/A,N/A,N/A,N/A,N/A,N/A,N/A
1 3 5 13,0.0433117,15.8253,Yes,N/A,N/A,3,1 3,5,1 5,N/A,3 5,1 3 5,N/A,N/A,N/A,13,1 13,N/A,3 13,1 3 13,5 13
1 3 5 12,0.0566624,13.5304,Yes,N/A,N/A,3,1 3,5,1 5,N/A,3 5,1 3 5,N/A,N/A,12,1 12,N/A,3 12,1 3 12,5 12,1 5 12
3 5 12,0.0252951,16.4336,Yes,N/A,N/A,3,N/A,5,N/A,N/A,3 5,N/A,N/A,N/A,12,N/A,N/A,3 12,N/A,5 12,N/A
1 3 5 12 13,0.0209151,23.4455,Yes,N/A,N/A,3,1 3,5,1 5,N/A,3 5,1 3 5,N/A,N/A,12,13,1 13,3 12,3 13,1 3 13,5 13
3 5 13,0.0205654,18.0053,Yes,N/A,N/A,3,N/A,5,N/A,N/A,3 5,N/A,N/A,N/A,N/A,13,N/A,N/A,3 13,N/A,5 13
1 3 5 11,0.0666349,11.4337,Yes,N/A,N/A,3,1 3,5,1 5,N/A,3 5,1 3 5,N/A,11,1 11,N/A,3 11,1 3 11,5 11,1 5 11,N/A
3 5 11,0.0285172,14.9425,Yes,N/A,N/A,3,N/A,5,N/A,N/A,3 5,N/A,N/A,11,N/A,N/A,3 11,N/A,5 11,N/A,N/A
1 3 5 11 13,0.027541,20.3452,Yes,N/A,N/A,3,1 3,5,1 5,N/A,3 5,1 3 5,N/A,11,1 11,13,1 13,1 3 11,3 13,1 3 13,5 13
1 3 5 11 12,0.0332334,18.9747,Yes,N/A,N/A,3,1 3,5,1 5,N/A,3 5,1 3 5,N/A,11,12,1 12,3 11,3 12,1 3 12,5 12,1 5 12
3 5 11 12,0.0154267,23.2683,Yes,N/A,N/A,3,N/A,5,N/A,N/A,3 5,N/A,N/A,11,12,N/A,3 11,3 12,5 11,5 12,N/A
1 3 5 11 12 13,0.0151345,28.9769,Yes,N/A,N/A,3,1 3,5,1 5,N/A,3 5,1 3 5,N/A,11,12,13,1 13,3 12,3 13,1 3 13,5 13
3 5 12 13,0.00913741,26.6878,Yes,N/A,N/A,3,N/A,5,N/A,N/A,3 5,N/A,N/A,N/A,12,13,N/A,3 12,3 13,5 12,5 13
1 3 5 10,0.0740008,9.44083,Yes,N/A,N/A,3,1 3,5,1 5,N/A,3 5,1 3 5,10,1 10,N/A,3 10,1 3 10,5 10,1 5 10,N/A,3 5 10
3 5 10,0.0348615,13.4453,Yes,N/A,N/A,3,N/A,5,N/A,N/A,3 5,N/A,10,N/A,N/A,3 10,N/A,5 10,N/A,N/A,3 5 10
1 3 5 10 13,0.0303992,19.3475,Yes,N/A,N/A,3,1 3,5,1 5,N/A,3 5,1 3 5,10,1 10,N/A,13,1 13,5 10,3 13,1 3 13,5 13
1 3 5 10 12,0.0417058,16.0302,Yes,N/A,N/A,3,1 3,5,1 5,N/A,3 5,1 3 5,10,1 10,12,1 12,1 3 10,3 12,1 3 12,5 12,1 5 12
3 5 10 12,0.0173871,22.4056,Yes,N/A,N/A,3,N/A,5,N/A,N/A,3 5,N/A,10,N/A,12,3 10,N/A,3 12,N/A,5 12,3 5 10
1 3 5 10 12 13,0.0188383,25.5126,Yes,N/A,N/A,3,1 3,5,1 5,N/A,3 5,1 3 5,10,1 10,12,13,1 13,3 12,3 13,1 3 13,5 13
3 5 10 13,0.0121063,24.9784,Yes,N/A,N/A,3,N/A,5,N/A,N/A,3 5,N/A,10,N/A,N/A,13,N/A,5 10,3 13,N/A,5 13
1 3 5 10 11,0.0486121,14.7785,Yes,N/A,N/A,3,1 3,5,1 5,N/A,3 5,1 3 5,10,11,1 11,3 10,3 11,1 3 11,5 11,1 5 11,3 5 10
3 5 10 11,0.0258809,19.9117,Yes,N/A,N/A,3,N/A,5,N/A,N/A,3 5,N/A,10,11,N/A,3 10,3 11,5 10,5 11,N/A,3 5 10
1 3 5 10 11 13,0.0215865,24.2915,Yes,N/A,N/A,3,1 3,5,1 5,N/A,3 5,1 3 5,10,11,1 11,13,1 13,1 3 11,3 13,1 3 13,5 13
1 3 5 10 11 12,0.0280549,22.3218,Yes,N/A,N/A,3,1 3,5,1 5,N/A,3 5,1 3 5,10,11,12,1 12,3 11,3 12,1 3 12,5 12,1 5 12
3 5 10 11 12,0.0137259,27.4297,Yes,N/A,N/A,3,N/A,5,N/A,N/A,3 5,N/A,10,11,12,3 10,3 11,3 12,5 11,5 12,3 5 10
1 3 5 10 11 12 13,0.0140863,31.5518,Yes,N/A,N/A,3,1 3,5,1 5,N/A,3 5,1 3 5,10,11,12,13,1 13,3 12,3 13,1 3 13,5 13
3 5 11 13,0.0103113,25.5563,Yes,N/A,N/A,3,N/A,5,N/A,N/A,3 5,N/A,N/A,11,N/A,13,3 11,N/A,3 13,N/A,5 13
3 5 11 12 13,0.00652104,32.9482,Yes,N/A,N/A,3,N/A,5,N/A,N/A,3 5,N/A,N/A,11,12,13,3 11,3 12,3 13,5 12,5 13
1 3 5 9,0.0685794,8.81895,Yes,N/A,N/A,3,1 3,5,1 5,N/A,3 5,9,1 9,N/A,3 9,1 3 9,5 9,1 5 9,N/A,3 5 9,1 3 5 9
3 5 9,0.0435564,12.1262,Yes,N/A,N/A,3,N/A,5,N/A,N/A,3 5,9,N/A,N/A,3 9,N/A,5 9,N/A,N/A,3 5 9,N/A
1 3 5 9 13,0.0311759,18.3926,Yes,N/A,N/A,3,1 3,5,1 5,N/A,3 5,9,1 9,N/A,3 9,13,1 13,1 5 9,3 13,1 3 13,5 13
1 3 5 9 12,0.0408755,16.8287,Yes,N/A,N/A,3,1 3,5,1 5,N/A,3 5,9,1 9,N/A,12,1 12,5 9,3 12,1 3 12,5 12,1 5 12
3 5 9 12,0.019778,22.0896,Yes,N/A,N/A,3,N/A,5,N/A,N/A,3 5,9,N/A,N/A,12,N/A,5 9,3 12,N/A,5 12,N/A
1 3 5 9 12 13,0.01816,26.8953,Yes,N/A,N/A,3,1 3,5,1 5,N/A,3 5,9,1 9,N/A,12,13,1 13,3 12,3 13,1 3 13,5 13
3 5 9 13,0.0168427,22.031,Yes,N/A,N/A,3,N/A,5,N/A,N/A,3 5,9,N/A,N/A,3 9,13,5 9,N/A,3 13,3 5 9,5 13
1 3 5 9 11,0.0535036,13.7459,Yes,N/A,N/A,3,1 3,5,1 5,N/A,3 5,9,1 9,11,1 11,1 3 9,3 11,1 3 11,5 11,1 5 11,1 3 5 9
3 5 9 11,0.0272098,19.6186,Yes,N/A,N/A,3,N/A,5,N/A,N/A,3 5,9,N/A,11,3 9,N/A,3 11,N/A,5 11,3 5 9,N/A
1 3 5 9 11 13,0.0243716,22.6484,Yes,N/A,N/A,3,1 3,5,1 5,N/A,3 5,9,1 9,11,1 11,13,1 13,1 3 11,3 13,1 3 13,5 13
1 3 5 9 11 12,0.0312334,21.1089,Yes,N/A,N/A,3,1 3,5,1 5,N/A,3 5,9,1 9,11,12,1 12,3 11,3 12,1 3 12,5 12,1 5 12
3 5 9 11 12,0.0128628,28.7693,Yes,N/A,N/A,3,N/A,5,N/A,N/A,3 5,9,N/A,11,12,N/A,3 11,3 12,5 11,5 12,N/A
1 3 5 9 11 12 13,0.0153815,30.1653,Yes,N/A,N/A,3,1 3,5,1 5,N/A,3 5,9,1 9,11,12,13,1 13,3 12,3 13,1 3 13,5 13
3 5 9 12 13,0.00895512,31.2672,Yes,N/A,N/A,3,N/A,5,N/A,N/A,3 5,9,N/A,N/A,12,13,5 9,3 12,3 13,5 12,5 13
1 3 5 9 10,0.0632908,12.6024,Yes,N/A,N/A,3,1 3,5,1 5,N/A,3 5,9,10,1 10,3 9,3 10,1 3 10,5 10,1 5 10,3 5 9,3 5 10
3 5 9 10,0.0419245,16.7965,Yes,N/A,N/A,3,N/A,5,N/A,N/A,3 5,9,10,N/A,3 9,3 10,5 9,5 10,N/A,3 5 9,3 5 10
1 3 5 9 10 13,0.0289151,21.4471,Yes,N/A,N/A,3,1 3,5,1 5,N/A,3 5,9,10,1 10,3 9,13,1 13,5 10,3 13,1 3 13,5 13
1 3 5 9 10 12,0.0342575,20.2241,Yes,N/A,N/A,3,1 3,5,1 5,N/A,3 5,9,10,1 10,12,1 12,1 3 10,3 12,1 3 12,5 12,1 5 12
3 5 9 10 12,0.0175857,26.3882,Yes,N/A,N/A,3,N/A,5,N/A,N/A,3 5,9,10,N/A,12,3 10,5 9,3 12,N/A,5 12,3 5 10
1 3 5 9 10 12 13,0.0173758,29.0009,Yes,N/A,N/A,3,1 3,5,1 5,N/A,3 5,9,10,1 10,12,13,1 13,3 12,3 13,1 3 13,5 13
3 5 9 10 13,0.014195,27.2154,Yes,N/A,N/A,3,N/A,5,N/A,N/A,3 5,9,10,N/A,3 9,13,5 9,5 10,3 13,3 5 9,5 13
1 3 5 9 10 11,0.0429863,18.3645,Yes,N/A,N/A,3,1 3,5,1 5,N/A,3 5,9,10,11,1 11,3 10,3 11,1 3 11,5 11,1 5 11,3 5 10
3 5 9 10 11,0.0246865,22.3717,Yes,N/A,N/A,3,N/A,5,N/A,N/A,3 5,9,10,11,3 9,3 10,3 11,5 10,5 11,3 5 9,3 5 10
1 3 5 9 10 11 13,0.0206114,27.0446,Yes,N/A,N/A,3,1 3,5,1 5,N/A,3 5,9,10,11,1 11,13,1 13,1 3 11,3 13,1 3 13,5 13
1 3 5 9 10 11 12,0.0258607,25.3951,Yes,N/A,N/A,3,1 3,5,1 5,N/A,3 5,9,10,11,12,1 12,3 11,3 12,1 3 12,5 12,1 5 12
3 5 9 10 11 12,0.0124854,30.772,Yes,N/A,N/A,3,N/A,5,N/A,N/A,3 5,9,10,11,12,3 10,3 11,3 12,5 11,5 12,3 5 10
1 3 5 9 10 11 12 13,0.014156,33.9344,Yes,N/A,N/A,3,1 3,5,1 5,N/A,3 5,9,10,11,12,13,1 13,3 12,3 13,1 3 13,5 13
3 5 10 12 13,0.00675319,33.413,Yes,N/A,N/A,3,N/A,5,N/A,N/A,3 5,N/A,10,N/A,12,13,N/A,3 12,3 13,5 12,5 13
3 5 10 11 13,0.00914249,31.1908,Yes,N/A,N/A,3,N/A,5,N/A,N/A,3 5,N/A,10,11,N/A,13,3 11,5 10,3 13,N/A,5 13
3 5 10 11 12 13,0.00586531,37.9518,Yes,N/A,N/A,3,N/A,5,N/A,N/A,3 5,N/A,10,11,12,13,3 11,3 12,3 13,5 12,5 13
1 3 5 8,0.0657061,8.3152,Yes,N/A,N/A,3,1 3,5,1 5,N/A,8,1 8,N/A,3 8,1 3 8,5 8,1 5 8,N/A,3 5 8,1 3 5 8,N/A
3 5 8,0.0451496,11.8062,Yes,N/A,N/A,3,N/A,5,N/A,N/A,8,N/A,N/A,3 8,N/A,5 8,N/A,N/A,3 5 8,N/A,N/A
1 3 5 8 13,0.027192,18.5994,Yes,N/A,N/A,3,1 3,5,1 5,N/A,8,1 8,N/A,3 8,1 3 8,13,1 13,N/A,3 13,1 3 13,5 13
1 3 5 8 12,0.0408876,16.1632,Yes,N/A,N/A,3,1 3,5,1 5,N/A,8,1 8,N/A,3 8,12,1 12,1 5 8,3 12,1 3 12,5 12,1 5 12
3 5 8 12,0.0257326,20.0738,Yes,N/A,N/A,3,N/A,5,N/A,N/A,8,N/A,N/A,3 8,12,5 8,N/A,3 12,3 5 8,5 12,N/A
1 3 5 8 12 13,0.0173587,26.2509,Yes,N/A,N/A,3,1 3,5,1 5,N/A,8,1 8,N/A,3 8,12,13,1 13,3 12,3 13,1 3 13,5 13
3 5 8 13,0.011964,23.8045,Yes,N/A,N/A,3,N/A,5,N/A,N/A,8,N/A,N/A,3 8,N/A,13,N/A,N/A,3 13,N/A,5 13
1 3 5 8 11,0.0505655,14.91,Yes,N/A,N/A,3,1 3,5,1 5,N/A,8,1 8,N/A,11,1 11,5 8,3 11,1 3 11,5 11,1 5 11,N/A
3 5 8 11,0.0268695,20.526,Yes,N/A,N/A,3,N/A,5,N/A,N/A,8,N/A,N/A,11,N/A,5 8,3 11,N/A,5 11,N/A,N/A
1 3 5 8 11 13,0.0198243,25.2217,Yes,N/A,N/A,3,1 3,5,1 5,N/A,8,1 8,N/A,11,1 11,13,1 13,1 3 11,3 13,1 3 13,5 13
1 3 5 8 11 12,0.0278279,23.2119,Yes,N/A,N/A,3,1 3,5,1 5,N/A,8,1 8,N/A,11,12,1 12,3 11,3 12,1 3 12,5 12,1 5 12
3 5 8 11 12,0.0158108,27.7549,Yes,N/A,N/A,3,N/A,5,N/A,N/A,8,N/A,N/A,11,12,5 8,3 11,3 12,5 11,5 12,N/A
1 3 5 8 11 12 13,0.0130657,32.9837,Yes,N/A,N/A,3,1 3,5,1 5,N/A,8,1 8,N/A,11,12,13,1 13,3 12,3 13,1 3 13,5 13
3 5 8 12 13,0.00776512,31.5744,Yes,N/A,N/A,3,N/A,5,N/A,N/A,8,N/A,N/A,3 8,12,13,N/A,3 12,3 13,5 12,5 13
1 3 5 8 10,0.0662632,12.1034,Yes,N/A,N/A,3,1 3,5,1 5,N/A,8,1 8,10,1 10,1 3 8,3 10,1 3 10,5 10,1 5 10,1 3 5 8,8 10
3 5 8 10,0.0369861,18.1932,Yes,N/A,N/A,3,N/A,5,N/A,N/A,8,N/A,10,3 8,N/A,3 10,N/A,5 10,3 5 8,N/A,8 10
1 3 5 8 10 13,0.0268991,21.8531,Yes,N/A,N/A,3,1 3,5,1 5,N/A,8,1 8,10,1 10,1 3 8,13,1 13,5 10,3 13,1 3 13,5 13
1 3 5 8 10 12,0.035816,19.4387,Yes,N/A,N/A,3,1 3,5,1 5,N/A,8,1 8,10,1 10,12,1 12,1 3 10,3 12,1 3 12,5 12,1 5 12
3 5 8 10 12,0.0178239,26.0247,Yes,N/A,N/A,3,N/A,5,N/A,N/A,8,N/A,10,3 8,12,3 10,N/A,3 12,3 5 8,5 12,8 10
1 3 5 8 10 12 13,0.0168503,28.6239,Yes,N/A,N/A,3,1 3,5,1 5,N/A,8,1 8,10,1 10,12,13,1 13,3 12,3 13,1 3 13,5 13
3 5 8 10 13,0.0108328,29.8773,Yes,N/A,N/A,3,N/A,5,N/A,N/A,8,N/A,10,3 8,N/A,13,N/A,5 10,3 13,N/A,5 13
1 3 5 8 10 11,0.0453038,17.7546,Yes,N/A,N/A,3,1 3,5,1 5,N/A,8,1 8,10,11,1 11,3 10,3 11,1 3 11,5 11,1 5 11,8 10
3 5 8 10 11,0.0195516,25.9189,Yes,N/A,N/A,3,N/A,5,N/A,N/A,8,N/A,10,11,N/A,3 10,3 11,5 10,5 11,N/A,8 10
1 3 5 8 10 11 13,0.0188932,27.8139,Yes,N/A,N/A,3,1 3,5,1 5,N/A,8,1 8,10,11,1 11,13,1 13,1 3 11,3 13,1 3 13,5 13
1 3 5 8 10 11 12,0.0260369,24.8692,Yes,N/A,N/A,3,1 3,5,1 5,N/A,8,1 8,10,11,12,1 12,3 11,3 12,1 3 12,5 12,1 5 12
3 5 8 10 11 12,0.0119396,32.3625,Yes,N/A,N/A,3,N/A,5,N/A,N/A,8,N/A,10,11,12,3 10,3 11,3 12,5 11,5 12,8 10
1 3 5 8 10 11 12 13,0.0134829,33.7698,Yes,N/A,N/A,3,1 3,5,1 5,N/A,8,1 8,10,11,12,13,1 13,3 12,3 13,1 3 13,5 13
3 5 8 11 13,0.0072813,32.486,Yes,N/A,N/A,3,N/A,5,N/A,N/A,8,N/A,N/A,11,N/A,13,3 11,N/A,3 13,N/A,5 13
3 5 8 11 12 13,0.00536997,39.1115,Yes,N/A,N/A,3,N/A,5,N/A,N/A,8,N/A,N/A,11,12,13,3 11,3 12,3 13,5 12,5 13
1 3 5 8 9,0.0788301,11.0843,Yes,N/A,N/A,3,1 3,5,1 5,N/A,8,9,1 9,3 8,3 9,1 3 9,5 9,1 5 9,3 5 8,8 9,1 8 9
3 5 8 9,0.0571112,15.2479,Yes,N/A,N/A,3,N/A,5,N/A,N/A,8,9,N/A,3 8,3 9,5 8,5 9,N/A,3 5 8,8 9,N/A
1 3 5 8 9 13,0.0309523,20.6023,Yes,N/A,N/A,3,1 3,5,1 5,N/A,8,9,1 9,3 8,3 9,13,1 13,1 5 9,3 13,1 3 13,5 13
1 3 5 8 9 12,0.0437996,18.1688,Yes,N/A,N/A,3,1 3,5,1 5,N/A,8,9,1 9,3 8,12,1 12,5 9,3 12,1 3 12,5 12,1 5 12
3 5 8 9 12,0.0230761,24.0395,Yes,N/A,N/A,3,N/A,5,N/A,N/A,8,9,N/A,3 8,12,5 8,5 9,3 12,3 5 8,5 12,N/A
1 3 5 8 9 12 13,0.0188649,27.8212,Yes,N/A,N/A,3,1 3,5,1 5,N/A,8,9,1 9,3 8,12,13,1 13,3 12,3 13,1 3 13,5 13
3 5 8 9 13,0.0162269,26.3321,Yes,N/A,N/A,3,N/A,5,N/A,N/A,8,9,N/A,3 8,3 9,13,5 9,N/A,3 13,8 9,5 13
1 3 5 8 9 11,0.0460634,17.5834,Yes,N/A,N/A,3,1 3,5,1 5,N/A,8,9,1 9,11,1 11,1 3 9,3 11,1 3 11,5 11,1 5 11,1 8 9
3 5 8 9 11,0.0261587,23.6479,Yes,N/A,N/A,3,N/A,5,N/A,N/A,8,9,N/A,11,3 9,5 8,3 11,N/A,5 11,8 9,N/A
1 3 5 8 9 11 13,0.0208074,26.7439,Yes,N/A,N/A,3,1 3,5,1 5,N/A,8,9,1 9,11,1 11,13,1 13,1 3 11,3 13,1 3 13,5 13
1 3 5 8 9 11 12,0.0281603,24.395,Yes,N/A,N/A,3,1 3,5,1 5,N/A,8,9,1 9,11,12,1 12,3 11,3 12,1 3 12,5 12,1 5 12
3 5 8 9 11 12,0.0133613,31.8602,Yes,N/A,N/A,3,N/A,5,N/A,N/A,8,9,N/A,11,12,5 8,3 11,3 12,5 11,5 12,N/A
1 3 5 8 9 11 12 13,0.0143119,33.3073,Yes,N/A,N/A,3,1 3,5,1 5,N/A,8,9,1 9,11,12,13,1 13,3 12,3 13,1 3 13,5 13
3 5 8 9 12 13,0.00904577,34.404,Yes,N/A,N/A,3,N/A,5,N/A,N/A,8,9,N/A,3 8,12,13,5 9,3 12,3 13,5 12,5 13
1 3 5 8 9 10,0.0581252,15.461,Yes,N/A,N/A,3,1 3,5,1 5,N/A,8,9,10,1 10,3 9,3 10,1 3 10,5 10,1 5 10,8 9,8 10
3 5 8 9 10,0.0355062,19.4128,Yes,N/A,N/A,3,N/A,5,N/A,N/A,8,9,10,3 8,3 9,3 10,5 9,5 10,3 5 8,8 9,8 10
1 3 5 8 9 10 13,0.0271194,24.141,Yes,N/A,N/A,3,1 3,5,1 5,N/A,8,9,10,1 10,3 9,13,1 13,5 10,3 13,1 3 13,5 13
1 3 5 8 9 10 12,0.0319456,22.7182,Yes,N/A,N/A,3,1 3,5,1 5,N/A,8,9,10,1 10,12,1 12,1 3 10,3 12,1 3 12,5 12,1 5 12
3 5 8 9 10 12,0.0173111,27.7393,Yes,N/A,N/A,3,N/A,5,N/A,N/A,8,9,10,3 8,12,3 10,5 9,3 12,3 5 8,5 12,8 10
1 3 5 8 9 10 12 13,0.0169764,31.1176,Yes,N/A,N/A,3,1 3,5,1 5,N/A,8,9,10,1 10,12,13,1 13,3 12,3 13,1 3 13,5 13
3 5 8 9 10 13,0.013165,29.8047,Yes,N/A,N/A,3,N/A,5,N/A,N/A,8,9,10,3 8,3 9,13,5 9,5 10,3 13,8 9,5 13
1 3 5 8 9 10 11,0.0383909,20.8817,Yes,N/A,N/A,3,1 3,5,1 5,N/A,8,9,10,11,1 11,3 10,3 11,1 3 11,5 11,1 5 11,8 10
3 5 8 9 10 11,0.0200207,26.3608,Yes,N/A,N/A,3,N/A,5,N/A,N/A,8,9,10,11,3 9,3 10,3 11,5 10,5 11,8 9,8 10
1 3 5 8 9 10 11 13,0.0190538,29.7707,Yes,N/A,N/A,3,1 3,5,1 5,N/A,8,9,10,11,1 11,13,1 13,1 3 11,3 13,1 3 13,5 13
1 3 5 8 9 10 11 12,0.0242167,27.4982,Yes,N/A,N/A,3,1 3,5,1 5,N/A,8,9,10,11,12,1 12,3 11,3 12,1 3 12,5 12,1 5 12
3 5 8 9 10 11 12,0.0116509,33.8982,Yes,N/A,N/A,3,N/A,5,N/A,N/A,8,9,10,11,12,3 10,3 11,3 12,5 11,5 12,8 10
1 3 5 8 9 10 11 12 13,0.0140456,35.6483,Yes,N/A,N/A,3,1 3,5,1 5,N/A,8,9,10,11,12,13,1 13,3 12,3 13,1 3 13,5 13
3 5 9 11 13,0.0106506,29.0624,Yes,N/A,N/A,3,N/A,5,N/A,N/A,3 5,9,N/A,11,3 9,13,3 11,N/A,3 13,3 5 9,5 13
3 5 9 11 12 13,0.00638981,37.2323,Yes,N/A,N/A,3,N/A,5,N/A,N/A,3 5,9,N/A,11,12,13,3 11,3 12,3 13,5 12,5 13
3 5 9 10 12 13,0.00752451,36.3669,Yes,N/A,N/A,3,N/A,5,N/A,N/A,3 5,9,10,N/A,12,13,5 9,3 12,3 13,5 12,5 13
3 5 9 10 11 13,0.0100839,32.2934,Yes,N/A,N/A,3,N/A,5,N/A,N/A,3 5,9,10,11,3 9,13,3 11,5 10,3 13,3 5 9,5 13
3 5 9 10 11 12 13,0.00620312,40.0628,Yes,N/A,N/A,3,N/A,5,N/A,N/A,3 5,9,10,11,12,13,3 11,3 12,3 13,5 12,5 13
1 3 5 7,0.0864501,6.1548,Yes,N/A,N/A,3,1 3,5,1 5,7,1 7,1 3 5,3 7,1 3 7,5 7,1 5 7,N/A,3 5 7,1 3 5 7,N/A,N/A
3 5 7,0.0678691,10.0609,Yes,N/A,N/A,3,N/A,5,N/A,7,3 5,N/A,3 7,N/A,5 7,N/A,N/A,3 5 7,N/A,N/A,N/A
1 3 5 7 13,0.0385335,14.584,Yes,N/A,N/A,3,1 3,5,1 5,7,1 7,1 3 5,3 7,1 3 7,5 7,13,1 13,3 5 7,3 13,1 3 13,5 13
1 3 5 7 12,0.0464264,14.2179,Yes,N/A,N/A,3,1 3,5,1 5,7,1 7,1 3 5,3 7,1 3 7,12,1 12,N/A,3 12,1 3 12,5 12,1 5 12
3 5 7 12,0.0220623,20.5172,Yes,N/A,N/A,3,N/A,5,N/A,7,3 5,N/A,3 7,N/A,12,N/A,N/A,3 12,N/A,5 12,N/A
1 3 5 7 12 13,0.0197879,22.7581,Yes,N/A,N/A,3,1 3,5,1 5,7,1 7,1 3 5,3 7,1 3 7,12,13,1 13,3 12,3 13,1 3 13,5 13
3 5 7 13,0.0232172,19.9447,Yes,N/A,N/A,3,N/A,5,N/A,7,3 5,N/A,3 7,N/A,5 7,13,N/A,3 5 7,3 13,N/A,5 13
1 3 5 7 11,0.0658288,11.6076,Yes,N/A,N/A,3,1 3,5,1 5,7,1 7,1 3 5,3 7,11,1 11,1 5 7,3 11,1 3 11,5 11,1 5 11,7 11
3 5 7 11,0.0444512,16.3337,Yes,N/A,N/A,3,N/A,5,N/A,7,3 5,N/A,3 7,11,5 7,N/A,3 11,3 5 7,5 11,N/A,7 11
1 3 5 7 11 13,0.0277757,20.2908,Yes,N/A,N/A,3,1 3,5,1 5,7,1 7,1 3 5,3 7,11,1 11,13,1 13,1 3 11,3 13,1 3 13,5 13
1 3 5 7 11 12,0.0338317,19.1284,Yes,N/A,N/A,3,1 3,5,1 5,7,1 7,1 3 5,3 7,11,12,1 12,3 11,3 12,1 3 12,5 12,1 5 12
3 5 7 11 12,0.0161491,25.8964,Yes,N/A,N/A,3,N/A,5,N/A,7,3 5,N/A,3 7,11,12,N/A,3 11,3 12,5 11,5 12,7 11
1 3 5 7 11 12 13,0.0156986,27.9107,Yes,N/A,N/A,3,1 3,5,1 5,7,1 7,1 3 5,3 7,11,12,13,1 13,3 12,3 13,1 3 13,5 13
3 5 7 12 13,0.00912395,29.8582,Yes,N/A,N/A,3,N/A,5,N/A,7,3 5,N/A,3 7,N/A,12,13,N/A,3 12,3 13,5 12,5 13
1 3 5 7 10,0.0795335,10.3678,Yes,N/A,N/A,3,1 3,5,1 5,7,1 7,1 3 5,10,1 10,5 7,3 10,1 3 10,5 10,1 5 10,7 10,1 7 10
3 5 7 10,0.0454425,16.8139,Yes,N/A,N/A,3,N/A,5,N/A,7,3 5,N/A,10,N/A,5 7,3 10,N/A,5 10,N/A,7 10,3 5 10
1 3 5 7 10 13,0.0330363,19.4074,Yes,N/A,N/A,3,1 3,5,1 5,7,1 7,1 3 5,10,1 10,5 7,13,1 13,5 10,3 13,1 3 13,5 13
1 3 5 7 10 12,0.0367034,18.3298,Yes,N/A,N/A,3,1 3,5,1 5,7,1 7,1 3 5,10,1 10,12,1 12,1 3 10,3 12,1 3 12,5 12,1 5 12
3 5 7 10 12,0.0143974,27.2188,Yes,N/A,N/A,3,N/A,5,N/A,7,3 5,N/A,10,N/A,12,3 10,N/A,3 12,N/A,5 12,3 5 10
1 3 5 7 10 12 13,0.0175472,26.9004,Yes,N/A,N/A,3,1 3,5,1 5,7,1 7,1 3 5,10,1 10,12,13,1 13,3 12,3 13,1 3 13,5 13
3 5 7 10 13,0.013931,27.6757,Yes,N/A,N/A,3,N/A,5,N/A,7,3 5,N/A,10,N/A,5 7,13,N/A,5 10,3 13,7 10,5 13
1 3 5 7 10 11,0.0481122,16.2893,Yes,N/A,N/A,3,1 3,5,1 5,7,1 7,1 3 5,10,11,1 11,3 10,3 11,1 3 11,5 11,1 5 11,7 11
3 5 7 10 11,0.0288034,21.5166,Yes,N/A,N/A,3,N/A,5,N/A,7,3 5,N/A,10,11,5 7,3 10,3 11,5 10,5 11,7 10,7 11
1 3 5 7 10 11 13,0.0215686,25.2449,Yes,N/A,N/A,3,1 3,5,1 5,7,1 7,1 3 5,10,11,1 11,13,1 13,1 3 11,3 13,1 3 13,5 13
1 3 5 7 10 11 12,0.0268241,23.0401,Yes,N/A,N/A,3,1 3,5,1 5,7,1 7,1 3 5,10,11,12,1 12,3 11,3 12,1 3 12,5 12,1 5 12
3 5 7 10 11 12,0.011751,30.8391,Yes,N/A,N/A,3,N/A,5,N/A,7,3 5,N/A,10,11,12,3 10,3 11,3 12,5 11,5 12,7 11
1 3 5 7 10 11 12 13,0.0138351,31.4953,Yes,N/A,N/A,3,1 3,5,1 5,7,1 7,1 3 5,10,11,12,13,1 13,3 12,3 13,1 3 13,5 13
3 5 7 11 13,0.0163881,25.5264,Yes,N/A,N/A,3,N/A,5,N/A,7,3 5,N/A,3 7,11,5 7,13,3 11,3 5 7,3 13,N/A,5 13
3 5 7 11 12 13,0.00740484,34.3556,Yes,N/A,N/A,3,N/A,5,N/A,7,3 5,N/A,3 7,11,12,13,3 11,3 12,3 13,5 12,5 13
1 3 5 7 9,0.0905453,9.5656,Yes,N/A,N/A,3,1 3,5,1 5,7,1 7,9,1 9,1 3 7,3 9,1 3 9,5 9,1 5 9,7 9,1 7 9,1 3 5 9
3 5 7 9,0.0576717,14.5603,Yes,N/A,N/A,3,N/A,5,N/A,7,3 5,9,3 7,N/A,3 9,N/A,5 9,3 5 7,7 9,3 5 9,N/A
1 3 5 7 9 13,0.0367472,18.1986,Yes,N/A,N/A,3,1 3,5,1 5,7,1 7,9,1 9,1 3 7,3 9,13,1 13,1 5 9,3 13,1 3 13,5 13
1 3 5 7 9 12,0.0455658,16.9053,Yes,N/A,N/A,3,1 3,5,1 5,7,1 7,9,1 9,1 3 7,12,1 12,5 9,3 12,1 3 12,5 12,1 5 12
3 5 7 9 12,0.0206308,24.3439,Yes,N/A,N/A,3,N/A,5,N/A,7,3 5,9,3 7,N/A,12,N/A,5 9,3 12,7 9,5 12,N/A
1 3 5 7 9 12 13,0.0200906,25.6653,Yes,N/A,N/A,3,1 3,5,1 5,7,1 7,9,1 9,1 3 7,12,13,1 13,3 12,3 13,1 3 13,5 13
3 5 7 9 13,0.0202946,23.64,Yes,N/A,N/A,3,N/A,5,N/A,7,3 5,9,3 7,N/A,3 9,13,5 9,3 5 7,3 13,3 5 9,5 13
1 3 5 7 9 11,0.0551686,14.719,Yes,N/A,N/A,3,1 3,5,1 5,7,1 7,9,1 9,11,1 11,1 3 9,3 11,1 3 11,5 11,1 5 11,7 11
3 5 7 9 11,0.029504,20.7262,Yes,N/A,N/A,3,N/A,5,N/A,7,3 5,9,3 7,11,3 9,N/A,3 11,3 5 7,5 11,3 5 9,7 11
1 3 5 7 9 11 13,0.0258964,22.5387,Yes,N/A,N/A,3,1 3,5,1 5,7,1 7,9,1 9,11,1 11,13,1 13,1 3 11,3 13,1 3 13,5 13
1 3 5 7 9 11 12,0.0313242,21.2653,Yes,N/A,N/A,3,1 3,5,1 5,7,1 7,9,1 9,11,12,1 12,3 11,3 12,1 3 12,5 12,1 5 12
3 5 7 9 11 12,0.0134674,29.6371,Yes,N/A,N/A,3,N/A,5,N/A,7,3 5,9,3 7,11,12,N/A,3 11,3 12,5 11,5 12,7 11
1 3 5 7 9 11 12 13,0.0163011,29.0191,Yes,N/A,N/A,3,1 3,5,1 5,7,1 7,9,1 9,11,12,13,1 13,3 12,3 13,1 3 13,5 13
3 5 7 9 12 13,0.00947266,32.6423,Yes,N/A,N/A,3,N/A,5,N/A,7,3 5,9,3 7,N/A,12,13,5 9,3 12,3 13,5 12,5 13
1 3 5 7 9 10,0.0663197,13.1361,Yes,N/A,N/A,3,1 3,5,1 5,7,1 7,9,10,1 10,3 9,3 10,1 3 10,5 10,1 5 10,7 10,1 7 10
3 5 7 9 10,0.0318535,19.9424,Yes,N/A,N/A,3,N/A,5,N/A,7,3 5,9,10,N/A,3 9,3 10,5 9,5 10,7 9,7 10,3 5 10
1 3 5 7 9 10 13,0.0312386,21.1846,Yes,N/A,N/A,3,1 3,5,1 5,7,1 7,9,10,1 10,3 9,13,1 13,5 10,3 13,1 3 13,5 13
1 3 5 7 9 10 12,0.0334665,20.7767,Yes,N/A,N/A,3,1 3,5,1 5,7,1 7,9,10,1 10,12,1 12,1 3 10,3 12,1 3 12,5 12,1 5 12
3 5 7 9 10 12,0.0140146,29.2576,Yes,N/A,N/A,3,N/A,5,N/A,7,3 5,9,10,N/A,12,3 10,5 9,3 12,7 9,5 12,3 5 10
1 3 5 7 9 10 12 13,0.0181606,28.2738,Yes,N/A,N/A,3,1 3,5,1 5,7,1 7,9,10,1 10,12,13,1 13,3 12,3 13,1 3 13,5 13
3 5 7 9 10 13,0.0126277,30.1886,Yes,N/A,N/A,3,N/A,5,N/A,7,3 5,9,10,N/A,3 9,13,5 9,5 10,3 13,7 10,5 13
1 3 5 7 9 10 11,0.0427495,17.8856,Yes,N/A,N/A,3,1 3,5,1 5,7,1 7,9,10,11,1 11,3 10,3 11,1 3 11,5 11,1 5 11,7 11
3 5 7 9 10 11,0.0215585,24.2276,Yes,N/A,N/A,3,N/A,5,N/A,7,3 5,9,10,11,3 9,3 10,3 11,5 10,5 11,7 10,7 11
1 3 5 7 9 10 11 13,0.0215768,26.0538,Yes,N/A,N/A,3,1 3,5,1 5,7,1 7,9,10,11,1 11,13,1 13,1 3 11,3 13,1 3 13,5 13
1 3 5 7 9 10 11 12,0.026289,23.9177,Yes,N/A,N/A,3,1 3,5,1 5,7,1 7,9,10,11,12,1 12,3 11,3 12,1 3 12,5 12,1 5 12
3 5 7 9 10 11 12,0.0110944,32.4358,Yes,N/A,N/A,3,N/A,5,N/A,7,3 5,9,10,11,12,3 10,3 11,3 12,5 11,5 12,7 11
1 3 5 7 9 10 11 12 13,0.0152472,31.2932,Yes,N/A,N/A,3,1 3,5,1 5,7,1 7,9,10,11,12,13,1 13,3 12,3 13,1 3 13,5 13
3 5 7 10 12 13,0.00607587,37.6497,Yes,N/A,N/A,3,N/A,5,N/A,7,3 5,N/A,10,N/A,12,13,N/A,3 12,3 13,5 12,5 13
3 5 7 10 11 13,0.0112628,31.7448,Yes,N/A,N/A,3,N/A,5,N/A,7,3 5,N/A,10,11,5 7,13,3 11,5 10,3 13,7 10,5 13
3 5 7 10 11 12 13,0.00573958,40.4792,Yes,N/A,N/A,3,N/A,5,N/A,7,3 5,N/A,10,11,12,13,3 11,3 12,3 13,5 12,5 13
1 3 5 7 8,0.102066,8.73808,Yes,N/A,N/A,3,1 3,5,1 5,7,8,1 8,3 7,3 8,1 3 8,5 8,1 5 8,7 8,1 7 8,1 3 5 8,3 7 8
3 5 7 8,0.0723561,13.1331,Yes,N/A,N/A,3,N/A,5,N/A,7,8,N/A,3 7,3 8,5 7,5 8,N/A,7 8,3 5 8,N/A,3 7 8
1 3 5 7 8 13,0.0402112,17.5877,Yes,N/A,N/A,3,1 3,5,1 5,7,8,1 8,3 7,3 8,1 3 8,13,1 13,7 8,3 13,1 3 13,5 13
1 3 5 7 8 12,0.0485791,16.1237,Yes,N/A,N/A,3,1 3,5,1 5,7,8,1 8,3 7,3 8,12,1 12,1 5 8,3 12,1 3 12,5 12,1 5 12
3 5 7 8 12,0.0248684,22.5693,Yes,N/A,N/A,3,N/A,5,N/A,7,8,N/A,3 7,3 8,12,5 8,N/A,3 12,3 5 8,5 12,3 7 8
1 3 5 7 8 12 13,0.0213916,24.9283,Yes,N/A,N/A,3,1 3,5,1 5,7,8,1 8,3 7,3 8,12,13,1 13,3 12,3 13,1 3 13,5 13
3 5 7 8 13,0.0209074,24.0769,Yes,N/A,N/A,3,N/A,5,N/A,7,8,N/A,3 7,3 8,5 7,13,N/A,7 8,3 13,N/A,5 13
1 3 5 7 8 11,0.0638701,13.6527,Yes,N/A,N/A,3,1 3,5,1 5,7,8,1 8,3 7,11,1 11,5 8,3 11,1 3 11,5 11,1 5 11,7 11
3 5 7 8 11,0.0329334,20.0368,Yes,N/A,N/A,3,N/A,5,N/A,7,8,N/A,3 7,11,5 7,5 8,3 11,7 8,5 11,N/A,7 11
1 3 5 7 8 11 13,0.027472,22.3757,Yes,N/A,N/A,3,1 3,5,1 5,7,8,1 8,3 7,11,1 11,13,1 13,1 3 11,3 13,1 3 13,5 13
1 3 5 7 8 11 12,0.0331603,20.8821,Yes,N/A,N/A,3,1 3,5,1 5,7,8,1 8,3 7,11,12,1 12,3 11,3 12,1 3 12,5 12,1 5 12
3 5 7 8 11 12,0.0158516,28.3775,Yes,N/A,N/A,3,N/A,5,N/A,7,8,N/A,3 7,11,12,5 8,3 11,3 12,5 11,5 12,7 11
1 3 5 7 8 11 12 13,0.0168675,29.0005,Yes,N/A,N/A,3,1 3,5,1 5,7,8,1 8,3 7,11,12,13,1 13,3 12,3 13,1 3 13,5 13
3 5 7 8 12 13,0.00894308,33.3877,Yes,N/A,N/A,3,N/A,5,N/A,7,8,N/A,3 7,3 8,12,13,N/A,3 12,3 13,5 12,5 13
1 3 5 7 8 10,0.0632375,13.3289,Yes,N/A,N/A,3,1 3,5,1 5,7,8,1 8,10,1 10,1 3 8,3 10,1 3 10,5 10,1 5 10,7 10,8 10
3 5 7 8 10,0.0353287,19.8708,Yes,N/A,N/A,3,N/A,5,N/A,7,8,N/A,10,3 8,5 7,3 10,N/A,5 10,3 5 8,7 10,8 10
1 3 5 7 8 10 13,0.0294014,21.888,Yes,N/A,N/A,3,1 3,5,1 5,7,8,1 8,10,1 10,1 3 8,13,1 13,5 10,3 13,1 3 13,5 13
1 3 5 7 8 10 12,0.0341687,20.3458,Yes,N/A,N/A,3,1 3,5,1 5,7,8,1 8,10,1 10,12,1 12,1 3 10,3 12,1 3 12,5 12,1 5 12
3 5 7 8 10 12,0.0143288,29.613,Yes,N/A,N/A,3,N/A,5,N/A,7,8,N/A,10,3 8,12,3 10,N/A,3 12,3 5 8,5 12,8 10
1 3 5 7 8 10 12 13,0.0178086,28.4303,Yes,N/A,N/A,3,1 3,5,1 5,7,8,1 8,10,1 10,12,13,1 13,3 12,3 13,1 3 13,5 13
3 5 7 8 10 13,0.0132625,30.6473,Yes,N/A,N/A,3,N/A,5,N/A,7,8,N/A,10,3 8,5 7,13,N/A,5 10,3 13,7 10,5 13
1 3 5 7 8 10 11,0.0440199,17.7383,Yes,N/A,N/A,3,1 3,5,1 5,7,8,1 8,10,11,1 11,3 10,3 11,1 3 11,5 11,1 5 11,7 11
3 5 7 8 10 11,0.0212649,25.8629,Yes,N/A,N/A,3,N/A,5,N/A,7,8,N/A,10,11,5 7,3 10,3 11,5 10,5 11,7 10,7 11
1 3 5 7 8 10 11 13,0.0215107,26.4859,Yes,N/A,N/A,3,1 3,5,1 5,7,8,1 8,10,11,1 11,13,1 13,1 3 11,3 13,1 3 13,5 13
1 3 5 7 8 10 11 12,0.0263946,23.9966,Yes,N/A,N/A,3,1 3,5,1 5,7,8,1 8,10,11,12,1 12,3 11,3 12,1 3 12,5 12,1 5 12
3 5 7 8 10 11 12,0.0110038,34.3888,Yes,N/A,N/A,3,N/A,5,N/A,7,8,N/A,10,11,12,3 10,3 11,3 12,5 11,5 12,7 11
1 3 5 7 8 10 11 12 13,0.0150244,31.6729,Yes,N/A,N/A,3,1 3,5,1 5,7,8,1 8,10,11,12,13,1 13,3 12,3 13,1 3 13,5 13
3 5 7 8 11 13,0.0120801,30.6165,Yes,N/A,N/A,3,N/A,5,N/A,7,8,N/A,3 7,11,5 7,13,3 11,7 8,3 13,N/A,5 13
3 5 7 8 11 12 13,0.00671079,38.7966,Yes,N/A,N/A,3,N/A,5,N/A,7,8,N/A,3 7,11,12,13,3 11,3 12,3 13,5 12,5 13
1 3 5 7 8 9,0.0735713,11.6848,Yes,N/A,N/A,3,1 3,5,1 5,7,8,9,1 9,3 8,3 9,1 3 9,5 9,1 5 9,7 9,8 9,1 8 9
3 5 7 8 9,0.0458433,15.5917,Yes,N/A,N/A,3,N/A,5,N/A,7,8,9,3 7,3 8,3 9,5 8,5 9,7 8,7 9,8 9,3 7 8
1 3 5 7 8 9 13,0.0345698,19.8526,Yes,N/A,N/A,3,1 3,5,1 5,7,8,9,1 9,3 8,3 9,13,1 13,1 5 9,3 13,1 3 13,5 13
1 3 5 7 8 9 12,0.0425823,18.01,Yes,N/A,N/A,3,1 3,5,1 5,7,8,9,1 9,3 8,12,1 12,5 9,3 12,1 3 12,5 12,1 5 12
3 5 7 8 9 12,0.0214431,24.1821,Yes,N/A,N/A,3,N/A,5,N/A,7,8,9,3 7,3 8,12,5 8,5 9,3 12,7 9,5 12,3 7 8
1 3 5 7 8 9 12 13,0.0208795,26.494,Yes,N/A,N/A,3,1 3,5,1 5,7,8,9,1 9,3 8,12,13,1 13,3 12,3 13,1 3 13,5 13
3 5 7 8 9 13,0.0175991,25.4826,Yes,N/A,N/A,3,N/A,5,N/A,7,8,9,3 7,3 8,3 9,13,5 9,7 8,3 13,8 9,5 13
1 3 5 7 8 9 11,0.0466882,16.8883,Yes,N/A,N/A,3,1 3,5,1 5,7,8,9,1 9,11,1 11,1 3 9,3 11,1 3 11,5 11,1 5 11,7 11
3 5 7 8 9 11,0.0273439,21.9146,Yes,N/A,N/A,3,N/A,5,N/A,7,8,9,3 7,11,3 9,5 8,3 11,7 8,5 11,8 9,7 11
1 3 5 7 8 9 11 13,0.0243991,24.2954,Yes,N/A,N/A,3,1 3,5,1 5,7,8,9,1 9,11,1 11,13,1 13,1 3 11,3 13,1 3 13,5 13
1 3 5 7 8 9 11 12,0.0298155,22.579,Yes,N/A,N/A,3,1 3,5,1 5,7,8,9,1 9,11,12,1 12,3 11,3 12,1 3 12,5 12,1 5 12
3 5 7 8 9 11 12,0.0148194,29.6535,Yes,N/A,N/A,3,N/A,5,N/A,7,8,9,3 7,11,12,5 8,3 11,3 12,5 11,5 12,7 11
1 3 5 7 8 9 11 12 13,0.0168671,29.9373,Yes,N/A,N/A,3,1 3,5,1 5,7,8,9,1 9,11,12,13,1 13,3 12,3 13,1 3 13,5 13
3 5 7 8 9 12 13,0.00967507,33.4795,Yes,N/A,N/A,3,N/A,5,N/A,7,8,9,3 7,3 8,12,13,5 9,3 12,3 13,5 12,5 13
1 3 5 7 8 9 10,0.0546759,15.0948,Yes,N/A,N/A,3,1 3,5,1 5,7,8,9,10,1 10,3 9,3 10,1 3 10,5 10,1 5 10,7 10,8 10
3 5 7 8 9 10,0.0306937,20.8364,Yes,N/A,N/A,3,N/A,5,N/A,7,8,9,10,3 8,3 9,3 10,5 9,5 10,7 9,7 10,8 10
1 3 5 7 8 9 10 13,0.0290719,22.3434,Yes,N/A,N/A,3,1 3,5,1 5,7,8,9,10,1 10,3 9,13,1 13,5 10,3 13,1 3 13,5 13
1 3 5 7 8 9 10 12,0.0319885,21.6548,Yes,N/A,N/A,3,1 3,5,1 5,7,8,9,10,1 10,12,1 12,1 3 10,3 12,1 3 12,5 12,1 5 12
3 5 7 8 9 10 12,0.0155731,29.0324,Yes,N/A,N/A,3,N/A,5,N/A,7,8,9,10,3 8,12,3 10,5 9,3 12,7 9,5 12,8 10
1 3 5 7 8 9 10 12 13,0.0187764,28.5112,Yes,N/A,N/A,3,1 3,5,1 5,7,8,9,10,1 10,12,13,1 13,3 12,3 13,1 3 13,5 13
3 5 7 8 9 10 13,0.0132351,30.3785,Yes,N/A,N/A,3,N/A,5,N/A,7,8,9,10,3 8,3 9,13,5 9,5 10,3 13,7 10,5 13
1 3 5 7 8 9 10 11,0.0385533,19.3341,Yes,N/A,N/A,3,1 3,5,1 5,7,8,9,10,11,1 11,3 10,3 11,1 3 11,5 11,1 5 11,7 11
3 5 7 8 9 10 11,0.0200592,26.1917,Yes,N/A,N/A,3,N/A,5,N/A,7,8,9,10,11,3 9,3 10,3 11,5 10,5 11,7 10,7 11
1 3 5 7 8 9 10 11 13,0.0214781,26.7897,Yes,N/A,N/A,3,1 3,5,1 5,7,8,9,10,11,1 11,13,1 13,1 3 11,3 13,1 3 13,5 13
1 3 5 7 8 9 10 11 12,0.0259115,24.5852,Yes,N/A,N/A,3,1 3,5,1 5,7,8,9,10,11,12,1 12,3 11,3 12,1 3 12,5 12,1 5 12
3 5 7 8 9 10 11 12,0.0119296,33.4146,Yes,N/A,N/A,3,N/A,5,N/A,7,8,9,10,11,12,3 10,3 11,3 12,5 11,5 12,7 11
1 3 5 7 8 9 10 11 12 13,0.0163803,31.0745,Yes,N/A,N/A,3,1 3,5,1 5,7,8,9,10,11,12,13,1 13,3 12,3 13,1 3 13,5 13
3 5 8 10 12 13,0.00656033,37.1759,Yes,N/A,N/A,3,N/A,5,N/A,N/A,8,N/A,10,3 8,12,13,N/A,3 12,3 13,5 12,5 13
3 5 8 10 11 13,0.00680325,37.5058,Yes,N/A,N/A,3,N/A,5,N/A,N/A,8,N/A,10,11,N/A,13,3 11,5 10,3 13,N/A,5 13
3 5 8 10 11 12 13,0.0050141,43.2976,Yes,N/A,N/A,3,N/A,5,N/A,N/A,8,N/A,10,11,12,13,3 11,3 12,3 13,5 12,5 13
3 5 8 9 11 13,0.00877009,34.7855,Yes,N/A,N/A,3,N/A,5,N/A,N/A,8,9,N/A,11,3 9,13,3 11,N/A,3 13,8 9,5 13
3 5 8 9 11 12 13,0.00580679,42.2285,Yes,N/A,N/A,3,N/A,5,N/A,N/A,8,9,N/A,11,12,13,3 11,3 12,3 13,5 12,5 13
3 5 8 9 10 12 13,0.00795994,37.4766,Yes,N/A,N/A,3,N/A,5,N/A,N/A,8,9,10,3 8,12,13,5 9,3 12,3 13,5 12,5 13
3 5 8 9 10 11 13,0.00855465,36.6013,Yes,N/A,N/A,3,N/A,5,N/A,N/A,8,9,10,11,3 9,13,3 11,5 10,3 13,8 9,5 13
3 5 8 9 10 11 12 13,0.0059504,43.4998,Yes,N/A,N/A,3,N/A,5,N/A,N/A,8,9,10,11,12,13,3 11,3 12,3 13,5 12,5 13
1 3 5 6,0.0965399,6.06215,Yes,N/A,N/A,3,1 3,5,6,1 6,3 5,3 6,1 3 6,5 6,1 5 6,N/A,3 5 6,1 3 5 6,N/A,N/A,N/A
3 5 6,0.0860697,9.26938,Yes,N/A,N/A,3,N/A,5,6,N/A,3 5,3 6,N/A,5 6,N/A,N/A,3 5 6,N/A,N/A,N/A,N/A
1 3 5 6 13,0.0427801,13.8973,Yes,N/A,N/A,3,1 3,5,6,1 6,3 5,3 6,1 3 6,5 6,1 5 6,13,1 13,1 3 5 6,3 13,1 3 13,5 13
1 3 5 6 12,0.0603264,12.1243,Yes,N/A,N/A,3,1 3,5,6,1 6,3 5,3 6,1 3 6,5 6,12,1 12,3 5 6,3 12,1 3 12,5 12,6 12
3 5 6 12,0.0379198,17.3034,Yes,N/A,N/A,3,N/A,5,6,N/A,3 5,3 6,N/A,5 6,12,N/A,3 5 6,3 12,N/A,5 12,6 12
1 3 5 6 12 13,0.0252608,21.4006,Yes,N/A,N/A,3,1 3,5,6,1 6,3 5,3 6,1 3 6,5 6,12,13,1 13,3 12,3 13,1 3 13,5 13
3 5 6 13,0.026592,19.205,Yes,N/A,N/A,3,N/A,5,6,N/A,3 5,3 6,N/A,5 6,N/A,13,3 5 6,N/A,3 13,N/A,5 13
1 3 5 6 11,0.0642564,12.4944,Yes,N/A,N/A,3,1 3,5,6,1 6,3 5,3 6,1 3 6,11,1 11,N/A,3 11,1 3 11,5 11,6 11,1 6 11
3 5 6 11,0.033096,18.2064,Yes,N/A,N/A,3,N/A,5,6,N/A,3 5,3 6,N/A,11,N/A,N/A,3 11,N/A,5 11,6 11,N/A
1 3 5 6 11 13,0.0272817,19.9923,Yes,N/A,N/A,3,1 3,5,6,1 6,3 5,3 6,1 3 6,11,1 11,13,1 13,1 3 11,3 13,1 3 13,5 13
1 3 5 6 11 12,0.0345905,18.8386,Yes,N/A,N/A,3,1 3,5,6,1 6,3 5,3 6,1 3 6,11,12,1 12,3 11,3 12,1 3 12,5 12,6 12
3 5 6 11 12,0.016603,25.6061,Yes,N/A,N/A,3,N/A,5,6,N/A,3 5,3 6,N/A,11,12,N/A,3 11,3 12,5 11,5 12,6 12
1 3 5 6 11 12 13,0.0162073,27.5255,Yes,N/A,N/A,3,1 3,5,6,1 6,3 5,3 6,1 3 6,11,12,13,1 13,3 12,3 13,1 3 13,5 13
3 5 6 12 13,0.0146387,26.1941,Yes,N/A,N/A,3,N/A,5,6,N/A,3 5,3 6,N/A,5 6,12,13,3 5 6,3 12,3 13,5 12,5 13
1 3 5 6 10,0.0890227,9.73911,Yes,N/A,N/A,3,1 3,5,6,1 6,3 5,3 6,10,1 10,1 5 6,3 10,1 3 10,5 10,6 10,1 6 10,3 5 10
3 5 6 10,0.0652834,13.5942,Yes,N/A,N/A,3,N/A,5,6,N/A,3 5,3 6,10,5 6,N/A,3 10,3 5 6,5 10,6 10,N/A,3 5 10
1 3 5 6 10 13,0.0363929,18.3089,Yes,N/A,N/A,3,1 3,5,6,1 6,3 5,3 6,10,1 10,1 5 6,13,1 13,5 10,3 13,1 3 13,5 13
1 3 5 6 10 12,0.047048,16.1464,Yes,N/A,N/A,3,1 3,5,6,1 6,3 5,3 6,10,1 10,12,1 12,1 3 10,3 12,1 3 12,5 12,6 12
3 5 6 10 12,0.0292601,20.5527,Yes,N/A,N/A,3,N/A,5,6,N/A,3 5,3 6,10,5 6,12,3 10,3 5 6,3 12,6 10,5 12,6 12
1 3 5 6 10 12 13,0.0224979,24.293,Yes,N/A,N/A,3,1 3,5,6,1 6,3 5,3 6,10,1 10,12,13,1 13,3 12,3 13,1 3 13,5 13
3 5 6 10 13,0.0190519,24.4385,Yes,N/A,N/A,3,N/A,5,6,N/A,3 5,3 6,10,5 6,N/A,13,3 5 6,5 10,3 13,N/A,5 13
1 3 5 6 10 11,0.0518877,15.5304,Yes,N/A,N/A,3,1 3,5,6,1 6,3 5,3 6,10,11,1 11,3 10,3 11,1 3 11,5 11,6 11,1 6 11
3 5 6 10 11,0.0259777,21.6175,Yes,N/A,N/A,3,N/A,5,6,N/A,3 5,3 6,10,11,N/A,3 10,3 11,5 10,5 11,6 11,3 5 10
1 3 5 6 10 11 13,0.023975,23.5767,Yes,N/A,N/A,3,1 3,5,6,1 6,3 5,3 6,10,11,1 11,13,1 13,1 3 11,3 13,1 3 13,5 13
1 3 5 6 10 11 12,0.0294924,22.1589,Yes,N/A,N/A,3,1 3,5,6,1 6,3 5,3 6,10,11,12,1 12,3 11,3 12,1 3 12,5 12,6 12
3 5 6 10 11 12,0.0147049,27.8028,Yes,N/A,N/A,3,N/A,5,6,N/A,3 5,3 6,10,11,12,3 10,3 11,3 12,5 11,5 12,6 12
1 3 5 6 10 11 12 13,0.015871,29.933,Yes,N/A,N/A,3,1 3,5,6,1 6,3 5,3 6,10,11,12,13,1 13,3 12,3 13,1 3 13,5 13
3 5 6 11 13,0.0117437,28.0258,Yes,N/A,N/A,3,N/A,5,6,N/A,3 5,3 6,N/A,11,N/A,13,3 11,N/A,3 13,6 11,5 13
3 5 6 11 12 13,0.00747741,34.2596,Yes,N/A,N/A,3,N/A,5,6,N/A,3 5,3 6,N/A,11,12,13,3 11,3 12,3 13,5 12,5 13
1 3 5 6 9,0.101498,8.72549,Yes,N/A,N/A,3,1 3,5,6,1 6,3 5,9,1 9,5 6,3 9,1 3 9,5 9,6 9,1 6 9,3 5 9,3 6 9
3 5 6 9,0.0612341,14.2384,Yes,N/A,N/A,3,N/A,5,6,N/A,3 5,9,N/A,5 6,3 9,N/A,5 9,6 9,N/A,3 5 9,3 6 9
1 3 5 6 9 13,0.0442767,16.8289,Yes,N/A,N/A,3,1 3,5,6,1 6,3 5,9,1 9,5 6,3 9,13,1 13,6 9,3 13,1 3 13,5 13
1 3 5 6 9 12,0.0535699,15.3157,Yes,N/A,N/A,3,1 3,5,6,1 6,3 5,9,1 9,5 6,12,1 12,5 9,3 12,1 3 12,5 12,6 12
3 5 6 9 12,0.0219293,24.0418,Yes,N/A,N/A,3,N/A,5,6,N/A,3 5,9,N/A,5 6,12,N/A,5 9,3 12,N/A,5 12,6 12
1 3 5 6 9 12 13,0.0251823,23.6968,Yes,N/A,N/A,3,1 3,5,6,1 6,3 5,9,1 9,5 6,12,13,1 13,3 12,3 13,1 3 13,5 13
3 5 6 9 13,0.0220143,23.0097,Yes,N/A,N/A,3,N/A,5,6,N/A,3 5,9,N/A,5 6,3 9,13,5 9,6 9,3 13,3 5 9,5 13
1 3 5 6 9 11,0.0535382,14.8404,Yes,N/A,N/A,3,1 3,5,6,1 6,3 5,9,1 9,11,1 11,1 3 9,3 11,1 3 11,5 11,6 11,1 6 11
3 5 6 9 11,0.0231671,22.5657,Yes,N/A,N/A,3,N/A,5,6,N/A,3 5,9,N/A,11,3 9,N/A,3 11,6 9,5 11,6 11,3 6 9
1 3 5 6 9 11 13,0.0257254,22.5158,Yes,N/A,N/A,3,1 3,5,6,1 6,3 5,9,1 9,11,1 11,13,1 13,1 3 11,3 13,1 3 13,5 13
1 3 5 6 9 11 12,0.0319476,20.9707,Yes,N/A,N/A,3,1 3,5,6,1 6,3 5,9,1 9,11,12,1 12,3 11,3 12,1 3 12,5 12,6 12
3 5 6 9 11 12,0.0115029,31.8735,Yes,N/A,N/A,3,N/A,5,6,N/A,3 5,9,N/A,11,12,N/A,3 11,3 12,5 11,5 12,6 12
1 3 5 6 9 11 12 13,0.0168558,28.7432,Yes,N/A,N/A,3,1 3,5,6,1 6,3 5,9,1 9,11,12,13,1 13,3 12,3 13,1 3 13,5 13
3 5 6 9 12 13,0.010543,31.8915,Yes,N/A,N/A,3,N/A,5,6,N/A,3 5,9,N/A,5 6,12,13,5 9,3 12,3 13,5 12,5 13
1 3 5 6 9 10,0.0656352,13.0799,Yes,N/A,N/A,3,1 3,5,6,1 6,3 5,9,10,1 10,3 9,3 10,1 3 10,5 10,6 10,1 6 10,3 5 10
3 5 6 9 10,0.0409038,17.1242,Yes,N/A,N/A,3,N/A,5,6,N/A,3 5,9,10,5 6,3 9,3 10,5 9,5 10,6 10,3 5 9,3 5 10
1 3 5 6 9 10 13,0.0323755,20.6209,Yes,N/A,N/A,3,1 3,5,6,1 6,3 5,9,10,1 10,3 9,13,1 13,5 10,3 13,1 3 13,5 13
1 3 5 6 9 10 12,0.0370569,19.6047,Yes,N/A,N/A,3,1 3,5,6,1 6,3 5,9,10,1 10,12,1 12,1 3 10,3 12,1 3 12,5 12,6 12
3 5 6 9 10 12,0.02002,25.33,Yes,N/A,N/A,3,N/A,5,6,N/A,3 5,9,10,5 6,12,3 10,5 9,3 12,6 10,5 12,6 12
1 3 5 6 9 10 12 13,0.0204931,26.8014,Yes,N/A,N/A,3,1 3,5,6,1 6,3 5,9,10,1 10,12,13,1 13,3 12,3 13,1 3 13,5 13
3 5 6 9 10 13,0.015887,27.064,Yes,N/A,N/A,3,N/A,5,6,N/A,3 5,9,10,5 6,3 9,13,5 9,5 10,3 13,3 5 9,5 13
1 3 5 6 9 10 11,0.042527,17.9938,Yes,N/A,N/A,3,1 3,5,6,1 6,3 5,9,10,11,1 11,3 10,3 11,1 3 11,5 11,6 11,1 6 11
3 5 6 9 10 11,0.0205788,24.5124,Yes,N/A,N/A,3,N/A,5,6,N/A,3 5,9,10,11,3 9,3 10,3 11,5 10,5 11,6 11,3 5 10
1 3 5 6 9 10 11 13,0.0222012,25.4533,Yes,N/A,N/A,3,1 3,5,6,1 6,3 5,9,10,11,1 11,13,1 13,1 3 11,3 13,1 3 13,5 13
1 3 5 6 9 10 11 12,0.0268385,24.0227,Yes,N/A,N/A,3,1 3,5,6,1 6,3 5,9,10,11,12,1 12,3 11,3 12,1 3 12,5 12,6 12
3 5 6 9 10 11 12,0.0120062,31.9234,Yes,N/A,N/A,3,N/A,5,6,N/A,3 5,9,10,11,12,3 10,3 11,3 12,5 11,5 12,6 12
1 3 5 6 9 10 11 12 13,0.0159622,30.909,Yes,N/A,N/A,3,1 3,5,6,1 6,3 5,9,10,11,12,13,1 13,3 12,3 13,1 3 13,5 13
3 5 6 10 12 13,0.011348,30.4711,Yes,N/A,N/A,3,N/A,5,6,N/A,3 5,3 6,10,5 6,12,13,3 5 6,3 12,3 13,5 12,5 13
3 5 6 10 11 13,0.0102653,31.8982,Yes,N/A,N/A,3,N/A,5,6,N/A,3 5,3 6,10,11,N/A,13,3 11,5 10,3 13,6 11,5 13
3 5 6 10 11 12 13,0.00705311,36.9179,Yes,N/A,N/A,3,N/A,5,6,N/A,3 5,3 6,10,11,12,13,3 11,3 12,3 13,5 12,5 13
1 3 5 6 8,0.105083,8.50697,Yes,N/A,N/A,3,1 3,5,6,1 6,8,1 8,1 3 6,3 8,1 3 8,5 8,6 8,1 6 8,3 5 8,3 6 8,1 3 6 8
3 5 6 8,0.0595471,13.9529,Yes,N/A,N/A,3,N/A,5,6,N/A,8,3 6,N/A,3 8,N/A,5 8,6 8,N/A,3 5 8,3 6 8,N/A
1 3 5 6 8 13,0.0394076,17.6257,Yes,N/A,N/A,3,1 3,5,6,1 6,8,1 8,1 3 6,3 8,1 3 8,13,1 13,1 6 8,3 13,1 3 13,5 13
1 3 5 6 8 12,0.0532401,15.1504,Yes,N/A,N/A,3,1 3,5,6,1 6,8,1 8,1 3 6,3 8,12,1 12,6 8,3 12,1 3 12,5 12,6 12
3 5 6 8 12,0.0274384,20.8292,Yes,N/A,N/A,3,N/A,5,6,N/A,8,3 6,N/A,3 8,12,5 8,6 8,3 12,3 5 8,5 12,6 12
1 3 5 6 8 12 13,0.0234881,24.1643,Yes,N/A,N/A,3,1 3,5,6,1 6,8,1 8,1 3 6,3 8,12,13,1 13,3 12,3 13,1 3 13,5 13
3 5 6 8 13,0.0168756,25.1797,Yes,N/A,N/A,3,N/A,5,6,N/A,8,3 6,N/A,3 8,N/A,13,6 8,N/A,3 13,3 6 8,5 13
1 3 5 6 8 11,0.0585811,14.2201,Yes,N/A,N/A,3,1 3,5,6,1 6,8,1 8,1 3 6,11,1 11,5 8,3 11,1 3 11,5 11,6 11,1 6 11
3 5 6 8 11,0.0243225,22.7469,Yes,N/A,N/A,3,N/A,5,6,N/A,8,3 6,N/A,11,N/A,5 8,3 11,N/A,5 11,6 11,N/A
1 3 5 6 8 11 13,0.0233032,23.9219,Yes,N/A,N/A,3,1 3,5,6,1 6,8,1 8,1 3 6,11,1 11,13,1 13,1 3 11,3 13,1 3 13,5 13
1 3 5 6 8 11 12,0.0317953,21.2246,Yes,N/A,N/A,3,1 3,5,6,1 6,8,1 8,1 3 6,11,12,1 12,3 11,3 12,1 3 12,5 12,6 12
3 5 6 8 11 12,0.0149648,28.5309,Yes,N/A,N/A,3,N/A,5,6,N/A,8,3 6,N/A,11,12,5 8,3 11,3 12,5 11,5 12,6 12
1 3 5 6 8 11 12 13,0.0156226,29.8424,Yes,N/A,N/A,3,1 3,5,6,1 6,8,1 8,1 3 6,11,12,13,1 13,3 12,3 13,1 3 13,5 13
3 5 6 8 12 13,0.010414,31.2895,Yes,N/A,N/A,3,N/A,5,6,N/A,8,3 6,N/A,3 8,12,13,6 8,3 12,3 13,5 12,5 13
1 3 5 6 8 10,0.0665642,12.4478,Yes,N/A,N/A,3,1 3,5,6,1 6,8,1 8,10,1 10,1 3 8,3 10,1 3 10,5 10,6 10,1 6 10,8 10
3 5 6 8 10,0.0364003,18.3344,Yes,N/A,N/A,3,N/A,5,6,N/A,8,3 6,10,3 8,N/A,3 10,6 8,5 10,6 10,3 6 8,8 10
1 3 5 6 8 10 13,0.0298979,21.2326,Yes,N/A,N/A,3,1 3,5,6,1 6,8,1 8,10,1 10,1 3 8,13,1 13,5 10,3 13,1 3 13,5 13
1 3 5 6 8 10 12,0.0391489,18.3456,Yes,N/A,N/A,3,1 3,5,6,1 6,8,1 8,10,1 10,12,1 12,1 3 10,3 12,1 3 12,5 12,6 12
3 5 6 8 10 12,0.0210303,24.1745,Yes,N/A,N/A,3,N/A,5,6,N/A,8,3 6,10,3 8,12,3 10,6 8,3 12,6 10,5 12,6 12
1 3 5 6 8 10 12 13,0.0204819,26.1907,Yes,N/A,N/A,3,1 3,5,6,1 6,8,1 8,10,1 10,12,13,1 13,3 12,3 13,1 3 13,5 13
3 5 6 8 10 13,0.0135049,29.1307,Yes,N/A,N/A,3,N/A,5,6,N/A,8,3 6,10,3 8,N/A,13,6 8,5 10,3 13,3 6 8,5 13
1 3 5 6 8 10 11,0.0446779,17.1823,Yes,N/A,N/A,3,1 3,5,6,1 6,8,1 8,10,11,1 11,3 10,3 11,1 3 11,5 11,6 11,1 6 11
3 5 6 8 10 11,0.01989,26.1883,Yes,N/A,N/A,3,N/A,5,6,N/A,8,3 6,10,11,N/A,3 10,3 11,5 10,5 11,6 11,8 10
1 3 5 6 8 10 11 13,0.0211573,26.2643,Yes,N/A,N/A,3,1 3,5,6,1 6,8,1 8,10,11,1 11,13,1 13,1 3 11,3 13,1 3 13,5 13
1 3 5 6 8 10 11 12,0.028197,23.0217,Yes,N/A,N/A,3,1 3,5,6,1 6,8,1 8,10,11,12,1 12,3 11,3 12,1 3 12,5 12,6 12
3 5 6 8 10 11 12,0.0133276,30.6416,Yes,N/A,N/A,3,N/A,5,6,N/A,8,3 6,10,11,12,3 10,3 11,3 12,5 11,5 12,6 12
1 3 5 6 8 10 11 12 13,0.0158555,30.5466,Yes,N/A,N/A,3,1 3,5,6,1 6,8,1 8,10,11,12,13,1 13,3 12,3 13,1 3 13,5 13
3 5 6 8 11 13,0.00842842,34.1425,Yes,N/A,N/A,3,N/A,5,6,N/A,8,3 6,N/A,11,N/A,13,3 11,N/A,3 13,6 11,5 13
3 5 6 8 11 12 13,0.00633789,39.1461,Yes,N/A,N/A,3,N/A,5,6,N/A,8,3 6,N/A,11,12,13,3 11,3 12,3 13,5 12,5 13
1 3 5 6 8 9,0.075176,11.1098,Yes,N/A,N/A,3,1 3,5,6,1 6,8,9,1 9,3 8,3 9,1 3 9,5 9,6 9,1 6 9,8 9,1 8 9
3 5 6 8 9,0.0376642,17.4794,Yes,N/A,N/A,3,N/A,5,6,N/A,8,9,N/A,3 8,3 9,5 8,5 9,6 9,3 5 8,8 9,3 6 9
1 3 5 6 8 9 13,0.0356809,19.3799,Yes,N/A,N/A,3,1 3,5,6,1 6,8,9,1 9,3 8,3 9,13,1 13,6 9,3 13,1 3 13,5 13
1 3 5 6 8 9 12,0.0456145,16.9345,Yes,N/A,N/A,3,1 3,5,6,1 6,8,9,1 9,3 8,12,1 12,5 9,3 12,1 3 12,5 12,6 12
3 5 6 8 9 12,0.0188421,26.3826,Yes,N/A,N/A,3,N/A,5,6,N/A,8,9,N/A,3 8,12,5 8,5 9,3 12,3 5 8,5 12,6 12
1 3 5 6 8 9 12 13,0.022988,25.3759,Yes,N/A,N/A,3,1 3,5,6,1 6,8,9,1 9,3 8,12,13,1 13,3 12,3 13,1 3 13,5 13
3 5 6 8 9 13,0.0149767,27.7381,Yes,N/A,N/A,3,N/A,5,6,N/A,8,9,N/A,3 8,3 9,13,5 9,6 9,3 13,8 9,5 13
1 3 5 6 8 9 11,0.0452103,17.305,Yes,N/A,N/A,3,1 3,5,6,1 6,8,9,1 9,11,1 11,1 3 9,3 11,1 3 11,5 11,6 11,1 6 11
3 5 6 8 9 11,0.0213956,25.4476,Yes,N/A,N/A,3,N/A,5,6,N/A,8,9,N/A,11,3 9,5 8,3 11,6 9,5 11,6 11,3 6 9
1 3 5 6 8 9 11 13,0.0225106,25.7304,Yes,N/A,N/A,3,1 3,5,6,1 6,8,9,1 9,11,1 11,13,1 13,1 3 11,3 13,1 3 13,5 13
1 3 5 6 8 9 11 12,0.0300847,22.6063,Yes,N/A,N/A,3,1 3,5,6,1 6,8,9,1 9,11,12,1 12,3 11,3 12,1 3 12,5 12,6 12
3 5 6 8 9 11 12,0.0119496,33.9493,Yes,N/A,N/A,3,N/A,5,6,N/A,8,9,N/A,11,12,5 8,3 11,3 12,5 11,5 12,6 12
1 3 5 6 8 9 11 12 13,0.0165965,30.593,Yes,N/A,N/A,3,1 3,5,6,1 6,8,9,1 9,11,12,13,1 13,3 12,3 13,1 3 13,5 13
3 5 6 8 9 12 13,0.00907601,35.755,Yes,N/A,N/A,3,N/A,5,6,N/A,8,9,N/A,3 8,12,13,5 9,3 12,3 13,5 12,5 13
1 3 5 6 8 9 10,0.0567652,14.473,Yes,N/A,N/A,3,1 3,5,6,1 6,8,9,10,1 10,3 9,3 10,1 3 10,5 10,6 10,1 6 10,8 10
3 5 6 8 9 10,0.0324588,20.4075,Yes,N/A,N/A,3,N/A,5,6,N/A,8,9,10,3 8,3 9,3 10,5 9,5 10,6 10,8 9,8 10
1 3 5 6 8 9 10 13,0.0293699,22.1634,Yes,N/A,N/A,3,1 3,5,6,1 6,8,9,10,1 10,3 9,13,1 13,5 10,3 13,1 3 13,5 13
1 3 5 6 8 9 10 12,0.0340673,20.9071,Yes,N/A,N/A,3,1 3,5,6,1 6,8,9,10,1 10,12,1 12,1 3 10,3 12,1 3 12,5 12,6 12
3 5 6 8 9 10 12,0.018085,27.6168,Yes,N/A,N/A,3,N/A,5,6,N/A,8,9,10,3 8,12,3 10,5 9,3 12,6 10,5 12,6 12
1 3 5 6 8 9 10 12 13,0.020043,27.8108,Yes,N/A,N/A,3,1 3,5,6,1 6,8,9,10,1 10,12,13,1 13,3 12,3 13,1 3 13,5 13
3 5 6 8 9 10 13,0.0137619,30.0398,Yes,N/A,N/A,3,N/A,5,6,N/A,8,9,10,3 8,3 9,13,5 9,5 10,3 13,8 9,5 13
1 3 5 6 8 9 10 11,0.0400873,18.9202,Yes,N/A,N/A,3,1 3,5,6,1 6,8,9,10,11,1 11,3 10,3 11,1 3 11,5 11,6 11,1 6 11
3 5 6 8 9 10 11,0.0191288,27.3364,Yes,N/A,N/A,3,N/A,5,6,N/A,8,9,10,11,3 9,3 10,3 11,5 10,5 11,6 11,8 10
1 3 5 6 8 9 10 11 13,0.0214372,26.9484,Yes,N/A,N/A,3,1 3,5,6,1 6,8,9,10,11,1 11,13,1 13,1 3 11,3 13,1 3 13,5 13
1 3 5 6 8 9 10 11 12,0.0271266,24.2652,Yes,N/A,N/A,3,1 3,5,6,1 6,8,9,10,11,12,1 12,3 11,3 12,1 3 12,5 12,6 12
3 5 6 8 9 10 11 12,0.0122756,33.775,Yes,N/A,N/A,3,N/A,5,6,N/A,8,9,10,11,12,3 10,3 11,3 12,5 11,5 12,6 12
1 3 5 6 8 9 10 11 12 13,0.0168296,30.9365,Yes,N/A,N/A,3,1 3,5,6,1 6,8,9,10,11,12,13,1 13,3 12,3 13,1 3 13,5 13
3 5 6 9 11 13,0.0104921,31.1086,Yes,N/A,N/A,3,N/A,5,6,N/A,3 5,9,N/A,11,3 9,13,3 11,6 9,3 13,6 11,5 13
3 5 6 9 11 12 13,0.00632903,39.348,Yes,N/A,N/A,3,N/A,5,6,N/A,3 5,9,N/A,11,12,13,3 11,3 12,3 13,5 12,5 13
3 5 6 9 10 12 13,0.00936327,34.6805,Yes,N/A,N/A,3,N/A,5,6,N/A,3 5,9,10,5 6,12,13,5 9,3 12,3 13,5 12,5 13
3 5 6 9 10 11 13,0.00969015,33.6094,Yes,N/A,N/A,3,N/A,5,6,N/A,3 5,9,10,11,3 9,13,3 11,5 10,3 13,6 11,5 13
3 5 6 9 10 11 12 13,0.00662449,40.161,Yes,N/A,N/A,3,N/A,5,6,N/A,3 5,9,10,11,12,13,3 11,3 12,3 13,5 12,5 13
1 3 5 6 7,0.112918,7.68619,Yes,N/A,N/A,3,1 3,5,6,7,1 7,3 6,3 7,1 3 7,5 7,6 7,1 6 7,3 5 7,3 6 7,1 3 6 7,5 6 7
3 5 6 7,0.0971184,8.89162,Yes,N/A,N/A,3,N/A,5,6,7,3 5,3 6,3 7,5 6,5 7,6 7,3 5 6,3 5 7,3 6 7,N/A,5 6 7
1 3 5 6 7 13,0.0487087,15.94,Yes,N/A,N/A,3,1 3,5,6,7,1 7,3 6,3 7,1 3 7,5 7,13,1 13,3 5 7,3 13,1 3 13,5 13
1 3 5 6 7 12,0.0552403,14.6307,Yes,N/A,N/A,3,1 3,5,6,7,1 7,3 6,3 7,1 3 7,12,1 12,1 6 7,3 12,1 3 12,5 12,6 12
3 5 6 7 12,0.0355162,17.3324,Yes,N/A,N/A,3,N/A,5,6,7,3 5,3 6,3 7,5 6,12,6 7,3 5 6,3 12,3 6 7,5 12,6 12
1 3 5 6 7 12 13,0.0251352,23.4393,Yes,N/A,N/A,3,1 3,5,6,7,1 7,3 6,3 7,1 3 7,12,13,1 13,3 12,3 13,1 3 13,5 13
3 5 6 7 13,0.0290505,19.1005,Yes,N/A,N/A,3,N/A,5,6,7,3 5,3 6,3 7,5 6,5 7,13,3 5 6,3 5 7,3 13,N/A,5 13
1 3 5 6 7 11,0.0660431,12.7123,Yes,N/A,N/A,3,1 3,5,6,7,1 7,3 6,3 7,11,1 11,6 7,3 11,1 3 11,5 11,6 11,7 11
3 5 6 7 11,0.0406009,15.9172,Yes,N/A,N/A,3,N/A,5,6,7,3 5,3 6,3 7,11,5 7,6 7,3 11,3 5 7,5 11,6 11,7 11
1 3 5 6 7 11 13,0.0300965,21.071,Yes,N/A,N/A,3,1 3,5,6,7,1 7,3 6,3 7,11,1 11,13,1 13,1 3 11,3 13,1 3 13,5 13
1 3 5 6 7 11 12,0.0346517,20.1041,Yes,N/A,N/A,3,1 3,5,6,7,1 7,3 6,3 7,11,12,1 12,3 11,3 12,1 3 12,5 12,6 12
3 5 6 7 11 12,0.0194407,23.9786,Yes,N/A,N/A,3,N/A,5,6,7,3 5,3 6,3 7,11,12,6 7,3 11,3 12,5 11,5 12,6 12
1 3 5 6 7 11 12 13,0.017616,28.5027,Yes,N/A,N/A,3,1 3,5,6,7,1 7,3 6,3 7,11,12,13,1 13,3 12,3 13,1 3 13,5 13
3 5 6 7 12 13,0.0136747,27.0675,Yes,N/A,N/A,3,N/A,5,6,7,3 5,3 6,3 7,5 6,12,13,3 5 6,3 12,3 13,5 12,5 13
1 3 5 6 7 10,0.0788845,10.6332,Yes,N/A,N/A,3,1 3,5,6,7,1 7,3 6,10,1 10,5 7,3 10,1 3 10,5 10,6 10,7 10,1 7 10
3 5 6 7 10,0.0474433,14.5717,Yes,N/A,N/A,3,N/A,5,6,7,3 5,3 6,10,5 6,5 7,3 10,3 5 6,5 10,6 10,7 10,3 5 10
1 3 5 6 7 10 13,0.0378184,18.7409,Yes,N/A,N/A,3,1 3,5,6,7,1 7,3 6,10,1 10,5 7,13,1 13,5 10,3 13,1 3 13,5 13
1 3 5 6 7 10 12,0.0428268,17.2148,Yes,N/A,N/A,3,1 3,5,6,7,1 7,3 6,10,1 10,12,1 12,1 3 10,3 12,1 3 12,5 12,6 12
3 5 6 7 10 12,0.0218824,22.8403,Yes,N/A,N/A,3,N/A,5,6,7,3 5,3 6,10,5 6,12,3 10,3 5 6,3 12,6 10,5 12,6 12
1 3 5 6 7 10 12 13,0.022309,24.95,Yes,N/A,N/A,3,1 3,5,6,7,1 7,3 6,10,1 10,12,13,1 13,3 12,3 13,1 3 13,5 13
3 5 6 7 10 13,0.0174965,24.8768,Yes,N/A,N/A,3,N/A,5,6,7,3 5,3 6,10,5 6,5 7,13,3 5 6,5 10,3 13,7 10,5 13
1 3 5 6 7 10 11,0.0489112,16.1812,Yes,N/A,N/A,3,1 3,5,6,7,1 7,3 6,10,11,1 11,3 10,3 11,1 3 11,5 11,6 11,7 11
3 5 6 7 10 11,0.0285392,20.581,Yes,N/A,N/A,3,N/A,5,6,7,3 5,3 6,10,11,5 7,3 10,3 11,5 10,5 11,6 11,7 11
1 3 5 6 7 10 11 13,0.0250761,23.9506,Yes,N/A,N/A,3,1 3,5,6,7,1 7,3 6,10,11,1 11,13,1 13,1 3 11,3 13,1 3 13,5 13
1 3 5 6 7 10 11 12,0.0299553,22.288,Yes,N/A,N/A,3,1 3,5,6,7,1 7,3 6,10,11,12,1 12,3 11,3 12,1 3 12,5 12,6 12
3 5 6 7 10 11 12,0.0148344,28.3865,Yes,N/A,N/A,3,N/A,5,6,7,3 5,3 6,10,11,12,3 10,3 11,3 12,5 11,5 12,6 12
1 3 5 6 7 10 11 12 13,0.0169489,29.7311,Yes,N/A,N/A,3,1 3,5,6,7,1 7,3 6,10,11,12,13,1 13,3 12,3 13,1 3 13,5 13
3 5 6 7 11 13,0.0154012,25.7514,Yes,N/A,N/A,3,N/A,5,6,7,3 5,3 6,3 7,11,5 7,13,3 11,3 5 7,3 13,6 11,5 13
3 5 6 7 11 12 13,0.00848597,33.5461,Yes,N/A,N/A,3,N/A,5,6,7,3 5,3 6,3 7,11,12,13,3 11,3 12,3 13,5 12,5 13
1 3 5 6 7 9,0.0751691,10.5898,Yes,N/A,N/A,3,1 3,5,6,7,1 7,9,1 9,1 3 7,3 9,1 3 9,5 9,6 9,7 9,1 7 9,3 6 9
3 5 6 7 9,0.0537562,13.2183,Yes,N/A,N/A,3,N/A,5,6,7,3 5,9,3 7,5 6,3 9,6 7,5 9,6 9,7 9,3 5 9,3 6 9
1 3 5 6 7 9 13,0.0372952,18.4773,Yes,N/A,N/A,3,1 3,5,6,7,1 7,9,1 9,1 3 7,3 9,13,1 13,6 9,3 13,1 3 13,5 13
1 3 5 6 7 9 12,0.0455547,16.6805,Yes,N/A,N/A,3,1 3,5,6,7,1 7,9,1 9,1 3 7,12,1 12,5 9,3 12,1 3 12,5 12,6 12
3 5 6 7 9 12,0.0268166,21.2931,Yes,N/A,N/A,3,N/A,5,6,7,3 5,9,3 7,5 6,12,6 7,5 9,3 12,7 9,5 12,6 12
1 3 5 6 7 9 12 13,0.0230029,24.8466,Yes,N/A,N/A,3,1 3,5,6,7,1 7,9,1 9,1 3 7,12,13,1 13,3 12,3 13,1 3 13,5 13
3 5 6 7 9 13,0.0204749,22.9559,Yes,N/A,N/A,3,N/A,5,6,7,3 5,9,3 7,5 6,3 9,13,5 9,6 9,3 13,3 5 9,5 13
1 3 5 6 7 9 11,0.0514873,15.2669,Yes,N/A,N/A,3,1 3,5,6,7,1 7,9,1 9,11,1 11,1 3 9,3 11,1 3 11,5 11,6 11,7 11
3 5 6 7 9 11,0.0313532,19.7654,Yes,N/A,N/A,3,N/A,5,6,7,3 5,9,3 7,11,3 9,6 7,3 11,6 9,5 11,6 11,7 11
1 3 5 6 7 9 11 13,0.0266757,22.6219,Yes,N/A,N/A,3,1 3,5,6,7,1 7,9,1 9,11,1 11,13,1 13,1 3 11,3 13,1 3 13,5 13
1 3 5 6 7 9 11 12,0.0327831,21.0234,Yes,N/A,N/A,3,1 3,5,6,7,1 7,9,1 9,11,12,1 12,3 11,3 12,1 3 12,5 12,6 12
3 5 6 7 9 11 12,0.017061,27.2126,Yes,N/A,N/A,3,N/A,5,6,7,3 5,9,3 7,11,12,6 7,3 11,3 12,5 11,5 12,6 12
1 3 5 6 7 9 11 12 13,0.0181459,28.5212,Yes,N/A,N/A,3,1 3,5,6,7,1 7,9,1 9,11,12,13,1 13,3 12,3 13,1 3 13,5 13
3 5 6 7 9 12 13,0.0118258,30.3128,Yes,N/A,N/A,3,N/A,5,6,7,3 5,9,3 7,5 6,12,13,5 9,3 12,3 13,5 12,5 13
1 3 5 6 7 9 10,0.0626938,13.1661,Yes,N/A,N/A,3,1 3,5,6,7,1 7,9,10,1 10,3 9,3 10,1 3 10,5 10,6 10,7 10,1 7 10
3 5 6 7 9 10,0.0375067,18.185,Yes,N/A,N/A,3,N/A,5,6,7,3 5,9,10,5 6,3 9,3 10,5 9,5 10,6 10,7 10,3 5 10
1 3 5 6 7 9 10 13,0.0322524,20.7843,Yes,N/A,N/A,3,1 3,5,6,7,1 7,9,10,1 10,3 9,13,1 13,5 10,3 13,1 3 13,5 13
1 3 5 6 7 9 10 12,0.0372446,19.4191,Yes,N/A,N/A,3,1 3,5,6,7,1 7,9,10,1 10,12,1 12,1 3 10,3 12,1 3 12,5 12,6 12
3 5 6 7 9 10 12,0.0196907,25.7018,Yes,N/A,N/A,3,N/A,5,6,7,3 5,9,10,5 6,12,3 10,5 9,3 12,6 10,5 12,6 12
1 3 5 6 7 9 10 12 13,0.0214148,26.2949,Yes,N/A,N/A,3,1 3,5,6,7,1 7,9,10,1 10,12,13,1 13,3 12,3 13,1 3 13,5 13
3 5 6 7 9 10 13,0.0150827,28.0867,Yes,N/A,N/A,3,N/A,5,6,7,3 5,9,10,5 6,3 9,13,5 9,5 10,3 13,7 10,5 13
1 3 5 6 7 9 10 11,0.0440152,17.6117,Yes,N/A,N/A,3,1 3,5,6,7,1 7,9,10,11,1 11,3 10,3 11,1 3 11,5 11,6 11,7 11
3 5 6 7 9 10 11,0.0239392,23.5611,Yes,N/A,N/A,3,N/A,5,6,7,3 5,9,10,11,3 9,3 10,3 11,5 10,5 11,6 11,7 11
1 3 5 6 7 9 10 11 13,0.023728,25.1094,Yes,N/A,N/A,3,1 3,5,6,7,1 7,9,10,11,1 11,13,1 13,1 3 11,3 13,1 3 13,5 13
1 3 5 6 7 9 10 11 12,0.029117,23.0028,Yes,N/A,N/A,3,1 3,5,6,7,1 7,9,10,11,12,1 12,3 11,3 12,1 3 12,5 12,6 12
3 5 6 7 9 10 11 12,0.0142213,30.236,Yes,N/A,N/A,3,N/A,5,6,7,3 5,9,10,11,12,3 10,3 11,3 12,5 11,5 12,6 12
1 3 5 6 7 9 10 11 12 13,0.0178305,29.6188,Yes,N/A,N/A,3,1 3,5,6,7,1 7,9,10,11,12,13,1 13,3 12,3 13,1 3 13,5 13
3 5 6 7 10 12 13,0.00970103,32.3963,Yes,N/A,N/A,3,N/A,5,6,7,3 5,3 6,10,5 6,12,13,3 5 6,3 12,3 13,5 12,5 13
3 5 6 7 10 11 13,0.0122532,30.0626,Yes,N/A,N/A,3,N/A,5,6,7,3 5,3 6,10,11,5 7,13,3 11,5 10,3 13,6 11,5 13
3 5 6 7 10 11 12 13,0.00746905,37.0736,Yes,N/A,N/A,3,N/A,5,6,7,3 5,3 6,10,11,12,13,3 11,3 12,3 13,5 12,5 13
1 3 5 6 7 8,0.0833459,9.34282,Yes,N/A,N/A,3,1 3,5,6,7,8,1 8,3 7,3 8,1 3 8,5 8,6 8,7 8,1 7 8,3 6 8,3 7 8
3 5 6 7 8,0.0582561,12.3257,Yes,N/A,N/A,3,N/A,5,6,7,8,3 6,3 7,3 8,5 7,5 8,6 8,7 8,3 5 8,3 6 8,3 7 8
1 3 5 6 7 8 13,0.0388203,18.0168,Yes,N/A,N/A,3,1 3,5,6,7,8,1 8,3 7,3 8,1 3 8,13,1 13,7 8,3 13,1 3 13,5 13
1 3 5 6 7 8 12,0.0502043,15.5348,Yes,N/A,N/A,3,1 3,5,6,7,8,1 8,3 7,3 8,12,1 12,6 8,3 12,1 3 12,5 12,6 12
3 5 6 7 8 12,0.0279284,20.3569,Yes,N/A,N/A,3,N/A,5,6,7,8,3 6,3 7,3 8,12,5 8,6 8,3 12,3 5 8,5 12,6 12
1 3 5 6 7 8 12 13,0.024529,24.3295,Yes,N/A,N/A,3,1 3,5,6,7,8,1 8,3 7,3 8,12,13,1 13,3 12,3 13,1 3 13,5 13
3 5 6 7 8 13,0.0219635,22.2526,Yes,N/A,N/A,3,N/A,5,6,7,8,3 6,3 7,3 8,5 7,13,6 8,7 8,3 13,3 6 8,5 13
1 3 5 6 7 8 11,0.0600662,13.5888,Yes,N/A,N/A,3,1 3,5,6,7,8,1 8,3 7,11,1 11,5 8,3 11,1 3 11,5 11,6 11,7 11
3 5 6 7 8 11,0.0341138,19.0351,Yes,N/A,N/A,3,N/A,5,6,7,8,3 6,3 7,11,5 7,5 8,3 11,7 8,5 11,6 11,7 11
1 3 5 6 7 8 11 13,0.0282902,22.1421,Yes,N/A,N/A,3,1 3,5,6,7,8,1 8,3 7,11,1 11,13,1 13,1 3 11,3 13,1 3 13,5 13
1 3 5 6 7 8 11 12,0.0352212,20.3399,Yes,N/A,N/A,3,1 3,5,6,7,8,1 8,3 7,11,12,1 12,3 11,3 12,1 3 12,5 12,6 12
3 5 6 7 8 11 12,0.0188877,25.8412,Yes,N/A,N/A,3,N/A,5,6,7,8,3 6,3 7,11,12,5 8,3 11,3 12,5 11,5 12,6 12
1 3 5 6 7 8 11 12 13,0.0188594,28.3207,Yes,N/A,N/A,3,1 3,5,6,7,8,1 8,3 7,11,12,13,1 13,3 12,3 13,1 3 13,5 13
3 5 6 7 8 12 13,0.0119113,30.1128,Yes,N/A,N/A,3,N/A,5,6,7,8,3 6,3 7,3 8,12,13,6 8,3 12,3 13,5 12,5 13
1 3 5 6 7 8 10,0.0639196,13.0697,Yes,N/A,N/A,3,1 3,5,6,7,8,1 8,10,1 10,1 3 8,3 10,1 3 10,5 10,6 10,7 10,8 10
3 5 6 7 8 10,0.0433459,16.9884,Yes,N/A,N/A,3,N/A,5,6,7,8,3 6,10,3 8,5 7,3 10,6 8,5 10,6 10,7 10,8 10
1 3 5 6 7 8 10 13,0.0318003,20.9722,Yes,N/A,N/A,3,1 3,5,6,7,8,1 8,10,1 10,1 3 8,13,1 13,5 10,3 13,1 3 13,5 13
1 3 5 6 7 8 10 12,0.0391779,18.6435,Yes,N/A,N/A,3,1 3,5,6,7,8,1 8,10,1 10,12,1 12,1 3 10,3 12,1 3 12,5 12,6 12
3 5 6 7 8 10 12,0.0210464,24.9177,Yes,N/A,N/A,3,N/A,5,6,7,8,3 6,10,3 8,12,3 10,6 8,3 12,6 10,5 12,6 12
1 3 5 6 7 8 10 12 13,0.0217815,25.8716,Yes,N/A,N/A,3,1 3,5,6,7,8,1 8,10,1 10,12,13,1 13,3 12,3 13,1 3 13,5 13
3 5 6 7 8 10 13,0.017075,26.7796,Yes,N/A,N/A,3,N/A,5,6,7,8,3 6,10,3 8,5 7,13,6 8,5 10,3 13,7 10,5 13
1 3 5 6 7 8 10 11,0.0468646,16.9293,Yes,N/A,N/A,3,1 3,5,6,7,8,1 8,10,11,1 11,3 10,3 11,1 3 11,5 11,6 11,7 11
3 5 6 7 8 10 11,0.025792,22.9312,Yes,N/A,N/A,3,N/A,5,6,7,8,3 6,10,11,5 7,3 10,3 11,5 10,5 11,6 11,7 11
1 3 5 6 7 8 10 11 13,0.0246069,24.5665,Yes,N/A,N/A,3,1 3,5,6,7,8,1 8,10,11,1 11,13,1 13,1 3 11,3 13,1 3 13,5 13
1 3 5 6 7 8 10 11 12,0.030548,22.2581,Yes,N/A,N/A,3,1 3,5,6,7,8,1 8,10,11,12,1 12,3 11,3 12,1 3 12,5 12,6 12
3 5 6 7 8 10 11 12,0.0151308,29.5595,Yes,N/A,N/A,3,N/A,5,6,7,8,3 6,10,11,12,3 10,3 11,3 12,5 11,5 12,6 12
1 3 5 6 7 8 10 11 12 13,0.0182274,29.1252,Yes,N/A,N/A,3,1 3,5,6,7,8,1 8,10,11,12,13,1 13,3 12,3 13,1 3 13,5 13
3 5 6 7 8 11 13,0.0140175,28.8171,Yes,N/A,N/A,3,N/A,5,6,7,8,3 6,3 7,11,5 7,13,3 11,7 8,3 13,6 11,5 13
3 5 6 7 8 11 12 13,0.00873542,35.5818,Yes,N/A,N/A,3,N/A,5,6,7,8,3 6,3 7,11,12,13,3 11,3 12,3 13,5 12,5 13
1 3 5 6 7 8 9,0.0731474,11.7696,Yes,N/A,N/A,3,1 3,5,6,7,8,9,1 9,3 8,3 9,1 3 9,5 9,6 9,7 9,8 9,1 8 9
3 5 6 7 8 9,0.0501628,15.6845,Yes,N/A,N/A,3,N/A,5,6,7,8,9,3 7,3 8,3 9,5 8,5 9,6 9,7 9,8 9,3 6 9
1 3 5 6 7 8 9 13,0.0373729,19.2207,Yes,N/A,N/A,3,1 3,5,6,7,8,9,1 9,3 8,3 9,13,1 13,6 9,3 13,1 3 13,5 13
1 3 5 6 7 8 9 12,0.0461685,16.9458,Yes,N/A,N/A,3,1 3,5,6,7,8,9,1 9,3 8,12,1 12,5 9,3 12,1 3 12,5 12,6 12
3 5 6 7 8 9 12,0.0252114,23.0207,Yes,N/A,N/A,3,N/A,5,6,7,8,9,3 7,3 8,12,5 8,5 9,3 12,7 9,5 12,6 12
1 3 5 6 7 8 9 12 13,0.0246078,24.7291,Yes,N/A,N/A,3,1 3,5,6,7,8,9,1 9,3 8,12,13,1 13,3 12,3 13,1 3 13,5 13
3 5 6 7 8 9 13,0.0198876,25.1222,Yes,N/A,N/A,3,N/A,5,6,7,8,9,3 7,3 8,3 9,13,5 9,6 9,3 13,8 9,5 13
1 3 5 6 7 8 9 11,0.0486479,16.5987,Yes,N/A,N/A,3,1 3,5,6,7,8,9,1 9,11,1 11,1 3 9,3 11,1 3 11,5 11,6 11,7 11
3 5 6 7 8 9 11,0.0295936,21.6367,Yes,N/A,N/A,3,N/A,5,6,7,8,9,3 7,11,3 9,5 8,3 11,6 9,5 11,6 11,7 11
1 3 5 6 7 8 9 11 13,0.0267832,23.5152,Yes,N/A,N/A,3,1 3,5,6,7,8,9,1 9,11,1 11,13,1 13,1 3 11,3 13,1 3 13,5 13
1 3 5 6 7 8 9 11 12,0.0334088,21.1962,Yes,N/A,N/A,3,1 3,5,6,7,8,9,1 9,11,12,1 12,3 11,3 12,1 3 12,5 12,6 12
3 5 6 7 8 9 11 12,0.0174244,28.1291,Yes,N/A,N/A,3,N/A,5,6,7,8,9,3 7,11,12,5 8,3 11,3 12,5 11,5 12,6 12
1 3 5 6 7 8 9 11 12 13,0.0197837,28.1819,Yes,N/A,N/A,3,1 3,5,6,7,8,9,1 9,11,12,13,1 13,3 12,3 13,1 3 13,5 13
3 5 6 7 8 9 12 13,0.0119361,31.6994,Yes,N/A,N/A,3,N/A,5,6,7,8,9,3 7,3 8,12,13,5 9,3 12,3 13,5 12,5 13
1 3 5 6 7 8 9 10,0.0577207,14.5847,Yes,N/A,N/A,3,1 3,5,6,7,8,9,10,1 10,3 9,3 10,1 3 10,5 10,6 10,7 10,8 10
3 5 6 7 8 9 10,0.0350916,19.3432,Yes,N/A,N/A,3,N/A,5,6,7,8,9,10,3 8,3 9,3 10,5 9,5 10,6 10,7 10,8 10
1 3 5 6 7 8 9 10 13,0.0319796,21.3687,Yes,N/A,N/A,3,1 3,5,6,7,8,9,10,1 10,3 9,13,1 13,5 10,3 13,1 3 13,5 13
1 3 5 6 7 8 9 10 12,0.0364513,20.0699,Yes,N/A,N/A,3,1 3,5,6,7,8,9,10,1 10,12,1 12,1 3 10,3 12,1 3 12,5 12,6 12
3 5 6 7 8 9 10 12,0.0200647,26.0308,Yes,N/A,N/A,3,N/A,5,6,7,8,9,10,3 8,12,3 10,5 9,3 12,6 10,5 12,6 12
1 3 5 6 7 8 9 10 12 13,0.0225981,26.0735,Yes,N/A,N/A,3,1 3,5,6,7,8,9,10,1 10,12,13,1 13,3 12,3 13,1 3 13,5 13
3 5 6 7 8 9 10 13,0.0159151,28.3073,Yes,N/A,N/A,3,N/A,5,6,7,8,9,10,3 8,3 9,13,5 9,5 10,3 13,7 10,5 13
1 3 5 6 7 8 9 10 11,0.0427292,18.1652,Yes,N/A,N/A,3,1 3,5,6,7,8,9,10,11,1 11,3 10,3 11,1 3 11,5 11,6 11,7 11
3 5 6 7 8 9 10 11,0.0233508,24.5052,Yes,N/A,N/A,3,N/A,5,6,7,8,9,10,11,3 9,3 10,3 11,5 10,5 11,6 11,7 11
1 3 5 6 7 8 9 10 11 13,0.0248448,24.8944,Yes,N/A,N/A,3,1 3,5,6,7,8,9,10,11,1 11,13,1 13,1 3 11,3 13,1 3 13,5 13
1 3 5 6 7 8 9 10 11 12,0.0303896,22.5645,Yes,N/A,N/A,3,1 3,5,6,7,8,9,10,11,12,1 12,3 11,3 12,1 3 12,5 12,6 12
3 5 6 7 8 9 10 11 12,0.0151956,30.2111,Yes,N/A,N/A,3,N/A,5,6,7,8,9,10,11,12,3 10,3 11,3 12,5 11,5 12,6 12
1 3 5 6 7 8 9 10 11 12 13,0.0199881,28.273,Yes,N/A,N/A,3,1 3,5,6,7,8,9,10,11,12,13,1 13,3 12,3 13,1 3 13,5 13
3 6 8 10 12 13,0.00807709,33.4465,Yes,N/A,N/A,3,N/A,N/A,6,N/A,8,3 6,10,3 8,12,13,6 8,3 12,3 13,3 6 8,6 12
3 6 8 10 11 13,0.00712451,36.1573,Yes,N/A,N/A,3,N/A,N/A,6,N/A,8,3 6,10,11,N/A,13,3 11,N/A,3 13,6 11,8 10
3 6 8 10 11 12 13,0.00551133,39.9639,Yes,N/A,N/A,3,N/A,N/A,6,N/A,8,3 6,10,11,12,13,3 11,3 12,3 13,6 11,6 12
3 6 8 9 11 13,0.00873614,33.9265,Yes,N/A,N/A,3,N/A,N/A,6,N/A,8,9,N/A,11,3 9,13,3 11,6 9,3 13,6 11,3 6 9
3 6 8 9 11 12 13,0.00506859,42.5545,Yes,N/A,N/A,3,N/A,N/A,6,N/A,8,9,N/A,11,12,13,3 11,3 12,3 13,6 11,6 12
3 6 8 9 10 12 13,0.00690019,38.0293,Yes,N/A,N/A,3,N/A,N/A,6,N/A,8,9,10,3 8,12,13,6 8,3 12,3 13,8 9,6 12
3 6 8 9 10 11 13,0.00774978,36.6771,Yes,N/A,N/A,3,N/A,N/A,6,N/A,8,9,10,11,3 9,13,3 11,6 9,3 13,6 11,8 10
3 6 8 9 10 11 12 13,0.00527234,43.4385,Yes,N/A,N/A,3,N/A,N/A,6,N/A,8,9,10,11,12,13,3 11,3 12,3 13,6 11,6 12
3 6 7 9 11 13,0.00999412,31.4204,Yes,N/A,N/A,3,N/A,N/A,6,7,N/A,9,3 7,11,3 9,13,3 11,6 9,3 13,6 11,7 11
3 6 7 9 11 12 13,0.00580133,39.4015,Yes,N/A,N/A,3,N/A,N/A,6,7,N/A,9,3 7,11,12,13,3 11,3 12,3 13,6 11,6 12
3 6 7 9 10 12 13,0.00439792,44.5537,Yes,N/A,N/A,3,N/A,N/A,6,7,N/A,9,10,N/A,12,13,N/A,3 12,3 13,7 10,6 12
3 6 7 9 10 11 13,0.00689012,37.7524,Yes,N/A,N/A,3,N/A,N/A,6,7,N/A,9,10,11,3 9,13,3 11,6 9,3 13,6 11,7 11
3 6 7 9 10 11 12 13,0.00467983,44.9744,Yes,N/A,N/A,3,N/A,N/A,6,7,N/A,9,10,11,12,13,3 11,3 12,3 13,6 11,6 12
3 6 7 8 10 12 13,0.0074996,35.2925,Yes,N/A,N/A,3,N/A,N/A,6,7,8,3 6,10,3 8,12,13,6 8,3 12,3 13,7 10,6 12
3 6 7 8 10 11 13,0.00756094,37.1807,Yes,N/A,N/A,3,N/A,N/A,6,7,8,3 6,10,11,N/A,13,3 11,7 8,3 13,6 11,7 11
3 6 7 8 10 11 12 13,0.00581274,40.0011,Yes,N/A,N/A,3,N/A,N/A,6,7,8,3 6,10,11,12,13,3 11,3 12,3 13,6 11,6 12
3 6 7 8 9 11 13,0.0101322,32.2366,Yes,N/A,N/A,3,N/A,N/A,6,7,8,9,3 7,11,3 9,13,3 11,6 9,3 13,6 11,7 11
3 6 7 8 9 11 12 13,0.00669998,38.5185,Yes,N/A,N/A,3,N/A,N/A,6,7,8,9,3 7,11,12,13,3 11,3 12,3 13,6 11,6 12
3 6 7 8 9 10 12 13,0.00700439,38.4965,Yes,N/A,N/A,3,N/A,N/A,6,7,8,9,10,3 8,12,13,6 8,3 12,3 13,7 10,6 12
3 6 7 8 9 10 11 13,0.00816489,36.5402,Yes,N/A,N/A,3,N/A,N/A,6,7,8,9,10,11,3 9,13,3 11,6 9,3 13,6 11,7 11
3 6 7 8 9 10 11 12 13,0.00607208,41.5673,Yes,N/A,N/A,3,N/A,N/A,6,7,8,9,10,11,12,13,3 11,3 12,3 13,6 11,6 12
1 3 4,0.109268,6.51393,Yes,N/A,N/A,3,4,1 4,N/A,3 4,1 3 4,N/A,N/A,N/A,N/A,N/A,N/A,N/A,N/A,N/A,N/A
3 4,0.069573,6.44399,Yes,N/A,N/A,3,4,N/A,N/A,3 4,N/A,N/A,N/A,N/A,N/A,N/A,N/A,N/A,N/A,N/A,N/A
1 3 4 13,0.0330861,15.9557,Yes,N/A,N/A,3,4,1 4,N/A,3 4,1 3 4,N/A,N/A,N/A,N/A,13,1 13,N/A,3 13,4 13,1 4 13
1 3 4 12,0.0426181,13.8125,Yes,N/A,N/A,3,4,1 4,N/A,3 4,1 3 4,N/A,N/A,N/A,12,1 12,N/A,3 12,4 12,1 4 12,N/A
3 4 12,0.017663,15.7148,Yes,N/A,N/A,3,4,N/A,N/A,3 4,N/A,N/A,N/A,N/A,12,N/A,N/A,3 12,4 12,N/A,N/A
1 3 4 12 13,0.0164142,23.9221,Yes,N/A,N/A,3,4,1 4,N/A,3 4,1 3 4,N/A,N/A,N/A,12,13,1 13,3 12,3 13,4 13,1 4 13
3 4 13,0.0144408,17.3251,Yes,N/A,N/A,3,4,N/A,N/A,3 4,N/A,N/A,N/A,N/A,N/A,13,N/A,N/A,3 13,4 13,N/A
1 3 4 11,0.0500614,11.8256,Yes,N/A,N/A,3,4,1 4,N/A,3 4,1 3 4,N/A,N/A,11,1 11,N/A,3 11,4 11,1 4 11,N/A,3 4 11
3 4 11,0.0243966,14.1071,Yes,N/A,N/A,3,4,N/A,N/A,3 4,N/A,N/A,N/A,11,N/A,N/A,3 11,4 11,N/A,N/A,3 4 11
1 3 4 11 13,0.0223446,20.867,Yes,N/A,N/A,3,4,1 4,N/A,3 4,1 3 4,N/A,N/A,11,1 11,13,1 13,4 11,3 13,4 13,1 4 13
1 3 4 11 12,0.0280377,19.5467,Yes,N/A,N/A,3,4,1 4,N/A,3 4,1 3 4,N/A,N/A,11,12,1 12,3 11,3 12,4 12,1 4 12,3 4 11
3 4 11 12,0.0144713,23.0122,Yes,N/A,N/A,3,4,N/A,N/A,3 4,N/A,N/A,N/A,11,12,N/A,3 11,3 12,4 12,N/A,3 4 11
1 3 4 11 12 13,0.01318,29.9644,Yes,N/A,N/A,3,4,1 4,N/A,3 4,1 3 4,N/A,N/A,11,12,13,1 13,3 12,3 13,4 13,1 4 13
3 4 12 13,0.00750122,26.3506,Yes,N/A,N/A,3,4,N/A,N/A,3 4,N/A,N/A,N/A,N/A,12,13,N/A,3 12,3 13,4 13,N/A
1 3 4 10,0.0600459,9.9043,Yes,N/A,N/A,3,4,1 4,N/A,3 4,1 3 4,N/A,10,1 10,N/A,3 10,4 10,1 4 10,N/A,3 4 10,1 3 4 10
3 4 10,0.0346418,12.5137,Yes,N/A,N/A,3,4,N/A,N/A,3 4,N/A,N/A,10,N/A,N/A,3 10,4 10,N/A,N/A,3 4 10,N/A
1 3 4 10 13,0.0256443,19.9634,Yes,N/A,N/A,3,4,1 4,N/A,3 4,1 3 4,N/A,10,1 10,N/A,13,1 13,1 4 10,3 13,4 13,1 4 13
1 3 4 10 12,0.0369155,16.554,Yes,N/A,N/A,3,4,1 4,N/A,3 4,1 3 4,N/A,10,1 10,12,1 12,4 10,3 12,4 12,1 4 12,1 3 4 10
3 4 10 12,0.0228365,20.4337,Yes,N/A,N/A,3,4,N/A,N/A,3 4,N/A,N/A,10,N/A,12,3 10,4 10,3 12,4 12,3 4 10,N/A
1 3 4 10 12 13,0.0170647,26.5486,Yes,N/A,N/A,3,4,1 4,N/A,3 4,1 3 4,N/A,10,1 10,12,13,1 13,3 12,3 13,4 13,1 4 13
3 4 10 13,0.01256,24.0255,Yes,N/A,N/A,3,4,N/A,N/A,3 4,N/A,N/A,10,N/A,N/A,13,4 10,N/A,3 13,4 13,N/A
1 3 4 10 11,0.0452498,15.3642,Yes,N/A,N/A,3,4,1 4,N/A,3 4,1 3 4,N/A,10,11,1 11,3 10,3 11,4 11,1 4 11,3 4 10,3 4 11
3 4 10 11,0.0270464,19.7026,Yes,N/A,N/A,3,4,N/A,N/A,3 4,N/A,N/A,10,11,N/A,3 10,3 11,4 11,N/A,3 4 10,3 4 11
1 3 4 10 11 13,0.0203362,25.2536,Yes,N/A,N/A,3,4,1 4,N/A,3 4,1 3 4,N/A,10,11,1 11,13,1 13,4 11,3 13,4 13,1 4 13
1 3 4 10 11 12,0.0271562,23.3937,Yes,N/A,N/A,3,4,1 4,N/A,3 4,1 3 4,N/A,10,11,12,1 12,3 11,3 12,4 12,1 4 12,3 4 11
3 4 10 11 12,0.0154945,27.0733,Yes,N/A,N/A,3,4,N/A,N/A,3 4,N/A,N/A,10,11,12,3 10,3 11,3 12,4 12,3 4 10,3 4 11
1 3 4 10 11 12 13,0.0133826,33.293,Yes,N/A,N/A,3,4,1 4,N/A,3 4,1 3 4,N/A,10,11,12,13,1 13,3 12,3 13,4 13,1 4 13
3 4 11 13,0.0115089,24.0866,Yes,N/A,N/A,3,4,N/A,N/A,3 4,N/A,N/A,N/A,11,N/A,13,3 11,4 11,3 13,4 13,3 4 11
3 4 11 12 13,0.0067477,32.6314,Yes,N/A,N/A,3,4,N/A,N/A,3 4,N/A,N/A,N/A,11,12,13,3 11,3 12,3 13,4 13,3 4 11
1 3 4 9,0.0717354,8.23128,Yes,N/A,N/A,3,4,1 4,N/A,3 4,1 3 4,9,1 9,N/A,3 9,4 9,1 4 9,N/A,3 4 9,1 3 4 9,N/A
3 4 9,0.0480128,11.116,Yes,N/A,N/A,3,4,N/A,N/A,3 4,N/A,9,N/A,N/A,3 9,4 9,N/A,N/A,3 4 9,N/A,N/A
1 3 4 9 13,0.0292984,18.3027,Yes,N/A,N/A,3,4,1 4,N/A,3 4,1 3 4,9,1 9,N/A,3 9,13,1 13,N/A,3 13,4 13,1 4 13
1 3 4 9 12,0.0408462,16.156,Yes,N/A,N/A,3,4,1 4,N/A,3 4,1 3 4,9,1 9,N/A,12,1 12,1 4 9,3 12,4 12,1 4 12,N/A
3 4 9 12,0.022441,21.0198,Yes,N/A,N/A,3,4,N/A,N/A,3 4,N/A,9,N/A,N/A,12,4 9,N/A,3 12,4 12,N/A,N/A
1 3 4 9 12 13,0.0174699,26.2538,Yes,N/A,N/A,3,4,1 4,N/A,3 4,1 3 4,9,1 9,N/A,12,13,1 13,3 12,3 13,4 13,1 4 13
3 4 9 13,0.0147038,22.7443,Yes,N/A,N/A,3,4,N/A,N/A,3 4,N/A,9,N/A,N/A,3 9,13,N/A,N/A,3 13,4 13,N/A
1 3 4 9 11,0.0571524,12.6636,Yes,N/A,N/A,3,4,1 4,N/A,3 4,1 3 4,9,1 9,11,1 11,4 9,3 11,4 11,1 4 11,1 3 4 9,3 4 11
3 4 9 11,0.0406483,17.0283,Yes,N/A,N/A,3,4,N/A,N/A,3 4,N/A,9,N/A,11,3 9,4 9,3 11,4 11,3 4 9,N/A,3 4 11
1 3 4 9 11 13,0.02629,21.7583,Yes,N/A,N/A,3,4,1 4,N/A,3 4,1 3 4,9,1 9,11,1 11,13,1 13,4 11,3 13,4 13,1 4 13
1 3 4 9 11 12,0.0336061,20.1866,Yes,N/A,N/A,3,4,1 4,N/A,3 4,1 3 4,9,1 9,11,12,1 12,3 11,3 12,4 12,1 4 12,3 4 11
3 4 9 11 12,0.0180349,26.616,Yes,N/A,N/A,3,4,N/A,N/A,3 4,N/A,9,N/A,11,12,4 9,3 11,3 12,4 12,N/A,3 4 11
1 3 4 9 11 12 13,0.0161272,29.4595,Yes,N/A,N/A,3,4,1 4,N/A,3 4,1 3 4,9,1 9,11,12,13,1 13,3 12,3 13,4 13,1 4 13
3 4 9 12 13,0.00726088,32.5529,Yes,N/A,N/A,3,4,N/A,N/A,3 4,N/A,9,N/A,N/A,12,13,N/A,3 12,3 13,4 13,N/A
1 3 4 9 10,0.0687215,11.667,Yes,N/A,N/A,3,4,1 4,N/A,3 4,1 3 4,9,10,1 10,3 9,3 10,4 10,1 4 10,3 4 9,3 4 10,1 3 4 10
3 4 9 10,0.0443289,16.7162,Yes,N/A,N/A,3,4,N/A,N/A,3 4,N/A,9,10,N/A,3 9,3 10,4 10,N/A,3 4 9,3 4 10,N/A
1 3 4 9 10 13,0.0286363,21.1993,Yes,N/A,N/A,3,4,1 4,N/A,3 4,1 3 4,9,10,1 10,3 9,13,1 13,1 4 10,3 13,4 13,1 4 13
1 3 4 9 10 12,0.0375288,19.216,Yes,N/A,N/A,3,4,1 4,N/A,3 4,1 3 4,9,10,1 10,12,1 12,4 10,3 12,4 12,1 4 12,1 3 4 10
3 4 9 10 12,0.0199514,25.5586,Yes,N/A,N/A,3,4,N/A,N/A,3 4,N/A,9,10,N/A,12,3 10,4 10,3 12,4 12,3 4 10,N/A
1 3 4 9 10 12 13,0.0173648,28.6786,Yes,N/A,N/A,3,4,1 4,N/A,3 4,1 3 4,9,10,1 10,12,13,1 13,3 12,3 13,4 13,1 4 13
3 4 9 10 13,0.0144201,27.9651,Yes,N/A,N/A,3,4,N/A,N/A,3 4,N/A,9,10,N/A,3 9,13,4 10,N/A,3 13,4 13,N/A
1 3 4 9 10 11,0.0475891,17.4226,Yes,N/A,N/A,3,4,1 4,N/A,3 4,1 3 4,9,10,11,1 11,3 10,3 11,4 11,1 4 11,3 4 10,3 4 11
3 4 9 10 11,0.0286657,21.9492,Yes,N/A,N/A,3,4,N/A,N/A,3 4,N/A,9,10,11,3 9,3 10,3 11,4 11,3 4 9,3 4 10,3 4 11
1 3 4 9 10 11 13,0.022585,26.355,Yes,N/A,N/A,3,4,1 4,N/A,3 4,1 3 4,9,10,11,1 11,13,1 13,4 11,3 13,4 13,1 4 13
1 3 4 9 10 11 12,0.0282177,24.6104,Yes,N/A,N/A,3,4,1 4,N/A,3 4,1 3 4,9,10,11,12,1 12,3 11,3 12,4 12,1 4 12,3 4 11
3 4 9 10 11 12,0.0148748,30.3474,Yes,N/A,N/A,3,4,N/A,N/A,3 4,N/A,9,10,11,12,3 10,3 11,3 12,4 12,3 4 10,3 4 11
1 3 4 9 10 11 12 13,0.0148672,33.4584,Yes,N/A,N/A,3,4,1 4,N/A,3 4,1 3 4,9,10,11,12,13,1 13,3 12,3 13,4 13,1 4 13
3 4 10 12 13,0.00844259,31.7879,Yes,N/A,N/A,3,4,N/A,N/A,3 4,N/A,N/A,10,N/A,12,13,4 10,3 12,3 13,4 13,N/A
3 4 10 11 13,0.0100377,30.5346,Yes,N/A,N/A,3,4,N/A,N/A,3 4,N/A,N/A,10,11,N/A,13,3 11,4 11,3 13,4 13,3 4 11
3 4 10 11 12 13,0.00671204,37.678,Yes,N/A,N/A,3,4,N/A,N/A,3 4,N/A,N/A,10,11,12,13,3 11,3 12,3 13,4 13,3 4 11
1 3 4 8,0.0752708,7.7937,Yes,N/A,N/A,3,4,1 4,N/A,3 4,8,1 8,N/A,3 8,4 8,1 4 8,N/A,3 4 8,1 3 4 8,N/A,N/A
3 4 8,0.0643808,10.0512,Yes,N/A,N/A,3,4,N/A,N/A,3 4,8,N/A,N/A,3 8,4 8,N/A,N/A,3 4 8,N/A,N/A,N/A
1 3 4 8 13,0.0355441,16.4599,Yes,N/A,N/A,3,4,1 4,N/A,3 4,8,1 8,N/A,3 8,4 8,13,1 13,3 4 8,3 13,4 13,1 4 13
1 3 4 8 12,0.0416805,16.1824,Yes,N/A,N/A,3,4,1 4,N/A,3 4,8,1 8,N/A,3 8,12,1 12,N/A,3 12,4 12,1 4 12,N/A
3 4 8 12,0.0242089,20.2193,Yes,N/A,N/A,3,4,N/A,N/A,3 4,8,N/A,N/A,3 8,12,N/A,N/A,3 12,4 12,N/A,N/A
1 3 4 8 12 13,0.0195821,25.0765,Yes,N/A,N/A,3,4,1 4,N/A,3 4,8,1 8,N/A,3 8,12,13,1 13,3 12,3 13,4 13,1 4 13
3 4 8 13,0.0244452,19.7372,Yes,N/A,N/A,3,4,N/A,N/A,3 4,8,N/A,N/A,3 8,4 8,13,N/A,3 4 8,3 13,4 13,N/A
1 3 4 8 11,0.0565502,14.0422,Yes,N/A,N/A,3,4,1 4,N/A,3 4,8,1 8,N/A,11,1 11,1 4 8,3 11,4 11,1 4 11,N/A,3 4 11
3 4 8 11,0.0353724,18.3817,Yes,N/A,N/A,3,4,N/A,N/A,3 4,8,N/A,N/A,11,4 8,N/A,3 11,4 11,N/A,N/A,3 4 11
1 3 4 8 11 13,0.0262412,22.9667,Yes,N/A,N/A,3,4,1 4,N/A,3 4,8,1 8,N/A,11,1 11,13,1 13,4 11,3 13,4 13,1 4 13
1 3 4 8 11 12,0.0299703,22.1964,Yes,N/A,N/A,3,4,1 4,N/A,3 4,8,1 8,N/A,11,12,1 12,3 11,3 12,4 12,1 4 12,3 4 11
3 4 8 11 12,0.0134483,28.2993,Yes,N/A,N/A,3,4,N/A,N/A,3 4,8,N/A,N/A,11,12,N/A,3 11,3 12,4 12,N/A,3 4 11
1 3 4 8 11 12 13,0.0148039,31.6925,Yes,N/A,N/A,3,4,1 4,N/A,3 4,8,1 8,N/A,11,12,13,1 13,3 12,3 13,4 13,1 4 13
3 4 8 12 13,0.010058,29.8351,Yes,N/A,N/A,3,4,N/A,N/A,3 4,8,N/A,N/A,3 8,12,13,N/A,3 12,3 13,4 13,N/A
1 3 4 8 10,0.0784589,10.579,Yes,N/A,N/A,3,4,1 4,N/A,3 4,8,1 8,10,1 10,4 8,3 10,4 10,1 4 10,1 3 4 8,3 4 10,8 10
3 4 8 10,0.0625473,14.0642,Yes,N/A,N/A,3,4,N/A,N/A,3 4,8,N/A,10,3 8,4 8,3 10,4 10,3 4 8,N/A,3 4 10,8 10
1 3 4 8 10 13,0.0346059,19.5599,Yes,N/A,N/A,3,4,1 4,N/A,3 4,8,1 8,10,1 10,4 8,13,1 13,1 4 10,3 13,4 13,1 4 13
1 3 4 8 10 12,0.0447347,17.5414,Yes,N/A,N/A,3,4,1 4,N/A,3 4,8,1 8,10,1 10,12,1 12,4 10,3 12,4 12,1 4 12,8 10
3 4 8 10 12,0.0249198,22.8538,Yes,N/A,N/A,3,4,N/A,N/A,3 4,8,N/A,10,3 8,12,3 10,4 10,3 12,4 12,3 4 10,8 10
1 3 4 8 10 12 13,0.0209682,26.5716,Yes,N/A,N/A,3,4,1 4,N/A,3 4,8,1 8,10,1 10,12,13,1 13,3 12,3 13,4 13,1 4 13
3 4 8 10 13,0.0205468,24.2377,Yes,N/A,N/A,3,4,N/A,N/A,3 4,8,N/A,10,3 8,4 8,13,4 10,3 4 8,3 13,4 13,8 10
1 3 4 8 10 11,0.0536834,16.2096,Yes,N/A,N/A,3,4,1 4,N/A,3 4,8,1 8,10,11,1 11,3 10,3 11,4 11,1 4 11,3 4 10,3 4 11
3 4 8 10 11,0.0304354,22.0078,Yes,N/A,N/A,3,4,N/A,N/A,3 4,8,N/A,10,11,4 8,3 10,3 11,4 11,N/A,3 4 10,3 4 11
1 3 4 8 10 11 13,0.0253548,24.9447,Yes,N/A,N/A,3,4,1 4,N/A,3 4,8,1 8,10,11,1 11,13,1 13,4 11,3 13,4 13,1 4 13
1 3 4 8 10 11 12,0.0308563,23.2706,Yes,N/A,N/A,3,4,1 4,N/A,3 4,8,1 8,10,11,12,1 12,3 11,3 12,4 12,1 4 12,3 4 11
3 4 8 10 11 12,0.0138556,30.5771,Yes,N/A,N/A,3,4,N/A,N/A,3 4,8,N/A,10,11,12,3 10,3 11,3 12,4 12,3 4 10,3 4 11
1 3 4 8 10 11 12 13,0.0162422,32.0289,Yes,N/A,N/A,3,4,1 4,N/A,3 4,8,1 8,10,11,12,13,1 13,3 12,3 13,4 13,1 4 13
3 4 8 11 13,0.0154885,27.1016,Yes,N/A,N/A,3,4,N/A,N/A,3 4,8,N/A,N/A,11,4 8,13,3 11,4 11,3 13,4 13,3 4 11
3 4 8 11 12 13,0.00691393,36.9111,Yes,N/A,N/A,3,4,N/A,N/A,3 4,8,N/A,N/A,11,12,13,3 11,3 12,3 13,4 13,3 4 11
1 3 4 8 9,0.0912406,9.81337,Yes,N/A,N/A,3,4,1 4,N/A,3 4,8,9,1 9,3 8,3 9,4 9,1 4 9,3 4 8,3 4 9,8 9,1 8 9
3 4 8 9,0.0631137,14.0706,Yes,N/A,N/A,3,4,N/A,N/A,3 4,8,9,N/A,3 8,3 9,4 9,N/A,3 4 8,3 4 9,8 9,N/A
1 3 4 8 9 13,0.0387337,18.6632,Yes,N/A,N/A,3,4,1 4,N/A,3 4,8,9,1 9,3 8,3 9,13,1 13,3 4 8,3 13,4 13,1 4 13
1 3 4 8 9 12,0.0463759,17.3719,Yes,N/A,N/A,3,4,1 4,N/A,3 4,8,9,1 9,3 8,12,1 12,1 4 9,3 12,4 12,1 4 12,1 8 9
3 4 8 9 12,0.0247175,23.6308,Yes,N/A,N/A,3,4,N/A,N/A,3 4,8,9,N/A,3 8,12,4 9,N/A,3 12,4 12,8 9,N/A
1 3 4 8 9 12 13,0.0217575,26.3249,Yes,N/A,N/A,3,4,1 4,N/A,3 4,8,9,1 9,3 8,12,13,1 13,3 12,3 13,4 13,1 4 13
3 4 8 9 13,0.0191195,25.0329,Yes,N/A,N/A,3,4,N/A,N/A,3 4,8,9,N/A,3 8,3 9,13,N/A,3 4 8,3 13,4 13,N/A
1 3 4 8 9 11,0.0562548,15.5823,Yes,N/A,N/A,3,4,1 4,N/A,3 4,8,9,1 9,11,1 11,4 9,3 11,4 11,1 4 11,8 9,3 4 11
3 4 8 9 11,0.0313748,20.9154,Yes,N/A,N/A,3,4,N/A,N/A,3 4,8,9,N/A,11,3 9,4 9,3 11,4 11,3 4 9,8 9,3 4 11
1 3 4 8 9 11 13,0.0275727,23.7481,Yes,N/A,N/A,3,4,1 4,N/A,3 4,8,9,1 9,11,1 11,13,1 13,4 11,3 13,4 13,1 4 13
1 3 4 8 9 11 12,0.031231,22.9369,Yes,N/A,N/A,3,4,1 4,N/A,3 4,8,9,1 9,11,12,1 12,3 11,3 12,4 12,1 4 12,3 4 11
3 4 8 9 11 12,0.0147409,30.0383,Yes,N/A,N/A,3,4,N/A,N/A,3 4,8,9,N/A,11,12,4 9,3 11,3 12,4 12,8 9,3 4 11
1 3 4 8 9 11 12 13,0.0168944,31.184,Yes,N/A,N/A,3,4,1 4,N/A,3 4,8,9,1 9,11,12,13,1 13,3 12,3 13,4 13,1 4 13
3 4 8 9 12 13,0.0089576,34.6471,Yes,N/A,N/A,3,4,N/A,N/A,3 4,8,9,N/A,3 8,12,13,N/A,3 12,3 13,4 13,N/A
1 3 4 8 9 10,0.0675767,14.0042,Yes,N/A,N/A,3,4,1 4,N/A,3 4,8,9,10,1 10,3 9,3 10,4 10,1 4 10,3 4 9,3 4 10,8 10
3 4 8 9 10,0.0421591,17.5909,Yes,N/A,N/A,3,4,N/A,N/A,3 4,8,9,10,3 8,3 9,3 10,4 10,3 4 8,3 4 9,3 4 10,8 10
1 3 4 8 9 10 13,0.0318787,22.3889,Yes,N/A,N/A,3,4,1 4,N/A,3 4,8,9,10,1 10,3 9,13,1 13,1 4 10,3 13,4 13,1 4 13
1 3 4 8 9 10 12,0.038942,20.6488,Yes,N/A,N/A,3,4,1 4,N/A,3 4,8,9,10,1 10,12,1 12,4 10,3 12,4 12,1 4 12,8 10
3 4 8 9 10 12,0.0204825,25.7698,Yes,N/A,N/A,3,4,N/A,N/A,3 4,8,9,10,3 8,12,3 10,4 10,3 12,4 12,3 4 10,8 10
1 3 4 8 9 10 12 13,0.0199355,29.2759,Yes,N/A,N/A,3,4,1 4,N/A,3 4,8,9,10,1 10,12,13,1 13,3 12,3 13,4 13,1 4 13
3 4 8 9 10 13,0.0164457,27.4768,Yes,N/A,N/A,3,4,N/A,N/A,3 4,8,9,10,3 8,3 9,13,4 10,3 4 8,3 13,4 13,8 10
1 3 4 8 9 10 11,0.0448839,19.2303,Yes,N/A,N/A,3,4,1 4,N/A,3 4,8,9,10,11,1 11,3 10,3 11,4 11,1 4 11,3 4 10,3 4 11
3 4 8 9 10 11,0.0243405,23.983,Yes,N/A,N/A,3,4,N/A,N/A,3 4,8,9,10,11,3 9,3 10,3 11,4 11,3 4 9,3 4 10,3 4 11
1 3 4 8 9 10 11 13,0.0241187,27.0154,Yes,N/A,N/A,3,4,1 4,N/A,3 4,8,9,10,11,1 11,13,1 13,4 11,3 13,4 13,1 4 13
1 3 4 8 9 10 11 12,0.0281963,25.7421,Yes,N/A,N/A,3,4,1 4,N/A,3 4,8,9,10,11,12,1 12,3 11,3 12,4 12,1 4 12,3 4 11
3 4 8 9 10 11 12,0.0134409,31.754,Yes,N/A,N/A,3,4,N/A,N/A,3 4,8,9,10,11,12,3 10,3 11,3 12,4 12,3 4 10,3 4 11
1 3 4 8 9 10 11 12 13,0.0166259,33.5348,Yes,N/A,N/A,3,4,1 4,N/A,3 4,8,9,10,11,12,13,1 13,3 12,3 13,4 13,1 4 13
3 4 9 11 13,0.0135657,27.7739,Yes,N/A,N/A,3,4,N/A,N/A,3 4,N/A,9,N/A,11,3 9,13,3 11,4 11,3 13,4 13,3 4 11
3 4 9 11 12 13,0.00691596,37.3003,Yes,N/A,N/A,3,4,N/A,N/A,3 4,N/A,9,N/A,11,12,13,3 11,3 12,3 13,4 13,3 4 11
3 4 9 10 12 13,0.00769817,36.6514,Yes,N/A,N/A,3,4,N/A,N/A,3 4,N/A,9,10,N/A,12,13,4 10,3 12,3 13,4 13,N/A
3 4 9 10 11 13,0.0113806,32.2742,Yes,N/A,N/A,3,4,N/A,N/A,3 4,N/A,9,10,11,3 9,13,3 11,4 11,3 13,4 13,3 4 11
3 4 9 10 11 12 13,0.0067872,40.5517,Yes,N/A,N/A,3,4,N/A,N/A,3 4,N/A,9,10,11,12,13,3 11,3 12,3 13,4 13,3 4 11
1 3 4 7,0.0845729,7.51931,Yes,N/A,N/A,3,4,1 4,N/A,7,1 7,N/A,3 7,4 7,1 4 7,N/A,3 4 7,1 3 4 7,N/A,N/A,N/A
3 4 7,0.0789234,9.76666,Yes,N/A,N/A,3,4,N/A,N/A,7,N/A,N/A,3 7,4 7,N/A,N/A,3 4 7,N/A,N/A,N/A,N/A
1 3 4 7 13,0.0382283,15.7503,Yes,N/A,N/A,3,4,1 4,N/A,7,1 7,N/A,3 7,4 7,1 4 7,13,1 13,1 3 4 7,3 13,4 13,1 4 13
1 3 4 7 12,0.0534978,14.1236,Yes,N/A,N/A,3,4,1 4,N/A,7,1 7,N/A,3 7,4 7,12,1 12,3 4 7,3 12,4 12,1 4 12,N/A
3 4 7 12,0.0382095,17.7835,Yes,N/A,N/A,3,4,N/A,N/A,7,N/A,N/A,3 7,4 7,12,N/A,3 4 7,3 12,4 12,N/A,N/A
1 3 4 7 12 13,0.0238306,23.7321,Yes,N/A,N/A,3,4,1 4,N/A,7,1 7,N/A,3 7,4 7,12,13,1 13,3 12,3 13,4 13,1 4 13
3 4 7 13,0.0268746,19.6537,Yes,N/A,N/A,3,4,N/A,N/A,7,N/A,N/A,3 7,4 7,N/A,13,3 4 7,N/A,3 13,4 13,N/A
1 3 4 7 11,0.0545606,14.6645,Yes,N/A,N/A,3,4,1 4,N/A,7,1 7,N/A,3 7,11,1 11,N/A,3 11,4 11,1 4 11,N/A,7 11
3 4 7 11,0.0334121,18.7026,Yes,N/A,N/A,3,4,N/A,N/A,7,N/A,N/A,3 7,11,N/A,N/A,3 11,4 11,N/A,N/A,7 11
1 3 4 7 11 13,0.0269697,22.2592,Yes,N/A,N/A,3,4,1 4,N/A,7,1 7,N/A,3 7,11,1 11,13,1 13,4 11,3 13,4 13,1 4 13
1 3 4 7 11 12,0.0327353,21.246,Yes,N/A,N/A,3,4,1 4,N/A,7,1 7,N/A,3 7,11,12,1 12,3 11,3 12,4 12,1 4 12,7 11
3 4 7 11 12,0.0169001,26.6836,Yes,N/A,N/A,3,4,N/A,N/A,7,N/A,N/A,3 7,11,12,N/A,3 11,3 12,4 12,N/A,7 11
1 3 4 7 11 12 13,0.0162009,30.5508,Yes,N/A,N/A,3,4,1 4,N/A,7,1 7,N/A,3 7,11,12,13,1 13,3 12,3 13,4 13,1 4 13
3 4 7 12 13,0.0149475,27.0582,Yes,N/A,N/A,3,4,N/A,N/A,7,N/A,N/A,3 7,4 7,12,13,3 4 7,3 12,3 13,4 13,N/A
1 3 4 7 10,0.0733761,12.4515,Yes,N/A,N/A,3,4,1 4,N/A,7,1 7,N/A,10,1 10,1 4 7,3 10,4 10,1 4 10,N/A,7 10,1 7 10
3 4 7 10,0.0472045,16.7982,Yes,N/A,N/A,3,4,N/A,N/A,7,N/A,N/A,10,4 7,N/A,3 10,4 10,N/A,N/A,7 10,N/A
1 3 4 7 10 13,0.0286057,21.9903,Yes,N/A,N/A,3,4,1 4,N/A,7,1 7,N/A,10,1 10,1 4 7,13,1 13,1 4 10,3 13,4 13,1 4 13
1 3 4 7 10 12,0.0411822,19.4379,Yes,N/A,N/A,3,4,1 4,N/A,7,1 7,N/A,10,1 10,12,1 12,4 10,3 12,4 12,1 4 12,1 7 10
3 4 7 10 12,0.025142,23.4515,Yes,N/A,N/A,3,4,N/A,N/A,7,N/A,N/A,10,4 7,12,3 10,4 10,3 12,4 12,7 10,N/A
1 3 4 7 10 12 13,0.0191843,28.9392,Yes,N/A,N/A,3,4,1 4,N/A,7,1 7,N/A,10,1 10,12,13,1 13,3 12,3 13,4 13,1 4 13
3 4 7 10 13,0.0146423,27.8685,Yes,N/A,N/A,3,4,N/A,N/A,7,N/A,N/A,10,4 7,N/A,13,4 10,N/A,3 13,4 13,N/A
1 3 4 7 10 11,0.043128,18.8741,Yes,N/A,N/A,3,4,1 4,N/A,7,1 7,N/A,10,11,1 11,3 10,3 11,4 11,1 4 11,7 10,7 11
3 4 7 10 11,0.0192745,25.271,Yes,N/A,N/A,3,4,N/A,N/A,7,N/A,N/A,10,11,N/A,3 10,3 11,4 11,N/A,7 10,7 11
1 3 4 7 10 11 13,0.0197809,28.5158,Yes,N/A,N/A,3,4,1 4,N/A,7,1 7,N/A,10,11,1 11,13,1 13,4 11,3 13,4 13,1 4 13
1 3 4 7 10 11 12,0.0256991,26.351,Yes,N/A,N/A,3,4,1 4,N/A,7,1 7,N/A,10,11,12,1 12,3 11,3 12,4 12,1 4 12,7 11
3 4 7 10 11 12,0.0123109,31.8121,Yes,N/A,N/A,3,4,N/A,N/A,7,N/A,N/A,10,11,12,3 10,3 11,3 12,4 12,7 10,7 11
1 3 4 7 10 11 12 13,0.0136348,35.7567,Yes,N/A,N/A,3,4,1 4,N/A,7,1 7,N/A,10,11,12,13,1 13,3 12,3 13,4 13,1 4 13
3 4 7 11 13,0.0137674,27.8438,Yes,N/A,N/A,3,4,N/A,N/A,7,N/A,N/A,3 7,11,N/A,13,3 11,4 11,3 13,4 13,7 11
3 4 7 11 12 13,0.00817349,35.1922,Yes,N/A,N/A,3,4,N/A,N/A,7,N/A,N/A,3 7,11,12,13,3 11,3 12,3 13,4 13,7 11
1 3 4 7 9,0.0965302,9.30835,Yes,N/A,N/A,3,4,1 4,N/A,7,1 7,9,1 9,4 7,3 9,4 9,1 4 9,1 3 4 7,7 9,1 7 9,N/A
3 4 7 9,0.0773363,12.6973,Yes,N/A,N/A,3,4,N/A,N/A,7,N/A,9,3 7,4 7,3 9,4 9,3 4 7,N/A,7 9,N/A,N/A
1 3 4 7 9 13,0.0433579,17.8086,Yes,N/A,N/A,3,4,1 4,N/A,7,1 7,9,1 9,4 7,3 9,13,1 13,1 3 4 7,3 13,4 13,1 4 13
1 3 4 7 9 12,0.0518709,16.4369,Yes,N/A,N/A,3,4,1 4,N/A,7,1 7,9,1 9,4 7,12,1 12,1 4 9,3 12,4 12,1 4 12,N/A
3 4 7 9 12,0.0306924,21.1675,Yes,N/A,N/A,3,4,N/A,N/A,7,N/A,9,3 7,4 7,12,4 9,3 4 7,3 12,4 12,N/A,N/A
1 3 4 7 9 12 13,0.0252006,25.0593,Yes,N/A,N/A,3,4,1 4,N/A,7,1 7,9,1 9,4 7,12,13,1 13,3 12,3 13,4 13,1 4 13
3 4 7 9 13,0.0237927,23.2199,Yes,N/A,N/A,3,4,N/A,N/A,7,N/A,9,3 7,4 7,3 9,13,3 4 7,N/A,3 13,4 13,N/A
1 3 4 7 9 11,0.0610016,14.7041,Yes,N/A,N/A,3,4,1 4,N/A,7,1 7,9,1 9,11,1 11,4 9,3 11,4 11,1 4 11,1 7 9,7 11
3 4 7 9 11,0.0340241,19.8421,Yes,N/A,N/A,3,4,N/A,N/A,7,N/A,9,3 7,11,3 9,4 9,3 11,4 11,7 9,N/A,7 11
1 3 4 7 9 11 13,0.0289462,23.1186,Yes,N/A,N/A,3,4,1 4,N/A,7,1 7,9,1 9,11,1 11,13,1 13,4 11,3 13,4 13,1 4 13
1 3 4 7 9 11 12,0.0347745,21.6688,Yes,N/A,N/A,3,4,1 4,N/A,7,1 7,9,1 9,11,12,1 12,3 11,3 12,4 12,1 4 12,7 11
3 4 7 9 11 12,0.0175388,28.2008,Yes,N/A,N/A,3,4,N/A,N/A,7,N/A,9,3 7,11,12,4 9,3 11,3 12,4 12,N/A,7 11
1 3 4 7 9 11 12 13,0.0182116,30.1979,Yes,N/A,N/A,3,4,1 4,N/A,7,1 7,9,1 9,11,12,13,1 13,3 12,3 13,4 13,1 4 13
3 4 7 9 12 13,0.0119605,31.3031,Yes,N/A,N/A,3,4,N/A,N/A,7,N/A,9,3 7,4 7,12,13,3 4 7,3 12,3 13,4 13,N/A
1 3 4 7 9 10,0.0701654,13.2498,Yes,N/A,N/A,3,4,1 4,N/A,7,1 7,9,10,1 10,3 9,3 10,4 10,1 4 10,7 9,7 10,1 7 10
3 4 7 9 10,0.0390755,19.1781,Yes,N/A,N/A,3,4,N/A,N/A,7,N/A,9,10,4 7,3 9,3 10,4 10,N/A,7 9,7 10,N/A
1 3 4 7 9 10 13,0.0315953,22.3868,Yes,N/A,N/A,3,4,1 4,N/A,7,1 7,9,10,1 10,3 9,13,1 13,1 4 10,3 13,4 13,1 4 13
1 3 4 7 9 10 12,0.039744,20.2949,Yes,N/A,N/A,3,4,1 4,N/A,7,1 7,9,10,1 10,12,1 12,4 10,3 12,4 12,1 4 12,1 7 10
3 4 7 9 10 12,0.0201581,26.8812,Yes,N/A,N/A,3,4,N/A,N/A,7,N/A,9,10,4 7,12,3 10,4 10,3 12,4 12,7 10,N/A
1 3 4 7 9 10 12 13,0.0203655,29.0465,Yes,N/A,N/A,3,4,1 4,N/A,7,1 7,9,10,1 10,12,13,1 13,3 12,3 13,4 13,1 4 13
3 4 7 9 10 13,0.0150911,29.8127,Yes,N/A,N/A,3,4,N/A,N/A,7,N/A,9,10,4 7,3 9,13,4 10,N/A,3 13,4 13,N/A
1 3 4 7 9 10 11,0.0456775,18.5424,Yes,N/A,N/A,3,4,1 4,N/A,7,1 7,9,10,11,1 11,3 10,3 11,4 11,1 4 11,7 10,7 11
3 4 7 9 10 11,0.0214679,25.8202,Yes,N/A,N/A,3,4,N/A,N/A,7,N/A,9,10,11,3 9,3 10,3 11,4 11,7 9,7 10,7 11
1 3 4 7 9 10 11 13,0.0232646,27.3836,Yes,N/A,N/A,3,4,1 4,N/A,7,1 7,9,10,11,1 11,13,1 13,4 11,3 13,4 13,1 4 13
1 3 4 7 9 10 11 12,0.0285829,25.2304,Yes,N/A,N/A,3,4,1 4,N/A,7,1 7,9,10,11,12,1 12,3 11,3 12,4 12,1 4 12,7 11
3 4 7 9 10 11 12,0.0128421,33.5097,Yes,N/A,N/A,3,4,N/A,N/A,7,N/A,9,10,11,12,3 10,3 11,3 12,4 12,7 10,7 11
1 3 4 7 9 10 11 12 13,0.016364,33.5812,Yes,N/A,N/A,3,4,1 4,N/A,7,1 7,9,10,11,12,13,1 13,3 12,3 13,4 13,1 4 13
3 4 7 10 12 13,0.00994239,34.1421,Yes,N/A,N/A,3,4,N/A,N/A,7,N/A,N/A,10,4 7,12,13,4 10,3 12,3 13,4 13,N/A
3 4 7 10 11 13,0.00826876,35.7958,Yes,N/A,N/A,3,4,N/A,N/A,7,N/A,N/A,10,11,N/A,13,3 11,4 11,3 13,4 13,7 11
3 4 7 10 11 12 13,0.00609042,42.0099,Yes,N/A,N/A,3,4,N/A,N/A,7,N/A,N/A,10,11,12,13,3 11,3 12,3 13,4 13,7 11
1 3 4 7 8,0.104708,8.93797,Yes,N/A,N/A,3,4,1 4,N/A,7,8,1 8,3 7,3 8,4 8,1 4 8,3 4 7,7 8,1 7 8,N/A,3 7 8
3 4 7 8,0.0682412,13.2475,Yes,N/A,N/A,3,4,N/A,N/A,7,8,N/A,3 7,3 8,4 8,N/A,3 4 7,7 8,N/A,N/A,3 7 8
1 3 4 7 8 13,0.0475804,16.8341,Yes,N/A,N/A,3,4,1 4,N/A,7,8,1 8,3 7,3 8,4 8,13,1 13,7 8,3 13,4 13,1 4 13
1 3 4 7 8 12,0.0541564,15.84,Yes,N/A,N/A,3,4,1 4,N/A,7,8,1 8,3 7,3 8,12,1 12,3 4 7,3 12,4 12,1 4 12,3 7 8
3 4 7 8 12,0.0252551,22.5305,Yes,N/A,N/A,3,4,N/A,N/A,7,8,N/A,3 7,3 8,12,N/A,3 4 7,3 12,4 12,N/A,3 7 8
1 3 4 7 8 12 13,0.0260913,24.3898,Yes,N/A,N/A,3,4,1 4,N/A,7,8,1 8,3 7,3 8,12,13,1 13,3 12,3 13,4 13,1 4 13
3 4 7 8 13,0.0250091,21.6832,Yes,N/A,N/A,3,4,N/A,N/A,7,8,N/A,3 7,3 8,4 8,13,3 4 7,7 8,3 13,4 13,3 7 8
1 3 4 7 8 11,0.0580416,15.223,Yes,N/A,N/A,3,4,1 4,N/A,7,8,1 8,3 7,11,1 11,1 4 8,3 11,4 11,1 4 11,N/A,7 11
3 4 7 8 11,0.0296678,21.7214,Yes,N/A,N/A,3,4,N/A,N/A,7,8,N/A,3 7,11,4 8,N/A,3 11,4 11,N/A,N/A,7 11
1 3 4 7 8 11 13,0.0297546,22.7087,Yes,N/A,N/A,3,4,1 4,N/A,7,8,1 8,3 7,11,1 11,13,1 13,4 11,3 13,4 13,1 4 13
1 3 4 7 8 11 12,0.0334836,22.0638,Yes,N/A,N/A,3,4,1 4,N/A,7,8,1 8,3 7,11,12,1 12,3 11,3 12,4 12,1 4 12,7 11
3 4 7 8 11 12,0.0132745,31.0154,Yes,N/A,N/A,3,4,N/A,N/A,7,8,N/A,3 7,11,12,N/A,3 11,3 12,4 12,N/A,7 11
1 3 4 7 8 11 12 13,0.0180568,30.2418,Yes,N/A,N/A,3,4,1 4,N/A,7,8,1 8,3 7,11,12,13,1 13,3 12,3 13,4 13,1 4 13
3 4 7 8 12 13,0.0116768,30.678,Yes,N/A,N/A,3,4,N/A,N/A,7,8,N/A,3 7,3 8,12,13,3 4 7,3 12,3 13,4 13,3 7 8
1 3 4 7 8 10,0.0668222,13.3298,Yes,N/A,N/A,3,4,1 4,N/A,7,8,1 8,10,1 10,4 8,3 10,4 10,1 4 10,1 7 8,7 10,8 10
3 4 7 8 10,0.0368937,18.4662,Yes,N/A,N/A,3,4,N/A,N/A,7,8,N/A,10,3 8,4 8,3 10,4 10,7 8,N/A,7 10,8 10
1 3 4 7 8 10 13,0.0317995,21.9663,Yes,N/A,N/A,3,4,1 4,N/A,7,8,1 8,10,1 10,4 8,13,1 13,1 4 10,3 13,4 13,1 4 13
1 3 4 7 8 10 12,0.0401036,19.7793,Yes,N/A,N/A,3,4,1 4,N/A,7,8,1 8,10,1 10,12,1 12,4 10,3 12,4 12,1 4 12,8 10
3 4 7 8 10 12,0.0195315,26.4401,Yes,N/A,N/A,3,4,N/A,N/A,7,8,N/A,10,3 8,12,3 10,4 10,3 12,4 12,7 10,8 10
1 3 4 7 8 10 12 13,0.020964,28.1811,Yes,N/A,N/A,3,4,1 4,N/A,7,8,1 8,10,1 10,12,13,1 13,3 12,3 13,4 13,1 4 13
3 4 7 8 10 13,0.0155348,28.1606,Yes,N/A,N/A,3,4,N/A,N/A,7,8,N/A,10,3 8,4 8,13,4 10,7 8,3 13,4 13,8 10
1 3 4 7 8 10 11,0.0427958,19.0611,Yes,N/A,N/A,3,4,1 4,N/A,7,8,1 8,10,11,1 11,3 10,3 11,4 11,1 4 11,7 10,7 11
3 4 7 8 10 11,0.0203772,26.4438,Yes,N/A,N/A,3,4,N/A,N/A,7,8,N/A,10,11,4 8,3 10,3 11,4 11,N/A,7 10,7 11
1 3 4 7 8 10 11 13,0.0227125,27.4782,Yes,N/A,N/A,3,4,1 4,N/A,7,8,1 8,10,11,1 11,13,1 13,4 11,3 13,4 13,1 4 13
1 3 4 7 8 10 11 12,0.0276074,25.434,Yes,N/A,N/A,3,4,1 4,N/A,7,8,1 8,10,11,12,1 12,3 11,3 12,4 12,1 4 12,7 11
3 4 7 8 10 11 12,0.0116144,34.3772,Yes,N/A,N/A,3,4,N/A,N/A,7,8,N/A,10,11,12,3 10,3 11,3 12,4 12,7 10,7 11
1 3 4 7 8 10 11 12 13,0.0160599,33.628,Yes,N/A,N/A,3,4,1 4,N/A,7,8,1 8,10,11,12,13,1 13,3 12,3 13,4 13,1 4 13
3 4 7 8 11 13,0.0143997,29.0389,Yes,N/A,N/A,3,4,N/A,N/A,7,8,N/A,3 7,11,4 8,13,3 11,4 11,3 13,4 13,7 11
3 4 7 8 11 12 13,0.00752453,38.078,Yes,N/A,N/A,3,4,N/A,N/A,7,8,N/A,3 7,11,12,13,3 11,3 12,3 13,4 13,7 11
1 3 4 7 8 9,0.0779765,11.5316,Yes,N/A,N/A,3,4,1 4,N/A,7,8,9,1 9,3 8,3 9,4 9,1 4 9,7 8,7 9,8 9,1 8 9
3 4 7 8 9,0.0494652,14.9728,Yes,N/A,N/A,3,4,N/A,N/A,7,8,9,3 7,3 8,3 9,4 9,3 4 7,7 8,7 9,8 9,3 7 8
1 3 4 7 8 9 13,0.0398751,19.2183,Yes,N/A,N/A,3,4,1 4,N/A,7,8,9,1 9,3 8,3 9,13,1 13,7 8,3 13,4 13,1 4 13
1 3 4 7 8 9 12,0.0448222,18.4804,Yes,N/A,N/A,3,4,1 4,N/A,7,8,9,1 9,3 8,12,1 12,1 4 9,3 12,4 12,1 4 12,1 8 9
3 4 7 8 9 12,0.0238723,23.4127,Yes,N/A,N/A,3,4,N/A,N/A,7,8,9,3 7,3 8,12,4 9,3 4 7,3 12,4 12,8 9,3 7 8
1 3 4 7 8 9 12 13,0.0246238,26.1688,Yes,N/A,N/A,3,4,1 4,N/A,7,8,9,1 9,3 8,12,13,1 13,3 12,3 13,4 13,1 4 13
3 4 7 8 9 13,0.0193324,24.9108,Yes,N/A,N/A,3,4,N/A,N/A,7,8,9,3 7,3 8,3 9,13,3 4 7,7 8,3 13,4 13,3 7 8
1 3 4 7 8 9 11,0.0514411,17.0459,Yes,N/A,N/A,3,4,1 4,N/A,7,8,9,1 9,11,1 11,4 9,3 11,4 11,1 4 11,8 9,7 11
3 4 7 8 9 11,0.0286623,21.7956,Yes,N/A,N/A,3,4,N/A,N/A,7,8,9,3 7,11,3 9,4 9,3 11,4 11,7 9,8 9,7 11
1 3 4 7 8 9 11 13,0.0278354,24.4854,Yes,N/A,N/A,3,4,1 4,N/A,7,8,9,1 9,11,1 11,13,1 13,4 11,3 13,4 13,1 4 13
1 3 4 7 8 9 11 12,0.0314765,23.7987,Yes,N/A,N/A,3,4,1 4,N/A,7,8,9,1 9,11,12,1 12,3 11,3 12,4 12,1 4 12,7 11
3 4 7 8 9 11 12,0.0155883,29.6812,Yes,N/A,N/A,3,4,N/A,N/A,7,8,9,3 7,11,12,4 9,3 11,3 12,4 12,8 9,7 11
1 3 4 7 8 9 11 12 13,0.0184991,31.2905,Yes,N/A,N/A,3,4,1 4,N/A,7,8,9,1 9,11,12,13,1 13,3 12,3 13,4 13,1 4 13
3 4 7 8 9 12 13,0.0106519,33.168,Yes,N/A,N/A,3,4,N/A,N/A,7,8,9,3 7,3 8,12,13,3 4 7,3 12,3 13,4 13,3 7 8
1 3 4 7 8 9 10,0.0595117,15.1389,Yes,N/A,N/A,3,4,1 4,N/A,7,8,9,10,1 10,3 9,3 10,4 10,1 4 10,7 9,7 10,8 10
3 4 7 8 9 10,0.0359864,19.6316,Yes,N/A,N/A,3,4,N/A,N/A,7,8,9,10,3 8,3 9,3 10,4 10,7 8,7 9,7 10,8 10
1 3 4 7 8 9 10 13,0.030807,23.2433,Yes,N/A,N/A,3,4,1 4,N/A,7,8,9,10,1 10,3 9,13,1 13,1 4 10,3 13,4 13,1 4 13
1 3 4 7 8 9 10 12,0.0371714,21.611,Yes,N/A,N/A,3,4,1 4,N/A,7,8,9,10,1 10,12,1 12,4 10,3 12,4 12,1 4 12,8 10
3 4 7 8 9 10 12,0.0192937,27.2387,Yes,N/A,N/A,3,4,N/A,N/A,7,8,9,10,3 8,12,3 10,4 10,3 12,4 12,7 10,8 10
1 3 4 7 8 9 10 12 13,0.0211616,29.4505,Yes,N/A,N/A,3,4,1 4,N/A,7,8,9,10,1 10,12,13,1 13,3 12,3 13,4 13,1 4 13
3 4 7 8 9 10 13,0.0157159,29.0546,Yes,N/A,N/A,3,4,N/A,N/A,7,8,9,10,3 8,3 9,13,4 10,7 8,3 13,4 13,8 10
1 3 4 7 8 9 10 11,0.0418297,20.1873,Yes,N/A,N/A,3,4,1 4,N/A,7,8,9,10,11,1 11,3 10,3 11,4 11,1 4 11,7 10,7 11
3 4 7 8 9 10 11,0.0217655,26.1248,Yes,N/A,N/A,3,4,N/A,N/A,7,8,9,10,11,3 9,3 10,3 11,4 11,7 9,7 10,7 11
1 3 4 7 8 9 10 11 13,0.0241126,27.7798,Yes,N/A,N/A,3,4,1 4,N/A,7,8,9,10,11,1 11,13,1 13,4 11,3 13,4 13,1 4 13
1 3 4 7 8 9 10 11 12,0.0282171,26.2255,Yes,N/A,N/A,3,4,1 4,N/A,7,8,9,10,11,12,1 12,3 11,3 12,4 12,1 4 12,7 11
3 4 7 8 9 10 11 12,0.0133551,33.1961,Yes,N/A,N/A,3,4,N/A,N/A,7,8,9,10,11,12,3 10,3 11,3 12,4 12,7 10,7 11
1 3 4 7 8 9 10 11 12 13,0.0178531,33.5125,Yes,N/A,N/A,3,4,1 4,N/A,7,8,9,10,11,12,13,1 13,3 12,3 13,4 13,1 4 13
3 4 8 10 12 13,0.010546,32.855,Yes,N/A,N/A,3,4,N/A,N/A,3 4,8,N/A,10,3 8,12,13,4 10,3 12,3 13,4 13,8 10
3 4 8 10 11 13,0.0126552,31.6098,Yes,N/A,N/A,3,4,N/A,N/A,3 4,8,N/A,10,11,4 8,13,3 11,4 11,3 13,4 13,3 4 11
3 4 8 10 11 12 13,0.00703853,40.051,Yes,N/A,N/A,3,4,N/A,N/A,3 4,8,N/A,10,11,12,13,3 11,3 12,3 13,4 13,3 4 11
3 4 8 9 11 13,0.0130684,30.9206,Yes,N/A,N/A,3,4,N/A,N/A,3 4,8,9,N/A,11,3 9,13,3 11,4 11,3 13,4 13,3 4 11
3 4 8 9 11 12 13,0.00687051,40.1505,Yes,N/A,N/A,3,4,N/A,N/A,3 4,8,9,N/A,11,12,13,3 11,3 12,3 13,4 13,3 4 11
3 4 8 9 10 12 13,0.00943649,35.3421,Yes,N/A,N/A,3,4,N/A,N/A,3 4,8,9,10,3 8,12,13,4 10,3 12,3 13,4 13,8 10
3 4 8 9 10 11 13,0.0116456,33.0334,Yes,N/A,N/A,3,4,N/A,N/A,3 4,8,9,10,11,3 9,13,3 11,4 11,3 13,4 13,3 4 11
3 4 8 9 10 11 12 13,0.00729992,40.5867,Yes,N/A,N/A,3,4,N/A,N/A,3 4,8,9,10,11,12,13,3 11,3 12,3 13,4 13,3 4 11
1 3 4 6,0.111889,6.06556,Yes,N/A,N/A,3,4,1 4,6,1 6,1 3 4,3 6,4 6,1 4 6,N/A,3 4 6,1 3 4 6,N/A,N/A,N/A,N/A
3 4 6,0.108043,8.53201,Yes,N/A,N/A,3,4,N/A,6,3 4,N/A,3 6,4 6,N/A,N/A,3 4 6,N/A,N/A,N/A,N/A,N/A
1 3 4 6 13,0.0382139,15.621,Yes,N/A,N/A,3,4,1 4,6,1 6,1 3 4,3 6,4 6,1 4 6,N/A,13,1 13,N/A,3 13,4 13,1 4 13
1 3 4 6 12,0.0655914,11.6373,Yes,N/A,N/A,3,4,1 4,6,1 6,1 3 4,3 6,4 6,1 4 6,12,1 12,1 3 4 6,3 12,4 12,1 4 12,6 12
3 4 6 12,0.0451275,16.3964,Yes,N/A,N/A,3,4,N/A,6,3 4,N/A,3 6,4 6,N/A,12,3 4 6,N/A,3 12,4 12,N/A,6 12
1 3 4 6 12 13,0.0273033,20.9462,Yes,N/A,N/A,3,4,1 4,6,1 6,1 3 4,3 6,4 6,1 4 6,12,13,1 13,3 12,3 13,4 13,1 4 13
3 4 6 13,0.0228943,19.7342,Yes,N/A,N/A,3,4,N/A,6,3 4,N/A,3 6,4 6,N/A,N/A,13,N/A,N/A,3 13,4 13,N/A
1 3 4 6 11,0.0841082,10.1199,Yes,N/A,N/A,3,4,1 4,6,1 6,1 3 4,3 6,4 6,11,1 11,3 4 6,3 11,4 11,1 4 11,6 11,1 6 11
3 4 6 11,0.0591338,14.432,Yes,N/A,N/A,3,4,N/A,6,3 4,N/A,3 6,4 6,11,N/A,3 4 6,3 11,4 11,N/A,6 11,3 4 11
1 3 4 6 11 13,0.0344032,18.8063,Yes,N/A,N/A,3,4,1 4,6,1 6,1 3 4,3 6,4 6,11,1 11,13,1 13,4 11,3 13,4 13,1 4 13
1 3 4 6 11 12,0.0460357,17.0495,Yes,N/A,N/A,3,4,1 4,6,1 6,1 3 4,3 6,4 6,11,12,1 12,3 11,3 12,4 12,1 4 12,6 12
3 4 6 11 12,0.0277936,21.3447,Yes,N/A,N/A,3,4,N/A,6,3 4,N/A,3 6,4 6,11,12,3 4 6,3 11,3 12,4 12,6 11,6 12
1 3 4 6 11 12 13,0.0215977,25.8958,Yes,N/A,N/A,3,4,1 4,6,1 6,1 3 4,3 6,4 6,11,12,13,1 13,3 12,3 13,4 13,1 4 13
3 4 6 12 13,0.0135215,27.2479,Yes,N/A,N/A,3,4,N/A,6,3 4,N/A,3 6,4 6,N/A,12,13,N/A,3 12,3 13,4 13,6 12
1 3 4 6 10,0.0811842,10.9463,Yes,N/A,N/A,3,4,1 4,6,1 6,1 3 4,3 6,10,1 10,N/A,3 10,4 10,1 4 10,6 10,1 6 10,1 3 4 10
3 4 6 10,0.0498426,15.4341,Yes,N/A,N/A,3,4,N/A,6,3 4,N/A,3 6,10,N/A,N/A,3 10,4 10,N/A,6 10,3 4 10,N/A
1 3 4 6 10 13,0.0293464,20.8582,Yes,N/A,N/A,3,4,1 4,6,1 6,1 3 4,3 6,10,1 10,N/A,13,1 13,1 4 10,3 13,4 13,1 4 13
1 3 4 6 10 12,0.0486595,15.8741,Yes,N/A,N/A,3,4,1 4,6,1 6,1 3 4,3 6,10,1 10,12,1 12,4 10,3 12,4 12,1 4 12,6 12
3 4 6 10 12,0.0241901,22.4668,Yes,N/A,N/A,3,4,N/A,6,3 4,N/A,3 6,10,N/A,12,3 10,4 10,3 12,4 12,3 4 10,6 12
1 3 4 6 10 12 13,0.0213711,25.0466,Yes,N/A,N/A,3,4,1 4,6,1 6,1 3 4,3 6,10,1 10,12,13,1 13,3 12,3 13,4 13,1 4 13
3 4 6 10 13,0.0141095,26.8937,Yes,N/A,N/A,3,4,N/A,6,3 4,N/A,3 6,10,N/A,N/A,13,4 10,N/A,3 13,4 13,N/A
1 3 4 6 10 11,0.0535967,15.1088,Yes,N/A,N/A,3,4,1 4,6,1 6,1 3 4,3 6,10,11,1 11,3 10,3 11,4 11,1 4 11,6 11,1 6 11
3 4 6 10 11,0.0280684,21.1731,Yes,N/A,N/A,3,4,N/A,6,3 4,N/A,3 6,10,11,N/A,3 10,3 11,4 11,6 10,6 11,3 4 11
1 3 4 6 10 11 13,0.0245035,23.9426,Yes,N/A,N/A,3,4,1 4,6,1 6,1 3 4,3 6,10,11,1 11,13,1 13,4 11,3 13,4 13,1 4 13
1 3 4 6 10 11 12,0.0326717,21.3516,Yes,N/A,N/A,3,4,1 4,6,1 6,1 3 4,3 6,10,11,12,1 12,3 11,3 12,4 12,1 4 12,6 12
3 4 6 10 11 12,0.0166014,27.3509,Yes,N/A,N/A,3,4,N/A,6,3 4,N/A,3 6,10,11,12,3 10,3 11,3 12,4 12,6 11,6 12
1 3 4 6 10 11 12 13,0.017131,29.7945,Yes,N/A,N/A,3,4,1 4,6,1 6,1 3 4,3 6,10,11,12,13,1 13,3 12,3 13,4 13,1 4 13
3 4 6 11 13,0.0184641,24.7296,Yes,N/A,N/A,3,4,N/A,6,3 4,N/A,3 6,4 6,11,N/A,13,3 11,4 11,3 13,4 13,3 4 11
3 4 6 11 12 13,0.0111853,31.1338,Yes,N/A,N/A,3,4,N/A,6,3 4,N/A,3 6,4 6,11,12,13,3 11,3 12,3 13,4 13,6 12
1 3 4 6 9,0.102752,8.59691,Yes,N/A,N/A,3,4,1 4,6,1 6,1 3 4,9,1 9,1 4 6,3 9,4 9,1 4 9,6 9,1 6 9,1 3 4 9,3 6 9
3 4 6 9,0.0643614,13.3811,Yes,N/A,N/A,3,4,N/A,6,3 4,N/A,9,4 6,N/A,3 9,4 9,N/A,6 9,3 4 9,N/A,3 6 9
1 3 4 6 9 13,0.0401431,17.5699,Yes,N/A,N/A,3,4,1 4,6,1 6,1 3 4,9,1 9,1 4 6,3 9,13,1 13,6 9,3 13,4 13,1 4 13
1 3 4 6 9 12,0.048364,15.9367,Yes,N/A,N/A,3,4,1 4,6,1 6,1 3 4,9,1 9,1 4 6,12,1 12,1 4 9,3 12,4 12,1 4 12,6 12
3 4 6 9 12,0.0240051,23.0802,Yes,N/A,N/A,3,4,N/A,6,3 4,N/A,9,4 6,N/A,12,4 9,N/A,3 12,4 12,N/A,6 12
1 3 4 6 9 12 13,0.0220356,24.9297,Yes,N/A,N/A,3,4,1 4,6,1 6,1 3 4,9,1 9,1 4 6,12,13,1 13,3 12,3 13,4 13,1 4 13
3 4 6 9 13,0.0195625,24.1971,Yes,N/A,N/A,3,4,N/A,6,3 4,N/A,9,4 6,N/A,3 9,13,N/A,6 9,3 13,4 13,3 6 9
1 3 4 6 9 11,0.0638899,13.283,Yes,N/A,N/A,3,4,1 4,6,1 6,1 3 4,9,1 9,11,1 11,4 9,3 11,4 11,1 4 11,6 11,1 6 11
3 4 6 9 11,0.037593,18.0242,Yes,N/A,N/A,3,4,N/A,6,3 4,N/A,9,4 6,11,3 9,4 9,3 11,4 11,3 4 9,6 11,3 4 11
1 3 4 6 9 11 13,0.0290049,21.8817,Yes,N/A,N/A,3,4,1 4,6,1 6,1 3 4,9,1 9,11,1 11,13,1 13,4 11,3 13,4 13,1 4 13
1 3 4 6 9 11 12,0.0366577,19.7721,Yes,N/A,N/A,3,4,1 4,6,1 6,1 3 4,9,1 9,11,12,1 12,3 11,3 12,4 12,1 4 12,6 12
3 4 6 9 11 12,0.0188675,26.3199,Yes,N/A,N/A,3,4,N/A,6,3 4,N/A,9,4 6,11,12,4 9,3 11,3 12,4 12,6 11,6 12
1 3 4 6 9 11 12 13,0.0187371,28.2603,Yes,N/A,N/A,3,4,1 4,6,1 6,1 3 4,9,1 9,11,12,13,1 13,3 12,3 13,4 13,1 4 13
3 4 6 9 12 13,0.00940847,33.7842,Yes,N/A,N/A,3,4,N/A,6,3 4,N/A,9,4 6,N/A,12,13,N/A,3 12,3 13,4 13,6 12
1 3 4 6 9 10,0.0623278,13.034,Yes,N/A,N/A,3,4,1 4,6,1 6,1 3 4,9,10,1 10,3 9,3 10,4 10,1 4 10,6 10,1 6 10,1 3 4 10
3 4 6 9 10,0.0305675,19.4205,Yes,N/A,N/A,3,4,N/A,6,3 4,N/A,9,10,N/A,3 9,3 10,4 10,6 9,6 10,3 4 10,3 6 9
1 3 4 6 9 10 13,0.0277047,22.1405,Yes,N/A,N/A,3,4,1 4,6,1 6,1 3 4,9,10,1 10,3 9,13,1 13,1 4 10,3 13,4 13,1 4 13
1 3 4 6 9 10 12,0.0359666,19.8604,Yes,N/A,N/A,3,4,1 4,6,1 6,1 3 4,9,10,1 10,12,1 12,4 10,3 12,4 12,1 4 12,6 12
3 4 6 9 10 12,0.0159576,28.404,Yes,N/A,N/A,3,4,N/A,6,3 4,N/A,9,10,N/A,12,3 10,4 10,3 12,4 12,3 4 10,6 12
1 3 4 6 9 10 12 13,0.0181762,28.5644,Yes,N/A,N/A,3,4,1 4,6,1 6,1 3 4,9,10,1 10,12,13,1 13,3 12,3 13,4 13,1 4 13
3 4 6 9 10 13,0.0118216,30.2592,Yes,N/A,N/A,3,4,N/A,6,3 4,N/A,9,10,N/A,3 9,13,4 10,6 9,3 13,4 13,3 6 9
1 3 4 6 9 10 11,0.0436035,17.6732,Yes,N/A,N/A,3,4,1 4,6,1 6,1 3 4,9,10,11,1 11,3 10,3 11,4 11,1 4 11,6 11,1 6 11
3 4 6 9 10 11,0.0227784,24.0576,Yes,N/A,N/A,3,4,N/A,6,3 4,N/A,9,10,11,3 9,3 10,3 11,4 11,6 10,6 11,3 4 11
1 3 4 6 9 10 11 13,0.0223351,26.028,Yes,N/A,N/A,3,4,1 4,6,1 6,1 3 4,9,10,11,1 11,13,1 13,4 11,3 13,4 13,1 4 13
1 3 4 6 9 10 11 12,0.0282347,23.7065,Yes,N/A,N/A,3,4,1 4,6,1 6,1 3 4,9,10,11,12,1 12,3 11,3 12,4 12,1 4 12,6 12
3 4 6 9 10 11 12,0.0135759,31.5635,Yes,N/A,N/A,3,4,N/A,6,3 4,N/A,9,10,11,12,3 10,3 11,3 12,4 12,6 11,6 12
1 3 4 6 9 10 11 12 13,0.016096,31.5788,Yes,N/A,N/A,3,4,1 4,6,1 6,1 3 4,9,10,11,12,13,1 13,3 12,3 13,4 13,1 4 13
3 4 6 10 12 13,0.00910645,33.1873,Yes,N/A,N/A,3,4,N/A,6,3 4,N/A,3 6,10,N/A,12,13,4 10,3 12,3 13,4 13,6 12
3 4 6 10 11 13,0.0108027,31.8471,Yes,N/A,N/A,3,4,N/A,6,3 4,N/A,3 6,10,11,N/A,13,3 11,4 11,3 13,4 13,3 4 11
3 4 6 10 11 12 13,0.00767009,37.0538,Yes,N/A,N/A,3,4,N/A,6,3 4,N/A,3 6,10,11,12,13,3 11,3 12,3 13,4 13,6 12
1 3 4 6 8,0.111414,7.48245,Yes,N/A,N/A,3,4,1 4,6,1 6,8,1 8,4 6,3 8,4 8,1 4 8,6 8,1 6 8,1 3 4 8,3 6 8,4 6 8
3 4 6 8,0.0951221,9.16845,Yes,N/A,N/A,3,4,N/A,6,3 4,8,3 6,4 6,3 8,4 8,3 4 6,6 8,3 4 8,N/A,3 6 8,4 6 8
1 3 4 6 8 13,0.0518326,15.2797,Yes,N/A,N/A,3,4,1 4,6,1 6,8,1 8,4 6,3 8,4 8,13,1 13,1 6 8,3 13,4 13,1 4 13
1 3 4 6 8 12,0.065325,13.2116,Yes,N/A,N/A,3,4,1 4,6,1 6,8,1 8,4 6,3 8,12,1 12,6 8,3 12,4 12,1 4 12,6 12
3 4 6 8 12,0.0368424,17.3045,Yes,N/A,N/A,3,4,N/A,6,3 4,8,3 6,4 6,3 8,12,3 4 6,6 8,3 12,4 12,3 6 8,6 12
1 3 4 6 8 12 13,0.0312828,21.5181,Yes,N/A,N/A,3,4,1 4,6,1 6,8,1 8,4 6,3 8,12,13,1 13,3 12,3 13,4 13,1 4 13
3 4 6 8 13,0.030346,18.7126,Yes,N/A,N/A,3,4,N/A,6,3 4,8,3 6,4 6,3 8,4 8,13,6 8,3 4 8,3 13,4 13,4 6 8
1 3 4 6 8 11,0.0703734,12.2414,Yes,N/A,N/A,3,4,1 4,6,1 6,8,1 8,4 6,11,1 11,1 4 8,3 11,4 11,1 4 11,6 11,1 6 11
3 4 6 8 11,0.0424265,16.4329,Yes,N/A,N/A,3,4,N/A,6,3 4,8,3 6,4 6,11,4 8,3 4 6,3 11,4 11,N/A,6 11,3 4 11
1 3 4 6 8 11 13,0.0354313,19.6908,Yes,N/A,N/A,3,4,1 4,6,1 6,8,1 8,4 6,11,1 11,13,1 13,4 11,3 13,4 13,1 4 13
1 3 4 6 8 11 12,0.0428223,18.2736,Yes,N/A,N/A,3,4,1 4,6,1 6,8,1 8,4 6,11,12,1 12,3 11,3 12,4 12,1 4 12,6 12
3 4 6 8 11 12,0.0209009,24.0371,Yes,N/A,N/A,3,4,N/A,6,3 4,8,3 6,4 6,11,12,3 4 6,3 11,3 12,4 12,6 11,6 12
1 3 4 6 8 11 12 13,0.0229183,26.2086,Yes,N/A,N/A,3,4,1 4,6,1 6,8,1 8,4 6,11,12,13,1 13,3 12,3 13,4 13,1 4 13
3 4 6 8 12 13,0.0152329,26.6045,Yes,N/A,N/A,3,4,N/A,6,3 4,8,3 6,4 6,3 8,12,13,6 8,3 12,3 13,4 13,6 12
1 3 4 6 8 10,0.0784287,10.6478,Yes,N/A,N/A,3,4,1 4,6,1 6,8,1 8,10,1 10,4 8,3 10,4 10,1 4 10,6 10,1 6 10,8 10
3 4 6 8 10,0.0472134,14.7126,Yes,N/A,N/A,3,4,N/A,6,3 4,8,3 6,10,3 8,4 8,3 10,4 10,3 4 8,6 10,3 4 10,8 10
1 3 4 6 8 10 13,0.0363933,19.3344,Yes,N/A,N/A,3,4,1 4,6,1 6,8,1 8,10,1 10,4 8,13,1 13,1 4 10,3 13,4 13,1 4 13
1 3 4 6 8 10 12,0.0476888,16.2581,Yes,N/A,N/A,3,4,1 4,6,1 6,8,1 8,10,1 10,12,1 12,4 10,3 12,4 12,1 4 12,6 12
3 4 6 8 10 12,0.0234684,22.6573,Yes,N/A,N/A,3,4,N/A,6,3 4,8,3 6,10,3 8,12,3 10,4 10,3 12,4 12,3 4 10,6 12
1 3 4 6 8 10 12 13,0.0242265,24.5843,Yes,N/A,N/A,3,4,1 4,6,1 6,8,1 8,10,1 10,12,13,1 13,3 12,3 13,4 13,1 4 13
3 4 6 8 10 13,0.0184035,24.5197,Yes,N/A,N/A,3,4,N/A,6,3 4,8,3 6,10,3 8,4 8,13,4 10,3 4 8,3 13,4 13,8 10
1 3 4 6 8 10 11,0.0532313,15.2847,Yes,N/A,N/A,3,4,1 4,6,1 6,8,1 8,10,11,1 11,3 10,3 11,4 11,1 4 11,6 11,1 6 11
3 4 6 8 10 11,0.0295815,20.6747,Yes,N/A,N/A,3,4,N/A,6,3 4,8,3 6,10,11,4 8,3 10,3 11,4 11,6 10,6 11,3 4 11
1 3 4 6 8 10 11 13,0.0274424,23.3986,Yes,N/A,N/A,3,4,1 4,6,1 6,8,1 8,10,11,1 11,13,1 13,4 11,3 13,4 13,1 4 13
1 3 4 6 8 10 11 12,0.0340178,21.067,Yes,N/A,N/A,3,4,1 4,6,1 6,8,1 8,10,11,12,1 12,3 11,3 12,4 12,1 4 12,6 12
3 4 6 8 10 11 12,0.0161716,28.2071,Yes,N/A,N/A,3,4,N/A,6,3 4,8,3 6,10,11,12,3 10,3 11,3 12,4 12,6 11,6 12
1 3 4 6 8 10 11 12 13,0.0194972,28.6638,Yes,N/A,N/A,3,4,1 4,6,1 6,8,1 8,10,11,12,13,1 13,3 12,3 13,4 13,1 4 13
3 4 6 8 11 13,0.0181643,24.9748,Yes,N/A,N/A,3,4,N/A,6,3 4,8,3 6,4 6,11,4 8,13,3 11,4 11,3 13,4 13,3 4 11
3 4 6 8 11 12 13,0.0106228,32.2682,Yes,N/A,N/A,3,4,N/A,6,3 4,8,3 6,4 6,11,12,13,3 11,3 12,3 13,4 13,6 12
1 3 4 6 8 9,0.0843535,9.57914,Yes,N/A,N/A,3,4,1 4,6,1 6,8,9,1 9,3 8,3 9,4 9,1 4 9,6 9,1 6 9,8 9,1 8 9
3 4 6 8 9,0.0546257,13.3529,Yes,N/A,N/A,3,4,N/A,6,3 4,8,9,4 6,3 8,3 9,4 9,6 8,6 9,3 4 9,8 9,3 6 9
1 3 4 6 8 9 13,0.0421937,17.28,Yes,N/A,N/A,3,4,1 4,6,1 6,8,9,1 9,3 8,3 9,13,1 13,6 9,3 13,4 13,1 4 13
1 3 4 6 8 9 12,0.0496682,15.9167,Yes,N/A,N/A,3,4,1 4,6,1 6,8,9,1 9,3 8,12,1 12,1 4 9,3 12,4 12,1 4 12,6 12
3 4 6 8 9 12,0.0278313,21.277,Yes,N/A,N/A,3,4,N/A,6,3 4,8,9,4 6,3 8,12,4 9,6 8,3 12,4 12,8 9,6 12
1 3 4 6 8 9 12 13,0.0263625,23.6707,Yes,N/A,N/A,3,4,1 4,6,1 6,8,9,1 9,3 8,12,13,1 13,3 12,3 13,4 13,1 4 13
3 4 6 8 9 13,0.0219994,22.8551,Yes,N/A,N/A,3,4,N/A,6,3 4,8,9,4 6,3 8,3 9,13,6 8,6 9,3 13,4 13,3 6 9
1 3 4 6 8 9 11,0.0582814,14.2683,Yes,N/A,N/A,3,4,1 4,6,1 6,8,9,1 9,11,1 11,4 9,3 11,4 11,1 4 11,6 11,1 6 11
3 4 6 8 9 11,0.0325062,19.7999,Yes,N/A,N/A,3,4,N/A,6,3 4,8,9,4 6,11,3 9,4 9,3 11,4 11,3 4 9,6 11,3 4 11
1 3 4 6 8 9 11 13,0.0310935,21.5166,Yes,N/A,N/A,3,4,1 4,6,1 6,8,9,1 9,11,1 11,13,1 13,4 11,3 13,4 13,1 4 13
1 3 4 6 8 9 11 12,0.0363322,20.2879,Yes,N/A,N/A,3,4,1 4,6,1 6,8,9,1 9,11,12,1 12,3 11,3 12,4 12,1 4 12,6 12
3 4 6 8 9 11 12,0.0183505,27.0866,Yes,N/A,N/A,3,4,N/A,6,3 4,8,9,4 6,11,12,4 9,3 11,3 12,4 12,6 11,6 12
1 3 4 6 8 9 11 12 13,0.0211404,27.471,Yes,N/A,N/A,3,4,1 4,6,1 6,8,9,1 9,11,12,13,1 13,3 12,3 13,4 13,1 4 13
3 4 6 8 9 12 13,0.0125618,30.604,Yes,N/A,N/A,3,4,N/A,6,3 4,8,9,4 6,3 8,12,13,6 8,3 12,3 13,4 13,6 12
1 3 4 6 8 9 10,0.0649863,12.8151,Yes,N/A,N/A,3,4,1 4,6,1 6,8,9,10,1 10,3 9,3 10,4 10,1 4 10,6 10,1 6 10,8 10
3 4 6 8 9 10,0.037223,18.5454,Yes,N/A,N/A,3,4,N/A,6,3 4,8,9,10,3 8,3 9,3 10,4 10,6 9,6 10,3 4 10,8 10
1 3 4 6 8 9 10 13,0.0330239,20.6579,Yes,N/A,N/A,3,4,1 4,6,1 6,8,9,10,1 10,3 9,13,1 13,1 4 10,3 13,4 13,1 4 13
1 3 4 6 8 9 10 12,0.0411936,18.5235,Yes,N/A,N/A,3,4,1 4,6,1 6,8,9,10,1 10,12,1 12,4 10,3 12,4 12,1 4 12,6 12
3 4 6 8 9 10 12,0.0202134,25.8442,Yes,N/A,N/A,3,4,N/A,6,3 4,8,9,10,3 8,12,3 10,4 10,3 12,4 12,3 4 10,6 12
1 3 4 6 8 9 10 12 13,0.022904,26.0766,Yes,N/A,N/A,3,4,1 4,6,1 6,8,9,10,1 10,12,13,1 13,3 12,3 13,4 13,1 4 13
3 4 6 8 9 10 13,0.0162572,27.7578,Yes,N/A,N/A,3,4,N/A,6,3 4,8,9,10,3 8,3 9,13,4 10,6 9,3 13,4 13,8 10
1 3 4 6 8 9 10 11,0.0469262,17.0859,Yes,N/A,N/A,3,4,1 4,6,1 6,8,9,10,11,1 11,3 10,3 11,4 11,1 4 11,6 11,1 6 11
3 4 6 8 9 10 11,0.0248366,23.6357,Yes,N/A,N/A,3,4,N/A,6,3 4,8,9,10,11,3 9,3 10,3 11,4 11,6 10,6 11,3 4 11
1 3 4 6 8 9 10 11 13,0.026621,24.2254,Yes,N/A,N/A,3,4,1 4,6,1 6,8,9,10,11,1 11,13,1 13,4 11,3 13,4 13,1 4 13
1 3 4 6 8 9 10 11 12,0.0317996,22.3684,Yes,N/A,N/A,3,4,1 4,6,1 6,8,9,10,11,12,1 12,3 11,3 12,4 12,1 4 12,6 12
3 4 6 8 9 10 11 12,0.0153658,30.0557,Yes,N/A,N/A,3,4,N/A,6,3 4,8,9,10,11,12,3 10,3 11,3 12,4 12,6 11,6 12
1 3 4 6 8 9 10 11 12 13,0.0198916,28.9922,Yes,N/A,N/A,3,4,1 4,6,1 6,8,9,10,11,12,13,1 13,3 12,3 13,4 13,1 4 13
3 4 6 9 11 13,0.0150349,27.9782,Yes,N/A,N/A,3,4,N/A,6,3 4,N/A,9,4 6,11,3 9,13,3 11,4 11,3 13,4 13,3 4 11
3 4 6 9 11 12 13,0.00882838,36.0152,Yes,N/A,N/A,3,4,N/A,6,3 4,N/A,9,4 6,11,12,13,3 11,3 12,3 13,4 13,6 12
3 4 6 9 10 12 13,0.00708626,39.1076,Yes,N/A,N/A,3,4,N/A,6,3 4,N/A,9,10,N/A,12,13,4 10,3 12,3 13,4 13,6 12
3 4 6 9 10 11 13,0.0100642,34.0571,Yes,N/A,N/A,3,4,N/A,6,3 4,N/A,9,10,11,3 9,13,3 11,4 11,3 13,4 13,3 4 11
3 4 6 9 10 11 12 13,0.00691343,41.2223,Yes,N/A,N/A,3,4,N/A,6,3 4,N/A,9,10,11,12,13,3 11,3 12,3 13,4 13,6 12
1 3 4 6 7,0.110999,7.1559,Yes,N/A,N/A,3,4,1 4,6,7,1 7,3 6,3 7,4 7,1 4 7,6 7,1 6 7,1 3 4 7,3 6 7,4 6 7,1 4 6 7
3 4 6 7,0.0675793,11.3187,Yes,N/A,N/A,3,4,N/A,6,7,N/A,3 6,3 7,4 7,N/A,6 7,3 4 7,N/A,3 6 7,4 6 7,N/A
1 3 4 6 7 13,0.0481436,15.5383,Yes,N/A,N/A,3,4,1 4,6,7,1 7,3 6,3 7,4 7,1 4 7,13,1 13,1 3 4 7,3 13,4 13,1 4 13
1 3 4 6 7 12,0.0631805,13.0767,Yes,N/A,N/A,3,4,1 4,6,7,1 7,3 6,3 7,4 7,12,1 12,1 6 7,3 12,4 12,1 4 12,6 12
3 4 6 7 12,0.0324905,17.9003,Yes,N/A,N/A,3,4,N/A,6,7,N/A,3 6,3 7,4 7,12,6 7,3 4 7,3 12,4 12,4 6 7,6 12
1 3 4 6 7 12 13,0.0305029,21.3805,Yes,N/A,N/A,3,4,1 4,6,7,1 7,3 6,3 7,4 7,12,13,1 13,3 12,3 13,4 13,1 4 13
3 4 6 7 13,0.0218345,22.2036,Yes,N/A,N/A,3,4,N/A,6,7,N/A,3 6,3 7,4 7,N/A,13,3 4 7,N/A,3 13,4 13,N/A
1 3 4 6 7 11,0.0682982,11.8914,Yes,N/A,N/A,3,4,1 4,6,7,1 7,3 6,3 7,11,1 11,6 7,3 11,4 11,1 4 11,6 11,7 11
3 4 6 7 11,0.033074,18.566,Yes,N/A,N/A,3,4,N/A,6,7,N/A,3 6,3 7,11,N/A,6 7,3 11,4 11,3 6 7,6 11,7 11
1 3 4 6 7 11 13,0.0335023,19.9679,Yes,N/A,N/A,3,4,1 4,6,7,1 7,3 6,3 7,11,1 11,13,1 13,4 11,3 13,4 13,1 4 13
1 3 4 6 7 11 12,0.0414833,18.2035,Yes,N/A,N/A,3,4,1 4,6,7,1 7,3 6,3 7,11,12,1 12,3 11,3 12,4 12,1 4 12,6 12
3 4 6 7 11 12,0.0196571,24.7696,Yes,N/A,N/A,3,4,N/A,6,7,N/A,3 6,3 7,11,12,6 7,3 11,3 12,4 12,6 11,6 12
1 3 4 6 7 11 12 13,0.0221458,26.1419,Yes,N/A,N/A,3,4,1 4,6,7,1 7,3 6,3 7,11,12,13,1 13,3 12,3 13,4 13,1 4 13
3 4 6 7 12 13,0.0131378,27.9235,Yes,N/A,N/A,3,4,N/A,6,7,N/A,3 6,3 7,4 7,12,13,3 4 7,3 12,3 13,4 13,6 12
1 3 4 6 7 10,0.0705753,11.3115,Yes,N/A,N/A,3,4,1 4,6,7,1 7,3 6,10,1 10,1 4 7,3 10,4 10,1 4 10,6 10,7 10,1 7 10
3 4 6 7 10,0.0363883,18.2921,Yes,N/A,N/A,3,4,N/A,6,7,N/A,3 6,10,4 7,N/A,3 10,4 10,N/A,6 10,7 10,N/A
1 3 4 6 7 10 13,0.031228,20.792,Yes,N/A,N/A,3,4,1 4,6,7,1 7,3 6,10,1 10,1 4 7,13,1 13,1 4 10,3 13,4 13,1 4 13
1 3 4 6 7 10 12,0.0447727,16.8816,Yes,N/A,N/A,3,4,1 4,6,7,1 7,3 6,10,1 10,12,1 12,4 10,3 12,4 12,1 4 12,6 12
3 4 6 7 10 12,0.0229157,23.4295,Yes,N/A,N/A,3,4,N/A,6,7,N/A,3 6,10,4 7,12,3 10,4 10,3 12,4 12,7 10,6 12
1 3 4 6 7 10 12 13,0.0227596,25.2826,Yes,N/A,N/A,3,4,1 4,6,7,1 7,3 6,10,1 10,12,13,1 13,3 12,3 13,4 13,1 4 13
3 4 6 7 10 13,0.0134084,29.5548,Yes,N/A,N/A,3,4,N/A,6,7,N/A,3 6,10,4 7,N/A,13,4 10,N/A,3 13,4 13,N/A
1 3 4 6 7 10 11,0.0489363,16.2384,Yes,N/A,N/A,3,4,1 4,6,7,1 7,3 6,10,11,1 11,3 10,3 11,4 11,1 4 11,6 11,7 11
3 4 6 7 10 11,0.0214874,25.5137,Yes,N/A,N/A,3,4,N/A,6,7,N/A,3 6,10,11,N/A,3 10,3 11,4 11,6 10,6 11,7 11
1 3 4 6 7 10 11 13,0.0246781,24.8445,Yes,N/A,N/A,3,4,1 4,6,7,1 7,3 6,10,11,1 11,13,1 13,4 11,3 13,4 13,1 4 13
1 3 4 6 7 10 11 12,0.0319749,21.9809,Yes,N/A,N/A,3,4,1 4,6,7,1 7,3 6,10,11,12,1 12,3 11,3 12,4 12,1 4 12,6 12
3 4 6 7 10 11 12,0.0146437,30.3688,Yes,N/A,N/A,3,4,N/A,6,7,N/A,3 6,10,11,12,3 10,3 11,3 12,4 12,6 11,6 12
1 3 4 6 7 10 11 12 13,0.0183316,29.5364,Yes,N/A,N/A,3,4,1 4,6,7,1 7,3 6,10,11,12,13,1 13,3 12,3 13,4 13,1 4 13
3 4 6 7 11 13,0.0131174,29.156,Yes,N/A,N/A,3,4,N/A,6,7,N/A,3 6,3 7,11,N/A,13,3 11,4 11,3 13,4 13,7 11
3 4 6 7 11 12 13,0.00901117,34.4654,Yes,N/A,N/A,3,4,N/A,6,7,N/A,3 6,3 7,11,12,13,3 11,3 12,3 13,4 13,6 12
1 3 4 6 7 9,0.0788532,9.79064,Yes,N/A,N/A,3,4,1 4,6,7,1 7,9,1 9,4 7,3 9,4 9,1 4 9,6 9,7 9,1 7 9,3 6 9
3 4 6 7 9,0.0490132,14.4498,Yes,N/A,N/A,3,4,N/A,6,7,N/A,9,3 7,4 7,3 9,4 9,3 4 7,6 9,7 9,4 6 7,3 6 9
1 3 4 6 7 9 13,0.038933,18.023,Yes,N/A,N/A,3,4,1 4,6,7,1 7,9,1 9,4 7,3 9,13,1 13,6 9,3 13,4 13,1 4 13
1 3 4 6 7 9 12,0.0470808,16.4178,Yes,N/A,N/A,3,4,1 4,6,7,1 7,9,1 9,4 7,12,1 12,1 4 9,3 12,4 12,1 4 12,6 12
3 4 6 7 9 12,0.024457,22.914,Yes,N/A,N/A,3,4,N/A,6,7,N/A,9,3 7,4 7,12,4 9,3 4 7,3 12,4 12,4 6 7,6 12
1 3 4 6 7 9 12 13,0.024986,24.4113,Yes,N/A,N/A,3,4,1 4,6,7,1 7,9,1 9,4 7,12,13,1 13,3 12,3 13,4 13,1 4 13
3 4 6 7 9 13,0.0184665,24.8598,Yes,N/A,N/A,3,4,N/A,6,7,N/A,9,3 7,4 7,3 9,13,3 4 7,6 9,3 13,4 13,3 6 9
1 3 4 6 7 9 11,0.0583659,13.9349,Yes,N/A,N/A,3,4,1 4,6,7,1 7,9,1 9,11,1 11,4 9,3 11,4 11,1 4 11,6 11,7 11
3 4 6 7 9 11,0.0321633,20.86,Yes,N/A,N/A,3,4,N/A,6,7,N/A,9,3 7,11,3 9,4 9,3 11,4 11,7 9,6 11,7 11
1 3 4 6 7 9 11 13,0.0293726,22.2779,Yes,N/A,N/A,3,4,1 4,6,7,1 7,9,1 9,11,1 11,13,1 13,4 11,3 13,4 13,1 4 13
1 3 4 6 7 9 11 12,0.0366809,19.9254,Yes,N/A,N/A,3,4,1 4,6,7,1 7,9,1 9,11,12,1 12,3 11,3 12,4 12,1 4 12,6 12
3 4 6 7 9 11 12,0.0182264,28.1587,Yes,N/A,N/A,3,4,N/A,6,7,N/A,9,3 7,11,12,4 9,3 11,3 12,4 12,6 11,6 12
1 3 4 6 7 9 11 12 13,0.0204802,27.7213,Yes,N/A,N/A,3,4,1 4,6,7,1 7,9,1 9,11,12,13,1 13,3 12,3 13,4 13,1 4 13
3 4 6 7 9 12 13,0.0106468,32.9497,Yes,N/A,N/A,3,4,N/A,6,7,N/A,9,3 7,4 7,12,13,3 4 7,3 12,3 13,4 13,6 12
1 3 4 6 7 9 10,0.0621893,13.3494,Yes,N/A,N/A,3,4,1 4,6,7,1 7,9,10,1 10,3 9,3 10,4 10,1 4 10,6 10,7 10,1 7 10
3 4 6 7 9 10,0.0355427,20.2208,Yes,N/A,N/A,3,4,N/A,6,7,N/A,9,10,4 7,3 9,3 10,4 10,6 9,6 10,7 10,3 6 9
1 3 4 6 7 9 10 13,0.0297063,22.275,Yes,N/A,N/A,3,4,1 4,6,7,1 7,9,10,1 10,3 9,13,1 13,1 4 10,3 13,4 13,1 4 13
1 3 4 6 7 9 10 12,0.0384937,19.6754,Yes,N/A,N/A,3,4,1 4,6,7,1 7,9,10,1 10,12,1 12,4 10,3 12,4 12,1 4 12,6 12
3 4 6 7 9 10 12,0.0188252,28.1475,Yes,N/A,N/A,3,4,N/A,6,7,N/A,9,10,4 7,12,3 10,4 10,3 12,4 12,7 10,6 12
1 3 4 6 7 9 10 12 13,0.0209769,27.7856,Yes,N/A,N/A,3,4,1 4,6,7,1 7,9,10,1 10,12,13,1 13,3 12,3 13,4 13,1 4 13
3 4 6 7 9 10 13,0.0138045,30.8219,Yes,N/A,N/A,3,4,N/A,6,7,N/A,9,10,4 7,3 9,13,4 10,6 9,3 13,4 13,3 6 9
1 3 4 6 7 9 10 11,0.0455396,17.5724,Yes,N/A,N/A,3,4,1 4,6,7,1 7,9,10,11,1 11,3 10,3 11,4 11,1 4 11,6 11,7 11
3 4 6 7 9 10 11,0.0220215,26.881,Yes,N/A,N/A,3,4,N/A,6,7,N/A,9,10,11,3 9,3 10,3 11,4 11,6 10,6 11,7 11
1 3 4 6 7 9 10 11 13,0.0244919,25.7116,Yes,N/A,N/A,3,4,1 4,6,7,1 7,9,10,11,1 11,13,1 13,4 11,3 13,4 13,1 4 13
1 3 4 6 7 9 10 11 12,0.0307048,23.0448,Yes,N/A,N/A,3,4,1 4,6,7,1 7,9,10,11,12,1 12,3 11,3 12,4 12,1 4 12,6 12
3 4 6 7 9 10 11 12,0.0139534,33.6506,Yes,N/A,N/A,3,4,N/A,6,7,N/A,9,10,11,12,3 10,3 11,3 12,4 12,6 11,6 12
1 3 4 6 7 9 10 11 12 13,0.0186403,30.2309,Yes,N/A,N/A,3,4,1 4,6,7,1 7,9,10,11,12,13,1 13,3 12,3 13,4 13,1 4 13
3 4 6 7 10 12 13,0.00992353,33.6528,Yes,N/A,N/A,3,4,N/A,6,7,N/A,3 6,10,4 7,12,13,4 10,3 12,3 13,4 13,6 12
3 4 6 7 10 11 13,0.00912996,36.2159,Yes,N/A,N/A,3,4,N/A,6,7,N/A,3 6,10,11,N/A,13,3 11,4 11,3 13,4 13,7 11
3 4 6 7 10 11 12 13,0.0072636,39.9946,Yes,N/A,N/A,3,4,N/A,6,7,N/A,3 6,10,11,12,13,3 11,3 12,3 13,4 13,6 12
1 3 4 6 7 8,0.0868764,8.6866,Yes,N/A,N/A,3,4,1 4,6,7,8,1 8,3 7,3 8,4 8,1 4 8,6 8,7 8,1 7 8,3 6 8,3 7 8
3 4 6 7 8,0.0623982,11.7706,Yes,N/A,N/A,3,4,N/A,6,7,8,3 6,3 7,3 8,4 8,6 7,6 8,7 8,3 6 7,3 6 8,3 7 8
1 3 4 6 7 8 13,0.0445883,16.3988,Yes,N/A,N/A,3,4,1 4,6,7,8,1 8,3 7,3 8,4 8,13,1 13,7 8,3 13,4 13,1 4 13
1 3 4 6 7 8 12,0.0573111,13.9415,Yes,N/A,N/A,3,4,1 4,6,7,8,1 8,3 7,3 8,12,1 12,6 8,3 12,4 12,1 4 12,6 12
3 4 6 7 8 12,0.0320919,19.545,Yes,N/A,N/A,3,4,N/A,6,7,8,3 6,3 7,3 8,12,6 7,6 8,3 12,4 12,3 6 8,6 12
1 3 4 6 7 8 12 13,0.0296752,22.0098,Yes,N/A,N/A,3,4,1 4,6,7,8,1 8,3 7,3 8,12,13,1 13,3 12,3 13,4 13,1 4 13
3 4 6 7 8 13,0.0242426,21.3454,Yes,N/A,N/A,3,4,N/A,6,7,8,3 6,3 7,3 8,4 8,13,6 8,7 8,3 13,4 13,3 7 8
1 3 4 6 7 8 11,0.0627341,13.2611,Yes,N/A,N/A,3,4,1 4,6,7,8,1 8,3 7,11,1 11,1 4 8,3 11,4 11,1 4 11,6 11,7 11
3 4 6 7 8 11,0.0391651,18.1501,Yes,N/A,N/A,3,4,N/A,6,7,8,3 6,3 7,11,4 8,6 7,3 11,4 11,3 6 7,6 11,7 11
1 3 4 6 7 8 11 13,0.0334991,20.5343,Yes,N/A,N/A,3,4,1 4,6,7,8,1 8,3 7,11,1 11,13,1 13,4 11,3 13,4 13,1 4 13
1 3 4 6 7 8 11 12,0.0415282,18.4509,Yes,N/A,N/A,3,4,1 4,6,7,8,1 8,3 7,11,12,1 12,3 11,3 12,4 12,1 4 12,6 12
3 4 6 7 8 11 12,0.0205146,25.8437,Yes,N/A,N/A,3,4,N/A,6,7,8,3 6,3 7,11,12,6 7,3 11,3 12,4 12,6 11,6 12
1 3 4 6 7 8 11 12 13,0.0233002,25.925,Yes,N/A,N/A,3,4,1 4,6,7,8,1 8,3 7,11,12,13,1 13,3 12,3 13,4 13,1 4 13
3 4 6 7 8 12 13,0.0144988,28.3582,Yes,N/A,N/A,3,4,N/A,6,7,8,3 6,3 7,3 8,12,13,6 8,3 12,3 13,4 13,6 12
1 3 4 6 7 8 10,0.0703489,12.2483,Yes,N/A,N/A,3,4,1 4,6,7,8,1 8,10,1 10,4 8,3 10,4 10,1 4 10,6 10,7 10,8 10
3 4 6 7 8 10,0.0453803,16.8467,Yes,N/A,N/A,3,4,N/A,6,7,8,3 6,10,3 8,4 8,3 10,4 10,7 8,6 10,7 10,8 10
1 3 4 6 7 8 10 13,0.0339469,20.8078,Yes,N/A,N/A,3,4,1 4,6,7,8,1 8,10,1 10,4 8,13,1 13,1 4 10,3 13,4 13,1 4 13
1 3 4 6 7 8 10 12,0.0453986,17.2945,Yes,N/A,N/A,3,4,1 4,6,7,8,1 8,10,1 10,12,1 12,4 10,3 12,4 12,1 4 12,6 12
3 4 6 7 8 10 12,0.0250894,23.3853,Yes,N/A,N/A,3,4,N/A,6,7,8,3 6,10,3 8,12,3 10,4 10,3 12,4 12,7 10,6 12
1 3 4 6 7 8 10 12 13,0.0246601,24.9816,Yes,N/A,N/A,3,4,1 4,6,7,8,1 8,10,1 10,12,13,1 13,3 12,3 13,4 13,1 4 13
3 4 6 7 8 10 13,0.017738,26.7135,Yes,N/A,N/A,3,4,N/A,6,7,8,3 6,10,3 8,4 8,13,4 10,7 8,3 13,4 13,8 10
1 3 4 6 7 8 10 11,0.0493579,16.813,Yes,N/A,N/A,3,4,1 4,6,7,8,1 8,10,11,1 11,3 10,3 11,4 11,1 4 11,6 11,7 11
3 4 6 7 8 10 11,0.0275007,22.9015,Yes,N/A,N/A,3,4,N/A,6,7,8,3 6,10,11,4 8,3 10,3 11,4 11,6 10,6 11,7 11
1 3 4 6 7 8 10 11 13,0.0268453,24.6309,Yes,N/A,N/A,3,4,1 4,6,7,8,1 8,10,11,1 11,13,1 13,4 11,3 13,4 13,1 4 13
1 3 4 6 7 8 10 11 12,0.0337093,21.6977,Yes,N/A,N/A,3,4,1 4,6,7,8,1 8,10,11,12,1 12,3 11,3 12,4 12,1 4 12,6 12
3 4 6 7 8 10 11 12,0.0167657,29.3487,Yes,N/A,N/A,3,4,N/A,6,7,8,3 6,10,11,12,3 10,3 11,3 12,4 12,6 11,6 12
1 3 4 6 7 8 10 11 12 13,0.0204789,28.6753,Yes,N/A,N/A,3,4,1 4,6,7,8,1 8,10,11,12,13,1 13,3 12,3 13,4 13,1 4 13
3 4 6 7 8 11 13,0.0168778,26.956,Yes,N/A,N/A,3,4,N/A,6,7,8,3 6,3 7,11,4 8,13,3 11,4 11,3 13,4 13,7 11
3 4 6 7 8 11 12 13,0.0106105,33.7676,Yes,N/A,N/A,3,4,N/A,6,7,8,3 6,3 7,11,12,13,3 11,3 12,3 13,4 13,6 12
1 3 4 6 7 8 9,0.0807615,10.5232,Yes,N/A,N/A,3,4,1 4,6,7,8,9,1 9,3 8,3 9,4 9,1 4 9,6 9,7 9,8 9,1 8 9
3 4 6 7 8 9,0.0569406,14.6826,Yes,N/A,N/A,3,4,N/A,6,7,8,9,3 7,3 8,3 9,4 9,6 8,6 9,7 9,8 9,3 6 9
1 3 4 6 7 8 9 13,0.0422838,17.8056,Yes,N/A,N/A,3,4,1 4,6,7,8,9,1 9,3 8,3 9,13,1 13,6 9,3 13,4 13,1 4 13
1 3 4 6 7 8 9 12,0.0495749,16.2015,Yes,N/A,N/A,3,4,1 4,6,7,8,9,1 9,3 8,12,1 12,1 4 9,3 12,4 12,1 4 12,6 12
3 4 6 7 8 9 12,0.0293002,21.7881,Yes,N/A,N/A,3,4,N/A,6,7,8,9,3 7,3 8,12,4 9,6 8,3 12,4 12,8 9,6 12
1 3 4 6 7 8 9 12 13,0.0281476,23.2304,Yes,N/A,N/A,3,4,1 4,6,7,8,9,1 9,3 8,12,13,1 13,3 12,3 13,4 13,1 4 13
3 4 6 7 8 9 13,0.0226237,24.1776,Yes,N/A,N/A,3,4,N/A,6,7,8,9,3 7,3 8,3 9,13,6 8,6 9,3 13,4 13,3 6 9
1 3 4 6 7 8 9 11,0.0580663,14.599,Yes,N/A,N/A,3,4,1 4,6,7,8,9,1 9,11,1 11,4 9,3 11,4 11,1 4 11,6 11,7 11
3 4 6 7 8 9 11,0.0342237,20.1817,Yes,N/A,N/A,3,4,N/A,6,7,8,9,3 7,11,3 9,4 9,3 11,4 11,7 9,6 11,7 11
1 3 4 6 7 8 9 11 13,0.0320538,21.6509,Yes,N/A,N/A,3,4,1 4,6,7,8,9,1 9,11,1 11,13,1 13,4 11,3 13,4 13,1 4 13
1 3 4 6 7 8 9 11 12,0.0379846,19.9303,Yes,N/A,N/A,3,4,1 4,6,7,8,9,1 9,11,12,1 12,3 11,3 12,4 12,1 4 12,6 12
3 4 6 7 8 9 11 12,0.020236,26.6226,Yes,N/A,N/A,3,4,N/A,6,7,8,9,3 7,11,12,4 9,3 11,3 12,4 12,6 11,6 12
1 3 4 6 7 8 9 11 12 13,0.0231436,26.5025,Yes,N/A,N/A,3,4,1 4,6,7,8,9,1 9,11,12,13,1 13,3 12,3 13,4 13,1 4 13
3 4 6 7 8 9 12 13,0.0137193,30.9325,Yes,N/A,N/A,3,4,N/A,6,7,8,9,3 7,3 8,12,13,6 8,3 12,3 13,4 13,6 12
1 3 4 6 7 8 9 10,0.0633593,13.5677,Yes,N/A,N/A,3,4,1 4,6,7,8,9,10,1 10,3 9,3 10,4 10,1 4 10,6 10,7 10,8 10
3 4 6 7 8 9 10,0.0380353,19.1651,Yes,N/A,N/A,3,4,N/A,6,7,8,9,10,3 8,3 9,3 10,4 10,6 9,6 10,7 10,8 10
1 3 4 6 7 8 9 10 13,0.0337418,21.1026,Yes,N/A,N/A,3,4,1 4,6,7,8,9,10,1 10,3 9,13,1 13,1 4 10,3 13,4 13,1 4 13
1 3 4 6 7 8 9 10 12,0.0422093,18.593,Yes,N/A,N/A,3,4,1 4,6,7,8,9,10,1 10,12,1 12,4 10,3 12,4 12,1 4 12,6 12
3 4 6 7 8 9 10 12,0.0225375,25.467,Yes,N/A,N/A,3,4,N/A,6,7,8,9,10,3 8,12,3 10,4 10,3 12,4 12,7 10,6 12
1 3 4 6 7 8 9 10 12 13,0.0250058,25.4613,Yes,N/A,N/A,3,4,1 4,6,7,8,9,10,1 10,12,13,1 13,3 12,3 13,4 13,1 4 13
3 4 6 7 8 9 10 13,0.0171814,28.4799,Yes,N/A,N/A,3,4,N/A,6,7,8,9,10,3 8,3 9,13,4 10,6 9,3 13,4 13,8 10
1 3 4 6 7 8 9 10 11,0.0470466,17.3472,Yes,N/A,N/A,3,4,1 4,6,7,8,9,10,11,1 11,3 10,3 11,4 11,1 4 11,6 11,7 11
3 4 6 7 8 9 10 11,0.0257456,24.19,Yes,N/A,N/A,3,4,N/A,6,7,8,9,10,11,3 9,3 10,3 11,4 11,6 10,6 11,7 11
1 3 4 6 7 8 9 10 11 13,0.0281321,24.0639,Yes,N/A,N/A,3,4,1 4,6,7,8,9,10,11,1 11,13,1 13,4 11,3 13,4 13,1 4 13
1 3 4 6 7 8 9 10 11 12,0.0337989,21.7862,Yes,N/A,N/A,3,4,1 4,6,7,8,9,10,11,12,1 12,3 11,3 12,4 12,1 4 12,6 12
3 4 6 7 8 9 10 11 12,0.017012,29.847,Yes,N/A,N/A,3,4,N/A,6,7,8,9,10,11,12,3 10,3 11,3 12,4 12,6 11,6 12
1 3 4 6 7 8 9 10 11 12 13,0.0223236,27.6723,Yes,N/A,N/A,3,4,1 4,6,7,8,9,10,11,12,13,1 13,3 12,3 13,4 13,1 4 13
3 4 7 9 11 13,0.0133647,29.8835,Yes,N/A,N/A,3,4,N/A,N/A,7,N/A,9,3 7,11,3 9,13,3 11,4 11,3 13,4 13,7 11
3 4 7 9 11 12 13,0.00800555,37.9944,Yes,N/A,N/A,3,4,N/A,N/A,7,N/A,9,3 7,11,12,13,3 11,3 12,3 13,4 13,7 11
3 4 7 9 10 12 13,0.00917248,37.1055,Yes,N/A,N/A,3,4,N/A,N/A,7,N/A,9,10,4 7,12,13,4 10,3 12,3 13,4 13,N/A
3 4 7 9 10 11 13,0.00981758,35.8598,Yes,N/A,N/A,3,4,N/A,N/A,7,N/A,9,10,11,3 9,13,3 11,4 11,3 13,4 13,7 11
3 4 7 9 10 11 12 13,0.00675374,43.2359,Yes,N/A,N/A,3,4,N/A,N/A,7,N/A,9,10,11,12,13,3 11,3 12,3 13,4 13,7 11
3 4 7 8 10 12 13,0.00950914,35.8546,Yes,N/A,N/A,3,4,N/A,N/A,7,8,N/A,10,3 8,12,13,4 10,3 12,3 13,4 13,8 10
3 4 7 8 10 11 13,0.0101591,35.4043,Yes,N/A,N/A,3,4,N/A,N/A,7,8,N/A,10,11,4 8,13,3 11,4 11,3 13,4 13,7 11
3 4 7 8 10 11 12 13,0.00662345,43.2043,Yes,N/A,N/A,3,4,N/A,N/A,7,8,N/A,10,11,12,13,3 11,3 12,3 13,4 13,7 11
3 4 7 8 9 11 13,0.0132765,30.7976,Yes,N/A,N/A,3,4,N/A,N/A,7,8,9,3 7,11,3 9,13,3 11,4 11,3 13,4 13,7 11
3 4 7 8 9 11 12 13,0.00813874,38.6385,Yes,N/A,N/A,3,4,N/A,N/A,7,8,9,3 7,11,12,13,3 11,3 12,3 13,4 13,7 11
3 4 7 8 9 10 12 13,0.00989549,36.1248,Yes,N/A,N/A,3,4,N/A,N/A,7,8,9,10,3 8,12,13,4 10,3 12,3 13,4 13,8 10
3 4 7 8 9 10 11 13,0.0112173,34.6613,Yes,N/A,N/A,3,4,N/A,N/A,7,8,9,10,11,3 9,13,3 11,4 11,3 13,4 13,7 11
3 4 7 8 9 10 11 12 13,0.00787958,41.287,Yes,N/A,N/A,3,4,N/A,N/A,7,8,9,10,11,12,13,3 11,3 12,3 13,4 13,7 11
1 3 4 5,0.134034,6.11571,Yes,N/A,N/A,3,4,5,1 5,3 4,3 5,4 5,1 4 5,N/A,3 4 5,1 3 4 5,N/A,N/A,N/A,N/A,N/A
3 4 5,0.123382,8.04645,Yes,N/A,N/A,3,4,5,N/A,3 4,3 5,4 5,N/A,N/A,3 4 5,N/A,N/A,N/A,N/A,N/A,N/A
1 3 4 5 13,0.048915,14.8244,Yes,N/A,N/A,3,4,5,1 5,3 4,3 5,4 5,1 4 5,N/A,3 4 5,13,1 13,N/A,3 13,4 13,5 13
1 3 4 5 12,0.0578411,13.6682,Yes,N/A,N/A,3,4,5,1 5,3 4,3 5,4 5,1 4 5,N/A,12,1 12,N/A,3 12,4 12,5 12,1 5 12
3 4 5 12,0.0342312,17.4597,Yes,N/A,N/A,3,4,5,N/A,3 4,3 5,4 5,N/A,N/A,12,N/A,N/A,3 12,4 12,5 12,N/A
1 3 4 5 12 13,0.0256546,22.5025,Yes,N/A,N/A,3,4,5,1 5,3 4,3 5,4 5,1 4 5,N/A,12,13,1 13,3 12,3 13,4 13,5 13
3 4 5 13,0.0345853,17.8981,Yes,N/A,N/A,3,4,5,N/A,3 4,3 5,4 5,N/A,N/A,3 4 5,13,N/A,N/A,3 13,4 13,5 13
1 3 4 5 11,0.0907186,9.64298,Yes,N/A,N/A,3,4,5,1 5,3 4,3 5,4 5,1 4 5,11,1 11,1 3 4 5,3 11,4 11,5 11,1 5 11,3 4 11
3 4 5 11,0.0612015,13.9222,Yes,N/A,N/A,3,4,5,N/A,3 4,3 5,4 5,N/A,11,3 4 5,N/A,3 11,4 11,5 11,N/A,3 4 11
1 3 4 5 11 13,0.039028,17.9136,Yes,N/A,N/A,3,4,5,1 5,3 4,3 5,4 5,1 4 5,11,1 11,13,1 13,4 11,3 13,4 13,5 13
1 3 4 5 11 12,0.0475919,16.6989,Yes,N/A,N/A,3,4,5,1 5,3 4,3 5,4 5,1 4 5,11,12,1 12,3 11,3 12,4 12,5 12,1 5 12
3 4 5 11 12,0.0227256,23.1311,Yes,N/A,N/A,3,4,5,N/A,3 4,3 5,4 5,N/A,11,12,N/A,3 11,3 12,4 12,5 12,3 4 11
1 3 4 5 11 12 13,0.0224815,25.5162,Yes,N/A,N/A,3,4,5,1 5,3 4,3 5,4 5,1 4 5,11,12,13,1 13,3 12,3 13,4 13,5 13
3 4 5 12 13,0.0131846,27.209,Yes,N/A,N/A,3,4,5,N/A,3 4,3 5,4 5,N/A,N/A,12,13,N/A,3 12,3 13,4 13,5 13
1 3 4 5 10,0.105964,8.38551,Yes,N/A,N/A,3,4,5,1 5,3 4,3 5,4 5,10,1 10,3 4 5,3 10,4 10,5 10,1 5 10,3 4 10,3 5 10
3 4 5 10,0.0754369,11.8707,Yes,N/A,N/A,3,4,5,N/A,3 4,3 5,4 5,10,N/A,3 4 5,3 10,4 10,5 10,N/A,3 4 10,3 5 10
1 3 4 5 10 13,0.0447795,16.9156,Yes,N/A,N/A,3,4,5,1 5,3 4,3 5,4 5,10,1 10,3 4 5,13,1 13,5 10,3 13,4 13,5 13
1 3 4 5 10 12,0.0559086,14.6248,Yes,N/A,N/A,3,4,5,1 5,3 4,3 5,4 5,10,1 10,12,1 12,4 10,3 12,4 12,5 12,1 5 12
3 4 5 10 12,0.0292234,20.3773,Yes,N/A,N/A,3,4,5,N/A,3 4,3 5,4 5,10,N/A,12,3 10,4 10,3 12,4 12,5 12,3 5 10
1 3 4 5 10 12 13,0.0262597,23.3941,Yes,N/A,N/A,3,4,5,1 5,3 4,3 5,4 5,10,1 10,12,13,1 13,3 12,3 13,4 13,5 13
3 4 5 10 13,0.0232723,22.03,Yes,N/A,N/A,3,4,5,N/A,3 4,3 5,4 5,10,N/A,3 4 5,13,4 10,5 10,3 13,4 13,5 13
1 3 4 5 10 11,0.0671714,13.2416,Yes,N/A,N/A,3,4,5,1 5,3 4,3 5,4 5,10,11,1 11,3 10,3 11,4 11,5 11,1 5 11,3 4 11
3 4 5 10 11,0.0400375,17.0699,Yes,N/A,N/A,3,4,5,N/A,3 4,3 5,4 5,10,11,3 4 5,3 10,3 11,4 11,5 11,3 4 10,3 4 11
1 3 4 5 10 11 13,0.0325246,21.2106,Yes,N/A,N/A,3,4,5,1 5,3 4,3 5,4 5,10,11,1 11,13,1 13,4 11,3 13,4 13,5 13
1 3 4 5 10 11 12,0.0400154,19.5789,Yes,N/A,N/A,3,4,5,1 5,3 4,3 5,4 5,10,11,12,1 12,3 11,3 12,4 12,5 12,1 5 12
3 4 5 10 11 12,0.0205635,24.6911,Yes,N/A,N/A,3,4,5,N/A,3 4,3 5,4 5,10,11,12,3 10,3 11,3 12,4 12,5 12,3 4 11
1 3 4 5 10 11 12 13,0.0213105,27.9788,Yes,N/A,N/A,3,4,5,1 5,3 4,3 5,4 5,10,11,12,13,1 13,3 12,3 13,4 13,5 13
3 4 5 11 13,0.0219204,22.8505,Yes,N/A,N/A,3,4,5,N/A,3 4,3 5,4 5,N/A,11,3 4 5,13,3 11,4 11,3 13,4 13,5 13
3 4 5 11 12 13,0.0107098,31.4786,Yes,N/A,N/A,3,4,5,N/A,3 4,3 5,4 5,N/A,11,12,13,3 11,3 12,3 13,4 13,5 13
1 3 4 5 9,0.0936007,9.47584,Yes,N/A,N/A,3,4,5,1 5,3 4,3 5,9,1 9,N/A,3 9,4 9,5 9,1 5 9,3 4 9,3 5 9,4 5 9
3 4 5 9,0.0601511,12.7571,Yes,N/A,N/A,3,4,5,N/A,3 4,3 5,9,N/A,N/A,3 9,4 9,5 9,N/A,3 4 9,3 5 9,4 5 9
1 3 4 5 9 13,0.037893,18.7504,Yes,N/A,N/A,3,4,5,1 5,3 4,3 5,9,1 9,N/A,3 9,13,1 13,1 5 9,3 13,4 13,5 13
1 3 4 5 9 12,0.0458555,16.9637,Yes,N/A,N/A,3,4,5,1 5,3 4,3 5,9,1 9,N/A,12,1 12,5 9,3 12,4 12,5 12,1 5 12
3 4 5 9 12,0.0232787,21.6213,Yes,N/A,N/A,3,4,5,N/A,3 4,3 5,9,N/A,N/A,12,4 9,5 9,3 12,4 12,5 12,4 5 9
1 3 4 5 9 12 13,0.0209069,26.6704,Yes,N/A,N/A,3,4,5,1 5,3 4,3 5,9,1 9,N/A,12,13,1 13,3 12,3 13,4 13,5 13
3 4 5 9 13,0.0182746,23.8409,Yes,N/A,N/A,3,4,5,N/A,3 4,3 5,9,N/A,N/A,3 9,13,5 9,N/A,3 13,4 13,5 13
1 3 4 5 9 11,0.0674651,12.2149,Yes,N/A,N/A,3,4,5,1 5,3 4,3 5,9,1 9,11,1 11,4 9,3 11,4 11,5 11,1 5 11,3 4 11
3 4 5 9 11,0.0342674,18.1451,Yes,N/A,N/A,3,4,5,N/A,3 4,3 5,9,N/A,11,3 9,4 9,3 11,4 11,5 11,3 5 9,3 4 11
1 3 4 5 9 11 13,0.0318545,20.4616,Yes,N/A,N/A,3,4,5,1 5,3 4,3 5,9,1 9,11,1 11,13,1 13,4 11,3 13,4 13,5 13
1 3 4 5 9 11 12,0.0385496,18.9372,Yes,N/A,N/A,3,4,5,1 5,3 4,3 5,9,1 9,11,12,1 12,3 11,3 12,4 12,5 12,1 5 12
3 4 5 9 11 12,0.017471,26.7135,Yes,N/A,N/A,3,4,5,N/A,3 4,3 5,9,N/A,11,12,4 9,3 11,3 12,4 12,5 12,3 4 11
1 3 4 5 9 11 12 13,0.0202543,27.2351,Yes,N/A,N/A,3,4,5,1 5,3 4,3 5,9,1 9,11,12,13,1 13,3 12,3 13,4 13,5 13
3 4 5 9 12 13,0.00911152,32.5794,Yes,N/A,N/A,3,4,5,N/A,3 4,3 5,9,N/A,N/A,12,13,5 9,3 12,3 13,4 13,5 13
1 3 4 5 9 10,0.0687344,11.9045,Yes,N/A,N/A,3,4,5,1 5,3 4,3 5,9,10,1 10,3 9,3 10,4 10,5 10,1 5 10,3 4 10,3 5 10
3 4 5 9 10,0.0390515,17.0955,Yes,N/A,N/A,3,4,5,N/A,3 4,3 5,9,10,N/A,3 9,3 10,4 10,5 10,3 4 9,3 4 10,3 5 10
1 3 4 5 9 10 13,0.0333384,20.3612,Yes,N/A,N/A,3,4,5,1 5,3 4,3 5,9,10,1 10,3 9,13,1 13,5 10,3 13,4 13,5 13
1 3 4 5 9 10 12,0.0422523,17.9102,Yes,N/A,N/A,3,4,5,1 5,3 4,3 5,9,10,1 10,12,1 12,4 10,3 12,4 12,5 12,1 5 12
3 4 5 9 10 12,0.0201057,25.6295,Yes,N/A,N/A,3,4,5,N/A,3 4,3 5,9,10,N/A,12,3 10,4 10,3 12,4 12,5 12,3 5 10
1 3 4 5 9 10 12 13,0.0214177,26.7862,Yes,N/A,N/A,3,4,5,1 5,3 4,3 5,9,10,1 10,12,13,1 13,3 12,3 13,4 13,5 13
3 4 5 9 10 13,0.0157751,27.2929,Yes,N/A,N/A,3,4,5,N/A,3 4,3 5,9,10,N/A,3 9,13,4 10,5 10,3 13,4 13,5 13
1 3 4 5 9 10 11,0.0509117,16.0606,Yes,N/A,N/A,3,4,5,1 5,3 4,3 5,9,10,11,1 11,3 10,3 11,4 11,5 11,1 5 11,3 4 11
3 4 5 9 10 11,0.0277489,21.3239,Yes,N/A,N/A,3,4,5,N/A,3 4,3 5,9,10,11,3 9,3 10,3 11,4 11,5 11,3 4 10,3 4 11
1 3 4 5 9 10 11 13,0.0275998,23.6112,Yes,N/A,N/A,3,4,5,1 5,3 4,3 5,9,10,11,1 11,13,1 13,4 11,3 13,4 13,5 13
1 3 4 5 9 10 11 12,0.0337989,21.7723,Yes,N/A,N/A,3,4,5,1 5,3 4,3 5,9,10,11,12,1 12,3 11,3 12,4 12,5 12,1 5 12
3 4 5 9 10 11 12,0.0163541,28.4454,Yes,N/A,N/A,3,4,5,N/A,3 4,3 5,9,10,11,12,3 10,3 11,3 12,4 12,5 12,3 4 11
1 3 4 5 9 10 11 12 13,0.0195812,29.5319,Yes,N/A,N/A,3,4,5,1 5,3 4,3 5,9,10,11,12,13,1 13,3 12,3 13,4 13,5 13
3 4 5 10 12 13,0.0118371,30.5167,Yes,N/A,N/A,3,4,5,N/A,3 4,3 5,4 5,10,N/A,12,13,4 10,3 12,3 13,4 13,5 13
3 4 5 10 11 13,0.0162871,26.65,Yes,N/A,N/A,3,4,5,N/A,3 4,3 5,4 5,10,11,3 4 5,13,3 11,4 11,3 13,4 13,5 13
3 4 5 10 11 12 13,0.0100662,33.5104,Yes,N/A,N/A,3,4,5,N/A,3 4,3 5,4 5,10,11,12,13,3 11,3 12,3 13,4 13,5 13
1 3 4 5 8,0.109023,7.3353,Yes,N/A,N/A,3,4,5,1 5,3 4,8,1 8,1 4 5,3 8,4 8,5 8,1 5 8,3 4 8,3 5 8,4 5 8,1 4 5 8
3 4 5 8,0.0706676,10.7488,Yes,N/A,N/A,3,4,5,N/A,3 4,8,4 5,N/A,3 8,4 8,5 8,N/A,3 4 8,3 5 8,4 5 8,N/A
1 3 4 5 8 13,0.0468032,15.6912,Yes,N/A,N/A,3,4,5,1 5,3 4,8,1 8,1 4 5,3 8,4 8,13,1 13,3 4 8,3 13,4 13,5 13
1 3 4 5 8 12,0.0546653,14.2093,Yes,N/A,N/A,3,4,5,1 5,3 4,8,1 8,1 4 5,3 8,12,1 12,1 5 8,3 12,4 12,5 12,1 5 12
3 4 5 8 12,0.0285406,19.9582,Yes,N/A,N/A,3,4,5,N/A,3 4,8,4 5,N/A,3 8,12,5 8,N/A,3 12,4 12,5 12,N/A
1 3 4 5 8 12 13,0.0260181,22.8987,Yes,N/A,N/A,3,4,5,1 5,3 4,8,1 8,1 4 5,3 8,12,13,1 13,3 12,3 13,4 13,5 13
3 4 5 8 13,0.0234295,21.3389,Yes,N/A,N/A,3,4,5,N/A,3 4,8,4 5,N/A,3 8,4 8,13,N/A,3 4 8,3 13,4 13,5 13
1 3 4 5 8 11,0.065857,12.1502,Yes,N/A,N/A,3,4,5,1 5,3 4,8,1 8,1 4 5,11,1 11,5 8,3 11,4 11,5 11,1 5 11,3 4 11
3 4 5 8 11,0.0360847,17.3021,Yes,N/A,N/A,3,4,5,N/A,3 4,8,4 5,N/A,11,4 8,5 8,3 11,4 11,5 11,4 5 8,3 4 11
1 3 4 5 8 11 13,0.0317804,20.4421,Yes,N/A,N/A,3,4,5,1 5,3 4,8,1 8,1 4 5,11,1 11,13,1 13,4 11,3 13,4 13,5 13
1 3 4 5 8 11 12,0.0375781,19.2055,Yes,N/A,N/A,3,4,5,1 5,3 4,8,1 8,1 4 5,11,12,1 12,3 11,3 12,4 12,5 12,1 5 12
3 4 5 8 11 12,0.0186145,26.0375,Yes,N/A,N/A,3,4,5,N/A,3 4,8,4 5,N/A,11,12,5 8,3 11,3 12,4 12,5 12,3 4 11
1 3 4 5 8 11 12 13,0.0199409,27.322,Yes,N/A,N/A,3,4,5,1 5,3 4,8,1 8,1 4 5,11,12,13,1 13,3 12,3 13,4 13,5 13
3 4 5 8 12 13,0.0118025,30.4234,Yes,N/A,N/A,3,4,5,N/A,3 4,8,4 5,N/A,3 8,12,13,N/A,3 12,3 13,4 13,5 13
1 3 4 5 8 10,0.0797231,9.95991,Yes,N/A,N/A,3,4,5,1 5,3 4,8,1 8,10,1 10,4 8,3 10,4 10,5 10,1 5 10,3 4 10,8 10
3 4 5 8 10,0.0498516,13.9577,Yes,N/A,N/A,3,4,5,N/A,3 4,8,4 5,10,3 8,4 8,3 10,4 10,5 10,3 5 8,3 4 10,8 10
1 3 4 5 8 10 13,0.0390505,18.0884,Yes,N/A,N/A,3,4,5,1 5,3 4,8,1 8,10,1 10,4 8,13,1 13,5 10,3 13,4 13,5 13
1 3 4 5 8 10 12,0.0474786,16.1447,Yes,N/A,N/A,3,4,5,1 5,3 4,8,1 8,10,1 10,12,1 12,4 10,3 12,4 12,5 12,1 5 12
3 4 5 8 10 12,0.0264372,21.7237,Yes,N/A,N/A,3,4,5,N/A,3 4,8,4 5,10,3 8,12,3 10,4 10,3 12,4 12,5 12,8 10
1 3 4 5 8 10 12 13,0.0246824,24.4918,Yes,N/A,N/A,3,4,5,1 5,3 4,8,1 8,10,1 10,12,13,1 13,3 12,3 13,4 13,5 13
3 4 5 8 10 13,0.0198639,23.928,Yes,N/A,N/A,3,4,5,N/A,3 4,8,4 5,10,3 8,4 8,13,4 10,5 10,3 13,4 13,5 13
1 3 4 5 8 10 11,0.0571936,14.1464,Yes,N/A,N/A,3,4,5,1 5,3 4,8,1 8,10,11,1 11,3 10,3 11,4 11,5 11,1 5 11,3 4 11
3 4 5 8 10 11,0.032229,19.964,Yes,N/A,N/A,3,4,5,N/A,3 4,8,4 5,10,11,4 8,3 10,3 11,4 11,5 11,3 4 10,3 4 11
1 3 4 5 8 10 11 13,0.030017,21.9999,Yes,N/A,N/A,3,4,5,1 5,3 4,8,1 8,10,11,1 11,13,1 13,4 11,3 13,4 13,5 13
1 3 4 5 8 10 11 12,0.0364299,20.2538,Yes,N/A,N/A,3,4,5,1 5,3 4,8,1 8,10,11,12,1 12,3 11,3 12,4 12,5 12,1 5 12
3 4 5 8 10 11 12,0.0184064,27.2625,Yes,N/A,N/A,3,4,5,N/A,3 4,8,4 5,10,11,12,3 10,3 11,3 12,4 12,5 12,3 4 11
1 3 4 5 8 10 11 12 13,0.0208941,27.7778,Yes,N/A,N/A,3,4,5,1 5,3 4,8,1 8,10,11,12,13,1 13,3 12,3 13,4 13,5 13
3 4 5 8 11 13,0.0148809,27.5226,Yes,N/A,N/A,3,4,5,N/A,3 4,8,4 5,N/A,11,4 8,13,3 11,4 11,3 13,4 13,5 13
3 4 5 8 11 12 13,0.008833,35.9201,Yes,N/A,N/A,3,4,5,N/A,3 4,8,4 5,N/A,11,12,13,3 11,3 12,3 13,4 13,5 13
1 3 4 5 8 9,0.0754552,10.1176,Yes,N/A,N/A,3,4,5,1 5,3 4,8,9,1 9,3 8,3 9,4 9,5 9,1 5 9,3 4 9,8 9,1 8 9
3 4 5 8 9,0.0454554,15.2913,Yes,N/A,N/A,3,4,5,N/A,3 4,8,9,N/A,3 8,3 9,4 9,5 9,3 4 8,3 4 9,8 9,4 5 9
1 3 4 5 8 9 13,0.0358079,18.9955,Yes,N/A,N/A,3,4,5,1 5,3 4,8,9,1 9,3 8,3 9,13,1 13,1 5 9,3 13,4 13,5 13
1 3 4 5 8 9 12,0.0457487,16.6609,Yes,N/A,N/A,3,4,5,1 5,3 4,8,9,1 9,3 8,12,1 12,5 9,3 12,4 12,5 12,1 5 12
3 4 5 8 9 12,0.0234884,23.898,Yes,N/A,N/A,3,4,5,N/A,3 4,8,9,N/A,3 8,12,4 9,5 9,3 12,4 12,5 12,4 5 9
1 3 4 5 8 9 12 13,0.0229491,25.6345,Yes,N/A,N/A,3,4,5,1 5,3 4,8,9,1 9,3 8,12,13,1 13,3 12,3 13,4 13,5 13
3 4 5 8 9 13,0.017495,25.8963,Yes,N/A,N/A,3,4,5,N/A,3 4,8,9,N/A,3 8,3 9,13,5 9,3 4 8,3 13,4 13,5 13
1 3 4 5 8 9 11,0.0565946,14.2728,Yes,N/A,N/A,3,4,5,1 5,3 4,8,9,1 9,11,1 11,4 9,3 11,4 11,5 11,1 5 11,3 4 11
3 4 5 8 9 11,0.0301544,22.0071,Yes,N/A,N/A,3,4,5,N/A,3 4,8,9,N/A,11,3 9,4 9,3 11,4 11,5 11,8 9,3 4 11
1 3 4 5 8 9 11 13,0.0290881,22.4053,Yes,N/A,N/A,3,4,5,1 5,3 4,8,9,1 9,11,1 11,13,1 13,4 11,3 13,4 13,5 13
1 3 4 5 8 9 11 12,0.0353656,20.7167,Yes,N/A,N/A,3,4,5,1 5,3 4,8,9,1 9,11,12,1 12,3 11,3 12,4 12,5 12,1 5 12
3 4 5 8 9 11 12,0.0164103,30.5451,Yes,N/A,N/A,3,4,5,N/A,3 4,8,9,N/A,11,12,4 9,3 11,3 12,4 12,5 12,3 4 11
1 3 4 5 8 9 11 12 13,0.0199572,28.5147,Yes,N/A,N/A,3,4,5,1 5,3 4,8,9,1 9,11,12,13,1 13,3 12,3 13,4 13,5 13
3 4 5 8 9 12 13,0.00999211,34.5289,Yes,N/A,N/A,3,4,5,N/A,3 4,8,9,N/A,3 8,12,13,5 9,3 12,3 13,4 13,5 13
1 3 4 5 8 9 10,0.0643029,13.059,Yes,N/A,N/A,3,4,5,1 5,3 4,8,9,10,1 10,3 9,3 10,4 10,5 10,1 5 10,3 4 10,8 10
3 4 5 8 9 10,0.038808,18.2863,Yes,N/A,N/A,3,4,5,N/A,3 4,8,9,10,3 8,3 9,3 10,4 10,5 10,3 4 9,3 4 10,8 10
1 3 4 5 8 9 10 13,0.0338059,20.8211,Yes,N/A,N/A,3,4,5,1 5,3 4,8,9,10,1 10,3 9,13,1 13,5 10,3 13,4 13,5 13
1 3 4 5 8 9 10 12,0.0417501,18.6544,Yes,N/A,N/A,3,4,5,1 5,3 4,8,9,10,1 10,12,1 12,4 10,3 12,4 12,5 12,1 5 12
3 4 5 8 9 10 12,0.0215398,25.7646,Yes,N/A,N/A,3,4,5,N/A,3 4,8,9,10,3 8,12,3 10,4 10,3 12,4 12,5 12,8 10
1 3 4 5 8 9 10 12 13,0.0228502,26.7714,Yes,N/A,N/A,3,4,5,1 5,3 4,8,9,10,1 10,12,13,1 13,3 12,3 13,4 13,5 13
3 4 5 8 9 10 13,0.0167108,27.8464,Yes,N/A,N/A,3,4,5,N/A,3 4,8,9,10,3 8,3 9,13,4 10,5 10,3 13,4 13,5 13
1 3 4 5 8 9 10 11,0.0492422,16.7839,Yes,N/A,N/A,3,4,5,1 5,3 4,8,9,10,11,1 11,3 10,3 11,4 11,5 11,1 5 11,3 4 11
3 4 5 8 9 10 11,0.0269135,23.2544,Yes,N/A,N/A,3,4,5,N/A,3 4,8,9,10,11,3 9,3 10,3 11,4 11,5 11,3 4 10,3 4 11
1 3 4 5 8 9 10 11 13,0.0280006,23.9232,Yes,N/A,N/A,3,4,5,1 5,3 4,8,9,10,11,1 11,13,1 13,4 11,3 13,4 13,5 13
1 3 4 5 8 9 10 11 12,0.0337349,22.0971,Yes,N/A,N/A,3,4,5,1 5,3 4,8,9,10,11,12,1 12,3 11,3 12,4 12,5 12,1 5 12
3 4 5 8 9 10 11 12,0.016313,30.3851,Yes,N/A,N/A,3,4,5,N/A,3 4,8,9,10,11,12,3 10,3 11,3 12,4 12,5 12,3 4 11
1 3 4 5 8 9 10 11 12 13,0.0208507,28.9541,Yes,N/A,N/A,3,4,5,1 5,3 4,8,9,10,11,12,13,1 13,3 12,3 13,4 13,5 13
3 4 5 9 11 13,0.0139281,28.3686,Yes,N/A,N/A,3,4,5,N/A,3 4,3 5,9,N/A,11,3 9,13,3 11,4 11,3 13,4 13,5 13
3 4 5 9 11 12 13,0.0080739,36.8508,Yes,N/A,N/A,3,4,5,N/A,3 4,3 5,9,N/A,11,12,13,3 11,3 12,3 13,4 13,5 13
3 4 5 9 10 12 13,0.00920806,35.7688,Yes,N/A,N/A,3,4,5,N/A,3 4,3 5,9,10,N/A,12,13,4 10,3 12,3 13,4 13,5 13
3 4 5 9 10 11 13,0.0128901,30.5231,Yes,N/A,N/A,3,4,5,N/A,3 4,3 5,9,10,11,3 9,13,3 11,4 11,3 13,4 13,5 13
3 4 5 9 10 11 12 13,0.00854489,37.3618,Yes,N/A,N/A,3,4,5,N/A,3 4,3 5,9,10,11,12,13,3 11,3 12,3 13,4 13,5 13
1 3 4 5 7,0.105885,6.76588,Yes,N/A,N/A,3,4,5,1 5,7,1 7,4 5,3 7,4 7,5 7,1 5 7,3 4 7,3 5 7,4 5 7,1 4 5 7,N/A
3 4 5 7,0.0763383,9.13775,Yes,N/A,N/A,3,4,5,N/A,7,3 5,4 5,3 7,4 7,5 7,N/A,3 4 7,3 5 7,4 5 7,N/A,N/A
1 3 4 5 7 13,0.051366,14.4451,Yes,N/A,N/A,3,4,5,1 5,7,1 7,4 5,3 7,4 7,5 7,13,1 13,3 5 7,3 13,4 13,5 13
1 3 4 5 7 12,0.063766,12.5523,Yes,N/A,N/A,3,4,5,1 5,7,1 7,4 5,3 7,4 7,12,1 12,3 4 7,3 12,4 12,5 12,1 5 12
3 4 5 7 12,0.0337264,17.7825,Yes,N/A,N/A,3,4,5,N/A,7,3 5,4 5,3 7,4 7,12,N/A,3 4 7,3 12,4 12,5 12,N/A
1 3 4 5 7 12 13,0.0314071,20.7738,Yes,N/A,N/A,3,4,5,1 5,7,1 7,4 5,3 7,4 7,12,13,1 13,3 12,3 13,4 13,5 13
3 4 5 7 13,0.0283343,17.6483,Yes,N/A,N/A,3,4,5,N/A,7,3 5,4 5,3 7,4 7,5 7,13,3 4 7,3 5 7,3 13,4 13,5 13
1 3 4 5 7 11,0.0720902,11.09,Yes,N/A,N/A,3,4,5,1 5,7,1 7,4 5,3 7,11,1 11,1 5 7,3 11,4 11,5 11,1 5 11,7 11
3 4 5 7 11,0.0390233,16.5181,Yes,N/A,N/A,3,4,5,N/A,7,3 5,4 5,3 7,11,5 7,N/A,3 11,4 11,5 11,N/A,7 11
1 3 4 5 7 11 13,0.0379017,18.158,Yes,N/A,N/A,3,4,5,1 5,7,1 7,4 5,3 7,11,1 11,13,1 13,4 11,3 13,4 13,5 13
1 3 4 5 7 11 12,0.0444036,17.3337,Yes,N/A,N/A,3,4,5,1 5,7,1 7,4 5,3 7,11,12,1 12,3 11,3 12,4 12,5 12,1 5 12
3 4 5 7 11 12,0.0202093,24.8813,Yes,N/A,N/A,3,4,5,N/A,7,3 5,4 5,3 7,11,12,N/A,3 11,3 12,4 12,5 12,7 11
1 3 4 5 7 11 12 13,0.0241128,25.0425,Yes,N/A,N/A,3,4,5,1 5,7,1 7,4 5,3 7,11,12,13,1 13,3 12,3 13,4 13,5 13
3 4 5 7 12 13,0.0149411,25.6558,Yes,N/A,N/A,3,4,5,N/A,7,3 5,4 5,3 7,4 7,12,13,3 4 7,3 12,3 13,4 13,5 13
1 3 4 5 7 10,0.0805003,9.57746,Yes,N/A,N/A,3,4,5,1 5,7,1 7,4 5,10,1 10,5 7,3 10,4 10,5 10,1 5 10,7 10,1 7 10
3 4 5 7 10,0.0514823,13.3005,Yes,N/A,N/A,3,4,5,N/A,7,3 5,4 5,10,4 7,5 7,3 10,4 10,5 10,4 5 7,7 10,3 5 10
1 3 4 5 7 10 13,0.03987,17.7026,Yes,N/A,N/A,3,4,5,1 5,7,1 7,4 5,10,1 10,5 7,13,1 13,5 10,3 13,4 13,5 13
1 3 4 5 7 10 12,0.0504705,15.4175,Yes,N/A,N/A,3,4,5,1 5,7,1 7,4 5,10,1 10,12,1 12,4 10,3 12,4 12,5 12,1 5 12
3 4 5 7 10 12,0.02632,21.3201,Yes,N/A,N/A,3,4,5,N/A,7,3 5,4 5,10,4 7,12,3 10,4 10,3 12,4 12,5 12,3 5 10
1 3 4 5 7 10 12 13,0.0265556,23.4171,Yes,N/A,N/A,3,4,5,1 5,7,1 7,4 5,10,1 10,12,13,1 13,3 12,3 13,4 13,5 13
3 4 5 7 10 13,0.0211831,23.0234,Yes,N/A,N/A,3,4,5,N/A,7,3 5,4 5,10,4 7,5 7,13,4 10,5 10,3 13,4 13,5 13
1 3 4 5 7 10 11,0.0582569,14.0808,Yes,N/A,N/A,3,4,5,1 5,7,1 7,4 5,10,11,1 11,3 10,3 11,4 11,5 11,1 5 11,7 11
3 4 5 7 10 11,0.0324248,19.7981,Yes,N/A,N/A,3,4,5,N/A,7,3 5,4 5,10,11,5 7,3 10,3 11,4 11,5 11,7 10,7 11
1 3 4 5 7 10 11 13,0.0308795,21.8466,Yes,N/A,N/A,3,4,5,1 5,7,1 7,4 5,10,11,1 11,13,1 13,4 11,3 13,4 13,5 13
1 3 4 5 7 10 11 12,0.0377496,19.9566,Yes,N/A,N/A,3,4,5,1 5,7,1 7,4 5,10,11,12,1 12,3 11,3 12,4 12,5 12,1 5 12
3 4 5 7 10 11 12,0.0178078,27.2503,Yes,N/A,N/A,3,4,5,N/A,7,3 5,4 5,10,11,12,3 10,3 11,3 12,4 12,5 12,7 11
1 3 4 5 7 10 11 12 13,0.0217565,27.5362,Yes,N/A,N/A,3,4,5,1 5,7,1 7,4 5,10,11,12,13,1 13,3 12,3 13,4 13,5 13
3 4 5 7 11 13,0.018416,23.8607,Yes,N/A,N/A,3,4,5,N/A,7,3 5,4 5,3 7,11,5 7,13,3 11,4 11,3 13,4 13,5 13
3 4 5 7 11 12 13,0.0106224,31.5139,Yes,N/A,N/A,3,4,5,N/A,7,3 5,4 5,3 7,11,12,13,3 11,3 12,3 13,4 13,5 13
1 3 4 5 7 9,0.0844206,8.69379,Yes,N/A,N/A,3,4,5,1 5,7,1 7,9,1 9,4 7,3 9,4 9,5 9,1 5 9,7 9,1 7 9,4 5 9
3 4 5 7 9,0.0579006,12.3777,Yes,N/A,N/A,3,4,5,N/A,7,3 5,9,3 7,4 7,3 9,4 9,5 9,3 5 7,7 9,3 5 9,4 5 9
1 3 4 5 7 9 13,0.0422142,16.6506,Yes,N/A,N/A,3,4,5,1 5,7,1 7,9,1 9,4 7,3 9,13,1 13,1 5 9,3 13,4 13,5 13
1 3 4 5 7 9 12,0.0530442,14.9264,Yes,N/A,N/A,3,4,5,1 5,7,1 7,9,1 9,4 7,12,1 12,5 9,3 12,4 12,5 12,1 5 12
3 4 5 7 9 12,0.0297393,20.4513,Yes,N/A,N/A,3,4,5,N/A,7,3 5,9,3 7,4 7,12,4 9,5 9,3 12,4 12,5 12,4 5 9
1 3 4 5 7 9 12 13,0.027369,23.1215,Yes,N/A,N/A,3,4,5,1 5,7,1 7,9,1 9,4 7,12,13,1 13,3 12,3 13,4 13,5 13
3 4 5 7 9 13,0.0227859,22.0458,Yes,N/A,N/A,3,4,5,N/A,7,3 5,9,3 7,4 7,3 9,13,5 9,3 5 7,3 13,4 13,5 13
1 3 4 5 7 9 11,0.0633485,12.8411,Yes,N/A,N/A,3,4,5,1 5,7,1 7,9,1 9,11,1 11,4 9,3 11,4 11,5 11,1 5 11,7 11
3 4 5 7 9 11,0.0367972,18.7299,Yes,N/A,N/A,3,4,5,N/A,7,3 5,9,3 7,11,3 9,4 9,3 11,4 11,5 11,3 5 9,7 11
1 3 4 5 7 9 11 13,0.0329209,20.457,Yes,N/A,N/A,3,4,5,1 5,7,1 7,9,1 9,11,1 11,13,1 13,4 11,3 13,4 13,5 13
1 3 4 5 7 9 11 12,0.0397352,19.1759,Yes,N/A,N/A,3,4,5,1 5,7,1 7,9,1 9,11,12,1 12,3 11,3 12,4 12,5 12,1 5 12
3 4 5 7 9 11 12,0.019896,26.2818,Yes,N/A,N/A,3,4,5,N/A,7,3 5,9,3 7,11,12,4 9,3 11,3 12,4 12,5 12,7 11
1 3 4 5 7 9 11 12 13,0.0223435,26.589,Yes,N/A,N/A,3,4,5,1 5,7,1 7,9,1 9,11,12,13,1 13,3 12,3 13,4 13,5 13
3 4 5 7 9 12 13,0.0134907,29.6419,Yes,N/A,N/A,3,4,5,N/A,7,3 5,9,3 7,4 7,12,13,5 9,3 12,3 13,4 13,5 13
1 3 4 5 7 9 10,0.071667,11.6546,Yes,N/A,N/A,3,4,5,1 5,7,1 7,9,10,1 10,3 9,3 10,4 10,5 10,1 5 10,7 10,1 7 10
3 4 5 7 9 10,0.0471278,16.5421,Yes,N/A,N/A,3,4,5,N/A,7,3 5,9,10,4 7,3 9,3 10,4 10,5 10,7 9,7 10,3 5 10
1 3 4 5 7 9 10 13,0.0375645,19.3731,Yes,N/A,N/A,3,4,5,1 5,7,1 7,9,10,1 10,3 9,13,1 13,5 10,3 13,4 13,5 13
1 3 4 5 7 9 10 12,0.0456455,17.5685,Yes,N/A,N/A,3,4,5,1 5,7,1 7,9,10,1 10,12,1 12,4 10,3 12,4 12,5 12,1 5 12
3 4 5 7 9 10 12,0.0241511,24.3859,Yes,N/A,N/A,3,4,5,N/A,7,3 5,9,10,4 7,12,3 10,4 10,3 12,4 12,5 12,3 5 10
1 3 4 5 7 9 10 12 13,0.0251447,25.3969,Yes,N/A,N/A,3,4,5,1 5,7,1 7,9,10,1 10,12,13,1 13,3 12,3 13,4 13,5 13
3 4 5 7 9 10 13,0.0203274,25.6474,Yes,N/A,N/A,3,4,5,N/A,7,3 5,9,10,4 7,3 9,13,4 10,5 10,3 13,4 13,5 13
1 3 4 5 7 9 10 11,0.0534317,15.6913,Yes,N/A,N/A,3,4,5,1 5,7,1 7,9,10,11,1 11,3 10,3 11,4 11,5 11,1 5 11,7 11
3 4 5 7 9 10 11,0.0289516,22.6056,Yes,N/A,N/A,3,4,5,N/A,7,3 5,9,10,11,3 9,3 10,3 11,4 11,5 11,7 10,7 11
1 3 4 5 7 9 10 11 13,0.0299482,22.9418,Yes,N/A,N/A,3,4,5,1 5,7,1 7,9,10,11,1 11,13,1 13,4 11,3 13,4 13,5 13
1 3 4 5 7 9 10 11 12,0.03593,21.1161,Yes,N/A,N/A,3,4,5,1 5,7,1 7,9,10,11,12,1 12,3 11,3 12,4 12,5 12,1 5 12
3 4 5 7 9 10 11 12,0.0171833,29.4695,Yes,N/A,N/A,3,4,5,N/A,7,3 5,9,10,11,12,3 10,3 11,3 12,4 12,5 12,7 11
1 3 4 5 7 9 10 11 12 13,0.0219236,28.078,Yes,N/A,N/A,3,4,5,1 5,7,1 7,9,10,11,12,13,1 13,3 12,3 13,4 13,5 13
3 4 5 7 10 12 13,0.0124483,30.3073,Yes,N/A,N/A,3,4,5,N/A,7,3 5,4 5,10,4 7,12,13,4 10,3 12,3 13,4 13,5 13
3 4 5 7 10 11 13,0.0150946,28.6997,Yes,N/A,N/A,3,4,5,N/A,7,3 5,4 5,10,11,5 7,13,3 11,4 11,3 13,4 13,5 13
3 4 5 7 10 11 12 13,0.00970212,35.1012,Yes,N/A,N/A,3,4,5,N/A,7,3 5,4 5,10,11,12,13,3 11,3 12,3 13,4 13,5 13
1 3 4 5 7 8,0.0895996,8.13797,Yes,N/A,N/A,3,4,5,1 5,7,8,1 8,3 7,3 8,4 8,5 8,1 5 8,7 8,1 7 8,4 5 8,3 7 8
3 4 5 7 8,0.0676288,11.4471,Yes,N/A,N/A,3,4,5,N/A,7,8,4 5,3 7,3 8,4 8,5 8,3 4 7,7 8,3 5 8,4 5 8,3 7 8
1 3 4 5 7 8 13,0.046837,15.2704,Yes,N/A,N/A,3,4,5,1 5,7,8,1 8,3 7,3 8,4 8,13,1 13,7 8,3 13,4 13,5 13
1 3 4 5 7 8 12,0.0554129,14.4887,Yes,N/A,N/A,3,4,5,1 5,7,8,1 8,3 7,3 8,12,1 12,1 5 8,3 12,4 12,5 12,1 5 12
3 4 5 7 8 12,0.03299,19.6675,Yes,N/A,N/A,3,4,5,N/A,7,8,4 5,3 7,3 8,12,5 8,3 4 7,3 12,4 12,5 12,3 7 8
1 3 4 5 7 8 12 13,0.0290271,22.0503,Yes,N/A,N/A,3,4,5,1 5,7,8,1 8,3 7,3 8,12,13,1 13,3 12,3 13,4 13,5 13
3 4 5 7 8 13,0.0260616,20.7972,Yes,N/A,N/A,3,4,5,N/A,7,8,4 5,3 7,3 8,4 8,13,3 4 7,7 8,3 13,4 13,5 13
1 3 4 5 7 8 11,0.0664053,12.6136,Yes,N/A,N/A,3,4,5,1 5,7,8,1 8,3 7,11,1 11,5 8,3 11,4 11,5 11,1 5 11,7 11
3 4 5 7 8 11,0.0418644,17.6928,Yes,N/A,N/A,3,4,5,N/A,7,8,4 5,3 7,11,4 8,5 8,3 11,4 11,5 11,4 5 8,7 11
1 3 4 5 7 8 11 13,0.0352799,19.5945,Yes,N/A,N/A,3,4,5,1 5,7,8,1 8,3 7,11,1 11,13,1 13,4 11,3 13,4 13,5 13
1 3 4 5 7 8 11 12,0.0413143,18.8008,Yes,N/A,N/A,3,4,5,1 5,7,8,1 8,3 7,11,12,1 12,3 11,3 12,4 12,5 12,1 5 12
3 4 5 7 8 11 12,0.0216706,25.6429,Yes,N/A,N/A,3,4,5,N/A,7,8,4 5,3 7,11,12,5 8,3 11,3 12,4 12,5 12,7 11
1 3 4 5 7 8 11 12 13,0.0232146,25.9291,Yes,N/A,N/A,3,4,5,1 5,7,8,1 8,3 7,11,12,13,1 13,3 12,3 13,4 13,5 13
3 4 5 7 8 12 13,0.0138894,29.0092,Yes,N/A,N/A,3,4,5,N/A,7,8,4 5,3 7,3 8,12,13,3 4 7,3 12,3 13,4 13,5 13
1 3 4 5 7 8 10,0.0779088,10.744,Yes,N/A,N/A,3,4,5,1 5,7,8,1 8,10,1 10,4 8,3 10,4 10,5 10,1 5 10,7 10,8 10
3 4 5 7 8 10,0.0503483,15.9946,Yes,N/A,N/A,3,4,5,N/A,7,8,4 5,10,3 8,4 8,3 10,4 10,5 10,3 5 8,7 10,8 10
1 3 4 5 7 8 10 13,0.0404757,18.254,Yes,N/A,N/A,3,4,5,1 5,7,8,1 8,10,1 10,4 8,13,1 13,5 10,3 13,4 13,5 13
1 3 4 5 7 8 10 12,0.0482429,16.6656,Yes,N/A,N/A,3,4,5,1 5,7,8,1 8,10,1 10,12,1 12,4 10,3 12,4 12,5 12,1 5 12
3 4 5 7 8 10 12,0.0262059,23.4037,Yes,N/A,N/A,3,4,5,N/A,7,8,4 5,10,3 8,12,3 10,4 10,3 12,4 12,5 12,8 10
1 3 4 5 7 8 10 12 13,0.0267018,24.1008,Yes,N/A,N/A,3,4,5,1 5,7,8,1 8,10,1 10,12,13,1 13,3 12,3 13,4 13,5 13
3 4 5 7 8 10 13,0.0214902,25.0701,Yes,N/A,N/A,3,4,5,N/A,7,8,4 5,10,3 8,4 8,13,4 10,5 10,3 13,4 13,5 13
1 3 4 5 7 8 10 11,0.055275,15.2606,Yes,N/A,N/A,3,4,5,1 5,7,8,1 8,10,11,1 11,3 10,3 11,4 11,5 11,1 5 11,7 11
3 4 5 7 8 10 11,0.0315295,21.7507,Yes,N/A,N/A,3,4,5,N/A,7,8,4 5,10,11,4 8,3 10,3 11,4 11,5 11,7 10,7 11
1 3 4 5 7 8 10 11 13,0.0311763,22.349,Yes,N/A,N/A,3,4,5,1 5,7,8,1 8,10,11,1 11,13,1 13,4 11,3 13,4 13,5 13
1 3 4 5 7 8 10 11 12,0.03699,20.6859,Yes,N/A,N/A,3,4,5,1 5,7,8,1 8,10,11,12,1 12,3 11,3 12,4 12,5 12,1 5 12
3 4 5 7 8 10 11 12,0.0183811,28.7655,Yes,N/A,N/A,3,4,5,N/A,7,8,4 5,10,11,12,3 10,3 11,3 12,4 12,5 12,7 11
1 3 4 5 7 8 10 11 12 13,0.0225965,27.3776,Yes,N/A,N/A,3,4,5,1 5,7,8,1 8,10,11,12,13,1 13,3 12,3 13,4 13,5 13
3 4 5 7 8 11 13,0.0185411,26.3203,Yes,N/A,N/A,3,4,5,N/A,7,8,4 5,3 7,11,4 8,13,3 11,4 11,3 13,4 13,5 13
3 4 5 7 8 11 12 13,0.0108224,34.0313,Yes,N/A,N/A,3,4,5,N/A,7,8,4 5,3 7,11,12,13,3 11,3 12,3 13,4 13,5 13
1 3 4 5 7 8 9,0.0846122,9.96839,Yes,N/A,N/A,3,4,5,1 5,7,8,9,1 9,3 8,3 9,4 9,5 9,1 5 9,7 9,8 9,1 8 9
3 4 5 7 8 9,0.0558351,15.1093,Yes,N/A,N/A,3,4,5,N/A,7,8,9,3 7,3 8,3 9,4 9,5 9,7 8,7 9,8 9,4 5 9
1 3 4 5 7 8 9 13,0.0425983,17.5776,Yes,N/A,N/A,3,4,5,1 5,7,8,9,1 9,3 8,3 9,13,1 13,1 5 9,3 13,4 13,5 13
1 3 4 5 7 8 9 12,0.0529179,15.7298,Yes,N/A,N/A,3,4,5,1 5,7,8,9,1 9,3 8,12,1 12,5 9,3 12,4 12,5 12,1 5 12
3 4 5 7 8 9 12,0.0279302,23.0583,Yes,N/A,N/A,3,4,5,N/A,7,8,9,3 7,3 8,12,4 9,5 9,3 12,4 12,5 12,4 5 9
1 3 4 5 7 8 9 12 13,0.0283672,23.3885,Yes,N/A,N/A,3,4,5,1 5,7,8,9,1 9,3 8,12,13,1 13,3 12,3 13,4 13,5 13
3 4 5 7 8 9 13,0.0225287,24.652,Yes,N/A,N/A,3,4,5,N/A,7,8,9,3 7,3 8,3 9,13,5 9,7 8,3 13,4 13,5 13
1 3 4 5 7 8 9 11,0.0614079,14.0146,Yes,N/A,N/A,3,4,5,1 5,7,8,9,1 9,11,1 11,4 9,3 11,4 11,5 11,1 5 11,7 11
3 4 5 7 8 9 11,0.0347313,20.6837,Yes,N/A,N/A,3,4,5,N/A,7,8,9,3 7,11,3 9,4 9,3 11,4 11,5 11,8 9,7 11
1 3 4 5 7 8 9 11 13,0.0334542,21.2453,Yes,N/A,N/A,3,4,5,1 5,7,8,9,1 9,11,1 11,13,1 13,4 11,3 13,4 13,5 13
1 3 4 5 7 8 9 11 12,0.039757,19.7614,Yes,N/A,N/A,3,4,5,1 5,7,8,9,1 9,11,12,1 12,3 11,3 12,4 12,5 12,1 5 12
3 4 5 7 8 9 11 12,0.0200735,28.0548,Yes,N/A,N/A,3,4,5,N/A,7,8,9,3 7,11,12,4 9,3 11,3 12,4 12,5 12,7 11
1 3 4 5 7 8 9 11 12 13,0.0237224,26.627,Yes,N/A,N/A,3,4,5,1 5,7,8,9,1 9,11,12,13,1 13,3 12,3 13,4 13,5 13
3 4 5 7 8 9 12 13,0.0132246,32.3284,Yes,N/A,N/A,3,4,5,N/A,7,8,9,3 7,3 8,12,13,5 9,3 12,3 13,4 13,5 13
1 3 4 5 7 8 9 10,0.0686388,12.6842,Yes,N/A,N/A,3,4,5,1 5,7,8,9,10,1 10,3 9,3 10,4 10,5 10,1 5 10,7 10,8 10
3 4 5 7 8 9 10,0.0416515,18.4228,Yes,N/A,N/A,3,4,5,N/A,7,8,9,10,3 8,3 9,3 10,4 10,5 10,7 9,7 10,8 10
1 3 4 5 7 8 9 10 13,0.0383931,19.6883,Yes,N/A,N/A,3,4,5,1 5,7,8,9,10,1 10,3 9,13,1 13,5 10,3 13,4 13,5 13
1 3 4 5 7 8 9 10 12,0.0454827,17.9965,Yes,N/A,N/A,3,4,5,1 5,7,8,9,10,1 10,12,1 12,4 10,3 12,4 12,5 12,1 5 12
3 4 5 7 8 9 10 12,0.0237265,25.7875,Yes,N/A,N/A,3,4,5,N/A,7,8,9,10,3 8,12,3 10,4 10,3 12,4 12,5 12,8 10
1 3 4 5 7 8 9 10 12 13,0.0269183,25.0428,Yes,N/A,N/A,3,4,5,1 5,7,8,9,10,1 10,12,13,1 13,3 12,3 13,4 13,5 13
3 4 5 7 8 9 10 13,0.0198462,27.1521,Yes,N/A,N/A,3,4,5,N/A,7,8,9,10,3 8,3 9,13,4 10,5 10,3 13,4 13,5 13
1 3 4 5 7 8 9 10 11,0.0518796,16.3276,Yes,N/A,N/A,3,4,5,1 5,7,8,9,10,11,1 11,3 10,3 11,4 11,5 11,1 5 11,7 11
3 4 5 7 8 9 10 11,0.0282031,23.812,Yes,N/A,N/A,3,4,5,N/A,7,8,9,10,11,3 9,3 10,3 11,4 11,5 11,7 10,7 11
1 3 4 5 7 8 9 10 11 13,0.0314279,22.8032,Yes,N/A,N/A,3,4,5,1 5,7,8,9,10,11,1 11,13,1 13,4 11,3 13,4 13,5 13
1 3 4 5 7 8 9 10 11 12,0.0370266,21.0282,Yes,N/A,N/A,3,4,5,1 5,7,8,9,10,11,12,1 12,3 11,3 12,4 12,5 12,1 5 12
3 4 5 7 8 9 10 11 12,0.0180341,30.4546,Yes,N/A,N/A,3,4,5,N/A,7,8,9,10,11,12,3 10,3 11,3 12,4 12,5 12,7 11
1 3 4 5 7 8 9 10 11 12 13,0.0242807,27.0287,Yes,N/A,N/A,3,4,5,1 5,7,8,9,10,11,12,13,1 13,3 12,3 13,4 13,5 13
3 4 5 8 10 12 13,0.0119582,31.2208,Yes,N/A,N/A,3,4,5,N/A,3 4,8,4 5,10,3 8,12,13,4 10,3 12,3 13,4 13,5 13
3 4 5 8 10 11 13,0.0141909,29.7088,Yes,N/A,N/A,3,4,5,N/A,3 4,8,4 5,10,11,4 8,13,3 11,4 11,3 13,4 13,5 13
3 4 5 8 10 11 12 13,0.00949759,36.1078,Yes,N/A,N/A,3,4,5,N/A,3 4,8,4 5,10,11,12,13,3 11,3 12,3 13,4 13,5 13
3 4 5 8 9 11 13,0.012932,32.2043,Yes,N/A,N/A,3,4,5,N/A,3 4,8,9,N/A,11,3 9,13,3 11,4 11,3 13,4 13,5 13
3 4 5 8 9 11 12 13,0.00799371,40.6706,Yes,N/A,N/A,3,4,5,N/A,3 4,8,9,N/A,11,12,13,3 11,3 12,3 13,4 13,5 13
3 4 5 8 9 10 12 13,0.0105921,35.0184,Yes,N/A,N/A,3,4,5,N/A,3 4,8,9,10,3 8,12,13,4 10,3 12,3 13,4 13,5 13
3 4 5 8 9 10 11 13,0.0131532,32.2544,Yes,N/A,N/A,3,4,5,N/A,3 4,8,9,10,11,3 9,13,3 11,4 11,3 13,4 13,5 13
3 4 5 8 9 10 11 12 13,0.00910219,38.8312,Yes,N/A,N/A,3,4,5,N/A,3 4,8,9,10,11,12,13,3 11,3 12,3 13,4 13,5 13
1 3 4 5 6,0.0981489,6.48528,Yes,N/A,N/A,3,4,5,6,1 6,3 5,3 6,4 6,5 6,1 5 6,3 4 6,3 5 6,4 5 6,1 4 5 6,N/A,3 4 5 6
3 4 5 6,0.0795926,7.12495,Yes,N/A,N/A,3,4,5,6,3 4,3 5,3 6,4 6,5 6,3 4 5,3 4 6,3 5 6,4 5 6,N/A,N/A,3 4 5 6
1 3 4 5 6 13,0.0480499,14.2712,Yes,N/A,N/A,3,4,5,6,1 6,3 5,3 6,4 6,5 6,1 5 6,13,1 13,4 5 6,3 13,4 13,5 13
1 3 4 5 6 12,0.0632505,11.9647,Yes,N/A,N/A,3,4,5,6,1 6,3 5,3 6,4 6,5 6,12,1 12,3 5 6,3 12,4 12,5 12,6 12
3 4 5 6 12,0.0384551,14.8344,Yes,N/A,N/A,3,4,5,6,3 4,3 5,3 6,4 6,5 6,12,3 4 6,3 5 6,3 12,4 12,5 12,6 12
1 3 4 5 6 12 13,0.0311181,20.2969,Yes,N/A,N/A,3,4,5,6,1 6,3 5,3 6,4 6,5 6,12,13,1 13,3 12,3 13,4 13,5 13
3 4 5 6 13,0.0289354,16.5286,Yes,N/A,N/A,3,4,5,6,3 4,3 5,3 6,4 6,5 6,3 4 5,13,3 5 6,4 5 6,3 13,4 13,5 13
1 3 4 5 6 11,0.0750225,10.2608,Yes,N/A,N/A,3,4,5,6,1 6,3 5,3 6,4 6,11,1 11,3 4 6,3 11,4 11,5 11,6 11,1 6 11
3 4 5 6 11,0.0475824,13.5319,Yes,N/A,N/A,3,4,5,6,3 4,3 5,3 6,4 6,11,3 4 5,3 4 6,3 11,4 11,5 11,6 11,3 4 11
1 3 4 5 6 11 13,0.0388078,17.336,Yes,N/A,N/A,3,4,5,6,1 6,3 5,3 6,4 6,11,1 11,13,1 13,4 11,3 13,4 13,5 13
1 3 4 5 6 11 12,0.0463994,16.4569,Yes,N/A,N/A,3,4,5,6,1 6,3 5,3 6,4 6,11,12,1 12,3 11,3 12,4 12,5 12,6 12
3 4 5 6 11 12,0.0246511,21.0598,Yes,N/A,N/A,3,4,5,6,3 4,3 5,3 6,4 6,11,12,3 4 6,3 11,3 12,4 12,5 12,6 12
1 3 4 5 6 11 12 13,0.0248472,24.2642,Yes,N/A,N/A,3,4,5,6,1 6,3 5,3 6,4 6,11,12,13,1 13,3 12,3 13,4 13,5 13
3 4 5 6 12 13,0.0162465,24.0846,Yes,N/A,N/A,3,4,5,6,3 4,3 5,3 6,4 6,5 6,12,13,3 5 6,3 12,3 13,4 13,5 13
1 3 4 5 6 10,0.0779187,9.49514,Yes,N/A,N/A,3,4,5,6,1 6,3 5,3 6,10,1 10,1 5 6,3 10,4 10,5 10,6 10,1 6 10,3 5 10
3 4 5 6 10,0.0570307,12.1322,Yes,N/A,N/A,3,4,5,6,3 4,3 5,3 6,10,5 6,3 4 5,3 10,4 10,5 10,6 10,3 4 10,3 5 10
1 3 4 5 6 10 13,0.0379519,17.6939,Yes,N/A,N/A,3,4,5,6,1 6,3 5,3 6,10,1 10,1 5 6,13,1 13,5 10,3 13,4 13,5 13
1 3 4 5 6 10 12,0.0524166,14.4689,Yes,N/A,N/A,3,4,5,6,1 6,3 5,3 6,10,1 10,12,1 12,4 10,3 12,4 12,5 12,6 12
3 4 5 6 10 12,0.0312169,19.1415,Yes,N/A,N/A,3,4,5,6,3 4,3 5,3 6,10,5 6,12,3 10,4 10,3 12,4 12,5 12,6 12
1 3 4 5 6 10 12 13,0.026978,22.706,Yes,N/A,N/A,3,4,5,6,1 6,3 5,3 6,10,1 10,12,13,1 13,3 12,3 13,4 13,5 13
3 4 5 6 10 13,0.0218043,21.7469,Yes,N/A,N/A,3,4,5,6,3 4,3 5,3 6,10,5 6,3 4 5,13,4 10,5 10,3 13,4 13,5 13
1 3 4 5 6 10 11,0.0583203,14.0173,Yes,N/A,N/A,3,4,5,6,1 6,3 5,3 6,10,11,1 11,3 10,3 11,4 11,5 11,6 11,1 6 11
3 4 5 6 10 11,0.0339227,18.6638,Yes,N/A,N/A,3,4,5,6,3 4,3 5,3 6,10,11,3 4 5,3 10,3 11,4 11,5 11,6 11,3 4 11
1 3 4 5 6 10 11 13,0.031116,21.125,Yes,N/A,N/A,3,4,5,6,1 6,3 5,3 6,10,11,1 11,13,1 13,4 11,3 13,4 13,5 13
1 3 4 5 6 10 11 12,0.0382129,19.5995,Yes,N/A,N/A,3,4,5,6,1 6,3 5,3 6,10,11,12,1 12,3 11,3 12,4 12,5 12,6 12
3 4 5 6 10 11 12,0.0196764,25.2129,Yes,N/A,N/A,3,4,5,6,3 4,3 5,3 6,10,11,12,3 10,3 11,3 12,4 12,5 12,6 12
1 3 4 5 6 10 11 12 13,0.0219533,27.0302,Yes,N/A,N/A,3,4,5,6,1 6,3 5,3 6,10,11,12,13,1 13,3 12,3 13,4 13,5 13
3 4 5 6 11 13,0.0189559,22.7928,Yes,N/A,N/A,3,4,5,6,3 4,3 5,3 6,4 6,11,3 4 5,13,3 11,4 11,3 13,4 13,5 13
3 4 5 6 11 12 13,0.0118048,29.4314,Yes,N/A,N/A,3,4,5,6,3 4,3 5,3 6,4 6,11,12,13,3 11,3 12,3 13,4 13,5 13
1 3 4 5 6 9,0.0891296,8.05473,Yes,N/A,N/A,3,4,5,6,1 6,3 5,9,1 9,5 6,3 9,4 9,5 9,6 9,1 6 9,3 5 9,3 6 9
3 4 5 6 9,0.0681467,10.7837,Yes,N/A,N/A,3,4,5,6,3 4,3 5,9,4 6,5 6,3 9,4 9,5 9,6 9,3 4 9,3 5 9,3 6 9
1 3 4 5 6 9 13,0.0442971,15.9073,Yes,N/A,N/A,3,4,5,6,1 6,3 5,9,1 9,5 6,3 9,13,1 13,6 9,3 13,4 13,5 13
1 3 4 5 6 9 12,0.0569589,13.7024,Yes,N/A,N/A,3,4,5,6,1 6,3 5,9,1 9,5 6,12,1 12,5 9,3 12,4 12,5 12,6 12
3 4 5 6 9 12,0.0351222,18.4267,Yes,N/A,N/A,3,4,5,6,3 4,3 5,9,4 6,5 6,12,4 9,5 9,3 12,4 12,5 12,6 12
1 3 4 5 6 9 12 13,0.0287548,22.1512,Yes,N/A,N/A,3,4,5,6,1 6,3 5,9,1 9,5 6,12,13,1 13,3 12,3 13,4 13,5 13
3 4 5 6 9 13,0.0259929,20.2408,Yes,N/A,N/A,3,4,5,6,3 4,3 5,9,4 6,5 6,3 9,13,5 9,6 9,3 13,4 13,5 13
1 3 4 5 6 9 11,0.0673322,12.0162,Yes,N/A,N/A,3,4,5,6,1 6,3 5,9,1 9,11,1 11,4 9,3 11,4 11,5 11,6 11,1 6 11
3 4 5 6 9 11,0.0399956,17.1889,Yes,N/A,N/A,3,4,5,6,3 4,3 5,9,4 6,11,3 9,4 9,3 11,4 11,5 11,6 11,3 4 11
1 3 4 5 6 9 11 13,0.0346849,19.5333,Yes,N/A,N/A,3,4,5,6,1 6,3 5,9,1 9,11,1 11,13,1 13,4 11,3 13,4 13,5 13
1 3 4 5 6 9 11 12,0.0421047,18.0595,Yes,N/A,N/A,3,4,5,6,1 6,3 5,9,1 9,11,12,1 12,3 11,3 12,4 12,5 12,6 12
3 4 5 6 9 11 12,0.0225154,24.0017,Yes,N/A,N/A,3,4,5,6,3 4,3 5,9,4 6,11,12,4 9,3 11,3 12,4 12,5 12,6 12
1 3 4 5 6 9 11 12 13,0.0234439,25.5843,Yes,N/A,N/A,3,4,5,6,1 6,3 5,9,1 9,11,12,13,1 13,3 12,3 13,4 13,5 13
3 4 5 6 9 12 13,0.0151447,27.6836,Yes,N/A,N/A,3,4,5,6,3 4,3 5,9,4 6,5 6,12,13,5 9,3 12,3 13,4 13,5 13
1 3 4 5 6 9 10,0.0725421,11.6728,Yes,N/A,N/A,3,4,5,6,1 6,3 5,9,10,1 10,3 9,3 10,4 10,5 10,6 10,1 6 10,3 5 10
3 4 5 6 9 10,0.0482536,15.7286,Yes,N/A,N/A,3,4,5,6,3 4,3 5,9,10,5 6,3 9,3 10,4 10,5 10,6 10,3 4 10,3 5 10
1 3 4 5 6 9 10 13,0.0369343,19.3219,Yes,N/A,N/A,3,4,5,6,1 6,3 5,9,10,1 10,3 9,13,1 13,5 10,3 13,4 13,5 13
1 3 4 5 6 9 10 12,0.0473128,16.7725,Yes,N/A,N/A,3,4,5,6,1 6,3 5,9,10,1 10,12,1 12,4 10,3 12,4 12,5 12,6 12
3 4 5 6 9 10 12,0.0268556,22.5078,Yes,N/A,N/A,3,4,5,6,3 4,3 5,9,10,5 6,12,3 10,4 10,3 12,4 12,5 12,6 12
1 3 4 5 6 9 10 12 13,0.0255622,24.7205,Yes,N/A,N/A,3,4,5,6,1 6,3 5,9,10,1 10,12,13,1 13,3 12,3 13,4 13,5 13
3 4 5 6 9 10 13,0.0206237,24.7239,Yes,N/A,N/A,3,4,5,6,3 4,3 5,9,10,5 6,3 9,13,4 10,5 10,3 13,4 13,5 13
1 3 4 5 6 9 10 11,0.0529911,15.7012,Yes,N/A,N/A,3,4,5,6,1 6,3 5,9,10,11,1 11,3 10,3 11,4 11,5 11,6 11,1 6 11
3 4 5 6 9 10 11,0.0288662,21.6724,Yes,N/A,N/A,3,4,5,6,3 4,3 5,9,10,11,3 9,3 10,3 11,4 11,5 11,6 11,3 4 11
1 3 4 5 6 9 10 11 13,0.0297823,22.6069,Yes,N/A,N/A,3,4,5,6,1 6,3 5,9,10,11,1 11,13,1 13,4 11,3 13,4 13,5 13
1 3 4 5 6 9 10 11 12,0.0359725,20.946,Yes,N/A,N/A,3,4,5,6,1 6,3 5,9,10,11,12,1 12,3 11,3 12,4 12,5 12,6 12
3 4 5 6 9 10 11 12,0.0184174,27.3698,Yes,N/A,N/A,3,4,5,6,3 4,3 5,9,10,11,12,3 10,3 11,3 12,4 12,5 12,6 12
1 3 4 5 6 9 10 11 12 13,0.0219197,27.803,Yes,N/A,N/A,3,4,5,6,1 6,3 5,9,10,11,12,13,1 13,3 12,3 13,4 13,5 13
3 4 5 6 10 12 13,0.0140789,28.0981,Yes,N/A,N/A,3,4,5,6,3 4,3 5,3 6,10,5 6,12,13,4 10,3 12,3 13,4 13,5 13
3 4 5 6 10 11 13,0.0149113,27.5196,Yes,N/A,N/A,3,4,5,6,3 4,3 5,3 6,10,11,3 4 5,13,3 11,4 11,3 13,4 13,5 13
3 4 5 6 10 11 12 13,0.0103193,33.0106,Yes,N/A,N/A,3,4,5,6,3 4,3 5,3 6,10,11,12,13,3 11,3 12,3 13,4 13,5 13
1 3 4 5 6 8,0.0955153,7.40837,Yes,N/A,N/A,3,4,5,6,1 6,8,1 8,4 6,3 8,4 8,5 8,6 8,1 6 8,3 5 8,3 6 8,4 6 8
3 4 5 6 8,0.0774158,9.99094,Yes,N/A,N/A,3,4,5,6,3 4,8,3 6,4 6,3 8,4 8,5 8,6 8,3 4 8,3 5 8,3 6 8,4 6 8
1 3 4 5 6 8 13,0.0479166,14.8171,Yes,N/A,N/A,3,4,5,6,1 6,8,1 8,4 6,3 8,4 8,13,1 13,1 6 8,3 13,4 13,5 13
1 3 4 5 6 8 12,0.0610155,13.0662,Yes,N/A,N/A,3,4,5,6,1 6,8,1 8,4 6,3 8,12,1 12,6 8,3 12,4 12,5 12,6 12
3 4 5 6 8 12,0.0400001,17.1756,Yes,N/A,N/A,3,4,5,6,3 4,8,3 6,4 6,3 8,12,5 8,6 8,3 12,4 12,5 12,6 12
1 3 4 5 6 8 12 13,0.0316235,20.9652,Yes,N/A,N/A,3,4,5,6,1 6,8,1 8,4 6,3 8,12,13,1 13,3 12,3 13,4 13,5 13
3 4 5 6 8 13,0.0291973,19.4937,Yes,N/A,N/A,3,4,5,6,3 4,8,3 6,4 6,3 8,4 8,13,6 8,3 4 8,3 13,4 13,5 13
1 3 4 5 6 8 11,0.0738783,11.2193,Yes,N/A,N/A,3,4,5,6,1 6,8,1 8,4 6,11,1 11,5 8,3 11,4 11,5 11,6 11,1 6 11
3 4 5 6 8 11,0.048109,15.9075,Yes,N/A,N/A,3,4,5,6,3 4,8,3 6,4 6,11,4 8,5 8,3 11,4 11,5 11,6 11,3 4 11
1 3 4 5 6 8 11 13,0.0370256,19.0732,Yes,N/A,N/A,3,4,5,6,1 6,8,1 8,4 6,11,1 11,13,1 13,4 11,3 13,4 13,5 13
1 3 4 5 6 8 11 12,0.0460265,17.3654,Yes,N/A,N/A,3,4,5,6,1 6,8,1 8,4 6,11,12,1 12,3 11,3 12,4 12,5 12,6 12
3 4 5 6 8 11 12,0.0266845,22.5748,Yes,N/A,N/A,3,4,5,6,3 4,8,3 6,4 6,11,12,5 8,3 11,3 12,4 12,5 12,6 12
1 3 4 5 6 8 11 12 13,0.0253288,24.9965,Yes,N/A,N/A,3,4,5,6,1 6,8,1 8,4 6,11,12,13,1 13,3 12,3 13,4 13,5 13
3 4 5 6 8 12 13,0.0168774,26.4907,Yes,N/A,N/A,3,4,5,6,3 4,8,3 6,4 6,3 8,12,13,6 8,3 12,3 13,4 13,5 13
1 3 4 5 6 8 10,0.0837498,9.75736,Yes,N/A,N/A,3,4,5,6,1 6,8,1 8,10,1 10,4 8,3 10,4 10,5 10,6 10,1 6 10,8 10
3 4 5 6 8 10,0.0592506,13.8103,Yes,N/A,N/A,3,4,5,6,3 4,8,3 6,10,3 8,4 8,3 10,4 10,5 10,6 10,3 4 10,8 10
1 3 4 5 6 8 10 13,0.0426653,17.2652,Yes,N/A,N/A,3,4,5,6,1 6,8,1 8,10,1 10,4 8,13,1 13,5 10,3 13,4 13,5 13
1 3 4 5 6 8 10 12,0.0530411,15.1079,Yes,N/A,N/A,3,4,5,6,1 6,8,1 8,10,1 10,12,1 12,4 10,3 12,4 12,5 12,6 12
3 4 5 6 8 10 12,0.0312031,20.5743,Yes,N/A,N/A,3,4,5,6,3 4,8,3 6,10,3 8,12,3 10,4 10,3 12,4 12,5 12,6 12
1 3 4 5 6 8 10 12 13,0.0289065,22.574,Yes,N/A,N/A,3,4,5,6,1 6,8,1 8,10,1 10,12,13,1 13,3 12,3 13,4 13,5 13
3 4 5 6 8 10 13,0.0237927,23.0951,Yes,N/A,N/A,3,4,5,6,3 4,8,3 6,10,3 8,4 8,13,4 10,5 10,3 13,4 13,5 13
1 3 4 5 6 8 10 11,0.0609152,13.8389,Yes,N/A,N/A,3,4,5,6,1 6,8,1 8,10,11,1 11,3 10,3 11,4 11,5 11,6 11,1 6 11
3 4 5 6 8 10 11,0.0361179,19.066,Yes,N/A,N/A,3,4,5,6,3 4,8,3 6,10,11,4 8,3 10,3 11,4 11,5 11,6 11,3 4 11
1 3 4 5 6 8 10 11 13,0.0328542,21.1383,Yes,N/A,N/A,3,4,5,6,1 6,8,1 8,10,11,1 11,13,1 13,4 11,3 13,4 13,5 13
1 3 4 5 6 8 10 11 12,0.0402905,19.0875,Yes,N/A,N/A,3,4,5,6,1 6,8,1 8,10,11,12,1 12,3 11,3 12,4 12,5 12,6 12
3 4 5 6 8 10 11 12,0.0218128,25.2358,Yes,N/A,N/A,3,4,5,6,3 4,8,3 6,10,11,12,3 10,3 11,3 12,4 12,5 12,6 12
1 3 4 5 6 8 10 11 12 13,0.0240971,25.8871,Yes,N/A,N/A,3,4,5,6,1 6,8,1 8,10,11,12,13,1 13,3 12,3 13,4 13,5 13
3 4 5 6 8 11 13,0.0193079,25.4823,Yes,N/A,N/A,3,4,5,6,3 4,8,3 6,4 6,11,4 8,13,3 11,4 11,3 13,4 13,5 13
3 4 5 6 8 11 12 13,0.0125225,31.6234,Yes,N/A,N/A,3,4,5,6,3 4,8,3 6,4 6,11,12,13,3 11,3 12,3 13,4 13,5 13
1 3 4 5 6 8 9,0.0889639,9.43487,Yes,N/A,N/A,3,4,5,6,1 6,8,9,1 9,3 8,3 9,4 9,5 9,6 9,1 6 9,8 9,1 8 9
3 4 5 6 8 9,0.0649531,13.0203,Yes,N/A,N/A,3,4,5,6,3 4,8,9,4 6,3 8,3 9,4 9,5 9,6 9,3 4 9,8 9,3 6 9
1 3 4 5 6 8 9 13,0.0457444,16.9293,Yes,N/A,N/A,3,4,5,6,1 6,8,9,1 9,3 8,3 9,13,1 13,6 9,3 13,4 13,5 13
1 3 4 5 6 8 9 12,0.0575467,14.7561,Yes,N/A,N/A,3,4,5,6,1 6,8,9,1 9,3 8,12,1 12,5 9,3 12,4 12,5 12,6 12
3 4 5 6 8 9 12,0.0343015,19.7813,Yes,N/A,N/A,3,4,5,6,3 4,8,9,4 6,3 8,12,4 9,5 9,3 12,4 12,5 12,6 12
1 3 4 5 6 8 9 12 13,0.0307972,22.5978,Yes,N/A,N/A,3,4,5,6,1 6,8,9,1 9,3 8,12,13,1 13,3 12,3 13,4 13,5 13
3 4 5 6 8 9 13,0.0266907,22.0404,Yes,N/A,N/A,3,4,5,6,3 4,8,9,4 6,3 8,3 9,13,5 9,6 9,3 13,4 13,5 13
1 3 4 5 6 8 9 11,0.0651891,13.2137,Yes,N/A,N/A,3,4,5,6,1 6,8,9,1 9,11,1 11,4 9,3 11,4 11,5 11,6 11,1 6 11
3 4 5 6 8 9 11,0.0381275,18.9863,Yes,N/A,N/A,3,4,5,6,3 4,8,9,4 6,11,3 9,4 9,3 11,4 11,5 11,6 11,3 4 11
1 3 4 5 6 8 9 11 13,0.0353415,20.5572,Yes,N/A,N/A,3,4,5,6,1 6,8,9,1 9,11,1 11,13,1 13,4 11,3 13,4 13,5 13
1 3 4 5 6 8 9 11 12,0.0431625,18.6319,Yes,N/A,N/A,3,4,5,6,1 6,8,9,1 9,11,12,1 12,3 11,3 12,4 12,5 12,6 12
3 4 5 6 8 9 11 12,0.0230095,25.3465,Yes,N/A,N/A,3,4,5,6,3 4,8,9,4 6,11,12,4 9,3 11,3 12,4 12,5 12,6 12
1 3 4 5 6 8 9 11 12 13,0.0254493,25.7516,Yes,N/A,N/A,3,4,5,6,1 6,8,9,1 9,11,12,13,1 13,3 12,3 13,4 13,5 13
3 4 5 6 8 9 12 13,0.0163422,28.4977,Yes,N/A,N/A,3,4,5,6,3 4,8,9,4 6,3 8,12,13,5 9,3 12,3 13,4 13,5 13
1 3 4 5 6 8 9 10,0.0723318,11.9173,Yes,N/A,N/A,3,4,5,6,1 6,8,9,10,1 10,3 9,3 10,4 10,5 10,6 10,1 6 10,8 10
3 4 5 6 8 9 10,0.044209,17.0359,Yes,N/A,N/A,3,4,5,6,3 4,8,9,10,3 8,3 9,3 10,4 10,5 10,6 10,3 4 10,8 10
1 3 4 5 6 8 9 10 13,0.0400461,18.8754,Yes,N/A,N/A,3,4,5,6,1 6,8,9,10,1 10,3 9,13,1 13,5 10,3 13,4 13,5 13
1 3 4 5 6 8 9 10 12,0.0485521,16.8218,Yes,N/A,N/A,3,4,5,6,1 6,8,9,10,1 10,12,1 12,4 10,3 12,4 12,5 12,6 12
3 4 5 6 8 9 10 12,0.0267435,23.1013,Yes,N/A,N/A,3,4,5,6,3 4,8,9,10,3 8,12,3 10,4 10,3 12,4 12,5 12,6 12
1 3 4 5 6 8 9 10 12 13,0.0285692,23.814,Yes,N/A,N/A,3,4,5,6,1 6,8,9,10,1 10,12,13,1 13,3 12,3 13,4 13,5 13
3 4 5 6 8 9 10 13,0.0210296,25.6144,Yes,N/A,N/A,3,4,5,6,3 4,8,9,10,3 8,3 9,13,4 10,5 10,3 13,4 13,5 13
1 3 4 5 6 8 9 10 11,0.0548517,15.4019,Yes,N/A,N/A,3,4,5,6,1 6,8,9,10,11,1 11,3 10,3 11,4 11,5 11,6 11,1 6 11
3 4 5 6 8 9 10 11,0.0303518,21.6176,Yes,N/A,N/A,3,4,5,6,3 4,8,9,10,11,3 9,3 10,3 11,4 11,5 11,6 11,3 4 11
1 3 4 5 6 8 9 10 11 13,0.0325402,21.9751,Yes,N/A,N/A,3,4,5,6,1 6,8,9,10,11,1 11,13,1 13,4 11,3 13,4 13,5 13
1 3 4 5 6 8 9 10 11 12,0.0391251,19.9985,Yes,N/A,N/A,3,4,5,6,1 6,8,9,10,11,12,1 12,3 11,3 12,4 12,5 12,6 12
3 4 5 6 8 9 10 11 12,0.0202411,26.9696,Yes,N/A,N/A,3,4,5,6,3 4,8,9,10,11,12,3 10,3 11,3 12,4 12,5 12,6 12
1 3 4 5 6 8 9 10 11 12 13,0.0253081,26.0938,Yes,N/A,N/A,3,4,5,6,1 6,8,9,10,11,12,13,1 13,3 12,3 13,4 13,5 13
3 4 5 6 9 11 13,0.0175268,25.9724,Yes,N/A,N/A,3,4,5,6,3 4,3 5,9,4 6,11,3 9,13,3 11,4 11,3 13,4 13,5 13
3 4 5 6 9 11 12 13,0.0114275,32.2497,Yes,N/A,N/A,3,4,5,6,3 4,3 5,9,4 6,11,12,13,3 11,3 12,3 13,4 13,5 13
3 4 5 6 9 10 12 13,0.0131218,31.2382,Yes,N/A,N/A,3,4,5,6,3 4,3 5,9,10,5 6,12,13,4 10,3 12,3 13,4 13,5 13
3 4 5 6 9 10 11 13,0.0142841,30.0082,Yes,N/A,N/A,3,4,5,6,3 4,3 5,9,10,11,3 9,13,3 11,4 11,3 13,4 13,5 13
3 4 5 6 9 10 11 12 13,0.0103025,35.121,Yes,N/A,N/A,3,4,5,6,3 4,3 5,9,10,11,12,13,3 11,3 12,3 13,4 13,5 13
1 3 4 5 6 7,0.104027,6.96942,Yes,N/A,N/A,3,4,5,6,7,1 7,3 6,3 7,4 7,5 7,6 7,1 6 7,3 5 7,3 6 7,4 6 7,5 6 7
3 4 5 6 7,0.0867123,9.34888,Yes,N/A,N/A,3,4,5,6,7,3 5,3 6,3 7,4 7,5 7,6 7,3 4 7,3 5 7,3 6 7,4 6 7,5 6 7
1 3 4 5 6 7 13,0.0525545,13.8647,Yes,N/A,N/A,3,4,5,6,7,1 7,3 6,3 7,4 7,5 7,13,1 13,3 5 7,3 13,4 13,5 13
1 3 4 5 6 7 12,0.0649493,12.4093,Yes,N/A,N/A,3,4,5,6,7,1 7,3 6,3 7,4 7,12,1 12,1 6 7,3 12,4 12,5 12,6 12
3 4 5 6 7 12,0.0418717,16.6362,Yes,N/A,N/A,3,4,5,6,7,3 5,3 6,3 7,4 7,12,6 7,3 4 7,3 12,4 12,5 12,6 12
1 3 4 5 6 7 12 13,0.0341586,19.7241,Yes,N/A,N/A,3,4,5,6,7,1 7,3 6,3 7,4 7,12,13,1 13,3 12,3 13,4 13,5 13
3 4 5 6 7 13,0.0314734,18.5923,Yes,N/A,N/A,3,4,5,6,7,3 5,3 6,3 7,4 7,5 7,13,3 4 7,3 5 7,3 13,4 13,5 13
1 3 4 5 6 7 11,0.0782688,10.831,Yes,N/A,N/A,3,4,5,6,7,1 7,3 6,3 7,11,1 11,6 7,3 11,4 11,5 11,6 11,7 11
3 4 5 6 7 11,0.0532545,15.0178,Yes,N/A,N/A,3,4,5,6,7,3 5,3 6,3 7,11,5 7,6 7,3 11,4 11,5 11,6 11,7 11
1 3 4 5 6 7 11 13,0.0404289,17.7932,Yes,N/A,N/A,3,4,5,6,7,1 7,3 6,3 7,11,1 11,13,1 13,4 11,3 13,4 13,5 13
1 3 4 5 6 7 11 12,0.0477097,16.8916,Yes,N/A,N/A,3,4,5,6,7,1 7,3 6,3 7,11,12,1 12,3 11,3 12,4 12,5 12,6 12
3 4 5 6 7 11 12,0.0264518,22.5415,Yes,N/A,N/A,3,4,5,6,7,3 5,3 6,3 7,11,12,6 7,3 11,3 12,4 12,5 12,6 12
1 3 4 5 6 7 11 12 13,0.0264315,23.9644,Yes,N/A,N/A,3,4,5,6,7,1 7,3 6,3 7,11,12,13,1 13,3 12,3 13,4 13,5 13
3 4 5 6 7 12 13,0.017907,25.3594,Yes,N/A,N/A,3,4,5,6,7,3 5,3 6,3 7,4 7,12,13,3 4 7,3 12,3 13,4 13,5 13
1 3 4 5 6 7 10,0.088263,9.3871,Yes,N/A,N/A,3,4,5,6,7,1 7,3 6,10,1 10,5 7,3 10,4 10,5 10,6 10,7 10,1 7 10
3 4 5 6 7 10,0.0633016,13.1957,Yes,N/A,N/A,3,4,5,6,7,3 5,3 6,10,4 7,5 7,3 10,4 10,5 10,6 10,7 10,3 5 10
1 3 4 5 6 7 10 13,0.0442171,16.9275,Yes,N/A,N/A,3,4,5,6,7,1 7,3 6,10,1 10,5 7,13,1 13,5 10,3 13,4 13,5 13
1 3 4 5 6 7 10 12,0.0557494,14.5701,Yes,N/A,N/A,3,4,5,6,7,1 7,3 6,10,1 10,12,1 12,4 10,3 12,4 12,5 12,6 12
3 4 5 6 7 10 12,0.0331716,19.8377,Yes,N/A,N/A,3,4,5,6,7,3 5,3 6,10,4 7,12,3 10,4 10,3 12,4 12,5 12,6 12
1 3 4 5 6 7 10 12 13,0.0302357,21.8511,Yes,N/A,N/A,3,4,5,6,7,1 7,3 6,10,1 10,12,13,1 13,3 12,3 13,4 13,5 13
3 4 5 6 7 10 13,0.0250959,22.5616,Yes,N/A,N/A,3,4,5,6,7,3 5,3 6,10,4 7,5 7,13,4 10,5 10,3 13,4 13,5 13
1 3 4 5 6 7 10 11,0.0635434,13.4552,Yes,N/A,N/A,3,4,5,6,7,1 7,3 6,10,11,1 11,3 10,3 11,4 11,5 11,6 11,7 11
3 4 5 6 7 10 11,0.037198,19.1375,Yes,N/A,N/A,3,4,5,6,7,3 5,3 6,10,11,5 7,3 10,3 11,4 11,5 11,6 11,7 11
1 3 4 5 6 7 10 11 13,0.0348277,20.4093,Yes,N/A,N/A,3,4,5,6,7,1 7,3 6,10,11,1 11,13,1 13,4 11,3 13,4 13,5 13
1 3 4 5 6 7 10 11 12,0.0414641,18.81,Yes,N/A,N/A,3,4,5,6,7,1 7,3 6,10,11,12,1 12,3 11,3 12,4 12,5 12,6 12
3 4 5 6 7 10 11 12,0.021641,25.7264,Yes,N/A,N/A,3,4,5,6,7,3 5,3 6,10,11,12,3 10,3 11,3 12,4 12,5 12,6 12
1 3 4 5 6 7 10 11 12 13,0.0248346,25.4179,Yes,N/A,N/A,3,4,5,6,7,1 7,3 6,10,11,12,13,1 13,3 12,3 13,4 13,5 13
3 4 5 6 7 11 13,0.0218574,23.9939,Yes,N/A,N/A,3,4,5,6,7,3 5,3 6,3 7,11,5 7,13,3 11,4 11,3 13,4 13,5 13
3 4 5 6 7 11 12 13,0.0127588,30.9206,Yes,N/A,N/A,3,4,5,6,7,3 5,3 6,3 7,11,12,13,3 11,3 12,3 13,4 13,5 13
1 3 4 5 6 7 9,0.0966778,8.38053,Yes,N/A,N/A,3,4,5,6,7,1 7,9,1 9,4 7,3 9,4 9,5 9,6 9,7 9,1 7 9,3 6 9
3 4 5 6 7 9,0.0695046,12.1405,Yes,N/A,N/A,3,4,5,6,7,3 5,9,3 7,4 7,3 9,4 9,5 9,6 9,7 9,3 5 9,3 6 9
1 3 4 5 6 7 9 13,0.0503409,15.5043,Yes,N/A,N/A,3,4,5,6,7,1 7,9,1 9,4 7,3 9,13,1 13,6 9,3 13,4 13,5 13
1 3 4 5 6 7 9 12,0.060998,13.6606,Yes,N/A,N/A,3,4,5,6,7,1 7,9,1 9,4 7,12,1 12,5 9,3 12,4 12,5 12,6 12
3 4 5 6 7 9 12,0.0360028,18.9751,Yes,N/A,N/A,3,4,5,6,7,3 5,9,3 7,4 7,12,4 9,5 9,3 12,4 12,5 12,6 12
1 3 4 5 6 7 9 12 13,0.0332322,20.964,Yes,N/A,N/A,3,4,5,6,7,1 7,9,1 9,4 7,12,13,1 13,3 12,3 13,4 13,5 13
3 4 5 6 7 9 13,0.027847,21.3464,Yes,N/A,N/A,3,4,5,6,7,3 5,9,3 7,4 7,3 9,13,5 9,6 9,3 13,4 13,5 13
1 3 4 5 6 7 9 11,0.0690855,12.2652,Yes,N/A,N/A,3,4,5,6,7,1 7,9,1 9,11,1 11,4 9,3 11,4 11,5 11,6 11,7 11
3 4 5 6 7 9 11,0.0415626,17.6968,Yes,N/A,N/A,3,4,5,6,7,3 5,9,3 7,11,3 9,4 9,3 11,4 11,5 11,6 11,7 11
1 3 4 5 6 7 9 11 13,0.0375636,19.3449,Yes,N/A,N/A,3,4,5,6,7,1 7,9,1 9,11,1 11,13,1 13,4 11,3 13,4 13,5 13
1 3 4 5 6 7 9 11 12,0.0450271,17.6567,Yes,N/A,N/A,3,4,5,6,7,1 7,9,1 9,11,12,1 12,3 11,3 12,4 12,5 12,6 12
3 4 5 6 7 9 11 12,0.024363,24.0251,Yes,N/A,N/A,3,4,5,6,7,3 5,9,3 7,11,12,4 9,3 11,3 12,4 12,5 12,6 12
1 3 4 5 6 7 9 11 12 13,0.026511,24.4716,Yes,N/A,N/A,3,4,5,6,7,1 7,9,1 9,11,12,13,1 13,3 12,3 13,4 13,5 13
3 4 5 6 7 9 12 13,0.0169384,27.6634,Yes,N/A,N/A,3,4,5,6,7,3 5,9,3 7,4 7,12,13,5 9,3 12,3 13,4 13,5 13
1 3 4 5 6 7 9 10,0.0753706,11.2373,Yes,N/A,N/A,3,4,5,6,7,1 7,9,10,1 10,3 9,3 10,4 10,5 10,6 10,7 10,1 7 10
3 4 5 6 7 9 10,0.0483898,15.7827,Yes,N/A,N/A,3,4,5,6,7,3 5,9,10,4 7,3 9,3 10,4 10,5 10,6 10,7 10,3 5 10
1 3 4 5 6 7 9 10 13,0.0414531,18.3058,Yes,N/A,N/A,3,4,5,6,7,1 7,9,10,1 10,3 9,13,1 13,5 10,3 13,4 13,5 13
1 3 4 5 6 7 9 10 12,0.0505023,16.1279,Yes,N/A,N/A,3,4,5,6,7,1 7,9,10,1 10,12,1 12,4 10,3 12,4 12,5 12,6 12
3 4 5 6 7 9 10 12,0.0287021,22.1218,Yes,N/A,N/A,3,4,5,6,7,3 5,9,10,4 7,12,3 10,4 10,3 12,4 12,5 12,6 12
1 3 4 5 6 7 9 10 12 13,0.029616,23.0371,Yes,N/A,N/A,3,4,5,6,7,1 7,9,10,1 10,12,13,1 13,3 12,3 13,4 13,5 13
3 4 5 6 7 9 10 13,0.0224254,24.5943,Yes,N/A,N/A,3,4,5,6,7,3 5,9,10,4 7,3 9,13,4 10,5 10,3 13,4 13,5 13
1 3 4 5 6 7 9 10 11,0.0567861,14.8705,Yes,N/A,N/A,3,4,5,6,7,1 7,9,10,11,1 11,3 10,3 11,4 11,5 11,6 11,7 11
3 4 5 6 7 9 10 11,0.0320525,21.3112,Yes,N/A,N/A,3,4,5,6,7,3 5,9,10,11,3 9,3 10,3 11,4 11,5 11,6 11,7 11
1 3 4 5 6 7 9 10 11 13,0.0336095,21.4209,Yes,N/A,N/A,3,4,5,6,7,1 7,9,10,11,1 11,13,1 13,4 11,3 13,4 13,5 13
1 3 4 5 6 7 9 10 11 12,0.0401378,19.5111,Yes,N/A,N/A,3,4,5,6,7,1 7,9,10,11,12,1 12,3 11,3 12,4 12,5 12,6 12
3 4 5 6 7 9 10 11 12,0.0208182,26.9198,Yes,N/A,N/A,3,4,5,6,7,3 5,9,10,11,12,3 10,3 11,3 12,4 12,5 12,6 12
1 3 4 5 6 7 9 10 11 12 13,0.0257573,25.5797,Yes,N/A,N/A,3,4,5,6,7,1 7,9,10,11,12,13,1 13,3 12,3 13,4 13,5 13
3 4 5 6 7 10 12 13,0.0157501,28.255,Yes,N/A,N/A,3,4,5,6,7,3 5,3 6,10,4 7,12,13,4 10,3 12,3 13,4 13,5 13
3 4 5 6 7 10 11 13,0.0175452,27.7283,Yes,N/A,N/A,3,4,5,6,7,3 5,3 6,10,11,5 7,13,3 11,4 11,3 13,4 13,5 13
3 4 5 6 7 10 11 12 13,0.0117388,33.3623,Yes,N/A,N/A,3,4,5,6,7,3 5,3 6,10,11,12,13,3 11,3 12,3 13,4 13,5 13
1 3 4 5 6 7 8,0.101458,7.8964,Yes,N/A,N/A,3,4,5,6,7,8,1 8,3 7,3 8,4 8,5 8,6 8,7 8,1 7 8,3 6 8,3 7 8
3 4 5 6 7 8,0.077689,10.7517,Yes,N/A,N/A,3,4,5,6,7,8,3 6,3 7,3 8,4 8,5 8,6 8,7 8,3 5 8,3 6 8,3 7 8
1 3 4 5 6 7 8 13,0.0540277,14.8161,Yes,N/A,N/A,3,4,5,6,7,8,1 8,3 7,3 8,4 8,13,1 13,7 8,3 13,4 13,5 13
1 3 4 5 6 7 8 12,0.0649352,13.0331,Yes,N/A,N/A,3,4,5,6,7,8,1 8,3 7,3 8,12,1 12,6 8,3 12,4 12,5 12,6 12
3 4 5 6 7 8 12,0.0394967,17.8274,Yes,N/A,N/A,3,4,5,6,7,8,3 6,3 7,3 8,12,5 8,6 8,3 12,4 12,5 12,6 12
1 3 4 5 6 7 8 12 13,0.0350929,20.446,Yes,N/A,N/A,3,4,5,6,7,8,1 8,3 7,3 8,12,13,1 13,3 12,3 13,4 13,5 13
3 4 5 6 7 8 13,0.0321161,19.3535,Yes,N/A,N/A,3,4,5,6,7,8,3 6,3 7,3 8,4 8,13,6 8,7 8,3 13,4 13,5 13
1 3 4 5 6 7 8 11,0.0748168,11.4119,Yes,N/A,N/A,3,4,5,6,7,8,1 8,3 7,11,1 11,5 8,3 11,4 11,5 11,6 11,7 11
3 4 5 6 7 8 11,0.0465314,16.1283,Yes,N/A,N/A,3,4,5,6,7,8,3 6,3 7,11,4 8,5 8,3 11,4 11,5 11,6 11,7 11
1 3 4 5 6 7 8 11 13,0.0410851,18.3013,Yes,N/A,N/A,3,4,5,6,7,8,1 8,3 7,11,1 11,13,1 13,4 11,3 13,4 13,5 13
1 3 4 5 6 7 8 11 12,0.0487877,16.8123,Yes,N/A,N/A,3,4,5,6,7,8,1 8,3 7,11,12,1 12,3 11,3 12,4 12,5 12,6 12
3 4 5 6 7 8 11 12,0.026869,22.89,Yes,N/A,N/A,3,4,5,6,7,8,3 6,3 7,11,12,5 8,3 11,3 12,4 12,5 12,6 12
1 3 4 5 6 7 8 11 12 13,0.0285398,23.7063,Yes,N/A,N/A,3,4,5,6,7,8,1 8,3 7,11,12,13,1 13,3 12,3 13,4 13,5 13
3 4 5 6 7 8 12 13,0.0184046,26.4505,Yes,N/A,N/A,3,4,5,6,7,8,3 6,3 7,3 8,12,13,6 8,3 12,3 13,4 13,5 13
1 3 4 5 6 7 8 10,0.0820945,10.1484,Yes,N/A,N/A,3,4,5,6,7,8,1 8,10,1 10,4 8,3 10,4 10,5 10,6 10,7 10,8 10
3 4 5 6 7 8 10,0.054678,14.0885,Yes,N/A,N/A,3,4,5,6,7,8,3 6,10,3 8,4 8,3 10,4 10,5 10,6 10,7 10,8 10
1 3 4 5 6 7 8 10 13,0.0455243,17.0389,Yes,N/A,N/A,3,4,5,6,7,8,1 8,10,1 10,4 8,13,1 13,5 10,3 13,4 13,5 13
1 3 4 5 6 7 8 10 12,0.0545543,15.0378,Yes,N/A,N/A,3,4,5,6,7,8,1 8,10,1 10,12,1 12,4 10,3 12,4 12,5 12,6 12
3 4 5 6 7 8 10 12,0.0317097,20.5973,Yes,N/A,N/A,3,4,5,6,7,8,3 6,10,3 8,12,3 10,4 10,3 12,4 12,5 12,6 12
1 3 4 5 6 7 8 10 12 13,0.0318281,21.8274,Yes,N/A,N/A,3,4,5,6,7,8,1 8,10,1 10,12,13,1 13,3 12,3 13,4 13,5 13
3 4 5 6 7 8 10 13,0.0252103,22.7636,Yes,N/A,N/A,3,4,5,6,7,8,3 6,10,3 8,4 8,13,4 10,5 10,3 13,4 13,5 13
1 3 4 5 6 7 8 10 11,0.0616446,13.7887,Yes,N/A,N/A,3,4,5,6,7,8,1 8,10,11,1 11,3 10,3 11,4 11,5 11,6 11,7 11
3 4 5 6 7 8 10 11,0.0371646,18.9192,Yes,N/A,N/A,3,4,5,6,7,8,3 6,10,11,4 8,3 10,3 11,4 11,5 11,6 11,7 11
1 3 4 5 6 7 8 10 11 13,0.0362341,20.3299,Yes,N/A,N/A,3,4,5,6,7,8,1 8,10,11,1 11,13,1 13,4 11,3 13,4 13,5 13
1 3 4 5 6 7 8 10 11 12,0.0431772,18.461,Yes,N/A,N/A,3,4,5,6,7,8,1 8,10,11,12,1 12,3 11,3 12,4 12,5 12,6 12
3 4 5 6 7 8 10 11 12,0.0233364,24.8873,Yes,N/A,N/A,3,4,5,6,7,8,3 6,10,11,12,3 10,3 11,3 12,4 12,5 12,6 12
1 3 4 5 6 7 8 10 11 12 13,0.02741,24.549,Yes,N/A,N/A,3,4,5,6,7,8,1 8,10,11,12,13,1 13,3 12,3 13,4 13,5 13
3 4 5 6 7 8 11 13,0.0219199,24.4839,Yes,N/A,N/A,3,4,5,6,7,8,3 6,3 7,11,4 8,13,3 11,4 11,3 13,4 13,5 13
3 4 5 6 7 8 11 12 13,0.0141078,30.9232,Yes,N/A,N/A,3,4,5,6,7,8,3 6,3 7,11,12,13,3 11,3 12,3 13,4 13,5 13
1 3 4 5 6 7 8 9,0.086752,9.44901,Yes,N/A,N/A,3,4,5,6,7,8,9,1 9,3 8,3 9,4 9,5 9,6 9,7 9,8 9,1 8 9
3 4 5 6 7 8 9,0.0595506,13.2255,Yes,N/A,N/A,3,4,5,6,7,8,9,3 7,3 8,3 9,4 9,5 9,6 9,7 9,8 9,3 6 9
1 3 4 5 6 7 8 9 13,0.0491964,16.1255,Yes,N/A,N/A,3,4,5,6,7,8,9,1 9,3 8,3 9,13,1 13,6 9,3 13,4 13,5 13
1 3 4 5 6 7 8 9 12,0.0594182,14.1322,Yes,N/A,N/A,3,4,5,6,7,8,9,1 9,3 8,12,1 12,5 9,3 12,4 12,5 12,6 12
3 4 5 6 7 8 9 12,0.0348114,19.7334,Yes,N/A,N/A,3,4,5,6,7,8,9,3 7,3 8,12,4 9,5 9,3 12,4 12,5 12,6 12
1 3 4 5 6 7 8 9 12 13,0.0346622,20.9985,Yes,N/A,N/A,3,4,5,6,7,8,9,1 9,3 8,12,13,1 13,3 12,3 13,4 13,5 13
3 4 5 6 7 8 9 13,0.0275391,21.8596,Yes,N/A,N/A,3,4,5,6,7,8,9,3 7,3 8,3 9,13,5 9,6 9,3 13,4 13,5 13
1 3 4 5 6 7 8 9 11,0.0669333,12.6846,Yes,N/A,N/A,3,4,5,6,7,8,9,1 9,11,1 11,4 9,3 11,4 11,5 11,6 11,7 11
3 4 5 6 7 8 9 11,0.0408292,18.0044,Yes,N/A,N/A,3,4,5,6,7,8,9,3 7,11,3 9,4 9,3 11,4 11,5 11,6 11,7 11
1 3 4 5 6 7 8 9 11 13,0.0392714,19.1831,Yes,N/A,N/A,3,4,5,6,7,8,9,1 9,11,1 11,13,1 13,4 11,3 13,4 13,5 13
1 3 4 5 6 7 8 9 11 12,0.0468409,17.3805,Yes,N/A,N/A,3,4,5,6,7,8,9,1 9,11,12,1 12,3 11,3 12,4 12,5 12,6 12
3 4 5 6 7 8 9 11 12,0.0258017,23.8098,Yes,N/A,N/A,3,4,5,6,7,8,9,3 7,11,12,4 9,3 11,3 12,4 12,5 12,6 12
1 3 4 5 6 7 8 9 11 12 13,0.0294886,23.5569,Yes,N/A,N/A,3,4,5,6,7,8,9,1 9,11,12,13,1 13,3 12,3 13,4 13,5 13
3 4 5 6 7 8 9 12 13,0.0179275,27.8911,Yes,N/A,N/A,3,4,5,6,7,8,9,3 7,3 8,12,13,5 9,3 12,3 13,4 13,5 13
1 3 4 5 6 7 8 9 10,0.0733848,11.6034,Yes,N/A,N/A,3,4,5,6,7,8,9,10,1 10,3 9,3 10,4 10,5 10,6 10,7 10,8 10
3 4 5 6 7 8 9 10,0.0471087,16.4231,Yes,N/A,N/A,3,4,5,6,7,8,9,10,3 8,3 9,3 10,4 10,5 10,6 10,7 10,8 10
1 3 4 5 6 7 8 9 10 13,0.0436373,17.9232,Yes,N/A,N/A,3,4,5,6,7,8,9,10,1 10,3 9,13,1 13,5 10,3 13,4 13,5 13
1 3 4 5 6 7 8 9 10 12,0.0520581,15.8899,Yes,N/A,N/A,3,4,5,6,7,8,9,10,1 10,12,1 12,4 10,3 12,4 12,5 12,6 12
3 4 5 6 7 8 9 10 12,0.0293977,22.2286,Yes,N/A,N/A,3,4,5,6,7,8,9,10,3 8,12,3 10,4 10,3 12,4 12,5 12,6 12
1 3 4 5 6 7 8 9 10 12 13,0.0327458,22.001,Yes,N/A,N/A,3,4,5,6,7,8,9,10,1 10,12,13,1 13,3 12,3 13,4 13,5 13
3 4 5 6 7 8 9 10 13,0.0236339,24.5158,Yes,N/A,N/A,3,4,5,6,7,8,9,10,3 8,3 9,13,4 10,5 10,3 13,4 13,5 13
1 3 4 5 6 7 8 9 10 11,0.058481,14.5438,Yes,N/A,N/A,3,4,5,6,7,8,9,10,11,1 11,3 10,3 11,4 11,5 11,6 11,7 11
3 4 5 6 7 8 9 10 11,0.0339098,20.3944,Yes,N/A,N/A,3,4,5,6,7,8,9,10,11,3 9,3 10,3 11,4 11,5 11,6 11,7 11
1 3 4 5 6 7 8 9 10 11 13,0.0370042,20.2995,Yes,N/A,N/A,3,4,5,6,7,8,9,10,11,1 11,13,1 13,4 11,3 13,4 13,5 13
1 3 4 5 6 7 8 9 10 11 12,0.0438073,18.3377,Yes,N/A,N/A,3,4,5,6,7,8,9,10,11,12,1 12,3 11,3 12,4 12,5 12,6 12
3 4 5 6 7 8 9 10 11 12,0.0233605,25.3195,Yes,N/A,N/A,3,4,5,6,7,8,9,10,11,12,3 10,3 11,3 12,4 12,5 12,6 12
1 3 4 5 6 7 8 9 10 11 12 13,0.0299954,23.5204,Yes,N/A,N/A,3,4,5,6,7,8,9,10,11,12,13,1 13,3 12,3 13,4 13,5 13
4 6 8 10 12 13,0.00436811,40.7169,Yes,N/A,N/A,N/A,4,N/A,6,N/A,8,N/A,10,N/A,12,13,4 10,N/A,4 12,4 13,6 12
4 6 8 10 11 13,0.0068273,35.5218,Yes,N/A,N/A,N/A,4,N/A,6,N/A,8,N/A,10,11,4 8,13,4 10,4 11,6 10,4 13,8 10
4 6 8 10 11 12 13,0.00399663,44.2875,Yes,N/A,N/A,N/A,4,N/A,6,N/A,8,N/A,10,11,12,13,4 10,4 11,4 12,4 13,6 12
4 6 8 9 11 13,0.00849835,32.9797,Yes,N/A,N/A,N/A,4,N/A,6,N/A,8,9,4 6,11,4 8,13,6 8,4 11,N/A,4 13,4 6 8
4 6 8 9 11 12 13,0.00534539,40.0682,Yes,N/A,N/A,N/A,4,N/A,6,N/A,8,9,4 6,11,12,13,6 8,4 11,4 12,4 13,6 12
4 6 8 9 10 12 13,0.00494388,42.708,Yes,N/A,N/A,N/A,4,N/A,6,N/A,8,9,10,N/A,12,13,4 10,6 9,4 12,4 13,6 12
4 6 8 9 10 11 13,0.00664794,37.6598,Yes,N/A,N/A,N/A,4,N/A,6,N/A,8,9,10,11,4 8,13,4 10,4 11,6 10,4 13,8 10
4 6 8 9 10 11 12 13,0.00446926,44.6671,Yes,N/A,N/A,N/A,4,N/A,6,N/A,8,9,10,11,12,13,4 10,4 11,4 12,4 13,6 12
4 6 7 9 11 13,0.00647271,36.6938,Yes,N/A,N/A,N/A,4,N/A,6,7,N/A,9,4 6,11,N/A,13,N/A,4 11,7 9,4 13,7 11
4 6 7 9 11 12 13,0.00433248,42.7931,Yes,N/A,N/A,N/A,4,N/A,6,7,N/A,9,4 6,11,12,13,N/A,4 11,4 12,4 13,6 12
4 6 7 9 10 12 13,0.00559459,39.4969,Yes,N/A,N/A,N/A,4,N/A,6,7,N/A,9,10,4 7,12,13,4 10,6 9,4 12,4 13,6 12
4 6 7 9 10 11 13,0.00525917,41.9185,Yes,N/A,N/A,N/A,4,N/A,6,7,N/A,9,10,11,N/A,13,4 10,4 11,6 10,4 13,7 11
4 6 7 9 10 11 12 13,0.00405894,46.0641,Yes,N/A,N/A,N/A,4,N/A,6,7,N/A,9,10,11,12,13,4 10,4 11,4 12,4 13,6 12
4 6 7 8 10 12 13,0.00617542,38.7537,Yes,N/A,N/A,N/A,4,N/A,6,7,8,N/A,10,4 7,12,13,4 10,7 8,4 12,4 13,6 12
4 6 7 8 10 11 13,0.00687291,37.7583,Yes,N/A,N/A,N/A,4,N/A,6,7,8,N/A,10,11,4 8,13,4 10,4 11,6 10,4 13,7 11
4 6 7 8 10 11 12 13,0.00457978,45.0516,Yes,N/A,N/A,N/A,4,N/A,6,7,8,N/A,10,11,12,13,4 10,4 11,4 12,4 13,6 12
4 6 7 8 9 11 13,0.00847049,33.8677,Yes,N/A,N/A,N/A,4,N/A,6,7,8,9,4 6,11,4 8,13,6 8,4 11,7 9,4 13,7 11
4 6 7 8 9 11 12 13,0.00563723,40.246,Yes,N/A,N/A,N/A,4,N/A,6,7,8,9,4 6,11,12,13,6 8,4 11,4 12,4 13,6 12
4 6 7 8 9 10 12 13,0.00654926,38.4296,Yes,N/A,N/A,N/A,4,N/A,6,7,8,9,10,4 7,12,13,4 10,6 9,4 12,4 13,6 12
4 6 7 8 9 10 11 13,0.0070752,37.7919,Yes,N/A,N/A,N/A,4,N/A,6,7,8,9,10,11,4 8,13,4 10,4 11,6 10,4 13,7 11
4 6 7 8 9 10 11 12 13,0.00527419,42.8296,Yes,N/A,N/A,N/A,4,N/A,6,7,8,9,10,11,12,13,4 10,4 11,4 12,4 13,6 12
4 5 7 9 11 13,0.00905705,34.0994,Yes,N/A,N/A,N/A,4,5,N/A,7,N/A,9,N/A,11,5 7,13,5 9,4 11,5 11,4 13,5 13
4 5 7 9 11 12 13,0.00475554,43.3859,Yes,N/A,N/A,N/A,4,5,N/A,7,N/A,9,N/A,11,12,13,5 9,4 11,4 12,4 13,5 13
4 5 7 9 10 12 13,0.00684024,38.3726,Yes,N/A,N/A,N/A,4,5,N/A,7,N/A,9,10,4 7,12,13,4 10,5 10,4 12,4 13,5 13
4 5 7 9 10 11 13,0.00845246,36.727,Yes,N/A,N/A,N/A,4,5,N/A,7,N/A,9,10,11,5 7,13,4 10,4 11,5 11,4 13,5 13
4 5 7 9 10 11 12 13,0.00501623,44.7989,Yes,N/A,N/A,N/A,4,5,N/A,7,N/A,9,10,11,12,13,4 10,4 11,4 12,4 13,5 13
4 5 7 8 10 12 13,0.00748488,35.6702,Yes,N/A,N/A,N/A,4,5,N/A,7,8,4 5,10,4 7,12,13,4 10,5 10,4 12,4 13,5 13
4 5 7 8 10 11 13,0.00930679,33.5067,Yes,N/A,N/A,N/A,4,5,N/A,7,8,4 5,10,11,4 8,13,4 10,4 11,5 11,4 13,5 13
4 5 7 8 10 11 12 13,0.00552978,41.2855,Yes,N/A,N/A,N/A,4,5,N/A,7,8,4 5,10,11,12,13,4 10,4 11,4 12,4 13,5 13
4 5 7 8 9 11 13,0.00885223,36.1198,Yes,N/A,N/A,N/A,4,5,N/A,7,8,9,N/A,11,4 8,13,5 9,4 11,5 11,4 13,5 13
4 5 7 8 9 11 12 13,0.00519079,45.0485,Yes,N/A,N/A,N/A,4,5,N/A,7,8,9,N/A,11,12,13,5 9,4 11,4 12,4 13,5 13
4 5 7 8 9 10 12 13,0.00714411,38.6947,Yes,N/A,N/A,N/A,4,5,N/A,7,8,9,10,4 7,12,13,4 10,5 10,4 12,4 13,5 13
4 5 7 8 9 10 11 13,0.00883313,35.9526,Yes,N/A,N/A,N/A,4,5,N/A,7,8,9,10,11,4 8,13,4 10,4 11,5 11,4 13,5 13
4 5 7 8 9 10 11 12 13,0.00586889,43.1063,Yes,N/A,N/A,N/A,4,5,N/A,7,8,9,10,11,12,13,4 10,4 11,4 12,4 13,5 13
4 5 6 8 10 12 13,0.00868384,34.5371,Yes,N/A,N/A,N/A,4,5,6,N/A,8,4 5,10,5 6,12,13,4 10,5 10,4 12,4 13,5 13
4 5 6 8 10 11 13,0.00929771,33.6491,Yes,N/A,N/A,N/A,4,5,6,N/A,8,4 5,10,11,4 8,13,4 10,4 11,5 11,4 13,5 13
4 5 6 8 10 11 12 13,0.00621303,40.2551,Yes,N/A,N/A,N/A,4,5,6,N/A,8,4 5,10,11,12,13,4 10,4 11,4 12,4 13,5 13
4 5 6 8 9 11 13,0.0105881,32.4779,Yes,N/A,N/A,N/A,4,5,6,N/A,8,9,4 6,11,4 8,13,5 9,4 11,5 11,4 13,5 13
4 5 6 8 9 11 12 13,0.00696632,39.2555,Yes,N/A,N/A,N/A,4,5,6,N/A,8,9,4 6,11,12,13,5 9,4 11,4 12,4 13,5 13
4 5 6 8 9 10 12 13,0.00798404,38.0796,Yes,N/A,N/A,N/A,4,5,6,N/A,8,9,10,5 6,12,13,4 10,5 10,4 12,4 13,5 13
4 5 6 8 9 10 11 13,0.00859494,37.1376,Yes,N/A,N/A,N/A,4,5,6,N/A,8,9,10,11,4 8,13,4 10,4 11,5 11,4 13,5 13
4 5 6 8 9 10 11 12 13,0.00632596,42.8379,Yes,N/A,N/A,N/A,4,5,6,N/A,8,9,10,11,12,13,4 10,4 11,4 12,4 13,5 13
4 5 6 7 9 11 13,0.0108287,32.7234,Yes,N/A,N/A,N/A,4,5,6,7,N/A,9,4 6,11,5 7,13,5 9,4 11,5 11,4 13,5 13
4 5 6 7 9 11 12 13,0.00653661,40.4086,Yes,N/A,N/A,N/A,4,5,6,7,N/A,9,4 6,11,12,13,5 9,4 11,4 12,4 13,5 13
4 5 6 7 9 10 12 13,0.00809094,37.7575,Yes,N/A,N/A,N/A,4,5,6,7,N/A,9,10,4 7,12,13,4 10,5 10,4 12,4 13,5 13
4 5 6 7 9 10 11 13,0.00894761,37.3747,Yes,N/A,N/A,N/A,4,5,6,7,N/A,9,10,11,5 7,13,4 10,4 11,5 11,4 13,5 13
4 5 6 7 9 10 11 12 13,0.00615377,44.0574,Yes,N/A,N/A,N/A,4,5,6,7,N/A,9,10,11,12,13,4 10,4 11,4 12,4 13,5 13
4 5 6 7 8 10 12 13,0.00944371,33.8693,Yes,N/A,N/A,N/A,4,5,6,7,8,4 5,10,4 7,12,13,4 10,5 10,4 12,4 13,5 13
4 5 6 7 8 10 11 13,0.0106346,32.8475,Yes,N/A,N/A,N/A,4,5,6,7,8,4 5,10,11,4 8,13,4 10,4 11,5 11,4 13,5 13
4 5 6 7 8 10 11 12 13,0.00723542,38.6825,Yes,N/A,N/A,N/A,4,5,6,7,8,4 5,10,11,12,13,4 10,4 11,4 12,4 13,5 13
4 5 6 7 8 9 11 13,0.0122444,31.2663,Yes,N/A,N/A,N/A,4,5,6,7,8,9,4 6,11,4 8,13,5 9,4 11,5 11,4 13,5 13
4 5 6 7 8 9 11 12 13,0.00807168,37.6201,Yes,N/A,N/A,N/A,4,5,6,7,8,9,4 6,11,12,13,5 9,4 11,4 12,4 13,5 13
4 5 6 7 8 9 10 12 13,0.00957138,34.8998,Yes,N/A,N/A,N/A,4,5,6,7,8,9,10,4 7,12,13,4 10,5 10,4 12,4 13,5 13
4 5 6 7 8 9 10 11 13,0.0108187,33.7086,Yes,N/A,N/A,N/A,4,5,6,7,8,9,10,11,4 8,13,4 10,4 11,5 11,4 13,5 13
4 5 6 7 8 9 10 11 12 13,0.00798909,38.6888,Yes,N/A,N/A,N/A,4,5,6,7,8,9,10,11,12,13,4 10,4 11,4 12,4 13,5 13
1 2,0.00462963,2.98611,Yes,N/A,2,1 2,N/A,N/A,N/A,N/A,N/A,N/A,N/A,N/A,N/A,N/A,N/A,N/A,N/A,N/A,N/A
2,0,2,Yes,N/A,2,N/A,N/A,N/A,N/A,N/A,N/A,N/A,N/A,N/A,N/A,N/A,N/A,N/A,N/A,N/A,N/A
1 2 13,0.036394,12.5962,Yes,N/A,2,1 2,N/A,N/A,N/A,N/A,N/A,N/A,N/A,N/A,N/A,13,1 13,2 13,1 2 13,N/A,N/A
1 2 12,0.058942,10.6471,Yes,N/A,2,1 2,N/A,N/A,N/A,N/A,N/A,N/A,N/A,N/A,12,1 12,2 12,1 2 12,N/A,N/A,N/A
2 12,0.0694444,11.6389,Yes,N/A,2,N/A,N/A,N/A,N/A,N/A,N/A,N/A,N/A,N/A,12,N/A,2 12,N/A,N/A,N/A,N/A
1 2 12 13,0.0234786,22.0652,Yes,N/A,2,1 2,N/A,N/A,N/A,N/A,N/A,N/A,N/A,N/A,12,13,1 13,2 13,1 2 13,N/A,N/A
2 13,0.0462963,13.0417,Yes,N/A,2,N/A,N/A,N/A,N/A,N/A,N/A,N/A,N/A,N/A,N/A,13,N/A,2 13,N/A,N/A,N/A
1 2 11,0.0868056,8.96181,Yes,N/A,2,1 2,N/A,N/A,N/A,N/A,N/A,N/A,N/A,11,1 11,2 11,1 2 11,N/A,N/A,N/A,N/A
2 11,0.0972222,10.3611,Yes,N/A,2,N/A,N/A,N/A,N/A,N/A,N/A,N/A,N/A,11,N/A,2 11,N/A,N/A,N/A,N/A,N/A
1 2 11 13,0.0350062,19.3413,Yes,N/A,2,1 2,N/A,N/A,N/A,N/A,N/A,N/A,N/A,11,1 11,13,1 13,2 13,1 2 13,N/A,N/A
1 2 11 12,0.0422722,18.6365,Yes,N/A,2,1 2,N/A,N/A,N/A,N/A,N/A,N/A,N/A,11,12,1 12,2 12,1 2 12,N/A,N/A,N/A
2 11 12,0.0398663,19.1689,Yes,N/A,2,N/A,N/A,N/A,N/A,N/A,N/A,N/A,N/A,11,12,2 11,2 12,N/A,N/A,N/A,N/A
1 2 11 12 13,0.0166763,29.7657,Yes,N/A,2,1 2,N/A,N/A,N/A,N/A,N/A,N/A,N/A,11,12,13,1 13,2 13,1 2 13,N/A,N/A
2 12 13,0.0242198,22.0723,Yes,N/A,2,N/A,N/A,N/A,N/A,N/A,N/A,N/A,N/A,N/A,12,13,2 12,2 13,N/A,N/A,N/A
1 2 10,0.11767,7.68152,Yes,N/A,2,1 2,N/A,N/A,N/A,N/A,N/A,N/A,10,1 10,2 10,1 2 10,N/A,N/A,N/A,N/A,N/A
2 10,0.115741,9.36111,Yes,N/A,2,N/A,N/A,N/A,N/A,N/A,N/A,N/A,10,N/A,2 10,N/A,N/A,N/A,N/A,N/A,N/A
1 2 10 13,0.0500632,16.7958,Yes,N/A,2,1 2,N/A,N/A,N/A,N/A,N/A,N/A,10,1 10,2 10,13,1 13,2 13,1 2 13,N/A,N/A
1 2 10 12,0.0569684,16.075,Yes,N/A,2,1 2,N/A,N/A,N/A,N/A,N/A,N/A,10,1 10,12,1 12,2 12,1 2 12,N/A,N/A,N/A
2 10 12,0.030757,19.7015,Yes,N/A,2,N/A,N/A,N/A,N/A,N/A,N/A,N/A,10,N/A,12,N/A,2 12,N/A,N/A,N/A,N/A
1 2 10 12 13,0.0229621,26.6155,Yes,N/A,2,1 2,N/A,N/A,N/A,N/A,N/A,N/A,10,1 10,12,13,1 13,2 13,1 2 13,N/A,N/A
2 10 13,0.0340792,19.6973,Yes,N/A,2,N/A,N/A,N/A,N/A,N/A,N/A,N/A,10,N/A,2 10,13,N/A,2 13,N/A,N/A,N/A
1 2 10 11,0.0619588,15.7784,Yes,N/A,2,1 2,N/A,N/A,N/A,N/A,N/A,N/A,10,11,1 11,2 11,1 2 11,N/A,N/A,N/A,N/A
2 10 11,0.0532407,16.7818,Yes,N/A,2,N/A,N/A,N/A,N/A,N/A,N/A,N/A,10,11,2 10,2 11,N/A,N/A,N/A,N/A,N/A
1 2 10 11 13,0.0275134,25.3158,Yes,N/A,2,1 2,N/A,N/A,N/A,N/A,N/A,N/A,10,11,1 11,13,1 13,2 13,1 2 13,N/A,N/A
1 2 10 11 12,0.0297055,24.9532,Yes,N/A,2,1 2,N/A,N/A,N/A,N/A,N/A,N/A,10,11,12,1 12,2 12,1 2 12,N/A,N/A,N/A
2 10 11 12,0.0199733,26.2715,Yes,N/A,2,N/A,N/A,N/A,N/A,N/A,N/A,N/A,10,11,12,2 11,2 12,N/A,N/A,N/A,N/A
1 2 10 11 12 13,0.0137247,35.4629,Yes,N/A,2,1 2,N/A,N/A,N/A,N/A,N/A,N/A,10,11,12,13,1 13,2 13,1 2 13,N/A,N/A
2 11 13,0.0210262,22.1017,Yes,N/A,2,N/A,N/A,N/A,N/A,N/A,N/A,N/A,N/A,11,N/A,13,N/A,2 13,N/A,N/A,N/A
2 11 12 13,0.0123644,30.3246,Yes,N/A,2,N/A,N/A,N/A,N/A,N/A,N/A,N/A,N/A,11,12,13,2 12,2 13,N/A,N/A,N/A
1 2 9,0.137646,6.90329,Yes,N/A,2,1 2,N/A,N/A,N/A,N/A,N/A,9,1 9,2 9,1 2 9,N/A,N/A,N/A,N/A,N/A,N/A
2 9,0.125,8.58333,Yes,N/A,2,N/A,N/A,N/A,N/A,N/A,N/A,9,N/A,2 9,N/A,N/A,N/A,N/A,N/A,N/A,N/A
1 2 9 13,0.06402,14.6779,Yes,N/A,2,1 2,N/A,N/A,N/A,N/A,N/A,9,1 9,2 9,1 2 9,13,1 13,2 13,1 2 13,N/A,N/A
1 2 9 12,0.0736531,13.8209,Yes,N/A,2,1 2,N/A,N/A,N/A,N/A,N/A,9,1 9,2 9,12,1 12,2 12,1 2 12,N/A,N/A,N/A
2 9 12,0.0450103,17.4233,Yes,N/A,2,N/A,N/A,N/A,N/A,N/A,N/A,9,N/A,2 9,12,N/A,2 12,N/A,N/A,N/A,N/A
1 2 9 12 13,0.0304694,23.7859,Yes,N/A,2,1 2,N/A,N/A,N/A,N/A,N/A,9,1 9,2 9,12,13,1 13,2 13,1 2 13,N/A,N/A
2 9 13,0.0350223,18.9572,Yes,N/A,2,N/A,N/A,N/A,N/A,N/A,N/A,9,N/A,2 9,N/A,13,N/A,2 13,N/A,N/A,N/A
1 2 9 11,0.0760727,13.5551,Yes,N/A,2,1 2,N/A,N/A,N/A,N/A,N/A,9,1 9,11,1 11,2 11,1 2 11,N/A,N/A,N/A,N/A
2 9 11,0.0381301,17.6107,Yes,N/A,2,N/A,N/A,N/A,N/A,N/A,N/A,9,N/A,11,N/A,2 11,N/A,N/A,N/A,N/A,N/A
1 2 9 11 13,0.032533,22.7125,Yes,N/A,2,1 2,N/A,N/A,N/A,N/A,N/A,9,1 9,11,1 11,13,1 13,2 13,1 2 13,N/A,N/A
1 2 9 11 12,0.037346,22.0652,Yes,N/A,2,1 2,N/A,N/A,N/A,N/A,N/A,9,1 9,11,12,1 12,2 12,1 2 12,N/A,N/A,N/A
2 9 11 12,0.0192678,25.6268,Yes,N/A,2,N/A,N/A,N/A,N/A,N/A,N/A,9,N/A,11,12,2 11,2 12,N/A,N/A,N/A,N/A
1 2 9 11 12 13,0.0175018,31.9175,Yes,N/A,2,1 2,N/A,N/A,N/A,N/A,N/A,9,1 9,11,12,13,1 13,2 13,1 2 13,N/A,N/A
2 9 12 13,0.0168491,26.8981,Yes,N/A,2,N/A,N/A,N/A,N/A,N/A,N/A,9,N/A,2 9,12,13,2 12,2 13,N/A,N/A,N/A
1 2 9 10,0.0745367,13.7313,Yes,N/A,2,1 2,N/A,N/A,N/A,N/A,N/A,9,10,1 10,2 10,1 2 10,N/A,N/A,N/A,N/A,N/A
2 9 10,0.0580418,15.0601,Yes,N/A,2,N/A,N/A,N/A,N/A,N/A,N/A,9,10,2 9,2 10,N/A,N/A,N/A,N/A,N/A,N/A
1 2 9 10 13,0.0376888,21.4511,Yes,N/A,2,1 2,N/A,N/A,N/A,N/A,N/A,9,10,1 10,2 10,13,1 13,2 13,1 2 13,N/A,N/A
1 2 9 10 12,0.0405118,21.0176,Yes,N/A,2,1 2,N/A,N/A,N/A,N/A,N/A,9,10,1 10,12,1 12,2 12,1 2 12,N/A,N/A,N/A
2 9 10 12,0.0215302,24.5423,Yes,N/A,2,N/A,N/A,N/A,N/A,N/A,N/A,9,10,2 9,12,N/A,2 12,N/A,N/A,N/A,N/A
1 2 9 10 12 13,0.0198501,30.4585,Yes,N/A,2,1 2,N/A,N/A,N/A,N/A,N/A,9,10,1 10,12,13,1 13,2 13,1 2 13,N/A,N/A
2 9 10 13,0.0209476,24.401,Yes,N/A,2,N/A,N/A,N/A,N/A,N/A,N/A,9,10,2 9,2 10,13,N/A,2 13,N/A,N/A,N/A
1 2 9 10 11,0.0395759,21.2143,Yes,N/A,2,1 2,N/A,N/A,N/A,N/A,N/A,9,10,11,1 11,2 11,1 2 11,N/A,N/A,N/A,N/A
2 9 10 11,0.0243457,23.107,Yes,N/A,2,N/A,N/A,N/A,N/A,N/A,N/A,9,10,11,2 10,2 11,N/A,N/A,N/A,N/A,N/A
1 2 9 10 11 13,0.0213172,29.4782,Yes,N/A,2,1 2,N/A,N/A,N/A,N/A,N/A,9,10,11,1 11,13,1 13,2 13,1 2 13,N/A,N/A
1 2 9 10 11 12,0.0222504,29.5024,Yes,N/A,2,1 2,N/A,N/A,N/A,N/A,N/A,9,10,11,12,1 12,2 12,1 2 12,N/A,N/A,N/A
2 9 10 11 12,0.0119596,31.7879,Yes,N/A,2,N/A,N/A,N/A,N/A,N/A,N/A,9,10,11,12,2 11,2 12,N/A,N/A,N/A,N/A
1 2 9 10 11 12 13,0.012453,38.8949,Yes,N/A,2,1 2,N/A,N/A,N/A,N/A,N/A,9,10,11,12,13,1 13,2 13,1 2 13,N/A,N/A
2 10 12 13,0.0129896,29.452,Yes,N/A,2,N/A,N/A,N/A,N/A,N/A,N/A,N/A,10,N/A,12,13,2 12,2 13,N/A,N/A,N/A
2 10 11 13,0.0163243,27.7972,Yes,N/A,2,N/A,N/A,N/A,N/A,N/A,N/A,N/A,10,11,2 10,13,N/A,2 13,N/A,N/A,N/A
2 10 11 12 13,0.00813579,36.7783,Yes,N/A,2,N/A,N/A,N/A,N/A,N/A,N/A,N/A,10,11,12,13,2 12,2 13,N/A,N/A,N/A
1 2 8,0.146734,6.51588,Yes,N/A,2,1 2,N/A,N/A,N/A,N/A,8,1 8,2 8,1 2 8,N/A,N/A,N/A,N/A,N/A,N/A,N/A
2 8,0.125,7.97222,Yes,N/A,2,N/A,N/A,N/A,N/A,N/A,8,N/A,2 8,N/A,N/A,N/A,N/A,N/A,N/A,N/A,N/A
1 2 8 13,0.0635985,14.4758,Yes,N/A,2,1 2,N/A,N/A,N/A,N/A,8,1 8,2 8,1 2 8,N/A,13,1 13,2 13,1 2 13,N/A,N/A
1 2 8 12,0.0857035,12.1274,Yes,N/A,2,1 2,N/A,N/A,N/A,N/A,8,1 8,2 8,1 2 8,12,1 12,2 12,1 2 12,N/A,N/A,N/A
2 8 12,0.0424383,16.9192,Yes,N/A,2,N/A,N/A,N/A,N/A,N/A,8,N/A,2 8,N/A,12,N/A,2 12,N/A,N/A,N/A,N/A
1 2 8 12 13,0.0331438,21.8955,Yes,N/A,2,1 2,N/A,N/A,N/A,N/A,8,1 8,2 8,1 2 8,12,13,1 13,2 13,1 2 13,N/A,N/A
2 8 13,0.0333076,18.4324,Yes,N/A,2,N/A,N/A,N/A,N/A,N/A,8,N/A,2 8,N/A,N/A,13,N/A,2 13,N/A,N/A,N/A
1 2 8 11,0.089265,11.7346,Yes,N/A,2,1 2,N/A,N/A,N/A,N/A,8,1 8,2 8,11,1 11,2 11,1 2 11,N/A,N/A,N/A,N/A
2 8 11,0.0501543,15.5758,Yes,N/A,2,N/A,N/A,N/A,N/A,N/A,8,N/A,2 8,11,N/A,2 11,N/A,N/A,N/A,N/A,N/A
1 2 8 11 13,0.03857,20.4312,Yes,N/A,2,1 2,N/A,N/A,N/A,N/A,8,1 8,2 8,11,1 11,13,1 13,2 13,1 2 13,N/A,N/A
1 2 8 11 12,0.044978,19.6535,Yes,N/A,2,1 2,N/A,N/A,N/A,N/A,8,1 8,2 8,11,12,1 12,2 12,1 2 12,N/A,N/A,N/A
2 8 11 12,0.0224784,23.3573,Yes,N/A,2,N/A,N/A,N/A,N/A,N/A,8,N/A,2 8,11,12,2 11,2 12,N/A,N/A,N/A,N/A
1 2 8 11 12 13,0.0207431,29.0852,Yes,N/A,2,1 2,N/A,N/A,N/A,N/A,8,1 8,2 8,11,12,13,1 13,2 13,1 2 13,N/A,N/A
2 8 12 13,0.0155035,26.518,Yes,N/A,2,N/A,N/A,N/A,N/A,N/A,8,N/A,2 8,N/A,12,13,2 12,2 13,N/A,N/A,N/A
1 2 8 10,0.0836816,11.8701,Yes,N/A,2,1 2,N/A,N/A,N/A,N/A,8,1 8,10,1 10,2 10,1 2 10,N/A,N/A,N/A,N/A,8 10
2 8 10,0.0381301,15.8999,Yes,N/A,2,N/A,N/A,N/A,N/A,N/A,8,N/A,10,N/A,2 10,N/A,N/A,N/A,N/A,N/A,8 10
1 2 8 10 13,0.0399381,19.3703,Yes,N/A,2,1 2,N/A,N/A,N/A,N/A,8,1 8,10,1 10,2 10,13,1 13,2 13,1 2 13,N/A,8 10
1 2 8 10 12,0.0441973,18.8109,Yes,N/A,2,1 2,N/A,N/A,N/A,N/A,8,1 8,10,1 10,12,1 12,2 12,1 2 12,N/A,N/A,8 10
2 8 10 12,0.0150392,25.8275,Yes,N/A,2,N/A,N/A,N/A,N/A,N/A,8,N/A,10,N/A,12,N/A,2 12,N/A,N/A,N/A,8 10
1 2 8 10 12 13,0.0214692,27.7504,Yes,N/A,2,1 2,N/A,N/A,N/A,N/A,8,1 8,10,1 10,12,13,1 13,2 13,1 2 13,N/A,8 10
2 8 10 13,0.0149257,25.6803,Yes,N/A,2,N/A,N/A,N/A,N/A,N/A,8,N/A,10,N/A,2 10,13,N/A,2 13,N/A,N/A,8 10
1 2 8 10 11,0.0463213,18.6989,Yes,N/A,2,1 2,N/A,N/A,N/A,N/A,8,1 8,10,11,1 11,2 11,1 2 11,N/A,N/A,N/A,8 10
2 8 10 11,0.0222881,22.5514,Yes,N/A,2,N/A,N/A,N/A,N/A,N/A,8,N/A,10,11,2 10,2 11,N/A,N/A,N/A,N/A,8 10
1 2 8 10 11 13,0.0238549,26.6585,Yes,N/A,2,1 2,N/A,N/A,N/A,N/A,8,1 8,10,11,1 11,13,1 13,2 13,1 2 13,N/A,8 10
1 2 8 10 11 12,0.0264169,26.2793,Yes,N/A,2,1 2,N/A,N/A,N/A,N/A,8,1 8,10,11,12,1 12,2 12,1 2 12,N/A,N/A,8 10
2 8 10 11 12,0.0110338,31.331,Yes,N/A,2,N/A,N/A,N/A,N/A,N/A,8,N/A,10,11,12,2 11,2 12,N/A,N/A,N/A,8 10
1 2 8 10 11 12 13,0.0145085,35.0559,Yes,N/A,2,1 2,N/A,N/A,N/A,N/A,8,1 8,10,11,12,13,1 13,2 13,1 2 13,N/A,8 10
2 8 11 13,0.0152472,26.6849,Yes,N/A,2,N/A,N/A,N/A,N/A,N/A,8,N/A,2 8,11,N/A,13,N/A,2 13,N/A,N/A,N/A
2 8 11 12 13,0.00902811,33.5607,Yes,N/A,2,N/A,N/A,N/A,N/A,N/A,8,N/A,2 8,11,12,13,2 12,2 13,N/A,N/A,N/A
1 2 8 9,0.0739687,12.2353,Yes,N/A,2,1 2,N/A,N/A,N/A,N/A,8,9,1 9,2 9,1 2 9,N/A,N/A,N/A,N/A,8 9,1 8 9
2 8 9,0.0532407,13.6224,Yes,N/A,2,N/A,N/A,N/A,N/A,N/A,8,9,2 8,2 9,N/A,N/A,N/A,N/A,N/A,8 9,N/A
1 2 8 9 13,0.0397343,18.4929,Yes,N/A,2,1 2,N/A,N/A,N/A,N/A,8,9,1 9,2 9,1 2 9,13,1 13,2 13,1 2 13,8 9,1 8 9
1 2 8 9 12,0.0485401,17.4828,Yes,N/A,2,1 2,N/A,N/A,N/A,N/A,8,9,1 9,2 9,12,1 12,2 12,1 2 12,N/A,8 9,1 8 9
2 8 9 12,0.025104,21.3789,Yes,N/A,2,N/A,N/A,N/A,N/A,N/A,8,9,2 8,2 9,12,N/A,2 12,N/A,N/A,8 9,N/A
1 2 8 9 12 13,0.0237746,26.1621,Yes,N/A,2,1 2,N/A,N/A,N/A,N/A,8,9,1 9,2 9,12,13,1 13,2 13,1 2 13,8 9,1 8 9
2 8 9 13,0.0199403,23.089,Yes,N/A,2,N/A,N/A,N/A,N/A,N/A,8,9,2 8,2 9,N/A,13,N/A,2 13,N/A,8 9,N/A
1 2 8 9 11,0.0483486,17.5802,Yes,N/A,2,1 2,N/A,N/A,N/A,N/A,8,9,1 9,11,1 11,2 11,1 2 11,N/A,N/A,8 9,1 8 9
2 8 9 11,0.0246726,21.7355,Yes,N/A,2,N/A,N/A,N/A,N/A,N/A,8,9,2 8,11,N/A,2 11,N/A,N/A,N/A,8 9,N/A
1 2 8 9 11 13,0.0254665,25.1781,Yes,N/A,2,1 2,N/A,N/A,N/A,N/A,8,9,1 9,11,1 11,13,1 13,2 13,1 2 13,8 9,1 8 9
1 2 8 9 11 12,0.0290214,24.663,Yes,N/A,2,1 2,N/A,N/A,N/A,N/A,8,9,1 9,11,12,1 12,2 12,1 2 12,N/A,8 9,1 8 9
2 8 9 11 12,0.0141776,28.2111,Yes,N/A,2,N/A,N/A,N/A,N/A,N/A,8,9,2 8,11,12,2 11,2 12,N/A,N/A,8 9,N/A
1 2 8 9 11 12 13,0.0160677,33.0237,Yes,N/A,2,1 2,N/A,N/A,N/A,N/A,8,9,1 9,11,12,13,1 13,2 13,1 2 13,8 9,1 8 9
2 8 9 12 13,0.0114687,29.5185,Yes,N/A,2,N/A,N/A,N/A,N/A,N/A,8,9,2 8,2 9,12,13,2 12,2 13,N/A,8 9,N/A
1 2 8 9 10,0.0443046,18.2763,Yes,N/A,2,1 2,N/A,N/A,N/A,N/A,8,9,10,1 10,2 10,1 2 10,N/A,N/A,N/A,8 9,8 10
2 8 9 10,0.0267266,20.5239,Yes,N/A,2,N/A,N/A,N/A,N/A,N/A,8,9,10,2 9,2 10,N/A,N/A,N/A,N/A,8 9,8 10
1 2 8 9 10 13,0.0267534,24.2916,Yes,N/A,2,1 2,N/A,N/A,N/A,N/A,8,9,10,1 10,2 10,13,1 13,2 13,1 2 13,8 9,8 10
1 2 8 9 10 12,0.0294677,23.9429,Yes,N/A,2,1 2,N/A,N/A,N/A,N/A,8,9,10,1 10,12,1 12,2 12,1 2 12,N/A,8 9,8 10
2 8 9 10 12,0.0127913,29.2314,Yes,N/A,2,N/A,N/A,N/A,N/A,N/A,8,9,10,2 9,12,N/A,2 12,N/A,N/A,8 9,8 10
1 2 8 9 10 12 13,0.0170101,31.8126,Yes,N/A,2,1 2,N/A,N/A,N/A,N/A,8,9,10,1 10,12,13,1 13,2 13,1 2 13,8 9,8 10
2 8 9 10 13,0.0121626,28.8885,Yes,N/A,2,N/A,N/A,N/A,N/A,N/A,8,9,10,2 9,2 10,13,N/A,2 13,N/A,8 9,8 10
1 2 8 9 10 11,0.0284381,24.6625,Yes,N/A,2,1 2,N/A,N/A,N/A,N/A,8,9,10,11,1 11,2 11,1 2 11,N/A,N/A,8 9,8 10
2 8 9 10 11,0.0149284,27.6381,Yes,N/A,2,N/A,N/A,N/A,N/A,N/A,8,9,10,11,2 10,2 11,N/A,N/A,N/A,8 9,8 10
1 2 8 9 10 11 13,0.0179494,31.138,Yes,N/A,2,1 2,N/A,N/A,N/A,N/A,8,9,10,11,1 11,13,1 13,2 13,1 2 13,8 9,8 10
1 2 8 9 10 11 12,0.0191534,31.4115,Yes,N/A,2,1 2,N/A,N/A,N/A,N/A,8,9,10,11,12,1 12,2 12,1 2 12,N/A,8 9,8 10
2 8 9 10 11 12,0.00884996,35.1509,Yes,N/A,2,N/A,N/A,N/A,N/A,N/A,8,9,10,11,12,2 11,2 12,N/A,N/A,8 9,8 10
1 2 8 9 10 11 12 13,0.0123766,39.0698,Yes,N/A,2,1 2,N/A,N/A,N/A,N/A,8,9,10,11,12,13,1 13,2 13,1 2 13,8 9,8 10
2 9 11 13,0.0118581,28.9914,Yes,N/A,2,N/A,N/A,N/A,N/A,N/A,N/A,9,N/A,11,N/A,13,N/A,2 13,N/A,N/A,N/A
2 9 11 12 13,0.00783413,36.1857,Yes,N/A,2,N/A,N/A,N/A,N/A,N/A,N/A,9,N/A,11,12,13,2 12,2 13,N/A,N/A,N/A
2 9 10 12 13,0.0102334,32.9347,Yes,N/A,2,N/A,N/A,N/A,N/A,N/A,N/A,9,10,2 9,12,13,2 12,2 13,N/A,N/A,N/A
2 9 10 11 13,0.00983618,33.4724,Yes,N/A,2,N/A,N/A,N/A,N/A,N/A,N/A,9,10,11,2 10,13,N/A,2 13,N/A,N/A,N/A
2 9 10 11 12 13,0.00602687,41.3756,Yes,N/A,2,N/A,N/A,N/A,N/A,N/A,N/A,9,10,11,12,13,2 12,2 13,N/A,N/A,N/A
1 2 7,0.144933,6.40805,Yes,N/A,2,1 2,N/A,N/A,N/A,7,1 7,2 7,1 2 7,N/A,N/A,N/A,N/A,N/A,N/A,N/A,N/A
2 7,0.115741,7.47222,Yes,N/A,2,N/A,N/A,N/A,N/A,7,N/A,2 7,N/A,N/A,N/A,N/A,N/A,N/A,N/A,N/A,N/A
1 2 7 13,0.0582508,14.6735,Yes,N/A,2,1 2,N/A,N/A,N/A,7,1 7,2 7,1 2 7,N/A,N/A,13,1 13,2 13,1 2 13,N/A,N/A
1 2 7 12,0.0776695,12.4117,Yes,N/A,2,1 2,N/A,N/A,N/A,7,1 7,2 7,1 2 7,N/A,12,1 12,2 12,1 2 12,N/A,N/A,N/A
2 7 12,0.0364369,16.5758,Yes,N/A,2,N/A,N/A,N/A,N/A,7,N/A,2 7,N/A,N/A,12,N/A,2 12,N/A,N/A,N/A,N/A
1 2 7 12 13,0.0292698,22.4357,Yes,N/A,2,1 2,N/A,N/A,N/A,7,1 7,2 7,1 2 7,N/A,12,13,1 13,2 13,1 2 13,N/A,N/A
2 7 13,0.0289352,18.0606,Yes,N/A,2,N/A,N/A,N/A,N/A,7,N/A,2 7,N/A,N/A,N/A,13,N/A,2 13,N/A,N/A,N/A
1 2 7 11,0.0939483,10.4532,Yes,N/A,2,1 2,N/A,N/A,N/A,7,1 7,2 7,1 2 7,11,1 11,2 11,1 2 11,N/A,N/A,N/A,7 11
2 7 11,0.0424383,15.1694,Yes,N/A,2,N/A,N/A,N/A,N/A,7,N/A,2 7,N/A,11,N/A,2 11,N/A,N/A,N/A,N/A,7 11
1 2 7 11 13,0.0381538,19.0955,Yes,N/A,2,1 2,N/A,N/A,N/A,7,1 7,2 7,1 2 7,11,1 11,13,1 13,2 13,1 2 13,N/A,7 11
1 2 7 11 12,0.044441,18.2815,Yes,N/A,2,1 2,N/A,N/A,N/A,7,1 7,2 7,1 2 7,11,12,1 12,2 12,1 2 12,N/A,N/A,7 11
2 7 11 12,0.0189954,23.1595,Yes,N/A,2,N/A,N/A,N/A,N/A,7,N/A,2 7,N/A,11,12,2 11,2 12,N/A,N/A,N/A,7 11
1 2 7 11 12 13,0.0200215,27.5463,Yes,N/A,2,1 2,N/A,N/A,N/A,7,1 7,2 7,1 2 7,11,12,13,1 13,2 13,1 2 13,N/A,7 11
2 7 12 13,0.0128601,26.3601,Yes,N/A,2,N/A,N/A,N/A,N/A,7,N/A,2 7,N/A,N/A,12,13,2 12,2 13,N/A,N/A,N/A
1 2 7 10,0.0884399,10.3063,Yes,N/A,2,1 2,N/A,N/A,N/A,7,1 7,2 7,10,1 10,2 10,1 2 10,N/A,N/A,N/A,7 10,1 7 10
2 7 10,0.0450103,14.0221,Yes,N/A,2,N/A,N/A,N/A,N/A,7,N/A,2 7,10,N/A,2 10,N/A,N/A,N/A,N/A,7 10,N/A
1 2 7 10 13,0.0422766,17.5346,Yes,N/A,2,1 2,N/A,N/A,N/A,7,1 7,2 7,10,1 10,2 10,13,1 13,2 13,1 2 13,7 10,1 7 10
1 2 7 10 12,0.0487485,16.785,Yes,N/A,2,1 2,N/A,N/A,N/A,7,1 7,2 7,10,1 10,12,1 12,2 12,1 2 12,N/A,7 10,1 7 10
2 7 10 12,0.0183837,23.6751,Yes,N/A,2,N/A,N/A,N/A,N/A,7,N/A,2 7,10,N/A,12,N/A,2 12,N/A,N/A,7 10,N/A
1 2 7 10 12 13,0.0231408,25.4747,Yes,N/A,2,1 2,N/A,N/A,N/A,7,1 7,2 7,10,1 10,12,13,1 13,2 13,1 2 13,7 10,1 7 10
2 7 10 13,0.0168253,23.6274,Yes,N/A,2,N/A,N/A,N/A,N/A,7,N/A,2 7,10,N/A,2 10,13,N/A,2 13,N/A,7 10,N/A
1 2 7 10 11,0.0522267,16.5479,Yes,N/A,2,1 2,N/A,N/A,N/A,7,1 7,2 7,10,11,1 11,2 11,1 2 11,N/A,N/A,7 10,7 11
2 7 10 11,0.0257148,20.3772,Yes,N/A,2,N/A,N/A,N/A,N/A,7,N/A,2 7,10,11,2 10,2 11,N/A,N/A,N/A,7 10,7 11
1 2 7 10 11 13,0.0269814,23.869,Yes,N/A,2,1 2,N/A,N/A,N/A,7,1 7,2 7,10,11,1 11,13,1 13,2 13,1 2 13,7 10,7 11
1 2 7 10 11 12,0.02977,23.6798,Yes,N/A,2,1 2,N/A,N/A,N/A,7,1 7,2 7,10,11,12,1 12,2 12,1 2 12,N/A,7 10,7 11
2 7 10 11 12,0.0126599,28.7816,Yes,N/A,2,N/A,N/A,N/A,N/A,7,N/A,2 7,10,11,12,2 11,2 12,N/A,N/A,7 10,7 11
1 2 7 10 11 12 13,0.0162069,31.9406,Yes,N/A,2,1 2,N/A,N/A,N/A,7,1 7,2 7,10,11,12,13,1 13,2 13,1 2 13,7 10,7 11
2 7 11 13,0.0132486,26.3773,Yes,N/A,2,N/A,N/A,N/A,N/A,7,N/A,2 7,N/A,11,N/A,13,N/A,2 13,N/A,N/A,7 11
2 7 11 12 13,0.00767809,33.5194,Yes,N/A,2,N/A,N/A,N/A,N/A,7,N/A,2 7,N/A,11,12,13,2 12,2 13,N/A,N/A,7 11
1 2 7 9,0.0756941,10.4806,Yes,N/A,2,1 2,N/A,N/A,N/A,7,1 7,9,1 9,2 9,1 2 9,N/A,N/A,N/A,7 9,1 7 9,2 7 9
2 7 9,0.0353867,14.164,Yes,N/A,2,N/A,N/A,N/A,N/A,7,N/A,9,N/A,2 9,N/A,N/A,N/A,N/A,7 9,N/A,2 7 9
1 2 7 9 13,0.0385705,17.172,Yes,N/A,2,1 2,N/A,N/A,N/A,7,1 7,9,1 9,2 9,1 2 9,13,1 13,2 13,1 2 13,1 7 9,2 7 9
1 2 7 9 12,0.0495397,15.5381,Yes,N/A,2,1 2,N/A,N/A,N/A,7,1 7,9,1 9,2 9,12,1 12,2 12,1 2 12,7 9,1 7 9,2 7 9
2 7 9 12,0.0189582,22.3937,Yes,N/A,2,N/A,N/A,N/A,N/A,7,N/A,9,N/A,2 9,12,N/A,2 12,N/A,7 9,N/A,2 7 9
1 2 7 9 12 13,0.0231031,24.5463,Yes,N/A,2,1 2,N/A,N/A,N/A,7,1 7,9,1 9,2 9,12,13,1 13,2 13,1 2 13,1 7 9,2 7 9
2 7 9 13,0.0146757,24.0389,Yes,N/A,2,N/A,N/A,N/A,N/A,7,N/A,9,N/A,2 9,N/A,13,N/A,2 13,7 9,N/A,2 7 9
1 2 7 9 11,0.0521717,15.4272,Yes,N/A,2,1 2,N/A,N/A,N/A,7,1 7,9,1 9,11,1 11,2 11,1 2 11,N/A,7 9,1 7 9,7 11
2 7 9 11,0.0195259,22.6734,Yes,N/A,2,N/A,N/A,N/A,N/A,7,N/A,9,N/A,11,N/A,2 11,N/A,N/A,7 9,N/A,7 11
1 2 7 9 11 13,0.0250034,23.7097,Yes,N/A,2,1 2,N/A,N/A,N/A,7,1 7,9,1 9,11,1 11,13,1 13,2 13,1 2 13,1 7 9,7 11
1 2 7 9 11 12,0.0312153,22.0004,Yes,N/A,2,1 2,N/A,N/A,N/A,7,1 7,9,1 9,11,12,1 12,2 12,1 2 12,7 9,1 7 9,7 11
2 7 9 11 12,0.0116252,29.7842,Yes,N/A,2,N/A,N/A,N/A,N/A,7,N/A,9,N/A,11,12,2 11,2 12,N/A,7 9,N/A,7 11
1 2 7 9 11 12 13,0.0161231,30.8148,Yes,N/A,2,1 2,N/A,N/A,N/A,7,1 7,9,1 9,11,12,13,1 13,2 13,1 2 13,1 7 9,7 11
2 7 9 12 13,0.00882006,31.1112,Yes,N/A,2,N/A,N/A,N/A,N/A,7,N/A,9,N/A,2 9,12,13,2 12,2 13,7 9,N/A,2 7 9
1 2 7 9 10,0.0521054,15.8222,Yes,N/A,2,1 2,N/A,N/A,N/A,7,1 7,9,10,1 10,2 10,1 2 10,N/A,N/A,7 9,7 10,1 7 10
2 7 9 10,0.0281752,19.6055,Yes,N/A,2,N/A,N/A,N/A,N/A,7,N/A,9,10,2 9,2 10,N/A,N/A,N/A,7 9,7 10,2 7 9
1 2 7 9 10 13,0.0289151,22.0688,Yes,N/A,2,1 2,N/A,N/A,N/A,7,1 7,9,10,1 10,2 10,13,1 13,2 13,1 2 13,7 10,1 7 10
1 2 7 9 10 12,0.0336893,21.0832,Yes,N/A,2,1 2,N/A,N/A,N/A,7,1 7,9,10,1 10,12,1 12,2 12,1 2 12,7 9,7 10,1 7 10
2 7 9 10 12,0.0131467,28.3524,Yes,N/A,2,N/A,N/A,N/A,N/A,7,N/A,9,10,2 9,12,N/A,2 12,N/A,7 9,7 10,2 7 9
1 2 7 9 10 12 13,0.0181254,29.2307,Yes,N/A,2,1 2,N/A,N/A,N/A,7,1 7,9,10,1 10,12,13,1 13,2 13,1 2 13,7 10,1 7 10
2 7 9 10 13,0.0124091,28.0556,Yes,N/A,2,N/A,N/A,N/A,N/A,7,N/A,9,10,2 9,2 10,13,N/A,2 13,7 9,7 10,2 7 9
1 2 7 9 10 11,0.0348383,21.3951,Yes,N/A,2,1 2,N/A,N/A,N/A,7,1 7,9,10,11,1 11,2 11,1 2 11,N/A,7 9,7 10,7 11
2 7 9 10 11,0.0161061,26.7079,Yes,N/A,2,N/A,N/A,N/A,N/A,7,N/A,9,10,11,2 10,2 11,N/A,N/A,7 9,7 10,7 11
1 2 7 9 10 11 13,0.0199205,28.2792,Yes,N/A,2,1 2,N/A,N/A,N/A,7,1 7,9,10,11,1 11,13,1 13,2 13,1 2 13,7 10,7 11
1 2 7 9 10 11 12,0.0230046,27.4007,Yes,N/A,2,1 2,N/A,N/A,N/A,7,1 7,9,10,11,12,1 12,2 12,1 2 12,7 9,7 10,7 11
2 7 9 10 11 12,0.00929458,34.2656,Yes,N/A,2,N/A,N/A,N/A,N/A,7,N/A,9,10,11,12,2 11,2 12,N/A,7 9,7 10,7 11
1 2 7 9 10 11 12 13,0.0137554,35.3702,Yes,N/A,2,1 2,N/A,N/A,N/A,7,1 7,9,10,11,12,13,1 13,2 13,1 2 13,7 10,7 11
2 7 10 12 13,0.00852452,32.4138,Yes,N/A,2,N/A,N/A,N/A,N/A,7,N/A,2 7,10,N/A,12,13,2 12,2 13,N/A,7 10,N/A
2 7 10 11 13,0.0101036,30.5157,Yes,N/A,2,N/A,N/A,N/A,N/A,7,N/A,2 7,10,11,2 10,13,N/A,2 13,N/A,7 10,7 11
2 7 10 11 12 13,0.00619435,38.0362,Yes,N/A,2,N/A,N/A,N/A,N/A,7,N/A,2 7,10,11,12,13,2 12,2 13,N/A,7 10,7 11
1 2 7 8,0.0673922,10.5271,Yes,N/A,2,1 2,N/A,N/A,N/A,7,8,1 8,2 8,1 2 8,N/A,N/A,N/A,7 8,1 7 8,2 7 8,1 2 7 8
2 7 8,0.0537551,12.0738,Yes,N/A,2,N/A,N/A,N/A,N/A,7,8,2 7,2 8,N/A,N/A,N/A,N/A,7 8,N/A,2 7 8,N/A
1 2 7 8 13,0.0355416,18.3517,Yes,N/A,2,1 2,N/A,N/A,N/A,7,8,1 8,2 8,1 2 8,N/A,13,1 13,2 13,1 2 13,2 7 8,1 2 7 8
1 2 7 8 12,0.0489084,15.1374,Yes,N/A,2,1 2,N/A,N/A,N/A,7,8,1 8,2 8,1 2 8,12,1 12,2 12,1 2 12,1 7 8,2 7 8,1 2 7 8
2 7 8 12,0.0263007,19.9977,Yes,N/A,2,N/A,N/A,N/A,N/A,7,8,2 7,2 8,N/A,12,N/A,2 12,7 8,N/A,2 7 8,N/A
1 2 7 8 12 13,0.0218875,24.4916,Yes,N/A,2,1 2,N/A,N/A,N/A,7,8,1 8,2 8,1 2 8,12,13,1 13,2 13,1 2 13,2 7 8,1 2 7 8
2 7 8 13,0.0183471,22.463,Yes,N/A,2,N/A,N/A,N/A,N/A,7,8,2 7,2 8,N/A,N/A,13,N/A,2 13,N/A,2 7 8,N/A
1 2 7 8 11,0.060077,13.6952,Yes,N/A,2,1 2,N/A,N/A,N/A,7,8,1 8,2 8,11,1 11,2 11,1 2 11,7 8,1 7 8,2 7 8,7 11
2 7 8 11,0.0325199,18.4402,Yes,N/A,2,N/A,N/A,N/A,N/A,7,8,2 7,2 8,11,N/A,2 11,N/A,7 8,N/A,2 7 8,7 11
1 2 7 8 11 13,0.0277959,22.4457,Yes,N/A,2,1 2,N/A,N/A,N/A,7,8,1 8,2 8,11,1 11,13,1 13,2 13,1 2 13,2 7 8,7 11
1 2 7 8 11 12,0.0336003,20.9755,Yes,N/A,2,1 2,N/A,N/A,N/A,7,8,1 8,2 8,11,12,1 12,2 12,1 2 12,1 7 8,2 7 8,7 11
2 7 8 11 12,0.0174832,24.6398,Yes,N/A,2,N/A,N/A,N/A,N/A,7,8,2 7,2 8,11,12,2 11,2 12,7 8,N/A,2 7 8,7 11
1 2 7 8 11 12 13,0.0170278,29.8075,Yes,N/A,2,1 2,N/A,N/A,N/A,7,8,1 8,2 8,11,12,13,1 13,2 13,1 2 13,2 7 8,7 11
2 7 8 12 13,0.0102776,29.361,Yes,N/A,2,N/A,N/A,N/A,N/A,7,8,2 7,2 8,N/A,12,13,2 12,2 13,N/A,2 7 8,N/A
1 2 7 8 10,0.0593636,14.1885,Yes,N/A,2,1 2,N/A,N/A,N/A,7,8,1 8,10,1 10,2 10,1 2 10,N/A,7 8,1 7 8,7 10,8 10
2 7 8 10,0.0316438,18.9917,Yes,N/A,2,N/A,N/A,N/A,N/A,7,8,2 7,10,N/A,2 10,N/A,N/A,7 8,N/A,7 10,8 10
1 2 7 8 10 13,0.0299594,21.5161,Yes,N/A,2,1 2,N/A,N/A,N/A,7,8,1 8,10,1 10,2 10,13,1 13,2 13,1 2 13,7 10,8 10
1 2 7 8 10 12,0.0354685,20.1762,Yes,N/A,2,1 2,N/A,N/A,N/A,7,8,1 8,10,1 10,12,1 12,2 12,1 2 12,1 7 8,7 10,8 10
2 7 8 10 12,0.0144522,27.7882,Yes,N/A,2,N/A,N/A,N/A,N/A,7,8,2 7,10,N/A,12,N/A,2 12,7 8,N/A,7 10,8 10
1 2 7 8 10 12 13,0.0185151,28.4554,Yes,N/A,2,1 2,N/A,N/A,N/A,7,8,1 8,10,1 10,12,13,1 13,2 13,1 2 13,7 10,8 10
2 7 8 10 13,0.0119862,28.5341,Yes,N/A,2,N/A,N/A,N/A,N/A,7,8,2 7,10,N/A,2 10,13,N/A,2 13,N/A,7 10,8 10
1 2 7 8 10 11,0.0412115,19.0858,Yes,N/A,2,1 2,N/A,N/A,N/A,7,8,1 8,10,11,1 11,2 11,1 2 11,7 8,1 7 8,7 10,7 11
2 7 8 10 11,0.0205676,23.9102,Yes,N/A,2,N/A,N/A,N/A,N/A,7,8,2 7,10,11,2 10,2 11,N/A,7 8,N/A,7 10,7 11
1 2 7 8 10 11 13,0.0214622,27.088,Yes,N/A,2,1 2,N/A,N/A,N/A,7,8,1 8,10,11,1 11,13,1 13,2 13,1 2 13,7 10,7 11
1 2 7 8 10 11 12,0.0248913,25.9342,Yes,N/A,2,1 2,N/A,N/A,N/A,7,8,1 8,10,11,12,1 12,2 12,1 2 12,1 7 8,7 10,7 11
2 7 8 10 11 12,0.0115261,30.8727,Yes,N/A,2,N/A,N/A,N/A,N/A,7,8,2 7,10,11,12,2 11,2 12,7 8,N/A,7 10,7 11
1 2 7 8 10 11 12 13,0.0145482,33.8963,Yes,N/A,2,1 2,N/A,N/A,N/A,7,8,1 8,10,11,12,13,1 13,2 13,1 2 13,7 10,7 11
2 7 8 11 13,0.0106716,29.5462,Yes,N/A,2,N/A,N/A,N/A,N/A,7,8,2 7,2 8,11,N/A,13,N/A,2 13,N/A,2 7 8,7 11
2 7 8 11 12 13,0.00719246,34.629,Yes,N/A,2,N/A,N/A,N/A,N/A,7,8,2 7,2 8,11,12,13,2 12,2 13,N/A,2 7 8,7 11
1 2 7 8 9,0.0549479,15.2141,Yes,N/A,2,1 2,N/A,N/A,N/A,7,8,9,1 9,2 9,1 2 9,N/A,N/A,7 8,7 9,8 9,1 8 9
2 7 8 9,0.0376327,17.5815,Yes,N/A,2,N/A,N/A,N/A,N/A,7,8,9,2 8,2 9,N/A,N/A,N/A,7 8,7 9,8 9,2 7 9
1 2 7 8 9 13,0.028687,21.446,Yes,N/A,2,1 2,N/A,N/A,N/A,7,8,9,1 9,2 9,1 2 9,13,1 13,2 13,1 2 13,8 9,1 8 9
1 2 7 8 9 12,0.0382428,19.2939,Yes,N/A,2,1 2,N/A,N/A,N/A,7,8,9,1 9,2 9,12,1 12,2 12,1 2 12,7 9,8 9,1 8 9
2 7 8 9 12,0.0198651,24.0419,Yes,N/A,2,N/A,N/A,N/A,N/A,7,8,9,2 8,2 9,12,N/A,2 12,7 8,7 9,8 9,2 7 9
1 2 7 8 9 12 13,0.0192947,27.6513,Yes,N/A,2,1 2,N/A,N/A,N/A,7,8,9,1 9,2 9,12,13,1 13,2 13,1 2 13,8 9,1 8 9
2 7 8 9 13,0.0139397,27.0059,Yes,N/A,2,N/A,N/A,N/A,N/A,7,8,9,2 8,2 9,N/A,13,N/A,2 13,7 9,8 9,2 7 9
1 2 7 8 9 11,0.0434707,18.3262,Yes,N/A,2,1 2,N/A,N/A,N/A,7,8,9,1 9,11,1 11,2 11,1 2 11,7 8,7 9,8 9,7 11
2 7 8 9 11,0.02004,24.6092,Yes,N/A,2,N/A,N/A,N/A,N/A,7,8,9,2 8,11,N/A,2 11,N/A,7 8,7 9,8 9,7 11
1 2 7 8 9 11 13,0.0216794,26.5129,Yes,N/A,2,1 2,N/A,N/A,N/A,7,8,9,1 9,11,1 11,13,1 13,2 13,1 2 13,8 9,7 11
1 2 7 8 9 11 12,0.0271112,24.65,Yes,N/A,2,1 2,N/A,N/A,N/A,7,8,9,1 9,11,12,1 12,2 12,1 2 12,7 9,8 9,7 11
2 7 8 9 11 12,0.0130178,29.1515,Yes,N/A,2,N/A,N/A,N/A,N/A,7,8,9,2 8,11,12,2 11,2 12,7 8,7 9,8 9,7 11
1 2 7 8 9 11 12 13,0.0151882,32.676,Yes,N/A,2,1 2,N/A,N/A,N/A,7,8,9,1 9,11,12,13,1 13,2 13,1 2 13,8 9,7 11
2 7 8 9 12 13,0.00903501,31.9024,Yes,N/A,2,N/A,N/A,N/A,N/A,7,8,9,2 8,2 9,12,13,2 12,2 13,7 9,8 9,2 7 9
1 2 7 8 9 10,0.0401962,19.7199,Yes,N/A,2,1 2,N/A,N/A,N/A,7,8,9,10,1 10,2 10,1 2 10,N/A,7 8,7 9,7 10,8 10
2 7 8 9 10,0.0227405,23.3248,Yes,N/A,2,N/A,N/A,N/A,N/A,7,8,9,10,2 9,2 10,N/A,N/A,7 8,7 9,7 10,8 10
1 2 7 8 9 10 13,0.0229451,25.8041,Yes,N/A,2,1 2,N/A,N/A,N/A,7,8,9,10,1 10,2 10,13,1 13,2 13,1 2 13,7 10,8 10
1 2 7 8 9 10 12,0.0277043,24.2887,Yes,N/A,2,1 2,N/A,N/A,N/A,7,8,9,10,1 10,12,1 12,2 12,1 2 12,7 9,7 10,8 10
2 7 8 9 10 12,0.0124737,30.7265,Yes,N/A,2,N/A,N/A,N/A,N/A,7,8,9,10,2 9,12,N/A,2 12,7 8,7 9,7 10,8 10
1 2 7 8 9 10 12 13,0.0161331,31.738,Yes,N/A,2,1 2,N/A,N/A,N/A,7,8,9,10,1 10,12,13,1 13,2 13,1 2 13,7 10,8 10
2 7 8 9 10 13,0.0102468,31.4615,Yes,N/A,2,N/A,N/A,N/A,N/A,7,8,9,10,2 9,2 10,13,N/A,2 13,7 9,7 10,8 10
1 2 7 8 9 10 11,0.0300866,23.941,Yes,N/A,2,1 2,N/A,N/A,N/A,7,8,9,10,11,1 11,2 11,1 2 11,7 8,7 9,7 10,7 11
2 7 8 9 10 11,0.014668,28.8417,Yes,N/A,2,N/A,N/A,N/A,N/A,7,8,9,10,11,2 10,2 11,N/A,7 8,7 9,7 10,7 11
1 2 7 8 9 10 11 13,0.0176939,30.9582,Yes,N/A,2,1 2,N/A,N/A,N/A,7,8,9,10,11,1 11,13,1 13,2 13,1 2 13,7 10,7 11
1 2 7 8 9 10 11 12,0.0207651,29.9105,Yes,N/A,2,1 2,N/A,N/A,N/A,7,8,9,10,11,12,1 12,2 12,1 2 12,7 9,7 10,7 11
2 7 8 9 10 11 12,0.00973497,34.3567,Yes,N/A,2,N/A,N/A,N/A,N/A,7,8,9,10,11,12,2 11,2 12,7 8,7 9,7 10,7 11
1 2 7 8 9 10 11 12 13,0.0134206,37.0802,Yes,N/A,2,1 2,N/A,N/A,N/A,7,8,9,10,11,12,13,1 13,2 13,1 2 13,7 10,7 11
2 8 10 12 13,0.00749775,34.8145,Yes,N/A,2,N/A,N/A,N/A,N/A,N/A,8,N/A,10,N/A,12,13,2 12,2 13,N/A,N/A,8 10
2 8 10 11 13,0.008919,33.0105,Yes,N/A,2,N/A,N/A,N/A,N/A,N/A,8,N/A,10,11,2 10,13,N/A,2 13,N/A,N/A,8 10
2 8 10 11 12 13,0.00550253,41.0438,Yes,N/A,2,N/A,N/A,N/A,N/A,N/A,8,N/A,10,11,12,13,2 12,2 13,N/A,N/A,8 10
2 8 9 11 13,0.00970728,32.1859,Yes,N/A,2,N/A,N/A,N/A,N/A,N/A,8,9,2 8,11,N/A,13,N/A,2 13,N/A,8 9,N/A
2 8 9 11 12 13,0.00693714,37.3206,Yes,N/A,2,N/A,N/A,N/A,N/A,N/A,8,9,2 8,11,12,13,2 12,2 13,N/A,8 9,N/A
2 8 9 10 12 13,0.00722922,36.2442,Yes,N/A,2,N/A,N/A,N/A,N/A,N/A,8,9,10,2 9,12,13,2 12,2 13,N/A,8 9,8 10
2 8 9 10 11 13,0.00722663,37.0823,Yes,N/A,2,N/A,N/A,N/A,N/A,N/A,8,9,10,11,2 10,13,N/A,2 13,N/A,8 9,8 10
2 8 9 10 11 12 13,0.00517774,43.3886,Yes,N/A,2,N/A,N/A,N/A,N/A,N/A,8,9,10,11,12,13,2 12,2 13,N/A,8 9,8 10
1 2 6,0.132373,6.38465,Yes,N/A,2,1 2,N/A,N/A,6,1 6,2 6,1 2 6,N/A,N/A,N/A,N/A,N/A,N/A,N/A,N/A,N/A
2 6,0.0972222,6.94444,Yes,N/A,2,N/A,N/A,N/A,6,N/A,2 6,N/A,N/A,N/A,N/A,N/A,N/A,N/A,N/A,N/A,N/A
1 2 6 13,0.0490005,14.9904,Yes,N/A,2,1 2,N/A,N/A,6,1 6,2 6,1 2 6,N/A,N/A,N/A,13,1 13,2 13,1 2 13,N/A,N/A
1 2 6 12,0.0646422,12.7336,Yes,N/A,2,1 2,N/A,N/A,6,1 6,2 6,1 2 6,N/A,N/A,12,1 12,2 12,1 2 12,N/A,N/A,6 12
2 6 12,0.0289352,16.1142,Yes,N/A,2,N/A,N/A,N/A,6,N/A,2 6,N/A,N/A,N/A,12,N/A,2 12,N/A,N/A,N/A,6 12
1 2 6 12 13,0.0240784,23.0408,Yes,N/A,2,1 2,N/A,N/A,6,1 6,2 6,1 2 6,N/A,N/A,12,13,1 13,2 13,1 2 13,N/A,6 12
2 6 13,0.023191,17.6571,Yes,N/A,2,N/A,N/A,N/A,6,N/A,2 6,N/A,N/A,N/A,N/A,13,N/A,2 13,N/A,N/A,N/A
1 2 6 11,0.0772141,10.6842,Yes,N/A,2,1 2,N/A,N/A,6,1 6,2 6,1 2 6,N/A,11,1 11,2 11,1 2 11,N/A,N/A,6 11,1 6 11
2 6 11,0.0333076,14.6546,Yes,N/A,2,N/A,N/A,N/A,6,N/A,2 6,N/A,N/A,11,N/A,2 11,N/A,N/A,N/A,6 11,N/A
1 2 6 11 13,0.0319588,19.6228,Yes,N/A,2,1 2,N/A,N/A,6,1 6,2 6,1 2 6,N/A,11,1 11,13,1 13,2 13,1 2 13,6 11,1 6 11
1 2 6 11 12,0.0374684,18.7962,Yes,N/A,2,1 2,N/A,N/A,6,1 6,2 6,1 2 6,N/A,11,12,1 12,2 12,1 2 12,N/A,6 11,6 12
2 6 11 12,0.0168056,22.7028,Yes,N/A,2,N/A,N/A,N/A,6,N/A,2 6,N/A,N/A,11,12,2 11,2 12,N/A,N/A,6 11,6 12
1 2 6 11 12 13,0.0170686,28.3836,Yes,N/A,2,1 2,N/A,N/A,6,1 6,2 6,1 2 6,N/A,11,12,13,1 13,2 13,1 2 13,6 11,6 12
2 6 12 13,0.0103565,26.056,Yes,N/A,2,N/A,N/A,N/A,6,N/A,2 6,N/A,N/A,N/A,12,13,2 12,2 13,N/A,N/A,6 12
1 2 6 10,0.0853445,8.94383,Yes,N/A,2,1 2,N/A,N/A,6,1 6,2 6,1 2 6,10,1 10,2 10,1 2 10,N/A,N/A,6 10,1 6 10,2 6 10
2 6 10,0.0396519,13.37,Yes,N/A,2,N/A,N/A,N/A,6,N/A,2 6,N/A,10,N/A,2 10,N/A,N/A,N/A,6 10,N/A,2 6 10
1 2 6 10 13,0.0389574,16.7374,Yes,N/A,2,1 2,N/A,N/A,6,1 6,2 6,1 2 6,10,1 10,2 10,13,1 13,2 13,1 2 13,1 6 10,2 6 10
1 2 6 10 12,0.0476489,15.3039,Yes,N/A,2,1 2,N/A,N/A,6,1 6,2 6,1 2 6,10,1 10,12,1 12,2 12,1 2 12,6 10,1 6 10,6 12
2 6 10 12,0.0176409,23.0762,Yes,N/A,2,N/A,N/A,N/A,6,N/A,2 6,N/A,10,N/A,12,N/A,2 12,N/A,6 10,N/A,6 12
1 2 6 10 12 13,0.0215722,24.5674,Yes,N/A,2,1 2,N/A,N/A,6,1 6,2 6,1 2 6,10,1 10,12,13,1 13,2 13,1 2 13,1 6 10,6 12
2 6 10 13,0.0152946,23.0902,Yes,N/A,2,N/A,N/A,N/A,6,N/A,2 6,N/A,10,N/A,2 10,13,N/A,2 13,6 10,N/A,2 6 10
1 2 6 10 11,0.052114,14.9885,Yes,N/A,2,1 2,N/A,N/A,6,1 6,2 6,1 2 6,10,11,1 11,2 11,1 2 11,N/A,6 10,6 11,1 6 11
2 6 10 11,0.0262828,19.6588,Yes,N/A,2,N/A,N/A,N/A,6,N/A,2 6,N/A,10,11,2 10,2 11,N/A,N/A,6 10,6 11,2 6 10
1 2 6 10 11 13,0.0255318,22.9258,Yes,N/A,2,1 2,N/A,N/A,6,1 6,2 6,1 2 6,10,11,1 11,13,1 13,2 13,1 2 13,6 11,1 6 11
1 2 6 10 11 12,0.0301069,21.8862,Yes,N/A,2,1 2,N/A,N/A,6,1 6,2 6,1 2 6,10,11,12,1 12,2 12,1 2 12,6 10,6 11,6 12
2 6 10 11 12,0.0132617,28.0996,Yes,N/A,2,N/A,N/A,N/A,6,N/A,2 6,N/A,10,11,12,2 11,2 12,N/A,6 10,6 11,6 12
1 2 6 10 11 12 13,0.015508,30.7724,Yes,N/A,2,1 2,N/A,N/A,6,1 6,2 6,1 2 6,10,11,12,13,1 13,2 13,1 2 13,6 11,6 12
2 6 11 13,0.0112954,25.9501,Yes,N/A,2,N/A,N/A,N/A,6,N/A,2 6,N/A,N/A,11,N/A,13,N/A,2 13,N/A,6 11,N/A
2 6 11 12 13,0.0068729,33.1824,Yes,N/A,2,N/A,N/A,N/A,6,N/A,2 6,N/A,N/A,11,12,13,2 12,2 13,N/A,6 11,6 12
1 2 6 9,0.0789811,8.72619,Yes,N/A,2,1 2,N/A,N/A,6,1 6,2 6,9,1 9,2 9,1 2 9,N/A,N/A,6 9,1 6 9,2 6 9,1 2 6 9
2 6 9,0.0479681,12.2272,Yes,N/A,2,N/A,N/A,N/A,6,N/A,2 6,9,N/A,2 9,N/A,N/A,N/A,6 9,N/A,2 6 9,N/A
1 2 6 9 13,0.0392732,15.9735,Yes,N/A,2,1 2,N/A,N/A,6,1 6,2 6,9,1 9,2 9,1 2 9,13,1 13,2 13,1 2 13,2 6 9,1 2 6 9
1 2 6 9 12,0.0517335,14.2576,Yes,N/A,2,1 2,N/A,N/A,6,1 6,2 6,9,1 9,2 9,12,1 12,2 12,1 2 12,1 6 9,2 6 9,6 12
2 6 9 12,0.0248682,20.1128,Yes,N/A,2,N/A,N/A,N/A,6,N/A,2 6,9,N/A,2 9,12,N/A,2 12,6 9,N/A,2 6 9,6 12
1 2 6 9 12 13,0.0235999,23.2501,Yes,N/A,2,1 2,N/A,N/A,6,1 6,2 6,9,1 9,2 9,12,13,1 13,2 13,1 2 13,2 6 9,6 12
2 6 9 13,0.0162722,22.6828,Yes,N/A,2,N/A,N/A,N/A,6,N/A,2 6,9,N/A,2 9,N/A,13,N/A,2 13,N/A,2 6 9,N/A
1 2 6 9 11,0.0603751,13.048,Yes,N/A,2,1 2,N/A,N/A,6,1 6,2 6,9,1 9,11,1 11,2 11,1 2 11,6 9,1 6 9,6 11,1 6 11
2 6 9 11,0.0262096,20.4082,Yes,N/A,2,N/A,N/A,N/A,6,N/A,2 6,9,N/A,11,N/A,2 11,N/A,6 9,N/A,6 11,N/A
1 2 6 9 11 13,0.027718,21.821,Yes,N/A,2,1 2,N/A,N/A,6,1 6,2 6,9,1 9,11,1 11,13,1 13,2 13,1 2 13,6 11,1 6 11
1 2 6 9 11 12,0.0341232,20.289,Yes,N/A,2,1 2,N/A,N/A,6,1 6,2 6,9,1 9,11,12,1 12,2 12,1 2 12,1 6 9,6 11,6 12
2 6 9 11 12,0.0154172,27.0131,Yes,N/A,2,N/A,N/A,N/A,6,N/A,2 6,9,N/A,11,12,2 11,2 12,6 9,N/A,6 11,6 12
1 2 6 9 11 12 13,0.0174911,28.911,Yes,N/A,2,1 2,N/A,N/A,6,1 6,2 6,9,1 9,11,12,13,1 13,2 13,1 2 13,6 11,6 12
2 6 9 12 13,0.00957773,29.5431,Yes,N/A,2,N/A,N/A,N/A,6,N/A,2 6,9,N/A,2 9,12,13,2 12,2 13,N/A,2 6 9,6 12
1 2 6 9 10,0.0628642,13.347,Yes,N/A,2,1 2,N/A,N/A,6,1 6,2 6,9,10,1 10,2 10,1 2 10,N/A,6 9,6 10,1 6 10,2 6 10
2 6 9 10,0.0387059,17.0616,Yes,N/A,2,N/A,N/A,N/A,6,N/A,2 6,9,10,2 9,2 10,N/A,N/A,6 9,6 10,2 6 9,2 6 10
1 2 6 9 10 13,0.0313086,20.3855,Yes,N/A,2,1 2,N/A,N/A,6,1 6,2 6,9,10,1 10,2 10,13,1 13,2 13,1 2 13,1 6 10,2 6 10
1 2 6 9 10 12,0.0386751,18.9149,Yes,N/A,2,1 2,N/A,N/A,6,1 6,2 6,9,10,1 10,12,1 12,2 12,1 2 12,6 10,1 6 10,6 12
2 6 9 10 12,0.0179287,25.3103,Yes,N/A,2,N/A,N/A,N/A,6,N/A,2 6,9,10,2 9,12,N/A,2 12,6 9,6 10,2 6 9,6 12
1 2 6 9 10 12 13,0.0196638,27.1214,Yes,N/A,2,1 2,N/A,N/A,6,1 6,2 6,9,10,1 10,12,13,1 13,2 13,1 2 13,1 6 10,6 12
2 6 9 10 13,0.0142926,26.1776,Yes,N/A,2,N/A,N/A,N/A,6,N/A,2 6,9,10,2 9,2 10,13,N/A,2 13,6 10,2 6 9,2 6 10
1 2 6 9 10 11,0.0432077,18.2403,Yes,N/A,2,1 2,N/A,N/A,6,1 6,2 6,9,10,11,1 11,2 11,1 2 11,6 9,6 10,6 11,1 6 11
2 6 9 10 11,0.0221205,23.5947,Yes,N/A,2,N/A,N/A,N/A,6,N/A,2 6,9,10,11,2 10,2 11,N/A,6 9,6 10,6 11,2 6 10
1 2 6 9 10 11 13,0.0224929,25.8732,Yes,N/A,2,1 2,N/A,N/A,6,1 6,2 6,9,10,11,1 11,13,1 13,2 13,1 2 13,6 11,1 6 11
1 2 6 9 10 11 12,0.0266118,24.9188,Yes,N/A,2,1 2,N/A,N/A,6,1 6,2 6,9,10,11,12,1 12,2 12,1 2 12,6 10,6 11,6 12
2 6 9 10 11 12,0.012697,30.4178,Yes,N/A,2,N/A,N/A,N/A,6,N/A,2 6,9,10,11,12,2 11,2 12,6 9,6 10,6 11,6 12
1 2 6 9 10 11 12 13,0.0153153,32.7522,Yes,N/A,2,1 2,N/A,N/A,6,1 6,2 6,9,10,11,12,13,1 13,2 13,1 2 13,6 11,6 12
2 6 10 12 13,0.00817912,31.9514,Yes,N/A,2,N/A,N/A,N/A,6,N/A,2 6,N/A,10,N/A,12,13,2 12,2 13,6 10,N/A,6 12
2 6 10 11 13,0.0100773,29.8776,Yes,N/A,2,N/A,N/A,N/A,6,N/A,2 6,N/A,10,11,2 10,13,N/A,2 13,6 10,6 11,2 6 10
2 6 10 11 12 13,0.0063323,37.457,Yes,N/A,2,N/A,N/A,N/A,6,N/A,2 6,N/A,10,11,12,13,2 12,2 13,6 10,6 11,6 12
1 2 6 8,0.0742313,8.55925,Yes,N/A,2,1 2,N/A,N/A,6,1 6,8,1 8,2 8,1 2 8,N/A,N/A,6 8,1 6 8,2 6 8,1 2 6 8,N/A
2 6 8,0.048804,12.0466,Yes,N/A,2,N/A,N/A,N/A,6,N/A,8,N/A,2 8,N/A,N/A,N/A,6 8,N/A,2 6 8,N/A,N/A
1 2 6 8 13,0.03459,17.3286,Yes,N/A,2,1 2,N/A,N/A,6,1 6,8,1 8,2 8,1 2 8,N/A,13,1 13,2 13,1 2 13,1 2 6 8,N/A
1 2 6 8 12,0.0503106,13.9698,Yes,N/A,2,1 2,N/A,N/A,6,1 6,8,1 8,2 8,1 2 8,12,1 12,2 12,1 2 12,2 6 8,1 2 6 8,6 12
2 6 8 12,0.0215862,21.311,Yes,N/A,2,N/A,N/A,N/A,6,N/A,8,N/A,2 8,N/A,12,N/A,2 12,N/A,2 6 8,N/A,6 12
1 2 6 8 12 13,0.0212721,23.3859,Yes,N/A,2,1 2,N/A,N/A,6,1 6,8,1 8,2 8,1 2 8,12,13,1 13,2 13,1 2 13,1 2 6 8,6 12
2 6 8 13,0.0192142,21.9273,Yes,N/A,2,N/A,N/A,N/A,6,N/A,8,N/A,2 8,N/A,N/A,13,6 8,2 13,2 6 8,N/A,N/A
1 2 6 8 11,0.0631184,12.5213,Yes,N/A,2,1 2,N/A,N/A,6,1 6,8,1 8,2 8,11,1 11,2 11,1 2 11,1 6 8,2 6 8,6 11,1 6 11
2 6 8 11,0.0344302,18.5337,Yes,N/A,2,N/A,N/A,N/A,6,N/A,8,N/A,2 8,11,N/A,2 11,6 8,N/A,2 6 8,6 11,N/A
1 2 6 8 11 13,0.0280777,21.3063,Yes,N/A,2,1 2,N/A,N/A,6,1 6,8,1 8,2 8,11,1 11,13,1 13,2 13,1 2 13,6 11,1 6 11
1 2 6 8 11 12,0.035463,19.5561,Yes,N/A,2,1 2,N/A,N/A,6,1 6,8,1 8,2 8,11,12,1 12,2 12,1 2 12,2 6 8,6 11,6 12
2 6 8 11 12,0.0156139,26.4798,Yes,N/A,2,N/A,N/A,N/A,6,N/A,8,N/A,2 8,11,12,2 11,2 12,N/A,2 6 8,6 11,6 12
1 2 6 8 11 12 13,0.0172795,28.3636,Yes,N/A,2,1 2,N/A,N/A,6,1 6,8,1 8,2 8,11,12,13,1 13,2 13,1 2 13,6 11,6 12
2 6 8 12 13,0.0093804,30.3091,Yes,N/A,2,N/A,N/A,N/A,6,N/A,8,N/A,2 8,N/A,12,13,2 12,2 13,2 6 8,N/A,6 12
1 2 6 8 10,0.0721675,11.5221,Yes,N/A,2,1 2,N/A,N/A,6,1 6,8,1 8,10,1 10,2 10,1 2 10,6 8,1 6 8,6 10,1 6 10,8 10
2 6 8 10,0.0327602,19.185,Yes,N/A,2,N/A,N/A,N/A,6,N/A,8,N/A,10,N/A,2 10,N/A,6 8,N/A,6 10,N/A,8 10
1 2 6 8 10 13,0.0313143,20.1415,Yes,N/A,2,1 2,N/A,N/A,6,1 6,8,1 8,10,1 10,2 10,13,1 13,2 13,1 2 13,1 6 10,8 10
1 2 6 8 10 12,0.0387838,18.7736,Yes,N/A,2,1 2,N/A,N/A,6,1 6,8,1 8,10,1 10,12,1 12,2 12,1 2 12,6 10,1 6 10,6 12
2 6 8 10 12,0.0121016,29.7502,Yes,N/A,2,N/A,N/A,N/A,6,N/A,8,N/A,10,N/A,12,N/A,2 12,N/A,6 10,N/A,6 12
1 2 6 8 10 12 13,0.0186886,27.2855,Yes,N/A,2,1 2,N/A,N/A,6,1 6,8,1 8,10,1 10,12,13,1 13,2 13,1 2 13,1 6 10,6 12
2 6 8 10 13,0.0142607,28.0295,Yes,N/A,2,N/A,N/A,N/A,6,N/A,8,N/A,10,N/A,2 10,13,6 8,2 13,6 10,N/A,8 10
1 2 6 8 10 11,0.0460899,17.2712,Yes,N/A,2,1 2,N/A,N/A,6,1 6,8,1 8,10,11,1 11,2 11,1 2 11,1 6 8,6 10,6 11,1 6 11
2 6 8 10 11,0.0230557,24.1266,Yes,N/A,2,N/A,N/A,N/A,6,N/A,8,N/A,10,11,2 10,2 11,6 8,N/A,6 10,6 11,8 10
1 2 6 8 10 11 13,0.0228646,25.4369,Yes,N/A,2,1 2,N/A,N/A,6,1 6,8,1 8,10,11,1 11,13,1 13,2 13,1 2 13,6 11,1 6 11
1 2 6 8 10 11 12,0.0280009,23.8158,Yes,N/A,2,1 2,N/A,N/A,6,1 6,8,1 8,10,11,12,1 12,2 12,1 2 12,6 10,6 11,6 12
2 6 8 10 11 12,0.0106348,33.4485,Yes,N/A,2,N/A,N/A,N/A,6,N/A,8,N/A,10,11,12,2 11,2 12,N/A,6 10,6 11,6 12
1 2 6 8 10 11 12 13,0.0152697,31.9525,Yes,N/A,2,1 2,N/A,N/A,6,1 6,8,1 8,10,11,12,13,1 13,2 13,1 2 13,6 11,6 12
2 6 8 11 13,0.0119957,28.9964,Yes,N/A,2,N/A,N/A,N/A,6,N/A,8,N/A,2 8,11,N/A,13,6 8,2 13,2 6 8,6 11,N/A
2 6 8 11 12 13,0.00694824,35.9378,Yes,N/A,2,N/A,N/A,N/A,6,N/A,8,N/A,2 8,11,12,13,2 12,2 13,2 6 8,6 11,6 12
1 2 6 8 9,0.0712701,12.3666,Yes,N/A,2,1 2,N/A,N/A,6,1 6,8,9,1 9,2 9,1 2 9,N/A,6 8,6 9,1 6 9,8 9,1 8 9
2 6 8 9,0.0487424,15.9316,Yes,N/A,2,N/A,N/A,N/A,6,N/A,8,9,2 8,2 9,N/A,N/A,6 8,6 9,2 6 8,8 9,N/A
1 2 6 8 9 13,0.0326637,19.6629,Yes,N/A,2,1 2,N/A,N/A,6,1 6,8,9,1 9,2 9,1 2 9,13,1 13,2 13,1 2 13,8 9,1 8 9
1 2 6 8 9 12,0.0428434,17.5634,Yes,N/A,2,1 2,N/A,N/A,6,1 6,8,9,1 9,2 9,12,1 12,2 12,1 2 12,1 6 9,8 9,6 12
2 6 8 9 12,0.0215763,23.5783,Yes,N/A,2,N/A,N/A,N/A,6,N/A,8,9,2 8,2 9,12,N/A,2 12,6 9,2 6 8,8 9,6 12
1 2 6 8 9 12 13,0.0209126,25.7776,Yes,N/A,2,1 2,N/A,N/A,6,1 6,8,9,1 9,2 9,12,13,1 13,2 13,1 2 13,8 9,6 12
2 6 8 9 13,0.0177445,25.1977,Yes,N/A,2,N/A,N/A,N/A,6,N/A,8,9,2 8,2 9,N/A,13,6 8,2 13,2 6 8,8 9,N/A
1 2 6 8 9 11,0.0498128,16.4404,Yes,N/A,2,1 2,N/A,N/A,6,1 6,8,9,1 9,11,1 11,2 11,1 2 11,6 9,1 6 9,6 11,1 6 11
2 6 8 9 11,0.0254992,22.7335,Yes,N/A,2,N/A,N/A,N/A,6,N/A,8,9,2 8,11,N/A,2 11,6 8,6 9,2 6 8,6 11,N/A
1 2 6 8 9 11 13,0.0245708,24.4626,Yes,N/A,2,1 2,N/A,N/A,6,1 6,8,9,1 9,11,1 11,13,1 13,2 13,1 2 13,6 11,1 6 11
1 2 6 8 9 11 12,0.0296941,22.7786,Yes,N/A,2,1 2,N/A,N/A,6,1 6,8,9,1 9,11,12,1 12,2 12,1 2 12,1 6 9,6 11,6 12
2 6 8 9 11 12,0.0142541,28.769,Yes,N/A,2,N/A,N/A,N/A,6,N/A,8,9,2 8,11,12,2 11,2 12,6 9,2 6 8,6 11,6 12
1 2 6 8 9 11 12 13,0.0166225,30.4325,Yes,N/A,2,1 2,N/A,N/A,6,1 6,8,9,1 9,11,12,13,1 13,2 13,1 2 13,6 11,6 12
2 6 8 9 12 13,0.00966361,31.6009,Yes,N/A,2,N/A,N/A,N/A,6,N/A,8,9,2 8,2 9,12,13,2 12,2 13,2 6 8,8 9,6 12
1 2 6 8 9 10,0.0543836,15.7516,Yes,N/A,2,1 2,N/A,N/A,6,1 6,8,9,10,1 10,2 10,1 2 10,6 8,6 9,6 10,1 6 10,8 10
2 6 8 9 10,0.0296665,21.239,Yes,N/A,2,N/A,N/A,N/A,6,N/A,8,9,10,2 9,2 10,N/A,6 8,6 9,6 10,8 9,8 10
1 2 6 8 9 10 13,0.0268318,23.2811,Yes,N/A,2,1 2,N/A,N/A,6,1 6,8,9,10,1 10,2 10,13,1 13,2 13,1 2 13,1 6 10,8 10
1 2 6 8 9 10 12,0.0324596,21.8631,Yes,N/A,2,1 2,N/A,N/A,6,1 6,8,9,10,1 10,12,1 12,2 12,1 2 12,6 10,1 6 10,6 12
2 6 8 9 10 12,0.0138885,30.2318,Yes,N/A,2,N/A,N/A,N/A,6,N/A,8,9,10,2 9,12,N/A,2 12,6 9,6 10,8 9,6 12
1 2 6 8 9 10 12 13,0.0178574,29.2282,Yes,N/A,2,1 2,N/A,N/A,6,1 6,8,9,10,1 10,12,13,1 13,2 13,1 2 13,1 6 10,6 12
2 6 8 9 10 13,0.0137214,28.9476,Yes,N/A,2,N/A,N/A,N/A,6,N/A,8,9,10,2 9,2 10,13,6 8,2 13,6 10,8 9,8 10
1 2 6 8 9 10 11,0.0365869,20.967,Yes,N/A,2,1 2,N/A,N/A,6,1 6,8,9,10,11,1 11,2 11,1 2 11,6 9,6 10,6 11,1 6 11
2 6 8 9 10 11,0.0191703,26.338,Yes,N/A,2,N/A,N/A,N/A,6,N/A,8,9,10,11,2 10,2 11,6 8,6 9,6 10,6 11,8 10
1 2 6 8 9 10 11 13,0.0206674,27.9542,Yes,N/A,2,1 2,N/A,N/A,6,1 6,8,9,10,11,1 11,13,1 13,2 13,1 2 13,6 11,1 6 11
1 2 6 8 9 10 11 12,0.0243325,26.7609,Yes,N/A,2,1 2,N/A,N/A,6,1 6,8,9,10,11,12,1 12,2 12,1 2 12,6 10,6 11,6 12
2 6 8 9 10 11 12,0.0109822,33.8559,Yes,N/A,2,N/A,N/A,N/A,6,N/A,8,9,10,11,12,2 11,2 12,6 9,6 10,6 11,6 12
1 2 6 8 9 10 11 12 13,0.0151345,33.6758,Yes,N/A,2,1 2,N/A,N/A,6,1 6,8,9,10,11,12,13,1 13,2 13,1 2 13,6 11,6 12
2 6 9 11 13,0.00861616,31.9847,Yes,N/A,2,N/A,N/A,N/A,6,N/A,2 6,9,N/A,11,N/A,13,N/A,2 13,N/A,6 11,N/A
2 6 9 11 12 13,0.00627085,37.6339,Yes,N/A,2,N/A,N/A,N/A,6,N/A,2 6,9,N/A,11,12,13,2 12,2 13,N/A,6 11,6 12
2 6 9 10 12 13,0.00841637,33.1869,Yes,N/A,2,N/A,N/A,N/A,6,N/A,2 6,9,10,2 9,12,13,2 12,2 13,6 10,2 6 9,6 12
2 6 9 10 11 13,0.00884713,33.8593,Yes,N/A,2,N/A,N/A,N/A,6,N/A,2 6,9,10,11,2 10,13,N/A,2 13,6 10,6 11,2 6 10
2 6 9 10 11 12 13,0.00626534,39.6018,Yes,N/A,2,N/A,N/A,N/A,6,N/A,2 6,9,10,11,12,13,2 12,2 13,6 10,6 11,6 12
1 2 6 7,0.0764961,8.18456,Yes,N/A,2,1 2,N/A,N/A,6,7,1 7,2 7,1 2 7,N/A,N/A,6 7,1 6 7,2 6 7,1 2 6 7,N/A,N/A
2 6 7,0.0705161,10.2349,Yes,N/A,2,N/A,N/A,N/A,6,7,2 6,2 7,N/A,N/A,N/A,6 7,N/A,2 6 7,N/A,N/A,N/A
1 2 6 7 13,0.0318808,18.6552,Yes,N/A,2,1 2,N/A,N/A,6,7,1 7,2 7,1 2 7,N/A,N/A,13,1 13,2 13,1 2 13,N/A,N/A
1 2 6 7 12,0.0475087,15.4239,Yes,N/A,2,1 2,N/A,N/A,6,7,1 7,2 7,1 2 7,N/A,12,1 12,2 12,1 2 12,1 2 6 7,N/A,6 12
2 6 7 12,0.0350407,18.1322,Yes,N/A,2,N/A,N/A,N/A,6,7,2 6,2 7,N/A,N/A,12,6 7,2 12,2 6 7,N/A,N/A,6 12
1 2 6 7 12 13,0.019021,25.6622,Yes,N/A,2,1 2,N/A,N/A,6,7,1 7,2 7,1 2 7,N/A,12,13,1 13,2 13,1 2 13,N/A,6 12
2 6 7 13,0.0169592,22.1131,Yes,N/A,2,N/A,N/A,N/A,6,7,2 6,2 7,N/A,N/A,N/A,13,N/A,2 13,N/A,N/A,N/A
1 2 6 7 11,0.0676617,12.0981,Yes,N/A,2,1 2,N/A,N/A,6,7,1 7,2 7,1 2 7,11,1 11,2 11,1 2 11,2 6 7,1 2 6 7,6 11,7 11
2 6 7 11,0.0360993,17.9176,Yes,N/A,2,N/A,N/A,N/A,6,7,2 6,2 7,N/A,11,N/A,2 11,N/A,2 6 7,N/A,6 11,7 11
1 2 6 7 11 13,0.0269838,21.4505,Yes,N/A,2,1 2,N/A,N/A,6,7,1 7,2 7,1 2 7,11,1 11,13,1 13,2 13,1 2 13,6 11,7 11
1 2 6 7 11 12,0.0340887,19.8211,Yes,N/A,2,1 2,N/A,N/A,6,7,1 7,2 7,1 2 7,11,12,1 12,2 12,1 2 12,1 2 6 7,6 11,6 12
2 6 7 11 12,0.018795,24.5893,Yes,N/A,2,N/A,N/A,N/A,6,7,2 6,2 7,N/A,11,12,2 11,2 12,2 6 7,N/A,6 11,6 12
1 2 6 7 11 12 13,0.0158374,28.9534,Yes,N/A,2,1 2,N/A,N/A,6,7,1 7,2 7,1 2 7,11,12,13,1 13,2 13,1 2 13,6 11,6 12
2 6 7 12 13,0.00970162,29.4846,Yes,N/A,2,N/A,N/A,N/A,6,7,2 6,2 7,N/A,N/A,12,13,2 12,2 13,N/A,N/A,6 12
1 2 6 7 10,0.0809338,10.8892,Yes,N/A,2,1 2,N/A,N/A,6,7,1 7,2 7,10,1 10,2 10,1 2 10,1 6 7,2 6 7,6 10,7 10,1 7 10
2 6 7 10,0.055168,14.8495,Yes,N/A,2,N/A,N/A,N/A,6,7,2 6,2 7,10,N/A,2 10,6 7,N/A,2 6 7,6 10,7 10,2 6 10
1 2 6 7 10 13,0.033128,19.7704,Yes,N/A,2,1 2,N/A,N/A,6,7,1 7,2 7,10,1 10,2 10,13,1 13,2 13,1 2 13,7 10,1 7 10
1 2 6 7 10 12,0.0445617,17.4888,Yes,N/A,2,1 2,N/A,N/A,6,7,1 7,2 7,10,1 10,12,1 12,2 12,1 2 12,6 10,7 10,6 12
2 6 7 10 12,0.0232482,23.035,Yes,N/A,2,N/A,N/A,N/A,6,7,2 6,2 7,10,N/A,12,6 7,2 12,2 6 7,6 10,7 10,6 12
1 2 6 7 10 12 13,0.0199447,26.4864,Yes,N/A,2,1 2,N/A,N/A,6,7,1 7,2 7,10,1 10,12,13,1 13,2 13,1 2 13,7 10,6 12
2 6 7 10 13,0.0150697,25.9188,Yes,N/A,2,N/A,N/A,N/A,6,7,2 6,2 7,10,N/A,2 10,13,N/A,2 13,6 10,7 10,2 6 10
1 2 6 7 10 11,0.0514583,16.3609,Yes,N/A,2,1 2,N/A,N/A,6,7,1 7,2 7,10,11,1 11,2 11,1 2 11,2 6 7,6 10,6 11,7 11
2 6 7 10 11,0.0271121,21.0916,Yes,N/A,2,N/A,N/A,N/A,6,7,2 6,2 7,10,11,2 10,2 11,N/A,2 6 7,6 10,6 11,7 11
1 2 6 7 10 11 13,0.02421,24.4613,Yes,N/A,2,1 2,N/A,N/A,6,7,1 7,2 7,10,11,1 11,13,1 13,2 13,1 2 13,6 11,7 11
1 2 6 7 10 11 12,0.029784,23.0627,Yes,N/A,2,1 2,N/A,N/A,6,7,1 7,2 7,10,11,12,1 12,2 12,1 2 12,6 10,6 11,6 12
2 6 7 10 11 12,0.0145263,27.7396,Yes,N/A,2,N/A,N/A,N/A,6,7,2 6,2 7,10,11,12,2 11,2 12,2 6 7,6 10,6 11,6 12
1 2 6 7 10 11 12 13,0.015713,31.2638,Yes,N/A,2,1 2,N/A,N/A,6,7,1 7,2 7,10,11,12,13,1 13,2 13,1 2 13,6 11,6 12
2 6 7 11 13,0.0101657,29.44,Yes,N/A,2,N/A,N/A,N/A,6,7,2 6,2 7,N/A,11,N/A,13,N/A,2 13,N/A,6 11,7 11
2 6 7 11 12 13,0.00672525,35.2724,Yes,N/A,2,N/A,N/A,N/A,6,7,2 6,2 7,N/A,11,12,13,2 12,2 13,N/A,6 11,6 12
1 2 6 7 9,0.0901992,10.0177,Yes,N/A,2,1 2,N/A,N/A,6,7,1 7,9,1 9,2 9,1 2 9,6 7,1 6 7,6 9,7 9,1 7 9,2 7 9
2 6 7 9,0.0517416,15.4529,Yes,N/A,2,N/A,N/A,N/A,6,7,2 6,9,N/A,2 9,N/A,6 7,N/A,6 9,7 9,2 6 9,2 7 9
1 2 6 7 9 13,0.0326823,19.7289,Yes,N/A,2,1 2,N/A,N/A,6,7,1 7,9,1 9,2 9,1 2 9,13,1 13,2 13,1 2 13,1 7 9,2 7 9
1 2 6 7 9 12,0.0469305,16.8342,Yes,N/A,2,1 2,N/A,N/A,6,7,1 7,9,1 9,2 9,12,1 12,2 12,1 2 12,7 9,1 7 9,6 12
2 6 7 9 12,0.0265861,21.83,Yes,N/A,2,N/A,N/A,N/A,6,7,2 6,9,N/A,2 9,12,6 7,2 12,6 9,7 9,2 6 9,6 12
1 2 6 7 9 12 13,0.0204162,26.034,Yes,N/A,2,1 2,N/A,N/A,6,7,1 7,9,1 9,2 9,12,13,1 13,2 13,1 2 13,1 7 9,6 12
2 6 7 9 13,0.0136351,26.9469,Yes,N/A,2,N/A,N/A,N/A,6,7,2 6,9,N/A,2 9,N/A,13,N/A,2 13,7 9,2 6 9,2 7 9
1 2 6 7 9 11,0.0556359,15.3951,Yes,N/A,2,1 2,N/A,N/A,6,7,1 7,9,1 9,11,1 11,2 11,1 2 11,6 9,7 9,6 11,7 11
2 6 7 9 11,0.0216191,24.2018,Yes,N/A,2,N/A,N/A,N/A,6,7,2 6,9,N/A,11,N/A,2 11,N/A,6 9,7 9,6 11,7 11
1 2 6 7 9 11 13,0.0239312,24.6897,Yes,N/A,2,1 2,N/A,N/A,6,7,1 7,9,1 9,11,1 11,13,1 13,2 13,1 2 13,6 11,7 11
1 2 6 7 9 11 12,0.0315483,22.0157,Yes,N/A,2,1 2,N/A,N/A,6,7,1 7,9,1 9,11,12,1 12,2 12,1 2 12,7 9,6 11,6 12
2 6 7 9 11 12,0.0141006,29.2446,Yes,N/A,2,N/A,N/A,N/A,6,7,2 6,9,N/A,11,12,2 11,2 12,6 9,7 9,6 11,6 12
1 2 6 7 9 11 12 13,0.0161203,30.4654,Yes,N/A,2,1 2,N/A,N/A,6,7,1 7,9,1 9,11,12,13,1 13,2 13,1 2 13,6 11,6 12
2 6 7 9 12 13,0.00876268,32.5819,Yes,N/A,2,N/A,N/A,N/A,6,7,2 6,9,N/A,2 9,12,13,2 12,2 13,7 9,2 6 9,6 12
1 2 6 7 9 10,0.0603505,14.5834,Yes,N/A,2,1 2,N/A,N/A,6,7,1 7,9,10,1 10,2 10,1 2 10,1 6 7,6 9,6 10,7 10,1 7 10
2 6 7 9 10,0.0358856,18.8275,Yes,N/A,2,N/A,N/A,N/A,6,7,2 6,9,10,2 9,2 10,6 7,N/A,6 9,6 10,7 10,2 6 10
1 2 6 7 9 10 13,0.0279256,22.7476,Yes,N/A,2,1 2,N/A,N/A,6,7,1 7,9,10,1 10,2 10,13,1 13,2 13,1 2 13,7 10,1 7 10
1 2 6 7 9 10 12,0.0365916,20.3746,Yes,N/A,2,1 2,N/A,N/A,6,7,1 7,9,10,1 10,12,1 12,2 12,1 2 12,6 10,7 10,6 12
2 6 7 9 10 12,0.0191888,25.4276,Yes,N/A,2,N/A,N/A,N/A,6,7,2 6,9,10,2 9,12,6 7,2 12,6 9,6 10,7 10,6 12
1 2 6 7 9 10 12 13,0.0187415,28.4089,Yes,N/A,2,1 2,N/A,N/A,6,7,1 7,9,10,1 10,12,13,1 13,2 13,1 2 13,7 10,6 12
2 6 7 9 10 13,0.0119947,29.394,Yes,N/A,2,N/A,N/A,N/A,6,7,2 6,9,10,2 9,2 10,13,N/A,2 13,6 10,7 10,2 6 10
1 2 6 7 9 10 11,0.0411448,19.4333,Yes,N/A,2,1 2,N/A,N/A,6,7,1 7,9,10,11,1 11,2 11,1 2 11,6 9,6 10,6 11,7 11
2 6 7 9 10 11,0.0189438,26.0085,Yes,N/A,2,N/A,N/A,N/A,6,7,2 6,9,10,11,2 10,2 11,N/A,6 9,6 10,6 11,7 11
1 2 6 7 9 10 11 13,0.0212731,27.2758,Yes,N/A,2,1 2,N/A,N/A,6,7,1 7,9,10,11,1 11,13,1 13,2 13,1 2 13,6 11,7 11
1 2 6 7 9 10 11 12,0.0263454,25.3884,Yes,N/A,2,1 2,N/A,N/A,6,7,1 7,9,10,11,12,1 12,2 12,1 2 12,6 10,6 11,6 12
2 6 7 9 10 11 12,0.0122345,31.1678,Yes,N/A,2,N/A,N/A,N/A,6,7,2 6,9,10,11,12,2 11,2 12,6 9,6 10,6 11,6 12
1 2 6 7 9 10 11 12 13,0.0155004,32.7321,Yes,N/A,2,1 2,N/A,N/A,6,7,1 7,9,10,11,12,13,1 13,2 13,1 2 13,6 11,6 12
2 6 7 10 12 13,0.0084725,33.3149,Yes,N/A,2,N/A,N/A,N/A,6,7,2 6,2 7,10,N/A,12,13,2 12,2 13,6 10,7 10,6 12
2 6 7 10 11 13,0.00977464,31.4705,Yes,N/A,2,N/A,N/A,N/A,6,7,2 6,2 7,10,11,2 10,13,N/A,2 13,6 10,6 11,7 11
2 6 7 10 11 12 13,0.00658809,37.0154,Yes,N/A,2,N/A,N/A,N/A,6,7,2 6,2 7,10,11,12,13,2 12,2 13,6 10,6 11,6 12
1 2 6 7 8,0.0840045,11.2183,Yes,N/A,2,1 2,N/A,N/A,6,7,8,1 8,2 8,1 2 8,N/A,6 7,6 8,7 8,1 7 8,2 7 8,1 2 7 8
2 6 7 8,0.0620329,13.7195,Yes,N/A,2,N/A,N/A,N/A,6,7,8,2 7,2 8,N/A,N/A,6 7,6 8,7 8,2 6 8,2 7 8,N/A
1 2 6 7 8 13,0.0295156,21.5691,Yes,N/A,2,1 2,N/A,N/A,6,7,8,1 8,2 8,1 2 8,N/A,13,1 13,2 13,1 2 13,2 7 8,1 2 7 8
1 2 6 7 8 12,0.0448288,17.0093,Yes,N/A,2,1 2,N/A,N/A,6,7,8,1 8,2 8,1 2 8,12,1 12,2 12,1 2 12,1 7 8,2 7 8,6 12
2 6 7 8 12,0.0275868,21.1468,Yes,N/A,2,N/A,N/A,N/A,6,7,8,2 7,2 8,N/A,12,6 7,2 12,7 8,2 6 8,2 7 8,6 12
1 2 6 7 8 12 13,0.0187033,26.7621,Yes,N/A,2,1 2,N/A,N/A,6,7,8,1 8,2 8,1 2 8,12,13,1 13,2 13,1 2 13,2 7 8,6 12
2 6 7 8 13,0.0172627,24.9105,Yes,N/A,2,N/A,N/A,N/A,6,7,8,2 7,2 8,N/A,N/A,13,6 8,2 13,2 6 8,2 7 8,N/A
1 2 6 7 8 11,0.0562188,14.9699,Yes,N/A,2,1 2,N/A,N/A,6,7,8,1 8,2 8,11,1 11,2 11,1 2 11,7 8,1 7 8,6 11,7 11
2 6 7 8 11,0.0309545,19.9059,Yes,N/A,2,N/A,N/A,N/A,6,7,8,2 7,2 8,11,N/A,2 11,6 8,7 8,2 6 8,6 11,7 11
1 2 6 7 8 11 13,0.0249412,23.9326,Yes,N/A,2,1 2,N/A,N/A,6,7,8,1 8,2 8,11,1 11,13,1 13,2 13,1 2 13,6 11,7 11
1 2 6 7 8 11 12,0.0317859,21.6189,Yes,N/A,2,1 2,N/A,N/A,6,7,8,1 8,2 8,11,12,1 12,2 12,1 2 12,1 7 8,6 11,6 12
2 6 7 8 11 12,0.0169475,25.7854,Yes,N/A,2,N/A,N/A,N/A,6,7,8,2 7,2 8,11,12,2 11,2 12,7 8,2 6 8,6 11,6 12
1 2 6 7 8 11 12 13,0.0160971,30.2739,Yes,N/A,2,1 2,N/A,N/A,6,7,8,1 8,2 8,11,12,13,1 13,2 13,1 2 13,6 11,6 12
2 6 7 8 12 13,0.00939841,31.8323,Yes,N/A,2,N/A,N/A,N/A,6,7,8,2 7,2 8,N/A,12,13,2 12,2 13,2 6 8,2 7 8,6 12
1 2 6 7 8 10,0.063539,13.6952,Yes,N/A,2,1 2,N/A,N/A,6,7,8,1 8,10,1 10,2 10,1 2 10,6 8,7 8,6 10,7 10,8 10
2 6 7 8 10,0.0351161,18.8179,Yes,N/A,2,N/A,N/A,N/A,6,7,8,2 7,10,N/A,2 10,6 7,6 8,7 8,6 10,7 10,8 10
1 2 6 7 8 10 13,0.0278985,22.6871,Yes,N/A,2,1 2,N/A,N/A,6,7,8,1 8,10,1 10,2 10,13,1 13,2 13,1 2 13,7 10,8 10
1 2 6 7 8 10 12,0.0373847,19.8004,Yes,N/A,2,1 2,N/A,N/A,6,7,8,1 8,10,1 10,12,1 12,2 12,1 2 12,6 10,7 10,6 12
2 6 7 8 10 12,0.0172926,27.537,Yes,N/A,2,N/A,N/A,N/A,6,7,8,2 7,10,N/A,12,6 7,2 12,7 8,6 10,7 10,6 12
1 2 6 7 8 10 12 13,0.0184153,28.4399,Yes,N/A,2,1 2,N/A,N/A,6,7,8,1 8,10,1 10,12,13,1 13,2 13,1 2 13,7 10,6 12
2 6 7 8 10 13,0.0133515,29.0698,Yes,N/A,2,N/A,N/A,N/A,6,7,8,2 7,10,N/A,2 10,13,6 8,2 13,6 10,7 10,8 10
1 2 6 7 8 10 11,0.0430302,18.4986,Yes,N/A,2,1 2,N/A,N/A,6,7,8,1 8,10,11,1 11,2 11,1 2 11,7 8,6 10,6 11,7 11
2 6 7 8 10 11,0.0230836,23.0165,Yes,N/A,2,N/A,N/A,N/A,6,7,8,2 7,10,11,2 10,2 11,6 8,7 8,6 10,6 11,7 11
1 2 6 7 8 10 11 13,0.02213,26.4759,Yes,N/A,2,1 2,N/A,N/A,6,7,8,1 8,10,11,1 11,13,1 13,2 13,1 2 13,6 11,7 11
1 2 6 7 8 10 11 12,0.0275576,24.268,Yes,N/A,2,1 2,N/A,N/A,6,7,8,1 8,10,11,12,1 12,2 12,1 2 12,6 10,6 11,6 12
2 6 7 8 10 11 12,0.0132831,30.0295,Yes,N/A,2,N/A,N/A,N/A,6,7,8,2 7,10,11,12,2 11,2 12,7 8,6 10,6 11,6 12
1 2 6 7 8 10 11 12 13,0.0157498,31.9754,Yes,N/A,2,1 2,N/A,N/A,6,7,8,1 8,10,11,12,13,1 13,2 13,1 2 13,6 11,6 12
2 6 7 8 11 13,0.0111223,30.6542,Yes,N/A,2,N/A,N/A,N/A,6,7,8,2 7,2 8,11,N/A,13,6 8,2 13,2 6 8,6 11,7 11
2 6 7 8 11 12 13,0.00725322,35.6083,Yes,N/A,2,N/A,N/A,N/A,6,7,8,2 7,2 8,11,12,13,2 12,2 13,2 6 8,6 11,6 12
1 2 6 7 8 9,0.0638524,13.5048,Yes,N/A,2,1 2,N/A,N/A,6,7,8,9,1 9,2 9,1 2 9,6 7,6 8,6 9,7 9,8 9,1 8 9
2 6 7 8 9,0.0387142,17.7374,Yes,N/A,2,N/A,N/A,N/A,6,7,8,9,2 8,2 9,N/A,6 7,6 8,6 9,7 9,8 9,2 7 9
1 2 6 7 8 9 13,0.0270087,22.8859,Yes,N/A,2,1 2,N/A,N/A,6,7,8,9,1 9,2 9,1 2 9,13,1 13,2 13,1 2 13,8 9,1 8 9
1 2 6 7 8 9 12,0.0383566,19.4883,Yes,N/A,2,1 2,N/A,N/A,6,7,8,9,1 9,2 9,12,1 12,2 12,1 2 12,7 9,8 9,6 12
2 6 7 8 9 12,0.0223857,23.2863,Yes,N/A,2,N/A,N/A,N/A,6,7,8,9,2 8,2 9,12,6 7,2 12,6 9,7 9,8 9,6 12
1 2 6 7 8 9 12 13,0.0188718,28.1459,Yes,N/A,2,1 2,N/A,N/A,6,7,8,9,1 9,2 9,12,13,1 13,2 13,1 2 13,8 9,6 12
2 6 7 8 9 13,0.0137008,28.4177,Yes,N/A,2,N/A,N/A,N/A,6,7,8,9,2 8,2 9,N/A,13,6 8,2 13,7 9,8 9,2 7 9
1 2 6 7 8 9 11,0.0447774,18.0322,Yes,N/A,2,1 2,N/A,N/A,6,7,8,9,1 9,11,1 11,2 11,1 2 11,6 9,7 9,6 11,7 11
2 6 7 8 9 11,0.0219294,25.059,Yes,N/A,2,N/A,N/A,N/A,6,7,8,9,2 8,11,N/A,2 11,6 8,6 9,7 9,6 11,7 11
1 2 6 7 8 9 11 13,0.0224304,26.2951,Yes,N/A,2,1 2,N/A,N/A,6,7,8,9,1 9,11,1 11,13,1 13,2 13,1 2 13,6 11,7 11
1 2 6 7 8 9 11 12,0.028655,23.7381,Yes,N/A,2,1 2,N/A,N/A,6,7,8,9,1 9,11,12,1 12,2 12,1 2 12,7 9,6 11,6 12
2 6 7 8 9 11 12,0.0145497,28.9183,Yes,N/A,2,N/A,N/A,N/A,6,7,8,9,2 8,11,12,2 11,2 12,6 9,7 9,6 11,6 12
1 2 6 7 8 9 11 12 13,0.0162919,31.2994,Yes,N/A,2,1 2,N/A,N/A,6,7,8,9,1 9,11,12,13,1 13,2 13,1 2 13,6 11,6 12
2 6 7 8 9 12 13,0.00908263,33.2131,Yes,N/A,2,N/A,N/A,N/A,6,7,8,9,2 8,2 9,12,13,2 12,2 13,7 9,8 9,6 12
1 2 6 7 8 9 10,0.047781,17.5553,Yes,N/A,2,1 2,N/A,N/A,6,7,8,9,10,1 10,2 10,1 2 10,6 8,6 9,6 10,7 10,8 10
2 6 7 8 9 10,0.0287224,21.0473,Yes,N/A,2,N/A,N/A,N/A,6,7,8,9,10,2 9,2 10,6 7,6 8,6 9,6 10,7 10,8 10
1 2 6 7 8 9 10 13,0.0245087,25.424,Yes,N/A,2,1 2,N/A,N/A,6,7,8,9,10,1 10,2 10,13,1 13,2 13,1 2 13,7 10,8 10
1 2 6 7 8 9 10 12,0.0317486,22.5646,Yes,N/A,2,1 2,N/A,N/A,6,7,8,9,10,1 10,12,1 12,2 12,1 2 12,6 10,7 10,6 12
2 6 7 8 9 10 12,0.0164244,28.0006,Yes,N/A,2,N/A,N/A,N/A,6,7,8,9,10,2 9,12,6 7,2 12,6 9,6 10,7 10,6 12
1 2 6 7 8 9 10 12 13,0.0179721,30.025,Yes,N/A,2,1 2,N/A,N/A,6,7,8,9,10,1 10,12,13,1 13,2 13,1 2 13,7 10,6 12
2 6 7 8 9 10 13,0.0123099,30.4106,Yes,N/A,2,N/A,N/A,N/A,6,7,8,9,10,2 9,2 10,13,6 8,2 13,6 10,7 10,8 10
1 2 6 7 8 9 10 11,0.0353801,21.8138,Yes,N/A,2,1 2,N/A,N/A,6,7,8,9,10,11,1 11,2 11,1 2 11,6 9,6 10,6 11,7 11
2 6 7 8 9 10 11,0.0185262,26.65,Yes,N/A,2,N/A,N/A,N/A,6,7,8,9,10,11,2 10,2 11,6 8,6 9,6 10,6 11,7 11
1 2 6 7 8 9 10 11 13,0.0205579,28.6423,Yes,N/A,2,1 2,N/A,N/A,6,7,8,9,10,11,1 11,13,1 13,2 13,1 2 13,6 11,7 11
1 2 6 7 8 9 10 11 12,0.0249799,26.8422,Yes,N/A,2,1 2,N/A,N/A,6,7,8,9,10,11,12,1 12,2 12,1 2 12,6 10,6 11,6 12
2 6 7 8 9 10 11 12,0.0123223,32.126,Yes,N/A,2,N/A,N/A,N/A,6,7,8,9,10,11,12,2 11,2 12,6 9,6 10,6 11,6 12
1 2 6 7 8 9 10 11 12 13,0.0160754,33.3628,Yes,N/A,2,1 2,N/A,N/A,6,7,8,9,10,11,12,13,1 13,2 13,1 2 13,6 11,6 12
2 7 9 11 13,0.00748609,33.6175,Yes,N/A,2,N/A,N/A,N/A,N/A,7,N/A,9,N/A,11,N/A,13,N/A,2 13,7 9,N/A,7 11
2 7 9 11 12 13,0.00553657,39.61,Yes,N/A,2,N/A,N/A,N/A,N/A,7,N/A,9,N/A,11,12,13,2 12,2 13,7 9,N/A,7 11
2 7 9 10 12 13,0.00721944,35.4868,Yes,N/A,2,N/A,N/A,N/A,N/A,7,N/A,9,10,2 9,12,13,2 12,2 13,7 9,7 10,2 7 9
2 7 9 10 11 13,0.00749683,36.2087,Yes,N/A,2,N/A,N/A,N/A,N/A,7,N/A,9,10,11,2 10,13,N/A,2 13,7 9,7 10,7 11
2 7 9 10 11 12 13,0.00526999,42.5838,Yes,N/A,2,N/A,N/A,N/A,N/A,7,N/A,9,10,11,12,13,2 12,2 13,7 9,7 10,7 11
2 7 8 10 12 13,0.00690467,36.2814,Yes,N/A,2,N/A,N/A,N/A,N/A,7,8,2 7,10,N/A,12,13,2 12,2 13,N/A,7 10,8 10
2 7 8 10 11 13,0.00820185,34.225,Yes,N/A,2,N/A,N/A,N/A,N/A,7,8,2 7,10,11,2 10,13,N/A,2 13,N/A,7 10,7 11
2 7 8 10 11 12 13,0.00566949,40.1427,Yes,N/A,2,N/A,N/A,N/A,N/A,7,8,2 7,10,11,12,13,2 12,2 13,N/A,7 10,7 11
2 7 8 9 11 13,0.00805529,35.2816,Yes,N/A,2,N/A,N/A,N/A,N/A,7,8,9,2 8,11,N/A,13,N/A,2 13,7 9,8 9,7 11
2 7 8 9 11 12 13,0.00638478,38.2406,Yes,N/A,2,N/A,N/A,N/A,N/A,7,8,9,2 8,11,12,13,2 12,2 13,7 9,8 9,7 11
2 7 8 9 10 12 13,0.00686444,37.1982,Yes,N/A,2,N/A,N/A,N/A,N/A,7,8,9,10,2 9,12,13,2 12,2 13,7 9,7 10,8 10
2 7 8 9 10 11 13,0.00704707,38.4015,Yes,N/A,2,N/A,N/A,N/A,N/A,7,8,9,10,11,2 10,13,N/A,2 13,7 9,7 10,7 11
2 7 8 9 10 11 12 13,0.00558397,42.4557,Yes,N/A,2,N/A,N/A,N/A,N/A,7,8,9,10,11,12,13,2 12,2 13,7 9,7 10,7 11
1 2 5,0.109053,6.29295,Yes,N/A,2,1 2,N/A,5,1 5,2 5,1 2 5,N/A,N/A,N/A,N/A,N/A,N/A,N/A,N/A,N/A,N/A
2 5,0.0694444,6.375,Yes,N/A,2,N/A,N/A,5,N/A,2 5,N/A,N/A,N/A,N/A,N/A,N/A,N/A,N/A,N/A,N/A,N/A
1 2 5 13,0.0371764,15.1428,Yes,N/A,2,1 2,N/A,5,1 5,2 5,1 2 5,N/A,N/A,N/A,N/A,13,1 13,2 13,1 2 13,N/A,5 13
1 2 5 12,0.0485504,12.8132,Yes,N/A,2,1 2,N/A,5,1 5,2 5,1 2 5,N/A,N/A,N/A,12,1 12,2 12,1 2 12,N/A,5 12,1 5 12
2 5 12,0.0199331,15.5338,Yes,N/A,2,N/A,N/A,5,N/A,2 5,N/A,N/A,N/A,N/A,12,N/A,2 12,N/A,N/A,5 12,N/A
1 2 5 12 13,0.0188881,23.3313,Yes,N/A,2,1 2,N/A,5,1 5,2 5,1 2 5,N/A,N/A,N/A,12,13,1 13,2 13,1 2 13,5 12,5 13
2 5 13,0.0160751,17.124,Yes,N/A,2,N/A,N/A,5,N/A,2 5,N/A,N/A,N/A,N/A,N/A,13,N/A,2 13,N/A,N/A,5 13
1 2 5 11,0.0581597,10.6057,Yes,N/A,2,1 2,N/A,5,1 5,2 5,1 2 5,N/A,N/A,11,1 11,2 11,1 2 11,N/A,5 11,1 5 11,2 5 11
2 5 11,0.027392,13.9479,Yes,N/A,2,N/A,N/A,5,N/A,2 5,N/A,N/A,N/A,11,N/A,2 11,N/A,N/A,5 11,N/A,2 5 11
1 2 5 11 13,0.0252165,20.2914,Yes,N/A,2,1 2,N/A,5,1 5,2 5,1 2 5,N/A,N/A,11,1 11,13,1 13,2 13,1 2 13,1 5 11,5 13
1 2 5 11 12,0.0318236,18.8745,Yes,N/A,2,1 2,N/A,5,1 5,2 5,1 2 5,N/A,N/A,11,12,1 12,2 12,1 2 12,5 11,5 12,1 5 12
2 5 11 12,0.0169807,21.9065,Yes,N/A,2,N/A,N/A,5,N/A,2 5,N/A,N/A,N/A,11,12,2 11,2 12,N/A,5 11,5 12,2 5 11
1 2 5 11 12 13,0.0143652,29.3651,Yes,N/A,2,1 2,N/A,5,1 5,2 5,1 2 5,N/A,N/A,11,12,13,1 13,2 13,1 2 13,5 12,5 13
2 5 12 13,0.0086359,25.4967,Yes,N/A,2,N/A,N/A,5,N/A,2 5,N/A,N/A,N/A,N/A,12,13,2 12,2 13,N/A,5 12,5 13
1 2 5 10,0.0692194,8.62766,Yes,N/A,2,1 2,N/A,5,1 5,2 5,1 2 5,N/A,10,1 10,2 10,1 2 10,N/A,5 10,1 5 10,2 5 10,1 2 5 10
2 5 10,0.03768,12.5512,Yes,N/A,2,N/A,N/A,5,N/A,2 5,N/A,N/A,10,N/A,2 10,N/A,N/A,5 10,N/A,2 5 10,N/A
1 2 5 10 13,0.0320148,17.4472,Yes,N/A,2,1 2,N/A,5,1 5,2 5,1 2 5,N/A,10,1 10,2 10,13,1 13,2 13,1 2 13,2 5 10,5 13
1 2 5 10 12,0.0405591,16.0069,Yes,N/A,2,1 2,N/A,5,1 5,2 5,1 2 5,N/A,10,1 10,12,1 12,2 12,1 2 12,1 5 10,5 12,1 5 12
2 5 10 12,0.0182363,22.2661,Yes,N/A,2,N/A,N/A,5,N/A,2 5,N/A,N/A,10,N/A,12,N/A,2 12,5 10,N/A,5 12,N/A
1 2 5 10 12 13,0.0186577,25.7006,Yes,N/A,2,1 2,N/A,5,1 5,2 5,1 2 5,N/A,10,1 10,12,13,1 13,2 13,1 2 13,5 12,5 13
2 5 10 13,0.0138192,23.0188,Yes,N/A,2,N/A,N/A,5,N/A,2 5,N/A,N/A,10,N/A,2 10,13,N/A,2 13,N/A,2 5 10,5 13
1 2 5 10 11,0.0496926,14.6959,Yes,N/A,2,1 2,N/A,5,1 5,2 5,1 2 5,N/A,10,11,1 11,2 11,1 2 11,5 10,5 11,1 5 11,2 5 11
2 5 10 11,0.0310089,18.5374,Yes,N/A,2,N/A,N/A,5,N/A,2 5,N/A,N/A,10,11,2 10,2 11,N/A,5 10,5 11,2 5 10,2 5 11
1 2 5 10 11 13,0.0224971,24.1771,Yes,N/A,2,1 2,N/A,5,1 5,2 5,1 2 5,N/A,10,11,1 11,13,1 13,2 13,1 2 13,1 5 11,5 13
1 2 5 10 11 12,0.0280831,22.8611,Yes,N/A,2,1 2,N/A,5,1 5,2 5,1 2 5,N/A,10,11,12,1 12,2 12,1 2 12,5 11,5 12,1 5 12
2 5 10 11 12,0.0159536,26.889,Yes,N/A,2,N/A,N/A,5,N/A,2 5,N/A,N/A,10,11,12,2 11,2 12,5 10,5 11,5 12,2 5 11
1 2 5 10 11 12 13,0.0140034,32.5234,Yes,N/A,2,1 2,N/A,5,1 5,2 5,1 2 5,N/A,10,11,12,13,1 13,2 13,1 2 13,5 12,5 13
2 5 11 13,0.0102881,25.2888,Yes,N/A,2,N/A,N/A,5,N/A,2 5,N/A,N/A,N/A,11,N/A,13,N/A,2 13,5 11,N/A,5 13
2 5 11 12 13,0.00716622,32.4161,Yes,N/A,2,N/A,N/A,5,N/A,2 5,N/A,N/A,N/A,11,12,13,2 12,2 13,5 11,5 12,5 13
1 2 5 9,0.0809578,7.02736,Yes,N/A,2,1 2,N/A,5,1 5,2 5,1 2 5,9,1 9,2 9,1 2 9,N/A,5 9,1 5 9,2 5 9,1 2 5 9,N/A
2 5 9,0.0507973,11.3125,Yes,N/A,2,N/A,N/A,5,N/A,2 5,N/A,9,N/A,2 9,N/A,N/A,5 9,N/A,2 5 9,N/A,N/A
1 2 5 9 13,0.0370584,15.217,Yes,N/A,2,1 2,N/A,5,1 5,2 5,1 2 5,9,1 9,2 9,1 2 9,13,1 13,2 13,1 2 13,1 2 5 9,5 13
1 2 5 9 12,0.0507122,13.4289,Yes,N/A,2,1 2,N/A,5,1 5,2 5,1 2 5,9,1 9,2 9,12,1 12,2 12,1 2 12,2 5 9,5 12,1 5 12
2 5 9 12,0.0240573,20.1776,Yes,N/A,2,N/A,N/A,5,N/A,2 5,N/A,9,N/A,2 9,12,N/A,2 12,N/A,2 5 9,5 12,N/A
1 2 5 9 12 13,0.0226902,22.596,Yes,N/A,2,1 2,N/A,5,1 5,2 5,1 2 5,9,1 9,2 9,12,13,1 13,2 13,1 2 13,5 12,5 13
2 5 9 13,0.0205958,20.9181,Yes,N/A,2,N/A,N/A,5,N/A,2 5,N/A,9,N/A,2 9,N/A,13,5 9,2 13,2 5 9,N/A,5 13
1 2 5 9 11,0.0607782,12.2198,Yes,N/A,2,1 2,N/A,5,1 5,2 5,1 2 5,9,1 9,11,1 11,2 11,1 2 11,1 5 9,5 11,1 5 11,2 5 11
2 5 9 11,0.0307249,19.3608,Yes,N/A,2,N/A,N/A,5,N/A,2 5,N/A,9,N/A,11,N/A,2 11,5 9,N/A,5 11,N/A,2 5 11
1 2 5 9 11 13,0.0271957,21.1066,Yes,N/A,2,1 2,N/A,5,1 5,2 5,1 2 5,9,1 9,11,1 11,13,1 13,2 13,1 2 13,1 5 11,5 13
1 2 5 9 11 12,0.0349366,19.4085,Yes,N/A,2,1 2,N/A,5,1 5,2 5,1 2 5,9,1 9,11,12,1 12,2 12,1 2 12,5 11,5 12,1 5 12
2 5 9 11 12,0.0155776,27.2197,Yes,N/A,2,N/A,N/A,5,N/A,2 5,N/A,9,N/A,11,12,2 11,2 12,N/A,5 11,5 12,2 5 11
1 2 5 9 11 12 13,0.0171299,28.3244,Yes,N/A,2,1 2,N/A,5,1 5,2 5,1 2 5,9,1 9,11,12,13,1 13,2 13,1 2 13,5 12,5 13
2 5 9 12 13,0.0108976,28.7442,Yes,N/A,2,N/A,N/A,5,N/A,2 5,N/A,9,N/A,2 9,12,13,2 12,2 13,2 5 9,5 12,5 13
1 2 5 9 10,0.072421,11.1053,Yes,N/A,2,1 2,N/A,5,1 5,2 5,1 2 5,9,10,1 10,2 10,1 2 10,5 9,5 10,1 5 10,2 5 10,1 2 5 10
2 5 9 10,0.0486736,15.6625,Yes,N/A,2,N/A,N/A,5,N/A,2 5,N/A,9,10,2 9,2 10,N/A,5 9,5 10,2 5 9,2 5 10,N/A
1 2 5 9 10 13,0.0323412,19.562,Yes,N/A,2,1 2,N/A,5,1 5,2 5,1 2 5,9,10,1 10,2 10,13,1 13,2 13,1 2 13,2 5 10,5 13
1 2 5 9 10 12,0.0393978,18.2267,Yes,N/A,2,1 2,N/A,5,1 5,2 5,1 2 5,9,10,1 10,12,1 12,2 12,1 2 12,1 5 10,5 12,1 5 12
2 5 9 10 12,0.0199332,25.1589,Yes,N/A,2,N/A,N/A,5,N/A,2 5,N/A,9,10,2 9,12,N/A,2 12,5 10,2 5 9,5 12,N/A
1 2 5 9 10 12 13,0.0199155,26.5397,Yes,N/A,2,1 2,N/A,5,1 5,2 5,1 2 5,9,10,1 10,12,13,1 13,2 13,1 2 13,5 12,5 13
2 5 9 10 13,0.0185357,24.5282,Yes,N/A,2,N/A,N/A,5,N/A,2 5,N/A,9,10,2 9,2 10,13,5 9,2 13,2 5 9,2 5 10,5 13
1 2 5 9 10 11,0.0464172,17.1198,Yes,N/A,2,1 2,N/A,5,1 5,2 5,1 2 5,9,10,11,1 11,2 11,1 2 11,5 10,5 11,1 5 11,2 5 11
2 5 9 10 11,0.0285512,21.8513,Yes,N/A,2,N/A,N/A,5,N/A,2 5,N/A,9,10,11,2 10,2 11,5 9,5 10,5 11,2 5 10,2 5 11
1 2 5 9 10 11 13,0.0232155,25.1157,Yes,N/A,2,1 2,N/A,5,1 5,2 5,1 2 5,9,10,11,1 11,13,1 13,2 13,1 2 13,1 5 11,5 13
1 2 5 9 10 11 12,0.0277163,24.0575,Yes,N/A,2,1 2,N/A,5,1 5,2 5,1 2 5,9,10,11,12,1 12,2 12,1 2 12,5 11,5 12,1 5 12
2 5 9 10 11 12,0.0143016,30.3288,Yes,N/A,2,N/A,N/A,5,N/A,2 5,N/A,9,10,11,12,2 11,2 12,5 10,5 11,5 12,2 5 11
1 2 5 9 10 11 12 13,0.0154127,32.1395,Yes,N/A,2,1 2,N/A,5,1 5,2 5,1 2 5,9,10,11,12,13,1 13,2 13,1 2 13,5 12,5 13
2 5 10 12 13,0.00762922,32.0913,Yes,N/A,2,N/A,N/A,5,N/A,2 5,N/A,N/A,10,N/A,12,13,2 12,2 13,N/A,5 12,5 13
2 5 10 11 13,0.0106167,29.6933,Yes,N/A,2,N/A,N/A,5,N/A,2 5,N/A,N/A,10,11,2 10,13,N/A,2 13,5 11,2 5 10,5 13
2 5 10 11 12 13,0.00671765,37.4823,Yes,N/A,2,N/A,N/A,5,N/A,2 5,N/A,N/A,10,11,12,13,2 12,2 13,5 11,5 12,5 13
1 2 5 8,0.0839228,6.59033,Yes,N/A,2,1 2,N/A,5,1 5,2 5,8,1 8,2 8,1 2 8,N/A,5 8,1 5 8,2 5 8,1 2 5 8,N/A,N/A
2 5 8,0.0667438,10.2004,Yes,N/A,2,N/A,N/A,5,N/A,2 5,8,N/A,2 8,N/A,N/A,5 8,N/A,2 5 8,N/A,N/A,N/A
1 2 5 8 13,0.0356739,16.3663,Yes,N/A,2,1 2,N/A,5,1 5,2 5,8,1 8,2 8,1 2 8,N/A,13,1 13,2 13,1 2 13,N/A,5 13
1 2 5 8 12,0.0543555,12.7715,Yes,N/A,2,1 2,N/A,5,1 5,2 5,8,1 8,2 8,1 2 8,12,1 12,2 12,1 2 12,1 2 5 8,5 12,1 5 12
2 5 8 12,0.0359171,17.8887,Yes,N/A,2,N/A,N/A,5,N/A,2 5,8,N/A,2 8,N/A,12,5 8,2 12,2 5 8,N/A,5 12,N/A
1 2 5 8 12 13,0.0232231,22.1639,Yes,N/A,2,1 2,N/A,5,1 5,2 5,8,1 8,2 8,1 2 8,12,13,1 13,2 13,1 2 13,5 12,5 13
2 5 8 13,0.0168735,21.9731,Yes,N/A,2,N/A,N/A,5,N/A,2 5,8,N/A,2 8,N/A,N/A,13,N/A,2 13,N/A,N/A,5 13
1 2 5 8 11,0.0703393,11.2066,Yes,N/A,2,1 2,N/A,5,1 5,2 5,8,1 8,2 8,11,1 11,2 11,1 2 11,2 5 8,5 11,1 5 11,2 5 11
2 5 8 11,0.0381141,17.5853,Yes,N/A,2,N/A,N/A,5,N/A,2 5,8,N/A,2 8,11,N/A,2 11,N/A,2 5 8,5 11,N/A,2 5 11
1 2 5 8 11 13,0.0294168,20.2855,Yes,N/A,2,1 2,N/A,5,1 5,2 5,8,1 8,2 8,11,1 11,13,1 13,2 13,1 2 13,1 5 11,5 13
1 2 5 8 11 12,0.0396032,18.2162,Yes,N/A,2,1 2,N/A,5,1 5,2 5,8,1 8,2 8,11,12,1 12,2 12,1 2 12,5 11,5 12,1 5 12
2 5 8 11 12,0.0214573,23.7615,Yes,N/A,2,N/A,N/A,5,N/A,2 5,8,N/A,2 8,11,12,2 11,2 12,2 5 8,5 11,5 12,2 5 11
1 2 5 8 11 12 13,0.0187491,27.1395,Yes,N/A,2,1 2,N/A,5,1 5,2 5,8,1 8,2 8,11,12,13,1 13,2 13,1 2 13,5 12,5 13
2 5 8 12 13,0.0106181,29.0384,Yes,N/A,2,N/A,N/A,5,N/A,2 5,8,N/A,2 8,N/A,12,13,2 12,2 13,N/A,5 12,5 13
1 2 5 8 10,0.0806318,10.2899,Yes,N/A,2,1 2,N/A,5,1 5,2 5,8,1 8,10,1 10,2 10,1 2 10,1 5 8,5 10,1 5 10,2 5 10,8 10
2 5 8 10,0.045664,16.7518,Yes,N/A,2,N/A,N/A,5,N/A,2 5,8,N/A,10,N/A,2 10,5 8,N/A,5 10,N/A,2 5 10,8 10
1 2 5 8 10 13,0.0335118,19.1777,Yes,N/A,2,1 2,N/A,5,1 5,2 5,8,1 8,10,1 10,2 10,13,1 13,2 13,1 2 13,2 5 10,5 13
1 2 5 8 10 12,0.0442085,17.0999,Yes,N/A,2,1 2,N/A,5,1 5,2 5,8,1 8,10,1 10,12,1 12,2 12,1 2 12,1 5 10,5 12,1 5 12
2 5 8 10 12,0.0206745,25.4182,Yes,N/A,2,N/A,N/A,5,N/A,2 5,8,N/A,10,N/A,12,5 8,2 12,5 10,N/A,5 12,8 10
1 2 5 8 10 12 13,0.0209531,25.7103,Yes,N/A,2,1 2,N/A,5,1 5,2 5,8,1 8,10,1 10,12,13,1 13,2 13,1 2 13,5 12,5 13
2 5 8 10 13,0.012329,28.3649,Yes,N/A,2,N/A,N/A,5,N/A,2 5,8,N/A,10,N/A,2 10,13,N/A,2 13,N/A,2 5 10,5 13
1 2 5 8 10 11,0.0535412,15.6216,Yes,N/A,2,1 2,N/A,5,1 5,2 5,8,1 8,10,11,1 11,2 11,1 2 11,5 10,5 11,1 5 11,2 5 11
2 5 8 10 11,0.025805,22.8901,Yes,N/A,2,N/A,N/A,5,N/A,2 5,8,N/A,10,11,2 10,2 11,N/A,5 10,5 11,2 5 10,2 5 11
1 2 5 8 10 11 13,0.0243966,24.3396,Yes,N/A,2,1 2,N/A,5,1 5,2 5,8,1 8,10,11,1 11,13,1 13,2 13,1 2 13,1 5 11,5 13
1 2 5 8 10 11 12,0.0314578,22.2737,Yes,N/A,2,1 2,N/A,5,1 5,2 5,8,1 8,10,11,12,1 12,2 12,1 2 12,5 11,5 12,1 5 12
2 5 8 10 11 12,0.0146818,29.958,Yes,N/A,2,N/A,N/A,5,N/A,2 5,8,N/A,10,11,12,2 11,2 12,5 10,5 11,5 12,2 5 11
1 2 5 8 10 11 12 13,0.0167614,30.4757,Yes,N/A,2,1 2,N/A,5,1 5,2 5,8,1 8,10,11,12,13,1 13,2 13,1 2 13,5 12,5 13
2 5 8 11 13,0.0114303,29.0173,Yes,N/A,2,N/A,N/A,5,N/A,2 5,8,N/A,2 8,11,N/A,13,N/A,2 13,5 11,N/A,5 13
2 5 8 11 12 13,0.00818824,34.2099,Yes,N/A,2,N/A,N/A,5,N/A,2 5,8,N/A,2 8,11,12,13,2 12,2 13,5 11,5 12,5 13
1 2 5 8 9,0.0934722,9.32212,Yes,N/A,2,1 2,N/A,5,1 5,2 5,8,9,1 9,2 9,1 2 9,5 8,5 9,1 5 9,2 5 9,8 9,1 8 9
2 5 8 9,0.0688389,12.9968,Yes,N/A,2,N/A,N/A,5,N/A,2 5,8,9,2 8,2 9,N/A,5 8,5 9,2 5 8,2 5 9,8 9,N/A
1 2 5 8 9 13,0.0362016,18.5459,Yes,N/A,2,1 2,N/A,5,1 5,2 5,8,9,1 9,2 9,1 2 9,13,1 13,2 13,1 2 13,8 9,5 13
1 2 5 8 9 12,0.0513133,15.7047,Yes,N/A,2,1 2,N/A,5,1 5,2 5,8,9,1 9,2 9,12,1 12,2 12,1 2 12,2 5 9,5 12,1 5 12
2 5 8 9 12,0.0316676,20.0042,Yes,N/A,2,N/A,N/A,5,N/A,2 5,8,9,2 8,2 9,12,5 8,2 12,2 5 8,2 5 9,5 12,N/A
1 2 5 8 9 12 13,0.0235109,24.4103,Yes,N/A,2,1 2,N/A,5,1 5,2 5,8,9,1 9,2 9,12,13,1 13,2 13,1 2 13,5 12,5 13
2 5 8 9 13,0.02049,23.6284,Yes,N/A,2,N/A,N/A,5,N/A,2 5,8,9,2 8,2 9,N/A,13,5 9,2 13,2 5 9,8 9,5 13
1 2 5 8 9 11,0.0572089,14.7757,Yes,N/A,2,1 2,N/A,5,1 5,2 5,8,9,1 9,11,1 11,2 11,1 2 11,1 5 9,5 11,1 5 11,2 5 11
2 5 8 9 11,0.0313997,20.8172,Yes,N/A,2,N/A,N/A,5,N/A,2 5,8,9,2 8,11,N/A,2 11,5 9,2 5 8,5 11,8 9,2 5 11
1 2 5 8 9 11 13,0.0272151,22.8889,Yes,N/A,2,1 2,N/A,5,1 5,2 5,8,9,1 9,11,1 11,13,1 13,2 13,1 2 13,1 5 11,5 13
1 2 5 8 9 11 12,0.0351791,20.6805,Yes,N/A,2,1 2,N/A,5,1 5,2 5,8,9,1 9,11,12,1 12,2 12,1 2 12,5 11,5 12,1 5 12
2 5 8 9 11 12,0.0178526,26.6095,Yes,N/A,2,N/A,N/A,5,N/A,2 5,8,9,2 8,11,12,2 11,2 12,2 5 8,5 11,5 12,2 5 11
1 2 5 8 9 11 12 13,0.0185997,28.611,Yes,N/A,2,1 2,N/A,5,1 5,2 5,8,9,1 9,11,12,13,1 13,2 13,1 2 13,5 12,5 13
2 5 8 9 12 13,0.0116842,29.8606,Yes,N/A,2,N/A,N/A,5,N/A,2 5,8,9,2 8,2 9,12,13,2 12,2 13,2 5 9,5 12,5 13
1 2 5 8 9 10,0.0638304,13.9015,Yes,N/A,2,1 2,N/A,5,1 5,2 5,8,9,10,1 10,2 10,1 2 10,5 9,5 10,1 5 10,2 5 10,8 10
2 5 8 9 10,0.0414891,17.5484,Yes,N/A,2,N/A,N/A,5,N/A,2 5,8,9,10,2 9,2 10,5 8,5 9,5 10,2 5 9,2 5 10,8 10
1 2 5 8 9 10 13,0.0303156,21.794,Yes,N/A,2,1 2,N/A,5,1 5,2 5,8,9,10,1 10,2 10,13,1 13,2 13,1 2 13,2 5 10,5 13
1 2 5 8 9 10 12,0.0384249,19.6222,Yes,N/A,2,1 2,N/A,5,1 5,2 5,8,9,10,1 10,12,1 12,2 12,1 2 12,1 5 10,5 12,1 5 12
2 5 8 9 10 12,0.0209265,25.4077,Yes,N/A,2,N/A,N/A,5,N/A,2 5,8,9,10,2 9,12,5 8,2 12,5 10,2 5 9,5 12,8 10
1 2 5 8 9 10 12 13,0.02068,27.1269,Yes,N/A,2,1 2,N/A,5,1 5,2 5,8,9,10,1 10,12,13,1 13,2 13,1 2 13,5 12,5 13
2 5 8 9 10 13,0.0148308,27.7074,Yes,N/A,2,N/A,N/A,5,N/A,2 5,8,9,10,2 9,2 10,13,5 9,2 13,2 5 9,2 5 10,5 13
1 2 5 8 9 10 11,0.042431,19.0072,Yes,N/A,2,1 2,N/A,5,1 5,2 5,8,9,10,11,1 11,2 11,1 2 11,5 10,5 11,1 5 11,2 5 11
2 5 8 9 10 11,0.0233011,24.0828,Yes,N/A,2,N/A,N/A,5,N/A,2 5,8,9,10,11,2 10,2 11,5 9,5 10,5 11,2 5 10,2 5 11
1 2 5 8 9 10 11 13,0.0230613,26.0447,Yes,N/A,2,1 2,N/A,5,1 5,2 5,8,9,10,11,1 11,13,1 13,2 13,1 2 13,1 5 11,5 13
1 2 5 8 9 10 11 12,0.0280194,24.6156,Yes,N/A,2,1 2,N/A,5,1 5,2 5,8,9,10,11,12,1 12,2 12,1 2 12,5 11,5 12,1 5 12
2 5 8 9 10 11 12,0.014043,30.8689,Yes,N/A,2,N/A,N/A,5,N/A,2 5,8,9,10,11,12,2 11,2 12,5 10,5 11,5 12,2 5 11
1 2 5 8 9 10 11 12 13,0.016997,31.4965,Yes,N/A,2,1 2,N/A,5,1 5,2 5,8,9,10,11,12,13,1 13,2 13,1 2 13,5 12,5 13
2 5 9 11 13,0.0114904,29.9518,Yes,N/A,2,N/A,N/A,5,N/A,2 5,N/A,9,N/A,11,N/A,13,5 9,2 13,5 11,N/A,5 13
2 5 9 11 12 13,0.00731174,36.7831,Yes,N/A,2,N/A,N/A,5,N/A,2 5,N/A,9,N/A,11,12,13,2 12,2 13,5 11,5 12,5 13
2 5 9 10 12 13,0.00941447,33.1521,Yes,N/A,2,N/A,N/A,5,N/A,2 5,N/A,9,10,2 9,12,13,2 12,2 13,2 5 9,5 12,5 13
2 5 9 10 11 13,0.0118826,31.8209,Yes,N/A,2,N/A,N/A,5,N/A,2 5,N/A,9,10,11,2 10,13,5 9,2 13,5 11,2 5 10,5 13
2 5 9 10 11 12 13,0.00718896,39.6607,Yes,N/A,2,N/A,N/A,5,N/A,2 5,N/A,9,10,11,12,13,2 12,2 13,5 11,5 12,5 13
1 2 5 7,0.0920353,6.25589,Yes,N/A,2,1 2,N/A,5,1 5,7,1 7,2 7,1 2 7,N/A,5 7,1 5 7,2 5 7,1 2 5 7,N/A,N/A,N/A
2 5 7,0.080697,9.87031,Yes,N/A,2,N/A,N/A,5,N/A,7,N/A,2 7,N/A,N/A,5 7,N/A,2 5 7,N/A,N/A,N/A,N/A
1 2 5 7 13,0.0388793,15.71,Yes,N/A,2,1 2,N/A,5,1 5,7,1 7,2 7,1 2 7,N/A,5 7,13,1 13,2 13,1 2 13,N/A,5 13
1 2 5 7 12,0.0501052,14.5382,Yes,N/A,2,1 2,N/A,5,1 5,7,1 7,2 7,1 2 7,N/A,12,1 12,2 12,1 2 12,N/A,5 12,1 5 12
2 5 7 12,0.024001,20.5214,Yes,N/A,2,N/A,N/A,5,N/A,7,N/A,2 7,N/A,N/A,12,N/A,2 12,N/A,N/A,5 12,N/A
1 2 5 7 12 13,0.0195713,24.2949,Yes,N/A,2,1 2,N/A,5,1 5,7,1 7,2 7,1 2 7,N/A,12,13,1 13,2 13,1 2 13,5 12,5 13
2 5 7 13,0.0291093,19.6265,Yes,N/A,2,N/A,N/A,5,N/A,7,N/A,2 7,N/A,N/A,5 7,13,2 5 7,2 13,N/A,N/A,5 13
1 2 5 7 11,0.073753,10.9796,Yes,N/A,2,1 2,N/A,5,1 5,7,1 7,2 7,1 2 7,11,1 11,2 11,1 2 11,1 2 5 7,5 11,1 5 11,7 11
2 5 7 11,0.0522843,15.9964,Yes,N/A,2,N/A,N/A,5,N/A,7,N/A,2 7,N/A,11,5 7,2 11,2 5 7,N/A,5 11,N/A,7 11
1 2 5 7 11 13,0.0307219,19.9904,Yes,N/A,2,1 2,N/A,5,1 5,7,1 7,2 7,1 2 7,11,1 11,13,1 13,2 13,1 2 13,1 5 11,5 13
1 2 5 7 11 12,0.0386768,18.3988,Yes,N/A,2,1 2,N/A,5,1 5,7,1 7,2 7,1 2 7,11,12,1 12,2 12,1 2 12,5 11,5 12,1 5 12
2 5 7 11 12,0.0178932,25.7687,Yes,N/A,2,N/A,N/A,5,N/A,7,N/A,2 7,N/A,11,12,2 11,2 12,N/A,5 11,5 12,7 11
1 2 5 7 11 12 13,0.0169282,27.7913,Yes,N/A,2,1 2,N/A,5,1 5,7,1 7,2 7,1 2 7,11,12,13,1 13,2 13,1 2 13,5 12,5 13
2 5 7 12 13,0.0103409,29.7637,Yes,N/A,2,N/A,N/A,5,N/A,7,N/A,2 7,N/A,N/A,12,13,2 12,2 13,N/A,5 12,5 13
1 2 5 7 10,0.0896066,9.70028,Yes,N/A,2,1 2,N/A,5,1 5,7,1 7,2 7,10,1 10,2 10,1 2 10,2 5 7,5 10,1 5 10,7 10,1 7 10
2 5 7 10,0.0489621,16.1791,Yes,N/A,2,N/A,N/A,5,N/A,7,N/A,2 7,10,N/A,2 10,N/A,2 5 7,5 10,N/A,7 10,N/A
1 2 5 7 10 13,0.0383978,18.1324,Yes,N/A,2,1 2,N/A,5,1 5,7,1 7,2 7,10,1 10,2 10,13,1 13,2 13,1 2 13,7 10,5 13
1 2 5 7 10 12,0.0445819,17.0876,Yes,N/A,2,1 2,N/A,5,1 5,7,1 7,2 7,10,1 10,12,1 12,2 12,1 2 12,1 5 10,5 12,1 5 12
2 5 7 10 12,0.0172874,26.4184,Yes,N/A,2,N/A,N/A,5,N/A,7,N/A,2 7,10,N/A,12,N/A,2 12,5 10,N/A,5 12,N/A
1 2 5 7 10 12 13,0.0205652,25.7959,Yes,N/A,2,1 2,N/A,5,1 5,7,1 7,2 7,10,1 10,12,13,1 13,2 13,1 2 13,5 12,5 13
2 5 7 10 13,0.0179051,25.6574,Yes,N/A,2,N/A,N/A,5,N/A,7,N/A,2 7,10,N/A,2 10,13,2 5 7,2 13,N/A,7 10,5 13
1 2 5 7 10 11,0.0571773,14.9584,Yes,N/A,2,1 2,N/A,5,1 5,7,1 7,2 7,10,11,1 11,2 11,1 2 11,5 10,5 11,1 5 11,7 11
2 5 7 10 11,0.031555,20.4261,Yes,N/A,2,N/A,N/A,5,N/A,7,N/A,2 7,10,11,2 10,2 11,2 5 7,5 10,5 11,7 10,7 11
1 2 5 7 10 11 13,0.0266313,23.3129,Yes,N/A,2,1 2,N/A,5,1 5,7,1 7,2 7,10,11,1 11,13,1 13,2 13,1 2 13,1 5 11,5 13
1 2 5 7 10 11 12,0.0324131,21.7427,Yes,N/A,2,1 2,N/A,5,1 5,7,1 7,2 7,10,11,12,1 12,2 12,1 2 12,5 11,5 12,1 5 12
2 5 7 10 11 12,0.0144343,29.29,Yes,N/A,2,N/A,N/A,5,N/A,7,N/A,2 7,10,11,12,2 11,2 12,5 10,5 11,5 12,7 11
1 2 5 7 10 11 12 13,0.0167229,30.1939,Yes,N/A,2,1 2,N/A,5,1 5,7,1 7,2 7,10,11,12,13,1 13,2 13,1 2 13,5 12,5 13
2 5 7 11 13,0.0175167,26.295,Yes,N/A,2,N/A,N/A,5,N/A,7,N/A,2 7,N/A,11,5 7,13,2 5 7,2 13,5 11,N/A,5 13
2 5 7 11 12 13,0.00798322,35.3894,Yes,N/A,2,N/A,N/A,5,N/A,7,N/A,2 7,N/A,11,12,13,2 12,2 13,5 11,5 12,5 13
1 2 5 7 9,0.0969942,9.03567,Yes,N/A,2,1 2,N/A,5,1 5,7,1 7,9,1 9,2 9,1 2 9,1 5 7,5 9,1 5 9,7 9,1 7 9,2 7 9
2 5 7 9,0.0533631,15.501,Yes,N/A,2,N/A,N/A,5,N/A,7,N/A,9,N/A,2 9,5 7,N/A,5 9,N/A,7 9,N/A,2 7 9
1 2 5 7 9 13,0.0404929,17.6298,Yes,N/A,2,1 2,N/A,5,1 5,7,1 7,9,1 9,2 9,1 2 9,13,1 13,2 13,1 2 13,1 7 9,5 13
1 2 5 7 9 12,0.0480231,16.227,Yes,N/A,2,1 2,N/A,5,1 5,7,1 7,9,1 9,2 9,12,1 12,2 12,1 2 12,7 9,5 12,1 5 12
2 5 7 9 12,0.0171043,25.7318,Yes,N/A,2,N/A,N/A,5,N/A,7,N/A,9,N/A,2 9,12,N/A,2 12,N/A,7 9,5 12,2 7 9
1 2 5 7 9 12 13,0.0216668,24.9639,Yes,N/A,2,1 2,N/A,5,1 5,7,1 7,9,1 9,2 9,12,13,1 13,2 13,1 2 13,5 12,5 13
2 5 7 9 13,0.0219229,24.1008,Yes,N/A,2,N/A,N/A,5,N/A,7,N/A,9,N/A,2 9,5 7,13,5 9,2 13,7 9,N/A,5 13
1 2 5 7 9 11,0.0591202,14.3984,Yes,N/A,2,1 2,N/A,5,1 5,7,1 7,9,1 9,11,1 11,2 11,1 2 11,1 5 9,5 11,1 5 11,7 11
2 5 7 9 11,0.0277991,22.6545,Yes,N/A,2,N/A,N/A,5,N/A,7,N/A,9,N/A,11,5 7,2 11,5 9,N/A,5 11,N/A,7 11
1 2 5 7 9 11 13,0.0280376,22.8221,Yes,N/A,2,1 2,N/A,5,1 5,7,1 7,9,1 9,11,1 11,13,1 13,2 13,1 2 13,1 5 11,5 13
1 2 5 7 9 11 12,0.0336452,21.0575,Yes,N/A,2,1 2,N/A,5,1 5,7,1 7,9,1 9,11,12,1 12,2 12,1 2 12,5 11,5 12,1 5 12
2 5 7 9 11 12,0.0119904,32.1659,Yes,N/A,2,N/A,N/A,5,N/A,7,N/A,9,N/A,11,12,2 11,2 12,N/A,5 11,5 12,7 11
1 2 5 7 9 11 12 13,0.0172387,29.4804,Yes,N/A,2,1 2,N/A,5,1 5,7,1 7,9,1 9,11,12,13,1 13,2 13,1 2 13,5 12,5 13
2 5 7 9 12 13,0.00891162,33.6283,Yes,N/A,2,N/A,N/A,5,N/A,7,N/A,9,N/A,2 9,12,13,2 12,2 13,7 9,5 12,5 13
1 2 5 7 9 10,0.067641,12.9715,Yes,N/A,2,1 2,N/A,5,1 5,7,1 7,9,10,1 10,2 10,1 2 10,5 9,5 10,1 5 10,7 10,1 7 10
2 5 7 9 10,0.0325115,20.1826,Yes,N/A,2,N/A,N/A,5,N/A,7,N/A,9,10,2 9,2 10,N/A,5 9,5 10,7 9,7 10,2 7 9
1 2 5 7 9 10 13,0.0336159,20.4908,Yes,N/A,2,1 2,N/A,5,1 5,7,1 7,9,10,1 10,2 10,13,1 13,2 13,1 2 13,7 10,5 13
1 2 5 7 9 10 12,0.0364483,20.1141,Yes,N/A,2,1 2,N/A,5,1 5,7,1 7,9,10,1 10,12,1 12,2 12,1 2 12,1 5 10,5 12,1 5 12
2 5 7 9 10 12,0.0141531,29.9234,Yes,N/A,2,N/A,N/A,5,N/A,7,N/A,9,10,2 9,12,N/A,2 12,5 10,7 9,5 12,2 7 9
1 2 5 7 9 10 12 13,0.0196727,27.6175,Yes,N/A,2,1 2,N/A,5,1 5,7,1 7,9,10,1 10,12,13,1 13,2 13,1 2 13,5 12,5 13
2 5 7 9 10 13,0.0154208,28.0764,Yes,N/A,2,N/A,N/A,5,N/A,7,N/A,9,10,2 9,2 10,13,5 9,2 13,7 9,7 10,5 13
1 2 5 7 9 10 11,0.045015,17.9051,Yes,N/A,2,1 2,N/A,5,1 5,7,1 7,9,10,11,1 11,2 11,1 2 11,5 10,5 11,1 5 11,7 11
2 5 7 9 10 11,0.0219088,25.3752,Yes,N/A,2,N/A,N/A,5,N/A,7,N/A,9,10,11,2 10,2 11,5 9,5 10,5 11,7 10,7 11
1 2 5 7 9 10 11 13,0.0241245,25.441,Yes,N/A,2,1 2,N/A,5,1 5,7,1 7,9,10,11,1 11,13,1 13,2 13,1 2 13,1 5 11,5 13
1 2 5 7 9 10 11 12,0.0282489,23.9947,Yes,N/A,2,1 2,N/A,5,1 5,7,1 7,9,10,11,12,1 12,2 12,1 2 12,5 11,5 12,1 5 12
2 5 7 9 10 11 12,0.0115177,34.0355,Yes,N/A,2,N/A,N/A,5,N/A,7,N/A,9,10,11,12,2 11,2 12,5 10,5 11,5 12,7 11
1 2 5 7 9 10 11 12 13,0.0166003,31.4009,Yes,N/A,2,1 2,N/A,5,1 5,7,1 7,9,10,11,12,13,1 13,2 13,1 2 13,5 12,5 13
2 5 7 10 12 13,0.00797943,35.3402,Yes,N/A,2,N/A,N/A,5,N/A,7,N/A,2 7,10,N/A,12,13,2 12,2 13,N/A,5 12,5 13
2 5 7 10 11 13,0.0126646,30.5073,Yes,N/A,2,N/A,N/A,5,N/A,7,N/A,2 7,10,11,2 10,13,2 5 7,2 13,5 11,7 10,5 13
2 5 7 10 11 12 13,0.00710482,38.754,Yes,N/A,2,N/A,N/A,5,N/A,7,N/A,2 7,10,11,12,13,2 12,2 13,5 11,5 12,5 13
1 2 5 7 8,0.106658,8.22533,Yes,N/A,2,1 2,N/A,5,1 5,7,8,1 8,2 8,1 2 8,5 7,5 8,1 5 8,7 8,1 7 8,2 7 8,1 2 7 8
2 5 7 8,0.0768738,11.8992,Yes,N/A,2,N/A,N/A,5,N/A,7,8,2 7,2 8,N/A,5 7,5 8,2 5 7,7 8,N/A,2 7 8,N/A
1 2 5 7 8 13,0.0468955,16.6873,Yes,N/A,2,1 2,N/A,5,1 5,7,8,1 8,2 8,1 2 8,5 7,13,1 13,2 13,1 2 13,2 7 8,5 13
1 2 5 7 8 12,0.0487514,15.9139,Yes,N/A,2,1 2,N/A,5,1 5,7,8,1 8,2 8,1 2 8,12,1 12,2 12,1 2 12,1 7 8,5 12,1 5 12
2 5 7 8 12,0.0276424,21.2887,Yes,N/A,2,N/A,N/A,5,N/A,7,8,2 7,2 8,N/A,12,5 8,2 12,7 8,N/A,5 12,N/A
1 2 5 7 8 12 13,0.0221416,24.948,Yes,N/A,2,1 2,N/A,5,1 5,7,8,1 8,2 8,1 2 8,12,13,1 13,2 13,1 2 13,5 12,5 13
2 5 7 8 13,0.0237943,22.5708,Yes,N/A,2,N/A,N/A,5,N/A,7,8,2 7,2 8,N/A,5 7,13,2 5 7,2 13,N/A,2 7 8,5 13
1 2 5 7 8 11,0.0658605,13.0551,Yes,N/A,2,1 2,N/A,5,1 5,7,8,1 8,2 8,11,1 11,2 11,1 2 11,7 8,5 11,1 5 11,7 11
2 5 7 8 11,0.0411331,17.0647,Yes,N/A,2,N/A,N/A,5,N/A,7,8,2 7,2 8,11,5 7,2 11,2 5 7,7 8,5 11,2 7 8,7 11
1 2 5 7 8 11 13,0.0314891,21.3689,Yes,N/A,2,1 2,N/A,5,1 5,7,8,1 8,2 8,11,1 11,13,1 13,2 13,1 2 13,1 5 11,5 13
1 2 5 7 8 11 12,0.0364612,19.8988,Yes,N/A,2,1 2,N/A,5,1 5,7,8,1 8,2 8,11,12,1 12,2 12,1 2 12,5 11,5 12,1 5 12
2 5 7 8 11 12,0.0190036,25.2775,Yes,N/A,2,N/A,N/A,5,N/A,7,8,2 7,2 8,11,12,2 11,2 12,7 8,5 11,5 12,7 11
1 2 5 7 8 11 12 13,0.0185318,28.4182,Yes,N/A,2,1 2,N/A,5,1 5,7,8,1 8,2 8,11,12,13,1 13,2 13,1 2 13,5 12,5 13
2 5 7 8 12 13,0.0103565,31.9075,Yes,N/A,2,N/A,N/A,5,N/A,7,8,2 7,2 8,N/A,12,13,2 12,2 13,N/A,5 12,5 13
1 2 5 7 8 10,0.0676391,12.6036,Yes,N/A,2,1 2,N/A,5,1 5,7,8,1 8,10,1 10,2 10,1 2 10,1 5 8,5 10,1 5 10,7 10,8 10
2 5 7 8 10,0.037309,18.7061,Yes,N/A,2,N/A,N/A,5,N/A,7,8,2 7,10,N/A,2 10,5 8,2 5 7,5 10,N/A,7 10,8 10
1 2 5 7 8 10 13,0.0342773,20.3781,Yes,N/A,2,1 2,N/A,5,1 5,7,8,1 8,10,1 10,2 10,13,1 13,2 13,1 2 13,7 10,5 13
1 2 5 7 8 10 12,0.0385803,19.2959,Yes,N/A,2,1 2,N/A,5,1 5,7,8,1 8,10,1 10,12,1 12,2 12,1 2 12,1 5 10,5 12,1 5 12
2 5 7 8 10 12,0.0180183,27.7154,Yes,N/A,2,N/A,N/A,5,N/A,7,8,2 7,10,N/A,12,5 8,2 12,5 10,N/A,5 12,8 10
1 2 5 7 8 10 12 13,0.0201357,27.4679,Yes,N/A,2,1 2,N/A,5,1 5,7,8,1 8,10,1 10,12,13,1 13,2 13,1 2 13,5 12,5 13
2 5 7 8 10 13,0.0135708,29.5375,Yes,N/A,2,N/A,N/A,5,N/A,7,8,2 7,10,N/A,2 10,13,2 5 7,2 13,N/A,7 10,5 13
1 2 5 7 8 10 11,0.0481256,16.8937,Yes,N/A,2,1 2,N/A,5,1 5,7,8,1 8,10,11,1 11,2 11,1 2 11,5 10,5 11,1 5 11,7 11
2 5 7 8 10 11,0.0254083,22.5429,Yes,N/A,2,N/A,N/A,5,N/A,7,8,2 7,10,11,2 10,2 11,2 5 7,5 10,5 11,7 10,7 11
1 2 5 7 8 10 11 13,0.0250706,24.8674,Yes,N/A,2,1 2,N/A,5,1 5,7,8,1 8,10,11,1 11,13,1 13,2 13,1 2 13,1 5 11,5 13
1 2 5 7 8 10 11 12,0.0299852,22.8763,Yes,N/A,2,1 2,N/A,5,1 5,7,8,1 8,10,11,12,1 12,2 12,1 2 12,5 11,5 12,1 5 12
2 5 7 8 10 11 12,0.0144903,29.8723,Yes,N/A,2,N/A,N/A,5,N/A,7,8,2 7,10,11,12,2 11,2 12,5 10,5 11,5 12,7 11
1 2 5 7 8 10 11 12 13,0.0172602,30.5344,Yes,N/A,2,1 2,N/A,5,1 5,7,8,1 8,10,11,12,13,1 13,2 13,1 2 13,5 12,5 13
2 5 7 8 11 13,0.015743,27.2506,Yes,N/A,2,N/A,N/A,5,N/A,7,8,2 7,2 8,11,5 7,13,2 5 7,2 13,5 11,2 7 8,5 13
2 5 7 8 11 12 13,0.00862301,34.9514,Yes,N/A,2,N/A,N/A,5,N/A,7,8,2 7,2 8,11,12,13,2 12,2 13,5 11,5 12,5 13
1 2 5 7 8 9,0.0733739,11.552,Yes,N/A,2,1 2,N/A,5,1 5,7,8,9,1 9,2 9,1 2 9,5 8,5 9,1 5 9,7 9,8 9,1 8 9
2 5 7 8 9,0.0489266,14.8982,Yes,N/A,2,N/A,N/A,5,N/A,7,8,9,2 8,2 9,5 7,5 8,5 9,7 8,7 9,8 9,2 7 9
1 2 5 7 8 9 13,0.0352371,19.9755,Yes,N/A,2,1 2,N/A,5,1 5,7,8,9,1 9,2 9,1 2 9,13,1 13,2 13,1 2 13,8 9,5 13
1 2 5 7 8 9 12,0.0433827,17.6485,Yes,N/A,2,1 2,N/A,5,1 5,7,8,9,1 9,2 9,12,1 12,2 12,1 2 12,7 9,5 12,1 5 12
2 5 7 8 9 12,0.0229348,23.3334,Yes,N/A,2,N/A,N/A,5,N/A,7,8,9,2 8,2 9,12,5 8,2 12,7 8,7 9,5 12,2 7 9
1 2 5 7 8 9 12 13,0.0217588,26.2131,Yes,N/A,2,1 2,N/A,5,1 5,7,8,9,1 9,2 9,12,13,1 13,2 13,1 2 13,5 12,5 13
2 5 7 8 9 13,0.0203829,24.3578,Yes,N/A,2,N/A,N/A,5,N/A,7,8,9,2 8,2 9,5 7,13,5 9,2 13,7 9,8 9,5 13
1 2 5 7 8 9 11,0.0508277,16.0254,Yes,N/A,2,1 2,N/A,5,1 5,7,8,9,1 9,11,1 11,2 11,1 2 11,1 5 9,5 11,1 5 11,7 11
2 5 7 8 9 11,0.0302872,21.2112,Yes,N/A,2,N/A,N/A,5,N/A,7,8,9,2 8,11,5 7,2 11,5 9,7 8,5 11,8 9,7 11
1 2 5 7 8 9 11 13,0.027446,23.4272,Yes,N/A,2,1 2,N/A,5,1 5,7,8,9,1 9,11,1 11,13,1 13,2 13,1 2 13,1 5 11,5 13
1 2 5 7 8 9 11 12,0.0327975,21.4779,Yes,N/A,2,1 2,N/A,5,1 5,7,8,9,1 9,11,12,1 12,2 12,1 2 12,5 11,5 12,1 5 12
2 5 7 8 9 11 12,0.0160707,28.8562,Yes,N/A,2,N/A,N/A,5,N/A,7,8,9,2 8,11,12,2 11,2 12,7 8,5 11,5 12,7 11
1 2 5 7 8 9 11 12 13,0.018591,29.1267,Yes,N/A,2,1 2,N/A,5,1 5,7,8,9,1 9,11,12,13,1 13,2 13,1 2 13,5 12,5 13
2 5 7 8 9 12 13,0.010541,32.665,Yes,N/A,2,N/A,N/A,5,N/A,7,8,9,2 8,2 9,12,13,2 12,2 13,7 9,5 12,5 13
1 2 5 7 8 9 10,0.0550109,15.3487,Yes,N/A,2,1 2,N/A,5,1 5,7,8,9,10,1 10,2 10,1 2 10,5 9,5 10,1 5 10,7 10,8 10
2 5 7 8 9 10,0.0328541,20.1739,Yes,N/A,2,N/A,N/A,5,N/A,7,8,9,10,2 9,2 10,5 8,5 9,5 10,7 9,7 10,8 10
1 2 5 7 8 9 10 13,0.0303727,22.2828,Yes,N/A,2,1 2,N/A,5,1 5,7,8,9,10,1 10,2 10,13,1 13,2 13,1 2 13,7 10,5 13
1 2 5 7 8 9 10 12,0.0345835,20.9138,Yes,N/A,2,1 2,N/A,5,1 5,7,8,9,10,1 10,12,1 12,2 12,1 2 12,1 5 10,5 12,1 5 12
2 5 7 8 9 10 12,0.0173433,28.1478,Yes,N/A,2,N/A,N/A,5,N/A,7,8,9,10,2 9,12,5 8,2 12,5 10,7 9,5 12,8 10
1 2 5 7 8 9 10 12 13,0.0202275,28.0002,Yes,N/A,2,1 2,N/A,5,1 5,7,8,9,10,1 10,12,13,1 13,2 13,1 2 13,5 12,5 13
2 5 7 8 9 10 13,0.0145342,29.4488,Yes,N/A,2,N/A,N/A,5,N/A,7,8,9,10,2 9,2 10,13,5 9,2 13,7 9,7 10,5 13
1 2 5 7 8 9 10 11,0.0401502,19.4719,Yes,N/A,2,1 2,N/A,5,1 5,7,8,9,10,11,1 11,2 11,1 2 11,5 10,5 11,1 5 11,7 11
2 5 7 8 9 10 11,0.0221756,25.2843,Yes,N/A,2,N/A,N/A,5,N/A,7,8,9,10,11,2 10,2 11,5 9,5 10,5 11,7 10,7 11
1 2 5 7 8 9 10 11 13,0.0237849,26.1336,Yes,N/A,2,1 2,N/A,5,1 5,7,8,9,10,11,1 11,13,1 13,2 13,1 2 13,1 5 11,5 13
1 2 5 7 8 9 10 11 12,0.0279392,24.3561,Yes,N/A,2,1 2,N/A,5,1 5,7,8,9,10,11,12,1 12,2 12,1 2 12,5 11,5 12,1 5 12
2 5 7 8 9 10 11 12,0.0135725,32.142,Yes,N/A,2,N/A,N/A,5,N/A,7,8,9,10,11,12,2 11,2 12,5 10,5 11,5 12,7 11
1 2 5 7 8 9 10 11 12 13,0.0179561,30.8017,Yes,N/A,2,1 2,N/A,5,1 5,7,8,9,10,11,12,13,1 13,2 13,1 2 13,5 12,5 13
2 5 8 10 12 13,0.0073882,36.497,Yes,N/A,2,N/A,N/A,5,N/A,2 5,8,N/A,10,N/A,12,13,2 12,2 13,N/A,5 12,5 13
2 5 8 10 11 13,0.00910261,33.9506,Yes,N/A,2,N/A,N/A,5,N/A,2 5,8,N/A,10,11,2 10,13,N/A,2 13,5 11,2 5 10,5 13
2 5 8 10 11 12 13,0.00646123,40.2683,Yes,N/A,2,N/A,N/A,5,N/A,2 5,8,N/A,10,11,12,13,2 12,2 13,5 11,5 12,5 13
2 5 8 9 11 13,0.0123312,31.1352,Yes,N/A,2,N/A,N/A,5,N/A,2 5,8,9,2 8,11,N/A,13,5 9,2 13,5 11,8 9,5 13
2 5 8 9 11 12 13,0.0084723,35.6824,Yes,N/A,2,N/A,N/A,5,N/A,2 5,8,9,2 8,11,12,13,2 12,2 13,5 11,5 12,5 13
2 5 8 9 10 12 13,0.00903954,34.9006,Yes,N/A,2,N/A,N/A,5,N/A,2 5,8,9,10,2 9,12,13,2 12,2 13,2 5 9,5 12,5 13
2 5 8 9 10 11 13,0.0104776,33.607,Yes,N/A,2,N/A,N/A,5,N/A,2 5,8,9,10,11,2 10,13,5 9,2 13,5 11,2 5 10,5 13
2 5 8 9 10 11 12 13,0.00743637,39.4968,Yes,N/A,2,N/A,N/A,5,N/A,2 5,8,9,10,11,12,13,2 12,2 13,5 11,5 12,5 13
1 2 5 6,0.108532,5.98547,Yes,N/A,2,1 2,N/A,5,6,1 6,2 6,1 2 6,N/A,5 6,1 5 6,2 5 6,1 2 5 6,N/A,N/A,N/A,N/A
2 5 6,0.109053,8.58951,Yes,N/A,2,N/A,N/A,5,6,2 5,2 6,N/A,N/A,5 6,N/A,2 5 6,N/A,N/A,N/A,N/A,N/A
1 2 5 6 13,0.0456999,14.9261,Yes,N/A,2,1 2,N/A,5,6,1 6,2 6,1 2 6,N/A,5 6,1 5 6,13,1 13,2 13,1 2 13,N/A,5 13
1 2 5 6 12,0.058983,13.5807,Yes,N/A,2,1 2,N/A,5,6,1 6,2 6,1 2 6,N/A,5 6,12,1 12,2 12,1 2 12,N/A,5 12,6 12
2 5 6 12,0.0478538,16.343,Yes,N/A,2,N/A,N/A,5,6,2 5,2 6,N/A,N/A,5 6,12,2 5 6,2 12,N/A,N/A,5 12,6 12
1 2 5 6 12 13,0.0250783,23.1268,Yes,N/A,2,1 2,N/A,5,6,1 6,2 6,1 2 6,N/A,5 6,12,13,1 13,2 13,1 2 13,5 12,5 13
2 5 6 13,0.0257345,19.6525,Yes,N/A,2,N/A,N/A,5,6,2 5,2 6,N/A,N/A,5 6,N/A,13,N/A,2 13,N/A,N/A,5 13
1 2 5 6 11,0.068978,12.8283,Yes,N/A,2,1 2,N/A,5,6,1 6,2 6,1 2 6,N/A,11,1 11,2 11,1 2 11,N/A,5 11,6 11,1 6 11
2 5 6 11,0.0372514,17.5084,Yes,N/A,2,N/A,N/A,5,6,2 5,2 6,N/A,N/A,11,N/A,2 11,N/A,N/A,5 11,6 11,2 5 11
1 2 5 6 11 13,0.0266246,21.9472,Yes,N/A,2,1 2,N/A,5,6,1 6,2 6,1 2 6,N/A,11,1 11,13,1 13,2 13,1 2 13,6 11,5 13
1 2 5 6 11 12,0.032873,20.6434,Yes,N/A,2,1 2,N/A,5,6,1 6,2 6,1 2 6,N/A,11,12,1 12,2 12,1 2 12,5 11,5 12,6 12
2 5 6 11 12,0.0191535,24.6562,Yes,N/A,2,N/A,N/A,5,6,2 5,2 6,N/A,N/A,11,12,2 11,2 12,N/A,5 11,5 12,6 12
1 2 5 6 11 12 13,0.015263,30.235,Yes,N/A,2,1 2,N/A,5,6,1 6,2 6,1 2 6,N/A,11,12,13,1 13,2 13,1 2 13,5 12,5 13
2 5 6 12 13,0.0158528,26.5275,Yes,N/A,2,N/A,N/A,5,6,2 5,2 6,N/A,N/A,5 6,12,13,2 12,2 13,N/A,5 12,5 13
1 2 5 6 10,0.0950848,9.41024,Yes,N/A,2,1 2,N/A,5,6,1 6,2 6,1 2 6,10,1 10,2 10,1 2 10,1 2 5 6,5 10,6 10,1 6 10,2 6 10
2 5 6 10,0.0729738,12.6153,Yes,N/A,2,N/A,N/A,5,6,2 5,2 6,N/A,10,5 6,2 10,2 5 6,N/A,5 10,6 10,2 5 10,2 6 10
1 2 5 6 10 13,0.0403125,17.8894,Yes,N/A,2,1 2,N/A,5,6,1 6,2 6,1 2 6,10,1 10,2 10,13,1 13,2 13,1 2 13,1 6 10,5 13
1 2 5 6 10 12,0.0498266,16.118,Yes,N/A,2,1 2,N/A,5,6,1 6,2 6,1 2 6,10,1 10,12,1 12,2 12,1 2 12,6 10,5 12,6 12
2 5 6 10 12,0.0301002,20.6012,Yes,N/A,2,N/A,N/A,5,6,2 5,2 6,N/A,10,5 6,12,2 5 6,2 12,5 10,6 10,5 12,6 12
1 2 5 6 10 12 13,0.0230013,24.9083,Yes,N/A,2,1 2,N/A,5,6,1 6,2 6,1 2 6,10,1 10,12,13,1 13,2 13,1 2 13,5 12,5 13
2 5 6 10 13,0.0228962,23.1655,Yes,N/A,2,N/A,N/A,5,6,2 5,2 6,N/A,10,5 6,2 10,13,N/A,2 13,6 10,2 5 10,5 13
1 2 5 6 10 11,0.0562156,15.039,Yes,N/A,2,1 2,N/A,5,6,1 6,2 6,1 2 6,10,11,1 11,2 11,1 2 11,5 10,5 11,6 11,1 6 11
2 5 6 10 11,0.028377,20.8394,Yes,N/A,2,N/A,N/A,5,6,2 5,2 6,N/A,10,11,2 10,2 11,N/A,5 10,5 11,6 11,2 5 11
1 2 5 6 10 11 13,0.0254407,23.6998,Yes,N/A,2,1 2,N/A,5,6,1 6,2 6,1 2 6,10,11,1 11,13,1 13,2 13,1 2 13,6 11,5 13
1 2 5 6 10 11 12,0.0301738,22.4405,Yes,N/A,2,1 2,N/A,5,6,1 6,2 6,1 2 6,10,11,12,1 12,2 12,1 2 12,5 11,5 12,6 12
2 5 6 10 11 12,0.0158914,27.7739,Yes,N/A,2,N/A,N/A,5,6,2 5,2 6,N/A,10,11,12,2 11,2 12,5 10,5 11,5 12,6 12
1 2 5 6 10 11 12 13,0.015884,30.8084,Yes,N/A,2,1 2,N/A,5,6,1 6,2 6,1 2 6,10,11,12,13,1 13,2 13,1 2 13,5 12,5 13
2 5 6 11 13,0.0108296,28.4519,Yes,N/A,2,N/A,N/A,5,6,2 5,2 6,N/A,N/A,11,N/A,13,N/A,2 13,5 11,6 11,5 13
2 5 6 11 12 13,0.00754977,34.5887,Yes,N/A,2,N/A,N/A,5,6,2 5,2 6,N/A,N/A,11,12,13,2 12,2 13,5 11,5 12,5 13
1 2 5 6 9,0.106965,8.37927,Yes,N/A,2,1 2,N/A,5,6,1 6,2 6,9,1 9,2 9,1 2 9,2 5 6,5 9,6 9,1 6 9,2 6 9,1 2 6 9
2 5 6 9,0.0664795,12.6336,Yes,N/A,2,N/A,N/A,5,6,2 5,2 6,9,N/A,2 9,N/A,2 5 6,5 9,6 9,2 5 9,2 6 9,N/A
1 2 5 6 9 13,0.0443797,16.9042,Yes,N/A,2,1 2,N/A,5,6,1 6,2 6,9,1 9,2 9,1 2 9,13,1 13,2 13,1 2 13,2 6 9,5 13
1 2 5 6 9 12,0.0567104,14.786,Yes,N/A,2,1 2,N/A,5,6,1 6,2 6,9,1 9,2 9,12,1 12,2 12,1 2 12,1 6 9,5 12,6 12
2 5 6 9 12,0.0296804,19.9913,Yes,N/A,2,N/A,N/A,5,6,2 5,2 6,9,N/A,2 9,12,2 5 6,2 12,6 9,2 5 9,5 12,6 12
1 2 5 6 9 12 13,0.0265332,23.3531,Yes,N/A,2,1 2,N/A,5,6,1 6,2 6,9,1 9,2 9,12,13,1 13,2 13,1 2 13,5 12,5 13
2 5 6 9 13,0.020494,23.3222,Yes,N/A,2,N/A,N/A,5,6,2 5,2 6,9,N/A,2 9,N/A,13,5 9,2 13,2 5 9,2 6 9,5 13
1 2 5 6 9 11,0.0623757,13.6176,Yes,N/A,2,1 2,N/A,5,6,1 6,2 6,9,1 9,11,1 11,2 11,1 2 11,6 9,5 11,6 11,1 6 11
2 5 6 9 11,0.0282837,20.7814,Yes,N/A,2,N/A,N/A,5,6,2 5,2 6,9,N/A,11,N/A,2 11,5 9,6 9,5 11,6 11,2 5 11
1 2 5 6 9 11 13,0.0278579,22.4057,Yes,N/A,2,1 2,N/A,5,6,1 6,2 6,9,1 9,11,1 11,13,1 13,2 13,1 2 13,6 11,5 13
1 2 5 6 9 11 12,0.0350647,20.4282,Yes,N/A,2,1 2,N/A,5,6,1 6,2 6,9,1 9,11,12,1 12,2 12,1 2 12,5 11,5 12,6 12
2 5 6 9 11 12,0.0164716,27.1786,Yes,N/A,2,N/A,N/A,5,6,2 5,2 6,9,N/A,11,12,2 11,2 12,6 9,5 11,5 12,6 12
1 2 5 6 9 11 12 13,0.0182441,28.6716,Yes,N/A,2,1 2,N/A,5,6,1 6,2 6,9,1 9,11,12,13,1 13,2 13,1 2 13,5 12,5 13
2 5 6 9 12 13,0.0120713,29.8372,Yes,N/A,2,N/A,N/A,5,6,2 5,2 6,9,N/A,2 9,12,13,2 12,2 13,2 5 9,5 12,5 13
1 2 5 6 9 10,0.0722308,12.0783,Yes,N/A,2,1 2,N/A,5,6,1 6,2 6,9,10,1 10,2 10,1 2 10,5 9,5 10,6 10,1 6 10,2 6 10
2 5 6 9 10,0.0441696,15.5313,Yes,N/A,2,N/A,N/A,5,6,2 5,2 6,9,10,2 9,2 10,2 5 6,5 9,5 10,6 10,2 5 10,2 6 10
1 2 5 6 9 10 13,0.0350667,19.9678,Yes,N/A,2,1 2,N/A,5,6,1 6,2 6,9,10,1 10,2 10,13,1 13,2 13,1 2 13,1 6 10,5 13
1 2 5 6 9 10 12,0.0428762,18.0387,Yes,N/A,2,1 2,N/A,5,6,1 6,2 6,9,10,1 10,12,1 12,2 12,1 2 12,6 10,5 12,6 12
2 5 6 9 10 12,0.0224926,23.1932,Yes,N/A,2,N/A,N/A,5,6,2 5,2 6,9,10,2 9,12,2 5 6,2 12,5 10,6 10,5 12,6 12
1 2 5 6 9 10 12 13,0.0226178,25.9224,Yes,N/A,2,1 2,N/A,5,6,1 6,2 6,9,10,1 10,12,13,1 13,2 13,1 2 13,5 12,5 13
2 5 6 9 10 13,0.0180174,24.7549,Yes,N/A,2,N/A,N/A,5,6,2 5,2 6,9,10,2 9,2 10,13,5 9,2 13,6 10,2 5 10,5 13
1 2 5 6 9 10 11,0.0479236,17.0479,Yes,N/A,2,1 2,N/A,5,6,1 6,2 6,9,10,11,1 11,2 11,1 2 11,5 10,5 11,6 11,1 6 11
2 5 6 9 10 11,0.0251377,22.0153,Yes,N/A,2,N/A,N/A,5,6,2 5,2 6,9,10,11,2 10,2 11,5 9,5 10,5 11,6 11,2 5 11
1 2 5 6 9 10 11 13,0.0251874,24.5661,Yes,N/A,2,1 2,N/A,5,6,1 6,2 6,9,10,11,1 11,13,1 13,2 13,1 2 13,6 11,5 13
1 2 5 6 9 10 11 12,0.0299792,23.3203,Yes,N/A,2,1 2,N/A,5,6,1 6,2 6,9,10,11,12,1 12,2 12,1 2 12,5 11,5 12,6 12
2 5 6 9 10 11 12,0.0150961,28.645,Yes,N/A,2,N/A,N/A,5,6,2 5,2 6,9,10,11,12,2 11,2 12,5 10,5 11,5 12,6 12
1 2 5 6 9 10 11 12 13,0.017651,30.5675,Yes,N/A,2,1 2,N/A,5,6,1 6,2 6,9,10,11,12,13,1 13,2 13,1 2 13,5 12,5 13
2 5 6 10 12 13,0.0125961,30.3085,Yes,N/A,2,N/A,N/A,5,6,2 5,2 6,N/A,10,5 6,12,13,2 12,2 13,6 10,5 12,5 13
2 5 6 10 11 13,0.0107349,31.433,Yes,N/A,2,N/A,N/A,5,6,2 5,2 6,N/A,10,11,2 10,13,N/A,2 13,5 11,6 11,5 13
2 5 6 10 11 12 13,0.00735434,37.5535,Yes,N/A,2,N/A,N/A,5,6,2 5,2 6,N/A,10,11,12,13,2 12,2 13,5 11,5 12,5 13
1 2 5 6 8,0.107679,7.97833,Yes,N/A,2,1 2,N/A,5,6,1 6,8,1 8,2 8,1 2 8,1 5 6,5 8,6 8,1 6 8,2 6 8,1 2 6 8,N/A
2 5 6 8,0.0692569,11.7715,Yes,N/A,2,N/A,N/A,5,6,2 5,8,N/A,2 8,5 6,N/A,5 8,6 8,2 5 8,2 6 8,N/A,N/A
1 2 5 6 8 13,0.0448286,16.7099,Yes,N/A,2,1 2,N/A,5,6,1 6,8,1 8,2 8,1 2 8,1 5 6,13,1 13,2 13,1 2 13,1 2 6 8,5 13
1 2 5 6 8 12,0.0564935,14.51,Yes,N/A,2,1 2,N/A,5,6,1 6,8,1 8,2 8,1 2 8,12,1 12,2 12,1 2 12,2 6 8,5 12,6 12
2 5 6 8 12,0.0332608,18.7116,Yes,N/A,2,N/A,N/A,5,6,2 5,8,N/A,2 8,5 6,12,5 8,2 12,2 5 8,2 6 8,5 12,6 12
1 2 5 6 8 12 13,0.0259261,23.4448,Yes,N/A,2,1 2,N/A,5,6,1 6,8,1 8,2 8,1 2 8,12,13,1 13,2 13,1 2 13,5 12,5 13
2 5 6 8 13,0.0223955,22.4547,Yes,N/A,2,N/A,N/A,5,6,2 5,8,N/A,2 8,5 6,N/A,13,6 8,2 13,2 6 8,N/A,5 13
1 2 5 6 8 11,0.0608286,13.4187,Yes,N/A,2,1 2,N/A,5,6,1 6,8,1 8,2 8,11,1 11,2 11,1 2 11,1 6 8,5 11,6 11,1 6 11
2 5 6 8 11,0.0285321,19.8618,Yes,N/A,2,N/A,N/A,5,6,2 5,8,N/A,2 8,11,N/A,2 11,6 8,2 5 8,5 11,6 11,2 5 11
1 2 5 6 8 11 13,0.0280977,22.1381,Yes,N/A,2,1 2,N/A,5,6,1 6,8,1 8,2 8,11,1 11,13,1 13,2 13,1 2 13,6 11,5 13
1 2 5 6 8 11 12,0.0348167,20.1424,Yes,N/A,2,1 2,N/A,5,6,1 6,8,1 8,2 8,11,12,1 12,2 12,1 2 12,5 11,5 12,6 12
2 5 6 8 11 12,0.016812,26.329,Yes,N/A,2,N/A,N/A,5,6,2 5,8,N/A,2 8,11,12,2 11,2 12,2 5 8,5 11,5 12,6 12
1 2 5 6 8 11 12 13,0.018001,28.6487,Yes,N/A,2,1 2,N/A,5,6,1 6,8,1 8,2 8,11,12,13,1 13,2 13,1 2 13,5 12,5 13
2 5 6 8 12 13,0.0136823,28.6209,Yes,N/A,2,N/A,N/A,5,6,2 5,8,N/A,2 8,5 6,12,13,2 12,2 13,2 6 8,5 12,5 13
1 2 5 6 8 10,0.0741369,11.1876,Yes,N/A,2,1 2,N/A,5,6,1 6,8,1 8,10,1 10,2 10,1 2 10,6 8,5 10,6 10,1 6 10,8 10
2 5 6 8 10,0.041955,16.3173,Yes,N/A,2,N/A,N/A,5,6,2 5,8,N/A,10,5 6,2 10,5 8,6 8,5 10,6 10,2 5 10,8 10
1 2 5 6 8 10 13,0.0355877,19.6314,Yes,N/A,2,1 2,N/A,5,6,1 6,8,1 8,10,1 10,2 10,13,1 13,2 13,1 2 13,1 6 10,5 13
1 2 5 6 8 10 12,0.04478,17.2265,Yes,N/A,2,1 2,N/A,5,6,1 6,8,1 8,10,1 10,12,1 12,2 12,1 2 12,6 10,5 12,6 12
2 5 6 8 10 12,0.0221973,24.6625,Yes,N/A,2,N/A,N/A,5,6,2 5,8,N/A,10,5 6,12,5 8,2 12,5 10,6 10,5 12,6 12
1 2 5 6 8 10 12 13,0.0230423,25.625,Yes,N/A,2,1 2,N/A,5,6,1 6,8,1 8,10,1 10,12,13,1 13,2 13,1 2 13,5 12,5 13
2 5 6 8 10 13,0.0168716,26.4359,Yes,N/A,2,N/A,N/A,5,6,2 5,8,N/A,10,5 6,2 10,13,6 8,2 13,6 10,2 5 10,5 13
1 2 5 6 8 10 11,0.049573,16.1788,Yes,N/A,2,1 2,N/A,5,6,1 6,8,1 8,10,11,1 11,2 11,1 2 11,5 10,5 11,6 11,1 6 11
2 5 6 8 10 11,0.024444,23.3632,Yes,N/A,2,N/A,N/A,5,6,2 5,8,N/A,10,11,2 10,2 11,6 8,5 10,5 11,6 11,2 5 11
1 2 5 6 8 10 11 13,0.0251082,24.6318,Yes,N/A,2,1 2,N/A,5,6,1 6,8,1 8,10,11,1 11,13,1 13,2 13,1 2 13,6 11,5 13
1 2 5 6 8 10 11 12,0.0309461,22.449,Yes,N/A,2,1 2,N/A,5,6,1 6,8,1 8,10,11,12,1 12,2 12,1 2 12,5 11,5 12,6 12
2 5 6 8 10 11 12,0.0143515,30.9108,Yes,N/A,2,N/A,N/A,5,6,2 5,8,N/A,10,11,12,2 11,2 12,5 10,5 11,5 12,6 12
1 2 5 6 8 10 11 12 13,0.0176261,30.2543,Yes,N/A,2,1 2,N/A,5,6,1 6,8,1 8,10,11,12,13,1 13,2 13,1 2 13,5 12,5 13
2 5 6 8 11 13,0.0112031,30.6589,Yes,N/A,2,N/A,N/A,5,6,2 5,8,N/A,2 8,11,N/A,13,6 8,2 13,5 11,6 11,5 13
2 5 6 8 11 12 13,0.00785672,36.1927,Yes,N/A,2,N/A,N/A,5,6,2 5,8,N/A,2 8,11,12,13,2 12,2 13,5 11,5 12,5 13
1 2 5 6 8 9,0.0780962,10.4092,Yes,N/A,2,1 2,N/A,5,6,1 6,8,9,1 9,2 9,1 2 9,5 8,5 9,6 9,1 6 9,8 9,1 8 9
2 5 6 8 9,0.0454976,15.6102,Yes,N/A,2,N/A,N/A,5,6,2 5,8,9,2 8,2 9,N/A,5 8,5 9,6 9,2 5 9,8 9,N/A
1 2 5 6 8 9 13,0.0366619,19.1953,Yes,N/A,2,1 2,N/A,5,6,1 6,8,9,1 9,2 9,1 2 9,13,1 13,2 13,1 2 13,8 9,5 13
1 2 5 6 8 9 12,0.0483502,16.3118,Yes,N/A,2,1 2,N/A,5,6,1 6,8,9,1 9,2 9,12,1 12,2 12,1 2 12,1 6 9,5 12,6 12
2 5 6 8 9 12,0.026821,20.9759,Yes,N/A,2,N/A,N/A,5,6,2 5,8,9,2 8,2 9,12,5 8,2 12,6 9,2 5 9,5 12,6 12
1 2 5 6 8 9 12 13,0.0250472,24.3428,Yes,N/A,2,1 2,N/A,5,6,1 6,8,9,1 9,2 9,12,13,1 13,2 13,1 2 13,5 12,5 13
2 5 6 8 9 13,0.0177755,25.738,Yes,N/A,2,N/A,N/A,5,6,2 5,8,9,2 8,2 9,N/A,13,5 9,2 13,2 5 9,8 9,5 13
1 2 5 6 8 9 11,0.0531399,15.3998,Yes,N/A,2,1 2,N/A,5,6,1 6,8,9,1 9,11,1 11,2 11,1 2 11,6 9,5 11,6 11,1 6 11
2 5 6 8 9 11,0.0264219,22.8992,Yes,N/A,2,N/A,N/A,5,6,2 5,8,9,2 8,11,N/A,2 11,5 9,6 9,5 11,6 11,2 5 11
1 2 5 6 8 9 11 13,0.0267474,23.8393,Yes,N/A,2,1 2,N/A,5,6,1 6,8,9,1 9,11,1 11,13,1 13,2 13,1 2 13,6 11,5 13
1 2 5 6 8 9 11 12,0.0335327,21.3496,Yes,N/A,2,1 2,N/A,5,6,1 6,8,9,1 9,11,12,1 12,2 12,1 2 12,5 11,5 12,6 12
2 5 6 8 9 11 12,0.0170498,27.1732,Yes,N/A,2,N/A,N/A,5,6,2 5,8,9,2 8,11,12,2 11,2 12,6 9,5 11,5 12,6 12
1 2 5 6 8 9 11 12 13,0.0191367,28.7658,Yes,N/A,2,1 2,N/A,5,6,1 6,8,9,1 9,11,12,13,1 13,2 13,1 2 13,5 12,5 13
2 5 6 8 9 12 13,0.0118765,30.2852,Yes,N/A,2,N/A,N/A,5,6,2 5,8,9,2 8,2 9,12,13,2 12,2 13,2 5 9,5 12,5 13
1 2 5 6 8 9 10,0.0612148,13.9051,Yes,N/A,2,1 2,N/A,5,6,1 6,8,9,10,1 10,2 10,1 2 10,5 9,5 10,6 10,1 6 10,8 10
2 5 6 8 9 10,0.0369554,18.2689,Yes,N/A,2,N/A,N/A,5,6,2 5,8,9,10,2 9,2 10,5 8,5 9,5 10,6 10,2 5 10,8 10
1 2 5 6 8 9 10 13,0.0317583,21.471,Yes,N/A,2,1 2,N/A,5,6,1 6,8,9,10,1 10,2 10,13,1 13,2 13,1 2 13,1 6 10,5 13
1 2 5 6 8 9 10 12,0.0397873,19.0391,Yes,N/A,2,1 2,N/A,5,6,1 6,8,9,10,1 10,12,1 12,2 12,1 2 12,6 10,5 12,6 12
2 5 6 8 9 10 12,0.0215069,24.6725,Yes,N/A,2,N/A,N/A,5,6,2 5,8,9,10,2 9,12,5 8,2 12,5 10,6 10,5 12,6 12
1 2 5 6 8 9 10 12 13,0.022622,26.3055,Yes,N/A,2,1 2,N/A,5,6,1 6,8,9,10,1 10,12,13,1 13,2 13,1 2 13,5 12,5 13
2 5 6 8 9 10 13,0.0159356,27.5273,Yes,N/A,2,N/A,N/A,5,6,2 5,8,9,10,2 9,2 10,13,5 9,2 13,6 10,2 5 10,5 13
1 2 5 6 8 9 10 11,0.0437858,18.2139,Yes,N/A,2,1 2,N/A,5,6,1 6,8,9,10,11,1 11,2 11,1 2 11,5 10,5 11,6 11,1 6 11
2 5 6 8 9 10 11,0.0232495,24.2168,Yes,N/A,2,N/A,N/A,5,6,2 5,8,9,10,11,2 10,2 11,5 9,5 10,5 11,6 11,2 5 11
1 2 5 6 8 9 10 11 13,0.0249532,25.3012,Yes,N/A,2,1 2,N/A,5,6,1 6,8,9,10,11,1 11,13,1 13,2 13,1 2 13,6 11,5 13
1 2 5 6 8 9 10 11 12,0.0300066,23.5159,Yes,N/A,2,1 2,N/A,5,6,1 6,8,9,10,11,12,1 12,2 12,1 2 12,5 11,5 12,6 12
2 5 6 8 9 10 11 12,0.0151231,29.7259,Yes,N/A,2,N/A,N/A,5,6,2 5,8,9,10,11,12,2 11,2 12,5 10,5 11,5 12,6 12
1 2 5 6 8 9 10 11 12 13,0.0190193,29.8992,Yes,N/A,2,1 2,N/A,5,6,1 6,8,9,10,11,12,13,1 13,2 13,1 2 13,5 12,5 13
2 5 6 9 11 13,0.0108833,31.6178,Yes,N/A,2,N/A,N/A,5,6,2 5,2 6,9,N/A,11,N/A,13,5 9,2 13,5 11,6 11,5 13
2 5 6 9 11 12 13,0.00758809,37.0376,Yes,N/A,2,N/A,N/A,5,6,2 5,2 6,9,N/A,11,12,13,2 12,2 13,5 11,5 12,5 13
2 5 6 9 10 12 13,0.0110531,31.5066,Yes,N/A,2,N/A,N/A,5,6,2 5,2 6,9,10,2 9,12,13,2 12,2 13,6 10,5 12,5 13
2 5 6 9 10 11 13,0.0115149,31.1221,Yes,N/A,2,N/A,N/A,5,6,2 5,2 6,9,10,11,2 10,13,5 9,2 13,5 11,6 11,5 13
2 5 6 9 10 11 12 13,0.00803229,36.9115,Yes,N/A,2,N/A,N/A,5,6,2 5,2 6,9,10,11,12,13,2 12,2 13,5 11,5 12,5 13
1 2 5 6 7,0.109215,7.51654,Yes,N/A,2,1 2,N/A,5,6,7,1 7,2 7,1 2 7,5 6,5 7,6 7,1 6 7,2 6 7,1 2 6 7,N/A,5 6 7
2 5 6 7,0.0766336,10.0635,Yes,N/A,2,N/A,N/A,5,6,7,2 6,2 7,N/A,5 6,5 7,6 7,2 5 7,2 6 7,N/A,N/A,5 6 7
1 2 5 6 7 13,0.0501958,15.7623,Yes,N/A,2,1 2,N/A,5,6,7,1 7,2 7,1 2 7,5 6,5 7,13,1 13,2 13,1 2 13,N/A,5 13
1 2 5 6 7 12,0.0598417,13.9089,Yes,N/A,2,1 2,N/A,5,6,7,1 7,2 7,1 2 7,5 6,12,1 12,2 12,1 2 12,1 2 6 7,5 12,6 12
2 5 6 7 12,0.0309983,18.8527,Yes,N/A,2,N/A,N/A,5,6,7,2 6,2 7,N/A,5 6,12,6 7,2 12,2 6 7,N/A,5 12,6 12
1 2 5 6 7 12 13,0.0277231,22.9709,Yes,N/A,2,1 2,N/A,5,6,7,1 7,2 7,1 2 7,5 6,12,13,1 13,2 13,1 2 13,5 12,5 13
2 5 6 7 13,0.0254076,20.5325,Yes,N/A,2,N/A,N/A,5,6,7,2 6,2 7,N/A,5 6,5 7,13,2 5 7,2 13,N/A,N/A,5 13
1 2 5 6 7 11,0.0578259,13.3983,Yes,N/A,2,1 2,N/A,5,6,7,1 7,2 7,1 2 7,11,1 11,2 11,1 2 11,2 6 7,5 11,6 11,7 11
2 5 6 7 11,0.0358228,17.2439,Yes,N/A,2,N/A,N/A,5,6,7,2 6,2 7,N/A,11,5 7,2 11,2 5 7,2 6 7,5 11,6 11,7 11
1 2 5 6 7 11 13,0.028059,21.9938,Yes,N/A,2,1 2,N/A,5,6,7,1 7,2 7,1 2 7,11,1 11,13,1 13,2 13,1 2 13,6 11,5 13
1 2 5 6 7 11 12,0.0332326,20.6015,Yes,N/A,2,1 2,N/A,5,6,7,1 7,2 7,1 2 7,11,12,1 12,2 12,1 2 12,5 11,5 12,6 12
2 5 6 7 11 12,0.0174518,25.9932,Yes,N/A,2,N/A,N/A,5,6,7,2 6,2 7,N/A,11,12,2 11,2 12,2 6 7,5 11,5 12,6 12
1 2 5 6 7 11 12 13,0.0169318,29.5189,Yes,N/A,2,1 2,N/A,5,6,7,1 7,2 7,1 2 7,11,12,13,1 13,2 13,1 2 13,5 12,5 13
2 5 6 7 12 13,0.0127613,29.0042,Yes,N/A,2,N/A,N/A,5,6,7,2 6,2 7,N/A,5 6,12,13,2 12,2 13,N/A,5 12,5 13
1 2 5 6 7 10,0.0721538,11.0711,Yes,N/A,2,1 2,N/A,5,6,7,1 7,2 7,10,1 10,2 10,1 2 10,1 6 7,5 10,6 10,7 10,1 7 10
2 5 6 7 10,0.050573,13.7161,Yes,N/A,2,N/A,N/A,5,6,7,2 6,2 7,10,5 6,2 10,6 7,2 5 7,5 10,6 10,7 10,2 6 10
1 2 5 6 7 10 13,0.0376429,18.7802,Yes,N/A,2,1 2,N/A,5,6,7,1 7,2 7,10,1 10,2 10,13,1 13,2 13,1 2 13,7 10,5 13
1 2 5 6 7 10 12,0.0455731,16.8893,Yes,N/A,2,1 2,N/A,5,6,7,1 7,2 7,10,1 10,12,1 12,2 12,1 2 12,6 10,5 12,6 12
2 5 6 7 10 12,0.0256175,21.7634,Yes,N/A,2,N/A,N/A,5,6,7,2 6,2 7,10,5 6,12,6 7,2 12,5 10,6 10,5 12,6 12
1 2 5 6 7 10 12 13,0.0235488,25.2401,Yes,N/A,2,1 2,N/A,5,6,7,1 7,2 7,10,1 10,12,13,1 13,2 13,1 2 13,5 12,5 13
2 5 6 7 10 13,0.0202846,23.2734,Yes,N/A,2,N/A,N/A,5,6,7,2 6,2 7,10,5 6,2 10,13,2 5 7,2 13,6 10,7 10,5 13
1 2 5 6 7 10 11,0.0502455,15.987,Yes,N/A,2,1 2,N/A,5,6,7,1 7,2 7,10,11,1 11,2 11,1 2 11,5 10,5 11,6 11,7 11
2 5 6 7 10 11,0.0288819,20.4002,Yes,N/A,2,N/A,N/A,5,6,7,2 6,2 7,10,11,2 10,2 11,2 5 7,5 10,5 11,6 11,7 11
1 2 5 6 7 10 11 13,0.0262815,23.7654,Yes,N/A,2,1 2,N/A,5,6,7,1 7,2 7,10,11,1 11,13,1 13,2 13,1 2 13,6 11,5 13
1 2 5 6 7 10 11 12,0.031027,22.5082,Yes,N/A,2,1 2,N/A,5,6,7,1 7,2 7,10,11,12,1 12,2 12,1 2 12,5 11,5 12,6 12
2 5 6 7 10 11 12,0.0164567,27.6125,Yes,N/A,2,N/A,N/A,5,6,7,2 6,2 7,10,11,12,2 11,2 12,5 10,5 11,5 12,6 12
1 2 5 6 7 10 11 12 13,0.0175426,30.3517,Yes,N/A,2,1 2,N/A,5,6,7,1 7,2 7,10,11,12,13,1 13,2 13,1 2 13,5 12,5 13
2 5 6 7 11 13,0.0139375,27.6823,Yes,N/A,2,N/A,N/A,5,6,7,2 6,2 7,N/A,11,5 7,13,2 5 7,2 13,5 11,6 11,5 13
2 5 6 7 11 12 13,0.00792708,35.99,Yes,N/A,2,N/A,N/A,5,6,7,2 6,2 7,N/A,11,12,13,2 12,2 13,5 11,5 12,5 13
1 2 5 6 7 9,0.0780894,9.84943,Yes,N/A,2,1 2,N/A,5,6,7,1 7,9,1 9,2 9,1 2 9,6 7,5 9,6 9,7 9,1 7 9,2 7 9
2 5 6 7 9,0.0504517,14.5766,Yes,N/A,2,N/A,N/A,5,6,7,2 6,9,N/A,2 9,5 7,6 7,5 9,6 9,7 9,2 6 9,2 7 9
1 2 5 6 7 9 13,0.0373628,18.797,Yes,N/A,2,1 2,N/A,5,6,7,1 7,9,1 9,2 9,1 2 9,13,1 13,2 13,1 2 13,1 7 9,5 13
1 2 5 6 7 9 12,0.0489686,16.1258,Yes,N/A,2,1 2,N/A,5,6,7,1 7,9,1 9,2 9,12,1 12,2 12,1 2 12,7 9,5 12,6 12
2 5 6 7 9 12,0.0247654,23.2294,Yes,N/A,2,N/A,N/A,5,6,7,2 6,9,N/A,2 9,12,6 7,2 12,6 9,7 9,5 12,6 12
1 2 5 6 7 9 12 13,0.0243617,24.9002,Yes,N/A,2,1 2,N/A,5,6,7,1 7,9,1 9,2 9,12,13,1 13,2 13,1 2 13,5 12,5 13
2 5 6 7 9 13,0.0196003,24.7705,Yes,N/A,2,N/A,N/A,5,6,7,2 6,9,N/A,2 9,5 7,13,5 9,2 13,7 9,2 6 9,5 13
1 2 5 6 7 9 11,0.0559391,14.6195,Yes,N/A,2,1 2,N/A,5,6,7,1 7,9,1 9,11,1 11,2 11,1 2 11,6 9,5 11,6 11,7 11
2 5 6 7 9 11,0.0309505,21.7025,Yes,N/A,2,N/A,N/A,5,6,7,2 6,9,N/A,11,5 7,2 11,5 9,6 9,5 11,6 11,7 11
1 2 5 6 7 9 11 13,0.0278379,23.2705,Yes,N/A,2,1 2,N/A,5,6,7,1 7,9,1 9,11,1 11,13,1 13,2 13,1 2 13,6 11,5 13
1 2 5 6 7 9 11 12,0.0343594,21.1295,Yes,N/A,2,1 2,N/A,5,6,7,1 7,9,1 9,11,12,1 12,2 12,1 2 12,5 11,5 12,6 12
2 5 6 7 9 11 12,0.0164223,29.8876,Yes,N/A,2,N/A,N/A,5,6,7,2 6,9,N/A,11,12,2 11,2 12,6 9,5 11,5 12,6 12
1 2 5 6 7 9 11 12 13,0.0186781,29.3741,Yes,N/A,2,1 2,N/A,5,6,7,1 7,9,1 9,11,12,13,1 13,2 13,1 2 13,5 12,5 13
2 5 6 7 9 12 13,0.0110201,33.0595,Yes,N/A,2,N/A,N/A,5,6,7,2 6,9,N/A,2 9,12,13,2 12,2 13,7 9,5 12,5 13
1 2 5 6 7 9 10,0.0654549,12.9676,Yes,N/A,2,1 2,N/A,5,6,7,1 7,9,10,1 10,2 10,1 2 10,5 9,5 10,6 10,7 10,1 7 10
2 5 6 7 9 10,0.0430288,16.9339,Yes,N/A,2,N/A,N/A,5,6,7,2 6,9,10,2 9,2 10,6 7,5 9,5 10,6 10,7 10,2 6 10
1 2 5 6 7 9 10 13,0.0345641,20.4092,Yes,N/A,2,1 2,N/A,5,6,7,1 7,9,10,1 10,2 10,13,1 13,2 13,1 2 13,7 10,5 13
1 2 5 6 7 9 10 12,0.0412595,18.7399,Yes,N/A,2,1 2,N/A,5,6,7,1 7,9,10,1 10,12,1 12,2 12,1 2 12,6 10,5 12,6 12
2 5 6 7 9 10 12,0.0222039,24.7108,Yes,N/A,2,N/A,N/A,5,6,7,2 6,9,10,2 9,12,6 7,2 12,5 10,6 10,5 12,6 12
1 2 5 6 7 9 10 12 13,0.0229208,26.3968,Yes,N/A,2,1 2,N/A,5,6,7,1 7,9,10,1 10,12,13,1 13,2 13,1 2 13,5 12,5 13
2 5 6 7 9 10 13,0.0180907,26.0398,Yes,N/A,2,N/A,N/A,5,6,7,2 6,9,10,2 9,2 10,13,5 9,2 13,6 10,7 10,5 13
1 2 5 6 7 9 10 11,0.0471204,17.2408,Yes,N/A,2,1 2,N/A,5,6,7,1 7,9,10,11,1 11,2 11,1 2 11,5 10,5 11,6 11,7 11
2 5 6 7 9 10 11,0.0264215,22.7413,Yes,N/A,2,N/A,N/A,5,6,7,2 6,9,10,11,2 10,2 11,5 9,5 10,5 11,6 11,7 11
1 2 5 6 7 9 10 11 13,0.0264525,24.4118,Yes,N/A,2,1 2,N/A,5,6,7,1 7,9,10,11,1 11,13,1 13,2 13,1 2 13,6 11,5 13
1 2 5 6 7 9 10 11 12,0.0313117,22.8458,Yes,N/A,2,1 2,N/A,5,6,7,1 7,9,10,11,12,1 12,2 12,1 2 12,5 11,5 12,6 12
2 5 6 7 9 10 11 12,0.0159034,29.4339,Yes,N/A,2,N/A,N/A,5,6,7,2 6,9,10,11,12,2 11,2 12,5 10,5 11,5 12,6 12
1 2 5 6 7 9 10 11 12 13,0.0191495,29.7652,Yes,N/A,2,1 2,N/A,5,6,7,1 7,9,10,11,12,13,1 13,2 13,1 2 13,5 12,5 13
2 5 6 7 10 12 13,0.011887,30.6135,Yes,N/A,2,N/A,N/A,5,6,7,2 6,2 7,10,5 6,12,13,2 12,2 13,6 10,5 12,5 13
2 5 6 7 10 11 13,0.0123726,29.9805,Yes,N/A,2,N/A,N/A,5,6,7,2 6,2 7,10,11,2 10,13,2 5 7,2 13,5 11,6 11,5 13
2 5 6 7 10 11 12 13,0.00826826,36.4271,Yes,N/A,2,N/A,N/A,5,6,7,2 6,2 7,10,11,12,13,2 12,2 13,5 11,5 12,5 13
1 2 5 6 7 8,0.0800119,9.48773,Yes,N/A,2,1 2,N/A,5,6,7,8,1 8,2 8,1 2 8,5 7,5 8,6 8,7 8,1 7 8,2 7 8,1 2 7 8
2 5 6 7 8,0.0623103,11.8332,Yes,N/A,2,N/A,N/A,5,6,7,8,2 7,2 8,5 6,5 7,5 8,6 8,7 8,2 6 8,2 7 8,5 6 7
1 2 5 6 7 8 13,0.039891,18.0823,Yes,N/A,2,1 2,N/A,5,6,7,8,1 8,2 8,1 2 8,5 7,13,1 13,2 13,1 2 13,2 7 8,5 13
1 2 5 6 7 8 12,0.0475555,16.4825,Yes,N/A,2,1 2,N/A,5,6,7,8,1 8,2 8,1 2 8,12,1 12,2 12,1 2 12,1 7 8,5 12,6 12
2 5 6 7 8 12,0.0323541,19.3061,Yes,N/A,2,N/A,N/A,5,6,7,8,2 7,2 8,5 6,12,5 8,2 12,7 8,2 6 8,5 12,6 12
1 2 5 6 7 8 12 13,0.0235711,25.5091,Yes,N/A,2,1 2,N/A,5,6,7,8,1 8,2 8,1 2 8,12,13,1 13,2 13,1 2 13,5 12,5 13
2 5 6 7 8 13,0.0243531,21.6332,Yes,N/A,2,N/A,N/A,5,6,7,8,2 7,2 8,5 6,5 7,13,6 8,2 13,2 6 8,2 7 8,5 13
1 2 5 6 7 8 11,0.0575905,14.3399,Yes,N/A,2,1 2,N/A,5,6,7,8,1 8,2 8,11,1 11,2 11,1 2 11,7 8,5 11,6 11,7 11
2 5 6 7 8 11,0.0378875,18.1943,Yes,N/A,2,N/A,N/A,5,6,7,8,2 7,2 8,11,5 7,2 11,6 8,7 8,5 11,6 11,7 11
1 2 5 6 7 8 11 13,0.0294662,22.4699,Yes,N/A,2,1 2,N/A,5,6,7,8,1 8,2 8,11,1 11,13,1 13,2 13,1 2 13,6 11,5 13
1 2 5 6 7 8 11 12,0.0345558,21.1444,Yes,N/A,2,1 2,N/A,5,6,7,8,1 8,2 8,11,12,1 12,2 12,1 2 12,5 11,5 12,6 12
2 5 6 7 8 11 12,0.0199866,25.6378,Yes,N/A,2,N/A,N/A,5,6,7,8,2 7,2 8,11,12,2 11,2 12,7 8,5 11,5 12,6 12
1 2 5 6 7 8 11 12 13,0.0187377,29.5808,Yes,N/A,2,1 2,N/A,5,6,7,8,1 8,2 8,11,12,13,1 13,2 13,1 2 13,5 12,5 13
2 5 6 7 8 12 13,0.0136479,28.9923,Yes,N/A,2,N/A,N/A,5,6,7,8,2 7,2 8,5 6,12,13,2 12,2 13,2 6 8,5 12,5 13
1 2 5 6 7 8 10,0.0687048,12.4191,Yes,N/A,2,1 2,N/A,5,6,7,8,1 8,10,1 10,2 10,1 2 10,6 8,5 10,6 10,7 10,8 10
2 5 6 7 8 10,0.046569,16.2963,Yes,N/A,2,N/A,N/A,5,6,7,8,2 7,10,5 6,2 10,5 8,6 8,5 10,6 10,7 10,8 10
1 2 5 6 7 8 10 13,0.036103,19.9326,Yes,N/A,2,1 2,N/A,5,6,7,8,1 8,10,1 10,2 10,13,1 13,2 13,1 2 13,7 10,5 13
1 2 5 6 7 8 10 12,0.0435322,17.8632,Yes,N/A,2,1 2,N/A,5,6,7,8,1 8,10,1 10,12,1 12,2 12,1 2 12,6 10,5 12,6 12
2 5 6 7 8 10 12,0.0250568,23.3009,Yes,N/A,2,N/A,N/A,5,6,7,8,2 7,10,5 6,12,5 8,2 12,5 10,6 10,5 12,6 12
1 2 5 6 7 8 10 12 13,0.023705,25.6777,Yes,N/A,2,1 2,N/A,5,6,7,8,1 8,10,1 10,12,13,1 13,2 13,1 2 13,5 12,5 13
2 5 6 7 8 10 13,0.0195149,25.6128,Yes,N/A,2,N/A,N/A,5,6,7,8,2 7,10,5 6,2 10,13,6 8,2 13,6 10,7 10,5 13
1 2 5 6 7 8 10 11,0.049299,16.6307,Yes,N/A,2,1 2,N/A,5,6,7,8,1 8,10,11,1 11,2 11,1 2 11,5 10,5 11,6 11,7 11
2 5 6 7 8 10 11,0.0289221,21.7821,Yes,N/A,2,N/A,N/A,5,6,7,8,2 7,10,11,2 10,2 11,6 8,5 10,5 11,6 11,7 11
1 2 5 6 7 8 10 11 13,0.0274344,23.9554,Yes,N/A,2,1 2,N/A,5,6,7,8,1 8,10,11,1 11,13,1 13,2 13,1 2 13,6 11,5 13
1 2 5 6 7 8 10 11 12,0.0324184,22.2842,Yes,N/A,2,1 2,N/A,5,6,7,8,1 8,10,11,12,1 12,2 12,1 2 12,5 11,5 12,6 12
2 5 6 7 8 10 11 12,0.0174101,28.1007,Yes,N/A,2,N/A,N/A,5,6,7,8,2 7,10,11,12,2 11,2 12,5 10,5 11,5 12,6 12
1 2 5 6 7 8 10 11 12 13,0.019516,29.4368,Yes,N/A,2,1 2,N/A,5,6,7,8,1 8,10,11,12,13,1 13,2 13,1 2 13,5 12,5 13
2 5 6 7 8 11 13,0.0157935,27.9493,Yes,N/A,2,N/A,N/A,5,6,7,8,2 7,2 8,11,5 7,13,6 8,2 13,5 11,6 11,5 13
2 5 6 7 8 11 12 13,0.00954314,35.0431,Yes,N/A,2,N/A,N/A,5,6,7,8,2 7,2 8,11,12,13,2 12,2 13,5 11,5 12,5 13
1 2 5 6 7 8 9,0.0741416,11.8654,Yes,N/A,2,1 2,N/A,5,6,7,8,9,1 9,2 9,1 2 9,5 8,5 9,6 9,7 9,8 9,1 8 9
2 5 6 7 8 9,0.0524049,15.2205,Yes,N/A,2,N/A,N/A,5,6,7,8,9,2 8,2 9,5 7,5 8,5 9,6 9,7 9,8 9,2 7 9
1 2 5 6 7 8 9 13,0.03642,20.2583,Yes,N/A,2,1 2,N/A,5,6,7,8,9,1 9,2 9,1 2 9,13,1 13,2 13,1 2 13,8 9,5 13
1 2 5 6 7 8 9 12,0.0465817,17.3964,Yes,N/A,2,1 2,N/A,5,6,7,8,9,1 9,2 9,12,1 12,2 12,1 2 12,7 9,5 12,6 12
2 5 6 7 8 9 12,0.0276111,22.1779,Yes,N/A,2,N/A,N/A,5,6,7,8,9,2 8,2 9,12,5 8,2 12,6 9,7 9,5 12,6 12
1 2 5 6 7 8 9 12 13,0.0247715,25.5436,Yes,N/A,2,1 2,N/A,5,6,7,8,9,1 9,2 9,12,13,1 13,2 13,1 2 13,5 12,5 13
2 5 6 7 8 9 13,0.0215026,24.5004,Yes,N/A,2,N/A,N/A,5,6,7,8,9,2 8,2 9,5 7,13,5 9,2 13,7 9,8 9,5 13
1 2 5 6 7 8 9 11,0.0533088,15.7653,Yes,N/A,2,1 2,N/A,5,6,7,8,9,1 9,11,1 11,2 11,1 2 11,6 9,5 11,6 11,7 11
2 5 6 7 8 9 11,0.0322539,20.8769,Yes,N/A,2,N/A,N/A,5,6,7,8,9,2 8,11,5 7,2 11,5 9,6 9,5 11,6 11,7 11
1 2 5 6 7 8 9 11 13,0.0292224,23.2413,Yes,N/A,2,1 2,N/A,5,6,7,8,9,1 9,11,1 11,13,1 13,2 13,1 2 13,6 11,5 13
1 2 5 6 7 8 9 11 12,0.0349312,21.3767,Yes,N/A,2,1 2,N/A,5,6,7,8,9,1 9,11,12,1 12,2 12,1 2 12,5 11,5 12,6 12
2 5 6 7 8 9 11 12,0.0189724,27.4183,Yes,N/A,2,N/A,N/A,5,6,7,8,9,2 8,11,12,2 11,2 12,6 9,5 11,5 12,6 12
1 2 5 6 7 8 9 11 12 13,0.0206939,28.6912,Yes,N/A,2,1 2,N/A,5,6,7,8,9,1 9,11,12,13,1 13,2 13,1 2 13,5 12,5 13
2 5 6 7 8 9 12 13,0.0128873,31.2763,Yes,N/A,2,N/A,N/A,5,6,7,8,9,2 8,2 9,12,13,2 12,2 13,7 9,5 12,5 13
1 2 5 6 7 8 9 10,0.0586592,14.8032,Yes,N/A,2,1 2,N/A,5,6,7,8,9,10,1 10,2 10,1 2 10,5 9,5 10,6 10,7 10,8 10
2 5 6 7 8 9 10,0.0379568,18.6671,Yes,N/A,2,N/A,N/A,5,6,7,8,9,10,2 9,2 10,5 8,5 9,5 10,6 10,7 10,8 10
1 2 5 6 7 8 9 10 13,0.0335577,21.4703,Yes,N/A,2,1 2,N/A,5,6,7,8,9,10,1 10,2 10,13,1 13,2 13,1 2 13,7 10,5 13
1 2 5 6 7 8 9 10 12,0.0400894,19.4364,Yes,N/A,2,1 2,N/A,5,6,7,8,9,10,1 10,12,1 12,2 12,1 2 12,6 10,5 12,6 12
2 5 6 7 8 9 10 12,0.0227064,24.8531,Yes,N/A,2,N/A,N/A,5,6,7,8,9,10,2 9,12,5 8,2 12,5 10,6 10,5 12,6 12
1 2 5 6 7 8 9 10 12 13,0.0240297,26.3275,Yes,N/A,2,1 2,N/A,5,6,7,8,9,10,1 10,12,13,1 13,2 13,1 2 13,5 12,5 13
2 5 6 7 8 9 10 13,0.0178101,27.3129,Yes,N/A,2,N/A,N/A,5,6,7,8,9,10,2 9,2 10,13,5 9,2 13,6 10,7 10,5 13
1 2 5 6 7 8 9 10 11,0.0445738,18.3423,Yes,N/A,2,1 2,N/A,5,6,7,8,9,10,11,1 11,2 11,1 2 11,5 10,5 11,6 11,7 11
2 5 6 7 8 9 10 11,0.0258188,23.4959,Yes,N/A,2,N/A,N/A,5,6,7,8,9,10,11,2 10,2 11,5 9,5 10,5 11,6 11,7 11
1 2 5 6 7 8 9 10 11 13,0.0275529,24.5114,Yes,N/A,2,1 2,N/A,5,6,7,8,9,10,11,1 11,13,1 13,2 13,1 2 13,6 11,5 13
1 2 5 6 7 8 9 10 11 12,0.0321961,22.8975,Yes,N/A,2,1 2,N/A,5,6,7,8,9,10,11,12,1 12,2 12,1 2 12,5 11,5 12,6 12
2 5 6 7 8 9 10 11 12,0.017241,28.7436,Yes,N/A,2,N/A,N/A,5,6,7,8,9,10,11,12,2 11,2 12,5 10,5 11,5 12,6 12
1 2 5 6 7 8 9 10 11 12 13,0.0213861,28.8397,Yes,N/A,2,1 2,N/A,5,6,7,8,9,10,11,12,13,1 13,2 13,1 2 13,5 12,5 13
2 6 8 10 12 13,0.00666207,37.8215,Yes,N/A,2,N/A,N/A,N/A,6,N/A,8,N/A,10,N/A,12,13,2 12,2 13,6 10,N/A,6 12
2 6 8 10 11 13,0.0100958,33.5401,Yes,N/A,2,N/A,N/A,N/A,6,N/A,8,N/A,10,11,2 10,13,6 8,2 13,6 10,6 11,8 10
2 6 8 10 11 12 13,0.00575386,42.0835,Yes,N/A,2,N/A,N/A,N/A,6,N/A,8,N/A,10,11,12,13,2 12,2 13,6 10,6 11,6 12
2 6 8 9 11 13,0.010017,33.2889,Yes,N/A,2,N/A,N/A,N/A,6,N/A,8,9,2 8,11,N/A,13,6 8,2 13,2 6 8,6 11,N/A
2 6 8 9 11 12 13,0.00681002,38.0948,Yes,N/A,2,N/A,N/A,N/A,6,N/A,8,9,2 8,11,12,13,2 12,2 13,2 6 8,6 11,6 12
2 6 8 9 10 12 13,0.00778166,36.6928,Yes,N/A,2,N/A,N/A,N/A,6,N/A,8,9,10,2 9,12,13,2 12,2 13,6 10,8 9,6 12
2 6 8 9 10 11 13,0.00929091,35.5459,Yes,N/A,2,N/A,N/A,N/A,6,N/A,8,9,10,11,2 10,13,6 8,2 13,6 10,6 11,8 10
2 6 8 9 10 11 12 13,0.00628955,42.0759,Yes,N/A,2,N/A,N/A,N/A,6,N/A,8,9,10,11,12,13,2 12,2 13,6 10,6 11,6 12
2 6 7 9 11 13,0.00766806,35.599,Yes,N/A,2,N/A,N/A,N/A,6,7,2 6,9,N/A,11,N/A,13,N/A,2 13,7 9,6 11,7 11
2 6 7 9 11 12 13,0.00602496,39.5819,Yes,N/A,2,N/A,N/A,N/A,6,7,2 6,9,N/A,11,12,13,2 12,2 13,7 9,6 11,6 12
2 6 7 9 10 12 13,0.00800731,34.8851,Yes,N/A,2,N/A,N/A,N/A,6,7,2 6,9,10,2 9,12,13,2 12,2 13,6 10,7 10,6 12
2 6 7 9 10 11 13,0.00802968,36.1047,Yes,N/A,2,N/A,N/A,N/A,6,7,2 6,9,10,11,2 10,13,N/A,2 13,6 10,6 11,7 11
2 6 7 9 10 11 12 13,0.0062535,39.9021,Yes,N/A,2,N/A,N/A,N/A,6,7,2 6,9,10,11,12,13,2 12,2 13,6 10,6 11,6 12
2 6 7 8 10 12 13,0.00777256,37.1463,Yes,N/A,2,N/A,N/A,N/A,6,7,8,2 7,10,N/A,12,13,2 12,2 13,6 10,7 10,6 12
2 6 7 8 10 11 13,0.0101242,32.5905,Yes,N/A,2,N/A,N/A,N/A,6,7,8,2 7,10,11,2 10,13,6 8,2 13,6 10,6 11,7 11
2 6 7 8 10 11 12 13,0.00684967,38.6594,Yes,N/A,2,N/A,N/A,N/A,6,7,8,2 7,10,11,12,13,2 12,2 13,6 10,6 11,6 12
2 6 7 8 9 11 13,0.00913084,35.5935,Yes,N/A,2,N/A,N/A,N/A,6,7,8,9,2 8,11,N/A,13,6 8,2 13,7 9,6 11,7 11
2 6 7 8 9 11 12 13,0.00706689,38.2275,Yes,N/A,2,N/A,N/A,N/A,6,7,8,9,2 8,11,12,13,2 12,2 13,7 9,6 11,6 12
2 6 7 8 9 10 12 13,0.00821335,36.4247,Yes,N/A,2,N/A,N/A,N/A,6,7,8,9,10,2 9,12,13,2 12,2 13,6 10,7 10,6 12
2 6 7 8 9 10 11 13,0.00922303,35.6318,Yes,N/A,2,N/A,N/A,N/A,6,7,8,9,10,11,2 10,13,6 8,2 13,6 10,6 11,7 11
2 6 7 8 9 10 11 12 13,0.00707254,39.9665,Yes,N/A,2,N/A,N/A,N/A,6,7,8,9,10,11,12,13,2 12,2 13,6 10,6 11,6 12
1 2 4,0.0772891,6.01961,Yes,N/A,2,1 2,4,1 4,2 4,1 2 4,N/A,N/A,N/A,N/A,N/A,N/A,N/A,N/A,N/A,N/A,N/A
2 4,0.0462963,5.66667,Yes,N/A,2,N/A,4,N/A,2 4,N/A,N/A,N/A,N/A,N/A,N/A,N/A,N/A,N/A,N/A,N/A,N/A
1 2 4 13,0.0251575,14.903,Yes,N/A,2,1 2,4,1 4,2 4,1 2 4,N/A,N/A,N/A,N/A,N/A,13,1 13,2 13,1 2 13,4 13,1 4 13
1 2 4 12,0.0334023,12.4261,Yes,N/A,2,1 2,4,1 4,2 4,1 2 4,N/A,N/A,N/A,N/A,12,1 12,2 12,1 2 12,4 12,1 4 12,2 4 12
2 4 12,0.0172754,14.6382,Yes,N/A,2,N/A,4,N/A,2 4,N/A,N/A,N/A,N/A,N/A,12,N/A,2 12,N/A,4 12,N/A,2 4 12
1 2 4 12 13,0.0146262,23.5517,Yes,N/A,2,1 2,4,1 4,2 4,1 2 4,N/A,N/A,N/A,N/A,12,13,1 13,2 13,1 2 13,4 13,1 4 13
2 4 13,0.0102881,16.3515,Yes,N/A,2,N/A,4,N/A,2 4,N/A,N/A,N/A,N/A,N/A,N/A,13,N/A,2 13,N/A,4 13,N/A
1 2 4 11,0.0452085,10.0047,Yes,N/A,2,1 2,4,1 4,2 4,1 2 4,N/A,N/A,N/A,11,1 11,2 11,1 2 11,4 11,1 4 11,2 4 11,1 2 4 11
2 4 11,0.0281636,12.9498,Yes,N/A,2,N/A,4,N/A,2 4,N/A,N/A,N/A,N/A,11,N/A,2 11,N/A,4 11,N/A,2 4 11,N/A
1 2 4 11 13,0.0207189,20.5246,Yes,N/A,2,1 2,4,1 4,2 4,1 2 4,N/A,N/A,N/A,11,1 11,13,1 13,2 13,1 2 13,4 13,1 4 13
1 2 4 11 12,0.0278143,19.1233,Yes,N/A,2,1 2,4,1 4,2 4,1 2 4,N/A,N/A,N/A,11,12,1 12,2 12,1 2 12,4 12,1 4 12,2 4 12
2 4 11 12,0.0218836,20.5512,Yes,N/A,2,N/A,4,N/A,2 4,N/A,N/A,N/A,N/A,11,12,2 11,2 12,4 11,4 12,2 4 11,2 4 12
1 2 4 11 12 13,0.012833,30.0271,Yes,N/A,2,1 2,4,1 4,2 4,1 2 4,N/A,N/A,N/A,11,12,13,1 13,2 13,1 2 13,4 13,1 4 13
2 4 12 13,0.00953611,24.4544,Yes,N/A,2,N/A,4,N/A,2 4,N/A,N/A,N/A,N/A,N/A,12,13,2 12,2 13,4 12,4 13,2 4 12
1 2 4 10,0.0597404,7.83767,Yes,N/A,2,1 2,4,1 4,2 4,1 2 4,N/A,N/A,10,1 10,2 10,1 2 10,4 10,1 4 10,2 4 10,1 2 4 10,N/A
2 4 10,0.0425669,11.4685,Yes,N/A,2,N/A,4,N/A,2 4,N/A,N/A,N/A,10,N/A,2 10,N/A,4 10,N/A,2 4 10,N/A,N/A
1 2 4 10 13,0.0278126,17.7033,Yes,N/A,2,1 2,4,1 4,2 4,1 2 4,N/A,N/A,10,1 10,2 10,13,1 13,2 13,1 2 13,4 13,1 4 13
1 2 4 10 12,0.0375522,16.1952,Yes,N/A,2,1 2,4,1 4,2 4,1 2 4,N/A,N/A,10,1 10,12,1 12,2 12,1 2 12,4 12,1 4 12,2 4 12
2 4 10 12,0.0177103,22.1475,Yes,N/A,2,N/A,4,N/A,2 4,N/A,N/A,N/A,10,N/A,12,N/A,2 12,N/A,4 12,N/A,2 4 12
1 2 4 10 12 13,0.0169351,26.5012,Yes,N/A,2,1 2,4,1 4,2 4,1 2 4,N/A,N/A,10,1 10,12,13,1 13,2 13,1 2 13,4 13,1 4 13
2 4 10 13,0.019842,20.945,Yes,N/A,2,N/A,4,N/A,2 4,N/A,N/A,N/A,10,N/A,2 10,13,4 10,2 13,2 4 10,4 13,N/A
1 2 4 10 11,0.0480248,14.9415,Yes,N/A,2,1 2,4,1 4,2 4,1 2 4,N/A,N/A,10,11,1 11,2 11,1 2 11,4 11,1 4 11,2 4 11,1 2 4 11
2 4 10 11,0.0411951,16.9121,Yes,N/A,2,N/A,4,N/A,2 4,N/A,N/A,N/A,10,11,2 10,2 11,4 10,4 11,2 4 10,2 4 11,N/A
1 2 4 10 11 13,0.0223706,24.7389,Yes,N/A,2,1 2,4,1 4,2 4,1 2 4,N/A,N/A,10,11,1 11,13,1 13,2 13,1 2 13,4 13,1 4 13
1 2 4 10 11 12,0.0276589,23.5879,Yes,N/A,2,1 2,4,1 4,2 4,1 2 4,N/A,N/A,10,11,12,1 12,2 12,1 2 12,4 12,1 4 12,2 4 12
2 4 10 11 12,0.0184014,26.3991,Yes,N/A,2,N/A,4,N/A,2 4,N/A,N/A,N/A,10,11,12,2 11,2 12,4 11,4 12,2 4 11,2 4 12
1 2 4 10 11 12 13,0.0134758,33.8462,Yes,N/A,2,1 2,4,1 4,2 4,1 2 4,N/A,N/A,10,11,12,13,1 13,2 13,1 2 13,4 13,1 4 13
2 4 11 13,0.00909583,25.0463,Yes,N/A,2,N/A,4,N/A,2 4,N/A,N/A,N/A,N/A,11,N/A,13,N/A,2 13,N/A,4 13,N/A
2 4 11 12 13,0.00799513,31.9521,Yes,N/A,2,N/A,4,N/A,2 4,N/A,N/A,N/A,N/A,11,12,13,2 12,2 13,4 12,4 13,2 4 12
1 2 4 9,0.0766122,6.07372,Yes,N/A,2,1 2,4,1 4,2 4,1 2 4,N/A,9,1 9,2 9,1 2 9,4 9,1 4 9,2 4 9,1 2 4 9,N/A,N/A
2 4 9,0.0604853,10.1644,Yes,N/A,2,N/A,4,N/A,2 4,N/A,N/A,9,N/A,2 9,N/A,4 9,N/A,2 4 9,N/A,N/A,N/A
1 2 4 9 13,0.034867,15.4286,Yes,N/A,2,1 2,4,1 4,2 4,1 2 4,N/A,9,1 9,2 9,1 2 9,13,1 13,2 13,1 2 13,4 13,1 4 13
1 2 4 9 12,0.0487075,13.6161,Yes,N/A,2,1 2,4,1 4,2 4,1 2 4,N/A,9,1 9,2 9,12,1 12,2 12,1 2 12,4 12,1 4 12,2 4 12
2 4 9 12,0.0378325,17.4805,Yes,N/A,2,N/A,4,N/A,2 4,N/A,N/A,9,N/A,2 9,12,4 9,2 12,2 4 9,4 12,N/A,2 4 12
1 2 4 9 12 13,0.0221955,23.2867,Yes,N/A,2,1 2,4,1 4,2 4,1 2 4,N/A,9,1 9,2 9,12,13,1 13,2 13,1 2 13,4 13,1 4 13
2 4 9 13,0.0170593,21.7495,Yes,N/A,2,N/A,4,N/A,2 4,N/A,N/A,9,N/A,2 9,N/A,13,N/A,2 13,N/A,4 13,N/A
1 2 4 9 11,0.0612344,12.3298,Yes,N/A,2,1 2,4,1 4,2 4,1 2 4,N/A,9,1 9,11,1 11,2 11,1 2 11,4 11,1 4 11,2 4 11,1 2 4 11
2 4 9 11,0.0298488,19.4382,Yes,N/A,2,N/A,4,N/A,2 4,N/A,N/A,9,N/A,11,N/A,2 11,N/A,4 11,N/A,2 4 11,N/A
1 2 4 9 11 13,0.0258496,22.1778,Yes,N/A,2,1 2,4,1 4,2 4,1 2 4,N/A,9,1 9,11,1 11,13,1 13,2 13,1 2 13,4 13,1 4 13
1 2 4 9 11 12,0.0344245,20.2787,Yes,N/A,2,1 2,4,1 4,2 4,1 2 4,N/A,9,1 9,11,12,1 12,2 12,1 2 12,4 12,1 4 12,2 4 12
2 4 9 11 12,0.0205359,25.6332,Yes,N/A,2,N/A,4,N/A,2 4,N/A,N/A,9,N/A,11,12,2 11,2 12,4 11,4 12,2 4 11,2 4 12
1 2 4 9 11 12 13,0.0166927,29.8247,Yes,N/A,2,1 2,4,1 4,2 4,1 2 4,N/A,9,1 9,11,12,13,1 13,2 13,1 2 13,4 13,1 4 13
2 4 9 12 13,0.0125846,28.271,Yes,N/A,2,N/A,4,N/A,2 4,N/A,N/A,9,N/A,2 9,12,13,2 12,2 13,4 12,4 13,2 4 12
1 2 4 9 10,0.0730344,11.4341,Yes,N/A,2,1 2,4,1 4,2 4,1 2 4,N/A,9,10,1 10,2 10,1 2 10,4 10,1 4 10,2 4 10,1 2 4 10,N/A
2 4 9 10,0.0643076,13.8312,Yes,N/A,2,N/A,4,N/A,2 4,N/A,N/A,9,10,2 9,2 10,4 9,4 10,2 4 9,2 4 10,N/A,N/A
1 2 4 9 10 13,0.0321251,20.5756,Yes,N/A,2,1 2,4,1 4,2 4,1 2 4,N/A,9,10,1 10,2 10,13,1 13,2 13,1 2 13,4 13,1 4 13
1 2 4 9 10 12,0.0424366,18.6521,Yes,N/A,2,1 2,4,1 4,2 4,1 2 4,N/A,9,10,1 10,12,1 12,2 12,1 2 12,4 12,1 4 12,2 4 12
2 4 9 10 12,0.0269782,22.9559,Yes,N/A,2,N/A,4,N/A,2 4,N/A,N/A,9,10,2 9,12,4 9,2 12,2 4 9,4 12,N/A,2 4 12
1 2 4 9 10 12 13,0.0200628,28.0084,Yes,N/A,2,1 2,4,1 4,2 4,1 2 4,N/A,9,10,1 10,12,13,1 13,2 13,1 2 13,4 13,1 4 13
2 4 9 10 13,0.0209745,24.2116,Yes,N/A,2,N/A,4,N/A,2 4,N/A,N/A,9,10,2 9,2 10,13,4 10,2 13,2 4 10,4 13,N/A
1 2 4 9 10 11,0.0478797,17.856,Yes,N/A,2,1 2,4,1 4,2 4,1 2 4,N/A,9,10,11,1 11,2 11,1 2 11,4 11,1 4 11,2 4 11,1 2 4 11
2 4 9 10 11,0.0321548,21.4616,Yes,N/A,2,N/A,4,N/A,2 4,N/A,N/A,9,10,11,2 10,2 11,4 10,4 11,2 4 10,2 4 11,N/A
1 2 4 9 10 11 13,0.0236348,26.6337,Yes,N/A,2,1 2,4,1 4,2 4,1 2 4,N/A,9,10,11,1 11,13,1 13,2 13,1 2 13,4 13,1 4 13
1 2 4 9 10 11 12,0.0282926,25.4768,Yes,N/A,2,1 2,4,1 4,2 4,1 2 4,N/A,9,10,11,12,1 12,2 12,1 2 12,4 12,1 4 12,2 4 12
2 4 9 10 11 12,0.0170765,29.7407,Yes,N/A,2,N/A,4,N/A,2 4,N/A,N/A,9,10,11,12,2 11,2 12,4 11,4 12,2 4 11,2 4 12
1 2 4 9 10 11 12 13,0.0153118,34.4867,Yes,N/A,2,1 2,4,1 4,2 4,1 2 4,N/A,9,10,11,12,13,1 13,2 13,1 2 13,4 13,1 4 13
2 4 10 12 13,0.00963856,30.9398,Yes,N/A,2,N/A,4,N/A,2 4,N/A,N/A,N/A,10,N/A,12,13,2 12,2 13,4 12,4 13,2 4 12
2 4 10 11 13,0.0141066,27.9396,Yes,N/A,2,N/A,4,N/A,2 4,N/A,N/A,N/A,10,11,2 10,13,4 10,2 13,2 4 10,4 13,N/A
2 4 10 11 12 13,0.00803262,37.0093,Yes,N/A,2,N/A,4,N/A,2 4,N/A,N/A,N/A,10,11,12,13,2 12,2 13,4 12,4 13,2 4 12
1 2 4 8,0.0956951,4.81731,Yes,N/A,2,1 2,4,1 4,2 4,1 2 4,8,1 8,2 8,1 2 8,4 8,1 4 8,2 4 8,1 2 4 8,N/A,N/A,N/A
2 4 8,0.0819187,9.17425,Yes,N/A,2,N/A,4,N/A,2 4,N/A,8,N/A,2 8,N/A,4 8,N/A,2 4 8,N/A,N/A,N/A,N/A
1 2 4 8 13,0.0435308,13.4222,Yes,N/A,2,1 2,4,1 4,2 4,1 2 4,8,1 8,2 8,1 2 8,4 8,13,1 13,2 13,1 2 13,4 13,1 4 13
1 2 4 8 12,0.0586239,11.8221,Yes,N/A,2,1 2,4,1 4,2 4,1 2 4,8,1 8,2 8,1 2 8,12,1 12,2 12,1 2 12,4 12,1 4 12,2 4 12
2 4 8 12,0.0288137,19.2286,Yes,N/A,2,N/A,4,N/A,2 4,N/A,8,N/A,2 8,N/A,12,N/A,2 12,N/A,4 12,N/A,2 4 12
1 2 4 8 12 13,0.0238412,21.4272,Yes,N/A,2,1 2,4,1 4,2 4,1 2 4,8,1 8,2 8,1 2 8,12,13,1 13,2 13,1 2 13,4 13,1 4 13
2 4 8 13,0.0317055,18.546,Yes,N/A,2,N/A,4,N/A,2 4,N/A,8,N/A,2 8,N/A,4 8,13,2 4 8,2 13,N/A,4 13,N/A
1 2 4 8 11,0.0749296,10.256,Yes,N/A,2,1 2,4,1 4,2 4,1 2 4,8,1 8,2 8,11,1 11,2 11,1 2 11,4 11,1 4 11,2 4 11,1 2 4 11
2 4 8 11,0.0596065,14.5336,Yes,N/A,2,N/A,4,N/A,2 4,N/A,8,N/A,2 8,11,4 8,2 11,2 4 8,4 11,N/A,2 4 11,N/A
1 2 4 8 11 13,0.03429,18.949,Yes,N/A,2,1 2,4,1 4,2 4,1 2 4,8,1 8,2 8,11,1 11,13,1 13,2 13,1 2 13,4 13,1 4 13
1 2 4 8 11 12,0.0427568,17.4085,Yes,N/A,2,1 2,4,1 4,2 4,1 2 4,8,1 8,2 8,11,12,1 12,2 12,1 2 12,4 12,1 4 12,2 4 12
2 4 8 11 12,0.024096,23.303,Yes,N/A,2,N/A,4,N/A,2 4,N/A,8,N/A,2 8,11,12,2 11,2 12,4 11,4 12,2 4 11,2 4 12
1 2 4 8 11 12 13,0.0198403,26.6459,Yes,N/A,2,1 2,4,1 4,2 4,1 2 4,8,1 8,2 8,11,12,13,1 13,2 13,1 2 13,4 13,1 4 13
2 4 8 12 13,0.0134324,27.8364,Yes,N/A,2,N/A,4,N/A,2 4,N/A,8,N/A,2 8,N/A,12,13,2 12,2 13,4 12,4 13,2 4 12
1 2 4 8 10,0.087457,9.29844,Yes,N/A,2,1 2,4,1 4,2 4,1 2 4,8,1 8,10,1 10,2 10,1 2 10,4 10,1 4 10,2 4 10,1 2 4 10,8 10
2 4 8 10,0.0415515,17.1184,Yes,N/A,2,N/A,4,N/A,2 4,N/A,8,N/A,10,N/A,2 10,N/A,4 10,N/A,2 4 10,N/A,8 10
1 2 4 8 10 13,0.0394348,17.6506,Yes,N/A,2,1 2,4,1 4,2 4,1 2 4,8,1 8,10,1 10,2 10,13,1 13,2 13,1 2 13,4 13,1 4 13
1 2 4 8 10 12,0.0452378,16.8183,Yes,N/A,2,1 2,4,1 4,2 4,1 2 4,8,1 8,10,1 10,12,1 12,2 12,1 2 12,4 12,1 4 12,2 4 12
2 4 8 10 12,0.0150014,27.7603,Yes,N/A,2,N/A,4,N/A,2 4,N/A,8,N/A,10,N/A,12,N/A,2 12,N/A,4 12,N/A,2 4 12
1 2 4 8 10 12 13,0.0214652,25.4385,Yes,N/A,2,1 2,4,1 4,2 4,1 2 4,8,1 8,10,1 10,12,13,1 13,2 13,1 2 13,4 13,1 4 13
2 4 8 10 13,0.0189506,25.5646,Yes,N/A,2,N/A,4,N/A,2 4,N/A,8,N/A,10,N/A,2 10,13,4 10,2 13,2 4 10,4 13,8 10
1 2 4 8 10 11,0.0555052,15.0947,Yes,N/A,2,1 2,4,1 4,2 4,1 2 4,8,1 8,10,11,1 11,2 11,1 2 11,4 11,1 4 11,2 4 11,1 2 4 11
2 4 8 10 11,0.0326356,20.9365,Yes,N/A,2,N/A,4,N/A,2 4,N/A,8,N/A,10,11,2 10,2 11,4 10,4 11,2 4 10,2 4 11,8 10
1 2 4 8 10 11 13,0.0276744,23.2482,Yes,N/A,2,1 2,4,1 4,2 4,1 2 4,8,1 8,10,11,1 11,13,1 13,2 13,1 2 13,4 13,1 4 13
1 2 4 8 10 11 12,0.0327427,21.8863,Yes,N/A,2,1 2,4,1 4,2 4,1 2 4,8,1 8,10,11,12,1 12,2 12,1 2 12,4 12,1 4 12,2 4 12
2 4 8 10 11 12,0.0149397,30.2138,Yes,N/A,2,N/A,4,N/A,2 4,N/A,8,N/A,10,11,12,2 11,2 12,4 11,4 12,2 4 11,2 4 12
1 2 4 8 10 11 12 13,0.017389,30.3317,Yes,N/A,2,1 2,4,1 4,2 4,1 2 4,8,1 8,10,11,12,13,1 13,2 13,1 2 13,4 13,1 4 13
2 4 8 11 13,0.0194897,25.3751,Yes,N/A,2,N/A,4,N/A,2 4,N/A,8,N/A,2 8,11,4 8,13,2 4 8,2 13,N/A,4 13,N/A
2 4 8 11 12 13,0.0103127,33.4399,Yes,N/A,2,N/A,4,N/A,2 4,N/A,8,N/A,2 8,11,12,13,2 12,2 13,4 12,4 13,2 4 12
1 2 4 8 9,0.0987051,8.58037,Yes,N/A,2,1 2,4,1 4,2 4,1 2 4,8,9,1 9,2 9,1 2 9,4 9,1 4 9,2 4 9,1 2 4 9,8 9,1 8 9
2 4 8 9,0.084948,11.2919,Yes,N/A,2,N/A,4,N/A,2 4,N/A,8,9,2 8,2 9,4 8,4 9,2 4 8,2 4 9,N/A,8 9,N/A
1 2 4 8 9 13,0.0444112,16.88,Yes,N/A,2,1 2,4,1 4,2 4,1 2 4,8,9,1 9,2 9,1 2 9,13,1 13,2 13,1 2 13,4 13,1 4 13
1 2 4 8 9 12,0.0535684,15.3395,Yes,N/A,2,1 2,4,1 4,2 4,1 2 4,8,9,1 9,2 9,12,1 12,2 12,1 2 12,4 12,1 4 12,2 4 12
2 4 8 9 12,0.034248,19.5441,Yes,N/A,2,N/A,4,N/A,2 4,N/A,8,9,2 8,2 9,12,4 9,2 12,2 4 9,4 12,8 9,2 4 12
1 2 4 8 9 12 13,0.0250363,23.9575,Yes,N/A,2,1 2,4,1 4,2 4,1 2 4,8,9,1 9,2 9,12,13,1 13,2 13,1 2 13,4 13,1 4 13
2 4 8 9 13,0.0277753,21.623,Yes,N/A,2,N/A,4,N/A,2 4,N/A,8,9,2 8,2 9,4 8,13,2 4 8,2 13,N/A,4 13,N/A
1 2 4 8 9 11,0.0643517,13.6721,Yes,N/A,2,1 2,4,1 4,2 4,1 2 4,8,9,1 9,11,1 11,2 11,1 2 11,4 11,1 4 11,2 4 11,1 2 4 11
2 4 8 9 11,0.0398063,18.8826,Yes,N/A,2,N/A,4,N/A,2 4,N/A,8,9,2 8,11,4 8,2 11,2 4 8,4 11,N/A,2 4 11,N/A
1 2 4 8 9 11 13,0.0318104,21.6666,Yes,N/A,2,1 2,4,1 4,2 4,1 2 4,8,9,1 9,11,1 11,13,1 13,2 13,1 2 13,4 13,1 4 13
1 2 4 8 9 11 12,0.0372049,20.2926,Yes,N/A,2,1 2,4,1 4,2 4,1 2 4,8,9,1 9,11,12,1 12,2 12,1 2 12,4 12,1 4 12,2 4 12
2 4 8 9 11 12,0.0209963,25.9982,Yes,N/A,2,N/A,4,N/A,2 4,N/A,8,9,2 8,11,12,2 11,2 12,4 11,4 12,2 4 11,2 4 12
1 2 4 8 9 11 12 13,0.0197484,28.4563,Yes,N/A,2,1 2,4,1 4,2 4,1 2 4,8,9,1 9,11,12,13,1 13,2 13,1 2 13,4 13,1 4 13
2 4 8 9 12 13,0.0138093,29.4358,Yes,N/A,2,N/A,4,N/A,2 4,N/A,8,9,2 8,2 9,12,13,2 12,2 13,4 12,4 13,2 4 12
1 2 4 8 9 10,0.067009,13.2698,Yes,N/A,2,1 2,4,1 4,2 4,1 2 4,8,9,10,1 10,2 10,1 2 10,4 10,1 4 10,2 4 10,1 2 4 10,8 10
2 4 8 9 10,0.0441678,17.1603,Yes,N/A,2,N/A,4,N/A,2 4,N/A,8,9,10,2 9,2 10,4 9,4 10,2 4 9,2 4 10,8 9,8 10
1 2 4 8 9 10 13,0.0348602,20.7894,Yes,N/A,2,1 2,4,1 4,2 4,1 2 4,8,9,10,1 10,2 10,13,1 13,2 13,1 2 13,4 13,1 4 13
1 2 4 8 9 10 12,0.0407037,19.1929,Yes,N/A,2,1 2,4,1 4,2 4,1 2 4,8,9,10,1 10,12,1 12,2 12,1 2 12,4 12,1 4 12,2 4 12
2 4 8 9 10 12,0.020456,25.9233,Yes,N/A,2,N/A,4,N/A,2 4,N/A,8,9,10,2 9,12,4 9,2 12,2 4 9,4 12,8 9,2 4 12
1 2 4 8 9 10 12 13,0.0216116,27.144,Yes,N/A,2,1 2,4,1 4,2 4,1 2 4,8,9,10,1 10,12,13,1 13,2 13,1 2 13,4 13,1 4 13
2 4 8 9 10 13,0.018794,26.5688,Yes,N/A,2,N/A,4,N/A,2 4,N/A,8,9,10,2 9,2 10,13,4 10,2 13,2 4 10,4 13,8 10
1 2 4 8 9 10 11,0.0444483,18.5213,Yes,N/A,2,1 2,4,1 4,2 4,1 2 4,8,9,10,11,1 11,2 11,1 2 11,4 11,1 4 11,2 4 11,1 2 4 11
2 4 8 9 10 11,0.0265077,23.5449,Yes,N/A,2,N/A,4,N/A,2 4,N/A,8,9,10,11,2 10,2 11,4 10,4 11,2 4 10,2 4 11,8 10
1 2 4 8 9 10 11 13,0.0255519,25.5027,Yes,N/A,2,1 2,4,1 4,2 4,1 2 4,8,9,10,11,1 11,13,1 13,2 13,1 2 13,4 13,1 4 13
1 2 4 8 9 10 11 12,0.0291014,24.4194,Yes,N/A,2,1 2,4,1 4,2 4,1 2 4,8,9,10,11,12,1 12,2 12,1 2 12,4 12,1 4 12,2 4 12
2 4 8 9 10 11 12,0.0150473,31.2117,Yes,N/A,2,N/A,4,N/A,2 4,N/A,8,9,10,11,12,2 11,2 12,4 11,4 12,2 4 11,2 4 12
1 2 4 8 9 10 11 12 13,0.0175822,31.6508,Yes,N/A,2,1 2,4,1 4,2 4,1 2 4,8,9,10,11,12,13,1 13,2 13,1 2 13,4 13,1 4 13
2 4 9 11 13,0.00884934,31.4649,Yes,N/A,2,N/A,4,N/A,2 4,N/A,N/A,9,N/A,11,N/A,13,N/A,2 13,N/A,4 13,N/A
2 4 9 11 12 13,0.00772493,36.8424,Yes,N/A,2,N/A,4,N/A,2 4,N/A,N/A,9,N/A,11,12,13,2 12,2 13,4 12,4 13,2 4 12
2 4 9 10 12 13,0.0115053,32.6212,Yes,N/A,2,N/A,4,N/A,2 4,N/A,N/A,9,10,2 9,12,13,2 12,2 13,4 12,4 13,2 4 12
2 4 9 10 11 13,0.0120957,32.2177,Yes,N/A,2,N/A,4,N/A,2 4,N/A,N/A,9,10,11,2 10,13,4 10,2 13,2 4 10,4 13,N/A
2 4 9 10 11 12 13,0.00798858,39.8857,Yes,N/A,2,N/A,4,N/A,2 4,N/A,N/A,9,10,11,12,13,2 12,2 13,4 12,4 13,2 4 12
1 2 4 7,0.112167,4.64989,Yes,N/A,2,1 2,4,1 4,2 4,7,1 7,2 7,1 2 7,4 7,1 4 7,2 4 7,1 2 4 7,N/A,N/A,N/A,N/A
2 4 7,0.106867,8.4267,Yes,N/A,2,N/A,4,N/A,2 4,7,N/A,2 7,N/A,4 7,N/A,2 4 7,N/A,N/A,N/A,N/A,N/A
1 2 4 7 13,0.0506381,12.7489,Yes,N/A,2,1 2,4,1 4,2 4,7,1 7,2 7,1 2 7,4 7,1 4 7,13,1 13,2 13,1 2 13,4 13,1 4 13
1 2 4 7 12,0.0678877,10.99,Yes,N/A,2,1 2,4,1 4,2 4,7,1 7,2 7,1 2 7,4 7,12,1 12,2 12,1 2 12,4 12,1 4 12,2 4 12
2 4 7 12,0.0506902,15.8627,Yes,N/A,2,N/A,4,N/A,2 4,7,N/A,2 7,N/A,4 7,12,2 4 7,2 12,N/A,4 12,N/A,2 4 12
1 2 4 7 12 13,0.0295108,20.3034,Yes,N/A,2,1 2,4,1 4,2 4,7,1 7,2 7,1 2 7,4 7,12,13,1 13,2 13,1 2 13,4 13,1 4 13
2 4 7 13,0.0273223,19.261,Yes,N/A,2,N/A,4,N/A,2 4,7,N/A,2 7,N/A,4 7,N/A,13,N/A,2 13,N/A,4 13,N/A
1 2 4 7 11,0.0830234,9.80354,Yes,N/A,2,1 2,4,1 4,2 4,7,1 7,2 7,1 2 7,11,1 11,2 11,1 2 11,4 11,1 4 11,2 4 11,7 11
2 4 7 11,0.0415595,16.9535,Yes,N/A,2,N/A,4,N/A,2 4,7,N/A,2 7,N/A,11,N/A,2 11,N/A,4 11,N/A,2 4 11,7 11
1 2 4 7 11 13,0.0331489,18.9286,Yes,N/A,2,1 2,4,1 4,2 4,7,1 7,2 7,1 2 7,11,1 11,13,1 13,2 13,1 2 13,4 13,1 4 13
1 2 4 7 11 12,0.041473,17.3822,Yes,N/A,2,1 2,4,1 4,2 4,7,1 7,2 7,1 2 7,11,12,1 12,2 12,1 2 12,4 12,1 4 12,2 4 12
2 4 7 11 12,0.0234772,23.2794,Yes,N/A,2,N/A,4,N/A,2 4,7,N/A,2 7,N/A,11,12,2 11,2 12,4 11,4 12,2 4 11,2 4 12
1 2 4 7 11 12 13,0.0199327,26.2475,Yes,N/A,2,1 2,4,1 4,2 4,7,1 7,2 7,1 2 7,11,12,13,1 13,2 13,1 2 13,4 13,1 4 13
2 4 7 12 13,0.0180641,25.5649,Yes,N/A,2,N/A,4,N/A,2 4,7,N/A,2 7,N/A,4 7,12,13,2 12,2 13,4 12,4 13,2 4 12
1 2 4 7 10,0.0973714,8.5799,Yes,N/A,2,1 2,4,1 4,2 4,7,1 7,2 7,10,1 10,2 10,1 2 10,4 10,1 4 10,2 4 10,7 10,1 7 10
2 4 7 10,0.0787466,12.0896,Yes,N/A,2,N/A,4,N/A,2 4,7,N/A,2 7,10,4 7,2 10,2 4 7,4 10,N/A,2 4 10,7 10,N/A
1 2 4 7 10 13,0.0451332,16.5675,Yes,N/A,2,1 2,4,1 4,2 4,7,1 7,2 7,10,1 10,2 10,13,1 13,2 13,1 2 13,4 13,1 4 13
1 2 4 7 10 12,0.0558382,14.9397,Yes,N/A,2,1 2,4,1 4,2 4,7,1 7,2 7,10,1 10,12,1 12,2 12,1 2 12,4 12,1 4 12,2 4 12
2 4 7 10 12,0.0313771,21.102,Yes,N/A,2,N/A,4,N/A,2 4,7,N/A,2 7,10,4 7,12,2 4 7,2 12,N/A,4 12,7 10,2 4 12
1 2 4 7 10 12 13,0.0265497,23.4461,Yes,N/A,2,1 2,4,1 4,2 4,7,1 7,2 7,10,1 10,12,13,1 13,2 13,1 2 13,4 13,1 4 13
2 4 7 10 13,0.0274399,21.5113,Yes,N/A,2,N/A,4,N/A,2 4,7,N/A,2 7,10,4 7,2 10,13,4 10,2 13,2 4 10,4 13,N/A
1 2 4 7 10 11,0.0631017,13.7861,Yes,N/A,2,1 2,4,1 4,2 4,7,1 7,2 7,10,11,1 11,2 11,1 2 11,4 11,1 4 11,2 4 11,7 11
2 4 7 10 11,0.0352795,19.0443,Yes,N/A,2,N/A,4,N/A,2 4,7,N/A,2 7,10,11,2 10,2 11,4 10,4 11,2 4 10,2 4 11,7 11
1 2 4 7 10 11 13,0.0306529,21.804,Yes,N/A,2,1 2,4,1 4,2 4,7,1 7,2 7,10,11,1 11,13,1 13,2 13,1 2 13,4 13,1 4 13
1 2 4 7 10 11 12,0.035814,20.7391,Yes,N/A,2,1 2,4,1 4,2 4,7,1 7,2 7,10,11,12,1 12,2 12,1 2 12,4 12,1 4 12,2 4 12
2 4 7 10 11 12,0.0185269,27.0566,Yes,N/A,2,N/A,4,N/A,2 4,7,N/A,2 7,10,11,12,2 11,2 12,4 11,4 12,2 4 11,2 4 12
1 2 4 7 10 11 12 13,0.0193951,28.8854,Yes,N/A,2,1 2,4,1 4,2 4,7,1 7,2 7,10,11,12,13,1 13,2 13,1 2 13,4 13,1 4 13
2 4 7 11 13,0.0118061,28.6392,Yes,N/A,2,N/A,4,N/A,2 4,7,N/A,2 7,N/A,11,N/A,13,N/A,2 13,N/A,4 13,7 11
2 4 7 11 12 13,0.00912031,33.9617,Yes,N/A,2,N/A,4,N/A,2 4,7,N/A,2 7,N/A,11,12,13,2 12,2 13,4 12,4 13,2 4 12
1 2 4 7 9,0.105323,7.91248,Yes,N/A,2,1 2,4,1 4,2 4,7,1 7,9,1 9,2 9,1 2 9,4 9,1 4 9,2 4 9,7 9,1 7 9,2 7 9
2 4 7 9,0.050775,14.8406,Yes,N/A,2,N/A,4,N/A,2 4,7,N/A,9,N/A,2 9,N/A,4 9,N/A,2 4 9,7 9,N/A,2 7 9
1 2 4 7 9 13,0.0455572,16.38,Yes,N/A,2,1 2,4,1 4,2 4,7,1 7,9,1 9,2 9,1 2 9,13,1 13,2 13,1 2 13,4 13,1 4 13
1 2 4 7 9 12,0.0594782,14.0435,Yes,N/A,2,1 2,4,1 4,2 4,7,1 7,9,1 9,2 9,12,1 12,2 12,1 2 12,4 12,1 4 12,2 4 12
2 4 7 9 12,0.0278931,21.5296,Yes,N/A,2,N/A,4,N/A,2 4,7,N/A,9,N/A,2 9,12,4 9,2 12,2 4 9,4 12,N/A,2 4 12
1 2 4 7 9 12 13,0.028381,22.4806,Yes,N/A,2,1 2,4,1 4,2 4,7,1 7,9,1 9,2 9,12,13,1 13,2 13,1 2 13,4 13,1 4 13
2 4 7 9 13,0.0161896,25.9898,Yes,N/A,2,N/A,4,N/A,2 4,7,N/A,9,N/A,2 9,N/A,13,N/A,2 13,7 9,4 13,2 7 9
1 2 4 7 9 11,0.0622628,13.5481,Yes,N/A,2,1 2,4,1 4,2 4,7,1 7,9,1 9,11,1 11,2 11,1 2 11,4 11,1 4 11,2 4 11,7 11
2 4 7 9 11,0.021727,23.7413,Yes,N/A,2,N/A,4,N/A,2 4,7,N/A,9,N/A,11,N/A,2 11,N/A,4 11,7 9,2 4 11,7 11
1 2 4 7 9 11 13,0.0278089,22.7533,Yes,N/A,2,1 2,4,1 4,2 4,7,1 7,9,1 9,11,1 11,13,1 13,2 13,1 2 13,4 13,1 4 13
1 2 4 7 9 11 12,0.0362963,20.004,Yes,N/A,2,1 2,4,1 4,2 4,7,1 7,9,1 9,11,12,1 12,2 12,1 2 12,4 12,1 4 12,2 4 12
2 4 7 9 11 12,0.0150726,29.3521,Yes,N/A,2,N/A,4,N/A,2 4,7,N/A,9,N/A,11,12,2 11,2 12,4 11,4 12,2 4 11,2 4 12
1 2 4 7 9 11 12 13,0.0192637,28.1592,Yes,N/A,2,1 2,4,1 4,2 4,7,1 7,9,1 9,11,12,13,1 13,2 13,1 2 13,4 13,1 4 13
2 4 7 9 12 13,0.0115489,31.7058,Yes,N/A,2,N/A,4,N/A,2 4,7,N/A,9,N/A,2 9,12,13,2 12,2 13,4 12,4 13,2 4 12
1 2 4 7 9 10,0.070853,12.1221,Yes,N/A,2,1 2,4,1 4,2 4,7,1 7,9,10,1 10,2 10,1 2 10,4 10,1 4 10,2 4 10,7 10,1 7 10
2 4 7 9 10,0.0420728,16.9682,Yes,N/A,2,N/A,4,N/A,2 4,7,N/A,9,10,2 9,2 10,4 9,4 10,2 4 9,2 4 10,7 10,2 7 9
1 2 4 7 9 10 13,0.0366378,19.6727,Yes,N/A,2,1 2,4,1 4,2 4,7,1 7,9,10,1 10,2 10,13,1 13,2 13,1 2 13,4 13,1 4 13
1 2 4 7 9 10 12,0.0439595,17.9194,Yes,N/A,2,1 2,4,1 4,2 4,7,1 7,9,10,1 10,12,1 12,2 12,1 2 12,4 12,1 4 12,2 4 12
2 4 7 9 10 12,0.0218913,25.0844,Yes,N/A,2,N/A,4,N/A,2 4,7,N/A,9,10,2 9,12,4 9,2 12,2 4 9,4 12,7 10,2 4 12
1 2 4 7 9 10 12 13,0.0237045,25.7304,Yes,N/A,2,1 2,4,1 4,2 4,7,1 7,9,10,1 10,12,13,1 13,2 13,1 2 13,4 13,1 4 13
2 4 7 9 10 13,0.017247,26.8681,Yes,N/A,2,N/A,4,N/A,2 4,7,N/A,9,10,2 9,2 10,13,4 10,2 13,2 4 10,4 13,2 7 9
1 2 4 7 9 10 11,0.0481623,16.9425,Yes,N/A,2,1 2,4,1 4,2 4,7,1 7,9,10,11,1 11,2 11,1 2 11,4 11,1 4 11,2 4 11,7 11
2 4 7 9 10 11,0.0229584,24.3401,Yes,N/A,2,N/A,4,N/A,2 4,7,N/A,9,10,11,2 10,2 11,4 10,4 11,2 4 10,2 4 11,7 11
1 2 4 7 9 10 11 13,0.0261041,24.5156,Yes,N/A,2,1 2,4,1 4,2 4,7,1 7,9,10,11,1 11,13,1 13,2 13,1 2 13,4 13,1 4 13
1 2 4 7 9 10 11 12,0.0308677,23.006,Yes,N/A,2,1 2,4,1 4,2 4,7,1 7,9,10,11,12,1 12,2 12,1 2 12,4 12,1 4 12,2 4 12
2 4 7 9 10 11 12,0.0141797,31.5569,Yes,N/A,2,N/A,4,N/A,2 4,7,N/A,9,10,11,12,2 11,2 12,4 11,4 12,2 4 11,2 4 12
1 2 4 7 9 10 11 12 13,0.0185812,30.1643,Yes,N/A,2,1 2,4,1 4,2 4,7,1 7,9,10,11,12,13,1 13,2 13,1 2 13,4 13,1 4 13
2 4 7 10 12 13,0.0144759,29.6335,Yes,N/A,2,N/A,4,N/A,2 4,7,N/A,2 7,10,4 7,12,13,2 12,2 13,4 12,4 13,2 4 12
2 4 7 10 11 13,0.0139016,29.2151,Yes,N/A,2,N/A,4,N/A,2 4,7,N/A,2 7,10,11,2 10,13,4 10,2 13,2 4 10,4 13,7 11
2 4 7 10 11 12 13,0.00899994,36.4757,Yes,N/A,2,N/A,4,N/A,2 4,7,N/A,2 7,10,11,12,13,2 12,2 13,4 12,4 13,2 4 12
1 2 4 7 8,0.1102,7.42719,Yes,N/A,2,1 2,4,1 4,2 4,7,8,1 8,2 8,1 2 8,4 8,1 4 8,2 4 8,7 8,1 7 8,2 7 8,1 2 7 8
2 4 7 8,0.0948002,9.18117,Yes,N/A,2,N/A,4,N/A,2 4,7,8,2 7,2 8,4 7,4 8,2 4 7,2 4 8,7 8,N/A,2 7 8,N/A
1 2 4 7 8 13,0.0528844,15.146,Yes,N/A,2,1 2,4,1 4,2 4,7,8,1 8,2 8,1 2 8,4 8,13,1 13,2 13,1 2 13,4 13,1 4 13
1 2 4 7 8 12,0.0625313,13.5481,Yes,N/A,2,1 2,4,1 4,2 4,7,8,1 8,2 8,1 2 8,12,1 12,2 12,1 2 12,4 12,1 4 12,2 4 12
2 4 7 8 12,0.0388726,17.1441,Yes,N/A,2,N/A,4,N/A,2 4,7,8,2 7,2 8,4 7,12,2 4 7,2 12,7 8,4 12,2 7 8,2 4 12
1 2 4 7 8 12 13,0.0294467,22.1696,Yes,N/A,2,1 2,4,1 4,2 4,7,8,1 8,2 8,1 2 8,12,13,1 13,2 13,1 2 13,4 13,1 4 13
2 4 7 8 13,0.0324387,19.0522,Yes,N/A,2,N/A,4,N/A,2 4,7,8,2 7,2 8,4 7,4 8,13,2 4 8,2 13,N/A,4 13,N/A
1 2 4 7 8 11,0.0688373,12.3279,Yes,N/A,2,1 2,4,1 4,2 4,7,8,1 8,2 8,11,1 11,2 11,1 2 11,4 11,1 4 11,2 4 11,7 11
2 4 7 8 11,0.042908,16.4132,Yes,N/A,2,N/A,4,N/A,2 4,7,8,2 7,2 8,11,4 8,2 11,2 4 8,4 11,N/A,2 4 11,7 11
1 2 4 7 8 11 13,0.0341834,20.2716,Yes,N/A,2,1 2,4,1 4,2 4,7,8,1 8,2 8,11,1 11,13,1 13,2 13,1 2 13,4 13,1 4 13
1 2 4 7 8 11 12,0.0396501,18.8836,Yes,N/A,2,1 2,4,1 4,2 4,7,8,1 8,2 8,11,12,1 12,2 12,1 2 12,4 12,1 4 12,2 4 12
2 4 7 8 11 12,0.0218518,23.7794,Yes,N/A,2,N/A,4,N/A,2 4,7,8,2 7,2 8,11,12,2 11,2 12,4 11,4 12,2 4 11,2 4 12
1 2 4 7 8 11 12 13,0.0211611,27.0023,Yes,N/A,2,1 2,4,1 4,2 4,7,8,1 8,2 8,11,12,13,1 13,2 13,1 2 13,4 13,1 4 13
2 4 7 8 12 13,0.0172759,26.1357,Yes,N/A,2,N/A,4,N/A,2 4,7,8,2 7,2 8,4 7,12,13,2 12,2 13,4 12,4 13,2 4 12
1 2 4 7 8 10,0.0778516,10.887,Yes,N/A,2,1 2,4,1 4,2 4,7,8,1 8,10,1 10,2 10,1 2 10,4 10,1 4 10,2 4 10,7 10,8 10
2 4 7 8 10,0.0502643,14.6705,Yes,N/A,2,N/A,4,N/A,2 4,7,8,2 7,10,4 7,2 10,2 4 7,4 10,7 8,2 4 10,7 10,8 10
1 2 4 7 8 10 13,0.0417473,17.8244,Yes,N/A,2,1 2,4,1 4,2 4,7,8,1 8,10,1 10,2 10,13,1 13,2 13,1 2 13,4 13,1 4 13
1 2 4 7 8 10 12,0.048216,16.4818,Yes,N/A,2,1 2,4,1 4,2 4,7,8,1 8,10,1 10,12,1 12,2 12,1 2 12,4 12,1 4 12,2 4 12
2 4 7 8 10 12,0.0238218,23.1294,Yes,N/A,2,N/A,4,N/A,2 4,7,8,2 7,10,4 7,12,2 4 7,2 12,7 8,4 12,7 10,2 4 12
1 2 4 7 8 10 12 13,0.025946,24.0479,Yes,N/A,2,1 2,4,1 4,2 4,7,8,1 8,10,1 10,12,13,1 13,2 13,1 2 13,4 13,1 4 13
2 4 7 8 10 13,0.0220835,23.5216,Yes,N/A,2,N/A,4,N/A,2 4,7,8,2 7,10,4 7,2 10,13,4 10,2 13,2 4 10,4 13,8 10
1 2 4 7 8 10 11,0.0524235,15.5784,Yes,N/A,2,1 2,4,1 4,2 4,7,8,1 8,10,11,1 11,2 11,1 2 11,4 11,1 4 11,2 4 11,7 11
2 4 7 8 10 11,0.0298166,20.7254,Yes,N/A,2,N/A,4,N/A,2 4,7,8,2 7,10,11,2 10,2 11,4 10,4 11,2 4 10,2 4 11,7 11
1 2 4 7 8 10 11 13,0.0292565,22.6033,Yes,N/A,2,1 2,4,1 4,2 4,7,8,1 8,10,11,1 11,13,1 13,2 13,1 2 13,4 13,1 4 13
1 2 4 7 8 10 11 12,0.0333695,21.4864,Yes,N/A,2,1 2,4,1 4,2 4,7,8,1 8,10,11,12,1 12,2 12,1 2 12,4 12,1 4 12,2 4 12
2 4 7 8 10 11 12,0.0167557,28.0667,Yes,N/A,2,N/A,4,N/A,2 4,7,8,2 7,10,11,12,2 11,2 12,4 11,4 12,2 4 11,2 4 12
1 2 4 7 8 10 11 12 13,0.0199629,28.5701,Yes,N/A,2,1 2,4,1 4,2 4,7,8,1 8,10,11,12,13,1 13,2 13,1 2 13,4 13,1 4 13
2 4 7 8 11 13,0.0168308,26.4798,Yes,N/A,2,N/A,4,N/A,2 4,7,8,2 7,2 8,11,4 8,13,2 4 8,2 13,N/A,4 13,7 11
2 4 7 8 11 12 13,0.0104766,32.8738,Yes,N/A,2,N/A,4,N/A,2 4,7,8,2 7,2 8,11,12,13,2 12,2 13,4 12,4 13,2 4 12
1 2 4 7 8 9,0.0778641,10.6087,Yes,N/A,2,1 2,4,1 4,2 4,7,8,9,1 9,2 9,1 2 9,4 9,1 4 9,2 4 9,7 9,8 9,1 8 9
2 4 7 8 9,0.0535906,13.764,Yes,N/A,2,N/A,4,N/A,2 4,7,8,9,2 8,2 9,4 8,4 9,2 4 8,2 4 9,7 9,8 9,2 7 9
1 2 4 7 8 9 13,0.0412661,17.903,Yes,N/A,2,1 2,4,1 4,2 4,7,8,9,1 9,2 9,1 2 9,13,1 13,2 13,1 2 13,4 13,1 4 13
1 2 4 7 8 9 12,0.0508513,15.8557,Yes,N/A,2,1 2,4,1 4,2 4,7,8,9,1 9,2 9,12,1 12,2 12,1 2 12,4 12,1 4 12,2 4 12
2 4 7 8 9 12,0.0283348,21.0915,Yes,N/A,2,N/A,4,N/A,2 4,7,8,9,2 8,2 9,12,4 9,2 12,2 4 9,4 12,8 9,2 4 12
1 2 4 7 8 9 12 13,0.0273179,23.4394,Yes,N/A,2,1 2,4,1 4,2 4,7,8,9,1 9,2 9,12,13,1 13,2 13,1 2 13,4 13,1 4 13
2 4 7 8 9 13,0.0219852,23.2423,Yes,N/A,2,N/A,4,N/A,2 4,7,8,9,2 8,2 9,4 8,13,2 4 8,2 13,7 9,4 13,2 7 9
1 2 4 7 8 9 11,0.0555676,14.8056,Yes,N/A,2,1 2,4,1 4,2 4,7,8,9,1 9,11,1 11,2 11,1 2 11,4 11,1 4 11,2 4 11,7 11
2 4 7 8 9 11,0.0303948,20.648,Yes,N/A,2,N/A,4,N/A,2 4,7,8,9,2 8,11,4 8,2 11,2 4 8,4 11,7 9,2 4 11,7 11
1 2 4 7 8 9 11 13,0.0300922,22.0767,Yes,N/A,2,1 2,4,1 4,2 4,7,8,9,1 9,11,1 11,13,1 13,2 13,1 2 13,4 13,1 4 13
1 2 4 7 8 9 11 12,0.0353439,20.4809,Yes,N/A,2,1 2,4,1 4,2 4,7,8,9,1 9,11,12,1 12,2 12,1 2 12,4 12,1 4 12,2 4 12
2 4 7 8 9 11 12,0.0180692,27.1109,Yes,N/A,2,N/A,4,N/A,2 4,7,8,9,2 8,11,12,2 11,2 12,4 11,4 12,2 4 11,2 4 12
1 2 4 7 8 9 11 12 13,0.0208869,27.513,Yes,N/A,2,1 2,4,1 4,2 4,7,8,9,1 9,11,12,13,1 13,2 13,1 2 13,4 13,1 4 13
2 4 7 8 9 12 13,0.0134292,30.0256,Yes,N/A,2,N/A,4,N/A,2 4,7,8,9,2 8,2 9,12,13,2 12,2 13,4 12,4 13,2 4 12
1 2 4 7 8 9 10,0.0588384,14.3518,Yes,N/A,2,1 2,4,1 4,2 4,7,8,9,10,1 10,2 10,1 2 10,4 10,1 4 10,2 4 10,7 10,8 10
2 4 7 8 9 10,0.037228,18.3959,Yes,N/A,2,N/A,4,N/A,2 4,7,8,9,10,2 9,2 10,4 9,4 10,2 4 9,2 4 10,7 10,8 10
1 2 4 7 8 9 10 13,0.0348296,20.4051,Yes,N/A,2,1 2,4,1 4,2 4,7,8,9,10,1 10,2 10,13,1 13,2 13,1 2 13,4 13,1 4 13
1 2 4 7 8 9 10 12,0.0401577,18.9507,Yes,N/A,2,1 2,4,1 4,2 4,7,8,9,10,1 10,12,1 12,2 12,1 2 12,4 12,1 4 12,2 4 12
2 4 7 8 9 10 12,0.0206633,25.6667,Yes,N/A,2,N/A,4,N/A,2 4,7,8,9,10,2 9,12,4 9,2 12,2 4 9,4 12,7 10,2 4 12
1 2 4 7 8 9 10 12 13,0.0239819,25.625,Yes,N/A,2,1 2,4,1 4,2 4,7,8,9,10,1 10,12,13,1 13,2 13,1 2 13,4 13,1 4 13
2 4 7 8 9 10 13,0.0176019,26.8113,Yes,N/A,2,N/A,4,N/A,2 4,7,8,9,10,2 9,2 10,13,4 10,2 13,2 4 10,4 13,8 10
1 2 4 7 8 9 10 11,0.0430017,18.3942,Yes,N/A,2,1 2,4,1 4,2 4,7,8,9,10,11,1 11,2 11,1 2 11,4 11,1 4 11,2 4 11,7 11
2 4 7 8 9 10 11,0.0236449,24.1022,Yes,N/A,2,N/A,4,N/A,2 4,7,8,9,10,11,2 10,2 11,4 10,4 11,2 4 10,2 4 11,7 11
1 2 4 7 8 9 10 11 13,0.0267033,24.275,Yes,N/A,2,1 2,4,1 4,2 4,7,8,9,10,11,1 11,13,1 13,2 13,1 2 13,4 13,1 4 13
1 2 4 7 8 9 10 11 12,0.0302782,23.1859,Yes,N/A,2,1 2,4,1 4,2 4,7,8,9,10,11,12,1 12,2 12,1 2 12,4 12,1 4 12,2 4 12
2 4 7 8 9 10 11 12,0.0152882,30.1193,Yes,N/A,2,N/A,4,N/A,2 4,7,8,9,10,11,12,2 11,2 12,4 11,4 12,2 4 11,2 4 12
1 2 4 7 8 9 10 11 12 13,0.0200701,29.0142,Yes,N/A,2,1 2,4,1 4,2 4,7,8,9,10,11,12,13,1 13,2 13,1 2 13,4 13,1 4 13
2 4 8 10 12 13,0.00874686,35.4254,Yes,N/A,2,N/A,4,N/A,2 4,N/A,8,N/A,10,N/A,12,13,2 12,2 13,4 12,4 13,2 4 12
2 4 8 10 11 13,0.0136425,31.0878,Yes,N/A,2,N/A,4,N/A,2 4,N/A,8,N/A,10,11,2 10,13,4 10,2 13,2 4 10,4 13,8 10
2 4 8 10 11 12 13,0.00774901,39.7741,Yes,N/A,2,N/A,4,N/A,2 4,N/A,8,N/A,10,11,12,13,2 12,2 13,4 12,4 13,2 4 12
2 4 8 9 11 13,0.015162,29.4064,Yes,N/A,2,N/A,4,N/A,2 4,N/A,8,9,2 8,11,4 8,13,2 4 8,2 13,N/A,4 13,N/A
2 4 8 9 11 12 13,0.00971091,35.7504,Yes,N/A,2,N/A,4,N/A,2 4,N/A,8,9,2 8,11,12,13,2 12,2 13,4 12,4 13,2 4 12
2 4 8 9 10 12 13,0.0105218,34.5863,Yes,N/A,2,N/A,4,N/A,2 4,N/A,8,9,10,2 9,12,13,2 12,2 13,4 12,4 13,2 4 12
2 4 8 9 10 11 13,0.0123929,33.1494,Yes,N/A,2,N/A,4,N/A,2 4,N/A,8,9,10,11,2 10,13,4 10,2 13,2 4 10,4 13,8 10
2 4 8 9 10 11 12 13,0.00837308,39.9422,Yes,N/A,2,N/A,4,N/A,2 4,N/A,8,9,10,11,12,13,2 12,2 13,4 12,4 13,2 4 12
1 2 4 6,0.133541,4.74243,Yes,N/A,2,1 2,4,1 4,6,1 6,2 6,1 2 6,4 6,1 4 6,2 4 6,1 2 4 6,N/A,N/A,N/A,N/A,N/A
2 4 6,0.120585,8.21451,Yes,N/A,2,N/A,4,N/A,6,N/A,2 6,N/A,4 6,N/A,2 4 6,N/A,N/A,N/A,N/A,N/A,N/A
1 2 4 6 13,0.0610486,12.1644,Yes,N/A,2,1 2,4,1 4,6,1 6,2 6,1 2 6,4 6,1 4 6,2 4 6,13,1 13,2 13,1 2 13,4 13,1 4 13
1 2 4 6 12,0.075838,10.565,Yes,N/A,2,1 2,4,1 4,6,1 6,2 6,1 2 6,4 6,1 4 6,12,1 12,2 12,1 2 12,4 12,1 4 12,6 12
2 4 6 12,0.0385368,17.4797,Yes,N/A,2,N/A,4,N/A,6,N/A,2 6,N/A,4 6,N/A,12,N/A,2 12,N/A,4 12,N/A,6 12
1 2 4 6 12 13,0.0323484,19.8316,Yes,N/A,2,1 2,4,1 4,6,1 6,2 6,1 2 6,4 6,1 4 6,12,13,1 13,2 13,1 2 13,4 13,1 4 13
2 4 6 13,0.0383713,17.8857,Yes,N/A,2,N/A,4,N/A,6,N/A,2 6,N/A,4 6,N/A,2 4 6,13,N/A,2 13,N/A,4 13,N/A
1 2 4 6 11,0.0914932,9.19005,Yes,N/A,2,1 2,4,1 4,6,1 6,2 6,1 2 6,4 6,11,1 11,2 11,1 2 11,4 11,1 4 11,6 11,1 6 11
2 4 6 11,0.0657204,14.0533,Yes,N/A,2,N/A,4,N/A,6,N/A,2 6,N/A,4 6,11,2 4 6,2 11,N/A,4 11,N/A,6 11,N/A
1 2 4 6 11 13,0.0411602,17.8088,Yes,N/A,2,1 2,4,1 4,6,1 6,2 6,1 2 6,4 6,11,1 11,13,1 13,2 13,1 2 13,4 13,1 4 13
1 2 4 6 11 12,0.0491747,16.3179,Yes,N/A,2,1 2,4,1 4,6,1 6,2 6,1 2 6,4 6,11,12,1 12,2 12,1 2 12,4 12,1 4 12,6 12
2 4 6 11 12,0.0287701,21.5897,Yes,N/A,2,N/A,4,N/A,6,N/A,2 6,N/A,4 6,11,12,2 11,2 12,4 11,4 12,6 11,6 12
1 2 4 6 11 12 13,0.0236101,25.3406,Yes,N/A,2,1 2,4,1 4,6,1 6,2 6,1 2 6,4 6,11,12,13,1 13,2 13,1 2 13,4 13,1 4 13
2 4 6 12 13,0.0171116,26.1221,Yes,N/A,2,N/A,4,N/A,6,N/A,2 6,N/A,4 6,N/A,12,13,2 12,2 13,4 12,4 13,6 12
1 2 4 6 10,0.101342,8.41959,Yes,N/A,2,1 2,4,1 4,6,1 6,2 6,1 2 6,10,1 10,2 10,1 2 10,4 10,1 4 10,6 10,1 6 10,2 6 10
2 4 6 10,0.0474019,15.5121,Yes,N/A,2,N/A,4,N/A,6,N/A,2 6,N/A,10,N/A,2 10,N/A,4 10,N/A,6 10,N/A,2 6 10
1 2 4 6 10 13,0.0439219,16.7558,Yes,N/A,2,1 2,4,1 4,6,1 6,2 6,1 2 6,10,1 10,2 10,13,1 13,2 13,1 2 13,4 13,1 4 13
1 2 4 6 10 12,0.0497866,15.5829,Yes,N/A,2,1 2,4,1 4,6,1 6,2 6,1 2 6,10,1 10,12,1 12,2 12,1 2 12,4 12,1 4 12,6 12
2 4 6 10 12,0.0166408,25.9688,Yes,N/A,2,N/A,4,N/A,6,N/A,2 6,N/A,10,N/A,12,N/A,2 12,N/A,4 12,N/A,6 12
1 2 4 6 10 12 13,0.0241254,24.1336,Yes,N/A,2,1 2,4,1 4,6,1 6,2 6,1 2 6,10,1 10,12,13,1 13,2 13,1 2 13,4 13,1 4 13
2 4 6 10 13,0.0188931,24.1933,Yes,N/A,2,N/A,4,N/A,6,N/A,2 6,N/A,10,N/A,2 10,13,4 10,2 13,6 10,4 13,2 6 10
1 2 4 6 10 11,0.056852,14.2139,Yes,N/A,2,1 2,4,1 4,6,1 6,2 6,1 2 6,10,11,1 11,2 11,1 2 11,4 11,1 4 11,6 11,1 6 11
2 4 6 10 11,0.0315846,19.6218,Yes,N/A,2,N/A,4,N/A,6,N/A,2 6,N/A,10,11,2 10,2 11,4 10,4 11,6 10,6 11,2 6 10
1 2 4 6 10 11 13,0.028818,22.2839,Yes,N/A,2,1 2,4,1 4,6,1 6,2 6,1 2 6,10,11,1 11,13,1 13,2 13,1 2 13,4 13,1 4 13
1 2 4 6 10 11 12,0.0341118,20.8076,Yes,N/A,2,1 2,4,1 4,6,1 6,2 6,1 2 6,10,11,12,1 12,2 12,1 2 12,4 12,1 4 12,6 12
2 4 6 10 11 12,0.0157052,28.6141,Yes,N/A,2,N/A,4,N/A,6,N/A,2 6,N/A,10,11,12,2 11,2 12,4 11,4 12,6 11,6 12
1 2 4 6 10 11 12 13,0.0185669,29.0734,Yes,N/A,2,1 2,4,1 4,6,1 6,2 6,1 2 6,10,11,12,13,1 13,2 13,1 2 13,4 13,1 4 13
2 4 6 11 13,0.0206645,25.1141,Yes,N/A,2,N/A,4,N/A,6,N/A,2 6,N/A,4 6,11,2 4 6,13,N/A,2 13,N/A,4 13,N/A
2 4 6 11 12 13,0.012067,31.855,Yes,N/A,2,N/A,4,N/A,6,N/A,2 6,N/A,4 6,11,12,13,2 12,2 13,4 12,4 13,6 12
1 2 4 6 9,0.108634,7.49772,Yes,N/A,2,1 2,4,1 4,6,1 6,2 6,9,1 9,2 9,1 2 9,4 9,1 4 9,6 9,1 6 9,2 6 9,1 2 6 9
2 4 6 9,0.0837828,10.9388,Yes,N/A,2,N/A,4,N/A,6,N/A,2 6,9,4 6,2 9,2 4 6,4 9,N/A,6 9,N/A,2 6 9,N/A
1 2 4 6 9 13,0.0495128,15.7234,Yes,N/A,2,1 2,4,1 4,6,1 6,2 6,9,1 9,2 9,1 2 9,13,1 13,2 13,1 2 13,4 13,1 4 13
1 2 4 6 9 12,0.063326,13.373,Yes,N/A,2,1 2,4,1 4,6,1 6,2 6,9,1 9,2 9,12,1 12,2 12,1 2 12,4 12,1 4 12,6 12
2 4 6 9 12,0.0372232,17.9184,Yes,N/A,2,N/A,4,N/A,6,N/A,2 6,9,4 6,2 9,12,4 9,2 12,6 9,4 12,2 6 9,6 12
1 2 4 6 9 12 13,0.0302837,21.8086,Yes,N/A,2,1 2,4,1 4,6,1 6,2 6,9,1 9,2 9,12,13,1 13,2 13,1 2 13,4 13,1 4 13
2 4 6 9 13,0.0276563,21.485,Yes,N/A,2,N/A,4,N/A,6,N/A,2 6,9,4 6,2 9,2 4 6,13,N/A,2 13,N/A,4 13,N/A
1 2 4 6 9 11,0.0716268,12.0384,Yes,N/A,2,1 2,4,1 4,6,1 6,2 6,9,1 9,11,1 11,2 11,1 2 11,4 11,1 4 11,6 11,1 6 11
2 4 6 9 11,0.0383803,18.7887,Yes,N/A,2,N/A,4,N/A,6,N/A,2 6,9,4 6,11,2 4 6,2 11,N/A,4 11,N/A,6 11,N/A
1 2 4 6 9 11 13,0.0345935,20.6741,Yes,N/A,2,1 2,4,1 4,6,1 6,2 6,9,1 9,11,1 11,13,1 13,2 13,1 2 13,4 13,1 4 13
1 2 4 6 9 11 12,0.0424548,18.4193,Yes,N/A,2,1 2,4,1 4,6,1 6,2 6,9,1 9,11,12,1 12,2 12,1 2 12,4 12,1 4 12,6 12
2 4 6 9 11 12,0.02326,24.3507,Yes,N/A,2,N/A,4,N/A,6,N/A,2 6,9,4 6,11,12,2 11,2 12,4 11,4 12,6 11,6 12
1 2 4 6 9 11 12 13,0.0227171,26.6152,Yes,N/A,2,1 2,4,1 4,6,1 6,2 6,9,1 9,11,12,13,1 13,2 13,1 2 13,4 13,1 4 13
2 4 6 9 12 13,0.0160776,27.5425,Yes,N/A,2,N/A,4,N/A,6,N/A,2 6,9,4 6,2 9,12,13,2 12,2 13,4 12,4 13,6 12
1 2 4 6 9 10,0.0754185,11.1116,Yes,N/A,2,1 2,4,1 4,6,1 6,2 6,9,10,1 10,2 10,1 2 10,4 10,1 4 10,6 10,1 6 10,2 6 10
2 4 6 9 10,0.0433368,15.778,Yes,N/A,2,N/A,4,N/A,6,N/A,2 6,9,10,2 9,2 10,4 9,4 10,6 9,6 10,2 6 9,2 6 10
1 2 4 6 9 10 13,0.0375488,19.162,Yes,N/A,2,1 2,4,1 4,6,1 6,2 6,9,10,1 10,2 10,13,1 13,2 13,1 2 13,4 13,1 4 13
1 2 4 6 9 10 12,0.0461531,17.046,Yes,N/A,2,1 2,4,1 4,6,1 6,2 6,9,10,1 10,12,1 12,2 12,1 2 12,4 12,1 4 12,6 12
2 4 6 9 10 12,0.0219553,24.2522,Yes,N/A,2,N/A,4,N/A,6,N/A,2 6,9,10,2 9,12,4 9,2 12,6 9,4 12,2 6 9,6 12
1 2 4 6 9 10 12 13,0.0245429,24.976,Yes,N/A,2,1 2,4,1 4,6,1 6,2 6,9,10,1 10,12,13,1 13,2 13,1 2 13,4 13,1 4 13
2 4 6 9 10 13,0.0177031,25.7381,Yes,N/A,2,N/A,4,N/A,6,N/A,2 6,9,10,2 9,2 10,13,4 10,2 13,6 10,4 13,2 6 10
1 2 4 6 9 10 11,0.0507004,16.204,Yes,N/A,2,1 2,4,1 4,6,1 6,2 6,9,10,11,1 11,2 11,1 2 11,4 11,1 4 11,6 11,1 6 11
2 4 6 9 10 11,0.0278654,22.1939,Yes,N/A,2,N/A,4,N/A,6,N/A,2 6,9,10,11,2 10,2 11,4 10,4 11,6 10,6 11,2 6 10
1 2 4 6 9 10 11 13,0.0277417,23.7565,Yes,N/A,2,1 2,4,1 4,6,1 6,2 6,9,10,11,1 11,13,1 13,2 13,1 2 13,4 13,1 4 13
1 2 4 6 9 10 11 12,0.0333444,22.0224,Yes,N/A,2,1 2,4,1 4,6,1 6,2 6,9,10,11,12,1 12,2 12,1 2 12,4 12,1 4 12,6 12
2 4 6 9 10 11 12,0.0166974,29.4013,Yes,N/A,2,N/A,4,N/A,6,N/A,2 6,9,10,11,12,2 11,2 12,4 11,4 12,6 11,6 12
1 2 4 6 9 10 11 12 13,0.0198284,29.4327,Yes,N/A,2,1 2,4,1 4,6,1 6,2 6,9,10,11,12,13,1 13,2 13,1 2 13,4 13,1 4 13
2 4 6 10 12 13,0.00912858,33.8014,Yes,N/A,2,N/A,4,N/A,6,N/A,2 6,N/A,10,N/A,12,13,2 12,2 13,4 12,4 13,6 12
2 4 6 10 11 13,0.0132745,29.8739,Yes,N/A,2,N/A,4,N/A,6,N/A,2 6,N/A,10,11,2 10,13,4 10,2 13,6 10,4 13,2 6 10
2 4 6 10 11 12 13,0.00802557,38.2113,Yes,N/A,2,N/A,4,N/A,6,N/A,2 6,N/A,10,11,12,13,2 12,2 13,4 12,4 13,6 12
1 2 4 6 8,0.107578,7.05295,Yes,N/A,2,1 2,4,1 4,6,1 6,8,1 8,2 8,1 2 8,4 8,1 4 8,6 8,1 6 8,2 6 8,1 2 6 8,4 6 8
2 4 6 8,0.046833,13.7581,Yes,N/A,2,N/A,4,N/A,6,N/A,8,N/A,2 8,N/A,4 8,N/A,6 8,N/A,2 6 8,N/A,4 6 8
1 2 4 6 8 13,0.0512346,14.8951,Yes,N/A,2,1 2,4,1 4,6,1 6,8,1 8,2 8,1 2 8,4 8,13,1 13,2 13,1 2 13,4 13,1 4 13
1 2 4 6 8 12,0.0587094,13.5962,Yes,N/A,2,1 2,4,1 4,6,1 6,8,1 8,2 8,1 2 8,12,1 12,2 12,1 2 12,4 12,1 4 12,6 12
2 4 6 8 12,0.0194597,23.9947,Yes,N/A,2,N/A,4,N/A,6,N/A,8,N/A,2 8,N/A,12,N/A,2 12,N/A,4 12,N/A,6 12
1 2 4 6 8 12 13,0.0282876,22.148,Yes,N/A,2,1 2,4,1 4,6,1 6,8,1 8,2 8,1 2 8,12,13,1 13,2 13,1 2 13,4 13,1 4 13
2 4 6 8 13,0.0199583,22.4099,Yes,N/A,2,N/A,4,N/A,6,N/A,8,N/A,2 8,N/A,4 8,13,6 8,2 13,2 6 8,4 13,4 6 8
1 2 4 6 8 11,0.0711447,11.4939,Yes,N/A,2,1 2,4,1 4,6,1 6,8,1 8,2 8,11,1 11,2 11,1 2 11,4 11,1 4 11,6 11,1 6 11
2 4 6 8 11,0.0351516,17.764,Yes,N/A,2,N/A,4,N/A,6,N/A,8,N/A,2 8,11,4 8,2 11,6 8,4 11,2 6 8,6 11,4 6 8
1 2 4 6 8 11 13,0.0359098,19.5203,Yes,N/A,2,1 2,4,1 4,6,1 6,8,1 8,2 8,11,1 11,13,1 13,2 13,1 2 13,4 13,1 4 13
1 2 4 6 8 11 12,0.0430887,17.6873,Yes,N/A,2,1 2,4,1 4,6,1 6,8,1 8,2 8,11,12,1 12,2 12,1 2 12,4 12,1 4 12,6 12
2 4 6 8 11 12,0.0185854,26.5724,Yes,N/A,2,N/A,4,N/A,6,N/A,8,N/A,2 8,11,12,2 11,2 12,4 11,4 12,6 11,6 12
1 2 4 6 8 11 12 13,0.0230177,25.9138,Yes,N/A,2,1 2,4,1 4,6,1 6,8,1 8,2 8,11,12,13,1 13,2 13,1 2 13,4 13,1 4 13
2 4 6 8 12 13,0.0106067,31.8138,Yes,N/A,2,N/A,4,N/A,6,N/A,8,N/A,2 8,N/A,12,13,2 12,2 13,4 12,4 13,6 12
1 2 4 6 8 10,0.0701779,11.1933,Yes,N/A,2,1 2,4,1 4,6,1 6,8,1 8,10,1 10,2 10,1 2 10,4 10,1 4 10,6 10,1 6 10,8 10
2 4 6 8 10,0.0239203,21.8948,Yes,N/A,2,N/A,4,N/A,6,N/A,8,N/A,10,N/A,2 10,N/A,4 10,N/A,6 10,N/A,8 10
1 2 4 6 8 10 13,0.0365364,18.9077,Yes,N/A,2,1 2,4,1 4,6,1 6,8,1 8,10,1 10,2 10,13,1 13,2 13,1 2 13,4 13,1 4 13
1 2 4 6 8 10 12,0.0390415,19.0827,Yes,N/A,2,1 2,4,1 4,6,1 6,8,1 8,10,1 10,12,1 12,2 12,1 2 12,4 12,1 4 12,6 12
2 4 6 8 10 12,0.0104348,32.8278,Yes,N/A,2,N/A,4,N/A,6,N/A,8,N/A,10,N/A,12,N/A,2 12,N/A,4 12,N/A,6 12
1 2 4 6 8 10 12 13,0.0213204,26.805,Yes,N/A,2,1 2,4,1 4,6,1 6,8,1 8,10,1 10,12,13,1 13,2 13,1 2 13,4 13,1 4 13
2 4 6 8 10 13,0.0133161,29.6062,Yes,N/A,2,N/A,4,N/A,6,N/A,8,N/A,10,N/A,2 10,13,4 10,2 13,6 10,4 13,8 10
1 2 4 6 8 10 11,0.0487668,16.1997,Yes,N/A,2,1 2,4,1 4,6,1 6,8,1 8,10,11,1 11,2 11,1 2 11,4 11,1 4 11,6 11,1 6 11
2 4 6 8 10 11,0.0240755,24.2958,Yes,N/A,2,N/A,4,N/A,6,N/A,8,N/A,10,11,2 10,2 11,4 10,4 11,6 10,6 11,8 10
1 2 4 6 8 10 11 13,0.0270011,23.7901,Yes,N/A,2,1 2,4,1 4,6,1 6,8,1 8,10,11,1 11,13,1 13,2 13,1 2 13,4 13,1 4 13
1 2 4 6 8 10 11 12,0.0316559,22.1751,Yes,N/A,2,1 2,4,1 4,6,1 6,8,1 8,10,11,12,1 12,2 12,1 2 12,4 12,1 4 12,6 12
2 4 6 8 10 11 12,0.0122665,33.8963,Yes,N/A,2,N/A,4,N/A,6,N/A,8,N/A,10,11,12,2 11,2 12,4 11,4 12,6 11,6 12
1 2 4 6 8 10 11 12 13,0.0187128,29.7655,Yes,N/A,2,1 2,4,1 4,6,1 6,8,1 8,10,11,12,13,1 13,2 13,1 2 13,4 13,1 4 13
2 4 6 8 11 13,0.0145057,28.2075,Yes,N/A,2,N/A,4,N/A,6,N/A,8,N/A,2 8,11,4 8,13,6 8,2 13,2 6 8,4 13,4 6 8
2 4 6 8 11 12 13,0.00916071,36.2166,Yes,N/A,2,N/A,4,N/A,6,N/A,8,N/A,2 8,11,12,13,2 12,2 13,4 12,4 13,6 12
1 2 4 6 8 9,0.0779948,9.82871,Yes,N/A,2,1 2,4,1 4,6,1 6,8,9,1 9,2 9,1 2 9,4 9,1 4 9,6 9,1 6 9,8 9,1 8 9
2 4 6 8 9,0.051712,13.8578,Yes,N/A,2,N/A,4,N/A,6,N/A,8,9,2 8,2 9,4 8,4 9,6 8,6 9,2 6 8,8 9,4 6 8
1 2 4 6 8 9 13,0.0411993,17.4119,Yes,N/A,2,1 2,4,1 4,6,1 6,8,9,1 9,2 9,1 2 9,13,1 13,2 13,1 2 13,4 13,1 4 13
1 2 4 6 8 9 12,0.0512369,15.5324,Yes,N/A,2,1 2,4,1 4,6,1 6,8,9,1 9,2 9,12,1 12,2 12,1 2 12,4 12,1 4 12,6 12
2 4 6 8 9 12,0.0269564,22.0716,Yes,N/A,2,N/A,4,N/A,6,N/A,8,9,2 8,2 9,12,4 9,2 12,6 9,4 12,8 9,6 12
1 2 4 6 8 9 12 13,0.0270022,23.3433,Yes,N/A,2,1 2,4,1 4,6,1 6,8,9,1 9,2 9,12,13,1 13,2 13,1 2 13,4 13,1 4 13
2 4 6 8 9 13,0.021189,23.5865,Yes,N/A,2,N/A,4,N/A,6,N/A,8,9,2 8,2 9,4 8,13,6 8,2 13,2 6 8,4 13,4 6 8
1 2 4 6 8 9 11,0.0588031,13.9509,Yes,N/A,2,1 2,4,1 4,6,1 6,8,9,1 9,11,1 11,2 11,1 2 11,4 11,1 4 11,6 11,1 6 11
2 4 6 8 9 11,0.033199,20.4078,Yes,N/A,2,N/A,4,N/A,6,N/A,8,9,2 8,11,4 8,2 11,6 8,4 11,2 6 8,6 11,4 6 8
1 2 4 6 8 9 11 13,0.0315622,21.6959,Yes,N/A,2,1 2,4,1 4,6,1 6,8,9,1 9,11,1 11,13,1 13,2 13,1 2 13,4 13,1 4 13
1 2 4 6 8 9 11 12,0.0379734,19.7798,Yes,N/A,2,1 2,4,1 4,6,1 6,8,9,1 9,11,12,1 12,2 12,1 2 12,4 12,1 4 12,6 12
2 4 6 8 9 11 12,0.0198267,27.2505,Yes,N/A,2,N/A,4,N/A,6,N/A,8,9,2 8,11,12,2 11,2 12,4 11,4 12,6 11,6 12
1 2 4 6 8 9 11 12 13,0.0220469,27.2425,Yes,N/A,2,1 2,4,1 4,6,1 6,8,9,1 9,11,12,13,1 13,2 13,1 2 13,4 13,1 4 13
2 4 6 8 9 12 13,0.0129925,31.0594,Yes,N/A,2,N/A,4,N/A,6,N/A,8,9,2 8,2 9,12,13,2 12,2 13,4 12,4 13,6 12
1 2 4 6 8 9 10,0.0634861,13.0657,Yes,N/A,2,1 2,4,1 4,6,1 6,8,9,10,1 10,2 10,1 2 10,4 10,1 4 10,6 10,1 6 10,8 10
2 4 6 8 9 10,0.0359617,19.7442,Yes,N/A,2,N/A,4,N/A,6,N/A,8,9,10,2 9,2 10,4 9,4 10,6 9,6 10,8 9,8 10
1 2 4 6 8 9 10 13,0.0350736,20.0523,Yes,N/A,2,1 2,4,1 4,6,1 6,8,9,10,1 10,2 10,13,1 13,2 13,1 2 13,4 13,1 4 13
1 2 4 6 8 9 10 12,0.0404397,18.9885,Yes,N/A,2,1 2,4,1 4,6,1 6,8,9,10,1 10,12,1 12,2 12,1 2 12,4 12,1 4 12,6 12
2 4 6 8 9 10 12,0.0178624,28.8017,Yes,N/A,2,N/A,4,N/A,6,N/A,8,9,10,2 9,12,4 9,2 12,6 9,4 12,8 9,6 12
1 2 4 6 8 9 10 12 13,0.0233253,26.1928,Yes,N/A,2,1 2,4,1 4,6,1 6,8,9,10,1 10,12,13,1 13,2 13,1 2 13,4 13,1 4 13
2 4 6 8 9 10 13,0.0167135,28.5703,Yes,N/A,2,N/A,4,N/A,6,N/A,8,9,10,2 9,2 10,13,4 10,2 13,6 10,4 13,8 10
1 2 4 6 8 9 10 11,0.0457609,17.5483,Yes,N/A,2,1 2,4,1 4,6,1 6,8,9,10,11,1 11,2 11,1 2 11,4 11,1 4 11,6 11,1 6 11
2 4 6 8 9 10 11,0.0255226,24.8496,Yes,N/A,2,N/A,4,N/A,6,N/A,8,9,10,11,2 10,2 11,4 10,4 11,6 10,6 11,8 10
1 2 4 6 8 9 10 11 13,0.0273924,24.2304,Yes,N/A,2,1 2,4,1 4,6,1 6,8,9,10,11,1 11,13,1 13,2 13,1 2 13,4 13,1 4 13
1 2 4 6 8 9 10 11 12,0.0319162,22.5884,Yes,N/A,2,1 2,4,1 4,6,1 6,8,9,10,11,12,1 12,2 12,1 2 12,4 12,1 4 12,6 12
2 4 6 8 9 10 11 12,0.0151702,32.6197,Yes,N/A,2,N/A,4,N/A,6,N/A,8,9,10,11,12,2 11,2 12,4 11,4 12,6 11,6 12
1 2 4 6 8 9 10 11 12 13,0.0204525,29.1009,Yes,N/A,2,1 2,4,1 4,6,1 6,8,9,10,11,12,13,1 13,2 13,1 2 13,4 13,1 4 13
2 4 6 9 11 13,0.0147271,29.6746,Yes,N/A,2,N/A,4,N/A,6,N/A,2 6,9,4 6,11,2 4 6,13,N/A,2 13,N/A,4 13,N/A
2 4 6 9 11 12 13,0.0107811,34.3316,Yes,N/A,2,N/A,4,N/A,6,N/A,2 6,9,4 6,11,12,13,2 12,2 13,4 12,4 13,6 12
2 4 6 9 10 12 13,0.0107918,33.3404,Yes,N/A,2,N/A,4,N/A,6,N/A,2 6,9,10,2 9,12,13,2 12,2 13,4 12,4 13,6 12
2 4 6 9 10 11 13,0.0122851,32.3114,Yes,N/A,2,N/A,4,N/A,6,N/A,2 6,9,10,11,2 10,13,4 10,2 13,6 10,4 13,2 6 10
2 4 6 9 10 11 12 13,0.00877361,38.6414,Yes,N/A,2,N/A,4,N/A,6,N/A,2 6,9,10,11,12,13,2 12,2 13,4 12,4 13,6 12
1 2 4 6 7,0.103005,6.66242,Yes,N/A,2,1 2,4,1 4,6,7,1 7,2 7,1 2 7,4 7,1 4 7,6 7,1 6 7,2 6 7,1 2 6 7,4 6 7,1 4 6 7
2 4 6 7,0.0810596,8.82645,Yes,N/A,2,N/A,4,N/A,6,7,2 6,2 7,4 6,4 7,2 4 6,6 7,N/A,2 6 7,N/A,4 6 7,N/A
1 2 4 6 7 13,0.0508058,14.5835,Yes,N/A,2,1 2,4,1 4,6,7,1 7,2 7,1 2 7,4 7,1 4 7,13,1 13,2 13,1 2 13,4 13,1 4 13
1 2 4 6 7 12,0.0642314,12.439,Yes,N/A,2,1 2,4,1 4,6,7,1 7,2 7,1 2 7,4 7,12,1 12,2 12,1 2 12,4 12,1 4 12,6 12
2 4 6 7 12,0.0397421,15.5888,Yes,N/A,2,N/A,4,N/A,6,7,2 6,2 7,4 6,4 7,12,6 7,2 12,2 6 7,4 12,4 6 7,6 12
1 2 4 6 7 12 13,0.0309437,21.0572,Yes,N/A,2,1 2,4,1 4,6,7,1 7,2 7,1 2 7,4 7,12,13,1 13,2 13,1 2 13,4 13,1 4 13
2 4 6 7 13,0.0288347,19.0529,Yes,N/A,2,N/A,4,N/A,6,7,2 6,2 7,4 6,4 7,2 4 6,13,N/A,2 13,N/A,4 13,N/A
1 2 4 6 7 11,0.0706657,11.1842,Yes,N/A,2,1 2,4,1 4,6,7,1 7,2 7,1 2 7,11,1 11,2 11,1 2 11,4 11,1 4 11,6 11,7 11
2 4 6 7 11,0.0411716,16.2624,Yes,N/A,2,N/A,4,N/A,6,7,2 6,2 7,4 6,11,2 4 6,2 11,N/A,4 11,N/A,6 11,7 11
1 2 4 6 7 11 13,0.0352054,19.5324,Yes,N/A,2,1 2,4,1 4,6,7,1 7,2 7,1 2 7,11,1 11,13,1 13,2 13,1 2 13,4 13,1 4 13
1 2 4 6 7 11 12,0.0421138,17.8898,Yes,N/A,2,1 2,4,1 4,6,7,1 7,2 7,1 2 7,11,12,1 12,2 12,1 2 12,4 12,1 4 12,6 12
2 4 6 7 11 12,0.0254303,21.6931,Yes,N/A,2,N/A,4,N/A,6,7,2 6,2 7,4 6,11,12,2 11,2 12,4 11,4 12,6 11,6 12
1 2 4 6 7 11 12 13,0.0224512,26.0113,Yes,N/A,2,1 2,4,1 4,6,7,1 7,2 7,1 2 7,11,12,13,1 13,2 13,1 2 13,4 13,1 4 13
2 4 6 7 12 13,0.0173414,24.7712,Yes,N/A,2,N/A,4,N/A,6,7,2 6,2 7,4 6,4 7,12,13,2 12,2 13,4 12,4 13,6 12
1 2 4 6 7 10,0.0751474,10.0979,Yes,N/A,2,1 2,4,1 4,6,7,1 7,2 7,10,1 10,2 10,1 2 10,4 10,1 4 10,6 10,7 10,1 7 10
2 4 6 7 10,0.0525164,13.1547,Yes,N/A,2,N/A,4,N/A,6,7,2 6,2 7,10,4 7,2 10,6 7,4 10,2 6 7,6 10,7 10,2 6 10
1 2 4 6 7 10 13,0.0394384,17.7955,Yes,N/A,2,1 2,4,1 4,6,7,1 7,2 7,10,1 10,2 10,13,1 13,2 13,1 2 13,4 13,1 4 13
1 2 4 6 7 10 12,0.0481697,15.968,Yes,N/A,2,1 2,4,1 4,6,7,1 7,2 7,10,1 10,12,1 12,2 12,1 2 12,4 12,1 4 12,6 12
2 4 6 7 10 12,0.0266896,21.362,Yes,N/A,2,N/A,4,N/A,6,7,2 6,2 7,10,4 7,12,6 7,2 12,2 6 7,4 12,7 10,6 12
1 2 4 6 7 10 12 13,0.025448,23.9449,Yes,N/A,2,1 2,4,1 4,6,7,1 7,2 7,10,1 10,12,13,1 13,2 13,1 2 13,4 13,1 4 13
2 4 6 7 10 13,0.0214234,22.6534,Yes,N/A,2,N/A,4,N/A,6,7,2 6,2 7,10,4 7,2 10,13,4 10,2 13,6 10,4 13,2 6 10
1 2 4 6 7 10 11,0.0540727,14.7914,Yes,N/A,2,1 2,4,1 4,6,7,1 7,2 7,10,11,1 11,2 11,1 2 11,4 11,1 4 11,6 11,7 11
2 4 6 7 10 11,0.0327388,19.5828,Yes,N/A,2,N/A,4,N/A,6,7,2 6,2 7,10,11,2 10,2 11,4 10,4 11,6 10,6 11,7 11
1 2 4 6 7 10 11 13,0.0293284,22.3266,Yes,N/A,2,1 2,4,1 4,6,7,1 7,2 7,10,11,1 11,13,1 13,2 13,1 2 13,4 13,1 4 13
1 2 4 6 7 10 11 12,0.0346526,20.9525,Yes,N/A,2,1 2,4,1 4,6,7,1 7,2 7,10,11,12,1 12,2 12,1 2 12,4 12,1 4 12,6 12
2 4 6 7 10 11 12,0.0191799,26.4419,Yes,N/A,2,N/A,4,N/A,6,7,2 6,2 7,10,11,12,2 11,2 12,4 11,4 12,6 11,6 12
1 2 4 6 7 10 11 12 13,0.0202227,28.4426,Yes,N/A,2,1 2,4,1 4,6,7,1 7,2 7,10,11,12,13,1 13,2 13,1 2 13,4 13,1 4 13
2 4 6 7 11 13,0.0159346,26.764,Yes,N/A,2,N/A,4,N/A,6,7,2 6,2 7,4 6,11,2 4 6,13,N/A,2 13,N/A,4 13,7 11
2 4 6 7 11 12 13,0.0115422,31.1574,Yes,N/A,2,N/A,4,N/A,6,7,2 6,2 7,4 6,11,12,13,2 12,2 13,4 12,4 13,6 12
1 2 4 6 7 9,0.083559,8.91252,Yes,N/A,2,1 2,4,1 4,6,7,1 7,9,1 9,2 9,1 2 9,4 9,1 4 9,6 9,7 9,1 7 9,2 7 9
2 4 6 7 9,0.055259,13.5908,Yes,N/A,2,N/A,4,N/A,6,7,2 6,9,4 6,2 9,2 4 6,4 9,N/A,6 9,7 9,2 6 9,2 7 9
1 2 4 6 7 9 13,0.0416976,17.2601,Yes,N/A,2,1 2,4,1 4,6,7,1 7,9,1 9,2 9,1 2 9,13,1 13,2 13,1 2 13,4 13,1 4 13
1 2 4 6 7 9 12,0.0555742,14.1942,Yes,N/A,2,1 2,4,1 4,6,7,1 7,9,1 9,2 9,12,1 12,2 12,1 2 12,4 12,1 4 12,6 12
2 4 6 7 9 12,0.0329391,19.2814,Yes,N/A,2,N/A,4,N/A,6,7,2 6,9,4 6,2 9,12,4 9,2 12,6 9,4 12,2 6 9,6 12
1 2 4 6 7 9 12 13,0.0289288,22.1372,Yes,N/A,2,1 2,4,1 4,6,7,1 7,9,1 9,2 9,12,13,1 13,2 13,1 2 13,4 13,1 4 13
2 4 6 7 9 13,0.0212115,23.7877,Yes,N/A,2,N/A,4,N/A,6,7,2 6,9,4 6,2 9,2 4 6,13,N/A,2 13,7 9,4 13,2 7 9
1 2 4 6 7 9 11,0.0611014,13.5941,Yes,N/A,2,1 2,4,1 4,6,7,1 7,9,1 9,11,1 11,2 11,1 2 11,4 11,1 4 11,6 11,7 11
2 4 6 7 9 11,0.0309642,21.0675,Yes,N/A,2,N/A,4,N/A,6,7,2 6,9,4 6,11,2 4 6,2 11,N/A,4 11,7 9,6 11,7 11
1 2 4 6 7 9 11 13,0.0309843,21.9919,Yes,N/A,2,1 2,4,1 4,6,7,1 7,9,1 9,11,1 11,13,1 13,2 13,1 2 13,4 13,1 4 13
1 2 4 6 7 9 11 12,0.0389555,19.195,Yes,N/A,2,1 2,4,1 4,6,7,1 7,9,1 9,11,12,1 12,2 12,1 2 12,4 12,1 4 12,6 12
2 4 6 7 9 11 12,0.0208509,25.5495,Yes,N/A,2,N/A,4,N/A,6,7,2 6,9,4 6,11,12,2 11,2 12,4 11,4 12,6 11,6 12
1 2 4 6 7 9 11 12 13,0.0223158,26.5134,Yes,N/A,2,1 2,4,1 4,6,7,1 7,9,1 9,11,12,13,1 13,2 13,1 2 13,4 13,1 4 13
2 4 6 7 9 12 13,0.0145268,28.5622,Yes,N/A,2,N/A,4,N/A,6,7,2 6,9,4 6,2 9,12,13,2 12,2 13,4 12,4 13,6 12
1 2 4 6 7 9 10,0.0671264,12.3862,Yes,N/A,2,1 2,4,1 4,6,7,1 7,9,10,1 10,2 10,1 2 10,4 10,1 4 10,6 10,7 10,1 7 10
2 4 6 7 9 10,0.0458016,16.5715,Yes,N/A,2,N/A,4,N/A,6,7,2 6,9,10,2 9,2 10,4 9,4 10,6 9,6 10,7 10,2 6 10
1 2 4 6 7 9 10 13,0.0362752,19.6276,Yes,N/A,2,1 2,4,1 4,6,7,1 7,9,10,1 10,2 10,13,1 13,2 13,1 2 13,4 13,1 4 13
1 2 4 6 7 9 10 12,0.0443713,17.4829,Yes,N/A,2,1 2,4,1 4,6,7,1 7,9,10,1 10,12,1 12,2 12,1 2 12,4 12,1 4 12,6 12
2 4 6 7 9 10 12,0.0255597,23.3683,Yes,N/A,2,N/A,4,N/A,6,7,2 6,9,10,2 9,12,4 9,2 12,6 9,4 12,7 10,6 12
1 2 4 6 7 9 10 12 13,0.0252506,24.6734,Yes,N/A,2,1 2,4,1 4,6,7,1 7,9,10,1 10,12,13,1 13,2 13,1 2 13,4 13,1 4 13
2 4 6 7 9 10 13,0.0183066,26.4747,Yes,N/A,2,N/A,4,N/A,6,7,2 6,9,10,2 9,2 10,13,4 10,2 13,6 10,4 13,2 6 10
1 2 4 6 7 9 10 11,0.0487859,16.6655,Yes,N/A,2,1 2,4,1 4,6,7,1 7,9,10,11,1 11,2 11,1 2 11,4 11,1 4 11,6 11,7 11
2 4 6 7 9 10 11,0.027008,23.0262,Yes,N/A,2,N/A,4,N/A,6,7,2 6,9,10,11,2 10,2 11,4 10,4 11,6 10,6 11,7 11
1 2 4 6 7 9 10 11 13,0.027978,23.7894,Yes,N/A,2,1 2,4,1 4,6,7,1 7,9,10,11,1 11,13,1 13,2 13,1 2 13,4 13,1 4 13
1 2 4 6 7 9 10 11 12,0.0333622,21.8782,Yes,N/A,2,1 2,4,1 4,6,7,1 7,9,10,11,12,1 12,2 12,1 2 12,4 12,1 4 12,6 12
2 4 6 7 9 10 11 12,0.0178555,28.5076,Yes,N/A,2,N/A,4,N/A,6,7,2 6,9,10,11,12,2 11,2 12,4 11,4 12,6 11,6 12
1 2 4 6 7 9 10 11 12 13,0.0211046,28.2743,Yes,N/A,2,1 2,4,1 4,6,7,1 7,9,10,11,12,13,1 13,2 13,1 2 13,4 13,1 4 13
2 4 6 7 10 12 13,0.0130781,29.7327,Yes,N/A,2,N/A,4,N/A,6,7,2 6,2 7,10,4 7,12,13,2 12,2 13,4 12,4 13,6 12
2 4 6 7 10 11 13,0.0138704,29.2546,Yes,N/A,2,N/A,4,N/A,6,7,2 6,2 7,10,11,2 10,13,4 10,2 13,6 10,4 13,7 11
2 4 6 7 10 11 12 13,0.00976422,35.0492,Yes,N/A,2,N/A,4,N/A,6,7,2 6,2 7,10,11,12,13,2 12,2 13,4 12,4 13,6 12
1 2 4 6 7 8,0.085735,8.50642,Yes,N/A,2,1 2,4,1 4,6,7,8,1 8,2 8,1 2 8,4 8,1 4 8,6 8,7 8,1 7 8,2 7 8,1 2 7 8
2 4 6 7 8,0.0680096,11.1997,Yes,N/A,2,N/A,4,N/A,6,7,8,2 7,2 8,4 7,4 8,6 7,6 8,7 8,2 6 8,2 7 8,4 6 8
1 2 4 6 7 8 13,0.0444126,16.6212,Yes,N/A,2,1 2,4,1 4,6,7,8,1 8,2 8,1 2 8,4 8,13,1 13,2 13,1 2 13,4 13,1 4 13
1 2 4 6 7 8 12,0.056327,14.1043,Yes,N/A,2,1 2,4,1 4,6,7,8,1 8,2 8,1 2 8,12,1 12,2 12,1 2 12,4 12,1 4 12,6 12
2 4 6 7 8 12,0.0344407,18.999,Yes,N/A,2,N/A,4,N/A,6,7,8,2 7,2 8,4 7,12,6 7,2 12,7 8,4 12,2 7 8,6 12
1 2 4 6 7 8 12 13,0.0283405,22.5776,Yes,N/A,2,1 2,4,1 4,6,7,8,1 8,2 8,1 2 8,12,13,1 13,2 13,1 2 13,4 13,1 4 13
2 4 6 7 8 13,0.0267668,20.7408,Yes,N/A,2,N/A,4,N/A,6,7,8,2 7,2 8,4 7,4 8,13,6 8,2 13,2 6 8,4 13,4 6 8
1 2 4 6 7 8 11,0.0670936,12.4017,Yes,N/A,2,1 2,4,1 4,6,7,8,1 8,2 8,11,1 11,2 11,1 2 11,4 11,1 4 11,6 11,7 11
2 4 6 7 8 11,0.0420641,17.2647,Yes,N/A,2,N/A,4,N/A,6,7,8,2 7,2 8,11,4 8,2 11,6 8,4 11,2 6 8,6 11,7 11
1 2 4 6 7 8 11 13,0.0345657,20.2394,Yes,N/A,2,1 2,4,1 4,6,7,8,1 8,2 8,11,1 11,13,1 13,2 13,1 2 13,4 13,1 4 13
1 2 4 6 7 8 11 12,0.041853,18.1873,Yes,N/A,2,1 2,4,1 4,6,7,8,1 8,2 8,11,12,1 12,2 12,1 2 12,4 12,1 4 12,6 12
2 4 6 7 8 11 12,0.0241095,23.8715,Yes,N/A,2,N/A,4,N/A,6,7,8,2 7,2 8,11,12,2 11,2 12,4 11,4 12,6 11,6 12
1 2 4 6 7 8 11 12 13,0.023485,25.7768,Yes,N/A,2,1 2,4,1 4,6,7,8,1 8,2 8,11,12,13,1 13,2 13,1 2 13,4 13,1 4 13
2 4 6 7 8 12 13,0.0159521,27.5672,Yes,N/A,2,N/A,4,N/A,6,7,8,2 7,2 8,4 7,12,13,2 12,2 13,4 12,4 13,6 12
1 2 4 6 7 8 10,0.0733971,11.3345,Yes,N/A,2,1 2,4,1 4,6,7,8,1 8,10,1 10,2 10,1 2 10,4 10,1 4 10,6 10,7 10,8 10
2 4 6 7 8 10,0.0468771,16.5827,Yes,N/A,2,N/A,4,N/A,6,7,8,2 7,10,4 7,2 10,6 7,4 10,7 8,6 10,7 10,8 10
1 2 4 6 7 8 10 13,0.0393452,18.4509,Yes,N/A,2,1 2,4,1 4,6,7,8,1 8,10,1 10,2 10,13,1 13,2 13,1 2 13,4 13,1 4 13
1 2 4 6 7 8 10 12,0.0461416,17.002,Yes,N/A,2,1 2,4,1 4,6,7,8,1 8,10,1 10,12,1 12,2 12,1 2 12,4 12,1 4 12,6 12
2 4 6 7 8 10 12,0.0228483,25.2943,Yes,N/A,2,N/A,4,N/A,6,7,8,2 7,10,4 7,12,6 7,2 12,7 8,4 12,7 10,6 12
1 2 4 6 7 8 10 12 13,0.0257577,24.3531,Yes,N/A,2,1 2,4,1 4,6,7,8,1 8,10,1 10,12,13,1 13,2 13,1 2 13,4 13,1 4 13
2 4 6 7 8 10 13,0.021207,25.0187,Yes,N/A,2,N/A,4,N/A,6,7,8,2 7,10,4 7,2 10,13,4 10,2 13,6 10,4 13,8 10
1 2 4 6 7 8 10 11,0.0521244,15.6581,Yes,N/A,2,1 2,4,1 4,6,7,8,1 8,10,11,1 11,2 11,1 2 11,4 11,1 4 11,6 11,7 11
2 4 6 7 8 10 11,0.0314035,21.2791,Yes,N/A,2,N/A,4,N/A,6,7,8,2 7,10,11,2 10,2 11,4 10,4 11,6 10,6 11,7 11
1 2 4 6 7 8 10 11 13,0.0300122,22.511,Yes,N/A,2,1 2,4,1 4,6,7,8,1 8,10,11,1 11,13,1 13,2 13,1 2 13,4 13,1 4 13
1 2 4 6 7 8 10 11 12,0.03514,20.8484,Yes,N/A,2,1 2,4,1 4,6,7,8,1 8,10,11,12,1 12,2 12,1 2 12,4 12,1 4 12,6 12
2 4 6 7 8 10 11 12,0.0185055,28.4818,Yes,N/A,2,N/A,4,N/A,6,7,8,2 7,10,11,12,2 11,2 12,4 11,4 12,6 11,6 12
1 2 4 6 7 8 10 11 12 13,0.0218041,27.4854,Yes,N/A,2,1 2,4,1 4,6,7,8,1 8,10,11,12,13,1 13,2 13,1 2 13,4 13,1 4 13
2 4 6 7 8 11 13,0.0168921,27.1537,Yes,N/A,2,N/A,4,N/A,6,7,8,2 7,2 8,11,4 8,13,6 8,2 13,2 6 8,4 13,7 11
2 4 6 7 8 11 12 13,0.0116405,32.7973,Yes,N/A,2,N/A,4,N/A,6,7,8,2 7,2 8,11,12,13,2 12,2 13,4 12,4 13,6 12
1 2 4 6 7 8 9,0.078698,10.7813,Yes,N/A,2,1 2,4,1 4,6,7,8,9,1 9,2 9,1 2 9,4 9,1 4 9,6 9,7 9,8 9,1 8 9
2 4 6 7 8 9,0.0563043,14.5821,Yes,N/A,2,N/A,4,N/A,6,7,8,9,2 8,2 9,4 8,4 9,6 8,6 9,7 9,8 9,2 7 9
1 2 4 6 7 8 9 13,0.0411216,18.1789,Yes,N/A,2,1 2,4,1 4,6,7,8,9,1 9,2 9,1 2 9,13,1 13,2 13,1 2 13,4 13,1 4 13
1 2 4 6 7 8 9 12,0.0526333,15.4089,Yes,N/A,2,1 2,4,1 4,6,7,8,9,1 9,2 9,12,1 12,2 12,1 2 12,4 12,1 4 12,6 12
2 4 6 7 8 9 12,0.0314942,20.8407,Yes,N/A,2,N/A,4,N/A,6,7,8,9,2 8,2 9,12,4 9,2 12,6 9,4 12,8 9,6 12
1 2 4 6 7 8 9 12 13,0.0290602,22.714,Yes,N/A,2,1 2,4,1 4,6,7,8,9,1 9,2 9,12,13,1 13,2 13,1 2 13,4 13,1 4 13
2 4 6 7 8 9 13,0.0227289,24.1148,Yes,N/A,2,N/A,4,N/A,6,7,8,9,2 8,2 9,4 8,13,6 8,2 13,7 9,4 13,2 7 9
1 2 4 6 7 8 9 11,0.0576336,14.4704,Yes,N/A,2,1 2,4,1 4,6,7,8,9,1 9,11,1 11,2 11,1 2 11,4 11,1 4 11,6 11,7 11
2 4 6 7 8 9 11,0.0327436,20.967,Yes,N/A,2,N/A,4,N/A,6,7,8,9,2 8,11,4 8,2 11,6 8,4 11,7 9,6 11,7 11
1 2 4 6 7 8 9 11 13,0.0320725,21.7333,Yes,N/A,2,1 2,4,1 4,6,7,8,9,1 9,11,1 11,13,1 13,2 13,1 2 13,4 13,1 4 13
1 2 4 6 7 8 9 11 12,0.038686,19.512,Yes,N/A,2,1 2,4,1 4,6,7,8,9,1 9,11,12,1 12,2 12,1 2 12,4 12,1 4 12,6 12
2 4 6 7 8 9 11 12,0.0215555,26.0448,Yes,N/A,2,N/A,4,N/A,6,7,8,9,2 8,11,12,2 11,2 12,4 11,4 12,6 11,6 12
1 2 4 6 7 8 9 11 12 13,0.0237632,26.0494,Yes,N/A,2,1 2,4,1 4,6,7,8,9,1 9,11,12,13,1 13,2 13,1 2 13,4 13,1 4 13
2 4 6 7 8 9 12 13,0.0151245,29.5409,Yes,N/A,2,N/A,4,N/A,6,7,8,9,2 8,2 9,12,13,2 12,2 13,4 12,4 13,6 12
1 2 4 6 7 8 9 10,0.0615643,13.6439,Yes,N/A,2,1 2,4,1 4,6,7,8,9,10,1 10,2 10,1 2 10,4 10,1 4 10,6 10,7 10,8 10
2 4 6 7 8 9 10,0.0407954,18.228,Yes,N/A,2,N/A,4,N/A,6,7,8,9,10,2 9,2 10,4 9,4 10,6 9,6 10,7 10,8 10
1 2 4 6 7 8 9 10 13,0.0366064,19.8728,Yes,N/A,2,1 2,4,1 4,6,7,8,9,10,1 10,2 10,13,1 13,2 13,1 2 13,4 13,1 4 13
1 2 4 6 7 8 9 10 12,0.0431608,18.0557,Yes,N/A,2,1 2,4,1 4,6,7,8,9,10,1 10,12,1 12,2 12,1 2 12,4 12,1 4 12,6 12
2 4 6 7 8 9 10 12,0.0238018,25.2679,Yes,N/A,2,N/A,4,N/A,6,7,8,9,10,2 9,12,4 9,2 12,6 9,4 12,7 10,6 12
1 2 4 6 7 8 9 10 12 13,0.0264139,24.505,Yes,N/A,2,1 2,4,1 4,6,7,8,9,10,1 10,12,13,1 13,2 13,1 2 13,4 13,1 4 13
2 4 6 7 8 9 10 13,0.0192877,26.8697,Yes,N/A,2,N/A,4,N/A,6,7,8,9,10,2 9,2 10,13,4 10,2 13,6 10,4 13,8 10
1 2 4 6 7 8 9 10 11,0.0468596,17.1912,Yes,N/A,2,1 2,4,1 4,6,7,8,9,10,11,1 11,2 11,1 2 11,4 11,1 4 11,6 11,7 11
2 4 6 7 8 9 10 11,0.0276704,23.256,Yes,N/A,2,N/A,4,N/A,6,7,8,9,10,11,2 10,2 11,4 10,4 11,6 10,6 11,7 11
1 2 4 6 7 8 9 10 11 13,0.0296627,23.0909,Yes,N/A,2,1 2,4,1 4,6,7,8,9,10,11,1 11,13,1 13,2 13,1 2 13,4 13,1 4 13
1 2 4 6 7 8 9 10 11 12,0.0343404,21.4164,Yes,N/A,2,1 2,4,1 4,6,7,8,9,10,11,12,1 12,2 12,1 2 12,4 12,1 4 12,6 12
2 4 6 7 8 9 10 11 12,0.0186528,28.8762,Yes,N/A,2,N/A,4,N/A,6,7,8,9,10,11,12,2 11,2 12,4 11,4 12,6 11,6 12
1 2 4 6 7 8 9 10 11 12 13,0.0233652,26.8467,Yes,N/A,2,1 2,4,1 4,6,7,8,9,10,11,12,13,1 13,2 13,1 2 13,4 13,1 4 13
2 4 7 9 11 13,0.00782129,35.5192,Yes,N/A,2,N/A,4,N/A,2 4,7,N/A,9,N/A,11,N/A,13,N/A,2 13,7 9,4 13,7 11
2 4 7 9 11 12 13,0.00676767,40.1398,Yes,N/A,2,N/A,4,N/A,2 4,7,N/A,9,N/A,11,12,13,2 12,2 13,4 12,4 13,2 4 12
2 4 7 9 10 12 13,0.0108635,34.1274,Yes,N/A,2,N/A,4,N/A,2 4,7,N/A,9,10,2 9,12,13,2 12,2 13,4 12,4 13,2 4 12
2 4 7 9 10 11 13,0.0103027,34.5454,Yes,N/A,2,N/A,4,N/A,2 4,7,N/A,9,10,11,2 10,13,4 10,2 13,2 4 10,4 13,7 11
2 4 7 9 10 11 12 13,0.00759177,40.9667,Yes,N/A,2,N/A,4,N/A,2 4,7,N/A,9,10,11,12,13,2 12,2 13,4 12,4 13,2 4 12
2 4 7 8 10 12 13,0.0127517,31.0232,Yes,N/A,2,N/A,4,N/A,2 4,7,8,2 7,10,4 7,12,13,2 12,2 13,4 12,4 13,2 4 12
2 4 7 8 10 11 13,0.0139565,29.7088,Yes,N/A,2,N/A,4,N/A,2 4,7,8,2 7,10,11,2 10,13,4 10,2 13,2 4 10,4 13,7 11
2 4 7 8 10 11 12 13,0.00934705,36.0519,Yes,N/A,2,N/A,4,N/A,2 4,7,8,2 7,10,11,12,13,2 12,2 13,4 12,4 13,2 4 12
2 4 7 8 9 11 13,0.0133617,30.4634,Yes,N/A,2,N/A,4,N/A,2 4,7,8,9,2 8,11,4 8,13,2 4 8,2 13,7 9,4 13,7 11
2 4 7 8 9 11 12 13,0.00937265,36.0701,Yes,N/A,2,N/A,4,N/A,2 4,7,8,9,2 8,11,12,13,2 12,2 13,4 12,4 13,2 4 12
2 4 7 8 9 10 12 13,0.0115834,33.0276,Yes,N/A,2,N/A,4,N/A,2 4,7,8,9,10,2 9,12,13,2 12,2 13,4 12,4 13,2 4 12
2 4 7 8 9 10 11 13,0.0121479,32.8718,Yes,N/A,2,N/A,4,N/A,2 4,7,8,9,10,11,2 10,13,4 10,2 13,2 4 10,4 13,7 11
2 4 7 8 9 10 11 12 13,0.00917919,37.7046,Yes,N/A,2,N/A,4,N/A,2 4,7,8,9,10,11,12,13,2 12,2 13,4 12,4 13,2 4 12
1 2 4 5,0.146894,5.08083,Yes,N/A,2,1 2,4,5,1 5,2 5,1 2 5,4 5,1 4 5,2 4 5,1 2 4 5,N/A,N/A,N/A,N/A,N/A,N/A
2 4 5,0.129501,7.59677,Yes,N/A,2,N/A,4,5,2 4,2 5,N/A,4 5,N/A,2 4 5,N/A,N/A,N/A,N/A,N/A,N/A,N/A
1 2 4 5 13,0.0715589,11.6213,Yes,N/A,2,1 2,4,5,1 5,2 5,1 2 5,4 5,1 4 5,2 4 5,1 2 4 5,13,1 13,2 13,1 2 13,4 13,5 13
1 2 4 5 12,0.0870484,10.0273,Yes,N/A,2,1 2,4,5,1 5,2 5,1 2 5,4 5,1 4 5,2 4 5,12,1 12,2 12,1 2 12,4 12,5 12,1 5 12
2 4 5 12,0.0521351,15.1918,Yes,N/A,2,N/A,4,5,2 4,2 5,N/A,4 5,N/A,2 4 5,12,N/A,2 12,N/A,4 12,5 12,2 4 12
1 2 4 5 12 13,0.0371402,19.1779,Yes,N/A,2,1 2,4,5,1 5,2 5,1 2 5,4 5,1 4 5,2 4 5,12,13,1 13,2 13,1 2 13,4 13,5 13
2 4 5 13,0.0387999,17.2699,Yes,N/A,2,N/A,4,5,2 4,2 5,N/A,4 5,N/A,2 4 5,N/A,13,N/A,2 13,N/A,4 13,5 13
1 2 4 5 11,0.0974273,8.81127,Yes,N/A,2,1 2,4,5,1 5,2 5,1 2 5,4 5,1 4 5,11,1 11,2 11,1 2 11,4 11,5 11,1 5 11,2 5 11
2 4 5 11,0.0499453,14.5997,Yes,N/A,2,N/A,4,5,2 4,2 5,N/A,4 5,N/A,11,N/A,2 11,N/A,4 11,5 11,2 4 11,2 5 11
1 2 4 5 11 13,0.0424988,17.4533,Yes,N/A,2,1 2,4,5,1 5,2 5,1 2 5,4 5,1 4 5,11,1 11,13,1 13,2 13,1 2 13,4 13,5 13
1 2 4 5 11 12,0.0516168,15.8511,Yes,N/A,2,1 2,4,5,1 5,2 5,1 2 5,4 5,1 4 5,11,12,1 12,2 12,1 2 12,4 12,5 12,1 5 12
2 4 5 11 12,0.0269514,21.1879,Yes,N/A,2,N/A,4,5,2 4,2 5,N/A,4 5,N/A,11,12,2 11,2 12,4 11,4 12,5 12,2 4 12
1 2 4 5 11 12 13,0.0248129,24.8929,Yes,N/A,2,1 2,4,5,1 5,2 5,1 2 5,4 5,1 4 5,11,12,13,1 13,2 13,1 2 13,4 13,5 13
2 4 5 12 13,0.020272,23.8279,Yes,N/A,2,N/A,4,5,2 4,2 5,N/A,4 5,N/A,2 4 5,12,13,2 12,2 13,4 12,4 13,5 13
1 2 4 5 10,0.105991,7.81482,Yes,N/A,2,1 2,4,5,1 5,2 5,1 2 5,4 5,10,1 10,2 10,1 2 10,4 10,5 10,1 5 10,2 5 10,1 2 5 10
2 4 5 10,0.0758584,11.0985,Yes,N/A,2,N/A,4,5,2 4,2 5,N/A,4 5,10,2 4 5,2 10,N/A,4 10,5 10,2 4 10,2 5 10,N/A
1 2 4 5 10 13,0.051195,15.6056,Yes,N/A,2,1 2,4,5,1 5,2 5,1 2 5,4 5,10,1 10,2 10,13,1 13,2 13,1 2 13,4 13,5 13
1 2 4 5 10 12,0.0602878,14.0038,Yes,N/A,2,1 2,4,5,1 5,2 5,1 2 5,4 5,10,1 10,12,1 12,2 12,1 2 12,4 12,5 12,1 5 12
2 4 5 10 12,0.0307405,20.1079,Yes,N/A,2,N/A,4,5,2 4,2 5,N/A,4 5,10,2 4 5,12,N/A,2 12,5 10,4 12,5 12,2 4 12
1 2 4 5 10 12 13,0.0297553,22.4908,Yes,N/A,2,1 2,4,5,1 5,2 5,1 2 5,4 5,10,1 10,12,13,1 13,2 13,1 2 13,4 13,5 13
2 4 5 10 13,0.0282056,19.8175,Yes,N/A,2,N/A,4,5,2 4,2 5,N/A,4 5,10,2 4 5,2 10,13,4 10,2 13,2 4 10,4 13,5 13
1 2 4 5 10 11,0.0655076,12.9181,Yes,N/A,2,1 2,4,5,1 5,2 5,1 2 5,4 5,10,11,1 11,2 11,1 2 11,4 11,5 11,1 5 11,2 5 11
2 4 5 10 11,0.0395573,16.8523,Yes,N/A,2,N/A,4,5,2 4,2 5,N/A,4 5,10,11,2 10,2 11,4 10,4 11,5 11,2 4 11,2 5 11
1 2 4 5 10 11 13,0.0343776,20.7989,Yes,N/A,2,1 2,4,5,1 5,2 5,1 2 5,4 5,10,11,1 11,13,1 13,2 13,1 2 13,4 13,5 13
1 2 4 5 10 11 12,0.0396834,19.6669,Yes,N/A,2,1 2,4,5,1 5,2 5,1 2 5,4 5,10,11,12,1 12,2 12,1 2 12,4 12,5 12,1 5 12
2 4 5 10 11 12,0.0216057,24.7791,Yes,N/A,2,N/A,4,5,2 4,2 5,N/A,4 5,10,11,12,2 11,2 12,4 11,4 12,5 12,2 4 12
1 2 4 5 10 11 12 13,0.0219287,27.9676,Yes,N/A,2,1 2,4,5,1 5,2 5,1 2 5,4 5,10,11,12,13,1 13,2 13,1 2 13,4 13,5 13
2 4 5 11 13,0.0161733,25.8679,Yes,N/A,2,N/A,4,5,2 4,2 5,N/A,4 5,N/A,11,N/A,13,N/A,2 13,5 11,4 13,5 13
2 4 5 11 12 13,0.0114897,31.4949,Yes,N/A,2,N/A,4,5,2 4,2 5,N/A,4 5,N/A,11,12,13,2 12,2 13,4 12,4 13,5 13
1 2 4 5 9,0.106756,7.30218,Yes,N/A,2,1 2,4,5,1 5,2 5,1 2 5,9,1 9,2 9,1 2 9,4 9,5 9,1 5 9,2 5 9,1 2 5 9,4 5 9
2 4 5 9,0.0540641,12.0593,Yes,N/A,2,N/A,4,5,2 4,2 5,N/A,9,N/A,2 9,N/A,4 9,5 9,2 4 9,2 5 9,N/A,4 5 9
1 2 4 5 9 13,0.0455511,15.8433,Yes,N/A,2,1 2,4,5,1 5,2 5,1 2 5,9,1 9,2 9,1 2 9,13,1 13,2 13,1 2 13,4 13,5 13
1 2 4 5 9 12,0.0597294,13.3949,Yes,N/A,2,1 2,4,5,1 5,2 5,1 2 5,9,1 9,2 9,12,1 12,2 12,1 2 12,4 12,5 12,1 5 12
2 4 5 9 12,0.027644,19.4458,Yes,N/A,2,N/A,4,5,2 4,2 5,N/A,9,N/A,2 9,12,4 9,2 12,2 4 9,4 12,5 12,2 4 12
1 2 4 5 9 12 13,0.0283894,22.1062,Yes,N/A,2,1 2,4,5,1 5,2 5,1 2 5,9,1 9,2 9,12,13,1 13,2 13,1 2 13,4 13,5 13
2 4 5 9 13,0.0185142,22.8074,Yes,N/A,2,N/A,4,5,2 4,2 5,N/A,9,N/A,2 9,N/A,13,5 9,2 13,2 5 9,4 13,5 13
1 2 4 5 9 11,0.0630879,12.3359,Yes,N/A,2,1 2,4,5,1 5,2 5,1 2 5,9,1 9,11,1 11,2 11,1 2 11,4 11,5 11,1 5 11,2 5 11
2 4 5 9 11,0.0275212,20.1707,Yes,N/A,2,N/A,4,5,2 4,2 5,N/A,9,N/A,11,N/A,2 11,5 9,4 11,5 11,2 4 11,2 5 11
1 2 4 5 9 11 13,0.0303422,21.2412,Yes,N/A,2,1 2,4,5,1 5,2 5,1 2 5,9,1 9,11,1 11,13,1 13,2 13,1 2 13,4 13,5 13
1 2 4 5 9 11 12,0.0392841,18.6759,Yes,N/A,2,1 2,4,5,1 5,2 5,1 2 5,9,1 9,11,12,1 12,2 12,1 2 12,4 12,5 12,1 5 12
2 4 5 9 11 12,0.0176411,26.8635,Yes,N/A,2,N/A,4,5,2 4,2 5,N/A,9,N/A,11,12,2 11,2 12,4 11,4 12,5 12,2 4 12
1 2 4 5 9 11 12 13,0.0209293,27.2061,Yes,N/A,2,1 2,4,5,1 5,2 5,1 2 5,9,1 9,11,12,13,1 13,2 13,1 2 13,4 13,5 13
2 4 5 9 12 13,0.0120073,29.7283,Yes,N/A,2,N/A,4,5,2 4,2 5,N/A,9,N/A,2 9,12,13,2 12,2 13,4 12,4 13,5 13
1 2 4 5 9 10,0.06769,11.3404,Yes,N/A,2,1 2,4,5,1 5,2 5,1 2 5,9,10,1 10,2 10,1 2 10,4 10,5 10,1 5 10,2 5 10,1 2 5 10
2 4 5 9 10,0.0435911,15.0031,Yes,N/A,2,N/A,4,5,2 4,2 5,N/A,9,10,2 9,2 10,4 9,4 10,5 10,2 4 10,2 5 10,4 5 9
1 2 4 5 9 10 13,0.0341749,19.8869,Yes,N/A,2,1 2,4,5,1 5,2 5,1 2 5,9,10,1 10,2 10,13,1 13,2 13,1 2 13,4 13,5 13
1 2 4 5 9 10 12,0.0441425,17.2402,Yes,N/A,2,1 2,4,5,1 5,2 5,1 2 5,9,10,1 10,12,1 12,2 12,1 2 12,4 12,5 12,1 5 12
2 4 5 9 10 12,0.0245802,22.8846,Yes,N/A,2,N/A,4,5,2 4,2 5,N/A,9,10,2 9,12,4 9,2 12,5 10,4 12,5 12,2 4 12
1 2 4 5 9 10 12 13,0.0235798,25.6001,Yes,N/A,2,1 2,4,5,1 5,2 5,1 2 5,9,10,1 10,12,13,1 13,2 13,1 2 13,4 13,5 13
2 4 5 9 10 13,0.0183023,24.8715,Yes,N/A,2,N/A,4,5,2 4,2 5,N/A,9,10,2 9,2 10,13,4 10,2 13,2 4 10,4 13,5 13
1 2 4 5 9 10 11,0.0492498,16.1577,Yes,N/A,2,1 2,4,5,1 5,2 5,1 2 5,9,10,11,1 11,2 11,1 2 11,4 11,5 11,1 5 11,2 5 11
2 4 5 9 10 11,0.0285022,21.6686,Yes,N/A,2,N/A,4,5,2 4,2 5,N/A,9,10,11,2 10,2 11,4 10,4 11,5 11,2 4 11,2 5 11
1 2 4 5 9 10 11 13,0.0269452,24.0141,Yes,N/A,2,1 2,4,5,1 5,2 5,1 2 5,9,10,11,1 11,13,1 13,2 13,1 2 13,4 13,5 13
1 2 4 5 9 10 11 12,0.0329654,22.0799,Yes,N/A,2,1 2,4,5,1 5,2 5,1 2 5,9,10,11,12,1 12,2 12,1 2 12,4 12,5 12,1 5 12
2 4 5 9 10 11 12,0.0174226,28.9116,Yes,N/A,2,N/A,4,5,2 4,2 5,N/A,9,10,11,12,2 11,2 12,4 11,4 12,5 12,2 4 12
1 2 4 5 9 10 11 12 13,0.0195059,29.8014,Yes,N/A,2,1 2,4,5,1 5,2 5,1 2 5,9,10,11,12,13,1 13,2 13,1 2 13,4 13,5 13
2 4 5 10 12 13,0.0149259,27.9527,Yes,N/A,2,N/A,4,5,2 4,2 5,N/A,4 5,10,2 4 5,12,13,2 12,2 13,4 12,4 13,5 13
2 4 5 10 11 13,0.0169451,26.6418,Yes,N/A,2,N/A,4,5,2 4,2 5,N/A,4 5,10,11,2 10,13,4 10,2 13,5 11,4 13,5 13
2 4 5 10 11 12 13,0.0108768,33.9155,Yes,N/A,2,N/A,4,5,2 4,2 5,N/A,4 5,10,11,12,13,2 12,2 13,4 12,4 13,5 13
1 2 4 5 8,0.103887,6.61033,Yes,N/A,2,1 2,4,5,1 5,2 5,8,1 8,2 8,1 2 8,4 8,5 8,1 5 8,2 5 8,1 2 5 8,4 5 8,1 4 5 8
2 4 5 8,0.0850641,7.64824,Yes,N/A,2,N/A,4,5,2 4,2 5,8,4 5,2 8,2 4 5,4 8,5 8,2 4 8,2 5 8,N/A,4 5 8,N/A
1 2 4 5 8 13,0.0523262,14.2415,Yes,N/A,2,1 2,4,5,1 5,2 5,8,1 8,2 8,1 2 8,4 8,13,1 13,2 13,1 2 13,4 13,5 13
1 2 4 5 8 12,0.0633042,12.4963,Yes,N/A,2,1 2,4,5,1 5,2 5,8,1 8,2 8,1 2 8,12,1 12,2 12,1 2 12,4 12,5 12,1 5 12
2 4 5 8 12,0.0399444,15.3625,Yes,N/A,2,N/A,4,5,2 4,2 5,8,4 5,2 8,2 4 5,12,5 8,2 12,2 5 8,4 12,5 12,2 4 12
1 2 4 5 8 12 13,0.0304965,21.1642,Yes,N/A,2,1 2,4,5,1 5,2 5,8,1 8,2 8,1 2 8,12,13,1 13,2 13,1 2 13,4 13,5 13
2 4 5 8 13,0.030668,17.4864,Yes,N/A,2,N/A,4,5,2 4,2 5,8,4 5,2 8,2 4 5,4 8,13,2 4 8,2 13,N/A,4 13,5 13
1 2 4 5 8 11,0.0751535,10.4525,Yes,N/A,2,1 2,4,5,1 5,2 5,8,1 8,2 8,11,1 11,2 11,1 2 11,4 11,5 11,1 5 11,2 5 11
2 4 5 8 11,0.0490925,13.7404,Yes,N/A,2,N/A,4,5,2 4,2 5,8,4 5,2 8,11,4 8,2 11,2 4 8,4 11,5 11,2 4 11,2 5 11
1 2 4 5 8 11 13,0.0389391,18.2101,Yes,N/A,2,1 2,4,5,1 5,2 5,8,1 8,2 8,11,1 11,13,1 13,2 13,1 2 13,4 13,5 13
1 2 4 5 8 11 12,0.0464627,16.6805,Yes,N/A,2,1 2,4,5,1 5,2 5,8,1 8,2 8,11,12,1 12,2 12,1 2 12,4 12,5 12,1 5 12
2 4 5 8 11 12,0.027696,20.8896,Yes,N/A,2,N/A,4,5,2 4,2 5,8,4 5,2 8,11,12,2 11,2 12,4 11,4 12,5 12,2 4 12
1 2 4 5 8 11 12 13,0.0248227,24.901,Yes,N/A,2,1 2,4,5,1 5,2 5,8,1 8,2 8,11,12,13,1 13,2 13,1 2 13,4 13,5 13
2 4 5 8 12 13,0.0172853,24.6998,Yes,N/A,2,N/A,4,5,2 4,2 5,8,4 5,2 8,2 4 5,12,13,2 12,2 13,4 12,4 13,5 13
1 2 4 5 8 10,0.0817878,9.23859,Yes,N/A,2,1 2,4,5,1 5,2 5,8,1 8,10,1 10,2 10,1 2 10,4 10,5 10,1 5 10,2 5 10,8 10
2 4 5 8 10,0.055457,12.757,Yes,N/A,2,N/A,4,5,2 4,2 5,8,4 5,10,2 4 5,2 10,5 8,4 10,5 10,2 4 10,2 5 10,8 10
1 2 4 5 8 10 13,0.0436204,16.6971,Yes,N/A,2,1 2,4,5,1 5,2 5,8,1 8,10,1 10,2 10,13,1 13,2 13,1 2 13,4 13,5 13
1 2 4 5 8 10 12,0.0522209,15.1178,Yes,N/A,2,1 2,4,5,1 5,2 5,8,1 8,10,1 10,12,1 12,2 12,1 2 12,4 12,5 12,1 5 12
2 4 5 8 10 12,0.0275384,20.9997,Yes,N/A,2,N/A,4,5,2 4,2 5,8,4 5,10,2 4 5,12,5 8,2 12,5 10,4 12,5 12,2 4 12
1 2 4 5 8 10 12 13,0.0278339,22.9314,Yes,N/A,2,1 2,4,5,1 5,2 5,8,1 8,10,1 10,12,13,1 13,2 13,1 2 13,4 13,5 13
2 4 5 8 10 13,0.0224863,22.2429,Yes,N/A,2,N/A,4,5,2 4,2 5,8,4 5,10,2 4 5,2 10,13,4 10,2 13,2 4 10,4 13,5 13
1 2 4 5 8 10 11,0.0599551,13.584,Yes,N/A,2,1 2,4,5,1 5,2 5,8,1 8,10,11,1 11,2 11,1 2 11,4 11,5 11,1 5 11,2 5 11
2 4 5 8 10 11,0.0373081,18.0616,Yes,N/A,2,N/A,4,5,2 4,2 5,8,4 5,10,11,2 10,2 11,4 10,4 11,5 11,2 4 11,2 5 11
1 2 4 5 8 10 11 13,0.0334096,20.8765,Yes,N/A,2,1 2,4,5,1 5,2 5,8,1 8,10,11,1 11,13,1 13,2 13,1 2 13,4 13,5 13
1 2 4 5 8 10 11 12,0.0394411,19.4326,Yes,N/A,2,1 2,4,5,1 5,2 5,8,1 8,10,11,12,1 12,2 12,1 2 12,4 12,5 12,1 5 12
2 4 5 8 10 11 12,0.0217249,25.0442,Yes,N/A,2,N/A,4,5,2 4,2 5,8,4 5,10,11,12,2 11,2 12,4 11,4 12,5 12,2 4 12
1 2 4 5 8 10 11 12 13,0.0231246,26.8828,Yes,N/A,2,1 2,4,5,1 5,2 5,8,1 8,10,11,12,13,1 13,2 13,1 2 13,4 13,5 13
2 4 5 8 11 13,0.0201297,23.4862,Yes,N/A,2,N/A,4,5,2 4,2 5,8,4 5,2 8,11,4 8,13,2 4 8,2 13,5 11,4 13,5 13
2 4 5 8 11 12 13,0.0129845,29.9315,Yes,N/A,2,N/A,4,5,2 4,2 5,8,4 5,2 8,11,12,13,2 12,2 13,4 12,4 13,5 13
1 2 4 5 8 9,0.0849387,8.60032,Yes,N/A,2,1 2,4,5,1 5,2 5,8,9,1 9,2 9,1 2 9,4 9,5 9,1 5 9,2 5 9,8 9,1 8 9
2 4 5 8 9,0.0608695,11.6364,Yes,N/A,2,N/A,4,5,2 4,2 5,8,9,2 8,2 9,4 8,4 9,5 9,2 4 9,2 5 9,8 9,4 5 9
1 2 4 5 8 9 13,0.0420095,17.118,Yes,N/A,2,1 2,4,5,1 5,2 5,8,9,1 9,2 9,1 2 9,13,1 13,2 13,1 2 13,4 13,5 13
1 2 4 5 8 9 12,0.0542381,14.588,Yes,N/A,2,1 2,4,5,1 5,2 5,8,9,1 9,2 9,12,1 12,2 12,1 2 12,4 12,5 12,1 5 12
2 4 5 8 9 12,0.0324782,19.1893,Yes,N/A,2,N/A,4,5,2 4,2 5,8,9,2 8,2 9,12,4 9,2 12,2 4 9,4 12,5 12,2 4 12
1 2 4 5 8 9 12 13,0.0277577,23.0141,Yes,N/A,2,1 2,4,5,1 5,2 5,8,9,1 9,2 9,12,13,1 13,2 13,1 2 13,4 13,5 13
2 4 5 8 9 13,0.0246957,21.3224,Yes,N/A,2,N/A,4,5,2 4,2 5,8,9,2 8,2 9,4 8,13,5 9,2 13,2 5 9,4 13,5 13
1 2 4 5 8 9 11,0.0633663,12.8907,Yes,N/A,2,1 2,4,5,1 5,2 5,8,9,1 9,11,1 11,2 11,1 2 11,4 11,5 11,1 5 11,2 5 11
2 4 5 8 9 11,0.0403661,17.603,Yes,N/A,2,N/A,4,5,2 4,2 5,8,9,2 8,11,4 8,2 11,5 9,4 11,5 11,2 4 11,2 5 11
1 2 4 5 8 9 11 13,0.0342127,20.2677,Yes,N/A,2,1 2,4,5,1 5,2 5,8,9,1 9,11,1 11,13,1 13,2 13,1 2 13,4 13,5 13
1 2 4 5 8 9 11 12,0.0416066,18.4268,Yes,N/A,2,1 2,4,5,1 5,2 5,8,9,1 9,11,12,1 12,2 12,1 2 12,4 12,5 12,1 5 12
2 4 5 8 9 11 12,0.0230143,24.4314,Yes,N/A,2,N/A,4,5,2 4,2 5,8,9,2 8,11,12,2 11,2 12,4 11,4 12,5 12,2 4 12
1 2 4 5 8 9 11 12 13,0.0237369,25.9598,Yes,N/A,2,1 2,4,5,1 5,2 5,8,9,1 9,11,12,13,1 13,2 13,1 2 13,4 13,5 13
2 4 5 8 9 12 13,0.0143077,28.8947,Yes,N/A,2,N/A,4,5,2 4,2 5,8,9,2 8,2 9,12,13,2 12,2 13,4 12,4 13,5 13
1 2 4 5 8 9 10,0.0682686,12.3619,Yes,N/A,2,1 2,4,5,1 5,2 5,8,9,10,1 10,2 10,1 2 10,4 10,5 10,1 5 10,2 5 10,8 10
2 4 5 8 9 10,0.0476347,15.837,Yes,N/A,2,N/A,4,5,2 4,2 5,8,9,10,2 9,2 10,4 9,4 10,5 10,2 4 10,2 5 10,8 10
1 2 4 5 8 9 10 13,0.0370575,19.7341,Yes,N/A,2,1 2,4,5,1 5,2 5,8,9,10,1 10,2 10,13,1 13,2 13,1 2 13,4 13,5 13
1 2 4 5 8 9 10 12,0.0456109,17.4046,Yes,N/A,2,1 2,4,5,1 5,2 5,8,9,10,1 10,12,1 12,2 12,1 2 12,4 12,5 12,1 5 12
2 4 5 8 9 10 12,0.0265827,22.8253,Yes,N/A,2,N/A,4,5,2 4,2 5,8,9,10,2 9,12,4 9,2 12,5 10,4 12,5 12,2 4 12
1 2 4 5 8 9 10 12 13,0.0258485,24.9171,Yes,N/A,2,1 2,4,5,1 5,2 5,8,9,10,1 10,12,13,1 13,2 13,1 2 13,4 13,5 13
2 4 5 8 9 10 13,0.0201595,25.2253,Yes,N/A,2,N/A,4,5,2 4,2 5,8,9,10,2 9,2 10,13,4 10,2 13,2 4 10,4 13,5 13
1 2 4 5 8 9 10 11,0.0512127,16.3308,Yes,N/A,2,1 2,4,5,1 5,2 5,8,9,10,11,1 11,2 11,1 2 11,4 11,5 11,1 5 11,2 5 11
2 4 5 8 9 10 11,0.0316569,20.9479,Yes,N/A,2,N/A,4,5,2 4,2 5,8,9,10,11,2 10,2 11,4 10,4 11,5 11,2 4 11,2 5 11
1 2 4 5 8 9 10 11 13,0.0304859,22.8425,Yes,N/A,2,1 2,4,5,1 5,2 5,8,9,10,11,1 11,13,1 13,2 13,1 2 13,4 13,5 13
1 2 4 5 8 9 10 11 12,0.036044,21.2181,Yes,N/A,2,1 2,4,5,1 5,2 5,8,9,10,11,12,1 12,2 12,1 2 12,4 12,5 12,1 5 12
2 4 5 8 9 10 11 12,0.0199828,26.9955,Yes,N/A,2,N/A,4,5,2 4,2 5,8,9,10,11,12,2 11,2 12,4 11,4 12,5 12,2 4 12
1 2 4 5 8 9 10 11 12 13,0.0228295,27.8037,Yes,N/A,2,1 2,4,5,1 5,2 5,8,9,10,11,12,13,1 13,2 13,1 2 13,4 13,5 13
2 4 5 9 11 13,0.0109216,31.4198,Yes,N/A,2,N/A,4,5,2 4,2 5,N/A,9,N/A,11,N/A,13,5 9,2 13,5 11,4 13,5 13
2 4 5 9 11 12 13,0.00835027,37.3047,Yes,N/A,2,N/A,4,5,2 4,2 5,N/A,9,N/A,11,12,13,2 12,2 13,4 12,4 13,5 13
2 4 5 9 10 12 13,0.0117585,32.1438,Yes,N/A,2,N/A,4,5,2 4,2 5,N/A,9,10,2 9,12,13,2 12,2 13,4 12,4 13,5 13
2 4 5 9 10 11 13,0.0131154,31.4503,Yes,N/A,2,N/A,4,5,2 4,2 5,N/A,9,10,11,2 10,13,4 10,2 13,5 11,4 13,5 13
2 4 5 9 10 11 12 13,0.00926064,38.0302,Yes,N/A,2,N/A,4,5,2 4,2 5,N/A,9,10,11,12,13,2 12,2 13,4 12,4 13,5 13
1 2 4 5 7,0.0946123,6.21642,Yes,N/A,2,1 2,4,5,1 5,7,1 7,2 7,1 2 7,4 7,5 7,1 5 7,2 5 7,1 2 5 7,4 5 7,1 4 5 7,2 4 5 7
2 4 5 7,0.0544383,9.67965,Yes,N/A,2,N/A,4,5,2 4,7,N/A,2 7,N/A,4 7,5 7,2 4 7,2 5 7,N/A,4 5 7,N/A,2 4 5 7
1 2 4 5 7 13,0.0481204,13.9815,Yes,N/A,2,1 2,4,5,1 5,7,1 7,2 7,1 2 7,4 7,5 7,13,1 13,2 13,1 2 13,4 13,5 13
1 2 4 5 7 12,0.0620493,11.9244,Yes,N/A,2,1 2,4,5,1 5,7,1 7,2 7,1 2 7,4 7,12,1 12,2 12,1 2 12,4 12,5 12,1 5 12
2 4 5 7 12,0.028298,18.6923,Yes,N/A,2,N/A,4,5,2 4,7,N/A,2 7,N/A,4 7,12,2 4 7,2 12,N/A,4 12,5 12,2 4 12
1 2 4 5 7 12 13,0.0294977,20.8129,Yes,N/A,2,1 2,4,5,1 5,7,1 7,2 7,1 2 7,4 7,12,13,1 13,2 13,1 2 13,4 13,5 13
2 4 5 7 13,0.0227708,19.2834,Yes,N/A,2,N/A,4,5,2 4,7,N/A,2 7,N/A,4 7,5 7,13,2 5 7,2 13,4 5 7,4 13,5 13
1 2 4 5 7 11,0.0688736,10.7205,Yes,N/A,2,1 2,4,5,1 5,7,1 7,2 7,1 2 7,11,1 11,2 11,1 2 11,4 11,5 11,1 5 11,7 11
2 4 5 7 11,0.0384682,16.4913,Yes,N/A,2,N/A,4,5,2 4,7,N/A,2 7,N/A,11,5 7,2 11,2 5 7,4 11,5 11,2 4 11,7 11
1 2 4 5 7 11 13,0.0338844,19.2127,Yes,N/A,2,1 2,4,5,1 5,7,1 7,2 7,1 2 7,11,1 11,13,1 13,2 13,1 2 13,4 13,5 13
1 2 4 5 7 11 12,0.0423783,17.3538,Yes,N/A,2,1 2,4,5,1 5,7,1 7,2 7,1 2 7,11,12,1 12,2 12,1 2 12,4 12,5 12,1 5 12
2 4 5 7 11 12,0.0198445,25.4192,Yes,N/A,2,N/A,4,5,2 4,7,N/A,2 7,N/A,11,12,2 11,2 12,4 11,4 12,5 12,2 4 12
1 2 4 5 7 11 12 13,0.0218326,25.9028,Yes,N/A,2,1 2,4,5,1 5,7,1 7,2 7,1 2 7,11,12,13,1 13,2 13,1 2 13,4 13,5 13
2 4 5 7 12 13,0.0133068,27.8539,Yes,N/A,2,N/A,4,5,2 4,7,N/A,2 7,N/A,4 7,12,13,2 12,2 13,4 12,4 13,5 13
1 2 4 5 7 10,0.0804605,8.96924,Yes,N/A,2,1 2,4,5,1 5,7,1 7,2 7,10,1 10,2 10,1 2 10,4 10,5 10,1 5 10,7 10,1 7 10
2 4 5 7 10,0.0530653,13.4301,Yes,N/A,2,N/A,4,5,2 4,7,N/A,2 7,10,4 7,2 10,2 4 7,4 10,5 10,2 4 10,7 10,2 4 5 7
1 2 4 5 7 10 13,0.0432373,16.2808,Yes,N/A,2,1 2,4,5,1 5,7,1 7,2 7,10,1 10,2 10,13,1 13,2 13,1 2 13,4 13,5 13
1 2 4 5 7 10 12,0.052429,14.8914,Yes,N/A,2,1 2,4,5,1 5,7,1 7,2 7,10,1 10,12,1 12,2 12,1 2 12,4 12,5 12,1 5 12
2 4 5 7 10 12,0.0275919,21.7902,Yes,N/A,2,N/A,4,5,2 4,7,N/A,2 7,10,4 7,12,2 4 7,2 12,5 10,4 12,5 12,2 4 12
1 2 4 5 7 10 12 13,0.0276709,22.8431,Yes,N/A,2,1 2,4,5,1 5,7,1 7,2 7,10,1 10,12,13,1 13,2 13,1 2 13,4 13,5 13
2 4 5 7 10 13,0.0227062,22.6207,Yes,N/A,2,N/A,4,5,2 4,7,N/A,2 7,10,4 7,2 10,13,4 10,2 13,2 4 10,4 13,5 13
1 2 4 5 7 10 11,0.0607096,13.3852,Yes,N/A,2,1 2,4,5,1 5,7,1 7,2 7,10,11,1 11,2 11,1 2 11,4 11,5 11,1 5 11,7 11
2 4 5 7 10 11,0.0356648,19.6727,Yes,N/A,2,N/A,4,5,2 4,7,N/A,2 7,10,11,2 10,2 11,4 10,4 11,5 11,2 4 11,7 11
1 2 4 5 7 10 11 13,0.0325872,20.9927,Yes,N/A,2,1 2,4,5,1 5,7,1 7,2 7,10,11,1 11,13,1 13,2 13,1 2 13,4 13,5 13
1 2 4 5 7 10 11 12,0.0389828,19.4915,Yes,N/A,2,1 2,4,5,1 5,7,1 7,2 7,10,11,12,1 12,2 12,1 2 12,4 12,5 12,1 5 12
2 4 5 7 10 11 12,0.0192391,27.6651,Yes,N/A,2,N/A,4,5,2 4,7,N/A,2 7,10,11,12,2 11,2 12,4 11,4 12,5 12,2 4 12
1 2 4 5 7 10 11 12 13,0.0223204,27.1235,Yes,N/A,2,1 2,4,5,1 5,7,1 7,2 7,10,11,12,13,1 13,2 13,1 2 13,4 13,5 13
2 4 5 7 11 13,0.0150105,27.1765,Yes,N/A,2,N/A,4,5,2 4,7,N/A,2 7,N/A,11,5 7,13,2 5 7,2 13,5 11,4 13,5 13
2 4 5 7 11 12 13,0.00936457,35.4436,Yes,N/A,2,N/A,4,5,2 4,7,N/A,2 7,N/A,11,12,13,2 12,2 13,4 12,4 13,5 13
1 2 4 5 7 9,0.0823327,8.49109,Yes,N/A,2,1 2,4,5,1 5,7,1 7,9,1 9,2 9,1 2 9,4 9,5 9,1 5 9,7 9,1 7 9,2 7 9
2 4 5 7 9,0.0527399,14.6046,Yes,N/A,2,N/A,4,5,2 4,7,N/A,9,N/A,2 9,5 7,4 9,5 9,2 4 9,7 9,N/A,2 7 9
1 2 4 5 7 9 13,0.0412464,16.7233,Yes,N/A,2,1 2,4,5,1 5,7,1 7,9,1 9,2 9,1 2 9,13,1 13,2 13,1 2 13,4 13,5 13
1 2 4 5 7 9 12,0.0538002,14.508,Yes,N/A,2,1 2,4,5,1 5,7,1 7,9,1 9,2 9,12,1 12,2 12,1 2 12,4 12,5 12,1 5 12
2 4 5 7 9 12,0.0244569,23.6914,Yes,N/A,2,N/A,4,5,2 4,7,N/A,9,N/A,2 9,12,4 9,2 12,2 4 9,4 12,5 12,2 4 12
1 2 4 5 7 9 12 13,0.0272167,22.8023,Yes,N/A,2,1 2,4,5,1 5,7,1 7,9,1 9,2 9,12,13,1 13,2 13,1 2 13,4 13,5 13
2 4 5 7 9 13,0.0210401,24.5521,Yes,N/A,2,N/A,4,5,2 4,7,N/A,9,N/A,2 9,5 7,13,5 9,2 13,7 9,4 13,5 13
1 2 4 5 7 9 11,0.0604615,13.6154,Yes,N/A,2,1 2,4,5,1 5,7,1 7,9,1 9,11,1 11,2 11,1 2 11,4 11,5 11,1 5 11,7 11
2 4 5 7 9 11,0.0311167,22.2031,Yes,N/A,2,N/A,4,5,2 4,7,N/A,9,N/A,11,5 7,2 11,5 9,4 11,5 11,2 4 11,7 11
1 2 4 5 7 9 11 13,0.0302906,22.3558,Yes,N/A,2,1 2,4,5,1 5,7,1 7,9,1 9,11,1 11,13,1 13,2 13,1 2 13,4 13,5 13
1 2 4 5 7 9 11 12,0.0380464,19.8999,Yes,N/A,2,1 2,4,5,1 5,7,1 7,9,1 9,11,12,1 12,2 12,1 2 12,4 12,5 12,1 5 12
2 4 5 7 9 11 12,0.0165314,30.9072,Yes,N/A,2,N/A,4,5,2 4,7,N/A,9,N/A,11,12,2 11,2 12,4 11,4 12,5 12,2 4 12
1 2 4 5 7 9 11 12 13,0.0209859,28.0966,Yes,N/A,2,1 2,4,5,1 5,7,1 7,9,1 9,11,12,13,1 13,2 13,1 2 13,4 13,5 13
2 4 5 7 9 12 13,0.0116388,33.3457,Yes,N/A,2,N/A,4,5,2 4,7,N/A,9,N/A,2 9,12,13,2 12,2 13,4 12,4 13,5 13
1 2 4 5 7 9 10,0.0699189,11.8359,Yes,N/A,2,1 2,4,5,1 5,7,1 7,9,10,1 10,2 10,1 2 10,4 10,5 10,1 5 10,7 10,1 7 10
2 4 5 7 9 10,0.0436759,17.7606,Yes,N/A,2,N/A,4,5,2 4,7,N/A,9,10,2 9,2 10,4 9,4 10,5 10,2 4 10,7 10,2 7 9
1 2 4 5 7 9 10 13,0.0378974,19.1564,Yes,N/A,2,1 2,4,5,1 5,7,1 7,9,10,1 10,2 10,13,1 13,2 13,1 2 13,4 13,5 13
1 2 4 5 7 9 10 12,0.045378,17.6115,Yes,N/A,2,1 2,4,5,1 5,7,1 7,9,10,1 10,12,1 12,2 12,1 2 12,4 12,5 12,1 5 12
2 4 5 7 9 10 12,0.023244,25.7542,Yes,N/A,2,N/A,4,5,2 4,7,N/A,9,10,2 9,12,4 9,2 12,5 10,4 12,5 12,2 4 12
1 2 4 5 7 9 10 12 13,0.0253974,25.2688,Yes,N/A,2,1 2,4,5,1 5,7,1 7,9,10,1 10,12,13,1 13,2 13,1 2 13,4 13,5 13
2 4 5 7 9 10 13,0.01985,26.692,Yes,N/A,2,N/A,4,5,2 4,7,N/A,9,10,2 9,2 10,13,4 10,2 13,2 4 10,4 13,5 13
1 2 4 5 7 9 10 11,0.0520518,15.9847,Yes,N/A,2,1 2,4,5,1 5,7,1 7,9,10,11,1 11,2 11,1 2 11,4 11,5 11,1 5 11,7 11
2 4 5 7 9 10 11,0.0281862,24.0368,Yes,N/A,2,N/A,4,5,2 4,7,N/A,9,10,11,2 10,2 11,4 10,4 11,5 11,2 4 11,7 11
1 2 4 5 7 9 10 11 13,0.0295238,23.4346,Yes,N/A,2,1 2,4,5,1 5,7,1 7,9,10,11,1 11,13,1 13,2 13,1 2 13,4 13,5 13
1 2 4 5 7 9 10 11 12,0.0352632,21.5164,Yes,N/A,2,1 2,4,5,1 5,7,1 7,9,10,11,12,1 12,2 12,1 2 12,4 12,5 12,1 5 12
2 4 5 7 9 10 11 12,0.0168301,31.5589,Yes,N/A,2,N/A,4,5,2 4,7,N/A,9,10,11,12,2 11,2 12,4 11,4 12,5 12,2 4 12
1 2 4 5 7 9 10 11 12 13,0.0216748,28.5622,Yes,N/A,2,1 2,4,5,1 5,7,1 7,9,10,11,12,13,1 13,2 13,1 2 13,4 13,5 13
2 4 5 7 10 12 13,0.0133387,30.5072,Yes,N/A,2,N/A,4,5,2 4,7,N/A,2 7,10,4 7,12,13,2 12,2 13,4 12,4 13,5 13
2 4 5 7 10 11 13,0.0160632,29.0117,Yes,N/A,2,N/A,4,5,2 4,7,N/A,2 7,10,11,2 10,13,4 10,2 13,5 11,4 13,5 13
2 4 5 7 10 11 12 13,0.010173,36.3881,Yes,N/A,2,N/A,4,5,2 4,7,N/A,2 7,10,11,12,13,2 12,2 13,4 12,4 13,5 13
1 2 4 5 7 8,0.0911864,7.61345,Yes,N/A,2,1 2,4,5,1 5,7,8,1 8,2 8,1 2 8,4 8,5 8,1 5 8,7 8,1 7 8,2 7 8,1 2 7 8
2 4 5 7 8,0.0767201,10.0515,Yes,N/A,2,N/A,4,5,2 4,7,8,2 7,2 8,4 7,4 8,5 8,2 4 8,7 8,4 5 7,2 7 8,2 4 5 7
1 2 4 5 7 8 13,0.0479808,15.1066,Yes,N/A,2,1 2,4,5,1 5,7,8,1 8,2 8,1 2 8,4 8,13,1 13,2 13,1 2 13,4 13,5 13
1 2 4 5 7 8 12,0.0580279,13.8765,Yes,N/A,2,1 2,4,5,1 5,7,8,1 8,2 8,1 2 8,12,1 12,2 12,1 2 12,4 12,5 12,1 5 12
2 4 5 7 8 12,0.0409926,17.3544,Yes,N/A,2,N/A,4,5,2 4,7,8,2 7,2 8,4 7,12,5 8,2 12,7 8,4 12,5 12,2 4 12
1 2 4 5 7 8 12 13,0.0292368,22.0796,Yes,N/A,2,1 2,4,5,1 5,7,8,1 8,2 8,1 2 8,12,13,1 13,2 13,1 2 13,4 13,5 13
2 4 5 7 8 13,0.0298339,19.5205,Yes,N/A,2,N/A,4,5,2 4,7,8,2 7,2 8,4 7,4 8,13,2 4 8,2 13,4 5 7,4 13,5 13
1 2 4 5 7 8 11,0.0716759,11.5726,Yes,N/A,2,1 2,4,5,1 5,7,8,1 8,2 8,11,1 11,2 11,1 2 11,4 11,5 11,1 5 11,7 11
2 4 5 7 8 11,0.0485281,15.8193,Yes,N/A,2,N/A,4,5,2 4,7,8,2 7,2 8,11,4 8,2 11,2 4 8,4 11,5 11,2 4 11,7 11
1 2 4 5 7 8 11 13,0.0369745,19.1807,Yes,N/A,2,1 2,4,5,1 5,7,8,1 8,2 8,11,1 11,13,1 13,2 13,1 2 13,4 13,5 13
1 2 4 5 7 8 11 12,0.0433415,17.9964,Yes,N/A,2,1 2,4,5,1 5,7,8,1 8,2 8,11,12,1 12,2 12,1 2 12,4 12,5 12,1 5 12
2 4 5 7 8 11 12,0.0257148,23.2969,Yes,N/A,2,N/A,4,5,2 4,7,8,2 7,2 8,11,12,2 11,2 12,4 11,4 12,5 12,2 4 12
1 2 4 5 7 8 11 12 13,0.023981,25.6411,Yes,N/A,2,1 2,4,5,1 5,7,8,1 8,2 8,11,12,13,1 13,2 13,1 2 13,4 13,5 13
2 4 5 7 8 12 13,0.01717,26.7635,Yes,N/A,2,N/A,4,5,2 4,7,8,2 7,2 8,4 7,12,13,2 12,2 13,4 12,4 13,5 13
1 2 4 5 7 8 10,0.0804742,10.2851,Yes,N/A,2,1 2,4,5,1 5,7,8,1 8,10,1 10,2 10,1 2 10,4 10,5 10,1 5 10,7 10,8 10
2 4 5 7 8 10,0.0596287,13.9155,Yes,N/A,2,N/A,4,5,2 4,7,8,2 7,10,4 7,2 10,5 8,4 10,5 10,2 4 10,7 10,8 10
1 2 4 5 7 8 10 13,0.0438747,17.1434,Yes,N/A,2,1 2,4,5,1 5,7,8,1 8,10,1 10,2 10,13,1 13,2 13,1 2 13,4 13,5 13
1 2 4 5 7 8 10 12,0.0521604,15.6645,Yes,N/A,2,1 2,4,5,1 5,7,8,1 8,10,1 10,12,1 12,2 12,1 2 12,4 12,5 12,1 5 12
2 4 5 7 8 10 12,0.0318834,21.139,Yes,N/A,2,N/A,4,5,2 4,7,8,2 7,10,4 7,12,5 8,2 12,5 10,4 12,5 12,2 4 12
1 2 4 5 7 8 10 12 13,0.0288418,23.068,Yes,N/A,2,1 2,4,5,1 5,7,8,1 8,10,1 10,12,13,1 13,2 13,1 2 13,4 13,5 13
2 4 5 7 8 10 13,0.0239303,23.464,Yes,N/A,2,N/A,4,5,2 4,7,8,2 7,10,4 7,2 10,13,4 10,2 13,2 4 10,4 13,5 13
1 2 4 5 7 8 10 11,0.0593665,14.2141,Yes,N/A,2,1 2,4,5,1 5,7,8,1 8,10,11,1 11,2 11,1 2 11,4 11,5 11,1 5 11,7 11
2 4 5 7 8 10 11,0.0374064,18.9688,Yes,N/A,2,N/A,4,5,2 4,7,8,2 7,10,11,2 10,2 11,4 10,4 11,5 11,2 4 11,7 11
1 2 4 5 7 8 10 11 13,0.0338468,21.1453,Yes,N/A,2,1 2,4,5,1 5,7,8,1 8,10,11,1 11,13,1 13,2 13,1 2 13,4 13,5 13
1 2 4 5 7 8 10 11 12,0.0394078,19.6986,Yes,N/A,2,1 2,4,5,1 5,7,8,1 8,10,11,12,1 12,2 12,1 2 12,4 12,5 12,1 5 12
2 4 5 7 8 10 11 12,0.022399,25.4844,Yes,N/A,2,N/A,4,5,2 4,7,8,2 7,10,11,12,2 11,2 12,4 11,4 12,5 12,2 4 12
1 2 4 5 7 8 10 11 12 13,0.0240968,26.4973,Yes,N/A,2,1 2,4,5,1 5,7,8,1 8,10,11,12,13,1 13,2 13,1 2 13,4 13,5 13
2 4 5 7 8 11 13,0.020394,25.1486,Yes,N/A,2,N/A,4,5,2 4,7,8,2 7,2 8,11,4 8,13,2 4 8,2 13,5 11,4 13,5 13
2 4 5 7 8 11 12 13,0.0125264,32.1621,Yes,N/A,2,N/A,4,5,2 4,7,8,2 7,2 8,11,12,13,2 12,2 13,4 12,4 13,5 13
1 2 4 5 7 8 9,0.0860313,9.62296,Yes,N/A,2,1 2,4,5,1 5,7,8,9,1 9,2 9,1 2 9,4 9,5 9,1 5 9,7 9,8 9,1 8 9
2 4 5 7 8 9,0.0623146,13.4176,Yes,N/A,2,N/A,4,5,2 4,7,8,9,2 8,2 9,4 8,4 9,5 9,2 4 9,7 9,8 9,2 7 9
1 2 4 5 7 8 9 13,0.0437623,17.402,Yes,N/A,2,1 2,4,5,1 5,7,8,9,1 9,2 9,1 2 9,13,1 13,2 13,1 2 13,4 13,5 13
1 2 4 5 7 8 9 12,0.0556474,14.8539,Yes,N/A,2,1 2,4,5,1 5,7,8,9,1 9,2 9,12,1 12,2 12,1 2 12,4 12,5 12,1 5 12
2 4 5 7 8 9 12,0.0314577,21.0537,Yes,N/A,2,N/A,4,5,2 4,7,8,9,2 8,2 9,12,4 9,2 12,2 4 9,4 12,5 12,2 4 12
1 2 4 5 7 8 9 12 13,0.0298025,22.5599,Yes,N/A,2,1 2,4,5,1 5,7,8,9,1 9,2 9,12,13,1 13,2 13,1 2 13,4 13,5 13
2 4 5 7 8 9 13,0.0270205,22.2324,Yes,N/A,2,N/A,4,5,2 4,7,8,9,2 8,2 9,4 8,13,5 9,2 13,7 9,4 13,5 13
1 2 4 5 7 8 9 11,0.0625196,13.5586,Yes,N/A,2,1 2,4,5,1 5,7,8,9,1 9,11,1 11,2 11,1 2 11,4 11,5 11,1 5 11,7 11
2 4 5 7 8 9 11,0.0385741,19.0524,Yes,N/A,2,N/A,4,5,2 4,7,8,9,2 8,11,4 8,2 11,5 9,4 11,5 11,2 4 11,7 11
1 2 4 5 7 8 9 11 13,0.0349206,20.6887,Yes,N/A,2,1 2,4,5,1 5,7,8,9,1 9,11,1 11,13,1 13,2 13,1 2 13,4 13,5 13
1 2 4 5 7 8 9 11 12,0.0413667,18.9593,Yes,N/A,2,1 2,4,5,1 5,7,8,9,1 9,11,12,1 12,2 12,1 2 12,4 12,5 12,1 5 12
2 4 5 7 8 9 11 12,0.0223563,25.9712,Yes,N/A,2,N/A,4,5,2 4,7,8,9,2 8,11,12,2 11,2 12,4 11,4 12,5 12,2 4 12
1 2 4 5 7 8 9 11 12 13,0.0247383,25.9517,Yes,N/A,2,1 2,4,5,1 5,7,8,9,1 9,11,12,13,1 13,2 13,1 2 13,4 13,5 13
2 4 5 7 8 9 12 13,0.0155938,29.6678,Yes,N/A,2,N/A,4,5,2 4,7,8,9,2 8,2 9,12,13,2 12,2 13,4 12,4 13,5 13
1 2 4 5 7 8 9 10,0.0671994,12.7187,Yes,N/A,2,1 2,4,5,1 5,7,8,9,10,1 10,2 10,1 2 10,4 10,5 10,1 5 10,7 10,8 10
2 4 5 7 8 9 10,0.0451225,16.8414,Yes,N/A,2,N/A,4,5,2 4,7,8,9,10,2 9,2 10,4 9,4 10,5 10,2 4 10,7 10,8 10
1 2 4 5 7 8 9 10 13,0.0398683,18.9346,Yes,N/A,2,1 2,4,5,1 5,7,8,9,10,1 10,2 10,13,1 13,2 13,1 2 13,4 13,5 13
1 2 4 5 7 8 9 10 12,0.0468296,17.2605,Yes,N/A,2,1 2,4,5,1 5,7,8,9,10,1 10,12,1 12,2 12,1 2 12,4 12,5 12,1 5 12
2 4 5 7 8 9 10 12,0.026872,23.3939,Yes,N/A,2,N/A,4,5,2 4,7,8,9,10,2 9,12,4 9,2 12,5 10,4 12,5 12,2 4 12
1 2 4 5 7 8 9 10 12 13,0.0283425,23.9099,Yes,N/A,2,1 2,4,5,1 5,7,8,9,10,1 10,12,13,1 13,2 13,1 2 13,4 13,5 13
2 4 5 7 8 9 10 13,0.0217584,25.2532,Yes,N/A,2,N/A,4,5,2 4,7,8,9,10,2 9,2 10,13,4 10,2 13,2 4 10,4 13,5 13
1 2 4 5 7 8 9 10 11,0.052032,16.0187,Yes,N/A,2,1 2,4,5,1 5,7,8,9,10,11,1 11,2 11,1 2 11,4 11,5 11,1 5 11,7 11
2 4 5 7 8 9 10 11,0.0314324,21.5505,Yes,N/A,2,N/A,4,5,2 4,7,8,9,10,11,2 10,2 11,4 10,4 11,5 11,2 4 11,7 11
1 2 4 5 7 8 9 10 11 13,0.0326446,22.0014,Yes,N/A,2,1 2,4,5,1 5,7,8,9,10,11,1 11,13,1 13,2 13,1 2 13,4 13,5 13
1 2 4 5 7 8 9 10 11 12,0.0377818,20.4115,Yes,N/A,2,1 2,4,5,1 5,7,8,9,10,11,12,1 12,2 12,1 2 12,4 12,5 12,1 5 12
2 4 5 7 8 9 10 11 12,0.0207274,27.1245,Yes,N/A,2,N/A,4,5,2 4,7,8,9,10,11,12,2 11,2 12,4 11,4 12,5 12,2 4 12
1 2 4 5 7 8 9 10 11 12 13,0.0251941,26.1982,Yes,N/A,2,1 2,4,5,1 5,7,8,9,10,11,12,13,1 13,2 13,1 2 13,4 13,5 13
2 4 5 8 10 12 13,0.0134851,29.5037,Yes,N/A,2,N/A,4,5,2 4,2 5,8,4 5,10,2 4 5,12,13,2 12,2 13,4 12,4 13,5 13
2 4 5 8 10 11 13,0.0170401,27.095,Yes,N/A,2,N/A,4,5,2 4,2 5,8,4 5,10,11,2 10,13,4 10,2 13,5 11,4 13,5 13
2 4 5 8 10 11 12 13,0.0115339,33.1941,Yes,N/A,2,N/A,4,5,2 4,2 5,8,4 5,10,11,12,13,2 12,2 13,4 12,4 13,5 13
2 4 5 8 9 11 13,0.0178845,27.0501,Yes,N/A,2,N/A,4,5,2 4,2 5,8,9,2 8,11,4 8,13,5 9,2 13,5 11,4 13,5 13
2 4 5 8 9 11 12 13,0.0116185,33.3317,Yes,N/A,2,N/A,4,5,2 4,2 5,8,9,2 8,11,12,13,2 12,2 13,4 12,4 13,5 13
2 4 5 8 9 10 12 13,0.0130942,31.5764,Yes,N/A,2,N/A,4,5,2 4,2 5,8,9,10,2 9,12,13,2 12,2 13,4 12,4 13,5 13
2 4 5 8 9 10 11 13,0.0158525,29.4799,Yes,N/A,2,N/A,4,5,2 4,2 5,8,9,10,11,2 10,13,4 10,2 13,5 11,4 13,5 13
2 4 5 8 9 10 11 12 13,0.0113941,34.6331,Yes,N/A,2,N/A,4,5,2 4,2 5,8,9,10,11,12,13,2 12,2 13,4 12,4 13,5 13
1 2 4 5 6,0.0887495,5.76356,Yes,N/A,2,1 2,4,5,6,1 6,2 6,1 2 6,4 6,5 6,1 5 6,2 5 6,1 2 5 6,4 5 6,1 4 5 6,2 4 5 6,1 2 4 5 6
2 4 5 6,0.0751315,7.19557,Yes,N/A,2,N/A,4,5,6,2 5,2 6,4 5,4 6,5 6,2 4 6,2 5 6,N/A,4 5 6,N/A,2 4 5 6,N/A
1 2 4 5 6 13,0.0461022,13.656,Yes,N/A,2,1 2,4,5,6,1 6,2 6,1 2 6,4 6,5 6,1 5 6,13,1 13,2 13,1 2 13,4 13,5 13
1 2 4 5 6 12,0.0618274,11.3279,Yes,N/A,2,1 2,4,5,6,1 6,2 6,1 2 6,4 6,5 6,12,1 12,2 12,1 2 12,4 12,5 12,6 12
2 4 5 6 12,0.0421127,13.943,Yes,N/A,2,N/A,4,5,6,2 5,2 6,4 5,4 6,5 6,12,2 5 6,2 12,4 5 6,4 12,5 12,6 12
1 2 4 5 6 12 13,0.0300889,20.1592,Yes,N/A,2,1 2,4,5,6,1 6,2 6,1 2 6,4 6,5 6,12,13,1 13,2 13,1 2 13,4 13,5 13
2 4 5 6 13,0.0269648,17.2645,Yes,N/A,2,N/A,4,5,6,2 5,2 6,4 5,4 6,5 6,2 4 6,13,N/A,2 13,N/A,4 13,5 13
1 2 4 5 6 11,0.0728897,9.91512,Yes,N/A,2,1 2,4,5,6,1 6,2 6,1 2 6,4 6,11,1 11,2 11,1 2 11,4 11,5 11,6 11,1 6 11
2 4 5 6 11,0.0483867,13.7751,Yes,N/A,2,N/A,4,5,6,2 5,2 6,4 5,4 6,11,2 4 6,2 11,N/A,4 11,5 11,6 11,2 5 11
1 2 4 5 6 11 13,0.0356539,18.2159,Yes,N/A,2,1 2,4,5,6,1 6,2 6,1 2 6,4 6,11,1 11,13,1 13,2 13,1 2 13,4 13,5 13
1 2 4 5 6 11 12,0.0440818,16.7229,Yes,N/A,2,1 2,4,5,6,1 6,2 6,1 2 6,4 6,11,12,1 12,2 12,1 2 12,4 12,5 12,6 12
2 4 5 6 11 12,0.0289958,19.5929,Yes,N/A,2,N/A,4,5,6,2 5,2 6,4 5,4 6,11,12,2 11,2 12,4 11,4 12,5 12,6 12
1 2 4 5 6 11 12 13,0.0232236,24.9958,Yes,N/A,2,1 2,4,5,6,1 6,2 6,1 2 6,4 6,11,12,13,1 13,2 13,1 2 13,4 13,5 13
2 4 5 6 12 13,0.0182343,22.8118,Yes,N/A,2,N/A,4,5,6,2 5,2 6,4 5,4 6,5 6,12,13,2 12,2 13,4 12,4 13,5 13
1 2 4 5 6 10,0.0806921,8.9388,Yes,N/A,2,1 2,4,5,6,1 6,2 6,1 2 6,10,1 10,2 10,1 2 10,4 10,5 10,6 10,1 6 10,2 6 10
2 4 5 6 10,0.0640562,11.3187,Yes,N/A,2,N/A,4,5,6,2 5,2 6,4 5,10,5 6,2 10,2 5 6,4 10,5 10,6 10,2 5 10,2 6 10
1 2 4 5 6 10 13,0.0415709,16.5247,Yes,N/A,2,1 2,4,5,6,1 6,2 6,1 2 6,10,1 10,2 10,13,1 13,2 13,1 2 13,4 13,5 13
1 2 4 5 6 10 12,0.0520832,14.6878,Yes,N/A,2,1 2,4,5,6,1 6,2 6,1 2 6,10,1 10,12,1 12,2 12,1 2 12,4 12,5 12,6 12
2 4 5 6 10 12,0.0317863,19.328,Yes,N/A,2,N/A,4,5,6,2 5,2 6,4 5,10,5 6,12,2 5 6,2 12,5 10,4 12,5 12,6 12
1 2 4 5 6 10 12 13,0.0271766,22.5826,Yes,N/A,2,1 2,4,5,6,1 6,2 6,1 2 6,10,1 10,12,13,1 13,2 13,1 2 13,4 13,5 13
2 4 5 6 10 13,0.0261482,20.1519,Yes,N/A,2,N/A,4,5,6,2 5,2 6,4 5,10,5 6,2 10,13,4 10,2 13,6 10,4 13,5 13
1 2 4 5 6 10 11,0.0588593,13.9,Yes,N/A,2,1 2,4,5,6,1 6,2 6,1 2 6,10,11,1 11,2 11,1 2 11,4 11,5 11,6 11,1 6 11
2 4 5 6 10 11,0.0392196,17.323,Yes,N/A,2,N/A,4,5,6,2 5,2 6,4 5,10,11,2 10,2 11,4 10,4 11,5 11,6 11,2 5 11
1 2 4 5 6 10 11 13,0.0310229,21.3359,Yes,N/A,2,1 2,4,5,6,1 6,2 6,1 2 6,10,11,1 11,13,1 13,2 13,1 2 13,4 13,5 13
1 2 4 5 6 10 11 12,0.0366877,20.1744,Yes,N/A,2,1 2,4,5,6,1 6,2 6,1 2 6,10,11,12,1 12,2 12,1 2 12,4 12,5 12,6 12
2 4 5 6 10 11 12,0.0227424,23.9373,Yes,N/A,2,N/A,4,5,6,2 5,2 6,4 5,10,11,12,2 11,2 12,4 11,4 12,5 12,6 12
1 2 4 5 6 10 11 12 13,0.0211949,27.4904,Yes,N/A,2,1 2,4,5,6,1 6,2 6,1 2 6,10,11,12,13,1 13,2 13,1 2 13,4 13,5 13
2 4 5 6 11 13,0.0182515,24.0248,Yes,N/A,2,N/A,4,5,6,2 5,2 6,4 5,4 6,11,2 4 6,13,N/A,2 13,5 11,4 13,5 13
2 4 5 6 11 12 13,0.0128967,28.8115,Yes,N/A,2,N/A,4,5,6,2 5,2 6,4 5,4 6,11,12,13,2 12,2 13,4 12,4 13,5 13
1 2 4 5 6 9,0.0881039,8.02558,Yes,N/A,2,1 2,4,5,6,1 6,2 6,9,1 9,2 9,1 2 9,4 9,5 9,6 9,1 6 9,2 6 9,1 2 6 9
2 4 5 6 9,0.073817,10.4965,Yes,N/A,2,N/A,4,5,6,2 5,2 6,9,4 6,2 9,2 4 6,4 9,5 9,6 9,2 5 9,2 6 9,4 5 9
1 2 4 5 6 9 13,0.043903,16.0396,Yes,N/A,2,1 2,4,5,6,1 6,2 6,9,1 9,2 9,1 2 9,13,1 13,2 13,1 2 13,4 13,5 13
1 2 4 5 6 9 12,0.0590649,13.3223,Yes,N/A,2,1 2,4,5,6,1 6,2 6,9,1 9,2 9,12,1 12,2 12,1 2 12,4 12,5 12,6 12
2 4 5 6 9 12,0.0401261,17.1648,Yes,N/A,2,N/A,4,5,6,2 5,2 6,9,4 6,2 9,12,4 9,2 12,6 9,4 12,5 12,6 12
1 2 4 5 6 9 12 13,0.030425,21.364,Yes,N/A,2,1 2,4,5,6,1 6,2 6,9,1 9,2 9,12,13,1 13,2 13,1 2 13,4 13,5 13
2 4 5 6 9 13,0.0282938,19.9935,Yes,N/A,2,N/A,4,5,6,2 5,2 6,9,4 6,2 9,2 4 6,13,5 9,2 13,2 5 9,4 13,5 13
1 2 4 5 6 9 11,0.0676934,12.1705,Yes,N/A,2,1 2,4,5,6,1 6,2 6,9,1 9,11,1 11,2 11,1 2 11,4 11,5 11,6 11,1 6 11
2 4 5 6 9 11,0.0447377,16.7178,Yes,N/A,2,N/A,4,5,6,2 5,2 6,9,4 6,11,2 4 6,2 11,5 9,4 11,5 11,6 11,2 5 11
1 2 4 5 6 9 11 13,0.0341381,20.2389,Yes,N/A,2,1 2,4,5,6,1 6,2 6,9,1 9,11,1 11,13,1 13,2 13,1 2 13,4 13,5 13
1 2 4 5 6 9 11 12,0.0427653,18.003,Yes,N/A,2,1 2,4,5,6,1 6,2 6,9,1 9,11,12,1 12,2 12,1 2 12,4 12,5 12,6 12
2 4 5 6 9 11 12,0.0261471,22.7054,Yes,N/A,2,N/A,4,5,6,2 5,2 6,9,4 6,11,12,2 11,2 12,4 11,4 12,5 12,6 12
1 2 4 5 6 9 11 12 13,0.0238886,25.6591,Yes,N/A,2,1 2,4,5,6,1 6,2 6,9,1 9,11,12,13,1 13,2 13,1 2 13,4 13,5 13
2 4 5 6 9 12 13,0.0176777,26.0166,Yes,N/A,2,N/A,4,5,6,2 5,2 6,9,4 6,2 9,12,13,2 12,2 13,4 12,4 13,5 13
1 2 4 5 6 9 10,0.0745734,11.3329,Yes,N/A,2,1 2,4,5,6,1 6,2 6,9,10,1 10,2 10,1 2 10,4 10,5 10,6 10,1 6 10,2 6 10
2 4 5 6 9 10,0.0545039,14.6889,Yes,N/A,2,N/A,4,5,6,2 5,2 6,9,10,2 9,2 10,4 9,4 10,5 10,6 10,2 5 10,2 6 10
1 2 4 5 6 9 10 13,0.0389033,18.9092,Yes,N/A,2,1 2,4,5,6,1 6,2 6,9,10,1 10,2 10,13,1 13,2 13,1 2 13,4 13,5 13
1 2 4 5 6 9 10 12,0.0489291,16.4848,Yes,N/A,2,1 2,4,5,6,1 6,2 6,9,10,1 10,12,1 12,2 12,1 2 12,4 12,5 12,6 12
2 4 5 6 9 10 12,0.0302834,21.2927,Yes,N/A,2,N/A,4,5,6,2 5,2 6,9,10,2 9,12,4 9,2 12,5 10,4 12,5 12,6 12
1 2 4 5 6 9 10 12 13,0.0273538,23.8987,Yes,N/A,2,1 2,4,5,6,1 6,2 6,9,10,1 10,12,13,1 13,2 13,1 2 13,4 13,5 13
2 4 5 6 9 10 13,0.0226015,23.9358,Yes,N/A,2,N/A,4,5,6,2 5,2 6,9,10,2 9,2 10,13,4 10,2 13,6 10,4 13,5 13
1 2 4 5 6 9 10 11,0.0539825,15.7304,Yes,N/A,2,1 2,4,5,6,1 6,2 6,9,10,11,1 11,2 11,1 2 11,4 11,5 11,6 11,1 6 11
2 4 5 6 9 10 11,0.0333301,20.3564,Yes,N/A,2,N/A,4,5,6,2 5,2 6,9,10,11,2 10,2 11,4 10,4 11,5 11,6 11,2 5 11
1 2 4 5 6 9 10 11 13,0.0303597,22.9002,Yes,N/A,2,1 2,4,5,6,1 6,2 6,9,10,11,1 11,13,1 13,2 13,1 2 13,4 13,5 13
1 2 4 5 6 9 10 11 12,0.0363855,21.2164,Yes,N/A,2,1 2,4,5,6,1 6,2 6,9,10,11,12,1 12,2 12,1 2 12,4 12,5 12,6 12
2 4 5 6 9 10 11 12,0.021338,26.0464,Yes,N/A,2,N/A,4,5,6,2 5,2 6,9,10,11,12,2 11,2 12,4 11,4 12,5 12,6 12
1 2 4 5 6 9 10 11 12 13,0.0225669,27.9511,Yes,N/A,2,1 2,4,5,6,1 6,2 6,9,10,11,12,13,1 13,2 13,1 2 13,4 13,5 13
2 4 5 6 10 12 13,0.0157473,27.213,Yes,N/A,2,N/A,4,5,6,2 5,2 6,4 5,10,5 6,12,13,2 12,2 13,4 12,4 13,5 13
2 4 5 6 10 11 13,0.0168402,26.3673,Yes,N/A,2,N/A,4,5,6,2 5,2 6,4 5,10,11,2 10,13,4 10,2 13,5 11,4 13,5 13
2 4 5 6 10 11 12 13,0.0116045,32.1267,Yes,N/A,2,N/A,4,5,6,2 5,2 6,4 5,10,11,12,13,2 12,2 13,4 12,4 13,5 13
1 2 4 5 6 8,0.098955,7.06951,Yes,N/A,2,1 2,4,5,6,1 6,8,1 8,2 8,1 2 8,4 8,5 8,6 8,1 6 8,2 6 8,1 2 6 8,4 6 8
2 4 5 6 8,0.084843,9.44238,Yes,N/A,2,N/A,4,5,6,2 5,8,4 5,2 8,5 6,4 8,5 8,6 8,2 5 8,2 6 8,4 5 8,4 6 8
1 2 4 5 6 8 13,0.0513044,14.3788,Yes,N/A,2,1 2,4,5,6,1 6,8,1 8,2 8,1 2 8,4 8,13,1 13,2 13,1 2 13,4 13,5 13
1 2 4 5 6 8 12,0.0644461,12.4422,Yes,N/A,2,1 2,4,5,6,1 6,8,1 8,2 8,1 2 8,12,1 12,2 12,1 2 12,4 12,5 12,6 12
2 4 5 6 8 12,0.0420469,16.8781,Yes,N/A,2,N/A,4,5,6,2 5,8,4 5,2 8,5 6,12,5 8,2 12,2 5 8,4 12,5 12,6 12
1 2 4 5 6 8 12 13,0.032199,20.4364,Yes,N/A,2,1 2,4,5,6,1 6,8,1 8,2 8,1 2 8,12,13,1 13,2 13,1 2 13,4 13,5 13
2 4 5 6 8 13,0.0343777,18.2287,Yes,N/A,2,N/A,4,5,6,2 5,8,4 5,2 8,5 6,4 8,13,6 8,2 13,2 6 8,4 13,5 13
1 2 4 5 6 8 11,0.0767536,10.8471,Yes,N/A,2,1 2,4,5,6,1 6,8,1 8,2 8,11,1 11,2 11,1 2 11,4 11,5 11,6 11,1 6 11
2 4 5 6 8 11,0.0506243,15.1873,Yes,N/A,2,N/A,4,5,6,2 5,8,4 5,2 8,11,4 8,2 11,6 8,4 11,5 11,6 11,2 5 11
1 2 4 5 6 8 11 13,0.0397798,18.1726,Yes,N/A,2,1 2,4,5,6,1 6,8,1 8,2 8,11,1 11,13,1 13,2 13,1 2 13,4 13,5 13
1 2 4 5 6 8 11 12,0.0477189,16.558,Yes,N/A,2,1 2,4,5,6,1 6,8,1 8,2 8,11,12,1 12,2 12,1 2 12,4 12,5 12,6 12
2 4 5 6 8 11 12,0.0287249,21.4725,Yes,N/A,2,N/A,4,5,6,2 5,8,4 5,2 8,11,12,2 11,2 12,4 11,4 12,5 12,6 12
1 2 4 5 6 8 11 12 13,0.0264482,23.9291,Yes,N/A,2,1 2,4,5,6,1 6,8,1 8,2 8,11,12,13,1 13,2 13,1 2 13,4 13,5 13
2 4 5 6 8 12 13,0.0200111,24.7782,Yes,N/A,2,N/A,4,5,6,2 5,8,4 5,2 8,5 6,12,13,2 12,2 13,4 12,4 13,5 13
1 2 4 5 6 8 10,0.0865758,9.39998,Yes,N/A,2,1 2,4,5,6,1 6,8,1 8,10,1 10,2 10,1 2 10,4 10,5 10,6 10,1 6 10,8 10
2 4 5 6 8 10,0.0562908,14.3704,Yes,N/A,2,N/A,4,5,6,2 5,8,4 5,10,5 6,2 10,5 8,4 10,5 10,6 10,2 5 10,8 10
1 2 4 5 6 8 10 13,0.0457016,16.4763,Yes,N/A,2,1 2,4,5,6,1 6,8,1 8,10,1 10,2 10,13,1 13,2 13,1 2 13,4 13,5 13
1 2 4 5 6 8 10 12,0.0536788,15.0494,Yes,N/A,2,1 2,4,5,6,1 6,8,1 8,10,1 10,12,1 12,2 12,1 2 12,4 12,5 12,6 12
2 4 5 6 8 10 12,0.0276826,22.847,Yes,N/A,2,N/A,4,5,6,2 5,8,4 5,10,5 6,12,5 8,2 12,5 10,4 12,5 12,6 12
1 2 4 5 6 8 10 12 13,0.0297381,22.2268,Yes,N/A,2,1 2,4,5,6,1 6,8,1 8,10,1 10,12,13,1 13,2 13,1 2 13,4 13,5 13
2 4 5 6 8 10 13,0.0263746,22.3281,Yes,N/A,2,N/A,4,5,6,2 5,8,4 5,10,5 6,2 10,13,4 10,2 13,6 10,4 13,5 13
1 2 4 5 6 8 10 11,0.060893,13.6682,Yes,N/A,2,1 2,4,5,6,1 6,8,1 8,10,11,1 11,2 11,1 2 11,4 11,5 11,6 11,1 6 11
2 4 5 6 8 10 11,0.0370211,18.9052,Yes,N/A,2,N/A,4,5,6,2 5,8,4 5,10,11,2 10,2 11,4 10,4 11,5 11,6 11,2 5 11
1 2 4 5 6 8 10 11 13,0.0345128,20.5109,Yes,N/A,2,1 2,4,5,6,1 6,8,1 8,10,11,1 11,13,1 13,2 13,1 2 13,4 13,5 13
1 2 4 5 6 8 10 11 12,0.0404467,18.9475,Yes,N/A,2,1 2,4,5,6,1 6,8,1 8,10,11,12,1 12,2 12,1 2 12,4 12,5 12,6 12
2 4 5 6 8 10 11 12,0.0222882,25.6498,Yes,N/A,2,N/A,4,5,6,2 5,8,4 5,10,11,12,2 11,2 12,4 11,4 12,5 12,6 12
1 2 4 5 6 8 10 11 12 13,0.0246944,25.5562,Yes,N/A,2,1 2,4,5,6,1 6,8,1 8,10,11,12,13,1 13,2 13,1 2 13,4 13,5 13
2 4 5 6 8 11 13,0.0209526,24.4989,Yes,N/A,2,N/A,4,5,6,2 5,8,4 5,2 8,11,4 8,13,6 8,2 13,5 11,4 13,5 13
2 4 5 6 8 11 12 13,0.0141645,29.826,Yes,N/A,2,N/A,4,5,6,2 5,8,4 5,2 8,11,12,13,2 12,2 13,4 12,4 13,5 13
1 2 4 5 6 8 9,0.0921257,8.76468,Yes,N/A,2,1 2,4,5,6,1 6,8,9,1 9,2 9,1 2 9,4 9,5 9,6 9,1 6 9,8 9,1 8 9
2 4 5 6 8 9,0.0674185,12.2564,Yes,N/A,2,N/A,4,5,6,2 5,8,9,2 8,2 9,4 8,4 9,5 9,6 9,2 5 9,8 9,4 5 9
1 2 4 5 6 8 9 13,0.0478736,16.2467,Yes,N/A,2,1 2,4,5,6,1 6,8,9,1 9,2 9,1 2 9,13,1 13,2 13,1 2 13,4 13,5 13
1 2 4 5 6 8 9 12,0.0603528,13.8101,Yes,N/A,2,1 2,4,5,6,1 6,8,9,1 9,2 9,12,1 12,2 12,1 2 12,4 12,5 12,6 12
2 4 5 6 8 9 12,0.0380379,18.3605,Yes,N/A,2,N/A,4,5,6,2 5,8,9,2 8,2 9,12,4 9,2 12,6 9,4 12,5 12,6 12
1 2 4 5 6 8 9 12 13,0.0329151,21.1856,Yes,N/A,2,1 2,4,5,6,1 6,8,9,1 9,2 9,12,13,1 13,2 13,1 2 13,4 13,5 13
2 4 5 6 8 9 13,0.0283514,21.2715,Yes,N/A,2,N/A,4,5,6,2 5,8,9,2 8,2 9,4 8,13,5 9,2 13,2 5 9,4 13,5 13
1 2 4 5 6 8 9 11,0.0673341,12.5553,Yes,N/A,2,1 2,4,5,6,1 6,8,9,1 9,11,1 11,2 11,1 2 11,4 11,5 11,6 11,1 6 11
2 4 5 6 8 9 11,0.0409795,17.8392,Yes,N/A,2,N/A,4,5,6,2 5,8,9,2 8,11,4 8,2 11,5 9,4 11,5 11,6 11,2 5 11
1 2 4 5 6 8 9 11 13,0.0373414,19.6475,Yes,N/A,2,1 2,4,5,6,1 6,8,9,1 9,11,1 11,13,1 13,2 13,1 2 13,4 13,5 13
1 2 4 5 6 8 9 11 12,0.0449149,17.66,Yes,N/A,2,1 2,4,5,6,1 6,8,9,1 9,11,12,1 12,2 12,1 2 12,4 12,5 12,6 12
2 4 5 6 8 9 11 12,0.0261183,23.3013,Yes,N/A,2,N/A,4,5,6,2 5,8,9,2 8,11,12,2 11,2 12,4 11,4 12,5 12,6 12
1 2 4 5 6 8 9 11 12 13,0.0270285,24.3691,Yes,N/A,2,1 2,4,5,6,1 6,8,9,1 9,11,12,13,1 13,2 13,1 2 13,4 13,5 13
2 4 5 6 8 9 12 13,0.0183816,26.9007,Yes,N/A,2,N/A,4,5,6,2 5,8,9,2 8,2 9,12,13,2 12,2 13,4 12,4 13,5 13
1 2 4 5 6 8 9 10,0.0725361,11.675,Yes,N/A,2,1 2,4,5,6,1 6,8,9,10,1 10,2 10,1 2 10,4 10,5 10,6 10,1 6 10,8 10
2 4 5 6 8 9 10,0.0480147,15.9215,Yes,N/A,2,N/A,4,5,6,2 5,8,9,10,2 9,2 10,4 9,4 10,5 10,6 10,2 5 10,8 10
1 2 4 5 6 8 9 10 13,0.0420255,18.2729,Yes,N/A,2,1 2,4,5,6,1 6,8,9,10,1 10,2 10,13,1 13,2 13,1 2 13,4 13,5 13
1 2 4 5 6 8 9 10 12,0.0500998,16.2654,Yes,N/A,2,1 2,4,5,6,1 6,8,9,10,1 10,12,1 12,2 12,1 2 12,4 12,5 12,6 12
2 4 5 6 8 9 10 12,0.0287814,22.5064,Yes,N/A,2,N/A,4,5,6,2 5,8,9,10,2 9,12,4 9,2 12,5 10,4 12,5 12,6 12
1 2 4 5 6 8 9 10 12 13,0.030117,22.9097,Yes,N/A,2,1 2,4,5,6,1 6,8,9,10,1 10,12,13,1 13,2 13,1 2 13,4 13,5 13
2 4 5 6 8 9 10 13,0.0234846,24.2339,Yes,N/A,2,N/A,4,5,6,2 5,8,9,10,2 9,2 10,13,4 10,2 13,6 10,4 13,5 13
1 2 4 5 6 8 9 10 11,0.0549955,15.2988,Yes,N/A,2,1 2,4,5,6,1 6,8,9,10,11,1 11,2 11,1 2 11,4 11,5 11,6 11,1 6 11
2 4 5 6 8 9 10 11,0.0332346,20.6184,Yes,N/A,2,N/A,4,5,6,2 5,8,9,10,11,2 10,2 11,4 10,4 11,5 11,6 11,2 5 11
1 2 4 5 6 8 9 10 11 13,0.0339826,21.3931,Yes,N/A,2,1 2,4,5,6,1 6,8,9,10,11,1 11,13,1 13,2 13,1 2 13,4 13,5 13
1 2 4 5 6 8 9 10 11 12,0.0396683,19.7363,Yes,N/A,2,1 2,4,5,6,1 6,8,9,10,11,12,1 12,2 12,1 2 12,4 12,5 12,6 12
2 4 5 6 8 9 10 11 12,0.0224347,25.9712,Yes,N/A,2,N/A,4,5,6,2 5,8,9,10,11,12,2 11,2 12,4 11,4 12,5 12,6 12
1 2 4 5 6 8 9 10 11 12 13,0.0263259,25.4496,Yes,N/A,2,1 2,4,5,6,1 6,8,9,10,11,12,13,1 13,2 13,1 2 13,4 13,5 13
2 4 5 6 9 11 13,0.0185592,26.4286,Yes,N/A,2,N/A,4,5,6,2 5,2 6,9,4 6,11,2 4 6,13,5 9,2 13,5 11,4 13,5 13
2 4 5 6 9 11 12 13,0.0127827,31.6846,Yes,N/A,2,N/A,4,5,6,2 5,2 6,9,4 6,11,12,13,2 12,2 13,4 12,4 13,5 13
2 4 5 6 9 10 12 13,0.014932,29.7852,Yes,N/A,2,N/A,4,5,6,2 5,2 6,9,10,2 9,12,13,2 12,2 13,4 12,4 13,5 13
2 4 5 6 9 10 11 13,0.0158551,29.3982,Yes,N/A,2,N/A,4,5,6,2 5,2 6,9,10,11,2 10,13,4 10,2 13,5 11,4 13,5 13
2 4 5 6 9 10 11 12 13,0.0116859,34.2548,Yes,N/A,2,N/A,4,5,6,2 5,2 6,9,10,11,12,13,2 12,2 13,4 12,4 13,5 13
1 2 4 5 6 7,0.104174,6.92112,Yes,N/A,2,1 2,4,5,6,7,1 7,2 7,1 2 7,4 7,5 7,6 7,1 6 7,2 6 7,1 2 6 7,4 6 7,5 6 7
2 4 5 6 7,0.0924465,8.89929,Yes,N/A,2,N/A,4,5,6,7,2 6,2 7,4 6,4 7,5 7,6 7,2 5 7,2 6 7,4 5 7,4 6 7,5 6 7
1 2 4 5 6 7 13,0.0556734,13.7588,Yes,N/A,2,1 2,4,5,6,7,1 7,2 7,1 2 7,4 7,5 7,13,1 13,2 13,1 2 13,4 13,5 13
1 2 4 5 6 7 12,0.0678515,12.1868,Yes,N/A,2,1 2,4,5,6,7,1 7,2 7,1 2 7,4 7,12,1 12,2 12,1 2 12,4 12,5 12,6 12
2 4 5 6 7 12,0.0464155,16.0333,Yes,N/A,2,N/A,4,5,6,7,2 6,2 7,4 6,4 7,12,6 7,2 12,2 6 7,4 12,5 12,6 12
1 2 4 5 6 7 12 13,0.0339181,20.2224,Yes,N/A,2,1 2,4,5,6,7,1 7,2 7,1 2 7,4 7,12,13,1 13,2 13,1 2 13,4 13,5 13
2 4 5 6 7 13,0.0361141,17.8417,Yes,N/A,2,N/A,4,5,6,7,2 6,2 7,4 6,4 7,5 7,13,2 5 7,2 13,4 5 7,4 13,5 13
1 2 4 5 6 7 11,0.0751044,11.4305,Yes,N/A,2,1 2,4,5,6,7,1 7,2 7,1 2 7,11,1 11,2 11,1 2 11,4 11,5 11,6 11,7 11
2 4 5 6 7 11,0.05611,14.5381,Yes,N/A,2,N/A,4,5,6,7,2 6,2 7,4 6,11,5 7,2 11,2 5 7,4 11,5 11,6 11,7 11
1 2 4 5 6 7 11 13,0.0387085,18.9358,Yes,N/A,2,1 2,4,5,6,7,1 7,2 7,1 2 7,11,1 11,13,1 13,2 13,1 2 13,4 13,5 13
1 2 4 5 6 7 11 12,0.0457457,17.5295,Yes,N/A,2,1 2,4,5,6,7,1 7,2 7,1 2 7,11,12,1 12,2 12,1 2 12,4 12,5 12,6 12
2 4 5 6 7 11 12,0.0291784,21.6855,Yes,N/A,2,N/A,4,5,6,7,2 6,2 7,4 6,11,12,2 11,2 12,4 11,4 12,5 12,6 12
1 2 4 5 6 7 11 12 13,0.0248153,25.1922,Yes,N/A,2,1 2,4,5,6,7,1 7,2 7,1 2 7,11,12,13,1 13,2 13,1 2 13,4 13,5 13
2 4 5 6 7 12 13,0.0206481,24.5088,Yes,N/A,2,N/A,4,5,6,7,2 6,2 7,4 6,4 7,12,13,2 12,2 13,4 12,4 13,5 13
1 2 4 5 6 7 10,0.0882127,9.41039,Yes,N/A,2,1 2,4,5,6,7,1 7,2 7,10,1 10,2 10,1 2 10,4 10,5 10,6 10,7 10,1 7 10
2 4 5 6 7 10,0.0682862,12.2268,Yes,N/A,2,N/A,4,5,6,7,2 6,2 7,10,4 7,2 10,6 7,4 10,5 10,6 10,7 10,2 6 10
1 2 4 5 6 7 10 13,0.0480289,16.1291,Yes,N/A,2,1 2,4,5,6,7,1 7,2 7,10,1 10,2 10,13,1 13,2 13,1 2 13,4 13,5 13
1 2 4 5 6 7 10 12,0.0566226,14.5724,Yes,N/A,2,1 2,4,5,6,7,1 7,2 7,10,1 10,12,1 12,2 12,1 2 12,4 12,5 12,6 12
2 4 5 6 7 10 12,0.0359165,19.2438,Yes,N/A,2,N/A,4,5,6,7,2 6,2 7,10,4 7,12,6 7,2 12,5 10,4 12,5 12,6 12
1 2 4 5 6 7 10 12 13,0.0313209,21.8019,Yes,N/A,2,1 2,4,5,6,7,1 7,2 7,10,1 10,12,13,1 13,2 13,1 2 13,4 13,5 13
2 4 5 6 7 10 13,0.0289806,20.9265,Yes,N/A,2,N/A,4,5,6,7,2 6,2 7,10,4 7,2 10,13,4 10,2 13,6 10,4 13,5 13
1 2 4 5 6 7 10 11,0.0616438,13.8218,Yes,N/A,2,1 2,4,5,6,7,1 7,2 7,10,11,1 11,2 11,1 2 11,4 11,5 11,6 11,7 11
2 4 5 6 7 10 11,0.0403575,18.1227,Yes,N/A,2,N/A,4,5,6,7,2 6,2 7,10,11,2 10,2 11,4 10,4 11,5 11,6 11,7 11
1 2 4 5 6 7 10 11 13,0.0352168,20.5092,Yes,N/A,2,1 2,4,5,6,7,1 7,2 7,10,11,1 11,13,1 13,2 13,1 2 13,4 13,5 13
1 2 4 5 6 7 10 11 12,0.0407737,19.2504,Yes,N/A,2,1 2,4,5,6,7,1 7,2 7,10,11,12,1 12,2 12,1 2 12,4 12,5 12,6 12
2 4 5 6 7 10 11 12,0.0240441,24.6815,Yes,N/A,2,N/A,4,5,6,7,2 6,2 7,10,11,12,2 11,2 12,4 11,4 12,5 12,6 12
1 2 4 5 6 7 10 11 12 13,0.0246893,26.0157,Yes,N/A,2,1 2,4,5,6,7,1 7,2 7,10,11,12,13,1 13,2 13,1 2 13,4 13,5 13
2 4 5 6 7 11 13,0.023241,23.8877,Yes,N/A,2,N/A,4,5,6,7,2 6,2 7,4 6,11,5 7,13,2 5 7,2 13,5 11,4 13,5 13
2 4 5 6 7 11 12 13,0.0142677,30.2485,Yes,N/A,2,N/A,4,5,6,7,2 6,2 7,4 6,11,12,13,2 12,2 13,4 12,4 13,5 13
1 2 4 5 6 7 9,0.0939511,8.48075,Yes,N/A,2,1 2,4,5,6,7,1 7,9,1 9,2 9,1 2 9,4 9,5 9,6 9,7 9,1 7 9,2 7 9
2 4 5 6 7 9,0.071312,11.7633,Yes,N/A,2,N/A,4,5,6,7,2 6,9,4 6,2 9,5 7,4 9,5 9,6 9,7 9,2 6 9,2 7 9
1 2 4 5 6 7 9 13,0.0492266,15.9526,Yes,N/A,2,1 2,4,5,6,7,1 7,9,1 9,2 9,1 2 9,13,1 13,2 13,1 2 13,4 13,5 13
1 2 4 5 6 7 9 12,0.0620496,13.4042,Yes,N/A,2,1 2,4,5,6,7,1 7,9,1 9,2 9,12,1 12,2 12,1 2 12,4 12,5 12,6 12
2 4 5 6 7 9 12,0.0361162,19.2986,Yes,N/A,2,N/A,4,5,6,7,2 6,9,4 6,2 9,12,4 9,2 12,6 9,4 12,5 12,6 12
1 2 4 5 6 7 9 12 13,0.0334509,20.9312,Yes,N/A,2,1 2,4,5,6,7,1 7,9,1 9,2 9,12,13,1 13,2 13,1 2 13,4 13,5 13
2 4 5 6 7 9 13,0.0310182,20.6087,Yes,N/A,2,N/A,4,5,6,7,2 6,9,4 6,2 9,5 7,13,5 9,2 13,7 9,4 13,5 13
1 2 4 5 6 7 9 11,0.0684841,12.3315,Yes,N/A,2,1 2,4,5,6,7,1 7,9,1 9,11,1 11,2 11,1 2 11,4 11,5 11,6 11,7 11
2 4 5 6 7 9 11,0.0437715,17.6608,Yes,N/A,2,N/A,4,5,6,7,2 6,9,4 6,11,5 7,2 11,5 9,4 11,5 11,6 11,7 11
1 2 4 5 6 7 9 11 13,0.0377852,19.7246,Yes,N/A,2,1 2,4,5,6,7,1 7,9,1 9,11,1 11,13,1 13,2 13,1 2 13,4 13,5 13
1 2 4 5 6 7 9 11 12,0.0451123,17.7434,Yes,N/A,2,1 2,4,5,6,7,1 7,9,1 9,11,12,1 12,2 12,1 2 12,4 12,5 12,6 12
2 4 5 6 7 9 11 12,0.0252707,24.5777,Yes,N/A,2,N/A,4,5,6,7,2 6,9,4 6,11,12,2 11,2 12,4 11,4 12,5 12,6 12
1 2 4 5 6 7 9 11 12 13,0.0265506,24.8153,Yes,N/A,2,1 2,4,5,6,7,1 7,9,1 9,11,12,13,1 13,2 13,1 2 13,4 13,5 13
2 4 5 6 7 9 12 13,0.0180434,27.6258,Yes,N/A,2,N/A,4,5,6,7,2 6,9,4 6,2 9,12,13,2 12,2 13,4 12,4 13,5 13
1 2 4 5 6 7 9 10,0.0742203,11.2503,Yes,N/A,2,1 2,4,5,6,7,1 7,9,10,1 10,2 10,1 2 10,4 10,5 10,6 10,7 10,1 7 10
2 4 5 6 7 9 10,0.0516313,15.0353,Yes,N/A,2,N/A,4,5,6,7,2 6,9,10,2 9,2 10,4 9,4 10,5 10,6 10,7 10,2 6 10
1 2 4 5 6 7 9 10 13,0.0435204,17.794,Yes,N/A,2,1 2,4,5,6,7,1 7,9,10,1 10,2 10,13,1 13,2 13,1 2 13,4 13,5 13
1 2 4 5 6 7 9 10 12,0.0512435,16.0344,Yes,N/A,2,1 2,4,5,6,7,1 7,9,10,1 10,12,1 12,2 12,1 2 12,4 12,5 12,6 12
2 4 5 6 7 9 10 12,0.0309054,21.4757,Yes,N/A,2,N/A,4,5,6,7,2 6,9,10,2 9,12,4 9,2 12,5 10,4 12,5 12,6 12
1 2 4 5 6 7 9 10 12 13,0.0306911,22.7383,Yes,N/A,2,1 2,4,5,6,7,1 7,9,10,1 10,12,13,1 13,2 13,1 2 13,4 13,5 13
2 4 5 6 7 9 10 13,0.024683,23.6696,Yes,N/A,2,N/A,4,5,6,7,2 6,9,10,2 9,2 10,13,4 10,2 13,6 10,4 13,5 13
1 2 4 5 6 7 9 10 11,0.0563754,14.989,Yes,N/A,2,1 2,4,5,6,7,1 7,9,10,11,1 11,2 11,1 2 11,4 11,5 11,6 11,7 11
2 4 5 6 7 9 10 11,0.0354873,20.2777,Yes,N/A,2,N/A,4,5,6,7,2 6,9,10,11,2 10,2 11,4 10,4 11,5 11,6 11,7 11
1 2 4 5 6 7 9 10 11 13,0.0344755,21.3804,Yes,N/A,2,1 2,4,5,6,7,1 7,9,10,11,1 11,13,1 13,2 13,1 2 13,4 13,5 13
1 2 4 5 6 7 9 10 11 12,0.0402291,19.6925,Yes,N/A,2,1 2,4,5,6,7,1 7,9,10,11,12,1 12,2 12,1 2 12,4 12,5 12,6 12
2 4 5 6 7 9 10 11 12,0.0230018,26.1304,Yes,N/A,2,N/A,4,5,6,7,2 6,9,10,11,12,2 11,2 12,4 11,4 12,5 12,6 12
1 2 4 5 6 7 9 10 11 12 13,0.0262071,25.7224,Yes,N/A,2,1 2,4,5,6,7,1 7,9,10,11,12,13,1 13,2 13,1 2 13,4 13,5 13
2 4 5 6 7 10 12 13,0.0179341,27.1504,Yes,N/A,2,N/A,4,5,6,7,2 6,2 7,10,4 7,12,13,2 12,2 13,4 12,4 13,5 13
2 4 5 6 7 10 11 13,0.0192847,26.684,Yes,N/A,2,N/A,4,5,6,7,2 6,2 7,10,11,2 10,13,4 10,2 13,5 11,4 13,5 13
2 4 5 6 7 10 11 12 13,0.0131765,32.2677,Yes,N/A,2,N/A,4,5,6,7,2 6,2 7,10,11,12,13,2 12,2 13,4 12,4 13,5 13
1 2 4 5 6 7 8,0.0968322,8.01856,Yes,N/A,2,1 2,4,5,6,7,8,1 8,2 8,1 2 8,4 8,5 8,6 8,7 8,1 7 8,2 7 8,1 2 7 8
2 4 5 6 7 8,0.0771451,10.3163,Yes,N/A,2,N/A,4,5,6,7,8,2 7,2 8,4 7,4 8,5 8,6 8,7 8,2 6 8,2 7 8,4 6 8
1 2 4 5 6 7 8 13,0.0531662,15.1344,Yes,N/A,2,1 2,4,5,6,7,8,1 8,2 8,1 2 8,4 8,13,1 13,2 13,1 2 13,4 13,5 13
1 2 4 5 6 7 8 12,0.0621387,13.476,Yes,N/A,2,1 2,4,5,6,7,8,1 8,2 8,1 2 8,12,1 12,2 12,1 2 12,4 12,5 12,6 12
2 4 5 6 7 8 12,0.0434163,16.542,Yes,N/A,2,N/A,4,5,6,7,8,2 7,2 8,4 7,12,5 8,2 12,7 8,4 12,5 12,6 12
1 2 4 5 6 7 8 12 13,0.0334755,21.2587,Yes,N/A,2,1 2,4,5,6,7,8,1 8,2 8,1 2 8,12,13,1 13,2 13,1 2 13,4 13,5 13
2 4 5 6 7 8 13,0.0330095,19.2096,Yes,N/A,2,N/A,4,5,6,7,8,2 7,2 8,4 7,4 8,13,6 8,2 13,2 6 8,4 13,5 13
1 2 4 5 6 7 8 11,0.0736594,11.3436,Yes,N/A,2,1 2,4,5,6,7,8,1 8,2 8,11,1 11,2 11,1 2 11,4 11,5 11,6 11,7 11
2 4 5 6 7 8 11,0.0490507,15.4175,Yes,N/A,2,N/A,4,5,6,7,8,2 7,2 8,11,4 8,2 11,6 8,4 11,5 11,6 11,7 11
1 2 4 5 6 7 8 11 13,0.0414419,18.3261,Yes,N/A,2,1 2,4,5,6,7,8,1 8,2 8,11,1 11,13,1 13,2 13,1 2 13,4 13,5 13
1 2 4 5 6 7 8 11 12,0.0479839,16.8932,Yes,N/A,2,1 2,4,5,6,7,8,1 8,2 8,11,12,1 12,2 12,1 2 12,4 12,5 12,6 12
2 4 5 6 7 8 11 12,0.0298413,21.5657,Yes,N/A,2,N/A,4,5,6,7,8,2 7,2 8,11,12,2 11,2 12,4 11,4 12,5 12,6 12
1 2 4 5 6 7 8 11 12 13,0.0282308,23.9249,Yes,N/A,2,1 2,4,5,6,7,8,1 8,2 8,11,12,13,1 13,2 13,1 2 13,4 13,5 13
2 4 5 6 7 8 12 13,0.0208675,25.1192,Yes,N/A,2,N/A,4,5,6,7,8,2 7,2 8,4 7,12,13,2 12,2 13,4 12,4 13,5 13
1 2 4 5 6 7 8 10,0.0797717,10.1426,Yes,N/A,2,1 2,4,5,6,7,8,1 8,10,1 10,2 10,1 2 10,4 10,5 10,6 10,7 10,8 10
2 4 5 6 7 8 10,0.0572771,13.5976,Yes,N/A,2,N/A,4,5,6,7,8,2 7,10,4 7,2 10,5 8,4 10,5 10,6 10,7 10,8 10
1 2 4 5 6 7 8 10 13,0.0470554,16.559,Yes,N/A,2,1 2,4,5,6,7,8,1 8,10,1 10,2 10,13,1 13,2 13,1 2 13,4 13,5 13
1 2 4 5 6 7 8 10 12,0.0552963,14.7825,Yes,N/A,2,1 2,4,5,6,7,8,1 8,10,1 10,12,1 12,2 12,1 2 12,4 12,5 12,6 12
2 4 5 6 7 8 10 12,0.034018,20.3091,Yes,N/A,2,N/A,4,5,6,7,8,2 7,10,4 7,12,5 8,2 12,5 10,4 12,5 12,6 12
1 2 4 5 6 7 8 10 12 13,0.0327591,21.5229,Yes,N/A,2,1 2,4,5,6,7,8,1 8,10,1 10,12,13,1 13,2 13,1 2 13,4 13,5 13
2 4 5 6 7 8 10 13,0.0276349,21.9592,Yes,N/A,2,N/A,4,5,6,7,8,2 7,10,4 7,2 10,13,4 10,2 13,6 10,4 13,5 13
1 2 4 5 6 7 8 10 11,0.0613123,13.6707,Yes,N/A,2,1 2,4,5,6,7,8,1 8,10,11,1 11,2 11,1 2 11,4 11,5 11,6 11,7 11
2 4 5 6 7 8 10 11,0.039815,18.2658,Yes,N/A,2,N/A,4,5,6,7,8,2 7,10,11,2 10,2 11,4 10,4 11,5 11,6 11,7 11
1 2 4 5 6 7 8 10 11 13,0.0374792,19.8969,Yes,N/A,2,1 2,4,5,6,7,8,1 8,10,11,1 11,13,1 13,2 13,1 2 13,4 13,5 13
1 2 4 5 6 7 8 10 11 12,0.0432466,18.4052,Yes,N/A,2,1 2,4,5,6,7,8,1 8,10,11,12,1 12,2 12,1 2 12,4 12,5 12,6 12
2 4 5 6 7 8 10 11 12,0.0257881,23.9885,Yes,N/A,2,N/A,4,5,6,7,8,2 7,10,11,12,2 11,2 12,4 11,4 12,5 12,6 12
1 2 4 5 6 7 8 10 11 12 13,0.0279132,24.4129,Yes,N/A,2,1 2,4,5,6,7,8,1 8,10,11,12,13,1 13,2 13,1 2 13,4 13,5 13
2 4 5 6 7 8 11 13,0.022763,24.4479,Yes,N/A,2,N/A,4,5,6,7,8,2 7,2 8,11,4 8,13,6 8,2 13,5 11,4 13,5 13
2 4 5 6 7 8 11 12 13,0.0155947,29.899,Yes,N/A,2,N/A,4,5,6,7,8,2 7,2 8,11,12,13,2 12,2 13,4 12,4 13,5 13
1 2 4 5 6 7 8 9,0.0828414,9.59834,Yes,N/A,2,1 2,4,5,6,7,8,9,1 9,2 9,1 2 9,4 9,5 9,6 9,7 9,8 9,1 8 9
2 4 5 6 7 8 9,0.062282,12.6933,Yes,N/A,2,N/A,4,5,6,7,8,9,2 8,2 9,4 8,4 9,5 9,6 9,7 9,8 9,2 7 9
1 2 4 5 6 7 8 9 13,0.0474634,16.6137,Yes,N/A,2,1 2,4,5,6,7,8,9,1 9,2 9,1 2 9,13,1 13,2 13,1 2 13,4 13,5 13
1 2 4 5 6 7 8 9 12,0.0598702,13.8813,Yes,N/A,2,1 2,4,5,6,7,8,9,1 9,2 9,12,1 12,2 12,1 2 12,4 12,5 12,6 12
2 4 5 6 7 8 9 12,0.0377339,18.7838,Yes,N/A,2,N/A,4,5,6,7,8,9,2 8,2 9,12,4 9,2 12,6 9,4 12,5 12,6 12
1 2 4 5 6 7 8 9 12 13,0.0349127,20.8481,Yes,N/A,2,1 2,4,5,6,7,8,9,1 9,2 9,12,13,1 13,2 13,1 2 13,4 13,5 13
2 4 5 6 7 8 9 13,0.0297444,21.2007,Yes,N/A,2,N/A,4,5,6,7,8,9,2 8,2 9,4 8,13,5 9,2 13,7 9,4 13,5 13
1 2 4 5 6 7 8 9 11,0.066479,12.6436,Yes,N/A,2,1 2,4,5,6,7,8,9,1 9,11,1 11,2 11,1 2 11,4 11,5 11,6 11,7 11
2 4 5 6 7 8 9 11,0.0431529,17.8141,Yes,N/A,2,N/A,4,5,6,7,8,9,2 8,11,4 8,2 11,5 9,4 11,5 11,6 11,7 11
1 2 4 5 6 7 8 9 11 13,0.0397706,19.1516,Yes,N/A,2,1 2,4,5,6,7,8,9,1 9,11,1 11,13,1 13,2 13,1 2 13,4 13,5 13
1 2 4 5 6 7 8 9 11 12,0.0469757,17.2613,Yes,N/A,2,1 2,4,5,6,7,8,9,1 9,11,12,1 12,2 12,1 2 12,4 12,5 12,6 12
2 4 5 6 7 8 9 11 12,0.0278485,23.276,Yes,N/A,2,N/A,4,5,6,7,8,9,2 8,11,12,2 11,2 12,4 11,4 12,5 12,6 12
1 2 4 5 6 7 8 9 11 12 13,0.0298296,23.448,Yes,N/A,2,1 2,4,5,6,7,8,9,1 9,11,12,13,1 13,2 13,1 2 13,4 13,5 13
2 4 5 6 7 8 9 12 13,0.0197387,26.7809,Yes,N/A,2,N/A,4,5,6,7,8,9,2 8,2 9,12,13,2 12,2 13,4 12,4 13,5 13
1 2 4 5 6 7 8 9 10,0.0712754,11.8465,Yes,N/A,2,1 2,4,5,6,7,8,9,10,1 10,2 10,1 2 10,4 10,5 10,6 10,7 10,8 10
2 4 5 6 7 8 9 10,0.0506392,15.5142,Yes,N/A,2,N/A,4,5,6,7,8,9,10,2 9,2 10,4 9,4 10,5 10,6 10,7 10,8 10
1 2 4 5 6 7 8 9 10 13,0.0448368,17.5387,Yes,N/A,2,1 2,4,5,6,7,8,9,10,1 10,2 10,13,1 13,2 13,1 2 13,4 13,5 13
1 2 4 5 6 7 8 9 10 12,0.052479,15.6893,Yes,N/A,2,1 2,4,5,6,7,8,9,10,1 10,12,1 12,2 12,1 2 12,4 12,5 12,6 12
2 4 5 6 7 8 9 10 12,0.0321899,21.1581,Yes,N/A,2,N/A,4,5,6,7,8,9,10,2 9,12,4 9,2 12,5 10,4 12,5 12,6 12
1 2 4 5 6 7 8 9 10 12 13,0.0336037,21.6152,Yes,N/A,2,1 2,4,5,6,7,8,9,10,1 10,12,13,1 13,2 13,1 2 13,4 13,5 13
2 4 5 6 7 8 9 10 13,0.0260937,23.2958,Yes,N/A,2,N/A,4,5,6,7,8,9,10,2 9,2 10,13,4 10,2 13,6 10,4 13,5 13
1 2 4 5 6 7 8 9 10 11,0.0573628,14.7022,Yes,N/A,2,1 2,4,5,6,7,8,9,10,11,1 11,2 11,1 2 11,4 11,5 11,6 11,7 11
2 4 5 6 7 8 9 10 11,0.0368459,19.6161,Yes,N/A,2,N/A,4,5,6,7,8,9,10,11,2 10,2 11,4 10,4 11,5 11,6 11,7 11
1 2 4 5 6 7 8 9 10 11 13,0.037895,20.0121,Yes,N/A,2,1 2,4,5,6,7,8,9,10,11,1 11,13,1 13,2 13,1 2 13,4 13,5 13
1 2 4 5 6 7 8 9 10 11 12,0.0435278,18.4571,Yes,N/A,2,1 2,4,5,6,7,8,9,10,11,12,1 12,2 12,1 2 12,4 12,5 12,6 12
2 4 5 6 7 8 9 10 11 12,0.0257727,24.3486,Yes,N/A,2,N/A,4,5,6,7,8,9,10,11,12,2 11,2 12,4 11,4 12,5 12,6 12
1 2 4 5 6 7 8 9 10 11 12 13,0.0304157,23.4481,Yes,N/A,2,1 2,4,5,6,7,8,9,10,11,12,13,1 13,2 13,1 2 13,4 13,5 13
2 5 7 9 11 13,0.01208,32.4842,Yes,N/A,2,N/A,N/A,5,N/A,7,N/A,9,N/A,11,5 7,13,5 9,2 13,5 11,N/A,5 13
2 5 7 9 11 12 13,0.00643431,41.1712,Yes,N/A,2,N/A,N/A,5,N/A,7,N/A,9,N/A,11,12,13,2 12,2 13,5 11,5 12,5 13
2 5 7 9 10 12 13,0.00790449,37.0663,Yes,N/A,2,N/A,N/A,5,N/A,7,N/A,9,10,2 9,12,13,2 12,2 13,7 9,5 12,5 13
2 5 7 9 10 11 13,0.0106848,34.6894,Yes,N/A,2,N/A,N/A,5,N/A,7,N/A,9,10,11,2 10,13,5 9,2 13,5 11,7 10,5 13
2 5 7 9 10 11 12 13,0.00659726,42.7108,Yes,N/A,2,N/A,N/A,5,N/A,7,N/A,9,10,11,12,13,2 12,2 13,5 11,5 12,5 13
2 5 7 8 10 12 13,0.00765313,38.2941,Yes,N/A,2,N/A,N/A,5,N/A,7,8,2 7,10,N/A,12,13,2 12,2 13,N/A,5 12,5 13
2 5 7 8 10 11 13,0.0109463,32.487,Yes,N/A,2,N/A,N/A,5,N/A,7,8,2 7,10,11,2 10,13,2 5 7,2 13,5 11,7 10,5 13
2 5 7 8 10 11 12 13,0.00732614,39.1418,Yes,N/A,2,N/A,N/A,5,N/A,7,8,2 7,10,11,12,13,2 12,2 13,5 11,5 12,5 13
2 5 7 8 9 11 13,0.0137548,30.5294,Yes,N/A,2,N/A,N/A,5,N/A,7,8,9,2 8,11,5 7,13,5 9,2 13,5 11,8 9,5 13
2 5 7 8 9 11 12 13,0.00845463,37.4197,Yes,N/A,2,N/A,N/A,5,N/A,7,8,9,2 8,11,12,13,2 12,2 13,5 11,5 12,5 13
2 5 7 8 9 10 12 13,0.00880768,37.0435,Yes,N/A,2,N/A,N/A,5,N/A,7,8,9,10,2 9,12,13,2 12,2 13,7 9,5 12,5 13
2 5 7 8 9 10 11 13,0.0112461,34.0713,Yes,N/A,2,N/A,N/A,5,N/A,7,8,9,10,11,2 10,13,5 9,2 13,5 11,7 10,5 13
2 5 7 8 9 10 11 12 13,0.00791182,40.1316,Yes,N/A,2,N/A,N/A,5,N/A,7,8,9,10,11,12,13,2 12,2 13,5 11,5 12,5 13
2 5 6 8 10 12 13,0.0105793,34.0107,Yes,N/A,2,N/A,N/A,5,6,2 5,8,N/A,10,5 6,12,13,2 12,2 13,6 10,5 12,5 13
2 5 6 8 10 11 13,0.0106063,33.6028,Yes,N/A,2,N/A,N/A,5,6,2 5,8,N/A,10,11,2 10,13,6 8,2 13,5 11,6 11,5 13
2 5 6 8 10 11 12 13,0.00737088,40.479,Yes,N/A,2,N/A,N/A,5,6,2 5,8,N/A,10,11,12,13,2 12,2 13,5 11,5 12,5 13
2 5 6 8 9 11 13,0.0114721,32.9032,Yes,N/A,2,N/A,N/A,5,6,2 5,8,9,2 8,11,N/A,13,5 9,2 13,5 11,6 11,5 13
2 5 6 8 9 11 12 13,0.00857266,35.9633,Yes,N/A,2,N/A,N/A,5,6,2 5,8,9,2 8,11,12,13,2 12,2 13,5 11,5 12,5 13
2 5 6 8 9 10 12 13,0.0108519,33.0068,Yes,N/A,2,N/A,N/A,5,6,2 5,8,9,10,2 9,12,13,2 12,2 13,6 10,5 12,5 13
2 5 6 8 9 10 11 13,0.0115418,32.9752,Yes,N/A,2,N/A,N/A,5,6,2 5,8,9,10,11,2 10,13,5 9,2 13,5 11,6 11,5 13
2 5 6 8 9 10 11 12 13,0.00863263,37.525,Yes,N/A,2,N/A,N/A,5,6,2 5,8,9,10,11,12,13,2 12,2 13,5 11,5 12,5 13
2 5 6 7 9 11 13,0.0126973,32.0621,Yes,N/A,2,N/A,N/A,5,6,7,2 6,9,N/A,11,5 7,13,5 9,2 13,5 11,6 11,5 13
2 5 6 7 9 11 12 13,0.00797593,39.6308,Yes,N/A,2,N/A,N/A,5,6,7,2 6,9,N/A,11,12,13,2 12,2 13,5 11,5 12,5 13
2 5 6 7 9 10 12 13,0.0109703,33.1294,Yes,N/A,2,N/A,N/A,5,6,7,2 6,9,10,2 9,12,13,2 12,2 13,6 10,5 12,5 13
2 5 6 7 9 10 11 13,0.0126853,31.4471,Yes,N/A,2,N/A,N/A,5,6,7,2 6,9,10,11,2 10,13,5 9,2 13,5 11,6 11,5 13
2 5 6 7 9 10 11 12 13,0.00882856,37.3189,Yes,N/A,2,N/A,N/A,5,6,7,2 6,9,10,11,12,13,2 12,2 13,5 11,5 12,5 13
2 5 6 7 8 10 12 13,0.0121457,32.0209,Yes,N/A,2,N/A,N/A,5,6,7,8,2 7,10,5 6,12,13,2 12,2 13,6 10,5 12,5 13
2 5 6 7 8 10 11 13,0.0136404,30.989,Yes,N/A,2,N/A,N/A,5,6,7,8,2 7,10,11,2 10,13,6 8,2 13,5 11,6 11,5 13
2 5 6 7 8 10 11 12 13,0.00945863,36.5299,Yes,N/A,2,N/A,N/A,5,6,7,8,2 7,10,11,12,13,2 12,2 13,5 11,5 12,5 13
2 5 6 7 8 9 11 13,0.0149102,30.1993,Yes,N/A,2,N/A,N/A,5,6,7,8,9,2 8,11,5 7,13,5 9,2 13,5 11,6 11,5 13
2 5 6 7 8 9 11 12 13,0.0100296,36.0546,Yes,N/A,2,N/A,N/A,5,6,7,8,9,2 8,11,12,13,2 12,2 13,5 11,5 12,5 13
2 5 6 7 8 9 10 12 13,0.0120444,32.9465,Yes,N/A,2,N/A,N/A,5,6,7,8,9,10,2 9,12,13,2 12,2 13,6 10,5 12,5 13
2 5 6 7 8 9 10 11 13,0.0137122,31.65,Yes,N/A,2,N/A,N/A,5,6,7,8,9,10,11,2 10,13,5 9,2 13,5 11,6 11,5 13
2 5 6 7 8 9 10 11 12 13,0.0103676,36.006,Yes,N/A,2,N/A,N/A,5,6,7,8,9,10,11,12,13,2 12,2 13,5 11,5 12,5 13
1 2 3,0.0509474,5.50919,Yes,N/A,2,3,1 3,2 3,1 2 3,N/A,N/A,N/A,N/A,N/A,N/A,N/A,N/A,N/A,N/A,N/A,N/A
2 3,0.0277778,4.84722,Yes,N/A,2,3,N/A,2 3,N/A,N/A,N/A,N/A,N/A,N/A,N/A,N/A,N/A,N/A,N/A,N/A,N/A
1 2 3 13,0.0161528,14.5927,Yes,N/A,2,3,1 3,2 3,1 2 3,N/A,N/A,N/A,N/A,N/A,N/A,13,1 13,2 13,3 13,1 3 13,2 3 13
1 2 3 12,0.0266064,12.1596,Yes,N/A,2,3,1 3,2 3,1 2 3,N/A,N/A,N/A,N/A,N/A,12,1 12,2 12,3 12,1 3 12,2 3 12,1 2 3 12
2 3 12,0.0209619,13.4874,Yes,N/A,2,3,N/A,2 3,N/A,N/A,N/A,N/A,N/A,N/A,12,N/A,2 12,3 12,N/A,2 3 12,N/A
1 2 3 12 13,0.0131954,23.412,Yes,N/A,2,3,1 3,2 3,1 2 3,N/A,N/A,N/A,N/A,N/A,12,13,1 13,2 13,3 13,1 3 13,2 3 13
2 3 13,0.0104595,15.3014,Yes,N/A,2,3,N/A,2 3,N/A,N/A,N/A,N/A,N/A,N/A,N/A,13,N/A,2 13,3 13,N/A,2 3 13
1 2 3 11,0.0411817,9.84645,Yes,N/A,2,3,1 3,2 3,1 2 3,N/A,N/A,N/A,N/A,11,1 11,2 11,3 11,1 3 11,2 3 11,1 2 3 11,N/A
2 3 11,0.0356224,11.7208,Yes,N/A,2,3,N/A,2 3,N/A,N/A,N/A,N/A,N/A,11,N/A,2 11,3 11,N/A,2 3 11,N/A,N/A
1 2 3 11 13,0.0197989,20.4131,Yes,N/A,2,3,1 3,2 3,1 2 3,N/A,N/A,N/A,N/A,11,1 11,13,1 13,2 13,3 13,1 3 13,2 3 13
1 2 3 11 12,0.0283684,19.0214,Yes,N/A,2,3,1 3,2 3,1 2 3,N/A,N/A,N/A,N/A,11,12,1 12,2 12,3 12,1 3 12,2 3 12,1 2 3 12
2 3 11 12,0.0266918,19.8758,Yes,N/A,2,3,N/A,2 3,N/A,N/A,N/A,N/A,N/A,11,12,2 11,2 12,3 12,2 3 11,2 3 12,N/A
1 2 3 11 12 13,0.0132698,30.2172,Yes,N/A,2,3,1 3,2 3,1 2 3,N/A,N/A,N/A,N/A,11,12,13,1 13,2 13,3 13,1 3 13,2 3 13
2 3 12 13,0.0119855,23.6986,Yes,N/A,2,3,N/A,2 3,N/A,N/A,N/A,N/A,N/A,N/A,12,13,2 12,2 13,3 13,2 3 12,2 3 13
1 2 3 10,0.0594716,7.83472,Yes,N/A,2,3,1 3,2 3,1 2 3,N/A,N/A,N/A,10,1 10,2 10,3 10,1 3 10,2 3 10,1 2 3 10,N/A,N/A
2 3 10,0.0543124,10.1824,Yes,N/A,2,3,N/A,2 3,N/A,N/A,N/A,N/A,10,N/A,2 10,3 10,N/A,2 3 10,N/A,N/A,N/A
1 2 3 10 13,0.0282679,17.6087,Yes,N/A,2,3,1 3,2 3,1 2 3,N/A,N/A,N/A,10,1 10,2 10,13,1 13,2 13,3 13,1 3 13,2 3 13
1 2 3 10 12,0.0393026,16.1041,Yes,N/A,2,3,1 3,2 3,1 2 3,N/A,N/A,N/A,10,1 10,12,1 12,2 12,3 12,1 3 12,2 3 12,1 2 3 12
2 3 10 12,0.0305305,19.3978,Yes,N/A,2,3,N/A,2 3,N/A,N/A,N/A,N/A,10,N/A,12,3 10,2 12,3 12,N/A,2 3 12,N/A
1 2 3 10 12 13,0.0181644,26.6742,Yes,N/A,2,3,1 3,2 3,1 2 3,N/A,N/A,N/A,10,1 10,12,13,1 13,2 13,3 13,1 3 13,2 3 13
2 3 10 13,0.0190883,21.4177,Yes,N/A,2,3,N/A,2 3,N/A,N/A,N/A,N/A,10,N/A,2 10,13,N/A,2 13,3 13,N/A,2 3 13
1 2 3 10 11,0.050836,14.9537,Yes,N/A,2,3,1 3,2 3,1 2 3,N/A,N/A,N/A,10,11,1 11,2 11,3 11,1 3 11,2 3 11,1 2 3 11,N/A
2 3 10 11,0.0473894,16.4081,Yes,N/A,2,3,N/A,2 3,N/A,N/A,N/A,N/A,10,11,2 10,2 11,3 11,2 3 10,2 3 11,N/A,N/A
1 2 3 10 11 13,0.0232973,25.1913,Yes,N/A,2,3,1 3,2 3,1 2 3,N/A,N/A,N/A,10,11,1 11,13,1 13,2 13,3 13,1 3 13,2 3 13
1 2 3 10 11 12,0.0298371,23.8625,Yes,N/A,2,3,1 3,2 3,1 2 3,N/A,N/A,N/A,10,11,12,1 12,2 12,3 12,1 3 12,2 3 12,1 2 3 12
2 3 10 11 12,0.0230102,25.6329,Yes,N/A,2,3,N/A,2 3,N/A,N/A,N/A,N/A,10,11,12,2 11,2 12,3 12,2 3 11,2 3 12,N/A
1 2 3 10 11 12 13,0.0143273,34.6213,Yes,N/A,2,3,1 3,2 3,1 2 3,N/A,N/A,N/A,10,11,12,13,1 13,2 13,3 13,1 3 13,2 3 13
2 3 11 13,0.0153062,22.8357,Yes,N/A,2,3,N/A,2 3,N/A,N/A,N/A,N/A,N/A,11,N/A,13,3 11,2 13,3 13,N/A,2 3 13
2 3 11 12 13,0.0104774,31.1435,Yes,N/A,2,3,N/A,2 3,N/A,N/A,N/A,N/A,N/A,11,12,13,2 12,2 13,3 13,2 3 12,2 3 13
1 2 3 9,0.0813475,6.26034,Yes,N/A,2,3,1 3,2 3,1 2 3,N/A,N/A,9,1 9,2 9,3 9,1 3 9,2 3 9,1 2 3 9,N/A,N/A,N/A
2 3 9,0.0770319,9.0099,Yes,N/A,2,3,N/A,2 3,N/A,N/A,N/A,9,N/A,2 9,3 9,N/A,2 3 9,N/A,N/A,N/A,N/A
1 2 3 9 13,0.038282,15.1458,Yes,N/A,2,3,1 3,2 3,1 2 3,N/A,N/A,9,1 9,2 9,3 9,13,1 13,2 13,3 13,1 3 13,2 3 13
1 2 3 9 12,0.0521288,13.5603,Yes,N/A,2,3,1 3,2 3,1 2 3,N/A,N/A,9,1 9,2 9,12,1 12,2 12,3 12,1 3 12,2 3 12,1 2 3 12
2 3 9 12,0.033722,18.4939,Yes,N/A,2,3,N/A,2 3,N/A,N/A,N/A,9,N/A,2 9,12,N/A,2 12,3 12,N/A,2 3 12,N/A
1 2 3 9 12 13,0.0235691,23.6281,Yes,N/A,2,3,1 3,2 3,1 2 3,N/A,N/A,9,1 9,2 9,12,13,1 13,2 13,3 13,1 3 13,2 3 13
2 3 9 13,0.0345978,17.9756,Yes,N/A,2,3,N/A,2 3,N/A,N/A,N/A,9,N/A,2 9,3 9,13,2 3 9,2 13,3 13,N/A,2 3 13
1 2 3 9 11,0.0650024,12.3816,Yes,N/A,2,3,1 3,2 3,1 2 3,N/A,N/A,9,1 9,11,1 11,2 11,3 11,1 3 11,2 3 11,1 2 3 11,N/A
2 3 9 11,0.0492371,16.4061,Yes,N/A,2,3,N/A,2 3,N/A,N/A,N/A,9,N/A,11,3 9,2 11,3 11,N/A,2 3 11,N/A,N/A
1 2 3 9 11 13,0.0304271,21.8513,Yes,N/A,2,3,1 3,2 3,1 2 3,N/A,N/A,9,1 9,11,1 11,13,1 13,2 13,3 13,1 3 13,2 3 13
1 2 3 9 11 12,0.0377175,20.4912,Yes,N/A,2,3,1 3,2 3,1 2 3,N/A,N/A,9,1 9,11,12,1 12,2 12,3 12,1 3 12,2 3 12,1 2 3 12
2 3 9 11 12,0.0218171,25.3163,Yes,N/A,2,3,N/A,2 3,N/A,N/A,N/A,9,N/A,11,12,2 11,2 12,3 12,2 3 11,2 3 12,N/A
1 2 3 9 11 12 13,0.0181896,30.5797,Yes,N/A,2,3,1 3,2 3,1 2 3,N/A,N/A,9,1 9,11,12,13,1 13,2 13,3 13,1 3 13,2 3 13
2 3 9 12 13,0.0157848,27.4265,Yes,N/A,2,3,N/A,2 3,N/A,N/A,N/A,9,N/A,2 9,12,13,2 12,2 13,3 13,2 3 12,2 3 13
1 2 3 9 10,0.0765131,11.6746,Yes,N/A,2,3,1 3,2 3,1 2 3,N/A,N/A,9,10,1 10,2 10,3 10,1 3 10,2 3 10,1 2 3 10,N/A,N/A
2 3 9 10,0.0689967,13.6104,Yes,N/A,2,3,N/A,2 3,N/A,N/A,N/A,9,10,2 9,2 10,3 10,2 3 9,2 3 10,N/A,N/A,N/A
1 2 3 9 10 13,0.0377024,20.3315,Yes,N/A,2,3,1 3,2 3,1 2 3,N/A,N/A,9,10,1 10,2 10,13,1 13,2 13,3 13,1 3 13,2 3 13
1 2 3 9 10 12,0.0439296,19.2941,Yes,N/A,2,3,1 3,2 3,1 2 3,N/A,N/A,9,10,1 10,12,1 12,2 12,3 12,1 3 12,2 3 12,1 2 3 12
2 3 9 10 12,0.0314887,22.5073,Yes,N/A,2,3,N/A,2 3,N/A,N/A,N/A,9,10,2 9,12,3 10,2 12,3 12,N/A,2 3 12,N/A
1 2 3 9 10 12 13,0.0216885,28.8577,Yes,N/A,2,3,1 3,2 3,1 2 3,N/A,N/A,9,10,1 10,12,13,1 13,2 13,3 13,1 3 13,2 3 13
2 3 9 10 13,0.0248846,23.6369,Yes,N/A,2,3,N/A,2 3,N/A,N/A,N/A,9,10,2 9,2 10,13,2 3 9,2 13,3 13,N/A,2 3 13
1 2 3 9 10 11,0.0506188,18.3541,Yes,N/A,2,3,1 3,2 3,1 2 3,N/A,N/A,9,10,11,1 11,2 11,3 11,1 3 11,2 3 11,1 2 3 11,N/A
2 3 9 10 11,0.0371485,20.9382,Yes,N/A,2,3,N/A,2 3,N/A,N/A,N/A,9,10,11,2 10,2 11,3 11,2 3 10,2 3 11,N/A,N/A
1 2 3 9 10 11 13,0.0259036,27.456,Yes,N/A,2,3,1 3,2 3,1 2 3,N/A,N/A,9,10,11,1 11,13,1 13,2 13,3 13,1 3 13,2 3 13
1 2 3 9 10 11 12,0.0298628,26.4793,Yes,N/A,2,3,1 3,2 3,1 2 3,N/A,N/A,9,10,11,12,1 12,2 12,3 12,1 3 12,2 3 12,1 2 3 12
2 3 9 10 11 12,0.0188069,29.6388,Yes,N/A,2,3,N/A,2 3,N/A,N/A,N/A,9,10,11,12,2 11,2 12,3 12,2 3 11,2 3 12,N/A
1 2 3 9 10 11 12 13,0.01619,36.1341,Yes,N/A,2,3,1 3,2 3,1 2 3,N/A,N/A,9,10,11,12,13,1 13,2 13,3 13,1 3 13,2 3 13
2 3 10 12 13,0.0110546,30.3922,Yes,N/A,2,3,N/A,2 3,N/A,N/A,N/A,N/A,10,N/A,12,13,2 12,2 13,3 13,2 3 12,2 3 13
2 3 10 11 13,0.0175804,27.3169,Yes,N/A,2,3,N/A,2 3,N/A,N/A,N/A,N/A,10,11,2 10,13,3 11,2 13,3 13,N/A,2 3 13
2 3 10 11 12 13,0.00952029,36.6107,Yes,N/A,2,3,N/A,2 3,N/A,N/A,N/A,N/A,10,11,12,13,2 12,2 13,3 13,2 3 12,2 3 13
1 2 3 8,0.106809,5.21641,Yes,N/A,2,3,1 3,2 3,1 2 3,N/A,8,1 8,2 8,3 8,1 3 8,2 3 8,1 2 3 8,N/A,N/A,N/A,N/A
2 3 8,0.103781,8.13297,Yes,N/A,2,3,N/A,2 3,N/A,N/A,8,N/A,2 8,3 8,N/A,2 3 8,N/A,N/A,N/A,N/A,N/A
1 2 3 8 13,0.0486787,13.3035,Yes,N/A,2,3,1 3,2 3,1 2 3,N/A,8,1 8,2 8,3 8,1 3 8,13,1 13,2 13,3 13,1 3 13,2 3 13
1 2 3 8 12,0.0655125,11.494,Yes,N/A,2,3,1 3,2 3,1 2 3,N/A,8,1 8,2 8,3 8,12,1 12,2 12,3 12,1 3 12,2 3 12,1 2 3 12
2 3 8 12,0.0566058,14.9453,Yes,N/A,2,3,N/A,2 3,N/A,N/A,8,N/A,2 8,3 8,12,2 3 8,2 12,3 12,N/A,2 3 12,N/A
1 2 3 8 12 13,0.0310951,20.9142,Yes,N/A,2,3,1 3,2 3,1 2 3,N/A,8,1 8,2 8,3 8,12,13,1 13,2 13,3 13,1 3 13,2 3 13
2 3 8 13,0.0309089,18.518,Yes,N/A,2,3,N/A,2 3,N/A,N/A,8,N/A,2 8,3 8,N/A,13,N/A,2 13,3 13,N/A,2 3 13
1 2 3 8 11,0.0797437,10.3427,Yes,N/A,2,3,1 3,2 3,1 2 3,N/A,8,1 8,2 8,11,1 11,2 11,3 11,1 3 11,2 3 11,1 2 3 11,N/A
2 3 8 11,0.04979,15.9784,Yes,N/A,2,3,N/A,2 3,N/A,N/A,8,N/A,2 8,11,N/A,2 11,3 11,N/A,2 3 11,N/A,N/A
1 2 3 8 11 13,0.035573,19.4179,Yes,N/A,2,3,1 3,2 3,1 2 3,N/A,8,1 8,2 8,11,1 11,13,1 13,2 13,3 13,1 3 13,2 3 13
1 2 3 8 11 12,0.0449584,17.8969,Yes,N/A,2,3,1 3,2 3,1 2 3,N/A,8,1 8,2 8,11,12,1 12,2 12,3 12,1 3 12,2 3 12,1 2 3 12
2 3 8 11 12,0.028328,22.5705,Yes,N/A,2,3,N/A,2 3,N/A,N/A,8,N/A,2 8,11,12,2 11,2 12,3 12,2 3 11,2 3 12,N/A
1 2 3 8 11 12 13,0.0224786,27.2432,Yes,N/A,2,3,1 3,2 3,1 2 3,N/A,8,1 8,2 8,11,12,13,1 13,2 13,3 13,1 3 13,2 3 13
2 3 8 12 13,0.0208933,24.8727,Yes,N/A,2,3,N/A,2 3,N/A,N/A,8,N/A,2 8,3 8,12,13,2 12,2 13,3 13,2 3 12,2 3 13
1 2 3 8 10,0.0905138,9.58157,Yes,N/A,2,3,1 3,2 3,1 2 3,N/A,8,1 8,10,1 10,2 10,3 10,1 3 10,2 3 10,1 2 3 10,N/A,8 10
2 3 8 10,0.065055,14.0384,Yes,N/A,2,3,N/A,2 3,N/A,N/A,8,N/A,10,3 8,2 10,3 10,N/A,2 3 10,N/A,N/A,8 10
1 2 3 8 10 13,0.0432201,17.9505,Yes,N/A,2,3,1 3,2 3,1 2 3,N/A,8,1 8,10,1 10,2 10,13,1 13,2 13,3 13,1 3 13,2 3 13
1 2 3 8 10 12,0.0530571,16.3753,Yes,N/A,2,3,1 3,2 3,1 2 3,N/A,8,1 8,10,1 10,12,1 12,2 12,3 12,1 3 12,2 3 12,1 2 3 12
2 3 8 10 12,0.0316514,21.9693,Yes,N/A,2,3,N/A,2 3,N/A,N/A,8,N/A,10,3 8,12,3 10,2 12,3 12,N/A,2 3 12,8 10
1 2 3 8 10 12 13,0.0261118,25.4376,Yes,N/A,2,3,1 3,2 3,1 2 3,N/A,8,1 8,10,1 10,12,13,1 13,2 13,3 13,1 3 13,2 3 13
2 3 8 10 13,0.0235965,24.4159,Yes,N/A,2,3,N/A,2 3,N/A,N/A,8,N/A,10,3 8,2 10,13,N/A,2 13,3 13,N/A,2 3 13
1 2 3 8 10 11,0.0593418,15.3842,Yes,N/A,2,3,1 3,2 3,1 2 3,N/A,8,1 8,10,11,1 11,2 11,3 11,1 3 11,2 3 11,1 2 3 11,8 10
2 3 8 10 11,0.0324168,20.9357,Yes,N/A,2,3,N/A,2 3,N/A,N/A,8,N/A,10,11,2 10,2 11,3 11,2 3 10,2 3 11,N/A,8 10
1 2 3 8 10 11 13,0.0295495,24.215,Yes,N/A,2,3,1 3,2 3,1 2 3,N/A,8,1 8,10,11,1 11,13,1 13,2 13,3 13,1 3 13,2 3 13
1 2 3 8 10 11 12,0.0351244,22.8015,Yes,N/A,2,3,1 3,2 3,1 2 3,N/A,8,1 8,10,11,12,1 12,2 12,3 12,1 3 12,2 3 12,1 2 3 12
2 3 8 10 11 12,0.0186162,29.0233,Yes,N/A,2,3,N/A,2 3,N/A,N/A,8,N/A,10,11,12,2 11,2 12,3 12,2 3 11,2 3 12,8 10
1 2 3 8 10 11 12 13,0.0192659,31.7421,Yes,N/A,2,3,1 3,2 3,1 2 3,N/A,8,1 8,10,11,12,13,1 13,2 13,3 13,1 3 13,2 3 13
2 3 8 11 13,0.0182409,26.2884,Yes,N/A,2,3,N/A,2 3,N/A,N/A,8,N/A,2 8,11,N/A,13,3 11,2 13,3 13,N/A,2 3 13
2 3 8 11 12 13,0.012091,32.8267,Yes,N/A,2,3,N/A,2 3,N/A,N/A,8,N/A,2 8,11,12,13,2 12,2 13,3 13,2 3 12,2 3 13
1 2 3 8 9,0.0985527,9.15735,Yes,N/A,2,3,1 3,2 3,1 2 3,N/A,8,9,1 9,2 9,3 9,1 3 9,2 3 9,1 2 3 9,N/A,8 9,1 8 9
2 3 8 9,0.0839549,11.436,Yes,N/A,2,3,N/A,2 3,N/A,N/A,8,9,2 8,2 9,3 9,2 3 8,2 3 9,N/A,N/A,8 9,N/A
1 2 3 8 9 13,0.0514175,16.5495,Yes,N/A,2,3,1 3,2 3,1 2 3,N/A,8,9,1 9,2 9,3 9,13,1 13,2 13,3 13,1 3 13,2 3 13
1 2 3 8 9 12,0.060621,15.1433,Yes,N/A,2,3,1 3,2 3,1 2 3,N/A,8,9,1 9,2 9,12,1 12,2 12,3 12,1 3 12,2 3 12,1 2 3 12
2 3 8 9 12,0.0369895,19.5568,Yes,N/A,2,3,N/A,2 3,N/A,N/A,8,9,2 8,2 9,12,2 3 8,2 12,3 12,N/A,2 3 12,N/A
1 2 3 8 9 12 13,0.0307191,23.7748,Yes,N/A,2,3,1 3,2 3,1 2 3,N/A,8,9,1 9,2 9,12,13,1 13,2 13,3 13,1 3 13,2 3 13
2 3 8 9 13,0.0322176,20.1035,Yes,N/A,2,3,N/A,2 3,N/A,N/A,8,9,2 8,2 9,3 9,13,2 3 9,2 13,3 13,8 9,2 3 13
1 2 3 8 9 11,0.0638351,14.5366,Yes,N/A,2,3,1 3,2 3,1 2 3,N/A,8,9,1 9,11,1 11,2 11,3 11,1 3 11,2 3 11,1 2 3 11,1 8 9
2 3 8 9 11,0.0432176,18.4909,Yes,N/A,2,3,N/A,2 3,N/A,N/A,8,9,2 8,11,3 9,2 11,3 11,N/A,2 3 11,8 9,N/A
1 2 3 8 9 11 13,0.0333852,22.6724,Yes,N/A,2,3,1 3,2 3,1 2 3,N/A,8,9,1 9,11,1 11,13,1 13,2 13,3 13,1 3 13,2 3 13
1 2 3 8 9 11 12,0.0389512,21.3428,Yes,N/A,2,3,1 3,2 3,1 2 3,N/A,8,9,1 9,11,12,1 12,2 12,3 12,1 3 12,2 3 12,1 2 3 12
2 3 8 9 11 12,0.0219391,26.1798,Yes,N/A,2,3,N/A,2 3,N/A,N/A,8,9,2 8,11,12,2 11,2 12,3 12,2 3 11,2 3 12,N/A
1 2 3 8 9 11 12 13,0.0216259,29.9037,Yes,N/A,2,3,1 3,2 3,1 2 3,N/A,8,9,1 9,11,12,13,1 13,2 13,3 13,1 3 13,2 3 13
2 3 8 9 12 13,0.0172234,28.1941,Yes,N/A,2,3,N/A,2 3,N/A,N/A,8,9,2 8,2 9,12,13,2 12,2 13,3 13,2 3 12,2 3 13
1 2 3 8 9 10,0.0680632,13.8033,Yes,N/A,2,3,1 3,2 3,1 2 3,N/A,8,9,10,1 10,2 10,3 10,1 3 10,2 3 10,1 2 3 10,8 9,8 10
2 3 8 9 10,0.0475194,17.0278,Yes,N/A,2,3,N/A,2 3,N/A,N/A,8,9,10,2 9,2 10,3 10,2 3 9,2 3 10,N/A,8 9,8 10
1 2 3 8 9 10 13,0.0384565,21.2379,Yes,N/A,2,3,1 3,2 3,1 2 3,N/A,8,9,10,1 10,2 10,13,1 13,2 13,3 13,1 3 13,2 3 13
1 2 3 8 9 10 12,0.0428803,20.2787,Yes,N/A,2,3,1 3,2 3,1 2 3,N/A,8,9,10,1 10,12,1 12,2 12,3 12,1 3 12,2 3 12,1 2 3 12
2 3 8 9 10 12,0.0258208,24.8617,Yes,N/A,2,3,N/A,2 3,N/A,N/A,8,9,10,2 9,12,3 10,2 12,3 12,N/A,2 3 12,8 10
1 2 3 8 9 10 12 13,0.0244191,28.3621,Yes,N/A,2,3,1 3,2 3,1 2 3,N/A,8,9,10,1 10,12,13,1 13,2 13,3 13,1 3 13,2 3 13
2 3 8 9 10 13,0.0208346,26.1148,Yes,N/A,2,3,N/A,2 3,N/A,N/A,8,9,10,2 9,2 10,13,2 3 9,2 13,3 13,8 9,2 3 13
1 2 3 8 9 10 11,0.0452791,19.7339,Yes,N/A,2,3,1 3,2 3,1 2 3,N/A,8,9,10,11,1 11,2 11,3 11,1 3 11,2 3 11,1 2 3 11,8 10
2 3 8 9 10 11,0.0278896,23.5183,Yes,N/A,2,3,N/A,2 3,N/A,N/A,8,9,10,11,2 10,2 11,3 11,2 3 10,2 3 11,8 9,8 10
1 2 3 8 9 10 11 13,0.026734,27.3237,Yes,N/A,2,3,1 3,2 3,1 2 3,N/A,8,9,10,11,1 11,13,1 13,2 13,3 13,1 3 13,2 3 13
1 2 3 8 9 10 11 12,0.0299029,26.4283,Yes,N/A,2,3,1 3,2 3,1 2 3,N/A,8,9,10,11,12,1 12,2 12,3 12,1 3 12,2 3 12,1 2 3 12
2 3 8 9 10 11 12,0.0166916,31.1218,Yes,N/A,2,3,N/A,2 3,N/A,N/A,8,9,10,11,12,2 11,2 12,3 12,2 3 11,2 3 12,8 10
1 2 3 8 9 10 11 12 13,0.0186913,34.3447,Yes,N/A,2,3,1 3,2 3,1 2 3,N/A,8,9,10,11,12,13,1 13,2 13,3 13,1 3 13,2 3 13
2 3 9 11 13,0.0193338,26.5548,Yes,N/A,2,3,N/A,2 3,N/A,N/A,N/A,9,N/A,11,3 9,13,3 11,2 13,3 13,N/A,2 3 13
2 3 9 11 12 13,0.0101639,35.7699,Yes,N/A,2,3,N/A,2 3,N/A,N/A,N/A,9,N/A,11,12,13,2 12,2 13,3 13,2 3 12,2 3 13
2 3 9 10 12 13,0.0130463,32.3863,Yes,N/A,2,3,N/A,2 3,N/A,N/A,N/A,9,10,2 9,12,13,2 12,2 13,3 13,2 3 12,2 3 13
2 3 9 10 11 13,0.0165157,30.8374,Yes,N/A,2,3,N/A,2 3,N/A,N/A,N/A,9,10,11,2 10,13,3 11,2 13,3 13,N/A,2 3 13
2 3 9 10 11 12 13,0.00943805,39.5749,Yes,N/A,2,3,N/A,2 3,N/A,N/A,N/A,9,10,11,12,13,2 12,2 13,3 13,2 3 12,2 3 13
1 2 3 7,0.133542,4.75668,Yes,N/A,2,3,1 3,2 3,1 2 3,7,1 7,2 7,3 7,1 3 7,2 3 7,1 2 3 7,N/A,N/A,N/A,N/A,N/A
2 3 7,0.12067,7.64776,Yes,N/A,2,3,N/A,2 3,N/A,7,N/A,2 7,3 7,N/A,2 3 7,N/A,N/A,N/A,N/A,N/A,N/A
1 2 3 7 13,0.0614756,11.9448,Yes,N/A,2,3,1 3,2 3,1 2 3,7,1 7,2 7,3 7,1 3 7,2 3 7,13,1 13,2 13,3 13,1 3 13,2 3 13
1 2 3 7 12,0.0765003,10.2547,Yes,N/A,2,3,1 3,2 3,1 2 3,7,1 7,2 7,3 7,1 3 7,12,1 12,2 12,3 12,1 3 12,2 3 12,1 2 3 12
2 3 7 12,0.0452484,16.2153,Yes,N/A,2,3,N/A,2 3,N/A,7,N/A,2 7,3 7,N/A,12,N/A,2 12,3 12,N/A,2 3 12,N/A
1 2 3 7 12 13,0.0350483,19.3773,Yes,N/A,2,3,1 3,2 3,1 2 3,7,1 7,2 7,3 7,1 3 7,12,13,1 13,2 13,3 13,1 3 13,2 3 13
2 3 7 13,0.0426794,16.7962,Yes,N/A,2,3,N/A,2 3,N/A,7,N/A,2 7,3 7,N/A,2 3 7,13,N/A,2 13,3 13,N/A,2 3 13
1 2 3 7 11,0.0924546,8.8004,Yes,N/A,2,3,1 3,2 3,1 2 3,7,1 7,2 7,3 7,11,1 11,2 11,3 11,1 3 11,2 3 11,1 2 3 11,7 11
2 3 7 11,0.0754672,12.5658,Yes,N/A,2,3,N/A,2 3,N/A,7,N/A,2 7,3 7,11,2 3 7,2 11,3 11,N/A,2 3 11,N/A,7 11
1 2 3 7 11 13,0.0451724,17.0967,Yes,N/A,2,3,1 3,2 3,1 2 3,7,1 7,2 7,3 7,11,1 11,13,1 13,2 13,3 13,1 3 13,2 3 13
1 2 3 7 11 12,0.0544017,15.6751,Yes,N/A,2,3,1 3,2 3,1 2 3,7,1 7,2 7,3 7,11,12,1 12,2 12,3 12,1 3 12,2 3 12,1 2 3 12
2 3 7 11 12,0.0338928,20.3031,Yes,N/A,2,3,N/A,2 3,N/A,7,N/A,2 7,3 7,11,12,2 11,2 12,3 12,2 3 11,2 3 12,7 11
1 2 3 7 11 12 13,0.0268887,24.7856,Yes,N/A,2,3,1 3,2 3,1 2 3,7,1 7,2 7,3 7,11,12,13,1 13,2 13,3 13,1 3 13,2 3 13
2 3 7 12 13,0.0201013,24.9518,Yes,N/A,2,3,N/A,2 3,N/A,7,N/A,2 7,3 7,N/A,12,13,2 12,2 13,3 13,2 3 12,2 3 13
1 2 3 7 10,0.102719,7.97111,Yes,N/A,2,3,1 3,2 3,1 2 3,7,1 7,2 7,10,1 10,2 10,3 10,1 3 10,2 3 10,1 2 3 10,7 10,1 7 10
2 3 7 10,0.0607139,13.8561,Yes,N/A,2,3,N/A,2 3,N/A,7,N/A,2 7,10,N/A,2 10,3 10,N/A,2 3 10,N/A,7 10,N/A
1 2 3 7 10 13,0.0483833,16.1518,Yes,N/A,2,3,1 3,2 3,1 2 3,7,1 7,2 7,10,1 10,2 10,13,1 13,2 13,3 13,1 3 13,2 3 13
1 2 3 7 10 12,0.0568969,14.6672,Yes,N/A,2,3,1 3,2 3,1 2 3,7,1 7,2 7,10,1 10,12,1 12,2 12,3 12,1 3 12,2 3 12,1 2 3 12
2 3 7 10 12,0.0272448,22.3537,Yes,N/A,2,3,N/A,2 3,N/A,7,N/A,2 7,10,N/A,12,3 10,2 12,3 12,N/A,2 3 12,N/A
1 2 3 7 10 12 13,0.0285437,23.2059,Yes,N/A,2,3,1 3,2 3,1 2 3,7,1 7,2 7,10,1 10,12,13,1 13,2 13,3 13,1 3 13,2 3 13
2 3 7 10 13,0.0209809,24.3224,Yes,N/A,2,3,N/A,2 3,N/A,7,N/A,2 7,10,N/A,2 10,13,N/A,2 13,3 13,7 10,2 3 13
1 2 3 7 10 11,0.0651739,13.4676,Yes,N/A,2,3,1 3,2 3,1 2 3,7,1 7,2 7,10,11,1 11,2 11,3 11,1 3 11,2 3 11,1 2 3 11,7 11
2 3 7 10 11,0.0390068,18.3028,Yes,N/A,2,3,N/A,2 3,N/A,7,N/A,2 7,10,11,2 10,2 11,3 11,2 3 10,2 3 11,7 10,7 11
1 2 3 7 10 11 13,0.0334589,21.6594,Yes,N/A,2,3,1 3,2 3,1 2 3,7,1 7,2 7,10,11,1 11,13,1 13,2 13,3 13,1 3 13,2 3 13
1 2 3 7 10 11 12,0.0401498,20.0712,Yes,N/A,2,3,1 3,2 3,1 2 3,7,1 7,2 7,10,11,12,1 12,2 12,3 12,1 3 12,2 3 12,1 2 3 12
2 3 7 10 11 12,0.0204622,26.5385,Yes,N/A,2,3,N/A,2 3,N/A,7,N/A,2 7,10,11,12,2 11,2 12,3 12,2 3 11,2 3 12,7 11
1 2 3 7 10 11 12 13,0.0221083,28.542,Yes,N/A,2,3,1 3,2 3,1 2 3,7,1 7,2 7,10,11,12,13,1 13,2 13,3 13,1 3 13,2 3 13
2 3 7 11 13,0.0270055,22.2374,Yes,N/A,2,3,N/A,2 3,N/A,7,N/A,2 7,3 7,11,2 3 7,13,3 11,2 13,3 13,N/A,2 3 13
2 3 7 11 12 13,0.0149386,30.0212,Yes,N/A,2,3,N/A,2 3,N/A,7,N/A,2 7,3 7,11,12,13,2 12,2 13,3 13,2 3 12,2 3 13
1 2 3 7 9,0.107509,7.39779,Yes,N/A,2,3,1 3,2 3,1 2 3,7,1 7,9,1 9,2 9,3 9,1 3 9,2 3 9,1 2 3 9,7 9,1 7 9,2 7 9
2 3 7 9,0.0710397,12.143,Yes,N/A,2,3,N/A,2 3,N/A,7,N/A,9,3 7,2 9,3 9,N/A,2 3 9,N/A,7 9,N/A,2 7 9
1 2 3 7 9 13,0.055874,14.6896,Yes,N/A,2,3,1 3,2 3,1 2 3,7,1 7,9,1 9,2 9,3 9,13,1 13,2 13,3 13,1 3 13,2 3 13
1 2 3 7 9 12,0.0634074,13.5305,Yes,N/A,2,3,1 3,2 3,1 2 3,7,1 7,9,1 9,2 9,12,1 12,2 12,3 12,1 3 12,2 3 12,1 2 3 12
2 3 7 9 12,0.0325054,20.3591,Yes,N/A,2,3,N/A,2 3,N/A,7,N/A,9,3 7,2 9,12,N/A,2 12,3 12,7 9,2 3 12,2 7 9
1 2 3 7 9 12 13,0.0325729,21.5773,Yes,N/A,2,3,1 3,2 3,1 2 3,7,1 7,9,1 9,2 9,12,13,1 13,2 13,3 13,1 3 13,2 3 13
2 3 7 9 13,0.0300976,20.205,Yes,N/A,2,3,N/A,2 3,N/A,7,N/A,9,3 7,2 9,3 9,13,2 3 9,2 13,3 13,N/A,2 3 13
1 2 3 7 9 11,0.0713204,12.2524,Yes,N/A,2,3,1 3,2 3,1 2 3,7,1 7,9,1 9,11,1 11,2 11,3 11,1 3 11,2 3 11,1 2 3 11,7 11
2 3 7 9 11,0.0396474,18.5244,Yes,N/A,2,3,N/A,2 3,N/A,7,N/A,9,3 7,11,3 9,2 11,3 11,N/A,2 3 11,N/A,7 11
1 2 3 7 9 11 13,0.0378685,19.9028,Yes,N/A,2,3,1 3,2 3,1 2 3,7,1 7,9,1 9,11,1 11,13,1 13,2 13,3 13,1 3 13,2 3 13
1 2 3 7 9 11 12,0.0433917,18.6569,Yes,N/A,2,3,1 3,2 3,1 2 3,7,1 7,9,1 9,11,12,1 12,2 12,3 12,1 3 12,2 3 12,1 2 3 12
2 3 7 9 11 12,0.0217923,25.8176,Yes,N/A,2,3,N/A,2 3,N/A,7,N/A,9,3 7,11,12,2 11,2 12,3 12,2 3 11,2 3 12,7 11
1 2 3 7 9 11 12 13,0.0243441,26.6456,Yes,N/A,2,3,1 3,2 3,1 2 3,7,1 7,9,1 9,11,12,13,1 13,2 13,3 13,1 3 13,2 3 13
2 3 7 9 12 13,0.0164093,28.1546,Yes,N/A,2,3,N/A,2 3,N/A,7,N/A,9,3 7,2 9,12,13,2 12,2 13,3 13,2 3 12,2 3 13
1 2 3 7 9 10,0.0740147,11.6343,Yes,N/A,2,3,1 3,2 3,1 2 3,7,1 7,9,10,1 10,2 10,3 10,1 3 10,2 3 10,1 2 3 10,7 10,1 7 10
2 3 7 9 10,0.0409057,16.7882,Yes,N/A,2,3,N/A,2 3,N/A,7,N/A,9,10,2 9,2 10,3 10,2 3 9,2 3 10,7 9,7 10,2 7 9
1 2 3 7 9 10 13,0.041117,18.673,Yes,N/A,2,3,1 3,2 3,1 2 3,7,1 7,9,10,1 10,2 10,13,1 13,2 13,3 13,1 3 13,2 3 13
1 2 3 7 9 10 12,0.0459083,17.7743,Yes,N/A,2,3,1 3,2 3,1 2 3,7,1 7,9,10,1 10,12,1 12,2 12,3 12,1 3 12,2 3 12,1 2 3 12
2 3 7 9 10 12,0.022237,24.9907,Yes,N/A,2,3,N/A,2 3,N/A,7,N/A,9,10,2 9,12,3 10,2 12,3 12,7 9,2 3 12,2 7 9
1 2 3 7 9 10 12 13,0.0260373,25.2905,Yes,N/A,2,3,1 3,2 3,1 2 3,7,1 7,9,10,1 10,12,13,1 13,2 13,3 13,1 3 13,2 3 13
2 3 7 9 10 13,0.0180248,26.5612,Yes,N/A,2,3,N/A,2 3,N/A,7,N/A,9,10,2 9,2 10,13,2 3 9,2 13,3 13,7 10,2 3 13
1 2 3 7 9 10 11,0.0505284,16.7537,Yes,N/A,2,3,1 3,2 3,1 2 3,7,1 7,9,10,11,1 11,2 11,3 11,1 3 11,2 3 11,1 2 3 11,7 11
2 3 7 9 10 11,0.0268678,23.2726,Yes,N/A,2,3,N/A,2 3,N/A,7,N/A,9,10,11,2 10,2 11,3 11,2 3 10,2 3 11,7 10,7 11
1 2 3 7 9 10 11 13,0.0295734,23.9753,Yes,N/A,2,3,1 3,2 3,1 2 3,7,1 7,9,10,11,1 11,13,1 13,2 13,3 13,1 3 13,2 3 13
1 2 3 7 9 10 11 12,0.0337181,22.7652,Yes,N/A,2,3,1 3,2 3,1 2 3,7,1 7,9,10,11,12,1 12,2 12,3 12,1 3 12,2 3 12,1 2 3 12
2 3 7 9 10 11 12,0.0157945,31.2841,Yes,N/A,2,3,N/A,2 3,N/A,7,N/A,9,10,11,12,2 11,2 12,3 12,2 3 11,2 3 12,7 11
1 2 3 7 9 10 11 12 13,0.0209127,30.0573,Yes,N/A,2,3,1 3,2 3,1 2 3,7,1 7,9,10,11,12,13,1 13,2 13,3 13,1 3 13,2 3 13
2 3 7 10 12 13,0.0114802,32.4925,Yes,N/A,2,3,N/A,2 3,N/A,7,N/A,2 7,10,N/A,12,13,2 12,2 13,3 13,2 3 12,2 3 13
2 3 7 10 11 13,0.017033,28.0458,Yes,N/A,2,3,N/A,2 3,N/A,7,N/A,2 7,10,11,2 10,13,3 11,2 13,3 13,7 10,2 3 13
2 3 7 10 11 12 13,0.0101481,36.258,Yes,N/A,2,3,N/A,2 3,N/A,7,N/A,2 7,10,11,12,13,2 12,2 13,3 13,2 3 12,2 3 13
1 2 3 7 8,0.108816,6.97071,Yes,N/A,2,3,1 3,2 3,1 2 3,7,8,1 8,2 8,3 8,1 3 8,2 3 8,1 2 3 8,7 8,1 7 8,2 7 8,3 7 8
2 3 7 8,0.084948,9.60284,Yes,N/A,2,3,N/A,2 3,N/A,7,8,2 7,2 8,3 8,2 3 7,2 3 8,N/A,7 8,N/A,2 7 8,3 7 8
1 2 3 7 8 13,0.0565294,14.3611,Yes,N/A,2,3,1 3,2 3,1 2 3,7,8,1 8,2 8,3 8,1 3 8,13,1 13,2 13,3 13,1 3 13,2 3 13
1 2 3 7 8 12,0.0703931,12.368,Yes,N/A,2,3,1 3,2 3,1 2 3,7,8,1 8,2 8,3 8,12,1 12,2 12,3 12,1 3 12,2 3 12,1 2 3 12
2 3 7 8 12,0.0406034,16.9707,Yes,N/A,2,3,N/A,2 3,N/A,7,8,2 7,2 8,3 8,12,2 3 8,2 12,3 12,N/A,2 3 12,3 7 8
1 2 3 7 8 12 13,0.0360558,20.4087,Yes,N/A,2,3,1 3,2 3,1 2 3,7,8,1 8,2 8,3 8,12,13,1 13,2 13,3 13,1 3 13,2 3 13
2 3 7 8 13,0.0321568,19.1696,Yes,N/A,2,3,N/A,2 3,N/A,7,8,2 7,2 8,3 8,2 3 7,13,N/A,2 13,3 13,2 7 8,2 3 13
1 2 3 7 8 11,0.0763202,11.3116,Yes,N/A,2,3,1 3,2 3,1 2 3,7,8,1 8,2 8,11,1 11,2 11,3 11,1 3 11,2 3 11,1 2 3 11,7 11
2 3 7 8 11,0.0464871,15.346,Yes,N/A,2,3,N/A,2 3,N/A,7,8,2 7,2 8,11,2 3 7,2 11,3 11,7 8,2 3 11,2 7 8,7 11
1 2 3 7 8 11 13,0.0409254,18.6697,Yes,N/A,2,3,1 3,2 3,1 2 3,7,8,1 8,2 8,11,1 11,13,1 13,2 13,3 13,1 3 13,2 3 13
1 2 3 7 8 11 12,0.0480403,17.2825,Yes,N/A,2,3,1 3,2 3,1 2 3,7,8,1 8,2 8,11,12,1 12,2 12,3 12,1 3 12,2 3 12,1 2 3 12
2 3 7 8 11 12,0.0256683,22.687,Yes,N/A,2,3,N/A,2 3,N/A,7,8,2 7,2 8,11,12,2 11,2 12,3 12,2 3 11,2 3 12,7 11
1 2 3 7 8 11 12 13,0.0269306,25.0832,Yes,N/A,2,3,1 3,2 3,1 2 3,7,8,1 8,2 8,11,12,13,1 13,2 13,3 13,1 3 13,2 3 13
2 3 7 8 12 13,0.0189193,25.4071,Yes,N/A,2,3,N/A,2 3,N/A,7,8,2 7,2 8,3 8,12,13,2 12,2 13,3 13,2 3 12,2 3 13
1 2 3 7 8 10,0.0764764,10.9337,Yes,N/A,2,3,1 3,2 3,1 2 3,7,8,1 8,10,1 10,2 10,3 10,1 3 10,2 3 10,1 2 3 10,7 10,8 10
2 3 7 8 10,0.0486401,15.8598,Yes,N/A,2,3,N/A,2 3,N/A,7,8,2 7,10,3 8,2 10,3 10,N/A,2 3 10,N/A,7 10,8 10
1 2 3 7 8 10 13,0.0423869,18.0189,Yes,N/A,2,3,1 3,2 3,1 2 3,7,8,1 8,10,1 10,2 10,13,1 13,2 13,3 13,1 3 13,2 3 13
1 2 3 7 8 10 12,0.0493109,16.6542,Yes,N/A,2,3,1 3,2 3,1 2 3,7,8,1 8,10,1 10,12,1 12,2 12,3 12,1 3 12,2 3 12,1 2 3 12
2 3 7 8 10 12,0.0271201,22.5745,Yes,N/A,2,3,N/A,2 3,N/A,7,8,2 7,10,3 8,12,3 10,2 12,3 12,N/A,2 3 12,8 10
1 2 3 7 8 10 12 13,0.0276882,24.2093,Yes,N/A,2,3,1 3,2 3,1 2 3,7,8,1 8,10,1 10,12,13,1 13,2 13,3 13,1 3 13,2 3 13
2 3 7 8 10 13,0.0211182,25.0774,Yes,N/A,2,3,N/A,2 3,N/A,7,8,2 7,10,3 8,2 10,13,N/A,2 13,3 13,7 10,2 3 13
1 2 3 7 8 10 11,0.0540008,15.6082,Yes,N/A,2,3,1 3,2 3,1 2 3,7,8,1 8,10,11,1 11,2 11,3 11,1 3 11,2 3 11,1 2 3 11,7 11
2 3 7 8 10 11,0.0304807,20.9121,Yes,N/A,2,3,N/A,2 3,N/A,7,8,2 7,10,11,2 10,2 11,3 11,2 3 10,2 3 11,7 10,7 11
1 2 3 7 8 10 11 13,0.0313744,22.6639,Yes,N/A,2,3,1 3,2 3,1 2 3,7,8,1 8,10,11,1 11,13,1 13,2 13,3 13,1 3 13,2 3 13
1 2 3 7 8 10 11 12,0.036192,21.2746,Yes,N/A,2,3,1 3,2 3,1 2 3,7,8,1 8,10,11,12,1 12,2 12,3 12,1 3 12,2 3 12,1 2 3 12
2 3 7 8 10 11 12,0.0185387,27.756,Yes,N/A,2,3,N/A,2 3,N/A,7,8,2 7,10,11,12,2 11,2 12,3 12,2 3 11,2 3 12,7 11
1 2 3 7 8 10 11 12 13,0.0222921,28.4388,Yes,N/A,2,3,1 3,2 3,1 2 3,7,8,1 8,10,11,12,13,1 13,2 13,3 13,1 3 13,2 3 13
2 3 7 8 11 13,0.0200211,24.8425,Yes,N/A,2,3,N/A,2 3,N/A,7,8,2 7,2 8,11,2 3 7,13,3 11,2 13,3 13,2 7 8,2 3 13
2 3 7 8 11 12 13,0.0130131,31.3038,Yes,N/A,2,3,N/A,2 3,N/A,7,8,2 7,2 8,11,12,13,2 12,2 13,3 13,2 3 12,2 3 13
1 2 3 7 8 9,0.0788647,10.4317,Yes,N/A,2,3,1 3,2 3,1 2 3,7,8,9,1 9,2 9,3 9,1 3 9,2 3 9,1 2 3 9,7 9,8 9,1 8 9
2 3 7 8 9,0.0582708,13.2255,Yes,N/A,2,3,N/A,2 3,N/A,7,8,9,2 8,2 9,3 9,2 3 8,2 3 9,7 8,7 9,8 9,2 7 9
1 2 3 7 8 9 13,0.0464069,16.8444,Yes,N/A,2,3,1 3,2 3,1 2 3,7,8,9,1 9,2 9,3 9,13,1 13,2 13,3 13,1 3 13,2 3 13
1 2 3 7 8 9 12,0.0541245,15.4927,Yes,N/A,2,3,1 3,2 3,1 2 3,7,8,9,1 9,2 9,12,1 12,2 12,3 12,1 3 12,2 3 12,1 2 3 12
2 3 7 8 9 12,0.0300675,21.0027,Yes,N/A,2,3,N/A,2 3,N/A,7,8,9,2 8,2 9,12,2 3 8,2 12,3 12,7 9,2 3 12,2 7 9
1 2 3 7 8 9 12 13,0.0309732,22.5854,Yes,N/A,2,3,1 3,2 3,1 2 3,7,8,9,1 9,2 9,12,13,1 13,2 13,3 13,1 3 13,2 3 13
2 3 7 8 9 13,0.0255485,22.094,Yes,N/A,2,3,N/A,2 3,N/A,7,8,9,2 8,2 9,3 9,13,2 3 9,2 13,3 13,8 9,2 3 13
1 2 3 7 8 9 11,0.0576767,14.6726,Yes,N/A,2,3,1 3,2 3,1 2 3,7,8,9,1 9,11,1 11,2 11,3 11,1 3 11,2 3 11,1 2 3 11,7 11
2 3 7 8 9 11,0.03783,18.8899,Yes,N/A,2,3,N/A,2 3,N/A,7,8,9,2 8,11,3 9,2 11,3 11,7 8,2 3 11,8 9,7 11
1 2 3 7 8 9 11 13,0.0343358,21.2148,Yes,N/A,2,3,1 3,2 3,1 2 3,7,8,9,1 9,11,1 11,13,1 13,2 13,3 13,1 3 13,2 3 13
1 2 3 7 8 9 11 12,0.0392978,19.9751,Yes,N/A,2,3,1 3,2 3,1 2 3,7,8,9,1 9,11,12,1 12,2 12,3 12,1 3 12,2 3 12,1 2 3 12
2 3 7 8 9 11 12,0.0208558,26.3699,Yes,N/A,2,3,N/A,2 3,N/A,7,8,9,2 8,11,12,2 11,2 12,3 12,2 3 11,2 3 12,7 11
1 2 3 7 8 9 11 12 13,0.0243068,26.7798,Yes,N/A,2,3,1 3,2 3,1 2 3,7,8,9,1 9,11,12,13,1 13,2 13,3 13,1 3 13,2 3 13
2 3 7 8 9 12 13,0.0154512,29.0153,Yes,N/A,2,3,N/A,2 3,N/A,7,8,9,2 8,2 9,12,13,2 12,2 13,3 13,2 3 12,2 3 13
1 2 3 7 8 9 10,0.0589439,14.522,Yes,N/A,2,3,1 3,2 3,1 2 3,7,8,9,10,1 10,2 10,3 10,1 3 10,2 3 10,1 2 3 10,7 10,8 10
2 3 7 8 9 10,0.0384313,18.5842,Yes,N/A,2,3,N/A,2 3,N/A,7,8,9,10,2 9,2 10,3 10,2 3 9,2 3 10,7 9,7 10,8 10
1 2 3 7 8 9 10 13,0.037021,20.324,Yes,N/A,2,3,1 3,2 3,1 2 3,7,8,9,10,1 10,2 10,13,1 13,2 13,3 13,1 3 13,2 3 13
1 2 3 7 8 9 10 12,0.0412454,19.3663,Yes,N/A,2,3,1 3,2 3,1 2 3,7,8,9,10,1 10,12,1 12,2 12,3 12,1 3 12,2 3 12,1 2 3 12
2 3 7 8 9 10 12,0.0229739,25.2748,Yes,N/A,2,3,N/A,2 3,N/A,7,8,9,10,2 9,12,3 10,2 12,3 12,7 9,2 3 12,8 10
1 2 3 7 8 9 10 12 13,0.0258195,25.7939,Yes,N/A,2,3,1 3,2 3,1 2 3,7,8,9,10,1 10,12,13,1 13,2 13,3 13,1 3 13,2 3 13
2 3 7 8 9 10 13,0.0184004,27.2544,Yes,N/A,2,3,N/A,2 3,N/A,7,8,9,10,2 9,2 10,13,2 3 9,2 13,3 13,7 10,2 3 13
1 2 3 7 8 9 10 11,0.0437484,18.8608,Yes,N/A,2,3,1 3,2 3,1 2 3,7,8,9,10,11,1 11,2 11,3 11,1 3 11,2 3 11,1 2 3 11,7 11
2 3 7 8 9 10 11,0.0257287,24.0136,Yes,N/A,2,3,N/A,2 3,N/A,7,8,9,10,11,2 10,2 11,3 11,2 3 10,2 3 11,7 10,7 11
1 2 3 7 8 9 10 11 13,0.0285121,24.6418,Yes,N/A,2,3,1 3,2 3,1 2 3,7,8,9,10,11,1 11,13,1 13,2 13,3 13,1 3 13,2 3 13
1 2 3 7 8 9 10 11 12,0.0319422,23.6177,Yes,N/A,2,3,1 3,2 3,1 2 3,7,8,9,10,11,12,1 12,2 12,3 12,1 3 12,2 3 12,1 2 3 12
2 3 7 8 9 10 11 12,0.0165853,30.5665,Yes,N/A,2,3,N/A,2 3,N/A,7,8,9,10,11,12,2 11,2 12,3 12,2 3 11,2 3 12,7 11
1 2 3 7 8 9 10 11 12 13,0.0218174,29.4779,Yes,N/A,2,3,1 3,2 3,1 2 3,7,8,9,10,11,12,13,1 13,2 13,3 13,1 3 13,2 3 13
2 3 8 10 12 13,0.0138089,31.8275,Yes,N/A,2,3,N/A,2 3,N/A,N/A,8,N/A,10,3 8,12,13,2 12,2 13,3 13,2 3 12,2 3 13
2 3 8 10 11 13,0.014048,31.292,Yes,N/A,2,3,N/A,2 3,N/A,N/A,8,N/A,10,11,2 10,13,3 11,2 13,3 13,N/A,2 3 13
2 3 8 10 11 12 13,0.00904126,39.3838,Yes,N/A,2,3,N/A,2 3,N/A,N/A,8,N/A,10,11,12,13,2 12,2 13,3 13,2 3 12,2 3 13
2 3 8 9 11 13,0.0194063,27.1928,Yes,N/A,2,3,N/A,2 3,N/A,N/A,8,9,2 8,11,3 9,13,3 11,2 13,3 13,8 9,2 3 13
2 3 8 9 11 12 13,0.0114264,35.1008,Yes,N/A,2,3,N/A,2 3,N/A,N/A,8,9,2 8,11,12,13,2 12,2 13,3 13,2 3 12,2 3 13
2 3 8 9 10 12 13,0.0128745,33.6686,Yes,N/A,2,3,N/A,2 3,N/A,N/A,8,9,10,2 9,12,13,2 12,2 13,3 13,2 3 12,2 3 13
2 3 8 9 10 11 13,0.0143629,32.4012,Yes,N/A,2,3,N/A,2 3,N/A,N/A,8,9,10,11,2 10,13,3 11,2 13,3 13,8 9,2 3 13
2 3 8 9 10 11 12 13,0.00952706,40.042,Yes,N/A,2,3,N/A,2 3,N/A,N/A,8,9,10,11,12,13,2 12,2 13,3 13,2 3 12,2 3 13
1 2 3 6,0.146929,5.08364,Yes,N/A,2,3,1 3,2 3,6,1 6,2 6,3 6,1 3 6,2 3 6,1 2 3 6,N/A,N/A,N/A,N/A,N/A,N/A
2 3 6,0.128472,7.35397,Yes,N/A,2,3,N/A,2 3,6,N/A,2 6,3 6,N/A,2 3 6,N/A,N/A,N/A,N/A,N/A,N/A,N/A
1 2 3 6 13,0.0720802,11.415,Yes,N/A,2,3,1 3,2 3,6,1 6,2 6,3 6,1 3 6,2 3 6,1 2 3 6,13,1 13,2 13,3 13,1 3 13,2 3 13
1 2 3 6 12,0.0878828,9.73622,Yes,N/A,2,3,1 3,2 3,6,1 6,2 6,3 6,1 3 6,2 3 6,12,1 12,2 12,3 12,1 3 12,2 3 12,6 12
2 3 6 12,0.0568505,14.5484,Yes,N/A,2,3,N/A,2 3,6,N/A,2 6,3 6,N/A,2 3 6,12,N/A,2 12,3 12,N/A,2 3 12,6 12
1 2 3 6 12 13,0.0394545,18.7316,Yes,N/A,2,3,1 3,2 3,6,1 6,2 6,3 6,1 3 6,2 3 6,12,13,1 13,2 13,3 13,1 3 13,2 3 13
2 3 6 13,0.0419245,16.7036,Yes,N/A,2,3,N/A,2 3,6,N/A,2 6,3 6,N/A,2 3 6,N/A,13,N/A,2 13,3 13,N/A,2 3 13
1 2 3 6 11,0.0986449,8.44289,Yes,N/A,2,3,1 3,2 3,6,1 6,2 6,3 6,1 3 6,11,1 11,2 11,3 11,1 3 11,2 3 11,6 11,1 6 11
2 3 6 11,0.056404,13.9804,Yes,N/A,2,3,N/A,2 3,6,N/A,2 6,3 6,N/A,11,N/A,2 11,3 11,N/A,2 3 11,6 11,N/A
1 2 3 6 11 13,0.0458677,16.8411,Yes,N/A,2,3,1 3,2 3,6,1 6,2 6,3 6,1 3 6,11,1 11,13,1 13,2 13,3 13,1 3 13,2 3 13
1 2 3 6 11 12,0.05615,15.2189,Yes,N/A,2,3,1 3,2 3,6,1 6,2 6,3 6,1 3 6,11,12,1 12,2 12,3 12,1 3 12,2 3 12,6 12
2 3 6 11 12,0.0305256,20.6188,Yes,N/A,2,3,N/A,2 3,6,N/A,2 6,3 6,N/A,11,12,2 11,2 12,3 12,2 3 11,2 3 12,6 12
1 2 3 6 11 12 13,0.0275949,24.2635,Yes,N/A,2,3,1 3,2 3,6,1 6,2 6,3 6,1 3 6,11,12,13,1 13,2 13,3 13,1 3 13,2 3 13
2 3 6 12 13,0.0224389,23.2883,Yes,N/A,2,3,N/A,2 3,6,N/A,2 6,3 6,N/A,2 3 6,12,13,2 12,2 13,3 13,2 3 12,2 3 13
1 2 3 6 10,0.107677,7.38859,Yes,N/A,2,3,1 3,2 3,6,1 6,2 6,3 6,10,1 10,2 10,3 10,1 3 10,2 3 10,6 10,1 6 10,2 6 10
2 3 6 10,0.0842699,10.5099,Yes,N/A,2,3,N/A,2 3,6,N/A,2 6,3 6,10,2 3 6,2 10,3 10,N/A,2 3 10,6 10,N/A,2 6 10
1 2 3 6 10 13,0.0550133,15.0002,Yes,N/A,2,3,1 3,2 3,6,1 6,2 6,3 6,10,1 10,2 10,13,1 13,2 13,3 13,1 3 13,2 3 13
1 2 3 6 10 12,0.0663522,13.2072,Yes,N/A,2,3,1 3,2 3,6,1 6,2 6,3 6,10,1 10,12,1 12,2 12,3 12,1 3 12,2 3 12,6 12
2 3 6 10 12,0.0378991,17.8126,Yes,N/A,2,3,N/A,2 3,6,N/A,2 6,3 6,10,2 3 6,12,3 10,2 12,3 12,6 10,2 3 12,6 12
1 2 3 6 10 12 13,0.0334197,21.6247,Yes,N/A,2,3,1 3,2 3,6,1 6,2 6,3 6,10,1 10,12,13,1 13,2 13,3 13,1 3 13,2 3 13
2 3 6 10 13,0.0292175,20.8161,Yes,N/A,2,3,N/A,2 3,6,N/A,2 6,3 6,10,2 3 6,2 10,13,N/A,2 13,3 13,N/A,2 3 13
1 2 3 6 10 11,0.0728407,12.1469,Yes,N/A,2,3,1 3,2 3,6,1 6,2 6,3 6,10,11,1 11,2 11,3 11,1 3 11,2 3 11,6 11,1 6 11
2 3 6 10 11,0.0445274,16.3273,Yes,N/A,2,3,N/A,2 3,6,N/A,2 6,3 6,10,11,2 10,2 11,3 11,2 3 10,2 3 11,6 11,2 6 10
1 2 3 6 10 11 13,0.0384152,20.1104,Yes,N/A,2,3,1 3,2 3,6,1 6,2 6,3 6,10,11,1 11,13,1 13,2 13,3 13,1 3 13,2 3 13
1 2 3 6 10 11 12,0.0450992,18.7549,Yes,N/A,2,3,1 3,2 3,6,1 6,2 6,3 6,10,11,12,1 12,2 12,3 12,1 3 12,2 3 12,6 12
2 3 6 10 11 12,0.0245436,23.7848,Yes,N/A,2,3,N/A,2 3,6,N/A,2 6,3 6,10,11,12,2 11,2 12,3 12,2 3 11,2 3 12,6 12
1 2 3 6 10 11 12 13,0.0250118,27.203,Yes,N/A,2,3,1 3,2 3,6,1 6,2 6,3 6,10,11,12,13,1 13,2 13,3 13,1 3 13,2 3 13
2 3 6 11 13,0.0205579,24.0664,Yes,N/A,2,3,N/A,2 3,6,N/A,2 6,3 6,N/A,11,N/A,13,3 11,2 13,3 13,6 11,2 3 13
2 3 6 11 12 13,0.0133848,30.603,Yes,N/A,2,3,N/A,2 3,6,N/A,2 6,3 6,N/A,11,12,13,2 12,2 13,3 13,2 3 12,2 3 13
1 2 3 6 9,0.108559,6.88407,Yes,N/A,2,3,1 3,2 3,6,1 6,2 6,9,1 9,2 9,3 9,1 3 9,2 3 9,6 9,1 6 9,2 6 9,3 6 9
2 3 6 9,0.0619374,11.7128,Yes,N/A,2,3,N/A,2 3,6,N/A,2 6,9,N/A,2 9,3 9,N/A,2 3 9,6 9,N/A,2 6 9,3 6 9
1 2 3 6 9 13,0.0557474,14.2124,Yes,N/A,2,3,1 3,2 3,6,1 6,2 6,9,1 9,2 9,3 9,13,1 13,2 13,3 13,1 3 13,2 3 13
1 2 3 6 9 12,0.0654483,12.72,Yes,N/A,2,3,1 3,2 3,6,1 6,2 6,9,1 9,2 9,12,1 12,2 12,3 12,1 3 12,2 3 12,6 12
2 3 6 9 12,0.0275503,21.1672,Yes,N/A,2,3,N/A,2 3,6,N/A,2 6,9,N/A,2 9,12,N/A,2 12,3 12,N/A,2 3 12,6 12
1 2 3 6 9 12 13,0.0332188,20.941,Yes,N/A,2,3,1 3,2 3,6,1 6,2 6,9,1 9,2 9,12,13,1 13,2 13,3 13,1 3 13,2 3 13
2 3 6 9 13,0.0255432,20.3492,Yes,N/A,2,3,N/A,2 3,6,N/A,2 6,9,N/A,2 9,3 9,13,2 3 9,2 13,3 13,2 6 9,2 3 13
1 2 3 6 9 11,0.0714186,11.5041,Yes,N/A,2,3,1 3,2 3,6,1 6,2 6,9,1 9,11,1 11,2 11,3 11,1 3 11,2 3 11,6 11,1 6 11
2 3 6 9 11,0.0363983,17.6859,Yes,N/A,2,3,N/A,2 3,6,N/A,2 6,9,N/A,11,3 9,2 11,3 11,6 9,2 3 11,6 11,3 6 9
1 2 3 6 9 11 13,0.0378103,19.2591,Yes,N/A,2,3,1 3,2 3,6,1 6,2 6,9,1 9,11,1 11,13,1 13,2 13,3 13,1 3 13,2 3 13
1 2 3 6 9 11 12,0.0453332,17.5906,Yes,N/A,2,3,1 3,2 3,6,1 6,2 6,9,1 9,11,12,1 12,2 12,3 12,1 3 12,2 3 12,6 12
2 3 6 9 11 12,0.0187105,26.7506,Yes,N/A,2,3,N/A,2 3,6,N/A,2 6,9,N/A,11,12,2 11,2 12,3 12,2 3 11,2 3 12,6 12
1 2 3 6 9 11 12 13,0.0250077,25.8273,Yes,N/A,2,3,1 3,2 3,6,1 6,2 6,9,1 9,11,12,13,1 13,2 13,3 13,1 3 13,2 3 13
2 3 6 9 12 13,0.0136063,29.077,Yes,N/A,2,3,N/A,2 3,6,N/A,2 6,9,N/A,2 9,12,13,2 12,2 13,3 13,2 3 12,2 3 13
1 2 3 6 9 10,0.076736,10.6068,Yes,N/A,2,3,1 3,2 3,6,1 6,2 6,9,10,1 10,2 10,3 10,1 3 10,2 3 10,6 10,1 6 10,2 6 10
2 3 6 9 10,0.0487918,14.6513,Yes,N/A,2,3,N/A,2 3,6,N/A,2 6,9,10,2 9,2 10,3 10,2 3 9,2 3 10,6 10,2 6 9,2 6 10
1 2 3 6 9 10 13,0.0428023,17.8145,Yes,N/A,2,3,1 3,2 3,6,1 6,2 6,9,10,1 10,2 10,13,1 13,2 13,3 13,1 3 13,2 3 13
1 2 3 6 9 10 12,0.0500745,16.5006,Yes,N/A,2,3,1 3,2 3,6,1 6,2 6,9,10,1 10,12,1 12,2 12,3 12,1 3 12,2 3 12,6 12
2 3 6 9 10 12,0.027007,22.2243,Yes,N/A,2,3,N/A,2 3,6,N/A,2 6,9,10,2 9,12,3 10,2 12,3 12,6 10,2 3 12,6 12
1 2 3 6 9 10 12 13,0.0280011,24.172,Yes,N/A,2,3,1 3,2 3,6,1 6,2 6,9,10,1 10,12,13,1 13,2 13,3 13,1 3 13,2 3 13
2 3 6 9 10 13,0.0202709,24.3812,Yes,N/A,2,3,N/A,2 3,6,N/A,2 6,9,10,2 9,2 10,13,2 3 9,2 13,3 13,2 6 9,2 3 13
1 2 3 6 9 10 11,0.056609,15.1404,Yes,N/A,2,3,1 3,2 3,6,1 6,2 6,9,10,11,1 11,2 11,3 11,1 3 11,2 3 11,6 11,1 6 11
2 3 6 9 10 11,0.0311365,20.8188,Yes,N/A,2,3,N/A,2 3,6,N/A,2 6,9,10,11,2 10,2 11,3 11,2 3 10,2 3 11,6 11,2 6 10
1 2 3 6 9 10 11 13,0.032543,22.4041,Yes,N/A,2,3,1 3,2 3,6,1 6,2 6,9,10,11,1 11,13,1 13,2 13,3 13,1 3 13,2 3 13
1 2 3 6 9 10 11 12,0.0379513,21.0913,Yes,N/A,2,3,1 3,2 3,6,1 6,2 6,9,10,11,12,1 12,2 12,3 12,1 3 12,2 3 12,6 12
2 3 6 9 10 11 12,0.0183456,28.3592,Yes,N/A,2,3,N/A,2 3,6,N/A,2 6,9,10,11,12,2 11,2 12,3 12,2 3 11,2 3 12,6 12
1 2 3 6 9 10 11 12 13,0.0231127,28.5529,Yes,N/A,2,3,1 3,2 3,6,1 6,2 6,9,10,11,12,13,1 13,2 13,3 13,1 3 13,2 3 13
2 3 6 10 12 13,0.0163056,27.5844,Yes,N/A,2,3,N/A,2 3,6,N/A,2 6,3 6,10,2 3 6,12,13,2 12,2 13,3 13,2 3 12,2 3 13
2 3 6 10 11 13,0.019155,25.8971,Yes,N/A,2,3,N/A,2 3,6,N/A,2 6,3 6,10,11,2 10,13,3 11,2 13,3 13,6 11,2 3 13
2 3 6 10 11 12 13,0.0120987,33.1615,Yes,N/A,2,3,N/A,2 3,6,N/A,2 6,3 6,10,11,12,13,2 12,2 13,3 13,2 3 12,2 3 13
1 2 3 6 8,0.103532,6.47985,Yes,N/A,2,3,1 3,2 3,6,1 6,8,1 8,2 8,3 8,1 3 8,2 3 8,6 8,1 6 8,2 6 8,3 6 8,1 3 6 8
2 3 6 8,0.0674002,9.9806,Yes,N/A,2,3,N/A,2 3,6,N/A,8,3 6,2 8,3 8,N/A,2 3 8,6 8,N/A,2 6 8,3 6 8,N/A
1 2 3 6 8 13,0.0540334,13.9646,Yes,N/A,2,3,1 3,2 3,6,1 6,8,1 8,2 8,3 8,1 3 8,13,1 13,2 13,3 13,1 3 13,2 3 13
1 2 3 6 8 12,0.0706453,11.5477,Yes,N/A,2,3,1 3,2 3,6,1 6,8,1 8,2 8,3 8,12,1 12,2 12,3 12,1 3 12,2 3 12,6 12
2 3 6 8 12,0.0390662,16.1753,Yes,N/A,2,3,N/A,2 3,6,N/A,8,3 6,2 8,3 8,12,2 3 8,2 12,3 12,2 6 8,2 3 12,6 12
1 2 3 6 8 12 13,0.0359053,19.618,Yes,N/A,2,3,1 3,2 3,6,1 6,8,1 8,2 8,3 8,12,13,1 13,2 13,3 13,1 3 13,2 3 13
2 3 6 8 13,0.0278454,19.4168,Yes,N/A,2,3,N/A,2 3,6,N/A,8,3 6,2 8,3 8,N/A,13,6 8,2 13,3 13,3 6 8,2 3 13
1 2 3 6 8 11,0.0754645,10.5701,Yes,N/A,2,3,1 3,2 3,6,1 6,8,1 8,2 8,11,1 11,2 11,3 11,1 3 11,2 3 11,6 11,1 6 11
2 3 6 8 11,0.0390339,17.7033,Yes,N/A,2,3,N/A,2 3,6,N/A,8,3 6,2 8,11,N/A,2 11,3 11,N/A,2 3 11,6 11,N/A
1 2 3 6 8 11 13,0.0392404,18.501,Yes,N/A,2,3,1 3,2 3,6,1 6,8,1 8,2 8,11,1 11,13,1 13,2 13,3 13,1 3 13,2 3 13
1 2 3 6 8 11 12,0.0484534,16.5544,Yes,N/A,2,3,1 3,2 3,6,1 6,8,1 8,2 8,11,12,1 12,2 12,3 12,1 3 12,2 3 12,6 12
2 3 6 8 11 12,0.0251148,22.5711,Yes,N/A,2,3,N/A,2 3,6,N/A,8,3 6,2 8,11,12,2 11,2 12,3 12,2 3 11,2 3 12,6 12
1 2 3 6 8 11 12 13,0.026853,24.3209,Yes,N/A,2,3,1 3,2 3,6,1 6,8,1 8,2 8,11,12,13,1 13,2 13,3 13,1 3 13,2 3 13
2 3 6 8 12 13,0.0180095,25.1585,Yes,N/A,2,3,N/A,2 3,6,N/A,8,3 6,2 8,3 8,12,13,2 12,2 13,3 13,2 3 12,2 3 13
1 2 3 6 8 10,0.0814222,9.54044,Yes,N/A,2,3,1 3,2 3,6,1 6,8,1 8,10,1 10,2 10,3 10,1 3 10,2 3 10,6 10,1 6 10,8 10
2 3 6 8 10,0.0527632,13.6799,Yes,N/A,2,3,N/A,2 3,6,N/A,8,3 6,10,3 8,2 10,3 10,6 8,2 3 10,6 10,3 6 8,8 10
1 2 3 6 8 10 13,0.0448558,16.7128,Yes,N/A,2,3,1 3,2 3,6,1 6,8,1 8,10,1 10,2 10,13,1 13,2 13,3 13,1 3 13,2 3 13
1 2 3 6 8 10 12,0.0548702,14.7771,Yes,N/A,2,3,1 3,2 3,6,1 6,8,1 8,10,1 10,12,1 12,2 12,3 12,1 3 12,2 3 12,6 12
2 3 6 8 10 12,0.0291075,21.4697,Yes,N/A,2,3,N/A,2 3,6,N/A,8,3 6,10,3 8,12,3 10,2 12,3 12,6 10,2 3 12,6 12
1 2 3 6 8 10 12 13,0.0301302,22.5425,Yes,N/A,2,3,1 3,2 3,6,1 6,8,1 8,10,1 10,12,13,1 13,2 13,3 13,1 3 13,2 3 13
2 3 6 8 10 13,0.0232168,22.9385,Yes,N/A,2,3,N/A,2 3,6,N/A,8,3 6,10,3 8,2 10,13,6 8,2 13,3 13,3 6 8,2 3 13
1 2 3 6 8 10 11,0.0602379,13.8467,Yes,N/A,2,3,1 3,2 3,6,1 6,8,1 8,10,11,1 11,2 11,3 11,1 3 11,2 3 11,6 11,1 6 11
2 3 6 8 10 11,0.0319738,20.5356,Yes,N/A,2,3,N/A,2 3,6,N/A,8,3 6,10,11,2 10,2 11,3 11,2 3 10,2 3 11,6 11,8 10
1 2 3 6 8 10 11 13,0.0338989,21.1984,Yes,N/A,2,3,1 3,2 3,6,1 6,8,1 8,10,11,1 11,13,1 13,2 13,3 13,1 3 13,2 3 13
1 2 3 6 8 10 11 12,0.0403245,19.5712,Yes,N/A,2,3,1 3,2 3,6,1 6,8,1 8,10,11,12,1 12,2 12,3 12,1 3 12,2 3 12,6 12
2 3 6 8 10 11 12,0.0200914,27.0978,Yes,N/A,2,3,N/A,2 3,6,N/A,8,3 6,10,11,12,2 11,2 12,3 12,2 3 11,2 3 12,6 12
1 2 3 6 8 10 11 12 13,0.0242841,26.8855,Yes,N/A,2,3,1 3,2 3,6,1 6,8,1 8,10,11,12,13,1 13,2 13,3 13,1 3 13,2 3 13
2 3 6 8 11 13,0.0174596,26.971,Yes,N/A,2,3,N/A,2 3,6,N/A,8,3 6,2 8,11,N/A,13,3 11,2 13,3 13,6 11,2 3 13
2 3 6 8 11 12 13,0.0123482,31.6569,Yes,N/A,2,3,N/A,2 3,6,N/A,8,3 6,2 8,11,12,13,2 12,2 13,3 13,2 3 12,2 3 13
1 2 3 6 8 9,0.0833398,9.09687,Yes,N/A,2,3,1 3,2 3,6,1 6,8,9,1 9,2 9,3 9,1 3 9,2 3 9,6 9,1 6 9,8 9,1 8 9
2 3 6 8 9,0.0555629,13.2629,Yes,N/A,2,3,N/A,2 3,6,N/A,8,9,2 8,2 9,3 9,2 3 8,2 3 9,6 9,2 6 8,8 9,3 6 9
1 2 3 6 8 9 13,0.0474541,15.7373,Yes,N/A,2,3,1 3,2 3,6,1 6,8,9,1 9,2 9,3 9,13,1 13,2 13,3 13,1 3 13,2 3 13
1 2 3 6 8 9 12,0.0581418,13.8814,Yes,N/A,2,3,1 3,2 3,6,1 6,8,9,1 9,2 9,12,1 12,2 12,3 12,1 3 12,2 3 12,6 12
2 3 6 8 9 12,0.0284429,21.2791,Yes,N/A,2,3,N/A,2 3,6,N/A,8,9,2 8,2 9,12,2 3 8,2 12,3 12,2 6 8,2 3 12,6 12
1 2 3 6 8 9 12 13,0.0319955,21.3336,Yes,N/A,2,3,1 3,2 3,6,1 6,8,9,1 9,2 9,12,13,1 13,2 13,3 13,1 3 13,2 3 13
2 3 6 8 9 13,0.023981,22.2746,Yes,N/A,2,3,N/A,2 3,6,N/A,8,9,2 8,2 9,3 9,13,2 3 9,2 13,3 13,8 9,2 3 13
1 2 3 6 8 9 11,0.0626104,13.4486,Yes,N/A,2,3,1 3,2 3,6,1 6,8,9,1 9,11,1 11,2 11,3 11,1 3 11,2 3 11,6 11,1 6 11
2 3 6 8 9 11,0.0363566,19.4121,Yes,N/A,2,3,N/A,2 3,6,N/A,8,9,2 8,11,3 9,2 11,3 11,6 9,2 3 11,6 11,3 6 9
1 2 3 6 8 9 11 13,0.0350169,20.5783,Yes,N/A,2,3,1 3,2 3,6,1 6,8,9,1 9,11,1 11,13,1 13,2 13,3 13,1 3 13,2 3 13
1 2 3 6 8 9 11 12,0.0419453,18.6684,Yes,N/A,2,3,1 3,2 3,6,1 6,8,9,1 9,11,12,1 12,2 12,3 12,1 3 12,2 3 12,6 12
2 3 6 8 9 11 12,0.0194907,27.3527,Yes,N/A,2,3,N/A,2 3,6,N/A,8,9,2 8,11,12,2 11,2 12,3 12,2 3 11,2 3 12,6 12
1 2 3 6 8 9 11 12 13,0.025065,25.7929,Yes,N/A,2,3,1 3,2 3,6,1 6,8,9,1 9,11,12,13,1 13,2 13,3 13,1 3 13,2 3 13
2 3 6 8 9 12 13,0.0144534,29.5575,Yes,N/A,2,3,N/A,2 3,6,N/A,8,9,2 8,2 9,12,13,2 12,2 13,3 13,2 3 12,2 3 13
1 2 3 6 8 9 10,0.0680664,12.5045,Yes,N/A,2,3,1 3,2 3,6,1 6,8,9,10,1 10,2 10,3 10,1 3 10,2 3 10,6 10,1 6 10,8 10
2 3 6 8 9 10,0.0423813,17.7801,Yes,N/A,2,3,N/A,2 3,6,N/A,8,9,10,2 9,2 10,3 10,2 3 9,2 3 10,6 10,8 9,8 10
1 2 3 6 8 9 10 13,0.040115,18.8243,Yes,N/A,2,3,1 3,2 3,6,1 6,8,9,10,1 10,2 10,13,1 13,2 13,3 13,1 3 13,2 3 13
1 2 3 6 8 9 10 12,0.0465157,17.5431,Yes,N/A,2,3,1 3,2 3,6,1 6,8,9,10,1 10,12,1 12,2 12,3 12,1 3 12,2 3 12,6 12
2 3 6 8 9 10 12,0.0255439,24.3224,Yes,N/A,2,3,N/A,2 3,6,N/A,8,9,10,2 9,12,3 10,2 12,3 12,6 10,2 3 12,6 12
1 2 3 6 8 9 10 12 13,0.0279446,24.3372,Yes,N/A,2,3,1 3,2 3,6,1 6,8,9,10,1 10,12,13,1 13,2 13,3 13,1 3 13,2 3 13
2 3 6 8 9 10 13,0.0196923,26.6196,Yes,N/A,2,3,N/A,2 3,6,N/A,8,9,10,2 9,2 10,13,2 3 9,2 13,3 13,8 9,2 3 13
1 2 3 6 8 9 10 11,0.0510909,16.5999,Yes,N/A,2,3,1 3,2 3,6,1 6,8,9,10,11,1 11,2 11,3 11,1 3 11,2 3 11,6 11,1 6 11
2 3 6 8 9 10 11,0.0271476,23.9365,Yes,N/A,2,3,N/A,2 3,6,N/A,8,9,10,11,2 10,2 11,3 11,2 3 10,2 3 11,6 11,8 10
1 2 3 6 8 9 10 11 13,0.0313539,22.9917,Yes,N/A,2,3,1 3,2 3,6,1 6,8,9,10,11,1 11,13,1 13,2 13,3 13,1 3 13,2 3 13
1 2 3 6 8 9 10 11 12,0.0362811,21.5472,Yes,N/A,2,3,1 3,2 3,6,1 6,8,9,10,11,12,1 12,2 12,3 12,1 3 12,2 3 12,6 12
2 3 6 8 9 10 11 12,0.0177037,30.288,Yes,N/A,2,3,N/A,2 3,6,N/A,8,9,10,11,12,2 11,2 12,3 12,2 3 11,2 3 12,6 12
1 2 3 6 8 9 10 11 12 13,0.0238951,27.7941,Yes,N/A,2,3,1 3,2 3,6,1 6,8,9,10,11,12,13,1 13,2 13,3 13,1 3 13,2 3 13
2 3 6 9 11 13,0.0165032,27.6113,Yes,N/A,2,3,N/A,2 3,6,N/A,2 6,9,N/A,11,3 9,13,3 11,2 13,3 13,6 11,2 3 13
2 3 6 9 11 12 13,0.00984617,36.0725,Yes,N/A,2,3,N/A,2 3,6,N/A,2 6,9,N/A,11,12,13,2 12,2 13,3 13,2 3 12,2 3 13
2 3 6 9 10 12 13,0.0125012,31.854,Yes,N/A,2,3,N/A,2 3,6,N/A,2 6,9,10,2 9,12,13,2 12,2 13,3 13,2 3 12,2 3 13
2 3 6 9 10 11 13,0.0156659,29.4932,Yes,N/A,2,3,N/A,2 3,6,N/A,2 6,9,10,11,2 10,13,3 11,2 13,3 13,6 11,2 3 13
2 3 6 9 10 11 12 13,0.0102364,36.892,Yes,N/A,2,3,N/A,2 3,6,N/A,2 6,9,10,11,12,13,2 12,2 13,3 13,2 3 12,2 3 13
1 2 3 6 7,0.0960257,6.09578,Yes,N/A,2,3,1 3,2 3,6,7,1 7,2 7,3 7,1 3 7,2 3 7,6 7,1 6 7,2 6 7,3 6 7,1 3 6 7,2 3 6 7
2 3 6 7,0.0771111,7.6643,Yes,N/A,2,3,N/A,2 3,6,7,2 6,2 7,3 7,2 3 6,2 3 7,6 7,N/A,2 6 7,3 6 7,N/A,2 3 6 7
1 2 3 6 7 13,0.0521193,13.7321,Yes,N/A,2,3,1 3,2 3,6,7,1 7,2 7,3 7,1 3 7,2 3 7,13,1 13,2 13,3 13,1 3 13,2 3 13
1 2 3 6 7 12,0.0678461,11.4333,Yes,N/A,2,3,1 3,2 3,6,7,1 7,2 7,3 7,1 3 7,12,1 12,2 12,3 12,1 3 12,2 3 12,6 12
2 3 6 7 12,0.0416881,14.6084,Yes,N/A,2,3,N/A,2 3,6,7,2 6,2 7,3 7,2 3 6,12,6 7,2 12,3 12,3 6 7,2 3 12,6 12
1 2 3 6 7 12 13,0.0339731,19.7934,Yes,N/A,2,3,1 3,2 3,6,7,1 7,2 7,3 7,1 3 7,12,13,1 13,2 13,3 13,1 3 13,2 3 13
2 3 6 7 13,0.0291299,17.783,Yes,N/A,2,3,N/A,2 3,6,7,2 6,2 7,3 7,2 3 6,2 3 7,13,N/A,2 13,3 13,N/A,2 3 13
1 2 3 6 7 11,0.0802585,9.62008,Yes,N/A,2,3,1 3,2 3,6,7,1 7,2 7,3 7,11,1 11,2 11,3 11,1 3 11,2 3 11,6 11,7 11
2 3 6 7 11,0.0520657,13.2535,Yes,N/A,2,3,N/A,2 3,6,7,2 6,2 7,3 7,11,2 3 7,2 11,3 11,2 6 7,2 3 11,6 11,7 11
1 2 3 6 7 11 13,0.0425527,17.1926,Yes,N/A,2,3,1 3,2 3,6,7,1 7,2 7,3 7,11,1 11,13,1 13,2 13,3 13,1 3 13,2 3 13
1 2 3 6 7 11 12,0.0520578,15.4559,Yes,N/A,2,3,1 3,2 3,6,7,1 7,2 7,3 7,11,12,1 12,2 12,3 12,1 3 12,2 3 12,6 12
2 3 6 7 11 12,0.0292982,20.0524,Yes,N/A,2,3,N/A,2 3,6,7,2 6,2 7,3 7,11,12,2 11,2 12,3 12,2 3 11,2 3 12,6 12
1 2 3 6 7 11 12 13,0.0281302,23.5588,Yes,N/A,2,3,1 3,2 3,6,7,1 7,2 7,3 7,11,12,13,1 13,2 13,3 13,1 3 13,2 3 13
2 3 6 7 12 13,0.0177941,23.9596,Yes,N/A,2,3,N/A,2 3,6,7,2 6,2 7,3 7,2 3 6,12,13,2 12,2 13,3 13,2 3 12,2 3 13
1 2 3 6 7 10,0.0857749,8.71582,Yes,N/A,2,3,1 3,2 3,6,7,1 7,2 7,10,1 10,2 10,3 10,1 3 10,2 3 10,6 10,7 10,1 7 10
2 3 6 7 10,0.0545577,13.4564,Yes,N/A,2,3,N/A,2 3,6,7,2 6,2 7,10,2 3 6,2 10,3 10,N/A,2 3 10,6 10,7 10,2 6 10
1 2 3 6 7 10 13,0.0451014,16.544,Yes,N/A,2,3,1 3,2 3,6,7,1 7,2 7,10,1 10,2 10,13,1 13,2 13,3 13,1 3 13,2 3 13
1 2 3 6 7 10 12,0.0566299,14.084,Yes,N/A,2,3,1 3,2 3,6,7,1 7,2 7,10,1 10,12,1 12,2 12,3 12,1 3 12,2 3 12,6 12
2 3 6 7 10 12,0.0305249,19.7998,Yes,N/A,2,3,N/A,2 3,6,7,2 6,2 7,10,2 3 6,12,3 10,2 12,3 12,6 10,2 3 12,6 12
1 2 3 6 7 10 12 13,0.0305114,21.7992,Yes,N/A,2,3,1 3,2 3,6,7,1 7,2 7,10,1 10,12,13,1 13,2 13,3 13,1 3 13,2 3 13
2 3 6 7 10 13,0.02065,23.7958,Yes,N/A,2,3,N/A,2 3,6,7,2 6,2 7,10,2 3 6,2 10,13,N/A,2 13,3 13,7 10,2 3 13
1 2 3 6 7 10 11,0.0640531,13.115,Yes,N/A,2,3,1 3,2 3,6,7,1 7,2 7,10,11,1 11,2 11,3 11,1 3 11,2 3 11,6 11,7 11
2 3 6 7 10 11,0.0376523,17.9883,Yes,N/A,2,3,N/A,2 3,6,7,2 6,2 7,10,11,2 10,2 11,3 11,2 3 10,2 3 11,6 11,7 11
1 2 3 6 7 10 11 13,0.0352448,20.5029,Yes,N/A,2,3,1 3,2 3,6,7,1 7,2 7,10,11,1 11,13,1 13,2 13,3 13,1 3 13,2 3 13
1 2 3 6 7 10 11 12,0.0428836,18.5112,Yes,N/A,2,3,1 3,2 3,6,7,1 7,2 7,10,11,12,1 12,2 12,3 12,1 3 12,2 3 12,6 12
2 3 6 7 10 11 12,0.0219354,24.4874,Yes,N/A,2,3,N/A,2 3,6,7,2 6,2 7,10,11,12,2 11,2 12,3 12,2 3 11,2 3 12,6 12
1 2 3 6 7 10 11 12 13,0.0252894,25.8621,Yes,N/A,2,3,1 3,2 3,6,7,1 7,2 7,10,11,12,13,1 13,2 13,3 13,1 3 13,2 3 13
2 3 6 7 11 13,0.0210551,22.809,Yes,N/A,2,3,N/A,2 3,6,7,2 6,2 7,3 7,11,2 3 7,13,3 11,2 13,3 13,6 11,2 3 13
2 3 6 7 11 12 13,0.013845,28.7884,Yes,N/A,2,3,N/A,2 3,6,7,2 6,2 7,3 7,11,12,13,2 12,2 13,3 13,2 3 12,2 3 13
1 2 3 6 7 9,0.0875323,8.39345,Yes,N/A,2,3,1 3,2 3,6,7,1 7,9,1 9,2 9,3 9,1 3 9,2 3 9,6 9,7 9,1 7 9,2 7 9
2 3 6 7 9,0.0694495,10.9532,Yes,N/A,2,3,N/A,2 3,6,7,2 6,9,3 7,2 9,3 9,6 7,2 3 9,6 9,7 9,2 6 9,2 7 9
1 2 3 6 7 9 13,0.0476391,15.6792,Yes,N/A,2,3,1 3,2 3,6,7,1 7,9,1 9,2 9,3 9,13,1 13,2 13,3 13,1 3 13,2 3 13
1 2 3 6 7 9 12,0.06009,13.3564,Yes,N/A,2,3,1 3,2 3,6,7,1 7,9,1 9,2 9,12,1 12,2 12,3 12,1 3 12,2 3 12,6 12
2 3 6 7 9 12,0.0365931,18.2993,Yes,N/A,2,3,N/A,2 3,6,7,2 6,9,3 7,2 9,12,6 7,2 12,3 12,7 9,2 3 12,6 12
1 2 3 6 7 9 12 13,0.0317417,21.0912,Yes,N/A,2,3,1 3,2 3,6,7,1 7,9,1 9,2 9,12,13,1 13,2 13,3 13,1 3 13,2 3 13
2 3 6 7 9 13,0.0259247,20.7263,Yes,N/A,2,3,N/A,2 3,6,7,2 6,9,3 7,2 9,3 9,13,2 3 9,2 13,3 13,2 6 9,2 3 13
1 2 3 6 7 9 11,0.0683908,12.0756,Yes,N/A,2,3,1 3,2 3,6,7,1 7,9,1 9,11,1 11,2 11,3 11,1 3 11,2 3 11,6 11,7 11
2 3 6 7 9 11,0.043732,16.8635,Yes,N/A,2,3,N/A,2 3,6,7,2 6,9,3 7,11,3 9,2 11,3 11,6 9,2 3 11,6 11,7 11
1 2 3 6 7 9 11 13,0.0370825,19.4658,Yes,N/A,2,3,1 3,2 3,6,7,1 7,9,1 9,11,1 11,13,1 13,2 13,3 13,1 3 13,2 3 13
1 2 3 6 7 9 11 12,0.0446433,17.7387,Yes,N/A,2,3,1 3,2 3,6,7,1 7,9,1 9,11,12,1 12,2 12,3 12,1 3 12,2 3 12,6 12
2 3 6 7 9 11 12,0.0241843,23.8856,Yes,N/A,2,3,N/A,2 3,6,7,2 6,9,3 7,11,12,2 11,2 12,3 12,2 3 11,2 3 12,6 12
1 2 3 6 7 9 11 12 13,0.0259723,24.9839,Yes,N/A,2,3,1 3,2 3,6,7,1 7,9,1 9,11,12,13,1 13,2 13,3 13,1 3 13,2 3 13
2 3 6 7 9 12 13,0.0159945,27.2507,Yes,N/A,2,3,N/A,2 3,6,7,2 6,9,3 7,2 9,12,13,2 12,2 13,3 13,2 3 12,2 3 13
1 2 3 6 7 9 10,0.0741901,11.3005,Yes,N/A,2,3,1 3,2 3,6,7,1 7,9,10,1 10,2 10,3 10,1 3 10,2 3 10,6 10,7 10,1 7 10
2 3 6 7 9 10,0.0448001,16.4353,Yes,N/A,2,3,N/A,2 3,6,7,2 6,9,10,2 9,2 10,3 10,2 3 9,2 3 10,6 10,7 10,2 6 10
1 2 3 6 7 9 10 13,0.0407038,18.3242,Yes,N/A,2,3,1 3,2 3,6,7,1 7,9,10,1 10,2 10,13,1 13,2 13,3 13,1 3 13,2 3 13
1 2 3 6 7 9 10 12,0.0493021,16.3411,Yes,N/A,2,3,1 3,2 3,6,7,1 7,9,10,1 10,12,1 12,2 12,3 12,1 3 12,2 3 12,6 12
2 3 6 7 9 10 12,0.0266979,22.7635,Yes,N/A,2,3,N/A,2 3,6,7,2 6,9,10,2 9,12,3 10,2 12,3 12,6 10,2 3 12,6 12
1 2 3 6 7 9 10 12 13,0.0283478,23.4581,Yes,N/A,2,3,1 3,2 3,6,7,1 7,9,10,1 10,12,13,1 13,2 13,3 13,1 3 13,2 3 13
2 3 6 7 9 10 13,0.0186664,26.0913,Yes,N/A,2,3,N/A,2 3,6,7,2 6,9,10,2 9,2 10,13,2 3 9,2 13,3 13,7 10,2 3 13
1 2 3 6 7 9 10 11,0.0544987,15.4197,Yes,N/A,2,3,1 3,2 3,6,7,1 7,9,10,11,1 11,2 11,3 11,1 3 11,2 3 11,6 11,7 11
2 3 6 7 9 10 11,0.0308277,21.1172,Yes,N/A,2,3,N/A,2 3,6,7,2 6,9,10,11,2 10,2 11,3 11,2 3 10,2 3 11,6 11,7 11
1 2 3 6 7 9 10 11 13,0.0323064,22.0799,Yes,N/A,2,3,1 3,2 3,6,7,1 7,9,10,11,1 11,13,1 13,2 13,3 13,1 3 13,2 3 13
1 2 3 6 7 9 10 11 12,0.0382329,20.3458,Yes,N/A,2,3,1 3,2 3,6,7,1 7,9,10,11,12,1 12,2 12,3 12,1 3 12,2 3 12,6 12
2 3 6 7 9 10 11 12,0.0190937,27.635,Yes,N/A,2,3,N/A,2 3,6,7,2 6,9,10,11,12,2 11,2 12,3 12,2 3 11,2 3 12,6 12
1 2 3 6 7 9 10 11 12 13,0.0244688,26.7305,Yes,N/A,2,3,1 3,2 3,6,7,1 7,9,10,11,12,13,1 13,2 13,3 13,1 3 13,2 3 13
2 3 6 7 10 12 13,0.0131269,29.611,Yes,N/A,2,3,N/A,2 3,6,7,2 6,2 7,10,2 3 6,12,13,2 12,2 13,3 13,2 3 12,2 3 13
2 3 6 7 10 11 13,0.0169494,27.0367,Yes,N/A,2,3,N/A,2 3,6,7,2 6,2 7,10,11,2 10,13,3 11,2 13,3 13,6 11,2 3 13
2 3 6 7 10 11 12 13,0.0114127,32.946,Yes,N/A,2,3,N/A,2 3,6,7,2 6,2 7,10,11,12,13,2 12,2 13,3 13,2 3 12,2 3 13
1 2 3 6 7 8,0.0928923,7.97365,Yes,N/A,2,3,1 3,2 3,6,7,8,1 8,2 8,3 8,1 3 8,2 3 8,6 8,7 8,1 7 8,2 7 8,3 7 8
2 3 6 7 8,0.0779071,10.4608,Yes,N/A,2,3,N/A,2 3,6,7,8,2 7,2 8,3 8,2 3 7,2 3 8,6 8,7 8,2 6 8,2 7 8,3 7 8
1 2 3 6 7 8 13,0.0478338,15.877,Yes,N/A,2,3,1 3,2 3,6,7,8,1 8,2 8,3 8,1 3 8,13,1 13,2 13,3 13,1 3 13,2 3 13
1 2 3 6 7 8 12,0.0647643,12.6008,Yes,N/A,2,3,1 3,2 3,6,7,8,1 8,2 8,3 8,12,1 12,2 12,3 12,1 3 12,2 3 12,6 12
2 3 6 7 8 12,0.0408993,17.1682,Yes,N/A,2,3,N/A,2 3,6,7,8,2 7,2 8,3 8,12,2 3 8,2 12,3 12,2 6 8,2 3 12,6 12
1 2 3 6 7 8 12 13,0.0336392,20.5443,Yes,N/A,2,3,1 3,2 3,6,7,8,1 8,2 8,3 8,12,13,1 13,2 13,3 13,1 3 13,2 3 13
2 3 6 7 8 13,0.0303895,19.7233,Yes,N/A,2,3,N/A,2 3,6,7,8,2 7,2 8,3 8,2 3 7,13,6 8,2 13,3 13,2 7 8,2 3 13
1 2 3 6 7 8 11,0.0743598,11.2376,Yes,N/A,2,3,1 3,2 3,6,7,8,1 8,2 8,11,1 11,2 11,3 11,1 3 11,2 3 11,6 11,7 11
2 3 6 7 8 11,0.0463231,16.3453,Yes,N/A,2,3,N/A,2 3,6,7,8,2 7,2 8,11,2 3 7,2 11,3 11,7 8,2 3 11,6 11,7 11
1 2 3 6 7 8 11 13,0.0397649,18.4679,Yes,N/A,2,3,1 3,2 3,6,7,8,1 8,2 8,11,1 11,13,1 13,2 13,3 13,1 3 13,2 3 13
1 2 3 6 7 8 11 12,0.0486854,16.5217,Yes,N/A,2,3,1 3,2 3,6,7,8,1 8,2 8,11,12,1 12,2 12,3 12,1 3 12,2 3 12,6 12
2 3 6 7 8 11 12,0.0273779,22.0824,Yes,N/A,2,3,N/A,2 3,6,7,8,2 7,2 8,11,12,2 11,2 12,3 12,2 3 11,2 3 12,6 12
1 2 3 6 7 8 11 12 13,0.0279875,23.6409,Yes,N/A,2,3,1 3,2 3,6,7,8,1 8,2 8,11,12,13,1 13,2 13,3 13,1 3 13,2 3 13
2 3 6 7 8 12 13,0.0185559,25.6015,Yes,N/A,2,3,N/A,2 3,6,7,8,2 7,2 8,3 8,12,13,2 12,2 13,3 13,2 3 12,2 3 13
1 2 3 6 7 8 10,0.0780947,10.8573,Yes,N/A,2,3,1 3,2 3,6,7,8,1 8,10,1 10,2 10,3 10,1 3 10,2 3 10,6 10,7 10,8 10
2 3 6 7 8 10,0.0570367,14.2777,Yes,N/A,2,3,N/A,2 3,6,7,8,2 7,10,3 8,2 10,3 10,6 8,2 3 10,6 10,7 10,8 10
1 2 3 6 7 8 10 13,0.0429679,17.797,Yes,N/A,2,3,1 3,2 3,6,7,8,1 8,10,1 10,2 10,13,1 13,2 13,3 13,1 3 13,2 3 13
1 2 3 6 7 8 10 12,0.0527209,15.4393,Yes,N/A,2,3,1 3,2 3,6,7,8,1 8,10,1 10,12,1 12,2 12,3 12,1 3 12,2 3 12,6 12
2 3 6 7 8 10 12,0.0317075,20.6379,Yes,N/A,2,3,N/A,2 3,6,7,8,2 7,10,3 8,12,3 10,2 12,3 12,6 10,2 3 12,6 12
1 2 3 6 7 8 10 12 13,0.0300737,22.5681,Yes,N/A,2,3,1 3,2 3,6,7,8,1 8,10,1 10,12,13,1 13,2 13,3 13,1 3 13,2 3 13
2 3 6 7 8 10 13,0.0241337,23.384,Yes,N/A,2,3,N/A,2 3,6,7,8,2 7,10,3 8,2 10,13,6 8,2 13,3 13,7 10,2 3 13
1 2 3 6 7 8 10 11,0.0582923,14.4438,Yes,N/A,2,3,1 3,2 3,6,7,8,1 8,10,11,1 11,2 11,3 11,1 3 11,2 3 11,6 11,7 11
2 3 6 7 8 10 11,0.0337322,20.1292,Yes,N/A,2,3,N/A,2 3,6,7,8,2 7,10,11,2 10,2 11,3 11,2 3 10,2 3 11,6 11,7 11
1 2 3 6 7 8 10 11 13,0.0343536,20.9723,Yes,N/A,2,3,1 3,2 3,6,7,8,1 8,10,11,1 11,13,1 13,2 13,3 13,1 3 13,2 3 13
1 2 3 6 7 8 10 11 12,0.0405926,19.1726,Yes,N/A,2,3,1 3,2 3,6,7,8,1 8,10,11,12,1 12,2 12,3 12,1 3 12,2 3 12,6 12
2 3 6 7 8 10 11 12,0.021731,25.4983,Yes,N/A,2,3,N/A,2 3,6,7,8,2 7,10,11,12,2 11,2 12,3 12,2 3 11,2 3 12,6 12
1 2 3 6 7 8 10 11 12 13,0.0257524,25.4775,Yes,N/A,2,3,1 3,2 3,6,7,8,1 8,10,11,12,13,1 13,2 13,3 13,1 3 13,2 3 13
2 3 6 7 8 11 13,0.0197399,25.5527,Yes,N/A,2,3,N/A,2 3,6,7,8,2 7,2 8,11,2 3 7,13,3 11,2 13,3 13,6 11,2 3 13
2 3 6 7 8 11 12 13,0.0137467,30.3405,Yes,N/A,2,3,N/A,2 3,6,7,8,2 7,2 8,11,12,13,2 12,2 13,3 13,2 3 12,2 3 13
1 2 3 6 7 8 9,0.0814487,10.4897,Yes,N/A,2,3,1 3,2 3,6,7,8,9,1 9,2 9,3 9,1 3 9,2 3 9,6 9,7 9,8 9,1 8 9
2 3 6 7 8 9,0.0583486,13.8394,Yes,N/A,2,3,N/A,2 3,6,7,8,9,2 8,2 9,3 9,2 3 8,2 3 9,6 9,7 9,8 9,2 7 9
1 2 3 6 7 8 9 13,0.0454704,17.2352,Yes,N/A,2,3,1 3,2 3,6,7,8,9,1 9,2 9,3 9,13,1 13,2 13,3 13,1 3 13,2 3 13
1 2 3 6 7 8 9 12,0.0571489,14.6273,Yes,N/A,2,3,1 3,2 3,6,7,8,9,1 9,2 9,12,1 12,2 12,3 12,1 3 12,2 3 12,6 12
2 3 6 7 8 9 12,0.0324062,20.4794,Yes,N/A,2,3,N/A,2 3,6,7,8,9,2 8,2 9,12,2 3 8,2 12,3 12,7 9,2 3 12,6 12
1 2 3 6 7 8 9 12 13,0.0324177,21.6543,Yes,N/A,2,3,1 3,2 3,6,7,8,9,1 9,2 9,12,13,1 13,2 13,3 13,1 3 13,2 3 13
2 3 6 7 8 9 13,0.0250085,22.7625,Yes,N/A,2,3,N/A,2 3,6,7,8,9,2 8,2 9,3 9,13,2 3 9,2 13,3 13,8 9,2 3 13
1 2 3 6 7 8 9 11,0.0617129,13.8113,Yes,N/A,2,3,1 3,2 3,6,7,8,9,1 9,11,1 11,2 11,3 11,1 3 11,2 3 11,6 11,7 11
2 3 6 7 8 9 11,0.0396121,18.3186,Yes,N/A,2,3,N/A,2 3,6,7,8,9,2 8,11,3 9,2 11,3 11,6 9,2 3 11,6 11,7 11
1 2 3 6 7 8 9 11 13,0.0361955,20.3137,Yes,N/A,2,3,1 3,2 3,6,7,8,9,1 9,11,1 11,13,1 13,2 13,3 13,1 3 13,2 3 13
1 2 3 6 7 8 9 11 12,0.0432834,18.3069,Yes,N/A,2,3,1 3,2 3,6,7,8,9,1 9,11,12,1 12,2 12,3 12,1 3 12,2 3 12,6 12
2 3 6 7 8 9 11 12,0.0236625,24.748,Yes,N/A,2,3,N/A,2 3,6,7,8,9,2 8,11,12,2 11,2 12,3 12,2 3 11,2 3 12,6 12
1 2 3 6 7 8 9 11 12 13,0.0271957,24.5404,Yes,N/A,2,3,1 3,2 3,6,7,8,9,1 9,11,12,13,1 13,2 13,3 13,1 3 13,2 3 13
2 3 6 7 8 9 12 13,0.016476,28.3606,Yes,N/A,2,3,N/A,2 3,6,7,8,9,2 8,2 9,12,13,2 12,2 13,3 13,2 3 12,2 3 13
1 2 3 6 7 8 9 10,0.0648603,13.3562,Yes,N/A,2,3,1 3,2 3,6,7,8,9,10,1 10,2 10,3 10,1 3 10,2 3 10,6 10,7 10,8 10
2 3 6 7 8 9 10,0.0413694,17.7896,Yes,N/A,2,3,N/A,2 3,6,7,8,9,10,2 9,2 10,3 10,2 3 9,2 3 10,6 10,7 10,8 10
1 2 3 6 7 8 9 10 13,0.0396139,19.2677,Yes,N/A,2,3,1 3,2 3,6,7,8,9,10,1 10,2 10,13,1 13,2 13,3 13,1 3 13,2 3 13
1 2 3 6 7 8 9 10 12,0.0466424,17.3766,Yes,N/A,2,3,1 3,2 3,6,7,8,9,10,1 10,12,1 12,2 12,3 12,1 3 12,2 3 12,6 12
2 3 6 7 8 9 10 12,0.026931,22.9522,Yes,N/A,2,3,N/A,2 3,6,7,8,9,10,2 9,12,3 10,2 12,3 12,6 10,2 3 12,6 12
1 2 3 6 7 8 9 10 12 13,0.029454,23.3984,Yes,N/A,2,3,1 3,2 3,6,7,8,9,10,1 10,12,13,1 13,2 13,3 13,1 3 13,2 3 13
2 3 6 7 8 9 10 13,0.0201434,26.2146,Yes,N/A,2,3,N/A,2 3,6,7,8,9,10,2 9,2 10,13,2 3 9,2 13,3 13,7 10,2 3 13
1 2 3 6 7 8 9 10 11,0.0504395,16.621,Yes,N/A,2,3,1 3,2 3,6,7,8,9,10,11,1 11,2 11,3 11,1 3 11,2 3 11,6 11,7 11
2 3 6 7 8 9 10 11,0.0292796,22.1861,Yes,N/A,2,3,N/A,2 3,6,7,8,9,10,11,2 10,2 11,3 11,2 3 10,2 3 11,6 11,7 11
1 2 3 6 7 8 9 10 11 13,0.0327857,22.1145,Yes,N/A,2,3,1 3,2 3,6,7,8,9,10,11,1 11,13,1 13,2 13,3 13,1 3 13,2 3 13
1 2 3 6 7 8 9 10 11 12,0.0380047,20.4773,Yes,N/A,2,3,1 3,2 3,6,7,8,9,10,11,12,1 12,2 12,3 12,1 3 12,2 3 12,6 12
2 3 6 7 8 9 10 11 12,0.0201213,27.3448,Yes,N/A,2,3,N/A,2 3,6,7,8,9,10,11,12,2 11,2 12,3 12,2 3 11,2 3 12,6 12
1 2 3 6 7 8 9 10 11 12 13,0.0264118,25.6371,Yes,N/A,2,3,1 3,2 3,6,7,8,9,10,11,12,13,1 13,2 13,3 13,1 3 13,2 3 13
2 3 7 9 11 13,0.018067,27.5727,Yes,N/A,2,3,N/A,2 3,N/A,7,N/A,9,3 7,11,3 9,13,3 11,2 13,3 13,N/A,2 3 13
2 3 7 9 11 12 13,0.0114292,34.9134,Yes,N/A,2,3,N/A,2 3,N/A,7,N/A,9,3 7,11,12,13,2 12,2 13,3 13,2 3 12,2 3 13
2 3 7 9 10 12 13,0.0108625,34.7128,Yes,N/A,2,3,N/A,2 3,N/A,7,N/A,9,10,2 9,12,13,2 12,2 13,3 13,2 3 12,2 3 13
2 3 7 9 10 11 13,0.0138773,32.2167,Yes,N/A,2,3,N/A,2 3,N/A,7,N/A,9,10,11,2 10,13,3 11,2 13,3 13,7 10,2 3 13
2 3 7 9 10 11 12 13,0.00901758,40.2949,Yes,N/A,2,3,N/A,2 3,N/A,7,N/A,9,10,11,12,13,2 12,2 13,3 13,2 3 12,2 3 13
2 3 7 8 10 12 13,0.0134326,31.0401,Yes,N/A,2,3,N/A,2 3,N/A,7,8,2 7,10,3 8,12,13,2 12,2 13,3 13,2 3 12,2 3 13
2 3 7 8 10 11 13,0.0152237,29.6926,Yes,N/A,2,3,N/A,2 3,N/A,7,8,2 7,10,11,2 10,13,3 11,2 13,3 13,7 10,2 3 13
2 3 7 8 10 11 12 13,0.0103617,36.2338,Yes,N/A,2,3,N/A,2 3,N/A,7,8,2 7,10,11,12,13,2 12,2 13,3 13,2 3 12,2 3 13
2 3 7 8 9 11 13,0.0178327,27.6931,Yes,N/A,2,3,N/A,2 3,N/A,7,8,9,2 8,11,3 9,13,3 11,2 13,3 13,8 9,2 3 13
2 3 7 8 9 11 12 13,0.011811,34.1368,Yes,N/A,2,3,N/A,2 3,N/A,7,8,9,2 8,11,12,13,2 12,2 13,3 13,2 3 12,2 3 13
2 3 7 8 9 10 12 13,0.012237,33.7685,Yes,N/A,2,3,N/A,2 3,N/A,7,8,9,10,2 9,12,13,2 12,2 13,3 13,2 3 12,2 3 13
2 3 7 8 9 10 11 13,0.0144625,31.6596,Yes,N/A,2,3,N/A,2 3,N/A,7,8,9,10,11,2 10,13,3 11,2 13,3 13,7 10,2 3 13
2 3 7 8 9 10 11 12 13,0.010324,38.0498,Yes,N/A,2,3,N/A,2 3,N/A,7,8,9,10,11,12,13,2 12,2 13,3 13,2 3 12,2 3 13
1 2 3 5,0.151472,5.51898,Yes,N/A,2,3,1 3,5,1 5,2 5,3 5,1 3 5,2 3 5,1 2 3 5,N/A,N/A,N/A,N/A,N/A,N/A,N/A
2 3 5,0.126415,7.32523,Yes,N/A,2,3,N/A,5,N/A,2 5,3 5,N/A,2 3 5,N/A,N/A,N/A,N/A,N/A,N/A,N/A,N/A
1 2 3 5 13,0.0685134,12.4824,Yes,N/A,2,3,1 3,5,1 5,2 5,3 5,1 3 5,2 3 5,1 2 3 5,N/A,13,1 13,2 13,3 13,1 3 13,5 13
1 2 3 5 12,0.0946588,9.45809,Yes,N/A,2,3,1 3,5,1 5,2 5,3 5,1 3 5,2 3 5,1 2 3 5,12,1 12,2 12,3 12,1 3 12,5 12,1 5 12
2 3 5 12,0.0501847,14.9734,Yes,N/A,2,3,N/A,5,N/A,2 5,3 5,N/A,2 3 5,N/A,12,N/A,2 12,3 12,N/A,5 12,N/A
1 2 3 5 12 13,0.0389941,18.629,Yes,N/A,2,3,1 3,5,1 5,2 5,3 5,1 3 5,2 3 5,1 2 3 5,12,13,1 13,2 13,3 13,1 3 13,5 13
2 3 5 13,0.0378712,16.9692,Yes,N/A,2,3,N/A,5,N/A,2 5,3 5,N/A,2 3 5,N/A,N/A,13,N/A,2 13,3 13,N/A,5 13
1 2 3 5 11,0.103725,8.16383,Yes,N/A,2,3,1 3,5,1 5,2 5,3 5,1 3 5,2 3 5,11,1 11,2 11,3 11,1 3 11,5 11,1 5 11,2 5 11
2 3 5 11,0.061991,12.9912,Yes,N/A,2,3,N/A,5,N/A,2 5,3 5,N/A,2 3 5,11,N/A,2 11,3 11,N/A,5 11,N/A,2 5 11
1 2 3 5 11 13,0.0473721,16.5912,Yes,N/A,2,3,1 3,5,1 5,2 5,3 5,1 3 5,2 3 5,11,1 11,13,1 13,2 13,3 13,1 3 13,5 13
1 2 3 5 11 12,0.0577376,14.8504,Yes,N/A,2,3,1 3,5,1 5,2 5,3 5,1 3 5,2 3 5,11,12,1 12,2 12,3 12,1 3 12,5 12,1 5 12
2 3 5 11 12,0.0307129,19.5117,Yes,N/A,2,3,N/A,5,N/A,2 5,3 5,N/A,2 3 5,11,12,2 11,2 12,3 12,5 11,5 12,2 5 11
1 2 3 5 11 12 13,0.0278657,23.9755,Yes,N/A,2,3,1 3,5,1 5,2 5,3 5,1 3 5,2 3 5,11,12,13,1 13,2 13,3 13,1 3 13,5 13
2 3 5 12 13,0.0192917,23.9947,Yes,N/A,2,3,N/A,5,N/A,2 5,3 5,N/A,2 3 5,N/A,12,13,2 12,2 13,3 13,5 12,5 13
1 2 3 5 10,0.10506,7.24984,Yes,N/A,2,3,1 3,5,1 5,2 5,3 5,1 3 5,10,1 10,2 10,3 10,1 3 10,5 10,1 5 10,2 5 10,3 5 10
2 3 5 10,0.0549536,12.5694,Yes,N/A,2,3,N/A,5,N/A,2 5,3 5,N/A,10,N/A,2 10,3 10,N/A,5 10,N/A,2 5 10,3 5 10
1 2 3 5 10 13,0.0512748,15.1593,Yes,N/A,2,3,1 3,5,1 5,2 5,3 5,1 3 5,10,1 10,2 10,13,1 13,2 13,3 13,1 3 13,5 13
1 2 3 5 10 12,0.0615829,13.4023,Yes,N/A,2,3,1 3,5,1 5,2 5,3 5,1 3 5,10,1 10,12,1 12,2 12,3 12,1 3 12,5 12,1 5 12
2 3 5 10 12,0.0261299,20.9855,Yes,N/A,2,3,N/A,5,N/A,2 5,3 5,N/A,10,N/A,12,3 10,2 12,3 12,N/A,5 12,3 5 10
1 2 3 5 10 12 13,0.0307923,22.0192,Yes,N/A,2,3,1 3,5,1 5,2 5,3 5,1 3 5,10,1 10,12,13,1 13,2 13,3 13,1 3 13,5 13
2 3 5 10 13,0.0208368,23.046,Yes,N/A,2,3,N/A,5,N/A,2 5,3 5,N/A,10,N/A,2 10,13,N/A,2 13,3 13,2 5 10,5 13
1 2 3 5 10 11,0.0696753,11.9631,Yes,N/A,2,3,1 3,5,1 5,2 5,3 5,1 3 5,10,11,1 11,2 11,3 11,1 3 11,5 11,1 5 11,2 5 11
2 3 5 10 11,0.0380783,17.035,Yes,N/A,2,3,N/A,5,N/A,2 5,3 5,N/A,10,11,2 10,2 11,3 11,5 10,5 11,2 5 10,2 5 11
1 2 3 5 10 11 13,0.0361853,20.3985,Yes,N/A,2,3,1 3,5,1 5,2 5,3 5,1 3 5,10,11,1 11,13,1 13,2 13,3 13,1 3 13,5 13
1 2 3 5 10 11 12,0.0436362,18.605,Yes,N/A,2,3,1 3,5,1 5,2 5,3 5,1 3 5,10,11,12,1 12,2 12,3 12,1 3 12,5 12,1 5 12
2 3 5 10 11 12,0.0220767,25.0992,Yes,N/A,2,3,N/A,5,N/A,2 5,3 5,N/A,10,11,12,2 11,2 12,3 12,5 11,5 12,2 5 11
1 2 3 5 10 11 12 13,0.0238889,27.3189,Yes,N/A,2,3,1 3,5,1 5,2 5,3 5,1 3 5,10,11,12,13,1 13,2 13,3 13,1 3 13,5 13
2 3 5 11 13,0.0211218,23.1813,Yes,N/A,2,3,N/A,5,N/A,2 5,3 5,N/A,2 3 5,11,N/A,13,3 11,2 13,3 13,N/A,5 13
2 3 5 11 12 13,0.0133998,29.5158,Yes,N/A,2,3,N/A,5,N/A,2 5,3 5,N/A,2 3 5,11,12,13,2 12,2 13,3 13,5 12,5 13
1 2 3 5 9,0.103346,6.50607,Yes,N/A,2,3,1 3,5,1 5,2 5,3 5,9,1 9,2 9,3 9,1 3 9,5 9,1 5 9,2 5 9,3 5 9,1 3 5 9
2 3 5 9,0.0740187,9.66996,Yes,N/A,2,3,N/A,5,N/A,2 5,3 5,9,2 3 5,2 9,3 9,N/A,5 9,N/A,2 5 9,3 5 9,N/A
1 2 3 5 9 13,0.0563419,13.6607,Yes,N/A,2,3,1 3,5,1 5,2 5,3 5,9,1 9,2 9,3 9,13,1 13,2 13,3 13,1 3 13,5 13
1 2 3 5 9 12,0.0688399,11.8384,Yes,N/A,2,3,1 3,5,1 5,2 5,3 5,9,1 9,2 9,12,1 12,2 12,3 12,1 3 12,5 12,1 5 12
2 3 5 9 12,0.0357728,17.7737,Yes,N/A,2,3,N/A,5,N/A,2 5,3 5,9,2 3 5,2 9,12,N/A,2 12,3 12,2 5 9,5 12,N/A
1 2 3 5 9 12 13,0.0350655,20.1548,Yes,N/A,2,3,1 3,5,1 5,2 5,3 5,9,1 9,2 9,12,13,1 13,2 13,3 13,1 3 13,5 13
2 3 5 9 13,0.0304698,17.4981,Yes,N/A,2,3,N/A,5,N/A,2 5,3 5,9,2 3 5,2 9,3 9,13,5 9,2 13,3 13,3 5 9,5 13
1 2 3 5 9 11,0.0770257,10.411,Yes,N/A,2,3,1 3,5,1 5,2 5,3 5,9,1 9,11,1 11,2 11,3 11,1 3 11,5 11,1 5 11,2 5 11
2 3 5 9 11,0.0433783,15.5505,Yes,N/A,2,3,N/A,5,N/A,2 5,3 5,9,2 3 5,11,3 9,2 11,3 11,N/A,5 11,3 5 9,2 5 11
1 2 3 5 9 11 13,0.0412268,18.126,Yes,N/A,2,3,1 3,5,1 5,2 5,3 5,9,1 9,11,1 11,13,1 13,2 13,3 13,1 3 13,5 13
1 2 3 5 9 11 12,0.0492261,16.5682,Yes,N/A,2,3,1 3,5,1 5,2 5,3 5,9,1 9,11,12,1 12,2 12,3 12,1 3 12,5 12,1 5 12
2 3 5 9 11 12,0.0248515,22.6754,Yes,N/A,2,3,N/A,5,N/A,2 5,3 5,9,2 3 5,11,12,2 11,2 12,3 12,5 11,5 12,2 5 11
1 2 3 5 9 11 12 13,0.0272875,24.7536,Yes,N/A,2,3,1 3,5,1 5,2 5,3 5,9,1 9,11,12,13,1 13,2 13,3 13,1 3 13,5 13
2 3 5 9 12 13,0.017527,25.2684,Yes,N/A,2,3,N/A,5,N/A,2 5,3 5,9,2 3 5,2 9,12,13,2 12,2 13,3 13,5 12,5 13
1 2 3 5 9 10,0.0810088,9.5261,Yes,N/A,2,3,1 3,5,1 5,2 5,3 5,9,10,1 10,2 10,3 10,1 3 10,5 10,1 5 10,2 5 10,3 5 10
2 3 5 9 10,0.0536072,13.2188,Yes,N/A,2,3,N/A,5,N/A,2 5,3 5,9,10,2 9,2 10,3 10,5 9,5 10,2 5 9,2 5 10,3 5 10
1 2 3 5 9 10 13,0.0463762,16.5776,Yes,N/A,2,3,1 3,5,1 5,2 5,3 5,9,10,1 10,2 10,13,1 13,2 13,3 13,1 3 13,5 13
1 2 3 5 9 10 12,0.0547194,15.2539,Yes,N/A,2,3,1 3,5,1 5,2 5,3 5,9,10,1 10,12,1 12,2 12,3 12,1 3 12,5 12,1 5 12
2 3 5 9 10 12,0.0297457,21.0629,Yes,N/A,2,3,N/A,5,N/A,2 5,3 5,9,10,2 9,12,3 10,2 12,3 12,2 5 9,5 12,3 5 10
1 2 3 5 9 10 12 13,0.0305079,23.0094,Yes,N/A,2,3,1 3,5,1 5,2 5,3 5,9,10,1 10,12,13,1 13,2 13,3 13,1 3 13,5 13
2 3 5 9 10 13,0.024045,22.4439,Yes,N/A,2,3,N/A,5,N/A,2 5,3 5,9,10,2 9,2 10,13,5 9,2 13,3 13,2 5 10,5 13
1 2 3 5 9 10 11,0.0614983,14.0625,Yes,N/A,2,3,1 3,5,1 5,2 5,3 5,9,10,11,1 11,2 11,3 11,1 3 11,5 11,1 5 11,2 5 11
2 3 5 9 10 11,0.0375058,18.9331,Yes,N/A,2,3,N/A,5,N/A,2 5,3 5,9,10,11,2 10,2 11,3 11,5 10,5 11,2 5 10,2 5 11
1 2 3 5 9 10 11 13,0.0355439,21.3999,Yes,N/A,2,3,1 3,5,1 5,2 5,3 5,9,10,11,1 11,13,1 13,2 13,3 13,1 3 13,5 13
1 2 3 5 9 10 11 12,0.0413792,20.1468,Yes,N/A,2,3,1 3,5,1 5,2 5,3 5,9,10,11,12,1 12,2 12,3 12,1 3 12,5 12,1 5 12
2 3 5 9 10 11 12,0.0224747,26.12,Yes,N/A,2,3,N/A,5,N/A,2 5,3 5,9,10,11,12,2 11,2 12,3 12,5 11,5 12,2 5 11
1 2 3 5 9 10 11 12 13,0.0250614,27.7781,Yes,N/A,2,3,1 3,5,1 5,2 5,3 5,9,10,11,12,13,1 13,2 13,3 13,1 3 13,5 13
2 3 5 10 12 13,0.0121682,31.0523,Yes,N/A,2,3,N/A,5,N/A,2 5,3 5,N/A,10,N/A,12,13,2 12,2 13,3 13,5 12,5 13
2 3 5 10 11 13,0.0165826,27.2236,Yes,N/A,2,3,N/A,5,N/A,2 5,3 5,N/A,10,11,2 10,13,3 11,2 13,3 13,2 5 10,5 13
2 3 5 10 11 12 13,0.0108968,35.0458,Yes,N/A,2,3,N/A,5,N/A,2 5,3 5,N/A,10,11,12,13,2 12,2 13,3 13,5 12,5 13
1 2 3 5 8,0.0949804,6.11204,Yes,N/A,2,3,1 3,5,1 5,2 5,8,1 8,2 8,3 8,1 3 8,5 8,1 5 8,2 5 8,3 5 8,1 3 5 8,2 3 5 8
2 3 5 8,0.0526352,10.6939,Yes,N/A,2,3,N/A,5,N/A,2 5,8,N/A,2 8,3 8,N/A,5 8,N/A,2 5 8,3 5 8,N/A,2 3 5 8
1 2 3 5 8 13,0.0496714,13.8053,Yes,N/A,2,3,1 3,5,1 5,2 5,8,1 8,2 8,3 8,1 3 8,13,1 13,2 13,3 13,1 3 13,5 13
1 2 3 5 8 12,0.0660198,11.3337,Yes,N/A,2,3,1 3,5,1 5,2 5,8,1 8,2 8,3 8,12,1 12,2 12,3 12,1 3 12,5 12,1 5 12
2 3 5 8 12,0.0331891,16.809,Yes,N/A,2,3,N/A,5,N/A,2 5,8,N/A,2 8,3 8,12,5 8,2 12,3 12,3 5 8,5 12,2 3 5 8
1 2 3 5 8 12 13,0.0335718,19.6358,Yes,N/A,2,3,1 3,5,1 5,2 5,8,1 8,2 8,3 8,12,13,1 13,2 13,3 13,1 3 13,5 13
2 3 5 8 13,0.0208219,21.5474,Yes,N/A,2,3,N/A,5,N/A,2 5,8,N/A,2 8,3 8,N/A,13,N/A,2 13,3 13,N/A,5 13
1 2 3 5 8 11,0.0735051,10.1163,Yes,N/A,2,3,1 3,5,1 5,2 5,8,1 8,2 8,11,1 11,2 11,3 11,1 3 11,5 11,1 5 11,2 5 11
2 3 5 8 11,0.0355355,17.7858,Yes,N/A,2,3,N/A,5,N/A,2 5,8,N/A,2 8,11,N/A,2 11,3 11,2 5 8,5 11,N/A,2 5 11
1 2 3 5 8 11 13,0.0378777,18.4451,Yes,N/A,2,3,1 3,5,1 5,2 5,8,1 8,2 8,11,1 11,13,1 13,2 13,3 13,1 3 13,5 13
1 2 3 5 8 11 12,0.0479244,16.1647,Yes,N/A,2,3,1 3,5,1 5,2 5,8,1 8,2 8,11,12,1 12,2 12,3 12,1 3 12,5 12,1 5 12
2 3 5 8 11 12,0.023583,23.6975,Yes,N/A,2,3,N/A,5,N/A,2 5,8,N/A,2 8,11,12,2 11,2 12,3 12,5 11,5 12,2 5 11
1 2 3 5 8 11 12 13,0.0263371,24.2836,Yes,N/A,2,3,1 3,5,1 5,2 5,8,1 8,2 8,11,12,13,1 13,2 13,3 13,1 3 13,5 13
2 3 5 8 12 13,0.0149817,26.7293,Yes,N/A,2,3,N/A,5,N/A,2 5,8,N/A,2 8,3 8,12,13,2 12,2 13,3 13,5 12,5 13
1 2 3 5 8 10,0.0785691,9.17553,Yes,N/A,2,3,1 3,5,1 5,2 5,8,1 8,10,1 10,2 10,3 10,1 3 10,5 10,1 5 10,2 5 10,8 10
2 3 5 8 10,0.0442282,15.6915,Yes,N/A,2,3,N/A,5,N/A,2 5,8,N/A,10,3 8,2 10,3 10,N/A,5 10,3 5 8,2 5 10,8 10
1 2 3 5 8 10 13,0.0413084,17.4091,Yes,N/A,2,3,1 3,5,1 5,2 5,8,1 8,10,1 10,2 10,13,1 13,2 13,3 13,1 3 13,5 13
1 2 3 5 8 10 12,0.0523132,15.0445,Yes,N/A,2,3,1 3,5,1 5,2 5,8,1 8,10,1 10,12,1 12,2 12,3 12,1 3 12,5 12,1 5 12
2 3 5 8 10 12,0.0267127,22.7368,Yes,N/A,2,3,N/A,5,N/A,2 5,8,N/A,10,3 8,12,3 10,2 12,3 12,3 5 8,5 12,8 10
1 2 3 5 8 10 12 13,0.0285174,23.1604,Yes,N/A,2,3,1 3,5,1 5,2 5,8,1 8,10,1 10,12,13,1 13,2 13,3 13,1 3 13,5 13
2 3 5 8 10 13,0.0174443,26.4754,Yes,N/A,2,3,N/A,5,N/A,2 5,8,N/A,10,3 8,2 10,13,N/A,2 13,3 13,2 5 10,5 13
1 2 3 5 8 10 11,0.0602783,13.6153,Yes,N/A,2,3,1 3,5,1 5,2 5,8,1 8,10,11,1 11,2 11,3 11,1 3 11,5 11,1 5 11,2 5 11
2 3 5 8 10 11,0.0306331,21.8283,Yes,N/A,2,3,N/A,5,N/A,2 5,8,N/A,10,11,2 10,2 11,3 11,5 10,5 11,2 5 10,2 5 11
1 2 3 5 8 10 11 13,0.0326385,21.7932,Yes,N/A,2,3,1 3,5,1 5,2 5,8,1 8,10,11,1 11,13,1 13,2 13,3 13,1 3 13,5 13
1 2 3 5 8 10 11 12,0.0405368,19.5232,Yes,N/A,2,3,1 3,5,1 5,2 5,8,1 8,10,11,12,1 12,2 12,3 12,1 3 12,5 12,1 5 12
2 3 5 8 10 11 12,0.0190079,29.2613,Yes,N/A,2,3,N/A,5,N/A,2 5,8,N/A,10,11,12,2 11,2 12,3 12,5 11,5 12,2 5 11
1 2 3 5 8 10 11 12 13,0.0239458,27.2343,Yes,N/A,2,3,1 3,5,1 5,2 5,8,1 8,10,11,12,13,1 13,2 13,3 13,1 3 13,5 13
2 3 5 8 11 13,0.0144043,28.5896,Yes,N/A,2,3,N/A,5,N/A,2 5,8,N/A,2 8,11,N/A,13,3 11,2 13,3 13,N/A,5 13
2 3 5 8 11 12 13,0.0109772,33.6974,Yes,N/A,2,3,N/A,5,N/A,2 5,8,N/A,2 8,11,12,13,2 12,2 13,3 13,5 12,5 13
1 2 3 5 8 9,0.0849377,8.33417,Yes,N/A,2,3,1 3,5,1 5,2 5,8,9,1 9,2 9,3 9,1 3 9,5 9,1 5 9,2 5 9,8 9,1 8 9
2 3 5 8 9,0.0642482,11.6227,Yes,N/A,2,3,N/A,5,N/A,2 5,8,9,2 8,2 9,3 9,5 8,5 9,2 5 8,2 5 9,8 9,2 3 5 8
1 2 3 5 8 9 13,0.0477874,15.6397,Yes,N/A,2,3,1 3,5,1 5,2 5,8,9,1 9,2 9,3 9,13,1 13,2 13,3 13,1 3 13,5 13
1 2 3 5 8 9 12,0.0601946,13.4311,Yes,N/A,2,3,1 3,5,1 5,2 5,8,9,1 9,2 9,12,1 12,2 12,3 12,1 3 12,5 12,1 5 12
2 3 5 8 9 12,0.035691,19.1711,Yes,N/A,2,3,N/A,5,N/A,2 5,8,9,2 8,2 9,12,5 8,2 12,3 12,2 5 9,5 12,2 3 5 8
1 2 3 5 8 9 12 13,0.0327353,21.3339,Yes,N/A,2,3,1 3,5,1 5,2 5,8,9,1 9,2 9,12,13,1 13,2 13,3 13,1 3 13,5 13
2 3 5 8 9 13,0.0270164,20.9989,Yes,N/A,2,3,N/A,5,N/A,2 5,8,9,2 8,2 9,3 9,13,5 9,2 13,3 13,8 9,5 13
1 2 3 5 8 9 11,0.0676475,12.444,Yes,N/A,2,3,1 3,5,1 5,2 5,8,9,1 9,11,1 11,2 11,3 11,1 3 11,5 11,1 5 11,2 5 11
2 3 5 8 9 11,0.0428249,17.7628,Yes,N/A,2,3,N/A,5,N/A,2 5,8,9,2 8,11,3 9,2 11,3 11,2 5 8,5 11,8 9,2 5 11
1 2 3 5 8 9 11 13,0.036898,20.1443,Yes,N/A,2,3,1 3,5,1 5,2 5,8,9,1 9,11,1 11,13,1 13,2 13,3 13,1 3 13,5 13
1 2 3 5 8 9 11 12,0.0448691,18.0836,Yes,N/A,2,3,1 3,5,1 5,2 5,8,9,1 9,11,12,1 12,2 12,3 12,1 3 12,5 12,1 5 12
2 3 5 8 9 11 12,0.0247481,24.9673,Yes,N/A,2,3,N/A,5,N/A,2 5,8,9,2 8,11,12,2 11,2 12,3 12,5 11,5 12,2 5 11
1 2 3 5 8 9 11 12 13,0.0264876,25.5563,Yes,N/A,2,3,1 3,5,1 5,2 5,8,9,1 9,11,12,13,1 13,2 13,3 13,1 3 13,5 13
2 3 5 8 9 12 13,0.0169233,27.9439,Yes,N/A,2,3,N/A,5,N/A,2 5,8,9,2 8,2 9,12,13,2 12,2 13,3 13,5 12,5 13
1 2 3 5 8 9 10,0.0757337,11.1829,Yes,N/A,2,3,1 3,5,1 5,2 5,8,9,10,1 10,2 10,3 10,1 3 10,5 10,1 5 10,2 5 10,8 10
2 3 5 8 9 10,0.0507441,16.1921,Yes,N/A,2,3,N/A,5,N/A,2 5,8,9,10,2 9,2 10,3 10,5 9,5 10,2 5 9,2 5 10,8 10
1 2 3 5 8 9 10 13,0.0425588,18.2947,Yes,N/A,2,3,1 3,5,1 5,2 5,8,9,10,1 10,2 10,13,1 13,2 13,3 13,1 3 13,5 13
1 2 3 5 8 9 10 12,0.0511713,16.4738,Yes,N/A,2,3,1 3,5,1 5,2 5,8,9,10,1 10,12,1 12,2 12,3 12,1 3 12,5 12,1 5 12
2 3 5 8 9 10 12,0.0291797,23.026,Yes,N/A,2,3,N/A,5,N/A,2 5,8,9,10,2 9,12,3 10,2 12,3 12,2 5 9,5 12,8 10
1 2 3 5 8 9 10 12 13,0.0299847,23.6738,Yes,N/A,2,3,1 3,5,1 5,2 5,8,9,10,1 10,12,13,1 13,2 13,3 13,1 3 13,5 13
2 3 5 8 9 10 13,0.0222061,25.6887,Yes,N/A,2,3,N/A,5,N/A,2 5,8,9,10,2 9,2 10,13,5 9,2 13,3 13,2 5 10,5 13
1 2 3 5 8 9 10 11,0.0567896,15.4361,Yes,N/A,2,3,1 3,5,1 5,2 5,8,9,10,11,1 11,2 11,3 11,1 3 11,5 11,1 5 11,2 5 11
2 3 5 8 9 10 11,0.0339228,21.729,Yes,N/A,2,3,N/A,5,N/A,2 5,8,9,10,11,2 10,2 11,3 11,5 10,5 11,2 5 10,2 5 11
1 2 3 5 8 9 10 11 13,0.0338798,22.3694,Yes,N/A,2,3,1 3,5,1 5,2 5,8,9,10,11,1 11,13,1 13,2 13,3 13,1 3 13,5 13
1 2 3 5 8 9 10 11 12,0.0399052,20.6466,Yes,N/A,2,3,1 3,5,1 5,2 5,8,9,10,11,12,1 12,2 12,3 12,1 3 12,5 12,1 5 12
2 3 5 8 9 10 11 12,0.021485,28.2721,Yes,N/A,2,3,N/A,5,N/A,2 5,8,9,10,11,12,2 11,2 12,3 12,5 11,5 12,2 5 11
1 2 3 5 8 9 10 11 12 13,0.0257236,27.293,Yes,N/A,2,3,1 3,5,1 5,2 5,8,9,10,11,12,13,1 13,2 13,3 13,1 3 13,5 13
2 3 5 9 11 13,0.0196129,24.3126,Yes,N/A,2,3,N/A,5,N/A,2 5,3 5,9,2 3 5,11,3 9,13,3 11,2 13,3 13,3 5 9,5 13
2 3 5 9 11 12 13,0.0126102,31.4408,Yes,N/A,2,3,N/A,5,N/A,2 5,3 5,9,2 3 5,11,12,13,2 12,2 13,3 13,5 12,5 13
2 3 5 9 10 12 13,0.0147977,29.915,Yes,N/A,2,3,N/A,5,N/A,2 5,3 5,9,10,2 9,12,13,2 12,2 13,3 13,5 12,5 13
2 3 5 9 10 11 13,0.0179992,27.7858,Yes,N/A,2,3,N/A,5,N/A,2 5,3 5,9,10,11,2 10,13,3 11,2 13,3 13,2 5 10,5 13
2 3 5 9 10 11 12 13,0.0121948,34.6723,Yes,N/A,2,3,N/A,5,N/A,2 5,3 5,9,10,11,12,13,2 12,2 13,3 13,5 12,5 13
1 2 3 5 7,0.0881538,5.69054,Yes,N/A,2,3,1 3,5,1 5,7,1 7,2 7,3 7,1 3 7,5 7,1 5 7,2 5 7,3 5 7,1 3 5 7,2 3 5 7,1 2 3 5 7
2 3 5 7,0.0611452,9.32111,Yes,N/A,2,3,N/A,5,N/A,7,3 5,2 7,3 7,N/A,5 7,N/A,2 5 7,3 5 7,N/A,2 3 5 7,N/A
1 2 3 5 7 13,0.0473611,13.3437,Yes,N/A,2,3,1 3,5,1 5,7,1 7,2 7,3 7,1 3 7,5 7,13,1 13,2 13,3 13,1 3 13,5 13
1 2 3 5 7 12,0.0624234,11.2674,Yes,N/A,2,3,1 3,5,1 5,7,1 7,2 7,3 7,1 3 7,12,1 12,2 12,3 12,1 3 12,5 12,1 5 12
2 3 5 7 12,0.0310169,18.5109,Yes,N/A,2,3,N/A,5,N/A,7,3 5,2 7,3 7,N/A,12,N/A,2 12,3 12,N/A,5 12,N/A
1 2 3 5 7 12 13,0.0305163,19.9828,Yes,N/A,2,3,1 3,5,1 5,7,1 7,2 7,3 7,1 3 7,12,13,1 13,2 13,3 13,1 3 13,5 13
2 3 5 7 13,0.0275925,17.8783,Yes,N/A,2,3,N/A,5,N/A,7,3 5,2 7,3 7,N/A,5 7,13,2 5 7,2 13,3 13,2 3 5 7,5 13
1 2 3 5 7 11,0.0780572,9.12207,Yes,N/A,2,3,1 3,5,1 5,7,1 7,2 7,3 7,11,1 11,2 11,3 11,1 3 11,5 11,1 5 11,7 11
2 3 5 7 11,0.0516367,13.0032,Yes,N/A,2,3,N/A,5,N/A,7,3 5,2 7,3 7,11,5 7,2 11,3 11,3 5 7,5 11,2 3 5 7,7 11
1 2 3 5 7 11 13,0.0411125,16.8916,Yes,N/A,2,3,1 3,5,1 5,7,1 7,2 7,3 7,11,1 11,13,1 13,2 13,3 13,1 3 13,5 13
1 2 3 5 7 11 12,0.0512571,14.9697,Yes,N/A,2,3,1 3,5,1 5,7,1 7,2 7,3 7,11,12,1 12,2 12,3 12,1 3 12,5 12,1 5 12
2 3 5 7 11 12,0.0289554,20.5114,Yes,N/A,2,3,N/A,5,N/A,7,3 5,2 7,3 7,11,12,2 11,2 12,3 12,5 11,5 12,7 11
1 2 3 5 7 11 12 13,0.027121,23.4174,Yes,N/A,2,3,1 3,5,1 5,7,1 7,2 7,3 7,11,12,13,1 13,2 13,3 13,1 3 13,5 13
2 3 5 7 12 13,0.0156451,26.1959,Yes,N/A,2,3,N/A,5,N/A,7,3 5,2 7,3 7,N/A,12,13,2 12,2 13,3 13,5 12,5 13
1 2 3 5 7 10,0.083406,8.37639,Yes,N/A,2,3,1 3,5,1 5,7,1 7,2 7,10,1 10,2 10,3 10,1 3 10,5 10,1 5 10,7 10,1 7 10
2 3 5 7 10,0.0521943,14.5084,Yes,N/A,2,3,N/A,5,N/A,7,3 5,2 7,10,N/A,2 10,3 10,2 5 7,5 10,N/A,7 10,3 5 10
1 2 3 5 7 10 13,0.0447361,15.9713,Yes,N/A,2,3,1 3,5,1 5,7,1 7,2 7,10,1 10,2 10,13,1 13,2 13,3 13,1 3 13,5 13
1 2 3 5 7 10 12,0.0540797,14.6103,Yes,N/A,2,3,1 3,5,1 5,7,1 7,2 7,10,1 10,12,1 12,2 12,3 12,1 3 12,5 12,1 5 12
2 3 5 7 10 12,0.0251371,23.5752,Yes,N/A,2,3,N/A,5,N/A,7,3 5,2 7,10,N/A,12,3 10,2 12,3 12,N/A,5 12,3 5 10
1 2 3 5 7 10 12 13,0.0284246,22.6966,Yes,N/A,2,3,1 3,5,1 5,7,1 7,2 7,10,1 10,12,13,1 13,2 13,3 13,1 3 13,5 13
2 3 5 7 10 13,0.0217934,24.0355,Yes,N/A,2,3,N/A,5,N/A,7,3 5,2 7,10,N/A,2 10,13,2 5 7,2 13,3 13,7 10,5 13
1 2 3 5 7 10 11,0.065115,12.5164,Yes,N/A,2,3,1 3,5,1 5,7,1 7,2 7,10,11,1 11,2 11,3 11,1 3 11,5 11,1 5 11,7 11
2 3 5 7 10 11,0.0416071,17.6516,Yes,N/A,2,3,N/A,5,N/A,7,3 5,2 7,10,11,2 10,2 11,3 11,5 10,5 11,7 10,7 11
1 2 3 5 7 10 11 13,0.0356698,20.1546,Yes,N/A,2,3,1 3,5,1 5,7,1 7,2 7,10,11,1 11,13,1 13,2 13,3 13,1 3 13,5 13
1 2 3 5 7 10 11 12,0.0435361,18.1346,Yes,N/A,2,3,1 3,5,1 5,7,1 7,2 7,10,11,12,1 12,2 12,3 12,1 3 12,5 12,1 5 12
2 3 5 7 10 11 12,0.0228454,25.2103,Yes,N/A,2,3,N/A,5,N/A,7,3 5,2 7,10,11,12,2 11,2 12,3 12,5 11,5 12,7 11
1 2 3 5 7 10 11 12 13,0.0250281,25.8868,Yes,N/A,2,3,1 3,5,1 5,7,1 7,2 7,10,11,12,13,1 13,2 13,3 13,1 3 13,5 13
2 3 5 7 11 13,0.0225251,22.5566,Yes,N/A,2,3,N/A,5,N/A,7,3 5,2 7,3 7,11,5 7,13,3 11,2 13,3 13,2 3 5 7,5 13
2 3 5 7 11 12 13,0.014072,29.3312,Yes,N/A,2,3,N/A,5,N/A,7,3 5,2 7,3 7,11,12,13,2 12,2 13,3 13,5 12,5 13
1 2 3 5 7 9,0.090429,7.66385,Yes,N/A,2,3,1 3,5,1 5,7,1 7,9,1 9,2 9,3 9,1 3 9,5 9,1 5 9,7 9,1 7 9,2 7 9
2 3 5 7 9,0.0617884,12.7116,Yes,N/A,2,3,N/A,5,N/A,7,3 5,9,3 7,2 9,3 9,N/A,5 9,3 5 7,7 9,3 5 9,2 7 9
1 2 3 5 7 9 13,0.0497673,14.4014,Yes,N/A,2,3,1 3,5,1 5,7,1 7,9,1 9,2 9,3 9,13,1 13,2 13,3 13,1 3 13,5 13
1 2 3 5 7 9 12,0.0594462,13.4912,Yes,N/A,2,3,1 3,5,1 5,7,1 7,9,1 9,2 9,12,1 12,2 12,3 12,1 3 12,5 12,1 5 12
2 3 5 7 9 12,0.0307891,21.1676,Yes,N/A,2,3,N/A,5,N/A,7,3 5,9,3 7,2 9,12,N/A,2 12,3 12,7 9,5 12,2 7 9
1 2 3 5 7 9 12 13,0.0316411,20.8757,Yes,N/A,2,3,1 3,5,1 5,7,1 7,9,1 9,2 9,12,13,1 13,2 13,3 13,1 3 13,5 13
2 3 5 7 9 13,0.0303737,19.835,Yes,N/A,2,3,N/A,5,N/A,7,3 5,9,3 7,2 9,3 9,13,5 9,2 13,3 13,3 5 9,5 13
1 2 3 5 7 9 11,0.0704476,11.6039,Yes,N/A,2,3,1 3,5,1 5,7,1 7,9,1 9,11,1 11,2 11,3 11,1 3 11,5 11,1 5 11,7 11
2 3 5 7 9 11,0.0437162,17.3962,Yes,N/A,2,3,N/A,5,N/A,7,3 5,9,3 7,11,3 9,2 11,3 11,3 5 7,5 11,3 5 9,7 11
1 2 3 5 7 9 11 13,0.0390637,18.6682,Yes,N/A,2,3,1 3,5,1 5,7,1 7,9,1 9,11,1 11,13,1 13,2 13,3 13,1 3 13,5 13
1 2 3 5 7 9 11 12,0.0462722,17.2041,Yes,N/A,2,3,1 3,5,1 5,7,1 7,9,1 9,11,12,1 12,2 12,3 12,1 3 12,5 12,1 5 12
2 3 5 7 9 11 12,0.0246846,24.4814,Yes,N/A,2,3,N/A,5,N/A,7,3 5,9,3 7,11,12,2 11,2 12,3 12,5 11,5 12,7 11
1 2 3 5 7 9 11 12 13,0.026835,24.4627,Yes,N/A,2,3,1 3,5,1 5,7,1 7,9,1 9,11,12,13,1 13,2 13,3 13,1 3 13,5 13
2 3 5 7 9 12 13,0.0168022,27.3559,Yes,N/A,2,3,N/A,5,N/A,7,3 5,9,3 7,2 9,12,13,2 12,2 13,3 13,5 12,5 13
1 2 3 5 7 9 10,0.0765767,10.7809,Yes,N/A,2,3,1 3,5,1 5,7,1 7,9,10,1 10,2 10,3 10,1 3 10,5 10,1 5 10,7 10,1 7 10
2 3 5 7 9 10,0.0492802,16.1861,Yes,N/A,2,3,N/A,5,N/A,7,3 5,9,10,2 9,2 10,3 10,5 9,5 10,7 9,7 10,3 5 10
1 2 3 5 7 9 10 13,0.043964,17.2757,Yes,N/A,2,3,1 3,5,1 5,7,1 7,9,10,1 10,2 10,13,1 13,2 13,3 13,1 3 13,5 13
1 2 3 5 7 9 10 12,0.0504123,16.424,Yes,N/A,2,3,1 3,5,1 5,7,1 7,9,10,1 10,12,1 12,2 12,3 12,1 3 12,5 12,1 5 12
2 3 5 7 9 10 12,0.0250503,24.3318,Yes,N/A,2,3,N/A,5,N/A,7,3 5,9,10,2 9,12,3 10,2 12,3 12,7 9,5 12,3 5 10
1 2 3 5 7 9 10 12 13,0.0290297,23.4189,Yes,N/A,2,3,1 3,5,1 5,7,1 7,9,10,1 10,12,13,1 13,2 13,3 13,1 3 13,5 13
2 3 5 7 9 10 13,0.0230962,24.6273,Yes,N/A,2,3,N/A,5,N/A,7,3 5,9,10,2 9,2 10,13,5 9,2 13,3 13,7 10,5 13
1 2 3 5 7 9 10 11,0.0583448,14.6283,Yes,N/A,2,3,1 3,5,1 5,7,1 7,9,10,11,1 11,2 11,3 11,1 3 11,5 11,1 5 11,7 11
2 3 5 7 9 10 11,0.0340503,21.0852,Yes,N/A,2,3,N/A,5,N/A,7,3 5,9,10,11,2 10,2 11,3 11,5 10,5 11,7 10,7 11
1 2 3 5 7 9 10 11 13,0.0349271,21.2625,Yes,N/A,2,3,1 3,5,1 5,7,1 7,9,10,11,1 11,13,1 13,2 13,3 13,1 3 13,5 13
1 2 3 5 7 9 10 11 12,0.0406924,19.7648,Yes,N/A,2,3,1 3,5,1 5,7,1 7,9,10,11,12,1 12,2 12,3 12,1 3 12,5 12,1 5 12
2 3 5 7 9 10 11 12,0.020761,27.9994,Yes,N/A,2,3,N/A,5,N/A,7,3 5,9,10,11,12,2 11,2 12,3 12,5 11,5 12,7 11
1 2 3 5 7 9 10 11 12 13,0.025731,26.3992,Yes,N/A,2,3,1 3,5,1 5,7,1 7,9,10,11,12,13,1 13,2 13,3 13,1 3 13,5 13
2 3 5 7 10 12 13,0.0122649,32.5764,Yes,N/A,2,3,N/A,5,N/A,7,3 5,2 7,10,N/A,12,13,2 12,2 13,3 13,5 12,5 13
2 3 5 7 10 11 13,0.0191329,26.7037,Yes,N/A,2,3,N/A,5,N/A,7,3 5,2 7,10,11,2 10,13,3 11,2 13,3 13,7 10,5 13
2 3 5 7 10 11 12 13,0.0121387,33.7409,Yes,N/A,2,3,N/A,5,N/A,7,3 5,2 7,10,11,12,13,2 12,2 13,3 13,5 12,5 13
1 2 3 5 7 8,0.0966529,7.16615,Yes,N/A,2,3,1 3,5,1 5,7,8,1 8,2 8,3 8,1 3 8,5 8,1 5 8,7 8,1 7 8,2 7 8,3 7 8
2 3 5 7 8,0.0793414,10.3055,Yes,N/A,2,3,N/A,5,N/A,7,8,2 7,2 8,3 8,5 7,5 8,2 5 7,7 8,3 5 8,2 7 8,3 7 8
1 2 3 5 7 8 13,0.052066,14.3036,Yes,N/A,2,3,1 3,5,1 5,7,8,1 8,2 8,3 8,1 3 8,13,1 13,2 13,3 13,1 3 13,5 13
1 2 3 5 7 8 12,0.065721,12.4088,Yes,N/A,2,3,1 3,5,1 5,7,8,1 8,2 8,3 8,12,1 12,2 12,3 12,1 3 12,5 12,1 5 12
2 3 5 7 8 12,0.0397625,18.1148,Yes,N/A,2,3,N/A,5,N/A,7,8,2 7,2 8,3 8,12,5 8,2 12,3 12,3 5 8,5 12,3 7 8
1 2 3 5 7 8 12 13,0.0336427,20.1831,Yes,N/A,2,3,1 3,5,1 5,7,8,1 8,2 8,3 8,12,13,1 13,2 13,3 13,1 3 13,5 13
2 3 5 7 8 13,0.032594,19.5964,Yes,N/A,2,3,N/A,5,N/A,7,8,2 7,2 8,3 8,5 7,13,2 5 7,2 13,3 13,2 7 8,5 13
1 2 3 5 7 8 11,0.0788426,10.2829,Yes,N/A,2,3,1 3,5,1 5,7,8,1 8,2 8,11,1 11,2 11,3 11,1 3 11,5 11,1 5 11,7 11
2 3 5 7 8 11,0.0515589,15.9546,Yes,N/A,2,3,N/A,5,N/A,7,8,2 7,2 8,11,5 7,2 11,3 11,7 8,5 11,2 7 8,7 11
1 2 3 5 7 8 11 13,0.0423721,17.6642,Yes,N/A,2,3,1 3,5,1 5,7,8,1 8,2 8,11,1 11,13,1 13,2 13,3 13,1 3 13,5 13
1 2 3 5 7 8 11 12,0.0511026,15.8637,Yes,N/A,2,3,1 3,5,1 5,7,8,1 8,2 8,11,12,1 12,2 12,3 12,1 3 12,5 12,1 5 12
2 3 5 7 8 11 12,0.0285765,22.9744,Yes,N/A,2,3,N/A,5,N/A,7,8,2 7,2 8,11,12,2 11,2 12,3 12,5 11,5 12,7 11
1 2 3 5 7 8 11 12 13,0.0287095,23.2654,Yes,N/A,2,3,1 3,5,1 5,7,8,1 8,2 8,11,12,13,1 13,2 13,3 13,1 3 13,5 13
2 3 5 7 8 12 13,0.0181107,27.0553,Yes,N/A,2,3,N/A,5,N/A,7,8,2 7,2 8,3 8,12,13,2 12,2 13,3 13,5 12,5 13
1 2 3 5 7 8 10,0.0834589,10.0089,Yes,N/A,2,3,1 3,5,1 5,7,8,1 8,10,1 10,2 10,3 10,1 3 10,5 10,1 5 10,7 10,8 10
2 3 5 7 8 10,0.0555434,15.3275,Yes,N/A,2,3,N/A,5,N/A,7,8,2 7,10,3 8,2 10,3 10,2 5 7,5 10,3 5 8,7 10,8 10
1 2 3 5 7 8 10 13,0.0451292,17.2979,Yes,N/A,2,3,1 3,5,1 5,7,8,1 8,10,1 10,2 10,13,1 13,2 13,3 13,1 3 13,5 13
1 2 3 5 7 8 10 12,0.0529459,15.8939,Yes,N/A,2,3,1 3,5,1 5,7,8,1 8,10,1 10,12,1 12,2 12,3 12,1 3 12,5 12,1 5 12
2 3 5 7 8 10 12,0.0289564,23.0871,Yes,N/A,2,3,N/A,5,N/A,7,8,2 7,10,3 8,12,3 10,2 12,3 12,3 5 8,5 12,8 10
1 2 3 5 7 8 10 12 13,0.0297369,23.3493,Yes,N/A,2,3,1 3,5,1 5,7,8,1 8,10,1 10,12,13,1 13,2 13,3 13,1 3 13,5 13
2 3 5 7 8 10 13,0.023545,24.9708,Yes,N/A,2,3,N/A,5,N/A,7,8,2 7,10,3 8,2 10,13,2 5 7,2 13,3 13,7 10,5 13
1 2 3 5 7 8 10 11,0.0612716,13.9125,Yes,N/A,2,3,1 3,5,1 5,7,8,1 8,10,11,1 11,2 11,3 11,1 3 11,5 11,1 5 11,7 11
2 3 5 7 8 10 11,0.0368264,20.6166,Yes,N/A,2,3,N/A,5,N/A,7,8,2 7,10,11,2 10,2 11,3 11,5 10,5 11,7 10,7 11
1 2 3 5 7 8 10 11 13,0.0359481,20.8547,Yes,N/A,2,3,1 3,5,1 5,7,8,1 8,10,11,1 11,13,1 13,2 13,3 13,1 3 13,5 13
1 2 3 5 7 8 10 11 12,0.0424555,18.9715,Yes,N/A,2,3,1 3,5,1 5,7,8,1 8,10,11,12,1 12,2 12,3 12,1 3 12,5 12,1 5 12
2 3 5 7 8 10 11 12,0.0223054,27.5141,Yes,N/A,2,3,N/A,5,N/A,7,8,2 7,10,11,12,2 11,2 12,3 12,5 11,5 12,7 11
1 2 3 5 7 8 10 11 12 13,0.0263485,25.7212,Yes,N/A,2,3,1 3,5,1 5,7,8,1 8,10,11,12,13,1 13,2 13,3 13,1 3 13,5 13
2 3 5 7 8 11 13,0.0225868,25.3329,Yes,N/A,2,3,N/A,5,N/A,7,8,2 7,2 8,11,5 7,13,3 11,2 13,3 13,2 7 8,5 13
2 3 5 7 8 11 12 13,0.0142328,31.8554,Yes,N/A,2,3,N/A,5,N/A,7,8,2 7,2 8,11,12,13,2 12,2 13,3 13,5 12,5 13
1 2 3 5 7 8 9,0.0899142,9.02567,Yes,N/A,2,3,1 3,5,1 5,7,8,9,1 9,2 9,3 9,1 3 9,5 9,1 5 9,7 9,8 9,1 8 9
2 3 5 7 8 9,0.0654009,13.3336,Yes,N/A,2,3,N/A,5,N/A,7,8,9,2 8,2 9,3 9,5 8,5 9,7 8,7 9,8 9,2 7 9
1 2 3 5 7 8 9 13,0.051402,15.5632,Yes,N/A,2,3,1 3,5,1 5,7,8,9,1 9,2 9,3 9,13,1 13,2 13,3 13,1 3 13,5 13
1 2 3 5 7 8 9 12,0.0600192,14.076,Yes,N/A,2,3,1 3,5,1 5,7,8,9,1 9,2 9,12,1 12,2 12,3 12,1 3 12,5 12,1 5 12
2 3 5 7 8 9 12,0.0347317,20.8486,Yes,N/A,2,3,N/A,5,N/A,7,8,9,2 8,2 9,12,5 8,2 12,3 12,7 9,5 12,2 7 9
1 2 3 5 7 8 9 12 13,0.033946,21.2282,Yes,N/A,2,3,1 3,5,1 5,7,8,9,1 9,2 9,12,13,1 13,2 13,3 13,1 3 13,5 13
2 3 5 7 8 9 13,0.0300358,21.8597,Yes,N/A,2,3,N/A,5,N/A,7,8,9,2 8,2 9,3 9,13,5 9,2 13,3 13,8 9,5 13
1 2 3 5 7 8 9 11,0.0678418,12.6392,Yes,N/A,2,3,1 3,5,1 5,7,8,9,1 9,11,1 11,2 11,3 11,1 3 11,5 11,1 5 11,7 11
2 3 5 7 8 9 11,0.0435027,18.2074,Yes,N/A,2,3,N/A,5,N/A,7,8,9,2 8,11,3 9,2 11,3 11,7 8,5 11,8 9,7 11
1 2 3 5 7 8 9 11 13,0.0399646,19.387,Yes,N/A,2,3,1 3,5,1 5,7,8,9,1 9,11,1 11,13,1 13,2 13,3 13,1 3 13,5 13
1 2 3 5 7 8 9 11 12,0.0465303,17.6999,Yes,N/A,2,3,1 3,5,1 5,7,8,9,1 9,11,12,1 12,2 12,3 12,1 3 12,5 12,1 5 12
2 3 5 7 8 9 11 12,0.0260513,25.2772,Yes,N/A,2,3,N/A,5,N/A,7,8,9,2 8,11,12,2 11,2 12,3 12,5 11,5 12,7 11
1 2 3 5 7 8 9 11 12 13,0.028874,24.3154,Yes,N/A,2,3,1 3,5,1 5,7,8,9,1 9,11,12,13,1 13,2 13,3 13,1 3 13,5 13
2 3 5 7 8 9 12 13,0.017884,28.9918,Yes,N/A,2,3,N/A,5,N/A,7,8,9,2 8,2 9,12,13,2 12,2 13,3 13,5 12,5 13
1 2 3 5 7 8 9 10,0.0718203,11.9048,Yes,N/A,2,3,1 3,5,1 5,7,8,9,10,1 10,2 10,3 10,1 3 10,5 10,1 5 10,7 10,8 10
2 3 5 7 8 9 10,0.0470996,17.5033,Yes,N/A,2,3,N/A,5,N/A,7,8,9,10,2 9,2 10,3 10,5 9,5 10,7 9,7 10,8 10
1 2 3 5 7 8 9 10 13,0.0438985,18.1118,Yes,N/A,2,3,1 3,5,1 5,7,8,9,10,1 10,2 10,13,1 13,2 13,3 13,1 3 13,5 13
1 2 3 5 7 8 9 10 12,0.0501815,16.8283,Yes,N/A,2,3,1 3,5,1 5,7,8,9,10,1 10,12,1 12,2 12,3 12,1 3 12,5 12,1 5 12
2 3 5 7 8 9 10 12,0.0274163,24.8102,Yes,N/A,2,3,N/A,5,N/A,7,8,9,10,2 9,12,3 10,2 12,3 12,7 9,5 12,8 10
1 2 3 5 7 8 9 10 12 13,0.0310618,23.3442,Yes,N/A,2,3,1 3,5,1 5,7,8,9,10,1 10,12,13,1 13,2 13,3 13,1 3 13,5 13
2 3 5 7 8 9 10 13,0.0234727,26.251,Yes,N/A,2,3,N/A,5,N/A,7,8,9,10,2 9,2 10,13,5 9,2 13,3 13,7 10,5 13
1 2 3 5 7 8 9 10 11,0.0556958,15.4559,Yes,N/A,2,3,1 3,5,1 5,7,8,9,10,11,1 11,2 11,3 11,1 3 11,5 11,1 5 11,7 11
2 3 5 7 8 9 10 11,0.0341503,22.1788,Yes,N/A,2,3,N/A,5,N/A,7,8,9,10,11,2 10,2 11,3 11,5 10,5 11,7 10,7 11
1 2 3 5 7 8 9 10 11 13,0.0360337,21.4218,Yes,N/A,2,3,1 3,5,1 5,7,8,9,10,11,1 11,13,1 13,2 13,3 13,1 3 13,5 13
1 2 3 5 7 8 9 10 11 12,0.0413485,19.7623,Yes,N/A,2,3,1 3,5,1 5,7,8,9,10,11,12,1 12,2 12,3 12,1 3 12,5 12,1 5 12
2 3 5 7 8 9 10 11 12,0.0223159,28.6824,Yes,N/A,2,3,N/A,5,N/A,7,8,9,10,11,12,2 11,2 12,3 12,5 11,5 12,7 11
1 2 3 5 7 8 9 10 11 12 13,0.0281589,25.4398,Yes,N/A,2,3,1 3,5,1 5,7,8,9,10,11,12,13,1 13,2 13,3 13,1 3 13,5 13
2 3 5 8 10 12 13,0.0122278,32.8359,Yes,N/A,2,3,N/A,5,N/A,2 5,8,N/A,10,3 8,12,13,2 12,2 13,3 13,5 12,5 13
2 3 5 8 10 11 13,0.0131097,32.3299,Yes,N/A,2,3,N/A,5,N/A,2 5,8,N/A,10,11,2 10,13,3 11,2 13,3 13,2 5 10,5 13
2 3 5 8 10 11 12 13,0.0096622,39.2267,Yes,N/A,2,3,N/A,5,N/A,2 5,8,N/A,10,11,12,13,2 12,2 13,3 13,5 12,5 13
2 3 5 8 9 11 13,0.0189965,26.9308,Yes,N/A,2,3,N/A,5,N/A,2 5,8,9,2 8,11,3 9,13,3 11,2 13,3 13,8 9,5 13
2 3 5 8 9 11 12 13,0.0128259,33.5198,Yes,N/A,2,3,N/A,5,N/A,2 5,8,9,2 8,11,12,13,2 12,2 13,3 13,5 12,5 13
2 3 5 8 9 10 12 13,0.0147306,32.092,Yes,N/A,2,3,N/A,5,N/A,2 5,8,9,10,2 9,12,13,2 12,2 13,3 13,5 12,5 13
2 3 5 8 9 10 11 13,0.0165152,30.8049,Yes,N/A,2,3,N/A,5,N/A,2 5,8,9,10,11,2 10,13,3 11,2 13,3 13,2 5 10,5 13
2 3 5 8 9 10 11 12 13,0.0121705,36.7043,Yes,N/A,2,3,N/A,5,N/A,2 5,8,9,10,11,12,13,2 12,2 13,3 13,5 12,5 13
1 2 3 5 6,0.0859899,5.25984,Yes,N/A,2,3,1 3,5,6,1 6,2 6,3 6,1 3 6,5 6,1 5 6,2 5 6,3 5 6,1 3 5 6,2 3 5 6,1 2 3 5 6,N/A
2 3 5 6,0.0729953,7.402,Yes,N/A,2,3,N/A,5,6,2 5,2 6,3 6,2 3 5,5 6,N/A,2 5 6,3 5 6,N/A,2 3 5 6,N/A,N/A
1 2 3 5 6 13,0.0452342,13.0574,Yes,N/A,2,3,1 3,5,6,1 6,2 6,3 6,1 3 6,5 6,1 5 6,13,1 13,2 13,3 13,1 3 13,5 13
1 2 3 5 6 12,0.0627411,10.6594,Yes,N/A,2,3,1 3,5,6,1 6,2 6,3 6,1 3 6,5 6,12,1 12,2 12,3 12,1 3 12,5 12,6 12
2 3 5 6 12,0.0452647,13.4303,Yes,N/A,2,3,N/A,5,6,2 5,2 6,3 6,2 3 5,5 6,12,2 5 6,2 12,3 12,2 3 5 6,5 12,6 12
1 2 3 5 6 12 13,0.0315071,19.3088,Yes,N/A,2,3,1 3,5,6,1 6,2 6,3 6,1 3 6,5 6,12,13,1 13,2 13,3 13,1 3 13,5 13
2 3 5 6 13,0.0290003,16.9372,Yes,N/A,2,3,N/A,5,6,2 5,2 6,3 6,2 3 5,5 6,N/A,13,3 5 6,2 13,3 13,N/A,5 13
1 2 3 5 6 11,0.0772569,9.06849,Yes,N/A,2,3,1 3,5,6,1 6,2 6,3 6,1 3 6,11,1 11,2 11,3 11,1 3 11,5 11,6 11,1 6 11
2 3 5 6 11,0.0471387,14.6136,Yes,N/A,2,3,N/A,5,6,2 5,2 6,3 6,2 3 5,11,N/A,2 11,3 11,N/A,5 11,6 11,2 5 11
1 2 3 5 6 11 13,0.0377503,17.5362,Yes,N/A,2,3,1 3,5,6,1 6,2 6,3 6,1 3 6,11,1 11,13,1 13,2 13,3 13,1 3 13,5 13
1 2 3 5 6 11 12,0.0477288,15.5766,Yes,N/A,2,3,1 3,5,6,1 6,2 6,3 6,1 3 6,11,12,1 12,2 12,3 12,1 3 12,5 12,6 12
2 3 5 6 11 12,0.0294534,19.511,Yes,N/A,2,3,N/A,5,6,2 5,2 6,3 6,2 3 5,11,12,2 11,2 12,3 12,5 11,5 12,6 12
1 2 3 5 6 11 12 13,0.0252263,23.8931,Yes,N/A,2,3,1 3,5,6,1 6,2 6,3 6,1 3 6,11,12,13,1 13,2 13,3 13,1 3 13,5 13
2 3 5 6 12 13,0.0197276,22.4442,Yes,N/A,2,3,N/A,5,6,2 5,2 6,3 6,2 3 5,5 6,12,13,2 12,2 13,3 13,5 12,5 13
1 2 3 5 6 10,0.0908848,7.53303,Yes,N/A,2,3,1 3,5,6,1 6,2 6,3 6,10,1 10,2 10,3 10,1 3 10,5 10,6 10,1 6 10,2 6 10
2 3 5 6 10,0.0716761,10.4815,Yes,N/A,2,3,N/A,5,6,2 5,2 6,3 6,10,5 6,2 10,3 10,3 5 6,5 10,6 10,2 5 10,2 6 10
1 2 3 5 6 10 13,0.0488334,14.7636,Yes,N/A,2,3,1 3,5,6,1 6,2 6,3 6,10,1 10,2 10,13,1 13,2 13,3 13,1 3 13,5 13
1 2 3 5 6 10 12,0.061488,12.7173,Yes,N/A,2,3,1 3,5,6,1 6,2 6,3 6,10,1 10,12,1 12,2 12,3 12,1 3 12,5 12,6 12
2 3 5 6 10 12,0.0406365,17.4642,Yes,N/A,2,3,N/A,5,6,2 5,2 6,3 6,10,5 6,12,3 10,2 12,3 12,6 10,5 12,6 12
1 2 3 5 6 10 12 13,0.0326151,20.6874,Yes,N/A,2,3,1 3,5,6,1 6,2 6,3 6,10,1 10,12,13,1 13,2 13,3 13,1 3 13,5 13
2 3 5 6 10 13,0.0296779,19.901,Yes,N/A,2,3,N/A,5,6,2 5,2 6,3 6,10,5 6,2 10,13,3 5 6,2 13,3 13,2 5 10,5 13
1 2 3 5 6 10 11,0.0716801,11.4079,Yes,N/A,2,3,1 3,5,6,1 6,2 6,3 6,10,11,1 11,2 11,3 11,1 3 11,5 11,6 11,1 6 11
2 3 5 6 10 11,0.0468528,16.0082,Yes,N/A,2,3,N/A,5,6,2 5,2 6,3 6,10,11,2 10,2 11,3 11,5 10,5 11,6 11,2 5 11
1 2 3 5 6 10 11 13,0.0380389,19.1438,Yes,N/A,2,3,1 3,5,6,1 6,2 6,3 6,10,11,1 11,13,1 13,2 13,3 13,1 3 13,5 13
1 2 3 5 6 10 11 12,0.0459763,17.4222,Yes,N/A,2,3,1 3,5,6,1 6,2 6,3 6,10,11,12,1 12,2 12,3 12,1 3 12,5 12,6 12
2 3 5 6 10 11 12,0.0278503,22.0717,Yes,N/A,2,3,N/A,5,6,2 5,2 6,3 6,10,11,12,2 11,2 12,3 12,5 11,5 12,6 12
1 2 3 5 6 10 11 12 13,0.0263933,25.0868,Yes,N/A,2,3,1 3,5,6,1 6,2 6,3 6,10,11,12,13,1 13,2 13,3 13,1 3 13,5 13
2 3 5 6 11 13,0.0187448,24.0785,Yes,N/A,2,3,N/A,5,6,2 5,2 6,3 6,2 3 5,11,N/A,13,3 11,2 13,3 13,6 11,5 13
2 3 5 6 11 12 13,0.013362,28.5715,Yes,N/A,2,3,N/A,5,6,2 5,2 6,3 6,2 3 5,11,12,13,2 12,2 13,3 13,5 12,5 13
1 2 3 5 6 9,0.0984169,6.98908,Yes,N/A,2,3,1 3,5,6,1 6,2 6,9,1 9,2 9,3 9,1 3 9,5 9,6 9,1 6 9,2 6 9,3 6 9
2 3 5 6 9,0.0817149,10.0846,Yes,N/A,2,3,N/A,5,6,2 5,2 6,9,2 3 5,2 9,3 9,2 5 6,5 9,6 9,2 5 9,2 6 9,3 6 9
1 2 3 5 6 9 13,0.0536305,13.7497,Yes,N/A,2,3,1 3,5,6,1 6,2 6,9,1 9,2 9,3 9,13,1 13,2 13,3 13,1 3 13,5 13
1 2 3 5 6 9 12,0.0677674,11.8059,Yes,N/A,2,3,1 3,5,6,1 6,2 6,9,1 9,2 9,12,1 12,2 12,3 12,1 3 12,5 12,6 12
2 3 5 6 9 12,0.0384308,17.8907,Yes,N/A,2,3,N/A,5,6,2 5,2 6,9,2 3 5,2 9,12,2 5 6,2 12,3 12,2 5 9,5 12,6 12
1 2 3 5 6 9 12 13,0.0353247,19.5602,Yes,N/A,2,3,1 3,5,6,1 6,2 6,9,1 9,2 9,12,13,1 13,2 13,3 13,1 3 13,5 13
2 3 5 6 9 13,0.0319417,18.9608,Yes,N/A,2,3,N/A,5,6,2 5,2 6,9,2 3 5,2 9,3 9,13,5 9,2 13,3 13,2 6 9,5 13
1 2 3 5 6 9 11,0.0762069,10.8281,Yes,N/A,2,3,1 3,5,6,1 6,2 6,9,1 9,11,1 11,2 11,3 11,1 3 11,5 11,6 11,1 6 11
2 3 5 6 9 11,0.0460051,16.2588,Yes,N/A,2,3,N/A,5,6,2 5,2 6,9,2 3 5,11,3 9,2 11,3 11,6 9,5 11,6 11,2 5 11
1 2 3 5 6 9 11 13,0.0396222,18.3491,Yes,N/A,2,3,1 3,5,6,1 6,2 6,9,1 9,11,1 11,13,1 13,2 13,3 13,1 3 13,5 13
1 2 3 5 6 9 11 12,0.0484013,16.3524,Yes,N/A,2,3,1 3,5,6,1 6,2 6,9,1 9,11,12,1 12,2 12,3 12,1 3 12,5 12,6 12
2 3 5 6 9 11 12,0.0246115,23.5978,Yes,N/A,2,3,N/A,5,6,2 5,2 6,9,2 3 5,11,12,2 11,2 12,3 12,5 11,5 12,6 12
1 2 3 5 6 9 11 12 13,0.0274169,23.7581,Yes,N/A,2,3,1 3,5,6,1 6,2 6,9,1 9,11,12,13,1 13,2 13,3 13,1 3 13,5 13
2 3 5 6 9 12 13,0.0184866,25.9487,Yes,N/A,2,3,N/A,5,6,2 5,2 6,9,2 3 5,2 9,12,13,2 12,2 13,3 13,5 12,5 13
1 2 3 5 6 9 10,0.085747,9.53304,Yes,N/A,2,3,1 3,5,6,1 6,2 6,9,10,1 10,2 10,3 10,1 3 10,5 10,6 10,1 6 10,2 6 10
2 3 5 6 9 10,0.0617429,13.4136,Yes,N/A,2,3,N/A,5,6,2 5,2 6,9,10,2 9,2 10,3 10,5 9,5 10,6 10,2 5 10,2 6 10
1 2 3 5 6 9 10 13,0.0483407,16.1519,Yes,N/A,2,3,1 3,5,6,1 6,2 6,9,10,1 10,2 10,13,1 13,2 13,3 13,1 3 13,5 13
1 2 3 5 6 9 10 12,0.0567198,14.6809,Yes,N/A,2,3,1 3,5,6,1 6,2 6,9,10,1 10,12,1 12,2 12,3 12,1 3 12,5 12,6 12
2 3 5 6 9 10 12,0.0347203,19.982,Yes,N/A,2,3,N/A,5,6,2 5,2 6,9,10,2 9,12,3 10,2 12,3 12,6 10,5 12,6 12
1 2 3 5 6 9 10 12 13,0.0326381,21.7658,Yes,N/A,2,3,1 3,5,6,1 6,2 6,9,10,1 10,12,13,1 13,2 13,3 13,1 3 13,5 13
2 3 5 6 9 10 13,0.0276489,22.0782,Yes,N/A,2,3,N/A,5,6,2 5,2 6,9,10,2 9,2 10,13,5 9,2 13,3 13,2 5 10,5 13
1 2 3 5 6 9 10 11,0.0644081,13.2922,Yes,N/A,2,3,1 3,5,6,1 6,2 6,9,10,11,1 11,2 11,3 11,1 3 11,5 11,6 11,1 6 11
2 3 5 6 9 10 11,0.0390089,18.498,Yes,N/A,2,3,N/A,5,6,2 5,2 6,9,10,11,2 10,2 11,3 11,5 10,5 11,6 11,2 5 11
1 2 3 5 6 9 10 11 13,0.0375601,20.061,Yes,N/A,2,3,1 3,5,6,1 6,2 6,9,10,11,1 11,13,1 13,2 13,3 13,1 3 13,5 13
1 2 3 5 6 9 10 11 12,0.0440432,18.4655,Yes,N/A,2,3,1 3,5,6,1 6,2 6,9,10,11,12,1 12,2 12,3 12,1 3 12,5 12,6 12
2 3 5 6 9 10 11 12,0.0245353,24.5846,Yes,N/A,2,3,N/A,5,6,2 5,2 6,9,10,11,12,2 11,2 12,3 12,5 11,5 12,6 12
1 2 3 5 6 9 10 11 12 13,0.027574,25.1142,Yes,N/A,2,3,1 3,5,6,1 6,2 6,9,10,11,12,13,1 13,2 13,3 13,1 3 13,5 13
2 3 5 6 10 12 13,0.0184044,26.5752,Yes,N/A,2,3,N/A,5,6,2 5,2 6,3 6,10,5 6,12,13,2 12,2 13,3 13,5 12,5 13
2 3 5 6 10 11 13,0.0200734,25.4106,Yes,N/A,2,3,N/A,5,6,2 5,2 6,3 6,10,11,2 10,13,3 11,2 13,3 13,6 11,5 13
2 3 5 6 10 11 12 13,0.0138231,30.9738,Yes,N/A,2,3,N/A,5,6,2 5,2 6,3 6,10,11,12,13,2 12,2 13,3 13,5 12,5 13
1 2 3 5 6 8,0.103645,6.7931,Yes,N/A,2,3,1 3,5,6,1 6,8,1 8,2 8,3 8,1 3 8,5 8,6 8,1 6 8,2 6 8,3 6 8,1 3 6 8
2 3 5 6 8,0.0777602,10.7896,Yes,N/A,2,3,N/A,5,6,2 5,8,3 6,2 8,3 8,N/A,5 8,6 8,2 5 8,2 6 8,3 6 8,2 3 5 8
1 2 3 5 6 8 13,0.0523318,14.2386,Yes,N/A,2,3,1 3,5,6,1 6,8,1 8,2 8,3 8,1 3 8,13,1 13,2 13,3 13,1 3 13,5 13
1 2 3 5 6 8 12,0.0699397,11.3843,Yes,N/A,2,3,1 3,5,6,1 6,8,1 8,2 8,3 8,12,1 12,2 12,3 12,1 3 12,5 12,6 12
2 3 5 6 8 12,0.0474855,15.6167,Yes,N/A,2,3,N/A,5,6,2 5,8,3 6,2 8,3 8,12,5 8,2 12,3 12,2 6 8,5 12,6 12
1 2 3 5 6 8 12 13,0.0365183,19.1142,Yes,N/A,2,3,1 3,5,6,1 6,8,1 8,2 8,3 8,12,13,1 13,2 13,3 13,1 3 13,5 13
2 3 5 6 8 13,0.0297745,20.4889,Yes,N/A,2,3,N/A,5,6,2 5,8,3 6,2 8,3 8,N/A,13,6 8,2 13,3 13,3 6 8,5 13
1 2 3 5 6 8 11,0.0769388,10.8083,Yes,N/A,2,3,1 3,5,6,1 6,8,1 8,2 8,11,1 11,2 11,3 11,1 3 11,5 11,6 11,1 6 11
2 3 5 6 8 11,0.0422524,17.9032,Yes,N/A,2,3,N/A,5,6,2 5,8,3 6,2 8,11,N/A,2 11,3 11,2 5 8,5 11,6 11,2 5 11
1 2 3 5 6 8 11 13,0.0389289,18.6735,Yes,N/A,2,3,1 3,5,6,1 6,8,1 8,2 8,11,1 11,13,1 13,2 13,3 13,1 3 13,5 13
1 2 3 5 6 8 11 12,0.0487906,16.2089,Yes,N/A,2,3,1 3,5,6,1 6,8,1 8,2 8,11,12,1 12,2 12,3 12,1 3 12,5 12,6 12
2 3 5 6 8 11 12,0.028405,21.6917,Yes,N/A,2,3,N/A,5,6,2 5,8,3 6,2 8,11,12,2 11,2 12,3 12,5 11,5 12,6 12
1 2 3 5 6 8 11 12 13,0.0276285,23.463,Yes,N/A,2,3,1 3,5,6,1 6,8,1 8,2 8,11,12,13,1 13,2 13,3 13,1 3 13,5 13
2 3 5 6 8 12 13,0.0209148,24.3636,Yes,N/A,2,3,N/A,5,6,2 5,8,3 6,2 8,3 8,12,13,2 12,2 13,3 13,5 12,5 13
1 2 3 5 6 8 10,0.0857054,9.42165,Yes,N/A,2,3,1 3,5,6,1 6,8,1 8,10,1 10,2 10,3 10,1 3 10,5 10,6 10,1 6 10,8 10
2 3 5 6 8 10,0.0606738,13.3029,Yes,N/A,2,3,N/A,5,6,2 5,8,3 6,10,3 8,2 10,3 10,6 8,5 10,6 10,2 5 10,8 10
1 2 3 5 6 8 10 13,0.0464225,16.6842,Yes,N/A,2,3,1 3,5,6,1 6,8,1 8,10,1 10,2 10,13,1 13,2 13,3 13,1 3 13,5 13
1 2 3 5 6 8 10 12,0.0582094,14.1355,Yes,N/A,2,3,1 3,5,6,1 6,8,1 8,10,1 10,12,1 12,2 12,3 12,1 3 12,5 12,6 12
2 3 5 6 8 10 12,0.0361923,19.3121,Yes,N/A,2,3,N/A,5,6,2 5,8,3 6,10,3 8,12,3 10,2 12,3 12,6 10,5 12,6 12
1 2 3 5 6 8 10 12 13,0.0329044,21.4768,Yes,N/A,2,3,1 3,5,6,1 6,8,1 8,10,1 10,12,13,1 13,2 13,3 13,1 3 13,5 13
2 3 5 6 8 10 13,0.0259215,22.7327,Yes,N/A,2,3,N/A,5,6,2 5,8,3 6,10,3 8,2 10,13,6 8,2 13,3 13,2 5 10,5 13
1 2 3 5 6 8 10 11,0.0640249,13.1682,Yes,N/A,2,3,1 3,5,6,1 6,8,1 8,10,11,1 11,2 11,3 11,1 3 11,5 11,6 11,1 6 11
2 3 5 6 8 10 11,0.0374156,19.2345,Yes,N/A,2,3,N/A,5,6,2 5,8,3 6,10,11,2 10,2 11,3 11,5 10,5 11,6 11,2 5 11
1 2 3 5 6 8 10 11 13,0.036204,20.5262,Yes,N/A,2,3,1 3,5,6,1 6,8,1 8,10,11,1 11,13,1 13,2 13,3 13,1 3 13,5 13
1 2 3 5 6 8 10 11 12,0.043968,18.2949,Yes,N/A,2,3,1 3,5,6,1 6,8,1 8,10,11,12,1 12,2 12,3 12,1 3 12,5 12,6 12
2 3 5 6 8 10 11 12,0.0250502,24.372,Yes,N/A,2,3,N/A,5,6,2 5,8,3 6,10,11,12,2 11,2 12,3 12,5 11,5 12,6 12
1 2 3 5 6 8 10 11 12 13,0.0271262,25.1316,Yes,N/A,2,3,1 3,5,6,1 6,8,1 8,10,11,12,13,1 13,2 13,3 13,1 3 13,5 13
2 3 5 6 8 11 13,0.0182118,27.639,Yes,N/A,2,3,N/A,5,6,2 5,8,3 6,2 8,11,N/A,13,3 11,2 13,3 13,6 11,5 13
2 3 5 6 8 11 12 13,0.0140759,30.2871,Yes,N/A,2,3,N/A,5,6,2 5,8,3 6,2 8,11,12,13,2 12,2 13,3 13,5 12,5 13
1 2 3 5 6 8 9,0.0898996,8.79366,Yes,N/A,2,3,1 3,5,6,1 6,8,9,1 9,2 9,3 9,1 3 9,5 9,6 9,1 6 9,8 9,1 8 9
2 3 5 6 8 9,0.063605,12.5493,Yes,N/A,2,3,N/A,5,6,2 5,8,9,2 8,2 9,3 9,5 8,5 9,6 9,2 5 9,8 9,3 6 9
1 2 3 5 6 8 9 13,0.0507553,15.5377,Yes,N/A,2,3,1 3,5,6,1 6,8,9,1 9,2 9,3 9,13,1 13,2 13,3 13,1 3 13,5 13
1 2 3 5 6 8 9 12,0.0629903,13.1067,Yes,N/A,2,3,1 3,5,6,1 6,8,9,1 9,2 9,12,1 12,2 12,3 12,1 3 12,5 12,6 12
2 3 5 6 8 9 12,0.0355492,19.4878,Yes,N/A,2,3,N/A,5,6,2 5,8,9,2 8,2 9,12,5 8,2 12,3 12,2 5 9,5 12,6 12
1 2 3 5 6 8 9 12 13,0.0356355,20.2528,Yes,N/A,2,3,1 3,5,6,1 6,8,9,1 9,2 9,12,13,1 13,2 13,3 13,1 3 13,5 13
2 3 5 6 8 9 13,0.0289195,21.0931,Yes,N/A,2,3,N/A,5,6,2 5,8,9,2 8,2 9,3 9,13,5 9,2 13,3 13,8 9,5 13
1 2 3 5 6 8 9 11,0.0672832,12.6138,Yes,N/A,2,3,1 3,5,6,1 6,8,9,1 9,11,1 11,2 11,3 11,1 3 11,5 11,6 11,1 6 11
2 3 5 6 8 9 11,0.0389783,18.4437,Yes,N/A,2,3,N/A,5,6,2 5,8,9,2 8,11,3 9,2 11,3 11,6 9,5 11,6 11,2 5 11
1 2 3 5 6 8 9 11 13,0.0380834,19.8418,Yes,N/A,2,3,1 3,5,6,1 6,8,9,1 9,11,1 11,13,1 13,2 13,3 13,1 3 13,5 13
1 2 3 5 6 8 9 11 12,0.0462237,17.4297,Yes,N/A,2,3,1 3,5,6,1 6,8,9,1 9,11,12,1 12,2 12,3 12,1 3 12,5 12,6 12
2 3 5 6 8 9 11 12,0.024459,24.9999,Yes,N/A,2,3,N/A,5,6,2 5,8,9,2 8,11,12,2 11,2 12,3 12,5 11,5 12,6 12
1 2 3 5 6 8 9 11 12 13,0.0284537,24.0336,Yes,N/A,2,3,1 3,5,6,1 6,8,9,1 9,11,12,13,1 13,2 13,3 13,1 3 13,5 13
2 3 5 6 8 9 12 13,0.0185364,27.2127,Yes,N/A,2,3,N/A,5,6,2 5,8,9,2 8,2 9,12,13,2 12,2 13,3 13,5 12,5 13
1 2 3 5 6 8 9 10,0.0741805,11.2211,Yes,N/A,2,3,1 3,5,6,1 6,8,9,10,1 10,2 10,3 10,1 3 10,5 10,6 10,1 6 10,8 10
2 3 5 6 8 9 10,0.0491691,15.7409,Yes,N/A,2,3,N/A,5,6,2 5,8,9,10,2 9,2 10,3 10,5 9,5 10,6 10,2 5 10,8 10
1 2 3 5 6 8 9 10 13,0.0449403,17.5108,Yes,N/A,2,3,1 3,5,6,1 6,8,9,10,1 10,2 10,13,1 13,2 13,3 13,1 3 13,5 13
1 2 3 5 6 8 9 10 12,0.0532041,15.6284,Yes,N/A,2,3,1 3,5,6,1 6,8,9,10,1 10,12,1 12,2 12,3 12,1 3 12,5 12,6 12
2 3 5 6 8 9 10 12,0.0318864,21.2224,Yes,N/A,2,3,N/A,5,6,2 5,8,9,10,2 9,12,3 10,2 12,3 12,6 10,5 12,6 12
1 2 3 5 6 8 9 10 12 13,0.0329807,22.0565,Yes,N/A,2,3,1 3,5,6,1 6,8,9,10,1 10,12,13,1 13,2 13,3 13,1 3 13,5 13
2 3 5 6 8 9 10 13,0.0245472,24.2155,Yes,N/A,2,3,N/A,5,6,2 5,8,9,10,2 9,2 10,13,5 9,2 13,3 13,2 5 10,5 13
1 2 3 5 6 8 9 10 11,0.058634,14.5191,Yes,N/A,2,3,1 3,5,6,1 6,8,9,10,11,1 11,2 11,3 11,1 3 11,5 11,6 11,1 6 11
2 3 5 6 8 9 10 11,0.0346184,20.6417,Yes,N/A,2,3,N/A,5,6,2 5,8,9,10,11,2 10,2 11,3 11,5 10,5 11,6 11,2 5 11
1 2 3 5 6 8 9 10 11 13,0.0366594,20.8266,Yes,N/A,2,3,1 3,5,6,1 6,8,9,10,11,1 11,13,1 13,2 13,3 13,1 3 13,5 13
1 2 3 5 6 8 9 10 11 12,0.0430769,18.9036,Yes,N/A,2,3,1 3,5,6,1 6,8,9,10,11,12,1 12,2 12,3 12,1 3 12,5 12,6 12
2 3 5 6 8 9 10 11 12,0.0239471,25.8289,Yes,N/A,2,3,N/A,5,6,2 5,8,9,10,11,12,2 11,2 12,3 12,5 11,5 12,6 12
1 2 3 5 6 8 9 10 11 12 13,0.0289689,24.6871,Yes,N/A,2,3,1 3,5,6,1 6,8,9,10,11,12,13,1 13,2 13,3 13,1 3 13,5 13
2 3 5 6 9 11 13,0.0195963,25.2917,Yes,N/A,2,3,N/A,5,6,2 5,2 6,9,2 3 5,11,3 9,13,3 11,2 13,3 13,6 11,5 13
2 3 5 6 9 11 12 13,0.0127792,31.6684,Yes,N/A,2,3,N/A,5,6,2 5,2 6,9,2 3 5,11,12,13,2 12,2 13,3 13,5 12,5 13
2 3 5 6 9 10 12 13,0.0176212,28.4128,Yes,N/A,2,3,N/A,5,6,2 5,2 6,9,10,2 9,12,13,2 12,2 13,3 13,5 12,5 13
2 3 5 6 9 10 11 13,0.019448,26.7806,Yes,N/A,2,3,N/A,5,6,2 5,2 6,9,10,11,2 10,13,3 11,2 13,3 13,6 11,5 13
2 3 5 6 9 10 11 12 13,0.0137916,32.4442,Yes,N/A,2,3,N/A,5,6,2 5,2 6,9,10,11,12,13,2 12,2 13,3 13,5 12,5 13
1 2 3 5 6 7,0.110665,6.44714,Yes,N/A,2,3,1 3,5,6,7,1 7,2 7,3 7,1 3 7,5 7,6 7,1 6 7,2 6 7,3 6 7,1 3 6 7,5 6 7
2 3 5 6 7,0.098113,8.30699,Yes,N/A,2,3,N/A,5,6,7,2 6,2 7,3 7,5 6,5 7,6 7,2 5 7,2 6 7,3 6 7,2 3 5 7,5 6 7
1 2 3 5 6 7 13,0.0597526,13.0991,Yes,N/A,2,3,1 3,5,6,7,1 7,2 7,3 7,1 3 7,5 7,13,1 13,2 13,3 13,1 3 13,5 13
1 2 3 5 6 7 12,0.0736923,11.1813,Yes,N/A,2,3,1 3,5,6,7,1 7,2 7,3 7,1 3 7,12,1 12,2 12,3 12,1 3 12,5 12,6 12
2 3 5 6 7 12,0.0524871,14.9177,Yes,N/A,2,3,N/A,5,6,7,2 6,2 7,3 7,5 6,12,6 7,2 12,3 12,3 6 7,5 12,6 12
1 2 3 5 6 7 12 13,0.0374977,19.2084,Yes,N/A,2,3,1 3,5,6,7,1 7,2 7,3 7,1 3 7,12,13,1 13,2 13,3 13,1 3 13,5 13
2 3 5 6 7 13,0.0413531,16.8105,Yes,N/A,2,3,N/A,5,6,7,2 6,2 7,3 7,5 6,5 7,13,2 5 7,2 13,3 13,2 3 5 7,5 13
1 2 3 5 6 7 11,0.0842048,9.86646,Yes,N/A,2,3,1 3,5,6,7,1 7,2 7,3 7,11,1 11,2 11,3 11,1 3 11,5 11,6 11,7 11
2 3 5 6 7 11,0.0582904,13.709,Yes,N/A,2,3,N/A,5,6,7,2 6,2 7,3 7,11,5 7,2 11,3 11,2 6 7,5 11,6 11,7 11
1 2 3 5 6 7 11 13,0.0443613,17.101,Yes,N/A,2,3,1 3,5,6,7,1 7,2 7,3 7,11,1 11,13,1 13,2 13,3 13,1 3 13,5 13
1 2 3 5 6 7 11 12,0.0528652,15.3486,Yes,N/A,2,3,1 3,5,6,7,1 7,2 7,3 7,11,12,1 12,2 12,3 12,1 3 12,5 12,6 12
2 3 5 6 7 11 12,0.033525,19.8744,Yes,N/A,2,3,N/A,5,6,7,2 6,2 7,3 7,11,12,2 11,2 12,3 12,5 11,5 12,6 12
1 2 3 5 6 7 11 12 13,0.0293603,22.9656,Yes,N/A,2,3,1 3,5,6,7,1 7,2 7,3 7,11,12,13,1 13,2 13,3 13,1 3 13,5 13
2 3 5 6 7 12 13,0.0247327,22.9705,Yes,N/A,2,3,N/A,5,6,7,2 6,2 7,3 7,5 6,12,13,2 12,2 13,3 13,5 12,5 13
1 2 3 5 6 7 10,0.094397,8.25213,Yes,N/A,2,3,1 3,5,6,7,1 7,2 7,10,1 10,2 10,3 10,1 3 10,5 10,6 10,7 10,1 7 10
2 3 5 6 7 10,0.0689219,12.0334,Yes,N/A,2,3,N/A,5,6,7,2 6,2 7,10,5 6,2 10,3 10,2 5 7,5 10,6 10,7 10,2 6 10
1 2 3 5 6 7 10 13,0.053264,14.9405,Yes,N/A,2,3,1 3,5,6,7,1 7,2 7,10,1 10,2 10,13,1 13,2 13,3 13,1 3 13,5 13
1 2 3 5 6 7 10 12,0.0635092,13.0771,Yes,N/A,2,3,1 3,5,6,7,1 7,2 7,10,1 10,12,1 12,2 12,3 12,1 3 12,5 12,6 12
2 3 5 6 7 10 12,0.0381929,18.9048,Yes,N/A,2,3,N/A,5,6,7,2 6,2 7,10,5 6,12,3 10,2 12,3 12,6 10,5 12,6 12
1 2 3 5 6 7 10 12 13,0.0357328,20.2498,Yes,N/A,2,3,1 3,5,6,7,1 7,2 7,10,1 10,12,13,1 13,2 13,3 13,1 3 13,5 13
2 3 5 6 7 10 13,0.030214,21.1206,Yes,N/A,2,3,N/A,5,6,7,2 6,2 7,10,5 6,2 10,13,2 5 7,2 13,3 13,7 10,5 13
1 2 3 5 6 7 10 11,0.0702515,11.9357,Yes,N/A,2,3,1 3,5,6,7,1 7,2 7,10,11,1 11,2 11,3 11,1 3 11,5 11,6 11,7 11
2 3 5 6 7 10 11,0.0458745,16.3947,Yes,N/A,2,3,N/A,5,6,7,2 6,2 7,10,11,2 10,2 11,3 11,5 10,5 11,6 11,7 11
1 2 3 5 6 7 10 11 13,0.0403656,18.8436,Yes,N/A,2,3,1 3,5,6,7,1 7,2 7,10,11,1 11,13,1 13,2 13,3 13,1 3 13,5 13
1 2 3 5 6 7 10 11 12,0.0477468,16.9611,Yes,N/A,2,3,1 3,5,6,7,1 7,2 7,10,11,12,1 12,2 12,3 12,1 3 12,5 12,6 12
2 3 5 6 7 10 11 12,0.0278059,22.7227,Yes,N/A,2,3,N/A,5,6,7,2 6,2 7,10,11,12,2 11,2 12,3 12,5 11,5 12,6 12
1 2 3 5 6 7 10 11 12 13,0.0291283,23.7174,Yes,N/A,2,3,1 3,5,6,7,1 7,2 7,10,11,12,13,1 13,2 13,3 13,1 3 13,5 13
2 3 5 6 7 11 13,0.0257792,22.5839,Yes,N/A,2,3,N/A,5,6,7,2 6,2 7,3 7,11,5 7,13,3 11,2 13,3 13,6 11,5 13
2 3 5 6 7 11 12 13,0.0167468,28.2043,Yes,N/A,2,3,N/A,5,6,7,2 6,2 7,3 7,11,12,13,2 12,2 13,3 13,5 12,5 13
1 2 3 5 6 7 9,0.0963367,7.85927,Yes,N/A,2,3,1 3,5,6,7,1 7,9,1 9,2 9,3 9,1 3 9,5 9,6 9,7 9,1 7 9,2 7 9
2 3 5 6 7 9,0.0757307,10.6296,Yes,N/A,2,3,N/A,5,6,7,2 6,9,3 7,2 9,3 9,6 7,5 9,6 9,7 9,2 6 9,2 7 9
1 2 3 5 6 7 9 13,0.0562659,14.2733,Yes,N/A,2,3,1 3,5,6,7,1 7,9,1 9,2 9,3 9,13,1 13,2 13,3 13,1 3 13,5 13
1 2 3 5 6 7 9 12,0.0658134,12.6312,Yes,N/A,2,3,1 3,5,6,7,1 7,9,1 9,2 9,12,1 12,2 12,3 12,1 3 12,5 12,6 12
2 3 5 6 7 9 12,0.0422754,17.3433,Yes,N/A,2,3,N/A,5,6,7,2 6,9,3 7,2 9,12,6 7,2 12,3 12,7 9,5 12,6 12
1 2 3 5 6 7 9 12 13,0.0373743,19.7214,Yes,N/A,2,3,1 3,5,6,7,1 7,9,1 9,2 9,12,13,1 13,2 13,3 13,1 3 13,5 13
2 3 5 6 7 9 13,0.0342481,19.0866,Yes,N/A,2,3,N/A,5,6,7,2 6,9,3 7,2 9,3 9,13,5 9,2 13,3 13,2 6 9,5 13
1 2 3 5 6 7 9 11,0.0726641,11.403,Yes,N/A,2,3,1 3,5,6,7,1 7,9,1 9,11,1 11,2 11,3 11,1 3 11,5 11,6 11,7 11
2 3 5 6 7 9 11,0.0476259,16.0514,Yes,N/A,2,3,N/A,5,6,7,2 6,9,3 7,11,3 9,2 11,3 11,6 9,5 11,6 11,7 11
1 2 3 5 6 7 9 11 13,0.0422104,18.1803,Yes,N/A,2,3,1 3,5,6,7,1 7,9,1 9,11,1 11,13,1 13,2 13,3 13,1 3 13,5 13
1 2 3 5 6 7 9 11 12,0.049401,16.5133,Yes,N/A,2,3,1 3,5,6,7,1 7,9,1 9,11,12,1 12,2 12,3 12,1 3 12,5 12,6 12
2 3 5 6 7 9 11 12,0.0296885,22.2132,Yes,N/A,2,3,N/A,5,6,7,2 6,9,3 7,11,12,2 11,2 12,3 12,5 11,5 12,6 12
1 2 3 5 6 7 9 11 12 13,0.0301277,23.2002,Yes,N/A,2,3,1 3,5,6,7,1 7,9,1 9,11,12,13,1 13,2 13,3 13,1 3 13,5 13
2 3 5 6 7 9 12 13,0.0215136,25.2085,Yes,N/A,2,3,N/A,5,6,7,2 6,9,3 7,2 9,12,13,2 12,2 13,3 13,5 12,5 13
1 2 3 5 6 7 9 10,0.0790034,10.2813,Yes,N/A,2,3,1 3,5,6,7,1 7,9,10,1 10,2 10,3 10,1 3 10,5 10,6 10,7 10,1 7 10
2 3 5 6 7 9 10,0.0557326,14.2301,Yes,N/A,2,3,N/A,5,6,7,2 6,9,10,2 9,2 10,3 10,5 9,5 10,6 10,7 10,2 6 10
1 2 3 5 6 7 9 10 13,0.048631,16.3159,Yes,N/A,2,3,1 3,5,6,7,1 7,9,10,1 10,2 10,13,1 13,2 13,3 13,1 3 13,5 13
1 2 3 5 6 7 9 10 12,0.0569056,14.6322,Yes,N/A,2,3,1 3,5,6,7,1 7,9,10,1 10,12,1 12,2 12,3 12,1 3 12,5 12,6 12
2 3 5 6 7 9 10 12,0.0333786,20.9098,Yes,N/A,2,3,N/A,5,6,7,2 6,9,10,2 9,12,3 10,2 12,3 12,6 10,5 12,6 12
1 2 3 5 6 7 9 10 12 13,0.0347524,21.1535,Yes,N/A,2,3,1 3,5,6,7,1 7,9,10,1 10,12,13,1 13,2 13,3 13,1 3 13,5 13
2 3 5 6 7 9 10 13,0.0275893,22.5021,Yes,N/A,2,3,N/A,5,6,7,2 6,9,10,2 9,2 10,13,5 9,2 13,3 13,7 10,5 13
1 2 3 5 6 7 9 10 11,0.0627595,13.434,Yes,N/A,2,3,1 3,5,6,7,1 7,9,10,11,1 11,2 11,3 11,1 3 11,5 11,6 11,7 11
2 3 5 6 7 9 10 11,0.0400921,18.4827,Yes,N/A,2,3,N/A,5,6,7,2 6,9,10,11,2 10,2 11,3 11,5 10,5 11,6 11,7 11
1 2 3 5 6 7 9 10 11 13,0.0393842,19.5128,Yes,N/A,2,3,1 3,5,6,7,1 7,9,10,11,1 11,13,1 13,2 13,3 13,1 3 13,5 13
1 2 3 5 6 7 9 10 11 12,0.045731,17.8101,Yes,N/A,2,3,1 3,5,6,7,1 7,9,10,11,12,1 12,2 12,3 12,1 3 12,5 12,6 12
2 3 5 6 7 9 10 11 12,0.026217,24.3342,Yes,N/A,2,3,N/A,5,6,7,2 6,9,10,11,12,2 11,2 12,3 12,5 11,5 12,6 12
1 2 3 5 6 7 9 10 11 12 13,0.03026,23.6908,Yes,N/A,2,3,1 3,5,6,7,1 7,9,10,11,12,13,1 13,2 13,3 13,1 3 13,5 13
2 3 5 6 7 10 12 13,0.0192743,27.3377,Yes,N/A,2,3,N/A,5,6,7,2 6,2 7,10,5 6,12,13,2 12,2 13,3 13,5 12,5 13
2 3 5 6 7 10 11 13,0.0223419,25.0509,Yes,N/A,2,3,N/A,5,6,7,2 6,2 7,10,11,2 10,13,3 11,2 13,3 13,6 11,5 13
2 3 5 6 7 10 11 12 13,0.0153752,30.6726,Yes,N/A,2,3,N/A,5,6,7,2 6,2 7,10,11,12,13,2 12,2 13,3 13,5 12,5 13
1 2 3 5 6 7 8,0.0975491,7.43548,Yes,N/A,2,3,1 3,5,6,7,8,1 8,2 8,3 8,1 3 8,5 8,6 8,7 8,1 7 8,2 7 8,3 7 8
2 3 5 6 7 8,0.0761846,10.1325,Yes,N/A,2,3,N/A,5,6,7,8,2 7,2 8,3 8,5 7,5 8,6 8,7 8,2 6 8,2 7 8,3 7 8
1 2 3 5 6 7 8 13,0.0559467,14.3585,Yes,N/A,2,3,1 3,5,6,7,8,1 8,2 8,3 8,1 3 8,13,1 13,2 13,3 13,1 3 13,5 13
1 2 3 5 6 7 8 12,0.0696507,11.847,Yes,N/A,2,3,1 3,5,6,7,8,1 8,2 8,3 8,12,1 12,2 12,3 12,1 3 12,5 12,6 12
2 3 5 6 7 8 12,0.0448805,16.2306,Yes,N/A,2,3,N/A,5,6,7,8,2 7,2 8,3 8,12,5 8,2 12,3 12,2 6 8,5 12,6 12
1 2 3 5 6 7 8 12 13,0.0392002,19.1249,Yes,N/A,2,3,1 3,5,6,7,8,1 8,2 8,3 8,12,13,1 13,2 13,3 13,1 3 13,5 13
2 3 5 6 7 8 13,0.0350182,18.7805,Yes,N/A,2,3,N/A,5,6,7,8,2 7,2 8,3 8,5 7,13,6 8,2 13,3 13,2 7 8,5 13
1 2 3 5 6 7 8 11,0.0769981,10.5625,Yes,N/A,2,3,1 3,5,6,7,8,1 8,2 8,11,1 11,2 11,3 11,1 3 11,5 11,6 11,7 11
2 3 5 6 7 8 11,0.0501809,15.5546,Yes,N/A,2,3,N/A,5,6,7,8,2 7,2 8,11,5 7,2 11,3 11,7 8,5 11,6 11,7 11
1 2 3 5 6 7 8 11 13,0.0444522,17.4379,Yes,N/A,2,3,1 3,5,6,7,8,1 8,2 8,11,1 11,13,1 13,2 13,3 13,1 3 13,5 13
1 2 3 5 6 7 8 11 12,0.0526799,15.6108,Yes,N/A,2,3,1 3,5,6,7,8,1 8,2 8,11,12,1 12,2 12,3 12,1 3 12,5 12,6 12
2 3 5 6 7 8 11 12,0.0318446,21.0341,Yes,N/A,2,3,N/A,5,6,7,8,2 7,2 8,11,12,2 11,2 12,3 12,5 11,5 12,6 12
1 2 3 5 6 7 8 11 12 13,0.0317108,22.3957,Yes,N/A,2,3,1 3,5,6,7,8,1 8,2 8,11,12,13,1 13,2 13,3 13,1 3 13,5 13
2 3 5 6 7 8 12 13,0.0225287,24.5604,Yes,N/A,2,3,N/A,5,6,7,8,2 7,2 8,3 8,12,13,2 12,2 13,3 13,5 12,5 13
1 2 3 5 6 7 8 10,0.0825108,9.61204,Yes,N/A,2,3,1 3,5,6,7,8,1 8,10,1 10,2 10,3 10,1 3 10,5 10,6 10,7 10,8 10
2 3 5 6 7 8 10,0.0591134,13.4914,Yes,N/A,2,3,N/A,5,6,7,8,2 7,10,3 8,2 10,3 10,6 8,5 10,6 10,7 10,8 10
1 2 3 5 6 7 8 10 13,0.049487,16.1246,Yes,N/A,2,3,1 3,5,6,7,8,1 8,10,1 10,2 10,13,1 13,2 13,3 13,1 3 13,5 13
1 2 3 5 6 7 8 10 12,0.0591002,14.0784,Yes,N/A,2,3,1 3,5,6,7,8,1 8,10,1 10,12,1 12,2 12,3 12,1 3 12,5 12,6 12
2 3 5 6 7 8 10 12,0.0371175,19.3576,Yes,N/A,2,3,N/A,5,6,7,8,2 7,10,3 8,12,3 10,2 12,3 12,6 10,5 12,6 12
1 2 3 5 6 7 8 10 12 13,0.0358627,20.6901,Yes,N/A,2,3,1 3,5,6,7,8,1 8,10,1 10,12,13,1 13,2 13,3 13,1 3 13,5 13
2 3 5 6 7 8 10 13,0.0288448,22.0807,Yes,N/A,2,3,N/A,5,6,7,8,2 7,10,3 8,2 10,13,6 8,2 13,3 13,7 10,5 13
1 2 3 5 6 7 8 10 11,0.0653188,12.8524,Yes,N/A,2,3,1 3,5,6,7,8,1 8,10,11,1 11,2 11,3 11,1 3 11,5 11,6 11,7 11
2 3 5 6 7 8 10 11,0.0419758,18.3424,Yes,N/A,2,3,N/A,5,6,7,8,2 7,10,11,2 10,2 11,3 11,5 10,5 11,6 11,7 11
1 2 3 5 6 7 8 10 11 13,0.0405165,19.1356,Yes,N/A,2,3,1 3,5,6,7,8,1 8,10,11,1 11,13,1 13,2 13,3 13,1 3 13,5 13
1 2 3 5 6 7 8 10 11 12,0.0474457,17.2514,Yes,N/A,2,3,1 3,5,6,7,8,1 8,10,11,12,1 12,2 12,3 12,1 3 12,5 12,6 12
2 3 5 6 7 8 10 11 12,0.027877,23.5929,Yes,N/A,2,3,N/A,5,6,7,8,2 7,10,11,12,2 11,2 12,3 12,5 11,5 12,6 12
1 2 3 5 6 7 8 10 11 12 13,0.0310814,23.188,Yes,N/A,2,3,1 3,5,6,7,8,1 8,10,11,12,13,1 13,2 13,3 13,1 3 13,5 13
2 3 5 6 7 8 11 13,0.0246057,24.2798,Yes,N/A,2,3,N/A,5,6,7,8,2 7,2 8,11,5 7,13,3 11,2 13,3 13,6 11,5 13
2 3 5 6 7 8 11 12 13,0.0170489,29.2718,Yes,N/A,2,3,N/A,5,6,7,8,2 7,2 8,11,12,13,2 12,2 13,3 13,5 12,5 13
1 2 3 5 6 7 8 9,0.0854515,9.09609,Yes,N/A,2,3,1 3,5,6,7,8,9,1 9,2 9,3 9,1 3 9,5 9,6 9,7 9,8 9,1 8 9
2 3 5 6 7 8 9,0.0663358,12.0161,Yes,N/A,2,3,N/A,5,6,7,8,9,2 8,2 9,3 9,5 8,5 9,6 9,7 9,8 9,2 7 9
1 2 3 5 6 7 8 9 13,0.0528924,15.3077,Yes,N/A,2,3,1 3,5,6,7,8,9,1 9,2 9,3 9,13,1 13,2 13,3 13,1 3 13,5 13
1 2 3 5 6 7 8 9 12,0.06354,13.1246,Yes,N/A,2,3,1 3,5,6,7,8,9,1 9,2 9,12,1 12,2 12,3 12,1 3 12,5 12,6 12
2 3 5 6 7 8 9 12,0.0408297,18.1347,Yes,N/A,2,3,N/A,5,6,7,8,9,2 8,2 9,12,5 8,2 12,3 12,7 9,5 12,6 12
1 2 3 5 6 7 8 9 12 13,0.0385075,19.7361,Yes,N/A,2,3,1 3,5,6,7,8,9,1 9,2 9,12,13,1 13,2 13,3 13,1 3 13,5 13
2 3 5 6 7 8 9 13,0.0328815,20.1272,Yes,N/A,2,3,N/A,5,6,7,8,9,2 8,2 9,3 9,13,5 9,2 13,3 13,8 9,5 13
1 2 3 5 6 7 8 9 11,0.0694444,12.1413,Yes,N/A,2,3,1 3,5,6,7,8,9,1 9,11,1 11,2 11,3 11,1 3 11,5 11,6 11,7 11
2 3 5 6 7 8 9 11,0.0467318,16.8252,Yes,N/A,2,3,N/A,5,6,7,8,9,2 8,11,3 9,2 11,3 11,6 9,5 11,6 11,7 11
1 2 3 5 6 7 8 9 11 13,0.0430479,18.3396,Yes,N/A,2,3,1 3,5,6,7,8,9,1 9,11,1 11,13,1 13,2 13,3 13,1 3 13,5 13
1 2 3 5 6 7 8 9 11 12,0.0503093,16.4541,Yes,N/A,2,3,1 3,5,6,7,8,9,1 9,11,12,1 12,2 12,3 12,1 3 12,5 12,6 12
2 3 5 6 7 8 9 11 12,0.0305182,22.4204,Yes,N/A,2,3,N/A,5,6,7,8,9,2 8,11,12,2 11,2 12,3 12,5 11,5 12,6 12
1 2 3 5 6 7 8 9 11 12 13,0.0328209,22.4036,Yes,N/A,2,3,1 3,5,6,7,8,9,1 9,11,12,13,1 13,2 13,3 13,1 3 13,5 13
2 3 5 6 7 8 9 12 13,0.0218867,25.844,Yes,N/A,2,3,N/A,5,6,7,8,9,2 8,2 9,12,13,2 12,2 13,3 13,5 12,5 13
1 2 3 5 6 7 8 9 10,0.0745576,11.248,Yes,N/A,2,3,1 3,5,6,7,8,9,10,1 10,2 10,3 10,1 3 10,5 10,6 10,7 10,8 10
2 3 5 6 7 8 9 10,0.0535041,15.2702,Yes,N/A,2,3,N/A,5,6,7,8,9,10,2 9,2 10,3 10,5 9,5 10,6 10,7 10,8 10
1 2 3 5 6 7 8 9 10 13,0.0482526,16.7365,Yes,N/A,2,3,1 3,5,6,7,8,9,10,1 10,2 10,13,1 13,2 13,3 13,1 3 13,5 13
1 2 3 5 6 7 8 9 10 12,0.0560765,14.9854,Yes,N/A,2,3,1 3,5,6,7,8,9,10,1 10,12,1 12,2 12,3 12,1 3 12,5 12,6 12
2 3 5 6 7 8 9 10 12,0.0344411,20.9293,Yes,N/A,2,3,N/A,5,6,7,8,9,10,2 9,12,3 10,2 12,3 12,6 10,5 12,6 12
1 2 3 5 6 7 8 9 10 12 13,0.0366647,20.7328,Yes,N/A,2,3,1 3,5,6,7,8,9,10,1 10,12,13,1 13,2 13,3 13,1 3 13,5 13
2 3 5 6 7 8 9 10 13,0.0281504,23.0388,Yes,N/A,2,3,N/A,5,6,7,8,9,10,2 9,2 10,13,5 9,2 13,3 13,7 10,5 13
1 2 3 5 6 7 8 9 10 11,0.061056,13.9799,Yes,N/A,2,3,1 3,5,6,7,8,9,10,11,1 11,2 11,3 11,1 3 11,5 11,6 11,7 11
2 3 5 6 7 8 9 10 11,0.0395412,19.3037,Yes,N/A,2,3,N/A,5,6,7,8,9,10,11,2 10,2 11,3 11,5 10,5 11,6 11,7 11
1 2 3 5 6 7 8 9 10 11 13,0.0411223,19.2218,Yes,N/A,2,3,1 3,5,6,7,8,9,10,11,1 11,13,1 13,2 13,3 13,1 3 13,5 13
1 2 3 5 6 7 8 9 10 11 12,0.0472031,17.5204,Yes,N/A,2,3,1 3,5,6,7,8,9,10,11,12,1 12,2 12,3 12,1 3 12,5 12,6 12
2 3 5 6 7 8 9 10 11 12,0.0278872,24.1462,Yes,N/A,2,3,N/A,5,6,7,8,9,10,11,12,2 11,2 12,3 12,5 11,5 12,6 12
1 2 3 5 6 7 8 9 10 11 12 13,0.0335191,22.3967,Yes,N/A,2,3,1 3,5,6,7,8,9,10,11,12,13,1 13,2 13,3 13,1 3 13,5 13
2 3 6 8 10 12 13,0.0143218,30.2265,Yes,N/A,2,3,N/A,2 3,6,N/A,8,3 6,10,3 8,12,13,2 12,2 13,3 13,2 3 12,2 3 13
2 3 6 8 10 11 13,0.0157909,29.4846,Yes,N/A,2,3,N/A,2 3,6,N/A,8,3 6,10,11,2 10,13,3 11,2 13,3 13,6 11,2 3 13
2 3 6 8 10 11 12 13,0.0108537,35.986,Yes,N/A,2,3,N/A,2 3,6,N/A,8,3 6,10,11,12,13,2 12,2 13,3 13,2 3 12,2 3 13
2 3 6 8 9 11 13,0.0170732,28.3623,Yes,N/A,2,3,N/A,2 3,6,N/A,8,9,2 8,11,3 9,13,3 11,2 13,3 13,6 11,2 3 13
2 3 6 8 9 11 12 13,0.0107942,35.6304,Yes,N/A,2,3,N/A,2 3,6,N/A,8,9,2 8,11,12,13,2 12,2 13,3 13,2 3 12,2 3 13
2 3 6 8 9 10 12 13,0.0131808,32.968,Yes,N/A,2,3,N/A,2 3,6,N/A,8,9,10,2 9,12,13,2 12,2 13,3 13,2 3 12,2 3 13
2 3 6 8 9 10 11 13,0.0149802,31.8973,Yes,N/A,2,3,N/A,2 3,6,N/A,8,9,10,11,2 10,13,3 11,2 13,3 13,6 11,2 3 13
2 3 6 8 9 10 11 12 13,0.0106009,38.3242,Yes,N/A,2,3,N/A,2 3,6,N/A,8,9,10,11,12,13,2 12,2 13,3 13,2 3 12,2 3 13
2 3 6 7 9 11 13,0.0186983,26.1748,Yes,N/A,2,3,N/A,2 3,6,7,2 6,9,3 7,11,3 9,13,3 11,2 13,3 13,6 11,2 3 13
2 3 6 7 9 11 12 13,0.0125845,31.9237,Yes,N/A,2,3,N/A,2 3,6,7,2 6,9,3 7,11,12,13,2 12,2 13,3 13,2 3 12,2 3 13
2 3 6 7 9 10 12 13,0.01253,32.252,Yes,N/A,2,3,N/A,2 3,6,7,2 6,9,10,2 9,12,13,2 12,2 13,3 13,2 3 12,2 3 13
2 3 6 7 9 10 11 13,0.0157218,29.1941,Yes,N/A,2,3,N/A,2 3,6,7,2 6,9,10,11,2 10,13,3 11,2 13,3 13,6 11,2 3 13
2 3 6 7 9 10 11 12 13,0.0111138,35.0259,Yes,N/A,2,3,N/A,2 3,6,7,2 6,9,10,11,12,13,2 12,2 13,3 13,2 3 12,2 3 13
2 3 6 7 8 10 12 13,0.0154021,29.2174,Yes,N/A,2,3,N/A,2 3,6,7,8,2 7,10,3 8,12,13,2 12,2 13,3 13,2 3 12,2 3 13
2 3 6 7 8 10 11 13,0.0171602,28.3909,Yes,N/A,2,3,N/A,2 3,6,7,8,2 7,10,11,2 10,13,3 11,2 13,3 13,6 11,2 3 13
2 3 6 7 8 10 11 12 13,0.0123323,33.2708,Yes,N/A,2,3,N/A,2 3,6,7,8,2 7,10,11,12,13,2 12,2 13,3 13,2 3 12,2 3 13
2 3 6 7 8 9 11 13,0.0188364,27.1206,Yes,N/A,2,3,N/A,2 3,6,7,8,9,2 8,11,3 9,13,3 11,2 13,3 13,6 11,2 3 13
2 3 6 7 8 9 11 12 13,0.0132917,32.2825,Yes,N/A,2,3,N/A,2 3,6,7,8,9,2 8,11,12,13,2 12,2 13,3 13,2 3 12,2 3 13
2 3 6 7 8 9 10 12 13,0.0145217,31.0143,Yes,N/A,2,3,N/A,2 3,6,7,8,9,10,2 9,12,13,2 12,2 13,3 13,2 3 12,2 3 13
2 3 6 7 8 9 10 11 13,0.0166969,29.3435,Yes,N/A,2,3,N/A,2 3,6,7,8,9,10,11,2 10,13,3 11,2 13,3 13,6 11,2 3 13
2 3 6 7 8 9 10 11 12 13,0.0126771,34.0133,Yes,N/A,2,3,N/A,2 3,6,7,8,9,10,11,12,13,2 12,2 13,3 13,2 3 12,2 3 13
1 2 3 4,0.147127,5.91923,Yes,N/A,2,3,4,1 4,2 4,3 4,1 3 4,2 3 4,1 2 3 4,N/A,N/A,N/A,N/A,N/A,N/A,N/A,N/A
2 3 4,0.116941,6.98026,Yes,N/A,2,3,4,2 3,2 4,3 4,N/A,2 3 4,N/A,N/A,N/A,N/A,N/A,N/A,N/A,N/A,N/A
1 2 3 4 13,0.0612114,13.478,Yes,N/A,2,3,4,1 4,2 4,3 4,1 3 4,2 3 4,1 2 3 4,N/A,N/A,13,1 13,2 13,3 13,4 13,1 4 13
1 2 3 4 12,0.083179,10.6368,Yes,N/A,2,3,4,1 4,2 4,3 4,1 3 4,2 3 4,1 2 3 4,N/A,12,1 12,2 12,3 12,4 12,1 4 12,2 4 12
2 3 4 12,0.043139,14.3341,Yes,N/A,2,3,4,2 3,2 4,3 4,N/A,2 3 4,N/A,N/A,12,N/A,2 12,3 12,4 12,2 3 12,2 4 12
1 2 3 4 12 13,0.0331835,20.2831,Yes,N/A,2,3,4,1 4,2 4,3 4,1 3 4,2 3 4,1 2 3 4,N/A,12,13,1 13,2 13,3 13,4 13,1 4 13
2 3 4 13,0.0327753,16.5742,Yes,N/A,2,3,4,2 3,2 4,3 4,N/A,2 3 4,N/A,N/A,N/A,13,N/A,2 13,3 13,4 13,2 3 13
1 2 3 4 11,0.102853,7.94889,Yes,N/A,2,3,4,1 4,2 4,3 4,1 3 4,2 3 4,1 2 3 4,11,1 11,2 11,3 11,4 11,1 4 11,2 4 11,3 4 11
2 3 4 11,0.0528281,11.9882,Yes,N/A,2,3,4,2 3,2 4,3 4,N/A,2 3 4,N/A,11,N/A,2 11,3 11,4 11,2 3 11,2 4 11,3 4 11
1 2 3 4 11 13,0.0440952,16.5189,Yes,N/A,2,3,4,1 4,2 4,3 4,1 3 4,2 3 4,1 2 3 4,11,1 11,13,1 13,2 13,3 13,4 13,1 4 13
1 2 3 4 11 12,0.0532894,14.8405,Yes,N/A,2,3,4,1 4,2 4,3 4,1 3 4,2 3 4,1 2 3 4,11,12,1 12,2 12,3 12,4 12,1 4 12,2 4 12
2 3 4 11 12,0.0266419,19.5487,Yes,N/A,2,3,4,2 3,2 4,3 4,N/A,2 3 4,N/A,11,12,2 11,2 12,3 12,4 12,2 3 12,2 4 12
1 2 3 4 11 12 13,0.0252368,24.2336,Yes,N/A,2,3,4,1 4,2 4,3 4,1 3 4,2 3 4,1 2 3 4,11,12,13,1 13,2 13,3 13,4 13,1 4 13
2 3 4 12 13,0.0162142,24.0311,Yes,N/A,2,3,4,2 3,2 4,3 4,N/A,2 3 4,N/A,N/A,12,13,2 12,2 13,3 13,4 13,2 3 13
1 2 3 4 10,0.101568,6.97417,Yes,N/A,2,3,4,1 4,2 4,3 4,1 3 4,2 3 4,10,1 10,2 10,3 10,4 10,1 4 10,2 4 10,3 4 10,1 3 4 10
2 3 4 10,0.0599083,9.77617,Yes,N/A,2,3,4,2 3,2 4,3 4,N/A,2 3 4,10,N/A,2 10,3 10,4 10,2 3 10,2 4 10,3 4 10,N/A
1 2 3 4 10 13,0.0495725,14.8446,Yes,N/A,2,3,4,1 4,2 4,3 4,1 3 4,2 3 4,10,1 10,2 10,13,1 13,2 13,3 13,4 13,1 4 13
1 2 3 4 10 12,0.0606734,12.9131,Yes,N/A,2,3,4,1 4,2 4,3 4,1 3 4,2 3 4,10,1 10,12,1 12,2 12,3 12,4 12,1 4 12,2 4 12
2 3 4 10 12,0.0296192,18.571,Yes,N/A,2,3,4,2 3,2 4,3 4,N/A,2 3 4,10,N/A,12,3 10,2 12,3 12,4 12,2 3 12,2 4 12
1 2 3 4 10 12 13,0.0299388,21.8159,Yes,N/A,2,3,4,1 4,2 4,3 4,1 3 4,2 3 4,10,1 10,12,13,1 13,2 13,3 13,4 13,1 4 13
2 3 4 10 13,0.0230083,20.0675,Yes,N/A,2,3,4,2 3,2 4,3 4,N/A,2 3 4,10,N/A,2 10,13,4 10,2 13,3 13,4 13,2 3 13
1 2 3 4 10 11,0.0688154,11.494,Yes,N/A,2,3,4,1 4,2 4,3 4,1 3 4,2 3 4,10,11,1 11,2 11,3 11,4 11,1 4 11,2 4 11,3 4 11
2 3 4 10 11,0.040634,15.2274,Yes,N/A,2,3,4,2 3,2 4,3 4,N/A,2 3 4,10,11,2 10,2 11,3 11,4 11,2 3 11,2 4 11,3 4 11
1 2 3 4 10 11 13,0.0360519,19.7782,Yes,N/A,2,3,4,1 4,2 4,3 4,1 3 4,2 3 4,10,11,1 11,13,1 13,2 13,3 13,4 13,1 4 13
1 2 3 4 10 11 12,0.0429002,18.4166,Yes,N/A,2,3,4,1 4,2 4,3 4,1 3 4,2 3 4,10,11,12,1 12,2 12,3 12,4 12,1 4 12,2 4 12
2 3 4 10 11 12,0.0239684,23.1109,Yes,N/A,2,3,4,2 3,2 4,3 4,N/A,2 3 4,10,11,12,2 11,2 12,3 12,4 12,2 3 12,2 4 12
1 2 3 4 10 11 12 13,0.0234147,27.2205,Yes,N/A,2,3,4,1 4,2 4,3 4,1 3 4,2 3 4,10,11,12,13,1 13,2 13,3 13,4 13,1 4 13
2 3 4 11 13,0.0184493,22.8642,Yes,N/A,2,3,4,2 3,2 4,3 4,N/A,2 3 4,N/A,11,N/A,13,3 11,2 13,3 13,4 13,2 3 13
2 3 4 11 12 13,0.0119872,29.8478,Yes,N/A,2,3,4,2 3,2 4,3 4,N/A,2 3 4,N/A,11,12,13,2 12,2 13,3 13,4 13,2 3 13
1 2 3 4 9,0.093652,6.28377,Yes,N/A,2,3,4,1 4,2 4,3 4,1 3 4,9,1 9,2 9,3 9,4 9,1 4 9,2 4 9,3 4 9,1 3 4 9,2 3 4 9
2 3 4 9,0.0543273,8.96354,Yes,N/A,2,3,4,2 3,2 4,3 4,N/A,9,N/A,2 9,3 9,4 9,2 3 9,2 4 9,3 4 9,N/A,2 3 4 9
1 2 3 4 9 13,0.0494947,13.7261,Yes,N/A,2,3,4,1 4,2 4,3 4,1 3 4,9,1 9,2 9,3 9,13,1 13,2 13,3 13,4 13,1 4 13
1 2 3 4 9 12,0.0624127,11.7475,Yes,N/A,2,3,4,1 4,2 4,3 4,1 3 4,9,1 9,2 9,12,1 12,2 12,3 12,4 12,1 4 12,2 4 12
2 3 4 9 12,0.0314742,17.3681,Yes,N/A,2,3,4,2 3,2 4,3 4,N/A,9,N/A,2 9,12,4 9,2 12,3 12,4 12,2 3 12,2 4 12
1 2 3 4 9 12 13,0.0315466,20.3866,Yes,N/A,2,3,4,1 4,2 4,3 4,1 3 4,9,1 9,2 9,12,13,1 13,2 13,3 13,4 13,1 4 13
2 3 4 9 13,0.0233846,19.0192,Yes,N/A,2,3,4,2 3,2 4,3 4,N/A,9,N/A,2 9,3 9,13,2 3 9,2 13,3 13,4 13,2 3 13
1 2 3 4 9 11,0.0719425,10.1227,Yes,N/A,2,3,4,1 4,2 4,3 4,1 3 4,9,1 9,11,1 11,2 11,3 11,4 11,1 4 11,2 4 11,3 4 11
2 3 4 9 11,0.0401693,15.9902,Yes,N/A,2,3,4,2 3,2 4,3 4,N/A,9,N/A,11,3 9,2 11,3 11,4 11,2 3 11,2 4 11,3 4 11
1 2 3 4 9 11 13,0.0373573,18.5798,Yes,N/A,2,3,4,1 4,2 4,3 4,1 3 4,9,1 9,11,1 11,13,1 13,2 13,3 13,4 13,1 4 13
1 2 3 4 9 11 12,0.0465098,16.5829,Yes,N/A,2,3,4,1 4,2 4,3 4,1 3 4,9,1 9,11,12,1 12,2 12,3 12,4 12,1 4 12,2 4 12
2 3 4 9 11 12,0.0229767,24.602,Yes,N/A,2,3,4,2 3,2 4,3 4,N/A,9,N/A,11,12,2 11,2 12,3 12,4 12,2 3 12,2 4 12
1 2 3 4 9 11 12 13,0.0252335,25.2436,Yes,N/A,2,3,4,1 4,2 4,3 4,1 3 4,9,1 9,11,12,13,1 13,2 13,3 13,4 13,1 4 13
2 3 4 9 12 13,0.0143688,27.5938,Yes,N/A,2,3,4,2 3,2 4,3 4,N/A,9,N/A,2 9,12,13,2 12,2 13,3 13,4 13,2 3 13
1 2 3 4 9 10,0.0789028,9.09828,Yes,N/A,2,3,4,1 4,2 4,3 4,1 3 4,9,10,1 10,2 10,3 10,4 10,1 4 10,2 4 10,3 4 10,1 3 4 10
2 3 4 9 10,0.0538934,12.8931,Yes,N/A,2,3,4,2 3,2 4,3 4,N/A,9,10,2 9,2 10,3 10,4 10,2 3 10,2 4 10,3 4 10,2 3 4 9
1 2 3 4 9 10 13,0.043689,16.766,Yes,N/A,2,3,4,1 4,2 4,3 4,1 3 4,9,10,1 10,2 10,13,1 13,2 13,3 13,4 13,1 4 13
1 2 3 4 9 10 12,0.052904,15.1868,Yes,N/A,2,3,4,1 4,2 4,3 4,1 3 4,9,10,1 10,12,1 12,2 12,3 12,4 12,1 4 12,2 4 12
2 3 4 9 10 12,0.0322409,20.5169,Yes,N/A,2,3,4,2 3,2 4,3 4,N/A,9,10,2 9,12,3 10,2 12,3 12,4 12,2 3 12,2 4 12
1 2 3 4 9 10 12 13,0.0291768,23.3526,Yes,N/A,2,3,4,1 4,2 4,3 4,1 3 4,9,10,1 10,12,13,1 13,2 13,3 13,4 13,1 4 13
2 3 4 9 10 13,0.0243237,22.4851,Yes,N/A,2,3,4,2 3,2 4,3 4,N/A,9,10,2 9,2 10,13,4 10,2 13,3 13,4 13,2 3 13
1 2 3 4 9 10 11,0.0607959,13.9177,Yes,N/A,2,3,4,1 4,2 4,3 4,1 3 4,9,10,11,1 11,2 11,3 11,4 11,1 4 11,2 4 11,3 4 11
2 3 4 9 10 11,0.0393652,18.8737,Yes,N/A,2,3,4,2 3,2 4,3 4,N/A,9,10,11,2 10,2 11,3 11,4 11,2 3 11,2 4 11,3 4 11
1 2 3 4 9 10 11 13,0.0344021,21.6858,Yes,N/A,2,3,4,1 4,2 4,3 4,1 3 4,9,10,11,1 11,13,1 13,2 13,3 13,4 13,1 4 13
1 2 3 4 9 10 11 12,0.0407278,20.271,Yes,N/A,2,3,4,1 4,2 4,3 4,1 3 4,9,10,11,12,1 12,2 12,3 12,4 12,1 4 12,2 4 12
2 3 4 9 10 11 12,0.0230613,26.6074,Yes,N/A,2,3,4,2 3,2 4,3 4,N/A,9,10,11,12,2 11,2 12,3 12,4 12,2 3 12,2 4 12
1 2 3 4 9 10 11 12 13,0.0241915,28.1845,Yes,N/A,2,3,4,1 4,2 4,3 4,1 3 4,9,10,11,12,13,1 13,2 13,3 13,4 13,1 4 13
2 3 4 10 12 13,0.0132641,28.9267,Yes,N/A,2,3,4,2 3,2 4,3 4,N/A,2 3 4,10,N/A,12,13,2 12,2 13,3 13,4 13,2 3 13
2 3 4 10 11 13,0.0183469,24.9975,Yes,N/A,2,3,4,2 3,2 4,3 4,N/A,2 3 4,10,11,2 10,13,3 11,2 13,3 13,4 13,2 3 13
2 3 4 10 11 12 13,0.011624,32.8853,Yes,N/A,2,3,4,2 3,2 4,3 4,N/A,2 3 4,10,11,12,13,2 12,2 13,3 13,4 13,2 3 13
1 2 3 4 8,0.0894363,5.64831,Yes,N/A,2,3,4,1 4,2 4,3 4,8,1 8,2 8,3 8,4 8,1 4 8,2 4 8,3 4 8,1 3 4 8,2 3 4 8,1 2 3 4 8
2 3 4 8,0.0755012,6.2127,Yes,N/A,2,3,4,2 3,2 4,3 4,8,2 3 4,2 8,3 8,4 8,2 3 8,2 4 8,3 4 8,N/A,2 3 4 8,N/A
1 2 3 4 8 13,0.0496518,12.8577,Yes,N/A,2,3,4,1 4,2 4,3 4,8,1 8,2 8,3 8,4 8,13,1 13,2 13,3 13,4 13,1 4 13
1 2 3 4 8 12,0.0665553,10.4559,Yes,N/A,2,3,4,1 4,2 4,3 4,8,1 8,2 8,3 8,12,1 12,2 12,3 12,4 12,1 4 12,2 4 12
2 3 4 8 12,0.0424777,13.7263,Yes,N/A,2,3,4,2 3,2 4,3 4,8,2 3 4,2 8,3 8,12,2 3 8,2 12,3 12,4 12,2 3 12,2 4 12
1 2 3 4 8 12 13,0.0335105,19.1799,Yes,N/A,2,3,4,1 4,2 4,3 4,8,1 8,2 8,3 8,12,13,1 13,2 13,3 13,4 13,1 4 13
2 3 4 8 13,0.0312526,15.3405,Yes,N/A,2,3,4,2 3,2 4,3 4,8,2 3 4,2 8,3 8,4 8,13,2 4 8,2 13,3 13,4 13,2 3 13
1 2 3 4 8 11,0.078556,8.89469,Yes,N/A,2,3,4,1 4,2 4,3 4,8,1 8,2 8,11,1 11,2 11,3 11,4 11,1 4 11,2 4 11,3 4 11
2 3 4 8 11,0.053826,12.1243,Yes,N/A,2,3,4,2 3,2 4,3 4,8,2 3 4,2 8,11,4 8,2 11,3 11,4 11,2 3 11,2 4 11,3 4 11
1 2 3 4 8 11 13,0.0415105,16.6897,Yes,N/A,2,3,4,1 4,2 4,3 4,8,1 8,2 8,11,1 11,13,1 13,2 13,3 13,4 13,1 4 13
1 2 3 4 8 11 12,0.0511839,15.0512,Yes,N/A,2,3,4,1 4,2 4,3 4,8,1 8,2 8,11,12,1 12,2 12,3 12,4 12,1 4 12,2 4 12
2 3 4 8 11 12,0.0295389,19.7513,Yes,N/A,2,3,4,2 3,2 4,3 4,8,2 3 4,2 8,11,12,2 11,2 12,3 12,4 12,2 3 12,2 4 12
1 2 3 4 8 11 12 13,0.0277061,23.5093,Yes,N/A,2,3,4,1 4,2 4,3 4,8,1 8,2 8,11,12,13,1 13,2 13,3 13,4 13,1 4 13
2 3 4 8 12 13,0.0189312,22.7648,Yes,N/A,2,3,4,2 3,2 4,3 4,8,2 3 4,2 8,3 8,12,13,2 12,2 13,3 13,4 13,2 3 13
1 2 3 4 8 10,0.0876518,7.65434,Yes,N/A,2,3,4,1 4,2 4,3 4,8,1 8,10,1 10,2 10,3 10,4 10,1 4 10,2 4 10,3 4 10,8 10
2 3 4 8 10,0.0651068,10.9943,Yes,N/A,2,3,4,2 3,2 4,3 4,8,2 3 4,10,3 8,2 10,3 10,4 10,2 3 10,2 4 10,3 4 10,8 10
1 2 3 4 8 10 13,0.0480927,14.9902,Yes,N/A,2,3,4,1 4,2 4,3 4,8,1 8,10,1 10,2 10,13,1 13,2 13,3 13,4 13,1 4 13
1 2 3 4 8 10 12,0.0595926,13.1666,Yes,N/A,2,3,4,1 4,2 4,3 4,8,1 8,10,1 10,12,1 12,2 12,3 12,4 12,1 4 12,2 4 12
2 3 4 8 10 12,0.0336455,18.9408,Yes,N/A,2,3,4,2 3,2 4,3 4,8,2 3 4,10,3 8,12,3 10,2 12,3 12,4 12,2 3 12,2 4 12
1 2 3 4 8 10 12 13,0.0321392,21.2423,Yes,N/A,2,3,4,1 4,2 4,3 4,8,1 8,10,1 10,12,13,1 13,2 13,3 13,4 13,1 4 13
2 3 4 8 10 13,0.0285107,19.8667,Yes,N/A,2,3,4,2 3,2 4,3 4,8,2 3 4,10,3 8,2 10,13,4 10,2 13,3 13,4 13,2 3 13
1 2 3 4 8 10 11,0.0683696,11.9659,Yes,N/A,2,3,4,1 4,2 4,3 4,8,1 8,10,11,1 11,2 11,3 11,4 11,1 4 11,2 4 11,3 4 11
2 3 4 8 10 11,0.0417518,17.0439,Yes,N/A,2,3,4,2 3,2 4,3 4,8,2 3 4,10,11,2 10,2 11,3 11,4 11,2 3 11,2 4 11,3 4 11
1 2 3 4 8 10 11 13,0.0381739,19.3491,Yes,N/A,2,3,4,1 4,2 4,3 4,8,1 8,10,11,1 11,13,1 13,2 13,3 13,4 13,1 4 13
1 2 3 4 8 10 11 12,0.0455349,17.9195,Yes,N/A,2,3,4,1 4,2 4,3 4,8,1 8,10,11,12,1 12,2 12,3 12,4 12,1 4 12,2 4 12
2 3 4 8 10 11 12,0.0247149,23.8411,Yes,N/A,2,3,4,2 3,2 4,3 4,8,2 3 4,10,11,12,2 11,2 12,3 12,4 12,2 3 12,2 4 12
1 2 3 4 8 10 11 12 13,0.0267827,25.5579,Yes,N/A,2,3,4,1 4,2 4,3 4,8,1 8,10,11,12,13,1 13,2 13,3 13,4 13,1 4 13
2 3 4 8 11 13,0.023573,21.4788,Yes,N/A,2,3,4,2 3,2 4,3 4,8,2 3 4,2 8,11,4 8,13,3 11,2 13,3 13,4 13,2 3 13
2 3 4 8 11 12 13,0.0144273,28.5148,Yes,N/A,2,3,4,2 3,2 4,3 4,8,2 3 4,2 8,11,12,13,2 12,2 13,3 13,4 13,2 3 13
1 2 3 4 8 9,0.0934799,7.14866,Yes,N/A,2,3,4,1 4,2 4,3 4,8,9,1 9,2 9,3 9,4 9,1 4 9,2 4 9,3 4 9,8 9,1 8 9
2 3 4 8 9,0.0762056,9.78435,Yes,N/A,2,3,4,2 3,2 4,3 4,8,9,2 8,2 9,3 9,4 9,2 3 9,2 4 9,3 4 9,8 9,2 3 4 9
1 2 3 4 8 9 13,0.0534111,13.672,Yes,N/A,2,3,4,1 4,2 4,3 4,8,9,1 9,2 9,3 9,13,1 13,2 13,3 13,4 13,1 4 13
1 2 3 4 8 9 12,0.0652078,12.3425,Yes,N/A,2,3,4,1 4,2 4,3 4,8,9,1 9,2 9,12,1 12,2 12,3 12,4 12,1 4 12,2 4 12
2 3 4 8 9 12,0.0433476,16.8146,Yes,N/A,2,3,4,2 3,2 4,3 4,8,9,2 8,2 9,12,4 9,2 12,3 12,4 12,2 3 12,2 4 12
1 2 3 4 8 9 12 13,0.0355722,19.9799,Yes,N/A,2,3,4,1 4,2 4,3 4,8,9,1 9,2 9,12,13,1 13,2 13,3 13,4 13,1 4 13
2 3 4 8 9 13,0.0334558,18.5374,Yes,N/A,2,3,4,2 3,2 4,3 4,8,9,2 8,2 9,3 9,13,2 3 9,2 13,3 13,4 13,2 3 13
1 2 3 4 8 9 11,0.07526,10.8904,Yes,N/A,2,3,4,1 4,2 4,3 4,8,9,1 9,11,1 11,2 11,3 11,4 11,1 4 11,2 4 11,3 4 11
2 3 4 8 9 11,0.0539073,14.9176,Yes,N/A,2,3,4,2 3,2 4,3 4,8,9,2 8,11,3 9,2 11,3 11,4 11,2 3 11,2 4 11,3 4 11
1 2 3 4 8 9 11 13,0.0423744,17.9044,Yes,N/A,2,3,4,1 4,2 4,3 4,8,9,1 9,11,1 11,13,1 13,2 13,3 13,4 13,1 4 13
1 2 3 4 8 9 11 12,0.050211,16.5338,Yes,N/A,2,3,4,1 4,2 4,3 4,8,9,1 9,11,12,1 12,2 12,3 12,4 12,1 4 12,2 4 12
2 3 4 8 9 11 12,0.0296701,22.2359,Yes,N/A,2,3,4,2 3,2 4,3 4,8,9,2 8,11,12,2 11,2 12,3 12,4 12,2 3 12,2 4 12
1 2 3 4 8 9 11 12 13,0.0293221,23.9067,Yes,N/A,2,3,4,1 4,2 4,3 4,8,9,1 9,11,12,13,1 13,2 13,3 13,4 13,1 4 13
2 3 4 8 9 12 13,0.0194554,25.8441,Yes,N/A,2,3,4,2 3,2 4,3 4,8,9,2 8,2 9,12,13,2 12,2 13,3 13,4 13,2 3 13
1 2 3 4 8 9 10,0.0818396,10.3358,Yes,N/A,2,3,4,1 4,2 4,3 4,8,9,10,1 10,2 10,3 10,4 10,1 4 10,2 4 10,3 4 10,8 10
2 3 4 8 9 10,0.0609274,13.6282,Yes,N/A,2,3,4,2 3,2 4,3 4,8,9,10,2 9,2 10,3 10,4 10,2 3 10,2 4 10,3 4 10,8 10
1 2 3 4 8 9 10 13,0.0477734,16.7921,Yes,N/A,2,3,4,1 4,2 4,3 4,8,9,10,1 10,2 10,13,1 13,2 13,3 13,4 13,1 4 13
1 2 3 4 8 9 10 12,0.0564357,15.2915,Yes,N/A,2,3,4,1 4,2 4,3 4,8,9,10,1 10,12,1 12,2 12,3 12,4 12,1 4 12,2 4 12
2 3 4 8 9 10 12,0.0349802,20.1748,Yes,N/A,2,3,4,2 3,2 4,3 4,8,9,10,2 9,12,3 10,2 12,3 12,4 12,2 3 12,2 4 12
1 2 3 4 8 9 10 12 13,0.0332085,22.3567,Yes,N/A,2,3,4,1 4,2 4,3 4,8,9,10,1 10,12,13,1 13,2 13,3 13,4 13,1 4 13
2 3 4 8 9 10 13,0.0287059,21.8763,Yes,N/A,2,3,4,2 3,2 4,3 4,8,9,10,2 9,2 10,13,4 10,2 13,3 13,4 13,2 3 13
1 2 3 4 8 9 10 11,0.062162,14.497,Yes,N/A,2,3,4,1 4,2 4,3 4,8,9,10,11,1 11,2 11,3 11,4 11,1 4 11,2 4 11,3 4 11
2 3 4 8 9 10 11,0.0399004,18.8048,Yes,N/A,2,3,4,2 3,2 4,3 4,8,9,10,11,2 10,2 11,3 11,4 11,2 3 11,2 4 11,3 4 11
1 2 3 4 8 9 10 11 13,0.0381195,20.7544,Yes,N/A,2,3,4,1 4,2 4,3 4,8,9,10,11,1 11,13,1 13,2 13,3 13,4 13,1 4 13
1 2 3 4 8 9 10 11 12,0.0438438,19.6377,Yes,N/A,2,3,4,1 4,2 4,3 4,8,9,10,11,12,1 12,2 12,3 12,4 12,1 4 12,2 4 12
2 3 4 8 9 10 11 12,0.0252742,24.8428,Yes,N/A,2,3,4,2 3,2 4,3 4,8,9,10,11,12,2 11,2 12,3 12,4 12,2 3 12,2 4 12
1 2 3 4 8 9 10 11 12 13,0.0282949,26.159,Yes,N/A,2,3,4,1 4,2 4,3 4,8,9,10,11,12,13,1 13,2 13,3 13,4 13,1 4 13
2 3 4 9 11 13,0.0168552,26.6054,Yes,N/A,2,3,4,2 3,2 4,3 4,N/A,9,N/A,11,3 9,13,3 11,2 13,3 13,4 13,2 3 13
2 3 4 9 11 12 13,0.0112637,34.6809,Yes,N/A,2,3,4,2 3,2 4,3 4,N/A,9,N/A,11,12,13,2 12,2 13,3 13,4 13,2 3 13
2 3 4 9 10 12 13,0.014916,30.3762,Yes,N/A,2,3,4,2 3,2 4,3 4,N/A,9,10,2 9,12,13,2 12,2 13,3 13,4 13,2 3 13
2 3 4 9 10 11 13,0.0185438,28.2811,Yes,N/A,2,3,4,2 3,2 4,3 4,N/A,9,10,11,2 10,13,3 11,2 13,3 13,4 13,2 3 13
2 3 4 9 10 11 12 13,0.0122224,35.7704,Yes,N/A,2,3,4,2 3,2 4,3 4,N/A,9,10,11,12,13,2 12,2 13,3 13,4 13,2 3 13
1 2 3 4 7,0.0863566,5.25381,Yes,N/A,2,3,4,1 4,2 4,7,1 7,2 7,3 7,4 7,1 4 7,2 4 7,3 4 7,1 3 4 7,2 3 4 7,1 2 3 4 7,N/A
2 3 4 7,0.0667813,6.80219,Yes,N/A,2,3,4,2 3,2 4,7,N/A,2 7,3 7,4 7,2 3 7,2 4 7,3 4 7,N/A,2 3 4 7,N/A,N/A
1 2 3 4 7 13,0.0449244,12.8328,Yes,N/A,2,3,4,1 4,2 4,7,1 7,2 7,3 7,4 7,1 4 7,13,1 13,2 13,3 13,4 13,1 4 13
1 2 3 4 7 12,0.0620547,10.351,Yes,N/A,2,3,4,1 4,2 4,7,1 7,2 7,3 7,4 7,12,1 12,2 12,3 12,4 12,1 4 12,2 4 12
2 3 4 7 12,0.0417195,14.171,Yes,N/A,2,3,4,2 3,2 4,7,N/A,2 7,3 7,4 7,12,2 4 7,2 12,3 12,4 12,2 3 12,2 4 12
1 2 3 4 7 12 13,0.0315047,19.1433,Yes,N/A,2,3,4,1 4,2 4,7,1 7,2 7,3 7,4 7,12,13,1 13,2 13,3 13,4 13,1 4 13
2 3 4 7 13,0.0298308,15.8822,Yes,N/A,2,3,4,2 3,2 4,7,N/A,2 7,3 7,4 7,2 3 7,13,3 4 7,2 13,3 13,4 13,2 3 13
1 2 3 4 7 11,0.0776751,8.51725,Yes,N/A,2,3,4,1 4,2 4,7,1 7,2 7,3 7,11,1 11,2 11,3 11,4 11,1 4 11,2 4 11,7 11
2 3 4 7 11,0.0543973,12.862,Yes,N/A,2,3,4,2 3,2 4,7,N/A,2 7,3 7,11,2 3 7,2 11,3 11,4 11,2 3 11,2 4 11,7 11
1 2 3 4 7 11 13,0.0399028,16.5703,Yes,N/A,2,3,4,1 4,2 4,7,1 7,2 7,3 7,11,1 11,13,1 13,2 13,3 13,4 13,1 4 13
1 2 3 4 7 11 12,0.0502794,14.8625,Yes,N/A,2,3,4,1 4,2 4,7,1 7,2 7,3 7,11,12,1 12,2 12,3 12,4 12,1 4 12,2 4 12
2 3 4 7 11 12,0.0299804,20.4488,Yes,N/A,2,3,4,2 3,2 4,7,N/A,2 7,3 7,11,12,2 11,2 12,3 12,4 12,2 3 12,2 4 12
1 2 3 4 7 11 12 13,0.0268487,23.4315,Yes,N/A,2,3,4,1 4,2 4,7,1 7,2 7,3 7,11,12,13,1 13,2 13,3 13,4 13,1 4 13
2 3 4 7 12 13,0.0192177,23.4385,Yes,N/A,2,3,4,2 3,2 4,7,N/A,2 7,3 7,4 7,12,13,2 12,2 13,3 13,4 13,2 3 13
1 2 3 4 7 10,0.0878812,7.53941,Yes,N/A,2,3,4,1 4,2 4,7,1 7,2 7,10,1 10,2 10,3 10,4 10,1 4 10,2 4 10,7 10,1 7 10
2 3 4 7 10,0.0659418,11.5728,Yes,N/A,2,3,4,2 3,2 4,7,N/A,2 7,10,4 7,2 10,3 10,4 10,2 3 10,2 4 10,7 10,N/A
1 2 3 4 7 10 13,0.0459556,15.2905,Yes,N/A,2,3,4,1 4,2 4,7,1 7,2 7,10,1 10,2 10,13,1 13,2 13,3 13,4 13,1 4 13
1 2 3 4 7 10 12,0.0580163,13.1988,Yes,N/A,2,3,4,1 4,2 4,7,1 7,2 7,10,1 10,12,1 12,2 12,3 12,4 12,1 4 12,2 4 12
2 3 4 7 10 12,0.0372612,19.0858,Yes,N/A,2,3,4,2 3,2 4,7,N/A,2 7,10,4 7,12,3 10,2 12,3 12,4 12,2 3 12,2 4 12
1 2 3 4 7 10 12 13,0.031206,21.3988,Yes,N/A,2,3,4,1 4,2 4,7,1 7,2 7,10,1 10,12,13,1 13,2 13,3 13,4 13,1 4 13
2 3 4 7 10 13,0.0282583,21.0504,Yes,N/A,2,3,4,2 3,2 4,7,N/A,2 7,10,4 7,2 10,13,4 10,2 13,3 13,4 13,2 3 13
1 2 3 4 7 10 11,0.0681552,11.7972,Yes,N/A,2,3,4,1 4,2 4,7,1 7,2 7,10,11,1 11,2 11,3 11,4 11,1 4 11,2 4 11,7 11
2 3 4 7 10 11,0.0415012,18.1105,Yes,N/A,2,3,4,2 3,2 4,7,N/A,2 7,10,11,2 10,2 11,3 11,4 11,2 3 11,2 4 11,7 11
1 2 3 4 7 10 11 13,0.0368635,19.5733,Yes,N/A,2,3,4,1 4,2 4,7,1 7,2 7,10,11,1 11,13,1 13,2 13,3 13,4 13,1 4 13
1 2 3 4 7 10 11 12,0.0447489,17.8482,Yes,N/A,2,3,4,1 4,2 4,7,1 7,2 7,10,11,12,1 12,2 12,3 12,4 12,1 4 12,2 4 12
2 3 4 7 10 11 12,0.0244748,25.2602,Yes,N/A,2,3,4,2 3,2 4,7,N/A,2 7,10,11,12,2 11,2 12,3 12,4 12,2 3 12,2 4 12
1 2 3 4 7 10 11 12 13,0.0259446,25.6893,Yes,N/A,2,3,4,1 4,2 4,7,1 7,2 7,10,11,12,13,1 13,2 13,3 13,4 13,1 4 13
2 3 4 7 11 13,0.0213585,22.8052,Yes,N/A,2,3,4,2 3,2 4,7,N/A,2 7,3 7,11,2 3 7,13,3 11,2 13,3 13,4 13,2 3 13
2 3 4 7 11 12 13,0.0140168,29.8685,Yes,N/A,2,3,4,2 3,2 4,7,N/A,2 7,3 7,11,12,13,2 12,2 13,3 13,4 13,2 3 13
1 2 3 4 7 9,0.0961713,6.79392,Yes,N/A,2,3,4,1 4,2 4,7,1 7,9,1 9,2 9,3 9,4 9,1 4 9,2 4 9,7 9,1 7 9,2 7 9
2 3 4 7 9,0.0757773,10.9192,Yes,N/A,2,3,4,2 3,2 4,7,N/A,9,3 7,2 9,3 9,4 9,2 3 9,2 4 9,7 9,N/A,2 7 9
1 2 3 4 7 9 13,0.0526096,13.6592,Yes,N/A,2,3,4,1 4,2 4,7,1 7,9,1 9,2 9,3 9,13,1 13,2 13,3 13,4 13,1 4 13
1 2 3 4 7 9 12,0.0649151,12.1727,Yes,N/A,2,3,4,1 4,2 4,7,1 7,9,1 9,2 9,12,1 12,2 12,3 12,4 12,1 4 12,2 4 12
2 3 4 7 9 12,0.0420918,18.0131,Yes,N/A,2,3,4,2 3,2 4,7,N/A,9,3 7,2 9,12,4 9,2 12,3 12,4 12,2 3 12,2 4 12
1 2 3 4 7 9 12 13,0.0349696,20.0591,Yes,N/A,2,3,4,1 4,2 4,7,1 7,9,1 9,2 9,12,13,1 13,2 13,3 13,4 13,1 4 13
2 3 4 7 9 13,0.0306869,20.2092,Yes,N/A,2,3,4,2 3,2 4,7,N/A,9,3 7,2 9,3 9,13,2 3 9,2 13,3 13,4 13,2 3 13
1 2 3 4 7 9 11,0.0755436,10.7213,Yes,N/A,2,3,4,1 4,2 4,7,1 7,9,1 9,11,1 11,2 11,3 11,4 11,1 4 11,2 4 11,7 11
2 3 4 7 9 11,0.0458295,17.3029,Yes,N/A,2,3,4,2 3,2 4,7,N/A,9,3 7,11,3 9,2 11,3 11,4 11,2 3 11,2 4 11,7 11
1 2 3 4 7 9 11 13,0.0401665,18.5073,Yes,N/A,2,3,4,1 4,2 4,7,1 7,9,1 9,11,1 11,13,1 13,2 13,3 13,4 13,1 4 13
1 2 3 4 7 9 11 12,0.0489371,16.6984,Yes,N/A,2,3,4,1 4,2 4,7,1 7,9,1 9,11,12,1 12,2 12,3 12,4 12,1 4 12,2 4 12
2 3 4 7 9 11 12,0.027151,24.4292,Yes,N/A,2,3,4,2 3,2 4,7,N/A,9,3 7,11,12,2 11,2 12,3 12,4 12,2 3 12,2 4 12
1 2 3 4 7 9 11 12 13,0.0281276,24.3897,Yes,N/A,2,3,4,1 4,2 4,7,1 7,9,1 9,11,12,13,1 13,2 13,3 13,4 13,1 4 13
2 3 4 7 9 12 13,0.019482,27.1508,Yes,N/A,2,3,4,2 3,2 4,7,N/A,9,3 7,2 9,12,13,2 12,2 13,3 13,4 13,2 3 13
1 2 3 4 7 9 10,0.0835821,9.68425,Yes,N/A,2,3,4,1 4,2 4,7,1 7,9,10,1 10,2 10,3 10,4 10,1 4 10,2 4 10,7 10,1 7 10
2 3 4 7 9 10,0.0524374,15.9494,Yes,N/A,2,3,4,2 3,2 4,7,N/A,9,10,2 9,2 10,3 10,4 10,2 3 10,2 4 10,7 10,2 7 9
1 2 3 4 7 9 10 13,0.0466842,16.8802,Yes,N/A,2,3,4,1 4,2 4,7,1 7,9,10,1 10,2 10,13,1 13,2 13,3 13,4 13,1 4 13
1 2 3 4 7 9 10 12,0.055464,15.1913,Yes,N/A,2,3,4,1 4,2 4,7,1 7,9,10,1 10,12,1 12,2 12,3 12,4 12,1 4 12,2 4 12
2 3 4 7 9 10 12,0.0312889,22.9333,Yes,N/A,2,3,4,2 3,2 4,7,N/A,9,10,2 9,12,3 10,2 12,3 12,4 12,2 3 12,2 4 12
1 2 3 4 7 9 10 12 13,0.0321154,22.6515,Yes,N/A,2,3,4,1 4,2 4,7,1 7,9,10,1 10,12,13,1 13,2 13,3 13,4 13,1 4 13
2 3 4 7 9 10 13,0.0251916,24.8752,Yes,N/A,2,3,4,2 3,2 4,7,N/A,9,10,2 9,2 10,13,4 10,2 13,3 13,4 13,2 3 13
1 2 3 4 7 9 10 11,0.0626598,13.8535,Yes,N/A,2,3,4,1 4,2 4,7,1 7,9,10,11,1 11,2 11,3 11,4 11,1 4 11,2 4 11,7 11
2 3 4 7 9 10 11,0.0352849,21.5037,Yes,N/A,2,3,4,2 3,2 4,7,N/A,9,10,11,2 10,2 11,3 11,4 11,2 3 11,2 4 11,7 11
1 2 3 4 7 9 10 11 13,0.0367449,21.0499,Yes,N/A,2,3,4,1 4,2 4,7,1 7,9,10,11,1 11,13,1 13,2 13,3 13,4 13,1 4 13
1 2 3 4 7 9 10 11 12,0.0433616,19.2601,Yes,N/A,2,3,4,1 4,2 4,7,1 7,9,10,11,12,1 12,2 12,3 12,4 12,1 4 12,2 4 12
2 3 4 7 9 10 11 12,0.0222308,28.6411,Yes,N/A,2,3,4,2 3,2 4,7,N/A,9,10,11,12,2 11,2 12,3 12,4 12,2 3 12,2 4 12
1 2 3 4 7 9 10 11 12 13,0.0273171,26.1967,Yes,N/A,2,3,4,1 4,2 4,7,1 7,9,10,11,12,13,1 13,2 13,3 13,4 13,1 4 13
2 3 4 7 10 12 13,0.0167482,28.9184,Yes,N/A,2,3,4,2 3,2 4,7,N/A,2 7,10,4 7,12,13,2 12,2 13,3 13,4 13,2 3 13
2 3 4 7 10 11 13,0.0194173,27.2609,Yes,N/A,2,3,4,2 3,2 4,7,N/A,2 7,10,11,2 10,13,3 11,2 13,3 13,4 13,2 3 13
2 3 4 7 10 11 12 13,0.0125307,34.5963,Yes,N/A,2,3,4,2 3,2 4,7,N/A,2 7,10,11,12,13,2 12,2 13,3 13,4 13,2 3 13
1 2 3 4 7 8,0.104449,6.43783,Yes,N/A,2,3,4,1 4,2 4,7,8,1 8,2 8,3 8,4 8,1 4 8,2 4 8,7 8,1 7 8,2 7 8,3 7 8
2 3 4 7 8,0.0917019,8.65997,Yes,N/A,2,3,4,2 3,2 4,7,8,2 7,2 8,3 8,4 8,2 3 8,2 4 8,7 8,2 3 4 7,2 7 8,3 7 8
1 2 3 4 7 8 13,0.0595123,12.5068,Yes,N/A,2,3,4,1 4,2 4,7,8,1 8,2 8,3 8,4 8,13,1 13,2 13,3 13,4 13,1 4 13
1 2 3 4 7 8 12,0.0731211,10.9291,Yes,N/A,2,3,4,1 4,2 4,7,8,1 8,2 8,3 8,12,1 12,2 12,3 12,4 12,1 4 12,2 4 12
2 3 4 7 8 12,0.0491708,15.5524,Yes,N/A,2,3,4,2 3,2 4,7,8,2 7,2 8,3 8,12,2 3 8,2 12,3 12,4 12,2 3 12,2 4 12
1 2 3 4 7 8 12 13,0.0392941,18.5982,Yes,N/A,2,3,4,1 4,2 4,7,8,1 8,2 8,3 8,12,13,1 13,2 13,3 13,4 13,1 4 13
2 3 4 7 8 13,0.0394429,17.0041,Yes,N/A,2,3,4,2 3,2 4,7,8,2 7,2 8,3 8,4 8,13,2 4 8,2 13,3 13,4 13,2 3 13
1 2 3 4 7 8 11,0.0814604,10.1181,Yes,N/A,2,3,4,1 4,2 4,7,8,1 8,2 8,11,1 11,2 11,3 11,4 11,1 4 11,2 4 11,7 11
2 3 4 7 8 11,0.0591834,13.9824,Yes,N/A,2,3,4,2 3,2 4,7,8,2 7,2 8,11,4 8,2 11,3 11,4 11,2 3 11,2 4 11,7 11
1 2 3 4 7 8 11 13,0.0449291,17.0768,Yes,N/A,2,3,4,1 4,2 4,7,8,1 8,2 8,11,1 11,13,1 13,2 13,3 13,4 13,1 4 13
1 2 3 4 7 8 11 12,0.053441,15.6476,Yes,N/A,2,3,4,1 4,2 4,7,8,1 8,2 8,11,12,1 12,2 12,3 12,4 12,1 4 12,2 4 12
2 3 4 7 8 11 12,0.0309122,21.5759,Yes,N/A,2,3,4,2 3,2 4,7,8,2 7,2 8,11,12,2 11,2 12,3 12,4 12,2 3 12,2 4 12
1 2 3 4 7 8 11 12 13,0.030624,23.1604,Yes,N/A,2,3,4,1 4,2 4,7,8,1 8,2 8,11,12,13,1 13,2 13,3 13,4 13,1 4 13
2 3 4 7 8 12 13,0.0233595,23.5819,Yes,N/A,2,3,4,2 3,2 4,7,8,2 7,2 8,3 8,12,13,2 12,2 13,3 13,4 13,2 3 13
1 2 3 4 7 8 10,0.0903127,8.84639,Yes,N/A,2,3,4,1 4,2 4,7,8,1 8,10,1 10,2 10,3 10,4 10,1 4 10,2 4 10,7 10,8 10
2 3 4 7 8 10,0.0701797,12.051,Yes,N/A,2,3,4,2 3,2 4,7,8,2 7,10,3 8,2 10,3 10,4 10,2 3 10,2 4 10,7 10,8 10
1 2 3 4 7 8 10 13,0.0516334,15.5458,Yes,N/A,2,3,4,1 4,2 4,7,8,1 8,10,1 10,2 10,13,1 13,2 13,3 13,4 13,1 4 13
1 2 3 4 7 8 10 12,0.0610271,13.8518,Yes,N/A,2,3,4,1 4,2 4,7,8,1 8,10,1 10,12,1 12,2 12,3 12,4 12,1 4 12,2 4 12
2 3 4 7 8 10 12,0.0390309,18.7296,Yes,N/A,2,3,4,2 3,2 4,7,8,2 7,10,3 8,12,3 10,2 12,3 12,4 12,2 3 12,2 4 12
1 2 3 4 7 8 10 12 13,0.0352718,21.0156,Yes,N/A,2,3,4,1 4,2 4,7,8,1 8,10,1 10,12,13,1 13,2 13,3 13,4 13,1 4 13
2 3 4 7 8 10 13,0.032483,20.3024,Yes,N/A,2,3,4,2 3,2 4,7,8,2 7,10,3 8,2 10,13,4 10,2 13,3 13,4 13,2 3 13
1 2 3 4 7 8 10 11,0.0672255,12.8713,Yes,N/A,2,3,4,1 4,2 4,7,8,1 8,10,11,1 11,2 11,3 11,4 11,1 4 11,2 4 11,7 11
2 3 4 7 8 10 11,0.0425412,18.1132,Yes,N/A,2,3,4,2 3,2 4,7,8,2 7,10,11,2 10,2 11,3 11,4 11,2 3 11,2 4 11,7 11
1 2 3 4 7 8 10 11 13,0.0399002,19.5624,Yes,N/A,2,3,4,1 4,2 4,7,8,1 8,10,11,1 11,13,1 13,2 13,3 13,4 13,1 4 13
1 2 3 4 7 8 10 11 12,0.0462333,18.1155,Yes,N/A,2,3,4,1 4,2 4,7,8,1 8,10,11,12,1 12,2 12,3 12,4 12,1 4 12,2 4 12
2 3 4 7 8 10 11 12,0.0260552,24.3981,Yes,N/A,2,3,4,2 3,2 4,7,8,2 7,10,11,12,2 11,2 12,3 12,4 12,2 3 12,2 4 12
1 2 3 4 7 8 10 11 12 13,0.0290411,24.8784,Yes,N/A,2,3,4,1 4,2 4,7,8,1 8,10,11,12,13,1 13,2 13,3 13,4 13,1 4 13
2 3 4 7 8 11 13,0.0275737,22.2904,Yes,N/A,2,3,4,2 3,2 4,7,8,2 7,2 8,11,4 8,13,3 11,2 13,3 13,4 13,2 3 13
2 3 4 7 8 11 12 13,0.0165042,29.2738,Yes,N/A,2,3,4,2 3,2 4,7,8,2 7,2 8,11,12,13,2 12,2 13,3 13,4 13,2 3 13
1 2 3 4 7 8 9,0.0953888,8.23079,Yes,N/A,2,3,4,1 4,2 4,7,8,9,1 9,2 9,3 9,4 9,1 4 9,2 4 9,7 9,8 9,1 8 9
2 3 4 7 8 9,0.0731686,11.3555,Yes,N/A,2,3,4,2 3,2 4,7,8,9,2 8,2 9,3 9,4 9,2 3 9,2 4 9,7 9,8 9,2 7 9
1 2 3 4 7 8 9 13,0.0571863,14.2353,Yes,N/A,2,3,4,1 4,2 4,7,8,9,1 9,2 9,3 9,13,1 13,2 13,3 13,4 13,1 4 13
1 2 3 4 7 8 9 12,0.0660572,12.9792,Yes,N/A,2,3,4,1 4,2 4,7,8,9,1 9,2 9,12,1 12,2 12,3 12,4 12,1 4 12,2 4 12
2 3 4 7 8 9 12,0.0421356,17.8884,Yes,N/A,2,3,4,2 3,2 4,7,8,9,2 8,2 9,12,4 9,2 12,3 12,4 12,2 3 12,2 4 12
1 2 3 4 7 8 9 12 13,0.0387642,19.786,Yes,N/A,2,3,4,1 4,2 4,7,8,9,1 9,2 9,12,13,1 13,2 13,3 13,4 13,1 4 13
2 3 4 7 8 9 13,0.0340689,19.5495,Yes,N/A,2,3,4,2 3,2 4,7,8,9,2 8,2 9,3 9,13,2 3 9,2 13,3 13,4 13,2 3 13
1 2 3 4 7 8 9 11,0.0732183,11.6856,Yes,N/A,2,3,4,1 4,2 4,7,8,9,1 9,11,1 11,2 11,3 11,4 11,1 4 11,2 4 11,7 11
2 3 4 7 8 9 11,0.048692,16.1221,Yes,N/A,2,3,4,2 3,2 4,7,8,9,2 8,11,3 9,2 11,3 11,4 11,2 3 11,2 4 11,7 11
1 2 3 4 7 8 9 11 13,0.0440263,18.005,Yes,N/A,2,3,4,1 4,2 4,7,8,9,1 9,11,1 11,13,1 13,2 13,3 13,4 13,1 4 13
1 2 3 4 7 8 9 11 12,0.0505855,16.7538,Yes,N/A,2,3,4,1 4,2 4,7,8,9,1 9,11,12,1 12,2 12,3 12,4 12,1 4 12,2 4 12
2 3 4 7 8 9 11 12,0.0294939,22.7921,Yes,N/A,2,3,4,2 3,2 4,7,8,9,2 8,11,12,2 11,2 12,3 12,4 12,2 3 12,2 4 12
1 2 3 4 7 8 9 11 12 13,0.0317609,23.207,Yes,N/A,2,3,4,1 4,2 4,7,8,9,1 9,11,12,13,1 13,2 13,3 13,4 13,1 4 13
2 3 4 7 8 9 12 13,0.0214339,25.9412,Yes,N/A,2,3,4,2 3,2 4,7,8,9,2 8,2 9,12,13,2 12,2 13,3 13,4 13,2 3 13
1 2 3 4 7 8 9 10,0.0778997,10.9553,Yes,N/A,2,3,4,1 4,2 4,7,8,9,10,1 10,2 10,3 10,4 10,1 4 10,2 4 10,7 10,8 10
2 3 4 7 8 9 10,0.0530055,15.0531,Yes,N/A,2,3,4,2 3,2 4,7,8,9,10,2 9,2 10,3 10,4 10,2 3 10,2 4 10,7 10,8 10
1 2 3 4 7 8 9 10 13,0.0487601,16.8709,Yes,N/A,2,3,4,1 4,2 4,7,8,9,10,1 10,2 10,13,1 13,2 13,3 13,4 13,1 4 13
1 2 3 4 7 8 9 10 12,0.0558606,15.4121,Yes,N/A,2,3,4,1 4,2 4,7,8,9,10,1 10,12,1 12,2 12,3 12,4 12,1 4 12,2 4 12
2 3 4 7 8 9 10 12,0.0335741,21.0034,Yes,N/A,2,3,4,2 3,2 4,7,8,9,10,2 9,12,3 10,2 12,3 12,4 12,2 3 12,2 4 12
1 2 3 4 7 8 9 10 12 13,0.0354426,21.6441,Yes,N/A,2,3,4,1 4,2 4,7,8,9,10,1 10,12,13,1 13,2 13,3 13,4 13,1 4 13
2 3 4 7 8 9 10 13,0.0279509,22.7897,Yes,N/A,2,3,4,2 3,2 4,7,8,9,10,2 9,2 10,13,4 10,2 13,3 13,4 13,2 3 13
1 2 3 4 7 8 9 10 11,0.0608013,14.4683,Yes,N/A,2,3,4,1 4,2 4,7,8,9,10,11,1 11,2 11,3 11,4 11,1 4 11,2 4 11,7 11
2 3 4 7 8 9 10 11,0.0377962,19.4652,Yes,N/A,2,3,4,2 3,2 4,7,8,9,10,11,2 10,2 11,3 11,4 11,2 3 11,2 4 11,7 11
1 2 3 4 7 8 9 10 11 13,0.0397273,20.1194,Yes,N/A,2,3,4,1 4,2 4,7,8,9,10,11,1 11,13,1 13,2 13,3 13,4 13,1 4 13
1 2 3 4 7 8 9 10 11 12,0.0451736,18.8046,Yes,N/A,2,3,4,1 4,2 4,7,8,9,10,11,12,1 12,2 12,3 12,4 12,1 4 12,2 4 12
2 3 4 7 8 9 10 11 12,0.0255145,25.0537,Yes,N/A,2,3,4,2 3,2 4,7,8,9,10,11,12,2 11,2 12,3 12,4 12,2 3 12,2 4 12
1 2 3 4 7 8 9 10 11 12 13,0.0310555,24.3978,Yes,N/A,2,3,4,1 4,2 4,7,8,9,10,11,12,13,1 13,2 13,3 13,4 13,1 4 13
2 3 4 8 10 12 13,0.0166178,27.4538,Yes,N/A,2,3,4,2 3,2 4,3 4,8,2 3 4,10,3 8,12,13,2 12,2 13,3 13,4 13,2 3 13
2 3 4 8 10 11 13,0.0202079,25.6729,Yes,N/A,2,3,4,2 3,2 4,3 4,8,2 3 4,10,11,2 10,13,3 11,2 13,3 13,4 13,2 3 13
2 3 4 8 10 11 12 13,0.0131268,32.2432,Yes,N/A,2,3,4,2 3,2 4,3 4,8,2 3 4,10,11,12,13,2 12,2 13,3 13,4 13,2 3 13
2 3 4 8 9 11 13,0.0245765,23.7833,Yes,N/A,2,3,4,2 3,2 4,3 4,8,9,2 8,11,3 9,13,3 11,2 13,3 13,4 13,2 3 13
2 3 4 8 9 11 12 13,0.0153398,30.5794,Yes,N/A,2,3,4,2 3,2 4,3 4,8,9,2 8,11,12,13,2 12,2 13,3 13,4 13,2 3 13
2 3 4 8 9 10 12 13,0.0180473,28.3563,Yes,N/A,2,3,4,2 3,2 4,3 4,8,9,10,2 9,12,13,2 12,2 13,3 13,4 13,2 3 13
2 3 4 8 9 10 11 13,0.021066,26.8089,Yes,N/A,2,3,4,2 3,2 4,3 4,8,9,10,11,2 10,13,3 11,2 13,3 13,4 13,2 3 13
2 3 4 8 9 10 11 12 13,0.0147442,32.3362,Yes,N/A,2,3,4,2 3,2 4,3 4,8,9,10,11,12,13,2 12,2 13,3 13,4 13,2 3 13
1 2 3 4 6,0.0882101,4.8991,Yes,N/A,2,3,4,1 4,6,1 6,2 6,3 6,4 6,1 4 6,2 4 6,3 4 6,1 3 4 6,2 3 4 6,1 2 3 4 6,N/A,N/A
2 3 4 6,0.0821789,5.83669,Yes,N/A,2,3,4,2 3,6,3 4,2 6,3 6,4 6,2 3 6,2 4 6,3 4 6,N/A,2 3 4 6,N/A,N/A,N/A
1 2 3 4 6 13,0.0453688,12.4828,Yes,N/A,2,3,4,1 4,6,1 6,2 6,3 6,4 6,1 4 6,2 4 6,13,1 13,2 13,3 13,4 13,1 4 13
1 2 3 4 6 12,0.0626515,10.1091,Yes,N/A,2,3,4,1 4,6,1 6,2 6,3 6,4 6,1 4 6,12,1 12,2 12,3 12,4 12,1 4 12,6 12
2 3 4 6 12,0.0512894,12.3682,Yes,N/A,2,3,4,2 3,6,3 4,2 6,3 6,4 6,2 3 6,12,3 4 6,2 12,3 12,4 12,2 3 12,6 12
1 2 3 4 6 12 13,0.0319505,18.8685,Yes,N/A,2,3,4,1 4,6,1 6,2 6,3 6,4 6,1 4 6,12,13,1 13,2 13,3 13,4 13,1 4 13
2 3 4 6 13,0.0326143,15.1952,Yes,N/A,2,3,4,2 3,6,3 4,2 6,3 6,4 6,2 3 6,2 4 6,13,N/A,2 13,3 13,4 13,2 3 13
1 2 3 4 6 11,0.0806834,8.04828,Yes,N/A,2,3,4,1 4,6,1 6,2 6,3 6,4 6,11,1 11,2 11,3 11,4 11,1 4 11,6 11,1 6 11
2 3 4 6 11,0.065794,10.8073,Yes,N/A,2,3,4,2 3,6,3 4,2 6,3 6,4 6,11,2 4 6,2 11,3 11,4 11,2 3 11,6 11,3 4 11
1 2 3 4 6 11 13,0.0416923,16.0511,Yes,N/A,2,3,4,1 4,6,1 6,2 6,3 6,4 6,11,1 11,13,1 13,2 13,3 13,4 13,1 4 13
1 2 3 4 6 11 12,0.0533067,14.2353,Yes,N/A,2,3,4,1 4,6,1 6,2 6,3 6,4 6,11,12,1 12,2 12,3 12,4 12,1 4 12,6 12
2 3 4 6 11 12,0.0385277,17.3908,Yes,N/A,2,3,4,2 3,6,3 4,2 6,3 6,4 6,11,12,2 11,2 12,3 12,4 12,2 3 12,6 12
1 2 3 4 6 11 12 13,0.0283865,23.0222,Yes,N/A,2,3,4,1 4,6,1 6,2 6,3 6,4 6,11,12,13,1 13,2 13,3 13,4 13,1 4 13
2 3 4 6 12 13,0.0211123,21.5187,Yes,N/A,2,3,4,2 3,6,3 4,2 6,3 6,4 6,2 3 6,12,13,2 12,2 13,3 13,4 13,2 3 13
1 2 3 4 6 10,0.0955203,6.79547,Yes,N/A,2,3,4,1 4,6,1 6,2 6,3 6,10,1 10,2 10,3 10,4 10,1 4 10,6 10,1 6 10,2 6 10
2 3 4 6 10,0.0791636,9.8034,Yes,N/A,2,3,4,2 3,6,3 4,2 6,3 6,10,2 3 6,2 10,3 10,4 10,2 3 10,6 10,3 4 10,2 6 10
1 2 3 4 6 10 13,0.0487983,14.436,Yes,N/A,2,3,4,1 4,6,1 6,2 6,3 6,10,1 10,2 10,13,1 13,2 13,3 13,4 13,1 4 13
1 2 3 4 6 10 12,0.0629619,12.2044,Yes,N/A,2,3,4,1 4,6,1 6,2 6,3 6,10,1 10,12,1 12,2 12,3 12,4 12,1 4 12,6 12
2 3 4 6 10 12,0.0387072,17.4966,Yes,N/A,2,3,4,2 3,6,3 4,2 6,3 6,10,2 3 6,12,3 10,2 12,3 12,4 12,2 3 12,6 12
1 2 3 4 6 10 12 13,0.0327779,20.4,Yes,N/A,2,3,4,1 4,6,1 6,2 6,3 6,10,1 10,12,13,1 13,2 13,3 13,4 13,1 4 13
2 3 4 6 10 13,0.0308488,18.9491,Yes,N/A,2,3,4,2 3,6,3 4,2 6,3 6,10,2 3 6,2 10,13,4 10,2 13,3 13,4 13,2 3 13
1 2 3 4 6 10 11,0.0736095,10.9159,Yes,N/A,2,3,4,1 4,6,1 6,2 6,3 6,10,11,1 11,2 11,3 11,4 11,1 4 11,6 11,1 6 11
2 3 4 6 10 11,0.0509527,14.9014,Yes,N/A,2,3,4,2 3,6,3 4,2 6,3 6,10,11,2 10,2 11,3 11,4 11,2 3 11,6 11,3 4 11
1 2 3 4 6 10 11 13,0.0395635,18.5107,Yes,N/A,2,3,4,1 4,6,1 6,2 6,3 6,10,11,1 11,13,1 13,2 13,3 13,4 13,1 4 13
1 2 3 4 6 10 11 12,0.0482794,16.8213,Yes,N/A,2,3,4,1 4,6,1 6,2 6,3 6,10,11,12,1 12,2 12,3 12,4 12,1 4 12,6 12
2 3 4 6 10 11 12,0.0292411,21.5841,Yes,N/A,2,3,4,2 3,6,3 4,2 6,3 6,10,11,12,2 11,2 12,3 12,4 12,2 3 12,6 12
1 2 3 4 6 10 11 12 13,0.0276707,24.7733,Yes,N/A,2,3,4,1 4,6,1 6,2 6,3 6,10,11,12,13,1 13,2 13,3 13,4 13,1 4 13
2 3 4 6 11 13,0.0274776,20.2716,Yes,N/A,2,3,4,2 3,6,3 4,2 6,3 6,4 6,11,2 4 6,13,3 11,2 13,3 13,4 13,2 3 13
2 3 4 6 11 12 13,0.0177565,26.4362,Yes,N/A,2,3,4,2 3,6,3 4,2 6,3 6,4 6,11,12,13,2 12,2 13,3 13,4 13,2 3 13
1 2 3 4 6 9,0.10388,6.36423,Yes,N/A,2,3,4,1 4,6,1 6,2 6,9,1 9,2 9,3 9,4 9,1 4 9,6 9,1 6 9,2 6 9,3 6 9
2 3 4 6 9,0.090022,8.69502,Yes,N/A,2,3,4,2 3,6,3 4,2 6,9,4 6,2 9,3 9,4 9,2 3 9,6 9,3 4 9,2 6 9,3 6 9
1 2 3 4 6 9 13,0.0555673,13.2545,Yes,N/A,2,3,4,1 4,6,1 6,2 6,9,1 9,2 9,3 9,13,1 13,2 13,3 13,4 13,1 4 13
1 2 3 4 6 9 12,0.0701247,11.227,Yes,N/A,2,3,4,1 4,6,1 6,2 6,9,1 9,2 9,12,1 12,2 12,3 12,4 12,1 4 12,6 12
2 3 4 6 9 12,0.0490375,15.4558,Yes,N/A,2,3,4,2 3,6,3 4,2 6,9,4 6,2 9,12,4 9,2 12,3 12,4 12,2 3 12,6 12
1 2 3 4 6 9 12 13,0.0365754,19.1869,Yes,N/A,2,3,4,1 4,6,1 6,2 6,9,1 9,2 9,12,13,1 13,2 13,3 13,4 13,1 4 13
2 3 4 6 9 13,0.0367679,17.6549,Yes,N/A,2,3,4,2 3,6,3 4,2 6,9,4 6,2 9,3 9,13,2 3 9,2 13,3 13,4 13,2 3 13
1 2 3 4 6 9 11,0.0808105,9.73069,Yes,N/A,2,3,4,1 4,6,1 6,2 6,9,1 9,11,1 11,2 11,3 11,4 11,1 4 11,6 11,1 6 11
2 3 4 6 9 11,0.0585555,13.9345,Yes,N/A,2,3,4,2 3,6,3 4,2 6,9,4 6,11,3 9,2 11,3 11,4 11,2 3 11,6 11,3 4 11
1 2 3 4 6 9 11 13,0.0440922,17.15,Yes,N/A,2,3,4,1 4,6,1 6,2 6,9,1 9,11,1 11,13,1 13,2 13,3 13,4 13,1 4 13
1 2 3 4 6 9 11 12,0.0537346,15.3091,Yes,N/A,2,3,4,1 4,6,1 6,2 6,9,1 9,11,12,1 12,2 12,3 12,4 12,1 4 12,6 12
2 3 4 6 9 11 12,0.032872,20.8492,Yes,N/A,2,3,4,2 3,6,3 4,2 6,9,4 6,11,12,2 11,2 12,3 12,4 12,2 3 12,6 12
1 2 3 4 6 9 11 12 13,0.0305242,23.009,Yes,N/A,2,3,4,1 4,6,1 6,2 6,9,1 9,11,12,13,1 13,2 13,3 13,4 13,1 4 13
2 3 4 6 9 12 13,0.0215875,24.4761,Yes,N/A,2,3,4,2 3,6,3 4,2 6,9,4 6,2 9,12,13,2 12,2 13,3 13,4 13,2 3 13
1 2 3 4 6 9 10,0.0886889,8.80694,Yes,N/A,2,3,4,1 4,6,1 6,2 6,9,10,1 10,2 10,3 10,4 10,1 4 10,6 10,1 6 10,2 6 10
2 3 4 6 9 10,0.0618089,12.9627,Yes,N/A,2,3,4,2 3,6,3 4,2 6,9,10,2 9,2 10,3 10,4 10,2 3 10,6 10,3 4 10,2 6 10
1 2 3 4 6 9 10 13,0.0488503,15.8638,Yes,N/A,2,3,4,1 4,6,1 6,2 6,9,10,1 10,2 10,13,1 13,2 13,3 13,4 13,1 4 13
1 2 3 4 6 9 10 12,0.0594473,13.9088,Yes,N/A,2,3,4,1 4,6,1 6,2 6,9,10,1 10,12,1 12,2 12,3 12,4 12,1 4 12,6 12
2 3 4 6 9 10 12,0.0359389,19.275,Yes,N/A,2,3,4,2 3,6,3 4,2 6,9,10,2 9,12,3 10,2 12,3 12,4 12,2 3 12,6 12
1 2 3 4 6 9 10 12 13,0.0336857,21.3859,Yes,N/A,2,3,4,1 4,6,1 6,2 6,9,10,1 10,12,13,1 13,2 13,3 13,4 13,1 4 13
2 3 4 6 9 10 13,0.0274815,21.8139,Yes,N/A,2,3,4,2 3,6,3 4,2 6,9,10,2 9,2 10,13,4 10,2 13,3 13,4 13,2 3 13
1 2 3 4 6 9 10 11,0.0664721,12.7163,Yes,N/A,2,3,4,1 4,6,1 6,2 6,9,10,11,1 11,2 11,3 11,4 11,1 4 11,6 11,1 6 11
2 3 4 6 9 10 11,0.0422136,17.4938,Yes,N/A,2,3,4,2 3,6,3 4,2 6,9,10,11,2 10,2 11,3 11,4 11,2 3 11,6 11,3 4 11
1 2 3 4 6 9 10 11 13,0.0392209,19.5907,Yes,N/A,2,3,4,1 4,6,1 6,2 6,9,10,11,1 11,13,1 13,2 13,3 13,4 13,1 4 13
1 2 3 4 6 9 10 11 12,0.0466164,17.8849,Yes,N/A,2,3,4,1 4,6,1 6,2 6,9,10,11,12,1 12,2 12,3 12,4 12,1 4 12,6 12
2 3 4 6 9 10 11 12,0.0264815,23.8364,Yes,N/A,2,3,4,2 3,6,3 4,2 6,9,10,11,12,2 11,2 12,3 12,4 12,2 3 12,6 12
1 2 3 4 6 9 10 11 12 13,0.0290962,24.8111,Yes,N/A,2,3,4,1 4,6,1 6,2 6,9,10,11,12,13,1 13,2 13,3 13,4 13,1 4 13
2 3 4 6 10 12 13,0.0176679,26.2981,Yes,N/A,2,3,4,2 3,6,3 4,2 6,3 6,10,2 3 6,12,13,2 12,2 13,3 13,4 13,2 3 13
2 3 4 6 10 11 13,0.023206,23.6382,Yes,N/A,2,3,4,2 3,6,3 4,2 6,3 6,10,11,2 10,13,3 11,2 13,3 13,4 13,2 3 13
2 3 4 6 10 11 12 13,0.0151548,30.0437,Yes,N/A,2,3,4,2 3,6,3 4,2 6,3 6,10,11,12,13,2 12,2 13,3 13,4 13,2 3 13
1 2 3 4 6 8,0.11143,5.92329,Yes,N/A,2,3,4,1 4,6,1 6,8,1 8,2 8,3 8,4 8,1 4 8,6 8,1 6 8,2 6 8,3 6 8,4 6 8
2 3 4 6 8,0.0977257,8.15915,Yes,N/A,2,3,4,2 3,6,3 4,8,3 6,2 8,3 8,4 8,2 3 8,6 8,3 4 8,2 6 8,3 6 8,4 6 8
1 2 3 4 6 8 13,0.0626825,12.0505,Yes,N/A,2,3,4,1 4,6,1 6,8,1 8,2 8,3 8,4 8,13,1 13,2 13,3 13,4 13,1 4 13
1 2 3 4 6 8 12,0.0774171,9.96925,Yes,N/A,2,3,4,1 4,6,1 6,8,1 8,2 8,3 8,12,1 12,2 12,3 12,4 12,1 4 12,6 12
2 3 4 6 8 12,0.0493544,15.2074,Yes,N/A,2,3,4,2 3,6,3 4,8,3 6,2 8,3 8,12,2 3 8,2 12,3 12,4 12,2 3 12,6 12
1 2 3 4 6 8 12 13,0.0410284,17.6096,Yes,N/A,2,3,4,1 4,6,1 6,8,1 8,2 8,3 8,12,13,1 13,2 13,3 13,4 13,1 4 13
2 3 4 6 8 13,0.041616,16.453,Yes,N/A,2,3,4,2 3,6,3 4,8,3 6,2 8,3 8,4 8,13,6 8,2 13,3 13,4 13,2 3 13
1 2 3 4 6 8 11,0.0876087,8.83029,Yes,N/A,2,3,4,1 4,6,1 6,8,1 8,2 8,11,1 11,2 11,3 11,4 11,1 4 11,6 11,1 6 11
2 3 4 6 8 11,0.0638077,12.7044,Yes,N/A,2,3,4,2 3,6,3 4,8,3 6,2 8,11,4 8,2 11,3 11,4 11,2 3 11,6 11,3 4 11
1 2 3 4 6 8 11 13,0.0483528,15.8845,Yes,N/A,2,3,4,1 4,6,1 6,8,1 8,2 8,11,1 11,13,1 13,2 13,3 13,4 13,1 4 13
1 2 3 4 6 8 11 12,0.0585907,14.0014,Yes,N/A,2,3,4,1 4,6,1 6,8,1 8,2 8,11,12,1 12,2 12,3 12,4 12,1 4 12,6 12
2 3 4 6 8 11 12,0.0366255,18.8934,Yes,N/A,2,3,4,2 3,6,3 4,8,3 6,2 8,11,12,2 11,2 12,3 12,4 12,2 3 12,6 12
1 2 3 4 6 8 11 12 13,0.0335551,21.3254,Yes,N/A,2,3,4,1 4,6,1 6,8,1 8,2 8,11,12,13,1 13,2 13,3 13,4 13,1 4 13
2 3 4 6 8 12 13,0.0240465,23.0302,Yes,N/A,2,3,4,2 3,6,3 4,8,3 6,2 8,3 8,12,13,2 12,2 13,3 13,4 13,2 3 13
1 2 3 4 6 8 10,0.0936999,7.96746,Yes,N/A,2,3,4,1 4,6,1 6,8,1 8,10,1 10,2 10,3 10,4 10,1 4 10,6 10,1 6 10,8 10
2 3 4 6 8 10,0.062781,12.6597,Yes,N/A,2,3,4,2 3,6,3 4,8,3 6,10,3 8,2 10,3 10,4 10,2 3 10,6 10,3 4 10,8 10
1 2 3 4 6 8 10 13,0.0534197,14.612,Yes,N/A,2,3,4,1 4,6,1 6,8,1 8,10,1 10,2 10,13,1 13,2 13,3 13,4 13,1 4 13
1 2 3 4 6 8 10 12,0.0623389,13.0746,Yes,N/A,2,3,4,1 4,6,1 6,8,1 8,10,1 10,12,1 12,2 12,3 12,4 12,1 4 12,6 12
2 3 4 6 8 10 12,0.0324892,20.8897,Yes,N/A,2,3,4,2 3,6,3 4,8,3 6,10,3 8,12,3 10,2 12,3 12,4 12,2 3 12,6 12
1 2 3 4 6 8 10 12 13,0.0356119,20.2743,Yes,N/A,2,3,4,1 4,6,1 6,8,1 8,10,1 10,12,13,1 13,2 13,3 13,4 13,1 4 13
2 3 4 6 8 10 13,0.0309426,20.3766,Yes,N/A,2,3,4,2 3,6,3 4,8,3 6,10,3 8,2 10,13,4 10,2 13,3 13,4 13,2 3 13
1 2 3 4 6 8 10 11,0.0702514,11.7177,Yes,N/A,2,3,4,1 4,6,1 6,8,1 8,10,11,1 11,2 11,3 11,4 11,1 4 11,6 11,1 6 11
2 3 4 6 8 10 11,0.0443881,16.9655,Yes,N/A,2,3,4,2 3,6,3 4,8,3 6,10,11,2 10,2 11,3 11,4 11,2 3 11,6 11,3 4 11
1 2 3 4 6 8 10 11 13,0.0417565,18.3706,Yes,N/A,2,3,4,1 4,6,1 6,8,1 8,10,11,1 11,13,1 13,2 13,3 13,4 13,1 4 13
1 2 3 4 6 8 10 11 12,0.0491182,16.6728,Yes,N/A,2,3,4,1 4,6,1 6,8,1 8,10,11,12,1 12,2 12,3 12,4 12,1 4 12,6 12
2 3 4 6 8 10 11 12,0.0275105,23.298,Yes,N/A,2,3,4,2 3,6,3 4,8,3 6,10,11,12,2 11,2 12,3 12,4 12,2 3 12,6 12
1 2 3 4 6 8 10 11 12 13,0.0305931,23.3726,Yes,N/A,2,3,4,1 4,6,1 6,8,1 8,10,11,12,13,1 13,2 13,3 13,4 13,1 4 13
2 3 4 6 8 11 13,0.0285165,21.5459,Yes,N/A,2,3,4,2 3,6,3 4,8,3 6,2 8,11,4 8,13,3 11,2 13,3 13,4 13,2 3 13
2 3 4 6 8 11 12 13,0.018851,27.0446,Yes,N/A,2,3,4,2 3,6,3 4,8,3 6,2 8,11,12,13,2 12,2 13,3 13,4 13,2 3 13
1 2 3 4 6 8 9,0.0968615,7.47873,Yes,N/A,2,3,4,1 4,6,1 6,8,9,1 9,2 9,3 9,4 9,1 4 9,6 9,1 6 9,8 9,1 8 9
2 3 4 6 8 9,0.0704261,11.0705,Yes,N/A,2,3,4,2 3,6,3 4,8,9,2 8,2 9,3 9,4 9,2 3 9,6 9,3 4 9,8 9,3 6 9
1 2 3 4 6 8 9 13,0.0583746,13.6123,Yes,N/A,2,3,4,1 4,6,1 6,8,9,1 9,2 9,3 9,13,1 13,2 13,3 13,4 13,1 4 13
1 2 3 4 6 8 9 12,0.0690229,11.9248,Yes,N/A,2,3,4,1 4,6,1 6,8,9,1 9,2 9,12,1 12,2 12,3 12,4 12,1 4 12,6 12
2 3 4 6 8 9 12,0.0432539,16.9017,Yes,N/A,2,3,4,2 3,6,3 4,8,9,2 8,2 9,12,4 9,2 12,3 12,4 12,2 3 12,6 12
1 2 3 4 6 8 9 12 13,0.0403221,18.7854,Yes,N/A,2,3,4,1 4,6,1 6,8,9,1 9,2 9,12,13,1 13,2 13,3 13,4 13,1 4 13
2 3 4 6 8 9 13,0.033288,19.3064,Yes,N/A,2,3,4,2 3,6,3 4,8,9,2 8,2 9,3 9,13,2 3 9,2 13,3 13,4 13,2 3 13
1 2 3 4 6 8 9 11,0.0762811,10.651,Yes,N/A,2,3,4,1 4,6,1 6,8,9,1 9,11,1 11,2 11,3 11,4 11,1 4 11,6 11,1 6 11
2 3 4 6 8 9 11,0.0502028,15.3262,Yes,N/A,2,3,4,2 3,6,3 4,8,9,2 8,11,3 9,2 11,3 11,4 11,2 3 11,6 11,3 4 11
1 2 3 4 6 8 9 11 13,0.0456446,17.2144,Yes,N/A,2,3,4,1 4,6,1 6,8,9,1 9,11,1 11,13,1 13,2 13,3 13,4 13,1 4 13
1 2 3 4 6 8 9 11 12,0.0539683,15.4346,Yes,N/A,2,3,4,1 4,6,1 6,8,9,1 9,11,12,1 12,2 12,3 12,4 12,1 4 12,6 12
2 3 4 6 8 9 11 12,0.0321268,21.0847,Yes,N/A,2,3,4,2 3,6,3 4,8,9,2 8,11,12,2 11,2 12,3 12,4 12,2 3 12,6 12
1 2 3 4 6 8 9 11 12 13,0.0335913,21.9702,Yes,N/A,2,3,4,1 4,6,1 6,8,9,1 9,11,12,13,1 13,2 13,3 13,4 13,1 4 13
2 3 4 6 8 9 12 13,0.0220801,25.0229,Yes,N/A,2,3,4,2 3,6,3 4,8,9,2 8,2 9,12,13,2 12,2 13,3 13,4 13,2 3 13
1 2 3 4 6 8 9 10,0.0806567,9.92396,Yes,N/A,2,3,4,1 4,6,1 6,8,9,10,1 10,2 10,3 10,4 10,1 4 10,6 10,1 6 10,8 10
2 3 4 6 8 9 10,0.0547512,14.1528,Yes,N/A,2,3,4,2 3,6,3 4,8,9,10,2 9,2 10,3 10,4 10,2 3 10,6 10,3 4 10,8 10
1 2 3 4 6 8 9 10 13,0.0503028,15.8986,Yes,N/A,2,3,4,1 4,6,1 6,8,9,10,1 10,2 10,13,1 13,2 13,3 13,4 13,1 4 13
1 2 3 4 6 8 9 10 12,0.0585828,14.2465,Yes,N/A,2,3,4,1 4,6,1 6,8,9,10,1 10,12,1 12,2 12,3 12,4 12,1 4 12,6 12
2 3 4 6 8 9 10 12,0.0338964,20.5129,Yes,N/A,2,3,4,2 3,6,3 4,8,9,10,2 9,12,3 10,2 12,3 12,4 12,2 3 12,6 12
1 2 3 4 6 8 9 10 12 13,0.0365163,20.672,Yes,N/A,2,3,4,1 4,6,1 6,8,9,10,1 10,12,13,1 13,2 13,3 13,4 13,1 4 13
2 3 4 6 8 9 10 13,0.0285435,21.7535,Yes,N/A,2,3,4,2 3,6,3 4,8,9,10,2 9,2 10,13,4 10,2 13,3 13,4 13,2 3 13
1 2 3 4 6 8 9 10 11,0.064346,13.1889,Yes,N/A,2,3,4,1 4,6,1 6,8,9,10,11,1 11,2 11,3 11,4 11,1 4 11,6 11,1 6 11
2 3 4 6 8 9 10 11,0.039901,18.5047,Yes,N/A,2,3,4,2 3,6,3 4,8,9,10,11,2 10,2 11,3 11,4 11,2 3 11,6 11,3 4 11
1 2 3 4 6 8 9 10 11 13,0.0414549,19.015,Yes,N/A,2,3,4,1 4,6,1 6,8,9,10,11,1 11,13,1 13,2 13,3 13,4 13,1 4 13
1 2 3 4 6 8 9 10 11 12,0.0480025,17.4434,Yes,N/A,2,3,4,1 4,6,1 6,8,9,10,11,12,1 12,2 12,3 12,4 12,1 4 12,6 12
2 3 4 6 8 9 10 11 12,0.0271167,23.8756,Yes,N/A,2,3,4,2 3,6,3 4,8,9,10,11,12,2 11,2 12,3 12,4 12,2 3 12,6 12
1 2 3 4 6 8 9 10 11 12 13,0.0324807,23.1468,Yes,N/A,2,3,4,1 4,6,1 6,8,9,10,11,12,13,1 13,2 13,3 13,4 13,1 4 13
2 3 4 6 9 11 13,0.0268042,22.9256,Yes,N/A,2,3,4,2 3,6,3 4,2 6,9,4 6,11,3 9,13,3 11,2 13,3 13,4 13,2 3 13
2 3 4 6 9 11 12 13,0.0171452,29.2273,Yes,N/A,2,3,4,2 3,6,3 4,2 6,9,4 6,11,12,13,2 12,2 13,3 13,4 13,2 3 13
2 3 4 6 9 10 12 13,0.0175317,28.1674,Yes,N/A,2,3,4,2 3,6,3 4,2 6,9,10,2 9,12,13,2 12,2 13,3 13,4 13,2 3 13
2 3 4 6 9 10 11 13,0.0218719,25.6434,Yes,N/A,2,3,4,2 3,6,3 4,2 6,9,10,11,2 10,13,3 11,2 13,3 13,4 13,2 3 13
2 3 4 6 9 10 11 12 13,0.0152273,31.4144,Yes,N/A,2,3,4,2 3,6,3 4,2 6,9,10,11,12,13,2 12,2 13,3 13,4 13,2 3 13
1 2 3 4 6 7,0.115411,5.88872,Yes,N/A,2,3,4,1 4,6,7,1 7,2 7,3 7,4 7,1 4 7,6 7,1 6 7,2 6 7,3 6 7,4 6 7,1 4 6 7
2 3 4 6 7,0.100521,7.752,Yes,N/A,2,3,4,2 3,6,7,2 6,2 7,3 7,4 7,2 3 7,6 7,3 4 7,2 6 7,3 6 7,4 6 7,2 3 6 7
1 2 3 4 6 7 13,0.0639779,12.1265,Yes,N/A,2,3,4,1 4,6,7,1 7,2 7,3 7,4 7,1 4 7,13,1 13,2 13,3 13,4 13,1 4 13
1 2 3 4 6 7 12,0.0824104,9.43113,Yes,N/A,2,3,4,1 4,6,7,1 7,2 7,3 7,4 7,12,1 12,2 12,3 12,4 12,1 4 12,6 12
2 3 4 6 7 12,0.0550746,13.8751,Yes,N/A,2,3,4,2 3,6,7,2 6,2 7,3 7,4 7,12,6 7,2 12,3 12,4 12,2 3 12,6 12
1 2 3 4 6 7 12 13,0.0440609,17.0327,Yes,N/A,2,3,4,1 4,6,7,1 7,2 7,3 7,4 7,12,13,1 13,2 13,3 13,4 13,1 4 13
2 3 4 6 7 13,0.0408664,16.4675,Yes,N/A,2,3,4,2 3,6,7,2 6,2 7,3 7,4 7,2 3 7,13,3 4 7,2 13,3 13,4 13,2 3 13
1 2 3 4 6 7 11,0.0918561,8.25997,Yes,N/A,2,3,4,1 4,6,7,1 7,2 7,3 7,11,1 11,2 11,3 11,4 11,1 4 11,6 11,7 11
2 3 4 6 7 11,0.062116,12.826,Yes,N/A,2,3,4,2 3,6,7,2 6,2 7,3 7,11,2 3 7,2 11,3 11,4 11,2 3 11,6 11,7 11
1 2 3 4 6 7 11 13,0.0503317,15.3899,Yes,N/A,2,3,4,1 4,6,7,1 7,2 7,3 7,11,1 11,13,1 13,2 13,3 13,4 13,1 4 13
1 2 3 4 6 7 11 12,0.0612807,13.4512,Yes,N/A,2,3,4,1 4,6,7,1 7,2 7,3 7,11,12,1 12,2 12,3 12,4 12,1 4 12,6 12
2 3 4 6 7 11 12,0.0368624,18.7951,Yes,N/A,2,3,4,2 3,6,7,2 6,2 7,3 7,11,12,2 11,2 12,3 12,4 12,2 3 12,6 12
1 2 3 4 6 7 11 12 13,0.0350706,20.8363,Yes,N/A,2,3,4,1 4,6,7,1 7,2 7,3 7,11,12,13,1 13,2 13,3 13,4 13,1 4 13
2 3 4 6 7 12 13,0.0257152,22.2223,Yes,N/A,2,3,4,2 3,6,7,2 6,2 7,3 7,4 7,12,13,2 12,2 13,3 13,4 13,2 3 13
1 2 3 4 6 7 10,0.0949453,7.78279,Yes,N/A,2,3,4,1 4,6,7,1 7,2 7,10,1 10,2 10,3 10,4 10,1 4 10,6 10,7 10,1 7 10
2 3 4 6 7 10,0.0704979,11.246,Yes,N/A,2,3,4,2 3,6,7,2 6,2 7,10,4 7,2 10,3 10,4 10,2 3 10,6 10,7 10,2 6 10
1 2 3 4 6 7 10 13,0.0528976,14.8378,Yes,N/A,2,3,4,1 4,6,7,1 7,2 7,10,1 10,2 10,13,1 13,2 13,3 13,4 13,1 4 13
1 2 3 4 6 7 10 12,0.0652668,12.4408,Yes,N/A,2,3,4,1 4,6,7,1 7,2 7,10,1 10,12,1 12,2 12,3 12,4 12,1 4 12,6 12
2 3 4 6 7 10 12,0.041532,17.4413,Yes,N/A,2,3,4,2 3,6,7,2 6,2 7,10,4 7,12,3 10,2 12,3 12,4 12,2 3 12,6 12
1 2 3 4 6 7 10 12 13,0.0372311,19.6565,Yes,N/A,2,3,4,1 4,6,7,1 7,2 7,10,1 10,12,13,1 13,2 13,3 13,4 13,1 4 13
2 3 4 6 7 10 13,0.0313712,20.4372,Yes,N/A,2,3,4,2 3,6,7,2 6,2 7,10,4 7,2 10,13,4 10,2 13,3 13,4 13,2 3 13
1 2 3 4 6 7 10 11,0.0723491,11.2734,Yes,N/A,2,3,4,1 4,6,7,1 7,2 7,10,11,1 11,2 11,3 11,4 11,1 4 11,6 11,7 11
2 3 4 6 7 10 11,0.0440769,17.0657,Yes,N/A,2,3,4,2 3,6,7,2 6,2 7,10,11,2 10,2 11,3 11,4 11,2 3 11,6 11,7 11
1 2 3 4 6 7 10 11 13,0.0421034,18.2532,Yes,N/A,2,3,4,1 4,6,7,1 7,2 7,10,11,1 11,13,1 13,2 13,3 13,4 13,1 4 13
1 2 3 4 6 7 10 11 12,0.050411,16.2801,Yes,N/A,2,3,4,1 4,6,7,1 7,2 7,10,11,12,1 12,2 12,3 12,4 12,1 4 12,6 12
2 3 4 6 7 10 11 12,0.0285543,22.7451,Yes,N/A,2,3,4,2 3,6,7,2 6,2 7,10,11,12,2 11,2 12,3 12,4 12,2 3 12,6 12
1 2 3 4 6 7 10 11 12 13,0.0312756,22.9917,Yes,N/A,2,3,4,1 4,6,7,1 7,2 7,10,11,12,13,1 13,2 13,3 13,4 13,1 4 13
2 3 4 6 7 11 13,0.0274817,21.8848,Yes,N/A,2,3,4,2 3,6,7,2 6,2 7,3 7,11,2 3 7,13,3 11,2 13,3 13,4 13,2 3 13
2 3 4 6 7 11 12 13,0.0188163,27.1873,Yes,N/A,2,3,4,2 3,6,7,2 6,2 7,3 7,11,12,13,2 12,2 13,3 13,4 13,2 3 13
1 2 3 4 6 7 9,0.0984683,6.99345,Yes,N/A,2,3,4,1 4,6,7,1 7,9,1 9,2 9,3 9,4 9,1 4 9,6 9,7 9,1 7 9,2 7 9
2 3 4 6 7 9,0.077312,9.93618,Yes,N/A,2,3,4,2 3,6,7,2 6,9,3 7,2 9,3 9,4 9,2 3 9,6 9,7 9,2 6 9,2 7 9
1 2 3 4 6 7 9 13,0.0583065,13.4729,Yes,N/A,2,3,4,1 4,6,7,1 7,9,1 9,2 9,3 9,13,1 13,2 13,3 13,4 13,1 4 13
1 2 3 4 6 7 9 12,0.07117,11.3506,Yes,N/A,2,3,4,1 4,6,7,1 7,9,1 9,2 9,12,1 12,2 12,3 12,4 12,1 4 12,6 12
2 3 4 6 7 9 12,0.0464674,15.8604,Yes,N/A,2,3,4,2 3,6,7,2 6,9,3 7,2 9,12,4 9,2 12,3 12,4 12,2 3 12,6 12
1 2 3 4 6 7 9 12 13,0.0410257,18.4037,Yes,N/A,2,3,4,1 4,6,7,1 7,9,1 9,2 9,12,13,1 13,2 13,3 13,4 13,1 4 13
2 3 4 6 7 9 13,0.0346599,19.0523,Yes,N/A,2,3,4,2 3,6,7,2 6,9,3 7,2 9,3 9,13,2 3 9,2 13,3 13,4 13,2 3 13
1 2 3 4 6 7 9 11,0.0781695,10.1968,Yes,N/A,2,3,4,1 4,6,7,1 7,9,1 9,11,1 11,2 11,3 11,4 11,1 4 11,6 11,7 11
2 3 4 6 7 9 11,0.0517,15.2036,Yes,N/A,2,3,4,2 3,6,7,2 6,9,3 7,11,3 9,2 11,3 11,4 11,2 3 11,6 11,7 11
1 2 3 4 6 7 9 11 13,0.0460077,17.0977,Yes,N/A,2,3,4,1 4,6,7,1 7,9,1 9,11,1 11,13,1 13,2 13,3 13,4 13,1 4 13
1 2 3 4 6 7 9 11 12,0.0550746,15.0617,Yes,N/A,2,3,4,1 4,6,7,1 7,9,1 9,11,12,1 12,2 12,3 12,4 12,1 4 12,6 12
2 3 4 6 7 9 11 12,0.0326608,21.1791,Yes,N/A,2,3,4,2 3,6,7,2 6,9,3 7,11,12,2 11,2 12,3 12,4 12,2 3 12,6 12
1 2 3 4 6 7 9 11 12 13,0.0339016,21.7622,Yes,N/A,2,3,4,1 4,6,7,1 7,9,1 9,11,12,13,1 13,2 13,3 13,4 13,1 4 13
2 3 4 6 7 9 12 13,0.023126,24.4293,Yes,N/A,2,3,4,2 3,6,7,2 6,9,3 7,2 9,12,13,2 12,2 13,3 13,4 13,2 3 13
1 2 3 4 6 7 9 10,0.0826601,9.41503,Yes,N/A,2,3,4,1 4,6,7,1 7,9,10,1 10,2 10,3 10,4 10,1 4 10,6 10,7 10,1 7 10
2 3 4 6 7 9 10,0.0560353,14.2864,Yes,N/A,2,3,4,2 3,6,7,2 6,9,10,2 9,2 10,3 10,4 10,2 3 10,6 10,7 10,2 6 10
1 2 3 4 6 7 9 10 13,0.0496359,16.0457,Yes,N/A,2,3,4,1 4,6,7,1 7,9,10,1 10,2 10,13,1 13,2 13,3 13,4 13,1 4 13
1 2 3 4 6 7 9 10 12,0.059592,13.8908,Yes,N/A,2,3,4,1 4,6,7,1 7,9,10,1 10,12,1 12,2 12,3 12,4 12,1 4 12,6 12
2 3 4 6 7 9 10 12,0.0363418,19.73,Yes,N/A,2,3,4,2 3,6,7,2 6,9,10,2 9,12,3 10,2 12,3 12,4 12,2 3 12,6 12
1 2 3 4 6 7 9 10 12 13,0.0366027,20.5441,Yes,N/A,2,3,4,1 4,6,7,1 7,9,10,1 10,12,13,1 13,2 13,3 13,4 13,1 4 13
2 3 4 6 7 9 10 13,0.0278006,22.8719,Yes,N/A,2,3,4,2 3,6,7,2 6,9,10,2 9,2 10,13,4 10,2 13,3 13,4 13,2 3 13
1 2 3 4 6 7 9 10 11,0.0653816,12.8259,Yes,N/A,2,3,4,1 4,6,7,1 7,9,10,11,1 11,2 11,3 11,4 11,1 4 11,6 11,7 11
2 3 4 6 7 9 10 11,0.0402661,18.8487,Yes,N/A,2,3,4,2 3,6,7,2 6,9,10,11,2 10,2 11,3 11,4 11,2 3 11,6 11,7 11
1 2 3 4 6 7 9 10 11 13,0.0411283,19.1029,Yes,N/A,2,3,4,1 4,6,7,1 7,9,10,11,1 11,13,1 13,2 13,3 13,4 13,1 4 13
1 2 3 4 6 7 9 10 11 12,0.0483384,17.2005,Yes,N/A,2,3,4,1 4,6,7,1 7,9,10,11,12,1 12,2 12,3 12,4 12,1 4 12,6 12
2 3 4 6 7 9 10 11 12,0.0271019,24.4665,Yes,N/A,2,3,4,2 3,6,7,2 6,9,10,11,12,2 11,2 12,3 12,4 12,2 3 12,6 12
1 2 3 4 6 7 9 10 11 12 13,0.0322544,23.0819,Yes,N/A,2,3,4,1 4,6,7,1 7,9,10,11,12,13,1 13,2 13,3 13,4 13,1 4 13
2 3 4 6 7 10 12 13,0.0205605,26.344,Yes,N/A,2,3,4,2 3,6,7,2 6,2 7,10,4 7,12,13,2 12,2 13,3 13,4 13,2 3 13
2 3 4 6 7 10 11 13,0.0221692,25.6426,Yes,N/A,2,3,4,2 3,6,7,2 6,2 7,10,11,2 10,13,3 11,2 13,3 13,4 13,2 3 13
2 3 4 6 7 10 11 12 13,0.0158785,30.9471,Yes,N/A,2,3,4,2 3,6,7,2 6,2 7,10,11,12,13,2 12,2 13,3 13,4 13,2 3 13
1 2 3 4 6 7 8,0.0991772,6.65778,Yes,N/A,2,3,4,1 4,6,7,8,1 8,2 8,3 8,4 8,1 4 8,6 8,7 8,1 7 8,2 7 8,3 7 8
2 3 4 6 7 8,0.0797206,9.07717,Yes,N/A,2,3,4,2 3,6,7,8,2 7,2 8,3 8,4 8,2 3 8,6 8,7 8,2 6 8,2 7 8,3 7 8
1 2 3 4 6 7 8 13,0.0614061,12.776,Yes,N/A,2,3,4,1 4,6,7,8,1 8,2 8,3 8,4 8,13,1 13,2 13,3 13,4 13,1 4 13
1 2 3 4 6 7 8 12,0.0747485,10.6745,Yes,N/A,2,3,4,1 4,6,7,8,1 8,2 8,3 8,12,1 12,2 12,3 12,4 12,1 4 12,6 12
2 3 4 6 7 8 12,0.0480449,15.1446,Yes,N/A,2,3,4,2 3,6,7,8,2 7,2 8,3 8,12,2 3 8,2 12,3 12,4 12,2 3 12,6 12
1 2 3 4 6 7 8 12 13,0.0437407,17.5776,Yes,N/A,2,3,4,1 4,6,7,8,1 8,2 8,3 8,12,13,1 13,2 13,3 13,4 13,1 4 13
2 3 4 6 7 8 13,0.0389436,17.0173,Yes,N/A,2,3,4,2 3,6,7,8,2 7,2 8,3 8,4 8,13,6 8,2 13,3 13,4 13,2 3 13
1 2 3 4 6 7 8 11,0.0815979,9.61778,Yes,N/A,2,3,4,1 4,6,7,8,1 8,2 8,11,1 11,2 11,3 11,4 11,1 4 11,6 11,7 11
2 3 4 6 7 8 11,0.0578117,13.5292,Yes,N/A,2,3,4,2 3,6,7,8,2 7,2 8,11,4 8,2 11,3 11,4 11,2 3 11,6 11,7 11
1 2 3 4 6 7 8 11 13,0.0491067,16.1102,Yes,N/A,2,3,4,1 4,6,7,8,1 8,2 8,11,1 11,13,1 13,2 13,3 13,4 13,1 4 13
1 2 3 4 6 7 8 11 12,0.0585402,14.2263,Yes,N/A,2,3,4,1 4,6,7,8,1 8,2 8,11,12,1 12,2 12,3 12,4 12,1 4 12,6 12
2 3 4 6 7 8 11 12,0.0356878,19.513,Yes,N/A,2,3,4,2 3,6,7,8,2 7,2 8,11,12,2 11,2 12,3 12,4 12,2 3 12,6 12
1 2 3 4 6 7 8 11 12 13,0.0361921,20.7749,Yes,N/A,2,3,4,1 4,6,7,8,1 8,2 8,11,12,13,1 13,2 13,3 13,4 13,1 4 13
2 3 4 6 7 8 12 13,0.0253841,22.6111,Yes,N/A,2,3,4,2 3,6,7,8,2 7,2 8,3 8,12,13,2 12,2 13,3 13,4 13,2 3 13
1 2 3 4 6 7 8 10,0.0868809,8.74666,Yes,N/A,2,3,4,1 4,6,7,8,1 8,10,1 10,2 10,3 10,4 10,1 4 10,6 10,7 10,8 10
2 3 4 6 7 8 10,0.0650595,12.0491,Yes,N/A,2,3,4,2 3,6,7,8,2 7,10,3 8,2 10,3 10,4 10,2 3 10,6 10,7 10,8 10
1 2 3 4 6 7 8 10 13,0.0536368,14.9326,Yes,N/A,2,3,4,1 4,6,7,8,1 8,10,1 10,2 10,13,1 13,2 13,3 13,4 13,1 4 13
1 2 3 4 6 7 8 10 12,0.0635264,12.9712,Yes,N/A,2,3,4,1 4,6,7,8,1 8,10,1 10,12,1 12,2 12,3 12,4 12,1 4 12,6 12
2 3 4 6 7 8 10 12,0.0396493,18.3166,Yes,N/A,2,3,4,2 3,6,7,8,2 7,10,3 8,12,3 10,2 12,3 12,4 12,2 3 12,6 12
1 2 3 4 6 7 8 10 12 13,0.0391108,19.4467,Yes,N/A,2,3,4,1 4,6,7,8,1 8,10,1 10,12,13,1 13,2 13,3 13,4 13,1 4 13
2 3 4 6 7 8 10 13,0.0326944,19.9745,Yes,N/A,2,3,4,2 3,6,7,8,2 7,10,3 8,2 10,13,4 10,2 13,3 13,4 13,2 3 13
1 2 3 4 6 7 8 10 11,0.0695286,12.0401,Yes,N/A,2,3,4,1 4,6,7,8,1 8,10,11,1 11,2 11,3 11,4 11,1 4 11,6 11,7 11
2 3 4 6 7 8 10 11,0.0462014,16.739,Yes,N/A,2,3,4,2 3,6,7,8,2 7,10,11,2 10,2 11,3 11,4 11,2 3 11,6 11,7 11
1 2 3 4 6 7 8 10 11 13,0.0437929,18.1404,Yes,N/A,2,3,4,1 4,6,7,8,1 8,10,11,1 11,13,1 13,2 13,3 13,4 13,1 4 13
1 2 3 4 6 7 8 10 11 12,0.0511247,16.3364,Yes,N/A,2,3,4,1 4,6,7,8,1 8,10,11,12,1 12,2 12,3 12,4 12,1 4 12,6 12
2 3 4 6 7 8 10 11 12,0.0303541,22.2328,Yes,N/A,2,3,4,2 3,6,7,8,2 7,10,11,12,2 11,2 12,3 12,4 12,2 3 12,6 12
1 2 3 4 6 7 8 10 11 12 13,0.0339097,22.2248,Yes,N/A,2,3,4,1 4,6,7,8,1 8,10,11,12,13,1 13,2 13,3 13,4 13,1 4 13
2 3 4 6 7 8 11 13,0.0288079,21.7482,Yes,N/A,2,3,4,2 3,6,7,8,2 7,2 8,11,4 8,13,3 11,2 13,3 13,4 13,2 3 13
2 3 4 6 7 8 11 12 13,0.0198605,27.0218,Yes,N/A,2,3,4,2 3,6,7,8,2 7,2 8,11,12,13,2 12,2 13,3 13,4 13,2 3 13
1 2 3 4 6 7 8 9,0.0904994,8.21787,Yes,N/A,2,3,4,1 4,6,7,8,9,1 9,2 9,3 9,4 9,1 4 9,6 9,7 9,8 9,1 8 9
2 3 4 6 7 8 9,0.0699662,11.3698,Yes,N/A,2,3,4,2 3,6,7,8,9,2 8,2 9,3 9,4 9,2 3 9,6 9,7 9,8 9,2 7 9
1 2 3 4 6 7 8 9 13,0.0575593,14.0344,Yes,N/A,2,3,4,1 4,6,7,8,9,1 9,2 9,3 9,13,1 13,2 13,3 13,4 13,1 4 13
1 2 3 4 6 7 8 9 12,0.0685724,12.0553,Yes,N/A,2,3,4,1 4,6,7,8,9,1 9,2 9,12,1 12,2 12,3 12,4 12,1 4 12,6 12
2 3 4 6 7 8 9 12,0.0443128,17.0392,Yes,N/A,2,3,4,2 3,6,7,8,9,2 8,2 9,12,4 9,2 12,3 12,4 12,2 3 12,6 12
1 2 3 4 6 7 8 9 12 13,0.0426778,18.2713,Yes,N/A,2,3,4,1 4,6,7,8,9,1 9,2 9,12,13,1 13,2 13,3 13,4 13,1 4 13
2 3 4 6 7 8 9 13,0.0342686,19.6044,Yes,N/A,2,3,4,2 3,6,7,8,9,2 8,2 9,3 9,13,2 3 9,2 13,3 13,4 13,2 3 13
1 2 3 4 6 7 8 9 11,0.075074,10.978,Yes,N/A,2,3,4,1 4,6,7,8,9,1 9,11,1 11,2 11,3 11,4 11,1 4 11,6 11,7 11
2 3 4 6 7 8 9 11,0.0509059,15.6655,Yes,N/A,2,3,4,2 3,6,7,8,9,2 8,11,3 9,2 11,3 11,4 11,2 3 11,6 11,7 11
1 2 3 4 6 7 8 9 11 13,0.0474649,16.9435,Yes,N/A,2,3,4,1 4,6,7,8,9,1 9,11,1 11,13,1 13,2 13,3 13,4 13,1 4 13
1 2 3 4 6 7 8 9 11 12,0.055632,15.106,Yes,N/A,2,3,4,1 4,6,7,8,9,1 9,11,12,1 12,2 12,3 12,4 12,1 4 12,6 12
2 3 4 6 7 8 9 11 12,0.0336995,21.0401,Yes,N/A,2,3,4,2 3,6,7,8,9,2 8,11,12,2 11,2 12,3 12,4 12,2 3 12,6 12
1 2 3 4 6 7 8 9 11 12 13,0.0367487,20.8645,Yes,N/A,2,3,4,1 4,6,7,8,9,1 9,11,12,13,1 13,2 13,3 13,4 13,1 4 13
2 3 4 6 7 8 9 12 13,0.0239817,24.6802,Yes,N/A,2,3,4,2 3,6,7,8,9,2 8,2 9,12,13,2 12,2 13,3 13,4 13,2 3 13
1 2 3 4 6 7 8 9 10,0.0794998,10.3155,Yes,N/A,2,3,4,1 4,6,7,8,9,10,1 10,2 10,3 10,4 10,1 4 10,6 10,7 10,8 10
2 3 4 6 7 8 9 10,0.0563364,14.3309,Yes,N/A,2,3,4,2 3,6,7,8,9,10,2 9,2 10,3 10,4 10,2 3 10,6 10,7 10,8 10
1 2 3 4 6 7 8 9 10 13,0.0518132,15.8,Yes,N/A,2,3,4,1 4,6,7,8,9,10,1 10,2 10,13,1 13,2 13,3 13,4 13,1 4 13
1 2 3 4 6 7 8 9 10 12,0.0601726,13.9838,Yes,N/A,2,3,4,1 4,6,7,8,9,10,1 10,12,1 12,2 12,3 12,4 12,1 4 12,6 12
2 3 4 6 7 8 9 10 12,0.0373962,19.4828,Yes,N/A,2,3,4,2 3,6,7,8,9,10,2 9,12,3 10,2 12,3 12,4 12,2 3 12,6 12
1 2 3 4 6 7 8 9 10 12 13,0.0398987,19.6057,Yes,N/A,2,3,4,1 4,6,7,8,9,10,1 10,12,13,1 13,2 13,3 13,4 13,1 4 13
2 3 4 6 7 8 9 10 13,0.0303247,21.7894,Yes,N/A,2,3,4,2 3,6,7,8,9,10,2 9,2 10,13,4 10,2 13,3 13,4 13,2 3 13
1 2 3 4 6 7 8 9 10 11,0.0653027,13.0505,Yes,N/A,2,3,4,1 4,6,7,8,9,10,11,1 11,2 11,3 11,4 11,1 4 11,6 11,7 11
2 3 4 6 7 8 9 10 11,0.0422064,18.097,Yes,N/A,2,3,4,2 3,6,7,8,9,10,11,2 10,2 11,3 11,4 11,2 3 11,6 11,7 11
1 2 3 4 6 7 8 9 10 11 13,0.044357,18.1925,Yes,N/A,2,3,4,1 4,6,7,8,9,10,11,1 11,13,1 13,2 13,3 13,4 13,1 4 13
1 2 3 4 6 7 8 9 10 11 12,0.0509504,16.5316,Yes,N/A,2,3,4,1 4,6,7,8,9,10,11,12,1 12,2 12,3 12,4 12,1 4 12,6 12
2 3 4 6 7 8 9 10 11 12,0.0300657,22.7335,Yes,N/A,2,3,4,2 3,6,7,8,9,10,11,12,2 11,2 12,3 12,4 12,2 3 12,6 12
1 2 3 4 6 7 8 9 10 11 12 13,0.036477,21.3434,Yes,N/A,2,3,4,1 4,6,7,8,9,10,11,12,13,1 13,2 13,3 13,4 13,1 4 13
2 3 4 7 9 11 13,0.0192527,27.3652,Yes,N/A,2,3,4,2 3,2 4,7,N/A,9,3 7,11,3 9,13,3 11,2 13,3 13,4 13,2 3 13
2 3 4 7 9 11 12 13,0.0137274,33.662,Yes,N/A,2,3,4,2 3,2 4,7,N/A,9,3 7,11,12,13,2 12,2 13,3 13,4 13,2 3 13
2 3 4 7 9 10 12 13,0.0161229,32.1845,Yes,N/A,2,3,4,2 3,2 4,7,N/A,9,10,2 9,12,13,2 12,2 13,3 13,4 13,2 3 13
2 3 4 7 9 10 11 13,0.0180208,30.5221,Yes,N/A,2,3,4,2 3,2 4,7,N/A,9,10,11,2 10,13,3 11,2 13,3 13,4 13,2 3 13
2 3 4 7 9 10 11 12 13,0.0126645,37.4804,Yes,N/A,2,3,4,2 3,2 4,7,N/A,9,10,11,12,13,2 12,2 13,3 13,4 13,2 3 13
2 3 4 7 8 10 12 13,0.0200376,26.9733,Yes,N/A,2,3,4,2 3,2 4,7,8,2 7,10,3 8,12,13,2 12,2 13,3 13,4 13,2 3 13
2 3 4 7 8 10 11 13,0.0225952,25.7135,Yes,N/A,2,3,4,2 3,2 4,7,8,2 7,10,11,2 10,13,3 11,2 13,3 13,4 13,2 3 13
2 3 4 7 8 10 11 12 13,0.0151502,31.9331,Yes,N/A,2,3,4,2 3,2 4,7,8,2 7,10,11,12,13,2 12,2 13,3 13,4 13,2 3 13
2 3 4 7 8 9 11 13,0.0246082,24.3014,Yes,N/A,2,3,4,2 3,2 4,7,8,9,2 8,11,3 9,13,3 11,2 13,3 13,4 13,2 3 13
2 3 4 7 8 9 11 12 13,0.0167392,30.3487,Yes,N/A,2,3,4,2 3,2 4,7,8,9,2 8,11,12,13,2 12,2 13,3 13,4 13,2 3 13
2 3 4 7 8 9 10 12 13,0.0190664,28.7003,Yes,N/A,2,3,4,2 3,2 4,7,8,9,10,2 9,12,13,2 12,2 13,3 13,4 13,2 3 13
2 3 4 7 8 9 10 11 13,0.0216711,26.7157,Yes,N/A,2,3,4,2 3,2 4,7,8,9,10,11,2 10,13,3 11,2 13,3 13,4 13,2 3 13
2 3 4 7 8 9 10 11 12 13,0.0160782,31.8443,Yes,N/A,2,3,4,2 3,2 4,7,8,9,10,11,12,13,2 12,2 13,3 13,4 13,2 3 13
1 2 3 4 5,0.0969946,4.65249,Yes,N/A,2,3,4,5,1 5,2 5,3 5,4 5,1 4 5,2 4 5,3 4 5,1 3 4 5,2 3 4 5,1 2 3 4 5,N/A,N/A,N/A
2 3 4 5,0.0944234,5.9727,Yes,N/A,2,3,4,5,2 4,2 5,3 5,4 5,2 3 5,2 4 5,3 4 5,N/A,2 3 4 5,N/A,N/A,N/A,N/A
1 2 3 4 5 13,0.0484427,12.1275,Yes,N/A,2,3,4,5,1 5,2 5,3 5,4 5,1 4 5,2 4 5,3 4 5,13,1 13,2 13,3 13,4 13,5 13
1 2 3 4 5 12,0.0662128,9.95562,Yes,N/A,2,3,4,5,1 5,2 5,3 5,4 5,1 4 5,2 4 5,12,1 12,2 12,3 12,4 12,5 12,1 5 12
2 3 4 5 12,0.0495144,13.348,Yes,N/A,2,3,4,5,2 4,2 5,3 5,4 5,2 3 5,2 4 5,12,N/A,2 12,3 12,4 12,5 12,2 4 12
1 2 3 4 5 12 13,0.0326219,18.8864,Yes,N/A,2,3,4,5,1 5,2 5,3 5,4 5,1 4 5,2 4 5,12,13,1 13,2 13,3 13,4 13,5 13
2 3 4 5 13,0.0443367,13.5077,Yes,N/A,2,3,4,5,2 4,2 5,3 5,4 5,2 3 5,2 4 5,3 4 5,13,2 3 4 5,2 13,3 13,4 13,5 13
1 2 3 4 5 11,0.0838,8.09593,Yes,N/A,2,3,4,5,1 5,2 5,3 5,4 5,1 4 5,11,1 11,2 11,3 11,4 11,5 11,1 5 11,2 5 11
2 3 4 5 11,0.0734772,10.3908,Yes,N/A,2,3,4,5,2 4,2 5,3 5,4 5,2 3 5,11,3 4 5,2 11,3 11,4 11,5 11,2 4 11,2 5 11
1 2 3 4 5 11 13,0.0439643,15.9197,Yes,N/A,2,3,4,5,1 5,2 5,3 5,4 5,1 4 5,11,1 11,13,1 13,2 13,3 13,4 13,5 13
1 2 3 4 5 11 12,0.0555097,14.1615,Yes,N/A,2,3,4,5,1 5,2 5,3 5,4 5,1 4 5,11,12,1 12,2 12,3 12,4 12,5 12,1 5 12
2 3 4 5 11 12,0.0377575,17.4948,Yes,N/A,2,3,4,5,2 4,2 5,3 5,4 5,2 3 5,11,12,2 11,2 12,3 12,4 12,5 12,2 4 12
1 2 3 4 5 11 12 13,0.0286371,23.1771,Yes,N/A,2,3,4,5,1 5,2 5,3 5,4 5,1 4 5,11,12,13,1 13,2 13,3 13,4 13,5 13
2 3 4 5 12 13,0.0235097,21.0089,Yes,N/A,2,3,4,5,2 4,2 5,3 5,4 5,2 3 5,2 4 5,12,13,2 12,2 13,3 13,4 13,5 13
1 2 3 4 5 10,0.100582,6.63928,Yes,N/A,2,3,4,5,1 5,2 5,3 5,4 5,10,1 10,2 10,3 10,4 10,5 10,1 5 10,2 5 10,3 5 10
2 3 4 5 10,0.086275,9.15099,Yes,N/A,2,3,4,5,2 4,2 5,3 5,4 5,10,2 4 5,2 10,3 10,4 10,5 10,2 4 10,2 5 10,3 5 10
1 2 3 4 5 10 13,0.0539563,13.7092,Yes,N/A,2,3,4,5,1 5,2 5,3 5,4 5,10,1 10,2 10,13,1 13,2 13,3 13,4 13,5 13
1 2 3 4 5 10 12,0.0663216,11.9162,Yes,N/A,2,3,4,5,1 5,2 5,3 5,4 5,10,1 10,12,1 12,2 12,3 12,4 12,5 12,1 5 12
2 3 4 5 10 12,0.0457985,16.2983,Yes,N/A,2,3,4,5,2 4,2 5,3 5,4 5,10,2 4 5,12,3 10,2 12,3 12,4 12,5 12,2 4 12
1 2 3 4 5 10 12 13,0.035234,20.0386,Yes,N/A,2,3,4,5,1 5,2 5,3 5,4 5,10,1 10,12,13,1 13,2 13,3 13,4 13,5 13
2 3 4 5 10 13,0.035925,18.0298,Yes,N/A,2,3,4,5,2 4,2 5,3 5,4 5,10,2 4 5,2 10,13,4 10,2 13,3 13,4 13,5 13
1 2 3 4 5 10 11,0.07825,10.4706,Yes,N/A,2,3,4,5,1 5,2 5,3 5,4 5,10,11,1 11,2 11,3 11,4 11,5 11,1 5 11,2 5 11
2 3 4 5 10 11,0.0589146,13.6481,Yes,N/A,2,3,4,5,2 4,2 5,3 5,4 5,10,11,2 10,2 11,3 11,4 11,5 11,2 4 11,2 5 11
1 2 3 4 5 10 11 13,0.0431089,18.1082,Yes,N/A,2,3,4,5,1 5,2 5,3 5,4 5,10,11,1 11,13,1 13,2 13,3 13,4 13,5 13
1 2 3 4 5 10 11 12,0.0519096,16.4892,Yes,N/A,2,3,4,5,1 5,2 5,3 5,4 5,10,11,12,1 12,2 12,3 12,4 12,5 12,1 5 12
2 3 4 5 10 11 12,0.0336943,20.316,Yes,N/A,2,3,4,5,2 4,2 5,3 5,4 5,10,11,12,2 11,2 12,3 12,4 12,5 12,2 4 12
1 2 3 4 5 10 11 12 13,0.0296392,24.7054,Yes,N/A,2,3,4,5,1 5,2 5,3 5,4 5,10,11,12,13,1 13,2 13,3 13,4 13,5 13
2 3 4 5 11 13,0.0296391,19.7341,Yes,N/A,2,3,4,5,2 4,2 5,3 5,4 5,2 3 5,11,3 4 5,13,3 11,2 13,3 13,4 13,5 13
2 3 4 5 11 12 13,0.0180989,26.2065,Yes,N/A,2,3,4,5,2 4,2 5,3 5,4 5,2 3 5,11,12,13,2 12,2 13,3 13,4 13,5 13
1 2 3 4 5 9,0.110963,6.07425,Yes,N/A,2,3,4,5,1 5,2 5,3 5,9,1 9,2 9,3 9,4 9,5 9,1 5 9,2 5 9,3 5 9,4 5 9
2 3 4 5 9,0.0955415,8.46856,Yes,N/A,2,3,4,5,2 4,2 5,3 5,9,2 3 5,2 9,3 9,4 9,5 9,2 4 9,2 5 9,3 5 9,4 5 9
1 2 3 4 5 9 13,0.0610116,12.5258,Yes,N/A,2,3,4,5,1 5,2 5,3 5,9,1 9,2 9,3 9,13,1 13,2 13,3 13,4 13,5 13
1 2 3 4 5 9 12,0.0710756,11.1638,Yes,N/A,2,3,4,5,1 5,2 5,3 5,9,1 9,2 9,12,1 12,2 12,3 12,4 12,5 12,1 5 12
2 3 4 5 9 12,0.047047,15.5712,Yes,N/A,2,3,4,5,2 4,2 5,3 5,9,2 3 5,2 9,12,4 9,2 12,3 12,4 12,5 12,2 4 12
1 2 3 4 5 9 12 13,0.0377182,18.9308,Yes,N/A,2,3,4,5,1 5,2 5,3 5,9,1 9,2 9,12,13,1 13,2 13,3 13,4 13,5 13
2 3 4 5 9 13,0.0373949,17.3334,Yes,N/A,2,3,4,5,2 4,2 5,3 5,9,2 3 5,2 9,3 9,13,5 9,2 13,3 13,4 13,5 13
1 2 3 4 5 9 11,0.0839408,9.34336,Yes,N/A,2,3,4,5,1 5,2 5,3 5,9,1 9,11,1 11,2 11,3 11,4 11,5 11,1 5 11,2 5 11
2 3 4 5 9 11,0.054952,14.0298,Yes,N/A,2,3,4,5,2 4,2 5,3 5,9,2 3 5,11,3 9,2 11,3 11,4 11,5 11,2 4 11,2 5 11
1 2 3 4 5 9 11 13,0.0458736,16.6286,Yes,N/A,2,3,4,5,1 5,2 5,3 5,9,1 9,11,1 11,13,1 13,2 13,3 13,4 13,5 13
1 2 3 4 5 9 11 12,0.0549192,14.8796,Yes,N/A,2,3,4,5,1 5,2 5,3 5,9,1 9,11,12,1 12,2 12,3 12,4 12,5 12,1 5 12
2 3 4 5 9 11 12,0.0312178,20.8588,Yes,N/A,2,3,4,5,2 4,2 5,3 5,9,2 3 5,11,12,2 11,2 12,3 12,4 12,5 12,2 4 12
1 2 3 4 5 9 11 12 13,0.0313244,22.5688,Yes,N/A,2,3,4,5,1 5,2 5,3 5,9,1 9,11,12,13,1 13,2 13,3 13,4 13,5 13
2 3 4 5 9 12 13,0.0207074,24.6037,Yes,N/A,2,3,4,5,2 4,2 5,3 5,9,2 3 5,2 9,12,13,2 12,2 13,3 13,4 13,5 13
1 2 3 4 5 9 10,0.0910379,8.48341,Yes,N/A,2,3,4,5,1 5,2 5,3 5,9,10,1 10,2 10,3 10,4 10,5 10,1 5 10,2 5 10,3 5 10
2 3 4 5 9 10,0.067103,11.7696,Yes,N/A,2,3,4,5,2 4,2 5,3 5,9,10,2 9,2 10,3 10,4 10,5 10,2 4 10,2 5 10,3 5 10
1 2 3 4 5 9 10 13,0.0512491,15.4736,Yes,N/A,2,3,4,5,1 5,2 5,3 5,9,10,1 10,2 10,13,1 13,2 13,3 13,4 13,5 13
1 2 3 4 5 9 10 12,0.0616633,13.4608,Yes,N/A,2,3,4,5,1 5,2 5,3 5,9,10,1 10,12,1 12,2 12,3 12,4 12,5 12,1 5 12
2 3 4 5 9 10 12,0.0386955,18.3353,Yes,N/A,2,3,4,5,2 4,2 5,3 5,9,10,2 9,12,3 10,2 12,3 12,4 12,5 12,2 4 12
1 2 3 4 5 9 10 12 13,0.0353726,20.9319,Yes,N/A,2,3,4,5,1 5,2 5,3 5,9,10,1 10,12,13,1 13,2 13,3 13,4 13,5 13
2 3 4 5 9 10 13,0.0313013,20.1848,Yes,N/A,2,3,4,5,2 4,2 5,3 5,9,10,2 9,2 10,13,4 10,2 13,3 13,4 13,5 13
1 2 3 4 5 9 10 11,0.0696408,12.1506,Yes,N/A,2,3,4,5,1 5,2 5,3 5,9,10,11,1 11,2 11,3 11,4 11,5 11,1 5 11,2 5 11
2 3 4 5 9 10 11,0.0456381,16.4235,Yes,N/A,2,3,4,5,2 4,2 5,3 5,9,10,11,2 10,2 11,3 11,4 11,5 11,2 4 11,2 5 11
1 2 3 4 5 9 10 11 13,0.041852,18.9585,Yes,N/A,2,3,4,5,1 5,2 5,3 5,9,10,11,1 11,13,1 13,2 13,3 13,4 13,5 13
1 2 3 4 5 9 10 11 12,0.0492652,17.3517,Yes,N/A,2,3,4,5,1 5,2 5,3 5,9,10,11,12,1 12,2 12,3 12,4 12,5 12,1 5 12
2 3 4 5 9 10 11 12,0.0291299,22.6782,Yes,N/A,2,3,4,5,2 4,2 5,3 5,9,10,11,12,2 11,2 12,3 12,4 12,5 12,2 4 12
1 2 3 4 5 9 10 11 12 13,0.0308652,24.3872,Yes,N/A,2,3,4,5,1 5,2 5,3 5,9,10,11,12,13,1 13,2 13,3 13,4 13,5 13
2 3 4 5 10 12 13,0.0207476,25.2565,Yes,N/A,2,3,4,5,2 4,2 5,3 5,4 5,10,2 4 5,12,13,2 12,2 13,3 13,4 13,5 13
2 3 4 5 10 11 13,0.0274335,22.2721,Yes,N/A,2,3,4,5,2 4,2 5,3 5,4 5,10,11,2 10,13,3 11,2 13,3 13,4 13,5 13
2 3 4 5 10 11 12 13,0.0175527,28.8898,Yes,N/A,2,3,4,5,2 4,2 5,3 5,4 5,10,11,12,13,2 12,2 13,3 13,4 13,5 13
1 2 3 4 5 8,0.11648,5.91115,Yes,N/A,2,3,4,5,1 5,2 5,8,1 8,2 8,3 8,4 8,5 8,1 5 8,2 5 8,3 5 8,4 5 8,1 4 5 8
2 3 4 5 8,0.100312,7.63714,Yes,N/A,2,3,4,5,2 4,2 5,8,4 5,2 8,3 8,4 8,5 8,2 4 8,2 5 8,3 5 8,4 5 8,2 3 5 8
1 2 3 4 5 8 13,0.0670138,11.7003,Yes,N/A,2,3,4,5,1 5,2 5,8,1 8,2 8,3 8,4 8,13,1 13,2 13,3 13,4 13,5 13
1 2 3 4 5 8 12,0.078044,10.2588,Yes,N/A,2,3,4,5,1 5,2 5,8,1 8,2 8,3 8,12,1 12,2 12,3 12,4 12,5 12,1 5 12
2 3 4 5 8 12,0.0542293,13.9443,Yes,N/A,2,3,4,5,2 4,2 5,8,4 5,2 8,3 8,12,5 8,2 12,3 12,4 12,5 12,2 4 12
1 2 3 4 5 8 12 13,0.0421407,17.7074,Yes,N/A,2,3,4,5,1 5,2 5,8,1 8,2 8,3 8,12,13,1 13,2 13,3 13,4 13,5 13
2 3 4 5 8 13,0.042891,15.9759,Yes,N/A,2,3,4,5,2 4,2 5,8,4 5,2 8,3 8,4 8,13,2 4 8,2 13,3 13,4 13,5 13
1 2 3 4 5 8 11,0.0902241,8.52482,Yes,N/A,2,3,4,5,1 5,2 5,8,1 8,2 8,11,1 11,2 11,3 11,4 11,5 11,1 5 11,2 5 11
2 3 4 5 8 11,0.0644237,12.3866,Yes,N/A,2,3,4,5,2 4,2 5,8,4 5,2 8,11,4 8,2 11,3 11,4 11,5 11,2 4 11,2 5 11
1 2 3 4 5 8 11 13,0.0504641,15.4995,Yes,N/A,2,3,4,5,1 5,2 5,8,1 8,2 8,11,1 11,13,1 13,2 13,3 13,4 13,5 13
1 2 3 4 5 8 11 12,0.0593635,13.9263,Yes,N/A,2,3,4,5,1 5,2 5,8,1 8,2 8,11,12,1 12,2 12,3 12,4 12,5 12,1 5 12
2 3 4 5 8 11 12,0.0363801,19.1415,Yes,N/A,2,3,4,5,2 4,2 5,8,4 5,2 8,11,12,2 11,2 12,3 12,4 12,5 12,2 4 12
1 2 3 4 5 8 11 12 13,0.0339745,21.4399,Yes,N/A,2,3,4,5,1 5,2 5,8,1 8,2 8,11,12,13,1 13,2 13,3 13,4 13,5 13
2 3 4 5 8 12 13,0.02571,22.2869,Yes,N/A,2,3,4,5,2 4,2 5,8,4 5,2 8,3 8,12,13,2 12,2 13,3 13,4 13,5 13
1 2 3 4 5 8 10,0.0962775,7.50461,Yes,N/A,2,3,4,5,1 5,2 5,8,1 8,10,1 10,2 10,3 10,4 10,5 10,1 5 10,2 5 10,8 10
2 3 4 5 8 10,0.0728595,10.7709,Yes,N/A,2,3,4,5,2 4,2 5,8,4 5,10,3 8,2 10,3 10,4 10,5 10,2 4 10,2 5 10,8 10
1 2 3 4 5 8 10 13,0.0562734,14.067,Yes,N/A,2,3,4,5,1 5,2 5,8,1 8,10,1 10,2 10,13,1 13,2 13,3 13,4 13,5 13
1 2 3 4 5 8 10 12,0.0668216,12.2572,Yes,N/A,2,3,4,5,1 5,2 5,8,1 8,10,1 10,12,1 12,2 12,3 12,4 12,5 12,1 5 12
2 3 4 5 8 10 12,0.0433758,17.0878,Yes,N/A,2,3,4,5,2 4,2 5,8,4 5,10,3 8,12,3 10,2 12,3 12,4 12,5 12,2 4 12
1 2 3 4 5 8 10 12 13,0.0386244,19.4486,Yes,N/A,2,3,4,5,1 5,2 5,8,1 8,10,1 10,12,13,1 13,2 13,3 13,4 13,5 13
2 3 4 5 8 10 13,0.034183,19.4246,Yes,N/A,2,3,4,5,2 4,2 5,8,4 5,10,3 8,2 10,13,4 10,2 13,3 13,4 13,5 13
1 2 3 4 5 8 10 11,0.0756172,10.796,Yes,N/A,2,3,4,5,1 5,2 5,8,1 8,10,11,1 11,2 11,3 11,4 11,5 11,1 5 11,2 5 11
2 3 4 5 8 10 11,0.0489506,15.8283,Yes,N/A,2,3,4,5,2 4,2 5,8,4 5,10,11,2 10,2 11,3 11,4 11,5 11,2 4 11,2 5 11
1 2 3 4 5 8 10 11 13,0.0452475,17.5655,Yes,N/A,2,3,4,5,1 5,2 5,8,1 8,10,11,1 11,13,1 13,2 13,3 13,4 13,5 13
1 2 3 4 5 8 10 11 12,0.053093,15.8291,Yes,N/A,2,3,4,5,1 5,2 5,8,1 8,10,11,12,1 12,2 12,3 12,4 12,5 12,1 5 12
2 3 4 5 8 10 11 12,0.0316886,21.7989,Yes,N/A,2,3,4,5,2 4,2 5,8,4 5,10,11,12,2 11,2 12,3 12,4 12,5 12,2 4 12
1 2 3 4 5 8 10 11 12 13,0.0330626,22.7037,Yes,N/A,2,3,4,5,1 5,2 5,8,1 8,10,11,12,13,1 13,2 13,3 13,4 13,5 13
2 3 4 5 8 11 13,0.0300698,20.8905,Yes,N/A,2,3,4,5,2 4,2 5,8,4 5,2 8,11,4 8,13,3 11,2 13,3 13,4 13,5 13
2 3 4 5 8 11 12 13,0.0191996,27.237,Yes,N/A,2,3,4,5,2 4,2 5,8,4 5,2 8,11,12,13,2 12,2 13,3 13,4 13,5 13
1 2 3 4 5 8 9,0.0993099,6.98281,Yes,N/A,2,3,4,5,1 5,2 5,8,9,1 9,2 9,3 9,4 9,5 9,1 5 9,2 5 9,8 9,1 8 9
2 3 4 5 8 9,0.0734456,10.1184,Yes,N/A,2,3,4,5,2 4,2 5,8,9,2 8,2 9,3 9,4 9,5 9,2 4 9,2 5 9,8 9,4 5 9
1 2 3 4 5 8 9 13,0.0597572,13.2469,Yes,N/A,2,3,4,5,1 5,2 5,8,9,1 9,2 9,3 9,13,1 13,2 13,3 13,4 13,5 13
1 2 3 4 5 8 9 12,0.0694982,11.6425,Yes,N/A,2,3,4,5,1 5,2 5,8,9,1 9,2 9,12,1 12,2 12,3 12,4 12,5 12,1 5 12
2 3 4 5 8 9 12,0.0427725,16.8367,Yes,N/A,2,3,4,5,2 4,2 5,8,9,2 8,2 9,12,4 9,2 12,3 12,4 12,5 12,2 4 12
1 2 3 4 5 8 9 12 13,0.0403993,18.7752,Yes,N/A,2,3,4,5,1 5,2 5,8,9,1 9,2 9,12,13,1 13,2 13,3 13,4 13,5 13
2 3 4 5 8 9 13,0.0352115,18.3553,Yes,N/A,2,3,4,5,2 4,2 5,8,9,2 8,2 9,3 9,13,5 9,2 13,3 13,4 13,5 13
1 2 3 4 5 8 9 11,0.0785409,10.1417,Yes,N/A,2,3,4,5,1 5,2 5,8,9,1 9,11,1 11,2 11,3 11,4 11,5 11,1 5 11,2 5 11
2 3 4 5 8 9 11,0.0524371,14.5923,Yes,N/A,2,3,4,5,2 4,2 5,8,9,2 8,11,3 9,2 11,3 11,4 11,5 11,2 4 11,2 5 11
1 2 3 4 5 8 9 11 13,0.0474506,16.6649,Yes,N/A,2,3,4,5,1 5,2 5,8,9,1 9,11,1 11,13,1 13,2 13,3 13,4 13,5 13
1 2 3 4 5 8 9 11 12,0.0554241,15.0709,Yes,N/A,2,3,4,5,1 5,2 5,8,9,1 9,11,12,1 12,2 12,3 12,4 12,5 12,1 5 12
2 3 4 5 8 9 11 12,0.0320678,21.4913,Yes,N/A,2,3,4,5,2 4,2 5,8,9,2 8,11,12,2 11,2 12,3 12,4 12,5 12,2 4 12
1 2 3 4 5 8 9 11 12 13,0.0343592,21.8328,Yes,N/A,2,3,4,5,1 5,2 5,8,9,1 9,11,12,13,1 13,2 13,3 13,4 13,5 13
2 3 4 5 8 9 12 13,0.0216205,25.6287,Yes,N/A,2,3,4,5,2 4,2 5,8,9,2 8,2 9,12,13,2 12,2 13,3 13,4 13,5 13
1 2 3 4 5 8 9 10,0.0838585,9.2872,Yes,N/A,2,3,4,5,1 5,2 5,8,9,10,1 10,2 10,3 10,4 10,5 10,1 5 10,2 5 10,8 10
2 3 4 5 8 9 10,0.0596321,13.0169,Yes,N/A,2,3,4,5,2 4,2 5,8,9,10,2 9,2 10,3 10,4 10,5 10,2 4 10,2 5 10,8 10
1 2 3 4 5 8 9 10 13,0.0517418,15.6188,Yes,N/A,2,3,4,5,1 5,2 5,8,9,10,1 10,2 10,13,1 13,2 13,3 13,4 13,5 13
1 2 3 4 5 8 9 10 12,0.0612281,13.7263,Yes,N/A,2,3,4,5,1 5,2 5,8,9,10,1 10,12,1 12,2 12,3 12,4 12,5 12,1 5 12
2 3 4 5 8 9 10 12,0.0385374,18.7443,Yes,N/A,2,3,4,5,2 4,2 5,8,9,10,2 9,12,3 10,2 12,3 12,4 12,5 12,2 4 12
1 2 3 4 5 8 9 10 12 13,0.0381298,20.3382,Yes,N/A,2,3,4,5,1 5,2 5,8,9,10,1 10,12,13,1 13,2 13,3 13,4 13,5 13
2 3 4 5 8 9 10 13,0.0306399,21.1608,Yes,N/A,2,3,4,5,2 4,2 5,8,9,10,2 9,2 10,13,4 10,2 13,3 13,4 13,5 13
1 2 3 4 5 8 9 10 11,0.0683723,12.4518,Yes,N/A,2,3,4,5,1 5,2 5,8,9,10,11,1 11,2 11,3 11,4 11,5 11,1 5 11,2 5 11
2 3 4 5 8 9 10 11,0.0437556,17.5909,Yes,N/A,2,3,4,5,2 4,2 5,8,9,10,11,2 10,2 11,3 11,4 11,5 11,2 4 11,2 5 11
1 2 3 4 5 8 9 10 11 13,0.0440367,18.4154,Yes,N/A,2,3,4,5,1 5,2 5,8,9,10,11,1 11,13,1 13,2 13,3 13,4 13,5 13
1 2 3 4 5 8 9 10 11 12,0.051167,16.7771,Yes,N/A,2,3,4,5,1 5,2 5,8,9,10,11,12,1 12,2 12,3 12,4 12,5 12,1 5 12
2 3 4 5 8 9 10 11 12,0.0299733,22.8519,Yes,N/A,2,3,4,5,2 4,2 5,8,9,10,11,12,2 11,2 12,3 12,4 12,5 12,2 4 12
1 2 3 4 5 8 9 10 11 12 13,0.0344479,22.6699,Yes,N/A,2,3,4,5,1 5,2 5,8,9,10,11,12,13,1 13,2 13,3 13,4 13,5 13
2 3 4 5 9 11 13,0.0238741,23.4816,Yes,N/A,2,3,4,5,2 4,2 5,3 5,9,2 3 5,11,3 9,13,3 11,2 13,3 13,4 13,5 13
2 3 4 5 9 11 12 13,0.0158598,29.5631,Yes,N/A,2,3,4,5,2 4,2 5,3 5,9,2 3 5,11,12,13,2 12,2 13,3 13,4 13,5 13
2 3 4 5 9 10 12 13,0.0198016,26.8456,Yes,N/A,2,3,4,5,2 4,2 5,3 5,9,10,2 9,12,13,2 12,2 13,3 13,4 13,5 13
2 3 4 5 9 10 11 13,0.0234307,24.7686,Yes,N/A,2,3,4,5,2 4,2 5,3 5,9,10,11,2 10,13,3 11,2 13,3 13,4 13,5 13
2 3 4 5 9 10 11 12 13,0.0166753,30.3919,Yes,N/A,2,3,4,5,2 4,2 5,3 5,9,10,11,12,13,2 12,2 13,3 13,4 13,5 13
1 2 3 4 5 7,0.117311,5.83858,Yes,N/A,2,3,4,5,1 5,7,1 7,2 7,3 7,4 7,5 7,1 5 7,2 5 7,3 5 7,4 5 7,1 4 5 7,2 4 5 7
2 3 4 5 7,0.100288,7.2678,Yes,N/A,2,3,4,5,2 4,7,3 5,2 7,3 7,4 7,5 7,2 4 7,2 5 7,3 5 7,4 5 7,2 3 5 7,2 4 5 7
1 2 3 4 5 7 13,0.0689633,11.4476,Yes,N/A,2,3,4,5,1 5,7,1 7,2 7,3 7,4 7,5 7,13,1 13,2 13,3 13,4 13,5 13
1 2 3 4 5 7 12,0.0826479,9.56455,Yes,N/A,2,3,4,5,1 5,7,1 7,2 7,3 7,4 7,12,1 12,2 12,3 12,4 12,5 12,1 5 12
2 3 4 5 7 12,0.0526891,13.8693,Yes,N/A,2,3,4,5,2 4,7,3 5,2 7,3 7,4 7,12,2 4 7,2 12,3 12,4 12,5 12,2 4 12
1 2 3 4 5 7 12 13,0.0448684,17.0099,Yes,N/A,2,3,4,5,1 5,7,1 7,2 7,3 7,4 7,12,13,1 13,2 13,3 13,4 13,5 13
2 3 4 5 7 13,0.0424655,15.5451,Yes,N/A,2,3,4,5,2 4,7,3 5,2 7,3 7,4 7,5 7,13,2 5 7,2 13,3 13,4 13,5 13
1 2 3 4 5 7 11,0.0927128,7.98421,Yes,N/A,2,3,4,5,1 5,7,1 7,2 7,3 7,11,1 11,2 11,3 11,4 11,5 11,1 5 11,7 11
2 3 4 5 7 11,0.0628522,11.821,Yes,N/A,2,3,4,5,2 4,7,3 5,2 7,3 7,11,5 7,2 11,3 11,4 11,5 11,2 4 11,7 11
1 2 3 4 5 7 11 13,0.0521975,14.9234,Yes,N/A,2,3,4,5,1 5,7,1 7,2 7,3 7,11,1 11,13,1 13,2 13,3 13,4 13,5 13
1 2 3 4 5 7 11 12,0.0620449,13.2129,Yes,N/A,2,3,4,5,1 5,7,1 7,2 7,3 7,11,12,1 12,2 12,3 12,4 12,5 12,1 5 12
2 3 4 5 7 11 12,0.0370044,18.3301,Yes,N/A,2,3,4,5,2 4,7,3 5,2 7,3 7,11,12,2 11,2 12,3 12,4 12,5 12,2 4 12
1 2 3 4 5 7 11 12 13,0.0357538,20.6733,Yes,N/A,2,3,4,5,1 5,7,1 7,2 7,3 7,11,12,13,1 13,2 13,3 13,4 13,5 13
2 3 4 5 7 12 13,0.026072,21.636,Yes,N/A,2,3,4,5,2 4,7,3 5,2 7,3 7,4 7,12,13,2 12,2 13,3 13,4 13,5 13
1 2 3 4 5 7 10,0.0970746,7.16974,Yes,N/A,2,3,4,5,1 5,7,1 7,2 7,10,1 10,2 10,3 10,4 10,5 10,1 5 10,7 10,1 7 10
2 3 4 5 7 10,0.0718471,10.3903,Yes,N/A,2,3,4,5,2 4,7,3 5,2 7,10,4 7,2 10,3 10,4 10,5 10,2 4 10,7 10,3 5 10
1 2 3 4 5 7 10 13,0.0576569,13.6676,Yes,N/A,2,3,4,5,1 5,7,1 7,2 7,10,1 10,2 10,13,1 13,2 13,3 13,4 13,5 13
1 2 3 4 5 7 10 12,0.0681554,11.8674,Yes,N/A,2,3,4,5,1 5,7,1 7,2 7,10,1 10,12,1 12,2 12,3 12,4 12,5 12,1 5 12
2 3 4 5 7 10 12,0.041319,17.3242,Yes,N/A,2,3,4,5,2 4,7,3 5,2 7,10,4 7,12,3 10,2 12,3 12,4 12,5 12,2 4 12
1 2 3 4 5 7 10 12 13,0.0395174,19.0699,Yes,N/A,2,3,4,5,1 5,7,1 7,2 7,10,1 10,12,13,1 13,2 13,3 13,4 13,5 13
2 3 4 5 7 10 13,0.034675,18.5599,Yes,N/A,2,3,4,5,2 4,7,3 5,2 7,10,4 7,2 10,13,4 10,2 13,3 13,4 13,5 13
1 2 3 4 5 7 10 11,0.0770734,10.4281,Yes,N/A,2,3,4,5,1 5,7,1 7,2 7,10,11,1 11,2 11,3 11,4 11,5 11,1 5 11,7 11
2 3 4 5 7 10 11,0.0507075,14.7935,Yes,N/A,2,3,4,5,2 4,7,3 5,2 7,10,11,2 10,2 11,3 11,4 11,5 11,2 4 11,7 11
1 2 3 4 5 7 10 11 13,0.0463575,17.076,Yes,N/A,2,3,4,5,1 5,7,1 7,2 7,10,11,1 11,13,1 13,2 13,3 13,4 13,5 13
1 2 3 4 5 7 10 11 12,0.0546025,15.3668,Yes,N/A,2,3,4,5,1 5,7,1 7,2 7,10,11,12,1 12,2 12,3 12,4 12,5 12,1 5 12
2 3 4 5 7 10 11 12,0.032138,20.8756,Yes,N/A,2,3,4,5,2 4,7,3 5,2 7,10,11,12,2 11,2 12,3 12,4 12,5 12,2 4 12
1 2 3 4 5 7 10 11 12 13,0.0339401,22.2509,Yes,N/A,2,3,4,5,1 5,7,1 7,2 7,10,11,12,13,1 13,2 13,3 13,4 13,5 13
2 3 4 5 7 11 13,0.0284789,20.8282,Yes,N/A,2,3,4,5,2 4,7,3 5,2 7,3 7,11,5 7,13,3 11,2 13,3 13,4 13,5 13
2 3 4 5 7 11 12 13,0.0192498,26.4854,Yes,N/A,2,3,4,5,2 4,7,3 5,2 7,3 7,11,12,13,2 12,2 13,3 13,4 13,5 13
1 2 3 4 5 7 9,0.0973966,6.70813,Yes,N/A,2,3,4,5,1 5,7,1 7,9,1 9,2 9,3 9,4 9,5 9,1 5 9,7 9,1 7 9,2 7 9
2 3 4 5 7 9,0.0700597,10.0282,Yes,N/A,2,3,4,5,2 4,7,3 5,9,3 7,2 9,3 9,4 9,5 9,2 4 9,7 9,3 5 9,2 7 9
1 2 3 4 5 7 9 13,0.059148,12.9643,Yes,N/A,2,3,4,5,1 5,7,1 7,9,1 9,2 9,3 9,13,1 13,2 13,3 13,4 13,5 13
1 2 3 4 5 7 9 12,0.0704158,11.2315,Yes,N/A,2,3,4,5,1 5,7,1 7,9,1 9,2 9,12,1 12,2 12,3 12,4 12,5 12,1 5 12
2 3 4 5 7 9 12,0.0430364,16.5326,Yes,N/A,2,3,4,5,2 4,7,3 5,9,3 7,2 9,12,4 9,2 12,3 12,4 12,5 12,2 4 12
1 2 3 4 5 7 9 12 13,0.0412061,18.2646,Yes,N/A,2,3,4,5,1 5,7,1 7,9,1 9,2 9,12,13,1 13,2 13,3 13,4 13,5 13
2 3 4 5 7 9 13,0.0341262,18.1472,Yes,N/A,2,3,4,5,2 4,7,3 5,9,3 7,2 9,3 9,13,5 9,2 13,3 13,4 13,5 13
1 2 3 4 5 7 9 11,0.07787,9.89504,Yes,N/A,2,3,4,5,1 5,7,1 7,9,1 9,11,1 11,2 11,3 11,4 11,5 11,1 5 11,7 11
2 3 4 5 7 9 11,0.0487437,15.4697,Yes,N/A,2,3,4,5,2 4,7,3 5,9,3 7,11,3 9,2 11,3 11,4 11,5 11,2 4 11,7 11
1 2 3 4 5 7 9 11 13,0.0460373,16.853,Yes,N/A,2,3,4,5,1 5,7,1 7,9,1 9,11,1 11,13,1 13,2 13,3 13,4 13,5 13
1 2 3 4 5 7 9 11 12,0.055061,14.9343,Yes,N/A,2,3,4,5,1 5,7,1 7,9,1 9,11,12,1 12,2 12,3 12,4 12,5 12,1 5 12
2 3 4 5 7 9 11 12,0.0318143,21.3089,Yes,N/A,2,3,4,5,2 4,7,3 5,9,3 7,11,12,2 11,2 12,3 12,4 12,5 12,2 4 12
1 2 3 4 5 7 9 11 12 13,0.0339557,21.7728,Yes,N/A,2,3,4,5,1 5,7,1 7,9,1 9,11,12,13,1 13,2 13,3 13,4 13,5 13
2 3 4 5 7 9 12 13,0.0226088,24.239,Yes,N/A,2,3,4,5,2 4,7,3 5,9,3 7,2 9,12,13,2 12,2 13,3 13,4 13,5 13
1 2 3 4 5 7 9 10,0.0837462,8.97258,Yes,N/A,2,3,4,5,1 5,7,1 7,9,10,1 10,2 10,3 10,4 10,5 10,1 5 10,7 10,1 7 10
2 3 4 5 7 9 10,0.0588687,13.0906,Yes,N/A,2,3,4,5,2 4,7,3 5,9,10,2 9,2 10,3 10,4 10,5 10,2 4 10,7 10,3 5 10
1 2 3 4 5 7 9 10 13,0.0520104,15.2284,Yes,N/A,2,3,4,5,1 5,7,1 7,9,10,1 10,2 10,13,1 13,2 13,3 13,4 13,5 13
1 2 3 4 5 7 9 10 12,0.0611744,13.5311,Yes,N/A,2,3,4,5,1 5,7,1 7,9,10,1 10,12,1 12,2 12,3 12,4 12,5 12,1 5 12
2 3 4 5 7 9 10 12,0.0369716,19.4504,Yes,N/A,2,3,4,5,2 4,7,3 5,9,10,2 9,12,3 10,2 12,3 12,4 12,5 12,2 4 12
1 2 3 4 5 7 9 10 12 13,0.0379569,20.175,Yes,N/A,2,3,4,5,1 5,7,1 7,9,10,1 10,12,13,1 13,2 13,3 13,4 13,5 13
2 3 4 5 7 9 10 13,0.0312667,20.6221,Yes,N/A,2,3,4,5,2 4,7,3 5,9,10,2 9,2 10,13,4 10,2 13,3 13,4 13,5 13
1 2 3 4 5 7 9 10 11,0.0684745,12.1625,Yes,N/A,2,3,4,5,1 5,7,1 7,9,10,11,1 11,2 11,3 11,4 11,5 11,1 5 11,7 11
2 3 4 5 7 9 10 11,0.0436685,17.4456,Yes,N/A,2,3,4,5,2 4,7,3 5,9,10,11,2 10,2 11,3 11,4 11,5 11,2 4 11,7 11
1 2 3 4 5 7 9 10 11 13,0.0436112,18.3313,Yes,N/A,2,3,4,5,1 5,7,1 7,9,10,11,1 11,13,1 13,2 13,3 13,4 13,5 13
1 2 3 4 5 7 9 10 11 12,0.0510101,16.6135,Yes,N/A,2,3,4,5,1 5,7,1 7,9,10,11,12,1 12,2 12,3 12,4 12,5 12,1 5 12
2 3 4 5 7 9 10 11 12,0.0294702,23.0554,Yes,N/A,2,3,4,5,2 4,7,3 5,9,10,11,12,2 11,2 12,3 12,4 12,5 12,2 4 12
1 2 3 4 5 7 9 10 11 12 13,0.0339471,22.7058,Yes,N/A,2,3,4,5,1 5,7,1 7,9,10,11,12,13,1 13,2 13,3 13,4 13,5 13
2 3 4 5 7 10 12 13,0.0219849,25.3324,Yes,N/A,2,3,4,5,2 4,7,3 5,2 7,10,4 7,12,13,2 12,2 13,3 13,4 13,5 13
2 3 4 5 7 10 11 13,0.0263369,22.69,Yes,N/A,2,3,4,5,2 4,7,3 5,2 7,10,11,2 10,13,3 11,2 13,3 13,4 13,5 13
2 3 4 5 7 10 11 12 13,0.0182533,28.5263,Yes,N/A,2,3,4,5,2 4,7,3 5,2 7,10,11,12,13,2 12,2 13,3 13,4 13,5 13
1 2 3 4 5 7 8,0.0979665,6.28819,Yes,N/A,2,3,4,5,1 5,7,8,1 8,2 8,3 8,4 8,5 8,1 5 8,7 8,1 7 8,2 7 8,3 7 8
2 3 4 5 7 8,0.0765327,8.96779,Yes,N/A,2,3,4,5,2 4,7,8,2 7,2 8,3 8,4 8,5 8,2 4 8,7 8,3 5 8,2 7 8,3 7 8
1 2 3 4 5 7 8 13,0.0619617,12.1773,Yes,N/A,2,3,4,5,1 5,7,8,1 8,2 8,3 8,4 8,13,1 13,2 13,3 13,4 13,5 13
1 2 3 4 5 7 8 12,0.0745523,10.4132,Yes,N/A,2,3,4,5,1 5,7,8,1 8,2 8,3 8,12,1 12,2 12,3 12,4 12,5 12,1 5 12
2 3 4 5 7 8 12,0.0481789,15.1382,Yes,N/A,2,3,4,5,2 4,7,8,2 7,2 8,3 8,12,5 8,2 12,3 12,4 12,5 12,2 4 12
1 2 3 4 5 7 8 12 13,0.0438889,17.3291,Yes,N/A,2,3,4,5,1 5,7,8,1 8,2 8,3 8,12,13,1 13,2 13,3 13,4 13,5 13
2 3 4 5 7 8 13,0.0378966,16.9751,Yes,N/A,2,3,4,5,2 4,7,8,2 7,2 8,3 8,4 8,13,2 4 8,2 13,3 13,4 13,5 13
1 2 3 4 5 7 8 11,0.0833309,9.04956,Yes,N/A,2,3,4,5,1 5,7,8,1 8,2 8,11,1 11,2 11,3 11,4 11,5 11,1 5 11,7 11
2 3 4 5 7 8 11,0.058884,13.06,Yes,N/A,2,3,4,5,2 4,7,8,2 7,2 8,11,4 8,2 11,3 11,4 11,5 11,2 4 11,7 11
1 2 3 4 5 7 8 11 13,0.050757,15.4168,Yes,N/A,2,3,4,5,1 5,7,8,1 8,2 8,11,1 11,13,1 13,2 13,3 13,4 13,5 13
1 2 3 4 5 7 8 11 12,0.0600279,13.7985,Yes,N/A,2,3,4,5,1 5,7,8,1 8,2 8,11,12,1 12,2 12,3 12,4 12,5 12,1 5 12
2 3 4 5 7 8 11 12,0.0365187,19.5823,Yes,N/A,2,3,4,5,2 4,7,8,2 7,2 8,11,12,2 11,2 12,3 12,4 12,5 12,2 4 12
1 2 3 4 5 7 8 11 12 13,0.0370087,20.45,Yes,N/A,2,3,4,5,1 5,7,8,1 8,2 8,11,12,13,1 13,2 13,3 13,4 13,5 13
2 3 4 5 7 8 12 13,0.0249371,23.1585,Yes,N/A,2,3,4,5,2 4,7,8,2 7,2 8,3 8,12,13,2 12,2 13,3 13,4 13,5 13
1 2 3 4 5 7 8 10,0.0890327,8.14555,Yes,N/A,2,3,4,5,1 5,7,8,1 8,10,1 10,2 10,3 10,4 10,5 10,1 5 10,7 10,8 10
2 3 4 5 7 8 10,0.067556,11.6286,Yes,N/A,2,3,4,5,2 4,7,8,2 7,10,3 8,2 10,3 10,4 10,5 10,2 4 10,7 10,8 10
1 2 3 4 5 7 8 10 13,0.0559649,14.1192,Yes,N/A,2,3,4,5,1 5,7,8,1 8,10,1 10,2 10,13,1 13,2 13,3 13,4 13,5 13
1 2 3 4 5 7 8 10 12,0.0657755,12.5015,Yes,N/A,2,3,4,5,1 5,7,8,1 8,10,1 10,12,1 12,2 12,3 12,4 12,5 12,1 5 12
2 3 4 5 7 8 10 12,0.0426004,17.7843,Yes,N/A,2,3,4,5,2 4,7,8,2 7,10,3 8,12,3 10,2 12,3 12,4 12,5 12,2 4 12
1 2 3 4 5 7 8 10 12 13,0.0406569,19.0373,Yes,N/A,2,3,4,5,1 5,7,8,1 8,10,1 10,12,13,1 13,2 13,3 13,4 13,5 13
2 3 4 5 7 8 10 13,0.034505,19.6048,Yes,N/A,2,3,4,5,2 4,7,8,2 7,10,3 8,2 10,13,4 10,2 13,3 13,4 13,5 13
1 2 3 4 5 7 8 10 11,0.0738964,11.0962,Yes,N/A,2,3,4,5,1 5,7,8,1 8,10,11,1 11,2 11,3 11,4 11,5 11,1 5 11,7 11
2 3 4 5 7 8 10 11,0.0499454,15.9482,Yes,N/A,2,3,4,5,2 4,7,8,2 7,10,11,2 10,2 11,3 11,4 11,5 11,2 4 11,7 11
1 2 3 4 5 7 8 10 11 13,0.0468648,17.1291,Yes,N/A,2,3,4,5,1 5,7,8,1 8,10,11,1 11,13,1 13,2 13,3 13,4 13,5 13
1 2 3 4 5 7 8 10 11 12,0.0545316,15.486,Yes,N/A,2,3,4,5,1 5,7,8,1 8,10,11,12,1 12,2 12,3 12,4 12,5 12,1 5 12
2 3 4 5 7 8 10 11 12,0.0329542,21.5934,Yes,N/A,2,3,4,5,2 4,7,8,2 7,10,11,12,2 11,2 12,3 12,4 12,5 12,2 4 12
1 2 3 4 5 7 8 10 11 12 13,0.0360274,21.4667,Yes,N/A,2,3,4,5,1 5,7,8,1 8,10,11,12,13,1 13,2 13,3 13,4 13,5 13
2 3 4 5 7 8 11 13,0.0300316,21.0514,Yes,N/A,2,3,4,5,2 4,7,8,2 7,2 8,11,4 8,13,3 11,2 13,3 13,4 13,5 13
2 3 4 5 7 8 11 12 13,0.0202684,27.08,Yes,N/A,2,3,4,5,2 4,7,8,2 7,2 8,11,12,13,2 12,2 13,3 13,4 13,5 13
1 2 3 4 5 7 8 9,0.0929339,7.6322,Yes,N/A,2,3,4,5,1 5,7,8,9,1 9,2 9,3 9,4 9,5 9,1 5 9,7 9,8 9,1 8 9
2 3 4 5 7 8 9,0.0726305,10.7158,Yes,N/A,2,3,4,5,2 4,7,8,9,2 8,2 9,3 9,4 9,5 9,2 4 9,7 9,8 9,2 7 9
1 2 3 4 5 7 8 9 13,0.0593756,13.3445,Yes,N/A,2,3,4,5,1 5,7,8,9,1 9,2 9,3 9,13,1 13,2 13,3 13,4 13,5 13
1 2 3 4 5 7 8 9 12,0.0699644,11.7425,Yes,N/A,2,3,4,5,1 5,7,8,9,1 9,2 9,12,1 12,2 12,3 12,4 12,5 12,1 5 12
2 3 4 5 7 8 9 12,0.0454427,16.8191,Yes,N/A,2,3,4,5,2 4,7,8,9,2 8,2 9,12,4 9,2 12,3 12,4 12,5 12,2 4 12
1 2 3 4 5 7 8 9 12 13,0.0432805,18.1368,Yes,N/A,2,3,4,5,1 5,7,8,9,1 9,2 9,12,13,1 13,2 13,3 13,4 13,5 13
2 3 4 5 7 8 9 13,0.037375,18.2803,Yes,N/A,2,3,4,5,2 4,7,8,9,2 8,2 9,3 9,13,5 9,2 13,3 13,4 13,5 13
1 2 3 4 5 7 8 9 11,0.078062,10.3237,Yes,N/A,2,3,4,5,1 5,7,8,9,1 9,11,1 11,2 11,3 11,4 11,5 11,1 5 11,7 11
2 3 4 5 7 8 9 11,0.053685,14.9409,Yes,N/A,2,3,4,5,2 4,7,8,9,2 8,11,3 9,2 11,3 11,4 11,5 11,2 4 11,7 11
1 2 3 4 5 7 8 9 11 13,0.0494047,16.282,Yes,N/A,2,3,4,5,1 5,7,8,9,1 9,11,1 11,13,1 13,2 13,3 13,4 13,5 13
1 2 3 4 5 7 8 9 11 12,0.0576085,14.7018,Yes,N/A,2,3,4,5,1 5,7,8,9,1 9,11,12,1 12,2 12,3 12,4 12,5 12,1 5 12
2 3 4 5 7 8 9 11 12,0.0348227,20.8161,Yes,N/A,2,3,4,5,2 4,7,8,9,2 8,11,12,2 11,2 12,3 12,4 12,5 12,2 4 12
1 2 3 4 5 7 8 9 11 12 13,0.0376944,20.6838,Yes,N/A,2,3,4,5,1 5,7,8,9,1 9,11,12,13,1 13,2 13,3 13,4 13,5 13
2 3 4 5 7 8 9 12 13,0.0245248,24.4463,Yes,N/A,2,3,4,5,2 4,7,8,9,2 8,2 9,12,13,2 12,2 13,3 13,4 13,5 13
1 2 3 4 5 7 8 9 10,0.0835723,9.51961,Yes,N/A,2,3,4,5,1 5,7,8,9,10,1 10,2 10,3 10,4 10,5 10,1 5 10,7 10,8 10
2 3 4 5 7 8 9 10,0.05988,13.6902,Yes,N/A,2,3,4,5,2 4,7,8,9,10,2 9,2 10,3 10,4 10,5 10,2 4 10,7 10,8 10
1 2 3 4 5 7 8 9 10 13,0.05428,15.0826,Yes,N/A,2,3,4,5,1 5,7,8,9,10,1 10,2 10,13,1 13,2 13,3 13,4 13,5 13
1 2 3 4 5 7 8 9 10 12,0.0629525,13.455,Yes,N/A,2,3,4,5,1 5,7,8,9,10,1 10,12,1 12,2 12,3 12,4 12,5 12,1 5 12
2 3 4 5 7 8 9 10 12,0.0394731,19.1415,Yes,N/A,2,3,4,5,2 4,7,8,9,10,2 9,12,3 10,2 12,3 12,4 12,5 12,2 4 12
1 2 3 4 5 7 8 9 10 12 13,0.0414554,19.2658,Yes,N/A,2,3,4,5,1 5,7,8,9,10,1 10,12,13,1 13,2 13,3 13,4 13,5 13
2 3 4 5 7 8 9 10 13,0.0329315,21.0191,Yes,N/A,2,3,4,5,2 4,7,8,9,10,2 9,2 10,13,4 10,2 13,3 13,4 13,5 13
1 2 3 4 5 7 8 9 10 11,0.0694993,12.2122,Yes,N/A,2,3,4,5,1 5,7,8,9,10,11,1 11,2 11,3 11,4 11,5 11,1 5 11,7 11
2 3 4 5 7 8 9 10 11,0.0454169,17.4362,Yes,N/A,2,3,4,5,2 4,7,8,9,10,11,2 10,2 11,3 11,4 11,5 11,2 4 11,7 11
1 2 3 4 5 7 8 9 10 11 13,0.0470658,17.4727,Yes,N/A,2,3,4,5,1 5,7,8,9,10,11,1 11,13,1 13,2 13,3 13,4 13,5 13
1 2 3 4 5 7 8 9 10 11 12,0.0541171,15.848,Yes,N/A,2,3,4,5,1 5,7,8,9,10,11,12,1 12,2 12,3 12,4 12,5 12,1 5 12
2 3 4 5 7 8 9 10 11 12,0.0322582,22.2734,Yes,N/A,2,3,4,5,2 4,7,8,9,10,11,12,2 11,2 12,3 12,4 12,5 12,2 4 12
1 2 3 4 5 7 8 9 10 11 12 13,0.038367,20.8986,Yes,N/A,2,3,4,5,1 5,7,8,9,10,11,12,13,1 13,2 13,3 13,4 13,5 13
2 3 4 5 8 10 12 13,0.0224934,25.3409,Yes,N/A,2,3,4,5,2 4,2 5,8,4 5,10,3 8,12,13,2 12,2 13,3 13,4 13,5 13
2 3 4 5 8 10 11 13,0.0255309,24.1226,Yes,N/A,2,3,4,5,2 4,2 5,8,4 5,10,11,2 10,13,3 11,2 13,3 13,4 13,5 13
2 3 4 5 8 10 11 12 13,0.018093,29.7683,Yes,N/A,2,3,4,5,2 4,2 5,8,4 5,10,11,12,13,2 12,2 13,3 13,4 13,5 13
2 3 4 5 8 9 11 13,0.0267912,22.9002,Yes,N/A,2,3,4,5,2 4,2 5,8,9,2 8,11,3 9,13,3 11,2 13,3 13,4 13,5 13
2 3 4 5 8 9 11 12 13,0.0178766,29.5679,Yes,N/A,2,3,4,5,2 4,2 5,8,9,2 8,11,12,13,2 12,2 13,3 13,4 13,5 13
2 3 4 5 8 9 10 12 13,0.0212725,26.6634,Yes,N/A,2,3,4,5,2 4,2 5,8,9,10,2 9,12,13,2 12,2 13,3 13,4 13,5 13
2 3 4 5 8 9 10 11 13,0.0244365,25.2418,Yes,N/A,2,3,4,5,2 4,2 5,8,9,10,11,2 10,13,3 11,2 13,3 13,4 13,5 13
2 3 4 5 8 9 10 11 12 13,0.0184042,29.8772,Yes,N/A,2,3,4,5,2 4,2 5,8,9,10,11,12,13,2 12,2 13,3 13,4 13,5 13
1 2 3 4 5 6,0.115342,5.79574,Yes,N/A,2,3,4,5,6,1 6,2 6,3 6,4 6,5 6,1 5 6,2 5 6,3 5 6,4 5 6,1 4 5 6,2 4 5 6,3 4 5 6
2 3 4 5 6,0.0959198,6.83983,Yes,N/A,2,3,4,5,6,2 5,2 6,3 6,4 6,5 6,2 4 6,2 5 6,3 5 6,4 5 6,2 3 5 6,2 4 5 6,3 4 5 6
1 2 3 4 5 6 13,0.0669573,11.635,Yes,N/A,2,3,4,5,6,1 6,2 6,3 6,4 6,5 6,1 5 6,13,1 13,2 13,3 13,4 13,5 13
1 2 3 4 5 6 12,0.0849928,9.15911,Yes,N/A,2,3,4,5,6,1 6,2 6,3 6,4 6,5 6,12,1 12,2 12,3 12,4 12,5 12,6 12
2 3 4 5 6 12,0.054133,12.9322,Yes,N/A,2,3,4,5,6,2 5,2 6,3 6,4 6,5 6,12,2 5 6,2 12,3 12,4 12,5 12,6 12
1 2 3 4 5 6 12 13,0.0460016,16.689,Yes,N/A,2,3,4,5,6,1 6,2 6,3 6,4 6,5 6,12,13,1 13,2 13,3 13,4 13,5 13
2 3 4 5 6 13,0.0413464,15.2089,Yes,N/A,2,3,4,5,6,2 5,2 6,3 6,4 6,5 6,2 4 6,13,3 5 6,2 13,3 13,4 13,5 13
1 2 3 4 5 6 11,0.0951363,7.48837,Yes,N/A,2,3,4,5,6,1 6,2 6,3 6,4 6,11,1 11,2 11,3 11,4 11,5 11,6 11,1 6 11
2 3 4 5 6 11,0.0654143,11.1215,Yes,N/A,2,3,4,5,6,2 5,2 6,3 6,4 6,11,2 4 6,2 11,3 11,4 11,5 11,6 11,2 5 11
1 2 3 4 5 6 11 13,0.0544676,14.3455,Yes,N/A,2,3,4,5,6,1 6,2 6,3 6,4 6,11,1 11,13,1 13,2 13,3 13,4 13,5 13
1 2 3 4 5 6 11 12,0.065592,12.5398,Yes,N/A,2,3,4,5,6,1 6,2 6,3 6,4 6,11,12,1 12,2 12,3 12,4 12,5 12,6 12
2 3 4 5 6 11 12,0.0406438,16.8047,Yes,N/A,2,3,4,5,6,2 5,2 6,3 6,4 6,11,12,2 11,2 12,3 12,4 12,5 12,6 12
1 2 3 4 5 6 11 12 13,0.0379059,19.9801,Yes,N/A,2,3,4,5,6,1 6,2 6,3 6,4 6,11,12,13,1 13,2 13,3 13,4 13,5 13
2 3 4 5 6 12 13,0.0269127,20.7696,Yes,N/A,2,3,4,5,6,2 5,2 6,3 6,4 6,5 6,12,13,2 12,2 13,3 13,4 13,5 13
1 2 3 4 5 6 10,0.0985841,6.72037,Yes,N/A,2,3,4,5,6,1 6,2 6,3 6,10,1 10,2 10,3 10,4 10,5 10,6 10,1 6 10,2 6 10
2 3 4 5 6 10,0.076624,9.11153,Yes,N/A,2,3,4,5,6,2 5,2 6,3 6,10,5 6,2 10,3 10,4 10,5 10,6 10,2 5 10,2 6 10
1 2 3 4 5 6 10 13,0.0590562,13.1374,Yes,N/A,2,3,4,5,6,1 6,2 6,3 6,10,1 10,2 10,13,1 13,2 13,3 13,4 13,5 13
1 2 3 4 5 6 10 12,0.0712224,11.1425,Yes,N/A,2,3,4,5,6,1 6,2 6,3 6,10,1 10,12,1 12,2 12,3 12,4 12,5 12,6 12
2 3 4 5 6 10 12,0.0458338,15.6255,Yes,N/A,2,3,4,5,6,2 5,2 6,3 6,10,5 6,12,3 10,2 12,3 12,4 12,5 12,6 12
1 2 3 4 5 6 10 12 13,0.041634,18.1999,Yes,N/A,2,3,4,5,6,1 6,2 6,3 6,10,1 10,12,13,1 13,2 13,3 13,4 13,5 13
2 3 4 5 6 10 13,0.0361988,17.4856,Yes,N/A,2,3,4,5,6,2 5,2 6,3 6,10,5 6,2 10,13,4 10,2 13,3 13,4 13,5 13
1 2 3 4 5 6 10 11,0.0800592,9.78772,Yes,N/A,2,3,4,5,6,1 6,2 6,3 6,10,11,1 11,2 11,3 11,4 11,5 11,6 11,1 6 11
2 3 4 5 6 10 11,0.0555966,13.4457,Yes,N/A,2,3,4,5,6,2 5,2 6,3 6,10,11,2 10,2 11,3 11,4 11,5 11,6 11,2 5 11
1 2 3 4 5 6 10 11 13,0.0485087,16.3218,Yes,N/A,2,3,4,5,6,1 6,2 6,3 6,10,11,1 11,13,1 13,2 13,3 13,4 13,5 13
1 2 3 4 5 6 10 11 12,0.0572999,14.6909,Yes,N/A,2,3,4,5,6,1 6,2 6,3 6,10,11,12,1 12,2 12,3 12,4 12,5 12,6 12
2 3 4 5 6 10 11 12,0.0352499,19.4092,Yes,N/A,2,3,4,5,6,2 5,2 6,3 6,10,11,12,2 11,2 12,3 12,4 12,5 12,6 12
1 2 3 4 5 6 10 11 12 13,0.0356603,21.4964,Yes,N/A,2,3,4,5,6,1 6,2 6,3 6,10,11,12,13,1 13,2 13,3 13,4 13,5 13
2 3 4 5 6 11 13,0.0295061,20.1542,Yes,N/A,2,3,4,5,6,2 5,2 6,3 6,4 6,11,2 4 6,13,3 11,2 13,3 13,4 13,5 13
2 3 4 5 6 11 12 13,0.0209804,25.0512,Yes,N/A,2,3,4,5,6,2 5,2 6,3 6,4 6,11,12,13,2 12,2 13,3 13,4 13,5 13
1 2 3 4 5 6 9,0.0975535,6.44646,Yes,N/A,2,3,4,5,6,1 6,2 6,9,1 9,2 9,3 9,4 9,5 9,6 9,1 6 9,2 6 9,3 6 9
2 3 4 5 6 9,0.0802065,8.501,Yes,N/A,2,3,4,5,6,2 5,2 6,9,4 6,2 9,3 9,4 9,5 9,6 9,2 5 9,2 6 9,3 6 9
1 2 3 4 5 6 9 13,0.0593331,12.7916,Yes,N/A,2,3,4,5,6,1 6,2 6,9,1 9,2 9,3 9,13,1 13,2 13,3 13,4 13,5 13
1 2 3 4 5 6 9 12,0.072736,10.7713,Yes,N/A,2,3,4,5,6,1 6,2 6,9,1 9,2 9,12,1 12,2 12,3 12,4 12,5 12,6 12
2 3 4 5 6 9 12,0.0495301,14.7204,Yes,N/A,2,3,4,5,6,2 5,2 6,9,4 6,2 9,12,4 9,2 12,3 12,4 12,5 12,6 12
1 2 3 4 5 6 9 12 13,0.0423644,17.9168,Yes,N/A,2,3,4,5,6,1 6,2 6,9,1 9,2 9,12,13,1 13,2 13,3 13,4 13,5 13
2 3 4 5 6 9 13,0.0386143,16.5117,Yes,N/A,2,3,4,5,6,2 5,2 6,9,4 6,2 9,3 9,13,5 9,2 13,3 13,4 13,5 13
1 2 3 4 5 6 9 11,0.0827523,9.08242,Yes,N/A,2,3,4,5,6,1 6,2 6,9,1 9,11,1 11,2 11,3 11,4 11,5 11,6 11,1 6 11
2 3 4 5 6 9 11,0.0592386,12.9089,Yes,N/A,2,3,4,5,6,2 5,2 6,9,4 6,11,3 9,2 11,3 11,4 11,5 11,6 11,2 5 11
1 2 3 4 5 6 9 11 13,0.0492794,15.7737,Yes,N/A,2,3,4,5,6,1 6,2 6,9,1 9,11,1 11,13,1 13,2 13,3 13,4 13,5 13
1 2 3 4 5 6 9 11 12,0.0593601,13.7959,Yes,N/A,2,3,4,5,6,1 6,2 6,9,1 9,11,12,1 12,2 12,3 12,4 12,5 12,6 12
2 3 4 5 6 9 11 12,0.0372972,18.9854,Yes,N/A,2,3,4,5,6,2 5,2 6,9,4 6,11,12,2 11,2 12,3 12,4 12,5 12,6 12
1 2 3 4 5 6 9 11 12 13,0.0362884,20.6367,Yes,N/A,2,3,4,5,6,1 6,2 6,9,1 9,11,12,13,1 13,2 13,3 13,4 13,5 13
2 3 4 5 6 9 12 13,0.0253639,22.7841,Yes,N/A,2,3,4,5,6,2 5,2 6,9,4 6,2 9,12,13,2 12,2 13,3 13,4 13,5 13
1 2 3 4 5 6 9 10,0.0885551,8.26596,Yes,N/A,2,3,4,5,6,1 6,2 6,9,10,1 10,2 10,3 10,4 10,5 10,6 10,1 6 10,2 6 10
2 3 4 5 6 9 10,0.0666086,11.6553,Yes,N/A,2,3,4,5,6,2 5,2 6,9,10,2 9,2 10,3 10,4 10,5 10,6 10,2 5 10,2 6 10
1 2 3 4 5 6 9 10 13,0.0544682,14.5162,Yes,N/A,2,3,4,5,6,1 6,2 6,9,10,1 10,2 10,13,1 13,2 13,3 13,4 13,5 13
1 2 3 4 5 6 9 10 12,0.0650926,12.632,Yes,N/A,2,3,4,5,6,1 6,2 6,9,10,1 10,12,1 12,2 12,3 12,4 12,5 12,6 12
2 3 4 5 6 9 10 12,0.0422422,17.6631,Yes,N/A,2,3,4,5,6,2 5,2 6,9,10,2 9,12,3 10,2 12,3 12,4 12,5 12,6 12
1 2 3 4 5 6 9 10 12 13,0.0400741,19.2762,Yes,N/A,2,3,4,5,6,1 6,2 6,9,10,1 10,12,13,1 13,2 13,3 13,4 13,5 13
2 3 4 5 6 9 10 13,0.0333919,19.6939,Yes,N/A,2,3,4,5,6,2 5,2 6,9,10,2 9,2 10,13,4 10,2 13,3 13,4 13,5 13
1 2 3 4 5 6 9 10 11,0.0729628,11.3057,Yes,N/A,2,3,4,5,6,1 6,2 6,9,10,11,1 11,2 11,3 11,4 11,5 11,6 11,1 6 11
2 3 4 5 6 9 10 11,0.0491812,15.7411,Yes,N/A,2,3,4,5,6,2 5,2 6,9,10,11,2 10,2 11,3 11,4 11,5 11,6 11,2 5 11
1 2 3 4 5 6 9 10 11 13,0.0461115,17.3765,Yes,N/A,2,3,4,5,6,1 6,2 6,9,10,11,1 11,13,1 13,2 13,3 13,4 13,5 13
1 2 3 4 5 6 9 10 11 12,0.0542934,15.6099,Yes,N/A,2,3,4,5,6,1 6,2 6,9,10,11,12,1 12,2 12,3 12,4 12,5 12,6 12
2 3 4 5 6 9 10 11 12,0.0328108,21.2495,Yes,N/A,2,3,4,5,6,2 5,2 6,9,10,11,12,2 11,2 12,3 12,4 12,5 12,6 12
1 2 3 4 5 6 9 10 11 12 13,0.0358567,21.658,Yes,N/A,2,3,4,5,6,1 6,2 6,9,10,11,12,13,1 13,2 13,3 13,4 13,5 13
2 3 4 5 6 10 12 13,0.0235444,23.9135,Yes,N/A,2,3,4,5,6,2 5,2 6,3 6,10,5 6,12,13,2 12,2 13,3 13,4 13,5 13
2 3 4 5 6 10 11 13,0.027741,21.7351,Yes,N/A,2,3,4,5,6,2 5,2 6,3 6,10,11,2 10,13,3 11,2 13,3 13,4 13,5 13
2 3 4 5 6 10 11 12 13,0.0195533,27.1805,Yes,N/A,2,3,4,5,6,2 5,2 6,3 6,10,11,12,13,2 12,2 13,3 13,4 13,5 13
1 2 3 4 5 6 8,0.0991299,5.93254,Yes,N/A,2,3,4,5,6,1 6,8,1 8,2 8,3 8,4 8,5 8,6 8,1 6 8,2 6 8,3 6 8,4 6 8
2 3 4 5 6 8,0.0877571,7.34762,Yes,N/A,2,3,4,5,6,2 5,8,3 6,2 8,3 8,4 8,5 8,6 8,2 5 8,2 6 8,3 6 8,4 6 8
1 2 3 4 5 6 8 13,0.0619442,11.892,Yes,N/A,2,3,4,5,6,1 6,8,1 8,2 8,3 8,4 8,13,1 13,2 13,3 13,4 13,5 13
1 2 3 4 5 6 8 12,0.0771481,9.77584,Yes,N/A,2,3,4,5,6,1 6,8,1 8,2 8,3 8,12,1 12,2 12,3 12,4 12,5 12,6 12
2 3 4 5 6 8 12,0.0556806,12.8295,Yes,N/A,2,3,4,5,6,2 5,8,3 6,2 8,3 8,12,5 8,2 12,3 12,4 12,5 12,6 12
1 2 3 4 5 6 8 12 13,0.0452519,16.6727,Yes,N/A,2,3,4,5,6,1 6,8,1 8,2 8,3 8,12,13,1 13,2 13,3 13,4 13,5 13
2 3 4 5 6 8 13,0.0428192,15.1169,Yes,N/A,2,3,4,5,6,2 5,8,3 6,2 8,3 8,4 8,13,6 8,2 13,3 13,4 13,5 13
1 2 3 4 5 6 8 11,0.0873889,8.39799,Yes,N/A,2,3,4,5,6,1 6,8,1 8,2 8,11,1 11,2 11,3 11,4 11,5 11,6 11,1 6 11
2 3 4 5 6 8 11,0.0645042,11.8612,Yes,N/A,2,3,4,5,6,2 5,8,3 6,2 8,11,4 8,2 11,3 11,4 11,5 11,6 11,2 5 11
1 2 3 4 5 6 8 11 13,0.052755,14.7354,Yes,N/A,2,3,4,5,6,1 6,8,1 8,2 8,11,1 11,13,1 13,2 13,3 13,4 13,5 13
1 2 3 4 5 6 8 11 12,0.0631666,12.9767,Yes,N/A,2,3,4,5,6,1 6,8,1 8,2 8,11,12,1 12,2 12,3 12,4 12,5 12,6 12
2 3 4 5 6 8 11 12,0.0412765,17.3502,Yes,N/A,2,3,4,5,6,2 5,8,3 6,2 8,11,12,2 11,2 12,3 12,4 12,5 12,6 12
1 2 3 4 5 6 8 11 12 13,0.0387393,19.598,Yes,N/A,2,3,4,5,6,1 6,8,1 8,2 8,11,12,13,1 13,2 13,3 13,4 13,5 13
2 3 4 5 6 8 12 13,0.0285312,20.6142,Yes,N/A,2,3,4,5,6,2 5,8,3 6,2 8,3 8,12,13,2 12,2 13,3 13,4 13,5 13
1 2 3 4 5 6 8 10,0.0937197,7.44691,Yes,N/A,2,3,4,5,6,1 6,8,1 8,10,1 10,2 10,3 10,4 10,5 10,6 10,1 6 10,8 10
2 3 4 5 6 8 10,0.0740287,10.3915,Yes,N/A,2,3,4,5,6,2 5,8,3 6,10,3 8,2 10,3 10,4 10,5 10,6 10,2 5 10,8 10
1 2 3 4 5 6 8 10 13,0.0580507,13.4324,Yes,N/A,2,3,4,5,6,1 6,8,1 8,10,1 10,2 10,13,1 13,2 13,3 13,4 13,5 13
1 2 3 4 5 6 8 10 12,0.0697236,11.4929,Yes,N/A,2,3,4,5,6,1 6,8,1 8,10,1 10,12,1 12,2 12,3 12,4 12,5 12,6 12
2 3 4 5 6 8 10 12,0.0460193,16.3514,Yes,N/A,2,3,4,5,6,2 5,8,3 6,10,3 8,12,3 10,2 12,3 12,4 12,5 12,6 12
1 2 3 4 5 6 8 10 12 13,0.0426668,18.0045,Yes,N/A,2,3,4,5,6,1 6,8,1 8,10,1 10,12,13,1 13,2 13,3 13,4 13,5 13
2 3 4 5 6 8 10 13,0.0370293,18.2414,Yes,N/A,2,3,4,5,6,2 5,8,3 6,10,3 8,2 10,13,4 10,2 13,3 13,4 13,5 13
1 2 3 4 5 6 8 10 11,0.0778474,10.2748,Yes,N/A,2,3,4,5,6,1 6,8,1 8,10,11,1 11,2 11,3 11,4 11,5 11,6 11,1 6 11
2 3 4 5 6 8 10 11,0.0543056,14.5407,Yes,N/A,2,3,4,5,6,2 5,8,3 6,10,11,2 10,2 11,3 11,4 11,5 11,6 11,2 5 11
1 2 3 4 5 6 8 10 11 13,0.0488195,16.3797,Yes,N/A,2,3,4,5,6,1 6,8,1 8,10,11,1 11,13,1 13,2 13,3 13,4 13,5 13
1 2 3 4 5 6 8 10 11 12,0.0575263,14.5602,Yes,N/A,2,3,4,5,6,1 6,8,1 8,10,11,12,1 12,2 12,3 12,4 12,5 12,6 12
2 3 4 5 6 8 10 11 12,0.0360825,19.7965,Yes,N/A,2,3,4,5,6,2 5,8,3 6,10,11,12,2 11,2 12,3 12,4 12,5 12,6 12
1 2 3 4 5 6 8 10 11 12 13,0.0376097,20.5985,Yes,N/A,2,3,4,5,6,1 6,8,1 8,10,11,12,13,1 13,2 13,3 13,4 13,5 13
2 3 4 5 6 8 11 13,0.0320598,19.8855,Yes,N/A,2,3,4,5,6,2 5,8,3 6,2 8,11,4 8,13,3 11,2 13,3 13,4 13,5 13
2 3 4 5 6 8 11 12 13,0.0226577,24.7557,Yes,N/A,2,3,4,5,6,2 5,8,3 6,2 8,11,12,13,2 12,2 13,3 13,4 13,5 13
1 2 3 4 5 6 8 9,0.0974236,7.04225,Yes,N/A,2,3,4,5,6,1 6,8,9,1 9,2 9,3 9,4 9,5 9,6 9,1 6 9,8 9,1 8 9
2 3 4 5 6 8 9,0.0796745,9.65514,Yes,N/A,2,3,4,5,6,2 5,8,9,2 8,2 9,3 9,4 9,5 9,6 9,2 5 9,8 9,3 6 9
1 2 3 4 5 6 8 9 13,0.0613573,12.7753,Yes,N/A,2,3,4,5,6,1 6,8,9,1 9,2 9,3 9,13,1 13,2 13,3 13,4 13,5 13
1 2 3 4 5 6 8 9 12,0.0736146,10.8963,Yes,N/A,2,3,4,5,6,1 6,8,9,1 9,2 9,12,1 12,2 12,3 12,4 12,5 12,6 12
2 3 4 5 6 8 9 12,0.0509896,15.1051,Yes,N/A,2,3,4,5,6,2 5,8,9,2 8,2 9,12,4 9,2 12,3 12,4 12,5 12,6 12
1 2 3 4 5 6 8 9 12 13,0.0453493,17.3102,Yes,N/A,2,3,4,5,6,1 6,8,9,1 9,2 9,12,13,1 13,2 13,3 13,4 13,5 13
2 3 4 5 6 8 9 13,0.0409287,17.0463,Yes,N/A,2,3,4,5,6,2 5,8,9,2 8,2 9,3 9,13,5 9,2 13,3 13,4 13,5 13
1 2 3 4 5 6 8 9 11,0.081884,9.6321,Yes,N/A,2,3,4,5,6,1 6,8,9,1 9,11,1 11,2 11,3 11,4 11,5 11,6 11,1 6 11
2 3 4 5 6 8 9 11,0.0580244,13.764,Yes,N/A,2,3,4,5,6,2 5,8,9,2 8,11,3 9,2 11,3 11,4 11,5 11,6 11,2 5 11
1 2 3 4 5 6 8 9 11 13,0.0515047,15.5784,Yes,N/A,2,3,4,5,6,1 6,8,9,1 9,11,1 11,13,1 13,2 13,3 13,4 13,5 13
1 2 3 4 5 6 8 9 11 12,0.0606403,13.8139,Yes,N/A,2,3,4,5,6,1 6,8,9,1 9,11,12,1 12,2 12,3 12,4 12,5 12,6 12
2 3 4 5 6 8 9 11 12,0.038322,19.1124,Yes,N/A,2,3,4,5,6,2 5,8,9,2 8,11,12,2 11,2 12,3 12,4 12,5 12,6 12
1 2 3 4 5 6 8 9 11 12 13,0.0394539,19.7939,Yes,N/A,2,3,4,5,6,1 6,8,9,1 9,11,12,13,1 13,2 13,3 13,4 13,5 13
2 3 4 5 6 8 9 12 13,0.0274867,22.629,Yes,N/A,2,3,4,5,6,2 5,8,9,2 8,2 9,12,13,2 12,2 13,3 13,4 13,5 13
1 2 3 4 5 6 8 9 10,0.0874351,8.83758,Yes,N/A,2,3,4,5,6,1 6,8,9,10,1 10,2 10,3 10,4 10,5 10,6 10,1 6 10,8 10
2 3 4 5 6 8 9 10,0.0651013,12.4335,Yes,N/A,2,3,4,5,6,2 5,8,9,10,2 9,2 10,3 10,4 10,5 10,6 10,2 5 10,8 10
1 2 3 4 5 6 8 9 10 13,0.0566227,14.4156,Yes,N/A,2,3,4,5,6,1 6,8,9,10,1 10,2 10,13,1 13,2 13,3 13,4 13,5 13
1 2 3 4 5 6 8 9 10 12,0.0664822,12.526,Yes,N/A,2,3,4,5,6,1 6,8,9,10,1 10,12,1 12,2 12,3 12,4 12,5 12,6 12
2 3 4 5 6 8 9 10 12,0.0433411,17.5393,Yes,N/A,2,3,4,5,6,2 5,8,9,10,2 9,12,3 10,2 12,3 12,4 12,5 12,6 12
1 2 3 4 5 6 8 9 10 12 13,0.0434697,18.3481,Yes,N/A,2,3,4,5,6,1 6,8,9,10,1 10,12,13,1 13,2 13,3 13,4 13,5 13
2 3 4 5 6 8 9 10 13,0.0351561,19.7434,Yes,N/A,2,3,4,5,6,2 5,8,9,10,2 9,2 10,13,4 10,2 13,3 13,4 13,5 13
1 2 3 4 5 6 8 9 10 11,0.0730488,11.4269,Yes,N/A,2,3,4,5,6,1 6,8,9,10,11,1 11,2 11,3 11,4 11,5 11,6 11,1 6 11
2 3 4 5 6 8 9 10 11,0.0487942,16.1879,Yes,N/A,2,3,4,5,6,2 5,8,9,10,11,2 10,2 11,3 11,4 11,5 11,6 11,2 5 11
1 2 3 4 5 6 8 9 10 11 13,0.0489419,16.7773,Yes,N/A,2,3,4,5,6,1 6,8,9,10,11,1 11,13,1 13,2 13,3 13,4 13,5 13
1 2 3 4 5 6 8 9 10 11 12,0.0567854,15.0158,Yes,N/A,2,3,4,5,6,1 6,8,9,10,11,12,1 12,2 12,3 12,4 12,5 12,6 12
2 3 4 5 6 8 9 10 11 12,0.0348308,20.7132,Yes,N/A,2,3,4,5,6,2 5,8,9,10,11,12,2 11,2 12,3 12,4 12,5 12,6 12
1 2 3 4 5 6 8 9 10 11 12 13,0.0398418,20.143,Yes,N/A,2,3,4,5,6,1 6,8,9,10,11,12,13,1 13,2 13,3 13,4 13,5 13
2 3 4 5 6 9 11 13,0.0291406,21.3089,Yes,N/A,2,3,4,5,6,2 5,2 6,9,4 6,11,3 9,13,3 11,2 13,3 13,4 13,5 13
2 3 4 5 6 9 11 12 13,0.020499,26.8103,Yes,N/A,2,3,4,5,6,2 5,2 6,9,4 6,11,12,13,2 12,2 13,3 13,4 13,5 13
2 3 4 5 6 9 10 12 13,0.0228973,25.593,Yes,N/A,2,3,4,5,6,2 5,2 6,9,10,2 9,12,13,2 12,2 13,3 13,4 13,5 13
2 3 4 5 6 9 10 11 13,0.0263943,23.446,Yes,N/A,2,3,4,5,6,2 5,2 6,9,10,11,2 10,13,3 11,2 13,3 13,4 13,5 13
2 3 4 5 6 9 10 11 12 13,0.0195847,28.3861,Yes,N/A,2,3,4,5,6,2 5,2 6,9,10,11,12,13,2 12,2 13,3 13,4 13,5 13
1 2 3 4 5 6 7,0.100461,5.71391,Yes,N/A,2,3,4,5,6,7,1 7,2 7,3 7,4 7,5 7,6 7,1 6 7,2 6 7,3 6 7,4 6 7,5 6 7
2 3 4 5 6 7,0.0888377,7.28742,Yes,N/A,2,3,4,5,6,7,2 6,2 7,3 7,4 7,5 7,6 7,2 5 7,2 6 7,3 6 7,4 6 7,5 6 7
1 2 3 4 5 6 7 13,0.062674,11.5281,Yes,N/A,2,3,4,5,6,7,1 7,2 7,3 7,4 7,5 7,13,1 13,2 13,3 13,4 13,5 13
1 2 3 4 5 6 7 12,0.0790415,9.40519,Yes,N/A,2,3,4,5,6,7,1 7,2 7,3 7,4 7,12,1 12,2 12,3 12,4 12,5 12,6 12
2 3 4 5 6 7 12,0.0573077,12.6489,Yes,N/A,2,3,4,5,6,7,2 6,2 7,3 7,4 7,12,6 7,2 12,3 12,4 12,5 12,6 12
1 2 3 4 5 6 7 12 13,0.0463061,16.321,Yes,N/A,2,3,4,5,6,7,1 7,2 7,3 7,4 7,12,13,1 13,2 13,3 13,4 13,5 13
2 3 4 5 6 7 13,0.0422255,15.1223,Yes,N/A,2,3,4,5,6,7,2 6,2 7,3 7,4 7,5 7,13,2 5 7,2 13,3 13,4 13,5 13
1 2 3 4 5 6 7 11,0.0898022,8.10319,Yes,N/A,2,3,4,5,6,7,1 7,2 7,3 7,11,1 11,2 11,3 11,4 11,5 11,6 11,7 11
2 3 4 5 6 7 11,0.0683383,11.2488,Yes,N/A,2,3,4,5,6,7,2 6,2 7,3 7,11,5 7,2 11,3 11,4 11,5 11,6 11,7 11
1 2 3 4 5 6 7 11 13,0.053712,14.4372,Yes,N/A,2,3,4,5,6,7,1 7,2 7,3 7,11,1 11,13,1 13,2 13,3 13,4 13,5 13
1 2 3 4 5 6 7 11 12,0.0647821,12.6936,Yes,N/A,2,3,4,5,6,7,1 7,2 7,3 7,11,12,1 12,2 12,3 12,4 12,5 12,6 12
2 3 4 5 6 7 11 12,0.0428154,17.0498,Yes,N/A,2,3,4,5,6,7,2 6,2 7,3 7,11,12,2 11,2 12,3 12,4 12,5 12,6 12
1 2 3 4 5 6 7 11 12 13,0.0393769,19.401,Yes,N/A,2,3,4,5,6,7,1 7,2 7,3 7,11,12,13,1 13,2 13,3 13,4 13,5 13
2 3 4 5 6 7 12 13,0.0291639,20.1908,Yes,N/A,2,3,4,5,6,7,2 6,2 7,3 7,4 7,12,13,2 12,2 13,3 13,4 13,5 13
1 2 3 4 5 6 7 10,0.0963285,7.2572,Yes,N/A,2,3,4,5,6,7,1 7,2 7,10,1 10,2 10,3 10,4 10,5 10,6 10,7 10,1 7 10
2 3 4 5 6 7 10,0.0785118,9.79052,Yes,N/A,2,3,4,5,6,7,2 6,2 7,10,4 7,2 10,3 10,4 10,5 10,6 10,7 10,2 6 10
1 2 3 4 5 6 7 10 13,0.0594137,13.1554,Yes,N/A,2,3,4,5,6,7,1 7,2 7,10,1 10,2 10,13,1 13,2 13,3 13,4 13,5 13
1 2 3 4 5 6 7 10 12,0.0720107,11.1183,Yes,N/A,2,3,4,5,6,7,1 7,2 7,10,1 10,12,1 12,2 12,3 12,4 12,5 12,6 12
2 3 4 5 6 7 10 12,0.0497444,15.4886,Yes,N/A,2,3,4,5,6,7,2 6,2 7,10,4 7,12,3 10,2 12,3 12,4 12,5 12,6 12
1 2 3 4 5 6 7 10 12 13,0.0439117,17.5896,Yes,N/A,2,3,4,5,6,7,1 7,2 7,10,1 10,12,13,1 13,2 13,3 13,4 13,5 13
2 3 4 5 6 7 10 13,0.0393741,17.6056,Yes,N/A,2,3,4,5,6,7,2 6,2 7,10,4 7,2 10,13,4 10,2 13,3 13,4 13,5 13
1 2 3 4 5 6 7 10 11,0.0804266,9.98327,Yes,N/A,2,3,4,5,6,7,1 7,2 7,10,11,1 11,2 11,3 11,4 11,5 11,6 11,7 11
2 3 4 5 6 7 10 11,0.0572536,14.0453,Yes,N/A,2,3,4,5,6,7,2 6,2 7,10,11,2 10,2 11,3 11,4 11,5 11,6 11,7 11
1 2 3 4 5 6 7 10 11 13,0.0501644,16.0034,Yes,N/A,2,3,4,5,6,7,1 7,2 7,10,11,1 11,13,1 13,2 13,3 13,4 13,5 13
1 2 3 4 5 6 7 10 11 12,0.0591629,14.2722,Yes,N/A,2,3,4,5,6,7,1 7,2 7,10,11,12,1 12,2 12,3 12,4 12,5 12,6 12
2 3 4 5 6 7 10 11 12,0.0372295,19.494,Yes,N/A,2,3,4,5,6,7,2 6,2 7,10,11,12,2 11,2 12,3 12,4 12,5 12,6 12
1 2 3 4 5 6 7 10 11 12 13,0.0383805,20.3164,Yes,N/A,2,3,4,5,6,7,1 7,2 7,10,11,12,13,1 13,2 13,3 13,4 13,5 13
2 3 4 5 6 7 11 13,0.033594,19.2751,Yes,N/A,2,3,4,5,6,7,2 6,2 7,3 7,11,5 7,13,3 11,2 13,3 13,4 13,5 13
2 3 4 5 6 7 11 12 13,0.0230662,24.4122,Yes,N/A,2,3,4,5,6,7,2 6,2 7,3 7,11,12,13,2 12,2 13,3 13,4 13,5 13
1 2 3 4 5 6 7 9,0.100578,6.76396,Yes,N/A,2,3,4,5,6,7,1 7,9,1 9,2 9,3 9,4 9,5 9,6 9,7 9,1 7 9,2 7 9
2 3 4 5 6 7 9,0.0842758,9.12256,Yes,N/A,2,3,4,5,6,7,2 6,9,3 7,2 9,3 9,4 9,5 9,6 9,7 9,2 6 9,2 7 9
1 2 3 4 5 6 7 9 13,0.0632973,12.3465,Yes,N/A,2,3,4,5,6,7,1 7,9,1 9,2 9,3 9,13,1 13,2 13,3 13,4 13,5 13
1 2 3 4 5 6 7 9 12,0.0761276,10.4636,Yes,N/A,2,3,4,5,6,7,1 7,9,1 9,2 9,12,1 12,2 12,3 12,4 12,5 12,6 12
2 3 4 5 6 7 9 12,0.053738,14.6094,Yes,N/A,2,3,4,5,6,7,2 6,9,3 7,2 9,12,4 9,2 12,3 12,4 12,5 12,6 12
1 2 3 4 5 6 7 9 12 13,0.0466543,16.7589,Yes,N/A,2,3,4,5,6,7,1 7,9,1 9,2 9,12,13,1 13,2 13,3 13,4 13,5 13
2 3 4 5 6 7 9 13,0.0422367,16.7713,Yes,N/A,2,3,4,5,6,7,2 6,9,3 7,2 9,3 9,13,5 9,2 13,3 13,4 13,5 13
1 2 3 4 5 6 7 9 11,0.0847944,9.17273,Yes,N/A,2,3,4,5,6,7,1 7,9,1 9,11,1 11,2 11,3 11,4 11,5 11,6 11,7 11
2 3 4 5 6 7 9 11,0.0614862,13.3192,Yes,N/A,2,3,4,5,6,7,2 6,9,3 7,11,3 9,2 11,3 11,4 11,5 11,6 11,7 11
1 2 3 4 5 6 7 9 11 13,0.052628,15.2636,Yes,N/A,2,3,4,5,6,7,1 7,9,1 9,11,1 11,13,1 13,2 13,3 13,4 13,5 13
1 2 3 4 5 6 7 9 11 12,0.0623129,13.4169,Yes,N/A,2,3,4,5,6,7,1 7,9,1 9,11,12,1 12,2 12,3 12,4 12,5 12,6 12
2 3 4 5 6 7 9 11 12,0.0401712,18.6701,Yes,N/A,2,3,4,5,6,7,2 6,9,3 7,11,12,2 11,2 12,3 12,4 12,5 12,6 12
1 2 3 4 5 6 7 9 11 12 13,0.0400585,19.4581,Yes,N/A,2,3,4,5,6,7,1 7,9,1 9,11,12,13,1 13,2 13,3 13,4 13,5 13
2 3 4 5 6 7 9 12 13,0.0284871,22.0745,Yes,N/A,2,3,4,5,6,7,2 6,9,3 7,2 9,12,13,2 12,2 13,3 13,4 13,5 13
1 2 3 4 5 6 7 9 10,0.0904996,8.38402,Yes,N/A,2,3,4,5,6,7,1 7,9,10,1 10,2 10,3 10,4 10,5 10,6 10,7 10,1 7 10
2 3 4 5 6 7 9 10,0.0691808,11.8117,Yes,N/A,2,3,4,5,6,7,2 6,9,10,2 9,2 10,3 10,4 10,5 10,6 10,7 10,2 6 10
1 2 3 4 5 6 7 9 10 13,0.0582212,13.9938,Yes,N/A,2,3,4,5,6,7,1 7,9,10,1 10,2 10,13,1 13,2 13,3 13,4 13,5 13
1 2 3 4 5 6 7 9 10 12,0.068311,12.183,Yes,N/A,2,3,4,5,6,7,1 7,9,10,1 10,12,1 12,2 12,3 12,4 12,5 12,6 12
2 3 4 5 6 7 9 10 12,0.0450985,17.2241,Yes,N/A,2,3,4,5,6,7,2 6,9,10,2 9,12,3 10,2 12,3 12,4 12,5 12,6 12
1 2 3 4 5 6 7 9 10 12 13,0.0442224,18.0804,Yes,N/A,2,3,4,5,6,7,1 7,9,10,1 10,12,13,1 13,2 13,3 13,4 13,5 13
2 3 4 5 6 7 9 10 13,0.0370214,19.1842,Yes,N/A,2,3,4,5,6,7,2 6,9,10,2 9,2 10,13,4 10,2 13,3 13,4 13,5 13
1 2 3 4 5 6 7 9 10 11,0.0752034,10.9822,Yes,N/A,2,3,4,5,6,7,1 7,9,10,11,1 11,2 11,3 11,4 11,5 11,6 11,7 11
2 3 4 5 6 7 9 10 11,0.0514147,15.6579,Yes,N/A,2,3,4,5,6,7,2 6,9,10,11,2 10,2 11,3 11,4 11,5 11,6 11,7 11
1 2 3 4 5 6 7 9 10 11 13,0.0498347,16.4711,Yes,N/A,2,3,4,5,6,7,1 7,9,10,11,1 11,13,1 13,2 13,3 13,4 13,5 13
1 2 3 4 5 6 7 9 10 11 12,0.0578862,14.7149,Yes,N/A,2,3,4,5,6,7,1 7,9,10,11,12,1 12,2 12,3 12,4 12,5 12,6 12
2 3 4 5 6 7 9 10 11 12,0.0359898,20.5274,Yes,N/A,2,3,4,5,6,7,2 6,9,10,11,12,2 11,2 12,3 12,4 12,5 12,6 12
1 2 3 4 5 6 7 9 10 11 12 13,0.0401103,19.9878,Yes,N/A,2,3,4,5,6,7,1 7,9,10,11,12,13,1 13,2 13,3 13,4 13,5 13
2 3 4 5 6 7 10 12 13,0.0267528,23.0216,Yes,N/A,2,3,4,5,6,7,2 6,2 7,10,4 7,12,13,2 12,2 13,3 13,4 13,5 13
2 3 4 5 6 7 10 11 13,0.0302686,21.621,Yes,N/A,2,3,4,5,6,7,2 6,2 7,10,11,2 10,13,3 11,2 13,3 13,4 13,5 13
2 3 4 5 6 7 10 11 12 13,0.021813,26.4265,Yes,N/A,2,3,4,5,6,7,2 6,2 7,10,11,12,13,2 12,2 13,3 13,4 13,5 13
1 2 3 4 5 6 7 8,0.104006,6.46296,Yes,N/A,2,3,4,5,6,7,8,1 8,2 8,3 8,4 8,5 8,6 8,7 8,1 7 8,2 7 8,3 7 8
2 3 4 5 6 7 8,0.0893667,8.43453,Yes,N/A,2,3,4,5,6,7,8,2 7,2 8,3 8,4 8,5 8,6 8,7 8,2 6 8,2 7 8,3 7 8
1 2 3 4 5 6 7 8 13,0.0668426,11.7905,Yes,N/A,2,3,4,5,6,7,8,1 8,2 8,3 8,4 8,13,1 13,2 13,3 13,4 13,5 13
1 2 3 4 5 6 7 8 12,0.0798534,9.95308,Yes,N/A,2,3,4,5,6,7,8,1 8,2 8,3 8,12,1 12,2 12,3 12,4 12,5 12,6 12
2 3 4 5 6 7 8 12,0.0577355,13.6143,Yes,N/A,2,3,4,5,6,7,8,2 7,2 8,3 8,12,5 8,2 12,3 12,4 12,5 12,6 12
1 2 3 4 5 6 7 8 12 13,0.049031,16.1988,Yes,N/A,2,3,4,5,6,7,8,1 8,2 8,3 8,12,13,1 13,2 13,3 13,4 13,5 13
2 3 4 5 6 7 8 13,0.0459725,15.7511,Yes,N/A,2,3,4,5,6,7,8,2 7,2 8,3 8,4 8,13,6 8,2 13,3 13,4 13,5 13
1 2 3 4 5 6 7 8 11,0.0890507,8.66477,Yes,N/A,2,3,4,5,6,7,8,1 8,2 8,11,1 11,2 11,3 11,4 11,5 11,6 11,7 11
2 3 4 5 6 7 8 11,0.0666431,12.1861,Yes,N/A,2,3,4,5,6,7,8,2 7,2 8,11,4 8,2 11,3 11,4 11,5 11,6 11,7 11
1 2 3 4 5 6 7 8 11 13,0.0562695,14.3904,Yes,N/A,2,3,4,5,6,7,8,1 8,2 8,11,1 11,13,1 13,2 13,3 13,4 13,5 13
1 2 3 4 5 6 7 8 11 12,0.0659944,12.7674,Yes,N/A,2,3,4,5,6,7,8,1 8,2 8,11,12,1 12,2 12,3 12,4 12,5 12,6 12
2 3 4 5 6 7 8 11 12,0.0434283,17.4933,Yes,N/A,2,3,4,5,6,7,8,2 7,2 8,11,12,2 11,2 12,3 12,4 12,5 12,6 12
1 2 3 4 5 6 7 8 11 12 13,0.0424498,18.6906,Yes,N/A,2,3,4,5,6,7,8,1 8,2 8,11,12,13,1 13,2 13,3 13,4 13,5 13
2 3 4 5 6 7 8 12 13,0.0309033,20.9228,Yes,N/A,2,3,4,5,6,7,8,2 7,2 8,3 8,12,13,2 12,2 13,3 13,4 13,5 13
1 2 3 4 5 6 7 8 10,0.0942687,7.82021,Yes,N/A,2,3,4,5,6,7,8,1 8,10,1 10,2 10,3 10,4 10,5 10,6 10,7 10,8 10
2 3 4 5 6 7 8 10,0.0745887,10.7341,Yes,N/A,2,3,4,5,6,7,8,2 7,10,3 8,2 10,3 10,4 10,5 10,6 10,7 10,8 10
1 2 3 4 5 6 7 8 10 13,0.0616155,13.2074,Yes,N/A,2,3,4,5,6,7,8,1 8,10,1 10,2 10,13,1 13,2 13,3 13,4 13,5 13
1 2 3 4 5 6 7 8 10 12,0.072153,11.3699,Yes,N/A,2,3,4,5,6,7,8,1 8,10,1 10,12,1 12,2 12,3 12,4 12,5 12,6 12
2 3 4 5 6 7 8 10 12,0.0492578,15.8794,Yes,N/A,2,3,4,5,6,7,8,2 7,10,3 8,12,3 10,2 12,3 12,4 12,5 12,6 12
1 2 3 4 5 6 7 8 10 12 13,0.0466824,17.1729,Yes,N/A,2,3,4,5,6,7,8,1 8,10,1 10,12,13,1 13,2 13,3 13,4 13,5 13
2 3 4 5 6 7 8 10 13,0.0402019,17.9679,Yes,N/A,2,3,4,5,6,7,8,2 7,10,3 8,2 10,13,4 10,2 13,3 13,4 13,5 13
1 2 3 4 5 6 7 8 10 11,0.0793682,10.2293,Yes,N/A,2,3,4,5,6,7,8,1 8,10,11,1 11,2 11,3 11,4 11,5 11,6 11,7 11
2 3 4 5 6 7 8 10 11,0.0560388,14.3393,Yes,N/A,2,3,4,5,6,7,8,2 7,10,11,2 10,2 11,3 11,4 11,5 11,6 11,7 11
1 2 3 4 5 6 7 8 10 11 13,0.0526757,15.6226,Yes,N/A,2,3,4,5,6,7,8,1 8,10,11,1 11,13,1 13,2 13,3 13,4 13,5 13
1 2 3 4 5 6 7 8 10 11 12,0.0610041,13.9118,Yes,N/A,2,3,4,5,6,7,8,1 8,10,11,12,1 12,2 12,3 12,4 12,5 12,6 12
2 3 4 5 6 7 8 10 11 12,0.039143,19.0559,Yes,N/A,2,3,4,5,6,7,8,2 7,10,11,12,2 11,2 12,3 12,4 12,5 12,6 12
1 2 3 4 5 6 7 8 10 11 12 13,0.042022,19.1587,Yes,N/A,2,3,4,5,6,7,8,1 8,10,11,12,13,1 13,2 13,3 13,4 13,5 13
2 3 4 5 6 7 8 11 13,0.0350802,19.7877,Yes,N/A,2,3,4,5,6,7,8,2 7,2 8,11,4 8,13,3 11,2 13,3 13,4 13,5 13
2 3 4 5 6 7 8 11 12 13,0.0250071,24.5149,Yes,N/A,2,3,4,5,6,7,8,2 7,2 8,11,12,13,2 12,2 13,3 13,4 13,5 13
1 2 3 4 5 6 7 8 9,0.0974958,7.37076,Yes,N/A,2,3,4,5,6,7,8,9,1 9,2 9,3 9,4 9,5 9,6 9,7 9,8 9,1 8 9
2 3 4 5 6 7 8 9,0.0784297,10.009,Yes,N/A,2,3,4,5,6,7,8,9,2 8,2 9,3 9,4 9,5 9,6 9,7 9,8 9,2 7 9
1 2 3 4 5 6 7 8 9 13,0.0649554,12.602,Yes,N/A,2,3,4,5,6,7,8,9,1 9,2 9,3 9,13,1 13,2 13,3 13,4 13,5 13
1 2 3 4 5 6 7 8 9 12,0.076223,10.7108,Yes,N/A,2,3,4,5,6,7,8,9,1 9,2 9,12,1 12,2 12,3 12,4 12,5 12,6 12
2 3 4 5 6 7 8 9 12,0.0525722,15.02,Yes,N/A,2,3,4,5,6,7,8,9,2 8,2 9,12,4 9,2 12,3 12,4 12,5 12,6 12
1 2 3 4 5 6 7 8 9 12 13,0.0496884,16.4161,Yes,N/A,2,3,4,5,6,7,8,9,1 9,2 9,12,13,1 13,2 13,3 13,4 13,5 13
2 3 4 5 6 7 8 9 13,0.0429238,17.056,Yes,N/A,2,3,4,5,6,7,8,9,2 8,2 9,3 9,13,5 9,2 13,3 13,4 13,5 13
1 2 3 4 5 6 7 8 9 11,0.0832024,9.54986,Yes,N/A,2,3,4,5,6,7,8,9,1 9,11,1 11,2 11,3 11,4 11,5 11,6 11,7 11
2 3 4 5 6 7 8 9 11,0.0596521,13.5848,Yes,N/A,2,3,4,5,6,7,8,9,2 8,11,3 9,2 11,3 11,4 11,5 11,6 11,7 11
1 2 3 4 5 6 7 8 9 11 13,0.0555553,14.8517,Yes,N/A,2,3,4,5,6,7,8,9,1 9,11,1 11,13,1 13,2 13,3 13,4 13,5 13
1 2 3 4 5 6 7 8 9 11 12,0.064481,13.1054,Yes,N/A,2,3,4,5,6,7,8,9,1 9,11,12,1 12,2 12,3 12,4 12,5 12,6 12
2 3 4 5 6 7 8 9 11 12,0.0416866,18.335,Yes,N/A,2,3,4,5,6,7,8,9,2 8,11,12,2 11,2 12,3 12,4 12,5 12,6 12
1 2 3 4 5 6 7 8 9 11 12 13,0.044268,18.3518,Yes,N/A,2,3,4,5,6,7,8,9,1 9,11,12,13,1 13,2 13,3 13,4 13,5 13
2 3 4 5 6 7 8 9 12 13,0.0302937,21.9222,Yes,N/A,2,3,4,5,6,7,8,9,2 8,2 9,12,13,2 12,2 13,3 13,4 13,5 13
1 2 3 4 5 6 7 8 9 10,0.0878337,8.82481,Yes,N/A,2,3,4,5,6,7,8,9,10,1 10,2 10,3 10,4 10,5 10,6 10,7 10,8 10
2 3 4 5 6 7 8 9 10,0.0661406,12.1818,Yes,N/A,2,3,4,5,6,7,8,9,10,2 9,2 10,3 10,4 10,5 10,6 10,7 10,8 10
1 2 3 4 5 6 7 8 9 10 13,0.0606462,13.6888,Yes,N/A,2,3,4,5,6,7,8,9,10,1 10,2 10,13,1 13,2 13,3 13,4 13,5 13
1 2 3 4 5 6 7 8 9 10 12,0.0698707,11.9385,Yes,N/A,2,3,4,5,6,7,8,9,10,1 10,12,1 12,2 12,3 12,4 12,5 12,6 12
2 3 4 5 6 7 8 9 10 12,0.0466098,16.7801,Yes,N/A,2,3,4,5,6,7,8,9,10,2 9,12,3 10,2 12,3 12,4 12,5 12,6 12
1 2 3 4 5 6 7 8 9 10 12 13,0.0483856,16.9911,Yes,N/A,2,3,4,5,6,7,8,9,10,1 10,12,13,1 13,2 13,3 13,4 13,5 13
2 3 4 5 6 7 8 9 10 13,0.0385819,18.8813,Yes,N/A,2,3,4,5,6,7,8,9,10,2 9,2 10,13,4 10,2 13,3 13,4 13,5 13
1 2 3 4 5 6 7 8 9 10 11,0.0760601,10.8733,Yes,N/A,2,3,4,5,6,7,8,9,10,11,1 11,2 11,3 11,4 11,5 11,6 11,7 11
2 3 4 5 6 7 8 9 10 11,0.0525892,15.3064,Yes,N/A,2,3,4,5,6,7,8,9,10,11,2 10,2 11,3 11,4 11,5 11,6 11,7 11
1 2 3 4 5 6 7 8 9 10 11 13,0.0539869,15.4578,Yes,N/A,2,3,4,5,6,7,8,9,10,11,1 11,13,1 13,2 13,3 13,4 13,5 13
1 2 3 4 5 6 7 8 9 10 11 12,0.0617614,13.7991,Yes,N/A,2,3,4,5,6,7,8,9,10,11,12,1 12,2 12,3 12,4 12,5 12,6 12
2 3 4 5 6 7 8 9 10 11 12,0.0392209,19.2652,Yes,N/A,2,3,4,5,6,7,8,9,10,11,12,2 11,2 12,3 12,4 12,5 12,6 12
1 2 3 4 5 6 7 8 9 10 11 12 13,0.045613,18.1075,Yes,N/A,2,3,4,5,6,7,8,9,10,11,12,13,1 13,2 13,3 13,4 13,5 13
2 3 5 7 9 10 12 13,0.0137279,32.2135,No,N/A,2,3,N/A,5,N/A,7,3 5,9,10,2 9,12,13,2 12,2 13,3 13,5 12,5 13
2 3 5 7 8 10 11 13,0.0177503,29.913,No,N/A,2,3,N/A,5,N/A,7,8,2 7,10,11,2 10,13,3 11,2 13,3 13,7 10,5 13
2 3 5 7 8 10 11 12 13,0.0124237,36.0831,No,N/A,2,3,N/A,5,N/A,7,8,2 7,10,11,12,13,2 12,2 13,3 13,5 12,5 13
2 3 5 6 8 10 11 12 13,0.0136712,32.7516,No,N/A,2,3,N/A,5,6,2 5,8,3 6,10,11,12,13,2 12,2 13,3 13,5 12,5 13
2 3 5 6 8 9 11 12 13,0.0138821,32.4083,No,N/A,2,3,N/A,5,6,2 5,8,9,2 8,11,12,13,2 12,2 13,3 13,5 12,5 13
2 3 5 6 8 9 10 12 13,0.0175641,29.2059,No,N/A,2,3,N/A,5,6,2 5,8,9,10,2 9,12,13,2 12,2 13,3 13,5 12,5 13
2 3 5 6 7 8 10 11 13,0.021966,26.6975,No,N/A,2,3,N/A,5,6,7,8,2 7,10,11,2 10,13,3 11,2 13,3 13,6 11,5 13
2 3 5 6 7 8 9 11 12 13,0.0178675,29.6307,No,N/A,2,3,N/A,5,6,7,8,9,2 8,11,12,13,2 12,2 13,3 13,5 12,5 13
2 3 5 6 7 8 9 10 11 13,0.0228267,26.6181,No,N/A,2,3,N/A,5,6,7,8,9,10,11,2 10,13,3 11,2 13,3 13,6 11,5 13
2 3 5 6 7 8 9 11 13,0.0246024,24.7744,No,N/A,2,3,N/A,5,6,7,8,9,2 8,11,3 9,13,3 11,2 13,3 13,6 11,5 13
2 3 4 6 8 9 11 12 13,0.0180979,28.7219,No,N/A,2,3,4,2 3,6,3 4,8,9,2 8,11,12,13,2 12,2 13,3 13,4 13,2 3 13
2 3 4 6 7 9 11 13,0.0252926,24.0468,No,N/A,2,3,4,2 3,6,7,2 6,9,3 7,11,3 9,13,3 11,2 13,3 13,4 13,2 3 13
2 3 4 6 7 8 10 12 13,0.0218976,25.7299,No,N/A,2,3,4,2 3,6,7,8,2 7,10,3 8,12,13,2 12,2 13,3 13,4 13,2 3 13
2 3 4 6 7 8 10 11 13,0.0251612,24.1953,No,N/A,2,3,4,2 3,6,7,8,2 7,10,11,2 10,13,3 11,2 13,3 13,4 13,2 3 13
2 3 4 5 7 8 10 11 13,0.0273013,23.4681,No,N/A,2,3,4,5,2 4,7,8,2 7,10,11,2 10,13,3 11,2 13,3 13,4 13,5 13
2 3 4 5 7 8 9 11 12 13,0.0206211,27.9207,No,N/A,2,3,4,5,2 4,7,8,9,2 8,11,12,13,2 12,2 13,3 13,4 13,5 13
2 3 5 6 7 9 10 11 12 13,0.015857,31.324,No,N/A,2,3,N/A,5,6,7,2 6,9,10,11,12,13,2 12,2 13,3 13,5 12,5 13
2 3 4 5 6 8 9 11 12 13,0.0225918,26.0266,No,N/A,2,3,4,5,6,2 5,8,9,2 8,11,12,13,2 12,2 13,3 13,4 13,5 13
2 3 4 5 6 7 9 11 13,0.0321822,21.1898,No,N/A,2,3,4,5,6,7,2 6,9,3 7,11,3 9,13,3 11,2 13,3 13,4 13,5 13
2 3 4 5 6 7 9 10 11 12 13,0.0227837,26.8826,No,N/A,2,3,4,5,6,7,2 6,9,10,11,12,13,2 12,2 13,3 13,4 13,5 13
2 3 4 5 6 7 8 9 10 12 13,0.029068,22.987,No,N/A,2,3,4,5,6,7,8,9,10,2 9,12,13,2 12,2 13,3 13,4 13,5 13
2 3 4 5 6 8 10 11 12 13,0.0215219,26.6456,No,N/A,2,3,4,5,6,2 5,8,3 6,10,11,12,13,2 12,2 13,3 13,4 13,5 13
2 3 4 5 7 8 9 10 11 12 13,0.0210191,28.3985,No,N/A,2,3,4,5,2 4,7,8,9,10,11,12,13,2 12,2 13,3 13,4 13,5 13
2 3 4 5 7 8 9 10 11 13,0.0269959,24.2862,No,N/A,2,3,4,5,2 4,7,8,9,10,11,2 10,13,3 11,2 13,3 13,4 13,5 13
3 5 7 8 10 11 12 13,0.00557352,44.4497,No,N/A,N/A,3,N/A,5,N/A,7,8,N/A,10,11,12,13,3 11,3 12,3 13,5 12,5 13
2 3 4 5 7 9 10 11 12 13,0.0180501,30.0559,No,N/A,2,3,4,5,2 4,7,3 5,9,10,11,12,13,2 12,2 13,3 13,4 13,5 13
3 5 7 8 9 10 12 13,0.00798242,37.9025,No,N/A,N/A,3,N/A,5,N/A,7,8,9,10,3 8,12,13,5 9,3 12,3 13,5 12,5 13
2 3 4 6 8 10 11 12 13,0.0160122,30.7375,No,N/A,2,3,4,2 3,6,3 4,8,3 6,10,11,12,13,2 12,2 13,3 13,4 13,2 3 13
3 4 6 8 10 11 12 13,0.00870781,36.2851,No,N/A,N/A,3,4,N/A,6,3 4,8,3 6,10,11,12,13,3 11,3 12,3 13,4 13,6 12
2 3 4 5 7 9 10 11 13,0.0241401,25.1694,No,N/A,2,3,4,5,2 4,7,3 5,9,10,11,2 10,13,3 11,2 13,3 13,4 13,5 13
2 4 6 7 8 9 10 11 12 13,0.011275,36.3511,No,N/A,2,N/A,4,N/A,6,7,8,9,10,11,12,13,2 12,2 13,4 12,4 13,6 12
2 4 6 7 9 11 13,0.0129109,31.4382,No,N/A,2,N/A,4,N/A,6,7,2 6,9,4 6,11,2 4 6,13,N/A,2 13,7 9,4 13,7 11
3 5 6 8 9 11 13,0.00897335,35.9704,No,N/A,N/A,3,N/A,5,6,N/A,8,9,N/A,11,3 9,13,3 11,6 9,3 13,6 11,5 13
3 4 6 7 8 10 12 13,0.0118853,32.2611,No,N/A,N/A,3,4,N/A,6,7,8,3 6,10,3 8,12,13,4 10,3 12,3 13,4 13,6 12
2 3 4 5 6 7 9 10 12 13,0.0263088,24.0942,No,N/A,2,3,4,5,6,7,2 6,9,10,2 9,12,13,2 12,2 13,3 13,4 13,5 13
2 3 4 6 7 8 9 10 11 12 13,0.019646,28.7919,No,N/A,2,3,4,2 3,6,7,8,9,10,11,12,13,2 12,2 13,3 13,4 13,2 3 13
2 3 4 5 6 7 8 9 10 11 13,0.0327105,21.5003,No,N/A,2,3,4,5,6,7,8,9,10,11,2 10,13,3 11,2 13,3 13,4 13,5 13
2 3 4 5 7 9 11 13,0.0241533,24.4504,No,N/A,2,3,4,5,2 4,7,3 5,9,3 7,11,3 9,13,3 11,2 13,3 13,4 13,5 13
2 4 6 8 9 11 13,0.0140258,30.7019,No,N/A,2,N/A,4,N/A,6,N/A,8,9,2 8,11,4 8,13,6 8,2 13,2 6 8,4 13,4 6 8
3 4 5 6 8 10 11 13,0.0168171,27.9977,No,N/A,N/A,3,4,5,6,3 4,8,3 6,10,11,4 8,13,3 11,4 11,3 13,4 13,5 13
3 4 5 6 8 10 11 12 13,0.0117704,33.1801,No,N/A,N/A,3,4,5,6,3 4,8,3 6,10,11,12,13,3 11,3 12,3 13,4 13,5 13
2 3 5 7 9 11 13,0.0207934,26.1657,No,N/A,2,3,N/A,5,N/A,7,3 5,9,3 7,11,3 9,13,3 11,2 13,3 13,3 5 9,5 13
2 4 5 6 8 9 11 12 13,0.0140789,31.4009,No,N/A,2,N/A,4,5,6,2 5,8,9,2 8,11,12,13,2 12,2 13,4 12,4 13,5 13
2 3 4 6 8 9 10 11 12 13,0.0169883,30.4451,No,N/A,2,3,4,2 3,6,3 4,8,9,10,11,12,13,2 12,2 13,3 13,4 13,2 3 13
2 3 4 6 7 9 10 11 13,0.0218795,26.847,No,N/A,2,3,4,2 3,6,7,2 6,9,10,11,2 10,13,3 11,2 13,3 13,4 13,2 3 13
3 4 5 7 8 9 10 11 13,0.0152759,31.7529,No,N/A,N/A,3,4,5,N/A,7,8,9,10,11,3 9,13,3 11,4 11,3 13,4 13,5 13
2 3 4 5 6 7 8 9 10 11 12 13,0.0265853,24.6201,No,N/A,2,3,4,5,6,7,8,9,10,11,12,13,2 12,2 13,3 13,4 13,5 13
3 5 6 7 9 11 12 13,0.00848254,35.6224,No,N/A,N/A,3,N/A,5,6,7,3 5,9,3 7,11,12,13,3 11,3 12,3 13,5 12,5 13
2 3 5 7 9 10 11 12 13,0.0123469,35.6238,No,N/A,2,3,N/A,5,N/A,7,3 5,9,10,11,12,13,2 12,2 13,3 13,5 12,5 13
2 3 5 7 8 9 10 12 13,0.0153291,33.1543,No,N/A,2,3,N/A,5,N/A,7,8,9,10,2 9,12,13,2 12,2 13,3 13,5 12,5 13
2 3 4 5 6 8 9 10 12 13,0.025379,24.504,No,N/A,2,3,4,5,6,2 5,8,9,10,2 9,12,13,2 12,2 13,3 13,4 13,5 13
3 4 5 6 7 9 10 12 13,0.0151724,30.1391,No,N/A,N/A,3,4,5,6,7,3 5,9,10,4 7,12,13,4 10,3 12,3 13,4 13,5 13
3 5 7 9 11 13,0.0129691,28.5897,No,N/A,N/A,3,N/A,5,N/A,7,3 5,9,3 7,11,3 9,13,3 11,3 5 7,3 13,3 5 9,5 13
3 4 5 7 8 10 11 13,0.0155731,30.4001,No,N/A,N/A,3,4,5,N/A,7,8,4 5,10,11,4 8,13,3 11,4 11,3 13,4 13,5 13
2 3 4 5 7 8 9 10 12 13,0.0235032,26.0658,No,N/A,2,3,4,5,2 4,7,8,9,10,2 9,12,13,2 12,2 13,3 13,4 13,5 13
2 4 5 6 8 10 11 12 13,0.0126416,33.1074,No,N/A,2,N/A,4,5,6,2 5,8,4 5,10,11,12,13,2 12,2 13,4 12,4 13,5 13
2 4 5 6 8 9 10 11 12 13,0.0135089,33.0577,No,N/A,2,N/A,4,5,6,2 5,8,9,10,11,12,13,2 12,2 13,4 12,4 13,5 13
3 4 5 6 7 8 10 11 13,0.0191661,26.8501,No,N/A,N/A,3,4,5,6,7,8,3 6,10,11,4 8,13,3 11,4 11,3 13,4 13,5 13
2 4 5 7 8 10 12 13,0.0150303,30.0597,No,N/A,2,N/A,4,5,2 4,7,8,2 7,10,4 7,12,13,2 12,2 13,4 12,4 13,5 13
3 4 6 8 10 11 13,0.0133551,29.7766,No,N/A,N/A,3,4,N/A,6,3 4,8,3 6,10,11,4 8,13,3 11,4 11,3 13,4 13,3 4 11
2 4 6 8 10 11 12 13,0.00705615,42.9317,No,N/A,2,N/A,4,N/A,6,N/A,8,N/A,10,11,12,13,2 12,2 13,4 12,4 13,6 12
3 4 5 6 7 9 11 13,0.0192092,26.7604,No,N/A,N/A,3,4,5,6,7,3 5,9,3 7,11,3 9,13,3 11,4 11,3 13,4 13,5 13
2 4 5 6 7 8 9 10 12 13,0.018623,28.1566,No,N/A,2,N/A,4,5,6,7,8,9,10,2 9,12,13,2 12,2 13,4 12,4 13,5 13
2 3 5 6 8 9 10 11 13,0.0187208,28.7106,No,N/A,2,3,N/A,5,6,2 5,8,9,10,11,2 10,13,3 11,2 13,3 13,6 11,5 13
3 5 7 9 11 12 13,0.00724379,36.3215,No,N/A,N/A,3,N/A,5,N/A,7,3 5,9,3 7,11,12,13,3 11,3 12,3 13,5 12,5 13
2 3 4 5 7 8 10 12 13,0.023305,25.5529,No,N/A,2,3,4,5,2 4,7,8,2 7,10,3 8,12,13,2 12,2 13,3 13,4 13,5 13
2 3 4 6 7 9 10 11 12 13,0.0164679,31.7505,No,N/A,2,3,4,2 3,6,7,2 6,9,10,11,12,13,2 12,2 13,3 13,4 13,2 3 13
3 4 6 7 9 11 13,0.0129792,31.2928,No,N/A,N/A,3,4,N/A,6,7,N/A,9,3 7,11,3 9,13,3 11,4 11,3 13,4 13,7 11
2 3 5 7 8 9 11 12 13,0.0147192,33.0872,No,N/A,2,3,N/A,5,N/A,7,8,9,2 8,11,12,13,2 12,2 13,3 13,5 12,5 13
2 4 6 7 8 9 10 11 13,0.0145023,31.827,No,N/A,2,N/A,4,N/A,6,7,8,9,10,11,2 10,13,4 10,2 13,6 10,4 13,7 11
3 4 5 6 8 10 12 13,0.014852,29.2196,No,N/A,N/A,3,4,5,6,3 4,8,3 6,10,3 8,12,13,4 10,3 12,3 13,4 13,5 13
3 4 5 7 9 10 11 13,0.0145233,31.054,No,N/A,N/A,3,4,5,N/A,7,3 5,9,10,11,3 9,13,3 11,4 11,3 13,4 13,5 13
3 5 7 8 10 12 13,0.00647498,40.126,No,N/A,N/A,3,N/A,5,N/A,7,8,N/A,10,3 8,12,13,N/A,3 12,3 13,5 12,5 13
2 3 4 6 7 8 9 11 12 13,0.0199715,28.1753,No,N/A,2,3,4,2 3,6,7,8,9,2 8,11,12,13,2 12,2 13,3 13,4 13,2 3 13
3 4 5 6 7 8 9 10 11 12 13,0.0148048,31.5483,No,N/A,N/A,3,4,5,6,7,8,9,10,11,12,13,3 11,3 12,3 13,4 13,5 13
2 4 5 6 8 9 10 11 13,0.0176661,28.7037,No,N/A,2,N/A,4,5,6,2 5,8,9,10,11,2 10,13,4 10,2 13,5 11,4 13,5 13
3 4 5 6 7 8 9 11 13,0.02077,26.046,No,N/A,N/A,3,4,5,6,7,8,9,3 7,11,3 9,13,3 11,4 11,3 13,4 13,5 13
3 4 5 6 7 9 10 11 13,0.0166144,29.5662,No,N/A,N/A,3,4,5,6,7,3 5,9,10,11,3 9,13,3 11,4 11,3 13,4 13,5 13
2 4 5 7 8 10 11 12 13,0.0123185,33.389,No,N/A,2,N/A,4,5,2 4,7,8,2 7,10,11,12,13,2 12,2 13,4 12,4 13,5 13
2 3 4 5 6 8 9 10 11 13,0.0286317,22.9936,No,N/A,2,3,4,5,6,2 5,8,9,10,11,2 10,13,3 11,2 13,3 13,4 13,5 13
3 4 6 7 8 9 10 11 13,0.0133608,32.6702,No,N/A,N/A,3,4,N/A,6,7,8,9,10,11,3 9,13,3 11,4 11,3 13,4 13,7 11
2 3 4 6 7 8 9 10 12 13,0.0220542,26.4636,No,N/A,2,3,4,2 3,6,7,8,9,10,2 9,12,13,2 12,2 13,3 13,4 13,2 3 13
3 4 5 6 8 9 10 12 13,0.0142913,31.1703,No,N/A,N/A,3,4,5,6,3 4,8,9,10,3 8,12,13,4 10,3 12,3 13,4 13,5 13
3 4 5 7 8 9 10 11 12 13,0.0110188,37.696,No,N/A,N/A,3,4,5,N/A,7,8,9,10,11,12,13,3 11,3 12,3 13,4 13,5 13
3 4 5 7 8 9 10 12 13,0.0128725,33.9379,No,N/A,N/A,3,4,5,N/A,7,8,9,10,3 8,12,13,4 10,3 12,3 13,4 13,5 13
2 4 5 6 7 9 10 11 13,0.01848,28.632,No,N/A,2,N/A,4,5,6,7,2 6,9,10,11,2 10,13,4 10,2 13,5 11,4 13,5 13
2 4 6 7 8 10 11 13,0.0150104,30.0688,No,N/A,2,N/A,4,N/A,6,7,8,2 7,10,11,2 10,13,4 10,2 13,6 10,4 13,7 11
2 3 5 6 7 9 11 13,0.0233278,24.7087,No,N/A,2,3,N/A,5,6,7,2 6,9,3 7,11,3 9,13,3 11,2 13,3 13,6 11,5 13
2 4 5 7 8 9 11 12 13,0.012261,34.3558,No,N/A,2,N/A,4,5,2 4,7,8,9,2 8,11,12,13,2 12,2 13,4 12,4 13,5 13
3 4 5 6 7 8 10 12 13,0.0163728,28.7196,No,N/A,N/A,3,4,5,6,7,8,3 6,10,3 8,12,13,4 10,3 12,3 13,4 13,5 13
2 3 5 6 7 9 10 12 13,0.0184474,28.537,No,N/A,2,3,N/A,5,6,7,2 6,9,10,2 9,12,13,2 12,2 13,3 13,5 12,5 13
3 5 7 9 10 12 13,0.0067852,39.0466,No,N/A,N/A,3,N/A,5,N/A,7,3 5,9,10,N/A,12,13,5 9,3 12,3 13,5 12,5 13
3 5 6 8 10 12 13,0.00927978,34.054,No,N/A,N/A,3,N/A,5,6,N/A,8,3 6,10,3 8,12,13,6 8,3 12,3 13,5 12,5 13
3 5 6 7 9 10 11 13,0.0113429,32.4431,No,N/A,N/A,3,N/A,5,6,7,3 5,9,10,11,3 9,13,3 11,5 10,3 13,6 11,5 13
3 4 5 7 9 11 12 13,0.0100301,35.2169,No,N/A,N/A,3,4,5,N/A,7,3 5,9,3 7,11,12,13,3 11,3 12,3 13,4 13,5 13
2 4 5 6 7 9 10 12 13,0.0165646,29.491,No,N/A,2,N/A,4,5,6,7,2 6,9,10,2 9,12,13,2 12,2 13,4 12,4 13,5 13
2 3 5 6 8 9 10 11 12 13,0.0145376,33.0541,No,N/A,2,3,N/A,5,6,2 5,8,9,10,11,12,13,2 12,2 13,3 13,5 12,5 13
3 4 6 7 8 9 10 12 13,0.0118354,34.0206,No,N/A,N/A,3,4,N/A,6,7,8,9,10,3 8,12,13,4 10,3 12,3 13,4 13,6 12
2 4 6 7 9 11 12 13,0.0102231,34.9117,No,N/A,2,N/A,4,N/A,6,7,2 6,9,4 6,11,12,13,2 12,2 13,4 12,4 13,6 12
3 4 6 7 8 10 11 12 13,0.0093008,37.2073,No,N/A,N/A,3,4,N/A,6,7,8,3 6,10,11,12,13,3 11,3 12,3 13,4 13,6 12
3 4 5 7 9 11 13,0.0161186,27.9563,No,N/A,N/A,3,4,5,N/A,7,3 5,9,3 7,11,3 9,13,3 11,4 11,3 13,4 13,5 13
3 4 5 6 7 8 9 10 12 13,0.0167011,29.5542,No,N/A,N/A,3,4,5,6,7,8,9,10,3 8,12,13,4 10,3 12,3 13,4 13,5 13
3 4 6 8 10 12 13,0.0110212,31.5641,No,N/A,N/A,3,4,N/A,6,3 4,8,3 6,10,3 8,12,13,4 10,3 12,3 13,4 13,6 12
3 5 6 7 9 10 12 13,0.00948709,34.8672,No,N/A,N/A,3,N/A,5,6,7,3 5,9,10,5 6,12,13,5 9,3 12,3 13,5 12,5 13
3 5 6 8 9 10 11 12 13,0.0069425,42.353,No,N/A,N/A,3,N/A,5,6,N/A,8,9,10,11,12,13,3 11,3 12,3 13,5 12,5 13
3 4 5 6 8 9 11 13,0.0180488,27.5518,No,N/A,N/A,3,4,5,6,3 4,8,9,4 6,11,3 9,13,3 11,4 11,3 13,4 13,5 13
3 4 6 8 9 10 12 13,0.0102781,34.5371,No,N/A,N/A,3,4,N/A,6,3 4,8,9,10,3 8,12,13,4 10,3 12,3 13,4 13,6 12
2 4 5 6 7 9 10 11 12 13,0.0136255,33.5393,No,N/A,2,N/A,4,5,6,7,2 6,9,10,11,12,13,2 12,2 13,4 12,4 13,5 13
3 5 6 8 10 11 12 13,0.00661341,40.2105,No,N/A,N/A,3,N/A,5,6,N/A,8,3 6,10,11,12,13,3 11,3 12,3 13,5 12,5 13
3 5 7 8 9 11 12 13,0.0074725,38.5437,No,N/A,N/A,3,N/A,5,N/A,7,8,9,3 7,11,12,13,3 11,3 12,3 13,5 12,5 13
3 5 6 7 9 10 11 12 13,0.00789384,38.0296,No,N/A,N/A,3,N/A,5,6,7,3 5,9,10,11,12,13,3 11,3 12,3 13,5 12,5 13
2 3 5 7 8 10 12 13,0.0145148,32.0569,No,N/A,2,3,N/A,5,N/A,7,8,2 7,10,3 8,12,13,2 12,2 13,3 13,5 12,5 13
3 5 7 8 9 10 11 12 13,0.00686319,41.6867,No,N/A,N/A,3,N/A,5,N/A,7,8,9,10,11,12,13,3 11,3 12,3 13,5 12,5 13
2 4 5 6 7 8 10 11 12 13,0.0150937,31.1894,No,N/A,2,N/A,4,5,6,7,8,2 7,10,11,12,13,2 12,2 13,4 12,4 13,5 13
3 5 6 7 8 9 10 11 13,0.0122353,32.612,No,N/A,N/A,3,N/A,5,6,7,8,9,10,11,3 9,13,3 11,5 10,3 13,6 11,5 13
3 4 6 8 9 10 11 13,0.012453,32.0586,No,N/A,N/A,3,4,N/A,6,3 4,8,9,10,11,3 9,13,3 11,4 11,3 13,4 13,3 4 11
2 3 5 6 8 10 12 13,0.0179112,28.0552,No,N/A,2,3,N/A,5,6,2 5,8,3 6,10,3 8,12,13,2 12,2 13,3 13,5 12,5 13
2 4 5 7 9 11 13,0.0127758,32.9874,No,N/A,2,N/A,4,5,2 4,7,N/A,9,N/A,11,5 7,13,5 9,2 13,5 11,4 13,5 13
2 3 4 5 6 8 9 11 13,0.0309416,21.2713,No,N/A,2,3,4,5,6,2 5,8,9,2 8,11,3 9,13,3 11,2 13,3 13,4 13,5 13
3 4 6 8 9 10 11 12 13,0.00881637,37.9004,No,N/A,N/A,3,4,N/A,6,3 4,8,9,10,11,12,13,3 11,3 12,3 13,4 13,6 12
3 4 5 6 7 9 10 11 12 13,0.0122723,34.2,No,N/A,N/A,3,4,5,6,7,3 5,9,10,11,12,13,3 11,3 12,3 13,4 13,5 13
3 4 6 7 9 11 12 13,0.00863766,38.1601,No,N/A,N/A,3,4,N/A,6,7,N/A,9,3 7,11,12,13,3 11,3 12,3 13,4 13,6 12
2 3 4 5 7 9 10 12 13,0.0212486,26.5872,No,N/A,2,3,4,5,2 4,7,3 5,9,10,2 9,12,13,2 12,2 13,3 13,4 13,5 13
2 3 4 6 8 10 12 13,0.0183014,27.8911,No,N/A,2,3,4,2 3,6,3 4,8,3 6,10,3 8,12,13,2 12,2 13,3 13,4 13,2 3 13
3 5 6 7 9 11 13,0.0134368,28.9843,No,N/A,N/A,3,N/A,5,6,7,3 5,9,3 7,11,3 9,13,3 11,6 9,3 13,6 11,5 13
2 3 5 7 9 10 11 13,0.0180002,29.1369,No,N/A,2,3,N/A,5,N/A,7,3 5,9,10,11,2 10,13,3 11,2 13,3 13,7 10,5 13
2 3 5 7 8 9 10 11 13,0.0187039,30.4281,No,N/A,2,3,N/A,5,N/A,7,8,9,10,11,2 10,13,3 11,2 13,3 13,7 10,5 13
2 4 6 7 9 10 12 13,0.0123338,32.2926,No,N/A,2,N/A,4,N/A,6,7,2 6,9,10,2 9,12,13,2 12,2 13,4 12,4 13,6 12
2 4 6 8 9 10 12 13,0.0100501,36.7625,No,N/A,2,N/A,4,N/A,6,N/A,8,9,10,2 9,12,13,2 12,2 13,4 12,4 13,6 12
3 4 5 6 7 8 9 11 12 13,0.0147778,31.2028,No,N/A,N/A,3,4,5,6,7,8,9,3 7,11,12,13,3 11,3 12,3 13,4 13,5 13
2 3 5 6 7 9 10 11 13,0.0216347,26.2209,No,N/A,2,3,N/A,5,6,7,2 6,9,10,11,2 10,13,3 11,2 13,3 13,6 11,5 13
3 4 6 7 9 10 12 13,0.00887856,38.2782,No,N/A,N/A,3,4,N/A,6,7,N/A,9,10,4 7,12,13,4 10,3 12,3 13,4 13,6 12
2 3 4 6 8 9 10 11 13,0.0227609,25.6958,No,N/A,2,3,4,2 3,6,3 4,8,9,10,11,2 10,13,3 11,2 13,3 13,4 13,2 3 13
2 4 5 6 7 8 10 12 13,0.0184971,27.8508,No,N/A,2,N/A,4,5,6,7,8,2 7,10,4 7,12,13,2 12,2 13,4 12,4 13,5 13
2 4 6 8 9 11 12 13,0.0100862,36.5653,No,N/A,2,N/A,4,N/A,6,N/A,8,9,2 8,11,12,13,2 12,2 13,4 12,4 13,6 12
2 3 4 5 7 9 11 12 13,0.0176555,29.3434,No,N/A,2,3,4,5,2 4,7,3 5,9,3 7,11,12,13,2 12,2 13,3 13,4 13,5 13
3 4 6 7 9 10 11 12 13,0.00747296,43.1492,No,N/A,N/A,3,4,N/A,6,7,N/A,9,10,11,12,13,3 11,3 12,3 13,4 13,6 12
2 3 4 5 6 7 9 10 11 13,0.029659,22.7614,No,N/A,2,3,4,5,6,7,2 6,9,10,11,2 10,13,3 11,2 13,3 13,4 13,5 13
2 3 4 6 8 10 11 13,0.0232619,24.8459,No,N/A,2,3,4,2 3,6,3 4,8,3 6,10,11,2 10,13,3 11,2 13,3 13,4 13,2 3 13
3 4 6 7 8 10 11 13,0.0129362,31.8291,No,N/A,N/A,3,4,N/A,6,7,8,3 6,10,11,4 8,13,3 11,4 11,3 13,4 13,7 11
2 4 5 6 8 9 11 13,0.0193929,26.8562,No,N/A,2,N/A,4,5,6,2 5,8,9,2 8,11,4 8,13,5 9,2 13,5 11,4 13,5 13
3 4 5 7 8 9 11 12 13,0.0107008,36.8584,No,N/A,N/A,3,4,5,N/A,7,8,9,3 7,11,12,13,3 11,3 12,3 13,4 13,5 13
3 4 5 6 8 9 10 11 13,0.0160764,29.6133,No,N/A,N/A,3,4,5,6,3 4,8,9,10,11,3 9,13,3 11,4 11,3 13,4 13,5 13
3 4 6 7 9 10 11 13,0.0100485,36.9916,No,N/A,N/A,3,4,N/A,6,7,N/A,9,10,11,3 9,13,3 11,4 11,3 13,4 13,7 11
3 4 5 7 8 10 11 12 13,0.0104033,36.4861,No,N/A,N/A,3,4,5,N/A,7,8,4 5,10,11,12,13,3 11,3 12,3 13,4 13,5 13
3 4 5 7 9 10 11 12 13,0.00983761,37.3773,No,N/A,N/A,3,4,5,N/A,7,3 5,9,10,11,12,13,3 11,3 12,3 13,4 13,5 13
3 4 5 7 9 10 12 13,0.0122313,33.0133,No,N/A,N/A,3,4,5,N/A,7,3 5,9,10,4 7,12,13,4 10,3 12,3 13,4 13,5 13
2 3 5 6 7 8 10 11 12 13,0.0164106,31.0876,No,N/A,2,3,N/A,5,6,7,8,2 7,10,11,12,13,2 12,2 13,3 13,5 12,5 13
2 3 4 5 6 8 10 12 13,0.0252999,23.6419,No,N/A,2,3,4,5,6,2 5,8,3 6,10,3 8,12,13,2 12,2 13,3 13,4 13,5 13
2 3 5 6 8 10 11 13,0.0178861,28.4659,No,N/A,2,3,N/A,5,6,2 5,8,3 6,10,11,2 10,13,3 11,2 13,3 13,6 11,5 13
3 5 6 8 10 11 13,0.00837798,36.862,No,N/A,N/A,3,N/A,5,6,N/A,8,3 6,10,11,N/A,13,3 11,5 10,3 13,6 11,5 13
2 4 5 7 8 9 10 11 12 13,0.0126941,34.1598,No,N/A,2,N/A,4,5,2 4,7,8,9,10,11,12,13,2 12,2 13,4 12,4 13,5 13
2 3 4 5 7 8 10 11 12 13,0.0198343,28.6609,No,N/A,2,3,4,5,2 4,7,8,2 7,10,11,12,13,2 12,2 13,3 13,4 13,5 13
3 4 5 6 7 9 11 12 13,0.0128605,32.3747,No,N/A,N/A,3,4,5,6,7,3 5,9,3 7,11,12,13,3 11,3 12,3 13,4 13,5 13
2 4 6 7 8 10 12 13,0.0125792,32.6232,No,N/A,2,N/A,4,N/A,6,7,8,2 7,10,4 7,12,13,2 12,2 13,4 12,4 13,6 12
2 4 6 7 8 10 11 12 13,0.0104351,36.2371,No,N/A,2,N/A,4,N/A,6,7,8,2 7,10,11,12,13,2 12,2 13,4 12,4 13,6 12
3 5 7 8 10 11 13,0.0092849,36.2534,No,N/A,N/A,3,N/A,5,N/A,7,8,N/A,10,11,5 7,13,3 11,5 10,3 13,7 10,5 13
2 3 4 5 6 7 8 9 11 12 13,0.025935,24.7269,No,N/A,2,3,4,5,6,7,8,9,2 8,11,12,13,2 12,2 13,3 13,4 13,5 13
2 4 6 7 8 9 11 13,0.014941,30.7595,No,N/A,2,N/A,4,N/A,6,7,8,9,2 8,11,4 8,13,6 8,2 13,7 9,4 13,7 11
2 3 4 5 6 7 9 11 12 13,0.0231972,25.8922,No,N/A,2,3,4,5,6,7,2 6,9,3 7,11,12,13,2 12,2 13,3 13,4 13,5 13
2 4 6 7 8 9 10 12 13,0.0131632,32.8708,No,N/A,2,N/A,4,N/A,6,7,8,9,10,2 9,12,13,2 12,2 13,4 12,4 13,6 12
2 4 6 7 8 9 11 12 13,0.0114533,34.7284,No,N/A,2,N/A,4,N/A,6,7,8,9,2 8,11,12,13,2 12,2 13,4 12,4 13,6 12
2 4 6 7 9 10 11 12 13,0.00973642,37.082,No,N/A,2,N/A,4,N/A,6,7,2 6,9,10,11,12,13,2 12,2 13,4 12,4 13,6 12
2 4 5 7 9 10 12 13,0.0122021,34.1622,No,N/A,2,N/A,4,5,2 4,7,N/A,9,10,2 9,12,13,2 12,2 13,4 12,4 13,5 13
3 5 6 7 8 10 11 13,0.012107,32.0302,No,N/A,N/A,3,N/A,5,6,7,8,3 6,10,11,5 7,13,3 11,5 10,3 13,6 11,5 13
2 3 4 5 6 7 8 10 11 13,0.0322158,21.315,No,N/A,2,3,4,5,6,7,8,2 7,10,11,2 10,13,3 11,2 13,3 13,4 13,5 13
2 4 5 7 9 10 11 13,0.0139295,33.3739,No,N/A,2,N/A,4,5,2 4,7,N/A,9,10,11,2 10,13,4 10,2 13,5 11,4 13,5 13
3 4 6 8 9 11 13,0.0154342,28.0962,No,N/A,N/A,3,4,N/A,6,3 4,8,9,4 6,11,3 9,13,3 11,4 11,3 13,4 13,3 4 11
3 5 6 7 8 9 11 13,0.013415,30.9518,No,N/A,N/A,3,N/A,5,6,7,8,9,3 7,11,3 9,13,3 11,6 9,3 13,6 11,5 13
2 4 5 6 8 10 12 13,0.0156825,29.6674,No,N/A,2,N/A,4,5,6,2 5,8,4 5,10,5 6,12,13,2 12,2 13,4 12,4 13,5 13
2 4 5 6 8 10 11 13,0.0180674,27.3609,No,N/A,2,N/A,4,5,6,2 5,8,4 5,10,11,2 10,13,4 10,2 13,5 11,4 13,5 13
2 3 5 6 7 8 9 10 12 13,0.0201523,28.0798,No,N/A,2,3,N/A,5,6,7,8,9,10,2 9,12,13,2 12,2 13,3 13,5 12,5 13
3 4 5 7 8 10 12 13,0.012868,31.9612,No,N/A,N/A,3,4,5,N/A,7,8,4 5,10,3 8,12,13,4 10,3 12,3 13,4 13,5 13
2 4 5 6 7 9 11 12 13,0.0137465,32.8859,No,N/A,2,N/A,4,5,6,7,2 6,9,4 6,11,12,13,2 12,2 13,4 12,4 13,5 13
2 4 6 7 9 10 11 13,0.0125374,32.6458,No,N/A,2,N/A,4,N/A,6,7,2 6,9,10,11,2 10,13,4 10,2 13,6 10,4 13,7 11
2 4 5 6 7 8 9 11 13,0.0218739,26.3235,No,N/A,2,N/A,4,5,6,7,8,9,2 8,11,4 8,13,5 9,2 13,5 11,4 13,5 13
2 4 5 7 9 11 12 13,0.00829734,41.0572,No,N/A,2,N/A,4,5,2 4,7,N/A,9,N/A,11,12,13,2 12,2 13,4 12,4 13,5 13
2 3 4 5 6 7 8 9 11 13,0.0341054,20.7288,No,N/A,2,3,4,5,6,7,8,9,2 8,11,3 9,13,3 11,2 13,3 13,4 13,5 13
3 4 5 7 8 9 11 13,0.0164174,29.7648,No,N/A,N/A,3,4,5,N/A,7,8,9,3 7,11,3 9,13,3 11,4 11,3 13,4 13,5 13
2 4 5 6 7 8 9 10 11 12 13,0.0163734,30.7431,No,N/A,2,N/A,4,5,6,7,8,9,10,11,12,13,2 12,2 13,4 12,4 13,5 13
2 3 4 6 7 9 11 12 13,0.0181736,29.0771,No,N/A,2,3,4,2 3,6,7,2 6,9,3 7,11,12,13,2 12,2 13,3 13,4 13,2 3 13
3 5 7 9 10 11 13,0.0101809,33.0794,No,N/A,N/A,3,N/A,5,N/A,7,3 5,9,10,11,3 9,13,3 11,5 10,3 13,7 10,5 13
2 3 4 6 8 9 10 12 13,0.0192669,27.6402,No,N/A,2,3,4,2 3,6,3 4,8,9,10,2 9,12,13,2 12,2 13,3 13,4 13,2 3 13
3 4 6 8 9 11 12 13,0.00985346,35.0472,No,N/A,N/A,3,4,N/A,6,3 4,8,9,4 6,11,12,13,3 11,3 12,3 13,4 13,6 12
2 3 4 6 7 9 10 12 13,0.0194757,28.1674,No,N/A,2,3,4,2 3,6,7,2 6,9,10,2 9,12,13,2 12,2 13,3 13,4 13,2 3 13
3 5 6 7 8 9 11 12 13,0.00916437,36.6157,No,N/A,N/A,3,N/A,5,6,7,8,9,3 7,11,12,13,3 11,3 12,3 13,5 12,5 13
3 5 6 7 8 10 12 13,0.0100094,34.0853,No,N/A,N/A,3,N/A,5,6,7,8,3 6,10,3 8,12,13,6 8,3 12,3 13,5 12,5 13
3 5 7 8 9 11 13,0.011781,31.511,No,N/A,N/A,3,N/A,5,N/A,7,8,9,3 7,11,3 9,13,3 11,7 8,3 13,8 9,5 13
2 3 4 6 7 8 9 11 13,0.0267885,23.6742,No,N/A,2,3,4,2 3,6,7,8,9,2 8,11,3 9,13,3 11,2 13,3 13,4 13,2 3 13
2 4 6 8 10 11 13,0.0115106,33.9376,No,N/A,2,N/A,4,N/A,6,N/A,8,N/A,10,11,2 10,13,4 10,2 13,6 10,4 13,8 10
2 4 5 7 8 9 10 12 13,0.0147023,31.0112,No,N/A,2,N/A,4,5,2 4,7,8,9,10,2 9,12,13,2 12,2 13,4 12,4 13,5 13
2 3 5 6 7 8 9 10 11 12 13,0.0179522,30.5637,No,N/A,2,3,N/A,5,6,7,8,9,10,11,12,13,2 12,2 13,3 13,5 12,5 13
2 3 5 7 9 11 12 13,0.0134197,32.5005,No,N/A,2,3,N/A,5,N/A,7,3 5,9,3 7,11,12,13,2 12,2 13,3 13,5 12,5 13
2 3 5 7 8 9 10 11 12 13,0.0137949,36.3042,No,N/A,2,3,N/A,5,N/A,7,8,9,10,11,12,13,2 12,2 13,3 13,5 12,5 13
2 4 5 7 8 9 10 11 13,0.0170819,29.5078,No,N/A,2,N/A,4,5,2 4,7,8,9,10,11,2 10,13,4 10,2 13,5 11,4 13,5 13
3 4 6 7 8 9 10 11 12 13,0.010179,37.4134,No,N/A,N/A,3,4,N/A,6,7,8,9,10,11,12,13,3 11,3 12,3 13,4 13,6 12
3 4 5 6 8 9 11 12 13,0.0124365,33.3529,No,N/A,N/A,3,4,5,6,3 4,8,9,4 6,11,12,13,3 11,3 12,3 13,4 13,5 13
2 4 5 6 7 8 10 11 13,0.0205723,26.3709,No,N/A,2,N/A,4,5,6,7,8,2 7,10,11,2 10,13,4 10,2 13,5 11,4 13,5 13
2 4 6 8 9 10 11 13,0.0126576,34.094,No,N/A,2,N/A,4,N/A,6,N/A,8,9,10,11,2 10,13,4 10,2 13,6 10,4 13,8 10
3 5 6 7 8 9 10 12 13,0.0106576,34.0772,No,N/A,N/A,3,N/A,5,6,7,8,9,10,3 8,12,13,5 9,3 12,3 13,5 12,5 13
2 3 4 6 7 8 9 10 11 13,0.0249864,24.8987,No,N/A,2,3,4,2 3,6,7,8,9,10,11,2 10,13,3 11,2 13,3 13,4 13,2 3 13
2 3 5 6 8 9 11 13,0.0195416,26.8425,No,N/A,2,3,N/A,5,6,2 5,8,9,2 8,11,3 9,13,3 11,2 13,3 13,6 11,5 13
2 4 5 7 8 9 11 13,0.0186472,27.9414,No,N/A,2,N/A,4,5,2 4,7,8,9,2 8,11,4 8,13,5 9,2 13,5 11,4 13,5 13
2 4 5 6 7 8 9 10 11 13,0.0208081,27.0541,No,N/A,2,N/A,4,5,6,7,8,9,10,11,2 10,13,4 10,2 13,5 11,4 13,5 13
3 5 6 7 8 10 11 12 13,0.00818561,37.9043,No,N/A,N/A,3,N/A,5,6,7,8,3 6,10,11,12,13,3 11,3 12,3 13,5 12,5 13
2 4 5 6 7 9 11 13,0.0208008,26.7831,No,N/A,2,N/A,4,5,6,7,2 6,9,4 6,11,5 7,13,5 9,2 13,5 11,4 13,5 13
2 4 5 6 8 9 10 12 13,0.0159973,29.9516,No,N/A,2,N/A,4,5,6,2 5,8,9,10,2 9,12,13,2 12,2 13,4 12,4 13,5 13
2 4 6 8 10 12 13,0.00695486,39.7928,No,N/A,2,N/A,4,N/A,6,N/A,8,N/A,10,N/A,12,13,2 12,2 13,4 12,4 13,6 12
3 5 6 8 9 10 12 13,0.00913203,36.4658,No,N/A,N/A,3,N/A,5,6,N/A,8,9,10,3 8,12,13,5 9,3 12,3 13,5 12,5 13
2 3 5 6 7 8 10 12 13,0.0199351,27.3234,No,N/A,2,3,N/A,5,6,7,8,2 7,10,3 8,12,13,2 12,2 13,3 13,5 12,5 13
2 4 6 8 9 10 11 12 13,0.00890932,40.9731,No,N/A,2,N/A,4,N/A,6,N/A,8,9,10,11,12,13,2 12,2 13,4 12,4 13,6 12
3 4 6 7 8 9 11 12 13,0.0109394,34.808,No,N/A,N/A,3,4,N/A,6,7,8,9,3 7,11,12,13,3 11,3 12,3 13,4 13,6 12
3 4 6 7 8 9 11 13,0.0159812,28.9297,No,N/A,N/A,3,4,N/A,6,7,8,9,3 7,11,3 9,13,3 11,4 11,3 13,4 13,7 11
3 5 7 8 9 10 11 13,0.00994451,35.229,No,N/A,N/A,3,N/A,5,N/A,7,8,9,10,11,3 9,13,3 11,5 10,3 13,7 10,5 13
2 4 5 6 7 8 9 11 12 13,0.0159932,30.8326,No,N/A,2,N/A,4,5,6,7,8,9,2 8,11,12,13,2 12,2 13,4 12,4 13,5 13
2 3 4 5 6 8 9 10 11 12 13,0.022427,26.8039,No,N/A,2,3,4,5,6,2 5,8,9,10,11,12,13,2 12,2 13,3 13,4 13,5 13
3 5 6 8 9 11 12 13,0.00612809,43.5795,No,N/A,N/A,3,N/A,5,6,N/A,8,9,N/A,11,12,13,3 11,3 12,3 13,5 12,5 13
2 3 5 7 8 9 11 13,0.0219519,26.6738,No,N/A,2,3,N/A,5,N/A,7,8,9,2 8,11,3 9,13,3 11,2 13,3 13,8 9,5 13
3 4 5 6 7 8 9 10 11 13,0.0190781,27.634,No,N/A,N/A,3,4,5,6,7,8,9,10,11,3 9,13,3 11,4 11,3 13,4 13,5 13
2 3 4 5 6 7 8 10 11 12 13,0.0245853,25.3142,No,N/A,2,3,4,5,6,7,8,2 7,10,11,12,13,2 12,2 13,3 13,4 13,5 13
2 3 4 6 7 8 10 11 12 13,0.0183286,29.1371,No,N/A,2,3,4,2 3,6,7,8,2 7,10,11,12,13,2 12,2 13,3 13,4 13,2 3 13
2 3 4 5 6 7 8 10 12 13,0.028536,22.7528,No,N/A,2,3,4,5,6,7,8,2 7,10,3 8,12,13,2 12,2 13,3 13,4 13,5 13
3 5 6 8 9 10 11 13,0.0093066,36.709,No,N/A,N/A,3,N/A,5,6,N/A,8,9,10,11,3 9,13,3 11,5 10,3 13,6 11,5 13
3 4 5 6 7 8 10 11 12 13,0.0135967,31.9998,No,N/A,N/A,3,4,5,6,7,8,3 6,10,11,12,13,3 11,3 12,3 13,4 13,5 13
3 5 7 9 10 11 12 13,0.00623247,40.4694,No,N/A,N/A,3,N/A,5,N/A,7,3 5,9,10,11,12,13,3 11,3 12,3 13,5 12,5 13
3 5 6 7 8 9 10 11 12 13,0.00913547,37.209,No,N/A,N/A,3,N/A,5,6,7,8,9,10,11,12,13,3 11,3 12,3 13,5 12,5 13
2 4 5 7 9 10 11 12 13,0.00961027,40.2668,No,N/A,2,N/A,4,5,2 4,7,N/A,9,10,11,12,13,2 12,2 13,4 12,4 13,5 13
2 3 5 6 7 9 11 12 13,0.0163127,29.8913,No,N/A,2,3,N/A,5,6,7,2 6,9,3 7,11,12,13,2 12,2 13,3 13,5 12,5 13
2 4 5 7 8 10 11 13,0.0180191,27.6169,No,N/A,2,N/A,4,5,2 4,7,8,2 7,10,11,2 10,13,4 10,2 13,5 11,4 13,5 13
3 4 5 6 8 9 10 11 12 13,0.0120945,34.1007,No,N/A,N/A,3,4,5,6,3 4,8,9,10,11,12,13,3 11,3 12,3 13,4 13,5 13
2 3 4 5 6 8 10 11 13,0.0291647,22.0789,No,N/A,2,3,4,5,6,2 5,8,3 6,10,11,2 10,13,3 11,2 13,3 13,4 13,5 13
2 3 4 5 7 8 9 11 13,0.0289568,22.5388,No,N/A,2,3,4,5,2 4,7,8,9,2 8,11,3 9,13,3 11,2 13,3 13,4 13,5 13
2 3 4 6 8 9 11 13,0.0253859,23.7493,No,N/A,2,3,4,2 3,6,3 4,8,9,2 8,11,3 9,13,3 11,2 13,3 13,4 13,2 3 13
