Position,Win Probability,Average Score,1,2,3,4,5,6,7,8,9,10,11,12
|   |   |   |   |   |   |   |   |   |   |,1.0,0,N/A,N/A,N/A,N/A,N/A,N/A,N/A,N/A,N/A,N/A,N/A,N/A
| 1 |   |   |   |   |   |   |   |   |   |,0.166667,0.833333,1,N/A,N/A,N/A,N/A,N/A,N/A,N/A,N/A,N/A,N/A,N/A
| 1 |   |   |   |   |   |   |   |   | 10 |,0.0694444,9.54167,N/A,N/A,N/A,N/A,N/A,N/A,N/A,N/A,N/A,10,1 10,N/A
| 1 |   |   |   |   |   |   |   | 9 |   |,0.101852,8.14815,N/A,N/A,N/A,N/A,N/A,N/A,N/A,N/A,9,1 9,N/A,N/A
|   |   |   |   |   |   |   |   | 9 |   |,0.111111,8,N/A,N/A,N/A,N/A,N/A,N/A,N/A,N/A,9,N/A,N/A,N/A
| 1 |   |   |   |   |   |   |   | 9 | 10 |,0.0223765,17.1836,N/A,N/A,N/A,N/A,N/A,N/A,N/A,N/A,9,10,1 10,N/A
|   |   |   |   |   |   |   |   |   | 10 |,0.0833333,9.16667,N/A,N/A,N/A,N/A,N/A,N/A,N/A,N/A,N/A,10,N/A,N/A
| 1 |   |   |   |   |   |   | 8 |   |   |,0.134259,6.86574,N/A,N/A,N/A,N/A,N/A,N/A,N/A,8,1 8,N/A,N/A,N/A
|   |   |   |   |   |   |   | 8 |   |   |,0.138889,6.88889,N/A,N/A,N/A,N/A,N/A,N/A,N/A,8,N/A,N/A,N/A,N/A
| 1 |   |   |   |   |   |   | 8 |   | 10 |,0.0378086,14.9097,N/A,N/A,N/A,N/A,N/A,N/A,N/A,8,1 8,10,1 10,N/A
| 1 |   |   |   |   |   |   | 8 | 9 |   |,0.0406379,14.4686,N/A,N/A,N/A,N/A,N/A,N/A,N/A,8,9,1 9,N/A,N/A
|   |   |   |   |   |   |   | 8 | 9 |   |,0.0308642,14.6265,N/A,N/A,N/A,N/A,N/A,N/A,N/A,8,9,N/A,N/A,N/A
| 1 |   |   |   |   |   |   | 8 | 9 | 10 |,0.01241,23.1727,N/A,N/A,N/A,N/A,N/A,N/A,N/A,8,9,10,1 10,N/A
|   |   |   |   |   |   |   |   | 9 | 10 |,0.0185185,16.9907,N/A,N/A,N/A,N/A,N/A,N/A,N/A,N/A,9,10,N/A,N/A
| 1 |   |   |   |   |   | 7 |   |   |   |,0.166667,5.69444,N/A,N/A,N/A,N/A,N/A,N/A,7,1 7,N/A,N/A,N/A,N/A
|   |   |   |   |   |   | 7 |   |   |   |,0.166667,5.83333,N/A,N/A,N/A,N/A,N/A,N/A,7,N/A,N/A,N/A,N/A,N/A
| 1 |   |   |   |   |   | 7 |   |   | 10 |,0.0462963,13.662,N/A,N/A,N/A,N/A,N/A,N/A,7,1 7,N/A,10,1 10,N/A
| 1 |   |   |   |   |   | 7 |   | 9 |   |,0.0648148,12.088,N/A,N/A,N/A,N/A,N/A,N/A,7,1 7,9,1 9,N/A,N/A
|   |   |   |   |   |   | 7 |   | 9 |   |,0.037037,13.537,N/A,N/A,N/A,N/A,N/A,N/A,7,N/A,9,N/A,N/A,N/A
| 1 |   |   |   |   |   | 7 |   | 9 | 10 |,0.0189043,20.5012,N/A,N/A,N/A,N/A,N/A,N/A,7,1 7,9,10,1 10,N/A
|   |   |   |   |   |   | 7 |   |   | 10 |,0.0277778,14.7639,N/A,N/A,N/A,N/A,N/A,N/A,7,N/A,N/A,10,N/A,N/A
| 1 |   |   |   |   |   | 7 | 8 |   |   |,0.0640432,11.9167,N/A,N/A,N/A,N/A,N/A,N/A,7,8,1 8,N/A,N/A,N/A
|   |   |   |   |   |   | 7 | 8 |   |   |,0.0462963,12.375,N/A,N/A,N/A,N/A,N/A,N/A,7,8,N/A,N/A,N/A,N/A
| 1 |   |   |   |   |   | 7 | 8 |   | 10 |,0.0237269,19.259,N/A,N/A,N/A,N/A,N/A,N/A,7,8,1 8,10,1 10,N/A
| 1 |   |   |   |   |   | 7 | 8 | 9 |   |,0.026749,18.9456,N/A,N/A,N/A,N/A,N/A,N/A,7,8,9,1 9,N/A,N/A
|   |   |   |   |   |   | 7 | 8 | 9 |   |,0.0154321,19.6929,N/A,N/A,N/A,N/A,N/A,N/A,7,8,9,N/A,N/A,N/A
| 1 |   |   |   |   |   | 7 | 8 | 9 | 10 |,0.0104167,27.0778,N/A,N/A,N/A,N/A,N/A,N/A,7,8,9,10,1 10,N/A
|   |   |   |   |   |   |   | 8 |   | 10 |,0.0231481,15.8472,N/A,N/A,N/A,N/A,N/A,N/A,N/A,8,N/A,10,N/A,N/A
|   |   |   |   |   |   |   | 8 | 9 | 10 |,0.00771605,23.3395,N/A,N/A,N/A,N/A,N/A,N/A,N/A,8,9,10,N/A,N/A
| 1 |   |   |   |   | 6 |   |   |   |   |,0.189815,4.97685,N/A,N/A,N/A,N/A,N/A,6,1 6,N/A,N/A,N/A,N/A,N/A
|   |   |   |   |   | 6 |   |   |   |   |,0.138889,5.16667,N/A,N/A,N/A,N/A,N/A,6,N/A,N/A,N/A,N/A,N/A,N/A
| 1 |   |   |   |   | 6 |   |   |   | 10 |,0.0470679,12.9992,N/A,N/A,N/A,N/A,N/A,6,1 6,N/A,N/A,10,1 10,N/A
| 1 |   |   |   |   | 6 |   |   | 9 |   |,0.0653292,11.4486,N/A,N/A,N/A,N/A,N/A,6,1 6,N/A,9,1 9,N/A,N/A
|   |   |   |   |   | 6 |   |   | 9 |   |,0.0308642,12.9352,N/A,N/A,N/A,N/A,N/A,6,N/A,N/A,9,N/A,N/A,N/A
| 1 |   |   |   |   | 6 |   |   | 9 | 10 |,0.0185828,19.891,N/A,N/A,N/A,N/A,N/A,6,1 6,N/A,9,10,1 10,N/A
|   |   |   |   |   | 6 |   |   |   | 10 |,0.0231481,14.1481,N/A,N/A,N/A,N/A,N/A,6,N/A,N/A,N/A,10,N/A,N/A
| 1 |   |   |   |   | 6 |   | 8 |   |   |,0.0835905,10.0337,N/A,N/A,N/A,N/A,N/A,6,1 6,8,1 8,N/A,N/A,N/A
|   |   |   |   |   | 6 |   | 8 |   |   |,0.0385802,11.7855,N/A,N/A,N/A,N/A,N/A,6,N/A,8,N/A,N/A,N/A,N/A
| 1 |   |   |   |   | 6 |   | 8 |   | 10 |,0.0273277,17.2192,N/A,N/A,N/A,N/A,N/A,6,1 6,8,1 8,10,1 10,N/A
| 1 |   |   |   |   | 6 |   | 8 | 9 |   |,0.0323645,16.801,N/A,N/A,N/A,N/A,N/A,6,1 6,8,9,1 9,N/A,N/A
|   |   |   |   |   | 6 |   | 8 | 9 |   |,0.0128601,19.1931,N/A,N/A,N/A,N/A,N/A,6,N/A,8,9,N/A,N/A,N/A
| 1 |   |   |   |   | 6 |   | 8 | 9 | 10 |,0.0120385,24.6395,N/A,N/A,N/A,N/A,N/A,6,1 6,8,9,10,1 10,N/A
|   |   |   |   |   | 6 |   |   | 9 | 10 |,0.00771605,21.6764,N/A,N/A,N/A,N/A,N/A,6,N/A,N/A,9,10,N/A,N/A
| 1 |   |   |   |   | 6 | 7 |   |   |   |,0.0740741,10.1157,N/A,N/A,N/A,N/A,N/A,6,7,1 7,N/A,N/A,N/A,N/A
|   |   |   |   |   | 6 | 7 |   |   |   |,0.0462963,10.6991,N/A,N/A,N/A,N/A,N/A,6,7,N/A,N/A,N/A,N/A,N/A
| 1 |   |   |   |   | 6 | 7 |   |   | 10 |,0.0262346,17.4664,N/A,N/A,N/A,N/A,N/A,6,7,1 7,N/A,10,1 10,N/A
| 1 |   |   |   |   | 6 | 7 |   | 9 |   |,0.0362654,15.7046,N/A,N/A,N/A,N/A,N/A,6,7,1 7,9,1 9,N/A,N/A
|   |   |   |   |   | 6 | 7 |   | 9 |   |,0.0154321,18.0581,N/A,N/A,N/A,N/A,N/A,6,7,N/A,9,N/A,N/A,N/A
| 1 |   |   |   |   | 6 | 7 |   | 9 | 10 |,0.0135888,23.5092,N/A,N/A,N/A,N/A,N/A,6,7,1 7,9,10,1 10,N/A
|   |   |   |   |   | 6 | 7 |   |   | 10 |,0.0115741,19.3557,N/A,N/A,N/A,N/A,N/A,6,7,N/A,N/A,10,N/A,N/A
| 1 |   |   |   |   | 6 | 7 | 8 |   |   |,0.0382587,15.6989,N/A,N/A,N/A,N/A,N/A,6,7,8,1 8,N/A,N/A,N/A
|   |   |   |   |   | 6 | 7 | 8 |   |   |,0.0192901,16.8356,N/A,N/A,N/A,N/A,N/A,6,7,8,N/A,N/A,N/A,N/A
| 1 |   |   |   |   | 6 | 7 | 8 |   | 10 |,0.0170396,22.1426,N/A,N/A,N/A,N/A,N/A,6,7,8,1 8,10,1 10,N/A
| 1 |   |   |   |   | 6 | 7 | 8 | 9 |   |,0.0200046,21.9544,N/A,N/A,N/A,N/A,N/A,6,7,8,9,1 9,N/A,N/A
|   |   |   |   |   | 6 | 7 | 8 | 9 |   |,0.00857339,23.646,N/A,N/A,N/A,N/A,N/A,6,7,8,9,N/A,N/A,N/A
| 1 |   |   |   |   | 6 | 7 | 8 | 9 | 10 |,0.00937714,29.2638,N/A,N/A,N/A,N/A,N/A,6,7,8,9,10,1 10,N/A
|   |   |   |   |   |   | 7 |   | 9 | 10 |,0.00925926,22.2114,N/A,N/A,N/A,N/A,N/A,N/A,7,N/A,9,10,N/A,N/A
|   |   |   |   |   |   | 7 | 8 |   | 10 |,0.0115741,21.0008,N/A,N/A,N/A,N/A,N/A,N/A,7,8,N/A,10,N/A,N/A
|   |   |   |   |   |   | 7 | 8 | 9 | 10 |,0.00514403,27.9493,N/A,N/A,N/A,N/A,N/A,N/A,7,8,9,10,N/A,N/A
| 1 |   |   |   | 5 |   |   |   |   |   |,0.157407,4.59259,N/A,N/A,N/A,N/A,5,1 5,N/A,N/A,N/A,N/A,N/A,N/A
|   |   |   |   | 5 |   |   |   |   |   |,0.111111,4.44444,N/A,N/A,N/A,N/A,5,N/A,N/A,N/A,N/A,N/A,N/A,N/A
| 1 |   |   |   | 5 |   |   |   |   | 10 |,0.0385802,12.7407,N/A,N/A,N/A,N/A,5,1 5,N/A,N/A,N/A,10,1 10,N/A
| 1 |   |   |   | 5 |   |   |   | 9 |   |,0.0534979,11.2305,N/A,N/A,N/A,N/A,5,1 5,N/A,N/A,9,1 9,N/A,N/A
|   |   |   |   | 5 |   |   |   | 9 |   |,0.0246914,12.2716,N/A,N/A,N/A,N/A,5,N/A,N/A,N/A,9,N/A,N/A,N/A
| 1 |   |   |   | 5 |   |   |   | 9 | 10 |,0.0151749,19.8024,N/A,N/A,N/A,N/A,5,1 5,N/A,N/A,9,10,1 10,N/A
|   |   |   |   | 5 |   |   |   |   | 10 |,0.0185185,13.4722,N/A,N/A,N/A,N/A,5,N/A,N/A,N/A,N/A,10,N/A,N/A
| 1 |   |   |   | 5 |   |   | 8 |   |   |,0.0684156,9.85134,N/A,N/A,N/A,N/A,5,1 5,N/A,8,1 8,N/A,N/A,N/A
|   |   |   |   | 5 |   |   | 8 |   |   |,0.0308642,11.1327,N/A,N/A,N/A,N/A,5,N/A,N/A,8,N/A,N/A,N/A,N/A
| 1 |   |   |   | 5 |   |   | 8 |   | 10 |,0.0222479,17.2302,N/A,N/A,N/A,N/A,5,1 5,N/A,8,1 8,10,1 10,N/A
| 1 |   |   |   | 5 |   |   | 8 | 9 |   |,0.026406,16.8045,N/A,N/A,N/A,N/A,5,1 5,N/A,8,9,1 9,N/A,N/A
|   |   |   |   | 5 |   |   | 8 | 9 |   |,0.0102881,18.6221,N/A,N/A,N/A,N/A,5,N/A,N/A,8,9,N/A,N/A,N/A
| 1 |   |   |   | 5 |   |   | 8 | 9 | 10 |,0.00980224,24.8327,N/A,N/A,N/A,N/A,5,1 5,N/A,8,9,10,1 10,N/A
|   |   |   |   | 5 |   |   |   | 9 | 10 |,0.00617284,21.0741,N/A,N/A,N/A,N/A,5,N/A,N/A,N/A,9,10,N/A,N/A
| 1 |   |   |   | 5 |   | 7 |   |   |   |,0.087963,8.26543,N/A,N/A,N/A,N/A,5,1 5,7,1 7,N/A,N/A,N/A,5 7
|   |   |   |   | 5 |   | 7 |   |   |   |,0.0648148,9.72222,N/A,N/A,N/A,N/A,5,N/A,7,N/A,N/A,N/A,N/A,5 7
| 1 |   |   |   | 5 |   | 7 |   |   | 10 |,0.0308642,15.446,N/A,N/A,N/A,N/A,5,1 5,7,1 7,N/A,10,1 10,5 7
| 1 |   |   |   | 5 |   | 7 |   | 9 |   |,0.0426955,13.6432,N/A,N/A,N/A,N/A,5,1 5,7,1 7,9,1 9,N/A,5 7
|   |   |   |   | 5 |   | 7 |   | 9 |   |,0.0185185,17.1019,N/A,N/A,N/A,N/A,5,N/A,7,N/A,9,N/A,N/A,5 7
| 1 |   |   |   | 5 |   | 7 |   | 9 | 10 |,0.0154107,21.2041,N/A,N/A,N/A,N/A,5,1 5,7,1 7,9,10,1 10,5 7
|   |   |   |   | 5 |   | 7 |   |   | 10 |,0.0138889,18.3951,N/A,N/A,N/A,N/A,5,N/A,7,N/A,N/A,10,N/A,5 7
| 1 |   |   |   | 5 |   | 7 | 8 |   |   |,0.0480967,13.5203,N/A,N/A,N/A,N/A,5,1 5,7,8,1 8,N/A,N/A,5 7
|   |   |   |   | 5 |   | 7 | 8 |   |   |,0.0231481,15.8832,N/A,N/A,N/A,N/A,5,N/A,7,8,N/A,N/A,N/A,5 7
| 1 |   |   |   | 5 |   | 7 | 8 |   | 10 |,0.020126,19.7075,N/A,N/A,N/A,N/A,5,1 5,7,8,1 8,10,1 10,5 7
| 1 |   |   |   | 5 |   | 7 | 8 | 9 |   |,0.0238483,19.4303,N/A,N/A,N/A,N/A,5,1 5,7,8,9,1 9,N/A,5 7
|   |   |   |   | 5 |   | 7 | 8 | 9 |   |,0.00943073,22.727,N/A,N/A,N/A,N/A,5,N/A,7,8,9,N/A,N/A,5 7
| 1 |   |   |   | 5 |   | 7 | 8 | 9 | 10 |,0.0107382,26.3562,N/A,N/A,N/A,N/A,5,1 5,7,8,9,10,1 10,5 7
|   |   |   |   | 5 |   |   | 8 |   | 10 |,0.00771605,19.893,N/A,N/A,N/A,N/A,5,N/A,N/A,8,N/A,10,N/A,N/A
|   |   |   |   | 5 |   |   | 8 | 9 | 10 |,0.00342936,27.0602,N/A,N/A,N/A,N/A,5,N/A,N/A,8,9,10,N/A,N/A
| 1 |   |   |   | 5 | 6 |   |   |   |   |,0.0985082,7.97788,N/A,N/A,N/A,N/A,5,6,1 6,N/A,N/A,N/A,5 6,1 5 6
|   |   |   |   | 5 | 6 |   |   |   |   |,0.0864198,8.83025,N/A,N/A,N/A,N/A,5,6,N/A,N/A,N/A,N/A,5 6,N/A
| 1 |   |   |   | 5 | 6 |   |   |   | 10 |,0.0289995,16.036,N/A,N/A,N/A,N/A,5,6,1 6,N/A,N/A,10,1 10,1 5 6
| 1 |   |   |   | 5 | 6 |   |   | 9 |   |,0.0456962,13.591,N/A,N/A,N/A,N/A,5,6,1 6,N/A,9,1 9,5 6,1 5 6
|   |   |   |   | 5 | 6 |   |   | 9 |   |,0.0226337,16.2339,N/A,N/A,N/A,N/A,5,6,N/A,N/A,9,N/A,5 6,N/A
| 1 |   |   |   | 5 | 6 |   |   | 9 | 10 |,0.0140032,22.2332,N/A,N/A,N/A,N/A,5,6,1 6,N/A,9,10,1 10,1 5 6
|   |   |   |   | 5 | 6 |   |   |   | 10 |,0.0169753,17.5216,N/A,N/A,N/A,N/A,5,6,N/A,N/A,N/A,10,5 6,N/A
| 1 |   |   |   | 5 | 6 |   | 8 |   |   |,0.0585348,12.0005,N/A,N/A,N/A,N/A,5,6,1 6,8,1 8,N/A,5 6,1 5 6
|   |   |   |   | 5 | 6 |   | 8 |   |   |,0.0282922,15.0204,N/A,N/A,N/A,N/A,5,6,N/A,8,N/A,N/A,5 6,N/A
| 1 |   |   |   | 5 | 6 |   | 8 |   | 10 |,0.020419,19.0706,N/A,N/A,N/A,N/A,5,6,1 6,8,1 8,10,1 10,1 5 6
| 1 |   |   |   | 5 | 6 |   | 8 | 9 |   |,0.0273015,17.8206,N/A,N/A,N/A,N/A,5,6,1 6,8,9,1 9,5 6,1 5 6
|   |   |   |   | 5 | 6 |   | 8 | 9 |   |,0.0108596,21.8996,N/A,N/A,N/A,N/A,5,6,N/A,8,9,N/A,5 6,N/A
| 1 |   |   |   | 5 | 6 |   | 8 | 9 | 10 |,0.010577,25.7537,N/A,N/A,N/A,N/A,5,6,1 6,8,9,10,1 10,1 5 6
|   |   |   |   | 5 | 6 |   |   | 9 | 10 |,0.00651578,24.579,N/A,N/A,N/A,N/A,5,6,N/A,N/A,9,10,5 6,N/A
| 1 |   |   |   | 5 | 6 | 7 |   |   |   |,0.0634002,12.1437,N/A,N/A,N/A,N/A,5,6,7,1 7,N/A,N/A,5 6,5 7
|   |   |   |   | 5 | 6 | 7 |   |   |   |,0.0416667,13.4784,N/A,N/A,N/A,N/A,5,6,7,N/A,N/A,N/A,5 6,5 7
| 1 |   |   |   | 5 | 6 | 7 |   |   | 10 |,0.0232982,19.3696,N/A,N/A,N/A,N/A,5,6,7,1 7,N/A,10,1 10,5 7
| 1 |   |   |   | 5 | 6 | 7 |   | 9 |   |,0.0366512,16.2885,N/A,N/A,N/A,N/A,5,6,7,1 7,9,1 9,5 6,5 7
|   |   |   |   | 5 | 6 | 7 |   | 9 |   |,0.0156036,20.1963,N/A,N/A,N/A,N/A,5,6,7,N/A,9,N/A,5 6,5 7
| 1 |   |   |   | 5 | 6 | 7 |   | 9 | 10 |,0.0139151,24.1939,N/A,N/A,N/A,N/A,5,6,7,1 7,9,10,1 10,5 7
|   |   |   |   | 5 | 6 | 7 |   |   | 10 |,0.0117027,21.6289,N/A,N/A,N/A,N/A,5,6,7,N/A,N/A,10,5 6,5 7
| 1 |   |   |   | 5 | 6 | 7 | 8 |   |   |,0.040002,16.4972,N/A,N/A,N/A,N/A,5,6,7,8,1 8,N/A,5 6,5 7
|   |   |   |   | 5 | 6 | 7 | 8 |   |   |,0.0195045,18.8558,N/A,N/A,N/A,N/A,5,6,7,8,N/A,N/A,5 6,5 7
| 1 |   |   |   | 5 | 6 | 7 | 8 |   | 10 |,0.0178041,22.5366,N/A,N/A,N/A,N/A,5,6,7,8,1 8,10,1 10,5 7
| 1 |   |   |   | 5 | 6 | 7 | 8 | 9 |   |,0.0236308,21.294,N/A,N/A,N/A,N/A,5,6,7,8,9,1 9,5 6,5 7
|   |   |   |   | 5 | 6 | 7 | 8 | 9 |   |,0.00962125,24.7111,N/A,N/A,N/A,N/A,5,6,7,8,9,N/A,5 6,5 7
| 1 |   |   |   | 5 | 6 | 7 | 8 | 9 | 10 |,0.0110452,28.5672,N/A,N/A,N/A,N/A,5,6,7,8,9,10,1 10,5 7
|   |   |   |   |   | 6 |   | 8 |   | 10 |,0.00964506,20.4815,N/A,N/A,N/A,N/A,N/A,6,N/A,8,N/A,10,N/A,N/A
|   |   |   |   |   | 6 |   | 8 | 9 | 10 |,0.00428669,27.544,N/A,N/A,N/A,N/A,N/A,6,N/A,8,9,10,N/A,N/A
|   |   |   |   |   | 6 | 7 |   | 9 | 10 |,0.00514403,26.3531,N/A,N/A,N/A,N/A,N/A,6,7,N/A,9,10,N/A,N/A
|   |   |   |   |   | 6 | 7 | 8 |   | 10 |,0.00643004,25.0605,N/A,N/A,N/A,N/A,N/A,6,7,8,N/A,10,N/A,N/A
|   |   |   |   |   | 6 | 7 | 8 | 9 | 10 |,0.00357225,31.3321,N/A,N/A,N/A,N/A,N/A,6,7,8,9,10,N/A,N/A
| 1 |   |   | 4 |   |   |   |   |   |   |,0.125,4.09722,N/A,N/A,N/A,4,1 4,N/A,N/A,N/A,N/A,N/A,N/A,N/A
|   |   |   | 4 |   |   |   |   |   |   |,0.0833333,3.66667,N/A,N/A,N/A,4,N/A,N/A,N/A,N/A,N/A,N/A,N/A,N/A
| 1 |   |   | 4 |   |   |   |   |   | 10 |,0.0300926,12.3588,N/A,N/A,N/A,4,1 4,N/A,N/A,N/A,N/A,10,1 10,N/A
| 1 |   |   | 4 |   |   |   |   | 9 |   |,0.0416667,10.8843,N/A,N/A,N/A,4,1 4,N/A,N/A,N/A,9,1 9,N/A,N/A
|   |   |   | 4 |   |   |   |   | 9 |   |,0.0185185,11.5463,N/A,N/A,N/A,4,N/A,N/A,N/A,N/A,9,N/A,N/A,N/A
| 1 |   |   | 4 |   |   |   |   | 9 | 10 |,0.011767,19.5748,N/A,N/A,N/A,4,1 4,N/A,N/A,N/A,9,10,1 10,N/A
|   |   |   | 4 |   |   |   |   |   | 10 |,0.0138889,12.7361,N/A,N/A,N/A,4,N/A,N/A,N/A,N/A,N/A,10,N/A,N/A
| 1 |   |   | 4 |   |   |   | 8 |   |   |,0.0578704,9.1983,N/A,N/A,N/A,4,1 4,N/A,N/A,8,1 8,N/A,N/A,4 8
|   |   |   | 4 |   |   |   | 8 |   |   |,0.0509259,10.0833,N/A,N/A,N/A,4,N/A,N/A,N/A,8,N/A,N/A,N/A,4 8
| 1 |   |   | 4 |   |   |   | 8 |   | 10 |,0.0210262,16.6711,N/A,N/A,N/A,4,1 4,N/A,N/A,8,1 8,10,1 10,4 8
| 1 |   |   | 4 |   |   |   | 8 | 9 |   |,0.026106,16.209,N/A,N/A,N/A,4,1 4,N/A,N/A,8,9,1 9,N/A,4 8
|   |   |   | 4 |   |   |   | 8 | 9 |   |,0.0138889,17.5818,N/A,N/A,N/A,4,N/A,N/A,N/A,8,9,N/A,N/A,4 8
| 1 |   |   | 4 |   |   |   | 8 | 9 | 10 |,0.00943073,24.3447,N/A,N/A,N/A,4,1 4,N/A,N/A,8,9,10,1 10,4 8
|   |   |   | 4 |   |   |   |   | 9 | 10 |,0.00462963,20.4043,N/A,N/A,N/A,4,N/A,N/A,N/A,N/A,9,10,N/A,N/A
| 1 |   |   | 4 |   |   | 7 |   |   |   |,0.101852,7.36111,N/A,N/A,N/A,4,1 4,N/A,7,1 7,N/A,N/A,4 7,1 4 7
|   |   |   | 4 |   |   | 7 |   |   |   |,0.0833333,8.73611,N/A,N/A,N/A,4,N/A,N/A,7,N/A,N/A,N/A,4 7,N/A
| 1 |   |   | 4 |   |   | 7 |   |   | 10 |,0.029321,15.2944,N/A,N/A,N/A,4,1 4,N/A,7,1 7,N/A,10,1 10,1 4 7
| 1 |   |   | 4 |   |   | 7 |   | 9 |   |,0.0460391,12.8166,N/A,N/A,N/A,4,1 4,N/A,7,1 7,9,1 9,4 7,1 4 7
|   |   |   | 4 |   |   | 7 |   | 9 |   |,0.0216049,16.1343,N/A,N/A,N/A,4,N/A,N/A,7,N/A,9,N/A,4 7,N/A
| 1 |   |   | 4 |   |   | 7 |   | 9 | 10 |,0.0140175,21.2974,N/A,N/A,N/A,4,1 4,N/A,7,1 7,9,10,1 10,1 4 7
|   |   |   | 4 |   |   | 7 |   |   | 10 |,0.0162037,17.4236,N/A,N/A,N/A,4,N/A,N/A,7,N/A,N/A,10,4 7,N/A
| 1 |   |   | 4 |   |   | 7 | 8 |   |   |,0.0556199,12.5449,N/A,N/A,N/A,4,1 4,N/A,7,8,1 8,N/A,4 7,4 8
|   |   |   | 4 |   |   | 7 | 8 |   |   |,0.0362654,14.4977,N/A,N/A,N/A,4,N/A,N/A,7,8,N/A,N/A,4 7,4 8
| 1 |   |   | 4 |   |   | 7 | 8 |   | 10 |,0.0205761,19.674,N/A,N/A,N/A,4,1 4,N/A,7,8,1 8,10,1 10,4 8
| 1 |   |   | 4 |   |   | 7 | 8 | 9 |   |,0.0279492,18.4345,N/A,N/A,N/A,4,1 4,N/A,7,8,9,1 9,4 7,4 8
|   |   |   | 4 |   |   | 7 | 8 | 9 |   |,0.0133745,21.2784,N/A,N/A,N/A,4,N/A,N/A,7,8,9,N/A,4 7,4 8
| 1 |   |   | 4 |   |   | 7 | 8 | 9 | 10 |,0.0108418,26.5179,N/A,N/A,N/A,4,1 4,N/A,7,8,9,10,1 10,4 8
|   |   |   | 4 |   |   |   | 8 |   | 10 |,0.0104167,18.8511,N/A,N/A,N/A,4,N/A,N/A,N/A,8,N/A,10,N/A,4 8
|   |   |   | 4 |   |   |   | 8 | 9 | 10 |,0.00411523,26.0328,N/A,N/A,N/A,4,N/A,N/A,N/A,8,9,10,N/A,4 8
| 1 |   |   | 4 |   | 6 |   |   |   |   |,0.131944,6.21065,N/A,N/A,N/A,4,1 4,6,1 6,N/A,N/A,4 6,1 4 6,N/A
|   |   |   | 4 |   | 6 |   |   |   |   |,0.106481,7.88426,N/A,N/A,N/A,4,N/A,6,N/A,N/A,N/A,4 6,N/A,N/A
| 1 |   |   | 4 |   | 6 |   |   |   | 10 |,0.0298997,15.0334,N/A,N/A,N/A,4,1 4,6,1 6,N/A,N/A,10,1 10,N/A
| 1 |   |   | 4 |   | 6 |   |   | 9 |   |,0.0474537,12.6189,N/A,N/A,N/A,4,1 4,6,1 6,N/A,9,1 9,1 4 6,N/A
|   |   |   | 4 |   | 6 |   |   | 9 |   |,0.0262346,15.3076,N/A,N/A,N/A,4,N/A,6,N/A,N/A,9,4 6,N/A,N/A
| 1 |   |   | 4 |   | 6 |   |   | 9 | 10 |,0.013546,21.2579,N/A,N/A,N/A,4,1 4,6,1 6,N/A,9,10,1 10,N/A
|   |   |   | 4 |   | 6 |   |   |   | 10 |,0.0127315,17.4938,N/A,N/A,N/A,4,N/A,6,N/A,N/A,N/A,10,N/A,N/A
| 1 |   |   | 4 |   | 6 |   | 8 |   |   |,0.0821116,9.5188,N/A,N/A,N/A,4,1 4,6,1 6,8,1 8,4 6,1 4 6,4 8
|   |   |   | 4 |   | 6 |   | 8 |   |   |,0.0405093,13.6952,N/A,N/A,N/A,4,N/A,6,N/A,8,N/A,4 6,N/A,4 8
| 1 |   |   | 4 |   | 6 |   | 8 |   | 10 |,0.0239733,17.5315,N/A,N/A,N/A,4,1 4,6,1 6,8,1 8,10,1 10,4 8
| 1 |   |   | 4 |   | 6 |   | 8 | 9 |   |,0.032686,16.1297,N/A,N/A,N/A,4,1 4,6,1 6,8,9,1 9,1 4 6,4 8
|   |   |   | 4 |   | 6 |   | 8 | 9 |   |,0.0145748,20.5173,N/A,N/A,N/A,4,N/A,6,N/A,8,9,4 6,N/A,4 8
| 1 |   |   | 4 |   | 6 |   | 8 | 9 | 10 |,0.01207,23.9374,N/A,N/A,N/A,4,1 4,6,1 6,8,9,10,1 10,4 8
|   |   |   | 4 |   | 6 |   |   | 9 | 10 |,0.00488683,24.7764,N/A,N/A,N/A,4,N/A,6,N/A,N/A,9,10,N/A,N/A
| 1 |   |   | 4 |   | 6 | 7 |   |   |   |,0.090535,9.57883,N/A,N/A,N/A,4,1 4,6,7,1 7,N/A,4 6,4 7,1 4 7
|   |   |   | 4 |   | 6 | 7 |   |   |   |,0.054784,12.2199,N/A,N/A,N/A,4,N/A,6,7,N/A,N/A,4 6,4 7,N/A
| 1 |   |   | 4 |   | 6 | 7 |   |   | 10 |,0.0255273,17.9802,N/A,N/A,N/A,4,1 4,6,7,1 7,N/A,10,1 10,1 4 7
| 1 |   |   | 4 |   | 6 | 7 |   | 9 |   |,0.0417953,14.6525,N/A,N/A,N/A,4,1 4,6,7,1 7,9,1 9,4 7,1 4 7
|   |   |   | 4 |   | 6 | 7 |   | 9 |   |,0.0195473,18.8903,N/A,N/A,N/A,4,N/A,6,7,N/A,9,4 6,4 7,N/A
| 1 |   |   | 4 |   | 6 | 7 |   | 9 | 10 |,0.0142068,22.7831,N/A,N/A,N/A,4,1 4,6,7,1 7,9,10,1 10,1 4 7
|   |   |   | 4 |   | 6 | 7 |   |   | 10 |,0.0111883,21.5029,N/A,N/A,N/A,4,N/A,6,7,N/A,N/A,10,4 7,N/A
| 1 |   |   | 4 |   | 6 | 7 | 8 |   |   |,0.0574417,13.194,N/A,N/A,N/A,4,1 4,6,7,8,1 8,4 6,4 7,4 8
|   |   |   | 4 |   | 6 | 7 | 8 |   |   |,0.0282922,17.0184,N/A,N/A,N/A,4,N/A,6,7,8,N/A,4 6,4 7,4 8
| 1 |   |   | 4 |   | 6 | 7 | 8 |   | 10 |,0.0208637,20.7007,N/A,N/A,N/A,4,1 4,6,7,8,1 8,10,1 10,4 8
| 1 |   |   | 4 |   | 6 | 7 | 8 | 9 |   |,0.0292996,18.9111,N/A,N/A,N/A,4,1 4,6,7,8,9,1 9,4 7,4 8
|   |   |   | 4 |   | 6 | 7 | 8 | 9 |   |,0.0132888,22.68,N/A,N/A,N/A,4,N/A,6,7,8,9,4 6,4 7,4 8
| 1 |   |   | 4 |   | 6 | 7 | 8 | 9 | 10 |,0.0125445,26.296,N/A,N/A,N/A,4,1 4,6,7,8,9,10,1 10,4 8
|   |   |   | 4 |   |   | 7 |   | 9 | 10 |,0.00617284,24.4761,N/A,N/A,N/A,4,N/A,N/A,7,N/A,9,10,4 7,N/A
|   |   |   | 4 |   |   | 7 | 8 |   | 10 |,0.0100309,22.6994,N/A,N/A,N/A,4,N/A,N/A,7,8,N/A,10,4 7,4 8
|   |   |   | 4 |   |   | 7 | 8 | 9 | 10 |,0.00488683,28.943,N/A,N/A,N/A,4,N/A,N/A,7,8,9,10,4 7,4 8
| 1 |   |   | 4 | 5 |   |   |   |   |   |,0.140432,6.16204,N/A,N/A,N/A,4,5,1 5,N/A,N/A,4 5,1 4 5,N/A,N/A
|   |   |   | 4 | 5 |   |   |   |   |   |,0.12963,7.02778,N/A,N/A,N/A,4,5,N/A,N/A,N/A,4 5,N/A,N/A,N/A
| 1 |   |   | 4 | 5 |   |   |   |   | 10 |,0.035108,14.5013,N/A,N/A,N/A,4,5,1 5,N/A,N/A,4 5,10,1 10,N/A
| 1 |   |   | 4 | 5 |   |   |   | 9 |   |,0.0380658,13.9914,N/A,N/A,N/A,4,5,1 5,N/A,N/A,9,1 9,N/A,N/A
|   |   |   | 4 | 5 |   |   |   | 9 |   |,0.0185185,15.5864,N/A,N/A,N/A,4,5,N/A,N/A,N/A,9,N/A,N/A,N/A
| 1 |   |   | 4 | 5 |   |   |   | 9 | 10 |,0.0113169,22.3856,N/A,N/A,N/A,4,5,1 5,N/A,N/A,9,10,1 10,N/A
|   |   |   | 4 | 5 |   |   |   |   | 10 |,0.0231481,15.7531,N/A,N/A,N/A,4,5,N/A,N/A,N/A,4 5,10,N/A,N/A
| 1 |   |   | 4 | 5 |   |   | 8 |   |   |,0.0690586,11.0818,N/A,N/A,N/A,4,5,1 5,N/A,8,1 8,1 4 5,N/A,4 8
|   |   |   | 4 | 5 |   |   | 8 |   |   |,0.0447531,12.8853,N/A,N/A,N/A,4,5,N/A,N/A,8,4 5,N/A,N/A,4 8
| 1 |   |   | 4 | 5 |   |   | 8 |   | 10 |,0.022398,18.6641,N/A,N/A,N/A,4,5,1 5,N/A,8,1 8,10,1 10,4 8
| 1 |   |   | 4 | 5 |   |   | 8 | 9 |   |,0.0252058,18.4536,N/A,N/A,N/A,4,5,1 5,N/A,8,9,1 9,N/A,4 8
|   |   |   | 4 | 5 |   |   | 8 | 9 |   |,0.010631,21.165,N/A,N/A,N/A,4,5,N/A,N/A,8,9,N/A,N/A,4 8
| 1 |   |   | 4 | 5 |   |   | 8 | 9 | 10 |,0.00960934,26.0866,N/A,N/A,N/A,4,5,1 5,N/A,8,9,10,1 10,4 8
|   |   |   | 4 | 5 |   |   |   | 9 | 10 |,0.00514403,24.1836,N/A,N/A,N/A,4,5,N/A,N/A,N/A,9,10,N/A,N/A
| 1 |   |   | 4 | 5 |   | 7 |   |   |   |,0.116255,7.62757,N/A,N/A,N/A,4,5,1 5,7,1 7,4 5,1 4 5,4 7,5 7
|   |   |   | 4 | 5 |   | 7 |   |   |   |,0.0632716,11.0602,N/A,N/A,N/A,4,5,N/A,7,N/A,4 5,N/A,4 7,5 7
| 1 |   |   | 4 | 5 |   | 7 |   |   | 10 |,0.0363297,15.3727,N/A,N/A,N/A,4,5,1 5,7,1 7,4 5,10,1 10,5 7
| 1 |   |   | 4 | 5 |   | 7 |   | 9 |   |,0.0429098,14.1607,N/A,N/A,N/A,4,5,1 5,7,1 7,9,1 9,4 7,5 7
|   |   |   | 4 | 5 |   | 7 |   | 9 |   |,0.0159465,19.1581,N/A,N/A,N/A,4,5,N/A,7,N/A,9,N/A,4 7,5 7
| 1 |   |   | 4 | 5 |   | 7 |   | 9 | 10 |,0.0151249,22.1188,N/A,N/A,N/A,4,5,1 5,7,1 7,9,10,1 10,5 7
|   |   |   | 4 | 5 |   | 7 |   |   | 10 |,0.0165895,19.1476,N/A,N/A,N/A,4,5,N/A,7,N/A,4 5,10,4 7,5 7
| 1 |   |   | 4 | 5 |   | 7 | 8 |   |   |,0.0600137,12.5609,N/A,N/A,N/A,4,5,1 5,7,8,1 8,1 4 5,4 7,4 8
|   |   |   | 4 | 5 |   | 7 | 8 |   |   |,0.0308642,16.215,N/A,N/A,N/A,4,5,N/A,7,8,4 5,N/A,4 7,4 8
| 1 |   |   | 4 | 5 |   | 7 | 8 |   | 10 |,0.0235518,19.6476,N/A,N/A,N/A,4,5,1 5,7,8,1 8,10,1 10,4 8
| 1 |   |   | 4 | 5 |   | 7 | 8 | 9 |   |,0.0290042,18.558,N/A,N/A,N/A,4,5,1 5,7,8,9,1 9,4 7,4 8
|   |   |   | 4 | 5 |   | 7 | 8 | 9 |   |,0.0107739,23.8411,N/A,N/A,N/A,4,5,N/A,7,8,9,N/A,4 7,4 8
| 1 |   |   | 4 | 5 |   | 7 | 8 | 9 | 10 |,0.012541,25.8922,N/A,N/A,N/A,4,5,1 5,7,8,9,10,1 10,4 8
|   |   |   | 4 | 5 |   |   | 8 |   | 10 |,0.0118313,21.149,N/A,N/A,N/A,4,5,N/A,N/A,8,4 5,10,N/A,4 8
|   |   |   | 4 | 5 |   |   | 8 | 9 | 10 |,0.00382945,29.2054,N/A,N/A,N/A,4,5,N/A,N/A,8,9,10,N/A,4 8
| 1 |   |   | 4 | 5 | 6 |   |   |   |   |,0.107446,8.20276,N/A,N/A,N/A,4,5,6,1 6,N/A,4 5,4 6,5 6,1 5 6
|   |   |   | 4 | 5 | 6 |   |   |   |   |,0.066358,9.98611,N/A,N/A,N/A,4,5,6,N/A,N/A,4 5,4 6,5 6,N/A
| 1 |   |   | 4 | 5 | 6 |   |   |   | 10 |,0.0327289,16.4606,N/A,N/A,N/A,4,5,6,1 6,N/A,4 5,10,1 10,1 5 6
| 1 |   |   | 4 | 5 | 6 |   |   | 9 |   |,0.0377515,15.3002,N/A,N/A,N/A,4,5,6,1 6,N/A,9,1 9,5 6,1 5 6
|   |   |   | 4 | 5 | 6 |   |   | 9 |   |,0.0178326,17.9921,N/A,N/A,N/A,4,5,6,N/A,N/A,9,4 6,5 6,N/A
| 1 |   |   | 4 | 5 | 6 |   |   | 9 | 10 |,0.013003,23.8026,N/A,N/A,N/A,4,5,6,1 6,N/A,9,10,1 10,1 5 6
|   |   |   | 4 | 5 | 6 |   |   |   | 10 |,0.0149177,19.1202,N/A,N/A,N/A,4,5,6,N/A,N/A,4 5,10,5 6,N/A
| 1 |   |   | 4 | 5 | 6 |   | 8 |   |   |,0.0650006,11.5468,N/A,N/A,N/A,4,5,6,1 6,8,1 8,4 6,5 6,4 8
|   |   |   | 4 | 5 | 6 |   | 8 |   |   |,0.0343793,14.7427,N/A,N/A,N/A,4,5,6,N/A,8,4 5,4 6,5 6,4 8
| 1 |   |   | 4 | 5 | 6 |   | 8 |   | 10 |,0.0237834,19.1249,N/A,N/A,N/A,4,5,6,1 6,8,1 8,10,1 10,4 8
| 1 |   |   | 4 | 5 | 6 |   | 8 | 9 |   |,0.0292297,18.0323,N/A,N/A,N/A,4,5,6,1 6,8,9,1 9,5 6,4 8
|   |   |   | 4 | 5 | 6 |   | 8 | 9 |   |,0.0125553,22.1608,N/A,N/A,N/A,4,5,6,N/A,8,9,4 6,5 6,4 8
| 1 |   |   | 4 | 5 | 6 |   | 8 | 9 | 10 |,0.0121663,25.6622,N/A,N/A,N/A,4,5,6,1 6,8,9,10,1 10,4 8
|   |   |   | 4 | 5 | 6 |   |   | 9 | 10 |,0.00520119,27.0841,N/A,N/A,N/A,4,5,6,N/A,N/A,9,10,5 6,N/A
| 1 |   |   | 4 | 5 | 6 | 7 |   |   |   |,0.0833119,10.2349,N/A,N/A,N/A,4,5,6,7,1 7,4 5,4 6,4 7,5 7
|   |   |   | 4 | 5 | 6 | 7 |   |   |   |,0.0477109,13.2789,N/A,N/A,N/A,4,5,6,7,N/A,4 5,4 6,4 7,5 7
| 1 |   |   | 4 | 5 | 6 | 7 |   |   | 10 |,0.0306892,17.845,N/A,N/A,N/A,4,5,6,7,1 7,4 5,10,1 10,5 7
| 1 |   |   | 4 | 5 | 6 | 7 |   | 9 |   |,0.0395162,16.0172,N/A,N/A,N/A,4,5,6,7,1 7,9,1 9,4 7,5 7
|   |   |   | 4 | 5 | 6 | 7 |   | 9 |   |,0.0174897,20.5581,N/A,N/A,N/A,4,5,6,7,N/A,9,4 6,4 7,5 7
| 1 |   |   | 4 | 5 | 6 | 7 |   | 9 | 10 |,0.0157792,23.8986,N/A,N/A,N/A,4,5,6,7,1 7,9,10,1 10,5 7
|   |   |   | 4 | 5 | 6 | 7 |   |   | 10 |,0.0135674,21.8654,N/A,N/A,N/A,4,5,6,7,N/A,4 5,10,4 7,5 7
| 1 |   |   | 4 | 5 | 6 | 7 | 8 |   |   |,0.054778,14.1208,N/A,N/A,N/A,4,5,6,7,8,1 8,4 6,4 7,4 8
|   |   |   | 4 | 5 | 6 | 7 | 8 |   |   |,0.0282136,16.9188,N/A,N/A,N/A,4,5,6,7,8,4 5,4 6,4 7,4 8
| 1 |   |   | 4 | 5 | 6 | 7 | 8 |   | 10 |,0.0235861,21.0738,N/A,N/A,N/A,4,5,6,7,8,1 8,10,1 10,4 8
| 1 |   |   | 4 | 5 | 6 | 7 | 8 | 9 |   |,0.0305855,19.4379,N/A,N/A,N/A,4,5,6,7,8,9,1 9,4 7,4 8
|   |   |   | 4 | 5 | 6 | 7 | 8 | 9 |   |,0.0132538,23.2407,N/A,N/A,N/A,4,5,6,7,8,9,4 6,4 7,4 8
| 1 |   |   | 4 | 5 | 6 | 7 | 8 | 9 | 10 |,0.0145677,26.586,N/A,N/A,N/A,4,5,6,7,8,9,10,1 10,4 8
|   |   |   |   | 5 |   | 7 |   | 9 | 10 |,0.00565844,25.4213,N/A,N/A,N/A,N/A,5,N/A,7,N/A,9,10,N/A,5 7
|   |   |   |   | 5 |   | 7 | 8 |   | 10 |,0.00707305,24.1343,N/A,N/A,N/A,N/A,5,N/A,7,8,N/A,10,N/A,5 7
|   |   |   |   | 5 |   | 7 | 8 | 9 | 10 |,0.00371513,30.4534,N/A,N/A,N/A,N/A,5,N/A,7,8,9,10,N/A,5 7
|   |   |   |   | 5 | 6 |   | 8 |   | 10 |,0.00814472,23.2987,N/A,N/A,N/A,N/A,5,6,N/A,8,N/A,10,5 6,N/A
|   |   |   |   | 5 | 6 |   | 8 | 9 | 10 |,0.00409617,29.6651,N/A,N/A,N/A,N/A,5,6,N/A,8,9,10,5 6,N/A
|   |   |   |   | 5 | 6 | 7 |   | 9 | 10 |,0.00577275,27.7833,N/A,N/A,N/A,N/A,5,6,7,N/A,9,10,5 6,5 7
|   |   |   |   | 5 | 6 | 7 | 8 |   | 10 |,0.00721594,26.3306,N/A,N/A,N/A,N/A,5,6,7,8,N/A,10,5 6,5 7
|   |   |   |   | 5 | 6 | 7 | 8 | 9 | 10 |,0.00440577,31.3167,N/A,N/A,N/A,N/A,5,6,7,8,9,10,5 6,5 7
| 1 |   | 3 |   |   |   |   |   |   |   |,0.0925926,3.49074,N/A,N/A,3,1 3,N/A,N/A,N/A,N/A,N/A,N/A,N/A,N/A
|   |   | 3 |   |   |   |   |   |   |   |,0.0555556,2.83333,N/A,N/A,3,N/A,N/A,N/A,N/A,N/A,N/A,N/A,N/A,N/A
| 1 |   | 3 |   |   |   |   |   |   | 10 |,0.0216049,11.8534,N/A,N/A,3,1 3,N/A,N/A,N/A,N/A,N/A,10,1 10,N/A
| 1 |   | 3 |   |   |   |   |   | 9 |   |,0.034465,10.072,N/A,N/A,3,1 3,N/A,N/A,N/A,N/A,9,1 9,N/A,3 9
|   |   | 3 |   |   |   |   |   | 9 |   |,0.0401235,10.4259,N/A,N/A,3,N/A,N/A,N/A,N/A,N/A,9,N/A,N/A,3 9
| 1 |   | 3 |   |   |   |   |   | 9 | 10 |,0.0122171,18.7879,N/A,N/A,3,1 3,N/A,N/A,N/A,N/A,9,10,1 10,3 9
|   |   | 3 |   |   |   |   |   |   | 10 |,0.00925926,11.9398,N/A,N/A,3,N/A,N/A,N/A,N/A,N/A,N/A,10,N/A,N/A
| 1 |   | 3 |   |   |   |   | 8 |   |   |,0.0751029,8.13477,N/A,N/A,3,1 3,N/A,N/A,N/A,8,1 8,N/A,3 8,1 3 8
|   |   | 3 |   |   |   |   | 8 |   |   |,0.0709877,9.02623,N/A,N/A,3,N/A,N/A,N/A,N/A,8,N/A,N/A,3 8,N/A
| 1 |   | 3 |   |   |   |   | 8 |   | 10 |,0.0205761,16.3336,N/A,N/A,3,1 3,N/A,N/A,N/A,8,1 8,10,1 10,1 3 8
| 1 |   | 3 |   |   |   |   | 8 | 9 |   |,0.0332647,15.0544,N/A,N/A,3,1 3,N/A,N/A,N/A,8,9,1 9,3 8,3 9
|   |   | 3 |   |   |   |   | 8 | 9 |   |,0.0252058,16.1216,N/A,N/A,3,N/A,N/A,N/A,N/A,8,9,N/A,3 8,3 9
| 1 |   | 3 |   |   |   |   | 8 | 9 | 10 |,0.0105381,23.9987,N/A,N/A,3,1 3,N/A,N/A,N/A,8,9,10,1 10,3 9
|   |   | 3 |   |   |   |   |   | 9 | 10 |,0.00771605,19.2829,N/A,N/A,3,N/A,N/A,N/A,N/A,N/A,9,10,N/A,3 9
| 1 |   | 3 |   |   |   | 7 |   |   |   |,0.115741,6.43056,N/A,N/A,3,1 3,N/A,N/A,7,1 7,N/A,3 7,1 3 7,N/A
|   |   | 3 |   |   |   | 7 |   |   |   |,0.101852,7.74074,N/A,N/A,3,N/A,N/A,N/A,7,N/A,N/A,3 7,N/A,N/A
| 1 |   | 3 |   |   |   | 7 |   |   | 10 |,0.0250772,15.3391,N/A,N/A,3,1 3,N/A,N/A,7,1 7,N/A,10,1 10,N/A
| 1 |   | 3 |   |   |   | 7 |   | 9 |   |,0.0501543,12.4441,N/A,N/A,3,1 3,N/A,N/A,7,1 7,9,1 9,1 3 7,3 9
|   |   | 3 |   |   |   | 7 |   | 9 |   |,0.0339506,14.7341,N/A,N/A,3,N/A,N/A,N/A,7,N/A,9,3 7,N/A,3 9
| 1 |   | 3 |   |   |   | 7 |   | 9 | 10 |,0.0150677,21.0721,N/A,N/A,3,1 3,N/A,N/A,7,1 7,9,10,1 10,3 9
|   |   | 3 |   |   |   | 7 |   |   | 10 |,0.0115741,17.3441,N/A,N/A,3,N/A,N/A,N/A,7,N/A,N/A,10,N/A,N/A
| 1 |   | 3 |   |   |   | 7 | 8 |   |   |,0.0724023,11.1306,N/A,N/A,3,1 3,N/A,N/A,7,8,1 8,3 7,3 8,1 3 8
|   |   | 3 |   |   |   | 7 | 8 |   |   |,0.0493827,13.1651,N/A,N/A,3,N/A,N/A,N/A,7,8,N/A,3 7,3 8,N/A
| 1 |   | 3 |   |   |   | 7 | 8 |   | 10 |,0.0200296,19.7245,N/A,N/A,3,1 3,N/A,N/A,7,8,1 8,10,1 10,1 3 8
| 1 |   | 3 |   |   |   | 7 | 8 | 9 |   |,0.0328218,18.0452,N/A,N/A,3,1 3,N/A,N/A,7,8,9,1 9,3 8,3 9
|   |   | 3 |   |   |   | 7 | 8 | 9 |   |,0.0211763,19.3549,N/A,N/A,3,N/A,N/A,N/A,7,8,9,3 7,3 8,3 9
| 1 |   | 3 |   |   |   | 7 | 8 | 9 | 10 |,0.0116527,26.6211,N/A,N/A,3,1 3,N/A,N/A,7,8,9,10,1 10,3 9
|   |   | 3 |   |   |   |   | 8 |   | 10 |,0.0131173,17.8002,N/A,N/A,3,N/A,N/A,N/A,N/A,8,N/A,10,3 8,N/A
|   |   | 3 |   |   |   |   | 8 | 9 | 10 |,0.00673011,24.5135,N/A,N/A,3,N/A,N/A,N/A,N/A,8,9,10,3 8,3 9
| 1 |   | 3 |   |   | 6 |   |   |   |   |,0.146091,5.3678,N/A,N/A,3,1 3,N/A,6,1 6,N/A,3 6,1 3 6,N/A,N/A
|   |   | 3 |   |   | 6 |   |   |   |   |,0.126543,6.93056,N/A,N/A,3,N/A,N/A,6,N/A,N/A,3 6,N/A,N/A,N/A
| 1 |   | 3 |   |   | 6 |   |   |   | 10 |,0.0360082,13.5411,N/A,N/A,3,1 3,N/A,6,1 6,N/A,3 6,10,1 10,N/A
| 1 |   | 3 |   |   | 6 |   |   | 9 |   |,0.0497257,12.4961,N/A,N/A,3,1 3,N/A,6,1 6,N/A,9,1 9,N/A,3 9
|   |   | 3 |   |   | 6 |   |   | 9 |   |,0.0252058,15.0802,N/A,N/A,3,N/A,N/A,6,N/A,N/A,9,N/A,N/A,3 9
| 1 |   | 3 |   |   | 6 |   |   | 9 | 10 |,0.0155107,20.535,N/A,N/A,3,1 3,N/A,6,1 6,N/A,9,10,1 10,3 9
|   |   | 3 |   |   | 6 |   |   |   | 10 |,0.0223765,15.6515,N/A,N/A,3,N/A,N/A,6,N/A,N/A,3 6,10,N/A,N/A
| 1 |   | 3 |   |   | 6 |   | 8 |   |   |,0.0904492,9.18343,N/A,N/A,3,1 3,N/A,6,1 6,8,1 8,1 3 6,3 8,1 3 8
|   |   | 3 |   |   | 6 |   | 8 |   |   |,0.0527263,12.4234,N/A,N/A,3,N/A,N/A,6,N/A,8,3 6,N/A,3 8,N/A
| 1 |   | 3 |   |   | 6 |   | 8 |   | 10 |,0.0259631,17.2558,N/A,N/A,3,1 3,N/A,6,1 6,8,1 8,10,1 10,1 3 8
| 1 |   | 3 |   |   | 6 |   | 8 | 9 |   |,0.0389922,15.7666,N/A,N/A,3,1 3,N/A,6,1 6,8,9,1 9,3 8,3 9
|   |   | 3 |   |   | 6 |   | 8 | 9 |   |,0.0163609,20.104,N/A,N/A,3,N/A,N/A,6,N/A,8,9,N/A,3 8,3 9
| 1 |   | 3 |   |   | 6 |   | 8 | 9 | 10 |,0.0135678,23.9003,N/A,N/A,3,1 3,N/A,6,1 6,8,9,10,1 10,3 9
|   |   | 3 |   |   | 6 |   |   | 9 | 10 |,0.00673011,23.6045,N/A,N/A,3,N/A,N/A,6,N/A,N/A,9,10,N/A,3 9
| 1 |   | 3 |   |   | 6 | 7 |   |   |   |,0.108025,8.37174,N/A,N/A,3,1 3,N/A,6,7,1 7,3 6,3 7,1 3 7,N/A
|   |   | 3 |   |   | 6 | 7 |   |   |   |,0.0679012,11.0144,N/A,N/A,3,N/A,N/A,6,7,N/A,3 6,3 7,N/A,N/A
| 1 |   | 3 |   |   | 6 | 7 |   |   | 10 |,0.0329325,16.472,N/A,N/A,3,1 3,N/A,6,7,1 7,3 6,10,1 10,N/A
| 1 |   | 3 |   |   | 6 | 7 |   | 9 |   |,0.0434885,14.7416,N/A,N/A,3,1 3,N/A,6,7,1 7,9,1 9,1 3 7,3 9
|   |   | 3 |   |   | 6 | 7 |   | 9 |   |,0.0211763,18.5786,N/A,N/A,3,N/A,N/A,6,7,N/A,9,3 7,N/A,3 9
| 1 |   | 3 |   |   | 6 | 7 |   | 9 | 10 |,0.0159846,22.7058,N/A,N/A,3,1 3,N/A,6,7,1 7,9,10,1 10,3 9
|   |   | 3 |   |   | 6 | 7 |   |   | 10 |,0.0147248,20.2067,N/A,N/A,3,N/A,N/A,6,7,N/A,3 6,10,N/A,N/A
| 1 |   | 3 |   |   | 6 | 7 | 8 |   |   |,0.0637789,12.9057,N/A,N/A,3,1 3,N/A,6,7,8,1 8,3 7,3 8,1 3 8
|   |   | 3 |   |   | 6 | 7 | 8 |   |   |,0.0370799,15.3157,N/A,N/A,3,N/A,N/A,6,7,8,3 6,3 7,3 8,N/A
| 1 |   | 3 |   |   | 6 | 7 | 8 |   | 10 |,0.022498,20.7921,N/A,N/A,3,1 3,N/A,6,7,8,1 8,10,1 10,1 3 8
| 1 |   | 3 |   |   | 6 | 7 | 8 | 9 |   |,0.0321772,19.1127,N/A,N/A,3,1 3,N/A,6,7,8,9,1 9,3 8,3 9
|   |   | 3 |   |   | 6 | 7 | 8 | 9 |   |,0.0156702,22.0383,N/A,N/A,3,N/A,N/A,6,7,8,9,3 7,3 8,3 9
| 1 |   | 3 |   |   | 6 | 7 | 8 | 9 | 10 |,0.0134435,26.9246,N/A,N/A,3,1 3,N/A,6,7,8,9,10,1 10,3 9
|   |   | 3 |   |   |   | 7 |   | 9 | 10 |,0.00668724,24.124,N/A,N/A,3,N/A,N/A,N/A,7,N/A,9,10,N/A,3 9
|   |   | 3 |   |   |   | 7 | 8 |   | 10 |,0.0100952,22.4596,N/A,N/A,3,N/A,N/A,N/A,7,8,N/A,10,3 8,N/A
|   |   | 3 |   |   |   | 7 | 8 | 9 | 10 |,0.00605853,28.2757,N/A,N/A,3,N/A,N/A,N/A,7,8,9,10,3 8,3 9
| 1 |   | 3 |   | 5 |   |   |   |   |   |,0.170267,4.77263,N/A,N/A,3,1 3,5,1 5,N/A,3 5,1 3 5,N/A,N/A,N/A
|   |   | 3 |   | 5 |   |   |   |   |   |,0.151235,6.11728,N/A,N/A,3,N/A,5,N/A,N/A,3 5,N/A,N/A,N/A,N/A
| 1 |   | 3 |   | 5 |   |   |   |   | 10 |,0.0488683,12.1094,N/A,N/A,3,1 3,5,1 5,N/A,3 5,1 3 5,10,1 10,N/A
| 1 |   | 3 |   | 5 |   |   |   | 9 |   |,0.0644719,11.013,N/A,N/A,3,1 3,5,1 5,N/A,3 5,9,1 9,N/A,3 9
|   |   | 3 |   | 5 |   |   |   | 9 |   |,0.0411523,13.1989,N/A,N/A,3,N/A,5,N/A,N/A,3 5,9,N/A,N/A,3 9
| 1 |   | 3 |   | 5 |   |   |   | 9 | 10 |,0.0210548,18.8035,N/A,N/A,3,1 3,5,1 5,N/A,3 5,9,10,1 10,3 9
|   |   | 3 |   | 5 |   |   |   |   | 10 |,0.0262346,14.858,N/A,N/A,3,N/A,5,N/A,N/A,3 5,N/A,10,N/A,N/A
| 1 |   | 3 |   | 5 |   |   | 8 |   |   |,0.0768604,10.0759,N/A,N/A,3,1 3,5,1 5,N/A,8,1 8,N/A,3 8,1 3 8
|   |   | 3 |   | 5 |   |   | 8 |   |   |,0.0367798,12.9402,N/A,N/A,3,N/A,5,N/A,N/A,8,N/A,N/A,3 8,N/A
| 1 |   | 3 |   | 5 |   |   | 8 |   | 10 |,0.0246521,17.4176,N/A,N/A,3,1 3,5,1 5,N/A,8,1 8,10,1 10,1 3 8
| 1 |   | 3 |   | 5 |   |   | 8 | 9 |   |,0.0349532,16.0778,N/A,N/A,3,1 3,5,1 5,N/A,8,9,1 9,3 8,3 9
|   |   | 3 |   | 5 |   |   | 8 | 9 |   |,0.0154035,19.5878,N/A,N/A,3,N/A,5,N/A,N/A,8,9,N/A,3 8,3 9
| 1 |   | 3 |   | 5 |   |   | 8 | 9 | 10 |,0.0129859,24.1593,N/A,N/A,3,1 3,5,1 5,N/A,8,9,10,1 10,3 9
|   |   | 3 |   | 5 |   |   |   | 9 | 10 |,0.010631,21.5482,N/A,N/A,3,N/A,5,N/A,N/A,3 5,9,10,N/A,3 9
| 1 |   | 3 |   | 5 |   | 7 |   |   |   |,0.127058,6.52323,N/A,N/A,3,1 3,5,1 5,7,1 7,1 3 5,3 7,1 3 7,5 7
|   |   | 3 |   | 5 |   | 7 |   |   |   |,0.0740741,9.92901,N/A,N/A,3,N/A,5,N/A,7,3 5,N/A,3 7,N/A,5 7
| 1 |   | 3 |   | 5 |   | 7 |   |   | 10 |,0.0374443,14.3733,N/A,N/A,3,1 3,5,1 5,7,1 7,1 3 5,10,1 10,5 7
| 1 |   | 3 |   | 5 |   | 7 |   | 9 |   |,0.0547697,12.4389,N/A,N/A,3,1 3,5,1 5,7,1 7,9,1 9,1 3 7,3 9
|   |   | 3 |   | 5 |   | 7 |   | 9 |   |,0.0288923,16.3964,N/A,N/A,3,N/A,5,N/A,7,3 5,9,3 7,N/A,3 9
| 1 |   | 3 |   | 5 |   | 7 |   | 9 | 10 |,0.0201034,20.0609,N/A,N/A,3,1 3,5,1 5,7,1 7,9,10,1 10,3 9
|   |   | 3 |   | 5 |   | 7 |   |   | 10 |,0.0167181,19.0517,N/A,N/A,3,N/A,5,N/A,7,3 5,N/A,10,N/A,5 7
| 1 |   | 3 |   | 5 |   | 7 | 8 |   |   |,0.0705804,11.0454,N/A,N/A,3,1 3,5,1 5,7,8,1 8,3 7,3 8,1 3 8
|   |   | 3 |   | 5 |   | 7 | 8 |   |   |,0.0313357,15.905,N/A,N/A,3,N/A,5,N/A,7,8,N/A,3 7,3 8,5 7
| 1 |   | 3 |   | 5 |   | 7 | 8 |   | 10 |,0.0245104,18.6926,N/A,N/A,3,1 3,5,1 5,7,8,1 8,10,1 10,1 3 8
| 1 |   | 3 |   | 5 |   | 7 | 8 | 9 |   |,0.0362928,16.6767,N/A,N/A,3,1 3,5,1 5,7,8,9,1 9,3 8,3 9
|   |   | 3 |   | 5 |   | 7 | 8 | 9 |   |,0.0154678,21.6654,N/A,N/A,3,N/A,5,N/A,7,8,9,3 7,3 8,3 9
| 1 |   | 3 |   | 5 |   | 7 | 8 | 9 | 10 |,0.015165,24.1121,N/A,N/A,3,1 3,5,1 5,7,8,9,10,1 10,3 9
|   |   | 3 |   | 5 |   |   | 8 |   | 10 |,0.00962363,21.4178,N/A,N/A,3,N/A,5,N/A,N/A,8,N/A,10,3 8,N/A
|   |   | 3 |   | 5 |   |   | 8 | 9 | 10 |,0.00532503,27.5386,N/A,N/A,3,N/A,5,N/A,N/A,8,9,10,3 8,3 9
| 1 |   | 3 |   | 5 | 6 |   |   |   |   |,0.13756,5.71909,N/A,N/A,3,1 3,5,6,1 6,3 5,3 6,1 3 6,5 6,1 5 6
|   |   | 3 |   | 5 | 6 |   |   |   |   |,0.0745885,8.92353,N/A,N/A,3,N/A,5,6,N/A,3 5,3 6,N/A,5 6,N/A
| 1 |   | 3 |   | 5 | 6 |   |   |   | 10 |,0.0448745,13.2333,N/A,N/A,3,1 3,5,6,1 6,3 5,3 6,10,1 10,1 5 6
| 1 |   | 3 |   | 5 | 6 |   |   | 9 |   |,0.0609877,11.6427,N/A,N/A,3,1 3,5,6,1 6,3 5,9,1 9,5 6,3 9
|   |   | 3 |   | 5 | 6 |   |   | 9 |   |,0.0269776,16.3288,N/A,N/A,3,N/A,5,6,N/A,3 5,9,N/A,5 6,3 9
| 1 |   | 3 |   | 5 | 6 |   |   | 9 | 10 |,0.0226941,19.2683,N/A,N/A,3,1 3,5,6,1 6,3 5,9,10,1 10,3 9
|   |   | 3 |   | 5 | 6 |   |   |   | 10 |,0.0190758,16.9783,N/A,N/A,3,N/A,5,6,N/A,3 5,3 6,10,5 6,N/A
| 1 |   | 3 |   | 5 | 6 |   | 8 |   |   |,0.070303,10.5358,N/A,N/A,3,1 3,5,6,1 6,8,1 8,1 3 6,3 8,1 3 8
|   |   | 3 |   | 5 | 6 |   | 8 |   |   |,0.0311285,15.5346,N/A,N/A,3,N/A,5,6,N/A,8,3 6,N/A,3 8,N/A
| 1 |   | 3 |   | 5 | 6 |   | 8 |   | 10 |,0.0261373,17.7759,N/A,N/A,3,1 3,5,6,1 6,8,1 8,10,1 10,1 3 8
| 1 |   | 3 |   | 5 | 6 |   | 8 | 9 |   |,0.0372167,16.124,N/A,N/A,3,1 3,5,6,1 6,8,9,1 9,3 8,3 9
|   |   | 3 |   | 5 | 6 |   | 8 | 9 |   |,0.0138095,22.6785,N/A,N/A,3,N/A,5,6,N/A,8,9,N/A,3 8,3 9
| 1 |   | 3 |   | 5 | 6 |   | 8 | 9 | 10 |,0.0156195,23.4549,N/A,N/A,3,1 3,5,6,1 6,8,9,10,1 10,3 9
|   |   | 3 |   | 5 | 6 |   |   | 9 | 10 |,0.00892585,23.9635,N/A,N/A,3,N/A,5,6,N/A,3 5,9,10,5 6,3 9
| 1 |   | 3 |   | 5 | 6 | 7 |   |   |   |,0.0967721,8.6606,N/A,N/A,3,1 3,5,6,7,1 7,3 6,3 7,1 3 7,5 7
|   |   | 3 |   | 5 | 6 | 7 |   |   |   |,0.0625857,11.0969,N/A,N/A,3,N/A,5,6,7,3 5,3 6,3 7,5 6,5 7
| 1 |   | 3 |   | 5 | 6 | 7 |   |   | 10 |,0.0372287,15.5881,N/A,N/A,3,1 3,5,6,7,1 7,3 6,10,1 10,5 7
| 1 |   | 3 |   | 5 | 6 | 7 |   | 9 |   |,0.0486734,14.1492,N/A,N/A,3,1 3,5,6,7,1 7,9,1 9,1 3 7,3 9
|   |   | 3 |   | 5 | 6 | 7 |   | 9 |   |,0.0257559,17.8052,N/A,N/A,3,N/A,5,6,7,3 5,9,3 7,5 6,3 9
| 1 |   | 3 |   | 5 | 6 | 7 |   | 9 | 10 |,0.0211151,21.0853,N/A,N/A,3,1 3,5,6,7,1 7,9,10,1 10,3 9
|   |   | 3 |   | 5 | 6 | 7 |   |   | 10 |,0.0174183,19.4223,N/A,N/A,3,N/A,5,6,7,3 5,3 6,10,5 6,5 7
| 1 |   | 3 |   | 5 | 6 | 7 | 8 |   |   |,0.0624063,12.5301,N/A,N/A,3,1 3,5,6,7,8,1 8,3 7,3 8,1 3 8
|   |   | 3 |   | 5 | 6 | 7 | 8 |   |   |,0.0321454,16.4213,N/A,N/A,3,N/A,5,6,7,8,3 6,3 7,3 8,5 7
| 1 |   | 3 |   | 5 | 6 | 7 | 8 |   | 10 |,0.0262681,19.3068,N/A,N/A,3,1 3,5,6,7,8,1 8,10,1 10,1 3 8
| 1 |   | 3 |   | 5 | 6 | 7 | 8 | 9 |   |,0.0364537,17.5418,N/A,N/A,3,1 3,5,6,7,8,9,1 9,3 8,3 9
|   |   | 3 |   | 5 | 6 | 7 | 8 | 9 |   |,0.0161881,22.6009,N/A,N/A,3,N/A,5,6,7,8,9,3 7,3 8,3 9
| 1 |   | 3 |   | 5 | 6 | 7 | 8 | 9 | 10 |,0.017467,24.2247,N/A,N/A,3,1 3,5,6,7,8,9,10,1 10,3 9
|   |   | 3 |   |   | 6 |   | 8 |   | 10 |,0.0137174,20.616,N/A,N/A,3,N/A,N/A,6,N/A,8,3 6,10,3 8,N/A
|   |   | 3 |   |   | 6 |   | 8 | 9 | 10 |,0.00569178,27.9525,N/A,N/A,3,N/A,N/A,6,N/A,8,9,10,3 8,3 9
|   |   | 3 |   |   | 6 | 7 |   | 9 | 10 |,0.00605853,27.6631,N/A,N/A,3,N/A,N/A,6,7,N/A,9,10,N/A,3 9
|   |   | 3 |   |   | 6 | 7 | 8 |   | 10 |,0.0111097,23.9392,N/A,N/A,3,N/A,N/A,6,7,8,3 6,10,3 8,N/A
|   |   | 3 |   |   | 6 | 7 | 8 | 9 | 10 |,0.00583467,30.3809,N/A,N/A,3,N/A,N/A,6,7,8,9,10,3 8,3 9
| 1 |   | 3 | 4 |   |   |   |   |   |   |,0.1875,4.52778,N/A,N/A,3,4,1 4,N/A,3 4,1 3 4,N/A,N/A,N/A,N/A
|   |   | 3 | 4 |   |   |   |   |   |   |,0.175926,5.30093,N/A,N/A,3,4,N/A,N/A,3 4,N/A,N/A,N/A,N/A,N/A
| 1 |   | 3 | 4 |   |   |   |   |   | 10 |,0.0530478,12.0363,N/A,N/A,3,4,1 4,N/A,3 4,1 3 4,N/A,10,1 10,N/A
| 1 |   | 3 | 4 |   |   |   |   | 9 |   |,0.0810185,9.90801,N/A,N/A,3,4,1 4,N/A,3 4,1 3 4,9,1 9,N/A,3 9
|   |   | 3 | 4 |   |   |   |   | 9 |   |,0.0447531,12.4234,N/A,N/A,3,4,N/A,N/A,3 4,N/A,9,N/A,N/A,3 9
| 1 |   | 3 | 4 |   |   |   |   | 9 | 10 |,0.0247985,17.716,N/A,N/A,3,4,1 4,N/A,3 4,1 3 4,9,10,1 10,3 9
|   |   | 3 | 4 |   |   |   |   |   | 10 |,0.0300926,14.061,N/A,N/A,3,4,N/A,N/A,3 4,N/A,N/A,10,N/A,N/A
| 1 |   | 3 | 4 |   |   |   | 8 |   |   |,0.0948431,8.87856,N/A,N/A,3,4,1 4,N/A,3 4,8,1 8,N/A,3 8,4 8
|   |   | 3 | 4 |   |   |   | 8 |   |   |,0.0625,10.5625,N/A,N/A,3,4,N/A,N/A,3 4,8,N/A,N/A,3 8,4 8
| 1 |   | 3 | 4 |   |   |   | 8 |   | 10 |,0.033329,15.9734,N/A,N/A,3,4,1 4,N/A,3 4,8,1 8,10,1 10,4 8
| 1 |   | 3 | 4 |   |   |   | 8 | 9 |   |,0.0447174,14.6274,N/A,N/A,3,4,1 4,N/A,3 4,8,9,1 9,3 8,3 9
|   |   | 3 | 4 |   |   |   | 8 | 9 |   |,0.0236197,17.2453,N/A,N/A,3,4,N/A,N/A,3 4,8,9,N/A,3 8,3 9
| 1 |   | 3 | 4 |   |   |   | 8 | 9 | 10 |,0.0169884,22.647,N/A,N/A,3,4,1 4,N/A,3 4,8,9,10,1 10,3 9
|   |   | 3 | 4 |   |   |   |   | 9 | 10 |,0.0114455,20.8014,N/A,N/A,3,4,N/A,N/A,3 4,N/A,9,10,N/A,3 9
| 1 |   | 3 | 4 |   |   | 7 |   |   |   |,0.0994084,8.07652,N/A,N/A,3,4,1 4,N/A,7,1 7,N/A,3 7,4 7,1 4 7
|   |   | 3 | 4 |   |   | 7 |   |   |   |,0.0524691,10.2546,N/A,N/A,3,4,N/A,N/A,7,N/A,N/A,3 7,4 7,N/A
| 1 |   | 3 | 4 |   |   | 7 |   |   | 10 |,0.0294817,16.5329,N/A,N/A,3,4,1 4,N/A,7,1 7,N/A,10,1 10,1 4 7
| 1 |   | 3 | 4 |   |   | 7 |   | 9 |   |,0.0503901,13.2789,N/A,N/A,3,4,1 4,N/A,7,1 7,9,1 9,4 7,3 9
|   |   | 3 | 4 |   |   | 7 |   | 9 |   |,0.0234053,16.7016,N/A,N/A,3,4,N/A,N/A,7,N/A,9,3 7,4 7,3 9
| 1 |   | 3 | 4 |   |   | 7 |   | 9 | 10 |,0.0180898,21.4243,N/A,N/A,3,4,1 4,N/A,7,1 7,9,10,1 10,3 9
|   |   | 3 | 4 |   |   | 7 |   |   | 10 |,0.011767,19.608,N/A,N/A,3,4,N/A,N/A,7,N/A,N/A,10,4 7,N/A
| 1 |   | 3 | 4 |   |   | 7 | 8 |   |   |,0.0637503,12.0156,N/A,N/A,3,4,1 4,N/A,7,8,1 8,3 7,3 8,4 8
|   |   | 3 | 4 |   |   | 7 | 8 |   |   |,0.0355367,15.1834,N/A,N/A,3,4,N/A,N/A,7,8,N/A,3 7,3 8,4 8
| 1 |   | 3 | 4 |   |   | 7 | 8 |   | 10 |,0.0228743,20.1403,N/A,N/A,3,4,1 4,N/A,7,8,1 8,10,1 10,4 8
| 1 |   | 3 | 4 |   |   | 7 | 8 | 9 |   |,0.0352398,17.9548,N/A,N/A,3,4,1 4,N/A,7,8,9,1 9,3 8,3 9
|   |   | 3 | 4 |   |   | 7 | 8 | 9 |   |,0.0170086,21.0513,N/A,N/A,3,4,N/A,N/A,7,8,9,3 7,3 8,3 9
| 1 |   | 3 | 4 |   |   | 7 | 8 | 9 | 10 |,0.0145851,26.0336,N/A,N/A,3,4,1 4,N/A,7,8,9,10,1 10,3 9
|   |   | 3 | 4 |   |   |   | 8 |   | 10 |,0.0159465,18.7664,N/A,N/A,3,4,N/A,N/A,3 4,8,N/A,10,3 8,4 8
|   |   | 3 | 4 |   |   |   | 8 | 9 | 10 |,0.00795182,24.892,N/A,N/A,3,4,N/A,N/A,3 4,8,9,10,3 8,3 9
| 1 |   | 3 | 4 |   | 6 |   |   |   |   |,0.132909,5.47368,N/A,N/A,3,4,1 4,6,1 6,1 3 4,3 6,4 6,1 4 6,N/A
|   |   | 3 | 4 |   | 6 |   |   |   |   |,0.0779321,7.95087,N/A,N/A,3,4,N/A,6,3 4,N/A,3 6,4 6,N/A,N/A
| 1 |   | 3 | 4 |   | 6 |   |   |   | 10 |,0.0414952,13.2873,N/A,N/A,3,4,1 4,6,1 6,1 3 4,3 6,10,1 10,N/A
| 1 |   | 3 | 4 |   | 6 |   |   | 9 |   |,0.0597351,11.3226,N/A,N/A,3,4,1 4,6,1 6,1 3 4,9,1 9,1 4 6,3 9
|   |   | 3 | 4 |   | 6 |   |   | 9 |   |,0.0298783,15.293,N/A,N/A,3,4,N/A,6,3 4,N/A,9,4 6,N/A,3 9
| 1 |   | 3 | 4 |   | 6 |   |   | 9 | 10 |,0.0212953,19.0568,N/A,N/A,3,4,1 4,6,1 6,1 3 4,9,10,1 10,3 9
|   |   | 3 | 4 |   | 6 |   |   |   | 10 |,0.0186471,16.9704,N/A,N/A,3,4,N/A,6,3 4,N/A,3 6,10,N/A,N/A
| 1 |   | 3 | 4 |   | 6 |   | 8 |   |   |,0.0863126,9.09485,N/A,N/A,3,4,1 4,6,1 6,8,1 8,4 6,3 8,4 8
|   |   | 3 | 4 |   | 6 |   | 8 |   |   |,0.0535837,11.7514,N/A,N/A,3,4,N/A,6,3 4,8,3 6,4 6,3 8,4 8
| 1 |   | 3 | 4 |   | 6 |   | 8 |   | 10 |,0.0313113,16.4557,N/A,N/A,3,4,1 4,6,1 6,8,1 8,10,1 10,4 8
| 1 |   | 3 | 4 |   | 6 |   | 8 | 9 |   |,0.0442998,14.7385,N/A,N/A,3,4,1 4,6,1 6,8,9,1 9,3 8,3 9
|   |   | 3 | 4 |   | 6 |   | 8 | 9 |   |,0.0223837,18.5799,N/A,N/A,3,4,N/A,6,3 4,8,9,4 6,3 8,3 9
| 1 |   | 3 | 4 |   | 6 |   | 8 | 9 | 10 |,0.0181563,22.083,N/A,N/A,3,4,1 4,6,1 6,8,9,10,1 10,3 9
|   |   | 3 | 4 |   | 6 |   |   | 9 | 10 |,0.0086234,24.158,N/A,N/A,3,4,N/A,6,3 4,N/A,9,10,N/A,3 9
| 1 |   | 3 | 4 |   | 6 | 7 |   |   |   |,0.102302,8.00145,N/A,N/A,3,4,1 4,6,7,1 7,3 6,3 7,4 7,1 4 7
|   |   | 3 | 4 |   | 6 | 7 |   |   |   |,0.0541409,12.47,N/A,N/A,3,4,N/A,6,7,N/A,3 6,3 7,4 7,N/A
| 1 |   | 3 | 4 |   | 6 | 7 |   |   | 10 |,0.0348115,15.8393,N/A,N/A,3,4,1 4,6,7,1 7,3 6,10,1 10,1 4 7
| 1 |   | 3 | 4 |   | 6 | 7 |   | 9 |   |,0.0505592,13.6841,N/A,N/A,3,4,1 4,6,7,1 7,9,1 9,4 7,3 9
|   |   | 3 | 4 |   | 6 | 7 |   | 9 |   |,0.0222051,19.3602,N/A,N/A,3,4,N/A,6,7,N/A,9,3 7,4 7,3 9
| 1 |   | 3 | 4 |   | 6 | 7 |   | 9 | 10 |,0.0200778,21.325,N/A,N/A,3,4,1 4,6,7,1 7,9,10,1 10,3 9
|   |   | 3 | 4 |   | 6 | 7 |   |   | 10 |,0.0141461,21.4415,N/A,N/A,3,4,N/A,6,7,N/A,3 6,10,4 7,N/A
| 1 |   | 3 | 4 |   | 6 | 7 | 8 |   |   |,0.070963,11.5552,N/A,N/A,3,4,1 4,6,7,8,1 8,3 7,3 8,4 8
|   |   | 3 | 4 |   | 6 | 7 | 8 |   |   |,0.0383826,15.6469,N/A,N/A,3,4,N/A,6,7,8,3 6,3 7,3 8,4 8
| 1 |   | 3 | 4 |   | 6 | 7 | 8 |   | 10 |,0.0280313,19.0379,N/A,N/A,3,4,1 4,6,7,8,1 8,10,1 10,4 8
| 1 |   | 3 | 4 |   | 6 | 7 | 8 | 9 |   |,0.040351,16.7667,N/A,N/A,3,4,1 4,6,7,8,9,1 9,3 8,3 9
|   |   | 3 | 4 |   | 6 | 7 | 8 | 9 |   |,0.0185722,21.9153,N/A,N/A,3,4,N/A,6,7,8,9,3 7,3 8,3 9
| 1 |   | 3 | 4 |   | 6 | 7 | 8 | 9 | 10 |,0.0183944,23.9767,N/A,N/A,3,4,1 4,6,7,8,9,10,1 10,3 9
|   |   | 3 | 4 |   |   | 7 |   | 9 | 10 |,0.00694444,25.7127,N/A,N/A,3,4,N/A,N/A,7,N/A,9,10,4 7,3 9
|   |   | 3 | 4 |   |   | 7 | 8 |   | 10 |,0.00987369,24.1433,N/A,N/A,3,4,N/A,N/A,7,8,N/A,10,3 8,4 8
|   |   | 3 | 4 |   |   | 7 | 8 | 9 | 10 |,0.00620221,29.5002,N/A,N/A,3,4,N/A,N/A,7,8,9,10,3 8,3 9
| 1 |   | 3 | 4 | 5 |   |   |   |   |   |,0.130401,5.04432,N/A,N/A,3,4,5,1 5,3 4,3 5,4 5,1 4 5,N/A,3 4 5
|   |   | 3 | 4 | 5 |   |   |   |   |   |,0.103395,6.72068,N/A,N/A,3,4,5,N/A,3 4,3 5,4 5,N/A,N/A,3 4 5
| 1 |   | 3 | 4 | 5 |   |   |   |   | 10 |,0.0476466,11.9597,N/A,N/A,3,4,5,1 5,3 4,3 5,4 5,10,1 10,3 4 5
| 1 |   | 3 | 4 | 5 |   |   |   | 9 |   |,0.0644147,11.0299,N/A,N/A,3,4,5,1 5,3 4,3 5,9,1 9,N/A,3 9
|   |   | 3 | 4 | 5 |   |   |   | 9 |   |,0.0312071,14.3537,N/A,N/A,3,4,5,N/A,3 4,3 5,9,N/A,N/A,3 9
| 1 |   | 3 | 4 | 5 |   |   |   | 9 | 10 |,0.0242627,18.0244,N/A,N/A,3,4,5,1 5,3 4,3 5,9,10,1 10,3 9
|   |   | 3 | 4 | 5 |   |   |   |   | 10 |,0.0237912,14.7202,N/A,N/A,3,4,5,N/A,3 4,3 5,4 5,10,N/A,3 4 5
| 1 |   | 3 | 4 | 5 |   |   | 8 |   |   |,0.0889096,8.8085,N/A,N/A,3,4,5,1 5,3 4,8,1 8,1 4 5,3 8,4 8
|   |   | 3 | 4 | 5 |   |   | 8 |   |   |,0.0512903,12.32,N/A,N/A,3,4,5,N/A,3 4,8,4 5,N/A,3 8,4 8
| 1 |   | 3 | 4 | 5 |   |   | 8 |   | 10 |,0.0338018,15.6539,N/A,N/A,3,4,5,1 5,3 4,8,1 8,10,1 10,4 8
| 1 |   | 3 | 4 | 5 |   |   | 8 | 9 |   |,0.0440958,14.642,N/A,N/A,3,4,5,1 5,3 4,8,9,1 9,3 8,3 9
|   |   | 3 | 4 | 5 |   |   | 8 | 9 |   |,0.0185185,19.6643,N/A,N/A,3,4,5,N/A,3 4,8,9,N/A,3 8,3 9
| 1 |   | 3 | 4 | 5 |   |   | 8 | 9 | 10 |,0.0186929,21.7598,N/A,N/A,3,4,5,1 5,3 4,8,9,10,1 10,3 9
|   |   | 3 | 4 | 5 |   |   |   | 9 | 10 |,0.0100023,21.955,N/A,N/A,3,4,5,N/A,3 4,3 5,9,10,N/A,3 9
| 1 |   | 3 | 4 | 5 |   | 7 |   |   |   |,0.110704,7.23763,N/A,N/A,3,4,5,1 5,7,1 7,4 5,3 7,4 7,5 7
|   |   | 3 | 4 | 5 |   | 7 |   |   |   |,0.0797325,10.0142,N/A,N/A,3,4,5,N/A,7,3 5,4 5,3 7,4 7,5 7
| 1 |   | 3 | 4 | 5 |   | 7 |   |   | 10 |,0.039209,14.6814,N/A,N/A,3,4,5,1 5,7,1 7,4 5,10,1 10,5 7
| 1 |   | 3 | 4 | 5 |   | 7 |   | 9 |   |,0.0566237,12.7182,N/A,N/A,3,4,5,1 5,7,1 7,9,1 9,4 7,3 9
|   |   | 3 | 4 | 5 |   | 7 |   | 9 |   |,0.0285422,17.0383,N/A,N/A,3,4,5,N/A,7,3 5,9,3 7,4 7,3 9
| 1 |   | 3 | 4 | 5 |   | 7 |   | 9 | 10 |,0.0225931,20.0537,N/A,N/A,3,4,5,1 5,7,1 7,9,10,1 10,3 9
|   |   | 3 | 4 | 5 |   | 7 |   |   | 10 |,0.0200617,18.5144,N/A,N/A,3,4,5,N/A,7,3 5,4 5,10,4 7,5 7
| 1 |   | 3 | 4 | 5 |   | 7 | 8 |   |   |,0.0760307,10.9544,N/A,N/A,3,4,5,1 5,7,8,1 8,3 7,3 8,4 8
|   |   | 3 | 4 | 5 |   | 7 | 8 |   |   |,0.0426859,15.2843,N/A,N/A,3,4,5,N/A,7,8,4 5,3 7,3 8,4 8
| 1 |   | 3 | 4 | 5 |   | 7 | 8 |   | 10 |,0.0303197,18.1623,N/A,N/A,3,4,5,1 5,7,8,1 8,10,1 10,4 8
| 1 |   | 3 | 4 | 5 |   | 7 | 8 | 9 |   |,0.0421832,16.2005,N/A,N/A,3,4,5,1 5,7,8,9,1 9,3 8,3 9
|   |   | 3 | 4 | 5 |   | 7 | 8 | 9 |   |,0.0182001,22.0896,N/A,N/A,3,4,5,N/A,7,8,9,3 7,3 8,3 9
| 1 |   | 3 | 4 | 5 |   | 7 | 8 | 9 | 10 |,0.0192453,23.2961,N/A,N/A,3,4,5,1 5,7,8,9,10,1 10,3 9
|   |   | 3 | 4 | 5 |   |   | 8 |   | 10 |,0.0155678,19.6972,N/A,N/A,3,4,5,N/A,3 4,8,4 5,10,3 8,4 8
|   |   | 3 | 4 | 5 |   |   | 8 | 9 | 10 |,0.0073882,26.5008,N/A,N/A,3,4,5,N/A,3 4,8,9,10,3 8,3 9
| 1 |   | 3 | 4 | 5 | 6 |   |   |   |   |,0.130966,6.23275,N/A,N/A,3,4,5,6,1 6,3 5,3 6,4 6,5 6,1 5 6
|   |   | 3 | 4 | 5 | 6 |   |   |   |   |,0.102752,7.91067,N/A,N/A,3,4,5,6,3 4,3 5,3 6,4 6,5 6,3 4 5
| 1 |   | 3 | 4 | 5 | 6 |   |   |   | 10 |,0.046263,13.4623,N/A,N/A,3,4,5,6,1 6,3 5,3 6,10,1 10,1 5 6
| 1 |   | 3 | 4 | 5 | 6 |   |   | 9 |   |,0.0651554,11.663,N/A,N/A,3,4,5,6,1 6,3 5,9,1 9,5 6,3 9
|   |   | 3 | 4 | 5 | 6 |   |   | 9 |   |,0.0374848,14.5812,N/A,N/A,3,4,5,6,3 4,3 5,9,4 6,5 6,3 9
| 1 |   | 3 | 4 | 5 | 6 |   |   | 9 | 10 |,0.0254595,18.9511,N/A,N/A,3,4,5,6,1 6,3 5,9,10,1 10,3 9
|   |   | 3 | 4 | 5 | 6 |   |   |   | 10 |,0.0258416,16.1186,N/A,N/A,3,4,5,6,3 4,3 5,3 6,10,5 6,3 4 5
| 1 |   | 3 | 4 | 5 | 6 |   | 8 |   |   |,0.0857589,9.7556,N/A,N/A,3,4,5,6,1 6,8,1 8,4 6,3 8,4 8
|   |   | 3 | 4 | 5 | 6 |   | 8 |   |   |,0.0503639,12.7674,N/A,N/A,3,4,5,6,3 4,8,3 6,4 6,3 8,4 8
| 1 |   | 3 | 4 | 5 | 6 |   | 8 |   | 10 |,0.0347556,16.4076,N/A,N/A,3,4,5,6,1 6,8,1 8,10,1 10,4 8
| 1 |   | 3 | 4 | 5 | 6 |   | 8 | 9 |   |,0.0455363,15.2326,N/A,N/A,3,4,5,6,1 6,8,9,1 9,3 8,3 9
|   |   | 3 | 4 | 5 | 6 |   | 8 | 9 |   |,0.0227489,19.0239,N/A,N/A,3,4,5,6,3 4,8,9,4 6,3 8,3 9
| 1 |   | 3 | 4 | 5 | 6 |   | 8 | 9 | 10 |,0.0209394,21.8634,N/A,N/A,3,4,5,6,1 6,8,9,10,1 10,3 9
|   |   | 3 | 4 | 5 | 6 |   |   | 9 | 10 |,0.0121901,22.4934,N/A,N/A,3,4,5,6,3 4,3 5,9,10,5 6,3 9
| 1 |   | 3 | 4 | 5 | 6 | 7 |   |   |   |,0.108739,8.04516,N/A,N/A,3,4,5,6,7,1 7,3 6,3 7,4 7,5 7
|   |   | 3 | 4 | 5 | 6 | 7 |   |   |   |,0.0685585,10.9267,N/A,N/A,3,4,5,6,7,3 5,3 6,3 7,4 7,5 7
| 1 |   | 3 | 4 | 5 | 6 | 7 |   |   | 10 |,0.0434803,14.9265,N/A,N/A,3,4,5,6,7,1 7,3 6,10,1 10,5 7
| 1 |   | 3 | 4 | 5 | 6 | 7 |   | 9 |   |,0.0592968,13.0326,N/A,N/A,3,4,5,6,7,1 7,9,1 9,4 7,3 9
|   |   | 3 | 4 | 5 | 6 | 7 |   | 9 |   |,0.0304395,17.1312,N/A,N/A,3,4,5,6,7,3 5,9,3 7,4 7,3 9
| 1 |   | 3 | 4 | 5 | 6 | 7 |   | 9 | 10 |,0.0262574,19.9641,N/A,N/A,3,4,5,6,7,1 7,9,10,1 10,3 9
|   |   | 3 | 4 | 5 | 6 | 7 |   |   | 10 |,0.0215585,18.885,N/A,N/A,3,4,5,6,7,3 5,3 6,10,4 7,5 7
| 1 |   | 3 | 4 | 5 | 6 | 7 | 8 |   |   |,0.076435,11.3073,N/A,N/A,3,4,5,6,7,8,1 8,3 7,3 8,4 8
|   |   | 3 | 4 | 5 | 6 | 7 | 8 |   |   |,0.0430389,14.8081,N/A,N/A,3,4,5,6,7,8,3 6,3 7,3 8,4 8
| 1 |   | 3 | 4 | 5 | 6 | 7 | 8 |   | 10 |,0.0348467,17.7438,N/A,N/A,3,4,5,6,7,8,1 8,10,1 10,4 8
| 1 |   | 3 | 4 | 5 | 6 | 7 | 8 | 9 |   |,0.0467006,15.9705,N/A,N/A,3,4,5,6,7,8,9,1 9,3 8,3 9
|   |   | 3 | 4 | 5 | 6 | 7 | 8 | 9 |   |,0.0222796,20.4984,N/A,N/A,3,4,5,6,7,8,9,3 7,3 8,3 9
| 1 |   | 3 | 4 | 5 | 6 | 7 | 8 | 9 | 10 |,0.023775,22.3109,N/A,N/A,3,4,5,6,7,8,9,10,1 10,3 9
|   |   |   | 4 |   | 6 |   | 8 |   | 10 |,0.00803755,23.0667,N/A,N/A,N/A,4,N/A,6,N/A,8,N/A,10,N/A,4 8
|   |   |   | 4 |   | 6 |   | 8 | 9 | 10 |,0.00392947,29.6437,N/A,N/A,N/A,4,N/A,6,N/A,8,9,10,N/A,4 8
|   |   |   | 4 |   | 6 | 7 |   | 9 | 10 |,0.00540123,27.8926,N/A,N/A,N/A,4,N/A,6,7,N/A,9,10,4 7,N/A
|   |   |   | 4 |   | 6 | 7 | 8 |   | 10 |,0.00803755,25.8602,N/A,N/A,N/A,4,N/A,6,7,8,N/A,10,4 7,4 8
|   |   |   | 4 |   | 6 | 7 | 8 | 9 | 10 |,0.00476299,31.0266,N/A,N/A,N/A,4,N/A,6,7,8,9,10,4 7,4 8
|   |   |   | 4 | 5 |   | 7 |   | 9 | 10 |,0.00565844,26.9691,N/A,N/A,N/A,4,5,N/A,7,N/A,9,10,4 7,5 7
|   |   |   | 4 | 5 |   | 7 | 8 |   | 10 |,0.0106524,23.5739,N/A,N/A,N/A,4,5,N/A,7,8,4 5,10,4 7,4 8
|   |   |   | 4 | 5 |   | 7 | 8 | 9 | 10 |,0.00470584,30.7381,N/A,N/A,N/A,4,5,N/A,7,8,9,10,4 7,4 8
|   |   |   | 4 | 5 | 6 |   | 8 |   | 10 |,0.0102738,23.3858,N/A,N/A,N/A,4,5,6,N/A,8,4 5,10,5 6,4 8
|   |   |   | 4 | 5 | 6 |   | 8 | 9 | 10 |,0.00462963,30.658,N/A,N/A,N/A,4,5,6,N/A,8,9,10,5 6,4 8
|   |   |   | 4 | 5 | 6 | 7 |   | 9 | 10 |,0.00619665,28.9817,N/A,N/A,N/A,4,5,6,7,N/A,9,10,4 7,5 7
|   |   |   | 4 | 5 | 6 | 7 | 8 |   | 10 |,0.0104137,24.6991,N/A,N/A,N/A,4,5,6,7,8,4 5,10,4 7,4 8
|   |   |   | 4 | 5 | 6 | 7 | 8 | 9 | 10 |,0.00583169,30.6454,N/A,N/A,N/A,4,5,6,7,8,9,10,4 7,4 8
| 1 | 2 |   |   |   |   |   |   |   |   |,0.0601852,2.77315,N/A,2,1 2,N/A,N/A,N/A,N/A,N/A,N/A,N/A,N/A,N/A
|   | 2 |   |   |   |   |   |   |   |   |,0.0277778,1.94444,N/A,2,N/A,N/A,N/A,N/A,N/A,N/A,N/A,N/A,N/A,N/A
| 1 | 2 |   |   |   |   |   |   |   | 10 |,0.0177469,10.8866,N/A,2,1 2,N/A,N/A,N/A,N/A,N/A,N/A,10,1 10,2 10
| 1 | 2 |   |   |   |   |   |   | 9 |   |,0.0550412,8.85391,N/A,2,1 2,N/A,N/A,N/A,N/A,N/A,9,1 9,2 9,1 2 9
|   | 2 |   |   |   |   |   |   | 9 |   |,0.0617284,9.29938,N/A,2,N/A,N/A,N/A,N/A,N/A,N/A,9,N/A,2 9,N/A
| 1 | 2 |   |   |   |   |   |   | 9 | 10 |,0.0144676,18.1672,N/A,2,1 2,N/A,N/A,N/A,N/A,N/A,9,10,1 10,2 10
|   | 2 |   |   |   |   |   |   |   | 10 |,0.0324074,10.75,N/A,2,N/A,N/A,N/A,N/A,N/A,N/A,N/A,10,N/A,2 10
| 1 | 2 |   |   |   |   |   | 8 |   |   |,0.0923354,7.04964,N/A,2,1 2,N/A,N/A,N/A,N/A,8,1 8,2 8,1 2 8,N/A
|   | 2 |   |   |   |   |   | 8 |   |   |,0.0910494,7.96142,N/A,2,N/A,N/A,N/A,N/A,N/A,8,N/A,2 8,N/A,N/A
| 1 | 2 |   |   |   |   |   | 8 |   | 10 |,0.0248843,15.7215,N/A,2,1 2,N/A,N/A,N/A,N/A,8,1 8,10,1 10,2 10
| 1 | 2 |   |   |   |   |   | 8 | 9 |   |,0.0396519,14.4637,N/A,2,1 2,N/A,N/A,N/A,N/A,8,9,1 9,2 9,1 2 9
|   | 2 |   |   |   |   |   | 8 | 9 |   |,0.0365226,14.7152,N/A,2,N/A,N/A,N/A,N/A,N/A,8,9,2 8,2 9,N/A
| 1 | 2 |   |   |   |   |   | 8 | 9 | 10 |,0.0120099,23.6351,N/A,2,1 2,N/A,N/A,N/A,N/A,8,9,10,1 10,2 10
|   | 2 |   |   |   |   |   |   | 9 | 10 |,0.0169753,17.7562,N/A,2,N/A,N/A,N/A,N/A,N/A,N/A,9,10,2 9,2 10
| 1 | 2 |   |   |   |   | 7 |   |   |   |,0.12963,5.47377,N/A,2,1 2,N/A,N/A,N/A,7,1 7,2 7,1 2 7,N/A,N/A
|   | 2 |   |   |   |   | 7 |   |   |   |,0.12037,6.73611,N/A,2,N/A,N/A,N/A,N/A,7,N/A,2 7,N/A,N/A,N/A
| 1 | 2 |   |   |   |   | 7 |   |   | 10 |,0.0401235,13.2226,N/A,2,1 2,N/A,N/A,N/A,7,1 7,2 7,10,1 10,2 10
| 1 | 2 |   |   |   |   | 7 |   | 9 |   |,0.059928,11.8363,N/A,2,1 2,N/A,N/A,N/A,7,1 7,9,1 9,2 9,1 2 9
|   | 2 |   |   |   |   | 7 |   | 9 |   |,0.0339506,14.4985,N/A,2,N/A,N/A,N/A,N/A,7,N/A,9,N/A,2 9,N/A
| 1 | 2 |   |   |   |   | 7 |   | 9 | 10 |,0.0189472,20.5609,N/A,2,1 2,N/A,N/A,N/A,7,1 7,9,10,1 10,2 10
|   | 2 |   |   |   |   | 7 |   |   | 10 |,0.0300926,15.027,N/A,2,N/A,N/A,N/A,N/A,7,N/A,2 7,10,N/A,2 10
| 1 | 2 |   |   |   |   | 7 | 8 |   |   |,0.074267,11.0008,N/A,2,1 2,N/A,N/A,N/A,7,8,1 8,2 8,1 2 8,N/A
|   | 2 |   |   |   |   | 7 | 8 |   |   |,0.0625,11.8855,N/A,2,N/A,N/A,N/A,N/A,7,8,2 7,2 8,N/A,N/A
| 1 | 2 |   |   |   |   | 7 | 8 |   | 10 |,0.0258059,19.0695,N/A,2,1 2,N/A,N/A,N/A,7,8,1 8,10,1 10,2 10
| 1 | 2 |   |   |   |   | 7 | 8 | 9 |   |,0.0348365,17.8934,N/A,2,1 2,N/A,N/A,N/A,7,8,9,1 9,2 9,1 2 9
|   | 2 |   |   |   |   | 7 | 8 | 9 |   |,0.023834,18.9828,N/A,2,N/A,N/A,N/A,N/A,7,8,9,2 8,2 9,N/A
| 1 | 2 |   |   |   |   | 7 | 8 | 9 | 10 |,0.0130458,26.6239,N/A,2,1 2,N/A,N/A,N/A,7,8,9,10,1 10,2 10
|   | 2 |   |   |   |   |   | 8 |   | 10 |,0.0165895,17.2325,N/A,2,N/A,N/A,N/A,N/A,N/A,8,N/A,10,N/A,2 10
|   | 2 |   |   |   |   |   | 8 | 9 | 10 |,0.00960219,23.6532,N/A,2,N/A,N/A,N/A,N/A,N/A,8,9,10,2 9,2 10
| 1 | 2 |   |   |   | 6 |   |   |   |   |,0.160237,4.50026,N/A,2,1 2,N/A,N/A,6,1 6,2 6,1 2 6,N/A,N/A,N/A
|   | 2 |   |   |   | 6 |   |   |   |   |,0.146605,5.96914,N/A,2,N/A,N/A,N/A,6,N/A,2 6,N/A,N/A,N/A,N/A
| 1 | 2 |   |   |   | 6 |   |   |   | 10 |,0.0561343,11.3339,N/A,2,1 2,N/A,N/A,6,1 6,2 6,1 2 6,10,1 10,2 10
| 1 | 2 |   |   |   | 6 |   |   | 9 |   |,0.0800326,9.8654,N/A,2,1 2,N/A,N/A,6,1 6,2 6,9,1 9,2 9,1 2 9
|   | 2 |   |   |   | 6 |   |   | 9 |   |,0.0488683,12.6845,N/A,2,N/A,N/A,N/A,6,N/A,2 6,9,N/A,2 9,N/A
| 1 | 2 |   |   |   | 6 |   |   | 9 | 10 |,0.0263274,18.1746,N/A,2,1 2,N/A,N/A,6,1 6,2 6,9,10,1 10,2 10
|   | 2 |   |   |   | 6 |   |   |   | 10 |,0.0327932,14.3002,N/A,2,N/A,N/A,N/A,6,N/A,2 6,N/A,10,N/A,2 10
| 1 | 2 |   |   |   | 6 |   | 8 |   |   |,0.094543,9.00731,N/A,2,1 2,N/A,N/A,6,1 6,8,1 8,2 8,1 2 8,N/A
|   | 2 |   |   |   | 6 |   | 8 |   |   |,0.0456533,12.4705,N/A,2,N/A,N/A,N/A,6,N/A,8,N/A,2 8,N/A,N/A
| 1 | 2 |   |   |   | 6 |   | 8 |   | 10 |,0.031693,16.807,N/A,2,1 2,N/A,N/A,6,1 6,8,1 8,10,1 10,2 10
| 1 | 2 |   |   |   | 6 |   | 8 | 9 |   |,0.0443482,15.3449,N/A,2,1 2,N/A,N/A,6,1 6,8,9,1 9,2 9,1 2 9
|   | 2 |   |   |   | 6 |   | 8 | 9 |   |,0.022005,18.5681,N/A,2,N/A,N/A,N/A,6,N/A,8,9,2 8,2 9,N/A
| 1 | 2 |   |   |   | 6 |   | 8 | 9 | 10 |,0.0168362,23.6082,N/A,2,1 2,N/A,N/A,6,1 6,8,9,10,1 10,2 10
|   | 2 |   |   |   | 6 |   |   | 9 | 10 |,0.0150034,20.4694,N/A,2,N/A,N/A,N/A,6,N/A,2 6,9,10,2 9,2 10
| 1 | 2 |   |   |   | 6 | 7 |   |   |   |,0.102366,8.6427,N/A,2,1 2,N/A,N/A,6,7,1 7,2 7,1 2 7,N/A,N/A
|   | 2 |   |   |   | 6 | 7 |   |   |   |,0.0810185,9.86188,N/A,2,N/A,N/A,N/A,6,7,2 6,2 7,N/A,N/A,N/A
| 1 | 2 |   |   |   | 6 | 7 |   |   | 10 |,0.0411737,15.3211,N/A,2,1 2,N/A,N/A,6,7,1 7,2 7,10,1 10,2 10
| 1 | 2 |   |   |   | 6 | 7 |   | 9 |   |,0.0538409,13.9918,N/A,2,1 2,N/A,N/A,6,7,1 7,9,1 9,2 9,1 2 9
|   | 2 |   |   |   | 6 | 7 |   | 9 |   |,0.0300069,16.8663,N/A,2,N/A,N/A,N/A,6,7,2 6,9,N/A,2 9,N/A
| 1 | 2 |   |   |   | 6 | 7 |   | 9 | 10 |,0.0215025,21.892,N/A,2,1 2,N/A,N/A,6,7,1 7,9,10,1 10,2 10
|   | 2 |   |   |   | 6 | 7 |   |   | 10 |,0.0244342,17.3886,N/A,2,N/A,N/A,N/A,6,7,2 6,2 7,10,N/A,2 10
| 1 | 2 |   |   |   | 6 | 7 | 8 |   |   |,0.0601709,13.4673,N/A,2,1 2,N/A,N/A,6,7,8,1 8,2 8,1 2 8,N/A
|   | 2 |   |   |   | 6 | 7 | 8 |   |   |,0.0362226,15.4343,N/A,2,N/A,N/A,N/A,6,7,8,2 7,2 8,N/A,N/A
| 1 | 2 |   |   |   | 6 | 7 | 8 |   | 10 |,0.0262197,20.5439,N/A,2,1 2,N/A,N/A,6,7,8,1 8,10,1 10,2 10
| 1 | 2 |   |   |   | 6 | 7 | 8 | 9 |   |,0.0331052,19.4486,N/A,2,1 2,N/A,N/A,6,7,8,9,1 9,2 9,1 2 9
|   | 2 |   |   |   | 6 | 7 | 8 | 9 |   |,0.017766,21.7745,N/A,2,N/A,N/A,N/A,6,7,8,9,2 8,2 9,N/A
| 1 | 2 |   |   |   | 6 | 7 | 8 | 9 | 10 |,0.0152781,27.3106,N/A,2,1 2,N/A,N/A,6,7,8,9,10,1 10,2 10
|   | 2 |   |   |   |   | 7 |   | 9 | 10 |,0.0118313,22.4282,N/A,2,N/A,N/A,N/A,N/A,7,N/A,9,10,2 9,2 10
|   | 2 |   |   |   |   | 7 | 8 |   | 10 |,0.0163323,20.6375,N/A,2,N/A,N/A,N/A,N/A,7,8,2 7,10,N/A,2 10
|   | 2 |   |   |   |   | 7 | 8 | 9 | 10 |,0.00825903,27.4223,N/A,2,N/A,N/A,N/A,N/A,7,8,9,10,2 9,2 10
| 1 | 2 |   |   | 5 |   |   |   |   |   |,0.187757,3.98045,N/A,2,1 2,N/A,5,1 5,2 5,1 2 5,N/A,N/A,N/A,N/A
|   | 2 |   |   | 5 |   |   |   |   |   |,0.17284,5.20062,N/A,2,N/A,N/A,5,N/A,2 5,N/A,N/A,N/A,N/A,N/A
| 1 | 2 |   |   | 5 |   |   |   |   | 10 |,0.0613426,10.9167,N/A,2,1 2,N/A,5,1 5,2 5,1 2 5,N/A,10,1 10,2 10
| 1 | 2 |   |   | 5 |   |   |   | 9 |   |,0.0970508,8.40912,N/A,2,1 2,N/A,5,1 5,2 5,1 2 5,9,1 9,2 9,1 2 9
|   | 2 |   |   | 5 |   |   |   | 9 |   |,0.0514403,11.9767,N/A,2,N/A,N/A,5,N/A,2 5,N/A,9,N/A,2 9,N/A
| 1 | 2 |   |   | 5 |   |   |   | 9 | 10 |,0.0302783,16.5704,N/A,2,1 2,N/A,5,1 5,2 5,1 2 5,9,10,1 10,2 10
|   | 2 |   |   | 5 |   |   |   |   | 10 |,0.0354938,13.57,N/A,2,N/A,N/A,5,N/A,2 5,N/A,N/A,10,N/A,2 10
| 1 | 2 |   |   | 5 |   |   | 8 |   |   |,0.113469,7.46356,N/A,2,1 2,N/A,5,1 5,2 5,8,1 8,2 8,1 2 8,N/A
|   | 2 |   |   | 5 |   |   | 8 |   |   |,0.0673868,10.518,N/A,2,N/A,N/A,5,N/A,2 5,8,N/A,2 8,N/A,N/A
| 1 | 2 |   |   | 5 |   |   | 8 |   | 10 |,0.0399806,14.8796,N/A,2,1 2,N/A,5,1 5,2 5,8,1 8,10,1 10,2 10
| 1 | 2 |   |   | 5 |   |   | 8 | 9 |   |,0.0539171,13.3772,N/A,2,1 2,N/A,5,1 5,2 5,8,9,1 9,2 9,1 2 9
|   | 2 |   |   | 5 |   |   | 8 | 9 |   |,0.0278921,16.3966,N/A,2,N/A,N/A,5,N/A,2 5,8,9,2 8,2 9,N/A
| 1 | 2 |   |   | 5 |   |   | 8 | 9 | 10 |,0.020623,21.3304,N/A,2,1 2,N/A,5,1 5,2 5,8,9,10,1 10,2 10
|   | 2 |   |   | 5 |   |   |   | 9 | 10 |,0.0150892,19.8186,N/A,2,N/A,N/A,5,N/A,2 5,N/A,9,10,2 9,2 10
| 1 | 2 |   |   | 5 |   | 7 |   |   |   |,0.120885,6.74023,N/A,2,1 2,N/A,5,1 5,7,1 7,2 7,1 2 7,N/A,5 7
|   | 2 |   |   | 5 |   | 7 |   |   |   |,0.0570988,10.2109,N/A,2,N/A,N/A,5,N/A,7,N/A,2 7,N/A,N/A,5 7
| 1 | 2 |   |   | 5 |   | 7 |   |   | 10 |,0.0453961,13.569,N/A,2,1 2,N/A,5,1 5,7,1 7,2 7,10,1 10,2 10
| 1 | 2 |   |   | 5 |   | 7 |   | 9 |   |,0.0617856,12.0519,N/A,2,1 2,N/A,5,1 5,7,1 7,9,1 9,2 9,1 2 9
|   | 2 |   |   | 5 |   | 7 |   | 9 |   |,0.0245199,17.5151,N/A,2,N/A,N/A,5,N/A,7,N/A,9,N/A,2 9,5 7
| 1 | 2 |   |   | 5 |   | 7 |   | 9 | 10 |,0.024374,19.6125,N/A,2,1 2,N/A,5,1 5,7,1 7,9,10,1 10,2 10
|   | 2 |   |   | 5 |   | 7 |   |   | 10 |,0.0182613,18.3935,N/A,2,N/A,N/A,5,N/A,7,N/A,2 7,10,N/A,2 10
| 1 | 2 |   |   | 5 |   | 7 | 8 |   |   |,0.0750957,10.7871,N/A,2,1 2,N/A,5,1 5,7,8,1 8,2 8,1 2 8,5 7
|   | 2 |   |   | 5 |   | 7 | 8 |   |   |,0.0381087,14.5346,N/A,2,N/A,N/A,5,N/A,7,8,2 7,2 8,N/A,5 7
| 1 | 2 |   |   | 5 |   | 7 | 8 |   | 10 |,0.0307963,18.1136,N/A,2,1 2,N/A,5,1 5,7,8,1 8,10,1 10,2 10
| 1 | 2 |   |   | 5 |   | 7 | 8 | 9 |   |,0.0407696,16.5992,N/A,2,1 2,N/A,5,1 5,7,8,9,1 9,2 9,1 2 9
|   | 2 |   |   | 5 |   | 7 | 8 | 9 |   |,0.0190424,20.8483,N/A,2,N/A,N/A,5,N/A,7,8,9,2 8,2 9,5 7
| 1 | 2 |   |   | 5 |   | 7 | 8 | 9 | 10 |,0.0184634,24.0637,N/A,2,1 2,N/A,5,1 5,7,8,9,10,1 10,2 10
|   | 2 |   |   | 5 |   |   | 8 |   | 10 |,0.0173182,19.2901,N/A,2,N/A,N/A,5,N/A,2 5,8,N/A,10,N/A,2 10
|   | 2 |   |   | 5 |   |   | 8 | 9 | 10 |,0.00950693,24.5989,N/A,2,N/A,N/A,5,N/A,2 5,8,9,10,2 9,2 10
| 1 | 2 |   |   | 5 | 6 |   |   |   |   |,0.118549,6.30491,N/A,2,1 2,N/A,5,6,1 6,2 6,1 2 6,N/A,5 6,1 5 6
|   | 2 |   |   | 5 | 6 |   |   |   |   |,0.0828189,7.91169,N/A,2,N/A,N/A,5,6,2 5,2 6,N/A,N/A,5 6,N/A
| 1 | 2 |   |   | 5 | 6 |   |   |   | 10 |,0.0470536,12.9091,N/A,2,1 2,N/A,5,6,1 6,2 6,1 2 6,10,1 10,2 10
| 1 | 2 |   |   | 5 | 6 |   |   | 9 |   |,0.0688491,11.0644,N/A,2,1 2,N/A,5,6,1 6,2 6,9,1 9,2 9,1 2 9
|   | 2 |   |   | 5 | 6 |   |   | 9 |   |,0.0357796,14.2537,N/A,2,N/A,N/A,5,6,2 5,2 6,9,N/A,2 9,N/A
| 1 | 2 |   |   | 5 | 6 |   |   | 9 | 10 |,0.0267267,18.6331,N/A,2,1 2,N/A,5,6,1 6,2 6,9,10,1 10,2 10
|   | 2 |   |   | 5 | 6 |   |   |   | 10 |,0.0265775,15.4413,N/A,2,N/A,N/A,5,6,2 5,2 6,N/A,10,5 6,2 10
| 1 | 2 |   |   | 5 | 6 |   | 8 |   |   |,0.0818997,9.92287,N/A,2,1 2,N/A,5,6,1 6,8,1 8,2 8,1 2 8,1 5 6
|   | 2 |   |   | 5 | 6 |   | 8 |   |   |,0.0454104,13.3383,N/A,2,N/A,N/A,5,6,2 5,8,N/A,2 8,5 6,N/A
| 1 | 2 |   |   | 5 | 6 |   | 8 |   | 10 |,0.0334424,17.0497,N/A,2,1 2,N/A,5,6,1 6,8,1 8,10,1 10,2 10
| 1 | 2 |   |   | 5 | 6 |   | 8 | 9 |   |,0.0449108,15.4254,N/A,2,1 2,N/A,5,6,1 6,8,9,1 9,2 9,1 2 9
|   | 2 |   |   | 5 | 6 |   | 8 | 9 |   |,0.0222368,18.7966,N/A,2,N/A,N/A,5,6,2 5,8,9,2 8,2 9,N/A
| 1 | 2 |   |   | 5 | 6 |   | 8 | 9 | 10 |,0.020005,22.7727,N/A,2,1 2,N/A,5,6,1 6,8,9,10,1 10,2 10
|   | 2 |   |   | 5 | 6 |   |   | 9 | 10 |,0.0135936,21.0217,N/A,2,N/A,N/A,5,6,2 5,2 6,9,10,2 9,2 10
| 1 | 2 |   |   | 5 | 6 | 7 |   |   |   |,0.0932999,8.93362,N/A,2,1 2,N/A,5,6,7,1 7,2 7,1 2 7,5 6,5 7
|   | 2 |   |   | 5 | 6 | 7 |   |   |   |,0.0612569,11.5229,N/A,2,N/A,N/A,5,6,7,2 6,2 7,N/A,5 6,5 7
| 1 | 2 |   |   | 5 | 6 | 7 |   |   | 10 |,0.0398722,15.7098,N/A,2,1 2,N/A,5,6,7,1 7,2 7,10,1 10,2 10
| 1 | 2 |   |   | 5 | 6 | 7 |   | 9 |   |,0.0530439,14.1287,N/A,2,1 2,N/A,5,6,7,1 7,9,1 9,2 9,1 2 9
|   | 2 |   |   | 5 | 6 | 7 |   | 9 |   |,0.0261869,18.4445,N/A,2,N/A,N/A,5,6,7,2 6,9,N/A,2 9,5 7
| 1 | 2 |   |   | 5 | 6 | 7 |   | 9 | 10 |,0.0241476,21.1306,N/A,2,1 2,N/A,5,6,7,1 7,9,10,1 10,2 10
|   | 2 |   |   | 5 | 6 | 7 |   |   | 10 |,0.021755,18.4989,N/A,2,N/A,N/A,5,6,7,2 6,2 7,10,5 6,2 10
| 1 | 2 |   |   | 5 | 6 | 7 | 8 |   |   |,0.0629493,13.1029,N/A,2,1 2,N/A,5,6,7,8,1 8,2 8,1 2 8,5 7
|   | 2 |   |   | 5 | 6 | 7 | 8 |   |   |,0.0372919,15.7686,N/A,2,N/A,N/A,5,6,7,8,2 7,2 8,5 6,5 7
| 1 | 2 |   |   | 5 | 6 | 7 | 8 |   | 10 |,0.0300435,19.6424,N/A,2,1 2,N/A,5,6,7,8,1 8,10,1 10,2 10
| 1 | 2 |   |   | 5 | 6 | 7 | 8 | 9 |   |,0.0382502,18.3408,N/A,2,1 2,N/A,5,6,7,8,9,1 9,2 9,1 2 9
|   | 2 |   |   | 5 | 6 | 7 | 8 | 9 |   |,0.0193679,21.8332,N/A,2,N/A,N/A,5,6,7,8,9,2 8,2 9,5 7
| 1 | 2 |   |   | 5 | 6 | 7 | 8 | 9 | 10 |,0.0197596,25.1556,N/A,2,1 2,N/A,5,6,7,8,9,10,1 10,2 10
|   | 2 |   |   |   | 6 |   | 8 |   | 10 |,0.0120027,21.4817,N/A,2,N/A,N/A,N/A,6,N/A,8,N/A,10,N/A,2 10
|   | 2 |   |   |   | 6 |   | 8 | 9 | 10 |,0.00759697,27.0818,N/A,2,N/A,N/A,N/A,6,N/A,8,9,10,2 9,2 10
|   | 2 |   |   |   | 6 | 7 |   | 9 | 10 |,0.0118599,23.7581,N/A,2,N/A,N/A,N/A,6,7,2 6,9,10,2 9,2 10
|   | 2 |   |   |   | 6 | 7 | 8 |   | 10 |,0.0124671,23.6707,N/A,2,N/A,N/A,N/A,6,7,8,2 7,10,N/A,2 10
|   | 2 |   |   |   | 6 | 7 | 8 | 9 | 10 |,0.00762079,29.4861,N/A,2,N/A,N/A,N/A,6,7,8,9,10,2 9,2 10
| 1 | 2 |   | 4 |   |   |   |   |   |   |,0.206019,3.79707,N/A,2,1 2,4,1 4,2 4,1 2 4,N/A,N/A,N/A,N/A,N/A
|   | 2 |   | 4 |   |   |   |   |   |   |,0.143519,4.76389,N/A,2,N/A,4,N/A,2 4,N/A,N/A,N/A,N/A,N/A,N/A
| 1 | 2 |   | 4 |   |   |   |   |   | 10 |,0.0588349,10.9504,N/A,2,1 2,4,1 4,2 4,1 2 4,N/A,N/A,10,1 10,2 10
| 1 | 2 |   | 4 |   |   |   |   | 9 |   |,0.0904064,8.5505,N/A,2,1 2,4,1 4,2 4,1 2 4,N/A,9,1 9,2 9,1 2 9
|   | 2 |   | 4 |   |   |   |   | 9 |   |,0.0416667,11.6898,N/A,2,N/A,4,N/A,2 4,N/A,N/A,9,N/A,2 9,N/A
| 1 | 2 |   | 4 |   |   |   |   | 9 | 10 |,0.0274134,16.8747,N/A,2,1 2,4,1 4,2 4,1 2 4,N/A,9,10,1 10,2 10
|   | 2 |   | 4 |   |   |   |   |   | 10 |,0.0289352,13.2438,N/A,2,N/A,4,N/A,2 4,N/A,N/A,N/A,10,N/A,2 10
| 1 | 2 |   | 4 |   |   |   | 8 |   |   |,0.125322,6.06835,N/A,2,1 2,4,1 4,2 4,1 2 4,8,1 8,2 8,1 2 8,4 8
|   | 2 |   | 4 |   |   |   | 8 |   |   |,0.0559414,9.92155,N/A,2,N/A,4,N/A,2 4,N/A,8,N/A,2 8,N/A,4 8
| 1 | 2 |   | 4 |   |   |   | 8 |   | 10 |,0.0407343,13.752,N/A,2,1 2,4,1 4,2 4,1 2 4,8,1 8,10,1 10,2 10
| 1 | 2 |   | 4 |   |   |   | 8 | 9 |   |,0.0554198,12.1944,N/A,2,1 2,4,1 4,2 4,1 2 4,8,9,1 9,2 9,1 2 9
|   | 2 |   | 4 |   |   |   | 8 | 9 |   |,0.0258059,15.9195,N/A,2,N/A,4,N/A,2 4,N/A,8,9,2 8,2 9,4 8
| 1 | 2 |   | 4 |   |   |   | 8 | 9 | 10 |,0.0206785,20.0512,N/A,2,1 2,4,1 4,2 4,1 2 4,8,9,10,1 10,2 10
|   | 2 |   | 4 |   |   |   |   | 9 | 10 |,0.0120885,19.6858,N/A,2,N/A,4,N/A,2 4,N/A,N/A,9,10,2 9,2 10
| 1 | 2 |   | 4 |   |   | 7 |   |   |   |,0.134002,4.94869,N/A,2,1 2,4,1 4,2 4,7,1 7,2 7,1 2 7,4 7,1 4 7
|   | 2 |   | 4 |   |   | 7 |   |   |   |,0.070216,8.34028,N/A,2,N/A,4,N/A,2 4,7,N/A,2 7,N/A,4 7,N/A
| 1 | 2 |   | 4 |   |   | 7 |   |   | 10 |,0.0498971,12.1798,N/A,2,1 2,4,1 4,2 4,7,1 7,2 7,10,1 10,2 10
| 1 | 2 |   | 4 |   |   | 7 |   | 9 |   |,0.069816,10.4737,N/A,2,1 2,4,1 4,2 4,7,1 7,9,1 9,2 9,1 2 9
|   | 2 |   | 4 |   |   | 7 |   | 9 |   |,0.0279492,16.0635,N/A,2,N/A,4,N/A,2 4,7,N/A,9,N/A,2 9,N/A
| 1 | 2 |   | 4 |   |   | 7 |   | 9 | 10 |,0.026693,18.0253,N/A,2,1 2,4,1 4,2 4,7,1 7,9,10,1 10,2 10
|   | 2 |   | 4 |   |   | 7 |   |   | 10 |,0.0231481,15.9719,N/A,2,N/A,4,N/A,2 4,7,N/A,2 7,10,4 7,2 10
| 1 | 2 |   | 4 |   |   | 7 | 8 |   |   |,0.0896062,8.92256,N/A,2,1 2,4,1 4,2 4,7,8,1 8,2 8,1 2 8,4 8
|   | 2 |   | 4 |   |   | 7 | 8 |   |   |,0.0527263,11.9017,N/A,2,N/A,4,N/A,2 4,7,8,2 7,2 8,4 7,4 8
| 1 | 2 |   | 4 |   |   | 7 | 8 |   | 10 |,0.0366221,15.8761,N/A,2,1 2,4,1 4,2 4,7,8,1 8,10,1 10,2 10
| 1 | 2 |   | 4 |   |   | 7 | 8 | 9 |   |,0.0481666,14.4958,N/A,2,1 2,4,1 4,2 4,7,8,9,1 9,2 9,1 2 9
|   | 2 |   | 4 |   |   | 7 | 8 | 9 |   |,0.0233006,18.6675,N/A,2,N/A,4,N/A,2 4,7,8,9,2 8,2 9,4 8
| 1 | 2 |   | 4 |   |   | 7 | 8 | 9 | 10 |,0.0213319,21.7375,N/A,2,1 2,4,1 4,2 4,7,8,9,10,1 10,2 10
|   | 2 |   | 4 |   |   |   | 8 |   | 10 |,0.014982,19.107,N/A,2,N/A,4,N/A,2 4,N/A,8,N/A,10,N/A,2 10
|   | 2 |   | 4 |   |   |   | 8 | 9 | 10 |,0.00844479,24.6553,N/A,2,N/A,4,N/A,2 4,N/A,8,9,10,2 9,2 10
| 1 | 2 |   | 4 |   | 6 |   |   |   |   |,0.129565,4.30888,N/A,2,1 2,4,1 4,6,1 6,2 6,1 2 6,4 6,1 4 6,2 4 6
|   | 2 |   | 4 |   | 6 |   |   |   |   |,0.0767747,8.04938,N/A,2,N/A,4,N/A,6,N/A,2 6,N/A,4 6,N/A,2 4 6
| 1 | 2 |   | 4 |   | 6 |   |   |   | 10 |,0.0473037,11.7615,N/A,2,1 2,4,1 4,6,1 6,2 6,1 2 6,10,1 10,2 10
| 1 | 2 |   | 4 |   | 6 |   |   | 9 |   |,0.0712449,9.79362,N/A,2,1 2,4,1 4,6,1 6,2 6,9,1 9,2 9,1 2 9
|   | 2 |   | 4 |   | 6 |   |   | 9 |   |,0.0358368,14.0391,N/A,2,N/A,4,N/A,6,N/A,2 6,9,4 6,2 9,2 4 6
| 1 | 2 |   | 4 |   | 6 |   |   | 9 | 10 |,0.0264674,17.3527,N/A,2,1 2,4,1 4,6,1 6,2 6,9,10,1 10,2 10
|   | 2 |   | 4 |   | 6 |   |   |   | 10 |,0.0183899,17.1757,N/A,2,N/A,4,N/A,6,N/A,2 6,N/A,10,N/A,2 10
| 1 | 2 |   | 4 |   | 6 |   | 8 |   |   |,0.0920996,8.2313,N/A,2,1 2,4,1 4,6,1 6,8,1 8,2 8,1 2 8,4 8
|   | 2 |   | 4 |   | 6 |   | 8 |   |   |,0.0363083,14.7384,N/A,2,N/A,4,N/A,6,N/A,8,N/A,2 8,N/A,4 8
| 1 | 2 |   | 4 |   | 6 |   | 8 |   | 10 |,0.033828,15.9615,N/A,2,1 2,4,1 4,6,1 6,8,1 8,10,1 10,2 10
| 1 | 2 |   | 4 |   | 6 |   | 8 | 9 |   |,0.0486976,13.6889,N/A,2,1 2,4,1 4,6,1 6,8,9,1 9,2 9,1 2 9
|   | 2 |   | 4 |   | 6 |   | 8 | 9 |   |,0.0206285,19.9713,N/A,2,N/A,4,N/A,6,N/A,8,9,2 8,2 9,4 8
| 1 | 2 |   | 4 |   | 6 |   | 8 | 9 | 10 |,0.020627,21.0642,N/A,2,1 2,4,1 4,6,1 6,8,9,10,1 10,2 10
|   | 2 |   | 4 |   | 6 |   |   | 9 | 10 |,0.0101738,22.7708,N/A,2,N/A,4,N/A,6,N/A,2 6,9,10,2 9,2 10
| 1 | 2 |   | 4 |   | 6 | 7 |   |   |   |,0.110468,7.0473,N/A,2,1 2,4,1 4,6,7,1 7,2 7,1 2 7,4 7,1 4 7
|   | 2 |   | 4 |   | 6 | 7 |   |   |   |,0.0770319,9.97224,N/A,2,N/A,4,N/A,6,7,2 6,2 7,4 6,4 7,2 4 6
| 1 | 2 |   | 4 |   | 6 | 7 |   |   | 10 |,0.0441672,14.018,N/A,2,1 2,4,1 4,6,7,1 7,2 7,10,1 10,2 10
| 1 | 2 |   | 4 |   | 6 | 7 |   | 9 |   |,0.061861,12.019,N/A,2,1 2,4,1 4,6,7,1 7,9,1 9,2 9,1 2 9
|   | 2 |   | 4 |   | 6 | 7 |   | 9 |   |,0.0313595,16.7798,N/A,2,N/A,4,N/A,6,7,2 6,9,4 6,2 9,2 4 6
| 1 | 2 |   | 4 |   | 6 | 7 |   | 9 | 10 |,0.0263017,19.1032,N/A,2,1 2,4,1 4,6,7,1 7,9,10,1 10,2 10
|   | 2 |   | 4 |   | 6 | 7 |   |   | 10 |,0.022055,18.2892,N/A,2,N/A,4,N/A,6,7,2 6,2 7,10,4 7,2 10
| 1 | 2 |   | 4 |   | 6 | 7 | 8 |   |   |,0.0773351,10.5643,N/A,2,1 2,4,1 4,6,7,8,1 8,2 8,1 2 8,4 8
|   | 2 |   | 4 |   | 6 | 7 | 8 |   |   |,0.041731,15.2601,N/A,2,N/A,4,N/A,6,7,8,2 7,2 8,4 7,4 8
| 1 | 2 |   | 4 |   | 6 | 7 | 8 |   | 10 |,0.0342642,17.2928,N/A,2,1 2,4,1 4,6,7,8,1 8,10,1 10,2 10
| 1 | 2 |   | 4 |   | 6 | 7 | 8 | 9 |   |,0.0457302,15.4407,N/A,2,1 2,4,1 4,6,7,8,9,1 9,2 9,1 2 9
|   | 2 |   | 4 |   | 6 | 7 | 8 | 9 |   |,0.0215504,21.3801,N/A,2,N/A,4,N/A,6,7,8,9,2 8,2 9,4 8
| 1 | 2 |   | 4 |   | 6 | 7 | 8 | 9 | 10 |,0.0224157,22.1105,N/A,2,1 2,4,1 4,6,7,8,9,10,1 10,2 10
|   | 2 |   | 4 |   |   | 7 |   | 9 | 10 |,0.0108596,23.222,N/A,2,N/A,4,N/A,2 4,7,N/A,9,10,2 9,2 10
|   | 2 |   | 4 |   |   | 7 | 8 |   | 10 |,0.0164395,20.283,N/A,2,N/A,4,N/A,2 4,7,8,2 7,10,4 7,2 10
|   | 2 |   | 4 |   |   | 7 | 8 | 9 | 10 |,0.0091513,26.6336,N/A,2,N/A,4,N/A,2 4,7,8,9,10,2 9,2 10
| 1 | 2 |   | 4 | 5 |   |   |   |   |   |,0.14802,3.68544,N/A,2,1 2,4,5,1 5,2 5,1 2 5,4 5,1 4 5,2 4 5,1 2 4 5
|   | 2 |   | 4 | 5 |   |   |   |   |   |,0.121914,5.96348,N/A,2,N/A,4,5,2 4,2 5,N/A,4 5,N/A,2 4 5,N/A
| 1 | 2 |   | 4 | 5 |   |   |   |   | 10 |,0.0498543,11.0918,N/A,2,1 2,4,5,1 5,2 5,1 2 5,4 5,10,1 10,2 10
| 1 | 2 |   | 4 | 5 |   |   |   | 9 |   |,0.0735311,9.39066,N/A,2,1 2,4,5,1 5,2 5,1 2 5,9,1 9,2 9,1 2 9
|   | 2 |   | 4 | 5 |   |   |   | 9 |   |,0.0366941,13.5228,N/A,2,N/A,4,5,2 4,2 5,N/A,9,N/A,2 9,N/A
| 1 | 2 |   | 4 | 5 |   |   |   | 9 | 10 |,0.0252153,17.2066,N/A,2,1 2,4,5,1 5,2 5,1 2 5,9,10,1 10,2 10
|   | 2 |   | 4 | 5 |   |   |   |   | 10 |,0.0336934,13.513,N/A,2,N/A,4,5,2 4,2 5,N/A,4 5,10,2 4 5,2 10
| 1 | 2 |   | 4 | 5 |   |   | 8 |   |   |,0.103424,7.41992,N/A,2,1 2,4,5,1 5,2 5,8,1 8,2 8,1 2 8,4 8
|   | 2 |   | 4 | 5 |   |   | 8 |   |   |,0.0762174,9.44483,N/A,2,N/A,4,5,2 4,2 5,8,4 5,2 8,2 4 5,4 8
| 1 | 2 |   | 4 | 5 |   |   | 8 |   | 10 |,0.0401616,14.3865,N/A,2,1 2,4,5,1 5,2 5,8,1 8,10,1 10,2 10
| 1 | 2 |   | 4 | 5 |   |   | 8 | 9 |   |,0.0530121,12.96,N/A,2,1 2,4,5,1 5,2 5,8,9,1 9,2 9,1 2 9
|   | 2 |   | 4 | 5 |   |   | 8 | 9 |   |,0.0282541,16.0704,N/A,2,N/A,4,5,2 4,2 5,8,9,2 8,2 9,4 8
| 1 | 2 |   | 4 | 5 |   |   | 8 | 9 | 10 |,0.0218926,20.3081,N/A,2,1 2,4,5,1 5,2 5,8,9,10,1 10,2 10
|   | 2 |   | 4 | 5 |   |   |   | 9 | 10 |,0.0129744,20.6081,N/A,2,N/A,4,5,2 4,2 5,N/A,9,10,2 9,2 10
| 1 | 2 |   | 4 | 5 |   | 7 |   |   |   |,0.125622,6.13567,N/A,2,1 2,4,5,1 5,7,1 7,2 7,1 2 7,4 7,5 7
|   | 2 |   | 4 | 5 |   | 7 |   |   |   |,0.0716307,10.6312,N/A,2,N/A,4,5,2 4,7,N/A,2 7,N/A,4 7,5 7
| 1 | 2 |   | 4 | 5 |   | 7 |   |   | 10 |,0.0490398,12.8436,N/A,2,1 2,4,5,1 5,7,1 7,2 7,10,1 10,2 10
| 1 | 2 |   | 4 | 5 |   | 7 |   | 9 |   |,0.0643607,11.5987,N/A,2,1 2,4,5,1 5,7,1 7,9,1 9,2 9,1 2 9
|   | 2 |   | 4 | 5 |   | 7 |   | 9 |   |,0.0269109,18.0261,N/A,2,N/A,4,5,2 4,7,N/A,9,N/A,2 9,5 7
| 1 | 2 |   | 4 | 5 |   | 7 |   | 9 | 10 |,0.0267436,18.4936,N/A,2,1 2,4,5,1 5,7,1 7,9,10,1 10,2 10
|   | 2 |   | 4 | 5 |   | 7 |   |   | 10 |,0.0243699,17.7882,N/A,2,N/A,4,5,2 4,7,N/A,2 7,10,4 7,2 10
| 1 | 2 |   | 4 | 5 |   | 7 | 8 |   |   |,0.0861237,9.50046,N/A,2,1 2,4,5,1 5,7,8,1 8,2 8,1 2 8,4 8
|   | 2 |   | 4 | 5 |   | 7 | 8 |   |   |,0.0513332,12.9065,N/A,2,N/A,4,5,2 4,7,8,2 7,2 8,4 7,4 8
| 1 | 2 |   | 4 | 5 |   | 7 | 8 |   | 10 |,0.0380731,15.9617,N/A,2,1 2,4,5,1 5,7,8,1 8,10,1 10,2 10
| 1 | 2 |   | 4 | 5 |   | 7 | 8 | 9 |   |,0.0492026,14.477,N/A,2,1 2,4,5,1 5,7,8,9,1 9,2 9,1 2 9
|   | 2 |   | 4 | 5 |   | 7 | 8 | 9 |   |,0.0236599,19.1747,N/A,2,N/A,4,5,2 4,7,8,9,2 8,2 9,4 8
| 1 | 2 |   | 4 | 5 |   | 7 | 8 | 9 | 10 |,0.0236035,21.0605,N/A,2,1 2,4,5,1 5,7,8,9,10,1 10,2 10
|   | 2 |   | 4 | 5 |   |   | 8 |   | 10 |,0.0216478,17.6508,N/A,2,N/A,4,5,2 4,2 5,8,4 5,10,2 4 5,2 10
|   | 2 |   | 4 | 5 |   |   | 8 | 9 | 10 |,0.0105135,23.7344,N/A,2,N/A,4,5,2 4,2 5,8,9,10,2 9,2 10
| 1 | 2 |   | 4 | 5 | 6 |   |   |   |   |,0.13681,5.60428,N/A,2,1 2,4,5,6,1 6,2 6,1 2 6,4 6,5 6,1 5 6
|   | 2 |   | 4 | 5 | 6 |   |   |   |   |,0.111711,7.37864,N/A,2,N/A,4,5,6,2 5,2 6,4 5,4 6,5 6,2 4 6
| 1 | 2 |   | 4 | 5 | 6 |   |   |   | 10 |,0.0514945,12.564,N/A,2,1 2,4,5,6,1 6,2 6,1 2 6,10,1 10,2 10
| 1 | 2 |   | 4 | 5 | 6 |   |   | 9 |   |,0.069631,10.9068,N/A,2,1 2,4,5,6,1 6,2 6,9,1 9,2 9,1 2 9
|   | 2 |   | 4 | 5 | 6 |   |   | 9 |   |,0.0405712,13.9997,N/A,2,N/A,4,5,6,2 5,2 6,9,4 6,2 9,2 4 6
| 1 | 2 |   | 4 | 5 | 6 |   |   | 9 | 10 |,0.0278813,18.088,N/A,2,1 2,4,5,6,1 6,2 6,9,10,1 10,2 10
|   | 2 |   | 4 | 5 | 6 |   |   |   | 10 |,0.0310928,15.4236,N/A,2,N/A,4,5,6,2 5,2 6,4 5,10,5 6,2 10
| 1 | 2 |   | 4 | 5 | 6 |   | 8 |   |   |,0.0951882,8.49766,N/A,2,1 2,4,5,6,1 6,8,1 8,2 8,1 2 8,4 8
|   | 2 |   | 4 | 5 | 6 |   | 8 |   |   |,0.057637,12.1554,N/A,2,N/A,4,5,6,2 5,8,4 5,2 8,5 6,4 8
| 1 | 2 |   | 4 | 5 | 6 |   | 8 |   | 10 |,0.0405097,15.1276,N/A,2,1 2,4,5,6,1 6,8,1 8,10,1 10,2 10
| 1 | 2 |   | 4 | 5 | 6 |   | 8 | 9 |   |,0.0523513,13.5399,N/A,2,1 2,4,5,6,1 6,8,9,1 9,2 9,1 2 9
|   | 2 |   | 4 | 5 | 6 |   | 8 | 9 |   |,0.0272761,17.9507,N/A,2,N/A,4,5,6,2 5,8,9,2 8,2 9,4 8
| 1 | 2 |   | 4 | 5 | 6 |   | 8 | 9 | 10 |,0.0244104,20.2501,N/A,2,1 2,4,5,6,1 6,8,9,10,1 10,2 10
|   | 2 |   | 4 | 5 | 6 |   |   | 9 | 10 |,0.0138984,21.8271,N/A,2,N/A,4,5,6,2 5,2 6,9,10,2 9,2 10
| 1 | 2 |   | 4 | 5 | 6 | 7 |   |   |   |,0.108432,7.57411,N/A,2,1 2,4,5,6,7,1 7,2 7,1 2 7,4 7,5 7
|   | 2 |   | 4 | 5 | 6 | 7 |   |   |   |,0.0712091,10.6365,N/A,2,N/A,4,5,6,7,2 6,2 7,4 6,4 7,5 7
| 1 | 2 |   | 4 | 5 | 6 | 7 |   |   | 10 |,0.0484911,13.9325,N/A,2,1 2,4,5,6,7,1 7,2 7,10,1 10,2 10
| 1 | 2 |   | 4 | 5 | 6 | 7 |   | 9 |   |,0.063478,12.1384,N/A,2,1 2,4,5,6,7,1 7,9,1 9,2 9,1 2 9
|   | 2 |   | 4 | 5 | 6 | 7 |   | 9 |   |,0.0324683,17.0727,N/A,2,N/A,4,5,6,7,2 6,9,4 6,2 9,5 7
| 1 | 2 |   | 4 | 5 | 6 | 7 |   | 9 | 10 |,0.0295881,18.7252,N/A,2,1 2,4,5,6,7,1 7,9,10,1 10,2 10
|   | 2 |   | 4 | 5 | 6 | 7 |   |   | 10 |,0.0259047,18.0081,N/A,2,N/A,4,5,6,7,2 6,2 7,10,4 7,2 10
| 1 | 2 |   | 4 | 5 | 6 | 7 | 8 |   |   |,0.079911,10.4063,N/A,2,1 2,4,5,6,7,8,1 8,2 8,1 2 8,4 8
|   | 2 |   | 4 | 5 | 6 | 7 | 8 |   |   |,0.0471743,14.3589,N/A,2,N/A,4,5,6,7,8,2 7,2 8,4 7,4 8
| 1 | 2 |   | 4 | 5 | 6 | 7 | 8 |   | 10 |,0.0399988,16.2471,N/A,2,1 2,4,5,6,7,8,1 8,10,1 10,2 10
| 1 | 2 |   | 4 | 5 | 6 | 7 | 8 | 9 |   |,0.050867,14.6356,N/A,2,1 2,4,5,6,7,8,9,1 9,2 9,1 2 9
|   | 2 |   | 4 | 5 | 6 | 7 | 8 | 9 |   |,0.0257121,19.9054,N/A,2,N/A,4,5,6,7,8,9,2 8,2 9,4 8
| 1 | 2 |   | 4 | 5 | 6 | 7 | 8 | 9 | 10 |,0.0272833,20.5655,N/A,2,1 2,4,5,6,7,8,9,10,1 10,2 10
|   | 2 |   |   | 5 |   | 7 |   | 9 | 10 |,0.00934499,25.2516,N/A,2,N/A,N/A,5,N/A,7,N/A,9,10,2 9,2 10
|   | 2 |   |   | 5 |   | 7 | 8 |   | 10 |,0.0121099,23.2625,N/A,2,N/A,N/A,5,N/A,7,8,2 7,10,N/A,2 10
|   | 2 |   |   | 5 |   | 7 | 8 | 9 | 10 |,0.0074906,29.1829,N/A,2,N/A,N/A,5,N/A,7,8,9,10,2 9,2 10
|   | 2 |   |   | 5 | 6 |   | 8 |   | 10 |,0.0147558,21.5075,N/A,2,N/A,N/A,5,6,2 5,8,N/A,10,5 6,2 10
|   | 2 |   |   | 5 | 6 |   | 8 | 9 | 10 |,0.00912748,26.1744,N/A,2,N/A,N/A,5,6,2 5,8,9,10,2 9,2 10
|   | 2 |   |   | 5 | 6 | 7 |   | 9 | 10 |,0.0115106,24.7248,N/A,2,N/A,N/A,5,6,7,2 6,9,10,2 9,2 10
|   | 2 |   |   | 5 | 6 | 7 | 8 |   | 10 |,0.0142102,23.5972,N/A,2,N/A,N/A,5,6,7,8,2 7,10,5 6,2 10
|   | 2 |   |   | 5 | 6 | 7 | 8 | 9 | 10 |,0.00899048,29.1141,N/A,2,N/A,N/A,5,6,7,8,9,10,2 9,2 10
| 1 | 2 | 3 |   |   |   |   |   |   |   |,0.165638,4.00566,N/A,2,3,1 3,2 3,1 2 3,N/A,N/A,N/A,N/A,N/A,N/A
|   | 2 | 3 |   |   |   |   |   |   |   |,0.114198,4.21451,N/A,2,3,N/A,2 3,N/A,N/A,N/A,N/A,N/A,N/A,N/A
| 1 | 2 | 3 |   |   |   |   |   |   | 10 |,0.0462963,11.4948,N/A,2,3,1 3,2 3,1 2 3,N/A,N/A,N/A,10,1 10,2 10
| 1 | 2 | 3 |   |   |   |   |   | 9 |   |,0.0706447,9.21365,N/A,2,3,1 3,2 3,1 2 3,N/A,N/A,9,1 9,2 9,3 9
|   | 2 | 3 |   |   |   |   |   | 9 |   |,0.0334362,10.9304,N/A,2,3,N/A,2 3,N/A,N/A,N/A,9,N/A,2 9,3 9
| 1 | 2 | 3 |   |   |   |   |   | 9 | 10 |,0.021462,17.8509,N/A,2,3,1 3,2 3,1 2 3,N/A,N/A,9,10,1 10,2 10
|   | 2 | 3 |   |   |   |   |   |   | 10 |,0.0223765,12.794,N/A,2,3,N/A,2 3,N/A,N/A,N/A,N/A,10,N/A,2 10
| 1 | 2 | 3 |   |   |   |   | 8 |   |   |,0.0965364,6.85764,N/A,2,3,1 3,2 3,1 2 3,N/A,8,1 8,2 8,3 8,1 3 8
|   | 2 | 3 |   |   |   |   | 8 |   |   |,0.0444959,9.24906,N/A,2,3,N/A,2 3,N/A,N/A,8,N/A,2 8,3 8,N/A
| 1 | 2 | 3 |   |   |   |   | 8 |   | 10 |,0.0322717,14.9501,N/A,2,3,1 3,2 3,1 2 3,N/A,8,1 8,10,1 10,2 10
| 1 | 2 | 3 |   |   |   |   | 8 | 9 |   |,0.0459557,13.3805,N/A,2,3,1 3,2 3,1 2 3,N/A,8,9,1 9,2 9,3 9
|   | 2 | 3 |   |   |   |   | 8 | 9 |   |,0.025563,15.5833,N/A,2,3,N/A,2 3,N/A,N/A,8,9,2 8,2 9,3 9
| 1 | 2 | 3 |   |   |   |   | 8 | 9 | 10 |,0.0169511,21.8065,N/A,2,3,1 3,2 3,1 2 3,N/A,8,9,10,1 10,2 10
|   | 2 | 3 |   |   |   |   |   | 9 | 10 |,0.0101166,19.362,N/A,2,3,N/A,2 3,N/A,N/A,N/A,9,10,2 9,2 10
| 1 | 2 | 3 |   |   |   | 7 |   |   |   |,0.127058,4.49005,N/A,2,3,1 3,2 3,1 2 3,7,1 7,2 7,3 7,1 3 7,2 3 7
|   | 2 | 3 |   |   |   | 7 |   |   |   |,0.0833333,7.41667,N/A,2,3,N/A,2 3,N/A,7,N/A,2 7,3 7,N/A,2 3 7
| 1 | 2 | 3 |   |   |   | 7 |   |   | 10 |,0.0460927,11.9561,N/A,2,3,1 3,2 3,1 2 3,7,1 7,2 7,10,1 10,2 10
| 1 | 2 | 3 |   |   |   | 7 |   | 9 |   |,0.0674083,10.1147,N/A,2,3,1 3,2 3,1 2 3,7,1 7,9,1 9,2 9,3 9
|   | 2 | 3 |   |   |   | 7 |   | 9 |   |,0.0359225,14.3401,N/A,2,3,N/A,2 3,N/A,7,N/A,9,3 7,2 9,3 9
| 1 | 2 | 3 |   |   |   | 7 |   | 9 | 10 |,0.0249533,17.9375,N/A,2,3,1 3,2 3,1 2 3,7,1 7,9,10,1 10,2 10
|   | 2 | 3 |   |   |   | 7 |   |   | 10 |,0.0196116,16.4158,N/A,2,3,N/A,2 3,N/A,7,N/A,2 7,10,N/A,2 10
| 1 | 2 | 3 |   |   |   | 7 | 8 |   |   |,0.0880773,8.57135,N/A,2,3,1 3,2 3,1 2 3,7,8,1 8,2 8,3 8,1 3 8
|   | 2 | 3 |   |   |   | 7 | 8 |   |   |,0.0558985,11.6306,N/A,2,3,N/A,2 3,N/A,7,8,2 7,2 8,3 8,2 3 7
| 1 | 2 | 3 |   |   |   | 7 | 8 |   | 10 |,0.0340108,16.0296,N/A,2,3,1 3,2 3,1 2 3,7,8,1 8,10,1 10,2 10
| 1 | 2 | 3 |   |   |   | 7 | 8 | 9 |   |,0.0475001,14.3979,N/A,2,3,1 3,2 3,1 2 3,7,8,9,1 9,2 9,3 9
|   | 2 | 3 |   |   |   | 7 | 8 | 9 |   |,0.0263965,18.3953,N/A,2,3,N/A,2 3,N/A,7,8,9,2 8,2 9,3 9
| 1 | 2 | 3 |   |   |   | 7 | 8 | 9 | 10 |,0.020015,22.0241,N/A,2,3,1 3,2 3,1 2 3,7,8,9,10,1 10,2 10
|   | 2 | 3 |   |   |   |   | 8 |   | 10 |,0.0144462,18.1083,N/A,2,3,N/A,2 3,N/A,N/A,8,N/A,10,3 8,2 10
|   | 2 | 3 |   |   |   |   | 8 | 9 | 10 |,0.0081471,24.4692,N/A,2,3,N/A,2 3,N/A,N/A,8,9,10,2 9,2 10
| 1 | 2 | 3 |   |   | 6 |   |   |   |   |,0.147205,3.70958,N/A,2,3,1 3,2 3,6,1 6,2 6,3 6,1 3 6,2 3 6,1 2 3 6
|   | 2 | 3 |   |   | 6 |   |   |   |   |,0.109311,6.26535,N/A,2,3,N/A,2 3,6,N/A,2 6,3 6,N/A,2 3 6,N/A
| 1 | 2 | 3 |   |   | 6 |   |   |   | 10 |,0.0496113,11.0329,N/A,2,3,1 3,2 3,6,1 6,2 6,3 6,10,1 10,2 10
| 1 | 2 | 3 |   |   | 6 |   |   | 9 |   |,0.0753625,9.08209,N/A,2,3,1 3,2 3,6,1 6,2 6,9,1 9,2 9,3 9
|   | 2 | 3 |   |   | 6 |   |   | 9 |   |,0.0403092,13.4406,N/A,2,3,N/A,2 3,6,N/A,2 6,9,N/A,2 9,3 9
| 1 | 2 | 3 |   |   | 6 |   |   | 9 | 10 |,0.0269855,16.8882,N/A,2,3,1 3,2 3,6,1 6,2 6,9,10,1 10,2 10
|   | 2 | 3 |   |   | 6 |   |   |   | 10 |,0.0302641,13.9048,N/A,2,3,N/A,2 3,6,N/A,2 6,3 6,10,2 3 6,2 10
| 1 | 2 | 3 |   |   | 6 |   | 8 |   |   |,0.0994203,7.47803,N/A,2,3,1 3,2 3,6,1 6,8,1 8,2 8,3 8,1 3 8
|   | 2 | 3 |   |   | 6 |   | 8 |   |   |,0.0584562,11.5737,N/A,2,3,N/A,2 3,6,N/A,8,3 6,2 8,3 8,N/A
| 1 | 2 | 3 |   |   | 6 |   | 8 |   | 10 |,0.0377066,14.8095,N/A,2,3,1 3,2 3,6,1 6,8,1 8,10,1 10,2 10
| 1 | 2 | 3 |   |   | 6 |   | 8 | 9 |   |,0.0536562,12.9774,N/A,2,3,1 3,2 3,6,1 6,8,9,1 9,2 9,3 9
|   | 2 | 3 |   |   | 6 |   | 8 | 9 |   |,0.0250478,18.3329,N/A,2,3,N/A,2 3,6,N/A,8,9,2 8,2 9,3 9
| 1 | 2 | 3 |   |   | 6 |   | 8 | 9 | 10 |,0.0218787,20.6059,N/A,2,3,1 3,2 3,6,1 6,8,9,10,1 10,2 10
|   | 2 | 3 |   |   | 6 |   |   | 9 | 10 |,0.0130196,21.0222,N/A,2,3,N/A,2 3,6,N/A,2 6,9,10,2 9,2 10
| 1 | 2 | 3 |   |   | 6 | 7 |   |   |   |,0.124035,6.21187,N/A,2,3,1 3,2 3,6,7,1 7,2 7,3 7,1 3 7,2 3 7
|   | 2 | 3 |   |   | 6 | 7 |   |   |   |,0.0948645,8.42713,N/A,2,3,N/A,2 3,6,7,2 6,2 7,3 7,2 3 6,2 3 7
| 1 | 2 | 3 |   |   | 6 | 7 |   |   | 10 |,0.0496352,12.852,N/A,2,3,1 3,2 3,6,7,1 7,2 7,10,1 10,2 10
| 1 | 2 | 3 |   |   | 6 | 7 |   | 9 |   |,0.0687824,11.2202,N/A,2,3,1 3,2 3,6,7,1 7,9,1 9,2 9,3 9
|   | 2 | 3 |   |   | 6 | 7 |   | 9 |   |,0.0410284,14.867,N/A,2,3,N/A,2 3,6,7,2 6,9,3 7,2 9,3 9
| 1 | 2 | 3 |   |   | 6 | 7 |   | 9 | 10 |,0.0286427,18.2631,N/A,2,3,1 3,2 3,6,7,1 7,9,10,1 10,2 10
|   | 2 | 3 |   |   | 6 | 7 |   |   | 10 |,0.0262489,16.5851,N/A,2,3,N/A,2 3,6,7,2 6,2 7,10,2 3 6,2 10
| 1 | 2 | 3 |   |   | 6 | 7 | 8 |   |   |,0.0858942,9.82484,N/A,2,3,1 3,2 3,6,7,8,1 8,2 8,3 8,1 3 8
|   | 2 | 3 |   |   | 6 | 7 | 8 |   |   |,0.0529573,13.2084,N/A,2,3,N/A,2 3,6,7,8,2 7,2 8,3 8,2 3 7
| 1 | 2 | 3 |   |   | 6 | 7 | 8 |   | 10 |,0.0377038,16.3851,N/A,2,3,1 3,2 3,6,7,8,1 8,10,1 10,2 10
| 1 | 2 | 3 |   |   | 6 | 7 | 8 | 9 |   |,0.0507009,14.8697,N/A,2,3,1 3,2 3,6,7,8,9,1 9,2 9,3 9
|   | 2 | 3 |   |   | 6 | 7 | 8 | 9 |   |,0.0266291,19.3365,N/A,2,3,N/A,2 3,6,7,8,9,2 8,2 9,3 9
| 1 | 2 | 3 |   |   | 6 | 7 | 8 | 9 | 10 |,0.0240912,21.6685,N/A,2,3,1 3,2 3,6,7,8,9,10,1 10,2 10
|   | 2 | 3 |   |   |   | 7 |   | 9 | 10 |,0.0103166,23.1973,N/A,2,3,N/A,2 3,N/A,7,N/A,9,10,2 9,2 10
|   | 2 | 3 |   |   |   | 7 | 8 |   | 10 |,0.0167645,20.216,N/A,2,3,N/A,2 3,N/A,7,8,2 7,10,3 8,2 10
|   | 2 | 3 |   |   |   | 7 | 8 | 9 | 10 |,0.00920091,26.9457,N/A,2,3,N/A,2 3,N/A,7,8,9,10,2 9,2 10
| 1 | 2 | 3 |   | 5 |   |   |   |   |   |,0.160151,3.37551,N/A,2,3,1 3,5,1 5,2 5,3 5,1 3 5,2 3 5,1 2 3 5,N/A
|   | 2 | 3 |   | 5 |   |   |   |   |   |,0.122942,5.83608,N/A,2,3,N/A,5,N/A,2 5,3 5,N/A,2 3 5,N/A,N/A
| 1 | 2 | 3 |   | 5 |   |   |   |   | 10 |,0.0505473,10.548,N/A,2,3,1 3,5,1 5,2 5,3 5,1 3 5,10,1 10,2 10
| 1 | 2 | 3 |   | 5 |   |   |   | 9 |   |,0.0800659,8.45849,N/A,2,3,1 3,5,1 5,2 5,3 5,9,1 9,2 9,3 9
|   | 2 | 3 |   | 5 |   |   |   | 9 |   |,0.0590992,11.2974,N/A,2,3,N/A,5,N/A,2 5,3 5,9,2 3 5,2 9,3 9
| 1 | 2 | 3 |   | 5 |   |   |   | 9 | 10 |,0.0287224,16.232,N/A,2,3,1 3,5,1 5,2 5,3 5,9,10,1 10,2 10
|   | 2 | 3 |   | 5 |   |   |   |   | 10 |,0.0256773,14.5052,N/A,2,3,N/A,5,N/A,2 5,3 5,N/A,10,N/A,2 10
| 1 | 2 | 3 |   | 5 |   |   | 8 |   |   |,0.108802,6.85397,N/A,2,3,1 3,5,1 5,2 5,8,1 8,2 8,3 8,1 3 8
|   | 2 | 3 |   | 5 |   |   | 8 |   |   |,0.060821,11.5851,N/A,2,3,N/A,5,N/A,2 5,8,N/A,2 8,3 8,N/A
| 1 | 2 | 3 |   | 5 |   |   | 8 |   | 10 |,0.0378249,14.3878,N/A,2,3,1 3,5,1 5,2 5,8,1 8,10,1 10,2 10
| 1 | 2 | 3 |   | 5 |   |   | 8 | 9 |   |,0.0561912,12.3852,N/A,2,3,1 3,5,1 5,2 5,8,9,1 9,2 9,3 9
|   | 2 | 3 |   | 5 |   |   | 8 | 9 |   |,0.0313294,16.8407,N/A,2,3,N/A,5,N/A,2 5,8,9,2 8,2 9,3 9
| 1 | 2 | 3 |   | 5 |   |   | 8 | 9 | 10 |,0.0226561,19.9946,N/A,2,3,1 3,5,1 5,2 5,8,9,10,1 10,2 10
|   | 2 | 3 |   | 5 |   |   |   | 9 | 10 |,0.0162799,19.7205,N/A,2,3,N/A,5,N/A,2 5,3 5,9,10,2 9,2 10
| 1 | 2 | 3 |   | 5 |   | 7 |   |   |   |,0.13323,5.57089,N/A,2,3,1 3,5,1 5,7,1 7,2 7,3 7,1 3 7,5 7
|   | 2 | 3 |   | 5 |   | 7 |   |   |   |,0.0860768,9.52778,N/A,2,3,N/A,5,N/A,7,3 5,2 7,3 7,N/A,5 7
| 1 | 2 | 3 |   | 5 |   | 7 |   |   | 10 |,0.0497638,12.5872,N/A,2,3,1 3,5,1 5,7,1 7,2 7,10,1 10,2 10
| 1 | 2 | 3 |   | 5 |   | 7 |   | 9 |   |,0.0734219,10.5316,N/A,2,3,1 3,5,1 5,7,1 7,9,1 9,2 9,3 9
|   | 2 | 3 |   | 5 |   | 7 |   | 9 |   |,0.0402735,15.5882,N/A,2,3,N/A,5,N/A,7,3 5,9,3 7,2 9,3 9
| 1 | 2 | 3 |   | 5 |   | 7 |   | 9 | 10 |,0.0293515,17.8981,N/A,2,3,1 3,5,1 5,7,1 7,9,10,1 10,2 10
|   | 2 | 3 |   | 5 |   | 7 |   |   | 10 |,0.0242627,18.1004,N/A,2,3,N/A,5,N/A,7,3 5,2 7,10,N/A,2 10
| 1 | 2 | 3 |   | 5 |   | 7 | 8 |   |   |,0.0919504,8.86145,N/A,2,3,1 3,5,1 5,7,8,1 8,2 8,3 8,1 3 8
|   | 2 | 3 |   | 5 |   | 7 | 8 |   |   |,0.0459581,14.4407,N/A,2,3,N/A,5,N/A,7,8,2 7,2 8,3 8,5 7
| 1 | 2 | 3 |   | 5 |   | 7 | 8 |   | 10 |,0.0375963,16.0578,N/A,2,3,1 3,5,1 5,7,8,1 8,10,1 10,2 10
| 1 | 2 | 3 |   | 5 |   | 7 | 8 | 9 |   |,0.0534203,13.9056,N/A,2,3,1 3,5,1 5,7,8,9,1 9,2 9,3 9
|   | 2 | 3 |   | 5 |   | 7 | 8 | 9 |   |,0.0255492,20.5896,N/A,2,3,N/A,5,N/A,7,8,9,2 8,2 9,3 9
| 1 | 2 | 3 |   | 5 |   | 7 | 8 | 9 | 10 |,0.0244822,20.9965,N/A,2,3,1 3,5,1 5,7,8,9,10,1 10,2 10
|   | 2 | 3 |   | 5 |   |   | 8 |   | 10 |,0.016649,20.072,N/A,2,3,N/A,5,N/A,2 5,8,N/A,10,3 8,2 10
|   | 2 | 3 |   | 5 |   |   | 8 | 9 | 10 |,0.0103873,25.2648,N/A,2,3,N/A,5,N/A,2 5,8,9,10,2 9,2 10
| 1 | 2 | 3 |   | 5 | 6 |   |   |   |   |,0.147686,4.90025,N/A,2,3,1 3,5,6,1 6,2 6,3 6,1 3 6,5 6,1 5 6
|   | 2 | 3 |   | 5 | 6 |   |   |   |   |,0.115112,7.21916,N/A,2,3,N/A,5,6,2 5,2 6,3 6,2 3 5,5 6,N/A
| 1 | 2 | 3 |   | 5 | 6 |   |   |   | 10 |,0.0590143,11.3431,N/A,2,3,1 3,5,6,1 6,2 6,3 6,10,1 10,2 10
| 1 | 2 | 3 |   | 5 | 6 |   |   | 9 |   |,0.0837363,9.36123,N/A,2,3,1 3,5,6,1 6,2 6,9,1 9,2 9,3 9
|   | 2 | 3 |   | 5 | 6 |   |   | 9 |   |,0.0471473,13.3334,N/A,2,3,N/A,5,6,2 5,2 6,9,2 3 5,2 9,3 9
| 1 | 2 | 3 |   | 5 | 6 |   |   | 9 | 10 |,0.0337218,16.4561,N/A,2,3,1 3,5,6,1 6,2 6,9,10,1 10,2 10
|   | 2 | 3 |   | 5 | 6 |   |   |   | 10 |,0.03316,14.796,N/A,2,3,N/A,5,6,2 5,2 6,3 6,10,5 6,2 10
| 1 | 2 | 3 |   | 5 | 6 |   | 8 |   |   |,0.100234,8.19849,N/A,2,3,1 3,5,6,1 6,8,1 8,2 8,3 8,1 3 8
|   | 2 | 3 |   | 5 | 6 |   | 8 |   |   |,0.0614097,12.1593,N/A,2,3,N/A,5,6,2 5,8,3 6,2 8,3 8,N/A
| 1 | 2 | 3 |   | 5 | 6 |   | 8 |   | 10 |,0.0416297,15.0932,N/A,2,3,1 3,5,6,1 6,8,1 8,10,1 10,2 10
| 1 | 2 | 3 |   | 5 | 6 |   | 8 | 9 |   |,0.058435,12.9255,N/A,2,3,1 3,5,6,1 6,8,9,1 9,2 9,3 9
|   | 2 | 3 |   | 5 | 6 |   | 8 | 9 |   |,0.0300906,17.948,N/A,2,3,N/A,5,6,2 5,8,9,2 8,2 9,3 9
| 1 | 2 | 3 |   | 5 | 6 |   | 8 | 9 | 10 |,0.0264989,19.86,N/A,2,3,1 3,5,6,1 6,8,9,10,1 10,2 10
|   | 2 | 3 |   | 5 | 6 |   |   | 9 | 10 |,0.0167316,20.9038,N/A,2,3,N/A,5,6,2 5,2 6,9,10,2 9,2 10
| 1 | 2 | 3 |   | 5 | 6 | 7 |   |   |   |,0.119718,6.68389,N/A,2,3,1 3,5,6,7,1 7,2 7,3 7,1 3 7,5 7
|   | 2 | 3 |   | 5 | 6 | 7 |   |   |   |,0.0799659,9.94383,N/A,2,3,N/A,5,6,7,2 6,2 7,3 7,5 6,5 7
| 1 | 2 | 3 |   | 5 | 6 | 7 |   |   | 10 |,0.0540233,12.7894,N/A,2,3,1 3,5,6,7,1 7,2 7,10,1 10,2 10
| 1 | 2 | 3 |   | 5 | 6 | 7 |   | 9 |   |,0.0727591,11.1371,N/A,2,3,1 3,5,6,7,1 7,9,1 9,2 9,3 9
|   | 2 | 3 |   | 5 | 6 | 7 |   | 9 |   |,0.0412385,15.7316,N/A,2,3,N/A,5,6,7,2 6,9,3 7,2 9,3 9
| 1 | 2 | 3 |   | 5 | 6 | 7 |   | 9 | 10 |,0.0337994,17.5972,N/A,2,3,1 3,5,6,7,1 7,9,10,1 10,2 10
|   | 2 | 3 |   | 5 | 6 | 7 |   |   | 10 |,0.0274388,17.7214,N/A,2,3,N/A,5,6,7,2 6,2 7,10,5 6,2 10
| 1 | 2 | 3 |   | 5 | 6 | 7 | 8 |   |   |,0.0878205,9.65017,N/A,2,3,1 3,5,6,7,8,1 8,2 8,3 8,1 3 8
|   | 2 | 3 |   | 5 | 6 | 7 | 8 |   |   |,0.0502744,14.4089,N/A,2,3,N/A,5,6,7,8,2 7,2 8,3 8,5 7
| 1 | 2 | 3 |   | 5 | 6 | 7 | 8 |   | 10 |,0.0423291,15.8584,N/A,2,3,1 3,5,6,7,8,1 8,10,1 10,2 10
| 1 | 2 | 3 |   | 5 | 6 | 7 | 8 | 9 |   |,0.0568121,13.9433,N/A,2,3,1 3,5,6,7,8,9,1 9,2 9,3 9
|   | 2 | 3 |   | 5 | 6 | 7 | 8 | 9 |   |,0.0293297,19.7936,N/A,2,3,N/A,5,6,7,8,9,2 8,2 9,3 9
| 1 | 2 | 3 |   | 5 | 6 | 7 | 8 | 9 | 10 |,0.0295997,20.0854,N/A,2,3,1 3,5,6,7,8,9,10,1 10,2 10
|   | 2 | 3 |   |   | 6 |   | 8 |   | 10 |,0.0183304,19.7568,N/A,2,3,N/A,2 3,6,N/A,8,3 6,10,3 8,2 10
|   | 2 | 3 |   |   | 6 |   | 8 | 9 | 10 |,0.00933686,26.5864,N/A,2,3,N/A,2 3,6,N/A,8,9,10,2 9,2 10
|   | 2 | 3 |   |   | 6 | 7 |   | 9 | 10 |,0.0136722,22.8962,N/A,2,3,N/A,2 3,6,7,2 6,9,10,2 9,2 10
|   | 2 | 3 |   |   | 6 | 7 | 8 |   | 10 |,0.0190695,20.9514,N/A,2,3,N/A,2 3,6,7,8,2 7,10,3 8,2 10
|   | 2 | 3 |   |   | 6 | 7 | 8 | 9 | 10 |,0.0111057,26.9484,N/A,2,3,N/A,2 3,6,7,8,9,10,2 9,2 10
| 1 | 2 | 3 | 4 |   |   |   |   |   |   |,0.171746,3.28181,N/A,2,3,4,1 4,2 4,3 4,1 3 4,2 3 4,1 2 3 4,N/A,N/A
|   | 2 | 3 | 4 |   |   |   |   |   |   |,0.155093,4.63812,N/A,2,3,4,2 3,2 4,3 4,N/A,2 3 4,N/A,N/A,N/A
| 1 | 2 | 3 | 4 |   |   |   |   |   | 10 |,0.0573988,9.99306,N/A,2,3,4,1 4,2 4,3 4,1 3 4,2 3 4,10,1 10,2 10
| 1 | 2 | 3 | 4 |   |   |   |   | 9 |   |,0.0875557,8.00684,N/A,2,3,4,1 4,2 4,3 4,1 3 4,9,1 9,2 9,3 9
|   | 2 | 3 | 4 |   |   |   |   | 9 |   |,0.0552555,11.1284,N/A,2,3,4,2 3,2 4,3 4,N/A,9,N/A,2 9,3 9
| 1 | 2 | 3 | 4 |   |   |   |   | 9 | 10 |,0.0305844,15.843,N/A,2,3,4,1 4,2 4,3 4,1 3 4,9,10,1 10,2 10
|   | 2 | 3 | 4 |   |   |   |   |   | 10 |,0.0396091,12.3043,N/A,2,3,4,2 3,2 4,3 4,N/A,2 3 4,10,N/A,2 10
| 1 | 2 | 3 | 4 |   |   |   | 8 |   |   |,0.121163,6.15835,N/A,2,3,4,1 4,2 4,3 4,8,1 8,2 8,3 8,4 8
|   | 2 | 3 | 4 |   |   |   | 8 |   |   |,0.102023,7.54936,N/A,2,3,4,2 3,2 4,3 4,8,2 3 4,2 8,3 8,4 8
| 1 | 2 | 3 | 4 |   |   |   | 8 |   | 10 |,0.0452609,13.2887,N/A,2,3,4,1 4,2 4,3 4,8,1 8,10,1 10,2 10
| 1 | 2 | 3 | 4 |   |   |   | 8 | 9 |   |,0.065095,11.5191,N/A,2,3,4,1 4,2 4,3 4,8,9,1 9,2 9,3 9
|   | 2 | 3 | 4 |   |   |   | 8 | 9 |   |,0.043117,13.5893,N/A,2,3,4,2 3,2 4,3 4,8,9,2 8,2 9,3 9
| 1 | 2 | 3 | 4 |   |   |   | 8 | 9 | 10 |,0.0257428,19.3495,N/A,2,3,4,1 4,2 4,3 4,8,9,10,1 10,2 10
|   | 2 | 3 | 4 |   |   |   |   | 9 | 10 |,0.0181684,18.4993,N/A,2,3,4,2 3,2 4,3 4,N/A,9,10,2 9,2 10
| 1 | 2 | 3 | 4 |   |   | 7 |   |   |   |,0.146669,4.94092,N/A,2,3,4,1 4,2 4,7,1 7,2 7,3 7,4 7,1 4 7
|   | 2 | 3 | 4 |   |   | 7 |   |   |   |,0.101723,7.72925,N/A,2,3,4,2 3,2 4,7,N/A,2 7,3 7,4 7,2 3 7
| 1 | 2 | 3 | 4 |   |   | 7 |   |   | 10 |,0.0546911,11.864,N/A,2,3,4,1 4,2 4,7,1 7,2 7,10,1 10,2 10
| 1 | 2 | 3 | 4 |   |   | 7 |   | 9 |   |,0.0781385,9.77466,N/A,2,3,4,1 4,2 4,7,1 7,9,1 9,2 9,3 9
|   | 2 | 3 | 4 |   |   | 7 |   | 9 |   |,0.0411618,14.3517,N/A,2,3,4,2 3,2 4,7,N/A,9,3 7,2 9,3 9
| 1 | 2 | 3 | 4 |   |   | 7 |   | 9 | 10 |,0.0311995,17.1043,N/A,2,3,4,1 4,2 4,7,1 7,9,10,1 10,2 10
|   | 2 | 3 | 4 |   |   | 7 |   |   | 10 |,0.0277778,16.0087,N/A,2,3,4,2 3,2 4,7,N/A,2 7,10,4 7,2 10
| 1 | 2 | 3 | 4 |   |   | 7 | 8 |   |   |,0.101481,8.02608,N/A,2,3,4,1 4,2 4,7,8,1 8,2 8,3 8,4 8
|   | 2 | 3 | 4 |   |   | 7 | 8 |   |   |,0.0681275,10.5208,N/A,2,3,4,2 3,2 4,7,8,2 7,2 8,3 8,4 8
| 1 | 2 | 3 | 4 |   |   | 7 | 8 |   | 10 |,0.0423871,14.9914,N/A,2,3,4,1 4,2 4,7,8,1 8,10,1 10,2 10
| 1 | 2 | 3 | 4 |   |   | 7 | 8 | 9 |   |,0.0597901,13.0154,N/A,2,3,4,1 4,2 4,7,8,9,1 9,2 9,3 9
|   | 2 | 3 | 4 |   |   | 7 | 8 | 9 |   |,0.034256,16.2003,N/A,2,3,4,2 3,2 4,7,8,9,2 8,2 9,3 9
| 1 | 2 | 3 | 4 |   |   | 7 | 8 | 9 | 10 |,0.0270968,20.2071,N/A,2,3,4,1 4,2 4,7,8,9,10,1 10,2 10
|   | 2 | 3 | 4 |   |   |   | 8 |   | 10 |,0.0281421,15.6587,N/A,2,3,4,2 3,2 4,3 4,8,2 3 4,10,3 8,2 10
|   | 2 | 3 | 4 |   |   |   | 8 | 9 | 10 |,0.0151467,21.303,N/A,2,3,4,2 3,2 4,3 4,8,9,10,2 9,2 10
| 1 | 2 | 3 | 4 |   | 6 |   |   |   |   |,0.156657,4.3412,N/A,2,3,4,1 4,6,1 6,2 6,3 6,4 6,1 4 6,2 4 6
|   | 2 | 3 | 4 |   | 6 |   |   |   |   |,0.129415,5.6044,N/A,2,3,4,2 3,6,3 4,2 6,3 6,4 6,2 3 6,2 4 6
| 1 | 2 | 3 | 4 |   | 6 |   |   |   | 10 |,0.0636925,10.6391,N/A,2,3,4,1 4,6,1 6,2 6,3 6,10,1 10,2 10
| 1 | 2 | 3 | 4 |   | 6 |   |   | 9 |   |,0.0881725,8.82494,N/A,2,3,4,1 4,6,1 6,2 6,9,1 9,2 9,3 9
|   | 2 | 3 | 4 |   | 6 |   |   | 9 |   |,0.0547578,11.6097,N/A,2,3,4,2 3,6,3 4,2 6,9,4 6,2 9,3 9
| 1 | 2 | 3 | 4 |   | 6 |   |   | 9 | 10 |,0.0356036,15.8578,N/A,2,3,4,1 4,6,1 6,2 6,9,10,1 10,2 10
|   | 2 | 3 | 4 |   | 6 |   |   |   | 10 |,0.0375586,13.4403,N/A,2,3,4,2 3,6,3 4,2 6,3 6,10,2 3 6,2 10
| 1 | 2 | 3 | 4 |   | 6 |   | 8 |   |   |,0.114627,6.75684,N/A,2,3,4,1 4,6,1 6,8,1 8,2 8,3 8,4 8
|   | 2 | 3 | 4 |   | 6 |   | 8 |   |   |,0.0726428,9.92292,N/A,2,3,4,2 3,6,3 4,8,3 6,2 8,3 8,4 8
| 1 | 2 | 3 | 4 |   | 6 |   | 8 |   | 10 |,0.0479095,13.5666,N/A,2,3,4,1 4,6,1 6,8,1 8,10,1 10,2 10
| 1 | 2 | 3 | 4 |   | 6 |   | 8 | 9 |   |,0.0658071,11.6904,N/A,2,3,4,1 4,6,1 6,8,9,1 9,2 9,3 9
|   | 2 | 3 | 4 |   | 6 |   | 8 | 9 |   |,0.0372825,15.4668,N/A,2,3,4,2 3,6,3 4,8,9,2 8,2 9,3 9
| 1 | 2 | 3 | 4 |   | 6 |   | 8 | 9 | 10 |,0.0296647,18.6455,N/A,2,3,4,1 4,6,1 6,8,9,10,1 10,2 10
|   | 2 | 3 | 4 |   | 6 |   |   | 9 | 10 |,0.0196485,19.1393,N/A,2,3,4,2 3,6,3 4,2 6,9,10,2 9,2 10
| 1 | 2 | 3 | 4 |   | 6 | 7 |   |   |   |,0.131089,5.60333,N/A,2,3,4,1 4,6,7,1 7,2 7,3 7,4 7,1 4 7
|   | 2 | 3 | 4 |   | 6 | 7 |   |   |   |,0.0868484,8.51355,N/A,2,3,4,2 3,6,7,2 6,2 7,3 7,4 7,2 3 7
| 1 | 2 | 3 | 4 |   | 6 | 7 |   |   | 10 |,0.0571027,12.0588,N/A,2,3,4,1 4,6,7,1 7,2 7,10,1 10,2 10
| 1 | 2 | 3 | 4 |   | 6 | 7 |   | 9 |   |,0.0788398,10.0479,N/A,2,3,4,1 4,6,7,1 7,9,1 9,2 9,3 9
|   | 2 | 3 | 4 |   | 6 | 7 |   | 9 |   |,0.0438277,14.1414,N/A,2,3,4,2 3,6,7,2 6,9,3 7,2 9,3 9
| 1 | 2 | 3 | 4 |   | 6 | 7 |   | 9 | 10 |,0.0356751,16.7393,N/A,2,3,4,1 4,6,7,1 7,9,10,1 10,2 10
|   | 2 | 3 | 4 |   | 6 | 7 |   |   | 10 |,0.0292954,16.2837,N/A,2,3,4,2 3,6,7,2 6,2 7,10,4 7,2 10
| 1 | 2 | 3 | 4 |   | 6 | 7 | 8 |   |   |,0.098473,8.39015,N/A,2,3,4,1 4,6,7,8,1 8,2 8,3 8,4 8
|   | 2 | 3 | 4 |   | 6 | 7 | 8 |   |   |,0.061953,11.7045,N/A,2,3,4,2 3,6,7,8,2 7,2 8,3 8,4 8
| 1 | 2 | 3 | 4 |   | 6 | 7 | 8 |   | 10 |,0.0466201,14.6807,N/A,2,3,4,1 4,6,7,8,1 8,10,1 10,2 10
| 1 | 2 | 3 | 4 |   | 6 | 7 | 8 | 9 |   |,0.0632621,12.7059,N/A,2,3,4,1 4,6,7,8,9,1 9,2 9,3 9
|   | 2 | 3 | 4 |   | 6 | 7 | 8 | 9 |   |,0.0344931,16.9269,N/A,2,3,4,2 3,6,7,8,9,2 8,2 9,3 9
| 1 | 2 | 3 | 4 |   | 6 | 7 | 8 | 9 | 10 |,0.0321493,19.0295,N/A,2,3,4,1 4,6,7,8,9,10,1 10,2 10
|   | 2 | 3 | 4 |   |   | 7 |   | 9 | 10 |,0.0141191,22.4799,N/A,2,3,4,2 3,2 4,7,N/A,9,10,2 9,2 10
|   | 2 | 3 | 4 |   |   | 7 | 8 |   | 10 |,0.0233719,18.2279,N/A,2,3,4,2 3,2 4,7,8,2 7,10,3 8,2 10
|   | 2 | 3 | 4 |   |   | 7 | 8 | 9 | 10 |,0.0137899,23.6617,N/A,2,3,4,2 3,2 4,7,8,9,10,2 9,2 10
| 1 | 2 | 3 | 4 | 5 |   |   |   |   |   |,0.160415,3.98423,N/A,2,3,4,5,1 5,2 5,3 5,4 5,1 4 5,2 4 5,3 4 5
|   | 2 | 3 | 4 | 5 |   |   |   |   |   |,0.130873,4.89969,N/A,2,3,4,5,2 4,2 5,3 5,4 5,2 3 5,2 4 5,3 4 5
| 1 | 2 | 3 | 4 | 5 |   |   |   |   | 10 |,0.0666021,10.1952,N/A,2,3,4,5,1 5,2 5,3 5,4 5,10,1 10,2 10
| 1 | 2 | 3 | 4 | 5 |   |   |   | 9 |   |,0.096095,8.04074,N/A,2,3,4,5,1 5,2 5,3 5,9,1 9,2 9,3 9
|   | 2 | 3 | 4 | 5 |   |   |   | 9 |   |,0.0581466,10.9009,N/A,2,3,4,5,2 4,2 5,3 5,9,2 3 5,2 9,3 9
| 1 | 2 | 3 | 4 | 5 |   |   |   | 9 | 10 |,0.0387583,15.1502,N/A,2,3,4,5,1 5,2 5,3 5,9,10,1 10,2 10
|   | 2 | 3 | 4 | 5 |   |   |   |   | 10 |,0.0385302,12.6619,N/A,2,3,4,5,2 4,2 5,3 5,4 5,10,2 4 5,2 10
| 1 | 2 | 3 | 4 | 5 |   |   | 8 |   |   |,0.121082,6.25725,N/A,2,3,4,5,1 5,2 5,8,1 8,2 8,3 8,4 8
|   | 2 | 3 | 4 | 5 |   |   | 8 |   |   |,0.0795134,8.9905,N/A,2,3,4,5,2 4,2 5,8,4 5,2 8,3 8,4 8
| 1 | 2 | 3 | 4 | 5 |   |   | 8 |   | 10 |,0.0513234,12.8351,N/A,2,3,4,5,1 5,2 5,8,1 8,10,1 10,2 10
| 1 | 2 | 3 | 4 | 5 |   |   | 8 | 9 |   |,0.0707652,11.0207,N/A,2,3,4,5,1 5,2 5,8,9,1 9,2 9,3 9
|   | 2 | 3 | 4 | 5 |   |   | 8 | 9 |   |,0.0400396,14.603,N/A,2,3,4,5,2 4,2 5,8,9,2 8,2 9,3 9
| 1 | 2 | 3 | 4 | 5 |   |   | 8 | 9 | 10 |,0.031851,17.9488,N/A,2,3,4,5,1 5,2 5,8,9,10,1 10,2 10
|   | 2 | 3 | 4 | 5 |   |   |   | 9 | 10 |,0.0207524,18.1793,N/A,2,3,4,5,2 4,2 5,3 5,9,10,2 9,2 10
| 1 | 2 | 3 | 4 | 5 |   | 7 |   |   |   |,0.136986,5.1195,N/A,2,3,4,5,1 5,7,1 7,2 7,3 7,4 7,5 7
|   | 2 | 3 | 4 | 5 |   | 7 |   |   |   |,0.0993084,7.57236,N/A,2,3,4,5,2 4,7,3 5,2 7,3 7,4 7,5 7
| 1 | 2 | 3 | 4 | 5 |   | 7 |   |   | 10 |,0.059649,11.5469,N/A,2,3,4,5,1 5,7,1 7,2 7,10,1 10,2 10
| 1 | 2 | 3 | 4 | 5 |   | 7 |   | 9 |   |,0.0828938,9.58119,N/A,2,3,4,5,1 5,7,1 7,9,1 9,2 9,3 9
|   | 2 | 3 | 4 | 5 |   | 7 |   | 9 |   |,0.0483147,13.5135,N/A,2,3,4,5,2 4,7,3 5,9,3 7,2 9,3 9
| 1 | 2 | 3 | 4 | 5 |   | 7 |   | 9 | 10 |,0.0371214,16.334,N/A,2,3,4,5,1 5,7,1 7,9,10,1 10,2 10
|   | 2 | 3 | 4 | 5 |   | 7 |   |   | 10 |,0.0335386,15.115,N/A,2,3,4,5,2 4,7,3 5,2 7,10,4 7,2 10
| 1 | 2 | 3 | 4 | 5 |   | 7 | 8 |   |   |,0.105443,7.6176,N/A,2,3,4,5,1 5,7,8,1 8,2 8,3 8,4 8
|   | 2 | 3 | 4 | 5 |   | 7 | 8 |   |   |,0.0655482,11.3318,N/A,2,3,4,5,2 4,7,8,2 7,2 8,3 8,4 8
| 1 | 2 | 3 | 4 | 5 |   | 7 | 8 |   | 10 |,0.0491516,13.9178,N/A,2,3,4,5,1 5,7,8,1 8,10,1 10,2 10
| 1 | 2 | 3 | 4 | 5 |   | 7 | 8 | 9 |   |,0.0668597,11.94,N/A,2,3,4,5,1 5,7,8,9,1 9,2 9,3 9
|   | 2 | 3 | 4 | 5 |   | 7 | 8 | 9 |   |,0.0367463,16.4011,N/A,2,3,4,5,2 4,7,8,9,2 8,2 9,3 9
| 1 | 2 | 3 | 4 | 5 |   | 7 | 8 | 9 | 10 |,0.0335225,18.2611,N/A,2,3,4,5,1 5,7,8,9,10,1 10,2 10
|   | 2 | 3 | 4 | 5 |   |   | 8 |   | 10 |,0.027023,16.6555,N/A,2,3,4,5,2 4,2 5,8,4 5,10,3 8,2 10
|   | 2 | 3 | 4 | 5 |   |   | 8 | 9 | 10 |,0.0160035,21.7335,N/A,2,3,4,5,2 4,2 5,8,9,10,2 9,2 10
| 1 | 2 | 3 | 4 | 5 | 6 |   |   |   |   |,0.146797,4.44772,N/A,2,3,4,5,6,1 6,2 6,3 6,4 6,5 6,1 5 6
|   | 2 | 3 | 4 | 5 | 6 |   |   |   |   |,0.115167,6.36961,N/A,2,3,4,5,6,2 5,2 6,3 6,4 6,5 6,2 4 6
| 1 | 2 | 3 | 4 | 5 | 6 |   |   |   | 10 |,0.0662389,10.5168,N/A,2,3,4,5,6,1 6,2 6,3 6,10,1 10,2 10
| 1 | 2 | 3 | 4 | 5 | 6 |   |   | 9 |   |,0.0914216,8.683,N/A,2,3,4,5,6,1 6,2 6,9,1 9,2 9,3 9
|   | 2 | 3 | 4 | 5 | 6 |   |   | 9 |   |,0.0572311,11.9339,N/A,2,3,4,5,6,2 5,2 6,9,4 6,2 9,3 9
| 1 | 2 | 3 | 4 | 5 | 6 |   |   | 9 | 10 |,0.0412016,15.1812,N/A,2,3,4,5,6,1 6,2 6,9,10,1 10,2 10
|   | 2 | 3 | 4 | 5 | 6 |   |   |   | 10 |,0.039541,13.598,N/A,2,3,4,5,6,2 5,2 6,3 6,10,5 6,2 10
| 1 | 2 | 3 | 4 | 5 | 6 |   | 8 |   |   |,0.11463,6.83686,N/A,2,3,4,5,6,1 6,8,1 8,2 8,3 8,4 8
|   | 2 | 3 | 4 | 5 | 6 |   | 8 |   |   |,0.0801945,9.5568,N/A,2,3,4,5,6,2 5,8,3 6,2 8,3 8,4 8
| 1 | 2 | 3 | 4 | 5 | 6 |   | 8 |   | 10 |,0.0536237,12.9631,N/A,2,3,4,5,6,1 6,8,1 8,10,1 10,2 10
| 1 | 2 | 3 | 4 | 5 | 6 |   | 8 | 9 |   |,0.0723821,11.0559,N/A,2,3,4,5,6,1 6,8,9,1 9,2 9,3 9
|   | 2 | 3 | 4 | 5 | 6 |   | 8 | 9 |   |,0.042471,14.8462,N/A,2,3,4,5,6,2 5,8,9,2 8,2 9,3 9
| 1 | 2 | 3 | 4 | 5 | 6 |   | 8 | 9 | 10 |,0.03587,17.2923,N/A,2,3,4,5,6,1 6,8,9,10,1 10,2 10
|   | 2 | 3 | 4 | 5 | 6 |   |   | 9 | 10 |,0.0220365,19.1124,N/A,2,3,4,5,6,2 5,2 6,9,10,2 9,2 10
| 1 | 2 | 3 | 4 | 5 | 6 | 7 |   |   |   |,0.131583,5.71321,N/A,2,3,4,5,6,7,1 7,2 7,3 7,4 7,5 7
|   | 2 | 3 | 4 | 5 | 6 | 7 |   |   |   |,0.0969515,8.22382,N/A,2,3,4,5,6,7,2 6,2 7,3 7,4 7,5 7
| 1 | 2 | 3 | 4 | 5 | 6 | 7 |   |   | 10 |,0.0640769,11.4917,N/A,2,3,4,5,6,7,1 7,2 7,10,1 10,2 10
| 1 | 2 | 3 | 4 | 5 | 6 | 7 |   | 9 |   |,0.0864483,9.49374,N/A,2,3,4,5,6,7,1 7,9,1 9,2 9,3 9
|   | 2 | 3 | 4 | 5 | 6 | 7 |   | 9 |   |,0.0511089,13.5218,N/A,2,3,4,5,6,7,2 6,9,3 7,2 9,3 9
| 1 | 2 | 3 | 4 | 5 | 6 | 7 |   | 9 | 10 |,0.0430472,15.5557,N/A,2,3,4,5,6,7,1 7,9,10,1 10,2 10
|   | 2 | 3 | 4 | 5 | 6 | 7 |   |   | 10 |,0.0363115,15.35,N/A,2,3,4,5,6,7,2 6,2 7,10,4 7,2 10
| 1 | 2 | 3 | 4 | 5 | 6 | 7 | 8 |   |   |,0.106031,7.81025,N/A,2,3,4,5,6,7,8,1 8,2 8,3 8,4 8
|   | 2 | 3 | 4 | 5 | 6 | 7 | 8 |   |   |,0.0683112,11.2154,N/A,2,3,4,5,6,7,8,2 7,2 8,3 8,4 8
| 1 | 2 | 3 | 4 | 5 | 6 | 7 | 8 |   | 10 |,0.0553498,13.3314,N/A,2,3,4,5,6,7,8,1 8,10,1 10,2 10
| 1 | 2 | 3 | 4 | 5 | 6 | 7 | 8 | 9 |   |,0.0731831,11.3697,N/A,2,3,4,5,6,7,8,9,1 9,2 9,3 9
|   | 2 | 3 | 4 | 5 | 6 | 7 | 8 | 9 |   |,0.0414329,15.7311,N/A,2,3,4,5,6,7,8,9,2 8,2 9,3 9
| 1 | 2 | 3 | 4 | 5 | 6 | 7 | 8 | 9 | 10 |,0.0406756,16.8756,N/A,2,3,4,5,6,7,8,9,10,1 10,2 10
|   |   | 3 |   | 5 | 6 |   | 8 | 9 | 10 |,N/A,N/A,N/A,N/A,N/A,N/A,N/A,N/A,N/A,N/A,N/A,N/A,N/A,N/A
|   |   | 3 | 4 |   | 6 | 7 |   | 9 | 10 |,N/A,N/A,N/A,N/A,N/A,N/A,N/A,N/A,N/A,N/A,N/A,N/A,N/A,N/A
|   |   | 3 | 4 | 5 |   | 7 | 8 | 9 | 10 |,N/A,N/A,N/A,N/A,N/A,N/A,N/A,N/A,N/A,N/A,N/A,N/A,N/A,N/A
|   |   | 3 | 4 | 5 | 6 | 7 | 8 | 9 | 10 |,N/A,N/A,N/A,N/A,N/A,N/A,N/A,N/A,N/A,N/A,N/A,N/A,N/A,N/A
|   |   | 3 |   | 5 |   | 7 | 8 | 9 | 10 |,N/A,N/A,N/A,N/A,N/A,N/A,N/A,N/A,N/A,N/A,N/A,N/A,N/A,N/A
|   |   | 3 | 4 |   | 6 | 7 | 8 | 9 | 10 |,N/A,N/A,N/A,N/A,N/A,N/A,N/A,N/A,N/A,N/A,N/A,N/A,N/A,N/A
|   | 2 |   | 4 |   | 6 |   | 8 | 9 | 10 |,N/A,N/A,N/A,N/A,N/A,N/A,N/A,N/A,N/A,N/A,N/A,N/A,N/A,N/A
|   | 2 |   | 4 | 5 |   | 7 | 8 |   | 10 |,N/A,N/A,N/A,N/A,N/A,N/A,N/A,N/A,N/A,N/A,N/A,N/A,N/A,N/A
|   | 2 |   | 4 | 5 | 6 |   | 8 | 9 | 10 |,N/A,N/A,N/A,N/A,N/A,N/A,N/A,N/A,N/A,N/A,N/A,N/A,N/A,N/A
|   |   | 3 | 4 |   | 6 |   | 8 |   | 10 |,N/A,N/A,N/A,N/A,N/A,N/A,N/A,N/A,N/A,N/A,N/A,N/A,N/A,N/A
|   | 2 |   | 4 | 5 | 6 | 7 | 8 | 9 | 10 |,N/A,N/A,N/A,N/A,N/A,N/A,N/A,N/A,N/A,N/A,N/A,N/A,N/A,N/A
|   |   | 3 | 4 | 5 |   | 7 |   | 9 | 10 |,N/A,N/A,N/A,N/A,N/A,N/A,N/A,N/A,N/A,N/A,N/A,N/A,N/A,N/A
|   | 2 | 3 |   | 5 |   | 7 |   | 9 | 10 |,N/A,N/A,N/A,N/A,N/A,N/A,N/A,N/A,N/A,N/A,N/A,N/A,N/A,N/A
|   | 2 | 3 |   | 5 |   | 7 | 8 |   | 10 |,N/A,N/A,N/A,N/A,N/A,N/A,N/A,N/A,N/A,N/A,N/A,N/A,N/A,N/A
|   | 2 | 3 |   | 5 |   | 7 | 8 | 9 | 10 |,N/A,N/A,N/A,N/A,N/A,N/A,N/A,N/A,N/A,N/A,N/A,N/A,N/A,N/A
|   | 2 | 3 |   | 5 | 6 |   | 8 | 9 | 10 |,N/A,N/A,N/A,N/A,N/A,N/A,N/A,N/A,N/A,N/A,N/A,N/A,N/A,N/A
|   | 2 | 3 |   | 5 | 6 | 7 |   | 9 | 10 |,N/A,N/A,N/A,N/A,N/A,N/A,N/A,N/A,N/A,N/A,N/A,N/A,N/A,N/A
|   | 2 |   | 4 | 5 |   | 7 | 8 | 9 | 10 |,N/A,N/A,N/A,N/A,N/A,N/A,N/A,N/A,N/A,N/A,N/A,N/A,N/A,N/A
|   | 2 | 3 | 4 |   | 6 |   | 8 |   | 10 |,N/A,N/A,N/A,N/A,N/A,N/A,N/A,N/A,N/A,N/A,N/A,N/A,N/A,N/A
|   | 2 | 3 | 4 |   | 6 |   | 8 | 9 | 10 |,N/A,N/A,N/A,N/A,N/A,N/A,N/A,N/A,N/A,N/A,N/A,N/A,N/A,N/A
|   | 2 | 3 | 4 |   | 6 | 7 | 8 |   | 10 |,N/A,N/A,N/A,N/A,N/A,N/A,N/A,N/A,N/A,N/A,N/A,N/A,N/A,N/A
|   | 2 | 3 | 4 |   | 6 | 7 | 8 | 9 | 10 |,N/A,N/A,N/A,N/A,N/A,N/A,N/A,N/A,N/A,N/A,N/A,N/A,N/A,N/A
|   |   | 3 | 4 |   | 6 |   | 8 | 9 | 10 |,N/A,N/A,N/A,N/A,N/A,N/A,N/A,N/A,N/A,N/A,N/A,N/A,N/A,N/A
|   |   | 3 |   | 5 | 6 |   | 8 |   | 10 |,N/A,N/A,N/A,N/A,N/A,N/A,N/A,N/A,N/A,N/A,N/A,N/A,N/A,N/A
|   | 2 |   | 4 |   | 6 | 7 |   | 9 | 10 |,N/A,N/A,N/A,N/A,N/A,N/A,N/A,N/A,N/A,N/A,N/A,N/A,N/A,N/A
|   | 2 |   | 4 |   | 6 |   | 8 |   | 10 |,N/A,N/A,N/A,N/A,N/A,N/A,N/A,N/A,N/A,N/A,N/A,N/A,N/A,N/A
|   | 2 | 3 | 4 | 5 |   | 7 |   | 9 | 10 |,N/A,N/A,N/A,N/A,N/A,N/A,N/A,N/A,N/A,N/A,N/A,N/A,N/A,N/A
|   | 2 | 3 |   | 5 | 6 | 7 | 8 |   | 10 |,N/A,N/A,N/A,N/A,N/A,N/A,N/A,N/A,N/A,N/A,N/A,N/A,N/A,N/A
|   | 2 | 3 | 4 |   | 6 | 7 |   | 9 | 10 |,N/A,N/A,N/A,N/A,N/A,N/A,N/A,N/A,N/A,N/A,N/A,N/A,N/A,N/A
|   |   | 3 | 4 |   | 6 | 7 | 8 |   | 10 |,N/A,N/A,N/A,N/A,N/A,N/A,N/A,N/A,N/A,N/A,N/A,N/A,N/A,N/A
|   | 2 |   | 4 | 5 | 6 | 7 |   | 9 | 10 |,N/A,N/A,N/A,N/A,N/A,N/A,N/A,N/A,N/A,N/A,N/A,N/A,N/A,N/A
|   | 2 |   | 4 |   | 6 | 7 | 8 | 9 | 10 |,N/A,N/A,N/A,N/A,N/A,N/A,N/A,N/A,N/A,N/A,N/A,N/A,N/A,N/A
|   | 2 | 3 |   | 5 | 6 |   | 8 |   | 10 |,N/A,N/A,N/A,N/A,N/A,N/A,N/A,N/A,N/A,N/A,N/A,N/A,N/A,N/A
|   | 2 |   | 4 | 5 | 6 | 7 | 8 |   | 10 |,N/A,N/A,N/A,N/A,N/A,N/A,N/A,N/A,N/A,N/A,N/A,N/A,N/A,N/A
|   | 2 | 3 | 4 | 5 | 6 |   | 8 |   | 10 |,N/A,N/A,N/A,N/A,N/A,N/A,N/A,N/A,N/A,N/A,N/A,N/A,N/A,N/A
|   |   | 3 |   | 5 | 6 | 7 | 8 |   | 10 |,N/A,N/A,N/A,N/A,N/A,N/A,N/A,N/A,N/A,N/A,N/A,N/A,N/A,N/A
|   |   | 3 | 4 | 5 |   | 7 | 8 |   | 10 |,N/A,N/A,N/A,N/A,N/A,N/A,N/A,N/A,N/A,N/A,N/A,N/A,N/A,N/A
|   |   | 3 |   | 5 |   | 7 | 8 |   | 10 |,N/A,N/A,N/A,N/A,N/A,N/A,N/A,N/A,N/A,N/A,N/A,N/A,N/A,N/A
|   | 2 | 3 | 4 | 5 | 6 | 7 | 8 | 9 | 10 |,N/A,N/A,N/A,N/A,N/A,N/A,N/A,N/A,N/A,N/A,N/A,N/A,N/A,N/A
|   |   | 3 |   | 5 | 6 | 7 |   | 9 | 10 |,N/A,N/A,N/A,N/A,N/A,N/A,N/A,N/A,N/A,N/A,N/A,N/A,N/A,N/A
|   |   | 3 | 4 | 5 | 6 |   | 8 | 9 | 10 |,N/A,N/A,N/A,N/A,N/A,N/A,N/A,N/A,N/A,N/A,N/A,N/A,N/A,N/A
|   | 2 |   | 4 | 5 |   | 7 |   | 9 | 10 |,N/A,N/A,N/A,N/A,N/A,N/A,N/A,N/A,N/A,N/A,N/A,N/A,N/A,N/A
|   |   | 3 | 4 | 5 | 6 |   | 8 |   | 10 |,N/A,N/A,N/A,N/A,N/A,N/A,N/A,N/A,N/A,N/A,N/A,N/A,N/A,N/A
|   |   | 3 | 4 | 5 | 6 | 7 |   | 9 | 10 |,N/A,N/A,N/A,N/A,N/A,N/A,N/A,N/A,N/A,N/A,N/A,N/A,N/A,N/A
|   |   | 3 |   | 5 |   | 7 |   | 9 | 10 |,N/A,N/A,N/A,N/A,N/A,N/A,N/A,N/A,N/A,N/A,N/A,N/A,N/A,N/A
|   |   | 3 |   | 5 | 6 | 7 | 8 | 9 | 10 |,N/A,N/A,N/A,N/A,N/A,N/A,N/A,N/A,N/A,N/A,N/A,N/A,N/A,N/A
|   | 2 | 3 | 4 | 5 | 6 | 7 | 8 |   | 10 |,N/A,N/A,N/A,N/A,N/A,N/A,N/A,N/A,N/A,N/A,N/A,N/A,N/A,N/A
|   | 2 | 3 |   | 5 | 6 | 7 | 8 | 9 | 10 |,N/A,N/A,N/A,N/A,N/A,N/A,N/A,N/A,N/A,N/A,N/A,N/A,N/A,N/A
|   |   | 3 | 4 | 5 | 6 | 7 | 8 |   | 10 |,N/A,N/A,N/A,N/A,N/A,N/A,N/A,N/A,N/A,N/A,N/A,N/A,N/A,N/A
|   | 2 | 3 | 4 | 5 | 6 | 7 |   | 9 | 10 |,N/A,N/A,N/A,N/A,N/A,N/A,N/A,N/A,N/A,N/A,N/A,N/A,N/A,N/A
|   | 2 | 3 | 4 | 5 | 6 |   | 8 | 9 | 10 |,N/A,N/A,N/A,N/A,N/A,N/A,N/A,N/A,N/A,N/A,N/A,N/A,N/A,N/A
|   | 2 | 3 | 4 | 5 |   | 7 | 8 | 9 | 10 |,N/A,N/A,N/A,N/A,N/A,N/A,N/A,N/A,N/A,N/A,N/A,N/A,N/A,N/A
|   | 2 | 3 | 4 | 5 |   | 7 | 8 |   | 10 |,N/A,N/A,N/A,N/A,N/A,N/A,N/A,N/A,N/A,N/A,N/A,N/A,N/A,N/A
|   | 2 |   | 4 | 5 | 6 |   | 8 |   | 10 |,N/A,N/A,N/A,N/A,N/A,N/A,N/A,N/A,N/A,N/A,N/A,N/A,N/A,N/A
|   | 2 |   | 4 |   | 6 | 7 | 8 |   | 10 |,N/A,N/A,N/A,N/A,N/A,N/A,N/A,N/A,N/A,N/A,N/A,N/A,N/A,N/A
