Position,Win Probability,Average Score,Was Reached?,1,2,3,4,5,6,7,8,9,10,11,12,13,14,15,16,17,18
,1.0,0,N/A,N/A,N/A,N/A,N/A,N/A,N/A,N/A,N/A,N/A,N/A,N/A,N/A,N/A,N/A,N/A,N/A,N/A,N/A
1,0.166667,0.833333,Yes,1,N/A,N/A,N/A,N/A,N/A,N/A,N/A,N/A,N/A,N/A,N/A,N/A,N/A,N/A,N/A,N/A,N/A
1 13,0.0856481,11.6667,Yes,N/A,N/A,N/A,N/A,N/A,N/A,N/A,N/A,N/A,N/A,N/A,N/A,13,1 13,N/A,N/A,N/A,N/A
1 12,0.116512,10.2315,Yes,N/A,N/A,N/A,N/A,N/A,N/A,N/A,N/A,N/A,N/A,N/A,12,1 12,N/A,N/A,N/A,N/A,N/A
13,0.0972222,11.7361,Yes,N/A,N/A,N/A,N/A,N/A,N/A,N/A,N/A,N/A,N/A,N/A,N/A,13,N/A,N/A,N/A,N/A,N/A
12,0.115741,10.6111,Yes,N/A,N/A,N/A,N/A,N/A,N/A,N/A,N/A,N/A,N/A,N/A,12,N/A,N/A,N/A,N/A,N/A,N/A
1 12 13,0.0292781,21.5972,Yes,N/A,N/A,N/A,N/A,N/A,N/A,N/A,N/A,N/A,N/A,N/A,12,13,1 13,N/A,N/A,N/A,N/A
1 11,0.136574,9.11111,Yes,N/A,N/A,N/A,N/A,N/A,N/A,N/A,N/A,N/A,N/A,11,1 11,N/A,N/A,N/A,N/A,N/A,N/A
11,0.125,9.625,Yes,N/A,N/A,N/A,N/A,N/A,N/A,N/A,N/A,N/A,N/A,11,N/A,N/A,N/A,N/A,N/A,N/A,N/A
1 11 13,0.0439172,18.963,Yes,N/A,N/A,N/A,N/A,N/A,N/A,N/A,N/A,N/A,N/A,11,1 11,13,1 13,N/A,N/A,N/A,N/A
12 13,0.0225051,21.9213,Yes,N/A,N/A,N/A,N/A,N/A,N/A,N/A,N/A,N/A,N/A,N/A,12,13,N/A,N/A,N/A,N/A,N/A
1 11 12,0.042524,19.0556,Yes,N/A,N/A,N/A,N/A,N/A,N/A,N/A,N/A,N/A,N/A,11,12,1 12,N/A,N/A,N/A,N/A,N/A
11 13,0.0243056,20.9167,Yes,N/A,N/A,N/A,N/A,N/A,N/A,N/A,N/A,N/A,N/A,11,N/A,13,N/A,N/A,N/A,N/A,N/A
11 12,0.0289352,19.7546,Yes,N/A,N/A,N/A,N/A,N/A,N/A,N/A,N/A,N/A,N/A,11,12,N/A,N/A,N/A,N/A,N/A,N/A
1 11 12 13,0.0148864,29.8009,Yes,N/A,N/A,N/A,N/A,N/A,N/A,N/A,N/A,N/A,N/A,11,12,13,1 13,N/A,N/A,N/A,N/A
1 10,0.145833,8.25,Yes,N/A,N/A,N/A,N/A,N/A,N/A,N/A,N/A,N/A,10,1 10,N/A,N/A,N/A,N/A,N/A,N/A,N/A
10,0.125,8.75,Yes,N/A,N/A,N/A,N/A,N/A,N/A,N/A,N/A,N/A,10,N/A,N/A,N/A,N/A,N/A,N/A,N/A,N/A
1 10 13,0.0457176,18.0833,Yes,N/A,N/A,N/A,N/A,N/A,N/A,N/A,N/A,N/A,10,1 10,N/A,13,1 13,N/A,N/A,N/A,N/A
1 10 12,0.0580633,16.5556,Yes,N/A,N/A,N/A,N/A,N/A,N/A,N/A,N/A,N/A,10,1 10,12,1 12,N/A,N/A,N/A,N/A,N/A
10 13,0.0243056,20.0417,Yes,N/A,N/A,N/A,N/A,N/A,N/A,N/A,N/A,N/A,10,N/A,N/A,13,N/A,N/A,N/A,N/A,N/A
10 12,0.0289352,18.8796,Yes,N/A,N/A,N/A,N/A,N/A,N/A,N/A,N/A,N/A,10,N/A,12,N/A,N/A,N/A,N/A,N/A,N/A
1 10 12 13,0.0194187,26.9722,Yes,N/A,N/A,N/A,N/A,N/A,N/A,N/A,N/A,N/A,10,1 10,12,13,1 13,N/A,N/A,N/A,N/A
11 12 13,0.00843943,30.6204,Yes,N/A,N/A,N/A,N/A,N/A,N/A,N/A,N/A,N/A,N/A,11,12,13,N/A,N/A,N/A,N/A,N/A
1 10 11,0.0497685,17.0046,Yes,N/A,N/A,N/A,N/A,N/A,N/A,N/A,N/A,N/A,10,11,1 11,N/A,N/A,N/A,N/A,N/A,N/A
10 11,0.03125,17.875,Yes,N/A,N/A,N/A,N/A,N/A,N/A,N/A,N/A,N/A,10,11,N/A,N/A,N/A,N/A,N/A,N/A,N/A
1 10 11 13,0.0210262,26.0139,Yes,N/A,N/A,N/A,N/A,N/A,N/A,N/A,N/A,N/A,10,11,1 11,13,1 13,N/A,N/A,N/A,N/A
10 12 13,0.00843943,29.8611,Yes,N/A,N/A,N/A,N/A,N/A,N/A,N/A,N/A,N/A,10,N/A,12,13,N/A,N/A,N/A,N/A,N/A
1 10 11 12,0.0213718,26.2546,Yes,N/A,N/A,N/A,N/A,N/A,N/A,N/A,N/A,N/A,10,11,12,1 12,N/A,N/A,N/A,N/A,N/A
10 11 13,0.00911458,28.8472,Yes,N/A,N/A,N/A,N/A,N/A,N/A,N/A,N/A,N/A,10,11,N/A,13,N/A,N/A,N/A,N/A,N/A
10 11 12,0.0108507,27.5231,Yes,N/A,N/A,N/A,N/A,N/A,N/A,N/A,N/A,N/A,10,11,12,N/A,N/A,N/A,N/A,N/A,N/A
1 10 11 12 13,0.00955308,36.2639,Yes,N/A,N/A,N/A,N/A,N/A,N/A,N/A,N/A,N/A,10,11,12,13,1 13,N/A,N/A,N/A,N/A
1 9,0.14429,7.59259,Yes,N/A,N/A,N/A,N/A,N/A,N/A,N/A,N/A,9,1 9,N/A,N/A,N/A,N/A,N/A,N/A,N/A,N/A
9,0.115741,7.95833,Yes,N/A,N/A,N/A,N/A,N/A,N/A,N/A,N/A,9,N/A,N/A,N/A,N/A,N/A,N/A,N/A,N/A,N/A
1 9 13,0.0441315,17.4444,Yes,N/A,N/A,N/A,N/A,N/A,N/A,N/A,N/A,9,1 9,N/A,N/A,13,1 13,N/A,N/A,N/A,N/A
1 9 12,0.0559056,15.9167,Yes,N/A,N/A,N/A,N/A,N/A,N/A,N/A,N/A,9,1 9,N/A,12,1 12,N/A,N/A,N/A,N/A,N/A
9 13,0.0225051,19.2685,Yes,N/A,N/A,N/A,N/A,N/A,N/A,N/A,N/A,9,N/A,N/A,N/A,13,N/A,N/A,N/A,N/A,N/A
9 12,0.0267918,18.1065,Yes,N/A,N/A,N/A,N/A,N/A,N/A,N/A,N/A,9,N/A,N/A,12,N/A,N/A,N/A,N/A,N/A,N/A
1 9 12 13,0.0186054,26.4213,Yes,N/A,N/A,N/A,N/A,N/A,N/A,N/A,N/A,9,1 9,N/A,12,13,1 13,N/A,N/A,N/A,N/A
1 9 11,0.0628644,14.7407,Yes,N/A,N/A,N/A,N/A,N/A,N/A,N/A,N/A,9,1 9,11,1 11,N/A,N/A,N/A,N/A,N/A,N/A
9 11,0.0289352,17.1019,Yes,N/A,N/A,N/A,N/A,N/A,N/A,N/A,N/A,9,N/A,11,N/A,N/A,N/A,N/A,N/A,N/A,N/A
1 9 11 13,0.0243636,23.412,Yes,N/A,N/A,N/A,N/A,N/A,N/A,N/A,N/A,9,1 9,11,1 11,13,1 13,N/A,N/A,N/A,N/A
9 12 13,0.00781429,29.2037,Yes,N/A,N/A,N/A,N/A,N/A,N/A,N/A,N/A,9,N/A,N/A,12,13,N/A,N/A,N/A,N/A,N/A
1 9 11 12,0.025616,23.625,Yes,N/A,N/A,N/A,N/A,N/A,N/A,N/A,N/A,9,1 9,11,12,1 12,N/A,N/A,N/A,N/A,N/A
9 11 13,0.00843943,28.1898,Yes,N/A,N/A,N/A,N/A,N/A,N/A,N/A,N/A,9,N/A,11,N/A,13,N/A,N/A,N/A,N/A,N/A
9 11 12,0.0100469,27.0093,Yes,N/A,N/A,N/A,N/A,N/A,N/A,N/A,N/A,9,N/A,11,12,N/A,N/A,N/A,N/A,N/A,N/A
1 9 11 12 13,0.0111116,33.3148,Yes,N/A,N/A,N/A,N/A,N/A,N/A,N/A,N/A,9,1 9,11,12,13,1 13,N/A,N/A,N/A,N/A
10 11 12 13,0.00421971,37.9444,Yes,N/A,N/A,N/A,N/A,N/A,N/A,N/A,N/A,N/A,10,11,12,13,N/A,N/A,N/A,N/A,N/A
1 9 10,0.0493827,15.3611,Yes,N/A,N/A,N/A,N/A,N/A,N/A,N/A,N/A,9,10,1 10,N/A,N/A,N/A,N/A,N/A,N/A,N/A
9 10,0.0289352,16.2269,Yes,N/A,N/A,N/A,N/A,N/A,N/A,N/A,N/A,9,10,N/A,N/A,N/A,N/A,N/A,N/A,N/A,N/A
1 9 10 13,0.0204315,24.5833,Yes,N/A,N/A,N/A,N/A,N/A,N/A,N/A,N/A,9,10,1 10,N/A,13,1 13,N/A,N/A,N/A,N/A
1 9 10 12,0.0255862,22.75,Yes,N/A,N/A,N/A,N/A,N/A,N/A,N/A,N/A,9,10,1 10,12,1 12,N/A,N/A,N/A,N/A,N/A
9 10 13,0.00843943,27.4306,Yes,N/A,N/A,N/A,N/A,N/A,N/A,N/A,N/A,9,10,N/A,N/A,13,N/A,N/A,N/A,N/A,N/A
9 10 12,0.0100469,26.1343,Yes,N/A,N/A,N/A,N/A,N/A,N/A,N/A,N/A,9,10,N/A,12,N/A,N/A,N/A,N/A,N/A,N/A
1 9 10 12 13,0.0111,32.4398,Yes,N/A,N/A,N/A,N/A,N/A,N/A,N/A,N/A,9,10,1 10,12,13,1 13,N/A,N/A,N/A,N/A
9 11 12 13,0.00390714,37.5463,Yes,N/A,N/A,N/A,N/A,N/A,N/A,N/A,N/A,9,N/A,11,12,13,N/A,N/A,N/A,N/A,N/A
1 9 10 11,0.0231401,23.5185,Yes,N/A,N/A,N/A,N/A,N/A,N/A,N/A,N/A,9,10,11,1 11,N/A,N/A,N/A,N/A,N/A,N/A
9 10 11,0.0108507,25.1204,Yes,N/A,N/A,N/A,N/A,N/A,N/A,N/A,N/A,9,10,11,N/A,N/A,N/A,N/A,N/A,N/A,N/A
1 9 10 11 13,0.012013,31.463,Yes,N/A,N/A,N/A,N/A,N/A,N/A,N/A,N/A,9,10,11,1 11,13,1 13,N/A,N/A,N/A,N/A
9 10 12 13,0.00390714,36.6713,Yes,N/A,N/A,N/A,N/A,N/A,N/A,N/A,N/A,9,10,N/A,12,13,N/A,N/A,N/A,N/A,N/A
1 9 10 11 12,0.012607,31.8426,Yes,N/A,N/A,N/A,N/A,N/A,N/A,N/A,N/A,9,10,11,12,1 12,N/A,N/A,N/A,N/A,N/A
9 10 11 13,0.00421971,35.6389,Yes,N/A,N/A,N/A,N/A,N/A,N/A,N/A,N/A,9,10,11,N/A,13,N/A,N/A,N/A,N/A,N/A
9 10 11 12,0.00502347,34.4213,Yes,N/A,N/A,N/A,N/A,N/A,N/A,N/A,N/A,9,10,11,12,N/A,N/A,N/A,N/A,N/A,N/A
1 9 10 11 12 13,0.00684706,40.9583,Yes,N/A,N/A,N/A,N/A,N/A,N/A,N/A,N/A,9,10,11,12,13,1 13,N/A,N/A,N/A,N/A
1 8,0.131944,7.08333,Yes,N/A,N/A,N/A,N/A,N/A,N/A,N/A,8,1 8,N/A,N/A,N/A,N/A,N/A,N/A,N/A,N/A,N/A
8,0.0972222,7.22222,Yes,N/A,N/A,N/A,N/A,N/A,N/A,N/A,8,N/A,N/A,N/A,N/A,N/A,N/A,N/A,N/A,N/A,N/A
1 8 13,0.039159,17.1574,Yes,N/A,N/A,N/A,N/A,N/A,N/A,N/A,8,1 8,N/A,N/A,N/A,13,1 13,N/A,N/A,N/A,N/A
1 8 12,0.049447,15.6759,Yes,N/A,N/A,N/A,N/A,N/A,N/A,N/A,8,1 8,N/A,N/A,12,1 12,N/A,N/A,N/A,N/A,N/A
8 13,0.0189043,18.6667,Yes,N/A,N/A,N/A,N/A,N/A,N/A,N/A,8,N/A,N/A,N/A,N/A,13,N/A,N/A,N/A,N/A,N/A
8 12,0.0225051,17.5231,Yes,N/A,N/A,N/A,N/A,N/A,N/A,N/A,8,N/A,N/A,N/A,12,N/A,N/A,N/A,N/A,N/A,N/A
1 8 12 13,0.0163537,26.2361,Yes,N/A,N/A,N/A,N/A,N/A,N/A,N/A,8,1 8,N/A,N/A,12,13,1 13,N/A,N/A,N/A,N/A
1 8 11,0.0554913,14.5278,Yes,N/A,N/A,N/A,N/A,N/A,N/A,N/A,8,1 8,N/A,11,1 11,N/A,N/A,N/A,N/A,N/A,N/A
8 11,0.0243056,16.5278,Yes,N/A,N/A,N/A,N/A,N/A,N/A,N/A,8,N/A,N/A,11,N/A,N/A,N/A,N/A,N/A,N/A,N/A
1 8 11 13,0.0212486,23.2731,Yes,N/A,N/A,N/A,N/A,N/A,N/A,N/A,8,1 8,N/A,11,1 11,13,1 13,N/A,N/A,N/A,N/A
8 12 13,0.006564,28.5417,Yes,N/A,N/A,N/A,N/A,N/A,N/A,N/A,8,N/A,N/A,N/A,12,13,N/A,N/A,N/A,N/A,N/A
1 8 11 12,0.0224498,23.4676,Yes,N/A,N/A,N/A,N/A,N/A,N/A,N/A,8,1 8,N/A,11,12,1 12,N/A,N/A,N/A,N/A,N/A
8 11 13,0.00708912,27.5278,Yes,N/A,N/A,N/A,N/A,N/A,N/A,N/A,8,N/A,N/A,11,N/A,13,N/A,N/A,N/A,N/A,N/A
8 11 12,0.00843943,26.3472,Yes,N/A,N/A,N/A,N/A,N/A,N/A,N/A,8,N/A,N/A,11,12,N/A,N/A,N/A,N/A,N/A,N/A
1 8 11 12 13,0.00969631,33.3287,Yes,N/A,N/A,N/A,N/A,N/A,N/A,N/A,8,1 8,N/A,11,12,13,1 13,N/A,N/A,N/A,N/A
1 8 10,0.0580633,13.5694,Yes,N/A,N/A,N/A,N/A,N/A,N/A,N/A,8,1 8,10,1 10,N/A,N/A,N/A,N/A,N/A,N/A,8 10
8 10,0.0289352,15.5694,Yes,N/A,N/A,N/A,N/A,N/A,N/A,N/A,8,N/A,10,N/A,N/A,N/A,N/A,N/A,N/A,N/A,8 10
1 8 10 13,0.0225668,22.5,Yes,N/A,N/A,N/A,N/A,N/A,N/A,N/A,8,1 8,10,1 10,N/A,13,1 13,N/A,N/A,N/A,8 10
1 8 10 12,0.0280609,20.5509,Yes,N/A,N/A,N/A,N/A,N/A,N/A,N/A,8,1 8,10,1 10,12,1 12,N/A,N/A,N/A,N/A,8 10
8 10 13,0.00798933,26.6574,Yes,N/A,N/A,N/A,N/A,N/A,N/A,N/A,8,N/A,10,N/A,N/A,13,N/A,N/A,N/A,N/A,8 10
8 10 12,0.0095111,25.3796,Yes,N/A,N/A,N/A,N/A,N/A,N/A,N/A,8,N/A,10,N/A,12,N/A,N/A,N/A,N/A,N/A,8 10
1 8 10 12 13,0.0118655,29.9583,Yes,N/A,N/A,N/A,N/A,N/A,N/A,N/A,8,1 8,10,1 10,12,13,1 13,N/A,N/A,N/A,8 10
8 11 12 13,0.003282,36.9213,Yes,N/A,N/A,N/A,N/A,N/A,N/A,N/A,8,N/A,N/A,11,12,13,N/A,N/A,N/A,N/A,N/A
1 8 10 11,0.0266311,21.2731,Yes,N/A,N/A,N/A,N/A,N/A,N/A,N/A,8,1 8,10,11,1 11,N/A,N/A,N/A,N/A,N/A,8 10
8 10 11,0.010272,24.3657,Yes,N/A,N/A,N/A,N/A,N/A,N/A,N/A,8,N/A,10,11,N/A,N/A,N/A,N/A,N/A,N/A,8 10
1 8 10 11 13,0.0130065,28.9444,Yes,N/A,N/A,N/A,N/A,N/A,N/A,N/A,8,1 8,10,11,1 11,13,1 13,N/A,N/A,N/A,8 10
8 10 12 13,0.00359457,35.9444,Yes,N/A,N/A,N/A,N/A,N/A,N/A,N/A,8,N/A,10,N/A,12,13,N/A,N/A,N/A,N/A,8 10
1 8 10 11 12,0.0139254,29.2963,Yes,N/A,N/A,N/A,N/A,N/A,N/A,N/A,8,1 8,10,11,12,1 12,N/A,N/A,N/A,N/A,8 10
8 10 11 13,0.00388214,34.912,Yes,N/A,N/A,N/A,N/A,N/A,N/A,N/A,8,N/A,10,11,N/A,13,N/A,N/A,N/A,N/A,8 10
8 10 11 12,0.00462159,33.6944,Yes,N/A,N/A,N/A,N/A,N/A,N/A,N/A,8,N/A,10,11,12,N/A,N/A,N/A,N/A,N/A,8 10
1 8 10 11 12 13,0.0073615,37.7685,Yes,N/A,N/A,N/A,N/A,N/A,N/A,N/A,8,1 8,10,11,12,13,1 13,N/A,N/A,N/A,8 10
9 10 11 12 13,0.00244196,43.9352,Yes,N/A,N/A,N/A,N/A,N/A,N/A,N/A,N/A,9,10,11,12,13,N/A,N/A,N/A,N/A,N/A
1 8 9,0.0483968,13.9491,Yes,N/A,N/A,N/A,N/A,N/A,N/A,N/A,8,9,1 9,N/A,N/A,N/A,N/A,N/A,N/A,8 9,1 8 9
8 9,0.036394,14.6343,Yes,N/A,N/A,N/A,N/A,N/A,N/A,N/A,8,9,N/A,N/A,N/A,N/A,N/A,N/A,N/A,8 9,N/A
1 8 9 13,0.0200582,23.0926,Yes,N/A,N/A,N/A,N/A,N/A,N/A,N/A,8,9,1 9,N/A,N/A,13,1 13,N/A,N/A,8 9,1 8 9
1 8 9 12,0.0252653,21.287,Yes,N/A,N/A,N/A,N/A,N/A,N/A,N/A,8,9,1 9,N/A,12,1 12,N/A,N/A,N/A,8 9,1 8 9
8 9 13,0.00926462,25.7222,Yes,N/A,N/A,N/A,N/A,N/A,N/A,N/A,8,9,N/A,N/A,N/A,13,N/A,N/A,N/A,8 9,N/A
8 9 12,0.0110293,24.5417,Yes,N/A,N/A,N/A,N/A,N/A,N/A,N/A,8,9,N/A,N/A,12,N/A,N/A,N/A,N/A,8 9,N/A
1 8 9 12 13,0.0105768,31.3241,Yes,N/A,N/A,N/A,N/A,N/A,N/A,N/A,8,9,1 9,N/A,12,13,1 13,N/A,N/A,8 9,1 8 9
1 8 9 11,0.02831,20.0741,Yes,N/A,N/A,N/A,N/A,N/A,N/A,N/A,8,9,1 9,11,1 11,N/A,N/A,N/A,N/A,8 9,1 8 9
8 9 11,0.0119117,23.5278,Yes,N/A,N/A,N/A,N/A,N/A,N/A,N/A,8,9,N/A,11,N/A,N/A,N/A,N/A,N/A,8 9,N/A
1 8 9 11 13,0.0135958,27.8426,Yes,N/A,N/A,N/A,N/A,N/A,N/A,N/A,8,9,1 9,11,1 11,13,1 13,N/A,N/A,8 9,1 8 9
8 9 12 13,0.0039766,35.1065,Yes,N/A,N/A,N/A,N/A,N/A,N/A,N/A,8,9,N/A,N/A,12,13,N/A,N/A,N/A,8 9,N/A
1 8 9 11 12,0.0144612,28.2037,Yes,N/A,N/A,N/A,N/A,N/A,N/A,N/A,8,9,1 9,11,12,1 12,N/A,N/A,N/A,8 9,1 8 9
8 9 11 13,0.00429473,34.0741,Yes,N/A,N/A,N/A,N/A,N/A,N/A,N/A,8,9,N/A,11,N/A,13,N/A,N/A,N/A,8 9,N/A
8 9 11 12,0.00511278,32.8565,Yes,N/A,N/A,N/A,N/A,N/A,N/A,N/A,8,9,N/A,11,12,N/A,N/A,N/A,N/A,8 9,N/A
1 8 9 11 12 13,0.00751531,36.7639,Yes,N/A,N/A,N/A,N/A,N/A,N/A,N/A,8,9,1 9,11,12,13,1 13,N/A,N/A,8 9,1 8 9
8 10 11 12 13,0.00220754,43.2546,Yes,N/A,N/A,N/A,N/A,N/A,N/A,N/A,8,N/A,10,11,12,13,N/A,N/A,N/A,N/A,8 10
1 8 9 10,0.0248137,21,Yes,N/A,N/A,N/A,N/A,N/A,N/A,N/A,8,9,10,1 10,N/A,N/A,N/A,N/A,N/A,8 9,8 10
8 9 10,0.0129833,22.5602,Yes,N/A,N/A,N/A,N/A,N/A,N/A,N/A,8,9,10,N/A,N/A,N/A,N/A,N/A,N/A,8 9,8 10
1 8 9 10 13,0.012417,29.2037,Yes,N/A,N/A,N/A,N/A,N/A,N/A,N/A,8,9,10,1 10,N/A,13,1 13,N/A,N/A,8 9,8 10
1 8 9 10 12,0.0154716,27.162,Yes,N/A,N/A,N/A,N/A,N/A,N/A,N/A,8,9,10,1 10,12,1 12,N/A,N/A,N/A,8 9,8 10
8 9 10 13,0.0046073,33.1157,Yes,N/A,N/A,N/A,N/A,N/A,N/A,N/A,8,9,10,N/A,N/A,13,N/A,N/A,N/A,8 9,8 10
8 9 10 12,0.00548488,31.8843,Yes,N/A,N/A,N/A,N/A,N/A,N/A,N/A,8,9,10,N/A,12,N/A,N/A,N/A,N/A,8 9,8 10
1 8 9 10 12 13,0.00794974,35.8472,Yes,N/A,N/A,N/A,N/A,N/A,N/A,N/A,8,9,10,1 10,12,13,1 13,N/A,N/A,8 9,8 10
8 9 11 12 13,0.00236816,42.6667,Yes,N/A,N/A,N/A,N/A,N/A,N/A,N/A,8,9,N/A,11,12,13,N/A,N/A,N/A,8 9,N/A
1 8 9 10 11,0.0144575,28.3472,Yes,N/A,N/A,N/A,N/A,N/A,N/A,N/A,8,9,10,11,1 11,N/A,N/A,N/A,N/A,8 9,8 10
8 9 10 11,0.00592368,30.8519,Yes,N/A,N/A,N/A,N/A,N/A,N/A,N/A,8,9,10,11,N/A,N/A,N/A,N/A,N/A,8 9,8 10
1 8 9 10 11 13,0.00867994,34.625,Yes,N/A,N/A,N/A,N/A,N/A,N/A,N/A,8,9,10,11,1 11,13,1 13,N/A,N/A,8 9,8 10
8 9 10 12 13,0.00251287,41.6852,Yes,N/A,N/A,N/A,N/A,N/A,N/A,N/A,8,9,10,N/A,12,13,N/A,N/A,N/A,8 9,8 10
1 8 9 10 11 12,0.00924367,35.4537,Yes,N/A,N/A,N/A,N/A,N/A,N/A,N/A,8,9,10,11,12,1 12,N/A,N/A,N/A,8 9,8 10
8 9 10 11 13,0.0027139,40.6343,Yes,N/A,N/A,N/A,N/A,N/A,N/A,N/A,8,9,10,11,N/A,13,N/A,N/A,N/A,8 9,8 10
8 9 10 11 12,0.00323084,39.1111,Yes,N/A,N/A,N/A,N/A,N/A,N/A,N/A,8,9,10,11,12,N/A,N/A,N/A,N/A,8 9,8 10
1 8 9 10 11 12 13,0.00576264,42.8565,Yes,N/A,N/A,N/A,N/A,N/A,N/A,N/A,8,9,10,11,12,13,1 13,N/A,N/A,8 9,8 10
1 7,0.108796,6.66667,Yes,N/A,N/A,N/A,N/A,N/A,N/A,7,1 7,N/A,N/A,N/A,N/A,N/A,N/A,N/A,N/A,N/A,N/A
7,0.0694444,6.51389,Yes,N/A,N/A,N/A,N/A,N/A,N/A,7,N/A,N/A,N/A,N/A,N/A,N/A,N/A,N/A,N/A,N/A,N/A
1 7 13,0.0307999,16.8333,Yes,N/A,N/A,N/A,N/A,N/A,N/A,7,1 7,N/A,N/A,N/A,N/A,13,1 13,N/A,N/A,N/A,N/A
1 7 12,0.0386874,15.3519,Yes,N/A,N/A,N/A,N/A,N/A,N/A,7,1 7,N/A,N/A,N/A,12,1 12,N/A,N/A,N/A,N/A,N/A
7 13,0.0135031,18.0139,Yes,N/A,N/A,N/A,N/A,N/A,N/A,7,N/A,N/A,N/A,N/A,N/A,13,N/A,N/A,N/A,N/A,N/A
7 12,0.0160751,16.8704,Yes,N/A,N/A,N/A,N/A,N/A,N/A,7,N/A,N/A,N/A,N/A,12,N/A,N/A,N/A,N/A,N/A,N/A
1 7 12 13,0.0126636,26.1019,Yes,N/A,N/A,N/A,N/A,N/A,N/A,7,1 7,N/A,N/A,N/A,12,13,1 13,N/A,N/A,N/A,N/A
1 7 11,0.0440458,14.1157,Yes,N/A,N/A,N/A,N/A,N/A,N/A,7,1 7,N/A,N/A,11,1 11,N/A,N/A,N/A,N/A,N/A,7 11
7 11,0.0219907,15.7917,Yes,N/A,N/A,N/A,N/A,N/A,N/A,7,N/A,N/A,N/A,11,N/A,N/A,N/A,N/A,N/A,N/A,7 11
1 7 11 13,0.0170316,23.213,Yes,N/A,N/A,N/A,N/A,N/A,N/A,7,1 7,N/A,N/A,11,1 11,13,1 13,N/A,N/A,N/A,7 11
7 12 13,0.00468857,28.0602,Yes,N/A,N/A,N/A,N/A,N/A,N/A,7,N/A,N/A,N/A,N/A,12,13,N/A,N/A,N/A,N/A,N/A
1 7 11 12,0.0183774,23.3796,Yes,N/A,N/A,N/A,N/A,N/A,N/A,7,1 7,N/A,N/A,11,12,1 12,N/A,N/A,N/A,N/A,7 11
7 11 13,0.00596386,26.963,Yes,N/A,N/A,N/A,N/A,N/A,N/A,7,N/A,N/A,N/A,11,N/A,13,N/A,N/A,N/A,N/A,7 11
7 11 12,0.00709984,25.6574,Yes,N/A,N/A,N/A,N/A,N/A,N/A,7,N/A,N/A,N/A,11,12,N/A,N/A,N/A,N/A,N/A,7 11
1 7 11 12 13,0.00782376,33.4491,Yes,N/A,N/A,N/A,N/A,N/A,N/A,7,1 7,N/A,N/A,11,12,13,1 13,N/A,N/A,N/A,7 11
1 7 10,0.0515046,13,Yes,N/A,N/A,N/A,N/A,N/A,N/A,7,1 7,N/A,10,1 10,N/A,N/A,N/A,N/A,N/A,7 10,1 7 10
7 10,0.03125,14.7639,Yes,N/A,N/A,N/A,N/A,N/A,N/A,7,N/A,N/A,10,N/A,N/A,N/A,N/A,N/A,N/A,7 10,N/A
1 7 10 13,0.0198929,22.2269,Yes,N/A,N/A,N/A,N/A,N/A,N/A,7,1 7,N/A,10,1 10,N/A,13,1 13,N/A,N/A,7 10,1 7 10
1 7 10 12,0.0248441,20.3426,Yes,N/A,N/A,N/A,N/A,N/A,N/A,7,1 7,N/A,10,1 10,12,1 12,N/A,N/A,N/A,7 10,1 7 10
7 10 13,0.00776427,25.9861,Yes,N/A,N/A,N/A,N/A,N/A,N/A,7,N/A,N/A,10,N/A,N/A,13,N/A,N/A,N/A,7 10,N/A
7 10 12,0.00924318,24.6111,Yes,N/A,N/A,N/A,N/A,N/A,N/A,7,N/A,N/A,10,N/A,12,N/A,N/A,N/A,N/A,7 10,N/A
1 7 10 12 13,0.0102086,30.0648,Yes,N/A,N/A,N/A,N/A,N/A,N/A,7,1 7,N/A,10,1 10,12,13,1 13,N/A,N/A,7 10,1 7 10
7 11 12 13,0.00265686,36.4028,Yes,N/A,N/A,N/A,N/A,N/A,N/A,7,N/A,N/A,N/A,11,12,13,N/A,N/A,N/A,N/A,7 11
1 7 10 11,0.0246271,21.0139,Yes,N/A,N/A,N/A,N/A,N/A,N/A,7,1 7,N/A,10,11,1 11,N/A,N/A,N/A,N/A,7 10,7 11
7 10 11,0.01114,23.5046,Yes,N/A,N/A,N/A,N/A,N/A,N/A,7,N/A,N/A,10,11,N/A,N/A,N/A,N/A,N/A,7 10,7 11
1 7 10 11 13,0.01185,28.8796,Yes,N/A,N/A,N/A,N/A,N/A,N/A,7,1 7,N/A,10,11,1 11,13,1 13,N/A,N/A,7 10,7 11
7 10 12 13,0.003282,35.338,Yes,N/A,N/A,N/A,N/A,N/A,N/A,7,N/A,N/A,10,N/A,12,13,N/A,N/A,N/A,7 10,N/A
1 7 10 11 12,0.0127346,29.2361,Yes,N/A,N/A,N/A,N/A,N/A,N/A,7,1 7,N/A,10,11,12,1 12,N/A,N/A,N/A,7 10,7 11
7 10 11 13,0.00388214,34.0833,Yes,N/A,N/A,N/A,N/A,N/A,N/A,7,N/A,N/A,10,11,N/A,13,N/A,N/A,N/A,7 10,7 11
7 10 11 12,0.00462159,32.8611,Yes,N/A,N/A,N/A,N/A,N/A,N/A,7,N/A,N/A,10,11,12,N/A,N/A,N/A,N/A,7 10,7 11
1 7 10 11 12 13,0.00655492,38.0278,Yes,N/A,N/A,N/A,N/A,N/A,N/A,7,1 7,N/A,10,11,12,13,1 13,N/A,N/A,7 10,7 11
1 7 9,0.061064,11.9769,Yes,N/A,N/A,N/A,N/A,N/A,N/A,7,1 7,9,1 9,N/A,N/A,N/A,N/A,N/A,7 9,1 7 9,N/A
7 9,0.0438529,13.7731,Yes,N/A,N/A,N/A,N/A,N/A,N/A,7,N/A,9,N/A,N/A,N/A,N/A,N/A,N/A,7 9,N/A,N/A
1 7 9 13,0.0232169,21.088,Yes,N/A,N/A,N/A,N/A,N/A,N/A,7,1 7,9,1 9,N/A,N/A,13,1 13,N/A,7 9,1 7 9,N/A
1 7 9 12,0.0291492,19.2824,Yes,N/A,N/A,N/A,N/A,N/A,N/A,7,1 7,9,1 9,N/A,12,1 12,N/A,N/A,7 9,1 7 9,N/A
7 9 13,0.0100898,24.9769,Yes,N/A,N/A,N/A,N/A,N/A,N/A,7,N/A,9,N/A,N/A,N/A,13,N/A,N/A,7 9,N/A,N/A
7 9 12,0.0120117,23.6806,Yes,N/A,N/A,N/A,N/A,N/A,N/A,7,N/A,9,N/A,N/A,12,N/A,N/A,N/A,7 9,N/A,N/A
1 7 9 12 13,0.0115846,29.162,Yes,N/A,N/A,N/A,N/A,N/A,N/A,7,1 7,9,1 9,N/A,12,13,1 13,N/A,7 9,1 7 9,N/A
1 7 9 11,0.0339319,17.963,Yes,N/A,N/A,N/A,N/A,N/A,N/A,7,1 7,9,1 9,11,1 11,N/A,N/A,N/A,7 9,1 7 9,7 11
7 9 11,0.0140443,22.5741,Yes,N/A,N/A,N/A,N/A,N/A,N/A,7,N/A,9,N/A,11,N/A,N/A,N/A,N/A,7 9,N/A,7 11
1 7 9 11 13,0.0153351,25.3657,Yes,N/A,N/A,N/A,N/A,N/A,N/A,7,1 7,9,1 9,11,1 11,13,1 13,N/A,7 9,1 7 9,7 11
7 9 12 13,0.00404606,34.3889,Yes,N/A,N/A,N/A,N/A,N/A,N/A,7,N/A,9,N/A,N/A,12,13,N/A,N/A,7 9,N/A,N/A
1 7 9 11 12,0.0165485,25.6852,Yes,N/A,N/A,N/A,N/A,N/A,N/A,7,1 7,9,1 9,11,12,1 12,N/A,N/A,7 9,1 7 9,7 11
7 9 11 13,0.00468232,33.1435,Yes,N/A,N/A,N/A,N/A,N/A,N/A,7,N/A,9,N/A,11,N/A,13,N/A,N/A,7 9,N/A,7 11
7 9 11 12,0.00557419,31.9259,Yes,N/A,N/A,N/A,N/A,N/A,N/A,7,N/A,9,N/A,11,12,N/A,N/A,N/A,7 9,N/A,7 11
1 7 9 11 12 13,0.00822495,34.0139,Yes,N/A,N/A,N/A,N/A,N/A,N/A,7,1 7,9,1 9,11,12,13,1 13,N/A,7 9,1 7 9,7 11
7 10 11 12 13,0.00209032,42.8426,Yes,N/A,N/A,N/A,N/A,N/A,N/A,7,N/A,N/A,10,11,12,13,N/A,N/A,N/A,7 10,7 11
1 7 9 10,0.0319091,18.8287,Yes,N/A,N/A,N/A,N/A,N/A,N/A,7,1 7,9,10,1 10,N/A,N/A,N/A,N/A,7 9,7 10,1 7 10
7 9 10,0.0161876,21.5278,Yes,N/A,N/A,N/A,N/A,N/A,N/A,7,N/A,9,10,N/A,N/A,N/A,N/A,N/A,7 9,7 10,N/A
1 7 9 10 13,0.0149186,26.6806,Yes,N/A,N/A,N/A,N/A,N/A,N/A,7,1 7,9,10,1 10,N/A,13,1 13,N/A,7 9,7 10,1 7 10
1 7 9 10 12,0.0185545,24.6065,Yes,N/A,N/A,N/A,N/A,N/A,N/A,7,1 7,9,10,1 10,12,1 12,N/A,N/A,7 9,7 10,1 7 10
7 9 10 13,0.00530746,32.1157,Yes,N/A,N/A,N/A,N/A,N/A,N/A,7,N/A,9,10,N/A,N/A,13,N/A,N/A,7 9,7 10,N/A
7 9 10 12,0.00631841,30.8704,Yes,N/A,N/A,N/A,N/A,N/A,N/A,7,N/A,9,10,N/A,12,N/A,N/A,N/A,7 9,7 10,N/A
1 7 9 10 12 13,0.00908946,32.9352,Yes,N/A,N/A,N/A,N/A,N/A,N/A,7,1 7,9,10,1 10,12,13,1 13,N/A,7 9,7 10,1 7 10
7 9 11 12 13,0.00243907,41.8981,Yes,N/A,N/A,N/A,N/A,N/A,N/A,7,N/A,9,N/A,11,12,13,N/A,N/A,7 9,N/A,7 11
1 7 9 10 11,0.0181001,25.6111,Yes,N/A,N/A,N/A,N/A,N/A,N/A,7,1 7,9,10,11,1 11,N/A,N/A,N/A,7 9,7 10,7 11
7 9 10 11,0.00722576,29.7407,Yes,N/A,N/A,N/A,N/A,N/A,N/A,7,N/A,9,10,11,N/A,N/A,N/A,N/A,7 9,7 10,7 11
1 7 9 10 11 13,0.0102906,31.5556,Yes,N/A,N/A,N/A,N/A,N/A,N/A,7,1 7,9,10,11,1 11,13,1 13,N/A,7 9,7 10,7 11
7 9 10 12 13,0.00272849,40.8241,Yes,N/A,N/A,N/A,N/A,N/A,N/A,7,N/A,9,10,N/A,12,13,N/A,N/A,7 9,7 10,N/A
1 7 9 10 11 12,0.011091,32.213,Yes,N/A,N/A,N/A,N/A,N/A,N/A,7,1 7,9,10,11,12,1 12,N/A,N/A,7 9,7 10,7 11
7 9 10 11 13,0.00310305,39.6667,Yes,N/A,N/A,N/A,N/A,N/A,N/A,7,N/A,9,10,11,N/A,13,N/A,N/A,7 9,7 10,7 11
7 9 10 11 12,0.00369411,38.0278,Yes,N/A,N/A,N/A,N/A,N/A,N/A,7,N/A,9,10,11,12,N/A,N/A,N/A,7 9,7 10,7 11
1 7 9 10 11 12 13,0.00663282,39.3009,Yes,N/A,N/A,N/A,N/A,N/A,N/A,7,1 7,9,10,11,12,13,1 13,N/A,7 9,7 10,7 11
8 9 10 11 12 13,0.00180796,47.8889,Yes,N/A,N/A,N/A,N/A,N/A,N/A,N/A,8,9,10,11,12,13,N/A,N/A,N/A,8 9,8 10
1 7 8,0.0632716,12.0602,Yes,N/A,N/A,N/A,N/A,N/A,N/A,7,8,1 8,N/A,N/A,N/A,N/A,N/A,7 8,1 7 8,N/A,N/A
7 8,0.0597994,12.875,Yes,N/A,N/A,N/A,N/A,N/A,N/A,7,8,N/A,N/A,N/A,N/A,N/A,N/A,7 8,N/A,N/A,N/A
1 7 8 13,0.0242466,21.463,Yes,N/A,N/A,N/A,N/A,N/A,N/A,7,8,1 8,N/A,N/A,N/A,13,1 13,7 8,1 7 8,N/A,N/A
1 7 8 12,0.0308017,19.7037,Yes,N/A,N/A,N/A,N/A,N/A,N/A,7,8,1 8,N/A,N/A,12,1 12,N/A,7 8,1 7 8,N/A,N/A
7 8 13,0.0129405,23.9907,Yes,N/A,N/A,N/A,N/A,N/A,N/A,7,8,N/A,N/A,N/A,N/A,13,N/A,7 8,N/A,N/A,N/A
7 8 12,0.0154053,22.713,Yes,N/A,N/A,N/A,N/A,N/A,N/A,7,8,N/A,N/A,N/A,12,N/A,N/A,7 8,N/A,N/A,N/A
1 7 8 12 13,0.0117609,29.7407,Yes,N/A,N/A,N/A,N/A,N/A,N/A,7,8,1 8,N/A,N/A,12,13,1 13,7 8,1 7 8,N/A,N/A
1 7 8 11,0.0359171,18.4074,Yes,N/A,N/A,N/A,N/A,N/A,N/A,7,8,1 8,N/A,11,1 11,N/A,N/A,7 8,1 7 8,N/A,7 11
7 8 11,0.0175379,21.6111,Yes,N/A,N/A,N/A,N/A,N/A,N/A,7,8,N/A,N/A,11,N/A,N/A,N/A,7 8,N/A,N/A,7 11
1 7 8 11 13,0.0159498,26.0648,Yes,N/A,N/A,N/A,N/A,N/A,N/A,7,8,1 8,N/A,11,1 11,13,1 13,7 8,1 7 8,N/A,7 11
7 8 12 13,0.00494905,33.4028,Yes,N/A,N/A,N/A,N/A,N/A,N/A,7,8,N/A,N/A,N/A,12,13,N/A,7 8,N/A,N/A,N/A
1 7 8 11 12,0.0168812,26.4398,Yes,N/A,N/A,N/A,N/A,N/A,N/A,7,8,1 8,N/A,11,12,1 12,N/A,7 8,1 7 8,N/A,7 11
7 8 11 13,0.00560753,32.1759,Yes,N/A,N/A,N/A,N/A,N/A,N/A,7,8,N/A,N/A,11,N/A,13,N/A,7 8,N/A,N/A,7 11
7 8 11 12,0.00667563,30.9583,Yes,N/A,N/A,N/A,N/A,N/A,N/A,7,8,N/A,N/A,11,12,N/A,N/A,7 8,N/A,N/A,7 11
1 7 8 11 12 13,0.00816179,35.2454,Yes,N/A,N/A,N/A,N/A,N/A,N/A,7,8,1 8,N/A,11,12,13,1 13,7 8,1 7 8,N/A,7 11
1 7 8 10,0.0406004,17.2546,Yes,N/A,N/A,N/A,N/A,N/A,N/A,7,8,1 8,10,1 10,N/A,N/A,N/A,7 8,1 7 8,7 10,8 10
7 8 10,0.0199814,20.4861,Yes,N/A,N/A,N/A,N/A,N/A,N/A,7,8,N/A,10,N/A,N/A,N/A,N/A,7 8,N/A,7 10,8 10
1 7 8 10 13,0.0178612,24.9259,Yes,N/A,N/A,N/A,N/A,N/A,N/A,7,8,1 8,10,1 10,N/A,13,1 13,7 8,1 7 8,7 10,8 10
1 7 8 10 12,0.0222092,22.8241,Yes,N/A,N/A,N/A,N/A,N/A,N/A,7,8,1 8,10,1 10,12,1 12,N/A,7 8,1 7 8,7 10,8 10
7 8 10 13,0.00632019,31.0741,Yes,N/A,N/A,N/A,N/A,N/A,N/A,7,8,N/A,10,N/A,N/A,13,N/A,7 8,N/A,7 10,8 10
7 8 10 12,0.00752404,29.8056,Yes,N/A,N/A,N/A,N/A,N/A,N/A,7,8,N/A,10,N/A,12,N/A,N/A,7 8,N/A,7 10,8 10
1 7 8 10 12 13,0.0104533,30.875,Yes,N/A,N/A,N/A,N/A,N/A,N/A,7,8,1 8,10,1 10,12,13,1 13,7 8,1 7 8,7 10,8 10
7 8 11 12 13,0.002824,40.9306,Yes,N/A,N/A,N/A,N/A,N/A,N/A,7,8,N/A,N/A,11,12,13,N/A,7 8,N/A,N/A,7 11
1 7 8 10 11,0.0216221,23.9583,Yes,N/A,N/A,N/A,N/A,N/A,N/A,7,8,1 8,10,11,1 11,N/A,N/A,7 8,1 7 8,7 10,7 11
7 8 10 11,0.0084046,28.7731,Yes,N/A,N/A,N/A,N/A,N/A,N/A,7,8,N/A,10,11,N/A,N/A,N/A,7 8,N/A,7 10,7 11
1 7 8 10 11 13,0.0117745,29.6528,Yes,N/A,N/A,N/A,N/A,N/A,N/A,7,8,1 8,10,11,1 11,13,1 13,7 8,1 7 8,7 10,7 11
7 8 10 12 13,0.00315393,39.7546,Yes,N/A,N/A,N/A,N/A,N/A,N/A,7,8,N/A,10,N/A,12,13,N/A,7 8,N/A,7 10,8 10
1 7 8 10 11 12,0.0126786,30.2269,Yes,N/A,N/A,N/A,N/A,N/A,N/A,7,8,1 8,10,11,12,1 12,N/A,7 8,1 7 8,7 10,7 11
7 8 10 11 13,0.00351252,38.6991,Yes,N/A,N/A,N/A,N/A,N/A,N/A,7,8,N/A,10,11,N/A,13,N/A,7 8,N/A,7 10,7 11
7 8 10 11 12,0.00418157,37.0787,Yes,N/A,N/A,N/A,N/A,N/A,N/A,7,8,N/A,10,11,12,N/A,N/A,7 8,N/A,7 10,7 11
1 7 8 10 11 12 13,0.00735223,37.1204,Yes,N/A,N/A,N/A,N/A,N/A,N/A,7,8,1 8,10,11,12,13,1 13,7 8,1 7 8,7 10,7 11
7 9 10 11 12 13,0.00196533,46.8333,Yes,N/A,N/A,N/A,N/A,N/A,N/A,7,N/A,9,10,11,12,13,N/A,N/A,7 9,7 10,7 11
1 7 8 9,0.0362735,17.9907,Yes,N/A,N/A,N/A,N/A,N/A,N/A,7,8,9,1 9,N/A,N/A,N/A,N/A,7 8,7 9,8 9,1 8 9
7 8 9,0.0227356,19.338,Yes,N/A,N/A,N/A,N/A,N/A,N/A,7,8,9,N/A,N/A,N/A,N/A,N/A,7 8,7 9,8 9,N/A
1 7 8 9 13,0.0168006,26.1481,Yes,N/A,N/A,N/A,N/A,N/A,N/A,7,8,9,1 9,N/A,N/A,13,1 13,7 8,7 9,8 9,1 8 9
1 7 8 9 12,0.0210614,24.0833,Yes,N/A,N/A,N/A,N/A,N/A,N/A,7,8,9,1 9,N/A,12,1 12,N/A,7 8,7 9,8 9,1 8 9
7 8 9 13,0.00708704,29.9074,Yes,N/A,N/A,N/A,N/A,N/A,N/A,7,8,9,N/A,N/A,N/A,13,N/A,7 8,7 9,8 9,N/A
7 8 9 12,0.00843695,28.6759,Yes,N/A,N/A,N/A,N/A,N/A,N/A,7,8,9,N/A,N/A,12,N/A,N/A,7 8,7 9,8 9,N/A
1 7 8 9 12 13,0.0099319,33.037,Yes,N/A,N/A,N/A,N/A,N/A,N/A,7,8,9,1 9,N/A,12,13,1 13,7 8,7 9,8 9,1 8 9
1 7 8 9 11,0.0240675,22.6991,Yes,N/A,N/A,N/A,N/A,N/A,N/A,7,8,9,1 9,11,1 11,N/A,N/A,7 8,7 9,8 9,7 11
7 8 9 11,0.00955308,27.5463,Yes,N/A,N/A,N/A,N/A,N/A,N/A,7,8,9,N/A,11,N/A,N/A,N/A,7 8,7 9,8 9,7 11
1 7 8 9 11 13,0.0129533,28.6019,Yes,N/A,N/A,N/A,N/A,N/A,N/A,7,8,9,1 9,11,1 11,13,1 13,7 8,7 9,8 9,7 11
7 8 9 12 13,0.00349207,38.5602,Yes,N/A,N/A,N/A,N/A,N/A,N/A,7,8,9,N/A,N/A,12,13,N/A,7 8,7 9,8 9,N/A
1 7 8 9 11 12,0.0139302,29.2037,Yes,N/A,N/A,N/A,N/A,N/A,N/A,7,8,9,1 9,11,12,1 12,N/A,7 8,7 9,8 9,7 11
7 8 9 11 13,0.0039305,37.3796,Yes,N/A,N/A,N/A,N/A,N/A,N/A,7,8,9,N/A,11,N/A,13,N/A,7 8,7 9,8 9,7 11
7 8 9 11 12,0.00467917,35.8241,Yes,N/A,N/A,N/A,N/A,N/A,N/A,7,8,9,N/A,11,12,N/A,N/A,7 8,7 9,8 9,7 11
1 7 8 9 11 12 13,0.00798057,36.1667,Yes,N/A,N/A,N/A,N/A,N/A,N/A,7,8,9,1 9,11,12,13,1 13,7 8,7 9,8 9,7 11
7 8 10 11 12 13,0.00217443,45.9537,Yes,N/A,N/A,N/A,N/A,N/A,N/A,7,8,N/A,10,11,12,13,N/A,7 8,N/A,7 10,7 11
1 7 8 9 10,0.0217547,24.088,Yes,N/A,N/A,N/A,N/A,N/A,N/A,7,8,9,10,1 10,N/A,N/A,N/A,7 8,7 9,7 10,8 10
7 8 9 10,0.0104819,26.6713,Yes,N/A,N/A,N/A,N/A,N/A,N/A,7,8,9,10,N/A,N/A,N/A,N/A,7 8,7 9,7 10,8 10
1 7 8 9 10 13,0.0121654,30.4583,Yes,N/A,N/A,N/A,N/A,N/A,N/A,7,8,9,10,1 10,N/A,13,1 13,7 8,7 9,8 9,8 10
1 7 8 9 10 12,0.0151171,28.1157,Yes,N/A,N/A,N/A,N/A,N/A,N/A,7,8,9,10,1 10,12,1 12,N/A,7 8,7 9,8 9,8 10
7 8 9 10 13,0.00426044,36.5046,Yes,N/A,N/A,N/A,N/A,N/A,N/A,7,8,9,10,N/A,N/A,13,N/A,7 8,7 9,7 10,8 10
7 8 9 10 12,0.00507195,34.9491,Yes,N/A,N/A,N/A,N/A,N/A,N/A,7,8,9,10,N/A,12,N/A,N/A,7 8,7 9,7 10,8 10
1 7 8 9 10 12 13,0.00859251,34.838,Yes,N/A,N/A,N/A,N/A,N/A,N/A,7,8,9,10,1 10,12,13,1 13,7 8,7 9,8 9,8 10
7 8 9 11 12 13,0.00240215,44.5648,Yes,N/A,N/A,N/A,N/A,N/A,N/A,7,8,9,N/A,11,12,13,N/A,7 8,7 9,8 9,7 11
1 7 8 9 10 11,0.0145686,29.7269,Yes,N/A,N/A,N/A,N/A,N/A,N/A,7,8,9,10,11,1 11,N/A,N/A,7 8,7 9,7 10,8 10
7 8 9 10 11,0.00560422,33.8889,Yes,N/A,N/A,N/A,N/A,N/A,N/A,7,8,9,10,11,N/A,N/A,N/A,7 8,7 9,7 10,7 11
1 7 8 9 10 11 13,0.00958183,33.4259,Yes,N/A,N/A,N/A,N/A,N/A,N/A,7,8,9,10,11,1 11,13,1 13,7 8,7 9,7 10,8 10
7 8 9 10 12 13,0.00258223,43.6898,Yes,N/A,N/A,N/A,N/A,N/A,N/A,7,8,9,10,N/A,12,13,N/A,7 8,7 9,7 10,8 10
1 7 8 9 10 11 12,0.0102975,34.8472,Yes,N/A,N/A,N/A,N/A,N/A,N/A,7,8,9,10,11,12,1 12,N/A,7 8,7 9,7 10,8 10
7 8 9 10 11 13,0.00284959,42.6019,Yes,N/A,N/A,N/A,N/A,N/A,N/A,7,8,9,10,11,N/A,13,N/A,7 8,7 9,7 10,7 11
7 8 9 10 11 12,0.00339237,40.9861,Yes,N/A,N/A,N/A,N/A,N/A,N/A,7,8,9,10,11,12,N/A,N/A,7 8,7 9,7 10,7 11
1 7 8 9 10 11 12 13,0.0069773,39.7546,Yes,N/A,N/A,N/A,N/A,N/A,N/A,7,8,9,10,11,12,13,1 13,7 8,7 9,7 10,8 10
1 6,0.0771605,6.18981,Yes,N/A,N/A,N/A,N/A,N/A,6,1 6,N/A,N/A,N/A,N/A,N/A,N/A,N/A,N/A,N/A,N/A,N/A
6,0.0462963,5.72222,Yes,N/A,N/A,N/A,N/A,N/A,6,N/A,N/A,N/A,N/A,N/A,N/A,N/A,N/A,N/A,N/A,N/A,N/A
1 6 13,0.0214335,16.5556,Yes,N/A,N/A,N/A,N/A,N/A,6,1 6,N/A,N/A,N/A,N/A,N/A,13,1 13,N/A,N/A,N/A,N/A
1 6 12,0.0276349,15.0046,Yes,N/A,N/A,N/A,N/A,N/A,6,1 6,N/A,N/A,N/A,N/A,12,1 12,N/A,N/A,N/A,N/A,6 12
6 13,0.00900206,17.2685,Yes,N/A,N/A,N/A,N/A,N/A,6,N/A,N/A,N/A,N/A,N/A,N/A,13,N/A,N/A,N/A,N/A,N/A
6 12,0.0153464,16.0417,Yes,N/A,N/A,N/A,N/A,N/A,6,N/A,N/A,N/A,N/A,N/A,12,N/A,N/A,N/A,N/A,N/A,6 12
1 6 12 13,0.00954802,26.0139,Yes,N/A,N/A,N/A,N/A,N/A,6,1 6,N/A,N/A,N/A,N/A,12,13,1 13,N/A,N/A,N/A,6 12
1 6 11,0.0369513,13.6204,Yes,N/A,N/A,N/A,N/A,N/A,6,1 6,N/A,N/A,N/A,11,1 11,N/A,N/A,N/A,N/A,6 11,1 6 11
6 11,0.025463,14.8935,Yes,N/A,N/A,N/A,N/A,N/A,6,N/A,N/A,N/A,N/A,11,N/A,N/A,N/A,N/A,N/A,6 11,N/A
1 6 11 13,0.0144426,22.838,Yes,N/A,N/A,N/A,N/A,N/A,6,1 6,N/A,N/A,N/A,11,1 11,13,1 13,N/A,N/A,6 11,1 6 11
6 12 13,0.00402592,27.3657,Yes,N/A,N/A,N/A,N/A,N/A,6,N/A,N/A,N/A,N/A,N/A,12,13,N/A,N/A,N/A,N/A,6 12
1 6 11 12,0.0164353,22.9537,Yes,N/A,N/A,N/A,N/A,N/A,6,1 6,N/A,N/A,N/A,11,12,1 12,N/A,N/A,N/A,6 11,6 12
6 11 13,0.00607639,26.0926,Yes,N/A,N/A,N/A,N/A,N/A,6,N/A,N/A,N/A,N/A,11,N/A,13,N/A,N/A,N/A,6 11,N/A
6 11 12,0.0083912,24.8194,Yes,N/A,N/A,N/A,N/A,N/A,6,N/A,N/A,N/A,N/A,11,12,N/A,N/A,N/A,N/A,6 11,6 12
1 6 11 12 13,0.00693092,33.1111,Yes,N/A,N/A,N/A,N/A,N/A,6,1 6,N/A,N/A,N/A,11,12,13,1 13,N/A,N/A,6 11,6 12
1 6 10,0.0493827,12.375,Yes,N/A,N/A,N/A,N/A,N/A,6,1 6,N/A,N/A,10,1 10,N/A,N/A,N/A,N/A,6 10,1 6 10,N/A
6 10,0.0393519,13.8102,Yes,N/A,N/A,N/A,N/A,N/A,6,N/A,N/A,N/A,10,N/A,N/A,N/A,N/A,N/A,6 10,N/A,N/A
1 6 10 13,0.0188722,21.6528,Yes,N/A,N/A,N/A,N/A,N/A,6,1 6,N/A,N/A,10,1 10,N/A,13,1 13,N/A,6 10,1 6 10,N/A
1 6 10 12,0.0251307,19.8472,Yes,N/A,N/A,N/A,N/A,N/A,6,1 6,N/A,N/A,10,1 10,12,1 12,N/A,N/A,6 10,1 6 10,6 12
6 10 13,0.00877701,25.0278,Yes,N/A,N/A,N/A,N/A,N/A,6,N/A,N/A,N/A,10,N/A,N/A,13,N/A,N/A,6 10,N/A,N/A
6 10 12,0.0116062,23.7083,Yes,N/A,N/A,N/A,N/A,N/A,6,N/A,N/A,N/A,10,N/A,12,N/A,N/A,N/A,6 10,N/A,6 12
1 6 10 12 13,0.00995287,29.5093,Yes,N/A,N/A,N/A,N/A,N/A,6,1 6,N/A,N/A,10,1 10,12,13,1 13,N/A,6 10,1 6 10,6 12
6 11 12 13,0.00283815,35.5741,Yes,N/A,N/A,N/A,N/A,N/A,6,N/A,N/A,N/A,N/A,11,12,13,N/A,N/A,N/A,6 11,6 12
1 6 10 11,0.0262185,20.2176,Yes,N/A,N/A,N/A,N/A,N/A,6,1 6,N/A,N/A,10,11,1 11,N/A,N/A,N/A,6 10,6 11,1 6 11
6 10 11,0.0147569,22.3981,Yes,N/A,N/A,N/A,N/A,N/A,6,N/A,N/A,N/A,10,11,N/A,N/A,N/A,N/A,6 10,6 11,N/A
1 6 10 11 13,0.0123278,28.2593,Yes,N/A,N/A,N/A,N/A,N/A,6,1 6,N/A,N/A,10,11,1 11,13,1 13,N/A,6 10,6 11,1 6 11
6 10 12 13,0.00377586,34.4398,Yes,N/A,N/A,N/A,N/A,N/A,6,N/A,N/A,N/A,10,N/A,12,13,N/A,N/A,6 10,N/A,6 12
1 6 10 11 12,0.013626,28.4861,Yes,N/A,N/A,N/A,N/A,N/A,6,1 6,N/A,N/A,10,11,12,1 12,N/A,N/A,6 10,6 11,6 12
6 10 11 13,0.00472608,33.2361,Yes,N/A,N/A,N/A,N/A,N/A,6,N/A,N/A,N/A,10,11,N/A,13,N/A,N/A,6 10,6 11,N/A
6 10 11 12,0.00606031,31.6528,Yes,N/A,N/A,N/A,N/A,N/A,6,N/A,N/A,N/A,10,11,12,N/A,N/A,N/A,6 10,6 11,6 12
1 6 10 11 12 13,0.00679878,37.5833,Yes,N/A,N/A,N/A,N/A,N/A,6,1 6,N/A,N/A,10,11,12,13,1 13,N/A,6 10,6 11,6 12
1 6 9,0.0649291,11.2407,Yes,N/A,N/A,N/A,N/A,N/A,6,1 6,N/A,9,1 9,N/A,N/A,N/A,N/A,6 9,1 6 9,N/A,N/A
6 9,0.057013,12.7778,Yes,N/A,N/A,N/A,N/A,N/A,6,N/A,N/A,9,N/A,N/A,N/A,N/A,N/A,6 9,N/A,N/A,N/A
1 6 9 13,0.0241496,20.4815,Yes,N/A,N/A,N/A,N/A,N/A,6,1 6,N/A,9,1 9,N/A,N/A,13,1 13,6 9,1 6 9,N/A,N/A
1 6 9 12,0.0319005,18.7454,Yes,N/A,N/A,N/A,N/A,N/A,6,1 6,N/A,9,1 9,N/A,12,1 12,N/A,6 9,1 6 9,N/A,6 12
6 9 13,0.0121278,23.9676,Yes,N/A,N/A,N/A,N/A,N/A,6,N/A,N/A,9,N/A,N/A,N/A,13,N/A,6 9,N/A,N/A,N/A
6 9 12,0.0155095,22.6944,Yes,N/A,N/A,N/A,N/A,N/A,6,N/A,N/A,9,N/A,N/A,12,N/A,N/A,6 9,N/A,N/A,6 12
1 6 9 12 13,0.0121709,28.4074,Yes,N/A,N/A,N/A,N/A,N/A,6,1 6,N/A,9,1 9,N/A,12,13,1 13,6 9,1 6 9,N/A,6 12
1 6 9 11,0.0394293,17.0185,Yes,N/A,N/A,N/A,N/A,N/A,6,1 6,N/A,9,1 9,11,1 11,N/A,N/A,6 9,1 6 9,6 11,1 6 11
6 9 11,0.0188079,21.3935,Yes,N/A,N/A,N/A,N/A,N/A,6,N/A,N/A,9,N/A,11,N/A,N/A,N/A,6 9,N/A,6 11,N/A
1 6 9 11 13,0.0171325,24.5324,Yes,N/A,N/A,N/A,N/A,N/A,6,1 6,N/A,9,1 9,11,1 11,13,1 13,6 9,1 6 9,6 11,1 6 11
6 9 12 13,0.00488538,33.2917,Yes,N/A,N/A,N/A,N/A,N/A,6,N/A,N/A,9,N/A,N/A,12,13,N/A,6 9,N/A,N/A,6 12
1 6 9 11 12,0.0190544,24.7315,Yes,N/A,N/A,N/A,N/A,N/A,6,1 6,N/A,9,1 9,11,12,1 12,N/A,6 9,1 6 9,6 11,6 12
6 9 11 13,0.00587634,32.0787,Yes,N/A,N/A,N/A,N/A,N/A,6,N/A,N/A,9,N/A,11,N/A,13,N/A,6 9,N/A,6 11,N/A
6 9 11 12,0.00739752,30.6481,Yes,N/A,N/A,N/A,N/A,N/A,6,N/A,N/A,9,N/A,11,12,N/A,N/A,6 9,N/A,6 11,6 12
1 6 9 11 12 13,0.00910805,33.0926,Yes,N/A,N/A,N/A,N/A,N/A,6,1 6,N/A,9,1 9,11,12,13,1 13,6 9,1 6 9,6 11,6 12
6 10 11 12 13,0.00255215,41.6481,Yes,N/A,N/A,N/A,N/A,N/A,6,N/A,N/A,N/A,10,11,12,13,N/A,N/A,6 10,6 11,6 12
1 6 9 10,0.0376211,17.9259,Yes,N/A,N/A,N/A,N/A,N/A,6,1 6,N/A,9,10,1 10,N/A,N/A,N/A,6 9,6 10,1 6 10,N/A
6 9 10,0.0220229,20.2824,Yes,N/A,N/A,N/A,N/A,N/A,6,N/A,N/A,9,10,N/A,N/A,N/A,N/A,6 9,6 10,N/A,N/A
1 6 9 10 13,0.0170929,25.6944,Yes,N/A,N/A,N/A,N/A,N/A,6,1 6,N/A,9,10,1 10,N/A,13,1 13,6 9,6 10,1 6 10,N/A
1 6 9 10 12,0.0220543,23.5046,Yes,N/A,N/A,N/A,N/A,N/A,6,1 6,N/A,9,10,1 10,12,1 12,N/A,6 9,6 10,1 6 10,6 12
6 9 10 13,0.00681406,31,Yes,N/A,N/A,N/A,N/A,N/A,6,N/A,N/A,9,10,N/A,N/A,13,N/A,6 9,6 10,N/A,N/A
6 9 10 12,0.00851385,29.5231,Yes,N/A,N/A,N/A,N/A,N/A,6,N/A,N/A,9,10,N/A,12,N/A,N/A,6 9,6 10,N/A,6 12
1 6 9 10 12 13,0.0104019,31.8657,Yes,N/A,N/A,N/A,N/A,N/A,6,1 6,N/A,9,10,1 10,12,13,1 13,6 9,6 10,1 6 10,6 12
6 9 11 12 13,0.0030577,40.625,Yes,N/A,N/A,N/A,N/A,N/A,6,N/A,N/A,9,N/A,11,12,13,N/A,6 9,N/A,6 11,6 12
1 6 9 10 11,0.0219098,24.6157,Yes,N/A,N/A,N/A,N/A,N/A,6,1 6,N/A,9,10,11,1 11,N/A,N/A,6 9,6 10,6 11,1 6 11
6 9 10 11,0.00996656,28.3102,Yes,N/A,N/A,N/A,N/A,N/A,6,N/A,N/A,9,10,11,N/A,N/A,N/A,6 9,6 10,6 11,N/A
1 6 9 10 11 13,0.0121381,30.5741,Yes,N/A,N/A,N/A,N/A,N/A,6,1 6,N/A,9,10,11,1 11,13,1 13,6 9,6 10,6 11,1 6 11
6 9 10 12 13,0.00349183,39.4722,Yes,N/A,N/A,N/A,N/A,N/A,6,N/A,N/A,9,10,N/A,12,13,N/A,6 9,6 10,N/A,6 12
1 6 9 10 11 12,0.0133165,31.1019,Yes,N/A,N/A,N/A,N/A,N/A,6,1 6,N/A,9,10,11,12,1 12,N/A,6 9,6 10,6 11,6 12
6 9 10 11 13,0.00407124,38.2222,Yes,N/A,N/A,N/A,N/A,N/A,6,N/A,N/A,9,10,11,N/A,13,N/A,6 9,6 10,6 11,N/A
6 9 10 11 12,0.00504766,36.4769,Yes,N/A,N/A,N/A,N/A,N/A,6,N/A,N/A,9,10,11,12,N/A,N/A,6 9,6 10,6 11,6 12
1 6 9 10 11 12 13,0.007723,38.1759,Yes,N/A,N/A,N/A,N/A,N/A,6,1 6,N/A,9,10,11,12,13,1 13,6 9,6 10,6 11,6 12
1 6 8,0.0835905,10.3056,Yes,N/A,N/A,N/A,N/A,N/A,6,1 6,8,1 8,N/A,N/A,N/A,N/A,6 8,1 6 8,N/A,N/A,N/A
6 8,0.0784465,11.8287,Yes,N/A,N/A,N/A,N/A,N/A,6,N/A,8,N/A,N/A,N/A,N/A,N/A,6 8,N/A,N/A,N/A,N/A
1 6 8 13,0.024327,20.6389,Yes,N/A,N/A,N/A,N/A,N/A,6,1 6,8,1 8,N/A,N/A,N/A,13,1 13,1 6 8,N/A,N/A,N/A
1 6 8 12,0.0396769,17.7269,Yes,N/A,N/A,N/A,N/A,N/A,6,1 6,8,1 8,N/A,N/A,12,1 12,6 8,1 6 8,N/A,N/A,6 12
6 8 13,0.0161287,22.9444,Yes,N/A,N/A,N/A,N/A,N/A,6,N/A,8,N/A,N/A,N/A,N/A,13,6 8,N/A,N/A,N/A,N/A
6 8 12,0.020101,21.6759,Yes,N/A,N/A,N/A,N/A,N/A,6,N/A,8,N/A,N/A,N/A,12,N/A,6 8,N/A,N/A,N/A,6 12
1 6 8 12 13,0.0118994,28.7963,Yes,N/A,N/A,N/A,N/A,N/A,6,1 6,8,1 8,N/A,N/A,12,13,1 13,1 6 8,N/A,N/A,6 12
1 6 8 11,0.0478788,16.0417,Yes,N/A,N/A,N/A,N/A,N/A,6,1 6,8,1 8,N/A,11,1 11,N/A,6 8,1 6 8,N/A,6 11,1 6 11
6 8 11,0.0234375,20.4028,Yes,N/A,N/A,N/A,N/A,N/A,6,N/A,8,N/A,N/A,11,N/A,N/A,6 8,N/A,N/A,6 11,N/A
1 6 8 11 13,0.0179524,24.9491,Yes,N/A,N/A,N/A,N/A,N/A,6,1 6,8,1 8,N/A,11,1 11,13,6 8,1 6 8,N/A,6 11,1 6 11
6 8 12 13,0.00616669,32.2593,Yes,N/A,N/A,N/A,N/A,N/A,6,N/A,8,N/A,N/A,N/A,12,13,6 8,N/A,N/A,N/A,6 12
1 6 8 11 12,0.0222106,23.7454,Yes,N/A,N/A,N/A,N/A,N/A,6,1 6,8,1 8,N/A,11,12,1 12,6 8,1 6 8,N/A,6 11,6 12
6 8 11 13,0.00716414,31.0463,Yes,N/A,N/A,N/A,N/A,N/A,6,N/A,8,N/A,N/A,11,N/A,13,6 8,N/A,N/A,6 11,N/A
6 8 11 12,0.00886631,29.6343,Yes,N/A,N/A,N/A,N/A,N/A,6,N/A,8,N/A,N/A,11,12,N/A,6 8,N/A,N/A,6 11,6 12
1 6 8 11 12 13,0.0087357,33.8241,Yes,N/A,N/A,N/A,N/A,N/A,6,1 6,8,1 8,N/A,11,12,13,1 13,1 6 8,N/A,6 11,6 12
1 6 8 10,0.0555949,14.6667,Yes,N/A,N/A,N/A,N/A,N/A,6,1 6,8,1 8,10,1 10,N/A,N/A,6 8,1 6 8,6 10,1 6 10,8 10
6 8 10,0.0265668,19.2176,Yes,N/A,N/A,N/A,N/A,N/A,6,N/A,8,N/A,10,N/A,N/A,N/A,6 8,N/A,6 10,N/A,8 10
1 6 8 10 13,0.0206619,23.5,Yes,N/A,N/A,N/A,N/A,N/A,6,1 6,8,1 8,10,1 10,N/A,13,6 8,1 6 8,6 10,1 6 10,8 10
1 6 8 10 12,0.0295626,19.7593,Yes,N/A,N/A,N/A,N/A,N/A,6,1 6,8,1 8,10,1 10,12,1 12,6 8,1 6 8,6 10,1 6 10,6 12
6 8 10 13,0.00807685,29.8981,Yes,N/A,N/A,N/A,N/A,N/A,6,N/A,8,N/A,10,N/A,N/A,13,6 8,N/A,6 10,N/A,8 10
6 8 10 12,0.00992469,28.5093,Yes,N/A,N/A,N/A,N/A,N/A,6,N/A,8,N/A,10,N/A,12,N/A,6 8,N/A,6 10,N/A,6 12
1 6 8 10 12 13,0.0121166,29.213,Yes,N/A,N/A,N/A,N/A,N/A,6,1 6,8,1 8,10,1 10,12,13,6 8,1 6 8,6 10,1 6 10,6 12
6 8 11 12 13,0.00359995,39.6019,Yes,N/A,N/A,N/A,N/A,N/A,6,N/A,8,N/A,N/A,11,12,13,6 8,N/A,N/A,6 11,6 12
1 6 8 10 11,0.0296342,20.8426,Yes,N/A,N/A,N/A,N/A,N/A,6,1 6,8,1 8,10,11,1 11,N/A,6 8,1 6 8,6 10,6 11,8 10
6 8 10 11,0.0115258,27.1991,Yes,N/A,N/A,N/A,N/A,N/A,6,N/A,8,N/A,10,11,N/A,N/A,6 8,N/A,6 10,6 11,8 10
1 6 8 10 11 13,0.0141126,27.7917,Yes,N/A,N/A,N/A,N/A,N/A,6,1 6,8,1 8,10,11,1 11,13,6 8,1 6 8,6 10,6 11,8 10
6 8 10 12 13,0.00400946,38.3333,Yes,N/A,N/A,N/A,N/A,N/A,6,N/A,8,N/A,10,N/A,12,13,6 8,N/A,6 10,N/A,6 12
1 6 8 10 11 12,0.017137,26.4259,Yes,N/A,N/A,N/A,N/A,N/A,6,1 6,8,1 8,10,11,12,1 12,6 8,1 6 8,6 10,6 11,6 12
6 8 10 11 13,0.00463387,36.9722,Yes,N/A,N/A,N/A,N/A,N/A,6,N/A,8,N/A,10,11,N/A,13,6 8,N/A,6 10,6 11,8 10
6 8 10 11 12,0.00565365,35.4722,Yes,N/A,N/A,N/A,N/A,N/A,6,N/A,8,N/A,10,11,12,N/A,6 8,N/A,6 10,6 11,6 12
1 6 8 10 11 12 13,0.00843886,34.8611,Yes,N/A,N/A,N/A,N/A,N/A,6,1 6,8,1 8,10,11,12,13,1 13,1 6 8,6 10,6 11,6 12
6 9 10 11 12 13,0.00256678,45.1389,Yes,N/A,N/A,N/A,N/A,N/A,6,N/A,N/A,9,10,11,12,13,N/A,6 9,6 10,6 11,6 12
1 6 8 9,0.0506765,15.5093,Yes,N/A,N/A,N/A,N/A,N/A,6,1 6,8,9,1 9,N/A,N/A,N/A,6 8,6 9,1 6 9,8 9,1 8 9
6 8 9,0.0294889,18.0231,Yes,N/A,N/A,N/A,N/A,N/A,6,N/A,8,9,N/A,N/A,N/A,N/A,6 8,6 9,N/A,8 9,N/A
1 6 8 9 13,0.0194205,24.6574,Yes,N/A,N/A,N/A,N/A,N/A,6,1 6,8,9,1 9,N/A,N/A,13,6 8,6 9,1 6 9,8 9,1 8 9
1 6 8 9 12,0.0282788,21.1111,Yes,N/A,N/A,N/A,N/A,N/A,6,1 6,8,9,1 9,N/A,12,1 12,6 8,6 9,1 6 9,8 9,6 12
6 8 9 13,0.00890481,28.5787,Yes,N/A,N/A,N/A,N/A,N/A,6,N/A,8,9,N/A,N/A,N/A,13,6 8,6 9,N/A,8 9,N/A
6 8 9 12,0.0110421,27.2639,Yes,N/A,N/A,N/A,N/A,N/A,6,N/A,8,9,N/A,N/A,12,N/A,6 8,6 9,N/A,8 9,6 12
1 6 8 9 12 13,0.0115512,31.2963,Yes,N/A,N/A,N/A,N/A,N/A,6,1 6,8,9,1 9,N/A,12,13,6 8,6 9,1 6 9,8 9,6 12
1 6 8 9 11,0.0326405,19.8194,Yes,N/A,N/A,N/A,N/A,N/A,6,1 6,8,9,1 9,11,1 11,N/A,6 8,6 9,1 6 9,6 11,1 6 11
6 8 9 11,0.0124189,26.3148,Yes,N/A,N/A,N/A,N/A,N/A,6,N/A,8,9,N/A,11,N/A,N/A,6 8,6 9,N/A,6 11,N/A
1 6 8 9 11 13,0.0153143,26.7407,Yes,N/A,N/A,N/A,N/A,N/A,6,1 6,8,9,1 9,11,1 11,13,6 8,6 9,1 6 9,8 9,1 6 11
6 8 9 12 13,0.00442235,37.088,Yes,N/A,N/A,N/A,N/A,N/A,6,N/A,8,9,N/A,N/A,12,13,6 8,6 9,N/A,8 9,6 12
1 6 8 9 11 12,0.0186107,25.4352,Yes,N/A,N/A,N/A,N/A,N/A,6,1 6,8,9,1 9,11,12,1 12,6 8,6 9,1 6 9,6 11,6 12
6 8 9 11 13,0.00496277,36.1204,Yes,N/A,N/A,N/A,N/A,N/A,6,N/A,8,9,N/A,11,N/A,13,6 8,6 9,N/A,6 11,N/A
6 8 9 11 12,0.00609649,34.4815,Yes,N/A,N/A,N/A,N/A,N/A,6,N/A,8,9,N/A,11,12,N/A,6 8,6 9,N/A,6 11,6 12
1 6 8 9 11 12 13,0.00940629,33.9537,Yes,N/A,N/A,N/A,N/A,N/A,6,1 6,8,9,1 9,11,12,13,6 8,6 9,1 6 9,6 11,6 12
6 8 10 11 12 13,0.00283959,44.0509,Yes,N/A,N/A,N/A,N/A,N/A,6,N/A,8,N/A,10,11,12,13,6 8,N/A,6 10,6 11,6 12
1 6 8 9 10,0.0306116,20.9352,Yes,N/A,N/A,N/A,N/A,N/A,6,1 6,8,9,10,1 10,N/A,N/A,6 8,6 9,6 10,8 9,8 10
6 8 9 10,0.0146736,24.8148,Yes,N/A,N/A,N/A,N/A,N/A,6,N/A,8,9,10,N/A,N/A,N/A,6 8,6 9,6 10,8 9,8 10
1 6 8 9 10 13,0.0144597,28.4954,Yes,N/A,N/A,N/A,N/A,N/A,6,1 6,8,9,10,1 10,N/A,13,1 13,6 9,6 10,8 9,8 10
1 6 8 9 10 12,0.0208221,24,Yes,N/A,N/A,N/A,N/A,N/A,6,1 6,8,9,10,1 10,12,1 12,6 8,6 9,6 10,8 9,8 10
6 8 9 10 13,0.00574165,34.3565,Yes,N/A,N/A,N/A,N/A,N/A,6,N/A,8,9,10,N/A,N/A,13,6 8,6 9,6 10,8 9,8 10
6 8 9 10 12,0.00697466,32.9074,Yes,N/A,N/A,N/A,N/A,N/A,6,N/A,8,9,10,N/A,12,N/A,6 8,6 9,6 10,8 9,6 12
1 6 8 9 10 12 13,0.0101729,32.6019,Yes,N/A,N/A,N/A,N/A,N/A,6,1 6,8,9,10,1 10,12,13,1 13,6 9,6 10,8 9,8 10
6 8 9 11 12 13,0.00304187,43.1667,Yes,N/A,N/A,N/A,N/A,N/A,6,N/A,8,9,N/A,11,12,13,6 8,6 9,N/A,6 11,6 12
1 6 8 9 10 11,0.0204185,25.6204,Yes,N/A,N/A,N/A,N/A,N/A,6,1 6,8,9,10,11,1 11,N/A,6 8,6 9,6 10,8 9,8 10
6 8 9 10 11,0.00779114,31.838,Yes,N/A,N/A,N/A,N/A,N/A,6,N/A,8,9,10,11,N/A,N/A,6 8,6 9,6 10,6 11,8 10
1 6 8 9 10 11 13,0.0115466,30.8935,Yes,N/A,N/A,N/A,N/A,N/A,6,1 6,8,9,10,11,1 11,13,1 13,6 9,6 10,8 9,8 10
6 8 9 10 12 13,0.00343729,41.4398,Yes,N/A,N/A,N/A,N/A,N/A,6,N/A,8,9,10,N/A,12,13,6 8,6 9,6 10,8 9,6 12
1 6 8 9 10 11 12,0.0142052,29.7824,Yes,N/A,N/A,N/A,N/A,N/A,6,1 6,8,9,10,11,12,1 12,6 8,6 9,6 10,6 11,8 10
6 8 9 10 11 13,0.00383657,40.2269,Yes,N/A,N/A,N/A,N/A,N/A,6,N/A,8,9,10,11,N/A,13,6 8,6 9,6 10,6 11,8 10
6 8 9 10 11 12,0.00463876,38.4676,Yes,N/A,N/A,N/A,N/A,N/A,6,N/A,8,9,10,11,12,N/A,6 8,6 9,6 10,6 11,6 12
1 6 8 9 10 11 12 13,0.00830908,36.4861,Yes,N/A,N/A,N/A,N/A,N/A,6,1 6,8,9,10,11,12,13,1 13,6 9,6 10,6 11,8 10
7 8 9 10 11 12 13,0.00206987,47.8704,Yes,N/A,N/A,N/A,N/A,N/A,N/A,7,8,9,10,11,12,13,N/A,7 8,7 9,7 10,7 11
1 6 7,0.100544,9.86574,Yes,N/A,N/A,N/A,N/A,N/A,6,7,1 7,N/A,N/A,N/A,N/A,6 7,1 6 7,N/A,N/A,N/A,N/A
6 7,0.103652,10.8565,Yes,N/A,N/A,N/A,N/A,N/A,6,7,N/A,N/A,N/A,N/A,N/A,6 7,N/A,N/A,N/A,N/A,N/A
1 6 7 13,0.0207628,21.8241,Yes,N/A,N/A,N/A,N/A,N/A,6,7,1 7,N/A,N/A,N/A,N/A,13,1 13,N/A,N/A,N/A,N/A
1 6 7 12,0.0354578,19.0278,Yes,N/A,N/A,N/A,N/A,N/A,6,7,1 7,N/A,N/A,N/A,12,1 12,1 6 7,N/A,N/A,N/A,6 12
6 7 13,0.0113276,23.4491,Yes,N/A,N/A,N/A,N/A,N/A,6,7,N/A,N/A,N/A,N/A,N/A,13,N/A,N/A,N/A,N/A,N/A
6 7 12,0.0253808,20.6759,Yes,N/A,N/A,N/A,N/A,N/A,6,7,N/A,N/A,N/A,N/A,12,6 7,N/A,N/A,N/A,N/A,6 12
1 6 7 12 13,0.00939628,30.875,Yes,N/A,N/A,N/A,N/A,N/A,6,7,1 7,N/A,N/A,N/A,12,13,1 13,N/A,N/A,N/A,6 12
1 6 7 11,0.0554725,15.8333,Yes,N/A,N/A,N/A,N/A,N/A,6,7,1 7,N/A,N/A,11,1 11,6 7,1 6 7,N/A,N/A,6 11,7 11
6 7 11,0.0290745,19.3426,Yes,N/A,N/A,N/A,N/A,N/A,6,7,N/A,N/A,N/A,11,N/A,6 7,N/A,N/A,N/A,6 11,7 11
1 6 7 11 13,0.0142279,27.2037,Yes,N/A,N/A,N/A,N/A,N/A,6,7,1 7,N/A,N/A,11,1 11,13,1 13,N/A,N/A,6 11,7 11
6 7 12 13,0.0043378,33.1944,Yes,N/A,N/A,N/A,N/A,N/A,6,7,N/A,N/A,N/A,N/A,12,13,N/A,N/A,N/A,N/A,6 12
1 6 7 11 12,0.0192379,25.838,Yes,N/A,N/A,N/A,N/A,N/A,6,7,1 7,N/A,N/A,11,12,1 12,1 6 7,N/A,N/A,6 11,6 12
6 7 11 13,0.00516993,31.8704,Yes,N/A,N/A,N/A,N/A,N/A,6,7,N/A,N/A,N/A,11,N/A,13,N/A,N/A,N/A,6 11,7 11
6 7 11 12,0.0105873,28.662,Yes,N/A,N/A,N/A,N/A,N/A,6,7,N/A,N/A,N/A,11,12,6 7,N/A,N/A,N/A,6 11,6 12
1 6 7 11 12 13,0.00680105,36.9954,Yes,N/A,N/A,N/A,N/A,N/A,6,7,1 7,N/A,N/A,11,12,13,1 13,N/A,N/A,6 11,6 12
1 6 7 10,0.0623312,14.4583,Yes,N/A,N/A,N/A,N/A,N/A,6,7,1 7,N/A,10,1 10,N/A,6 7,1 6 7,N/A,6 10,7 10,1 7 10
6 7 10,0.0318609,18.0833,Yes,N/A,N/A,N/A,N/A,N/A,6,7,N/A,N/A,10,N/A,N/A,6 7,N/A,N/A,6 10,7 10,N/A
1 6 7 10 13,0.0165636,25.7546,Yes,N/A,N/A,N/A,N/A,N/A,6,7,1 7,N/A,10,1 10,N/A,13,1 13,N/A,6 10,7 10,1 7 10
1 6 7 10 12,0.0281942,21.9676,Yes,N/A,N/A,N/A,N/A,N/A,6,7,1 7,N/A,10,1 10,12,6 7,1 6 7,N/A,6 10,7 10,6 12
6 7 10 13,0.00598262,30.588,Yes,N/A,N/A,N/A,N/A,N/A,6,7,N/A,N/A,10,N/A,N/A,13,N/A,N/A,6 10,7 10,N/A
6 7 10 12,0.0117116,27.2731,Yes,N/A,N/A,N/A,N/A,N/A,6,7,N/A,N/A,10,N/A,12,6 7,N/A,N/A,6 10,7 10,6 12
1 6 7 10 12 13,0.00929562,32.787,Yes,N/A,N/A,N/A,N/A,N/A,6,7,1 7,N/A,10,1 10,12,13,1 13,N/A,6 10,7 10,6 12
6 7 11 12 13,0.00258275,40.9028,Yes,N/A,N/A,N/A,N/A,N/A,6,7,N/A,N/A,N/A,11,12,13,N/A,N/A,N/A,6 11,6 12
1 6 7 10 11,0.0319848,20.9583,Yes,N/A,N/A,N/A,N/A,N/A,6,7,1 7,N/A,10,11,1 11,6 7,1 6 7,N/A,6 10,6 11,7 11
6 7 10 11,0.0134227,26.2269,Yes,N/A,N/A,N/A,N/A,N/A,6,7,N/A,N/A,10,11,N/A,6 7,N/A,N/A,6 10,6 11,7 11
1 6 7 10 11 13,0.0112841,31.213,Yes,N/A,N/A,N/A,N/A,N/A,6,7,1 7,N/A,10,11,1 11,13,1 13,N/A,6 10,6 11,7 11
6 7 10 12 13,0.00300954,39.4722,Yes,N/A,N/A,N/A,N/A,N/A,6,7,N/A,N/A,10,N/A,12,13,N/A,N/A,6 10,7 10,6 12
1 6 7 10 11 12,0.0147864,29.5648,Yes,N/A,N/A,N/A,N/A,N/A,6,7,1 7,N/A,10,11,12,1 12,1 6 7,N/A,6 10,6 11,7 11
6 7 10 11 13,0.00352112,38.2685,Yes,N/A,N/A,N/A,N/A,N/A,6,7,N/A,N/A,10,11,N/A,13,N/A,N/A,6 10,6 11,7 11
6 7 10 11 12,0.00640784,34.5278,Yes,N/A,N/A,N/A,N/A,N/A,6,7,N/A,N/A,10,11,12,6 7,N/A,N/A,6 10,6 11,6 12
1 6 7 10 11 12 13,0.00663837,39.5463,Yes,N/A,N/A,N/A,N/A,N/A,6,7,1 7,N/A,10,11,12,13,1 13,N/A,6 10,6 11,6 12
1 6 7 9,0.0673615,13.1204,Yes,N/A,N/A,N/A,N/A,N/A,6,7,1 7,9,1 9,N/A,N/A,6 7,1 6 7,6 9,7 9,1 7 9,N/A
6 7 9,0.0337399,16.8287,Yes,N/A,N/A,N/A,N/A,N/A,6,7,N/A,9,N/A,N/A,N/A,6 7,N/A,6 9,7 9,N/A,N/A
1 6 7 9 13,0.0187885,24.1991,Yes,N/A,N/A,N/A,N/A,N/A,6,7,1 7,9,1 9,N/A,N/A,13,1 13,6 9,7 9,1 7 9,N/A
1 6 7 9 12,0.0304961,20.5602,Yes,N/A,N/A,N/A,N/A,N/A,6,7,1 7,9,1 9,N/A,12,6 7,1 6 7,6 9,7 9,1 7 9,6 12
6 7 9 13,0.00677585,29.1343,Yes,N/A,N/A,N/A,N/A,N/A,6,7,N/A,9,N/A,N/A,N/A,13,N/A,6 9,7 9,N/A,N/A
6 7 9 12,0.0124541,25.9676,Yes,N/A,N/A,N/A,N/A,N/A,6,7,N/A,9,N/A,N/A,12,6 7,N/A,6 9,7 9,N/A,6 12
1 6 7 9 12 13,0.0105055,31.1713,Yes,N/A,N/A,N/A,N/A,N/A,6,7,1 7,9,1 9,N/A,12,13,1 13,6 9,7 9,1 7 9,6 12
1 6 7 9 11,0.0408531,16.9259,Yes,N/A,N/A,N/A,N/A,N/A,6,7,1 7,9,1 9,11,1 11,6 7,1 6 7,6 9,7 9,6 11,7 11
6 7 9 11,0.0149504,24.6204,Yes,N/A,N/A,N/A,N/A,N/A,6,7,N/A,9,N/A,11,N/A,6 7,N/A,6 9,7 9,6 11,7 11
1 6 7 9 11 13,0.0145308,26.75,Yes,N/A,N/A,N/A,N/A,N/A,6,7,1 7,9,1 9,11,1 11,13,1 13,6 9,7 9,6 11,7 11
6 7 9 12 13,0.0033993,38.0417,Yes,N/A,N/A,N/A,N/A,N/A,6,7,N/A,9,N/A,N/A,12,13,N/A,6 9,7 9,N/A,6 12
1 6 7 9 11 12,0.0199564,24.7454,Yes,N/A,N/A,N/A,N/A,N/A,6,7,1 7,9,1 9,11,12,6 7,1 6 7,6 9,7 9,6 11,6 12
6 7 9 11 13,0.0041649,36.5324,Yes,N/A,N/A,N/A,N/A,N/A,6,7,N/A,9,N/A,11,N/A,13,N/A,6 9,7 9,6 11,7 11
6 7 9 11 12,0.00705473,32.7407,Yes,N/A,N/A,N/A,N/A,N/A,6,7,N/A,9,N/A,11,12,6 7,N/A,6 9,7 9,6 11,6 12
1 6 7 9 11 12 13,0.00863231,34.0556,Yes,N/A,N/A,N/A,N/A,N/A,6,7,1 7,9,1 9,11,12,13,1 13,6 9,7 9,6 11,6 12
6 7 10 11 12 13,0.00214092,46.1389,Yes,N/A,N/A,N/A,N/A,N/A,6,7,N/A,N/A,10,11,12,13,N/A,N/A,6 10,6 11,6 12
1 6 7 9 10,0.0381398,18.2361,Yes,N/A,N/A,N/A,N/A,N/A,6,7,1 7,9,10,1 10,N/A,6 7,1 6 7,6 9,6 10,7 10,1 7 10
6 7 9 10,0.0164538,23.8426,Yes,N/A,N/A,N/A,N/A,N/A,6,7,N/A,9,10,N/A,N/A,6 7,N/A,6 9,6 10,7 10,N/A
1 6 7 9 10 13,0.0144609,28.2593,Yes,N/A,N/A,N/A,N/A,N/A,6,7,1 7,9,10,1 10,N/A,13,1 13,6 9,6 10,7 10,1 7 10
1 6 7 9 10 12,0.0220005,23.4815,Yes,N/A,N/A,N/A,N/A,N/A,6,7,1 7,9,10,1 10,12,6 7,1 6 7,6 9,6 10,7 10,6 12
6 7 9 10 13,0.00466617,35.7361,Yes,N/A,N/A,N/A,N/A,N/A,6,7,N/A,9,10,N/A,N/A,13,N/A,6 9,6 10,7 10,N/A
6 7 9 10 12,0.00772912,31.8657,Yes,N/A,N/A,N/A,N/A,N/A,6,7,N/A,9,10,N/A,12,6 7,N/A,6 9,6 10,7 10,6 12
1 6 7 9 10 12 13,0.00967855,32.7731,Yes,N/A,N/A,N/A,N/A,N/A,6,7,1 7,9,10,1 10,12,13,1 13,6 9,6 10,7 10,6 12
6 7 9 11 12 13,0.00249674,44.1991,Yes,N/A,N/A,N/A,N/A,N/A,6,7,N/A,9,N/A,11,12,13,N/A,6 9,7 9,6 11,6 12
1 6 7 9 10 11,0.0246166,22.5417,Yes,N/A,N/A,N/A,N/A,N/A,6,7,1 7,9,10,11,1 11,6 7,1 6 7,6 9,6 10,7 10,7 11
6 7 9 10 11,0.0087933,30.7963,Yes,N/A,N/A,N/A,N/A,N/A,6,7,N/A,9,10,11,N/A,6 7,N/A,6 9,6 10,6 11,7 11
1 6 7 9 10 11 13,0.0114808,30.9028,Yes,N/A,N/A,N/A,N/A,N/A,6,7,1 7,9,10,11,1 11,13,1 13,6 9,6 10,7 10,7 11
6 7 9 10 12 13,0.00279031,43.3241,Yes,N/A,N/A,N/A,N/A,N/A,6,7,N/A,9,10,N/A,12,13,N/A,6 9,6 10,7 10,6 12
1 6 7 9 10 11 12,0.0143469,29.2593,Yes,N/A,N/A,N/A,N/A,N/A,6,7,1 7,9,10,11,12,1 12,1 6 7,6 9,6 10,6 11,7 11
6 7 9 10 11 13,0.00320776,42.1204,Yes,N/A,N/A,N/A,N/A,N/A,6,7,N/A,9,10,11,N/A,13,N/A,6 9,6 10,6 11,7 11
6 7 9 10 11 12,0.00510733,37.4537,Yes,N/A,N/A,N/A,N/A,N/A,6,7,N/A,9,10,11,12,6 7,N/A,6 9,6 10,6 11,6 12
1 6 7 9 10 11 12 13,0.00793427,36.9306,Yes,N/A,N/A,N/A,N/A,N/A,6,7,1 7,9,10,11,12,13,1 13,6 9,6 10,6 11,6 12
6 8 9 10 11 12 13,0.00275187,45.3519,Yes,N/A,N/A,N/A,N/A,N/A,6,N/A,8,9,10,11,12,13,6 8,6 9,6 10,6 11,6 12
1 6 7 8,0.0557476,14.2685,Yes,N/A,N/A,N/A,N/A,N/A,6,7,8,1 8,N/A,N/A,N/A,6 7,6 8,7 8,1 7 8,N/A,N/A
6 7 8,0.0347115,15.6759,Yes,N/A,N/A,N/A,N/A,N/A,6,7,8,N/A,N/A,N/A,N/A,6 7,6 8,7 8,N/A,N/A,N/A
1 6 7 8 13,0.0152143,25.75,Yes,N/A,N/A,N/A,N/A,N/A,6,7,8,1 8,N/A,N/A,N/A,13,1 13,7 8,1 7 8,N/A,N/A
1 6 7 8 12,0.0250785,22.0833,Yes,N/A,N/A,N/A,N/A,N/A,6,7,8,1 8,N/A,N/A,12,1 12,6 8,7 8,1 7 8,N/A,6 12
6 7 8 13,0.00754964,27.8426,Yes,N/A,N/A,N/A,N/A,N/A,6,7,8,N/A,N/A,N/A,N/A,13,6 8,7 8,N/A,N/A,N/A
6 7 8 12,0.0128859,24.6898,Yes,N/A,N/A,N/A,N/A,N/A,6,7,8,N/A,N/A,N/A,12,6 7,6 8,7 8,N/A,N/A,6 12
1 6 7 8 12 13,0.0085465,33.3519,Yes,N/A,N/A,N/A,N/A,N/A,6,7,8,1 8,N/A,N/A,12,13,1 13,7 8,1 7 8,N/A,6 12
1 6 7 8 11,0.0368695,18.2778,Yes,N/A,N/A,N/A,N/A,N/A,6,7,8,1 8,N/A,11,1 11,6 7,6 8,7 8,1 7 8,6 11,7 11
6 7 8 11,0.0158679,23.3241,Yes,N/A,N/A,N/A,N/A,N/A,6,7,8,N/A,N/A,11,N/A,6 7,6 8,7 8,N/A,6 11,7 11
1 6 7 8 11 13,0.0127156,28.6852,Yes,N/A,N/A,N/A,N/A,N/A,6,7,8,1 8,N/A,11,1 11,13,1 13,7 8,1 7 8,6 11,7 11
6 7 8 12 13,0.00377758,36.588,Yes,N/A,N/A,N/A,N/A,N/A,6,7,8,N/A,N/A,N/A,12,13,6 8,7 8,N/A,N/A,6 12
1 6 7 8 11 12,0.0172462,26.875,Yes,N/A,N/A,N/A,N/A,N/A,6,7,8,1 8,N/A,11,12,1 12,6 8,7 8,1 7 8,6 11,7 11
6 7 8 11 13,0.00469604,35.0648,Yes,N/A,N/A,N/A,N/A,N/A,6,7,8,N/A,N/A,11,N/A,13,6 8,7 8,N/A,6 11,7 11
6 7 8 11 12,0.00739858,31.4167,Yes,N/A,N/A,N/A,N/A,N/A,6,7,8,N/A,N/A,11,12,6 7,6 8,7 8,N/A,6 11,6 12
1 6 7 8 11 12 13,0.00731208,37.0463,Yes,N/A,N/A,N/A,N/A,N/A,6,7,8,1 8,N/A,11,12,13,1 13,7 8,1 7 8,6 11,6 12
1 6 7 8 10,0.0416874,17.25,Yes,N/A,N/A,N/A,N/A,N/A,6,7,8,1 8,10,1 10,N/A,6 7,6 8,7 8,6 10,7 10,8 10
6 7 8 10,0.0202421,21.9213,Yes,N/A,N/A,N/A,N/A,N/A,6,7,8,N/A,10,N/A,N/A,6 7,6 8,7 8,6 10,7 10,8 10
1 6 7 8 10 13,0.0148499,27.4444,Yes,N/A,N/A,N/A,N/A,N/A,6,7,8,1 8,10,1 10,N/A,13,1 13,7 8,6 10,7 10,8 10
1 6 7 8 10 12,0.0239598,22.3148,Yes,N/A,N/A,N/A,N/A,N/A,6,7,8,1 8,10,1 10,12,6 7,6 8,7 8,6 10,7 10,6 12
6 7 8 10 13,0.00592826,33.4491,Yes,N/A,N/A,N/A,N/A,N/A,6,7,8,N/A,10,N/A,N/A,13,6 8,7 8,6 10,7 10,8 10
6 7 8 10 12,0.00903327,29.8426,Yes,N/A,N/A,N/A,N/A,N/A,6,7,8,N/A,10,N/A,12,6 7,6 8,7 8,6 10,7 10,6 12
1 6 7 8 10 12 13,0.00982886,32.2176,Yes,N/A,N/A,N/A,N/A,N/A,6,7,8,1 8,10,1 10,12,13,1 13,7 8,6 10,7 10,6 12
6 7 8 11 12 13,0.00277746,42.6852,Yes,N/A,N/A,N/A,N/A,N/A,6,7,8,N/A,N/A,11,12,13,6 8,7 8,N/A,6 11,6 12
1 6 7 8 10 11,0.0273178,21.4167,Yes,N/A,N/A,N/A,N/A,N/A,6,7,8,1 8,10,11,1 11,6 7,6 8,7 8,6 10,7 10,7 11
6 7 8 10 11,0.0103514,28.7639,Yes,N/A,N/A,N/A,N/A,N/A,6,7,8,N/A,10,11,N/A,6 7,6 8,7 8,6 10,6 11,7 11
1 6 7 8 10 11 13,0.0118939,30.3611,Yes,N/A,N/A,N/A,N/A,N/A,6,7,8,1 8,10,11,1 11,13,1 13,7 8,6 10,6 11,7 11
6 7 8 10 12 13,0.00340873,40.9583,Yes,N/A,N/A,N/A,N/A,N/A,6,7,8,N/A,10,N/A,12,13,6 8,7 8,6 10,7 10,6 12
1 6 7 8 10 11 12,0.0157046,28.0741,Yes,N/A,N/A,N/A,N/A,N/A,6,7,8,1 8,10,11,12,1 12,6 8,7 8,6 10,6 11,7 11
6 7 8 10 11 13,0.0039305,39.7963,Yes,N/A,N/A,N/A,N/A,N/A,6,7,8,N/A,10,11,N/A,13,6 8,7 8,6 10,6 11,7 11
6 7 8 10 11 12,0.00584093,35.1713,Yes,N/A,N/A,N/A,N/A,N/A,6,7,8,N/A,10,11,12,6 7,6 8,7 8,6 10,6 11,6 12
1 6 7 8 10 11 12 13,0.00801245,36.8241,Yes,N/A,N/A,N/A,N/A,N/A,6,7,8,1 8,10,11,12,13,1 13,7 8,6 10,6 11,6 12
6 7 9 10 11 12 13,0.00226251,48.213,Yes,N/A,N/A,N/A,N/A,N/A,6,7,N/A,9,10,11,12,13,N/A,6 9,6 10,6 11,6 12
1 6 7 8 9,0.0386888,18.4722,Yes,N/A,N/A,N/A,N/A,N/A,6,7,8,9,1 9,N/A,N/A,6 7,6 8,7 8,7 9,8 9,1 8 9
6 7 8 9,0.023369,21.1852,Yes,N/A,N/A,N/A,N/A,N/A,6,7,8,9,N/A,N/A,N/A,6 7,6 8,6 9,7 9,8 9,N/A
1 6 7 8 9 13,0.0141766,29.1898,Yes,N/A,N/A,N/A,N/A,N/A,6,7,8,9,1 9,N/A,N/A,13,1 13,7 8,7 9,8 9,1 8 9
1 6 7 8 9 12,0.0224306,24.5185,Yes,N/A,N/A,N/A,N/A,N/A,6,7,8,9,1 9,N/A,12,1 12,6 8,7 8,7 9,8 9,6 12
6 7 8 9 13,0.00665617,32.8519,Yes,N/A,N/A,N/A,N/A,N/A,6,7,8,9,N/A,N/A,N/A,13,6 8,6 9,7 9,8 9,N/A
6 7 8 9 12,0.0102002,29.1528,Yes,N/A,N/A,N/A,N/A,N/A,6,7,8,9,N/A,N/A,12,6 7,6 8,6 9,7 9,8 9,6 12
1 6 7 8 9 12 13,0.00937692,34.9213,Yes,N/A,N/A,N/A,N/A,N/A,6,7,8,9,1 9,N/A,12,13,1 13,7 8,7 9,8 9,6 12
1 6 7 8 9 11,0.0304136,20.1111,Yes,N/A,N/A,N/A,N/A,N/A,6,7,8,9,1 9,11,1 11,6 7,6 8,7 8,7 9,8 9,7 11
6 7 8 9 11,0.0115646,28.0833,Yes,N/A,N/A,N/A,N/A,N/A,6,7,8,9,N/A,11,N/A,6 7,6 8,6 9,7 9,6 11,7 11
1 6 7 8 9 11 13,0.013314,29.0509,Yes,N/A,N/A,N/A,N/A,N/A,6,7,8,9,1 9,11,1 11,13,6 8,7 8,7 9,6 11,7 11
6 7 8 9 12 13,0.00377301,40.3796,Yes,N/A,N/A,N/A,N/A,N/A,6,7,8,9,N/A,N/A,12,13,6 8,6 9,7 9,8 9,6 12
1 6 7 8 9 11 12,0.0173184,26.75,Yes,N/A,N/A,N/A,N/A,N/A,6,7,8,9,1 9,11,12,1 12,6 8,7 8,7 9,6 11,7 11
6 7 8 9 11 13,0.00435483,39.1528,Yes,N/A,N/A,N/A,N/A,N/A,6,7,8,9,N/A,11,N/A,13,6 8,6 9,7 9,6 11,7 11
6 7 8 9 11 12,0.00639662,34.5972,Yes,N/A,N/A,N/A,N/A,N/A,6,7,8,9,N/A,11,12,6 7,6 8,6 9,7 9,6 11,6 12
1 6 7 8 9 11 12 13,0.0087587,35.4259,Yes,N/A,N/A,N/A,N/A,N/A,6,7,8,9,1 9,11,12,13,1 13,7 8,7 9,6 11,6 12
6 7 8 10 11 12 13,0.00270389,45.2778,Yes,N/A,N/A,N/A,N/A,N/A,6,7,8,N/A,10,11,12,13,6 8,7 8,6 10,6 11,6 12
1 6 7 8 9 10,0.028653,22.4583,Yes,N/A,N/A,N/A,N/A,N/A,6,7,8,9,10,1 10,N/A,6 7,6 8,6 9,7 9,8 9,8 10
6 7 8 9 10,0.0128767,27.0185,Yes,N/A,N/A,N/A,N/A,N/A,6,7,8,9,10,N/A,N/A,6 7,6 8,6 9,6 10,7 10,8 10
1 6 7 8 9 10 13,0.0128754,31.6944,Yes,N/A,N/A,N/A,N/A,N/A,6,7,8,9,10,1 10,N/A,13,6 8,6 9,7 9,7 10,8 10
1 6 7 8 9 10 12,0.0193768,25.5926,Yes,N/A,N/A,N/A,N/A,N/A,6,7,8,9,10,1 10,12,1 12,6 8,6 9,7 9,7 10,8 10
6 7 8 9 10 13,0.00483277,38.0741,Yes,N/A,N/A,N/A,N/A,N/A,6,7,8,9,10,N/A,N/A,13,6 8,6 9,6 10,7 10,8 10
6 7 8 9 10 12,0.00704725,33.5324,Yes,N/A,N/A,N/A,N/A,N/A,6,7,8,9,10,N/A,12,6 7,6 8,6 9,6 10,7 10,8 10
1 6 7 8 9 10 12 13,0.00986912,33.9213,Yes,N/A,N/A,N/A,N/A,N/A,6,7,8,9,10,1 10,12,13,6 8,6 9,7 9,7 10,6 12
6 7 8 9 11 12 13,0.00295102,44.7685,Yes,N/A,N/A,N/A,N/A,N/A,6,7,8,9,N/A,11,12,13,6 8,6 9,7 9,6 11,6 12
1 6 7 8 9 10 11,0.0216504,24.8472,Yes,N/A,N/A,N/A,N/A,N/A,6,7,8,9,10,11,1 11,6 7,6 8,6 9,7 9,7 10,8 10
6 7 8 9 10 11,0.00785433,32.4259,Yes,N/A,N/A,N/A,N/A,N/A,6,7,8,9,10,11,N/A,6 7,6 8,6 9,6 10,6 11,7 11
1 6 7 8 9 10 11 13,0.0116079,31.9676,Yes,N/A,N/A,N/A,N/A,N/A,6,7,8,9,10,11,1 11,13,6 8,6 9,7 9,7 10,8 10
6 7 8 9 10 12 13,0.00325382,43.7083,Yes,N/A,N/A,N/A,N/A,N/A,6,7,8,9,10,N/A,12,13,6 8,6 9,6 10,7 10,6 12
1 6 7 8 9 10 11 12,0.0147202,29.6667,Yes,N/A,N/A,N/A,N/A,N/A,6,7,8,9,10,11,12,1 12,6 8,6 9,7 9,7 10,7 11
6 7 8 9 10 11 13,0.00366978,42.5509,Yes,N/A,N/A,N/A,N/A,N/A,6,7,8,9,10,11,N/A,13,6 8,6 9,7 9,6 11,7 11
6 7 8 9 10 11 12,0.00527836,36.8241,Yes,N/A,N/A,N/A,N/A,N/A,6,7,8,9,10,11,12,6 7,6 8,7 8,6 10,6 11,7 11
1 6 7 8 9 10 11 12 13,0.00882099,36.2083,Yes,N/A,N/A,N/A,N/A,N/A,6,7,8,9,10,11,12,13,1 13,6 9,7 9,7 10,7 11
1 5,0.0509259,5.55556,Yes,N/A,N/A,N/A,N/A,5,1 5,N/A,N/A,N/A,N/A,N/A,N/A,N/A,N/A,N/A,N/A,N/A,N/A
5,0.0277778,4.86111,Yes,N/A,N/A,N/A,N/A,5,N/A,N/A,N/A,N/A,N/A,N/A,N/A,N/A,N/A,N/A,N/A,N/A,N/A
1 5 13,0.0145319,15.9167,Yes,N/A,N/A,N/A,N/A,5,1 5,N/A,N/A,N/A,N/A,N/A,N/A,13,1 13,N/A,N/A,N/A,5 13
1 5 12,0.0241341,14.2083,Yes,N/A,N/A,N/A,N/A,5,1 5,N/A,N/A,N/A,N/A,N/A,12,1 12,N/A,N/A,N/A,5 12,1 5 12
5 13,0.0100309,16.3611,Yes,N/A,N/A,N/A,N/A,5,N/A,N/A,N/A,N/A,N/A,N/A,N/A,13,N/A,N/A,N/A,N/A,5 13
5 12,0.0203189,15.0648,Yes,N/A,N/A,N/A,N/A,5,N/A,N/A,N/A,N/A,N/A,N/A,12,N/A,N/A,N/A,N/A,5 12,N/A
1 5 12 13,0.00902349,25.2685,Yes,N/A,N/A,N/A,N/A,5,1 5,N/A,N/A,N/A,N/A,N/A,12,13,1 13,N/A,N/A,5 12,5 13
1 5 11,0.03768,12.6944,Yes,N/A,N/A,N/A,N/A,5,1 5,N/A,N/A,N/A,N/A,11,1 11,N/A,N/A,N/A,5 11,1 5 11,N/A
5 11,0.0347222,13.8611,Yes,N/A,N/A,N/A,N/A,5,N/A,N/A,N/A,N/A,N/A,11,N/A,N/A,N/A,N/A,5 11,N/A,N/A
1 5 11 13,0.015759,21.8889,Yes,N/A,N/A,N/A,N/A,5,1 5,N/A,N/A,N/A,N/A,11,1 11,13,1 13,N/A,5 11,1 5 11,5 13
5 12 13,0.00564772,26.3148,Yes,N/A,N/A,N/A,N/A,5,N/A,N/A,N/A,N/A,N/A,N/A,12,13,N/A,N/A,N/A,5 12,5 13
1 5 11 12,0.0189865,21.963,Yes,N/A,N/A,N/A,N/A,5,1 5,N/A,N/A,N/A,N/A,11,12,1 12,N/A,N/A,5 11,5 12,1 5 12
5 11 13,0.0085841,24.9769,Yes,N/A,N/A,N/A,N/A,5,N/A,N/A,N/A,N/A,N/A,11,N/A,13,N/A,N/A,5 11,N/A,5 13
5 11 12,0.0123135,23.625,Yes,N/A,N/A,N/A,N/A,5,N/A,N/A,N/A,N/A,N/A,11,12,N/A,N/A,N/A,5 11,5 12,N/A
1 5 11 12 13,0.00807724,32.1435,Yes,N/A,N/A,N/A,N/A,5,1 5,N/A,N/A,N/A,N/A,11,12,13,1 13,N/A,5 11,5 12,5 13
1 5 10,0.0551698,11.3472,Yes,N/A,N/A,N/A,N/A,5,1 5,N/A,N/A,N/A,10,1 10,N/A,N/A,N/A,5 10,1 5 10,N/A,N/A
5 10,0.0532407,12.7361,Yes,N/A,N/A,N/A,N/A,5,N/A,N/A,N/A,N/A,10,N/A,N/A,N/A,N/A,5 10,N/A,N/A,N/A
1 5 10 13,0.0218675,20.5417,Yes,N/A,N/A,N/A,N/A,5,1 5,N/A,N/A,N/A,10,1 10,N/A,13,1 13,5 10,1 5 10,N/A,5 13
1 5 10 12,0.0312839,18.6019,Yes,N/A,N/A,N/A,N/A,5,1 5,N/A,N/A,N/A,10,1 10,12,1 12,N/A,5 10,1 5 10,5 12,1 5 12
5 10 13,0.0121849,23.8426,Yes,N/A,N/A,N/A,N/A,5,N/A,N/A,N/A,N/A,10,N/A,N/A,13,N/A,5 10,N/A,N/A,5 13
5 10 12,0.0166002,22.463,Yes,N/A,N/A,N/A,N/A,5,N/A,N/A,N/A,N/A,10,N/A,12,N/A,N/A,5 10,N/A,5 12,N/A
1 5 10 12 13,0.0123737,28.25,Yes,N/A,N/A,N/A,N/A,5,1 5,N/A,N/A,N/A,10,1 10,12,13,1 13,5 10,1 5 10,5 12,5 13
5 11 12 13,0.00422775,34.1528,Yes,N/A,N/A,N/A,N/A,5,N/A,N/A,N/A,N/A,N/A,11,12,13,N/A,N/A,5 11,5 12,5 13
1 5 10 11,0.0327075,19.0231,Yes,N/A,N/A,N/A,N/A,5,1 5,N/A,N/A,N/A,10,11,1 11,N/A,N/A,5 10,5 11,1 5 11,N/A
5 10 11,0.0211227,21.088,Yes,N/A,N/A,N/A,N/A,5,N/A,N/A,N/A,N/A,10,11,N/A,N/A,N/A,5 10,5 11,N/A,N/A
1 5 10 11 13,0.0156375,26.838,Yes,N/A,N/A,N/A,N/A,5,1 5,N/A,N/A,N/A,10,11,1 11,13,1 13,5 10,5 11,1 5 11,5 13
5 10 12 13,0.00547804,32.9676,Yes,N/A,N/A,N/A,N/A,5,N/A,N/A,N/A,N/A,10,N/A,12,13,N/A,5 10,N/A,5 12,5 13
1 5 10 11 12,0.0176365,27.1713,Yes,N/A,N/A,N/A,N/A,5,1 5,N/A,N/A,N/A,10,11,12,1 12,N/A,5 10,5 11,5 12,1 5 12
5 10 11 13,0.00684799,31.5602,Yes,N/A,N/A,N/A,N/A,5,N/A,N/A,N/A,N/A,10,11,N/A,13,N/A,5 10,5 11,N/A,5 13
5 10 11 12,0.00893776,30.125,Yes,N/A,N/A,N/A,N/A,5,N/A,N/A,N/A,N/A,10,11,12,N/A,N/A,5 10,5 11,5 12,N/A
1 5 10 11 12 13,0.00878188,36.125,Yes,N/A,N/A,N/A,N/A,5,1 5,N/A,N/A,N/A,10,11,12,13,1 13,5 10,5 11,5 12,5 13
1 5 9,0.0766032,10.1389,Yes,N/A,N/A,N/A,N/A,5,1 5,N/A,N/A,9,1 9,N/A,N/A,N/A,5 9,1 5 9,N/A,N/A,N/A
5 9,0.0758745,11.6759,Yes,N/A,N/A,N/A,N/A,5,N/A,N/A,N/A,9,N/A,N/A,N/A,N/A,5 9,N/A,N/A,N/A,N/A
1 5 9 13,0.0230892,20.4583,Yes,N/A,N/A,N/A,N/A,5,1 5,N/A,N/A,9,1 9,N/A,N/A,13,1 13,1 5 9,N/A,N/A,5 13
1 5 9 12,0.0403586,17.3843,Yes,N/A,N/A,N/A,N/A,5,1 5,N/A,N/A,9,1 9,N/A,12,1 12,5 9,1 5 9,N/A,5 12,1 5 12
5 9 13,0.0164502,22.7454,Yes,N/A,N/A,N/A,N/A,5,N/A,N/A,N/A,9,N/A,N/A,N/A,13,5 9,N/A,N/A,N/A,5 13
5 9 12,0.0215228,21.3935,Yes,N/A,N/A,N/A,N/A,5,N/A,N/A,N/A,9,N/A,N/A,12,N/A,5 9,N/A,N/A,5 12,N/A
1 5 9 12 13,0.0126334,28.4306,Yes,N/A,N/A,N/A,N/A,5,1 5,N/A,N/A,9,1 9,N/A,12,13,1 13,1 5 9,N/A,5 12,5 13
1 5 9 11,0.0510313,15.5093,Yes,N/A,N/A,N/A,N/A,5,1 5,N/A,N/A,9,1 9,11,1 11,N/A,5 9,1 5 9,5 11,1 5 11,N/A
5 9 11,0.0262024,20.0278,Yes,N/A,N/A,N/A,N/A,5,N/A,N/A,N/A,9,N/A,11,N/A,N/A,5 9,N/A,5 11,N/A,N/A
1 5 9 11 13,0.0197205,24.0694,Yes,N/A,N/A,N/A,N/A,5,1 5,N/A,N/A,9,1 9,11,1 11,13,5 9,1 5 9,5 11,1 5 11,5 13
5 9 12 13,0.00686665,31.875,Yes,N/A,N/A,N/A,N/A,5,N/A,N/A,N/A,9,N/A,N/A,12,13,5 9,N/A,N/A,5 12,5 13
1 5 9 11 12,0.0252647,22.9259,Yes,N/A,N/A,N/A,N/A,5,1 5,N/A,N/A,9,1 9,11,12,1 12,5 9,1 5 9,5 11,5 12,1 5 12
5 9 11 13,0.00827868,30.4769,Yes,N/A,N/A,N/A,N/A,5,N/A,N/A,N/A,9,N/A,11,N/A,13,5 9,N/A,5 11,N/A,5 13
5 9 11 12,0.0105828,29.0787,Yes,N/A,N/A,N/A,N/A,5,N/A,N/A,N/A,9,N/A,11,12,N/A,5 9,N/A,5 11,5 12,N/A
1 5 9 11 12 13,0.0103702,32.9954,Yes,N/A,N/A,N/A,N/A,5,1 5,N/A,N/A,9,1 9,11,12,13,1 13,1 5 9,5 11,5 12,5 13
5 10 11 12 13,0.00379395,39.7407,Yes,N/A,N/A,N/A,N/A,5,N/A,N/A,N/A,N/A,10,11,12,13,N/A,5 10,5 11,5 12,5 13
1 5 9 10,0.0481789,16.5463,Yes,N/A,N/A,N/A,N/A,5,1 5,N/A,N/A,9,10,1 10,N/A,N/A,5 9,5 10,1 5 10,N/A,N/A
5 9 10,0.0304891,18.8657,Yes,N/A,N/A,N/A,N/A,5,N/A,N/A,N/A,9,10,N/A,N/A,N/A,5 9,5 10,N/A,N/A,N/A
1 5 9 10 13,0.0181299,25.6343,Yes,N/A,N/A,N/A,N/A,5,1 5,N/A,N/A,9,10,1 10,N/A,13,1 13,5 10,1 5 10,N/A,5 13
1 5 9 10 12,0.0292568,21.6898,Yes,N/A,N/A,N/A,N/A,5,1 5,N/A,N/A,9,10,1 10,12,1 12,5 9,5 10,1 5 10,5 12,1 5 12
5 9 10 13,0.00952896,29.2685,Yes,N/A,N/A,N/A,N/A,5,N/A,N/A,N/A,9,10,N/A,N/A,13,5 9,5 10,N/A,N/A,5 13
5 9 10 12,0.0120712,27.7824,Yes,N/A,N/A,N/A,N/A,5,N/A,N/A,N/A,9,10,N/A,12,N/A,5 9,5 10,N/A,5 12,N/A
1 5 9 10 12 13,0.0121308,31.6157,Yes,N/A,N/A,N/A,N/A,5,1 5,N/A,N/A,9,10,1 10,12,13,5 9,5 10,1 5 10,5 12,5 13
5 9 11 12 13,0.00441011,38.6713,Yes,N/A,N/A,N/A,N/A,5,N/A,N/A,N/A,9,N/A,11,12,13,5 9,N/A,5 11,5 12,5 13
1 5 9 10 11,0.029001,22.7546,Yes,N/A,N/A,N/A,N/A,5,1 5,N/A,N/A,9,10,11,1 11,N/A,5 9,5 10,5 11,1 5 11,N/A
5 9 10 11,0.0141461,26.4907,Yes,N/A,N/A,N/A,N/A,5,N/A,N/A,N/A,9,10,11,N/A,N/A,5 9,5 10,5 11,N/A,N/A
1 5 9 10 11 13,0.0138949,30.2037,Yes,N/A,N/A,N/A,N/A,5,1 5,N/A,N/A,9,10,11,1 11,13,1 13,5 10,5 11,1 5 11,5 13
5 9 10 12 13,0.00498895,37.2407,Yes,N/A,N/A,N/A,N/A,5,N/A,N/A,N/A,9,10,N/A,12,13,5 9,5 10,N/A,5 12,5 13
1 5 9 10 11 12,0.0179236,28.8148,Yes,N/A,N/A,N/A,N/A,5,1 5,N/A,N/A,9,10,11,12,1 12,5 9,5 10,5 11,5 12,1 5 12
5 9 10 11 13,0.00581941,35.9028,Yes,N/A,N/A,N/A,N/A,5,N/A,N/A,N/A,9,10,11,N/A,13,5 9,5 10,5 11,N/A,5 13
5 9 10 11 12,0.00729147,34.287,Yes,N/A,N/A,N/A,N/A,5,N/A,N/A,N/A,9,10,11,12,N/A,5 9,5 10,5 11,5 12,N/A
1 5 9 10 11 12 13,0.0090374,37.9861,Yes,N/A,N/A,N/A,N/A,5,1 5,N/A,N/A,9,10,11,12,13,1 13,5 10,5 11,5 12,5 13
1 5 8,0.10198,9.11574,Yes,N/A,N/A,N/A,N/A,5,1 5,N/A,8,1 8,N/A,N/A,N/A,5 8,1 5 8,N/A,N/A,N/A,N/A
5 8,0.102623,10.6944,Yes,N/A,N/A,N/A,N/A,5,N/A,N/A,8,N/A,N/A,N/A,N/A,5 8,N/A,N/A,N/A,N/A,N/A
1 5 8 13,0.022189,20.8426,Yes,N/A,N/A,N/A,N/A,5,1 5,N/A,8,1 8,N/A,N/A,N/A,13,1 13,N/A,N/A,N/A,5 13
1 5 8 12,0.0392143,17.8519,Yes,N/A,N/A,N/A,N/A,5,1 5,N/A,8,1 8,N/A,N/A,12,1 12,1 5 8,N/A,N/A,5 12,1 5 12
5 8 13,0.0119277,23.162,Yes,N/A,N/A,N/A,N/A,5,N/A,N/A,8,N/A,N/A,N/A,N/A,13,N/A,N/A,N/A,N/A,5 13
5 8 12,0.0270812,20.3611,Yes,N/A,N/A,N/A,N/A,5,N/A,N/A,8,N/A,N/A,N/A,12,5 8,N/A,N/A,N/A,5 12,N/A
1 5 8 12 13,0.0113232,29.1898,Yes,N/A,N/A,N/A,N/A,5,1 5,N/A,8,1 8,N/A,N/A,12,13,1 13,N/A,N/A,5 12,5 13
1 5 8 11,0.0619481,14.4722,Yes,N/A,N/A,N/A,N/A,5,1 5,N/A,8,1 8,N/A,11,1 11,5 8,1 5 8,N/A,5 11,1 5 11,N/A
5 8 11,0.0317323,19.0278,Yes,N/A,N/A,N/A,N/A,5,N/A,N/A,8,N/A,N/A,11,N/A,5 8,N/A,N/A,5 11,N/A,N/A
1 5 8 11 13,0.0174318,25.1898,Yes,N/A,N/A,N/A,N/A,5,1 5,N/A,8,1 8,N/A,11,1 11,13,1 13,N/A,5 11,1 5 11,5 13
5 8 12 13,0.00511159,32.6944,Yes,N/A,N/A,N/A,N/A,5,N/A,N/A,8,N/A,N/A,N/A,12,13,N/A,N/A,N/A,5 12,5 13
1 5 8 11 12,0.0237083,23.7361,Yes,N/A,N/A,N/A,N/A,5,1 5,N/A,8,1 8,N/A,11,12,1 12,1 5 8,N/A,5 11,5 12,1 5 12
5 8 11 13,0.00624518,31.3333,Yes,N/A,N/A,N/A,N/A,5,N/A,N/A,8,N/A,N/A,11,N/A,13,N/A,N/A,5 11,N/A,5 13
5 8 11 12,0.0122653,28.0324,Yes,N/A,N/A,N/A,N/A,5,N/A,N/A,8,N/A,N/A,11,12,5 8,N/A,N/A,5 11,5 12,N/A
1 5 8 11 12 13,0.00913893,34.4398,Yes,N/A,N/A,N/A,N/A,5,1 5,N/A,8,1 8,N/A,11,12,13,1 13,N/A,5 11,5 12,5 13
1 5 8 10,0.0719575,12.9861,Yes,N/A,N/A,N/A,N/A,5,1 5,N/A,8,1 8,10,1 10,N/A,5 8,1 5 8,5 10,1 5 10,N/A,8 10
5 8 10,0.0355903,17.7963,Yes,N/A,N/A,N/A,N/A,5,N/A,N/A,8,N/A,10,N/A,N/A,5 8,N/A,5 10,N/A,N/A,8 10
1 5 8 10 13,0.0208719,23.5417,Yes,N/A,N/A,N/A,N/A,5,1 5,N/A,8,1 8,10,1 10,N/A,13,1 13,5 10,1 5 10,N/A,5 13
1 5 8 10 12,0.0342849,19.4074,Yes,N/A,N/A,N/A,N/A,5,1 5,N/A,8,1 8,10,1 10,12,5 8,1 5 8,5 10,1 5 10,5 12,8 10
5 8 10 13,0.00736686,30.0556,Yes,N/A,N/A,N/A,N/A,5,N/A,N/A,8,N/A,10,N/A,N/A,13,N/A,5 10,N/A,N/A,5 13
5 8 10 12,0.0137335,26.6435,Yes,N/A,N/A,N/A,N/A,5,N/A,N/A,8,N/A,10,N/A,12,5 8,N/A,5 10,N/A,5 12,8 10
1 5 8 10 12 13,0.0124729,29.4815,Yes,N/A,N/A,N/A,N/A,5,1 5,N/A,8,1 8,10,1 10,12,13,1 13,5 10,1 5 10,5 12,5 13
5 8 11 12 13,0.00337629,39.9352,Yes,N/A,N/A,N/A,N/A,5,N/A,N/A,8,N/A,N/A,11,12,13,N/A,N/A,5 11,5 12,5 13
1 5 8 10 11,0.0394644,18.375,Yes,N/A,N/A,N/A,N/A,5,1 5,N/A,8,1 8,10,11,1 11,5 8,1 5 8,5 10,5 11,1 5 11,8 10
5 8 10 11,0.0158822,25.3472,Yes,N/A,N/A,N/A,N/A,5,N/A,N/A,8,N/A,10,11,N/A,5 8,N/A,5 10,5 11,N/A,8 10
1 5 8 10 11 13,0.0152791,27.7824,Yes,N/A,N/A,N/A,N/A,5,1 5,N/A,8,1 8,10,11,1 11,13,1 13,5 10,5 11,1 5 11,5 13
5 8 10 12 13,0.00391812,38.5231,Yes,N/A,N/A,N/A,N/A,5,N/A,N/A,8,N/A,10,N/A,12,13,N/A,5 10,N/A,5 12,5 13
1 5 8 10 11 12,0.0197409,26.213,Yes,N/A,N/A,N/A,N/A,5,1 5,N/A,8,1 8,10,11,12,1 12,1 5 8,5 10,5 11,5 12,8 10
5 8 10 11 13,0.0046169,37.2037,Yes,N/A,N/A,N/A,N/A,5,N/A,N/A,8,N/A,10,11,N/A,13,N/A,5 10,5 11,N/A,5 13
5 8 10 11 12,0.00799491,33.1343,Yes,N/A,N/A,N/A,N/A,5,N/A,N/A,8,N/A,10,11,12,5 8,N/A,5 10,5 11,5 12,8 10
1 5 8 10 11 12 13,0.00956756,34.9861,Yes,N/A,N/A,N/A,N/A,5,1 5,N/A,8,1 8,10,11,12,13,1 13,5 10,5 11,5 12,5 13
5 9 10 11 12 13,0.00372858,42.2546,Yes,N/A,N/A,N/A,N/A,5,N/A,N/A,N/A,9,10,11,12,13,5 9,5 10,5 11,5 12,5 13
1 5 8 9,0.063636,14.0509,Yes,N/A,N/A,N/A,N/A,5,1 5,N/A,8,9,1 9,N/A,N/A,5 8,5 9,1 5 9,N/A,8 9,1 8 9
5 8 9,0.0386553,16.5694,Yes,N/A,N/A,N/A,N/A,5,N/A,N/A,8,9,N/A,N/A,N/A,5 8,5 9,N/A,N/A,8 9,N/A
1 5 8 9 13,0.0174623,25.338,Yes,N/A,N/A,N/A,N/A,5,1 5,N/A,8,9,1 9,N/A,N/A,13,1 13,1 5 9,N/A,8 9,5 13
1 5 8 9 12,0.031177,21.3935,Yes,N/A,N/A,N/A,N/A,5,1 5,N/A,8,9,1 9,N/A,12,5 8,5 9,1 5 9,N/A,5 12,1 5 12
5 8 9 13,0.00861596,28.6806,Yes,N/A,N/A,N/A,N/A,5,N/A,N/A,8,9,N/A,N/A,N/A,13,5 9,N/A,N/A,8 9,5 13
5 8 9 12,0.0146803,25.7407,Yes,N/A,N/A,N/A,N/A,5,N/A,N/A,8,9,N/A,N/A,12,5 8,5 9,N/A,N/A,5 12,N/A
1 5 8 9 12 13,0.0104268,32.5,Yes,N/A,N/A,N/A,N/A,5,1 5,N/A,8,9,1 9,N/A,12,13,1 13,1 5 9,N/A,5 12,5 13
1 5 8 9 11,0.0429832,17.3287,Yes,N/A,N/A,N/A,N/A,5,1 5,N/A,8,9,1 9,11,1 11,5 8,5 9,1 5 9,5 11,8 9,1 8 9
5 8 9 11,0.0173772,24.1713,Yes,N/A,N/A,N/A,N/A,5,N/A,N/A,8,9,N/A,11,N/A,5 8,5 9,N/A,5 11,8 9,N/A
1 5 8 9 11 13,0.0153618,27.4491,Yes,N/A,N/A,N/A,N/A,5,1 5,N/A,8,9,1 9,11,1 11,13,5 9,1 5 9,5 11,8 9,5 13
5 8 9 12 13,0.00442971,37.3056,Yes,N/A,N/A,N/A,N/A,5,N/A,N/A,8,9,N/A,N/A,12,13,5 9,N/A,N/A,5 12,5 13
1 5 8 9 11 12,0.0218342,25.2037,Yes,N/A,N/A,N/A,N/A,5,1 5,N/A,8,9,1 9,11,12,5 8,5 9,1 5 9,5 11,5 12,1 5 12
5 8 9 11 13,0.00533746,35.6713,Yes,N/A,N/A,N/A,N/A,5,N/A,N/A,8,9,N/A,11,N/A,13,5 9,N/A,5 11,8 9,5 13
5 8 9 11 12,0.00847146,32.2269,Yes,N/A,N/A,N/A,N/A,5,N/A,N/A,8,9,N/A,11,12,5 8,5 9,N/A,5 11,5 12,N/A
1 5 8 9 11 12 13,0.00930032,34.8657,Yes,N/A,N/A,N/A,N/A,5,1 5,N/A,8,9,1 9,11,12,13,1 13,1 5 9,5 11,5 12,5 13
5 8 10 11 12 13,0.00298073,44.213,Yes,N/A,N/A,N/A,N/A,5,N/A,N/A,8,N/A,10,11,12,13,N/A,5 10,5 11,5 12,5 13
1 5 8 9 10,0.0402949,18.5694,Yes,N/A,N/A,N/A,N/A,5,1 5,N/A,8,9,10,1 10,N/A,5 8,5 9,5 10,1 5 10,8 9,8 10
5 8 9 10,0.0198742,22.6806,Yes,N/A,N/A,N/A,N/A,5,N/A,N/A,8,9,10,N/A,N/A,5 8,5 9,5 10,N/A,8 9,8 10
1 5 8 9 10 13,0.0148907,28.8287,Yes,N/A,N/A,N/A,N/A,5,1 5,N/A,8,9,10,1 10,N/A,13,1 13,5 10,1 5 10,8 9,8 10
1 5 8 9 10 12,0.0238705,23.713,Yes,N/A,N/A,N/A,N/A,5,1 5,N/A,8,9,10,1 10,12,1 12,5 9,5 10,1 5 10,8 9,8 10
5 8 9 10 13,0.00612934,34.3565,Yes,N/A,N/A,N/A,N/A,5,N/A,N/A,8,9,10,N/A,N/A,13,5 9,5 10,N/A,8 9,5 13
5 8 9 10 12,0.00947863,30.5741,Yes,N/A,N/A,N/A,N/A,5,N/A,N/A,8,9,10,N/A,12,5 8,5 9,5 10,N/A,5 12,8 10
1 5 8 9 10 12 13,0.010529,33.3796,Yes,N/A,N/A,N/A,N/A,5,1 5,N/A,8,9,10,1 10,12,13,5 9,5 10,1 5 10,8 9,5 13
5 8 9 11 12 13,0.0033021,42.9769,Yes,N/A,N/A,N/A,N/A,5,N/A,N/A,8,9,N/A,11,12,13,5 9,N/A,5 11,5 12,5 13
1 5 8 9 10 11,0.0275626,22.7176,Yes,N/A,N/A,N/A,N/A,5,1 5,N/A,8,9,10,11,1 11,5 8,5 9,5 10,5 11,8 9,8 10
5 8 9 10 11,0.0111296,28.912,Yes,N/A,N/A,N/A,N/A,5,N/A,N/A,8,9,10,11,N/A,5 8,5 9,5 10,5 11,8 9,8 10
1 5 8 9 10 11 13,0.0127125,31.2731,Yes,N/A,N/A,N/A,N/A,5,1 5,N/A,8,9,10,11,1 11,13,1 13,5 10,5 11,8 9,8 10
5 8 9 10 12 13,0.00372819,41.6111,Yes,N/A,N/A,N/A,N/A,5,N/A,N/A,8,9,10,N/A,12,13,5 9,5 10,N/A,8 9,5 13
1 5 8 9 10 11 12,0.0168472,29.2407,Yes,N/A,N/A,N/A,N/A,5,1 5,N/A,8,9,10,11,12,1 12,5 9,5 10,5 11,8 9,8 10
5 8 9 10 11 13,0.00440985,39.5648,Yes,N/A,N/A,N/A,N/A,5,N/A,N/A,8,9,10,11,N/A,13,5 9,5 10,5 11,8 9,5 13
5 8 9 10 11 12,0.00658554,35.0741,Yes,N/A,N/A,N/A,N/A,5,N/A,N/A,8,9,10,11,12,5 8,5 9,5 10,5 11,5 12,8 10
1 5 8 9 10 11 12 13,0.00901236,37.4167,Yes,N/A,N/A,N/A,N/A,5,1 5,N/A,8,9,10,11,12,13,1 13,5 10,5 11,5 12,8 10
1 5 7,0.128987,8.28241,Yes,N/A,N/A,N/A,N/A,5,1 5,7,1 7,N/A,N/A,N/A,5 7,1 5 7,N/A,N/A,N/A,N/A,N/A
5 7,0.119599,9.88889,Yes,N/A,N/A,N/A,N/A,5,N/A,7,N/A,N/A,N/A,N/A,5 7,N/A,N/A,N/A,N/A,N/A,N/A
1 5 7 13,0.0347276,18.8565,Yes,N/A,N/A,N/A,N/A,5,1 5,7,1 7,N/A,N/A,N/A,5 7,13,1 13,N/A,N/A,N/A,5 13
1 5 7 12,0.0338595,18.6944,Yes,N/A,N/A,N/A,N/A,5,1 5,7,1 7,N/A,N/A,N/A,12,1 12,N/A,N/A,N/A,5 12,1 5 12
5 7 13,0.0242734,20.9167,Yes,N/A,N/A,N/A,N/A,5,N/A,7,N/A,N/A,N/A,N/A,5 7,13,N/A,N/A,N/A,N/A,5 13
5 7 12,0.0166645,21.1667,Yes,N/A,N/A,N/A,N/A,5,N/A,7,N/A,N/A,N/A,N/A,12,N/A,N/A,N/A,N/A,5 12,N/A
1 5 7 12 13,0.01082,29.2824,Yes,N/A,N/A,N/A,N/A,5,1 5,7,1 7,N/A,N/A,N/A,12,13,1 13,N/A,N/A,5 12,5 13
1 5 7 11,0.054575,15.3704,Yes,N/A,N/A,N/A,N/A,5,1 5,7,1 7,N/A,N/A,11,1 11,1 5 7,N/A,N/A,5 11,1 5 11,7 11
5 7 11,0.0344972,18.1528,Yes,N/A,N/A,N/A,N/A,5,N/A,7,N/A,N/A,N/A,11,5 7,N/A,N/A,N/A,5 11,N/A,7 11
1 5 7 11 13,0.0210506,24.7407,Yes,N/A,N/A,N/A,N/A,5,1 5,7,1 7,N/A,N/A,11,5 7,13,1 13,N/A,5 11,1 5 11,5 13
5 7 12 13,0.00521399,32.1019,Yes,N/A,N/A,N/A,N/A,5,N/A,7,N/A,N/A,N/A,N/A,12,13,N/A,N/A,N/A,5 12,5 13
1 5 7 11 12,0.0190558,25.4028,Yes,N/A,N/A,N/A,N/A,5,1 5,7,1 7,N/A,N/A,11,12,1 12,N/A,N/A,5 11,5 12,7 11
5 7 11 13,0.0104399,28.6898,Yes,N/A,N/A,N/A,N/A,5,N/A,7,N/A,N/A,N/A,11,5 7,13,N/A,N/A,5 11,N/A,5 13
5 7 11 12,0.00797414,29.2731,Yes,N/A,N/A,N/A,N/A,5,N/A,7,N/A,N/A,N/A,11,12,N/A,N/A,N/A,5 11,5 12,7 11
1 5 7 11 12 13,0.008181,35.0787,Yes,N/A,N/A,N/A,N/A,5,1 5,7,1 7,N/A,N/A,11,12,13,1 13,N/A,5 11,5 12,5 13
1 5 7 10,0.0797915,11.9861,Yes,N/A,N/A,N/A,N/A,5,1 5,7,1 7,N/A,10,1 10,5 7,1 5 7,N/A,5 10,1 5 10,7 10,1 7 10
5 7 10,0.0375836,16.8472,Yes,N/A,N/A,N/A,N/A,5,N/A,7,N/A,N/A,10,N/A,5 7,N/A,N/A,5 10,N/A,7 10,N/A
1 5 7 10 13,0.0288905,20.75,Yes,N/A,N/A,N/A,N/A,5,1 5,7,1 7,N/A,10,1 10,5 7,13,1 13,5 10,1 5 10,7 10,5 13
1 5 7 10 12,0.0272067,21.2731,Yes,N/A,N/A,N/A,N/A,5,1 5,7,1 7,N/A,10,1 10,12,1 12,N/A,5 10,1 5 10,5 12,1 5 12
5 7 10 13,0.0114723,27.2824,Yes,N/A,N/A,N/A,N/A,5,N/A,7,N/A,N/A,10,N/A,5 7,13,N/A,5 10,N/A,7 10,5 13
5 7 10 12,0.00902081,28.0694,Yes,N/A,N/A,N/A,N/A,5,N/A,7,N/A,N/A,10,N/A,12,N/A,N/A,5 10,N/A,5 12,N/A
1 5 7 10 12 13,0.0115548,30.2593,Yes,N/A,N/A,N/A,N/A,5,1 5,7,1 7,N/A,10,1 10,12,13,1 13,5 10,1 5 10,5 12,5 13
5 7 11 12 13,0.00324867,39.5648,Yes,N/A,N/A,N/A,N/A,5,N/A,7,N/A,N/A,N/A,11,12,13,N/A,N/A,5 11,5 12,5 13
1 5 7 10 11,0.0339573,19.9167,Yes,N/A,N/A,N/A,N/A,5,1 5,7,1 7,N/A,10,11,1 11,1 5 7,N/A,5 10,5 11,7 10,7 11
5 7 10 11,0.0170182,24.3009,Yes,N/A,N/A,N/A,N/A,5,N/A,7,N/A,N/A,10,11,5 7,N/A,N/A,5 10,5 11,7 10,7 11
1 5 7 10 11 13,0.0170813,27.5648,Yes,N/A,N/A,N/A,N/A,5,1 5,7,1 7,N/A,10,11,5 7,13,1 13,5 10,5 11,7 10,7 11
5 7 10 12 13,0.00369586,38.2963,Yes,N/A,N/A,N/A,N/A,5,N/A,7,N/A,N/A,10,N/A,12,13,N/A,5 10,N/A,5 12,5 13
1 5 7 10 11 12,0.0160568,28.7269,Yes,N/A,N/A,N/A,N/A,5,1 5,7,1 7,N/A,10,11,12,1 12,N/A,5 10,5 11,5 12,7 11
5 7 10 11 13,0.00669446,33.8565,Yes,N/A,N/A,N/A,N/A,5,N/A,7,N/A,N/A,10,11,5 7,13,N/A,5 10,5 11,7 10,5 13
5 7 10 11 12,0.00566015,35.1204,Yes,N/A,N/A,N/A,N/A,5,N/A,7,N/A,N/A,10,11,12,N/A,N/A,5 10,5 11,5 12,7 11
1 5 7 10 11 12 13,0.00852334,36.4954,Yes,N/A,N/A,N/A,N/A,5,1 5,7,1 7,N/A,10,11,12,13,1 13,5 10,5 11,5 12,7 11
1 5 7 9,0.0868252,10.3611,Yes,N/A,N/A,N/A,N/A,5,1 5,7,1 7,9,1 9,N/A,5 7,1 5 7,5 9,1 5 9,7 9,1 7 9,N/A
5 7 9,0.0393197,15.5602,Yes,N/A,N/A,N/A,N/A,5,N/A,7,N/A,9,N/A,N/A,5 7,N/A,5 9,N/A,7 9,N/A,N/A
1 5 7 9 13,0.0290989,20.3333,Yes,N/A,N/A,N/A,N/A,5,1 5,7,1 7,9,1 9,N/A,5 7,13,1 13,1 5 9,7 9,1 7 9,5 13
1 5 7 9 12,0.0312873,19.4028,Yes,N/A,N/A,N/A,N/A,5,1 5,7,1 7,9,1 9,N/A,12,1 12,5 9,1 5 9,7 9,5 12,1 5 12
5 7 9 13,0.012079,25.9769,Yes,N/A,N/A,N/A,N/A,5,N/A,7,N/A,9,N/A,N/A,5 7,13,5 9,N/A,7 9,N/A,5 13
5 7 9 12,0.0105978,26.4583,Yes,N/A,N/A,N/A,N/A,5,N/A,7,N/A,9,N/A,N/A,12,N/A,5 9,N/A,7 9,5 12,N/A
1 5 7 9 12 13,0.0120289,29.7778,Yes,N/A,N/A,N/A,N/A,5,1 5,7,1 7,9,1 9,N/A,12,13,1 13,1 5 9,7 9,5 12,5 13
1 5 7 9 11,0.0459918,15.7963,Yes,N/A,N/A,N/A,N/A,5,1 5,7,1 7,9,1 9,11,5 7,1 5 7,5 9,1 5 9,5 11,1 5 11,7 11
5 7 9 11,0.0175629,23.6019,Yes,N/A,N/A,N/A,N/A,5,N/A,7,N/A,9,N/A,11,5 7,N/A,5 9,N/A,5 11,N/A,7 11
1 5 7 9 11 13,0.019925,24.3519,Yes,N/A,N/A,N/A,N/A,5,1 5,7,1 7,9,1 9,11,5 7,13,1 13,1 5 9,5 11,1 5 11,5 13
5 7 9 12 13,0.0042993,36.412,Yes,N/A,N/A,N/A,N/A,5,N/A,7,N/A,9,N/A,N/A,12,13,5 9,N/A,7 9,5 12,5 13
1 5 7 9 11 12,0.0207177,23.7731,Yes,N/A,N/A,N/A,N/A,5,1 5,7,1 7,9,1 9,11,12,1 12,5 9,1 5 9,5 11,5 12,7 11
5 7 9 11 13,0.00686691,33.0417,Yes,N/A,N/A,N/A,N/A,5,N/A,7,N/A,9,N/A,11,5 7,13,5 9,N/A,5 11,N/A,5 13
5 7 9 11 12,0.00629156,33.8657,Yes,N/A,N/A,N/A,N/A,5,N/A,7,N/A,9,N/A,11,12,N/A,5 9,N/A,5 11,5 12,7 11
1 5 7 9 11 12 13,0.00983855,32.625,Yes,N/A,N/A,N/A,N/A,5,1 5,7,1 7,9,1 9,11,12,13,1 13,1 5 9,5 11,5 12,5 13
5 7 10 11 12 13,0.0028042,44.1204,Yes,N/A,N/A,N/A,N/A,5,N/A,7,N/A,N/A,10,11,12,13,N/A,5 10,5 11,5 12,5 13
1 5 7 9 10,0.0508292,14.5231,Yes,N/A,N/A,N/A,N/A,5,1 5,7,1 7,9,10,1 10,5 7,1 5 7,5 9,5 10,7 9,7 10,1 7 10
5 7 9 10,0.0219139,21.5278,Yes,N/A,N/A,N/A,N/A,5,N/A,7,N/A,9,10,N/A,5 7,N/A,5 9,5 10,7 9,7 10,N/A
1 5 7 9 10 13,0.0223156,23.0185,Yes,N/A,N/A,N/A,N/A,5,1 5,7,1 7,9,10,1 10,5 7,13,1 13,5 10,7 9,7 10,5 13
1 5 7 9 10 12,0.0249906,21.7731,Yes,N/A,N/A,N/A,N/A,5,1 5,7,1 7,9,10,1 10,12,1 12,5 9,5 10,7 9,7 10,1 5 12
5 7 9 10 13,0.00840234,30.838,Yes,N/A,N/A,N/A,N/A,5,N/A,7,N/A,9,10,N/A,5 7,13,5 9,5 10,7 9,7 10,5 13
5 7 9 10 12,0.00780285,31.9861,Yes,N/A,N/A,N/A,N/A,5,N/A,7,N/A,9,10,N/A,12,N/A,5 9,5 10,7 9,5 12,N/A
1 5 7 9 10 12 13,0.0119792,30.5231,Yes,N/A,N/A,N/A,N/A,5,1 5,7,1 7,9,10,1 10,12,13,5 9,5 10,7 9,5 12,5 13
5 7 9 11 12 13,0.00308162,42.8657,Yes,N/A,N/A,N/A,N/A,5,N/A,7,N/A,9,N/A,11,12,13,5 9,N/A,5 11,5 12,5 13
1 5 7 9 10 11,0.02895,20.6019,Yes,N/A,N/A,N/A,N/A,5,1 5,7,1 7,9,10,11,1 11,1 5 7,5 9,5 10,5 11,7 10,7 11
5 7 9 10 11,0.0117218,28.2315,Yes,N/A,N/A,N/A,N/A,5,N/A,7,N/A,9,10,11,5 7,N/A,5 9,5 10,5 11,7 10,7 11
1 5 7 9 10 11 13,0.0153004,27.8796,Yes,N/A,N/A,N/A,N/A,5,1 5,7,1 7,9,10,11,1 11,13,1 13,5 10,5 11,7 10,5 13
5 7 9 10 12 13,0.00381055,40.6019,Yes,N/A,N/A,N/A,N/A,5,N/A,7,N/A,9,10,N/A,12,13,5 9,5 10,7 9,7 10,5 13
1 5 7 9 10 11 12,0.0171472,26.9352,Yes,N/A,N/A,N/A,N/A,5,1 5,7,1 7,9,10,11,12,1 12,5 9,5 10,5 11,7 10,7 11
5 7 9 10 11 13,0.00562684,36.1944,Yes,N/A,N/A,N/A,N/A,5,N/A,7,N/A,9,10,11,5 7,13,5 9,5 10,7 9,7 10,5 13
5 7 9 10 11 12,0.00529333,37.7269,Yes,N/A,N/A,N/A,N/A,5,N/A,7,N/A,9,10,11,12,N/A,5 9,5 10,5 11,5 12,7 11
1 5 7 9 10 11 12 13,0.00961696,34.3009,Yes,N/A,N/A,N/A,N/A,5,1 5,7,1 7,9,10,11,12,13,1 13,5 10,5 11,5 12,7 11
5 8 9 10 11 12 13,0.00319301,44.6898,Yes,N/A,N/A,N/A,N/A,5,N/A,N/A,8,9,10,11,12,13,5 9,5 10,5 11,8 9,8 10
1 5 7 8,0.0717914,11.5139,Yes,N/A,N/A,N/A,N/A,5,1 5,7,8,1 8,N/A,N/A,5 7,5 8,1 5 8,7 8,1 7 8,N/A,N/A
5 7 8,0.0397055,14.4074,Yes,N/A,N/A,N/A,N/A,5,N/A,7,8,N/A,N/A,N/A,5 7,5 8,N/A,7 8,N/A,N/A,N/A
1 5 7 8 13,0.0245129,21.9074,Yes,N/A,N/A,N/A,N/A,5,1 5,7,8,1 8,N/A,N/A,5 7,13,1 13,7 8,1 7 8,N/A,5 13
1 5 7 8 12,0.0256358,20.8009,Yes,N/A,N/A,N/A,N/A,5,1 5,7,8,1 8,N/A,N/A,12,1 12,1 5 8,7 8,1 7 8,5 12,1 5 12
5 7 8 13,0.0103372,26.2963,Yes,N/A,N/A,N/A,N/A,5,N/A,7,8,N/A,N/A,N/A,5 7,13,N/A,7 8,N/A,N/A,5 13
5 7 8 12,0.0118584,25.1157,Yes,N/A,N/A,N/A,N/A,5,N/A,7,8,N/A,N/A,N/A,12,5 8,N/A,7 8,N/A,5 12,N/A
1 5 7 8 12 13,0.0102046,31.5926,Yes,N/A,N/A,N/A,N/A,5,1 5,7,8,1 8,N/A,N/A,12,13,1 13,7 8,1 7 8,5 12,5 13
1 5 7 8 11,0.0395937,17.0741,Yes,N/A,N/A,N/A,N/A,5,1 5,7,8,1 8,N/A,11,1 11,5 8,1 5 8,7 8,5 11,1 5 11,7 11
5 7 8 11,0.0197027,21.75,Yes,N/A,N/A,N/A,N/A,5,N/A,7,8,N/A,N/A,11,5 7,5 8,N/A,7 8,5 11,N/A,7 11
1 5 7 8 11 13,0.0176583,26.3287,Yes,N/A,N/A,N/A,N/A,5,1 5,7,8,1 8,N/A,11,5 7,13,1 13,7 8,5 11,1 5 11,5 13
5 7 8 12 13,0.00386121,37.0648,Yes,N/A,N/A,N/A,N/A,5,N/A,7,8,N/A,N/A,N/A,12,13,N/A,7 8,N/A,5 12,5 13
1 5 7 8 11 12,0.0178107,25.8843,Yes,N/A,N/A,N/A,N/A,5,1 5,7,8,1 8,N/A,11,12,1 12,1 5 8,7 8,5 11,5 12,7 11
5 7 8 11 13,0.0064707,33.1389,Yes,N/A,N/A,N/A,N/A,5,N/A,7,8,N/A,N/A,11,5 7,13,N/A,7 8,5 11,N/A,5 13
5 7 8 11 12,0.00763237,31.7685,Yes,N/A,N/A,N/A,N/A,5,N/A,7,8,N/A,N/A,11,12,5 8,N/A,7 8,5 11,5 12,7 11
1 5 7 8 11 12 13,0.00874477,35.5185,Yes,N/A,N/A,N/A,N/A,5,1 5,7,8,1 8,N/A,11,12,13,1 13,7 8,5 11,5 12,5 13
1 5 7 8 10,0.0532211,13.5972,Yes,N/A,N/A,N/A,N/A,5,1 5,7,8,1 8,10,1 10,5 7,5 8,1 5 8,7 8,1 5 10,7 10,8 10
5 7 8 10,0.0227784,20.9583,Yes,N/A,N/A,N/A,N/A,5,N/A,7,8,N/A,10,N/A,5 7,5 8,N/A,5 10,N/A,7 10,8 10
1 5 7 8 10 13,0.021967,22.5787,Yes,N/A,N/A,N/A,N/A,5,1 5,7,8,1 8,10,1 10,5 7,13,1 13,7 8,1 5 10,7 10,5 13
1 5 7 8 10 12,0.0233353,21.8565,Yes,N/A,N/A,N/A,N/A,5,1 5,7,8,1 8,10,1 10,12,1 12,1 5 8,7 8,1 5 10,5 12,8 10
5 7 8 10 13,0.00709118,32.5694,Yes,N/A,N/A,N/A,N/A,5,N/A,7,8,N/A,10,N/A,5 7,13,N/A,5 10,N/A,7 10,5 13
5 7 8 10 12,0.00812495,31.4167,Yes,N/A,N/A,N/A,N/A,5,N/A,7,8,N/A,10,N/A,12,5 8,N/A,5 10,N/A,5 12,8 10
1 5 7 8 10 12 13,0.0110633,30.8657,Yes,N/A,N/A,N/A,N/A,5,1 5,7,8,1 8,10,1 10,12,13,1 13,7 8,1 7 8,5 12,5 13
5 7 8 11 12 13,0.00304435,43.1435,Yes,N/A,N/A,N/A,N/A,5,N/A,7,8,N/A,N/A,11,12,13,N/A,7 8,5 11,5 12,5 13
1 5 7 8 10 11,0.0303917,19.8472,Yes,N/A,N/A,N/A,N/A,5,1 5,7,8,1 8,10,11,1 11,5 8,1 5 8,5 10,5 11,7 10,7 11
5 7 8 10 11,0.0125455,27.1065,Yes,N/A,N/A,N/A,N/A,5,N/A,7,8,N/A,10,11,5 7,5 8,N/A,5 10,5 11,7 10,7 11
1 5 7 8 10 11 13,0.0158475,27.1898,Yes,N/A,N/A,N/A,N/A,5,1 5,7,8,1 8,10,11,5 7,13,1 13,5 10,5 11,7 10,5 13
5 7 8 10 12 13,0.00318856,42.9583,Yes,N/A,N/A,N/A,N/A,5,N/A,7,8,N/A,10,N/A,12,13,N/A,7 8,N/A,5 12,5 13
1 5 7 8 10 11 12,0.0161918,27.1435,Yes,N/A,N/A,N/A,N/A,5,1 5,7,8,1 8,10,11,12,1 12,1 5 8,5 10,5 11,5 12,7 11
5 7 8 10 11 13,0.00505154,37.875,Yes,N/A,N/A,N/A,N/A,5,N/A,7,8,N/A,10,11,5 7,13,N/A,7 8,5 11,7 10,5 13
5 7 8 10 11 12,0.00579103,36.662,Yes,N/A,N/A,N/A,N/A,5,N/A,7,8,N/A,10,11,12,5 8,N/A,5 10,5 11,5 12,7 11
1 5 7 8 10 11 12 13,0.00929861,34.6713,Yes,N/A,N/A,N/A,N/A,5,1 5,7,8,1 8,10,11,12,13,1 13,5 10,5 11,5 12,7 11
5 7 9 10 11 12 13,0.0031133,44.7546,Yes,N/A,N/A,N/A,N/A,5,N/A,7,N/A,9,10,11,12,13,5 9,5 10,7 9,7 10,7 11
1 5 7 8 9,0.0528496,14.8981,Yes,N/A,N/A,N/A,N/A,5,1 5,7,8,9,1 9,N/A,5 7,5 8,5 9,7 8,7 9,8 9,1 8 9
5 7 8 9,0.0323872,18.6111,Yes,N/A,N/A,N/A,N/A,5,N/A,7,8,9,N/A,N/A,5 7,5 8,5 9,7 8,7 9,8 9,N/A
1 5 7 8 9 13,0.0210102,24.6806,Yes,N/A,N/A,N/A,N/A,5,1 5,7,8,9,1 9,N/A,5 7,13,1 13,7 8,7 9,8 9,5 13
1 5 7 8 9 12,0.0256033,23.0093,Yes,N/A,N/A,N/A,N/A,5,1 5,7,8,9,1 9,N/A,12,1 12,5 9,7 8,7 9,5 12,1 5 12
5 7 8 9 13,0.00982095,29.6759,Yes,N/A,N/A,N/A,N/A,5,N/A,7,8,9,N/A,N/A,5 7,13,5 9,7 8,7 9,8 9,5 13
5 7 8 9 12,0.0117072,28.6713,Yes,N/A,N/A,N/A,N/A,5,N/A,7,8,9,N/A,N/A,12,5 8,5 9,7 8,7 9,5 12,N/A
1 5 7 8 9 12 13,0.0109591,33.3565,Yes,N/A,N/A,N/A,N/A,5,1 5,7,8,9,1 9,N/A,12,13,1 13,7 8,7 9,5 12,5 13
1 5 7 8 9 11,0.0368965,17.9444,Yes,N/A,N/A,N/A,N/A,5,1 5,7,8,9,1 9,11,1 11,5 8,5 9,7 8,7 9,8 9,7 11
5 7 8 9 11,0.0159731,24.963,Yes,N/A,N/A,N/A,N/A,5,N/A,7,8,9,N/A,11,5 7,5 8,5 9,7 8,5 11,8 9,7 11
1 5 7 8 9 11 13,0.0170956,26.5185,Yes,N/A,N/A,N/A,N/A,5,1 5,7,8,9,1 9,11,5 7,13,1 13,7 8,7 9,8 9,5 13
5 7 8 9 12 13,0.00448546,39.6343,Yes,N/A,N/A,N/A,N/A,5,N/A,7,8,9,N/A,N/A,12,13,5 9,7 8,7 9,5 12,5 13
1 5 7 8 9 11 12,0.0196525,25.1898,Yes,N/A,N/A,N/A,N/A,5,1 5,7,8,9,1 9,11,12,1 12,5 9,7 8,7 9,5 12,7 11
5 7 8 9 11 13,0.00633279,35.3704,Yes,N/A,N/A,N/A,N/A,5,N/A,7,8,9,N/A,11,5 7,13,5 9,7 8,5 11,8 9,5 13
5 7 8 9 11 12,0.00745594,33.8472,Yes,N/A,N/A,N/A,N/A,5,N/A,7,8,9,N/A,11,12,5 8,5 9,7 8,5 11,5 12,7 11
1 5 7 8 9 11 12 13,0.0101053,33.9352,Yes,N/A,N/A,N/A,N/A,5,1 5,7,8,9,1 9,11,12,13,1 13,7 8,5 11,5 12,5 13
5 7 8 10 11 12 13,0.00279823,47.0787,Yes,N/A,N/A,N/A,N/A,5,N/A,7,8,N/A,10,11,12,13,N/A,7 8,5 11,5 12,5 13
1 5 7 8 9 10,0.0401772,17.3611,Yes,N/A,N/A,N/A,N/A,5,1 5,7,8,9,10,1 10,5 7,5 8,5 9,7 8,7 9,8 9,8 10
5 7 8 9 10,0.0180698,23.8333,Yes,N/A,N/A,N/A,N/A,5,N/A,7,8,9,10,N/A,5 7,5 8,5 9,7 8,7 9,7 10,8 10
1 5 7 8 9 10 13,0.0186884,25.6065,Yes,N/A,N/A,N/A,N/A,5,1 5,7,8,9,10,1 10,5 7,13,1 13,7 8,7 9,8 9,8 10
1 5 7 8 9 10 12,0.0229406,23.3704,Yes,N/A,N/A,N/A,N/A,5,1 5,7,8,9,10,1 10,12,1 12,5 9,7 8,7 9,7 10,8 10
5 7 8 9 10 13,0.00688618,34.3519,Yes,N/A,N/A,N/A,N/A,5,N/A,7,8,9,10,N/A,5 7,13,5 9,5 10,7 9,8 9,8 10
5 7 8 9 10 12,0.00838303,32.8426,Yes,N/A,N/A,N/A,N/A,5,N/A,7,8,9,10,N/A,12,5 8,5 9,7 8,7 9,7 10,8 10
1 5 7 8 9 10 12 13,0.0117314,31.8194,Yes,N/A,N/A,N/A,N/A,5,1 5,7,8,9,10,1 10,12,13,5 9,7 8,7 9,5 12,5 13
5 7 8 9 11 12 13,0.00354006,43.9398,Yes,N/A,N/A,N/A,N/A,5,N/A,7,8,9,N/A,11,12,13,5 9,7 8,5 11,5 12,5 13
1 5 7 8 9 10 11,0.0269176,21.713,Yes,N/A,N/A,N/A,N/A,5,1 5,7,8,9,10,11,1 11,5 8,5 9,5 10,7 9,7 10,8 10
5 7 8 9 10 11,0.0111768,28.3935,Yes,N/A,N/A,N/A,N/A,5,N/A,7,8,9,10,11,5 7,5 8,5 9,7 8,7 9,7 10,7 11
1 5 7 8 9 10 11 13,0.0145955,28.7778,Yes,N/A,N/A,N/A,N/A,5,1 5,7,8,9,10,11,1 11,13,1 13,5 10,7 9,7 10,8 10
5 7 8 9 10 12 13,0.00388434,42.9954,Yes,N/A,N/A,N/A,N/A,5,N/A,7,8,9,10,N/A,12,13,5 9,7 8,7 9,5 12,5 13
1 5 7 8 9 10 11 12,0.0173528,27.338,Yes,N/A,N/A,N/A,N/A,5,1 5,7,8,9,10,11,12,1 12,5 9,7 8,7 9,7 10,7 11
5 7 8 9 10 11 13,0.00532084,37.588,Yes,N/A,N/A,N/A,N/A,5,N/A,7,8,9,10,11,5 7,13,5 9,7 8,5 11,8 9,5 13
5 7 8 9 10 11 12,0.00638066,36.0278,Yes,N/A,N/A,N/A,N/A,5,N/A,7,8,9,10,11,12,5 8,5 9,7 8,7 9,7 10,7 11
1 5 7 8 9 10 11 12 13,0.0102626,34.0602,Yes,N/A,N/A,N/A,N/A,5,1 5,7,8,9,10,11,12,13,1 13,5 10,5 11,5 12,8 10
6 7 8 9 10 11 12 13,0.00288902,45.2176,Yes,N/A,N/A,N/A,N/A,N/A,6,7,8,9,10,11,12,13,6 8,6 9,6 10,6 11,7 11
1 5 6,0.143004,8.06481,Yes,N/A,N/A,N/A,N/A,5,6,1 6,N/A,N/A,N/A,5 6,1 5 6,N/A,N/A,N/A,N/A,N/A,N/A
5 6,0.127572,9.13426,Yes,N/A,N/A,N/A,N/A,5,6,N/A,N/A,N/A,N/A,5 6,N/A,N/A,N/A,N/A,N/A,N/A,N/A
1 5 6 13,0.0470429,17.4398,Yes,N/A,N/A,N/A,N/A,5,6,1 6,N/A,N/A,N/A,5 6,1 5 6,13,1 13,N/A,N/A,N/A,5 13
1 5 6 12,0.0481217,17.2639,Yes,N/A,N/A,N/A,N/A,5,6,1 6,N/A,N/A,N/A,5 6,12,1 12,N/A,N/A,N/A,5 12,6 12
5 6 13,0.0254844,20.2639,Yes,N/A,N/A,N/A,N/A,5,6,N/A,N/A,N/A,N/A,5 6,N/A,13,N/A,N/A,N/A,N/A,5 13
5 6 12,0.0313715,18.8519,Yes,N/A,N/A,N/A,N/A,5,6,N/A,N/A,N/A,N/A,5 6,12,N/A,N/A,N/A,N/A,5 12,6 12
1 5 6 12 13,0.0174624,27.4028,Yes,N/A,N/A,N/A,N/A,5,6,1 6,N/A,N/A,N/A,5 6,12,13,1 13,N/A,N/A,5 12,5 13
1 5 6 11,0.0408022,17.213,Yes,N/A,N/A,N/A,N/A,5,6,1 6,N/A,N/A,N/A,11,1 11,N/A,N/A,N/A,5 11,6 11,1 6 11
5 6 11,0.0199331,19.0139,Yes,N/A,N/A,N/A,N/A,5,6,N/A,N/A,N/A,N/A,11,N/A,N/A,N/A,N/A,5 11,6 11,N/A
1 5 6 11 13,0.0168762,25.875,Yes,N/A,N/A,N/A,N/A,5,6,1 6,N/A,N/A,N/A,11,1 11,13,1 13,N/A,5 11,6 11,5 13
5 6 12 13,0.0093821,29.4537,Yes,N/A,N/A,N/A,N/A,5,6,N/A,N/A,N/A,N/A,5 6,12,13,N/A,N/A,N/A,5 12,5 13
1 5 6 11 12,0.0163216,26.3009,Yes,N/A,N/A,N/A,N/A,5,6,1 6,N/A,N/A,N/A,11,12,1 12,N/A,N/A,5 11,5 12,6 12
5 6 11 13,0.00619695,29.9491,Yes,N/A,N/A,N/A,N/A,5,6,N/A,N/A,N/A,N/A,11,N/A,13,N/A,N/A,5 11,6 11,5 13
5 6 11 12,0.00797236,28.6019,Yes,N/A,N/A,N/A,N/A,5,6,N/A,N/A,N/A,N/A,11,12,N/A,N/A,N/A,5 11,5 12,6 12
1 5 6 11 12 13,0.00767536,35.9583,Yes,N/A,N/A,N/A,N/A,5,6,1 6,N/A,N/A,N/A,11,12,13,1 13,N/A,5 11,5 12,6 12
1 5 6 10,0.0635681,13.9352,Yes,N/A,N/A,N/A,N/A,5,6,1 6,N/A,N/A,10,5 6,1 5 6,N/A,N/A,5 10,6 10,1 6 10,N/A
5 6 10,0.0380444,16.0231,Yes,N/A,N/A,N/A,N/A,5,6,N/A,N/A,N/A,10,5 6,N/A,N/A,N/A,5 10,6 10,N/A,N/A
1 5 6 10 13,0.0273771,21.7083,Yes,N/A,N/A,N/A,N/A,5,6,1 6,N/A,N/A,10,5 6,1 5 6,13,1 13,5 10,6 10,1 6 10,5 13
1 5 6 10 12,0.0305196,21.6065,Yes,N/A,N/A,N/A,N/A,5,6,1 6,N/A,N/A,10,5 6,12,1 12,N/A,5 10,6 10,5 12,6 12
5 6 10 13,0.011608,26.6065,Yes,N/A,N/A,N/A,N/A,5,6,N/A,N/A,N/A,10,5 6,N/A,13,N/A,5 10,6 10,N/A,5 13
5 6 10 12,0.0151005,24.8333,Yes,N/A,N/A,N/A,N/A,5,6,N/A,N/A,N/A,10,5 6,12,N/A,N/A,5 10,6 10,5 12,6 12
1 5 6 10 12 13,0.0140955,30.2454,Yes,N/A,N/A,N/A,N/A,5,6,1 6,N/A,N/A,10,5 6,12,13,1 13,5 10,6 10,5 12,5 13
5 6 11 12 13,0.00317473,38.9306,Yes,N/A,N/A,N/A,N/A,5,6,N/A,N/A,N/A,N/A,11,12,13,N/A,N/A,5 11,5 12,5 13
1 5 6 10 11,0.0252541,22.7778,Yes,N/A,N/A,N/A,N/A,5,6,1 6,N/A,N/A,10,11,1 11,N/A,N/A,5 10,5 11,6 11,1 6 11
5 6 10 11,0.0116464,25.9491,Yes,N/A,N/A,N/A,N/A,5,6,N/A,N/A,N/A,10,11,N/A,N/A,N/A,5 10,5 11,6 11,N/A
1 5 6 10 11 13,0.0132991,29.3889,Yes,N/A,N/A,N/A,N/A,5,6,1 6,N/A,N/A,10,11,1 11,13,1 13,5 10,5 11,6 11,5 13
5 6 10 12 13,0.00591671,34.4815,Yes,N/A,N/A,N/A,N/A,5,6,N/A,N/A,N/A,10,5 6,12,13,N/A,5 10,6 10,5 12,5 13
1 5 6 10 11 12,0.0137709,30.3889,Yes,N/A,N/A,N/A,N/A,5,6,1 6,N/A,N/A,10,11,12,1 12,N/A,5 10,5 11,6 11,6 12
5 6 10 11 13,0.00456354,35.8241,Yes,N/A,N/A,N/A,N/A,5,6,N/A,N/A,N/A,10,11,N/A,13,N/A,5 10,6 10,6 11,5 13
5 6 10 11 12,0.00582782,34.3704,Yes,N/A,N/A,N/A,N/A,5,6,N/A,N/A,N/A,10,11,12,N/A,N/A,5 10,5 11,5 12,6 12
1 5 6 10 11 12 13,0.00770401,38.4306,Yes,N/A,N/A,N/A,N/A,5,6,1 6,N/A,N/A,10,11,12,13,1 13,5 10,5 11,5 12,6 12
1 5 6 9,0.0830368,10.8889,Yes,N/A,N/A,N/A,N/A,5,6,1 6,N/A,9,1 9,5 6,1 5 6,N/A,5 9,6 9,1 6 9,N/A,N/A
5 6 9,0.0388303,14.6806,Yes,N/A,N/A,N/A,N/A,5,6,N/A,N/A,9,N/A,5 6,N/A,N/A,5 9,6 9,N/A,N/A,N/A
1 5 6 9 13,0.0316553,19.3426,Yes,N/A,N/A,N/A,N/A,5,6,1 6,N/A,9,1 9,5 6,1 5 6,13,1 13,6 9,1 6 9,N/A,5 13
1 5 6 9 12,0.0389717,17.4815,Yes,N/A,N/A,N/A,N/A,5,6,1 6,N/A,9,1 9,5 6,12,1 12,5 9,6 9,1 6 9,5 12,6 12
5 6 9 13,0.0119898,25.1157,Yes,N/A,N/A,N/A,N/A,5,6,N/A,N/A,9,N/A,5 6,N/A,13,5 9,6 9,N/A,N/A,5 13
5 6 9 12,0.016051,23.4861,Yes,N/A,N/A,N/A,N/A,5,6,N/A,N/A,9,N/A,5 6,12,N/A,5 9,6 9,N/A,5 12,6 12
1 5 6 9 12 13,0.0165445,27.2407,Yes,N/A,N/A,N/A,N/A,5,6,1 6,N/A,9,1 9,5 6,12,13,1 13,6 9,1 6 9,5 12,5 13
1 5 6 9 11,0.0348947,18.537,Yes,N/A,N/A,N/A,N/A,5,6,1 6,N/A,9,1 9,11,1 11,N/A,5 9,6 9,5 11,6 11,1 6 11
5 6 9 11,0.0149097,23.8796,Yes,N/A,N/A,N/A,N/A,5,6,N/A,N/A,9,N/A,11,N/A,N/A,5 9,6 9,5 11,6 11,N/A
1 5 6 9 11 13,0.0163354,26.0185,Yes,N/A,N/A,N/A,N/A,5,6,1 6,N/A,9,1 9,11,1 11,13,5 9,6 9,5 11,6 11,5 13
5 6 9 12 13,0.0062458,33.1713,Yes,N/A,N/A,N/A,N/A,5,6,N/A,N/A,9,N/A,5 6,12,13,5 9,6 9,N/A,5 12,5 13
1 5 6 9 11 12,0.0193696,25.0509,Yes,N/A,N/A,N/A,N/A,5,6,1 6,N/A,9,1 9,11,12,1 12,5 9,6 9,5 11,5 12,6 12
5 6 9 11 13,0.00568384,33.6944,Yes,N/A,N/A,N/A,N/A,5,6,N/A,N/A,9,N/A,11,N/A,13,5 9,6 9,5 11,6 11,5 13
5 6 9 11 12,0.00731632,32.1991,Yes,N/A,N/A,N/A,N/A,5,6,N/A,N/A,9,N/A,11,12,N/A,5 9,6 9,5 11,5 12,6 12
1 5 6 9 11 12 13,0.00971271,34.1759,Yes,N/A,N/A,N/A,N/A,5,6,1 6,N/A,9,1 9,11,12,13,1 13,6 9,5 11,5 12,5 13
5 6 10 11 12 13,0.00281817,43.5648,Yes,N/A,N/A,N/A,N/A,5,6,N/A,N/A,N/A,10,11,12,13,N/A,5 10,5 11,6 11,5 13
1 5 6 9 10,0.0409496,17.338,Yes,N/A,N/A,N/A,N/A,5,6,1 6,N/A,9,10,1 10,1 5 6,N/A,5 9,5 10,6 10,1 6 10,N/A
5 6 9 10,0.0223771,21.2546,Yes,N/A,N/A,N/A,N/A,5,6,N/A,N/A,9,10,5 6,N/A,N/A,5 9,5 10,6 10,N/A,N/A
1 5 6 9 10 13,0.0203294,24.8657,Yes,N/A,N/A,N/A,N/A,5,6,1 6,N/A,9,10,5 6,1 5 6,13,1 13,5 10,6 10,1 6 10,5 13
1 5 6 9 10 12,0.0264113,22.713,Yes,N/A,N/A,N/A,N/A,5,6,1 6,N/A,9,10,5 6,12,1 12,5 9,5 10,6 10,5 12,6 12
5 6 9 10 13,0.00843306,30.7963,Yes,N/A,N/A,N/A,N/A,5,6,N/A,N/A,9,10,5 6,N/A,13,5 9,5 10,6 10,N/A,5 13
5 6 9 10 12,0.0109642,28.8102,Yes,N/A,N/A,N/A,N/A,5,6,N/A,N/A,9,10,5 6,12,N/A,5 9,5 10,6 10,5 12,6 12
1 5 6 9 10 12 13,0.01322,31.5833,Yes,N/A,N/A,N/A,N/A,5,6,1 6,N/A,9,10,5 6,12,13,1 13,5 10,6 10,5 12,5 13
5 6 9 11 12 13,0.00346459,41.1852,Yes,N/A,N/A,N/A,N/A,5,6,N/A,N/A,9,N/A,11,12,13,5 9,6 9,5 11,6 11,5 13
1 5 6 9 10 11,0.023801,24.6852,Yes,N/A,N/A,N/A,N/A,5,6,1 6,N/A,9,10,11,1 11,N/A,5 9,5 10,6 10,6 11,1 6 11
5 6 9 10 11,0.0098713,30.1944,Yes,N/A,N/A,N/A,N/A,5,6,N/A,N/A,9,10,11,N/A,N/A,5 9,5 10,5 11,6 11,N/A
1 5 6 9 10 11 13,0.0133473,30.6111,Yes,N/A,N/A,N/A,N/A,5,6,1 6,N/A,9,10,11,1 11,13,5 9,5 10,6 10,6 11,5 13
5 6 9 10 12 13,0.00516452,37.0046,Yes,N/A,N/A,N/A,N/A,5,6,N/A,N/A,9,10,5 6,12,13,5 9,6 9,6 10,5 12,5 13
1 5 6 9 10 11 12,0.0158078,29.8704,Yes,N/A,N/A,N/A,N/A,5,6,1 6,N/A,9,10,11,12,1 12,5 9,5 10,6 10,6 11,6 12
5 6 9 10 11 13,0.00468871,38.8611,Yes,N/A,N/A,N/A,N/A,5,6,N/A,N/A,9,10,11,N/A,13,5 9,6 9,6 10,6 11,5 13
5 6 9 10 11 12,0.00581285,37.2917,Yes,N/A,N/A,N/A,N/A,5,6,N/A,N/A,9,10,11,12,N/A,5 9,5 10,5 11,6 11,6 12
1 5 6 9 10 11 12 13,0.009079,37.7685,Yes,N/A,N/A,N/A,N/A,5,6,1 6,N/A,9,10,11,12,13,1 13,5 10,5 11,5 12,6 12
1 5 6 8,0.0829082,9.80556,Yes,N/A,N/A,N/A,N/A,5,6,1 6,8,1 8,N/A,5 6,1 5 6,5 8,6 8,1 6 8,N/A,N/A,N/A
5 6 8,0.0379158,13.4861,Yes,N/A,N/A,N/A,N/A,5,6,N/A,8,N/A,N/A,5 6,N/A,5 8,6 8,N/A,N/A,N/A,N/A
1 5 6 8 13,0.0286823,19.9306,Yes,N/A,N/A,N/A,N/A,5,6,1 6,8,1 8,N/A,5 6,1 5 6,13,1 13,1 6 8,N/A,N/A,5 13
1 5 6 8 12,0.0368205,17.8935,Yes,N/A,N/A,N/A,N/A,5,6,1 6,8,1 8,N/A,5 6,12,1 12,6 8,1 6 8,N/A,5 12,6 12
5 6 8 13,0.0105869,25.3333,Yes,N/A,N/A,N/A,N/A,5,6,N/A,8,N/A,N/A,5 6,N/A,13,6 8,N/A,N/A,N/A,5 13
5 6 8 12,0.0165314,22.1713,Yes,N/A,N/A,N/A,N/A,5,6,N/A,8,N/A,N/A,5 6,12,5 8,6 8,N/A,N/A,5 12,6 12
1 5 6 8 12 13,0.0148681,28.2222,Yes,N/A,N/A,N/A,N/A,5,6,1 6,8,1 8,N/A,5 6,12,13,1 13,1 6 8,N/A,5 12,5 13
1 5 6 8 11,0.0394576,16.4907,Yes,N/A,N/A,N/A,N/A,5,6,1 6,8,1 8,N/A,11,1 11,5 8,6 8,1 6 8,5 11,6 11,1 6 11
5 6 8 11,0.0172888,22.4769,Yes,N/A,N/A,N/A,N/A,5,6,N/A,8,N/A,N/A,11,N/A,5 8,6 8,N/A,5 11,6 11,N/A
1 5 6 8 11 13,0.0154415,26.3796,Yes,N/A,N/A,N/A,N/A,5,6,1 6,8,1 8,N/A,11,1 11,13,6 8,1 6 8,5 11,6 11,5 13
5 6 8 12 13,0.00568242,33.6528,Yes,N/A,N/A,N/A,N/A,5,6,N/A,8,N/A,N/A,5 6,12,13,6 8,N/A,N/A,5 12,5 13
1 5 6 8 11 12,0.0198686,24.9861,Yes,N/A,N/A,N/A,N/A,5,6,1 6,8,1 8,N/A,11,12,1 12,6 8,1 6 8,5 11,5 12,6 12
5 6 8 11 13,0.00541314,34.1713,Yes,N/A,N/A,N/A,N/A,5,6,N/A,8,N/A,N/A,11,N/A,13,6 8,N/A,5 11,6 11,5 13
5 6 8 11 12,0.00835836,30.75,Yes,N/A,N/A,N/A,N/A,5,6,N/A,8,N/A,N/A,11,12,5 8,6 8,N/A,5 11,5 12,6 12
1 5 6 8 11 12 13,0.00905016,34.7546,Yes,N/A,N/A,N/A,N/A,5,6,1 6,8,1 8,N/A,11,12,13,1 13,1 6 8,5 11,5 12,5 13
1 5 6 8 10,0.0538052,13.1019,Yes,N/A,N/A,N/A,N/A,5,6,1 6,8,1 8,10,1 10,1 5 6,5 8,6 8,5 10,6 10,1 6 10,8 10
5 6 8 10,0.029037,18.963,Yes,N/A,N/A,N/A,N/A,5,6,N/A,8,N/A,10,5 6,N/A,5 8,6 8,5 10,6 10,N/A,8 10
1 5 6 8 10 13,0.022801,22.1481,Yes,N/A,N/A,N/A,N/A,5,6,1 6,8,1 8,10,5 6,1 5 6,13,1 13,5 10,6 10,1 6 10,5 13
1 5 6 8 10 12,0.0314417,19.4491,Yes,N/A,N/A,N/A,N/A,5,6,1 6,8,1 8,10,5 6,12,1 12,6 8,5 10,6 10,5 12,6 12
5 6 8 10 13,0.00888624,30.1898,Yes,N/A,N/A,N/A,N/A,5,6,N/A,8,N/A,10,5 6,N/A,13,6 8,5 10,6 10,N/A,5 13
5 6 8 10 12,0.0134935,26.2593,Yes,N/A,N/A,N/A,N/A,5,6,N/A,8,N/A,10,5 6,12,5 8,6 8,5 10,6 10,5 12,6 12
1 5 6 8 10 12 13,0.0145052,28.4907,Yes,N/A,N/A,N/A,N/A,5,6,1 6,8,1 8,10,5 6,12,13,1 13,5 10,6 10,5 12,5 13
5 6 8 11 12 13,0.00331985,42,Yes,N/A,N/A,N/A,N/A,5,6,N/A,8,N/A,N/A,11,12,13,6 8,N/A,5 11,5 12,5 13
1 5 6 8 10 11,0.0323446,19.2639,Yes,N/A,N/A,N/A,N/A,5,6,1 6,8,1 8,10,11,1 11,5 8,6 8,5 10,5 11,6 11,8 10
5 6 8 10 11,0.0132896,27.4907,Yes,N/A,N/A,N/A,N/A,5,6,N/A,8,N/A,10,11,N/A,5 8,6 8,5 10,5 11,6 11,8 10
1 5 6 8 10 11 13,0.0151127,27.7269,Yes,N/A,N/A,N/A,N/A,5,6,1 6,8,1 8,10,11,1 11,13,6 8,5 10,5 11,6 11,5 13
5 6 8 10 12 13,0.00533402,36.7454,Yes,N/A,N/A,N/A,N/A,5,6,N/A,8,N/A,10,5 6,12,13,6 8,5 10,6 10,5 12,5 13
1 5 6 8 10 11 12,0.019141,26.0648,Yes,N/A,N/A,N/A,N/A,5,6,1 6,8,1 8,10,11,12,1 12,6 8,5 10,5 11,6 11,6 12
5 6 8 10 11 13,0.00505288,38.6065,Yes,N/A,N/A,N/A,N/A,5,6,N/A,8,N/A,10,11,N/A,13,6 8,5 10,5 11,6 11,5 13
5 6 8 10 11 12,0.00752371,34.2176,Yes,N/A,N/A,N/A,N/A,5,6,N/A,8,N/A,10,11,12,5 8,6 8,5 10,5 11,6 11,6 12
1 5 6 8 10 11 12 13,0.0100529,34.0602,Yes,N/A,N/A,N/A,N/A,5,6,1 6,8,1 8,10,11,12,13,1 13,5 10,5 11,5 12,5 13
5 6 9 10 11 12 13,0.00332816,44.5231,Yes,N/A,N/A,N/A,N/A,5,6,N/A,N/A,9,10,11,12,13,5 9,6 9,6 10,6 11,6 12
1 5 6 8 9,0.0619746,12.2083,Yes,N/A,N/A,N/A,N/A,5,6,1 6,8,9,1 9,5 6,1 5 6,5 8,5 9,6 9,1 6 9,8 9,1 8 9
5 6 8 9,0.0328351,18.4861,Yes,N/A,N/A,N/A,N/A,5,6,N/A,8,9,N/A,5 6,N/A,5 8,5 9,6 9,N/A,8 9,N/A
1 5 6 8 9 13,0.0237986,21.7731,Yes,N/A,N/A,N/A,N/A,5,6,1 6,8,9,1 9,5 6,1 5 6,13,1 13,6 9,1 6 9,8 9,5 13
1 5 6 8 9 12,0.0332103,18.9815,Yes,N/A,N/A,N/A,N/A,5,6,1 6,8,9,1 9,5 6,12,1 12,5 9,6 9,1 6 9,5 12,6 12
5 6 8 9 13,0.00955037,29.8426,Yes,N/A,N/A,N/A,N/A,5,6,N/A,8,9,N/A,5 6,N/A,13,5 9,6 9,N/A,8 9,5 13
5 6 8 9 12,0.0143853,26.25,Yes,N/A,N/A,N/A,N/A,5,6,N/A,8,9,N/A,5 6,12,5 8,5 9,6 9,N/A,5 12,6 12
1 5 6 8 9 12 13,0.014522,28.4259,Yes,N/A,N/A,N/A,N/A,5,6,1 6,8,9,1 9,5 6,12,13,1 13,6 9,1 6 9,5 12,5 13
1 5 6 8 9 11,0.0384867,17.6852,Yes,N/A,N/A,N/A,N/A,5,6,1 6,8,9,1 9,11,1 11,5 8,6 8,6 9,5 11,6 11,1 6 11
5 6 8 9 11,0.0149857,26.8981,Yes,N/A,N/A,N/A,N/A,5,6,N/A,8,9,N/A,11,N/A,5 8,5 9,6 9,5 11,6 11,N/A
1 5 6 8 9 11 13,0.0163681,26.7315,Yes,N/A,N/A,N/A,N/A,5,6,1 6,8,9,1 9,11,1 11,13,5 9,6 9,5 11,6 11,5 13
5 6 8 9 12 13,0.00548215,36.9352,Yes,N/A,N/A,N/A,N/A,5,6,N/A,8,9,N/A,5 6,12,13,6 8,6 9,N/A,5 12,5 13
1 5 6 8 9 11 12,0.0220919,24.0648,Yes,N/A,N/A,N/A,N/A,5,6,1 6,8,9,1 9,11,12,5 8,6 8,6 9,5 11,5 12,6 12
5 6 8 9 11 13,0.00550337,37.8148,Yes,N/A,N/A,N/A,N/A,5,6,N/A,8,9,N/A,11,N/A,13,6 8,6 9,5 11,6 11,5 13
5 6 8 9 11 12,0.0082667,33.5648,Yes,N/A,N/A,N/A,N/A,5,6,N/A,8,9,N/A,11,12,5 8,5 9,6 9,5 11,6 11,6 12
1 5 6 8 9 11 12 13,0.0109484,33.0787,Yes,N/A,N/A,N/A,N/A,5,6,1 6,8,9,1 9,11,12,13,6 8,6 9,5 11,5 12,5 13
5 6 8 10 11 12 13,0.00352093,44.3657,Yes,N/A,N/A,N/A,N/A,5,6,N/A,8,N/A,10,11,12,13,6 8,5 10,5 11,5 12,5 13
1 5 6 8 9 10,0.0415433,16.8889,Yes,N/A,N/A,N/A,N/A,5,6,1 6,8,9,10,1 10,1 5 6,5 8,5 9,6 9,6 10,8 9,8 10
5 6 8 9 10,0.0202794,23.2639,Yes,N/A,N/A,N/A,N/A,5,6,N/A,8,9,10,5 6,N/A,5 8,6 8,6 9,6 10,8 9,8 10
1 5 6 8 9 10 13,0.0182594,25.6389,Yes,N/A,N/A,N/A,N/A,5,6,1 6,8,9,10,1 10,1 5 6,13,1 13,6 9,6 10,8 9,8 10
1 5 6 8 9 10 12,0.0263897,21.8241,Yes,N/A,N/A,N/A,N/A,5,6,1 6,8,9,10,1 10,12,1 12,5 9,6 9,6 10,5 12,8 10
5 6 8 9 10 13,0.00747459,33.8426,Yes,N/A,N/A,N/A,N/A,5,6,N/A,8,9,10,5 6,N/A,13,5 9,5 10,6 10,8 9,5 13
5 6 8 9 10 12,0.0110966,29.2222,Yes,N/A,N/A,N/A,N/A,5,6,N/A,8,9,10,5 6,12,5 8,6 8,6 9,6 10,5 12,6 12
1 5 6 8 9 10 12 13,0.013416,30.2593,Yes,N/A,N/A,N/A,N/A,5,6,1 6,8,9,10,5 6,12,13,1 13,6 9,6 10,5 12,5 13
5 6 8 9 11 12 13,0.00376695,43.7361,Yes,N/A,N/A,N/A,N/A,5,6,N/A,8,9,N/A,11,12,13,6 8,6 9,5 11,5 12,5 13
1 5 6 8 9 10 11,0.0289549,21.2639,Yes,N/A,N/A,N/A,N/A,5,6,1 6,8,9,10,11,1 11,5 8,5 9,6 9,6 10,6 11,8 10
5 6 8 9 10 11,0.011077,31.0694,Yes,N/A,N/A,N/A,N/A,5,6,N/A,8,9,10,11,N/A,5 8,6 8,6 9,5 11,6 11,8 10
1 5 6 8 9 10 11 13,0.014688,28.7546,Yes,N/A,N/A,N/A,N/A,5,6,1 6,8,9,10,11,1 11,13,5 9,5 10,6 10,6 11,5 13
5 6 8 9 10 12 13,0.00511716,38.537,Yes,N/A,N/A,N/A,N/A,5,6,N/A,8,9,10,5 6,12,13,6 8,5 10,6 10,5 12,5 13
1 5 6 8 9 10 11 12,0.0189617,26.6759,Yes,N/A,N/A,N/A,N/A,5,6,1 6,8,9,10,11,12,1 12,5 9,5 10,5 11,6 11,6 12
5 6 8 9 10 11 13,0.00496514,41.0602,Yes,N/A,N/A,N/A,N/A,5,6,N/A,8,9,10,11,N/A,13,6 8,5 10,5 11,6 11,5 13
5 6 8 9 10 11 12,0.00731629,35.7361,Yes,N/A,N/A,N/A,N/A,5,6,N/A,8,9,10,11,12,5 8,6 8,6 9,5 11,6 11,6 12
1 5 6 8 9 10 11 12 13,0.0110353,33.662,Yes,N/A,N/A,N/A,N/A,5,6,1 6,8,9,10,11,12,13,5 9,5 10,5 11,5 12,5 13
5 7 8 9 10 11 12 13,0.00352065,44.3796,Yes,N/A,N/A,N/A,N/A,5,N/A,7,8,9,10,11,12,13,5 9,7 8,5 11,5 12,5 13
1 5 6 7,0.0612801,10.8565,Yes,N/A,N/A,N/A,N/A,5,6,7,1 7,N/A,N/A,5 6,5 7,6 7,1 6 7,N/A,N/A,N/A,5 6 7
5 6 7,0.0386445,12.287,Yes,N/A,N/A,N/A,N/A,5,6,7,N/A,N/A,N/A,5 6,5 7,6 7,N/A,N/A,N/A,N/A,5 6 7
1 5 6 7 13,0.0233667,21.3519,Yes,N/A,N/A,N/A,N/A,5,6,7,1 7,N/A,N/A,5 6,5 7,13,1 13,N/A,N/A,N/A,5 13
1 5 6 7 12,0.0280346,20.0278,Yes,N/A,N/A,N/A,N/A,5,6,7,1 7,N/A,N/A,5 6,12,1 12,1 6 7,N/A,N/A,5 12,6 12
5 6 7 13,0.0101749,24.3148,Yes,N/A,N/A,N/A,N/A,5,6,7,N/A,N/A,N/A,5 6,5 7,13,N/A,N/A,N/A,N/A,5 13
5 6 7 12,0.014106,22.8056,Yes,N/A,N/A,N/A,N/A,5,6,7,N/A,N/A,N/A,5 6,12,6 7,N/A,N/A,N/A,5 12,6 12
1 5 6 7 12 13,0.0113285,31.0648,Yes,N/A,N/A,N/A,N/A,5,6,7,1 7,N/A,N/A,5 6,12,13,1 13,N/A,N/A,5 12,6 12
1 5 6 7 11,0.0322927,18.412,Yes,N/A,N/A,N/A,N/A,5,6,7,1 7,N/A,N/A,11,1 11,6 7,1 6 7,N/A,5 11,6 11,7 11
5 6 7 11,0.0200733,21.2037,Yes,N/A,N/A,N/A,N/A,5,6,7,N/A,N/A,N/A,11,5 7,6 7,N/A,N/A,5 11,6 11,7 11
1 5 6 7 11 13,0.0135861,28.838,Yes,N/A,N/A,N/A,N/A,5,6,7,1 7,N/A,N/A,11,5 7,13,1 13,N/A,5 11,6 11,5 13
5 6 7 12 13,0.00442339,34.7407,Yes,N/A,N/A,N/A,N/A,5,6,7,N/A,N/A,N/A,5 6,12,13,N/A,N/A,N/A,5 12,5 13
1 5 6 7 11 12,0.0153818,28.2407,Yes,N/A,N/A,N/A,N/A,5,6,7,1 7,N/A,N/A,11,12,1 12,1 6 7,N/A,5 11,5 12,6 12
5 6 7 11 13,0.0057704,33.0602,Yes,N/A,N/A,N/A,N/A,5,6,7,N/A,N/A,N/A,11,5 7,13,N/A,N/A,5 11,6 11,5 13
5 6 7 11 12,0.00776915,31.7454,Yes,N/A,N/A,N/A,N/A,5,6,7,N/A,N/A,N/A,11,12,6 7,N/A,N/A,5 11,5 12,6 12
1 5 6 7 11 12 13,0.00698891,38.8611,Yes,N/A,N/A,N/A,N/A,5,6,7,1 7,N/A,N/A,11,12,13,1 13,N/A,5 11,5 12,6 12
1 5 6 7 10,0.051705,14.0787,Yes,N/A,N/A,N/A,N/A,5,6,7,1 7,N/A,10,1 10,5 7,6 7,1 6 7,5 10,6 10,7 10,5 6 7
5 6 7 10,0.034206,17.5741,Yes,N/A,N/A,N/A,N/A,5,6,7,N/A,N/A,10,5 6,5 7,6 7,N/A,5 10,6 10,7 10,5 6 7
1 5 6 7 10 13,0.0226892,23.3657,Yes,N/A,N/A,N/A,N/A,5,6,7,1 7,N/A,10,5 6,5 7,13,1 13,5 10,6 10,7 10,5 13
1 5 6 7 10 12,0.0265201,22.2778,Yes,N/A,N/A,N/A,N/A,5,6,7,1 7,N/A,10,5 6,12,1 12,1 6 7,5 10,6 10,5 12,6 12
5 6 7 10 13,0.00978741,28.8796,Yes,N/A,N/A,N/A,N/A,5,6,7,N/A,N/A,10,5 6,5 7,13,N/A,5 10,6 10,7 10,5 13
5 6 7 10 12,0.0125376,27.4398,Yes,N/A,N/A,N/A,N/A,5,6,7,N/A,N/A,10,5 6,12,6 7,N/A,5 10,6 10,5 12,6 12
1 5 6 7 10 12 13,0.0122138,31.8519,Yes,N/A,N/A,N/A,N/A,5,6,7,1 7,N/A,10,5 6,12,13,1 13,5 10,6 10,5 12,6 12
5 6 7 11 12 13,0.00266005,43.6157,Yes,N/A,N/A,N/A,N/A,5,6,7,N/A,N/A,N/A,11,12,13,N/A,N/A,5 11,5 12,5 13
1 5 6 7 10 11,0.0301542,21.3333,Yes,N/A,N/A,N/A,N/A,5,6,7,1 7,N/A,10,11,1 11,6 7,1 6 7,5 10,5 11,6 11,7 11
5 6 7 10 11,0.0154452,26.3194,Yes,N/A,N/A,N/A,N/A,5,6,7,N/A,N/A,10,11,5 7,6 7,N/A,5 10,5 11,6 11,7 11
1 5 6 7 10 11 13,0.0139357,30.3935,Yes,N/A,N/A,N/A,N/A,5,6,7,1 7,N/A,10,11,1 11,13,1 13,5 10,6 10,6 11,5 13
5 6 7 10 12 13,0.00451068,38.588,Yes,N/A,N/A,N/A,N/A,5,6,7,N/A,N/A,10,5 6,12,13,N/A,5 10,6 10,7 10,5 13
1 5 6 7 10 11 12,0.0158024,29.8704,Yes,N/A,N/A,N/A,N/A,5,6,7,1 7,N/A,10,11,12,1 12,1 6 7,5 10,5 11,5 12,6 12
5 6 7 10 11 13,0.00546882,37.3426,Yes,N/A,N/A,N/A,N/A,5,6,7,N/A,N/A,10,11,5 7,13,N/A,5 10,6 10,6 11,5 13
5 6 7 10 11 12,0.00712038,35.9676,Yes,N/A,N/A,N/A,N/A,5,6,7,N/A,N/A,10,11,12,6 7,N/A,5 10,5 11,5 12,6 12
1 5 6 7 10 11 12 13,0.00824471,38.7407,Yes,N/A,N/A,N/A,N/A,5,6,7,1 7,N/A,10,11,12,13,1 13,5 10,5 11,6 11,6 12
1 5 6 7 9,0.0693171,11.0509,Yes,N/A,N/A,N/A,N/A,5,6,7,1 7,9,1 9,5 6,5 7,6 7,5 9,6 9,7 9,1 7 9,5 6 7
5 6 7 9,0.0461985,15.8519,Yes,N/A,N/A,N/A,N/A,5,6,7,N/A,9,N/A,5 6,5 7,6 7,5 9,6 9,7 9,N/A,5 6 7
1 5 6 7 9 13,0.0284343,20.2269,Yes,N/A,N/A,N/A,N/A,5,6,7,1 7,9,1 9,5 6,5 7,13,1 13,6 9,7 9,1 7 9,5 13
1 5 6 7 9 12,0.0344326,18.6157,Yes,N/A,N/A,N/A,N/A,5,6,7,1 7,9,1 9,5 6,12,1 12,5 9,6 9,7 9,5 12,6 12
5 6 7 9 13,0.0126886,26.9352,Yes,N/A,N/A,N/A,N/A,5,6,7,N/A,9,N/A,5 6,5 7,13,5 9,6 9,7 9,N/A,5 13
5 6 7 9 12,0.016581,25.2361,Yes,N/A,N/A,N/A,N/A,5,6,7,N/A,9,N/A,5 6,12,6 7,5 9,6 9,7 9,5 12,6 12
1 5 6 7 9 12 13,0.0150952,28.0509,Yes,N/A,N/A,N/A,N/A,5,6,7,1 7,9,1 9,5 6,12,13,1 13,6 9,7 9,5 12,5 13
1 5 6 7 9 11,0.042197,16.9074,Yes,N/A,N/A,N/A,N/A,5,6,7,1 7,9,1 9,11,1 11,6 7,5 9,6 9,5 11,6 11,7 11
5 6 7 9 11,0.0203654,24.0278,Yes,N/A,N/A,N/A,N/A,5,6,7,N/A,9,N/A,11,5 7,6 7,5 9,6 9,5 11,6 11,7 11
1 5 6 7 9 11 13,0.0184506,25.8056,Yes,N/A,N/A,N/A,N/A,5,6,7,1 7,9,1 9,11,5 7,13,1 13,6 9,5 11,6 11,5 13
5 6 7 9 12 13,0.00578057,36.2546,Yes,N/A,N/A,N/A,N/A,5,6,7,N/A,9,N/A,5 6,12,13,5 9,6 9,7 9,5 12,5 13
1 5 6 7 9 11 12,0.0218113,24.6204,Yes,N/A,N/A,N/A,N/A,5,6,7,1 7,9,1 9,11,12,6 7,5 9,6 9,5 11,5 12,6 12
5 6 7 9 11 13,0.00700992,34.9167,Yes,N/A,N/A,N/A,N/A,5,6,7,N/A,9,N/A,11,5 7,13,5 9,6 9,5 11,6 11,5 13
5 6 7 9 11 12,0.00909245,33.4074,Yes,N/A,N/A,N/A,N/A,5,6,7,N/A,9,N/A,11,12,6 7,5 9,6 9,5 11,5 12,6 12
1 5 6 7 9 11 12 13,0.0105871,33.7037,Yes,N/A,N/A,N/A,N/A,5,6,7,1 7,9,1 9,11,12,13,1 13,6 9,5 11,5 12,5 13
5 6 7 10 11 12 13,0.00288963,46.9861,Yes,N/A,N/A,N/A,N/A,5,6,7,N/A,N/A,10,11,12,13,N/A,5 10,5 11,5 12,6 12
1 5 6 7 9 10,0.0496616,15.4306,Yes,N/A,N/A,N/A,N/A,5,6,7,1 7,9,10,1 10,5 7,6 7,5 9,6 9,6 10,7 10,1 7 10
5 6 7 9 10,0.0258361,20.5602,Yes,N/A,N/A,N/A,N/A,5,6,7,N/A,9,10,5 6,5 7,6 7,5 9,5 10,6 10,7 10,5 6 7
1 5 6 7 9 10 13,0.0227957,23.3519,Yes,N/A,N/A,N/A,N/A,5,6,7,1 7,9,10,1 10,5 7,13,1 13,6 9,6 10,7 10,5 13
1 5 6 7 9 10 12,0.0276362,21.4769,Yes,N/A,N/A,N/A,N/A,5,6,7,1 7,9,10,5 6,12,1 12,5 9,5 10,6 10,7 10,6 12
5 6 7 9 10 13,0.00931187,30.7361,Yes,N/A,N/A,N/A,N/A,5,6,7,N/A,9,10,5 6,5 7,13,5 9,6 9,6 10,7 10,5 13
5 6 7 9 10 12,0.0119541,28.9676,Yes,N/A,N/A,N/A,N/A,5,6,7,N/A,9,10,5 6,12,6 7,5 9,5 10,7 9,5 12,6 12
1 5 6 7 9 10 12 13,0.0140364,29.6065,Yes,N/A,N/A,N/A,N/A,5,6,7,1 7,9,10,5 6,12,13,1 13,6 9,6 10,7 10,5 13
5 6 7 9 11 12 13,0.00369308,44.088,Yes,N/A,N/A,N/A,N/A,5,6,7,N/A,9,N/A,11,12,13,5 9,6 9,5 11,5 12,5 13
1 5 6 7 9 10 11,0.0317045,20.6065,Yes,N/A,N/A,N/A,N/A,5,6,7,1 7,9,10,11,1 11,6 7,5 9,5 10,6 10,6 11,7 11
5 6 7 9 10 11,0.0140534,27.9907,Yes,N/A,N/A,N/A,N/A,5,6,7,N/A,9,10,11,5 7,6 7,5 9,5 10,5 11,6 11,7 11
1 5 6 7 9 10 11 13,0.0159649,28.0648,Yes,N/A,N/A,N/A,N/A,5,6,7,1 7,9,10,11,1 11,13,1 13,5 10,6 10,6 11,5 13
5 6 7 9 10 12 13,0.00509461,38.8935,Yes,N/A,N/A,N/A,N/A,5,6,7,N/A,9,10,5 6,12,13,5 9,5 10,7 9,7 10,6 12
1 5 6 7 9 10 11 12,0.018944,26.8194,Yes,N/A,N/A,N/A,N/A,5,6,7,1 7,9,10,11,12,1 12,5 9,5 10,5 11,6 11,6 12
5 6 7 9 10 11 13,0.00608852,37.4769,Yes,N/A,N/A,N/A,N/A,5,6,7,N/A,9,10,11,5 7,13,5 9,6 9,6 10,6 11,5 13
5 6 7 9 10 11 12,0.00774367,35.6111,Yes,N/A,N/A,N/A,N/A,5,6,7,N/A,9,10,11,12,6 7,5 9,5 10,5 11,5 12,6 12
1 5 6 7 9 10 11 12 13,0.010778,34.1435,Yes,N/A,N/A,N/A,N/A,5,6,7,1 7,9,10,11,12,13,1 13,5 10,5 11,5 12,6 12
5 6 8 9 10 11 12 13,0.00392184,44.2176,Yes,N/A,N/A,N/A,N/A,5,6,N/A,8,9,10,11,12,13,6 8,5 10,5 11,5 12,5 13
1 5 6 7 8,0.0681517,12.875,Yes,N/A,N/A,N/A,N/A,5,6,7,8,1 8,N/A,5 6,5 7,5 8,6 8,7 8,1 7 8,N/A,5 6 7
5 6 7 8,0.0504859,15.7778,Yes,N/A,N/A,N/A,N/A,5,6,7,8,N/A,N/A,5 6,5 7,5 8,6 8,7 8,N/A,N/A,5 6 7
1 5 6 7 8 13,0.0261209,22.6574,Yes,N/A,N/A,N/A,N/A,5,6,7,8,1 8,N/A,5 6,5 7,13,1 13,7 8,1 7 8,N/A,5 13
1 5 6 7 8 12,0.0320024,20.8102,Yes,N/A,N/A,N/A,N/A,5,6,7,8,1 8,N/A,5 6,12,1 12,6 8,7 8,1 7 8,5 12,6 12
5 6 7 8 13,0.0138316,27.0231,Yes,N/A,N/A,N/A,N/A,5,6,7,8,N/A,N/A,5 6,5 7,13,6 8,7 8,N/A,N/A,5 13
5 6 7 8 12,0.0169385,25.3935,Yes,N/A,N/A,N/A,N/A,5,6,7,8,N/A,N/A,5 6,12,5 8,6 8,7 8,N/A,5 12,6 12
1 5 6 7 8 12 13,0.0135305,31.0602,Yes,N/A,N/A,N/A,N/A,5,6,7,8,1 8,N/A,5 6,12,13,1 13,7 8,1 7 8,5 12,6 12
1 5 6 7 8 11,0.0400536,19.0417,Yes,N/A,N/A,N/A,N/A,5,6,7,8,1 8,N/A,11,1 11,6 7,6 8,7 8,5 11,6 11,7 11
5 6 7 8 11,0.0213649,23.6111,Yes,N/A,N/A,N/A,N/A,5,6,7,8,N/A,N/A,11,5 7,5 8,6 8,7 8,5 11,6 11,7 11
1 5 6 7 8 11 13,0.0166676,28.8472,Yes,N/A,N/A,N/A,N/A,5,6,7,8,1 8,N/A,11,5 7,13,1 13,7 8,5 11,6 11,5 13
5 6 7 8 12 13,0.00593561,36.6806,Yes,N/A,N/A,N/A,N/A,5,6,7,8,N/A,N/A,5 6,12,13,6 8,7 8,N/A,5 12,5 13
1 5 6 7 8 11 12,0.0192623,27.8472,Yes,N/A,N/A,N/A,N/A,5,6,7,8,1 8,N/A,11,12,1 12,6 8,7 8,5 11,5 12,6 12
5 6 7 8 11 13,0.00744085,34.7361,Yes,N/A,N/A,N/A,N/A,5,6,7,8,N/A,N/A,11,5 7,13,6 8,7 8,5 11,6 11,5 13
5 6 7 8 11 12,0.00910646,33,Yes,N/A,N/A,N/A,N/A,5,6,7,8,N/A,N/A,11,12,5 8,6 8,7 8,5 11,5 12,6 12
1 5 6 7 8 11 12 13,0.00919854,37.8009,Yes,N/A,N/A,N/A,N/A,5,6,7,8,1 8,N/A,11,12,13,1 13,7 8,5 11,5 12,5 13
1 5 6 7 8 10,0.0565179,13.9954,Yes,N/A,N/A,N/A,N/A,5,6,7,8,1 8,10,1 10,5 7,6 7,6 8,7 8,6 10,7 10,8 10
5 6 7 8 10,0.0283278,19.9028,Yes,N/A,N/A,N/A,N/A,5,6,7,8,N/A,10,5 6,5 7,6 7,6 8,5 10,6 10,7 10,8 10
1 5 6 7 8 10 13,0.0242425,22.5926,Yes,N/A,N/A,N/A,N/A,5,6,7,8,1 8,10,5 6,5 7,13,1 13,7 8,6 10,7 10,5 13
1 5 6 7 8 10 12,0.0288706,20.9583,Yes,N/A,N/A,N/A,N/A,5,6,7,8,1 8,10,5 6,12,1 12,6 8,7 8,6 10,5 12,6 12
5 6 7 8 10 13,0.0101315,30.4815,Yes,N/A,N/A,N/A,N/A,5,6,7,8,N/A,10,5 6,5 7,13,6 8,7 8,6 10,7 10,5 13
5 6 7 8 10 12,0.0123938,28.7269,Yes,N/A,N/A,N/A,N/A,5,6,7,8,N/A,10,5 6,12,6 7,6 8,5 10,6 10,5 12,6 12
1 5 6 7 8 10 12 13,0.0142266,29.5694,Yes,N/A,N/A,N/A,N/A,5,6,7,8,1 8,10,5 6,12,13,1 13,7 8,6 10,5 12,5 13
5 6 7 8 11 12 13,0.00377275,44.0694,Yes,N/A,N/A,N/A,N/A,5,6,7,8,N/A,N/A,11,12,13,6 8,7 8,5 11,5 12,5 13
1 5 6 7 8 10 11,0.0345296,19.537,Yes,N/A,N/A,N/A,N/A,5,6,7,8,1 8,10,11,1 11,6 7,6 8,5 10,5 11,6 11,7 11
5 6 7 8 10 11,0.0153121,27.2222,Yes,N/A,N/A,N/A,N/A,5,6,7,8,N/A,10,11,5 7,6 7,6 8,5 10,5 11,6 11,7 11
1 5 6 7 8 10 11 13,0.0167797,27.8056,Yes,N/A,N/A,N/A,N/A,5,6,7,8,1 8,10,11,5 7,13,1 13,5 10,6 10,6 11,5 13
5 6 7 8 10 12 13,0.00532702,38.8426,Yes,N/A,N/A,N/A,N/A,5,6,7,8,N/A,10,5 6,12,13,6 8,7 8,6 10,5 12,5 13
1 5 6 7 8 10 11 12,0.019907,26.5556,Yes,N/A,N/A,N/A,N/A,5,6,7,8,1 8,10,11,12,6 7,6 8,5 10,5 11,5 12,6 12
5 6 7 8 10 11 13,0.00644057,37.2824,Yes,N/A,N/A,N/A,N/A,5,6,7,8,N/A,10,11,5 7,13,6 8,5 10,5 11,6 11,5 13
5 6 7 8 10 11 12,0.00807489,35.463,Yes,N/A,N/A,N/A,N/A,5,6,7,8,N/A,10,11,12,6 7,6 8,5 10,5 11,5 12,7 11
1 5 6 7 8 10 11 12 13,0.0107037,34.7824,Yes,N/A,N/A,N/A,N/A,5,6,7,8,1 8,10,11,12,13,1 13,5 10,5 11,5 12,6 12
5 6 7 9 10 11 12 13,0.0037574,45.2546,Yes,N/A,N/A,N/A,N/A,5,6,7,N/A,9,10,11,12,13,5 9,5 10,6 10,6 11,6 12
1 5 6 7 8 9,0.0589185,13.7083,Yes,N/A,N/A,N/A,N/A,5,6,7,8,9,1 9,5 6,5 7,5 8,6 8,7 8,7 9,8 9,1 8 9
5 6 7 8 9,0.030306,19.1806,Yes,N/A,N/A,N/A,N/A,5,6,7,8,9,N/A,5 6,5 7,5 8,5 9,6 9,7 9,8 9,5 6 7
1 5 6 7 8 9 13,0.0254823,22.5417,Yes,N/A,N/A,N/A,N/A,5,6,7,8,9,1 9,5 6,5 7,13,1 13,7 8,7 9,8 9,5 13
1 5 6 7 8 9 12,0.0314637,20.3056,Yes,N/A,N/A,N/A,N/A,5,6,7,8,9,1 9,5 6,12,1 12,6 8,7 8,7 9,5 12,6 12
5 6 7 8 9 13,0.0109377,29.5185,Yes,N/A,N/A,N/A,N/A,5,6,7,8,9,N/A,5 6,5 7,13,6 8,7 8,7 9,8 9,5 13
5 6 7 8 9 12,0.0137416,27.8241,Yes,N/A,N/A,N/A,N/A,5,6,7,8,9,N/A,5 6,12,5 8,5 9,7 8,7 9,5 12,6 12
1 5 6 7 8 9 12 13,0.0152357,29.3889,Yes,N/A,N/A,N/A,N/A,5,6,7,8,9,1 9,5 6,12,13,1 13,7 8,7 9,5 12,5 13
1 5 6 7 8 9 11,0.0386228,17.9259,Yes,N/A,N/A,N/A,N/A,5,6,7,8,9,1 9,11,1 11,5 8,6 8,6 9,7 9,6 11,7 11
5 6 7 8 9 11,0.0164984,26.4954,Yes,N/A,N/A,N/A,N/A,5,6,7,8,9,N/A,11,5 7,5 8,5 9,6 9,5 11,6 11,7 11
1 5 6 7 8 9 11 13,0.0187265,26.2778,Yes,N/A,N/A,N/A,N/A,5,6,7,8,9,1 9,11,5 7,13,6 8,6 9,7 9,6 11,5 13
5 6 7 8 9 12 13,0.0058296,37.9491,Yes,N/A,N/A,N/A,N/A,5,6,7,8,9,N/A,5 6,12,13,5 9,7 8,7 9,5 12,5 13
1 5 6 7 8 9 11 12,0.0222363,24.8009,Yes,N/A,N/A,N/A,N/A,5,6,7,8,9,1 9,11,12,5 8,6 8,6 9,5 11,5 12,6 12
5 6 7 8 9 11 13,0.00703595,36.5417,Yes,N/A,N/A,N/A,N/A,5,6,7,8,9,N/A,11,5 7,13,6 8,6 9,5 11,6 11,5 13
5 6 7 8 9 11 12,0.00873308,34.5046,Yes,N/A,N/A,N/A,N/A,5,6,7,8,9,N/A,11,12,5 8,5 9,6 9,5 11,5 12,6 12
1 5 6 7 8 9 11 12 13,0.0119292,33.3472,Yes,N/A,N/A,N/A,N/A,5,6,7,8,9,1 9,11,12,13,6 8,7 8,5 11,5 12,5 13
5 6 7 8 10 11 12 13,0.00389771,45.3704,Yes,N/A,N/A,N/A,N/A,5,6,7,8,N/A,10,11,12,13,6 8,5 10,5 11,5 12,5 13
1 5 6 7 8 9 10,0.0439847,16.5417,Yes,N/A,N/A,N/A,N/A,5,6,7,8,9,10,1 10,5 7,5 8,6 8,6 9,7 9,7 10,8 10
5 6 7 8 9 10,0.021171,22.1204,Yes,N/A,N/A,N/A,N/A,5,6,7,8,9,10,5 6,5 7,6 7,5 9,6 9,6 10,8 9,8 10
1 5 6 7 8 9 10 13,0.0215981,24.3426,Yes,N/A,N/A,N/A,N/A,5,6,7,8,9,10,1 10,5 7,13,1 13,6 9,7 9,7 10,8 10
1 5 6 7 8 9 10 12,0.0265975,21.8009,Yes,N/A,N/A,N/A,N/A,5,6,7,8,9,10,1 10,12,1 12,6 8,6 9,7 9,7 10,6 12
5 6 7 8 9 10 13,0.00911406,31.3704,Yes,N/A,N/A,N/A,N/A,5,6,7,8,9,10,5 6,5 7,13,6 8,7 8,6 10,8 9,8 10
5 6 7 8 9 10 12,0.0114679,29.0185,Yes,N/A,N/A,N/A,N/A,5,6,7,8,9,10,5 6,12,6 7,5 9,7 8,7 9,7 10,6 12
1 5 6 7 8 9 10 12 13,0.0148272,29.3056,Yes,N/A,N/A,N/A,N/A,5,6,7,8,9,10,5 6,12,13,1 13,6 9,7 9,7 10,5 13
5 6 7 8 9 11 12 13,0.00424344,44.4815,Yes,N/A,N/A,N/A,N/A,5,6,7,8,9,N/A,11,12,13,5 9,7 8,5 11,5 12,5 13
1 5 6 7 8 9 10 11,0.0312994,20.1574,Yes,N/A,N/A,N/A,N/A,5,6,7,8,9,10,11,1 11,5 8,6 8,6 9,6 10,6 11,7 11
5 6 7 8 9 10 11,0.0134241,27.7222,Yes,N/A,N/A,N/A,N/A,5,6,7,8,9,10,11,5 7,6 7,5 9,6 9,6 10,6 11,7 11
1 5 6 7 8 9 10 11 13,0.017433,27.2176,Yes,N/A,N/A,N/A,N/A,5,6,7,8,9,10,11,5 7,13,1 13,6 9,6 10,6 11,5 13
5 6 7 8 9 10 12 13,0.00569146,37.7176,Yes,N/A,N/A,N/A,N/A,5,6,7,8,9,10,5 6,12,13,5 9,7 8,7 9,7 10,5 13
1 5 6 7 8 9 10 11 12,0.0206809,25.3611,Yes,N/A,N/A,N/A,N/A,5,6,7,8,9,10,11,12,1 12,6 8,5 10,5 11,6 11,6 12
5 6 7 8 9 10 11 13,0.0067309,36.3194,Yes,N/A,N/A,N/A,N/A,5,6,7,8,9,10,11,5 7,13,6 8,6 9,6 10,6 11,5 13
5 6 7 8 9 10 11 12,0.00841499,33.7083,Yes,N/A,N/A,N/A,N/A,5,6,7,8,9,10,11,12,6 7,5 9,5 10,5 11,5 12,6 12
1 5 6 7 8 9 10 11 12 13,0.0126639,32.2731,Yes,N/A,N/A,N/A,N/A,5,6,7,8,9,10,11,12,13,1 13,6 9,5 11,5 12,6 12
1 4,0.0300926,4.79167,Yes,N/A,N/A,N/A,4,1 4,N/A,N/A,N/A,N/A,N/A,N/A,N/A,N/A,N/A,N/A,N/A,N/A,N/A
4,0.0138889,3.94444,Yes,N/A,N/A,N/A,4,N/A,N/A,N/A,N/A,N/A,N/A,N/A,N/A,N/A,N/A,N/A,N/A,N/A,N/A
1 4 13,0.0147248,14.9722,Yes,N/A,N/A,N/A,4,1 4,N/A,N/A,N/A,N/A,N/A,N/A,N/A,13,1 13,N/A,N/A,4 13,1 4 13
1 4 12,0.028185,13.1343,Yes,N/A,N/A,N/A,4,1 4,N/A,N/A,N/A,N/A,N/A,N/A,12,1 12,N/A,N/A,4 12,1 4 12,N/A
4 13,0.0165895,15.3194,Yes,N/A,N/A,N/A,4,N/A,N/A,N/A,N/A,N/A,N/A,N/A,N/A,13,N/A,N/A,N/A,4 13,N/A
4 12,0.0309928,13.9676,Yes,N/A,N/A,N/A,4,N/A,N/A,N/A,N/A,N/A,N/A,N/A,12,N/A,N/A,N/A,4 12,N/A,N/A
1 4 12 13,0.0121617,24.0417,Yes,N/A,N/A,N/A,4,1 4,N/A,N/A,N/A,N/A,N/A,N/A,12,13,1 13,N/A,4 12,4 13,1 4 13
1 4 11,0.046232,11.5185,Yes,N/A,N/A,N/A,4,1 4,N/A,N/A,N/A,N/A,N/A,11,1 11,N/A,N/A,4 11,1 4 11,N/A,N/A
4 11,0.0497685,12.7222,Yes,N/A,N/A,N/A,4,N/A,N/A,N/A,N/A,N/A,N/A,11,N/A,N/A,N/A,4 11,N/A,N/A,N/A
1 4 11 13,0.0221381,20.4676,Yes,N/A,N/A,N/A,4,1 4,N/A,N/A,N/A,N/A,N/A,11,1 11,13,1 13,4 11,1 4 11,4 13,1 4 13
4 12 13,0.00955397,24.9491,Yes,N/A,N/A,N/A,4,N/A,N/A,N/A,N/A,N/A,N/A,N/A,12,13,N/A,N/A,4 12,4 13,N/A
1 4 11 12,0.0260309,20.6019,Yes,N/A,N/A,N/A,4,1 4,N/A,N/A,N/A,N/A,N/A,11,12,1 12,N/A,4 11,4 12,1 4 12,N/A
4 11 13,0.013487,23.6574,Yes,N/A,N/A,N/A,4,N/A,N/A,N/A,N/A,N/A,N/A,11,N/A,13,N/A,4 11,N/A,4 13,N/A
4 11 12,0.0188668,22.1157,Yes,N/A,N/A,N/A,4,N/A,N/A,N/A,N/A,N/A,N/A,11,12,N/A,N/A,4 11,4 12,N/A,N/A
1 4 11 12 13,0.0116646,30.6389,Yes,N/A,N/A,N/A,4,1 4,N/A,N/A,N/A,N/A,N/A,11,12,13,1 13,4 11,4 12,4 13,1 4 13
1 4 10,0.0688657,10.0972,Yes,N/A,N/A,N/A,4,1 4,N/A,N/A,N/A,N/A,10,1 10,N/A,N/A,4 10,1 4 10,N/A,N/A,N/A
4 10,0.0729167,11.5694,Yes,N/A,N/A,N/A,4,N/A,N/A,N/A,N/A,N/A,10,N/A,N/A,N/A,4 10,N/A,N/A,N/A,N/A
1 4 10 13,0.0240885,20.1759,Yes,N/A,N/A,N/A,4,1 4,N/A,N/A,N/A,N/A,10,1 10,N/A,13,1 13,1 4 10,N/A,4 13,1 4 13
1 4 10 12,0.0433036,16.8148,Yes,N/A,N/A,N/A,4,1 4,N/A,N/A,N/A,N/A,10,1 10,12,1 12,4 10,1 4 10,4 12,1 4 12,N/A
4 10 13,0.017988,22.4722,Yes,N/A,N/A,N/A,4,N/A,N/A,N/A,N/A,N/A,10,N/A,N/A,13,4 10,N/A,N/A,4 13,N/A
4 10 12,0.0242252,20.9167,Yes,N/A,N/A,N/A,4,N/A,N/A,N/A,N/A,N/A,10,N/A,12,N/A,4 10,N/A,4 12,N/A,N/A
1 4 10 12 13,0.0151512,27.537,Yes,N/A,N/A,N/A,4,1 4,N/A,N/A,N/A,N/A,10,1 10,12,13,1 13,1 4 10,4 12,4 13,1 4 13
4 11 12 13,0.00682567,32.4167,Yes,N/A,N/A,N/A,4,N/A,N/A,N/A,N/A,N/A,N/A,11,12,13,N/A,4 11,4 12,4 13,N/A
1 4 10 11,0.044094,17.5,Yes,N/A,N/A,N/A,4,1 4,N/A,N/A,N/A,N/A,10,11,1 11,N/A,4 10,4 11,1 4 11,N/A,N/A
4 10 11,0.0302373,19.6157,Yes,N/A,N/A,N/A,4,N/A,N/A,N/A,N/A,N/A,10,11,N/A,N/A,4 10,4 11,N/A,N/A,N/A
1 4 10 11 13,0.0193698,26.2917,Yes,N/A,N/A,N/A,4,1 4,N/A,N/A,N/A,N/A,10,11,1 11,13,4 10,4 11,1 4 11,4 13,1 4 13
4 10 12 13,0.00838852,31.1019,Yes,N/A,N/A,N/A,4,N/A,N/A,N/A,N/A,N/A,10,N/A,12,13,4 10,N/A,4 12,4 13,N/A
1 4 10 11 12,0.0247659,25.037,Yes,N/A,N/A,N/A,4,1 4,N/A,N/A,N/A,N/A,10,11,12,1 12,4 10,4 11,4 12,1 4 12,N/A
4 10 11 13,0.0102479,29.7639,Yes,N/A,N/A,N/A,4,N/A,N/A,N/A,N/A,N/A,10,11,N/A,13,4 10,4 11,N/A,4 13,N/A
4 10 11 12,0.0132539,28.0926,Yes,N/A,N/A,N/A,4,N/A,N/A,N/A,N/A,N/A,10,11,12,N/A,4 10,4 11,4 12,N/A,N/A
1 4 10 11 12 13,0.0110021,35.4491,Yes,N/A,N/A,N/A,4,1 4,N/A,N/A,N/A,N/A,10,11,12,13,1 13,4 11,4 12,4 13,1 4 13
1 4 9,0.0960862,8.84259,Yes,N/A,N/A,N/A,4,1 4,N/A,N/A,N/A,9,1 9,N/A,N/A,4 9,1 4 9,N/A,N/A,N/A,N/A
4 9,0.100437,10.4954,Yes,N/A,N/A,N/A,4,N/A,N/A,N/A,N/A,9,N/A,N/A,N/A,4 9,N/A,N/A,N/A,N/A,N/A
1 4 9 13,0.0238724,20.2361,Yes,N/A,N/A,N/A,4,1 4,N/A,N/A,N/A,9,1 9,N/A,N/A,13,1 13,N/A,N/A,4 13,1 4 13
1 4 9 12,0.0431959,16.9537,Yes,N/A,N/A,N/A,4,1 4,N/A,N/A,N/A,9,1 9,N/A,12,1 12,1 4 9,N/A,4 12,1 4 12,N/A
4 9 13,0.0136049,22.8102,Yes,N/A,N/A,N/A,4,N/A,N/A,N/A,N/A,9,N/A,N/A,N/A,13,N/A,N/A,N/A,4 13,N/A
4 9 12,0.0300515,19.8194,Yes,N/A,N/A,N/A,4,N/A,N/A,N/A,N/A,9,N/A,N/A,12,4 9,N/A,N/A,4 12,N/A,N/A
1 4 9 12 13,0.0142532,28.0648,Yes,N/A,N/A,N/A,4,1 4,N/A,N/A,N/A,9,1 9,N/A,12,13,1 13,N/A,4 12,4 13,1 4 13
1 4 9 11,0.068738,13.5185,Yes,N/A,N/A,N/A,4,1 4,N/A,N/A,N/A,9,1 9,11,1 11,4 9,1 4 9,4 11,1 4 11,N/A,N/A
4 9 11,0.0362279,18.5185,Yes,N/A,N/A,N/A,4,N/A,N/A,N/A,N/A,9,N/A,11,N/A,4 9,N/A,4 11,N/A,N/A,N/A
1 4 9 11 13,0.0222537,23.7037,Yes,N/A,N/A,N/A,4,1 4,N/A,N/A,N/A,9,1 9,11,1 11,13,1 13,4 11,1 4 11,4 13,1 4 13
4 9 12 13,0.00670788,31.75,Yes,N/A,N/A,N/A,4,N/A,N/A,N/A,N/A,9,N/A,N/A,12,13,N/A,N/A,4 12,4 13,N/A
1 4 9 11 12,0.0296292,22.25,Yes,N/A,N/A,N/A,4,1 4,N/A,N/A,N/A,9,1 9,11,12,1 12,1 4 9,4 11,4 12,1 4 12,N/A
4 9 11 13,0.00834476,30.4213,Yes,N/A,N/A,N/A,4,N/A,N/A,N/A,N/A,9,N/A,11,N/A,13,N/A,4 11,N/A,4 13,N/A
4 9 11 12,0.0151299,27.0324,Yes,N/A,N/A,N/A,4,N/A,N/A,N/A,N/A,9,N/A,11,12,4 9,N/A,4 11,4 12,N/A,N/A
1 4 9 11 12 13,0.0126952,32.3009,Yes,N/A,N/A,N/A,4,1 4,N/A,N/A,N/A,9,1 9,11,12,13,1 13,4 11,4 12,4 13,1 4 13
4 10 11 12 13,0.00581573,37.3333,Yes,N/A,N/A,N/A,4,N/A,N/A,N/A,N/A,N/A,10,11,12,13,4 10,4 11,4 12,4 13,N/A
1 4 9 10,0.0635824,14.7593,Yes,N/A,N/A,N/A,4,1 4,N/A,N/A,N/A,9,10,1 10,N/A,4 9,4 10,1 4 10,N/A,N/A,N/A
4 9 10,0.0415863,17.3194,Yes,N/A,N/A,N/A,4,N/A,N/A,N/A,N/A,9,10,N/A,N/A,4 9,4 10,N/A,N/A,N/A,N/A
1 4 9 10 13,0.0189222,25.713,Yes,N/A,N/A,N/A,4,1 4,N/A,N/A,N/A,9,10,1 10,N/A,13,1 13,1 4 10,N/A,4 13,1 4 13
1 4 9 10 12,0.0347028,20.9444,Yes,N/A,N/A,N/A,4,1 4,N/A,N/A,N/A,9,10,1 10,12,4 9,4 10,1 4 10,4 12,1 4 12,N/A
4 9 10 13,0.00990762,29.1991,Yes,N/A,N/A,N/A,4,N/A,N/A,N/A,N/A,9,10,N/A,N/A,13,4 10,N/A,N/A,4 13,N/A
4 9 10 12,0.0169905,25.6944,Yes,N/A,N/A,N/A,4,N/A,N/A,N/A,N/A,9,10,N/A,12,4 9,4 10,N/A,4 12,N/A,N/A
1 4 9 10 12 13,0.0127115,31.6157,Yes,N/A,N/A,N/A,4,1 4,N/A,N/A,N/A,9,10,1 10,12,13,1 13,1 4 10,4 12,4 13,1 4 13
4 9 11 12 13,0.0048553,38.463,Yes,N/A,N/A,N/A,4,N/A,N/A,N/A,N/A,9,N/A,11,12,13,N/A,4 11,4 12,4 13,N/A
1 4 9 10 11,0.0393737,20.3519,Yes,N/A,N/A,N/A,4,1 4,N/A,N/A,N/A,9,10,11,1 11,4 9,4 10,4 11,1 4 11,N/A,N/A
4 9 10 11,0.0197643,24.3472,Yes,N/A,N/A,N/A,4,N/A,N/A,N/A,N/A,9,10,11,N/A,4 9,4 10,4 11,N/A,N/A,N/A
1 4 9 10 11 13,0.0158915,30.0509,Yes,N/A,N/A,N/A,4,1 4,N/A,N/A,N/A,9,10,11,1 11,13,4 10,4 11,1 4 11,4 13,1 4 13
4 9 10 12 13,0.00557884,37.0972,Yes,N/A,N/A,N/A,4,N/A,N/A,N/A,N/A,9,10,N/A,12,13,4 10,N/A,4 12,4 13,N/A
1 4 9 10 11 12,0.0214582,28.213,Yes,N/A,N/A,N/A,4,1 4,N/A,N/A,N/A,9,10,11,12,1 12,4 10,4 11,4 12,1 4 12,N/A
4 9 10 11 13,0.00657528,35.588,Yes,N/A,N/A,N/A,4,N/A,N/A,N/A,N/A,9,10,11,N/A,13,4 10,4 11,N/A,4 13,N/A
4 9 10 11 12,0.0104256,31.5278,Yes,N/A,N/A,N/A,4,N/A,N/A,N/A,N/A,9,10,11,12,4 9,4 10,4 11,4 12,N/A,N/A
1 4 9 10 11 12 13,0.0103076,38.0093,Yes,N/A,N/A,N/A,4,1 4,N/A,N/A,N/A,9,10,11,12,13,1 13,4 11,4 12,4 13,1 4 13
1 4 8,0.125579,7.94907,Yes,N/A,N/A,N/A,4,1 4,N/A,N/A,8,1 8,N/A,N/A,4 8,1 4 8,N/A,N/A,N/A,N/A,N/A
4 8,0.118441,9.66667,Yes,N/A,N/A,N/A,4,N/A,N/A,N/A,8,N/A,N/A,N/A,4 8,N/A,N/A,N/A,N/A,N/A,N/A
1 4 8 13,0.0370504,18.0972,Yes,N/A,N/A,N/A,4,1 4,N/A,N/A,8,1 8,N/A,N/A,4 8,13,1 13,N/A,N/A,4 13,1 4 13
1 4 8 12,0.0387044,17.6944,Yes,N/A,N/A,N/A,4,1 4,N/A,N/A,8,1 8,N/A,N/A,12,1 12,N/A,N/A,4 12,1 4 12,N/A
4 8 13,0.0259934,20.5046,Yes,N/A,N/A,N/A,4,N/A,N/A,N/A,8,N/A,N/A,N/A,4 8,13,N/A,N/A,N/A,4 13,N/A
4 8 12,0.0197349,20.625,Yes,N/A,N/A,N/A,4,N/A,N/A,N/A,8,N/A,N/A,N/A,12,N/A,N/A,N/A,4 12,N/A,N/A
1 4 8 12 13,0.013998,27.9676,Yes,N/A,N/A,N/A,4,1 4,N/A,N/A,8,1 8,N/A,N/A,12,13,1 13,N/A,4 12,4 13,1 4 13
1 4 8 11,0.0620687,14.4074,Yes,N/A,N/A,N/A,4,1 4,N/A,N/A,8,1 8,N/A,11,1 11,1 4 8,N/A,4 11,1 4 11,N/A,N/A
4 8 11,0.03895,17.7222,Yes,N/A,N/A,N/A,4,N/A,N/A,N/A,8,N/A,N/A,11,4 8,N/A,N/A,4 11,N/A,N/A,N/A
1 4 8 11 13,0.0258802,23.1852,Yes,N/A,N/A,N/A,4,1 4,N/A,N/A,8,1 8,N/A,11,4 8,13,1 13,4 11,1 4 11,4 13,1 4 13
4 8 12 13,0.00678488,31.1852,Yes,N/A,N/A,N/A,4,N/A,N/A,N/A,8,N/A,N/A,N/A,12,13,N/A,N/A,4 12,4 13,N/A
1 4 8 11 12,0.0252376,23.7361,Yes,N/A,N/A,N/A,4,1 4,N/A,N/A,8,1 8,N/A,11,12,1 12,N/A,4 11,4 12,1 4 12,N/A
4 8 11 13,0.0124716,27.8009,Yes,N/A,N/A,N/A,4,N/A,N/A,N/A,8,N/A,N/A,11,4 8,13,N/A,4 11,N/A,4 13,N/A
4 8 11 12,0.0106435,28.2917,Yes,N/A,N/A,N/A,4,N/A,N/A,N/A,8,N/A,N/A,11,12,N/A,N/A,4 11,4 12,N/A,N/A
1 4 8 11 12 13,0.0117861,32.6019,Yes,N/A,N/A,N/A,4,1 4,N/A,N/A,8,1 8,N/A,11,12,13,1 13,4 11,4 12,4 13,1 4 13
1 4 8 10,0.0900822,11.1019,Yes,N/A,N/A,N/A,4,1 4,N/A,N/A,8,1 8,10,1 10,4 8,1 4 8,4 10,1 4 10,N/A,N/A,8 10
4 8 10,0.0435796,16.4583,Yes,N/A,N/A,N/A,4,N/A,N/A,N/A,8,N/A,10,N/A,4 8,N/A,4 10,N/A,N/A,N/A,8 10
1 4 8 10 13,0.0316653,20.9444,Yes,N/A,N/A,N/A,4,1 4,N/A,N/A,8,1 8,10,1 10,4 8,13,1 13,1 4 10,N/A,4 13,8 10
1 4 8 10 12,0.0362568,18.9676,Yes,N/A,N/A,N/A,4,1 4,N/A,N/A,8,1 8,10,1 10,12,1 12,4 10,1 4 10,4 12,1 4 12,8 10
4 8 10 13,0.0139505,26.6019,Yes,N/A,N/A,N/A,4,N/A,N/A,N/A,8,N/A,10,N/A,4 8,13,4 10,N/A,N/A,4 13,8 10
4 8 10 12,0.0125082,26.875,Yes,N/A,N/A,N/A,4,N/A,N/A,N/A,8,N/A,10,N/A,12,N/A,4 10,N/A,4 12,N/A,8 10
1 4 8 10 12 13,0.0147418,28.7824,Yes,N/A,N/A,N/A,4,1 4,N/A,N/A,8,1 8,10,1 10,12,13,1 13,1 4 10,4 12,4 13,8 10
4 8 11 12 13,0.00465358,37.963,Yes,N/A,N/A,N/A,4,N/A,N/A,N/A,8,N/A,N/A,11,12,13,N/A,4 11,4 12,4 13,N/A
1 4 8 10 11,0.0431023,18.0463,Yes,N/A,N/A,N/A,4,1 4,N/A,N/A,8,1 8,10,11,1 11,1 4 8,4 10,4 11,1 4 11,N/A,8 10
4 8 10 11,0.0202734,23.4259,Yes,N/A,N/A,N/A,4,N/A,N/A,N/A,8,N/A,10,11,4 8,N/A,4 10,4 11,N/A,N/A,8 10
1 4 8 10 11 13,0.019503,26.7315,Yes,N/A,N/A,N/A,4,1 4,N/A,N/A,8,1 8,10,11,1 11,13,1 13,4 11,1 4 11,4 13,8 10
4 8 10 12 13,0.00539839,36.4907,Yes,N/A,N/A,N/A,4,N/A,N/A,N/A,8,N/A,10,N/A,12,13,4 10,N/A,4 12,4 13,8 10
1 4 8 10 11 12,0.0227712,25.5046,Yes,N/A,N/A,N/A,4,1 4,N/A,N/A,8,1 8,10,11,12,1 12,4 10,4 11,4 12,1 4 12,8 10
4 8 10 11 13,0.00844624,32.3287,Yes,N/A,N/A,N/A,4,N/A,N/A,N/A,8,N/A,10,11,4 8,13,4 10,4 11,N/A,4 13,8 10
4 8 10 11 12,0.00799227,33.1991,Yes,N/A,N/A,N/A,4,N/A,N/A,N/A,8,N/A,10,11,12,N/A,4 10,4 11,4 12,N/A,8 10
1 4 8 10 11 12 13,0.0114065,34.3889,Yes,N/A,N/A,N/A,4,1 4,N/A,N/A,8,1 8,10,11,12,13,1 13,4 11,4 12,4 13,8 10
4 9 10 11 12 13,0.00442512,41.75,Yes,N/A,N/A,N/A,4,N/A,N/A,N/A,N/A,9,10,11,12,13,4 10,4 11,4 12,4 13,N/A
1 4 8 9,0.0771266,12.3565,Yes,N/A,N/A,N/A,4,1 4,N/A,N/A,8,9,1 9,N/A,4 8,4 9,1 4 9,N/A,N/A,8 9,1 8 9
4 8 9,0.0470197,15.213,Yes,N/A,N/A,N/A,4,N/A,N/A,N/A,8,9,N/A,N/A,4 8,4 9,N/A,N/A,N/A,8 9,N/A
1 4 8 9 13,0.0271064,23.1435,Yes,N/A,N/A,N/A,4,1 4,N/A,N/A,8,9,1 9,N/A,4 8,13,1 13,N/A,N/A,4 13,1 4 13
1 4 8 9 12,0.0287436,21.5278,Yes,N/A,N/A,N/A,4,1 4,N/A,N/A,8,9,1 9,N/A,12,1 12,1 4 9,N/A,4 12,8 9,1 8 9
4 8 9 13,0.0121415,27.2269,Yes,N/A,N/A,N/A,4,N/A,N/A,N/A,8,9,N/A,N/A,4 8,13,N/A,N/A,N/A,4 13,N/A
4 8 9 12,0.0144305,25.5648,Yes,N/A,N/A,N/A,4,N/A,N/A,N/A,8,9,N/A,N/A,12,4 9,N/A,N/A,4 12,8 9,N/A
1 4 8 9 12 13,0.0120044,32.3148,Yes,N/A,N/A,N/A,4,1 4,N/A,N/A,8,9,1 9,N/A,12,13,1 13,N/A,4 12,4 13,1 4 13
1 4 8 9 11,0.0475833,16.6898,Yes,N/A,N/A,N/A,4,1 4,N/A,N/A,8,9,1 9,11,4 8,4 9,1 4 9,4 11,1 4 11,8 9,1 8 9
4 8 9 11,0.0221613,22.25,Yes,N/A,N/A,N/A,4,N/A,N/A,N/A,8,9,N/A,11,4 8,4 9,N/A,4 11,N/A,8 9,N/A
1 4 8 9 11 13,0.0210336,25.8935,Yes,N/A,N/A,N/A,4,1 4,N/A,N/A,8,9,1 9,11,4 8,13,1 13,4 11,1 4 11,4 13,1 4 13
4 8 9 12 13,0.00471143,37.5231,Yes,N/A,N/A,N/A,4,N/A,N/A,N/A,8,9,N/A,N/A,12,13,N/A,N/A,4 12,4 13,N/A
1 4 8 9 11 12,0.0217208,25.3241,Yes,N/A,N/A,N/A,4,1 4,N/A,N/A,8,9,1 9,11,12,1 12,1 4 9,4 11,4 12,8 9,1 8 9
4 8 9 11 13,0.00755782,33.6204,Yes,N/A,N/A,N/A,4,N/A,N/A,N/A,8,9,N/A,11,4 8,13,N/A,4 11,N/A,4 13,N/A
4 8 9 11 12,0.00906668,31.8426,Yes,N/A,N/A,N/A,4,N/A,N/A,N/A,8,9,N/A,11,12,4 9,N/A,4 11,4 12,8 9,N/A
1 4 8 9 11 12 13,0.0111185,34.287,Yes,N/A,N/A,N/A,4,1 4,N/A,N/A,8,9,1 9,11,12,13,1 13,4 11,4 12,4 13,1 4 13
4 8 10 11 12 13,0.00420513,41.2083,Yes,N/A,N/A,N/A,4,N/A,N/A,N/A,8,N/A,10,11,12,13,4 10,4 11,4 12,4 13,8 10
1 4 8 9 10,0.0506391,16.3796,Yes,N/A,N/A,N/A,4,1 4,N/A,N/A,8,9,10,1 10,4 8,4 9,4 10,1 4 10,N/A,8 9,8 10
4 8 9 10,0.025312,20.9306,Yes,N/A,N/A,N/A,4,N/A,N/A,N/A,8,9,10,N/A,4 8,4 9,4 10,N/A,N/A,8 9,8 10
1 4 8 9 10 13,0.0206308,26.2315,Yes,N/A,N/A,N/A,4,1 4,N/A,N/A,8,9,10,1 10,4 8,13,1 13,1 4 10,N/A,8 9,8 10
1 4 8 9 10 12,0.025412,23.5556,Yes,N/A,N/A,N/A,4,1 4,N/A,N/A,8,9,10,1 10,12,1 12,4 10,1 4 10,4 12,8 9,8 10
4 8 9 10 13,0.00848392,32.1528,Yes,N/A,N/A,N/A,4,N/A,N/A,N/A,8,9,10,N/A,4 8,13,4 10,N/A,N/A,4 13,8 10
4 8 9 10 12,0.010436,30.1204,Yes,N/A,N/A,N/A,4,N/A,N/A,N/A,8,9,10,N/A,12,4 9,4 10,N/A,4 12,8 9,8 10
1 4 8 9 10 12 13,0.0116048,33.625,Yes,N/A,N/A,N/A,4,1 4,N/A,N/A,8,9,10,1 10,12,13,1 13,1 4 10,4 12,4 13,8 10
4 8 9 11 12 13,0.00376311,42.8194,Yes,N/A,N/A,N/A,4,N/A,N/A,N/A,8,9,N/A,11,12,13,N/A,4 11,4 12,4 13,N/A
1 4 8 9 10 11,0.0313847,22.0509,Yes,N/A,N/A,N/A,4,1 4,N/A,N/A,8,9,10,11,1 11,4 9,4 10,4 11,1 4 11,8 9,8 10
4 8 9 10 11,0.0145549,26.2407,Yes,N/A,N/A,N/A,4,N/A,N/A,N/A,8,9,10,11,4 8,4 9,4 10,4 11,N/A,8 9,8 10
1 4 8 9 10 11 13,0.0157336,30.8843,Yes,N/A,N/A,N/A,4,1 4,N/A,N/A,8,9,10,11,4 8,13,1 13,4 11,1 4 11,8 9,8 10
4 8 9 10 12 13,0.00429895,41.3889,Yes,N/A,N/A,N/A,4,N/A,N/A,N/A,8,9,10,N/A,12,13,4 10,N/A,4 12,4 13,8 10
1 4 8 9 10 11 12,0.0184823,29.3009,Yes,N/A,N/A,N/A,4,1 4,N/A,N/A,8,9,10,11,12,1 12,4 10,4 11,4 12,8 9,8 10
4 8 9 10 11 13,0.00625571,36.4722,Yes,N/A,N/A,N/A,4,N/A,N/A,N/A,8,9,10,11,4 8,13,4 10,4 11,N/A,8 9,8 10
4 8 9 10 11 12,0.00758292,34.2222,Yes,N/A,N/A,N/A,4,N/A,N/A,N/A,8,9,10,11,12,4 9,4 10,4 11,4 12,8 9,8 10
1 4 8 9 10 11 12 13,0.0102338,37.9306,Yes,N/A,N/A,N/A,4,1 4,N/A,N/A,8,9,10,11,12,13,1 13,4 11,4 12,4 13,8 10
1 4 7,0.143454,7.43056,Yes,N/A,N/A,N/A,4,1 4,N/A,7,1 7,N/A,N/A,4 7,1 4 7,N/A,N/A,N/A,N/A,N/A,N/A
4 7,0.126929,9,Yes,N/A,N/A,N/A,4,N/A,N/A,7,N/A,N/A,N/A,4 7,N/A,N/A,N/A,N/A,N/A,N/A,N/A
1 4 7 13,0.0499909,16.3611,Yes,N/A,N/A,N/A,4,1 4,N/A,7,1 7,N/A,N/A,4 7,1 4 7,13,1 13,N/A,N/A,4 13,1 4 13
1 4 7 12,0.0534488,15.8935,Yes,N/A,N/A,N/A,4,1 4,N/A,7,1 7,N/A,N/A,4 7,12,1 12,N/A,N/A,4 12,1 4 12,N/A
4 7 13,0.0267972,19.9583,Yes,N/A,N/A,N/A,4,N/A,N/A,7,N/A,N/A,N/A,4 7,N/A,13,N/A,N/A,N/A,4 13,N/A
4 7 12,0.033463,18.4907,Yes,N/A,N/A,N/A,4,N/A,N/A,7,N/A,N/A,N/A,4 7,12,N/A,N/A,N/A,4 12,N/A,N/A
1 4 7 12 13,0.0205128,25.5556,Yes,N/A,N/A,N/A,4,1 4,N/A,7,1 7,N/A,N/A,4 7,12,13,1 13,N/A,4 12,4 13,1 4 13
1 4 7 11,0.0489996,15.7824,Yes,N/A,N/A,N/A,4,1 4,N/A,7,1 7,N/A,N/A,11,1 11,N/A,N/A,4 11,1 4 11,N/A,7 11
4 7 11,0.022907,18.7546,Yes,N/A,N/A,N/A,4,N/A,N/A,7,N/A,N/A,N/A,11,N/A,N/A,N/A,4 11,N/A,N/A,7 11
1 4 7 11 13,0.0214367,23.5741,Yes,N/A,N/A,N/A,4,1 4,N/A,7,1 7,N/A,N/A,11,1 11,13,1 13,4 11,1 4 11,4 13,7 11
4 7 12 13,0.010495,28.6852,Yes,N/A,N/A,N/A,4,N/A,N/A,7,N/A,N/A,N/A,4 7,12,13,N/A,N/A,4 12,4 13,N/A
1 4 7 11 12,0.0221244,23.8935,Yes,N/A,N/A,N/A,4,1 4,N/A,7,1 7,N/A,N/A,11,12,1 12,N/A,4 11,4 12,1 4 12,7 11
4 7 11 13,0.00760352,29.2315,Yes,N/A,N/A,N/A,4,N/A,N/A,7,N/A,N/A,N/A,11,N/A,13,N/A,4 11,N/A,4 13,7 11
4 7 11 12,0.00974151,27.7315,Yes,N/A,N/A,N/A,4,N/A,N/A,7,N/A,N/A,N/A,11,12,N/A,N/A,4 11,4 12,N/A,7 11
1 4 7 11 12 13,0.0108997,32.8241,Yes,N/A,N/A,N/A,4,1 4,N/A,7,1 7,N/A,N/A,11,12,13,1 13,4 11,4 12,4 13,7 11
1 4 7 10,0.075336,12.3148,Yes,N/A,N/A,N/A,4,1 4,N/A,7,1 7,N/A,10,4 7,1 4 7,N/A,4 10,1 4 10,N/A,7 10,1 7 10
4 7 10,0.0420042,15.7917,Yes,N/A,N/A,N/A,4,N/A,N/A,7,N/A,N/A,10,4 7,N/A,N/A,4 10,N/A,N/A,7 10,N/A
1 4 7 10 13,0.0304168,21.1852,Yes,N/A,N/A,N/A,4,1 4,N/A,7,1 7,N/A,10,4 7,1 4 7,13,1 13,1 4 10,N/A,4 13,1 4 13
1 4 7 10 12,0.0381029,18.7731,Yes,N/A,N/A,N/A,4,1 4,N/A,7,1 7,N/A,10,4 7,12,1 12,4 10,1 4 10,4 12,7 10,1 7 10
4 7 10 13,0.0132003,26.1806,Yes,N/A,N/A,N/A,4,N/A,N/A,7,N/A,N/A,10,4 7,N/A,13,4 10,N/A,N/A,4 13,N/A
4 7 10 12,0.0168869,24.1528,Yes,N/A,N/A,N/A,4,N/A,N/A,7,N/A,N/A,10,4 7,12,N/A,4 10,N/A,4 12,7 10,N/A
1 4 7 10 12 13,0.0166472,28.6296,Yes,N/A,N/A,N/A,4,1 4,N/A,7,1 7,N/A,10,4 7,12,13,1 13,1 4 10,4 12,4 13,1 4 13
4 7 11 12 13,0.00417547,37.5278,Yes,N/A,N/A,N/A,4,N/A,N/A,7,N/A,N/A,N/A,11,12,13,N/A,4 11,4 12,4 13,7 11
1 4 7 10 11,0.0343291,19.9398,Yes,N/A,N/A,N/A,4,1 4,N/A,7,1 7,N/A,10,11,1 11,N/A,4 10,4 11,1 4 11,7 10,7 11
4 7 10 11,0.0143711,24.7083,Yes,N/A,N/A,N/A,4,N/A,N/A,7,N/A,N/A,10,11,N/A,N/A,4 10,4 11,N/A,7 10,7 11
1 4 7 10 11 13,0.0166993,27.662,Yes,N/A,N/A,N/A,4,1 4,N/A,7,1 7,N/A,10,11,1 11,13,4 10,4 11,1 4 11,7 10,7 11
4 7 10 12 13,0.00683416,33.838,Yes,N/A,N/A,N/A,4,N/A,N/A,7,N/A,N/A,10,4 7,12,13,4 10,N/A,4 12,4 13,N/A
1 4 7 10 11 12,0.0198851,26.3657,Yes,N/A,N/A,N/A,4,1 4,N/A,7,1 7,N/A,10,11,12,1 12,4 10,4 11,4 12,7 10,7 11
4 7 10 11 13,0.00577487,34.662,Yes,N/A,N/A,N/A,4,N/A,N/A,7,N/A,N/A,10,11,N/A,13,4 10,4 11,N/A,4 13,7 11
4 7 10 11 12,0.00758109,32.537,Yes,N/A,N/A,N/A,4,N/A,N/A,7,N/A,N/A,10,11,12,N/A,4 10,4 11,4 12,7 10,7 11
1 4 7 10 11 12 13,0.0103633,35.4583,Yes,N/A,N/A,N/A,4,1 4,N/A,7,1 7,N/A,10,11,12,13,1 13,4 11,4 12,4 13,7 11
1 4 7 9,0.0988342,8.9537,Yes,N/A,N/A,N/A,4,1 4,N/A,7,1 7,9,1 9,4 7,1 4 7,4 9,1 4 9,N/A,7 9,1 7 9,N/A
4 7 9,0.0438797,14.4769,Yes,N/A,N/A,N/A,4,N/A,N/A,7,N/A,9,N/A,4 7,N/A,4 9,N/A,N/A,7 9,N/A,N/A
1 4 7 9 13,0.0349563,18.6944,Yes,N/A,N/A,N/A,4,1 4,N/A,7,1 7,9,1 9,4 7,1 4 7,13,1 13,N/A,7 9,4 13,1 4 13
1 4 7 9 12,0.043144,16.9676,Yes,N/A,N/A,N/A,4,1 4,N/A,7,1 7,9,1 9,4 7,12,1 12,1 4 9,N/A,4 12,1 4 12,N/A
4 7 9 13,0.0123356,26.1157,Yes,N/A,N/A,N/A,4,N/A,N/A,7,N/A,9,N/A,4 7,N/A,13,N/A,N/A,7 9,4 13,N/A
4 7 9 12,0.0173354,23.4352,Yes,N/A,N/A,N/A,4,N/A,N/A,7,N/A,9,N/A,4 7,12,4 9,N/A,N/A,4 12,N/A,N/A
1 4 7 9 12 13,0.0184766,26.6111,Yes,N/A,N/A,N/A,4,1 4,N/A,7,1 7,9,1 9,4 7,12,13,1 13,N/A,4 12,4 13,1 4 13
1 4 7 9 11,0.0461813,15.1574,Yes,N/A,N/A,N/A,4,1 4,N/A,7,1 7,9,1 9,11,1 11,4 9,1 4 9,4 11,7 9,1 7 9,7 11
4 7 9 11,0.0168628,23.3287,Yes,N/A,N/A,N/A,4,N/A,N/A,7,N/A,9,N/A,11,N/A,4 9,N/A,4 11,7 9,N/A,7 11
1 4 7 9 11 13,0.019861,24.5278,Yes,N/A,N/A,N/A,4,1 4,N/A,7,1 7,9,1 9,11,1 11,13,1 13,4 11,7 9,4 13,7 11
4 7 9 12 13,0.00627372,34.6806,Yes,N/A,N/A,N/A,4,N/A,N/A,7,N/A,9,N/A,4 7,12,13,N/A,N/A,4 12,4 13,N/A
1 4 7 9 11 12,0.0232492,23.0787,Yes,N/A,N/A,N/A,4,1 4,N/A,7,1 7,9,1 9,11,12,1 12,1 4 9,4 11,4 12,1 4 12,7 11
4 7 9 11 13,0.00580575,34.9306,Yes,N/A,N/A,N/A,4,N/A,N/A,7,N/A,9,N/A,11,N/A,13,N/A,4 11,7 9,4 13,7 11
4 7 9 11 12,0.00814984,31.6852,Yes,N/A,N/A,N/A,4,N/A,N/A,7,N/A,9,N/A,11,12,4 9,N/A,4 11,4 12,N/A,7 11
1 4 7 9 11 12 13,0.0120119,31.6898,Yes,N/A,N/A,N/A,4,1 4,N/A,7,1 7,9,1 9,11,12,13,1 13,4 11,4 12,4 13,7 11
4 7 10 11 12 13,0.00376185,41.2269,Yes,N/A,N/A,N/A,4,N/A,N/A,7,N/A,N/A,10,11,12,13,4 10,4 11,4 12,4 13,7 11
1 4 7 9 10,0.0542497,14.0926,Yes,N/A,N/A,N/A,4,1 4,N/A,7,1 7,9,10,1 10,1 4 7,4 9,4 10,1 4 10,7 9,7 10,1 7 10
4 7 9 10,0.0265802,19.9444,Yes,N/A,N/A,N/A,4,N/A,N/A,7,N/A,9,10,4 7,N/A,4 9,4 10,N/A,7 9,7 10,N/A
1 4 7 9 10 13,0.0228271,23.5463,Yes,N/A,N/A,N/A,4,1 4,N/A,7,1 7,9,10,4 7,1 4 7,13,1 13,1 4 10,7 9,4 13,1 4 13
1 4 7 9 10 12,0.0308817,20.6157,Yes,N/A,N/A,N/A,4,1 4,N/A,7,1 7,9,10,4 7,12,1 12,4 10,1 4 10,7 9,7 10,1 7 10
4 7 9 10 13,0.0088958,31.2407,Yes,N/A,N/A,N/A,4,N/A,N/A,7,N/A,9,10,4 7,N/A,13,4 10,N/A,7 9,4 13,N/A
4 7 9 10 12,0.0125444,27.5324,Yes,N/A,N/A,N/A,4,N/A,N/A,7,N/A,9,10,4 7,12,4 9,4 10,N/A,7 9,7 10,N/A
1 4 7 9 10 12 13,0.0146552,29.8981,Yes,N/A,N/A,N/A,4,1 4,N/A,7,1 7,9,10,4 7,12,13,1 13,1 4 10,4 12,4 13,1 4 13
4 7 9 11 12 13,0.00358824,42.4676,Yes,N/A,N/A,N/A,4,N/A,N/A,7,N/A,9,N/A,11,12,13,N/A,4 11,7 9,4 13,7 11
1 4 7 9 10 11,0.0334133,19.8102,Yes,N/A,N/A,N/A,4,1 4,N/A,7,1 7,9,10,11,1 11,4 9,4 10,4 11,7 9,7 10,7 11
4 7 9 10 11,0.01291,27.6481,Yes,N/A,N/A,N/A,4,N/A,N/A,7,N/A,9,10,11,N/A,4 9,4 10,4 11,7 9,7 10,7 11
1 4 7 9 10 11 13,0.0162092,28.3333,Yes,N/A,N/A,N/A,4,1 4,N/A,7,1 7,9,10,11,1 11,13,4 10,4 11,7 9,7 10,7 11
4 7 9 10 12 13,0.00533987,38.0231,Yes,N/A,N/A,N/A,4,N/A,N/A,7,N/A,9,10,4 7,12,13,4 10,N/A,7 9,4 13,N/A
1 4 7 9 10 11 12,0.0200339,26.3565,Yes,N/A,N/A,N/A,4,1 4,N/A,7,1 7,9,10,11,12,1 12,4 10,4 11,4 12,7 10,7 11
4 7 9 10 11 13,0.0052627,38.5231,Yes,N/A,N/A,N/A,4,N/A,N/A,7,N/A,9,10,11,N/A,13,4 10,4 11,7 9,4 13,7 11
4 7 9 10 11 12,0.00751964,34.0046,Yes,N/A,N/A,N/A,4,N/A,N/A,7,N/A,9,10,11,12,4 9,4 10,4 11,7 9,7 10,7 11
1 4 7 9 10 11 12 13,0.0110911,34.4676,Yes,N/A,N/A,N/A,4,1 4,N/A,7,1 7,9,10,11,12,13,1 13,4 11,4 12,4 13,7 11
4 8 9 10 11 12 13,0.00387049,43.7731,Yes,N/A,N/A,N/A,4,N/A,N/A,N/A,8,9,10,11,12,13,4 10,4 11,4 12,8 9,8 10
1 4 7 8,0.0775141,10.4074,Yes,N/A,N/A,N/A,4,1 4,N/A,7,8,1 8,N/A,4 7,4 8,1 4 8,N/A,7 8,1 7 8,N/A,N/A
4 7 8,0.0422293,13.4907,Yes,N/A,N/A,N/A,4,N/A,N/A,7,8,N/A,N/A,4 7,4 8,N/A,N/A,7 8,N/A,N/A,N/A
1 4 7 8 13,0.0324574,18.8796,Yes,N/A,N/A,N/A,4,1 4,N/A,7,8,1 8,N/A,4 7,4 8,13,1 13,7 8,1 7 8,4 13,1 4 13
1 4 7 8 12,0.035764,18.9954,Yes,N/A,N/A,N/A,4,1 4,N/A,7,8,1 8,N/A,4 7,12,1 12,N/A,7 8,4 12,1 4 12,N/A
4 7 8 13,0.0142202,23.4954,Yes,N/A,N/A,N/A,4,N/A,N/A,7,8,N/A,N/A,4 7,4 8,13,N/A,7 8,N/A,4 13,N/A
4 7 8 12,0.0156345,23.6528,Yes,N/A,N/A,N/A,4,N/A,N/A,7,8,N/A,N/A,4 7,12,N/A,N/A,7 8,4 12,N/A,N/A
1 4 7 8 12 13,0.0165812,27.5231,Yes,N/A,N/A,N/A,4,1 4,N/A,7,8,1 8,N/A,4 7,12,13,1 13,7 8,4 12,4 13,1 4 13
1 4 7 8 11,0.0338092,18.4722,Yes,N/A,N/A,N/A,4,1 4,N/A,7,8,1 8,N/A,11,1 11,1 4 8,N/A,7 8,1 4 11,N/A,7 11
4 7 8 11,0.0163162,23.0139,Yes,N/A,N/A,N/A,4,N/A,N/A,7,8,N/A,N/A,11,4 8,N/A,N/A,4 11,N/A,N/A,7 11
1 4 7 8 11 13,0.0173166,26.338,Yes,N/A,N/A,N/A,4,1 4,N/A,7,8,1 8,N/A,11,1 11,13,1 13,7 8,1 4 11,4 13,7 11
4 7 8 12 13,0.00656237,33.1019,Yes,N/A,N/A,N/A,4,N/A,N/A,7,8,N/A,N/A,4 7,12,13,N/A,7 8,4 12,4 13,N/A
1 4 7 8 11 12,0.0182673,27.0231,Yes,N/A,N/A,N/A,4,1 4,N/A,7,8,1 8,N/A,11,12,1 12,N/A,4 11,4 12,1 4 12,7 11
4 7 8 11 13,0.0067003,32.625,Yes,N/A,N/A,N/A,4,N/A,N/A,7,8,N/A,N/A,11,4 8,13,N/A,4 11,N/A,4 13,7 11
4 7 8 11 12,0.00691345,33.2176,Yes,N/A,N/A,N/A,4,N/A,N/A,7,8,N/A,N/A,11,12,N/A,N/A,4 11,4 12,N/A,7 11
1 4 7 8 11 12 13,0.010173,34.9167,Yes,N/A,N/A,N/A,4,1 4,N/A,7,8,1 8,N/A,11,12,13,1 13,4 11,4 12,4 13,7 11
1 4 7 8 10,0.0555437,13.4583,Yes,N/A,N/A,N/A,4,1 4,N/A,7,8,1 8,10,1 10,4 8,1 4 8,4 10,7 8,1 7 8,7 10,8 10
4 7 8 10,0.0296612,18.7407,Yes,N/A,N/A,N/A,4,N/A,N/A,7,8,N/A,10,4 7,4 8,N/A,4 10,7 8,N/A,7 10,8 10
1 4 7 8 10 13,0.0261582,21.7315,Yes,N/A,N/A,N/A,4,1 4,N/A,7,8,1 8,10,4 7,4 8,13,1 13,7 8,1 7 8,4 13,8 10
1 4 7 8 10 12,0.0320414,19.8704,Yes,N/A,N/A,N/A,4,1 4,N/A,7,8,1 8,10,4 7,12,1 12,4 10,7 8,4 12,7 10,8 10
4 7 8 10 13,0.0110315,27.8472,Yes,N/A,N/A,N/A,4,N/A,N/A,7,8,N/A,10,4 7,4 8,13,4 10,7 8,N/A,4 13,8 10
4 7 8 10 12,0.0123665,27.9537,Yes,N/A,N/A,N/A,4,N/A,N/A,7,8,N/A,10,4 7,12,N/A,4 10,7 8,4 12,7 10,8 10
1 4 7 8 10 12 13,0.0158243,28.2778,Yes,N/A,N/A,N/A,4,1 4,N/A,7,8,1 8,10,4 7,12,13,1 13,7 8,4 12,4 13,8 10
4 7 8 11 12 13,0.00363217,42.0787,Yes,N/A,N/A,N/A,4,N/A,N/A,7,8,N/A,N/A,11,12,13,N/A,7 8,4 12,4 13,7 11
1 4 7 8 10 11,0.030706,20.0648,Yes,N/A,N/A,N/A,4,1 4,N/A,7,8,1 8,10,11,1 11,1 4 8,4 10,4 11,1 7 8,7 10,7 11
4 7 8 10 11,0.0133189,27.5324,Yes,N/A,N/A,N/A,4,N/A,N/A,7,8,N/A,10,11,4 8,N/A,4 10,7 8,N/A,7 10,7 11
1 4 7 8 10 11 13,0.0162699,27.6528,Yes,N/A,N/A,N/A,4,1 4,N/A,7,8,1 8,10,11,1 11,13,4 10,4 11,1 7 8,4 13,7 11
4 7 8 10 12 13,0.00589253,36.1204,Yes,N/A,N/A,N/A,4,N/A,N/A,7,8,N/A,10,4 7,12,13,4 10,7 8,4 12,4 13,8 10
1 4 7 8 10 11 12,0.0191412,26.6667,Yes,N/A,N/A,N/A,4,1 4,N/A,7,8,1 8,10,11,12,1 12,4 10,4 11,4 12,7 10,7 11
4 7 8 10 11 13,0.00625911,35.8287,Yes,N/A,N/A,N/A,4,N/A,N/A,7,8,N/A,10,11,4 8,13,4 10,7 8,N/A,7 10,7 11
4 7 8 10 11 12,0.00681807,36.375,Yes,N/A,N/A,N/A,4,N/A,N/A,7,8,N/A,10,11,12,N/A,4 10,7 8,4 12,7 10,7 11
1 4 7 8 10 11 12 13,0.0110134,34.2083,Yes,N/A,N/A,N/A,4,1 4,N/A,7,8,1 8,10,11,12,13,4 10,4 11,4 12,4 13,7 11
4 7 9 10 11 12 13,0.00376058,43.9722,Yes,N/A,N/A,N/A,4,N/A,N/A,7,N/A,9,10,11,12,13,4 10,4 11,7 9,4 13,7 11
1 4 7 8 9,0.0642886,12.2361,Yes,N/A,N/A,N/A,4,1 4,N/A,7,8,9,1 9,4 7,4 8,4 9,1 4 9,7 8,7 9,8 9,1 8 9
4 7 8 9,0.0378762,17.2083,Yes,N/A,N/A,N/A,4,N/A,N/A,7,8,9,N/A,4 7,4 8,4 9,N/A,7 8,7 9,8 9,N/A
1 4 7 8 9 13,0.0282542,21,Yes,N/A,N/A,N/A,4,1 4,N/A,7,8,9,1 9,4 7,4 8,13,1 13,7 8,7 9,8 9,1 4 13
1 4 7 8 9 12,0.032067,19.8704,Yes,N/A,N/A,N/A,4,1 4,N/A,7,8,9,1 9,4 7,12,1 12,1 4 9,7 8,4 12,8 9,1 8 9
4 7 8 9 13,0.0114627,28.25,Yes,N/A,N/A,N/A,4,N/A,N/A,7,8,9,N/A,4 7,4 8,13,N/A,7 8,7 9,4 13,N/A
4 7 8 9 12,0.014362,26.8981,Yes,N/A,N/A,N/A,4,N/A,N/A,7,8,9,N/A,4 7,12,4 9,N/A,7 8,4 12,8 9,N/A
1 4 7 8 9 12 13,0.0157697,28.7037,Yes,N/A,N/A,N/A,4,1 4,N/A,7,8,9,1 9,4 7,12,13,1 13,7 8,4 12,4 13,1 4 13
1 4 7 8 9 11,0.0374203,18.5509,Yes,N/A,N/A,N/A,4,1 4,N/A,7,8,9,1 9,11,1 11,4 9,1 4 9,7 8,7 9,8 9,7 11
4 7 8 9 11,0.0165597,25.7917,Yes,N/A,N/A,N/A,4,N/A,N/A,7,8,9,N/A,11,4 8,4 9,N/A,7 8,7 9,8 9,7 11
1 4 7 8 9 11 13,0.0188261,26.3148,Yes,N/A,N/A,N/A,4,1 4,N/A,7,8,9,1 9,11,4 8,13,1 13,7 8,7 9,4 13,7 11
4 7 8 9 12 13,0.00558984,37.7176,Yes,N/A,N/A,N/A,4,N/A,N/A,7,8,9,N/A,4 7,12,13,N/A,7 8,4 12,4 13,N/A
1 4 7 8 9 11 12,0.0199642,26.2639,Yes,N/A,N/A,N/A,4,1 4,N/A,7,8,9,1 9,11,12,1 12,1 4 9,7 8,4 12,8 9,7 11
4 7 8 9 11 13,0.00636755,36.3611,Yes,N/A,N/A,N/A,4,N/A,N/A,7,8,9,N/A,11,4 8,13,N/A,4 11,7 9,4 13,7 11
4 7 8 9 11 12,0.00781596,34.9537,Yes,N/A,N/A,N/A,4,N/A,N/A,7,8,9,N/A,11,12,4 9,N/A,7 8,4 12,8 9,7 11
1 4 7 8 9 11 12 13,0.0115795,33.8009,Yes,N/A,N/A,N/A,4,1 4,N/A,7,8,9,1 9,11,12,13,1 13,7 8,4 12,4 13,7 11
4 7 8 10 11 12 13,0.00391185,43.625,Yes,N/A,N/A,N/A,4,N/A,N/A,7,8,N/A,10,11,12,13,4 10,7 8,4 12,4 13,7 11
1 4 7 8 9 10,0.0457176,16.7176,Yes,N/A,N/A,N/A,4,1 4,N/A,7,8,9,10,1 10,4 8,4 9,4 10,7 8,7 9,7 10,8 10
4 7 8 9 10,0.0236651,20.7454,Yes,N/A,N/A,N/A,4,N/A,N/A,7,8,9,10,4 7,4 8,4 9,4 10,7 8,7 9,7 10,8 10
1 4 7 8 9 10 13,0.0220863,24.7037,Yes,N/A,N/A,N/A,4,1 4,N/A,7,8,9,10,1 10,4 8,13,1 13,7 8,7 9,8 9,8 10
1 4 7 8 9 10 12,0.0270275,22.5093,Yes,N/A,N/A,N/A,4,1 4,N/A,7,8,9,10,1 10,12,1 12,4 10,7 8,7 9,8 9,8 10
4 7 8 9 10 13,0.00925486,30.7083,Yes,N/A,N/A,N/A,4,N/A,N/A,7,8,9,10,4 7,4 8,13,4 10,7 8,7 9,4 13,8 10
4 7 8 9 10 12,0.0113759,28.7639,Yes,N/A,N/A,N/A,4,N/A,N/A,7,8,9,10,4 7,12,4 9,4 10,7 8,4 12,8 9,8 10
1 4 7 8 9 10 12 13,0.0144857,30.7361,Yes,N/A,N/A,N/A,4,1 4,N/A,7,8,9,10,4 7,12,13,1 13,7 8,7 9,4 13,8 10
4 7 8 9 11 12 13,0.00361719,45.4954,Yes,N/A,N/A,N/A,4,N/A,N/A,7,8,9,N/A,11,12,13,N/A,4 11,4 12,4 13,7 11
1 4 7 8 9 10 11,0.0301395,21.6019,Yes,N/A,N/A,N/A,4,1 4,N/A,7,8,9,10,11,1 11,4 9,4 10,7 8,7 9,7 10,8 10
4 7 8 9 10 11,0.0131333,27.5972,Yes,N/A,N/A,N/A,4,N/A,N/A,7,8,9,10,11,4 8,4 9,4 10,7 8,7 9,7 10,7 11
1 4 7 8 9 10 11 13,0.0162804,28.9722,Yes,N/A,N/A,N/A,4,1 4,N/A,7,8,9,10,11,1 11,13,1 13,4 11,7 9,7 10,8 10
4 7 8 9 10 12 13,0.00546865,38.1759,Yes,N/A,N/A,N/A,4,N/A,N/A,7,8,9,10,4 7,12,13,4 10,7 8,4 12,8 9,8 10
1 4 7 8 9 10 11 12,0.0190422,27.8056,Yes,N/A,N/A,N/A,4,1 4,N/A,7,8,9,10,11,12,1 12,4 10,4 11,7 9,7 10,7 11
4 7 8 9 10 11 13,0.00622799,36.7824,Yes,N/A,N/A,N/A,4,N/A,N/A,7,8,9,10,11,4 8,13,4 10,7 8,7 9,4 13,7 11
4 7 8 9 10 11 12,0.00755702,35.0139,Yes,N/A,N/A,N/A,4,N/A,N/A,7,8,9,10,11,12,4 9,4 10,7 8,4 12,7 10,7 11
1 4 7 8 9 10 11 12 13,0.0115993,34.7546,Yes,N/A,N/A,N/A,4,1 4,N/A,7,8,9,10,11,12,13,1 13,4 11,4 12,4 13,8 10
1 4 6,0.150549,7.13426,Yes,N/A,N/A,N/A,4,1 4,6,1 6,N/A,N/A,4 6,1 4 6,N/A,N/A,N/A,N/A,N/A,N/A,N/A
4 6,0.126286,8.35648,Yes,N/A,N/A,N/A,4,N/A,6,N/A,N/A,N/A,4 6,N/A,N/A,N/A,N/A,N/A,N/A,N/A,N/A
1 4 6 13,0.0499328,16.2546,Yes,N/A,N/A,N/A,4,1 4,6,1 6,N/A,N/A,4 6,1 4 6,N/A,13,1 13,N/A,N/A,4 13,1 4 13
1 4 6 12,0.065927,14.1667,Yes,N/A,N/A,N/A,4,1 4,6,1 6,N/A,N/A,4 6,1 4 6,12,1 12,N/A,N/A,4 12,1 4 12,6 12
4 6 13,0.0259666,19.338,Yes,N/A,N/A,N/A,4,N/A,6,N/A,N/A,N/A,4 6,N/A,N/A,13,N/A,N/A,N/A,4 13,N/A
4 6 12,0.0320823,17.8194,Yes,N/A,N/A,N/A,4,N/A,6,N/A,N/A,N/A,4 6,N/A,12,N/A,N/A,N/A,4 12,N/A,6 12
1 4 6 12 13,0.023408,23.75,Yes,N/A,N/A,N/A,4,1 4,6,1 6,N/A,N/A,4 6,1 4 6,12,13,1 13,N/A,4 12,4 13,6 12
1 4 6 11,0.0626643,13.7778,Yes,N/A,N/A,N/A,4,1 4,6,1 6,N/A,N/A,4 6,11,1 11,N/A,N/A,4 11,1 4 11,6 11,1 6 11
4 6 11,0.0364047,16.3704,Yes,N/A,N/A,N/A,4,N/A,6,N/A,N/A,N/A,4 6,11,N/A,N/A,N/A,4 11,N/A,6 11,N/A
1 4 6 11 13,0.0275615,21.4491,Yes,N/A,N/A,N/A,4,1 4,6,1 6,N/A,N/A,4 6,11,1 11,13,1 13,4 11,1 4 11,4 13,1 4 13
4 6 12 13,0.00997589,28.1713,Yes,N/A,N/A,N/A,4,N/A,6,N/A,N/A,N/A,4 6,N/A,12,13,N/A,N/A,4 12,4 13,6 12
1 4 6 11 12,0.0302365,21.6574,Yes,N/A,N/A,N/A,4,1 4,6,1 6,N/A,N/A,4 6,11,12,1 12,N/A,4 11,4 12,6 11,6 12
4 6 11 13,0.0113026,26.9398,Yes,N/A,N/A,N/A,4,N/A,6,N/A,N/A,N/A,4 6,11,N/A,13,N/A,4 11,N/A,4 13,N/A
4 6 11 12,0.0149094,24.9583,Yes,N/A,N/A,N/A,4,N/A,6,N/A,N/A,N/A,4 6,11,12,N/A,N/A,4 11,4 12,6 11,6 12
1 4 6 11 12 13,0.0143149,30.1204,Yes,N/A,N/A,N/A,4,1 4,6,1 6,N/A,N/A,4 6,11,12,13,1 13,4 11,4 12,4 13,6 12
1 4 6 10,0.0531657,13.5694,Yes,N/A,N/A,N/A,4,1 4,6,1 6,N/A,N/A,10,1 10,N/A,N/A,4 10,1 4 10,6 10,1 6 10,N/A
4 6 10,0.0233089,16.4722,Yes,N/A,N/A,N/A,4,N/A,6,N/A,N/A,N/A,10,N/A,N/A,N/A,4 10,N/A,6 10,N/A,N/A
1 4 6 10 13,0.0208391,22.9259,Yes,N/A,N/A,N/A,4,1 4,6,1 6,N/A,N/A,10,1 10,N/A,13,1 13,1 4 10,6 10,4 13,1 4 13
1 4 6 10 12,0.029896,19.4907,Yes,N/A,N/A,N/A,4,1 4,6,1 6,N/A,N/A,10,1 10,12,1 12,4 10,1 4 10,4 12,1 4 12,6 12
4 6 10 13,0.00809917,27.088,Yes,N/A,N/A,N/A,4,N/A,6,N/A,N/A,N/A,10,N/A,N/A,13,4 10,N/A,6 10,4 13,N/A
4 6 10 12,0.0104872,25.8565,Yes,N/A,N/A,N/A,4,N/A,6,N/A,N/A,N/A,10,N/A,12,N/A,4 10,N/A,4 12,N/A,6 12
1 4 6 10 12 13,0.012918,29.4537,Yes,N/A,N/A,N/A,4,1 4,6,1 6,N/A,N/A,10,1 10,12,13,1 13,1 4 10,4 12,4 13,6 12
4 6 11 12 13,0.00594919,34.6481,Yes,N/A,N/A,N/A,4,N/A,6,N/A,N/A,N/A,4 6,11,12,13,N/A,4 11,4 12,4 13,6 12
1 4 6 10 11,0.0295224,20.125,Yes,N/A,N/A,N/A,4,1 4,6,1 6,N/A,N/A,10,11,1 11,N/A,4 10,4 11,6 10,6 11,1 6 11
4 6 10 11,0.0150543,23.75,Yes,N/A,N/A,N/A,4,N/A,6,N/A,N/A,N/A,10,11,N/A,N/A,4 10,4 11,6 10,6 11,N/A
1 4 6 10 11 13,0.0146927,28.1944,Yes,N/A,N/A,N/A,4,1 4,6,1 6,N/A,N/A,10,11,1 11,13,4 10,4 11,6 10,4 13,1 4 13
4 6 10 12 13,0.00443422,35.8009,Yes,N/A,N/A,N/A,4,N/A,6,N/A,N/A,N/A,10,N/A,12,13,4 10,N/A,6 10,4 13,6 12
1 4 6 10 11 12,0.0186604,26.7407,Yes,N/A,N/A,N/A,4,1 4,6,1 6,N/A,N/A,10,11,12,1 12,4 10,4 11,4 12,6 11,6 12
4 6 10 11 13,0.00583683,33.7176,Yes,N/A,N/A,N/A,4,N/A,6,N/A,N/A,N/A,10,11,N/A,13,4 10,4 11,6 10,4 13,N/A
4 6 10 11 12,0.00762116,31.9398,Yes,N/A,N/A,N/A,4,N/A,6,N/A,N/A,N/A,10,11,12,N/A,4 10,4 11,4 12,6 11,6 12
1 4 6 10 11 12 13,0.00962999,36.1574,Yes,N/A,N/A,N/A,4,1 4,6,1 6,N/A,N/A,10,11,12,13,1 13,4 11,4 12,6 11,6 12
1 4 6 9,0.0763329,10.0324,Yes,N/A,N/A,N/A,4,1 4,6,1 6,N/A,9,4 6,1 4 6,N/A,4 9,1 4 9,6 9,1 6 9,N/A,N/A
4 6 9,0.0396698,13.6111,Yes,N/A,N/A,N/A,4,N/A,6,N/A,N/A,9,4 6,N/A,N/A,4 9,N/A,6 9,N/A,N/A,N/A
1 4 6 9 13,0.0293155,20.0509,Yes,N/A,N/A,N/A,4,1 4,6,1 6,N/A,9,4 6,1 4 6,N/A,13,1 13,6 9,1 6 9,4 13,1 4 13
1 4 6 9 12,0.0410307,16.5694,Yes,N/A,N/A,N/A,4,1 4,6,1 6,N/A,9,4 6,1 4 6,12,1 12,1 4 9,6 9,4 12,1 4 12,6 12
4 6 9 13,0.0120335,25.3704,Yes,N/A,N/A,N/A,4,N/A,6,N/A,N/A,9,4 6,N/A,N/A,13,N/A,6 9,N/A,4 13,N/A
4 6 9 12,0.0182358,22.0741,Yes,N/A,N/A,N/A,4,N/A,6,N/A,N/A,9,4 6,N/A,12,4 9,N/A,6 9,4 12,N/A,6 12
1 4 6 9 12 13,0.0178781,26.2824,Yes,N/A,N/A,N/A,4,1 4,6,1 6,N/A,9,4 6,1 4 6,12,13,1 13,6 9,4 12,4 13,6 12
1 4 6 9 11,0.047762,15.0741,Yes,N/A,N/A,N/A,4,1 4,6,1 6,N/A,9,4 6,11,1 11,4 9,1 4 9,4 11,1 4 11,6 11,1 6 11
4 6 9 11,0.0212376,21.2824,Yes,N/A,N/A,N/A,4,N/A,6,N/A,N/A,9,4 6,11,N/A,4 9,N/A,4 11,N/A,6 11,N/A
1 4 6 9 11 13,0.0215116,24.3657,Yes,N/A,N/A,N/A,4,1 4,6,1 6,N/A,9,4 6,11,1 11,13,1 13,4 11,1 4 11,4 13,1 4 13
4 6 9 12 13,0.00673309,33.2639,Yes,N/A,N/A,N/A,4,N/A,6,N/A,N/A,9,4 6,N/A,12,13,N/A,6 9,4 12,4 13,6 12
1 4 6 9 11 12,0.0263888,22.7778,Yes,N/A,N/A,N/A,4,1 4,6,1 6,N/A,9,4 6,11,12,1 12,1 4 9,4 11,4 12,6 11,6 12
4 6 9 11 13,0.00722269,32.7824,Yes,N/A,N/A,N/A,4,N/A,6,N/A,N/A,9,4 6,11,N/A,13,N/A,4 11,N/A,4 13,N/A
4 6 9 11 12,0.0111636,28.5602,Yes,N/A,N/A,N/A,4,N/A,6,N/A,N/A,9,4 6,11,12,4 9,N/A,4 11,4 12,6 11,6 12
1 4 6 9 11 12 13,0.0136545,31.5046,Yes,N/A,N/A,N/A,4,1 4,6,1 6,N/A,9,4 6,11,12,13,1 13,4 11,4 12,4 13,6 12
4 6 10 11 12 13,0.00371224,40.8287,Yes,N/A,N/A,N/A,4,N/A,6,N/A,N/A,N/A,10,11,12,13,4 10,4 11,6 10,4 13,6 12
1 4 6 9 10,0.0441819,16.4213,Yes,N/A,N/A,N/A,4,1 4,6,1 6,N/A,9,10,1 10,N/A,4 9,4 10,6 9,6 10,1 6 10,N/A
4 6 9 10,0.0238385,20.7176,Yes,N/A,N/A,N/A,4,N/A,6,N/A,N/A,9,10,N/A,N/A,4 9,4 10,6 9,6 10,N/A,N/A
1 4 6 9 10 13,0.017925,26.662,Yes,N/A,N/A,N/A,4,1 4,6,1 6,N/A,9,10,1 10,N/A,13,1 13,6 9,6 10,4 13,1 4 13
1 4 6 9 10 12,0.0278865,21.4769,Yes,N/A,N/A,N/A,4,1 4,6,1 6,N/A,9,10,1 10,12,4 9,4 10,6 9,6 10,1 6 10,6 12
4 6 9 10 13,0.00767132,32.1389,Yes,N/A,N/A,N/A,4,N/A,6,N/A,N/A,9,10,N/A,N/A,13,4 10,6 9,6 10,4 13,N/A
4 6 9 10 12,0.0115115,28.6713,Yes,N/A,N/A,N/A,4,N/A,6,N/A,N/A,9,10,N/A,12,4 9,4 10,6 9,6 10,N/A,6 12
1 4 6 9 10 12 13,0.0129443,31.2269,Yes,N/A,N/A,N/A,4,1 4,6,1 6,N/A,9,10,1 10,12,13,1 13,6 9,4 12,4 13,6 12
4 6 9 11 12 13,0.00482777,39.1204,Yes,N/A,N/A,N/A,4,N/A,6,N/A,N/A,9,4 6,11,12,13,N/A,6 9,4 12,4 13,6 12
1 4 6 9 10 11,0.0314594,20.9306,Yes,N/A,N/A,N/A,4,1 4,6,1 6,N/A,9,10,11,1 11,4 9,4 10,4 11,6 10,6 11,1 6 11
4 6 9 10 11,0.0141549,27.2778,Yes,N/A,N/A,N/A,4,N/A,6,N/A,N/A,9,10,11,N/A,4 9,4 10,6 9,6 10,6 11,N/A
1 4 6 9 10 11 13,0.0150003,29.8565,Yes,N/A,N/A,N/A,4,1 4,6,1 6,N/A,9,10,11,1 11,13,4 10,4 11,6 10,4 13,1 4 13
4 6 9 10 12 13,0.00474971,39.4815,Yes,N/A,N/A,N/A,4,N/A,6,N/A,N/A,9,10,N/A,12,13,4 10,6 9,4 12,4 13,6 12
1 4 6 9 10 11 12,0.0198356,27.3148,Yes,N/A,N/A,N/A,4,1 4,6,1 6,N/A,9,10,11,12,1 12,4 10,4 11,6 10,6 11,6 12
4 6 9 10 11 13,0.00552718,38.3102,Yes,N/A,N/A,N/A,4,N/A,6,N/A,N/A,9,10,11,N/A,13,4 10,6 9,6 10,4 13,N/A
4 6 9 10 11 12,0.00837182,33.6019,Yes,N/A,N/A,N/A,4,N/A,6,N/A,N/A,9,10,11,12,4 9,4 10,6 9,6 10,6 11,6 12
1 4 6 9 10 11 12 13,0.0107258,36.1343,Yes,N/A,N/A,N/A,4,1 4,6,1 6,N/A,9,10,11,12,13,1 13,4 11,4 12,4 13,6 12
1 4 6 8,0.0922139,7.22685,Yes,N/A,N/A,N/A,4,1 4,6,1 6,8,1 8,4 6,1 4 6,4 8,1 4 8,6 8,1 6 8,N/A,N/A,4 6 8
4 6 8,0.041956,12.5093,Yes,N/A,N/A,N/A,4,N/A,6,N/A,8,N/A,4 6,N/A,4 8,N/A,6 8,N/A,N/A,N/A,4 6 8
1 4 6 8 13,0.036076,16.5278,Yes,N/A,N/A,N/A,4,1 4,6,1 6,8,1 8,4 6,1 4 6,4 8,13,1 13,1 6 8,N/A,4 13,1 4 13
1 4 6 8 12,0.0455256,14.412,Yes,N/A,N/A,N/A,4,1 4,6,1 6,8,1 8,4 6,1 4 6,12,1 12,6 8,1 6 8,4 12,1 4 12,6 12
4 6 8 13,0.0141276,22.625,Yes,N/A,N/A,N/A,4,N/A,6,N/A,8,N/A,4 6,N/A,4 8,13,6 8,N/A,N/A,4 13,4 6 8
4 6 8 12,0.0168608,22.6343,Yes,N/A,N/A,N/A,4,N/A,6,N/A,8,N/A,4 6,N/A,12,N/A,6 8,N/A,4 12,N/A,6 12
1 4 6 8 12 13,0.019364,23.838,Yes,N/A,N/A,N/A,4,1 4,6,1 6,8,1 8,4 6,1 4 6,12,13,1 13,1 6 8,4 12,4 13,6 12
1 4 6 8 11,0.0545471,12.9074,Yes,N/A,N/A,N/A,4,1 4,6,1 6,8,1 8,4 6,11,1 11,1 4 8,6 8,4 11,1 4 11,6 11,1 6 11
4 6 8 11,0.0262096,19.1852,Yes,N/A,N/A,N/A,4,N/A,6,N/A,8,N/A,4 6,11,4 8,N/A,6 8,4 11,N/A,6 11,4 6 8
1 4 6 8 11 13,0.0248669,21.1343,Yes,N/A,N/A,N/A,4,1 4,6,1 6,8,1 8,4 6,11,1 11,13,1 13,4 11,1 4 11,4 13,4 6 8
4 6 8 12 13,0.00697554,32.1713,Yes,N/A,N/A,N/A,4,N/A,6,N/A,8,N/A,4 6,N/A,12,13,6 8,N/A,4 12,4 13,6 12
1 4 6 8 11 12,0.0302855,19.9306,Yes,N/A,N/A,N/A,4,1 4,6,1 6,8,1 8,4 6,11,12,1 12,6 8,4 11,4 12,6 11,6 12
4 6 8 11 13,0.00980063,28.4815,Yes,N/A,N/A,N/A,4,N/A,6,N/A,8,N/A,4 6,11,4 8,13,6 8,4 11,N/A,4 13,4 6 8
4 6 8 11 12,0.0116077,28.5509,Yes,N/A,N/A,N/A,4,N/A,6,N/A,8,N/A,4 6,11,12,N/A,6 8,4 11,4 12,6 11,6 12
1 4 6 8 11 12 13,0.0149095,28.3102,Yes,N/A,N/A,N/A,4,1 4,6,1 6,8,1 8,4 6,11,12,13,1 13,4 11,4 12,4 13,6 12
1 4 6 8 10,0.0581533,12.1759,Yes,N/A,N/A,N/A,4,1 4,6,1 6,8,1 8,10,1 10,4 8,1 4 8,4 10,1 4 10,6 10,1 6 10,8 10
4 6 8 10,0.0237742,20.6157,Yes,N/A,N/A,N/A,4,N/A,6,N/A,8,N/A,10,N/A,4 8,N/A,4 10,N/A,6 10,N/A,8 10
1 4 6 8 10 13,0.0244532,20.838,Yes,N/A,N/A,N/A,4,1 4,6,1 6,8,1 8,10,1 10,4 8,13,1 13,1 4 10,6 10,4 13,8 10
1 4 6 8 10 12,0.0306533,19.1852,Yes,N/A,N/A,N/A,4,1 4,6,1 6,8,1 8,10,1 10,12,1 12,6 8,1 6 8,4 12,1 4 12,6 12
4 6 8 10 13,0.00896993,30.1991,Yes,N/A,N/A,N/A,4,N/A,6,N/A,8,N/A,10,N/A,4 8,13,4 10,N/A,6 10,4 13,8 10
4 6 8 10 12,0.00921779,31.0787,Yes,N/A,N/A,N/A,4,N/A,6,N/A,8,N/A,10,N/A,12,N/A,6 8,N/A,4 12,N/A,6 12
1 4 6 8 10 12 13,0.0147807,27.7176,Yes,N/A,N/A,N/A,4,1 4,6,1 6,8,1 8,10,1 10,12,13,6 8,1 6 8,4 12,4 13,6 12
4 6 8 11 12 13,0.00552827,36.8657,Yes,N/A,N/A,N/A,4,N/A,6,N/A,8,N/A,4 6,11,12,13,6 8,4 11,4 12,4 13,6 12
1 4 6 8 10 11,0.0361858,18.0648,Yes,N/A,N/A,N/A,4,1 4,6,1 6,8,1 8,10,11,1 11,1 4 8,4 10,4 11,6 10,6 11,8 10
4 6 8 10 11,0.0157037,26.3426,Yes,N/A,N/A,N/A,4,N/A,6,N/A,8,N/A,10,11,4 8,N/A,6 8,4 11,6 10,6 11,8 10
1 4 6 8 10 11 13,0.0184895,25.4491,Yes,N/A,N/A,N/A,4,1 4,6,1 6,8,1 8,10,11,4 8,13,4 10,4 11,6 10,4 13,8 10
4 6 8 10 12 13,0.00455234,40.162,Yes,N/A,N/A,N/A,4,N/A,6,N/A,8,N/A,10,N/A,12,13,6 8,N/A,4 12,4 13,6 12
1 4 6 8 10 11 12,0.0224702,23.8657,Yes,N/A,N/A,N/A,4,1 4,6,1 6,8,1 8,10,11,12,1 12,4 10,4 11,4 12,6 11,6 12
4 6 8 10 11 13,0.00712103,34.6898,Yes,N/A,N/A,N/A,4,N/A,6,N/A,8,N/A,10,11,4 8,13,6 8,4 11,6 10,6 11,8 10
4 6 8 10 11 12,0.00757787,35.9259,Yes,N/A,N/A,N/A,4,N/A,6,N/A,8,N/A,10,11,12,N/A,6 8,4 11,4 12,6 11,6 12
1 4 6 8 10 11 12 13,0.0123059,31.4167,Yes,N/A,N/A,N/A,4,1 4,6,1 6,8,1 8,10,11,12,13,4 10,4 11,4 12,4 13,6 12
4 6 9 10 11 12 13,0.00401623,43.6574,Yes,N/A,N/A,N/A,4,N/A,6,N/A,N/A,9,10,11,12,13,4 10,6 9,4 12,4 13,6 12
1 4 6 8 9,0.0704241,10.9722,Yes,N/A,N/A,N/A,4,1 4,6,1 6,8,9,1 9,1 4 6,4 8,4 9,6 8,6 9,1 6 9,8 9,4 6 8
4 6 8 9,0.044822,15.9352,Yes,N/A,N/A,N/A,4,N/A,6,N/A,8,9,4 6,N/A,4 8,4 9,6 8,6 9,N/A,8 9,4 6 8
1 4 6 8 9 13,0.0286648,19.9167,Yes,N/A,N/A,N/A,4,1 4,6,1 6,8,9,1 9,1 4 6,4 8,13,1 13,6 9,1 6 9,4 13,4 6 8
1 4 6 8 9 12,0.036808,17.9167,Yes,N/A,N/A,N/A,4,1 4,6,1 6,8,9,4 6,1 4 6,12,1 12,6 8,6 9,4 12,8 9,6 12
4 6 8 9 13,0.0130722,26.838,Yes,N/A,N/A,N/A,4,N/A,6,N/A,8,9,4 6,N/A,4 8,13,6 8,6 9,N/A,4 13,4 6 8
4 6 8 9 12,0.0175495,24.8935,Yes,N/A,N/A,N/A,4,N/A,6,N/A,8,9,4 6,N/A,12,4 9,6 8,6 9,4 12,8 9,6 12
1 4 6 8 9 12 13,0.0167855,27.0278,Yes,N/A,N/A,N/A,4,1 4,6,1 6,8,9,4 6,1 4 6,12,13,1 13,6 9,4 12,4 13,6 12
1 4 6 8 9 11,0.0475101,15.4537,Yes,N/A,N/A,N/A,4,1 4,6,1 6,8,9,1 9,11,1 11,4 9,6 8,6 9,1 6 9,6 11,4 6 8
4 6 8 9 11,0.02295,21.9954,Yes,N/A,N/A,N/A,4,N/A,6,N/A,8,9,4 6,11,4 8,4 9,6 8,6 9,N/A,6 11,4 6 8
1 4 6 8 9 11 13,0.0224077,23.4444,Yes,N/A,N/A,N/A,4,1 4,6,1 6,8,9,4 6,11,4 8,13,1 13,6 9,1 6 9,4 13,4 6 8
4 6 8 9 12 13,0.00669464,35.5185,Yes,N/A,N/A,N/A,4,N/A,6,N/A,8,9,4 6,N/A,12,13,6 8,6 9,4 12,4 13,6 12
1 4 6 8 9 11 12,0.0268089,21.9722,Yes,N/A,N/A,N/A,4,1 4,6,1 6,8,9,1 9,11,12,1 12,6 8,4 11,4 12,6 11,6 12
4 6 8 9 11 13,0.00870606,32.0602,Yes,N/A,N/A,N/A,4,N/A,6,N/A,8,9,4 6,11,4 8,13,6 8,6 9,N/A,4 13,4 6 8
4 6 8 9 11 12,0.0115008,29.4954,Yes,N/A,N/A,N/A,4,N/A,6,N/A,8,9,4 6,11,12,4 9,6 8,4 11,4 12,8 9,6 12
1 4 6 8 9 11 12 13,0.0141482,29.9074,Yes,N/A,N/A,N/A,4,1 4,6,1 6,8,9,1 9,11,12,13,1 13,4 11,4 12,4 13,6 12
4 6 8 10 11 12 13,0.00425188,43.125,Yes,N/A,N/A,N/A,4,N/A,6,N/A,8,N/A,10,11,12,13,6 8,4 11,4 12,4 13,6 12
1 4 6 8 9 10,0.0519464,14.6898,Yes,N/A,N/A,N/A,4,1 4,6,1 6,8,9,10,1 10,4 8,4 9,6 8,6 9,6 10,8 9,8 10
4 6 8 9 10,0.0238985,22.5694,Yes,N/A,N/A,N/A,4,N/A,6,N/A,8,9,10,N/A,4 8,4 9,6 8,6 9,6 10,8 9,8 10
1 4 6 8 9 10 13,0.0231628,23.1806,Yes,N/A,N/A,N/A,4,1 4,6,1 6,8,9,10,1 10,4 8,13,1 13,6 9,6 10,4 13,8 10
1 4 6 8 9 10 12,0.0299128,20.5509,Yes,N/A,N/A,N/A,4,1 4,6,1 6,8,9,10,1 10,12,4 9,6 8,6 9,4 12,8 9,6 12
4 6 8 9 10 13,0.00886371,33.2037,Yes,N/A,N/A,N/A,4,N/A,6,N/A,8,9,10,N/A,4 8,13,4 10,6 9,6 10,4 13,8 10
4 6 8 9 10 12,0.0111201,31.5741,Yes,N/A,N/A,N/A,4,N/A,6,N/A,8,9,10,N/A,12,4 9,6 8,6 9,4 12,8 9,6 12
1 4 6 8 9 10 12 13,0.0148069,29.4259,Yes,N/A,N/A,N/A,4,1 4,6,1 6,8,9,10,1 10,12,13,1 13,6 9,4 12,4 13,6 12
4 6 8 9 11 12 13,0.00538374,39.0417,Yes,N/A,N/A,N/A,4,N/A,6,N/A,8,9,4 6,11,12,13,6 8,4 11,4 12,4 13,6 12
1 4 6 8 9 10 11,0.034798,19.2917,Yes,N/A,N/A,N/A,4,1 4,6,1 6,8,9,10,11,1 11,4 9,4 10,6 9,6 10,6 11,8 10
4 6 8 9 10 11,0.0154825,27.1157,Yes,N/A,N/A,N/A,4,N/A,6,N/A,8,9,10,11,4 8,4 9,6 8,6 9,6 10,6 11,8 10
1 4 6 8 9 10 11 13,0.0184463,26.6481,Yes,N/A,N/A,N/A,4,1 4,6,1 6,8,9,10,11,4 8,13,4 10,6 9,6 10,4 13,8 10
4 6 8 9 10 12 13,0.00503195,41.9352,Yes,N/A,N/A,N/A,4,N/A,6,N/A,8,9,10,N/A,12,13,4 10,6 9,4 12,4 13,6 12
1 4 6 8 9 10 11 12,0.0223433,24.5463,Yes,N/A,N/A,N/A,4,1 4,6,1 6,8,9,10,11,12,4 9,4 10,4 11,4 12,6 11,6 12
4 6 8 9 10 11 13,0.00707637,36.6204,Yes,N/A,N/A,N/A,4,N/A,6,N/A,8,9,10,11,4 8,13,6 8,6 9,6 10,4 13,8 10
4 6 8 9 10 11 12,0.00875137,34.5324,Yes,N/A,N/A,N/A,4,N/A,6,N/A,8,9,10,11,12,4 9,6 8,4 11,4 12,6 11,6 12
1 4 6 8 9 10 11 12 13,0.0130432,31.6204,Yes,N/A,N/A,N/A,4,1 4,6,1 6,8,9,10,11,12,13,4 10,4 11,4 12,4 13,6 12
4 7 8 9 10 11 12 13,0.00426269,43.4028,Yes,N/A,N/A,N/A,4,N/A,N/A,7,8,9,10,11,12,13,4 10,7 8,7 9,4 13,7 11
1 4 6 7,0.0730872,8.16667,Yes,N/A,N/A,N/A,4,1 4,6,7,1 7,N/A,4 6,4 7,1 4 7,6 7,1 6 7,N/A,N/A,4 6 7,1 4 6 7
4 6 7,0.0457926,11.4352,Yes,N/A,N/A,N/A,4,N/A,6,7,N/A,N/A,4 6,4 7,N/A,6 7,N/A,N/A,N/A,4 6 7,N/A
1 4 6 7 13,0.0286427,18.338,Yes,N/A,N/A,N/A,4,1 4,6,7,1 7,N/A,4 6,4 7,1 4 7,13,1 13,N/A,N/A,4 13,1 4 13
1 4 6 7 12,0.0396198,16.2083,Yes,N/A,N/A,N/A,4,1 4,6,7,1 7,N/A,4 6,4 7,12,1 12,1 6 7,N/A,4 12,1 4 12,6 12
4 6 7 13,0.011906,23.3796,Yes,N/A,N/A,N/A,4,N/A,6,7,N/A,N/A,4 6,4 7,N/A,13,N/A,N/A,N/A,4 13,N/A
4 6 7 12,0.021445,19.7593,Yes,N/A,N/A,N/A,4,N/A,6,7,N/A,N/A,4 6,4 7,12,6 7,N/A,N/A,4 12,4 6 7,6 12
1 4 6 7 12 13,0.0165295,26.3565,Yes,N/A,N/A,N/A,4,1 4,6,7,1 7,N/A,4 6,4 7,12,13,1 13,N/A,4 12,4 13,6 12
1 4 6 7 11,0.0498537,14.1296,Yes,N/A,N/A,N/A,4,1 4,6,7,1 7,N/A,4 6,11,1 11,6 7,1 6 7,4 11,1 4 11,6 11,7 11
4 6 7 11,0.0244502,20.0833,Yes,N/A,N/A,N/A,4,N/A,6,7,N/A,N/A,4 6,11,N/A,6 7,N/A,4 11,N/A,6 11,7 11
1 4 6 7 11 13,0.0202561,23.7731,Yes,N/A,N/A,N/A,4,1 4,6,7,1 7,N/A,4 6,11,1 11,13,1 13,4 11,1 4 11,4 13,7 11
4 6 7 12 13,0.00658237,31.2546,Yes,N/A,N/A,N/A,4,N/A,6,7,N/A,N/A,4 6,4 7,12,13,N/A,N/A,4 12,4 13,6 12
1 4 6 7 11 12,0.0260719,22.4537,Yes,N/A,N/A,N/A,4,1 4,6,7,1 7,N/A,4 6,11,12,1 12,1 6 7,4 11,4 12,6 11,7 11
4 6 7 11 13,0.00686801,31.8565,Yes,N/A,N/A,N/A,4,N/A,6,7,N/A,N/A,4 6,11,N/A,13,N/A,4 11,N/A,4 13,7 11
4 6 7 11 12,0.0124616,27.6343,Yes,N/A,N/A,N/A,4,N/A,6,7,N/A,N/A,4 6,11,12,6 7,N/A,4 11,4 12,6 11,7 11
1 4 6 7 11 12 13,0.0122288,31.625,Yes,N/A,N/A,N/A,4,1 4,6,7,1 7,N/A,4 6,11,12,13,1 13,4 11,4 12,4 13,6 12
1 4 6 7 10,0.055748,13.3472,Yes,N/A,N/A,N/A,4,1 4,6,7,1 7,N/A,10,1 10,1 4 7,6 7,4 10,1 4 10,6 10,7 10,1 7 10
4 6 7 10,0.0342159,18.3056,Yes,N/A,N/A,N/A,4,N/A,6,7,N/A,N/A,10,4 7,N/A,6 7,4 10,N/A,6 10,7 10,N/A
1 4 6 7 10 13,0.0217165,23.3102,Yes,N/A,N/A,N/A,4,1 4,6,7,1 7,N/A,10,4 7,1 4 7,13,1 13,1 4 10,6 10,4 13,1 4 13
1 4 6 7 10 12,0.0305054,20.7593,Yes,N/A,N/A,N/A,4,1 4,6,7,1 7,N/A,10,1 10,12,6 7,4 10,1 4 10,4 12,7 10,6 12
4 6 7 10 13,0.00914209,30.1019,Yes,N/A,N/A,N/A,4,N/A,6,7,N/A,N/A,10,4 7,N/A,13,4 10,N/A,6 10,4 13,N/A
4 6 7 10 12,0.0154072,26.0694,Yes,N/A,N/A,N/A,4,N/A,6,7,N/A,N/A,10,4 7,12,6 7,4 10,N/A,4 12,7 10,6 12
1 4 6 7 10 12 13,0.0133645,30.5185,Yes,N/A,N/A,N/A,4,1 4,6,7,1 7,N/A,10,4 7,12,13,1 13,1 4 10,4 12,4 13,6 12
4 6 7 11 12 13,0.00434134,38.8102,Yes,N/A,N/A,N/A,4,N/A,6,7,N/A,N/A,4 6,11,12,13,N/A,4 11,4 12,4 13,7 11
1 4 6 7 10 11,0.036759,19.6435,Yes,N/A,N/A,N/A,4,1 4,6,7,1 7,N/A,10,11,1 11,6 7,4 10,4 11,6 10,6 11,7 11
4 6 7 10 11,0.0169919,26.3241,Yes,N/A,N/A,N/A,4,N/A,6,7,N/A,N/A,10,11,N/A,6 7,4 10,4 11,6 10,6 11,7 11
1 4 6 7 10 11 13,0.0155769,29.1991,Yes,N/A,N/A,N/A,4,1 4,6,7,1 7,N/A,10,11,1 11,13,1 13,4 11,6 10,4 13,7 11
4 6 7 10 12 13,0.00533348,37.3565,Yes,N/A,N/A,N/A,4,N/A,6,7,N/A,N/A,10,4 7,12,13,4 10,N/A,6 10,4 13,6 12
1 4 6 7 10 11 12,0.0212931,26.9907,Yes,N/A,N/A,N/A,4,1 4,6,7,1 7,N/A,10,11,12,6 7,4 10,4 11,4 12,6 11,6 12
4 6 7 10 11 13,0.00544598,37.7963,Yes,N/A,N/A,N/A,4,N/A,6,7,N/A,N/A,10,11,N/A,13,4 10,4 11,6 10,4 13,7 11
4 6 7 10 11 12,0.00965942,33.0926,Yes,N/A,N/A,N/A,4,N/A,6,7,N/A,N/A,10,11,12,6 7,4 10,4 11,4 12,6 11,6 12
1 4 6 7 10 11 12 13,0.0104564,36.1898,Yes,N/A,N/A,N/A,4,1 4,6,7,1 7,N/A,10,11,12,13,1 13,4 11,4 12,6 11,6 12
1 4 6 7 9,0.0744072,10.2639,Yes,N/A,N/A,N/A,4,1 4,6,7,1 7,9,1 9,4 7,1 4 7,6 7,1 4 9,6 9,7 9,4 6 7,1 4 6 7
4 6 7 9,0.0442323,16.1852,Yes,N/A,N/A,N/A,4,N/A,6,7,N/A,9,4 6,4 7,N/A,4 9,N/A,6 9,7 9,4 6 7,N/A
1 4 6 7 9 13,0.0310118,19.3704,Yes,N/A,N/A,N/A,4,1 4,6,7,1 7,9,4 6,4 7,1 4 7,13,1 13,6 9,7 9,4 13,1 4 13
1 4 6 7 9 12,0.0392219,16.9537,Yes,N/A,N/A,N/A,4,1 4,6,7,1 7,9,1 9,4 7,12,1 12,1 6 7,6 9,4 12,4 6 7,6 12
4 6 7 9 13,0.0123869,27.5231,Yes,N/A,N/A,N/A,4,N/A,6,7,N/A,9,4 6,4 7,N/A,13,N/A,6 9,7 9,4 13,N/A
4 6 7 9 12,0.019267,23.6204,Yes,N/A,N/A,N/A,4,N/A,6,7,N/A,9,4 6,4 7,12,6 7,N/A,6 9,4 12,4 6 7,6 12
1 4 6 7 9 12 13,0.0188003,25.588,Yes,N/A,N/A,N/A,4,1 4,6,7,1 7,9,4 6,4 7,12,13,1 13,6 9,7 9,4 13,6 12
1 4 6 7 9 11,0.0487183,15.3241,Yes,N/A,N/A,N/A,4,1 4,6,7,1 7,9,4 6,11,1 11,6 7,1 6 7,4 11,7 9,6 11,7 11
4 6 7 9 11,0.0194662,24.7593,Yes,N/A,N/A,N/A,4,N/A,6,7,N/A,9,4 6,11,N/A,6 7,N/A,4 11,7 9,6 11,7 11
1 4 6 7 9 11 13,0.021554,23.8611,Yes,N/A,N/A,N/A,4,1 4,6,7,1 7,9,4 6,11,1 11,13,1 13,6 9,7 9,4 13,7 11
4 6 7 9 12 13,0.00698344,34.412,Yes,N/A,N/A,N/A,4,N/A,6,7,N/A,9,4 6,4 7,12,13,N/A,6 9,7 9,4 13,6 12
1 4 6 7 9 11 12,0.027386,21.8519,Yes,N/A,N/A,N/A,4,1 4,6,7,1 7,9,4 6,11,12,6 7,1 6 7,4 11,4 12,6 11,6 12
4 6 7 9 11 13,0.00654033,35.9722,Yes,N/A,N/A,N/A,4,N/A,6,7,N/A,9,4 6,11,N/A,13,N/A,4 11,7 9,4 13,7 11
4 6 7 9 11 12,0.0108391,31.1019,Yes,N/A,N/A,N/A,4,N/A,6,7,N/A,9,4 6,11,12,6 7,N/A,4 11,4 12,6 11,7 11
1 4 6 7 9 11 12 13,0.0141255,29.787,Yes,N/A,N/A,N/A,4,1 4,6,7,1 7,9,4 6,11,12,13,1 13,4 11,4 12,4 13,6 12
4 6 7 10 11 12 13,0.0037968,43.8657,Yes,N/A,N/A,N/A,4,N/A,6,7,N/A,N/A,10,11,12,13,4 10,4 11,6 10,6 11,6 12
1 4 6 7 9 10,0.0509302,15.0741,Yes,N/A,N/A,N/A,4,1 4,6,7,1 7,9,10,1 10,1 4 7,4 9,4 10,6 9,6 10,7 10,1 7 10
4 6 7 9 10,0.0254573,22.1991,Yes,N/A,N/A,N/A,4,N/A,6,7,N/A,9,10,4 7,N/A,6 7,4 10,6 9,6 10,7 10,N/A
1 4 6 7 9 10 13,0.0223976,24.1389,Yes,N/A,N/A,N/A,4,1 4,6,7,1 7,9,10,4 7,1 4 7,13,1 13,6 9,6 10,4 13,1 4 13
1 4 6 7 9 10 12,0.0310174,20.338,Yes,N/A,N/A,N/A,4,1 4,6,7,1 7,9,10,1 10,12,6 7,4 10,6 9,6 10,7 10,6 12
4 6 7 9 10 13,0.00859548,33.5139,Yes,N/A,N/A,N/A,4,N/A,6,7,N/A,9,10,4 7,N/A,13,4 10,6 9,6 10,4 13,N/A
4 6 7 9 10 12,0.0138217,28.213,Yes,N/A,N/A,N/A,4,N/A,6,7,N/A,9,10,4 7,12,6 7,4 10,6 9,4 12,7 10,6 12
1 4 6 7 9 10 12 13,0.0157111,28.7963,Yes,N/A,N/A,N/A,4,1 4,6,7,1 7,9,10,4 7,12,13,1 13,6 9,6 10,4 13,6 12
4 6 7 9 11 12 13,0.00451484,41.6991,Yes,N/A,N/A,N/A,4,N/A,6,7,N/A,9,4 6,11,12,13,N/A,6 9,7 9,4 13,7 11
1 4 6 7 9 10 11,0.0353042,19.3241,Yes,N/A,N/A,N/A,4,1 4,6,7,1 7,9,10,11,1 11,4 9,4 10,4 11,6 10,6 11,7 11
4 6 7 9 10 11,0.0139543,29.8935,Yes,N/A,N/A,N/A,4,N/A,6,7,N/A,9,10,11,N/A,6 7,4 10,4 11,6 10,6 11,7 11
1 4 6 7 9 10 11 13,0.0170609,27.9167,Yes,N/A,N/A,N/A,4,1 4,6,7,1 7,9,10,11,1 11,13,4 10,6 9,6 10,4 13,7 11
4 6 7 9 10 12 13,0.00575641,38.6065,Yes,N/A,N/A,N/A,4,N/A,6,7,N/A,9,10,4 7,12,13,4 10,6 9,6 10,4 13,6 12
1 4 6 7 9 10 11 12,0.0230691,24.7593,Yes,N/A,N/A,N/A,4,1 4,6,7,1 7,9,10,11,12,6 7,4 10,4 11,4 12,6 11,6 12
4 6 7 9 10 11 13,0.00542736,40.8611,Yes,N/A,N/A,N/A,4,N/A,6,7,N/A,9,10,11,N/A,13,4 10,6 9,7 9,4 13,7 11
4 6 7 9 10 11 12,0.0091557,34.5833,Yes,N/A,N/A,N/A,4,N/A,6,7,N/A,9,10,11,12,6 7,4 10,4 11,4 12,6 11,6 12
1 4 6 7 9 10 11 12 13,0.0126562,32.3843,Yes,N/A,N/A,N/A,4,1 4,6,7,1 7,9,10,11,12,13,1 13,4 11,4 12,4 13,6 12
4 6 8 9 10 11 12 13,0.0047382,43.2315,Yes,N/A,N/A,N/A,4,N/A,6,N/A,8,9,10,11,12,13,6 8,4 11,4 12,4 13,6 12
1 4 6 7 8,0.0891166,9.36111,Yes,N/A,N/A,N/A,4,1 4,6,7,8,1 8,4 6,4 7,4 8,6 7,6 8,7 8,1 7 8,4 6 7,4 6 8
4 6 7 8,0.0669284,13.1389,Yes,N/A,N/A,N/A,4,N/A,6,7,8,N/A,4 6,4 7,4 8,6 7,6 8,7 8,N/A,4 6 7,4 6 8
1 4 6 7 8 13,0.0343464,18.5,Yes,N/A,N/A,N/A,4,1 4,6,7,8,1 8,4 6,4 7,4 8,13,1 13,7 8,1 7 8,4 13,1 4 13
1 4 6 7 8 12,0.0466421,15.8472,Yes,N/A,N/A,N/A,4,1 4,6,7,8,1 8,4 6,4 7,12,1 12,6 8,7 8,4 12,1 4 12,6 12
4 6 7 8 13,0.0179611,23.9306,Yes,N/A,N/A,N/A,4,N/A,6,7,8,N/A,4 6,4 7,4 8,13,6 8,7 8,N/A,4 13,4 6 8
4 6 7 8 12,0.0235433,21.8287,Yes,N/A,N/A,N/A,4,N/A,6,7,8,N/A,4 6,4 7,12,6 7,6 8,7 8,4 12,4 6 7,6 12
1 4 6 7 8 12 13,0.0198122,24.9306,Yes,N/A,N/A,N/A,4,1 4,6,7,8,1 8,4 6,4 7,12,13,1 13,7 8,4 12,4 13,6 12
1 4 6 7 8 11,0.0521645,14.875,Yes,N/A,N/A,N/A,4,1 4,6,7,8,1 8,4 6,11,1 11,6 7,6 8,7 8,1 4 11,6 11,7 11
4 6 7 8 11,0.0268617,21.2639,Yes,N/A,N/A,N/A,4,N/A,6,7,8,N/A,4 6,11,4 8,6 7,6 8,4 11,N/A,6 11,7 11
1 4 6 7 8 11 13,0.0231717,23.0787,Yes,N/A,N/A,N/A,4,1 4,6,7,8,1 8,4 6,11,1 11,13,1 13,7 8,1 7 8,4 13,7 11
4 6 7 8 12 13,0.00888306,31.9306,Yes,N/A,N/A,N/A,4,N/A,6,7,8,N/A,4 6,4 7,12,13,6 8,7 8,4 12,4 13,6 12
1 4 6 7 8 11 12,0.0286284,21.4537,Yes,N/A,N/A,N/A,4,1 4,6,7,8,1 8,4 6,11,12,1 12,6 8,7 8,4 12,6 11,7 11
4 6 7 8 11 13,0.00921684,31.6898,Yes,N/A,N/A,N/A,4,N/A,6,7,8,N/A,4 6,11,4 8,13,6 8,7 8,N/A,4 13,7 11
4 6 7 8 11 12,0.0123707,29.213,Yes,N/A,N/A,N/A,4,N/A,6,7,8,N/A,4 6,11,12,6 7,6 8,4 11,4 12,6 11,7 11
1 4 6 7 8 11 12 13,0.0145426,29.625,Yes,N/A,N/A,N/A,4,1 4,6,7,8,1 8,4 6,11,12,13,1 13,7 8,4 12,4 13,7 11
1 4 6 7 8 10,0.0640745,13.0556,Yes,N/A,N/A,N/A,4,1 4,6,7,8,1 8,10,1 10,4 8,6 7,6 8,7 8,6 10,7 10,8 10
4 6 7 8 10,0.0317007,19.4491,Yes,N/A,N/A,N/A,4,N/A,6,7,8,N/A,10,4 7,4 8,6 7,4 10,7 8,6 10,7 10,8 10
1 4 6 7 8 10 13,0.025836,22.0139,Yes,N/A,N/A,N/A,4,1 4,6,7,8,1 8,10,1 10,4 8,13,1 13,7 8,6 10,7 10,8 10
1 4 6 7 8 10 12,0.0354889,18.8472,Yes,N/A,N/A,N/A,4,1 4,6,7,8,1 8,10,4 7,12,6 7,6 8,7 8,4 12,7 10,6 12
4 6 7 8 10 13,0.0111569,29.7315,Yes,N/A,N/A,N/A,4,N/A,6,7,8,N/A,10,4 7,4 8,13,6 8,7 8,6 10,4 13,8 10
4 6 7 8 10 12,0.0142188,27.9444,Yes,N/A,N/A,N/A,4,N/A,6,7,8,N/A,10,4 7,12,6 7,4 10,7 8,4 12,7 10,6 12
1 4 6 7 8 10 12 13,0.0167904,27.5,Yes,N/A,N/A,N/A,4,1 4,6,7,8,1 8,10,4 7,12,13,1 13,7 8,4 12,4 13,6 12
4 6 7 8 11 12 13,0.00557518,38.7361,Yes,N/A,N/A,N/A,4,N/A,6,7,8,N/A,4 6,11,12,13,6 8,7 8,4 12,4 13,6 12
1 4 6 7 8 10 11,0.0389876,18.4028,Yes,N/A,N/A,N/A,4,1 4,6,7,8,1 8,10,11,1 11,6 7,4 10,4 11,6 10,7 10,7 11
4 6 7 8 10 11,0.0173621,26.5833,Yes,N/A,N/A,N/A,4,N/A,6,7,8,N/A,10,11,4 8,6 7,4 10,4 11,6 10,6 11,7 11
1 4 6 7 8 10 11 13,0.0185309,26.7593,Yes,N/A,N/A,N/A,4,1 4,6,7,8,1 8,10,11,1 11,13,1 13,4 11,6 10,4 13,7 11
4 6 7 8 10 12 13,0.00646116,37.4491,Yes,N/A,N/A,N/A,4,N/A,6,7,8,N/A,10,4 7,12,13,6 8,7 8,4 12,4 13,6 12
1 4 6 7 8 10 11 12,0.0244088,23.9306,Yes,N/A,N/A,N/A,4,1 4,6,7,8,1 8,10,11,12,6 7,4 10,4 11,4 12,6 11,7 11
4 6 7 8 10 11 13,0.00706694,36.5787,Yes,N/A,N/A,N/A,4,N/A,6,7,8,N/A,10,11,4 8,13,6 8,4 11,6 10,6 11,7 11
4 6 7 8 10 11 12,0.00942529,34.375,Yes,N/A,N/A,N/A,4,N/A,6,7,8,N/A,10,11,12,6 7,4 10,4 11,4 12,6 11,6 12
1 4 6 7 8 10 11 12 13,0.0131748,31.7222,Yes,N/A,N/A,N/A,4,1 4,6,7,8,1 8,10,11,12,13,1 13,4 11,4 12,4 13,6 12
4 6 7 9 10 11 12 13,0.00427205,44.5185,Yes,N/A,N/A,N/A,4,N/A,6,7,N/A,9,10,11,12,13,4 10,6 9,7 9,4 13,6 12
1 4 6 7 8 9,0.070838,11.8056,Yes,N/A,N/A,N/A,4,1 4,6,7,8,9,1 9,4 7,4 8,6 7,6 8,6 9,7 9,8 9,1 8 9
4 6 7 8 9,0.038052,16.338,Yes,N/A,N/A,N/A,4,N/A,6,7,8,9,4 6,4 7,4 8,4 9,6 8,6 9,7 9,8 9,4 6 8
1 4 6 7 8 9 13,0.0301979,20.1944,Yes,N/A,N/A,N/A,4,1 4,6,7,8,9,1 9,4 7,4 8,13,1 13,6 9,7 9,4 13,1 4 13
1 4 6 7 8 9 12,0.0392315,17.3056,Yes,N/A,N/A,N/A,4,1 4,6,7,8,9,1 9,4 7,12,1 12,6 8,7 8,7 9,8 9,6 12
4 6 7 8 9 13,0.0135755,26.2778,Yes,N/A,N/A,N/A,4,N/A,6,7,8,9,4 6,4 7,4 8,13,6 8,6 9,7 9,4 13,4 6 8
4 6 7 8 9 12,0.0178857,24.0324,Yes,N/A,N/A,N/A,4,N/A,6,7,8,9,4 6,4 7,12,4 9,6 8,7 8,4 12,8 9,6 12
1 4 6 7 8 9 12 13,0.0191652,25.8981,Yes,N/A,N/A,N/A,4,1 4,6,7,8,9,1 9,4 7,12,13,1 13,7 8,7 9,4 13,6 12
1 4 6 7 8 9 11,0.0459446,15.912,Yes,N/A,N/A,N/A,4,1 4,6,7,8,9,1 9,11,1 11,6 7,6 8,7 8,7 9,6 11,7 11
4 6 7 8 9 11,0.0210727,22.9213,Yes,N/A,N/A,N/A,4,N/A,6,7,8,9,4 6,11,4 8,6 7,6 8,4 11,7 9,6 11,7 11
1 4 6 7 8 9 11 13,0.0226481,23.5139,Yes,N/A,N/A,N/A,4,1 4,6,7,8,9,4 6,11,1 11,13,1 13,7 8,7 9,4 13,7 11
4 6 7 8 9 12 13,0.00790172,33.5324,Yes,N/A,N/A,N/A,4,N/A,6,7,8,9,4 6,4 7,12,13,6 8,6 9,4 12,4 13,6 12
1 4 6 7 8 9 11 12,0.0272902,21.8194,Yes,N/A,N/A,N/A,4,1 4,6,7,8,9,1 9,11,12,1 12,6 8,7 8,7 9,6 11,7 11
4 6 7 8 9 11 13,0.00858623,32.6111,Yes,N/A,N/A,N/A,4,N/A,6,7,8,9,4 6,11,4 8,13,6 8,4 11,7 9,4 13,7 11
4 6 7 8 9 11 12,0.0113986,29.912,Yes,N/A,N/A,N/A,4,N/A,6,7,8,9,4 6,11,12,4 9,6 8,7 8,4 12,6 11,7 11
1 4 6 7 8 9 11 12 13,0.015612,28.7917,Yes,N/A,N/A,N/A,4,1 4,6,7,8,9,4 6,11,12,13,1 13,7 8,7 9,4 13,6 12
4 6 7 8 10 11 12 13,0.00476022,43.5787,Yes,N/A,N/A,N/A,4,N/A,6,7,8,N/A,10,11,12,13,6 8,4 11,4 12,4 13,6 12
1 4 6 7 8 9 10,0.0512432,15.0463,Yes,N/A,N/A,N/A,4,1 4,6,7,8,9,10,1 10,4 8,6 7,6 8,6 9,6 10,7 10,8 10
4 6 7 8 9 10,0.0251326,21.1065,Yes,N/A,N/A,N/A,4,N/A,6,7,8,9,10,4 7,4 8,6 7,6 8,6 9,6 10,7 10,8 10
1 4 6 7 8 9 10 13,0.0244166,23.1296,Yes,N/A,N/A,N/A,4,1 4,6,7,8,9,10,1 10,4 8,13,1 13,6 9,7 9,7 10,8 10
1 4 6 7 8 9 10 12,0.0316721,19.9722,Yes,N/A,N/A,N/A,4,1 4,6,7,8,9,10,1 10,12,1 12,6 8,6 9,6 10,7 10,6 12
4 6 7 8 9 10 13,0.010322,30.8796,Yes,N/A,N/A,N/A,4,N/A,6,7,8,9,10,4 7,4 8,13,6 8,6 9,6 10,7 10,8 10
4 6 7 8 9 10 12,0.0134768,28.0926,Yes,N/A,N/A,N/A,4,N/A,6,7,8,9,10,4 7,12,4 9,6 8,6 9,6 10,7 10,6 12
1 4 6 7 8 9 10 12 13,0.0174201,27.3102,Yes,N/A,N/A,N/A,4,1 4,6,7,8,9,10,4 7,12,13,1 13,6 9,7 9,4 13,6 12
4 6 7 8 9 11 12 13,0.00580258,38.5602,Yes,N/A,N/A,N/A,4,N/A,6,7,8,9,4 6,11,12,13,6 8,7 8,7 9,4 13,7 11
1 4 6 7 8 9 10 11,0.0356705,18.9444,Yes,N/A,N/A,N/A,4,1 4,6,7,8,9,10,11,1 11,4 9,6 8,6 9,6 10,7 10,7 11
4 6 7 8 9 10 11,0.0157589,26.7546,Yes,N/A,N/A,N/A,4,N/A,6,7,8,9,10,11,4 8,6 7,6 8,4 11,6 10,6 11,7 11
1 4 6 7 8 9 10 11 13,0.0194267,25.8009,Yes,N/A,N/A,N/A,4,1 4,6,7,8,9,10,11,1 11,13,1 13,6 9,7 9,7 10,7 11
4 6 7 8 9 10 12 13,0.00681721,36.7917,Yes,N/A,N/A,N/A,4,N/A,6,7,8,9,10,4 7,12,13,6 8,6 9,6 10,4 13,6 12
1 4 6 7 8 9 10 11 12,0.0241179,23.2269,Yes,N/A,N/A,N/A,4,1 4,6,7,8,9,10,11,12,1 12,4 10,4 11,7 9,7 10,7 11
4 6 7 8 9 10 11 13,0.00746585,35.9213,Yes,N/A,N/A,N/A,4,N/A,6,7,8,9,10,11,4 8,13,6 8,6 9,7 9,6 11,7 11
4 6 7 8 9 10 11 12,0.00988998,32.625,Yes,N/A,N/A,N/A,4,N/A,6,7,8,9,10,11,12,6 7,4 10,4 11,4 12,6 11,6 12
1 4 6 7 8 9 10 11 12 13,0.0148691,29.6991,Yes,N/A,N/A,N/A,4,1 4,6,7,8,9,10,11,12,13,1 13,4 11,4 12,4 13,6 12
5 6 7 8 9 10 11 12 13,0.00468966,41.963,Yes,N/A,N/A,N/A,N/A,5,6,7,8,9,10,11,12,13,6 8,5 10,5 11,5 12,5 13
1 4 5,0.146476,7.03241,Yes,N/A,N/A,N/A,4,5,1 5,N/A,N/A,4 5,1 4 5,N/A,N/A,N/A,N/A,N/A,N/A,N/A,N/A
4 5,0.116512,7.72222,Yes,N/A,N/A,N/A,4,5,N/A,N/A,N/A,4 5,N/A,N/A,N/A,N/A,N/A,N/A,N/A,N/A,N/A
1 4 5 13,0.0466232,16.375,Yes,N/A,N/A,N/A,4,5,1 5,N/A,N/A,4 5,1 4 5,N/A,N/A,13,1 13,N/A,N/A,4 13,5 13
1 4 5 12,0.0606835,14.3287,Yes,N/A,N/A,N/A,4,5,1 5,N/A,N/A,4 5,1 4 5,N/A,12,1 12,N/A,N/A,4 12,5 12,1 5 12
4 5 13,0.0236304,18.6528,Yes,N/A,N/A,N/A,4,5,N/A,N/A,N/A,4 5,N/A,N/A,N/A,13,N/A,N/A,N/A,4 13,5 13
4 5 12,0.0289888,17.0787,Yes,N/A,N/A,N/A,4,5,N/A,N/A,N/A,4 5,N/A,N/A,12,N/A,N/A,N/A,4 12,5 12,N/A
1 4 5 12 13,0.0212857,24.2361,Yes,N/A,N/A,N/A,4,5,1 5,N/A,N/A,4 5,1 4 5,N/A,12,13,1 13,N/A,4 12,4 13,5 13
1 4 5 11,0.0707251,12.4583,Yes,N/A,N/A,N/A,4,5,1 5,N/A,N/A,4 5,1 4 5,11,1 11,N/A,N/A,4 11,5 11,1 5 11,N/A
4 5 11,0.0325682,15.5694,Yes,N/A,N/A,N/A,4,5,N/A,N/A,N/A,4 5,N/A,11,N/A,N/A,N/A,4 11,5 11,N/A,N/A
1 4 5 11 13,0.0290992,19.912,Yes,N/A,N/A,N/A,4,5,1 5,N/A,N/A,4 5,1 4 5,11,1 11,13,1 13,4 11,5 11,4 13,5 13
4 5 12 13,0.00920627,27.7407,Yes,N/A,N/A,N/A,4,5,N/A,N/A,N/A,4 5,N/A,N/A,12,13,N/A,N/A,4 12,4 13,5 13
1 4 5 11 12,0.032373,20.1713,Yes,N/A,N/A,N/A,4,5,1 5,N/A,N/A,4 5,1 4 5,11,12,1 12,N/A,4 11,4 12,5 12,1 5 12
4 5 11 13,0.011065,25.8056,Yes,N/A,N/A,N/A,4,5,N/A,N/A,N/A,4 5,N/A,11,N/A,13,N/A,4 11,5 11,4 13,5 13
4 5 11 12,0.0140336,24.6574,Yes,N/A,N/A,N/A,4,5,N/A,N/A,N/A,4 5,N/A,11,12,N/A,N/A,4 11,4 12,5 12,N/A
1 4 5 11 12 13,0.0149642,28.6667,Yes,N/A,N/A,N/A,4,5,1 5,N/A,N/A,4 5,1 4 5,11,12,13,1 13,4 11,4 12,5 12,5 13
1 4 5 10,0.0611229,12.287,Yes,N/A,N/A,N/A,4,5,1 5,N/A,N/A,4 5,10,1 10,N/A,N/A,4 10,5 10,1 5 10,N/A,N/A
4 5 10,0.0343686,14.125,Yes,N/A,N/A,N/A,4,5,N/A,N/A,N/A,4 5,10,N/A,N/A,N/A,4 10,5 10,N/A,N/A,N/A
1 4 5 10 13,0.0264355,21.0602,Yes,N/A,N/A,N/A,4,5,1 5,N/A,N/A,4 5,10,1 10,N/A,13,1 13,5 10,1 5 10,4 13,5 13
1 4 5 10 12,0.0369114,17.6481,Yes,N/A,N/A,N/A,4,5,1 5,N/A,N/A,4 5,10,1 10,12,1 12,4 10,5 10,4 12,5 12,1 5 12
4 5 10 13,0.0123189,24.4352,Yes,N/A,N/A,N/A,4,5,N/A,N/A,N/A,4 5,10,N/A,N/A,13,4 10,5 10,N/A,4 13,5 13
4 5 10 12,0.0171914,22.5972,Yes,N/A,N/A,N/A,4,5,N/A,N/A,N/A,4 5,10,N/A,12,N/A,4 10,5 10,4 12,5 12,N/A
1 4 5 10 12 13,0.0166877,27.2685,Yes,N/A,N/A,N/A,4,5,1 5,N/A,N/A,4 5,10,1 10,12,13,1 13,5 10,4 12,4 13,5 13
4 5 11 12 13,0.00577922,34.2685,Yes,N/A,N/A,N/A,4,5,N/A,N/A,N/A,4 5,N/A,11,12,13,N/A,4 11,4 12,4 13,5 13
1 4 5 10 11,0.0373946,18.4444,Yes,N/A,N/A,N/A,4,5,1 5,N/A,N/A,4 5,10,11,1 11,N/A,4 10,4 11,5 11,1 5 11,N/A
4 5 10 11,0.0200189,21.6481,Yes,N/A,N/A,N/A,4,5,N/A,N/A,N/A,4 5,10,11,N/A,N/A,4 10,4 11,5 11,N/A,N/A
1 4 5 10 11 13,0.0193966,25.7824,Yes,N/A,N/A,N/A,4,5,1 5,N/A,N/A,4 5,10,11,1 11,13,1 13,4 11,5 11,4 13,5 13
4 5 10 12 13,0.00704955,31.9815,Yes,N/A,N/A,N/A,4,5,N/A,N/A,N/A,4 5,10,N/A,12,13,4 10,5 10,4 12,4 13,5 13
1 4 5 10 11 12,0.0236771,24.5509,Yes,N/A,N/A,N/A,4,5,1 5,N/A,N/A,4 5,10,11,12,1 12,4 10,4 11,5 11,5 12,1 5 12
4 5 10 11 13,0.00839723,30.6991,Yes,N/A,N/A,N/A,4,5,N/A,N/A,N/A,4 5,10,11,N/A,13,4 10,4 11,5 11,4 13,5 13
4 5 10 11 12,0.0106848,29.3519,Yes,N/A,N/A,N/A,4,5,N/A,N/A,N/A,4 5,10,11,12,N/A,4 10,4 11,5 11,5 12,N/A
1 4 5 10 11 12 13,0.0124388,33.5556,Yes,N/A,N/A,N/A,4,5,1 5,N/A,N/A,4 5,10,11,12,13,1 13,4 11,4 12,5 12,5 13
1 4 5 9,0.0483557,12.0324,Yes,N/A,N/A,N/A,4,5,1 5,N/A,N/A,9,1 9,N/A,N/A,4 9,5 9,1 5 9,N/A,N/A,4 5 9
4 5 9,0.0256237,13.9213,Yes,N/A,N/A,N/A,4,5,N/A,N/A,N/A,9,N/A,N/A,N/A,4 9,5 9,N/A,N/A,N/A,4 5 9
1 4 5 9 13,0.0187211,22.9676,Yes,N/A,N/A,N/A,4,5,1 5,N/A,N/A,9,1 9,N/A,N/A,13,1 13,1 5 9,N/A,4 13,5 13
1 4 5 9 12,0.0292063,19.0833,Yes,N/A,N/A,N/A,4,5,1 5,N/A,N/A,9,1 9,N/A,12,1 12,5 9,1 5 9,4 12,5 12,1 5 12
4 5 9 13,0.00850343,25.8843,Yes,N/A,N/A,N/A,4,5,N/A,N/A,N/A,9,N/A,N/A,N/A,13,5 9,N/A,N/A,4 13,5 13
4 5 9 12,0.0156207,22.5602,Yes,N/A,N/A,N/A,4,5,N/A,N/A,N/A,9,N/A,N/A,12,4 9,5 9,N/A,4 12,5 12,4 5 9
1 4 5 9 12 13,0.0124316,29.6898,Yes,N/A,N/A,N/A,4,5,1 5,N/A,N/A,9,1 9,N/A,12,13,1 13,1 5 9,4 12,4 13,5 13
1 4 5 9 11,0.040679,15.6065,Yes,N/A,N/A,N/A,4,5,1 5,N/A,N/A,9,1 9,11,1 11,4 9,5 9,4 11,5 11,1 5 11,4 5 9
4 5 9 11,0.0220559,20.7593,Yes,N/A,N/A,N/A,4,5,N/A,N/A,N/A,9,N/A,11,N/A,4 9,5 9,4 11,5 11,N/A,4 5 9
1 4 5 9 11 13,0.0175994,25.2917,Yes,N/A,N/A,N/A,4,5,1 5,N/A,N/A,9,1 9,11,1 11,13,1 13,4 11,5 11,4 13,5 13
4 5 9 12 13,0.00540859,34.2037,Yes,N/A,N/A,N/A,4,5,N/A,N/A,N/A,9,N/A,N/A,12,13,5 9,N/A,4 12,4 13,5 13
1 4 5 9 11 12,0.0240949,23.588,Yes,N/A,N/A,N/A,4,5,1 5,N/A,N/A,9,1 9,11,12,1 12,5 9,4 11,4 12,5 12,1 5 12
4 5 9 11 13,0.00744245,32.0509,Yes,N/A,N/A,N/A,4,5,N/A,N/A,N/A,9,N/A,11,N/A,13,5 9,4 11,5 11,4 13,5 13
4 5 9 11 12,0.0116725,28.6435,Yes,N/A,N/A,N/A,4,5,N/A,N/A,N/A,9,N/A,11,12,4 9,5 9,4 11,5 11,5 12,4 5 9
1 4 5 9 11 12 13,0.0115406,33.0741,Yes,N/A,N/A,N/A,4,5,1 5,N/A,N/A,9,1 9,11,12,13,1 13,4 11,4 12,4 13,5 13
4 5 10 11 12 13,0.00525806,37.4722,Yes,N/A,N/A,N/A,4,5,N/A,N/A,N/A,4 5,10,11,12,13,4 10,4 11,4 12,5 12,5 13
1 4 5 9 10,0.0392794,17.088,Yes,N/A,N/A,N/A,4,5,1 5,N/A,N/A,9,10,1 10,N/A,4 9,4 10,5 10,1 5 10,N/A,4 5 9
4 5 9 10,0.0244333,20.3981,Yes,N/A,N/A,N/A,4,5,N/A,N/A,N/A,9,10,N/A,N/A,4 9,4 10,5 10,N/A,N/A,4 5 9
1 4 5 9 10 13,0.0156611,27.6111,Yes,N/A,N/A,N/A,4,5,1 5,N/A,N/A,9,10,1 10,N/A,13,1 13,5 10,1 5 10,4 13,5 13
1 4 5 9 10 12,0.0271174,22.4028,Yes,N/A,N/A,N/A,4,5,1 5,N/A,N/A,9,10,1 10,12,4 9,5 9,5 10,4 12,5 12,4 5 9
4 5 9 10 13,0.00765996,31.8611,Yes,N/A,N/A,N/A,4,5,N/A,N/A,N/A,9,10,N/A,N/A,13,4 10,5 10,N/A,4 13,5 13
4 5 9 10 12,0.0136558,27.6111,Yes,N/A,N/A,N/A,4,5,N/A,N/A,N/A,9,10,N/A,12,4 9,5 9,5 10,4 12,5 12,4 5 9
1 4 5 9 10 12 13,0.0120692,32.7685,Yes,N/A,N/A,N/A,4,5,1 5,N/A,N/A,9,10,1 10,12,13,1 13,5 10,4 12,4 13,5 13
4 5 9 11 12 13,0.00477621,39.713,Yes,N/A,N/A,N/A,4,5,N/A,N/A,N/A,9,N/A,11,12,13,5 9,4 11,4 12,4 13,5 13
1 4 5 9 10 11,0.0320425,21.4167,Yes,N/A,N/A,N/A,4,5,1 5,N/A,N/A,9,10,11,1 11,4 9,4 10,5 10,5 11,1 5 11,4 5 9
4 5 9 10 11,0.0157384,26.7454,Yes,N/A,N/A,N/A,4,5,N/A,N/A,N/A,9,10,11,N/A,4 9,5 9,4 11,5 11,N/A,4 5 9
1 4 5 9 10 11 13,0.0148536,30.7963,Yes,N/A,N/A,N/A,4,5,1 5,N/A,N/A,9,10,11,1 11,13,4 10,5 10,5 11,4 13,5 13
4 5 9 10 12 13,0.00522888,38.6343,Yes,N/A,N/A,N/A,4,5,N/A,N/A,N/A,9,10,N/A,12,13,4 10,5 10,4 12,4 13,5 13
1 4 5 9 10 11 12,0.0204197,28.3148,Yes,N/A,N/A,N/A,4,5,1 5,N/A,N/A,9,10,11,12,1 12,4 10,4 11,5 11,5 12,1 5 12
4 5 9 10 11 13,0.0063693,37.3009,Yes,N/A,N/A,N/A,4,5,N/A,N/A,N/A,9,10,11,N/A,13,5 9,4 11,5 11,4 13,5 13
4 5 9 10 11 12,0.00976007,32.9352,Yes,N/A,N/A,N/A,4,5,N/A,N/A,N/A,9,10,11,12,4 9,5 9,4 11,5 11,5 12,4 5 9
1 4 5 9 10 11 12 13,0.0106857,37.75,Yes,N/A,N/A,N/A,4,5,1 5,N/A,N/A,9,10,11,12,13,1 13,4 11,4 12,4 13,5 13
1 4 5 8,0.0669957,9.19444,Yes,N/A,N/A,N/A,4,5,1 5,N/A,8,1 8,1 4 5,N/A,4 8,5 8,1 5 8,N/A,N/A,4 5 8,1 4 5 8
4 5 8,0.0457497,11.4491,Yes,N/A,N/A,N/A,4,5,N/A,N/A,8,4 5,N/A,N/A,4 8,5 8,N/A,N/A,N/A,4 5 8,N/A
1 4 5 8 13,0.0273391,19.4769,Yes,N/A,N/A,N/A,4,5,1 5,N/A,8,4 5,1 4 5,N/A,4 8,13,1 13,N/A,N/A,4 13,5 13
1 4 5 8 12,0.036449,17.6204,Yes,N/A,N/A,N/A,4,5,1 5,N/A,8,4 5,1 4 5,N/A,12,1 12,1 5 8,N/A,4 12,5 12,1 5 12
4 5 8 13,0.0129556,23.2269,Yes,N/A,N/A,N/A,4,5,N/A,N/A,8,4 5,N/A,N/A,4 8,13,N/A,N/A,N/A,4 13,5 13
4 5 8 12,0.0191514,21.625,Yes,N/A,N/A,N/A,4,5,N/A,N/A,8,4 5,N/A,N/A,12,5 8,N/A,N/A,4 12,5 12,N/A
1 4 5 8 12 13,0.015021,28.162,Yes,N/A,N/A,N/A,4,5,1 5,N/A,8,4 5,1 4 5,N/A,12,13,1 13,N/A,4 12,4 13,5 13
1 4 5 8 11,0.0527784,13.3843,Yes,N/A,N/A,N/A,4,5,1 5,N/A,8,4 5,1 4 5,11,1 11,5 8,1 5 8,4 11,5 11,1 5 11,1 4 5 8
4 5 8 11,0.0318555,17.875,Yes,N/A,N/A,N/A,4,5,N/A,N/A,8,4 5,N/A,11,4 8,5 8,N/A,4 11,5 11,4 5 8,N/A
1 4 5 8 11 13,0.0235019,22.1667,Yes,N/A,N/A,N/A,4,5,1 5,N/A,8,4 5,1 4 5,11,4 8,13,1 13,4 11,5 11,4 13,5 13
4 5 8 12 13,0.0060745,33.3009,Yes,N/A,N/A,N/A,4,5,N/A,N/A,8,4 5,N/A,N/A,12,13,N/A,N/A,4 12,4 13,5 13
1 4 5 8 11 12,0.0279744,21.4074,Yes,N/A,N/A,N/A,4,5,1 5,N/A,8,4 5,1 4 5,11,12,1 12,1 5 8,4 11,4 12,5 12,1 5 12
4 5 8 11 13,0.00993479,28.912,Yes,N/A,N/A,N/A,4,5,N/A,N/A,8,4 5,N/A,11,4 8,13,N/A,4 11,5 11,4 13,5 13
4 5 8 11 12,0.0133985,27.7083,Yes,N/A,N/A,N/A,4,5,N/A,N/A,8,4 5,N/A,11,12,5 8,N/A,4 11,4 12,5 12,N/A
1 4 5 8 11 12 13,0.0133596,30.5417,Yes,N/A,N/A,N/A,4,5,1 5,N/A,8,4 5,1 4 5,11,12,13,1 13,4 11,4 12,4 13,5 13
1 4 5 8 10,0.0642453,12.0463,Yes,N/A,N/A,N/A,4,5,1 5,N/A,8,4 5,10,1 10,4 8,5 8,4 10,5 10,1 5 10,4 5 8,8 10
4 5 8 10,0.0422507,16.2407,Yes,N/A,N/A,N/A,4,5,N/A,N/A,8,4 5,10,N/A,4 8,5 8,4 10,5 10,N/A,4 5 8,8 10
1 4 5 8 10 13,0.0275991,21.1528,Yes,N/A,N/A,N/A,4,5,1 5,N/A,8,4 5,10,1 10,4 8,13,1 13,5 10,1 5 10,4 13,5 13
1 4 5 8 10 12,0.0354383,19.1111,Yes,N/A,N/A,N/A,4,5,1 5,N/A,8,4 5,10,1 10,12,1 12,4 10,5 10,4 12,5 12,8 10
4 5 8 10 13,0.0124774,27.3333,Yes,N/A,N/A,N/A,4,5,N/A,N/A,8,4 5,10,N/A,4 8,13,4 10,5 10,N/A,4 13,5 13
4 5 8 10 12,0.0174721,25.1944,Yes,N/A,N/A,N/A,4,5,N/A,N/A,8,4 5,10,N/A,12,5 8,4 10,5 10,4 12,5 12,8 10
1 4 5 8 10 12 13,0.0161903,28.6296,Yes,N/A,N/A,N/A,4,5,1 5,N/A,8,4 5,10,1 10,12,13,1 13,5 10,4 12,4 13,5 13
4 5 8 11 12 13,0.00496231,38.5648,Yes,N/A,N/A,N/A,4,5,N/A,N/A,8,4 5,N/A,11,12,13,N/A,4 11,4 12,5 12,5 13
1 4 5 8 10 11,0.0435099,17.625,Yes,N/A,N/A,N/A,4,5,1 5,N/A,8,1 8,10,11,1 11,5 8,4 10,4 11,5 11,1 5 11,8 10
4 5 8 10 11,0.0242133,21.6389,Yes,N/A,N/A,N/A,4,5,N/A,N/A,8,4 5,10,11,4 8,5 8,4 10,4 11,5 11,4 5 8,8 10
1 4 5 8 10 11 13,0.0212388,25.5509,Yes,N/A,N/A,N/A,4,5,1 5,N/A,8,4 5,10,11,4 8,13,1 13,4 11,5 11,4 13,5 13
4 5 8 10 12 13,0.00633029,36.0046,Yes,N/A,N/A,N/A,4,5,N/A,N/A,8,4 5,10,N/A,12,13,4 10,5 10,4 12,4 13,5 13
1 4 5 8 10 11 12,0.0252103,24.3796,Yes,N/A,N/A,N/A,4,5,1 5,N/A,8,1 8,10,11,12,1 12,4 10,4 11,4 12,5 12,8 10
4 5 8 10 11 13,0.0092257,31.4769,Yes,N/A,N/A,N/A,4,5,N/A,N/A,8,4 5,10,11,4 8,13,4 10,5 10,5 11,4 13,5 13
4 5 8 10 11 12,0.0121319,29.9583,Yes,N/A,N/A,N/A,4,5,N/A,N/A,8,4 5,10,11,12,5 8,4 10,4 11,4 12,5 12,8 10
1 4 5 8 10 11 12 13,0.0132892,32.6065,Yes,N/A,N/A,N/A,4,5,1 5,N/A,8,1 8,10,11,12,13,1 13,4 11,4 12,4 13,5 13
4 5 9 10 11 12 13,0.00466602,42.8194,Yes,N/A,N/A,N/A,4,5,N/A,N/A,N/A,9,10,11,12,13,5 9,4 11,4 12,4 13,5 13
1 4 5 8 9,0.0583629,13.8981,Yes,N/A,N/A,N/A,4,5,1 5,N/A,8,9,1 9,N/A,4 8,5 8,5 9,1 5 9,N/A,8 9,1 8 9
4 5 8 9,0.0386818,17.7315,Yes,N/A,N/A,N/A,4,5,N/A,N/A,8,9,N/A,N/A,4 8,4 9,5 9,N/A,N/A,8 9,4 5 9
1 4 5 8 9 13,0.0216385,24.4583,Yes,N/A,N/A,N/A,4,5,1 5,N/A,8,9,1 9,N/A,4 8,13,1 13,1 5 9,N/A,4 13,5 13
1 4 5 8 9 12,0.0289642,22.0278,Yes,N/A,N/A,N/A,4,5,1 5,N/A,8,9,1 9,N/A,12,5 8,5 9,1 5 9,4 12,5 12,1 5 12
4 5 8 9 13,0.0110075,29.4444,Yes,N/A,N/A,N/A,4,5,N/A,N/A,8,9,N/A,N/A,4 8,13,5 9,N/A,N/A,4 13,5 13
4 5 8 9 12,0.0149402,27.3796,Yes,N/A,N/A,N/A,4,5,N/A,N/A,8,9,N/A,N/A,12,5 8,5 9,N/A,4 12,5 12,4 5 9
1 4 5 8 9 12 13,0.0121261,32.8935,Yes,N/A,N/A,N/A,4,5,1 5,N/A,8,9,1 9,N/A,12,13,1 13,1 5 9,4 12,4 13,5 13
1 4 5 8 9 11,0.0475129,16.412,Yes,N/A,N/A,N/A,4,5,1 5,N/A,8,9,1 9,11,4 8,5 8,5 9,4 11,5 11,8 9,4 5 9
4 5 8 9 11,0.0244437,22.7454,Yes,N/A,N/A,N/A,4,5,N/A,N/A,8,9,N/A,11,4 8,5 8,5 9,4 11,5 11,8 9,4 5 9
1 4 5 8 9 11 13,0.0205033,25.8194,Yes,N/A,N/A,N/A,4,5,1 5,N/A,8,9,1 9,11,4 8,13,1 13,4 11,5 11,4 13,5 13
4 5 8 9 12 13,0.00512904,39.2917,Yes,N/A,N/A,N/A,4,5,N/A,N/A,8,9,N/A,N/A,12,13,5 9,N/A,4 12,4 13,5 13
1 4 5 8 9 11 12,0.0252311,24.3287,Yes,N/A,N/A,N/A,4,5,1 5,N/A,8,9,1 9,11,12,1 12,5 9,4 11,4 12,5 12,1 5 12
4 5 8 9 11 13,0.00881427,33.6157,Yes,N/A,N/A,N/A,4,5,N/A,N/A,8,9,N/A,11,4 8,13,5 9,4 11,5 11,4 13,5 13
4 5 8 9 11 12,0.0114711,31.9167,Yes,N/A,N/A,N/A,4,5,N/A,N/A,8,9,N/A,11,12,5 8,5 9,4 11,4 12,5 12,4 5 9
1 4 5 8 9 11 12 13,0.0123525,33.5324,Yes,N/A,N/A,N/A,4,5,1 5,N/A,8,9,1 9,11,12,13,1 13,4 11,4 12,4 13,5 13
4 5 8 10 11 12 13,0.00533794,39.5833,Yes,N/A,N/A,N/A,4,5,N/A,N/A,8,4 5,10,11,12,13,4 10,5 10,5 11,5 12,5 13
1 4 5 8 9 10,0.0513008,16.1296,Yes,N/A,N/A,N/A,4,5,1 5,N/A,8,9,10,1 10,4 8,4 9,5 9,5 10,1 5 10,8 9,8 10
4 5 8 9 10,0.0255261,22.412,Yes,N/A,N/A,N/A,4,5,N/A,N/A,8,9,10,N/A,4 8,4 9,4 10,5 10,N/A,8 9,8 10
1 4 5 8 9 10 13,0.0216416,25.9537,Yes,N/A,N/A,N/A,4,5,1 5,N/A,8,9,10,1 10,4 8,13,5 9,5 10,1 5 10,4 13,5 13
1 4 5 8 9 10 12,0.0288239,23.1713,Yes,N/A,N/A,N/A,4,5,1 5,N/A,8,9,10,1 10,12,4 9,5 9,5 10,4 12,5 12,8 10
4 5 8 9 10 13,0.0093943,33.4583,Yes,N/A,N/A,N/A,4,5,N/A,N/A,8,9,10,N/A,4 8,13,5 9,5 10,N/A,4 13,5 13
4 5 8 9 10 12,0.0129087,30.7824,Yes,N/A,N/A,N/A,4,5,N/A,N/A,8,9,10,N/A,12,5 8,4 10,5 10,4 12,5 12,8 10
1 4 5 8 9 10 12 13,0.0136212,32.8519,Yes,N/A,N/A,N/A,4,5,1 5,N/A,8,9,10,1 10,12,13,5 9,5 10,4 12,4 13,5 13
4 5 8 9 11 12 13,0.00480177,42.7037,Yes,N/A,N/A,N/A,4,5,N/A,N/A,8,9,N/A,11,12,13,5 9,4 11,4 12,4 13,5 13
1 4 5 8 9 10 11,0.0365247,20.6667,Yes,N/A,N/A,N/A,4,5,1 5,N/A,8,9,10,11,1 11,4 9,4 10,5 10,5 11,8 9,8 10
4 5 8 9 10 11,0.0181078,26.125,Yes,N/A,N/A,N/A,4,5,N/A,N/A,8,9,10,11,4 8,5 8,5 9,4 11,5 11,8 9,8 10
1 4 5 8 9 10 11 13,0.0185653,29.0185,Yes,N/A,N/A,N/A,4,5,1 5,N/A,8,9,10,11,4 8,13,1 13,5 10,5 11,4 13,5 13
4 5 8 9 10 12 13,0.00533891,41.8611,Yes,N/A,N/A,N/A,4,5,N/A,N/A,8,9,10,N/A,12,13,5 9,5 10,4 12,4 13,5 13
1 4 5 8 9 10 11 12,0.0226808,27.2685,Yes,N/A,N/A,N/A,4,5,1 5,N/A,8,9,10,11,12,1 12,4 10,4 11,4 12,5 12,8 10
4 5 8 9 10 11 13,0.0080262,35.9259,Yes,N/A,N/A,N/A,4,5,N/A,N/A,8,9,10,11,4 8,13,5 9,5 10,5 11,4 13,5 13
4 5 8 9 10 11 12,0.0104045,33.5278,Yes,N/A,N/A,N/A,4,5,N/A,N/A,8,9,10,11,12,5 8,4 10,4 11,4 12,5 12,8 10
1 4 5 8 9 10 11 12 13,0.0126488,35.5648,Yes,N/A,N/A,N/A,4,5,1 5,N/A,8,9,10,11,12,13,1 13,4 11,4 12,4 13,5 13
1 4 5 7,0.0841424,6.83796,Yes,N/A,N/A,N/A,4,5,1 5,7,1 7,4 5,1 4 5,4 7,5 7,1 5 7,N/A,N/A,4 5 7,1 4 5 7,N/A
4 5 7,0.0541731,10.4769,Yes,N/A,N/A,N/A,4,5,N/A,7,N/A,4 5,N/A,4 7,5 7,N/A,N/A,N/A,4 5 7,N/A,N/A
1 4 5 7 13,0.0341974,15.287,Yes,N/A,N/A,N/A,4,5,1 5,7,1 7,4 5,1 4 5,4 7,5 7,13,1 13,N/A,4 5 7,4 13,5 13
1 4 5 7 12,0.0412091,15.1296,Yes,N/A,N/A,N/A,4,5,1 5,7,1 7,4 5,1 4 5,4 7,12,1 12,N/A,N/A,4 12,5 12,1 5 12
4 5 7 13,0.0176755,20.5972,Yes,N/A,N/A,N/A,4,5,N/A,7,N/A,4 5,N/A,4 7,5 7,13,N/A,N/A,4 5 7,4 13,5 13
4 5 7 12,0.0189296,20.9722,Yes,N/A,N/A,N/A,4,5,N/A,7,N/A,4 5,N/A,4 7,12,N/A,N/A,N/A,4 12,5 12,N/A
1 4 5 7 12 13,0.0179443,23.8333,Yes,N/A,N/A,N/A,4,5,1 5,7,1 7,4 5,1 4 5,4 7,12,13,1 13,N/A,4 12,5 12,5 13
1 4 5 7 11,0.0531281,13.1157,Yes,N/A,N/A,N/A,4,5,1 5,7,1 7,4 5,1 4 5,11,1 11,1 5 7,N/A,4 11,5 11,1 5 11,7 11
4 5 7 11,0.0280564,19.1157,Yes,N/A,N/A,N/A,4,5,N/A,7,N/A,4 5,N/A,11,5 7,N/A,N/A,4 11,5 11,N/A,7 11
1 4 5 7 11 13,0.0244684,20.4954,Yes,N/A,N/A,N/A,4,5,1 5,7,1 7,4 5,1 4 5,11,1 11,13,1 13,4 11,5 11,4 13,5 13
4 5 7 12 13,0.00733941,30.6944,Yes,N/A,N/A,N/A,4,5,N/A,7,N/A,4 5,N/A,4 7,12,13,N/A,N/A,4 12,5 12,5 13
1 4 5 7 11 12,0.0260302,21.4583,Yes,N/A,N/A,N/A,4,5,1 5,7,1 7,4 5,1 4 5,11,12,1 12,N/A,4 11,4 12,5 12,7 11
4 5 7 11 13,0.0107663,28.4398,Yes,N/A,N/A,N/A,4,5,N/A,7,N/A,4 5,N/A,11,5 7,13,N/A,4 11,5 11,4 13,5 13
4 5 7 11 12,0.00997324,29.3657,Yes,N/A,N/A,N/A,4,5,N/A,7,N/A,4 5,N/A,11,12,N/A,N/A,4 11,4 12,5 12,7 11
1 4 5 7 11 12 13,0.0132325,28.5833,Yes,N/A,N/A,N/A,4,5,1 5,7,1 7,4 5,1 4 5,11,12,13,1 13,4 11,4 12,5 12,5 13
1 4 5 7 10,0.0732654,10.463,Yes,N/A,N/A,N/A,4,5,1 5,7,1 7,4 5,10,1 10,5 7,1 5 7,4 10,5 10,4 5 7,7 10,1 7 10
4 5 7 10,0.0488308,15.1157,Yes,N/A,N/A,N/A,4,5,N/A,7,N/A,4 5,10,4 7,5 7,N/A,4 10,5 10,4 5 7,7 10,N/A
1 4 5 7 10 13,0.0320207,18.7407,Yes,N/A,N/A,N/A,4,5,1 5,7,1 7,4 5,10,1 10,5 7,13,1 13,5 10,4 5 7,4 13,5 13
1 4 5 7 10 12,0.0399002,16.9444,Yes,N/A,N/A,N/A,4,5,1 5,7,1 7,4 5,10,4 7,12,1 12,4 10,5 10,4 12,5 12,1 5 12
4 5 7 10 13,0.0171599,23.9306,Yes,N/A,N/A,N/A,4,5,N/A,7,N/A,4 5,10,4 7,5 7,13,4 10,5 10,4 5 7,4 13,5 13
4 5 7 10 12,0.0172848,24.7917,Yes,N/A,N/A,N/A,4,5,N/A,7,N/A,4 5,10,4 7,12,N/A,4 10,5 10,4 12,5 12,N/A
1 4 5 7 10 12 13,0.0188469,25.0926,Yes,N/A,N/A,N/A,4,5,1 5,7,1 7,4 5,10,4 7,12,13,1 13,5 10,4 12,4 13,5 13
4 5 7 11 12 13,0.00469033,38.5093,Yes,N/A,N/A,N/A,4,5,N/A,7,N/A,4 5,N/A,11,12,13,N/A,4 11,4 12,4 13,5 13
1 4 5 7 10 11,0.0447166,16.3657,Yes,N/A,N/A,N/A,4,5,1 5,7,1 7,4 5,10,11,1 11,1 5 7,4 10,4 11,5 11,7 10,7 11
4 5 7 10 11,0.0223396,23.3287,Yes,N/A,N/A,N/A,4,5,N/A,7,N/A,4 5,10,11,5 7,N/A,4 10,4 11,5 11,7 10,7 11
1 4 5 7 10 11 13,0.0222624,23.2546,Yes,N/A,N/A,N/A,4,5,1 5,7,1 7,4 5,10,11,1 11,13,1 13,4 11,5 11,4 13,5 13
4 5 7 10 12 13,0.00780749,32.6898,Yes,N/A,N/A,N/A,4,5,N/A,7,N/A,4 5,10,4 7,12,13,4 10,5 10,4 12,5 12,5 13
1 4 5 7 10 11 12,0.025161,22.9306,Yes,N/A,N/A,N/A,4,5,1 5,7,1 7,4 5,10,11,12,1 12,4 10,4 11,5 11,5 12,7 11
4 5 7 10 11 13,0.0100603,31.1574,Yes,N/A,N/A,N/A,4,5,N/A,7,N/A,4 5,10,11,5 7,13,4 10,4 11,5 11,4 13,5 13
4 5 7 10 11 12,0.00931563,32.7685,Yes,N/A,N/A,N/A,4,5,N/A,7,N/A,4 5,10,11,12,N/A,4 10,5 10,4 12,5 12,7 11
1 4 5 7 10 11 12 13,0.0137272,30.2315,Yes,N/A,N/A,N/A,4,5,1 5,7,1 7,4 5,10,11,12,13,1 13,4 11,4 12,5 12,5 13
1 4 5 7 9,0.0836083,9.34722,Yes,N/A,N/A,N/A,4,5,1 5,7,1 7,9,1 9,4 7,5 7,4 9,5 9,1 5 9,7 9,1 7 9,4 5 9
4 5 7 9,0.0549236,15.2454,Yes,N/A,N/A,N/A,4,5,N/A,7,N/A,9,N/A,4 7,5 7,4 9,5 9,N/A,7 9,N/A,4 5 9
1 4 5 7 9 13,0.0320316,18.588,Yes,N/A,N/A,N/A,4,5,1 5,7,1 7,9,1 9,4 7,5 7,13,1 13,1 5 9,7 9,4 13,5 13
1 4 5 7 9 12,0.0424283,16.5972,Yes,N/A,N/A,N/A,4,5,1 5,7,1 7,9,1 9,4 7,12,1 12,5 9,1 5 9,4 12,5 12,1 5 12
4 5 7 9 13,0.015384,26.1065,Yes,N/A,N/A,N/A,4,5,N/A,7,N/A,9,N/A,4 7,5 7,13,5 9,N/A,7 9,4 13,5 13
4 5 7 9 12,0.0186717,25,Yes,N/A,N/A,N/A,4,5,N/A,7,N/A,9,N/A,4 7,12,4 9,5 9,N/A,4 12,5 12,4 5 9
1 4 5 7 9 12 13,0.0180418,25.7176,Yes,N/A,N/A,N/A,4,5,1 5,7,1 7,9,1 9,4 7,12,13,1 13,1 5 9,4 12,5 12,5 13
1 4 5 7 9 11,0.0520415,14.7917,Yes,N/A,N/A,N/A,4,5,1 5,7,1 7,9,1 9,11,5 7,4 9,5 9,4 11,5 11,1 5 11,7 11
4 5 7 9 11,0.0246523,22.9815,Yes,N/A,N/A,N/A,4,5,N/A,7,N/A,9,N/A,11,5 7,4 9,5 9,4 11,5 11,N/A,7 11
1 4 5 7 9 11 13,0.0237427,22.9722,Yes,N/A,N/A,N/A,4,5,1 5,7,1 7,9,1 9,11,5 7,13,1 13,4 11,5 11,4 13,5 13
4 5 7 9 12 13,0.00720503,35.6713,Yes,N/A,N/A,N/A,4,5,N/A,7,N/A,9,N/A,4 7,12,13,5 9,N/A,4 12,4 13,5 13
1 4 5 7 9 11 12,0.027141,21.9444,Yes,N/A,N/A,N/A,4,5,1 5,7,1 7,9,1 9,11,12,1 12,5 9,4 11,4 12,5 12,7 11
4 5 7 9 11 13,0.00902175,33.4028,Yes,N/A,N/A,N/A,4,5,N/A,7,N/A,9,N/A,11,5 7,13,5 9,4 11,7 9,4 13,5 13
4 5 7 9 11 12,0.0102027,32.3611,Yes,N/A,N/A,N/A,4,5,N/A,7,N/A,9,N/A,11,12,4 9,5 9,4 11,4 12,5 12,7 11
1 4 5 7 9 11 12 13,0.0138763,29.9815,Yes,N/A,N/A,N/A,4,5,1 5,7,1 7,9,1 9,11,12,13,1 13,4 11,4 12,4 13,5 13
4 5 7 10 11 12 13,0.00510054,39.7685,Yes,N/A,N/A,N/A,4,5,N/A,7,N/A,4 5,10,11,12,13,4 10,5 10,4 12,5 12,7 11
1 4 5 7 9 10,0.0625528,13.2269,Yes,N/A,N/A,N/A,4,5,1 5,7,1 7,9,10,1 10,5 7,4 9,4 10,5 10,7 9,7 10,1 7 10
4 5 7 9 10,0.0337522,19.1019,Yes,N/A,N/A,N/A,4,5,N/A,7,N/A,9,10,4 7,5 7,4 9,4 10,5 10,7 9,7 10,4 5 9
1 4 5 7 9 10 13,0.0270897,22.1204,Yes,N/A,N/A,N/A,4,5,1 5,7,1 7,9,10,4 7,5 7,13,1 13,5 10,7 9,4 13,5 13
1 4 5 7 9 10 12,0.0360284,18.963,Yes,N/A,N/A,N/A,4,5,1 5,7,1 7,9,10,4 7,12,1 12,5 9,5 10,4 12,5 12,1 5 12
4 5 7 9 10 13,0.0126037,29.2685,Yes,N/A,N/A,N/A,4,5,N/A,7,N/A,9,10,4 7,5 7,13,4 10,5 10,7 9,4 13,5 13
4 5 7 9 10 12,0.0150281,27.9074,Yes,N/A,N/A,N/A,4,5,N/A,7,N/A,9,10,4 7,12,4 9,5 9,5 10,4 12,5 12,4 5 9
1 4 5 7 9 10 12 13,0.0177672,27.4722,Yes,N/A,N/A,N/A,4,5,1 5,7,1 7,9,10,4 7,12,13,1 13,5 10,4 12,4 13,5 13
4 5 7 9 11 12 13,0.00475862,42.5787,Yes,N/A,N/A,N/A,4,5,N/A,7,N/A,9,N/A,11,12,13,5 9,4 11,4 12,4 13,5 13
1 4 5 7 9 10 11,0.0401918,17.8981,Yes,N/A,N/A,N/A,4,5,1 5,7,1 7,9,10,11,1 11,4 9,4 10,4 11,5 11,7 10,7 11
4 5 7 9 10 11,0.0188346,26.125,Yes,N/A,N/A,N/A,4,5,N/A,7,N/A,9,10,11,5 7,4 9,4 10,4 11,5 11,7 10,7 11
1 4 5 7 9 10 11 13,0.0204618,25.7778,Yes,N/A,N/A,N/A,4,5,1 5,7,1 7,9,10,11,1 11,13,4 10,4 11,5 11,4 13,5 13
4 5 7 9 10 12 13,0.00707697,37.0787,Yes,N/A,N/A,N/A,4,5,N/A,7,N/A,9,10,4 7,12,13,5 9,5 10,4 12,4 13,5 13
1 4 5 7 9 10 11 12,0.0247905,23.3935,Yes,N/A,N/A,N/A,4,5,1 5,7,1 7,9,10,11,12,1 12,4 10,4 11,4 12,5 12,7 11
4 5 7 9 10 11 13,0.00844807,35.8102,Yes,N/A,N/A,N/A,4,5,N/A,7,N/A,9,10,11,5 7,13,4 10,4 11,7 9,4 13,5 13
4 5 7 9 10 11 12,0.00940113,34.6713,Yes,N/A,N/A,N/A,4,5,N/A,7,N/A,9,10,11,12,4 9,5 9,4 11,5 11,5 12,7 11
1 4 5 7 9 10 11 12 13,0.0141279,30.838,Yes,N/A,N/A,N/A,4,5,1 5,7,1 7,9,10,11,12,13,4 10,4 11,4 12,4 13,5 13
4 5 8 9 10 11 12 13,0.0051451,43.1759,Yes,N/A,N/A,N/A,4,5,N/A,N/A,8,9,10,11,12,13,5 9,4 11,4 12,4 13,5 13
1 4 5 7 8,0.0935772,8.88426,Yes,N/A,N/A,N/A,4,5,1 5,7,8,1 8,1 4 5,4 7,5 7,5 8,1 5 8,7 8,1 7 8,4 5 8,1 4 5 8
4 5 7 8,0.0651595,13.4491,Yes,N/A,N/A,N/A,4,5,N/A,7,8,4 5,N/A,4 7,4 8,5 8,N/A,7 8,4 5 7,4 5 8,N/A
1 4 5 7 8 13,0.035805,17.6759,Yes,N/A,N/A,N/A,4,5,1 5,7,8,1 8,1 4 5,4 7,4 8,13,1 13,7 8,4 5 7,4 13,5 13
1 4 5 7 8 12,0.0445686,16.3194,Yes,N/A,N/A,N/A,4,5,1 5,7,8,4 5,1 4 5,4 7,12,1 12,1 5 8,7 8,4 12,5 12,1 5 12
4 5 7 8 13,0.0176559,24.3241,Yes,N/A,N/A,N/A,4,5,N/A,7,8,4 5,N/A,4 7,4 8,13,N/A,7 8,4 5 7,4 13,5 13
4 5 7 8 12,0.022764,23.0463,Yes,N/A,N/A,N/A,4,5,N/A,7,8,4 5,N/A,4 7,12,5 8,N/A,7 8,4 12,5 12,N/A
1 4 5 7 8 12 13,0.0194298,25.375,Yes,N/A,N/A,N/A,4,5,1 5,7,8,4 5,1 4 5,4 7,12,13,1 13,7 8,4 12,5 12,5 13
1 4 5 7 8 11,0.0493911,15.0648,Yes,N/A,N/A,N/A,4,5,1 5,7,8,4 5,1 4 5,11,1 11,5 8,1 5 8,4 11,5 11,1 5 11,7 11
4 5 7 8 11,0.0261052,21.588,Yes,N/A,N/A,N/A,4,5,N/A,7,8,4 5,N/A,11,5 7,5 8,N/A,4 11,5 11,4 5 8,7 11
1 4 5 7 8 11 13,0.0246354,22.6759,Yes,N/A,N/A,N/A,4,5,1 5,7,8,4 5,1 4 5,11,5 7,13,1 13,7 8,5 11,4 13,5 13
4 5 7 8 12 13,0.00782298,33.8935,Yes,N/A,N/A,N/A,4,5,N/A,7,8,4 5,N/A,4 7,12,13,N/A,7 8,4 12,5 12,5 13
1 4 5 7 8 11 12,0.0257637,22.4861,Yes,N/A,N/A,N/A,4,5,1 5,7,8,4 5,1 4 5,11,12,1 12,1 5 8,4 11,4 12,5 12,7 11
4 5 7 8 11 13,0.0101066,31.8565,Yes,N/A,N/A,N/A,4,5,N/A,7,8,4 5,N/A,11,5 7,13,N/A,7 8,5 11,4 13,5 13
4 5 7 8 11 12,0.0112971,31.088,Yes,N/A,N/A,N/A,4,5,N/A,7,8,4 5,N/A,11,12,5 8,N/A,7 8,4 12,5 12,7 11
1 4 5 7 8 11 12 13,0.0141687,29.9676,Yes,N/A,N/A,N/A,4,5,1 5,7,8,4 5,1 4 5,11,12,13,1 13,7 8,4 12,4 13,5 13
1 4 5 7 8 10,0.06921,11.7593,Yes,N/A,N/A,N/A,4,5,1 5,7,8,1 8,10,4 7,4 8,5 8,4 10,5 10,1 5 10,7 10,8 10
4 5 7 8 10,0.0385642,16.6435,Yes,N/A,N/A,N/A,4,5,N/A,7,8,4 5,10,4 7,4 8,5 8,4 10,5 10,4 5 7,7 10,8 10
1 4 5 7 8 10 13,0.0315193,19.412,Yes,N/A,N/A,N/A,4,5,1 5,7,8,1 8,10,4 7,4 8,13,1 13,5 10,4 5 7,4 13,5 13
1 4 5 7 8 10 12,0.0382435,17.6991,Yes,N/A,N/A,N/A,4,5,1 5,7,8,4 5,10,4 7,12,1 12,4 10,7 8,4 12,5 12,8 10
4 5 7 8 10 13,0.0142148,26.5556,Yes,N/A,N/A,N/A,4,5,N/A,7,8,4 5,10,4 7,5 7,13,4 10,5 10,4 5 7,4 13,5 13
4 5 7 8 10 12,0.0176402,24.912,Yes,N/A,N/A,N/A,4,5,N/A,7,8,4 5,10,4 7,12,5 8,4 10,7 8,4 12,5 12,8 10
1 4 5 7 8 10 12 13,0.0194619,25.4954,Yes,N/A,N/A,N/A,4,5,1 5,7,8,4 5,10,4 7,12,13,1 13,5 10,4 12,4 13,5 13
4 5 7 8 11 12 13,0.00510189,41.25,Yes,N/A,N/A,N/A,4,5,N/A,7,8,4 5,N/A,11,12,13,N/A,7 8,4 12,4 13,5 13
1 4 5 7 8 10 11,0.0422592,17.0093,Yes,N/A,N/A,N/A,4,5,1 5,7,8,1 8,10,11,1 11,5 8,4 10,4 11,5 11,7 10,7 11
4 5 7 8 10 11,0.0210825,23.1667,Yes,N/A,N/A,N/A,4,5,N/A,7,8,4 5,10,11,5 7,5 8,4 10,4 11,5 11,7 10,7 11
1 4 5 7 8 10 11 13,0.022509,23.6898,Yes,N/A,N/A,N/A,4,5,1 5,7,8,4 5,10,11,1 11,13,1 13,4 11,5 11,4 13,5 13
4 5 7 8 10 12 13,0.00760151,34.3241,Yes,N/A,N/A,N/A,4,5,N/A,7,8,4 5,10,4 7,12,13,4 10,7 8,4 12,5 12,5 13
1 4 5 7 8 10 11 12,0.0254302,22.9907,Yes,N/A,N/A,N/A,4,5,1 5,7,8,4 5,10,11,12,1 12,4 10,4 11,4 12,5 12,7 11
4 5 7 8 10 11 13,0.00971721,32,Yes,N/A,N/A,N/A,4,5,N/A,7,8,4 5,10,11,5 7,13,4 10,7 8,5 11,4 13,5 13
4 5 7 8 10 11 12,0.0109353,31.1944,Yes,N/A,N/A,N/A,4,5,N/A,7,8,4 5,10,11,12,5 8,4 10,7 8,4 12,5 12,7 11
1 4 5 7 8 10 11 12 13,0.0150313,29.4954,Yes,N/A,N/A,N/A,4,5,1 5,7,8,4 5,10,11,12,13,1 13,4 11,4 12,4 13,5 13
4 5 7 9 10 11 12 13,0.00513559,43.3565,Yes,N/A,N/A,N/A,4,5,N/A,7,N/A,9,10,11,12,13,5 9,4 11,4 12,4 13,5 13
1 4 5 7 8 9,0.0739452,11.1157,Yes,N/A,N/A,N/A,4,5,1 5,7,8,9,1 9,4 7,4 8,5 8,5 9,7 8,7 9,8 9,1 8 9
4 5 7 8 9,0.0367316,17.7731,Yes,N/A,N/A,N/A,4,5,N/A,7,8,9,N/A,4 7,4 8,4 9,5 9,7 8,7 9,8 9,4 5 9
1 4 5 7 8 9 13,0.0305237,20.3009,Yes,N/A,N/A,N/A,4,5,1 5,7,8,9,1 9,4 7,4 8,13,1 13,7 8,7 9,4 13,5 13
1 4 5 7 8 9 12,0.0390737,18.2917,Yes,N/A,N/A,N/A,4,5,1 5,7,8,9,1 9,4 7,12,5 8,5 9,7 8,4 12,5 12,1 5 12
4 5 7 8 9 13,0.0131708,28.3611,Yes,N/A,N/A,N/A,4,5,N/A,7,8,9,N/A,4 7,4 8,13,5 9,7 8,7 9,4 13,5 13
4 5 7 8 9 12,0.0171268,26.7778,Yes,N/A,N/A,N/A,4,5,N/A,7,8,9,N/A,4 7,12,5 8,5 9,7 8,4 12,5 12,4 5 9
1 4 5 7 8 9 12 13,0.0181963,27.1528,Yes,N/A,N/A,N/A,4,5,1 5,7,8,9,1 9,4 7,12,13,1 13,7 8,4 12,5 12,5 13
1 4 5 7 8 9 11,0.046302,15.9769,Yes,N/A,N/A,N/A,4,5,1 5,7,8,9,1 9,11,4 8,5 8,5 9,4 11,5 11,8 9,7 11
4 5 7 8 9 11,0.0211228,24.8241,Yes,N/A,N/A,N/A,4,5,N/A,7,8,9,N/A,11,5 7,4 9,5 9,4 11,5 11,8 9,7 11
1 4 5 7 8 9 11 13,0.0234352,23.7315,Yes,N/A,N/A,N/A,4,5,1 5,7,8,9,1 9,11,4 8,13,1 13,4 11,5 11,4 13,5 13
4 5 7 8 9 12 13,0.00713091,37.2778,Yes,N/A,N/A,N/A,4,5,N/A,7,8,9,N/A,4 7,12,13,5 9,7 8,4 12,4 13,5 13
1 4 5 7 8 9 11 12,0.0266105,23.0231,Yes,N/A,N/A,N/A,4,5,1 5,7,8,9,1 9,11,12,5 8,5 9,4 11,4 12,5 12,7 11
4 5 7 8 9 11 13,0.00895542,35.0463,Yes,N/A,N/A,N/A,4,5,N/A,7,8,9,N/A,11,4 8,13,5 9,4 11,5 11,4 13,5 13
4 5 7 8 9 11 12,0.0105093,33.875,Yes,N/A,N/A,N/A,4,5,N/A,7,8,9,N/A,11,12,4 9,5 9,4 11,4 12,5 12,7 11
1 4 5 7 8 9 11 12 13,0.0147655,30.6574,Yes,N/A,N/A,N/A,4,5,1 5,7,8,9,1 9,11,12,13,1 13,4 11,4 12,4 13,5 13
4 5 7 8 10 11 12 13,0.00577855,39.5648,Yes,N/A,N/A,N/A,4,5,N/A,7,8,4 5,10,11,12,13,4 10,7 8,5 11,5 12,5 13
1 4 5 7 8 9 10,0.0554927,13.8148,Yes,N/A,N/A,N/A,4,5,1 5,7,8,9,10,1 10,4 8,4 9,5 9,5 10,7 9,8 9,8 10
4 5 7 8 9 10,0.0291242,20.088,Yes,N/A,N/A,N/A,4,5,N/A,7,8,9,10,4 7,5 7,5 8,4 10,5 10,7 9,8 9,8 10
1 4 5 7 8 9 10 13,0.0273929,21.9213,Yes,N/A,N/A,N/A,4,5,1 5,7,8,9,10,1 10,4 8,13,1 13,5 10,7 9,4 13,5 13
1 4 5 7 8 9 10 12,0.0343062,19.3426,Yes,N/A,N/A,N/A,4,5,1 5,7,8,9,10,4 7,12,1 12,5 9,5 10,4 12,5 12,8 10
4 5 7 8 9 10 13,0.0120961,29.7778,Yes,N/A,N/A,N/A,4,5,N/A,7,8,9,10,4 7,4 8,13,5 9,5 10,7 9,4 13,5 13
4 5 7 8 9 10 12,0.0151885,27.5602,Yes,N/A,N/A,N/A,4,5,N/A,7,8,9,10,4 7,12,5 8,5 9,5 10,4 12,5 12,8 10
1 4 5 7 8 9 10 12 13,0.0185885,27.1481,Yes,N/A,N/A,N/A,4,5,1 5,7,8,9,10,4 7,12,13,1 13,5 10,4 12,4 13,5 13
4 5 7 8 9 11 12 13,0.0052614,43.9259,Yes,N/A,N/A,N/A,4,5,N/A,7,8,9,N/A,11,12,13,5 9,4 11,4 12,4 13,5 13
1 4 5 7 8 9 10 11,0.0387972,17.75,Yes,N/A,N/A,N/A,4,5,1 5,7,8,9,10,11,1 11,4 9,4 10,4 11,5 11,7 10,8 10
4 5 7 8 9 10 11,0.0182948,25.713,Yes,N/A,N/A,N/A,4,5,N/A,7,8,9,10,11,5 7,4 9,4 10,4 11,5 11,7 10,7 11
1 4 5 7 8 9 10 11 13,0.021986,24.4815,Yes,N/A,N/A,N/A,4,5,1 5,7,8,9,10,11,4 8,13,1 13,4 11,5 11,4 13,5 13
4 5 7 8 9 10 12 13,0.007419,36.9167,Yes,N/A,N/A,N/A,4,5,N/A,7,8,9,10,4 7,12,13,5 9,5 10,4 12,5 12,5 13
1 4 5 7 8 9 10 11 12,0.0256508,23.1343,Yes,N/A,N/A,N/A,4,5,1 5,7,8,9,10,11,12,1 12,4 10,4 11,4 12,5 12,8 10
4 5 7 8 9 10 11 13,0.00904334,34.412,Yes,N/A,N/A,N/A,4,5,N/A,7,8,9,10,11,4 8,13,4 10,4 11,5 11,4 13,5 13
4 5 7 8 9 10 11 12,0.01072,32.7824,Yes,N/A,N/A,N/A,4,5,N/A,7,8,9,10,11,12,5 8,4 10,4 11,4 12,5 12,7 11
1 4 5 7 8 9 10 11 12 13,0.0158837,29.5556,Yes,N/A,N/A,N/A,4,5,1 5,7,8,9,10,11,12,13,1 13,4 11,4 12,4 13,5 13
4 6 7 8 9 10 11 12 13,0.00555178,40.6713,Yes,N/A,N/A,N/A,4,N/A,6,7,8,9,10,11,12,13,6 8,4 11,4 12,4 13,6 12
1 4 5 6,0.0771998,7.875,Yes,N/A,N/A,N/A,4,5,6,1 6,N/A,4 5,4 6,5 6,1 5 6,N/A,N/A,4 5 6,1 4 5 6,N/A,N/A
4 5 6,0.0675369,9.625,Yes,N/A,N/A,N/A,4,5,6,N/A,N/A,4 5,4 6,5 6,N/A,N/A,N/A,4 5 6,N/A,N/A,N/A
1 4 5 6 13,0.0354423,15.1019,Yes,N/A,N/A,N/A,4,5,6,1 6,N/A,4 5,4 6,5 6,1 5 6,13,1 13,4 5 6,1 4 5 6,4 13,5 13
1 4 5 6 12,0.0446973,14.8611,Yes,N/A,N/A,N/A,4,5,6,1 6,N/A,4 5,4 6,5 6,12,1 12,N/A,4 5 6,4 12,5 12,6 12
4 5 6 13,0.0199623,19.787,Yes,N/A,N/A,N/A,4,5,6,N/A,N/A,4 5,4 6,5 6,N/A,13,N/A,4 5 6,N/A,4 13,5 13
4 5 6 12,0.0298713,17.8843,Yes,N/A,N/A,N/A,4,5,6,N/A,N/A,4 5,4 6,5 6,12,N/A,N/A,4 5 6,4 12,5 12,6 12
1 4 5 6 12 13,0.0204538,23.3194,Yes,N/A,N/A,N/A,4,5,6,1 6,N/A,4 5,4 6,5 6,12,13,1 13,4 5 6,4 12,5 12,5 13
1 4 5 6 11,0.0476731,15.0602,Yes,N/A,N/A,N/A,4,5,6,1 6,N/A,4 5,4 6,11,1 11,N/A,N/A,4 11,5 11,6 11,1 6 11
4 5 6 11,0.0295576,18.4259,Yes,N/A,N/A,N/A,4,5,6,N/A,N/A,4 5,4 6,11,N/A,N/A,N/A,4 11,5 11,6 11,N/A
1 4 5 6 11 13,0.0246879,21.088,Yes,N/A,N/A,N/A,4,5,6,1 6,N/A,4 5,4 6,11,1 11,13,1 13,4 11,5 11,6 11,5 13
4 5 6 12 13,0.0107485,27.1435,Yes,N/A,N/A,N/A,4,5,6,N/A,N/A,4 5,4 6,5 6,12,13,N/A,4 5 6,4 12,4 13,5 13
1 4 5 6 11 12,0.0270509,22.037,Yes,N/A,N/A,N/A,4,5,6,1 6,N/A,4 5,4 6,11,12,1 12,N/A,4 11,5 11,5 12,6 12
4 5 6 11 13,0.0104554,28.0972,Yes,N/A,N/A,N/A,4,5,6,N/A,N/A,4 5,4 6,11,N/A,13,N/A,4 11,5 11,6 11,5 13
4 5 6 11 12,0.0138399,26.4676,Yes,N/A,N/A,N/A,4,5,6,N/A,N/A,4 5,4 6,11,12,N/A,N/A,4 11,5 11,5 12,6 12
1 4 5 6 11 12 13,0.0143916,29.6111,Yes,N/A,N/A,N/A,4,5,6,1 6,N/A,4 5,4 6,11,12,13,1 13,4 11,5 11,5 12,6 12
1 4 5 6 10,0.062411,13.1991,Yes,N/A,N/A,N/A,4,5,6,1 6,N/A,4 5,10,1 10,1 5 6,N/A,4 10,5 10,6 10,1 6 10,N/A
4 5 6 10,0.0428205,16.5787,Yes,N/A,N/A,N/A,4,5,6,N/A,N/A,4 5,10,5 6,N/A,N/A,4 10,5 10,6 10,N/A,N/A
1 4 5 6 10 13,0.0280075,20.5417,Yes,N/A,N/A,N/A,4,5,6,1 6,N/A,4 5,10,1 10,1 5 6,13,1 13,5 10,6 10,4 13,5 13
1 4 5 6 10 12,0.0386335,18.4398,Yes,N/A,N/A,N/A,4,5,6,1 6,N/A,4 5,10,5 6,12,1 12,4 10,5 10,4 12,5 12,6 12
4 5 6 10 13,0.0151439,25.7685,Yes,N/A,N/A,N/A,4,5,6,N/A,N/A,4 5,10,5 6,N/A,13,4 10,5 10,6 10,4 13,5 13
4 5 6 10 12,0.0195619,23.8889,Yes,N/A,N/A,N/A,4,5,6,N/A,N/A,4 5,10,5 6,12,N/A,4 10,5 10,4 12,5 12,6 12
1 4 5 6 10 12 13,0.0176315,27.1157,Yes,N/A,N/A,N/A,4,5,6,1 6,N/A,4 5,10,1 10,12,13,1 13,5 10,4 12,4 13,5 13
4 5 6 11 12 13,0.00617055,35.3611,Yes,N/A,N/A,N/A,4,5,6,N/A,N/A,4 5,4 6,11,12,13,N/A,4 11,5 11,5 12,5 13
1 4 5 6 10 11,0.0347925,20.5324,Yes,N/A,N/A,N/A,4,5,6,1 6,N/A,4 5,10,11,1 11,N/A,4 10,4 11,6 10,6 11,1 6 11
4 5 6 10 11,0.0167896,25.4259,Yes,N/A,N/A,N/A,4,5,6,N/A,N/A,4 5,10,11,N/A,N/A,4 10,4 11,6 10,6 11,N/A
1 4 5 6 10 11 13,0.0189686,26.338,Yes,N/A,N/A,N/A,4,5,6,1 6,N/A,4 5,10,11,1 11,13,1 13,4 11,6 10,6 11,5 13
4 5 6 10 12 13,0.00871807,32.2361,Yes,N/A,N/A,N/A,4,5,6,N/A,N/A,4 5,10,5 6,12,13,4 10,5 10,4 12,4 13,6 12
1 4 5 6 10 11 12,0.0220572,25.8657,Yes,N/A,N/A,N/A,4,5,6,1 6,N/A,4 5,10,11,12,1 12,4 10,4 11,5 11,6 11,6 12
4 5 6 10 11 13,0.00750941,34.0833,Yes,N/A,N/A,N/A,4,5,6,N/A,N/A,4 5,10,11,N/A,13,4 10,4 11,6 10,6 11,5 13
4 5 6 10 11 12,0.00958119,32.2963,Yes,N/A,N/A,N/A,4,5,6,N/A,N/A,4 5,10,11,12,N/A,4 10,4 11,6 10,6 11,6 12
1 4 5 6 10 11 12 13,0.0125004,33.5417,Yes,N/A,N/A,N/A,4,5,6,1 6,N/A,4 5,10,11,12,13,1 13,4 11,6 10,6 11,6 12
1 4 5 6 9,0.0830374,10.6713,Yes,N/A,N/A,N/A,4,5,6,1 6,N/A,9,1 9,5 6,1 5 6,4 9,5 9,6 9,1 6 9,N/A,4 5 9
4 5 6 9,0.0594644,14.4907,Yes,N/A,N/A,N/A,4,5,6,N/A,N/A,9,4 6,5 6,N/A,4 9,5 9,6 9,N/A,N/A,4 5 9
1 4 5 6 9 13,0.0303914,19.9722,Yes,N/A,N/A,N/A,4,5,6,1 6,N/A,9,1 9,5 6,1 5 6,13,1 13,6 9,1 6 9,4 13,5 13
1 4 5 6 9 12,0.044795,17.213,Yes,N/A,N/A,N/A,4,5,6,1 6,N/A,9,1 9,5 6,12,1 12,5 9,6 9,4 12,5 12,6 12
4 5 6 9 13,0.0163633,25.3148,Yes,N/A,N/A,N/A,4,5,6,N/A,N/A,9,4 6,5 6,N/A,13,5 9,6 9,N/A,4 13,5 13
4 5 6 9 12,0.0266075,21.0509,Yes,N/A,N/A,N/A,4,5,6,N/A,N/A,9,4 6,5 6,12,4 9,5 9,6 9,4 12,5 12,6 12
1 4 5 6 9 12 13,0.0194864,26.6898,Yes,N/A,N/A,N/A,4,5,6,1 6,N/A,9,1 9,5 6,12,13,1 13,6 9,4 12,4 13,5 13
1 4 5 6 9 11,0.0494586,16.4213,Yes,N/A,N/A,N/A,4,5,6,1 6,N/A,9,4 6,11,1 11,4 9,5 9,4 11,5 11,6 11,1 6 11
4 5 6 9 11,0.023787,22.4213,Yes,N/A,N/A,N/A,4,5,6,N/A,N/A,9,4 6,11,N/A,4 9,5 9,4 11,5 11,6 11,4 5 9
1 4 5 6 9 11 13,0.0228794,24.8657,Yes,N/A,N/A,N/A,4,5,6,1 6,N/A,9,4 6,11,1 11,13,5 9,4 11,5 11,4 13,5 13
4 5 6 9 12 13,0.00970515,31.463,Yes,N/A,N/A,N/A,4,5,6,N/A,N/A,9,4 6,5 6,12,13,5 9,6 9,4 12,4 13,5 13
1 4 5 6 9 11 12,0.0287489,23.2361,Yes,N/A,N/A,N/A,4,5,6,1 6,N/A,9,4 6,11,12,1 12,5 9,4 11,5 11,5 12,6 12
4 5 6 9 11 13,0.00920676,32.9352,Yes,N/A,N/A,N/A,4,5,6,N/A,N/A,9,4 6,11,N/A,13,5 9,4 11,5 11,4 13,5 13
4 5 6 9 11 12,0.013413,28.8241,Yes,N/A,N/A,N/A,4,5,6,N/A,N/A,9,4 6,11,12,4 9,5 9,4 11,5 11,5 12,6 12
1 4 5 6 9 11 12 13,0.0147932,31.7546,Yes,N/A,N/A,N/A,4,5,6,1 6,N/A,9,4 6,11,12,13,1 13,4 11,4 12,5 12,5 13
4 5 6 10 11 12 13,0.00513451,39.7639,Yes,N/A,N/A,N/A,4,5,6,N/A,N/A,4 5,10,11,12,13,4 10,4 11,6 10,6 11,6 12
1 4 5 6 9 10,0.052569,15.8843,Yes,N/A,N/A,N/A,4,5,6,1 6,N/A,9,10,1 10,1 5 6,4 9,4 10,5 10,6 10,1 6 10,4 5 9
4 5 6 9 10,0.0288174,21.2824,Yes,N/A,N/A,N/A,4,5,6,N/A,N/A,9,10,5 6,N/A,4 9,4 10,5 10,6 10,N/A,4 5 9
1 4 5 6 9 10 13,0.0222296,25.1435,Yes,N/A,N/A,N/A,4,5,6,1 6,N/A,9,10,1 10,1 5 6,13,4 10,5 10,6 10,4 13,5 13
1 4 5 6 9 10 12,0.0331789,21.75,Yes,N/A,N/A,N/A,4,5,6,1 6,N/A,9,10,5 6,12,1 12,4 10,5 10,4 12,5 12,6 12
4 5 6 9 10 13,0.0105835,31.8426,Yes,N/A,N/A,N/A,4,5,6,N/A,N/A,9,10,5 6,N/A,13,4 10,6 9,6 10,4 13,5 13
4 5 6 9 10 12,0.0166463,27.0417,Yes,N/A,N/A,N/A,4,5,6,N/A,N/A,9,10,5 6,12,4 9,4 10,5 10,4 12,5 12,6 12
1 4 5 6 9 10 12 13,0.0159976,30.8565,Yes,N/A,N/A,N/A,4,5,6,1 6,N/A,9,10,1 10,12,13,1 13,5 10,4 12,4 13,5 13
4 5 6 9 11 12 13,0.00626506,38.2176,Yes,N/A,N/A,N/A,4,5,6,N/A,N/A,9,4 6,11,12,13,5 9,4 11,4 12,4 13,5 13
1 4 5 6 9 10 11,0.0327749,21.8009,Yes,N/A,N/A,N/A,4,5,6,1 6,N/A,9,10,11,1 11,4 9,4 10,5 10,6 10,6 11,1 6 11
4 5 6 9 10 11,0.0140512,29.4907,Yes,N/A,N/A,N/A,4,5,6,N/A,N/A,9,10,11,N/A,4 9,4 10,4 11,5 11,6 11,4 5 9
1 4 5 6 9 10 11 13,0.0170182,29.9907,Yes,N/A,N/A,N/A,4,5,6,1 6,N/A,9,10,11,1 11,13,4 10,4 11,6 10,4 13,5 13
4 5 6 9 10 12 13,0.00740853,36.9583,Yes,N/A,N/A,N/A,4,5,6,N/A,N/A,9,10,5 6,12,13,4 10,6 9,4 12,4 13,5 13
1 4 5 6 9 10 11 12,0.0217748,27.9352,Yes,N/A,N/A,N/A,4,5,6,1 6,N/A,9,10,11,12,1 12,4 10,4 11,5 11,5 12,6 12
4 5 6 9 10 11 13,0.0064234,39.6852,Yes,N/A,N/A,N/A,4,5,6,N/A,N/A,9,10,11,N/A,13,4 10,4 11,5 11,4 13,5 13
4 5 6 9 10 11 12,0.00945045,34.6389,Yes,N/A,N/A,N/A,4,5,6,N/A,N/A,9,10,11,12,4 9,5 9,4 11,5 11,5 12,6 12
1 4 5 6 9 10 11 12 13,0.0125756,35.9583,Yes,N/A,N/A,N/A,4,5,6,1 6,N/A,9,10,11,12,13,1 13,4 11,4 12,4 13,5 13
1 4 5 6 8,0.104521,8.05093,Yes,N/A,N/A,N/A,4,5,6,1 6,8,1 8,4 6,5 6,4 8,5 8,6 8,1 6 8,1 4 5 6,4 5 8,4 6 8
4 5 6 8,0.0874956,10.6065,Yes,N/A,N/A,N/A,4,5,6,N/A,8,4 5,4 6,5 6,4 8,5 8,6 8,4 5 6,N/A,4 5 8,4 6 8
1 4 5 6 8 13,0.0423261,16.6481,Yes,N/A,N/A,N/A,4,5,6,1 6,8,1 8,4 6,5 6,4 8,13,1 13,4 5 6,1 4 5 6,4 13,5 13
1 4 5 6 8 12,0.0533373,14.5694,Yes,N/A,N/A,N/A,4,5,6,1 6,8,1 8,4 6,5 6,12,1 12,6 8,4 5 6,4 12,5 12,6 12
4 5 6 8 13,0.0243801,21.0648,Yes,N/A,N/A,N/A,4,5,6,N/A,8,4 5,4 6,5 6,4 8,13,6 8,4 5 6,N/A,4 13,5 13
4 5 6 8 12,0.0308159,18.9213,Yes,N/A,N/A,N/A,4,5,6,N/A,8,4 5,4 6,5 6,12,5 8,6 8,4 5 6,4 12,5 12,6 12
1 4 5 6 8 12 13,0.0227495,23.6852,Yes,N/A,N/A,N/A,4,5,6,1 6,8,1 8,4 6,5 6,12,13,1 13,4 5 6,4 12,5 12,5 13
1 4 5 6 8 11,0.0663767,12.6019,Yes,N/A,N/A,N/A,4,5,6,1 6,8,4 5,4 6,11,1 11,5 8,6 8,4 11,5 11,6 11,1 6 11
4 5 6 8 11,0.0347578,17.7731,Yes,N/A,N/A,N/A,4,5,6,N/A,8,4 5,4 6,11,4 8,5 8,6 8,4 11,5 11,6 11,4 6 8
1 4 5 6 8 11 13,0.0294503,20.4537,Yes,N/A,N/A,N/A,4,5,6,1 6,8,4 5,4 6,11,1 11,13,1 13,4 11,5 11,4 13,5 13
4 5 6 8 12 13,0.0111624,29.088,Yes,N/A,N/A,N/A,4,5,6,N/A,8,4 5,4 6,5 6,12,13,6 8,4 5 6,4 12,4 13,5 13
1 4 5 6 8 11 12,0.0354551,19.1852,Yes,N/A,N/A,N/A,4,5,6,1 6,8,4 5,4 6,11,12,1 12,6 8,4 11,5 11,5 12,6 12
4 5 6 8 11 13,0.0125901,27.7454,Yes,N/A,N/A,N/A,4,5,6,N/A,8,4 5,4 6,11,4 8,13,6 8,4 11,5 11,4 13,5 13
4 5 6 8 11 12,0.0170198,25.4259,Yes,N/A,N/A,N/A,4,5,6,N/A,8,4 5,4 6,11,12,5 8,6 8,4 11,4 12,5 12,6 12
1 4 5 6 8 11 12 13,0.0176486,27.5324,Yes,N/A,N/A,N/A,4,5,6,1 6,8,4 5,4 6,11,12,13,1 13,4 11,5 11,5 12,5 13
1 4 5 6 8 10,0.0701823,11.625,Yes,N/A,N/A,N/A,4,5,6,1 6,8,4 5,10,1 10,4 8,5 8,4 10,5 10,6 10,1 6 10,8 10
4 5 6 8 10,0.040017,16.3889,Yes,N/A,N/A,N/A,4,5,6,N/A,8,4 5,10,5 6,4 8,5 8,4 10,5 10,6 10,4 5 8,8 10
1 4 5 6 8 10 13,0.0337205,19.1481,Yes,N/A,N/A,N/A,4,5,6,1 6,8,4 5,10,5 6,4 8,13,1 13,5 10,6 10,4 13,5 13
1 4 5 6 8 10 12,0.0411168,16.8102,Yes,N/A,N/A,N/A,4,5,6,1 6,8,4 5,10,1 10,12,1 12,4 10,5 10,4 12,5 12,6 12
4 5 6 8 10 13,0.0157479,25.7963,Yes,N/A,N/A,N/A,4,5,6,N/A,8,4 5,10,5 6,4 8,13,6 8,5 10,6 10,4 13,8 10
4 5 6 8 10 12,0.0186306,24.3704,Yes,N/A,N/A,N/A,4,5,6,N/A,8,4 5,10,5 6,12,5 8,4 10,5 10,4 12,5 12,6 12
1 4 5 6 8 10 12 13,0.0209067,25.0139,Yes,N/A,N/A,N/A,4,5,6,1 6,8,4 5,10,5 6,12,13,1 13,5 10,4 12,4 13,5 13
4 5 6 8 11 12 13,0.00742325,34.9815,Yes,N/A,N/A,N/A,4,5,6,N/A,8,4 5,4 6,11,12,13,6 8,4 11,5 11,5 12,5 13
1 4 5 6 8 10 11,0.0445282,16.3843,Yes,N/A,N/A,N/A,4,5,6,1 6,8,4 5,10,11,1 11,5 8,4 10,5 10,5 11,6 11,8 10
4 5 6 8 10 11,0.0212096,23.2083,Yes,N/A,N/A,N/A,4,5,6,N/A,8,4 5,10,11,4 8,5 8,6 8,4 11,6 10,6 11,8 10
1 4 5 6 8 10 11 13,0.0237933,23.0972,Yes,N/A,N/A,N/A,4,5,6,1 6,8,4 5,10,11,1 11,13,1 13,5 10,5 11,4 13,5 13
4 5 6 8 10 12 13,0.00881385,33.3889,Yes,N/A,N/A,N/A,4,5,6,N/A,8,4 5,10,5 6,12,13,6 8,5 10,4 12,4 13,6 12
1 4 5 6 8 10 11 12,0.0282527,21.6944,Yes,N/A,N/A,N/A,4,5,6,1 6,8,4 5,10,11,12,1 12,4 10,4 11,4 12,5 12,6 12
4 5 6 8 10 11 13,0.00966411,32.0417,Yes,N/A,N/A,N/A,4,5,6,N/A,8,4 5,10,11,4 8,13,6 8,5 10,6 10,4 13,5 13
4 5 6 8 10 11 12,0.0122052,30.3102,Yes,N/A,N/A,N/A,4,5,6,N/A,8,4 5,10,11,12,5 8,6 8,4 11,4 12,6 11,6 12
1 4 5 6 8 10 11 12 13,0.0162792,28.7778,Yes,N/A,N/A,N/A,4,5,6,1 6,8,4 5,10,11,12,13,1 13,4 11,4 12,5 12,5 13
4 5 6 9 10 11 12 13,0.00508615,43.537,Yes,N/A,N/A,N/A,4,5,6,N/A,N/A,9,10,11,12,13,5 9,4 11,4 12,4 13,5 13
1 4 5 6 8 9,0.0787858,10.4074,Yes,N/A,N/A,N/A,4,5,6,1 6,8,9,1 9,5 6,4 8,4 9,5 9,6 9,1 6 9,8 9,1 8 9
4 5 6 8 9,0.0446227,15.5093,Yes,N/A,N/A,N/A,4,5,6,N/A,8,9,4 6,5 6,4 8,4 9,5 9,6 9,N/A,8 9,4 5 9
1 4 5 6 8 9 13,0.0344171,19.3009,Yes,N/A,N/A,N/A,4,5,6,1 6,8,9,1 9,5 6,4 8,13,1 13,6 9,1 6 9,4 13,5 13
1 4 5 6 8 9 12,0.0431113,16.8796,Yes,N/A,N/A,N/A,4,5,6,1 6,8,9,1 9,5 6,12,1 12,5 9,6 9,4 12,5 12,6 12
4 5 6 8 9 13,0.0159832,26.0509,Yes,N/A,N/A,N/A,4,5,6,N/A,8,9,4 6,5 6,4 8,13,5 9,6 9,N/A,4 13,5 13
4 5 6 8 9 12,0.0217144,23.0741,Yes,N/A,N/A,N/A,4,5,6,N/A,8,9,4 6,5 6,12,4 9,5 9,6 9,4 12,5 12,6 12
1 4 5 6 8 9 12 13,0.0206799,25.9722,Yes,N/A,N/A,N/A,4,5,6,1 6,8,9,1 9,5 6,12,13,1 13,6 9,4 12,4 13,5 13
1 4 5 6 8 9 11,0.0519038,14.5556,Yes,N/A,N/A,N/A,4,5,6,1 6,8,9,1 9,11,1 11,5 8,5 9,4 11,5 11,6 11,4 6 8
4 5 6 8 9 11,0.0250389,21.6852,Yes,N/A,N/A,N/A,4,5,6,N/A,8,9,4 6,11,4 8,5 8,5 9,6 9,5 11,6 11,4 5 9
1 4 5 6 8 9 11 13,0.0252074,22.7454,Yes,N/A,N/A,N/A,4,5,6,1 6,8,9,1 9,11,1 11,13,1 13,4 11,5 11,4 13,5 13
4 5 6 8 9 12 13,0.0091507,33.3935,Yes,N/A,N/A,N/A,4,5,6,N/A,8,9,4 6,5 6,12,13,5 9,6 9,4 12,4 13,5 13
1 4 5 6 8 9 11 12,0.0314626,20.5694,Yes,N/A,N/A,N/A,4,5,6,1 6,8,9,1 9,11,12,1 12,5 9,4 11,4 12,5 12,6 12
4 5 6 8 9 11 13,0.0106539,31.2222,Yes,N/A,N/A,N/A,4,5,6,N/A,8,9,4 6,11,4 8,13,5 9,6 9,5 11,4 13,5 13
4 5 6 8 9 11 12,0.0143874,28.625,Yes,N/A,N/A,N/A,4,5,6,N/A,8,9,4 6,11,12,5 8,5 9,4 11,5 11,5 12,6 12
1 4 5 6 8 9 11 12 13,0.016982,28.412,Yes,N/A,N/A,N/A,4,5,6,1 6,8,9,1 9,11,12,13,1 13,4 11,4 12,5 12,5 13
4 5 6 8 10 11 12 13,0.00647642,38.5093,Yes,N/A,N/A,N/A,4,5,6,N/A,8,4 5,10,11,12,13,6 8,4 11,4 12,4 13,6 12
1 4 5 6 8 9 10,0.0552347,14.0509,Yes,N/A,N/A,N/A,4,5,6,1 6,8,9,10,1 10,4 8,4 9,4 10,5 10,6 10,8 9,8 10
4 5 6 8 9 10,0.0300152,20.213,Yes,N/A,N/A,N/A,4,5,6,N/A,8,9,10,5 6,4 8,4 9,4 10,5 10,6 10,8 9,8 10
1 4 5 6 8 9 10 13,0.0274684,22.3102,Yes,N/A,N/A,N/A,4,5,6,1 6,8,9,10,1 10,4 8,13,1 13,5 10,6 10,4 13,5 13
1 4 5 6 8 9 10 12,0.0350892,19.2361,Yes,N/A,N/A,N/A,4,5,6,1 6,8,9,10,1 10,12,4 9,4 10,5 10,4 12,5 12,6 12
4 5 6 8 9 10 13,0.0125556,29.9954,Yes,N/A,N/A,N/A,4,5,6,N/A,8,9,10,5 6,4 8,13,4 10,5 10,6 10,4 13,5 13
4 5 6 8 9 10 12,0.0164699,27.4815,Yes,N/A,N/A,N/A,4,5,6,N/A,8,9,10,5 6,12,4 9,4 10,5 10,4 12,5 12,8 10
1 4 5 6 8 9 10 12 13,0.0188266,27.5231,Yes,N/A,N/A,N/A,4,5,6,1 6,8,9,10,1 10,12,13,1 13,5 10,4 12,4 13,5 13
4 5 6 8 9 11 12 13,0.00707875,37.6944,Yes,N/A,N/A,N/A,4,5,6,N/A,8,9,4 6,11,12,13,5 9,4 11,5 11,5 12,5 13
1 4 5 6 8 9 10 11,0.039925,17.9167,Yes,N/A,N/A,N/A,4,5,6,1 6,8,9,10,11,1 11,4 9,4 10,5 10,5 11,6 11,8 10
4 5 6 8 9 10 11,0.0177911,26.8102,Yes,N/A,N/A,N/A,4,5,6,N/A,8,9,10,11,4 8,4 9,4 10,5 10,5 11,6 11,8 10
1 4 5 6 8 9 10 11 13,0.021989,25.0046,Yes,N/A,N/A,N/A,4,5,6,1 6,8,9,10,11,1 11,13,5 9,5 10,5 11,4 13,5 13
4 5 6 8 9 10 12 13,0.00803793,36.662,Yes,N/A,N/A,N/A,4,5,6,N/A,8,9,10,5 6,12,13,4 10,5 10,4 12,4 13,5 13
1 4 5 6 8 9 10 11 12,0.0269787,22.7824,Yes,N/A,N/A,N/A,4,5,6,1 6,8,9,10,11,12,1 12,5 9,4 11,5 11,5 12,6 12
4 5 6 8 9 10 11 13,0.00894708,35.2685,Yes,N/A,N/A,N/A,4,5,6,N/A,8,9,10,11,4 8,13,5 9,6 9,5 11,4 13,5 13
4 5 6 8 9 10 11 12,0.0116861,32.5648,Yes,N/A,N/A,N/A,4,5,6,N/A,8,9,10,11,12,5 8,6 8,4 11,4 12,5 12,6 12
1 4 5 6 8 9 10 11 12 13,0.0164937,29.588,Yes,N/A,N/A,N/A,4,5,6,1 6,8,9,10,11,12,13,5 9,5 10,4 12,4 13,5 13
4 5 7 8 9 10 11 12 13,0.00606374,41.0509,Yes,N/A,N/A,N/A,4,5,N/A,7,8,9,10,11,12,13,4 10,4 11,4 12,4 13,5 13
1 4 5 6 7,0.11218,7.53241,Yes,N/A,N/A,N/A,4,5,6,7,1 7,4 5,4 6,5 6,5 7,6 7,1 6 7,4 5 6,4 5 7,4 6 7,5 6 7
4 5 6 7,0.0827951,10.8287,Yes,N/A,N/A,N/A,4,5,6,7,N/A,4 5,4 6,4 7,5 7,6 7,N/A,4 5 6,4 5 7,4 6 7,5 6 7
1 4 5 6 7 13,0.0457444,15.8102,Yes,N/A,N/A,N/A,4,5,6,7,1 7,4 5,4 6,5 6,5 7,13,1 13,4 5 6,4 5 7,4 13,5 13
1 4 5 6 7 12,0.0523677,14.6019,Yes,N/A,N/A,N/A,4,5,6,7,1 7,4 5,4 6,5 6,12,1 12,1 6 7,4 5 6,4 12,5 12,6 12
4 5 6 7 13,0.0230504,21.4444,Yes,N/A,N/A,N/A,4,5,6,7,N/A,4 5,4 6,5 6,5 7,13,N/A,4 5 6,4 5 7,4 13,5 13
4 5 6 7 12,0.0277901,20.037,Yes,N/A,N/A,N/A,4,5,6,7,N/A,4 5,4 6,4 7,12,6 7,N/A,4 5 6,4 12,5 12,6 12
1 4 5 6 7 12 13,0.0230239,23.4769,Yes,N/A,N/A,N/A,4,5,6,7,1 7,4 5,4 6,5 6,12,13,1 13,4 5 6,4 12,5 12,6 12
1 4 5 6 7 11,0.0628558,12.8426,Yes,N/A,N/A,N/A,4,5,6,7,1 7,4 5,4 6,11,1 11,6 7,1 6 7,4 11,5 11,6 11,7 11
4 5 6 7 11,0.0338422,18.6806,Yes,N/A,N/A,N/A,4,5,6,7,N/A,4 5,4 6,11,5 7,6 7,N/A,4 11,5 11,6 11,7 11
1 4 5 6 7 11 13,0.0283234,20.9444,Yes,N/A,N/A,N/A,4,5,6,7,1 7,4 5,4 6,11,1 11,13,1 13,4 11,5 11,6 11,5 13
4 5 6 7 12 13,0.00996075,30.6991,Yes,N/A,N/A,N/A,4,5,6,7,N/A,4 5,4 6,5 6,12,13,N/A,4 5 6,4 12,4 13,5 13
1 4 5 6 7 11 12,0.0313982,20.4398,Yes,N/A,N/A,N/A,4,5,6,7,1 7,4 5,4 6,11,12,1 12,1 6 7,4 11,5 11,5 12,6 12
4 5 6 7 11 13,0.0120182,29.0278,Yes,N/A,N/A,N/A,4,5,6,7,N/A,4 5,4 6,11,5 7,13,N/A,4 11,5 11,6 11,7 11
4 5 6 7 11 12,0.0145807,27.7222,Yes,N/A,N/A,N/A,4,5,6,7,N/A,4 5,4 6,11,12,6 7,N/A,4 11,5 11,5 12,7 11
1 4 5 6 7 11 12 13,0.016058,28.4954,Yes,N/A,N/A,N/A,4,5,6,7,1 7,4 5,4 6,11,12,13,1 13,4 11,5 11,5 12,6 12
1 4 5 6 7 10,0.0691992,11.4167,Yes,N/A,N/A,N/A,4,5,6,7,1 7,4 5,10,1 10,5 7,6 7,4 10,5 10,6 10,7 10,1 7 10
4 5 6 7 10,0.0395706,16.0185,Yes,N/A,N/A,N/A,4,5,6,7,N/A,4 5,10,5 6,5 7,6 7,4 10,5 10,6 10,7 10,5 6 7
1 4 5 6 7 10 13,0.0314743,19.4491,Yes,N/A,N/A,N/A,4,5,6,7,1 7,4 5,10,1 10,5 7,13,1 13,5 10,6 10,4 13,5 13
1 4 5 6 7 10 12,0.0404068,17.3009,Yes,N/A,N/A,N/A,4,5,6,7,1 7,4 5,10,5 6,12,1 12,4 10,5 10,4 12,5 12,6 12
4 5 6 7 10 13,0.0144275,26.2407,Yes,N/A,N/A,N/A,4,5,6,7,N/A,4 5,10,4 7,5 7,13,4 10,5 10,6 10,4 13,5 13
4 5 6 7 10 12,0.0192925,24.088,Yes,N/A,N/A,N/A,4,5,6,7,N/A,4 5,10,4 7,12,6 7,4 10,5 10,4 12,7 10,6 12
1 4 5 6 7 10 12 13,0.0203433,25.5046,Yes,N/A,N/A,N/A,4,5,6,7,1 7,4 5,10,5 6,12,13,1 13,5 10,4 12,4 13,6 12
4 5 6 7 11 12 13,0.00610912,37.9907,Yes,N/A,N/A,N/A,4,5,6,7,N/A,4 5,4 6,11,12,13,N/A,4 11,5 11,6 11,5 13
1 4 5 6 7 10 11,0.0434743,16.8333,Yes,N/A,N/A,N/A,4,5,6,7,1 7,4 5,10,11,1 11,6 7,4 10,4 11,5 11,6 11,7 11
4 5 6 7 10 11,0.02211,23.2546,Yes,N/A,N/A,N/A,4,5,6,7,N/A,4 5,10,11,5 7,6 7,4 10,4 11,5 11,6 11,7 11
1 4 5 6 7 10 11 13,0.022262,24.2454,Yes,N/A,N/A,N/A,4,5,6,7,1 7,4 5,10,11,1 11,13,1 13,4 11,6 10,6 11,5 13
4 5 6 7 10 12 13,0.00830825,33.8519,Yes,N/A,N/A,N/A,4,5,6,7,N/A,4 5,10,5 6,12,13,4 10,5 10,4 12,4 13,6 12
1 4 5 6 7 10 11 12,0.0262119,23.1343,Yes,N/A,N/A,N/A,4,5,6,7,1 7,4 5,10,11,12,1 12,4 10,4 11,5 11,6 11,6 12
4 5 6 7 10 11 13,0.00921422,33.1713,Yes,N/A,N/A,N/A,4,5,6,7,N/A,4 5,10,11,5 7,13,4 10,4 11,6 10,6 11,7 11
4 5 6 7 10 11 12,0.01193,31.0648,Yes,N/A,N/A,N/A,4,5,6,7,N/A,4 5,10,11,12,6 7,4 10,4 11,4 12,6 11,6 12
1 4 5 6 7 10 11 12 13,0.0149776,30.2917,Yes,N/A,N/A,N/A,4,5,6,7,1 7,4 5,10,11,12,13,1 13,4 11,6 10,6 11,6 12
1 4 5 6 7 9,0.0814264,9.43056,Yes,N/A,N/A,N/A,4,5,6,7,1 7,9,1 9,5 6,5 7,4 9,5 9,6 9,7 9,1 7 9,5 6 7
4 5 6 7 9,0.0453404,14.6065,Yes,N/A,N/A,N/A,4,5,6,7,N/A,9,4 6,4 7,5 7,4 9,5 9,6 9,7 9,4 6 7,4 5 9
1 4 5 6 7 9 13,0.0380751,17.5556,Yes,N/A,N/A,N/A,4,5,6,7,1 7,9,4 6,5 6,5 7,13,1 13,6 9,7 9,4 13,5 13
1 4 5 6 7 9 12,0.0464322,15.5509,Yes,N/A,N/A,N/A,4,5,6,7,1 7,9,4 6,5 6,12,1 12,5 9,6 9,4 12,5 12,6 12
4 5 6 7 9 13,0.0168922,24.8009,Yes,N/A,N/A,N/A,4,5,6,7,N/A,9,4 6,4 7,5 7,13,5 9,6 9,7 9,4 13,5 13
4 5 6 7 9 12,0.0211618,23.1343,Yes,N/A,N/A,N/A,4,5,6,7,N/A,9,4 6,4 7,12,4 9,5 9,6 9,4 12,5 12,6 12
1 4 5 6 7 9 12 13,0.023013,23.8287,Yes,N/A,N/A,N/A,4,5,6,7,1 7,9,4 6,5 6,12,13,1 13,6 9,4 12,4 13,5 13
1 4 5 6 7 9 11,0.0527845,14.1343,Yes,N/A,N/A,N/A,4,5,6,7,1 7,9,4 6,11,1 11,6 7,5 9,4 11,5 11,6 11,7 11
4 5 6 7 9 11,0.0261025,21.7083,Yes,N/A,N/A,N/A,4,5,6,7,N/A,9,4 6,11,5 7,6 7,5 9,4 11,5 11,6 11,7 11
1 4 5 6 7 9 11 13,0.0268554,21.8241,Yes,N/A,N/A,N/A,4,5,6,7,1 7,9,4 6,11,1 11,13,1 13,4 11,5 11,4 13,5 13
4 5 6 7 9 12 13,0.00923418,32.75,Yes,N/A,N/A,N/A,4,5,6,7,N/A,9,4 6,4 7,12,13,5 9,6 9,4 12,4 13,5 13
1 4 5 6 7 9 11 12,0.0317899,20.2685,Yes,N/A,N/A,N/A,4,5,6,7,1 7,9,4 6,11,12,1 12,5 9,4 11,4 12,5 12,6 12
4 5 6 7 9 11 13,0.0108521,31.5741,Yes,N/A,N/A,N/A,4,5,6,7,N/A,9,4 6,11,5 7,13,5 9,4 11,5 11,4 13,5 13
4 5 6 7 9 11 12,0.0136682,29.625,Yes,N/A,N/A,N/A,4,5,6,7,N/A,9,4 6,11,12,6 7,5 9,4 11,5 11,5 12,7 11
1 4 5 6 7 9 11 12 13,0.0175689,27.6806,Yes,N/A,N/A,N/A,4,5,6,7,1 7,9,4 6,11,12,13,1 13,4 11,4 12,5 12,5 13
4 5 6 7 10 11 12 13,0.00571506,40.5417,Yes,N/A,N/A,N/A,4,5,6,7,N/A,4 5,10,11,12,13,4 10,4 11,4 12,6 11,6 12
1 4 5 6 7 9 10,0.0574578,13.5463,Yes,N/A,N/A,N/A,4,5,6,7,1 7,9,10,1 10,5 7,4 9,4 10,5 10,6 10,7 10,1 7 10
4 5 6 7 9 10,0.0322974,19.7731,Yes,N/A,N/A,N/A,4,5,6,7,N/A,9,10,5 6,5 7,4 9,4 10,6 9,6 10,7 10,5 6 7
1 4 5 6 7 9 10 13,0.0292227,21.412,Yes,N/A,N/A,N/A,4,5,6,7,1 7,9,10,5 6,5 7,13,1 13,6 9,6 10,4 13,5 13
1 4 5 6 7 9 10 12,0.0375505,18.3843,Yes,N/A,N/A,N/A,4,5,6,7,1 7,9,10,5 6,12,1 12,4 10,5 10,4 12,5 12,6 12
4 5 6 7 9 10 13,0.0131229,29.5833,Yes,N/A,N/A,N/A,4,5,6,7,N/A,9,10,4 7,5 7,13,4 10,6 9,7 9,4 13,5 13
4 5 6 7 9 10 12,0.0170919,27.2778,Yes,N/A,N/A,N/A,4,5,6,7,N/A,9,10,5 6,12,4 9,4 10,5 10,4 12,7 10,6 12
1 4 5 6 7 9 10 12 13,0.0205992,25.9537,Yes,N/A,N/A,N/A,4,5,6,7,1 7,9,10,5 6,12,13,1 13,5 10,4 12,4 13,5 13
4 5 6 7 9 11 12 13,0.0066038,38.9491,Yes,N/A,N/A,N/A,4,5,6,7,N/A,9,4 6,11,12,13,5 9,4 11,4 12,4 13,5 13
1 4 5 6 7 9 10 11,0.040193,18.0278,Yes,N/A,N/A,N/A,4,5,6,7,1 7,9,10,11,1 11,4 9,4 10,4 11,6 10,6 11,7 11
4 5 6 7 9 10 11,0.0193492,26.5741,Yes,N/A,N/A,N/A,4,5,6,7,N/A,9,10,11,5 7,4 9,4 10,4 11,5 11,6 11,7 11
1 4 5 6 7 9 10 11 13,0.0220621,25.3194,Yes,N/A,N/A,N/A,4,5,6,7,1 7,9,10,11,1 11,13,4 10,4 11,6 10,4 13,5 13
4 5 6 7 9 10 12 13,0.00826636,36.2778,Yes,N/A,N/A,N/A,4,5,6,7,N/A,9,10,4 7,12,13,4 10,6 9,4 12,4 13,5 13
1 4 5 6 7 9 10 11 12,0.0270783,23.1204,Yes,N/A,N/A,N/A,4,5,6,7,1 7,9,10,11,12,1 12,4 10,4 11,4 12,6 11,6 12
4 5 6 7 9 10 11 13,0.0090732,35.9954,Yes,N/A,N/A,N/A,4,5,6,7,N/A,9,10,11,5 7,13,4 10,4 11,5 11,4 13,5 13
4 5 6 7 9 10 11 12,0.0117387,33.4259,Yes,N/A,N/A,N/A,4,5,6,7,N/A,9,10,11,12,6 7,4 10,4 11,4 12,6 11,6 12
1 4 5 6 7 9 10 11 12 13,0.0164921,29.7083,Yes,N/A,N/A,N/A,4,5,6,7,1 7,9,10,11,12,13,1 13,4 11,4 12,4 13,5 13
4 5 6 8 9 10 11 12 13,0.00657062,40.8981,Yes,N/A,N/A,N/A,4,5,6,N/A,8,9,10,11,12,13,6 8,4 11,4 12,4 13,5 13
1 4 5 6 7 8,0.085889,8.56019,Yes,N/A,N/A,N/A,4,5,6,7,8,1 8,4 6,4 7,5 7,5 8,6 8,7 8,1 7 8,4 5 8,5 6 7
4 5 6 7 8,0.0534087,12.1435,Yes,N/A,N/A,N/A,4,5,6,7,8,4 5,4 6,4 7,4 8,5 8,6 8,7 8,4 5 7,4 5 8,4 6 8
1 4 5 6 7 8 13,0.0399395,16.5648,Yes,N/A,N/A,N/A,4,5,6,7,8,1 8,4 6,5 6,5 7,13,1 13,7 8,1 7 8,4 13,5 13
1 4 5 6 7 8 12,0.0472507,15.1852,Yes,N/A,N/A,N/A,4,5,6,7,8,1 8,4 6,4 7,12,1 12,6 8,7 8,4 12,5 12,6 12
4 5 6 7 8 13,0.0198243,21.9352,Yes,N/A,N/A,N/A,4,5,6,7,8,4 5,4 6,5 6,5 7,13,6 8,7 8,4 5 7,4 13,5 13
4 5 6 7 8 12,0.0254227,20.1065,Yes,N/A,N/A,N/A,4,5,6,7,8,4 5,4 6,4 7,12,5 8,6 8,7 8,4 12,5 12,6 12
1 4 5 6 7 8 12 13,0.0233045,23.7639,Yes,N/A,N/A,N/A,4,5,6,7,8,1 8,4 6,5 6,12,13,1 13,7 8,4 12,5 12,5 13
1 4 5 6 7 8 11,0.0570311,13.2593,Yes,N/A,N/A,N/A,4,5,6,7,8,1 8,4 6,11,1 11,6 7,6 8,4 11,5 11,6 11,7 11
4 5 6 7 8 11,0.0325163,18.2361,Yes,N/A,N/A,N/A,4,5,6,7,8,4 5,4 6,11,5 7,6 7,6 8,4 11,5 11,6 11,7 11
1 4 5 6 7 8 11 13,0.028419,20.8426,Yes,N/A,N/A,N/A,4,5,6,7,8,4 5,4 6,11,1 11,13,1 13,7 8,5 11,6 11,5 13
4 5 6 7 8 12 13,0.0105812,29.8657,Yes,N/A,N/A,N/A,4,5,6,7,8,4 5,4 6,4 7,12,13,6 8,7 8,4 12,5 12,5 13
1 4 5 6 7 8 11 12,0.0332175,19.8148,Yes,N/A,N/A,N/A,4,5,6,7,8,4 5,4 6,11,12,1 12,6 8,4 11,5 11,5 12,7 11
4 5 6 7 8 11 13,0.0133041,27.7546,Yes,N/A,N/A,N/A,4,5,6,7,8,4 5,4 6,11,5 7,13,6 8,4 11,5 11,4 13,5 13
4 5 6 7 8 11 12,0.0162023,26.1065,Yes,N/A,N/A,N/A,4,5,6,7,8,4 5,4 6,11,12,5 8,6 8,4 11,5 11,5 12,7 11
1 4 5 6 7 8 11 12 13,0.0180026,27.4954,Yes,N/A,N/A,N/A,4,5,6,7,8,1 8,4 6,11,12,13,1 13,7 8,5 11,5 12,5 13
1 4 5 6 7 8 10,0.0661234,11.4583,Yes,N/A,N/A,N/A,4,5,6,7,8,1 8,10,1 10,5 7,6 7,6 8,5 10,6 10,7 10,8 10
4 5 6 7 8 10,0.0404138,16.2778,Yes,N/A,N/A,N/A,4,5,6,7,8,4 5,10,4 7,4 8,6 7,4 10,5 10,6 10,7 10,8 10
1 4 5 6 7 8 10 13,0.0327874,18.8889,Yes,N/A,N/A,N/A,4,5,6,7,8,1 8,10,1 10,5 7,13,1 13,5 10,6 10,4 13,5 13
1 4 5 6 7 8 10 12,0.0418435,16.5972,Yes,N/A,N/A,N/A,4,5,6,7,8,4 5,10,4 7,12,1 12,6 8,5 10,4 12,5 12,6 12
4 5 6 7 8 10 13,0.0162639,25.2315,Yes,N/A,N/A,N/A,4,5,6,7,8,4 5,10,5 6,4 8,13,6 8,5 10,6 10,4 13,5 13
4 5 6 7 8 10 12,0.0205232,23.3704,Yes,N/A,N/A,N/A,4,5,6,7,8,4 5,10,4 7,12,6 7,6 8,5 10,4 12,7 10,6 12
1 4 5 6 7 8 10 12 13,0.0223026,24.1806,Yes,N/A,N/A,N/A,4,5,6,7,8,4 5,10,4 7,12,13,1 13,5 10,4 12,4 13,5 13
4 5 6 7 8 11 12 13,0.00773605,35.0278,Yes,N/A,N/A,N/A,4,5,6,7,8,4 5,4 6,11,12,13,6 8,7 8,5 11,5 12,5 13
1 4 5 6 7 8 10 11,0.0470896,15.6713,Yes,N/A,N/A,N/A,4,5,6,7,8,4 5,10,11,1 11,6 7,6 8,4 11,5 11,6 11,7 11
4 5 6 7 8 10 11,0.0241461,22.0741,Yes,N/A,N/A,N/A,4,5,6,7,8,4 5,10,11,4 8,6 7,4 10,4 11,5 11,6 11,7 11
1 4 5 6 7 8 10 11 13,0.0252714,22.4722,Yes,N/A,N/A,N/A,4,5,6,7,8,4 5,10,11,1 11,13,1 13,4 11,5 11,4 13,5 13
4 5 6 7 8 10 12 13,0.00975965,31.8148,Yes,N/A,N/A,N/A,4,5,6,7,8,4 5,10,4 7,12,13,6 8,5 10,4 12,4 13,6 12
1 4 5 6 7 8 10 11 12,0.0304314,20.7639,Yes,N/A,N/A,N/A,4,5,6,7,8,4 5,10,11,12,1 12,6 8,4 11,5 11,6 11,7 11
4 5 6 7 8 10 11 13,0.0113732,30.6343,Yes,N/A,N/A,N/A,4,5,6,7,8,4 5,10,11,5 7,13,6 8,4 11,5 11,6 11,7 11
4 5 6 7 8 10 11 12,0.0141172,28.5046,Yes,N/A,N/A,N/A,4,5,6,7,8,4 5,10,11,12,6 7,6 8,4 11,4 12,6 11,6 12
1 4 5 6 7 8 10 11 12 13,0.0181346,27.4167,Yes,N/A,N/A,N/A,4,5,6,7,8,4 5,10,11,12,13,1 13,4 11,4 12,6 11,5 13
4 5 6 7 9 10 11 12 13,0.00629205,42.2222,Yes,N/A,N/A,N/A,4,5,6,7,N/A,9,10,11,12,13,5 9,4 11,4 12,4 13,5 13
1 4 5 6 7 8 9,0.0747115,10.1667,Yes,N/A,N/A,N/A,4,5,6,7,8,9,1 9,4 7,5 7,5 8,5 9,6 9,7 9,8 9,1 8 9
4 5 6 7 8 9,0.0473107,15.0278,Yes,N/A,N/A,N/A,4,5,6,7,8,9,4 6,5 6,4 8,4 9,5 9,6 9,7 9,8 9,4 5 9
1 4 5 6 7 8 9 13,0.0366196,17.7824,Yes,N/A,N/A,N/A,4,5,6,7,8,9,1 9,4 7,5 7,13,1 13,6 9,7 9,4 13,5 13
1 4 5 6 7 8 9 12,0.0451538,15.8426,Yes,N/A,N/A,N/A,4,5,6,7,8,9,1 9,4 7,12,1 12,5 9,6 9,4 12,5 12,6 12
4 5 6 7 8 9 13,0.0182532,24.4537,Yes,N/A,N/A,N/A,4,5,6,7,8,9,4 6,5 6,4 8,13,5 9,6 9,7 9,4 13,5 13
4 5 6 7 8 9 12,0.0230202,22.5833,Yes,N/A,N/A,N/A,4,5,6,7,8,9,4 6,4 7,12,5 8,5 9,7 8,7 9,5 12,6 12
1 4 5 6 7 8 9 12 13,0.023548,23.4861,Yes,N/A,N/A,N/A,4,5,6,7,8,9,1 9,4 7,12,13,1 13,6 9,4 12,4 13,5 13
1 4 5 6 7 8 9 11,0.0531664,14.0694,Yes,N/A,N/A,N/A,4,5,6,7,8,9,4 6,11,1 11,5 8,5 9,4 11,5 11,6 11,7 11
4 5 6 7 8 9 11,0.0278178,20.4306,Yes,N/A,N/A,N/A,4,5,6,7,8,9,4 6,11,5 7,6 7,5 9,4 11,5 11,6 11,7 11
1 4 5 6 7 8 9 11 13,0.0288012,20.912,Yes,N/A,N/A,N/A,4,5,6,7,8,9,4 6,11,5 7,13,1 13,4 11,5 11,4 13,5 13
4 5 6 7 8 9 12 13,0.0106265,31.3565,Yes,N/A,N/A,N/A,4,5,6,7,8,9,4 6,4 7,12,13,5 9,7 8,4 12,5 12,5 13
1 4 5 6 7 8 9 11 12,0.0337479,19.5046,Yes,N/A,N/A,N/A,4,5,6,7,8,9,4 6,11,12,1 12,5 9,4 11,4 12,5 12,6 12
4 5 6 7 8 9 11 13,0.0127212,29.2963,Yes,N/A,N/A,N/A,4,5,6,7,8,9,4 6,11,5 7,13,5 9,4 11,5 11,4 13,5 13
4 5 6 7 8 9 11 12,0.015596,27.412,Yes,N/A,N/A,N/A,4,5,6,7,8,9,4 6,11,12,5 8,5 9,4 11,5 11,5 12,7 11
1 4 5 6 7 8 9 11 12 13,0.0198368,26.162,Yes,N/A,N/A,N/A,4,5,6,7,8,9,4 6,11,12,13,1 13,4 11,5 11,5 12,5 13
4 5 6 7 8 10 11 12 13,0.00757832,36.2731,Yes,N/A,N/A,N/A,4,5,6,7,8,4 5,10,11,12,13,6 8,4 11,4 12,6 11,6 12
1 4 5 6 7 8 9 10,0.0593348,12.8889,Yes,N/A,N/A,N/A,4,5,6,7,8,9,10,1 10,5 7,4 9,4 10,5 10,6 10,7 10,8 10
4 5 6 7 8 9 10,0.0326663,18.4444,Yes,N/A,N/A,N/A,4,5,6,7,8,9,10,5 6,4 8,4 9,4 10,5 10,7 9,7 10,8 10
1 4 5 6 7 8 9 10 13,0.0315685,19.7917,Yes,N/A,N/A,N/A,4,5,6,7,8,9,10,1 10,4 8,13,1 13,6 9,7 9,4 13,5 13
1 4 5 6 7 8 9 10 12,0.0392254,17.2963,Yes,N/A,N/A,N/A,4,5,6,7,8,9,10,4 7,12,1 12,5 9,5 10,4 12,5 12,6 12
4 5 6 7 8 9 10 13,0.0149315,26.9074,Yes,N/A,N/A,N/A,4,5,6,7,8,9,10,5 6,4 8,13,4 10,5 10,7 9,4 13,5 13
4 5 6 7 8 9 10 12,0.0185572,24.912,Yes,N/A,N/A,N/A,4,5,6,7,8,9,10,5 6,12,4 9,4 10,5 10,4 12,5 12,6 12
1 4 5 6 7 8 9 10 12 13,0.0228216,24.1806,Yes,N/A,N/A,N/A,4,5,6,7,8,9,10,4 7,12,13,1 13,5 10,4 12,4 13,5 13
4 5 6 7 8 9 11 12 13,0.00830073,35.3981,Yes,N/A,N/A,N/A,4,5,6,7,8,9,4 6,11,12,13,5 9,4 11,5 11,5 12,5 13
1 4 5 6 7 8 9 10 11,0.0438117,16.2315,Yes,N/A,N/A,N/A,4,5,6,7,8,9,10,11,1 11,4 9,4 10,5 10,5 11,6 11,7 11
4 5 6 7 8 9 10 11,0.0216975,23.5926,Yes,N/A,N/A,N/A,4,5,6,7,8,9,10,11,4 8,6 7,4 10,4 11,5 11,6 11,7 11
1 4 5 6 7 8 9 10 11 13,0.0257638,22.338,Yes,N/A,N/A,N/A,4,5,6,7,8,9,10,11,1 11,13,1 13,5 10,5 11,4 13,5 13
4 5 6 7 8 9 10 12 13,0.00984915,32.5694,Yes,N/A,N/A,N/A,4,5,6,7,8,9,10,4 7,12,13,4 10,5 10,4 12,4 13,5 13
1 4 5 6 7 8 9 10 11 12,0.0309562,20.4815,Yes,N/A,N/A,N/A,4,5,6,7,8,9,10,11,12,1 12,5 9,4 11,5 11,5 12,6 12
4 5 6 7 8 9 10 11 13,0.0114792,31.162,Yes,N/A,N/A,N/A,4,5,6,7,8,9,10,11,5 7,13,6 8,4 11,5 11,4 13,5 13
4 5 6 7 8 9 10 11 12,0.0140805,29.0093,Yes,N/A,N/A,N/A,4,5,6,7,8,9,10,11,12,6 7,4 10,4 11,4 12,5 12,6 12
1 4 5 6 7 8 9 10 11 12 13,0.0200796,26.2037,Yes,N/A,N/A,N/A,4,5,6,7,8,9,10,11,12,13,1 13,5 10,4 12,4 13,5 13
1 3,0.0146605,3.92593,Yes,N/A,N/A,3,1 3,N/A,N/A,N/A,N/A,N/A,N/A,N/A,N/A,N/A,N/A,N/A,N/A,N/A,N/A
3,0.00462963,2.98611,Yes,N/A,N/A,3,N/A,N/A,N/A,N/A,N/A,N/A,N/A,N/A,N/A,N/A,N/A,N/A,N/A,N/A,N/A
1 3 13,0.0220122,13.7778,Yes,N/A,N/A,3,1 3,N/A,N/A,N/A,N/A,N/A,N/A,N/A,N/A,13,1 13,N/A,3 13,1 3 13,N/A
1 3 12,0.0397877,11.838,Yes,N/A,N/A,3,1 3,N/A,N/A,N/A,N/A,N/A,N/A,N/A,12,1 12,N/A,3 12,1 3 12,N/A,N/A
3 13,0.028678,14.1713,Yes,N/A,N/A,3,N/A,N/A,N/A,N/A,N/A,N/A,N/A,N/A,N/A,13,N/A,N/A,3 13,N/A,N/A
3 12,0.047368,12.7778,Yes,N/A,N/A,3,N/A,N/A,N/A,N/A,N/A,N/A,N/A,N/A,12,N/A,N/A,3 12,N/A,N/A,N/A
1 3 12 13,0.0189627,22.4444,Yes,N/A,N/A,3,1 3,N/A,N/A,N/A,N/A,N/A,N/A,N/A,12,13,1 13,3 12,3 13,1 3 13,N/A
1 3 11,0.0626072,10.1481,Yes,N/A,N/A,3,1 3,N/A,N/A,N/A,N/A,N/A,N/A,11,1 11,N/A,3 11,1 3 11,N/A,N/A,N/A
3 11,0.0706019,11.5046,Yes,N/A,N/A,3,N/A,N/A,N/A,N/A,N/A,N/A,N/A,11,N/A,N/A,3 11,N/A,N/A,N/A,N/A
1 3 11 13,0.0276322,19.838,Yes,N/A,N/A,3,1 3,N/A,N/A,N/A,N/A,N/A,N/A,11,1 11,13,1 13,1 3 11,3 13,1 3 13,N/A
3 12 13,0.0157447,23.5046,Yes,N/A,N/A,3,N/A,N/A,N/A,N/A,N/A,N/A,N/A,N/A,12,13,N/A,3 12,3 13,N/A,N/A
1 3 11 12,0.0375687,18.8148,Yes,N/A,N/A,3,1 3,N/A,N/A,N/A,N/A,N/A,N/A,11,12,1 12,3 11,3 12,1 3 12,N/A,N/A
3 11 13,0.0207851,22.1759,Yes,N/A,N/A,3,N/A,N/A,N/A,N/A,N/A,N/A,N/A,11,N/A,13,3 11,N/A,3 13,N/A,N/A
3 11 12,0.0280511,20.5833,Yes,N/A,N/A,3,N/A,N/A,N/A,N/A,N/A,N/A,N/A,11,12,N/A,3 11,3 12,N/A,N/A,N/A
1 3 11 12 13,0.0149714,29.7083,Yes,N/A,N/A,3,1 3,N/A,N/A,N/A,N/A,N/A,N/A,11,12,13,1 13,3 12,3 13,1 3 13,N/A
1 3 10,0.0904707,8.68056,Yes,N/A,N/A,3,1 3,N/A,N/A,N/A,N/A,N/A,10,1 10,N/A,3 10,1 3 10,N/A,N/A,N/A,N/A
3 10,0.0983796,10.338,Yes,N/A,N/A,3,N/A,N/A,N/A,N/A,N/A,N/A,10,N/A,N/A,3 10,N/A,N/A,N/A,N/A,N/A
1 3 10 13,0.0283002,19.6667,Yes,N/A,N/A,3,1 3,N/A,N/A,N/A,N/A,N/A,10,1 10,N/A,13,1 13,N/A,3 13,1 3 13,N/A
1 3 10 12,0.0498623,16.1343,Yes,N/A,N/A,3,1 3,N/A,N/A,N/A,N/A,N/A,10,1 10,12,1 12,1 3 10,3 12,1 3 12,N/A,N/A
3 10 13,0.0167342,22.4167,Yes,N/A,N/A,3,N/A,N/A,N/A,N/A,N/A,N/A,10,N/A,N/A,13,N/A,N/A,3 13,N/A,N/A
3 10 12,0.0344811,19.3611,Yes,N/A,N/A,3,N/A,N/A,N/A,N/A,N/A,N/A,10,N/A,12,3 10,N/A,3 12,N/A,N/A,N/A
1 3 10 12 13,0.0191946,26.8333,Yes,N/A,N/A,3,1 3,N/A,N/A,N/A,N/A,N/A,10,1 10,12,13,1 13,3 12,3 13,1 3 13,N/A
3 11 12 13,0.0106319,30.4583,Yes,N/A,N/A,3,N/A,N/A,N/A,N/A,N/A,N/A,N/A,11,12,13,3 11,3 12,3 13,N/A,N/A
1 3 10 11,0.0603781,15.5926,Yes,N/A,N/A,3,1 3,N/A,N/A,N/A,N/A,N/A,10,11,1 11,3 10,3 11,1 3 11,N/A,N/A,N/A
3 10 11,0.0421007,18.0231,Yes,N/A,N/A,3,N/A,N/A,N/A,N/A,N/A,N/A,10,11,N/A,3 10,3 11,N/A,N/A,N/A,N/A
1 3 10 11 13,0.0208878,25.8704,Yes,N/A,N/A,3,1 3,N/A,N/A,N/A,N/A,N/A,10,11,1 11,13,1 13,1 3 11,3 13,1 3 13,N/A
3 10 12 13,0.00922532,30.9954,Yes,N/A,N/A,3,N/A,N/A,N/A,N/A,N/A,N/A,10,N/A,12,13,N/A,3 12,3 13,N/A,N/A
1 3 10 11 12,0.0294642,24.4769,Yes,N/A,N/A,3,1 3,N/A,N/A,N/A,N/A,N/A,10,11,12,1 12,3 11,3 12,1 3 12,N/A,N/A
3 10 11 13,0.0113812,29.625,Yes,N/A,N/A,3,N/A,N/A,N/A,N/A,N/A,N/A,10,11,N/A,13,3 11,N/A,3 13,N/A,N/A
3 10 11 12,0.0190088,25.9676,Yes,N/A,N/A,3,N/A,N/A,N/A,N/A,N/A,N/A,10,11,12,3 10,3 11,3 12,N/A,N/A,N/A
1 3 10 11 12 13,0.0126936,34.875,Yes,N/A,N/A,3,1 3,N/A,N/A,N/A,N/A,N/A,10,11,12,13,1 13,3 12,3 13,1 3 13,N/A
1 3 9,0.121063,7.58796,Yes,N/A,N/A,3,1 3,N/A,N/A,N/A,N/A,9,1 9,N/A,3 9,1 3 9,N/A,N/A,N/A,N/A,N/A
3 9,0.116812,9.43056,Yes,N/A,N/A,3,N/A,N/A,N/A,N/A,N/A,9,N/A,N/A,3 9,N/A,N/A,N/A,N/A,N/A,N/A
1 3 9 13,0.0420599,17.3009,Yes,N/A,N/A,3,1 3,N/A,N/A,N/A,N/A,9,1 9,N/A,3 9,13,1 13,N/A,3 13,1 3 13,N/A
1 3 9 12,0.0464208,16.6389,Yes,N/A,N/A,3,1 3,N/A,N/A,N/A,N/A,9,1 9,N/A,12,1 12,N/A,3 12,1 3 12,N/A,N/A
3 9 13,0.0292478,20.0231,Yes,N/A,N/A,3,N/A,N/A,N/A,N/A,N/A,9,N/A,N/A,3 9,13,N/A,N/A,3 13,N/A,N/A
3 9 12,0.0244848,20.0602,Yes,N/A,N/A,3,N/A,N/A,N/A,N/A,N/A,9,N/A,N/A,12,N/A,N/A,3 12,N/A,N/A,N/A
1 3 9 12 13,0.0194072,26.3843,Yes,N/A,N/A,3,1 3,N/A,N/A,N/A,N/A,9,1 9,N/A,12,13,1 13,3 12,3 13,1 3 13,N/A
1 3 9 11,0.0729485,13.3241,Yes,N/A,N/A,3,1 3,N/A,N/A,N/A,N/A,9,1 9,11,1 11,1 3 9,3 11,1 3 11,N/A,N/A,N/A
3 9 11,0.0454122,17.1019,Yes,N/A,N/A,3,N/A,N/A,N/A,N/A,N/A,9,N/A,11,3 9,N/A,3 11,N/A,N/A,N/A,N/A
1 3 9 11 13,0.0298027,22.6806,Yes,N/A,N/A,3,1 3,N/A,N/A,N/A,N/A,9,1 9,11,3 9,13,1 13,1 3 11,3 13,1 3 13,N/A
3 9 12 13,0.00941022,30.3611,Yes,N/A,N/A,3,N/A,N/A,N/A,N/A,N/A,9,N/A,N/A,12,13,N/A,3 12,3 13,N/A,N/A
1 3 9 11 12,0.03437,21.7176,Yes,N/A,N/A,3,1 3,N/A,N/A,N/A,N/A,9,1 9,11,12,1 12,3 11,3 12,1 3 12,N/A,N/A
3 9 11 13,0.0156956,26.9352,Yes,N/A,N/A,3,N/A,N/A,N/A,N/A,N/A,9,N/A,11,3 9,13,3 11,N/A,3 13,N/A,N/A
3 9 11 12,0.0148099,27.2546,Yes,N/A,N/A,3,N/A,N/A,N/A,N/A,N/A,9,N/A,11,12,N/A,3 11,3 12,N/A,N/A,N/A
1 3 9 11 12 13,0.0156554,31.5185,Yes,N/A,N/A,3,1 3,N/A,N/A,N/A,N/A,9,1 9,11,12,13,3 11,3 12,3 13,1 3 13,N/A
3 10 11 12 13,0.00697648,36.5741,Yes,N/A,N/A,3,N/A,N/A,N/A,N/A,N/A,N/A,10,11,12,13,3 11,3 12,3 13,N/A,N/A
1 3 9 10,0.0797807,12.9769,Yes,N/A,N/A,3,1 3,N/A,N/A,N/A,N/A,9,10,1 10,3 9,3 10,1 3 10,N/A,N/A,N/A,N/A
3 9 10,0.0518422,15.8796,Yes,N/A,N/A,3,N/A,N/A,N/A,N/A,N/A,9,10,N/A,3 9,3 10,N/A,N/A,N/A,N/A,N/A
1 3 9 10 13,0.0308224,22.7407,Yes,N/A,N/A,3,1 3,N/A,N/A,N/A,N/A,9,10,1 10,3 9,13,1 13,N/A,3 13,1 3 13,N/A
1 3 9 10 12,0.0341169,21.125,Yes,N/A,N/A,3,1 3,N/A,N/A,N/A,N/A,9,10,1 10,12,1 12,1 3 10,3 12,1 3 12,N/A,N/A
3 9 10 13,0.014289,27.375,Yes,N/A,N/A,3,N/A,N/A,N/A,N/A,N/A,9,10,N/A,3 9,13,N/A,N/A,3 13,N/A,N/A
3 9 10 12,0.0170426,25.8889,Yes,N/A,N/A,3,N/A,N/A,N/A,N/A,N/A,9,10,N/A,12,3 10,N/A,3 12,N/A,N/A,N/A
1 3 9 10 12 13,0.0157934,30.8426,Yes,N/A,N/A,3,1 3,N/A,N/A,N/A,N/A,9,10,1 10,12,13,1 13,3 12,3 13,1 3 13,N/A
3 9 11 12 13,0.00689383,36.1991,Yes,N/A,N/A,3,N/A,N/A,N/A,N/A,N/A,9,N/A,11,12,13,3 11,3 12,3 13,N/A,N/A
1 3 9 10 11,0.0432182,19.9537,Yes,N/A,N/A,3,1 3,N/A,N/A,N/A,N/A,9,10,11,1 11,3 10,3 11,1 3 11,N/A,N/A,N/A
3 9 10 11,0.0255192,22.3889,Yes,N/A,N/A,3,N/A,N/A,N/A,N/A,N/A,9,10,11,3 9,3 10,3 11,N/A,N/A,N/A,N/A
1 3 9 10 11 13,0.0197017,29.1759,Yes,N/A,N/A,3,1 3,N/A,N/A,N/A,N/A,9,10,11,3 9,13,1 13,1 3 11,3 13,1 3 13,N/A
3 9 10 12 13,0.00624264,36.8935,Yes,N/A,N/A,3,N/A,N/A,N/A,N/A,N/A,9,10,N/A,12,13,N/A,3 12,3 13,N/A,N/A
1 3 9 10 11 12,0.0227319,28.1944,Yes,N/A,N/A,3,1 3,N/A,N/A,N/A,N/A,9,10,11,12,1 12,3 11,3 12,1 3 12,N/A,N/A
3 9 10 11 13,0.00950831,32.787,Yes,N/A,N/A,3,N/A,N/A,N/A,N/A,N/A,9,10,11,3 9,13,3 11,N/A,3 13,N/A,N/A
3 9 10 11 12,0.0113354,31.2269,Yes,N/A,N/A,3,N/A,N/A,N/A,N/A,N/A,9,10,11,12,3 10,3 11,3 12,N/A,N/A,N/A
1 3 9 10 11 12 13,0.0117195,37.8194,Yes,N/A,N/A,3,1 3,N/A,N/A,N/A,N/A,9,10,11,12,13,1 13,3 12,3 13,1 3 13,N/A
1 3 8,0.140496,6.98611,Yes,N/A,N/A,3,1 3,N/A,N/A,N/A,8,1 8,N/A,3 8,1 3 8,N/A,N/A,N/A,N/A,N/A,N/A
3 8,0.1259,8.73148,Yes,N/A,N/A,3,N/A,N/A,N/A,N/A,8,N/A,N/A,3 8,N/A,N/A,N/A,N/A,N/A,N/A,N/A
1 3 8 13,0.0552796,15.2778,Yes,N/A,N/A,3,1 3,N/A,N/A,N/A,8,1 8,N/A,3 8,1 3 8,13,1 13,N/A,3 13,1 3 13,N/A
1 3 8 12,0.0617668,14.5602,Yes,N/A,N/A,3,1 3,N/A,N/A,N/A,8,1 8,N/A,3 8,12,1 12,N/A,3 12,1 3 12,N/A,N/A
3 8 13,0.0299694,19.3472,Yes,N/A,N/A,3,N/A,N/A,N/A,N/A,8,N/A,N/A,3 8,N/A,13,N/A,N/A,3 13,N/A,N/A
3 8 12,0.0382498,17.8009,Yes,N/A,N/A,3,N/A,N/A,N/A,N/A,8,N/A,N/A,3 8,12,N/A,N/A,3 12,N/A,N/A,N/A
1 3 8 12 13,0.026051,23.7593,Yes,N/A,N/A,3,1 3,N/A,N/A,N/A,8,1 8,N/A,3 8,12,13,1 13,3 12,3 13,1 3 13,N/A
1 3 8 11,0.0606505,14.4954,Yes,N/A,N/A,3,1 3,N/A,N/A,N/A,8,1 8,N/A,11,1 11,N/A,3 11,1 3 11,N/A,N/A,N/A
3 8 11,0.0294657,18.1111,Yes,N/A,N/A,3,N/A,N/A,N/A,N/A,8,N/A,N/A,11,N/A,N/A,3 11,N/A,N/A,N/A,N/A
1 3 8 11 13,0.0270378,22.7685,Yes,N/A,N/A,3,1 3,N/A,N/A,N/A,8,1 8,N/A,11,1 11,13,3 11,1 3 11,3 13,1 3 13,N/A
3 8 12 13,0.013062,27.6481,Yes,N/A,N/A,3,N/A,N/A,N/A,N/A,8,N/A,N/A,3 8,12,13,N/A,3 12,3 13,N/A,N/A
1 3 8 11 12,0.0314036,21.8333,Yes,N/A,N/A,3,1 3,N/A,N/A,N/A,8,1 8,N/A,11,12,1 12,3 11,3 12,1 3 12,N/A,N/A
3 8 11 13,0.0106524,28.338,Yes,N/A,N/A,3,N/A,N/A,N/A,N/A,8,N/A,N/A,11,N/A,13,3 11,N/A,3 13,N/A,N/A
3 8 11 12,0.013646,26.6111,Yes,N/A,N/A,3,N/A,N/A,N/A,N/A,8,N/A,N/A,11,12,N/A,3 11,3 12,N/A,N/A,N/A
1 3 8 11 12 13,0.0148876,31.3889,Yes,N/A,N/A,3,1 3,N/A,N/A,N/A,8,1 8,N/A,11,12,13,1 13,3 12,3 13,1 3 13,N/A
1 3 8 10,0.0882675,11.1528,Yes,N/A,N/A,3,1 3,N/A,N/A,N/A,8,1 8,10,1 10,1 3 8,3 10,1 3 10,N/A,N/A,N/A,8 10
3 8 10,0.0505348,15.2037,Yes,N/A,N/A,3,N/A,N/A,N/A,N/A,8,N/A,10,3 8,N/A,3 10,N/A,N/A,N/A,N/A,8 10
1 3 8 10 13,0.034549,20.6806,Yes,N/A,N/A,3,1 3,N/A,N/A,N/A,8,1 8,10,3 8,1 3 8,13,1 13,N/A,3 13,1 3 13,8 10
1 3 8 10 12,0.0444475,18.2778,Yes,N/A,N/A,3,1 3,N/A,N/A,N/A,8,1 8,10,3 8,12,1 12,1 3 10,3 12,1 3 12,N/A,8 10
3 8 10 13,0.0142979,26.7037,Yes,N/A,N/A,3,N/A,N/A,N/A,N/A,8,N/A,10,3 8,N/A,13,N/A,N/A,3 13,N/A,8 10
3 8 10 12,0.0213903,23.1574,Yes,N/A,N/A,3,N/A,N/A,N/A,N/A,8,N/A,10,3 8,12,3 10,N/A,3 12,N/A,N/A,8 10
1 3 8 10 12 13,0.020572,27.1759,Yes,N/A,N/A,3,1 3,N/A,N/A,N/A,8,1 8,10,3 8,12,13,1 13,3 12,3 13,1 3 13,8 10
3 8 11 12 13,0.00625968,35.7269,Yes,N/A,N/A,3,N/A,N/A,N/A,N/A,8,N/A,N/A,11,12,13,3 11,3 12,3 13,N/A,N/A
1 3 8 10 11,0.0465291,17.9491,Yes,N/A,N/A,3,1 3,N/A,N/A,N/A,8,1 8,10,11,1 11,3 10,3 11,1 3 11,N/A,N/A,8 10
3 8 10 11,0.01884,23.8935,Yes,N/A,N/A,3,N/A,N/A,N/A,N/A,8,N/A,10,11,N/A,3 10,3 11,N/A,N/A,N/A,8 10
1 3 8 10 11 13,0.0202864,26.6389,Yes,N/A,N/A,3,1 3,N/A,N/A,N/A,8,1 8,10,11,1 11,13,3 11,1 3 11,3 13,1 3 13,8 10
3 8 10 12 13,0.00804266,33.7269,Yes,N/A,N/A,3,N/A,N/A,N/A,N/A,8,N/A,10,3 8,12,13,N/A,3 12,3 13,N/A,8 10
1 3 8 10 11 12,0.0255326,25.0926,Yes,N/A,N/A,3,1 3,N/A,N/A,N/A,8,1 8,10,11,12,1 12,3 11,3 12,1 3 12,N/A,8 10
3 8 10 11 13,0.00701131,34.7454,Yes,N/A,N/A,3,N/A,N/A,N/A,N/A,8,N/A,10,11,N/A,13,3 11,N/A,3 13,N/A,8 10
3 8 10 11 12,0.010516,30.6898,Yes,N/A,N/A,3,N/A,N/A,N/A,N/A,8,N/A,10,11,12,3 10,3 11,3 12,N/A,N/A,8 10
1 3 8 10 11 12 13,0.0133155,33.963,Yes,N/A,N/A,3,1 3,N/A,N/A,N/A,8,1 8,10,11,12,13,3 11,3 12,3 13,1 3 13,8 10
3 9 10 11 12 13,0.0052696,40.9907,Yes,N/A,N/A,3,N/A,N/A,N/A,N/A,N/A,9,10,11,12,13,3 11,3 12,3 13,N/A,N/A
1 3 8 9,0.0874831,11.0741,Yes,N/A,N/A,3,1 3,N/A,N/A,N/A,8,9,1 9,3 8,3 9,1 3 9,N/A,N/A,N/A,8 9,1 8 9
3 8 9,0.0518815,14.1343,Yes,N/A,N/A,3,N/A,N/A,N/A,N/A,8,9,N/A,3 8,3 9,N/A,N/A,N/A,N/A,8 9,N/A
1 3 8 9 13,0.0383947,19.412,Yes,N/A,N/A,3,1 3,N/A,N/A,N/A,8,9,1 9,3 8,3 9,13,1 13,N/A,3 13,8 9,1 8 9
1 3 8 9 12,0.0428945,18.4676,Yes,N/A,N/A,3,1 3,N/A,N/A,N/A,8,9,1 9,3 8,12,1 12,N/A,3 12,1 3 12,8 9,1 8 9
3 8 9 13,0.0178095,23.9537,Yes,N/A,N/A,3,N/A,N/A,N/A,N/A,8,9,N/A,3 8,3 9,13,N/A,N/A,3 13,8 9,N/A
3 8 9 12,0.0185552,24.1157,Yes,N/A,N/A,3,N/A,N/A,N/A,N/A,8,9,N/A,3 8,12,N/A,N/A,3 12,N/A,8 9,N/A
1 3 8 9 12 13,0.020834,26.7222,Yes,N/A,N/A,3,1 3,N/A,N/A,N/A,8,9,1 9,3 8,12,13,1 13,3 12,3 13,8 9,1 8 9
1 3 8 9 11,0.0436371,17.3194,Yes,N/A,N/A,3,1 3,N/A,N/A,N/A,8,9,1 9,11,1 11,1 3 9,3 11,1 3 11,N/A,8 9,1 8 9
3 8 9 11,0.0206869,22.7778,Yes,N/A,N/A,3,N/A,N/A,N/A,N/A,8,9,N/A,11,3 9,N/A,3 11,N/A,N/A,8 9,N/A
1 3 8 9 11 13,0.021716,25.537,Yes,N/A,N/A,3,1 3,N/A,N/A,N/A,8,9,1 9,11,1 11,13,1 13,1 3 11,3 13,8 9,1 8 9
3 8 9 12 13,0.00824111,33.0093,Yes,N/A,N/A,3,N/A,N/A,N/A,N/A,8,9,N/A,3 8,12,13,N/A,3 12,3 13,8 9,N/A
1 3 8 9 11 12,0.0252913,24.3333,Yes,N/A,N/A,3,1 3,N/A,N/A,N/A,8,9,1 9,11,12,1 12,3 11,3 12,1 3 12,8 9,1 8 9
3 8 9 11 13,0.00909961,31.412,Yes,N/A,N/A,3,N/A,N/A,N/A,N/A,8,9,N/A,11,3 9,13,3 11,N/A,3 13,8 9,N/A
3 8 9 11 12,0.00946362,32.0556,Yes,N/A,N/A,3,N/A,N/A,N/A,N/A,8,9,N/A,11,12,N/A,3 11,3 12,N/A,8 9,N/A
1 3 8 9 11 12 13,0.0136946,33.1065,Yes,N/A,N/A,3,1 3,N/A,N/A,N/A,8,9,1 9,11,12,13,3 11,3 12,3 13,8 9,1 8 9
3 8 10 11 12 13,0.00491711,40.4722,Yes,N/A,N/A,3,N/A,N/A,N/A,N/A,8,N/A,10,11,12,13,3 11,3 12,3 13,N/A,8 10
1 3 8 9 10,0.0514583,16.5972,Yes,N/A,N/A,3,1 3,N/A,N/A,N/A,8,9,10,1 10,3 9,3 10,1 3 10,N/A,N/A,8 9,8 10
3 8 9 10,0.0298458,19.3519,Yes,N/A,N/A,3,N/A,N/A,N/A,N/A,8,9,10,3 8,3 9,3 10,N/A,N/A,N/A,8 9,8 10
1 3 8 9 10 13,0.0251068,24.9954,Yes,N/A,N/A,3,1 3,N/A,N/A,N/A,8,9,10,1 10,3 9,13,1 13,N/A,3 13,8 9,8 10
1 3 8 9 10 12,0.0292095,23.0972,Yes,N/A,N/A,3,1 3,N/A,N/A,N/A,8,9,10,3 8,12,1 12,1 3 10,3 12,1 3 12,8 9,8 10
3 8 9 10 13,0.0109013,29.6481,Yes,N/A,N/A,3,N/A,N/A,N/A,N/A,8,9,10,3 8,3 9,13,N/A,N/A,3 13,8 9,8 10
3 8 9 10 12,0.0134533,28.088,Yes,N/A,N/A,3,N/A,N/A,N/A,N/A,8,9,10,3 8,12,3 10,N/A,3 12,N/A,8 9,8 10
1 3 8 9 10 12 13,0.016021,31.5926,Yes,N/A,N/A,3,1 3,N/A,N/A,N/A,8,9,10,3 8,12,13,1 13,3 12,3 13,8 9,8 10
3 8 9 11 12 13,0.00517378,39.9537,Yes,N/A,N/A,3,N/A,N/A,N/A,N/A,8,9,N/A,11,12,13,3 11,3 12,3 13,8 9,N/A
1 3 8 9 10 11,0.0313305,22.5694,Yes,N/A,N/A,3,1 3,N/A,N/A,N/A,8,9,10,11,1 11,3 10,3 11,1 3 11,N/A,8 9,8 10
3 8 9 10 11,0.0150492,26.4259,Yes,N/A,N/A,3,N/A,N/A,N/A,N/A,8,9,10,11,3 9,3 10,3 11,N/A,N/A,8 9,8 10
1 3 8 9 10 11 13,0.0168336,30.5,Yes,N/A,N/A,3,1 3,N/A,N/A,N/A,8,9,10,11,3 9,13,1 13,1 3 11,3 13,8 9,8 10
3 8 9 10 12 13,0.006175,37.6343,Yes,N/A,N/A,3,N/A,N/A,N/A,N/A,8,9,10,3 8,12,13,N/A,3 12,3 13,8 9,8 10
1 3 8 9 10 11 12,0.0196314,29.4537,Yes,N/A,N/A,3,1 3,N/A,N/A,N/A,8,9,10,11,12,1 12,3 11,3 12,1 3 12,8 9,8 10
3 8 9 10 11 13,0.00687627,35.8426,Yes,N/A,N/A,3,N/A,N/A,N/A,N/A,8,9,10,11,3 9,13,3 11,N/A,3 13,8 9,8 10
3 8 9 10 11 12,0.00842534,34.1157,Yes,N/A,N/A,3,N/A,N/A,N/A,N/A,8,9,10,11,12,3 10,3 11,3 12,N/A,8 9,8 10
1 3 8 9 10 11 12 13,0.0117962,37.6944,Yes,N/A,N/A,3,1 3,N/A,N/A,N/A,8,9,10,11,12,13,1 13,3 12,3 13,8 9,8 10
1 3 7,0.14877,6.72685,Yes,N/A,N/A,3,1 3,N/A,N/A,7,1 7,N/A,3 7,1 3 7,N/A,N/A,N/A,N/A,N/A,N/A,N/A
3 7,0.125643,8.17593,Yes,N/A,N/A,3,N/A,N/A,N/A,7,N/A,N/A,3 7,N/A,N/A,N/A,N/A,N/A,N/A,N/A,N/A
1 3 7 13,0.0546812,15.2824,Yes,N/A,N/A,3,1 3,N/A,N/A,7,1 7,N/A,3 7,1 3 7,N/A,13,1 13,N/A,3 13,1 3 13,N/A
1 3 7 12,0.0732021,13.0278,Yes,N/A,N/A,3,1 3,N/A,N/A,7,1 7,N/A,3 7,1 3 7,12,1 12,N/A,3 12,1 3 12,N/A,N/A
3 7 13,0.0283511,18.9213,Yes,N/A,N/A,3,N/A,N/A,N/A,7,N/A,N/A,3 7,N/A,N/A,13,N/A,N/A,3 13,N/A,N/A
3 7 12,0.0355885,17.4167,Yes,N/A,N/A,3,N/A,N/A,N/A,7,N/A,N/A,3 7,N/A,12,N/A,N/A,3 12,N/A,N/A,N/A
1 3 7 12 13,0.0280852,22.0833,Yes,N/A,N/A,3,1 3,N/A,N/A,7,1 7,N/A,3 7,1 3 7,12,13,1 13,3 12,3 13,1 3 13,N/A
1 3 7 11,0.0727693,12.7778,Yes,N/A,N/A,3,1 3,N/A,N/A,7,1 7,N/A,3 7,11,1 11,N/A,3 11,1 3 11,N/A,N/A,7 11
3 7 11,0.0411791,16.0231,Yes,N/A,N/A,3,N/A,N/A,N/A,7,N/A,N/A,3 7,11,N/A,N/A,3 11,N/A,N/A,N/A,7 11
1 3 7 11 13,0.031898,20.5463,Yes,N/A,N/A,3,1 3,N/A,N/A,7,1 7,N/A,3 7,11,1 11,13,1 13,1 3 11,3 13,1 3 13,7 11
3 7 12 13,0.0117413,27.3519,Yes,N/A,N/A,3,N/A,N/A,N/A,7,N/A,N/A,3 7,N/A,12,13,N/A,3 12,3 13,N/A,N/A
1 3 7 11 12,0.0379323,19.6759,Yes,N/A,N/A,3,1 3,N/A,N/A,7,1 7,N/A,3 7,11,12,1 12,3 11,3 12,1 3 12,N/A,7 11
3 7 11 13,0.013738,25.8981,Yes,N/A,N/A,3,N/A,N/A,N/A,7,N/A,N/A,3 7,11,N/A,13,3 11,N/A,3 13,N/A,7 11
3 7 11 12,0.0171661,24.2315,Yes,N/A,N/A,3,N/A,N/A,N/A,7,N/A,N/A,3 7,11,12,N/A,3 11,3 12,N/A,N/A,7 11
1 3 7 11 12 13,0.0175752,28.8611,Yes,N/A,N/A,3,1 3,N/A,N/A,7,1 7,N/A,3 7,11,12,13,1 13,3 12,3 13,1 3 13,7 11
1 3 7 10,0.0664464,12.5556,Yes,N/A,N/A,3,1 3,N/A,N/A,7,1 7,N/A,10,1 10,N/A,3 10,1 3 10,N/A,N/A,7 10,1 7 10
3 7 10,0.0294978,16.1667,Yes,N/A,N/A,3,N/A,N/A,N/A,7,N/A,N/A,10,N/A,N/A,3 10,N/A,N/A,N/A,7 10,N/A
1 3 7 10 13,0.0245489,22.8796,Yes,N/A,N/A,3,1 3,N/A,N/A,7,1 7,N/A,10,1 10,N/A,13,1 13,N/A,3 13,7 10,1 7 10
1 3 7 10 12,0.0372498,18.5556,Yes,N/A,N/A,3,1 3,N/A,N/A,7,1 7,N/A,10,1 10,12,3 10,1 3 10,3 12,1 3 12,7 10,1 7 10
3 7 10 13,0.00887614,27.8796,Yes,N/A,N/A,3,N/A,N/A,N/A,7,N/A,N/A,10,N/A,N/A,13,N/A,N/A,3 13,7 10,N/A
3 7 10 12,0.0139675,24.6667,Yes,N/A,N/A,3,N/A,N/A,N/A,7,N/A,N/A,10,N/A,12,3 10,N/A,3 12,N/A,7 10,N/A
1 3 7 10 12 13,0.0166811,28.1528,Yes,N/A,N/A,3,1 3,N/A,N/A,7,1 7,N/A,10,1 10,12,13,1 13,3 12,3 13,7 10,1 7 10
3 7 11 12 13,0.00740399,33.0324,Yes,N/A,N/A,3,N/A,N/A,N/A,7,N/A,N/A,3 7,11,12,13,3 11,3 12,3 13,N/A,7 11
1 3 7 10 11,0.0399649,18.1111,Yes,N/A,N/A,3,1 3,N/A,N/A,7,1 7,N/A,10,11,1 11,3 10,3 11,1 3 11,N/A,7 10,7 11
3 7 10 11,0.017554,23.1991,Yes,N/A,N/A,3,N/A,N/A,N/A,7,N/A,N/A,10,11,N/A,3 10,3 11,N/A,N/A,7 10,7 11
1 3 7 10 11 13,0.0175743,27.4444,Yes,N/A,N/A,3,1 3,N/A,N/A,7,1 7,N/A,10,11,1 11,13,3 11,1 3 11,3 13,7 10,7 11
3 7 10 12 13,0.00534367,35.7222,Yes,N/A,N/A,3,N/A,N/A,N/A,7,N/A,N/A,10,N/A,12,13,N/A,3 12,3 13,7 10,N/A
1 3 7 10 11 12,0.0236748,25.2963,Yes,N/A,N/A,3,1 3,N/A,N/A,7,1 7,N/A,10,11,12,1 12,3 11,3 12,1 3 12,7 10,7 11
3 7 10 11 13,0.00655652,34.0602,Yes,N/A,N/A,3,N/A,N/A,N/A,7,N/A,N/A,10,11,N/A,13,3 11,N/A,3 13,7 10,7 11
3 7 10 11 12,0.00966199,30.2083,Yes,N/A,N/A,3,N/A,N/A,N/A,7,N/A,N/A,10,11,12,3 10,3 11,3 12,N/A,7 10,7 11
1 3 7 10 11 12 13,0.0121071,34.7037,Yes,N/A,N/A,3,1 3,N/A,N/A,7,1 7,N/A,10,11,12,13,1 13,3 12,3 13,7 10,7 11
1 3 7 9,0.0901935,9.31481,Yes,N/A,N/A,3,1 3,N/A,N/A,7,1 7,9,3 7,1 3 7,3 9,1 3 9,N/A,N/A,7 9,1 7 9,N/A
3 7 9,0.0454908,13.5278,Yes,N/A,N/A,3,N/A,N/A,N/A,7,N/A,9,3 7,N/A,3 9,N/A,N/A,N/A,7 9,N/A,N/A
1 3 7 9 13,0.0384684,18.0324,Yes,N/A,N/A,3,1 3,N/A,N/A,7,1 7,9,3 7,1 3 7,3 9,13,1 13,N/A,3 13,1 3 13,N/A
1 3 7 9 12,0.0441675,17.1204,Yes,N/A,N/A,3,1 3,N/A,N/A,7,1 7,9,3 7,1 3 7,12,1 12,N/A,3 12,7 9,1 7 9,N/A
3 7 9 13,0.015376,23.8889,Yes,N/A,N/A,3,N/A,N/A,N/A,7,N/A,9,3 7,N/A,3 9,13,N/A,N/A,3 13,N/A,N/A
3 7 9 12,0.0178351,23.5093,Yes,N/A,N/A,3,N/A,N/A,N/A,7,N/A,9,3 7,N/A,12,N/A,N/A,3 12,7 9,N/A,N/A
1 3 7 9 12 13,0.0209619,25.4444,Yes,N/A,N/A,3,1 3,N/A,N/A,7,1 7,9,3 7,1 3 7,12,13,1 13,3 12,3 13,1 3 13,N/A
1 3 7 9 11,0.0543418,14.2917,Yes,N/A,N/A,3,1 3,N/A,N/A,7,1 7,9,3 7,11,1 11,1 3 9,3 11,1 3 11,7 9,1 7 9,7 11
3 7 9 11,0.0253805,20.1481,Yes,N/A,N/A,3,N/A,N/A,N/A,7,N/A,9,3 7,11,3 9,N/A,3 11,N/A,7 9,N/A,7 11
1 3 7 9 11 13,0.0259024,22.7083,Yes,N/A,N/A,3,1 3,N/A,N/A,7,1 7,9,3 7,11,1 11,13,1 13,1 3 11,3 13,1 3 13,7 11
3 7 9 12 13,0.00732233,33.1574,Yes,N/A,N/A,3,N/A,N/A,N/A,7,N/A,9,3 7,N/A,12,13,N/A,3 12,3 13,N/A,N/A
1 3 7 9 11 12,0.0310943,21.537,Yes,N/A,N/A,3,1 3,N/A,N/A,7,1 7,9,3 7,11,12,1 12,3 11,3 12,7 9,1 7 9,7 11
3 7 9 11 13,0.0100626,29.1019,Yes,N/A,N/A,3,N/A,N/A,N/A,7,N/A,9,3 7,11,3 9,13,3 11,N/A,3 13,N/A,7 11
3 7 9 11 12,0.0118408,29.0694,Yes,N/A,N/A,3,N/A,N/A,N/A,7,N/A,9,3 7,11,12,N/A,3 11,3 12,7 9,N/A,7 11
1 3 7 9 11 12 13,0.0156597,30.0093,Yes,N/A,N/A,3,1 3,N/A,N/A,7,1 7,9,1 9,11,12,13,1 13,3 12,3 13,1 7 9,7 11
3 7 10 11 12 13,0.00451223,40.3472,Yes,N/A,N/A,3,N/A,N/A,N/A,7,N/A,N/A,10,11,12,13,3 11,3 12,3 13,7 10,7 11
1 3 7 9 10,0.0552828,14.2546,Yes,N/A,N/A,3,1 3,N/A,N/A,7,1 7,9,10,1 10,3 9,3 10,1 3 10,N/A,7 9,7 10,1 7 10
3 7 9 10,0.0250111,20.3889,Yes,N/A,N/A,3,N/A,N/A,N/A,7,N/A,9,10,N/A,3 9,3 10,N/A,N/A,7 9,7 10,N/A
1 3 7 9 10 13,0.0242643,23.6898,Yes,N/A,N/A,3,1 3,N/A,N/A,7,1 7,9,10,1 10,3 9,13,1 13,N/A,3 13,7 10,1 7 10
1 3 7 9 10 12,0.0299484,21.2685,Yes,N/A,N/A,3,1 3,N/A,N/A,7,1 7,9,10,1 10,12,3 10,1 3 10,3 12,7 9,7 10,1 7 10
3 7 9 10 13,0.00815235,31.8056,Yes,N/A,N/A,3,N/A,N/A,N/A,7,N/A,9,10,N/A,3 9,13,N/A,N/A,3 13,7 10,N/A
3 7 9 10 12,0.0111687,29.6111,Yes,N/A,N/A,3,N/A,N/A,N/A,7,N/A,9,10,N/A,12,3 10,N/A,3 12,7 9,7 10,N/A
1 3 7 9 10 12 13,0.0152647,29.9398,Yes,N/A,N/A,3,1 3,N/A,N/A,7,1 7,9,10,1 10,12,13,1 13,3 12,3 13,7 10,1 7 10
3 7 9 11 12 13,0.00590315,37.2454,Yes,N/A,N/A,3,N/A,N/A,N/A,7,N/A,9,3 7,11,12,13,3 11,3 12,7 9,N/A,7 11
1 3 7 9 10 11,0.0362139,19.4398,Yes,N/A,N/A,3,1 3,N/A,N/A,7,1 7,9,10,11,1 11,3 10,3 11,1 3 11,7 9,7 10,7 11
3 7 9 10 11,0.0159554,25.6481,Yes,N/A,N/A,3,N/A,N/A,N/A,7,N/A,9,10,11,3 9,3 10,3 11,N/A,7 9,7 10,7 11
1 3 7 9 10 11 13,0.0179937,27.9676,Yes,N/A,N/A,3,1 3,N/A,N/A,7,1 7,9,10,11,3 9,13,1 13,1 3 11,3 13,7 10,7 11
3 7 9 10 12 13,0.00456125,40.75,Yes,N/A,N/A,3,N/A,N/A,N/A,7,N/A,9,10,N/A,12,13,N/A,3 12,3 13,7 10,N/A
1 3 7 9 10 11 12,0.0224767,26.213,Yes,N/A,N/A,3,1 3,N/A,N/A,7,1 7,9,10,11,12,1 12,3 11,3 12,7 9,7 10,7 11
3 7 9 10 11 13,0.00656437,35.9861,Yes,N/A,N/A,3,N/A,N/A,N/A,7,N/A,9,10,11,3 9,13,3 11,N/A,3 13,7 10,7 11
3 7 9 10 11 12,0.0087733,33.1991,Yes,N/A,N/A,3,N/A,N/A,N/A,7,N/A,9,10,11,12,3 10,3 11,3 12,7 9,7 10,7 11
1 3 7 9 10 11 12 13,0.0126251,34.2454,Yes,N/A,N/A,3,1 3,N/A,N/A,7,1 7,9,10,11,12,13,3 11,3 12,3 13,7 10,7 11
3 8 9 10 11 12 13,0.0046421,42.4306,Yes,N/A,N/A,3,N/A,N/A,N/A,N/A,8,9,10,11,12,13,3 11,3 12,3 13,8 9,8 10
1 3 7 8,0.079595,9.5,Yes,N/A,N/A,3,1 3,N/A,N/A,7,8,1 8,3 7,3 8,1 3 8,N/A,N/A,7 8,1 7 8,N/A,3 7 8
3 7 8,0.0469125,12.6065,Yes,N/A,N/A,3,N/A,N/A,N/A,7,8,N/A,3 7,3 8,N/A,N/A,N/A,7 8,N/A,N/A,3 7 8
1 3 7 8 13,0.0380361,16.4398,Yes,N/A,N/A,3,1 3,N/A,N/A,7,8,1 8,3 7,3 8,1 3 8,13,1 13,7 8,3 13,1 3 13,3 7 8
1 3 7 8 12,0.0447145,16.3241,Yes,N/A,N/A,3,1 3,N/A,N/A,7,8,1 8,3 7,3 8,12,1 12,N/A,7 8,1 3 12,N/A,3 7 8
3 7 8 13,0.0169482,22.3611,Yes,N/A,N/A,3,N/A,N/A,N/A,7,8,N/A,3 7,3 8,N/A,13,N/A,7 8,3 13,N/A,3 7 8
3 7 8 12,0.0197441,21.412,Yes,N/A,N/A,3,N/A,N/A,N/A,7,8,N/A,3 7,3 8,12,N/A,N/A,3 12,N/A,N/A,3 7 8
1 3 7 8 12 13,0.0220972,23.9815,Yes,N/A,N/A,3,1 3,N/A,N/A,7,8,1 8,3 7,3 8,12,13,1 13,3 12,3 13,1 3 13,3 7 8
1 3 7 8 11,0.048682,15.8148,Yes,N/A,N/A,3,1 3,N/A,N/A,7,8,1 8,3 7,11,1 11,N/A,3 11,7 8,1 7 8,N/A,7 11
3 7 8 11,0.0230374,21.0741,Yes,N/A,N/A,3,N/A,N/A,N/A,7,8,N/A,3 7,11,N/A,N/A,3 11,7 8,N/A,N/A,7 11
1 3 7 8 11 13,0.025202,22.1944,Yes,N/A,N/A,3,1 3,N/A,N/A,7,8,1 8,3 7,11,1 11,13,1 13,7 8,3 13,1 3 13,7 11
3 7 8 12 13,0.00849046,30.3565,Yes,N/A,N/A,3,N/A,N/A,N/A,7,8,N/A,3 7,3 8,12,13,N/A,3 12,3 13,N/A,3 7 8
1 3 7 8 11 12,0.0291631,21.7407,Yes,N/A,N/A,3,1 3,N/A,N/A,7,8,1 8,3 7,11,12,1 12,3 11,3 12,1 7 8,N/A,7 11
3 7 8 11 13,0.00983259,29.9769,Yes,N/A,N/A,3,N/A,N/A,N/A,7,8,N/A,3 7,11,N/A,13,3 11,7 8,3 13,N/A,7 11
3 7 8 11 12,0.0113823,29.162,Yes,N/A,N/A,3,N/A,N/A,N/A,7,8,N/A,3 7,11,12,N/A,3 11,7 8,N/A,N/A,7 11
1 3 7 8 11 12 13,0.015614,29.537,Yes,N/A,N/A,3,1 3,N/A,N/A,7,8,1 8,3 7,11,12,13,1 13,3 12,3 13,1 3 13,7 11
1 3 7 8 10,0.0557651,13.2917,Yes,N/A,N/A,3,1 3,N/A,N/A,7,8,1 8,10,1 10,1 3 8,3 10,1 3 10,7 8,1 7 8,7 10,8 10
3 7 8 10,0.0289388,19.3843,Yes,N/A,N/A,3,N/A,N/A,N/A,7,8,N/A,10,3 8,N/A,3 10,N/A,7 8,N/A,7 10,8 10
1 3 7 8 10 13,0.0246456,22.162,Yes,N/A,N/A,3,1 3,N/A,N/A,7,8,1 8,10,1 10,1 3 8,13,1 13,7 8,3 13,7 10,8 10
1 3 7 8 10 12,0.0320275,20.2222,Yes,N/A,N/A,3,1 3,N/A,N/A,7,8,1 8,10,3 8,12,1 12,1 3 10,7 8,1 7 8,7 10,8 10
3 7 8 10 13,0.00966494,30.162,Yes,N/A,N/A,3,N/A,N/A,N/A,7,8,N/A,10,3 8,N/A,13,N/A,7 8,3 13,7 10,8 10
3 7 8 10 12,0.0136411,27.2593,Yes,N/A,N/A,3,N/A,N/A,N/A,7,8,N/A,10,3 8,12,3 10,N/A,7 8,N/A,7 10,8 10
1 3 7 8 10 12 13,0.0164338,28.463,Yes,N/A,N/A,3,1 3,N/A,N/A,7,8,1 8,10,1 10,12,13,1 13,3 12,3 13,7 10,8 10
3 7 8 11 12 13,0.00596562,36.6389,Yes,N/A,N/A,3,N/A,N/A,N/A,7,8,N/A,3 7,11,12,13,3 11,7 8,3 13,N/A,7 11
1 3 7 8 10 11,0.0372977,19.1204,Yes,N/A,N/A,3,1 3,N/A,N/A,7,8,1 8,10,11,1 11,3 10,3 11,7 8,1 7 8,7 10,7 11
3 7 8 10 11,0.0152359,27.088,Yes,N/A,N/A,3,N/A,N/A,N/A,7,8,N/A,10,11,N/A,3 10,3 11,7 8,N/A,7 10,7 11
1 3 7 8 10 11 13,0.0182988,27.6343,Yes,N/A,N/A,3,1 3,N/A,N/A,7,8,1 8,10,11,1 11,13,3 11,7 8,3 13,7 10,7 11
3 7 8 10 12 13,0.00588092,37.2685,Yes,N/A,N/A,3,N/A,N/A,N/A,7,8,N/A,10,3 8,12,13,N/A,7 8,3 13,7 10,8 10
1 3 7 8 10 11 12,0.0226301,25.6574,Yes,N/A,N/A,3,1 3,N/A,N/A,7,8,1 8,10,11,12,3 10,3 11,3 12,1 7 8,7 10,7 11
3 7 8 10 11 13,0.00646988,37.2315,Yes,N/A,N/A,3,N/A,N/A,N/A,7,8,N/A,10,11,N/A,13,3 11,7 8,3 13,7 10,8 10
3 7 8 10 11 12,0.00892046,33.6574,Yes,N/A,N/A,3,N/A,N/A,N/A,7,8,N/A,10,11,12,3 10,3 11,7 8,N/A,7 10,7 11
1 3 7 8 10 11 12 13,0.0129375,33.3333,Yes,N/A,N/A,3,1 3,N/A,N/A,7,8,1 8,10,11,12,13,3 11,3 12,3 13,7 10,7 11
3 7 9 10 11 12 13,0.00446964,42.7917,Yes,N/A,N/A,3,N/A,N/A,N/A,7,N/A,9,10,11,12,13,3 11,3 12,7 9,7 10,7 11
1 3 7 8 9,0.0634158,13.0787,Yes,N/A,N/A,3,1 3,N/A,N/A,7,8,9,1 9,3 8,3 9,1 3 9,N/A,7 8,7 9,8 9,3 7 8
3 7 8 9,0.0416987,16.1343,Yes,N/A,N/A,3,N/A,N/A,N/A,7,8,9,3 7,3 8,3 9,N/A,N/A,7 8,7 9,8 9,3 7 8
1 3 7 8 9 13,0.0323195,20.1528,Yes,N/A,N/A,3,1 3,N/A,N/A,7,8,9,1 9,3 8,3 9,13,1 13,7 8,7 9,8 9,3 7 8
1 3 7 8 9 12,0.0353087,20.4352,Yes,N/A,N/A,3,1 3,N/A,N/A,7,8,9,1 9,3 8,12,1 12,N/A,7 8,7 9,8 9,3 7 8
3 7 8 9 13,0.0151807,24.9444,Yes,N/A,N/A,3,N/A,N/A,N/A,7,8,9,3 7,3 8,3 9,13,N/A,7 8,3 13,8 9,3 7 8
3 7 8 9 12,0.0157865,25.7917,Yes,N/A,N/A,3,N/A,N/A,N/A,7,8,9,3 7,3 8,12,N/A,N/A,3 12,7 9,8 9,3 7 8
1 3 7 8 9 12 13,0.0188936,27.1435,Yes,N/A,N/A,3,1 3,N/A,N/A,7,8,9,1 9,3 8,12,13,1 13,3 12,7 9,8 9,3 7 8
1 3 7 8 9 11,0.0411859,18.0509,Yes,N/A,N/A,3,1 3,N/A,N/A,7,8,9,3 7,11,1 11,1 3 9,3 11,7 8,7 9,8 9,7 11
3 7 8 9 11,0.0206578,23.2639,Yes,N/A,N/A,3,N/A,N/A,N/A,7,8,9,3 7,11,3 9,N/A,3 11,7 8,7 9,8 9,7 11
1 3 7 8 9 11 13,0.0226621,24.912,Yes,N/A,N/A,3,1 3,N/A,N/A,7,8,9,3 7,11,1 11,13,1 13,7 8,3 13,8 9,7 11
3 7 8 9 12 13,0.0074679,33.7685,Yes,N/A,N/A,3,N/A,N/A,N/A,7,8,9,3 7,3 8,12,13,N/A,3 12,7 9,8 9,3 7 8
1 3 7 8 9 11 12,0.0259323,24.4259,Yes,N/A,N/A,3,1 3,N/A,N/A,7,8,9,3 7,11,12,1 12,3 11,7 8,7 9,8 9,7 11
3 7 8 9 11 13,0.00961572,30.5972,Yes,N/A,N/A,3,N/A,N/A,N/A,7,8,9,3 7,11,3 9,13,3 11,7 8,3 13,8 9,7 11
3 7 8 9 11 12,0.00988235,31.9676,Yes,N/A,N/A,3,N/A,N/A,N/A,7,8,9,3 7,11,12,N/A,3 11,3 12,7 9,8 9,7 11
1 3 7 8 9 11 12 13,0.014616,31.8333,Yes,N/A,N/A,3,1 3,N/A,N/A,7,8,9,1 9,11,12,13,1 13,3 12,3 13,8 9,7 11
3 7 8 10 11 12 13,0.00466947,42.5694,Yes,N/A,N/A,3,N/A,N/A,N/A,7,8,N/A,10,11,12,13,3 11,7 8,3 13,7 10,7 11
1 3 7 8 9 10,0.0463707,16.8843,Yes,N/A,N/A,3,1 3,N/A,N/A,7,8,9,10,1 10,3 9,3 10,1 3 10,7 8,7 9,7 10,8 10
3 7 8 9 10,0.0243961,21.5602,Yes,N/A,N/A,3,N/A,N/A,N/A,7,8,9,10,3 8,3 9,3 10,N/A,7 8,7 9,7 10,8 10
1 3 7 8 9 10 13,0.0243758,24.0787,Yes,N/A,N/A,3,1 3,N/A,N/A,7,8,9,10,1 10,3 9,13,1 13,7 8,7 9,7 10,8 10
1 3 7 8 9 10 12,0.0274594,23.3981,Yes,N/A,N/A,3,1 3,N/A,N/A,7,8,9,10,3 8,12,1 12,1 3 10,7 8,7 9,7 10,8 10
3 7 8 9 10 13,0.00962357,31.5648,Yes,N/A,N/A,3,N/A,N/A,N/A,7,8,9,10,3 8,3 9,13,N/A,7 8,3 13,7 10,8 10
3 7 8 9 10 12,0.0117529,30.0231,Yes,N/A,N/A,3,N/A,N/A,N/A,7,8,9,10,3 8,12,3 10,N/A,7 8,7 9,7 10,8 10
1 3 7 8 9 10 12 13,0.0159004,30.7222,Yes,N/A,N/A,3,1 3,N/A,N/A,7,8,9,10,3 8,12,13,1 13,3 12,7 9,7 10,8 10
3 7 8 9 11 12 13,0.00577064,37.9676,Yes,N/A,N/A,3,N/A,N/A,N/A,7,8,9,3 7,11,12,13,3 11,7 8,3 13,8 9,7 11
1 3 7 8 9 10 11,0.0319285,21.9352,Yes,N/A,N/A,3,1 3,N/A,N/A,7,8,9,10,11,1 11,3 10,3 11,7 8,7 9,7 10,8 10
3 7 8 9 10 11,0.0147771,26.9583,Yes,N/A,N/A,3,N/A,N/A,N/A,7,8,9,10,11,3 9,3 10,3 11,7 8,7 9,7 10,7 11
1 3 7 8 9 10 11 13,0.0183903,28.8796,Yes,N/A,N/A,3,1 3,N/A,N/A,7,8,9,10,11,3 9,13,1 13,7 8,7 9,7 10,8 10
3 7 8 9 10 12 13,0.00566493,39.5231,Yes,N/A,N/A,3,N/A,N/A,N/A,7,8,9,10,3 8,12,13,N/A,3 12,7 9,7 10,8 10
1 3 7 8 9 10 11 12,0.0213752,27.8657,Yes,N/A,N/A,3,1 3,N/A,N/A,7,8,9,10,11,12,1 12,3 11,7 8,7 9,7 10,8 10
3 7 8 9 10 11 13,0.00719445,35.6898,Yes,N/A,N/A,3,N/A,N/A,N/A,7,8,9,10,11,3 9,13,3 11,7 8,3 13,7 10,7 11
3 7 8 9 10 11 12,0.00872144,34.0648,Yes,N/A,N/A,3,N/A,N/A,N/A,7,8,9,10,11,12,3 10,3 11,7 8,7 9,8 9,7 11
1 3 7 8 9 10 11 12 13,0.0133081,34.9028,Yes,N/A,N/A,3,1 3,N/A,N/A,7,8,9,10,11,12,13,1 13,3 12,7 9,7 10,8 10
1 3 6,0.146291,6.625,Yes,N/A,N/A,3,1 3,N/A,6,1 6,N/A,3 6,1 3 6,N/A,N/A,N/A,N/A,N/A,N/A,N/A,N/A
3 6,0.116169,7.61574,Yes,N/A,N/A,3,N/A,N/A,6,N/A,N/A,3 6,N/A,N/A,N/A,N/A,N/A,N/A,N/A,N/A,N/A
1 3 6 13,0.050377,15.4213,Yes,N/A,N/A,3,1 3,N/A,6,1 6,N/A,3 6,1 3 6,N/A,N/A,13,1 13,N/A,3 13,1 3 13,N/A
1 3 6 12,0.0665775,13.1806,Yes,N/A,N/A,3,1 3,N/A,6,1 6,N/A,3 6,1 3 6,N/A,12,1 12,N/A,3 12,1 3 12,N/A,6 12
3 6 13,0.0252022,18.4028,Yes,N/A,N/A,3,N/A,N/A,6,N/A,N/A,3 6,N/A,N/A,N/A,13,N/A,N/A,3 13,N/A,N/A
3 6 12,0.0312702,16.838,Yes,N/A,N/A,3,N/A,N/A,6,N/A,N/A,3 6,N/A,N/A,12,N/A,N/A,3 12,N/A,N/A,6 12
1 3 6 12 13,0.0248232,22.4676,Yes,N/A,N/A,3,1 3,N/A,6,1 6,N/A,3 6,1 3 6,N/A,12,13,1 13,3 12,3 13,1 3 13,6 12
1 3 6 11,0.0792169,11.1574,Yes,N/A,N/A,3,1 3,N/A,6,1 6,N/A,3 6,1 3 6,11,1 11,N/A,3 11,1 3 11,N/A,6 11,1 6 11
3 6 11,0.0356546,15.3657,Yes,N/A,N/A,3,N/A,N/A,6,N/A,N/A,3 6,N/A,11,N/A,N/A,3 11,N/A,N/A,6 11,N/A
1 3 6 11 13,0.0322685,19.1667,Yes,N/A,N/A,3,1 3,N/A,6,1 6,N/A,3 6,1 3 6,11,1 11,13,1 13,1 3 11,3 13,6 11,1 6 11
3 6 12 13,0.0102852,26.9722,Yes,N/A,N/A,3,N/A,N/A,6,N/A,N/A,3 6,N/A,N/A,12,13,N/A,3 12,3 13,N/A,6 12
1 3 6 11 12,0.0385554,17.9444,Yes,N/A,N/A,3,1 3,N/A,6,1 6,N/A,3 6,1 3 6,11,12,1 12,3 11,3 12,1 3 12,6 11,6 12
3 6 11 13,0.012151,25.4259,Yes,N/A,N/A,3,N/A,N/A,6,N/A,N/A,3 6,N/A,11,N/A,13,3 11,N/A,3 13,6 11,N/A
3 6 11 12,0.0159513,23.6157,Yes,N/A,N/A,3,N/A,N/A,6,N/A,N/A,3 6,N/A,11,12,N/A,3 11,3 12,N/A,6 11,6 12
1 3 6 11 12 13,0.0174912,27.1435,Yes,N/A,N/A,3,1 3,N/A,6,1 6,N/A,3 6,1 3 6,11,12,13,1 13,3 12,3 13,6 11,6 12
1 3 6 10,0.0726702,10.7269,Yes,N/A,N/A,3,1 3,N/A,6,1 6,N/A,3 6,10,1 10,N/A,3 10,1 3 10,N/A,6 10,1 6 10,N/A
3 6 10,0.0383552,13.9491,Yes,N/A,N/A,3,N/A,N/A,6,N/A,N/A,3 6,10,N/A,N/A,3 10,N/A,N/A,6 10,N/A,N/A
1 3 6 10 13,0.0290674,21.0741,Yes,N/A,N/A,3,1 3,N/A,6,1 6,N/A,3 6,10,1 10,N/A,13,1 13,N/A,3 13,1 3 13,N/A
1 3 6 10 12,0.0416055,16.5417,Yes,N/A,N/A,3,1 3,N/A,6,1 6,N/A,3 6,10,1 10,12,1 12,1 3 10,3 12,6 10,1 6 10,6 12
3 6 10 13,0.0116009,25.9907,Yes,N/A,N/A,3,N/A,N/A,6,N/A,N/A,3 6,10,N/A,N/A,13,N/A,N/A,3 13,N/A,N/A
3 6 10 12,0.0184322,22.0278,Yes,N/A,N/A,3,N/A,N/A,6,N/A,N/A,3 6,10,N/A,12,3 10,N/A,3 12,6 10,N/A,6 12
1 3 6 10 12 13,0.0188172,25.9491,Yes,N/A,N/A,3,1 3,N/A,6,1 6,N/A,3 6,10,1 10,12,13,1 13,3 12,3 13,1 3 13,6 12
3 6 11 12 13,0.00683386,32.5694,Yes,N/A,N/A,3,N/A,N/A,6,N/A,N/A,3 6,N/A,11,12,13,3 11,3 12,3 13,6 11,6 12
1 3 6 10 11,0.0475254,15.4491,Yes,N/A,N/A,3,1 3,N/A,6,1 6,N/A,3 6,10,11,1 11,3 10,3 11,1 3 11,6 10,6 11,1 6 11
3 6 10 11,0.0234214,20.3611,Yes,N/A,N/A,3,N/A,N/A,6,N/A,N/A,3 6,10,11,N/A,3 10,3 11,N/A,6 10,6 11,N/A
1 3 6 10 11 13,0.0212148,25.0602,Yes,N/A,N/A,3,1 3,N/A,6,1 6,N/A,3 6,10,11,1 11,13,1 13,1 3 11,6 10,6 11,1 6 11
3 6 10 12 13,0.00664794,33.4167,Yes,N/A,N/A,3,N/A,N/A,6,N/A,N/A,3 6,10,N/A,12,13,N/A,3 12,3 13,N/A,6 12
1 3 6 10 11 12,0.0280775,22.6343,Yes,N/A,N/A,3,1 3,N/A,6,1 6,N/A,3 6,10,11,12,1 12,3 11,3 12,6 10,6 11,6 12
3 6 10 11 13,0.00810163,31.7083,Yes,N/A,N/A,3,N/A,N/A,6,N/A,N/A,3 6,10,11,N/A,13,3 11,N/A,3 13,6 11,N/A
3 6 10 11 12,0.0129307,26.9676,Yes,N/A,N/A,3,N/A,N/A,6,N/A,N/A,3 6,10,11,12,3 10,3 11,3 12,6 10,6 11,6 12
1 3 6 10 11 12 13,0.014179,31.8704,Yes,N/A,N/A,3,1 3,N/A,6,1 6,N/A,3 6,10,11,12,13,1 13,3 12,3 13,6 11,6 12
1 3 6 9,0.0612727,10.4444,Yes,N/A,N/A,3,1 3,N/A,6,1 6,N/A,9,1 9,N/A,3 9,1 3 9,N/A,6 9,1 6 9,N/A,3 6 9
3 6 9,0.0293198,13.9537,Yes,N/A,N/A,3,N/A,N/A,6,N/A,N/A,9,N/A,N/A,3 9,N/A,N/A,6 9,N/A,N/A,3 6 9
1 3 6 9 13,0.0277244,19.4259,Yes,N/A,N/A,3,1 3,N/A,6,1 6,N/A,9,1 9,N/A,3 9,13,1 13,6 9,3 13,1 3 13,3 6 9
1 3 6 9 12,0.0309195,19.6528,Yes,N/A,N/A,3,1 3,N/A,6,1 6,N/A,9,1 9,N/A,12,1 12,N/A,3 12,1 3 12,N/A,6 12
3 6 9 13,0.0115811,24.1713,Yes,N/A,N/A,3,N/A,N/A,6,N/A,N/A,9,N/A,N/A,3 9,13,N/A,6 9,3 13,N/A,3 6 9
3 6 9 12,0.0113984,24.9815,Yes,N/A,N/A,3,N/A,N/A,6,N/A,N/A,9,N/A,N/A,12,N/A,N/A,3 12,N/A,N/A,6 12
1 3 6 9 12 13,0.0152556,28.1944,Yes,N/A,N/A,3,1 3,N/A,6,1 6,N/A,9,1 9,N/A,12,13,1 13,3 12,3 13,1 3 13,6 12
1 3 6 9 11,0.0457191,14.838,Yes,N/A,N/A,3,1 3,N/A,6,1 6,N/A,9,1 9,11,1 11,1 3 9,3 11,6 9,1 6 9,6 11,1 6 11
3 6 9 11,0.0223572,20.6667,Yes,N/A,N/A,3,N/A,N/A,6,N/A,N/A,9,N/A,11,3 9,N/A,3 11,6 9,N/A,6 11,3 6 9
1 3 6 9 11 13,0.022181,23.4213,Yes,N/A,N/A,3,1 3,N/A,6,1 6,N/A,9,1 9,11,3 9,13,1 13,6 9,3 13,6 11,3 6 9
3 6 9 12 13,0.00522497,34.7222,Yes,N/A,N/A,3,N/A,N/A,6,N/A,N/A,9,N/A,N/A,12,13,N/A,3 12,3 13,N/A,6 12
1 3 6 9 11 12,0.0263995,22.2824,Yes,N/A,N/A,3,1 3,N/A,6,1 6,N/A,9,1 9,11,12,1 12,3 11,3 12,1 6 9,6 11,6 12
3 6 9 11 13,0.00933041,29.7685,Yes,N/A,N/A,3,N/A,N/A,6,N/A,N/A,9,N/A,11,3 9,13,3 11,6 9,3 13,6 11,3 6 9
3 6 9 11 12,0.00950456,30.9676,Yes,N/A,N/A,3,N/A,N/A,6,N/A,N/A,9,N/A,11,12,N/A,3 11,6 9,N/A,6 11,6 12
1 3 6 9 11 12 13,0.0137828,31.1296,Yes,N/A,N/A,3,1 3,N/A,6,1 6,N/A,9,1 9,11,12,13,3 11,3 12,3 13,6 11,6 12
3 6 10 11 12 13,0.00566042,37.1111,Yes,N/A,N/A,3,N/A,N/A,6,N/A,N/A,3 6,10,11,12,13,3 11,3 12,6 10,6 11,6 12
1 3 6 9 10,0.053345,13.6296,Yes,N/A,N/A,3,1 3,N/A,6,1 6,N/A,9,10,1 10,3 9,3 10,1 3 10,6 9,6 10,1 6 10,3 6 9
3 6 9 10,0.0290819,19.0046,Yes,N/A,N/A,3,N/A,N/A,6,N/A,N/A,9,10,N/A,3 9,3 10,N/A,6 9,6 10,N/A,3 6 9
1 3 6 9 10 13,0.0231334,23.2222,Yes,N/A,N/A,3,1 3,N/A,6,1 6,N/A,9,10,1 10,3 9,13,1 13,6 9,3 13,1 3 13,3 6 9
1 3 6 9 10 12,0.0277485,21.8704,Yes,N/A,N/A,3,1 3,N/A,6,1 6,N/A,9,10,1 10,12,3 10,1 3 10,6 9,6 10,1 6 10,6 12
3 6 9 10 13,0.00882567,30.7778,Yes,N/A,N/A,3,N/A,N/A,6,N/A,N/A,9,10,N/A,3 9,13,N/A,6 9,3 13,N/A,3 6 9
3 6 9 10 12,0.0117769,29.3472,Yes,N/A,N/A,3,N/A,N/A,6,N/A,N/A,9,10,N/A,12,3 10,N/A,6 9,6 10,N/A,6 12
1 3 6 9 10 12 13,0.0138573,30.9861,Yes,N/A,N/A,3,1 3,N/A,6,1 6,N/A,9,10,1 10,12,13,1 13,3 12,3 13,1 3 13,6 12
3 6 9 11 12 13,0.00502168,39.1296,Yes,N/A,N/A,3,N/A,N/A,6,N/A,N/A,9,N/A,11,12,13,3 11,6 9,3 13,6 11,6 12
1 3 6 9 10 11,0.0378782,19.3426,Yes,N/A,N/A,3,1 3,N/A,6,1 6,N/A,9,10,11,1 11,3 10,3 11,6 9,6 10,6 11,1 6 11
3 6 9 10 11,0.0195094,24.0324,Yes,N/A,N/A,3,N/A,N/A,6,N/A,N/A,9,10,11,3 9,3 10,3 11,6 9,6 10,6 11,3 6 9
1 3 6 9 10 11 13,0.0185894,28.4491,Yes,N/A,N/A,3,1 3,N/A,6,1 6,N/A,9,10,11,3 9,13,1 13,6 9,6 10,6 11,3 6 9
3 6 9 10 12 13,0.00462395,40.6111,Yes,N/A,N/A,3,N/A,N/A,6,N/A,N/A,9,10,N/A,12,13,N/A,6 9,3 13,N/A,6 12
1 3 6 9 10 11 12,0.0224449,26.7176,Yes,N/A,N/A,3,1 3,N/A,6,1 6,N/A,9,10,11,12,1 12,3 11,3 12,6 10,6 11,6 12
3 6 9 10 11 13,0.00778675,34.3287,Yes,N/A,N/A,3,N/A,N/A,6,N/A,N/A,9,10,11,3 9,13,3 11,6 9,6 10,6 11,3 6 9
3 6 9 10 11 12,0.0099197,32.6759,Yes,N/A,N/A,3,N/A,N/A,6,N/A,N/A,9,10,11,12,3 10,3 11,6 9,6 10,6 11,6 12
1 3 6 9 10 11 12 13,0.0123745,35.3519,Yes,N/A,N/A,3,1 3,N/A,6,1 6,N/A,9,10,11,12,13,3 11,3 12,3 13,6 11,6 12
1 3 6 8,0.0797254,7.68056,Yes,N/A,N/A,3,1 3,N/A,6,1 6,8,1 8,1 3 6,3 8,1 3 8,N/A,6 8,1 6 8,N/A,3 6 8,1 3 6 8
3 6 8,0.0487361,11.6481,Yes,N/A,N/A,3,N/A,N/A,6,N/A,8,3 6,N/A,3 8,N/A,N/A,6 8,N/A,N/A,3 6 8,N/A
1 3 6 8 13,0.0368161,15.4907,Yes,N/A,N/A,3,1 3,N/A,6,1 6,8,3 6,1 3 6,3 8,1 3 8,13,1 13,1 6 8,3 13,1 3 13,1 3 6 8
1 3 6 8 12,0.0494885,13.6111,Yes,N/A,N/A,3,1 3,N/A,6,1 6,8,3 6,1 3 6,3 8,12,1 12,6 8,3 12,1 3 12,3 6 8,6 12
3 6 8 13,0.0174848,21.5231,Yes,N/A,N/A,3,N/A,N/A,6,N/A,8,3 6,N/A,3 8,N/A,13,6 8,N/A,3 13,3 6 8,N/A
3 6 8 12,0.0241795,19.6713,Yes,N/A,N/A,3,N/A,N/A,6,N/A,8,3 6,N/A,3 8,12,N/A,6 8,3 12,N/A,3 6 8,6 12
1 3 6 8 12 13,0.0213868,22.6852,Yes,N/A,N/A,3,1 3,N/A,6,1 6,8,1 8,1 3 6,3 8,12,13,1 13,3 12,3 13,1 3 13,6 12
1 3 6 8 11,0.0501411,14.8426,Yes,N/A,N/A,3,1 3,N/A,6,1 6,8,3 6,1 3 6,11,1 11,N/A,3 11,1 3 11,N/A,6 11,1 6 11
3 6 8 11,0.0210405,21.2639,Yes,N/A,N/A,3,N/A,N/A,6,N/A,8,3 6,N/A,11,N/A,N/A,3 11,N/A,N/A,6 11,N/A
1 3 6 8 11 13,0.0250594,21.3009,Yes,N/A,N/A,3,1 3,N/A,6,1 6,8,3 6,1 3 6,11,1 11,13,6 8,1 3 11,3 13,6 11,1 6 11
3 6 8 12 13,0.0101204,28.3148,Yes,N/A,N/A,3,N/A,N/A,6,N/A,8,3 6,N/A,3 8,12,13,6 8,3 12,3 13,3 6 8,6 12
1 3 6 8 11 12,0.0300737,20.0139,Yes,N/A,N/A,3,1 3,N/A,6,1 6,8,1 8,1 3 6,11,12,1 12,3 11,3 12,1 3 12,6 11,6 12
3 6 8 11 13,0.00894671,30.5231,Yes,N/A,N/A,3,N/A,N/A,6,N/A,8,3 6,N/A,11,N/A,13,3 11,N/A,3 13,6 11,N/A
3 6 8 11 12,0.0123588,28.4676,Yes,N/A,N/A,3,N/A,N/A,6,N/A,8,3 6,N/A,11,12,N/A,6 8,3 12,N/A,6 11,6 12
1 3 6 8 11 12 13,0.015407,28.1296,Yes,N/A,N/A,3,1 3,N/A,6,1 6,8,1 8,1 3 6,11,12,13,1 13,3 12,3 13,6 11,6 12
1 3 6 8 10,0.0656316,11.1852,Yes,N/A,N/A,3,1 3,N/A,6,1 6,8,1 8,10,1 10,1 3 8,3 10,6 8,1 6 8,6 10,1 6 10,8 10
3 6 8 10,0.0407813,16.287,Yes,N/A,N/A,3,N/A,N/A,6,N/A,8,3 6,10,3 8,N/A,3 10,6 8,N/A,6 10,3 6 8,8 10
1 3 6 8 10 13,0.0284417,20.2685,Yes,N/A,N/A,3,1 3,N/A,6,1 6,8,3 6,10,1 10,1 3 8,13,1 13,1 6 8,3 13,3 6 8,8 10
1 3 6 8 10 12,0.0408476,17.1389,Yes,N/A,N/A,3,1 3,N/A,6,1 6,8,3 6,10,1 10,12,1 12,6 8,3 12,6 10,3 6 8,6 12
3 6 8 10 13,0.0123538,27.4259,Yes,N/A,N/A,3,N/A,N/A,6,N/A,8,3 6,10,3 8,N/A,13,6 8,N/A,3 13,3 6 8,8 10
3 6 8 10 12,0.0203994,22.6944,Yes,N/A,N/A,3,N/A,N/A,6,N/A,8,3 6,10,3 8,12,3 10,6 8,3 12,6 10,3 6 8,6 12
1 3 6 8 10 12 13,0.0196511,25.2546,Yes,N/A,N/A,3,1 3,N/A,6,1 6,8,3 6,10,1 10,12,13,1 13,3 12,3 13,3 6 8,6 12
3 6 8 11 12 13,0.00639985,36.1157,Yes,N/A,N/A,3,N/A,N/A,6,N/A,8,3 6,N/A,11,12,13,6 8,3 12,3 13,6 11,6 12
1 3 6 8 10 11,0.0440249,16.6389,Yes,N/A,N/A,3,1 3,N/A,6,1 6,8,1 8,10,11,1 11,3 10,3 11,1 6 8,6 10,6 11,8 10
3 6 8 10 11,0.019007,24.8889,Yes,N/A,N/A,3,N/A,N/A,6,N/A,8,3 6,10,11,N/A,3 10,6 8,N/A,6 10,6 11,8 10
1 3 6 8 10 11 13,0.0207826,24.9722,Yes,N/A,N/A,3,1 3,N/A,6,1 6,8,3 6,10,11,1 11,13,3 11,1 3 11,3 13,6 11,8 10
3 6 8 10 12 13,0.00816424,32.4537,Yes,N/A,N/A,3,N/A,N/A,6,N/A,8,3 6,10,3 8,12,13,6 8,3 12,6 10,3 6 8,6 12
1 3 6 8 10 11 12,0.0275465,22.2824,Yes,N/A,N/A,3,1 3,N/A,6,1 6,8,1 8,10,11,12,3 10,3 11,3 12,6 10,6 11,6 12
3 6 8 10 11 13,0.00722939,35.3194,Yes,N/A,N/A,3,N/A,N/A,6,N/A,8,3 6,10,11,N/A,13,3 11,N/A,3 13,6 11,8 10
3 6 8 10 11 12,0.0120788,29.4352,Yes,N/A,N/A,3,N/A,N/A,6,N/A,8,3 6,10,11,12,3 10,6 8,3 12,6 10,6 11,6 12
1 3 6 8 10 11 12 13,0.0148837,30.1713,Yes,N/A,N/A,3,1 3,N/A,6,1 6,8,1 8,10,11,12,13,1 13,3 12,3 13,6 11,6 12
3 6 9 10 11 12 13,0.00481876,42.6204,Yes,N/A,N/A,3,N/A,N/A,6,N/A,N/A,9,10,11,12,13,3 11,6 9,3 13,6 11,6 12
1 3 6 8 9,0.07597,10.412,Yes,N/A,N/A,3,1 3,N/A,6,1 6,8,9,1 9,3 8,3 9,1 3 9,6 8,6 9,1 6 9,8 9,1 8 9
3 6 8 9,0.0432401,16.5556,Yes,N/A,N/A,3,N/A,N/A,6,N/A,8,9,N/A,3 8,3 9,N/A,6 8,6 9,N/A,8 9,3 6 9
1 3 6 8 9 13,0.033441,18.5926,Yes,N/A,N/A,3,1 3,N/A,6,1 6,8,9,1 9,3 8,3 9,13,1 13,6 9,3 13,8 9,3 6 9
1 3 6 8 9 12,0.0407747,17.2083,Yes,N/A,N/A,3,1 3,N/A,6,1 6,8,9,1 9,3 8,12,1 12,6 8,6 9,1 6 9,8 9,6 12
3 6 8 9 13,0.0162772,25.2454,Yes,N/A,N/A,3,N/A,N/A,6,N/A,8,9,N/A,3 8,3 9,13,6 8,6 9,3 13,8 9,3 6 9
3 6 8 9 12,0.0159059,26.5556,Yes,N/A,N/A,3,N/A,N/A,6,N/A,8,9,N/A,3 8,12,N/A,6 8,6 9,N/A,8 9,6 12
1 3 6 8 9 12 13,0.01985,25.4491,Yes,N/A,N/A,3,1 3,N/A,6,1 6,8,9,1 9,3 8,12,13,1 13,6 9,3 13,8 9,6 12
1 3 6 8 9 11,0.0435858,16.7407,Yes,N/A,N/A,3,1 3,N/A,6,1 6,8,9,1 9,11,1 11,1 3 9,6 8,6 9,1 6 9,6 11,1 6 11
3 6 8 9 11,0.0190926,25.4722,Yes,N/A,N/A,3,N/A,N/A,6,N/A,8,9,N/A,11,3 9,N/A,6 8,6 9,N/A,6 11,3 6 9
1 3 6 8 9 11 13,0.0232916,23.7917,Yes,N/A,N/A,3,1 3,N/A,6,1 6,8,9,1 9,11,3 9,13,6 8,6 9,3 13,6 11,1 6 11
3 6 8 9 12 13,0.00791259,34.3843,Yes,N/A,N/A,3,N/A,N/A,6,N/A,8,9,N/A,3 8,12,13,6 8,6 9,3 13,8 9,6 12
1 3 6 8 9 11 12,0.0261463,23.0463,Yes,N/A,N/A,3,1 3,N/A,6,1 6,8,9,1 9,11,12,1 12,3 11,3 12,1 3 12,8 9,6 12
3 6 8 9 11 13,0.00931522,33.1111,Yes,N/A,N/A,3,N/A,N/A,6,N/A,8,9,N/A,11,3 9,13,6 8,6 9,3 13,6 11,3 6 9
3 6 8 9 11 12,0.00867794,35.1343,Yes,N/A,N/A,3,N/A,N/A,6,N/A,8,9,N/A,11,12,N/A,3 11,3 12,N/A,8 9,6 12
1 3 6 8 9 11 12 13,0.0151394,30.0417,Yes,N/A,N/A,3,1 3,N/A,6,1 6,8,9,1 9,11,12,13,3 11,3 12,3 13,6 11,6 12
3 6 8 10 11 12 13,0.00587758,38.7454,Yes,N/A,N/A,3,N/A,N/A,6,N/A,8,3 6,10,11,12,13,6 8,3 12,3 13,6 11,8 10
1 3 6 8 9 10,0.0571956,14.213,Yes,N/A,N/A,3,1 3,N/A,6,1 6,8,9,10,1 10,3 9,3 10,6 8,6 9,6 10,8 9,8 10
3 6 8 9 10,0.0311462,19.5046,Yes,N/A,N/A,3,N/A,N/A,6,N/A,8,9,10,3 8,3 9,3 10,6 8,6 9,6 10,8 9,8 10
1 3 6 8 9 10 13,0.0271349,22.2176,Yes,N/A,N/A,3,1 3,N/A,6,1 6,8,9,10,1 10,3 9,13,1 13,6 9,6 10,8 9,8 10
1 3 6 8 9 10 12,0.0338415,20.4907,Yes,N/A,N/A,3,1 3,N/A,6,1 6,8,9,10,3 8,12,1 12,6 8,6 9,6 10,8 9,6 12
3 6 8 9 10 13,0.0120322,29.3657,Yes,N/A,N/A,3,N/A,N/A,6,N/A,8,9,10,3 8,3 9,13,6 8,6 9,6 10,8 9,8 10
3 6 8 9 10 12,0.0149754,27.7037,Yes,N/A,N/A,3,N/A,N/A,6,N/A,8,9,10,3 8,12,3 10,6 8,6 9,6 10,8 9,6 12
1 3 6 8 9 10 12 13,0.0180476,27.9954,Yes,N/A,N/A,3,1 3,N/A,6,1 6,8,9,10,3 8,12,13,1 13,6 9,3 13,8 9,6 12
3 6 8 9 11 12 13,0.00546839,41.7269,Yes,N/A,N/A,3,N/A,N/A,6,N/A,8,9,N/A,11,12,13,6 8,6 9,3 13,8 9,6 12
1 3 6 8 9 10 11,0.0380916,19.0509,Yes,N/A,N/A,3,1 3,N/A,6,1 6,8,9,10,11,1 11,3 10,6 8,6 9,6 10,8 9,8 10
3 6 8 9 10 11,0.0173877,26.3935,Yes,N/A,N/A,3,N/A,N/A,6,N/A,8,9,10,11,3 9,3 10,6 8,6 9,6 10,6 11,8 10
1 3 6 8 9 10 11 13,0.0203816,26.4491,Yes,N/A,N/A,3,1 3,N/A,6,1 6,8,9,10,11,3 9,13,1 13,6 9,3 13,6 11,8 10
3 6 8 9 10 12 13,0.00711279,36.8889,Yes,N/A,N/A,3,N/A,N/A,6,N/A,8,9,10,3 8,12,13,6 8,6 9,3 13,8 9,6 12
1 3 6 8 9 10 11 12,0.02434,25.0093,Yes,N/A,N/A,3,1 3,N/A,6,1 6,8,9,10,11,12,3 10,3 11,3 12,6 10,8 9,6 12
3 6 8 9 10 11 13,0.00822104,35.4676,Yes,N/A,N/A,3,N/A,N/A,6,N/A,8,9,10,11,3 9,13,6 8,6 9,3 13,6 11,8 10
3 6 8 9 10 11 12,0.010122,33.75,Yes,N/A,N/A,3,N/A,N/A,6,N/A,8,9,10,11,12,3 10,6 8,6 9,6 10,8 9,6 12
1 3 6 8 9 10 11 12 13,0.0146807,31.875,Yes,N/A,N/A,3,1 3,N/A,6,1 6,8,9,10,11,12,13,3 11,3 12,3 13,6 11,6 12
3 7 8 9 10 11 12 13,0.00503497,42.0185,Yes,N/A,N/A,3,N/A,N/A,N/A,7,8,9,10,11,12,13,3 11,7 8,3 13,7 10,7 11
1 3 6 7,0.0785355,7.36111,Yes,N/A,N/A,3,1 3,N/A,6,7,1 7,3 6,3 7,1 3 7,N/A,6 7,1 6 7,N/A,3 6 7,1 3 6 7,N/A
3 6 7,0.0564165,10.6389,Yes,N/A,N/A,3,N/A,N/A,6,7,N/A,3 6,3 7,N/A,N/A,6 7,N/A,N/A,3 6 7,N/A,N/A
1 3 6 7 13,0.0318886,17.4769,Yes,N/A,N/A,3,1 3,N/A,6,7,1 7,3 6,3 7,1 3 7,N/A,13,1 13,N/A,3 13,1 3 13,N/A
1 3 6 7 12,0.0491141,13.3194,Yes,N/A,N/A,3,1 3,N/A,6,7,1 7,3 6,3 7,1 3 7,12,1 12,1 6 7,3 12,1 3 12,1 3 6 7,6 12
3 6 7 13,0.0141674,22.5509,Yes,N/A,N/A,3,N/A,N/A,6,7,N/A,3 6,3 7,N/A,N/A,13,N/A,N/A,3 13,N/A,N/A
3 6 7 12,0.0274458,18.6667,Yes,N/A,N/A,3,N/A,N/A,6,7,N/A,3 6,3 7,N/A,12,6 7,N/A,3 12,3 6 7,N/A,6 12
1 3 6 7 12 13,0.0202138,22.8009,Yes,N/A,N/A,3,1 3,N/A,6,7,1 7,3 6,3 7,1 3 7,12,13,1 13,3 12,3 13,1 3 13,6 12
1 3 6 7 11,0.0634656,11.588,Yes,N/A,N/A,3,1 3,N/A,6,7,1 7,3 6,3 7,11,1 11,6 7,3 11,1 3 11,3 6 7,6 11,7 11
3 6 7 11,0.0371144,16.8889,Yes,N/A,N/A,3,N/A,N/A,6,7,N/A,3 6,3 7,11,N/A,6 7,3 11,N/A,3 6 7,6 11,7 11
1 3 6 7 11 13,0.0262447,20.3935,Yes,N/A,N/A,3,1 3,N/A,6,7,1 7,3 6,3 7,11,1 11,13,1 13,1 3 11,3 13,6 11,7 11
3 6 7 12 13,0.00799261,30.0602,Yes,N/A,N/A,3,N/A,N/A,6,7,N/A,3 6,3 7,N/A,12,13,N/A,3 12,3 13,N/A,6 12
1 3 6 7 11 12,0.0346868,18.5556,Yes,N/A,N/A,3,1 3,N/A,6,7,1 7,3 6,3 7,11,12,1 12,3 11,3 12,1 3 12,6 11,6 12
3 6 7 11 13,0.0104376,28.0972,Yes,N/A,N/A,3,N/A,N/A,6,7,N/A,3 6,3 7,11,N/A,13,3 11,N/A,3 13,6 11,7 11
3 6 7 11 12,0.018873,23.3009,Yes,N/A,N/A,3,N/A,N/A,6,7,N/A,3 6,3 7,11,12,6 7,3 11,3 12,3 6 7,6 11,6 12
1 3 6 7 11 12 13,0.0165101,27.1759,Yes,N/A,N/A,3,1 3,N/A,6,7,1 7,3 6,3 7,11,12,13,1 13,3 12,3 13,6 11,6 12
1 3 6 7 10,0.058109,13.338,Yes,N/A,N/A,3,1 3,N/A,6,7,1 7,3 6,10,1 10,N/A,6 7,1 3 10,N/A,6 10,7 10,1 7 10
3 6 7 10,0.0300265,18.8889,Yes,N/A,N/A,3,N/A,N/A,6,7,N/A,3 6,10,N/A,N/A,3 10,N/A,N/A,6 10,7 10,N/A
1 3 6 7 10 13,0.0227846,23.6481,Yes,N/A,N/A,3,1 3,N/A,6,7,1 7,3 6,10,1 10,N/A,13,1 13,N/A,3 13,7 10,1 7 10
1 3 6 7 10 12,0.0392637,17.4537,Yes,N/A,N/A,3,1 3,N/A,6,7,1 7,3 6,10,1 10,12,6 7,1 6 7,3 12,6 10,7 10,6 12
3 6 7 10 13,0.00806811,30.7685,Yes,N/A,N/A,3,N/A,N/A,6,7,N/A,3 6,10,N/A,N/A,13,N/A,N/A,3 13,7 10,N/A
3 6 7 10 12,0.0163435,25.9907,Yes,N/A,N/A,3,N/A,N/A,6,7,N/A,3 6,10,N/A,12,6 7,N/A,3 12,6 10,7 10,6 12
1 3 6 7 10 12 13,0.0171153,26.5463,Yes,N/A,N/A,3,1 3,N/A,6,7,1 7,3 6,10,1 10,12,13,1 13,3 12,3 13,7 10,6 12
3 6 7 11 12 13,0.00659493,33.9213,Yes,N/A,N/A,3,N/A,N/A,6,7,N/A,3 6,3 7,11,12,13,3 11,3 12,3 13,6 11,6 12
1 3 6 7 10 11,0.0439395,16.6389,Yes,N/A,N/A,3,1 3,N/A,6,7,1 7,3 6,10,11,1 11,3 10,3 11,1 3 11,6 10,7 10,7 11
3 6 7 10 11,0.0203056,24.3333,Yes,N/A,N/A,3,N/A,N/A,6,7,N/A,3 6,10,11,N/A,6 7,3 11,N/A,6 10,7 10,7 11
1 3 6 7 10 11 13,0.0190399,25.7037,Yes,N/A,N/A,3,1 3,N/A,6,7,1 7,3 6,10,11,1 11,13,1 13,1 3 11,3 13,7 10,7 11
3 6 7 10 12 13,0.00541093,37.4213,Yes,N/A,N/A,3,N/A,N/A,6,7,N/A,3 6,10,N/A,12,13,N/A,3 12,3 13,7 10,6 12
1 3 6 7 10 11 12,0.0274585,22.3472,Yes,N/A,N/A,3,1 3,N/A,6,7,1 7,3 6,10,11,12,1 12,3 11,3 12,6 10,7 10,7 11
3 6 7 10 11 13,0.00663869,35.7083,Yes,N/A,N/A,3,N/A,N/A,6,7,N/A,3 6,10,11,N/A,13,3 11,N/A,6 10,7 10,7 11
3 6 7 10 11 12,0.0127286,29.2361,Yes,N/A,N/A,3,N/A,N/A,6,7,N/A,3 6,10,11,12,6 7,3 11,3 12,6 10,7 10,7 11
1 3 6 7 10 11 12 13,0.0142157,30.6667,Yes,N/A,N/A,3,1 3,N/A,6,7,1 7,3 6,10,11,12,13,1 13,3 12,6 10,7 10,7 11
1 3 6 7 9,0.0799175,9.85648,Yes,N/A,N/A,3,1 3,N/A,6,7,1 7,9,1 9,1 3 7,3 9,6 7,1 6 7,6 9,7 9,1 7 9,3 6 9
3 6 7 9,0.0506735,15.5417,Yes,N/A,N/A,3,N/A,N/A,6,7,N/A,9,3 7,N/A,3 9,6 7,N/A,6 9,7 9,N/A,3 6 9
1 3 6 7 9 13,0.0319445,19.125,Yes,N/A,N/A,3,1 3,N/A,6,7,1 7,9,3 7,1 3 7,3 9,13,1 13,6 9,3 13,1 3 13,3 6 9
1 3 6 7 9 12,0.0383647,17.5556,Yes,N/A,N/A,3,1 3,N/A,6,7,1 7,9,1 9,1 3 7,12,1 12,1 6 7,3 12,7 9,1 7 9,6 12
3 6 7 9 13,0.0132531,26.963,Yes,N/A,N/A,3,N/A,N/A,6,7,N/A,9,3 7,N/A,3 9,13,N/A,6 9,3 13,N/A,3 6 9
3 6 7 9 12,0.0176769,25.4537,Yes,N/A,N/A,3,N/A,N/A,6,7,N/A,9,3 7,N/A,12,6 7,N/A,3 12,7 9,N/A,6 12
1 3 6 7 9 12 13,0.0182585,26.2593,Yes,N/A,N/A,3,1 3,N/A,6,7,1 7,9,3 7,1 3 7,12,13,1 13,6 9,3 13,1 3 13,6 12
1 3 6 7 9 11,0.0549766,14.3333,Yes,N/A,N/A,3,1 3,N/A,6,7,1 7,9,1 9,11,1 11,6 7,3 11,6 9,7 9,6 11,7 11
3 6 7 9 11,0.0295653,20.1389,Yes,N/A,N/A,3,N/A,N/A,6,7,N/A,9,3 7,11,3 9,6 7,3 11,6 9,7 9,6 11,7 11
1 3 6 7 9 11 13,0.0251502,22.6019,Yes,N/A,N/A,3,1 3,N/A,6,7,1 7,9,3 7,11,1 11,13,1 13,6 9,3 13,6 11,7 11
3 6 7 9 12 13,0.00646654,36.5139,Yes,N/A,N/A,3,N/A,N/A,6,7,N/A,9,3 7,N/A,12,13,N/A,6 9,3 13,N/A,6 12
1 3 6 7 9 11 12,0.0307392,20.8843,Yes,N/A,N/A,3,1 3,N/A,6,7,1 7,9,1 9,11,12,1 12,3 11,3 12,7 9,6 11,6 12
3 6 7 9 11 13,0.00999412,30.6204,Yes,N/A,N/A,3,N/A,N/A,6,7,N/A,9,3 7,11,3 9,13,3 11,6 9,3 13,6 11,7 11
3 6 7 9 11 12,0.0137866,28.6157,Yes,N/A,N/A,3,N/A,N/A,6,7,N/A,9,3 7,11,12,6 7,3 11,3 12,7 9,6 11,6 12
1 3 6 7 9 11 12 13,0.0157575,29.0787,Yes,N/A,N/A,3,1 3,N/A,6,7,1 7,9,1 9,11,12,13,1 13,3 12,3 13,6 11,6 12
3 6 7 10 11 12 13,0.0050638,39.7083,Yes,N/A,N/A,3,N/A,N/A,6,7,N/A,3 6,10,11,12,13,3 11,3 12,6 10,7 10,7 11
1 3 6 7 9 10,0.0576851,14.1389,Yes,N/A,N/A,3,1 3,N/A,6,7,1 7,9,10,1 10,3 9,6 7,1 6 7,6 9,6 10,7 10,1 7 10
3 6 7 9 10,0.0249721,22.8657,Yes,N/A,N/A,3,N/A,N/A,6,7,N/A,9,10,N/A,3 9,6 7,N/A,6 9,6 10,7 10,3 6 9
1 3 6 7 9 10 13,0.0239391,23.5093,Yes,N/A,N/A,3,1 3,N/A,6,7,1 7,9,10,1 10,3 9,13,1 13,6 9,3 13,7 10,3 6 9
1 3 6 7 9 10 12,0.0303304,21.2454,Yes,N/A,N/A,3,1 3,N/A,6,7,1 7,9,10,1 10,12,3 10,1 3 10,3 12,7 9,7 10,6 12
3 6 7 9 10 13,0.00778742,34.3519,Yes,N/A,N/A,3,N/A,N/A,6,7,N/A,9,10,N/A,3 9,13,N/A,6 9,3 13,7 10,3 6 9
3 6 7 9 10 12,0.0111209,32.2639,Yes,N/A,N/A,3,N/A,N/A,6,7,N/A,9,10,N/A,12,3 10,N/A,3 12,7 9,7 10,6 12
1 3 6 7 9 10 12 13,0.0153703,29.8704,Yes,N/A,N/A,3,1 3,N/A,6,7,1 7,9,10,1 10,12,13,1 13,3 12,3 13,7 10,6 12
3 6 7 9 11 12 13,0.0060076,38.2593,Yes,N/A,N/A,3,N/A,N/A,6,7,N/A,9,3 7,11,12,13,3 11,6 9,3 13,6 11,6 12
1 3 6 7 9 10 11,0.040305,18.3056,Yes,N/A,N/A,3,1 3,N/A,6,7,1 7,9,10,11,3 9,3 10,3 11,6 9,6 10,6 11,7 11
3 6 7 9 10 11,0.0184785,26.1111,Yes,N/A,N/A,3,N/A,N/A,6,7,N/A,9,10,11,3 9,6 7,3 11,6 9,6 10,6 11,7 11
1 3 6 7 9 10 11 13,0.0197679,26.838,Yes,N/A,N/A,3,1 3,N/A,6,7,1 7,9,10,11,3 9,13,1 13,6 9,3 13,6 11,7 11
3 6 7 9 10 12 13,0.00450333,43.7546,Yes,N/A,N/A,3,N/A,N/A,6,7,N/A,9,10,N/A,12,13,N/A,3 12,3 13,7 10,6 12
1 3 6 7 9 10 11 12,0.0252327,24.0741,Yes,N/A,N/A,3,1 3,N/A,6,7,1 7,9,10,11,12,3 10,3 11,3 12,6 10,6 11,6 12
3 6 7 9 10 11 13,0.00713217,36.6991,Yes,N/A,N/A,3,N/A,N/A,6,7,N/A,9,10,11,3 9,13,3 11,6 9,6 10,7 10,7 11
3 6 7 9 10 11 12,0.0104781,33.6389,Yes,N/A,N/A,3,N/A,N/A,6,7,N/A,9,10,11,12,6 7,3 11,3 12,7 9,6 11,6 12
1 3 6 7 9 10 11 12 13,0.0141554,31.9306,Yes,N/A,N/A,3,1 3,N/A,6,7,1 7,9,10,11,12,13,3 11,3 12,3 13,6 11,6 12
3 6 8 9 10 11 12 13,0.00567467,41.8796,Yes,N/A,N/A,3,N/A,N/A,6,N/A,8,9,10,11,12,13,6 8,3 12,3 13,6 11,6 12
1 3 6 7 8,0.0949989,8.82407,Yes,N/A,N/A,3,1 3,N/A,6,7,8,1 8,3 7,3 8,1 3 8,6 7,6 8,7 8,1 7 8,3 6 8,3 7 8
3 6 7 8,0.0711087,12.1111,Yes,N/A,N/A,3,N/A,N/A,6,7,8,3 6,3 7,3 8,N/A,6 7,6 8,7 8,3 6 7,3 6 8,3 7 8
1 3 6 7 8 13,0.035983,18.1759,Yes,N/A,N/A,3,1 3,N/A,6,7,8,3 6,3 7,3 8,1 3 8,13,1 13,7 8,3 13,1 3 13,3 7 8
1 3 6 7 8 12,0.0510897,15.2176,Yes,N/A,N/A,3,1 3,N/A,6,7,8,1 8,3 7,3 8,12,1 12,6 8,7 8,1 3 12,3 6 8,6 12
3 6 7 8 13,0.0195833,22.8472,Yes,N/A,N/A,3,N/A,N/A,6,7,8,3 6,3 7,3 8,N/A,13,6 8,7 8,3 13,3 6 8,3 7 8
3 6 7 8 12,0.0298824,18.9907,Yes,N/A,N/A,3,N/A,N/A,6,7,8,3 6,3 7,3 8,12,6 7,6 8,3 12,3 6 7,3 6 8,6 12
1 3 6 7 8 12 13,0.0219965,24.2083,Yes,N/A,N/A,3,1 3,N/A,6,7,8,3 6,3 7,3 8,12,13,1 13,7 8,3 13,1 3 13,6 12
1 3 6 7 8 11,0.0603162,13.6296,Yes,N/A,N/A,3,1 3,N/A,6,7,8,1 8,3 7,11,1 11,6 7,6 8,7 8,3 6 7,6 11,7 11
3 6 7 8 11,0.0285359,20.1806,Yes,N/A,N/A,3,N/A,N/A,6,7,8,3 6,3 7,11,N/A,6 7,3 11,7 8,3 6 7,6 11,7 11
1 3 6 7 8 11 13,0.0274997,21.5278,Yes,N/A,N/A,3,1 3,N/A,6,7,8,3 6,3 7,11,1 11,13,1 13,7 8,3 13,6 11,7 11
3 6 7 8 12 13,0.0107412,28.9352,Yes,N/A,N/A,3,N/A,N/A,6,7,8,3 6,3 7,3 8,12,13,6 8,7 8,3 13,3 6 8,6 12
1 3 6 7 8 11 12,0.0338059,19.8843,Yes,N/A,N/A,3,1 3,N/A,6,7,8,1 8,3 7,11,12,1 12,6 8,7 8,1 3 12,6 11,7 11
3 6 7 8 11 13,0.0111535,30.0741,Yes,N/A,N/A,3,N/A,N/A,6,7,8,3 6,3 7,11,N/A,13,6 8,7 8,3 13,6 11,7 11
3 6 7 8 11 12,0.0157501,25.6481,Yes,N/A,N/A,3,N/A,N/A,6,7,8,3 6,3 7,11,12,6 7,3 11,3 12,3 6 7,6 11,7 11
1 3 6 7 8 11 12 13,0.0173509,27.713,Yes,N/A,N/A,3,1 3,N/A,6,7,8,1 8,3 7,11,12,13,1 13,7 8,3 13,6 11,6 12
1 3 6 7 8 10,0.0626554,13.2685,Yes,N/A,N/A,3,1 3,N/A,6,7,8,3 6,10,1 10,1 3 8,6 7,6 8,7 8,6 10,7 10,8 10
3 6 7 8 10,0.0318087,18.9583,Yes,N/A,N/A,3,N/A,N/A,6,7,8,3 6,10,3 8,N/A,3 10,6 8,7 8,6 10,7 10,8 10
1 3 6 7 8 10 13,0.0265495,22.0278,Yes,N/A,N/A,3,1 3,N/A,6,7,8,3 6,10,1 10,1 3 8,13,1 13,7 8,6 10,7 10,8 10
1 3 6 7 8 10 12,0.03811,18.1713,Yes,N/A,N/A,3,1 3,N/A,6,7,8,3 6,10,1 10,12,1 12,6 8,7 8,6 10,7 10,6 12
3 6 7 8 10 13,0.0111611,29.5787,Yes,N/A,N/A,3,N/A,N/A,6,7,8,3 6,10,3 8,N/A,13,6 8,7 8,3 13,7 10,8 10
3 6 7 8 10 12,0.0184286,24.1296,Yes,N/A,N/A,3,N/A,N/A,6,7,8,3 6,10,3 8,12,6 7,6 8,3 12,6 10,7 10,8 10
1 3 6 7 8 10 12 13,0.01919,26.0417,Yes,N/A,N/A,3,1 3,N/A,6,7,8,3 6,10,1 10,12,13,1 13,7 8,3 13,7 10,6 12
3 6 7 8 11 12 13,0.00751716,34.1574,Yes,N/A,N/A,3,N/A,N/A,6,7,8,3 6,3 7,11,12,13,6 8,7 8,3 13,6 11,7 11
1 3 6 7 8 10 11,0.0429312,17.4815,Yes,N/A,N/A,3,1 3,N/A,6,7,8,3 6,10,11,1 11,6 7,3 11,7 8,6 10,6 11,7 11
3 6 7 8 10 11,0.0178266,25.9954,Yes,N/A,N/A,3,N/A,N/A,6,7,8,3 6,10,11,N/A,3 10,3 11,7 8,6 10,6 11,7 11
1 3 6 7 8 10 11 13,0.0212945,25.2685,Yes,N/A,N/A,3,1 3,N/A,6,7,8,3 6,10,11,1 11,13,1 13,7 8,3 13,7 10,7 11
3 6 7 8 10 12 13,0.0076302,34.0463,Yes,N/A,N/A,3,N/A,N/A,6,7,8,3 6,10,3 8,12,13,6 8,3 12,3 13,7 10,6 12
1 3 6 7 8 10 11 12,0.0273214,22.8704,Yes,N/A,N/A,3,1 3,N/A,6,7,8,1 8,10,11,12,1 12,3 11,3 12,6 10,6 11,7 11
3 6 7 8 10 11 13,0.00765994,36.1065,Yes,N/A,N/A,3,N/A,N/A,6,7,8,3 6,10,11,N/A,13,3 11,7 8,3 13,6 11,7 11
3 6 7 8 10 11 12,0.0121843,29.6157,Yes,N/A,N/A,3,N/A,N/A,6,7,8,3 6,10,11,12,6 7,3 11,7 8,6 10,6 11,7 11
1 3 6 7 8 10 11 12 13,0.015781,29.9167,Yes,N/A,N/A,3,1 3,N/A,6,7,8,3 6,10,11,12,13,1 13,3 12,3 13,6 11,7 11
3 6 7 9 10 11 12 13,0.00494086,43.5278,Yes,N/A,N/A,3,N/A,N/A,6,7,N/A,9,10,11,12,13,3 11,6 9,3 13,7 10,6 12
1 3 6 7 8 9,0.0732616,11.6111,Yes,N/A,N/A,3,1 3,N/A,6,7,8,9,1 9,3 8,3 9,6 7,6 8,6 9,7 9,8 9,1 8 9
3 6 7 8 9,0.0429085,15.4769,Yes,N/A,N/A,3,N/A,N/A,6,7,8,9,3 7,3 8,3 9,6 7,6 8,6 9,7 9,8 9,3 6 9
1 3 6 7 8 9 13,0.0312452,20.2315,Yes,N/A,N/A,3,1 3,N/A,6,7,8,9,1 9,3 8,3 9,13,1 13,6 9,7 9,8 9,3 7 8
1 3 6 7 8 9 12,0.0420408,17.2917,Yes,N/A,N/A,3,1 3,N/A,6,7,8,9,1 9,3 8,12,1 12,6 8,6 9,7 9,8 9,6 12
3 6 7 8 9 13,0.0151829,25.3056,Yes,N/A,N/A,3,N/A,N/A,6,7,8,9,3 7,3 8,3 9,13,6 8,6 9,3 13,8 9,3 6 9
3 6 7 8 9 12,0.0203335,23.4769,Yes,N/A,N/A,3,N/A,N/A,6,7,8,9,3 7,3 8,12,6 7,6 8,3 12,7 9,8 9,6 12
1 3 6 7 8 9 12 13,0.020489,25.6574,Yes,N/A,N/A,3,1 3,N/A,6,7,8,9,1 9,3 8,12,13,1 13,6 9,7 9,8 9,6 12
1 3 6 7 8 9 11,0.0485238,15.8889,Yes,N/A,N/A,3,1 3,N/A,6,7,8,9,3 7,11,1 11,6 7,6 8,7 8,7 9,8 9,7 11
3 6 7 8 9 11,0.0234381,22.1435,Yes,N/A,N/A,3,N/A,N/A,6,7,8,9,3 7,11,3 9,6 7,6 8,7 8,7 9,6 11,7 11
1 3 6 7 8 9 11 13,0.0249545,23.1296,Yes,N/A,N/A,3,1 3,N/A,6,7,8,9,3 7,11,1 11,13,1 13,6 9,3 13,6 11,7 11
3 6 7 8 9 12 13,0.00886041,32.7222,Yes,N/A,N/A,3,N/A,N/A,6,7,8,9,3 7,3 8,12,13,6 8,6 9,7 9,8 9,6 12
1 3 6 7 8 9 11 12,0.0302786,21.4213,Yes,N/A,N/A,3,1 3,N/A,6,7,8,9,1 9,11,12,1 12,6 8,3 12,7 9,8 9,7 11
3 6 7 8 9 11 13,0.0104767,31.0231,Yes,N/A,N/A,3,N/A,N/A,6,7,8,9,3 7,11,3 9,13,6 8,6 9,3 13,6 11,7 11
3 6 7 8 9 11 12,0.0131344,29.2685,Yes,N/A,N/A,3,N/A,N/A,6,7,8,9,3 7,11,12,6 7,3 11,3 12,7 9,8 9,6 12
1 3 6 7 8 9 11 12 13,0.0172955,28.6991,Yes,N/A,N/A,3,1 3,N/A,6,7,8,9,3 7,11,12,13,1 13,3 12,3 13,6 11,6 12
3 6 7 8 10 11 12 13,0.00613313,38.3056,Yes,N/A,N/A,3,N/A,N/A,6,7,8,3 6,10,11,12,13,3 11,7 8,3 13,7 10,7 11
1 3 6 7 8 9 10,0.0533084,15.1111,Yes,N/A,N/A,3,1 3,N/A,6,7,8,9,10,1 10,3 9,6 7,6 8,6 9,7 9,7 10,8 10
3 6 7 8 9 10,0.0271963,20.463,Yes,N/A,N/A,3,N/A,N/A,6,7,8,9,10,3 8,3 9,6 7,6 8,6 9,6 10,7 10,8 10
1 3 6 7 8 9 10 13,0.0257846,23.1852,Yes,N/A,N/A,3,1 3,N/A,6,7,8,9,10,1 10,3 9,13,1 13,6 9,6 10,7 10,8 10
1 3 6 7 8 9 10 12,0.0332576,20.5556,Yes,N/A,N/A,3,1 3,N/A,6,7,8,9,10,1 10,12,1 12,6 8,6 9,7 9,7 10,6 12
3 6 7 8 9 10 13,0.0108864,30.5602,Yes,N/A,N/A,3,N/A,N/A,6,7,8,9,10,3 8,3 9,13,6 8,6 9,6 10,7 10,8 10
3 6 7 8 9 10 12,0.0150727,27.7037,Yes,N/A,N/A,3,N/A,N/A,6,7,8,9,10,3 8,12,6 7,6 8,3 12,7 9,8 9,6 12
1 3 6 7 8 9 10 12 13,0.0184164,27.8148,Yes,N/A,N/A,3,1 3,N/A,6,7,8,9,10,1 10,12,13,1 13,6 9,3 13,7 10,6 12
3 6 7 8 9 11 12 13,0.00710405,36.8287,Yes,N/A,N/A,3,N/A,N/A,6,7,8,9,3 7,11,12,13,6 8,6 9,3 13,6 11,6 12
1 3 6 7 8 9 10 11,0.0384271,19.0324,Yes,N/A,N/A,3,1 3,N/A,6,7,8,9,10,11,1 11,3 10,6 8,6 9,7 9,6 11,7 11
3 6 7 8 9 10 11,0.0178463,25.713,Yes,N/A,N/A,3,N/A,N/A,6,7,8,9,10,11,3 9,6 7,6 8,7 8,6 10,6 11,7 11
1 3 6 7 8 9 10 11 13,0.0212334,26.2824,Yes,N/A,N/A,3,1 3,N/A,6,7,8,9,10,11,1 11,13,1 13,6 9,3 13,7 10,7 11
3 6 7 8 9 10 12 13,0.00724422,36.9213,Yes,N/A,N/A,3,N/A,N/A,6,7,8,9,10,3 8,12,13,6 8,6 9,7 9,7 10,6 12
1 3 6 7 8 9 10 11 12,0.0262125,23.9722,Yes,N/A,N/A,3,1 3,N/A,6,7,8,9,10,11,12,1 12,3 11,3 12,7 9,8 9,7 11
3 6 7 8 9 10 11 13,0.00863414,34.6759,Yes,N/A,N/A,3,N/A,N/A,6,7,8,9,10,11,3 9,13,6 8,7 8,6 10,6 11,7 11
3 6 7 8 9 10 11 12,0.0112071,31.6481,Yes,N/A,N/A,3,N/A,N/A,6,7,8,9,10,11,12,3 10,3 11,3 12,7 9,8 9,6 12
1 3 6 7 8 9 10 11 12 13,0.0164183,30.1667,Yes,N/A,N/A,3,1 3,N/A,6,7,8,9,10,11,12,13,1 13,3 12,3 13,6 11,7 11
1 3 5,0.133188,6.50463,Yes,N/A,N/A,3,1 3,5,1 5,N/A,3 5,1 3 5,N/A,N/A,N/A,N/A,N/A,N/A,N/A,N/A,N/A
3 5,0.0974794,7.03704,Yes,N/A,N/A,3,N/A,5,N/A,N/A,3 5,N/A,N/A,N/A,N/A,N/A,N/A,N/A,N/A,N/A,N/A
1 3 5 13,0.0433117,15.5139,Yes,N/A,N/A,3,1 3,5,1 5,N/A,3 5,1 3 5,N/A,N/A,N/A,13,1 13,N/A,3 13,1 3 13,5 13
1 3 5 12,0.0566624,13.1991,Yes,N/A,N/A,3,1 3,5,1 5,N/A,3 5,1 3 5,N/A,N/A,12,1 12,N/A,3 12,1 3 12,5 12,1 5 12
3 5 13,0.0205654,17.8889,Yes,N/A,N/A,3,N/A,5,N/A,N/A,3 5,N/A,N/A,N/A,N/A,13,N/A,N/A,3 13,N/A,5 13
3 5 12,0.0252951,16.287,Yes,N/A,N/A,3,N/A,5,N/A,N/A,3 5,N/A,N/A,N/A,12,N/A,N/A,3 12,N/A,5 12,N/A
1 3 5 12 13,0.0209386,22.912,Yes,N/A,N/A,3,1 3,5,1 5,N/A,3 5,1 3 5,N/A,N/A,12,13,1 13,3 12,3 13,5 12,5 13
1 3 5 11,0.0666349,11.0694,Yes,N/A,N/A,3,1 3,5,1 5,N/A,3 5,1 3 5,N/A,11,1 11,N/A,3 11,1 3 11,5 11,1 5 11,N/A
3 5 11,0.0285172,14.7639,Yes,N/A,N/A,3,N/A,5,N/A,N/A,3 5,N/A,N/A,11,N/A,N/A,3 11,N/A,5 11,N/A,N/A
1 3 5 11 13,0.027541,19.6435,Yes,N/A,N/A,3,1 3,5,1 5,N/A,3 5,1 3 5,N/A,11,1 11,13,1 13,1 3 11,3 13,1 3 13,5 13
3 5 12 13,0.00913741,26.3704,Yes,N/A,N/A,3,N/A,5,N/A,N/A,3 5,N/A,N/A,N/A,12,13,N/A,3 12,3 13,5 12,5 13
1 3 5 11 12,0.0333741,18.3935,Yes,N/A,N/A,3,1 3,5,1 5,N/A,3 5,1 3 5,N/A,11,12,1 12,3 11,3 12,5 11,5 12,1 5 12
3 5 11 13,0.0103113,25.1574,Yes,N/A,N/A,3,N/A,5,N/A,N/A,3 5,N/A,N/A,11,N/A,13,3 11,N/A,3 13,N/A,5 13
3 5 11 12,0.0154267,22.8981,Yes,N/A,N/A,3,N/A,5,N/A,N/A,3 5,N/A,N/A,11,12,N/A,3 11,3 12,5 11,5 12,N/A
1 3 5 11 12 13,0.0153639,27.9861,Yes,N/A,N/A,3,1 3,5,1 5,N/A,3 5,1 3 5,N/A,11,12,13,1 13,3 12,3 13,5 12,5 13
1 3 5 10,0.0740008,8.97222,Yes,N/A,N/A,3,1 3,5,1 5,N/A,3 5,1 3 5,10,1 10,N/A,3 10,1 3 10,5 10,1 5 10,N/A,3 5 10
3 5 10,0.0348615,13.2176,Yes,N/A,N/A,3,N/A,5,N/A,N/A,3 5,N/A,10,N/A,N/A,3 10,N/A,5 10,N/A,N/A,3 5 10
1 3 5 10 13,0.0303992,18.7407,Yes,N/A,N/A,3,1 3,5,1 5,N/A,3 5,1 3 5,10,1 10,N/A,13,1 13,5 10,3 13,1 3 13,5 13
1 3 5 10 12,0.0417058,15.3611,Yes,N/A,N/A,3,1 3,5,1 5,N/A,3 5,1 3 5,10,1 10,12,1 12,1 3 10,3 12,1 3 12,5 12,1 5 12
3 5 10 13,0.0121063,24.7315,Yes,N/A,N/A,3,N/A,5,N/A,N/A,3 5,N/A,10,N/A,N/A,13,N/A,5 10,3 13,N/A,5 13
3 5 10 12,0.0173871,22.1111,Yes,N/A,N/A,3,N/A,5,N/A,N/A,3 5,N/A,10,N/A,12,3 10,N/A,3 12,N/A,5 12,3 5 10
1 3 5 10 12 13,0.0190037,24.4583,Yes,N/A,N/A,3,1 3,5,1 5,N/A,3 5,1 3 5,10,1 10,12,13,1 13,3 12,3 13,5 12,5 13
3 5 11 12 13,0.00652104,32.4398,Yes,N/A,N/A,3,N/A,5,N/A,N/A,3 5,N/A,N/A,11,12,13,3 11,3 12,3 13,5 12,5 13
1 3 5 10 11,0.0490457,14.0093,Yes,N/A,N/A,3,1 3,5,1 5,N/A,3 5,1 3 5,10,11,1 11,3 10,3 11,5 10,5 11,1 5 11,3 5 10
3 5 10 11,0.0258809,19.4259,Yes,N/A,N/A,3,N/A,5,N/A,N/A,3 5,N/A,10,11,N/A,3 10,3 11,5 10,5 11,N/A,3 5 10
1 3 5 10 11 13,0.0223438,23.1944,Yes,N/A,N/A,3,1 3,5,1 5,N/A,3 5,1 3 5,10,11,1 11,13,1 13,5 10,3 13,1 3 13,5 13
3 5 10 12 13,0.00675319,32.9491,Yes,N/A,N/A,3,N/A,5,N/A,N/A,3 5,N/A,10,N/A,12,13,N/A,3 12,3 13,5 12,5 13
1 3 5 10 11 12,0.0291461,21.3472,Yes,N/A,N/A,3,1 3,5,1 5,N/A,3 5,1 3 5,10,11,12,1 12,3 11,5 10,5 11,5 12,1 5 12
3 5 10 11 13,0.00914249,30.6759,Yes,N/A,N/A,3,N/A,5,N/A,N/A,3 5,N/A,10,11,N/A,13,3 11,5 10,3 13,N/A,5 13
3 5 10 11 12,0.0140466,26.7731,Yes,N/A,N/A,3,N/A,5,N/A,N/A,3 5,N/A,10,11,12,3 10,3 11,5 10,5 11,5 12,3 5 10
1 3 5 10 11 12 13,0.0145609,30.1898,Yes,N/A,N/A,3,1 3,5,1 5,N/A,3 5,1 3 5,10,11,12,13,1 13,3 12,5 11,5 12,5 13
1 3 5 9,0.0685794,8.3287,Yes,N/A,N/A,3,1 3,5,1 5,N/A,3 5,9,1 9,N/A,3 9,1 3 9,5 9,1 5 9,N/A,3 5 9,1 3 5 9
3 5 9,0.0435564,11.838,Yes,N/A,N/A,3,N/A,5,N/A,N/A,3 5,9,N/A,N/A,3 9,N/A,5 9,N/A,N/A,3 5 9,N/A
1 3 5 9 13,0.0311759,17.7269,Yes,N/A,N/A,3,1 3,5,1 5,N/A,3 5,9,1 9,N/A,3 9,13,1 13,1 5 9,3 13,1 3 13,5 13
1 3 5 9 12,0.0408755,16.2037,Yes,N/A,N/A,3,1 3,5,1 5,N/A,3 5,9,1 9,N/A,12,1 12,5 9,3 12,1 3 12,5 12,1 5 12
3 5 9 13,0.0168427,21.6435,Yes,N/A,N/A,3,N/A,5,N/A,N/A,3 5,9,N/A,N/A,3 9,13,5 9,N/A,3 13,3 5 9,5 13
3 5 9 12,0.019778,21.7639,Yes,N/A,N/A,3,N/A,5,N/A,N/A,3 5,9,N/A,N/A,12,N/A,5 9,3 12,N/A,5 12,N/A
1 3 5 9 12 13,0.018448,26.0463,Yes,N/A,N/A,3,1 3,5,1 5,N/A,3 5,9,1 9,N/A,12,13,1 13,3 12,3 13,5 12,5 13
1 3 5 9 11,0.0535036,12.9954,Yes,N/A,N/A,3,1 3,5,1 5,N/A,3 5,9,1 9,11,1 11,1 3 9,3 11,1 3 11,5 11,1 5 11,1 3 5 9
3 5 9 11,0.0272098,19.1343,Yes,N/A,N/A,3,N/A,5,N/A,N/A,3 5,9,N/A,11,3 9,N/A,3 11,N/A,5 11,3 5 9,N/A
1 3 5 9 11 13,0.0246705,21.6065,Yes,N/A,N/A,3,1 3,5,1 5,N/A,3 5,9,1 9,11,1 11,13,1 13,1 3 11,3 13,3 5 9,5 13
3 5 9 12 13,0.00895512,30.7917,Yes,N/A,N/A,3,N/A,5,N/A,N/A,3 5,9,N/A,N/A,12,13,5 9,3 12,3 13,5 12,5 13
1 3 5 9 11 12,0.0318114,20.0694,Yes,N/A,N/A,3,1 3,5,1 5,N/A,3 5,9,1 9,11,12,1 12,3 11,3 12,5 11,5 12,1 5 12
3 5 9 11 13,0.0106506,28.5046,Yes,N/A,N/A,3,N/A,5,N/A,N/A,3 5,9,N/A,11,3 9,13,3 11,N/A,3 13,3 5 9,5 13
3 5 9 11 12,0.0133161,28.2454,Yes,N/A,N/A,3,N/A,5,N/A,N/A,3 5,9,N/A,11,12,N/A,5 9,3 12,5 11,5 12,N/A
1 3 5 9 11 12 13,0.0159037,28.9815,Yes,N/A,N/A,3,1 3,5,1 5,N/A,3 5,9,1 9,11,12,13,1 13,3 12,3 13,5 12,5 13
3 5 10 11 12 13,0.00607167,36.9907,Yes,N/A,N/A,3,N/A,5,N/A,N/A,3 5,N/A,10,11,12,13,3 11,5 10,3 13,5 12,5 13
1 3 5 9 10,0.0643044,11.5741,Yes,N/A,N/A,3,1 3,5,1 5,N/A,3 5,9,10,1 10,3 9,3 10,5 9,5 10,1 5 10,3 5 9,3 5 10
3 5 9 10,0.0419245,16.2731,Yes,N/A,N/A,3,N/A,5,N/A,N/A,3 5,9,10,N/A,3 9,3 10,5 9,5 10,N/A,3 5 9,3 5 10
1 3 5 9 10 13,0.0290137,20.4259,Yes,N/A,N/A,3,1 3,5,1 5,N/A,3 5,9,10,1 10,3 9,13,1 13,5 10,3 13,1 3 13,5 13
1 3 5 9 10 12,0.0363429,18.9074,Yes,N/A,N/A,3,1 3,5,1 5,N/A,3 5,9,10,1 10,12,1 12,5 9,3 12,1 3 12,5 12,1 5 12
3 5 9 10 13,0.014195,26.6157,Yes,N/A,N/A,3,N/A,5,N/A,N/A,3 5,9,10,N/A,3 9,13,5 9,5 10,3 13,3 5 9,5 13
3 5 9 10 12,0.0175857,25.8704,Yes,N/A,N/A,3,N/A,5,N/A,N/A,3 5,9,10,N/A,12,3 10,5 9,3 12,N/A,5 12,3 5 10
1 3 5 9 10 12 13,0.0179079,27.6713,Yes,N/A,N/A,3,1 3,5,1 5,N/A,3 5,9,10,1 10,12,13,1 13,3 12,3 13,5 12,5 13
3 5 9 11 12 13,0.00669536,36.4491,Yes,N/A,N/A,3,N/A,5,N/A,N/A,3 5,9,N/A,11,12,13,5 9,3 12,3 13,5 12,5 13
1 3 5 9 10 11,0.0459761,17.0093,Yes,N/A,N/A,3,1 3,5,1 5,N/A,3 5,9,10,11,1 11,3 10,5 9,5 10,5 11,1 5 11,3 5 10
3 5 9 10 11,0.0246865,21.8056,Yes,N/A,N/A,3,N/A,5,N/A,N/A,3 5,9,10,11,3 9,3 10,3 11,5 10,5 11,3 5 9,3 5 10
1 3 5 9 10 11 13,0.0220062,25.5231,Yes,N/A,N/A,3,1 3,5,1 5,N/A,3 5,9,10,11,1 11,13,1 13,5 10,3 13,1 3 13,5 13
3 5 9 10 12 13,0.00752451,35.4722,Yes,N/A,N/A,3,N/A,5,N/A,N/A,3 5,9,10,N/A,12,13,5 9,3 12,3 13,5 12,5 13
1 3 5 9 10 11 12,0.0274692,23.9398,Yes,N/A,N/A,3,1 3,5,1 5,N/A,3 5,9,10,11,12,1 12,3 11,5 10,5 11,5 12,1 5 12
3 5 9 10 11 13,0.0100839,31.3472,Yes,N/A,N/A,3,N/A,5,N/A,N/A,3 5,9,10,11,3 9,13,3 11,5 10,3 13,3 5 9,5 13
3 5 9 10 11 12,0.013061,29.7546,Yes,N/A,N/A,3,N/A,5,N/A,N/A,3 5,9,10,11,12,3 10,5 9,3 12,5 11,5 12,3 5 10
1 3 5 9 10 11 12 13,0.0148852,32.1574,Yes,N/A,N/A,3,1 3,5,1 5,N/A,3 5,9,10,11,12,13,1 13,3 12,3 13,5 12,5 13
1 3 5 8,0.0657061,7.80093,Yes,N/A,N/A,3,1 3,5,1 5,N/A,8,1 8,N/A,3 8,1 3 8,5 8,1 5 8,N/A,3 5 8,1 3 5 8,N/A
3 5 8,0.0451496,11.5694,Yes,N/A,N/A,3,N/A,5,N/A,N/A,8,N/A,N/A,3 8,N/A,5 8,N/A,N/A,3 5 8,N/A,N/A
1 3 5 8 13,0.027192,17.9444,Yes,N/A,N/A,3,1 3,5,1 5,N/A,8,1 8,N/A,3 8,1 3 8,13,1 13,N/A,3 13,1 3 13,5 13
1 3 5 8 12,0.0408876,15.5648,Yes,N/A,N/A,3,1 3,5,1 5,N/A,8,1 8,N/A,3 8,12,1 12,1 5 8,3 12,1 3 12,5 12,1 5 12
3 5 8 13,0.011964,23.5278,Yes,N/A,N/A,3,N/A,5,N/A,N/A,8,N/A,N/A,3 8,N/A,13,N/A,N/A,3 13,N/A,5 13
3 5 8 12,0.0257326,19.7315,Yes,N/A,N/A,3,N/A,5,N/A,N/A,8,N/A,N/A,3 8,12,5 8,N/A,3 12,3 5 8,5 12,N/A
1 3 5 8 12 13,0.0177527,25.3241,Yes,N/A,N/A,3,1 3,5,1 5,N/A,8,1 8,N/A,3 8,12,13,1 13,3 12,3 13,5 12,5 13
1 3 5 8 11,0.0505655,14.3009,Yes,N/A,N/A,3,1 3,5,1 5,N/A,8,1 8,N/A,11,1 11,5 8,3 11,1 3 11,5 11,1 5 11,N/A
3 5 8 11,0.0268695,20.1852,Yes,N/A,N/A,3,N/A,5,N/A,N/A,8,N/A,N/A,11,N/A,5 8,3 11,N/A,5 11,N/A,N/A
1 3 5 8 11 13,0.019843,24.4861,Yes,N/A,N/A,3,1 3,5,1 5,N/A,8,1 8,N/A,11,1 11,13,1 13,1 3 11,3 13,1 3 13,5 13
3 5 8 12 13,0.00776512,31.1806,Yes,N/A,N/A,3,N/A,5,N/A,N/A,8,N/A,N/A,3 8,12,13,N/A,3 12,3 13,5 12,5 13
1 3 5 8 11 12,0.0297161,22.0972,Yes,N/A,N/A,3,1 3,5,1 5,N/A,8,1 8,N/A,11,12,5 8,3 11,3 12,5 11,5 12,1 5 12
3 5 8 11 13,0.0072813,32.2315,Yes,N/A,N/A,3,N/A,5,N/A,N/A,8,N/A,N/A,11,N/A,13,3 11,N/A,3 13,N/A,5 13
3 5 8 11 12,0.0158108,27.2407,Yes,N/A,N/A,3,N/A,5,N/A,N/A,8,N/A,N/A,11,12,5 8,3 11,3 12,5 11,5 12,N/A
1 3 5 8 11 12 13,0.0135303,31.9306,Yes,N/A,N/A,3,1 3,5,1 5,N/A,8,1 8,N/A,11,12,13,1 13,3 12,3 13,5 12,5 13
1 3 5 8 10,0.0651442,11.1991,Yes,N/A,N/A,3,1 3,5,1 5,N/A,8,1 8,10,1 10,1 3 8,5 8,1 3 10,5 10,1 5 10,1 3 5 8,8 10
3 5 8 10,0.0369861,17.787,Yes,N/A,N/A,3,N/A,5,N/A,N/A,8,N/A,10,3 8,N/A,3 10,N/A,5 10,3 5 8,N/A,8 10
1 3 5 8 10 13,0.028083,20.4398,Yes,N/A,N/A,3,1 3,5,1 5,N/A,8,1 8,10,3 8,1 3 8,13,1 13,5 10,3 13,1 3 13,5 13
1 3 5 8 10 12,0.0388776,18.213,Yes,N/A,N/A,3,1 3,5,1 5,N/A,8,1 8,10,3 8,12,5 8,1 5 8,3 12,3 5 8,5 12,8 10
3 5 8 10 13,0.0108328,29.3519,Yes,N/A,N/A,3,N/A,5,N/A,N/A,8,N/A,10,3 8,N/A,13,N/A,5 10,3 13,N/A,5 13
3 5 8 10 12,0.0185433,25.3704,Yes,N/A,N/A,3,N/A,5,N/A,N/A,8,N/A,10,3 8,12,5 8,N/A,3 12,3 5 8,5 12,8 10
1 3 5 8 10 12 13,0.0183731,26.9676,Yes,N/A,N/A,3,1 3,5,1 5,N/A,8,1 8,10,3 8,12,13,1 13,3 12,3 13,5 12,5 13
3 5 8 11 12 13,0.0053921,38.6435,Yes,N/A,N/A,3,N/A,5,N/A,N/A,8,N/A,N/A,11,12,13,3 11,3 12,5 11,5 12,5 13
1 3 5 8 10 11,0.0463662,16.6667,Yes,N/A,N/A,3,1 3,5,1 5,N/A,8,1 8,10,11,1 11,3 10,3 11,5 10,5 11,1 5 11,8 10
3 5 8 10 11,0.0205596,25.3472,Yes,N/A,N/A,3,N/A,5,N/A,N/A,8,N/A,10,11,N/A,5 8,3 11,5 10,5 11,N/A,8 10
1 3 5 8 10 11 13,0.0202392,26.1389,Yes,N/A,N/A,3,1 3,5,1 5,N/A,8,1 8,10,11,1 11,13,3 11,5 10,3 13,1 3 13,5 13
3 5 8 10 12 13,0.00689394,36.3611,Yes,N/A,N/A,3,N/A,5,N/A,N/A,8,N/A,10,3 8,12,13,N/A,5 10,3 13,5 12,5 13
1 3 5 8 10 11 12,0.0283469,23.2454,Yes,N/A,N/A,3,1 3,5,1 5,N/A,8,1 8,10,11,12,3 10,3 11,3 12,5 11,5 12,8 10
3 5 8 10 11 13,0.00690125,37.0185,Yes,N/A,N/A,3,N/A,5,N/A,N/A,8,N/A,10,11,N/A,13,3 11,5 10,3 13,N/A,5 13
3 5 8 10 11 12,0.012833,31.3843,Yes,N/A,N/A,3,N/A,5,N/A,N/A,8,N/A,10,11,12,5 8,3 11,3 12,5 11,5 12,8 10
1 3 5 8 10 11 12 13,0.0144098,31.8287,Yes,N/A,N/A,3,1 3,5,1 5,N/A,8,1 8,10,11,12,13,3 11,3 12,3 13,5 12,5 13
3 5 9 10 11 12 13,0.00645918,38.7546,Yes,N/A,N/A,3,N/A,5,N/A,N/A,3 5,9,10,11,12,13,5 9,3 12,3 13,5 12,5 13
1 3 5 8 9,0.0806228,10.0787,Yes,N/A,N/A,3,1 3,5,1 5,N/A,8,9,1 9,3 8,3 9,5 8,5 9,1 5 9,3 5 8,8 9,1 8 9
3 5 8 9,0.0571112,14.6991,Yes,N/A,N/A,3,N/A,5,N/A,N/A,8,9,N/A,3 8,3 9,5 8,5 9,N/A,3 5 8,8 9,N/A
1 3 5 8 9 13,0.0311857,19.588,Yes,N/A,N/A,3,1 3,5,1 5,N/A,8,9,1 9,3 8,3 9,13,1 13,1 5 9,3 13,8 9,5 13
1 3 5 8 9 12,0.044494,17.2593,Yes,N/A,N/A,3,1 3,5,1 5,N/A,8,9,1 9,3 8,12,1 12,5 9,3 12,3 5 8,5 12,1 5 12
3 5 8 9 13,0.0162269,25.7454,Yes,N/A,N/A,3,N/A,5,N/A,N/A,8,9,N/A,3 8,3 9,13,5 9,N/A,3 13,8 9,5 13
3 5 8 9 12,0.0230761,23.4213,Yes,N/A,N/A,3,N/A,5,N/A,N/A,8,9,N/A,3 8,12,5 8,5 9,3 12,3 5 8,5 12,N/A
1 3 5 8 9 12 13,0.0194122,26.787,Yes,N/A,N/A,3,1 3,5,1 5,N/A,8,9,1 9,3 8,12,13,1 13,3 12,3 13,5 12,5 13
1 3 5 8 9 11,0.0504996,16.1296,Yes,N/A,N/A,3,1 3,5,1 5,N/A,8,9,1 9,11,1 11,5 8,3 11,1 3 11,5 11,8 9,1 8 9
3 5 8 9 11,0.0261587,23.1806,Yes,N/A,N/A,3,N/A,5,N/A,N/A,8,9,N/A,11,3 9,5 8,3 11,N/A,5 11,8 9,N/A
1 3 5 8 9 11 13,0.0215161,25.4954,Yes,N/A,N/A,3,1 3,5,1 5,N/A,8,9,1 9,11,1 11,13,5 9,1 3 11,3 13,8 9,5 13
3 5 8 9 12 13,0.00904577,33.625,Yes,N/A,N/A,3,N/A,5,N/A,N/A,8,9,N/A,3 8,12,13,5 9,3 12,3 13,5 12,5 13
1 3 5 8 9 11 12,0.0306644,23.0787,Yes,N/A,N/A,3,1 3,5,1 5,N/A,8,9,1 9,11,12,5 8,3 11,3 12,5 11,5 12,1 5 12
3 5 8 9 11 13,0.0087821,34.1759,Yes,N/A,N/A,3,N/A,5,N/A,N/A,8,9,N/A,11,3 9,13,3 11,N/A,5 11,8 9,5 13
3 5 8 9 11 12,0.0134054,31.3102,Yes,N/A,N/A,3,N/A,5,N/A,N/A,8,9,N/A,11,12,5 8,3 11,3 12,5 11,5 12,N/A
1 3 5 8 9 11 12 13,0.0150605,31.7639,Yes,N/A,N/A,3,1 3,5,1 5,N/A,8,9,1 9,11,12,13,1 13,3 12,3 13,5 12,5 13
3 5 8 10 11 12 13,0.00525289,42.3611,Yes,N/A,N/A,3,N/A,5,N/A,N/A,8,N/A,10,11,12,13,3 11,5 10,3 13,5 12,5 13
1 3 5 8 9 10,0.0633333,13.9213,Yes,N/A,N/A,3,1 3,5,1 5,N/A,8,9,10,1 10,3 9,5 8,5 9,5 10,1 5 10,8 9,8 10
3 5 8 9 10,0.0367882,18.4815,Yes,N/A,N/A,3,N/A,5,N/A,N/A,8,9,10,3 8,3 9,5 8,5 9,5 10,3 5 8,8 9,8 10
1 3 5 8 9 10 13,0.028039,22.6528,Yes,N/A,N/A,3,1 3,5,1 5,N/A,8,9,10,1 10,3 9,13,1 13,5 10,3 13,8 9,5 13
1 3 5 8 9 10 12,0.0361078,20.6065,Yes,N/A,N/A,3,1 3,5,1 5,N/A,8,9,10,3 8,12,1 12,5 9,3 12,1 3 12,8 9,8 10
3 5 8 9 10 13,0.0132896,28.9444,Yes,N/A,N/A,3,N/A,5,N/A,N/A,8,9,10,3 8,3 9,13,5 9,5 10,3 13,8 9,5 13
3 5 8 9 10 12,0.0175428,26.7963,Yes,N/A,N/A,3,N/A,5,N/A,N/A,8,9,10,3 8,12,3 10,5 9,3 12,3 5 8,5 12,8 10
1 3 5 8 9 10 12 13,0.0187274,28.8704,Yes,N/A,N/A,3,1 3,5,1 5,N/A,8,9,10,3 8,12,13,1 13,5 10,3 13,5 12,5 13
3 5 8 9 11 12 13,0.00597181,41.3009,Yes,N/A,N/A,3,N/A,5,N/A,N/A,8,9,N/A,11,12,13,5 9,3 12,3 13,5 12,5 13
1 3 5 8 9 10 11,0.0419612,19.0972,Yes,N/A,N/A,3,1 3,5,1 5,N/A,8,9,10,11,1 11,3 10,5 9,5 10,5 11,8 9,8 10
3 5 8 9 10 11,0.0210892,25.3333,Yes,N/A,N/A,3,N/A,5,N/A,N/A,8,9,10,11,3 9,5 8,3 11,5 10,5 11,8 9,8 10
1 3 5 8 9 10 11 13,0.0210905,27.5139,Yes,N/A,N/A,3,1 3,5,1 5,N/A,8,9,10,11,3 9,13,1 13,5 10,3 13,8 9,8 10
3 5 8 9 10 12 13,0.00813333,36.2685,Yes,N/A,N/A,3,N/A,5,N/A,N/A,8,9,10,3 8,12,13,5 9,5 10,3 13,5 12,5 13
1 3 5 8 9 10 11 12,0.026607,25.6389,Yes,N/A,N/A,3,1 3,5,1 5,N/A,8,9,10,11,12,1 12,3 11,3 12,5 11,8 9,8 10
3 5 8 9 10 11 13,0.00868696,35.6713,Yes,N/A,N/A,3,N/A,5,N/A,N/A,8,9,10,11,3 9,13,3 11,5 10,3 13,8 9,5 13
3 5 8 9 10 11 12,0.0122489,32.713,Yes,N/A,N/A,3,N/A,5,N/A,N/A,8,9,10,11,12,5 8,3 11,3 12,5 11,5 12,8 10
1 3 5 8 9 10 11 12 13,0.0152095,33.3935,Yes,N/A,N/A,3,1 3,5,1 5,N/A,8,9,10,11,12,13,1 13,3 12,3 13,5 12,8 10
1 3 5 7,0.0875504,5.46759,Yes,N/A,N/A,3,1 3,5,1 5,7,3 5,1 3 5,3 7,1 3 7,5 7,1 5 7,N/A,3 5 7,1 3 5 7,N/A,N/A
3 5 7,0.0678691,9.77315,Yes,N/A,N/A,3,N/A,5,N/A,7,3 5,N/A,3 7,N/A,5 7,N/A,N/A,3 5 7,N/A,N/A,N/A
1 3 5 7 13,0.0396354,13.6667,Yes,N/A,N/A,3,1 3,5,1 5,7,3 5,1 3 5,3 7,1 3 7,5 7,13,1 13,3 5 7,3 13,1 3 13,5 13
1 3 5 7 12,0.0478558,13.5,Yes,N/A,N/A,3,1 3,5,1 5,7,3 5,1 3 5,3 7,1 3 7,12,1 12,N/A,3 12,1 3 12,5 12,1 5 12
3 5 7 13,0.0232172,19.5741,Yes,N/A,N/A,3,N/A,5,N/A,7,3 5,N/A,3 7,N/A,5 7,13,N/A,3 5 7,3 13,N/A,5 13
3 5 7 12,0.0220623,20.1806,Yes,N/A,N/A,3,N/A,5,N/A,7,3 5,N/A,3 7,N/A,12,N/A,N/A,3 12,N/A,5 12,N/A
1 3 5 7 12 13,0.0205841,21.8704,Yes,N/A,N/A,3,1 3,5,1 5,7,1 7,1 3 5,3 7,1 3 7,12,13,1 13,3 12,3 13,5 12,5 13
1 3 5 7 11,0.0659664,10.7685,Yes,N/A,N/A,3,1 3,5,1 5,7,1 7,1 3 5,3 7,11,1 11,1 5 7,3 11,1 3 11,5 11,1 5 11,7 11
3 5 7 11,0.0444512,15.7407,Yes,N/A,N/A,3,N/A,5,N/A,7,3 5,N/A,3 7,11,5 7,N/A,3 11,3 5 7,5 11,N/A,7 11
1 3 5 7 11 13,0.0295002,18.7963,Yes,N/A,N/A,3,1 3,5,1 5,7,3 5,1 3 5,3 7,11,1 11,13,1 13,3 5 7,3 13,1 3 13,5 13
3 5 7 12 13,0.00912395,29.4722,Yes,N/A,N/A,3,N/A,5,N/A,7,3 5,N/A,3 7,N/A,12,13,N/A,3 12,3 13,5 12,5 13
1 3 5 7 11 12,0.0351829,17.838,Yes,N/A,N/A,3,1 3,5,1 5,7,1 7,1 3 5,3 7,11,12,1 12,3 11,3 12,5 11,5 12,7 11
3 5 7 11 13,0.0163881,24.7593,Yes,N/A,N/A,3,N/A,5,N/A,7,3 5,N/A,3 7,11,5 7,13,3 11,3 5 7,3 13,N/A,5 13
3 5 7 11 12,0.0161491,25.3102,Yes,N/A,N/A,3,N/A,5,N/A,7,3 5,N/A,3 7,11,12,N/A,3 11,3 12,5 11,5 12,7 11
1 3 5 7 11 12 13,0.0168348,26.3472,Yes,N/A,N/A,3,1 3,5,1 5,7,1 7,1 3 5,3 7,11,12,13,1 13,3 12,5 11,5 12,5 13
1 3 5 7 10,0.0797234,9.47685,Yes,N/A,N/A,3,1 3,5,1 5,7,1 7,1 3 5,10,1 10,5 7,3 10,1 3 10,5 10,1 5 10,7 10,3 5 10
3 5 7 10,0.0454425,16.3889,Yes,N/A,N/A,3,N/A,5,N/A,7,3 5,N/A,10,N/A,5 7,3 10,N/A,5 10,N/A,7 10,3 5 10
1 3 5 7 10 13,0.0340255,18.0602,Yes,N/A,N/A,3,1 3,5,1 5,7,3 5,1 3 5,10,1 10,5 7,13,1 13,5 10,3 13,7 10,5 13
1 3 5 7 10 12,0.0376964,17.2315,Yes,N/A,N/A,3,1 3,5,1 5,7,3 5,1 3 5,10,1 10,12,1 12,1 3 10,3 12,1 3 12,5 12,3 5 10
3 5 7 10 13,0.013931,27.1111,Yes,N/A,N/A,3,N/A,5,N/A,7,3 5,N/A,10,N/A,5 7,13,N/A,5 10,3 13,7 10,5 13
3 5 7 10 12,0.0143974,26.8194,Yes,N/A,N/A,3,N/A,5,N/A,7,3 5,N/A,10,N/A,12,3 10,N/A,3 12,N/A,5 12,3 5 10
1 3 5 7 10 12 13,0.0184307,25.3889,Yes,N/A,N/A,3,1 3,5,1 5,7,3 5,1 3 5,10,1 10,12,13,1 13,3 12,3 13,5 12,5 13
3 5 7 11 12 13,0.00750948,33.6019,Yes,N/A,N/A,3,N/A,5,N/A,7,3 5,N/A,3 7,11,12,13,3 11,3 12,5 11,5 12,5 13
1 3 5 7 10 11,0.0520571,14.8796,Yes,N/A,N/A,3,1 3,5,1 5,7,1 7,1 3 5,10,11,5 7,3 10,3 11,5 10,5 11,7 10,7 11
3 5 7 10 11,0.0288034,20.8981,Yes,N/A,N/A,3,N/A,5,N/A,7,3 5,N/A,10,11,5 7,3 10,3 11,5 10,5 11,7 10,7 11
1 3 5 7 10 11 13,0.024524,23.1065,Yes,N/A,N/A,3,1 3,5,1 5,7,3 5,1 3 5,10,11,5 7,13,1 13,5 10,3 13,7 10,5 13
3 5 7 10 12 13,0.0060795,37.0694,Yes,N/A,N/A,3,N/A,5,N/A,7,3 5,N/A,10,N/A,12,13,N/A,3 12,3 13,7 10,5 13
1 3 5 7 10 11 12,0.0283622,21.3611,Yes,N/A,N/A,3,1 3,5,1 5,7,1 7,1 3 5,10,11,12,1 12,3 11,3 12,5 11,5 12,7 11
3 5 7 10 11 13,0.0112628,30.9352,Yes,N/A,N/A,3,N/A,5,N/A,7,3 5,N/A,10,11,5 7,13,3 11,5 10,3 13,7 10,5 13
3 5 7 10 11 12,0.0117437,29.9954,Yes,N/A,N/A,3,N/A,5,N/A,7,3 5,N/A,10,11,12,3 10,3 11,3 12,5 11,7 10,7 11
1 3 5 7 10 11 12 13,0.0148555,29.625,Yes,N/A,N/A,3,1 3,5,1 5,7,1 7,1 3 5,10,11,12,13,1 13,3 12,3 13,5 12,7 11
1 3 5 7 9,0.0908409,8.51389,Yes,N/A,N/A,3,1 3,5,1 5,7,1 7,9,1 9,1 3 7,5 7,1 3 9,5 9,3 5 7,7 9,3 5 9,1 3 5 9
3 5 7 9,0.0576717,13.963,Yes,N/A,N/A,3,N/A,5,N/A,7,3 5,9,3 7,N/A,3 9,N/A,5 9,3 5 7,7 9,3 5 9,N/A
1 3 5 7 9 13,0.0385546,16.8194,Yes,N/A,N/A,3,1 3,5,1 5,7,1 7,9,1 9,1 3 7,5 7,13,1 13,3 5 7,3 13,1 3 13,5 13
1 3 5 7 9 12,0.0495526,15.3009,Yes,N/A,N/A,3,1 3,5,1 5,7,3 5,9,3 7,1 3 7,12,1 12,5 9,3 12,7 9,5 12,1 5 12
3 5 7 9 13,0.0202946,22.7824,Yes,N/A,N/A,3,N/A,5,N/A,7,3 5,9,3 7,N/A,3 9,13,5 9,3 5 7,3 13,3 5 9,5 13
3 5 7 9 12,0.0206308,23.7315,Yes,N/A,N/A,3,N/A,5,N/A,7,3 5,9,3 7,N/A,12,N/A,5 9,3 12,7 9,5 12,N/A
1 3 5 7 9 12 13,0.0224493,23.9074,Yes,N/A,N/A,3,1 3,5,1 5,7,3 5,9,3 7,1 3 7,12,13,5 9,3 12,3 13,5 12,5 13
1 3 5 7 9 11,0.058187,13.1898,Yes,N/A,N/A,3,1 3,5,1 5,7,3 5,9,1 9,11,1 11,1 5 7,3 11,3 5 7,5 11,1 5 11,7 11
3 5 7 9 11,0.0307673,19.9074,Yes,N/A,N/A,3,N/A,5,N/A,7,3 5,9,3 7,11,5 7,N/A,3 11,3 5 7,5 11,3 5 9,7 11
1 3 5 7 9 11 13,0.0279029,20.4907,Yes,N/A,N/A,3,1 3,5,1 5,7,3 5,9,1 9,11,1 11,13,1 13,3 5 7,3 13,1 3 13,5 13
3 5 7 9 12 13,0.00947266,31.7407,Yes,N/A,N/A,3,N/A,5,N/A,7,3 5,9,3 7,N/A,12,13,5 9,3 12,3 13,5 12,5 13
1 3 5 7 9 11 12,0.0350362,19.0093,Yes,N/A,N/A,3,1 3,5,1 5,7,3 5,9,3 7,11,12,1 12,3 11,3 12,5 11,5 12,7 11
3 5 7 9 11 13,0.0137002,27.2593,Yes,N/A,N/A,3,N/A,5,N/A,7,3 5,9,3 7,11,5 7,13,3 11,3 5 7,3 13,3 5 9,5 13
3 5 7 9 11 12,0.0140343,28.625,Yes,N/A,N/A,3,N/A,5,N/A,7,3 5,9,3 7,11,12,N/A,5 9,3 12,7 9,5 12,7 11
1 3 5 7 9 11 12 13,0.0183637,26.6713,Yes,N/A,N/A,3,1 3,5,1 5,7,3 5,9,3 7,11,12,13,1 13,3 12,3 13,5 12,5 13
3 5 7 10 11 12 13,0.00576625,39.3935,Yes,N/A,N/A,3,N/A,5,N/A,7,3 5,N/A,10,11,12,13,3 11,3 12,3 13,7 10,5 13
1 3 5 7 9 10,0.0692423,11.537,Yes,N/A,N/A,3,1 3,5,1 5,7,1 7,9,10,1 10,3 9,3 10,5 9,5 10,7 9,7 10,1 7 10
3 5 7 9 10,0.0335038,19.0602,Yes,N/A,N/A,3,N/A,5,N/A,7,3 5,9,10,N/A,5 7,3 10,5 9,5 10,7 9,7 10,3 5 10
1 3 5 7 9 10 13,0.0322448,19.5741,Yes,N/A,N/A,3,1 3,5,1 5,7,1 7,9,10,1 10,3 9,13,1 13,5 10,3 13,7 10,5 13
1 3 5 7 9 10 12,0.0373094,18.4722,Yes,N/A,N/A,3,1 3,5,1 5,7,3 5,9,10,1 10,12,1 12,5 9,3 12,7 9,5 12,3 5 10
3 5 7 9 10 13,0.0127881,29.375,Yes,N/A,N/A,3,N/A,5,N/A,7,3 5,9,10,N/A,3 9,13,5 9,5 10,3 13,7 10,5 13
3 5 7 9 10 12,0.0142057,28.3657,Yes,N/A,N/A,3,N/A,5,N/A,7,3 5,9,10,N/A,12,3 10,5 9,3 12,7 9,5 12,3 5 10
1 3 5 7 9 10 12 13,0.0195431,25.9398,Yes,N/A,N/A,3,1 3,5,1 5,7,3 5,9,10,1 10,12,13,1 13,3 12,3 13,5 12,5 13
3 5 7 9 11 12 13,0.00764274,34.8565,Yes,N/A,N/A,3,N/A,5,N/A,7,3 5,9,3 7,11,12,13,5 9,3 12,7 9,5 12,5 13
1 3 5 7 9 10 11,0.0465593,15.8935,Yes,N/A,N/A,3,1 3,5,1 5,7,1 7,9,10,11,1 11,3 10,3 11,5 10,5 11,7 10,7 11
3 5 7 9 10 11,0.0229308,22.9074,Yes,N/A,N/A,3,N/A,5,N/A,7,3 5,9,10,11,5 7,3 10,3 11,5 10,7 9,7 10,7 11
1 3 5 7 9 10 11 13,0.0244279,23.3472,Yes,N/A,N/A,3,1 3,5,1 5,7,1 7,9,10,11,3 9,13,1 13,5 10,3 13,7 10,5 13
3 5 7 9 10 12 13,0.00683401,38.0093,Yes,N/A,N/A,3,N/A,5,N/A,7,3 5,9,10,N/A,12,13,5 9,3 12,3 13,7 10,5 13
1 3 5 7 9 10 11 12,0.0288837,21.5463,Yes,N/A,N/A,3,1 3,5,1 5,7,1 7,9,10,11,12,1 12,3 11,3 12,5 11,5 12,7 11
3 5 7 9 10 11 13,0.0107516,31.5972,Yes,N/A,N/A,3,N/A,5,N/A,7,3 5,9,10,11,5 7,13,3 11,5 10,3 13,7 10,5 13
3 5 7 9 10 11 12,0.0115962,30.9028,Yes,N/A,N/A,3,N/A,5,N/A,7,3 5,9,10,11,12,3 10,5 9,3 12,7 9,5 12,7 11
1 3 5 7 9 10 11 12 13,0.0167442,28.5602,Yes,N/A,N/A,3,1 3,5,1 5,7,1 7,9,10,11,12,13,1 13,3 12,3 13,5 12,5 13
3 5 8 9 10 11 12 13,0.00620219,42.1157,Yes,N/A,N/A,3,N/A,5,N/A,N/A,8,9,10,11,12,13,5 9,3 12,3 13,5 12,5 13
1 3 5 7 8,0.104906,7.57407,Yes,N/A,N/A,3,1 3,5,1 5,7,8,1 8,3 7,3 8,5 7,5 8,1 5 8,7 8,3 5 8,1 3 5 8,3 7 8
3 5 7 8,0.0723561,12.588,Yes,N/A,N/A,3,N/A,5,N/A,7,8,N/A,3 7,3 8,5 7,5 8,N/A,7 8,3 5 8,N/A,3 7 8
1 3 5 7 8 13,0.0441832,15.8009,Yes,N/A,N/A,3,1 3,5,1 5,7,8,1 8,3 7,3 8,5 7,13,1 13,7 8,3 13,1 3 13,5 13
1 3 5 7 8 12,0.0490166,15.088,Yes,N/A,N/A,3,1 3,5,1 5,7,8,1 8,3 7,3 8,12,1 12,1 5 8,3 12,1 3 12,5 12,1 5 12
3 5 7 8 13,0.0209074,23.4815,Yes,N/A,N/A,3,N/A,5,N/A,7,8,N/A,3 7,3 8,5 7,13,N/A,7 8,3 13,N/A,5 13
3 5 7 8 12,0.0248684,22.0463,Yes,N/A,N/A,3,N/A,5,N/A,7,8,N/A,3 7,3 8,12,5 8,N/A,3 12,3 5 8,5 12,3 7 8
1 3 5 7 8 12 13,0.0223542,23.6157,Yes,N/A,N/A,3,1 3,5,1 5,7,8,1 8,3 7,3 8,12,13,1 13,3 12,3 13,5 12,5 13
1 3 5 7 8 11,0.0654888,12.3426,Yes,N/A,N/A,3,1 3,5,1 5,7,8,1 8,3 7,11,1 11,5 8,3 11,7 8,5 11,1 5 11,7 11
3 5 7 8 11,0.0329334,19.5,Yes,N/A,N/A,3,N/A,5,N/A,7,8,N/A,3 7,11,5 7,5 8,3 11,7 8,5 11,N/A,7 11
1 3 5 7 8 11 13,0.0297856,20.4444,Yes,N/A,N/A,3,1 3,5,1 5,7,8,1 8,3 7,11,5 7,13,1 13,7 8,5 11,1 3 13,5 13
3 5 7 8 12 13,0.00894308,32.8565,Yes,N/A,N/A,3,N/A,5,N/A,7,8,N/A,3 7,3 8,12,13,N/A,3 12,3 13,5 12,5 13
1 3 5 7 8 11 12,0.0344718,19.4306,Yes,N/A,N/A,3,1 3,5,1 5,7,8,1 8,3 7,11,12,1 12,3 11,3 12,5 11,5 12,7 11
3 5 7 8 11 13,0.0120801,29.9167,Yes,N/A,N/A,3,N/A,5,N/A,7,8,N/A,3 7,11,5 7,13,3 11,7 8,3 13,N/A,5 13
3 5 7 8 11 12,0.0158651,27.8009,Yes,N/A,N/A,3,N/A,5,N/A,7,8,N/A,3 7,11,12,5 8,3 11,3 12,5 11,5 12,7 11
1 3 5 7 8 11 12 13,0.0179917,27.1389,Yes,N/A,N/A,3,1 3,5,1 5,7,8,1 8,3 7,11,12,13,1 13,3 12,5 11,5 12,5 13
1 3 5 7 8 10,0.0700733,11.4583,Yes,N/A,N/A,3,1 3,5,1 5,7,8,1 8,10,3 8,5 7,3 10,1 3 10,7 8,1 5 10,7 10,8 10
3 5 7 8 10,0.0353287,19.1898,Yes,N/A,N/A,3,N/A,5,N/A,7,8,N/A,10,3 8,5 7,3 10,N/A,5 10,3 5 8,7 10,8 10
1 3 5 7 8 10 13,0.034477,19.287,Yes,N/A,N/A,3,1 3,5,1 5,7,8,1 8,10,3 8,5 7,13,1 13,5 10,3 13,7 10,5 13
1 3 5 7 8 10 12,0.0360956,18.8333,Yes,N/A,N/A,3,1 3,5,1 5,7,8,1 8,10,3 8,12,5 8,1 5 8,3 12,1 3 12,5 12,8 10
3 5 7 8 10 13,0.0132625,29.9954,Yes,N/A,N/A,3,N/A,5,N/A,7,8,N/A,10,3 8,5 7,13,N/A,5 10,3 13,7 10,5 13
3 5 7 8 10 12,0.0146025,28.9306,Yes,N/A,N/A,3,N/A,5,N/A,7,8,N/A,10,3 8,12,5 8,N/A,3 12,3 5 8,5 12,8 10
1 3 5 7 8 10 12 13,0.0195038,26.25,Yes,N/A,N/A,3,1 3,5,1 5,7,8,1 8,10,3 8,12,13,1 13,3 12,3 13,5 12,5 13
3 5 7 8 11 12 13,0.00676001,37.7037,Yes,N/A,N/A,3,N/A,5,N/A,7,8,N/A,3 7,11,12,13,3 11,7 8,5 11,5 12,5 13
1 3 5 7 8 10 11,0.0483743,15.6759,Yes,N/A,N/A,3,1 3,5,1 5,7,8,1 8,10,11,5 7,3 10,3 11,7 8,5 11,7 10,8 10
3 5 7 8 10 11,0.0215011,24.8935,Yes,N/A,N/A,3,N/A,5,N/A,7,8,N/A,10,11,5 7,3 10,3 11,7 8,5 11,7 10,8 10
1 3 5 7 8 10 11 13,0.0250772,23.4491,Yes,N/A,N/A,3,1 3,5,1 5,7,8,1 8,10,11,5 7,13,3 11,5 10,3 13,7 10,8 10
3 5 7 8 10 12 13,0.00659866,39.1713,Yes,N/A,N/A,3,N/A,5,N/A,7,8,N/A,10,3 8,12,13,N/A,5 10,3 13,5 12,5 13
1 3 5 7 8 10 11 12,0.0283905,21.7731,Yes,N/A,N/A,3,1 3,5,1 5,7,8,1 8,10,11,12,1 12,3 11,3 12,5 11,5 12,8 10
3 5 7 8 10 11 13,0.0093202,35.1019,Yes,N/A,N/A,3,N/A,5,N/A,7,8,N/A,10,11,5 7,13,3 11,5 10,3 13,7 10,8 10
3 5 7 8 10 11 12,0.0114348,33.0741,Yes,N/A,N/A,3,N/A,5,N/A,7,8,N/A,10,11,12,5 8,3 11,7 8,5 11,5 12,7 11
1 3 5 7 8 10 11 12 13,0.0164301,29.0602,Yes,N/A,N/A,3,1 3,5,1 5,7,8,1 8,10,11,12,13,3 11,3 12,3 13,5 12,5 13
3 5 7 9 10 11 12 13,0.00645255,38.7963,Yes,N/A,N/A,3,N/A,5,N/A,7,3 5,9,10,11,12,13,3 11,3 12,7 9,5 12,5 13
1 3 5 7 8 9,0.0799924,9.89815,Yes,N/A,N/A,3,1 3,5,1 5,7,8,9,1 9,3 8,3 9,5 8,5 9,7 8,7 9,8 9,1 8 9
3 5 7 8 9,0.0458433,14.662,Yes,N/A,N/A,3,N/A,5,N/A,7,8,9,3 7,3 8,3 9,5 8,5 9,7 8,7 9,8 9,3 7 8
1 3 5 7 8 9 13,0.0382728,17.6296,Yes,N/A,N/A,3,1 3,5,1 5,7,8,9,1 9,3 8,5 7,13,1 13,7 8,3 13,8 9,5 13
1 3 5 7 8 9 12,0.0448584,16.4167,Yes,N/A,N/A,3,1 3,5,1 5,7,8,9,3 7,3 8,12,1 12,5 9,3 12,7 9,5 12,1 5 12
3 5 7 8 9 13,0.0184639,24.0324,Yes,N/A,N/A,3,N/A,5,N/A,7,8,9,3 7,3 8,5 7,13,5 9,7 8,3 13,8 9,5 13
3 5 7 8 9 12,0.0214431,23.2222,Yes,N/A,N/A,3,N/A,5,N/A,7,8,9,3 7,3 8,12,5 8,5 9,3 12,7 9,5 12,3 7 8
1 3 5 7 8 9 12 13,0.0222993,24.5417,Yes,N/A,N/A,3,1 3,5,1 5,7,8,9,1 9,3 8,12,13,1 13,3 12,3 13,5 12,5 13
1 3 5 7 8 9 11,0.0543961,14.0463,Yes,N/A,N/A,3,1 3,5,1 5,7,8,9,3 7,11,1 11,5 8,3 11,7 8,5 11,8 9,7 11
3 5 7 8 9 11,0.0274668,20.9537,Yes,N/A,N/A,3,N/A,5,N/A,7,8,9,3 7,11,3 9,5 8,3 11,7 8,5 11,8 9,7 11
1 3 5 7 8 9 11 13,0.0277009,21.463,Yes,N/A,N/A,3,1 3,5,1 5,7,8,9,3 7,11,1 11,13,1 13,7 8,3 13,8 9,5 13
3 5 7 8 9 12 13,0.00977874,32.3287,Yes,N/A,N/A,3,N/A,5,N/A,7,8,9,3 7,3 8,12,13,5 9,3 12,3 13,5 12,5 13
1 3 5 7 8 9 11 12,0.0336096,20.125,Yes,N/A,N/A,3,1 3,5,1 5,7,8,9,3 7,11,12,1 12,5 9,3 12,5 11,8 9,7 11
3 5 7 8 9 11 13,0.0122772,30.0324,Yes,N/A,N/A,3,N/A,5,N/A,7,8,9,3 7,11,5 7,13,3 11,7 8,3 13,8 9,5 13
3 5 7 8 9 11 12,0.0148949,28.5093,Yes,N/A,N/A,3,N/A,5,N/A,7,8,9,3 7,11,12,5 8,3 11,3 12,5 11,5 12,7 11
1 3 5 7 8 9 11 12 13,0.0189129,27.0417,Yes,N/A,N/A,3,1 3,5,1 5,7,8,9,3 7,11,12,13,1 13,3 12,3 13,5 12,5 13
3 5 7 8 10 11 12 13,0.00571797,43.2407,Yes,N/A,N/A,3,N/A,5,N/A,7,8,N/A,10,11,12,13,3 11,5 10,3 13,5 12,5 13
1 3 5 7 8 9 10,0.0593094,12.6806,Yes,N/A,N/A,3,1 3,5,1 5,7,8,9,10,1 10,3 9,3 10,5 9,7 8,7 9,8 9,8 10
3 5 7 8 9 10,0.0317629,19.625,Yes,N/A,N/A,3,N/A,5,N/A,7,8,9,10,3 8,5 7,3 10,5 9,5 10,7 9,7 10,8 10
1 3 5 7 8 9 10 13,0.0317648,20.0185,Yes,N/A,N/A,3,1 3,5,1 5,7,8,9,10,3 8,3 9,13,1 13,5 10,3 13,8 9,5 13
1 3 5 7 8 9 10 12,0.0365633,18.6296,Yes,N/A,N/A,3,1 3,5,1 5,7,8,9,10,3 8,12,1 12,5 9,3 12,7 9,5 12,8 10
3 5 7 8 9 10 13,0.0139227,28.6806,Yes,N/A,N/A,3,N/A,5,N/A,7,8,9,10,3 8,5 7,13,5 9,5 10,3 13,7 10,5 13
3 5 7 8 9 10 12,0.0158582,27.7037,Yes,N/A,N/A,3,N/A,5,N/A,7,8,9,10,3 8,12,3 10,5 9,3 12,7 9,5 12,8 10
1 3 5 7 8 9 10 12 13,0.0208556,25.6759,Yes,N/A,N/A,3,1 3,5,1 5,7,8,9,10,3 8,12,13,1 13,3 12,3 13,5 12,5 13
3 5 7 8 9 11 12 13,0.00771492,36.7963,Yes,N/A,N/A,3,N/A,5,N/A,7,8,9,3 7,11,12,13,5 9,3 12,3 13,5 12,5 13
1 3 5 7 8 9 10 11,0.0435898,16.5556,Yes,N/A,N/A,3,1 3,5,1 5,7,8,9,10,11,1 11,3 10,3 11,7 8,5 11,8 9,7 11
3 5 7 8 9 10 11,0.0209889,24.4259,Yes,N/A,N/A,3,N/A,5,N/A,7,8,9,10,11,5 7,3 10,3 11,7 8,5 11,8 9,7 11
1 3 5 7 8 9 10 11 13,0.0249569,23.3935,Yes,N/A,N/A,3,1 3,5,1 5,7,8,9,10,11,3 9,13,1 13,5 10,3 13,8 9,8 10
3 5 7 8 9 10 12 13,0.00819523,36.4398,Yes,N/A,N/A,3,N/A,5,N/A,7,8,9,10,3 8,12,13,5 9,5 10,3 13,5 12,5 13
1 3 5 7 8 9 10 11 12,0.0291733,21.6806,Yes,N/A,N/A,3,1 3,5,1 5,7,8,9,10,11,12,1 12,3 11,3 12,5 11,5 12,8 10
3 5 7 8 9 10 11 13,0.0105219,33.3102,Yes,N/A,N/A,3,N/A,5,N/A,7,8,9,10,11,5 7,13,3 11,5 10,3 13,8 9,5 13
3 5 7 8 9 10 11 12,0.0122841,31.6759,Yes,N/A,N/A,3,N/A,5,N/A,7,8,9,10,11,12,3 10,3 11,3 12,5 11,5 12,7 11
1 3 5 7 8 9 10 11 12 13,0.0183321,27.9398,Yes,N/A,N/A,3,1 3,5,1 5,7,8,9,10,11,12,13,1 13,3 12,3 13,5 12,8 10
3 6 7 8 9 10 11 12 13,0.0064521,39.3843,Yes,N/A,N/A,3,N/A,N/A,6,7,8,9,10,11,12,13,6 8,3 12,3 13,6 11,6 12
1 3 5 6,0.0965399,5.51389,Yes,N/A,N/A,3,1 3,5,6,1 6,3 5,3 6,1 3 6,5 6,1 5 6,N/A,3 5 6,1 3 5 6,N/A,N/A,N/A
3 5 6,0.0860697,8.9537,Yes,N/A,N/A,3,N/A,5,6,N/A,3 5,3 6,N/A,5 6,N/A,N/A,3 5 6,N/A,N/A,N/A,N/A
1 3 5 6 13,0.0427801,13.1111,Yes,N/A,N/A,3,1 3,5,6,1 6,3 5,3 6,1 3 6,5 6,1 5 6,13,1 13,1 3 5 6,3 13,1 3 13,5 13
1 3 5 6 12,0.0603264,11.5139,Yes,N/A,N/A,3,1 3,5,6,1 6,3 5,3 6,1 3 6,5 6,12,1 12,3 5 6,3 12,1 3 12,5 12,6 12
3 5 6 13,0.026592,18.8333,Yes,N/A,N/A,3,N/A,5,6,N/A,3 5,3 6,N/A,5 6,N/A,13,3 5 6,N/A,3 13,N/A,5 13
3 5 6 12,0.0379198,16.8935,Yes,N/A,N/A,3,N/A,5,6,N/A,3 5,3 6,N/A,5 6,12,N/A,3 5 6,3 12,N/A,5 12,6 12
1 3 5 6 12 13,0.0255259,20.5972,Yes,N/A,N/A,3,1 3,5,6,1 6,3 5,3 6,1 3 6,5 6,12,13,1 13,3 12,3 13,5 12,5 13
1 3 5 6 11,0.0642564,11.7407,Yes,N/A,N/A,3,1 3,5,6,1 6,3 5,3 6,1 3 6,11,1 11,N/A,3 11,1 3 11,5 11,6 11,1 6 11
3 5 6 11,0.033096,17.7407,Yes,N/A,N/A,3,N/A,5,6,N/A,3 5,3 6,N/A,11,N/A,N/A,3 11,N/A,5 11,6 11,N/A
1 3 5 6 11 13,0.027871,18.7917,Yes,N/A,N/A,3,1 3,5,6,1 6,3 5,3 6,1 3 6,11,1 11,13,1 13,1 3 11,5 11,6 11,5 13
3 5 6 12 13,0.0146387,25.5417,Yes,N/A,N/A,3,N/A,5,6,N/A,3 5,3 6,N/A,5 6,12,13,3 5 6,3 12,3 13,5 12,5 13
1 3 5 6 11 12,0.0358927,17.6204,Yes,N/A,N/A,3,1 3,5,6,1 6,3 5,3 6,1 3 6,11,12,1 12,3 11,3 12,5 11,5 12,6 12
3 5 6 11 13,0.0118901,27.463,Yes,N/A,N/A,3,N/A,5,6,N/A,3 5,3 6,N/A,11,N/A,13,3 11,N/A,5 11,6 11,5 13
3 5 6 11 12,0.016603,24.9028,Yes,N/A,N/A,3,N/A,5,6,N/A,3 5,3 6,N/A,11,12,N/A,3 11,3 12,5 11,5 12,6 12
1 3 5 6 11 12 13,0.0170234,26.088,Yes,N/A,N/A,3,1 3,5,6,1 6,3 5,3 6,1 3 6,11,12,13,1 13,3 12,5 11,5 12,5 13
1 3 5 6 10,0.0903014,8.95833,Yes,N/A,N/A,3,1 3,5,6,1 6,3 5,3 6,10,1 10,1 5 6,3 10,3 5 6,5 10,6 10,1 6 10,3 5 10
3 5 6 10,0.0652834,13.0231,Yes,N/A,N/A,3,N/A,5,6,N/A,3 5,3 6,10,5 6,N/A,3 10,3 5 6,5 10,6 10,N/A,3 5 10
1 3 5 6 10 13,0.0365933,17.3241,Yes,N/A,N/A,3,1 3,5,6,1 6,3 5,3 6,10,1 10,1 5 6,13,1 13,5 10,3 13,1 3 13,5 13
1 3 5 6 10 12,0.0496894,14.8426,Yes,N/A,N/A,3,1 3,5,6,1 6,3 5,3 6,10,1 10,12,1 12,3 5 6,3 12,6 10,5 12,6 12
3 5 6 10 13,0.0190519,23.8889,Yes,N/A,N/A,3,N/A,5,6,N/A,3 5,3 6,10,5 6,N/A,13,3 5 6,5 10,3 13,N/A,5 13
3 5 6 10 12,0.0292601,19.8287,Yes,N/A,N/A,3,N/A,5,6,N/A,3 5,3 6,10,5 6,12,3 10,3 5 6,3 12,6 10,5 12,6 12
1 3 5 6 10 12 13,0.023249,22.8935,Yes,N/A,N/A,3,1 3,5,6,1 6,3 5,3 6,10,1 10,12,13,1 13,3 12,3 13,5 12,5 13
3 5 6 11 12 13,0.0075586,33.4167,Yes,N/A,N/A,3,N/A,5,6,N/A,3 5,3 6,N/A,11,12,13,3 11,3 12,5 11,5 12,5 13
1 3 5 6 10 11,0.0541336,14.3704,Yes,N/A,N/A,3,1 3,5,6,1 6,3 5,3 6,10,11,1 11,3 10,3 11,5 10,5 11,6 11,1 6 11
3 5 6 10 11,0.0259777,21.0972,Yes,N/A,N/A,3,N/A,5,6,N/A,3 5,3 6,10,11,N/A,3 10,3 11,5 10,5 11,6 11,3 5 10
1 3 5 6 10 11 13,0.0256233,21.7778,Yes,N/A,N/A,3,1 3,5,6,1 6,3 5,3 6,10,11,1 11,13,1 13,5 10,6 10,6 11,5 13
3 5 6 10 12 13,0.011348,29.3657,Yes,N/A,N/A,3,N/A,5,6,N/A,3 5,3 6,10,5 6,12,13,3 5 6,3 12,3 13,5 12,5 13
1 3 5 6 10 11 12,0.0320515,20.3472,Yes,N/A,N/A,3,1 3,5,6,1 6,3 5,3 6,10,11,12,1 12,3 11,5 10,5 11,5 12,6 12
3 5 6 10 11 13,0.0102836,31.1389,Yes,N/A,N/A,3,N/A,5,6,N/A,3 5,3 6,10,11,N/A,13,3 11,5 10,3 13,6 11,5 13
3 5 6 10 11 12,0.014919,26.7222,Yes,N/A,N/A,3,N/A,5,6,N/A,3 5,3 6,10,11,12,3 10,3 11,5 10,5 11,5 12,6 12
1 3 5 6 10 11 12 13,0.0171201,27.8472,Yes,N/A,N/A,3,1 3,5,6,1 6,3 5,3 6,10,11,12,13,1 13,5 10,5 11,6 11,5 13
1 3 5 6 9,0.101498,7.97222,Yes,N/A,N/A,3,1 3,5,6,1 6,3 5,9,1 9,5 6,3 9,1 3 9,5 9,6 9,1 6 9,3 5 9,3 6 9
3 5 6 9,0.0612341,13.7593,Yes,N/A,N/A,3,N/A,5,6,N/A,3 5,9,N/A,5 6,3 9,N/A,5 9,6 9,N/A,3 5 9,3 6 9
1 3 5 6 9 13,0.0442767,15.7963,Yes,N/A,N/A,3,1 3,5,6,1 6,3 5,9,1 9,5 6,3 9,13,1 13,6 9,3 13,1 3 13,5 13
1 3 5 6 9 12,0.0535699,14.1528,Yes,N/A,N/A,3,1 3,5,6,1 6,3 5,9,1 9,5 6,12,1 12,5 9,3 12,1 3 12,5 12,6 12
3 5 6 9 13,0.0220143,22.375,Yes,N/A,N/A,3,N/A,5,6,N/A,3 5,9,N/A,5 6,3 9,13,5 9,6 9,3 13,3 5 9,5 13
3 5 6 9 12,0.0219293,23.3981,Yes,N/A,N/A,3,N/A,5,6,N/A,3 5,9,N/A,5 6,12,N/A,5 9,3 12,N/A,5 12,6 12
1 3 5 6 9 12 13,0.0255906,22.3796,Yes,N/A,N/A,3,1 3,5,6,1 6,3 5,9,1 9,5 6,12,13,5 9,3 12,3 13,5 12,6 12
1 3 5 6 9 11,0.0548327,13.588,Yes,N/A,N/A,3,1 3,5,6,1 6,3 5,9,1 9,11,1 11,1 3 9,3 11,6 9,5 11,6 11,1 6 11
3 5 6 9 11,0.0231671,21.9583,Yes,N/A,N/A,3,N/A,5,6,N/A,3 5,9,N/A,11,3 9,N/A,3 11,6 9,5 11,6 11,3 6 9
1 3 5 6 9 11 13,0.027531,20.6111,Yes,N/A,N/A,3,1 3,5,6,1 6,3 5,9,1 9,11,1 11,13,3 11,6 9,3 13,6 11,5 13
3 5 6 9 12 13,0.0105682,31.1528,Yes,N/A,N/A,3,N/A,5,6,N/A,3 5,9,N/A,5 6,12,13,5 9,3 12,3 13,5 12,6 12
1 3 5 6 9 11 12,0.0327626,19.4306,Yes,N/A,N/A,3,1 3,5,6,1 6,3 5,9,1 9,11,12,1 12,3 11,3 12,5 11,5 12,6 12
3 5 6 9 11 13,0.010509,30.3472,Yes,N/A,N/A,3,N/A,5,6,N/A,3 5,9,N/A,11,3 9,13,3 11,6 9,3 13,6 11,5 13
3 5 6 9 11 12,0.0115597,30.9815,Yes,N/A,N/A,3,N/A,5,6,N/A,3 5,9,N/A,11,12,N/A,3 11,6 9,5 11,5 12,6 12
1 3 5 6 9 11 12 13,0.0179139,26.8287,Yes,N/A,N/A,3,1 3,5,6,1 6,3 5,9,1 9,11,12,13,3 11,3 12,3 13,5 12,6 12
3 5 6 10 11 12 13,0.00722343,35.5417,Yes,N/A,N/A,3,N/A,5,6,N/A,3 5,3 6,10,11,12,13,3 11,5 10,6 10,5 12,5 13
1 3 5 6 9 10,0.0713531,11.2731,Yes,N/A,N/A,3,1 3,5,6,1 6,3 5,9,10,5 6,3 9,3 10,5 9,6 9,6 10,1 6 10,3 5 10
3 5 6 9 10,0.0409038,16.3241,Yes,N/A,N/A,3,N/A,5,6,N/A,3 5,9,10,5 6,3 9,3 10,5 9,5 10,6 10,3 5 9,3 5 10
1 3 5 6 9 10 13,0.0334153,19.1898,Yes,N/A,N/A,3,1 3,5,6,1 6,3 5,9,10,1 10,3 9,13,1 13,6 9,3 13,1 3 13,5 13
1 3 5 6 9 10 12,0.0420346,17.1852,Yes,N/A,N/A,3,1 3,5,6,1 6,3 5,9,10,5 6,12,1 12,5 9,6 9,6 10,5 12,6 12
3 5 6 9 10 13,0.015887,26.2407,Yes,N/A,N/A,3,N/A,5,6,N/A,3 5,9,10,5 6,3 9,13,5 9,5 10,3 13,3 5 9,5 13
3 5 6 9 10 12,0.020036,24.3704,Yes,N/A,N/A,3,N/A,5,6,N/A,3 5,9,10,5 6,12,3 10,5 9,3 12,6 10,5 12,6 12
1 3 5 6 9 10 12 13,0.0222207,24.8843,Yes,N/A,N/A,3,1 3,5,6,1 6,3 5,9,10,5 6,12,13,1 13,3 12,3 13,5 12,6 12
3 5 6 9 11 12 13,0.00645742,38.3287,Yes,N/A,N/A,3,N/A,5,6,N/A,3 5,9,N/A,11,12,13,5 9,6 9,3 13,5 12,6 12
1 3 5 6 9 10 11,0.0454283,16.1065,Yes,N/A,N/A,3,1 3,5,6,1 6,3 5,9,10,11,1 11,3 10,5 9,5 10,6 10,6 11,1 6 11
3 5 6 9 10 11,0.0208144,23.4676,Yes,N/A,N/A,3,N/A,5,6,N/A,3 5,9,10,11,3 9,3 10,5 9,6 9,5 11,6 11,3 5 10
1 3 5 6 9 10 11 13,0.0241178,23.1528,Yes,N/A,N/A,3,1 3,5,6,1 6,3 5,9,10,11,1 11,13,1 13,5 10,6 10,6 11,5 13
3 5 6 9 10 12 13,0.00938663,33.5972,Yes,N/A,N/A,3,N/A,5,6,N/A,3 5,9,10,5 6,12,13,5 9,3 12,3 13,5 12,6 12
1 3 5 6 9 10 11 12,0.0293764,21.75,Yes,N/A,N/A,3,1 3,5,6,1 6,3 5,9,10,11,12,1 12,3 11,6 9,6 10,6 11,6 12
3 5 6 9 10 11 13,0.00974313,32.5509,Yes,N/A,N/A,3,N/A,5,6,N/A,3 5,9,10,11,3 9,13,3 11,5 10,6 10,6 11,5 13
3 5 6 9 10 11 12,0.0124979,30.3194,Yes,N/A,N/A,3,N/A,5,6,N/A,3 5,9,10,11,12,3 10,5 9,6 9,6 10,5 12,6 12
1 3 5 6 9 10 11 12 13,0.0172445,28.3889,Yes,N/A,N/A,3,1 3,5,6,1 6,3 5,9,10,11,12,13,1 13,3 12,6 10,6 11,6 12
1 3 5 6 8,0.104576,7.4213,Yes,N/A,N/A,3,1 3,5,6,1 6,8,1 8,1 3 6,5 6,1 5 6,5 8,6 8,1 6 8,3 5 8,3 6 8,1 3 6 8
3 5 6 8,0.0593382,13.4213,Yes,N/A,N/A,3,N/A,5,6,N/A,8,3 6,N/A,5 6,N/A,5 8,6 8,N/A,3 5 8,3 6 8,N/A
1 3 5 6 8 13,0.0409374,16.3657,Yes,N/A,N/A,3,1 3,5,6,1 6,8,1 8,1 3 6,5 6,1 5 6,13,1 13,1 6 8,3 13,1 3 13,5 13
1 3 5 6 8 12,0.0549252,13.8148,Yes,N/A,N/A,3,1 3,5,6,1 6,8,1 8,1 3 6,5 6,12,1 12,6 8,3 12,1 3 12,5 12,6 12
3 5 6 8 13,0.0174159,24.5926,Yes,N/A,N/A,3,N/A,5,6,N/A,8,3 6,N/A,5 6,N/A,13,6 8,N/A,3 13,3 6 8,5 13
3 5 6 8 12,0.028274,20.0093,Yes,N/A,N/A,3,N/A,5,6,N/A,8,3 6,N/A,5 6,12,5 8,6 8,3 12,3 5 8,5 12,6 12
1 3 5 6 8 12 13,0.0253069,22.3472,Yes,N/A,N/A,3,1 3,5,6,1 6,8,1 8,1 3 6,5 6,12,13,1 13,3 12,3 13,5 12,5 13
1 3 5 6 8 11,0.0618967,12.8889,Yes,N/A,N/A,3,1 3,5,6,1 6,8,3 6,1 3 6,11,1 11,5 8,3 11,1 3 11,5 11,6 11,1 6 11
3 5 6 8 11,0.0242964,22.2824,Yes,N/A,N/A,3,N/A,5,6,N/A,8,3 6,N/A,11,N/A,5 8,3 11,N/A,5 11,6 11,N/A
1 3 5 6 8 11 13,0.02504,22.1667,Yes,N/A,N/A,3,1 3,5,6,1 6,8,3 6,1 3 6,11,1 11,13,3 11,1 3 11,5 11,6 11,5 13
3 5 6 8 12 13,0.0110178,30.3426,Yes,N/A,N/A,3,N/A,5,6,N/A,8,3 6,N/A,5 6,12,13,6 8,3 12,3 13,5 12,5 13
1 3 5 6 8 11 12,0.0357509,19,Yes,N/A,N/A,3,1 3,5,6,1 6,8,3 6,1 3 6,11,12,5 8,3 11,3 12,5 11,5 12,6 12
3 5 6 8 11 13,0.00851309,33.5972,Yes,N/A,N/A,3,N/A,5,6,N/A,8,3 6,N/A,11,N/A,13,3 11,N/A,5 11,6 11,5 13
3 5 6 8 11 12,0.0151468,27.8287,Yes,N/A,N/A,3,N/A,5,6,N/A,8,3 6,N/A,11,12,5 8,3 11,3 12,5 11,6 11,6 12
1 3 5 6 8 11 12 13,0.0168542,27.9352,Yes,N/A,N/A,3,1 3,5,6,1 6,8,1 8,1 3 6,11,12,13,1 13,3 12,5 11,5 12,5 13
1 3 5 6 8 10,0.0749116,10.5833,Yes,N/A,N/A,3,1 3,5,6,1 6,8,3 6,10,5 6,1 5 6,3 10,6 8,5 10,6 10,1 6 10,8 10
3 5 6 8 10,0.0379355,17.6019,Yes,N/A,N/A,3,N/A,5,6,N/A,8,3 6,10,5 6,N/A,3 10,6 8,5 10,6 10,3 6 8,8 10
1 3 5 6 8 10 13,0.0334372,19.3472,Yes,N/A,N/A,3,1 3,5,6,1 6,8,1 8,10,5 6,1 3 8,13,1 13,5 10,3 13,1 3 13,5 13
1 3 5 6 8 10 12,0.0456458,15.9028,Yes,N/A,N/A,3,1 3,5,6,1 6,8,1 8,10,5 6,12,5 8,6 8,3 12,6 10,5 12,6 12
3 5 6 8 10 13,0.0137217,28.3333,Yes,N/A,N/A,3,N/A,5,6,N/A,8,3 6,10,3 8,N/A,13,6 8,5 10,3 13,3 6 8,5 13
3 5 6 8 10 12,0.0221363,23.0787,Yes,N/A,N/A,3,N/A,5,6,N/A,8,3 6,10,5 6,12,3 10,6 8,3 12,6 10,5 12,8 10
1 3 5 6 8 10 12 13,0.0236833,23.8056,Yes,N/A,N/A,3,1 3,5,6,1 6,8,1 8,10,5 6,12,13,1 13,3 12,3 13,5 12,5 13
3 5 6 8 11 12 13,0.00656961,38.0741,Yes,N/A,N/A,3,N/A,5,6,N/A,8,3 6,N/A,11,12,13,6 8,3 12,5 11,5 12,5 13
1 3 5 6 8 10 11,0.0501576,15.0648,Yes,N/A,N/A,3,1 3,5,6,1 6,8,3 6,10,11,1 11,5 8,3 11,5 10,5 11,6 11,8 10
3 5 6 8 10 11,0.0207515,25.2454,Yes,N/A,N/A,3,N/A,5,6,N/A,8,3 6,10,11,N/A,5 8,3 11,5 10,5 11,6 11,8 10
1 3 5 6 8 10 11 13,0.0244034,23.463,Yes,N/A,N/A,3,1 3,5,6,1 6,8,3 6,10,11,1 11,13,3 11,5 10,3 13,6 11,5 13
3 5 6 8 10 12 13,0.00982861,32.7593,Yes,N/A,N/A,3,N/A,5,6,N/A,8,3 6,10,5 6,12,13,6 8,5 10,3 13,5 12,5 13
1 3 5 6 8 10 11 12,0.032356,20.3426,Yes,N/A,N/A,3,1 3,5,6,1 6,8,1 8,10,11,12,5 8,3 11,3 12,5 11,5 12,6 12
3 5 6 8 10 11 13,0.00851364,36.0972,Yes,N/A,N/A,3,N/A,5,6,N/A,8,3 6,10,11,N/A,13,3 11,5 10,3 13,6 11,5 13
3 5 6 8 10 11 12,0.0141194,29.1111,Yes,N/A,N/A,3,N/A,5,6,N/A,8,3 6,10,11,12,5 8,3 11,3 12,5 11,5 12,8 10
1 3 5 6 8 10 11 12 13,0.018019,27.6944,Yes,N/A,N/A,3,1 3,5,6,1 6,8,3 6,10,11,12,13,3 11,3 12,5 11,5 12,5 13
3 5 6 9 10 11 12 13,0.00683771,38.6528,Yes,N/A,N/A,3,N/A,5,6,N/A,3 5,9,10,11,12,13,3 11,6 9,6 10,5 12,6 12
1 3 5 6 8 9,0.0774451,9.62037,Yes,N/A,N/A,3,1 3,5,6,1 6,8,9,1 9,3 8,3 9,5 8,5 9,6 9,1 6 9,8 9,1 8 9
3 5 6 8 9,0.03764,16.6852,Yes,N/A,N/A,3,N/A,5,6,N/A,8,9,N/A,3 8,3 9,5 8,5 9,6 9,3 5 8,8 9,3 6 9
1 3 5 6 8 9 13,0.0362511,17.7639,Yes,N/A,N/A,3,1 3,5,6,1 6,8,9,1 9,3 8,3 9,13,5 9,6 9,3 13,8 9,5 13
1 3 5 6 8 9 12,0.0463889,15.5324,Yes,N/A,N/A,3,1 3,5,6,1 6,8,9,1 9,3 8,12,1 12,5 9,3 12,1 3 12,5 12,6 12
3 5 6 8 9 13,0.0157643,26.7407,Yes,N/A,N/A,3,N/A,5,6,N/A,8,9,N/A,5 6,3 9,13,5 9,6 9,3 13,8 9,5 13
3 5 6 8 9 12,0.0189473,25.5278,Yes,N/A,N/A,3,N/A,5,6,N/A,8,9,N/A,3 8,12,5 8,5 9,3 12,3 5 8,5 12,6 12
1 3 5 6 8 9 12 13,0.0244886,23.2593,Yes,N/A,N/A,3,1 3,5,6,1 6,8,9,1 9,5 6,12,13,5 9,3 12,3 13,5 12,5 13
1 3 5 6 8 9 11,0.0499048,14.9259,Yes,N/A,N/A,3,1 3,5,6,1 6,8,9,1 9,11,1 11,5 8,3 11,6 9,5 11,6 11,1 6 11
3 5 6 8 9 11,0.0214203,24.6111,Yes,N/A,N/A,3,N/A,5,6,N/A,8,9,N/A,11,3 9,5 8,3 11,6 9,5 11,6 11,3 6 9
1 3 5 6 8 9 11 13,0.0244812,23.2685,Yes,N/A,N/A,3,1 3,5,6,1 6,8,9,1 9,11,1 11,13,3 11,6 9,3 13,8 9,5 13
3 5 6 8 9 12 13,0.00925976,34.8287,Yes,N/A,N/A,3,N/A,5,6,N/A,8,9,N/A,3 8,12,13,5 9,3 12,3 13,5 12,6 12
1 3 5 6 8 9 11 12,0.0327115,20.1713,Yes,N/A,N/A,3,1 3,5,6,1 6,8,9,1 9,11,12,5 8,3 11,3 12,5 11,5 12,6 12
3 5 6 8 9 11 13,0.00922005,34.9583,Yes,N/A,N/A,3,N/A,5,6,N/A,8,9,N/A,11,3 9,13,6 8,6 9,5 11,6 11,5 13
3 5 6 8 9 11 12,0.0121248,32.8287,Yes,N/A,N/A,3,N/A,5,6,N/A,8,9,N/A,11,12,5 8,3 11,3 12,5 11,6 11,6 12
1 3 5 6 8 9 11 12 13,0.0180483,27.9907,Yes,N/A,N/A,3,1 3,5,6,1 6,8,9,1 9,11,12,13,3 11,3 12,3 13,5 12,5 13
3 5 6 8 10 11 12 13,0.00692772,38.7778,Yes,N/A,N/A,3,N/A,5,6,N/A,8,3 6,10,11,12,13,3 11,5 10,5 11,5 12,5 13
1 3 5 6 8 9 10,0.0618339,12.3056,Yes,N/A,N/A,3,1 3,5,6,1 6,8,9,10,1 10,3 9,3 10,5 9,5 10,6 10,8 9,8 10
3 5 6 8 9 10,0.033629,19.0972,Yes,N/A,N/A,3,N/A,5,6,N/A,8,9,10,5 6,3 9,3 10,5 9,5 10,6 10,8 9,8 10
1 3 5 6 8 9 10 13,0.0318156,19.9306,Yes,N/A,N/A,3,1 3,5,6,1 6,8,9,10,3 8,3 9,13,1 13,5 10,3 13,8 9,5 13
1 3 5 6 8 9 10 12,0.040045,17.588,Yes,N/A,N/A,3,1 3,5,6,1 6,8,9,10,3 8,12,3 10,5 9,3 12,6 10,5 12,6 12
3 5 6 8 9 10 13,0.0144595,28.7269,Yes,N/A,N/A,3,N/A,5,6,N/A,8,9,10,5 6,3 9,13,6 8,5 10,3 13,8 9,5 13
3 5 6 8 9 10 12,0.0184187,26.4306,Yes,N/A,N/A,3,N/A,5,6,N/A,8,9,10,3 8,12,3 10,5 9,3 12,6 10,5 12,6 12
1 3 5 6 8 9 10 12 13,0.0227336,24.6852,Yes,N/A,N/A,3,1 3,5,6,1 6,8,9,10,3 8,12,13,5 9,3 12,3 13,5 12,5 13
3 5 6 8 9 11 12 13,0.00627255,42.3287,Yes,N/A,N/A,3,N/A,5,6,N/A,8,9,N/A,11,12,13,3 11,3 12,3 13,5 12,6 12
1 3 5 6 8 9 10 11,0.0442015,16.5463,Yes,N/A,N/A,3,1 3,5,6,1 6,8,9,10,11,1 11,3 10,3 11,5 10,5 11,6 11,8 10
3 5 6 8 9 10 11,0.0203337,25.8102,Yes,N/A,N/A,3,N/A,5,6,N/A,8,9,10,11,3 9,5 8,6 8,5 10,5 11,6 11,8 10
1 3 5 6 8 9 10 11 13,0.0243937,23.625,Yes,N/A,N/A,3,1 3,5,6,1 6,8,9,10,11,3 9,13,5 9,5 10,3 13,8 9,5 13
3 5 6 8 9 10 12 13,0.00937295,34.9815,Yes,N/A,N/A,3,N/A,5,6,N/A,8,9,10,3 8,12,13,5 9,3 12,3 13,5 12,5 13
1 3 5 6 8 9 10 11 12,0.0307437,21.1852,Yes,N/A,N/A,3,1 3,5,6,1 6,8,9,10,11,12,3 10,3 11,3 12,5 11,5 12,6 12
3 5 6 8 9 10 11 13,0.00983864,35.0509,Yes,N/A,N/A,3,N/A,5,6,N/A,8,9,10,11,3 9,13,6 8,5 10,5 11,6 11,5 13
3 5 6 8 9 10 11 12,0.0129057,32.0972,Yes,N/A,N/A,3,N/A,5,6,N/A,8,9,10,11,12,5 8,3 11,3 12,5 11,5 12,6 12
1 3 5 6 8 9 10 11 12 13,0.0188545,27.5741,Yes,N/A,N/A,3,1 3,5,6,1 6,8,9,10,11,12,13,3 11,3 12,3 13,5 12,5 13
3 5 7 8 9 10 11 12 13,0.00711049,39.7593,Yes,N/A,N/A,3,N/A,5,N/A,7,8,9,10,11,12,13,3 11,3 12,3 13,5 12,5 13
1 3 5 6 7,0.116404,6.62037,Yes,N/A,N/A,3,1 3,5,6,7,1 7,3 6,3 7,5 6,5 7,6 7,3 5 6,3 5 7,3 6 7,1 3 6 7,5 6 7
3 5 6 7,0.0971184,8.28704,Yes,N/A,N/A,3,N/A,5,6,7,3 5,3 6,3 7,5 6,5 7,6 7,3 5 6,3 5 7,3 6 7,N/A,5 6 7
1 3 5 6 7 13,0.0527483,14.3333,Yes,N/A,N/A,3,1 3,5,6,7,1 7,3 6,3 7,5 6,5 7,13,1 13,3 5 7,3 13,1 3 13,5 13
1 3 5 6 7 12,0.0618739,12.9444,Yes,N/A,N/A,3,1 3,5,6,7,1 7,3 6,3 7,5 6,12,1 12,3 5 6,3 12,1 3 12,5 12,6 12
3 5 6 7 13,0.0290505,18.375,Yes,N/A,N/A,3,N/A,5,6,7,3 5,3 6,3 7,5 6,5 7,13,3 5 6,3 5 7,3 13,N/A,5 13
3 5 6 7 12,0.0355162,16.5926,Yes,N/A,N/A,3,N/A,5,6,7,3 5,3 6,3 7,5 6,12,6 7,3 5 6,3 12,3 6 7,5 12,6 12
1 3 5 6 7 12 13,0.0288878,21.2222,Yes,N/A,N/A,3,1 3,5,6,7,1 7,3 6,3 7,5 6,12,13,1 13,3 12,3 13,5 12,5 13
1 3 5 6 7 11,0.0686761,11.5093,Yes,N/A,N/A,3,1 3,5,6,7,3 5,3 6,3 7,11,1 11,6 7,3 11,1 3 11,5 11,6 11,7 11
3 5 6 7 11,0.0406009,15.1852,Yes,N/A,N/A,3,N/A,5,6,7,3 5,3 6,3 7,11,5 7,6 7,3 11,3 5 7,5 11,6 11,7 11
1 3 5 6 7 11 13,0.0317262,19.4213,Yes,N/A,N/A,3,1 3,5,6,7,1 7,3 6,3 7,11,1 11,13,1 13,3 5 7,5 11,6 11,5 13
3 5 6 7 12 13,0.0136747,26.3148,Yes,N/A,N/A,3,N/A,5,6,7,3 5,3 6,3 7,5 6,12,13,3 5 6,3 12,3 13,5 12,5 13
1 3 5 6 7 11 12,0.0367471,18.5185,Yes,N/A,N/A,3,1 3,5,6,7,1 7,3 6,3 7,11,12,1 12,3 11,3 12,5 11,5 12,6 12
3 5 6 7 11 13,0.0154114,24.8148,Yes,N/A,N/A,3,N/A,5,6,7,3 5,3 6,3 7,11,5 7,13,3 11,3 5 7,3 13,6 11,5 13
3 5 6 7 11 12,0.0194407,22.963,Yes,N/A,N/A,3,N/A,5,6,7,3 5,3 6,3 7,11,12,6 7,3 11,3 12,5 11,5 12,6 12
1 3 5 6 7 11 12 13,0.0190519,26.537,Yes,N/A,N/A,3,1 3,5,6,7,1 7,3 6,3 7,11,12,13,1 13,3 12,5 11,5 12,5 13
1 3 5 6 7 10,0.0806591,9.25926,Yes,N/A,N/A,3,1 3,5,6,7,1 7,3 6,10,1 10,5 7,6 7,1 3 10,5 10,6 10,7 10,1 7 10
3 5 6 7 10,0.0474433,13.7685,Yes,N/A,N/A,3,N/A,5,6,7,3 5,3 6,10,5 6,5 7,3 10,3 5 6,5 10,6 10,7 10,3 5 10
1 3 5 6 7 10 13,0.0383526,17.2963,Yes,N/A,N/A,3,1 3,5,6,7,1 7,3 6,10,1 10,5 7,13,1 13,5 10,6 10,7 10,5 13
1 3 5 6 7 10 12,0.0452343,15.338,Yes,N/A,N/A,3,1 3,5,6,7,1 7,3 6,10,1 10,12,1 12,3 5 6,5 10,6 10,7 10,6 12
3 5 6 7 10 13,0.0174965,23.8056,Yes,N/A,N/A,3,N/A,5,6,7,3 5,3 6,10,5 6,5 7,13,3 5 6,5 10,3 13,7 10,5 13
3 5 6 7 10 12,0.0220166,21.7546,Yes,N/A,N/A,3,N/A,5,6,7,3 5,3 6,10,5 6,12,3 10,3 5 6,3 12,6 10,7 10,6 12
1 3 5 6 7 10 12 13,0.0232329,23.088,Yes,N/A,N/A,3,1 3,5,6,7,1 7,3 6,10,1 10,12,13,1 13,5 10,6 10,7 10,5 13
3 5 6 7 11 12 13,0.00850384,32.2639,Yes,N/A,N/A,3,N/A,5,6,7,3 5,3 6,3 7,11,12,13,3 11,3 12,5 11,5 12,5 13
1 3 5 6 7 10 11,0.0535968,13.9537,Yes,N/A,N/A,3,1 3,5,6,7,3 5,3 6,10,11,1 11,6 7,3 11,5 10,6 10,6 11,7 11
3 5 6 7 10 11,0.0295421,19.3426,Yes,N/A,N/A,3,N/A,5,6,7,3 5,3 6,10,11,5 7,6 7,3 11,5 10,6 10,6 11,7 11
1 3 5 6 7 10 11 13,0.0273186,21.5046,Yes,N/A,N/A,3,1 3,5,6,7,1 7,3 6,10,11,1 11,13,1 13,5 10,6 10,6 11,5 13
3 5 6 7 10 12 13,0.00981221,31.1667,Yes,N/A,N/A,3,N/A,5,6,7,3 5,3 6,10,5 6,12,13,3 5 6,3 12,3 13,7 10,5 13
1 3 5 6 7 10 11 12,0.0324952,19.9583,Yes,N/A,N/A,3,1 3,5,6,7,1 7,3 6,10,11,12,1 12,3 11,5 10,5 11,5 12,6 12
3 5 6 7 10 11 13,0.0123856,28.662,Yes,N/A,N/A,3,N/A,5,6,7,3 5,3 6,10,11,5 7,13,3 11,5 10,6 10,6 11,7 11
3 5 6 7 10 11 12,0.0158273,26.3796,Yes,N/A,N/A,3,N/A,5,6,7,3 5,3 6,10,11,12,6 7,3 11,5 10,5 11,5 12,7 11
1 3 5 6 7 10 11 12 13,0.0183758,27.0648,Yes,N/A,N/A,3,1 3,5,6,7,1 7,3 6,10,11,12,13,1 13,5 10,5 11,5 12,5 13
1 3 5 6 7 9,0.0849813,8.38426,Yes,N/A,N/A,3,1 3,5,6,7,1 7,9,1 9,5 6,3 9,6 7,5 9,6 9,7 9,1 7 9,5 6 7
3 5 6 7 9,0.0537562,12.2361,Yes,N/A,N/A,3,N/A,5,6,7,3 5,9,3 7,5 6,3 9,6 7,5 9,6 9,7 9,3 5 9,3 6 9
1 3 5 6 7 9 13,0.0427163,15.9907,Yes,N/A,N/A,3,1 3,5,6,7,1 7,9,1 9,5 6,5 7,13,1 13,6 9,3 13,1 3 13,5 13
1 3 5 6 7 9 12,0.0524445,14,Yes,N/A,N/A,3,1 3,5,6,7,3 5,9,1 9,5 6,12,1 12,5 9,3 12,7 9,5 12,6 12
3 5 6 7 9 13,0.0204749,22.0463,Yes,N/A,N/A,3,N/A,5,6,7,3 5,9,3 7,5 6,3 9,13,5 9,6 9,3 13,3 5 9,5 13
3 5 6 7 9 12,0.0268166,20.1759,Yes,N/A,N/A,3,N/A,5,6,7,3 5,9,3 7,5 6,12,6 7,5 9,3 12,7 9,5 12,6 12
1 3 5 6 7 9 12 13,0.0269744,22.0139,Yes,N/A,N/A,3,1 3,5,6,7,1 7,9,1 9,5 6,12,13,1 13,3 12,3 13,5 12,6 12
1 3 5 6 7 9 11,0.0593679,12.1806,Yes,N/A,N/A,3,1 3,5,6,7,3 5,9,1 9,11,1 11,6 7,3 11,6 9,5 11,6 11,7 11
3 5 6 7 9 11,0.031676,18.5741,Yes,N/A,N/A,3,N/A,5,6,7,3 5,9,3 7,11,5 7,6 7,3 11,6 9,5 11,6 11,7 11
1 3 5 6 7 9 11 13,0.030105,19.6435,Yes,N/A,N/A,3,1 3,5,6,7,3 5,9,1 9,11,1 11,13,1 13,6 9,3 13,6 11,5 13
3 5 6 7 9 12 13,0.0118461,29.4074,Yes,N/A,N/A,3,N/A,5,6,7,3 5,9,3 7,5 6,12,13,5 9,3 12,3 13,5 12,6 12
1 3 5 6 7 9 11 12,0.0365516,18.0972,Yes,N/A,N/A,3,1 3,5,6,7,3 5,9,1 9,11,12,1 12,3 11,3 12,5 11,5 12,6 12
3 5 6 7 9 11 13,0.0139165,27.3148,Yes,N/A,N/A,3,N/A,5,6,7,3 5,9,3 7,11,5 7,13,3 11,6 9,3 13,6 11,5 13
3 5 6 7 9 11 12,0.0173087,25.75,Yes,N/A,N/A,3,N/A,5,6,7,3 5,9,3 7,11,12,6 7,5 9,3 12,7 9,5 12,6 12
1 3 5 6 7 9 11 12 13,0.020303,25.5509,Yes,N/A,N/A,3,1 3,5,6,7,3 5,9,1 9,11,12,13,1 13,3 12,3 13,5 12,5 13
3 5 6 7 10 11 12 13,0.00770818,35.3472,Yes,N/A,N/A,3,N/A,5,6,7,3 5,3 6,10,11,12,13,3 11,5 10,6 10,7 10,5 13
1 3 5 6 7 9 10,0.0659574,11.3704,Yes,N/A,N/A,3,1 3,5,6,7,1 7,9,10,1 10,5 7,3 10,5 9,5 10,6 10,7 10,3 6 9
3 5 6 7 9 10,0.0377158,16.9722,Yes,N/A,N/A,3,N/A,5,6,7,3 5,9,10,5 6,3 9,3 10,5 9,5 10,6 10,7 10,5 6 7
1 3 5 6 7 9 10 13,0.0340901,18.8472,Yes,N/A,N/A,3,1 3,5,6,7,1 7,9,10,1 10,3 9,13,1 13,6 9,3 13,7 10,5 13
1 3 5 6 7 9 10 12,0.0418934,16.6435,Yes,N/A,N/A,3,1 3,5,6,7,3 5,9,10,1 10,12,1 12,5 9,3 12,7 9,5 12,6 12
3 5 6 7 9 10 13,0.0151244,26.7037,Yes,N/A,N/A,3,N/A,5,6,7,3 5,9,10,5 6,3 9,13,5 9,5 10,3 13,7 10,5 13
3 5 6 7 9 10 12,0.0200842,24.1389,Yes,N/A,N/A,3,N/A,5,6,7,3 5,9,10,5 6,12,3 10,5 9,3 12,7 9,5 12,6 12
1 3 5 6 7 9 10 12 13,0.0232342,23.787,Yes,N/A,N/A,3,1 3,5,6,7,3 5,9,10,1 10,12,13,1 13,3 12,3 13,7 10,6 12
3 5 6 7 9 11 12 13,0.00868099,33.9537,Yes,N/A,N/A,3,N/A,5,6,7,3 5,9,3 7,11,12,13,5 9,6 9,3 13,5 12,6 12
1 3 5 6 7 9 10 11,0.0484041,14.9537,Yes,N/A,N/A,3,1 3,5,6,7,3 5,9,10,11,1 11,3 10,3 11,5 10,6 10,6 11,7 11
3 5 6 7 9 10 11,0.0253639,21.537,Yes,N/A,N/A,3,N/A,5,6,7,3 5,9,10,11,5 7,6 7,3 11,5 10,6 10,6 11,7 11
1 3 5 6 7 9 10 11 13,0.0267131,21.75,Yes,N/A,N/A,3,1 3,5,6,7,3 5,9,10,11,1 11,13,1 13,5 10,3 13,6 11,5 13
3 5 6 7 9 10 12 13,0.00962284,33.3611,Yes,N/A,N/A,3,N/A,5,6,7,3 5,9,10,5 6,12,13,5 9,3 12,3 13,7 10,6 12
1 3 5 6 7 9 10 11 12,0.0324387,19.8657,Yes,N/A,N/A,3,1 3,5,6,7,3 5,9,10,11,12,1 12,3 11,3 12,6 10,5 12,6 12
3 5 6 7 9 10 11 13,0.0119062,30.3889,Yes,N/A,N/A,3,N/A,5,6,7,3 5,9,10,11,5 7,13,3 11,5 10,3 13,6 11,5 13
3 5 6 7 9 10 11 12,0.0151976,27.787,Yes,N/A,N/A,3,N/A,5,6,7,3 5,9,10,11,12,6 7,3 11,3 12,7 9,5 12,6 12
1 3 5 6 7 9 10 11 12 13,0.0197592,26.1343,Yes,N/A,N/A,3,1 3,5,6,7,3 5,9,10,11,12,13,1 13,3 12,3 13,6 11,6 12
3 5 6 8 9 10 11 12 13,0.00722816,40.6065,Yes,N/A,N/A,3,N/A,5,6,N/A,8,9,10,11,12,13,3 11,3 12,3 13,5 12,5 13
1 3 5 6 7 8,0.09089,7.48611,Yes,N/A,N/A,3,1 3,5,6,7,8,1 8,3 7,5 6,5 7,5 8,6 8,7 8,1 7 8,3 6 8,5 6 7
3 5 6 7 8,0.0582339,11.4676,Yes,N/A,N/A,3,N/A,5,6,7,8,3 6,3 7,3 8,5 7,5 8,6 8,7 8,3 5 8,3 6 8,5 6 7
1 3 5 6 7 8 13,0.0451877,14.963,Yes,N/A,N/A,3,1 3,5,6,7,8,1 8,3 7,5 6,5 7,13,1 13,7 8,3 13,1 3 13,5 13
1 3 5 6 7 8 12,0.0537092,13.4491,Yes,N/A,N/A,3,1 3,5,6,7,8,1 8,3 7,5 6,12,1 12,6 8,7 8,1 3 12,5 12,6 12
3 5 6 7 8 13,0.0228455,21.088,Yes,N/A,N/A,3,N/A,5,6,7,8,3 6,3 7,5 6,5 7,13,6 8,7 8,3 13,3 6 8,5 13
3 5 6 7 8 12,0.0286886,19.3009,Yes,N/A,N/A,3,N/A,5,6,7,8,3 6,3 7,5 6,12,5 8,6 8,3 12,3 5 8,5 12,6 12
1 3 5 6 7 8 12 13,0.0278114,21.3333,Yes,N/A,N/A,3,1 3,5,6,7,8,1 8,3 7,5 6,12,13,1 13,7 8,3 13,5 12,5 13
1 3 5 6 7 8 11,0.0622035,11.7361,Yes,N/A,N/A,3,1 3,5,6,7,8,1 8,3 7,11,1 11,5 8,6 8,7 8,5 11,6 11,7 11
3 5 6 7 8 11,0.0341083,18.0139,Yes,N/A,N/A,3,N/A,5,6,7,8,3 6,3 7,11,5 7,5 8,3 11,7 8,5 11,6 11,7 11
1 3 5 6 7 8 11 13,0.0307522,19.6157,Yes,N/A,N/A,3,1 3,5,6,7,8,1 8,3 7,11,1 11,13,1 13,7 8,5 11,6 11,5 13
3 5 6 7 8 12 13,0.0126785,28.4769,Yes,N/A,N/A,3,N/A,5,6,7,8,3 6,3 7,5 6,12,13,6 8,7 8,3 13,5 12,5 13
1 3 5 6 7 8 11 12,0.0374339,17.8056,Yes,N/A,N/A,3,1 3,5,6,7,8,1 8,3 7,11,12,1 12,6 8,7 8,5 11,5 12,6 12
3 5 6 7 8 11 13,0.0142809,27.5509,Yes,N/A,N/A,3,N/A,5,6,7,8,3 6,3 7,11,5 7,13,6 8,7 8,5 11,6 11,5 13
3 5 6 7 8 11 12,0.0189972,24.5324,Yes,N/A,N/A,3,N/A,5,6,7,8,3 6,3 7,11,12,5 8,3 11,3 12,5 11,5 12,6 12
1 3 5 6 7 8 11 12 13,0.0204801,25.5324,Yes,N/A,N/A,3,1 3,5,6,7,8,1 8,3 7,11,12,13,1 13,7 8,5 11,5 12,5 13
1 3 5 6 7 8 10,0.0715849,10.1759,Yes,N/A,N/A,3,1 3,5,6,7,8,1 8,10,1 10,5 7,6 7,6 8,5 10,6 10,7 10,8 10
3 5 6 7 8 10,0.0434485,15.7963,Yes,N/A,N/A,3,N/A,5,6,7,8,3 6,10,3 8,5 7,3 10,6 8,5 10,6 10,7 10,8 10
1 3 5 6 7 8 10 13,0.0370755,17.662,Yes,N/A,N/A,3,1 3,5,6,7,8,3 6,10,1 10,5 7,13,1 13,7 8,3 13,7 10,5 13
1 3 5 6 7 8 10 12,0.0437511,15.7917,Yes,N/A,N/A,3,1 3,5,6,7,8,1 8,10,1 10,12,1 12,6 8,3 12,6 10,5 12,6 12
3 5 6 7 8 10 13,0.0172288,25.4398,Yes,N/A,N/A,3,N/A,5,6,7,8,3 6,10,3 8,5 7,13,6 8,5 10,3 13,7 10,5 13
3 5 6 7 8 10 12,0.0213726,23.5185,Yes,N/A,N/A,3,N/A,5,6,7,8,3 6,10,3 8,12,3 10,6 8,5 10,6 10,5 12,8 10
1 3 5 6 7 8 10 12 13,0.0243194,23.0046,Yes,N/A,N/A,3,1 3,5,6,7,8,3 6,10,1 10,12,13,1 13,3 12,3 13,5 12,5 13
3 5 6 7 8 11 12 13,0.00907182,33.8287,Yes,N/A,N/A,3,N/A,5,6,7,8,3 6,3 7,11,12,13,6 8,7 8,5 11,5 12,5 13
1 3 5 6 7 8 10 11,0.0517985,14.088,Yes,N/A,N/A,3,1 3,5,6,7,8,1 8,10,11,1 11,5 8,3 11,5 10,6 10,6 11,7 11
3 5 6 7 8 10 11,0.0261489,21.5509,Yes,N/A,N/A,3,N/A,5,6,7,8,3 6,10,11,5 7,3 10,3 11,5 10,5 11,6 11,8 10
1 3 5 6 7 8 10 11 13,0.0287501,21.1019,Yes,N/A,N/A,3,1 3,5,6,7,8,3 6,10,11,5 7,13,1 13,5 10,3 13,6 11,5 13
3 5 6 7 8 10 12 13,0.0104436,32.3241,Yes,N/A,N/A,3,N/A,5,6,7,8,3 6,10,5 6,12,13,6 8,5 10,3 13,5 12,5 13
1 3 5 6 7 8 10 11 12,0.0336836,19.1713,Yes,N/A,N/A,3,1 3,5,6,7,8,1 8,10,11,12,1 12,3 11,3 12,5 11,5 12,6 12
3 5 6 7 8 10 11 13,0.0122727,30.5,Yes,N/A,N/A,3,N/A,5,6,7,8,3 6,10,11,5 7,13,3 11,5 10,3 13,6 11,8 10
3 5 6 7 8 10 11 12,0.0158443,27.4074,Yes,N/A,N/A,3,N/A,5,6,7,8,3 6,10,11,12,5 8,3 11,5 10,5 11,5 12,8 10
1 3 5 6 7 8 10 11 12 13,0.0204714,25.9398,Yes,N/A,N/A,3,1 3,5,6,7,8,3 6,10,11,12,13,1 13,3 12,3 13,5 12,5 13
3 5 6 7 9 10 11 12 13,0.00818069,35.8611,Yes,N/A,N/A,3,N/A,5,6,7,3 5,9,10,11,12,13,3 11,3 12,6 10,5 12,6 12
1 3 5 6 7 8 9,0.0795236,9.23611,Yes,N/A,N/A,3,1 3,5,6,7,8,9,1 9,3 8,5 7,5 8,5 9,6 9,7 9,8 9,1 8 9
3 5 6 7 8 9,0.0507786,14.3796,Yes,N/A,N/A,3,N/A,5,6,7,8,9,3 7,3 8,3 9,6 7,5 9,6 9,7 9,8 9,3 6 9
1 3 5 6 7 8 9 13,0.0411023,16.463,Yes,N/A,N/A,3,1 3,5,6,7,8,9,1 9,3 8,5 7,13,1 13,6 9,3 13,8 9,5 13
1 3 5 6 7 8 9 12,0.0499031,14.6898,Yes,N/A,N/A,3,1 3,5,6,7,8,9,3 7,3 8,12,1 12,5 9,3 12,7 9,5 12,6 12
3 5 6 7 8 9 13,0.020792,23.2963,Yes,N/A,N/A,3,N/A,5,6,7,8,9,3 7,5 6,5 7,13,5 9,7 8,3 13,8 9,5 13
3 5 6 7 8 9 12,0.0259278,21.5926,Yes,N/A,N/A,3,N/A,5,6,7,8,9,3 7,3 8,12,6 7,5 9,3 12,7 9,5 12,6 12
1 3 5 6 7 8 9 12 13,0.0273333,22.0972,Yes,N/A,N/A,3,1 3,5,6,7,8,9,1 9,5 6,12,13,1 13,3 12,3 13,5 12,5 13
1 3 5 6 7 8 9 11,0.0573126,13.0787,Yes,N/A,N/A,3,1 3,5,6,7,8,9,3 7,11,1 11,5 8,3 11,6 9,5 11,6 11,7 11
3 5 6 7 8 9 11,0.0297138,20.3287,Yes,N/A,N/A,3,N/A,5,6,7,8,9,3 7,11,3 9,5 8,3 11,6 9,5 11,6 11,7 11
1 3 5 6 7 8 9 11 13,0.0307801,20.1435,Yes,N/A,N/A,3,1 3,5,6,7,8,9,3 7,11,1 11,13,1 13,6 9,3 13,6 11,5 13
3 5 6 7 8 9 12 13,0.012473,29.6574,Yes,N/A,N/A,3,N/A,5,6,7,8,9,3 7,5 6,12,13,5 9,3 12,3 13,5 12,5 13
1 3 5 6 7 8 9 11 12,0.0371433,18.25,Yes,N/A,N/A,3,1 3,5,6,7,8,9,1 9,11,12,1 12,5 9,3 12,5 11,5 12,6 12
3 5 6 7 8 9 11 13,0.0140894,29,Yes,N/A,N/A,3,N/A,5,6,7,8,9,3 7,11,5 7,13,6 8,6 9,5 11,6 11,5 13
3 5 6 7 8 9 11 12,0.0177472,26.3009,Yes,N/A,N/A,3,N/A,5,6,7,8,9,3 7,11,12,5 8,5 9,3 12,5 11,5 12,6 12
1 3 5 6 7 8 9 11 12 13,0.021996,25.0231,Yes,N/A,N/A,3,1 3,5,6,7,8,9,1 9,11,12,13,1 13,3 12,3 13,5 12,5 13
3 5 6 7 8 10 11 12 13,0.00850049,35.7917,Yes,N/A,N/A,3,N/A,5,6,7,8,3 6,10,11,12,13,3 11,5 10,5 11,5 12,5 13
1 3 5 6 7 8 9 10,0.0641648,11.7407,Yes,N/A,N/A,3,1 3,5,6,7,8,9,10,1 10,3 9,3 10,6 8,5 10,6 10,7 10,8 10
3 5 6 7 8 9 10,0.0361637,17.5833,Yes,N/A,N/A,3,N/A,5,6,7,8,9,10,3 8,3 9,6 7,5 9,5 10,6 10,8 9,8 10
1 3 5 6 7 8 9 10 13,0.0350888,18.4444,Yes,N/A,N/A,3,1 3,5,6,7,8,9,10,1 10,3 9,13,1 13,6 9,3 13,7 10,5 13
1 3 5 6 7 8 9 10 12,0.0422037,16.3333,Yes,N/A,N/A,3,1 3,5,6,7,8,9,10,1 10,12,1 12,5 9,3 12,7 9,5 12,6 12
3 5 6 7 8 9 10 13,0.0165643,26.3148,Yes,N/A,N/A,3,N/A,5,6,7,8,9,10,3 8,5 7,13,5 9,5 10,3 13,8 9,5 13
3 5 6 7 8 9 10 12,0.0209181,24.0787,Yes,N/A,N/A,3,N/A,5,6,7,8,9,10,3 8,12,6 7,5 9,3 12,6 10,5 12,6 12
1 3 5 6 7 8 9 10 12 13,0.0251207,22.9074,Yes,N/A,N/A,3,1 3,5,6,7,8,9,10,1 10,12,13,1 13,3 12,3 13,5 12,5 13
3 5 6 7 8 9 11 12 13,0.00959005,34.0926,Yes,N/A,N/A,3,N/A,5,6,7,8,9,3 7,11,12,13,5 9,3 12,5 11,5 12,5 13
1 3 5 6 7 8 9 10 11,0.0484136,14.7963,Yes,N/A,N/A,3,1 3,5,6,7,8,9,10,11,1 11,3 10,6 8,5 10,6 10,6 11,7 11
3 5 6 7 8 9 10 11,0.0246301,22.4722,Yes,N/A,N/A,3,N/A,5,6,7,8,9,10,11,5 7,6 7,3 11,5 10,5 11,6 11,8 10
1 3 5 6 7 8 9 10 11 13,0.02875,21.1157,Yes,N/A,N/A,3,1 3,5,6,7,8,9,10,11,1 11,13,1 13,5 10,3 13,6 11,5 13
3 5 6 7 8 9 10 12 13,0.0110404,31.9861,Yes,N/A,N/A,3,N/A,5,6,7,8,9,10,3 8,12,13,5 9,3 12,3 13,5 12,5 13
1 3 5 6 7 8 9 10 11 12,0.0343246,18.963,Yes,N/A,N/A,3,1 3,5,6,7,8,9,10,11,12,1 12,3 11,3 12,5 11,6 11,6 12
3 5 6 7 8 9 10 11 13,0.012964,30.2407,Yes,N/A,N/A,3,N/A,5,6,7,8,9,10,11,5 7,13,3 11,5 10,3 13,6 11,5 13
3 5 6 7 8 9 10 11 12,0.0161829,27.787,Yes,N/A,N/A,3,N/A,5,6,7,8,9,10,11,12,6 7,3 11,3 12,5 11,5 12,6 12
1 3 5 6 7 8 9 10 11 12 13,0.0224989,24.4259,Yes,N/A,N/A,3,1 3,5,6,7,8,9,10,11,12,13,1 13,3 12,3 13,6 11,5 13
4 5 6 7 8 9 10 11 12 13,0.00835519,36.088,Yes,N/A,N/A,N/A,4,5,6,7,8,9,10,11,12,13,5 9,4 11,4 12,4 13,5 13
1 3 4,0.109268,6.41204,Yes,N/A,N/A,3,4,1 4,N/A,3 4,1 3 4,N/A,N/A,N/A,N/A,N/A,N/A,N/A,N/A,N/A,N/A
3 4,0.069573,6.42593,Yes,N/A,N/A,3,4,N/A,N/A,3 4,N/A,N/A,N/A,N/A,N/A,N/A,N/A,N/A,N/A,N/A,N/A
1 3 4 13,0.0330861,15.6852,Yes,N/A,N/A,3,4,1 4,N/A,3 4,1 3 4,N/A,N/A,N/A,N/A,13,1 13,N/A,3 13,4 13,1 4 13
1 3 4 12,0.0426181,13.5093,Yes,N/A,N/A,3,4,1 4,N/A,3 4,1 3 4,N/A,N/A,N/A,12,1 12,N/A,3 12,4 12,1 4 12,N/A
3 4 13,0.0144408,17.1852,Yes,N/A,N/A,3,4,N/A,N/A,3 4,N/A,N/A,N/A,N/A,N/A,13,N/A,N/A,3 13,4 13,N/A
3 4 12,0.017663,15.5324,Yes,N/A,N/A,3,4,N/A,N/A,3 4,N/A,N/A,N/A,N/A,12,N/A,N/A,3 12,4 12,N/A,N/A
1 3 4 12 13,0.0164142,23.412,Yes,N/A,N/A,3,4,1 4,N/A,3 4,1 3 4,N/A,N/A,N/A,12,13,1 13,3 12,3 13,4 13,1 4 13
1 3 4 11,0.0500614,11.4769,Yes,N/A,N/A,3,4,1 4,N/A,3 4,1 3 4,N/A,N/A,11,1 11,N/A,3 11,4 11,1 4 11,N/A,3 4 11
3 4 11,0.0243966,13.8843,Yes,N/A,N/A,3,4,N/A,N/A,3 4,N/A,N/A,N/A,11,N/A,N/A,3 11,4 11,N/A,N/A,3 4 11
1 3 4 11 13,0.0223446,20.2593,Yes,N/A,N/A,3,4,1 4,N/A,3 4,1 3 4,N/A,N/A,11,1 11,13,1 13,4 11,3 13,4 13,1 4 13
3 4 12 13,0.00750122,26.0926,Yes,N/A,N/A,3,4,N/A,N/A,3 4,N/A,N/A,N/A,N/A,12,13,N/A,3 12,3 13,4 13,N/A
1 3 4 11 12,0.0280377,19.0139,Yes,N/A,N/A,3,4,1 4,N/A,3 4,1 3 4,N/A,N/A,11,12,1 12,3 11,3 12,4 12,1 4 12,3 4 11
3 4 11 13,0.0115089,23.7778,Yes,N/A,N/A,3,4,N/A,N/A,3 4,N/A,N/A,N/A,11,N/A,13,3 11,4 11,3 13,4 13,3 4 11
3 4 11 12,0.0144713,22.5833,Yes,N/A,N/A,3,4,N/A,N/A,3 4,N/A,N/A,N/A,11,12,N/A,3 11,3 12,4 12,N/A,3 4 11
1 3 4 11 12 13,0.0132245,29.2963,Yes,N/A,N/A,3,4,1 4,N/A,3 4,1 3 4,N/A,N/A,11,12,13,1 13,3 12,4 12,4 13,1 4 13
1 3 4 10,0.0600459,9.45833,Yes,N/A,N/A,3,4,1 4,N/A,3 4,1 3 4,N/A,10,1 10,N/A,3 10,4 10,1 4 10,N/A,3 4 10,1 3 4 10
3 4 10,0.0346418,12.2361,Yes,N/A,N/A,3,4,N/A,N/A,3 4,N/A,N/A,10,N/A,N/A,3 10,4 10,N/A,N/A,3 4 10,N/A
1 3 4 10 13,0.0256443,19.5648,Yes,N/A,N/A,3,4,1 4,N/A,3 4,1 3 4,N/A,10,1 10,N/A,13,1 13,1 4 10,3 13,4 13,1 4 13
1 3 4 10 12,0.0369155,15.8889,Yes,N/A,N/A,3,4,1 4,N/A,3 4,1 3 4,N/A,10,1 10,12,1 12,4 10,3 12,4 12,1 4 12,1 3 4 10
3 4 10 13,0.01256,23.8657,Yes,N/A,N/A,3,4,N/A,N/A,3 4,N/A,N/A,10,N/A,N/A,13,4 10,N/A,3 13,4 13,N/A
3 4 10 12,0.0228365,19.9769,Yes,N/A,N/A,3,4,N/A,N/A,3 4,N/A,N/A,10,N/A,12,3 10,4 10,3 12,4 12,3 4 10,N/A
1 3 4 10 12 13,0.0170647,25.6944,Yes,N/A,N/A,3,4,1 4,N/A,3 4,1 3 4,N/A,10,1 10,12,13,1 13,3 12,3 13,4 13,1 4 13
3 4 11 12 13,0.0067477,32.1343,Yes,N/A,N/A,3,4,N/A,N/A,3 4,N/A,N/A,N/A,11,12,13,3 11,3 12,3 13,4 13,3 4 11
1 3 4 10 11,0.0452498,14.7824,Yes,N/A,N/A,3,4,1 4,N/A,3 4,1 3 4,N/A,10,11,1 11,3 10,3 11,4 11,1 4 11,3 4 10,3 4 11
3 4 10 11,0.0270464,19.2546,Yes,N/A,N/A,3,4,N/A,N/A,3 4,N/A,N/A,10,11,N/A,3 10,3 11,4 11,N/A,3 4 10,3 4 11
1 3 4 10 11 13,0.0203406,24.4676,Yes,N/A,N/A,3,4,1 4,N/A,3 4,1 3 4,N/A,10,11,1 11,13,1 13,4 11,3 13,4 13,1 4 13
3 4 10 12 13,0.00844259,31.2685,Yes,N/A,N/A,3,4,N/A,N/A,3 4,N/A,N/A,10,N/A,12,13,4 10,3 12,3 13,4 13,N/A
1 3 4 10 11 12,0.0274232,22.5278,Yes,N/A,N/A,3,4,1 4,N/A,3 4,1 3 4,N/A,10,11,12,1 12,3 11,4 11,4 12,1 4 12,3 4 11
3 4 10 11 13,0.0100377,30.0093,Yes,N/A,N/A,3,4,N/A,N/A,3 4,N/A,N/A,10,11,N/A,13,3 11,4 11,3 13,4 13,3 4 11
3 4 10 11 12,0.0154945,26.412,Yes,N/A,N/A,3,4,N/A,N/A,3 4,N/A,N/A,10,11,12,3 10,3 11,3 12,4 12,3 4 10,3 4 11
1 3 4 10 11 12 13,0.0134591,32.3009,Yes,N/A,N/A,3,4,1 4,N/A,3 4,1 3 4,N/A,10,11,12,13,1 13,3 12,3 13,4 13,1 4 13
1 3 4 9,0.0717354,7.66667,Yes,N/A,N/A,3,4,1 4,N/A,3 4,1 3 4,9,1 9,N/A,3 9,4 9,1 4 9,N/A,3 4 9,1 3 4 9,N/A
3 4 9,0.0480128,10.7824,Yes,N/A,N/A,3,4,N/A,N/A,3 4,N/A,9,N/A,N/A,3 9,4 9,N/A,N/A,3 4 9,N/A,N/A
1 3 4 9 13,0.0292984,17.6574,Yes,N/A,N/A,3,4,1 4,N/A,3 4,1 3 4,9,1 9,N/A,3 9,13,1 13,N/A,3 13,4 13,1 4 13
1 3 4 9 12,0.0408462,15.4306,Yes,N/A,N/A,3,4,1 4,N/A,3 4,1 3 4,9,1 9,N/A,12,1 12,1 4 9,3 12,4 12,1 4 12,N/A
3 4 9 13,0.0147038,22.4861,Yes,N/A,N/A,3,4,N/A,N/A,3 4,N/A,9,N/A,N/A,3 9,13,N/A,N/A,3 13,4 13,N/A
3 4 9 12,0.022441,20.6481,Yes,N/A,N/A,3,4,N/A,N/A,3 4,N/A,9,N/A,N/A,12,4 9,N/A,3 12,4 12,N/A,N/A
1 3 4 9 12 13,0.0174699,25.5556,Yes,N/A,N/A,3,4,1 4,N/A,3 4,1 3 4,9,1 9,N/A,12,13,1 13,3 12,3 13,4 13,1 4 13
1 3 4 9 11,0.0571524,11.8241,Yes,N/A,N/A,3,4,1 4,N/A,3 4,1 3 4,9,1 9,11,1 11,4 9,3 11,4 11,1 4 11,1 3 4 9,3 4 11
3 4 9 11,0.0406483,16.4815,Yes,N/A,N/A,3,4,N/A,N/A,3 4,N/A,9,N/A,11,3 9,4 9,3 11,4 11,3 4 9,N/A,3 4 11
1 3 4 9 11 13,0.027174,20.5694,Yes,N/A,N/A,3,4,1 4,N/A,3 4,1 3 4,9,1 9,11,3 9,13,1 13,4 11,3 13,4 13,1 4 13
3 4 9 12 13,0.00726088,32.2083,Yes,N/A,N/A,3,4,N/A,N/A,3 4,N/A,9,N/A,N/A,12,13,N/A,3 12,3 13,4 13,N/A
1 3 4 9 11 12,0.0336061,19.25,Yes,N/A,N/A,3,4,1 4,N/A,3 4,1 3 4,9,1 9,11,12,1 12,3 11,3 12,4 12,1 4 12,3 4 11
3 4 9 11 13,0.0135657,27.2037,Yes,N/A,N/A,3,4,N/A,N/A,3 4,N/A,9,N/A,11,3 9,13,3 11,4 11,3 13,4 13,3 4 11
3 4 9 11 12,0.0180349,26.0231,Yes,N/A,N/A,3,4,N/A,N/A,3 4,N/A,9,N/A,11,12,4 9,3 11,3 12,4 12,N/A,3 4 11
1 3 4 9 11 12 13,0.0162586,28.4583,Yes,N/A,N/A,3,4,1 4,N/A,3 4,1 3 4,9,1 9,11,12,13,1 13,3 12,3 13,4 13,3 4 11
3 4 10 11 12 13,0.00686783,37.0139,Yes,N/A,N/A,3,4,N/A,N/A,3 4,N/A,N/A,10,11,12,13,4 10,3 12,3 13,4 13,3 4 11
1 3 4 9 10,0.0687215,10.8519,Yes,N/A,N/A,3,4,1 4,N/A,3 4,1 3 4,9,10,1 10,3 9,3 10,4 10,1 4 10,3 4 9,3 4 10,1 3 4 10
3 4 9 10,0.0443289,16.2546,Yes,N/A,N/A,3,4,N/A,N/A,3 4,N/A,9,10,N/A,3 9,3 10,4 10,N/A,3 4 9,3 4 10,N/A
1 3 4 9 10 13,0.0286363,20.338,Yes,N/A,N/A,3,4,1 4,N/A,3 4,1 3 4,9,10,1 10,3 9,13,1 13,1 4 10,3 13,4 13,1 4 13
1 3 4 9 10 12,0.0375362,18.1481,Yes,N/A,N/A,3,4,1 4,N/A,3 4,1 3 4,9,10,1 10,12,1 12,4 10,3 12,4 12,1 4 12,1 3 4 10
3 4 9 10 13,0.0144201,27.5093,Yes,N/A,N/A,3,4,N/A,N/A,3 4,N/A,9,10,N/A,3 9,13,4 10,N/A,3 13,4 13,N/A
3 4 9 10 12,0.0199514,24.9444,Yes,N/A,N/A,3,4,N/A,N/A,3 4,N/A,9,10,N/A,12,3 10,4 10,3 12,4 12,3 4 10,N/A
1 3 4 9 10 12 13,0.0174107,27.5602,Yes,N/A,N/A,3,4,1 4,N/A,3 4,1 3 4,9,10,1 10,12,13,1 13,3 12,3 13,4 13,1 4 13
3 4 9 11 12 13,0.00693167,36.7824,Yes,N/A,N/A,3,4,N/A,N/A,3 4,N/A,9,N/A,11,12,13,3 11,3 12,4 12,4 13,3 4 11
1 3 4 9 10 11,0.0482395,16.2546,Yes,N/A,N/A,3,4,1 4,N/A,3 4,1 3 4,9,10,11,1 11,3 10,4 10,4 11,1 4 11,3 4 10,3 4 11
3 4 9 10 11,0.0286657,21.2963,Yes,N/A,N/A,3,4,N/A,N/A,3 4,N/A,9,10,11,3 9,3 10,3 11,4 11,3 4 9,3 4 10,3 4 11
1 3 4 9 10 11 13,0.0233479,25.088,Yes,N/A,N/A,3,4,1 4,N/A,3 4,1 3 4,9,10,11,3 9,13,1 13,4 11,3 13,4 13,1 4 13
3 4 9 10 12 13,0.00769817,36.0324,Yes,N/A,N/A,3,4,N/A,N/A,3 4,N/A,9,10,N/A,12,13,4 10,3 12,3 13,4 13,N/A
1 3 4 9 10 11 12,0.028437,23.4676,Yes,N/A,N/A,3,4,1 4,N/A,3 4,1 3 4,9,10,11,12,1 12,3 11,3 12,4 12,1 4 12,3 4 11
3 4 9 10 11 13,0.0117826,31.375,Yes,N/A,N/A,3,4,N/A,N/A,3 4,N/A,9,10,11,3 9,13,4 10,4 11,3 13,4 13,3 4 11
3 4 9 10 11 12,0.0152519,29.4028,Yes,N/A,N/A,3,4,N/A,N/A,3 4,N/A,9,10,11,12,4 9,3 11,3 12,4 12,3 4 10,3 4 11
1 3 4 9 10 11 12 13,0.0150624,32.0972,Yes,N/A,N/A,3,4,1 4,N/A,3 4,1 3 4,9,10,11,12,13,1 13,3 12,3 13,4 13,1 4 13
1 3 4 8,0.0752708,7.29167,Yes,N/A,N/A,3,4,1 4,N/A,3 4,8,1 8,N/A,3 8,4 8,1 4 8,N/A,3 4 8,1 3 4 8,N/A,N/A
3 4 8,0.0643808,9.74537,Yes,N/A,N/A,3,4,N/A,N/A,3 4,8,N/A,N/A,3 8,4 8,N/A,N/A,3 4 8,N/A,N/A,N/A
1 3 4 8 13,0.0355441,15.7778,Yes,N/A,N/A,3,4,1 4,N/A,3 4,8,1 8,N/A,3 8,4 8,13,1 13,3 4 8,3 13,4 13,1 4 13
1 3 4 8 12,0.0416805,15.5694,Yes,N/A,N/A,3,4,1 4,N/A,3 4,8,1 8,N/A,3 8,12,1 12,N/A,3 12,4 12,1 4 12,N/A
3 4 8 13,0.0244452,19.3889,Yes,N/A,N/A,3,4,N/A,N/A,3 4,8,N/A,N/A,3 8,4 8,13,N/A,3 4 8,3 13,4 13,N/A
3 4 8 12,0.0242089,19.7731,Yes,N/A,N/A,3,4,N/A,N/A,3 4,8,N/A,N/A,3 8,12,N/A,N/A,3 12,4 12,N/A,N/A
1 3 4 8 12 13,0.0200425,24.3056,Yes,N/A,N/A,3,4,1 4,N/A,3 4,8,1 8,N/A,3 8,12,13,1 13,3 12,4 12,4 13,1 4 13
1 3 4 8 11,0.0565502,13.3102,Yes,N/A,N/A,3,4,1 4,N/A,3 4,8,1 8,N/A,11,1 11,1 4 8,3 11,4 11,1 4 11,N/A,3 4 11
3 4 8 11,0.0353724,17.9259,Yes,N/A,N/A,3,4,N/A,N/A,3 4,8,N/A,N/A,11,4 8,N/A,3 11,4 11,N/A,N/A,3 4 11
1 3 4 8 11 13,0.026305,22.1204,Yes,N/A,N/A,3,4,1 4,N/A,3 4,8,1 8,N/A,11,1 11,13,1 13,4 11,3 13,4 13,3 4 11
3 4 8 12 13,0.0103423,29.2824,Yes,N/A,N/A,3,4,N/A,N/A,3 4,8,N/A,N/A,3 8,12,13,N/A,3 12,4 12,4 13,N/A
1 3 4 8 11 12,0.0299703,21.3611,Yes,N/A,N/A,3,4,1 4,N/A,3 4,8,1 8,N/A,11,12,1 12,3 11,3 12,4 12,1 4 12,3 4 11
3 4 8 11 13,0.0154885,26.5509,Yes,N/A,N/A,3,4,N/A,N/A,3 4,8,N/A,N/A,11,4 8,13,3 11,4 11,3 13,4 13,3 4 11
3 4 8 11 12,0.0134483,27.7176,Yes,N/A,N/A,3,4,N/A,N/A,3 4,8,N/A,N/A,11,12,N/A,3 11,3 12,4 12,N/A,3 4 11
1 3 4 8 11 12 13,0.0150214,30.8241,Yes,N/A,N/A,3,4,1 4,N/A,3 4,8,1 8,N/A,11,12,13,1 13,3 12,4 12,4 13,1 4 13
1 3 4 8 10,0.0784589,9.73148,Yes,N/A,N/A,3,4,1 4,N/A,3 4,8,1 8,10,1 10,4 8,3 10,4 10,1 4 10,1 3 4 8,3 4 10,8 10
3 4 8 10,0.0625473,13.5139,Yes,N/A,N/A,3,4,N/A,N/A,3 4,8,N/A,10,3 8,4 8,3 10,4 10,3 4 8,N/A,3 4 10,8 10
1 3 4 8 10 13,0.0352813,18.5231,Yes,N/A,N/A,3,4,1 4,N/A,3 4,8,1 8,10,1 10,4 8,13,1 13,3 4 8,3 13,4 13,8 10
1 3 4 8 10 12,0.0471559,16.0139,Yes,N/A,N/A,3,4,1 4,N/A,3 4,8,1 8,10,3 8,12,1 12,4 10,3 12,4 12,1 4 12,8 10
3 4 8 10 13,0.0205468,23.6481,Yes,N/A,N/A,3,4,N/A,N/A,3 4,8,N/A,10,3 8,4 8,13,4 10,3 4 8,3 13,4 13,8 10
3 4 8 10 12,0.0249198,22.0139,Yes,N/A,N/A,3,4,N/A,N/A,3 4,8,N/A,10,3 8,12,3 10,4 10,3 12,4 12,3 4 10,8 10
1 3 4 8 10 12 13,0.0220019,25.1389,Yes,N/A,N/A,3,4,1 4,N/A,3 4,8,1 8,10,3 8,12,13,1 13,3 12,3 13,4 13,8 10
3 4 8 11 12 13,0.00694947,36.2546,Yes,N/A,N/A,3,4,N/A,N/A,3 4,8,N/A,N/A,11,12,13,3 11,3 12,3 13,4 13,3 4 11
1 3 4 8 10 11,0.0536464,15.2407,Yes,N/A,N/A,3,4,1 4,N/A,3 4,8,1 8,10,11,1 11,3 10,3 11,4 11,1 4 11,3 4 10,8 10
3 4 8 10 11,0.0304144,21.3472,Yes,N/A,N/A,3,4,N/A,N/A,3 4,8,N/A,10,11,4 8,3 10,3 11,4 11,N/A,3 4 10,8 10
1 3 4 8 10 11 13,0.0256468,23.7546,Yes,N/A,N/A,3,4,1 4,N/A,3 4,8,1 8,10,11,1 11,13,3 11,4 11,3 13,4 13,8 10
3 4 8 10 12 13,0.0105815,32.1019,Yes,N/A,N/A,3,4,N/A,N/A,3 4,8,N/A,10,3 8,12,13,4 10,3 12,3 13,4 13,8 10
1 3 4 8 10 11 12,0.0311827,22.0926,Yes,N/A,N/A,3,4,1 4,N/A,3 4,8,1 8,10,11,12,1 12,3 11,3 12,4 12,1 4 12,8 10
3 4 8 10 11 13,0.0126694,30.7963,Yes,N/A,N/A,3,4,N/A,N/A,3 4,8,N/A,10,11,4 8,13,3 11,4 11,3 13,4 13,8 10
3 4 8 10 11 12,0.0138761,29.75,Yes,N/A,N/A,3,4,N/A,N/A,3 4,8,N/A,10,11,12,3 10,3 11,3 12,4 12,3 4 10,8 10
1 3 4 8 10 11 12 13,0.0165919,30.5602,Yes,N/A,N/A,3,4,1 4,N/A,3 4,8,1 8,10,11,12,13,3 11,3 12,3 13,4 13,8 10
3 4 9 10 11 12 13,0.00698169,39.6204,Yes,N/A,N/A,3,4,N/A,N/A,3 4,N/A,9,10,11,12,13,4 10,3 12,3 13,4 13,3 4 11
1 3 4 8 9,0.0912406,8.85185,Yes,N/A,N/A,3,4,1 4,N/A,3 4,8,9,1 9,3 8,3 9,4 9,1 4 9,3 4 8,3 4 9,8 9,1 8 9
3 4 8 9,0.0631137,13.4769,Yes,N/A,N/A,3,4,N/A,N/A,3 4,8,9,N/A,3 8,3 9,4 9,N/A,3 4 8,3 4 9,8 9,N/A
1 3 4 8 9 13,0.0393108,17.6157,Yes,N/A,N/A,3,4,1 4,N/A,3 4,8,9,1 9,3 8,4 8,13,1 13,3 4 8,3 13,4 13,1 4 13
1 3 4 8 9 12,0.0462467,16.2361,Yes,N/A,N/A,3,4,1 4,N/A,3 4,8,9,1 9,3 8,12,1 12,1 4 9,3 12,4 12,8 9,1 8 9
3 4 8 9 13,0.0191195,24.4444,Yes,N/A,N/A,3,4,N/A,N/A,3 4,8,9,N/A,3 8,3 9,13,N/A,3 4 8,3 13,4 13,N/A
3 4 8 9 12,0.0247175,22.9167,Yes,N/A,N/A,3,4,N/A,N/A,3 4,8,9,N/A,3 8,12,4 9,N/A,3 12,4 12,8 9,N/A
1 3 4 8 9 12 13,0.0221667,25.2315,Yes,N/A,N/A,3,4,1 4,N/A,3 4,8,9,1 9,3 8,12,13,1 13,3 12,4 12,4 13,1 4 13
1 3 4 8 9 11,0.0562633,14.4861,Yes,N/A,N/A,3,4,1 4,N/A,3 4,8,9,1 9,11,1 11,4 9,3 11,4 11,1 4 11,8 9,3 4 11
3 4 8 9 11,0.0313748,20.2176,Yes,N/A,N/A,3,4,N/A,N/A,3 4,8,9,N/A,11,3 9,4 9,3 11,4 11,3 4 9,8 9,3 4 11
1 3 4 8 9 11 13,0.0290317,22.2917,Yes,N/A,N/A,3,4,1 4,N/A,3 4,8,9,1 9,11,4 8,13,1 13,4 11,3 13,4 13,1 4 13
3 4 8 9 12 13,0.00908437,33.9259,Yes,N/A,N/A,3,4,N/A,N/A,3 4,8,9,N/A,3 8,12,13,N/A,3 12,4 12,4 13,N/A
1 3 4 8 9 11 12,0.0313967,21.7546,Yes,N/A,N/A,3,4,1 4,N/A,3 4,8,9,1 9,11,12,1 12,3 11,3 12,4 12,8 9,3 4 11
3 4 8 9 11 13,0.0134415,30.0602,Yes,N/A,N/A,3,4,N/A,N/A,3 4,8,9,N/A,11,4 8,13,3 11,4 11,3 13,4 13,3 4 11
3 4 8 9 11 12,0.0147409,29.1944,Yes,N/A,N/A,3,4,N/A,N/A,3 4,8,9,N/A,11,12,4 9,3 11,3 12,4 12,8 9,3 4 11
1 3 4 8 9 11 12 13,0.0172797,29.7731,Yes,N/A,N/A,3,4,1 4,N/A,3 4,8,9,1 9,11,12,13,1 13,3 12,3 13,4 13,3 4 11
3 4 8 10 11 12 13,0.00714061,39.0926,Yes,N/A,N/A,3,4,N/A,N/A,3 4,8,N/A,10,11,12,13,4 10,3 12,3 13,4 13,8 10
1 3 4 8 9 10,0.0688216,12.8148,Yes,N/A,N/A,3,4,1 4,N/A,3 4,8,9,10,1 10,3 9,4 9,4 10,1 4 10,3 4 9,8 9,8 10
3 4 8 9 10,0.0430911,16.75,Yes,N/A,N/A,3,4,N/A,N/A,3 4,8,9,10,3 8,4 8,3 10,4 10,3 4 8,3 4 9,8 9,8 10
1 3 4 8 9 10 13,0.0322106,21.0509,Yes,N/A,N/A,3,4,1 4,N/A,3 4,8,9,10,1 10,3 9,13,1 13,1 4 10,3 13,4 13,8 10
1 3 4 8 9 10 12,0.0408066,19.0139,Yes,N/A,N/A,3,4,1 4,N/A,3 4,8,9,10,3 8,12,1 12,4 10,3 12,4 12,8 9,8 10
3 4 8 9 10 13,0.0165363,26.5694,Yes,N/A,N/A,3,4,N/A,N/A,3 4,8,9,10,3 8,3 9,13,4 10,3 4 8,3 13,4 13,8 10
3 4 8 9 10 12,0.021431,24.4074,Yes,N/A,N/A,3,4,N/A,N/A,3 4,8,9,10,3 8,12,4 9,4 10,3 12,4 12,8 9,8 10
1 3 4 8 9 10 12 13,0.0209301,27.5602,Yes,N/A,N/A,3,4,1 4,N/A,3 4,8,9,10,3 8,12,13,1 13,3 12,3 13,4 13,8 10
3 4 8 9 11 12 13,0.00693519,39.2454,Yes,N/A,N/A,3,4,N/A,N/A,3 4,8,9,N/A,11,12,13,3 11,3 12,3 13,4 13,3 4 11
1 3 4 8 9 10 11,0.0457717,17.7778,Yes,N/A,N/A,3,4,1 4,N/A,3 4,8,9,10,11,1 11,3 10,3 11,4 11,1 4 11,8 9,8 10
3 4 8 9 10 11,0.0254,22.8287,Yes,N/A,N/A,3,4,N/A,N/A,3 4,8,9,10,11,4 8,3 10,3 11,4 11,3 4 9,8 9,8 10
1 3 4 8 9 10 11 13,0.024717,25.3981,Yes,N/A,N/A,3,4,1 4,N/A,3 4,8,9,10,11,1 11,13,1 13,4 11,3 13,4 13,8 10
3 4 8 9 10 12 13,0.00957208,34.3333,Yes,N/A,N/A,3,4,N/A,N/A,3 4,8,9,10,3 8,12,13,4 10,3 12,4 12,4 13,8 10
1 3 4 8 9 10 11 12,0.029025,24.1065,Yes,N/A,N/A,3,4,1 4,N/A,3 4,8,9,10,11,12,1 12,3 11,3 12,4 12,8 9,8 10
3 4 8 9 10 11 13,0.0119318,31.7593,Yes,N/A,N/A,3,4,N/A,N/A,3 4,8,9,10,11,3 9,13,4 10,4 11,3 13,4 13,8 10
3 4 8 9 10 11 12,0.0140643,30.3148,Yes,N/A,N/A,3,4,N/A,N/A,3 4,8,9,10,11,12,4 9,3 11,3 12,4 12,8 9,8 10
1 3 4 8 9 10 11 12 13,0.0171504,31.6759,Yes,N/A,N/A,3,4,1 4,N/A,3 4,8,9,10,11,12,13,1 13,3 12,3 13,4 13,8 10
1 3 4 7,0.0845729,7.02778,Yes,N/A,N/A,3,4,1 4,N/A,7,1 7,N/A,3 7,4 7,1 4 7,N/A,3 4 7,1 3 4 7,N/A,N/A,N/A
3 4 7,0.0789234,9.49074,Yes,N/A,N/A,3,4,N/A,N/A,7,N/A,N/A,3 7,4 7,N/A,N/A,3 4 7,N/A,N/A,N/A,N/A
1 3 4 7 13,0.0382283,15.1389,Yes,N/A,N/A,3,4,1 4,N/A,7,1 7,N/A,3 7,4 7,1 4 7,13,1 13,1 3 4 7,3 13,4 13,1 4 13
1 3 4 7 12,0.0534978,13.5648,Yes,N/A,N/A,3,4,1 4,N/A,7,1 7,N/A,3 7,4 7,12,1 12,3 4 7,3 12,4 12,1 4 12,N/A
3 4 7 13,0.0268746,19.3935,Yes,N/A,N/A,3,4,N/A,N/A,7,N/A,N/A,3 7,4 7,N/A,13,3 4 7,N/A,3 13,4 13,N/A
3 4 7 12,0.0382095,17.3333,Yes,N/A,N/A,3,4,N/A,N/A,7,N/A,N/A,3 7,4 7,12,N/A,3 4 7,3 12,4 12,N/A,N/A
1 3 4 7 12 13,0.0238306,23.125,Yes,N/A,N/A,3,4,1 4,N/A,7,1 7,N/A,3 7,4 7,12,13,1 13,3 12,3 13,4 13,1 4 13
1 3 4 7 11,0.0545606,14.1157,Yes,N/A,N/A,3,4,1 4,N/A,7,1 7,N/A,3 7,11,1 11,N/A,3 11,4 11,1 4 11,N/A,7 11
3 4 7 11,0.0334121,18.3981,Yes,N/A,N/A,3,4,N/A,N/A,7,N/A,N/A,3 7,11,N/A,N/A,3 11,4 11,N/A,N/A,7 11
1 3 4 7 11 13,0.0280834,21.4167,Yes,N/A,N/A,3,4,1 4,N/A,7,1 7,N/A,3 7,11,1 11,13,3 11,4 11,3 13,4 13,7 11
3 4 7 12 13,0.0149475,26.4861,Yes,N/A,N/A,3,4,N/A,N/A,7,N/A,N/A,3 7,4 7,12,13,3 4 7,3 12,3 13,4 13,N/A
1 3 4 7 11 12,0.0338558,20.4074,Yes,N/A,N/A,3,4,1 4,N/A,7,1 7,N/A,3 7,11,12,1 12,3 11,4 11,4 12,1 4 12,7 11
3 4 7 11 13,0.0137674,27.338,Yes,N/A,N/A,3,4,N/A,N/A,7,N/A,N/A,3 7,11,N/A,13,3 11,4 11,3 13,4 13,7 11
3 4 7 11 12,0.0174872,26.2269,Yes,N/A,N/A,3,4,N/A,N/A,7,N/A,N/A,3 7,11,12,N/A,3 11,4 11,4 12,N/A,7 11
1 3 4 7 11 12 13,0.0172671,29.5231,Yes,N/A,N/A,3,4,1 4,N/A,7,1 7,N/A,3 7,11,12,13,3 11,4 11,4 12,4 13,7 11
1 3 4 7 10,0.0748305,11.8148,Yes,N/A,N/A,3,4,1 4,N/A,7,1 7,N/A,10,4 7,1 4 7,3 10,4 10,1 4 10,N/A,7 10,1 7 10
3 4 7 10,0.0472045,16.5694,Yes,N/A,N/A,3,4,N/A,N/A,7,N/A,N/A,10,4 7,N/A,3 10,4 10,N/A,N/A,7 10,N/A
1 3 4 7 10 13,0.0293421,21.1806,Yes,N/A,N/A,3,4,1 4,N/A,7,1 7,N/A,10,1 10,1 4 7,13,4 10,1 4 10,3 13,4 13,1 4 13
1 3 4 7 10 12,0.0437336,18.2824,Yes,N/A,N/A,3,4,1 4,N/A,7,1 7,N/A,10,4 7,12,3 10,4 10,3 12,4 12,7 10,1 7 10
3 4 7 10 13,0.0146423,27.4491,Yes,N/A,N/A,3,4,N/A,N/A,7,N/A,N/A,10,4 7,N/A,13,4 10,N/A,3 13,4 13,N/A
3 4 7 10 12,0.025142,22.8935,Yes,N/A,N/A,3,4,N/A,N/A,7,N/A,N/A,10,4 7,12,3 10,4 10,3 12,4 12,7 10,N/A
1 3 4 7 10 12 13,0.0197529,28.0093,Yes,N/A,N/A,3,4,1 4,N/A,7,1 7,N/A,10,1 10,12,13,1 13,3 12,3 13,4 13,1 4 13
3 4 7 11 12 13,0.00853314,34.4491,Yes,N/A,N/A,3,4,N/A,N/A,7,N/A,N/A,3 7,11,12,13,3 11,4 11,4 12,4 13,7 11
1 3 4 7 10 11,0.0434752,18.0926,Yes,N/A,N/A,3,4,1 4,N/A,7,1 7,N/A,10,11,1 11,3 10,3 11,4 11,1 4 11,7 10,7 11
3 4 7 10 11,0.0192745,24.838,Yes,N/A,N/A,3,4,N/A,N/A,7,N/A,N/A,10,11,N/A,3 10,3 11,4 11,N/A,7 10,7 11
1 3 4 7 10 11 13,0.0209707,27.3657,Yes,N/A,N/A,3,4,1 4,N/A,7,1 7,N/A,10,11,1 11,13,4 10,4 11,3 13,4 13,7 11
3 4 7 10 12 13,0.00994239,33.4259,Yes,N/A,N/A,3,4,N/A,N/A,7,N/A,N/A,10,4 7,12,13,4 10,3 12,3 13,4 13,N/A
1 3 4 7 10 11 12,0.0270226,25.1204,Yes,N/A,N/A,3,4,1 4,N/A,7,1 7,N/A,10,11,12,3 10,3 11,4 11,4 12,7 10,7 11
3 4 7 10 11 13,0.0083061,35.2083,Yes,N/A,N/A,3,4,N/A,N/A,7,N/A,N/A,10,11,N/A,13,4 10,4 11,3 13,4 13,7 11
3 4 7 10 11 12,0.0123842,31.0741,Yes,N/A,N/A,3,4,N/A,N/A,7,N/A,N/A,10,11,12,3 10,3 11,3 12,4 12,7 10,7 11
1 3 4 7 10 11 12 13,0.014515,34.5093,Yes,N/A,N/A,3,4,1 4,N/A,7,1 7,N/A,10,11,12,13,3 11,3 12,3 13,4 13,7 11
1 3 4 7 9,0.100003,8.34259,Yes,N/A,N/A,3,4,1 4,N/A,7,1 7,9,3 7,4 7,3 9,4 9,3 4 7,1 3 4 7,7 9,1 7 9,N/A
3 4 7 9,0.0773363,12.2593,Yes,N/A,N/A,3,4,N/A,N/A,7,N/A,9,3 7,4 7,3 9,4 9,3 4 7,N/A,7 9,N/A,N/A
1 3 4 7 9 13,0.0437584,16.9907,Yes,N/A,N/A,3,4,1 4,N/A,7,1 7,9,1 9,4 7,3 9,13,1 13,1 3 4 7,3 13,4 13,1 4 13
1 3 4 7 9 12,0.0544093,15.2083,Yes,N/A,N/A,3,4,1 4,N/A,7,1 7,9,3 7,4 7,12,1 12,3 4 7,3 12,4 12,1 4 12,N/A
3 4 7 9 13,0.0237927,22.6713,Yes,N/A,N/A,3,4,N/A,N/A,7,N/A,9,3 7,4 7,3 9,13,3 4 7,N/A,3 13,4 13,N/A
3 4 7 9 12,0.0306924,20.6019,Yes,N/A,N/A,3,4,N/A,N/A,7,N/A,9,3 7,4 7,12,4 9,3 4 7,3 12,4 12,N/A,N/A
1 3 4 7 9 12 13,0.0255503,23.9815,Yes,N/A,N/A,3,4,1 4,N/A,7,1 7,9,1 9,4 7,12,13,1 13,3 12,3 13,4 13,1 4 13
1 3 4 7 9 11,0.0661283,13.0509,Yes,N/A,N/A,3,4,1 4,N/A,7,1 7,9,3 7,11,1 11,4 9,3 11,4 11,7 9,1 7 9,7 11
3 4 7 9 11,0.0340241,19.2454,Yes,N/A,N/A,3,4,N/A,N/A,7,N/A,9,3 7,11,3 9,4 9,3 11,4 11,7 9,N/A,7 11
1 3 4 7 9 11 13,0.0310037,21.3472,Yes,N/A,N/A,3,4,1 4,N/A,7,1 7,9,3 7,11,1 11,13,3 11,4 11,3 13,4 13,7 11
3 4 7 9 12 13,0.0119605,30.5833,Yes,N/A,N/A,3,4,N/A,N/A,7,N/A,9,3 7,4 7,12,13,3 4 7,3 12,3 13,4 13,N/A
1 3 4 7 9 11 12,0.0375257,20.0602,Yes,N/A,N/A,3,4,1 4,N/A,7,1 7,9,3 7,11,12,1 12,3 11,3 12,4 12,1 4 12,7 11
3 4 7 9 11 13,0.0133647,29.2037,Yes,N/A,N/A,3,4,N/A,N/A,7,N/A,9,3 7,11,3 9,13,3 11,4 11,3 13,4 13,7 11
3 4 7 9 11 12,0.0176067,27.5972,Yes,N/A,N/A,3,4,N/A,N/A,7,N/A,9,3 7,11,12,4 9,3 11,3 12,4 12,N/A,7 11
1 3 4 7 9 11 12 13,0.0196908,28.3519,Yes,N/A,N/A,3,4,1 4,N/A,7,1 7,9,3 7,11,12,13,3 11,3 12,4 12,4 13,7 11
3 4 7 10 11 12 13,0.00615765,41.2917,Yes,N/A,N/A,3,4,N/A,N/A,7,N/A,N/A,10,11,12,13,3 11,3 12,3 13,4 13,7 11
1 3 4 7 9 10,0.0712085,12.1991,Yes,N/A,N/A,3,4,1 4,N/A,7,1 7,9,10,1 10,3 9,3 10,4 10,1 4 10,7 9,7 10,1 7 10
3 4 7 9 10,0.0390755,18.5093,Yes,N/A,N/A,3,4,N/A,N/A,7,N/A,9,10,4 7,3 9,3 10,4 10,N/A,7 9,7 10,N/A
1 3 4 7 9 10 13,0.0321592,21.2454,Yes,N/A,N/A,3,4,1 4,N/A,7,1 7,9,10,1 10,3 9,13,1 13,1 4 10,3 13,4 13,1 4 13
1 3 4 7 9 10 12,0.0413369,18.8241,Yes,N/A,N/A,3,4,1 4,N/A,7,1 7,9,10,1 10,12,3 10,4 10,3 12,4 12,7 10,1 7 10
3 4 7 9 10 13,0.0150911,29.0833,Yes,N/A,N/A,3,4,N/A,N/A,7,N/A,9,10,4 7,3 9,13,4 10,N/A,3 13,4 13,N/A
3 4 7 9 10 12,0.0200987,25.8843,Yes,N/A,N/A,3,4,N/A,N/A,7,N/A,9,10,4 7,12,3 10,4 10,3 12,7 9,7 10,N/A
1 3 4 7 9 10 12 13,0.0208582,27.5833,Yes,N/A,N/A,3,4,1 4,N/A,7,1 7,9,10,1 10,12,13,1 13,3 12,3 13,4 13,1 4 13
3 4 7 9 11 12 13,0.00818045,36.9769,Yes,N/A,N/A,3,4,N/A,N/A,7,N/A,9,3 7,11,12,13,3 11,4 11,4 12,4 13,7 11
1 3 4 7 9 10 11,0.0471448,17.2407,Yes,N/A,N/A,3,4,1 4,N/A,7,1 7,9,10,11,1 11,3 10,3 11,4 11,7 9,7 10,7 11
3 4 7 9 10 11,0.0214679,24.9537,Yes,N/A,N/A,3,4,N/A,N/A,7,N/A,9,10,11,3 9,3 10,3 11,4 11,7 9,7 10,7 11
1 3 4 7 9 10 11 13,0.0245989,25.5417,Yes,N/A,N/A,3,4,1 4,N/A,7,1 7,9,10,11,3 9,13,4 10,4 11,3 13,4 13,7 11
3 4 7 9 10 12 13,0.00917341,36.1713,Yes,N/A,N/A,3,4,N/A,N/A,7,N/A,9,10,4 7,12,13,4 10,3 12,3 13,4 13,N/A
1 3 4 7 9 10 11 12,0.0301466,23.4444,Yes,N/A,N/A,3,4,1 4,N/A,7,1 7,9,10,11,12,3 10,3 11,3 12,4 12,7 10,7 11
3 4 7 9 10 11 13,0.00993084,34.8194,Yes,N/A,N/A,3,4,N/A,N/A,7,N/A,9,10,11,3 9,13,4 10,4 11,3 13,4 13,7 11
3 4 7 9 10 11 12,0.0130413,32.2963,Yes,N/A,N/A,3,4,N/A,N/A,7,N/A,9,10,11,12,4 9,3 11,3 12,4 12,7 10,7 11
1 3 4 7 9 10 11 12 13,0.0173197,31.5093,Yes,N/A,N/A,3,4,1 4,N/A,7,1 7,9,10,11,12,13,3 11,3 12,3 13,4 13,7 11
3 4 8 9 10 11 12 13,0.0075336,39.125,Yes,N/A,N/A,3,4,N/A,N/A,3 4,8,9,10,11,12,13,4 10,3 12,3 13,4 13,8 10
1 3 4 7 8,0.104338,8.14352,Yes,N/A,N/A,3,4,1 4,N/A,7,8,1 8,3 7,4 7,4 8,1 4 8,3 4 7,7 8,1 7 8,N/A,3 7 8
3 4 7 8,0.0681126,12.787,Yes,N/A,N/A,3,4,N/A,N/A,7,8,N/A,3 7,4 7,4 8,N/A,3 4 7,7 8,N/A,N/A,3 7 8
1 3 4 7 8 13,0.0481966,15.9074,Yes,N/A,N/A,3,4,1 4,N/A,7,8,1 8,3 7,4 7,4 8,13,1 13,7 8,3 13,4 13,1 4 13
1 3 4 7 8 12,0.0551257,14.7315,Yes,N/A,N/A,3,4,1 4,N/A,7,8,1 8,3 7,4 7,12,1 12,3 4 7,3 12,4 12,1 4 12,3 7 8
3 4 7 8 13,0.0249966,20.9815,Yes,N/A,N/A,3,4,N/A,N/A,7,8,N/A,3 7,3 8,4 8,13,3 4 7,7 8,3 13,4 13,3 7 8
3 4 7 8 12,0.0258386,21.7917,Yes,N/A,N/A,3,4,N/A,N/A,7,8,N/A,3 7,4 7,12,N/A,3 4 7,3 12,4 12,N/A,3 7 8
1 3 4 7 8 12 13,0.0270681,22.8148,Yes,N/A,N/A,3,4,1 4,N/A,7,8,1 8,3 7,4 7,12,13,1 13,3 12,4 12,4 13,1 4 13
1 3 4 7 8 11,0.0579786,14.4398,Yes,N/A,N/A,3,4,1 4,N/A,7,8,1 8,3 7,11,1 11,1 4 8,3 11,4 11,1 4 11,N/A,7 11
3 4 7 8 11,0.0296518,21.1528,Yes,N/A,N/A,3,4,N/A,N/A,7,8,N/A,3 7,11,4 8,N/A,3 11,4 11,N/A,N/A,7 11
1 3 4 7 8 11 13,0.0304381,21.2963,Yes,N/A,N/A,3,4,1 4,N/A,7,8,1 8,3 7,11,1 11,13,3 11,4 11,3 13,4 13,7 11
3 4 7 8 12 13,0.0121092,29.662,Yes,N/A,N/A,3,4,N/A,N/A,7,8,N/A,3 7,4 7,12,13,3 4 7,3 12,4 12,4 13,3 7 8
1 3 4 7 8 11 12,0.0342602,20.8194,Yes,N/A,N/A,3,4,1 4,N/A,7,8,1 8,3 7,11,12,1 12,3 11,4 11,4 12,1 4 12,7 11
3 4 7 8 11 13,0.0143966,28.1574,Yes,N/A,N/A,3,4,N/A,N/A,7,8,N/A,3 7,11,4 8,13,3 11,4 11,3 13,4 13,7 11
3 4 7 8 11 12,0.0135681,30.2963,Yes,N/A,N/A,3,4,N/A,N/A,7,8,N/A,3 7,11,12,N/A,3 11,4 11,4 12,N/A,7 11
1 3 4 7 8 11 12 13,0.0192221,28.2083,Yes,N/A,N/A,3,4,1 4,N/A,7,8,1 8,3 7,11,12,13,3 11,4 11,4 12,4 13,7 11
1 3 4 7 8 10,0.0700317,12.0833,Yes,N/A,N/A,3,4,1 4,N/A,7,8,1 8,10,4 7,4 8,3 10,4 10,7 8,1 7 8,7 10,8 10
3 4 7 8 10,0.0368776,17.8148,Yes,N/A,N/A,3,4,N/A,N/A,7,8,N/A,10,3 8,4 8,3 10,4 10,7 8,N/A,7 10,8 10
1 3 4 7 8 10 13,0.0328515,20.4722,Yes,N/A,N/A,3,4,1 4,N/A,7,8,1 8,10,1 10,4 8,13,4 10,7 8,3 13,4 13,8 10
1 3 4 7 8 10 12,0.0428053,17.9907,Yes,N/A,N/A,3,4,1 4,N/A,7,8,1 8,10,3 8,12,1 12,4 10,3 12,4 12,7 10,8 10
3 4 7 8 10 13,0.0155317,27.2778,Yes,N/A,N/A,3,4,N/A,N/A,7,8,N/A,10,3 8,4 8,13,4 10,7 8,3 13,4 13,8 10
3 4 7 8 10 12,0.0201748,25.3843,Yes,N/A,N/A,3,4,N/A,N/A,7,8,N/A,10,4 7,12,3 10,4 10,3 12,4 12,7 10,8 10
1 3 4 7 8 10 12 13,0.0231736,26.0833,Yes,N/A,N/A,3,4,1 4,N/A,7,8,1 8,10,4 7,12,13,4 10,3 12,3 13,4 13,8 10
3 4 7 8 11 12 13,0.00782053,36.9398,Yes,N/A,N/A,3,4,N/A,N/A,7,8,N/A,3 7,11,12,13,3 11,4 11,4 12,4 13,7 11
1 3 4 7 8 10 11,0.0432144,17.9352,Yes,N/A,N/A,3,4,1 4,N/A,7,8,1 8,10,11,1 11,3 10,3 11,4 11,1 4 11,7 10,7 11
3 4 7 8 10 11,0.0203739,25.7222,Yes,N/A,N/A,3,4,N/A,N/A,7,8,N/A,10,11,4 8,3 10,3 11,4 11,N/A,7 10,7 11
1 3 4 7 8 10 11 13,0.0236925,25.7222,Yes,N/A,N/A,3,4,1 4,N/A,7,8,1 8,10,11,1 11,13,3 11,4 11,3 13,4 13,7 11
3 4 7 8 10 12 13,0.00963994,34.8148,Yes,N/A,N/A,3,4,N/A,N/A,7,8,N/A,10,3 8,12,13,4 10,3 12,3 13,4 13,8 10
1 3 4 7 8 10 11 12,0.0288097,23.6852,Yes,N/A,N/A,3,4,1 4,N/A,7,8,1 8,10,11,12,1 12,3 11,3 12,4 12,7 10,7 11
3 4 7 8 10 11 13,0.0101806,34.5139,Yes,N/A,N/A,3,4,N/A,N/A,7,8,N/A,10,11,4 8,13,3 11,4 11,3 13,7 10,7 11
3 4 7 8 10 11 12,0.0118727,33.375,Yes,N/A,N/A,3,4,N/A,N/A,7,8,N/A,10,11,12,3 10,3 11,7 8,4 12,7 10,7 11
1 3 4 7 8 10 11 12 13,0.0172791,31.3704,Yes,N/A,N/A,3,4,1 4,N/A,7,8,1 8,10,11,12,13,3 11,3 12,3 13,4 13,7 11
3 4 7 9 10 11 12 13,0.00688352,42,Yes,N/A,N/A,3,4,N/A,N/A,7,N/A,9,10,11,12,13,4 10,3 12,3 13,4 13,7 11
1 3 4 7 8 9,0.0798066,10.3241,Yes,N/A,N/A,3,4,1 4,N/A,7,8,9,1 9,3 8,4 8,4 9,1 4 9,7 8,7 9,8 9,3 7 8
3 4 7 8 9,0.0494503,14.2083,Yes,N/A,N/A,3,4,N/A,N/A,7,8,9,3 7,3 8,3 9,4 9,3 4 7,7 8,7 9,8 9,3 7 8
1 3 4 7 8 9 13,0.0402237,17.75,Yes,N/A,N/A,3,4,1 4,N/A,7,8,9,1 9,3 8,3 9,13,1 13,7 8,3 13,4 13,1 4 13
1 3 4 7 8 9 12,0.0456784,17.0602,Yes,N/A,N/A,3,4,1 4,N/A,7,8,9,1 9,3 8,12,1 12,1 4 9,3 12,4 12,8 9,3 7 8
3 4 7 8 9 13,0.0200137,23.6667,Yes,N/A,N/A,3,4,N/A,N/A,7,8,9,3 7,4 7,3 9,13,3 4 7,7 8,3 13,4 13,3 7 8
3 4 7 8 9 12,0.0239381,22.4398,Yes,N/A,N/A,3,4,N/A,N/A,7,8,9,3 7,3 8,12,4 9,3 4 7,3 12,4 12,8 9,3 7 8
1 3 4 7 8 9 12 13,0.0250435,24.4954,Yes,N/A,N/A,3,4,1 4,N/A,7,8,9,1 9,3 8,12,13,1 13,3 12,3 13,4 13,1 4 13
1 3 4 7 8 9 11,0.0546075,15.0833,Yes,N/A,N/A,3,4,1 4,N/A,7,8,9,3 7,11,1 11,4 9,3 11,7 8,7 9,8 9,7 11
3 4 7 8 9 11,0.0297106,20.7731,Yes,N/A,N/A,3,4,N/A,N/A,7,8,9,3 7,11,4 8,4 9,3 11,4 11,7 9,8 9,7 11
1 3 4 7 8 9 11 13,0.0305394,22.2778,Yes,N/A,N/A,3,4,1 4,N/A,7,8,9,3 7,11,4 8,13,1 13,4 11,3 13,4 13,7 11
3 4 7 8 9 12 13,0.0110664,31.7778,Yes,N/A,N/A,3,4,N/A,N/A,7,8,9,3 7,4 7,12,13,3 4 7,3 12,4 12,4 13,3 7 8
1 3 4 7 8 9 11 12,0.0339425,21.5139,Yes,N/A,N/A,3,4,1 4,N/A,7,8,9,3 7,11,12,1 12,3 11,3 12,4 12,8 9,7 11
3 4 7 8 9 11 13,0.013896,29.2824,Yes,N/A,N/A,3,4,N/A,N/A,7,8,9,3 7,11,4 8,13,3 11,4 11,3 13,4 13,7 11
3 4 7 8 9 11 12,0.0158454,28.5231,Yes,N/A,N/A,3,4,N/A,N/A,7,8,9,3 7,11,12,4 9,3 11,3 12,4 12,8 9,7 11
1 3 4 7 8 9 11 12 13,0.0201752,28.838,Yes,N/A,N/A,3,4,1 4,N/A,7,8,9,3 7,11,12,13,1 13,3 12,4 12,4 13,7 11
3 4 7 8 10 11 12 13,0.00675391,42.0046,Yes,N/A,N/A,3,4,N/A,N/A,7,8,N/A,10,11,12,13,3 11,3 12,3 13,4 13,7 11
1 3 4 7 8 9 10,0.0616723,13.6481,Yes,N/A,N/A,3,4,1 4,N/A,7,8,9,10,1 10,3 9,3 10,4 10,7 8,7 9,7 10,8 10
3 4 7 8 9 10,0.0360474,18.5602,Yes,N/A,N/A,3,4,N/A,N/A,7,8,9,10,3 8,3 9,3 10,4 10,7 8,7 9,7 10,8 10
1 3 4 7 8 9 10 13,0.0323726,21.2778,Yes,N/A,N/A,3,4,1 4,N/A,7,8,9,10,1 10,3 9,13,1 13,7 8,3 13,4 13,8 10
1 3 4 7 8 9 10 12,0.0396034,19.537,Yes,N/A,N/A,3,4,1 4,N/A,7,8,9,10,3 8,12,1 12,4 10,3 12,4 12,7 10,8 10
3 4 7 8 9 10 13,0.0160636,27.5602,Yes,N/A,N/A,3,4,N/A,N/A,7,8,9,10,4 7,3 9,13,4 10,7 8,3 13,4 13,8 10
3 4 7 8 9 10 12,0.019477,25.8426,Yes,N/A,N/A,3,4,N/A,N/A,7,8,9,10,3 8,12,3 10,4 10,3 12,4 12,7 10,8 10
1 3 4 7 8 9 10 12 13,0.0227938,27.037,Yes,N/A,N/A,3,4,1 4,N/A,7,8,9,10,3 8,12,13,1 13,3 12,3 13,4 13,8 10
3 4 7 8 9 11 12 13,0.00846186,36.7778,Yes,N/A,N/A,3,4,N/A,N/A,7,8,9,3 7,11,12,13,3 11,4 11,4 12,4 13,7 11
1 3 4 7 8 9 10 11,0.0440143,18.2176,Yes,N/A,N/A,3,4,1 4,N/A,7,8,9,10,11,1 11,3 10,3 11,4 11,7 9,7 10,7 11
3 4 7 8 9 10 11,0.0224045,24.463,Yes,N/A,N/A,3,4,N/A,N/A,7,8,9,10,11,4 8,3 10,3 11,4 11,7 9,7 10,7 11
1 3 4 7 8 9 10 11 13,0.0254974,25.6065,Yes,N/A,N/A,3,4,1 4,N/A,7,8,9,10,11,1 11,13,1 13,4 11,3 13,4 13,7 11
3 4 7 8 9 10 12 13,0.010166,34.4722,Yes,N/A,N/A,3,4,N/A,N/A,7,8,9,10,4 7,12,13,4 10,3 12,3 13,4 13,8 10
1 3 4 7 8 9 10 11 12,0.0301581,23.8981,Yes,N/A,N/A,3,4,1 4,N/A,7,8,9,10,11,12,1 12,3 11,3 12,4 12,7 10,7 11
3 4 7 8 9 10 11 13,0.0114836,32.9954,Yes,N/A,N/A,3,4,N/A,N/A,7,8,9,10,11,3 9,13,3 11,4 11,3 13,4 13,7 11
3 4 7 8 9 10 11 12,0.013763,31.4306,Yes,N/A,N/A,3,4,N/A,N/A,7,8,9,10,11,12,4 9,3 11,3 12,4 12,7 10,7 11
1 3 4 7 8 9 10 11 12 13,0.0191898,30.7963,Yes,N/A,N/A,3,4,1 4,N/A,7,8,9,10,11,12,13,3 11,3 12,3 13,4 13,7 11
1 3 4 6,0.111889,5.49537,Yes,N/A,N/A,3,4,1 4,6,1 6,1 3 4,3 6,4 6,1 4 6,N/A,3 4 6,1 3 4 6,N/A,N/A,N/A,N/A
3 4 6,0.108043,8.21759,Yes,N/A,N/A,3,4,N/A,6,3 4,N/A,3 6,4 6,N/A,N/A,3 4 6,N/A,N/A,N/A,N/A,N/A
1 3 4 6 13,0.0386995,14.963,Yes,N/A,N/A,3,4,1 4,6,3 4,1 3 4,3 6,4 6,1 4 6,N/A,13,1 13,N/A,3 13,4 13,1 4 13
1 3 4 6 12,0.0655914,10.9352,Yes,N/A,N/A,3,4,1 4,6,1 6,1 3 4,3 6,4 6,1 4 6,12,1 12,1 3 4 6,3 12,4 12,1 4 12,6 12
3 4 6 13,0.0228943,19.5278,Yes,N/A,N/A,3,4,N/A,6,3 4,N/A,3 6,4 6,N/A,N/A,13,N/A,N/A,3 13,4 13,N/A
3 4 6 12,0.0451275,15.9352,Yes,N/A,N/A,3,4,N/A,6,3 4,N/A,3 6,4 6,N/A,12,3 4 6,N/A,3 12,4 12,N/A,6 12
1 3 4 6 12 13,0.0273679,20.0463,Yes,N/A,N/A,3,4,1 4,6,1 6,1 3 4,3 6,4 6,1 4 6,12,13,1 13,3 12,3 13,4 13,6 12
1 3 4 6 11,0.0841082,9.4213,Yes,N/A,N/A,3,4,1 4,6,1 6,1 3 4,3 6,4 6,11,1 11,3 4 6,3 11,4 11,1 4 11,6 11,1 6 11
3 4 6 11,0.0591338,13.9259,Yes,N/A,N/A,3,4,N/A,6,3 4,N/A,3 6,4 6,11,N/A,3 4 6,3 11,4 11,N/A,6 11,3 4 11
1 3 4 6 11 13,0.034667,17.7315,Yes,N/A,N/A,3,4,1 4,6,3 4,1 3 4,3 6,4 6,11,1 11,13,1 13,4 11,3 13,4 13,1 4 13
3 4 6 12 13,0.0135215,26.6713,Yes,N/A,N/A,3,4,N/A,6,3 4,N/A,3 6,4 6,N/A,12,13,N/A,3 12,3 13,4 13,6 12
1 3 4 6 11 12,0.0461326,15.9444,Yes,N/A,N/A,3,4,1 4,6,1 6,1 3 4,3 6,4 6,11,12,1 12,3 11,3 12,4 12,6 11,6 12
3 4 6 11 13,0.0184641,24.1806,Yes,N/A,N/A,3,4,N/A,6,3 4,N/A,3 6,4 6,11,N/A,13,3 11,4 11,3 13,4 13,3 4 11
3 4 6 11 12,0.0277936,20.4954,Yes,N/A,N/A,3,4,N/A,6,3 4,N/A,3 6,4 6,11,12,3 4 6,3 11,3 12,4 12,6 11,6 12
1 3 4 6 11 12 13,0.0217372,24.6111,Yes,N/A,N/A,3,4,1 4,6,1 6,1 3 4,3 6,4 6,11,12,13,1 13,3 12,4 12,4 13,6 12
1 3 4 6 10,0.0811842,10.3287,Yes,N/A,N/A,3,4,1 4,6,1 6,1 3 4,3 6,10,1 10,N/A,3 10,4 10,1 4 10,6 10,1 6 10,1 3 4 10
3 4 6 10,0.0498426,15.0694,Yes,N/A,N/A,3,4,N/A,6,3 4,N/A,3 6,10,N/A,N/A,3 10,4 10,N/A,6 10,3 4 10,N/A
1 3 4 6 10 13,0.0298455,19.9861,Yes,N/A,N/A,3,4,1 4,6,3 4,1 3 4,3 6,10,1 10,N/A,13,1 13,1 4 10,3 13,4 13,1 4 13
1 3 4 6 10 12,0.0502234,14.6713,Yes,N/A,N/A,3,4,1 4,6,1 6,1 3 4,3 6,10,1 10,12,3 10,4 10,3 12,4 12,1 4 12,6 12
3 4 6 10 13,0.0141095,26.5278,Yes,N/A,N/A,3,4,N/A,6,3 4,N/A,3 6,10,N/A,N/A,13,4 10,N/A,3 13,4 13,N/A
3 4 6 10 12,0.0241901,21.7176,Yes,N/A,N/A,3,4,N/A,6,3 4,N/A,3 6,10,N/A,12,3 10,4 10,3 12,4 12,3 4 10,6 12
1 3 4 6 10 12 13,0.0217277,23.625,Yes,N/A,N/A,3,4,1 4,6,3 4,1 3 4,3 6,10,1 10,12,13,1 13,3 12,3 13,4 13,6 12
3 4 6 11 12 13,0.0111853,30.3056,Yes,N/A,N/A,3,4,N/A,6,3 4,N/A,3 6,4 6,11,12,13,3 11,3 12,3 13,4 13,6 12
1 3 4 6 10 11,0.0557319,14.0185,Yes,N/A,N/A,3,4,1 4,6,1 6,1 3 4,3 6,10,11,1 11,3 10,4 10,4 11,6 10,6 11,1 6 11
3 4 6 10 11,0.0289257,20.463,Yes,N/A,N/A,3,4,N/A,6,3 4,N/A,3 6,10,11,N/A,3 10,4 10,4 11,6 10,6 11,3 4 11
1 3 4 6 10 11 13,0.0253775,22.6296,Yes,N/A,N/A,3,4,1 4,6,3 4,1 3 4,3 6,10,11,1 11,13,4 10,4 11,3 13,4 13,1 4 13
3 4 6 10 12 13,0.00910655,32.4676,Yes,N/A,N/A,3,4,N/A,6,3 4,N/A,3 6,10,N/A,12,13,4 10,3 12,3 13,4 13,6 12
1 3 4 6 10 11 12,0.0345899,19.6806,Yes,N/A,N/A,3,4,1 4,6,1 6,1 3 4,3 6,10,11,12,1 12,4 10,4 11,4 12,6 11,6 12
3 4 6 10 11 13,0.0111675,31.0556,Yes,N/A,N/A,3,4,N/A,6,3 4,N/A,3 6,10,11,N/A,13,4 10,4 11,3 13,4 13,3 4 11
3 4 6 10 11 12,0.0172365,26.1481,Yes,N/A,N/A,3,4,N/A,6,3 4,N/A,3 6,10,11,12,3 10,4 10,4 11,4 12,6 11,6 12
1 3 4 6 10 11 12 13,0.0178951,28.0556,Yes,N/A,N/A,3,4,1 4,6,1 6,1 3 4,3 6,10,11,12,13,1 13,4 11,4 12,4 13,6 12
1 3 4 6 9,0.10439,7.72222,Yes,N/A,N/A,3,4,1 4,6,1 6,1 3 4,9,4 6,1 4 6,3 9,4 9,1 4 9,6 9,1 6 9,1 3 4 9,3 6 9
3 4 6 9,0.0643614,12.9583,Yes,N/A,N/A,3,4,N/A,6,3 4,N/A,9,4 6,N/A,3 9,4 9,N/A,6 9,3 4 9,N/A,3 6 9
1 3 4 6 9 13,0.0434843,16.2176,Yes,N/A,N/A,3,4,1 4,6,3 4,1 3 4,9,4 6,1 4 6,3 9,13,1 13,6 9,3 13,4 13,1 4 13
1 3 4 6 9 12,0.0493297,14.662,Yes,N/A,N/A,3,4,1 4,6,3 4,1 3 4,9,1 9,1 4 6,12,1 12,1 4 9,3 12,4 12,1 4 12,6 12
3 4 6 9 13,0.0195625,23.7083,Yes,N/A,N/A,3,4,N/A,6,3 4,N/A,9,4 6,N/A,3 9,13,N/A,6 9,3 13,4 13,3 6 9
3 4 6 9 12,0.0240051,22.412,Yes,N/A,N/A,3,4,N/A,6,3 4,N/A,9,4 6,N/A,12,4 9,N/A,3 12,4 12,N/A,6 12
1 3 4 6 9 12 13,0.0231607,23.5324,Yes,N/A,N/A,3,4,1 4,6,3 4,1 3 4,9,1 9,1 4 6,12,13,1 13,3 12,3 13,4 13,6 12
1 3 4 6 9 11,0.0642712,12.1435,Yes,N/A,N/A,3,4,1 4,6,1 6,1 3 4,9,1 9,11,1 11,4 9,3 11,4 11,1 4 11,6 11,1 6 11
3 4 6 9 11,0.037593,17.2269,Yes,N/A,N/A,3,4,N/A,6,3 4,N/A,9,4 6,11,3 9,4 9,3 11,4 11,3 4 9,6 11,3 4 11
1 3 4 6 9 11 13,0.0322572,20.0185,Yes,N/A,N/A,3,4,1 4,6,3 4,1 3 4,9,4 6,11,3 9,13,1 13,4 11,3 13,4 13,1 4 13
3 4 6 9 12 13,0.00940847,33.1759,Yes,N/A,N/A,3,4,N/A,6,3 4,N/A,9,4 6,N/A,12,13,N/A,3 12,3 13,4 13,6 12
1 3 4 6 9 11 12,0.037587,18.1852,Yes,N/A,N/A,3,4,1 4,6,3 4,1 3 4,9,1 9,11,12,1 12,3 11,3 12,4 12,6 11,6 12
3 4 6 9 11 13,0.0150316,27.1065,Yes,N/A,N/A,3,4,N/A,6,3 4,N/A,9,4 6,11,3 9,13,3 11,6 9,3 13,4 13,3 4 11
3 4 6 9 11 12,0.0188734,25.5093,Yes,N/A,N/A,3,4,N/A,6,3 4,N/A,9,4 6,11,12,4 9,3 11,3 12,4 12,6 11,6 12
1 3 4 6 9 11 12 13,0.0198056,26.4583,Yes,N/A,N/A,3,4,1 4,6,3 4,1 3 4,9,1 9,11,12,13,1 13,3 12,3 13,4 13,6 12
3 4 6 10 11 12 13,0.00795146,35.8935,Yes,N/A,N/A,3,4,N/A,6,3 4,N/A,3 6,10,11,12,13,4 10,3 12,3 13,4 13,6 12
1 3 4 6 9 10,0.0642325,11.8009,Yes,N/A,N/A,3,4,1 4,6,1 6,1 3 4,9,10,1 10,3 9,3 10,4 10,6 9,6 10,1 6 10,3 6 9
3 4 6 9 10,0.0305675,18.7917,Yes,N/A,N/A,3,4,N/A,6,3 4,N/A,9,10,N/A,3 9,3 10,4 10,6 9,6 10,3 4 10,3 6 9
1 3 4 6 9 10 13,0.0292294,20.4815,Yes,N/A,N/A,3,4,1 4,6,3 4,1 3 4,9,10,1 10,3 9,13,1 13,6 9,3 13,4 13,1 4 13
1 3 4 6 9 10 12,0.0374411,18.0648,Yes,N/A,N/A,3,4,1 4,6,3 4,1 3 4,9,10,1 10,12,3 10,4 10,6 9,4 12,3 4 10,6 12
3 4 6 9 10 13,0.0118216,29.6296,Yes,N/A,N/A,3,4,N/A,6,3 4,N/A,9,10,N/A,3 9,13,4 10,6 9,3 13,4 13,3 6 9
3 4 6 9 10 12,0.0159203,27.5139,Yes,N/A,N/A,3,4,N/A,6,3 4,N/A,9,10,N/A,12,3 10,4 10,6 9,4 12,3 4 10,6 12
1 3 4 6 9 10 12 13,0.019046,26.5926,Yes,N/A,N/A,3,4,1 4,6,3 4,1 3 4,9,10,1 10,12,13,1 13,6 9,3 13,4 13,6 12
3 4 6 9 11 12 13,0.00883929,35.162,Yes,N/A,N/A,3,4,N/A,6,3 4,N/A,9,4 6,11,12,13,3 11,3 12,3 13,4 13,6 12
1 3 4 6 9 10 11,0.0454933,16.0741,Yes,N/A,N/A,3,4,1 4,6,1 6,1 3 4,9,10,11,1 11,3 10,4 10,4 11,6 10,6 11,1 6 11
3 4 6 9 10 11,0.0231298,23.0694,Yes,N/A,N/A,3,4,N/A,6,3 4,N/A,9,10,11,3 9,4 9,3 11,4 11,6 10,6 11,3 6 9
1 3 4 6 9 10 11 13,0.0237776,24.338,Yes,N/A,N/A,3,4,1 4,6,3 4,1 3 4,9,10,11,3 9,13,1 13,4 11,3 13,4 13,1 4 13
3 4 6 9 10 12 13,0.00713499,38.2731,Yes,N/A,N/A,3,4,N/A,6,3 4,N/A,9,10,N/A,12,13,4 10,6 9,3 13,4 13,6 12
1 3 4 6 9 10 11 12,0.0299484,21.8796,Yes,N/A,N/A,3,4,1 4,6,1 6,1 3 4,9,10,11,12,3 10,3 11,3 12,4 12,6 11,6 12
3 4 6 9 10 11 13,0.0103036,32.9861,Yes,N/A,N/A,3,4,N/A,6,3 4,N/A,9,10,11,3 9,13,4 10,4 11,3 13,4 13,3 6 9
3 4 6 9 10 11 12,0.0139801,30.2593,Yes,N/A,N/A,3,4,N/A,6,3 4,N/A,9,10,11,12,4 9,3 11,6 9,4 12,6 11,6 12
1 3 4 6 9 10 11 12 13,0.017066,29.5278,Yes,N/A,N/A,3,4,1 4,6,3 4,1 3 4,9,10,11,12,13,1 13,3 12,3 13,4 13,6 12
1 3 4 6 8,0.113444,6.58333,Yes,N/A,N/A,3,4,1 4,6,1 6,8,3 6,4 6,3 8,4 8,1 4 8,6 8,1 6 8,1 3 4 8,3 6 8,4 6 8
3 4 6 8,0.0951221,8.56481,Yes,N/A,N/A,3,4,N/A,6,3 4,8,3 6,4 6,3 8,4 8,3 4 6,6 8,3 4 8,N/A,3 6 8,4 6 8
1 3 4 6 8 13,0.0540618,14.1574,Yes,N/A,N/A,3,4,1 4,6,1 6,8,3 6,4 6,3 8,4 8,13,1 13,3 4 8,3 13,4 13,1 4 13
1 3 4 6 8 12,0.0666633,11.9352,Yes,N/A,N/A,3,4,1 4,6,3 4,8,1 8,4 6,3 8,12,1 12,6 8,3 12,4 12,1 4 12,6 12
3 4 6 8 13,0.030346,18.037,Yes,N/A,N/A,3,4,N/A,6,3 4,8,3 6,4 6,3 8,4 8,13,6 8,3 4 8,3 13,4 13,4 6 8
3 4 6 8 12,0.0368424,16.3472,Yes,N/A,N/A,3,4,N/A,6,3 4,8,3 6,4 6,3 8,12,3 4 6,6 8,3 12,4 12,3 6 8,6 12
1 3 4 6 8 12 13,0.0319137,20.1296,Yes,N/A,N/A,3,4,1 4,6,3 4,8,1 8,4 6,3 8,12,13,1 13,3 12,3 13,4 13,6 12
1 3 4 6 8 11,0.073456,10.9676,Yes,N/A,N/A,3,4,1 4,6,3 4,8,1 8,4 6,11,1 11,3 4 6,3 11,4 11,1 4 11,6 11,1 6 11
3 4 6 8 11,0.0424265,15.625,Yes,N/A,N/A,3,4,N/A,6,3 4,8,3 6,4 6,11,4 8,3 4 6,3 11,4 11,N/A,6 11,3 4 11
1 3 4 6 8 11 13,0.0373088,18.1296,Yes,N/A,N/A,3,4,1 4,6,3 4,8,3 6,4 6,11,1 11,13,1 13,4 11,3 13,4 13,1 6 11
3 4 6 8 12 13,0.0152633,25.7685,Yes,N/A,N/A,3,4,N/A,6,3 4,8,3 6,4 6,3 8,12,13,6 8,3 12,4 12,4 13,6 12
1 3 4 6 8 11 12,0.0443384,16.287,Yes,N/A,N/A,3,4,1 4,6,3 4,8,1 8,4 6,11,12,1 12,3 11,3 12,4 12,6 11,6 12
3 4 6 8 11 13,0.0182115,24.1065,Yes,N/A,N/A,3,4,N/A,6,3 4,8,3 6,4 6,11,4 8,13,3 11,4 11,3 13,6 11,3 4 11
3 4 6 8 11 12,0.0209085,23.037,Yes,N/A,N/A,3,4,N/A,6,3 4,8,3 6,4 6,11,12,3 4 6,3 11,3 12,4 12,6 11,6 12
1 3 4 6 8 11 12 13,0.0236338,24.4954,Yes,N/A,N/A,3,4,1 4,6,3 4,8,1 8,4 6,11,12,13,1 13,3 12,3 13,4 13,6 12
1 3 4 6 8 10,0.0833513,9.14352,Yes,N/A,N/A,3,4,1 4,6,1 6,8,3 6,10,1 10,4 8,3 10,4 10,1 4 10,6 10,1 6 10,8 10
3 4 6 8 10,0.0472134,13.8843,Yes,N/A,N/A,3,4,N/A,6,3 4,8,3 6,10,3 8,4 8,3 10,4 10,3 4 8,6 10,3 4 10,8 10
1 3 4 6 8 10 13,0.0392914,17.4444,Yes,N/A,N/A,3,4,1 4,6,1 6,8,3 6,10,1 10,4 8,13,1 13,1 4 10,3 13,4 13,8 10
1 3 4 6 8 10 12,0.0506485,14.1481,Yes,N/A,N/A,3,4,1 4,6,3 4,8,3 6,10,1 10,12,1 12,4 10,3 12,4 12,1 4 12,6 12
3 4 6 8 10 13,0.0184222,23.588,Yes,N/A,N/A,3,4,N/A,6,3 4,8,3 6,10,3 8,4 8,13,4 10,3 4 8,6 10,4 13,8 10
3 4 6 8 10 12,0.023527,21.4537,Yes,N/A,N/A,3,4,N/A,6,3 4,8,3 6,10,3 8,12,3 10,4 10,3 12,4 12,3 6 8,6 12
1 3 4 6 8 10 12 13,0.0259638,22.1944,Yes,N/A,N/A,3,4,1 4,6,3 4,8,3 6,10,1 10,12,13,1 13,3 12,3 13,4 13,6 12
3 4 6 8 11 12 13,0.0106472,31.1435,Yes,N/A,N/A,3,4,N/A,6,3 4,8,3 6,4 6,11,12,13,3 11,3 12,3 13,4 13,6 12
1 3 4 6 8 10 11,0.0567511,13.4167,Yes,N/A,N/A,3,4,1 4,6,3 4,8,3 6,10,11,1 11,3 10,3 11,4 11,6 10,6 11,8 10
3 4 6 8 10 11,0.0300591,19.5093,Yes,N/A,N/A,3,4,N/A,6,3 4,8,3 6,10,11,4 8,3 10,6 8,4 11,6 10,6 11,8 10
1 3 4 6 8 10 11 13,0.029873,20.8565,Yes,N/A,N/A,3,4,1 4,6,3 4,8,3 6,10,11,1 11,13,1 13,4 11,3 13,4 13,8 10
3 4 6 8 10 12 13,0.0111344,30.2824,Yes,N/A,N/A,3,4,N/A,6,3 4,8,3 6,10,3 8,12,13,4 10,3 12,4 12,4 13,6 12
1 3 4 6 8 10 11 12,0.0369645,18.7269,Yes,N/A,N/A,3,4,1 4,6,3 4,8,3 6,10,11,12,1 12,3 11,4 11,4 12,6 11,6 12
3 4 6 8 10 11 13,0.0135462,28.5741,Yes,N/A,N/A,3,4,N/A,6,3 4,8,3 6,10,11,4 8,13,3 11,4 11,3 13,6 11,8 10
3 4 6 8 10 11 12,0.0170239,26.4954,Yes,N/A,N/A,3,4,N/A,6,3 4,8,3 6,10,11,12,3 10,6 8,4 11,4 12,6 11,8 10
1 3 4 6 8 10 11 12 13,0.0212558,25.8519,Yes,N/A,N/A,3,4,1 4,6,3 4,8,3 6,10,11,12,13,1 13,3 12,3 13,4 13,6 12
3 4 6 9 10 11 12 13,0.00712847,39.9352,Yes,N/A,N/A,3,4,N/A,6,3 4,N/A,9,10,11,12,13,3 11,6 9,3 13,4 13,6 12
1 3 4 6 8 9,0.0867144,8.18056,Yes,N/A,N/A,3,4,1 4,6,1 6,8,9,1 9,3 8,3 9,4 9,6 8,6 9,1 6 9,8 9,3 6 9
3 4 6 8 9,0.0546257,12.4722,Yes,N/A,N/A,3,4,N/A,6,3 4,8,9,4 6,3 8,3 9,4 9,6 8,6 9,3 4 9,8 9,3 6 9
1 3 4 6 8 9 13,0.0433961,16.0602,Yes,N/A,N/A,3,4,1 4,6,1 6,8,9,1 9,3 8,3 9,13,1 13,6 9,3 13,4 13,1 4 13
1 3 4 6 8 9 12,0.052417,13.9213,Yes,N/A,N/A,3,4,1 4,6,3 4,8,9,1 9,3 8,12,1 12,6 8,3 12,4 12,8 9,6 12
3 4 6 8 9 13,0.0219994,21.8889,Yes,N/A,N/A,3,4,N/A,6,3 4,8,9,4 6,3 8,3 9,13,6 8,6 9,3 13,4 13,3 6 9
3 4 6 8 9 12,0.0278369,20.3056,Yes,N/A,N/A,3,4,N/A,6,3 4,8,9,4 6,3 8,12,4 9,6 8,3 12,4 12,8 9,6 12
1 3 4 6 8 9 12 13,0.0276395,21.8241,Yes,N/A,N/A,3,4,1 4,6,3 4,8,9,1 9,3 8,12,13,1 13,3 12,3 13,4 13,6 12
1 3 4 6 8 9 11,0.0594857,12.6759,Yes,N/A,N/A,3,4,1 4,6,3 4,8,9,1 9,11,1 11,4 9,3 11,4 11,1 4 11,6 11,1 6 11
3 4 6 8 9 11,0.0325674,18.7917,Yes,N/A,N/A,3,4,N/A,6,3 4,8,9,4 6,11,3 9,4 9,3 11,4 11,3 4 9,6 11,3 6 9
1 3 4 6 8 9 11 13,0.0324512,19.6157,Yes,N/A,N/A,3,4,1 4,6,3 4,8,9,1 9,11,1 11,13,1 13,4 11,3 13,4 13,4 6 8
3 4 6 8 9 12 13,0.0125806,29.5509,Yes,N/A,N/A,3,4,N/A,6,3 4,8,9,4 6,3 8,12,13,6 8,3 12,3 13,4 13,6 12
1 3 4 6 8 9 11 12,0.0383448,17.9306,Yes,N/A,N/A,3,4,1 4,6,3 4,8,9,1 9,11,12,1 12,3 11,3 12,4 12,8 9,6 12
3 4 6 8 9 11 13,0.0155309,26.8889,Yes,N/A,N/A,3,4,N/A,6,3 4,8,9,4 6,11,3 9,13,3 11,4 11,3 13,6 11,4 6 8
3 4 6 8 9 11 12,0.0185108,25.8981,Yes,N/A,N/A,3,4,N/A,6,3 4,8,9,4 6,11,12,4 9,3 11,3 12,4 12,8 9,6 12
1 3 4 6 8 9 11 12 13,0.0223766,24.787,Yes,N/A,N/A,3,4,1 4,6,3 4,8,9,1 9,11,12,13,1 13,3 12,3 13,4 13,6 12
3 4 6 8 10 11 12 13,0.00909383,34.4861,Yes,N/A,N/A,3,4,N/A,6,3 4,8,3 6,10,11,12,13,4 10,4 11,3 13,4 13,6 12
1 3 4 6 8 9 10,0.068269,10.9306,Yes,N/A,N/A,3,4,1 4,6,1 6,8,9,10,1 10,3 9,3 10,4 10,6 9,6 10,8 9,8 10
3 4 6 8 9 10,0.0381671,17.1343,Yes,N/A,N/A,3,4,N/A,6,3 4,8,9,10,3 8,4 8,3 10,4 10,6 9,6 10,8 9,8 10
1 3 4 6 8 9 10 13,0.0352118,18.4907,Yes,N/A,N/A,3,4,1 4,6,1 6,8,9,10,1 10,3 9,13,1 13,6 9,3 13,4 13,8 10
1 3 4 6 8 9 10 12,0.0433895,16.4398,Yes,N/A,N/A,3,4,1 4,6,1 6,8,9,10,1 10,12,1 12,4 10,3 12,4 12,8 9,6 12
3 4 6 8 9 10 13,0.0163803,26.6065,Yes,N/A,N/A,3,4,N/A,6,3 4,8,9,10,3 8,3 9,13,4 10,6 9,3 13,4 13,8 10
3 4 6 8 9 10 12,0.0212187,24.037,Yes,N/A,N/A,3,4,N/A,6,3 4,8,9,10,3 8,12,4 9,6 8,3 12,4 12,8 9,6 12
1 3 4 6 8 9 10 12 13,0.0243663,23.6065,Yes,N/A,N/A,3,4,1 4,6,3 4,8,9,10,1 10,12,13,1 13,3 12,3 13,4 13,6 12
3 4 6 8 9 11 12 13,0.00994641,33.5787,Yes,N/A,N/A,3,4,N/A,6,3 4,8,9,4 6,11,12,13,3 11,3 12,3 13,8 9,6 12
1 3 4 6 8 9 10 11,0.0501249,14.8565,Yes,N/A,N/A,3,4,1 4,6,1 6,8,9,10,11,1 11,3 10,3 11,4 11,6 10,6 11,8 10
3 4 6 8 9 10 11,0.0261657,21.8981,Yes,N/A,N/A,3,4,N/A,6,3 4,8,9,10,11,4 8,3 10,6 8,4 11,6 10,6 11,8 10
1 3 4 6 8 9 10 11 13,0.0285017,21.5833,Yes,N/A,N/A,3,4,1 4,6,3 4,8,9,10,11,3 9,13,1 13,4 11,3 13,4 13,8 10
3 4 6 8 9 10 12 13,0.0105696,33.0694,Yes,N/A,N/A,3,4,N/A,6,3 4,8,9,10,3 8,12,13,4 10,6 9,4 12,4 13,6 12
1 3 4 6 8 9 10 11 12,0.0343301,19.5509,Yes,N/A,N/A,3,4,1 4,6,3 4,8,9,10,11,12,1 12,3 11,3 12,4 12,6 11,6 12
3 4 6 8 9 10 11 13,0.0130088,30.2037,Yes,N/A,N/A,3,4,N/A,6,3 4,8,9,10,11,3 9,13,6 8,4 11,3 13,4 13,8 10
3 4 6 8 9 10 11 12,0.0162708,28.1157,Yes,N/A,N/A,3,4,N/A,6,3 4,8,9,10,11,12,3 10,6 8,3 12,4 12,6 11,6 12
1 3 4 6 8 9 10 11 12 13,0.0214487,25.7917,Yes,N/A,N/A,3,4,1 4,6,3 4,8,9,10,11,12,13,1 13,3 12,3 13,4 13,6 12
3 4 7 8 9 10 11 12 13,0.00812387,39.4444,Yes,N/A,N/A,3,4,N/A,N/A,7,8,9,10,11,12,13,4 10,3 12,3 13,4 13,7 11
1 3 4 6 7,0.110776,6.375,Yes,N/A,N/A,3,4,1 4,6,7,1 7,3 6,4 6,4 7,1 4 7,6 7,1 6 7,1 3 4 7,3 6 7,4 6 7,1 4 6 7
3 4 6 7,0.0675793,10.9537,Yes,N/A,N/A,3,4,N/A,6,7,N/A,3 6,3 7,4 7,N/A,6 7,3 4 7,N/A,3 6 7,4 6 7,N/A
1 3 4 6 7 13,0.0487492,14.5602,Yes,N/A,N/A,3,4,1 4,6,7,1 7,3 6,4 6,4 7,1 4 7,13,1 13,1 3 4 7,3 13,4 13,1 4 13
1 3 4 6 7 12,0.0640642,11.9398,Yes,N/A,N/A,3,4,1 4,6,7,1 7,3 6,4 6,4 7,12,1 12,1 6 7,3 12,4 12,1 4 12,6 12
3 4 6 7 13,0.0221326,21.5324,Yes,N/A,N/A,3,4,N/A,6,7,N/A,3 6,4 6,4 7,N/A,13,3 4 7,N/A,3 13,4 13,N/A
3 4 6 7 12,0.0324905,17.0972,Yes,N/A,N/A,3,4,N/A,6,7,N/A,3 6,3 7,4 7,12,6 7,3 4 7,3 12,4 12,4 6 7,6 12
1 3 4 6 7 12 13,0.0312982,20.0324,Yes,N/A,N/A,3,4,1 4,6,7,1 7,3 6,4 6,4 7,12,13,1 13,3 12,3 13,4 13,6 12
1 3 4 6 7 11,0.0695335,10.6898,Yes,N/A,N/A,3,4,1 4,6,7,1 7,3 6,4 6,11,1 11,6 7,3 11,4 11,1 4 11,6 11,7 11
3 4 6 7 11,0.033074,17.8333,Yes,N/A,N/A,3,4,N/A,6,7,N/A,3 6,3 7,11,N/A,6 7,3 11,4 11,3 6 7,6 11,7 11
1 3 4 6 7 11 13,0.0343534,18.537,Yes,N/A,N/A,3,4,1 4,6,7,1 7,3 6,4 6,11,1 11,13,1 13,4 11,3 13,4 13,7 11
3 4 6 7 12 13,0.013393,26.9491,Yes,N/A,N/A,3,4,N/A,6,7,N/A,3 6,4 6,4 7,12,13,3 4 7,3 12,3 13,4 13,6 12
1 3 4 6 7 11 12,0.0430084,16.3704,Yes,N/A,N/A,3,4,1 4,6,7,1 7,3 6,4 6,11,12,1 12,3 11,4 11,4 12,6 11,7 11
3 4 6 7 11 13,0.0134591,28.2824,Yes,N/A,N/A,3,4,N/A,6,7,N/A,3 6,4 6,11,N/A,13,3 11,4 11,3 13,4 13,7 11
3 4 6 7 11 12,0.0198774,23.6713,Yes,N/A,N/A,3,4,N/A,6,7,N/A,3 6,3 7,11,12,6 7,3 11,4 11,4 12,6 11,7 11
1 3 4 6 7 11 12 13,0.0230473,24.2176,Yes,N/A,N/A,3,4,1 4,6,7,1 7,3 6,4 6,11,12,13,1 13,4 11,4 12,4 13,7 11
1 3 4 6 7 10,0.0708753,10.3241,Yes,N/A,N/A,3,4,1 4,6,7,1 7,3 6,10,1 10,1 4 7,3 10,4 10,1 4 10,6 10,7 10,1 7 10
3 4 6 7 10,0.0363883,17.6019,Yes,N/A,N/A,3,4,N/A,6,7,N/A,3 6,10,4 7,N/A,3 10,4 10,N/A,6 10,7 10,N/A
1 3 4 6 7 10 13,0.0317354,19.5741,Yes,N/A,N/A,3,4,1 4,6,7,1 7,3 6,10,1 10,1 4 7,13,1 13,1 4 10,3 13,4 13,1 4 13
1 3 4 6 7 10 12,0.0472789,15,Yes,N/A,N/A,3,4,1 4,6,7,1 7,3 6,10,4 7,12,6 7,4 10,3 12,4 12,7 10,6 12
3 4 6 7 10 13,0.0134457,28.8426,Yes,N/A,N/A,3,4,N/A,6,7,N/A,3 6,10,4 7,N/A,13,4 10,N/A,3 13,4 13,N/A
3 4 6 7 10 12,0.0231553,22.5,Yes,N/A,N/A,3,4,N/A,6,7,N/A,3 6,10,4 7,12,3 10,4 10,3 12,6 10,7 10,6 12
1 3 4 6 7 10 12 13,0.0243614,23.537,Yes,N/A,N/A,3,4,1 4,6,7,1 7,3 6,10,4 7,12,13,1 13,3 12,3 13,4 13,6 12
3 4 6 7 11 12 13,0.00935471,33.1574,Yes,N/A,N/A,3,4,N/A,6,7,N/A,3 6,4 6,11,12,13,3 11,4 11,3 13,4 13,7 11
1 3 4 6 7 10 11,0.0507798,14.6806,Yes,N/A,N/A,3,4,1 4,6,7,1 7,3 6,10,11,1 11,3 10,4 10,4 11,6 10,7 10,7 11
3 4 6 7 10 11,0.0221851,24.3935,Yes,N/A,N/A,3,4,N/A,6,7,N/A,3 6,10,11,N/A,6 7,4 10,4 11,6 10,7 10,7 11
1 3 4 6 7 10 11 13,0.0256738,22.8889,Yes,N/A,N/A,3,4,1 4,6,7,1 7,3 6,10,11,1 11,13,4 10,4 11,3 13,4 13,7 11
3 4 6 7 10 12 13,0.00999711,32.5509,Yes,N/A,N/A,3,4,N/A,6,7,N/A,3 6,10,4 7,12,13,4 10,3 12,3 13,4 13,6 12
1 3 4 6 7 10 11 12,0.0344823,19.6343,Yes,N/A,N/A,3,4,1 4,6,7,1 7,3 6,10,11,12,3 10,4 10,4 11,4 12,7 10,7 11
3 4 6 7 10 11 13,0.00938354,35.2083,Yes,N/A,N/A,3,4,N/A,6,7,N/A,3 6,10,11,N/A,13,4 10,4 11,3 13,4 13,7 11
3 4 6 7 10 11 12,0.0154518,28.8519,Yes,N/A,N/A,3,4,N/A,6,7,N/A,3 6,10,11,12,6 7,4 10,4 11,4 12,7 10,7 11
1 3 4 6 7 10 11 12 13,0.0194735,27.0926,Yes,N/A,N/A,3,4,1 4,6,7,1 7,3 6,10,11,12,13,4 10,4 11,4 12,4 13,7 11
1 3 4 6 7 9,0.0821345,8.57407,Yes,N/A,N/A,3,4,1 4,6,7,1 7,9,4 6,4 7,3 9,4 9,1 4 9,6 9,7 9,4 6 7,3 6 9
3 4 6 7 9,0.0490132,13.588,Yes,N/A,N/A,3,4,N/A,6,7,N/A,9,3 7,4 7,3 9,4 9,3 4 7,6 9,7 9,4 6 7,3 6 9
1 3 4 6 7 9 13,0.0417046,16.338,Yes,N/A,N/A,3,4,1 4,6,7,1 7,9,4 6,4 7,3 9,13,1 13,6 9,3 13,4 13,1 4 13
1 3 4 6 7 9 12,0.0489014,14.8565,Yes,N/A,N/A,3,4,1 4,6,7,1 7,9,3 7,4 7,12,1 12,1 4 9,3 12,4 12,1 4 12,6 12
3 4 6 7 9 13,0.0189188,23.8009,Yes,N/A,N/A,3,4,N/A,6,7,N/A,9,4 6,4 7,3 9,13,3 4 7,6 9,3 13,4 13,3 6 9
3 4 6 7 9 12,0.0244591,22.0231,Yes,N/A,N/A,3,4,N/A,6,7,N/A,9,3 7,4 7,12,4 9,3 4 7,3 12,4 12,4 6 7,6 12
1 3 4 6 7 9 12 13,0.0269163,22.662,Yes,N/A,N/A,3,4,1 4,6,7,1 7,9,4 6,4 7,12,13,1 13,3 12,3 13,4 13,6 12
1 3 4 6 7 9 11,0.0630161,11.8935,Yes,N/A,N/A,3,4,1 4,6,7,1 7,9,4 6,11,1 11,4 9,3 11,4 11,7 9,6 11,7 11
3 4 6 7 9 11,0.0326844,19.8009,Yes,N/A,N/A,3,4,N/A,6,7,N/A,9,4 6,11,3 9,4 9,3 11,4 11,7 9,6 11,7 11
1 3 4 6 7 9 11 13,0.0326736,19.6806,Yes,N/A,N/A,3,4,1 4,6,7,1 7,9,4 6,11,1 11,13,1 13,4 11,3 13,4 13,7 11
3 4 6 7 9 12 13,0.0108639,31.8565,Yes,N/A,N/A,3,4,N/A,6,7,N/A,9,3 7,4 7,12,13,3 4 7,6 9,3 13,4 13,6 12
1 3 4 6 7 9 11 12,0.0403304,17.4722,Yes,N/A,N/A,3,4,1 4,6,7,1 7,9,4 6,11,12,4 9,3 11,3 12,4 12,6 11,6 12
3 4 6 7 9 11 13,0.0135004,29.7269,Yes,N/A,N/A,3,4,N/A,6,7,N/A,9,4 6,11,3 9,13,3 11,4 11,3 13,4 13,7 11
3 4 6 7 9 11 12,0.0183829,26.9954,Yes,N/A,N/A,3,4,N/A,6,7,N/A,9,3 7,11,12,4 9,3 11,3 12,4 12,6 11,6 12
1 3 4 6 7 9 11 12 13,0.0229243,24.9861,Yes,N/A,N/A,3,4,1 4,6,7,1 7,9,4 6,11,12,13,3 11,3 12,3 13,4 13,6 12
3 4 6 7 10 11 12 13,0.00756524,38.4352,Yes,N/A,N/A,3,4,N/A,6,7,N/A,3 6,10,11,12,13,4 10,3 12,3 13,4 13,7 11
1 3 4 6 7 9 10,0.0642826,11.713,Yes,N/A,N/A,3,4,1 4,6,7,1 7,9,10,1 10,3 9,3 10,4 10,6 9,6 10,7 10,1 7 10
3 4 6 7 9 10,0.0355715,19.3241,Yes,N/A,N/A,3,4,N/A,6,7,N/A,9,10,4 7,3 9,3 10,4 10,6 9,6 10,7 10,3 6 9
1 3 4 6 7 9 10 13,0.0315201,20.3611,Yes,N/A,N/A,3,4,1 4,6,7,1 7,9,10,1 10,3 9,13,1 13,6 9,3 13,4 13,3 6 9
1 3 4 6 7 9 10 12,0.0408814,17.4352,Yes,N/A,N/A,3,4,1 4,6,7,1 7,9,10,4 7,12,3 10,4 10,3 12,4 12,7 10,6 12
3 4 6 7 9 10 13,0.0139216,29.7593,Yes,N/A,N/A,3,4,N/A,6,7,N/A,9,10,4 7,3 9,13,4 10,6 9,3 13,4 13,3 6 9
3 4 6 7 9 10 12,0.0192273,27.037,Yes,N/A,N/A,3,4,N/A,6,7,N/A,9,10,4 7,12,3 10,4 10,3 12,6 10,7 10,6 12
1 3 4 6 7 9 10 12 13,0.0226689,25.4676,Yes,N/A,N/A,3,4,1 4,6,7,1 7,9,10,4 7,12,13,4 10,3 12,3 13,4 13,6 12
3 4 6 7 9 11 12 13,0.00903627,36.4352,Yes,N/A,N/A,3,4,N/A,6,7,N/A,9,4 6,11,12,13,3 11,6 9,4 12,4 13,6 12
1 3 4 6 7 9 10 11,0.0490821,15.4213,Yes,N/A,N/A,3,4,1 4,6,7,1 7,9,10,11,1 11,3 10,4 10,4 11,6 10,6 11,7 11
3 4 6 7 9 10 11,0.0235927,25.287,Yes,N/A,N/A,3,4,N/A,6,7,N/A,9,10,11,3 9,6 7,4 10,4 11,6 10,7 10,7 11
1 3 4 6 7 9 10 11 13,0.026253,23.1204,Yes,N/A,N/A,3,4,1 4,6,7,1 7,9,10,11,1 11,13,4 10,4 11,3 13,4 13,7 11
3 4 6 7 9 10 12 13,0.00903831,37.0231,Yes,N/A,N/A,3,4,N/A,6,7,N/A,9,10,4 7,12,13,4 10,3 12,3 13,4 13,6 12
1 3 4 6 7 9 10 11 12,0.0337691,20.125,Yes,N/A,N/A,3,4,1 4,6,7,1 7,9,10,11,12,3 10,3 11,3 12,4 12,6 11,6 12
3 4 6 7 9 10 11 13,0.0104909,35.3287,Yes,N/A,N/A,3,4,N/A,6,7,N/A,9,10,11,3 9,13,4 10,4 11,3 13,4 13,7 11
3 4 6 7 9 10 11 12,0.014718,31.9769,Yes,N/A,N/A,3,4,N/A,6,7,N/A,9,10,11,12,4 9,3 11,3 12,4 12,6 11,6 12
1 3 4 6 7 9 10 11 12 13,0.0203332,27.1806,Yes,N/A,N/A,3,4,1 4,6,7,1 7,9,10,11,12,13,3 11,3 12,3 13,4 13,6 12
3 4 6 8 9 10 11 12 13,0.0092896,35.9028,Yes,N/A,N/A,3,4,N/A,6,3 4,8,9,10,11,12,13,6 8,3 12,3 13,4 13,6 12
1 3 4 6 7 8,0.0900891,7.27778,Yes,N/A,N/A,3,4,1 4,6,7,8,1 8,3 7,4 7,4 8,6 7,6 8,7 8,3 6 7,4 6 7,4 6 8
3 4 6 7 8,0.062378,10.8935,Yes,N/A,N/A,3,4,N/A,6,7,8,3 6,3 7,3 8,4 8,6 7,6 8,7 8,3 6 7,4 6 7,3 7 8
1 3 4 6 7 8 13,0.047493,14.338,Yes,N/A,N/A,3,4,1 4,6,7,8,3 6,3 7,4 7,4 8,13,1 13,7 8,3 13,4 13,1 4 13
1 3 4 6 7 8 12,0.0592447,12.1296,Yes,N/A,N/A,3,4,1 4,6,7,8,1 8,3 7,4 7,12,1 12,6 8,3 12,4 12,1 4 12,6 12
3 4 6 7 8 13,0.0249774,20.1343,Yes,N/A,N/A,3,4,N/A,6,7,8,3 6,3 7,4 7,4 8,13,6 8,7 8,3 13,4 13,4 6 8
3 4 6 7 8 12,0.0325429,18.2685,Yes,N/A,N/A,3,4,N/A,6,7,8,3 6,4 6,3 8,12,6 7,6 8,3 12,4 12,4 6 7,6 12
1 3 4 6 7 8 12 13,0.031187,19.7731,Yes,N/A,N/A,3,4,1 4,6,7,8,1 8,3 7,4 7,12,13,1 13,3 12,3 13,4 13,6 12
1 3 4 6 7 8 11,0.0655789,11.3472,Yes,N/A,N/A,3,4,1 4,6,7,8,1 8,3 7,11,1 11,6 7,3 11,4 11,1 4 11,6 11,7 11
3 4 6 7 8 11,0.03916,17.0509,Yes,N/A,N/A,3,4,N/A,6,7,8,3 6,3 7,11,4 8,6 7,3 11,4 11,3 6 7,6 11,7 11
1 3 4 6 7 8 11 13,0.0353163,18.5741,Yes,N/A,N/A,3,4,1 4,6,7,8,3 6,3 7,11,1 11,13,1 13,7 8,3 13,4 13,7 11
3 4 6 7 8 12 13,0.015308,26.5417,Yes,N/A,N/A,3,4,N/A,6,7,8,3 6,4 6,4 7,12,13,6 8,3 12,3 13,4 13,6 12
1 3 4 6 7 8 11 12,0.0431791,16.4074,Yes,N/A,N/A,3,4,1 4,6,7,8,1 8,3 7,11,12,1 12,3 11,3 12,4 12,6 11,7 11
3 4 6 7 8 11 13,0.0170122,25.8472,Yes,N/A,N/A,3,4,N/A,6,7,8,3 6,3 7,11,4 8,13,3 11,4 11,3 13,4 13,7 11
3 4 6 7 8 11 12,0.0207881,24.4954,Yes,N/A,N/A,3,4,N/A,6,7,8,3 6,3 7,11,12,6 7,3 11,4 11,4 12,6 11,7 11
1 3 4 6 7 8 11 12 13,0.0243482,23.7546,Yes,N/A,N/A,3,4,1 4,6,7,8,1 8,3 7,11,12,13,1 13,3 12,3 13,4 13,7 11
1 3 4 6 7 8 10,0.0741908,10.2546,Yes,N/A,N/A,3,4,1 4,6,7,8,3 6,10,1 10,4 8,3 10,4 10,7 8,6 10,7 10,8 10
3 4 6 7 8 10,0.0461941,15.4352,Yes,N/A,N/A,3,4,N/A,6,7,8,3 6,10,4 7,4 8,3 10,4 10,7 8,6 10,7 10,8 10
1 3 4 6 7 8 10 13,0.0375351,18.0093,Yes,N/A,N/A,3,4,1 4,6,7,8,3 6,10,1 10,4 8,13,1 13,7 8,3 13,4 13,8 10
1 3 4 6 7 8 10 12,0.0500763,14.8657,Yes,N/A,N/A,3,4,1 4,6,7,8,3 6,10,4 7,12,1 12,4 10,3 12,4 12,7 10,8 10
3 4 6 7 8 10 13,0.0183184,25.0602,Yes,N/A,N/A,3,4,N/A,6,7,8,3 6,10,4 7,4 8,13,4 10,7 8,3 13,4 13,8 10
3 4 6 7 8 10 12,0.0259342,21.4352,Yes,N/A,N/A,3,4,N/A,6,7,8,3 6,10,4 7,12,3 10,4 10,3 12,4 12,7 10,6 12
1 3 4 6 7 8 10 12 13,0.027864,21.9028,Yes,N/A,N/A,3,4,1 4,6,7,8,3 6,10,4 7,12,13,1 13,3 12,3 13,4 13,6 12
3 4 6 7 8 11 12 13,0.0109033,32.0093,Yes,N/A,N/A,3,4,N/A,6,7,8,3 6,3 7,11,12,13,3 11,4 11,3 13,4 13,7 11
1 3 4 6 7 8 10 11,0.0539608,14.1759,Yes,N/A,N/A,3,4,1 4,6,7,8,3 6,10,11,1 11,3 10,3 11,4 11,6 10,7 10,7 11
3 4 6 7 8 10 11,0.0279936,21.588,Yes,N/A,N/A,3,4,N/A,6,7,8,3 6,10,11,4 8,3 10,3 11,4 11,6 10,7 10,7 11
1 3 4 6 7 8 10 11 13,0.029652,21.3241,Yes,N/A,N/A,3,4,1 4,6,7,8,3 6,10,11,1 11,13,1 13,4 11,3 13,4 13,7 11
3 4 6 7 8 10 12 13,0.0125603,30.0046,Yes,N/A,N/A,3,4,N/A,6,7,8,3 6,10,4 7,12,13,4 10,3 12,3 13,4 13,8 10
1 3 4 6 7 8 10 11 12,0.0372359,18.6435,Yes,N/A,N/A,3,4,1 4,6,7,8,3 6,10,11,12,1 12,3 11,3 12,4 12,7 10,7 11
3 4 6 7 8 10 11 13,0.0132062,30.2222,Yes,N/A,N/A,3,4,N/A,6,7,8,3 6,10,11,4 8,13,3 11,4 11,3 13,7 10,7 11
3 4 6 7 8 10 11 12,0.0173605,27.3102,Yes,N/A,N/A,3,4,N/A,6,7,8,3 6,10,11,12,3 10,4 10,4 11,4 12,7 10,7 11
1 3 4 6 7 8 10 11 12 13,0.0227144,25.1389,Yes,N/A,N/A,3,4,1 4,6,7,8,3 6,10,11,12,13,1 13,3 12,3 13,4 13,7 11
3 4 6 7 9 10 11 12 13,0.00777904,41.4676,Yes,N/A,N/A,3,4,N/A,6,7,N/A,9,10,11,12,13,3 11,3 12,3 13,4 13,6 12
1 3 4 6 7 8 9,0.0841997,8.71759,Yes,N/A,N/A,3,4,1 4,6,7,8,9,1 9,3 8,3 9,4 9,6 8,7 8,7 9,8 9,4 6 8
3 4 6 7 8 9,0.0569316,13.5694,Yes,N/A,N/A,3,4,N/A,6,7,8,9,3 7,3 8,3 9,4 9,6 8,6 9,7 9,8 9,3 6 9
1 3 4 6 7 8 9 13,0.0447162,15.75,Yes,N/A,N/A,3,4,1 4,6,7,8,9,3 7,4 7,3 9,13,1 13,6 9,3 13,4 13,1 4 13
1 3 4 6 7 8 9 12,0.0538328,13.7639,Yes,N/A,N/A,3,4,1 4,6,7,8,9,3 7,3 8,12,1 12,6 8,3 12,4 12,8 9,6 12
3 4 6 7 8 9 13,0.0235327,22.1944,Yes,N/A,N/A,3,4,N/A,6,7,8,9,4 6,4 7,3 9,13,6 8,6 9,3 13,4 13,3 6 9
3 4 6 7 8 9 12,0.0294129,20.3981,Yes,N/A,N/A,3,4,N/A,6,7,8,9,3 7,3 8,12,4 9,6 8,3 12,4 12,8 9,6 12
1 3 4 6 7 8 9 12 13,0.029898,20.7361,Yes,N/A,N/A,3,4,1 4,6,7,8,9,1 9,3 8,12,13,1 13,3 12,3 13,4 13,6 12
1 3 4 6 7 8 9 11,0.062692,12.1296,Yes,N/A,N/A,3,4,1 4,6,7,8,9,3 7,11,1 11,4 9,3 11,4 11,7 9,6 11,7 11
3 4 6 7 8 9 11,0.0346989,18.713,Yes,N/A,N/A,3,4,N/A,6,7,8,9,3 7,11,4 8,4 9,3 11,4 11,7 9,6 11,7 11
1 3 4 6 7 8 9 11 13,0.0348905,18.8935,Yes,N/A,N/A,3,4,1 4,6,7,8,9,3 7,11,1 11,13,1 13,4 11,3 13,4 13,7 11
3 4 6 7 8 9 12 13,0.0140943,29.037,Yes,N/A,N/A,3,4,N/A,6,7,8,9,4 6,3 8,12,13,6 8,3 12,3 13,4 13,6 12
1 3 4 6 7 8 9 11 12,0.0418137,16.8148,Yes,N/A,N/A,3,4,1 4,6,7,8,9,3 7,11,12,1 12,3 11,3 12,4 12,8 9,7 11
3 4 6 7 8 9 11 13,0.0165208,26.8333,Yes,N/A,N/A,3,4,N/A,6,7,8,9,4 6,11,4 8,13,3 11,4 11,3 13,4 13,7 11
3 4 6 7 8 9 11 12,0.0204478,24.875,Yes,N/A,N/A,3,4,N/A,6,7,8,9,3 7,11,12,4 9,3 11,3 12,4 12,6 11,6 12
1 3 4 6 7 8 9 11 12 13,0.0254289,22.9444,Yes,N/A,N/A,3,4,1 4,6,7,8,9,3 7,11,12,13,1 13,3 12,3 13,4 13,7 11
3 4 6 7 8 10 11 12 13,0.00974683,35.0278,Yes,N/A,N/A,3,4,N/A,6,7,8,3 6,10,11,12,13,4 10,4 11,3 13,4 13,7 11
1 3 4 6 7 8 9 10,0.0680715,11.2269,Yes,N/A,N/A,3,4,1 4,6,7,8,9,10,1 10,3 9,3 10,4 10,7 8,7 9,7 10,8 10
3 4 6 7 8 9 10,0.0389807,17.4491,Yes,N/A,N/A,3,4,N/A,6,7,8,9,10,4 7,3 9,3 10,4 10,6 9,7 9,7 10,8 10
1 3 4 6 7 8 9 10 13,0.0368506,18.5556,Yes,N/A,N/A,3,4,1 4,6,7,8,9,10,1 10,3 9,13,1 13,6 9,3 13,4 13,8 10
1 3 4 6 7 8 9 10 12,0.0454308,15.9352,Yes,N/A,N/A,3,4,1 4,6,7,8,9,10,1 10,12,1 12,4 10,3 12,7 9,7 10,6 12
3 4 6 7 8 9 10 13,0.0180174,26.3287,Yes,N/A,N/A,3,4,N/A,6,7,8,9,10,4 7,3 9,13,4 10,6 9,3 13,4 13,8 10
3 4 6 7 8 9 10 12,0.0232016,23.6852,Yes,N/A,N/A,3,4,N/A,6,7,8,9,10,4 7,12,3 10,4 10,3 12,4 12,7 10,6 12
1 3 4 6 7 8 9 10 12 13,0.0276223,22.1898,Yes,N/A,N/A,3,4,1 4,6,7,8,9,10,4 7,12,13,1 13,3 12,3 13,4 13,6 12
3 4 6 7 8 9 11 12 13,0.0112413,32.5741,Yes,N/A,N/A,3,4,N/A,6,7,8,9,4 6,11,12,13,3 11,3 12,3 13,4 13,6 12
1 3 4 6 7 8 9 10 11,0.0517996,14.537,Yes,N/A,N/A,3,4,1 4,6,7,8,9,10,11,1 11,3 10,3 11,4 11,7 9,7 10,7 11
3 4 6 7 8 9 10 11,0.0264938,22.2731,Yes,N/A,N/A,3,4,N/A,6,7,8,9,10,11,3 9,3 10,3 11,4 11,7 9,6 11,7 11
1 3 4 6 7 8 9 10 11 13,0.0305789,21.0139,Yes,N/A,N/A,3,4,1 4,6,7,8,9,10,11,1 11,13,1 13,4 11,3 13,4 13,7 11
3 4 6 7 8 9 10 12 13,0.0124125,31.8611,Yes,N/A,N/A,3,4,N/A,6,7,8,9,10,4 7,12,13,4 10,3 12,3 13,4 13,6 12
1 3 4 6 7 8 9 10 11 12,0.0373253,18.1991,Yes,N/A,N/A,3,4,1 4,6,7,8,9,10,11,12,3 10,3 11,3 12,7 9,7 10,7 11
3 4 6 7 8 9 10 11 13,0.0138312,30.5139,Yes,N/A,N/A,3,4,N/A,6,7,8,9,10,11,3 9,13,3 11,4 11,3 13,4 13,7 11
3 4 6 7 8 9 10 11 12,0.017575,27.5833,Yes,N/A,N/A,3,4,N/A,6,7,8,9,10,11,12,3 10,3 11,3 12,4 12,6 11,6 12
1 3 4 6 7 8 9 10 11 12 13,0.024526,24.0556,Yes,N/A,N/A,3,4,1 4,6,7,8,9,10,11,12,13,1 13,3 12,3 13,4 13,7 11
3 5 6 7 8 9 10 11 12 13,0.00957629,34.4676,Yes,N/A,N/A,3,N/A,5,6,7,8,9,10,11,12,13,3 11,3 12,3 13,5 12,5 13
1 3 4 5,0.134034,5.625,Yes,N/A,N/A,3,4,5,1 5,3 4,3 5,4 5,1 4 5,N/A,3 4 5,1 3 4 5,N/A,N/A,N/A,N/A,N/A
3 4 5,0.123382,7.76389,Yes,N/A,N/A,3,4,5,N/A,3 4,3 5,4 5,N/A,N/A,3 4 5,N/A,N/A,N/A,N/A,N/A,N/A
1 3 4 5 13,0.048915,14.1481,Yes,N/A,N/A,3,4,5,1 5,3 4,3 5,4 5,1 4 5,N/A,3 4 5,13,1 13,N/A,3 13,4 13,5 13
1 3 4 5 12,0.0578411,13.0324,Yes,N/A,N/A,3,4,5,1 5,3 4,3 5,4 5,1 4 5,N/A,12,1 12,N/A,3 12,4 12,5 12,1 5 12
3 4 5 13,0.0345853,17.5556,Yes,N/A,N/A,3,4,5,N/A,3 4,3 5,4 5,N/A,N/A,3 4 5,13,N/A,N/A,3 13,4 13,5 13
3 4 5 12,0.0342312,17.0463,Yes,N/A,N/A,3,4,5,N/A,3 4,3 5,4 5,N/A,N/A,12,N/A,N/A,3 12,4 12,5 12,N/A
1 3 4 5 12 13,0.0256549,21.9352,Yes,N/A,N/A,3,4,5,1 5,3 4,3 5,4 5,1 4 5,N/A,12,13,1 13,3 12,3 13,4 13,5 13
1 3 4 5 11,0.0907186,8.89815,Yes,N/A,N/A,3,4,5,1 5,3 4,3 5,4 5,1 4 5,11,1 11,1 3 4 5,3 11,4 11,5 11,1 5 11,3 4 11
3 4 5 11,0.0612015,13.375,Yes,N/A,N/A,3,4,5,N/A,3 4,3 5,4 5,N/A,11,3 4 5,N/A,3 11,4 11,5 11,N/A,3 4 11
1 3 4 5 11 13,0.039028,16.9537,Yes,N/A,N/A,3,4,5,1 5,3 4,3 5,4 5,1 4 5,11,1 11,13,1 13,4 11,3 13,4 13,5 13
3 4 5 12 13,0.0131846,26.7593,Yes,N/A,N/A,3,4,5,N/A,3 4,3 5,4 5,N/A,N/A,12,13,N/A,3 12,3 13,4 13,5 13
1 3 4 5 11 12,0.0475939,15.7361,Yes,N/A,N/A,3,4,5,1 5,3 4,3 5,4 5,1 4 5,11,12,1 12,3 11,3 12,4 12,5 12,1 5 12
3 4 5 11 13,0.0219204,22.1296,Yes,N/A,N/A,3,4,5,N/A,3 4,3 5,4 5,N/A,11,3 4 5,13,3 11,4 11,3 13,4 13,5 13
3 4 5 11 12,0.0227256,22.6204,Yes,N/A,N/A,3,4,5,N/A,3 4,3 5,4 5,N/A,11,12,N/A,3 11,3 12,4 12,5 12,3 4 11
1 3 4 5 11 12 13,0.0223541,24.2454,Yes,N/A,N/A,3,4,5,1 5,3 4,3 5,4 5,1 4 5,11,12,13,1 13,3 12,4 12,4 13,5 13
1 3 4 5 10,0.105964,7.68981,Yes,N/A,N/A,3,4,5,1 5,3 4,3 5,4 5,10,1 10,3 4 5,3 10,4 10,5 10,1 5 10,3 4 10,3 5 10
3 4 5 10,0.0754369,11.3333,Yes,N/A,N/A,3,4,5,N/A,3 4,3 5,4 5,10,N/A,3 4 5,3 10,4 10,5 10,N/A,3 4 10,3 5 10
1 3 4 5 10 13,0.0447795,16.0556,Yes,N/A,N/A,3,4,5,1 5,3 4,3 5,4 5,10,1 10,3 4 5,13,1 13,5 10,3 13,4 13,5 13
1 3 4 5 10 12,0.0559086,13.7315,Yes,N/A,N/A,3,4,5,1 5,3 4,3 5,4 5,10,1 10,12,1 12,4 10,3 12,4 12,5 12,1 5 12
3 4 5 10 13,0.0232723,21.463,Yes,N/A,N/A,3,4,5,N/A,3 4,3 5,4 5,10,N/A,3 4 5,13,4 10,5 10,3 13,4 13,5 13
3 4 5 10 12,0.0292234,19.8287,Yes,N/A,N/A,3,4,5,N/A,3 4,3 5,4 5,10,N/A,12,3 10,4 10,3 12,4 12,5 12,3 5 10
1 3 4 5 10 12 13,0.026262,22.1991,Yes,N/A,N/A,3,4,5,1 5,3 4,3 5,4 5,10,1 10,12,13,1 13,3 12,3 13,4 13,5 13
3 4 5 11 12 13,0.0107098,30.6991,Yes,N/A,N/A,3,4,5,N/A,3 4,3 5,4 5,N/A,11,12,13,3 11,3 12,3 13,4 13,5 13
1 3 4 5 10 11,0.0675602,12.1713,Yes,N/A,N/A,3,4,5,1 5,3 4,3 5,4 5,10,11,1 11,3 10,4 10,4 11,5 11,1 5 11,3 4 11
3 4 5 10 11,0.0400375,16.375,Yes,N/A,N/A,3,4,5,N/A,3 4,3 5,4 5,10,11,3 4 5,3 10,3 11,4 11,5 11,3 4 10,3 4 11
1 3 4 5 10 11 13,0.0326716,20.0185,Yes,N/A,N/A,3,4,5,1 5,3 4,3 5,4 5,10,11,1 11,13,1 13,4 11,3 13,4 13,5 13
3 4 5 10 12 13,0.0118371,29.6574,Yes,N/A,N/A,3,4,5,N/A,3 4,3 5,4 5,10,N/A,12,13,4 10,3 12,3 13,4 13,5 13
1 3 4 5 10 11 12,0.0403159,18.287,Yes,N/A,N/A,3,4,5,1 5,3 4,3 5,4 5,10,11,12,1 12,3 11,4 11,4 12,5 12,3 4 11
3 4 5 10 11 13,0.0162594,25.6852,Yes,N/A,N/A,3,4,5,N/A,3 4,3 5,4 5,10,11,3 4 5,13,3 11,5 10,3 13,4 13,5 13
3 4 5 10 11 12,0.0205683,23.7037,Yes,N/A,N/A,3,4,5,N/A,3 4,3 5,4 5,10,11,12,3 10,3 11,3 12,4 12,5 12,3 4 11
1 3 4 5 10 11 12 13,0.0213389,26.5648,Yes,N/A,N/A,3,4,5,1 5,3 4,3 5,4 5,10,11,12,13,1 13,4 11,4 12,4 13,5 13
1 3 4 5 9,0.0936007,8.7963,Yes,N/A,N/A,3,4,5,1 5,3 4,3 5,9,1 9,N/A,3 9,4 9,5 9,1 5 9,3 4 9,3 5 9,4 5 9
3 4 5 9,0.0601511,12.3009,Yes,N/A,N/A,3,4,5,N/A,3 4,3 5,9,N/A,N/A,3 9,4 9,5 9,N/A,3 4 9,3 5 9,4 5 9
1 3 4 5 9 13,0.037893,18.0093,Yes,N/A,N/A,3,4,5,1 5,3 4,3 5,9,1 9,N/A,3 9,13,1 13,1 5 9,3 13,4 13,5 13
1 3 4 5 9 12,0.0458555,16.1852,Yes,N/A,N/A,3,4,5,1 5,3 4,3 5,9,1 9,N/A,12,1 12,5 9,3 12,4 12,5 12,1 5 12
3 4 5 9 13,0.0182746,23.2917,Yes,N/A,N/A,3,4,5,N/A,3 4,3 5,9,N/A,N/A,3 9,13,5 9,N/A,3 13,4 13,5 13
3 4 5 9 12,0.0232787,21.088,Yes,N/A,N/A,3,4,5,N/A,3 4,3 5,9,N/A,N/A,12,4 9,5 9,3 12,4 12,5 12,4 5 9
1 3 4 5 9 12 13,0.0209657,25.7731,Yes,N/A,N/A,3,4,5,1 5,3 4,3 5,9,1 9,N/A,12,13,1 13,3 12,4 12,4 13,5 13
1 3 4 5 9 11,0.0675836,11.1111,Yes,N/A,N/A,3,4,5,1 5,3 4,3 5,9,1 9,11,1 11,4 9,5 9,4 11,5 11,1 5 11,3 4 11
3 4 5 9 11,0.0342674,17.4306,Yes,N/A,N/A,3,4,5,N/A,3 4,3 5,9,N/A,11,3 9,4 9,3 11,4 11,5 11,3 5 9,3 4 11
1 3 4 5 9 11 13,0.0332331,18.838,Yes,N/A,N/A,3,4,5,1 5,3 4,3 5,9,1 9,11,3 9,13,1 13,4 11,3 13,4 13,5 13
3 4 5 9 12 13,0.00914547,31.9028,Yes,N/A,N/A,3,4,5,N/A,3 4,3 5,9,N/A,N/A,12,13,5 9,3 12,4 12,4 13,5 13
1 3 4 5 9 11 12,0.0385715,17.7685,Yes,N/A,N/A,3,4,5,1 5,3 4,3 5,9,1 9,11,12,1 12,3 11,3 12,4 12,5 12,1 5 12
3 4 5 9 11 13,0.0141368,27.4259,Yes,N/A,N/A,3,4,5,N/A,3 4,3 5,9,N/A,11,3 9,13,5 9,4 11,3 13,4 13,5 13
3 4 5 9 11 12,0.017508,25.9907,Yes,N/A,N/A,3,4,5,N/A,3 4,3 5,9,N/A,11,12,4 9,3 11,3 12,4 12,5 12,4 5 9
1 3 4 5 9 11 12 13,0.0204577,25.5509,Yes,N/A,N/A,3,4,5,1 5,3 4,3 5,9,1 9,11,12,13,1 13,3 12,4 12,4 13,5 13
3 4 5 10 11 12 13,0.0100777,32.1898,Yes,N/A,N/A,3,4,5,N/A,3 4,3 5,4 5,10,11,12,13,3 11,3 12,3 13,4 13,5 13
1 3 4 5 9 10,0.0712418,10.5324,Yes,N/A,N/A,3,4,5,1 5,3 4,3 5,9,10,1 10,3 9,4 9,4 10,5 10,1 5 10,3 4 10,3 5 10
3 4 5 9 10,0.0390515,16.3889,Yes,N/A,N/A,3,4,5,N/A,3 4,3 5,9,10,N/A,3 9,3 10,4 10,5 10,3 4 9,3 4 10,3 5 10
1 3 4 5 9 10 13,0.0335976,19.3241,Yes,N/A,N/A,3,4,5,1 5,3 4,3 5,9,10,1 10,3 9,13,1 13,5 10,3 13,4 13,5 13
1 3 4 5 9 10 12,0.0428158,16.3657,Yes,N/A,N/A,3,4,5,1 5,3 4,3 5,9,10,1 10,12,4 9,5 9,5 10,4 12,5 12,1 5 12
3 4 5 9 10 13,0.0157751,26.5926,Yes,N/A,N/A,3,4,5,N/A,3 4,3 5,9,10,N/A,3 9,13,4 10,5 10,3 13,4 13,5 13
3 4 5 9 10 12,0.0203189,24.625,Yes,N/A,N/A,3,4,5,N/A,3 4,3 5,9,10,N/A,12,3 10,5 9,3 12,4 12,5 12,3 5 10
1 3 4 5 9 10 12 13,0.0217819,25.1204,Yes,N/A,N/A,3,4,5,1 5,3 4,3 5,9,10,1 10,12,13,1 13,5 10,4 12,4 13,5 13
3 4 5 9 11 12 13,0.00828639,35.5648,Yes,N/A,N/A,3,4,5,N/A,3 4,3 5,9,N/A,11,12,13,5 9,4 11,3 13,5 12,5 13
1 3 4 5 9 10 11,0.0533853,14.338,Yes,N/A,N/A,3,4,5,1 5,3 4,3 5,9,10,11,1 11,4 9,4 10,4 11,5 11,3 4 10,3 5 10
3 4 5 9 10 11,0.0283709,20.1852,Yes,N/A,N/A,3,4,5,N/A,3 4,3 5,9,10,11,3 9,4 9,4 10,4 11,5 11,3 5 9,3 4 11
1 3 4 5 9 10 11 13,0.0286196,21.9907,Yes,N/A,N/A,3,4,5,1 5,3 4,3 5,9,10,11,3 9,13,1 13,4 11,5 11,4 13,5 13
3 4 5 9 10 12 13,0.00925331,34.6944,Yes,N/A,N/A,3,4,5,N/A,3 4,3 5,9,10,N/A,12,13,4 10,3 12,4 12,4 13,5 13
1 3 4 5 9 10 11 12,0.0350512,19.8843,Yes,N/A,N/A,3,4,5,1 5,3 4,3 5,9,10,11,12,1 12,4 10,4 11,4 12,5 12,1 5 12
3 4 5 9 10 11 13,0.0132008,29.037,Yes,N/A,N/A,3,4,5,N/A,3 4,3 5,9,10,11,3 9,13,4 10,4 11,3 13,4 13,5 13
3 4 5 9 10 11 12,0.0169905,26.8148,Yes,N/A,N/A,3,4,5,N/A,3 4,3 5,9,10,11,12,4 9,5 9,4 11,4 12,5 12,4 5 9
1 3 4 5 9 10 11 12 13,0.0202309,27.287,Yes,N/A,N/A,3,4,5,1 5,3 4,3 5,9,10,11,12,13,1 13,4 11,4 12,4 13,5 13
1 3 4 5 8,0.111004,6.51852,Yes,N/A,N/A,3,4,5,1 5,3 4,8,4 5,1 4 5,3 8,4 8,5 8,1 5 8,3 4 8,3 5 8,4 5 8,1 4 5 8
3 4 5 8,0.0706676,10.2269,Yes,N/A,N/A,3,4,5,N/A,3 4,8,4 5,N/A,3 8,4 8,5 8,N/A,3 4 8,3 5 8,4 5 8,N/A
1 3 4 5 8 13,0.0493993,14.5694,Yes,N/A,N/A,3,4,5,1 5,3 4,8,4 5,1 4 5,3 8,4 8,13,1 13,3 4 8,3 13,4 13,5 13
1 3 4 5 8 12,0.0580925,12.9815,Yes,N/A,N/A,3,4,5,1 5,3 4,8,4 5,1 4 5,3 8,12,1 12,1 5 8,3 12,4 12,5 12,1 5 12
3 4 5 8 13,0.0234295,20.7778,Yes,N/A,N/A,3,4,5,N/A,3 4,8,4 5,N/A,3 8,4 8,13,N/A,3 4 8,3 13,4 13,5 13
3 4 5 8 12,0.0285406,19.4306,Yes,N/A,N/A,3,4,5,N/A,3 4,8,4 5,N/A,3 8,12,5 8,N/A,3 12,4 12,5 12,N/A
1 3 4 5 8 12 13,0.0283272,21.3148,Yes,N/A,N/A,3,4,5,1 5,3 4,8,4 5,1 4 5,3 8,12,13,1 13,3 12,3 13,4 13,5 13
1 3 4 5 8 11,0.0661169,11.1944,Yes,N/A,N/A,3,4,5,1 5,3 4,8,1 8,1 4 5,11,1 11,5 8,3 11,4 11,5 11,1 5 11,3 4 11
3 4 5 8 11,0.0360847,16.662,Yes,N/A,N/A,3,4,5,N/A,3 4,8,4 5,N/A,11,4 8,5 8,3 11,4 11,5 11,4 5 8,3 4 11
1 3 4 5 8 11 13,0.0326912,19.1204,Yes,N/A,N/A,3,4,5,1 5,3 4,8,1 8,1 4 5,11,4 8,13,1 13,4 11,3 13,4 13,5 13
3 4 5 8 12 13,0.0118104,29.6343,Yes,N/A,N/A,3,4,5,N/A,3 4,8,4 5,N/A,3 8,12,13,N/A,3 12,3 13,4 13,5 13
1 3 4 5 8 11 12,0.039362,17.7315,Yes,N/A,N/A,3,4,5,1 5,3 4,8,4 5,1 4 5,11,12,1 12,3 11,3 12,4 12,5 12,1 5 12
3 4 5 8 11 13,0.0148809,26.8056,Yes,N/A,N/A,3,4,5,N/A,3 4,8,4 5,N/A,11,4 8,13,3 11,4 11,3 13,4 13,5 13
3 4 5 8 11 12,0.0185406,25.1759,Yes,N/A,N/A,3,4,5,N/A,3 4,8,4 5,N/A,11,12,5 8,3 11,3 12,5 11,5 12,3 4 11
1 3 4 5 8 11 12 13,0.0206744,25.8287,Yes,N/A,N/A,3,4,5,1 5,3 4,8,1 8,1 4 5,11,12,13,1 13,3 12,3 13,4 13,5 13
1 3 4 5 8 10,0.079808,8.84259,Yes,N/A,N/A,3,4,5,1 5,3 4,8,1 8,10,1 10,4 8,3 10,4 10,5 10,1 5 10,4 5 8,8 10
3 4 5 8 10,0.0498516,13.2778,Yes,N/A,N/A,3,4,5,N/A,3 4,8,4 5,10,3 8,4 8,3 10,4 10,5 10,3 5 8,3 4 10,8 10
1 3 4 5 8 10 13,0.040792,16.6435,Yes,N/A,N/A,3,4,5,1 5,3 4,8,4 5,10,1 10,4 8,13,1 13,5 10,3 13,4 13,5 13
1 3 4 5 8 10 12,0.0510685,14.3704,Yes,N/A,N/A,3,4,5,1 5,3 4,8,4 5,10,3 8,12,1 12,4 10,3 12,4 12,5 12,8 10
3 4 5 8 10 13,0.0198639,23.0509,Yes,N/A,N/A,3,4,5,N/A,3 4,8,4 5,10,3 8,4 8,13,4 10,5 10,3 13,4 13,5 13
3 4 5 8 10 12,0.0268055,20.6019,Yes,N/A,N/A,3,4,5,N/A,3 4,8,4 5,10,3 8,12,5 8,4 10,3 12,4 12,5 12,8 10
1 3 4 5 8 10 12 13,0.0274267,22.3704,Yes,N/A,N/A,3,4,5,1 5,3 4,8,4 5,10,3 8,12,13,1 13,3 12,3 13,4 13,5 13
3 4 5 8 11 12 13,0.00882363,34.8611,Yes,N/A,N/A,3,4,5,N/A,3 4,8,4 5,N/A,11,12,13,3 11,3 12,3 13,5 12,5 13
1 3 4 5 8 10 11,0.0577738,12.912,Yes,N/A,N/A,3,4,5,1 5,3 4,8,1 8,10,11,1 11,3 10,3 11,4 11,5 11,1 5 11,8 10
3 4 5 8 10 11,0.032505,18.9259,Yes,N/A,N/A,3,4,5,N/A,3 4,8,4 5,10,11,4 8,3 10,3 11,4 11,5 11,4 5 8,8 10
1 3 4 5 8 10 11 13,0.0305575,20.3611,Yes,N/A,N/A,3,4,5,1 5,3 4,8,1 8,10,11,1 11,13,1 13,4 11,3 13,4 13,5 13
3 4 5 8 10 12 13,0.0120384,30.0046,Yes,N/A,N/A,3,4,5,N/A,3 4,8,4 5,10,3 8,12,13,4 10,3 12,3 13,5 12,5 13
1 3 4 5 8 10 11 12,0.0375696,18.4444,Yes,N/A,N/A,3,4,5,1 5,3 4,8,1 8,10,11,12,1 12,3 11,3 12,4 12,5 12,8 10
3 4 5 8 10 11 13,0.0144473,28.3796,Yes,N/A,N/A,3,4,5,N/A,3 4,8,4 5,10,11,4 8,13,3 11,5 10,3 13,4 13,5 13
3 4 5 8 10 11 12,0.0188829,25.7731,Yes,N/A,N/A,3,4,5,N/A,3 4,8,4 5,10,11,12,5 8,3 11,3 12,5 11,5 12,8 10
1 3 4 5 8 10 11 12 13,0.0216935,25.7315,Yes,N/A,N/A,3,4,5,1 5,3 4,8,1 8,10,11,12,13,1 13,3 12,3 13,4 13,5 13
3 4 5 9 10 11 12 13,0.00887842,35.5417,Yes,N/A,N/A,3,4,5,N/A,3 4,3 5,9,10,11,12,13,4 10,4 11,4 12,4 13,5 13
1 3 4 5 8 9,0.0758055,9.0463,Yes,N/A,N/A,3,4,5,1 5,3 4,8,9,1 9,3 8,4 8,4 9,5 9,1 5 9,3 5 8,8 9,4 5 9
3 4 5 8 9,0.0457337,14.4537,Yes,N/A,N/A,3,4,5,N/A,3 4,8,9,N/A,3 8,3 9,5 8,5 9,3 4 8,3 4 9,8 9,4 5 9
1 3 4 5 8 9 13,0.0368428,17.5463,Yes,N/A,N/A,3,4,5,1 5,3 4,8,9,1 9,3 8,4 8,13,1 13,1 5 9,3 13,4 13,5 13
1 3 4 5 8 9 12,0.0463618,15.4491,Yes,N/A,N/A,3,4,5,1 5,3 4,8,9,1 9,3 8,12,1 12,5 9,3 12,4 12,5 12,1 5 12
3 4 5 8 9 13,0.0179719,24.8194,Yes,N/A,N/A,3,4,5,N/A,3 4,8,9,N/A,3 8,4 8,13,5 9,3 4 8,3 13,4 13,5 13
3 4 5 8 9 12,0.023522,23.0278,Yes,N/A,N/A,3,4,5,N/A,3 4,8,9,N/A,3 8,12,4 9,5 9,3 12,4 12,5 12,4 5 9
1 3 4 5 8 9 12 13,0.0235386,24.037,Yes,N/A,N/A,3,4,5,1 5,3 4,8,9,1 9,3 8,12,13,1 13,3 12,4 12,4 13,5 13
1 3 4 5 8 9 11,0.0587434,12.4769,Yes,N/A,N/A,3,4,5,1 5,3 4,8,9,1 9,11,4 8,5 8,3 11,4 11,5 11,8 9,1 8 9
3 4 5 8 9 11,0.0315308,20.7176,Yes,N/A,N/A,3,4,5,N/A,3 4,8,9,N/A,11,3 9,5 8,3 11,4 11,5 11,8 9,3 4 11
1 3 4 5 8 9 11 13,0.0308511,20.2593,Yes,N/A,N/A,3,4,5,1 5,3 4,8,9,1 9,11,4 8,13,1 13,4 11,3 13,4 13,5 13
3 4 5 8 9 12 13,0.0101219,33.4815,Yes,N/A,N/A,3,4,5,N/A,3 4,8,9,N/A,3 8,12,13,5 9,3 12,4 12,4 13,5 13
1 3 4 5 8 9 11 12,0.0367088,18.8796,Yes,N/A,N/A,3,4,5,1 5,3 4,8,9,1 9,11,12,5 8,5 9,3 12,4 12,5 12,1 5 12
3 4 5 8 9 11 13,0.0134209,30.7593,Yes,N/A,N/A,3,4,5,N/A,3 4,8,9,N/A,11,3 9,13,5 9,4 11,3 13,8 9,5 13
3 4 5 8 9 11 12,0.0167877,29.4491,Yes,N/A,N/A,3,4,5,N/A,3 4,8,9,N/A,11,12,5 8,3 11,3 12,5 11,5 12,3 4 11
1 3 4 5 8 9 11 12 13,0.0206445,26.4352,Yes,N/A,N/A,3,4,5,1 5,3 4,8,9,1 9,11,12,13,1 13,3 12,3 13,5 12,5 13
3 4 5 8 10 11 12 13,0.00961156,34.662,Yes,N/A,N/A,3,4,5,N/A,3 4,8,4 5,10,11,12,13,3 11,3 12,3 13,5 12,5 13
1 3 4 5 8 9 10,0.0668782,11.0602,Yes,N/A,N/A,3,4,5,1 5,3 4,8,9,10,1 10,4 8,5 8,5 9,5 10,3 4 9,8 9,8 10
3 4 5 8 9 10,0.0403239,17.0324,Yes,N/A,N/A,3,4,5,N/A,3 4,8,9,10,3 8,3 9,5 8,5 9,5 10,3 4 9,8 9,8 10
1 3 4 5 8 9 10 13,0.0351272,19.0093,Yes,N/A,N/A,3,4,5,1 5,3 4,8,9,10,1 10,4 8,13,1 13,5 10,3 13,4 13,5 13
1 3 4 5 8 9 10 12,0.0439146,16.8009,Yes,N/A,N/A,3,4,5,1 5,3 4,8,9,10,3 8,12,1 12,5 9,3 12,4 12,5 12,8 10
3 4 5 8 9 10 13,0.0174446,26.4028,Yes,N/A,N/A,3,4,5,N/A,3 4,8,9,10,3 8,4 8,13,5 9,5 10,3 13,4 13,5 13
3 4 5 8 9 10 12,0.0225294,24.1759,Yes,N/A,N/A,3,4,5,N/A,3 4,8,9,10,3 8,12,5 8,5 9,3 12,4 12,5 12,8 10
1 3 4 5 8 9 10 12 13,0.0241928,24.6852,Yes,N/A,N/A,3,4,5,1 5,3 4,8,9,10,3 8,12,13,1 13,3 12,4 12,4 13,5 13
3 4 5 8 9 11 12 13,0.00826897,39.0926,Yes,N/A,N/A,3,4,5,N/A,3 4,8,9,N/A,11,12,13,5 9,3 12,3 13,5 12,5 13
1 3 4 5 8 9 10 11,0.0517999,14.7176,Yes,N/A,N/A,3,4,5,1 5,3 4,8,9,10,11,1 11,3 10,5 9,4 11,5 11,8 9,8 10
3 4 5 8 9 10 11,0.0286738,21.5,Yes,N/A,N/A,3,4,5,N/A,3 4,8,9,10,11,3 9,5 8,5 9,4 11,5 11,8 9,8 10
1 3 4 5 8 9 10 11 13,0.0296601,21.6528,Yes,N/A,N/A,3,4,5,1 5,3 4,8,9,10,11,3 9,13,1 13,4 11,3 13,4 13,5 13
3 4 5 8 9 10 12 13,0.0109655,33.4398,Yes,N/A,N/A,3,4,5,N/A,3 4,8,9,10,3 8,12,13,5 9,3 12,4 12,4 13,5 13
1 3 4 5 8 9 10 11 12,0.0355553,19.6806,Yes,N/A,N/A,3,4,5,1 5,3 4,8,9,10,11,12,1 12,5 9,3 12,4 12,5 12,8 10
3 4 5 8 9 10 11 13,0.0138733,30.375,Yes,N/A,N/A,3,4,5,N/A,3 4,8,9,10,11,3 9,13,5 9,4 11,3 13,4 13,5 13
3 4 5 8 9 10 11 12,0.0174509,28.3333,Yes,N/A,N/A,3,4,5,N/A,3 4,8,9,10,11,12,5 8,5 9,3 12,5 11,5 12,8 10
1 3 4 5 8 9 10 11 12 13,0.0219057,26.3519,Yes,N/A,N/A,3,4,5,1 5,3 4,8,9,10,11,12,13,1 13,4 11,3 13,4 13,5 13
1 3 4 5 7,0.105901,6.06944,Yes,N/A,N/A,3,4,5,1 5,7,1 7,4 5,3 7,4 7,5 7,1 5 7,3 4 7,3 5 7,4 5 7,1 4 5 7,N/A
3 4 5 7,0.0763383,8.7037,Yes,N/A,N/A,3,4,5,N/A,7,3 5,4 5,3 7,4 7,5 7,N/A,3 4 7,3 5 7,4 5 7,N/A,N/A
1 3 4 5 7 13,0.0528958,13.4769,Yes,N/A,N/A,3,4,5,1 5,7,3 5,4 5,3 7,4 7,5 7,13,1 13,3 5 7,3 13,4 13,5 13
1 3 4 5 7 12,0.0656865,11.6389,Yes,N/A,N/A,3,4,5,1 5,7,3 5,4 5,3 7,4 7,12,1 12,3 4 7,3 12,4 12,5 12,1 5 12
3 4 5 7 13,0.0283343,16.8472,Yes,N/A,N/A,3,4,5,N/A,7,3 5,4 5,3 7,4 7,5 7,13,3 4 7,3 5 7,3 13,4 13,5 13
3 4 5 7 12,0.0337264,17.2639,Yes,N/A,N/A,3,4,5,N/A,7,3 5,4 5,3 7,4 7,12,N/A,3 4 7,3 12,4 12,5 12,N/A
1 3 4 5 7 12 13,0.0324745,19.4769,Yes,N/A,N/A,3,4,5,1 5,7,3 5,4 5,3 7,4 7,12,13,1 13,3 12,4 12,4 13,5 13
1 3 4 5 7 11,0.072145,10.0602,Yes,N/A,N/A,3,4,5,1 5,7,1 7,4 5,3 7,11,1 11,1 5 7,3 11,4 11,5 11,1 5 11,7 11
3 4 5 7 11,0.0390233,15.7963,Yes,N/A,N/A,3,4,5,N/A,7,3 5,4 5,3 7,11,5 7,N/A,3 11,4 11,5 11,N/A,7 11
1 3 4 5 7 11 13,0.0382062,16.7731,Yes,N/A,N/A,3,4,5,1 5,7,1 7,4 5,3 7,11,1 11,13,1 13,4 11,3 13,4 13,5 13
3 4 5 7 12 13,0.0151277,24.6852,Yes,N/A,N/A,3,4,5,N/A,7,3 5,4 5,3 7,4 7,12,13,3 4 7,3 12,4 12,5 12,5 13
1 3 4 5 7 11 12,0.0448449,16.1389,Yes,N/A,N/A,3,4,5,1 5,7,1 7,4 5,3 7,11,12,1 12,3 11,3 12,4 12,5 12,7 11
3 4 5 7 11 13,0.0184215,22.7731,Yes,N/A,N/A,3,4,5,N/A,7,3 5,4 5,3 7,11,5 7,13,3 11,4 11,3 13,4 13,7 11
3 4 5 7 11 12,0.0202256,24.037,Yes,N/A,N/A,3,4,5,N/A,7,3 5,4 5,3 7,11,12,N/A,3 11,3 12,4 12,5 12,7 11
1 3 4 5 7 11 12 13,0.0243531,23.3287,Yes,N/A,N/A,3,4,5,1 5,7,1 7,4 5,3 7,11,12,13,3 11,3 12,4 12,4 13,5 13
1 3 4 5 7 10,0.0809451,8.53241,Yes,N/A,N/A,3,4,5,1 5,7,1 7,4 5,10,1 10,5 7,3 10,4 10,5 10,4 5 7,7 10,1 7 10
3 4 5 7 10,0.0514823,12.5972,Yes,N/A,N/A,3,4,5,N/A,7,3 5,4 5,10,4 7,5 7,3 10,4 10,5 10,4 5 7,7 10,3 5 10
1 3 4 5 7 10 13,0.0401527,16.4491,Yes,N/A,N/A,3,4,5,1 5,7,1 7,4 5,10,1 10,5 7,13,1 13,5 10,3 13,4 13,5 13
1 3 4 5 7 10 12,0.0529998,13.7454,Yes,N/A,N/A,3,4,5,1 5,7,3 5,4 5,10,4 7,12,1 12,4 10,3 12,4 12,5 12,3 5 10
3 4 5 7 10 13,0.0211831,22.0278,Yes,N/A,N/A,3,4,5,N/A,7,3 5,4 5,10,4 7,5 7,13,4 10,5 10,3 13,4 13,5 13
3 4 5 7 10 12,0.02632,20.4537,Yes,N/A,N/A,3,4,5,N/A,7,3 5,4 5,10,4 7,12,3 10,4 10,3 12,4 12,5 12,3 5 10
1 3 4 5 7 10 12 13,0.0276201,21.7361,Yes,N/A,N/A,3,4,5,1 5,7,3 5,4 5,10,1 10,12,13,1 13,3 12,3 13,4 13,5 13
3 4 5 7 11 12 13,0.0108501,30.2685,Yes,N/A,N/A,3,4,5,N/A,7,3 5,4 5,3 7,11,12,13,3 11,3 12,4 12,4 13,5 13
1 3 4 5 7 10 11,0.0591079,12.8148,Yes,N/A,N/A,3,4,5,1 5,7,1 7,4 5,10,11,1 11,3 10,3 11,4 11,5 11,7 10,7 11
3 4 5 7 10 11,0.0324248,18.8889,Yes,N/A,N/A,3,4,5,N/A,7,3 5,4 5,10,11,5 7,3 10,3 11,4 11,5 11,7 10,7 11
1 3 4 5 7 10 11 13,0.0312871,20.25,Yes,N/A,N/A,3,4,5,1 5,7,1 7,4 5,10,11,1 11,13,1 13,4 11,3 13,4 13,7 11
3 4 5 7 10 12 13,0.012472,29.0509,Yes,N/A,N/A,3,4,5,N/A,7,3 5,4 5,10,4 7,12,13,4 10,3 12,3 13,4 13,5 13
1 3 4 5 7 10 11 12,0.0388051,18.1759,Yes,N/A,N/A,3,4,5,1 5,7,1 7,4 5,10,11,12,1 12,3 11,3 12,4 12,7 10,7 11
3 4 5 7 10 11 13,0.0151129,27.5463,Yes,N/A,N/A,3,4,5,N/A,7,3 5,4 5,10,11,5 7,13,3 11,4 11,3 13,4 13,7 11
3 4 5 7 10 11 12,0.0178602,26.0833,Yes,N/A,N/A,3,4,5,N/A,7,3 5,4 5,10,11,12,3 10,3 11,3 12,4 12,7 10,7 11
1 3 4 5 7 10 11 12 13,0.0222655,25.6065,Yes,N/A,N/A,3,4,5,1 5,7,1 7,4 5,10,11,12,13,3 11,3 12,3 13,4 13,7 11
1 3 4 5 7 9,0.0891853,7.25926,Yes,N/A,N/A,3,4,5,1 5,7,3 5,9,1 9,4 7,3 9,4 9,5 9,3 5 7,7 9,1 7 9,4 5 9
3 4 5 7 9,0.0579006,11.4769,Yes,N/A,N/A,3,4,5,N/A,7,3 5,9,3 7,4 7,3 9,4 9,5 9,3 5 7,7 9,3 5 9,4 5 9
1 3 4 5 7 9 13,0.0445328,14.8565,Yes,N/A,N/A,3,4,5,1 5,7,3 5,9,1 9,4 7,3 9,13,1 13,1 5 9,3 13,4 13,5 13
1 3 4 5 7 9 12,0.0559316,13.2778,Yes,N/A,N/A,3,4,5,1 5,7,3 5,9,1 9,4 7,12,1 12,5 9,3 12,4 12,5 12,1 5 12
3 4 5 7 9 13,0.0227859,21.037,Yes,N/A,N/A,3,4,5,N/A,7,3 5,9,3 7,4 7,3 9,13,5 9,3 5 7,3 13,4 13,5 13
3 4 5 7 9 12,0.0297393,19.5787,Yes,N/A,N/A,3,4,5,N/A,7,3 5,9,3 7,4 7,12,4 9,5 9,3 12,4 12,5 12,4 5 9
1 3 4 5 7 9 12 13,0.0291256,20.9352,Yes,N/A,N/A,3,4,5,1 5,7,3 5,9,1 9,4 7,12,13,1 13,3 12,3 13,4 13,5 13
1 3 4 5 7 9 11,0.0654324,11.2824,Yes,N/A,N/A,3,4,5,1 5,7,3 5,9,1 9,11,1 11,4 9,3 11,4 11,5 11,1 5 11,7 11
3 4 5 7 9 11,0.0382721,17.3194,Yes,N/A,N/A,3,4,5,N/A,7,3 5,9,3 7,11,5 7,4 9,3 11,4 11,5 11,3 5 9,7 11
1 3 4 5 7 9 11 13,0.0347036,18.1759,Yes,N/A,N/A,3,4,5,1 5,7,3 5,9,1 9,11,3 9,13,1 13,4 11,3 13,4 13,5 13
3 4 5 7 9 12 13,0.0136037,28.412,Yes,N/A,N/A,3,4,5,N/A,7,3 5,9,3 7,4 7,12,13,5 9,3 12,4 12,5 12,5 13
1 3 4 5 7 9 11 12,0.0419993,17.2361,Yes,N/A,N/A,3,4,5,1 5,7,3 5,9,3 7,11,12,1 12,3 11,3 12,4 12,5 12,7 11
3 4 5 7 9 11 13,0.0166287,26.6574,Yes,N/A,N/A,3,4,5,N/A,7,3 5,9,3 7,11,5 7,13,3 11,4 11,3 13,4 13,5 13
3 4 5 7 9 11 12,0.0201295,25.0926,Yes,N/A,N/A,3,4,5,N/A,7,3 5,9,3 7,11,12,4 9,3 11,3 12,4 12,5 12,7 11
1 3 4 5 7 9 11 12 13,0.0236815,24.0046,Yes,N/A,N/A,3,4,5,1 5,7,3 5,9,1 9,11,12,13,1 13,3 12,4 12,4 13,5 13
3 4 5 7 10 11 12 13,0.00980212,33.7639,Yes,N/A,N/A,3,4,5,N/A,7,3 5,4 5,10,11,12,13,3 11,3 12,4 12,4 13,7 11
1 3 4 5 7 9 10,0.0752619,9.91204,Yes,N/A,N/A,3,4,5,1 5,7,3 5,9,10,1 10,3 9,3 10,4 10,5 10,7 9,7 10,3 5 10
3 4 5 7 9 10,0.0471508,15.5231,Yes,N/A,N/A,3,4,5,N/A,7,3 5,9,10,4 7,3 9,3 10,4 10,5 10,7 9,7 10,3 5 10
1 3 4 5 7 9 10 13,0.0399107,17.2593,Yes,N/A,N/A,3,4,5,1 5,7,3 5,9,10,4 7,3 9,13,1 13,5 10,3 13,4 13,5 13
1 3 4 5 7 9 10 12,0.0491522,15.1157,Yes,N/A,N/A,3,4,5,1 5,7,3 5,9,10,4 7,12,1 12,4 10,3 12,4 12,5 12,3 5 10
3 4 5 7 9 10 13,0.0203547,24.4861,Yes,N/A,N/A,3,4,5,N/A,7,3 5,9,10,4 7,3 9,13,4 10,5 10,3 13,4 13,5 13
3 4 5 7 9 10 12,0.0245525,23.088,Yes,N/A,N/A,3,4,5,N/A,7,3 5,9,10,4 7,12,3 10,5 9,3 12,4 12,5 12,3 5 10
1 3 4 5 7 9 10 12 13,0.0274387,22.625,Yes,N/A,N/A,3,4,5,1 5,7,3 5,9,10,4 7,12,13,1 13,3 12,3 13,4 13,5 13
3 4 5 7 9 11 12 13,0.0104028,33.4907,Yes,N/A,N/A,3,4,5,N/A,7,3 5,9,3 7,11,12,13,5 9,4 11,4 12,4 13,5 13
1 3 4 5 7 9 10 11,0.055833,13.6204,Yes,N/A,N/A,3,4,5,1 5,7,3 5,9,10,11,1 11,3 10,3 11,4 11,5 11,7 10,7 11
3 4 5 7 9 10 11,0.0304401,20.787,Yes,N/A,N/A,3,4,5,N/A,7,3 5,9,10,11,5 7,4 9,3 11,4 11,7 9,7 10,7 11
1 3 4 5 7 9 10 11 13,0.0316814,20.5278,Yes,N/A,N/A,3,4,5,1 5,7,3 5,9,10,11,3 9,13,1 13,4 11,3 13,4 13,5 13
3 4 5 7 9 10 12 13,0.0123208,31.6667,Yes,N/A,N/A,3,4,5,N/A,7,3 5,9,10,4 7,12,13,4 10,3 12,3 13,4 13,5 13
1 3 4 5 7 9 10 11 12,0.037859,18.662,Yes,N/A,N/A,3,4,5,1 5,7,1 7,9,10,11,12,1 12,3 11,3 12,4 12,5 12,7 11
3 4 5 7 9 10 11 13,0.0148016,29.3519,Yes,N/A,N/A,3,4,5,N/A,7,3 5,9,10,11,3 9,13,4 10,4 11,7 9,4 13,5 13
3 4 5 7 9 10 11 12,0.0177399,27.6759,Yes,N/A,N/A,3,4,5,N/A,7,3 5,9,10,11,12,4 9,3 11,3 12,4 12,5 12,7 11
1 3 4 5 7 9 10 11 12 13,0.0233475,25.2222,Yes,N/A,N/A,3,4,5,1 5,7,3 5,9,10,11,12,13,4 10,3 12,3 13,4 13,5 13
3 4 5 8 9 10 11 12 13,0.00961054,36.7407,Yes,N/A,N/A,3,4,5,N/A,3 4,8,9,10,11,12,13,5 9,3 12,3 13,5 12,5 13
1 3 4 5 7 8,0.0903628,7.11111,Yes,N/A,N/A,3,4,5,1 5,7,8,1 8,3 7,3 8,4 8,5 8,1 5 8,7 8,4 5 7,4 5 8,3 7 8
3 4 5 7 8,0.0675967,10.5972,Yes,N/A,N/A,3,4,5,N/A,7,8,4 5,3 7,3 8,4 8,5 8,3 4 7,7 8,4 5 7,4 5 8,3 7 8
1 3 4 5 7 8 13,0.0476911,13.8519,Yes,N/A,N/A,3,4,5,1 5,7,8,1 8,3 7,3 8,4 8,13,1 13,7 8,3 13,4 13,5 13
1 3 4 5 7 8 12,0.0576124,13.0926,Yes,N/A,N/A,3,4,5,1 5,7,8,4 5,3 7,3 8,12,1 12,1 5 8,3 12,4 12,5 12,1 5 12
3 4 5 7 8 13,0.0260576,19.8426,Yes,N/A,N/A,3,4,5,N/A,7,8,4 5,3 7,3 8,4 8,13,3 4 7,7 8,3 13,4 13,5 13
3 4 5 7 8 12,0.0338511,18.5833,Yes,N/A,N/A,3,4,5,N/A,7,8,4 5,3 7,4 7,12,5 8,3 4 7,3 12,4 12,5 12,3 7 8
1 3 4 5 7 8 12 13,0.0308083,20.2269,Yes,N/A,N/A,3,4,5,1 5,7,8,4 5,3 7,3 8,12,13,1 13,3 12,4 12,4 13,5 13
1 3 4 5 7 8 11,0.0669779,11.3843,Yes,N/A,N/A,3,4,5,1 5,7,8,1 8,3 7,11,1 11,5 8,3 11,4 11,5 11,1 5 11,7 11
3 4 5 7 8 11,0.0418587,16.625,Yes,N/A,N/A,3,4,5,N/A,7,8,4 5,3 7,11,4 8,5 8,3 11,4 11,5 11,4 5 8,7 11
1 3 4 5 7 8 11 13,0.0364842,17.662,Yes,N/A,N/A,3,4,5,1 5,7,8,1 8,3 7,11,4 8,13,1 13,4 11,3 13,4 13,5 13
3 4 5 7 8 12 13,0.0140256,27.8009,Yes,N/A,N/A,3,4,5,N/A,7,8,4 5,3 7,3 8,12,13,3 4 7,3 12,3 13,5 12,5 13
1 3 4 5 7 8 11 12,0.0434416,16.9444,Yes,N/A,N/A,3,4,5,1 5,7,8,4 5,3 7,11,12,1 12,3 11,3 12,4 12,5 12,7 11
3 4 5 7 8 11 13,0.0185435,24.7917,Yes,N/A,N/A,3,4,5,N/A,7,8,4 5,3 7,11,4 8,13,3 11,7 8,5 11,4 13,7 11
3 4 5 7 8 11 12,0.0219202,24.5741,Yes,N/A,N/A,3,4,5,N/A,7,8,4 5,3 7,11,12,5 8,3 11,3 12,4 12,5 12,7 11
1 3 4 5 7 8 11 12 13,0.0249168,23.6528,Yes,N/A,N/A,3,4,5,1 5,7,8,4 5,3 7,11,12,13,1 13,3 12,4 12,4 13,5 13
1 3 4 5 7 8 10,0.0787051,9.21759,Yes,N/A,N/A,3,4,5,1 5,7,8,1 8,10,1 10,4 8,3 10,4 10,7 8,1 7 8,7 10,8 10
3 4 5 7 8 10,0.0526567,14.6204,Yes,N/A,N/A,3,4,5,N/A,7,8,4 5,10,3 8,5 7,3 10,4 10,7 8,3 5 8,7 10,8 10
1 3 4 5 7 8 10 13,0.0421066,16.3843,Yes,N/A,N/A,3,4,5,1 5,7,8,1 8,10,3 8,4 8,13,1 13,5 10,3 13,4 13,5 13
1 3 4 5 7 8 10 12,0.0507961,14.6111,Yes,N/A,N/A,3,4,5,1 5,7,8,1 8,10,3 8,12,1 12,4 10,3 12,4 12,5 12,8 10
3 4 5 7 8 10 13,0.0224409,23.375,Yes,N/A,N/A,3,4,5,N/A,7,8,4 5,10,3 8,5 7,13,4 10,5 10,3 13,4 13,8 10
3 4 5 7 8 10 12,0.026937,22.0417,Yes,N/A,N/A,3,4,5,N/A,7,8,4 5,10,3 8,12,5 8,4 10,3 12,4 12,5 12,8 10
1 3 4 5 7 8 10 12 13,0.0290535,21.6296,Yes,N/A,N/A,3,4,5,1 5,7,8,4 5,10,3 8,12,13,1 13,3 12,3 13,4 13,5 13
3 4 5 7 8 11 12 13,0.0109934,32.2963,Yes,N/A,N/A,3,4,5,N/A,7,8,4 5,3 7,11,12,13,3 11,7 8,4 12,4 13,7 11
1 3 4 5 7 8 10 11,0.056913,13.375,Yes,N/A,N/A,3,4,5,1 5,7,8,1 8,10,11,1 11,3 10,3 11,4 11,5 11,7 10,7 11
3 4 5 7 8 10 11,0.0321095,20.1944,Yes,N/A,N/A,3,4,5,N/A,7,8,4 5,10,11,4 8,3 10,3 11,7 8,5 11,7 10,7 11
1 3 4 5 7 8 10 11 13,0.0322689,20.1574,Yes,N/A,N/A,3,4,5,1 5,7,8,1 8,10,11,1 11,13,3 11,4 11,3 13,4 13,7 11
3 4 5 7 8 10 12 13,0.0131241,30.4537,Yes,N/A,N/A,3,4,5,N/A,7,8,4 5,10,3 8,12,13,4 10,3 12,3 13,5 12,8 10
1 3 4 5 7 8 10 11 12,0.0391441,18.338,Yes,N/A,N/A,3,4,5,1 5,7,8,4 5,10,11,12,1 12,3 11,3 12,4 12,5 12,7 11
3 4 5 7 8 10 11 13,0.0159364,28.5833,Yes,N/A,N/A,3,4,5,N/A,7,8,4 5,10,11,4 8,13,3 11,7 8,3 13,4 13,8 10
3 4 5 7 8 10 11 12,0.0187466,27.2963,Yes,N/A,N/A,3,4,5,N/A,7,8,4 5,10,11,12,3 10,3 11,3 12,4 12,5 12,7 11
1 3 4 5 7 8 10 11 12 13,0.0238042,24.6991,Yes,N/A,N/A,3,4,5,1 5,7,8,1 8,10,11,12,13,3 11,3 12,3 13,4 13,7 11
3 4 5 7 9 10 11 12 13,0.0101415,35.1389,Yes,N/A,N/A,3,4,5,N/A,7,3 5,9,10,11,12,13,4 10,3 12,4 12,4 13,5 13
1 3 4 5 7 8 9,0.0867706,8.41204,Yes,N/A,N/A,3,4,5,1 5,7,8,9,1 9,3 8,3 9,4 9,5 9,7 8,7 9,8 9,1 8 9
3 4 5 7 8 9,0.0561149,13.9074,Yes,N/A,N/A,3,4,5,N/A,7,8,9,3 7,4 7,3 9,4 9,5 9,7 8,7 9,8 9,4 5 9
1 3 4 5 7 8 9 13,0.0444699,15.3796,Yes,N/A,N/A,3,4,5,1 5,7,8,9,1 9,3 8,4 8,13,1 13,7 8,3 13,4 13,5 13
1 3 4 5 7 8 9 12,0.0543509,13.9815,Yes,N/A,N/A,3,4,5,1 5,7,8,9,1 9,3 8,12,1 12,5 9,3 12,4 12,5 12,1 5 12
3 4 5 7 8 9 13,0.0230293,23.0231,Yes,N/A,N/A,3,4,5,N/A,7,8,9,3 7,4 7,4 8,13,5 9,7 8,3 13,4 13,5 13
3 4 5 7 8 9 12,0.0292621,21.4259,Yes,N/A,N/A,3,4,5,N/A,7,8,9,3 7,4 7,12,5 8,5 9,3 12,4 12,5 12,4 5 9
1 3 4 5 7 8 9 12 13,0.0294164,21.1435,Yes,N/A,N/A,3,4,5,1 5,7,8,9,1 9,3 8,12,13,1 13,3 12,4 12,4 13,5 13
1 3 4 5 7 8 9 11,0.0634038,12.0926,Yes,N/A,N/A,3,4,5,1 5,7,8,9,1 9,11,1 11,4 9,3 11,4 11,5 11,8 9,7 11
3 4 5 7 8 9 11,0.0356931,18.9259,Yes,N/A,N/A,3,4,5,N/A,7,8,9,3 7,11,4 8,4 9,3 11,4 11,5 11,8 9,7 11
1 3 4 5 7 8 9 11 13,0.0355395,18.5324,Yes,N/A,N/A,3,4,5,1 5,7,8,9,1 9,11,4 8,13,1 13,4 11,3 13,4 13,5 13
3 4 5 7 8 9 12 13,0.0137795,30.5417,Yes,N/A,N/A,3,4,5,N/A,7,8,9,3 7,4 7,12,13,5 9,3 12,4 12,4 13,5 13
1 3 4 5 7 8 9 11 12,0.0416105,17.3935,Yes,N/A,N/A,3,4,5,1 5,7,8,9,1 9,11,12,1 12,3 11,3 12,4 12,5 12,7 11
3 4 5 7 8 9 11 13,0.0171736,27.4907,Yes,N/A,N/A,3,4,5,N/A,7,8,9,3 7,11,4 8,13,3 11,4 11,5 11,4 13,5 13
3 4 5 7 8 9 11 12,0.0205874,26.2917,Yes,N/A,N/A,3,4,5,N/A,7,8,9,3 7,11,12,4 9,3 11,4 11,4 12,5 12,7 11
1 3 4 5 7 8 9 11 12 13,0.0250212,23.9491,Yes,N/A,N/A,3,4,5,1 5,7,8,9,1 9,11,12,13,1 13,3 12,4 12,4 13,5 13
3 4 5 7 8 10 11 12 13,0.0106325,34.6713,Yes,N/A,N/A,3,4,5,N/A,7,8,4 5,10,11,12,13,3 11,3 12,3 13,4 13,7 11
1 3 4 5 7 8 9 10,0.0715975,10.5231,Yes,N/A,N/A,3,4,5,1 5,7,8,9,10,1 10,3 9,3 10,4 10,5 10,7 9,8 9,8 10
3 4 5 7 8 9 10,0.0425444,16.8241,Yes,N/A,N/A,3,4,5,N/A,7,8,9,10,4 7,3 9,3 10,4 10,5 10,7 9,8 9,8 10
1 3 4 5 7 8 9 10 13,0.0404253,17.3148,Yes,N/A,N/A,3,4,5,1 5,7,8,9,10,3 8,3 9,13,1 13,5 10,3 13,4 13,5 13
1 3 4 5 7 8 9 10 12,0.0485436,15.088,Yes,N/A,N/A,3,4,5,1 5,7,8,9,10,3 8,12,1 12,4 10,3 12,4 12,5 12,8 10
3 4 5 7 8 9 10 13,0.0204305,25.3796,Yes,N/A,N/A,3,4,5,N/A,7,8,9,10,4 7,3 9,13,4 10,5 10,3 13,4 13,5 13
3 4 5 7 8 9 10 12,0.0249878,23.875,Yes,N/A,N/A,3,4,5,N/A,7,8,9,10,4 7,12,5 8,4 10,3 12,4 12,5 12,8 10
1 3 4 5 7 8 9 10 12 13,0.0291338,21.8935,Yes,N/A,N/A,3,4,5,1 5,7,8,9,10,3 8,12,13,1 13,3 12,3 13,4 13,5 13
3 4 5 7 8 9 11 12 13,0.0111535,34.6389,Yes,N/A,N/A,3,4,5,N/A,7,8,9,3 7,11,12,13,5 9,4 11,4 12,4 13,5 13
1 3 4 5 7 8 9 10 11,0.0547528,13.6065,Yes,N/A,N/A,3,4,5,1 5,7,8,9,10,11,4 8,3 10,3 11,4 11,7 9,7 10,7 11
3 4 5 7 8 9 10 11,0.0292843,21.6991,Yes,N/A,N/A,3,4,5,N/A,7,8,9,10,11,4 8,3 10,3 11,4 11,5 11,8 9,7 11
1 3 4 5 7 8 9 10 11 13,0.0333781,19.787,Yes,N/A,N/A,3,4,5,1 5,7,8,9,10,11,3 9,13,1 13,4 11,3 13,4 13,5 13
3 4 5 7 8 9 10 12 13,0.0134134,31.8611,Yes,N/A,N/A,3,4,5,N/A,7,8,9,10,4 7,12,13,4 10,3 12,3 13,4 13,5 13
1 3 4 5 7 8 9 10 11 12,0.0393367,18.0463,Yes,N/A,N/A,3,4,5,1 5,7,8,9,10,11,12,1 12,3 11,3 12,4 12,5 12,7 11
3 4 5 7 8 9 10 11 13,0.015934,29.4676,Yes,N/A,N/A,3,4,5,N/A,7,8,9,10,11,4 8,13,3 11,4 11,3 13,4 13,5 13
3 4 5 7 8 9 10 11 12,0.0189633,28.1389,Yes,N/A,N/A,3,4,5,N/A,7,8,9,10,11,12,5 8,3 11,3 12,4 12,5 12,7 11
1 3 4 5 7 8 9 10 11 12 13,0.0258066,23.6343,Yes,N/A,N/A,3,4,5,1 5,7,8,9,10,11,12,13,3 11,3 12,3 13,4 13,5 13
3 4 6 7 8 9 10 11 12 13,0.0105898,34.8657,Yes,N/A,N/A,3,4,N/A,6,7,8,9,10,11,12,13,3 11,3 12,3 13,4 13,6 12
1 3 4 5 6,0.0981274,5.75,Yes,N/A,N/A,3,4,5,6,1 6,3 5,4 5,4 6,5 6,1 5 6,3 4 6,3 5 6,4 5 6,1 4 5 6,N/A,3 4 5 6
3 4 5 6,0.0795926,6.55556,Yes,N/A,N/A,3,4,5,6,3 4,3 5,3 6,4 6,5 6,3 4 5,3 4 6,3 5 6,4 5 6,N/A,N/A,3 4 5 6
1 3 4 5 6 13,0.0493051,13.1528,Yes,N/A,N/A,3,4,5,6,1 6,3 5,4 5,4 6,5 6,3 4 5,13,1 13,4 5 6,3 13,4 13,5 13
1 3 4 5 6 12,0.0639302,11.0139,Yes,N/A,N/A,3,4,5,6,1 6,3 5,4 5,4 6,5 6,12,1 12,3 5 6,3 12,4 12,5 12,6 12
3 4 5 6 13,0.0289354,15.8611,Yes,N/A,N/A,3,4,5,6,3 4,3 5,3 6,4 6,5 6,3 4 5,13,3 5 6,4 5 6,3 13,4 13,5 13
3 4 5 6 12,0.0387191,13.9722,Yes,N/A,N/A,3,4,5,6,3 4,3 5,4 5,4 6,5 6,12,3 4 6,3 5 6,3 12,4 12,5 12,6 12
1 3 4 5 6 12 13,0.0317123,18.8565,Yes,N/A,N/A,3,4,5,6,1 6,3 5,4 5,4 6,5 6,12,13,1 13,3 12,4 12,4 13,5 13
1 3 4 5 6 11,0.0760026,9.10185,Yes,N/A,N/A,3,4,5,6,1 6,3 5,4 5,4 6,11,1 11,3 4 6,3 11,4 11,5 11,6 11,1 6 11
3 4 5 6 11,0.0475824,12.6343,Yes,N/A,N/A,3,4,5,6,3 4,3 5,3 6,4 6,11,3 4 5,3 4 6,3 11,4 11,5 11,6 11,3 4 11
1 3 4 5 6 11 13,0.0388266,15.9583,Yes,N/A,N/A,3,4,5,6,1 6,3 5,3 6,4 6,11,1 11,13,1 13,4 11,5 11,4 13,5 13
3 4 5 6 12 13,0.0163971,22.9537,Yes,N/A,N/A,3,4,5,6,3 4,3 5,4 5,4 6,5 6,12,13,3 5 6,3 12,3 13,4 13,5 13
1 3 4 5 6 11 12,0.0479816,14.7407,Yes,N/A,N/A,3,4,5,6,1 6,3 5,4 5,4 6,11,12,1 12,3 11,4 11,5 11,5 12,6 12
3 4 5 6 11 13,0.0189582,21.75,Yes,N/A,N/A,3,4,5,6,3 4,3 5,3 6,4 6,11,3 4 5,13,3 11,4 11,3 13,4 13,5 13
3 4 5 6 11 12,0.0256289,19.5463,Yes,N/A,N/A,3,4,5,6,3 4,3 5,4 5,4 6,11,12,3 4 6,3 11,4 11,5 11,5 12,6 12
1 3 4 5 6 11 12 13,0.0255927,22.1713,Yes,N/A,N/A,3,4,5,6,1 6,3 5,4 5,4 6,11,12,13,1 13,4 11,4 12,4 13,5 13
1 3 4 5 6 10,0.0792705,8.25,Yes,N/A,N/A,3,4,5,6,1 6,3 5,4 5,10,1 10,1 5 6,3 10,4 10,5 10,6 10,1 6 10,3 5 10
3 4 5 6 10,0.0574921,11.2639,Yes,N/A,N/A,3,4,5,6,3 4,3 5,4 5,10,5 6,3 4 5,3 10,4 10,5 10,6 10,3 4 10,3 5 10
1 3 4 5 6 10 13,0.0390609,16.2639,Yes,N/A,N/A,3,4,5,6,1 6,3 5,3 6,10,1 10,3 4 5,13,1 13,5 10,3 13,4 13,5 13
1 3 4 5 6 10 12,0.0535518,12.9028,Yes,N/A,N/A,3,4,5,6,1 6,3 5,4 5,10,1 10,12,1 12,4 10,5 10,4 12,5 12,6 12
3 4 5 6 10 13,0.0218492,20.875,Yes,N/A,N/A,3,4,5,6,3 4,3 5,3 6,10,5 6,3 4 5,13,4 10,5 10,3 13,4 13,5 13
3 4 5 6 10 12,0.0314101,17.8287,Yes,N/A,N/A,3,4,5,6,3 4,3 5,3 6,10,5 6,12,3 10,4 10,5 10,4 12,5 12,6 12
1 3 4 5 6 10 12 13,0.0276378,20.6713,Yes,N/A,N/A,3,4,5,6,1 6,3 5,4 5,10,1 10,12,13,1 13,3 12,4 12,4 13,5 13
3 4 5 6 11 12 13,0.0122484,27.6991,Yes,N/A,N/A,3,4,5,6,3 4,3 5,4 5,4 6,11,12,13,3 11,4 11,3 13,4 13,5 13
1 3 4 5 6 10 11,0.0604221,12.3843,Yes,N/A,N/A,3,4,5,6,1 6,3 5,4 5,10,11,1 11,3 10,4 10,4 11,6 10,6 11,1 6 11
3 4 5 6 10 11,0.0347147,17.463,Yes,N/A,N/A,3,4,5,6,3 4,3 5,4 5,10,11,3 4 5,3 10,3 11,4 11,6 10,6 11,3 4 11
1 3 4 5 6 10 11 13,0.0318018,19.3287,Yes,N/A,N/A,3,4,5,6,1 6,3 5,3 6,10,11,1 11,13,1 13,4 11,6 10,4 13,5 13
3 4 5 6 10 12 13,0.0141239,26.6204,Yes,N/A,N/A,3,4,5,6,3 4,3 5,3 6,10,5 6,12,13,4 10,3 12,3 13,4 13,5 13
1 3 4 5 6 10 11 12,0.0403128,17.1713,Yes,N/A,N/A,3,4,5,6,1 6,3 5,4 5,10,11,12,1 12,4 10,4 11,4 12,6 11,6 12
3 4 5 6 10 11 13,0.0151571,26.1111,Yes,N/A,N/A,3,4,5,6,3 4,3 5,3 6,10,11,3 4 5,13,3 11,4 11,6 10,4 13,5 13
3 4 5 6 10 11 12,0.0208441,23.0741,Yes,N/A,N/A,3,4,5,6,3 4,3 5,4 5,10,11,12,3 10,3 11,4 11,4 12,6 11,6 12
1 3 4 5 6 10 11 12 13,0.0231526,24.4861,Yes,N/A,N/A,3,4,5,6,1 6,3 5,4 5,10,11,12,13,1 13,4 11,4 12,4 13,5 13
1 3 4 5 6 9,0.0909801,6.77315,Yes,N/A,N/A,3,4,5,6,3 4,3 5,9,1 9,5 6,3 9,4 9,5 9,6 9,1 6 9,3 5 9,4 5 9
3 4 5 6 9,0.0681467,9.78241,Yes,N/A,N/A,3,4,5,6,3 4,3 5,9,4 6,5 6,3 9,4 9,5 9,6 9,3 4 9,3 5 9,3 6 9
1 3 4 5 6 9 13,0.0458961,14.3426,Yes,N/A,N/A,3,4,5,6,3 4,3 5,9,1 9,5 6,3 9,13,1 13,6 9,3 13,4 13,5 13
1 3 4 5 6 9 12,0.0587424,11.9676,Yes,N/A,N/A,3,4,5,6,3 4,3 5,9,1 9,5 6,12,1 12,5 9,3 12,4 12,5 12,6 12
3 4 5 6 9 13,0.0259929,19.2083,Yes,N/A,N/A,3,4,5,6,3 4,3 5,9,4 6,5 6,3 9,13,5 9,6 9,3 13,4 13,5 13
3 4 5 6 9 12,0.0351528,17.2361,Yes,N/A,N/A,3,4,5,6,3 4,3 5,9,4 6,5 6,12,4 9,5 9,3 12,4 12,5 12,6 12
1 3 4 5 6 9 12 13,0.0299241,20.0093,Yes,N/A,N/A,3,4,5,6,3 4,3 5,9,1 9,5 6,12,13,1 13,3 12,4 12,4 13,5 13
1 3 4 5 6 9 11,0.0683033,10.4398,Yes,N/A,N/A,3,4,5,6,1 6,3 5,9,1 9,11,1 11,4 9,5 9,4 11,5 11,6 11,3 4 11
3 4 5 6 9 11,0.0399727,15.9861,Yes,N/A,N/A,3,4,5,6,3 4,3 5,9,4 6,11,3 9,4 9,5 9,4 11,5 11,6 11,3 4 11
1 3 4 5 6 9 11 13,0.035657,17.6157,Yes,N/A,N/A,3,4,5,6,3 4,3 5,9,1 9,11,1 11,13,1 13,4 11,3 13,4 13,5 13
3 4 5 6 9 12 13,0.015167,26.5417,Yes,N/A,N/A,3,4,5,6,3 4,3 5,9,4 6,5 6,12,13,5 9,3 12,3 13,4 13,5 13
1 3 4 5 6 9 11 12,0.0435033,15.787,Yes,N/A,N/A,3,4,5,6,1 6,3 5,9,1 9,11,12,1 12,5 9,4 11,4 12,5 12,6 12
3 4 5 6 9 11 13,0.0176865,24.6389,Yes,N/A,N/A,3,4,5,6,3 4,3 5,9,4 6,11,3 9,13,5 9,4 11,3 13,4 13,5 13
3 4 5 6 9 11 12,0.0227721,22.5417,Yes,N/A,N/A,3,4,5,6,3 4,3 5,9,4 6,11,12,4 9,5 9,3 12,4 12,5 12,6 12
1 3 4 5 6 9 11 12 13,0.0245667,23.0556,Yes,N/A,N/A,3,4,5,6,3 4,3 5,9,1 9,11,12,13,1 13,4 11,4 12,4 13,5 13
3 4 5 6 10 11 12 13,0.0107648,31.0231,Yes,N/A,N/A,3,4,5,6,3 4,3 5,3 6,10,11,12,13,3 11,4 11,6 10,4 13,6 12
1 3 4 5 6 9 10,0.0743807,9.95833,Yes,N/A,N/A,3,4,5,6,1 6,3 5,9,10,1 10,3 9,4 9,4 10,5 10,6 10,3 4 10,3 5 10
3 4 5 6 9 10,0.0493855,14.4769,Yes,N/A,N/A,3,4,5,6,3 4,3 5,9,10,5 6,3 9,4 9,4 10,6 9,6 10,3 4 10,3 5 10
1 3 4 5 6 9 10 13,0.0382603,17.5093,Yes,N/A,N/A,3,4,5,6,3 4,3 5,9,10,1 10,3 9,13,1 13,5 10,3 13,4 13,5 13
1 3 4 5 6 9 10 12,0.0491627,14.5139,Yes,N/A,N/A,3,4,5,6,3 4,3 5,9,10,1 10,12,1 12,4 10,6 9,4 12,5 12,6 12
3 4 5 6 9 10 13,0.0209107,23.4167,Yes,N/A,N/A,3,4,5,6,3 4,3 5,9,10,5 6,3 9,13,4 10,6 9,3 13,4 13,5 13
3 4 5 6 9 10 12,0.0274773,20.6528,Yes,N/A,N/A,3,4,5,6,3 4,3 5,9,10,5 6,12,4 9,5 9,6 9,4 12,5 12,6 12
1 3 4 5 6 9 10 12 13,0.0269492,22.1667,Yes,N/A,N/A,3,4,5,6,3 4,3 5,9,10,1 10,12,13,1 13,6 9,4 12,4 13,5 13
3 4 5 6 9 11 12 13,0.0118106,30.4676,Yes,N/A,N/A,3,4,5,6,3 4,3 5,9,4 6,11,12,13,5 9,6 9,3 13,5 12,5 13
1 3 4 5 6 9 10 11,0.0554604,13.4167,Yes,N/A,N/A,3,4,5,6,1 6,3 5,9,10,11,1 11,4 9,4 10,4 11,5 11,6 11,3 5 10
3 4 5 6 9 10 11,0.0295334,20.1713,Yes,N/A,N/A,3,4,5,6,3 4,3 5,9,10,11,3 9,4 9,5 9,4 11,6 10,6 11,4 5 9
1 3 4 5 6 9 10 11 13,0.0308696,20.3657,Yes,N/A,N/A,3,4,5,6,1 6,3 5,9,10,11,1 11,13,1 13,4 11,6 10,4 13,5 13
3 4 5 6 9 10 12 13,0.0132707,29.6528,Yes,N/A,N/A,3,4,5,6,3 4,3 5,9,10,5 6,12,13,4 10,6 9,4 12,4 13,6 12
1 3 4 5 6 9 10 11 12,0.0379734,18.1898,Yes,N/A,N/A,3,4,5,6,1 6,3 5,9,10,11,12,1 12,4 10,4 11,4 12,5 12,6 12
3 4 5 6 9 10 11 13,0.0145162,28.3704,Yes,N/A,N/A,3,4,5,6,3 4,3 5,9,10,11,3 9,13,4 10,6 9,6 10,4 13,5 13
3 4 5 6 9 10 11 12,0.0193522,25.0648,Yes,N/A,N/A,3,4,5,6,3 4,3 5,9,10,11,12,4 9,5 9,6 9,4 12,5 12,6 12
1 3 4 5 6 9 10 11 12 13,0.0233409,24.8796,Yes,N/A,N/A,3,4,5,6,1 6,3 5,9,10,11,12,13,1 13,4 11,4 12,4 13,5 13
1 3 4 5 6 8,0.0972941,6.12963,Yes,N/A,N/A,3,4,5,6,3 4,8,1 8,4 6,3 8,4 8,5 8,6 8,4 5 6,3 5 8,4 5 8,4 6 8
3 4 5 6 8,0.0773355,9.08333,Yes,N/A,N/A,3,4,5,6,3 4,8,3 6,4 6,3 8,4 8,5 8,6 8,4 5 6,3 5 8,3 6 8,4 6 8
1 3 4 5 6 8 13,0.0497382,13.4074,Yes,N/A,N/A,3,4,5,6,3 4,8,1 8,4 6,3 8,4 8,13,1 13,4 5 6,3 13,4 13,5 13
1 3 4 5 6 8 12,0.0621326,11.6343,Yes,N/A,N/A,3,4,5,6,3 4,8,1 8,4 6,3 8,12,1 12,6 8,3 12,4 12,5 12,6 12
3 4 5 6 8 13,0.0299259,18.2454,Yes,N/A,N/A,3,4,5,6,3 4,8,4 5,4 6,3 8,4 8,13,6 8,4 5 6,3 13,4 13,5 13
3 4 5 6 8 12,0.0406042,15.838,Yes,N/A,N/A,3,4,5,6,3 4,8,4 5,4 6,3 8,12,5 8,6 8,3 12,4 12,5 12,6 12
1 3 4 5 6 8 12 13,0.0325738,19.1574,Yes,N/A,N/A,3,4,5,6,3 4,8,1 8,4 6,3 8,12,13,1 13,3 12,3 13,4 13,5 13
1 3 4 5 6 8 11,0.0744578,9.97222,Yes,N/A,N/A,3,4,5,6,1 6,8,1 8,4 6,11,1 11,5 8,3 11,4 11,5 11,6 11,3 4 11
3 4 5 6 8 11,0.048089,14.7778,Yes,N/A,N/A,3,4,5,6,3 4,8,3 6,4 6,11,4 8,5 8,3 11,4 11,5 11,6 11,3 4 11
1 3 4 5 6 8 11 13,0.037715,17.3148,Yes,N/A,N/A,3,4,5,6,1 6,8,1 8,4 6,11,1 11,13,1 13,4 11,3 13,4 13,5 13
3 4 5 6 8 12 13,0.0175534,24.6528,Yes,N/A,N/A,3,4,5,6,3 4,8,4 5,4 6,3 8,12,13,6 8,3 12,3 13,5 12,5 13
1 3 4 5 6 8 11 12,0.0474548,15.3472,Yes,N/A,N/A,3,4,5,6,3 4,8,1 8,4 6,11,12,1 12,3 11,3 12,5 11,5 12,6 12
3 4 5 6 8 11 13,0.0194293,24.2222,Yes,N/A,N/A,3,4,5,6,3 4,8,3 6,4 6,11,4 8,13,3 11,4 11,3 13,6 11,5 13
3 4 5 6 8 11 12,0.0272,20.9213,Yes,N/A,N/A,3,4,5,6,3 4,8,3 6,4 6,11,12,5 8,3 11,3 12,5 11,5 12,6 12
1 3 4 5 6 8 11 12 13,0.0261288,22.7917,Yes,N/A,N/A,3,4,5,6,1 6,8,1 8,4 6,11,12,13,1 13,3 12,3 13,4 13,5 13
1 3 4 5 6 8 10,0.0848439,8.4213,Yes,N/A,N/A,3,4,5,6,1 6,8,1 8,10,1 10,4 8,3 10,4 10,5 10,6 10,3 4 10,8 10
3 4 5 6 8 10,0.0628761,12.2917,Yes,N/A,N/A,3,4,5,6,3 4,8,3 6,10,5 6,4 8,3 10,6 8,5 10,6 10,3 4 10,8 10
1 3 4 5 6 8 10 13,0.0441975,15.5509,Yes,N/A,N/A,3,4,5,6,3 4,8,1 8,10,1 10,4 8,13,1 13,5 10,3 13,4 13,5 13
1 3 4 5 6 8 10 12,0.0550672,12.9676,Yes,N/A,N/A,3,4,5,6,3 4,8,1 8,10,1 10,12,1 12,4 10,3 12,4 12,5 12,6 12
3 4 5 6 8 10 13,0.0253855,21.3472,Yes,N/A,N/A,3,4,5,6,3 4,8,3 6,10,5 6,4 8,13,6 8,5 10,3 13,4 13,5 13
3 4 5 6 8 10 12,0.0329262,18.4815,Yes,N/A,N/A,3,4,5,6,3 4,8,4 5,10,5 6,12,3 10,6 8,3 12,4 12,5 12,6 12
1 3 4 5 6 8 10 12 13,0.0309788,19.9722,Yes,N/A,N/A,3,4,5,6,3 4,8,4 5,10,1 10,12,13,1 13,3 12,3 13,4 13,5 13
3 4 5 6 8 11 12 13,0.0129339,29.6991,Yes,N/A,N/A,3,4,5,6,3 4,8,4 5,4 6,11,12,13,3 11,3 12,3 13,5 12,5 13
1 3 4 5 6 8 10 11,0.0641419,11.7778,Yes,N/A,N/A,3,4,5,6,1 6,8,4 5,10,11,1 11,3 10,3 11,4 11,5 11,6 11,8 10
3 4 5 6 8 10 11,0.0370505,17.5093,Yes,N/A,N/A,3,4,5,6,3 4,8,3 6,10,11,4 8,3 10,3 11,5 10,5 11,6 11,8 10
1 3 4 5 6 8 10 11 13,0.03515,18.6343,Yes,N/A,N/A,3,4,5,6,3 4,8,4 5,10,11,1 11,13,1 13,5 10,3 13,4 13,5 13
3 4 5 6 8 10 12 13,0.0156407,26.9861,Yes,N/A,N/A,3,4,5,6,3 4,8,4 5,10,3 8,12,13,6 8,3 12,3 13,4 13,5 13
1 3 4 5 6 8 10 11 12,0.0430376,16.375,Yes,N/A,N/A,3,4,5,6,1 6,8,4 5,10,11,12,1 12,3 11,4 11,5 11,5 12,6 12
3 4 5 6 8 10 11 13,0.0174356,26.2361,Yes,N/A,N/A,3,4,5,6,3 4,8,3 6,10,11,4 8,13,3 11,5 10,3 13,6 11,5 13
3 4 5 6 8 10 11 12,0.0226434,23.1157,Yes,N/A,N/A,3,4,5,6,3 4,8,3 6,10,11,12,3 10,6 8,3 12,5 11,5 12,6 12
1 3 4 5 6 8 10 11 12 13,0.0260317,22.8935,Yes,N/A,N/A,3,4,5,6,1 6,8,4 5,10,11,12,13,1 13,3 12,3 13,4 13,5 13
3 4 5 6 9 10 11 12 13,0.0108159,32.6528,Yes,N/A,N/A,3,4,5,6,3 4,3 5,9,10,11,12,13,5 9,6 9,4 12,4 13,6 12
1 3 4 5 6 8 9,0.0918066,7.5787,Yes,N/A,N/A,3,4,5,6,3 4,8,9,1 9,5 6,4 8,4 9,5 9,6 9,3 4 9,8 9,1 8 9
3 4 5 6 8 9,0.0658806,11.6528,Yes,N/A,N/A,3,4,5,6,3 4,8,9,4 6,5 6,3 9,5 8,5 9,6 9,3 4 9,8 9,3 6 9
1 3 4 5 6 8 9 13,0.048678,14.5231,Yes,N/A,N/A,3,4,5,6,3 4,8,9,1 9,5 6,4 8,13,1 13,6 9,3 13,4 13,5 13
1 3 4 5 6 8 9 12,0.0595256,12.3148,Yes,N/A,N/A,3,4,5,6,3 4,8,9,1 9,5 6,12,1 12,5 9,3 12,4 12,5 12,6 12
3 4 5 6 8 9 13,0.0271215,20.6019,Yes,N/A,N/A,3,4,5,6,3 4,8,9,4 6,5 6,3 9,13,5 9,6 9,3 13,8 9,5 13
3 4 5 6 8 9 12,0.0345668,18.4676,Yes,N/A,N/A,3,4,5,6,3 4,8,9,4 6,3 8,12,4 9,5 9,3 12,4 12,5 12,6 12
1 3 4 5 6 8 9 12 13,0.0324458,19.9722,Yes,N/A,N/A,3,4,5,6,3 4,8,9,1 9,5 6,12,13,1 13,3 12,3 13,4 13,5 13
1 3 4 5 6 8 9 11,0.0671714,10.9213,Yes,N/A,N/A,3,4,5,6,3 4,8,9,1 9,11,1 11,4 9,3 11,4 11,5 11,6 11,3 4 11
3 4 5 6 8 9 11,0.0396204,16.9722,Yes,N/A,N/A,3,4,5,6,3 4,8,9,4 6,11,3 9,5 8,3 11,4 11,5 11,8 9,3 6 9
1 3 4 5 6 8 9 11 13,0.0367779,17.875,Yes,N/A,N/A,3,4,5,6,3 4,8,9,1 9,11,1 11,13,1 13,4 11,3 13,4 13,5 13
3 4 5 6 8 9 12 13,0.0165571,26.7917,Yes,N/A,N/A,3,4,5,6,3 4,8,9,4 6,3 8,12,13,5 9,3 12,3 13,5 12,5 13
1 3 4 5 6 8 9 11 12,0.0450388,15.5926,Yes,N/A,N/A,3,4,5,6,3 4,8,9,1 9,11,12,1 12,3 11,3 12,5 11,5 12,6 12
3 4 5 6 8 9 11 13,0.0184818,25.6667,Yes,N/A,N/A,3,4,5,6,3 4,8,9,4 6,11,3 9,13,5 9,4 11,3 13,8 9,5 13
3 4 5 6 8 9 11 12,0.0239184,23.2315,Yes,N/A,N/A,3,4,5,6,3 4,8,9,4 6,11,12,5 8,3 11,3 12,5 11,5 12,6 12
1 3 4 5 6 8 9 11 12 13,0.0267177,22.3889,Yes,N/A,N/A,3,4,5,6,3 4,8,9,1 9,11,12,13,1 13,3 12,3 13,5 12,5 13
3 4 5 6 8 10 11 12 13,0.0123852,30.8102,Yes,N/A,N/A,3,4,5,6,3 4,8,4 5,10,11,12,13,6 8,5 10,3 13,5 12,5 13
1 3 4 5 6 8 9 10,0.0745576,9.81019,Yes,N/A,N/A,3,4,5,6,3 4,8,9,10,1 10,3 9,3 10,4 10,5 10,6 10,8 9,8 10
3 4 5 6 8 9 10,0.0478035,14.6898,Yes,N/A,N/A,3,4,5,6,3 4,8,9,10,5 6,3 9,3 10,5 9,5 10,6 10,8 9,8 10
1 3 4 5 6 8 9 10 13,0.041941,16.5093,Yes,N/A,N/A,3,4,5,6,3 4,8,9,10,1 10,3 9,13,1 13,5 10,3 13,4 13,5 13
1 3 4 5 6 8 9 10 12,0.0509007,13.9676,Yes,N/A,N/A,3,4,5,6,3 4,8,9,10,1 10,12,1 12,5 9,5 10,4 12,5 12,6 12
3 4 5 6 8 9 10 13,0.0227146,22.8796,Yes,N/A,N/A,3,4,5,6,3 4,8,9,10,5 6,3 9,13,5 9,5 10,3 13,4 13,5 13
3 4 5 6 8 9 10 12,0.0285354,20.6389,Yes,N/A,N/A,3,4,5,6,3 4,8,9,10,5 6,12,3 10,5 9,3 12,4 12,5 12,6 12
1 3 4 5 6 8 9 10 12 13,0.0302583,20.5694,Yes,N/A,N/A,3,4,5,6,3 4,8,9,10,1 10,12,13,1 13,5 10,3 13,4 13,5 13
3 4 5 6 8 9 11 12 13,0.0129001,31.0833,Yes,N/A,N/A,3,4,5,6,3 4,8,9,4 6,11,12,13,5 9,3 12,3 13,5 12,5 13
1 3 4 5 6 8 9 10 11,0.0576366,12.625,Yes,N/A,N/A,3,4,5,6,1 6,8,9,10,11,1 11,3 10,5 9,4 11,5 11,6 11,8 10
3 4 5 6 8 9 10 11,0.0315655,19.4722,Yes,N/A,N/A,3,4,5,6,3 4,8,9,10,11,3 9,3 10,5 9,5 10,5 11,6 11,8 10
1 3 4 5 6 8 9 10 11 13,0.0343874,18.7593,Yes,N/A,N/A,3,4,5,6,3 4,8,9,10,11,1 11,13,1 13,4 11,3 13,4 13,5 13
3 4 5 6 8 9 10 12 13,0.0152599,28.1898,Yes,N/A,N/A,3,4,5,6,3 4,8,9,10,5 6,12,13,5 9,3 12,3 13,4 13,5 13
1 3 4 5 6 8 9 10 11 12,0.0414528,16.6852,Yes,N/A,N/A,3,4,5,6,3 4,8,9,10,11,12,1 12,5 9,3 12,4 12,5 12,6 12
3 4 5 6 8 9 10 11 13,0.0168503,27.1898,Yes,N/A,N/A,3,4,5,6,3 4,8,9,10,11,3 9,13,5 9,5 10,3 13,4 13,5 13
3 4 5 6 8 9 10 11 12,0.0212372,24.5046,Yes,N/A,N/A,3,4,5,6,3 4,8,9,10,11,12,3 10,5 9,5 10,5 11,5 12,6 12
1 3 4 5 6 8 9 10 11 12 13,0.0269915,22.2361,Yes,N/A,N/A,3,4,5,6,3 4,8,9,10,11,12,13,1 13,4 11,3 13,4 13,5 13
3 4 5 7 8 9 10 11 12 13,0.0114612,35.1898,Yes,N/A,N/A,3,4,5,N/A,7,8,9,10,11,12,13,3 11,3 12,3 13,4 13,5 13
1 3 4 5 6 7,0.105275,5.54167,Yes,N/A,N/A,3,4,5,6,7,1 7,3 6,4 6,4 7,5 7,6 7,1 6 7,4 5 6,4 5 7,4 6 7,5 6 7
3 4 5 6 7,0.0867123,8.49537,Yes,N/A,N/A,3,4,5,6,7,3 5,3 6,3 7,4 7,5 7,6 7,3 4 7,3 5 7,3 6 7,4 6 7,5 6 7
1 3 4 5 6 7 13,0.0537576,12.2639,Yes,N/A,N/A,3,4,5,6,7,1 7,3 6,4 6,4 7,5 7,13,1 13,4 5 6,3 13,4 13,5 13
1 3 4 5 6 7 12,0.0681161,10.5787,Yes,N/A,N/A,3,4,5,6,7,1 7,4 5,4 6,4 7,12,1 12,3 5 6,3 12,4 12,5 12,6 12
3 4 5 6 7 13,0.031684,17.4537,Yes,N/A,N/A,3,4,5,6,7,3 5,3 6,3 7,4 7,5 7,13,3 5 6,4 5 6,3 13,4 13,5 13
3 4 5 6 7 12,0.0428757,15.2222,Yes,N/A,N/A,3,4,5,6,7,3 5,4 5,3 7,4 7,12,6 7,3 4 7,3 12,4 12,5 12,6 12
1 3 4 5 6 7 12 13,0.0353306,17.5972,Yes,N/A,N/A,3,4,5,6,7,1 7,4 5,4 6,4 7,12,13,1 13,3 12,3 13,4 13,5 13
1 3 4 5 6 7 11,0.0822087,8.62963,Yes,N/A,N/A,3,4,5,6,7,1 7,4 5,4 6,11,1 11,6 7,3 11,4 11,5 11,6 11,7 11
3 4 5 6 7 11,0.0561646,13.213,Yes,N/A,N/A,3,4,5,6,7,3 5,4 5,4 6,11,5 7,6 7,3 11,4 11,5 11,6 11,7 11
1 3 4 5 6 7 11 13,0.0420972,15.5741,Yes,N/A,N/A,3,4,5,6,7,1 7,3 6,4 6,11,1 11,13,1 13,4 11,3 13,4 13,5 13
3 4 5 6 7 12 13,0.0181729,23.9861,Yes,N/A,N/A,3,4,5,6,7,3 5,3 6,3 7,4 7,12,13,3 5 6,3 12,4 12,4 13,6 12
1 3 4 5 6 7 11 12,0.0514068,14.0139,Yes,N/A,N/A,3,4,5,6,7,1 7,4 5,4 6,11,12,1 12,3 11,3 12,4 12,5 12,6 12
3 4 5 6 7 11 13,0.0229168,22.213,Yes,N/A,N/A,3,4,5,6,7,3 5,3 6,4 6,11,5 7,13,3 11,4 11,3 13,4 13,7 11
3 4 5 6 7 11 12,0.0284304,20.2731,Yes,N/A,N/A,3,4,5,6,7,3 5,4 5,4 6,11,12,6 7,3 11,4 11,4 12,5 12,7 11
1 3 4 5 6 7 11 12 13,0.0282529,21.1389,Yes,N/A,N/A,3,4,5,6,7,1 7,4 5,4 6,11,12,13,1 13,3 12,4 12,4 13,5 13
1 3 4 5 6 7 10,0.0889173,8.02778,Yes,N/A,N/A,3,4,5,6,7,1 7,3 6,10,1 10,5 7,3 10,4 10,5 10,6 10,7 10,1 7 10
3 4 5 6 7 10,0.0633359,12.2407,Yes,N/A,N/A,3,4,5,6,7,3 5,3 6,10,4 7,5 7,3 10,4 10,5 10,6 10,7 10,3 5 10
1 3 4 5 6 7 10 13,0.0447668,15.2917,Yes,N/A,N/A,3,4,5,6,7,1 7,3 6,10,1 10,5 7,13,1 13,5 10,3 13,4 13,5 13
1 3 4 5 6 7 10 12,0.0582479,12.5046,Yes,N/A,N/A,3,4,5,6,7,1 7,3 6,10,4 7,12,1 12,4 10,3 12,4 12,5 12,6 12
3 4 5 6 7 10 13,0.0251575,21.3056,Yes,N/A,N/A,3,4,5,6,7,3 5,3 6,10,4 7,5 7,13,4 10,5 10,3 13,4 13,5 13
3 4 5 6 7 10 12,0.0335176,18.3611,Yes,N/A,N/A,3,4,5,6,7,3 5,3 6,10,4 7,12,6 7,4 10,3 12,4 12,7 10,6 12
1 3 4 5 6 7 10 12 13,0.0317672,19.5139,Yes,N/A,N/A,3,4,5,6,7,1 7,3 6,10,4 7,12,13,1 13,3 12,3 13,4 13,5 13
3 4 5 6 7 11 12 13,0.0136795,28.162,Yes,N/A,N/A,3,4,5,6,7,3 5,4 5,4 6,11,12,13,3 11,4 11,4 12,4 13,6 12
1 3 4 5 6 7 10 11,0.0646712,11.6991,Yes,N/A,N/A,3,4,5,6,7,1 7,3 6,10,11,1 11,3 10,3 11,4 11,5 11,6 11,7 11
3 4 5 6 7 10 11,0.0385375,17.5139,Yes,N/A,N/A,3,4,5,6,7,3 5,3 6,10,11,5 7,6 7,4 10,4 11,6 10,6 11,7 11
1 3 4 5 6 7 10 11 13,0.035599,18.3565,Yes,N/A,N/A,3,4,5,6,7,1 7,3 6,10,11,1 11,13,1 13,4 11,3 13,4 13,5 13
3 4 5 6 7 10 12 13,0.0158099,26.6435,Yes,N/A,N/A,3,4,5,6,7,3 5,3 6,10,4 7,12,13,4 10,3 12,4 12,4 13,5 13
1 3 4 5 6 7 10 11 12,0.0434026,16.3426,Yes,N/A,N/A,3,4,5,6,7,1 7,3 6,10,11,12,1 12,3 11,4 11,4 12,6 11,6 12
3 4 5 6 7 10 11 13,0.0178734,26.0694,Yes,N/A,N/A,3,4,5,6,7,3 5,3 6,10,11,5 7,13,4 10,4 11,6 10,4 13,7 11
3 4 5 6 7 10 11 12,0.0232859,22.9722,Yes,N/A,N/A,3,4,5,6,7,3 5,4 5,10,11,12,6 7,4 10,4 11,4 12,7 10,7 11
1 3 4 5 6 7 10 11 12 13,0.0260445,22.7407,Yes,N/A,N/A,3,4,5,6,7,1 7,3 6,10,11,12,13,1 13,4 11,4 12,4 13,5 13
1 3 4 5 6 7 9,0.0977393,6.78241,Yes,N/A,N/A,3,4,5,6,7,1 7,9,1 9,4 7,3 9,4 9,5 9,6 9,7 9,1 7 9,3 6 9
3 4 5 6 7 9,0.0712933,10.6991,Yes,N/A,N/A,3,4,5,6,7,3 5,9,4 6,5 6,3 9,4 9,5 9,6 9,7 9,3 5 9,3 6 9
1 3 4 5 6 7 9 13,0.052299,13.4769,Yes,N/A,N/A,3,4,5,6,7,1 7,9,4 6,4 7,3 9,13,1 13,6 9,3 13,4 13,5 13
1 3 4 5 6 7 9 12,0.0630998,11.5694,Yes,N/A,N/A,3,4,5,6,7,3 5,9,1 9,4 7,12,1 12,5 9,3 12,4 12,5 12,6 12
3 4 5 6 7 9 13,0.028589,19.6574,Yes,N/A,N/A,3,4,5,6,7,3 5,9,4 6,4 7,3 9,13,5 9,6 9,3 13,4 13,5 13
3 4 5 6 7 9 12,0.0374679,17.2593,Yes,N/A,N/A,3,4,5,6,7,3 5,9,3 7,5 6,12,4 9,5 9,3 12,4 12,5 12,6 12
1 3 4 5 6 7 9 12 13,0.0348398,18.5787,Yes,N/A,N/A,3,4,5,6,7,3 5,9,1 9,4 7,12,13,1 13,3 12,3 13,4 13,5 13
1 3 4 5 6 7 9 11,0.0716898,10.0694,Yes,N/A,N/A,3,4,5,6,7,1 7,9,1 9,11,1 11,4 9,3 11,4 11,5 11,6 11,7 11
3 4 5 6 7 9 11,0.0435442,15.6481,Yes,N/A,N/A,3,4,5,6,7,3 5,9,4 6,11,5 7,4 9,3 11,4 11,7 9,6 11,7 11
1 3 4 5 6 7 9 11 13,0.0403888,16.5139,Yes,N/A,N/A,3,4,5,6,7,3 5,9,4 6,11,1 11,13,1 13,4 11,3 13,4 13,5 13
3 4 5 6 7 9 12 13,0.0173931,25.8611,Yes,N/A,N/A,3,4,5,6,7,3 5,9,3 7,5 6,12,13,5 9,3 12,4 12,4 13,6 12
1 3 4 5 6 7 9 11 12,0.0486463,14.8981,Yes,N/A,N/A,3,4,5,6,7,3 5,9,4 6,11,12,1 12,3 11,3 12,4 12,5 12,6 12
3 4 5 6 7 9 11 13,0.0206016,24.0833,Yes,N/A,N/A,3,4,5,6,7,3 5,9,4 6,11,5 7,13,3 11,4 11,3 13,4 13,5 13
3 4 5 6 7 9 11 12,0.0251841,22.0833,Yes,N/A,N/A,3,4,5,6,7,3 5,9,3 7,11,12,4 9,3 11,4 11,4 12,5 12,6 12
1 3 4 5 6 7 9 11 12 13,0.0290232,21.1667,Yes,N/A,N/A,3,4,5,6,7,3 5,9,4 6,11,12,13,1 13,3 12,4 12,4 13,5 13
3 4 5 6 7 10 11 12 13,0.0121973,30.9167,Yes,N/A,N/A,3,4,5,6,7,3 5,3 6,10,11,12,13,4 10,4 11,4 12,4 13,7 11
1 3 4 5 6 7 9 10,0.0775253,9.24074,Yes,N/A,N/A,3,4,5,6,7,1 7,9,10,1 10,3 9,3 10,4 10,5 10,6 10,7 10,1 7 10
3 4 5 6 7 9 10,0.049194,14.287,Yes,N/A,N/A,3,4,5,6,7,3 5,9,10,4 7,3 9,4 9,4 10,6 9,6 10,7 10,3 6 9
1 3 4 5 6 7 9 10 13,0.0426511,16.1944,Yes,N/A,N/A,3,4,5,6,7,1 7,9,10,1 10,3 9,13,1 13,5 10,3 13,4 13,5 13
1 3 4 5 6 7 9 10 12,0.052696,13.7546,Yes,N/A,N/A,3,4,5,6,7,1 7,9,10,1 10,12,1 12,4 10,3 12,4 12,5 12,6 12
3 4 5 6 7 9 10 13,0.0227998,23.0278,Yes,N/A,N/A,3,4,5,6,7,3 5,9,10,4 7,3 9,13,4 10,6 9,3 13,4 13,5 13
3 4 5 6 7 9 10 12,0.0292941,20.2731,Yes,N/A,N/A,3,4,5,6,7,3 5,9,10,4 7,12,4 9,4 10,3 12,4 12,7 10,6 12
1 3 4 5 6 7 9 10 12 13,0.0317874,20.125,Yes,N/A,N/A,3,4,5,6,7,3 5,9,10,4 7,12,13,1 13,3 12,3 13,4 13,5 13
3 4 5 6 7 9 11 12 13,0.0135903,29.5463,Yes,N/A,N/A,3,4,5,6,7,3 5,9,4 6,11,12,13,3 11,4 11,4 12,4 13,5 13
1 3 4 5 6 7 9 10 11,0.0594835,12.3935,Yes,N/A,N/A,3,4,5,6,7,3 5,9,10,11,1 11,4 9,4 10,4 11,5 11,6 11,7 11
3 4 5 6 7 9 10 11,0.0332903,19.0787,Yes,N/A,N/A,3,4,5,6,7,3 5,9,10,11,3 9,4 9,4 10,4 11,6 10,6 11,7 11
1 3 4 5 6 7 9 10 11 13,0.0352998,18.8148,Yes,N/A,N/A,3,4,5,6,7,3 5,9,10,11,1 11,13,1 13,4 11,3 13,4 13,5 13
3 4 5 6 7 9 10 12 13,0.0153623,28.1852,Yes,N/A,N/A,3,4,5,6,7,3 5,9,10,4 7,12,13,4 10,3 12,4 12,4 13,6 12
1 3 4 5 6 7 9 10 11 12,0.0427909,16.4537,Yes,N/A,N/A,3,4,5,6,7,3 5,9,10,11,12,1 12,3 11,4 11,4 12,5 12,6 12
3 4 5 6 7 9 10 11 13,0.0172959,27.3611,Yes,N/A,N/A,3,4,5,6,7,3 5,9,10,11,5 7,13,4 10,4 11,3 13,4 13,7 11
3 4 5 6 7 9 10 11 12,0.0219199,24.0324,Yes,N/A,N/A,3,4,5,6,7,3 5,9,10,11,12,4 9,4 10,4 11,4 12,7 10,6 12
1 3 4 5 6 7 9 10 11 12 13,0.0274773,22.162,Yes,N/A,N/A,3,4,5,6,7,1 7,9,10,11,12,13,1 13,4 11,4 12,4 13,5 13
3 4 5 6 8 9 10 11 12 13,0.0127988,31.1759,Yes,N/A,N/A,3,4,5,6,3 4,8,9,10,11,12,13,5 9,5 10,3 13,5 12,5 13
1 3 4 5 6 7 8,0.102434,6.43056,Yes,N/A,N/A,3,4,5,6,7,8,1 8,4 6,3 8,4 8,5 8,6 8,7 8,1 7 8,3 6 8,4 6 8
3 4 5 6 7 8,0.0783696,9.45833,Yes,N/A,N/A,3,4,5,6,7,8,4 5,3 7,3 8,4 8,5 8,6 8,7 8,3 5 8,3 6 8,3 7 8
1 3 4 5 6 7 8 13,0.0557824,12.8287,Yes,N/A,N/A,3,4,5,6,7,8,1 8,4 6,3 8,4 8,13,1 13,7 8,3 13,4 13,5 13
1 3 4 5 6 7 8 12,0.0669174,11.0602,Yes,N/A,N/A,3,4,5,6,7,8,1 8,3 7,4 7,12,1 12,6 8,3 12,4 12,5 12,6 12
3 4 5 6 7 8 13,0.0327765,17.6944,Yes,N/A,N/A,3,4,5,6,7,8,4 5,3 7,5 6,4 8,13,6 8,7 8,3 13,4 13,5 13
3 4 5 6 7 8 12,0.0406009,15.9444,Yes,N/A,N/A,3,4,5,6,7,8,4 5,3 7,3 8,12,5 8,6 8,3 12,4 12,5 12,6 12
1 3 4 5 6 7 8 12 13,0.0365003,17.9769,Yes,N/A,N/A,3,4,5,6,7,8,1 8,3 7,4 7,12,13,1 13,3 12,4 12,4 13,5 13
1 3 4 5 6 7 8 11,0.0770266,9.39815,Yes,N/A,N/A,3,4,5,6,7,8,1 8,3 7,11,1 11,5 8,3 11,4 11,5 11,6 11,7 11
3 4 5 6 7 8 11,0.0475356,14.4398,Yes,N/A,N/A,3,4,5,6,7,8,4 5,3 7,11,4 8,6 7,3 11,4 11,5 11,6 11,7 11
1 3 4 5 6 7 8 11 13,0.0432047,15.7407,Yes,N/A,N/A,3,4,5,6,7,8,4 5,3 7,11,1 11,13,1 13,4 11,3 13,4 13,5 13
3 4 5 6 7 8 12 13,0.0194021,23.8565,Yes,N/A,N/A,3,4,5,6,7,8,4 5,3 7,5 6,12,13,6 8,3 12,3 13,4 13,5 13
1 3 4 5 6 7 8 11 12,0.051294,14.4167,Yes,N/A,N/A,3,4,5,6,7,8,4 5,3 7,11,12,1 12,3 11,3 12,4 12,5 12,6 12
3 4 5 6 7 8 11 13,0.0225279,22.4815,Yes,N/A,N/A,3,4,5,6,7,8,4 5,3 7,11,4 8,13,3 11,4 11,3 13,4 13,5 13
3 4 5 6 7 8 11 12,0.0279941,20.3426,Yes,N/A,N/A,3,4,5,6,7,8,4 5,3 7,11,12,5 8,3 11,3 12,4 12,5 12,7 11
1 3 4 5 6 7 8 11 12 13,0.0304255,20.6204,Yes,N/A,N/A,3,4,5,6,7,8,4 5,3 7,11,12,13,1 13,3 12,3 13,4 13,5 13
1 3 4 5 6 7 8 10,0.0846698,8.2963,Yes,N/A,N/A,3,4,5,6,7,8,3 6,10,1 10,4 8,3 10,4 10,5 10,6 10,7 10,8 10
3 4 5 6 7 8 10,0.0552103,12.662,Yes,N/A,N/A,3,4,5,6,7,8,3 6,10,3 8,4 8,3 10,4 10,5 10,6 10,7 10,8 10
1 3 4 5 6 7 8 10 13,0.0476763,14.6019,Yes,N/A,N/A,3,4,5,6,7,8,3 6,10,1 10,4 8,13,1 13,5 10,3 13,4 13,5 13
1 3 4 5 6 7 8 10 12,0.057239,12.5,Yes,N/A,N/A,3,4,5,6,7,8,3 6,10,1 10,12,1 12,4 10,3 12,4 12,5 12,6 12
3 4 5 6 7 8 10 13,0.0256924,21.0417,Yes,N/A,N/A,3,4,5,6,7,8,3 6,10,3 8,4 8,13,4 10,5 10,3 13,4 13,5 13
3 4 5 6 7 8 10 12,0.0326056,18.6389,Yes,N/A,N/A,3,4,5,6,7,8,3 6,10,4 7,12,3 10,4 10,3 12,4 12,5 12,6 12
1 3 4 5 6 7 8 10 12 13,0.0339072,18.6343,Yes,N/A,N/A,3,4,5,6,7,8,3 6,10,1 10,12,13,1 13,3 12,3 13,4 13,5 13
3 4 5 6 7 8 11 12 13,0.0149149,27.7083,Yes,N/A,N/A,3,4,5,6,7,8,4 5,3 7,11,12,13,3 11,3 12,3 13,4 13,5 13
1 3 4 5 6 7 8 10 11,0.0639452,11.4028,Yes,N/A,N/A,3,4,5,6,7,8,1 8,10,11,1 11,6 7,3 11,4 11,5 11,6 11,7 11
3 4 5 6 7 8 10 11,0.0380463,17.0694,Yes,N/A,N/A,3,4,5,6,7,8,3 6,10,11,4 8,3 10,3 11,4 11,5 11,6 11,7 11
1 3 4 5 6 7 8 10 11 13,0.0390115,17.2176,Yes,N/A,N/A,3,4,5,6,7,8,3 6,10,11,5 7,13,1 13,4 11,3 13,4 13,5 13
3 4 5 6 7 8 10 12 13,0.0170677,26.2917,Yes,N/A,N/A,3,4,5,6,7,8,3 6,10,4 7,12,13,4 10,3 12,3 13,4 13,5 13
1 3 4 5 6 7 8 10 11 12,0.0455546,15.5231,Yes,N/A,N/A,3,4,5,6,7,8,1 8,10,11,12,1 12,3 11,3 12,4 12,5 12,7 11
3 4 5 6 7 8 10 11 13,0.0196515,24.8843,Yes,N/A,N/A,3,4,5,6,7,8,3 6,10,11,4 8,13,3 11,4 11,3 13,4 13,5 13
3 4 5 6 7 8 10 11 12,0.0244961,22.3056,Yes,N/A,N/A,3,4,5,6,7,8,4 5,10,11,12,6 7,3 11,3 12,4 12,7 10,7 11
1 3 4 5 6 7 8 10 11 12 13,0.0295232,20.9259,Yes,N/A,N/A,3,4,5,6,7,8,3 6,10,11,12,13,1 13,3 12,3 13,4 13,5 13
3 4 5 6 7 9 10 11 12 13,0.0128172,31.1574,Yes,N/A,N/A,3,4,5,6,7,3 5,9,10,11,12,13,4 10,4 11,4 12,4 13,6 12
1 3 4 5 6 7 8 9,0.0893264,7.4213,Yes,N/A,N/A,3,4,5,6,7,8,9,1 9,3 8,3 9,4 9,5 9,7 8,7 9,8 9,1 8 9
3 4 5 6 7 8 9,0.0600902,11.4907,Yes,N/A,N/A,3,4,5,6,7,8,9,4 6,3 8,3 9,4 9,5 9,7 8,7 9,8 9,4 5 9
1 3 4 5 6 7 8 9 13,0.0513981,13.5093,Yes,N/A,N/A,3,4,5,6,7,8,9,1 9,3 8,4 8,13,1 13,6 9,3 13,4 13,5 13
1 3 4 5 6 7 8 9 12,0.0613404,11.7269,Yes,N/A,N/A,3,4,5,6,7,8,9,1 9,3 8,12,1 12,5 9,3 12,4 12,5 12,6 12
3 4 5 6 7 8 9 13,0.0287199,19.625,Yes,N/A,N/A,3,4,5,6,7,8,9,4 6,5 6,3 9,13,5 9,6 9,3 13,4 13,5 13
3 4 5 6 7 8 9 12,0.0357427,17.8796,Yes,N/A,N/A,3,4,5,6,7,8,9,3 7,5 6,12,4 9,5 9,3 12,4 12,5 12,6 12
1 3 4 5 6 7 8 9 12 13,0.0361345,17.9398,Yes,N/A,N/A,3,4,5,6,7,8,9,1 9,3 8,12,13,1 13,3 12,3 13,4 13,5 13
1 3 4 5 6 7 8 9 11,0.0692178,10.287,Yes,N/A,N/A,3,4,5,6,7,8,9,1 9,11,1 11,4 9,3 11,4 11,5 11,6 11,7 11
3 4 5 6 7 8 9 11,0.0419708,15.8843,Yes,N/A,N/A,3,4,5,6,7,8,9,4 6,11,3 9,4 9,3 11,4 11,5 11,6 11,7 11
1 3 4 5 6 7 8 9 11 13,0.0419782,16.0046,Yes,N/A,N/A,3,4,5,6,7,8,9,4 6,11,1 11,13,1 13,4 11,3 13,4 13,5 13
3 4 5 6 7 8 9 12 13,0.0187868,25.2778,Yes,N/A,N/A,3,4,5,6,7,8,9,4 6,5 6,12,13,5 9,3 12,3 13,4 13,5 13
1 3 4 5 6 7 8 9 11 12,0.049166,14.3565,Yes,N/A,N/A,3,4,5,6,7,8,9,1 9,11,12,1 12,3 11,3 12,4 12,5 12,6 12
3 4 5 6 7 8 9 11 13,0.0219813,23.3519,Yes,N/A,N/A,3,4,5,6,7,8,9,4 6,11,5 7,13,3 11,4 11,3 13,4 13,5 13
3 4 5 6 7 8 9 11 12,0.0265193,21.4444,Yes,N/A,N/A,3,4,5,6,7,8,9,3 7,11,12,4 9,3 11,3 12,4 12,5 12,6 12
1 3 4 5 6 7 8 9 11 12 13,0.0313024,19.9769,Yes,N/A,N/A,3,4,5,6,7,8,9,1 9,11,12,13,1 13,3 12,3 13,4 13,5 13
3 4 5 6 7 8 10 11 12 13,0.0142147,28.9537,Yes,N/A,N/A,3,4,5,6,7,8,4 5,10,11,12,13,3 11,3 12,3 13,4 13,7 11
1 3 4 5 6 7 8 9 10,0.0762867,9.125,Yes,N/A,N/A,3,4,5,6,7,8,9,10,1 10,5 7,3 10,4 10,5 10,6 10,7 10,8 10
3 4 5 6 7 8 9 10,0.0486465,14.2963,Yes,N/A,N/A,3,4,5,6,7,8,9,10,5 6,3 9,3 10,4 10,5 10,7 9,7 10,8 10
1 3 4 5 6 7 8 9 10 13,0.0456352,15.0741,Yes,N/A,N/A,3,4,5,6,7,8,9,10,1 10,3 9,13,1 13,5 10,3 13,4 13,5 13
1 3 4 5 6 7 8 9 10 12,0.0545261,12.9028,Yes,N/A,N/A,3,4,5,6,7,8,9,10,1 10,12,1 12,4 10,3 12,4 12,5 12,6 12
3 4 5 6 7 8 9 10 13,0.0248466,21.9907,Yes,N/A,N/A,3,4,5,6,7,8,9,10,5 6,3 9,13,4 10,5 10,3 13,4 13,5 13
3 4 5 6 7 8 9 10 12,0.0306079,19.6481,Yes,N/A,N/A,3,4,5,6,7,8,9,10,5 6,12,3 10,4 10,3 12,4 12,5 12,6 12
1 3 4 5 6 7 8 9 10 12 13,0.0351014,18.4074,Yes,N/A,N/A,3,4,5,6,7,8,9,10,4 7,12,13,1 13,3 12,3 13,4 13,5 13
3 4 5 6 7 8 9 11 12 13,0.01548,28.2407,Yes,N/A,N/A,3,4,5,6,7,8,9,4 6,11,12,13,3 11,3 12,3 13,4 13,5 13
1 3 4 5 6 7 8 9 10 11,0.0613446,11.7176,Yes,N/A,N/A,3,4,5,6,7,8,9,10,11,1 11,3 10,3 11,4 11,5 11,6 11,7 11
3 4 5 6 7 8 9 10 11,0.0351714,17.9259,Yes,N/A,N/A,3,4,5,6,7,8,9,10,11,4 8,3 10,3 11,4 11,5 11,6 11,7 11
1 3 4 5 6 7 8 9 10 11 13,0.0392361,16.9167,Yes,N/A,N/A,3,4,5,6,7,8,9,10,11,1 11,13,1 13,4 11,3 13,4 13,5 13
3 4 5 6 7 8 9 10 12 13,0.0175358,26.5278,Yes,N/A,N/A,3,4,5,6,7,8,9,10,4 7,12,13,4 10,3 12,3 13,4 13,5 13
1 3 4 5 6 7 8 9 10 11 12,0.0463405,14.8194,Yes,N/A,N/A,3,4,5,6,7,8,9,10,11,12,1 12,3 11,3 12,4 12,5 12,6 12
3 4 5 6 7 8 9 10 11 13,0.0199418,24.6944,Yes,N/A,N/A,3,4,5,6,7,8,9,10,11,3 9,13,3 11,4 11,3 13,4 13,5 13
3 4 5 6 7 8 9 10 11 12,0.0243026,22.4352,Yes,N/A,N/A,3,4,5,6,7,8,9,10,11,12,3 10,3 11,3 12,4 12,5 12,7 11
1 3 4 5 6 7 8 9 10 11 12 13,0.0319812,19.4398,Yes,N/A,N/A,3,4,5,6,7,8,9,10,11,12,13,1 13,3 12,3 13,4 13,5 13
1 2,0.00462963,2.98611,Yes,N/A,2,1 2,N/A,N/A,N/A,N/A,N/A,N/A,N/A,N/A,N/A,N/A,N/A,N/A,N/A,N/A,N/A
2,0,2,Yes,N/A,2,N/A,N/A,N/A,N/A,N/A,N/A,N/A,N/A,N/A,N/A,N/A,N/A,N/A,N/A,N/A,N/A
1 2 13,0.036394,12.4583,Yes,N/A,2,1 2,N/A,N/A,N/A,N/A,N/A,N/A,N/A,N/A,N/A,13,1 13,2 13,1 2 13,N/A,N/A
1 2 12,0.058942,10.4722,Yes,N/A,2,1 2,N/A,N/A,N/A,N/A,N/A,N/A,N/A,N/A,12,1 12,2 12,1 2 12,N/A,N/A,N/A
2 13,0.0462963,13.0417,Yes,N/A,2,N/A,N/A,N/A,N/A,N/A,N/A,N/A,N/A,N/A,N/A,13,N/A,2 13,N/A,N/A,N/A
2 12,0.0694444,11.6389,Yes,N/A,2,N/A,N/A,N/A,N/A,N/A,N/A,N/A,N/A,N/A,12,N/A,2 12,N/A,N/A,N/A,N/A
1 2 12 13,0.0234786,21.8519,Yes,N/A,2,1 2,N/A,N/A,N/A,N/A,N/A,N/A,N/A,N/A,12,13,1 13,2 13,1 2 13,N/A,N/A
1 2 11,0.0868056,8.75463,Yes,N/A,2,1 2,N/A,N/A,N/A,N/A,N/A,N/A,N/A,11,1 11,2 11,1 2 11,N/A,N/A,N/A,N/A
2 11,0.0972222,10.3611,Yes,N/A,2,N/A,N/A,N/A,N/A,N/A,N/A,N/A,N/A,11,N/A,2 11,N/A,N/A,N/A,N/A,N/A
1 2 11 13,0.0350062,19.1111,Yes,N/A,2,1 2,N/A,N/A,N/A,N/A,N/A,N/A,N/A,11,1 11,13,1 13,2 13,1 2 13,N/A,N/A
2 12 13,0.0242198,21.9259,Yes,N/A,2,N/A,N/A,N/A,N/A,N/A,N/A,N/A,N/A,N/A,12,13,2 12,2 13,N/A,N/A,N/A
1 2 11 12,0.0422722,18.3611,Yes,N/A,2,1 2,N/A,N/A,N/A,N/A,N/A,N/A,N/A,11,12,1 12,2 12,1 2 12,N/A,N/A,N/A
2 11 13,0.0210262,22.0324,Yes,N/A,2,N/A,N/A,N/A,N/A,N/A,N/A,N/A,N/A,11,N/A,13,N/A,2 13,N/A,N/A,N/A
2 11 12,0.0398663,18.9444,Yes,N/A,2,N/A,N/A,N/A,N/A,N/A,N/A,N/A,N/A,11,12,2 11,2 12,N/A,N/A,N/A,N/A
1 2 11 12 13,0.0166763,29.412,Yes,N/A,2,1 2,N/A,N/A,N/A,N/A,N/A,N/A,N/A,11,12,13,1 13,2 13,1 2 13,N/A,N/A
1 2 10,0.11767,7.45833,Yes,N/A,2,1 2,N/A,N/A,N/A,N/A,N/A,N/A,10,1 10,2 10,1 2 10,N/A,N/A,N/A,N/A,N/A
2 10,0.115741,9.36111,Yes,N/A,2,N/A,N/A,N/A,N/A,N/A,N/A,N/A,10,N/A,2 10,N/A,N/A,N/A,N/A,N/A,N/A
1 2 10 13,0.0500632,16.5,Yes,N/A,2,1 2,N/A,N/A,N/A,N/A,N/A,N/A,10,1 10,2 10,13,1 13,2 13,1 2 13,N/A,N/A
1 2 10 12,0.0569684,15.7361,Yes,N/A,2,1 2,N/A,N/A,N/A,N/A,N/A,N/A,10,1 10,12,1 12,2 12,1 2 12,N/A,N/A,N/A
2 10 13,0.0340792,19.537,Yes,N/A,2,N/A,N/A,N/A,N/A,N/A,N/A,N/A,10,N/A,2 10,13,N/A,2 13,N/A,N/A,N/A
2 10 12,0.030757,19.5278,Yes,N/A,2,N/A,N/A,N/A,N/A,N/A,N/A,N/A,10,N/A,12,N/A,2 12,N/A,N/A,N/A,N/A
1 2 10 12 13,0.024001,25.963,Yes,N/A,2,1 2,N/A,N/A,N/A,N/A,N/A,N/A,10,1 10,12,13,2 12,2 13,1 2 13,N/A,N/A
2 11 12 13,0.0123644,29.9491,Yes,N/A,2,N/A,N/A,N/A,N/A,N/A,N/A,N/A,N/A,11,12,13,2 12,2 13,N/A,N/A,N/A
1 2 10 11,0.0619588,15.4398,Yes,N/A,2,1 2,N/A,N/A,N/A,N/A,N/A,N/A,10,11,1 11,2 11,1 2 11,N/A,N/A,N/A,N/A
2 10 11,0.0532407,16.5463,Yes,N/A,2,N/A,N/A,N/A,N/A,N/A,N/A,N/A,10,11,2 10,2 11,N/A,N/A,N/A,N/A,N/A
1 2 10 11 13,0.0286521,24.8056,Yes,N/A,2,1 2,N/A,N/A,N/A,N/A,N/A,N/A,10,11,2 10,13,1 13,2 13,1 2 13,N/A,N/A
2 10 12 13,0.0129896,29.1065,Yes,N/A,2,N/A,N/A,N/A,N/A,N/A,N/A,N/A,10,N/A,12,13,2 12,2 13,N/A,N/A,N/A
1 2 10 11 12,0.0297055,24.5093,Yes,N/A,2,1 2,N/A,N/A,N/A,N/A,N/A,N/A,10,11,12,1 12,2 12,1 2 12,N/A,N/A,N/A
2 10 11 13,0.0163243,27.4491,Yes,N/A,2,N/A,N/A,N/A,N/A,N/A,N/A,N/A,10,11,2 10,13,N/A,2 13,N/A,N/A,N/A
2 10 11 12,0.0199733,25.7731,Yes,N/A,2,N/A,N/A,N/A,N/A,N/A,N/A,N/A,10,11,12,2 11,2 12,N/A,N/A,N/A,N/A
1 2 10 11 12 13,0.0139863,34.7778,Yes,N/A,2,1 2,N/A,N/A,N/A,N/A,N/A,N/A,10,11,12,13,1 13,2 13,1 2 13,N/A,N/A
1 2 9,0.137646,6.68056,Yes,N/A,2,1 2,N/A,N/A,N/A,N/A,N/A,9,1 9,2 9,1 2 9,N/A,N/A,N/A,N/A,N/A,N/A
2 9,0.125,8.58333,Yes,N/A,2,N/A,N/A,N/A,N/A,N/A,N/A,9,N/A,2 9,N/A,N/A,N/A,N/A,N/A,N/A,N/A
1 2 9 13,0.06402,14.2361,Yes,N/A,2,1 2,N/A,N/A,N/A,N/A,N/A,9,1 9,2 9,1 2 9,13,1 13,2 13,1 2 13,N/A,N/A
1 2 9 12,0.0736531,13.3704,Yes,N/A,2,1 2,N/A,N/A,N/A,N/A,N/A,9,1 9,2 9,12,1 12,2 12,1 2 12,N/A,N/A,N/A
2 9 13,0.0350223,18.7593,Yes,N/A,2,N/A,N/A,N/A,N/A,N/A,N/A,9,N/A,2 9,N/A,13,N/A,2 13,N/A,N/A,N/A
2 9 12,0.0450103,17.1389,Yes,N/A,2,N/A,N/A,N/A,N/A,N/A,N/A,9,N/A,2 9,12,N/A,2 12,N/A,N/A,N/A,N/A
1 2 9 12 13,0.0304694,23.1806,Yes,N/A,2,1 2,N/A,N/A,N/A,N/A,N/A,9,1 9,2 9,12,13,1 13,2 13,1 2 13,N/A,N/A
1 2 9 11,0.0760727,13.0833,Yes,N/A,2,1 2,N/A,N/A,N/A,N/A,N/A,9,1 9,11,1 11,2 11,1 2 11,N/A,N/A,N/A,N/A
2 9 11,0.0381301,17.4028,Yes,N/A,2,N/A,N/A,N/A,N/A,N/A,N/A,9,N/A,11,N/A,2 11,N/A,N/A,N/A,N/A,N/A
1 2 9 11 13,0.032533,22.3102,Yes,N/A,2,1 2,N/A,N/A,N/A,N/A,N/A,9,1 9,11,1 11,13,1 13,2 13,1 2 13,N/A,N/A
2 9 12 13,0.0168491,26.4444,Yes,N/A,2,N/A,N/A,N/A,N/A,N/A,N/A,9,N/A,2 9,12,13,2 12,2 13,N/A,N/A,N/A
1 2 9 11 12,0.0390742,21.338,Yes,N/A,2,1 2,N/A,N/A,N/A,N/A,N/A,9,1 9,11,12,2 11,2 12,1 2 12,N/A,N/A,N/A
2 9 11 13,0.0118581,28.787,Yes,N/A,2,N/A,N/A,N/A,N/A,N/A,N/A,9,N/A,11,N/A,13,N/A,2 13,N/A,N/A,N/A
2 9 11 12,0.0192678,25.3194,Yes,N/A,2,N/A,N/A,N/A,N/A,N/A,N/A,9,N/A,11,12,2 11,2 12,N/A,N/A,N/A,N/A
1 2 9 11 12 13,0.0180237,31.1389,Yes,N/A,2,1 2,N/A,N/A,N/A,N/A,N/A,9,1 9,11,12,13,2 12,2 13,1 2 13,N/A,N/A
2 10 11 12 13,0.00813579,36.2222,Yes,N/A,2,N/A,N/A,N/A,N/A,N/A,N/A,N/A,10,11,12,13,2 12,2 13,N/A,N/A,N/A
1 2 9 10,0.0745367,13.2917,Yes,N/A,2,1 2,N/A,N/A,N/A,N/A,N/A,9,10,1 10,2 10,1 2 10,N/A,N/A,N/A,N/A,N/A
2 9 10,0.0580418,14.7407,Yes,N/A,2,N/A,N/A,N/A,N/A,N/A,N/A,9,10,2 9,2 10,N/A,N/A,N/A,N/A,N/A,N/A
1 2 9 10 13,0.0376888,20.8796,Yes,N/A,2,1 2,N/A,N/A,N/A,N/A,N/A,9,10,1 10,2 10,13,1 13,2 13,1 2 13,N/A,N/A
1 2 9 10 12,0.0421435,20.3611,Yes,N/A,2,1 2,N/A,N/A,N/A,N/A,N/A,9,10,2 9,12,1 12,2 12,1 2 12,N/A,N/A,N/A
2 9 10 13,0.0209476,24,Yes,N/A,2,N/A,N/A,N/A,N/A,N/A,N/A,9,10,2 9,2 10,13,N/A,2 13,N/A,N/A,N/A
2 9 10 12,0.0215302,24.125,Yes,N/A,2,N/A,N/A,N/A,N/A,N/A,N/A,9,10,2 9,12,N/A,2 12,N/A,N/A,N/A,N/A
1 2 9 10 12 13,0.020129,29.6898,Yes,N/A,2,1 2,N/A,N/A,N/A,N/A,N/A,9,10,1 10,12,13,1 13,2 13,1 2 13,N/A,N/A
2 9 11 12 13,0.00783413,35.7083,Yes,N/A,2,N/A,N/A,N/A,N/A,N/A,N/A,9,N/A,11,12,13,2 12,2 13,N/A,N/A,N/A
1 2 9 10 11,0.0395759,20.75,Yes,N/A,2,1 2,N/A,N/A,N/A,N/A,N/A,9,10,11,1 11,2 11,1 2 11,N/A,N/A,N/A,N/A
2 9 10 11,0.0243457,22.7315,Yes,N/A,2,N/A,N/A,N/A,N/A,N/A,N/A,9,10,11,2 10,2 11,N/A,N/A,N/A,N/A,N/A
1 2 9 10 11 13,0.021449,28.6481,Yes,N/A,2,1 2,N/A,N/A,N/A,N/A,N/A,9,10,11,1 11,13,1 13,2 13,1 2 13,N/A,N/A
2 9 10 12 13,0.0102334,32.3611,Yes,N/A,2,N/A,N/A,N/A,N/A,N/A,N/A,9,10,2 9,12,13,2 12,2 13,N/A,N/A,N/A
1 2 9 10 11 12,0.0226704,28.8102,Yes,N/A,2,1 2,N/A,N/A,N/A,N/A,N/A,9,10,11,12,1 12,2 12,1 2 12,N/A,N/A,N/A
2 9 10 11 13,0.00983618,32.912,Yes,N/A,2,N/A,N/A,N/A,N/A,N/A,N/A,9,10,11,2 10,13,N/A,2 13,N/A,N/A,N/A
2 9 10 11 12,0.0119596,31.3102,Yes,N/A,2,N/A,N/A,N/A,N/A,N/A,N/A,9,10,11,12,2 11,2 12,N/A,N/A,N/A,N/A
1 2 9 10 11 12 13,0.0126395,37.9722,Yes,N/A,2,1 2,N/A,N/A,N/A,N/A,N/A,9,10,11,12,13,1 13,2 13,1 2 13,N/A,N/A
1 2 8,0.146734,6.31481,Yes,N/A,2,1 2,N/A,N/A,N/A,N/A,8,1 8,2 8,1 2 8,N/A,N/A,N/A,N/A,N/A,N/A,N/A
2 8,0.125,7.97222,Yes,N/A,2,N/A,N/A,N/A,N/A,N/A,8,N/A,2 8,N/A,N/A,N/A,N/A,N/A,N/A,N/A,N/A
1 2 8 13,0.0635985,14.0926,Yes,N/A,2,1 2,N/A,N/A,N/A,N/A,8,1 8,2 8,1 2 8,N/A,13,1 13,2 13,1 2 13,N/A,N/A
1 2 8 12,0.0857035,11.6944,Yes,N/A,2,1 2,N/A,N/A,N/A,N/A,8,1 8,2 8,1 2 8,12,1 12,2 12,1 2 12,N/A,N/A,N/A
2 8 13,0.0333076,18.2315,Yes,N/A,2,N/A,N/A,N/A,N/A,N/A,8,N/A,2 8,N/A,N/A,13,N/A,2 13,N/A,N/A,N/A
2 8 12,0.0424383,16.6528,Yes,N/A,2,N/A,N/A,N/A,N/A,N/A,8,N/A,2 8,N/A,12,N/A,2 12,N/A,N/A,N/A,N/A
1 2 8 12 13,0.0331438,21.1528,Yes,N/A,2,1 2,N/A,N/A,N/A,N/A,8,1 8,2 8,1 2 8,12,13,1 13,2 13,1 2 13,N/A,N/A
1 2 8 11,0.089265,11.3611,Yes,N/A,2,1 2,N/A,N/A,N/A,N/A,8,1 8,2 8,11,1 11,2 11,1 2 11,N/A,N/A,N/A,N/A
2 8 11,0.0501543,15.3194,Yes,N/A,2,N/A,N/A,N/A,N/A,N/A,8,N/A,2 8,11,N/A,2 11,N/A,N/A,N/A,N/A,N/A
1 2 8 11 13,0.03857,19.963,Yes,N/A,2,1 2,N/A,N/A,N/A,N/A,8,1 8,2 8,11,1 11,13,1 13,2 13,1 2 13,N/A,N/A
2 8 12 13,0.0155035,26.0602,Yes,N/A,2,N/A,N/A,N/A,N/A,N/A,8,N/A,2 8,N/A,12,13,2 12,2 13,N/A,N/A,N/A
1 2 8 11 12,0.044978,19.0741,Yes,N/A,2,1 2,N/A,N/A,N/A,N/A,8,1 8,2 8,11,12,1 12,2 12,1 2 12,N/A,N/A,N/A
2 8 11 13,0.0152472,26.4028,Yes,N/A,2,N/A,N/A,N/A,N/A,N/A,8,N/A,2 8,11,N/A,13,N/A,2 13,N/A,N/A,N/A
2 8 11 12,0.0224784,22.8472,Yes,N/A,2,N/A,N/A,N/A,N/A,N/A,8,N/A,2 8,11,12,2 11,2 12,N/A,N/A,N/A,N/A
1 2 8 11 12 13,0.0207431,28.2222,Yes,N/A,2,1 2,N/A,N/A,N/A,N/A,8,1 8,2 8,11,12,13,1 13,2 13,1 2 13,N/A,N/A
1 2 8 10,0.0836816,11.5278,Yes,N/A,2,1 2,N/A,N/A,N/A,N/A,8,1 8,10,1 10,2 10,1 2 10,N/A,N/A,N/A,N/A,8 10
2 8 10,0.0381301,15.7176,Yes,N/A,2,N/A,N/A,N/A,N/A,N/A,8,N/A,10,N/A,2 10,N/A,N/A,N/A,N/A,N/A,8 10
1 2 8 10 13,0.0399381,18.8519,Yes,N/A,2,1 2,N/A,N/A,N/A,N/A,8,1 8,10,1 10,2 10,13,1 13,2 13,1 2 13,N/A,8 10
1 2 8 10 12,0.0441973,18.0926,Yes,N/A,2,1 2,N/A,N/A,N/A,N/A,8,1 8,10,1 10,12,1 12,2 12,1 2 12,N/A,N/A,8 10
2 8 10 13,0.0149257,25.3519,Yes,N/A,2,N/A,N/A,N/A,N/A,N/A,8,N/A,10,N/A,2 10,13,N/A,2 13,N/A,N/A,8 10
2 8 10 12,0.0150392,25.4907,Yes,N/A,2,N/A,N/A,N/A,N/A,N/A,8,N/A,10,N/A,12,N/A,2 12,N/A,N/A,N/A,8 10
1 2 8 10 12 13,0.022093,26.7824,Yes,N/A,2,1 2,N/A,N/A,N/A,N/A,8,1 8,10,1 10,12,13,2 12,2 13,1 2 13,N/A,8 10
2 8 11 12 13,0.00902811,32.9537,Yes,N/A,2,N/A,N/A,N/A,N/A,N/A,8,N/A,2 8,11,12,13,2 12,2 13,N/A,N/A,N/A
1 2 8 10 11,0.0483307,17.9861,Yes,N/A,2,1 2,N/A,N/A,N/A,N/A,8,1 8,10,11,2 10,2 11,1 2 11,N/A,N/A,N/A,8 10
2 8 10 11,0.0222881,22.1528,Yes,N/A,2,N/A,N/A,N/A,N/A,N/A,8,N/A,10,11,2 10,2 11,N/A,N/A,N/A,N/A,8 10
1 2 8 10 11 13,0.0248927,25.5185,Yes,N/A,2,1 2,N/A,N/A,N/A,N/A,8,1 8,10,11,2 10,13,1 13,2 13,1 2 13,N/A,8 10
2 8 10 12 13,0.00749775,34.4537,Yes,N/A,2,N/A,N/A,N/A,N/A,N/A,8,N/A,10,N/A,12,13,2 12,2 13,N/A,N/A,8 10
1 2 8 10 11 12,0.0272107,25.3287,Yes,N/A,2,1 2,N/A,N/A,N/A,N/A,8,1 8,10,11,12,2 11,2 12,1 2 12,N/A,N/A,8 10
2 8 10 11 13,0.008919,32.588,Yes,N/A,2,N/A,N/A,N/A,N/A,N/A,8,N/A,10,11,2 10,13,N/A,2 13,N/A,N/A,8 10
2 8 10 11 12,0.0110338,30.7593,Yes,N/A,2,N/A,N/A,N/A,N/A,N/A,8,N/A,10,11,12,2 11,2 12,N/A,N/A,N/A,8 10
1 2 8 10 11 12 13,0.0149463,33.8472,Yes,N/A,2,1 2,N/A,N/A,N/A,N/A,8,1 8,10,11,12,13,2 12,2 13,1 2 13,N/A,8 10
2 9 10 11 12 13,0.00602687,40.6806,Yes,N/A,2,N/A,N/A,N/A,N/A,N/A,N/A,9,10,11,12,13,2 12,2 13,N/A,N/A,N/A
1 2 8 9,0.0739687,11.9028,Yes,N/A,2,1 2,N/A,N/A,N/A,N/A,8,9,1 9,2 9,1 2 9,N/A,N/A,N/A,N/A,8 9,1 8 9
2 8 9,0.0532407,13.3056,Yes,N/A,2,N/A,N/A,N/A,N/A,N/A,8,9,2 8,2 9,N/A,N/A,N/A,N/A,N/A,8 9,N/A
1 2 8 9 13,0.0410873,17.8148,Yes,N/A,2,1 2,N/A,N/A,N/A,N/A,8,9,2 8,2 9,1 2 9,13,1 13,2 13,1 2 13,8 9,1 8 9
1 2 8 9 12,0.0502236,16.6019,Yes,N/A,2,1 2,N/A,N/A,N/A,N/A,8,9,2 8,2 9,12,1 12,2 12,1 2 12,N/A,8 9,1 8 9
2 8 9 13,0.0199403,22.6991,Yes,N/A,2,N/A,N/A,N/A,N/A,N/A,8,9,2 8,2 9,N/A,13,N/A,2 13,N/A,8 9,N/A
2 8 9 12,0.025104,20.9861,Yes,N/A,2,N/A,N/A,N/A,N/A,N/A,8,9,2 8,2 9,12,N/A,2 12,N/A,N/A,8 9,N/A
1 2 8 9 12 13,0.0240949,25.3519,Yes,N/A,2,1 2,N/A,N/A,N/A,N/A,8,9,1 9,2 9,12,13,1 13,2 13,1 2 13,8 9,1 8 9
1 2 8 9 11,0.0499373,16.8426,Yes,N/A,2,1 2,N/A,N/A,N/A,N/A,8,9,2 8,11,1 11,2 11,1 2 11,N/A,N/A,8 9,1 8 9
2 8 9 11,0.0246726,21.4167,Yes,N/A,2,N/A,N/A,N/A,N/A,N/A,8,9,2 8,11,N/A,2 11,N/A,N/A,N/A,8 9,N/A
1 2 8 9 11 13,0.0269297,23.912,Yes,N/A,2,1 2,N/A,N/A,N/A,N/A,8,9,2 8,11,1 11,13,1 13,2 13,1 2 13,8 9,1 8 9
2 8 9 12 13,0.0114687,28.8472,Yes,N/A,2,N/A,N/A,N/A,N/A,N/A,8,9,2 8,2 9,12,13,2 12,2 13,N/A,8 9,N/A
1 2 8 9 11 12,0.0295837,23.7824,Yes,N/A,2,1 2,N/A,N/A,N/A,N/A,8,9,1 9,11,12,1 12,2 12,1 2 12,N/A,8 9,1 8 9
2 8 9 11 13,0.00970728,31.7176,Yes,N/A,2,N/A,N/A,N/A,N/A,N/A,8,9,2 8,11,N/A,13,N/A,2 13,N/A,8 9,N/A
2 8 9 11 12,0.0141776,27.5741,Yes,N/A,2,N/A,N/A,N/A,N/A,N/A,8,9,2 8,11,12,2 11,2 12,N/A,N/A,8 9,N/A
1 2 8 9 11 12 13,0.0163824,31.8843,Yes,N/A,2,1 2,N/A,N/A,N/A,N/A,8,9,1 9,11,12,13,1 13,2 13,1 2 13,8 9,1 8 9
2 8 10 11 12 13,0.00550253,40.2824,Yes,N/A,2,N/A,N/A,N/A,N/A,N/A,8,N/A,10,11,12,13,2 12,2 13,N/A,N/A,8 10
1 2 8 9 10,0.0443046,17.6574,Yes,N/A,2,1 2,N/A,N/A,N/A,N/A,8,9,10,1 10,2 10,1 2 10,N/A,N/A,N/A,8 9,8 10
2 8 9 10,0.0267266,20.0602,Yes,N/A,2,N/A,N/A,N/A,N/A,N/A,8,9,10,2 9,2 10,N/A,N/A,N/A,N/A,8 9,8 10
1 2 8 9 10 13,0.0269225,23.3981,Yes,N/A,2,1 2,N/A,N/A,N/A,N/A,8,9,10,1 10,2 10,13,1 13,2 13,1 2 13,8 9,8 10
1 2 8 9 10 12,0.0298368,23.1065,Yes,N/A,2,1 2,N/A,N/A,N/A,N/A,8,9,10,1 10,12,1 12,2 12,1 2 12,N/A,8 9,8 10
2 8 9 10 13,0.0121626,28.2222,Yes,N/A,2,N/A,N/A,N/A,N/A,N/A,8,9,10,2 9,2 10,13,N/A,2 13,N/A,8 9,8 10
2 8 9 10 12,0.0127913,28.7037,Yes,N/A,2,N/A,N/A,N/A,N/A,N/A,8,9,10,2 9,12,N/A,2 12,N/A,N/A,8 9,8 10
1 2 8 9 10 12 13,0.0172193,30.7083,Yes,N/A,2,1 2,N/A,N/A,N/A,N/A,8,9,10,1 10,12,13,1 13,2 13,1 2 13,8 9,8 10
2 8 9 11 12 13,0.00693714,36.3843,Yes,N/A,2,N/A,N/A,N/A,N/A,N/A,8,9,2 8,11,12,13,2 12,2 13,N/A,8 9,N/A
1 2 8 9 10 11,0.0288693,23.8194,Yes,N/A,2,1 2,N/A,N/A,N/A,N/A,8,9,10,11,1 11,2 11,1 2 11,N/A,N/A,8 9,8 10
2 8 9 10 11,0.0149284,27.1343,Yes,N/A,2,N/A,N/A,N/A,N/A,N/A,8,9,10,11,2 10,2 11,N/A,N/A,N/A,8 9,8 10
1 2 8 9 10 11 13,0.01851,29.8519,Yes,N/A,2,1 2,N/A,N/A,N/A,N/A,8,9,10,11,2 10,13,1 13,2 13,1 2 13,8 9,8 10
2 8 9 10 12 13,0.00722922,35.3843,Yes,N/A,2,N/A,N/A,N/A,N/A,N/A,8,9,10,2 9,12,13,2 12,2 13,N/A,8 9,8 10
1 2 8 9 10 11 12,0.0194604,30.412,Yes,N/A,2,1 2,N/A,N/A,N/A,N/A,8,9,10,11,12,1 12,2 12,1 2 12,N/A,8 9,8 10
2 8 9 10 11 13,0.00722663,36.3843,Yes,N/A,2,N/A,N/A,N/A,N/A,N/A,8,9,10,11,2 10,13,N/A,2 13,N/A,8 9,8 10
2 8 9 10 11 12,0.00884996,34.3241,Yes,N/A,2,N/A,N/A,N/A,N/A,N/A,8,9,10,11,12,2 11,2 12,N/A,N/A,8 9,8 10
1 2 8 9 10 11 12 13,0.0126116,37.6019,Yes,N/A,2,1 2,N/A,N/A,N/A,N/A,8,9,10,11,12,13,1 13,2 13,1 2 13,8 9,8 10
1 2 7,0.144933,6.24074,Yes,N/A,2,1 2,N/A,N/A,N/A,7,1 7,2 7,1 2 7,N/A,N/A,N/A,N/A,N/A,N/A,N/A,N/A
2 7,0.115741,7.47222,Yes,N/A,2,N/A,N/A,N/A,N/A,7,N/A,2 7,N/A,N/A,N/A,N/A,N/A,N/A,N/A,N/A,N/A
1 2 7 13,0.0582508,14.3287,Yes,N/A,2,1 2,N/A,N/A,N/A,7,1 7,2 7,1 2 7,N/A,N/A,13,1 13,2 13,1 2 13,N/A,N/A
1 2 7 12,0.0776695,12.0185,Yes,N/A,2,1 2,N/A,N/A,N/A,7,1 7,2 7,1 2 7,N/A,12,1 12,2 12,1 2 12,N/A,N/A,N/A
2 7 13,0.0289352,17.9028,Yes,N/A,2,N/A,N/A,N/A,N/A,7,N/A,2 7,N/A,N/A,N/A,13,N/A,2 13,N/A,N/A,N/A
2 7 12,0.0364369,16.3704,Yes,N/A,2,N/A,N/A,N/A,N/A,7,N/A,2 7,N/A,N/A,12,N/A,2 12,N/A,N/A,N/A,N/A
1 2 7 12 13,0.0292698,21.8241,Yes,N/A,2,1 2,N/A,N/A,N/A,7,1 7,2 7,1 2 7,N/A,12,13,1 13,2 13,1 2 13,N/A,N/A
1 2 7 11,0.0939483,10.0278,Yes,N/A,2,1 2,N/A,N/A,N/A,7,1 7,2 7,1 2 7,11,1 11,2 11,1 2 11,N/A,N/A,N/A,7 11
2 7 11,0.0424383,14.963,Yes,N/A,2,N/A,N/A,N/A,N/A,7,N/A,2 7,N/A,11,N/A,2 11,N/A,N/A,N/A,N/A,7 11
1 2 7 11 13,0.0381538,18.4074,Yes,N/A,2,1 2,N/A,N/A,N/A,7,1 7,2 7,1 2 7,11,1 11,13,1 13,2 13,1 2 13,N/A,7 11
2 7 12 13,0.0128601,25.9306,Yes,N/A,2,N/A,N/A,N/A,N/A,7,N/A,2 7,N/A,N/A,12,13,2 12,2 13,N/A,N/A,N/A
1 2 7 11 12,0.044441,17.6991,Yes,N/A,2,1 2,N/A,N/A,N/A,7,1 7,2 7,1 2 7,11,12,1 12,2 12,1 2 12,N/A,N/A,7 11
2 7 11 13,0.0132486,25.9583,Yes,N/A,2,N/A,N/A,N/A,N/A,7,N/A,2 7,N/A,11,N/A,13,N/A,2 13,N/A,N/A,7 11
2 7 11 12,0.0189954,22.6065,Yes,N/A,2,N/A,N/A,N/A,N/A,7,N/A,2 7,N/A,11,12,2 11,2 12,N/A,N/A,N/A,7 11
1 2 7 11 12 13,0.0200215,26.537,Yes,N/A,2,1 2,N/A,N/A,N/A,7,1 7,2 7,1 2 7,11,12,13,1 13,2 13,1 2 13,N/A,7 11
1 2 7 10,0.0884399,9.9213,Yes,N/A,2,1 2,N/A,N/A,N/A,7,1 7,2 7,10,1 10,2 10,1 2 10,N/A,N/A,N/A,7 10,1 7 10
2 7 10,0.0450103,13.7917,Yes,N/A,2,N/A,N/A,N/A,N/A,7,N/A,2 7,10,N/A,2 10,N/A,N/A,N/A,N/A,7 10,N/A
1 2 7 10 13,0.0422766,16.7824,Yes,N/A,2,1 2,N/A,N/A,N/A,7,1 7,2 7,10,1 10,2 10,13,1 13,2 13,1 2 13,7 10,1 7 10
1 2 7 10 12,0.0487485,16.1019,Yes,N/A,2,1 2,N/A,N/A,N/A,7,1 7,2 7,10,1 10,12,1 12,2 12,1 2 12,N/A,7 10,1 7 10
2 7 10 13,0.0168253,23.2685,Yes,N/A,2,N/A,N/A,N/A,N/A,7,N/A,2 7,10,N/A,2 10,13,N/A,2 13,N/A,7 10,N/A
2 7 10 12,0.0183837,23.2454,Yes,N/A,2,N/A,N/A,N/A,N/A,7,N/A,2 7,10,N/A,12,N/A,2 12,N/A,N/A,7 10,N/A
1 2 7 10 12 13,0.0233178,24.3519,Yes,N/A,2,1 2,N/A,N/A,N/A,7,1 7,2 7,10,1 10,12,13,2 12,2 13,1 2 13,7 10,1 7 10
2 7 11 12 13,0.00767809,32.7454,Yes,N/A,2,N/A,N/A,N/A,N/A,7,N/A,2 7,N/A,11,12,13,2 12,2 13,N/A,N/A,7 11
1 2 7 10 11,0.0522267,15.9537,Yes,N/A,2,1 2,N/A,N/A,N/A,7,1 7,2 7,10,11,1 11,2 11,1 2 11,N/A,N/A,7 10,7 11
2 7 10 11,0.0257148,19.7315,Yes,N/A,2,N/A,N/A,N/A,N/A,7,N/A,2 7,10,11,2 10,2 11,N/A,N/A,N/A,7 10,7 11
1 2 7 10 11 13,0.0270605,22.9676,Yes,N/A,2,1 2,N/A,N/A,N/A,7,1 7,2 7,10,11,1 11,13,1 13,2 13,1 2 13,7 10,7 11
2 7 10 12 13,0.00852452,31.8102,Yes,N/A,2,N/A,N/A,N/A,N/A,7,N/A,2 7,10,N/A,12,13,2 12,2 13,N/A,7 10,N/A
1 2 7 10 11 12,0.02977,22.7824,Yes,N/A,2,1 2,N/A,N/A,N/A,7,1 7,2 7,10,11,12,1 12,2 12,1 2 12,N/A,7 10,7 11
2 7 10 11 13,0.0101036,29.7731,Yes,N/A,2,N/A,N/A,N/A,N/A,7,N/A,2 7,10,11,2 10,13,N/A,2 13,N/A,7 10,7 11
2 7 10 11 12,0.0126599,28.037,Yes,N/A,2,N/A,N/A,N/A,N/A,7,N/A,2 7,10,11,12,2 11,2 12,N/A,N/A,7 10,7 11
1 2 7 10 11 12 13,0.0162612,30.7778,Yes,N/A,2,1 2,N/A,N/A,N/A,7,1 7,2 7,10,11,12,13,1 13,2 13,1 2 13,7 10,7 11
1 2 7 9,0.0756941,10.0694,Yes,N/A,2,1 2,N/A,N/A,N/A,7,1 7,9,1 9,2 9,1 2 9,N/A,N/A,N/A,7 9,1 7 9,2 7 9
2 7 9,0.0353867,14.0046,Yes,N/A,2,N/A,N/A,N/A,N/A,7,N/A,9,N/A,2 9,N/A,N/A,N/A,N/A,7 9,N/A,2 7 9
1 2 7 9 13,0.0383633,16.4954,Yes,N/A,2,1 2,N/A,N/A,N/A,7,1 7,9,1 9,2 9,1 2 9,13,1 13,2 13,7 9,1 7 9,2 7 9
1 2 7 9 12,0.0495397,15.0139,Yes,N/A,2,1 2,N/A,N/A,N/A,7,1 7,9,1 9,2 9,12,1 12,2 12,1 2 12,7 9,1 7 9,2 7 9
2 7 9 13,0.0146757,23.7731,Yes,N/A,2,N/A,N/A,N/A,N/A,7,N/A,9,N/A,2 9,N/A,13,N/A,2 13,7 9,N/A,2 7 9
2 7 9 12,0.0189582,22.0741,Yes,N/A,2,N/A,N/A,N/A,N/A,7,N/A,9,N/A,2 9,12,N/A,2 12,N/A,7 9,N/A,2 7 9
1 2 7 9 12 13,0.0236934,23.5787,Yes,N/A,2,1 2,N/A,N/A,N/A,7,1 7,9,1 9,2 9,12,13,2 12,2 13,7 9,1 7 9,2 7 9
1 2 7 9 11,0.0521717,14.8241,Yes,N/A,2,1 2,N/A,N/A,N/A,7,1 7,9,1 9,11,1 11,2 11,1 2 11,N/A,7 9,1 7 9,7 11
2 7 9 11,0.0195259,22.375,Yes,N/A,2,N/A,N/A,N/A,N/A,7,N/A,9,N/A,11,N/A,2 11,N/A,N/A,7 9,N/A,7 11
1 2 7 9 11 13,0.0255597,22.6296,Yes,N/A,2,1 2,N/A,N/A,N/A,7,1 7,9,1 9,11,1 11,13,1 13,2 13,7 9,1 7 9,7 11
2 7 9 12 13,0.00882006,30.5463,Yes,N/A,2,N/A,N/A,N/A,N/A,7,N/A,9,N/A,2 9,12,13,2 12,2 13,7 9,N/A,2 7 9
1 2 7 9 11 12,0.0322709,20.7963,Yes,N/A,2,1 2,N/A,N/A,N/A,7,1 7,9,1 9,11,12,2 11,2 12,1 2 12,7 9,1 7 9,7 11
2 7 9 11 13,0.00748609,33.1481,Yes,N/A,2,N/A,N/A,N/A,N/A,7,N/A,9,N/A,11,N/A,13,N/A,2 13,7 9,N/A,7 11
2 7 9 11 12,0.0116252,29.2963,Yes,N/A,2,N/A,N/A,N/A,N/A,7,N/A,9,N/A,11,12,2 11,2 12,N/A,7 9,N/A,7 11
1 2 7 9 11 12 13,0.0169662,29.1667,Yes,N/A,2,1 2,N/A,N/A,N/A,7,1 7,9,1 9,11,12,13,2 12,2 13,7 9,1 7 9,7 11
2 7 10 11 12 13,0.00619435,37.0833,Yes,N/A,2,N/A,N/A,N/A,N/A,7,N/A,2 7,10,11,12,13,2 12,2 13,N/A,7 10,7 11
1 2 7 9 10,0.0541201,15.037,Yes,N/A,2,1 2,N/A,N/A,N/A,7,1 7,9,10,2 9,2 10,1 2 10,N/A,N/A,7 9,7 10,1 7 10
2 7 9 10,0.0281752,19.1574,Yes,N/A,2,N/A,N/A,N/A,N/A,7,N/A,9,10,2 9,2 10,N/A,N/A,N/A,7 9,7 10,2 7 9
1 2 7 9 10 13,0.0306782,20.8333,Yes,N/A,2,1 2,N/A,N/A,N/A,7,1 7,9,10,2 9,2 10,13,1 13,2 13,7 9,7 10,1 7 10
1 2 7 9 10 12,0.034832,20.1713,Yes,N/A,2,1 2,N/A,N/A,N/A,7,1 7,9,10,2 9,12,1 12,2 12,1 2 12,7 9,7 10,2 7 9
2 7 9 10 13,0.0124091,27.3565,Yes,N/A,2,N/A,N/A,N/A,N/A,7,N/A,9,10,2 9,2 10,13,N/A,2 13,7 9,7 10,2 7 9
2 7 9 10 12,0.0131467,27.9167,Yes,N/A,2,N/A,N/A,N/A,N/A,7,N/A,9,10,2 9,12,N/A,2 12,N/A,7 9,7 10,2 7 9
1 2 7 9 10 12 13,0.0191685,27.7731,Yes,N/A,2,1 2,N/A,N/A,N/A,7,1 7,9,10,1 10,12,13,2 12,2 13,7 9,7 10,1 7 10
2 7 9 11 12 13,0.00553657,38.9259,Yes,N/A,2,N/A,N/A,N/A,N/A,7,N/A,9,N/A,11,12,13,2 12,2 13,7 9,N/A,7 11
1 2 7 9 10 11,0.0357564,20.2269,Yes,N/A,2,1 2,N/A,N/A,N/A,7,1 7,9,10,11,2 10,2 11,1 2 11,N/A,7 9,7 10,7 11
2 7 9 10 11,0.0161061,26.1019,Yes,N/A,2,N/A,N/A,N/A,N/A,7,N/A,9,10,11,2 10,2 11,N/A,N/A,7 9,7 10,7 11
1 2 7 9 10 11 13,0.0212518,26.5602,Yes,N/A,2,1 2,N/A,N/A,N/A,7,1 7,9,10,11,2 10,13,1 13,2 13,7 9,7 10,7 11
2 7 9 10 12 13,0.00721944,34.6574,Yes,N/A,2,N/A,N/A,N/A,N/A,7,N/A,9,10,2 9,12,13,2 12,2 13,7 9,7 10,2 7 9
1 2 7 9 10 11 12,0.0236845,26.0324,Yes,N/A,2,1 2,N/A,N/A,N/A,7,1 7,9,10,11,12,2 11,2 12,1 2 12,7 9,7 10,7 11
2 7 9 10 11 13,0.00749683,35.4954,Yes,N/A,2,N/A,N/A,N/A,N/A,7,N/A,9,10,11,2 10,13,N/A,2 13,7 9,7 10,7 11
2 7 9 10 11 12,0.00929458,33.5278,Yes,N/A,2,N/A,N/A,N/A,N/A,7,N/A,9,10,11,12,2 11,2 12,N/A,7 9,7 10,7 11
1 2 7 9 10 11 12 13,0.0145942,33.5417,Yes,N/A,2,1 2,N/A,N/A,N/A,7,1 7,9,10,11,12,13,2 12,2 13,7 9,7 10,7 11
2 8 9 10 11 12 13,0.00517774,42.4491,Yes,N/A,2,N/A,N/A,N/A,N/A,N/A,8,9,10,11,12,13,2 12,2 13,N/A,8 9,8 10
1 2 7 8,0.0673922,10.1806,Yes,N/A,2,1 2,N/A,N/A,N/A,7,8,1 8,2 8,1 2 8,N/A,N/A,N/A,7 8,1 7 8,2 7 8,1 2 7 8
2 7 8,0.0537551,11.8704,Yes,N/A,2,N/A,N/A,N/A,N/A,7,8,2 7,2 8,N/A,N/A,N/A,N/A,7 8,N/A,2 7 8,N/A
1 2 7 8 13,0.0355416,17.8009,Yes,N/A,2,1 2,N/A,N/A,N/A,7,8,1 8,2 8,1 2 8,N/A,13,1 13,2 13,1 2 13,2 7 8,1 2 7 8
1 2 7 8 12,0.0503745,14.2963,Yes,N/A,2,1 2,N/A,N/A,N/A,7,8,2 7,2 8,1 2 8,12,1 12,2 12,7 8,1 7 8,2 7 8,1 2 7 8
2 7 8 13,0.0183471,22.0694,Yes,N/A,2,N/A,N/A,N/A,N/A,7,8,2 7,2 8,N/A,N/A,13,N/A,2 13,N/A,2 7 8,N/A
2 7 8 12,0.0263007,19.4583,Yes,N/A,2,N/A,N/A,N/A,N/A,7,8,2 7,2 8,N/A,12,N/A,2 12,7 8,N/A,2 7 8,N/A
1 2 7 8 12 13,0.0222749,23.5787,Yes,N/A,2,1 2,N/A,N/A,N/A,7,8,1 8,2 8,1 2 8,12,13,1 13,2 13,1 7 8,2 7 8,1 2 7 8
1 2 7 8 11,0.060077,13.0787,Yes,N/A,2,1 2,N/A,N/A,N/A,7,8,1 8,2 8,11,1 11,2 11,1 2 11,7 8,1 7 8,2 7 8,7 11
2 7 8 11,0.0325199,17.8472,Yes,N/A,2,N/A,N/A,N/A,N/A,7,8,2 7,2 8,11,N/A,2 11,N/A,7 8,N/A,2 7 8,7 11
1 2 7 8 11 13,0.0287218,21.2963,Yes,N/A,2,1 2,N/A,N/A,N/A,7,8,2 7,2 8,11,1 11,13,1 13,2 13,1 2 13,2 7 8,7 11
2 7 8 12 13,0.0106857,28.7315,Yes,N/A,2,N/A,N/A,N/A,N/A,7,8,2 7,2 8,N/A,12,13,2 12,7 8,N/A,2 7 8,N/A
1 2 7 8 11 12,0.0349286,19.9444,Yes,N/A,2,1 2,N/A,N/A,N/A,7,8,1 8,2 8,11,12,1 12,2 12,7 8,1 7 8,2 7 8,7 11
2 7 8 11 13,0.0106716,28.875,Yes,N/A,2,N/A,N/A,N/A,N/A,7,8,2 7,2 8,11,N/A,13,N/A,2 13,N/A,2 7 8,7 11
2 7 8 11 12,0.0174832,23.7269,Yes,N/A,2,N/A,N/A,N/A,N/A,7,8,2 7,2 8,11,12,2 11,2 12,7 8,N/A,2 7 8,7 11
1 2 7 8 11 12 13,0.0174705,28.4954,Yes,N/A,2,1 2,N/A,N/A,N/A,7,8,1 8,2 8,11,12,13,1 13,2 13,1 7 8,2 7 8,7 11
1 2 7 8 10,0.0593636,13.5093,Yes,N/A,2,1 2,N/A,N/A,N/A,7,8,1 8,10,1 10,2 10,1 2 10,N/A,7 8,1 7 8,7 10,8 10
2 7 8 10,0.0316438,18.4769,Yes,N/A,2,N/A,N/A,N/A,N/A,7,8,2 7,10,N/A,2 10,N/A,N/A,7 8,N/A,7 10,8 10
1 2 7 8 10 13,0.0314536,20.4491,Yes,N/A,2,1 2,N/A,N/A,N/A,7,8,2 7,10,1 10,2 10,13,1 13,7 8,1 7 8,7 10,8 10
1 2 7 8 10 12,0.0384841,18.7639,Yes,N/A,2,1 2,N/A,N/A,N/A,7,8,2 7,10,1 10,12,1 12,2 12,7 8,1 7 8,7 10,8 10
2 7 8 10 13,0.0126389,27.9444,Yes,N/A,2,N/A,N/A,N/A,N/A,7,8,2 7,10,N/A,2 10,13,N/A,7 8,N/A,7 10,8 10
2 7 8 10 12,0.0144522,27.25,Yes,N/A,2,N/A,N/A,N/A,N/A,7,8,2 7,10,N/A,12,N/A,2 12,7 8,N/A,7 10,8 10
1 2 7 8 10 12 13,0.0197646,26.6574,Yes,N/A,2,1 2,N/A,N/A,N/A,7,8,2 7,10,1 10,12,13,2 12,2 13,1 2 13,7 10,8 10
2 7 8 11 12 13,0.00750684,33.4583,Yes,N/A,2,N/A,N/A,N/A,N/A,7,8,2 7,2 8,11,12,13,2 12,7 8,N/A,2 7 8,7 11
1 2 7 8 10 11,0.0413986,18.1111,Yes,N/A,2,1 2,N/A,N/A,N/A,7,8,1 8,10,11,1 11,2 11,1 2 11,7 8,1 7 8,7 10,8 10
2 7 8 10 11,0.0205876,23.1296,Yes,N/A,2,N/A,N/A,N/A,N/A,7,8,2 7,10,11,2 10,2 11,N/A,7 8,N/A,7 10,8 10
1 2 7 8 10 11 13,0.0228788,25.5093,Yes,N/A,2,1 2,N/A,N/A,N/A,7,8,2 7,10,11,2 10,13,1 13,2 13,1 7 8,7 10,7 11
2 7 8 10 12 13,0.00703122,35.4074,Yes,N/A,2,N/A,N/A,N/A,N/A,7,8,2 7,10,N/A,12,13,2 12,2 13,N/A,7 10,8 10
1 2 7 8 10 11 12,0.0266579,24.3657,Yes,N/A,2,1 2,N/A,N/A,N/A,7,8,1 8,10,11,12,2 11,2 12,7 8,1 7 8,7 10,8 10
2 7 8 10 11 13,0.00865203,33.1991,Yes,N/A,2,N/A,N/A,N/A,N/A,7,8,2 7,10,11,2 10,13,N/A,7 8,N/A,7 10,7 11
2 7 8 10 11 12,0.0115467,29.8843,Yes,N/A,2,N/A,N/A,N/A,N/A,7,8,2 7,10,11,12,2 11,2 12,7 8,N/A,7 10,8 10
1 2 7 8 10 11 12 13,0.0152452,32.2176,Yes,N/A,2,1 2,N/A,N/A,N/A,7,8,1 8,10,11,12,13,1 13,2 13,1 7 8,7 10,7 11
2 7 9 10 11 12 13,0.00526999,41.5694,Yes,N/A,2,N/A,N/A,N/A,N/A,7,N/A,9,10,11,12,13,2 12,2 13,7 9,7 10,7 11
1 2 7 8 9,0.0549479,14.6806,Yes,N/A,2,1 2,N/A,N/A,N/A,7,8,9,1 9,2 9,1 2 9,N/A,N/A,7 8,7 9,8 9,1 8 9
2 7 8 9,0.0376327,17.1065,Yes,N/A,2,N/A,N/A,N/A,N/A,7,8,9,2 8,2 9,N/A,N/A,N/A,7 8,7 9,8 9,2 7 9
1 2 7 8 9 13,0.0317892,20.1204,Yes,N/A,2,1 2,N/A,N/A,N/A,7,8,9,2 8,2 9,1 2 9,13,1 13,7 8,7 9,8 9,1 8 9
1 2 7 8 9 12,0.040947,18.0972,Yes,N/A,2,1 2,N/A,N/A,N/A,7,8,9,1 9,2 9,12,1 12,2 12,7 8,7 9,8 9,2 7 9
2 7 8 9 13,0.0145086,26.3241,Yes,N/A,2,N/A,N/A,N/A,N/A,7,8,9,2 8,2 9,N/A,13,N/A,7 8,7 9,8 9,2 7 9
2 7 8 9 12,0.0198651,23.3843,Yes,N/A,2,N/A,N/A,N/A,N/A,7,8,9,2 8,2 9,12,N/A,2 12,7 8,7 9,8 9,2 7 9
1 2 7 8 9 12 13,0.021214,26.2269,Yes,N/A,2,1 2,N/A,N/A,N/A,7,8,9,1 9,2 9,12,13,1 13,7 8,7 9,8 9,1 8 9
1 2 7 8 9 11,0.043581,17.3565,Yes,N/A,2,1 2,N/A,N/A,N/A,7,8,9,1 9,11,1 11,2 11,1 2 11,7 8,7 9,8 9,7 11
2 7 8 9 11,0.02004,24.0231,Yes,N/A,2,N/A,N/A,N/A,N/A,7,8,9,2 8,11,N/A,2 11,N/A,7 8,7 9,8 9,7 11
1 2 7 8 9 11 13,0.0238018,24.6528,Yes,N/A,2,1 2,N/A,N/A,N/A,7,8,9,2 8,11,1 11,13,1 13,2 13,7 9,8 9,7 11
2 7 8 9 12 13,0.00953753,30.8611,Yes,N/A,2,N/A,N/A,N/A,N/A,7,8,9,2 8,2 9,12,13,2 12,7 8,7 9,8 9,2 7 9
1 2 7 8 9 11 12,0.0291319,23.0648,Yes,N/A,2,1 2,N/A,N/A,N/A,7,8,9,1 9,11,12,1 12,2 12,7 8,7 9,8 9,7 11
2 7 8 9 11 13,0.0081264,34.6204,Yes,N/A,2,N/A,N/A,N/A,N/A,7,8,9,2 8,11,N/A,13,N/A,2 13,7 9,8 9,7 11
2 7 8 9 11 12,0.0130178,28.1852,Yes,N/A,2,N/A,N/A,N/A,N/A,7,8,9,2 8,11,12,2 11,2 12,7 8,7 9,8 9,7 11
1 2 7 8 9 11 12 13,0.0165123,30.8889,Yes,N/A,2,1 2,N/A,N/A,N/A,7,8,9,1 9,11,12,13,1 13,2 13,7 9,8 9,7 11
2 7 8 10 11 12 13,0.00596261,38.9722,Yes,N/A,2,N/A,N/A,N/A,N/A,7,8,2 7,10,11,12,13,2 12,7 8,N/A,7 10,8 10
1 2 7 8 9 10,0.040593,18.8565,Yes,N/A,2,1 2,N/A,N/A,N/A,7,8,9,10,1 10,2 10,1 2 10,N/A,7 8,7 9,8 9,8 10
2 7 8 9 10,0.0227405,22.787,Yes,N/A,2,N/A,N/A,N/A,N/A,7,8,9,10,2 9,2 10,N/A,N/A,7 8,7 9,7 10,8 10
1 2 7 8 9 10 13,0.025808,23.9306,Yes,N/A,2,1 2,N/A,N/A,N/A,7,8,9,10,2 9,2 10,13,1 13,7 8,7 9,8 9,8 10
1 2 7 8 9 10 12,0.0303562,22.6991,Yes,N/A,2,1 2,N/A,N/A,N/A,7,8,9,10,2 9,12,1 12,2 12,7 8,7 9,7 10,8 10
2 7 8 9 10 13,0.0108779,30.4259,Yes,N/A,2,N/A,N/A,N/A,N/A,7,8,9,10,2 9,2 10,13,N/A,7 8,7 9,7 10,8 10
2 7 8 9 10 12,0.0124737,29.8426,Yes,N/A,2,N/A,N/A,N/A,N/A,7,8,9,10,2 9,12,N/A,2 12,7 8,7 9,7 10,8 10
1 2 7 8 9 10 12 13,0.0177545,29.6435,Yes,N/A,2,1 2,N/A,N/A,N/A,7,8,9,10,1 10,12,13,1 13,2 13,7 9,8 9,8 10
2 7 8 9 11 12 13,0.00649222,36.9398,Yes,N/A,2,N/A,N/A,N/A,N/A,7,8,9,2 8,11,12,13,2 12,2 13,7 9,8 9,7 11
1 2 7 8 9 10 11,0.0304369,22.7315,Yes,N/A,2,1 2,N/A,N/A,N/A,7,8,9,10,11,1 11,2 11,1 2 11,7 8,7 9,8 9,8 10
2 7 8 9 10 11,0.0146848,28.0694,Yes,N/A,2,N/A,N/A,N/A,N/A,7,8,9,10,11,2 10,2 11,N/A,7 8,7 9,8 9,7 11
1 2 7 8 9 10 11 13,0.0198708,28.5926,Yes,N/A,2,1 2,N/A,N/A,N/A,7,8,9,10,11,2 10,13,1 13,7 8,7 9,8 9,8 10
2 7 8 9 10 12 13,0.00725391,35.8056,Yes,N/A,2,N/A,N/A,N/A,N/A,7,8,9,10,2 9,12,13,2 12,7 8,7 9,7 10,8 10
1 2 7 8 9 10 11 12,0.0225217,28.1481,Yes,N/A,2,1 2,N/A,N/A,N/A,7,8,9,10,11,12,1 12,2 12,7 8,7 9,8 9,8 10
2 7 8 9 10 11 13,0.00739002,37.3519,Yes,N/A,2,N/A,N/A,N/A,N/A,7,8,9,10,11,2 10,13,N/A,7 8,7 9,8 9,7 11
2 7 8 9 10 11 12,0.0097393,33.125,Yes,N/A,2,N/A,N/A,N/A,N/A,7,8,9,10,11,12,2 11,2 12,7 8,7 9,7 10,7 11
1 2 7 8 9 10 11 12 13,0.0147142,34.7917,Yes,N/A,2,1 2,N/A,N/A,N/A,7,8,9,10,11,12,13,1 13,2 13,7 9,8 9,8 10
1 2 6,0.132373,6.25463,Yes,N/A,2,1 2,N/A,N/A,6,1 6,2 6,1 2 6,N/A,N/A,N/A,N/A,N/A,N/A,N/A,N/A,N/A
2 6,0.0972222,6.94444,Yes,N/A,2,N/A,N/A,N/A,6,N/A,2 6,N/A,N/A,N/A,N/A,N/A,N/A,N/A,N/A,N/A,N/A
1 2 6 13,0.0490005,14.6667,Yes,N/A,2,1 2,N/A,N/A,6,1 6,2 6,1 2 6,N/A,N/A,N/A,13,1 13,2 13,1 2 13,N/A,N/A
1 2 6 12,0.0646422,12.3657,Yes,N/A,2,1 2,N/A,N/A,6,1 6,2 6,1 2 6,N/A,N/A,12,1 12,2 12,1 2 12,N/A,N/A,6 12
2 6 13,0.023191,17.4583,Yes,N/A,2,N/A,N/A,N/A,6,N/A,2 6,N/A,N/A,N/A,N/A,13,N/A,2 13,N/A,N/A,N/A
2 6 12,0.0289352,15.8657,Yes,N/A,2,N/A,N/A,N/A,6,N/A,2 6,N/A,N/A,N/A,12,N/A,2 12,N/A,N/A,N/A,6 12
1 2 6 12 13,0.0240784,22.4398,Yes,N/A,2,1 2,N/A,N/A,6,1 6,2 6,1 2 6,N/A,N/A,12,13,1 13,2 13,1 2 13,N/A,6 12
1 2 6 11,0.0772141,10.2731,Yes,N/A,2,1 2,N/A,N/A,6,1 6,2 6,1 2 6,N/A,11,1 11,2 11,1 2 11,N/A,N/A,6 11,1 6 11
2 6 11,0.0333076,14.3889,Yes,N/A,2,N/A,N/A,N/A,6,N/A,2 6,N/A,N/A,11,N/A,2 11,N/A,N/A,N/A,6 11,N/A
1 2 6 11 13,0.0319588,18.9722,Yes,N/A,2,1 2,N/A,N/A,6,1 6,2 6,1 2 6,N/A,11,1 11,13,1 13,2 13,1 2 13,6 11,1 6 11
2 6 12 13,0.0103565,25.6852,Yes,N/A,2,N/A,N/A,N/A,6,N/A,2 6,N/A,N/A,N/A,12,13,2 12,2 13,N/A,N/A,6 12
1 2 6 11 12,0.0374684,18.2083,Yes,N/A,2,1 2,N/A,N/A,6,1 6,2 6,1 2 6,N/A,11,12,1 12,2 12,1 2 12,N/A,6 11,6 12
2 6 11 13,0.0112954,25.6481,Yes,N/A,2,N/A,N/A,N/A,6,N/A,2 6,N/A,N/A,11,N/A,13,N/A,2 13,N/A,6 11,N/A
2 6 11 12,0.0168056,22.25,Yes,N/A,2,N/A,N/A,N/A,6,N/A,2 6,N/A,N/A,11,12,2 11,2 12,N/A,N/A,6 11,6 12
1 2 6 11 12 13,0.0170686,27.4861,Yes,N/A,2,1 2,N/A,N/A,6,1 6,2 6,1 2 6,N/A,11,12,13,1 13,2 13,1 2 13,6 11,6 12
1 2 6 10,0.0853445,8.46759,Yes,N/A,2,1 2,N/A,N/A,6,1 6,2 6,1 2 6,10,1 10,2 10,1 2 10,N/A,N/A,6 10,1 6 10,2 6 10
2 6 10,0.0396519,13.0787,Yes,N/A,2,N/A,N/A,N/A,6,N/A,2 6,N/A,10,N/A,2 10,N/A,N/A,N/A,6 10,N/A,2 6 10
1 2 6 10 13,0.0388753,16.1019,Yes,N/A,2,1 2,N/A,N/A,6,1 6,2 6,1 2 6,10,1 10,2 10,13,1 13,2 13,6 10,1 6 10,2 6 10
1 2 6 10 12,0.0476489,14.5139,Yes,N/A,2,1 2,N/A,N/A,6,1 6,2 6,1 2 6,10,1 10,12,1 12,2 12,1 2 12,6 10,1 6 10,6 12
2 6 10 13,0.0152946,22.8287,Yes,N/A,2,N/A,N/A,N/A,6,N/A,2 6,N/A,10,N/A,2 10,13,N/A,2 13,6 10,N/A,2 6 10
2 6 10 12,0.0176409,22.6759,Yes,N/A,2,N/A,N/A,N/A,6,N/A,2 6,N/A,10,N/A,12,N/A,2 12,N/A,6 10,N/A,6 12
1 2 6 10 12 13,0.0220261,23.4213,Yes,N/A,2,1 2,N/A,N/A,6,1 6,2 6,1 2 6,10,1 10,12,13,2 12,2 13,6 10,1 6 10,6 12
2 6 11 12 13,0.0068729,32.6343,Yes,N/A,2,N/A,N/A,N/A,6,N/A,2 6,N/A,N/A,11,12,13,2 12,2 13,N/A,6 11,6 12
1 2 6 10 11,0.052114,14.3519,Yes,N/A,2,1 2,N/A,N/A,6,1 6,2 6,1 2 6,10,11,1 11,2 11,1 2 11,N/A,6 10,6 11,1 6 11
2 6 10 11,0.0262828,19.1667,Yes,N/A,2,N/A,N/A,N/A,6,N/A,2 6,N/A,10,11,2 10,2 11,N/A,N/A,6 10,6 11,2 6 10
1 2 6 10 11 13,0.0261823,21.9352,Yes,N/A,2,1 2,N/A,N/A,6,1 6,2 6,1 2 6,10,11,1 11,13,1 13,2 13,6 10,6 11,2 6 10
2 6 10 12 13,0.00817912,31.3704,Yes,N/A,2,N/A,N/A,N/A,6,N/A,2 6,N/A,10,N/A,12,13,2 12,2 13,6 10,N/A,6 12
1 2 6 10 11 12,0.0301069,21.0463,Yes,N/A,2,1 2,N/A,N/A,6,1 6,2 6,1 2 6,10,11,12,1 12,2 12,1 2 12,6 10,6 11,6 12
2 6 10 11 13,0.0100773,29.3287,Yes,N/A,2,N/A,N/A,N/A,6,N/A,2 6,N/A,10,11,2 10,13,N/A,2 13,6 10,6 11,2 6 10
2 6 10 11 12,0.0132617,27.4722,Yes,N/A,2,N/A,N/A,N/A,6,N/A,2 6,N/A,10,11,12,2 11,2 12,N/A,6 10,6 11,6 12
1 2 6 10 11 12 13,0.0159667,29.4954,Yes,N/A,2,1 2,N/A,N/A,6,1 6,2 6,1 2 6,10,11,12,13,1 13,2 13,6 10,6 11,6 12
1 2 6 9,0.0789811,8.24074,Yes,N/A,2,1 2,N/A,N/A,6,1 6,2 6,9,1 9,2 9,1 2 9,N/A,N/A,6 9,1 6 9,2 6 9,1 2 6 9
2 6 9,0.0479681,11.9074,Yes,N/A,2,N/A,N/A,N/A,6,N/A,2 6,9,N/A,2 9,N/A,N/A,N/A,6 9,N/A,2 6 9,N/A
1 2 6 9 13,0.0392732,15.25,Yes,N/A,2,1 2,N/A,N/A,6,1 6,2 6,9,1 9,2 9,1 2 9,13,1 13,2 13,1 2 13,2 6 9,1 2 6 9
1 2 6 9 12,0.0518228,13.4259,Yes,N/A,2,1 2,N/A,N/A,6,1 6,2 6,9,1 9,2 9,12,1 12,2 12,6 9,1 6 9,2 6 9,6 12
2 6 9 13,0.0162722,22.3009,Yes,N/A,2,N/A,N/A,N/A,6,N/A,2 6,9,N/A,2 9,N/A,13,N/A,2 13,N/A,2 6 9,N/A
2 6 9 12,0.0248682,19.6713,Yes,N/A,2,N/A,N/A,N/A,6,N/A,2 6,9,N/A,2 9,12,N/A,2 12,6 9,N/A,2 6 9,6 12
1 2 6 9 12 13,0.0238506,22.3565,Yes,N/A,2,1 2,N/A,N/A,6,1 6,2 6,9,1 9,2 9,12,13,1 13,2 13,1 6 9,2 6 9,6 12
1 2 6 9 11,0.0603751,12.3009,Yes,N/A,2,1 2,N/A,N/A,6,1 6,2 6,9,1 9,11,1 11,2 11,1 2 11,6 9,1 6 9,6 11,1 6 11
2 6 9 11,0.0262096,20.0093,Yes,N/A,2,N/A,N/A,N/A,6,N/A,2 6,9,N/A,11,N/A,2 11,N/A,6 9,N/A,6 11,N/A
1 2 6 9 11 13,0.027718,20.9306,Yes,N/A,2,1 2,N/A,N/A,6,1 6,2 6,9,1 9,11,1 11,13,1 13,2 13,1 2 13,6 11,1 6 11
2 6 9 12 13,0.00998099,28.9074,Yes,N/A,2,N/A,N/A,N/A,6,N/A,2 6,9,N/A,2 9,12,13,2 12,6 9,N/A,2 6 9,6 12
1 2 6 9 11 12,0.0358539,19.1435,Yes,N/A,2,1 2,N/A,N/A,6,1 6,2 6,9,1 9,11,12,2 11,2 12,6 9,1 6 9,6 11,6 12
2 6 9 11 13,0.00861616,31.6204,Yes,N/A,2,N/A,N/A,N/A,6,N/A,2 6,9,N/A,11,N/A,13,N/A,2 13,N/A,6 11,N/A
2 6 9 11 12,0.0154172,26.5046,Yes,N/A,2,N/A,N/A,N/A,6,N/A,2 6,9,N/A,11,12,2 11,2 12,6 9,N/A,6 11,6 12
1 2 6 9 11 12 13,0.0179719,27.5509,Yes,N/A,2,1 2,N/A,N/A,6,1 6,2 6,9,1 9,11,12,13,2 12,2 13,1 6 9,6 11,6 12
2 6 10 11 12 13,0.0063323,36.6806,Yes,N/A,2,N/A,N/A,N/A,6,N/A,2 6,N/A,10,11,12,13,2 12,2 13,6 10,6 11,6 12
1 2 6 9 10,0.0628642,12.6111,Yes,N/A,2,1 2,N/A,N/A,6,1 6,2 6,9,10,1 10,2 10,1 2 10,N/A,6 9,6 10,1 6 10,2 6 10
2 6 9 10,0.0387059,16.5046,Yes,N/A,2,N/A,N/A,N/A,6,N/A,2 6,9,10,2 9,2 10,N/A,N/A,6 9,6 10,2 6 9,2 6 10
1 2 6 9 10 13,0.0333667,19.1111,Yes,N/A,2,1 2,N/A,N/A,6,1 6,2 6,9,10,2 9,2 10,13,1 13,6 9,6 10,1 6 10,2 6 10
1 2 6 9 10 12,0.0405609,17.6157,Yes,N/A,2,1 2,N/A,N/A,6,1 6,2 6,9,10,1 10,12,1 12,2 12,6 9,6 10,2 6 9,6 12
2 6 9 10 13,0.0148507,25.4815,Yes,N/A,2,N/A,N/A,N/A,6,N/A,2 6,9,10,2 9,2 10,13,N/A,6 9,6 10,2 6 9,2 6 10
2 6 9 10 12,0.0179287,24.6481,Yes,N/A,2,N/A,N/A,N/A,6,N/A,2 6,9,10,2 9,12,N/A,2 12,6 9,6 10,2 6 9,6 12
1 2 6 9 10 12 13,0.0208424,25.6528,Yes,N/A,2,1 2,N/A,N/A,6,1 6,2 6,9,10,1 10,12,13,1 13,2 13,6 10,1 6 10,6 12
2 6 9 11 12 13,0.00655121,36.8241,Yes,N/A,2,N/A,N/A,N/A,6,N/A,2 6,9,N/A,11,12,13,2 12,6 9,N/A,6 11,6 12
1 2 6 9 10 11,0.0432077,17.2593,Yes,N/A,2,1 2,N/A,N/A,6,1 6,2 6,9,10,11,1 11,2 11,1 2 11,6 9,6 10,6 11,1 6 11
2 6 9 10 11,0.0221205,23.0463,Yes,N/A,2,N/A,N/A,N/A,6,N/A,2 6,9,10,11,2 10,2 11,N/A,6 9,6 10,6 11,2 6 10
1 2 6 9 10 11 13,0.0237871,24.3148,Yes,N/A,2,1 2,N/A,N/A,6,1 6,2 6,9,10,11,2 10,13,1 13,2 13,6 10,6 11,1 6 11
2 6 9 10 12 13,0.00853138,32.2917,Yes,N/A,2,N/A,N/A,N/A,6,N/A,2 6,9,10,2 9,12,13,2 12,2 13,6 10,2 6 9,6 12
1 2 6 9 10 11 12,0.0280678,23.6204,Yes,N/A,2,1 2,N/A,N/A,6,1 6,2 6,9,10,11,12,1 12,2 12,6 9,6 10,6 11,6 12
2 6 9 10 11 13,0.00921124,33.1019,Yes,N/A,2,N/A,N/A,N/A,6,N/A,2 6,9,10,11,2 10,13,N/A,6 9,6 10,6 11,2 6 10
2 6 9 10 11 12,0.012697,29.6157,Yes,N/A,2,N/A,N/A,N/A,6,N/A,2 6,9,10,11,12,2 11,2 12,6 9,6 10,6 11,6 12
1 2 6 9 10 11 12 13,0.0162408,30.9676,Yes,N/A,2,1 2,N/A,N/A,6,1 6,2 6,9,10,11,12,13,1 13,2 13,6 10,6 11,6 12
1 2 6 8,0.0742313,8.10648,Yes,N/A,2,1 2,N/A,N/A,6,1 6,8,1 8,2 8,1 2 8,N/A,N/A,6 8,1 6 8,2 6 8,1 2 6 8,N/A
2 6 8,0.048804,11.8194,Yes,N/A,2,N/A,N/A,N/A,6,N/A,8,N/A,2 8,N/A,N/A,N/A,6 8,N/A,2 6 8,N/A,N/A
1 2 6 8 13,0.03459,16.7778,Yes,N/A,2,1 2,N/A,N/A,6,1 6,8,1 8,2 8,1 2 8,N/A,13,1 13,2 13,1 2 13,1 2 6 8,N/A
1 2 6 8 12,0.0503106,13.3472,Yes,N/A,2,1 2,N/A,N/A,6,1 6,8,1 8,2 8,1 2 8,12,1 12,2 12,1 2 12,2 6 8,1 2 6 8,6 12
2 6 8 13,0.0192142,21.6296,Yes,N/A,2,N/A,N/A,N/A,6,N/A,8,N/A,2 8,N/A,N/A,13,6 8,2 13,2 6 8,N/A,N/A
2 6 8 12,0.0215862,20.9352,Yes,N/A,2,N/A,N/A,N/A,6,N/A,8,N/A,2 8,N/A,12,N/A,2 12,N/A,2 6 8,N/A,6 12
1 2 6 8 12 13,0.0212721,22.5648,Yes,N/A,2,1 2,N/A,N/A,6,1 6,8,1 8,2 8,1 2 8,12,13,1 13,2 13,1 2 13,1 2 6 8,6 12
1 2 6 8 11,0.0636989,11.6574,Yes,N/A,2,1 2,N/A,N/A,6,1 6,8,1 8,2 8,11,1 11,2 11,6 8,1 6 8,2 6 8,6 11,1 6 11
2 6 8 11,0.0344302,18.0417,Yes,N/A,2,N/A,N/A,N/A,6,N/A,8,N/A,2 8,11,N/A,2 11,6 8,N/A,2 6 8,6 11,N/A
1 2 6 8 11 13,0.028703,20.1991,Yes,N/A,2,1 2,N/A,N/A,6,1 6,8,1 8,2 8,11,1 11,13,1 13,2 13,2 6 8,6 11,1 6 11
2 6 8 12 13,0.00994229,29.6667,Yes,N/A,2,N/A,N/A,N/A,6,N/A,8,N/A,2 8,N/A,12,13,6 8,2 13,2 6 8,N/A,6 12
1 2 6 8 11 12,0.0368009,18.4815,Yes,N/A,2,1 2,N/A,N/A,6,1 6,8,1 8,2 8,11,12,2 11,2 12,1 6 8,2 6 8,6 11,6 12
2 6 8 11 13,0.0119957,28.5926,Yes,N/A,2,N/A,N/A,N/A,6,N/A,8,N/A,2 8,11,N/A,13,6 8,2 13,2 6 8,6 11,N/A
2 6 8 11 12,0.0167548,25.6852,Yes,N/A,2,N/A,N/A,N/A,6,N/A,8,N/A,2 8,11,12,2 11,6 8,N/A,2 6 8,6 11,6 12
1 2 6 8 11 12 13,0.0176444,27.0926,Yes,N/A,2,1 2,N/A,N/A,6,1 6,8,1 8,2 8,11,12,13,2 12,2 13,1 2 13,6 11,6 12
1 2 6 8 10,0.0721675,10.8426,Yes,N/A,2,1 2,N/A,N/A,6,1 6,8,1 8,10,1 10,2 10,1 2 10,6 8,1 6 8,6 10,1 6 10,8 10
2 6 8 10,0.0327602,18.8148,Yes,N/A,2,N/A,N/A,N/A,6,N/A,8,N/A,10,N/A,2 10,N/A,6 8,N/A,6 10,N/A,8 10
1 2 6 8 10 13,0.0335366,18.8472,Yes,N/A,2,1 2,N/A,N/A,6,1 6,8,1 8,10,1 10,2 10,13,6 8,2 13,6 10,1 6 10,8 10
1 2 6 8 10 12,0.0387838,17.6944,Yes,N/A,2,1 2,N/A,N/A,6,1 6,8,1 8,10,1 10,12,1 12,2 12,1 2 12,6 10,1 6 10,6 12
2 6 8 10 13,0.0142607,27.4398,Yes,N/A,2,N/A,N/A,N/A,6,N/A,8,N/A,10,N/A,2 10,13,6 8,2 13,6 10,N/A,8 10
2 6 8 10 12,0.0121016,29.2407,Yes,N/A,2,N/A,N/A,N/A,6,N/A,8,N/A,10,N/A,12,N/A,2 12,N/A,6 10,N/A,6 12
1 2 6 8 10 12 13,0.0203285,25.3472,Yes,N/A,2,1 2,N/A,N/A,6,1 6,8,1 8,10,1 10,12,13,2 12,2 13,6 10,1 6 10,6 12
2 6 8 11 12 13,0.00749052,34.9722,Yes,N/A,2,N/A,N/A,N/A,6,N/A,8,N/A,2 8,11,12,13,6 8,2 13,2 6 8,6 11,6 12
1 2 6 8 10 11,0.050644,15.7083,Yes,N/A,2,1 2,N/A,N/A,6,1 6,8,1 8,10,11,2 10,2 11,6 8,1 6 8,6 10,6 11,8 10
2 6 8 10 11,0.0230557,23.6065,Yes,N/A,2,N/A,N/A,N/A,6,N/A,8,N/A,10,11,2 10,2 11,6 8,N/A,6 10,6 11,8 10
1 2 6 8 10 11 13,0.0250337,23.4398,Yes,N/A,2,1 2,N/A,N/A,6,1 6,8,1 8,10,11,2 10,13,1 13,2 13,6 10,6 11,8 10
2 6 8 10 12 13,0.0067323,37.1944,Yes,N/A,2,N/A,N/A,N/A,6,N/A,8,N/A,10,N/A,12,13,2 12,2 13,6 10,N/A,6 12
1 2 6 8 10 11 12,0.0297676,22.0139,Yes,N/A,2,1 2,N/A,N/A,6,1 6,8,1 8,10,11,12,2 11,2 12,1 6 8,6 10,6 11,6 12
2 6 8 10 11 13,0.0100958,32.8843,Yes,N/A,2,N/A,N/A,N/A,6,N/A,8,N/A,10,11,2 10,13,6 8,2 13,6 10,6 11,8 10
2 6 8 10 11 12,0.0113641,32.5556,Yes,N/A,2,N/A,N/A,N/A,6,N/A,8,N/A,10,11,12,2 11,6 8,N/A,6 10,6 11,6 12
1 2 6 8 10 11 12 13,0.0166823,29.7546,Yes,N/A,2,1 2,N/A,N/A,6,1 6,8,1 8,10,11,12,13,2 12,2 13,6 10,6 11,6 12
2 6 9 10 11 12 13,0.00635691,38.5,Yes,N/A,2,N/A,N/A,N/A,6,N/A,2 6,9,10,11,12,13,2 12,2 13,6 10,6 11,6 12
1 2 6 8 9,0.0712701,11.7083,Yes,N/A,2,1 2,N/A,N/A,6,1 6,8,9,1 9,2 9,1 2 9,N/A,6 8,6 9,1 6 9,8 9,1 8 9
2 6 8 9,0.0487424,15.3102,Yes,N/A,2,N/A,N/A,N/A,6,N/A,8,9,2 8,2 9,N/A,N/A,6 8,6 9,2 6 8,8 9,N/A
1 2 6 8 9 13,0.0354092,18.3611,Yes,N/A,2,1 2,N/A,N/A,6,1 6,8,9,2 8,2 9,1 2 9,13,6 8,6 9,2 6 8,8 9,1 8 9
1 2 6 8 9 12,0.0487916,15.7593,Yes,N/A,2,1 2,N/A,N/A,6,1 6,8,9,2 8,2 9,12,1 12,6 8,6 9,2 6 8,8 9,6 12
2 6 8 9 13,0.0177445,24.4907,Yes,N/A,2,N/A,N/A,N/A,6,N/A,8,9,2 8,2 9,N/A,13,6 8,2 13,2 6 8,8 9,N/A
2 6 8 9 12,0.0226542,22.7685,Yes,N/A,2,N/A,N/A,N/A,6,N/A,8,9,2 8,2 9,12,N/A,6 8,6 9,2 6 8,8 9,6 12
1 2 6 8 9 12 13,0.0224017,24.2315,Yes,N/A,2,1 2,N/A,N/A,6,1 6,8,9,2 8,2 9,12,13,1 13,2 13,1 6 9,8 9,6 12
1 2 6 8 9 11,0.0542115,14.9954,Yes,N/A,2,1 2,N/A,N/A,6,1 6,8,9,2 8,11,1 11,2 11,6 8,6 9,2 6 8,8 9,1 6 11
2 6 8 9 11,0.0254992,22.2778,Yes,N/A,2,N/A,N/A,N/A,6,N/A,8,9,2 8,11,N/A,2 11,6 8,6 9,2 6 8,6 11,N/A
1 2 6 8 9 11 13,0.0264745,22.5,Yes,N/A,2,1 2,N/A,N/A,6,1 6,8,9,2 8,11,1 11,13,1 13,2 13,2 6 8,6 11,1 6 11
2 6 8 9 12 13,0.0106309,30.4676,Yes,N/A,2,N/A,N/A,N/A,6,N/A,8,9,2 8,2 9,12,13,6 8,6 9,2 6 8,8 9,6 12
1 2 6 8 9 11 12,0.0335343,20.713,Yes,N/A,2,1 2,N/A,N/A,6,1 6,8,9,2 8,11,12,2 11,2 12,6 9,1 6 9,6 11,6 12
2 6 8 9 11 13,0.010017,32.6296,Yes,N/A,2,N/A,N/A,N/A,6,N/A,8,9,2 8,11,N/A,13,6 8,2 13,2 6 8,6 11,N/A
2 6 8 9 11 12,0.0149965,27.7778,Yes,N/A,2,N/A,N/A,N/A,6,N/A,8,9,2 8,11,12,2 11,6 8,6 9,2 6 8,6 11,6 12
1 2 6 8 9 11 12 13,0.0179421,28.3889,Yes,N/A,2,1 2,N/A,N/A,6,1 6,8,9,2 8,11,12,13,2 12,2 13,1 6 9,6 11,6 12
2 6 8 10 11 12 13,0.00590132,41.0231,Yes,N/A,2,N/A,N/A,N/A,6,N/A,8,N/A,10,11,12,13,2 12,2 13,6 10,6 11,6 12
1 2 6 8 9 10,0.055686,14.588,Yes,N/A,2,1 2,N/A,N/A,6,1 6,8,9,10,2 9,2 10,1 2 10,6 8,6 9,6 10,8 9,8 10
2 6 8 9 10,0.0296665,20.6111,Yes,N/A,2,N/A,N/A,N/A,6,N/A,8,9,10,2 9,2 10,N/A,6 8,6 9,6 10,8 9,8 10
1 2 6 8 9 10 13,0.0296859,21.3889,Yes,N/A,2,1 2,N/A,N/A,6,1 6,8,9,10,2 9,2 10,13,1 13,6 9,6 10,8 9,8 10
1 2 6 8 9 10 12,0.0363266,19.5139,Yes,N/A,2,1 2,N/A,N/A,6,1 6,8,9,10,2 9,12,1 12,2 12,6 9,6 10,8 9,8 10
2 6 8 9 10 13,0.0137757,27.9444,Yes,N/A,2,N/A,N/A,N/A,6,N/A,8,9,10,2 9,2 10,13,6 8,2 13,6 10,8 9,8 10
2 6 8 9 10 12,0.0140146,29.3333,Yes,N/A,2,N/A,N/A,N/A,6,N/A,8,9,10,2 9,12,N/A,2 12,6 9,6 10,8 9,8 10
1 2 6 8 9 10 12 13,0.0200305,26.9491,Yes,N/A,2,1 2,N/A,N/A,6,1 6,8,9,10,2 9,12,13,2 12,2 13,6 10,8 9,8 10
2 6 8 9 11 12 13,0.00742825,36.713,Yes,N/A,2,N/A,N/A,N/A,6,N/A,8,9,2 8,11,12,13,6 8,6 9,2 6 8,6 11,6 12
1 2 6 8 9 10 11,0.0403391,18.9444,Yes,N/A,2,1 2,N/A,N/A,6,1 6,8,9,10,11,2 10,2 11,6 8,6 9,6 10,8 9,8 10
2 6 8 9 10 11,0.0191642,25.5509,Yes,N/A,2,N/A,N/A,N/A,6,N/A,8,9,10,11,2 10,2 11,6 8,6 9,6 10,8 9,8 10
1 2 6 8 9 10 11 13,0.0228172,25.5741,Yes,N/A,2,1 2,N/A,N/A,6,1 6,8,9,10,11,2 10,13,1 13,2 13,6 10,8 9,8 10
2 6 8 9 10 12 13,0.00825235,35.4444,Yes,N/A,2,N/A,N/A,N/A,6,N/A,8,9,10,2 9,12,13,6 8,2 13,6 10,8 9,6 12
1 2 6 8 9 10 11 12,0.0272206,24.3704,Yes,N/A,2,1 2,N/A,N/A,6,1 6,8,9,10,11,12,2 11,2 12,6 9,6 10,8 9,8 10
2 6 8 9 10 11 13,0.00933249,34.4306,Yes,N/A,2,N/A,N/A,N/A,6,N/A,8,9,10,11,2 10,13,6 8,2 13,6 10,6 11,8 10
2 6 8 9 10 11 12,0.0111833,32.6019,Yes,N/A,2,N/A,N/A,N/A,6,N/A,8,9,10,11,12,2 11,2 12,6 9,6 10,8 9,8 10
1 2 6 8 9 10 11 12 13,0.0167194,30.9028,Yes,N/A,2,1 2,N/A,N/A,6,1 6,8,9,10,11,12,13,2 12,2 13,6 10,8 9,8 10
2 7 8 9 10 11 12 13,0.00572012,40.875,Yes,N/A,2,N/A,N/A,N/A,N/A,7,8,9,10,11,12,13,2 12,2 13,7 9,7 10,7 11
1 2 6 7,0.0764961,7.79167,Yes,N/A,2,1 2,N/A,N/A,6,7,1 7,2 7,1 2 7,N/A,N/A,6 7,1 6 7,2 6 7,1 2 6 7,N/A,N/A
2 6 7,0.0705161,10.0139,Yes,N/A,2,N/A,N/A,N/A,6,7,2 6,2 7,N/A,N/A,N/A,6 7,N/A,2 6 7,N/A,N/A,N/A
1 2 6 7 13,0.0326206,18.0556,Yes,N/A,2,1 2,N/A,N/A,6,7,2 6,2 7,1 2 7,N/A,N/A,13,1 13,2 13,1 2 13,N/A,N/A
1 2 6 7 12,0.0475087,14.9074,Yes,N/A,2,1 2,N/A,N/A,6,7,1 7,2 7,1 2 7,N/A,12,1 12,2 12,1 2 12,1 2 6 7,N/A,6 12
2 6 7 13,0.0169592,21.8981,Yes,N/A,2,N/A,N/A,N/A,6,7,2 6,2 7,N/A,N/A,N/A,13,N/A,2 13,N/A,N/A,N/A
2 6 7 12,0.0350407,17.7315,Yes,N/A,2,N/A,N/A,N/A,6,7,2 6,2 7,N/A,N/A,12,6 7,2 12,2 6 7,N/A,N/A,6 12
1 2 6 7 12 13,0.0191066,24.9954,Yes,N/A,2,1 2,N/A,N/A,6,7,1 7,2 7,1 2 7,N/A,12,13,1 13,2 13,1 2 13,N/A,6 12
1 2 6 7 11,0.066326,11.2685,Yes,N/A,2,1 2,N/A,N/A,6,7,1 7,2 7,1 2 7,11,1 11,6 7,1 2 11,2 6 7,1 2 6 7,6 11,7 11
2 6 7 11,0.0360993,17.4537,Yes,N/A,2,N/A,N/A,N/A,6,7,2 6,2 7,N/A,11,N/A,2 11,N/A,2 6 7,N/A,6 11,7 11
1 2 6 7 11 13,0.0275041,20.338,Yes,N/A,2,1 2,N/A,N/A,6,7,2 6,2 7,1 2 7,11,1 11,13,1 13,2 13,1 2 13,6 11,7 11
2 6 7 12 13,0.00970162,28.9444,Yes,N/A,2,N/A,N/A,N/A,6,7,2 6,2 7,N/A,N/A,12,13,2 12,2 13,N/A,N/A,6 12
1 2 6 7 11 12,0.0339341,18.8148,Yes,N/A,2,1 2,N/A,N/A,6,7,1 7,2 7,1 2 7,11,12,1 12,2 12,1 2 12,1 2 6 7,6 11,6 12
2 6 7 11 13,0.0101657,28.8889,Yes,N/A,2,N/A,N/A,N/A,6,7,2 6,2 7,N/A,11,N/A,13,N/A,2 13,N/A,6 11,7 11
2 6 7 11 12,0.0202033,23.6481,Yes,N/A,2,N/A,N/A,N/A,6,7,2 6,2 7,N/A,11,12,6 7,2 12,2 6 7,N/A,6 11,6 12
1 2 6 7 11 12 13,0.0159911,27.7083,Yes,N/A,2,1 2,N/A,N/A,6,7,1 7,2 7,1 2 7,11,12,13,1 13,2 13,1 2 13,6 11,6 12
1 2 6 7 10,0.0822966,9.91204,Yes,N/A,2,1 2,N/A,N/A,6,7,1 7,2 7,10,1 10,2 10,6 7,1 6 7,2 6 7,6 10,7 10,1 7 10
2 6 7 10,0.055168,14.3472,Yes,N/A,2,N/A,N/A,N/A,6,7,2 6,2 7,10,N/A,2 10,6 7,N/A,2 6 7,6 10,7 10,2 6 10
1 2 6 7 10 13,0.0341156,18.6435,Yes,N/A,2,1 2,N/A,N/A,6,7,1 7,2 7,10,1 10,2 10,13,1 13,2 13,6 10,7 10,2 6 10
1 2 6 7 10 12,0.0466328,16.0972,Yes,N/A,2,1 2,N/A,N/A,6,7,2 6,2 7,10,1 10,12,1 12,2 12,2 6 7,6 10,7 10,6 12
2 6 7 10 13,0.0150697,25.338,Yes,N/A,2,N/A,N/A,N/A,6,7,2 6,2 7,10,N/A,2 10,13,N/A,2 13,6 10,7 10,2 6 10
2 6 7 10 12,0.0232482,22.3148,Yes,N/A,2,N/A,N/A,N/A,6,7,2 6,2 7,10,N/A,12,6 7,2 12,2 6 7,6 10,7 10,6 12
1 2 6 7 10 12 13,0.0211138,24.8889,Yes,N/A,2,1 2,N/A,N/A,6,7,2 6,2 7,10,1 10,12,13,1 13,2 13,6 10,7 10,6 12
2 6 7 11 12 13,0.00686217,34.2963,Yes,N/A,2,N/A,N/A,N/A,6,7,2 6,2 7,N/A,11,12,13,2 12,2 13,N/A,6 11,6 12
1 2 6 7 10 11,0.0529464,15.3102,Yes,N/A,2,1 2,N/A,N/A,6,7,1 7,2 7,10,11,1 11,2 11,1 6 7,2 6 7,6 10,6 11,7 11
2 6 7 10 11,0.0291907,20.1944,Yes,N/A,2,N/A,N/A,N/A,6,7,2 6,2 7,10,11,2 10,6 7,N/A,2 6 7,6 10,6 11,7 11
1 2 6 7 10 11 13,0.0255953,22.912,Yes,N/A,2,1 2,N/A,N/A,6,7,2 6,2 7,10,11,1 11,13,1 13,2 13,6 10,6 11,7 11
2 6 7 10 12 13,0.0084725,32.5046,Yes,N/A,2,N/A,N/A,N/A,6,7,2 6,2 7,10,N/A,12,13,2 12,2 13,6 10,7 10,6 12
1 2 6 7 10 11 12,0.0303767,21.8241,Yes,N/A,2,1 2,N/A,N/A,6,7,1 7,2 7,10,11,12,1 12,2 12,1 2 12,6 10,6 11,7 11
2 6 7 10 11 13,0.00997672,30.6296,Yes,N/A,2,N/A,N/A,N/A,6,7,2 6,2 7,10,11,2 10,13,N/A,2 13,6 10,6 11,7 11
2 6 7 10 11 12,0.0157242,26.5231,Yes,N/A,2,N/A,N/A,N/A,6,7,2 6,2 7,10,11,12,6 7,2 12,2 6 7,6 10,7 10,6 12
1 2 6 7 10 11 12 13,0.0166097,29.25,Yes,N/A,2,1 2,N/A,N/A,6,7,1 7,2 7,10,11,12,13,1 13,2 13,6 10,6 11,6 12
1 2 6 7 9,0.0901992,9.24074,Yes,N/A,2,1 2,N/A,N/A,6,7,1 7,9,1 9,2 9,1 2 9,6 7,1 6 7,6 9,7 9,1 7 9,2 7 9
2 6 7 9,0.0517416,15.0139,Yes,N/A,2,N/A,N/A,N/A,6,7,2 6,9,N/A,2 9,N/A,6 7,N/A,6 9,7 9,2 6 9,2 7 9
1 2 6 7 9 13,0.0339631,18.7407,Yes,N/A,2,1 2,N/A,N/A,6,7,2 6,9,1 9,2 9,1 2 9,13,1 13,2 13,7 9,2 6 9,2 7 9
1 2 6 7 9 12,0.0511008,15.5741,Yes,N/A,2,1 2,N/A,N/A,6,7,1 7,9,1 9,2 9,12,6 7,2 12,6 9,7 9,1 7 9,6 12
2 6 7 9 13,0.0136351,26.4213,Yes,N/A,2,N/A,N/A,N/A,6,7,2 6,9,N/A,2 9,N/A,13,N/A,2 13,7 9,2 6 9,2 7 9
2 6 7 9 12,0.0265861,21.1528,Yes,N/A,2,N/A,N/A,N/A,6,7,2 6,9,N/A,2 9,12,6 7,2 12,6 9,7 9,2 6 9,6 12
1 2 6 7 9 12 13,0.0214854,24.5602,Yes,N/A,2,1 2,N/A,N/A,6,7,1 7,9,1 9,2 9,12,13,1 13,2 13,7 9,1 7 9,6 12
1 2 6 7 9 11,0.0562321,14.2963,Yes,N/A,2,1 2,N/A,N/A,6,7,2 6,9,1 9,11,1 11,2 11,1 2 11,6 9,7 9,6 11,7 11
2 6 7 9 11,0.0216191,23.7037,Yes,N/A,2,N/A,N/A,N/A,6,7,2 6,9,N/A,11,N/A,2 11,N/A,6 9,7 9,6 11,7 11
1 2 6 7 9 11 13,0.025358,22.6111,Yes,N/A,2,1 2,N/A,N/A,6,7,2 6,9,1 9,11,1 11,13,1 13,2 13,7 9,6 11,7 11
2 6 7 9 12 13,0.00879069,31.8102,Yes,N/A,2,N/A,N/A,N/A,6,7,2 6,9,N/A,2 9,12,13,2 12,2 13,7 9,2 6 9,6 12
1 2 6 7 9 11 12,0.0348025,19.8889,Yes,N/A,2,1 2,N/A,N/A,6,7,2 6,9,1 9,11,12,2 11,2 12,6 9,7 9,6 11,7 11
2 6 7 9 11 13,0.00766806,34.9537,Yes,N/A,2,N/A,N/A,N/A,6,7,2 6,9,N/A,11,N/A,13,N/A,2 13,7 9,6 11,7 11
2 6 7 9 11 12,0.0142883,28.2824,Yes,N/A,2,N/A,N/A,N/A,6,7,2 6,9,N/A,11,12,2 11,2 12,6 9,7 9,6 11,7 11
1 2 6 7 9 11 12 13,0.017412,28.125,Yes,N/A,2,1 2,N/A,N/A,6,7,2 6,9,1 9,11,12,13,2 12,2 13,7 9,6 11,6 12
2 6 7 10 11 12 13,0.00674506,35.7824,Yes,N/A,2,N/A,N/A,N/A,6,7,2 6,2 7,10,11,12,13,2 12,2 13,6 10,6 11,6 12
1 2 6 7 9 10,0.0661597,13.1065,Yes,N/A,2,1 2,N/A,N/A,6,7,1 7,9,10,2 9,2 10,6 7,1 6 7,6 9,7 9,7 10,1 7 10
2 6 7 9 10,0.0360041,18.1019,Yes,N/A,2,N/A,N/A,N/A,6,7,2 6,9,10,2 9,2 10,6 7,N/A,6 9,7 9,7 10,2 6 10
1 2 6 7 9 10 13,0.0302502,21.0787,Yes,N/A,2,1 2,N/A,N/A,6,7,1 7,9,10,2 9,2 10,13,1 13,6 9,6 10,7 10,2 6 10
1 2 6 7 9 10 12,0.0396735,18.7778,Yes,N/A,2,1 2,N/A,N/A,6,7,1 7,9,10,1 10,12,1 12,2 12,6 9,7 9,7 10,6 12
2 6 7 9 10 13,0.0120622,28.6296,Yes,N/A,2,N/A,N/A,N/A,6,7,2 6,9,10,2 9,2 10,13,N/A,2 13,7 9,7 10,2 6 10
2 6 7 9 10 12,0.0192025,24.5509,Yes,N/A,2,N/A,N/A,N/A,6,7,2 6,9,10,2 9,12,6 7,2 12,6 9,6 10,7 10,6 12
1 2 6 7 9 10 12 13,0.0202472,26.3981,Yes,N/A,2,1 2,N/A,N/A,6,7,1 7,9,10,1 10,12,13,1 13,2 13,6 10,7 10,6 12
2 6 7 9 11 12 13,0.00609358,38.4074,Yes,N/A,2,N/A,N/A,N/A,6,7,2 6,9,N/A,11,12,13,2 12,2 13,7 9,6 11,7 11
1 2 6 7 9 10 11,0.0433981,17.9444,Yes,N/A,2,1 2,N/A,N/A,6,7,1 7,9,10,11,2 10,2 11,1 6 7,6 9,6 10,7 10,7 11
2 6 7 9 10 11,0.0201542,24.9306,Yes,N/A,2,N/A,N/A,N/A,6,7,2 6,9,10,11,2 10,6 7,N/A,6 9,7 9,6 11,7 11
1 2 6 7 9 10 11 13,0.0233127,24.7546,Yes,N/A,2,1 2,N/A,N/A,6,7,2 6,9,10,11,2 10,13,1 13,2 13,7 9,6 11,7 11
2 6 7 9 10 12 13,0.00803354,33.6574,Yes,N/A,2,N/A,N/A,N/A,6,7,2 6,9,10,2 9,12,13,2 12,2 13,6 10,7 10,6 12
1 2 6 7 9 10 11 12,0.0289608,22.912,Yes,N/A,2,1 2,N/A,N/A,6,7,1 7,9,10,11,12,2 11,2 12,6 9,6 10,7 10,7 11
2 6 7 9 10 11 13,0.00833969,34.7778,Yes,N/A,2,N/A,N/A,N/A,6,7,2 6,9,10,11,2 10,13,N/A,6 9,7 9,6 11,7 11
2 6 7 9 10 11 12,0.0126238,29.7778,Yes,N/A,2,N/A,N/A,N/A,6,7,2 6,9,10,11,12,2 11,2 12,6 9,7 9,7 10,7 11
1 2 6 7 9 10 11 12 13,0.0169506,30.162,Yes,N/A,2,1 2,N/A,N/A,6,7,1 7,9,10,11,12,13,1 13,2 13,6 10,6 11,7 11
2 6 8 9 10 11 12 13,0.006476,40.713,Yes,N/A,2,N/A,N/A,N/A,6,N/A,8,9,10,11,12,13,2 12,2 13,6 10,6 11,6 12
1 2 6 7 8,0.0840045,10.6296,Yes,N/A,2,1 2,N/A,N/A,6,7,8,1 8,2 8,1 2 8,N/A,6 7,6 8,7 8,1 7 8,2 7 8,1 2 7 8
2 6 7 8,0.0620329,13.1574,Yes,N/A,2,N/A,N/A,N/A,6,7,8,2 7,2 8,N/A,N/A,6 7,6 8,7 8,2 6 8,2 7 8,N/A
1 2 6 7 8 13,0.0304403,20.6528,Yes,N/A,2,1 2,N/A,N/A,6,7,8,2 7,2 8,1 2 8,N/A,13,1 13,2 13,1 2 13,2 7 8,1 2 7 8
1 2 6 7 8 12,0.050106,15.6528,Yes,N/A,2,1 2,N/A,N/A,6,7,8,1 8,2 8,1 2 8,12,6 7,6 8,7 8,1 7 8,2 7 8,6 12
2 6 7 8 13,0.0172627,24.3148,Yes,N/A,2,N/A,N/A,N/A,6,7,8,2 7,2 8,N/A,N/A,13,6 8,2 13,2 6 8,2 7 8,N/A
2 6 7 8 12,0.0275868,20.3611,Yes,N/A,2,N/A,N/A,N/A,6,7,8,2 7,2 8,N/A,12,6 7,2 12,7 8,2 6 8,2 7 8,6 12
1 2 6 7 8 12 13,0.0193497,25.537,Yes,N/A,2,1 2,N/A,N/A,6,7,8,1 8,2 8,1 2 8,12,13,1 13,2 13,1 2 13,2 7 8,6 12
1 2 6 7 8 11,0.0648649,13.2731,Yes,N/A,2,1 2,N/A,N/A,6,7,8,2 7,2 8,11,1 11,6 7,6 8,7 8,1 7 8,6 11,7 11
2 6 7 8 11,0.0309545,19.213,Yes,N/A,2,N/A,N/A,N/A,6,7,8,2 7,2 8,11,N/A,2 11,6 8,7 8,2 6 8,6 11,7 11
1 2 6 7 8 11 13,0.0274354,22.1944,Yes,N/A,2,1 2,N/A,N/A,6,7,8,2 7,2 8,11,1 11,13,6 8,2 13,1 2 13,6 11,7 11
2 6 7 8 12 13,0.0098251,30.9074,Yes,N/A,2,N/A,N/A,N/A,6,7,8,2 7,2 8,N/A,12,13,6 8,2 13,2 6 8,2 7 8,6 12
1 2 6 7 8 11 12,0.0352948,19.875,Yes,N/A,2,1 2,N/A,N/A,6,7,8,1 8,2 8,11,12,1 12,6 8,7 8,1 7 8,6 11,6 12
2 6 7 8 11 13,0.0111223,29.8148,Yes,N/A,2,N/A,N/A,N/A,6,7,8,2 7,2 8,11,N/A,13,6 8,2 13,2 6 8,6 11,7 11
2 6 7 8 11 12,0.0183134,24.4444,Yes,N/A,2,N/A,N/A,N/A,6,7,8,2 7,2 8,11,12,6 7,6 8,7 8,2 6 8,6 11,6 12
1 2 6 7 8 11 12 13,0.0172065,28.4769,Yes,N/A,2,1 2,N/A,N/A,6,7,8,2 7,2 8,11,12,13,1 13,2 13,1 2 13,6 11,6 12
1 2 6 7 8 10,0.0684325,12.287,Yes,N/A,2,1 2,N/A,N/A,6,7,8,1 8,10,1 10,2 10,6 7,6 8,7 8,6 10,7 10,8 10
2 6 7 8 10,0.0351161,18.125,Yes,N/A,2,N/A,N/A,N/A,6,7,8,2 7,10,N/A,2 10,6 7,6 8,7 8,6 10,7 10,8 10
1 2 6 7 8 10 13,0.0302521,20.8889,Yes,N/A,2,1 2,N/A,N/A,6,7,8,2 7,10,1 10,2 10,13,6 8,7 8,6 10,7 10,8 10
1 2 6 7 8 10 12,0.0414824,17.7222,Yes,N/A,2,1 2,N/A,N/A,6,7,8,2 7,10,1 10,12,1 12,6 8,7 8,6 10,7 10,6 12
2 6 7 8 10 13,0.0133817,28.2361,Yes,N/A,2,N/A,N/A,N/A,6,7,8,2 7,10,N/A,2 10,13,6 8,2 13,6 10,7 10,8 10
2 6 7 8 10 12,0.0173083,26.7269,Yes,N/A,2,N/A,N/A,N/A,6,7,8,2 7,10,N/A,12,6 7,2 12,7 8,6 10,7 10,8 10
1 2 6 7 8 10 12 13,0.0207672,25.838,Yes,N/A,2,1 2,N/A,N/A,6,7,8,2 7,10,1 10,12,13,6 8,2 13,6 10,7 10,6 12
2 6 7 8 11 12 13,0.00771763,34.0556,Yes,N/A,2,N/A,N/A,N/A,6,7,8,2 7,2 8,11,12,13,6 8,2 13,2 6 8,6 11,6 12
1 2 6 7 8 10 11,0.0477142,16.7639,Yes,N/A,2,1 2,N/A,N/A,6,7,8,1 8,10,11,1 11,2 11,6 8,7 8,6 10,7 10,7 11
2 6 7 8 10 11,0.0233021,22.0972,Yes,N/A,2,N/A,N/A,N/A,6,7,8,2 7,10,11,2 10,2 11,6 8,7 8,6 10,6 11,8 10
1 2 6 7 8 10 11 13,0.0246092,24.1065,Yes,N/A,2,1 2,N/A,N/A,6,7,8,2 7,10,11,1 11,13,1 13,2 13,6 10,6 11,7 11
2 6 7 8 10 12 13,0.00804412,35.9537,Yes,N/A,2,N/A,N/A,N/A,6,7,8,2 7,10,N/A,12,13,6 8,2 13,6 10,7 10,6 12
1 2 6 7 8 10 11 12,0.0304619,22.0046,Yes,N/A,2,1 2,N/A,N/A,6,7,8,1 8,10,11,12,1 12,2 12,7 8,6 10,6 11,7 11
2 6 7 8 10 11 13,0.0101988,31.375,Yes,N/A,2,N/A,N/A,N/A,6,7,8,2 7,10,11,2 10,13,6 8,2 13,6 10,6 11,7 11
2 6 7 8 10 11 12,0.0136813,28.6389,Yes,N/A,2,N/A,N/A,N/A,6,7,8,2 7,10,11,12,2 11,2 12,7 8,6 10,7 10,6 12
1 2 6 7 8 10 11 12 13,0.0175678,29.412,Yes,N/A,2,1 2,N/A,N/A,6,7,8,2 7,10,11,12,13,1 13,2 13,6 10,6 11,6 12
2 6 7 9 10 11 12 13,0.00639051,38.1806,Yes,N/A,2,N/A,N/A,N/A,6,7,2 6,9,10,11,12,13,2 12,2 13,7 9,6 11,7 11
1 2 6 7 8 9,0.064389,12.5278,Yes,N/A,2,1 2,N/A,N/A,6,7,8,9,1 9,2 9,1 2 9,6 7,6 8,7 8,7 9,8 9,1 8 9
2 6 7 8 9,0.0387142,17.0926,Yes,N/A,2,N/A,N/A,N/A,6,7,8,9,2 8,2 9,N/A,6 7,6 8,6 9,7 9,8 9,2 7 9
1 2 6 7 8 9 13,0.027989,21.3148,Yes,N/A,2,1 2,N/A,N/A,6,7,8,9,1 9,2 9,1 2 9,13,6 8,7 8,7 9,8 9,2 7 9
1 2 6 7 8 9 12,0.0431683,17.537,Yes,N/A,2,1 2,N/A,N/A,6,7,8,9,1 9,2 9,12,6 7,6 8,7 8,7 9,8 9,6 12
2 6 7 8 9 13,0.0137271,27.6667,Yes,N/A,2,N/A,N/A,N/A,6,7,8,9,2 8,2 9,N/A,13,6 8,2 13,7 9,8 9,2 7 9
2 6 7 8 9 12,0.0224605,22.2315,Yes,N/A,2,N/A,N/A,N/A,6,7,8,9,2 8,2 9,12,6 7,2 12,6 9,7 9,8 9,6 12
1 2 6 7 8 9 12 13,0.0202839,26.2407,Yes,N/A,2,1 2,N/A,N/A,6,7,8,9,1 9,2 9,12,13,1 13,7 8,7 9,8 9,6 12
1 2 6 7 8 9 11,0.0507402,15.6481,Yes,N/A,2,1 2,N/A,N/A,6,7,8,9,2 8,11,1 11,6 7,6 8,7 8,7 9,8 9,7 11
2 6 7 8 9 11,0.0219294,24.3287,Yes,N/A,2,N/A,N/A,N/A,6,7,8,9,2 8,11,N/A,2 11,6 8,6 9,7 9,6 11,7 11
1 2 6 7 8 9 11 13,0.025024,23.7083,Yes,N/A,2,1 2,N/A,N/A,6,7,8,9,2 8,11,1 11,13,6 8,2 13,7 9,6 11,7 11
2 6 7 8 9 12 13,0.00942649,31.8056,Yes,N/A,2,N/A,N/A,N/A,6,7,8,9,2 8,2 9,12,13,6 8,6 9,7 9,8 9,6 12
1 2 6 7 8 9 11 12,0.0331558,21.1759,Yes,N/A,2,1 2,N/A,N/A,6,7,8,9,1 9,11,12,6 7,2 12,6 9,7 9,6 11,7 11
2 6 7 8 9 11 13,0.00914532,34.5787,Yes,N/A,2,N/A,N/A,N/A,6,7,8,9,2 8,11,N/A,13,6 8,2 13,7 9,6 11,7 11
2 6 7 8 9 11 12,0.0152175,27.4954,Yes,N/A,2,N/A,N/A,N/A,6,7,8,9,2 8,11,12,6 7,2 12,6 9,7 9,6 11,7 11
1 2 6 7 8 9 11 12 13,0.0180819,28.8796,Yes,N/A,2,1 2,N/A,N/A,6,7,8,9,1 9,11,12,13,1 13,2 13,7 9,6 11,6 12
2 6 7 8 10 11 12 13,0.00720424,36.963,Yes,N/A,2,N/A,N/A,N/A,6,7,8,2 7,10,11,12,13,6 8,2 13,6 10,7 10,6 12
1 2 6 7 8 9 10,0.0520658,15.7778,Yes,N/A,2,1 2,N/A,N/A,6,7,8,9,10,1 10,2 10,6 7,6 8,7 8,7 9,8 9,8 10
2 6 7 8 9 10,0.0291501,20.1065,Yes,N/A,2,N/A,N/A,N/A,6,7,8,9,10,2 9,2 10,6 7,6 8,7 8,6 10,8 9,8 10
1 2 6 7 8 9 10 13,0.026788,23.3056,Yes,N/A,2,1 2,N/A,N/A,6,7,8,9,10,1 10,2 10,13,1 13,7 8,7 9,7 10,8 10
1 2 6 7 8 9 10 12,0.0359711,19.9815,Yes,N/A,2,1 2,N/A,N/A,6,7,8,9,10,1 10,12,1 12,6 8,7 8,7 9,7 10,8 10
2 6 7 8 9 10 13,0.012505,29.1296,Yes,N/A,2,N/A,N/A,N/A,6,7,8,9,10,2 9,2 10,13,6 8,7 8,6 10,7 10,8 10
2 6 7 8 9 10 12,0.0166889,26.6389,Yes,N/A,2,N/A,N/A,N/A,6,7,8,9,10,2 9,12,6 7,2 12,7 8,6 10,7 10,8 10
1 2 6 7 8 9 10 12 13,0.0199629,27.3333,Yes,N/A,2,1 2,N/A,N/A,6,7,8,9,10,1 10,12,13,1 13,2 13,7 9,7 10,6 12
2 6 7 8 9 11 12 13,0.00745223,36.5463,Yes,N/A,2,N/A,N/A,N/A,6,7,8,9,2 8,11,12,13,6 8,6 9,7 9,6 11,7 11
1 2 6 7 8 9 10 11,0.0398998,19.2269,Yes,N/A,2,1 2,N/A,N/A,6,7,8,9,10,11,1 11,2 11,6 8,7 8,7 9,7 10,7 11
2 6 7 8 9 10 11,0.0188973,25.6111,Yes,N/A,2,N/A,N/A,N/A,6,7,8,9,10,11,2 10,2 11,6 8,6 9,7 9,8 9,7 11
1 2 6 7 8 9 10 11 13,0.0229544,25.9722,Yes,N/A,2,1 2,N/A,N/A,6,7,8,9,10,11,1 11,13,1 13,2 13,7 9,7 10,7 11
2 6 7 8 9 10 12 13,0.00865451,34.4028,Yes,N/A,2,N/A,N/A,N/A,6,7,8,9,10,2 9,12,13,6 8,7 8,6 10,7 10,6 12
1 2 6 7 8 9 10 11 12,0.0286586,23.9028,Yes,N/A,2,1 2,N/A,N/A,6,7,8,9,10,11,12,1 12,2 12,7 8,7 9,7 10,7 11
2 6 7 8 9 10 11 13,0.00940853,34.1852,Yes,N/A,2,N/A,N/A,N/A,6,7,8,9,10,11,2 10,13,6 8,2 13,7 9,6 11,7 11
2 6 7 8 9 10 11 12,0.0126269,30.3796,Yes,N/A,2,N/A,N/A,N/A,6,7,8,9,10,11,12,2 11,2 12,6 9,6 10,8 9,6 12
1 2 6 7 8 9 10 11 12 13,0.0180992,30.1759,Yes,N/A,2,1 2,N/A,N/A,6,7,8,9,10,11,12,13,1 13,2 13,7 9,7 10,7 11
1 2 5,0.109053,6.2037,Yes,N/A,2,1 2,N/A,5,1 5,2 5,1 2 5,N/A,N/A,N/A,N/A,N/A,N/A,N/A,N/A,N/A,N/A
2 5,0.0694444,6.375,Yes,N/A,2,N/A,N/A,5,N/A,2 5,N/A,N/A,N/A,N/A,N/A,N/A,N/A,N/A,N/A,N/A,N/A
1 2 5 13,0.0371764,14.8889,Yes,N/A,2,1 2,N/A,5,1 5,2 5,1 2 5,N/A,N/A,N/A,N/A,13,1 13,2 13,1 2 13,N/A,5 13
1 2 5 12,0.0485504,12.5185,Yes,N/A,2,1 2,N/A,5,1 5,2 5,1 2 5,N/A,N/A,N/A,12,1 12,2 12,1 2 12,N/A,5 12,1 5 12
2 5 13,0.0160751,16.9954,Yes,N/A,2,N/A,N/A,5,N/A,2 5,N/A,N/A,N/A,N/A,N/A,13,N/A,2 13,N/A,N/A,5 13
2 5 12,0.0199331,15.3704,Yes,N/A,2,N/A,N/A,5,N/A,2 5,N/A,N/A,N/A,N/A,12,N/A,2 12,N/A,N/A,5 12,N/A
1 2 5 12 13,0.0188881,22.8102,Yes,N/A,2,1 2,N/A,5,1 5,2 5,1 2 5,N/A,N/A,N/A,12,13,1 13,2 13,1 2 13,5 12,5 13
1 2 5 11,0.0581597,10.2546,Yes,N/A,2,1 2,N/A,5,1 5,2 5,1 2 5,N/A,N/A,11,1 11,2 11,1 2 11,N/A,5 11,1 5 11,2 5 11
2 5 11,0.027392,13.7639,Yes,N/A,2,N/A,N/A,5,N/A,2 5,N/A,N/A,N/A,11,N/A,2 11,N/A,N/A,5 11,N/A,2 5 11
1 2 5 11 13,0.0252629,19.5833,Yes,N/A,2,1 2,N/A,5,1 5,2 5,1 2 5,N/A,N/A,11,1 11,13,1 13,2 13,5 11,1 5 11,5 13
2 5 12 13,0.0086359,25.1667,Yes,N/A,2,N/A,N/A,5,N/A,2 5,N/A,N/A,N/A,N/A,12,13,2 12,2 13,N/A,5 12,5 13
1 2 5 11 12,0.0318236,18.2917,Yes,N/A,2,1 2,N/A,5,1 5,2 5,1 2 5,N/A,N/A,11,12,1 12,2 12,1 2 12,5 11,5 12,1 5 12
2 5 11 13,0.0102881,24.9306,Yes,N/A,2,N/A,N/A,5,N/A,2 5,N/A,N/A,N/A,11,N/A,13,N/A,2 13,5 11,N/A,5 13
2 5 11 12,0.0169807,21.5231,Yes,N/A,2,N/A,N/A,5,N/A,2 5,N/A,N/A,N/A,11,12,2 11,2 12,N/A,5 11,5 12,2 5 11
1 2 5 11 12 13,0.0146807,28.5,Yes,N/A,2,1 2,N/A,5,1 5,2 5,1 2 5,N/A,N/A,11,12,13,1 13,2 13,5 11,5 12,5 13
1 2 5 10,0.0692194,8.19907,Yes,N/A,2,1 2,N/A,5,1 5,2 5,1 2 5,N/A,10,1 10,2 10,1 2 10,N/A,5 10,1 5 10,2 5 10,1 2 5 10
2 5 10,0.03768,12.3426,Yes,N/A,2,N/A,N/A,5,N/A,2 5,N/A,N/A,10,N/A,2 10,N/A,N/A,5 10,N/A,2 5 10,N/A
1 2 5 10 13,0.0320148,16.7685,Yes,N/A,2,1 2,N/A,5,1 5,2 5,1 2 5,N/A,10,1 10,2 10,13,1 13,2 13,1 2 13,2 5 10,5 13
1 2 5 10 12,0.040823,15.287,Yes,N/A,2,1 2,N/A,5,1 5,2 5,1 2 5,N/A,10,1 10,12,1 12,2 12,5 10,1 5 10,5 12,1 5 12
2 5 10 13,0.0138192,22.6852,Yes,N/A,2,N/A,N/A,5,N/A,2 5,N/A,N/A,10,N/A,2 10,13,N/A,2 13,N/A,2 5 10,5 13
2 5 10 12,0.0182363,21.9491,Yes,N/A,2,N/A,N/A,5,N/A,2 5,N/A,N/A,10,N/A,12,N/A,2 12,5 10,N/A,5 12,N/A
1 2 5 10 12 13,0.019176,24.6667,Yes,N/A,2,1 2,N/A,5,1 5,2 5,1 2 5,N/A,10,1 10,12,13,2 12,2 13,1 5 10,5 12,5 13
2 5 11 12 13,0.00716622,31.8565,Yes,N/A,2,N/A,N/A,5,N/A,2 5,N/A,N/A,N/A,11,12,13,2 12,2 13,5 11,5 12,5 13
1 2 5 10 11,0.0496926,14.1157,Yes,N/A,2,1 2,N/A,5,1 5,2 5,1 2 5,N/A,10,11,1 11,2 11,1 2 11,5 10,5 11,1 5 11,2 5 11
2 5 10 11,0.0310089,18.0185,Yes,N/A,2,N/A,N/A,5,N/A,2 5,N/A,N/A,10,11,2 10,2 11,N/A,5 10,5 11,2 5 10,2 5 11
1 2 5 10 11 13,0.0236996,23.0926,Yes,N/A,2,1 2,N/A,5,1 5,2 5,1 2 5,N/A,10,11,2 10,13,1 13,2 13,5 11,2 5 10,5 13
2 5 10 12 13,0.00798198,31.537,Yes,N/A,2,N/A,N/A,5,N/A,2 5,N/A,N/A,10,N/A,12,13,2 12,5 10,N/A,5 12,5 13
1 2 5 10 11 12,0.0290952,22.0556,Yes,N/A,2,1 2,N/A,5,1 5,2 5,1 2 5,N/A,10,11,12,1 12,2 12,5 10,5 11,5 12,1 5 12
2 5 10 11 13,0.0106167,29.0602,Yes,N/A,2,N/A,N/A,5,N/A,2 5,N/A,N/A,10,11,2 10,13,N/A,2 13,5 11,2 5 10,5 13
2 5 10 11 12,0.0159536,26.2778,Yes,N/A,2,N/A,N/A,5,N/A,2 5,N/A,N/A,10,11,12,2 11,2 12,5 10,5 11,5 12,2 5 11
1 2 5 10 11 12 13,0.0147868,31.3843,Yes,N/A,2,1 2,N/A,5,1 5,2 5,1 2 5,N/A,10,11,12,13,1 13,2 13,5 11,5 12,5 13
1 2 5 9,0.0809578,6.48611,Yes,N/A,2,1 2,N/A,5,1 5,2 5,1 2 5,9,1 9,2 9,1 2 9,N/A,5 9,1 5 9,2 5 9,1 2 5 9,N/A
2 5 9,0.0507973,11.0787,Yes,N/A,2,N/A,N/A,5,N/A,2 5,N/A,9,N/A,2 9,N/A,N/A,5 9,N/A,2 5 9,N/A,N/A
1 2 5 9 13,0.0370584,14.412,Yes,N/A,2,1 2,N/A,5,1 5,2 5,1 2 5,9,1 9,2 9,1 2 9,13,1 13,2 13,1 2 13,1 2 5 9,5 13
1 2 5 9 12,0.0507122,12.8194,Yes,N/A,2,1 2,N/A,5,1 5,2 5,1 2 5,9,1 9,2 9,12,1 12,2 12,1 2 12,2 5 9,5 12,1 5 12
2 5 9 13,0.0205958,20.5787,Yes,N/A,2,N/A,N/A,5,N/A,2 5,N/A,9,N/A,2 9,N/A,13,5 9,2 13,2 5 9,N/A,5 13
2 5 9 12,0.0240573,19.9444,Yes,N/A,2,N/A,N/A,5,N/A,2 5,N/A,9,N/A,2 9,12,N/A,2 12,N/A,2 5 9,5 12,N/A
1 2 5 9 12 13,0.0226902,21.7222,Yes,N/A,2,1 2,N/A,5,1 5,2 5,1 2 5,9,1 9,2 9,12,13,1 13,2 13,1 2 13,5 12,5 13
1 2 5 9 11,0.0615373,11.3611,Yes,N/A,2,1 2,N/A,5,1 5,2 5,1 2 5,9,1 9,11,1 11,2 11,5 9,1 5 9,5 11,1 5 11,2 5 11
2 5 9 11,0.0307249,19.0509,Yes,N/A,2,N/A,N/A,5,N/A,2 5,N/A,9,N/A,11,N/A,2 11,5 9,N/A,5 11,N/A,2 5 11
1 2 5 9 11 13,0.0283254,19.9815,Yes,N/A,2,1 2,N/A,5,1 5,2 5,1 2 5,9,1 9,11,1 11,13,1 13,2 13,5 11,1 5 11,5 13
2 5 9 12 13,0.0114372,28.1528,Yes,N/A,2,N/A,N/A,5,N/A,2 5,N/A,9,N/A,2 9,12,13,5 9,2 13,2 5 9,5 12,5 13
1 2 5 9 11 12,0.0367239,18.2731,Yes,N/A,2,1 2,N/A,5,1 5,2 5,1 2 5,9,1 9,11,12,2 11,2 12,1 5 9,5 11,5 12,2 5 11
2 5 9 11 13,0.0114904,29.5463,Yes,N/A,2,N/A,N/A,5,N/A,2 5,N/A,9,N/A,11,N/A,13,5 9,2 13,5 11,N/A,5 13
2 5 9 11 12,0.0165264,26.6574,Yes,N/A,2,N/A,N/A,5,N/A,2 5,N/A,9,N/A,11,12,2 11,5 9,N/A,5 11,5 12,2 5 11
1 2 5 9 11 12 13,0.0183335,26.6991,Yes,N/A,2,1 2,N/A,5,1 5,2 5,1 2 5,9,1 9,11,12,13,2 12,2 13,5 11,5 12,5 13
2 5 10 11 12 13,0.00692039,36.7176,Yes,N/A,2,N/A,N/A,5,N/A,2 5,N/A,N/A,10,11,12,13,2 12,5 10,5 11,5 12,5 13
1 2 5 9 10,0.072421,10.4583,Yes,N/A,2,1 2,N/A,5,1 5,2 5,1 2 5,9,10,1 10,2 10,1 2 10,5 9,5 10,1 5 10,2 5 10,1 2 5 10
2 5 9 10,0.0486736,15.213,Yes,N/A,2,N/A,N/A,5,N/A,2 5,N/A,9,10,2 9,2 10,N/A,5 9,5 10,2 5 9,2 5 10,N/A
1 2 5 9 10 13,0.0330746,18.4769,Yes,N/A,2,1 2,N/A,5,1 5,2 5,1 2 5,9,10,1 10,2 10,13,1 13,5 10,1 2 13,2 5 10,5 13
1 2 5 9 10 12,0.0433483,16.8241,Yes,N/A,2,1 2,N/A,5,1 5,2 5,1 2 5,9,10,2 9,12,1 12,5 9,5 10,2 5 9,5 12,1 5 12
2 5 9 10 13,0.0185357,23.7963,Yes,N/A,2,N/A,N/A,5,N/A,2 5,N/A,9,10,2 9,2 10,13,5 9,2 13,2 5 9,2 5 10,5 13
2 5 9 10 12,0.0199332,24.5231,Yes,N/A,2,N/A,N/A,5,N/A,2 5,N/A,9,10,2 9,12,N/A,2 12,5 10,2 5 9,5 12,N/A
1 2 5 9 10 12 13,0.0206599,25.1759,Yes,N/A,2,1 2,N/A,5,1 5,2 5,1 2 5,9,10,1 10,12,13,1 13,2 13,1 5 10,5 12,5 13
2 5 9 11 12 13,0.00775517,36.0231,Yes,N/A,2,N/A,N/A,5,N/A,2 5,N/A,9,N/A,11,12,13,5 9,2 13,5 11,5 12,5 13
1 2 5 9 10 11,0.0486974,16.0556,Yes,N/A,2,1 2,N/A,5,1 5,2 5,1 2 5,9,10,11,1 11,2 11,5 9,5 10,5 11,1 5 11,2 5 11
2 5 9 10 11,0.0285512,21.338,Yes,N/A,2,N/A,N/A,5,N/A,2 5,N/A,9,10,11,2 10,2 11,5 9,5 10,5 11,2 5 10,2 5 11
1 2 5 9 10 11 13,0.0244669,23.6343,Yes,N/A,2,1 2,N/A,5,1 5,2 5,1 2 5,9,10,11,1 11,13,1 13,2 13,5 11,1 5 11,5 13
2 5 9 10 12 13,0.00974394,32.1898,Yes,N/A,2,N/A,N/A,5,N/A,2 5,N/A,9,10,2 9,12,13,2 12,5 10,2 5 9,5 12,5 13
1 2 5 9 10 11 12,0.0300257,22.6481,Yes,N/A,2,1 2,N/A,5,1 5,2 5,1 2 5,9,10,11,12,1 12,2 12,5 10,5 11,5 12,1 5 12
2 5 9 10 11 13,0.0118826,31,Yes,N/A,2,N/A,N/A,5,N/A,2 5,N/A,9,10,11,2 10,13,5 9,2 13,5 11,2 5 10,5 13
2 5 9 10 11 12,0.0148249,29.463,Yes,N/A,2,N/A,N/A,5,N/A,2 5,N/A,9,10,11,12,2 11,5 9,5 10,5 11,5 12,2 5 11
1 2 5 9 10 11 12 13,0.0165182,30.3056,Yes,N/A,2,1 2,N/A,5,1 5,2 5,1 2 5,9,10,11,12,13,1 13,2 13,5 11,5 12,5 13
1 2 5 8,0.0839228,6.12963,Yes,N/A,2,1 2,N/A,5,1 5,2 5,8,1 8,2 8,1 2 8,N/A,5 8,1 5 8,2 5 8,1 2 5 8,N/A,N/A
2 5 8,0.0667438,10.0139,Yes,N/A,2,N/A,N/A,5,N/A,2 5,8,N/A,2 8,N/A,N/A,5 8,N/A,2 5 8,N/A,N/A,N/A
1 2 5 8 13,0.0356739,15.7593,Yes,N/A,2,1 2,N/A,5,1 5,2 5,8,1 8,2 8,1 2 8,N/A,13,1 13,2 13,1 2 13,N/A,5 13
1 2 5 8 12,0.0543555,12.2454,Yes,N/A,2,1 2,N/A,5,1 5,2 5,8,1 8,2 8,1 2 8,12,1 12,2 12,1 2 12,1 2 5 8,5 12,1 5 12
2 5 8 13,0.0168735,21.6806,Yes,N/A,2,N/A,N/A,5,N/A,2 5,8,N/A,2 8,N/A,N/A,13,N/A,2 13,N/A,N/A,5 13
2 5 8 12,0.0359171,17.5648,Yes,N/A,2,N/A,N/A,5,N/A,2 5,8,N/A,2 8,N/A,12,5 8,2 12,2 5 8,N/A,5 12,N/A
1 2 5 8 12 13,0.0232231,21.3889,Yes,N/A,2,1 2,N/A,5,1 5,2 5,8,1 8,2 8,1 2 8,12,13,1 13,2 13,1 2 13,5 12,5 13
1 2 5 8 11,0.068864,10.5046,Yes,N/A,2,1 2,N/A,5,1 5,2 5,8,1 8,2 8,11,1 11,5 8,1 2 11,2 5 8,5 11,1 5 11,2 5 11
2 5 8 11,0.0381141,17.1528,Yes,N/A,2,N/A,N/A,5,N/A,2 5,8,N/A,2 8,11,N/A,2 11,N/A,2 5 8,5 11,N/A,2 5 11
1 2 5 8 11 13,0.0301631,19.0741,Yes,N/A,2,1 2,N/A,5,1 5,2 5,8,1 8,2 8,11,1 11,13,1 13,2 13,5 11,1 5 11,5 13
2 5 8 12 13,0.0106181,28.6111,Yes,N/A,2,N/A,N/A,5,N/A,2 5,8,N/A,2 8,N/A,12,13,2 12,2 13,N/A,5 12,5 13
1 2 5 8 11 12,0.0394325,17.3102,Yes,N/A,2,1 2,N/A,5,1 5,2 5,8,1 8,2 8,11,12,1 12,2 12,1 2 12,5 11,5 12,1 5 12
2 5 8 11 13,0.0114303,28.463,Yes,N/A,2,N/A,N/A,5,N/A,2 5,8,N/A,2 8,11,N/A,13,N/A,2 13,5 11,N/A,5 13
2 5 8 11 12,0.0227003,22.9676,Yes,N/A,2,N/A,N/A,5,N/A,2 5,8,N/A,2 8,11,12,5 8,2 12,2 5 8,5 11,5 12,2 5 11
1 2 5 8 11 12 13,0.0195158,25.7685,Yes,N/A,2,1 2,N/A,5,1 5,2 5,8,1 8,2 8,11,12,13,1 13,2 13,5 11,5 12,5 13
1 2 5 8 10,0.0820947,9.4537,Yes,N/A,2,1 2,N/A,5,1 5,2 5,8,1 8,10,1 10,2 10,5 8,1 5 8,5 10,1 5 10,2 5 10,8 10
2 5 8 10,0.045664,16.4259,Yes,N/A,2,N/A,N/A,5,N/A,2 5,8,N/A,10,N/A,2 10,5 8,N/A,5 10,N/A,2 5 10,8 10
1 2 5 8 10 13,0.033654,18.0833,Yes,N/A,2,1 2,N/A,5,1 5,2 5,8,1 8,10,1 10,2 10,13,1 13,2 13,1 2 13,2 5 10,5 13
1 2 5 8 10 12,0.0478708,15.7037,Yes,N/A,2,1 2,N/A,5,1 5,2 5,8,1 8,10,1 10,12,5 8,2 12,5 10,1 5 10,5 12,8 10
2 5 8 10 13,0.012329,27.8935,Yes,N/A,2,N/A,N/A,5,N/A,2 5,8,N/A,10,N/A,2 10,13,N/A,2 13,N/A,2 5 10,5 13
2 5 8 10 12,0.0206745,24.8287,Yes,N/A,2,N/A,N/A,5,N/A,2 5,8,N/A,10,N/A,12,5 8,2 12,5 10,N/A,5 12,8 10
1 2 5 8 10 12 13,0.021548,24.3148,Yes,N/A,2,1 2,N/A,5,1 5,2 5,8,1 8,10,1 10,12,13,2 12,2 13,1 2 13,5 12,5 13
2 5 8 11 12 13,0.00830909,33.375,Yes,N/A,2,N/A,N/A,5,N/A,2 5,8,N/A,2 8,11,12,13,2 12,2 13,5 11,5 12,5 13
1 2 5 8 10 11,0.0569475,14.3519,Yes,N/A,2,1 2,N/A,5,1 5,2 5,8,1 8,10,11,2 10,2 11,1 5 8,5 10,5 11,2 5 10,8 10
2 5 8 10 11,0.0275139,22.3009,Yes,N/A,2,N/A,N/A,5,N/A,2 5,8,N/A,10,11,2 10,5 8,N/A,5 10,5 11,2 5 10,8 10
1 2 5 8 10 11 13,0.0264592,22.7176,Yes,N/A,2,1 2,N/A,5,1 5,2 5,8,1 8,10,11,2 10,13,1 13,2 13,5 11,2 5 10,5 13
2 5 8 10 12 13,0.00742249,35.7639,Yes,N/A,2,N/A,N/A,5,N/A,2 5,8,N/A,10,N/A,12,13,2 12,2 13,N/A,5 12,5 13
1 2 5 8 10 11 12,0.0346524,20.4954,Yes,N/A,2,1 2,N/A,5,1 5,2 5,8,1 8,10,11,12,2 11,2 12,5 10,5 11,5 12,8 10
2 5 8 10 11 13,0.00926875,33.25,Yes,N/A,2,N/A,N/A,5,N/A,2 5,8,N/A,10,11,2 10,13,N/A,2 13,5 11,2 5 10,5 13
2 5 8 10 11 12,0.0156762,28.8981,Yes,N/A,2,N/A,N/A,5,N/A,2 5,8,N/A,10,11,12,5 8,2 12,5 10,5 11,5 12,8 10
1 2 5 8 10 11 12 13,0.0180583,28.463,Yes,N/A,2,1 2,N/A,5,1 5,2 5,8,1 8,10,11,12,13,2 12,2 13,5 11,5 12,5 13
2 5 9 10 11 12 13,0.00735991,38.6991,Yes,N/A,2,N/A,N/A,5,N/A,2 5,N/A,9,10,11,12,13,2 12,2 13,5 11,5 12,5 13
1 2 5 8 9,0.0934722,8.6713,Yes,N/A,2,1 2,N/A,5,1 5,2 5,8,9,1 9,2 9,1 2 9,5 8,5 9,1 5 9,2 5 9,8 9,1 8 9
2 5 8 9,0.0688389,12.4954,Yes,N/A,2,N/A,N/A,5,N/A,2 5,8,9,2 8,2 9,N/A,5 8,5 9,2 5 8,2 5 9,8 9,N/A
1 2 5 8 9 13,0.0370161,17.4537,Yes,N/A,2,1 2,N/A,5,1 5,2 5,8,9,2 8,2 9,1 2 9,13,1 13,2 13,1 2 13,8 9,5 13
1 2 5 8 9 12,0.0536912,14.4444,Yes,N/A,2,1 2,N/A,5,1 5,2 5,8,9,1 9,2 9,12,1 12,5 9,2 5 8,2 5 9,5 12,1 5 12
2 5 8 9 13,0.02049,22.9676,Yes,N/A,2,N/A,N/A,5,N/A,2 5,8,9,2 8,2 9,N/A,13,5 9,2 13,2 5 9,8 9,5 13
2 5 8 9 12,0.0316676,19.3009,Yes,N/A,2,N/A,N/A,5,N/A,2 5,8,9,2 8,2 9,12,5 8,2 12,2 5 8,2 5 9,5 12,N/A
1 2 5 8 9 12 13,0.0239495,23.2315,Yes,N/A,2,1 2,N/A,5,1 5,2 5,8,9,1 9,2 9,12,13,1 13,2 13,1 2 13,5 12,5 13
1 2 5 8 9 11,0.0641512,13.088,Yes,N/A,2,1 2,N/A,5,1 5,2 5,8,9,2 8,11,1 11,5 8,5 9,2 5 8,5 11,8 9,2 5 11
2 5 8 9 11,0.0313997,20.3056,Yes,N/A,2,N/A,N/A,5,N/A,2 5,8,9,2 8,11,N/A,2 11,5 9,2 5 8,5 11,8 9,2 5 11
1 2 5 8 9 11 13,0.0305036,20.6898,Yes,N/A,2,1 2,N/A,5,1 5,2 5,8,9,2 8,11,1 11,13,5 9,2 13,5 11,8 9,5 13
2 5 8 9 12 13,0.012215,28.7546,Yes,N/A,2,N/A,N/A,5,N/A,2 5,8,9,2 8,2 9,12,13,5 9,2 13,2 5 9,5 12,5 13
1 2 5 8 9 11 12,0.036911,19.2778,Yes,N/A,2,1 2,N/A,5,1 5,2 5,8,9,1 9,11,12,1 12,2 12,1 5 9,5 11,5 12,1 5 12
2 5 8 9 11 13,0.0123312,30.3519,Yes,N/A,2,N/A,N/A,5,N/A,2 5,8,9,2 8,11,N/A,13,5 9,2 13,5 11,8 9,5 13
2 5 8 9 11 12,0.0184429,25.5741,Yes,N/A,2,N/A,N/A,5,N/A,2 5,8,9,2 8,11,12,2 11,5 9,2 5 8,5 11,5 12,2 5 11
1 2 5 8 9 11 12 13,0.0202356,26.5417,Yes,N/A,2,1 2,N/A,5,1 5,2 5,8,9,2 8,11,12,13,1 13,2 13,5 11,5 12,5 13
2 5 8 10 11 12 13,0.00666407,39.2315,Yes,N/A,2,N/A,N/A,5,N/A,2 5,8,N/A,10,11,12,13,2 12,5 10,5 11,5 12,5 13
1 2 5 8 9 10,0.0677774,12.6157,Yes,N/A,2,1 2,N/A,5,1 5,2 5,8,9,10,1 10,2 10,5 8,5 9,5 10,1 5 10,8 9,8 10
2 5 8 9 10,0.041507,16.713,Yes,N/A,2,N/A,N/A,5,N/A,2 5,8,9,10,2 9,2 10,5 8,5 9,5 10,2 5 9,8 9,8 10
1 2 5 8 9 10 13,0.0310641,20.338,Yes,N/A,2,1 2,N/A,5,1 5,2 5,8,9,10,1 10,2 10,13,1 13,5 10,1 2 13,8 9,8 10
1 2 5 8 9 10 12,0.0414667,17.7731,Yes,N/A,2,1 2,N/A,5,1 5,2 5,8,9,10,1 10,12,1 12,2 12,5 10,1 5 10,8 9,8 10
2 5 8 9 10 13,0.0148958,26.6481,Yes,N/A,2,N/A,N/A,5,N/A,2 5,8,9,10,2 9,2 10,13,5 9,2 13,2 5 9,8 9,5 13
2 5 8 9 10 12,0.0209286,24.3472,Yes,N/A,2,N/A,N/A,5,N/A,2 5,8,9,10,2 9,12,5 8,2 12,5 10,2 5 9,5 12,8 10
1 2 5 8 9 10 12 13,0.0213884,25.3843,Yes,N/A,2,1 2,N/A,5,1 5,2 5,8,9,10,1 10,12,13,1 13,2 13,1 5 10,5 12,8 10
2 5 8 9 11 12 13,0.00890943,34.3148,Yes,N/A,2,N/A,N/A,5,N/A,2 5,8,9,2 8,11,12,13,5 9,2 13,5 11,5 12,5 13
1 2 5 8 9 10 11,0.0469608,17.1435,Yes,N/A,2,1 2,N/A,5,1 5,2 5,8,9,10,11,1 11,2 11,5 9,5 10,5 11,8 9,8 10
2 5 8 9 10 11,0.0238485,23.1481,Yes,N/A,2,N/A,N/A,5,N/A,2 5,8,9,10,11,2 10,2 11,5 9,5 10,5 11,8 9,8 10
1 2 5 8 9 10 11 13,0.025039,23.9398,Yes,N/A,2,1 2,N/A,5,1 5,2 5,8,9,10,11,1 11,13,1 13,2 13,5 11,8 9,8 10
2 5 8 9 10 12 13,0.00924174,33.5463,Yes,N/A,2,N/A,N/A,5,N/A,2 5,8,9,10,2 9,12,13,2 12,5 10,2 5 9,5 12,5 13
1 2 5 8 9 10 11 12,0.0307903,22.5833,Yes,N/A,2,1 2,N/A,5,1 5,2 5,8,9,10,11,12,1 12,2 12,5 10,5 11,8 9,8 10
2 5 8 9 10 11 13,0.010646,32.4815,Yes,N/A,2,N/A,N/A,5,N/A,2 5,8,9,10,11,2 10,13,5 9,2 13,5 11,8 9,5 13
2 5 8 9 10 11 12,0.0144118,29.5648,Yes,N/A,2,N/A,N/A,5,N/A,2 5,8,9,10,11,12,2 11,2 12,5 10,5 11,8 9,8 10
1 2 5 8 9 10 11 12 13,0.0183966,29.125,Yes,N/A,2,1 2,N/A,5,1 5,2 5,8,9,10,11,12,13,1 13,2 13,5 11,5 12,8 10
1 2 5 7,0.0920353,5.81481,Yes,N/A,2,1 2,N/A,5,1 5,7,1 7,2 7,1 2 7,N/A,5 7,1 5 7,2 5 7,1 2 5 7,N/A,N/A,N/A
2 5 7,0.080697,9.73148,Yes,N/A,2,N/A,N/A,5,N/A,7,N/A,2 7,N/A,N/A,5 7,N/A,2 5 7,N/A,N/A,N/A,N/A
1 2 5 7 13,0.0388793,14.9583,Yes,N/A,2,1 2,N/A,5,1 5,7,1 7,2 7,1 2 7,N/A,5 7,13,1 13,2 13,1 2 13,N/A,5 13
1 2 5 7 12,0.0501052,14,Yes,N/A,2,1 2,N/A,5,1 5,7,1 7,2 7,1 2 7,N/A,12,1 12,2 12,1 2 12,N/A,5 12,1 5 12
2 5 7 13,0.0291093,19.2778,Yes,N/A,2,N/A,N/A,5,N/A,7,N/A,2 7,N/A,N/A,5 7,13,2 5 7,2 13,N/A,N/A,5 13
2 5 7 12,0.024001,20.2731,Yes,N/A,2,N/A,N/A,5,N/A,7,N/A,2 7,N/A,N/A,12,N/A,2 12,N/A,N/A,5 12,N/A
1 2 5 7 12 13,0.0203162,23.3472,Yes,N/A,2,1 2,N/A,5,1 5,7,1 7,2 7,1 2 7,N/A,12,13,2 12,2 13,1 2 13,5 12,5 13
1 2 5 7 11,0.07446,10.0046,Yes,N/A,2,1 2,N/A,5,1 5,7,1 7,2 7,1 2 7,11,5 7,2 11,1 2 11,1 2 5 7,5 11,1 5 11,7 11
2 5 7 11,0.0522843,15.4815,Yes,N/A,2,N/A,N/A,5,N/A,7,N/A,2 7,N/A,11,5 7,2 11,2 5 7,N/A,5 11,N/A,7 11
1 2 5 7 11 13,0.0314537,18.7407,Yes,N/A,2,1 2,N/A,5,1 5,7,1 7,2 7,1 2 7,11,1 11,13,1 13,2 13,5 11,1 5 11,5 13
2 5 7 12 13,0.0103409,29.4074,Yes,N/A,2,N/A,N/A,5,N/A,7,N/A,2 7,N/A,N/A,12,13,2 12,2 13,N/A,5 12,5 13
1 2 5 7 11 12,0.0387869,17.3935,Yes,N/A,2,1 2,N/A,5,1 5,7,1 7,2 7,1 2 7,11,12,1 12,2 12,1 2 12,5 11,5 12,7 11
2 5 7 11 13,0.0175167,25.713,Yes,N/A,2,N/A,N/A,5,N/A,7,N/A,2 7,N/A,11,5 7,13,2 5 7,2 13,5 11,N/A,5 13
2 5 7 11 12,0.0178932,25.3009,Yes,N/A,2,N/A,N/A,5,N/A,7,N/A,2 7,N/A,11,12,2 11,2 12,N/A,5 11,5 12,7 11
1 2 5 7 11 12 13,0.0179499,26.3519,Yes,N/A,2,1 2,N/A,5,1 5,7,1 7,2 7,1 2 7,11,12,13,2 12,2 13,5 11,5 12,5 13
1 2 5 7 10,0.0882968,8.84259,Yes,N/A,2,1 2,N/A,5,1 5,7,1 7,2 7,10,1 10,5 7,1 2 10,2 5 7,5 10,1 5 10,7 10,1 7 10
2 5 7 10,0.0489621,15.713,Yes,N/A,2,N/A,N/A,5,N/A,7,N/A,2 7,10,N/A,2 10,N/A,2 5 7,5 10,N/A,7 10,N/A
1 2 5 7 10 13,0.0400455,16.713,Yes,N/A,2,1 2,N/A,5,1 5,7,1 7,2 7,10,1 10,5 7,13,1 13,2 13,1 2 13,7 10,5 13
1 2 5 7 10 12,0.0463045,15.7778,Yes,N/A,2,1 2,N/A,5,1 5,7,1 7,2 7,10,1 10,12,1 12,2 12,5 10,1 5 10,5 12,1 5 12
2 5 7 10 13,0.0190401,24.9213,Yes,N/A,2,N/A,N/A,5,N/A,7,N/A,2 7,10,N/A,5 7,13,2 5 7,2 13,N/A,7 10,5 13
2 5 7 10 12,0.0172874,25.912,Yes,N/A,2,N/A,N/A,5,N/A,7,N/A,2 7,10,N/A,12,N/A,2 12,5 10,N/A,5 12,N/A
1 2 5 7 10 12 13,0.0220041,24.0556,Yes,N/A,2,1 2,N/A,5,1 5,7,1 7,2 7,10,1 10,12,13,2 12,2 13,1 5 10,5 12,5 13
2 5 7 11 12 13,0.00798322,34.7083,Yes,N/A,2,N/A,N/A,5,N/A,7,N/A,2 7,N/A,11,12,13,2 12,2 13,5 11,5 12,5 13
1 2 5 7 10 11,0.0572846,13.8843,Yes,N/A,2,1 2,N/A,5,1 5,7,1 7,2 7,10,11,1 11,2 11,1 2 11,5 10,5 11,7 10,7 11
2 5 7 10 11,0.0337244,19.463,Yes,N/A,2,N/A,N/A,5,N/A,7,N/A,2 7,10,11,5 7,2 11,2 5 7,5 10,5 11,7 10,7 11
1 2 5 7 10 11 13,0.0283241,21.4352,Yes,N/A,2,1 2,N/A,5,1 5,7,1 7,2 7,10,11,1 11,13,1 13,5 10,5 11,7 10,5 13
2 5 7 10 12 13,0.00831303,34.4352,Yes,N/A,2,N/A,N/A,5,N/A,7,N/A,2 7,10,N/A,12,13,2 12,5 10,N/A,5 12,5 13
1 2 5 7 10 11 12,0.0342815,20.0972,Yes,N/A,2,1 2,N/A,5,1 5,7,1 7,2 7,10,11,12,1 12,2 12,5 10,5 11,5 12,7 11
2 5 7 10 11 13,0.0136984,29.3981,Yes,N/A,2,N/A,N/A,5,N/A,7,N/A,2 7,10,11,5 7,13,2 5 7,2 13,5 11,7 10,5 13
2 5 7 10 11 12,0.0146854,28.5278,Yes,N/A,2,N/A,N/A,5,N/A,7,N/A,2 7,10,11,12,2 11,2 12,5 10,5 11,5 12,7 11
1 2 5 7 10 11 12 13,0.0183475,28.1944,Yes,N/A,2,1 2,N/A,5,1 5,7,1 7,2 7,10,11,12,13,2 12,5 10,5 11,5 12,5 13
1 2 5 7 9,0.099083,8.00463,Yes,N/A,2,1 2,N/A,5,1 5,7,1 7,9,1 9,2 9,5 7,1 5 7,5 9,1 5 9,7 9,1 7 9,2 7 9
2 5 7 9,0.0533631,15.1389,Yes,N/A,2,N/A,N/A,5,N/A,7,N/A,9,N/A,2 9,5 7,N/A,5 9,N/A,7 9,N/A,2 7 9
1 2 5 7 9 13,0.0455704,15.7917,Yes,N/A,2,1 2,N/A,5,1 5,7,1 7,9,1 9,2 9,5 7,13,5 9,2 13,7 9,1 7 9,5 13
1 2 5 7 9 12,0.0482649,15.3009,Yes,N/A,2,1 2,N/A,5,1 5,7,1 7,9,1 9,2 9,12,1 12,2 12,1 2 12,7 9,5 12,1 5 12
2 5 7 9 13,0.0219229,23.4861,Yes,N/A,2,N/A,N/A,5,N/A,7,N/A,9,N/A,2 9,5 7,13,5 9,2 13,7 9,N/A,5 13
2 5 7 9 12,0.0171043,25.3981,Yes,N/A,2,N/A,N/A,5,N/A,7,N/A,9,N/A,2 9,12,N/A,2 12,N/A,7 9,5 12,2 7 9
1 2 5 7 9 12 13,0.0234934,23.3333,Yes,N/A,2,1 2,N/A,5,1 5,7,1 7,9,1 9,2 9,12,13,2 12,2 13,7 9,5 12,5 13
1 2 5 7 9 11,0.0658269,12.9491,Yes,N/A,2,1 2,N/A,5,1 5,7,1 7,9,1 9,11,5 7,2 11,5 9,1 5 9,5 11,1 7 9,7 11
2 5 7 9 11,0.027577,22.1574,Yes,N/A,2,N/A,N/A,5,N/A,7,N/A,9,N/A,11,5 7,2 11,5 9,N/A,7 9,N/A,7 11
1 2 5 7 9 11 13,0.0321539,20.6667,Yes,N/A,2,1 2,N/A,5,1 5,7,1 7,9,1 9,11,5 7,13,5 9,2 13,5 11,1 5 11,5 13
2 5 7 9 12 13,0.00894909,33.0602,Yes,N/A,2,N/A,N/A,5,N/A,7,N/A,9,N/A,2 9,12,13,2 12,2 13,7 9,5 12,5 13
1 2 5 7 9 11 12,0.0354492,19.412,Yes,N/A,2,1 2,N/A,5,1 5,7,1 7,9,1 9,11,12,2 11,2 12,1 5 9,5 11,5 12,7 11
2 5 7 9 11 13,0.0120634,31.7546,Yes,N/A,2,N/A,N/A,5,N/A,7,N/A,9,N/A,11,5 7,13,5 9,2 13,5 11,N/A,7 11
2 5 7 9 11 12,0.0120751,31.5417,Yes,N/A,2,N/A,N/A,5,N/A,7,N/A,9,N/A,11,12,2 11,5 9,N/A,7 9,5 12,7 11
1 2 5 7 9 11 12 13,0.0194545,26.963,Yes,N/A,2,1 2,N/A,5,1 5,7,1 7,9,1 9,11,12,13,2 12,2 13,5 11,5 12,5 13
2 5 7 10 11 12 13,0.00739809,37.5093,Yes,N/A,2,N/A,N/A,5,N/A,7,N/A,2 7,10,11,12,13,2 12,5 10,5 11,5 12,5 13
1 2 5 7 9 10,0.07387,11.2824,Yes,N/A,2,1 2,N/A,5,1 5,7,1 7,9,10,2 9,2 10,1 5 7,5 9,5 10,7 9,7 10,1 7 10
2 5 7 9 10,0.0346785,19.4491,Yes,N/A,2,N/A,N/A,5,N/A,7,N/A,9,10,2 9,5 7,N/A,5 9,5 10,7 9,7 10,2 7 9
1 2 5 7 9 10 13,0.0370004,18.162,Yes,N/A,2,1 2,N/A,5,1 5,7,1 7,9,10,2 9,2 10,13,5 9,2 13,7 9,7 10,5 13
1 2 5 7 9 10 12,0.0410816,17.7222,Yes,N/A,2,1 2,N/A,5,1 5,7,1 7,9,10,2 9,12,1 12,2 12,5 10,7 9,7 10,2 7 9
2 5 7 9 10 13,0.0167893,26.8843,Yes,N/A,2,N/A,N/A,5,N/A,7,N/A,9,10,2 9,5 7,13,5 9,2 13,7 9,7 10,5 13
2 5 7 9 10 12,0.0144039,29.2269,Yes,N/A,2,N/A,N/A,5,N/A,7,N/A,9,10,2 9,12,N/A,2 12,5 10,7 9,5 12,2 7 9
1 2 5 7 9 10 12 13,0.0222973,24.9213,Yes,N/A,2,1 2,N/A,5,1 5,7,1 7,9,10,2 9,12,13,2 12,2 13,7 9,5 12,5 13
2 5 7 9 11 12 13,0.00653156,40.3241,Yes,N/A,2,N/A,N/A,5,N/A,7,N/A,9,N/A,11,12,13,5 9,2 13,5 11,5 12,7 11
1 2 5 7 9 10 11,0.0509204,15.4213,Yes,N/A,2,1 2,N/A,5,1 5,7,1 7,9,10,11,2 10,2 11,5 9,5 10,7 9,7 10,7 11
2 5 7 9 10 11,0.0232668,24.3935,Yes,N/A,2,N/A,N/A,5,N/A,7,N/A,9,10,11,5 7,2 11,5 9,5 10,7 9,7 10,7 11
1 2 5 7 9 10 11 13,0.0276153,22.6991,Yes,N/A,2,1 2,N/A,5,1 5,7,1 7,9,10,11,2 10,13,5 9,2 13,5 11,7 10,7 11
2 5 7 9 10 12 13,0.00821033,36.037,Yes,N/A,2,N/A,N/A,5,N/A,7,N/A,9,10,2 9,12,13,2 12,5 10,7 9,5 12,5 13
1 2 5 7 9 10 11 12,0.0316792,21.3472,Yes,N/A,2,1 2,N/A,5,1 5,7,1 7,9,10,11,12,2 11,2 12,5 10,5 11,7 10,7 11
2 5 7 9 10 11 13,0.0114604,33.4491,Yes,N/A,2,N/A,N/A,5,N/A,7,N/A,9,10,11,5 7,13,5 9,2 13,5 11,7 10,7 11
2 5 7 9 10 11 12,0.0118601,33.0185,Yes,N/A,2,N/A,N/A,5,N/A,7,N/A,9,10,11,12,2 11,2 12,5 10,7 9,5 12,7 11
1 2 5 7 9 10 11 12 13,0.0189247,28.1528,Yes,N/A,2,1 2,N/A,5,1 5,7,1 7,9,10,11,12,13,2 12,2 13,5 11,5 12,7 11
2 5 8 9 10 11 12 13,0.00761173,38.0324,Yes,N/A,2,N/A,N/A,5,N/A,2 5,8,9,10,11,12,13,2 12,2 13,5 11,5 12,5 13
1 2 5 7 8,0.106658,7.53704,Yes,N/A,2,1 2,N/A,5,1 5,7,8,1 8,2 8,1 2 8,5 7,5 8,1 5 8,7 8,1 7 8,2 7 8,1 2 7 8
2 5 7 8,0.0768738,11.3565,Yes,N/A,2,N/A,N/A,5,N/A,7,8,2 7,2 8,N/A,5 7,5 8,2 5 7,7 8,N/A,2 7 8,N/A
1 2 5 7 8 13,0.0468955,15.6806,Yes,N/A,2,1 2,N/A,5,1 5,7,8,1 8,2 8,1 2 8,5 7,13,1 13,2 13,1 2 13,2 7 8,5 13
1 2 5 7 8 12,0.0509624,14.6157,Yes,N/A,2,1 2,N/A,5,1 5,7,8,2 7,2 8,1 2 8,12,1 12,2 12,7 8,1 7 8,5 12,1 5 12
2 5 7 8 13,0.0237943,22.0185,Yes,N/A,2,N/A,N/A,5,N/A,7,8,2 7,2 8,N/A,5 7,13,2 5 7,2 13,N/A,2 7 8,5 13
2 5 7 8 12,0.0276424,20.7963,Yes,N/A,2,N/A,N/A,5,N/A,7,8,2 7,2 8,N/A,12,5 8,2 12,7 8,N/A,5 12,N/A
1 2 5 7 8 12 13,0.0224654,23.8565,Yes,N/A,2,1 2,N/A,5,1 5,7,8,1 8,2 8,1 2 8,12,13,1 13,2 13,1 2 13,5 12,5 13
1 2 5 7 8 11,0.0690994,11.8935,Yes,N/A,2,1 2,N/A,5,1 5,7,8,2 7,2 8,11,1 11,5 8,1 2 11,7 8,5 11,1 5 11,7 11
2 5 7 8 11,0.0411331,16.4167,Yes,N/A,2,N/A,N/A,5,N/A,7,8,2 7,2 8,11,5 7,2 11,2 5 7,7 8,5 11,2 7 8,7 11
1 2 5 7 8 11 13,0.034351,19.5139,Yes,N/A,2,1 2,N/A,5,1 5,7,8,1 8,2 8,11,5 7,13,1 13,2 13,5 11,2 7 8,5 13
2 5 7 8 12 13,0.0103678,31.3194,Yes,N/A,2,N/A,N/A,5,N/A,7,8,2 7,2 8,N/A,12,13,2 12,2 13,N/A,5 12,5 13
1 2 5 7 8 11 12,0.0385255,18.213,Yes,N/A,2,1 2,N/A,5,1 5,7,8,2 7,2 8,11,12,1 12,2 12,7 8,5 11,5 12,7 11
2 5 7 8 11 13,0.015743,26.4074,Yes,N/A,2,N/A,N/A,5,N/A,7,8,2 7,2 8,11,5 7,13,2 5 7,2 13,5 11,2 7 8,5 13
2 5 7 8 11 12,0.0197838,24.1435,Yes,N/A,2,N/A,N/A,5,N/A,7,8,2 7,2 8,11,12,5 8,2 12,7 8,5 11,5 12,7 11
1 2 5 7 8 11 12 13,0.0198013,26.5648,Yes,N/A,2,1 2,N/A,5,1 5,7,8,1 8,2 8,11,12,13,1 13,2 13,5 11,5 12,5 13
1 2 5 7 8 10,0.0750975,10.6204,Yes,N/A,2,1 2,N/A,5,1 5,7,8,2 7,10,1 10,2 10,5 8,1 5 8,7 8,1 5 10,7 10,8 10
2 5 7 8 10,0.037309,17.9907,Yes,N/A,2,N/A,N/A,5,N/A,7,8,2 7,10,N/A,2 10,5 8,2 5 7,5 10,N/A,7 10,8 10
1 2 5 7 8 10 13,0.0373555,18.3472,Yes,N/A,2,1 2,N/A,5,1 5,7,8,2 7,10,1 10,5 7,13,1 13,2 13,1 2 13,7 10,5 13
1 2 5 7 8 10 12,0.0445725,16.4861,Yes,N/A,2,1 2,N/A,5,1 5,7,8,2 7,10,1 10,12,5 8,2 12,5 10,1 5 10,7 10,8 10
2 5 7 8 10 13,0.0142303,28.625,Yes,N/A,2,N/A,N/A,5,N/A,7,8,2 7,10,N/A,5 7,13,2 5 7,2 13,N/A,7 10,5 13
2 5 7 8 10 12,0.0180776,26.7315,Yes,N/A,2,N/A,N/A,5,N/A,7,8,2 7,10,N/A,12,5 8,2 12,5 10,N/A,7 10,8 10
1 2 5 7 8 10 12 13,0.0222474,24.7269,Yes,N/A,2,1 2,N/A,5,1 5,7,8,2 7,10,1 10,12,13,2 12,2 13,1 5 10,5 12,5 13
2 5 7 8 11 12 13,0.00872874,33.8796,Yes,N/A,2,N/A,N/A,5,N/A,7,8,2 7,2 8,11,12,13,2 12,2 13,5 11,5 12,5 13
1 2 5 7 8 10 11,0.0513225,14.9398,Yes,N/A,2,1 2,N/A,5,1 5,7,8,2 7,10,11,1 11,2 11,1 5 8,5 10,5 11,7 10,7 11
2 5 7 8 10 11,0.0260546,21.3565,Yes,N/A,2,N/A,N/A,5,N/A,7,8,2 7,10,11,2 10,5 8,2 5 7,5 10,5 11,7 10,8 10
1 2 5 7 8 10 11 13,0.0289538,22,Yes,N/A,2,1 2,N/A,5,1 5,7,8,2 7,10,11,5 7,13,1 13,2 13,5 11,7 10,5 13
2 5 7 8 10 12 13,0.00790261,37.1713,Yes,N/A,2,N/A,N/A,5,N/A,7,8,2 7,10,N/A,12,13,2 12,5 10,N/A,5 12,5 13
1 2 5 7 8 10 11 12,0.0337524,20.213,Yes,N/A,2,1 2,N/A,5,1 5,7,8,2 7,10,11,12,1 12,2 12,5 10,5 11,7 10,7 11
2 5 7 8 10 11 13,0.0115177,31.2917,Yes,N/A,2,N/A,N/A,5,N/A,7,8,2 7,10,11,5 7,13,2 5 7,2 13,5 11,7 10,5 13
2 5 7 8 10 11 12,0.0152346,28.3657,Yes,N/A,2,N/A,N/A,5,N/A,7,8,2 7,10,11,12,5 8,2 12,5 10,5 11,7 10,7 11
1 2 5 7 8 10 11 12 13,0.0195867,27.4722,Yes,N/A,2,1 2,N/A,5,1 5,7,8,2 7,10,11,12,13,2 12,2 13,5 11,5 12,5 13
2 5 7 9 10 11 12 13,0.00682158,41.5602,Yes,N/A,2,N/A,N/A,5,N/A,7,N/A,9,10,11,12,13,2 12,2 13,5 11,5 12,7 11
1 2 5 7 8 9,0.080046,9.96759,Yes,N/A,2,1 2,N/A,5,1 5,7,8,9,2 8,2 9,5 7,5 8,5 9,7 8,7 9,8 9,1 8 9
2 5 7 8 9,0.0489266,14.2593,Yes,N/A,2,N/A,N/A,5,N/A,7,8,9,2 8,2 9,5 7,5 8,5 9,7 8,7 9,8 9,2 7 9
1 2 5 7 8 9 13,0.0408979,17.1574,Yes,N/A,2,1 2,N/A,5,1 5,7,8,9,2 8,2 9,5 7,13,1 13,2 13,7 9,8 9,5 13
1 2 5 7 8 9 12,0.0459653,15.7546,Yes,N/A,2,1 2,N/A,5,1 5,7,8,9,2 8,2 9,12,1 12,2 12,7 8,7 9,8 9,1 5 12
2 5 7 8 9 13,0.0203987,23.4537,Yes,N/A,2,N/A,N/A,5,N/A,7,8,9,2 8,2 9,5 7,13,5 9,2 13,7 9,8 9,5 13
2 5 7 8 9 12,0.0229348,22.5556,Yes,N/A,2,N/A,N/A,5,N/A,7,8,9,2 8,2 9,12,5 8,2 12,7 8,7 9,5 12,2 7 9
1 2 5 7 8 9 12 13,0.0234999,23.9491,Yes,N/A,2,1 2,N/A,5,1 5,7,8,9,2 8,2 9,12,13,1 13,7 8,7 9,5 12,5 13
1 2 5 7 8 9 11,0.0580211,13.4815,Yes,N/A,2,1 2,N/A,5,1 5,7,8,9,2 8,11,1 11,2 11,5 9,7 8,7 9,8 9,7 11
2 5 7 8 9 11,0.0302656,20.3704,Yes,N/A,2,N/A,N/A,5,N/A,7,8,9,2 8,11,5 7,2 11,5 9,7 8,5 11,8 9,7 11
1 2 5 7 8 9 11 13,0.0311781,20.7963,Yes,N/A,2,1 2,N/A,5,1 5,7,8,9,2 8,11,1 11,13,1 13,2 13,7 9,8 9,5 13
2 5 7 8 9 12 13,0.0106665,31.6157,Yes,N/A,2,N/A,N/A,5,N/A,7,8,9,2 8,2 9,12,13,5 9,2 13,7 9,5 12,5 13
1 2 5 7 8 9 11 12,0.03612,19.088,Yes,N/A,2,1 2,N/A,5,1 5,7,8,9,2 8,11,12,1 12,2 12,7 8,7 9,5 12,7 11
2 5 7 8 9 11 13,0.013773,29.375,Yes,N/A,2,N/A,N/A,5,N/A,7,8,9,2 8,11,5 7,13,5 9,2 13,5 11,8 9,7 11
2 5 7 8 9 11 12,0.0164353,27.5509,Yes,N/A,2,N/A,N/A,5,N/A,7,8,9,2 8,11,12,2 11,5 9,7 8,7 9,5 12,7 11
1 2 5 7 8 9 11 12 13,0.0207562,26.1204,Yes,N/A,2,1 2,N/A,5,1 5,7,8,9,2 8,11,12,13,2 12,2 13,7 9,5 12,5 13
2 5 7 8 10 11 12 13,0.00765307,37.5833,Yes,N/A,2,N/A,N/A,5,N/A,7,8,2 7,10,11,12,13,2 12,5 10,5 11,5 12,5 13
1 2 5 7 8 9 10,0.062394,12.8611,Yes,N/A,2,1 2,N/A,5,1 5,7,8,9,10,2 9,2 10,5 8,5 9,7 8,7 9,7 10,8 10
2 5 7 8 9 10,0.0335772,19,Yes,N/A,2,N/A,N/A,5,N/A,7,8,9,10,2 9,2 10,5 8,5 9,7 8,7 9,7 10,8 10
1 2 5 7 8 9 10 13,0.0342645,19.7037,Yes,N/A,2,1 2,N/A,5,1 5,7,8,9,10,2 9,5 7,13,1 13,2 13,7 9,8 9,8 10
1 2 5 7 8 9 10 12,0.0397365,17.7778,Yes,N/A,2,1 2,N/A,5,1 5,7,8,9,10,2 9,12,1 12,2 12,7 8,7 9,7 10,8 10
2 5 7 8 9 10 13,0.0151709,27.8704,Yes,N/A,2,N/A,N/A,5,N/A,7,8,9,10,2 9,5 7,13,5 9,2 13,7 9,7 10,5 13
2 5 7 8 9 10 12,0.0176073,26.7778,Yes,N/A,2,N/A,N/A,5,N/A,7,8,9,10,2 9,12,5 8,2 12,5 10,7 9,7 10,8 10
1 2 5 7 8 9 10 12 13,0.0226819,24.7639,Yes,N/A,2,1 2,N/A,5,1 5,7,8,9,10,2 9,12,13,2 12,2 13,7 9,5 12,5 13
2 5 7 8 9 11 12 13,0.00865938,35.7731,Yes,N/A,2,N/A,N/A,5,N/A,7,8,9,2 8,11,12,13,5 9,2 13,5 11,5 12,5 13
1 2 5 7 8 9 10 11,0.0468734,16.3935,Yes,N/A,2,1 2,N/A,5,1 5,7,8,9,10,11,2 10,2 11,5 9,7 8,7 9,7 10,7 11
2 5 7 8 9 10 11,0.0229713,23.7917,Yes,N/A,2,N/A,N/A,5,N/A,7,8,9,10,11,2 10,2 11,5 9,7 8,5 11,8 9,7 11
1 2 5 7 8 9 10 11 13,0.0275535,22.8519,Yes,N/A,2,1 2,N/A,5,1 5,7,8,9,10,11,2 10,13,1 13,2 13,7 9,7 10,7 11
2 5 7 8 9 10 12 13,0.0091091,35.3472,Yes,N/A,2,N/A,N/A,5,N/A,7,8,9,10,2 9,12,13,2 12,5 10,7 9,7 10,5 13
1 2 5 7 8 9 10 11 12,0.0322978,21.2222,Yes,N/A,2,1 2,N/A,5,1 5,7,8,9,10,11,12,1 12,2 12,7 8,7 9,7 10,7 11
2 5 7 8 9 10 11 13,0.0116558,32.4907,Yes,N/A,2,N/A,N/A,5,N/A,7,8,9,10,11,2 10,13,5 9,2 13,5 11,8 9,7 11
2 5 7 8 9 10 11 12,0.0140841,30.4028,Yes,N/A,2,N/A,N/A,5,N/A,7,8,9,10,11,12,2 11,2 12,5 10,7 9,7 10,7 11
1 2 5 7 8 9 10 11 12 13,0.0205318,27.2315,Yes,N/A,2,1 2,N/A,5,1 5,7,8,9,10,11,12,13,2 12,2 13,7 9,7 10,7 11
2 6 7 8 9 10 11 12 13,0.00742921,37.8657,Yes,N/A,2,N/A,N/A,N/A,6,7,8,9,10,11,12,13,6 8,2 13,6 10,6 11,7 11
1 2 5 6,0.108532,5.57407,Yes,N/A,2,1 2,N/A,5,6,1 6,2 6,1 2 6,N/A,5 6,1 5 6,2 5 6,1 2 5 6,N/A,N/A,N/A,N/A
2 5 6,0.109053,8.41204,Yes,N/A,2,N/A,N/A,5,6,2 5,2 6,N/A,N/A,5 6,N/A,2 5 6,N/A,N/A,N/A,N/A,N/A
1 2 5 6 13,0.0456999,14.3704,Yes,N/A,2,1 2,N/A,5,6,1 6,2 6,1 2 6,N/A,5 6,1 5 6,13,1 13,2 13,1 2 13,N/A,5 13
1 2 5 6 12,0.058983,13.1343,Yes,N/A,2,1 2,N/A,5,6,1 6,2 6,1 2 6,N/A,5 6,12,1 12,2 12,1 2 12,N/A,5 12,6 12
2 5 6 13,0.0257345,19.4352,Yes,N/A,2,N/A,N/A,5,6,2 5,2 6,N/A,N/A,5 6,N/A,13,N/A,2 13,N/A,N/A,5 13
2 5 6 12,0.0478538,16.0231,Yes,N/A,2,N/A,N/A,5,6,2 5,2 6,N/A,N/A,5 6,12,2 5 6,2 12,N/A,N/A,5 12,6 12
1 2 5 6 12 13,0.0250783,22.5139,Yes,N/A,2,1 2,N/A,5,6,1 6,2 6,1 2 6,N/A,5 6,12,13,1 13,2 13,1 2 13,5 12,5 13
1 2 5 6 11,0.068978,12.2639,Yes,N/A,2,1 2,N/A,5,6,1 6,2 6,1 2 6,N/A,11,1 11,2 11,1 2 11,N/A,5 11,6 11,1 6 11
2 5 6 11,0.0372514,17.1528,Yes,N/A,2,N/A,N/A,5,6,2 5,2 6,N/A,N/A,11,N/A,2 11,N/A,N/A,5 11,6 11,2 5 11
1 2 5 6 11 13,0.0277227,20.8519,Yes,N/A,2,1 2,N/A,5,6,2 5,2 6,1 2 6,N/A,11,1 11,13,1 13,2 13,5 11,6 11,5 13
2 5 6 12 13,0.0158528,26.0694,Yes,N/A,2,N/A,N/A,5,6,2 5,2 6,N/A,N/A,5 6,12,13,2 12,2 13,N/A,5 12,5 13
1 2 5 6 11 12,0.032873,20.0093,Yes,N/A,2,1 2,N/A,5,6,1 6,2 6,1 2 6,N/A,11,12,1 12,2 12,1 2 12,5 11,5 12,6 12
2 5 6 11 13,0.0108296,28.0556,Yes,N/A,2,N/A,N/A,5,6,2 5,2 6,N/A,N/A,11,N/A,13,N/A,2 13,5 11,6 11,5 13
2 5 6 11 12,0.0191535,24.1944,Yes,N/A,2,N/A,N/A,5,6,2 5,2 6,N/A,N/A,11,12,2 11,2 12,N/A,5 11,5 12,6 12
1 2 5 6 11 12 13,0.0158521,29.1898,Yes,N/A,2,1 2,N/A,5,6,1 6,2 6,1 2 6,N/A,11,12,13,1 13,2 13,5 11,5 12,5 13
1 2 5 6 10,0.0979373,8.60185,Yes,N/A,2,1 2,N/A,5,6,1 6,2 6,1 2 6,10,5 6,2 10,2 5 6,1 2 5 6,5 10,6 10,1 6 10,2 6 10
2 5 6 10,0.0729738,12.1481,Yes,N/A,2,N/A,N/A,5,6,2 5,2 6,N/A,10,5 6,2 10,2 5 6,N/A,5 10,6 10,2 5 10,2 6 10
1 2 5 6 10 13,0.0440611,16.463,Yes,N/A,2,1 2,N/A,5,6,2 5,2 6,1 2 6,10,5 6,2 10,13,1 13,2 13,6 10,1 6 10,5 13
1 2 5 6 10 12,0.0531769,14.8426,Yes,N/A,2,1 2,N/A,5,6,2 5,2 6,1 2 6,10,5 6,12,1 12,2 12,5 10,6 10,5 12,6 12
2 5 6 10 13,0.0228962,22.6481,Yes,N/A,2,N/A,N/A,5,6,2 5,2 6,N/A,10,5 6,2 10,13,N/A,2 13,6 10,2 5 10,5 13
2 5 6 10 12,0.0301002,19.9907,Yes,N/A,2,N/A,N/A,5,6,2 5,2 6,N/A,10,5 6,12,2 5 6,2 12,5 10,6 10,5 12,6 12
1 2 5 6 10 12 13,0.0252482,23.3056,Yes,N/A,2,1 2,N/A,5,6,2 5,2 6,1 2 6,10,5 6,12,13,1 13,2 13,6 10,5 12,5 13
2 5 6 11 12 13,0.00754977,34.0417,Yes,N/A,2,N/A,N/A,5,6,2 5,2 6,N/A,N/A,11,12,13,2 12,2 13,5 11,5 12,5 13
1 2 5 6 10 11,0.056794,14.2824,Yes,N/A,2,1 2,N/A,5,6,1 6,2 6,1 2 6,10,11,1 11,2 11,1 2 11,5 10,5 11,6 11,1 6 11
2 5 6 10 11,0.028377,20.4722,Yes,N/A,2,N/A,N/A,5,6,2 5,2 6,N/A,10,11,2 10,2 11,N/A,5 10,5 11,6 11,2 5 11
1 2 5 6 10 11 13,0.0273752,21.8981,Yes,N/A,2,1 2,N/A,5,6,2 5,2 6,1 2 6,10,11,1 11,13,1 13,5 10,5 11,6 11,5 13
2 5 6 10 12 13,0.0126124,29.5,Yes,N/A,2,N/A,N/A,5,6,2 5,2 6,N/A,10,5 6,12,13,2 12,2 13,6 10,5 12,5 13
1 2 5 6 10 11 12,0.0319217,21.1389,Yes,N/A,2,1 2,N/A,5,6,1 6,2 6,1 2 6,10,11,12,1 12,2 12,5 10,5 11,5 12,6 12
2 5 6 10 11 13,0.0107349,30.7407,Yes,N/A,2,N/A,N/A,5,6,2 5,2 6,N/A,10,11,2 10,13,N/A,2 13,5 11,6 11,5 13
2 5 6 10 11 12,0.0158731,26.9074,Yes,N/A,2,N/A,N/A,5,6,2 5,2 6,N/A,10,11,12,2 11,2 12,5 10,6 10,5 12,6 12
1 2 5 6 10 11 12 13,0.0173315,28.8426,Yes,N/A,2,1 2,N/A,5,6,1 6,2 6,1 2 6,10,11,12,13,1 13,5 10,5 11,5 12,5 13
1 2 5 6 9,0.105998,7.50463,Yes,N/A,2,1 2,N/A,5,6,1 6,2 6,9,1 9,5 6,1 5 6,2 5 6,5 9,6 9,1 6 9,2 6 9,1 2 6 9
2 5 6 9,0.066158,12.0185,Yes,N/A,2,N/A,N/A,5,6,2 5,2 6,9,N/A,5 6,N/A,2 5 6,5 9,6 9,2 5 9,2 6 9,N/A
1 2 5 6 9 13,0.0474894,15.4537,Yes,N/A,2,1 2,N/A,5,6,1 6,2 6,9,1 9,5 6,1 5 6,13,1 13,2 13,1 2 13,2 6 9,5 13
1 2 5 6 9 12,0.0607557,13.3241,Yes,N/A,2,1 2,N/A,5,6,2 5,2 6,9,1 9,5 6,12,1 12,2 12,6 9,1 6 9,5 12,6 12
2 5 6 9 13,0.021655,22.537,Yes,N/A,2,N/A,N/A,5,6,2 5,2 6,9,N/A,5 6,N/A,13,5 9,2 13,2 5 9,2 6 9,5 13
2 5 6 9 12,0.031348,19.287,Yes,N/A,2,N/A,N/A,5,6,2 5,2 6,9,N/A,5 6,12,2 5 6,2 12,6 9,2 5 9,5 12,6 12
1 2 5 6 9 12 13,0.0290729,21.7546,Yes,N/A,2,1 2,N/A,5,6,1 6,2 6,9,1 9,5 6,12,13,1 13,2 13,1 2 13,5 12,5 13
1 2 5 6 9 11,0.0655227,12.3241,Yes,N/A,2,1 2,N/A,5,6,2 5,2 6,9,1 9,11,1 11,2 11,5 9,6 9,5 11,6 11,1 6 11
2 5 6 9 11,0.0282436,20.3102,Yes,N/A,2,N/A,N/A,5,6,2 5,2 6,9,N/A,11,N/A,2 11,5 9,6 9,5 11,6 11,2 5 11
1 2 5 6 9 11 13,0.0303098,20.3935,Yes,N/A,2,1 2,N/A,5,6,2 5,2 6,9,1 9,11,1 11,13,5 9,2 13,5 11,6 11,5 13
2 5 6 9 12 13,0.0133373,28.7222,Yes,N/A,2,N/A,N/A,5,6,2 5,2 6,9,N/A,5 6,12,13,2 12,2 13,2 5 9,5 12,5 13
1 2 5 6 9 11 12,0.038135,18.5972,Yes,N/A,2,1 2,N/A,5,6,2 5,2 6,9,1 9,11,12,2 11,2 12,6 9,5 11,5 12,6 12
2 5 6 9 11 13,0.0110245,30.9861,Yes,N/A,2,N/A,N/A,5,6,2 5,2 6,9,N/A,11,N/A,13,5 9,2 13,5 11,6 11,5 13
2 5 6 9 11 12,0.0168211,26.3704,Yes,N/A,2,N/A,N/A,5,6,2 5,2 6,9,N/A,11,12,2 11,5 9,6 9,5 11,6 11,6 12
1 2 5 6 9 11 12 13,0.0199113,26.6019,Yes,N/A,2,1 2,N/A,5,6,2 5,2 6,9,1 9,11,12,13,1 13,2 13,5 11,5 12,5 13
2 5 6 10 11 12 13,0.00741199,36.4028,Yes,N/A,2,N/A,N/A,5,6,2 5,2 6,N/A,10,11,12,13,2 12,5 10,5 11,5 12,5 13
1 2 5 6 9 10,0.0723998,11.0602,Yes,N/A,2,1 2,N/A,5,6,1 6,2 6,9,10,1 10,2 10,1 2 10,5 9,5 10,6 10,1 6 10,2 6 10
2 5 6 9 10,0.0466291,14.6204,Yes,N/A,2,N/A,N/A,5,6,2 5,2 6,9,10,5 6,2 10,2 5 6,5 9,5 10,6 10,2 5 10,2 6 10
1 2 5 6 9 10 13,0.0386594,18.0509,Yes,N/A,2,1 2,N/A,5,6,1 6,2 6,9,10,5 6,2 10,13,1 13,5 10,6 10,1 6 10,5 13
1 2 5 6 9 10 12,0.0464662,15.9815,Yes,N/A,2,1 2,N/A,5,6,2 5,2 6,9,10,1 10,12,1 12,5 9,5 10,6 10,5 12,6 12
2 5 6 9 10 13,0.0195846,23.4398,Yes,N/A,2,N/A,N/A,5,6,2 5,2 6,9,10,5 6,2 10,13,5 9,2 13,6 10,2 5 10,5 13
2 5 6 9 10 12,0.0229857,22.1111,Yes,N/A,2,N/A,N/A,5,6,2 5,2 6,9,10,2 9,12,2 5 6,2 12,5 10,6 10,5 12,6 12
1 2 5 6 9 10 12 13,0.0247771,23.7963,Yes,N/A,2,1 2,N/A,5,6,2 5,2 6,9,10,1 10,12,13,1 13,2 13,6 10,5 12,5 13
2 5 6 9 11 12 13,0.007951,35.8426,Yes,N/A,2,N/A,N/A,5,6,2 5,2 6,9,N/A,11,12,13,5 9,6 9,5 11,6 11,5 13
1 2 5 6 9 10 11,0.0508492,15.3704,Yes,N/A,2,1 2,N/A,5,6,1 6,2 6,9,10,11,1 11,2 11,5 9,5 10,6 10,6 11,1 6 11
2 5 6 9 10 11,0.0256623,21.0463,Yes,N/A,2,N/A,N/A,5,6,2 5,2 6,9,10,11,2 10,2 11,5 9,6 9,5 11,6 11,2 5 11
1 2 5 6 9 10 11 13,0.0276606,22.2407,Yes,N/A,2,1 2,N/A,5,6,2 5,2 6,9,10,11,1 11,13,1 13,5 10,5 11,6 11,5 13
2 5 6 9 10 12 13,0.0120262,30,Yes,N/A,2,N/A,N/A,5,6,2 5,2 6,9,10,5 6,12,13,2 12,2 13,6 10,5 12,6 12
1 2 5 6 9 10 11 12,0.0333236,20.7824,Yes,N/A,2,1 2,N/A,5,6,1 6,2 6,9,10,11,12,1 12,5 9,5 10,5 11,6 11,6 12
2 5 6 9 10 11 13,0.0118396,29.8657,Yes,N/A,2,N/A,N/A,5,6,2 5,2 6,9,10,11,2 10,13,5 9,6 9,5 11,6 11,5 13
2 5 6 9 10 11 12,0.0155197,27.2963,Yes,N/A,2,N/A,N/A,5,6,2 5,2 6,9,10,11,12,2 11,5 9,5 10,5 11,5 12,6 12
1 2 5 6 9 10 11 12 13,0.0196033,27.7361,Yes,N/A,2,1 2,N/A,5,6,1 6,2 6,9,10,11,12,13,1 13,5 10,5 11,5 12,5 13
1 2 5 6 8,0.110074,7.10648,Yes,N/A,2,1 2,N/A,5,6,1 6,8,1 8,2 8,5 6,1 5 6,5 8,6 8,1 6 8,2 6 8,1 2 6 8,N/A
2 5 6 8,0.0692569,11.2917,Yes,N/A,2,N/A,N/A,5,6,2 5,8,N/A,2 8,5 6,N/A,5 8,6 8,2 5 8,2 6 8,N/A,N/A
1 2 5 6 8 13,0.0503433,15.1296,Yes,N/A,2,1 2,N/A,5,6,2 5,8,1 8,2 8,5 6,1 5 6,13,1 13,2 13,1 2 13,1 2 6 8,5 13
1 2 5 6 8 12,0.0635622,12.9213,Yes,N/A,2,1 2,N/A,5,6,1 6,8,1 8,2 8,5 6,12,1 12,2 12,1 2 12,2 6 8,5 12,6 12
2 5 6 8 13,0.0223955,21.9306,Yes,N/A,2,N/A,N/A,5,6,2 5,8,N/A,2 8,5 6,N/A,13,6 8,2 13,2 6 8,N/A,5 13
2 5 6 8 12,0.0332608,18.0278,Yes,N/A,2,N/A,N/A,5,6,2 5,8,N/A,2 8,5 6,12,5 8,2 12,2 5 8,2 6 8,5 12,6 12
1 2 5 6 8 12 13,0.0302219,21.3148,Yes,N/A,2,1 2,N/A,5,6,1 6,8,1 8,2 8,5 6,12,13,1 13,2 13,1 2 13,5 12,5 13
1 2 5 6 8 11,0.0631597,12.3704,Yes,N/A,2,1 2,N/A,5,6,2 5,8,1 8,2 8,11,1 11,2 11,6 8,1 6 8,5 11,6 11,1 6 11
2 5 6 8 11,0.0285321,19.3889,Yes,N/A,2,N/A,N/A,5,6,2 5,8,N/A,2 8,11,N/A,2 11,6 8,2 5 8,5 11,6 11,2 5 11
1 2 5 6 8 11 13,0.0301086,20.4444,Yes,N/A,2,1 2,N/A,5,6,2 5,8,1 8,2 8,11,1 11,13,1 13,2 13,5 11,6 11,5 13
2 5 6 8 12 13,0.0136979,27.9444,Yes,N/A,2,N/A,N/A,5,6,2 5,8,N/A,2 8,5 6,12,13,2 12,2 13,2 6 8,5 12,5 13
1 2 5 6 8 11 12,0.0368784,18.7361,Yes,N/A,2,1 2,N/A,5,6,1 6,8,1 8,2 8,11,12,2 11,2 12,1 6 8,5 11,5 12,6 12
2 5 6 8 11 13,0.0112031,29.9398,Yes,N/A,2,N/A,N/A,5,6,2 5,8,N/A,2 8,11,N/A,13,6 8,2 13,5 11,6 11,5 13
2 5 6 8 11 12,0.0169005,25.4954,Yes,N/A,2,N/A,N/A,5,6,2 5,8,N/A,2 8,11,12,2 11,6 8,2 5 8,5 11,6 11,6 12
1 2 5 6 8 11 12 13,0.0194618,26.838,Yes,N/A,2,1 2,N/A,5,6,1 6,8,1 8,2 8,11,12,13,1 13,2 13,5 11,5 12,5 13
1 2 5 6 8 10,0.0800821,9.68519,Yes,N/A,2,1 2,N/A,5,6,2 5,8,1 8,10,1 10,2 10,5 8,6 8,5 10,6 10,1 6 10,8 10
2 5 6 8 10,0.041955,15.7176,Yes,N/A,2,N/A,N/A,5,6,2 5,8,N/A,10,5 6,2 10,5 8,6 8,5 10,6 10,2 5 10,8 10
1 2 5 6 8 10 13,0.0403575,17.3796,Yes,N/A,2,1 2,N/A,5,6,2 5,8,1 8,10,5 6,2 10,13,1 13,2 13,6 10,2 5 10,5 13
1 2 5 6 8 10 12,0.0490249,14.9491,Yes,N/A,2,1 2,N/A,5,6,2 5,8,1 8,10,1 10,12,5 8,2 12,5 10,6 10,5 12,6 12
2 5 6 8 10 13,0.0168716,25.4954,Yes,N/A,2,N/A,N/A,5,6,2 5,8,N/A,10,5 6,2 10,13,6 8,2 13,6 10,2 5 10,5 13
2 5 6 8 10 12,0.0221973,23.7037,Yes,N/A,2,N/A,N/A,5,6,2 5,8,N/A,10,5 6,12,5 8,2 12,5 10,6 10,5 12,6 12
1 2 5 6 8 10 12 13,0.026649,22.8935,Yes,N/A,2,1 2,N/A,5,6,2 5,8,1 8,10,5 6,12,13,2 12,2 13,6 10,5 12,5 13
2 5 6 8 11 12 13,0.00803057,34.9028,Yes,N/A,2,N/A,N/A,5,6,2 5,8,N/A,2 8,11,12,13,6 8,2 13,5 11,5 12,5 13
1 2 5 6 8 10 11,0.052825,14.4167,Yes,N/A,2,1 2,N/A,5,6,2 5,8,1 8,10,11,1 11,2 11,6 8,5 10,5 11,6 11,8 10
2 5 6 8 10 11,0.0247213,22.5185,Yes,N/A,2,N/A,N/A,5,6,2 5,8,N/A,10,11,2 10,2 11,6 8,5 10,6 10,6 11,8 10
1 2 5 6 8 10 11 13,0.0275721,22.1065,Yes,N/A,2,1 2,N/A,5,6,2 5,8,1 8,10,11,1 11,13,1 13,2 13,5 11,6 11,5 13
2 5 6 8 10 12 13,0.0106038,32.9398,Yes,N/A,2,N/A,N/A,5,6,2 5,8,N/A,10,5 6,12,13,2 12,2 13,6 10,5 12,8 10
1 2 5 6 8 10 11 12,0.0344997,19.6806,Yes,N/A,2,1 2,N/A,5,6,2 5,8,1 8,10,11,12,2 11,2 12,5 10,5 11,5 12,6 12
2 5 6 8 10 11 13,0.010641,32.537,Yes,N/A,2,N/A,N/A,5,6,2 5,8,N/A,10,11,2 10,13,6 8,2 13,5 11,6 11,5 13
2 5 6 8 10 11 12,0.0149993,29.463,Yes,N/A,2,N/A,N/A,5,6,2 5,8,N/A,10,11,12,2 11,6 8,5 10,6 10,5 12,6 12
1 2 5 6 8 10 11 12 13,0.0197397,27.088,Yes,N/A,2,1 2,N/A,5,6,2 5,8,1 8,10,11,12,13,2 12,2 13,5 11,5 12,5 13
2 5 6 9 10 11 12 13,0.00846641,35.1898,Yes,N/A,2,N/A,N/A,5,6,2 5,2 6,9,10,11,12,13,5 9,5 10,5 11,6 11,5 13
1 2 5 6 8 9,0.080469,9.25,Yes,N/A,2,1 2,N/A,5,6,1 6,8,9,2 8,2 9,1 2 9,5 8,6 8,6 9,1 6 9,8 9,1 8 9
2 5 6 8 9,0.0454663,14.9167,Yes,N/A,2,N/A,N/A,5,6,2 5,8,9,2 8,2 9,N/A,5 8,5 9,6 9,2 5 9,8 9,N/A
1 2 5 6 8 9 13,0.0417357,16.9491,Yes,N/A,2,1 2,N/A,5,6,1 6,8,9,2 8,5 6,1 5 6,13,1 13,2 13,1 2 13,8 9,5 13
1 2 5 6 8 9 12,0.0541121,14.2361,Yes,N/A,2,1 2,N/A,5,6,1 6,8,9,2 8,5 6,12,5 8,2 12,6 9,1 6 9,5 12,6 12
2 5 6 8 9 13,0.0191504,24.375,Yes,N/A,2,N/A,N/A,5,6,2 5,8,9,2 8,5 6,N/A,13,6 8,2 13,2 5 9,8 9,5 13
2 5 6 8 9 12,0.028081,19.8009,Yes,N/A,2,N/A,N/A,5,6,2 5,8,9,2 8,5 6,12,5 8,2 12,6 9,2 5 9,5 12,6 12
1 2 5 6 8 9 12 13,0.0283495,22,Yes,N/A,2,1 2,N/A,5,6,1 6,8,9,1 9,5 6,12,13,1 13,2 13,1 2 13,5 12,5 13
1 2 5 6 8 9 11,0.0574087,13.4306,Yes,N/A,2,1 2,N/A,5,6,2 5,8,9,2 8,11,1 11,2 11,5 9,6 9,5 11,6 11,1 6 11
2 5 6 8 9 11,0.0264141,22.0694,Yes,N/A,2,N/A,N/A,5,6,2 5,8,9,2 8,11,N/A,2 11,5 9,6 9,5 11,6 11,2 5 11
1 2 5 6 8 9 11 13,0.0302224,20.7361,Yes,N/A,2,1 2,N/A,5,6,2 5,8,9,2 8,11,1 11,13,6 8,2 13,5 11,6 11,5 13
2 5 6 8 9 12 13,0.0132132,28.2593,Yes,N/A,2,N/A,N/A,5,6,2 5,8,9,2 8,5 6,12,13,6 8,2 13,2 6 8,5 12,5 13
1 2 5 6 8 9 11 12,0.0375887,18.6759,Yes,N/A,2,1 2,N/A,5,6,1 6,8,9,1 9,11,12,2 11,2 12,6 9,5 11,5 12,6 12
2 5 6 8 9 11 13,0.0116569,31.787,Yes,N/A,2,N/A,N/A,5,6,2 5,8,9,2 8,11,N/A,13,5 9,2 13,5 11,6 11,5 13
2 5 6 8 9 11 12,0.0175946,25.8426,Yes,N/A,2,N/A,N/A,5,6,2 5,8,9,2 8,11,12,2 11,5 9,6 9,5 11,6 11,6 12
1 2 5 6 8 9 11 12 13,0.021384,25.7917,Yes,N/A,2,1 2,N/A,5,6,2 5,8,9,1 9,11,12,13,1 13,2 13,5 11,5 12,5 13
2 5 6 8 10 11 12 13,0.00766195,38.8519,Yes,N/A,2,N/A,N/A,5,6,2 5,8,N/A,10,11,12,13,6 8,2 13,6 10,5 12,5 13
1 2 5 6 8 9 10,0.0672974,11.625,Yes,N/A,2,1 2,N/A,5,6,1 6,8,9,10,2 9,2 10,5 8,5 9,6 9,6 10,8 9,8 10
2 5 6 8 9 10,0.038899,16.7315,Yes,N/A,2,N/A,N/A,5,6,2 5,8,9,10,2 9,2 10,5 8,6 8,5 10,6 10,8 9,8 10
1 2 5 6 8 9 10 13,0.0356483,18.7963,Yes,N/A,2,1 2,N/A,5,6,1 6,8,9,10,2 9,2 10,13,1 13,2 13,6 10,8 9,5 13
1 2 5 6 8 9 10 12,0.0441928,16.3287,Yes,N/A,2,1 2,N/A,5,6,1 6,8,9,10,1 10,12,1 12,2 12,5 10,6 10,5 12,6 12
2 5 6 8 9 10 13,0.0173797,25.5093,Yes,N/A,2,N/A,N/A,5,6,2 5,8,9,10,5 6,2 10,13,6 8,2 13,6 10,8 9,5 13
2 5 6 8 9 10 12,0.0220355,23.1944,Yes,N/A,2,N/A,N/A,5,6,2 5,8,9,10,2 9,12,5 8,2 12,5 10,6 10,8 9,6 12
1 2 5 6 8 9 10 12 13,0.0253856,23.3287,Yes,N/A,2,1 2,N/A,5,6,2 5,8,9,10,1 10,12,13,1 13,2 13,6 10,5 12,5 13
2 5 6 8 9 11 12 13,0.0091143,34,Yes,N/A,2,N/A,N/A,5,6,2 5,8,9,2 8,11,12,13,5 9,2 13,5 11,6 11,5 13
1 2 5 6 8 9 10 11,0.0492426,15.5093,Yes,N/A,2,1 2,N/A,5,6,1 6,8,9,10,11,1 11,2 11,5 9,5 10,6 10,6 11,8 10
2 5 6 8 9 10 11,0.0240984,22.787,Yes,N/A,2,N/A,N/A,5,6,2 5,8,9,10,11,2 10,2 11,6 8,5 10,5 11,6 11,8 10
1 2 5 6 8 9 10 11 13,0.0280107,22.1389,Yes,N/A,2,1 2,N/A,5,6,2 5,8,9,10,11,1 11,13,1 13,2 13,6 10,6 11,5 13
2 5 6 8 9 10 12 13,0.0117915,31.0139,Yes,N/A,2,N/A,N/A,5,6,2 5,8,9,10,5 6,12,13,6 8,2 13,6 10,5 12,6 12
1 2 5 6 8 9 10 11 12,0.0343025,20.1481,Yes,N/A,2,1 2,N/A,5,6,1 6,8,9,10,11,12,2 11,2 12,5 10,5 11,6 11,6 12
2 5 6 8 9 10 11 13,0.0120269,31.1481,Yes,N/A,2,N/A,N/A,5,6,2 5,8,9,10,11,2 10,13,6 8,2 13,5 11,6 11,5 13
2 5 6 8 9 10 11 12,0.0160038,27.7824,Yes,N/A,2,N/A,N/A,5,6,2 5,8,9,10,11,12,2 11,6 8,5 10,6 10,6 11,6 12
1 2 5 6 8 9 10 11 12 13,0.0215035,26.4444,Yes,N/A,2,1 2,N/A,5,6,2 5,8,9,10,11,12,13,1 13,2 13,5 11,5 12,6 12
2 5 7 8 9 10 11 12 13,0.00821109,38.213,Yes,N/A,2,N/A,N/A,5,N/A,7,8,9,10,11,12,13,2 12,2 13,5 11,7 10,5 13
1 2 5 6 7,0.109215,7.03704,Yes,N/A,2,1 2,N/A,5,6,7,1 7,2 7,1 2 7,5 6,5 7,6 7,1 6 7,2 6 7,1 2 6 7,N/A,5 6 7
2 5 6 7,0.0766336,9.56481,Yes,N/A,2,N/A,N/A,5,6,7,2 6,2 7,N/A,5 6,5 7,6 7,2 5 7,2 6 7,N/A,N/A,5 6 7
1 2 5 6 7 13,0.0510907,14.8981,Yes,N/A,2,1 2,N/A,5,6,7,2 6,2 7,1 2 7,5 6,5 7,13,1 13,2 13,1 2 13,N/A,5 13
1 2 5 6 7 12,0.0598417,13.1991,Yes,N/A,2,1 2,N/A,5,6,7,1 7,2 7,1 2 7,5 6,12,1 12,2 12,1 2 12,1 2 6 7,5 12,6 12
2 5 6 7 13,0.0254076,19.9028,Yes,N/A,2,N/A,N/A,5,6,7,2 6,2 7,N/A,5 6,5 7,13,2 5 7,2 13,N/A,N/A,5 13
2 5 6 7 12,0.0309983,18.3241,Yes,N/A,2,N/A,N/A,5,6,7,2 6,2 7,N/A,5 6,12,6 7,2 12,2 6 7,N/A,5 12,6 12
1 2 5 6 7 12 13,0.0278738,21.9444,Yes,N/A,2,1 2,N/A,5,6,7,1 7,2 7,1 2 7,5 6,12,13,1 13,2 13,1 2 13,5 12,5 13
1 2 5 6 7 11,0.0595057,12.5093,Yes,N/A,2,1 2,N/A,5,6,7,2 6,2 7,1 2 7,11,1 11,2 11,1 2 11,2 6 7,5 11,6 11,7 11
2 5 6 7 11,0.0358228,16.6713,Yes,N/A,2,N/A,N/A,5,6,7,2 6,2 7,N/A,11,5 7,2 11,2 5 7,2 6 7,5 11,6 11,7 11
1 2 5 6 7 11 13,0.030553,20.0972,Yes,N/A,2,1 2,N/A,5,6,7,2 6,2 7,1 2 7,11,5 7,13,1 13,2 13,5 11,6 11,5 13
2 5 6 7 12 13,0.0127613,28.2315,Yes,N/A,2,N/A,N/A,5,6,7,2 6,2 7,N/A,5 6,12,13,2 12,2 13,N/A,5 12,5 13
1 2 5 6 7 11 12,0.0334126,19.6528,Yes,N/A,2,1 2,N/A,5,6,7,1 7,2 7,1 2 7,11,12,1 12,2 12,1 2 12,5 11,5 12,6 12
2 5 6 7 11 13,0.0139375,26.8009,Yes,N/A,2,N/A,N/A,5,6,7,2 6,2 7,N/A,11,5 7,13,2 5 7,2 13,5 11,6 11,5 13
2 5 6 7 11 12,0.0177704,25.1389,Yes,N/A,2,N/A,N/A,5,6,7,2 6,2 7,N/A,11,12,6 7,2 12,2 6 7,5 11,5 12,6 12
1 2 5 6 7 11 12 13,0.0176925,27.912,Yes,N/A,2,1 2,N/A,5,6,7,1 7,2 7,1 2 7,11,12,13,1 13,2 13,5 11,5 12,5 13
1 2 5 6 7 10,0.0790538,9.36111,Yes,N/A,2,1 2,N/A,5,6,7,2 6,2 7,10,1 10,5 7,6 7,1 6 7,5 10,6 10,7 10,5 6 7
2 5 6 7 10,0.050573,12.9537,Yes,N/A,2,N/A,N/A,5,6,7,2 6,2 7,10,5 6,2 10,6 7,2 5 7,5 10,6 10,7 10,2 6 10
1 2 5 6 7 10 13,0.0437418,16.0509,Yes,N/A,2,1 2,N/A,5,6,7,2 6,2 7,10,5 6,5 7,13,1 13,2 13,6 10,7 10,5 13
1 2 5 6 7 10 12,0.0500228,15.088,Yes,N/A,2,1 2,N/A,5,6,7,1 7,2 7,10,5 6,12,1 12,2 12,5 10,6 10,5 12,6 12
2 5 6 7 10 13,0.0209297,22.1065,Yes,N/A,2,N/A,N/A,5,6,7,2 6,2 7,10,5 6,5 7,13,2 5 7,2 13,6 10,7 10,5 13
2 5 6 7 10 12,0.0256175,20.7083,Yes,N/A,2,N/A,N/A,5,6,7,2 6,2 7,10,5 6,12,6 7,2 12,5 10,6 10,5 12,6 12
1 2 5 6 7 10 12 13,0.0268229,22.9259,Yes,N/A,2,1 2,N/A,5,6,7,1 7,2 7,10,5 6,12,13,1 13,2 13,6 10,5 12,5 13
2 5 6 7 11 12 13,0.00796838,35.0463,Yes,N/A,2,N/A,N/A,5,6,7,2 6,2 7,N/A,11,12,13,2 12,2 13,5 11,5 12,5 13
1 2 5 6 7 10 11,0.0519747,14.5509,Yes,N/A,2,1 2,N/A,5,6,7,2 6,2 7,10,11,1 11,2 11,1 2 11,5 10,5 11,6 11,7 11
2 5 6 7 10 11,0.0297587,19.1296,Yes,N/A,2,N/A,N/A,5,6,7,2 6,2 7,10,11,5 7,2 11,2 5 7,5 10,5 11,6 11,7 11
1 2 5 6 7 10 11 13,0.0296078,21.287,Yes,N/A,2,1 2,N/A,5,6,7,2 6,2 7,10,11,5 7,13,1 13,5 10,5 11,6 11,5 13
2 5 6 7 10 12 13,0.0119782,29.4398,Yes,N/A,2,N/A,N/A,5,6,7,2 6,2 7,10,5 6,12,13,2 12,2 13,6 10,5 12,5 13
1 2 5 6 7 10 11 12,0.0331169,20.6019,Yes,N/A,2,1 2,N/A,5,6,7,1 7,2 7,10,11,12,1 12,2 12,5 10,5 11,5 12,6 12
2 5 6 7 10 11 13,0.0131152,28.338,Yes,N/A,2,N/A,N/A,5,6,7,2 6,2 7,10,11,5 7,13,2 5 7,2 13,5 11,6 11,5 13
2 5 6 7 10 11 12,0.0170779,26.3426,Yes,N/A,2,N/A,N/A,5,6,7,2 6,2 7,10,11,12,6 7,2 12,5 10,5 11,5 12,6 12
1 2 5 6 7 10 11 12 13,0.0193599,27.713,Yes,N/A,2,1 2,N/A,5,6,7,1 7,2 7,10,11,12,13,1 13,5 10,5 11,5 12,5 13
1 2 5 6 7 9,0.0847408,8.25463,Yes,N/A,2,1 2,N/A,5,6,7,2 6,9,1 9,2 9,5 7,6 7,5 9,6 9,7 9,1 7 9,5 6 7
2 5 6 7 9,0.0504175,13.9444,Yes,N/A,2,N/A,N/A,5,6,7,2 6,9,N/A,2 9,5 7,6 7,5 9,6 9,7 9,2 6 9,5 6 7
1 2 5 6 7 9 13,0.0447874,15.5,Yes,N/A,2,1 2,N/A,5,6,7,2 6,9,1 9,5 6,5 7,13,1 13,2 13,7 9,2 6 9,5 13
1 2 5 6 7 9 12,0.0532125,14.1713,Yes,N/A,2,1 2,N/A,5,6,7,1 7,9,1 9,5 6,12,6 7,2 12,6 9,7 9,5 12,6 12
2 5 6 7 9 13,0.0202401,23.6852,Yes,N/A,2,N/A,N/A,5,6,7,2 6,9,N/A,5 6,5 7,13,5 9,2 13,7 9,2 6 9,5 13
2 5 6 7 9 12,0.0248773,22.3472,Yes,N/A,2,N/A,N/A,5,6,7,2 6,9,N/A,2 9,12,6 7,2 12,6 9,7 9,5 12,6 12
1 2 5 6 7 9 12 13,0.0281406,21.8981,Yes,N/A,2,1 2,N/A,5,6,7,1 7,9,1 9,5 6,12,13,2 12,2 13,7 9,5 12,5 13
1 2 5 6 7 9 11,0.0618358,12.3843,Yes,N/A,2,1 2,N/A,5,6,7,2 6,9,1 9,11,5 7,2 11,5 9,6 9,5 11,6 11,7 11
2 5 6 7 9 11,0.0309317,20.8287,Yes,N/A,2,N/A,N/A,5,6,7,2 6,9,N/A,11,5 7,2 11,5 9,6 9,5 11,6 11,7 11
1 2 5 6 7 9 11 13,0.0323025,19.9907,Yes,N/A,2,1 2,N/A,5,6,7,2 6,9,1 9,11,5 7,13,1 13,2 13,5 11,6 11,5 13
2 5 6 7 9 12 13,0.011745,31.5185,Yes,N/A,2,N/A,N/A,5,6,7,2 6,9,N/A,5 6,12,13,2 12,2 13,7 9,5 12,5 13
1 2 5 6 7 9 11 12,0.0377883,18.5602,Yes,N/A,2,1 2,N/A,5,6,7,2 6,9,1 9,11,12,2 11,2 12,6 9,5 11,5 12,6 12
2 5 6 7 9 11 13,0.0127846,30.8935,Yes,N/A,2,N/A,N/A,5,6,7,2 6,9,N/A,11,5 7,13,5 9,2 13,5 11,6 11,7 11
2 5 6 7 9 11 12,0.0165095,28.8241,Yes,N/A,2,N/A,N/A,5,6,7,2 6,9,N/A,11,12,2 11,5 9,6 9,5 11,5 12,7 11
1 2 5 6 7 9 11 12 13,0.0211158,26,Yes,N/A,2,1 2,N/A,5,6,7,2 6,9,1 9,11,12,13,2 12,2 13,5 11,5 12,5 13
2 5 6 7 10 11 12 13,0.00845922,35,Yes,N/A,2,N/A,N/A,5,6,7,2 6,2 7,10,11,12,13,2 12,5 10,5 11,5 12,5 13
1 2 5 6 7 9 10,0.070476,10.9167,Yes,N/A,2,1 2,N/A,5,6,7,1 7,9,10,1 10,2 10,6 7,5 9,6 9,6 10,7 10,2 6 10
2 5 6 7 9 10,0.0439259,15.6806,Yes,N/A,2,N/A,N/A,5,6,7,2 6,9,10,2 9,2 10,6 7,5 9,5 10,7 9,7 10,5 6 7
1 2 5 6 7 9 10 13,0.039976,17.5972,Yes,N/A,2,1 2,N/A,5,6,7,1 7,9,10,5 6,5 7,13,1 13,2 13,6 10,7 10,5 13
1 2 5 6 7 9 10 12,0.046491,16.1806,Yes,N/A,2,1 2,N/A,5,6,7,2 6,9,10,5 6,12,1 12,2 12,5 10,7 9,5 12,6 12
2 5 6 7 9 10 13,0.0191283,24.2685,Yes,N/A,2,N/A,N/A,5,6,7,2 6,9,10,5 6,5 7,13,5 9,2 13,7 9,7 10,5 13
2 5 6 7 9 10 12,0.0227406,23.2315,Yes,N/A,2,N/A,N/A,5,6,7,2 6,9,10,2 9,12,6 7,2 12,5 10,7 9,5 12,6 12
1 2 5 6 7 9 10 12 13,0.0267882,23.0787,Yes,N/A,2,1 2,N/A,5,6,7,1 7,9,10,5 6,12,13,1 13,2 13,6 10,5 12,5 13
2 5 6 7 9 11 12 13,0.00814097,38.2083,Yes,N/A,2,N/A,N/A,5,6,7,2 6,9,N/A,11,12,13,2 12,2 13,5 11,6 11,5 13
1 2 5 6 7 9 10 11,0.0519591,14.7315,Yes,N/A,2,1 2,N/A,5,6,7,2 6,9,10,11,1 11,2 11,5 9,6 9,6 10,6 11,7 11
2 5 6 7 9 10 11,0.0277184,21.162,Yes,N/A,2,N/A,N/A,5,6,7,2 6,9,10,11,5 7,2 11,5 9,6 9,5 11,6 11,7 11
1 2 5 6 7 9 10 11 13,0.0300905,21.2361,Yes,N/A,2,1 2,N/A,5,6,7,2 6,9,10,11,1 11,13,1 13,2 13,6 10,6 11,5 13
2 5 6 7 9 10 12 13,0.0117975,30.9213,Yes,N/A,2,N/A,N/A,5,6,7,2 6,9,10,5 6,12,13,2 12,2 13,7 9,5 12,5 13
1 2 5 6 7 9 10 11 12,0.0351182,19.838,Yes,N/A,2,1 2,N/A,5,6,7,2 6,9,10,11,12,1 12,2 12,5 10,5 11,5 12,6 12
2 5 6 7 9 10 11 13,0.0134019,29.5833,Yes,N/A,2,N/A,N/A,5,6,7,2 6,9,10,11,5 7,13,5 9,2 13,5 11,6 11,7 11
2 5 6 7 9 10 11 12,0.0164186,27.6944,Yes,N/A,2,N/A,N/A,5,6,7,2 6,9,10,11,12,2 11,5 9,5 10,5 11,5 12,7 11
1 2 5 6 7 9 10 11 12 13,0.0218239,26.338,Yes,N/A,2,1 2,N/A,5,6,7,2 6,9,10,11,12,13,1 13,2 13,5 11,5 12,5 13
2 5 6 8 9 10 11 12 13,0.0092719,35.3519,Yes,N/A,2,N/A,N/A,5,6,2 5,8,9,10,11,12,13,6 8,2 13,6 10,6 11,5 13
1 2 5 6 7 8,0.0845824,8.23148,Yes,N/A,2,1 2,N/A,5,6,7,8,1 8,2 8,5 6,5 7,6 7,6 8,7 8,1 7 8,2 7 8,5 6 7
2 5 6 7 8,0.0623103,11.0556,Yes,N/A,2,N/A,N/A,5,6,7,8,2 7,2 8,5 6,5 7,5 8,6 8,7 8,2 6 8,2 7 8,5 6 7
1 2 5 6 7 8 13,0.0440018,15.9583,Yes,N/A,2,1 2,N/A,5,6,7,8,1 8,2 8,5 6,5 7,13,1 13,2 13,1 2 13,2 7 8,5 13
1 2 5 6 7 8 12,0.0544252,14.1111,Yes,N/A,2,1 2,N/A,5,6,7,8,2 7,2 8,5 6,12,1 12,2 12,7 8,1 7 8,5 12,6 12
2 5 6 7 8 13,0.0243531,20.8009,Yes,N/A,2,N/A,N/A,5,6,7,8,2 7,2 8,5 6,5 7,13,6 8,2 13,2 6 8,2 7 8,5 13
2 5 6 7 8 12,0.0323541,18.4167,Yes,N/A,2,N/A,N/A,5,6,7,8,2 7,2 8,5 6,12,5 8,2 12,7 8,2 6 8,5 12,6 12
1 2 5 6 7 8 12 13,0.027329,22.4815,Yes,N/A,2,1 2,N/A,5,6,7,8,1 8,2 8,5 6,12,13,1 13,2 13,1 2 13,5 12,5 13
1 2 5 6 7 8 11,0.0606223,12.537,Yes,N/A,2,1 2,N/A,5,6,7,8,1 8,2 8,11,1 11,6 7,6 8,7 8,5 11,6 11,7 11
2 5 6 7 8 11,0.0378875,17.3472,Yes,N/A,2,N/A,N/A,5,6,7,8,2 7,2 8,11,5 7,2 11,6 8,7 8,5 11,6 11,7 11
1 2 5 6 7 8 11 13,0.0312549,20.4676,Yes,N/A,2,1 2,N/A,5,6,7,8,1 8,2 8,11,1 11,13,1 13,2 13,5 11,6 11,5 13
2 5 6 7 8 12 13,0.0137124,27.8287,Yes,N/A,2,N/A,N/A,5,6,7,8,2 7,2 8,5 6,12,13,2 12,2 13,2 6 8,5 12,5 13
1 2 5 6 7 8 11 12,0.0371691,19.1574,Yes,N/A,2,1 2,N/A,5,6,7,8,2 7,2 8,11,12,1 12,6 8,7 8,5 11,5 12,6 12
2 5 6 7 8 11 13,0.0157935,26.8287,Yes,N/A,2,N/A,N/A,5,6,7,8,2 7,2 8,11,5 7,13,6 8,2 13,5 11,6 11,5 13
2 5 6 7 8 11 12,0.0206579,24.1944,Yes,N/A,2,N/A,N/A,5,6,7,8,2 7,2 8,11,12,6 7,2 12,7 8,5 11,5 12,6 12
1 2 5 6 7 8 11 12 13,0.0204604,27.1204,Yes,N/A,2,1 2,N/A,5,6,7,8,2 7,2 8,11,12,13,1 13,2 13,5 11,5 12,5 13
1 2 5 6 7 8 10,0.0749876,9.97222,Yes,N/A,2,1 2,N/A,5,6,7,8,1 8,10,1 10,5 7,5 8,6 8,7 8,6 10,7 10,8 10
2 5 6 7 8 10,0.0470756,15.1019,Yes,N/A,2,N/A,N/A,5,6,7,8,2 7,10,5 6,2 10,5 8,6 8,7 8,6 10,7 10,8 10
1 2 5 6 7 8 10 13,0.0400151,17.1898,Yes,N/A,2,1 2,N/A,5,6,7,8,1 8,10,1 10,5 7,13,1 13,2 13,6 10,7 10,5 13
1 2 5 6 7 8 10 12,0.0483839,15.3333,Yes,N/A,2,1 2,N/A,5,6,7,8,2 7,10,1 10,12,1 12,2 12,7 8,6 10,5 12,6 12
2 5 6 7 8 10 13,0.0198354,24.3565,Yes,N/A,2,N/A,N/A,5,6,7,8,2 7,10,5 6,2 10,13,6 8,2 13,6 10,7 10,5 13
2 5 6 7 8 10 12,0.0252601,21.9861,Yes,N/A,2,N/A,N/A,5,6,7,8,2 7,10,5 6,12,5 8,2 12,7 8,6 10,5 12,6 12
1 2 5 6 7 8 10 12 13,0.0273179,22.5833,Yes,N/A,2,1 2,N/A,5,6,7,8,2 7,10,5 6,12,13,1 13,2 13,6 10,5 12,5 13
2 5 6 7 8 11 12 13,0.00966853,33.6111,Yes,N/A,2,N/A,N/A,5,6,7,8,2 7,2 8,11,12,13,2 12,2 13,5 11,5 12,5 13
1 2 5 6 7 8 10 11,0.054147,14.0602,Yes,N/A,2,1 2,N/A,5,6,7,8,1 8,10,11,1 11,2 11,6 8,5 10,6 10,6 11,7 11
2 5 6 7 8 10 11,0.0294789,20.4491,Yes,N/A,2,N/A,N/A,5,6,7,8,2 7,10,11,2 10,2 11,6 8,5 10,6 10,6 11,7 11
1 2 5 6 7 8 10 11 13,0.0310064,21.1944,Yes,N/A,2,1 2,N/A,5,6,7,8,2 7,10,11,5 7,13,1 13,2 13,6 10,6 11,5 13
2 5 6 7 8 10 12 13,0.0122879,30.3657,Yes,N/A,2,N/A,N/A,5,6,7,8,2 7,10,5 6,12,13,2 12,2 13,6 10,7 10,5 13
1 2 5 6 7 8 10 11 12,0.0359499,19.6065,Yes,N/A,2,1 2,N/A,5,6,7,8,1 8,10,11,12,1 12,2 12,5 10,5 11,5 12,6 12
2 5 6 7 8 10 11 13,0.0143065,29.162,Yes,N/A,2,N/A,N/A,5,6,7,8,2 7,10,11,5 7,13,6 8,2 13,6 10,6 11,5 13
2 5 6 7 8 10 11 12,0.0182435,26.2037,Yes,N/A,2,N/A,N/A,5,6,7,8,2 7,10,11,12,5 8,2 12,5 10,6 10,5 12,6 12
1 2 5 6 7 8 10 11 12 13,0.0221337,26.2824,Yes,N/A,2,1 2,N/A,5,6,7,8,2 7,10,11,12,13,1 13,2 13,5 11,5 12,5 13
2 5 6 7 9 10 11 12 13,0.00922707,35.1574,Yes,N/A,2,N/A,N/A,5,6,7,2 6,9,10,11,12,13,5 9,2 13,5 11,5 12,5 13
1 2 5 6 7 8 9,0.0796433,9.83333,Yes,N/A,2,1 2,N/A,5,6,7,8,9,1 9,2 9,5 7,6 7,6 8,6 9,7 9,8 9,1 8 9
2 5 6 7 8 9,0.0540617,13.8704,Yes,N/A,2,N/A,N/A,5,6,7,8,9,2 8,2 9,5 7,6 7,5 9,6 9,7 9,8 9,2 7 9
1 2 5 6 7 8 9 13,0.0428143,16.6481,Yes,N/A,2,1 2,N/A,5,6,7,8,9,1 9,5 6,5 7,13,1 13,2 13,7 9,8 9,5 13
1 2 5 6 7 8 9 12,0.0521926,14.7917,Yes,N/A,2,1 2,N/A,5,6,7,8,9,1 9,5 6,12,1 12,2 12,7 8,7 9,5 12,6 12
2 5 6 7 8 9 13,0.0222311,22.9028,Yes,N/A,2,N/A,N/A,5,6,7,8,9,2 8,5 6,5 7,13,6 8,2 13,7 9,8 9,5 13
2 5 6 7 8 9 12,0.0289348,20.4306,Yes,N/A,2,N/A,N/A,5,6,7,8,9,2 8,5 6,12,6 7,2 12,7 8,7 9,5 12,6 12
1 2 5 6 7 8 9 12 13,0.0288356,21.9861,Yes,N/A,2,1 2,N/A,5,6,7,8,9,1 9,5 6,12,13,1 13,2 13,7 9,5 12,5 13
1 2 5 6 7 8 9 11,0.0594456,13.0139,Yes,N/A,2,1 2,N/A,5,6,7,8,9,2 8,11,1 11,2 11,6 8,6 9,5 11,6 11,7 11
2 5 6 7 8 9 11,0.0324575,19.7315,Yes,N/A,2,N/A,N/A,5,6,7,8,9,2 8,11,5 7,2 11,5 9,6 9,5 11,6 11,7 11
1 2 5 6 7 8 9 11 13,0.0327198,20.0463,Yes,N/A,2,1 2,N/A,5,6,7,8,9,2 8,11,1 11,13,1 13,2 13,7 9,6 11,5 13
2 5 6 7 8 9 12 13,0.013774,28.7593,Yes,N/A,2,N/A,N/A,5,6,7,8,9,2 8,5 6,12,13,2 12,2 13,7 9,5 12,5 13
1 2 5 6 7 8 9 11 12,0.0390002,18.5231,Yes,N/A,2,1 2,N/A,5,6,7,8,9,1 9,11,12,1 12,2 12,6 9,5 11,5 12,6 12
2 5 6 7 8 9 11 13,0.0150445,28.4444,Yes,N/A,2,N/A,N/A,5,6,7,8,9,2 8,11,5 7,13,5 9,2 13,5 11,6 11,5 13
2 5 6 7 8 9 11 12,0.0199648,25.3843,Yes,N/A,2,N/A,N/A,5,6,7,8,9,2 8,11,12,6 7,5 9,6 9,5 11,6 11,7 11
1 2 5 6 7 8 9 11 12 13,0.0232518,25.3981,Yes,N/A,2,1 2,N/A,5,6,7,8,9,1 9,11,12,13,1 13,2 13,5 11,5 12,6 12
2 5 6 7 8 10 11 12 13,0.00974254,34.5972,Yes,N/A,2,N/A,N/A,5,6,7,8,2 7,10,11,12,13,2 12,5 10,6 10,5 12,5 13
1 2 5 6 7 8 9 10,0.0670992,11.5787,Yes,N/A,2,1 2,N/A,5,6,7,8,9,10,1 10,2 10,6 7,6 8,6 9,6 10,7 10,8 10
2 5 6 7 8 9 10,0.0395187,16.8333,Yes,N/A,2,N/A,N/A,5,6,7,8,9,10,2 9,2 10,6 7,5 9,7 8,6 10,8 9,8 10
1 2 5 6 7 8 9 10 13,0.0381937,18.2454,Yes,N/A,2,1 2,N/A,5,6,7,8,9,10,1 10,5 7,13,1 13,2 13,6 10,7 10,5 13
1 2 5 6 7 8 9 10 12,0.0454379,16.2083,Yes,N/A,2,1 2,N/A,5,6,7,8,9,10,1 10,12,1 12,2 12,7 8,7 9,7 10,6 12
2 5 6 7 8 9 10 13,0.0190323,25.0556,Yes,N/A,2,N/A,N/A,5,6,7,8,9,10,2 9,5 7,13,6 8,2 13,6 10,8 9,5 13
2 5 6 7 8 9 10 12,0.023243,22.9722,Yes,N/A,2,N/A,N/A,5,6,7,8,9,10,2 9,12,5 8,2 12,5 10,6 10,7 10,6 12
1 2 5 6 7 8 9 10 12 13,0.0274704,22.6806,Yes,N/A,2,1 2,N/A,5,6,7,8,9,10,1 10,12,13,1 13,2 13,7 9,7 10,5 13
2 5 6 7 8 9 11 12 13,0.0104375,33.8241,Yes,N/A,2,N/A,N/A,5,6,7,8,9,2 8,11,12,13,5 9,6 9,5 11,6 11,5 13
1 2 5 6 7 8 9 10 11,0.0514491,14.912,Yes,N/A,2,1 2,N/A,5,6,7,8,9,10,11,1 11,2 11,6 8,6 9,6 10,6 11,7 11
2 5 6 7 8 9 10 11,0.0269226,21.5046,Yes,N/A,2,N/A,N/A,5,6,7,8,9,10,11,5 7,2 11,5 9,6 9,5 11,6 11,7 11
1 2 5 6 7 8 9 10 11 13,0.0312984,21.1713,Yes,N/A,2,1 2,N/A,5,6,7,8,9,10,11,1 11,13,1 13,2 13,6 10,6 11,7 11
2 5 6 7 8 9 10 12 13,0.0128621,30.213,Yes,N/A,2,N/A,N/A,5,6,7,8,9,10,5 6,12,13,2 12,2 13,6 10,7 10,5 13
1 2 5 6 7 8 9 10 11 12,0.0369188,19.25,Yes,N/A,2,1 2,N/A,5,6,7,8,9,10,11,12,1 12,2 12,6 9,5 11,6 11,6 12
2 5 6 7 8 9 10 11 13,0.0145275,29.3704,Yes,N/A,2,N/A,N/A,5,6,7,8,9,10,11,5 7,13,5 9,2 13,5 11,6 11,5 13
2 5 6 7 8 9 10 11 12,0.017923,26.4537,Yes,N/A,2,N/A,N/A,5,6,7,8,9,10,11,12,2 11,2 12,5 10,5 11,5 12,6 12
1 2 5 6 7 8 9 10 11 12 13,0.0244252,25.0556,Yes,N/A,2,1 2,N/A,5,6,7,8,9,10,11,12,13,1 13,2 13,6 10,6 11,6 12
1 2 4,0.0772891,5.96296,Yes,N/A,2,1 2,4,1 4,2 4,1 2 4,N/A,N/A,N/A,N/A,N/A,N/A,N/A,N/A,N/A,N/A,N/A
2 4,0.0462963,5.66667,Yes,N/A,2,N/A,4,N/A,2 4,N/A,N/A,N/A,N/A,N/A,N/A,N/A,N/A,N/A,N/A,N/A,N/A
1 2 4 13,0.0251575,14.5833,Yes,N/A,2,1 2,4,1 4,2 4,1 2 4,N/A,N/A,N/A,N/A,N/A,13,1 13,2 13,1 2 13,4 13,1 4 13
1 2 4 12,0.0334023,12.0231,Yes,N/A,2,1 2,4,1 4,2 4,1 2 4,N/A,N/A,N/A,N/A,12,1 12,2 12,1 2 12,4 12,1 4 12,2 4 12
2 4 13,0.0102881,16.2083,Yes,N/A,2,N/A,4,N/A,2 4,N/A,N/A,N/A,N/A,N/A,N/A,13,N/A,2 13,N/A,4 13,N/A
2 4 12,0.0172754,14.4583,Yes,N/A,2,N/A,4,N/A,2 4,N/A,N/A,N/A,N/A,N/A,12,N/A,2 12,N/A,4 12,N/A,2 4 12
1 2 4 12 13,0.0147762,23.1157,Yes,N/A,2,1 2,4,1 4,2 4,1 2 4,N/A,N/A,N/A,N/A,12,13,1 13,2 13,4 12,4 13,1 4 13
1 2 4 11,0.0452085,9.51852,Yes,N/A,2,1 2,4,1 4,2 4,1 2 4,N/A,N/A,N/A,11,1 11,2 11,1 2 11,4 11,1 4 11,2 4 11,1 2 4 11
2 4 11,0.0281636,12.7407,Yes,N/A,2,N/A,4,N/A,2 4,N/A,N/A,N/A,N/A,11,N/A,2 11,N/A,4 11,N/A,2 4 11,N/A
1 2 4 11 13,0.0207189,19.9907,Yes,N/A,2,1 2,4,1 4,2 4,1 2 4,N/A,N/A,N/A,11,1 11,13,1 13,2 13,1 2 13,4 13,1 4 13
2 4 12 13,0.00953611,24.1944,Yes,N/A,2,N/A,4,N/A,2 4,N/A,N/A,N/A,N/A,N/A,12,13,2 12,2 13,4 12,4 13,2 4 12
1 2 4 11 12,0.028239,18.5278,Yes,N/A,2,1 2,4,1 4,2 4,1 2 4,N/A,N/A,N/A,11,12,1 12,2 12,4 11,4 12,1 4 12,2 4 12
2 4 11 13,0.00909583,24.8148,Yes,N/A,2,N/A,4,N/A,2 4,N/A,N/A,N/A,N/A,11,N/A,13,N/A,2 13,N/A,4 13,N/A
2 4 11 12,0.0218836,20.088,Yes,N/A,2,N/A,4,N/A,2 4,N/A,N/A,N/A,N/A,11,12,2 11,2 12,4 11,4 12,2 4 11,2 4 12
1 2 4 11 12 13,0.0133413,29.3148,Yes,N/A,2,1 2,4,1 4,2 4,1 2 4,N/A,N/A,N/A,11,12,13,1 13,2 13,4 12,4 13,1 4 13
1 2 4 10,0.0597404,7.25926,Yes,N/A,2,1 2,4,1 4,2 4,1 2 4,N/A,N/A,10,1 10,2 10,1 2 10,4 10,1 4 10,2 4 10,1 2 4 10,N/A
2 4 10,0.0425669,11.2361,Yes,N/A,2,N/A,4,N/A,2 4,N/A,N/A,N/A,10,N/A,2 10,N/A,4 10,N/A,2 4 10,N/A,N/A
1 2 4 10 13,0.0278126,17.1852,Yes,N/A,2,1 2,4,1 4,2 4,1 2 4,N/A,N/A,10,1 10,2 10,13,1 13,2 13,1 2 13,4 13,1 4 13
1 2 4 10 12,0.0375522,15.6852,Yes,N/A,2,1 2,4,1 4,2 4,1 2 4,N/A,N/A,10,1 10,12,1 12,2 12,1 2 12,4 12,1 4 12,2 4 12
2 4 10 13,0.019842,20.7269,Yes,N/A,2,N/A,4,N/A,2 4,N/A,N/A,N/A,10,N/A,2 10,13,4 10,2 13,2 4 10,4 13,N/A
2 4 10 12,0.0177103,21.8935,Yes,N/A,2,N/A,4,N/A,2 4,N/A,N/A,N/A,10,N/A,12,N/A,2 12,N/A,4 12,N/A,2 4 12
1 2 4 10 12 13,0.0181982,25.625,Yes,N/A,2,1 2,4,1 4,2 4,1 2 4,N/A,N/A,10,1 10,12,13,2 12,2 13,4 12,4 13,2 4 12
2 4 11 12 13,0.00824296,31.5093,Yes,N/A,2,N/A,4,N/A,2 4,N/A,N/A,N/A,N/A,11,12,13,2 12,4 11,4 12,4 13,2 4 12
1 2 4 10 11,0.0489893,14.1944,Yes,N/A,2,1 2,4,1 4,2 4,1 2 4,N/A,N/A,10,11,1 11,2 11,4 10,4 11,1 4 11,2 4 11,1 2 4 11
2 4 10 11,0.0411951,16.4398,Yes,N/A,2,N/A,4,N/A,2 4,N/A,N/A,N/A,10,11,2 10,2 11,4 10,4 11,2 4 10,2 4 11,N/A
1 2 4 10 11 13,0.0231365,23.9074,Yes,N/A,2,1 2,4,1 4,2 4,1 2 4,N/A,N/A,10,11,1 11,13,1 13,4 11,2 4 10,4 13,1 4 13
2 4 10 12 13,0.0100713,30.4028,Yes,N/A,2,N/A,4,N/A,2 4,N/A,N/A,N/A,10,N/A,12,13,4 10,2 13,4 12,4 13,2 4 12
1 2 4 10 11 12,0.0290612,22.6481,Yes,N/A,2,1 2,4,1 4,2 4,1 2 4,N/A,N/A,10,11,12,1 12,2 12,4 11,4 12,1 4 12,2 4 12
2 4 10 11 13,0.0141066,27.3519,Yes,N/A,2,N/A,4,N/A,2 4,N/A,N/A,N/A,10,11,2 10,13,4 10,2 13,2 4 10,4 13,N/A
2 4 10 11 12,0.0190701,25.6991,Yes,N/A,2,N/A,4,N/A,2 4,N/A,N/A,N/A,10,11,12,2 11,4 10,4 11,4 12,2 4 11,2 4 12
1 2 4 10 11 12 13,0.0144,32.7269,Yes,N/A,2,1 2,4,1 4,2 4,1 2 4,N/A,N/A,10,11,12,13,1 13,2 13,4 12,4 13,1 4 13
1 2 4 9,0.0766122,5.39815,Yes,N/A,2,1 2,4,1 4,2 4,1 2 4,N/A,9,1 9,2 9,1 2 9,4 9,1 4 9,2 4 9,1 2 4 9,N/A,N/A
2 4 9,0.0604853,9.91667,Yes,N/A,2,N/A,4,N/A,2 4,N/A,N/A,9,N/A,2 9,N/A,4 9,N/A,2 4 9,N/A,N/A,N/A
1 2 4 9 13,0.034867,14.7083,Yes,N/A,2,1 2,4,1 4,2 4,1 2 4,N/A,9,1 9,2 9,1 2 9,13,1 13,2 13,1 2 13,4 13,1 4 13
1 2 4 9 12,0.0487075,12.9537,Yes,N/A,2,1 2,4,1 4,2 4,1 2 4,N/A,9,1 9,2 9,12,1 12,2 12,1 2 12,4 12,1 4 12,2 4 12
2 4 9 13,0.0170593,21.4722,Yes,N/A,2,N/A,4,N/A,2 4,N/A,N/A,9,N/A,2 9,N/A,13,N/A,2 13,N/A,4 13,N/A
2 4 9 12,0.0378325,16.963,Yes,N/A,2,N/A,4,N/A,2 4,N/A,N/A,9,N/A,2 9,12,4 9,2 12,2 4 9,4 12,N/A,2 4 12
1 2 4 9 12 13,0.0231565,22.338,Yes,N/A,2,1 2,4,1 4,2 4,1 2 4,N/A,9,1 9,2 9,12,13,1 13,2 13,4 12,4 13,1 4 13
1 2 4 9 11,0.0612344,11.5,Yes,N/A,2,1 2,4,1 4,2 4,1 2 4,N/A,9,1 9,11,1 11,2 11,1 2 11,4 11,1 4 11,2 4 11,1 2 4 11
2 4 9 11,0.0298488,19.0602,Yes,N/A,2,N/A,4,N/A,2 4,N/A,N/A,9,N/A,11,N/A,2 11,N/A,4 11,N/A,2 4 11,N/A
1 2 4 9 11 13,0.0258496,21.25,Yes,N/A,2,1 2,4,1 4,2 4,1 2 4,N/A,9,1 9,11,1 11,13,1 13,2 13,1 2 13,4 13,1 4 13
2 4 9 12 13,0.0125846,27.662,Yes,N/A,2,N/A,4,N/A,2 4,N/A,N/A,9,N/A,2 9,12,13,2 12,2 13,4 12,4 13,2 4 12
1 2 4 9 11 12,0.0377748,18.8935,Yes,N/A,2,1 2,4,1 4,2 4,1 2 4,N/A,9,1 9,11,12,2 11,2 12,4 11,4 12,2 4 11,2 4 12
2 4 9 11 13,0.00884934,31.1296,Yes,N/A,2,N/A,4,N/A,2 4,N/A,N/A,9,N/A,11,N/A,13,N/A,2 13,N/A,4 13,N/A
2 4 9 11 12,0.0214901,25.0139,Yes,N/A,2,N/A,4,N/A,2 4,N/A,N/A,9,N/A,11,12,4 9,2 12,4 11,4 12,2 4 11,2 4 12
1 2 4 9 11 12 13,0.0178859,28.5185,Yes,N/A,2,1 2,4,1 4,2 4,1 2 4,N/A,9,1 9,11,12,13,2 12,2 13,4 12,4 13,2 4 12
2 4 10 11 12 13,0.00818271,36.3009,Yes,N/A,2,N/A,4,N/A,2 4,N/A,N/A,N/A,10,11,12,13,2 12,2 13,4 12,4 13,2 4 12
1 2 4 9 10,0.0747098,10.3472,Yes,N/A,2,1 2,4,1 4,2 4,1 2 4,N/A,9,10,1 10,2 10,4 9,4 10,1 4 10,2 4 10,1 2 4 10,N/A
2 4 9 10,0.0643076,13.3009,Yes,N/A,2,N/A,4,N/A,2 4,N/A,N/A,9,10,2 9,2 10,4 9,4 10,2 4 9,2 4 10,N/A,N/A
1 2 4 9 10 13,0.0331667,19.6019,Yes,N/A,2,1 2,4,1 4,2 4,1 2 4,N/A,9,10,2 9,2 10,13,1 13,2 13,1 2 13,4 13,1 4 13
1 2 4 9 10 12,0.0441153,17.5046,Yes,N/A,2,1 2,4,1 4,2 4,1 2 4,N/A,9,10,1 10,12,1 12,4 10,2 4 9,4 12,1 4 12,2 4 12
2 4 9 10 13,0.0209745,23.5694,Yes,N/A,2,N/A,4,N/A,2 4,N/A,N/A,9,10,2 9,2 10,13,4 10,2 13,2 4 10,4 13,N/A
2 4 9 10 12,0.0269782,22.1759,Yes,N/A,2,N/A,4,N/A,2 4,N/A,N/A,9,10,2 9,12,4 9,2 12,2 4 9,4 12,N/A,2 4 12
1 2 4 9 10 12 13,0.0212885,26.6713,Yes,N/A,2,1 2,4,1 4,2 4,1 2 4,N/A,9,10,1 10,12,13,1 13,2 13,4 12,4 13,1 4 13
2 4 9 11 12 13,0.00792598,36.25,Yes,N/A,2,N/A,4,N/A,2 4,N/A,N/A,9,N/A,11,12,13,2 12,4 11,4 12,4 13,2 4 12
1 2 4 9 10 11,0.0505957,16.6852,Yes,N/A,2,1 2,4,1 4,2 4,1 2 4,N/A,9,10,11,1 11,2 11,4 10,4 11,1 4 11,2 4 11,1 2 4 11
2 4 9 10 11,0.0332879,20.8102,Yes,N/A,2,N/A,4,N/A,2 4,N/A,N/A,9,10,11,2 10,4 9,4 10,4 11,2 4 10,2 4 11,N/A
1 2 4 9 10 11 13,0.024231,25.3796,Yes,N/A,2,1 2,4,1 4,2 4,1 2 4,N/A,9,10,11,1 11,13,1 13,2 13,1 4 11,4 13,1 4 13
2 4 9 10 12 13,0.0120375,31.6481,Yes,N/A,2,N/A,4,N/A,2 4,N/A,N/A,9,10,2 9,12,13,4 10,2 13,4 12,4 13,2 4 12
1 2 4 9 10 11 12,0.03055,23.9537,Yes,N/A,2,1 2,4,1 4,2 4,1 2 4,N/A,9,10,11,12,1 12,2 12,4 11,4 12,1 4 12,2 4 12
2 4 9 10 11 13,0.0122607,31.4306,Yes,N/A,2,N/A,4,N/A,2 4,N/A,N/A,9,10,11,2 10,13,4 10,4 11,2 4 10,4 13,N/A
2 4 9 10 11 12,0.0174044,28.9398,Yes,N/A,2,N/A,4,N/A,2 4,N/A,N/A,9,10,11,12,2 11,2 12,4 11,4 12,2 4 11,2 4 12
1 2 4 9 10 11 12 13,0.0163563,32.8148,Yes,N/A,2,1 2,4,1 4,2 4,1 2 4,N/A,9,10,11,12,13,1 13,2 13,4 12,4 13,1 4 13
1 2 4 8,0.0956951,4.18981,Yes,N/A,2,1 2,4,1 4,2 4,1 2 4,8,1 8,2 8,1 2 8,4 8,1 4 8,2 4 8,1 2 4 8,N/A,N/A,N/A
2 4 8,0.0819187,8.96759,Yes,N/A,2,N/A,4,N/A,2 4,N/A,8,N/A,2 8,N/A,4 8,N/A,2 4 8,N/A,N/A,N/A,N/A
1 2 4 8 13,0.0435308,12.6852,Yes,N/A,2,1 2,4,1 4,2 4,1 2 4,8,1 8,2 8,1 2 8,4 8,13,1 13,2 13,1 2 13,4 13,1 4 13
1 2 4 8 12,0.0586239,11.0417,Yes,N/A,2,1 2,4,1 4,2 4,1 2 4,8,1 8,2 8,1 2 8,12,1 12,2 12,1 2 12,4 12,1 4 12,2 4 12
2 4 8 13,0.0317055,18.1991,Yes,N/A,2,N/A,4,N/A,2 4,N/A,8,N/A,2 8,N/A,4 8,13,2 4 8,2 13,N/A,4 13,N/A
2 4 8 12,0.0288137,18.7731,Yes,N/A,2,N/A,4,N/A,2 4,N/A,8,N/A,2 8,N/A,12,N/A,2 12,N/A,4 12,N/A,2 4 12
1 2 4 8 12 13,0.0250742,20.4306,Yes,N/A,2,1 2,4,1 4,2 4,1 2 4,8,1 8,2 8,1 2 8,12,13,1 13,2 13,4 12,4 13,1 4 13
1 2 4 8 11,0.0749296,9.37963,Yes,N/A,2,1 2,4,1 4,2 4,1 2 4,8,1 8,2 8,11,1 11,2 11,1 2 11,4 11,1 4 11,2 4 11,1 2 4 11
2 4 8 11,0.0596065,13.9444,Yes,N/A,2,N/A,4,N/A,2 4,N/A,8,N/A,2 8,11,4 8,2 11,2 4 8,4 11,N/A,2 4 11,N/A
1 2 4 8 11 13,0.03429,17.8796,Yes,N/A,2,1 2,4,1 4,2 4,1 2 4,8,1 8,2 8,11,1 11,13,1 13,2 13,1 2 13,4 13,1 4 13
2 4 8 12 13,0.0134324,27.3056,Yes,N/A,2,N/A,4,N/A,2 4,N/A,8,N/A,2 8,N/A,12,13,2 12,2 13,4 12,4 13,2 4 12
1 2 4 8 11 12,0.0449626,16.1806,Yes,N/A,2,1 2,4,1 4,2 4,1 2 4,8,1 8,2 8,11,12,1 12,2 12,4 11,4 12,1 4 12,2 4 12
2 4 8 11 13,0.0194897,24.7639,Yes,N/A,2,N/A,4,N/A,2 4,N/A,8,N/A,2 8,11,4 8,13,2 4 8,2 13,N/A,4 13,N/A
2 4 8 11 12,0.024096,22.6019,Yes,N/A,2,N/A,4,N/A,2 4,N/A,8,N/A,2 8,11,12,2 11,2 12,4 11,4 12,2 4 11,2 4 12
1 2 4 8 11 12 13,0.0214287,25.0509,Yes,N/A,2,1 2,4,1 4,2 4,1 2 4,8,1 8,2 8,11,12,13,1 13,4 11,4 12,4 13,1 4 13
1 2 4 8 10,0.087457,8.48148,Yes,N/A,2,1 2,4,1 4,2 4,1 2 4,8,1 8,10,1 10,2 10,1 2 10,4 10,1 4 10,2 4 10,1 2 4 10,8 10
2 4 8 10,0.0415515,16.7176,Yes,N/A,2,N/A,4,N/A,2 4,N/A,8,N/A,10,N/A,2 10,N/A,4 10,N/A,2 4 10,N/A,8 10
1 2 4 8 10 13,0.0424119,16.3796,Yes,N/A,2,1 2,4,1 4,2 4,1 2 4,8,1 8,10,1 10,4 8,13,4 10,2 13,1 2 13,4 13,8 10
1 2 4 8 10 12,0.0451236,15.7963,Yes,N/A,2,1 2,4,1 4,2 4,1 2 4,8,1 8,10,1 10,12,1 12,2 12,1 2 12,4 12,1 4 12,8 10
2 4 8 10 13,0.0198865,24.9491,Yes,N/A,2,N/A,4,N/A,2 4,N/A,8,N/A,10,N/A,4 8,13,4 10,2 13,2 4 10,4 13,8 10
2 4 8 10 12,0.0149475,27.2407,Yes,N/A,2,N/A,4,N/A,2 4,N/A,8,N/A,10,N/A,12,N/A,2 12,N/A,4 12,N/A,8 10
1 2 4 8 10 12 13,0.0240884,23.4074,Yes,N/A,2,1 2,4,1 4,2 4,1 2 4,8,1 8,10,1 10,12,13,2 12,2 13,4 12,4 13,2 4 12
2 4 8 11 12 13,0.0105618,32.5278,Yes,N/A,2,N/A,4,N/A,2 4,N/A,8,N/A,2 8,11,12,13,2 12,4 11,4 12,4 13,2 4 12
1 2 4 8 10 11,0.0617318,13.5046,Yes,N/A,2,1 2,4,1 4,2 4,1 2 4,8,1 8,10,11,2 10,2 11,4 10,4 11,2 4 10,2 4 11,8 10
2 4 8 10 11,0.0342896,20.0648,Yes,N/A,2,N/A,4,N/A,2 4,N/A,8,N/A,10,11,4 8,2 11,4 10,4 11,2 4 10,2 4 11,8 10
1 2 4 8 10 11 13,0.0299755,21.5694,Yes,N/A,2,1 2,4,1 4,2 4,1 2 4,8,1 8,10,11,2 10,13,4 10,2 13,1 2 13,4 13,8 10
2 4 8 10 12 13,0.00889916,34.7361,Yes,N/A,2,N/A,4,N/A,2 4,N/A,8,N/A,10,N/A,12,13,2 12,2 13,4 12,4 13,8 10
1 2 4 8 10 11 12,0.0355526,20.0463,Yes,N/A,2,1 2,4,1 4,2 4,1 2 4,8,1 8,10,11,12,2 11,2 12,4 11,4 12,2 4 11,8 10
2 4 8 10 11 13,0.0139203,30.1944,Yes,N/A,2,N/A,4,N/A,2 4,N/A,8,N/A,10,11,2 10,13,4 10,2 13,2 4 10,4 13,8 10
2 4 8 10 11 12,0.0153962,29.3056,Yes,N/A,2,N/A,4,N/A,2 4,N/A,8,N/A,10,11,12,2 11,4 10,4 11,4 12,2 4 11,8 10
1 2 4 8 10 11 12 13,0.0193748,28.2454,Yes,N/A,2,1 2,4,1 4,2 4,1 2 4,8,1 8,10,11,12,13,2 12,2 13,4 12,4 13,2 4 12
2 4 9 10 11 12 13,0.00814856,38.8889,Yes,N/A,2,N/A,4,N/A,2 4,N/A,N/A,9,10,11,12,13,2 12,2 13,4 12,4 13,2 4 12
1 2 4 8 9,0.100928,7.35648,Yes,N/A,2,1 2,4,1 4,2 4,1 2 4,8,9,1 9,2 9,4 8,4 9,1 4 9,2 4 9,1 2 4 9,8 9,1 8 9
2 4 8 9,0.084948,10.5787,Yes,N/A,2,N/A,4,N/A,2 4,N/A,8,9,2 8,2 9,4 8,4 9,2 4 8,2 4 9,N/A,8 9,N/A
1 2 4 8 9 13,0.0490473,15.2037,Yes,N/A,2,1 2,4,1 4,2 4,1 2 4,8,9,1 9,2 9,4 8,13,1 13,2 13,1 2 13,4 13,1 4 13
1 2 4 8 9 12,0.0553713,13.9398,Yes,N/A,2,1 2,4,1 4,2 4,1 2 4,8,9,2 8,2 9,12,1 12,2 12,1 2 12,4 12,8 9,2 4 12
2 4 8 9 13,0.0277753,20.9213,Yes,N/A,2,N/A,4,N/A,2 4,N/A,8,9,2 8,2 9,4 8,13,2 4 8,2 13,N/A,4 13,N/A
2 4 8 9 12,0.034248,18.6296,Yes,N/A,2,N/A,4,N/A,2 4,N/A,8,9,2 8,2 9,12,4 9,2 12,2 4 9,4 12,8 9,2 4 12
1 2 4 8 9 12 13,0.0267473,22.375,Yes,N/A,2,1 2,4,1 4,2 4,1 2 4,8,9,1 9,2 9,12,13,1 13,2 13,4 12,4 13,1 4 13
1 2 4 8 9 11,0.0668496,12.2917,Yes,N/A,2,1 2,4,1 4,2 4,1 2 4,8,9,1 9,11,1 11,4 9,2 4 8,4 11,1 4 11,8 9,1 8 9
2 4 8 9 11,0.039692,18.1481,Yes,N/A,2,N/A,4,N/A,2 4,N/A,8,9,2 8,11,4 8,2 11,2 4 8,4 11,N/A,8 9,N/A
1 2 4 8 9 11 13,0.0330976,20.1065,Yes,N/A,2,1 2,4,1 4,2 4,1 2 4,8,9,2 8,11,1 11,13,1 13,2 13,1 2 13,4 13,1 4 13
2 4 8 9 12 13,0.0138093,28.5,Yes,N/A,2,N/A,4,N/A,2 4,N/A,8,9,2 8,2 9,12,13,2 12,2 13,4 12,4 13,2 4 12
1 2 4 8 9 11 12,0.0398173,18.4861,Yes,N/A,2,1 2,4,1 4,2 4,1 2 4,8,9,1 9,11,12,1 12,2 12,4 11,4 12,8 9,2 4 12
2 4 8 9 11 13,0.0151509,28.6019,Yes,N/A,2,N/A,4,N/A,2 4,N/A,8,9,2 8,11,4 8,13,2 4 8,2 13,N/A,4 13,N/A
2 4 8 9 11 12,0.0220091,24.787,Yes,N/A,2,N/A,4,N/A,2 4,N/A,8,9,2 8,11,12,4 9,2 12,4 11,4 12,8 9,2 4 12
1 2 4 8 9 11 12 13,0.0212932,26.5463,Yes,N/A,2,1 2,4,1 4,2 4,1 2 4,8,9,1 9,11,12,13,1 13,2 13,4 12,4 13,1 4 13
2 4 8 10 11 12 13,0.0079105,38.8426,Yes,N/A,2,N/A,4,N/A,2 4,N/A,8,N/A,10,11,12,13,2 12,2 13,4 12,4 13,8 10
1 2 4 8 9 10,0.0713383,11.713,Yes,N/A,2,1 2,4,1 4,2 4,1 2 4,8,9,10,1 10,2 10,4 9,4 10,1 4 10,2 4 10,8 9,8 10
2 4 8 9 10,0.0454435,16.2824,Yes,N/A,2,N/A,4,N/A,2 4,N/A,8,9,10,2 9,4 8,4 9,4 10,2 4 9,2 4 10,8 9,8 10
1 2 4 8 9 10 13,0.0376599,19.0463,Yes,N/A,2,1 2,4,1 4,2 4,1 2 4,8,9,10,1 10,4 8,13,1 13,2 13,1 2 13,4 13,8 10
1 2 4 8 9 10 12,0.0419703,17.5046,Yes,N/A,2,1 2,4,1 4,2 4,1 2 4,8,9,10,1 10,12,1 12,2 12,1 2 12,4 12,8 9,8 10
2 4 8 9 10 13,0.0200456,25.1065,Yes,N/A,2,N/A,4,N/A,2 4,N/A,8,9,10,2 9,4 8,13,4 10,2 13,2 4 10,4 13,8 10
2 4 8 9 10 12,0.0207125,24.9213,Yes,N/A,2,N/A,4,N/A,2 4,N/A,8,9,10,2 9,12,4 9,2 12,2 4 9,4 12,8 9,8 10
1 2 4 8 9 10 12 13,0.0232533,25.1296,Yes,N/A,2,1 2,4,1 4,2 4,1 2 4,8,9,10,1 10,12,13,1 13,2 13,4 12,4 13,8 10
2 4 8 9 11 12 13,0.00996767,34.463,Yes,N/A,2,N/A,4,N/A,2 4,N/A,8,9,2 8,11,12,13,2 12,4 11,4 12,4 13,2 4 12
1 2 4 8 9 10 11,0.0487093,16.6111,Yes,N/A,2,1 2,4,1 4,2 4,1 2 4,8,9,10,11,1 11,2 11,4 10,4 11,1 4 11,8 9,8 10
2 4 8 9 10 11,0.0273463,22.5787,Yes,N/A,2,N/A,4,N/A,2 4,N/A,8,9,10,11,2 10,2 11,4 10,4 11,2 4 10,8 9,8 10
1 2 4 8 9 10 11 13,0.0270797,23.7917,Yes,N/A,2,1 2,4,1 4,2 4,1 2 4,8,9,10,11,1 11,13,1 13,2 13,1 2 13,4 13,8 10
2 4 8 9 10 12 13,0.0110052,33.0926,Yes,N/A,2,N/A,4,N/A,2 4,N/A,8,9,10,2 9,12,13,4 10,2 13,4 12,4 13,8 10
1 2 4 8 9 10 11 12,0.0317496,22.3843,Yes,N/A,2,1 2,4,1 4,2 4,1 2 4,8,9,10,11,12,1 12,2 12,4 11,4 12,8 9,8 10
2 4 8 9 10 11 13,0.0129414,31.9306,Yes,N/A,2,N/A,4,N/A,2 4,N/A,8,9,10,11,4 8,13,4 10,2 13,2 4 10,4 13,8 10
2 4 8 9 10 11 12,0.0156484,29.838,Yes,N/A,2,N/A,4,N/A,2 4,N/A,8,9,10,11,12,2 11,2 12,4 11,4 12,8 9,8 10
1 2 4 8 9 10 11 12 13,0.0191608,29.3241,Yes,N/A,2,1 2,4,1 4,2 4,1 2 4,8,9,10,11,12,13,1 13,2 13,4 12,4 13,8 10
1 2 4 7,0.112167,4.0463,Yes,N/A,2,1 2,4,1 4,2 4,7,1 7,2 7,1 2 7,4 7,1 4 7,2 4 7,1 2 4 7,N/A,N/A,N/A,N/A
2 4 7,0.106867,8.24074,Yes,N/A,2,N/A,4,N/A,2 4,7,N/A,2 7,N/A,4 7,N/A,2 4 7,N/A,N/A,N/A,N/A,N/A
1 2 4 7 13,0.0506381,12.1574,Yes,N/A,2,1 2,4,1 4,2 4,7,1 7,2 7,1 2 7,4 7,1 4 7,13,1 13,2 13,1 2 13,4 13,1 4 13
1 2 4 7 12,0.0678877,10.3981,Yes,N/A,2,1 2,4,1 4,2 4,7,1 7,2 7,1 2 7,4 7,12,1 12,2 12,1 2 12,4 12,1 4 12,2 4 12
2 4 7 13,0.0273223,19.1111,Yes,N/A,2,N/A,4,N/A,2 4,7,N/A,2 7,N/A,4 7,N/A,13,N/A,2 13,N/A,4 13,N/A
2 4 7 12,0.0506902,15.4306,Yes,N/A,2,N/A,4,N/A,2 4,7,N/A,2 7,N/A,4 7,12,2 4 7,2 12,N/A,4 12,N/A,2 4 12
1 2 4 7 12 13,0.0302098,19.3796,Yes,N/A,2,1 2,4,1 4,2 4,7,1 7,2 7,1 2 7,4 7,12,13,1 13,2 13,4 12,4 13,1 4 13
1 2 4 7 11,0.0830234,9.13426,Yes,N/A,2,1 2,4,1 4,2 4,7,1 7,2 7,1 2 7,11,1 11,2 11,1 2 11,4 11,1 4 11,2 4 11,7 11
2 4 7 11,0.0415595,16.6389,Yes,N/A,2,N/A,4,N/A,2 4,7,N/A,2 7,N/A,11,N/A,2 11,N/A,4 11,N/A,2 4 11,7 11
1 2 4 7 11 13,0.0336646,17.9954,Yes,N/A,2,1 2,4,1 4,2 4,7,1 7,2 7,1 2 7,11,1 11,13,1 13,4 11,1 4 11,4 13,7 11
2 4 7 12 13,0.0180641,24.9769,Yes,N/A,2,N/A,4,N/A,2 4,7,N/A,2 7,N/A,4 7,12,13,2 12,2 13,4 12,4 13,2 4 12
1 2 4 7 11 12,0.0451445,16.1713,Yes,N/A,2,1 2,4,1 4,2 4,7,1 7,2 7,1 2 7,11,12,2 11,2 12,4 11,4 12,1 4 12,7 11
2 4 7 11 13,0.0120852,28.1667,Yes,N/A,2,N/A,4,N/A,2 4,7,N/A,2 7,N/A,11,N/A,13,N/A,4 11,N/A,4 13,7 11
2 4 7 11 12,0.0234554,22.7083,Yes,N/A,2,N/A,4,N/A,2 4,7,N/A,2 7,N/A,11,12,2 11,2 12,4 11,4 12,2 4 11,7 11
1 2 4 7 11 12 13,0.0216146,24.6852,Yes,N/A,2,1 2,4,1 4,2 4,7,1 7,2 7,1 2 7,11,12,13,1 13,4 11,4 12,4 13,1 4 13
1 2 4 7 10,0.10056,7.83333,Yes,N/A,2,1 2,4,1 4,2 4,7,1 7,2 7,10,4 7,2 10,2 4 7,4 10,1 4 10,2 4 10,7 10,1 7 10
2 4 7 10,0.0787466,11.6852,Yes,N/A,2,N/A,4,N/A,2 4,7,N/A,2 7,10,4 7,2 10,2 4 7,4 10,N/A,2 4 10,7 10,N/A
1 2 4 7 10 13,0.0483952,15.3935,Yes,N/A,2,1 2,4,1 4,2 4,7,1 7,2 7,10,4 7,2 10,13,1 13,2 13,1 2 13,4 13,1 4 13
1 2 4 7 10 12,0.05621,13.8426,Yes,N/A,2,1 2,4,1 4,2 4,7,1 7,2 7,10,1 10,12,1 12,2 12,1 2 12,4 12,7 10,2 4 12
2 4 7 10 13,0.0274399,20.8194,Yes,N/A,2,N/A,4,N/A,2 4,7,N/A,2 7,10,4 7,2 10,13,4 10,2 13,2 4 10,4 13,N/A
2 4 7 10 12,0.0313771,20.2963,Yes,N/A,2,N/A,4,N/A,2 4,7,N/A,2 7,10,4 7,12,2 4 7,2 12,N/A,4 12,7 10,2 4 12
1 2 4 7 10 12 13,0.0280483,21.8796,Yes,N/A,2,1 2,4,1 4,2 4,7,1 7,2 7,10,1 10,12,13,1 13,2 13,4 12,4 13,2 4 12
2 4 7 11 12 13,0.00932862,33.1065,Yes,N/A,2,N/A,4,N/A,2 4,7,N/A,2 7,N/A,11,12,13,2 12,4 11,4 12,4 13,7 11
1 2 4 7 10 11,0.0673167,12.3843,Yes,N/A,2,1 2,4,1 4,2 4,7,1 7,2 7,10,11,1 11,2 11,4 10,4 11,1 4 11,7 10,7 11
2 4 7 10 11,0.0352366,18.1713,Yes,N/A,2,N/A,4,N/A,2 4,7,N/A,2 7,10,11,2 10,2 11,4 10,4 11,2 4 10,7 10,7 11
1 2 4 7 10 11 13,0.0321557,20.1944,Yes,N/A,2,1 2,4,1 4,2 4,7,1 7,2 7,10,11,1 11,13,1 13,4 11,1 4 11,4 13,7 11
2 4 7 10 12 13,0.0144823,28.75,Yes,N/A,2,N/A,4,N/A,2 4,7,N/A,2 7,10,4 7,12,13,4 10,2 13,4 12,4 13,2 4 12
1 2 4 7 10 11 12,0.0393746,18.8472,Yes,N/A,2,1 2,4,1 4,2 4,7,1 7,2 7,10,11,12,1 12,4 10,4 11,4 12,7 10,7 11
2 4 7 10 11 13,0.0140459,28.287,Yes,N/A,2,N/A,4,N/A,2 4,7,N/A,2 7,10,11,2 10,13,4 10,4 11,2 4 10,4 13,7 11
2 4 7 10 11 12,0.0190927,25.9722,Yes,N/A,2,N/A,4,N/A,2 4,7,N/A,2 7,10,11,12,2 11,4 10,4 11,4 12,7 10,7 11
1 2 4 7 10 11 12 13,0.0212002,26.7361,Yes,N/A,2,1 2,4,1 4,2 4,7,1 7,2 7,10,11,12,13,1 13,4 11,4 12,4 13,7 11
1 2 4 7 9,0.104374,7.03704,Yes,N/A,2,1 2,4,1 4,2 4,7,1 7,9,1 9,4 7,1 4 7,4 9,1 4 9,2 4 9,7 9,1 7 9,2 7 9
2 4 7 9,0.0505339,14.4398,Yes,N/A,2,N/A,4,N/A,2 4,7,N/A,9,N/A,4 7,N/A,4 9,N/A,2 4 9,7 9,N/A,2 7 9
1 2 4 7 9 13,0.0476308,15.1806,Yes,N/A,2,1 2,4,1 4,2 4,7,1 7,9,1 9,4 7,1 4 7,13,1 13,2 13,7 9,4 13,1 4 13
1 2 4 7 9 12,0.0645086,12.5556,Yes,N/A,2,1 2,4,1 4,2 4,7,1 7,9,1 9,4 7,12,4 9,2 12,1 2 12,4 12,1 4 12,2 4 12
2 4 7 9 13,0.0171943,25.4491,Yes,N/A,2,N/A,4,N/A,2 4,7,N/A,9,N/A,4 7,N/A,13,N/A,2 13,7 9,4 13,2 7 9
2 4 7 9 12,0.0293086,20.8102,Yes,N/A,2,N/A,4,N/A,2 4,7,N/A,9,N/A,4 7,12,4 9,2 12,2 4 9,4 12,N/A,2 4 12
1 2 4 7 9 12 13,0.0316048,20.5231,Yes,N/A,2,1 2,4,1 4,2 4,7,1 7,9,1 9,4 7,12,13,2 12,2 13,4 12,4 13,2 4 12
1 2 4 7 9 11,0.062389,12.4861,Yes,N/A,2,1 2,4,1 4,2 4,7,1 7,9,1 9,11,1 11,2 11,1 2 11,4 11,7 9,2 4 11,7 11
2 4 7 9 11,0.0216968,23.3241,Yes,N/A,2,N/A,4,N/A,2 4,7,N/A,9,N/A,11,N/A,2 11,N/A,4 11,7 9,2 4 11,7 11
1 2 4 7 9 11 13,0.0284781,21.4907,Yes,N/A,2,1 2,4,1 4,2 4,7,1 7,9,1 9,11,1 11,13,1 13,2 13,7 9,4 13,7 11
2 4 7 9 12 13,0.012597,30.625,Yes,N/A,2,N/A,4,N/A,2 4,7,N/A,9,N/A,4 7,12,13,2 12,2 13,4 12,4 13,2 4 12
1 2 4 7 9 11 12,0.0415037,17.5556,Yes,N/A,2,1 2,4,1 4,2 4,7,1 7,9,1 9,11,12,2 11,2 12,4 11,4 12,2 4 11,7 11
2 4 7 9 11 13,0.00797625,35.1065,Yes,N/A,2,N/A,4,N/A,2 4,7,N/A,9,N/A,11,N/A,13,N/A,2 13,7 9,4 13,7 11
2 4 7 9 11 12,0.0156468,28.4444,Yes,N/A,2,N/A,4,N/A,2 4,7,N/A,9,N/A,11,12,4 9,2 12,4 11,7 9,2 4 11,7 11
1 2 4 7 9 11 12 13,0.02147,25.8796,Yes,N/A,2,1 2,4,1 4,2 4,7,1 7,9,1 9,11,12,13,2 12,2 13,4 12,4 13,7 11
2 4 7 10 11 12 13,0.00931342,35.1759,Yes,N/A,2,N/A,4,N/A,2 4,7,N/A,2 7,10,11,12,13,4 10,4 11,4 12,4 13,7 11
1 2 4 7 9 10,0.0793595,10.2037,Yes,N/A,2,1 2,4,1 4,2 4,7,1 7,9,10,2 9,2 10,4 9,4 10,2 4 9,7 9,7 10,1 7 10
2 4 7 9 10,0.0440116,16.0463,Yes,N/A,2,N/A,4,N/A,2 4,7,N/A,9,10,4 7,2 10,4 9,4 10,2 4 9,7 9,7 10,2 7 9
1 2 4 7 9 10 13,0.0408279,17.6111,Yes,N/A,2,1 2,4,1 4,2 4,7,1 7,9,10,4 7,2 10,13,1 13,2 13,7 9,7 10,1 4 13
1 2 4 7 9 10 12,0.0476016,16.0602,Yes,N/A,2,1 2,4,1 4,2 4,7,1 7,9,10,2 9,12,1 12,2 12,1 2 12,4 12,7 10,1 7 10
2 4 7 9 10 13,0.0188004,25.5648,Yes,N/A,2,N/A,4,N/A,2 4,7,N/A,9,10,4 7,2 10,13,4 10,2 13,7 9,4 13,2 7 9
2 4 7 9 10 12,0.0223299,24.1713,Yes,N/A,2,N/A,4,N/A,2 4,7,N/A,9,10,2 9,12,4 9,2 12,2 4 9,4 12,7 10,2 7 9
1 2 4 7 9 10 12 13,0.0266122,23.2269,Yes,N/A,2,1 2,4,1 4,2 4,7,1 7,9,10,2 9,12,13,2 12,2 13,4 12,4 13,2 4 12
2 4 7 9 11 12 13,0.00709916,39.1759,Yes,N/A,2,N/A,4,N/A,2 4,7,N/A,9,N/A,11,12,13,2 12,4 11,7 9,4 13,7 11
1 2 4 7 9 10 11,0.0534066,14.8287,Yes,N/A,2,1 2,4,1 4,2 4,7,1 7,9,10,11,2 10,2 11,4 10,4 11,7 9,7 10,7 11
2 4 7 9 10 11,0.0242146,23.3102,Yes,N/A,2,N/A,4,N/A,2 4,7,N/A,9,10,11,2 10,2 11,4 10,4 11,7 9,7 10,7 11
1 2 4 7 9 10 11 13,0.0283697,22.3102,Yes,N/A,2,1 2,4,1 4,2 4,7,1 7,9,10,11,2 10,13,4 10,2 13,7 9,4 13,7 11
2 4 7 9 10 12 13,0.0116988,32.6852,Yes,N/A,2,N/A,4,N/A,2 4,7,N/A,9,10,4 7,12,13,4 10,2 13,4 12,4 13,2 7 9
1 2 4 7 9 10 11 12,0.0354832,20.1389,Yes,N/A,2,1 2,4,1 4,2 4,7,1 7,9,10,11,12,2 11,2 12,4 11,4 12,7 10,7 11
2 4 7 9 10 11 13,0.0109283,33.375,Yes,N/A,2,N/A,4,N/A,2 4,7,N/A,9,10,11,2 10,13,4 10,2 13,7 9,4 13,7 11
2 4 7 9 10 11 12,0.0149461,30.2407,Yes,N/A,2,N/A,4,N/A,2 4,7,N/A,9,10,11,12,2 11,2 12,4 11,7 9,7 10,7 11
1 2 4 7 9 10 11 12 13,0.0208699,27.3704,Yes,N/A,2,1 2,4,1 4,2 4,7,1 7,9,10,11,12,13,2 12,2 13,4 12,4 13,7 11
2 4 8 9 10 11 12 13,0.00865007,38.375,Yes,N/A,2,N/A,4,N/A,2 4,N/A,8,9,10,11,12,13,2 12,2 13,4 12,4 13,8 10
1 2 4 7 8,0.114842,6.39352,Yes,N/A,2,1 2,4,1 4,2 4,7,8,2 7,2 8,4 7,4 8,1 4 8,2 4 8,7 8,1 7 8,2 7 8,1 2 7 8
2 4 7 8,0.0948002,8.625,Yes,N/A,2,N/A,4,N/A,2 4,7,8,2 7,2 8,4 7,4 8,2 4 7,2 4 8,7 8,N/A,2 7 8,N/A
1 2 4 7 8 13,0.0590617,13.5324,Yes,N/A,2,1 2,4,1 4,2 4,7,8,2 7,2 8,4 7,4 8,13,1 13,2 13,1 2 13,4 13,1 4 13
1 2 4 7 8 12,0.0692103,11.6389,Yes,N/A,2,1 2,4,1 4,2 4,7,8,1 8,2 8,4 7,12,1 12,2 12,7 8,4 12,1 4 12,2 4 12
2 4 7 8 13,0.0324387,18.3611,Yes,N/A,2,N/A,4,N/A,2 4,7,8,2 7,2 8,4 7,4 8,13,2 4 8,2 13,N/A,4 13,N/A
2 4 7 8 12,0.0388726,16.2963,Yes,N/A,2,N/A,4,N/A,2 4,7,8,2 7,2 8,4 7,12,2 4 7,2 12,7 8,4 12,2 7 8,2 4 12
1 2 4 7 8 12 13,0.0343857,19.6296,Yes,N/A,2,1 2,4,1 4,2 4,7,8,1 8,2 8,4 7,12,13,1 13,2 13,4 12,4 13,1 4 13
1 2 4 7 8 11,0.0705276,11.0324,Yes,N/A,2,1 2,4,1 4,2 4,7,8,2 7,2 8,11,1 11,2 11,1 2 11,7 8,1 4 11,2 7 8,7 11
2 4 7 8 11,0.042908,15.4491,Yes,N/A,2,N/A,4,N/A,2 4,7,8,2 7,2 8,11,4 8,2 11,2 4 8,4 11,N/A,2 4 11,7 11
1 2 4 7 8 11 13,0.0369587,18.2454,Yes,N/A,2,1 2,4,1 4,2 4,7,8,2 7,2 8,11,1 11,13,1 13,4 11,1 4 11,4 13,7 11
2 4 7 8 12 13,0.0172816,25.2361,Yes,N/A,2,N/A,4,N/A,2 4,7,8,2 7,2 8,4 7,12,13,2 12,2 13,4 12,4 13,2 4 12
1 2 4 7 8 11 12,0.0428337,17,Yes,N/A,2,1 2,4,1 4,2 4,7,8,1 8,2 8,11,12,1 12,2 12,4 11,4 12,1 4 12,7 11
2 4 7 8 11 13,0.016952,25.463,Yes,N/A,2,N/A,4,N/A,2 4,7,8,2 7,2 8,11,4 8,13,2 4 8,4 11,N/A,4 13,7 11
2 4 7 8 11 12,0.0219019,22.7269,Yes,N/A,2,N/A,4,N/A,2 4,7,8,2 7,2 8,11,12,2 11,2 12,4 11,4 12,2 4 11,7 11
1 2 4 7 8 11 12 13,0.0238535,24.537,Yes,N/A,2,1 2,4,1 4,2 4,7,8,2 7,2 8,11,12,13,1 13,4 11,4 12,4 13,7 11
1 2 4 7 8 10,0.0797082,9.51389,Yes,N/A,2,1 2,4,1 4,2 4,7,8,1 8,10,1 10,4 8,1 2 10,4 10,7 8,1 7 8,7 10,8 10
2 4 7 8 10,0.0502643,13.8056,Yes,N/A,2,N/A,4,N/A,2 4,7,8,2 7,10,4 7,2 10,2 4 7,4 10,7 8,2 4 10,7 10,8 10
1 2 4 7 8 10 13,0.0442973,15.9769,Yes,N/A,2,1 2,4,1 4,2 4,7,8,1 8,10,1 10,4 8,13,1 13,2 13,1 2 13,7 10,8 10
1 2 4 7 8 10 12,0.0508121,14.3704,Yes,N/A,2,1 2,4,1 4,2 4,7,8,2 7,10,1 10,12,1 12,2 12,7 8,4 12,7 10,8 10
2 4 7 8 10 13,0.0221575,22.4954,Yes,N/A,2,N/A,4,N/A,2 4,7,8,2 7,10,4 7,2 10,13,4 10,2 13,2 4 10,4 13,8 10
2 4 7 8 10 12,0.0239602,22.0417,Yes,N/A,2,N/A,4,N/A,2 4,7,8,2 7,10,4 7,12,2 4 7,2 12,7 8,4 12,7 10,8 10
1 2 4 7 8 10 12 13,0.0284305,21.5972,Yes,N/A,2,1 2,4,1 4,2 4,7,8,1 8,10,1 10,12,13,2 12,2 13,4 12,4 13,8 10
2 4 7 8 11 12 13,0.010749,31.3935,Yes,N/A,2,N/A,4,N/A,2 4,7,8,2 7,2 8,11,12,13,2 12,4 11,4 12,4 13,7 11
1 2 4 7 8 10 11,0.0566269,13.6111,Yes,N/A,2,1 2,4,1 4,2 4,7,8,1 8,10,11,1 11,2 11,4 10,4 11,1 7 8,7 10,7 11
2 4 7 8 10 11,0.0320079,18.9861,Yes,N/A,2,N/A,4,N/A,2 4,7,8,2 7,10,11,4 8,2 11,4 10,7 8,2 4 10,7 10,7 11
1 2 4 7 8 10 11 13,0.0315843,20.3241,Yes,N/A,2,1 2,4,1 4,2 4,7,8,2 7,10,11,1 11,13,1 13,2 13,2 4 10,7 10,7 11
2 4 7 8 10 12 13,0.0128599,29.7778,Yes,N/A,2,N/A,4,N/A,2 4,7,8,2 7,10,4 7,12,13,2 12,2 13,4 12,4 13,8 10
1 2 4 7 8 10 11 12,0.0373786,18.8009,Yes,N/A,2,1 2,4,1 4,2 4,7,8,1 8,10,11,12,1 12,4 10,4 11,4 12,7 10,7 11
2 4 7 8 10 11 13,0.0146541,28.0046,Yes,N/A,2,N/A,4,N/A,2 4,7,8,2 7,10,11,4 8,13,4 10,2 13,2 4 10,4 13,7 11
2 4 7 8 10 11 12,0.0179562,26.1389,Yes,N/A,2,N/A,4,N/A,2 4,7,8,2 7,10,11,12,2 11,4 10,7 8,4 12,7 10,8 10
1 2 4 7 8 10 11 12 13,0.0225382,25.6528,Yes,N/A,2,1 2,4,1 4,2 4,7,8,2 7,10,11,12,13,1 13,2 13,4 12,4 13,7 11
2 4 7 9 10 11 12 13,0.00798236,39.6019,Yes,N/A,2,N/A,4,N/A,2 4,7,N/A,9,10,11,12,13,2 12,2 13,4 12,4 13,7 11
1 2 4 7 8 9,0.0830409,8.96759,Yes,N/A,2,1 2,4,1 4,2 4,7,8,9,1 9,2 9,4 8,4 9,1 4 9,7 8,7 9,8 9,2 7 9
2 4 7 8 9,0.0535989,12.8287,Yes,N/A,2,N/A,4,N/A,2 4,7,8,9,2 8,2 9,4 8,4 9,2 4 8,7 8,7 9,8 9,2 7 9
1 2 4 7 8 9 13,0.0470376,15.3102,Yes,N/A,2,1 2,4,1 4,2 4,7,8,9,1 9,4 7,4 8,13,1 13,2 13,7 9,8 9,1 4 13
1 2 4 7 8 9 12,0.0557741,13.4583,Yes,N/A,2,1 2,4,1 4,2 4,7,8,9,1 9,4 7,12,1 12,2 12,7 8,7 9,8 9,1 8 9
2 4 7 8 9 13,0.0228066,22.1111,Yes,N/A,2,N/A,4,N/A,2 4,7,8,9,2 8,4 7,4 8,13,2 4 8,2 13,7 9,4 13,2 7 9
2 4 7 8 9 12,0.0306954,19.3241,Yes,N/A,2,N/A,4,N/A,2 4,7,8,9,2 8,4 7,12,4 9,2 12,7 8,4 12,8 9,2 4 12
1 2 4 7 8 9 12 13,0.0311539,20.9259,Yes,N/A,2,1 2,4,1 4,2 4,7,8,9,1 9,4 7,12,13,1 13,2 13,4 12,4 13,1 4 13
1 2 4 7 8 9 11,0.0585881,12.838,Yes,N/A,2,1 2,4,1 4,2 4,7,8,9,1 9,11,1 11,2 11,1 2 11,7 8,7 9,8 9,7 11
2 4 7 8 9 11,0.0306465,19.6528,Yes,N/A,2,N/A,4,N/A,2 4,7,8,9,2 8,11,4 8,2 11,2 4 8,4 11,7 9,8 9,7 11
1 2 4 7 8 9 11 13,0.0328738,19.7731,Yes,N/A,2,1 2,4,1 4,2 4,7,8,9,2 8,11,1 11,13,1 13,2 13,7 9,4 13,7 11
2 4 7 8 9 12 13,0.0144924,28.1806,Yes,N/A,2,N/A,4,N/A,2 4,7,8,9,2 8,4 7,12,13,2 12,2 13,4 12,4 13,2 4 12
1 2 4 7 8 9 11 12,0.0393018,17.8889,Yes,N/A,2,1 2,4,1 4,2 4,7,8,9,1 9,11,12,1 12,2 12,4 11,7 9,8 9,7 11
2 4 7 8 9 11 13,0.0135471,29.3843,Yes,N/A,2,N/A,4,N/A,2 4,7,8,9,2 8,11,4 8,13,2 4 8,2 13,7 9,4 13,7 11
2 4 7 8 9 11 12,0.0193077,25.1481,Yes,N/A,2,N/A,4,N/A,2 4,7,8,9,2 8,11,12,4 9,2 12,4 11,7 9,8 9,7 11
1 2 4 7 8 9 11 12 13,0.0234412,24.5602,Yes,N/A,2,1 2,4,1 4,2 4,7,8,9,1 9,11,12,13,1 13,2 13,4 12,4 13,7 11
2 4 7 8 10 11 12 13,0.00980865,34.2222,Yes,N/A,2,N/A,4,N/A,2 4,7,8,2 7,10,11,12,13,4 10,4 11,4 12,4 13,8 10
1 2 4 7 8 9 10,0.0660884,11.7824,Yes,N/A,2,1 2,4,1 4,2 4,7,8,9,10,1 10,2 10,4 9,4 10,7 8,7 9,7 10,8 10
2 4 7 8 9 10,0.0400798,16.875,Yes,N/A,2,N/A,4,N/A,2 4,7,8,9,10,2 9,2 10,4 9,4 10,7 8,7 9,7 10,8 10
1 2 4 7 8 9 10 13,0.0390835,17.8472,Yes,N/A,2,1 2,4,1 4,2 4,7,8,9,10,2 9,4 8,13,1 13,2 13,7 9,7 10,8 10
1 2 4 7 8 9 10 12,0.044837,16.2731,Yes,N/A,2,1 2,4,1 4,2 4,7,8,9,10,1 10,12,1 12,2 12,7 8,7 9,7 10,8 10
2 4 7 8 9 10 13,0.0188163,25.1111,Yes,N/A,2,N/A,4,N/A,2 4,7,8,9,10,2 9,4 8,13,4 10,2 13,7 9,7 10,8 10
2 4 7 8 9 10 12,0.0223527,23.7963,Yes,N/A,2,N/A,4,N/A,2 4,7,8,9,10,2 9,12,4 9,2 12,7 8,4 12,7 10,8 10
1 2 4 7 8 9 10 12 13,0.0270087,22.6898,Yes,N/A,2,1 2,4,1 4,2 4,7,8,9,10,1 10,12,13,1 13,2 13,4 12,8 9,8 10
2 4 7 8 9 11 12 13,0.00995491,34.25,Yes,N/A,2,N/A,4,N/A,2 4,7,8,9,2 8,11,12,13,2 12,4 11,7 9,4 13,7 11
1 2 4 7 8 9 10 11,0.0497054,15.3102,Yes,N/A,2,1 2,4,1 4,2 4,7,8,9,10,11,1 11,2 11,4 10,7 8,7 9,7 10,7 11
2 4 7 8 9 10 11,0.0261264,22.1019,Yes,N/A,2,N/A,4,N/A,2 4,7,8,9,10,11,2 10,2 11,4 10,7 8,7 9,7 10,7 11
1 2 4 7 8 9 10 11 13,0.0299293,21.463,Yes,N/A,2,1 2,4,1 4,2 4,7,8,9,10,11,1 11,13,1 13,2 13,7 9,7 10,7 11
2 4 7 8 9 10 12 13,0.0123982,31.088,Yes,N/A,2,N/A,4,N/A,2 4,7,8,9,10,4 7,12,13,2 12,2 13,4 12,7 10,8 10
1 2 4 7 8 9 10 11 12,0.0351195,19.9583,Yes,N/A,2,1 2,4,1 4,2 4,7,8,9,10,11,12,1 12,2 12,4 11,7 9,7 10,7 11
2 4 7 8 9 10 11 13,0.0132008,31.0231,Yes,N/A,2,N/A,4,N/A,2 4,7,8,9,10,11,4 8,13,4 10,2 13,7 9,4 13,7 11
2 4 7 8 9 10 11 12,0.0167751,27.9537,Yes,N/A,2,N/A,4,N/A,2 4,7,8,9,10,11,12,2 11,2 12,7 8,4 12,7 10,7 11
1 2 4 7 8 9 10 11 12 13,0.0228608,25.5278,Yes,N/A,2,1 2,4,1 4,2 4,7,8,9,10,11,12,13,1 13,2 13,4 12,7 10,7 11
1 2 4 6,0.133541,4.20833,Yes,N/A,2,1 2,4,1 4,6,1 6,2 6,1 2 6,4 6,1 4 6,2 4 6,1 2 4 6,N/A,N/A,N/A,N/A,N/A
2 4 6,0.120585,8.0787,Yes,N/A,2,N/A,4,N/A,6,N/A,2 6,N/A,4 6,N/A,2 4 6,N/A,N/A,N/A,N/A,N/A,N/A
1 2 4 6 13,0.0610486,11.6111,Yes,N/A,2,1 2,4,1 4,6,1 6,2 6,1 2 6,4 6,1 4 6,2 4 6,13,1 13,2 13,1 2 13,4 13,1 4 13
1 2 4 6 12,0.075838,9.9537,Yes,N/A,2,1 2,4,1 4,6,1 6,2 6,1 2 6,4 6,1 4 6,12,1 12,2 12,1 2 12,4 12,1 4 12,6 12
2 4 6 13,0.0383713,17.6759,Yes,N/A,2,N/A,4,N/A,6,N/A,2 6,N/A,4 6,N/A,2 4 6,13,N/A,2 13,N/A,4 13,N/A
2 4 6 12,0.0385368,17.1667,Yes,N/A,2,N/A,4,N/A,6,N/A,2 6,N/A,4 6,N/A,12,N/A,2 12,N/A,4 12,N/A,6 12
1 2 4 6 12 13,0.0335992,18.75,Yes,N/A,2,1 2,4,1 4,6,1 6,2 6,1 2 6,4 6,1 4 6,12,13,2 12,2 13,4 12,4 13,6 12
1 2 4 6 11,0.0914932,8.50926,Yes,N/A,2,1 2,4,1 4,6,1 6,2 6,1 2 6,4 6,11,1 11,2 11,1 2 11,4 11,1 4 11,6 11,1 6 11
2 4 6 11,0.0657204,13.6806,Yes,N/A,2,N/A,4,N/A,6,N/A,2 6,N/A,4 6,11,2 4 6,2 11,N/A,4 11,N/A,6 11,N/A
1 2 4 6 11 13,0.0411602,16.8657,Yes,N/A,2,1 2,4,1 4,6,1 6,2 6,1 2 6,4 6,11,1 11,13,1 13,2 13,1 2 13,4 13,1 4 13
2 4 6 12 13,0.0171116,25.5741,Yes,N/A,2,N/A,4,N/A,6,N/A,2 6,N/A,4 6,N/A,12,13,2 12,2 13,4 12,4 13,6 12
1 2 4 6 11 12,0.0505029,15.1944,Yes,N/A,2,1 2,4,1 4,6,1 6,2 6,1 2 6,4 6,11,12,1 12,2 12,4 11,4 12,6 11,6 12
2 4 6 11 13,0.0206645,24.5833,Yes,N/A,2,N/A,4,N/A,6,N/A,2 6,N/A,4 6,11,2 4 6,13,N/A,2 13,N/A,4 13,N/A
2 4 6 11 12,0.0287701,20.963,Yes,N/A,2,N/A,4,N/A,6,N/A,2 6,N/A,4 6,11,12,2 11,2 12,4 11,4 12,6 11,6 12
1 2 4 6 11 12 13,0.0244298,23.9213,Yes,N/A,2,1 2,4,1 4,6,1 6,2 6,1 2 6,4 6,11,12,13,1 13,2 13,4 12,4 13,6 12
1 2 4 6 10,0.101342,7.88889,Yes,N/A,2,1 2,4,1 4,6,1 6,2 6,1 2 6,10,1 10,2 10,1 2 10,4 10,1 4 10,6 10,1 6 10,2 6 10
2 4 6 10,0.0474019,15.2546,Yes,N/A,2,N/A,4,N/A,6,N/A,2 6,N/A,10,N/A,2 10,N/A,4 10,N/A,6 10,N/A,2 6 10
1 2 4 6 10 13,0.0440831,15.7917,Yes,N/A,2,1 2,4,1 4,6,1 6,2 6,1 2 6,10,1 10,2 10,13,4 10,2 13,6 10,4 13,1 4 13
1 2 4 6 10 12,0.0508441,14.4259,Yes,N/A,2,1 2,4,1 4,6,1 6,2 6,1 2 6,10,1 10,12,1 12,4 10,1 4 10,4 12,1 4 12,6 12
2 4 6 10 13,0.0188931,23.7593,Yes,N/A,2,N/A,4,N/A,6,N/A,2 6,N/A,10,N/A,2 10,13,4 10,2 13,6 10,4 13,2 6 10
2 4 6 10 12,0.0170315,25.537,Yes,N/A,2,N/A,4,N/A,6,N/A,2 6,N/A,10,N/A,12,N/A,4 10,N/A,4 12,N/A,6 12
1 2 4 6 10 12 13,0.0256254,22.3935,Yes,N/A,2,1 2,4,1 4,6,1 6,2 6,1 2 6,10,1 10,12,13,2 12,2 13,4 12,4 13,6 12
2 4 6 11 12 13,0.0120784,30.9352,Yes,N/A,2,N/A,4,N/A,6,N/A,2 6,N/A,4 6,11,12,13,2 12,2 13,4 12,4 13,6 12
1 2 4 6 10 11,0.0625609,12.5463,Yes,N/A,2,1 2,4,1 4,6,1 6,2 6,1 2 6,10,11,2 10,2 11,4 10,4 11,6 10,6 11,1 6 11
2 4 6 10 11,0.0315846,19.0556,Yes,N/A,2,N/A,4,N/A,6,N/A,2 6,N/A,10,11,2 10,2 11,4 10,4 11,6 10,6 11,2 6 10
1 2 4 6 10 11 13,0.0311585,20.3472,Yes,N/A,2,1 2,4,1 4,6,1 6,2 6,1 2 6,10,11,2 10,13,4 10,4 11,6 10,4 13,1 4 13
2 4 6 10 12 13,0.00934336,33.0556,Yes,N/A,2,N/A,4,N/A,6,N/A,2 6,N/A,10,N/A,12,13,4 10,2 13,4 12,4 13,6 12
1 2 4 6 10 11 12,0.0374172,19.0324,Yes,N/A,2,1 2,4,1 4,6,1 6,2 6,1 2 6,10,11,12,1 12,4 10,4 11,4 12,6 11,6 12
2 4 6 10 11 13,0.0132856,29.0046,Yes,N/A,2,N/A,4,N/A,6,N/A,2 6,N/A,10,11,2 10,13,4 10,4 11,6 10,4 13,2 6 10
2 4 6 10 11 12,0.0159066,27.7407,Yes,N/A,2,N/A,4,N/A,6,N/A,2 6,N/A,10,11,12,2 11,4 10,4 11,4 12,6 11,6 12
1 2 4 6 10 11 12 13,0.0202704,26.963,Yes,N/A,2,1 2,4,1 4,6,1 6,2 6,1 2 6,10,11,12,13,1 13,4 11,4 12,4 13,6 12
1 2 4 6 9,0.11285,6.44907,Yes,N/A,2,1 2,4,1 4,6,1 6,2 6,9,4 6,2 9,2 4 6,4 9,1 4 9,6 9,1 6 9,2 6 9,1 2 6 9
2 4 6 9,0.0837828,10.412,Yes,N/A,2,N/A,4,N/A,6,N/A,2 6,9,4 6,2 9,2 4 6,4 9,N/A,6 9,N/A,2 6 9,N/A
1 2 4 6 9 13,0.0553354,14.2407,Yes,N/A,2,1 2,4,1 4,6,1 6,2 6,9,4 6,2 9,2 4 6,13,1 13,2 13,1 2 13,4 13,1 4 13
1 2 4 6 9 12,0.0680709,11.7639,Yes,N/A,2,1 2,4,1 4,6,1 6,2 6,9,4 6,2 9,12,1 12,2 12,6 9,4 12,1 4 12,6 12
2 4 6 9 13,0.0276563,20.8611,Yes,N/A,2,N/A,4,N/A,6,N/A,2 6,9,4 6,2 9,2 4 6,13,N/A,2 13,N/A,4 13,N/A
2 4 6 9 12,0.0372232,17.125,Yes,N/A,2,N/A,4,N/A,6,N/A,2 6,9,4 6,2 9,12,4 9,2 12,6 9,4 12,2 6 9,6 12
1 2 4 6 9 12 13,0.0340741,19.9583,Yes,N/A,2,1 2,4,1 4,6,1 6,2 6,9,4 6,2 9,12,13,1 13,2 13,4 12,4 13,6 12
1 2 4 6 9 11,0.0723726,11.0324,Yes,N/A,2,1 2,4,1 4,6,1 6,2 6,9,1 9,11,1 11,2 11,1 2 11,4 11,1 4 11,6 11,1 6 11
2 4 6 9 11,0.0383803,18.1713,Yes,N/A,2,N/A,4,N/A,6,N/A,2 6,9,4 6,11,2 4 6,2 11,N/A,4 11,N/A,6 11,N/A
1 2 4 6 9 11 13,0.0370436,19.1713,Yes,N/A,2,1 2,4,1 4,6,1 6,2 6,9,4 6,11,1 11,13,1 13,2 13,1 2 13,4 13,1 4 13
2 4 6 9 12 13,0.0160832,26.6759,Yes,N/A,2,N/A,4,N/A,6,N/A,2 6,9,4 6,2 9,12,13,2 12,2 13,4 12,4 13,6 12
1 2 4 6 9 11 12,0.0457687,16.4583,Yes,N/A,2,1 2,4,1 4,6,1 6,2 6,9,1 9,11,12,2 11,2 12,4 11,4 12,6 11,6 12
2 4 6 9 11 13,0.0147271,28.9676,Yes,N/A,2,N/A,4,N/A,6,N/A,2 6,9,4 6,11,2 4 6,13,N/A,2 13,N/A,4 13,N/A
2 4 6 9 11 12,0.0233042,23.6157,Yes,N/A,2,N/A,4,N/A,6,N/A,2 6,9,4 6,11,12,2 11,2 12,4 11,4 12,6 11,6 12
1 2 4 6 9 11 12 13,0.0246281,24.537,Yes,N/A,2,1 2,4,1 4,6,1 6,2 6,9,1 9,11,12,13,1 13,2 13,4 12,4 13,6 12
2 4 6 10 11 12 13,0.00815362,37.2037,Yes,N/A,2,N/A,4,N/A,6,N/A,2 6,N/A,10,11,12,13,4 10,2 13,4 12,4 13,6 12
1 2 4 6 9 10,0.0812692,9.35648,Yes,N/A,2,1 2,4,1 4,6,1 6,2 6,9,10,1 10,2 10,4 9,4 10,6 9,6 10,1 6 10,2 6 10
2 4 6 9 10,0.0433368,15.1111,Yes,N/A,2,N/A,4,N/A,6,N/A,2 6,9,10,2 9,2 10,4 9,4 10,6 9,6 10,2 6 9,2 6 10
1 2 4 6 9 10 13,0.0395893,17.6019,Yes,N/A,2,1 2,4,1 4,6,1 6,2 6,9,10,1 10,2 10,13,1 13,2 13,6 10,4 13,1 4 13
1 2 4 6 9 10 12,0.0494566,15.0139,Yes,N/A,2,1 2,4,1 4,6,1 6,2 6,9,10,1 10,12,4 9,4 10,6 9,4 12,1 4 12,6 12
2 4 6 9 10 13,0.0177108,24.963,Yes,N/A,2,N/A,4,N/A,6,N/A,2 6,9,10,2 9,2 10,13,4 10,2 13,6 10,4 13,2 6 10
2 4 6 9 10 12,0.022072,23.2546,Yes,N/A,2,N/A,4,N/A,6,N/A,2 6,9,10,2 9,12,4 9,4 10,6 9,4 12,2 6 9,6 12
1 2 4 6 9 10 12 13,0.0268228,22.7361,Yes,N/A,2,1 2,4,1 4,6,1 6,2 6,9,10,1 10,12,13,4 10,2 13,4 12,4 13,6 12
2 4 6 9 11 12 13,0.0108007,33.125,Yes,N/A,2,N/A,4,N/A,6,N/A,2 6,9,4 6,11,12,13,2 12,2 13,4 12,4 13,6 12
1 2 4 6 9 10 11,0.0564301,13.9537,Yes,N/A,2,1 2,4,1 4,6,1 6,2 6,9,10,11,1 11,4 9,4 10,4 11,6 10,6 11,1 6 11
2 4 6 9 10 11,0.0281555,21.3796,Yes,N/A,2,N/A,4,N/A,6,N/A,2 6,9,10,11,2 10,4 9,4 10,4 11,6 10,6 11,2 6 10
1 2 4 6 9 10 11 13,0.0297418,21.7037,Yes,N/A,2,1 2,4,1 4,6,1 6,2 6,9,10,11,1 11,13,4 10,4 11,6 10,4 13,1 4 13
2 4 6 9 10 12 13,0.0110447,32.0139,Yes,N/A,2,N/A,4,N/A,6,N/A,2 6,9,10,2 9,12,13,4 10,2 13,4 12,4 13,6 12
1 2 4 6 9 10 11 12,0.0374078,19.5185,Yes,N/A,2,1 2,4,1 4,6,1 6,2 6,9,10,11,12,1 12,4 10,4 11,4 12,6 11,6 12
2 4 6 9 10 11 13,0.0123781,31.1296,Yes,N/A,2,N/A,4,N/A,6,N/A,2 6,9,10,11,2 10,13,4 10,4 11,6 10,4 13,2 6 10
2 4 6 9 10 11 12,0.0171008,28.0972,Yes,N/A,2,N/A,4,N/A,6,N/A,2 6,9,10,11,12,4 9,4 10,4 11,4 12,6 11,6 12
1 2 4 6 9 10 11 12 13,0.0219784,26.6574,Yes,N/A,2,1 2,4,1 4,6,1 6,2 6,9,10,11,12,13,4 10,4 11,4 12,4 13,6 12
1 2 4 6 8,0.10694,6.1713,Yes,N/A,2,1 2,4,1 4,6,1 6,8,1 8,4 6,1 4 6,4 8,1 4 8,6 8,1 6 8,2 6 8,1 2 6 8,4 6 8
2 4 6 8,0.0466723,13.3102,Yes,N/A,2,N/A,4,N/A,6,N/A,8,N/A,4 6,N/A,4 8,N/A,6 8,N/A,2 6 8,N/A,4 6 8
1 2 4 6 8 13,0.0537873,13.6759,Yes,N/A,2,1 2,4,1 4,6,1 6,8,1 8,4 6,1 4 6,4 8,13,1 13,2 13,1 2 13,4 13,1 4 13
1 2 4 6 8 12,0.0623865,12.2083,Yes,N/A,2,1 2,4,1 4,6,1 6,8,1 8,4 6,1 4 6,12,1 12,2 12,1 2 12,4 12,1 4 12,6 12
2 4 6 8 13,0.0208603,21.8611,Yes,N/A,2,N/A,4,N/A,6,N/A,8,N/A,4 6,N/A,4 8,13,6 8,2 13,2 6 8,4 13,4 6 8
2 4 6 8 12,0.0207356,23.4444,Yes,N/A,2,N/A,4,N/A,6,N/A,8,N/A,4 6,N/A,12,N/A,2 12,N/A,4 12,N/A,6 12
1 2 4 6 8 12 13,0.0327904,19.6898,Yes,N/A,2,1 2,4,1 4,6,1 6,8,1 8,4 6,1 4 6,12,13,2 12,2 13,4 12,4 13,6 12
1 2 4 6 8 11,0.0781403,9.69907,Yes,N/A,2,1 2,4,1 4,6,1 6,8,1 8,4 6,11,4 8,2 11,6 8,4 11,1 4 11,6 11,1 6 11
2 4 6 8 11,0.0368502,16.9815,Yes,N/A,2,N/A,4,N/A,6,N/A,8,N/A,4 6,11,4 8,2 11,6 8,4 11,2 6 8,6 11,4 6 8
1 2 4 6 8 11 13,0.0398087,17.3611,Yes,N/A,2,1 2,4,1 4,6,1 6,8,1 8,4 6,11,4 8,13,1 13,2 13,1 2 13,4 13,1 4 13
2 4 6 8 12 13,0.0115339,30.9074,Yes,N/A,2,N/A,4,N/A,6,N/A,8,N/A,4 6,N/A,12,13,2 12,2 13,4 12,4 13,6 12
1 2 4 6 8 11 12,0.0489635,15.3287,Yes,N/A,2,1 2,4,1 4,6,1 6,8,1 8,4 6,11,12,2 11,2 12,4 11,4 12,6 11,6 12
2 4 6 8 11 13,0.0147836,27.2685,Yes,N/A,2,N/A,4,N/A,6,N/A,8,N/A,2 8,11,4 8,13,6 8,2 13,2 6 8,4 13,4 6 8
2 4 6 8 11 12,0.0199034,25.338,Yes,N/A,2,N/A,4,N/A,6,N/A,8,N/A,4 6,11,12,2 11,2 12,4 11,4 12,6 11,6 12
1 2 4 6 8 11 12 13,0.026633,23.0972,Yes,N/A,2,1 2,4,1 4,6,1 6,8,1 8,4 6,11,12,13,2 12,2 13,4 12,4 13,6 12
1 2 4 6 8 10,0.0690717,10.2176,Yes,N/A,2,1 2,4,1 4,6,1 6,8,1 8,10,1 10,2 10,1 2 10,6 8,1 4 10,6 10,1 6 10,8 10
2 4 6 8 10,0.0239002,21.4861,Yes,N/A,2,N/A,4,N/A,6,N/A,8,N/A,10,N/A,2 10,N/A,4 10,N/A,6 10,N/A,8 10
1 2 4 6 8 10 13,0.0385307,16.9306,Yes,N/A,2,1 2,4,1 4,6,1 6,8,1 8,10,1 10,2 10,13,4 10,2 13,6 10,4 13,8 10
1 2 4 6 8 10 12,0.0396709,17.9074,Yes,N/A,2,1 2,4,1 4,6,1 6,8,1 8,10,1 10,12,1 12,2 12,1 2 12,4 12,1 4 12,6 12
2 4 6 8 10 13,0.0135138,28.8102,Yes,N/A,2,N/A,4,N/A,6,N/A,8,N/A,10,N/A,2 10,13,6 8,2 13,6 10,4 13,8 10
2 4 6 8 10 12,0.0106275,32.3519,Yes,N/A,2,N/A,4,N/A,6,N/A,8,N/A,10,N/A,12,N/A,2 12,N/A,4 12,N/A,6 12
1 2 4 6 8 10 12 13,0.0244373,23.6528,Yes,N/A,2,1 2,4,1 4,6,1 6,8,1 8,10,1 10,12,13,2 12,2 13,4 12,4 13,6 12
2 4 6 8 11 12 13,0.00985781,34.838,Yes,N/A,2,N/A,4,N/A,6,N/A,8,N/A,4 6,11,12,13,2 12,2 13,4 12,4 13,6 12
1 2 4 6 8 10 11,0.0582465,12.8796,Yes,N/A,2,1 2,4,1 4,6,1 6,8,1 8,10,11,2 10,2 11,4 10,4 11,6 10,6 11,8 10
2 4 6 8 10 11,0.0248317,23.3704,Yes,N/A,2,N/A,4,N/A,6,N/A,8,N/A,10,11,2 10,2 11,6 8,4 11,6 10,6 11,8 10
1 2 4 6 8 10 11 13,0.0314309,20.4213,Yes,N/A,2,1 2,4,1 4,6,1 6,8,1 8,10,11,2 10,13,4 10,2 13,6 10,4 13,8 10
2 4 6 8 10 12 13,0.0072264,38.9537,Yes,N/A,2,N/A,4,N/A,6,N/A,8,N/A,10,N/A,12,13,4 10,2 13,4 12,4 13,6 12
1 2 4 6 8 10 11 12,0.0363869,19.2269,Yes,N/A,2,1 2,4,1 4,6,1 6,8,1 8,10,11,12,2 11,2 12,4 11,4 12,6 11,6 12
2 4 6 8 10 11 13,0.0118259,32.9306,Yes,N/A,2,N/A,4,N/A,6,N/A,8,N/A,10,11,2 10,13,6 8,2 13,6 10,4 13,8 10
2 4 6 8 10 11 12,0.0127631,32.9028,Yes,N/A,2,N/A,4,N/A,6,N/A,8,N/A,10,11,12,2 11,4 10,4 11,6 10,6 11,6 12
1 2 4 6 8 10 11 12 13,0.0219072,26.2407,Yes,N/A,2,1 2,4,1 4,6,1 6,8,1 8,10,11,12,13,2 12,2 13,4 12,4 13,6 12
2 4 6 9 10 11 12 13,0.00900426,37.2593,Yes,N/A,2,N/A,4,N/A,6,N/A,2 6,9,10,11,12,13,4 10,4 11,4 12,4 13,6 12
1 2 4 6 8 9,0.0884168,7.60185,Yes,N/A,2,1 2,4,1 4,6,1 6,8,9,2 8,2 9,4 8,4 9,6 8,6 9,1 6 9,8 9,4 6 8
2 4 6 8 9,0.0516934,12.9907,Yes,N/A,2,N/A,4,N/A,6,N/A,8,9,2 8,2 9,4 8,4 9,6 8,6 9,2 6 8,8 9,4 6 8
1 2 4 6 8 9 13,0.0490185,14.4583,Yes,N/A,2,1 2,4,1 4,6,1 6,8,9,4 6,2 9,4 8,13,1 13,2 13,1 2 13,4 13,4 6 8
1 2 4 6 8 9 12,0.0573523,12.6343,Yes,N/A,2,1 2,4,1 4,6,1 6,8,9,2 8,2 9,12,1 12,2 12,6 9,4 12,8 9,6 12
2 4 6 8 9 13,0.0222799,22.1806,Yes,N/A,2,N/A,4,N/A,6,N/A,8,9,4 6,2 9,4 8,13,6 8,2 13,2 6 8,4 13,4 6 8
2 4 6 8 9 12,0.0279754,20.787,Yes,N/A,2,N/A,4,N/A,6,N/A,8,9,4 6,2 9,12,4 9,2 12,6 9,4 12,8 9,6 12
1 2 4 6 8 9 12 13,0.0322074,20.0093,Yes,N/A,2,1 2,4,1 4,6,1 6,8,9,4 6,2 9,12,13,2 12,2 13,4 12,4 13,6 12
1 2 4 6 8 9 11,0.0645233,11.6157,Yes,N/A,2,1 2,4,1 4,6,1 6,8,9,2 8,11,1 11,2 11,6 8,6 9,1 6 9,6 11,1 6 11
2 4 6 8 9 11,0.0338909,19.3519,Yes,N/A,2,N/A,4,N/A,6,N/A,8,9,2 8,11,4 8,2 11,6 8,6 9,2 6 8,6 11,4 6 8
1 2 4 6 8 9 11 13,0.0365265,18.9213,Yes,N/A,2,1 2,4,1 4,6,1 6,8,9,4 6,11,4 8,13,1 13,2 13,1 2 13,4 13,1 6 11
2 4 6 8 9 12 13,0.013946,29.1852,Yes,N/A,2,N/A,4,N/A,6,N/A,8,9,4 6,2 9,12,13,2 12,2 13,4 12,4 13,6 12
1 2 4 6 8 9 11 12,0.0440809,16.4907,Yes,N/A,2,1 2,4,1 4,6,1 6,8,9,2 8,11,12,2 11,2 12,4 11,4 12,6 11,6 12
2 4 6 8 9 11 13,0.0146235,29.412,Yes,N/A,2,N/A,4,N/A,6,N/A,8,9,4 6,11,4 8,13,6 8,2 13,2 6 8,6 11,4 6 8
2 4 6 8 9 11 12,0.0207047,25.7407,Yes,N/A,2,N/A,4,N/A,6,N/A,8,9,4 6,11,12,2 11,2 12,4 11,4 12,6 11,6 12
1 2 4 6 8 9 11 12 13,0.026033,23.6944,Yes,N/A,2,1 2,4,1 4,6,1 6,8,9,2 8,11,12,13,2 12,2 13,4 12,4 13,6 12
2 4 6 8 10 11 12 13,0.0073341,41.5556,Yes,N/A,2,N/A,4,N/A,6,N/A,8,N/A,10,11,12,13,2 12,2 13,4 12,4 13,6 12
1 2 4 6 8 9 10,0.0707139,10.3935,Yes,N/A,2,1 2,4,1 4,6,1 6,8,9,10,1 10,2 10,4 9,6 8,6 9,6 10,8 9,8 10
2 4 6 8 9 10,0.037097,18.5417,Yes,N/A,2,N/A,4,N/A,6,N/A,8,9,10,2 9,2 10,4 9,6 8,6 9,6 10,8 9,8 10
1 2 4 6 8 9 10 13,0.0390298,17.3102,Yes,N/A,2,1 2,4,1 4,6,1 6,8,9,10,2 9,2 10,13,1 13,2 13,6 10,4 13,8 10
1 2 4 6 8 9 10 12,0.0449534,16.0509,Yes,N/A,2,1 2,4,1 4,6,1 6,8,9,10,2 9,12,4 9,2 12,6 9,6 10,8 9,6 12
2 4 6 8 9 10 13,0.0175117,27.088,Yes,N/A,2,N/A,4,N/A,6,N/A,8,9,10,2 9,4 8,13,6 8,2 13,6 10,4 13,8 10
2 4 6 8 9 10 12,0.0183987,27.625,Yes,N/A,2,N/A,4,N/A,6,N/A,8,9,10,2 9,12,4 9,2 12,6 9,6 10,8 9,6 12
1 2 4 6 8 9 10 12 13,0.0270659,22.6296,Yes,N/A,2,1 2,4,1 4,6,1 6,8,9,10,2 9,12,13,2 12,2 13,4 12,4 13,6 12
2 4 6 8 9 11 12 13,0.0107653,34.7083,Yes,N/A,2,N/A,4,N/A,6,N/A,8,9,4 6,11,12,13,2 12,2 13,4 12,4 13,6 12
1 2 4 6 8 9 10 11,0.0548054,13.8241,Yes,N/A,2,1 2,4,1 4,6,1 6,8,9,10,11,2 10,2 11,4 10,6 9,6 10,6 11,8 10
2 4 6 8 9 10 11,0.0265933,23.4769,Yes,N/A,2,N/A,4,N/A,6,N/A,8,9,10,11,2 10,2 11,6 8,4 11,6 10,6 11,8 10
1 2 4 6 8 9 10 11 13,0.0317577,20.6343,Yes,N/A,2,1 2,4,1 4,6,1 6,8,9,10,11,2 10,13,4 10,2 13,6 10,4 13,8 10
2 4 6 8 9 10 12 13,0.0105853,35.2037,Yes,N/A,2,N/A,4,N/A,6,N/A,8,9,10,2 9,12,13,4 10,2 13,4 12,4 13,6 12
1 2 4 6 8 9 10 11 12,0.0375421,18.9167,Yes,N/A,2,1 2,4,1 4,6,1 6,8,9,10,11,12,2 11,2 12,4 11,4 12,6 11,6 12
2 4 6 8 9 10 11 13,0.0132344,32.6389,Yes,N/A,2,N/A,4,N/A,6,N/A,8,9,10,11,2 10,13,6 8,2 13,6 10,4 13,8 10
2 4 6 8 9 10 11 12,0.0158162,31.0231,Yes,N/A,2,N/A,4,N/A,6,N/A,8,9,10,11,12,2 11,2 12,4 11,6 10,6 11,6 12
1 2 4 6 8 9 10 11 12 13,0.0240097,24.9861,Yes,N/A,2,1 2,4,1 4,6,1 6,8,9,10,11,12,13,2 12,2 13,4 12,4 13,6 12
2 4 7 8 9 10 11 12 13,0.00981407,35.6574,Yes,N/A,2,N/A,4,N/A,2 4,7,8,9,10,11,12,13,2 12,2 13,4 12,4 13,7 11
1 2 4 6 7,0.10756,5.71296,Yes,N/A,2,1 2,4,1 4,6,7,2 6,2 7,4 6,4 7,1 4 7,6 7,1 6 7,2 6 7,1 2 6 7,4 6 7,1 4 6 7
2 4 6 7,0.0810596,8.38889,Yes,N/A,2,N/A,4,N/A,6,7,2 6,2 7,4 6,4 7,2 4 6,6 7,N/A,2 6 7,N/A,4 6 7,N/A
1 2 4 6 7 13,0.0573047,12.8796,Yes,N/A,2,1 2,4,1 4,6,7,2 6,2 7,4 6,4 7,2 4 6,13,1 13,2 13,1 2 13,4 13,1 4 13
1 2 4 6 7 12,0.0719067,10.6944,Yes,N/A,2,1 2,4,1 4,6,7,2 6,2 7,4 6,4 7,12,1 12,2 12,1 2 12,4 12,1 4 12,6 12
2 4 6 7 13,0.0288347,18.4537,Yes,N/A,2,N/A,4,N/A,6,7,2 6,2 7,4 6,4 7,2 4 6,13,N/A,2 13,N/A,4 13,N/A
2 4 6 7 12,0.0397421,14.8287,Yes,N/A,2,N/A,4,N/A,6,7,2 6,2 7,4 6,4 7,12,6 7,2 12,2 6 7,4 12,4 6 7,6 12
1 2 4 6 7 12 13,0.0353566,18.6759,Yes,N/A,2,1 2,4,1 4,6,7,1 7,2 7,4 6,4 7,12,13,1 13,2 13,4 12,4 13,6 12
1 2 4 6 7 11,0.0784093,9.47685,Yes,N/A,2,1 2,4,1 4,6,7,1 7,2 7,4 6,11,1 11,2 11,1 2 11,4 11,1 4 11,6 11,7 11
2 4 6 7 11,0.0411716,15.537,Yes,N/A,2,N/A,4,N/A,6,7,2 6,2 7,4 6,11,2 4 6,2 11,N/A,4 11,N/A,6 11,7 11
1 2 4 6 7 11 13,0.0403302,16.9213,Yes,N/A,2,1 2,4,1 4,6,7,2 6,2 7,4 6,11,1 11,13,1 13,2 13,1 2 13,4 13,7 11
2 4 6 7 12 13,0.0173414,23.7037,Yes,N/A,2,N/A,4,N/A,6,7,2 6,2 7,4 6,4 7,12,13,2 12,2 13,4 12,4 13,6 12
1 2 4 6 7 11 12,0.0494367,15.1528,Yes,N/A,2,1 2,4,1 4,6,7,1 7,2 7,4 6,11,12,1 12,2 12,4 11,4 12,6 11,6 12
2 4 6 7 11 13,0.0159476,25.838,Yes,N/A,2,N/A,4,N/A,6,7,2 6,2 7,4 6,11,2 4 6,13,N/A,2 13,N/A,4 13,7 11
2 4 6 7 11 12,0.0254489,20.5046,Yes,N/A,2,N/A,4,N/A,6,7,2 6,2 7,4 6,11,12,2 11,2 12,4 11,4 12,6 11,6 12
1 2 4 6 7 11 12 13,0.026723,22.6944,Yes,N/A,2,1 2,4,1 4,6,7,1 7,2 7,4 6,11,12,13,1 13,2 13,4 12,4 13,6 12
1 2 4 6 7 10,0.080061,8.45833,Yes,N/A,2,1 2,4,1 4,6,7,2 6,2 7,10,1 10,2 10,6 7,4 10,1 4 10,6 10,7 10,2 6 10
2 4 6 7 10,0.0525164,12.5417,Yes,N/A,2,N/A,4,N/A,6,7,2 6,2 7,10,4 7,2 10,6 7,4 10,2 6 7,6 10,7 10,2 6 10
1 2 4 6 7 10 13,0.04376,15.7269,Yes,N/A,2,1 2,4,1 4,6,7,2 6,2 7,10,4 7,2 10,13,1 13,2 13,6 10,4 13,1 4 13
1 2 4 6 7 10 12,0.0526718,13.6204,Yes,N/A,2,1 2,4,1 4,6,7,2 6,2 7,10,1 10,12,1 12,2 12,2 6 7,4 12,7 10,6 12
2 4 6 7 10 13,0.0214234,21.8148,Yes,N/A,2,N/A,4,N/A,6,7,2 6,2 7,10,4 7,2 10,13,4 10,2 13,6 10,4 13,2 6 10
2 4 6 7 10 12,0.026774,20.2361,Yes,N/A,2,N/A,4,N/A,6,7,2 6,2 7,10,4 7,12,6 7,4 10,2 6 7,4 12,7 10,6 12
1 2 4 6 7 10 12 13,0.0286089,21.2037,Yes,N/A,2,1 2,4,1 4,6,7,2 6,2 7,10,1 10,12,13,1 13,2 13,4 12,4 13,6 12
2 4 6 7 11 12 13,0.011604,29.7269,Yes,N/A,2,N/A,4,N/A,6,7,2 6,2 7,4 6,11,12,13,2 12,2 13,4 12,4 13,7 11
1 2 4 6 7 10 11,0.0594686,12.7731,Yes,N/A,2,1 2,4,1 4,6,7,1 7,2 7,10,11,1 11,2 11,4 10,4 11,6 10,6 11,7 11
2 4 6 7 10 11,0.0334442,18.463,Yes,N/A,2,N/A,4,N/A,6,7,2 6,2 7,10,11,2 10,6 7,4 10,4 11,6 10,6 11,7 11
1 2 4 6 7 10 11 13,0.0321834,19.7963,Yes,N/A,2,1 2,4,1 4,6,7,2 6,2 7,10,11,1 11,13,1 13,4 11,6 10,4 13,7 11
2 4 6 7 10 12 13,0.013226,28.3796,Yes,N/A,2,N/A,4,N/A,6,7,2 6,2 7,10,4 7,12,13,4 10,2 13,6 10,4 13,6 12
1 2 4 6 7 10 11 12,0.0393943,18.1389,Yes,N/A,2,1 2,4,1 4,6,7,2 6,2 7,10,11,12,1 12,4 10,4 11,4 12,6 11,6 12
2 4 6 7 10 11 13,0.0138985,27.9213,Yes,N/A,2,N/A,4,N/A,6,7,2 6,2 7,10,11,2 10,13,4 10,4 11,6 10,4 13,7 11
2 4 6 7 10 11 12,0.0199679,24.8241,Yes,N/A,2,N/A,4,N/A,6,7,2 6,2 7,10,11,12,6 7,4 10,4 11,4 12,6 11,6 12
1 2 4 6 7 10 11 12 13,0.0230642,25.25,Yes,N/A,2,1 2,4,1 4,6,7,2 6,2 7,10,11,12,13,1 13,4 11,4 12,4 13,6 12
1 2 4 6 7 9,0.08535,7.50926,Yes,N/A,2,1 2,4,1 4,6,7,2 6,9,1 9,2 9,1 2 9,6 7,1 6 7,6 9,7 9,4 6 7,2 7 9
2 4 6 7 9,0.0542458,12.9352,Yes,N/A,2,N/A,4,N/A,6,7,2 6,9,4 6,2 9,2 4 6,6 7,N/A,6 9,7 9,4 6 7,2 7 9
1 2 4 6 7 9 13,0.0480763,14.6852,Yes,N/A,2,1 2,4,1 4,6,7,2 6,9,4 6,4 7,2 4 6,13,1 13,2 13,7 9,4 13,1 4 13
1 2 4 6 7 9 12,0.060688,11.9028,Yes,N/A,2,1 2,4,1 4,6,7,2 6,9,1 9,4 7,12,1 12,2 12,6 9,4 12,4 6 7,6 12
2 4 6 7 9 13,0.0217053,22.7731,Yes,N/A,2,N/A,4,N/A,6,7,2 6,9,4 6,4 7,2 4 6,13,N/A,2 13,7 9,4 13,2 7 9
2 4 6 7 9 12,0.0333181,18.1435,Yes,N/A,2,N/A,4,N/A,6,7,2 6,9,4 6,2 9,12,6 7,2 12,6 9,4 12,4 6 7,6 12
1 2 4 6 7 9 12 13,0.0326771,19.2917,Yes,N/A,2,1 2,4,1 4,6,7,1 7,9,1 9,4 7,12,13,1 13,2 13,4 12,4 13,6 12
1 2 4 6 7 9 11,0.0654148,11.625,Yes,N/A,2,1 2,4,1 4,6,7,2 6,9,4 6,11,1 11,2 11,1 2 11,4 11,7 9,6 11,7 11
2 4 6 7 9 11,0.0308328,20.2269,Yes,N/A,2,N/A,4,N/A,6,7,2 6,9,4 6,11,2 4 6,2 11,N/A,4 11,7 9,6 11,7 11
1 2 4 6 7 9 11 13,0.0357388,18.7917,Yes,N/A,2,1 2,4,1 4,6,7,2 6,9,4 6,11,1 11,13,1 13,2 13,7 9,4 13,7 11
2 4 6 7 9 12 13,0.0152172,26.8981,Yes,N/A,2,N/A,4,N/A,6,7,2 6,9,4 6,4 7,12,13,2 12,2 13,7 9,4 13,6 12
1 2 4 6 7 9 11 12,0.0446914,16.1019,Yes,N/A,2,1 2,4,1 4,6,7,1 7,9,1 9,11,12,2 11,2 12,4 11,4 12,6 11,7 11
2 4 6 7 9 11 13,0.0130007,30.3611,Yes,N/A,2,N/A,4,N/A,6,7,2 6,9,4 6,11,2 4 6,13,N/A,2 13,7 9,4 13,7 11
2 4 6 7 9 11 12,0.0212999,24.2407,Yes,N/A,2,N/A,4,N/A,6,7,2 6,9,4 6,11,12,2 11,2 12,4 11,7 9,6 11,7 11
1 2 4 6 7 9 11 12 13,0.0255238,23.1898,Yes,N/A,2,1 2,4,1 4,6,7,2 6,9,1 9,11,12,13,2 12,2 13,4 12,4 13,7 11
2 4 6 7 10 11 12 13,0.00996951,33.1481,Yes,N/A,2,N/A,4,N/A,6,7,2 6,2 7,10,11,12,13,4 10,4 11,4 12,4 13,6 12
1 2 4 6 7 9 10,0.0758012,9.8287,Yes,N/A,2,1 2,4,1 4,6,7,2 6,9,10,1 10,2 10,4 9,4 10,6 9,6 10,7 10,2 6 10
2 4 6 7 9 10,0.0472095,15.2593,Yes,N/A,2,N/A,4,N/A,6,7,2 6,9,10,4 7,2 10,6 7,4 10,6 9,6 10,7 10,2 6 10
1 2 4 6 7 9 10 13,0.0419028,16.7778,Yes,N/A,2,1 2,4,1 4,6,7,2 6,9,10,4 7,2 10,13,1 13,2 13,6 10,4 13,1 4 13
1 2 4 6 7 9 10 12,0.0511484,14.4537,Yes,N/A,2,1 2,4,1 4,6,7,2 6,9,10,4 7,12,1 12,2 12,6 9,6 10,7 10,6 12
2 4 6 7 9 10 13,0.0195045,24.5093,Yes,N/A,2,N/A,4,N/A,6,7,2 6,9,10,4 7,2 10,13,4 10,6 9,7 9,4 13,2 6 10
2 4 6 7 9 10 12,0.0263016,21.9213,Yes,N/A,2,N/A,4,N/A,6,7,2 6,9,10,4 7,12,4 9,4 10,6 9,4 12,7 10,6 12
1 2 4 6 7 9 10 12 13,0.0297548,21.2778,Yes,N/A,2,1 2,4,1 4,6,7,2 6,9,10,4 7,12,13,1 13,2 13,6 10,4 13,6 12
2 4 6 7 9 11 12 13,0.0105894,33.1528,Yes,N/A,2,N/A,4,N/A,6,7,2 6,9,4 6,11,12,13,2 12,2 13,7 9,4 13,7 11
1 2 4 6 7 9 10 11,0.0560506,13.5602,Yes,N/A,2,1 2,4,1 4,6,7,2 6,9,10,11,1 11,2 11,4 10,6 9,6 10,6 11,7 11
2 4 6 7 9 10 11,0.028186,21.5,Yes,N/A,2,N/A,4,N/A,6,7,2 6,9,10,11,2 10,4 9,4 10,4 11,7 9,6 11,7 11
1 2 4 6 7 9 10 11 13,0.0321528,20.2454,Yes,N/A,2,1 2,4,1 4,6,7,2 6,9,10,11,2 10,13,1 13,2 13,7 9,4 13,7 11
2 4 6 7 9 10 12 13,0.0131924,29.8843,Yes,N/A,2,N/A,4,N/A,6,7,2 6,9,10,4 7,12,13,4 10,2 13,4 12,4 13,6 12
1 2 4 6 7 9 10 11 12,0.0394283,18.2361,Yes,N/A,2,1 2,4,1 4,6,7,2 6,9,10,11,12,2 11,2 12,4 11,4 12,6 11,6 12
2 4 6 7 9 10 11 13,0.012984,30.7315,Yes,N/A,2,N/A,4,N/A,6,7,2 6,9,10,11,2 10,13,4 10,4 11,7 9,4 13,7 11
2 4 6 7 9 10 11 12,0.0187151,26.5278,Yes,N/A,2,N/A,4,N/A,6,7,2 6,9,10,11,12,4 9,4 10,4 11,4 12,7 10,6 12
1 2 4 6 7 9 10 11 12 13,0.0246863,24.4861,Yes,N/A,2,1 2,4,1 4,6,7,2 6,9,10,11,12,13,1 13,2 13,4 12,4 13,6 12
2 4 6 8 9 10 11 12 13,0.00932399,39.2454,Yes,N/A,2,N/A,4,N/A,6,N/A,8,9,10,11,12,13,2 12,2 13,4 12,4 13,6 12
1 2 4 6 7 8,0.0943108,6.51852,Yes,N/A,2,1 2,4,1 4,6,7,8,2 7,2 8,4 7,4 8,6 7,6 8,7 8,2 6 8,4 6 7,4 6 8
2 4 6 7 8,0.0679806,10.4861,Yes,N/A,2,N/A,4,N/A,6,7,8,2 7,2 8,4 7,4 8,6 7,6 8,7 8,2 6 8,4 6 7,4 6 8
1 2 4 6 7 8 13,0.0510726,14.037,Yes,N/A,2,1 2,4,1 4,6,7,8,2 7,4 6,4 7,4 8,13,1 13,2 13,1 2 13,4 13,1 4 13
1 2 4 6 7 8 12,0.0645641,11.338,Yes,N/A,2,1 2,4,1 4,6,7,8,1 8,4 6,4 7,12,1 12,2 12,7 8,4 12,4 6 7,6 12
2 4 6 7 8 13,0.0276318,19.7037,Yes,N/A,2,N/A,4,N/A,6,7,8,2 7,4 6,4 7,4 8,13,6 8,2 13,2 6 8,4 13,4 6 8
2 4 6 7 8 12,0.0346698,17.8796,Yes,N/A,2,N/A,4,N/A,6,7,8,2 7,2 8,4 7,12,6 7,2 12,7 8,4 12,4 6 7,6 12
1 2 4 6 7 8 12 13,0.0339099,18.9491,Yes,N/A,2,1 2,4,1 4,6,7,8,1 8,4 6,4 7,12,13,1 13,2 13,4 12,4 13,6 12
1 2 4 6 7 8 11,0.0741584,10.0787,Yes,N/A,2,1 2,4,1 4,6,7,8,2 7,4 6,11,1 11,2 11,6 8,7 8,1 4 11,6 11,7 11
2 4 6 7 8 11,0.0431864,15.9491,Yes,N/A,2,N/A,4,N/A,6,7,8,2 7,4 6,11,4 8,2 11,6 8,4 11,2 6 8,6 11,7 11
1 2 4 6 7 8 11 13,0.0396997,17.3148,Yes,N/A,2,1 2,4,1 4,6,7,8,2 7,4 6,11,1 11,13,1 13,2 13,1 2 13,4 13,7 11
2 4 6 7 8 12 13,0.0167282,25.8565,Yes,N/A,2,N/A,4,N/A,6,7,8,2 7,4 6,4 7,12,13,2 12,2 13,4 12,4 13,6 12
1 2 4 6 7 8 11 12,0.0490013,15.1481,Yes,N/A,2,1 2,4,1 4,6,7,8,2 7,4 6,11,12,1 12,2 12,4 11,4 12,6 11,6 12
2 4 6 7 8 11 13,0.0176551,25.4028,Yes,N/A,2,N/A,4,N/A,6,7,8,2 7,4 6,11,4 8,13,6 8,2 13,2 6 8,6 11,7 11
2 4 6 7 8 11 12,0.0250156,21.875,Yes,N/A,2,N/A,4,N/A,6,7,8,2 7,4 6,11,12,2 11,2 12,4 11,4 12,6 11,6 12
1 2 4 6 7 8 11 12 13,0.0280242,22.162,Yes,N/A,2,1 2,4,1 4,6,7,8,2 7,4 6,11,12,13,1 13,2 13,4 12,4 13,6 12
1 2 4 6 7 8 10,0.0803735,8.93519,Yes,N/A,2,1 2,4,1 4,6,7,8,1 8,10,1 10,2 10,6 7,6 8,7 8,6 10,7 10,8 10
2 4 6 7 8 10,0.0480305,15.4491,Yes,N/A,2,N/A,4,N/A,6,7,8,2 7,10,4 7,2 10,6 7,6 8,7 8,6 10,7 10,8 10
1 2 4 6 7 8 10 13,0.0441785,15.8565,Yes,N/A,2,1 2,4,1 4,6,7,8,2 7,10,4 7,2 10,13,1 13,2 13,6 10,4 13,8 10
1 2 4 6 7 8 10 12,0.0512367,14.3241,Yes,N/A,2,1 2,4,1 4,6,7,8,2 7,10,1 10,12,1 12,2 12,7 8,6 10,7 10,6 12
2 4 6 7 8 10 13,0.0221516,23.4583,Yes,N/A,2,N/A,4,N/A,6,7,8,2 7,10,4 7,2 10,13,6 8,2 13,6 10,4 13,8 10
2 4 6 7 8 10 12,0.0232067,24.1343,Yes,N/A,2,N/A,4,N/A,6,7,8,2 7,10,4 7,12,6 7,2 12,7 8,6 10,7 10,6 12
1 2 4 6 7 8 10 12 13,0.0297988,20.8241,Yes,N/A,2,1 2,4,1 4,6,7,8,2 7,10,1 10,12,13,6 8,2 13,6 10,4 13,6 12
2 4 6 7 8 11 12 13,0.0124168,30.2315,Yes,N/A,2,N/A,4,N/A,6,7,8,2 7,4 6,11,12,13,2 12,2 13,4 12,4 13,6 12
1 2 4 6 7 8 10 11,0.060565,12.6343,Yes,N/A,2,1 2,4,1 4,6,7,8,1 8,10,11,2 10,2 11,6 8,4 11,6 10,6 11,8 10
2 4 6 7 8 10 11,0.032615,19.713,Yes,N/A,2,N/A,4,N/A,6,7,8,2 7,10,11,4 8,2 11,6 8,4 11,6 10,6 11,8 10
1 2 4 6 7 8 10 11 13,0.0347973,19.0648,Yes,N/A,2,1 2,4,1 4,6,7,8,2 7,10,11,4 8,13,1 13,2 13,6 10,6 11,7 11
2 4 6 7 8 10 12 13,0.0132613,30.9259,Yes,N/A,2,N/A,4,N/A,6,7,8,2 7,10,4 7,12,13,6 8,2 13,6 10,4 13,6 12
1 2 4 6 7 8 10 11 12,0.041446,17.3056,Yes,N/A,2,1 2,4,1 4,6,7,8,2 7,10,11,12,2 11,2 12,4 11,4 12,6 11,6 12
2 4 6 7 8 10 11 13,0.0157658,28.0694,Yes,N/A,2,N/A,4,N/A,6,7,8,2 7,10,11,4 8,13,6 8,2 13,6 10,4 13,8 10
2 4 6 7 8 10 11 12,0.0191124,26.463,Yes,N/A,2,N/A,4,N/A,6,7,8,2 7,10,11,12,2 11,4 10,4 11,4 12,6 11,6 12
1 2 4 6 7 8 10 11 12 13,0.0256643,23.6065,Yes,N/A,2,1 2,4,1 4,6,7,8,2 7,10,11,12,13,1 13,2 13,4 12,6 11,6 12
2 4 6 7 9 10 11 12 13,0.0101513,34.713,Yes,N/A,2,N/A,4,N/A,6,7,2 6,9,10,11,12,13,4 10,4 11,4 12,4 13,7 11
1 2 4 6 7 8 9,0.0886895,8.07407,Yes,N/A,2,1 2,4,1 4,6,7,8,9,1 9,2 9,4 8,6 7,6 8,6 9,7 9,8 9,2 7 9
2 4 6 7 8 9,0.0584082,13.3194,Yes,N/A,2,N/A,4,N/A,6,7,8,9,2 8,2 9,4 8,6 7,6 8,6 9,7 9,8 9,2 7 9
1 2 4 6 7 8 9 13,0.0471917,15.3102,Yes,N/A,2,1 2,4,1 4,6,7,8,9,1 9,2 9,4 8,13,1 13,2 13,7 9,4 13,2 7 9
1 2 4 6 7 8 9 12,0.0592159,12.5833,Yes,N/A,2,1 2,4,1 4,6,7,8,9,2 8,2 9,12,1 12,2 12,6 9,4 12,8 9,6 12
2 4 6 7 8 9 13,0.0235558,22.6435,Yes,N/A,2,N/A,4,N/A,6,7,8,9,4 6,2 9,4 8,13,6 8,2 13,7 9,4 13,2 7 9
2 4 6 7 8 9 12,0.0326866,19.1759,Yes,N/A,2,N/A,4,N/A,6,7,8,9,2 8,2 9,12,6 7,2 12,6 9,4 12,8 9,6 12
1 2 4 6 7 8 9 12 13,0.0329618,19.588,Yes,N/A,2,1 2,4,1 4,6,7,8,9,1 9,2 9,12,13,1 13,2 13,7 9,4 13,6 12
1 2 4 6 7 8 9 11,0.0650103,11.7083,Yes,N/A,2,1 2,4,1 4,6,7,8,9,1 9,11,1 11,2 11,6 8,6 9,7 9,6 11,7 11
2 4 6 7 8 9 11,0.0335096,19.537,Yes,N/A,2,N/A,4,N/A,6,7,8,9,2 8,11,4 8,2 11,6 8,6 9,7 9,6 11,7 11
1 2 4 6 7 8 9 11 13,0.0369009,18.3843,Yes,N/A,2,1 2,4,1 4,6,7,8,9,2 8,11,1 11,13,1 13,2 13,7 9,4 13,7 11
2 4 6 7 8 9 12 13,0.0161808,27.1065,Yes,N/A,2,N/A,4,N/A,6,7,8,9,4 6,4 7,12,13,2 12,2 13,4 12,4 13,6 12
1 2 4 6 7 8 9 11 12,0.0454654,15.8519,Yes,N/A,2,1 2,4,1 4,6,7,8,9,1 9,11,12,2 11,2 12,7 8,4 12,6 11,6 12
2 4 6 7 8 9 11 13,0.0155428,28.9722,Yes,N/A,2,N/A,4,N/A,6,7,8,9,4 6,11,4 8,13,6 8,2 13,7 9,6 11,7 11
2 4 6 7 8 9 11 12,0.0225201,23.9167,Yes,N/A,2,N/A,4,N/A,6,7,8,9,4 6,11,12,2 11,2 12,4 11,4 12,6 11,6 12
1 2 4 6 7 8 9 11 12 13,0.0277875,22.1713,Yes,N/A,2,1 2,4,1 4,6,7,8,9,2 8,11,12,13,1 13,2 13,4 12,6 11,6 12
2 4 6 7 8 10 11 12 13,0.010931,34.0556,Yes,N/A,2,N/A,4,N/A,6,7,8,2 7,10,11,12,13,4 10,2 13,4 12,4 13,6 12
1 2 4 6 7 8 9 10,0.0729444,10.2963,Yes,N/A,2,1 2,4,1 4,6,7,8,9,10,1 10,2 10,6 7,6 8,6 9,6 10,7 10,8 10
2 4 6 7 8 9 10,0.0429128,16.6296,Yes,N/A,2,N/A,4,N/A,6,7,8,9,10,2 9,2 10,6 7,6 8,6 9,6 10,7 10,8 10
1 2 4 6 7 8 9 10 13,0.0422332,16.7917,Yes,N/A,2,1 2,4,1 4,6,7,8,9,10,4 7,2 10,13,1 13,2 13,6 10,7 10,8 10
1 2 4 6 7 8 9 10 12,0.0501417,14.6806,Yes,N/A,2,1 2,4,1 4,6,7,8,9,10,2 9,12,1 12,2 12,6 9,6 10,7 10,6 12
2 4 6 7 8 9 10 13,0.0207387,24.7315,Yes,N/A,2,N/A,4,N/A,6,7,8,9,10,4 7,2 10,13,6 8,2 13,6 10,4 13,8 10
2 4 6 7 8 9 10 12,0.0249124,23.2917,Yes,N/A,2,N/A,4,N/A,6,7,8,9,10,2 9,12,6 7,2 12,6 9,6 10,7 10,6 12
1 2 4 6 7 8 9 10 12 13,0.0311502,20.6019,Yes,N/A,2,1 2,4,1 4,6,7,8,9,10,4 7,12,13,1 13,2 13,6 10,4 13,6 12
2 4 6 7 8 9 11 12 13,0.0122532,31.8194,Yes,N/A,2,N/A,4,N/A,6,7,8,9,4 6,11,12,13,2 12,2 13,4 12,4 13,6 12
1 2 4 6 7 8 9 10 11,0.0564655,13.2546,Yes,N/A,2,1 2,4,1 4,6,7,8,9,10,11,2 10,2 11,6 8,6 9,6 10,6 11,7 11
2 4 6 7 8 9 10 11,0.0290123,21.2778,Yes,N/A,2,N/A,4,N/A,6,7,8,9,10,11,2 10,2 11,6 8,6 9,6 10,6 11,7 11
1 2 4 6 7 8 9 10 11 13,0.0346648,19.2685,Yes,N/A,2,1 2,4,1 4,6,7,8,9,10,11,2 10,13,1 13,2 13,6 10,6 11,7 11
2 4 6 7 8 9 10 12 13,0.0141855,30.3287,Yes,N/A,2,N/A,4,N/A,6,7,8,9,10,4 7,12,13,2 12,2 13,6 10,4 13,6 12
1 2 4 6 7 8 9 10 11 12,0.0413755,16.9722,Yes,N/A,2,1 2,4,1 4,6,7,8,9,10,11,12,2 11,2 12,6 9,6 10,6 11,6 12
2 4 6 7 8 9 10 11 13,0.0153059,29.5741,Yes,N/A,2,N/A,4,N/A,6,7,8,9,10,11,2 10,13,6 8,2 13,6 10,4 13,7 11
2 4 6 7 8 9 10 11 12,0.0195025,26.6204,Yes,N/A,2,N/A,4,N/A,6,7,8,9,10,11,12,2 11,2 12,4 11,4 12,6 11,6 12
1 2 4 6 7 8 9 10 11 12 13,0.0276121,22.3241,Yes,N/A,2,1 2,4,1 4,6,7,8,9,10,11,12,13,2 12,2 13,6 10,6 11,6 12
2 5 6 7 8 9 10 11 12 13,0.010878,33.4352,Yes,N/A,2,N/A,N/A,5,6,7,8,9,10,11,12,13,2 12,2 13,5 11,5 12,5 13
1 2 4 5,0.146894,4.64815,Yes,N/A,2,1 2,4,5,1 5,2 5,1 2 5,4 5,1 4 5,2 4 5,1 2 4 5,N/A,N/A,N/A,N/A,N/A,N/A
2 4 5,0.129501,7.46759,Yes,N/A,2,N/A,4,5,2 4,2 5,N/A,4 5,N/A,2 4 5,N/A,N/A,N/A,N/A,N/A,N/A,N/A
1 2 4 5 13,0.0717554,10.9537,Yes,N/A,2,1 2,4,5,2 4,2 5,1 2 5,4 5,1 4 5,2 4 5,1 2 4 5,13,1 13,2 13,1 2 13,4 13,5 13
1 2 4 5 12,0.0870484,9.38889,Yes,N/A,2,1 2,4,5,1 5,2 5,1 2 5,4 5,1 4 5,2 4 5,12,1 12,2 12,1 2 12,4 12,5 12,1 5 12
2 4 5 13,0.0387999,16.9954,Yes,N/A,2,N/A,4,5,2 4,2 5,N/A,4 5,N/A,2 4 5,N/A,13,N/A,2 13,N/A,4 13,5 13
2 4 5 12,0.0521351,14.787,Yes,N/A,2,N/A,4,5,2 4,2 5,N/A,4 5,N/A,2 4 5,12,N/A,2 12,N/A,4 12,5 12,2 4 12
1 2 4 5 12 13,0.0373946,18.125,Yes,N/A,2,1 2,4,5,1 5,2 5,1 2 5,4 5,1 4 5,2 4 5,12,13,1 13,2 13,4 12,4 13,5 13
1 2 4 5 11,0.0974273,8.10185,Yes,N/A,2,1 2,4,5,1 5,2 5,1 2 5,4 5,1 4 5,11,1 11,2 11,1 2 11,4 11,5 11,1 5 11,2 5 11
2 4 5 11,0.0499453,14.213,Yes,N/A,2,N/A,4,5,2 4,2 5,N/A,4 5,N/A,11,N/A,2 11,N/A,4 11,5 11,2 4 11,2 5 11
1 2 4 5 11 13,0.0426266,16.4306,Yes,N/A,2,1 2,4,5,2 4,2 5,1 2 5,4 5,1 4 5,11,1 11,13,1 13,2 13,5 11,4 13,5 13
2 4 5 12 13,0.020272,23.0741,Yes,N/A,2,N/A,4,5,2 4,2 5,N/A,4 5,N/A,2 4 5,12,13,2 12,2 13,4 12,4 13,5 13
1 2 4 5 11 12,0.0523685,14.9074,Yes,N/A,2,1 2,4,5,1 5,2 5,1 2 5,4 5,1 4 5,11,12,1 12,2 12,4 11,4 12,5 12,1 5 12
2 4 5 11 13,0.0161733,25.412,Yes,N/A,2,N/A,4,5,2 4,2 5,N/A,4 5,N/A,11,N/A,13,N/A,2 13,5 11,4 13,5 13
2 4 5 11 12,0.0269514,20.5833,Yes,N/A,2,N/A,4,5,2 4,2 5,N/A,4 5,N/A,11,12,2 11,2 12,4 11,4 12,5 12,2 4 12
1 2 4 5 11 12 13,0.0254255,23.5324,Yes,N/A,2,1 2,4,5,1 5,2 5,1 2 5,4 5,1 4 5,11,12,13,2 12,2 13,4 12,4 13,5 13
1 2 4 5 10,0.105991,7.17593,Yes,N/A,2,1 2,4,5,1 5,2 5,1 2 5,4 5,10,1 10,2 10,1 2 10,4 10,5 10,1 5 10,2 5 10,1 2 5 10
2 4 5 10,0.0758584,10.5972,Yes,N/A,2,N/A,4,5,2 4,2 5,N/A,4 5,10,2 4 5,2 10,N/A,4 10,5 10,2 4 10,2 5 10,N/A
1 2 4 5 10 13,0.0512195,14.6759,Yes,N/A,2,1 2,4,5,1 5,2 5,1 2 5,4 5,10,1 10,2 10,13,1 13,2 13,1 2 13,4 13,5 13
1 2 4 5 10 12,0.0608752,12.7685,Yes,N/A,2,1 2,4,5,2 4,2 5,1 2 5,4 5,10,1 10,12,1 12,2 12,5 10,4 12,5 12,1 5 12
2 4 5 10 13,0.0282056,19.0926,Yes,N/A,2,N/A,4,5,2 4,2 5,N/A,4 5,10,2 4 5,2 10,13,4 10,2 13,2 4 10,4 13,5 13
2 4 5 10 12,0.0307405,19.3704,Yes,N/A,2,N/A,4,5,2 4,2 5,N/A,4 5,10,2 4 5,12,N/A,2 12,5 10,4 12,5 12,2 4 12
1 2 4 5 10 12 13,0.0305516,20.9907,Yes,N/A,2,1 2,4,5,2 4,2 5,1 2 5,4 5,10,1 10,12,13,1 13,2 13,4 12,4 13,5 13
2 4 5 11 12 13,0.0114965,30.7176,Yes,N/A,2,N/A,4,5,2 4,2 5,N/A,4 5,N/A,11,12,13,2 12,2 13,4 12,4 13,5 13
1 2 4 5 10 11,0.0671865,11.8426,Yes,N/A,2,1 2,4,5,1 5,2 5,1 2 5,4 5,10,11,1 11,2 11,4 10,4 11,5 11,1 5 11,2 5 11
2 4 5 10 11,0.0395573,16.1759,Yes,N/A,2,N/A,4,5,2 4,2 5,N/A,4 5,10,11,2 10,2 11,4 10,4 11,5 11,2 4 11,2 5 11
1 2 4 5 10 11 13,0.0348384,19.3056,Yes,N/A,2,1 2,4,5,2 4,2 5,1 2 5,4 5,10,11,1 11,13,1 13,4 11,5 11,4 13,5 13
2 4 5 10 12 13,0.0149651,27.1574,Yes,N/A,2,N/A,4,5,2 4,2 5,N/A,4 5,10,2 4 5,12,13,2 12,2 13,4 12,5 12,5 13
1 2 4 5 10 11 12,0.0411061,18.125,Yes,N/A,2,1 2,4,5,1 5,2 5,1 2 5,4 5,10,11,12,1 12,2 12,4 11,4 12,5 12,1 5 12
2 4 5 10 11 13,0.0169451,25.7778,Yes,N/A,2,N/A,4,5,2 4,2 5,N/A,4 5,10,11,2 10,13,4 10,2 13,5 11,4 13,5 13
2 4 5 10 11 12,0.0218075,23.8287,Yes,N/A,2,N/A,4,5,2 4,2 5,N/A,4 5,10,11,12,2 11,2 12,5 10,4 12,5 12,2 5 11
1 2 4 5 10 11 12 13,0.0227901,26.1991,Yes,N/A,2,1 2,4,5,1 5,2 5,1 2 5,4 5,10,11,12,13,1 13,2 13,4 12,4 13,5 13
1 2 4 5 9,0.106756,6.57407,Yes,N/A,2,1 2,4,5,1 5,2 5,1 2 5,9,1 9,2 9,1 2 9,4 9,5 9,1 5 9,2 5 9,1 2 5 9,4 5 9
2 4 5 9,0.0540641,11.6296,Yes,N/A,2,N/A,4,5,2 4,2 5,N/A,9,N/A,2 9,N/A,4 9,5 9,2 4 9,2 5 9,N/A,4 5 9
1 2 4 5 9 13,0.045853,14.7639,Yes,N/A,2,1 2,4,5,2 4,2 5,1 2 5,9,1 9,2 9,1 2 9,13,1 13,2 13,1 2 13,4 13,5 13
1 2 4 5 9 12,0.0597294,12.3194,Yes,N/A,2,1 2,4,5,1 5,2 5,1 2 5,9,1 9,2 9,12,1 12,2 12,1 2 12,4 12,5 12,1 5 12
2 4 5 9 13,0.0185142,22.2083,Yes,N/A,2,N/A,4,5,2 4,2 5,N/A,9,N/A,2 9,N/A,13,5 9,2 13,2 5 9,4 13,5 13
2 4 5 9 12,0.027644,18.8148,Yes,N/A,2,N/A,4,5,2 4,2 5,N/A,9,N/A,2 9,12,4 9,2 12,2 4 9,4 12,5 12,2 4 12
1 2 4 5 9 12 13,0.029076,20.7546,Yes,N/A,2,1 2,4,5,1 5,2 5,1 2 5,9,1 9,2 9,12,13,1 13,2 13,4 12,4 13,5 13
1 2 4 5 9 11,0.0663923,10.7731,Yes,N/A,2,1 2,4,5,2 4,2 5,1 2 5,9,1 9,11,1 11,4 9,5 9,4 11,5 11,1 5 11,2 5 11
2 4 5 9 11,0.0275212,19.6389,Yes,N/A,2,N/A,4,5,2 4,2 5,N/A,9,N/A,11,N/A,2 11,5 9,4 11,5 11,2 4 11,2 5 11
1 2 4 5 9 11 13,0.0314337,19.4259,Yes,N/A,2,1 2,4,5,2 4,2 5,1 2 5,9,1 9,11,1 11,13,1 13,4 11,5 11,4 13,5 13
2 4 5 9 12 13,0.0120865,28.8472,Yes,N/A,2,N/A,4,5,2 4,2 5,N/A,9,N/A,2 9,12,13,5 9,2 13,4 12,4 13,5 13
1 2 4 5 9 11 12,0.041955,16.7037,Yes,N/A,2,1 2,4,5,2 4,2 5,1 2 5,9,1 9,11,12,4 9,2 12,4 11,4 12,5 12,2 4 12
2 4 5 9 11 13,0.0109216,30.8287,Yes,N/A,2,N/A,4,5,2 4,2 5,N/A,9,N/A,11,N/A,13,5 9,2 13,5 11,4 13,5 13
2 4 5 9 11 12,0.0180737,25.8935,Yes,N/A,2,N/A,4,5,2 4,2 5,N/A,9,N/A,11,12,4 9,2 12,4 11,5 11,5 12,4 5 9
1 2 4 5 9 11 12 13,0.0221161,24.9537,Yes,N/A,2,1 2,4,5,2 4,2 5,1 2 5,9,1 9,11,12,13,1 13,4 11,4 12,4 13,5 13
2 4 5 10 11 12 13,0.0109163,32.8102,Yes,N/A,2,N/A,4,5,2 4,2 5,N/A,4 5,10,11,12,13,2 12,2 13,4 12,4 13,5 13
1 2 4 5 9 10,0.0720548,9.87963,Yes,N/A,2,1 2,4,5,1 5,2 5,1 2 5,9,10,1 10,2 10,4 9,4 10,5 10,1 5 10,2 5 10,4 5 9
2 4 5 9 10,0.0435911,14.2593,Yes,N/A,2,N/A,4,5,2 4,2 5,N/A,9,10,2 9,2 10,4 9,4 10,5 10,2 4 10,2 5 10,4 5 9
1 2 4 5 9 10 13,0.0354726,18.3194,Yes,N/A,2,1 2,4,5,1 5,2 5,1 2 5,9,10,2 9,2 10,13,1 13,5 10,1 2 13,4 13,5 13
1 2 4 5 9 10 12,0.0481342,14.8935,Yes,N/A,2,1 2,4,5,2 4,2 5,1 2 5,9,10,2 9,12,1 12,4 10,5 10,4 12,5 12,1 5 12
2 4 5 9 10 13,0.0183023,24.0926,Yes,N/A,2,N/A,4,5,2 4,2 5,N/A,9,10,2 9,2 10,13,4 10,2 13,2 4 10,4 13,5 13
2 4 5 9 10 12,0.0245541,21.8102,Yes,N/A,2,N/A,4,5,2 4,2 5,N/A,9,10,2 9,12,4 9,4 10,5 10,4 12,5 12,2 4 12
1 2 4 5 9 10 12 13,0.0256124,23.3426,Yes,N/A,2,1 2,4,5,1 5,2 5,1 2 5,9,10,2 9,12,13,1 13,2 13,4 12,4 13,5 13
2 4 5 9 11 12 13,0.0085233,36.1528,Yes,N/A,2,N/A,4,5,2 4,2 5,N/A,9,N/A,11,12,13,5 9,2 13,5 11,4 13,5 13
1 2 4 5 9 10 11,0.0541992,13.8148,Yes,N/A,2,1 2,4,5,1 5,2 5,1 2 5,9,10,11,1 11,4 9,4 10,4 11,5 11,1 5 11,2 5 11
2 4 5 9 10 11,0.029954,20.4259,Yes,N/A,2,N/A,4,5,2 4,2 5,N/A,9,10,11,2 10,4 9,5 9,4 11,5 11,2 4 11,4 5 9
1 2 4 5 9 10 11 13,0.0285419,21.9028,Yes,N/A,2,1 2,4,5,2 4,2 5,1 2 5,9,10,11,1 11,13,4 10,4 11,5 11,4 13,5 13
2 4 5 9 10 12 13,0.0120752,30.7639,Yes,N/A,2,N/A,4,5,2 4,2 5,N/A,9,10,2 9,12,13,4 10,2 13,4 12,5 12,5 13
1 2 4 5 9 10 11 12,0.036591,19.3796,Yes,N/A,2,1 2,4,5,1 5,2 5,1 2 5,9,10,11,12,1 12,4 10,4 11,4 12,5 12,1 5 12
2 4 5 9 10 11 13,0.0135905,30.0972,Yes,N/A,2,N/A,4,5,2 4,2 5,N/A,9,10,11,2 10,13,5 9,4 11,5 11,4 13,5 13
2 4 5 9 10 11 12,0.0182026,27.3843,Yes,N/A,2,N/A,4,5,2 4,2 5,N/A,9,10,11,12,4 9,5 9,4 11,4 12,5 12,2 5 11
1 2 4 5 9 10 11 12 13,0.0212022,27.0139,Yes,N/A,2,1 2,4,5,2 4,2 5,1 2 5,9,10,11,12,13,4 10,4 11,4 12,4 13,5 13
1 2 4 5 8,0.105881,5.76852,Yes,N/A,2,1 2,4,5,1 5,2 5,8,4 5,2 8,1 2 8,4 8,5 8,1 5 8,2 5 8,1 2 5 8,4 5 8,1 4 5 8
2 4 5 8,0.0850641,7.01852,Yes,N/A,2,N/A,4,5,2 4,2 5,8,4 5,2 8,2 4 5,4 8,5 8,2 4 8,2 5 8,N/A,4 5 8,N/A
1 2 4 5 8 13,0.0573505,12.8657,Yes,N/A,2,1 2,4,5,1 5,2 5,8,4 5,2 8,2 4 5,4 8,13,1 13,2 13,1 2 13,4 13,5 13
1 2 4 5 8 12,0.070459,10.963,Yes,N/A,2,1 2,4,5,2 4,2 5,8,4 5,2 8,2 4 5,12,1 12,2 12,1 2 12,4 12,5 12,1 5 12
2 4 5 8 13,0.030668,16.75,Yes,N/A,2,N/A,4,5,2 4,2 5,8,4 5,2 8,2 4 5,4 8,13,2 4 8,2 13,N/A,4 13,5 13
2 4 5 8 12,0.0399444,14.6296,Yes,N/A,2,N/A,4,5,2 4,2 5,8,4 5,2 8,2 4 5,12,5 8,2 12,2 5 8,4 12,5 12,2 4 12
1 2 4 5 8 12 13,0.0347844,19.3102,Yes,N/A,2,1 2,4,5,1 5,2 5,8,4 5,2 8,2 4 5,12,13,1 13,2 13,4 12,4 13,5 13
1 2 4 5 8 11,0.0799333,9.19907,Yes,N/A,2,1 2,4,5,1 5,2 5,8,4 5,2 8,11,1 11,2 11,1 2 11,4 11,5 11,1 5 11,2 5 11
2 4 5 8 11,0.0490925,12.9861,Yes,N/A,2,N/A,4,5,2 4,2 5,8,4 5,2 8,11,4 8,2 11,2 4 8,4 11,5 11,2 4 11,2 5 11
1 2 4 5 8 11 13,0.0432176,15.8796,Yes,N/A,2,1 2,4,5,1 5,2 5,8,4 5,2 8,11,1 11,13,1 13,2 13,5 11,4 13,5 13
2 4 5 8 12 13,0.0172853,23.7824,Yes,N/A,2,N/A,4,5,2 4,2 5,8,4 5,2 8,2 4 5,12,13,2 12,2 13,4 12,4 13,5 13
1 2 4 5 8 11 12,0.0513136,14.8611,Yes,N/A,2,1 2,4,5,1 5,2 5,8,4 5,2 8,11,12,1 12,2 12,4 11,4 12,5 12,1 5 12
2 4 5 8 11 13,0.0201297,22.3241,Yes,N/A,2,N/A,4,5,2 4,2 5,8,4 5,2 8,11,4 8,13,2 4 8,2 13,5 11,4 13,5 13
2 4 5 8 11 12,0.0279789,19.6343,Yes,N/A,2,N/A,4,5,2 4,2 5,8,4 5,2 8,11,12,5 8,2 12,4 11,4 12,5 12,2 4 12
1 2 4 5 8 11 12 13,0.0281107,22.5,Yes,N/A,2,1 2,4,5,1 5,2 5,8,4 5,2 8,11,12,13,1 13,2 13,4 12,4 13,5 13
1 2 4 5 8 10,0.0850827,7.625,Yes,N/A,2,1 2,4,5,2 4,2 5,8,1 8,10,1 10,4 8,5 8,4 10,5 10,1 5 10,2 5 10,8 10
2 4 5 8 10,0.055457,12,Yes,N/A,2,N/A,4,5,2 4,2 5,8,4 5,10,2 4 5,2 10,5 8,4 10,5 10,2 4 10,2 5 10,8 10
1 2 4 5 8 10 13,0.0469946,14.7454,Yes,N/A,2,1 2,4,5,2 4,2 5,8,4 5,10,1 10,4 8,13,1 13,2 13,1 2 13,4 13,5 13
1 2 4 5 8 10 12,0.0572514,12.8426,Yes,N/A,2,1 2,4,5,2 4,2 5,8,4 5,10,1 10,12,1 12,2 12,5 10,4 12,5 12,8 10
2 4 5 8 10 13,0.0226122,21.2685,Yes,N/A,2,N/A,4,5,2 4,2 5,8,4 5,10,2 4 5,4 8,13,4 10,2 13,2 4 10,4 13,5 13
2 4 5 8 10 12,0.0276135,20.0046,Yes,N/A,2,N/A,4,5,2 4,2 5,8,4 5,10,2 4 5,12,5 8,2 12,5 10,4 12,5 12,8 10
1 2 4 5 8 10 12 13,0.0310071,20.463,Yes,N/A,2,1 2,4,5,2 4,2 5,8,4 5,10,1 10,12,13,1 13,2 13,4 12,4 13,5 13
2 4 5 8 11 12 13,0.0130941,28.4676,Yes,N/A,2,N/A,4,5,2 4,2 5,8,4 5,2 8,11,12,13,2 12,2 13,5 11,4 13,5 13
1 2 4 5 8 10 11,0.0643029,11.75,Yes,N/A,2,1 2,4,5,2 4,2 5,8,1 8,10,11,1 11,2 11,4 10,4 11,5 11,2 4 11,8 10
2 4 5 8 10 11,0.0382979,16.9398,Yes,N/A,2,N/A,4,5,2 4,2 5,8,4 5,10,11,2 10,2 11,4 10,5 10,5 11,4 5 8,8 10
1 2 4 5 8 10 11 13,0.035727,18.5509,Yes,N/A,2,1 2,4,5,2 4,2 5,8,1 8,10,11,1 11,13,1 13,2 13,5 11,4 13,5 13
2 4 5 8 10 12 13,0.0135399,28.3472,Yes,N/A,2,N/A,4,5,2 4,2 5,8,4 5,10,2 4 5,12,13,2 12,2 13,4 12,4 13,8 10
1 2 4 5 8 10 11 12,0.0431967,16.9074,Yes,N/A,2,1 2,4,5,2 4,2 5,8,1 8,10,11,12,1 12,2 12,4 11,4 12,5 12,8 10
2 4 5 8 10 11 13,0.0172195,25.7593,Yes,N/A,2,N/A,4,5,2 4,2 5,8,4 5,10,11,2 10,13,4 10,2 13,5 11,4 13,5 13
2 4 5 8 10 11 12,0.0222105,23.5787,Yes,N/A,2,N/A,4,5,2 4,2 5,8,4 5,10,11,12,2 11,2 12,5 10,4 12,5 12,8 10
1 2 4 5 8 10 11 12 13,0.0253428,24.0926,Yes,N/A,2,1 2,4,5,2 4,2 5,8,1 8,10,11,12,13,1 13,2 13,4 12,4 13,5 13
2 4 5 9 10 11 12 13,0.00959639,36.5231,Yes,N/A,2,N/A,4,5,2 4,2 5,N/A,9,10,11,12,13,4 10,2 13,4 12,4 13,5 13
1 2 4 5 8 9,0.0886753,6.94907,Yes,N/A,2,1 2,4,5,1 5,2 5,8,9,1 9,2 9,4 8,5 8,5 9,1 5 9,2 5 9,8 9,4 5 9
2 4 5 8 9,0.060261,10.7824,Yes,N/A,2,N/A,4,5,2 4,2 5,8,9,2 8,2 9,4 8,5 8,5 9,2 4 9,2 5 9,8 9,4 5 9
1 2 4 5 8 9 13,0.0460795,14.5509,Yes,N/A,2,1 2,4,5,1 5,2 5,8,9,1 9,2 9,4 8,13,1 13,2 13,1 2 13,4 13,5 13
1 2 4 5 8 9 12,0.0560303,12.7083,Yes,N/A,2,1 2,4,5,1 5,2 5,8,9,1 9,2 9,12,1 12,5 9,2 5 8,4 12,5 12,1 5 12
2 4 5 8 9 13,0.0246366,20.3056,Yes,N/A,2,N/A,4,5,2 4,2 5,8,9,2 8,2 9,4 8,13,5 9,2 13,2 5 9,4 13,5 13
2 4 5 8 9 12,0.0327316,17.9074,Yes,N/A,2,N/A,4,5,2 4,2 5,8,9,2 8,2 9,12,5 8,2 12,2 5 8,4 12,5 12,2 4 12
1 2 4 5 8 9 12 13,0.0298883,20.8611,Yes,N/A,2,1 2,4,5,1 5,2 5,8,9,1 9,2 9,12,13,1 13,2 13,4 12,4 13,5 13
1 2 4 5 8 9 11,0.0688534,10.2593,Yes,N/A,2,1 2,4,5,2 4,2 5,8,9,1 9,11,1 11,4 9,5 9,4 11,5 11,8 9,4 5 9
2 4 5 8 9 11,0.0404436,16.4352,Yes,N/A,2,N/A,4,5,2 4,2 5,8,9,2 8,11,4 8,2 11,5 9,4 11,5 11,8 9,2 5 11
1 2 4 5 8 9 11 13,0.0374336,17.7315,Yes,N/A,2,1 2,4,5,2 4,2 5,8,9,1 9,11,4 8,13,1 13,2 13,5 11,4 13,5 13
2 4 5 8 9 12 13,0.0145223,27.5046,Yes,N/A,2,N/A,4,5,2 4,2 5,8,9,2 8,2 9,12,13,5 9,2 13,4 12,4 13,5 13
1 2 4 5 8 9 11 12,0.0453141,15.8843,Yes,N/A,2,1 2,4,5,1 5,2 5,8,9,1 9,11,12,1 12,2 12,4 11,4 12,5 12,2 4 12
2 4 5 8 9 11 13,0.017904,25.8241,Yes,N/A,2,N/A,4,5,2 4,2 5,8,9,2 8,11,4 8,13,5 9,2 13,5 11,4 13,5 13
2 4 5 8 9 11 12,0.0240935,22.3889,Yes,N/A,2,N/A,4,5,2 4,2 5,8,9,2 8,11,12,4 9,2 12,4 11,5 11,5 12,4 5 9
1 2 4 5 8 9 11 12 13,0.0259693,23.0139,Yes,N/A,2,1 2,4,5,1 5,2 5,8,9,1 9,11,12,13,1 13,4 11,4 12,4 13,5 13
2 4 5 8 10 11 12 13,0.0116709,31.588,Yes,N/A,2,N/A,4,5,2 4,2 5,8,4 5,10,11,12,13,2 12,2 13,4 12,4 13,5 13
1 2 4 5 8 9 10,0.0759847,9.42593,Yes,N/A,2,1 2,4,5,1 5,2 5,8,9,10,1 10,4 8,4 9,4 10,5 10,1 5 10,8 9,8 10
2 4 5 8 9 10,0.0509639,14.1806,Yes,N/A,2,N/A,4,5,2 4,2 5,8,9,10,2 9,4 8,5 8,4 10,5 10,2 4 10,8 9,8 10
1 2 4 5 8 9 10 13,0.0406777,16.9398,Yes,N/A,2,1 2,4,5,1 5,2 5,8,9,10,1 10,4 8,13,1 13,5 10,1 5 10,4 13,5 13
1 2 4 5 8 9 10 12,0.0502641,14.4028,Yes,N/A,2,1 2,4,5,2 4,2 5,8,9,10,1 10,12,1 12,4 10,5 10,4 12,5 12,8 10
2 4 5 8 9 10 13,0.0216558,23.2222,Yes,N/A,2,N/A,4,5,2 4,2 5,8,9,10,2 9,4 8,13,4 10,5 10,2 5 9,4 13,5 13
2 4 5 8 9 10 12,0.0281065,20.9722,Yes,N/A,2,N/A,4,5,2 4,2 5,8,9,10,2 9,12,5 8,4 10,5 10,4 12,5 12,8 10
1 2 4 5 8 9 10 12 13,0.0283314,21.9676,Yes,N/A,2,1 2,4,5,1 5,2 5,8,9,10,1 10,12,13,1 13,5 10,4 12,4 13,5 13
2 4 5 8 9 11 12 13,0.0120266,31.3519,Yes,N/A,2,N/A,4,5,2 4,2 5,8,9,2 8,11,12,13,5 9,4 11,5 11,4 13,5 13
1 2 4 5 8 9 10 11,0.0586013,13.2037,Yes,N/A,2,1 2,4,5,1 5,2 5,8,9,10,11,1 11,4 9,4 10,4 11,5 11,8 9,8 10
2 4 5 8 9 10 11,0.0339698,19.0648,Yes,N/A,2,N/A,4,5,2 4,2 5,8,9,10,11,4 8,5 8,4 10,4 11,5 11,8 9,8 10
1 2 4 5 8 9 10 11 13,0.0336804,19.8981,Yes,N/A,2,1 2,4,5,1 5,2 5,8,9,10,11,1 11,13,1 13,2 13,5 11,4 13,5 13
2 4 5 8 9 10 12 13,0.0137798,29.4583,Yes,N/A,2,N/A,4,5,2 4,2 5,8,9,10,2 9,12,13,4 10,5 10,4 12,4 13,5 13
1 2 4 5 8 9 10 11 12,0.0406135,17.9769,Yes,N/A,2,1 2,4,5,1 5,2 5,8,9,10,11,12,1 12,4 10,4 11,4 12,5 12,8 10
2 4 5 8 9 10 11 13,0.0167924,27.5463,Yes,N/A,2,N/A,4,5,2 4,2 5,8,9,10,11,4 8,13,4 10,2 13,5 11,4 13,5 13
2 4 5 8 9 10 11 12,0.0211631,24.838,Yes,N/A,2,N/A,4,5,2 4,2 5,8,9,10,11,12,4 9,4 10,4 11,4 12,5 12,8 10
1 2 4 5 8 9 10 11 12 13,0.0252983,24.3148,Yes,N/A,2,1 2,4,5,2 4,2 5,8,9,10,11,12,13,1 13,4 11,4 12,4 13,5 13
1 2 4 5 7,0.0944336,5.43981,Yes,N/A,2,1 2,4,5,1 5,7,1 7,4 5,1 2 7,4 7,5 7,1 5 7,2 5 7,1 2 5 7,4 5 7,1 4 5 7,2 4 5 7
2 4 5 7,0.0544383,9.20833,Yes,N/A,2,N/A,4,5,2 4,7,N/A,2 7,N/A,4 7,5 7,2 4 7,2 5 7,N/A,4 5 7,N/A,2 4 5 7
1 2 4 5 7 13,0.0504684,12.5741,Yes,N/A,2,1 2,4,5,2 4,7,1 7,4 5,1 4 5,4 7,5 7,13,1 13,2 13,1 2 13,4 13,5 13
1 2 4 5 7 12,0.0649256,10.6852,Yes,N/A,2,1 2,4,5,1 5,7,1 7,4 5,1 4 5,4 7,12,1 12,2 12,1 2 12,4 12,5 12,1 5 12
2 4 5 7 13,0.0233848,18.5833,Yes,N/A,2,N/A,4,5,2 4,7,N/A,4 5,N/A,4 7,5 7,13,2 5 7,2 13,4 5 7,4 13,5 13
2 4 5 7 12,0.02916,18.1574,Yes,N/A,2,N/A,4,5,2 4,7,N/A,4 5,N/A,4 7,12,2 4 7,2 12,N/A,4 12,5 12,2 4 12
1 2 4 5 7 12 13,0.0324493,18.588,Yes,N/A,2,1 2,4,5,1 5,7,1 7,4 5,1 4 5,4 7,12,13,2 12,2 13,4 12,5 12,5 13
1 2 4 5 7 11,0.0733853,9.41204,Yes,N/A,2,1 2,4,5,2 4,7,1 7,4 5,1 4 5,11,1 11,2 11,1 2 11,4 11,5 11,1 5 11,7 11
2 4 5 7 11,0.0396105,15.7731,Yes,N/A,2,N/A,4,5,2 4,7,N/A,4 5,N/A,11,5 7,2 11,2 5 7,4 11,5 11,2 4 11,7 11
1 2 4 5 7 11 13,0.0369134,17.3287,Yes,N/A,2,1 2,4,5,2 4,7,1 7,4 5,1 2 7,11,1 11,13,1 13,2 13,5 11,4 13,5 13
2 4 5 7 12 13,0.0139307,26.9306,Yes,N/A,2,N/A,4,5,2 4,7,N/A,4 5,N/A,4 7,12,13,2 12,2 13,4 12,5 12,5 13
1 2 4 5 7 11 12,0.0467938,15.1667,Yes,N/A,2,1 2,4,5,1 5,7,1 7,4 5,1 4 5,11,12,1 12,2 12,4 11,4 12,5 12,7 11
2 4 5 7 11 13,0.0152061,26.3519,Yes,N/A,2,N/A,4,5,2 4,7,N/A,2 7,N/A,11,5 7,13,2 5 7,2 13,5 11,4 13,5 13
2 4 5 7 11 12,0.0207398,24.4167,Yes,N/A,2,N/A,4,5,2 4,7,N/A,4 5,N/A,11,12,2 11,2 12,4 11,4 12,5 12,7 11
1 2 4 5 7 11 12 13,0.0248674,23.1019,Yes,N/A,2,1 2,4,5,1 5,7,1 7,4 5,1 4 5,11,12,13,2 12,2 13,4 12,4 13,5 13
1 2 4 5 7 10,0.0858179,7.49074,Yes,N/A,2,1 2,4,5,1 5,7,1 7,4 5,10,4 7,2 10,1 2 10,4 10,5 10,4 5 7,7 10,1 7 10
2 4 5 7 10,0.0542969,12.6343,Yes,N/A,2,N/A,4,5,2 4,7,N/A,4 5,10,4 7,2 10,2 4 7,4 10,5 10,2 4 10,7 10,2 4 5 7
1 2 4 5 7 10 13,0.0472652,14.1157,Yes,N/A,2,1 2,4,5,1 5,7,1 7,4 5,10,4 7,2 10,13,1 13,2 13,1 2 13,4 13,5 13
1 2 4 5 7 10 12,0.0574703,12.7685,Yes,N/A,2,1 2,4,5,1 5,7,1 7,4 5,10,4 7,12,1 12,2 12,5 10,4 12,5 12,1 5 12
2 4 5 7 10 13,0.0237124,21.5787,Yes,N/A,2,N/A,4,5,2 4,7,N/A,4 5,10,4 7,2 10,13,4 10,2 13,4 5 7,4 13,5 13
2 4 5 7 10 12,0.0278422,20.9213,Yes,N/A,2,N/A,4,5,2 4,7,N/A,2 7,10,4 7,12,2 4 7,2 12,5 10,4 12,5 12,2 4 12
1 2 4 5 7 10 12 13,0.0316644,19.8935,Yes,N/A,2,1 2,4,5,1 5,7,1 7,4 5,10,4 7,12,13,2 12,2 13,4 12,4 13,5 13
2 4 5 7 11 12 13,0.00979338,34.2269,Yes,N/A,2,N/A,4,5,2 4,7,N/A,4 5,N/A,11,12,13,2 12,2 13,5 11,4 13,5 13
1 2 4 5 7 10 11,0.0661602,11.2731,Yes,N/A,2,1 2,4,5,1 5,7,1 7,4 5,10,11,1 11,2 11,4 10,4 11,5 11,7 10,7 11
2 4 5 7 10 11,0.0383421,18.125,Yes,N/A,2,N/A,4,5,2 4,7,N/A,4 5,10,11,5 7,2 11,4 10,4 11,5 11,7 10,7 11
1 2 4 5 7 10 11 13,0.0362938,18.4398,Yes,N/A,2,1 2,4,5,2 4,7,1 7,4 5,10,11,2 10,13,1 13,2 13,5 11,4 13,5 13
2 4 5 7 10 12 13,0.0137816,29.1157,Yes,N/A,2,N/A,4,5,2 4,7,N/A,2 7,10,4 7,12,13,2 12,2 13,4 12,5 12,5 13
1 2 4 5 7 10 11 12,0.043544,16.7083,Yes,N/A,2,1 2,4,5,1 5,7,1 7,4 5,10,11,12,2 11,2 12,4 11,4 12,5 12,7 11
2 4 5 7 10 11 13,0.0171061,27.5509,Yes,N/A,2,N/A,4,5,2 4,7,N/A,4 5,10,11,5 7,13,4 10,2 13,5 11,4 13,5 13
2 4 5 7 10 11 12,0.0203727,26.1343,Yes,N/A,2,N/A,4,5,2 4,7,N/A,4 5,10,11,12,2 11,2 12,5 10,4 12,5 12,7 11
1 2 4 5 7 10 11 12 13,0.0254812,23.75,Yes,N/A,2,1 2,4,5,1 5,7,1 7,4 5,10,11,12,13,2 12,2 13,4 12,4 13,5 13
1 2 4 5 7 9,0.0865736,6.72685,Yes,N/A,2,1 2,4,5,2 4,7,1 7,9,1 9,2 9,5 7,4 9,5 9,1 5 9,7 9,1 7 9,4 5 9
2 4 5 7 9,0.0527332,13.963,Yes,N/A,2,N/A,4,5,2 4,7,N/A,9,N/A,2 9,5 7,4 9,5 9,2 4 9,7 9,N/A,2 7 9
1 2 4 5 7 9 13,0.0454475,14.0463,Yes,N/A,2,1 2,4,5,2 4,7,1 7,9,1 9,4 7,5 7,13,5 9,2 13,7 9,4 13,5 13
1 2 4 5 7 9 12,0.056431,12.6713,Yes,N/A,2,1 2,4,5,2 4,7,1 7,9,1 9,4 7,12,1 12,2 12,1 2 12,4 12,5 12,2 4 12
2 4 5 7 9 13,0.0211373,23.7824,Yes,N/A,2,N/A,4,5,2 4,7,N/A,9,N/A,2 9,5 7,13,5 9,2 13,7 9,4 13,5 13
2 4 5 7 9 12,0.0251988,22.7778,Yes,N/A,2,N/A,4,5,2 4,7,N/A,9,N/A,4 7,12,4 9,2 12,2 4 9,7 9,5 12,2 4 12
1 2 4 5 7 9 12 13,0.030492,19.9074,Yes,N/A,2,1 2,4,5,2 4,7,1 7,9,1 9,4 7,12,13,2 12,2 13,4 12,4 13,5 13
1 2 4 5 7 9 11,0.0666116,11.0093,Yes,N/A,2,1 2,4,5,2 4,7,1 7,9,1 9,11,5 7,2 11,5 9,4 11,5 11,2 4 11,7 11
2 4 5 7 9 11,0.0312374,21.4213,Yes,N/A,2,N/A,4,5,2 4,7,N/A,9,N/A,11,5 7,2 11,5 9,4 11,5 11,2 4 11,7 11
1 2 4 5 7 9 11 13,0.034042,19.2963,Yes,N/A,2,1 2,4,5,2 4,7,1 7,9,1 9,11,5 7,13,5 9,2 13,5 11,4 13,5 13
2 4 5 7 9 12 13,0.012552,31.912,Yes,N/A,2,N/A,4,5,2 4,7,N/A,9,N/A,4 7,12,13,5 9,2 13,4 12,4 13,5 13
1 2 4 5 7 9 11 12,0.0430393,16.7778,Yes,N/A,2,1 2,4,5,2 4,7,1 7,9,1 9,11,12,2 11,2 12,4 11,4 12,5 12,7 11
2 4 5 7 9 11 13,0.0128557,32.162,Yes,N/A,2,N/A,4,5,2 4,7,N/A,9,N/A,11,5 7,13,5 9,2 13,5 11,4 13,7 11
2 4 5 7 9 11 12,0.016877,29.8472,Yes,N/A,2,N/A,4,5,2 4,7,N/A,9,N/A,11,12,2 11,2 12,4 11,5 11,5 12,7 11
1 2 4 5 7 9 11 12 13,0.0242299,24.338,Yes,N/A,2,1 2,4,5,2 4,7,1 7,9,1 9,11,12,13,2 12,2 13,4 12,4 13,5 13
2 4 5 7 10 11 12 13,0.0105899,34.9907,Yes,N/A,2,N/A,4,5,2 4,7,N/A,2 7,10,11,12,13,2 12,2 13,5 11,4 13,5 13
1 2 4 5 7 9 10,0.0798073,8.91204,Yes,N/A,2,1 2,4,5,2 4,7,1 7,9,10,2 9,2 10,4 9,5 9,5 10,7 9,7 10,4 5 9
2 4 5 7 9 10,0.0478035,16.1759,Yes,N/A,2,N/A,4,5,2 4,7,N/A,9,10,2 9,5 7,4 9,5 9,5 10,7 9,7 10,4 5 9
1 2 4 5 7 9 10 13,0.0424794,16.2176,Yes,N/A,2,1 2,4,5,2 4,7,1 7,9,10,2 9,2 10,13,4 10,2 13,7 9,4 13,5 13
1 2 4 5 7 9 10 12,0.052001,14.0324,Yes,N/A,2,1 2,4,5,2 4,7,1 7,9,10,2 9,12,4 9,2 12,5 10,4 12,5 12,2 4 12
2 4 5 7 9 10 13,0.0219593,24.7361,Yes,N/A,2,N/A,4,5,2 4,7,N/A,9,10,2 9,5 7,13,5 9,2 13,7 9,4 13,5 13
2 4 5 7 9 10 12,0.02401,24.3935,Yes,N/A,2,N/A,4,5,2 4,7,N/A,9,10,2 9,12,4 9,2 12,5 10,4 12,5 12,2 4 12
1 2 4 5 7 9 10 12 13,0.0298279,21.0602,Yes,N/A,2,1 2,4,5,2 4,7,1 7,9,10,2 9,12,13,5 9,2 13,4 12,4 13,5 13
2 4 5 7 9 11 12 13,0.00854265,39.875,Yes,N/A,2,N/A,4,5,2 4,7,N/A,9,N/A,11,12,13,2 12,2 13,5 11,4 13,5 13
1 2 4 5 7 9 10 11,0.0598102,12.8241,Yes,N/A,2,1 2,4,5,2 4,7,1 7,9,10,11,2 10,2 11,4 10,4 11,5 11,7 10,7 11
2 4 5 7 9 10 11,0.0309297,22.3194,Yes,N/A,2,N/A,4,5,2 4,7,N/A,9,10,11,5 7,2 11,5 9,4 11,5 11,7 10,7 11
1 2 4 5 7 9 10 11 13,0.0337334,19.7963,Yes,N/A,2,1 2,4,5,2 4,7,1 7,9,10,11,2 10,13,4 10,2 13,5 11,4 13,5 13
2 4 5 7 9 10 12 13,0.0130022,32.3565,Yes,N/A,2,N/A,4,5,2 4,7,N/A,9,10,2 9,12,13,5 9,2 13,4 12,5 12,5 13
1 2 4 5 7 9 10 11 12,0.0409909,17.537,Yes,N/A,2,1 2,4,5,2 4,7,1 7,9,10,11,12,2 11,2 12,4 11,4 12,5 12,7 11
2 4 5 7 9 10 11 13,0.0152298,31.4722,Yes,N/A,2,N/A,4,5,2 4,7,N/A,9,10,11,5 7,13,5 9,2 13,5 11,4 13,5 13
2 4 5 7 9 10 11 12,0.0177048,29.8843,Yes,N/A,2,N/A,4,5,2 4,7,N/A,9,10,11,12,2 11,5 9,5 10,7 9,5 12,7 11
1 2 4 5 7 9 10 11 12 13,0.0252529,24.2222,Yes,N/A,2,1 2,4,5,2 4,7,1 7,9,10,11,12,13,2 12,2 13,4 12,4 13,5 13
2 4 5 8 9 10 11 12 13,0.011942,32.3102,Yes,N/A,2,N/A,4,5,2 4,2 5,8,9,10,11,12,13,4 10,2 13,4 12,4 13,5 13
1 2 4 5 7 8,0.0973354,5.875,Yes,N/A,2,1 2,4,5,1 5,7,8,1 8,2 8,4 7,5 7,5 8,2 5 7,7 8,4 5 7,4 5 8,1 2 7 8
2 4 5 7 8,0.0768615,9.25463,Yes,N/A,2,N/A,4,5,2 4,7,8,2 7,2 8,4 7,5 7,5 8,2 4 8,7 8,4 5 7,2 7 8,2 4 5 7
1 2 4 5 7 8 13,0.0536067,12.588,Yes,N/A,2,1 2,4,5,1 5,7,8,4 5,2 8,4 7,5 7,13,1 13,2 13,1 2 13,4 13,5 13
1 2 4 5 7 8 12,0.0677799,10.75,Yes,N/A,2,1 2,4,5,1 5,7,8,4 5,2 8,4 7,12,1 12,2 12,7 8,4 12,5 12,1 5 12
2 4 5 7 8 13,0.0308318,18.3611,Yes,N/A,2,N/A,4,5,2 4,7,8,4 5,2 8,4 7,5 7,13,2 4 8,2 13,4 5 7,4 13,5 13
2 4 5 7 8 12,0.0419203,16.1343,Yes,N/A,2,N/A,4,5,2 4,7,8,4 5,2 8,4 7,12,5 8,2 12,7 8,4 12,5 12,2 4 12
1 2 4 5 7 8 12 13,0.0356099,18.25,Yes,N/A,2,1 2,4,5,1 5,7,8,4 5,2 8,4 7,12,13,1 13,2 13,4 12,5 12,5 13
1 2 4 5 7 8 11,0.0750819,9.85185,Yes,N/A,2,1 2,4,5,1 5,7,8,2 7,2 8,11,1 11,2 11,1 2 11,4 11,5 11,1 5 11,7 11
2 4 5 7 8 11,0.0498136,14.4491,Yes,N/A,2,N/A,4,5,2 4,7,8,2 7,2 8,11,5 7,2 11,2 5 7,4 11,5 11,2 4 11,7 11
1 2 4 5 7 8 11 13,0.0419501,16.2639,Yes,N/A,2,1 2,4,5,1 5,7,8,4 5,2 8,11,5 7,13,1 13,2 13,5 11,4 13,5 13
2 4 5 7 8 12 13,0.0180545,24.9954,Yes,N/A,2,N/A,4,5,2 4,7,8,4 5,2 8,4 7,12,13,2 12,2 13,4 12,5 12,5 13
1 2 4 5 7 8 11 12,0.0492204,14.9861,Yes,N/A,2,1 2,4,5,1 5,7,8,4 5,2 8,11,12,1 12,2 12,4 11,4 12,5 12,7 11
2 4 5 7 8 11 13,0.0210594,23.6389,Yes,N/A,2,N/A,4,5,2 4,7,8,2 7,2 8,11,5 7,13,2 5 7,2 13,5 11,4 13,5 13
2 4 5 7 8 11 12,0.026768,21.4074,Yes,N/A,2,N/A,4,5,2 4,7,8,4 5,2 8,11,12,5 8,2 12,4 11,4 12,5 12,7 11
1 2 4 5 7 8 11 12 13,0.0283359,21.9537,Yes,N/A,2,1 2,4,5,1 5,7,8,4 5,2 8,11,12,13,1 13,2 13,4 12,4 13,5 13
1 2 4 5 7 8 10,0.0859456,8.05556,Yes,N/A,2,1 2,4,5,1 5,7,8,1 8,10,1 10,2 10,5 8,4 10,5 10,1 5 10,7 10,8 10
2 4 5 7 8 10,0.0597661,12.9028,Yes,N/A,2,N/A,4,5,2 4,7,8,2 7,10,4 7,2 10,5 8,4 10,5 10,2 4 10,7 10,8 10
1 2 4 5 7 8 10 13,0.0477235,14.8009,Yes,N/A,2,1 2,4,5,1 5,7,8,4 5,10,1 10,4 8,13,1 13,2 13,1 2 13,4 13,5 13
1 2 4 5 7 8 10 12,0.0589283,12.7176,Yes,N/A,2,1 2,4,5,2 4,7,8,4 5,10,4 7,12,1 12,2 12,5 10,4 12,5 12,8 10
2 4 5 7 8 10 13,0.0242215,22.1481,Yes,N/A,2,N/A,4,5,2 4,7,8,2 7,10,4 7,2 10,13,4 10,2 13,4 5 7,7 10,5 13
2 4 5 7 8 10 12,0.032079,19.7778,Yes,N/A,2,N/A,4,5,2 4,7,8,2 7,10,4 7,12,5 8,2 12,5 10,4 12,5 12,8 10
1 2 4 5 7 8 10 12 13,0.0330957,19.5787,Yes,N/A,2,1 2,4,5,1 5,7,8,4 5,10,1 10,12,13,1 13,2 13,4 12,5 12,5 13
2 4 5 7 8 11 12 13,0.0132643,29.7917,Yes,N/A,2,N/A,4,5,2 4,7,8,4 5,2 8,11,12,13,2 12,7 8,5 11,4 13,5 13
1 2 4 5 7 8 10 11,0.0655669,11.5139,Yes,N/A,2,1 2,4,5,1 5,7,8,2 7,10,11,1 11,2 11,4 10,4 11,5 11,7 10,7 11
2 4 5 7 8 10 11,0.0395494,16.9444,Yes,N/A,2,N/A,4,5,2 4,7,8,2 7,10,11,4 8,2 11,4 10,5 10,5 11,7 10,7 11
1 2 4 5 7 8 10 11 13,0.0382963,17.9722,Yes,N/A,2,1 2,4,5,2 4,7,8,2 7,10,11,4 8,13,1 13,2 13,5 11,4 13,5 13
2 4 5 7 8 10 12 13,0.0154331,28.2315,Yes,N/A,2,N/A,4,5,2 4,7,8,4 5,10,4 7,12,13,2 12,2 13,4 12,5 12,5 13
1 2 4 5 7 8 10 11 12,0.0449679,16.1944,Yes,N/A,2,1 2,4,5,1 5,7,8,2 7,10,11,12,1 12,2 12,4 11,4 12,5 12,7 11
2 4 5 7 8 10 11 13,0.0190131,25.5417,Yes,N/A,2,N/A,4,5,2 4,7,8,2 7,10,11,4 8,13,4 10,2 13,5 11,4 13,5 13
2 4 5 7 8 10 11 12,0.0233282,23.2593,Yes,N/A,2,N/A,4,5,2 4,7,8,2 7,10,11,12,2 11,2 12,5 10,4 12,5 12,7 11
1 2 4 5 7 8 10 11 12 13,0.0278665,22.5139,Yes,N/A,2,1 2,4,5,1 5,7,8,2 7,10,11,12,13,1 13,2 13,5 11,4 13,5 13
2 4 5 7 9 10 11 12 13,0.0101106,38.3333,Yes,N/A,2,N/A,4,5,2 4,7,N/A,9,10,11,12,13,2 12,2 13,5 11,4 13,5 13
1 2 4 5 7 8 9,0.0926886,7.12037,Yes,N/A,2,1 2,4,5,1 5,7,8,9,1 9,2 9,5 7,4 9,5 9,7 8,7 9,8 9,1 8 9
2 4 5 7 8 9,0.0670686,11.5602,Yes,N/A,2,N/A,4,5,2 4,7,8,9,2 8,4 7,5 7,4 9,5 9,7 8,7 9,8 9,2 7 9
1 2 4 5 7 8 9 13,0.0506,14.0833,Yes,N/A,2,1 2,4,5,1 5,7,8,9,1 9,2 9,4 8,13,1 13,2 13,7 9,4 13,5 13
1 2 4 5 7 8 9 12,0.0616355,12.0926,Yes,N/A,2,1 2,4,5,1 5,7,8,9,1 9,4 7,12,1 12,2 12,7 8,4 12,5 12,1 5 12
2 4 5 7 8 9 13,0.0286582,20.3194,Yes,N/A,2,N/A,4,5,2 4,7,8,9,2 8,4 7,5 7,13,5 9,2 13,7 9,4 13,5 13
2 4 5 7 8 9 12,0.0342632,18.8194,Yes,N/A,2,N/A,4,5,2 4,7,8,9,2 8,4 7,12,4 9,5 9,7 8,4 12,5 12,2 4 12
1 2 4 5 7 8 9 12 13,0.0343777,19.1481,Yes,N/A,2,1 2,4,5,1 5,7,8,9,1 9,4 7,12,13,1 13,2 13,4 12,4 13,5 13
1 2 4 5 7 8 9 11,0.0692914,10.7407,Yes,N/A,2,1 2,4,5,2 4,7,8,9,1 9,11,1 11,2 11,5 9,4 11,5 11,8 9,7 11
2 4 5 7 8 9 11,0.0412431,16.9444,Yes,N/A,2,N/A,4,5,2 4,7,8,9,2 8,11,5 7,4 9,5 9,4 11,5 11,8 9,7 11
1 2 4 5 7 8 9 11 13,0.0396815,17.2963,Yes,N/A,2,1 2,4,5,2 4,7,8,9,2 8,11,1 11,13,1 13,2 13,5 11,4 13,5 13
2 4 5 7 8 9 12 13,0.0171727,26.8704,Yes,N/A,2,N/A,4,5,2 4,7,8,9,2 8,4 7,12,13,5 9,2 13,4 12,4 13,5 13
1 2 4 5 7 8 9 11 12,0.0466722,15.4213,Yes,N/A,2,1 2,4,5,1 5,7,8,9,1 9,11,12,1 12,2 12,4 11,4 12,5 12,7 11
2 4 5 7 8 9 11 13,0.0195821,25.8102,Yes,N/A,2,N/A,4,5,2 4,7,8,9,2 8,11,5 7,13,5 9,4 11,5 11,4 13,5 13
2 4 5 7 8 9 11 12,0.0237897,23.4954,Yes,N/A,2,N/A,4,5,2 4,7,8,9,2 8,11,12,4 9,5 9,4 11,5 11,5 12,7 11
1 2 4 5 7 8 9 11 12 13,0.0283896,22.1019,Yes,N/A,2,1 2,4,5,2 4,7,8,9,1 9,11,12,13,1 13,2 13,4 12,4 13,5 13
2 4 5 7 8 10 11 12 13,0.0129273,31.0509,Yes,N/A,2,N/A,4,5,2 4,7,8,4 5,10,11,12,13,2 12,2 13,5 11,4 13,5 13
1 2 4 5 7 8 9 10,0.0769042,9.43056,Yes,N/A,2,1 2,4,5,1 5,7,8,9,10,1 10,2 10,4 9,4 10,5 10,7 9,7 10,8 10
2 4 5 7 8 9 10,0.0488566,14.6574,Yes,N/A,2,N/A,4,5,2 4,7,8,9,10,2 9,5 7,5 8,5 9,5 10,7 9,7 10,8 10
1 2 4 5 7 8 9 10 13,0.0454311,15.5787,Yes,N/A,2,1 2,4,5,1 5,7,8,9,10,2 9,4 8,13,1 13,2 13,7 9,4 13,5 13
1 2 4 5 7 8 9 10 12,0.053753,13.6667,Yes,N/A,2,1 2,4,5,1 5,7,8,9,10,2 9,12,1 12,2 12,5 10,4 12,5 12,8 10
2 4 5 7 8 9 10 13,0.0240906,22.7546,Yes,N/A,2,N/A,4,5,2 4,7,8,9,10,2 9,5 7,13,5 9,2 13,7 9,4 13,5 13
2 4 5 7 8 9 10 12,0.0286157,20.963,Yes,N/A,2,N/A,4,5,2 4,7,8,9,10,2 9,12,5 8,2 12,5 10,4 12,5 12,8 10
1 2 4 5 7 8 9 10 12 13,0.0328724,19.8519,Yes,N/A,2,1 2,4,5,1 5,7,8,9,10,2 9,12,13,1 13,2 13,4 12,4 13,5 13
2 4 5 7 8 9 11 12 13,0.0130429,31.537,Yes,N/A,2,N/A,4,5,2 4,7,8,9,2 8,11,12,13,5 9,4 11,5 11,4 13,5 13
1 2 4 5 7 8 9 10 11,0.0602218,12.2731,Yes,N/A,2,1 2,4,5,2 4,7,8,9,10,11,1 11,2 11,4 10,4 11,5 11,7 10,7 11
2 4 5 7 8 9 10 11,0.0344531,18.8519,Yes,N/A,2,N/A,4,5,2 4,7,8,9,10,11,5 7,2 11,5 9,4 11,5 11,7 10,7 11
1 2 4 5 7 8 9 10 11 13,0.0374204,17.9907,Yes,N/A,2,1 2,4,5,2 4,7,8,9,10,11,1 11,13,1 13,2 13,5 11,4 13,5 13
2 4 5 7 8 9 10 12 13,0.0158596,28.3148,Yes,N/A,2,N/A,4,5,2 4,7,8,9,10,4 7,12,13,2 12,2 13,4 12,5 12,5 13
1 2 4 5 7 8 9 10 11 12,0.0438925,16.2269,Yes,N/A,2,1 2,4,5,1 5,7,8,9,10,11,12,1 12,2 12,4 11,4 12,5 12,7 11
2 4 5 7 8 9 10 11 13,0.0187562,26.5509,Yes,N/A,2,N/A,4,5,2 4,7,8,9,10,11,5 7,13,5 9,2 13,5 11,4 13,5 13
2 4 5 7 8 9 10 11 12,0.0221584,24.3102,Yes,N/A,2,N/A,4,5,2 4,7,8,9,10,11,12,2 11,2 12,5 10,4 12,5 12,7 11
1 2 4 5 7 8 9 10 11 12 13,0.0292196,21.75,Yes,N/A,2,1 2,4,5,2 4,7,8,9,10,11,12,13,1 13,2 13,4 12,4 13,5 13
2 4 6 7 8 9 10 11 12 13,0.0119037,33.6667,Yes,N/A,2,N/A,4,N/A,6,7,8,9,10,11,12,13,2 12,2 13,4 12,4 13,6 12
1 2 4 5 6,0.0905852,4.96759,Yes,N/A,2,1 2,4,5,6,1 6,2 6,4 5,4 6,5 6,1 5 6,2 5 6,1 2 5 6,4 5 6,1 4 5 6,2 4 5 6,1 2 4 5 6
2 4 5 6,0.0751315,6.62037,Yes,N/A,2,N/A,4,5,6,2 5,2 6,4 5,4 6,5 6,2 4 6,2 5 6,N/A,4 5 6,N/A,2 4 5 6,N/A
1 2 4 5 6 13,0.0497173,12.0417,Yes,N/A,2,1 2,4,5,6,1 6,2 6,4 5,4 6,5 6,2 4 6,13,1 13,2 13,1 2 13,4 13,5 13
1 2 4 5 6 12,0.0661665,9.81019,Yes,N/A,2,1 2,4,5,6,1 6,2 6,4 5,4 6,5 6,12,1 12,2 12,1 2 12,4 12,5 12,6 12
2 4 5 6 13,0.0269648,16.5694,Yes,N/A,2,N/A,4,5,6,2 5,2 6,4 5,4 6,5 6,2 4 6,13,N/A,2 13,N/A,4 13,5 13
2 4 5 6 12,0.0421127,13.1296,Yes,N/A,2,N/A,4,5,6,2 5,2 6,4 5,4 6,5 6,12,2 5 6,2 12,4 5 6,4 12,5 12,6 12
1 2 4 5 6 12 13,0.0331842,18.2639,Yes,N/A,2,1 2,4,5,6,1 6,2 6,4 5,4 6,5 6,12,13,1 13,2 13,4 12,5 12,5 13
1 2 4 5 6 11,0.0791698,8.25,Yes,N/A,2,1 2,4,5,6,2 5,2 6,4 5,4 6,11,1 11,2 11,1 2 11,4 11,5 11,6 11,1 6 11
2 4 5 6 11,0.0483867,12.9907,Yes,N/A,2,N/A,4,5,6,2 5,2 6,4 5,4 6,11,2 4 6,2 11,N/A,4 11,5 11,6 11,2 5 11
1 2 4 5 6 11 13,0.0407747,15.4491,Yes,N/A,2,1 2,4,5,6,2 5,2 6,4 5,4 6,11,1 11,13,1 13,4 11,5 11,6 11,5 13
2 4 5 6 12 13,0.0182356,21.9491,Yes,N/A,2,N/A,4,5,6,2 5,2 6,4 5,4 6,5 6,12,13,2 12,2 13,4 12,4 13,6 12
1 2 4 5 6 11 12,0.0496895,14.3889,Yes,N/A,2,1 2,4,5,6,1 6,2 6,4 5,4 6,11,12,1 12,2 12,4 11,5 11,5 12,6 12
2 4 5 6 11 13,0.018273,22.912,Yes,N/A,2,N/A,4,5,6,2 5,2 6,4 5,4 6,11,2 4 6,13,N/A,2 13,5 11,6 11,5 13
2 4 5 6 11 12,0.0289958,18.5463,Yes,N/A,2,N/A,4,5,6,2 5,2 6,4 5,4 6,11,12,2 11,2 12,4 11,4 12,5 12,6 12
1 2 4 5 6 11 12 13,0.0268713,22.1065,Yes,N/A,2,1 2,4,5,6,1 6,2 6,4 5,4 6,11,12,13,1 13,2 13,5 11,5 12,5 13
1 2 4 5 6 10,0.0868612,7.19907,Yes,N/A,2,1 2,4,5,6,1 6,2 6,4 5,10,1 10,2 10,1 2 10,4 10,5 10,6 10,1 6 10,2 6 10
2 4 5 6 10,0.0640562,10.6481,Yes,N/A,2,N/A,4,5,6,2 5,2 6,4 5,10,5 6,2 10,2 5 6,4 10,5 10,6 10,2 5 10,2 6 10
1 2 4 5 6 10 13,0.0465357,14.1574,Yes,N/A,2,1 2,4,5,6,1 6,2 6,4 5,10,1 10,2 10,13,1 13,5 10,6 10,4 13,5 13
1 2 4 5 6 10 12,0.0585778,12.0417,Yes,N/A,2,1 2,4,5,6,1 6,2 6,4 5,10,1 10,12,1 12,2 12,5 10,4 12,5 12,6 12
2 4 5 6 10 13,0.0261482,19.1759,Yes,N/A,2,N/A,4,5,6,2 5,2 6,4 5,10,5 6,2 10,13,4 10,2 13,6 10,4 13,5 13
2 4 5 6 10 12,0.0317971,18.2778,Yes,N/A,2,N/A,4,5,6,2 5,2 6,4 5,10,5 6,12,2 5 6,2 12,5 10,4 12,5 12,6 12
1 2 4 5 6 10 12 13,0.0314315,19.6157,Yes,N/A,2,1 2,4,5,6,1 6,2 6,4 5,10,1 10,12,13,1 13,2 13,4 12,4 13,5 13
2 4 5 6 11 12 13,0.0131092,27.3611,Yes,N/A,2,N/A,4,5,6,2 5,2 6,4 5,4 6,11,12,13,2 12,2 13,5 11,6 11,5 13
1 2 4 5 6 10 11,0.0663273,11.4722,Yes,N/A,2,1 2,4,5,6,1 6,2 6,4 5,10,11,1 11,2 11,4 10,4 11,5 11,6 11,1 6 11
2 4 5 6 10 11,0.0393331,16.2824,Yes,N/A,2,N/A,4,5,6,2 5,2 6,4 5,10,11,2 10,2 11,4 10,4 11,6 10,6 11,2 6 10
1 2 4 5 6 10 11 13,0.0364493,17.8935,Yes,N/A,2,1 2,4,5,6,1 6,2 6,4 5,10,11,1 11,13,1 13,4 11,5 11,4 13,5 13
2 4 5 6 10 12 13,0.0158656,25.9306,Yes,N/A,2,N/A,4,5,6,2 5,2 6,4 5,10,5 6,12,13,2 12,2 13,4 12,4 13,6 12
1 2 4 5 6 10 11 12,0.0434009,16.8843,Yes,N/A,2,1 2,4,5,6,1 6,2 6,4 5,10,11,12,1 12,2 12,4 11,4 12,5 12,6 12
2 4 5 6 10 11 13,0.0171524,25.0556,Yes,N/A,2,N/A,4,5,6,2 5,2 6,4 5,10,11,2 10,13,4 10,4 11,5 11,6 11,5 13
2 4 5 6 10 11 12,0.022962,22.5324,Yes,N/A,2,N/A,4,5,6,2 5,2 6,4 5,10,11,12,2 11,4 10,4 11,4 12,5 12,6 12
1 2 4 5 6 10 11 12 13,0.025554,23.4722,Yes,N/A,2,1 2,4,5,6,1 6,2 6,4 5,10,11,12,13,1 13,4 11,4 12,5 12,5 13
1 2 4 5 6 9,0.0899665,6.61574,Yes,N/A,2,1 2,4,5,6,2 5,2 6,9,1 9,5 6,1 2 9,4 9,5 9,6 9,1 6 9,2 6 9,4 5 9
2 4 5 6 9,0.0738125,9.71296,Yes,N/A,2,N/A,4,5,6,2 5,2 6,9,4 6,2 9,2 4 6,4 9,5 9,6 9,2 5 9,2 6 9,4 5 9
1 2 4 5 6 9 13,0.04667,14.162,Yes,N/A,2,1 2,4,5,6,2 5,2 6,9,4 6,5 6,1 2 9,13,1 13,2 13,1 2 13,4 13,5 13
1 2 4 5 6 9 12,0.0632891,11.0556,Yes,N/A,2,1 2,4,5,6,2 5,2 6,9,4 6,5 6,12,1 12,5 9,6 9,4 12,5 12,6 12
2 4 5 6 9 13,0.0283051,18.9444,Yes,N/A,2,N/A,4,5,6,2 5,2 6,9,4 6,2 9,2 4 6,13,5 9,2 13,2 5 9,4 13,5 13
2 4 5 6 9 12,0.041135,16.0324,Yes,N/A,2,N/A,4,5,6,2 5,2 6,9,4 6,5 6,12,4 9,2 12,6 9,4 12,5 12,6 12
1 2 4 5 6 9 12 13,0.0331695,19.2083,Yes,N/A,2,1 2,4,5,6,2 5,2 6,9,1 9,5 6,12,13,1 13,2 13,4 12,4 13,5 13
1 2 4 5 6 9 11,0.0743251,9.77778,Yes,N/A,2,1 2,4,5,6,2 5,2 6,9,4 6,11,1 11,2 11,5 9,4 11,5 11,6 11,2 5 11
2 4 5 6 9 11,0.0447217,15.7454,Yes,N/A,2,N/A,4,5,6,2 5,2 6,9,4 6,11,2 4 6,2 11,5 9,4 11,5 11,6 11,2 5 11
1 2 4 5 6 9 11 13,0.038835,17.0926,Yes,N/A,2,1 2,4,5,6,2 5,2 6,9,4 6,11,1 11,13,1 13,4 11,5 11,4 13,5 13
2 4 5 6 9 12 13,0.0179215,24.8472,Yes,N/A,2,N/A,4,5,6,2 5,2 6,9,4 6,2 9,12,13,2 12,2 13,4 12,4 13,5 13
1 2 4 5 6 9 11 12,0.047741,15.2222,Yes,N/A,2,1 2,4,5,6,2 5,2 6,9,1 9,11,12,1 12,5 9,4 11,5 11,5 12,6 12
2 4 5 6 9 11 13,0.018563,25.1019,Yes,N/A,2,N/A,4,5,6,2 5,2 6,9,4 6,11,2 4 6,13,5 9,2 13,5 11,4 13,5 13
2 4 5 6 9 11 12,0.0270981,21.2407,Yes,N/A,2,N/A,4,5,6,2 5,2 6,9,4 6,11,12,2 11,5 9,4 11,5 11,5 12,6 12
1 2 4 5 6 9 11 12 13,0.0276839,22.5556,Yes,N/A,2,1 2,4,5,6,2 5,2 6,9,4 6,11,12,13,1 13,4 11,5 11,4 13,5 13
2 4 5 6 10 11 12 13,0.0118787,30.3889,Yes,N/A,2,N/A,4,5,6,2 5,2 6,4 5,10,11,12,13,2 12,4 11,4 12,4 13,6 12
1 2 4 5 6 9 10,0.0802428,9.26852,Yes,N/A,2,1 2,4,5,6,1 6,2 6,9,10,1 10,2 10,4 9,4 10,5 10,6 10,2 5 10,4 5 9
2 4 5 6 9 10,0.057201,13.2963,Yes,N/A,2,N/A,4,5,6,2 5,2 6,9,10,5 6,2 10,4 9,4 10,5 10,6 10,2 5 10,2 6 10
1 2 4 5 6 9 10 13,0.041388,16.8194,Yes,N/A,2,1 2,4,5,6,1 6,2 6,9,10,1 10,2 10,13,1 13,5 10,6 10,4 13,5 13
1 2 4 5 6 9 10 12,0.0541917,13.9491,Yes,N/A,2,1 2,4,5,6,1 6,2 6,9,10,1 10,12,1 12,4 10,5 10,4 12,5 12,6 12
2 4 5 6 9 10 13,0.0237024,22.3241,Yes,N/A,2,N/A,4,5,6,2 5,2 6,9,10,5 6,2 10,13,4 10,6 9,6 10,4 13,5 13
2 4 5 6 9 10 12,0.0319367,19.662,Yes,N/A,2,N/A,4,5,6,2 5,2 6,9,10,5 6,12,4 9,4 10,5 10,4 12,5 12,6 12
1 2 4 5 6 9 10 12 13,0.0301479,21.0231,Yes,N/A,2,1 2,4,5,6,1 6,2 6,9,10,1 10,12,13,1 13,5 10,4 12,4 13,5 13
2 4 5 6 9 11 12 13,0.0133626,29.9861,Yes,N/A,2,N/A,4,5,6,2 5,2 6,9,4 6,11,12,13,5 9,2 13,5 11,4 13,5 13
1 2 4 5 6 9 10 11,0.0605454,12.9074,Yes,N/A,2,1 2,4,5,6,1 6,2 6,9,10,11,1 11,4 9,4 10,4 11,5 11,6 11,1 6 11
2 4 5 6 9 10 11,0.0341262,18.9306,Yes,N/A,2,N/A,4,5,6,2 5,2 6,9,10,11,2 10,4 9,5 9,4 11,5 11,6 11,4 5 9
1 2 4 5 6 9 10 11 13,0.0341503,19.6019,Yes,N/A,2,1 2,4,5,6,2 5,2 6,9,10,11,1 11,13,1 13,4 11,5 11,4 13,5 13
2 4 5 6 9 10 12 13,0.0159368,27.7407,Yes,N/A,2,N/A,4,5,6,2 5,2 6,9,10,5 6,12,13,4 10,5 10,4 12,4 13,5 13
1 2 4 5 6 9 10 11 12,0.0418259,17.5324,Yes,N/A,2,1 2,4,5,6,1 6,2 6,9,10,11,12,1 12,4 10,4 11,4 12,5 12,6 12
2 4 5 6 9 10 11 13,0.0166004,27.5231,Yes,N/A,2,N/A,4,5,6,2 5,2 6,9,10,11,2 10,13,5 9,4 11,5 11,4 13,5 13
2 4 5 6 9 10 11 12,0.0220684,24.0278,Yes,N/A,2,N/A,4,5,6,2 5,2 6,9,10,11,12,4 9,4 10,4 11,4 12,5 12,6 12
1 2 4 5 6 9 10 11 12 13,0.0258828,24.2407,Yes,N/A,2,1 2,4,5,6,1 6,2 6,9,10,11,12,13,1 13,4 11,4 12,4 13,5 13
1 2 4 5 6 8,0.10462,5.18981,Yes,N/A,2,1 2,4,5,6,1 6,8,1 8,4 6,5 6,4 8,5 8,6 8,4 5 6,2 6 8,4 5 8,4 6 8
2 4 5 6 8,0.084779,8.58796,Yes,N/A,2,N/A,4,5,6,2 5,8,4 5,2 8,5 6,4 8,5 8,6 8,4 5 6,2 6 8,4 5 8,4 6 8
1 2 4 5 6 8 13,0.0555586,12.162,Yes,N/A,2,1 2,4,5,6,1 6,8,1 8,2 8,5 6,4 8,13,1 13,2 13,1 2 13,4 13,5 13
1 2 4 5 6 8 12,0.0709172,9.94907,Yes,N/A,2,1 2,4,5,6,1 6,8,1 8,4 6,5 6,12,1 12,2 12,1 2 12,4 12,5 12,6 12
2 4 5 6 8 13,0.0343958,17.1944,Yes,N/A,2,N/A,4,5,6,2 5,8,4 5,2 8,5 6,4 8,13,6 8,2 13,2 6 8,4 13,5 13
2 4 5 6 8 12,0.0425521,15.7222,Yes,N/A,2,N/A,4,5,6,2 5,8,4 5,2 8,5 6,12,5 8,2 12,4 5 6,4 12,5 12,6 12
1 2 4 5 6 8 12 13,0.0368865,17.3287,Yes,N/A,2,1 2,4,5,6,1 6,8,1 8,4 6,5 6,12,13,1 13,2 13,4 12,4 13,5 13
1 2 4 5 6 8 11,0.0837445,8.52315,Yes,N/A,2,1 2,4,5,6,1 6,8,4 5,4 6,11,1 11,2 11,6 8,4 11,5 11,6 11,1 6 11
2 4 5 6 8 11,0.0517286,14.0602,Yes,N/A,2,N/A,4,5,6,2 5,8,4 5,4 6,11,4 8,2 11,6 8,4 11,5 11,6 11,2 5 11
1 2 4 5 6 8 11 13,0.0448326,15.5185,Yes,N/A,2,1 2,4,5,6,2 5,8,4 5,4 6,11,1 11,13,1 13,2 13,5 11,4 13,5 13
2 4 5 6 8 12 13,0.0202053,23.5,Yes,N/A,2,N/A,4,5,6,2 5,8,4 5,2 8,5 6,12,13,2 12,2 13,4 12,4 13,6 12
1 2 4 5 6 8 11 12,0.0537341,13.6204,Yes,N/A,2,1 2,4,5,6,1 6,8,1 8,4 6,11,12,1 12,2 12,4 11,4 12,5 12,6 12
2 4 5 6 8 11 13,0.021141,23.3519,Yes,N/A,2,N/A,4,5,6,2 5,8,4 5,2 8,11,4 8,13,6 8,2 13,5 11,6 11,5 13
2 4 5 6 8 11 12,0.0303151,19.5185,Yes,N/A,2,N/A,4,5,6,2 5,8,4 5,4 6,11,12,2 11,2 12,4 11,4 12,6 11,6 12
1 2 4 5 6 8 11 12 13,0.0302854,20.6667,Yes,N/A,2,1 2,4,5,6,1 6,8,1 8,4 6,11,12,13,1 13,2 13,5 11,5 12,5 13
1 2 4 5 6 8 10,0.089627,7.72222,Yes,N/A,2,1 2,4,5,6,1 6,8,1 8,10,1 10,2 10,5 8,4 10,5 10,6 10,1 6 10,8 10
2 4 5 6 8 10,0.0567332,13.2546,Yes,N/A,2,N/A,4,5,6,2 5,8,4 5,10,5 6,2 10,5 8,6 8,5 10,6 10,2 5 10,8 10
1 2 4 5 6 8 10 13,0.0500564,14.2269,Yes,N/A,2,1 2,4,5,6,2 5,8,4 5,10,5 6,2 10,13,1 13,2 13,6 10,4 13,5 13
1 2 4 5 6 8 10 12,0.0582449,12.6019,Yes,N/A,2,1 2,4,5,6,2 5,8,4 5,10,1 10,12,1 12,2 12,5 10,4 12,5 12,6 12
2 4 5 6 8 10 13,0.0269658,20.9815,Yes,N/A,2,N/A,4,5,6,2 5,8,4 5,10,5 6,2 10,13,6 8,2 13,6 10,4 13,8 10
2 4 5 6 8 10 12,0.0278609,21.7083,Yes,N/A,2,N/A,4,5,6,2 5,8,4 5,10,5 6,12,5 8,2 12,5 10,6 10,5 12,6 12
1 2 4 5 6 8 10 12 13,0.0333013,19.2176,Yes,N/A,2,1 2,4,5,6,2 5,8,1 8,10,1 10,12,13,2 12,2 13,4 12,4 13,6 12
2 4 5 6 8 11 12 13,0.0147822,27.8241,Yes,N/A,2,N/A,4,5,6,2 5,8,4 5,4 6,11,12,13,2 12,2 13,4 12,6 11,6 12
1 2 4 5 6 8 10 11,0.0687155,10.9583,Yes,N/A,2,1 2,4,5,6,1 6,8,4 5,10,11,2 10,2 11,6 8,4 11,6 10,6 11,8 10
2 4 5 6 8 10 11,0.0389077,17.1806,Yes,N/A,2,N/A,4,5,6,2 5,8,4 5,10,11,2 10,2 11,6 8,4 11,6 10,6 11,8 10
1 2 4 5 6 8 10 11 13,0.0392218,17.3935,Yes,N/A,2,1 2,4,5,6,1 6,8,4 5,10,11,1 11,13,1 13,2 13,6 10,4 13,5 13
2 4 5 6 8 10 12 13,0.0159297,27.9491,Yes,N/A,2,N/A,4,5,6,2 5,8,4 5,10,5 6,12,13,2 12,2 13,6 10,4 13,6 12
1 2 4 5 6 8 10 11 12,0.0458498,15.5741,Yes,N/A,2,1 2,4,5,6,1 6,8,1 8,10,11,12,2 11,2 12,4 11,4 12,5 12,6 12
2 4 5 6 8 10 11 13,0.0189738,25.2176,Yes,N/A,2,N/A,4,5,6,2 5,8,4 5,10,11,2 10,13,6 8,2 13,6 10,6 11,8 10
2 4 5 6 8 10 11 12,0.0230901,23.7407,Yes,N/A,2,N/A,4,5,6,2 5,8,4 5,10,11,12,2 11,2 12,4 11,6 10,6 11,6 12
1 2 4 5 6 8 10 11 12 13,0.0285791,21.9583,Yes,N/A,2,1 2,4,5,6,1 6,8,4 5,10,11,12,13,1 13,2 13,4 12,4 13,6 12
2 4 5 6 9 10 11 12 13,0.0123812,31.6435,Yes,N/A,2,N/A,4,5,6,2 5,2 6,9,10,11,12,13,4 10,4 11,4 12,4 13,5 13
1 2 4 5 6 8 9,0.0956762,6.71759,Yes,N/A,2,1 2,4,5,6,1 6,8,9,1 9,5 6,4 8,5 8,5 9,6 9,1 6 9,8 9,1 8 9
2 4 5 6 8 9,0.0704305,10.6574,Yes,N/A,2,N/A,4,5,6,2 5,8,9,4 6,2 9,4 8,5 8,6 8,6 9,2 5 9,8 9,4 5 9
1 2 4 5 6 8 9 13,0.0536406,13.5,Yes,N/A,2,1 2,4,5,6,2 5,8,9,1 9,5 6,4 8,13,1 13,2 13,1 2 13,4 13,5 13
1 2 4 5 6 8 9 12,0.0658342,11.0556,Yes,N/A,2,1 2,4,5,6,1 6,8,9,4 6,5 6,12,1 12,2 12,6 9,4 12,5 12,6 12
2 4 5 6 8 9 13,0.0298308,19.3935,Yes,N/A,2,N/A,4,5,6,2 5,8,9,4 6,5 6,4 8,13,5 9,2 13,2 5 9,4 13,5 13
2 4 5 6 8 9 12,0.0396144,16.5046,Yes,N/A,2,N/A,4,5,6,2 5,8,9,4 6,2 9,12,5 8,2 12,6 9,4 12,5 12,6 12
1 2 4 5 6 8 9 12 13,0.0366184,18.3611,Yes,N/A,2,1 2,4,5,6,1 6,8,9,1 9,5 6,12,13,1 13,2 13,4 12,4 13,5 13
1 2 4 5 6 8 9 11,0.0750195,9.75926,Yes,N/A,2,1 2,4,5,6,2 5,8,9,4 6,11,1 11,2 11,5 9,4 11,5 11,6 11,1 6 11
2 4 5 6 8 9 11,0.0427577,16.0509,Yes,N/A,2,N/A,4,5,6,2 5,8,9,4 6,11,4 8,2 11,5 9,6 9,5 11,6 11,2 5 11
1 2 4 5 6 8 9 11 13,0.0428316,16.2731,Yes,N/A,2,1 2,4,5,6,2 5,8,9,4 6,11,1 11,13,1 13,2 13,5 11,4 13,5 13
2 4 5 6 8 9 12 13,0.0195129,24.7917,Yes,N/A,2,N/A,4,5,6,2 5,8,9,4 6,5 6,12,13,2 12,2 13,4 12,4 13,5 13
1 2 4 5 6 8 9 11 12,0.0504096,14.4398,Yes,N/A,2,1 2,4,5,6,2 5,8,9,1 9,11,12,1 12,2 12,4 11,5 11,5 12,6 12
2 4 5 6 8 9 11 13,0.0202602,24.9537,Yes,N/A,2,N/A,4,5,6,2 5,8,9,4 6,11,4 8,13,5 9,2 13,5 11,6 11,5 13
2 4 5 6 8 9 11 12,0.0276518,20.9954,Yes,N/A,2,N/A,4,5,6,2 5,8,9,4 6,11,12,2 11,2 12,4 11,5 11,6 11,6 12
1 2 4 5 6 8 9 11 12 13,0.031342,20.5972,Yes,N/A,2,1 2,4,5,6,2 5,8,9,4 6,11,12,13,1 13,2 13,4 12,4 13,5 13
2 4 5 6 8 10 11 12 13,0.0131312,30.8519,Yes,N/A,2,N/A,4,5,6,2 5,8,4 5,10,11,12,13,2 12,2 13,6 10,6 11,6 12
1 2 4 5 6 8 9 10,0.0797052,8.87037,Yes,N/A,2,1 2,4,5,6,1 6,8,9,10,1 10,2 10,4 9,4 10,5 10,6 10,8 9,8 10
2 4 5 6 8 9 10,0.049455,14.1852,Yes,N/A,2,N/A,4,5,6,2 5,8,9,10,2 9,4 8,4 9,4 10,5 10,6 10,8 9,8 10
1 2 4 5 6 8 9 10 13,0.046033,15.4398,Yes,N/A,2,1 2,4,5,6,1 6,8,9,10,1 10,4 8,13,1 13,2 13,6 10,4 13,5 13
1 2 4 5 6 8 9 10 12,0.0551362,13.1574,Yes,N/A,2,1 2,4,5,6,1 6,8,9,10,1 10,12,1 12,2 12,5 10,4 12,5 12,6 12
2 4 5 6 8 9 10 13,0.0246594,22.1481,Yes,N/A,2,N/A,4,5,6,2 5,8,9,10,2 9,4 8,13,4 10,2 13,6 10,4 13,5 13
2 4 5 6 8 9 10 12,0.0294598,20.5463,Yes,N/A,2,N/A,4,5,6,2 5,8,9,10,2 9,12,4 9,4 10,5 10,4 12,5 12,6 12
1 2 4 5 6 8 9 10 12 13,0.0333828,19.6389,Yes,N/A,2,1 2,4,5,6,1 6,8,9,10,1 10,12,13,1 13,2 13,4 12,4 13,5 13
2 4 5 6 8 9 11 12 13,0.015086,28.5185,Yes,N/A,2,N/A,4,5,6,2 5,8,9,4 6,11,12,13,2 12,2 13,5 11,4 13,5 13
1 2 4 5 6 8 9 10 11,0.0622753,11.7315,Yes,N/A,2,1 2,4,5,6,1 6,8,9,10,11,1 11,5 8,5 9,4 11,5 11,6 11,8 10
2 4 5 6 8 9 10 11,0.0348044,18.6343,Yes,N/A,2,N/A,4,5,6,2 5,8,9,10,11,2 10,2 11,6 8,4 11,6 10,6 11,8 10
1 2 4 5 6 8 9 10 11 13,0.0383165,17.7917,Yes,N/A,2,1 2,4,5,6,2 5,8,9,10,11,1 11,13,1 13,2 13,5 11,4 13,5 13
2 4 5 6 8 9 10 12 13,0.0166666,27.5926,Yes,N/A,2,N/A,4,5,6,2 5,8,9,10,2 9,12,13,4 10,2 13,4 12,4 13,6 12
1 2 4 5 6 8 9 10 11 12,0.0453,15.7454,Yes,N/A,2,1 2,4,5,6,1 6,8,9,10,11,12,1 12,2 12,4 11,4 12,5 12,6 12
2 4 5 6 8 9 10 11 13,0.0186861,26.1065,Yes,N/A,2,N/A,4,5,6,2 5,8,9,10,11,4 8,13,6 8,4 11,6 10,4 13,5 13
2 4 5 6 8 9 10 11 12,0.0232946,23.5,Yes,N/A,2,N/A,4,5,6,2 5,8,9,10,11,12,2 11,4 10,4 11,4 12,6 11,6 12
1 2 4 5 6 8 9 10 11 12 13,0.0301217,21.1296,Yes,N/A,2,1 2,4,5,6,2 5,8,9,10,11,12,13,1 13,2 13,4 12,4 13,5 13
2 4 5 7 8 9 10 11 12 13,0.0135381,31.3796,Yes,N/A,2,N/A,4,5,2 4,7,8,9,10,11,12,13,2 12,2 13,5 11,4 13,5 13
1 2 4 5 6 7,0.108305,5.19907,Yes,N/A,2,1 2,4,5,6,7,1 7,2 7,4 6,5 6,5 7,6 7,1 6 7,4 5 6,4 5 7,4 6 7,5 6 7
2 4 5 6 7,0.0924465,8.18981,Yes,N/A,2,N/A,4,5,6,7,2 6,2 7,4 6,4 7,5 7,6 7,2 5 7,2 6 7,4 5 7,4 6 7,5 6 7
1 2 4 5 6 7 13,0.0603373,11.4954,Yes,N/A,2,1 2,4,5,6,7,2 6,2 7,4 6,5 6,5 7,13,1 13,2 13,1 2 13,4 13,5 13
1 2 4 5 6 7 12,0.072686,9.99074,Yes,N/A,2,1 2,4,5,6,7,1 7,2 7,4 6,5 6,12,1 12,2 12,1 2 12,4 12,5 12,6 12
2 4 5 6 7 13,0.0361426,16.9352,Yes,N/A,2,N/A,4,5,6,7,2 6,2 7,4 6,4 7,5 7,13,2 5 7,2 13,4 5 7,4 13,5 13
2 4 5 6 7 12,0.0471547,14.9537,Yes,N/A,2,N/A,4,5,6,7,2 6,2 7,4 6,5 6,12,6 7,2 12,4 5 6,4 12,5 12,6 12
1 2 4 5 6 7 12 13,0.0379753,17.338,Yes,N/A,2,1 2,4,5,6,7,1 7,2 7,4 6,5 6,12,13,1 13,2 13,4 12,5 12,5 13
1 2 4 5 6 7 11,0.0844139,8.63889,Yes,N/A,2,1 2,4,5,6,7,1 7,4 5,4 6,11,1 11,2 11,1 2 11,4 11,5 11,6 11,7 11
2 4 5 6 7 11,0.05692,13.3981,Yes,N/A,2,N/A,4,5,6,7,2 6,4 5,4 6,11,5 7,2 11,2 5 7,4 11,5 11,6 11,7 11
1 2 4 5 6 7 11 13,0.045211,15.1991,Yes,N/A,2,1 2,4,5,6,7,2 6,4 5,4 6,11,1 11,13,1 13,2 13,5 11,4 13,5 13
2 4 5 6 7 12 13,0.0210537,23.0231,Yes,N/A,2,N/A,4,5,6,7,2 6,2 7,4 6,5 6,12,13,2 12,2 13,4 12,4 13,5 13
1 2 4 5 6 7 11 12,0.0540682,13.625,Yes,N/A,2,1 2,4,5,6,7,1 7,4 5,4 6,11,12,1 12,2 12,4 11,5 11,5 12,6 12
2 4 5 6 7 11 13,0.0233402,22.5694,Yes,N/A,2,N/A,4,5,6,7,2 6,2 7,4 6,11,5 7,13,2 5 7,2 13,5 11,4 13,5 13
2 4 5 6 7 11 12,0.0303122,20.0278,Yes,N/A,2,N/A,4,5,6,7,2 6,4 5,4 6,11,12,2 11,2 12,4 11,5 11,5 12,7 11
1 2 4 5 6 7 11 12 13,0.0299688,20.9815,Yes,N/A,2,1 2,4,5,6,7,1 7,4 5,4 6,11,12,13,1 13,2 13,5 11,5 12,5 13
1 2 4 5 6 7 10,0.0954526,7.17593,Yes,N/A,2,1 2,4,5,6,7,1 7,4 5,10,5 6,2 10,6 7,4 10,5 10,6 10,7 10,1 7 10
2 4 5 6 7 10,0.0704939,10.8657,Yes,N/A,2,N/A,4,5,6,7,2 6,4 5,10,5 6,2 10,6 7,4 10,5 10,6 10,7 10,2 6 10
1 2 4 5 6 7 10 13,0.0535072,13.5787,Yes,N/A,2,1 2,4,5,6,7,2 6,4 5,10,5 6,2 10,13,1 13,2 13,6 10,4 13,5 13
1 2 4 5 6 7 10 12,0.0641053,11.6296,Yes,N/A,2,1 2,4,5,6,7,2 6,4 5,10,5 6,12,1 12,2 12,5 10,4 12,5 12,6 12
2 4 5 6 7 10 13,0.0298813,19.213,Yes,N/A,2,N/A,4,5,6,7,2 6,2 7,10,5 6,2 10,13,4 10,2 13,6 10,4 13,5 13
2 4 5 6 7 10 12,0.0367459,17.5463,Yes,N/A,2,N/A,4,5,6,7,2 6,4 5,10,4 7,12,6 7,2 12,5 10,4 12,5 12,6 12
1 2 4 5 6 7 10 12 13,0.0360951,18.4537,Yes,N/A,2,1 2,4,5,6,7,1 7,4 5,10,5 6,12,13,1 13,2 13,4 12,4 13,5 13
2 4 5 6 7 11 12 13,0.014681,28.6065,Yes,N/A,2,N/A,4,5,6,7,2 6,4 5,4 6,11,12,13,2 12,2 13,5 11,4 13,5 13
1 2 4 5 6 7 10 11,0.0690775,10.9028,Yes,N/A,2,1 2,4,5,6,7,1 7,4 5,10,11,1 11,2 11,4 10,4 11,5 11,6 11,7 11
2 4 5 6 7 10 11,0.0424287,16.1944,Yes,N/A,2,N/A,4,5,6,7,2 6,4 5,10,11,2 10,2 11,4 10,4 11,5 11,6 11,7 11
1 2 4 5 6 7 10 11 13,0.0403722,16.9583,Yes,N/A,2,1 2,4,5,6,7,2 6,4 5,10,11,1 11,13,1 13,2 13,5 11,4 13,5 13
2 4 5 6 7 10 12 13,0.0183806,25.4259,Yes,N/A,2,N/A,4,5,6,7,2 6,2 7,10,5 6,12,13,2 12,5 10,4 12,4 13,5 13
1 2 4 5 6 7 10 11 12,0.0472096,15.4398,Yes,N/A,2,1 2,4,5,6,7,1 7,4 5,10,11,12,1 12,2 12,4 11,5 11,5 12,6 12
2 4 5 6 7 10 11 13,0.0199529,24.6713,Yes,N/A,2,N/A,4,5,6,7,2 6,4 5,10,11,2 10,13,4 10,4 11,5 11,4 13,5 13
2 4 5 6 7 10 11 12,0.0256585,22.2407,Yes,N/A,2,N/A,4,5,6,7,2 6,4 5,10,11,12,6 7,2 12,4 11,4 12,5 12,6 12
1 2 4 5 6 7 10 11 12 13,0.0289635,21.7269,Yes,N/A,2,1 2,4,5,6,7,1 7,4 5,10,11,12,13,1 13,4 11,4 12,5 12,5 13
1 2 4 5 6 7 9,0.0984995,6.46759,Yes,N/A,2,1 2,4,5,6,7,1 7,9,1 9,2 9,5 7,6 7,5 9,6 9,7 9,1 7 9,5 6 7
2 4 5 6 7 9,0.0712828,10.7546,Yes,N/A,2,N/A,4,5,6,7,2 6,9,4 6,2 9,5 7,4 9,5 9,6 9,7 9,2 6 9,2 7 9
1 2 4 5 6 7 9 13,0.0561844,12.8935,Yes,N/A,2,1 2,4,5,6,7,1 7,9,4 6,2 9,5 7,13,1 13,2 13,7 9,4 13,5 13
1 2 4 5 6 7 9 12,0.0668315,10.875,Yes,N/A,2,1 2,4,5,6,7,1 7,9,1 9,5 6,12,1 12,2 12,6 9,4 12,5 12,6 12
2 4 5 6 7 9 13,0.0310619,19.2037,Yes,N/A,2,N/A,4,5,6,7,2 6,9,4 6,2 9,5 7,13,5 9,2 13,7 9,4 13,5 13
2 4 5 6 7 9 12,0.0367845,17.9954,Yes,N/A,2,N/A,4,5,6,7,2 6,9,4 6,4 7,12,4 9,2 12,6 9,4 12,5 12,6 12
1 2 4 5 6 7 9 12 13,0.0377449,17.7407,Yes,N/A,2,1 2,4,5,6,7,1 7,9,1 9,5 6,12,13,1 13,2 13,4 12,4 13,5 13
1 2 4 5 6 7 9 11,0.0759374,9.57407,Yes,N/A,2,1 2,4,5,6,7,2 6,9,4 6,11,1 11,2 11,5 9,4 11,5 11,6 11,7 11
2 4 5 6 7 9 11,0.0438046,16.338,Yes,N/A,2,N/A,4,5,6,7,2 6,9,4 6,11,5 7,2 11,5 9,4 11,5 11,6 11,7 11
1 2 4 5 6 7 9 11 13,0.0433087,16.2824,Yes,N/A,2,1 2,4,5,6,7,2 6,9,4 6,11,1 11,13,1 13,2 13,5 11,4 13,5 13
2 4 5 6 7 9 12 13,0.0186962,25.6991,Yes,N/A,2,N/A,4,5,6,7,2 6,9,4 6,4 7,12,13,5 9,2 13,7 9,4 13,5 13
1 2 4 5 6 7 9 11 12,0.0511501,14.412,Yes,N/A,2,1 2,4,5,6,7,1 7,9,4 6,11,12,2 11,2 12,4 11,5 11,5 12,6 12
2 4 5 6 7 9 11 13,0.0208349,25.213,Yes,N/A,2,N/A,4,5,6,7,2 6,9,4 6,11,5 7,13,5 9,2 13,5 11,4 13,7 11
2 4 5 6 7 9 11 12,0.0256824,22.8889,Yes,N/A,2,N/A,4,5,6,7,2 6,9,4 6,11,12,2 11,5 9,4 11,5 11,5 12,7 11
1 2 4 5 6 7 9 11 12 13,0.030946,20.7731,Yes,N/A,2,1 2,4,5,6,7,1 7,9,4 6,11,12,13,2 12,2 13,4 12,4 13,5 13
2 4 5 6 7 10 11 12 13,0.0138112,29.6528,Yes,N/A,2,N/A,4,5,6,7,2 6,4 5,10,11,12,13,2 12,4 11,4 12,4 13,5 13
1 2 4 5 6 7 9 10,0.0812753,8.63426,Yes,N/A,2,1 2,4,5,6,7,1 7,9,10,1 10,2 10,4 9,4 10,5 10,6 10,7 10,1 7 10
2 4 5 6 7 9 10,0.0537115,13.1111,Yes,N/A,2,N/A,4,5,6,7,2 6,9,10,4 7,2 10,4 9,5 9,5 10,7 9,7 10,5 6 7
1 2 4 5 6 7 9 10 13,0.0485355,14.7546,Yes,N/A,2,1 2,4,5,6,7,1 7,9,10,5 6,2 10,13,1 13,2 13,6 10,4 13,5 13
1 2 4 5 6 7 9 10 12,0.0582095,12.4769,Yes,N/A,2,1 2,4,5,6,7,2 6,9,10,4 7,12,1 12,2 12,5 10,4 12,5 12,6 12
2 4 5 6 7 9 10 13,0.0261998,21.3519,Yes,N/A,2,N/A,4,5,6,7,2 6,9,10,4 7,2 10,13,5 9,2 13,7 9,4 13,5 13
2 4 5 6 7 9 10 12,0.0321509,19.3565,Yes,N/A,2,N/A,4,5,6,7,2 6,9,10,4 7,12,4 9,2 12,5 10,4 12,5 12,6 12
1 2 4 5 6 7 9 10 12 13,0.0354946,18.9074,Yes,N/A,2,1 2,4,5,6,7,1 7,9,10,4 7,12,13,1 13,2 13,4 12,4 13,5 13
2 4 5 6 7 9 11 12 13,0.0141436,30.6435,Yes,N/A,2,N/A,4,5,6,7,2 6,9,4 6,11,12,13,5 9,2 13,5 11,4 13,5 13
1 2 4 5 6 7 9 10 11,0.0638412,11.4676,Yes,N/A,2,1 2,4,5,6,7,2 6,9,10,11,1 11,2 11,4 10,4 11,5 11,6 11,7 11
2 4 5 6 7 9 10 11,0.0366157,18.3056,Yes,N/A,2,N/A,4,5,6,7,2 6,9,10,11,2 10,2 11,5 9,4 11,5 11,7 10,7 11
1 2 4 5 6 7 9 10 11 13,0.0392067,17.4769,Yes,N/A,2,1 2,4,5,6,7,2 6,9,10,11,1 11,13,1 13,4 11,5 11,4 13,5 13
2 4 5 6 7 9 10 12 13,0.0176448,26.7685,Yes,N/A,2,N/A,4,5,6,7,2 6,9,10,4 7,12,13,5 9,5 10,4 12,4 13,5 13
1 2 4 5 6 7 9 10 11 12,0.046375,15.7454,Yes,N/A,2,1 2,4,5,6,7,2 6,9,10,11,12,1 12,2 12,4 11,4 12,5 12,6 12
2 4 5 6 7 9 10 11 13,0.0191386,26.1667,Yes,N/A,2,N/A,4,5,6,7,2 6,9,10,11,2 10,13,5 9,4 11,5 11,4 13,5 13
2 4 5 6 7 9 10 11 12,0.02386,23.6944,Yes,N/A,2,N/A,4,5,6,7,2 6,9,10,11,12,4 9,5 9,4 11,4 12,5 12,7 11
1 2 4 5 6 7 9 10 11 12 13,0.0304786,21.1157,Yes,N/A,2,1 2,4,5,6,7,2 6,9,10,11,12,13,1 13,2 13,4 12,4 13,5 13
2 4 5 6 8 9 10 11 12 13,0.0142027,30.1713,Yes,N/A,2,N/A,4,5,6,2 5,8,9,10,11,12,13,4 10,4 11,4 12,4 13,6 12
1 2 4 5 6 7 8,0.102702,5.93056,Yes,N/A,2,1 2,4,5,6,7,8,1 8,2 8,5 6,5 7,5 8,6 8,7 8,1 7 8,4 6 7,5 6 7
2 4 5 6 7 8,0.0807343,8.80093,Yes,N/A,2,N/A,4,5,6,7,8,2 7,2 8,5 6,4 8,6 7,6 8,7 8,2 6 8,2 7 8,5 6 7
1 2 4 5 6 7 8 13,0.0604998,11.8935,Yes,N/A,2,1 2,4,5,6,7,8,1 8,2 8,5 6,5 7,13,1 13,2 13,1 2 13,4 13,5 13
1 2 4 5 6 7 8 12,0.0713253,9.95833,Yes,N/A,2,1 2,4,5,6,7,8,1 8,2 8,5 6,12,1 12,2 12,7 8,4 12,5 12,6 12
2 4 5 6 7 8 13,0.0347511,17.4259,Yes,N/A,2,N/A,4,5,6,7,8,2 7,2 8,5 6,4 8,13,6 8,2 13,2 6 8,4 13,5 13
2 4 5 6 7 8 12,0.0446897,14.8611,Yes,N/A,2,N/A,4,5,6,7,8,2 7,2 8,5 6,12,5 8,2 12,7 8,4 12,5 12,6 12
1 2 4 5 6 7 8 12 13,0.0403905,16.9954,Yes,N/A,2,1 2,4,5,6,7,8,1 8,2 8,5 6,12,13,1 13,2 13,4 12,4 13,5 13
1 2 4 5 6 7 8 11,0.0808713,8.625,Yes,N/A,2,1 2,4,5,6,7,8,2 7,4 6,11,1 11,2 11,6 8,4 11,5 11,6 11,7 11
2 4 5 6 7 8 11,0.050737,13.713,Yes,N/A,2,N/A,4,5,6,7,8,2 7,4 6,11,4 8,2 11,6 8,4 11,5 11,6 11,7 11
1 2 4 5 6 7 8 11 13,0.0469668,15.0324,Yes,N/A,2,1 2,4,5,6,7,8,2 7,4 6,11,1 11,13,1 13,2 13,5 11,4 13,5 13
2 4 5 6 7 8 12 13,0.0218452,23.1065,Yes,N/A,2,N/A,4,5,6,7,8,2 7,2 8,5 6,12,13,2 12,2 13,4 12,4 13,5 13
1 2 4 5 6 7 8 11 12,0.0549983,13.4167,Yes,N/A,2,1 2,4,5,6,7,8,2 7,4 6,11,12,1 12,2 12,4 11,5 11,5 12,6 12
2 4 5 6 7 8 11 13,0.023792,22.3611,Yes,N/A,2,N/A,4,5,6,7,8,2 7,4 6,11,4 8,13,6 8,2 13,5 11,4 13,5 13
2 4 5 6 7 8 11 12,0.0316834,19.1157,Yes,N/A,2,N/A,4,5,6,7,8,4 5,4 6,11,12,6 7,2 12,4 11,4 12,5 12,6 12
1 2 4 5 6 7 8 11 12 13,0.033235,19.8333,Yes,N/A,2,1 2,4,5,6,7,8,2 7,4 6,11,12,13,1 13,2 13,5 11,5 12,5 13
1 2 4 5 6 7 8 10,0.0872298,7.34259,Yes,N/A,2,1 2,4,5,6,7,8,1 8,10,1 10,2 10,6 7,6 8,5 10,6 10,7 10,8 10
2 4 5 6 7 8 10,0.059057,11.9074,Yes,N/A,2,N/A,4,5,6,7,8,2 7,10,5 6,2 10,5 8,4 10,5 10,6 10,7 10,8 10
1 2 4 5 6 7 8 10 13,0.0524724,13.4028,Yes,N/A,2,1 2,4,5,6,7,8,1 8,10,5 6,2 10,13,1 13,2 13,6 10,4 13,5 13
1 2 4 5 6 7 8 10 12,0.0614723,11.4398,Yes,N/A,2,1 2,4,5,6,7,8,2 7,10,1 10,12,1 12,2 12,5 10,4 12,5 12,6 12
2 4 5 6 7 8 10 13,0.0290571,19.6574,Yes,N/A,2,N/A,4,5,6,7,8,2 7,10,5 6,2 10,13,4 10,2 13,6 10,4 13,5 13
2 4 5 6 7 8 10 12,0.0348268,18.2731,Yes,N/A,2,N/A,4,5,6,7,8,2 7,10,5 6,12,5 8,2 12,5 10,4 12,5 12,6 12
1 2 4 5 6 7 8 10 12 13,0.0377625,17.7824,Yes,N/A,2,1 2,4,5,6,7,8,1 8,10,5 6,12,13,1 13,2 13,4 12,4 13,5 13
2 4 5 6 7 8 11 12 13,0.0166035,27.0787,Yes,N/A,2,N/A,4,5,6,7,8,2 7,4 6,11,12,13,2 12,2 13,5 11,4 13,5 13
1 2 4 5 6 7 8 10 11,0.0681641,10.4213,Yes,N/A,2,1 2,4,5,6,7,8,1 8,10,11,1 11,2 11,6 8,4 11,5 11,6 11,7 11
2 4 5 6 7 8 10 11,0.0413741,16.2037,Yes,N/A,2,N/A,4,5,6,7,8,4 5,10,11,2 10,2 11,4 10,4 11,6 10,6 11,7 11
1 2 4 5 6 7 8 10 11 13,0.0423585,16.287,Yes,N/A,2,1 2,4,5,6,7,8,2 7,10,11,1 11,13,1 13,2 13,5 11,4 13,5 13
2 4 5 6 7 8 10 12 13,0.0193476,25.2917,Yes,N/A,2,N/A,4,5,6,7,8,2 7,10,5 6,12,13,2 12,2 13,4 12,4 13,6 12
1 2 4 5 6 7 8 10 11 12,0.0494712,14.5926,Yes,N/A,2,1 2,4,5,6,7,8,2 7,10,11,12,1 12,2 12,4 11,4 12,5 12,6 12
2 4 5 6 7 8 10 11 13,0.0215136,23.9352,Yes,N/A,2,N/A,4,5,6,7,8,4 5,10,11,2 10,13,4 10,2 13,5 11,4 13,5 13
2 4 5 6 7 8 10 11 12,0.0269448,21.5324,Yes,N/A,2,N/A,4,5,6,7,8,4 5,10,11,12,2 11,2 12,4 11,4 12,5 12,6 12
1 2 4 5 6 7 8 10 11 12 13,0.0324162,19.9213,Yes,N/A,2,1 2,4,5,6,7,8,2 7,10,11,12,13,1 13,2 13,5 11,4 13,5 13
2 4 5 6 7 9 10 11 12 13,0.0142697,30.4722,Yes,N/A,2,N/A,4,5,6,7,2 6,9,10,11,12,13,5 9,4 11,4 12,4 13,5 13
1 2 4 5 6 7 8 9,0.0918031,6.60185,Yes,N/A,2,1 2,4,5,6,7,8,9,1 9,2 9,5 7,6 7,5 9,6 9,7 9,8 9,5 6 7
2 4 5 6 7 8 9,0.0631525,10.9352,Yes,N/A,2,N/A,4,5,6,7,8,9,2 8,2 9,5 7,6 7,5 9,6 9,7 9,8 9,2 7 9
1 2 4 5 6 7 8 9 13,0.0562492,12.5972,Yes,N/A,2,1 2,4,5,6,7,8,9,1 9,5 6,5 7,13,1 13,2 13,7 9,4 13,5 13
1 2 4 5 6 7 8 9 12,0.0661771,10.5556,Yes,N/A,2,1 2,4,5,6,7,8,9,1 9,5 6,12,1 12,2 12,6 9,4 12,5 12,6 12
2 4 5 6 7 8 9 13,0.0312358,18.9722,Yes,N/A,2,N/A,4,5,6,7,8,9,4 6,2 9,5 7,13,5 9,2 13,7 9,4 13,5 13
2 4 5 6 7 8 9 12,0.039114,16.5787,Yes,N/A,2,N/A,4,5,6,7,8,9,4 6,4 7,12,6 7,2 12,6 9,4 12,5 12,6 12
1 2 4 5 6 7 8 9 12 13,0.0404084,16.8333,Yes,N/A,2,1 2,4,5,6,7,8,9,1 9,5 6,12,13,1 13,2 13,4 12,4 13,5 13
1 2 4 5 6 7 8 9 11,0.0733422,9.43056,Yes,N/A,2,1 2,4,5,6,7,8,9,1 9,11,1 11,2 11,5 9,4 11,5 11,6 11,7 11
2 4 5 6 7 8 9 11,0.0449729,15.5556,Yes,N/A,2,N/A,4,5,6,7,8,9,4 6,11,5 7,2 11,5 9,4 11,5 11,6 11,7 11
1 2 4 5 6 7 8 9 11 13,0.0456926,15.3981,Yes,N/A,2,1 2,4,5,6,7,8,9,4 6,11,1 11,13,1 13,2 13,5 11,4 13,5 13
2 4 5 6 7 8 9 12 13,0.021044,24.0833,Yes,N/A,2,N/A,4,5,6,7,8,9,4 6,4 7,12,13,2 12,2 13,4 12,4 13,5 13
1 2 4 5 6 7 8 9 11 12,0.0529473,13.6019,Yes,N/A,2,1 2,4,5,6,7,8,9,1 9,11,12,1 12,2 12,4 11,5 11,5 12,6 12
2 4 5 6 7 8 9 11 13,0.0231987,23.5833,Yes,N/A,2,N/A,4,5,6,7,8,9,4 6,11,5 7,13,5 9,2 13,5 11,4 13,5 13
2 4 5 6 7 8 9 11 12,0.0293152,20.4907,Yes,N/A,2,N/A,4,5,6,7,8,9,4 6,11,12,2 11,2 12,4 11,4 12,6 11,6 12
1 2 4 5 6 7 8 9 11 12 13,0.0348271,19.037,Yes,N/A,2,1 2,4,5,6,7,8,9,4 6,11,12,13,1 13,2 13,5 11,4 13,5 13
2 4 5 6 7 8 10 11 12 13,0.0159116,28.1481,Yes,N/A,2,N/A,4,5,6,7,8,4 5,10,11,12,13,2 12,2 13,4 12,4 13,6 12
1 2 4 5 6 7 8 9 10,0.0795568,8.33796,Yes,N/A,2,1 2,4,5,6,7,8,9,10,1 10,2 10,4 9,5 9,5 10,6 10,7 10,8 10
2 4 5 6 7 8 9 10,0.0525632,13.3565,Yes,N/A,2,N/A,4,5,6,7,8,9,10,2 9,2 10,6 7,4 10,6 9,6 10,7 10,8 10
1 2 4 5 6 7 8 9 10 13,0.0508267,13.8333,Yes,N/A,2,1 2,4,5,6,7,8,9,10,5 6,2 10,13,1 13,2 13,6 10,4 13,5 13
1 2 4 5 6 7 8 9 10 12,0.058776,11.9815,Yes,N/A,2,1 2,4,5,6,7,8,9,10,1 10,12,1 12,2 12,5 10,4 12,5 12,6 12
2 4 5 6 7 8 9 10 13,0.0273386,20.7269,Yes,N/A,2,N/A,4,5,6,7,8,9,10,2 9,2 10,13,4 10,2 13,6 10,4 13,5 13
2 4 5 6 7 8 9 10 12,0.0335147,18.6667,Yes,N/A,2,N/A,4,5,6,7,8,9,10,2 9,12,6 7,2 12,5 10,4 12,5 12,6 12
1 2 4 5 6 7 8 9 10 12 13,0.0390458,17.0741,Yes,N/A,2,1 2,4,5,6,7,8,9,10,5 6,12,13,1 13,2 13,4 12,4 13,5 13
2 4 5 6 7 8 9 11 12 13,0.0171181,27.5463,Yes,N/A,2,N/A,4,5,6,7,8,9,4 6,11,12,13,2 12,2 13,5 11,4 13,5 13
1 2 4 5 6 7 8 9 10 11,0.0653328,10.787,Yes,N/A,2,1 2,4,5,6,7,8,9,10,11,1 11,2 11,5 9,4 11,5 11,6 11,7 11
2 4 5 6 7 8 9 10 11,0.038311,17.1759,Yes,N/A,2,N/A,4,5,6,7,8,9,10,11,2 10,2 11,4 10,4 11,5 11,6 11,7 11
1 2 4 5 6 7 8 9 10 11 13,0.0429773,15.8426,Yes,N/A,2,1 2,4,5,6,7,8,9,10,11,1 11,13,1 13,2 13,5 11,4 13,5 13
2 4 5 6 7 8 9 10 12 13,0.0195512,25.1528,Yes,N/A,2,N/A,4,5,6,7,8,9,10,2 9,12,13,2 12,2 13,4 12,4 13,6 12
1 2 4 5 6 7 8 9 10 11 12,0.050031,13.9444,Yes,N/A,2,1 2,4,5,6,7,8,9,10,11,12,1 12,2 12,5 10,4 12,5 12,6 12
2 4 5 6 7 8 9 10 11 13,0.0217914,24.2037,Yes,N/A,2,N/A,4,5,6,7,8,9,10,11,2 10,13,4 10,2 13,5 11,4 13,5 13
2 4 5 6 7 8 9 10 11 12,0.0268522,21.412,Yes,N/A,2,N/A,4,5,6,7,8,9,10,11,12,2 11,2 12,4 11,4 12,6 11,6 12
1 2 4 5 6 7 8 9 10 11 12 13,0.0352445,18.5741,Yes,N/A,2,1 2,4,5,6,7,8,9,10,11,12,13,1 13,2 13,5 11,4 13,5 13
3 4 5 6 7 8 9 10 11 12 13,0.0154871,28.2407,Yes,N/A,N/A,3,4,5,6,7,8,9,10,11,12,13,3 11,3 12,3 13,4 13,5 13
1 2 3,0.0509474,5.48148,Yes,N/A,2,3,1 3,2 3,1 2 3,N/A,N/A,N/A,N/A,N/A,N/A,N/A,N/A,N/A,N/A,N/A,N/A
2 3,0.0277778,4.84722,Yes,N/A,2,3,N/A,2 3,N/A,N/A,N/A,N/A,N/A,N/A,N/A,N/A,N/A,N/A,N/A,N/A,N/A
1 2 3 13,0.0161528,14.3519,Yes,N/A,2,3,1 3,2 3,1 2 3,N/A,N/A,N/A,N/A,N/A,N/A,13,1 13,2 13,3 13,1 3 13,2 3 13
1 2 3 12,0.0266064,11.8472,Yes,N/A,2,3,1 3,2 3,1 2 3,N/A,N/A,N/A,N/A,N/A,12,1 12,2 12,3 12,1 3 12,2 3 12,1 2 3 12
2 3 13,0.0104595,15.1528,Yes,N/A,2,3,N/A,2 3,N/A,N/A,N/A,N/A,N/A,N/A,N/A,13,N/A,2 13,3 13,N/A,2 3 13
2 3 12,0.0209619,13.3009,Yes,N/A,2,3,N/A,2 3,N/A,N/A,N/A,N/A,N/A,N/A,12,N/A,2 12,3 12,N/A,2 3 12,N/A
1 2 3 12 13,0.0131954,23.0278,Yes,N/A,2,3,1 3,2 3,1 2 3,N/A,N/A,N/A,N/A,N/A,12,13,1 13,2 13,3 13,1 3 13,2 3 13
1 2 3 11,0.0411817,9.45833,Yes,N/A,2,3,1 3,2 3,1 2 3,N/A,N/A,N/A,N/A,11,1 11,2 11,3 11,1 3 11,2 3 11,1 2 3 11,N/A
2 3 11,0.0356224,11.5,Yes,N/A,2,3,N/A,2 3,N/A,N/A,N/A,N/A,N/A,11,N/A,2 11,3 11,N/A,2 3 11,N/A,N/A
1 2 3 11 13,0.0197989,20.0324,Yes,N/A,2,3,1 3,2 3,1 2 3,N/A,N/A,N/A,N/A,11,1 11,13,1 13,2 13,3 13,1 3 13,2 3 13
2 3 12 13,0.0119855,23.4907,Yes,N/A,2,3,N/A,2 3,N/A,N/A,N/A,N/A,N/A,N/A,12,13,2 12,2 13,3 13,2 3 12,2 3 13
1 2 3 11 12,0.0283684,18.5509,Yes,N/A,2,3,1 3,2 3,1 2 3,N/A,N/A,N/A,N/A,11,12,1 12,2 12,3 12,1 3 12,2 3 12,1 2 3 12
2 3 11 13,0.0153062,22.6528,Yes,N/A,2,3,N/A,2 3,N/A,N/A,N/A,N/A,N/A,11,N/A,13,3 11,2 13,3 13,N/A,2 3 13
2 3 11 12,0.0266918,19.5278,Yes,N/A,2,3,N/A,2 3,N/A,N/A,N/A,N/A,N/A,11,12,2 11,2 12,3 12,2 3 11,2 3 12,N/A
1 2 3 11 12 13,0.0132698,29.7731,Yes,N/A,2,3,1 3,2 3,1 2 3,N/A,N/A,N/A,N/A,11,12,13,1 13,2 13,3 13,1 3 13,2 3 13
1 2 3 10,0.0594716,7.37037,Yes,N/A,2,3,1 3,2 3,1 2 3,N/A,N/A,N/A,10,1 10,2 10,3 10,1 3 10,2 3 10,1 2 3 10,N/A,N/A
2 3 10,0.0543124,9.93981,Yes,N/A,2,3,N/A,2 3,N/A,N/A,N/A,N/A,10,N/A,2 10,3 10,N/A,2 3 10,N/A,N/A,N/A
1 2 3 10 13,0.0282679,17.1157,Yes,N/A,2,3,1 3,2 3,1 2 3,N/A,N/A,N/A,10,1 10,2 10,13,1 13,2 13,3 13,1 3 13,2 3 13
1 2 3 10 12,0.0393026,15.4815,Yes,N/A,2,3,1 3,2 3,1 2 3,N/A,N/A,N/A,10,1 10,12,1 12,2 12,3 12,1 3 12,2 3 12,1 2 3 12
2 3 10 13,0.0190883,21.1898,Yes,N/A,2,3,N/A,2 3,N/A,N/A,N/A,N/A,10,N/A,2 10,13,N/A,2 13,3 13,N/A,2 3 13
2 3 10 12,0.0305305,19.0463,Yes,N/A,2,3,N/A,2 3,N/A,N/A,N/A,N/A,10,N/A,12,3 10,2 12,3 12,N/A,2 3 12,N/A
1 2 3 10 12 13,0.0183769,26.1389,Yes,N/A,2,3,1 3,2 3,1 2 3,N/A,N/A,N/A,10,1 10,12,13,1 13,2 13,3 13,2 3 12,2 3 13
2 3 11 12 13,0.010716,30.6574,Yes,N/A,2,3,N/A,2 3,N/A,N/A,N/A,N/A,N/A,11,12,13,3 11,2 13,3 13,2 3 12,2 3 13
1 2 3 10 11,0.050836,14.3565,Yes,N/A,2,3,1 3,2 3,1 2 3,N/A,N/A,N/A,10,11,1 11,2 11,3 11,1 3 11,2 3 11,1 2 3 11,N/A
2 3 10 11,0.0473894,15.9444,Yes,N/A,2,3,N/A,2 3,N/A,N/A,N/A,N/A,10,11,2 10,2 11,3 11,2 3 10,2 3 11,N/A,N/A
1 2 3 10 11 13,0.0242915,24.4398,Yes,N/A,2,3,1 3,2 3,1 2 3,N/A,N/A,N/A,10,11,2 10,13,1 13,2 13,3 13,1 3 13,2 3 13
2 3 10 12 13,0.0110546,30.0926,Yes,N/A,2,3,N/A,2 3,N/A,N/A,N/A,N/A,10,N/A,12,13,2 12,2 13,3 13,2 3 12,2 3 13
1 2 3 10 11 12,0.0298371,23.1435,Yes,N/A,2,3,1 3,2 3,1 2 3,N/A,N/A,N/A,10,11,12,1 12,2 12,3 12,1 3 12,2 3 12,1 2 3 12
2 3 10 11 13,0.0175804,26.8611,Yes,N/A,2,3,N/A,2 3,N/A,N/A,N/A,N/A,10,11,2 10,13,3 11,2 13,3 13,N/A,2 3 13
2 3 10 11 12,0.0235337,25.0231,Yes,N/A,2,3,N/A,2 3,N/A,N/A,N/A,N/A,10,11,12,3 10,2 12,3 12,2 3 11,2 3 12,N/A
1 2 3 10 11 12 13,0.0145065,33.9259,Yes,N/A,2,3,1 3,2 3,1 2 3,N/A,N/A,N/A,10,11,12,13,1 13,2 13,3 13,1 3 13,2 3 13
1 2 3 9,0.0813475,5.73148,Yes,N/A,2,3,1 3,2 3,1 2 3,N/A,N/A,9,1 9,2 9,3 9,1 3 9,2 3 9,1 2 3 9,N/A,N/A,N/A
2 3 9,0.0770319,8.75926,Yes,N/A,2,3,N/A,2 3,N/A,N/A,N/A,9,N/A,2 9,3 9,N/A,2 3 9,N/A,N/A,N/A,N/A
1 2 3 9 13,0.038282,14.5185,Yes,N/A,2,3,1 3,2 3,1 2 3,N/A,N/A,9,1 9,2 9,3 9,13,1 13,2 13,3 13,1 3 13,2 3 13
1 2 3 9 12,0.0521288,12.7917,Yes,N/A,2,3,1 3,2 3,1 2 3,N/A,N/A,9,1 9,2 9,12,1 12,2 12,3 12,1 3 12,2 3 12,1 2 3 12
2 3 9 13,0.0345978,17.6898,Yes,N/A,2,3,N/A,2 3,N/A,N/A,N/A,9,N/A,2 9,3 9,13,2 3 9,2 13,3 13,N/A,2 3 13
2 3 9 12,0.033722,18.1204,Yes,N/A,2,3,N/A,2 3,N/A,N/A,N/A,9,N/A,2 9,12,N/A,2 12,3 12,N/A,2 3 12,N/A
1 2 3 9 12 13,0.0249629,22.7685,Yes,N/A,2,3,1 3,2 3,1 2 3,N/A,N/A,9,1 9,2 9,12,13,2 12,3 12,3 13,1 3 13,2 3 13
1 2 3 9 11,0.0650024,11.6528,Yes,N/A,2,3,1 3,2 3,1 2 3,N/A,N/A,9,1 9,11,1 11,2 11,3 11,1 3 11,2 3 11,1 2 3 11,N/A
2 3 9 11,0.0492371,16.0231,Yes,N/A,2,3,N/A,2 3,N/A,N/A,N/A,9,N/A,11,3 9,2 11,3 11,N/A,2 3 11,N/A,N/A
1 2 3 9 11 13,0.0314537,21.0139,Yes,N/A,2,3,1 3,2 3,1 2 3,N/A,N/A,9,1 9,11,1 11,13,3 11,2 13,3 13,1 3 13,2 3 13
2 3 9 12 13,0.0162727,26.9444,Yes,N/A,2,3,N/A,2 3,N/A,N/A,N/A,9,N/A,2 9,12,13,2 12,3 12,3 13,2 3 12,2 3 13
1 2 3 9 11 12,0.0382193,19.6481,Yes,N/A,2,3,1 3,2 3,1 2 3,N/A,N/A,9,1 9,11,12,1 12,2 12,3 12,2 3 11,2 3 12,1 2 3 12
2 3 9 11 13,0.0193338,26.1667,Yes,N/A,2,3,N/A,2 3,N/A,N/A,N/A,9,N/A,11,3 9,13,3 11,2 13,3 13,N/A,2 3 13
2 3 9 11 12,0.0218171,25.0046,Yes,N/A,2,3,N/A,2 3,N/A,N/A,N/A,9,N/A,11,12,2 11,2 12,3 12,2 3 11,2 3 12,N/A
1 2 3 9 11 12 13,0.019237,29.4028,Yes,N/A,2,3,1 3,2 3,1 2 3,N/A,N/A,9,1 9,11,12,13,2 12,2 13,3 13,2 3 12,2 3 13
2 3 10 11 12 13,0.00960101,35.9861,Yes,N/A,2,3,N/A,2 3,N/A,N/A,N/A,N/A,10,11,12,13,2 12,2 13,3 13,2 3 12,2 3 13
1 2 3 9 10,0.0765131,10.9444,Yes,N/A,2,3,1 3,2 3,1 2 3,N/A,N/A,9,10,1 10,2 10,3 10,1 3 10,2 3 10,1 2 3 10,N/A,N/A
2 3 9 10,0.0689967,13.0556,Yes,N/A,2,3,N/A,2 3,N/A,N/A,N/A,9,10,2 9,2 10,3 10,2 3 9,2 3 10,N/A,N/A,N/A
1 2 3 9 10 13,0.0386287,19.412,Yes,N/A,2,3,1 3,2 3,1 2 3,N/A,N/A,9,10,1 10,3 9,13,1 13,2 13,3 13,1 3 13,2 3 13
1 2 3 9 10 12,0.0459547,18.1713,Yes,N/A,2,3,1 3,2 3,1 2 3,N/A,N/A,9,10,2 9,12,1 12,2 12,3 12,1 3 12,2 3 12,1 2 3 12
2 3 9 10 13,0.0254438,23.0787,Yes,N/A,2,3,N/A,2 3,N/A,N/A,N/A,9,10,2 9,3 9,13,2 3 9,2 13,3 13,N/A,2 3 13
2 3 9 10 12,0.0314887,22.0602,Yes,N/A,2,3,N/A,2 3,N/A,N/A,N/A,9,10,2 9,12,3 10,2 12,3 12,N/A,2 3 12,N/A
1 2 3 9 10 12 13,0.0224644,27.8704,Yes,N/A,2,3,1 3,2 3,1 2 3,N/A,N/A,9,10,1 10,12,13,1 13,3 12,3 13,1 3 13,2 3 13
2 3 9 11 12 13,0.0102525,35.2083,Yes,N/A,2,3,N/A,2 3,N/A,N/A,N/A,9,N/A,11,12,13,2 12,2 13,3 13,2 3 12,2 3 13
1 2 3 9 10 11,0.0506188,17.4676,Yes,N/A,2,3,1 3,2 3,1 2 3,N/A,N/A,9,10,11,1 11,2 11,3 11,1 3 11,2 3 11,1 2 3 11,N/A
2 3 9 10 11,0.0380546,20.2593,Yes,N/A,2,3,N/A,2 3,N/A,N/A,N/A,9,10,11,3 9,2 11,3 11,2 3 10,2 3 11,N/A,N/A
1 2 3 9 10 11 13,0.0268956,26.4352,Yes,N/A,2,3,1 3,2 3,1 2 3,N/A,N/A,9,10,11,2 10,13,1 13,2 13,3 13,1 3 13,2 3 13
2 3 9 10 12 13,0.0133528,31.6389,Yes,N/A,2,3,N/A,2 3,N/A,N/A,N/A,9,10,2 9,12,13,2 12,3 12,3 13,2 3 12,2 3 13
1 2 3 9 10 11 12,0.0302687,25.4861,Yes,N/A,2,3,1 3,2 3,1 2 3,N/A,N/A,9,10,11,12,1 12,2 12,3 12,1 3 12,2 3 12,1 2 3 12
2 3 9 10 11 13,0.0166737,30.1065,Yes,N/A,2,3,N/A,2 3,N/A,N/A,N/A,9,10,11,2 10,13,3 11,2 13,3 13,N/A,2 3 13
2 3 9 10 11 12,0.0189724,29.0972,Yes,N/A,2,3,N/A,2 3,N/A,N/A,N/A,9,10,11,12,2 11,2 12,3 12,2 3 11,2 3 12,N/A
1 2 3 9 10 11 12 13,0.016617,34.9167,Yes,N/A,2,3,1 3,2 3,1 2 3,N/A,N/A,9,10,11,12,13,1 13,2 13,3 13,1 3 13,2 3 13
1 2 3 8,0.106809,4.71759,Yes,N/A,2,3,1 3,2 3,1 2 3,N/A,8,1 8,2 8,3 8,1 3 8,2 3 8,1 2 3 8,N/A,N/A,N/A,N/A
2 3 8,0.103781,7.91667,Yes,N/A,2,3,N/A,2 3,N/A,N/A,8,N/A,2 8,3 8,N/A,2 3 8,N/A,N/A,N/A,N/A,N/A
1 2 3 8 13,0.0486787,12.6713,Yes,N/A,2,3,1 3,2 3,1 2 3,N/A,8,1 8,2 8,3 8,1 3 8,13,1 13,2 13,3 13,1 3 13,2 3 13
1 2 3 8 12,0.0655125,10.6435,Yes,N/A,2,3,1 3,2 3,1 2 3,N/A,8,1 8,2 8,3 8,12,1 12,2 12,3 12,1 3 12,2 3 12,1 2 3 12
2 3 8 13,0.0309089,18.25,Yes,N/A,2,3,N/A,2 3,N/A,N/A,8,N/A,2 8,3 8,N/A,13,N/A,2 13,3 13,N/A,2 3 13
2 3 8 12,0.0566058,14.3889,Yes,N/A,2,3,N/A,2 3,N/A,N/A,8,N/A,2 8,3 8,12,2 3 8,2 12,3 12,N/A,2 3 12,N/A
1 2 3 8 12 13,0.0310951,20.037,Yes,N/A,2,3,1 3,2 3,1 2 3,N/A,8,1 8,2 8,3 8,12,13,1 13,2 13,3 13,1 3 13,2 3 13
1 2 3 8 11,0.0797437,9.56481,Yes,N/A,2,3,1 3,2 3,1 2 3,N/A,8,1 8,2 8,11,1 11,2 11,3 11,1 3 11,2 3 11,1 2 3 11,N/A
2 3 8 11,0.04979,15.5139,Yes,N/A,2,3,N/A,2 3,N/A,N/A,8,N/A,2 8,11,N/A,2 11,3 11,N/A,2 3 11,N/A,N/A
1 2 3 8 11 13,0.0365319,18.5,Yes,N/A,2,3,1 3,2 3,1 2 3,N/A,8,1 8,2 8,11,1 11,13,3 11,2 13,3 13,1 3 13,2 3 13
2 3 8 12 13,0.0208933,24.2824,Yes,N/A,2,3,N/A,2 3,N/A,N/A,8,N/A,2 8,3 8,12,13,2 12,2 13,3 13,2 3 12,2 3 13
1 2 3 8 11 12,0.0478627,16.6157,Yes,N/A,2,3,1 3,2 3,1 2 3,N/A,8,1 8,2 8,11,12,2 11,3 11,3 12,1 3 12,2 3 12,1 2 3 12
2 3 8 11 13,0.0182409,25.9167,Yes,N/A,2,3,N/A,2 3,N/A,N/A,8,N/A,2 8,11,N/A,13,3 11,2 13,3 13,N/A,2 3 13
2 3 8 11 12,0.0292289,21.8102,Yes,N/A,2,3,N/A,2 3,N/A,N/A,8,N/A,2 8,11,12,2 11,3 11,3 12,2 3 11,2 3 12,N/A
1 2 3 8 11 12 13,0.0232939,25.963,Yes,N/A,2,3,1 3,2 3,1 2 3,N/A,8,1 8,2 8,11,12,13,1 13,3 12,3 13,1 3 13,2 3 13
1 2 3 8 10,0.0905138,8.71759,Yes,N/A,2,3,1 3,2 3,1 2 3,N/A,8,1 8,10,1 10,2 10,3 10,1 3 10,2 3 10,1 2 3 10,N/A,8 10
2 3 8 10,0.065055,13.5093,Yes,N/A,2,3,N/A,2 3,N/A,N/A,8,N/A,10,3 8,2 10,3 10,N/A,2 3 10,N/A,N/A,8 10
1 2 3 8 10 13,0.0456144,16.8981,Yes,N/A,2,3,1 3,2 3,1 2 3,N/A,8,1 8,10,3 8,2 10,13,1 13,2 13,3 13,1 3 13,2 3 13
1 2 3 8 10 12,0.0550538,15.2176,Yes,N/A,2,3,1 3,2 3,1 2 3,N/A,8,1 8,10,1 10,12,3 10,2 12,3 12,1 3 12,2 3 12,8 10
2 3 8 10 13,0.023511,23.9815,Yes,N/A,2,3,N/A,2 3,N/A,N/A,8,N/A,10,3 8,2 10,13,N/A,2 13,3 13,N/A,8 10
2 3 8 10 12,0.0316514,21.4074,Yes,N/A,2,3,N/A,2 3,N/A,N/A,8,N/A,10,3 8,12,3 10,2 12,3 12,N/A,2 3 12,8 10
1 2 3 8 10 12 13,0.027027,24.3519,Yes,N/A,2,3,1 3,2 3,1 2 3,N/A,8,1 8,10,1 10,12,13,2 12,2 13,3 13,2 3 12,2 3 13
2 3 8 11 12 13,0.0125387,31.8889,Yes,N/A,2,3,N/A,2 3,N/A,N/A,8,N/A,2 8,11,12,13,3 11,2 13,3 13,2 3 12,2 3 13
1 2 3 8 10 11,0.0601548,14.3287,Yes,N/A,2,3,1 3,2 3,1 2 3,N/A,8,1 8,10,11,1 11,2 11,3 11,2 3 10,2 3 11,1 2 3 11,8 10
2 3 8 10 11,0.0324168,20.3333,Yes,N/A,2,3,N/A,2 3,N/A,N/A,8,N/A,10,11,2 10,2 11,3 11,2 3 10,2 3 11,N/A,8 10
1 2 3 8 10 11 13,0.031094,22.6528,Yes,N/A,2,3,1 3,2 3,1 2 3,N/A,8,1 8,10,11,2 10,13,3 11,2 13,3 13,1 3 13,8 10
2 3 8 10 12 13,0.0138105,31.1852,Yes,N/A,2,3,N/A,2 3,N/A,N/A,8,N/A,10,3 8,12,13,2 12,2 13,3 13,2 3 12,8 10
1 2 3 8 10 11 12,0.0374023,21.4028,Yes,N/A,2,3,1 3,2 3,1 2 3,N/A,8,1 8,10,11,12,2 11,2 12,3 12,2 3 11,2 3 12,8 10
2 3 8 10 11 13,0.0140606,30.5046,Yes,N/A,2,3,N/A,2 3,N/A,N/A,8,N/A,10,11,2 10,13,3 11,2 13,3 13,N/A,8 10
2 3 8 10 11 12,0.0188855,28.2083,Yes,N/A,2,3,N/A,2 3,N/A,N/A,8,N/A,10,11,12,3 10,2 12,3 12,2 3 11,2 3 12,8 10
1 2 3 8 10 11 12 13,0.020088,30.0463,Yes,N/A,2,3,1 3,2 3,1 2 3,N/A,8,1 8,10,11,12,13,2 12,2 13,3 13,2 3 12,8 10
2 3 9 10 11 12 13,0.00953115,38.7454,Yes,N/A,2,3,N/A,2 3,N/A,N/A,N/A,9,10,11,12,13,2 12,2 13,3 13,2 3 12,2 3 13
1 2 3 8 9,0.0985527,8.32407,Yes,N/A,2,3,1 3,2 3,1 2 3,N/A,8,9,1 9,2 9,3 9,1 3 9,2 3 9,1 2 3 9,N/A,8 9,1 8 9
2 3 8 9,0.0839549,10.7778,Yes,N/A,2,3,N/A,2 3,N/A,N/A,8,9,2 8,2 9,3 9,2 3 8,2 3 9,N/A,N/A,8 9,N/A
1 2 3 8 9 13,0.0539102,15.4537,Yes,N/A,2,3,1 3,2 3,1 2 3,N/A,8,9,2 8,3 8,3 9,13,1 13,2 13,3 13,1 3 13,2 3 13
1 2 3 8 9 12,0.0617405,13.9213,Yes,N/A,2,3,1 3,2 3,1 2 3,N/A,8,9,1 9,3 8,12,1 12,2 12,3 12,1 3 12,8 9,1 8 9
2 3 8 9 13,0.0328492,19.4074,Yes,N/A,2,3,N/A,2 3,N/A,N/A,8,9,2 8,3 8,3 9,13,2 3 9,2 13,3 13,8 9,2 3 13
2 3 8 9 12,0.0367752,18.9259,Yes,N/A,2,3,N/A,2 3,N/A,N/A,8,9,2 8,2 9,12,2 3 8,2 12,3 12,N/A,8 9,N/A
1 2 3 8 9 12 13,0.0312016,22.5046,Yes,N/A,2,3,1 3,2 3,1 2 3,N/A,8,9,1 9,2 9,12,13,1 13,3 12,3 13,1 3 13,2 3 13
1 2 3 8 9 11,0.0668037,13.213,Yes,N/A,2,3,1 3,2 3,1 2 3,N/A,8,9,2 8,11,1 11,2 11,3 11,1 3 11,2 3 11,8 9,1 8 9
2 3 8 9 11,0.0432176,17.9028,Yes,N/A,2,3,N/A,2 3,N/A,N/A,8,9,2 8,11,3 9,2 11,3 11,N/A,2 3 11,8 9,N/A
1 2 3 8 9 11 13,0.0356978,21.1204,Yes,N/A,2,3,1 3,2 3,1 2 3,N/A,8,9,2 8,11,1 11,13,1 13,2 13,3 13,8 9,2 3 13
2 3 8 9 12 13,0.0178984,27.0509,Yes,N/A,2,3,N/A,2 3,N/A,N/A,8,9,2 8,3 8,12,13,2 12,3 12,3 13,8 9,2 3 13
1 2 3 8 9 11 12,0.0405351,19.8148,Yes,N/A,2,3,1 3,2 3,1 2 3,N/A,8,9,1 9,11,12,1 12,3 11,3 12,1 3 12,8 9,1 8 9
2 3 8 9 11 13,0.0194852,26.3009,Yes,N/A,2,3,N/A,2 3,N/A,N/A,8,9,2 8,11,3 9,13,3 11,2 13,3 13,8 9,2 3 13
2 3 8 9 11 12,0.0225286,25.1343,Yes,N/A,2,3,N/A,2 3,N/A,N/A,8,9,2 8,11,12,2 11,3 11,3 12,2 3 11,8 9,N/A
1 2 3 8 9 11 12 13,0.0224939,28.2454,Yes,N/A,2,3,1 3,2 3,1 2 3,N/A,8,9,1 9,11,12,13,1 13,3 12,3 13,1 3 13,2 3 13
2 3 8 10 11 12 13,0.00916111,38.3981,Yes,N/A,2,3,N/A,2 3,N/A,N/A,8,N/A,10,11,12,13,2 12,2 13,3 13,2 3 12,8 10
1 2 3 8 9 10,0.0680632,12.7546,Yes,N/A,2,3,1 3,2 3,1 2 3,N/A,8,9,10,1 10,2 10,3 10,1 3 10,2 3 10,1 2 3 10,8 9,8 10
2 3 8 9 10,0.0484578,16.2454,Yes,N/A,2,3,N/A,2 3,N/A,N/A,8,9,10,3 8,2 10,3 10,2 3 9,2 3 10,N/A,8 9,8 10
1 2 3 8 9 10 13,0.0395194,19.8472,Yes,N/A,2,3,1 3,2 3,1 2 3,N/A,8,9,10,1 10,3 9,13,1 13,2 13,3 13,8 9,8 10
1 2 3 8 9 10 12,0.0438968,18.8287,Yes,N/A,2,3,1 3,2 3,1 2 3,N/A,8,9,10,1 10,12,1 12,2 12,3 12,1 3 12,8 9,8 10
2 3 8 9 10 13,0.0219805,24.8565,Yes,N/A,2,3,N/A,2 3,N/A,N/A,8,9,10,3 8,2 10,13,2 3 9,2 13,3 13,8 9,8 10
2 3 8 9 10 12,0.0261463,24,Yes,N/A,2,3,N/A,2 3,N/A,N/A,8,9,10,2 9,12,3 10,2 12,3 12,N/A,8 9,8 10
1 2 3 8 9 10 12 13,0.0251763,26.7639,Yes,N/A,2,3,1 3,2 3,1 2 3,N/A,8,9,10,1 10,12,13,1 13,2 13,3 13,8 9,8 10
2 3 8 9 11 12 13,0.0119026,33.8519,Yes,N/A,2,3,N/A,2 3,N/A,N/A,8,9,2 8,11,12,13,3 11,3 12,3 13,8 9,2 3 13
1 2 3 8 9 10 11,0.0463806,18.4444,Yes,N/A,2,3,1 3,2 3,1 2 3,N/A,8,9,10,11,1 11,2 11,3 11,1 3 11,2 3 11,8 9,8 10
2 3 8 9 10 11,0.028095,22.6574,Yes,N/A,2,3,N/A,2 3,N/A,N/A,8,9,10,11,2 10,2 11,3 11,2 3 10,2 3 11,8 9,8 10
1 2 3 8 9 10 11 13,0.0279084,25.6065,Yes,N/A,2,3,1 3,2 3,1 2 3,N/A,8,9,10,11,1 11,13,1 13,2 13,3 13,8 9,8 10
2 3 8 9 10 12 13,0.0135665,32.3056,Yes,N/A,2,3,N/A,2 3,N/A,N/A,8,9,10,3 8,12,13,2 12,2 13,3 13,8 9,8 10
1 2 3 8 9 10 11 12,0.031063,24.7361,Yes,N/A,2,3,1 3,2 3,1 2 3,N/A,8,9,10,11,12,1 12,2 12,3 12,1 3 12,8 9,8 10
2 3 8 9 10 11 13,0.0146149,31.2824,Yes,N/A,2,3,N/A,2 3,N/A,N/A,8,9,10,11,2 10,13,3 11,2 13,3 13,8 9,8 10
2 3 8 9 10 11 12,0.017192,29.9815,Yes,N/A,2,3,N/A,2 3,N/A,N/A,8,9,10,11,12,3 10,2 12,3 12,2 3 11,8 9,8 10
1 2 3 8 9 10 11 12 13,0.0194574,32.4259,Yes,N/A,2,3,1 3,2 3,1 2 3,N/A,8,9,10,11,12,13,1 13,2 13,3 13,8 9,8 10
1 2 3 7,0.133542,4.25926,Yes,N/A,2,3,1 3,2 3,1 2 3,7,1 7,2 7,3 7,1 3 7,2 3 7,1 2 3 7,N/A,N/A,N/A,N/A,N/A
2 3 7,0.12067,7.45833,Yes,N/A,2,3,N/A,2 3,N/A,7,N/A,2 7,3 7,N/A,2 3 7,N/A,N/A,N/A,N/A,N/A,N/A
1 2 3 7 13,0.0614756,11.3565,Yes,N/A,2,3,1 3,2 3,1 2 3,7,1 7,2 7,3 7,1 3 7,2 3 7,13,1 13,2 13,3 13,1 3 13,2 3 13
1 2 3 7 12,0.0765003,9.50463,Yes,N/A,2,3,1 3,2 3,1 2 3,7,1 7,2 7,3 7,1 3 7,12,1 12,2 12,3 12,1 3 12,2 3 12,1 2 3 12
2 3 7 13,0.0426794,16.5556,Yes,N/A,2,3,N/A,2 3,N/A,7,N/A,2 7,3 7,N/A,2 3 7,13,N/A,2 13,3 13,N/A,2 3 13
2 3 7 12,0.0452484,15.8472,Yes,N/A,2,3,N/A,2 3,N/A,7,N/A,2 7,3 7,N/A,12,N/A,2 12,3 12,N/A,2 3 12,N/A
1 2 3 7 12 13,0.0350483,18.5093,Yes,N/A,2,3,1 3,2 3,1 2 3,7,1 7,2 7,3 7,1 3 7,12,13,1 13,2 13,3 13,1 3 13,2 3 13
1 2 3 7 11,0.0924546,8.08333,Yes,N/A,2,3,1 3,2 3,1 2 3,7,1 7,2 7,3 7,11,1 11,2 11,3 11,1 3 11,2 3 11,1 2 3 11,7 11
2 3 7 11,0.0754672,12.1389,Yes,N/A,2,3,N/A,2 3,N/A,7,N/A,2 7,3 7,11,2 3 7,2 11,3 11,N/A,2 3 11,N/A,7 11
1 2 3 7 11 13,0.0450433,16.3056,Yes,N/A,2,3,1 3,2 3,1 2 3,7,1 7,2 7,3 7,11,1 11,13,1 13,2 13,3 13,1 3 13,7 11
2 3 7 12 13,0.0201013,24.3426,Yes,N/A,2,3,N/A,2 3,N/A,7,N/A,2 7,3 7,N/A,12,13,2 12,2 13,3 13,2 3 12,2 3 13
1 2 3 7 11 12,0.0544231,14.7593,Yes,N/A,2,3,1 3,2 3,1 2 3,7,1 7,2 7,3 7,11,12,1 12,2 12,3 12,1 3 12,2 3 12,7 11
2 3 7 11 13,0.0269521,21.6898,Yes,N/A,2,3,N/A,2 3,N/A,7,N/A,2 7,3 7,11,2 3 7,13,3 11,2 13,3 13,N/A,7 11
2 3 7 11 12,0.0338928,19.5787,Yes,N/A,2,3,N/A,2 3,N/A,7,N/A,2 7,3 7,11,12,2 11,2 12,3 12,2 3 11,2 3 12,7 11
1 2 3 7 11 12 13,0.0268853,23.5602,Yes,N/A,2,3,1 3,2 3,1 2 3,7,1 7,2 7,3 7,11,12,13,1 13,3 12,3 13,1 3 13,7 11
1 2 3 7 10,0.102719,7.18981,Yes,N/A,2,3,1 3,2 3,1 2 3,7,1 7,2 7,10,1 10,2 10,3 10,1 3 10,2 3 10,1 2 3 10,7 10,1 7 10
2 3 7 10,0.0607139,13.5,Yes,N/A,2,3,N/A,2 3,N/A,7,N/A,2 7,10,N/A,2 10,3 10,N/A,2 3 10,N/A,7 10,N/A
1 2 3 7 10 13,0.0483833,15.3241,Yes,N/A,2,3,1 3,2 3,1 2 3,7,1 7,2 7,10,1 10,2 10,13,1 13,2 13,3 13,1 3 13,2 3 13
1 2 3 7 10 12,0.058152,13.6019,Yes,N/A,2,3,1 3,2 3,1 2 3,7,1 7,2 7,10,1 10,12,3 10,2 12,3 12,1 3 12,7 10,1 7 10
2 3 7 10 13,0.0209809,23.8426,Yes,N/A,2,3,N/A,2 3,N/A,7,N/A,2 7,10,N/A,2 10,13,N/A,2 13,3 13,7 10,2 3 13
2 3 7 10 12,0.0271019,21.8241,Yes,N/A,2,3,N/A,2 3,N/A,7,N/A,2 7,10,N/A,12,3 10,2 12,3 12,N/A,7 10,N/A
1 2 3 7 10 12 13,0.0289664,22.0185,Yes,N/A,2,3,1 3,2 3,1 2 3,7,1 7,2 7,10,1 10,12,13,1 13,3 12,3 13,2 3 12,2 3 13
2 3 7 11 12 13,0.0149716,29.088,Yes,N/A,2,3,N/A,2 3,N/A,7,N/A,2 7,3 7,11,12,13,2 12,2 13,3 13,2 3 12,7 11
1 2 3 7 10 11,0.069381,12.1296,Yes,N/A,2,3,1 3,2 3,1 2 3,7,1 7,2 7,10,11,2 10,3 10,3 11,1 3 11,2 3 11,7 10,7 11
2 3 7 10 11,0.0402649,17.5648,Yes,N/A,2,3,N/A,2 3,N/A,7,N/A,2 7,10,11,2 10,3 10,3 11,2 3 10,2 3 11,7 10,7 11
1 2 3 7 10 11 13,0.0354286,20.0046,Yes,N/A,2,3,1 3,2 3,1 2 3,7,1 7,2 7,10,11,2 10,13,3 11,2 13,3 13,1 3 13,7 11
2 3 7 10 12 13,0.0116572,31.6574,Yes,N/A,2,3,N/A,2 3,N/A,7,N/A,2 7,10,N/A,12,13,2 12,3 12,3 13,7 10,2 3 13
1 2 3 7 10 11 12,0.0417618,18.6528,Yes,N/A,2,3,1 3,2 3,1 2 3,7,1 7,2 7,10,11,12,1 12,3 11,3 12,1 3 12,7 10,7 11
2 3 7 10 11 13,0.0171854,27.1204,Yes,N/A,2,3,N/A,2 3,N/A,7,N/A,2 7,10,11,2 10,13,3 11,2 13,3 13,7 10,7 11
2 3 7 10 11 12,0.0213311,25.3333,Yes,N/A,2,3,N/A,2 3,N/A,7,N/A,2 7,10,11,12,3 10,2 12,3 12,2 3 11,7 10,7 11
1 2 3 7 10 11 12 13,0.0229523,26.7778,Yes,N/A,2,3,1 3,2 3,1 2 3,7,1 7,2 7,10,11,12,13,3 11,3 12,3 13,1 3 13,7 11
1 2 3 7 9,0.109631,6.51389,Yes,N/A,2,3,1 3,2 3,1 2 3,7,1 7,9,3 7,2 9,3 9,1 3 9,2 3 9,1 2 3 9,7 9,1 7 9,2 7 9
2 3 7 9,0.0710397,11.75,Yes,N/A,2,3,N/A,2 3,N/A,7,N/A,9,3 7,2 9,3 9,N/A,2 3 9,N/A,7 9,N/A,2 7 9
1 2 3 7 9 13,0.0588548,13.5185,Yes,N/A,2,3,1 3,2 3,1 2 3,7,1 7,9,3 7,2 9,3 9,13,1 13,2 13,3 13,1 3 13,2 3 13
1 2 3 7 9 12,0.0671028,12.2037,Yes,N/A,2,3,1 3,2 3,1 2 3,7,1 7,9,3 7,2 9,12,1 12,2 12,3 12,7 9,2 3 12,2 7 9
2 3 7 9 13,0.0300976,19.4676,Yes,N/A,2,3,N/A,2 3,N/A,7,N/A,9,3 7,2 9,3 9,13,2 3 9,2 13,3 13,N/A,2 3 13
2 3 7 9 12,0.0325054,19.8009,Yes,N/A,2,3,N/A,2 3,N/A,7,N/A,9,3 7,2 9,12,N/A,2 12,3 12,7 9,2 3 12,2 7 9
1 2 3 7 9 12 13,0.0350495,20.125,Yes,N/A,2,3,1 3,2 3,1 2 3,7,1 7,9,3 7,2 9,12,13,2 12,3 12,3 13,2 3 12,2 3 13
1 2 3 7 9 11,0.0737971,11.1574,Yes,N/A,2,3,1 3,2 3,1 2 3,7,1 7,9,1 9,11,3 9,2 11,3 11,1 3 11,7 9,1 7 9,7 11
2 3 7 9 11,0.0394187,17.875,Yes,N/A,2,3,N/A,2 3,N/A,7,N/A,9,3 7,11,3 9,2 11,3 11,N/A,7 9,N/A,7 11
1 2 3 7 9 11 13,0.0395365,18.5417,Yes,N/A,2,3,1 3,2 3,1 2 3,7,1 7,9,1 9,11,3 9,13,3 11,2 13,3 13,1 3 13,7 11
2 3 7 9 12 13,0.0164432,27.2917,Yes,N/A,2,3,N/A,2 3,N/A,7,N/A,9,3 7,2 9,12,13,2 12,2 13,3 13,2 3 12,2 3 13
1 2 3 7 9 11 12,0.0447907,17.2083,Yes,N/A,2,3,1 3,2 3,1 2 3,7,1 7,9,1 9,11,12,1 12,2 12,3 12,7 9,2 3 12,7 11
2 3 7 9 11 13,0.0181338,26.6481,Yes,N/A,2,3,N/A,2 3,N/A,7,N/A,9,3 7,11,3 9,13,3 11,2 13,3 13,N/A,7 11
2 3 7 9 11 12,0.0221736,24.8843,Yes,N/A,2,3,N/A,2 3,N/A,7,N/A,9,3 7,11,12,2 11,2 12,3 12,7 9,2 3 12,7 11
1 2 3 7 9 11 12 13,0.0255878,24.9491,Yes,N/A,2,3,1 3,2 3,1 2 3,7,1 7,9,1 9,11,12,13,2 12,2 13,3 13,2 3 12,7 11
2 3 7 10 11 12 13,0.0105639,34.9491,Yes,N/A,2,3,N/A,2 3,N/A,7,N/A,2 7,10,11,12,13,3 11,3 12,3 13,7 10,7 11
1 2 3 7 9 10,0.0761122,10.4259,Yes,N/A,2,3,1 3,2 3,1 2 3,7,1 7,9,10,1 10,2 10,3 10,2 3 9,2 3 10,7 9,7 10,1 7 10
2 3 7 9 10,0.0409057,16.1806,Yes,N/A,2,3,N/A,2 3,N/A,7,N/A,9,10,2 9,2 10,3 10,2 3 9,2 3 10,7 9,7 10,2 7 9
1 2 3 7 9 10 13,0.0427379,17.2361,Yes,N/A,2,3,1 3,2 3,1 2 3,7,1 7,9,10,1 10,3 9,13,1 13,2 13,3 13,7 10,1 7 10
1 2 3 7 9 10 12,0.049196,16.1065,Yes,N/A,2,3,1 3,2 3,1 2 3,7,1 7,9,10,2 9,12,3 10,2 12,3 12,7 9,7 10,2 7 9
2 3 7 9 10 13,0.0180637,25.6898,Yes,N/A,2,3,N/A,2 3,N/A,7,N/A,9,10,2 9,2 10,13,2 3 9,2 13,3 13,7 10,2 3 13
2 3 7 9 10 12,0.022464,24.1852,Yes,N/A,2,3,N/A,2 3,N/A,7,N/A,9,10,2 9,12,3 10,2 12,3 12,7 9,7 10,2 7 9
1 2 3 7 9 10 12 13,0.0274502,23.6667,Yes,N/A,2,3,1 3,2 3,1 2 3,7,1 7,9,10,1 10,12,13,2 12,3 12,3 13,7 10,2 3 13
2 3 7 9 11 12 13,0.0115377,33.9074,Yes,N/A,2,3,N/A,2 3,N/A,7,N/A,9,3 7,11,12,13,2 12,2 13,3 13,2 3 12,7 11
1 2 3 7 9 10 11,0.054873,15.0278,Yes,N/A,2,3,1 3,2 3,1 2 3,7,1 7,9,10,11,2 10,2 11,3 11,2 3 10,7 9,7 10,7 11
2 3 7 9 10 11,0.0279532,22.1991,Yes,N/A,2,3,N/A,2 3,N/A,7,N/A,9,10,11,3 9,2 11,3 11,2 3 10,7 9,7 10,7 11
1 2 3 7 9 10 11 13,0.0322544,21.8935,Yes,N/A,2,3,1 3,2 3,1 2 3,7,1 7,9,10,11,2 10,13,3 11,2 13,3 13,7 10,7 11
2 3 7 9 10 12 13,0.0111448,33.4537,Yes,N/A,2,3,N/A,2 3,N/A,7,N/A,9,10,2 9,12,13,2 12,3 12,3 13,7 10,2 3 13
1 2 3 7 9 10 11 12,0.0364774,20.9028,Yes,N/A,2,3,1 3,2 3,1 2 3,7,1 7,9,10,11,12,3 10,2 12,3 12,7 9,7 10,7 11
2 3 7 9 10 11 13,0.014109,31.2037,Yes,N/A,2,3,N/A,2 3,N/A,7,N/A,9,10,11,2 10,13,3 11,2 13,3 13,7 10,7 11
2 3 7 9 10 11 12,0.0167891,30.0648,Yes,N/A,2,3,N/A,2 3,N/A,7,N/A,9,10,11,12,2 11,2 12,3 12,7 9,7 10,7 11
1 2 3 7 9 10 11 12 13,0.0223816,27.5787,Yes,N/A,2,3,1 3,2 3,1 2 3,7,1 7,9,10,11,12,13,2 12,2 13,3 13,7 10,7 11
2 3 8 9 10 11 12 13,0.00990199,38.537,Yes,N/A,2,3,N/A,2 3,N/A,N/A,8,9,10,11,12,13,2 12,2 13,3 13,8 9,8 10
1 2 3 7 8,0.11111,6.15278,Yes,N/A,2,3,1 3,2 3,1 2 3,7,8,2 7,2 8,3 8,1 3 8,2 3 8,1 2 3 8,7 8,1 7 8,2 7 8,3 7 8
2 3 7 8,0.0848676,8.99074,Yes,N/A,2,3,N/A,2 3,N/A,7,8,2 7,3 7,3 8,2 3 7,2 3 8,N/A,7 8,N/A,2 7 8,3 7 8
1 2 3 7 8 13,0.0593199,13.1806,Yes,N/A,2,3,1 3,2 3,1 2 3,7,8,2 7,3 7,3 8,1 3 8,13,1 13,2 13,3 13,1 3 13,2 3 13
1 2 3 7 8 12,0.073802,11.0046,Yes,N/A,2,3,1 3,2 3,1 2 3,7,8,2 7,3 7,3 8,12,1 12,2 12,3 12,1 3 12,2 7 8,3 7 8
2 3 7 8 13,0.0321489,18.3704,Yes,N/A,2,3,N/A,2 3,N/A,7,8,2 7,2 8,3 8,2 3 7,13,N/A,2 13,3 13,2 7 8,2 3 13
2 3 7 8 12,0.0414503,15.9537,Yes,N/A,2,3,N/A,2 3,N/A,7,8,2 7,3 7,3 8,12,2 3 8,2 12,3 12,N/A,2 3 12,3 7 8
1 2 3 7 8 12 13,0.0380878,18.9769,Yes,N/A,2,3,1 3,2 3,1 2 3,7,8,2 7,3 7,3 8,12,13,1 13,2 13,3 13,1 3 13,2 3 13
1 2 3 7 8 11,0.0773486,10.0602,Yes,N/A,2,3,1 3,2 3,1 2 3,7,8,1 8,3 7,11,1 11,2 11,3 11,7 8,1 7 8,2 7 8,7 11
2 3 7 8 11,0.047599,14.5046,Yes,N/A,2,3,N/A,2 3,N/A,7,8,2 7,3 7,11,2 3 7,2 11,3 11,7 8,2 3 11,2 7 8,7 11
1 2 3 7 8 11 13,0.0424017,17.3009,Yes,N/A,2,3,1 3,2 3,1 2 3,7,8,1 8,3 7,11,1 11,13,1 13,2 13,3 13,1 3 13,7 11
2 3 7 8 12 13,0.0195137,24.2407,Yes,N/A,2,3,N/A,2 3,N/A,7,8,2 7,3 7,3 8,12,13,2 12,2 13,3 13,2 3 12,3 7 8
1 2 3 7 8 11 12,0.0492521,15.8009,Yes,N/A,2,3,1 3,2 3,1 2 3,7,8,1 8,2 8,11,12,1 12,3 11,3 12,1 3 12,2 3 12,7 11
2 3 7 8 11 13,0.020185,23.9074,Yes,N/A,2,3,N/A,2 3,N/A,7,8,2 7,2 8,11,2 3 7,13,3 11,2 13,3 13,2 7 8,7 11
2 3 7 8 11 12,0.027002,21.1898,Yes,N/A,2,3,N/A,2 3,N/A,7,8,2 7,3 7,11,12,2 11,3 11,3 12,2 3 11,2 7 8,7 11
1 2 3 7 8 11 12 13,0.0277431,23.287,Yes,N/A,2,3,1 3,2 3,1 2 3,7,8,1 8,2 8,11,12,13,1 13,2 13,3 13,1 3 13,7 11
1 2 3 7 8 10,0.079614,9.39352,Yes,N/A,2,3,1 3,2 3,1 2 3,7,8,2 7,10,1 10,2 10,3 10,1 3 10,7 8,1 7 8,7 10,8 10
2 3 7 8 10,0.0483761,14.8935,Yes,N/A,2,3,N/A,2 3,N/A,7,8,2 7,10,3 8,2 10,3 10,N/A,7 8,N/A,7 10,8 10
1 2 3 7 8 10 13,0.0463732,15.9583,Yes,N/A,2,3,1 3,2 3,1 2 3,7,8,2 7,10,3 8,2 10,13,1 13,2 13,3 13,7 10,8 10
1 2 3 7 8 10 12,0.0530537,14.6389,Yes,N/A,2,3,1 3,2 3,1 2 3,7,8,2 7,10,1 10,12,1 12,2 12,3 12,1 3 12,7 10,8 10
2 3 7 8 10 13,0.0211937,24.1389,Yes,N/A,2,3,N/A,2 3,N/A,7,8,2 7,10,3 8,2 10,13,N/A,2 13,3 13,7 10,8 10
2 3 7 8 10 12,0.0276902,21.4213,Yes,N/A,2,3,N/A,2 3,N/A,7,8,2 7,10,3 8,12,3 10,2 12,3 12,N/A,7 10,8 10
1 2 3 7 8 10 12 13,0.0304939,21.7685,Yes,N/A,2,3,1 3,2 3,1 2 3,7,8,2 7,10,1 10,12,13,1 13,2 13,3 13,7 10,8 10
2 3 7 8 11 12 13,0.0136593,29.7685,Yes,N/A,2,3,N/A,2 3,N/A,7,8,2 7,3 7,11,12,13,3 11,3 12,3 13,2 7 8,7 11
1 2 3 7 8 10 11,0.0570104,13.8333,Yes,N/A,2,3,1 3,2 3,1 2 3,7,8,1 8,10,11,1 11,2 11,3 11,7 8,1 7 8,7 10,7 11
2 3 7 8 10 11,0.0324874,19.4028,Yes,N/A,2,3,N/A,2 3,N/A,7,8,2 7,10,11,2 10,3 10,3 11,7 8,2 3 11,7 10,8 10
1 2 3 7 8 10 11 13,0.0340753,20.4537,Yes,N/A,2,3,1 3,2 3,1 2 3,7,8,2 7,10,11,2 10,13,1 13,2 13,3 13,7 10,7 11
2 3 7 8 10 12 13,0.0138807,29.7639,Yes,N/A,2,3,N/A,2 3,N/A,7,8,2 7,10,3 8,12,13,2 12,2 13,3 13,7 10,8 10
1 2 3 7 8 10 11 12,0.0386239,19.1204,Yes,N/A,2,3,1 3,2 3,1 2 3,7,8,1 8,10,11,12,1 12,3 11,3 12,2 3 11,7 10,8 10
2 3 7 8 10 11 13,0.0157068,28.3426,Yes,N/A,2,3,N/A,2 3,N/A,7,8,2 7,10,11,2 10,13,3 11,7 8,3 13,7 10,8 10
2 3 7 8 10 11 12,0.0198515,26.0093,Yes,N/A,2,3,N/A,2 3,N/A,7,8,2 7,10,11,12,3 10,2 12,3 12,2 3 11,7 10,8 10
1 2 3 7 8 10 11 12 13,0.0242193,25.963,Yes,N/A,2,3,1 3,2 3,1 2 3,7,8,2 7,10,11,12,13,1 13,2 13,3 13,7 10,8 10
2 3 7 9 10 11 12 13,0.00943404,38.7778,Yes,N/A,2,3,N/A,2 3,N/A,7,N/A,9,10,11,12,13,3 11,2 13,3 13,7 10,7 11
1 2 3 7 8 9,0.0804159,9.09722,Yes,N/A,2,3,1 3,2 3,1 2 3,7,8,9,1 9,2 9,3 9,1 3 9,2 3 9,7 8,7 9,8 9,2 7 9
2 3 7 8 9,0.0582615,12.2361,Yes,N/A,2,3,N/A,2 3,N/A,7,8,9,2 8,2 9,3 9,2 3 8,2 3 9,7 8,7 9,8 9,2 7 9
1 2 3 7 8 9 13,0.0487815,15.2824,Yes,N/A,2,3,1 3,2 3,1 2 3,7,8,9,3 7,2 9,3 9,13,1 13,2 13,7 9,8 9,3 7 8
1 2 3 7 8 9 12,0.0571804,13.588,Yes,N/A,2,3,1 3,2 3,1 2 3,7,8,9,1 9,3 8,12,1 12,2 12,7 8,7 9,8 9,3 7 8
2 3 7 8 9 13,0.0262206,21.0324,Yes,N/A,2,3,N/A,2 3,N/A,7,8,9,3 7,2 9,3 9,13,2 3 9,2 13,3 13,8 9,3 7 8
2 3 7 8 9 12,0.0313708,19.5093,Yes,N/A,2,3,N/A,2 3,N/A,7,8,9,3 7,2 9,12,2 3 8,2 12,3 12,7 9,8 9,2 7 9
1 2 3 7 8 9 12 13,0.0326155,20.7454,Yes,N/A,2,3,1 3,2 3,1 2 3,7,8,9,1 9,2 9,12,13,1 13,2 13,3 13,8 9,2 7 9
1 2 3 7 8 9 11,0.0620483,12.8102,Yes,N/A,2,3,1 3,2 3,1 2 3,7,8,9,1 9,11,1 11,2 11,3 11,7 8,7 9,8 9,7 11
2 3 7 8 9 11,0.0386868,17.7963,Yes,N/A,2,3,N/A,2 3,N/A,7,8,9,2 8,11,3 9,2 11,3 11,7 8,7 9,8 9,7 11
1 2 3 7 8 9 11 13,0.0370771,19.25,Yes,N/A,2,3,1 3,2 3,1 2 3,7,8,9,2 8,11,1 11,13,1 13,2 13,3 13,8 9,7 11
2 3 7 8 9 12 13,0.016515,27.1667,Yes,N/A,2,3,N/A,2 3,N/A,7,8,9,3 7,2 9,12,13,2 12,2 13,3 13,8 9,3 7 8
1 2 3 7 8 9 11 12,0.0425039,17.6574,Yes,N/A,2,3,1 3,2 3,1 2 3,7,8,9,1 9,11,12,1 12,2 12,3 12,7 9,8 9,7 11
2 3 7 8 9 11 13,0.0181779,26.4306,Yes,N/A,2,3,N/A,2 3,N/A,7,8,9,2 8,11,3 9,13,3 11,2 13,3 13,8 9,7 11
2 3 7 8 9 11 12,0.022557,24.5185,Yes,N/A,2,3,N/A,2 3,N/A,7,8,9,3 7,11,12,2 11,2 12,3 12,7 9,8 9,7 11
1 2 3 7 8 9 11 12 13,0.0260624,24.4306,Yes,N/A,2,3,1 3,2 3,1 2 3,7,8,9,1 9,11,12,13,1 13,2 13,3 13,8 9,7 11
2 3 7 8 10 11 12 13,0.0109762,34.3194,Yes,N/A,2,3,N/A,2 3,N/A,7,8,2 7,10,11,12,13,3 11,2 13,3 13,7 10,8 10
1 2 3 7 8 9 10,0.0635551,12.588,Yes,N/A,2,3,1 3,2 3,1 2 3,7,8,9,10,1 10,2 10,3 10,1 3 10,7 8,7 9,8 9,8 10
2 3 7 8 9 10,0.0406065,17.3796,Yes,N/A,2,3,N/A,2 3,N/A,7,8,9,10,2 9,2 10,3 10,2 3 9,7 8,7 9,7 10,8 10
1 2 3 7 8 9 10 13,0.0401796,18.2222,Yes,N/A,2,3,1 3,2 3,1 2 3,7,8,9,10,3 8,2 10,13,1 13,2 13,7 9,7 10,8 10
1 2 3 7 8 9 10 12,0.0451099,16.9213,Yes,N/A,2,3,1 3,2 3,1 2 3,7,8,9,10,1 10,12,1 12,2 12,3 12,7 9,7 10,8 10
2 3 7 8 9 10 13,0.0192335,25.662,Yes,N/A,2,3,N/A,2 3,N/A,7,8,9,10,3 8,2 10,13,2 3 9,2 13,3 13,7 10,8 10
2 3 7 8 9 10 12,0.0239483,23.8611,Yes,N/A,2,3,N/A,2 3,N/A,7,8,9,10,2 9,12,3 10,2 12,3 12,7 9,7 10,8 10
1 2 3 7 8 9 10 12 13,0.0280383,23.213,Yes,N/A,2,3,1 3,2 3,1 2 3,7,8,9,10,1 10,12,13,1 13,2 13,3 13,7 10,8 10
2 3 7 8 9 11 12 13,0.0126322,32.1991,Yes,N/A,2,3,N/A,2 3,N/A,7,8,9,3 7,11,12,13,2 12,2 13,3 13,8 9,7 11
1 2 3 7 8 9 10 11,0.0492104,16.2037,Yes,N/A,2,3,1 3,2 3,1 2 3,7,8,9,10,11,1 11,2 11,3 11,7 8,7 9,8 9,8 10
2 3 7 8 9 10 11,0.028393,22.1944,Yes,N/A,2,3,N/A,2 3,N/A,7,8,9,10,11,2 10,2 11,3 11,7 8,7 9,7 10,7 11
1 2 3 7 8 9 10 11 13,0.0316454,22.0278,Yes,N/A,2,3,1 3,2 3,1 2 3,7,8,9,10,11,2 10,13,1 13,2 13,3 13,8 9,8 10
2 3 7 8 9 10 12 13,0.0131424,31.5972,Yes,N/A,2,3,N/A,2 3,N/A,7,8,9,10,3 8,12,13,2 12,2 13,3 13,7 10,8 10
1 2 3 7 8 9 10 11 12,0.0357171,20.6991,Yes,N/A,2,3,1 3,2 3,1 2 3,7,8,9,10,11,12,1 12,2 12,3 12,7 9,8 9,8 10
2 3 7 8 9 10 11 13,0.0150875,30.0602,Yes,N/A,2,3,N/A,2 3,N/A,7,8,9,10,11,2 10,13,3 11,2 13,3 13,7 10,7 11
2 3 7 8 9 10 11 12,0.0182927,28.412,Yes,N/A,2,3,N/A,2 3,N/A,7,8,9,10,11,12,3 10,2 12,3 12,7 9,7 10,7 11
1 2 3 7 8 9 10 11 12 13,0.0239881,26.5231,Yes,N/A,2,3,1 3,2 3,1 2 3,7,8,9,10,11,12,13,1 13,2 13,3 13,8 9,8 10
1 2 3 6,0.146929,4.6713,Yes,N/A,2,3,1 3,2 3,6,1 6,2 6,3 6,1 3 6,2 3 6,1 2 3 6,N/A,N/A,N/A,N/A,N/A,N/A
2 3 6,0.128472,7.19444,Yes,N/A,2,3,N/A,2 3,6,N/A,2 6,3 6,N/A,2 3 6,N/A,N/A,N/A,N/A,N/A,N/A,N/A
1 2 3 6 13,0.0720802,10.7917,Yes,N/A,2,3,1 3,2 3,6,1 6,2 6,3 6,1 3 6,2 3 6,1 2 3 6,13,1 13,2 13,3 13,1 3 13,2 3 13
1 2 3 6 12,0.0878828,9.05556,Yes,N/A,2,3,1 3,2 3,6,1 6,2 6,3 6,1 3 6,2 3 6,12,1 12,2 12,3 12,1 3 12,2 3 12,6 12
2 3 6 13,0.0419245,16.4583,Yes,N/A,2,3,N/A,2 3,6,N/A,2 6,3 6,N/A,2 3 6,N/A,13,N/A,2 13,3 13,N/A,2 3 13
2 3 6 12,0.0568505,14.1343,Yes,N/A,2,3,N/A,2 3,6,N/A,2 6,3 6,N/A,2 3 6,12,N/A,2 12,3 12,N/A,2 3 12,6 12
1 2 3 6 12 13,0.0394013,17.8657,Yes,N/A,2,3,1 3,2 3,6,1 6,2 6,3 6,1 3 6,2 3 6,12,13,1 13,2 13,3 13,1 3 13,6 12
1 2 3 6 11,0.0986449,7.77315,Yes,N/A,2,3,1 3,2 3,6,1 6,2 6,3 6,1 3 6,11,1 11,2 11,3 11,1 3 11,2 3 11,6 11,1 6 11
2 3 6 11,0.056404,13.6065,Yes,N/A,2,3,N/A,2 3,6,N/A,2 6,3 6,N/A,11,N/A,2 11,3 11,N/A,2 3 11,6 11,N/A
1 2 3 6 11 13,0.0456295,16.0185,Yes,N/A,2,3,1 3,2 3,6,1 6,2 6,3 6,1 3 6,11,1 11,13,1 13,2 13,3 13,6 11,2 3 13
2 3 6 12 13,0.0224163,22.6481,Yes,N/A,2,3,N/A,2 3,6,N/A,2 6,3 6,N/A,2 3 6,12,13,2 12,2 13,3 13,2 3 12,6 12
1 2 3 6 11 12,0.0560064,14.2454,Yes,N/A,2,3,1 3,2 3,6,1 6,2 6,3 6,1 3 6,11,12,1 12,2 12,3 12,1 3 12,6 11,6 12
2 3 6 11 13,0.0205579,23.6852,Yes,N/A,2,3,N/A,2 3,6,N/A,2 6,3 6,N/A,11,N/A,13,3 11,2 13,3 13,6 11,2 3 13
2 3 6 11 12,0.030463,19.9352,Yes,N/A,2,3,N/A,2 3,6,N/A,2 6,3 6,N/A,11,12,2 11,2 12,3 12,2 3 11,6 11,6 12
1 2 3 6 11 12 13,0.0275745,23.0556,Yes,N/A,2,3,1 3,2 3,6,1 6,2 6,3 6,1 3 6,11,12,13,1 13,2 13,3 13,1 3 13,6 12
1 2 3 6 10,0.107677,6.64352,Yes,N/A,2,3,1 3,2 3,6,1 6,2 6,3 6,10,1 10,2 10,3 10,1 3 10,2 3 10,6 10,1 6 10,2 6 10
2 3 6 10,0.0842699,9.97222,Yes,N/A,2,3,N/A,2 3,6,N/A,2 6,3 6,10,2 3 6,2 10,3 10,N/A,2 3 10,6 10,N/A,2 6 10
1 2 3 6 10 13,0.055013,14.0231,Yes,N/A,2,3,1 3,2 3,6,1 6,2 6,3 6,10,1 10,2 10,13,1 13,2 13,3 13,1 3 13,2 3 13
1 2 3 6 10 12,0.0659898,12.2176,Yes,N/A,2,3,1 3,2 3,6,1 6,2 6,3 6,10,1 10,12,1 12,2 12,3 12,6 10,2 3 12,6 12
2 3 6 10 13,0.0292175,20.2546,Yes,N/A,2,3,N/A,2 3,6,N/A,2 6,3 6,10,2 3 6,2 10,13,N/A,2 13,3 13,N/A,2 3 13
2 3 6 10 12,0.0378991,17.0046,Yes,N/A,2,3,N/A,2 3,6,N/A,2 6,3 6,10,2 3 6,12,3 10,2 12,3 12,6 10,2 3 12,6 12
1 2 3 6 10 12 13,0.0335393,20.3935,Yes,N/A,2,3,1 3,2 3,6,1 6,2 6,3 6,10,1 10,12,13,1 13,2 13,3 13,2 3 12,6 12
2 3 6 11 12 13,0.0135011,29.6667,Yes,N/A,2,3,N/A,2 3,6,N/A,2 6,3 6,N/A,11,12,13,2 12,2 13,3 13,6 11,6 12
1 2 3 6 10 11,0.0726129,10.9537,Yes,N/A,2,3,1 3,2 3,6,1 6,2 6,3 6,10,11,1 11,2 11,3 11,1 3 11,6 10,6 11,1 6 11
2 3 6 10 11,0.0444238,15.4444,Yes,N/A,2,3,N/A,2 3,6,N/A,2 6,3 6,10,11,2 10,2 11,3 11,2 3 10,6 10,6 11,2 6 10
1 2 3 6 10 11 13,0.0389241,18.7731,Yes,N/A,2,3,1 3,2 3,6,1 6,2 6,3 6,10,11,2 10,13,1 13,2 13,3 13,6 11,2 6 10
2 3 6 10 12 13,0.0163374,26.7361,Yes,N/A,2,3,N/A,2 3,6,N/A,2 6,3 6,10,2 3 6,12,13,2 12,2 13,3 13,2 3 12,6 12
1 2 3 6 10 11 12,0.0452841,17.4213,Yes,N/A,2,3,1 3,2 3,6,1 6,2 6,3 6,10,11,12,1 12,3 11,3 12,6 10,6 11,6 12
2 3 6 10 11 13,0.019145,25.0509,Yes,N/A,2,3,N/A,2 3,6,N/A,2 6,3 6,10,11,2 10,13,3 11,2 13,3 13,6 11,2 3 13
2 3 6 10 11 12,0.0251862,22.6389,Yes,N/A,2,3,N/A,2 3,6,N/A,2 6,3 6,10,11,12,2 11,2 12,3 12,6 10,6 11,6 12
1 2 3 6 10 11 12 13,0.0252541,25.5278,Yes,N/A,2,3,1 3,2 3,6,1 6,2 6,3 6,10,11,12,13,1 13,3 12,3 13,6 11,6 12
1 2 3 6 9,0.108559,6.13889,Yes,N/A,2,3,1 3,2 3,6,1 6,2 6,9,1 9,2 9,3 9,1 3 9,2 3 9,6 9,1 6 9,2 6 9,3 6 9
2 3 6 9,0.0619374,11.2454,Yes,N/A,2,3,N/A,2 3,6,N/A,2 6,9,N/A,2 9,3 9,N/A,2 3 9,6 9,N/A,2 6 9,3 6 9
1 2 3 6 9 13,0.0557474,13.3009,Yes,N/A,2,3,1 3,2 3,6,1 6,2 6,9,1 9,2 9,3 9,13,1 13,2 13,3 13,1 3 13,2 3 13
1 2 3 6 9 12,0.0654487,11.912,Yes,N/A,2,3,1 3,2 3,6,1 6,2 6,9,1 9,2 9,12,1 12,2 12,3 12,1 3 12,2 3 12,6 12
2 3 6 9 13,0.0255432,19.8241,Yes,N/A,2,3,N/A,2 3,6,N/A,2 6,9,N/A,2 9,3 9,13,2 3 9,2 13,3 13,2 6 9,2 3 13
2 3 6 9 12,0.0275503,20.6528,Yes,N/A,2,3,N/A,2 3,6,N/A,2 6,9,N/A,2 9,12,N/A,2 12,3 12,N/A,2 3 12,6 12
1 2 3 6 9 12 13,0.0337459,19.3657,Yes,N/A,2,3,1 3,2 3,6,1 6,2 6,9,1 9,2 9,12,13,2 12,3 12,3 13,1 3 13,6 12
1 2 3 6 9 11,0.0728725,10.3889,Yes,N/A,2,3,1 3,2 3,6,1 6,2 6,9,1 9,11,3 9,2 11,3 11,6 9,2 3 11,6 11,1 6 11
2 3 6 9 11,0.0363983,17.0556,Yes,N/A,2,3,N/A,2 3,6,N/A,2 6,9,N/A,11,3 9,2 11,3 11,6 9,2 3 11,6 11,3 6 9
1 2 3 6 9 11 13,0.0392586,17.8102,Yes,N/A,2,3,1 3,2 3,6,1 6,2 6,9,1 9,11,3 9,13,3 11,2 13,3 13,6 11,2 3 13
2 3 6 9 12 13,0.0139422,28.0926,Yes,N/A,2,3,N/A,2 3,6,N/A,2 6,9,N/A,2 9,12,13,2 12,3 12,3 13,2 3 12,6 12
1 2 3 6 9 11 12,0.0462847,16.1296,Yes,N/A,2,3,1 3,2 3,6,1 6,2 6,9,1 9,11,12,1 12,3 11,3 12,2 3 11,6 11,6 12
2 3 6 9 11 13,0.0165032,26.8565,Yes,N/A,2,3,N/A,2 3,6,N/A,2 6,9,N/A,11,3 9,13,3 11,2 13,3 13,6 11,2 3 13
2 3 6 9 11 12,0.0191071,25.8287,Yes,N/A,2,3,N/A,2 3,6,N/A,2 6,9,N/A,11,12,2 11,3 11,6 9,2 3 11,6 11,6 12
1 2 3 6 9 11 12 13,0.0261207,23.8981,Yes,N/A,2,3,1 3,2 3,6,1 6,2 6,9,1 9,11,12,13,3 11,3 12,3 13,6 11,6 12
2 3 6 10 11 12 13,0.0123235,31.8935,Yes,N/A,2,3,N/A,2 3,6,N/A,2 6,3 6,10,11,12,13,2 12,2 13,3 13,6 11,6 12
1 2 3 6 9 10,0.0806111,9.05093,Yes,N/A,2,3,1 3,2 3,6,1 6,2 6,9,10,2 9,3 9,3 10,1 3 10,6 9,6 10,1 6 10,2 6 10
2 3 6 9 10,0.0486667,13.5278,Yes,N/A,2,3,N/A,2 3,6,N/A,2 6,9,10,2 9,2 10,3 10,2 3 9,6 9,6 10,2 6 9,2 6 10
1 2 3 6 9 10 13,0.0446176,16.2269,Yes,N/A,2,3,1 3,2 3,6,1 6,2 6,9,10,1 10,3 9,13,1 13,2 13,3 13,1 3 13,3 6 9
1 2 3 6 9 10 12,0.0528712,14.5833,Yes,N/A,2,3,1 3,2 3,6,1 6,2 6,9,10,2 9,12,1 12,2 12,3 12,6 10,2 6 9,6 12
2 3 6 9 10 13,0.0207728,23.3287,Yes,N/A,2,3,N/A,2 3,6,N/A,2 6,9,10,2 9,3 9,13,2 3 9,2 13,3 13,2 6 9,3 6 9
2 3 6 9 10 12,0.0271655,21.3194,Yes,N/A,2,3,N/A,2 3,6,N/A,2 6,9,10,2 9,12,3 10,2 12,3 12,6 10,2 6 9,6 12
1 2 3 6 9 10 12 13,0.0297491,22,Yes,N/A,2,3,1 3,2 3,6,1 6,2 6,9,10,2 9,12,13,1 13,3 12,3 13,1 3 13,6 12
2 3 6 9 11 12 13,0.0102102,34.8981,Yes,N/A,2,3,N/A,2 3,6,N/A,2 6,9,N/A,11,12,13,3 11,2 13,3 13,6 11,6 12
1 2 3 6 9 10 11,0.0593029,13.2778,Yes,N/A,2,3,1 3,2 3,6,1 6,2 6,9,10,11,1 11,3 10,3 11,6 9,6 10,6 11,1 6 11
2 3 6 9 10 11,0.0337206,19.4028,Yes,N/A,2,3,N/A,2 3,6,N/A,2 6,9,10,11,3 9,2 11,3 11,6 9,6 10,6 11,3 6 9
1 2 3 6 9 10 11 13,0.0346493,20.4491,Yes,N/A,2,3,1 3,2 3,6,1 6,2 6,9,10,11,3 9,13,1 13,2 13,3 13,6 11,2 6 10
2 3 6 9 10 12 13,0.012916,30.5185,Yes,N/A,2,3,N/A,2 3,6,N/A,2 6,9,10,2 9,12,13,2 12,3 12,3 13,2 6 9,6 12
1 2 3 6 9 10 11 12,0.0401343,19.1574,Yes,N/A,2,3,1 3,2 3,6,1 6,2 6,9,10,11,12,1 12,3 11,3 12,6 10,6 11,6 12
2 3 6 9 10 11 13,0.0160608,28.3565,Yes,N/A,2,3,N/A,2 3,6,N/A,2 6,9,10,11,2 10,13,3 11,2 13,3 13,6 11,2 6 10
2 3 6 9 10 11 12,0.0198788,26.7546,Yes,N/A,2,3,N/A,2 3,6,N/A,2 6,9,10,11,12,3 10,2 12,3 12,6 10,6 11,6 12
1 2 3 6 9 10 11 12 13,0.0245323,26.0694,Yes,N/A,2,3,1 3,2 3,6,1 6,2 6,9,10,11,12,13,3 11,3 12,3 13,6 11,6 12
1 2 3 6 8,0.105646,5.65278,Yes,N/A,2,3,1 3,2 3,6,1 6,8,3 6,2 8,3 8,1 3 8,2 3 8,6 8,1 6 8,2 6 8,3 6 8,1 3 6 8
2 3 6 8,0.0674002,9.39352,Yes,N/A,2,3,N/A,2 3,6,N/A,8,3 6,2 8,3 8,N/A,2 3 8,6 8,N/A,2 6 8,3 6 8,N/A
1 2 3 6 8 13,0.0567474,12.7685,Yes,N/A,2,3,1 3,2 3,6,1 6,8,3 6,2 8,3 8,1 3 8,13,1 13,2 13,3 13,1 3 13,2 3 13
1 2 3 6 8 12,0.0742294,10.2917,Yes,N/A,2,3,1 3,2 3,6,1 6,8,3 6,2 8,3 8,12,1 12,2 12,3 12,1 3 12,2 3 12,6 12
2 3 6 8 13,0.0278454,18.8889,Yes,N/A,2,3,N/A,2 3,6,N/A,8,3 6,2 8,3 8,N/A,13,6 8,2 13,3 13,3 6 8,2 3 13
2 3 6 8 12,0.0390662,15.3843,Yes,N/A,2,3,N/A,2 3,6,N/A,8,3 6,2 8,3 8,12,2 3 8,2 12,3 12,2 6 8,2 3 12,6 12
1 2 3 6 8 12 13,0.0379486,18.1574,Yes,N/A,2,3,1 3,2 3,6,1 6,8,3 6,2 8,3 8,12,13,1 13,2 13,3 13,1 3 13,6 12
1 2 3 6 8 11,0.0795348,9.31019,Yes,N/A,2,3,1 3,2 3,6,1 6,8,3 6,2 8,11,1 11,2 11,3 11,1 3 11,2 3 11,6 11,1 6 11
2 3 6 8 11,0.0390339,17.0694,Yes,N/A,2,3,N/A,2 3,6,N/A,8,3 6,2 8,11,N/A,2 11,3 11,N/A,2 3 11,6 11,N/A
1 2 3 6 8 11 13,0.0421295,16.6111,Yes,N/A,2,3,1 3,2 3,6,1 6,8,3 6,2 8,11,1 11,13,3 11,2 13,3 13,6 11,2 3 13
2 3 6 8 12 13,0.0181723,24.1343,Yes,N/A,2,3,N/A,2 3,6,N/A,8,3 6,2 8,3 8,12,13,2 12,2 13,3 13,3 6 8,6 12
1 2 3 6 8 11 12,0.0511755,14.5741,Yes,N/A,2,3,1 3,2 3,6,1 6,8,1 8,2 8,11,12,2 11,3 11,3 12,2 3 11,6 11,6 12
2 3 6 8 11 13,0.0174596,26.2546,Yes,N/A,2,3,N/A,2 3,6,N/A,8,3 6,2 8,11,N/A,13,3 11,2 13,3 13,6 11,2 3 13
2 3 6 8 11 12,0.0262297,21.3241,Yes,N/A,2,3,N/A,2 3,6,N/A,8,3 6,2 8,11,12,2 11,6 8,3 12,2 6 8,6 11,6 12
1 2 3 6 8 11 12 13,0.0290777,22.3843,Yes,N/A,2,3,1 3,2 3,6,1 6,8,3 6,2 8,11,12,13,1 13,2 13,3 13,6 11,6 12
1 2 3 6 8 10,0.0833148,7.92593,Yes,N/A,2,3,1 3,2 3,6,1 6,8,1 8,10,3 8,2 10,3 10,6 8,1 6 8,6 10,1 6 10,8 10
2 3 6 8 10,0.0527632,12.8194,Yes,N/A,2,3,N/A,2 3,6,N/A,8,3 6,10,3 8,2 10,3 10,6 8,2 3 10,6 10,3 6 8,8 10
1 2 3 6 8 10 13,0.048693,14.6852,Yes,N/A,2,3,1 3,2 3,6,1 6,8,3 6,10,3 8,2 10,13,1 13,2 13,3 13,3 6 8,8 10
1 2 3 6 8 10 12,0.0576351,13.0093,Yes,N/A,2,3,1 3,2 3,6,1 6,8,1 8,10,3 8,12,1 12,2 12,3 12,6 10,2 3 12,6 12
2 3 6 8 10 13,0.0232839,21.9676,Yes,N/A,2,3,N/A,2 3,6,N/A,8,3 6,10,3 8,2 10,13,6 8,2 13,3 13,3 6 8,8 10
2 3 6 8 10 12,0.0291075,20.463,Yes,N/A,2,3,N/A,2 3,6,N/A,8,3 6,10,3 8,12,3 10,2 12,3 12,6 10,2 3 12,6 12
1 2 3 6 8 10 12 13,0.0321101,20.7037,Yes,N/A,2,3,1 3,2 3,6,1 6,8,1 8,10,3 8,12,13,1 13,2 13,3 13,2 3 12,6 12
2 3 6 8 11 12 13,0.012872,30.287,Yes,N/A,2,3,N/A,2 3,6,N/A,8,3 6,2 8,11,12,13,3 11,2 13,3 13,6 11,6 12
1 2 3 6 8 10 11,0.0625936,11.9306,Yes,N/A,2,3,1 3,2 3,6,1 6,8,1 8,10,11,1 11,2 11,3 11,1 6 8,6 10,6 11,8 10
2 3 6 8 10 11,0.0336248,19.3565,Yes,N/A,2,3,N/A,2 3,6,N/A,8,3 6,10,11,2 10,2 11,6 8,2 3 10,6 10,6 11,8 10
1 2 3 6 8 10 11 13,0.0358161,19,Yes,N/A,2,3,1 3,2 3,6,1 6,8,1 8,10,11,1 11,13,3 11,2 13,3 13,6 11,8 10
2 3 6 8 10 12 13,0.0146554,28.9398,Yes,N/A,2,3,N/A,2 3,6,N/A,8,3 6,10,3 8,12,13,2 12,2 13,6 10,2 3 12,8 10
1 2 3 6 8 10 11 12,0.0437242,17.2083,Yes,N/A,2,3,1 3,2 3,6,1 6,8,1 8,10,11,12,2 11,2 12,3 12,6 10,6 11,6 12
2 3 6 8 10 11 13,0.0162805,28.2639,Yes,N/A,2,3,N/A,2 3,6,N/A,8,3 6,10,11,2 10,13,6 8,2 13,3 13,6 11,8 10
2 3 6 8 10 11 12,0.0213817,25.5185,Yes,N/A,2,3,N/A,2 3,6,N/A,8,3 6,10,11,12,2 11,2 12,3 12,6 10,6 11,8 10
1 2 3 6 8 10 11 12 13,0.025951,24.5278,Yes,N/A,2,3,1 3,2 3,6,1 6,8,1 8,10,11,12,13,2 12,2 13,3 13,6 11,6 12
2 3 6 9 10 11 12 13,0.01083,35.0093,Yes,N/A,2,3,N/A,2 3,6,N/A,2 6,9,10,11,12,13,3 11,2 13,3 13,6 11,6 12
1 2 3 6 8 9,0.0835132,7.70833,Yes,N/A,2,3,1 3,2 3,6,1 6,8,9,1 9,2 9,3 9,1 3 9,6 8,6 9,1 6 9,8 9,3 6 9
2 3 6 8 9,0.0554647,12.1759,Yes,N/A,2,3,N/A,2 3,6,N/A,8,9,2 8,2 9,3 9,2 3 8,6 8,6 9,2 6 8,8 9,3 6 9
1 2 3 6 8 9 13,0.0485644,14.213,Yes,N/A,2,3,1 3,2 3,6,1 6,8,9,1 9,2 9,3 9,13,1 13,2 13,3 13,8 9,3 6 9
1 2 3 6 8 9 12,0.0593782,12.2222,Yes,N/A,2,3,1 3,2 3,6,1 6,8,9,1 9,2 9,12,1 12,2 12,6 9,1 6 9,8 9,6 12
2 3 6 8 9 13,0.0252833,20.9815,Yes,N/A,2,3,N/A,2 3,6,N/A,8,9,2 8,2 9,3 9,13,6 8,2 13,3 13,8 9,2 3 13
2 3 6 8 9 12,0.0291707,20.1574,Yes,N/A,2,3,N/A,2 3,6,N/A,8,9,2 8,2 9,12,2 3 8,2 12,6 9,2 6 8,8 9,6 12
1 2 3 6 8 9 12 13,0.0336335,19.5093,Yes,N/A,2,3,1 3,2 3,6,1 6,8,9,1 9,2 9,12,13,2 12,2 13,3 13,8 9,6 12
1 2 3 6 8 9 11,0.0672349,11.25,Yes,N/A,2,3,1 3,2 3,6,1 6,8,9,2 8,11,3 9,2 11,3 11,6 9,2 6 8,8 9,1 6 11
2 3 6 8 9 11,0.0367866,18.537,Yes,N/A,2,3,N/A,2 3,6,N/A,8,9,2 8,11,3 9,2 11,3 11,6 9,2 6 8,6 11,3 6 9
1 2 3 6 8 9 11 13,0.0376702,18.2361,Yes,N/A,2,3,1 3,2 3,6,1 6,8,9,2 8,11,1 11,13,1 13,2 13,3 13,6 11,2 3 13
2 3 6 8 9 12 13,0.0151845,28.1944,Yes,N/A,2,3,N/A,2 3,6,N/A,8,9,2 8,2 9,12,13,2 12,3 12,3 13,8 9,6 12
1 2 3 6 8 9 11 12,0.045042,16.5185,Yes,N/A,2,3,1 3,2 3,6,1 6,8,9,1 9,11,12,2 11,3 11,3 12,2 3 11,6 11,6 12
2 3 6 8 9 11 13,0.0173414,27.1574,Yes,N/A,2,3,N/A,2 3,6,N/A,8,9,2 8,11,3 9,13,3 11,2 13,3 13,6 11,2 3 13
2 3 6 8 9 11 12,0.0207577,25.7778,Yes,N/A,2,3,N/A,2 3,6,N/A,8,9,2 8,11,12,2 11,3 11,6 9,2 3 11,6 11,6 12
1 2 3 6 8 9 11 12 13,0.027146,23.2546,Yes,N/A,2,3,1 3,2 3,6,1 6,8,9,1 9,11,12,13,2 12,3 12,3 13,6 11,6 12
2 3 6 8 10 11 12 13,0.0114332,34.3519,Yes,N/A,2,3,N/A,2 3,6,N/A,8,3 6,10,11,12,13,2 12,2 13,6 10,6 11,8 10
1 2 3 6 8 9 10,0.074121,10.125,Yes,N/A,2,3,1 3,2 3,6,1 6,8,9,10,2 9,2 10,3 10,6 8,6 9,6 10,8 9,8 10
2 3 6 8 9 10,0.0469934,16.088,Yes,N/A,2,3,N/A,2 3,6,N/A,8,9,10,2 9,2 10,3 10,6 8,6 9,6 10,8 9,8 10
1 2 3 6 8 9 10 13,0.0438585,16.5556,Yes,N/A,2,3,1 3,2 3,6,1 6,8,9,10,3 8,2 10,13,1 13,2 13,3 13,8 9,8 10
1 2 3 6 8 9 10 12,0.0519354,14.8935,Yes,N/A,2,3,1 3,2 3,6,1 6,8,9,10,2 9,12,3 10,2 12,3 12,6 10,8 9,8 10
2 3 6 8 9 10 13,0.0220703,24.5417,Yes,N/A,2,3,N/A,2 3,6,N/A,8,9,10,3 8,2 10,13,6 8,2 13,6 10,8 9,8 10
2 3 6 8 9 10 12,0.0266256,22.9074,Yes,N/A,2,3,N/A,2 3,6,N/A,8,9,10,2 9,12,3 10,2 12,3 12,6 10,8 9,6 12
1 2 3 6 8 9 10 12 13,0.031066,21.338,Yes,N/A,2,3,1 3,2 3,6,1 6,8,9,10,2 9,12,13,1 13,2 13,3 13,8 9,6 12
2 3 6 8 9 11 12 13,0.0117775,33.6944,Yes,N/A,2,3,N/A,2 3,6,N/A,8,9,2 8,11,12,13,3 11,6 9,3 13,6 11,6 12
1 2 3 6 8 9 10 11,0.0570739,13.912,Yes,N/A,2,3,1 3,2 3,6,1 6,8,9,10,11,3 9,2 11,3 11,6 9,6 10,8 9,8 10
2 3 6 8 9 10 11,0.030492,21.9583,Yes,N/A,2,3,N/A,2 3,6,N/A,8,9,10,11,3 9,2 11,3 11,6 9,6 10,8 9,8 10
1 2 3 6 8 9 10 11 13,0.0345367,20.2176,Yes,N/A,2,3,1 3,2 3,6,1 6,8,9,10,11,2 10,13,1 13,2 13,3 13,8 9,8 10
2 3 6 8 9 10 12 13,0.0141301,31.0926,Yes,N/A,2,3,N/A,2 3,6,N/A,8,9,10,2 9,12,13,2 12,2 13,6 10,8 9,6 12
1 2 3 6 8 9 10 11 12,0.0407706,18.4907,Yes,N/A,2,3,1 3,2 3,6,1 6,8,9,10,11,12,2 11,2 12,3 12,6 10,8 9,8 10
2 3 6 8 9 10 11 13,0.0160073,30.1806,Yes,N/A,2,3,N/A,2 3,6,N/A,8,9,10,11,3 9,13,3 11,2 13,3 13,6 11,8 10
2 3 6 8 9 10 11 12,0.0194924,28.0463,Yes,N/A,2,3,N/A,2 3,6,N/A,8,9,10,11,12,2 11,2 12,3 12,6 10,8 9,6 12
1 2 3 6 8 9 10 11 12 13,0.0263829,24.7685,Yes,N/A,2,3,1 3,2 3,6,1 6,8,9,10,11,12,13,2 12,2 13,3 13,8 9,8 10
2 3 7 8 9 10 11 12 13,0.0111078,35.8704,Yes,N/A,2,3,N/A,2 3,N/A,7,8,9,10,11,12,13,2 12,2 13,3 13,7 10,7 11
1 2 3 6 7,0.0979991,5.34259,Yes,N/A,2,3,1 3,2 3,6,7,2 6,2 7,3 7,1 3 7,2 3 7,6 7,1 6 7,2 6 7,3 6 7,1 3 6 7,2 3 6 7
2 3 6 7,0.0771111,7.08796,Yes,N/A,2,3,N/A,2 3,6,7,2 6,2 7,3 7,2 3 6,2 3 7,6 7,N/A,2 6 7,3 6 7,N/A,2 3 6 7
1 2 3 6 7 13,0.0554173,12.5139,Yes,N/A,2,3,1 3,2 3,6,7,2 6,3 6,3 7,2 3 6,2 3 7,13,1 13,2 13,3 13,1 3 13,2 3 13
1 2 3 6 7 12,0.070948,10.3889,Yes,N/A,2,3,1 3,2 3,6,7,2 6,3 6,3 7,1 3 7,12,1 12,2 12,3 12,1 3 12,2 3 12,6 12
2 3 6 7 13,0.0295619,17.1296,Yes,N/A,2,3,N/A,2 3,6,7,2 6,3 6,3 7,2 3 6,2 3 7,13,N/A,2 13,3 13,N/A,2 3 13
2 3 6 7 12,0.0416881,13.8056,Yes,N/A,2,3,N/A,2 3,6,7,2 6,2 7,3 7,2 3 6,12,6 7,2 12,3 12,3 6 7,2 3 12,6 12
1 2 3 6 7 12 13,0.035286,18.3333,Yes,N/A,2,3,1 3,2 3,6,7,1 7,3 6,3 7,1 3 7,12,13,1 13,2 13,3 13,1 3 13,6 12
1 2 3 6 7 11,0.0834135,8.49537,Yes,N/A,2,3,1 3,2 3,6,7,2 6,3 6,3 7,11,1 11,2 11,3 11,1 3 11,3 6 7,6 11,7 11
2 3 6 7 11,0.0528508,12.4722,Yes,N/A,2,3,N/A,2 3,6,7,2 6,3 6,3 7,11,2 3 7,2 11,3 11,2 6 7,2 3 11,6 11,7 11
1 2 3 6 7 11 13,0.0455264,15.4537,Yes,N/A,2,3,1 3,2 3,6,7,2 6,3 6,3 7,11,1 11,13,1 13,2 13,3 13,6 11,7 11
2 3 6 7 12 13,0.0182206,22.8843,Yes,N/A,2,3,N/A,2 3,6,7,2 6,3 6,3 7,2 3 6,12,13,2 12,2 13,3 13,2 3 12,6 12
1 2 3 6 7 11 12,0.0531211,14.0324,Yes,N/A,2,3,1 3,2 3,6,7,1 7,2 7,3 7,11,12,1 12,2 12,3 12,1 3 12,6 11,6 12
2 3 6 7 11 13,0.0212424,21.8611,Yes,N/A,2,3,N/A,2 3,6,7,2 6,2 7,3 7,11,2 3 7,13,3 11,2 13,3 13,6 11,7 11
2 3 6 7 11 12,0.0303706,18.7083,Yes,N/A,2,3,N/A,2 3,6,7,2 6,3 6,3 7,11,12,2 11,2 12,3 12,3 6 7,6 11,6 12
1 2 3 6 7 11 12 13,0.0298749,21.6204,Yes,N/A,2,3,1 3,2 3,6,7,2 6,3 6,3 7,11,12,13,1 13,2 13,3 13,6 11,6 12
1 2 3 6 7 10,0.0863555,7.46296,Yes,N/A,2,3,1 3,2 3,6,7,1 7,3 6,10,1 10,2 10,3 10,1 6 7,2 6 7,6 10,7 10,2 6 10
2 3 6 7 10,0.0529823,12.6343,Yes,N/A,2,3,N/A,2 3,6,7,2 6,2 7,10,2 3 6,2 10,6 7,N/A,2 3 10,6 10,7 10,2 6 10
1 2 3 6 7 10 13,0.0472755,14.75,Yes,N/A,2,3,1 3,2 3,6,7,1 7,3 6,10,1 10,2 10,13,1 13,2 13,3 13,7 10,2 3 13
1 2 3 6 7 10 12,0.0579888,12.4815,Yes,N/A,2,3,1 3,2 3,6,7,1 7,2 7,10,1 10,12,1 12,2 12,3 12,6 10,7 10,6 12
2 3 6 7 10 13,0.0211555,22.5972,Yes,N/A,2,3,N/A,2 3,6,7,2 6,3 6,10,2 3 6,2 10,13,N/A,2 13,3 13,7 10,2 3 13
2 3 6 7 10 12,0.030683,18.6759,Yes,N/A,2,3,N/A,2 3,6,7,2 6,2 7,10,2 3 6,12,3 10,2 12,3 12,6 10,7 10,6 12
1 2 3 6 7 10 12 13,0.0322439,19.7315,Yes,N/A,2,3,1 3,2 3,6,7,1 7,3 6,10,1 10,12,13,1 13,2 13,3 13,7 10,6 12
2 3 6 7 11 12 13,0.0143568,27.2963,Yes,N/A,2,3,N/A,2 3,6,7,2 6,2 7,3 7,11,12,13,2 12,2 13,3 13,6 11,6 12
1 2 3 6 7 10 11,0.0673908,11.1852,Yes,N/A,2,3,1 3,2 3,6,7,1 7,2 7,10,11,2 10,3 10,3 11,1 3 11,6 10,6 11,7 11
2 3 6 7 10 11,0.041382,16.2917,Yes,N/A,2,3,N/A,2 3,6,7,2 6,3 6,10,11,2 10,6 7,3 11,2 6 7,6 10,6 11,7 11
1 2 3 6 7 10 11 13,0.0384022,18.0833,Yes,N/A,2,3,1 3,2 3,6,7,1 7,3 6,10,11,2 10,13,1 13,2 13,3 13,6 11,7 11
2 3 6 7 10 12 13,0.0137938,27.8843,Yes,N/A,2,3,N/A,2 3,6,7,2 6,3 6,10,2 3 6,12,13,2 12,2 13,3 13,7 10,6 12
1 2 3 6 7 10 11 12,0.0454013,16.4722,Yes,N/A,2,3,1 3,2 3,6,7,1 7,2 7,10,11,12,1 12,2 12,3 12,6 10,6 11,6 12
2 3 6 7 10 11 13,0.0178311,25.5509,Yes,N/A,2,3,N/A,2 3,6,7,2 6,3 6,10,11,2 10,13,3 11,2 13,3 13,6 11,7 11
2 3 6 7 10 11 12,0.0243257,22.2963,Yes,N/A,2,3,N/A,2 3,6,7,2 6,2 7,10,11,12,3 10,3 11,3 12,6 10,7 10,6 12
1 2 3 6 7 10 11 12 13,0.0272457,23.2963,Yes,N/A,2,3,1 3,2 3,6,7,1 7,3 6,10,11,12,13,1 13,2 13,3 13,6 11,6 12
1 2 3 6 7 9,0.0903082,6.76852,Yes,N/A,2,3,1 3,2 3,6,7,2 6,9,1 9,2 9,3 9,6 7,1 6 7,6 9,7 9,2 6 9,2 7 9
2 3 6 7 9,0.0694495,10.1528,Yes,N/A,2,3,N/A,2 3,6,7,2 6,9,3 7,2 9,3 9,6 7,2 3 9,6 9,7 9,2 6 9,2 7 9
1 2 3 6 7 9 13,0.0511281,14.0509,Yes,N/A,2,3,1 3,2 3,6,7,2 6,9,3 7,2 9,3 9,13,1 13,2 13,3 13,1 3 13,2 3 13
1 2 3 6 7 9 12,0.0637749,11.463,Yes,N/A,2,3,1 3,2 3,6,7,2 6,9,1 9,2 9,12,1 12,2 12,3 12,7 9,2 3 12,6 12
2 3 6 7 9 13,0.0259747,19.8194,Yes,N/A,2,3,N/A,2 3,6,7,2 6,9,3 7,2 9,3 9,13,2 3 9,2 13,3 13,2 6 9,2 3 13
2 3 6 7 9 12,0.0365931,17.2731,Yes,N/A,2,3,N/A,2 3,6,7,2 6,9,3 7,2 9,12,6 7,2 12,3 12,7 9,2 3 12,6 12
1 2 3 6 7 9 12 13,0.0339023,19.088,Yes,N/A,2,3,1 3,2 3,6,7,2 6,9,1 9,2 9,12,13,1 13,2 13,3 13,1 3 13,6 12
1 2 3 6 7 9 11,0.0741224,9.90278,Yes,N/A,2,3,1 3,2 3,6,7,2 6,9,1 9,11,1 11,2 11,3 11,6 9,7 9,6 11,7 11
2 3 6 7 9 11,0.0444419,15.9398,Yes,N/A,2,3,N/A,2 3,6,7,2 6,9,3 7,11,3 9,2 11,3 11,6 9,7 9,6 11,7 11
1 2 3 6 7 9 11 13,0.0413092,16.8287,Yes,N/A,2,3,1 3,2 3,6,7,2 6,9,3 7,11,1 11,13,1 13,2 13,3 13,6 11,7 11
2 3 6 7 9 12 13,0.0163879,25.9352,Yes,N/A,2,3,N/A,2 3,6,7,2 6,9,3 7,2 9,12,13,2 12,6 9,3 13,2 6 9,6 12
1 2 3 6 7 9 11 12,0.0492915,15.0556,Yes,N/A,2,3,1 3,2 3,6,7,2 6,9,1 9,11,12,1 12,2 12,3 12,7 9,6 11,6 12
2 3 6 7 9 11 13,0.0188473,24.7963,Yes,N/A,2,3,N/A,2 3,6,7,2 6,9,3 7,11,3 9,13,3 11,2 13,3 13,6 11,7 11
2 3 6 7 9 11 12,0.0257479,22.1435,Yes,N/A,2,3,N/A,2 3,6,7,2 6,9,3 7,11,12,2 11,2 12,6 9,7 9,6 11,6 12
1 2 3 6 7 9 11 12 13,0.0288373,22.0602,Yes,N/A,2,3,1 3,2 3,6,7,2 6,9,1 9,11,12,13,1 13,2 13,3 13,6 11,6 12
2 3 6 7 10 11 12 13,0.0123546,30.8194,Yes,N/A,2,3,N/A,2 3,6,7,2 6,2 7,10,11,12,13,3 11,2 13,3 13,7 10,7 11
1 2 3 6 7 9 10,0.0782202,9.40741,Yes,N/A,2,3,1 3,2 3,6,7,1 7,9,10,1 10,2 10,3 10,1 6 7,6 9,6 10,7 10,2 6 10
2 3 6 7 9 10,0.0484238,14.912,Yes,N/A,2,3,N/A,2 3,6,7,2 6,9,10,2 9,3 9,6 7,2 3 9,6 9,7 9,7 10,2 6 10
1 2 3 6 7 9 10 13,0.0433099,16.338,Yes,N/A,2,3,1 3,2 3,6,7,1 7,9,10,1 10,3 9,13,1 13,2 13,3 13,7 10,3 6 9
1 2 3 6 7 9 10 12,0.0528648,14.2083,Yes,N/A,2,3,1 3,2 3,6,7,1 7,9,10,1 10,12,1 12,2 12,3 12,6 10,7 10,6 12
2 3 6 7 9 10 13,0.0194155,24.463,Yes,N/A,2,3,N/A,2 3,6,7,2 6,9,10,2 9,3 9,13,2 3 9,2 13,3 13,7 10,2 3 13
2 3 6 7 9 10 12,0.0276995,21.2222,Yes,N/A,2,3,N/A,2 3,6,7,2 6,9,10,2 9,12,3 10,2 12,3 12,7 9,7 10,6 12
1 2 3 6 7 9 10 12 13,0.0305619,20.9954,Yes,N/A,2,3,1 3,2 3,6,7,2 6,9,10,1 10,12,13,1 13,2 13,3 13,7 10,6 12
2 3 6 7 9 11 12 13,0.0131699,30.0787,Yes,N/A,2,3,N/A,2 3,6,7,2 6,9,3 7,11,12,13,2 12,2 13,3 13,6 11,6 12
1 2 3 6 7 9 10 11,0.0604111,12.8889,Yes,N/A,2,3,1 3,2 3,6,7,1 7,9,10,11,1 11,2 11,3 11,6 9,7 9,6 11,7 11
2 3 6 7 9 10 11,0.0354359,18.8519,Yes,N/A,2,3,N/A,2 3,6,7,2 6,9,10,11,2 10,6 7,3 11,6 9,7 9,6 11,7 11
1 2 3 6 7 9 10 11 13,0.0363302,19.0648,Yes,N/A,2,3,1 3,2 3,6,7,2 6,9,10,11,2 10,13,1 13,2 13,3 13,6 11,7 11
2 3 6 7 9 10 12 13,0.0131425,30.2315,Yes,N/A,2,3,N/A,2 3,6,7,2 6,9,10,2 9,12,13,2 12,3 12,3 13,7 10,6 12
1 2 3 6 7 9 10 11 12,0.0425583,17.4954,Yes,N/A,2,3,1 3,2 3,6,7,1 7,9,10,11,12,1 12,2 12,3 12,6 10,6 11,7 11
2 3 6 7 9 10 11 13,0.016583,27.338,Yes,N/A,2,3,N/A,2 3,6,7,2 6,9,10,11,2 10,13,3 11,2 13,3 13,6 11,7 11
2 3 6 7 9 10 11 12,0.0216019,24.9444,Yes,N/A,2,3,N/A,2 3,6,7,2 6,9,10,11,12,3 10,3 11,3 12,7 9,6 11,7 11
1 2 3 6 7 9 10 11 12 13,0.0272791,23.5972,Yes,N/A,2,3,1 3,2 3,6,7,2 6,9,10,11,12,13,1 13,2 13,3 13,6 11,6 12
2 3 6 8 9 10 11 12 13,0.0115163,36.3148,Yes,N/A,2,3,N/A,2 3,6,N/A,8,9,10,11,12,13,2 12,2 13,3 13,8 9,6 12
1 2 3 6 7 8,0.0945101,6.57407,Yes,N/A,2,3,1 3,2 3,6,7,8,1 8,2 8,3 8,1 3 8,6 7,6 8,7 8,2 6 8,2 7 8,3 7 8
2 3 6 7 8,0.077898,9.37037,Yes,N/A,2,3,N/A,2 3,6,7,8,2 7,2 8,3 8,2 3 7,6 7,6 8,7 8,3 6 7,2 7 8,3 7 8
1 2 3 6 7 8 13,0.0508055,14.125,Yes,N/A,2,3,1 3,2 3,6,7,8,2 7,3 7,3 8,2 3 7,13,1 13,2 13,3 13,1 3 13,2 3 13
1 2 3 6 7 8 12,0.0668356,11.0556,Yes,N/A,2,3,1 3,2 3,6,7,8,1 8,2 8,3 8,12,1 12,2 12,7 8,3 6 7,3 6 8,6 12
2 3 6 7 8 13,0.031113,18.5741,Yes,N/A,2,3,N/A,2 3,6,7,8,2 7,3 7,3 8,2 3 7,13,6 8,2 13,3 13,3 6 8,2 3 13
2 3 6 7 8 12,0.0441631,15.3889,Yes,N/A,2,3,N/A,2 3,6,7,8,2 7,2 8,3 8,12,6 7,2 12,3 12,3 6 7,2 3 12,6 12
1 2 3 6 7 8 12 13,0.0351765,18.7593,Yes,N/A,2,3,1 3,2 3,6,7,8,1 8,2 8,3 8,12,13,1 13,2 13,3 13,1 3 13,6 12
1 2 3 6 7 8 11,0.0785834,9.31481,Yes,N/A,2,3,1 3,2 3,6,7,8,1 8,2 8,11,1 11,2 11,6 8,7 8,3 6 7,6 11,7 11
2 3 6 7 8 11,0.0487102,14.8148,Yes,N/A,2,3,N/A,2 3,6,7,8,3 6,2 8,11,2 3 7,2 11,6 8,7 8,2 3 11,6 11,7 11
1 2 3 6 7 8 11 13,0.0423441,16.4491,Yes,N/A,2,3,1 3,2 3,6,7,8,1 8,2 8,11,1 11,13,1 13,2 13,3 13,6 11,7 11
2 3 6 7 8 12 13,0.0194459,24.0185,Yes,N/A,2,3,N/A,2 3,6,7,8,2 7,3 7,3 8,12,13,2 12,2 13,3 13,3 6 8,6 12
1 2 3 6 7 8 11 12,0.0513664,14.5139,Yes,N/A,2,3,1 3,2 3,6,7,8,1 8,2 8,11,12,1 12,2 12,3 12,1 3 12,6 11,6 12
2 3 6 7 8 11 13,0.021016,23.8981,Yes,N/A,2,3,N/A,2 3,6,7,8,3 6,2 8,11,2 3 7,13,6 8,2 13,3 13,6 11,7 11
2 3 6 7 8 11 12,0.0299678,19.6991,Yes,N/A,2,3,N/A,2 3,6,7,8,3 6,2 8,11,12,2 11,6 8,3 12,3 6 7,6 11,6 12
1 2 3 6 7 8 11 12 13,0.0299674,21.2824,Yes,N/A,2,3,1 3,2 3,6,7,8,1 8,2 8,11,12,13,1 13,2 13,3 13,6 11,6 12
1 2 3 6 7 8 10,0.085898,8.23611,Yes,N/A,2,3,1 3,2 3,6,7,8,2 7,10,1 10,2 10,6 7,6 8,7 8,6 10,7 10,8 10
2 3 6 7 8 10,0.0591623,12.8935,Yes,N/A,2,3,N/A,2 3,6,7,8,2 7,10,3 8,2 10,3 10,6 8,7 8,6 10,7 10,8 10
1 2 3 6 7 8 10 13,0.0468654,15.4259,Yes,N/A,2,3,1 3,2 3,6,7,8,2 7,10,1 10,2 10,13,1 13,2 13,3 13,7 10,8 10
1 2 3 6 7 8 10 12,0.0584596,13.0231,Yes,N/A,2,3,1 3,2 3,6,7,8,2 7,10,1 10,12,1 12,2 12,3 12,6 10,7 10,6 12
2 3 6 7 8 10 13,0.0245314,21.9074,Yes,N/A,2,3,N/A,2 3,6,7,8,2 7,10,3 8,2 10,13,6 8,2 13,3 13,7 10,8 10
2 3 6 7 8 10 12,0.0327849,18.9306,Yes,N/A,2,3,N/A,2 3,6,7,8,2 7,10,3 8,12,3 10,2 12,7 8,6 10,7 10,8 10
1 2 3 6 7 8 10 12 13,0.0334025,19.7176,Yes,N/A,2,3,1 3,2 3,6,7,8,2 7,10,1 10,12,13,1 13,2 13,3 13,7 10,6 12
2 3 6 7 8 11 12 13,0.0151469,27.9676,Yes,N/A,2,3,N/A,2 3,6,7,8,3 6,2 8,11,12,13,6 8,2 13,3 13,6 11,6 12
1 2 3 6 7 8 10 11,0.0648841,11.7593,Yes,N/A,2,3,1 3,2 3,6,7,8,1 8,10,11,1 11,2 11,3 11,7 8,6 10,6 11,7 11
2 3 6 7 8 10 11,0.0376111,17.7778,Yes,N/A,2,3,N/A,2 3,6,7,8,3 6,10,11,2 10,2 11,6 8,7 8,6 10,6 11,7 11
1 2 3 6 7 8 10 11 13,0.0378827,18.2083,Yes,N/A,2,3,1 3,2 3,6,7,8,2 7,10,11,1 11,13,1 13,2 13,3 13,6 11,7 11
2 3 6 7 8 10 12 13,0.0161019,27.1435,Yes,N/A,2,3,N/A,2 3,6,7,8,2 7,10,3 8,12,13,2 12,2 13,6 10,7 10,8 10
1 2 3 6 7 8 10 11 12,0.0452752,16.3241,Yes,N/A,2,3,1 3,2 3,6,7,8,1 8,10,11,12,1 12,2 12,3 12,6 10,6 11,6 12
2 3 6 7 8 10 11 13,0.0184583,26.25,Yes,N/A,2,3,N/A,2 3,6,7,8,3 6,10,11,2 10,13,6 8,2 13,3 13,6 11,7 11
2 3 6 7 8 10 11 12,0.0239734,22.9954,Yes,N/A,2,3,N/A,2 3,6,7,8,2 7,10,11,12,2 11,2 12,3 12,6 10,6 11,8 10
1 2 3 6 7 8 10 11 12 13,0.0284709,22.3472,Yes,N/A,2,3,1 3,2 3,6,7,8,1 8,10,11,12,13,1 13,2 13,3 13,6 11,6 12
2 3 6 7 9 10 11 12 13,0.0120626,32.4491,Yes,N/A,2,3,N/A,2 3,6,7,2 6,9,10,11,12,13,3 11,2 13,3 13,6 11,7 11
1 2 3 6 7 8 9,0.089478,7.96759,Yes,N/A,2,3,1 3,2 3,6,7,8,9,1 9,2 9,3 9,6 7,6 8,6 9,7 9,8 9,1 8 9
2 3 6 7 8 9,0.0657414,11.9352,Yes,N/A,2,3,N/A,2 3,6,7,8,9,2 8,2 9,3 9,6 7,6 8,6 9,7 9,8 9,2 7 9
1 2 3 6 7 8 9 13,0.0484913,15.2639,Yes,N/A,2,3,1 3,2 3,6,7,8,9,1 9,2 9,3 9,13,1 13,2 13,3 13,8 9,2 7 9
1 2 3 6 7 8 9 12,0.0624199,12.1898,Yes,N/A,2,3,1 3,2 3,6,7,8,9,1 9,2 9,12,1 12,2 12,6 9,7 9,8 9,6 12
2 3 6 7 8 9 13,0.0280708,20.3889,Yes,N/A,2,3,N/A,2 3,6,7,8,9,3 7,2 9,3 9,13,6 8,2 13,3 13,8 9,2 3 13
2 3 6 7 8 9 12,0.0371186,17.6296,Yes,N/A,2,3,N/A,2 3,6,7,8,9,3 7,2 9,12,6 7,2 12,6 9,7 9,8 9,6 12
1 2 3 6 7 8 9 12 13,0.0349987,19.3333,Yes,N/A,2,3,1 3,2 3,6,7,8,9,1 9,2 9,12,13,1 13,2 13,3 13,8 9,6 12
1 2 3 6 7 8 9 11,0.069693,10.7824,Yes,N/A,2,3,1 3,2 3,6,7,8,9,1 9,11,1 11,2 11,6 8,6 9,7 9,8 9,7 11
2 3 6 7 8 9 11,0.041437,16.6991,Yes,N/A,2,3,N/A,2 3,6,7,8,9,2 8,11,3 9,2 11,3 11,6 9,7 9,6 11,7 11
1 2 3 6 7 8 9 11 13,0.040528,17.3287,Yes,N/A,2,3,1 3,2 3,6,7,8,9,2 8,11,1 11,13,1 13,2 13,3 13,6 11,7 11
2 3 6 7 8 9 12 13,0.0183348,25.5231,Yes,N/A,2,3,N/A,2 3,6,7,8,9,3 7,2 9,12,13,2 12,2 13,3 13,8 9,6 12
1 2 3 6 7 8 9 11 12,0.0485442,15.1204,Yes,N/A,2,3,1 3,2 3,6,7,8,9,1 9,11,12,1 12,2 12,3 12,7 9,6 11,6 12
2 3 6 7 8 9 11 13,0.0199827,25.1713,Yes,N/A,2,3,N/A,2 3,6,7,8,9,2 8,11,3 9,13,6 8,2 13,3 13,6 11,7 11
2 3 6 7 8 9 11 12,0.0262002,22.0602,Yes,N/A,2,3,N/A,2 3,6,7,8,9,3 7,11,12,2 11,2 12,6 9,7 9,8 9,6 12
1 2 3 6 7 8 9 11 12 13,0.0302397,21.5046,Yes,N/A,2,3,1 3,2 3,6,7,8,9,1 9,11,12,13,1 13,2 13,3 13,6 11,6 12
2 3 6 7 8 10 11 12 13,0.0136022,30.5741,Yes,N/A,2,3,N/A,2 3,6,7,8,2 7,10,11,12,13,6 8,2 13,3 13,6 11,8 10
1 2 3 6 7 8 9 10,0.0740836,10.1296,Yes,N/A,2,3,1 3,2 3,6,7,8,9,10,1 10,2 10,3 10,6 8,6 9,7 9,7 10,8 10
2 3 6 7 8 9 10,0.0468666,15.2917,Yes,N/A,2,3,N/A,2 3,6,7,8,9,10,2 9,2 10,6 7,6 8,7 8,6 10,7 10,8 10
1 2 3 6 7 8 9 10 13,0.0435717,16.6528,Yes,N/A,2,3,1 3,2 3,6,7,8,9,10,1 10,2 10,13,1 13,2 13,7 9,7 10,8 10
1 2 3 6 7 8 9 10 12,0.0529771,14.2315,Yes,N/A,2,3,1 3,2 3,6,7,8,9,10,1 10,12,1 12,2 12,6 9,6 10,7 10,8 10
2 3 6 7 8 9 10 13,0.0224671,23.5185,Yes,N/A,2,3,N/A,2 3,6,7,8,9,10,3 8,2 10,13,6 8,2 13,3 13,7 10,8 10
2 3 6 7 8 9 10 12,0.0289935,20.7176,Yes,N/A,2,3,N/A,2 3,6,7,8,9,10,2 9,12,3 10,2 12,3 12,6 10,8 9,6 12
1 2 3 6 7 8 9 10 12 13,0.0328453,20.0833,Yes,N/A,2,3,1 3,2 3,6,7,8,9,10,1 10,12,13,1 13,2 13,3 13,7 10,6 12
2 3 6 7 8 9 11 12 13,0.014705,29.588,Yes,N/A,2,3,N/A,2 3,6,7,8,9,3 7,11,12,13,2 12,2 13,3 13,6 11,6 12
1 2 3 6 7 8 9 10 11,0.0585233,13.0231,Yes,N/A,2,3,1 3,2 3,6,7,8,9,10,11,1 11,2 11,3 11,6 9,7 9,7 10,8 10
2 3 6 7 8 9 10 11,0.0333142,19.375,Yes,N/A,2,3,N/A,2 3,6,7,8,9,10,11,2 10,2 11,3 11,6 9,6 10,8 9,8 10
1 2 3 6 7 8 9 10 11 13,0.037104,18.8889,Yes,N/A,2,3,1 3,2 3,6,7,8,9,10,11,1 11,13,1 13,2 13,3 13,6 11,7 11
2 3 6 7 8 9 10 12 13,0.0157748,28.3565,Yes,N/A,2,3,N/A,2 3,6,7,8,9,10,3 8,12,13,2 12,2 13,3 13,8 9,6 12
1 2 3 6 7 8 9 10 11 12,0.0438456,16.9444,Yes,N/A,2,3,1 3,2 3,6,7,8,9,10,11,12,1 12,2 12,3 12,6 10,6 11,7 11
2 3 6 7 8 9 10 11 13,0.0180508,27.1481,Yes,N/A,2,3,N/A,2 3,6,7,8,9,10,11,2 10,13,3 11,2 13,3 13,6 11,7 11
2 3 6 7 8 9 10 11 12,0.022711,24.2454,Yes,N/A,2,3,N/A,2 3,6,7,8,9,10,11,12,2 11,2 12,3 12,6 10,8 9,6 12
1 2 3 6 7 8 9 10 11 12 13,0.0298849,21.8565,Yes,N/A,2,3,1 3,2 3,6,7,8,9,10,11,12,13,1 13,2 13,3 13,6 11,7 11
1 2 3 5,0.151472,5.19444,Yes,N/A,2,3,1 3,5,1 5,2 5,3 5,1 3 5,2 3 5,1 2 3 5,N/A,N/A,N/A,N/A,N/A,N/A,N/A
2 3 5,0.126415,7.23148,Yes,N/A,2,3,N/A,5,N/A,2 5,3 5,N/A,2 3 5,N/A,N/A,N/A,N/A,N/A,N/A,N/A,N/A
1 2 3 5 13,0.0685134,11.9954,Yes,N/A,2,3,1 3,5,1 5,2 5,3 5,1 3 5,2 3 5,1 2 3 5,N/A,13,1 13,2 13,3 13,1 3 13,5 13
1 2 3 5 12,0.0946588,8.88889,Yes,N/A,2,3,1 3,5,1 5,2 5,3 5,1 3 5,2 3 5,1 2 3 5,12,1 12,2 12,3 12,1 3 12,5 12,1 5 12
2 3 5 13,0.0378712,16.7917,Yes,N/A,2,3,N/A,5,N/A,2 5,3 5,N/A,2 3 5,N/A,N/A,13,N/A,2 13,3 13,N/A,5 13
2 3 5 12,0.0501847,14.6852,Yes,N/A,2,3,N/A,5,N/A,2 5,3 5,N/A,2 3 5,N/A,12,N/A,2 12,3 12,N/A,5 12,N/A
1 2 3 5 12 13,0.0389416,17.6065,Yes,N/A,2,3,1 3,5,1 5,2 5,3 5,1 3 5,2 3 5,1 2 3 5,12,13,1 13,2 13,3 13,5 12,5 13
1 2 3 5 11,0.103725,7.66204,Yes,N/A,2,3,1 3,5,1 5,2 5,3 5,1 3 5,2 3 5,11,1 11,2 11,3 11,1 3 11,5 11,1 5 11,2 5 11
2 3 5 11,0.061991,12.7083,Yes,N/A,2,3,N/A,5,N/A,2 5,3 5,N/A,2 3 5,11,N/A,2 11,3 11,N/A,5 11,N/A,2 5 11
1 2 3 5 11 13,0.0473723,15.7083,Yes,N/A,2,3,1 3,5,1 5,2 5,3 5,1 3 5,2 3 5,11,1 11,13,1 13,2 13,3 13,1 3 13,5 13
2 3 5 12 13,0.0192917,23.3704,Yes,N/A,2,3,N/A,5,N/A,2 5,3 5,N/A,2 3 5,N/A,12,13,2 12,2 13,3 13,5 12,5 13
1 2 3 5 11 12,0.0577158,13.8981,Yes,N/A,2,3,1 3,5,1 5,2 5,3 5,1 3 5,2 3 5,11,12,1 12,2 12,3 12,5 11,5 12,1 5 12
2 3 5 11 13,0.0211218,22.6157,Yes,N/A,2,3,N/A,5,N/A,2 5,3 5,N/A,2 3 5,11,N/A,13,3 11,2 13,3 13,N/A,5 13
2 3 5 11 12,0.0307129,18.7824,Yes,N/A,2,3,N/A,5,N/A,2 5,3 5,N/A,2 3 5,11,12,2 11,2 12,3 12,5 11,5 12,2 5 11
1 2 3 5 11 12 13,0.0279152,22.6389,Yes,N/A,2,3,1 3,5,1 5,2 5,3 5,1 3 5,2 3 5,11,12,13,1 13,2 13,3 13,5 12,5 13
1 2 3 5 10,0.10506,6.68056,Yes,N/A,2,3,1 3,5,1 5,2 5,3 5,1 3 5,10,1 10,2 10,3 10,1 3 10,5 10,1 5 10,2 5 10,3 5 10
2 3 5 10,0.0549536,12.3287,Yes,N/A,2,3,N/A,5,N/A,2 5,3 5,N/A,10,N/A,2 10,3 10,N/A,5 10,N/A,2 5 10,3 5 10
1 2 3 5 10 13,0.0512748,14.2176,Yes,N/A,2,3,1 3,5,1 5,2 5,3 5,1 3 5,10,1 10,2 10,13,1 13,2 13,3 13,1 3 13,5 13
1 2 3 5 10 12,0.0615841,12.4352,Yes,N/A,2,3,1 3,5,1 5,2 5,3 5,1 3 5,10,1 10,12,1 12,2 12,3 12,1 3 12,5 12,1 5 12
2 3 5 10 13,0.0208368,22.588,Yes,N/A,2,3,N/A,5,N/A,2 5,3 5,N/A,10,N/A,2 10,13,N/A,2 13,3 13,2 5 10,5 13
2 3 5 10 12,0.0261299,20.5417,Yes,N/A,2,3,N/A,5,N/A,2 5,3 5,N/A,10,N/A,12,3 10,2 12,3 12,N/A,5 12,3 5 10
1 2 3 5 10 12 13,0.0313432,20.6991,Yes,N/A,2,3,1 3,5,1 5,2 5,3 5,1 3 5,10,1 10,12,13,2 12,2 13,3 13,5 12,5 13
2 3 5 11 12 13,0.0134064,28.625,Yes,N/A,2,3,N/A,5,N/A,2 5,3 5,N/A,2 3 5,11,12,13,2 12,2 13,3 13,5 12,5 13
1 2 3 5 10 11,0.0711894,10.7546,Yes,N/A,2,3,1 3,5,1 5,2 5,3 5,1 3 5,10,11,2 10,2 11,3 11,5 10,5 11,1 5 11,2 5 11
2 3 5 10 11,0.0380783,16.4352,Yes,N/A,2,3,N/A,5,N/A,2 5,3 5,N/A,10,11,2 10,2 11,3 11,5 10,5 11,2 5 10,2 5 11
1 2 3 5 10 11 13,0.0372724,18.8333,Yes,N/A,2,3,1 3,5,1 5,2 5,3 5,1 3 5,10,11,2 10,13,1 13,2 13,3 13,1 3 13,5 13
2 3 5 10 12 13,0.0121698,30.4352,Yes,N/A,2,3,N/A,5,N/A,2 5,3 5,N/A,10,N/A,12,13,2 12,2 13,3 13,5 12,5 13
1 2 3 5 10 11 12,0.044451,17.1944,Yes,N/A,2,3,1 3,5,1 5,2 5,3 5,1 3 5,10,11,12,2 11,2 12,3 12,5 11,5 12,1 5 12
2 3 5 10 11 13,0.0165826,26.4676,Yes,N/A,2,3,N/A,5,N/A,2 5,3 5,N/A,10,11,2 10,13,3 11,2 13,3 13,2 5 10,5 13
2 3 5 10 11 12,0.0220766,24.162,Yes,N/A,2,3,N/A,5,N/A,2 5,3 5,N/A,10,11,12,3 10,2 12,3 12,5 11,5 12,3 5 10
1 2 3 5 10 11 12 13,0.0244225,25.6204,Yes,N/A,2,3,1 3,5,1 5,2 5,3 5,1 3 5,10,11,12,13,2 12,2 13,3 13,5 12,5 13
1 2 3 5 9,0.103346,5.89352,Yes,N/A,2,3,1 3,5,1 5,2 5,3 5,9,1 9,2 9,3 9,1 3 9,5 9,1 5 9,2 5 9,3 5 9,1 3 5 9
2 3 5 9,0.0740187,9.25,Yes,N/A,2,3,N/A,5,N/A,2 5,3 5,9,2 3 5,2 9,3 9,N/A,5 9,N/A,2 5 9,3 5 9,N/A
1 2 3 5 9 13,0.0563419,12.6528,Yes,N/A,2,3,1 3,5,1 5,2 5,3 5,9,1 9,2 9,3 9,13,1 13,2 13,3 13,1 3 13,5 13
1 2 3 5 9 12,0.0688399,10.8611,Yes,N/A,2,3,1 3,5,1 5,2 5,3 5,9,1 9,2 9,12,1 12,2 12,3 12,1 3 12,5 12,1 5 12
2 3 5 9 13,0.0304698,16.7824,Yes,N/A,2,3,N/A,5,N/A,2 5,3 5,9,2 3 5,2 9,3 9,13,5 9,2 13,3 13,3 5 9,5 13
2 3 5 9 12,0.0357728,17.2824,Yes,N/A,2,3,N/A,5,N/A,2 5,3 5,9,2 3 5,2 9,12,N/A,2 12,3 12,2 5 9,5 12,N/A
1 2 3 5 9 12 13,0.035152,18.7083,Yes,N/A,2,3,1 3,5,1 5,2 5,3 5,9,1 9,2 9,12,13,1 13,3 12,3 13,5 12,5 13
1 2 3 5 9 11,0.0770293,9.49074,Yes,N/A,2,3,1 3,5,1 5,2 5,3 5,9,1 9,11,1 11,2 11,3 11,1 3 11,5 11,1 5 11,2 5 11
2 3 5 9 11,0.0433783,14.9398,Yes,N/A,2,3,N/A,5,N/A,2 5,3 5,9,2 3 5,11,3 9,2 11,3 11,N/A,5 11,3 5 9,2 5 11
1 2 3 5 9 11 13,0.0414537,16.7778,Yes,N/A,2,3,1 3,5,1 5,2 5,3 5,9,1 9,11,1 11,13,1 13,2 13,3 13,1 5 11,5 13
2 3 5 9 12 13,0.0175809,24.3843,Yes,N/A,2,3,N/A,5,N/A,2 5,3 5,9,2 3 5,2 9,12,13,2 12,3 12,3 13,5 12,5 13
1 2 3 5 9 11 12,0.0500571,14.9398,Yes,N/A,2,3,1 3,5,1 5,2 5,3 5,9,1 9,11,12,1 12,2 12,3 12,5 11,5 12,1 5 12
2 3 5 9 11 13,0.0197205,23.2778,Yes,N/A,2,3,N/A,5,N/A,2 5,3 5,9,2 3 5,11,3 9,13,3 11,2 13,5 11,3 5 9,5 13
2 3 5 9 11 12,0.0248559,21.9074,Yes,N/A,2,3,N/A,5,N/A,2 5,3 5,9,2 3 5,11,12,2 11,2 12,3 12,5 11,5 12,2 5 11
1 2 3 5 9 11 12 13,0.0276777,22.9398,Yes,N/A,2,3,1 3,5,1 5,2 5,3 5,9,1 9,11,12,13,1 13,3 12,3 13,5 12,5 13
2 3 5 10 11 12 13,0.0109183,34.0694,Yes,N/A,2,3,N/A,5,N/A,2 5,3 5,N/A,10,11,12,13,2 12,2 13,3 13,5 12,5 13
1 2 3 5 9 10,0.0816089,8.125,Yes,N/A,2,3,1 3,5,1 5,2 5,3 5,9,10,2 9,2 10,3 10,5 9,5 10,1 5 10,2 5 10,3 5 10
2 3 5 9 10,0.0536072,12.4954,Yes,N/A,2,3,N/A,5,N/A,2 5,3 5,9,10,2 9,2 10,3 10,5 9,5 10,2 5 9,2 5 10,3 5 10
1 2 3 5 9 10 13,0.0466336,15.0926,Yes,N/A,2,3,1 3,5,1 5,2 5,3 5,9,10,1 10,3 9,13,1 13,2 13,3 13,1 3 13,5 13
1 2 3 5 9 10 12,0.0558342,13.7778,Yes,N/A,2,3,1 3,5,1 5,2 5,3 5,9,10,2 9,12,1 12,2 12,3 12,1 3 12,5 12,1 5 12
2 3 5 9 10 13,0.0241277,21.4676,Yes,N/A,2,3,N/A,5,N/A,2 5,3 5,9,10,2 9,2 10,13,5 9,2 13,3 13,3 5 9,5 13
2 3 5 9 10 12,0.0297457,20.2778,Yes,N/A,2,3,N/A,5,N/A,2 5,3 5,9,10,2 9,12,3 10,2 12,3 12,2 5 9,5 12,3 5 10
1 2 3 5 9 10 12 13,0.0312736,21.2269,Yes,N/A,2,3,1 3,5,1 5,2 5,3 5,9,10,1 10,12,13,1 13,2 13,3 13,5 12,5 13
2 3 5 9 11 12 13,0.0126825,30.3611,Yes,N/A,2,3,N/A,5,N/A,2 5,3 5,9,2 3 5,11,12,13,2 12,2 13,3 13,5 12,5 13
1 2 3 5 9 10 11,0.062656,12.4861,Yes,N/A,2,3,1 3,5,1 5,2 5,3 5,9,10,11,1 11,2 11,3 11,5 10,5 11,1 5 11,2 5 11
2 3 5 9 10 11,0.0380794,17.9028,Yes,N/A,2,3,N/A,5,N/A,2 5,3 5,9,10,11,3 9,2 11,3 11,5 10,5 11,3 5 9,2 5 11
1 2 3 5 9 10 11 13,0.0362163,19.7222,Yes,N/A,2,3,1 3,5,1 5,2 5,3 5,9,10,11,1 11,13,1 13,2 13,3 13,1 3 13,5 13
2 3 5 9 10 12 13,0.014876,28.6759,Yes,N/A,2,3,N/A,5,N/A,2 5,3 5,9,10,2 9,12,13,2 12,3 12,3 13,5 12,5 13
1 2 3 5 9 10 11 12,0.0426025,18.2731,Yes,N/A,2,3,1 3,5,1 5,2 5,3 5,9,10,11,12,1 12,3 11,3 12,5 11,5 12,1 5 12
2 3 5 9 10 11 13,0.0180873,26.5093,Yes,N/A,2,3,N/A,5,N/A,2 5,3 5,9,10,11,2 10,13,3 11,2 13,3 13,2 5 10,5 13
2 3 5 9 10 11 12,0.0225613,24.9722,Yes,N/A,2,3,N/A,5,N/A,2 5,3 5,9,10,11,12,2 11,2 12,3 12,5 11,5 12,2 5 11
1 2 3 5 9 10 11 12 13,0.0258396,25.5741,Yes,N/A,2,3,1 3,5,1 5,2 5,3 5,9,10,11,12,13,1 13,2 13,3 13,5 12,5 13
1 2 3 5 8,0.0949804,5.49537,Yes,N/A,2,3,1 3,5,1 5,2 5,8,1 8,2 8,3 8,1 3 8,5 8,1 5 8,2 5 8,3 5 8,1 3 5 8,2 3 5 8
2 3 5 8,0.0526352,10.3889,Yes,N/A,2,3,N/A,5,N/A,2 5,8,N/A,2 8,3 8,N/A,5 8,N/A,2 5 8,3 5 8,N/A,2 3 5 8
1 2 3 5 8 13,0.0496714,12.7963,Yes,N/A,2,3,1 3,5,1 5,2 5,8,1 8,2 8,3 8,1 3 8,13,1 13,2 13,3 13,1 3 13,5 13
1 2 3 5 8 12,0.0660198,10.3935,Yes,N/A,2,3,1 3,5,1 5,2 5,8,1 8,2 8,3 8,12,1 12,2 12,3 12,1 3 12,5 12,1 5 12
2 3 5 8 13,0.0208219,21.0139,Yes,N/A,2,3,N/A,5,N/A,2 5,8,N/A,2 8,3 8,N/A,13,N/A,2 13,3 13,N/A,5 13
2 3 5 8 12,0.0331891,16.2593,Yes,N/A,2,3,N/A,5,N/A,2 5,8,N/A,2 8,3 8,12,5 8,2 12,3 12,3 5 8,5 12,2 3 5 8
1 2 3 5 8 12 13,0.0337469,18.2778,Yes,N/A,2,3,1 3,5,1 5,2 5,8,1 8,2 8,3 8,12,13,1 13,2 13,3 13,5 12,5 13
1 2 3 5 8 11,0.0734983,9.22222,Yes,N/A,2,3,1 3,5,1 5,2 5,8,1 8,2 8,11,1 11,2 11,3 11,1 3 11,5 11,1 5 11,2 5 11
2 3 5 8 11,0.0355355,17.2778,Yes,N/A,2,3,N/A,5,N/A,2 5,8,N/A,2 8,11,N/A,2 11,3 11,2 5 8,5 11,N/A,2 5 11
1 2 3 5 8 11 13,0.0379225,17.0926,Yes,N/A,2,3,1 3,5,1 5,2 5,8,1 8,2 8,11,1 11,13,3 11,2 13,3 13,1 3 13,5 13
2 3 5 8 12 13,0.0149817,26.0972,Yes,N/A,2,3,N/A,5,N/A,2 5,8,N/A,2 8,3 8,12,13,2 12,2 13,3 13,5 12,5 13
1 2 3 5 8 11 12,0.0496096,14.3704,Yes,N/A,2,3,1 3,5,1 5,2 5,8,1 8,2 8,11,12,2 11,3 11,3 12,5 11,5 12,2 5 11
2 3 5 8 11 13,0.0144043,28.0694,Yes,N/A,2,3,N/A,5,N/A,2 5,8,N/A,2 8,11,N/A,13,3 11,2 13,3 13,N/A,5 13
2 3 5 8 11 12,0.0242421,22.662,Yes,N/A,2,3,N/A,5,N/A,2 5,8,N/A,2 8,11,12,2 11,3 11,3 12,5 11,5 12,2 5 11
1 2 3 5 8 11 12 13,0.0269175,22.3241,Yes,N/A,2,3,1 3,5,1 5,2 5,8,1 8,2 8,11,12,13,3 11,3 12,3 13,5 12,5 13
1 2 3 5 8 10,0.0797856,7.9537,Yes,N/A,2,3,1 3,5,1 5,2 5,8,1 8,10,3 8,2 10,3 10,1 5 8,5 10,1 5 10,2 5 10,8 10
2 3 5 8 10,0.0430196,15.1296,Yes,N/A,2,3,N/A,5,N/A,2 5,8,N/A,10,3 8,2 10,5 8,N/A,5 10,3 5 8,2 5 10,8 10
1 2 3 5 8 10 13,0.0430641,15.4583,Yes,N/A,2,3,1 3,5,1 5,2 5,8,1 8,10,3 8,2 10,13,1 13,2 13,3 13,2 5 10,5 13
1 2 3 5 8 10 12,0.0550684,13.3426,Yes,N/A,2,3,1 3,5,1 5,2 5,8,1 8,10,3 8,12,3 10,2 12,3 12,1 5 10,5 12,8 10
2 3 5 8 10 13,0.0173244,25.8194,Yes,N/A,2,3,N/A,5,N/A,2 5,8,N/A,10,3 8,2 10,13,N/A,2 13,3 13,2 5 10,5 13
2 3 5 8 10 12,0.0270794,21.8889,Yes,N/A,2,3,N/A,5,N/A,2 5,8,N/A,10,3 8,12,3 10,2 12,5 10,3 5 8,5 12,8 10
1 2 3 5 8 10 12 13,0.0303991,21.1713,Yes,N/A,2,3,1 3,5,1 5,2 5,8,1 8,10,3 8,12,13,2 12,2 13,3 13,5 12,5 13
2 3 5 8 11 12 13,0.0113253,32.5463,Yes,N/A,2,3,N/A,5,N/A,2 5,8,N/A,2 8,11,12,13,3 11,2 13,3 13,5 12,5 13
1 2 3 5 8 10 11,0.0633761,11.7593,Yes,N/A,2,3,1 3,5,1 5,2 5,8,1 8,10,11,2 10,3 10,3 11,5 10,5 11,1 5 11,8 10
2 3 5 8 10 11,0.0315544,20.9167,Yes,N/A,2,3,N/A,5,N/A,2 5,8,N/A,10,11,2 10,5 8,3 11,5 10,5 11,2 5 10,8 10
1 2 3 5 8 10 11 13,0.0340254,19.7222,Yes,N/A,2,3,1 3,5,1 5,2 5,8,1 8,10,11,2 10,13,3 11,2 13,3 13,1 3 13,5 13
2 3 5 8 10 12 13,0.0124349,31.8241,Yes,N/A,2,3,N/A,5,N/A,2 5,8,N/A,10,3 8,12,13,2 12,5 10,3 13,5 12,5 13
1 2 3 5 8 10 11 12,0.0437878,17.1898,Yes,N/A,2,3,1 3,5,1 5,2 5,8,1 8,10,11,12,3 10,3 11,3 12,5 11,5 12,8 10
2 3 5 8 10 11 13,0.0132795,31.4213,Yes,N/A,2,3,N/A,5,N/A,2 5,8,N/A,10,11,2 10,13,3 11,2 13,3 13,2 5 10,5 13
2 3 5 8 10 11 12,0.0200086,27.7083,Yes,N/A,2,3,N/A,5,N/A,2 5,8,N/A,10,11,12,3 10,3 11,5 10,5 11,5 12,8 10
1 2 3 5 8 10 11 12 13,0.0253699,24.7917,Yes,N/A,2,3,1 3,5,1 5,2 5,8,1 8,10,11,12,13,3 11,3 12,3 13,5 12,5 13
2 3 5 9 10 11 12 13,0.0122823,33.1898,Yes,N/A,2,3,N/A,5,N/A,2 5,3 5,9,10,11,12,13,2 12,2 13,3 13,5 12,5 13
1 2 3 5 8 9,0.090257,6.51852,Yes,N/A,2,3,1 3,5,1 5,2 5,8,9,2 8,3 8,3 9,5 8,5 9,1 5 9,2 5 9,8 9,1 8 9
2 3 5 8 9,0.0642482,10.9028,Yes,N/A,2,3,N/A,5,N/A,2 5,8,9,2 8,2 9,3 9,5 8,5 9,2 5 8,2 5 9,8 9,2 3 5 8
1 2 3 5 8 9 13,0.0509989,13.3194,Yes,N/A,2,3,1 3,5,1 5,2 5,8,9,2 8,3 8,3 9,13,1 13,2 13,3 13,8 9,5 13
1 2 3 5 8 9 12,0.062195,11.625,Yes,N/A,2,3,1 3,5,1 5,2 5,8,9,1 9,3 8,12,1 12,2 12,3 12,1 3 12,5 12,1 5 12
2 3 5 8 9 13,0.0281129,19.6481,Yes,N/A,2,3,N/A,5,N/A,2 5,8,9,2 8,3 8,3 9,13,5 9,2 13,3 13,8 9,5 13
2 3 5 8 9 12,0.035685,18.2361,Yes,N/A,2,3,N/A,5,N/A,2 5,8,9,2 8,2 9,12,5 8,2 12,3 12,2 5 9,5 12,2 3 5 8
1 2 3 5 8 9 12 13,0.0344685,19.1389,Yes,N/A,2,3,1 3,5,1 5,2 5,8,9,1 9,3 8,12,13,1 13,2 13,3 13,5 12,5 13
1 2 3 5 8 9 11,0.0711215,10.4444,Yes,N/A,2,3,1 3,5,1 5,2 5,8,9,2 8,11,1 11,2 11,3 11,1 3 11,5 11,8 9,2 5 11
2 3 5 8 9 11,0.0428249,16.7917,Yes,N/A,2,3,N/A,5,N/A,2 5,8,9,2 8,11,3 9,2 11,3 11,2 5 8,5 11,8 9,2 5 11
1 2 3 5 8 9 11 13,0.0398218,17.4583,Yes,N/A,2,3,1 3,5,1 5,2 5,8,9,2 8,11,1 11,13,1 13,2 13,3 13,8 9,5 13
2 3 5 8 9 12 13,0.0177472,26.4028,Yes,N/A,2,3,N/A,5,N/A,2 5,8,9,2 8,3 8,12,13,5 9,3 12,3 13,5 12,5 13
1 2 3 5 8 9 11 12,0.0486483,15.5509,Yes,N/A,2,3,1 3,5,1 5,2 5,8,9,2 8,11,12,1 12,3 11,3 12,5 11,5 12,1 5 12
2 3 5 8 9 11 13,0.0191865,25.7361,Yes,N/A,2,3,N/A,5,N/A,2 5,8,9,2 8,11,3 9,13,3 11,2 13,5 11,8 9,5 13
2 3 5 8 9 11 12,0.0252765,23.5602,Yes,N/A,2,3,N/A,5,N/A,2 5,8,9,2 8,11,12,2 11,3 11,3 12,5 11,5 12,2 5 11
1 2 3 5 8 9 11 12 13,0.0286622,22.6065,Yes,N/A,2,3,1 3,5,1 5,2 5,8,9,2 8,11,12,13,1 13,3 12,3 13,5 12,5 13
2 3 5 8 10 11 12 13,0.00996833,37.8565,Yes,N/A,2,3,N/A,5,N/A,2 5,8,N/A,10,11,12,13,3 11,2 13,3 13,5 12,5 13
1 2 3 5 8 9 10,0.0787869,9.18056,Yes,N/A,2,3,1 3,5,1 5,2 5,8,9,10,1 10,3 9,3 10,5 9,5 10,1 5 10,8 9,8 10
2 3 5 8 9 10,0.0523425,14.8426,Yes,N/A,2,3,N/A,5,N/A,2 5,8,9,10,3 8,2 10,3 10,5 9,5 10,3 5 8,8 9,8 10
1 2 3 5 8 9 10 13,0.0452688,15.9444,Yes,N/A,2,3,1 3,5,1 5,2 5,8,9,10,3 8,3 9,13,1 13,2 13,3 13,8 9,5 13
1 2 3 5 8 9 10 12,0.0540965,14.2361,Yes,N/A,2,3,1 3,5,1 5,2 5,8,9,10,3 8,12,1 12,2 12,3 12,1 3 12,5 12,8 10
2 3 5 8 9 10 13,0.0235881,23.5046,Yes,N/A,2,3,N/A,5,N/A,2 5,8,9,10,3 8,2 10,13,5 9,2 13,3 13,8 9,5 13
2 3 5 8 9 10 12,0.029782,21.6667,Yes,N/A,2,3,N/A,5,N/A,2 5,8,9,10,3 8,12,3 10,2 12,3 12,2 5 9,5 12,8 10
1 2 3 5 8 9 10 12 13,0.03226,21.2037,Yes,N/A,2,3,1 3,5,1 5,2 5,8,9,10,3 8,12,13,1 13,2 13,3 13,5 12,5 13
2 3 5 8 9 11 12 13,0.0133148,31.5787,Yes,N/A,2,3,N/A,5,N/A,2 5,8,9,2 8,11,12,13,3 11,3 12,3 13,5 12,5 13
1 2 3 5 8 9 10 11,0.0607298,13.0926,Yes,N/A,2,3,1 3,5,1 5,2 5,8,9,10,11,1 11,2 11,3 11,5 10,5 11,8 9,8 10
2 3 5 8 9 10 11,0.0349062,20.0556,Yes,N/A,2,3,N/A,5,N/A,2 5,8,9,10,11,3 9,2 11,3 11,5 10,5 11,8 9,8 10
1 2 3 5 8 9 10 11 13,0.0363276,19.6852,Yes,N/A,2,3,1 3,5,1 5,2 5,8,9,10,11,3 9,13,1 13,2 13,3 13,8 9,8 10
2 3 5 8 9 10 12 13,0.0155387,29.8611,Yes,N/A,2,3,N/A,5,N/A,2 5,8,9,10,3 8,12,13,2 12,2 13,3 13,5 12,5 13
1 2 3 5 8 9 10 11 12,0.0431575,17.9907,Yes,N/A,2,3,1 3,5,1 5,2 5,8,9,10,11,12,3 10,3 11,3 12,5 11,8 9,8 10
2 3 5 8 9 10 11 13,0.0170751,29.0556,Yes,N/A,2,3,N/A,5,N/A,2 5,8,9,10,11,3 9,13,3 11,2 13,3 13,8 9,5 13
2 3 5 8 9 10 11 12,0.0221431,26.3889,Yes,N/A,2,3,N/A,5,N/A,2 5,8,9,10,11,12,3 10,3 11,3 12,5 11,5 12,8 10
1 2 3 5 8 9 10 11 12 13,0.0274888,24.1759,Yes,N/A,2,3,1 3,5,1 5,2 5,8,9,10,11,12,13,3 11,3 12,3 13,5 12,8 10
1 2 3 5 7,0.0899542,5.03241,Yes,N/A,2,3,1 3,5,1 5,7,3 5,2 7,3 7,1 3 7,5 7,1 5 7,2 5 7,3 5 7,1 3 5 7,2 3 5 7,1 2 3 5 7
2 3 5 7,0.0611452,9.00926,Yes,N/A,2,3,N/A,5,N/A,7,3 5,2 7,3 7,N/A,5 7,N/A,2 5 7,3 5 7,N/A,2 3 5 7,N/A
1 2 3 5 7 13,0.0495685,12.2315,Yes,N/A,2,3,1 3,5,1 5,7,3 5,2 7,3 7,1 3 7,5 7,13,1 13,2 13,3 13,1 3 13,5 13
1 2 3 5 7 12,0.0653803,10.2546,Yes,N/A,2,3,1 3,5,1 5,7,3 5,2 7,3 7,1 3 7,12,1 12,2 12,3 12,1 3 12,5 12,1 5 12
2 3 5 7 13,0.0275925,17.2546,Yes,N/A,2,3,N/A,5,N/A,7,3 5,2 7,3 7,N/A,5 7,13,2 5 7,2 13,3 13,2 3 5 7,5 13
2 3 5 7 12,0.0310169,18.0741,Yes,N/A,2,3,N/A,5,N/A,7,3 5,2 7,3 7,N/A,12,N/A,2 12,3 12,N/A,5 12,N/A
1 2 3 5 7 12 13,0.0332171,18.1852,Yes,N/A,2,3,1 3,5,1 5,7,3 5,2 7,3 7,1 3 7,12,13,2 12,2 13,3 13,5 12,5 13
1 2 3 5 7 11,0.0817823,8.11574,Yes,N/A,2,3,1 3,5,1 5,7,3 5,2 7,3 7,11,1 11,2 11,3 11,3 5 7,5 11,1 5 11,7 11
2 3 5 7 11,0.0516367,12.2407,Yes,N/A,2,3,N/A,5,N/A,7,3 5,2 7,3 7,11,5 7,2 11,3 11,3 5 7,5 11,2 3 5 7,7 11
1 2 3 5 7 11 13,0.0434356,15.2778,Yes,N/A,2,3,1 3,5,1 5,7,3 5,2 7,3 7,11,1 11,13,1 13,2 13,3 13,1 3 13,5 13
2 3 5 7 12 13,0.0159713,25.5046,Yes,N/A,2,3,N/A,5,N/A,7,3 5,2 7,3 7,N/A,12,13,2 12,3 12,3 13,5 12,5 13
1 2 3 5 7 11 12,0.0542122,13.4815,Yes,N/A,2,3,1 3,5,1 5,7,3 5,2 7,3 7,11,12,1 12,2 12,3 12,5 11,5 12,7 11
2 3 5 7 11 13,0.0225236,21.6204,Yes,N/A,2,3,N/A,5,N/A,7,3 5,2 7,3 7,11,5 7,13,3 11,2 13,3 13,2 3 5 7,5 13
2 3 5 7 11 12,0.0289554,19.5787,Yes,N/A,2,3,N/A,5,N/A,7,3 5,2 7,3 7,11,12,2 11,2 12,3 12,5 11,5 12,7 11
1 2 3 5 7 11 12 13,0.0292148,21.3009,Yes,N/A,2,3,1 3,5,1 5,7,3 5,2 7,3 7,11,12,13,2 12,2 13,3 13,5 12,5 13
1 2 3 5 7 10,0.0877724,7.10648,Yes,N/A,2,3,1 3,5,1 5,7,3 5,2 7,10,1 10,2 10,3 10,2 5 7,5 10,1 5 10,7 10,3 5 10
2 3 5 7 10,0.0521943,13.9722,Yes,N/A,2,3,N/A,5,N/A,7,3 5,2 7,10,N/A,2 10,3 10,2 5 7,5 10,N/A,7 10,3 5 10
1 2 3 5 7 10 13,0.0479159,14.037,Yes,N/A,2,3,1 3,5,1 5,7,3 5,2 7,10,1 10,2 10,13,1 13,2 13,3 13,7 10,5 13
1 2 3 5 7 10 12,0.0572211,13.0139,Yes,N/A,2,3,1 3,5,1 5,7,3 5,2 7,10,1 10,12,1 12,2 12,3 12,1 3 12,5 12,3 5 10
2 3 5 7 10 13,0.0217987,23.2546,Yes,N/A,2,3,N/A,5,N/A,7,3 5,2 7,10,N/A,2 10,13,2 5 7,2 13,3 13,7 10,5 13
2 3 5 7 10 12,0.0251331,22.9352,Yes,N/A,2,3,N/A,5,N/A,7,3 5,2 7,10,N/A,12,3 10,2 12,3 12,N/A,5 12,3 5 10
1 2 3 5 7 10 12 13,0.0319066,20.0648,Yes,N/A,2,3,1 3,5,1 5,7,3 5,2 7,10,1 10,12,13,2 12,3 12,3 13,5 12,5 13
2 3 5 7 11 12 13,0.0141746,28.0602,Yes,N/A,2,3,N/A,5,N/A,7,3 5,2 7,3 7,11,12,13,2 12,2 13,5 11,5 12,5 13
1 2 3 5 7 10 11,0.0719954,10.3704,Yes,N/A,2,3,1 3,5,1 5,7,3 5,2 7,10,11,2 10,2 11,3 11,5 10,5 11,7 10,7 11
2 3 5 7 10 11,0.0423172,16.5046,Yes,N/A,2,3,N/A,5,N/A,7,3 5,2 7,10,11,2 10,3 10,3 11,5 10,5 11,7 10,7 11
1 2 3 5 7 10 11 13,0.0396585,17.4213,Yes,N/A,2,3,1 3,5,1 5,7,3 5,2 7,10,11,2 10,13,1 13,2 13,3 13,7 10,5 13
2 3 5 7 10 12 13,0.0125267,31.4722,Yes,N/A,2,3,N/A,5,N/A,7,3 5,2 7,10,N/A,12,13,2 12,3 12,3 13,5 12,5 13
1 2 3 5 7 10 11 12,0.0473722,16.0093,Yes,N/A,2,3,1 3,5,1 5,7,3 5,2 7,10,11,12,1 12,2 12,3 12,5 11,5 12,7 11
2 3 5 7 10 11 13,0.0193563,25.3889,Yes,N/A,2,3,N/A,5,N/A,7,3 5,2 7,10,11,2 10,13,3 11,2 13,3 13,7 10,5 13
2 3 5 7 10 11 12,0.0234433,23.8194,Yes,N/A,2,3,N/A,5,N/A,7,3 5,2 7,10,11,12,3 10,2 12,3 12,5 11,5 12,7 11
1 2 3 5 7 10 11 12 13,0.0276912,23.1991,Yes,N/A,2,3,1 3,5,1 5,7,3 5,2 7,10,11,12,13,1 13,2 13,3 13,5 12,5 13
1 2 3 5 7 9,0.0940069,6.25926,Yes,N/A,2,3,1 3,5,1 5,7,1 7,9,3 7,2 9,3 9,1 5 7,5 9,3 5 7,7 9,3 5 9,2 7 9
2 3 5 7 9,0.0613642,12.1019,Yes,N/A,2,3,N/A,5,N/A,7,3 5,9,3 7,2 9,5 7,N/A,5 9,3 5 7,7 9,3 5 9,2 7 9
1 2 3 5 7 9 13,0.0519256,12.5648,Yes,N/A,2,3,1 3,5,1 5,7,1 7,9,3 7,2 9,3 9,13,5 9,2 13,3 13,3 5 9,5 13
1 2 3 5 7 9 12,0.0655378,11.2083,Yes,N/A,2,3,1 3,5,1 5,7,3 5,9,3 7,2 9,12,1 12,2 12,3 12,7 9,5 12,1 5 12
2 3 5 7 9 13,0.0309677,18.7222,Yes,N/A,2,3,N/A,5,N/A,7,3 5,9,3 7,2 9,5 7,13,5 9,2 13,3 13,3 5 9,5 13
2 3 5 7 9 12,0.03074,20.5046,Yes,N/A,2,3,N/A,5,N/A,7,3 5,9,3 7,2 9,12,N/A,2 12,3 12,7 9,5 12,2 7 9
1 2 3 5 7 9 12 13,0.0357883,18.1065,Yes,N/A,2,3,1 3,5,1 5,7,3 5,9,3 7,2 9,12,13,2 12,2 13,3 13,5 12,5 13
1 2 3 5 7 9 11,0.0756908,9.86574,Yes,N/A,2,3,1 3,5,1 5,7,1 7,9,3 7,11,3 9,2 11,3 11,1 5 9,5 11,3 5 9,7 11
2 3 5 7 9 11,0.0451909,16.338,Yes,N/A,2,3,N/A,5,N/A,7,3 5,9,3 7,11,3 9,2 11,5 9,3 5 7,5 11,3 5 9,7 11
1 2 3 5 7 9 11 13,0.0421781,16.3241,Yes,N/A,2,3,1 3,5,1 5,7,3 5,9,3 7,11,1 11,13,3 11,2 13,3 13,3 5 9,5 13
2 3 5 7 9 12 13,0.017037,26.1852,Yes,N/A,2,3,N/A,5,N/A,7,3 5,9,3 7,2 9,12,13,2 12,2 13,7 9,5 12,5 13
1 2 3 5 7 9 11 12,0.0521475,14.6389,Yes,N/A,2,3,1 3,5,1 5,7,3 5,9,3 7,11,12,2 11,2 12,3 12,5 11,5 12,7 11
2 3 5 7 9 11 13,0.0214492,24.7222,Yes,N/A,2,3,N/A,5,N/A,7,3 5,9,3 7,11,3 9,13,5 9,2 13,5 11,3 5 9,7 11
2 3 5 7 9 11 12,0.0250035,23.2269,Yes,N/A,2,3,N/A,5,N/A,7,3 5,9,3 7,11,12,2 11,2 12,3 12,7 9,5 12,7 11
1 2 3 5 7 9 11 12 13,0.0303964,21.4861,Yes,N/A,2,3,1 3,5,1 5,7,3 5,9,3 7,11,12,13,2 12,2 13,3 13,5 12,5 13
2 3 5 7 10 11 12 13,0.0123193,32.2315,Yes,N/A,2,3,N/A,5,N/A,7,3 5,2 7,10,11,12,13,2 12,2 13,3 13,5 12,5 13
1 2 3 5 7 9 10,0.084638,8.48148,Yes,N/A,2,3,1 3,5,1 5,7,1 7,9,10,2 9,2 10,3 10,5 9,5 10,7 9,7 10,2 7 9
2 3 5 7 9 10,0.0492347,15.2778,Yes,N/A,2,3,N/A,5,N/A,7,3 5,9,10,2 9,2 10,3 10,5 9,5 10,7 9,7 10,2 7 9
1 2 3 5 7 9 10 13,0.0470591,15.1296,Yes,N/A,2,3,1 3,5,1 5,7,3 5,9,10,1 10,2 10,13,1 13,2 13,3 13,7 10,5 13
1 2 3 5 7 9 10 12,0.0549015,14.088,Yes,N/A,2,3,1 3,5,1 5,7,1 7,9,10,2 9,12,1 12,2 12,3 12,7 9,5 12,3 5 10
2 3 5 7 9 10 13,0.0233164,23.4398,Yes,N/A,2,3,N/A,5,N/A,7,3 5,9,10,2 9,2 10,13,5 9,2 13,3 13,7 10,5 13
2 3 5 7 9 10 12,0.0252609,23.2454,Yes,N/A,2,3,N/A,5,N/A,7,3 5,9,10,2 9,12,3 10,2 12,3 12,7 9,5 12,3 5 10
1 2 3 5 7 9 10 12 13,0.0327147,20.5833,Yes,N/A,2,3,1 3,5,1 5,7,3 5,9,10,2 9,12,13,2 12,2 13,3 13,5 12,5 13
2 3 5 7 9 11 12 13,0.0138352,31.0093,Yes,N/A,2,3,N/A,5,N/A,7,3 5,9,3 7,11,12,13,2 12,2 13,5 11,5 12,5 13
1 2 3 5 7 9 10 11,0.0653792,11.8935,Yes,N/A,2,3,1 3,5,1 5,7,1 7,9,10,11,2 10,2 11,3 11,5 10,5 11,7 10,7 11
2 3 5 7 9 10 11,0.0352219,19.6944,Yes,N/A,2,3,N/A,5,N/A,7,3 5,9,10,11,2 10,2 11,5 9,5 10,5 11,7 10,7 11
1 2 3 5 7 9 10 11 13,0.0384095,18.3056,Yes,N/A,2,3,1 3,5,1 5,7,1 7,9,10,11,2 10,13,3 11,2 13,3 13,7 10,5 13
2 3 5 7 9 10 12 13,0.0139902,30.8333,Yes,N/A,2,3,N/A,5,N/A,7,3 5,9,10,2 9,12,13,2 12,3 12,3 13,7 10,5 13
1 2 3 5 7 9 10 11 12,0.0452233,16.8935,Yes,N/A,2,3,1 3,5,1 5,7,1 7,9,10,11,12,2 11,2 12,3 12,5 11,7 10,7 11
2 3 5 7 9 10 11 13,0.0185354,27.4815,Yes,N/A,2,3,N/A,5,N/A,7,3 5,9,10,11,2 10,13,3 11,2 13,3 13,7 10,7 11
2 3 5 7 9 10 11 12,0.0212223,26.4352,Yes,N/A,2,3,N/A,5,N/A,7,3 5,9,10,11,12,2 11,2 12,3 12,5 11,7 10,7 11
1 2 3 5 7 9 10 11 12 13,0.0286959,23.1157,Yes,N/A,2,3,1 3,5,1 5,7,1 7,9,10,11,12,13,2 12,2 13,3 13,5 12,5 13
2 3 5 8 9 10 11 12 13,0.0126081,34.5602,Yes,N/A,2,3,N/A,5,N/A,2 5,8,9,10,11,12,13,3 11,2 13,3 13,5 12,5 13
1 2 3 5 7 8,0.102467,5.39352,Yes,N/A,2,3,1 3,5,1 5,7,8,2 7,2 8,3 8,5 7,5 8,2 5 7,7 8,3 5 8,2 7 8,3 7 8
2 3 5 7 8,0.0793392,9.56019,Yes,N/A,2,3,N/A,5,N/A,7,8,2 7,2 8,3 8,5 7,5 8,2 5 7,7 8,3 5 8,2 7 8,3 7 8
1 2 3 5 7 8 13,0.0554676,12.1111,Yes,N/A,2,3,1 3,5,1 5,7,8,1 8,2 8,3 8,5 7,13,1 13,2 13,3 13,1 3 13,5 13
1 2 3 5 7 8 12,0.0691876,10.5602,Yes,N/A,2,3,1 3,5,1 5,7,8,2 7,3 7,3 8,12,1 12,2 12,3 12,1 3 12,5 12,1 5 12
2 3 5 7 8 13,0.0325932,18.8241,Yes,N/A,2,3,N/A,5,N/A,7,8,2 7,2 8,3 8,5 7,13,2 5 7,2 13,3 13,2 7 8,5 13
2 3 5 7 8 12,0.0415166,16.8889,Yes,N/A,2,3,N/A,5,N/A,7,8,2 7,3 7,3 8,12,5 8,2 12,3 12,3 5 8,5 12,3 7 8
1 2 3 5 7 8 12 13,0.0358086,18.2593,Yes,N/A,2,3,1 3,5,1 5,7,8,1 8,2 8,3 8,12,13,2 12,2 13,3 13,5 12,5 13
1 2 3 5 7 8 11,0.0816249,8.69907,Yes,N/A,2,3,1 3,5,1 5,7,8,1 8,2 8,11,1 11,2 11,3 11,7 8,5 11,1 5 11,7 11
2 3 5 7 8 11,0.0515872,14.9769,Yes,N/A,2,3,N/A,5,N/A,7,8,2 7,2 8,11,5 7,2 11,3 11,7 8,5 11,2 7 8,7 11
1 2 3 5 7 8 11 13,0.0437456,15.7685,Yes,N/A,2,3,1 3,5,1 5,7,8,1 8,2 8,11,1 11,13,1 13,2 13,3 13,1 3 13,5 13
2 3 5 7 8 12 13,0.01852,25.8981,Yes,N/A,2,3,N/A,5,N/A,7,8,2 7,3 7,3 8,12,13,2 12,2 13,3 13,5 12,5 13
1 2 3 5 7 8 11 12,0.0538243,13.7361,Yes,N/A,2,3,1 3,5,1 5,7,8,1 8,2 8,11,12,1 12,2 12,3 12,5 11,5 12,7 11
2 3 5 7 8 11 13,0.022599,24.1667,Yes,N/A,2,3,N/A,5,N/A,7,8,2 7,2 8,11,5 7,13,3 11,2 13,3 13,2 7 8,5 13
2 3 5 7 8 11 12,0.0306207,21.0463,Yes,N/A,2,3,N/A,5,N/A,7,8,2 7,3 7,11,12,5 8,2 12,3 12,5 11,5 12,7 11
1 2 3 5 7 8 11 12 13,0.0307292,20.8194,Yes,N/A,2,3,1 3,5,1 5,7,8,1 8,3 7,11,12,13,2 12,2 13,3 13,5 12,5 13
1 2 3 5 7 8 10,0.0878634,8.09259,Yes,N/A,2,3,1 3,5,1 5,7,8,2 7,10,3 8,2 10,3 10,1 3 10,5 10,1 5 10,7 10,8 10
2 3 5 7 8 10,0.0554481,14.2593,Yes,N/A,2,3,N/A,5,N/A,7,8,2 7,10,3 8,2 10,3 10,2 5 7,5 10,3 5 8,7 10,8 10
1 2 3 5 7 8 10 13,0.0493737,14.6991,Yes,N/A,2,3,1 3,5,1 5,7,8,2 7,10,3 8,2 10,13,1 13,2 13,3 13,7 10,5 13
1 2 3 5 7 8 10 12,0.0582625,13.1759,Yes,N/A,2,3,1 3,5,1 5,7,8,2 7,10,3 8,12,5 8,2 12,3 12,1 5 10,5 12,8 10
2 3 5 7 8 10 13,0.0235264,23.7546,Yes,N/A,2,3,N/A,5,N/A,7,8,2 7,10,3 8,2 10,13,2 5 7,5 10,3 13,7 10,5 13
2 3 5 7 8 10 12,0.0294772,21.6435,Yes,N/A,2,3,N/A,5,N/A,7,8,2 7,10,3 8,12,3 10,2 12,5 10,3 5 8,5 12,8 10
1 2 3 5 7 8 10 12 13,0.0338407,19.9676,Yes,N/A,2,3,1 3,5,1 5,7,8,2 7,10,3 8,12,13,2 12,2 13,3 13,5 12,5 13
2 3 5 7 8 11 12 13,0.0145774,30.3426,Yes,N/A,2,3,N/A,5,N/A,7,8,2 7,2 8,11,12,13,2 12,3 12,3 13,5 12,5 13
1 2 3 5 7 8 10 11,0.0679618,11.2083,Yes,N/A,2,3,1 3,5,1 5,7,8,1 8,10,11,2 10,2 11,3 11,5 10,5 11,7 10,7 11
2 3 5 7 8 10 11,0.0377692,18.9954,Yes,N/A,2,3,N/A,5,N/A,7,8,2 7,10,11,2 10,3 10,3 11,5 10,5 11,7 10,8 10
1 2 3 5 7 8 10 11 13,0.0392,17.8889,Yes,N/A,2,3,1 3,5,1 5,7,8,1 8,10,11,2 10,13,1 13,2 13,3 13,7 10,5 13
2 3 5 7 8 10 12 13,0.0149935,30.2778,Yes,N/A,2,3,N/A,5,N/A,7,8,2 7,10,3 8,12,13,2 12,5 10,3 13,5 12,5 13
1 2 3 5 7 8 10 11 12,0.0465242,16.2037,Yes,N/A,2,3,1 3,5,1 5,7,8,1 8,10,11,12,1 12,2 12,3 12,5 11,5 12,7 11
2 3 5 7 8 10 11 13,0.0179252,28.3889,Yes,N/A,2,3,N/A,5,N/A,7,8,2 7,10,11,2 10,13,3 11,5 10,3 13,7 10,5 13
2 3 5 7 8 10 11 12,0.0236368,25.2824,Yes,N/A,2,3,N/A,5,N/A,7,8,2 7,10,11,12,3 10,2 12,3 12,5 11,5 12,8 10
1 2 3 5 7 8 10 11 12 13,0.0292766,22.287,Yes,N/A,2,3,1 3,5,1 5,7,8,2 7,10,11,12,13,2 12,2 13,3 13,5 12,5 13
2 3 5 7 9 10 11 12 13,0.0126295,33.8426,Yes,N/A,2,3,N/A,5,N/A,7,3 5,9,10,11,12,13,2 12,2 13,3 13,7 10,7 11
1 2 3 5 7 8 9,0.097483,6.77315,Yes,N/A,2,3,1 3,5,1 5,7,8,9,2 8,2 9,3 9,5 8,5 9,7 8,7 9,8 9,3 7 8
2 3 5 7 8 9,0.0675691,12,Yes,N/A,2,3,N/A,5,N/A,7,8,9,3 7,2 9,5 7,5 8,5 9,7 8,7 9,8 9,2 7 9
1 2 3 5 7 8 9 13,0.0549787,13.1481,Yes,N/A,2,3,1 3,5,1 5,7,8,9,2 8,2 9,3 9,13,1 13,2 13,3 13,8 9,5 13
1 2 3 5 7 8 9 12,0.0654425,11.5926,Yes,N/A,2,3,1 3,5,1 5,7,8,9,3 7,2 9,12,1 12,2 12,3 12,7 9,5 12,1 5 12
2 3 5 7 8 9 13,0.0314466,20.2407,Yes,N/A,2,3,N/A,5,N/A,7,8,9,2 8,2 9,5 7,13,5 9,2 13,3 13,8 9,5 13
2 3 5 7 8 9 12,0.0365961,19.125,Yes,N/A,2,3,N/A,5,N/A,7,8,9,3 7,2 9,12,5 8,2 12,3 12,7 9,5 12,2 7 9
1 2 3 5 7 8 9 12 13,0.037225,18.4259,Yes,N/A,2,3,1 3,5,1 5,7,8,9,2 8,2 9,12,13,2 12,2 13,3 13,5 12,5 13
1 2 3 5 7 8 9 11,0.0740946,9.90741,Yes,N/A,2,3,1 3,5,1 5,7,8,9,2 8,11,3 9,2 11,3 11,7 8,5 11,8 9,7 11
2 3 5 7 8 9 11,0.0441017,16.8148,Yes,N/A,2,3,N/A,5,N/A,7,8,9,2 8,11,3 9,2 11,3 11,7 8,5 11,8 9,7 11
1 2 3 5 7 8 9 11 13,0.0437592,16.2824,Yes,N/A,2,3,1 3,5,1 5,7,8,9,2 8,11,3 9,13,1 13,2 13,3 13,8 9,5 13
2 3 5 7 8 9 12 13,0.0188043,27.0556,Yes,N/A,2,3,N/A,5,N/A,7,8,9,3 7,2 9,12,13,2 12,2 13,3 13,5 12,5 13
1 2 3 5 7 8 9 11 12,0.0519234,14.4537,Yes,N/A,2,3,1 3,5,1 5,7,8,9,2 8,11,12,1 12,2 12,3 12,5 11,5 12,7 11
2 3 5 7 8 9 11 13,0.022376,25.0833,Yes,N/A,2,3,N/A,5,N/A,7,8,9,2 8,11,3 9,13,3 11,2 13,3 13,8 9,5 13
2 3 5 7 8 9 11 12,0.0273845,23.2361,Yes,N/A,2,3,N/A,5,N/A,7,8,9,3 7,11,12,2 11,2 12,3 12,5 11,5 12,7 11
1 2 3 5 7 8 9 11 12 13,0.0322835,20.6065,Yes,N/A,2,3,1 3,5,1 5,7,8,9,2 8,11,12,13,2 12,2 13,3 13,5 12,5 13
2 3 5 7 8 10 11 12 13,0.0129202,34.162,Yes,N/A,2,3,N/A,5,N/A,7,8,2 7,10,11,12,13,2 12,5 10,3 13,5 12,5 13
1 2 3 5 7 8 9 10,0.0794671,9.09722,Yes,N/A,2,3,1 3,5,1 5,7,8,9,10,2 9,2 10,3 10,5 9,7 8,7 9,7 10,8 10
2 3 5 7 8 9 10,0.0474757,16.25,Yes,N/A,2,3,N/A,5,N/A,7,8,9,10,2 9,2 10,3 10,5 9,5 10,7 9,7 10,8 10
1 2 3 5 7 8 9 10 13,0.0481642,15.125,Yes,N/A,2,3,1 3,5,1 5,7,8,9,10,3 8,2 10,13,5 9,2 13,3 13,7 10,5 13
1 2 3 5 7 8 9 10 12,0.0553141,13.7407,Yes,N/A,2,3,1 3,5,1 5,7,8,9,10,3 8,12,3 10,2 12,3 12,7 9,7 10,8 10
2 3 5 7 8 9 10 13,0.024468,24.2176,Yes,N/A,2,3,N/A,5,N/A,7,8,9,10,3 8,2 10,13,5 9,2 13,3 13,7 10,5 13
2 3 5 7 8 9 10 12,0.0280258,23.1852,Yes,N/A,2,3,N/A,5,N/A,7,8,9,10,2 9,12,3 10,2 12,3 12,7 9,5 12,8 10
1 2 3 5 7 8 9 10 12 13,0.0351184,19.5417,Yes,N/A,2,3,1 3,5,1 5,7,8,9,10,3 8,12,13,2 12,2 13,3 13,5 12,5 13
2 3 5 7 8 9 11 12 13,0.0153576,31.1898,Yes,N/A,2,3,N/A,5,N/A,7,8,9,2 8,11,12,13,5 9,2 13,3 13,5 12,5 13
1 2 3 5 7 8 9 10 11,0.0632329,12.0139,Yes,N/A,2,3,1 3,5,1 5,7,8,9,10,11,2 10,2 11,3 11,5 10,7 9,7 10,7 11
2 3 5 7 8 9 10 11,0.034917,20.3056,Yes,N/A,2,3,N/A,5,N/A,7,8,9,10,11,2 10,2 11,3 11,5 10,5 11,7 10,7 11
1 2 3 5 7 8 9 10 11 13,0.0399674,17.8657,Yes,N/A,2,3,1 3,5,1 5,7,8,9,10,11,2 10,13,3 11,2 13,3 13,7 10,7 11
2 3 5 7 8 9 10 12 13,0.0160835,30.838,Yes,N/A,2,3,N/A,5,N/A,7,8,9,10,3 8,12,13,2 12,2 13,3 13,5 12,5 13
1 2 3 5 7 8 9 10 11 12,0.0466171,16.037,Yes,N/A,2,3,1 3,5,1 5,7,8,9,10,11,12,2 11,2 12,3 12,5 11,7 10,7 11
2 3 5 7 8 9 10 11 13,0.019268,28.5694,Yes,N/A,2,3,N/A,5,N/A,7,8,9,10,11,2 10,13,3 11,2 13,3 13,7 10,5 13
2 3 5 7 8 9 10 11 12,0.023138,26.6389,Yes,N/A,2,3,N/A,5,N/A,7,8,9,10,11,12,2 11,2 12,3 12,5 11,5 12,7 11
1 2 3 5 7 8 9 10 11 12 13,0.0316461,21.3935,Yes,N/A,2,3,1 3,5,1 5,7,8,9,10,11,12,13,2 12,2 13,3 13,5 12,5 13
2 3 6 7 8 9 10 11 12 13,0.0139935,31.0185,Yes,N/A,2,3,N/A,2 3,6,7,8,9,10,11,12,13,2 12,2 13,3 13,8 9,6 12
1 2 3 5 6,0.0873702,4.61111,Yes,N/A,2,3,1 3,5,6,2 5,2 6,3 6,1 3 6,5 6,1 5 6,2 5 6,3 5 6,1 3 5 6,2 3 5 6,1 2 3 5 6,N/A
2 3 5 6,0.0729703,6.88889,Yes,N/A,2,3,N/A,5,6,2 5,3 5,3 6,2 3 5,5 6,N/A,2 5 6,3 5 6,N/A,2 3 5 6,N/A,N/A
1 2 3 5 6 13,0.0467882,11.9306,Yes,N/A,2,3,1 3,5,6,2 5,3 5,3 6,1 3 6,5 6,1 5 6,13,1 13,2 13,3 13,1 3 13,5 13
1 2 3 5 6 12,0.0648127,9.53704,Yes,N/A,2,3,1 3,5,6,2 5,3 5,3 6,1 3 6,5 6,12,1 12,2 12,3 12,1 3 12,5 12,6 12
2 3 5 6 13,0.0289979,16.3009,Yes,N/A,2,3,N/A,5,6,2 5,2 6,3 6,2 3 5,5 6,N/A,13,3 5 6,2 13,3 13,N/A,5 13
2 3 5 6 12,0.0456157,12.625,Yes,N/A,2,3,N/A,5,6,2 5,3 5,3 6,2 3 5,5 6,12,2 5 6,2 12,3 12,2 3 5 6,5 12,6 12
1 2 3 5 6 12 13,0.0326318,17.9676,Yes,N/A,2,3,1 3,5,6,2 5,2 6,3 6,1 3 6,5 6,12,13,1 13,2 13,3 13,5 12,5 13
1 2 3 5 6 11,0.0797434,7.93519,Yes,N/A,2,3,1 3,5,6,2 5,3 5,3 6,1 3 6,11,1 11,2 11,3 11,1 3 11,5 11,6 11,2 5 11
2 3 5 6 11,0.0471355,13.8102,Yes,N/A,2,3,N/A,5,6,2 5,2 6,3 6,2 3 5,11,N/A,2 11,3 11,N/A,5 11,6 11,2 5 11
1 2 3 5 6 11 13,0.0404329,15.4213,Yes,N/A,2,3,1 3,5,6,2 5,3 5,3 6,2 3 5,11,1 11,13,1 13,2 13,5 11,6 11,5 13
2 3 5 6 12 13,0.0198794,21.4861,Yes,N/A,2,3,N/A,5,6,2 5,3 5,3 6,2 3 5,5 6,12,13,2 12,2 13,3 13,5 12,5 13
1 2 3 5 6 11 12,0.0515173,13.7593,Yes,N/A,2,3,1 3,5,6,2 5,2 6,3 6,1 3 6,11,12,2 11,2 12,3 12,5 11,5 12,6 12
2 3 5 6 11 13,0.018874,23.2639,Yes,N/A,2,3,N/A,5,6,2 5,2 6,3 6,2 3 5,11,N/A,13,3 11,2 13,5 11,6 11,5 13
2 3 5 6 11 12,0.03052,18.2639,Yes,N/A,2,3,N/A,5,6,2 5,2 6,3 6,2 3 5,11,12,2 11,3 11,3 12,5 11,5 12,6 12
1 2 3 5 6 11 12 13,0.0270759,21.8009,Yes,N/A,2,3,1 3,5,6,2 5,2 6,3 6,1 3 6,11,12,13,1 13,2 13,5 11,5 12,5 13
1 2 3 5 6 10,0.0931721,6.28241,Yes,N/A,2,3,1 3,5,6,2 5,2 6,3 6,10,1 10,2 10,3 10,3 5 6,5 10,6 10,2 5 10,2 6 10
2 3 5 6 10,0.0716718,9.625,Yes,N/A,2,3,N/A,5,6,2 5,2 6,3 6,10,5 6,2 10,3 10,3 5 6,5 10,6 10,2 5 10,3 5 10
1 2 3 5 6 10 13,0.0508009,13.1574,Yes,N/A,2,3,1 3,5,6,2 5,3 5,3 6,10,1 10,2 10,13,1 13,2 13,3 13,1 3 13,5 13
1 2 3 5 6 10 12,0.0645669,10.8796,Yes,N/A,2,3,1 3,5,6,2 5,3 5,3 6,10,1 10,12,1 12,2 12,3 12,6 10,5 12,6 12
2 3 5 6 10 13,0.0299872,18.7685,Yes,N/A,2,3,N/A,5,6,2 5,3 5,3 6,10,5 6,2 10,13,3 5 6,2 13,3 13,2 5 10,5 13
2 3 5 6 10 12,0.0406798,16.6111,Yes,N/A,2,3,N/A,5,6,2 5,2 6,3 6,10,5 6,12,3 10,2 12,3 12,6 10,5 12,6 12
1 2 3 5 6 10 12 13,0.0347355,18.3657,Yes,N/A,2,3,1 3,5,6,2 5,3 5,3 6,10,1 10,12,13,1 13,2 13,3 13,5 12,5 13
2 3 5 6 11 12 13,0.0138788,27.25,Yes,N/A,2,3,N/A,5,6,2 5,2 6,3 6,2 3 5,11,12,13,3 11,2 13,5 11,5 12,5 13
1 2 3 5 6 10 11,0.0746339,9.72685,Yes,N/A,2,3,1 3,5,6,2 5,2 6,3 6,10,11,1 11,2 11,3 11,5 10,5 11,6 11,2 5 11
2 3 5 6 10 11,0.046849,14.9769,Yes,N/A,2,3,N/A,5,6,2 5,2 6,3 6,10,11,2 10,2 11,3 11,5 10,5 11,6 11,2 5 11
1 2 3 5 6 10 11 13,0.0403609,16.9954,Yes,N/A,2,3,1 3,5,6,2 5,3 5,3 6,10,11,1 11,13,1 13,2 13,3 13,6 11,5 13
2 3 5 6 10 12 13,0.0186438,25.2222,Yes,N/A,2,3,N/A,5,6,2 5,3 5,3 6,10,5 6,12,13,2 12,2 13,3 13,5 12,5 13
1 2 3 5 6 10 11 12,0.0490983,15.25,Yes,N/A,2,3,1 3,5,6,2 5,2 6,3 6,10,11,12,1 12,2 12,3 12,5 11,5 12,6 12
2 3 5 6 10 11 13,0.0202349,24.1019,Yes,N/A,2,3,N/A,5,6,2 5,3 5,3 6,10,11,2 10,13,3 11,2 13,3 13,6 11,5 13
2 3 5 6 10 11 12,0.028419,20.537,Yes,N/A,2,3,N/A,5,6,2 5,2 6,3 6,10,11,12,2 11,3 11,5 10,5 11,5 12,6 12
1 2 3 5 6 10 11 12 13,0.0285743,22.4259,Yes,N/A,2,3,1 3,5,6,2 5,3 5,3 6,10,11,12,13,1 13,2 13,5 11,5 12,5 13
1 2 3 5 6 9,0.100284,5.88426,Yes,N/A,2,3,1 3,5,6,1 6,2 6,9,1 9,2 9,3 9,2 5 6,5 9,6 9,2 5 9,2 6 9,3 6 9
2 3 5 6 9,0.0817069,9.20833,Yes,N/A,2,3,N/A,5,6,2 5,2 6,9,2 3 5,2 9,3 9,2 5 6,5 9,6 9,2 5 9,3 5 9,3 6 9
1 2 3 5 6 9 13,0.0547774,12.2037,Yes,N/A,2,3,1 3,5,6,1 6,3 5,9,1 9,2 9,3 9,13,1 13,2 13,3 13,1 3 13,5 13
1 2 3 5 6 9 12,0.0693189,10.1574,Yes,N/A,2,3,1 3,5,6,1 6,3 5,9,1 9,2 9,12,1 12,2 12,3 12,1 3 12,5 12,6 12
2 3 5 6 9 13,0.0329378,17.8657,Yes,N/A,2,3,N/A,5,6,2 5,2 6,9,2 3 5,5 6,3 9,13,5 9,2 13,3 13,2 6 9,5 13
2 3 5 6 9 12,0.0389582,16.6806,Yes,N/A,2,3,N/A,5,6,2 5,3 5,9,2 3 5,2 9,12,2 5 6,2 12,3 12,2 5 9,5 12,6 12
1 2 3 5 6 9 12 13,0.0372759,17.3889,Yes,N/A,2,3,1 3,5,6,1 6,3 5,9,1 9,2 9,12,13,2 12,2 13,3 13,5 12,5 13
1 2 3 5 6 9 11,0.0784385,9.03704,Yes,N/A,2,3,1 3,5,6,1 6,2 6,9,1 9,11,1 11,2 11,3 11,6 9,5 11,6 11,1 6 11
2 3 5 6 9 11,0.0459812,15.3148,Yes,N/A,2,3,N/A,5,6,2 5,2 6,9,2 3 5,11,3 9,2 11,3 11,6 9,5 11,6 11,2 5 11
1 2 3 5 6 9 11 13,0.0413634,16.4074,Yes,N/A,2,3,1 3,5,6,1 6,3 5,9,1 9,11,1 11,13,1 13,2 13,3 13,6 11,5 13
2 3 5 6 9 12 13,0.0188353,24.412,Yes,N/A,2,3,N/A,5,6,2 5,3 5,9,2 3 5,2 9,12,13,2 12,3 12,3 13,5 12,6 12
1 2 3 5 6 9 11 12,0.0519825,14.1944,Yes,N/A,2,3,1 3,5,6,1 6,3 5,9,1 9,11,12,2 11,2 12,3 12,5 11,5 12,6 12
2 3 5 6 9 11 13,0.0197436,24.1574,Yes,N/A,2,3,N/A,5,6,2 5,2 6,9,2 3 5,11,3 9,13,3 11,2 13,5 11,6 11,5 13
2 3 5 6 9 11 12,0.0257696,21.8796,Yes,N/A,2,3,N/A,5,6,2 5,3 5,9,2 3 5,11,12,2 11,3 11,6 9,5 11,5 12,6 12
1 2 3 5 6 9 11 12 13,0.0294545,21.1944,Yes,N/A,2,3,1 3,5,6,1 6,3 5,9,1 9,11,12,13,2 12,2 13,3 13,5 12,5 13
2 3 5 6 10 11 12 13,0.0142267,29.3102,Yes,N/A,2,3,N/A,5,6,2 5,2 6,3 6,10,11,12,13,3 11,2 13,3 13,5 12,5 13
1 2 3 5 6 9 10,0.090354,7.56019,Yes,N/A,2,3,1 3,5,6,1 6,2 6,9,10,2 9,2 10,3 10,5 9,5 10,6 10,2 6 9,2 6 10
2 3 5 6 9 10,0.0630768,12.3056,Yes,N/A,2,3,N/A,5,6,2 5,2 6,9,10,2 9,3 9,3 10,5 9,5 10,6 10,2 5 10,2 6 10
1 2 3 5 6 9 10 13,0.0502377,14.2778,Yes,N/A,2,3,1 3,5,6,1 6,3 5,9,10,1 10,2 10,13,1 13,2 13,3 13,1 3 13,5 13
1 2 3 5 6 9 10 12,0.0612528,12.2546,Yes,N/A,2,3,1 3,5,6,1 6,3 5,9,10,2 9,12,1 12,2 12,3 12,6 10,5 12,6 12
2 3 5 6 9 10 13,0.028147,20.5787,Yes,N/A,2,3,N/A,5,6,2 5,3 5,9,10,2 9,2 10,13,5 9,2 13,3 13,3 5 9,5 13
2 3 5 6 9 10 12,0.0353,18.5417,Yes,N/A,2,3,N/A,5,6,2 5,3 5,9,10,2 9,12,3 10,2 12,3 12,6 10,5 12,6 12
1 2 3 5 6 9 10 12 13,0.0355236,18.9398,Yes,N/A,2,3,1 3,5,6,1 6,3 5,9,10,2 9,12,13,1 13,2 13,3 13,5 12,5 13
2 3 5 6 9 11 12 13,0.0133903,29.8981,Yes,N/A,2,3,N/A,5,6,2 5,2 6,9,2 3 5,11,12,13,3 11,6 9,3 13,6 11,6 12
1 2 3 5 6 9 10 11,0.0682662,11.1852,Yes,N/A,2,3,1 3,5,6,1 6,2 6,9,10,11,1 11,2 11,5 9,5 10,5 11,6 11,1 6 11
2 3 5 6 9 10 11,0.04013,16.9491,Yes,N/A,2,3,N/A,5,6,2 5,2 6,9,10,11,3 9,2 11,3 11,6 9,5 11,6 11,3 6 9
1 2 3 5 6 9 10 11 13,0.0397413,17.6019,Yes,N/A,2,3,1 3,5,6,1 6,3 5,9,10,11,1 11,13,1 13,2 13,3 13,6 11,5 13
2 3 5 6 9 10 12 13,0.0179369,26.4722,Yes,N/A,2,3,N/A,5,6,2 5,3 5,9,10,2 9,12,13,2 12,3 12,3 13,5 12,5 13
1 2 3 5 6 9 10 11 12,0.0474975,15.9074,Yes,N/A,2,3,1 3,5,6,1 6,2 6,9,10,11,12,1 12,3 11,3 12,5 11,5 12,6 12
2 3 5 6 9 10 11 13,0.0198334,25.2407,Yes,N/A,2,3,N/A,5,6,2 5,2 6,9,10,11,2 10,13,3 11,2 13,3 13,6 11,5 13
2 3 5 6 9 10 11 12,0.0253263,22.6065,Yes,N/A,2,3,N/A,5,6,2 5,2 6,9,10,11,12,2 11,3 11,3 12,5 11,5 12,6 12
1 2 3 5 6 9 10 11 12 13,0.0298764,21.9676,Yes,N/A,2,3,1 3,5,6,1 6,3 5,9,10,11,12,13,1 13,2 13,3 13,5 12,5 13
1 2 3 5 6 8,0.105822,5.35185,Yes,N/A,2,3,1 3,5,6,2 5,8,1 8,2 8,5 6,1 5 6,5 8,6 8,2 5 8,2 6 8,3 6 8,1 3 6 8
2 3 5 6 8,0.0770916,10.0185,Yes,N/A,2,3,N/A,5,6,2 5,8,3 6,2 8,5 6,N/A,5 8,6 8,2 5 8,3 5 8,3 6 8,2 3 5 8
1 2 3 5 6 8 13,0.0556562,12.1806,Yes,N/A,2,3,1 3,5,6,2 5,8,3 6,2 8,5 6,1 5 6,13,1 13,2 13,3 13,1 3 13,5 13
1 2 3 5 6 8 12,0.0736032,9.5,Yes,N/A,2,3,1 3,5,6,2 5,8,1 8,2 8,5 6,12,5 8,2 12,3 12,1 3 12,5 12,6 12
2 3 5 6 8 13,0.0303464,19.5648,Yes,N/A,2,3,N/A,5,6,2 5,8,3 6,2 8,5 6,N/A,13,6 8,2 13,3 13,3 6 8,5 13
2 3 5 6 8 12,0.0486228,14.463,Yes,N/A,2,3,N/A,5,6,2 5,8,3 6,2 8,5 6,12,5 8,2 12,3 12,3 5 8,5 12,6 12
1 2 3 5 6 8 12 13,0.0393973,16.8009,Yes,N/A,2,3,1 3,5,6,2 5,8,1 8,2 8,5 6,12,13,1 13,2 13,3 13,5 12,5 13
1 2 3 5 6 8 11,0.0813287,8.87037,Yes,N/A,2,3,1 3,5,6,2 5,8,3 6,2 8,11,1 11,2 11,3 11,1 3 11,5 11,6 11,2 5 11
2 3 5 6 8 11,0.0421482,17.1111,Yes,N/A,2,3,N/A,5,6,2 5,8,3 6,2 8,11,N/A,2 11,3 11,2 5 8,5 11,6 11,2 5 11
1 2 3 5 6 8 11 13,0.0434176,15.7083,Yes,N/A,2,3,1 3,5,6,2 5,8,3 6,2 8,11,1 11,13,3 11,2 13,3 13,6 11,5 13
2 3 5 6 8 12 13,0.0219475,22.9306,Yes,N/A,2,3,N/A,5,6,2 5,8,3 6,2 8,5 6,12,13,6 8,2 13,3 13,5 12,5 13
1 2 3 5 6 8 11 12,0.054954,13.3611,Yes,N/A,2,3,1 3,5,6,2 5,8,3 6,2 8,11,12,2 11,2 12,3 12,5 11,5 12,6 12
2 3 5 6 8 11 13,0.0182837,26.6852,Yes,N/A,2,3,N/A,5,6,2 5,8,3 6,2 8,11,N/A,13,3 11,2 13,5 11,6 11,5 13
2 3 5 6 8 11 12,0.0297165,20.0231,Yes,N/A,2,3,N/A,5,6,2 5,8,3 6,2 8,11,12,5 8,3 11,3 12,5 11,6 11,6 12
1 2 3 5 6 8 11 12 13,0.0312024,20.3611,Yes,N/A,2,3,1 3,5,6,2 5,8,3 6,2 8,11,12,13,1 13,2 13,3 13,5 12,5 13
1 2 3 5 6 8 10,0.0932522,7.0787,Yes,N/A,2,3,1 3,5,6,2 5,8,1 8,10,3 8,2 10,5 8,6 8,5 10,6 10,2 5 10,8 10
2 3 5 6 8 10,0.0619692,12.2454,Yes,N/A,2,3,N/A,5,6,2 5,8,3 6,10,3 8,2 10,5 8,6 8,5 10,6 10,2 5 10,8 10
1 2 3 5 6 8 10 13,0.0513857,14.0648,Yes,N/A,2,3,1 3,5,6,2 5,8,1 8,10,3 8,2 10,13,1 13,2 13,3 13,1 3 13,5 13
1 2 3 5 6 8 10 12,0.0637065,11.6065,Yes,N/A,2,3,1 3,5,6,2 5,8,3 6,10,1 10,12,1 12,2 12,3 12,6 10,5 12,6 12
2 3 5 6 8 10 13,0.0262789,21.4074,Yes,N/A,2,3,N/A,5,6,2 5,8,3 6,10,3 8,2 10,13,6 8,2 13,3 13,2 5 10,5 13
2 3 5 6 8 10 12,0.0370695,17.8426,Yes,N/A,2,3,N/A,5,6,2 5,8,3 6,10,3 8,12,5 8,2 12,3 12,6 10,5 12,8 10
1 2 3 5 6 8 10 12 13,0.0366073,18.2963,Yes,N/A,2,3,1 3,5,6,2 5,8,3 6,10,1 10,12,13,1 13,2 13,3 13,5 12,5 13
2 3 5 6 8 11 12 13,0.0148893,28.3287,Yes,N/A,2,3,N/A,5,6,2 5,8,3 6,2 8,11,12,13,3 11,2 13,5 11,5 12,5 13
1 2 3 5 6 8 10 11,0.0703095,10.3935,Yes,N/A,2,3,1 3,5,6,2 5,8,1 8,10,11,1 11,2 11,3 11,5 10,5 11,6 11,8 10
2 3 5 6 8 10 11,0.0387163,17.8148,Yes,N/A,2,3,N/A,5,6,2 5,8,3 6,10,11,2 10,5 8,3 11,5 10,5 11,6 11,8 10
1 2 3 5 6 8 10 11 13,0.0403688,17.2731,Yes,N/A,2,3,1 3,5,6,2 5,8,3 6,10,11,1 11,13,1 13,2 13,3 13,6 11,5 13
2 3 5 6 8 10 12 13,0.0182885,26.375,Yes,N/A,2,3,N/A,5,6,2 5,8,3 6,10,3 8,12,13,2 12,2 13,3 13,5 12,5 13
1 2 3 5 6 8 10 11 12,0.0496073,14.8519,Yes,N/A,2,3,1 3,5,6,2 5,8,1 8,10,11,12,2 11,3 11,3 12,5 11,5 12,6 12
2 3 5 6 8 10 11 13,0.0181535,27.0093,Yes,N/A,2,3,N/A,5,6,2 5,8,3 6,10,11,2 10,13,3 11,2 13,5 11,6 11,5 13
2 3 5 6 8 10 11 12,0.0264565,22.2731,Yes,N/A,2,3,N/A,5,6,2 5,8,3 6,10,11,12,5 8,3 11,5 10,5 11,5 12,8 10
1 2 3 5 6 8 10 11 12 13,0.0309598,21.2963,Yes,N/A,2,3,1 3,5,6,2 5,8,3 6,10,11,12,13,1 13,2 13,3 13,5 12,5 13
2 3 5 6 9 10 11 12 13,0.0143211,30.2083,Yes,N/A,2,3,N/A,5,6,2 5,2 6,9,10,11,12,13,3 11,3 12,3 13,5 12,5 13
1 2 3 5 6 8 9,0.0985152,6.46759,Yes,N/A,2,3,1 3,5,6,1 6,8,9,2 8,2 9,3 9,5 8,5 9,6 9,2 5 9,8 9,1 8 9
2 3 5 6 8 9,0.0665746,11.2037,Yes,N/A,2,3,N/A,5,6,2 5,8,9,2 8,5 6,3 9,5 8,5 9,6 9,2 5 9,8 9,3 6 9
1 2 3 5 6 8 9 13,0.0566146,12.8889,Yes,N/A,2,3,1 3,5,6,2 5,8,9,2 8,3 8,3 9,13,1 13,2 13,3 13,8 9,5 13
1 2 3 5 6 8 9 12,0.0661334,11.0324,Yes,N/A,2,3,1 3,5,6,2 5,8,9,1 9,2 9,12,1 12,2 12,3 12,2 5 9,5 12,6 12
2 3 5 6 8 9 13,0.031641,18.9167,Yes,N/A,2,3,N/A,5,6,2 5,8,9,2 8,5 6,3 9,13,6 8,2 13,3 13,8 9,5 13
2 3 5 6 8 9 12,0.0373915,17.8565,Yes,N/A,2,3,N/A,5,6,2 5,8,9,2 8,5 6,12,5 8,5 9,3 12,2 5 9,5 12,6 12
1 2 3 5 6 8 9 12 13,0.0389638,17.4815,Yes,N/A,2,3,1 3,5,6,2 5,8,9,1 9,3 8,12,13,1 13,2 13,3 13,5 12,5 13
1 2 3 5 6 8 9 11,0.0730708,9.93519,Yes,N/A,2,3,1 3,5,6,1 6,8,9,2 8,11,1 11,2 11,3 11,6 9,5 11,6 11,1 6 11
2 3 5 6 8 9 11,0.0394166,17.1759,Yes,N/A,2,3,N/A,5,6,2 5,8,9,2 8,11,3 9,2 11,3 11,6 9,5 11,6 11,2 5 11
1 2 3 5 6 8 9 11 13,0.0429634,16.0093,Yes,N/A,2,3,1 3,5,6,2 5,8,9,2 8,11,1 11,13,3 11,2 13,3 13,6 11,5 13
2 3 5 6 8 9 12 13,0.0204912,24.8148,Yes,N/A,2,3,N/A,5,6,2 5,8,9,2 8,5 6,12,13,5 9,3 12,3 13,5 12,6 12
1 2 3 5 6 8 9 11 12,0.0514566,14.3889,Yes,N/A,2,3,1 3,5,6,1 6,8,9,2 8,11,12,2 11,2 12,3 12,5 11,5 12,6 12
2 3 5 6 8 9 11 13,0.0201283,25.0972,Yes,N/A,2,3,N/A,5,6,2 5,8,9,2 8,11,3 9,13,6 8,2 13,5 11,6 11,5 13
2 3 5 6 8 9 11 12,0.0255912,22.9306,Yes,N/A,2,3,N/A,5,6,2 5,8,9,2 8,11,12,2 11,3 11,3 12,5 11,5 12,6 12
1 2 3 5 6 8 9 11 12 13,0.032177,20.4815,Yes,N/A,2,3,1 3,5,6,2 5,8,9,2 8,11,12,13,3 11,2 13,3 13,5 12,5 13
2 3 5 6 8 10 11 12 13,0.0143199,30.6389,Yes,N/A,2,3,N/A,5,6,2 5,8,3 6,10,11,12,13,3 11,2 13,5 11,5 12,5 13
1 2 3 5 6 8 9 10,0.0821535,8.43056,Yes,N/A,2,3,1 3,5,6,1 6,8,9,10,2 9,2 10,3 10,5 9,5 10,6 10,8 9,8 10
2 3 5 6 8 9 10,0.0525046,13.5972,Yes,N/A,2,3,N/A,5,6,2 5,8,9,10,3 8,3 9,5 8,5 9,5 10,6 10,8 9,8 10
1 2 3 5 6 8 9 10 13,0.0490783,14.5648,Yes,N/A,2,3,1 3,5,6,2 5,8,9,10,1 10,2 10,13,1 13,2 13,3 13,8 9,5 13
1 2 3 5 6 8 9 10 12,0.0592534,12.5278,Yes,N/A,2,3,1 3,5,6,2 5,8,9,10,2 9,12,1 12,2 12,3 12,6 10,5 12,6 12
2 3 5 6 8 9 10 13,0.0267481,21.4028,Yes,N/A,2,3,N/A,5,6,2 5,8,9,10,3 8,3 9,13,5 9,2 13,3 13,8 9,5 13
2 3 5 6 8 9 10 12,0.0333594,19.1204,Yes,N/A,2,3,N/A,5,6,2 5,8,9,10,3 8,12,3 10,2 12,3 12,6 10,5 12,6 12
1 2 3 5 6 8 9 10 12 13,0.0371014,18.4259,Yes,N/A,2,3,1 3,5,6,2 5,8,9,10,2 9,12,13,1 13,2 13,3 13,5 12,5 13
2 3 5 6 8 9 11 12 13,0.0148655,29.7083,Yes,N/A,2,3,N/A,5,6,2 5,8,9,2 8,11,12,13,3 11,3 12,3 13,6 11,5 13
1 2 3 5 6 8 9 10 11,0.0651736,11.3981,Yes,N/A,2,3,1 3,5,6,2 5,8,9,10,11,1 11,2 11,3 11,5 10,5 11,6 11,8 10
2 3 5 6 8 9 10 11,0.0364352,18.4861,Yes,N/A,2,3,N/A,5,6,2 5,8,9,10,11,3 9,2 11,3 11,5 10,5 11,6 11,8 10
1 2 3 5 6 8 9 10 11 13,0.0406641,17.3194,Yes,N/A,2,3,1 3,5,6,2 5,8,9,10,11,1 11,13,1 13,2 13,3 13,6 11,5 13
2 3 5 6 8 9 10 12 13,0.0187754,26.5324,Yes,N/A,2,3,N/A,5,6,2 5,8,9,10,3 8,12,13,2 12,3 12,3 13,5 12,5 13
1 2 3 5 6 8 9 10 11 12,0.0487024,15.1806,Yes,N/A,2,3,1 3,5,6,2 5,8,9,10,11,12,2 11,2 12,3 12,5 11,5 12,6 12
2 3 5 6 8 9 10 11 13,0.019811,26.3611,Yes,N/A,2,3,N/A,5,6,2 5,8,9,10,11,3 9,13,3 11,2 13,3 13,6 11,5 13
2 3 5 6 8 9 10 11 12,0.0251062,23.2361,Yes,N/A,2,3,N/A,5,6,2 5,8,9,10,11,12,3 10,3 11,3 12,5 11,8 9,6 12
1 2 3 5 6 8 9 10 11 12 13,0.0326306,20.6713,Yes,N/A,2,3,1 3,5,6,2 5,8,9,10,11,12,13,1 13,2 13,3 13,5 12,5 13
2 3 5 7 8 9 10 11 12 13,0.01434,33.9676,Yes,N/A,2,3,N/A,5,N/A,7,8,9,10,11,12,13,2 12,2 13,3 13,5 12,5 13
1 2 3 5 6 7,0.116756,4.91204,Yes,N/A,2,3,1 3,5,6,7,2 6,2 7,3 7,5 6,5 7,6 7,2 5 7,2 6 7,3 6 7,1 3 6 7,5 6 7
2 3 5 6 7,0.0980993,7.57407,Yes,N/A,2,3,N/A,5,6,7,2 6,2 7,3 7,5 6,5 7,6 7,2 5 7,3 5 7,3 6 7,2 3 5 7,5 6 7
1 2 3 5 6 7 13,0.0663218,10.5278,Yes,N/A,2,3,1 3,5,6,7,2 6,2 7,3 7,5 6,5 7,13,1 13,2 13,3 13,1 3 13,5 13
1 2 3 5 6 7 12,0.0786556,9.09259,Yes,N/A,2,3,1 3,5,6,7,1 7,2 7,3 7,5 6,12,1 12,2 12,3 12,1 3 12,5 12,6 12
2 3 5 6 7 13,0.0416229,15.8657,Yes,N/A,2,3,N/A,5,6,7,2 6,2 7,3 7,5 6,5 7,13,3 5 6,2 13,3 13,2 3 5 7,5 13
2 3 5 6 7 12,0.0537717,13.6759,Yes,N/A,2,3,N/A,5,6,7,3 5,2 7,3 7,5 6,12,6 7,2 12,3 12,3 6 7,5 12,6 12
1 2 3 5 6 7 12 13,0.0421756,16.4213,Yes,N/A,2,3,1 3,5,6,7,1 7,2 7,3 7,5 6,12,13,1 13,2 13,3 13,5 12,5 13
1 2 3 5 6 7 11,0.0888417,8.00926,Yes,N/A,2,3,1 3,5,6,7,2 6,3 6,3 7,11,1 11,2 11,3 11,1 3 11,5 11,6 11,7 11
2 3 5 6 7 11,0.0605311,12.4352,Yes,N/A,2,3,N/A,5,6,7,2 6,3 6,3 7,11,5 7,2 11,3 11,2 6 7,5 11,6 11,7 11
1 2 3 5 6 7 11 13,0.0478332,14.5833,Yes,N/A,2,3,1 3,5,6,7,2 6,2 7,3 7,11,1 11,13,1 13,2 13,3 13,6 11,5 13
2 3 5 6 7 12 13,0.0249885,21.6759,Yes,N/A,2,3,N/A,5,6,7,3 5,2 7,3 7,5 6,12,13,2 12,2 13,3 13,5 12,5 13
1 2 3 5 6 7 11 12,0.0566799,13.412,Yes,N/A,2,3,1 3,5,6,7,2 6,2 7,3 7,11,12,1 12,2 12,3 12,5 11,5 12,6 12
2 3 5 6 7 11 13,0.0267167,21.1065,Yes,N/A,2,3,N/A,5,6,7,2 6,3 6,3 7,11,5 7,13,3 11,2 13,3 13,6 11,5 13
2 3 5 6 7 11 12,0.0344553,18.3333,Yes,N/A,2,3,N/A,5,6,7,3 5,2 7,3 7,11,12,2 11,2 12,3 12,5 11,5 12,6 12
1 2 3 5 6 7 11 12 13,0.0321149,20.5278,Yes,N/A,2,3,1 3,5,6,7,2 6,2 7,3 7,11,12,13,1 13,2 13,5 11,5 12,5 13
1 2 3 5 6 7 10,0.0959407,6.6713,Yes,N/A,2,3,1 3,5,6,7,1 7,2 7,10,1 10,2 10,6 7,1 3 10,5 10,6 10,7 10,2 6 10
2 3 5 6 7 10,0.0698213,10.8426,Yes,N/A,2,3,N/A,5,6,7,3 5,2 7,10,5 6,2 10,3 10,2 5 7,5 10,6 10,7 10,2 6 10
1 2 3 5 6 7 10 13,0.0558572,12.7963,Yes,N/A,2,3,1 3,5,6,7,1 7,3 6,10,1 10,2 10,13,1 13,2 13,3 13,7 10,5 13
1 2 3 5 6 7 10 12,0.0661661,11.0185,Yes,N/A,2,3,1 3,5,6,7,1 7,2 7,10,1 10,12,1 12,2 12,3 12,6 10,5 12,6 12
2 3 5 6 7 10 13,0.0308401,19.375,Yes,N/A,2,3,N/A,5,6,7,3 5,2 7,10,5 6,2 10,13,3 5 6,2 13,3 13,7 10,5 13
2 3 5 6 7 10 12,0.0392855,17.0278,Yes,N/A,2,3,N/A,5,6,7,3 5,2 7,10,5 6,12,3 10,2 12,3 12,6 10,5 12,6 12
1 2 3 5 6 7 10 12 13,0.0382493,17.713,Yes,N/A,2,3,1 3,5,6,7,3 5,2 7,10,1 10,12,13,1 13,2 13,3 13,5 12,5 13
2 3 5 6 7 11 12 13,0.017082,26.6574,Yes,N/A,2,3,N/A,5,6,7,2 6,2 7,3 7,11,12,13,2 12,2 13,5 11,5 12,5 13
1 2 3 5 6 7 10 11,0.0746484,9.68519,Yes,N/A,2,3,1 3,5,6,7,1 7,3 6,10,11,1 11,2 11,3 11,5 10,5 11,6 11,7 11
2 3 5 6 7 10 11,0.0472965,14.6944,Yes,N/A,2,3,N/A,5,6,7,2 6,3 6,10,11,2 10,2 11,3 11,5 10,5 11,6 11,7 11
1 2 3 5 6 7 10 11 13,0.0443899,15.8704,Yes,N/A,2,3,1 3,5,6,7,3 5,2 7,10,11,5 7,13,1 13,2 13,3 13,6 11,5 13
2 3 5 6 7 10 12 13,0.0197841,25.1806,Yes,N/A,2,3,N/A,5,6,7,3 5,2 7,10,5 6,12,13,2 12,2 13,3 13,7 10,5 13
1 2 3 5 6 7 10 11 12,0.0513293,14.4259,Yes,N/A,2,3,1 3,5,6,7,1 7,2 7,10,11,12,1 12,2 12,3 12,5 11,5 12,6 12
2 3 5 6 7 10 11 13,0.0232565,23.1806,Yes,N/A,2,3,N/A,5,6,7,2 6,3 6,10,11,2 10,13,3 11,2 13,3 13,6 11,5 13
2 3 5 6 7 10 11 12,0.0289819,20.4861,Yes,N/A,2,3,N/A,5,6,7,3 5,2 7,10,11,12,2 11,2 12,5 10,5 11,5 12,6 12
1 2 3 5 6 7 10 11 12 13,0.0316748,20.6296,Yes,N/A,2,3,1 3,5,6,7,1 7,2 7,10,11,12,13,1 13,2 13,5 11,5 12,5 13
1 2 3 5 6 7 9,0.101748,5.83796,Yes,N/A,2,3,1 3,5,6,7,2 6,9,1 9,2 9,5 7,6 7,5 9,6 9,7 9,2 6 9,2 7 9
2 3 5 6 7 9,0.0756679,9.68519,Yes,N/A,2,3,N/A,5,6,7,2 6,9,3 7,2 9,3 9,6 7,5 9,6 9,7 9,2 6 9,2 7 9
1 2 3 5 6 7 9 13,0.0611065,11.7963,Yes,N/A,2,3,1 3,5,6,7,2 6,9,1 9,5 6,5 7,13,1 13,2 13,3 13,1 3 13,5 13
1 2 3 5 6 7 9 12,0.0710358,10.2454,Yes,N/A,2,3,1 3,5,6,7,2 6,9,1 9,2 9,12,1 12,2 12,3 12,7 9,5 12,6 12
2 3 5 6 7 9 13,0.0345484,17.6296,Yes,N/A,2,3,N/A,5,6,7,2 6,9,3 7,2 9,3 9,13,5 9,2 13,3 13,2 6 9,5 13
2 3 5 6 7 9 12,0.0432453,15.8009,Yes,N/A,2,3,N/A,5,6,7,3 5,9,3 7,2 9,12,6 7,2 12,3 12,7 9,5 12,6 12
1 2 3 5 6 7 9 12 13,0.0419428,16.8519,Yes,N/A,2,3,1 3,5,6,7,2 6,9,1 9,5 6,12,13,1 13,2 13,3 13,5 12,5 13
1 2 3 5 6 7 9 11,0.0789201,8.95833,Yes,N/A,2,3,1 3,5,6,7,2 6,9,1 9,11,1 11,2 11,3 11,6 9,5 11,6 11,7 11
2 3 5 6 7 9 11,0.0482421,14.6435,Yes,N/A,2,3,N/A,5,6,7,2 6,9,3 7,11,3 9,2 11,5 9,6 9,5 11,6 11,7 11
1 2 3 5 6 7 9 11 13,0.0465279,15.0556,Yes,N/A,2,3,1 3,5,6,7,2 6,9,3 7,11,1 11,13,1 13,2 13,3 13,6 11,5 13
2 3 5 6 7 9 12 13,0.0217448,23.5,Yes,N/A,2,3,N/A,5,6,7,2 6,9,3 7,2 9,12,13,2 12,2 13,7 9,5 12,5 13
1 2 3 5 6 7 9 11 12,0.0549119,13.5093,Yes,N/A,2,3,1 3,5,6,7,2 6,9,1 9,11,12,1 12,2 12,3 12,5 11,5 12,6 12
2 3 5 6 7 9 11 13,0.02367,22.8009,Yes,N/A,2,3,N/A,5,6,7,2 6,9,3 7,11,3 9,13,5 9,2 13,5 11,6 11,5 13
2 3 5 6 7 9 11 12,0.0301733,20.4074,Yes,N/A,2,3,N/A,5,6,7,2 6,9,3 7,11,12,2 11,2 12,6 9,5 11,5 12,6 12
1 2 3 5 6 7 9 11 12 13,0.0337033,19.7269,Yes,N/A,2,3,1 3,5,6,7,2 6,9,1 9,11,12,13,2 12,2 13,3 13,5 12,5 13
2 3 5 6 7 10 11 12 13,0.0159777,28.2037,Yes,N/A,2,3,N/A,5,6,7,3 5,2 7,10,11,12,13,2 12,2 13,3 13,5 12,5 13
1 2 3 5 6 7 9 10,0.0859923,7.61574,Yes,N/A,2,3,1 3,5,6,7,2 6,9,10,1 10,2 10,3 10,5 9,5 10,6 10,7 10,2 6 10
2 3 5 6 7 9 10,0.0568995,12.5139,Yes,N/A,2,3,N/A,5,6,7,3 5,9,10,2 9,2 10,6 7,5 9,5 10,7 9,7 10,2 6 10
1 2 3 5 6 7 9 10 13,0.0522678,13.5046,Yes,N/A,2,3,1 3,5,6,7,2 6,9,10,1 10,2 10,13,1 13,2 13,3 13,7 10,5 13
1 2 3 5 6 7 9 10 12,0.0607698,12.0556,Yes,N/A,2,3,1 3,5,6,7,1 7,9,10,1 10,12,1 12,2 12,3 12,7 9,5 12,6 12
2 3 5 6 7 9 10 13,0.0279285,20.6157,Yes,N/A,2,3,N/A,5,6,7,3 5,9,10,2 9,2 10,13,5 9,2 13,3 13,7 10,5 13
2 3 5 6 7 9 10 12,0.035228,18.4028,Yes,N/A,2,3,N/A,5,6,7,3 5,9,10,2 9,12,6 7,2 12,3 12,7 9,5 12,6 12
1 2 3 5 6 7 9 10 12 13,0.0378876,17.9213,Yes,N/A,2,3,1 3,5,6,7,2 6,9,10,1 10,12,13,1 13,2 13,3 13,5 12,5 13
2 3 5 6 7 9 11 12 13,0.0166831,27.6204,Yes,N/A,2,3,N/A,5,6,7,2 6,9,3 7,11,12,13,2 12,2 13,5 11,5 12,5 13
1 2 3 5 6 7 9 10 11,0.0689422,10.3009,Yes,N/A,2,3,1 3,5,6,7,2 6,9,10,11,1 11,2 11,3 11,5 10,5 11,6 11,7 11
2 3 5 6 7 9 10 11,0.0411382,16.3611,Yes,N/A,2,3,N/A,5,6,7,2 6,9,10,11,2 10,2 11,3 11,5 10,5 11,6 11,7 11
1 2 3 5 6 7 9 10 11 13,0.0433962,16.0972,Yes,N/A,2,3,1 3,5,6,7,2 6,9,10,11,2 10,13,1 13,2 13,3 13,6 11,5 13
2 3 5 6 7 9 10 12 13,0.0189956,26,Yes,N/A,2,3,N/A,5,6,7,3 5,9,10,2 9,12,13,2 12,2 13,3 13,5 12,5 13
1 2 3 5 6 7 9 10 11 12,0.0505302,14.4444,Yes,N/A,2,3,1 3,5,6,7,2 6,9,10,11,12,1 12,2 12,3 12,5 11,5 12,6 12
2 3 5 6 7 9 10 11 13,0.0223157,24.0185,Yes,N/A,2,3,N/A,5,6,7,2 6,9,10,11,2 10,13,3 11,2 13,3 13,6 11,5 13
2 3 5 6 7 9 10 11 12,0.0273779,21.8148,Yes,N/A,2,3,N/A,5,6,7,3 5,9,10,11,12,2 11,2 12,3 12,7 9,5 12,7 11
1 2 3 5 6 7 9 10 11 12 13,0.0336486,19.7269,Yes,N/A,2,3,1 3,5,6,7,2 6,9,10,11,12,13,1 13,2 13,3 13,5 12,5 13
2 3 5 6 8 9 10 11 12 13,0.0154555,30.0602,Yes,N/A,2,3,N/A,5,6,2 5,8,9,10,11,12,13,3 11,3 12,3 13,6 11,5 13
1 2 3 5 6 7 8,0.103434,5.45833,Yes,N/A,2,3,1 3,5,6,7,8,1 8,2 8,5 6,5 7,5 8,6 8,7 8,2 6 8,2 7 8,5 6 7
2 3 5 6 7 8,0.0791456,8.81481,Yes,N/A,2,3,N/A,5,6,7,8,3 6,2 8,5 6,5 7,5 8,6 8,7 8,2 6 8,2 7 8,5 6 7
1 2 3 5 6 7 8 13,0.0636407,11.3657,Yes,N/A,2,3,1 3,5,6,7,8,1 8,2 8,5 6,5 7,13,1 13,2 13,3 13,1 3 13,5 13
1 2 3 5 6 7 8 12,0.0751142,9.58796,Yes,N/A,2,3,1 3,5,6,7,8,1 8,2 8,5 6,12,1 12,2 12,3 12,1 3 12,5 12,6 12
2 3 5 6 7 8 13,0.0370344,17.0093,Yes,N/A,2,3,N/A,5,6,7,8,3 6,2 8,5 6,5 7,13,6 8,2 13,3 13,2 7 8,5 13
2 3 5 6 7 8 12,0.047361,14.3657,Yes,N/A,2,3,N/A,5,6,7,8,2 7,2 8,5 6,12,5 8,2 12,3 12,3 5 8,5 12,6 12
1 2 3 5 6 7 8 12 13,0.0440233,16.1389,Yes,N/A,2,3,1 3,5,6,7,8,1 8,2 8,5 6,12,13,1 13,2 13,3 13,5 12,5 13
1 2 3 5 6 7 8 11,0.0826661,8.26389,Yes,N/A,2,3,1 3,5,6,7,8,3 6,2 8,11,1 11,2 11,3 11,7 8,5 11,6 11,7 11
2 3 5 6 7 8 11,0.0527692,13.5972,Yes,N/A,2,3,N/A,5,6,7,8,3 6,2 8,11,5 7,2 11,3 11,7 8,5 11,6 11,7 11
1 2 3 5 6 7 8 11 13,0.0494033,14.5278,Yes,N/A,2,3,1 3,5,6,7,8,3 6,2 8,11,5 7,13,1 13,2 13,3 13,6 11,5 13
2 3 5 6 7 8 12 13,0.0241793,22.5046,Yes,N/A,2,3,N/A,5,6,7,8,2 7,2 8,5 6,12,13,2 12,2 13,3 13,5 12,5 13
1 2 3 5 6 7 8 11 12,0.0568254,13.0139,Yes,N/A,2,3,1 3,5,6,7,8,1 8,2 8,11,12,1 12,2 12,3 12,5 11,5 12,6 12
2 3 5 6 7 8 11 13,0.0261002,21.8981,Yes,N/A,2,3,N/A,5,6,7,8,3 6,2 8,11,5 7,13,3 11,2 13,3 13,6 11,5 13
2 3 5 6 7 8 11 12,0.0337242,18.7454,Yes,N/A,2,3,N/A,5,6,7,8,3 6,2 8,11,12,5 8,2 12,3 12,5 11,5 12,6 12
1 2 3 5 6 7 8 11 12 13,0.0347554,19.3935,Yes,N/A,2,3,1 3,5,6,7,8,1 8,2 8,11,12,13,1 13,2 13,5 11,5 12,5 13
1 2 3 5 6 7 8 10,0.0884045,7.17593,Yes,N/A,2,3,1 3,5,6,7,8,1 8,10,1 10,2 10,5 8,6 8,5 10,6 10,7 10,8 10
2 3 5 6 7 8 10,0.0598832,11.9769,Yes,N/A,2,3,N/A,5,6,7,8,2 7,10,3 8,2 10,3 10,6 8,5 10,6 10,7 10,8 10
1 2 3 5 6 7 8 10 13,0.055674,12.9306,Yes,N/A,2,3,1 3,5,6,7,8,3 6,10,5 6,2 10,13,1 13,2 13,3 13,7 10,5 13
1 2 3 5 6 7 8 10 12,0.0643639,11.1852,Yes,N/A,2,3,1 3,5,6,7,8,2 7,10,1 10,12,1 12,2 12,3 12,6 10,5 12,6 12
2 3 5 6 7 8 10 13,0.0295138,20.4583,Yes,N/A,2,3,N/A,5,6,7,8,2 7,10,3 8,2 10,13,6 8,2 13,3 13,7 10,5 13
2 3 5 6 7 8 10 12,0.0379674,17.4815,Yes,N/A,2,3,N/A,5,6,7,8,2 7,10,3 8,12,3 10,2 12,3 12,6 10,5 12,8 10
1 2 3 5 6 7 8 10 12 13,0.0407374,17.1343,Yes,N/A,2,3,1 3,5,6,7,8,2 7,10,5 6,12,13,1 13,2 13,3 13,5 12,5 13
2 3 5 6 7 8 11 12 13,0.0181061,26.5046,Yes,N/A,2,3,N/A,5,6,7,8,3 6,2 8,11,12,13,2 12,2 13,3 13,5 12,5 13
1 2 3 5 6 7 8 10 11,0.0713811,9.875,Yes,N/A,2,3,1 3,5,6,7,8,1 8,10,11,1 11,2 11,3 11,5 10,5 11,6 11,7 11
2 3 5 6 7 8 10 11,0.0437103,15.9074,Yes,N/A,2,3,N/A,5,6,7,8,3 6,10,11,2 10,2 11,3 11,5 10,5 11,6 11,7 11
1 2 3 5 6 7 8 10 11 13,0.0452371,15.6204,Yes,N/A,2,3,1 3,5,6,7,8,3 6,10,11,2 10,13,1 13,2 13,3 13,6 11,5 13
2 3 5 6 7 8 10 12 13,0.0205364,25.2361,Yes,N/A,2,3,N/A,5,6,7,8,2 7,10,3 8,12,13,2 12,2 13,3 13,5 12,5 13
1 2 3 5 6 7 8 10 11 12,0.0522246,13.9676,Yes,N/A,2,3,1 3,5,6,7,8,1 8,10,11,12,1 12,2 12,3 12,5 11,5 12,6 12
2 3 5 6 7 8 10 11 13,0.0230257,24.0556,Yes,N/A,2,3,N/A,5,6,7,8,3 6,10,11,2 10,13,3 11,2 13,3 13,6 11,5 13
2 3 5 6 7 8 10 11 12,0.0294564,20.8935,Yes,N/A,2,3,N/A,5,6,7,8,3 6,10,11,12,5 8,2 12,5 10,5 11,5 12,7 11
1 2 3 5 6 7 8 10 11 12 13,0.0347882,19.3704,Yes,N/A,2,3,1 3,5,6,7,8,2 7,10,11,12,13,1 13,2 13,3 13,5 12,5 13
2 3 5 6 7 9 10 11 12 13,0.0164548,28.5694,Yes,N/A,2,3,N/A,5,6,7,2 6,9,10,11,12,13,2 12,2 13,3 13,5 12,5 13
1 2 3 5 6 7 8 9,0.0928458,6.31944,Yes,N/A,2,3,1 3,5,6,7,8,9,1 9,2 9,5 7,5 8,5 9,6 9,7 9,8 9,1 8 9
2 3 5 6 7 8 9,0.0672828,10.625,Yes,N/A,2,3,N/A,5,6,7,8,9,2 8,2 9,3 9,5 8,5 9,6 9,7 9,8 9,5 6 7
1 2 3 5 6 7 8 9 13,0.0591749,11.9352,Yes,N/A,2,3,1 3,5,6,7,8,9,2 8,2 9,5 7,13,1 13,2 13,3 13,8 9,5 13
1 2 3 5 6 7 8 9 12,0.0684692,10.4213,Yes,N/A,2,3,1 3,5,6,7,8,9,1 9,2 9,12,1 12,2 12,3 12,7 9,5 12,6 12
2 3 5 6 7 8 9 13,0.0338518,18.3704,Yes,N/A,2,3,N/A,5,6,7,8,9,2 8,2 9,3 9,13,5 9,2 13,3 13,8 9,5 13
2 3 5 6 7 8 9 12,0.0421888,16.1574,Yes,N/A,2,3,N/A,5,6,7,8,9,3 7,2 9,12,5 8,2 12,3 12,7 9,5 12,6 12
1 2 3 5 6 7 8 9 12 13,0.0436779,16.2176,Yes,N/A,2,3,1 3,5,6,7,8,9,3 7,5 6,12,13,1 13,2 13,3 13,5 12,5 13
1 2 3 5 6 7 8 9 11,0.076558,8.93056,Yes,N/A,2,3,1 3,5,6,7,8,9,2 8,11,1 11,2 11,3 11,6 9,5 11,6 11,7 11
2 3 5 6 7 8 9 11,0.0477852,14.9306,Yes,N/A,2,3,N/A,5,6,7,8,9,2 8,11,3 9,2 11,3 11,6 9,5 11,6 11,7 11
1 2 3 5 6 7 8 9 11 13,0.0479676,14.6574,Yes,N/A,2,3,1 3,5,6,7,8,9,2 8,11,1 11,13,1 13,2 13,3 13,6 11,5 13
2 3 5 6 7 8 9 12 13,0.0235247,23.4213,Yes,N/A,2,3,N/A,5,6,7,8,9,3 7,5 6,12,13,2 12,2 13,3 13,5 12,5 13
1 2 3 5 6 7 8 9 11 12,0.0557571,13.0417,Yes,N/A,2,3,1 3,5,6,7,8,9,1 9,11,12,1 12,2 12,3 12,5 11,5 12,6 12
2 3 5 6 7 8 9 11 13,0.025275,22.5046,Yes,N/A,2,3,N/A,5,6,7,8,9,2 8,11,3 9,13,3 11,2 13,3 13,6 11,5 13
2 3 5 6 7 8 9 11 12,0.0315851,19.9769,Yes,N/A,2,3,N/A,5,6,7,8,9,2 8,11,12,2 11,5 9,3 12,5 11,5 12,6 12
1 2 3 5 6 7 8 9 11 12 13,0.0368753,18.4861,Yes,N/A,2,3,1 3,5,6,7,8,9,2 8,11,12,13,1 13,2 13,3 13,5 12,5 13
2 3 5 6 7 8 10 11 12 13,0.0172737,28.338,Yes,N/A,2,3,N/A,5,6,7,8,3 6,10,11,12,13,2 12,2 13,3 13,5 12,5 13
1 2 3 5 6 7 8 9 10,0.082512,8.08333,Yes,N/A,2,3,1 3,5,6,7,8,9,10,1 10,2 10,3 10,5 9,5 10,6 10,7 10,8 10
2 3 5 6 7 8 9 10,0.0551153,13.1343,Yes,N/A,2,3,N/A,5,6,7,8,9,10,2 9,2 10,3 10,5 9,5 10,6 10,8 9,8 10
1 2 3 5 6 7 8 9 10 13,0.0534166,13.2546,Yes,N/A,2,3,1 3,5,6,7,8,9,10,2 9,2 10,13,1 13,2 13,3 13,7 10,5 13
1 2 3 5 6 7 8 9 10 12,0.0617511,11.7176,Yes,N/A,2,3,1 3,5,6,7,8,9,10,2 9,12,1 12,2 12,3 12,6 10,5 12,6 12
2 3 5 6 7 8 9 10 13,0.0293531,20.6435,Yes,N/A,2,3,N/A,5,6,7,8,9,10,3 8,2 10,13,5 9,2 13,3 13,7 10,5 13
2 3 5 6 7 8 9 10 12,0.0357056,18.6157,Yes,N/A,2,3,N/A,5,6,7,8,9,10,2 9,12,3 10,2 12,3 12,7 9,5 12,8 10
1 2 3 5 6 7 8 9 10 12 13,0.0409514,16.9954,Yes,N/A,2,3,1 3,5,6,7,8,9,10,1 10,12,13,1 13,2 13,3 13,5 12,5 13
2 3 5 6 7 8 9 11 12 13,0.0187664,26.713,Yes,N/A,2,3,N/A,5,6,7,8,9,2 8,11,12,13,5 9,2 13,3 13,5 12,5 13
1 2 3 5 6 7 8 9 10 11,0.0685851,10.2639,Yes,N/A,2,3,1 3,5,6,7,8,9,10,11,1 11,2 11,3 11,5 10,6 10,6 11,7 11
2 3 5 6 7 8 9 10 11,0.0409375,16.8056,Yes,N/A,2,3,N/A,5,6,7,8,9,10,11,2 10,2 11,3 11,5 10,5 11,8 9,7 11
1 2 3 5 6 7 8 9 10 11 13,0.0456981,15.338,Yes,N/A,2,3,1 3,5,6,7,8,9,10,11,1 11,13,1 13,2 13,3 13,6 11,5 13
2 3 5 6 7 8 9 10 12 13,0.0212645,25.1065,Yes,N/A,2,3,N/A,5,6,7,8,9,10,3 8,12,13,2 12,2 13,3 13,5 12,5 13
1 2 3 5 6 7 8 9 10 11 12,0.053063,13.5,Yes,N/A,2,3,1 3,5,6,7,8,9,10,11,12,1 12,2 12,3 12,5 11,5 12,6 12
2 3 5 6 7 8 9 10 11 13,0.0237974,23.9167,Yes,N/A,2,3,N/A,5,6,7,8,9,10,11,2 10,13,3 11,2 13,3 13,8 9,5 13
2 3 5 6 7 8 9 10 11 12,0.0291621,21.1759,Yes,N/A,2,3,N/A,5,6,7,8,9,10,11,12,2 11,2 12,3 12,5 11,5 12,7 11
1 2 3 5 6 7 8 9 10 11 12 13,0.0376577,17.9583,Yes,N/A,2,3,1 3,5,6,7,8,9,10,11,12,13,1 13,2 13,3 13,5 12,5 13
2 4 5 6 7 8 9 10 11 12 13,0.017232,27.5556,Yes,N/A,2,N/A,4,5,6,7,8,9,10,11,12,13,2 12,2 13,4 12,4 13,5 13
1 2 3 4,0.147127,5.67593,Yes,N/A,2,3,4,1 4,2 4,3 4,1 3 4,2 3 4,1 2 3 4,N/A,N/A,N/A,N/A,N/A,N/A,N/A,N/A
2 3 4,0.116941,6.89352,Yes,N/A,2,3,4,2 3,2 4,3 4,N/A,2 3 4,N/A,N/A,N/A,N/A,N/A,N/A,N/A,N/A,N/A
1 2 3 4 13,0.0613298,12.9398,Yes,N/A,2,3,4,2 3,2 4,3 4,1 3 4,2 3 4,1 2 3 4,N/A,N/A,13,1 13,2 13,3 13,4 13,1 4 13
1 2 3 4 12,0.083179,10.0185,Yes,N/A,2,3,4,1 4,2 4,3 4,1 3 4,2 3 4,1 2 3 4,N/A,12,1 12,2 12,3 12,4 12,1 4 12,2 4 12
2 3 4 13,0.0327753,16.3056,Yes,N/A,2,3,4,2 3,2 4,3 4,N/A,2 3 4,N/A,N/A,N/A,13,N/A,2 13,3 13,4 13,2 3 13
2 3 4 12,0.043139,13.9213,Yes,N/A,2,3,4,2 3,2 4,3 4,N/A,2 3 4,N/A,N/A,12,N/A,2 12,3 12,4 12,2 3 12,2 4 12
1 2 3 4 12 13,0.0331979,19.4259,Yes,N/A,2,3,4,1 4,2 4,3 4,1 3 4,2 3 4,1 2 3 4,N/A,12,13,1 13,2 13,3 13,4 13,1 4 13
1 2 3 4 11,0.102853,7.27315,Yes,N/A,2,3,4,1 4,2 4,3 4,1 3 4,2 3 4,1 2 3 4,11,1 11,2 11,3 11,4 11,1 4 11,2 4 11,3 4 11
2 3 4 11,0.0528281,11.5324,Yes,N/A,2,3,4,2 3,2 4,3 4,N/A,2 3 4,N/A,11,N/A,2 11,3 11,4 11,2 3 11,2 4 11,3 4 11
1 2 3 4 11 13,0.0442998,15.5741,Yes,N/A,2,3,4,2 3,2 4,3 4,1 3 4,2 3 4,1 2 3 4,11,1 11,13,1 13,2 13,3 13,4 13,1 4 13
2 3 4 12 13,0.0162142,23.4769,Yes,N/A,2,3,4,2 3,2 4,3 4,N/A,2 3 4,N/A,N/A,12,13,2 12,2 13,3 13,4 13,2 3 13
1 2 3 4 11 12,0.0532914,14.0278,Yes,N/A,2,3,4,1 4,2 4,3 4,1 3 4,2 3 4,1 2 3 4,11,12,1 12,2 12,3 12,4 12,1 4 12,2 4 12
2 3 4 11 13,0.0184493,22.3935,Yes,N/A,2,3,4,2 3,2 4,3 4,N/A,2 3 4,N/A,11,N/A,13,3 11,2 13,3 13,4 13,2 3 13
2 3 4 11 12,0.0266419,18.7917,Yes,N/A,2,3,4,2 3,2 4,3 4,N/A,2 3 4,N/A,11,12,2 11,2 12,3 12,4 12,2 3 12,2 4 12
1 2 3 4 11 12 13,0.0252832,23.0926,Yes,N/A,2,3,4,1 4,2 4,3 4,1 3 4,2 3 4,1 2 3 4,11,12,13,1 13,2 13,3 13,4 13,1 4 13
1 2 3 4 10,0.101568,6.24537,Yes,N/A,2,3,4,1 4,2 4,3 4,1 3 4,2 3 4,10,1 10,2 10,3 10,4 10,1 4 10,2 4 10,3 4 10,1 3 4 10
2 3 4 10,0.0599083,9.23611,Yes,N/A,2,3,4,2 3,2 4,3 4,N/A,2 3 4,10,N/A,2 10,3 10,4 10,2 3 10,2 4 10,3 4 10,N/A
1 2 3 4 10 13,0.0497263,13.9861,Yes,N/A,2,3,4,2 3,2 4,3 4,1 3 4,2 3 4,10,1 10,2 10,13,1 13,2 13,3 13,4 13,1 4 13
1 2 3 4 10 12,0.0610282,11.9537,Yes,N/A,2,3,4,2 3,2 4,3 4,1 3 4,2 3 4,10,1 10,12,1 12,2 12,3 12,4 12,1 4 12,2 4 12
2 3 4 10 13,0.0230083,19.6806,Yes,N/A,2,3,4,2 3,2 4,3 4,N/A,2 3 4,10,N/A,2 10,13,4 10,2 13,3 13,4 13,2 3 13
2 3 4 10 12,0.0296192,17.9074,Yes,N/A,2,3,4,2 3,2 4,3 4,N/A,2 3 4,10,N/A,12,3 10,2 12,3 12,4 12,2 3 12,2 4 12
1 2 3 4 10 12 13,0.0302467,20.3935,Yes,N/A,2,3,4,2 3,2 4,3 4,1 3 4,2 3 4,10,1 10,12,13,1 13,2 13,3 13,4 13,2 3 13
2 3 4 11 12 13,0.0120165,29.0278,Yes,N/A,2,3,4,2 3,2 4,3 4,N/A,2 3 4,N/A,11,12,13,2 12,2 13,3 13,4 13,3 4 11
1 2 3 4 10 11,0.0688198,10.6806,Yes,N/A,2,3,4,1 4,2 4,3 4,1 3 4,2 3 4,10,11,1 11,2 11,3 11,4 11,1 4 11,2 4 11,3 4 11
2 3 4 10 11,0.040634,14.4769,Yes,N/A,2,3,4,2 3,2 4,3 4,N/A,2 3 4,10,11,2 10,2 11,3 11,4 11,2 3 11,2 4 11,3 4 11
1 2 3 4 10 11 13,0.0362203,18.5648,Yes,N/A,2,3,4,1 4,2 4,3 4,1 3 4,2 3 4,10,11,1 11,13,1 13,2 13,3 13,4 13,1 4 13
2 3 4 10 12 13,0.0132661,28.0972,Yes,N/A,2,3,4,2 3,2 4,3 4,N/A,2 3 4,10,N/A,12,13,2 12,2 13,3 13,4 13,2 3 13
1 2 3 4 10 11 12,0.043011,17.2639,Yes,N/A,2,3,4,1 4,2 4,3 4,1 3 4,2 3 4,10,11,12,1 12,2 12,3 12,4 12,1 4 12,2 4 12
2 3 4 10 11 13,0.0183469,24.088,Yes,N/A,2,3,4,2 3,2 4,3 4,N/A,2 3 4,10,11,2 10,13,3 11,2 13,3 13,4 13,2 3 13
2 3 4 10 11 12,0.0241125,21.9954,Yes,N/A,2,3,4,2 3,2 4,3 4,N/A,2 3 4,10,11,12,2 11,2 12,3 12,4 12,3 4 10,2 4 12
1 2 3 4 10 11 12 13,0.0235802,25.8148,Yes,N/A,2,3,4,1 4,2 4,3 4,1 3 4,2 3 4,10,11,12,13,1 13,2 13,3 13,4 13,1 4 13
1 2 3 4 9,0.093652,5.47685,Yes,N/A,2,3,4,1 4,2 4,3 4,1 3 4,9,1 9,2 9,3 9,4 9,1 4 9,2 4 9,3 4 9,1 3 4 9,2 3 4 9
2 3 4 9,0.0543273,8.4213,Yes,N/A,2,3,4,2 3,2 4,3 4,N/A,9,N/A,2 9,3 9,4 9,2 3 9,2 4 9,3 4 9,N/A,2 3 4 9
1 2 3 4 9 13,0.0495084,12.7361,Yes,N/A,2,3,4,1 4,2 4,3 4,1 3 4,9,1 9,2 9,3 9,13,1 13,2 13,3 13,4 13,1 4 13
1 2 3 4 9 12,0.0626758,10.7269,Yes,N/A,2,3,4,2 3,2 4,3 4,1 3 4,9,1 9,2 9,12,1 12,2 12,3 12,4 12,1 4 12,2 4 12
2 3 4 9 13,0.0233846,18.5278,Yes,N/A,2,3,4,2 3,2 4,3 4,N/A,9,N/A,2 9,3 9,13,2 3 9,2 13,3 13,4 13,2 3 13
2 3 4 9 12,0.0314742,16.7083,Yes,N/A,2,3,4,2 3,2 4,3 4,N/A,9,N/A,2 9,12,4 9,2 12,3 12,4 12,2 3 12,2 4 12
1 2 3 4 9 12 13,0.0313799,19.1019,Yes,N/A,2,3,4,1 4,2 4,3 4,1 3 4,9,1 9,2 9,12,13,1 13,3 12,3 13,4 13,2 3 13
1 2 3 4 9 11,0.0724842,9.06481,Yes,N/A,2,3,4,2 3,2 4,3 4,1 3 4,9,1 9,11,1 11,2 11,3 11,4 11,1 4 11,2 4 11,3 4 11
2 3 4 9 11,0.0401693,15.2917,Yes,N/A,2,3,4,2 3,2 4,3 4,N/A,9,N/A,11,3 9,2 11,3 11,4 11,2 3 11,2 4 11,3 4 11
1 2 3 4 9 11 13,0.0373314,17.2407,Yes,N/A,2,3,4,2 3,2 4,3 4,1 3 4,9,1 9,11,1 11,13,3 11,2 13,3 13,4 13,2 3 13
2 3 4 9 12 13,0.0143756,26.8843,Yes,N/A,2,3,4,2 3,2 4,3 4,N/A,9,N/A,2 9,12,13,2 12,2 13,3 13,4 13,2 3 13
1 2 3 4 9 11 12,0.047236,15.2593,Yes,N/A,2,3,4,2 3,2 4,3 4,1 3 4,9,1 9,11,12,1 12,2 12,3 12,4 12,2 3 12,2 4 12
2 3 4 9 11 13,0.0168552,25.8843,Yes,N/A,2,3,4,2 3,2 4,3 4,N/A,9,N/A,11,3 9,13,3 11,2 13,3 13,4 13,2 3 13
2 3 4 9 11 12,0.0235737,23.6944,Yes,N/A,2,3,4,2 3,2 4,3 4,N/A,9,N/A,11,12,4 9,2 12,4 11,4 12,2 3 12,2 4 12
1 2 3 4 9 11 12 13,0.0258649,23.6343,Yes,N/A,2,3,4,2 3,2 4,3 4,1 3 4,9,1 9,11,12,13,2 12,2 13,3 13,4 13,2 3 13
2 3 4 10 11 12 13,0.0116696,31.8796,Yes,N/A,2,3,4,2 3,2 4,3 4,N/A,2 3 4,10,11,12,13,2 12,2 13,3 13,4 13,2 3 13
1 2 3 4 9 10,0.0789106,8.01389,Yes,N/A,2,3,4,1 4,2 4,3 4,1 3 4,9,10,1 10,2 10,3 10,4 10,1 4 10,2 4 10,3 4 10,1 3 4 10
2 3 4 9 10,0.0538934,12.0926,Yes,N/A,2,3,4,2 3,2 4,3 4,N/A,9,10,2 9,2 10,3 10,4 10,2 3 10,2 4 10,3 4 10,2 3 4 9
1 2 3 4 9 10 13,0.043789,15.4074,Yes,N/A,2,3,4,1 4,2 4,3 4,1 3 4,9,10,1 10,2 10,13,1 13,2 13,3 13,4 13,1 4 13
1 2 3 4 9 10 12,0.0539751,13.7407,Yes,N/A,2,3,4,2 3,2 4,3 4,1 3 4,9,10,2 9,12,1 12,2 12,3 12,4 12,1 4 12,2 4 12
2 3 4 9 10 13,0.0249262,21.412,Yes,N/A,2,3,4,2 3,2 4,3 4,N/A,9,10,2 9,3 9,13,4 10,2 13,3 13,4 13,2 3 13
2 3 4 9 10 12,0.0322409,19.4815,Yes,N/A,2,3,4,2 3,2 4,3 4,N/A,9,10,2 9,12,3 10,2 12,3 12,4 12,2 3 12,2 4 12
1 2 3 4 9 10 12 13,0.0297786,21.6528,Yes,N/A,2,3,4,1 4,2 4,3 4,1 3 4,9,10,2 9,12,13,1 13,2 13,3 13,4 13,2 3 13
2 3 4 9 11 12 13,0.0113573,33.7824,Yes,N/A,2,3,4,2 3,2 4,3 4,N/A,9,N/A,11,12,13,2 12,2 13,3 13,4 13,2 4 12
1 2 3 4 9 10 11,0.0613964,12.5463,Yes,N/A,2,3,4,1 4,2 4,3 4,1 3 4,9,10,11,2 10,2 11,3 11,4 11,1 4 11,2 4 11,3 4 11
2 3 4 9 10 11,0.0400043,17.9028,Yes,N/A,2,3,4,2 3,2 4,3 4,N/A,9,10,11,2 10,4 9,3 11,4 11,3 4 9,2 4 11,3 4 11
1 2 3 4 9 10 11 13,0.0350493,19.9676,Yes,N/A,2,3,4,1 4,2 4,3 4,1 3 4,9,10,11,2 10,13,1 13,2 13,3 13,4 13,1 4 13
2 3 4 9 10 12 13,0.0151695,29.1898,Yes,N/A,2,3,4,2 3,2 4,3 4,N/A,9,10,2 9,12,13,4 10,3 12,3 13,4 13,2 3 13
1 2 3 4 9 10 11 12,0.0413993,18.6852,Yes,N/A,2,3,4,2 3,2 4,3 4,1 3 4,9,10,11,12,1 12,2 12,3 12,4 12,1 4 12,2 4 12
2 3 4 9 10 11 13,0.0187337,27.1065,Yes,N/A,2,3,4,2 3,2 4,3 4,N/A,9,10,11,2 10,13,3 11,2 13,3 13,4 13,3 4 11
2 3 4 9 10 11 12,0.023308,25.2963,Yes,N/A,2,3,4,2 3,2 4,3 4,N/A,9,10,11,12,2 11,2 12,3 12,4 12,2 3 12,2 4 12
1 2 3 4 9 10 11 12 13,0.0246472,26.1065,Yes,N/A,2,3,4,1 4,2 4,3 4,1 3 4,9,10,11,12,13,1 13,2 13,3 13,4 13,2 3 13
1 2 3 4 8,0.0894363,4.84259,Yes,N/A,2,3,4,1 4,2 4,3 4,8,1 8,2 8,3 8,4 8,1 4 8,2 4 8,3 4 8,1 3 4 8,2 3 4 8,1 2 3 4 8
2 3 4 8,0.0755012,5.5463,Yes,N/A,2,3,4,2 3,2 4,3 4,8,2 3 4,2 8,3 8,4 8,2 3 8,2 4 8,3 4 8,N/A,2 3 4 8,N/A
1 2 3 4 8 13,0.0496633,11.912,Yes,N/A,2,3,4,1 4,2 4,3 4,8,1 8,2 8,3 8,4 8,13,1 13,2 13,3 13,4 13,1 4 13
1 2 3 4 8 12,0.0665553,9.44907,Yes,N/A,2,3,4,1 4,2 4,3 4,8,1 8,2 8,3 8,12,1 12,2 12,3 12,4 12,1 4 12,2 4 12
2 3 4 8 13,0.0312526,14.7546,Yes,N/A,2,3,4,2 3,2 4,3 4,8,2 3 4,2 8,3 8,4 8,13,2 4 8,2 13,3 13,4 13,2 3 13
2 3 4 8 12,0.0424777,12.7824,Yes,N/A,2,3,4,2 3,2 4,3 4,8,2 3 4,2 8,3 8,12,2 3 8,2 12,3 12,4 12,2 3 12,2 4 12
1 2 3 4 8 12 13,0.0336233,17.8657,Yes,N/A,2,3,4,1 4,2 4,3 4,8,1 8,2 8,3 8,12,13,1 13,3 12,3 13,4 13,1 4 13
1 2 3 4 8 11,0.078897,7.82407,Yes,N/A,2,3,4,2 3,2 4,3 4,8,1 8,2 8,11,1 11,2 11,3 11,4 11,1 4 11,2 4 11,3 4 11
2 3 4 8 11,0.053826,11.2083,Yes,N/A,2,3,4,2 3,2 4,3 4,8,2 3 4,2 8,11,4 8,2 11,3 11,4 11,2 3 11,2 4 11,3 4 11
1 2 3 4 8 11 13,0.0415141,15.2454,Yes,N/A,2,3,4,2 3,2 4,3 4,8,1 8,2 8,11,1 11,13,1 13,4 11,3 13,4 13,2 3 13
2 3 4 8 12 13,0.0193257,21.8241,Yes,N/A,2,3,4,2 3,2 4,3 4,8,2 3 4,2 8,3 8,12,13,2 12,3 12,3 13,4 13,2 4 12
1 2 3 4 8 11 12,0.0517297,13.6713,Yes,N/A,2,3,4,1 4,2 4,3 4,8,1 8,2 8,11,12,1 12,3 11,3 12,4 12,2 3 12,3 4 11
2 3 4 8 11 13,0.023573,20.5,Yes,N/A,2,3,4,2 3,2 4,3 4,8,2 3 4,2 8,11,4 8,13,3 11,2 13,3 13,4 13,2 3 13
2 3 4 8 11 12,0.0296115,18.5417,Yes,N/A,2,3,4,2 3,2 4,3 4,8,2 3 4,2 8,11,12,2 11,2 12,3 12,4 12,2 3 12,3 4 11
1 2 3 4 8 11 12 13,0.0281327,21.8472,Yes,N/A,2,3,4,1 4,2 4,3 4,8,1 8,2 8,11,12,13,1 13,3 12,3 13,4 13,1 4 13
1 2 3 4 8 10,0.088347,6.55093,Yes,N/A,2,3,4,2 3,2 4,3 4,8,1 8,10,1 10,2 10,3 10,4 10,1 4 10,2 4 10,3 4 10,8 10
2 3 4 8 10,0.0651068,10.1157,Yes,N/A,2,3,4,2 3,2 4,3 4,8,2 3 4,10,3 8,2 10,3 10,4 10,2 3 10,2 4 10,3 4 10,8 10
1 2 3 4 8 10 13,0.0486548,13.4306,Yes,N/A,2,3,4,2 3,2 4,3 4,8,1 8,10,1 10,2 10,13,1 13,2 13,3 13,4 13,2 3 13
1 2 3 4 8 10 12,0.0603014,11.6065,Yes,N/A,2,3,4,2 3,2 4,3 4,8,1 8,10,1 10,12,1 12,2 12,3 12,4 12,2 3 12,8 10
2 3 4 8 10 13,0.0284638,18.9213,Yes,N/A,2,3,4,2 3,2 4,3 4,8,2 3 4,10,3 8,2 10,13,4 10,2 13,3 13,4 13,8 10
2 3 4 8 10 12,0.0336111,17.8056,Yes,N/A,2,3,4,2 3,2 4,3 4,8,2 3 4,10,3 8,12,3 10,2 12,3 12,4 12,2 3 12,8 10
1 2 3 4 8 10 12 13,0.0326749,19.412,Yes,N/A,2,3,4,2 3,2 4,3 4,8,1 8,10,1 10,12,13,1 13,2 13,3 13,4 13,2 3 13
2 3 4 8 11 12 13,0.0148086,27.0648,Yes,N/A,2,3,4,2 3,2 4,3 4,8,2 3 4,2 8,11,12,13,2 12,3 12,3 13,4 13,3 4 11
1 2 3 4 8 10 11,0.06976,10.3889,Yes,N/A,2,3,4,2 3,2 4,3 4,8,1 8,10,11,1 11,2 11,3 11,4 11,2 3 11,2 4 11,8 10
2 3 4 8 10 11,0.0437905,15.713,Yes,N/A,2,3,4,2 3,2 4,3 4,8,2 3 4,10,11,4 8,2 11,4 10,4 11,2 3 11,2 4 11,8 10
1 2 3 4 8 10 11 13,0.0390529,17.5093,Yes,N/A,2,3,4,2 3,2 4,3 4,8,1 8,10,11,1 11,13,1 13,2 13,3 13,4 13,8 10
2 3 4 8 10 12 13,0.0169669,26.0139,Yes,N/A,2,3,4,2 3,2 4,3 4,8,2 3 4,10,3 8,12,13,2 12,2 13,4 12,4 13,8 10
1 2 3 4 8 10 11 12,0.0467958,16.0185,Yes,N/A,2,3,4,2 3,2 4,3 4,8,1 8,10,11,12,1 12,2 12,3 12,4 12,2 3 12,8 10
2 3 4 8 10 11 13,0.0205032,24.3009,Yes,N/A,2,3,4,2 3,2 4,3 4,8,2 3 4,10,11,2 10,13,3 11,2 13,3 13,4 13,8 10
2 3 4 8 10 11 12,0.0251174,22.3519,Yes,N/A,2,3,4,2 3,2 4,3 4,8,2 3 4,10,11,12,2 11,2 12,3 12,4 12,3 4 10,8 10
1 2 3 4 8 10 11 12 13,0.0274098,23.3056,Yes,N/A,2,3,4,2 3,2 4,3 4,8,1 8,10,11,12,13,1 13,3 12,3 13,4 13,8 10
2 3 4 9 10 11 12 13,0.0123759,34.4074,Yes,N/A,2,3,4,2 3,2 4,3 4,N/A,9,10,11,12,13,2 12,2 13,3 13,4 13,2 3 13
1 2 3 4 8 9,0.0936579,5.77315,Yes,N/A,2,3,4,1 4,2 4,3 4,8,9,1 9,3 8,3 9,4 9,1 4 9,2 4 9,3 4 9,8 9,1 8 9
2 3 4 8 9,0.0762056,8.7963,Yes,N/A,2,3,4,2 3,2 4,3 4,8,9,2 8,2 9,3 9,4 9,2 3 9,2 4 9,3 4 9,8 9,2 3 4 9
1 2 3 4 8 9 13,0.0535665,11.9583,Yes,N/A,2,3,4,1 4,2 4,3 4,8,9,1 9,3 8,3 9,13,1 13,2 13,3 13,4 13,1 4 13
1 2 3 4 8 9 12,0.0663593,10.3472,Yes,N/A,2,3,4,1 4,2 4,3 4,8,9,1 9,3 8,12,1 12,2 12,3 12,4 12,8 9,2 4 12
2 3 4 8 9 13,0.0337993,17.4167,Yes,N/A,2,3,4,2 3,2 4,3 4,8,9,2 8,2 9,4 8,13,2 3 9,2 13,3 13,4 13,2 3 13
2 3 4 8 9 12,0.0449936,15.1481,Yes,N/A,2,3,4,2 3,2 4,3 4,8,9,2 8,3 8,12,4 9,2 12,3 12,4 12,8 9,2 4 12
1 2 3 4 8 9 12 13,0.0365574,17.8935,Yes,N/A,2,3,4,1 4,2 4,3 4,8,9,1 9,3 8,12,13,1 13,3 12,3 13,4 13,1 4 13
1 2 3 4 8 9 11,0.0760266,9.25,Yes,N/A,2,3,4,2 3,2 4,3 4,8,9,1 9,11,1 11,2 11,3 11,4 11,1 4 11,8 9,3 4 11
2 3 4 8 9 11,0.0539199,13.6944,Yes,N/A,2,3,4,2 3,2 4,3 4,8,9,2 8,11,3 9,2 11,3 11,4 11,2 3 11,8 9,3 4 11
1 2 3 4 8 9 11 13,0.0428433,16.0787,Yes,N/A,2,3,4,2 3,2 4,3 4,8,9,1 9,11,1 11,13,1 13,2 13,3 13,4 13,2 3 13
2 3 4 8 9 12 13,0.020181,24.213,Yes,N/A,2,3,4,2 3,2 4,3 4,8,9,2 8,3 8,12,13,2 12,3 12,3 13,4 13,2 4 12
1 2 3 4 8 9 11 12,0.0509844,14.6065,Yes,N/A,2,3,4,1 4,2 4,3 4,8,9,1 9,11,12,1 12,3 11,3 12,4 12,8 9,3 4 11
2 3 4 8 9 11 13,0.0246868,22.3889,Yes,N/A,2,3,4,2 3,2 4,3 4,8,9,2 8,11,3 9,13,3 11,4 11,3 13,4 13,2 3 13
2 3 4 8 9 11 12,0.0306721,20.5648,Yes,N/A,2,3,4,2 3,2 4,3 4,8,9,2 8,11,12,4 9,3 11,3 12,4 12,8 9,3 4 11
1 2 3 4 8 9 11 12 13,0.0300559,21.6806,Yes,N/A,2,3,4,1 4,2 4,3 4,8,9,1 9,11,12,13,1 13,3 12,3 13,4 13,1 4 13
2 3 4 8 10 11 12 13,0.0133353,30.7593,Yes,N/A,2,3,4,2 3,2 4,3 4,8,2 3 4,10,11,12,13,2 12,2 13,3 13,4 13,8 10
1 2 3 4 8 9 10,0.0825886,8.71759,Yes,N/A,2,3,4,1 4,2 4,3 4,8,9,10,1 10,2 10,3 10,4 10,1 4 10,2 4 10,8 9,8 10
2 3 4 8 9 10,0.0615493,12.4398,Yes,N/A,2,3,4,2 3,2 4,3 4,8,9,10,2 9,2 10,3 10,4 10,3 4 8,2 4 10,8 9,8 10
1 2 3 4 8 9 10 13,0.0487299,14.7361,Yes,N/A,2,3,4,1 4,2 4,3 4,8,9,10,1 10,3 9,13,1 13,2 13,3 13,4 13,8 10
1 2 3 4 8 9 10 12,0.0577538,13.2593,Yes,N/A,2,3,4,1 4,2 4,3 4,8,9,10,1 10,12,1 12,2 12,3 12,4 12,8 9,8 10
2 3 4 8 9 10 13,0.0297427,20.3889,Yes,N/A,2,3,4,2 3,2 4,3 4,8,9,10,2 9,4 8,13,4 10,2 13,3 13,4 13,8 10
2 3 4 8 9 10 12,0.0354768,18.6898,Yes,N/A,2,3,4,2 3,2 4,3 4,8,9,10,2 9,12,3 10,2 12,3 12,4 12,8 9,8 10
1 2 3 4 8 9 10 12 13,0.0340696,20.0741,Yes,N/A,2,3,4,1 4,2 4,3 4,8,9,10,1 10,12,13,1 13,2 13,3 13,4 13,8 10
2 3 4 8 9 11 12 13,0.0158487,28.75,Yes,N/A,2,3,4,2 3,2 4,3 4,8,9,2 8,11,12,13,3 11,4 11,3 13,4 13,3 4 11
1 2 3 4 8 9 10 11,0.0635328,12.5,Yes,N/A,2,3,4,1 4,2 4,3 4,8,9,10,11,1 11,2 11,3 11,4 11,1 4 11,8 9,8 10
2 3 4 8 9 10 11,0.0407192,17.2639,Yes,N/A,2,3,4,2 3,2 4,3 4,8,9,10,11,2 10,2 11,3 11,4 11,2 3 11,8 9,8 10
1 2 3 4 8 9 10 11 13,0.0391251,18.4769,Yes,N/A,2,3,4,2 3,2 4,3 4,8,9,10,11,1 11,13,1 13,2 13,3 13,4 13,8 10
2 3 4 8 9 10 12 13,0.0186497,26.6713,Yes,N/A,2,3,4,2 3,2 4,3 4,8,9,10,3 8,12,13,2 12,2 13,3 13,4 13,8 10
1 2 3 4 8 9 10 11 12,0.0451999,17.412,Yes,N/A,2,3,4,1 4,2 4,3 4,8,9,10,11,12,1 12,2 12,3 12,4 12,8 9,8 10
2 3 4 8 9 10 11 13,0.0215653,25.2593,Yes,N/A,2,3,4,2 3,2 4,3 4,8,9,10,11,2 10,13,3 11,2 13,3 13,4 13,8 10
2 3 4 8 9 10 11 12,0.0260191,23,Yes,N/A,2,3,4,2 3,2 4,3 4,8,9,10,11,12,2 11,2 12,3 12,4 12,8 9,8 10
1 2 3 4 8 9 10 11 12 13,0.029066,23.6528,Yes,N/A,2,3,4,2 3,2 4,3 4,8,9,10,11,12,13,1 13,3 12,3 13,4 13,8 10
1 2 3 4 7,0.0863566,4.48611,Yes,N/A,2,3,4,1 4,2 4,7,1 7,2 7,3 7,4 7,1 4 7,2 4 7,3 4 7,1 3 4 7,2 3 4 7,1 2 3 4 7,N/A
2 3 4 7,0.0667813,6.26389,Yes,N/A,2,3,4,2 3,2 4,7,N/A,2 7,3 7,4 7,2 3 7,2 4 7,3 4 7,N/A,2 3 4 7,N/A,N/A
1 2 3 4 7 13,0.0454263,11.9213,Yes,N/A,2,3,4,1 4,2 4,7,1 7,2 7,3 7,4 7,2 3 7,13,1 13,2 13,3 13,4 13,1 4 13
1 2 3 4 7 12,0.0620547,9.48148,Yes,N/A,2,3,4,1 4,2 4,7,1 7,2 7,3 7,4 7,12,1 12,2 12,3 12,4 12,1 4 12,2 4 12
2 3 4 7 13,0.0298308,15.4444,Yes,N/A,2,3,4,2 3,2 4,7,N/A,2 7,3 7,4 7,2 3 7,13,3 4 7,2 13,3 13,4 13,2 3 13
2 3 4 7 12,0.0417195,13.5139,Yes,N/A,2,3,4,2 3,2 4,7,N/A,2 7,3 7,4 7,12,2 4 7,2 12,3 12,4 12,2 3 12,2 4 12
1 2 3 4 7 12 13,0.0314534,18.0694,Yes,N/A,2,3,4,1 4,2 4,7,1 7,2 7,3 7,4 7,12,13,1 13,3 12,3 13,4 13,1 4 13
1 2 3 4 7 11,0.0776751,7.63426,Yes,N/A,2,3,4,1 4,2 4,7,1 7,2 7,3 7,11,1 11,2 11,3 11,4 11,1 4 11,2 4 11,7 11
2 3 4 7 11,0.0543973,12.1574,Yes,N/A,2,3,4,2 3,2 4,7,N/A,2 7,3 7,11,2 3 7,2 11,3 11,4 11,2 3 11,2 4 11,7 11
1 2 3 4 7 11 13,0.0402336,15.2315,Yes,N/A,2,3,4,1 4,2 4,7,1 7,2 7,3 7,11,1 11,13,1 13,4 11,3 13,4 13,7 11
2 3 4 7 12 13,0.0192177,22.7546,Yes,N/A,2,3,4,2 3,2 4,7,N/A,2 7,3 7,4 7,12,13,2 12,2 13,3 13,4 13,2 3 13
1 2 3 4 7 11 12,0.0513236,13.4954,Yes,N/A,2,3,4,1 4,2 4,7,1 7,2 7,3 7,11,12,1 12,3 11,3 12,4 12,1 4 12,7 11
2 3 4 7 11 13,0.0218338,21.912,Yes,N/A,2,3,4,2 3,2 4,7,N/A,2 7,3 7,11,2 3 7,13,3 11,4 11,3 13,4 13,7 11
2 3 4 7 11 12,0.0315362,19.3472,Yes,N/A,2,3,4,2 3,2 4,7,N/A,2 7,3 7,11,12,2 11,3 11,4 11,4 12,2 4 11,7 11
1 2 3 4 7 11 12 13,0.0273156,22.0139,Yes,N/A,2,3,4,1 4,2 4,7,1 7,2 7,3 7,11,12,13,1 13,3 12,3 13,4 13,7 11
1 2 3 4 7 10,0.0883021,6.66667,Yes,N/A,2,3,4,2 3,2 4,7,1 7,2 7,10,1 10,2 10,3 10,4 10,1 4 10,2 4 10,7 10,1 7 10
2 3 4 7 10,0.0659418,10.9537,Yes,N/A,2,3,4,2 3,2 4,7,N/A,2 7,10,4 7,2 10,3 10,4 10,2 3 10,2 4 10,7 10,N/A
1 2 3 4 7 10 13,0.0465648,13.9491,Yes,N/A,2,3,4,2 3,2 4,7,1 7,2 7,10,1 10,2 10,13,1 13,2 13,3 13,4 13,2 3 13
1 2 3 4 7 10 12,0.0591284,11.4815,Yes,N/A,2,3,4,2 3,2 4,7,1 7,2 7,10,1 10,12,1 12,4 10,3 12,4 12,7 10,2 4 12
2 3 4 7 10 13,0.0282583,20.2361,Yes,N/A,2,3,4,2 3,2 4,7,N/A,2 7,10,4 7,2 10,13,4 10,2 13,3 13,4 13,2 3 13
2 3 4 7 10 12,0.0371391,18.0185,Yes,N/A,2,3,4,2 3,2 4,7,N/A,2 7,10,4 7,12,3 10,4 10,3 12,4 12,7 10,2 4 12
1 2 3 4 7 10 12 13,0.0319692,19.625,Yes,N/A,2,3,4,2 3,2 4,7,1 7,2 7,10,1 10,12,13,1 13,3 12,3 13,4 13,2 3 13
2 3 4 7 11 12 13,0.0148305,28.5185,Yes,N/A,2,3,4,2 3,2 4,7,N/A,2 7,3 7,11,12,13,3 11,4 11,4 12,4 13,7 11
1 2 3 4 7 10 11,0.0703922,10.1296,Yes,N/A,2,3,4,1 4,2 4,7,1 7,2 7,10,11,1 11,3 10,3 11,4 11,2 3 11,7 10,7 11
2 3 4 7 10 11,0.0418425,17.1852,Yes,N/A,2,3,4,2 3,2 4,7,N/A,2 7,10,11,2 10,2 11,3 11,4 11,2 3 11,7 10,7 11
1 2 3 4 7 10 11 13,0.0382138,17.8148,Yes,N/A,2,3,4,1 4,2 4,7,1 7,2 7,10,11,1 11,13,3 11,4 11,3 13,4 13,7 11
2 3 4 7 10 12 13,0.0172225,27.7037,Yes,N/A,2,3,4,2 3,2 4,7,N/A,2 7,10,4 7,12,13,4 10,3 12,3 13,4 13,2 3 13
1 2 3 4 7 10 11 12,0.0472688,15.7037,Yes,N/A,2,3,4,1 4,2 4,7,1 7,2 7,10,11,12,3 10,3 11,3 12,4 12,7 10,7 11
2 3 4 7 10 11 13,0.0196479,26.2037,Yes,N/A,2,3,4,2 3,2 4,7,N/A,2 7,10,11,2 10,13,3 11,4 11,3 13,4 13,7 11
2 3 4 7 10 11 12,0.0259926,23.6574,Yes,N/A,2,3,4,2 3,2 4,7,N/A,2 7,10,11,12,2 11,4 10,3 12,4 12,7 10,7 11
1 2 3 4 7 10 11 12 13,0.0272801,23.2315,Yes,N/A,2,3,4,1 4,2 4,7,1 7,2 7,10,11,12,13,3 11,3 12,3 13,4 13,7 11
1 2 3 4 7 9,0.0990809,5.38889,Yes,N/A,2,3,4,2 3,2 4,7,1 7,9,3 7,4 7,3 9,4 9,3 4 7,2 4 9,7 9,1 7 9,2 7 9
2 3 4 7 9,0.0754058,10.088,Yes,N/A,2,3,4,2 3,2 4,7,N/A,9,3 7,4 7,3 9,4 9,3 4 7,2 4 9,7 9,N/A,2 7 9
1 2 3 4 7 9 13,0.0541423,12.1944,Yes,N/A,2,3,4,2 3,2 4,7,1 7,9,3 7,4 7,3 9,13,1 13,2 13,3 13,4 13,2 3 13
1 2 3 4 7 9 12,0.0671907,10.3981,Yes,N/A,2,3,4,2 3,2 4,7,1 7,9,3 7,4 7,12,4 9,2 12,3 12,4 12,2 3 12,2 4 12
2 3 4 7 9 13,0.0321853,19.1806,Yes,N/A,2,3,4,2 3,2 4,7,N/A,9,3 7,4 7,3 9,13,3 4 7,2 13,3 13,4 13,2 3 13
2 3 4 7 9 12,0.0420441,17.0556,Yes,N/A,2,3,4,2 3,2 4,7,N/A,9,3 7,2 9,12,4 9,2 12,3 12,4 12,2 3 12,2 4 12
1 2 3 4 7 9 12 13,0.0361369,18.4213,Yes,N/A,2,3,4,2 3,2 4,7,1 7,9,1 9,4 7,12,13,2 12,2 13,3 13,4 13,2 3 13
1 2 3 4 7 9 11,0.0792797,9.09259,Yes,N/A,2,3,4,2 3,2 4,7,1 7,9,3 7,11,3 9,2 11,3 11,4 11,7 9,2 4 11,7 11
2 3 4 7 9 11,0.0460116,16.4861,Yes,N/A,2,3,4,2 3,2 4,7,N/A,9,3 7,11,3 9,2 11,3 11,4 11,7 9,2 4 11,7 11
1 2 3 4 7 9 11 13,0.0417772,16.5324,Yes,N/A,2,3,4,2 3,2 4,7,1 7,9,1 9,11,3 9,13,3 11,2 13,3 13,4 13,7 11
2 3 4 7 9 12 13,0.0197178,26.0278,Yes,N/A,2,3,4,2 3,2 4,7,N/A,9,3 7,2 9,12,13,2 12,2 13,4 12,4 13,2 3 13
1 2 3 4 7 9 11 12,0.0523493,14.5602,Yes,N/A,2,3,4,2 3,2 4,7,1 7,9,3 7,11,12,4 9,3 11,3 12,4 12,2 3 12,7 11
2 3 4 7 9 11 13,0.0195524,26.3333,Yes,N/A,2,3,4,2 3,2 4,7,N/A,9,3 7,11,3 9,13,3 11,2 13,7 9,4 13,7 11
2 3 4 7 9 11 12,0.0283469,23.1435,Yes,N/A,2,3,4,2 3,2 4,7,N/A,9,3 7,11,12,4 9,2 12,4 11,4 12,2 3 12,7 11
1 2 3 4 7 9 11 12 13,0.0297234,22.125,Yes,N/A,2,3,4,2 3,2 4,7,1 7,9,1 9,11,12,13,3 11,2 13,3 13,4 13,7 11
2 3 4 7 10 11 12 13,0.0134603,32.6204,Yes,N/A,2,3,4,2 3,2 4,7,N/A,2 7,10,11,12,13,3 11,3 12,3 13,4 13,7 11
1 2 3 4 7 9 10,0.0865902,8.06481,Yes,N/A,2,3,4,2 3,2 4,7,1 7,9,10,1 10,3 9,3 10,4 10,2 3 10,7 9,7 10,1 7 10
2 3 4 7 9 10,0.056654,14.3843,Yes,N/A,2,3,4,2 3,2 4,7,N/A,9,10,4 7,3 9,4 9,4 10,2 3 10,7 9,7 10,2 7 9
1 2 3 4 7 9 10 13,0.049101,14.9352,Yes,N/A,2,3,4,2 3,2 4,7,1 7,9,10,1 10,3 9,13,4 10,2 13,3 13,4 13,2 3 13
1 2 3 4 7 9 10 12,0.0586821,13.0926,Yes,N/A,2,3,4,2 3,2 4,7,1 7,9,10,1 10,12,3 10,2 12,3 12,4 12,7 10,2 4 12
2 3 4 7 9 10 13,0.0276645,23.0324,Yes,N/A,2,3,4,2 3,2 4,7,N/A,9,10,4 7,3 9,13,4 10,2 13,3 13,4 13,2 3 13
2 3 4 7 9 10 12,0.0320535,21.6944,Yes,N/A,2,3,4,2 3,2 4,7,N/A,9,10,2 9,12,3 10,2 12,3 12,4 12,7 10,2 7 9
1 2 3 4 7 9 10 12 13,0.0337039,20.3704,Yes,N/A,2,3,4,2 3,2 4,7,1 7,9,10,1 10,12,13,4 10,3 12,3 13,4 13,2 3 13
2 3 4 7 9 11 12 13,0.0141672,32.4167,Yes,N/A,2,3,4,2 3,2 4,7,N/A,9,3 7,11,12,13,2 12,2 13,4 12,4 13,7 11
1 2 3 4 7 9 10 11,0.0676808,11.6019,Yes,N/A,2,3,4,2 3,2 4,7,1 7,9,10,11,3 9,2 11,3 11,4 11,7 9,7 10,7 11
2 3 4 7 9 10 11,0.036931,19.9306,Yes,N/A,2,3,4,2 3,2 4,7,N/A,9,10,11,3 9,4 9,3 11,4 11,7 9,7 10,7 11
1 2 3 4 7 9 10 11 13,0.0396687,18.1019,Yes,N/A,2,3,4,2 3,2 4,7,1 7,9,10,11,3 9,13,3 11,2 13,3 13,4 13,7 11
2 3 4 7 9 10 12 13,0.01713,30.4722,Yes,N/A,2,3,4,2 3,2 4,7,N/A,9,10,4 7,12,13,4 10,2 13,3 13,4 13,2 3 13
1 2 3 4 7 9 10 11 12,0.0468357,16.4583,Yes,N/A,2,3,4,2 3,2 4,7,1 7,9,10,11,12,3 10,3 11,3 12,4 12,7 10,7 11
2 3 4 7 9 10 11 13,0.0188657,28.9815,Yes,N/A,2,3,4,2 3,2 4,7,N/A,9,10,11,3 9,13,3 11,2 13,3 13,4 13,7 11
2 3 4 7 9 10 11 12,0.0230813,26.9167,Yes,N/A,2,3,4,2 3,2 4,7,N/A,9,10,11,12,2 11,2 12,3 12,7 9,7 10,7 11
1 2 3 4 7 9 10 11 12 13,0.0292371,23.2269,Yes,N/A,2,3,4,2 3,2 4,7,1 7,9,10,11,12,13,3 11,3 12,3 13,4 13,7 11
2 3 4 8 9 10 11 12 13,0.0151499,30.3194,Yes,N/A,2,3,4,2 3,2 4,3 4,8,9,10,11,12,13,2 12,2 13,3 13,4 13,8 10
1 2 3 4 7 8,0.107818,5.0787,Yes,N/A,2,3,4,1 4,2 4,7,8,1 8,3 7,3 8,4 8,2 4 7,2 4 8,7 8,1 7 8,2 7 8,3 7 8
2 3 4 7 8,0.0915447,7.56481,Yes,N/A,2,3,4,2 3,2 4,7,8,2 7,3 7,4 7,4 8,2 4 7,3 4 7,7 8,2 3 4 7,2 7 8,3 7 8
1 2 3 4 7 8 13,0.0607518,10.9537,Yes,N/A,2,3,4,1 4,2 4,7,8,1 8,3 7,3 8,4 8,13,1 13,2 13,3 13,4 13,1 4 13
1 2 3 4 7 8 12,0.0744397,9.40278,Yes,N/A,2,3,4,1 4,2 4,7,8,1 8,3 7,3 8,12,1 12,2 12,3 12,4 12,1 4 12,2 4 12
2 3 4 7 8 13,0.0404726,15.8519,Yes,N/A,2,3,4,2 3,2 4,7,8,2 7,3 7,4 7,4 8,13,2 4 8,2 13,3 13,4 13,2 3 13
2 3 4 7 8 12,0.0503581,14.1898,Yes,N/A,2,3,4,2 3,2 4,7,8,2 7,2 8,4 7,12,2 4 7,2 12,3 12,4 12,2 3 12,2 4 12
1 2 3 4 7 8 12 13,0.0404205,16.5556,Yes,N/A,2,3,4,1 4,2 4,7,8,1 8,3 7,3 8,12,13,1 13,3 12,3 13,4 13,1 4 13
1 2 3 4 7 8 11,0.0848825,8.22685,Yes,N/A,2,3,4,1 4,2 4,7,8,1 8,3 7,11,1 11,2 11,3 11,4 11,1 4 11,2 4 11,7 11
2 3 4 7 8 11,0.0624372,12.3056,Yes,N/A,2,3,4,2 3,2 4,7,8,2 7,3 7,11,4 8,2 11,3 11,4 11,2 3 11,2 4 11,7 11
1 2 3 4 7 8 11 13,0.0469716,14.7269,Yes,N/A,2,3,4,1 4,2 4,7,8,1 8,3 7,11,1 11,13,1 13,4 11,3 13,4 13,7 11
2 3 4 7 8 12 13,0.0240122,22.0324,Yes,N/A,2,3,4,2 3,2 4,7,8,2 7,2 8,3 8,12,13,2 12,3 12,3 13,4 13,2 4 12
1 2 3 4 7 8 11 12,0.0572239,13.213,Yes,N/A,2,3,4,1 4,2 4,7,8,1 8,3 7,11,12,1 12,3 11,3 12,4 12,1 4 12,7 11
2 3 4 7 8 11 13,0.0289763,20.338,Yes,N/A,2,3,4,2 3,2 4,7,8,2 7,3 7,11,4 8,13,3 11,4 11,3 13,4 13,7 11
2 3 4 7 8 11 12,0.0333987,19.3472,Yes,N/A,2,3,4,2 3,2 4,7,8,2 7,3 7,11,12,2 11,3 11,3 12,4 12,2 4 11,7 11
1 2 3 4 7 8 11 12 13,0.032715,20.338,Yes,N/A,2,3,4,1 4,2 4,7,8,1 8,3 7,11,12,13,1 13,3 12,3 13,4 13,7 11
1 2 3 4 7 8 10,0.0936458,7.08333,Yes,N/A,2,3,4,2 3,2 4,7,8,2 7,10,1 10,4 8,3 10,4 10,7 8,2 4 10,7 10,8 10
2 3 4 7 8 10,0.0709544,10.625,Yes,N/A,2,3,4,2 3,2 4,7,8,2 7,10,3 8,2 10,3 10,4 10,7 8,2 4 10,7 10,8 10
1 2 3 4 7 8 10 13,0.0537418,13.3472,Yes,N/A,2,3,4,2 3,2 4,7,8,2 7,10,1 10,2 10,13,1 13,2 13,3 13,4 13,8 10
1 2 3 4 7 8 10 12,0.0650457,11.5278,Yes,N/A,2,3,4,2 3,2 4,7,8,2 7,10,3 8,12,1 12,4 10,3 12,4 12,7 10,8 10
2 3 4 7 8 10 13,0.0326795,18.7546,Yes,N/A,2,3,4,2 3,2 4,7,8,2 7,10,3 8,2 10,13,4 10,2 13,3 13,4 13,8 10
2 3 4 7 8 10 12,0.0398406,17.0926,Yes,N/A,2,3,4,2 3,2 4,7,8,2 7,10,3 8,12,3 10,4 10,3 12,4 12,7 10,8 10
1 2 3 4 7 8 10 12 13,0.0378933,18.2639,Yes,N/A,2,3,4,2 3,2 4,7,8,2 7,10,3 8,12,13,1 13,3 12,3 13,4 13,8 10
2 3 4 7 8 11 12 13,0.0179901,26.9028,Yes,N/A,2,3,4,2 3,2 4,7,8,2 7,3 7,11,12,13,3 11,4 11,3 13,4 13,7 11
1 2 3 4 7 8 10 11,0.0712344,10.6806,Yes,N/A,2,3,4,1 4,2 4,7,8,2 7,10,11,1 11,3 10,3 11,4 11,2 3 11,7 10,7 11
2 3 4 7 8 10 11,0.0454129,15.8981,Yes,N/A,2,3,4,2 3,2 4,7,8,2 7,10,11,4 8,3 10,3 11,4 11,2 3 11,7 10,7 11
1 2 3 4 7 8 10 11 13,0.0425019,16.6343,Yes,N/A,2,3,4,2 3,2 4,7,8,2 7,10,11,1 11,13,1 13,4 11,3 13,4 13,7 11
2 3 4 7 8 10 12 13,0.0207533,25.0602,Yes,N/A,2,3,4,2 3,2 4,7,8,2 7,10,3 8,12,13,4 10,3 12,3 13,4 13,8 10
1 2 3 4 7 8 10 11 12,0.0504381,15.125,Yes,N/A,2,3,4,1 4,2 4,7,8,2 7,10,11,12,1 12,3 11,3 12,4 12,7 10,7 11
2 3 4 7 8 10 11 13,0.023663,23.6898,Yes,N/A,2,3,4,2 3,2 4,7,8,2 7,10,11,4 8,13,3 11,4 11,3 13,4 13,7 11
2 3 4 7 8 10 11 12,0.0282053,21.6528,Yes,N/A,2,3,4,2 3,2 4,7,8,2 7,10,11,12,3 10,4 10,3 12,4 12,7 10,7 11
1 2 3 4 7 8 10 11 12 13,0.0316165,21.537,Yes,N/A,2,3,4,1 4,2 4,7,8,2 7,10,11,12,13,1 13,3 12,3 13,4 13,7 11
2 3 4 7 9 10 11 12 13,0.0133712,35.4213,Yes,N/A,2,3,4,2 3,2 4,7,N/A,9,10,11,12,13,3 11,2 13,3 13,4 13,7 11
1 2 3 4 7 8 9,0.0975232,6.51389,Yes,N/A,2,3,4,1 4,2 4,7,8,9,1 9,3 8,3 9,4 9,1 4 9,7 8,7 9,8 9,3 7 8
2 3 4 7 8 9,0.0763653,9.51389,Yes,N/A,2,3,4,2 3,2 4,7,8,9,3 7,4 7,3 9,4 9,2 3 9,7 8,7 9,8 9,2 7 9
1 2 3 4 7 8 9 13,0.0592272,12.2037,Yes,N/A,2,3,4,1 4,2 4,7,8,9,1 9,2 9,3 9,13,1 13,2 13,3 13,4 13,1 4 13
1 2 3 4 7 8 9 12,0.0697194,10.5926,Yes,N/A,2,3,4,1 4,2 4,7,8,9,3 7,3 8,12,1 12,2 12,3 12,4 12,8 9,3 7 8
2 3 4 7 8 9 13,0.0365561,17.6343,Yes,N/A,2,3,4,2 3,2 4,7,8,9,3 7,4 7,3 9,13,3 4 7,2 13,3 13,4 13,2 3 13
2 3 4 7 8 9 12,0.044801,15.662,Yes,N/A,2,3,4,2 3,2 4,7,8,9,3 7,4 7,12,4 9,2 12,3 12,4 12,8 9,2 4 12
1 2 3 4 7 8 9 12 13,0.0410239,17.1296,Yes,N/A,2,3,4,1 4,2 4,7,8,9,1 9,3 8,12,13,1 13,3 12,3 13,4 13,1 4 13
1 2 3 4 7 8 9 11,0.0767124,9.50463,Yes,N/A,2,3,4,1 4,2 4,7,8,9,1 9,11,1 11,2 11,3 11,4 11,7 9,8 9,7 11
2 3 4 7 8 9 11,0.0508438,14.3009,Yes,N/A,2,3,4,2 3,2 4,7,8,9,3 7,11,3 9,2 11,3 11,4 11,7 9,8 9,7 11
1 2 3 4 7 8 9 11 13,0.0462055,15.5324,Yes,N/A,2,3,4,1 4,2 4,7,8,9,1 9,11,1 11,13,1 13,2 13,3 13,4 13,7 11
2 3 4 7 8 9 12 13,0.023302,23.6204,Yes,N/A,2,3,4,2 3,2 4,7,8,9,3 7,4 7,12,13,2 12,2 13,3 13,4 13,2 4 12
1 2 3 4 7 8 9 11 12,0.0546959,13.8519,Yes,N/A,2,3,4,1 4,2 4,7,8,9,3 7,11,12,1 12,3 11,3 12,4 12,8 9,7 11
2 3 4 7 8 9 11 13,0.0257792,22.4306,Yes,N/A,2,3,4,2 3,2 4,7,8,9,3 7,11,3 9,13,3 11,2 13,3 13,4 13,7 11
2 3 4 7 8 9 11 12,0.0319614,20.1944,Yes,N/A,2,3,4,2 3,2 4,7,8,9,3 7,11,12,4 9,3 11,3 12,4 12,8 9,7 11
1 2 3 4 7 8 9 11 12 13,0.0338966,20.1111,Yes,N/A,2,3,4,1 4,2 4,7,8,9,1 9,11,12,13,1 13,3 12,3 13,4 13,7 11
2 3 4 7 8 10 11 12 13,0.0163323,29.0694,Yes,N/A,2,3,4,2 3,2 4,7,8,2 7,10,11,12,13,3 11,3 12,3 13,4 13,7 11
1 2 3 4 7 8 9 10,0.0820841,8.49537,Yes,N/A,2,3,4,2 3,2 4,7,8,9,10,1 10,3 9,3 10,4 10,7 8,7 9,7 10,8 10
2 3 4 7 8 9 10,0.0563637,12.8102,Yes,N/A,2,3,4,2 3,2 4,7,8,9,10,3 8,3 9,3 10,4 10,7 8,7 9,7 10,8 10
1 2 3 4 7 8 9 10 13,0.0515389,14.0324,Yes,N/A,2,3,4,2 3,2 4,7,8,9,10,1 10,3 9,13,1 13,2 13,3 13,7 10,8 10
1 2 3 4 7 8 9 10 12,0.059646,12.5324,Yes,N/A,2,3,4,2 3,2 4,7,8,9,10,1 10,12,1 12,2 12,3 12,7 9,7 10,8 10
2 3 4 7 8 9 10 13,0.0302717,20.338,Yes,N/A,2,3,4,2 3,2 4,7,8,9,10,4 7,3 9,13,4 10,2 13,3 13,4 13,8 10
2 3 4 7 8 9 10 12,0.03617,18.588,Yes,N/A,2,3,4,2 3,2 4,7,8,9,10,4 7,12,3 10,2 12,3 12,4 12,7 10,8 10
1 2 3 4 7 8 9 10 12 13,0.0378468,18.6343,Yes,N/A,2,3,4,2 3,2 4,7,8,9,10,1 10,12,13,1 13,3 12,3 13,4 13,8 10
2 3 4 7 8 9 11 12 13,0.0181131,27.5787,Yes,N/A,2,3,4,2 3,2 4,7,8,9,3 7,11,12,13,3 11,4 11,3 13,4 13,7 11
1 2 3 4 7 8 9 10 11,0.0654429,11.3472,Yes,N/A,2,3,4,2 3,2 4,7,8,9,10,11,1 11,3 10,3 11,4 11,7 9,7 10,7 11
2 3 4 7 8 9 10 11,0.0407623,16.7593,Yes,N/A,2,3,4,2 3,2 4,7,8,9,10,11,3 9,2 11,3 11,4 11,7 9,7 10,7 11
1 2 3 4 7 8 9 10 11 13,0.042617,16.9861,Yes,N/A,2,3,4,2 3,2 4,7,8,9,10,11,1 11,13,1 13,2 13,3 13,4 13,7 11
2 3 4 7 8 9 10 12 13,0.020474,26.1019,Yes,N/A,2,3,4,2 3,2 4,7,8,9,10,3 8,12,13,2 12,2 13,3 13,4 13,8 10
1 2 3 4 7 8 9 10 11 12,0.0492948,15.2963,Yes,N/A,2,3,4,2 3,2 4,7,8,9,10,11,12,1 12,3 11,3 12,4 12,7 10,7 11
2 3 4 7 8 9 10 11 13,0.0231144,24.2037,Yes,N/A,2,3,4,2 3,2 4,7,8,9,10,11,3 9,13,3 11,2 13,3 13,4 13,7 11
2 3 4 7 8 9 10 11 12,0.0275295,22.2361,Yes,N/A,2,3,4,2 3,2 4,7,8,9,10,11,12,2 11,3 11,3 12,4 12,7 10,7 11
1 2 3 4 7 8 9 10 11 12 13,0.0335173,20.7176,Yes,N/A,2,3,4,2 3,2 4,7,8,9,10,11,12,13,1 13,3 12,3 13,4 13,7 11
1 2 3 4 6,0.0882101,4.18056,Yes,N/A,2,3,4,1 4,6,1 6,2 6,3 6,4 6,1 4 6,2 4 6,3 4 6,1 3 4 6,2 3 4 6,1 2 3 4 6,N/A,N/A
2 3 4 6,0.0821789,5.25,Yes,N/A,2,3,4,2 3,6,3 4,2 6,3 6,4 6,2 3 6,2 4 6,3 4 6,N/A,2 3 4 6,N/A,N/A,N/A
1 2 3 4 6 13,0.0470342,11.412,Yes,N/A,2,3,4,1 4,6,3 4,2 6,3 6,4 6,2 3 6,2 4 6,13,1 13,2 13,3 13,4 13,1 4 13
1 2 3 4 6 12,0.0641448,9.21759,Yes,N/A,2,3,4,1 4,6,3 4,2 6,3 6,4 6,1 4 6,12,1 12,2 12,3 12,4 12,1 4 12,6 12
2 3 4 6 13,0.0326143,14.7824,Yes,N/A,2,3,4,2 3,6,3 4,2 6,3 6,4 6,2 3 6,2 4 6,13,N/A,2 13,3 13,4 13,2 3 13
2 3 4 6 12,0.0512894,11.625,Yes,N/A,2,3,4,2 3,6,3 4,2 6,3 6,4 6,2 3 6,12,3 4 6,2 12,3 12,4 12,2 3 12,6 12
1 2 3 4 6 12 13,0.0328778,17.7917,Yes,N/A,2,3,4,1 4,6,3 4,2 6,3 6,4 6,1 4 6,12,13,1 13,2 13,3 13,4 13,6 12
1 2 3 4 6 11,0.0823768,7.06944,Yes,N/A,2,3,4,1 4,6,3 4,2 6,3 6,4 6,11,1 11,2 11,3 11,4 11,1 4 11,6 11,1 6 11
2 3 4 6 11,0.065794,10.0833,Yes,N/A,2,3,4,2 3,6,3 4,2 6,3 6,4 6,11,2 4 6,2 11,3 11,4 11,2 3 11,6 11,3 4 11
1 2 3 4 6 11 13,0.043204,14.6343,Yes,N/A,2,3,4,2 3,6,3 4,2 6,3 6,4 6,11,1 11,13,1 13,2 13,3 13,4 13,1 4 13
2 3 4 6 12 13,0.0212092,20.5972,Yes,N/A,2,3,4,2 3,6,3 4,2 6,3 6,4 6,2 3 6,12,13,2 12,2 13,4 12,4 13,6 12
1 2 3 4 6 11 12,0.0541129,13.1389,Yes,N/A,2,3,4,1 4,6,1 6,2 6,3 6,4 6,11,12,1 12,2 12,3 12,4 12,6 11,6 12
2 3 4 6 11 13,0.0274776,19.338,Yes,N/A,2,3,4,2 3,6,3 4,2 6,3 6,4 6,11,2 4 6,13,3 11,2 13,3 13,4 13,2 3 13
2 3 4 6 11 12,0.0386204,16.3009,Yes,N/A,2,3,4,2 3,6,3 4,2 6,3 6,4 6,11,12,2 11,2 12,3 12,4 12,6 11,6 12
1 2 3 4 6 11 12 13,0.0292902,21.4676,Yes,N/A,2,3,4,1 4,6,3 4,2 6,3 6,4 6,11,12,13,1 13,2 13,3 13,4 13,6 12
1 2 3 4 6 10,0.0972867,5.8287,Yes,N/A,2,3,4,1 4,6,3 4,2 6,3 6,10,1 10,2 10,3 10,4 10,1 4 10,6 10,1 6 10,2 6 10
2 3 4 6 10,0.0791636,9.23611,Yes,N/A,2,3,4,2 3,6,3 4,2 6,3 6,10,2 3 6,2 10,3 10,4 10,2 3 10,6 10,3 4 10,2 6 10
1 2 3 4 6 10 13,0.0503441,12.9861,Yes,N/A,2,3,4,1 4,6,3 4,2 6,3 6,10,1 10,2 10,13,1 13,2 13,3 13,4 13,1 4 13
1 2 3 4 6 10 12,0.0650865,10.6019,Yes,N/A,2,3,4,1 4,6,3 4,2 6,3 6,10,1 10,12,1 12,4 10,3 12,4 12,1 4 12,6 12
2 3 4 6 10 13,0.0308488,18.088,Yes,N/A,2,3,4,2 3,6,3 4,2 6,3 6,10,2 3 6,2 10,13,4 10,2 13,3 13,4 13,2 3 13
2 3 4 6 10 12,0.0392738,16.375,Yes,N/A,2,3,4,2 3,6,3 4,2 6,3 6,10,2 3 6,12,3 10,4 10,3 12,4 12,3 4 10,6 12
1 2 3 4 6 10 12 13,0.0342607,18.3102,Yes,N/A,2,3,4,1 4,6,3 4,2 6,3 6,10,1 10,12,13,1 13,2 13,3 13,4 13,6 12
2 3 4 6 11 12 13,0.0178547,25.2685,Yes,N/A,2,3,4,2 3,6,3 4,2 6,3 6,4 6,11,12,13,2 12,2 13,3 13,4 13,6 12
1 2 3 4 6 10 11,0.0758105,9.42593,Yes,N/A,2,3,4,1 4,6,1 6,2 6,3 6,10,11,1 11,3 10,3 11,4 11,6 10,6 11,3 4 11
2 3 4 6 10 11,0.05394,13.5556,Yes,N/A,2,3,4,2 3,6,3 4,2 6,3 6,10,11,2 10,3 10,4 10,4 11,6 10,6 11,3 4 11
1 2 3 4 6 10 11 13,0.0417215,16.5093,Yes,N/A,2,3,4,1 4,6,3 4,2 6,3 6,10,11,2 10,13,1 13,2 13,3 13,4 13,1 4 13
2 3 4 6 10 12 13,0.0187715,24.8148,Yes,N/A,2,3,4,2 3,6,3 4,2 6,3 6,10,2 3 6,12,13,4 10,2 13,4 12,4 13,6 12
1 2 3 4 6 10 11 12,0.0500655,15.0509,Yes,N/A,2,3,4,1 4,6,1 6,2 6,3 6,10,11,12,1 12,2 12,3 12,4 12,6 11,6 12
2 3 4 6 10 11 13,0.0235357,22.5926,Yes,N/A,2,3,4,2 3,6,3 4,2 6,3 6,10,11,2 10,13,3 11,2 13,3 13,4 13,3 4 11
2 3 4 6 10 11 12,0.0308665,19.8333,Yes,N/A,2,3,4,2 3,6,3 4,2 6,3 6,10,11,12,3 10,4 10,4 11,4 12,6 11,6 12
1 2 3 4 6 10 11 12 13,0.0292256,22.5185,Yes,N/A,2,3,4,1 4,6,3 4,2 6,3 6,10,11,12,13,1 13,2 13,4 12,4 13,6 12
1 2 3 4 6 9,0.104299,5.41204,Yes,N/A,2,3,4,2 3,6,1 6,2 6,9,1 9,2 9,3 9,4 9,1 4 9,6 9,1 6 9,2 6 9,3 6 9
2 3 4 6 9,0.090022,7.95833,Yes,N/A,2,3,4,2 3,6,3 4,2 6,9,4 6,2 9,3 9,4 9,2 3 9,6 9,3 4 9,2 6 9,3 6 9
1 2 3 4 6 9 13,0.0572521,11.662,Yes,N/A,2,3,4,1 4,6,3 4,2 6,9,1 9,2 9,3 9,13,1 13,2 13,3 13,4 13,2 3 13
1 2 3 4 6 9 12,0.0726767,9.49074,Yes,N/A,2,3,4,2 3,6,3 4,2 6,9,1 9,2 9,12,1 12,2 12,3 12,4 12,2 3 12,6 12
2 3 4 6 9 13,0.0367679,16.6852,Yes,N/A,2,3,4,2 3,6,3 4,2 6,9,4 6,2 9,3 9,13,2 3 9,2 13,3 13,4 13,2 3 13
2 3 4 6 9 12,0.0490375,14.3611,Yes,N/A,2,3,4,2 3,6,3 4,2 6,9,4 6,2 9,12,4 9,2 12,3 12,4 12,2 3 12,6 12
1 2 3 4 6 9 12 13,0.0382185,17.162,Yes,N/A,2,3,4,2 3,6,3 4,2 6,9,1 9,2 9,12,13,1 13,2 13,3 13,4 13,6 12
1 2 3 4 6 9 11,0.0836784,8.18056,Yes,N/A,2,3,4,2 3,6,3 4,2 6,9,1 9,11,1 11,2 11,3 11,4 11,2 3 11,6 11,1 6 11
2 3 4 6 9 11,0.0585555,12.9722,Yes,N/A,2,3,4,2 3,6,3 4,2 6,9,4 6,11,3 9,2 11,3 11,4 11,2 3 11,6 11,3 4 11
1 2 3 4 6 9 11 13,0.0458775,15.0139,Yes,N/A,2,3,4,2 3,6,3 4,2 6,9,1 9,11,1 11,13,1 13,2 13,3 13,4 13,2 3 13
2 3 4 6 9 12 13,0.0218856,23.0694,Yes,N/A,2,3,4,2 3,6,3 4,2 6,9,4 6,2 9,12,13,2 12,3 12,3 13,4 13,6 12
1 2 3 4 6 9 11 12,0.0563929,13.2222,Yes,N/A,2,3,4,2 3,6,3 4,2 6,9,1 9,11,12,1 12,3 11,3 12,4 12,6 11,6 12
2 3 4 6 9 11 13,0.0268042,21.7176,Yes,N/A,2,3,4,2 3,6,3 4,2 6,9,4 6,11,3 9,13,3 11,2 13,3 13,4 13,2 3 13
2 3 4 6 9 11 12,0.0336862,19.3704,Yes,N/A,2,3,4,2 3,6,3 4,2 6,9,4 6,11,12,4 9,2 12,3 12,4 12,6 11,6 12
1 2 3 4 6 9 11 12 13,0.0322405,20.5324,Yes,N/A,2,3,4,2 3,6,3 4,2 6,9,1 9,11,12,13,1 13,2 13,3 13,4 13,6 12
2 3 4 6 10 11 12 13,0.0159121,28.2593,Yes,N/A,2,3,4,2 3,6,3 4,2 6,3 6,10,11,12,13,4 10,2 13,4 12,4 13,6 12
1 2 3 4 6 9 10,0.0914579,7.15278,Yes,N/A,2,3,4,1 4,6,1 6,2 6,9,10,1 10,2 10,3 10,4 10,6 9,6 10,1 6 10,2 6 10
2 3 4 6 9 10,0.0627915,11.6852,Yes,N/A,2,3,4,2 3,6,3 4,2 6,9,10,2 9,2 10,4 9,4 10,6 9,6 10,3 4 10,2 6 10
1 2 3 4 6 9 10 13,0.0510184,13.787,Yes,N/A,2,3,4,1 4,6,3 4,2 6,9,10,1 10,3 9,13,1 13,2 13,3 13,4 13,1 4 13
1 2 3 4 6 9 10 12,0.0616239,11.9398,Yes,N/A,2,3,4,1 4,6,3 4,2 6,9,10,1 10,12,1 12,2 12,3 12,4 12,1 4 12,6 12
2 3 4 6 9 10 13,0.027649,20.5602,Yes,N/A,2,3,4,2 3,6,3 4,2 6,9,10,2 9,2 10,13,4 10,2 13,3 13,4 13,2 3 13
2 3 4 6 9 10 12,0.036138,17.8333,Yes,N/A,2,3,4,2 3,6,3 4,2 6,9,10,2 9,12,3 10,2 12,3 12,4 12,3 4 10,6 12
1 2 3 4 6 9 10 12 13,0.0354426,18.8657,Yes,N/A,2,3,4,1 4,6,3 4,2 6,9,10,1 10,12,13,1 13,3 12,3 13,4 13,6 12
2 3 4 6 9 11 12 13,0.0174231,27.7222,Yes,N/A,2,3,4,2 3,6,3 4,2 6,9,4 6,11,12,13,3 11,2 13,3 13,4 13,6 12
1 2 3 4 6 9 10 11,0.0700753,10.6759,Yes,N/A,2,3,4,1 4,6,1 6,2 6,9,10,11,1 11,4 9,3 11,4 11,6 10,6 11,2 6 10
2 3 4 6 9 10 11,0.0445546,15.6435,Yes,N/A,2,3,4,2 3,6,3 4,2 6,9,10,11,2 10,4 9,3 11,4 11,6 10,6 11,3 4 11
1 2 3 4 6 9 10 11 13,0.0413109,17.1806,Yes,N/A,2,3,4,1 4,6,3 4,2 6,9,10,11,1 11,13,1 13,2 13,3 13,4 13,1 4 13
2 3 4 6 9 10 12 13,0.0180598,26.4167,Yes,N/A,2,3,4,2 3,6,3 4,2 6,9,10,2 9,12,13,4 10,3 12,3 13,4 13,6 12
1 2 3 4 6 9 10 11 12,0.0496305,15.3333,Yes,N/A,2,3,4,1 4,6,3 4,2 6,9,10,11,12,1 12,3 11,3 12,4 12,6 11,6 12
2 3 4 6 9 10 11 13,0.0223085,24.0926,Yes,N/A,2,3,4,2 3,6,3 4,2 6,9,10,11,2 10,13,3 11,2 13,3 13,4 13,3 4 11
2 3 4 6 9 10 11 12,0.0284168,21.412,Yes,N/A,2,3,4,2 3,6,3 4,2 6,9,10,11,12,4 9,2 12,3 12,4 12,6 11,6 12
1 2 3 4 6 9 10 11 12 13,0.0310448,21.8843,Yes,N/A,2,3,4,1 4,6,3 4,2 6,9,10,11,12,13,1 13,2 13,3 13,4 13,6 12
1 2 3 4 6 8,0.11485,4.60648,Yes,N/A,2,3,4,2 3,6,1 6,8,3 6,4 6,3 8,4 8,3 4 6,6 8,1 6 8,2 6 8,3 6 8,4 6 8
2 3 4 6 8,0.0970672,7.24074,Yes,N/A,2,3,4,2 3,6,3 4,8,3 6,4 6,3 8,4 8,3 4 6,6 8,3 4 8,2 6 8,3 6 8,4 6 8
1 2 3 4 6 8 13,0.066202,10.0648,Yes,N/A,2,3,4,2 3,6,1 6,8,3 6,4 6,3 8,4 8,13,1 13,2 13,3 13,4 13,2 3 13
1 2 3 4 6 8 12,0.0786551,8.44907,Yes,N/A,2,3,4,2 3,6,1 6,8,1 8,2 8,3 8,12,1 12,2 12,3 12,4 12,2 3 12,6 12
2 3 4 6 8 13,0.0425536,15.4398,Yes,N/A,2,3,4,2 3,6,3 4,8,3 6,4 6,3 8,4 8,13,6 8,2 13,3 13,4 13,2 3 13
2 3 4 6 8 12,0.0517183,13.8611,Yes,N/A,2,3,4,2 3,6,3 4,8,3 6,4 6,3 8,12,3 4 6,2 12,3 12,4 12,2 3 12,6 12
1 2 3 4 6 8 12 13,0.0423685,15.8102,Yes,N/A,2,3,4,2 3,6,1 6,8,1 8,2 8,3 8,12,13,1 13,2 13,3 13,4 13,6 12
1 2 3 4 6 8 11,0.0906578,7.25,Yes,N/A,2,3,4,2 3,6,1 6,8,3 6,2 8,11,1 11,2 11,3 11,4 11,2 3 11,6 11,1 6 11
2 3 4 6 8 11,0.0641496,11.4907,Yes,N/A,2,3,4,2 3,6,3 4,8,3 6,2 8,11,4 8,2 11,6 8,4 11,2 3 11,6 11,3 4 11
1 2 3 4 6 8 11 13,0.0509194,13.7454,Yes,N/A,2,3,4,2 3,6,1 6,8,3 6,2 8,11,1 11,13,1 13,2 13,3 13,4 13,2 3 13
2 3 4 6 8 12 13,0.0256791,21.3056,Yes,N/A,2,3,4,2 3,6,3 4,8,3 6,4 6,3 8,12,13,2 12,2 13,4 12,4 13,6 12
1 2 3 4 6 8 11 12,0.0605066,12.0324,Yes,N/A,2,3,4,2 3,6,1 6,8,1 8,2 8,11,12,1 12,2 12,3 12,4 12,6 11,6 12
2 3 4 6 8 11 13,0.0286699,20.2454,Yes,N/A,2,3,4,2 3,6,3 4,8,3 6,2 8,11,4 8,13,3 11,2 13,3 13,6 11,2 3 13
2 3 4 6 8 11 12,0.0374809,17.2361,Yes,N/A,2,3,4,2 3,6,3 4,8,3 6,2 8,11,12,2 11,2 12,4 11,4 12,6 11,6 12
1 2 3 4 6 8 11 12 13,0.0348942,19.1204,Yes,N/A,2,3,4,2 3,6,1 6,8,1 8,2 8,11,12,13,1 13,2 13,3 13,4 13,6 12
1 2 3 4 6 8 10,0.0966986,6.38426,Yes,N/A,2,3,4,1 4,6,1 6,8,3 6,10,1 10,2 10,3 10,4 10,2 3 10,6 10,1 6 10,8 10
2 3 4 6 8 10,0.062683,11.6944,Yes,N/A,2,3,4,2 3,6,3 4,8,3 6,10,3 8,2 10,3 10,4 10,2 3 10,6 10,3 4 10,8 10
1 2 3 4 6 8 10 13,0.0563247,12.6296,Yes,N/A,2,3,4,2 3,6,1 6,8,3 6,10,1 10,2 10,13,1 13,2 13,3 13,4 13,8 10
1 2 3 4 6 8 10 12,0.064537,11.0509,Yes,N/A,2,3,4,2 3,6,1 6,8,3 6,10,1 10,12,1 12,2 12,3 12,4 12,1 4 12,6 12
2 3 4 6 8 10 13,0.0314028,18.8657,Yes,N/A,2,3,4,2 3,6,3 4,8,3 6,10,3 8,2 10,13,4 10,2 13,6 10,4 13,8 10
2 3 4 6 8 10 12,0.0330014,19.5602,Yes,N/A,2,3,4,2 3,6,3 4,8,3 6,10,3 8,12,3 10,2 12,3 12,4 12,2 3 12,6 12
1 2 3 4 6 8 10 12 13,0.0387642,17.5787,Yes,N/A,2,3,4,2 3,6,3 4,8,3 6,10,1 10,12,13,2 12,2 13,4 12,4 13,6 12
2 3 4 6 8 11 12 13,0.0193713,25.4722,Yes,N/A,2,3,4,2 3,6,3 4,8,3 6,2 8,11,12,13,2 12,2 13,3 13,4 13,6 12
1 2 3 4 6 8 10 11,0.0752338,9.50926,Yes,N/A,2,3,4,2 3,6,1 6,8,1 8,10,11,2 10,2 11,4 10,4 11,6 10,6 11,8 10
2 3 4 6 8 10 11,0.0471828,14.7315,Yes,N/A,2,3,4,2 3,6,3 4,8,3 6,10,11,2 10,2 11,6 8,4 11,6 10,6 11,8 10
1 2 3 4 6 8 10 11 13,0.0451744,15.6296,Yes,N/A,2,3,4,2 3,6,3 4,8,3 6,10,11,1 11,13,1 13,2 13,3 13,4 13,8 10
2 3 4 6 8 10 12 13,0.0192437,25.912,Yes,N/A,2,3,4,2 3,6,3 4,8,3 6,10,3 8,12,13,2 12,2 13,4 12,4 13,6 12
1 2 3 4 6 8 10 11 12,0.0522128,14.1296,Yes,N/A,2,3,4,2 3,6,1 6,8,1 8,10,11,12,1 12,2 12,3 12,4 12,6 11,6 12
2 3 4 6 8 10 11 13,0.0240755,22.7546,Yes,N/A,2,3,4,2 3,6,3 4,8,3 6,10,11,2 10,13,6 8,2 13,6 10,6 11,8 10
2 3 4 6 8 10 11 12,0.0287872,21.125,Yes,N/A,2,3,4,2 3,6,3 4,8,3 6,10,11,12,2 11,2 12,4 11,6 10,6 11,6 12
1 2 3 4 6 8 10 11 12 13,0.0330109,20.4352,Yes,N/A,2,3,4,2 3,6,3 4,8,1 8,10,11,12,13,2 12,2 13,3 13,4 13,6 12
2 3 4 6 9 10 11 12 13,0.0158192,29.4167,Yes,N/A,2,3,4,2 3,6,3 4,2 6,9,10,11,12,13,2 12,2 13,3 13,4 13,6 12
1 2 3 4 6 8 9,0.0999586,5.69444,Yes,N/A,2,3,4,2 3,6,1 6,8,9,1 9,2 9,3 9,4 9,6 8,6 9,1 6 9,8 9,3 6 9
2 3 4 6 8 9,0.075383,9.11111,Yes,N/A,2,3,4,2 3,6,3 4,8,9,4 6,2 9,4 8,4 9,6 8,6 9,2 6 8,8 9,3 6 9
1 2 3 4 6 8 9 13,0.0609652,11.6528,Yes,N/A,2,3,4,2 3,6,1 6,8,9,1 9,2 9,3 9,13,1 13,2 13,3 13,4 13,2 3 13
1 2 3 4 6 8 9 12,0.0719342,9.67593,Yes,N/A,2,3,4,2 3,6,1 6,8,9,1 9,2 9,12,1 12,2 12,3 12,4 12,8 9,6 12
2 3 4 6 8 9 13,0.0368657,16.9213,Yes,N/A,2,3,4,2 3,6,3 4,8,9,4 6,2 9,4 8,13,6 8,2 13,3 13,4 13,2 3 13
2 3 4 6 8 9 12,0.0459495,14.787,Yes,N/A,2,3,4,2 3,6,3 4,8,9,4 6,2 9,12,4 9,2 12,3 12,4 12,8 9,6 12
1 2 3 4 6 8 9 12 13,0.0425982,16.2222,Yes,N/A,2,3,4,2 3,6,1 6,8,9,1 9,3 8,12,13,1 13,2 13,3 13,4 13,6 12
1 2 3 4 6 8 9 11,0.0797299,8.54167,Yes,N/A,2,3,4,2 3,6,1 6,8,9,1 9,11,1 11,2 11,3 11,4 11,2 3 11,6 11,1 6 11
2 3 4 6 8 9 11,0.0510491,13.6898,Yes,N/A,2,3,4,2 3,6,3 4,8,9,2 8,11,3 9,2 11,3 11,6 9,2 3 11,6 11,3 6 9
1 2 3 4 6 8 9 11 13,0.0478342,14.6944,Yes,N/A,2,3,4,2 3,6,1 6,8,9,1 9,11,1 11,13,1 13,2 13,3 13,4 13,2 3 13
2 3 4 6 8 9 12 13,0.0242685,22.3657,Yes,N/A,2,3,4,2 3,6,3 4,8,9,4 6,2 9,12,13,2 12,2 13,3 13,4 13,6 12
1 2 3 4 6 8 9 11 12,0.0566779,12.838,Yes,N/A,2,3,4,2 3,6,1 6,8,9,1 9,11,12,1 12,2 12,3 12,4 12,6 11,6 12
2 3 4 6 8 9 11 13,0.0268023,21.7407,Yes,N/A,2,3,4,2 3,6,3 4,8,9,4 6,11,4 8,13,3 11,2 13,3 13,6 11,2 3 13
2 3 4 6 8 9 11 12,0.0330248,19.0602,Yes,N/A,2,3,4,2 3,6,3 4,8,9,2 8,11,12,2 11,2 12,6 9,4 12,6 11,6 12
1 2 3 4 6 8 9 11 12 13,0.0354657,19.0509,Yes,N/A,2,3,4,2 3,6,1 6,8,9,1 9,11,12,13,1 13,2 13,3 13,4 13,6 12
2 3 4 6 8 10 11 12 13,0.0167449,28.4074,Yes,N/A,2,3,4,2 3,6,3 4,8,3 6,10,11,12,13,2 12,2 13,6 10,4 13,6 12
1 2 3 4 6 8 9 10,0.0858568,7.50463,Yes,N/A,2,3,4,2 3,6,1 6,8,9,10,1 10,2 10,3 10,4 10,6 9,6 10,8 9,8 10
2 3 4 6 8 9 10,0.0569294,12.1852,Yes,N/A,2,3,4,2 3,6,3 4,8,9,10,2 9,2 10,3 10,4 10,6 9,6 10,8 9,8 10
1 2 3 4 6 8 9 10 13,0.0532055,13.3009,Yes,N/A,2,3,4,2 3,6,1 6,8,9,10,1 10,2 10,13,1 13,2 13,3 13,4 13,8 10
1 2 3 4 6 8 9 10 12,0.0619259,11.4815,Yes,N/A,2,3,4,2 3,6,1 6,8,9,10,1 10,12,1 12,2 12,3 12,4 12,8 9,6 12
2 3 4 6 8 9 10 13,0.0295667,19.6204,Yes,N/A,2,3,4,2 3,6,3 4,8,9,10,2 9,2 10,13,4 10,2 13,6 10,4 13,8 10
2 3 4 6 8 9 10 12,0.0349928,18.3611,Yes,N/A,2,3,4,2 3,6,3 4,8,9,10,2 9,12,3 10,2 12,6 9,6 10,8 9,6 12
1 2 3 4 6 8 9 10 12 13,0.0389443,17.6667,Yes,N/A,2,3,4,2 3,6,1 6,8,9,10,1 10,12,13,1 13,2 13,3 13,4 13,6 12
2 3 4 6 8 9 11 12 13,0.019288,26.2593,Yes,N/A,2,3,4,2 3,6,3 4,8,9,4 6,11,12,13,2 12,2 13,3 13,6 11,6 12
1 2 3 4 6 8 9 10 11,0.0692157,10.3102,Yes,N/A,2,3,4,2 3,6,1 6,8,9,10,11,1 11,2 11,3 11,4 11,6 10,6 11,8 10
2 3 4 6 8 9 10 11,0.0423919,16.0694,Yes,N/A,2,3,4,2 3,6,3 4,8,9,10,11,2 10,2 11,6 8,6 9,6 10,6 11,8 10
1 2 3 4 6 8 9 10 11 13,0.0442662,15.9676,Yes,N/A,2,3,4,2 3,6,1 6,8,9,10,11,1 11,13,1 13,2 13,3 13,4 13,8 10
2 3 4 6 8 9 10 12 13,0.0202946,25.2176,Yes,N/A,2,3,4,2 3,6,3 4,8,9,10,2 9,12,13,2 12,2 13,4 12,4 13,6 12
1 2 3 4 6 8 9 10 11 12,0.0517863,14.2222,Yes,N/A,2,3,4,2 3,6,1 6,8,9,10,11,12,1 12,2 12,3 12,4 12,6 11,6 12
2 3 4 6 8 9 10 11 13,0.0236975,23.3611,Yes,N/A,2,3,4,2 3,6,3 4,8,9,10,11,2 10,13,3 11,2 13,6 10,6 11,8 10
2 3 4 6 8 9 10 11 12,0.0287174,21.4074,Yes,N/A,2,3,4,2 3,6,3 4,8,9,10,11,12,2 11,2 12,4 11,6 10,6 11,6 12
1 2 3 4 6 8 9 10 11 12 13,0.0349099,19.5787,Yes,N/A,2,3,4,2 3,6,1 6,8,9,10,11,12,13,1 13,2 13,3 13,4 13,6 12
2 3 4 7 8 9 10 11 12 13,0.0172733,29.0185,Yes,N/A,2,3,4,2 3,2 4,7,8,9,10,11,12,13,3 11,2 13,3 13,4 13,7 11
1 2 3 4 6 7,0.117841,4.80093,Yes,N/A,2,3,4,1 4,6,7,1 7,3 6,3 7,4 7,2 4 6,6 7,1 6 7,2 6 7,3 6 7,4 6 7,1 4 6 7
2 3 4 6 7,0.100532,7.02778,Yes,N/A,2,3,4,2 3,6,7,2 6,2 7,4 6,4 7,2 3 7,6 7,3 4 7,2 6 7,3 6 7,4 6 7,2 3 6 7
1 2 3 4 6 7 13,0.0674997,10.4722,Yes,N/A,2,3,4,1 4,6,7,1 7,3 6,3 7,4 7,2 4 6,13,1 13,2 13,3 13,4 13,1 4 13
1 2 3 4 6 7 12,0.0831252,8.11111,Yes,N/A,2,3,4,1 4,6,7,1 7,2 7,3 7,4 7,12,1 12,2 12,3 12,4 12,1 4 12,6 12
2 3 4 6 7 13,0.041688,15.4491,Yes,N/A,2,3,4,2 3,6,7,2 6,2 7,4 6,4 7,2 4 6,13,3 4 7,2 13,3 13,4 13,2 3 13
2 3 4 6 7 12,0.0559148,12.6667,Yes,N/A,2,3,4,2 3,6,7,2 6,2 7,4 6,4 7,12,6 7,2 12,3 12,4 12,2 3 12,6 12
1 2 3 4 6 7 12 13,0.0455189,15.2222,Yes,N/A,2,3,4,1 4,6,7,1 7,3 6,3 7,4 7,12,13,1 13,2 13,3 13,4 13,6 12
1 2 3 4 6 7 11,0.0927662,7.05093,Yes,N/A,2,3,4,1 4,6,7,1 7,2 7,3 7,11,1 11,2 11,3 11,4 11,1 4 11,6 11,7 11
2 3 4 6 7 11,0.0633466,11.787,Yes,N/A,2,3,4,2 3,6,7,2 6,2 7,4 6,11,2 3 7,2 11,3 11,4 11,2 3 11,6 11,7 11
1 2 3 4 6 7 11 13,0.0515548,13.6528,Yes,N/A,2,3,4,1 4,6,7,1 7,2 7,3 7,11,1 11,13,1 13,2 13,3 13,4 13,7 11
2 3 4 6 7 12 13,0.0268608,20.5231,Yes,N/A,2,3,4,2 3,6,7,2 6,3 6,4 6,4 7,12,13,2 12,2 13,3 13,4 13,6 12
1 2 3 4 6 7 11 12,0.0631248,11.6806,Yes,N/A,2,3,4,1 4,6,7,1 7,2 7,4 6,11,12,1 12,2 12,3 12,4 12,6 11,6 12
2 3 4 6 7 11 13,0.0288452,20.1111,Yes,N/A,2,3,4,2 3,6,7,2 6,2 7,4 6,11,2 4 6,13,3 11,2 13,3 13,4 13,7 11
2 3 4 6 7 11 12,0.0386361,16.8657,Yes,N/A,2,3,4,2 3,6,7,2 6,2 7,4 6,11,12,2 11,3 11,4 11,4 12,6 11,7 11
1 2 3 4 6 7 11 12 13,0.0363071,18.6852,Yes,N/A,2,3,4,1 4,6,7,1 7,2 7,3 7,11,12,13,1 13,2 13,3 13,4 13,6 12
1 2 3 4 6 7 10,0.0990693,6.06944,Yes,N/A,2,3,4,1 4,6,7,1 7,3 6,10,4 7,2 10,3 10,4 10,1 4 10,6 10,7 10,1 7 10
2 3 4 6 7 10,0.0738228,9.84722,Yes,N/A,2,3,4,2 3,6,7,2 6,3 6,10,4 7,2 10,3 10,4 10,2 3 10,6 10,7 10,2 6 10
1 2 3 4 6 7 10 13,0.0583637,12.463,Yes,N/A,2,3,4,1 4,6,7,1 7,3 6,10,4 7,2 10,13,1 13,2 13,3 13,4 13,1 4 13
1 2 3 4 6 7 10 12,0.0678334,10.4722,Yes,N/A,2,3,4,1 4,6,7,1 7,3 6,10,1 10,12,1 12,2 12,3 12,4 12,7 10,6 12
2 3 4 6 7 10 13,0.0333896,18.5833,Yes,N/A,2,3,4,2 3,6,7,2 6,3 6,10,4 7,2 10,13,4 10,2 13,3 13,4 13,2 3 13
2 3 4 6 7 10 12,0.0434513,15.4815,Yes,N/A,2,3,4,2 3,6,7,2 6,3 6,10,4 7,12,3 10,4 10,3 12,4 12,7 10,6 12
1 2 3 4 6 7 10 12 13,0.0399819,17.0648,Yes,N/A,2,3,4,1 4,6,7,1 7,3 6,10,1 10,12,13,1 13,2 13,3 13,4 13,6 12
2 3 4 6 7 11 12 13,0.0200231,24.8843,Yes,N/A,2,3,4,2 3,6,7,2 6,2 7,4 6,11,12,13,3 11,4 11,3 13,4 13,7 11
1 2 3 4 6 7 10 11,0.0774588,9.11574,Yes,N/A,2,3,4,1 4,6,7,1 7,3 6,10,11,1 11,3 10,3 11,4 11,6 10,6 11,7 11
2 3 4 6 7 10 11,0.0466547,14.8657,Yes,N/A,2,3,4,2 3,6,7,2 6,3 6,10,11,2 10,6 7,3 11,4 11,6 10,6 11,7 11
1 2 3 4 6 7 10 11 13,0.0454009,15.6296,Yes,N/A,2,3,4,1 4,6,7,1 7,3 6,10,11,1 11,13,1 13,2 13,3 13,4 13,7 11
2 3 4 6 7 10 12 13,0.0221913,23.588,Yes,N/A,2,3,4,2 3,6,7,2 6,3 6,10,4 7,12,13,4 10,3 12,3 13,4 13,6 12
1 2 3 4 6 7 10 11 12,0.0540128,13.5741,Yes,N/A,2,3,4,1 4,6,7,1 7,3 6,10,11,12,1 12,3 11,3 12,4 12,6 11,6 12
2 3 4 6 7 10 11 13,0.0234273,23.5093,Yes,N/A,2,3,4,2 3,6,7,2 6,3 6,10,11,2 10,13,3 11,4 11,3 13,4 13,7 11
2 3 4 6 7 10 11 12,0.0311194,19.8889,Yes,N/A,2,3,4,2 3,6,7,2 6,3 6,10,11,12,3 10,4 10,3 12,4 12,7 10,7 11
1 2 3 4 6 7 10 11 12 13,0.033823,19.9676,Yes,N/A,2,3,4,1 4,6,7,1 7,3 6,10,11,12,13,1 13,2 13,3 13,4 13,6 12
1 2 3 4 6 7 9,0.101194,5.55093,Yes,N/A,2,3,4,1 4,6,7,1 7,9,3 7,2 9,3 9,4 9,1 4 9,6 9,7 9,1 7 9,3 6 9
2 3 4 6 7 9,0.0772651,9,Yes,N/A,2,3,4,2 3,6,7,2 6,9,3 7,2 9,3 9,4 9,2 3 9,6 9,7 9,4 6 7,2 7 9
1 2 3 4 6 7 9 13,0.0634346,11.2639,Yes,N/A,2,3,4,1 4,6,7,1 7,9,4 6,4 7,3 9,13,1 13,2 13,3 13,4 13,1 4 13
1 2 3 4 6 7 9 12,0.0741304,9.43519,Yes,N/A,2,3,4,2 3,6,7,1 7,9,3 7,2 9,12,1 12,2 12,3 12,4 12,1 4 12,6 12
2 3 4 6 7 9 13,0.0358666,17.3657,Yes,N/A,2,3,4,2 3,6,7,2 6,9,4 6,4 7,3 9,13,3 4 7,2 13,3 13,4 13,2 3 13
2 3 4 6 7 9 12,0.0465228,14.6111,Yes,N/A,2,3,4,2 3,6,7,2 6,9,3 7,2 9,12,4 9,2 12,3 12,4 12,2 3 12,6 12
1 2 3 4 6 7 9 12 13,0.0441441,16.0648,Yes,N/A,2,3,4,1 4,6,7,1 7,9,3 7,4 7,12,13,1 13,2 13,3 13,4 13,6 12
1 2 3 4 6 7 9 11,0.0802287,8.41204,Yes,N/A,2,3,4,1 4,6,7,1 7,9,1 9,11,1 11,2 11,3 11,4 11,7 9,6 11,7 11
2 3 4 6 7 9 11,0.0528999,13.5602,Yes,N/A,2,3,4,2 3,6,7,2 6,9,4 6,11,3 9,4 9,3 11,4 11,7 9,6 11,7 11
1 2 3 4 6 7 9 11 13,0.0500728,14.4213,Yes,N/A,2,3,4,2 3,6,7,1 7,9,4 6,11,3 9,13,1 13,2 13,3 13,4 13,7 11
2 3 4 6 7 9 12 13,0.0235842,22.713,Yes,N/A,2,3,4,2 3,6,7,2 6,9,3 7,2 9,12,13,2 12,2 13,3 13,4 13,6 12
1 2 3 4 6 7 9 11 12,0.0578615,12.5556,Yes,N/A,2,3,4,2 3,6,7,1 7,9,1 9,11,12,1 12,2 12,3 12,4 12,6 11,6 12
2 3 4 6 7 9 11 13,0.0262182,21.9907,Yes,N/A,2,3,4,2 3,6,7,2 6,9,4 6,11,3 9,13,3 11,2 13,7 9,4 13,7 11
2 3 4 6 7 9 11 12,0.0344496,18.7731,Yes,N/A,2,3,4,2 3,6,7,2 6,9,3 7,11,12,4 9,3 11,4 11,4 12,6 11,7 11
1 2 3 4 6 7 9 11 12 13,0.0362429,18.8843,Yes,N/A,2,3,4,2 3,6,7,1 7,9,1 9,11,12,13,1 13,2 13,3 13,4 13,6 12
2 3 4 6 7 10 11 12 13,0.017204,27.8194,Yes,N/A,2,3,4,2 3,6,7,2 6,2 7,10,11,12,13,4 10,3 12,3 13,4 13,7 11
1 2 3 4 6 7 9 10,0.0858022,7.46759,Yes,N/A,2,3,4,1 4,6,7,1 7,9,10,1 10,2 10,3 10,4 10,6 9,6 10,7 10,1 7 10
2 3 4 6 7 9 10,0.0597082,11.9398,Yes,N/A,2,3,4,2 3,6,7,2 6,9,10,4 7,3 9,3 10,4 10,6 9,7 9,7 10,3 6 9
1 2 3 4 6 7 9 10 13,0.054046,13.3519,Yes,N/A,2,3,4,1 4,6,7,1 7,9,10,4 7,3 9,13,1 13,2 13,3 13,4 13,1 4 13
1 2 3 4 6 7 9 10 12,0.0625672,11.338,Yes,N/A,2,3,4,2 3,6,7,1 7,9,10,1 10,12,1 12,2 12,3 12,4 12,7 10,6 12
2 3 4 6 7 9 10 13,0.0300573,20.1204,Yes,N/A,2,3,4,2 3,6,7,2 6,9,10,4 7,3 9,13,4 10,2 13,3 13,4 13,3 6 9
2 3 4 6 7 9 10 12,0.0382433,17.4074,Yes,N/A,2,3,4,2 3,6,7,2 6,9,10,4 7,12,3 10,4 10,3 12,4 12,7 10,6 12
1 2 3 4 6 7 9 10 12 13,0.0399566,17.5926,Yes,N/A,2,3,4,2 3,6,7,1 7,9,10,4 7,12,13,1 13,3 12,3 13,4 13,6 12
2 3 4 6 7 9 11 12 13,0.0188839,26.4398,Yes,N/A,2,3,4,2 3,6,7,2 6,9,3 7,11,12,13,3 11,4 11,3 13,4 13,7 11
1 2 3 4 6 7 9 10 11,0.0700072,10.0833,Yes,N/A,2,3,4,1 4,6,7,1 7,9,10,11,1 11,2 11,3 11,4 11,6 10,6 11,7 11
2 3 4 6 7 9 10 11,0.0433938,15.9352,Yes,N/A,2,3,4,2 3,6,7,2 6,9,10,11,3 9,4 9,3 11,4 11,7 9,7 10,7 11
1 2 3 4 6 7 9 10 11 13,0.0447638,16.0602,Yes,N/A,2,3,4,1 4,6,7,1 7,9,10,11,2 10,13,1 13,2 13,3 13,4 13,7 11
2 3 4 6 7 9 10 12 13,0.0209549,25.2593,Yes,N/A,2,3,4,2 3,6,7,2 6,9,10,4 7,12,13,4 10,3 12,3 13,4 13,6 12
1 2 3 4 6 7 9 10 11 12,0.0523313,13.9444,Yes,N/A,2,3,4,1 4,6,7,1 7,9,10,11,12,1 12,3 11,3 12,4 12,6 11,6 12
2 3 4 6 7 9 10 11 13,0.0230592,23.9676,Yes,N/A,2,3,4,2 3,6,7,2 6,9,10,11,3 9,13,3 11,4 11,3 13,4 13,7 11
2 3 4 6 7 9 10 11 12,0.0297776,20.8935,Yes,N/A,2,3,4,2 3,6,7,2 6,9,10,11,12,4 9,3 11,3 12,4 12,7 10,7 11
1 2 3 4 6 7 9 10 11 12 13,0.0350853,19.4861,Yes,N/A,2,3,4,1 4,6,7,1 7,9,10,11,12,13,1 13,2 13,3 13,4 13,6 12
2 3 4 6 8 9 10 11 12 13,0.0179002,27.8148,Yes,N/A,2,3,4,2 3,6,3 4,8,9,10,11,12,13,2 12,2 13,6 10,6 11,6 12
1 2 3 4 6 7 8,0.103712,4.94444,Yes,N/A,2,3,4,1 4,6,7,8,2 7,2 8,3 8,4 8,6 7,6 8,7 8,3 6 7,3 6 8,3 7 8
2 3 4 6 7 8,0.0847421,7.24537,Yes,N/A,2,3,4,2 3,6,7,8,2 7,4 6,3 8,4 8,6 7,6 8,7 8,3 6 7,4 6 7,4 6 8
1 2 3 4 6 7 8 13,0.0673469,10.3981,Yes,N/A,2,3,4,1 4,6,7,8,3 6,3 7,3 8,4 8,13,1 13,2 13,3 13,4 13,1 4 13
1 2 3 4 6 7 8 12,0.0792273,8.49074,Yes,N/A,2,3,4,1 4,6,7,8,2 7,2 8,3 8,12,1 12,2 12,3 12,4 12,1 4 12,6 12
2 3 4 6 7 8 13,0.0409759,15.3704,Yes,N/A,2,3,4,2 3,6,7,8,2 7,4 6,3 8,4 8,13,6 8,2 13,3 13,4 13,2 3 13
2 3 4 6 7 8 12,0.0521343,12.662,Yes,N/A,2,3,4,2 3,6,7,8,2 7,4 6,3 8,12,6 7,2 12,3 12,4 12,2 3 12,6 12
1 2 3 4 6 7 8 12 13,0.0484488,14.7685,Yes,N/A,2,3,4,1 4,6,7,8,3 6,4 6,3 8,12,13,1 13,2 13,3 13,4 13,6 12
1 2 3 4 6 7 8 11,0.0869502,7.40278,Yes,N/A,2,3,4,1 4,6,7,8,2 7,3 7,11,1 11,2 11,3 11,4 11,1 4 11,6 11,7 11
2 3 4 6 7 8 11,0.0606686,11.5602,Yes,N/A,2,3,4,2 3,6,7,8,2 7,4 6,11,4 8,2 11,3 11,4 11,2 3 11,6 11,7 11
1 2 3 4 6 7 8 11 13,0.0536944,13.3519,Yes,N/A,2,3,4,1 4,6,7,8,2 7,3 7,11,1 11,13,1 13,2 13,3 13,4 13,7 11
2 3 4 6 7 8 12 13,0.0272903,20.375,Yes,N/A,2,3,4,2 3,6,7,8,2 7,4 6,3 8,12,13,2 12,2 13,3 13,4 13,6 12
1 2 3 4 6 7 8 11 12,0.0628157,11.5417,Yes,N/A,2,3,4,1 4,6,7,8,1 8,3 7,11,12,1 12,2 12,3 12,4 12,6 11,6 12
2 3 4 6 7 8 11 13,0.0306814,19.3704,Yes,N/A,2,3,4,2 3,6,7,8,2 7,4 6,11,4 8,13,3 11,2 13,3 13,4 13,7 11
2 3 4 6 7 8 11 12,0.0384541,16.9907,Yes,N/A,2,3,4,2 3,6,7,8,3 6,4 6,11,12,2 11,2 12,3 12,4 12,6 11,6 12
1 2 3 4 6 7 8 11 12 13,0.0394202,17.6435,Yes,N/A,2,3,4,1 4,6,7,8,1 8,3 7,11,12,13,1 13,2 13,3 13,4 13,6 12
1 2 3 4 6 7 8 10,0.0917909,6.47685,Yes,N/A,2,3,4,1 4,6,7,8,1 8,10,1 10,2 10,3 10,4 10,7 8,6 10,7 10,8 10
2 3 4 6 7 8 10,0.0666215,10.2407,Yes,N/A,2,3,4,2 3,6,7,8,2 7,10,3 8,2 10,3 10,4 10,7 8,6 10,7 10,8 10
1 2 3 4 6 7 8 10 13,0.059463,11.9398,Yes,N/A,2,3,4,1 4,6,7,8,3 6,10,4 7,2 10,13,1 13,2 13,3 13,4 13,8 10
1 2 3 4 6 7 8 10 12,0.0682164,10.2083,Yes,N/A,2,3,4,1 4,6,7,8,2 7,10,1 10,12,1 12,2 12,3 12,4 12,7 10,6 12
2 3 4 6 7 8 10 13,0.0340737,17.9676,Yes,N/A,2,3,4,2 3,6,7,8,3 6,10,3 8,2 10,13,4 10,2 13,3 13,4 13,8 10
2 3 4 6 7 8 10 12,0.0411083,16.213,Yes,N/A,2,3,4,2 3,6,7,8,2 7,10,3 8,12,3 10,2 12,3 12,4 12,7 10,6 12
1 2 3 4 6 7 8 10 12 13,0.043312,16.088,Yes,N/A,2,3,4,1 4,6,7,8,3 6,10,1 10,12,13,1 13,2 13,3 13,4 13,6 12
2 3 4 6 7 8 11 12 13,0.0215773,24.0972,Yes,N/A,2,3,4,2 3,6,7,8,2 7,4 6,11,12,13,2 12,2 13,3 13,4 13,6 12
1 2 3 4 6 7 8 10 11,0.0757788,9.17593,Yes,N/A,2,3,4,1 4,6,7,8,2 7,10,11,1 11,2 11,3 11,4 11,6 10,6 11,7 11
2 3 4 6 7 8 10 11,0.0490988,14.1435,Yes,N/A,2,3,4,2 3,6,7,8,3 6,10,11,4 8,2 11,4 10,4 11,6 10,6 11,7 11
1 2 3 4 6 7 8 10 11 13,0.0483841,14.6204,Yes,N/A,2,3,4,1 4,6,7,8,2 7,10,11,1 11,13,1 13,2 13,3 13,4 13,7 11
2 3 4 6 7 8 10 12 13,0.0232516,23.1065,Yes,N/A,2,3,4,2 3,6,7,8,3 6,10,3 8,12,13,4 10,2 13,4 12,4 13,6 12
1 2 3 4 6 7 8 10 11 12,0.0564871,12.9861,Yes,N/A,2,3,4,1 4,6,7,8,2 7,10,11,12,1 12,2 12,3 12,4 12,6 11,6 12
2 3 4 6 7 8 10 11 13,0.0263835,21.7315,Yes,N/A,2,3,4,2 3,6,7,8,2 7,10,11,2 10,13,3 11,2 13,3 13,4 13,7 11
2 3 4 6 7 8 10 11 12,0.0325407,19.25,Yes,N/A,2,3,4,2 3,6,7,8,2 7,10,11,12,2 11,4 10,4 11,4 12,6 11,6 12
1 2 3 4 6 7 8 10 11 12 13,0.0377906,18.1806,Yes,N/A,2,3,4,1 4,6,7,8,2 7,10,11,12,13,1 13,2 13,3 13,4 13,6 12
2 3 4 6 7 9 10 11 12 13,0.0176758,28.2269,Yes,N/A,2,3,4,2 3,6,7,2 6,9,10,11,12,13,3 11,3 12,3 13,4 13,7 11
1 2 3 4 6 7 8 9,0.0958775,5.71759,Yes,N/A,2,3,4,1 4,6,7,8,9,1 9,2 9,3 9,6 7,6 8,6 9,7 9,8 9,2 7 9
2 3 4 6 7 8 9,0.0718744,9.41667,Yes,N/A,2,3,4,2 3,6,7,8,9,3 7,2 9,3 9,6 7,6 8,6 9,7 9,8 9,2 7 9
1 2 3 4 6 7 8 9 13,0.0628061,11.3519,Yes,N/A,2,3,4,1 4,6,7,8,9,3 7,2 9,3 9,13,1 13,2 13,3 13,4 13,1 4 13
1 2 3 4 6 7 8 9 12,0.0730045,9.1713,Yes,N/A,2,3,4,1 4,6,7,8,9,1 9,3 8,12,1 12,2 12,3 12,4 12,8 9,6 12
2 3 4 6 7 8 9 13,0.0375263,17.0972,Yes,N/A,2,3,4,2 3,6,7,8,9,4 6,2 9,3 9,13,6 8,2 13,3 13,4 13,2 3 13
2 3 4 6 7 8 9 12,0.0472015,14.5509,Yes,N/A,2,3,4,2 3,6,7,8,9,4 6,2 9,12,4 9,2 12,3 12,4 12,8 9,6 12
1 2 3 4 6 7 8 9 12 13,0.0461375,15.2731,Yes,N/A,2,3,4,1 4,6,7,8,9,1 9,2 9,12,13,1 13,2 13,3 13,4 13,6 12
1 2 3 4 6 7 8 9 11,0.0802073,8.16667,Yes,N/A,2,3,4,2 3,6,7,8,9,1 9,11,1 11,2 11,3 11,4 11,7 9,6 11,7 11
2 3 4 6 7 8 9 11,0.0540247,13.1435,Yes,N/A,2,3,4,2 3,6,7,8,9,4 6,11,3 9,2 11,3 11,4 11,7 9,6 11,7 11
1 2 3 4 6 7 8 9 11 13,0.0526124,13.6991,Yes,N/A,2,3,4,2 3,6,7,8,9,3 7,11,4 8,13,1 13,2 13,3 13,4 13,7 11
2 3 4 6 7 8 9 12 13,0.0262636,21.6852,Yes,N/A,2,3,4,2 3,6,7,8,9,4 6,2 9,12,13,2 12,2 13,3 13,4 13,6 12
1 2 3 4 6 7 8 9 11 12,0.0600974,11.8519,Yes,N/A,2,3,4,2 3,6,7,8,9,1 9,11,12,1 12,2 12,3 12,4 12,6 11,6 12
2 3 4 6 7 8 9 11 13,0.0290589,20.6852,Yes,N/A,2,3,4,2 3,6,7,8,9,4 6,11,4 8,13,3 11,2 13,3 13,4 13,7 11
2 3 4 6 7 8 9 11 12,0.0363808,17.9213,Yes,N/A,2,3,4,2 3,6,7,8,9,4 6,11,12,4 9,2 12,4 11,4 12,6 11,6 12
1 2 3 4 6 7 8 9 11 12 13,0.0406675,17.0741,Yes,N/A,2,3,4,2 3,6,7,8,9,3 7,11,12,13,1 13,2 13,3 13,4 13,6 12
2 3 4 6 7 8 10 11 12 13,0.0196658,26.0278,Yes,N/A,2,3,4,2 3,6,7,8,2 7,10,11,12,13,4 10,2 13,3 13,4 13,6 12
1 2 3 4 6 7 8 9 10,0.0858487,7.35648,Yes,N/A,2,3,4,1 4,6,7,8,9,10,1 10,2 10,3 10,4 10,6 9,6 10,7 10,8 10
2 3 4 6 7 8 9 10,0.0601024,11.7963,Yes,N/A,2,3,4,2 3,6,7,8,9,10,2 9,2 10,4 9,4 10,6 9,6 10,7 10,8 10
1 2 3 4 6 7 8 9 10 13,0.056927,12.5556,Yes,N/A,2,3,4,1 4,6,7,8,9,10,3 8,2 10,13,1 13,2 13,3 13,4 13,8 10
1 2 3 4 6 7 8 9 10 12,0.0652343,10.7546,Yes,N/A,2,3,4,2 3,6,7,8,9,10,1 10,12,1 12,2 12,3 12,4 12,7 10,6 12
2 3 4 6 7 8 9 10 13,0.0324743,19.0694,Yes,N/A,2,3,4,2 3,6,7,8,9,10,3 8,2 10,13,4 10,2 13,3 13,4 13,8 10
2 3 4 6 7 8 9 10 12,0.0396533,16.7361,Yes,N/A,2,3,4,2 3,6,7,8,9,10,2 9,12,4 9,2 12,3 12,4 12,7 10,6 12
1 2 3 4 6 7 8 9 10 12 13,0.0436439,15.9537,Yes,N/A,2,3,4,2 3,6,7,8,9,10,1 10,12,13,1 13,2 13,3 13,4 13,6 12
2 3 4 6 7 8 9 11 12 13,0.0218985,24.5185,Yes,N/A,2,3,4,2 3,6,7,8,9,4 6,11,12,13,2 12,2 13,3 13,4 13,6 12
1 2 3 4 6 7 8 9 10 11,0.0719736,9.72685,Yes,N/A,2,3,4,2 3,6,7,8,9,10,11,1 11,2 11,3 11,4 11,6 10,6 11,7 11
2 3 4 6 7 8 9 10 11,0.0454476,15.1667,Yes,N/A,2,3,4,2 3,6,7,8,9,10,11,2 10,2 11,3 11,4 11,6 10,6 11,7 11
1 2 3 4 6 7 8 9 10 11 13,0.0491245,14.3657,Yes,N/A,2,3,4,2 3,6,7,8,9,10,11,2 10,13,1 13,2 13,3 13,4 13,7 11
2 3 4 6 7 8 9 10 12 13,0.0236878,23.375,Yes,N/A,2,3,4,2 3,6,7,8,9,10,3 8,12,13,4 10,2 13,3 13,4 13,6 12
1 2 3 4 6 7 8 9 10 11 12,0.0563582,12.5324,Yes,N/A,2,3,4,2 3,6,7,8,9,10,11,12,1 12,2 12,3 12,4 12,6 11,6 12
2 3 4 6 7 8 9 10 11 13,0.0266348,21.8194,Yes,N/A,2,3,4,2 3,6,7,8,9,10,11,2 10,13,3 11,2 13,3 13,4 13,7 11
2 3 4 6 7 8 9 10 11 12,0.0325043,19.2685,Yes,N/A,2,3,4,2 3,6,7,8,9,10,11,12,4 9,2 12,4 11,4 12,6 11,6 12
1 2 3 4 6 7 8 9 10 11 12 13,0.0403617,17.0556,Yes,N/A,2,3,4,2 3,6,7,8,9,10,11,12,13,1 13,2 13,3 13,4 13,6 12
2 3 5 6 7 8 9 10 11 12 13,0.0188719,27.4028,Yes,N/A,2,3,N/A,5,6,7,8,9,10,11,12,13,2 12,2 13,3 13,5 12,5 13
1 2 3 4 5,0.0969946,3.98148,Yes,N/A,2,3,4,5,1 5,2 5,3 5,4 5,1 4 5,2 4 5,3 4 5,1 3 4 5,2 3 4 5,1 2 3 4 5,N/A,N/A,N/A
2 3 4 5,0.0944234,5.5,Yes,N/A,2,3,4,5,2 4,2 5,3 5,4 5,2 3 5,2 4 5,3 4 5,N/A,2 3 4 5,N/A,N/A,N/A,N/A
1 2 3 4 5 13,0.0497519,11.0185,Yes,N/A,2,3,4,5,2 4,3 4,3 5,4 5,2 3 5,2 4 5,3 4 5,13,1 13,2 13,3 13,4 13,5 13
1 2 3 4 5 12,0.0666248,8.90741,Yes,N/A,2,3,4,5,1 5,3 4,3 5,4 5,1 4 5,2 4 5,12,1 12,2 12,3 12,4 12,5 12,1 5 12
2 3 4 5 13,0.0444502,12.9537,Yes,N/A,2,3,4,5,2 4,3 4,3 5,4 5,2 3 5,2 4 5,3 4 5,13,2 3 4 5,2 13,3 13,4 13,5 13
2 3 4 5 12,0.0495144,12.6204,Yes,N/A,2,3,4,5,2 4,2 5,3 5,4 5,2 3 5,2 4 5,12,N/A,2 12,3 12,4 12,5 12,2 4 12
1 2 3 4 5 12 13,0.0338636,17.6713,Yes,N/A,2,3,4,5,2 4,3 4,3 5,4 5,1 4 5,2 4 5,12,13,1 13,3 12,3 13,4 13,5 13
1 2 3 4 5 11,0.0843624,7.02315,Yes,N/A,2,3,4,5,1 5,3 4,3 5,4 5,1 4 5,11,1 11,2 11,3 11,4 11,5 11,1 5 11,2 5 11
2 3 4 5 11,0.0734772,9.59259,Yes,N/A,2,3,4,5,2 4,2 5,3 5,4 5,2 3 5,11,3 4 5,2 11,3 11,4 11,5 11,2 4 11,2 5 11
1 2 3 4 5 11 13,0.0456796,14.3519,Yes,N/A,2,3,4,5,2 4,3 4,3 5,4 5,2 3 5,11,1 11,13,1 13,2 13,3 13,4 13,5 13
2 3 4 5 12 13,0.0238132,19.9954,Yes,N/A,2,3,4,5,2 4,3 4,3 5,4 5,2 3 5,2 4 5,12,13,2 12,3 12,3 13,4 13,5 13
1 2 3 4 5 11 12,0.0559338,12.8796,Yes,N/A,2,3,4,5,1 5,3 4,3 5,4 5,1 4 5,11,12,1 12,2 12,3 12,4 12,5 12,1 5 12
2 3 4 5 11 13,0.0296533,18.7824,Yes,N/A,2,3,4,5,2 4,2 5,3 5,4 5,2 3 5,11,3 4 5,13,3 11,2 13,3 13,4 13,5 13
2 3 4 5 11 12,0.0379318,16.5093,Yes,N/A,2,3,4,5,2 4,3 4,3 5,4 5,2 3 5,11,12,2 11,2 12,3 12,4 12,5 12,2 4 12
1 2 3 4 5 11 12 13,0.0294095,21.5231,Yes,N/A,2,3,4,5,2 4,3 4,3 5,4 5,1 4 5,11,12,13,1 13,2 13,3 13,4 13,5 13
1 2 3 4 5 10,0.101871,5.51852,Yes,N/A,2,3,4,5,2 4,3 4,3 5,4 5,10,1 10,2 10,3 10,4 10,5 10,1 5 10,2 5 10,3 5 10
2 3 4 5 10,0.086275,8.43981,Yes,N/A,2,3,4,5,2 4,2 5,3 5,4 5,10,2 4 5,2 10,3 10,4 10,5 10,2 4 10,2 5 10,3 5 10
1 2 3 4 5 10 13,0.0550485,12.3519,Yes,N/A,2,3,4,5,2 4,3 4,3 5,4 5,10,1 10,2 10,13,1 13,2 13,3 13,4 13,5 13
1 2 3 4 5 10 12,0.0671597,10.412,Yes,N/A,2,3,4,5,2 4,2 5,3 5,4 5,10,1 10,12,1 12,2 12,3 12,4 12,5 12,2 4 12
2 3 4 5 10 13,0.0360266,17.037,Yes,N/A,2,3,4,5,2 4,3 4,3 5,4 5,10,2 4 5,2 10,13,4 10,2 13,3 13,4 13,5 13
2 3 4 5 10 12,0.0457985,15.3241,Yes,N/A,2,3,4,5,2 4,2 5,3 5,4 5,10,2 4 5,12,3 10,2 12,3 12,4 12,5 12,2 4 12
1 2 3 4 5 10 12 13,0.0362327,18.1991,Yes,N/A,2,3,4,5,2 4,3 4,3 5,4 5,10,1 10,12,13,1 13,2 13,3 13,4 13,5 13
2 3 4 5 11 12 13,0.0182371,24.9028,Yes,N/A,2,3,4,5,2 4,3 4,3 5,4 5,2 3 5,11,12,13,2 12,2 13,3 13,4 13,5 13
1 2 3 4 5 10 11,0.0788424,9.25463,Yes,N/A,2,3,4,5,1 5,2 5,3 5,4 5,10,11,1 11,2 11,3 11,4 11,5 11,2 4 11,3 4 11
2 3 4 5 10 11,0.0590913,12.4954,Yes,N/A,2,3,4,5,2 4,3 4,3 5,4 5,10,11,2 10,2 11,3 11,5 10,5 11,2 4 11,2 5 11
1 2 3 4 5 10 11 13,0.0446046,16.3704,Yes,N/A,2,3,4,5,2 4,3 4,3 5,4 5,10,11,2 10,13,1 13,2 13,3 13,4 13,5 13
2 3 4 5 10 12 13,0.0207962,24.1019,Yes,N/A,2,3,4,5,2 4,2 5,3 5,4 5,10,2 4 5,12,13,2 12,2 13,3 13,5 12,5 13
1 2 3 4 5 10 11 12,0.0524825,14.875,Yes,N/A,2,3,4,5,1 5,2 5,3 5,4 5,10,11,12,1 12,2 12,3 12,4 12,5 12,1 5 12
2 3 4 5 10 11 13,0.0275054,21.0602,Yes,N/A,2,3,4,5,2 4,3 4,3 5,4 5,10,11,2 10,13,3 11,2 13,3 13,4 13,5 13
2 3 4 5 10 11 12,0.0338819,19.0463,Yes,N/A,2,3,4,5,2 4,2 5,3 5,4 5,10,11,12,2 11,2 12,3 12,4 12,5 12,2 4 12
1 2 3 4 5 10 11 12 13,0.0305277,22.6898,Yes,N/A,2,3,4,5,2 4,3 4,3 5,4 5,10,11,12,13,1 13,2 13,3 13,4 13,5 13
1 2 3 4 5 9,0.111604,4.93981,Yes,N/A,2,3,4,5,1 5,3 4,3 5,9,1 9,2 9,3 9,4 9,5 9,1 5 9,2 5 9,3 5 9,4 5 9
2 3 4 5 9,0.0955415,7.66667,Yes,N/A,2,3,4,5,2 4,2 5,3 5,9,2 3 5,2 9,3 9,4 9,5 9,2 4 9,2 5 9,3 5 9,4 5 9
1 2 3 4 5 9 13,0.0621637,10.8704,Yes,N/A,2,3,4,5,2 4,3 4,3 5,9,1 9,2 9,3 9,13,1 13,2 13,3 13,4 13,5 13
1 2 3 4 5 9 12,0.0718898,9.48611,Yes,N/A,2,3,4,5,1 5,3 4,3 5,9,1 9,2 9,12,1 12,2 12,3 12,4 12,5 12,1 5 12
2 3 4 5 9 13,0.0378172,16.1574,Yes,N/A,2,3,4,5,2 4,3 4,3 5,9,2 3 5,2 9,3 9,13,5 9,2 13,3 13,4 13,5 13
2 3 4 5 9 12,0.0471592,14.4259,Yes,N/A,2,3,4,5,2 4,3 4,3 5,9,2 3 5,2 9,12,4 9,2 12,3 12,4 12,5 12,2 4 12
1 2 3 4 5 9 12 13,0.0385773,16.8102,Yes,N/A,2,3,4,5,1 5,3 4,3 5,9,1 9,2 9,12,13,1 13,3 12,3 13,4 13,5 13
1 2 3 4 5 9 11,0.0857607,7.66204,Yes,N/A,2,3,4,5,2 4,2 5,3 5,9,1 9,11,1 11,4 9,3 11,4 11,5 11,1 5 11,3 4 11
2 3 4 5 9 11,0.054952,13.0926,Yes,N/A,2,3,4,5,2 4,2 5,3 5,9,2 3 5,11,3 9,2 11,3 11,4 11,5 11,2 4 11,2 5 11
1 2 3 4 5 9 11 13,0.0470542,14.625,Yes,N/A,2,3,4,5,2 4,3 4,3 5,9,1 9,11,1 11,13,1 13,2 13,3 13,4 13,5 13
2 3 4 5 9 12 13,0.0211721,23.0046,Yes,N/A,2,3,4,5,2 4,3 4,3 5,9,2 3 5,2 9,12,13,2 12,2 13,4 12,4 13,5 13
1 2 3 4 5 9 11 12,0.0565284,12.8565,Yes,N/A,2,3,4,5,2 4,3 4,3 5,9,1 9,11,12,1 12,2 12,3 12,4 12,5 12,2 4 12
2 3 4 5 9 11 13,0.0236393,22.3611,Yes,N/A,2,3,4,5,2 4,2 5,3 5,9,2 3 5,11,3 9,13,3 11,4 11,5 11,4 13,5 13
2 3 4 5 9 11 12,0.0324892,19.463,Yes,N/A,2,3,4,5,2 4,2 5,3 5,9,2 3 5,11,12,4 9,2 12,4 11,4 12,5 12,2 4 12
1 2 3 4 5 9 11 12 13,0.0325741,19.8426,Yes,N/A,2,3,4,5,2 4,3 4,3 5,9,1 9,11,12,13,2 12,2 13,3 13,4 13,5 13
2 3 4 5 10 11 12 13,0.0176569,27.3472,Yes,N/A,2,3,4,5,2 4,3 4,3 5,4 5,10,11,12,13,2 12,2 13,3 13,4 13,5 13
1 2 3 4 5 9 10,0.093503,6.80556,Yes,N/A,2,3,4,5,2 4,2 5,3 5,9,10,1 10,3 9,3 10,4 10,5 10,1 5 10,3 4 10,3 5 10
2 3 4 5 9 10,0.0692227,10.4954,Yes,N/A,2,3,4,5,2 4,3 4,3 5,9,10,2 9,3 9,3 10,4 10,5 10,2 4 10,2 5 10,3 5 10
1 2 3 4 5 9 10 13,0.0543863,13.1296,Yes,N/A,2,3,4,5,2 4,3 4,3 5,9,10,1 10,3 9,13,1 13,2 13,3 13,4 13,5 13
1 2 3 4 5 9 10 12,0.0647233,11.2731,Yes,N/A,2,3,4,5,2 4,3 4,3 5,9,10,2 9,12,1 12,2 12,3 12,4 12,5 12,2 4 12
2 3 4 5 9 10 13,0.0330251,18.25,Yes,N/A,2,3,4,5,2 4,3 4,3 5,9,10,2 9,3 9,13,4 10,2 13,3 13,4 13,5 13
2 3 4 5 9 10 12,0.0389547,16.9676,Yes,N/A,2,3,4,5,2 4,2 5,3 5,9,10,2 9,12,3 10,2 12,3 12,4 12,5 12,2 4 12
1 2 3 4 5 9 10 12 13,0.0376492,18.3843,Yes,N/A,2,3,4,5,2 4,3 4,3 5,9,10,2 9,12,13,1 13,2 13,3 13,4 13,5 13
2 3 4 5 9 11 12 13,0.0161497,27.9861,Yes,N/A,2,3,4,5,2 4,2 5,3 5,9,2 3 5,11,12,13,2 12,4 11,4 12,4 13,5 13
1 2 3 4 5 9 10 11,0.0716043,10.2269,Yes,N/A,2,3,4,5,1 5,2 5,3 5,9,10,11,1 11,2 11,3 11,4 11,5 11,2 4 11,2 5 11
2 3 4 5 9 10 11,0.0466985,15,Yes,N/A,2,3,4,5,2 4,2 5,3 5,9,10,11,3 9,2 11,3 11,4 11,5 11,2 4 11,3 4 11
1 2 3 4 5 9 10 11 13,0.0436834,16.5602,Yes,N/A,2,3,4,5,2 4,3 4,3 5,9,10,11,1 11,13,1 13,2 13,3 13,4 13,5 13
2 3 4 5 9 10 12 13,0.020428,24.8333,Yes,N/A,2,3,4,5,2 4,3 4,3 5,9,10,2 9,12,13,4 10,2 13,3 13,4 13,5 13
1 2 3 4 5 9 10 11 12,0.0513069,14.8287,Yes,N/A,2,3,4,5,2 4,3 4,3 5,9,10,11,12,1 12,2 12,3 12,4 12,5 12,3 4 11
2 3 4 5 9 10 11 13,0.0243086,22.9306,Yes,N/A,2,3,4,5,2 4,2 5,3 5,9,10,11,3 9,13,4 10,2 13,3 13,4 13,5 13
2 3 4 5 9 10 11 12,0.029718,20.8796,Yes,N/A,2,3,4,5,2 4,2 5,3 5,9,10,11,12,2 11,2 12,3 12,4 12,5 12,2 4 12
1 2 3 4 5 9 10 11 12 13,0.0324097,21.3843,Yes,N/A,2,3,4,5,2 4,3 4,3 5,9,10,11,12,13,1 13,2 13,3 13,4 13,5 13
1 2 3 4 5 8,0.118524,4.71759,Yes,N/A,2,3,4,5,1 5,3 4,8,4 5,2 8,3 8,4 8,5 8,1 5 8,2 5 8,3 5 8,4 5 8,1 4 5 8
2 3 4 5 8,0.100312,6.85648,Yes,N/A,2,3,4,5,2 4,2 5,8,4 5,2 8,3 8,4 8,5 8,2 4 8,2 5 8,3 5 8,4 5 8,2 3 5 8
1 2 3 4 5 8 13,0.0675481,10.2593,Yes,N/A,2,3,4,5,1 5,2 5,8,1 8,2 8,3 8,4 8,13,1 13,2 13,3 13,4 13,5 13
1 2 3 4 5 8 12,0.0813154,8.4213,Yes,N/A,2,3,4,5,1 5,3 4,8,4 5,2 8,3 8,12,1 12,2 12,3 12,4 12,5 12,1 5 12
2 3 4 5 8 13,0.042902,14.9491,Yes,N/A,2,3,4,5,2 4,2 5,8,4 5,2 8,3 8,4 8,13,2 4 8,2 13,3 13,4 13,5 13
2 3 4 5 8 12,0.0550424,12.7176,Yes,N/A,2,3,4,5,2 4,3 4,8,4 5,2 8,3 8,12,5 8,2 12,3 12,4 12,5 12,2 4 12
1 2 3 4 5 8 12 13,0.0434186,15.75,Yes,N/A,2,3,4,5,1 5,3 4,8,1 8,2 8,3 8,12,13,1 13,2 13,3 13,4 13,5 13
1 2 3 4 5 8 11,0.091792,6.85185,Yes,N/A,2,3,4,5,1 5,3 4,8,1 8,2 8,11,1 11,2 11,3 11,4 11,5 11,1 5 11,3 4 11
2 3 4 5 8 11,0.0644237,11.3333,Yes,N/A,2,3,4,5,2 4,2 5,8,4 5,2 8,11,4 8,2 11,3 11,4 11,5 11,2 4 11,2 5 11
1 2 3 4 5 8 11 13,0.0512922,13.5463,Yes,N/A,2,3,4,5,1 5,3 4,8,1 8,2 8,11,1 11,13,1 13,2 13,3 13,4 13,5 13
2 3 4 5 8 12 13,0.0259412,20.7361,Yes,N/A,2,3,4,5,2 4,3 4,8,4 5,2 8,3 8,12,13,2 12,3 12,3 13,5 12,5 13
1 2 3 4 5 8 11 12,0.0612824,11.8009,Yes,N/A,2,3,4,5,1 5,3 4,8,1 8,2 8,11,12,1 12,3 11,3 12,4 12,5 12,1 5 12
2 3 4 5 8 11 13,0.0300725,19.5648,Yes,N/A,2,3,4,5,2 4,2 5,8,4 5,2 8,11,4 8,13,3 11,2 13,3 13,4 13,5 13
2 3 4 5 8 11 12,0.0375761,17.0231,Yes,N/A,2,3,4,5,2 4,3 4,8,4 5,2 8,11,12,5 8,3 11,3 12,5 11,5 12,3 4 11
1 2 3 4 5 8 11 12 13,0.0353767,18.7639,Yes,N/A,2,3,4,5,1 5,3 4,8,1 8,2 8,11,12,13,1 13,3 12,3 13,4 13,5 13
1 2 3 4 5 8 10,0.0972531,5.99537,Yes,N/A,2,3,4,5,1 5,2 5,8,1 8,10,1 10,2 10,3 10,4 10,5 10,1 5 10,3 4 10,8 10
2 3 4 5 8 10,0.0728427,9.73148,Yes,N/A,2,3,4,5,2 4,2 5,8,4 5,10,3 8,2 10,3 10,4 10,5 10,2 4 10,2 5 10,8 10
1 2 3 4 5 8 10 13,0.0581793,12.1574,Yes,N/A,2,3,4,5,1 5,2 5,8,4 5,10,1 10,2 10,13,1 13,2 13,3 13,4 13,5 13
1 2 3 4 5 8 10 12,0.0680313,10.2269,Yes,N/A,2,3,4,5,1 5,3 4,8,1 8,10,1 10,12,1 12,2 12,3 12,4 12,5 12,8 10
2 3 4 5 8 10 13,0.0341635,18.162,Yes,N/A,2,3,4,5,2 4,2 5,8,4 5,10,3 8,2 10,13,4 10,2 13,3 13,4 13,5 13
2 3 4 5 8 10 12,0.0435377,15.7778,Yes,N/A,2,3,4,5,2 4,2 5,8,4 5,10,3 8,12,3 10,2 12,3 12,4 12,5 12,8 10
1 2 3 4 5 8 10 12 13,0.0397248,17.3009,Yes,N/A,2,3,4,5,1 5,3 4,8,1 8,10,1 10,12,13,1 13,2 13,3 13,4 13,5 13
2 3 4 5 8 11 12 13,0.0197694,24.9028,Yes,N/A,2,3,4,5,2 4,3 4,8,4 5,2 8,11,12,13,3 11,3 12,3 13,5 12,5 13
1 2 3 4 5 8 10 11,0.0767741,8.75463,Yes,N/A,2,3,4,5,1 5,3 4,8,1 8,10,11,1 11,2 11,3 11,4 11,5 11,1 5 11,8 10
2 3 4 5 8 10 11,0.0496505,14.2546,Yes,N/A,2,3,4,5,2 4,2 5,8,4 5,10,11,2 10,3 10,3 11,5 10,5 11,4 5 8,8 10
1 2 3 4 5 8 10 11 13,0.0462437,15.463,Yes,N/A,2,3,4,5,1 5,3 4,8,1 8,10,11,1 11,13,1 13,2 13,3 13,4 13,5 13
2 3 4 5 8 10 12 13,0.0226196,23.9167,Yes,N/A,2,3,4,5,2 4,2 5,8,4 5,10,3 8,12,13,2 12,2 13,3 13,5 12,5 13
1 2 3 4 5 8 10 11 12,0.0545559,13.4769,Yes,N/A,2,3,4,5,1 5,3 4,8,1 8,10,11,12,1 12,2 12,3 12,4 12,5 12,8 10
2 3 4 5 8 10 11 13,0.0256935,22.6019,Yes,N/A,2,3,4,5,2 4,2 5,8,4 5,10,11,2 10,13,3 11,2 13,3 13,4 13,5 13
2 3 4 5 8 10 11 12,0.0325948,19.7731,Yes,N/A,2,3,4,5,2 4,3 4,8,4 5,10,11,12,3 10,2 12,3 12,5 11,5 12,8 10
1 2 3 4 5 8 10 11 12 13,0.0341857,19.963,Yes,N/A,2,3,4,5,1 5,3 4,8,1 8,10,11,12,13,1 13,2 13,3 13,4 13,5 13
2 3 4 5 9 10 11 12 13,0.0171067,28.0417,Yes,N/A,2,3,4,5,2 4,3 4,3 5,9,10,11,12,13,2 12,2 13,4 12,4 13,5 13
1 2 3 4 5 8 9,0.100278,5.30093,Yes,N/A,2,3,4,5,1 5,2 5,8,9,1 9,2 9,3 9,4 9,5 9,1 5 9,3 5 8,8 9,4 5 9
2 3 4 5 8 9,0.0741374,8.76389,Yes,N/A,2,3,4,5,2 4,3 4,8,9,2 8,2 9,3 9,5 8,5 9,2 5 8,2 5 9,8 9,4 5 9
1 2 3 4 5 8 9 13,0.0612991,11.2685,Yes,N/A,2,3,4,5,1 5,2 5,8,9,1 9,2 9,3 9,13,1 13,2 13,3 13,4 13,5 13
1 2 3 4 5 8 9 12,0.0716652,9.48611,Yes,N/A,2,3,4,5,1 5,3 4,8,9,1 9,2 9,12,1 12,2 12,3 12,4 12,5 12,1 5 12
2 3 4 5 8 9 13,0.0354368,16.7685,Yes,N/A,2,3,4,5,2 4,3 4,8,9,2 8,2 9,3 9,13,5 9,2 13,3 13,4 13,5 13
2 3 4 5 8 9 12,0.04314,14.9861,Yes,N/A,2,3,4,5,2 4,3 4,8,9,2 8,3 8,12,4 9,5 9,3 12,4 12,5 12,2 4 12
1 2 3 4 5 8 9 12 13,0.0418019,16.1296,Yes,N/A,2,3,4,5,1 5,3 4,8,9,1 9,3 8,12,13,1 13,3 12,3 13,4 13,5 13
1 2 3 4 5 8 9 11,0.0804023,8.08333,Yes,N/A,2,3,4,5,1 5,3 4,8,9,1 9,11,1 11,2 11,3 11,4 11,5 11,8 9,2 5 11
2 3 4 5 8 9 11,0.0527629,13.0833,Yes,N/A,2,3,4,5,2 4,2 5,8,9,2 8,11,3 9,2 11,3 11,4 11,5 11,8 9,3 4 11
1 2 3 4 5 8 9 11 13,0.0499605,14.088,Yes,N/A,2,3,4,5,1 5,3 4,8,9,2 8,11,3 9,13,1 13,2 13,3 13,4 13,5 13
2 3 4 5 8 9 12 13,0.0222214,22.9259,Yes,N/A,2,3,4,5,2 4,3 4,8,9,2 8,3 8,12,13,5 9,3 12,3 13,5 12,5 13
1 2 3 4 5 8 9 11 12,0.0575126,12.5509,Yes,N/A,2,3,4,5,1 5,3 4,8,9,1 9,11,12,1 12,2 12,3 12,4 12,5 12,1 5 12
2 3 4 5 8 9 11 13,0.0267905,21.25,Yes,N/A,2,3,4,5,2 4,2 5,8,9,2 8,11,3 9,13,3 11,4 11,3 13,4 13,5 13
2 3 4 5 8 9 11 12,0.0330592,19.088,Yes,N/A,2,3,4,5,2 4,3 4,8,9,2 8,11,12,4 9,3 11,3 12,5 11,5 12,3 4 11
1 2 3 4 5 8 9 11 12 13,0.0360233,18.6111,Yes,N/A,2,3,4,5,1 5,3 4,8,9,1 9,11,12,13,1 13,3 12,3 13,4 13,5 13
2 3 4 5 8 10 11 12 13,0.0184158,27.6111,Yes,N/A,2,3,4,5,2 4,2 5,8,4 5,10,11,12,13,2 12,2 13,3 13,5 12,5 13
1 2 3 4 5 8 9 10,0.0866386,6.91667,Yes,N/A,2,3,4,5,1 5,2 5,8,9,10,1 10,3 9,3 10,4 10,5 10,1 5 10,8 9,8 10
2 3 4 5 8 9 10,0.0616728,11.1065,Yes,N/A,2,3,4,5,2 4,2 5,8,9,10,2 9,3 9,3 10,4 10,5 10,2 5 9,8 9,8 10
1 2 3 4 5 8 9 10 13,0.0546468,12.9028,Yes,N/A,2,3,4,5,1 5,3 4,8,9,10,1 10,3 9,13,1 13,2 13,3 13,4 13,5 13
1 2 3 4 5 8 9 10 12,0.0634817,11.0833,Yes,N/A,2,3,4,5,1 5,3 4,8,9,10,1 10,12,1 12,2 12,3 12,4 12,5 12,8 10
2 3 4 5 8 9 10 13,0.0319793,18.9676,Yes,N/A,2,3,4,5,2 4,2 5,8,9,10,2 9,3 9,13,5 9,2 13,3 13,4 13,5 13
2 3 4 5 8 9 10 12,0.0394063,16.6713,Yes,N/A,2,3,4,5,2 4,2 5,8,9,10,2 9,12,3 10,2 12,3 12,4 12,5 12,8 10
1 2 3 4 5 8 9 10 12 13,0.0398166,17.3056,Yes,N/A,2,3,4,5,1 5,3 4,8,9,10,1 10,12,13,1 13,2 13,3 13,4 13,5 13
2 3 4 5 8 9 11 12 13,0.0185541,26.4583,Yes,N/A,2,3,4,5,2 4,3 4,8,9,2 8,11,12,13,3 11,3 12,3 13,5 12,5 13
1 2 3 4 5 8 9 10 11,0.0712134,9.85648,Yes,N/A,2,3,4,5,1 5,2 5,8,9,10,11,1 11,3 10,3 11,4 11,5 11,8 9,8 10
2 3 4 5 8 9 10 11,0.0462895,15.0463,Yes,N/A,2,3,4,5,2 4,2 5,8,9,10,11,3 9,3 10,3 11,5 10,5 11,8 9,8 10
1 2 3 4 5 8 9 10 11 13,0.0461627,15.3935,Yes,N/A,2,3,4,5,1 5,3 4,8,9,10,11,1 11,13,1 13,2 13,3 13,4 13,5 13
2 3 4 5 8 9 10 12 13,0.0218071,24.1389,Yes,N/A,2,3,4,5,2 4,3 4,8,9,10,2 9,12,13,2 12,3 12,3 13,5 12,5 13
1 2 3 4 5 8 9 10 11 12,0.0536965,13.7778,Yes,N/A,2,3,4,5,1 5,3 4,8,9,10,11,12,1 12,2 12,3 12,4 12,5 12,8 10
2 3 4 5 8 9 10 11 13,0.0257697,22.3611,Yes,N/A,2,3,4,5,2 4,2 5,8,9,10,11,3 9,13,3 11,2 13,3 13,4 13,5 13
2 3 4 5 8 9 10 11 12,0.0313421,20.0926,Yes,N/A,2,3,4,5,2 4,3 4,8,9,10,11,12,3 10,3 11,3 12,5 11,5 12,8 10
1 2 3 4 5 8 9 10 11 12 13,0.0361957,19.1574,Yes,N/A,2,3,4,5,1 5,3 4,8,9,10,11,12,13,1 13,2 13,3 13,4 13,5 13
1 2 3 4 5 7,0.119965,4.63889,Yes,N/A,2,3,4,5,2 4,7,3 5,4 5,3 7,4 7,5 7,1 5 7,2 5 7,3 5 7,4 5 7,1 4 5 7,2 4 5 7
2 3 4 5 7,0.100288,6.62037,Yes,N/A,2,3,4,5,2 4,7,3 5,2 7,3 7,4 7,5 7,2 4 7,2 5 7,3 5 7,4 5 7,2 3 5 7,2 4 5 7
1 2 3 4 5 7 13,0.0713454,9.65741,Yes,N/A,2,3,4,5,2 4,7,1 7,4 5,3 7,4 7,5 7,13,1 13,2 13,3 13,4 13,5 13
1 2 3 4 5 7 12,0.087123,7.64352,Yes,N/A,2,3,4,5,1 5,7,3 5,4 5,3 7,4 7,12,1 12,2 12,3 12,4 12,5 12,2 4 12
2 3 4 5 7 13,0.0435265,14.4676,Yes,N/A,2,3,4,5,2 4,7,3 5,4 5,3 7,4 7,5 7,13,3 4 7,2 13,3 13,4 13,5 13
2 3 4 5 7 12,0.0539683,12.7454,Yes,N/A,2,3,4,5,2 4,7,3 5,4 5,3 7,4 7,12,2 4 7,2 12,3 12,4 12,5 12,2 4 12
1 2 3 4 5 7 12 13,0.0472191,14.8148,Yes,N/A,2,3,4,5,2 4,7,1 7,4 5,3 7,4 7,12,13,1 13,2 13,3 13,4 13,5 13
1 2 3 4 5 7 11,0.0940528,6.64815,Yes,N/A,2,3,4,5,2 4,7,1 7,2 7,3 7,11,1 11,2 11,3 11,4 11,5 11,2 4 11,7 11
2 3 4 5 7 11,0.0645086,10.7407,Yes,N/A,2,3,4,5,2 4,7,3 5,4 5,3 7,11,5 7,2 11,3 11,4 11,5 11,2 4 11,7 11
1 2 3 4 5 7 11 13,0.0540019,12.8935,Yes,N/A,2,3,4,5,2 4,7,3 5,2 7,3 7,11,1 11,13,1 13,2 13,3 13,4 13,5 13
2 3 4 5 7 12 13,0.0271122,20.0278,Yes,N/A,2,3,4,5,2 4,7,3 5,4 5,3 7,4 7,12,13,2 12,2 13,4 12,5 12,5 13
1 2 3 4 5 7 11 12,0.0645555,11.1667,Yes,N/A,2,3,4,5,2 4,7,1 7,4 5,3 7,11,12,1 12,2 12,3 12,4 12,5 12,7 11
2 3 4 5 7 11 13,0.0294715,19.4861,Yes,N/A,2,3,4,5,2 4,7,3 5,4 5,3 7,11,5 7,13,3 11,2 13,3 13,4 13,5 13
2 3 4 5 7 11 12,0.0387822,16.6111,Yes,N/A,2,3,4,5,2 4,7,3 5,4 5,3 7,11,12,2 11,2 12,3 12,4 12,5 12,7 11
1 2 3 4 5 7 11 12 13,0.0376529,18.2593,Yes,N/A,2,3,4,5,2 4,7,1 7,4 5,3 7,11,12,13,1 13,2 13,3 13,4 13,5 13
1 2 3 4 5 7 10,0.100388,5.71296,Yes,N/A,2,3,4,5,2 4,7,3 5,2 7,10,1 10,2 10,3 10,4 10,5 10,2 4 10,7 10,3 5 10
2 3 4 5 7 10,0.0718528,9.46296,Yes,N/A,2,3,4,5,2 4,7,3 5,2 7,10,4 7,2 10,3 10,4 10,5 10,2 4 10,7 10,3 5 10
1 2 3 4 5 7 10 13,0.060871,11.662,Yes,N/A,2,3,4,5,2 4,7,3 5,4 5,10,1 10,2 10,13,1 13,2 13,3 13,4 13,5 13
1 2 3 4 5 7 10 12,0.0709171,9.81944,Yes,N/A,2,3,4,5,2 4,7,3 5,2 7,10,1 10,12,1 12,2 12,3 12,4 12,5 12,2 4 12
2 3 4 5 7 10 13,0.0347466,17.287,Yes,N/A,2,3,4,5,2 4,7,3 5,2 7,10,4 7,2 10,13,4 10,2 13,3 13,7 10,5 13
2 3 4 5 7 10 12,0.0416424,16.037,Yes,N/A,2,3,4,5,2 4,7,3 5,2 7,10,4 7,12,3 10,2 12,3 12,4 12,5 12,3 5 10
1 2 3 4 5 7 10 12 13,0.0418555,16.5648,Yes,N/A,2,3,4,5,2 4,7,3 5,2 7,10,1 10,12,13,1 13,2 13,3 13,4 13,5 13
2 3 4 5 7 11 12 13,0.0203052,24.662,Yes,N/A,2,3,4,5,2 4,7,3 5,4 5,3 7,11,12,13,2 12,2 13,4 12,4 13,5 13
1 2 3 4 5 7 10 11,0.0793216,8.58796,Yes,N/A,2,3,4,5,2 4,7,1 7,2 7,10,11,1 11,2 11,3 11,4 11,5 11,7 10,7 11
2 3 4 5 7 10 11,0.0517184,13.1296,Yes,N/A,2,3,4,5,2 4,7,3 5,2 7,10,11,5 7,2 11,3 11,5 10,5 11,7 10,7 11
1 2 3 4 5 7 10 11 13,0.0489055,14.6806,Yes,N/A,2,3,4,5,2 4,7,3 5,2 7,10,11,2 10,13,1 13,2 13,3 13,4 13,5 13
2 3 4 5 7 10 12 13,0.0221659,23.9028,Yes,N/A,2,3,4,5,2 4,7,3 5,2 7,10,4 7,12,13,2 12,2 13,3 13,7 10,5 13
1 2 3 4 5 7 10 11 12,0.0572237,12.9861,Yes,N/A,2,3,4,5,2 4,7,3 5,2 7,10,11,12,1 12,2 12,3 12,4 12,5 12,7 11
2 3 4 5 7 10 11 13,0.0267547,21.0602,Yes,N/A,2,3,4,5,2 4,7,3 5,2 7,10,11,2 10,13,3 11,2 13,3 13,4 13,5 13
2 3 4 5 7 10 11 12,0.0328144,19.1019,Yes,N/A,2,3,4,5,2 4,7,3 5,2 7,10,11,12,2 11,2 12,3 12,4 12,7 10,7 11
1 2 3 4 5 7 10 11 12 13,0.035923,19.3981,Yes,N/A,2,3,4,5,2 4,7,3 5,2 7,10,11,12,13,1 13,2 13,3 13,4 13,5 13
1 2 3 4 5 7 9,0.0996384,5.14815,Yes,N/A,2,3,4,5,2 4,7,1 7,9,1 9,4 7,3 9,4 9,5 9,2 4 9,7 9,3 5 9,4 5 9
2 3 4 5 7 9,0.0700071,8.93981,Yes,N/A,2,3,4,5,2 4,7,3 5,9,3 7,2 9,5 7,4 9,5 9,2 4 9,7 9,3 5 9,2 7 9
1 2 3 4 5 7 9 13,0.0625974,10.7778,Yes,N/A,2,3,4,5,2 4,7,3 5,9,1 9,4 7,3 9,13,1 13,2 13,3 13,4 13,5 13
1 2 3 4 5 7 9 12,0.0749787,8.92593,Yes,N/A,2,3,4,5,2 4,7,3 5,9,1 9,4 7,12,1 12,2 12,3 12,4 12,5 12,2 4 12
2 3 4 5 7 9 13,0.0342544,16.7731,Yes,N/A,2,3,4,5,2 4,7,3 5,9,3 7,2 9,3 9,13,5 9,2 13,7 9,4 13,5 13
2 3 4 5 7 9 12,0.0433079,15.1713,Yes,N/A,2,3,4,5,2 4,7,3 5,9,3 7,2 9,12,4 9,2 12,3 12,4 12,5 12,2 4 12
1 2 3 4 5 7 9 12 13,0.0446867,15.3704,Yes,N/A,2,3,4,5,2 4,7,3 5,9,1 9,4 7,12,13,2 12,2 13,3 13,4 13,5 13
1 2 3 4 5 7 9 11,0.0813493,7.81944,Yes,N/A,2,3,4,5,2 4,7,3 5,9,1 9,11,1 11,2 11,3 11,4 11,5 11,2 4 11,7 11
2 3 4 5 7 9 11,0.0491743,13.9722,Yes,N/A,2,3,4,5,2 4,7,3 5,9,3 7,11,3 9,2 11,5 9,4 11,7 9,2 4 11,7 11
1 2 3 4 5 7 9 11 13,0.0485772,14.125,Yes,N/A,2,3,4,5,2 4,7,3 5,9,1 9,11,1 11,13,1 13,2 13,3 13,4 13,5 13
2 3 4 5 7 9 12 13,0.0231519,22.4815,Yes,N/A,2,3,4,5,2 4,7,3 5,9,3 7,2 9,12,13,2 12,2 13,4 12,5 12,5 13
1 2 3 4 5 7 9 11 12,0.0590127,12.0602,Yes,N/A,2,3,4,5,2 4,7,3 5,9,1 9,11,12,1 12,2 12,3 12,4 12,5 12,7 11
2 3 4 5 7 9 11 13,0.0246941,22.5324,Yes,N/A,2,3,4,5,2 4,7,3 5,9,3 7,11,5 7,13,5 9,2 13,7 9,4 13,5 13
2 3 4 5 7 9 11 12,0.0325778,19.4722,Yes,N/A,2,3,4,5,2 4,7,3 5,9,3 7,11,12,2 11,2 12,4 11,4 12,5 12,7 11
1 2 3 4 5 7 9 11 12 13,0.0369178,18.4537,Yes,N/A,2,3,4,5,2 4,7,3 5,9,1 9,11,12,13,2 12,2 13,3 13,4 13,5 13
2 3 4 5 7 10 11 12 13,0.0186148,26.6296,Yes,N/A,2,3,4,5,2 4,7,3 5,2 7,10,11,12,13,2 12,2 13,4 12,4 13,5 13
1 2 3 4 5 7 9 10,0.0878806,6.74074,Yes,N/A,2,3,4,5,2 4,7,1 7,9,10,1 10,2 10,3 10,4 10,5 10,7 9,7 10,1 7 10
2 3 4 5 7 9 10,0.0605898,11.4074,Yes,N/A,2,3,4,5,2 4,7,3 5,9,10,2 9,2 10,3 10,5 9,5 10,7 9,7 10,2 7 9
1 2 3 4 5 7 9 10 13,0.0573358,12.2593,Yes,N/A,2,3,4,5,2 4,7,3 5,9,10,4 7,2 10,13,1 13,2 13,3 13,4 13,5 13
1 2 3 4 5 7 9 10 12,0.0657055,10.5833,Yes,N/A,2,3,4,5,2 4,7,1 7,9,10,2 9,12,1 12,2 12,3 12,4 12,5 12,2 4 12
2 3 4 5 7 9 10 13,0.0323619,18.8472,Yes,N/A,2,3,4,5,2 4,7,3 5,9,10,4 7,2 10,13,4 10,2 13,3 13,4 13,5 13
2 3 4 5 7 9 10 12,0.0376691,17.875,Yes,N/A,2,3,4,5,2 4,7,3 5,9,10,2 9,12,3 10,2 12,3 12,4 12,5 12,2 4 12
1 2 3 4 5 7 9 10 12 13,0.0419123,16.8056,Yes,N/A,2,3,4,5,2 4,7,3 5,9,10,2 9,12,13,1 13,2 13,3 13,4 13,5 13
2 3 4 5 7 9 11 12 13,0.0182867,27.2176,Yes,N/A,2,3,4,5,2 4,7,3 5,9,3 7,11,12,13,2 12,2 13,4 12,4 13,5 13
1 2 3 4 5 7 9 10 11,0.0728874,9.23611,Yes,N/A,2,3,4,5,2 4,7,1 7,9,10,11,1 11,2 11,3 11,4 11,5 11,7 10,7 11
2 3 4 5 7 9 10 11,0.0453614,15.4167,Yes,N/A,2,3,4,5,2 4,7,3 5,9,10,11,2 10,2 11,3 11,4 11,7 9,7 10,7 11
1 2 3 4 5 7 9 10 11 13,0.0466685,15.162,Yes,N/A,2,3,4,5,2 4,7,1 7,9,10,11,1 11,13,1 13,2 13,3 13,4 13,5 13
2 3 4 5 7 9 10 12 13,0.0220267,24.3704,Yes,N/A,2,3,4,5,2 4,7,3 5,9,10,4 7,12,13,2 12,2 13,4 12,4 13,5 13
1 2 3 4 5 7 9 10 11 12,0.0546694,13.2407,Yes,N/A,2,3,4,5,2 4,7,1 7,9,10,11,12,1 12,2 12,3 12,4 12,5 12,7 11
2 3 4 5 7 9 10 11 13,0.025004,22.8889,Yes,N/A,2,3,4,5,2 4,7,3 5,9,10,11,2 10,13,3 11,2 13,7 9,4 13,7 11
2 3 4 5 7 9 10 11 12,0.0305051,20.8565,Yes,N/A,2,3,4,5,2 4,7,3 5,9,10,11,12,2 11,2 12,3 12,4 12,5 12,7 11
1 2 3 4 5 7 9 10 11 12 13,0.0369652,18.8889,Yes,N/A,2,3,4,5,2 4,7,3 5,9,10,11,12,13,1 13,2 13,3 13,4 13,5 13
2 3 4 5 8 9 10 11 12 13,0.0190787,27.0093,Yes,N/A,2,3,4,5,2 4,3 4,8,9,10,11,12,13,3 11,3 12,3 13,5 12,5 13
1 2 3 4 5 7 8,0.100616,4.68981,Yes,N/A,2,3,4,5,1 5,7,8,1 8,3 7,3 8,5 7,5 8,2 4 8,7 8,3 5 8,4 5 8,3 7 8
2 3 4 5 7 8,0.0808391,7.18519,Yes,N/A,2,3,4,5,2 4,7,8,4 5,3 7,3 8,5 7,5 8,2 4 8,7 8,4 5 7,2 7 8,3 7 8
1 2 3 4 5 7 8 13,0.0665037,9.97222,Yes,N/A,2,3,4,5,1 5,7,8,4 5,3 7,3 8,5 7,13,1 13,2 13,3 13,4 13,5 13
1 2 3 4 5 7 8 12,0.0803098,8.19444,Yes,N/A,2,3,4,5,1 5,7,8,4 5,3 7,3 8,12,1 12,2 12,3 12,4 12,5 12,1 5 12
2 3 4 5 7 8 13,0.0399636,14.9722,Yes,N/A,2,3,4,5,2 4,7,8,4 5,2 8,3 8,5 7,13,2 4 8,2 13,3 13,4 13,5 13
2 3 4 5 7 8 12,0.0518047,12.7778,Yes,N/A,2,3,4,5,2 4,7,8,4 5,3 7,4 7,12,5 8,2 12,3 12,4 12,5 12,2 4 12
1 2 3 4 5 7 8 12 13,0.0477991,14.5741,Yes,N/A,2,3,4,5,1 5,7,8,4 5,2 8,3 8,12,13,1 13,3 12,3 13,4 13,5 13
1 2 3 4 5 7 8 11,0.0867431,7.03704,Yes,N/A,2,3,4,5,1 5,7,8,1 8,3 7,11,1 11,2 11,3 11,4 11,5 11,1 5 11,7 11
2 3 4 5 7 8 11,0.062527,10.8796,Yes,N/A,2,3,4,5,2 4,7,8,4 5,3 7,11,5 7,2 11,3 11,4 11,5 11,2 4 11,7 11
1 2 3 4 5 7 8 11 13,0.054997,12.537,Yes,N/A,2,3,4,5,1 5,7,8,4 5,3 7,11,1 11,13,1 13,2 13,3 13,4 13,5 13
2 3 4 5 7 8 12 13,0.0270182,20.4444,Yes,N/A,2,3,4,5,2 4,7,8,4 5,3 7,3 8,12,13,2 12,2 13,3 13,5 12,5 13
1 2 3 4 5 7 8 11 12,0.064921,11.0694,Yes,N/A,2,3,4,5,1 5,7,8,4 5,3 7,11,12,1 12,3 11,3 12,4 12,5 12,7 11
2 3 4 5 7 8 11 13,0.0316392,18.5833,Yes,N/A,2,3,4,5,2 4,7,8,4 5,2 8,11,5 7,13,3 11,2 13,3 13,4 13,5 13
2 3 4 5 7 8 11 12,0.0399856,16.4861,Yes,N/A,2,3,4,5,2 4,7,8,4 5,3 7,11,12,2 11,2 12,3 12,4 12,5 12,7 11
1 2 3 4 5 7 8 11 12 13,0.0409616,17.2361,Yes,N/A,2,3,4,5,1 5,7,8,4 5,3 7,11,12,13,1 13,2 13,3 13,4 13,5 13
1 2 3 4 5 7 8 10,0.0924773,5.96759,Yes,N/A,2,3,4,5,1 5,7,8,2 7,10,1 10,5 7,3 10,4 10,5 10,1 5 10,7 10,8 10
2 3 4 5 7 8 10,0.0684485,10.1852,Yes,N/A,2,3,4,5,2 4,7,8,2 7,10,3 8,2 10,3 10,4 10,5 10,3 5 8,7 10,8 10
1 2 3 4 5 7 8 10 13,0.0594954,11.4352,Yes,N/A,2,3,4,5,1 5,7,8,4 5,10,1 10,2 10,13,1 13,2 13,3 13,4 13,5 13
1 2 3 4 5 7 8 10 12,0.0697248,9.91667,Yes,N/A,2,3,4,5,1 5,7,8,2 7,10,1 10,12,1 12,2 12,3 12,4 12,5 12,8 10
2 3 4 5 7 8 10 13,0.035379,17.7315,Yes,N/A,2,3,4,5,2 4,7,8,2 7,10,3 8,5 7,13,4 10,2 13,3 13,4 13,5 13
2 3 4 5 7 8 10 12,0.0436681,15.8843,Yes,N/A,2,3,4,5,2 4,7,8,2 7,10,3 8,12,3 10,2 12,3 12,4 12,5 12,8 10
1 2 3 4 5 7 8 10 12 13,0.0447232,15.7037,Yes,N/A,2,3,4,5,1 5,7,8,4 5,10,3 8,12,13,1 13,2 13,3 13,4 13,5 13
2 3 4 5 7 8 11 12 13,0.0221313,23.662,Yes,N/A,2,3,4,5,2 4,7,8,4 5,3 7,11,12,13,2 12,3 12,3 13,5 12,5 13
1 2 3 4 5 7 8 10 11,0.0773981,8.65741,Yes,N/A,2,3,4,5,1 5,7,8,2 7,10,11,1 11,2 11,3 11,4 11,5 11,7 10,7 11
2 3 4 5 7 8 10 11,0.0520065,13.6296,Yes,N/A,2,3,4,5,2 4,7,8,2 7,10,11,5 7,2 11,3 11,5 10,5 11,7 10,7 11
1 2 3 4 5 7 8 10 11 13,0.0497733,14.1713,Yes,N/A,2,3,4,5,1 5,7,8,2 7,10,11,1 11,13,1 13,2 13,3 13,4 13,5 13
2 3 4 5 7 8 10 12 13,0.0242692,23.2593,Yes,N/A,2,3,4,5,2 4,7,8,4 5,10,3 8,12,13,2 12,2 13,3 13,5 12,5 13
1 2 3 4 5 7 8 10 11 12,0.0584265,12.3611,Yes,N/A,2,3,4,5,1 5,7,8,2 7,10,11,12,1 12,3 11,3 12,4 12,5 12,7 11
2 3 4 5 7 8 10 11 13,0.028065,21.2083,Yes,N/A,2,3,4,5,2 4,7,8,2 7,10,11,2 10,13,3 11,2 13,3 13,4 13,5 13
2 3 4 5 7 8 10 11 12,0.0344646,18.8565,Yes,N/A,2,3,4,5,2 4,7,8,2 7,10,11,12,3 10,3 11,3 12,5 11,5 12,7 11
1 2 3 4 5 7 8 10 11 12 13,0.0389942,17.9537,Yes,N/A,2,3,4,5,1 5,7,8,2 7,10,11,12,13,1 13,3 12,3 13,4 13,5 13
2 3 4 5 7 9 10 11 12 13,0.0186632,27.463,Yes,N/A,2,3,4,5,2 4,7,3 5,9,10,11,12,13,2 12,2 13,4 12,4 13,7 11
1 2 3 4 5 7 8 9,0.0975345,5.28704,Yes,N/A,2,3,4,5,1 5,7,8,9,3 7,3 8,3 9,4 9,5 9,7 8,7 9,8 9,1 8 9
2 3 4 5 7 8 9,0.0746722,8.65741,Yes,N/A,2,3,4,5,2 4,7,8,9,3 7,2 9,5 7,4 9,5 9,7 8,7 9,8 9,4 5 9
1 2 3 4 5 7 8 9 13,0.0625974,10.5093,Yes,N/A,2,3,4,5,1 5,7,8,9,1 9,2 9,5 7,13,1 13,2 13,3 13,4 13,5 13
1 2 3 4 5 7 8 9 12,0.0742977,8.91204,Yes,N/A,2,3,4,5,1 5,7,8,9,1 9,4 7,12,1 12,2 12,3 12,4 12,5 12,1 5 12
2 3 4 5 7 8 9 13,0.0389283,16.0185,Yes,N/A,2,3,4,5,2 4,7,8,9,3 7,2 9,5 7,13,5 9,2 13,3 13,4 13,5 13
2 3 4 5 7 8 9 12,0.0472598,14.4398,Yes,N/A,2,3,4,5,2 4,7,8,9,3 7,2 9,12,4 9,2 12,3 12,4 12,5 12,2 4 12
1 2 3 4 5 7 8 9 12 13,0.0460735,14.9815,Yes,N/A,2,3,4,5,1 5,7,8,9,1 9,3 8,12,13,1 13,2 13,3 13,4 13,5 13
1 2 3 4 5 7 8 9 11,0.0818825,7.73148,Yes,N/A,2,3,4,5,1 5,7,8,9,1 9,11,1 11,2 11,3 11,4 11,5 11,8 9,7 11
2 3 4 5 7 8 9 11,0.0564013,12.4491,Yes,N/A,2,3,4,5,2 4,7,8,9,3 7,11,5 7,2 11,3 11,4 11,5 11,8 9,7 11
1 2 3 4 5 7 8 9 11 13,0.0530465,13.1528,Yes,N/A,2,3,4,5,2 4,7,8,9,3 7,11,1 11,13,1 13,2 13,3 13,4 13,5 13
2 3 4 5 7 8 9 12 13,0.026157,21.6944,Yes,N/A,2,3,4,5,2 4,7,8,9,3 7,4 7,12,13,5 9,3 12,3 13,5 12,5 13
1 2 3 4 5 7 8 9 11 12,0.06216,11.3889,Yes,N/A,2,3,4,5,1 5,7,8,9,3 7,11,12,1 12,2 12,3 12,4 12,5 12,7 11
2 3 4 5 7 8 9 11 13,0.0306901,19.9352,Yes,N/A,2,3,4,5,2 4,7,8,9,3 7,11,5 7,13,3 11,2 13,3 13,4 13,5 13
2 3 4 5 7 8 9 11 12,0.0369894,17.8935,Yes,N/A,2,3,4,5,2 4,7,8,9,3 7,11,12,2 11,2 12,3 12,5 11,5 12,7 11
1 2 3 4 5 7 8 9 11 12 13,0.0406662,16.9907,Yes,N/A,2,3,4,5,1 5,7,8,9,1 9,11,12,13,1 13,2 13,3 13,4 13,5 13
2 3 4 5 7 8 10 11 12 13,0.020652,25.838,Yes,N/A,2,3,4,5,2 4,7,8,2 7,10,11,12,13,2 12,3 12,3 13,5 12,5 13
1 2 3 4 5 7 8 9 10,0.0880335,6.68056,Yes,N/A,2,3,4,5,1 5,7,8,9,10,1 10,2 10,3 10,4 10,5 10,7 9,7 10,8 10
2 3 4 5 7 8 9 10,0.0632116,11.2083,Yes,N/A,2,3,4,5,2 4,7,8,9,10,2 9,3 9,3 10,5 9,5 10,7 9,7 10,8 10
1 2 3 4 5 7 8 9 10 13,0.0588576,11.8333,Yes,N/A,2,3,4,5,1 5,7,8,9,10,4 7,3 9,13,1 13,2 13,3 13,4 13,5 13
1 2 3 4 5 7 8 9 10 12,0.0669713,10.2083,Yes,N/A,2,3,4,5,1 5,7,8,9,10,1 10,12,1 12,2 12,3 12,4 12,5 12,8 10
2 3 4 5 7 8 9 10 13,0.0351744,18.1713,Yes,N/A,2,3,4,5,2 4,7,8,9,10,2 9,5 7,13,5 9,2 13,3 13,4 13,5 13
2 3 4 5 7 8 9 10 12,0.0414002,16.4722,Yes,N/A,2,3,4,5,2 4,7,8,9,10,4 7,12,3 10,2 12,3 12,7 9,5 12,8 10
1 2 3 4 5 7 8 9 10 12 13,0.044685,15.5046,Yes,N/A,2,3,4,5,2 4,7,8,9,10,1 10,12,13,1 13,2 13,3 13,4 13,5 13
2 3 4 5 7 8 9 11 12 13,0.021949,24.4352,Yes,N/A,2,3,4,5,2 4,7,8,9,3 7,11,12,13,3 11,3 12,3 13,5 12,5 13
1 2 3 4 5 7 8 9 10 11,0.0741858,8.96759,Yes,N/A,2,3,4,5,1 5,7,8,9,10,11,1 11,2 11,3 11,4 11,5 11,7 10,7 11
2 3 4 5 7 8 9 10 11,0.0483885,14.3889,Yes,N/A,2,3,4,5,2 4,7,8,9,10,11,3 9,2 11,3 11,5 10,5 11,7 10,7 11
1 2 3 4 5 7 8 9 10 11 13,0.0509535,13.8148,Yes,N/A,2,3,4,5,2 4,7,8,9,10,11,3 9,13,1 13,2 13,3 13,4 13,5 13
2 3 4 5 7 8 9 10 12 13,0.0249347,23.1574,Yes,N/A,2,3,4,5,2 4,7,8,9,10,4 7,12,13,2 12,3 12,3 13,5 12,5 13
1 2 3 4 5 7 8 9 10 11 12,0.0583587,12.1481,Yes,N/A,2,3,4,5,2 4,7,8,9,10,11,12,1 12,2 12,3 12,4 12,5 12,7 11
2 3 4 5 7 8 9 10 11 13,0.0287499,21.0324,Yes,N/A,2,3,4,5,2 4,7,8,9,10,11,3 9,13,3 11,2 13,3 13,4 13,5 13
2 3 4 5 7 8 9 10 11 12,0.0340528,18.9352,Yes,N/A,2,3,4,5,2 4,7,8,9,10,11,12,2 11,3 11,3 12,5 11,5 12,7 11
1 2 3 4 5 7 8 9 10 11 12 13,0.0414074,16.5509,Yes,N/A,2,3,4,5,2 4,7,8,9,10,11,12,13,1 13,3 12,3 13,4 13,5 13
2 3 4 6 7 8 9 10 11 12 13,0.0211812,25.2269,Yes,N/A,2,3,4,2 3,6,7,8,9,10,11,12,13,4 10,2 13,3 13,4 13,6 12
1 2 3 4 5 6,0.115321,4.79167,Yes,N/A,2,3,4,5,6,1 6,3 5,3 6,4 6,5 6,1 5 6,2 5 6,3 5 6,4 5 6,1 4 5 6,2 4 5 6,3 4 5 6
2 3 4 5 6,0.0958897,6.08333,Yes,N/A,2,3,4,5,6,2 5,2 6,3 6,4 6,5 6,3 4 5,2 5 6,3 5 6,4 5 6,2 3 5 6,2 4 5 6,3 4 5 6
1 2 3 4 5 6 13,0.0702706,9.80093,Yes,N/A,2,3,4,5,6,1 6,3 5,3 6,4 6,5 6,3 4 5,13,1 13,2 13,3 13,4 13,5 13
1 2 3 4 5 6 12,0.0880849,7.40741,Yes,N/A,2,3,4,5,6,2 5,3 5,3 6,4 6,5 6,12,1 12,2 12,3 12,4 12,5 12,6 12
2 3 4 5 6 13,0.0413484,14.2778,Yes,N/A,2,3,4,5,6,2 5,2 6,3 6,4 6,5 6,2 4 6,13,3 5 6,2 13,3 13,4 13,5 13
2 3 4 5 6 12,0.0541337,11.8843,Yes,N/A,2,3,4,5,6,2 5,2 6,3 6,4 6,5 6,12,2 5 6,2 12,3 12,4 12,5 12,6 12
1 2 3 4 5 6 12 13,0.048037,14.5278,Yes,N/A,2,3,4,5,6,1 6,3 5,4 5,4 6,5 6,12,13,1 13,2 13,3 13,4 13,5 13
1 2 3 4 5 6 11,0.0955971,6.06019,Yes,N/A,2,3,4,5,6,1 6,2 6,4 5,4 6,11,1 11,2 11,3 11,4 11,5 11,6 11,1 6 11
2 3 4 5 6 11,0.0661568,9.99537,Yes,N/A,2,3,4,5,6,2 5,2 6,4 5,4 6,11,2 4 6,2 11,3 11,4 11,5 11,6 11,2 5 11
1 2 3 4 5 6 11 13,0.0557869,12.5,Yes,N/A,2,3,4,5,6,2 5,2 6,3 6,4 6,11,1 11,13,1 13,2 13,3 13,4 13,5 13
2 3 4 5 6 12 13,0.0275789,19.2685,Yes,N/A,2,3,4,5,6,2 5,3 5,4 5,4 6,5 6,12,13,2 12,2 13,3 13,4 13,5 13
1 2 3 4 5 6 11 12,0.0673447,10.6713,Yes,N/A,2,3,4,5,6,2 5,2 6,3 6,4 6,11,12,1 12,2 12,3 12,4 12,5 12,6 12
2 3 4 5 6 11 13,0.0300512,18.7315,Yes,N/A,2,3,4,5,6,2 5,2 6,4 5,4 6,11,2 4 6,13,3 11,2 13,3 13,6 11,5 13
2 3 4 5 6 11 12,0.0418904,14.8565,Yes,N/A,2,3,4,5,6,2 5,3 5,4 5,4 6,11,12,2 11,2 12,3 12,5 11,5 12,6 12
1 2 3 4 5 6 11 12 13,0.039235,17.625,Yes,N/A,2,3,4,5,6,1 6,3 5,3 6,4 6,11,12,13,1 13,2 13,3 13,4 13,5 13
1 2 3 4 5 6 10,0.0992116,5.26852,Yes,N/A,2,3,4,5,6,1 6,2 6,4 5,10,1 10,2 10,3 10,4 10,5 10,6 10,1 6 10,3 5 10
2 3 4 5 6 10,0.0791984,7.81944,Yes,N/A,2,3,4,5,6,3 4,2 6,4 5,10,5 6,2 10,3 10,4 10,5 10,6 10,2 5 10,2 6 10
1 2 3 4 5 6 10 13,0.0618207,11.2222,Yes,N/A,2,3,4,5,6,3 4,3 5,3 6,10,5 6,2 10,13,1 13,2 13,3 13,4 13,5 13
1 2 3 4 5 6 10 12,0.0729514,9.20833,Yes,N/A,2,3,4,5,6,2 5,2 6,3 6,10,1 10,12,1 12,2 12,3 12,4 12,5 12,6 12
2 3 4 5 6 10 13,0.0370896,16,Yes,N/A,2,3,4,5,6,3 4,2 6,3 6,10,5 6,2 10,13,4 10,2 13,3 13,4 13,5 13
2 3 4 5 6 10 12,0.0474191,13.7917,Yes,N/A,2,3,4,5,6,3 4,2 6,4 5,10,5 6,12,3 10,2 12,3 12,4 12,5 12,6 12
1 2 3 4 5 6 10 12 13,0.0431524,15.9722,Yes,N/A,2,3,4,5,6,2 5,2 6,3 6,10,1 10,12,13,1 13,2 13,3 13,4 13,5 13
2 3 4 5 6 11 12 13,0.0215595,23.1435,Yes,N/A,2,3,4,5,6,2 5,2 6,4 5,4 6,11,12,13,2 12,2 13,3 13,4 13,5 13
1 2 3 4 5 6 10 11,0.0822625,7.97222,Yes,N/A,2,3,4,5,6,1 6,2 6,4 5,10,11,1 11,2 11,3 11,4 11,5 11,6 11,1 6 11
2 3 4 5 6 10 11,0.0568774,11.8519,Yes,N/A,2,3,4,5,6,2 5,2 6,4 5,10,11,2 10,2 11,3 11,4 11,5 11,6 11,3 4 11
1 2 3 4 5 6 10 11 13,0.0507145,14.0556,Yes,N/A,2,3,4,5,6,1 6,2 6,4 5,10,11,2 10,13,1 13,2 13,3 13,4 13,5 13
2 3 4 5 6 10 12 13,0.0243444,22.0463,Yes,N/A,2,3,4,5,6,3 4,2 6,4 5,10,5 6,12,13,2 12,2 13,3 13,4 13,5 13
1 2 3 4 5 6 10 11 12,0.0594812,12.3519,Yes,N/A,2,3,4,5,6,1 6,2 6,4 5,10,11,12,1 12,2 12,4 11,4 12,5 12,6 12
2 3 4 5 6 10 11 13,0.0281077,19.9954,Yes,N/A,2,3,4,5,6,3 4,2 6,3 6,10,11,2 10,13,3 11,2 13,3 13,4 13,5 13
2 3 4 5 6 10 11 12,0.0363951,17.2222,Yes,N/A,2,3,4,5,6,2 5,2 6,4 5,10,11,12,2 11,2 12,3 12,4 12,5 12,6 12
1 2 3 4 5 6 10 11 12 13,0.0374281,18.8148,Yes,N/A,2,3,4,5,6,1 6,2 6,4 5,10,11,12,13,1 13,2 13,3 13,4 13,5 13
1 2 3 4 5 6 9,0.100764,4.68519,Yes,N/A,2,3,4,5,6,1 6,3 5,9,4 6,2 9,3 9,4 9,5 9,6 9,1 6 9,3 5 9,3 6 9
2 3 4 5 6 9,0.082498,7.26852,Yes,N/A,2,3,4,5,6,2 5,3 5,9,4 6,2 9,3 9,4 9,5 9,6 9,2 5 9,2 6 9,3 6 9
1 2 3 4 5 6 9 13,0.065354,10.2454,Yes,N/A,2,3,4,5,6,3 4,3 5,9,4 6,5 6,3 9,13,1 13,2 13,3 13,4 13,5 13
1 2 3 4 5 6 9 12,0.0789917,8.2037,Yes,N/A,2,3,4,5,6,3 4,3 5,9,4 6,5 6,12,1 12,2 12,3 12,4 12,5 12,6 12
2 3 4 5 6 9 13,0.0399279,14.8009,Yes,N/A,2,3,4,5,6,3 4,3 5,9,4 6,2 9,3 9,13,5 9,2 13,3 13,4 13,5 13
2 3 4 5 6 9 12,0.051745,12.7269,Yes,N/A,2,3,4,5,6,3 4,3 5,9,4 6,2 9,12,4 9,2 12,3 12,4 12,5 12,6 12
1 2 3 4 5 6 9 12 13,0.0473826,14.7269,Yes,N/A,2,3,4,5,6,3 4,3 5,9,4 6,2 9,12,13,1 13,2 13,3 13,4 13,5 13
1 2 3 4 5 6 9 11,0.0848655,7.2037,Yes,N/A,2,3,4,5,6,2 5,2 6,9,1 9,11,1 11,2 11,3 11,4 11,5 11,6 11,1 6 11
2 3 4 5 6 9 11,0.0596099,11.3657,Yes,N/A,2,3,4,5,6,2 5,2 6,9,4 6,11,3 9,2 11,3 11,4 11,5 11,6 11,2 5 11
1 2 3 4 5 6 9 11 13,0.0532012,13.0833,Yes,N/A,2,3,4,5,6,2 5,2 6,9,4 6,11,1 11,13,1 13,2 13,3 13,4 13,5 13
2 3 4 5 6 9 12 13,0.0268571,20.1944,Yes,N/A,2,3,4,5,6,3 4,3 5,9,4 6,2 9,12,13,2 12,2 13,3 13,4 13,5 13
1 2 3 4 5 6 9 11 12,0.0626314,11.2778,Yes,N/A,2,3,4,5,6,2 5,3 5,9,1 9,11,12,1 12,2 12,3 12,4 12,5 12,6 12
2 3 4 5 6 9 11 13,0.0294301,19.5,Yes,N/A,2,3,4,5,6,2 5,2 6,9,4 6,11,3 9,13,3 11,2 13,3 13,4 13,5 13
2 3 4 5 6 9 11 12,0.0385162,16.7917,Yes,N/A,2,3,4,5,6,2 5,3 5,9,4 6,11,12,2 11,2 12,3 12,5 11,5 12,6 12
1 2 3 4 5 6 9 11 12 13,0.039879,17.4861,Yes,N/A,2,3,4,5,6,2 5,3 5,9,4 6,11,12,13,1 13,2 13,3 13,4 13,5 13
2 3 4 5 6 10 11 12 13,0.0202422,24.9537,Yes,N/A,2,3,4,5,6,2 5,2 6,4 5,10,11,12,13,3 11,2 13,3 13,4 13,5 13
1 2 3 4 5 6 9 10,0.0916139,6.22685,Yes,N/A,2,3,4,5,6,1 6,3 5,9,10,1 10,2 10,3 10,4 10,5 10,6 10,1 6 10,3 5 10
2 3 4 5 6 9 10,0.0692037,9.74074,Yes,N/A,2,3,4,5,6,3 4,3 5,9,10,2 9,2 10,3 10,4 10,5 10,6 10,2 6 9,4 5 9
1 2 3 4 5 6 9 10 13,0.0576578,12.0324,Yes,N/A,2,3,4,5,6,1 6,3 5,9,10,1 10,2 10,13,1 13,2 13,3 13,4 13,5 13
1 2 3 4 5 6 9 10 12,0.0690553,10.0139,Yes,N/A,2,3,4,5,6,3 4,3 5,9,10,1 10,12,1 12,2 12,3 12,4 12,5 12,6 12
2 3 4 5 6 9 10 13,0.0349604,17.2824,Yes,N/A,2,3,4,5,6,3 4,3 5,9,10,2 9,2 10,13,4 10,2 13,3 13,4 13,5 13
2 3 4 5 6 9 10 12,0.0441016,15.1481,Yes,N/A,2,3,4,5,6,3 4,3 5,9,10,2 9,12,3 10,2 12,3 12,4 12,5 12,6 12
1 2 3 4 5 6 9 10 12 13,0.0433304,16.0324,Yes,N/A,2,3,4,5,6,3 4,3 5,9,10,1 10,12,13,1 13,2 13,3 13,4 13,5 13
2 3 4 5 6 9 11 12 13,0.0212811,24.4907,Yes,N/A,2,3,4,5,6,2 5,3 5,9,4 6,11,12,13,2 12,2 13,3 13,4 13,5 13
1 2 3 4 5 6 9 10 11,0.0759565,8.81019,Yes,N/A,2,3,4,5,6,1 6,3 5,9,10,11,1 11,2 11,3 11,4 11,5 11,6 11,1 6 11
2 3 4 5 6 9 10 11,0.0505819,13.6111,Yes,N/A,2,3,4,5,6,3 4,2 6,9,10,11,2 10,2 11,3 11,4 11,5 11,6 11,3 4 11
1 2 3 4 5 6 9 10 11 13,0.0485433,14.6343,Yes,N/A,2,3,4,5,6,1 6,2 6,9,10,11,1 11,13,1 13,2 13,3 13,4 13,5 13
2 3 4 5 6 9 10 12 13,0.0242225,22.6157,Yes,N/A,2,3,4,5,6,3 4,3 5,9,10,2 9,12,13,2 12,2 13,3 13,4 13,5 13
1 2 3 4 5 6 9 10 11 12,0.0569885,12.7407,Yes,N/A,2,3,4,5,6,1 6,2 6,9,10,11,12,1 12,2 12,3 12,4 12,5 12,6 12
2 3 4 5 6 9 10 11 13,0.0271946,20.9769,Yes,N/A,2,3,4,5,6,3 4,2 6,9,10,11,2 10,13,3 11,2 13,3 13,4 13,5 13
2 3 4 5 6 9 10 11 12,0.0341616,18.4907,Yes,N/A,2,3,4,5,6,3 4,2 6,9,10,11,12,2 11,3 11,3 12,4 12,5 12,6 12
1 2 3 4 5 6 9 10 11 12 13,0.0384695,18.1898,Yes,N/A,2,3,4,5,6,3 4,3 5,9,10,11,12,13,1 13,2 13,3 13,4 13,5 13
1 2 3 4 5 6 8,0.101473,4.33333,Yes,N/A,2,3,4,5,6,1 6,8,3 6,2 8,3 8,4 8,5 8,6 8,4 5 6,3 5 8,3 6 8,4 6 8
2 3 4 5 6 8,0.0875723,6.14815,Yes,N/A,2,3,4,5,6,2 5,8,3 6,2 8,5 6,4 8,5 8,6 8,4 5 6,2 6 8,3 6 8,4 6 8
1 2 3 4 5 6 8 13,0.0656363,9.65741,Yes,N/A,2,3,4,5,6,1 6,8,3 6,4 6,5 6,4 8,13,1 13,2 13,3 13,4 13,5 13
1 2 3 4 5 6 8 12,0.0821135,7.64352,Yes,N/A,2,3,4,5,6,2 5,8,3 6,4 6,3 8,12,1 12,2 12,3 12,4 12,5 12,6 12
2 3 4 5 6 8 13,0.0433618,13.5741,Yes,N/A,2,3,4,5,6,2 5,8,3 6,2 8,5 6,4 8,13,6 8,2 13,3 13,4 13,5 13
2 3 4 5 6 8 12,0.0558231,11.2685,Yes,N/A,2,3,4,5,6,2 5,8,3 6,2 8,5 6,12,5 8,2 12,3 12,4 12,5 12,6 12
1 2 3 4 5 6 8 12 13,0.0486254,14.0278,Yes,N/A,2,3,4,5,6,1 6,8,4 5,2 8,5 6,12,13,1 13,2 13,3 13,4 13,5 13
1 2 3 4 5 6 8 11,0.0895821,6.61574,Yes,N/A,2,3,4,5,6,2 5,8,1 8,2 8,11,1 11,2 11,3 11,4 11,5 11,6 11,1 6 11
2 3 4 5 6 8 11,0.0645046,10.3843,Yes,N/A,2,3,4,5,6,2 5,8,3 6,2 8,11,4 8,2 11,3 11,4 11,5 11,6 11,2 5 11
1 2 3 4 5 6 8 11 13,0.0562044,11.9583,Yes,N/A,2,3,4,5,6,2 5,8,3 6,2 8,11,1 11,13,1 13,2 13,3 13,4 13,5 13
2 3 4 5 6 8 12 13,0.0288843,18.7315,Yes,N/A,2,3,4,5,6,2 5,8,3 6,2 8,3 8,12,13,2 12,2 13,3 13,4 13,5 13
1 2 3 4 5 6 8 11 12,0.0658972,10.4213,Yes,N/A,2,3,4,5,6,2 5,8,1 8,2 8,11,12,1 12,2 12,3 12,4 12,5 12,6 12
2 3 4 5 6 8 11 13,0.0322471,18.213,Yes,N/A,2,3,4,5,6,2 5,8,3 6,2 8,11,4 8,13,3 11,2 13,3 13,6 11,5 13
2 3 4 5 6 8 11 12,0.0420519,15.3333,Yes,N/A,2,3,4,5,6,2 5,8,3 6,2 8,11,12,2 11,2 12,3 12,5 11,5 12,6 12
1 2 3 4 5 6 8 11 12 13,0.0414639,16.6759,Yes,N/A,2,3,4,5,6,1 6,8,3 6,2 8,11,12,13,1 13,2 13,3 13,4 13,5 13
1 2 3 4 5 6 8 10,0.0957175,5.625,Yes,N/A,2,3,4,5,6,1 6,8,1 8,10,1 10,2 10,3 10,4 10,5 10,6 10,1 6 10,8 10
2 3 4 5 6 8 10,0.0748176,8.92593,Yes,N/A,2,3,4,5,6,2 5,8,3 6,10,3 8,2 10,3 10,6 8,5 10,6 10,2 5 10,8 10
1 2 3 4 5 6 8 10 13,0.0614251,11.0046,Yes,N/A,2,3,4,5,6,2 5,8,3 6,10,1 10,2 10,13,1 13,2 13,3 13,4 13,5 13
1 2 3 4 5 6 8 10 12,0.0733522,9,Yes,N/A,2,3,4,5,6,2 5,8,3 6,10,1 10,12,1 12,2 12,3 12,4 12,5 12,6 12
2 3 4 5 6 8 10 13,0.0383015,16.3519,Yes,N/A,2,3,4,5,6,2 5,8,3 6,10,5 6,2 10,13,6 8,2 13,3 13,4 13,5 13
2 3 4 5 6 8 10 12,0.0469141,14.4398,Yes,N/A,2,3,4,5,6,2 5,8,3 6,10,5 6,12,3 10,2 12,3 12,4 12,5 12,6 12
1 2 3 4 5 6 8 10 12 13,0.0457041,15.1111,Yes,N/A,2,3,4,5,6,2 5,8,3 6,10,1 10,12,13,1 13,2 13,3 13,4 13,5 13
2 3 4 5 6 8 11 12 13,0.0231326,22.5231,Yes,N/A,2,3,4,5,6,2 5,8,3 6,2 8,11,12,13,3 11,2 13,3 13,4 13,5 13
1 2 3 4 5 6 8 10 11,0.080552,7.81481,Yes,N/A,2,3,4,5,6,2 5,8,1 8,10,11,1 11,2 11,3 11,4 11,5 11,6 11,8 10
2 3 4 5 6 8 10 11,0.0556036,12.4444,Yes,N/A,2,3,4,5,6,2 5,8,3 6,10,11,2 10,2 11,6 8,5 10,5 11,6 11,8 10
1 2 3 4 5 6 8 10 11 13,0.0523108,13.3426,Yes,N/A,2,3,4,5,6,2 5,8,3 6,10,11,1 11,13,1 13,2 13,3 13,4 13,5 13
2 3 4 5 6 8 10 12 13,0.0258854,21.463,Yes,N/A,2,3,4,5,6,2 5,8,3 6,10,3 8,12,13,2 12,2 13,6 10,4 13,6 12
1 2 3 4 5 6 8 10 11 12,0.061351,11.5417,Yes,N/A,2,3,4,5,6,2 5,8,3 6,10,11,12,1 12,2 12,3 12,4 12,5 12,6 12
2 3 4 5 6 8 10 11 13,0.0297628,19.9491,Yes,N/A,2,3,4,5,6,2 5,8,3 6,10,11,2 10,13,3 11,2 13,3 13,4 13,5 13
2 3 4 5 6 8 10 11 12,0.0371667,17.4583,Yes,N/A,2,3,4,5,6,2 5,8,3 6,10,11,12,2 11,2 12,3 12,4 12,5 12,6 12
1 2 3 4 5 6 8 10 11 12 13,0.0402127,17.1343,Yes,N/A,2,3,4,5,6,2 5,8,1 8,10,11,12,13,1 13,2 13,3 13,4 13,5 13
2 3 4 5 6 9 10 11 12 13,0.0205373,25.1898,Yes,N/A,2,3,4,5,6,3 4,2 6,9,10,11,12,13,3 11,2 13,3 13,4 13,5 13
1 2 3 4 5 6 8 9,0.0993119,5.03704,Yes,N/A,2,3,4,5,6,1 6,8,9,1 9,5 6,3 9,4 9,5 9,6 9,1 6 9,8 9,3 6 9
2 3 4 5 6 8 9,0.0810881,7.86111,Yes,N/A,2,3,4,5,6,2 5,8,9,2 8,5 6,3 9,5 8,5 9,6 9,2 5 9,8 9,3 6 9
1 2 3 4 5 6 8 9 13,0.0645495,10.125,Yes,N/A,2,3,4,5,6,1 6,8,9,1 9,5 6,3 9,13,1 13,2 13,3 13,4 13,5 13
1 2 3 4 5 6 8 9 12,0.0774078,8.26852,Yes,N/A,2,3,4,5,6,2 5,8,9,1 9,5 6,12,1 12,2 12,3 12,4 12,5 12,6 12
2 3 4 5 6 8 9 13,0.0422443,15.0185,Yes,N/A,2,3,4,5,6,2 5,8,9,2 8,5 6,3 9,13,5 9,2 13,3 13,4 13,5 13
2 3 4 5 6 8 9 12,0.0520754,12.9722,Yes,N/A,2,3,4,5,6,3 4,8,9,2 8,2 9,12,4 9,2 12,3 12,4 12,5 12,6 12
1 2 3 4 5 6 8 9 12 13,0.0486127,14.1435,Yes,N/A,2,3,4,5,6,2 5,8,9,1 9,5 6,12,13,1 13,2 13,3 13,4 13,5 13
1 2 3 4 5 6 8 9 11,0.0845549,7.27315,Yes,N/A,2,3,4,5,6,2 5,8,9,1 9,11,1 11,2 11,3 11,4 11,5 11,6 11,1 6 11
2 3 4 5 6 8 9 11,0.0590035,11.8102,Yes,N/A,2,3,4,5,6,2 5,8,9,2 8,11,3 9,2 11,3 11,4 11,5 11,6 11,2 5 11
1 2 3 4 5 6 8 9 11 13,0.0546787,12.6204,Yes,N/A,2,3,4,5,6,2 5,8,9,2 8,11,1 11,13,1 13,2 13,3 13,4 13,5 13
2 3 4 5 6 8 9 12 13,0.0283009,20.1528,Yes,N/A,2,3,4,5,6,3 4,8,9,2 8,2 9,12,13,2 12,2 13,3 13,5 12,5 13
1 2 3 4 5 6 8 9 11 12,0.0636666,10.8194,Yes,N/A,2,3,4,5,6,2 5,8,9,1 9,11,12,1 12,2 12,3 12,4 12,5 12,6 12
2 3 4 5 6 8 9 11 13,0.031527,19.1435,Yes,N/A,2,3,4,5,6,2 5,8,9,2 8,11,3 9,13,3 11,2 13,3 13,6 11,5 13
2 3 4 5 6 8 9 11 12,0.0393349,16.588,Yes,N/A,2,3,4,5,6,2 5,8,9,2 8,11,12,2 11,2 12,3 12,5 11,5 12,6 12
1 2 3 4 5 6 8 9 11 12 13,0.0421556,16.2083,Yes,N/A,2,3,4,5,6,2 5,8,9,1 9,11,12,13,1 13,2 13,3 13,4 13,5 13
2 3 4 5 6 8 10 11 12 13,0.0221144,24.0046,Yes,N/A,2,3,4,5,6,2 5,8,3 6,10,11,12,13,2 12,2 13,3 13,4 13,5 13
1 2 3 4 5 6 8 9 10,0.0912088,6.24537,Yes,N/A,2,3,4,5,6,2 5,8,9,10,1 10,2 10,3 10,4 10,5 10,6 10,8 9,8 10
2 3 4 5 6 8 9 10,0.0677901,10.0833,Yes,N/A,2,3,4,5,6,3 4,8,9,10,2 9,2 10,3 10,6 8,5 10,6 10,8 9,8 10
1 2 3 4 5 6 8 9 10 13,0.0604118,11.5509,Yes,N/A,2,3,4,5,6,1 6,8,9,10,5 6,2 10,13,1 13,2 13,3 13,4 13,5 13
1 2 3 4 5 6 8 9 10 12,0.0697534,9.67593,Yes,N/A,2,3,4,5,6,1 6,8,9,10,1 10,12,1 12,2 12,3 12,4 12,5 12,6 12
2 3 4 5 6 8 9 10 13,0.0373315,17.1806,Yes,N/A,2,3,4,5,6,3 4,8,9,10,5 6,2 10,13,4 10,2 13,3 13,4 13,5 13
2 3 4 5 6 8 9 10 12,0.0451105,14.9352,Yes,N/A,2,3,4,5,6,3 4,8,9,10,2 9,12,3 10,2 12,3 12,4 12,5 12,6 12
1 2 3 4 5 6 8 9 10 12 13,0.0466426,14.912,Yes,N/A,2,3,4,5,6,2 5,8,9,10,2 9,12,13,1 13,2 13,3 13,4 13,5 13
2 3 4 5 6 8 9 11 12 13,0.0233509,23.3009,Yes,N/A,2,3,4,5,6,2 5,8,9,2 8,11,12,13,3 11,2 13,3 13,5 12,5 13
1 2 3 4 5 6 8 9 10 11,0.0769866,8.35185,Yes,N/A,2,3,4,5,6,2 5,8,9,10,11,1 11,2 11,3 11,4 11,5 11,6 11,8 10
2 3 4 5 6 8 9 10 11,0.0508196,13.5324,Yes,N/A,2,3,4,5,6,2 5,8,9,10,11,2 10,2 11,3 11,4 11,5 11,6 11,8 10
1 2 3 4 5 6 8 9 10 11 13,0.0522071,13.3333,Yes,N/A,2,3,4,5,6,2 5,8,9,10,11,1 11,13,1 13,2 13,3 13,4 13,5 13
2 3 4 5 6 8 9 10 12 13,0.0266224,21.4491,Yes,N/A,2,3,4,5,6,3 4,8,9,10,2 9,12,13,2 12,2 13,3 13,4 13,5 13
1 2 3 4 5 6 8 9 10 11 12,0.0603518,11.4213,Yes,N/A,2,3,4,5,6,2 5,8,9,10,11,12,1 12,2 12,3 12,4 12,5 12,6 12
2 3 4 5 6 8 9 10 11 13,0.0297352,20.2546,Yes,N/A,2,3,4,5,6,2 5,8,9,10,11,2 10,13,3 11,2 13,3 13,4 13,5 13
2 3 4 5 6 8 9 10 11 12,0.03627,17.6713,Yes,N/A,2,3,4,5,6,3 4,8,9,10,11,12,2 11,2 12,3 12,4 12,5 12,6 12
1 2 3 4 5 6 8 9 10 11 12 13,0.0427441,16.1713,Yes,N/A,2,3,4,5,6,2 5,8,9,10,11,12,13,1 13,2 13,3 13,4 13,5 13
2 3 4 5 7 8 9 10 11 12 13,0.0221329,24.912,Yes,N/A,2,3,4,5,2 4,7,8,9,10,11,12,13,3 11,3 12,3 13,5 12,5 13
1 2 3 4 5 6 7,0.103494,4.13889,Yes,N/A,2,3,4,5,6,7,3 5,2 7,3 7,4 7,5 7,6 7,3 5 6,3 5 7,3 6 7,4 6 7,5 6 7
2 3 4 5 6 7,0.0888326,6.25926,Yes,N/A,2,3,4,5,6,7,2 6,2 7,3 7,4 7,5 7,6 7,2 5 7,2 6 7,3 6 7,4 6 7,5 6 7
1 2 3 4 5 6 7 13,0.0664583,9.46296,Yes,N/A,2,3,4,5,6,7,3 5,3 6,3 7,4 7,5 7,13,1 13,2 13,3 13,4 13,5 13
1 2 3 4 5 6 7 12,0.0831415,7.38889,Yes,N/A,2,3,4,5,6,7,3 5,3 6,3 7,4 7,12,1 12,2 12,3 12,4 12,5 12,6 12
2 3 4 5 6 7 13,0.0424047,13.7315,Yes,N/A,2,3,4,5,6,7,2 6,2 7,3 7,5 6,5 7,13,2 5 7,2 13,3 13,4 13,5 13
2 3 4 5 6 7 12,0.05807,10.9954,Yes,N/A,2,3,4,5,6,7,3 5,2 7,3 7,4 7,12,6 7,2 12,3 12,4 12,5 12,6 12
1 2 3 4 5 6 7 12 13,0.0493404,13.838,Yes,N/A,2,3,4,5,6,7,3 5,2 7,3 7,4 7,12,13,1 13,2 13,3 13,4 13,5 13
1 2 3 4 5 6 7 11,0.0930304,6.23611,Yes,N/A,2,3,4,5,6,7,1 7,4 5,3 7,11,1 11,2 11,3 11,4 11,5 11,6 11,7 11
2 3 4 5 6 7 11,0.0685345,9.83796,Yes,N/A,2,3,4,5,6,7,2 6,2 7,3 7,11,5 7,2 11,3 11,4 11,5 11,6 11,7 11
1 2 3 4 5 6 7 11 13,0.0568184,11.7546,Yes,N/A,2,3,4,5,6,7,2 6,2 7,3 7,11,1 11,13,1 13,2 13,3 13,4 13,5 13
2 3 4 5 6 7 12 13,0.0297637,18.2083,Yes,N/A,2,3,4,5,6,7,3 5,2 7,3 7,4 7,12,13,2 12,2 13,3 13,4 13,5 13
1 2 3 4 5 6 7 11 12,0.0684909,10.0741,Yes,N/A,2,3,4,5,6,7,1 7,2 7,4 6,11,12,1 12,2 12,3 12,4 12,5 12,6 12
2 3 4 5 6 7 11 13,0.0345015,17.2639,Yes,N/A,2,3,4,5,6,7,2 6,2 7,4 6,11,5 7,13,3 11,2 13,3 13,4 13,5 13
2 3 4 5 6 7 11 12,0.0447653,14.5648,Yes,N/A,2,3,4,5,6,7,3 5,4 5,3 7,11,12,2 11,2 12,3 12,4 12,5 12,6 12
1 2 3 4 5 6 7 11 12 13,0.0432414,16.162,Yes,N/A,2,3,4,5,6,7,3 5,4 5,4 6,11,12,13,1 13,2 13,3 13,4 13,5 13
1 2 3 4 5 6 7 10,0.0994469,5.31944,Yes,N/A,2,3,4,5,6,7,1 7,3 6,10,1 10,2 10,3 10,4 10,5 10,6 10,7 10,3 5 10
2 3 4 5 6 7 10,0.0788573,8.4537,Yes,N/A,2,3,4,5,6,7,2 6,2 7,10,4 7,2 10,3 10,4 10,5 10,6 10,7 10,2 6 10
1 2 3 4 5 6 7 10 13,0.0630145,10.7685,Yes,N/A,2,3,4,5,6,7,3 5,3 6,10,1 10,2 10,13,1 13,2 13,3 13,4 13,5 13
1 2 3 4 5 6 7 10 12,0.0741854,8.81019,Yes,N/A,2,3,4,5,6,7,1 7,2 7,10,1 10,12,1 12,2 12,3 12,4 12,5 12,6 12
2 3 4 5 6 7 10 13,0.0397653,15.7824,Yes,N/A,2,3,4,5,6,7,3 5,2 7,10,4 7,2 10,13,4 10,2 13,3 13,4 13,5 13
2 3 4 5 6 7 10 12,0.0503525,13.5648,Yes,N/A,2,3,4,5,6,7,2 6,2 7,10,4 7,12,3 10,2 12,3 12,4 12,5 12,6 12
1 2 3 4 5 6 7 10 12 13,0.0466945,14.588,Yes,N/A,2,3,4,5,6,7,2 6,3 6,10,1 10,12,13,1 13,2 13,3 13,4 13,5 13
2 3 4 5 6 7 11 12 13,0.0239561,22.0972,Yes,N/A,2,3,4,5,6,7,3 5,2 7,3 7,11,12,13,2 12,2 13,3 13,4 13,5 13
1 2 3 4 5 6 7 10 11,0.0835877,7.72222,Yes,N/A,2,3,4,5,6,7,1 7,3 6,10,11,1 11,2 11,3 11,4 11,5 11,6 11,7 11
2 3 4 5 6 7 10 11,0.0590608,11.9861,Yes,N/A,2,3,4,5,6,7,2 6,4 5,10,11,2 10,2 11,3 11,4 11,5 11,6 11,7 11
1 2 3 4 5 6 7 10 11 13,0.0529018,13.0093,Yes,N/A,2,3,4,5,6,7,1 7,3 6,10,11,1 11,13,1 13,2 13,3 13,4 13,5 13
2 3 4 5 6 7 10 12 13,0.0272287,20.8704,Yes,N/A,2,3,4,5,6,7,3 5,2 7,10,4 7,12,13,2 12,2 13,3 13,4 13,5 13
1 2 3 4 5 6 7 10 11 12,0.0622467,11.287,Yes,N/A,2,3,4,5,6,7,1 7,3 6,10,11,12,1 12,2 12,3 12,4 12,5 12,6 12
2 3 4 5 6 7 10 11 13,0.0313783,19.3056,Yes,N/A,2,3,4,5,6,7,2 6,4 5,10,11,2 10,13,3 11,2 13,3 13,4 13,5 13
2 3 4 5 6 7 10 11 12,0.039015,16.8102,Yes,N/A,2,3,4,5,6,7,3 5,4 5,10,11,12,2 11,2 12,3 12,4 12,5 12,6 12
1 2 3 4 5 6 7 10 11 12 13,0.0411028,16.875,Yes,N/A,2,3,4,5,6,7,1 7,3 6,10,11,12,13,1 13,2 13,3 13,4 13,5 13
1 2 3 4 5 6 7 9,0.103329,4.89815,Yes,N/A,2,3,4,5,6,7,1 7,9,1 9,2 9,3 9,4 9,5 9,6 9,7 9,3 5 9,2 7 9
2 3 4 5 6 7 9,0.084147,7.72685,Yes,N/A,2,3,4,5,6,7,2 6,9,3 7,2 9,5 7,4 9,5 9,6 9,7 9,2 6 9,2 7 9
1 2 3 4 5 6 7 9 13,0.0671072,9.75926,Yes,N/A,2,3,4,5,6,7,1 7,9,4 6,2 9,3 9,13,1 13,2 13,3 13,4 13,5 13
1 2 3 4 5 6 7 9 12,0.0797893,7.81019,Yes,N/A,2,3,4,5,6,7,3 5,9,1 9,2 9,12,1 12,2 12,3 12,4 12,5 12,6 12
2 3 4 5 6 7 9 13,0.0425489,14.912,Yes,N/A,2,3,4,5,6,7,2 6,9,3 7,2 9,3 9,13,5 9,2 13,3 13,4 13,5 13
2 3 4 5 6 7 9 12,0.0548405,12.6296,Yes,N/A,2,3,4,5,6,7,3 5,9,3 7,2 9,12,4 9,2 12,3 12,4 12,5 12,6 12
1 2 3 4 5 6 7 9 12 13,0.0498074,13.662,Yes,N/A,2,3,4,5,6,7,3 5,9,1 9,2 9,12,13,1 13,2 13,3 13,4 13,5 13
1 2 3 4 5 6 7 9 11,0.0868353,6.84259,Yes,N/A,2,3,4,5,6,7,1 7,9,1 9,11,1 11,2 11,3 11,4 11,5 11,6 11,7 11
2 3 4 5 6 7 9 11,0.0621825,11.3056,Yes,N/A,2,3,4,5,6,7,2 6,9,3 7,11,5 7,2 11,3 11,4 11,5 11,6 11,7 11
1 2 3 4 5 6 7 9 11 13,0.056373,12.1991,Yes,N/A,2,3,4,5,6,7,2 6,9,4 6,11,1 11,13,1 13,2 13,3 13,4 13,5 13
2 3 4 5 6 7 9 12 13,0.0292309,19.5787,Yes,N/A,2,3,4,5,6,7,3 5,9,3 7,2 9,12,13,2 12,2 13,3 13,4 13,5 13
1 2 3 4 5 6 7 9 11 12,0.0652025,10.4769,Yes,N/A,2,3,4,5,6,7,1 7,9,1 9,11,12,1 12,2 12,3 12,4 12,5 12,6 12
2 3 4 5 6 7 9 11 13,0.0334028,18.8009,Yes,N/A,2,3,4,5,6,7,2 6,9,4 6,11,5 7,13,3 11,2 13,3 13,4 13,5 13
2 3 4 5 6 7 9 11 12,0.0413523,16.2361,Yes,N/A,2,3,4,5,6,7,3 5,9,3 7,11,12,2 11,2 12,4 11,4 12,5 12,7 11
1 2 3 4 5 6 7 9 11 12 13,0.0440474,15.9537,Yes,N/A,2,3,4,5,6,7,3 5,9,4 6,11,12,13,1 13,2 13,3 13,4 13,5 13
2 3 4 5 6 7 10 11 12 13,0.0228509,23.5602,Yes,N/A,2,3,4,5,6,7,2 6,4 5,10,11,12,13,3 11,2 13,3 13,4 13,5 13
1 2 3 4 5 6 7 9 10,0.0932459,5.93519,Yes,N/A,2,3,4,5,6,7,1 7,9,10,1 10,2 10,3 10,4 10,5 10,6 10,7 10,1 7 10
2 3 4 5 6 7 9 10,0.0700823,9.93981,Yes,N/A,2,3,4,5,6,7,2 6,9,10,2 9,2 10,3 10,4 10,5 10,7 9,7 10,2 6 10
1 2 3 4 5 6 7 9 10 13,0.0616085,10.9676,Yes,N/A,2,3,4,5,6,7,3 5,9,10,1 10,2 10,13,1 13,2 13,3 13,4 13,5 13
1 2 3 4 5 6 7 9 10 12,0.0718163,9.11574,Yes,N/A,2,3,4,5,6,7,3 5,9,10,1 10,12,1 12,2 12,3 12,4 12,5 12,6 12
2 3 4 5 6 7 9 10 13,0.0380464,16.7454,Yes,N/A,2,3,4,5,6,7,2 6,9,10,4 7,2 10,13,4 10,2 13,3 13,4 13,5 13
2 3 4 5 6 7 9 10 12,0.0464286,14.6435,Yes,N/A,2,3,4,5,6,7,3 5,9,10,2 9,12,6 7,2 12,3 12,4 12,5 12,6 12
1 2 3 4 5 6 7 9 10 12 13,0.0482407,14.338,Yes,N/A,2,3,4,5,6,7,3 5,9,10,4 7,12,13,1 13,2 13,3 13,4 13,5 13
2 3 4 5 6 7 9 11 12 13,0.0240294,23.2037,Yes,N/A,2,3,4,5,6,7,2 6,9,3 7,11,12,13,2 12,2 13,3 13,4 13,5 13
1 2 3 4 5 6 7 9 10 11,0.0782511,7.99074,Yes,N/A,2,3,4,5,6,7,1 7,9,10,11,1 11,2 11,3 11,4 11,5 11,6 11,7 11
2 3 4 5 6 7 9 10 11,0.0528945,13.0926,Yes,N/A,2,3,4,5,6,7,2 6,9,10,11,2 10,2 11,3 11,4 11,5 11,6 11,7 11
1 2 3 4 5 6 7 9 10 11 13,0.0525672,13.0926,Yes,N/A,2,3,4,5,6,7,1 7,9,10,11,1 11,13,1 13,2 13,3 13,4 13,5 13
2 3 4 5 6 7 9 10 12 13,0.02711,21.1528,Yes,N/A,2,3,4,5,6,7,3 5,9,10,2 9,12,13,2 12,2 13,3 13,4 13,5 13
1 2 3 4 5 6 7 9 10 11 12,0.0610224,11.3333,Yes,N/A,2,3,4,5,6,7,1 7,9,10,11,12,1 12,2 12,3 12,4 12,5 12,6 12
2 3 4 5 6 7 9 10 11 13,0.0307641,19.9398,Yes,N/A,2,3,4,5,6,7,2 6,9,10,11,2 10,13,3 11,2 13,3 13,4 13,5 13
2 3 4 5 6 7 9 10 11 12,0.0373427,17.5833,Yes,N/A,2,3,4,5,6,7,3 5,9,10,11,12,2 11,2 12,3 12,4 12,5 12,6 12
1 2 3 4 5 6 7 9 10 11 12 13,0.0434827,15.9491,Yes,N/A,2,3,4,5,6,7,3 5,9,10,11,12,13,1 13,2 13,3 13,4 13,5 13
2 3 4 5 6 8 9 10 11 12 13,0.0233588,23.7037,Yes,N/A,2,3,4,5,6,2 5,8,9,10,11,12,13,2 12,2 13,3 13,4 13,5 13
1 2 3 4 5 6 7 8,0.107933,4.42593,Yes,N/A,2,3,4,5,6,7,8,3 6,2 8,3 8,4 8,5 8,6 8,7 8,3 5 8,2 7 8,3 7 8
2 3 4 5 6 7 8,0.0898488,6.97222,Yes,N/A,2,3,4,5,6,7,8,2 7,2 8,5 6,4 8,6 7,6 8,7 8,3 6 7,2 7 8,5 6 7
1 2 3 4 5 6 7 8 13,0.0715721,9.00463,Yes,N/A,2,3,4,5,6,7,8,3 6,2 8,5 6,4 8,13,1 13,2 13,3 13,4 13,5 13
1 2 3 4 5 6 7 8 12,0.0836244,7.24074,Yes,N/A,2,3,4,5,6,7,8,1 8,3 7,3 8,12,1 12,2 12,3 12,4 12,5 12,6 12
2 3 4 5 6 7 8 13,0.0472186,13.7037,Yes,N/A,2,3,4,5,6,7,8,2 7,2 8,5 6,4 8,13,6 8,2 13,3 13,4 13,5 13
2 3 4 5 6 7 8 12,0.058952,11.4537,Yes,N/A,2,3,4,5,6,7,8,2 7,2 8,3 8,12,5 8,2 12,3 12,4 12,5 12,6 12
1 2 3 4 5 6 7 8 12 13,0.0523139,13.1852,Yes,N/A,2,3,4,5,6,7,8,1 8,2 8,4 7,12,13,1 13,2 13,3 13,4 13,5 13
1 2 3 4 5 6 7 8 11,0.0919461,6.25,Yes,N/A,2,3,4,5,6,7,8,1 8,2 8,11,1 11,2 11,3 11,4 11,5 11,6 11,7 11
2 3 4 5 6 7 8 11,0.0687047,9.96759,Yes,N/A,2,3,4,5,6,7,8,2 7,2 8,11,5 7,2 11,3 11,4 11,5 11,6 11,7 11
1 2 3 4 5 6 7 8 11 13,0.059971,11.3611,Yes,N/A,2,3,4,5,6,7,8,3 6,2 8,11,1 11,13,1 13,2 13,3 13,4 13,5 13
2 3 4 5 6 7 8 12 13,0.031885,18.3843,Yes,N/A,2,3,4,5,6,7,8,2 7,2 8,4 7,12,13,2 12,2 13,3 13,4 13,5 13
1 2 3 4 5 6 7 8 11 12,0.0697005,9.75926,Yes,N/A,2,3,4,5,6,7,8,1 8,3 7,11,12,1 12,2 12,3 12,4 12,5 12,6 12
2 3 4 5 6 7 8 11 13,0.0366228,17.3056,Yes,N/A,2,3,4,5,6,7,8,3 6,2 8,11,5 7,13,3 11,2 13,3 13,4 13,5 13
2 3 4 5 6 7 8 11 12,0.0455633,14.4815,Yes,N/A,2,3,4,5,6,7,8,4 5,3 7,11,12,2 11,2 12,3 12,5 11,5 12,6 12
1 2 3 4 5 6 7 8 11 12 13,0.0461801,15.1944,Yes,N/A,2,3,4,5,6,7,8,3 6,3 7,11,12,13,1 13,2 13,3 13,4 13,5 13
1 2 3 4 5 6 7 8 10,0.0971365,5.43519,Yes,N/A,2,3,4,5,6,7,8,1 8,10,1 10,2 10,3 10,4 10,5 10,6 10,7 10,8 10
2 3 4 5 6 7 8 10,0.0765194,8.6713,Yes,N/A,2,3,4,5,6,7,8,2 7,10,3 8,2 10,3 10,4 10,5 10,6 10,7 10,8 10
1 2 3 4 5 6 7 8 10 13,0.0653965,10.2685,Yes,N/A,2,3,4,5,6,7,8,3 6,10,1 10,2 10,13,1 13,2 13,3 13,4 13,5 13
1 2 3 4 5 6 7 8 10 12,0.0755624,8.47685,Yes,N/A,2,3,4,5,6,7,8,2 7,10,1 10,12,1 12,2 12,3 12,4 12,5 12,6 12
2 3 4 5 6 7 8 10 13,0.0417216,15.4861,Yes,N/A,2,3,4,5,6,7,8,2 7,10,5 6,2 10,13,4 10,2 13,3 13,4 13,5 13
2 3 4 5 6 7 8 10 12,0.0504536,13.3981,Yes,N/A,2,3,4,5,6,7,8,2 7,10,3 8,12,3 10,2 12,3 12,4 12,5 12,6 12
1 2 3 4 5 6 7 8 10 12 13,0.0498246,13.8287,Yes,N/A,2,3,4,5,6,7,8,2 7,10,1 10,12,13,1 13,2 13,3 13,4 13,5 13
2 3 4 5 6 7 8 11 12 13,0.0265298,21.2685,Yes,N/A,2,3,4,5,6,7,8,4 5,3 7,11,12,13,2 12,2 13,3 13,4 13,5 13
1 2 3 4 5 6 7 8 10 11,0.0827026,7.37963,Yes,N/A,2,3,4,5,6,7,8,1 8,10,11,1 11,2 11,3 11,4 11,5 11,6 11,7 11
2 3 4 5 6 7 8 10 11,0.0577947,11.6667,Yes,N/A,2,3,4,5,6,7,8,3 6,10,11,2 10,2 11,3 11,4 11,5 11,6 11,7 11
1 2 3 4 5 6 7 8 10 11 13,0.0564311,12.213,Yes,N/A,2,3,4,5,6,7,8,3 6,10,11,1 11,13,1 13,2 13,3 13,4 13,5 13
2 3 4 5 6 7 8 10 12 13,0.0293954,20.0556,Yes,N/A,2,3,4,5,6,7,8,2 7,10,3 8,12,13,2 12,2 13,3 13,4 13,5 13
1 2 3 4 5 6 7 8 10 11 12,0.0643951,10.463,Yes,N/A,2,3,4,5,6,7,8,1 8,10,11,12,1 12,2 12,3 12,4 12,5 12,6 12
2 3 4 5 6 7 8 10 11 13,0.033552,18.4954,Yes,N/A,2,3,4,5,6,7,8,3 6,10,11,2 10,13,3 11,2 13,3 13,4 13,5 13
2 3 4 5 6 7 8 10 11 12,0.040738,16.0093,Yes,N/A,2,3,4,5,6,7,8,4 5,10,11,12,2 11,2 12,3 12,4 12,5 12,6 12
1 2 3 4 5 6 7 8 10 11 12 13,0.0453816,15.213,Yes,N/A,2,3,4,5,6,7,8,2 7,10,11,12,13,1 13,2 13,3 13,4 13,5 13
2 3 4 5 6 7 9 10 11 12 13,0.0237122,23.5509,Yes,N/A,2,3,4,5,6,7,3 5,9,10,11,12,13,3 11,2 13,3 13,4 13,5 13
1 2 3 4 5 6 7 8 9,0.100873,4.89815,Yes,N/A,2,3,4,5,6,7,8,9,1 9,2 9,3 9,4 9,5 9,6 9,7 9,8 9,3 6 9
2 3 4 5 6 7 8 9,0.080285,7.84259,Yes,N/A,2,3,4,5,6,7,8,9,2 8,2 9,3 9,4 9,5 9,6 9,7 9,8 9,5 6 7
1 2 3 4 5 6 7 8 9 13,0.0686945,9.45833,Yes,N/A,2,3,4,5,6,7,8,9,1 9,2 9,3 9,13,1 13,2 13,3 13,4 13,5 13
1 2 3 4 5 6 7 8 9 12,0.0795557,7.64352,Yes,N/A,2,3,4,5,6,7,8,9,1 9,3 8,12,1 12,2 12,3 12,4 12,5 12,6 12
2 3 4 5 6 7 8 9 13,0.0443869,14.4954,Yes,N/A,2,3,4,5,6,7,8,9,2 8,2 9,5 7,13,5 9,2 13,3 13,4 13,5 13
2 3 4 5 6 7 8 9 12,0.0542706,12.3194,Yes,N/A,2,3,4,5,6,7,8,9,3 7,2 9,12,4 9,2 12,3 12,4 12,5 12,6 12
1 2 3 4 5 6 7 8 9 12 13,0.0524508,13,Yes,N/A,2,3,4,5,6,7,8,9,1 9,2 9,12,13,1 13,2 13,3 13,4 13,5 13
1 2 3 4 5 6 7 8 9 11,0.0867031,6.50463,Yes,N/A,2,3,4,5,6,7,8,9,1 9,11,1 11,2 11,3 11,4 11,5 11,6 11,7 11
2 3 4 5 6 7 8 9 11,0.0611813,10.9306,Yes,N/A,2,3,4,5,6,7,8,9,2 8,11,3 9,2 11,3 11,4 11,5 11,6 11,7 11
1 2 3 4 5 6 7 8 9 11 13,0.0591414,11.3843,Yes,N/A,2,3,4,5,6,7,8,9,2 8,11,1 11,13,1 13,2 13,3 13,4 13,5 13
2 3 4 5 6 7 8 9 12 13,0.0316805,18.8056,Yes,N/A,2,3,4,5,6,7,8,9,3 7,2 9,12,13,2 12,2 13,3 13,4 13,5 13
1 2 3 4 5 6 7 8 9 11 12,0.0678394,9.53241,Yes,N/A,2,3,4,5,6,7,8,9,1 9,11,12,1 12,2 12,3 12,4 12,5 12,6 12
2 3 4 5 6 7 8 9 11 13,0.0358112,17.6528,Yes,N/A,2,3,4,5,6,7,8,9,2 8,11,5 7,13,3 11,2 13,3 13,4 13,5 13
2 3 4 5 6 7 8 9 11 12,0.0434549,15.0741,Yes,N/A,2,3,4,5,6,7,8,9,3 7,11,12,2 11,2 12,3 12,4 12,5 12,6 12
1 2 3 4 5 6 7 8 9 11 12 13,0.0479725,14.412,Yes,N/A,2,3,4,5,6,7,8,9,3 7,11,12,13,1 13,2 13,3 13,4 13,5 13
2 3 4 5 6 7 8 10 11 12 13,0.0256484,22.1713,Yes,N/A,2,3,4,5,6,7,8,2 7,10,11,12,13,2 12,2 13,3 13,4 13,5 13
1 2 3 4 5 6 7 8 9 10,0.091979,5.74537,Yes,N/A,2,3,4,5,6,7,8,9,10,1 10,2 10,3 10,4 10,5 10,6 10,7 10,8 10
2 3 4 5 6 7 8 9 10,0.067604,9.63426,Yes,N/A,2,3,4,5,6,7,8,9,10,2 9,2 10,3 10,4 10,5 10,6 10,7 10,8 10
1 2 3 4 5 6 7 8 9 10 13,0.0640437,10.25,Yes,N/A,2,3,4,5,6,7,8,9,10,1 10,2 10,13,1 13,2 13,3 13,4 13,5 13
1 2 3 4 5 6 7 8 9 10 12,0.0734335,8.54167,Yes,N/A,2,3,4,5,6,7,8,9,10,1 10,12,1 12,2 12,3 12,4 12,5 12,6 12
2 3 4 5 6 7 8 9 10 13,0.0405363,15.9491,Yes,N/A,2,3,4,5,6,7,8,9,10,5 6,2 10,13,5 9,2 13,3 13,4 13,5 13
2 3 4 5 6 7 8 9 10 12,0.0481122,13.8426,Yes,N/A,2,3,4,5,6,7,8,9,10,2 9,12,3 10,2 12,3 12,4 12,5 12,6 12
1 2 3 4 5 6 7 8 9 10 12 13,0.0514526,13.0231,Yes,N/A,2,3,4,5,6,7,8,9,10,1 10,12,13,1 13,2 13,3 13,4 13,5 13
2 3 4 5 6 7 8 9 11 12 13,0.0273838,21.1713,Yes,N/A,2,3,4,5,6,7,8,9,3 7,11,12,13,2 12,2 13,3 13,4 13,5 13
1 2 3 4 5 6 7 8 9 10 11,0.0801659,7.375,Yes,N/A,2,3,4,5,6,7,8,9,10,11,1 11,2 11,3 11,4 11,5 11,6 11,7 11
2 3 4 5 6 7 8 9 10 11,0.054358,12.287,Yes,N/A,2,3,4,5,6,7,8,9,10,11,2 10,2 11,3 11,4 11,5 11,6 11,7 11
1 2 3 4 5 6 7 8 9 10 11 13,0.057424,11.6667,Yes,N/A,2,3,4,5,6,7,8,9,10,11,1 11,13,1 13,2 13,3 13,4 13,5 13
2 3 4 5 6 7 8 9 10 12 13,0.0303007,19.6435,Yes,N/A,2,3,4,5,6,7,8,9,10,2 9,12,13,2 12,2 13,3 13,4 13,5 13
1 2 3 4 5 6 7 8 9 10 11 12,0.0655682,9.88889,Yes,N/A,2,3,4,5,6,7,8,9,10,11,12,1 12,2 12,3 12,4 12,5 12,6 12
2 3 4 5 6 7 8 9 10 11 13,0.0341839,18.0741,Yes,N/A,2,3,4,5,6,7,8,9,10,11,2 10,13,3 11,2 13,3 13,4 13,5 13
2 3 4 5 6 7 8 9 10 11 12,0.0407947,15.8565,Yes,N/A,2,3,4,5,6,7,8,9,10,11,12,2 11,2 12,3 12,4 12,5 12,6 12
1 2 3 4 5 6 7 8 9 10 11 12 13,0.0489878,13.6481,Yes,N/A,2,3,4,5,6,7,8,9,10,11,12,13,1 13,2 13,3 13,4 13,5 13
2 3 4 5 6 7 8 9 10 11 12 13,0.0277955,20.875,No,N/A,2,3,4,5,6,7,8,9,10,11,12,13,2 12,2 13,3 13,4 13,5 13
