Position,Win Probability,Average Score,Was Reached?,1,2,3,4,5,6,7,8,9,10,11,12
,1.0,0,,N/A,N/A,N/A,N/A,N/A,N/A,N/A,N/A,N/A,N/A,N/A,N/A
1,0.166667,0.833333,Yes,1,N/A,N/A,N/A,N/A,N/A,N/A,N/A,N/A,N/A,N/A,N/A
1 12,0.00462963,12.662,Yes,N/A,N/A,N/A,N/A,N/A,N/A,N/A,N/A,N/A,N/A,N/A,12
1 11,0.037037,11.0463,Yes,N/A,N/A,N/A,N/A,N/A,N/A,N/A,N/A,N/A,N/A,11,1 11
1 11 12,0.00128601,23.0103,Yes,N/A,N/A,N/A,N/A,N/A,N/A,N/A,N/A,N/A,N/A,11,12
12,0.0277778,11.6667,Yes,N/A,N/A,N/A,N/A,N/A,N/A,N/A,N/A,N/A,N/A,N/A,12
1 10,0.0694444,9.54167,Yes,N/A,N/A,N/A,N/A,N/A,N/A,N/A,N/A,N/A,10,1 10,N/A
1 10 12,0.00385802,21.135,Yes,N/A,N/A,N/A,N/A,N/A,N/A,N/A,N/A,N/A,10,1 10,12
10,0.0833333,9.16667,Yes,N/A,N/A,N/A,N/A,N/A,N/A,N/A,N/A,N/A,10,N/A,N/A
1 10 11,0.00925926,20.0386,Yes,N/A,N/A,N/A,N/A,N/A,N/A,N/A,N/A,N/A,10,11,1 11
1 10 11 12,0.000578704,31.9817,Yes,N/A,N/A,N/A,N/A,N/A,N/A,N/A,N/A,N/A,10,11,12
11,0.0555556,10.3889,Yes,N/A,N/A,N/A,N/A,N/A,N/A,N/A,N/A,N/A,N/A,11,N/A
11 12,0.00308642,22.0201,Yes,N/A,N/A,N/A,N/A,N/A,N/A,N/A,N/A,N/A,N/A,11,12
1 9,0.101852,8.14815,Yes,N/A,N/A,N/A,N/A,N/A,N/A,N/A,N/A,9,1 9,N/A,N/A
1 9 12,0.00565844,19.7166,Yes,N/A,N/A,N/A,N/A,N/A,N/A,N/A,N/A,9,1 9,N/A,12
9,0.111111,8,Yes,N/A,N/A,N/A,N/A,N/A,N/A,N/A,N/A,9,N/A,N/A,N/A
1 9 11,0.0174897,17.9347,Yes,N/A,N/A,N/A,N/A,N/A,N/A,N/A,N/A,9,1 9,11,1 11
1 9 11 12,0.00120027,29.8186,Yes,N/A,N/A,N/A,N/A,N/A,N/A,N/A,N/A,9,1 9,11,12
9 12,0.00617284,19.6019,Yes,N/A,N/A,N/A,N/A,N/A,N/A,N/A,N/A,9,N/A,N/A,12
1 9 10,0.0223765,17.1836,Yes,N/A,N/A,N/A,N/A,N/A,N/A,N/A,N/A,9,10,1 10,N/A
1 9 10 12,0.00186471,28.6688,Yes,N/A,N/A,N/A,N/A,N/A,N/A,N/A,N/A,9,10,1 10,12
9 10,0.0185185,16.9907,Yes,N/A,N/A,N/A,N/A,N/A,N/A,N/A,N/A,9,10,N/A,N/A
1 9 10 11,0.00424383,27.5366,Yes,N/A,N/A,N/A,N/A,N/A,N/A,N/A,N/A,9,10,11,1 11
1 9 10 11 12,0.000385802,39.4516,Yes,N/A,N/A,N/A,N/A,N/A,N/A,N/A,N/A,9,10,11,12
10 12,0.00462963,20.7824,Yes,N/A,N/A,N/A,N/A,N/A,N/A,N/A,N/A,N/A,10,N/A,12
10 11,0.00925926,19.4583,Yes,N/A,N/A,N/A,N/A,N/A,N/A,N/A,N/A,N/A,10,11,N/A
10 11 12,0.000771605,31.0301,Yes,N/A,N/A,N/A,N/A,N/A,N/A,N/A,N/A,N/A,10,11,12
1 8,0.134259,6.86574,Yes,N/A,N/A,N/A,N/A,N/A,N/A,N/A,8,1 8,N/A,N/A,N/A
1 8 12,0.00745885,18.4123,Yes,N/A,N/A,N/A,N/A,N/A,N/A,N/A,8,1 8,N/A,N/A,12
8,0.138889,6.88889,Yes,N/A,N/A,N/A,N/A,N/A,N/A,N/A,8,N/A,N/A,N/A,N/A
1 8 11,0.0226337,16.5947,Yes,N/A,N/A,N/A,N/A,N/A,N/A,N/A,8,1 8,N/A,11,1 11
1 8 11 12,0.00156464,28.4597,Yes,N/A,N/A,N/A,N/A,N/A,N/A,N/A,8,1 8,N/A,11,12
8 12,0.00771605,18.4784,Yes,N/A,N/A,N/A,N/A,N/A,N/A,N/A,8,N/A,N/A,N/A,12
1 8 10,0.0378086,14.9097,Yes,N/A,N/A,N/A,N/A,N/A,N/A,N/A,8,1 8,10,1 10,N/A
1 8 10 12,0.00315072,26.303,Yes,N/A,N/A,N/A,N/A,N/A,N/A,N/A,8,1 8,10,1 10,12
8 10,0.0231481,15.8472,Yes,N/A,N/A,N/A,N/A,N/A,N/A,N/A,8,N/A,10,N/A,N/A
1 8 10 11,0.00694444,25.0966,Yes,N/A,N/A,N/A,N/A,N/A,N/A,N/A,8,1 8,10,11,1 11
1 8 10 11 12,0.000664438,36.9197,Yes,N/A,N/A,N/A,N/A,N/A,N/A,N/A,8,1 8,10,11,12
8 11,0.0154321,17.1312,Yes,N/A,N/A,N/A,N/A,N/A,N/A,N/A,8,N/A,N/A,11,N/A
8 11 12,0.00128601,28.6719,Yes,N/A,N/A,N/A,N/A,N/A,N/A,N/A,8,N/A,N/A,11,12
1 8 9,0.0406379,14.4686,Yes,N/A,N/A,N/A,N/A,N/A,N/A,N/A,8,9,1 9,N/A,N/A
1 8 9 12,0.00338649,25.8927,Yes,N/A,N/A,N/A,N/A,N/A,N/A,N/A,8,9,1 9,N/A,12
8 9,0.0308642,14.6265,Yes,N/A,N/A,N/A,N/A,N/A,N/A,N/A,8,9,N/A,N/A,N/A
1 8 9 11,0.00934499,23.8891,Yes,N/A,N/A,N/A,N/A,N/A,N/A,N/A,8,9,1 9,11,1 11
1 8 9 11 12,0.000895443,35.7117,Yes,N/A,N/A,N/A,N/A,N/A,N/A,N/A,8,9,1 9,11,12
8 9 12,0.00257202,26.1264,Yes,N/A,N/A,N/A,N/A,N/A,N/A,N/A,8,9,N/A,N/A,12
1 8 9 10,0.01241,23.1727,Yes,N/A,N/A,N/A,N/A,N/A,N/A,N/A,8,9,10,1 10,N/A
1 8 9 10 12,0.00137889,34.4905,Yes,N/A,N/A,N/A,N/A,N/A,N/A,N/A,8,9,10,1 10,12
8 9 10,0.00771605,23.3395,Yes,N/A,N/A,N/A,N/A,N/A,N/A,N/A,8,9,10,N/A,N/A
1 8 9 10 11,0.00304355,33.2895,Yes,N/A,N/A,N/A,N/A,N/A,N/A,N/A,8,9,10,11,1 11
1 8 9 10 11 12,0.000363178,45.1484,Yes,N/A,N/A,N/A,N/A,N/A,N/A,N/A,8,9,10,11,12
9 11,0.0123457,18.2654,Yes,N/A,N/A,N/A,N/A,N/A,N/A,N/A,N/A,9,N/A,11,N/A
9 11 12,0.00102881,29.8208,Yes,N/A,N/A,N/A,N/A,N/A,N/A,N/A,N/A,9,N/A,11,12
9 10 12,0.00154321,28.5257,Yes,N/A,N/A,N/A,N/A,N/A,N/A,N/A,N/A,9,10,N/A,12
9 10 11,0.00308642,27.1281,Yes,N/A,N/A,N/A,N/A,N/A,N/A,N/A,N/A,9,10,11,N/A
9 10 11 12,0.000342936,38.6045,Yes,N/A,N/A,N/A,N/A,N/A,N/A,N/A,N/A,9,10,11,12
1 7,0.166667,5.69444,Yes,N/A,N/A,N/A,N/A,N/A,N/A,7,1 7,N/A,N/A,N/A,N/A
1 7 12,0.00925926,17.2222,Yes,N/A,N/A,N/A,N/A,N/A,N/A,7,1 7,N/A,N/A,N/A,12
7,0.166667,5.83333,Yes,N/A,N/A,N/A,N/A,N/A,N/A,7,N/A,N/A,N/A,N/A,N/A
1 7 11,0.0277778,15.3735,Yes,N/A,N/A,N/A,N/A,N/A,N/A,7,1 7,N/A,N/A,11,1 11
1 7 11 12,0.00192901,27.2217,Yes,N/A,N/A,N/A,N/A,N/A,N/A,7,1 7,N/A,N/A,11,12
7 12,0.00925926,17.412,Yes,N/A,N/A,N/A,N/A,N/A,N/A,7,N/A,N/A,N/A,N/A,12
1 7 10,0.0462963,13.662,Yes,N/A,N/A,N/A,N/A,N/A,N/A,7,1 7,N/A,10,1 10,N/A
1 7 10 12,0.00385802,25.0243,Yes,N/A,N/A,N/A,N/A,N/A,N/A,7,1 7,N/A,10,1 10,12
7 10,0.0277778,14.7639,Yes,N/A,N/A,N/A,N/A,N/A,N/A,7,N/A,N/A,10,N/A,N/A
1 7 10 11,0.00848765,23.7981,Yes,N/A,N/A,N/A,N/A,N/A,N/A,7,1 7,N/A,10,11,1 11
1 7 10 11 12,0.000814472,35.5987,Yes,N/A,N/A,N/A,N/A,N/A,N/A,7,1 7,N/A,10,11,12
7 11,0.0185185,16.0556,Yes,N/A,N/A,N/A,N/A,N/A,N/A,7,N/A,N/A,N/A,11,N/A
7 11 12,0.00154321,27.5833,Yes,N/A,N/A,N/A,N/A,N/A,N/A,7,N/A,N/A,N/A,11,12
1 7 9,0.0648148,12.088,Yes,N/A,N/A,N/A,N/A,N/A,N/A,7,1 7,9,1 9,N/A,N/A
1 7 9 12,0.00540123,23.4034,Yes,N/A,N/A,N/A,N/A,N/A,N/A,7,1 7,9,1 9,N/A,12
7 9,0.037037,13.537,Yes,N/A,N/A,N/A,N/A,N/A,N/A,7,N/A,9,N/A,N/A,N/A
1 7 9 11,0.0138889,21.2864,Yes,N/A,N/A,N/A,N/A,N/A,N/A,7,1 7,9,1 9,11,1 11
1 7 9 11 12,0.00137174,32.9929,Yes,N/A,N/A,N/A,N/A,N/A,N/A,7,1 7,9,1 9,11,12
7 9 12,0.00308642,25.0221,Yes,N/A,N/A,N/A,N/A,N/A,N/A,7,N/A,9,N/A,N/A,12
1 7 9 10,0.0189043,20.5012,Yes,N/A,N/A,N/A,N/A,N/A,N/A,7,1 7,9,10,1 10,N/A
1 7 9 10 12,0.00210048,31.6804,Yes,N/A,N/A,N/A,N/A,N/A,N/A,7,1 7,9,10,1 10,12
7 9 10,0.00925926,22.2114,Yes,N/A,N/A,N/A,N/A,N/A,N/A,7,N/A,9,10,N/A,N/A
1 7 9 10 11,0.0045439,30.3646,Yes,N/A,N/A,N/A,N/A,N/A,N/A,7,1 7,9,10,11,1 11
1 7 9 10 11 12,0.000559652,42.0786,Yes,N/A,N/A,N/A,N/A,N/A,N/A,7,1 7,9,10,11,12
7 10 12,0.00231481,26.2693,Yes,N/A,N/A,N/A,N/A,N/A,N/A,7,N/A,N/A,10,N/A,12
7 10 11,0.00462963,24.8457,Yes,N/A,N/A,N/A,N/A,N/A,N/A,7,N/A,N/A,10,11,N/A
7 10 11 12,0.000514403,36.2865,Yes,N/A,N/A,N/A,N/A,N/A,N/A,7,N/A,N/A,10,11,12
1 7 8,0.0640432,11.9167,Yes,N/A,N/A,N/A,N/A,N/A,N/A,7,8,1 8,N/A,N/A,N/A
1 7 8 12,0.00533693,23.2819,Yes,N/A,N/A,N/A,N/A,N/A,N/A,7,8,1 8,N/A,N/A,12
7 8,0.0462963,12.375,Yes,N/A,N/A,N/A,N/A,N/A,N/A,7,8,N/A,N/A,N/A,N/A
1 7 8 11,0.0145319,21.1907,Yes,N/A,N/A,N/A,N/A,N/A,N/A,7,8,1 8,N/A,11,1 11
1 7 8 11 12,0.00140032,32.971,Yes,N/A,N/A,N/A,N/A,N/A,N/A,7,8,1 8,N/A,11,12
7 8 12,0.00385802,23.8418,Yes,N/A,N/A,N/A,N/A,N/A,N/A,7,8,N/A,N/A,N/A,12
1 7 8 10,0.0237269,19.259,Yes,N/A,N/A,N/A,N/A,N/A,N/A,7,8,1 8,10,1 10,N/A
1 7 8 10 12,0.00263632,30.4113,Yes,N/A,N/A,N/A,N/A,N/A,N/A,7,8,1 8,10,1 10,12
7 8 10,0.0115741,21.0008,Yes,N/A,N/A,N/A,N/A,N/A,N/A,7,8,N/A,10,N/A,N/A
1 7 8 10 11,0.0057013,29.0845,Yes,N/A,N/A,N/A,N/A,N/A,N/A,7,8,1 8,10,11,1 11
1 7 8 10 11 12,0.000702542,40.791,Yes,N/A,N/A,N/A,N/A,N/A,N/A,7,8,1 8,10,11,12
7 8 11,0.00771605,22.3837,Yes,N/A,N/A,N/A,N/A,N/A,N/A,7,8,N/A,N/A,11,N/A
7 8 11 12,0.000857339,33.7782,Yes,N/A,N/A,N/A,N/A,N/A,N/A,7,8,N/A,N/A,11,12
1 7 8 9,0.026749,18.9456,Yes,N/A,N/A,N/A,N/A,N/A,N/A,7,8,9,1 9,N/A,N/A
1 7 8 9 12,0.00297211,30.1381,Yes,N/A,N/A,N/A,N/A,N/A,N/A,7,8,9,1 9,N/A,12
7 8 9,0.0154321,19.6929,Yes,N/A,N/A,N/A,N/A,N/A,N/A,7,8,9,N/A,N/A,N/A
1 7 8 9 11,0.00765889,27.7574,Yes,N/A,N/A,N/A,N/A,N/A,N/A,7,8,9,1 9,11,1 11
1 7 8 9 11 12,0.00094466,39.458,Yes,N/A,N/A,N/A,N/A,N/A,N/A,7,8,9,1 9,11,12
7 8 9 12,0.00171468,31.0258,Yes,N/A,N/A,N/A,N/A,N/A,N/A,7,8,9,N/A,N/A,12
1 7 8 9 10,0.0104167,27.0778,Yes,N/A,N/A,N/A,N/A,N/A,N/A,7,8,9,10,1 10,N/A
1 7 8 9 10 12,0.00144676,38.0982,Yes,N/A,N/A,N/A,N/A,N/A,N/A,7,8,9,10,1 10,12
7 8 9 10,0.00514403,27.9493,Yes,N/A,N/A,N/A,N/A,N/A,N/A,7,8,9,10,N/A,N/A
1 7 8 9 10 11,0.00313167,36.7576,Yes,N/A,N/A,N/A,N/A,N/A,N/A,7,8,9,10,11,1 11
1 7 8 9 10 11 12,0.000462407,48.4938,Yes,N/A,N/A,N/A,N/A,N/A,N/A,7,8,9,10,11,12
8 10 12,0.00192901,27.3665,Yes,N/A,N/A,N/A,N/A,N/A,N/A,N/A,8,N/A,10,N/A,12
8 10 11,0.00385802,25.955,Yes,N/A,N/A,N/A,N/A,N/A,N/A,N/A,8,N/A,10,11,N/A
8 10 11 12,0.000428669,37.4126,Yes,N/A,N/A,N/A,N/A,N/A,N/A,N/A,8,N/A,10,11,12
8 9 11,0.00514403,24.6974,Yes,N/A,N/A,N/A,N/A,N/A,N/A,N/A,8,9,N/A,11,N/A
8 9 11 12,0.000571559,36.1317,Yes,N/A,N/A,N/A,N/A,N/A,N/A,N/A,8,9,N/A,11,12
8 9 10 12,0.000857339,34.7448,Yes,N/A,N/A,N/A,N/A,N/A,N/A,N/A,8,9,10,N/A,12
8 9 10 11,0.00171468,33.2287,Yes,N/A,N/A,N/A,N/A,N/A,N/A,N/A,8,9,10,11,N/A
8 9 10 11 12,0.00023815,44.5496,Yes,N/A,N/A,N/A,N/A,N/A,N/A,N/A,8,9,10,11,12
1 6,0.189815,4.97685,Yes,N/A,N/A,N/A,N/A,N/A,6,1 6,N/A,N/A,N/A,N/A,N/A
1 6 12,0.0105453,16.508,Yes,N/A,N/A,N/A,N/A,N/A,6,1 6,N/A,N/A,N/A,N/A,12
6,0.138889,5.16667,Yes,N/A,N/A,N/A,N/A,N/A,6,N/A,N/A,N/A,N/A,N/A,N/A
1 6 11,0.0288066,14.6857,Yes,N/A,N/A,N/A,N/A,N/A,6,1 6,N/A,N/A,N/A,11,1 11
1 6 11 12,0.00207905,26.5243,Yes,N/A,N/A,N/A,N/A,N/A,6,1 6,N/A,N/A,N/A,11,12
6 12,0.00771605,16.7639,Yes,N/A,N/A,N/A,N/A,N/A,6,N/A,N/A,N/A,N/A,N/A,12
1 6 10,0.0470679,12.9992,Yes,N/A,N/A,N/A,N/A,N/A,6,1 6,N/A,N/A,10,1 10,N/A
1 6 10 12,0.00392233,24.3728,Yes,N/A,N/A,N/A,N/A,N/A,6,1 6,N/A,N/A,10,1 10,12
6 10,0.0231481,14.1481,Yes,N/A,N/A,N/A,N/A,N/A,6,N/A,N/A,N/A,10,N/A,N/A
1 6 10 11,0.00848765,23.143,Yes,N/A,N/A,N/A,N/A,N/A,6,1 6,N/A,N/A,10,11,1 11
1 6 10 11 12,0.000835905,34.9319,Yes,N/A,N/A,N/A,N/A,N/A,6,1 6,N/A,N/A,10,11,12
6 11,0.0154321,15.4244,Yes,N/A,N/A,N/A,N/A,N/A,6,N/A,N/A,N/A,N/A,11,N/A
6 11 12,0.00128601,26.9737,Yes,N/A,N/A,N/A,N/A,N/A,6,N/A,N/A,N/A,N/A,11,12
1 6 9,0.0653292,11.4486,Yes,N/A,N/A,N/A,N/A,N/A,6,1 6,N/A,9,1 9,N/A,N/A
1 6 9 12,0.0054441,22.7768,Yes,N/A,N/A,N/A,N/A,N/A,6,1 6,N/A,9,1 9,N/A,12
6 9,0.0308642,12.9352,Yes,N/A,N/A,N/A,N/A,N/A,6,N/A,N/A,9,N/A,N/A,N/A
1 6 9 11,0.0134602,20.6976,Yes,N/A,N/A,N/A,N/A,N/A,6,1 6,N/A,9,1 9,11,1 11
1 6 9 11 12,0.00135269,32.3969,Yes,N/A,N/A,N/A,N/A,N/A,6,1 6,N/A,9,1 9,11,12
6 9 12,0.00257202,24.4444,Yes,N/A,N/A,N/A,N/A,N/A,6,N/A,N/A,9,N/A,N/A,12
1 6 9 10,0.0185828,19.891,Yes,N/A,N/A,N/A,N/A,N/A,6,1 6,N/A,9,10,1 10,N/A
1 6 9 10 12,0.00206476,31.0861,Yes,N/A,N/A,N/A,N/A,N/A,6,1 6,N/A,9,10,1 10,12
6 9 10,0.00771605,21.6764,Yes,N/A,N/A,N/A,N/A,N/A,6,N/A,N/A,9,10,N/A,N/A
1 6 9 10 11,0.00441529,29.766,Yes,N/A,N/A,N/A,N/A,N/A,6,1 6,N/A,9,10,11,1 11
1 6 9 10 11 12,0.000553698,41.465,Yes,N/A,N/A,N/A,N/A,N/A,6,1 6,N/A,9,10,11,12
6 10 12,0.00192901,25.6764,Yes,N/A,N/A,N/A,N/A,N/A,6,N/A,N/A,N/A,10,N/A,12
6 10 11,0.00385802,24.2739,Yes,N/A,N/A,N/A,N/A,N/A,6,N/A,N/A,N/A,10,11,N/A
6 10 11 12,0.000428669,35.7416,Yes,N/A,N/A,N/A,N/A,N/A,6,N/A,N/A,N/A,10,11,12
1 6 8,0.0835905,10.0337,Yes,N/A,N/A,N/A,N/A,N/A,6,1 6,8,1 8,N/A,N/A,N/A
1 6 8 12,0.00696588,21.3211,Yes,N/A,N/A,N/A,N/A,N/A,6,1 6,8,1 8,N/A,N/A,12
6 8,0.0385802,11.7855,Yes,N/A,N/A,N/A,N/A,N/A,6,N/A,8,N/A,N/A,N/A,N/A
1 6 8 11,0.0171468,19.1872,Yes,N/A,N/A,N/A,N/A,N/A,6,1 6,8,1 8,N/A,11,1 11
1 6 8 11 12,0.00172659,30.8521,Yes,N/A,N/A,N/A,N/A,N/A,6,1 6,8,1 8,N/A,11,12
6 8 12,0.00321502,23.2777,Yes,N/A,N/A,N/A,N/A,N/A,6,N/A,8,N/A,N/A,N/A,12
1 6 8 10,0.0273277,17.2192,Yes,N/A,N/A,N/A,N/A,N/A,6,1 6,8,1 8,10,1 10,N/A
1 6 8 10 12,0.00303641,28.2784,Yes,N/A,N/A,N/A,N/A,N/A,6,1 6,8,1 8,10,1 10,12
6 8 10,0.00964506,20.4815,Yes,N/A,N/A,N/A,N/A,N/A,6,N/A,8,N/A,10,N/A,N/A
1 6 8 10 11,0.00643004,26.8474,Yes,N/A,N/A,N/A,N/A,N/A,6,1 6,8,1 8,10,11,1 11
1 6 8 10 11 12,0.000818639,38.4073,Yes,N/A,N/A,N/A,N/A,N/A,6,1 6,8,1 8,10,11,12
6 8 11,0.00643004,21.843,Yes,N/A,N/A,N/A,N/A,N/A,6,N/A,8,N/A,N/A,11,N/A
6 8 11 12,0.000714449,33.2674,Yes,N/A,N/A,N/A,N/A,N/A,6,N/A,8,N/A,N/A,11,12
1 6 8 9,0.0323645,16.801,Yes,N/A,N/A,N/A,N/A,N/A,6,1 6,8,9,1 9,N/A,N/A
1 6 8 9 12,0.00359606,27.8896,Yes,N/A,N/A,N/A,N/A,N/A,6,1 6,8,9,1 9,N/A,12
6 8 9,0.0128601,19.1931,Yes,N/A,N/A,N/A,N/A,N/A,6,N/A,8,9,N/A,N/A,N/A
1 6 8 9 11,0.00862102,25.4497,Yes,N/A,N/A,N/A,N/A,N/A,6,1 6,8,9,1 9,11,1 11
1 6 8 9 11 12,0.00109813,36.9937,Yes,N/A,N/A,N/A,N/A,N/A,6,1 6,8,9,1 9,11,12
6 8 9 12,0.0014289,30.5599,Yes,N/A,N/A,N/A,N/A,N/A,6,N/A,8,9,N/A,N/A,12
1 6 8 9 10,0.0120385,24.6395,Yes,N/A,N/A,N/A,N/A,N/A,6,1 6,8,9,10,1 10,N/A
1 6 8 9 10 12,0.00167201,35.5248,Yes,N/A,N/A,N/A,N/A,N/A,6,1 6,8,9,10,1 10,12
6 8 9 10,0.00428669,27.544,Yes,N/A,N/A,N/A,N/A,N/A,6,N/A,8,9,10,N/A,N/A
1 6 8 9 10 11,0.00354248,34.0336,Yes,N/A,N/A,N/A,N/A,N/A,6,1 6,8,9,10,11,1 11
1 6 8 9 10 11 12,0.000540798,45.5572,Yes,N/A,N/A,N/A,N/A,N/A,6,1 6,8,9,10,11,12
6 9 11,0.00514403,23.0249,Yes,N/A,N/A,N/A,N/A,N/A,6,N/A,N/A,9,N/A,11,N/A
6 9 11 12,0.000571559,34.4698,Yes,N/A,N/A,N/A,N/A,N/A,6,N/A,N/A,9,N/A,11,12
6 9 10 12,0.000857339,33.0929,Yes,N/A,N/A,N/A,N/A,N/A,6,N/A,N/A,9,10,N/A,12
6 9 10 11,0.00171468,31.5879,Yes,N/A,N/A,N/A,N/A,N/A,6,N/A,N/A,9,10,11,N/A
6 9 10 11 12,0.00023815,42.9214,Yes,N/A,N/A,N/A,N/A,N/A,6,N/A,N/A,9,10,11,12
1 6 7,0.0740741,10.1157,Yes,N/A,N/A,N/A,N/A,N/A,6,7,1 7,N/A,N/A,N/A,N/A
1 6 7 12,0.00617284,21.4748,Yes,N/A,N/A,N/A,N/A,N/A,6,7,1 7,N/A,N/A,N/A,12
6 7,0.0462963,10.6991,Yes,N/A,N/A,N/A,N/A,N/A,6,7,N/A,N/A,N/A,N/A,N/A
1 6 7 11,0.0162037,19.3898,Yes,N/A,N/A,N/A,N/A,N/A,6,7,1 7,N/A,N/A,11,1 11
1 6 7 11 12,0.00158608,31.1517,Yes,N/A,N/A,N/A,N/A,N/A,6,7,1 7,N/A,N/A,11,12
6 7 12,0.00385802,22.1762,Yes,N/A,N/A,N/A,N/A,N/A,6,7,N/A,N/A,N/A,N/A,12
1 6 7 10,0.0262346,17.4664,Yes,N/A,N/A,N/A,N/A,N/A,6,7,1 7,N/A,10,1 10,N/A
1 6 7 10 12,0.00291495,28.6107,Yes,N/A,N/A,N/A,N/A,N/A,6,7,1 7,N/A,10,1 10,12
6 7 10,0.0115741,19.3557,Yes,N/A,N/A,N/A,N/A,N/A,6,7,N/A,N/A,10,N/A,N/A
1 6 7 10 11,0.00625857,27.2688,Yes,N/A,N/A,N/A,N/A,N/A,6,7,1 7,N/A,10,11,1 11
1 6 7 10 11 12,0.00077994,38.9511,Yes,N/A,N/A,N/A,N/A,N/A,6,7,1 7,N/A,10,11,12
6 7 11,0.00771605,20.7284,Yes,N/A,N/A,N/A,N/A,N/A,6,7,N/A,N/A,N/A,11,N/A
6 7 11 12,0.000857339,32.1344,Yes,N/A,N/A,N/A,N/A,N/A,6,7,N/A,N/A,N/A,11,12
1 6 7 9,0.0362654,15.7046,Yes,N/A,N/A,N/A,N/A,N/A,6,7,1 7,9,1 9,N/A,N/A
1 6 7 9 12,0.00402949,26.7787,Yes,N/A,N/A,N/A,N/A,N/A,6,7,1 7,9,1 9,N/A,12
6 7 9,0.0154321,18.0581,Yes,N/A,N/A,N/A,N/A,N/A,6,7,N/A,9,N/A,N/A,N/A
1 6 7 9 11,0.00977366,24.3043,Yes,N/A,N/A,N/A,N/A,N/A,6,7,1 7,9,1 9,11,1 11
1 6 7 9 11 12,0.00123838,35.8491,Yes,N/A,N/A,N/A,N/A,N/A,6,7,1 7,9,1 9,11,12
6 7 9 12,0.00171468,29.4039,Yes,N/A,N/A,N/A,N/A,N/A,6,7,N/A,9,N/A,N/A,12
1 6 7 9 10,0.0135888,23.5092,Yes,N/A,N/A,N/A,N/A,N/A,6,7,1 7,9,10,1 10,N/A
1 6 7 9 10 12,0.00188734,34.3744,Yes,N/A,N/A,N/A,N/A,N/A,6,7,1 7,9,10,1 10,12
6 7 9 10,0.00514403,26.3531,Yes,N/A,N/A,N/A,N/A,N/A,6,7,N/A,9,10,N/A,N/A
1 6 7 9 10 11,0.00401282,32.881,Yes,N/A,N/A,N/A,N/A,N/A,6,7,1 7,9,10,11,1 11
1 6 7 9 10 11 12,0.000609266,44.4103,Yes,N/A,N/A,N/A,N/A,N/A,6,7,1 7,9,10,11,12
6 7 10 12,0.00128601,30.7303,Yes,N/A,N/A,N/A,N/A,N/A,6,7,N/A,N/A,10,N/A,12
6 7 10 11,0.00257202,29.188,Yes,N/A,N/A,N/A,N/A,N/A,6,7,N/A,N/A,10,11,N/A
6 7 10 11 12,0.000357225,40.4704,Yes,N/A,N/A,N/A,N/A,N/A,6,7,N/A,N/A,10,11,12
1 6 7 8,0.0382587,15.6989,Yes,N/A,N/A,N/A,N/A,N/A,6,7,8,1 8,N/A,N/A,N/A
1 6 7 8 12,0.00425097,26.8365,Yes,N/A,N/A,N/A,N/A,N/A,6,7,8,1 8,N/A,N/A,12
6 7 8,0.0192901,16.8356,Yes,N/A,N/A,N/A,N/A,N/A,6,7,8,N/A,N/A,N/A,N/A
1 6 7 8 11,0.0106453,24.3937,Yes,N/A,N/A,N/A,N/A,N/A,6,7,8,1 8,N/A,11,1 11
1 6 7 8 11 12,0.00132967,36.037,Yes,N/A,N/A,N/A,N/A,N/A,6,7,8,1 8,N/A,11,12
6 7 8 12,0.00214335,28.1553,Yes,N/A,N/A,N/A,N/A,N/A,6,7,8,N/A,N/A,N/A,12
1 6 7 8 10,0.0170396,22.1426,Yes,N/A,N/A,N/A,N/A,N/A,6,7,8,1 8,10,1 10,N/A
1 6 7 8 10 12,0.00236661,32.9629,Yes,N/A,N/A,N/A,N/A,N/A,6,7,8,1 8,10,1 10,12
6 7 8 10,0.00643004,25.0605,Yes,N/A,N/A,N/A,N/A,N/A,6,7,8,N/A,10,N/A,N/A
1 6 7 8 10 11,0.00503091,31.448,Yes,N/A,N/A,N/A,N/A,N/A,6,7,8,1 8,10,11,1 11
1 6 7 8 10 11 12,0.000764064,42.9589,Yes,N/A,N/A,N/A,N/A,N/A,6,7,8,1 8,10,11,12
6 7 8 11,0.00428669,26.5636,Yes,N/A,N/A,N/A,N/A,N/A,6,7,8,N/A,N/A,11,N/A
6 7 8 11 12,0.000595374,37.7789,Yes,N/A,N/A,N/A,N/A,N/A,6,7,8,N/A,N/A,11,12
1 6 7 8 9,0.0200046,21.9544,Yes,N/A,N/A,N/A,N/A,N/A,6,7,8,9,1 9,N/A,N/A
1 6 7 8 9 12,0.00277841,32.8247,Yes,N/A,N/A,N/A,N/A,N/A,6,7,8,9,1 9,N/A,12
6 7 8 9,0.00857339,23.646,Yes,N/A,N/A,N/A,N/A,N/A,6,7,8,9,N/A,N/A,N/A
1 6 7 8 9 11,0.00674757,29.9396,Yes,N/A,N/A,N/A,N/A,N/A,6,7,8,9,1 9,11,1 11
1 6 7 8 9 11 12,0.00102537,41.4325,Yes,N/A,N/A,N/A,N/A,N/A,6,7,8,9,1 9,11,12
6 7 8 9 12,0.00119075,34.7715,Yes,N/A,N/A,N/A,N/A,N/A,6,7,8,9,N/A,N/A,12
1 6 7 8 9 10,0.00937714,29.2638,Yes,N/A,N/A,N/A,N/A,N/A,6,7,8,9,10,1 10,N/A
1 6 7 8 9 10 12,0.00156286,39.8512,Yes,N/A,N/A,N/A,N/A,N/A,6,7,8,9,10,1 10,12
6 7 8 9 10,0.00357225,31.3321,Yes,N/A,N/A,N/A,N/A,N/A,6,7,8,9,10,N/A,N/A
1 6 7 8 9 10 11,0.00332417,38.2741,Yes,N/A,N/A,N/A,N/A,N/A,6,7,8,9,10,11,1 11
1 6 7 8 9 10 11 12,0.000588483,49.777,Yes,N/A,N/A,N/A,N/A,N/A,6,7,8,9,10,11,12
7 9 11,0.00617284,23.5802,Yes,N/A,N/A,N/A,N/A,N/A,N/A,7,N/A,9,N/A,11,N/A
7 9 11 12,0.000685871,34.9967,Yes,N/A,N/A,N/A,N/A,N/A,N/A,7,N/A,9,N/A,11,12
7 9 10 12,0.00102881,33.5975,Yes,N/A,N/A,N/A,N/A,N/A,N/A,7,N/A,9,10,N/A,12
7 9 10 11,0.00205761,32.0643,Yes,N/A,N/A,N/A,N/A,N/A,N/A,7,N/A,9,10,11,N/A
7 9 10 11 12,0.00028578,43.3617,Yes,N/A,N/A,N/A,N/A,N/A,N/A,7,N/A,9,10,11,12
7 8 10 12,0.00128601,32.3631,Yes,N/A,N/A,N/A,N/A,N/A,N/A,7,8,N/A,10,N/A,12
7 8 10 11,0.00257202,30.8086,Yes,N/A,N/A,N/A,N/A,N/A,N/A,7,8,N/A,10,11,N/A
7 8 10 11 12,0.000357225,42.0772,Yes,N/A,N/A,N/A,N/A,N/A,N/A,7,8,N/A,10,11,12
7 8 9 11,0.00342936,29.4446,Yes,N/A,N/A,N/A,N/A,N/A,N/A,7,8,9,N/A,11,N/A
7 8 9 11 12,0.000476299,40.6773,Yes,N/A,N/A,N/A,N/A,N/A,N/A,7,8,9,N/A,11,12
7 8 9 10 12,0.000714449,39.1371,Yes,N/A,N/A,N/A,N/A,N/A,N/A,7,8,9,10,N/A,12
7 8 9 10 11,0.0014289,37.4211,Yes,N/A,N/A,N/A,N/A,N/A,N/A,7,8,9,10,11,N/A
7 8 9 10 11 12,0.00023815,48.4762,Yes,N/A,N/A,N/A,N/A,N/A,N/A,7,8,9,10,11,12
1 5,0.157407,4.59259,Yes,N/A,N/A,N/A,N/A,5,1 5,N/A,N/A,N/A,N/A,N/A,N/A
1 5 12,0.00874486,16.1548,Yes,N/A,N/A,N/A,N/A,5,1 5,N/A,N/A,N/A,N/A,N/A,12
5,0.111111,4.44444,Yes,N/A,N/A,N/A,N/A,5,N/A,N/A,N/A,N/A,N/A,N/A,N/A
1 5 11,0.0236626,14.3822,Yes,N/A,N/A,N/A,N/A,5,1 5,N/A,N/A,N/A,N/A,11,1 11
1 5 11 12,0.00171468,26.2454,Yes,N/A,N/A,N/A,N/A,5,1 5,N/A,N/A,N/A,N/A,11,12
5 12,0.00617284,16.0586,Yes,N/A,N/A,N/A,N/A,5,N/A,N/A,N/A,N/A,N/A,N/A,12
1 5 10,0.0385802,12.7407,Yes,N/A,N/A,N/A,N/A,5,1 5,N/A,N/A,N/A,10,1 10,N/A
1 5 10 12,0.00321502,24.1604,Yes,N/A,N/A,N/A,N/A,5,1 5,N/A,N/A,N/A,10,1 10,12
5 10,0.0185185,13.4722,Yes,N/A,N/A,N/A,N/A,5,N/A,N/A,N/A,N/A,10,N/A,N/A
1 5 10 11,0.00694444,22.9596,Yes,N/A,N/A,N/A,N/A,5,1 5,N/A,N/A,N/A,10,11,1 11
1 5 10 11 12,0.000685871,34.7804,Yes,N/A,N/A,N/A,N/A,5,1 5,N/A,N/A,N/A,10,11,12
5 11,0.0123457,14.7346,Yes,N/A,N/A,N/A,N/A,5,N/A,N/A,N/A,N/A,N/A,11,N/A
5 11 12,0.00102881,26.3037,Yes,N/A,N/A,N/A,N/A,5,N/A,N/A,N/A,N/A,N/A,11,12
1 5 9,0.0534979,11.2305,Yes,N/A,N/A,N/A,N/A,5,1 5,N/A,N/A,9,1 9,N/A,N/A
1 5 9 12,0.00445816,22.6084,Yes,N/A,N/A,N/A,N/A,5,1 5,N/A,N/A,9,1 9,N/A,12
5 9,0.0246914,12.2716,Yes,N/A,N/A,N/A,N/A,5,N/A,N/A,N/A,9,N/A,N/A,N/A
1 5 9 11,0.0109739,20.5981,Yes,N/A,N/A,N/A,N/A,5,1 5,N/A,N/A,9,1 9,11,1 11
1 5 9 11 12,0.00110501,32.3357,Yes,N/A,N/A,N/A,N/A,5,1 5,N/A,N/A,9,1 9,11,12
5 9 12,0.00205761,23.8032,Yes,N/A,N/A,N/A,N/A,5,N/A,N/A,N/A,9,N/A,N/A,12
1 5 9 10,0.0151749,19.8024,Yes,N/A,N/A,N/A,N/A,5,1 5,N/A,N/A,9,10,1 10,N/A
1 5 9 10 12,0.0016861,31.0605,Yes,N/A,N/A,N/A,N/A,5,1 5,N/A,N/A,9,10,1 10,12
5 9 10,0.00617284,21.0741,Yes,N/A,N/A,N/A,N/A,5,N/A,N/A,N/A,9,10,N/A,N/A
1 5 9 10 11,0.00360082,29.7805,Yes,N/A,N/A,N/A,N/A,5,1 5,N/A,N/A,9,10,11,1 11
1 5 9 10 11 12,0.000452484,41.5239,Yes,N/A,N/A,N/A,N/A,5,1 5,N/A,N/A,9,10,11,12
5 10 12,0.00154321,25.0216,Yes,N/A,N/A,N/A,N/A,5,N/A,N/A,N/A,N/A,10,N/A,12
5 10 11,0.00308642,23.6384,Yes,N/A,N/A,N/A,N/A,5,N/A,N/A,N/A,N/A,10,11,N/A
5 10 11 12,0.000342936,35.1309,Yes,N/A,N/A,N/A,N/A,5,N/A,N/A,N/A,N/A,10,11,12
1 5 8,0.0684156,9.85134,Yes,N/A,N/A,N/A,N/A,5,1 5,N/A,8,1 8,N/A,N/A,N/A
1 5 8 12,0.0057013,21.1917,Yes,N/A,N/A,N/A,N/A,5,1 5,N/A,8,1 8,N/A,N/A,12
5 8,0.0308642,11.1327,Yes,N/A,N/A,N/A,N/A,5,N/A,N/A,8,N/A,N/A,N/A,N/A
1 5 8 11,0.0139746,19.1311,Yes,N/A,N/A,N/A,N/A,5,1 5,N/A,8,1 8,N/A,11,1 11
1 5 8 11 12,0.00140985,30.8376,Yes,N/A,N/A,N/A,N/A,5,1 5,N/A,8,1 8,N/A,11,12
5 8 12,0.00257202,22.6483,Yes,N/A,N/A,N/A,N/A,5,N/A,N/A,8,N/A,N/A,N/A,12
1 5 8 10,0.0222479,17.2302,Yes,N/A,N/A,N/A,N/A,5,1 5,N/A,8,1 8,10,1 10,N/A
1 5 8 10 12,0.00247199,28.3621,Yes,N/A,N/A,N/A,N/A,5,1 5,N/A,8,1 8,10,1 10,12
5 8 10,0.00771605,19.893,Yes,N/A,N/A,N/A,N/A,5,N/A,N/A,8,N/A,10,N/A,N/A
1 5 8 10 11,0.00522977,26.9794,Yes,N/A,N/A,N/A,N/A,5,1 5,N/A,8,1 8,10,11,1 11
1 5 8 10 11 12,0.000666819,38.594,Yes,N/A,N/A,N/A,N/A,5,1 5,N/A,8,1 8,10,11,12
5 8 11,0.00514403,21.2351,Yes,N/A,N/A,N/A,N/A,5,N/A,N/A,8,N/A,N/A,11,N/A
5 8 11 12,0.000571559,32.6872,Yes,N/A,N/A,N/A,N/A,5,N/A,N/A,8,N/A,N/A,11,12
1 5 8 9,0.026406,16.8045,Yes,N/A,N/A,N/A,N/A,5,1 5,N/A,8,9,1 9,N/A,N/A
1 5 8 9 12,0.002934,27.9656,Yes,N/A,N/A,N/A,N/A,5,1 5,N/A,8,9,1 9,N/A,12
5 8 9,0.0102881,18.6221,Yes,N/A,N/A,N/A,N/A,5,N/A,N/A,8,9,N/A,N/A,N/A
1 5 8 9 11,0.00701113,25.6248,Yes,N/A,N/A,N/A,N/A,5,1 5,N/A,8,9,1 9,11,1 11
1 5 8 9 11 12,0.000894384,37.2264,Yes,N/A,N/A,N/A,N/A,5,1 5,N/A,8,9,1 9,11,12
5 8 9 12,0.00114312,30.0205,Yes,N/A,N/A,N/A,N/A,5,N/A,N/A,8,9,N/A,N/A,12
1 5 8 9 10,0.00980224,24.8327,Yes,N/A,N/A,N/A,N/A,5,1 5,N/A,8,9,10,1 10,N/A
1 5 8 9 10 12,0.00136142,35.8113,Yes,N/A,N/A,N/A,N/A,5,1 5,N/A,8,9,10,1 10,12
5 8 9 10,0.00342936,27.0602,Yes,N/A,N/A,N/A,N/A,5,N/A,N/A,8,9,10,N/A,N/A
1 5 8 9 10 11,0.00288161,34.3812,Yes,N/A,N/A,N/A,N/A,5,1 5,N/A,8,9,10,11,1 11
1 5 8 9 10 11 12,0.000440577,45.9728,Yes,N/A,N/A,N/A,N/A,5,1 5,N/A,8,9,10,11,12
5 9 11,0.00411523,22.404,Yes,N/A,N/A,N/A,N/A,5,N/A,N/A,N/A,9,N/A,11,N/A
5 9 11 12,0.000457247,33.8752,Yes,N/A,N/A,N/A,N/A,5,N/A,N/A,N/A,9,N/A,11,12
5 9 10 12,0.000685871,32.5187,Yes,N/A,N/A,N/A,N/A,5,N/A,N/A,N/A,9,10,N/A,12
5 9 10 11,0.00137174,31.0396,Yes,N/A,N/A,N/A,N/A,5,N/A,N/A,N/A,9,10,11,N/A
5 9 10 11 12,0.00019052,42.4068,Yes,N/A,N/A,N/A,N/A,5,N/A,N/A,N/A,9,10,11,12
1 5 7,0.087963,8.26543,Yes,N/A,N/A,N/A,N/A,5,1 5,7,1 7,N/A,N/A,N/A,5 7
1 5 7 12,0.00707305,19.901,Yes,N/A,N/A,N/A,N/A,5,1 5,7,1 7,N/A,N/A,N/A,12
1 5 7 11,0.0172325,17.8143,Yes,N/A,N/A,N/A,N/A,5,1 5,7,1 7,N/A,N/A,11,5 7
1 5 7 11 12,0.00172897,29.4836,Yes,N/A,N/A,N/A,N/A,5,1 5,7,1 7,N/A,N/A,11,12
5 7,0.0648148,9.72222,Yes,N/A,N/A,N/A,N/A,5,N/A,7,N/A,N/A,N/A,N/A,5 7
5 7 12,0.00385802,21.5478,Yes,N/A,N/A,N/A,N/A,5,N/A,7,N/A,N/A,N/A,N/A,12
1 5 7 10,0.0308642,15.446,Yes,N/A,N/A,N/A,N/A,5,1 5,7,1 7,N/A,10,1 10,5 7
1 5 7 10 12,0.00316144,26.9377,Yes,N/A,N/A,N/A,N/A,5,1 5,7,1 7,N/A,10,1 10,12
1 5 7 10 11,0.00658008,25.5484,Yes,N/A,N/A,N/A,N/A,5,1 5,7,1 7,N/A,10,11,5 7
1 5 7 10 11 12,0.000826379,37.1122,Yes,N/A,N/A,N/A,N/A,5,1 5,7,1 7,N/A,10,11,12
5 7 11,0.00925926,19.7629,Yes,N/A,N/A,N/A,N/A,5,N/A,7,N/A,N/A,N/A,11,5 7
5 7 11 12,0.000814472,31.5559,Yes,N/A,N/A,N/A,N/A,5,N/A,7,N/A,N/A,N/A,11,12
1 5 7 9,0.0426955,13.6432,Yes,N/A,N/A,N/A,N/A,5,1 5,7,1 7,9,1 9,N/A,5 7
1 5 7 9 12,0.00435099,25.0911,Yes,N/A,N/A,N/A,N/A,5,1 5,7,1 7,9,1 9,N/A,12
1 5 7 9 11,0.0103452,22.5673,Yes,N/A,N/A,N/A,N/A,5,1 5,7,1 7,9,1 9,11,5 7
1 5 7 9 11 12,0.00128442,34.0472,Yes,N/A,N/A,N/A,N/A,5,1 5,7,1 7,9,1 9,11,12
5 7 9,0.0185185,17.1019,Yes,N/A,N/A,N/A,N/A,5,N/A,7,N/A,9,N/A,N/A,5 7
5 7 9 12,0.00162894,28.8667,Yes,N/A,N/A,N/A,N/A,5,N/A,7,N/A,9,N/A,N/A,12
1 5 7 9 10,0.0154107,21.2041,Yes,N/A,N/A,N/A,N/A,5,1 5,7,1 7,9,10,1 10,5 7
1 5 7 9 10 12,0.00198498,32.4897,Yes,N/A,N/A,N/A,N/A,5,1 5,7,1 7,9,10,1 10,12
1 5 7 9 10 11,0.00414857,30.9306,Yes,N/A,N/A,N/A,N/A,5,1 5,7,1 7,9,10,11,5 7
1 5 7 9 10 11 12,0.00062812,42.3,Yes,N/A,N/A,N/A,N/A,5,1 5,7,1 7,9,10,11,12
5 7 10,0.0138889,18.3951,Yes,N/A,N/A,N/A,N/A,5,N/A,7,N/A,N/A,10,N/A,5 7
5 7 10 12,0.00122171,30.1735,Yes,N/A,N/A,N/A,N/A,5,N/A,7,N/A,N/A,10,N/A,12
5 7 10 11,0.00282922,28.2431,Yes,N/A,N/A,N/A,N/A,5,N/A,7,N/A,N/A,10,11,5 7
5 7 10 11 12,0.000328647,39.9775,Yes,N/A,N/A,N/A,N/A,5,N/A,7,N/A,N/A,10,11,12
1 5 7 8,0.0480967,13.5203,Yes,N/A,N/A,N/A,N/A,5,1 5,7,8,1 8,N/A,N/A,5 7
1 5 7 8 12,0.0048261,25.0473,Yes,N/A,N/A,N/A,N/A,5,1 5,7,8,1 8,N/A,N/A,12
1 5 7 8 11,0.0117384,22.5341,Yes,N/A,N/A,N/A,N/A,5,1 5,7,8,1 8,N/A,11,5 7
1 5 7 8 11 12,0.00143445,34.1131,Yes,N/A,N/A,N/A,N/A,5,1 5,7,8,1 8,N/A,11,12
5 7 8,0.0231481,15.8832,Yes,N/A,N/A,N/A,N/A,5,N/A,7,8,N/A,N/A,N/A,5 7
5 7 8 12,0.00203618,27.6355,Yes,N/A,N/A,N/A,N/A,5,N/A,7,8,N/A,N/A,N/A,12
1 5 7 8 10,0.020126,19.7075,Yes,N/A,N/A,N/A,N/A,5,1 5,7,8,1 8,10,1 10,5 7
1 5 7 8 10 12,0.00253272,31.0316,Yes,N/A,N/A,N/A,N/A,5,1 5,7,8,1 8,10,1 10,12
1 5 7 8 10 11,0.0053798,29.3635,Yes,N/A,N/A,N/A,N/A,5,1 5,7,8,1 8,10,11,5 7
1 5 7 8 10 11 12,0.000799786,40.7875,Yes,N/A,N/A,N/A,N/A,5,1 5,7,8,1 8,10,11,12
5 7 8 11,0.00471536,25.6294,Yes,N/A,N/A,N/A,N/A,5,N/A,7,8,N/A,N/A,11,5 7
5 7 8 11 12,0.000547744,37.331,Yes,N/A,N/A,N/A,N/A,5,N/A,7,8,N/A,N/A,11,12
1 5 7 8 9,0.0238483,19.4303,Yes,N/A,N/A,N/A,N/A,5,1 5,7,8,9,1 9,N/A,5 7
1 5 7 8 9 12,0.00303006,30.7627,Yes,N/A,N/A,N/A,N/A,5,1 5,7,8,9,1 9,N/A,12
1 5 7 8 9 11,0.00721435,27.7948,Yes,N/A,N/A,N/A,N/A,5,1 5,7,8,9,1 9,11,5 7
1 5 7 8 9 11 12,0.00107234,39.1827,Yes,N/A,N/A,N/A,N/A,5,1 5,7,8,9,1 9,11,12
5 7 8 9,0.00943073,22.727,Yes,N/A,N/A,N/A,N/A,5,N/A,7,8,9,N/A,N/A,5 7
5 7 8 9 12,0.00109549,34.3841,Yes,N/A,N/A,N/A,N/A,5,N/A,7,8,9,N/A,N/A,12
1 5 7 8 9 10,0.0107382,26.3562,Yes,N/A,N/A,N/A,N/A,5,1 5,7,8,9,10,1 10,5 7
1 5 7 8 9 10 12,0.00165564,37.4704,Yes,N/A,N/A,N/A,N/A,5,1 5,7,8,9,10,1 10,12
1 5 7 8 9 10 11,0.00348294,35.7755,Yes,N/A,N/A,N/A,N/A,5,1 5,7,8,9,10,11,5 7
1 5 7 8 9 10 11 12,0.000612078,47.0308,Yes,N/A,N/A,N/A,N/A,5,1 5,7,8,9,10,11,12
5 8 10 12,0.000857339,31.317,Yes,N/A,N/A,N/A,N/A,5,N/A,N/A,8,N/A,10,N/A,12
5 8 10 11,0.00171468,29.8195,Yes,N/A,N/A,N/A,N/A,5,N/A,N/A,8,N/A,10,11,N/A
5 8 10 11 12,0.00023815,41.1617,Yes,N/A,N/A,N/A,N/A,5,N/A,N/A,8,N/A,10,11,12
5 8 9 11,0.00228624,28.4998,Yes,N/A,N/A,N/A,N/A,5,N/A,N/A,8,9,N/A,11,N/A
5 8 9 11 12,0.000317533,39.8109,Yes,N/A,N/A,N/A,N/A,5,N/A,N/A,8,9,N/A,11,12
5 8 9 10 12,0.000476299,38.3323,Yes,N/A,N/A,N/A,N/A,5,N/A,N/A,8,9,10,N/A,12
5 8 9 10 11,0.000952599,36.6947,Yes,N/A,N/A,N/A,N/A,5,N/A,N/A,8,9,10,11,N/A
5 8 9 10 11 12,0.000158766,47.852,Yes,N/A,N/A,N/A,N/A,5,N/A,N/A,8,9,10,11,12
1 5 6,0.0985082,7.97788,Yes,N/A,N/A,N/A,N/A,5,6,1 6,N/A,N/A,N/A,5 6,1 5 6
1 5 6 12,0.00640861,19.6794,Yes,N/A,N/A,N/A,N/A,5,6,1 6,N/A,N/A,N/A,5 6,12
5 6,0.0864198,8.83025,Yes,N/A,N/A,N/A,N/A,5,6,N/A,N/A,N/A,N/A,5 6,N/A
1 5 6 11,0.016418,18.2735,Yes,N/A,N/A,N/A,N/A,5,6,1 6,N/A,N/A,N/A,11,1 11
1 5 6 11 12,0.00145271,30.0772,Yes,N/A,N/A,N/A,N/A,5,6,1 6,N/A,N/A,N/A,11,12
1 5 6 10,0.0280564,16.0755,Yes,N/A,N/A,N/A,N/A,5,6,1 6,N/A,N/A,10,5 6,1 5 6
1 5 6 10 12,0.00266728,27.6613,Yes,N/A,N/A,N/A,N/A,5,6,1 6,N/A,N/A,10,5 6,12
5 6 10,0.0169753,17.5216,Yes,N/A,N/A,N/A,N/A,5,6,N/A,N/A,N/A,10,5 6,N/A
1 5 6 10 11,0.00582038,26.3526,Yes,N/A,N/A,N/A,N/A,5,6,1 6,N/A,N/A,10,11,1 11
1 5 6 10 11 12,0.000676213,38.0923,Yes,N/A,N/A,N/A,N/A,5,6,1 6,N/A,N/A,10,11,12
5 6 12,0.00565844,20.3198,Yes,N/A,N/A,N/A,N/A,5,6,N/A,N/A,N/A,N/A,5 6,12
5 6 11,0.00823045,19.5286,Yes,N/A,N/A,N/A,N/A,5,6,N/A,N/A,N/A,N/A,11,N/A
5 6 11 12,0.000828761,30.9884,Yes,N/A,N/A,N/A,N/A,5,6,N/A,N/A,N/A,N/A,11,12
1 5 6 9,0.0456962,13.591,Yes,N/A,N/A,N/A,N/A,5,6,1 6,N/A,9,1 9,5 6,1 5 6
1 5 6 9 12,0.00433432,25.0741,Yes,N/A,N/A,N/A,N/A,5,6,1 6,N/A,9,1 9,5 6,12
5 6 9,0.0226337,16.2339,Yes,N/A,N/A,N/A,N/A,5,6,N/A,N/A,9,N/A,5 6,N/A
1 5 6 9 11,0.0093831,23.5361,Yes,N/A,N/A,N/A,N/A,5,6,1 6,N/A,9,1 9,11,1 11
1 5 6 9 11 12,0.00111189,35.1521,Yes,N/A,N/A,N/A,N/A,5,6,1 6,N/A,9,1 9,11,12
1 5 6 9 10,0.0138841,22.2904,Yes,N/A,N/A,N/A,N/A,5,6,1 6,N/A,9,10,5 6,1 5 6
1 5 6 9 10 12,0.00172473,33.7015,Yes,N/A,N/A,N/A,N/A,5,6,1 6,N/A,9,10,5 6,12
5 6 9 10,0.00651578,24.579,Yes,N/A,N/A,N/A,N/A,5,6,N/A,N/A,9,10,5 6,N/A
1 5 6 9 10 11,0.00360029,32.2606,Yes,N/A,N/A,N/A,N/A,5,6,1 6,N/A,9,10,11,1 11
1 5 6 9 10 11 12,0.00051974,43.8725,Yes,N/A,N/A,N/A,N/A,5,6,1 6,N/A,9,10,11,12
5 6 10 12,0.00162894,28.9128,Yes,N/A,N/A,N/A,N/A,5,6,N/A,N/A,N/A,10,5 6,12
5 6 10 11,0.00248628,28.1366,Yes,N/A,N/A,N/A,N/A,5,6,N/A,N/A,N/A,10,11,N/A
5 6 10 11 12,0.000323884,39.4875,Yes,N/A,N/A,N/A,N/A,5,6,N/A,N/A,N/A,10,11,12
1 5 6 8,0.0585348,12.0005,Yes,N/A,N/A,N/A,N/A,5,6,1 6,8,1 8,N/A,5 6,1 5 6
1 5 6 8 12,0.00555365,23.4343,Yes,N/A,N/A,N/A,N/A,5,6,1 6,8,1 8,N/A,5 6,12
5 6 8,0.0282922,15.0204,Yes,N/A,N/A,N/A,N/A,5,6,N/A,8,N/A,N/A,5 6,N/A
1 5 6 8 11,0.0119361,21.87,Yes,N/A,N/A,N/A,N/A,5,6,1 6,8,1 8,N/A,11,1 11
1 5 6 8 11 12,0.00141686,33.4388,Yes,N/A,N/A,N/A,N/A,5,6,1 6,8,1 8,N/A,11,12
1 5 6 8 10,0.0208167,19.0699,Yes,N/A,N/A,N/A,N/A,5,6,1 6,8,1 8,10,5 6,1 5 6
1 5 6 8 10 12,0.00259113,30.299,Yes,N/A,N/A,N/A,N/A,5,6,1 6,8,1 8,10,5 6,12
5 6 8 10,0.00814472,23.2987,Yes,N/A,N/A,N/A,N/A,5,6,N/A,8,N/A,10,5 6,N/A
1 5 6 8 10 11,0.00518862,28.8489,Yes,N/A,N/A,N/A,N/A,5,6,1 6,8,1 8,10,11,1 11
1 5 6 8 10 11 12,0.000759323,40.2707,Yes,N/A,N/A,N/A,N/A,5,6,1 6,8,1 8,10,11,12
5 6 8 12,0.00271491,26.3591,Yes,N/A,N/A,N/A,N/A,5,6,N/A,8,N/A,N/A,5 6,12
5 6 8 11,0.0041438,25.5898,Yes,N/A,N/A,N/A,N/A,5,6,N/A,8,N/A,N/A,11,N/A
5 6 8 11 12,0.000539806,36.8821,Yes,N/A,N/A,N/A,N/A,5,6,N/A,8,N/A,N/A,11,12
1 5 6 8 9,0.0273015,17.8206,Yes,N/A,N/A,N/A,N/A,5,6,1 6,8,9,1 9,5 6,1 5 6
1 5 6 8 9 12,0.0033894,29.0361,Yes,N/A,N/A,N/A,N/A,5,6,1 6,8,9,1 9,5 6,12
5 6 8 9,0.0108596,21.8996,Yes,N/A,N/A,N/A,N/A,5,6,N/A,8,9,N/A,5 6,N/A
1 5 6 8 9 11,0.00710586,27.2331,Yes,N/A,N/A,N/A,N/A,5,6,1 6,8,9,1 9,11,1 11
1 5 6 8 9 11 12,0.00104168,38.6233,Yes,N/A,N/A,N/A,N/A,5,6,1 6,8,9,1 9,11,12
1 5 6 8 9 10,0.0106908,25.8322,Yes,N/A,N/A,N/A,N/A,5,6,1 6,8,9,10,5 6,1 5 6
1 5 6 8 9 10 12,0.00163772,36.9104,Yes,N/A,N/A,N/A,N/A,5,6,1 6,8,9,10,5 6,12
5 6 8 9 10,0.00409617,29.6651,Yes,N/A,N/A,N/A,N/A,5,6,N/A,8,9,10,5 6,N/A
1 5 6 8 9 10 11,0.00332902,35.2205,Yes,N/A,N/A,N/A,N/A,5,6,1 6,8,9,10,11,1 11
1 5 6 8 9 10 11 12,0.000574561,46.5711,Yes,N/A,N/A,N/A,N/A,5,6,1 6,8,9,10,11,12
5 6 9 12,0.00217193,27.5975,Yes,N/A,N/A,N/A,N/A,5,6,N/A,N/A,9,N/A,5 6,12
5 6 9 11,0.00331504,26.825,Yes,N/A,N/A,N/A,N/A,5,6,N/A,N/A,9,N/A,11,N/A
5 6 9 11 12,0.000431845,38.1452,Yes,N/A,N/A,N/A,N/A,5,6,N/A,N/A,9,N/A,11,12
5 6 9 10 12,0.000819235,35.8066,Yes,N/A,N/A,N/A,N/A,5,6,N/A,N/A,9,10,5 6,12
5 6 9 10 11,0.00129553,35.048,Yes,N/A,N/A,N/A,N/A,5,6,N/A,N/A,9,10,11,N/A
5 6 9 10 11 12,0.000206396,46.2157,Yes,N/A,N/A,N/A,N/A,5,6,N/A,N/A,9,10,11,12
1 5 6 7,0.0634002,12.1437,Yes,N/A,N/A,N/A,N/A,5,6,7,1 7,N/A,N/A,5 6,5 7
1 5 6 7 12,0.00579775,23.7408,Yes,N/A,N/A,N/A,N/A,5,6,7,1 7,N/A,N/A,5 6,12
1 5 6 7 11,0.0123957,22.3025,Yes,N/A,N/A,N/A,N/A,5,6,7,1 7,N/A,N/A,11,5 7
1 5 6 7 11 12,0.00144001,33.9782,Yes,N/A,N/A,N/A,N/A,5,6,7,1 7,N/A,N/A,11,12
1 5 6 7 10,0.0233982,19.3864,Yes,N/A,N/A,N/A,N/A,5,6,7,1 7,N/A,10,5 6,5 7
1 5 6 7 10 12,0.00278119,30.8422,Yes,N/A,N/A,N/A,N/A,5,6,7,1 7,N/A,10,5 6,12
1 5 6 7 10 11,0.00549332,29.5677,Yes,N/A,N/A,N/A,N/A,5,6,7,1 7,N/A,10,11,5 7
1 5 6 7 10 11 12,0.000786225,41.1262,Yes,N/A,N/A,N/A,N/A,5,6,7,1 7,N/A,10,11,12
5 6 7,0.0416667,13.4784,Yes,N/A,N/A,N/A,N/A,5,6,7,N/A,N/A,N/A,5 6,5 7
5 6 7 12,0.00357939,25.1851,Yes,N/A,N/A,N/A,N/A,5,6,7,N/A,N/A,N/A,5 6,12
5 6 7 11,0.00625857,23.98,Yes,N/A,N/A,N/A,N/A,5,6,7,N/A,N/A,N/A,11,5 7
5 6 7 11 12,0.000719212,35.6833,Yes,N/A,N/A,N/A,N/A,5,6,7,N/A,N/A,N/A,11,12
1 5 6 7 9,0.0366512,16.2885,Yes,N/A,N/A,N/A,N/A,5,6,7,1 7,9,1 9,5 6,5 7
1 5 6 7 9 12,0.00433671,27.6282,Yes,N/A,N/A,N/A,N/A,5,6,7,1 7,9,1 9,5 6,12
1 5 6 7 9 11,0.00885599,25.9394,Yes,N/A,N/A,N/A,N/A,5,6,7,1 7,9,1 9,11,5 7
1 5 6 7 9 11 12,0.00126815,37.373,Yes,N/A,N/A,N/A,N/A,5,6,7,1 7,9,1 9,11,12
1 5 6 7 9 10,0.0140897,24.2222,Yes,N/A,N/A,N/A,N/A,5,6,7,1 7,9,10,5 6,5 7
1 5 6 7 9 10 12,0.00206512,35.4174,Yes,N/A,N/A,N/A,N/A,5,6,7,1 7,9,10,5 6,12
1 5 6 7 9 10 11,0.00405582,33.98,Yes,N/A,N/A,N/A,N/A,5,6,7,1 7,9,10,11,5 7
1 5 6 7 9 10 11 12,0.000690652,45.3026,Yes,N/A,N/A,N/A,N/A,5,6,7,1 7,9,10,11,12
5 6 7 10,0.0117027,21.6289,Yes,N/A,N/A,N/A,N/A,5,6,7,N/A,N/A,10,5 6,5 7
5 6 7 10 12,0.00133602,33.2497,Yes,N/A,N/A,N/A,N/A,5,6,7,N/A,N/A,10,5 6,12
5 6 7 10 11,0.00237197,31.9794,Yes,N/A,N/A,N/A,N/A,5,6,7,N/A,N/A,10,11,5 7
5 6 7 10 11 12,0.000339363,43.5895,Yes,N/A,N/A,N/A,N/A,5,6,7,N/A,N/A,10,11,12
1 5 6 7 8,0.040002,16.4972,Yes,N/A,N/A,N/A,N/A,5,6,7,8,1 8,N/A,5 6,5 7
1 5 6 7 8 12,0.00467885,27.9637,Yes,N/A,N/A,N/A,N/A,5,6,7,8,1 8,N/A,5 6,12
1 5 6 7 8 11,0.00991814,26.1966,Yes,N/A,N/A,N/A,N/A,5,6,7,8,1 8,N/A,11,5 7
1 5 6 7 8 11 12,0.00139847,37.7804,Yes,N/A,N/A,N/A,N/A,5,6,7,8,1 8,N/A,11,12
1 5 6 7 8 10,0.0181188,22.5612,Yes,N/A,N/A,N/A,N/A,5,6,7,8,1 8,10,5 6,5 7
1 5 6 7 8 10 12,0.00262097,33.8135,Yes,N/A,N/A,N/A,N/A,5,6,7,8,1 8,10,5 6,12
1 5 6 7 8 10 11,0.00520919,32.2228,Yes,N/A,N/A,N/A,N/A,5,6,7,8,1 8,10,11,5 7
1 5 6 7 8 10 11 12,0.000876284,43.6271,Yes,N/A,N/A,N/A,N/A,5,6,7,8,1 8,10,11,12
5 6 7 8,0.0195045,18.8558,Yes,N/A,N/A,N/A,N/A,5,6,7,8,N/A,N/A,5 6,5 7
5 6 7 8 12,0.0022267,30.4283,Yes,N/A,N/A,N/A,N/A,5,6,7,8,N/A,N/A,5 6,12
5 6 7 8 11,0.00395328,29.1221,Yes,N/A,N/A,N/A,N/A,5,6,7,8,N/A,N/A,11,5 7
5 6 7 8 11 12,0.000565605,40.6794,Yes,N/A,N/A,N/A,N/A,5,6,7,8,N/A,N/A,11,12
1 5 6 7 8 9,0.0236308,21.294,Yes,N/A,N/A,N/A,N/A,5,6,7,8,9,1 9,5 6,5 7
1 5 6 7 8 9 12,0.00342373,32.505,Yes,N/A,N/A,N/A,N/A,5,6,7,8,9,1 9,5 6,12
1 5 6 7 8 9 11,0.00714978,30.3894,Yes,N/A,N/A,N/A,N/A,5,6,7,8,9,1 9,11,5 7
1 5 6 7 8 9 11 12,0.00120394,41.7447,Yes,N/A,N/A,N/A,N/A,5,6,7,8,9,1 9,11,12
1 5 6 7 8 9 10,0.0111676,28.7184,Yes,N/A,N/A,N/A,N/A,5,6,7,8,9,10,5 6,5 7
1 5 6 7 8 9 10 12,0.00193049,39.7497,Yes,N/A,N/A,N/A,N/A,5,6,7,8,9,10,5 6,12
1 5 6 7 8 9 10 11,0.00386468,37.9646,Yes,N/A,N/A,N/A,N/A,5,6,7,8,9,10,11,5 7
1 5 6 7 8 9 10 11 12,0.000754377,49.2058,Yes,N/A,N/A,N/A,N/A,5,6,7,8,9,10,11,12
6 8 10 12,0.00107167,31.8758,Yes,N/A,N/A,N/A,N/A,N/A,6,N/A,8,N/A,10,N/A,12
6 8 10 11,0.00214335,30.351,Yes,N/A,N/A,N/A,N/A,N/A,6,N/A,8,N/A,10,11,N/A
6 8 10 11 12,0.000297687,41.6577,Yes,N/A,N/A,N/A,N/A,N/A,6,N/A,8,N/A,10,11,12
6 8 9 11,0.0028578,29.0103,Yes,N/A,N/A,N/A,N/A,N/A,6,N/A,8,9,N/A,11,N/A
6 8 9 11 12,0.000396916,40.2835,Yes,N/A,N/A,N/A,N/A,N/A,6,N/A,8,9,N/A,11,12
6 8 9 10 12,0.000595374,38.7754,Yes,N/A,N/A,N/A,N/A,N/A,6,N/A,8,9,10,N/A,12
6 8 9 10 11,0.00119075,37.1002,Yes,N/A,N/A,N/A,N/A,N/A,6,N/A,8,9,10,11,N/A
6 8 9 10 11 12,0.000198458,48.208,Yes,N/A,N/A,N/A,N/A,N/A,6,N/A,8,9,10,11,12
6 7 9 11,0.00342936,27.8356,Yes,N/A,N/A,N/A,N/A,N/A,6,7,N/A,9,N/A,11,N/A
6 7 9 11 12,0.000476299,39.0829,Yes,N/A,N/A,N/A,N/A,N/A,6,7,N/A,9,N/A,11,12
6 7 9 10 12,0.000714449,37.5564,Yes,N/A,N/A,N/A,N/A,N/A,6,7,N/A,9,10,N/A,12
6 7 9 10 11,0.0014289,35.8559,Yes,N/A,N/A,N/A,N/A,N/A,6,7,N/A,9,10,11,N/A
6 7 9 10 11 12,0.00023815,46.9288,Yes,N/A,N/A,N/A,N/A,N/A,6,7,N/A,9,10,11,12
6 7 8 10 12,0.000893061,36.2291,Yes,N/A,N/A,N/A,N/A,N/A,6,7,8,N/A,10,N/A,12
6 7 8 10 11,0.00178612,34.4973,Yes,N/A,N/A,N/A,N/A,N/A,6,7,8,N/A,10,11,N/A
6 7 8 10 11 12,0.000297687,45.5271,Yes,N/A,N/A,N/A,N/A,N/A,6,7,8,N/A,10,11,12
6 7 8 9 11,0.0023815,33.0002,Yes,N/A,N/A,N/A,N/A,N/A,6,7,8,9,N/A,11,N/A
6 7 8 9 11 12,0.000396916,43.9767,Yes,N/A,N/A,N/A,N/A,N/A,6,7,8,9,N/A,11,12
6 7 8 9 10 12,0.000595374,42.2412,Yes,N/A,N/A,N/A,N/A,N/A,6,7,8,9,10,N/A,12
6 7 8 9 10 11,0.00119075,40.2678,Yes,N/A,N/A,N/A,N/A,N/A,6,7,8,9,10,11,N/A
6 7 8 9 10 11 12,0.000231534,50.9739,Yes,N/A,N/A,N/A,N/A,N/A,6,7,8,9,10,11,12
1 4,0.125,4.09722,Yes,N/A,N/A,N/A,4,1 4,N/A,N/A,N/A,N/A,N/A,N/A,N/A
1 4 12,0.00694444,15.6875,Yes,N/A,N/A,N/A,4,1 4,N/A,N/A,N/A,N/A,N/A,N/A,12
4,0.0833333,3.66667,Yes,N/A,N/A,N/A,4,N/A,N/A,N/A,N/A,N/A,N/A,N/A,N/A
1 4 11,0.0185185,13.9599,Yes,N/A,N/A,N/A,4,1 4,N/A,N/A,N/A,N/A,N/A,11,1 11
1 4 11 12,0.00135031,25.8457,Yes,N/A,N/A,N/A,4,1 4,N/A,N/A,N/A,N/A,N/A,11,12
4 12,0.00462963,15.2963,Yes,N/A,N/A,N/A,4,N/A,N/A,N/A,N/A,N/A,N/A,N/A,12
1 4 10,0.0300926,12.3588,Yes,N/A,N/A,N/A,4,1 4,N/A,N/A,N/A,N/A,10,1 10,N/A
1 4 10 12,0.00250772,23.8208,Yes,N/A,N/A,N/A,4,1 4,N/A,N/A,N/A,N/A,10,1 10,12
4 10,0.0138889,12.7361,Yes,N/A,N/A,N/A,4,N/A,N/A,N/A,N/A,N/A,10,N/A,N/A
1 4 10 11,0.00540123,22.6467,Yes,N/A,N/A,N/A,4,1 4,N/A,N/A,N/A,N/A,10,11,1 11
1 4 10 11 12,0.000535837,34.497,Yes,N/A,N/A,N/A,4,1 4,N/A,N/A,N/A,N/A,10,11,12
4 11,0.00925926,13.9861,Yes,N/A,N/A,N/A,4,N/A,N/A,N/A,N/A,N/A,N/A,11,N/A
4 11 12,0.000771605,25.5733,Yes,N/A,N/A,N/A,4,N/A,N/A,N/A,N/A,N/A,N/A,11,12
1 4 9,0.0416667,10.8843,Yes,N/A,N/A,N/A,4,1 4,N/A,N/A,N/A,9,1 9,N/A,N/A
1 4 9 12,0.00347222,22.3078,Yes,N/A,N/A,N/A,4,1 4,N/A,N/A,N/A,9,1 9,N/A,12
4 9,0.0185185,11.5463,Yes,N/A,N/A,N/A,4,N/A,N/A,N/A,N/A,9,N/A,N/A,N/A
1 4 9 11,0.00848765,20.3605,Yes,N/A,N/A,N/A,4,1 4,N/A,N/A,N/A,9,1 9,11,1 11
1 4 9 11 12,0.000857339,32.1338,Yes,N/A,N/A,N/A,4,1 4,N/A,N/A,N/A,9,1 9,11,12
4 9 12,0.00154321,23.0983,Yes,N/A,N/A,N/A,4,N/A,N/A,N/A,N/A,9,N/A,N/A,12
1 4 9 10,0.011767,19.5748,Yes,N/A,N/A,N/A,4,1 4,N/A,N/A,N/A,9,10,1 10,N/A
1 4 9 10 12,0.00130744,30.8913,Yes,N/A,N/A,N/A,4,1 4,N/A,N/A,N/A,9,10,1 10,12
4 9 10,0.00462963,20.4043,Yes,N/A,N/A,N/A,4,N/A,N/A,N/A,N/A,9,10,N/A,N/A
1 4 9 10 11,0.00278635,29.6485,Yes,N/A,N/A,N/A,4,1 4,N/A,N/A,N/A,9,10,11,1 11
1 4 9 10 11 12,0.000351271,41.4331,Yes,N/A,N/A,N/A,4,1 4,N/A,N/A,N/A,9,10,11,12
4 10 12,0.00115741,24.3048,Yes,N/A,N/A,N/A,4,N/A,N/A,N/A,N/A,N/A,10,N/A,12
4 10 11,0.00231481,22.939,Yes,N/A,N/A,N/A,4,N/A,N/A,N/A,N/A,N/A,10,11,N/A
4 10 11 12,0.000257202,34.4544,Yes,N/A,N/A,N/A,4,N/A,N/A,N/A,N/A,N/A,10,11,12
1 4 8,0.0578704,9.1983,Yes,N/A,N/A,N/A,4,1 4,N/A,N/A,8,1 8,N/A,N/A,4 8
1 4 8 12,0.00456533,20.9159,Yes,N/A,N/A,N/A,4,1 4,N/A,N/A,8,1 8,N/A,N/A,12
1 4 8 11,0.0114455,18.9304,Yes,N/A,N/A,N/A,4,1 4,N/A,N/A,8,1 8,N/A,11,4 8
1 4 8 11 12,0.00111811,30.6764,Yes,N/A,N/A,N/A,4,1 4,N/A,N/A,8,1 8,N/A,11,12
4 8,0.0509259,10.0833,Yes,N/A,N/A,N/A,4,N/A,N/A,N/A,8,N/A,N/A,N/A,4 8
4 8 12,0.00270062,21.9444,Yes,N/A,N/A,N/A,4,N/A,N/A,N/A,8,N/A,N/A,N/A,12
1 4 8 10,0.0210262,16.6711,Yes,N/A,N/A,N/A,4,1 4,N/A,N/A,8,1 8,10,1 10,4 8
1 4 8 10 12,0.00206833,28.2779,Yes,N/A,N/A,N/A,4,1 4,N/A,N/A,8,1 8,10,1 10,12
1 4 8 10 11,0.00439386,26.952,Yes,N/A,N/A,N/A,4,1 4,N/A,N/A,8,1 8,10,11,4 8
1 4 8 10 11 12,0.000536134,38.618,Yes,N/A,N/A,N/A,4,1 4,N/A,N/A,8,1 8,10,11,12
4 8 11,0.00694444,20.1911,Yes,N/A,N/A,N/A,4,N/A,N/A,N/A,8,N/A,N/A,11,4 8
4 8 11 12,0.00055727,32.0267,Yes,N/A,N/A,N/A,4,N/A,N/A,N/A,8,N/A,N/A,11,12
1 4 8 9,0.026106,16.209,Yes,N/A,N/A,N/A,4,1 4,N/A,N/A,8,9,1 9,N/A,4 8
1 4 8 9 12,0.00250772,27.873,Yes,N/A,N/A,N/A,4,1 4,N/A,N/A,8,9,1 9,N/A,12
1 4 8 9 11,0.00631573,25.5808,Yes,N/A,N/A,N/A,4,1 4,N/A,N/A,8,9,1 9,11,4 8
1 4 8 9 11 12,0.00074263,37.2901,Yes,N/A,N/A,N/A,4,1 4,N/A,N/A,8,9,1 9,11,12
4 8 9,0.0138889,17.5818,Yes,N/A,N/A,N/A,4,N/A,N/A,N/A,8,9,N/A,N/A,4 8
4 8 9 12,0.00111454,29.3953,Yes,N/A,N/A,N/A,4,N/A,N/A,N/A,8,9,N/A,N/A,12
1 4 8 9 10,0.00943073,24.3447,Yes,N/A,N/A,N/A,4,1 4,N/A,N/A,8,9,10,1 10,4 8
1 4 8 9 10 12,0.00115443,35.9104,Yes,N/A,N/A,N/A,4,1 4,N/A,N/A,8,9,10,1 10,12
1 4 8 9 10 11,0.00248747,34.55,Yes,N/A,N/A,N/A,4,1 4,N/A,N/A,8,9,10,11,4 8
1 4 8 9 10 11 12,0.000360201,46.209,Yes,N/A,N/A,N/A,4,1 4,N/A,N/A,8,9,10,11,12
4 9 11,0.00308642,21.7176,Yes,N/A,N/A,N/A,4,N/A,N/A,N/A,N/A,9,N/A,11,N/A
4 9 11 12,0.000342936,33.213,Yes,N/A,N/A,N/A,4,N/A,N/A,N/A,N/A,9,N/A,11,12
4 9 10 12,0.000514403,31.8749,Yes,N/A,N/A,N/A,4,N/A,N/A,N/A,N/A,9,10,N/A,12
4 9 10 11,0.00102881,30.4195,Yes,N/A,N/A,N/A,4,N/A,N/A,N/A,N/A,9,10,11,N/A
4 9 10 11 12,0.00014289,41.8178,Yes,N/A,N/A,N/A,4,N/A,N/A,N/A,N/A,9,10,11,12
1 4 7,0.101852,7.36111,Yes,N/A,N/A,N/A,4,1 4,N/A,7,1 7,N/A,N/A,4 7,1 4 7
1 4 7 12,0.00668724,19.0168,Yes,N/A,N/A,N/A,4,1 4,N/A,7,1 7,N/A,N/A,4 7,12
4 7,0.0833333,8.73611,Yes,N/A,N/A,N/A,4,N/A,N/A,7,N/A,N/A,N/A,4 7,N/A
1 4 7 11,0.0167181,17.5692,Yes,N/A,N/A,N/A,4,1 4,N/A,7,1 7,N/A,N/A,11,1 11
1 4 7 11 12,0.00150034,29.3206,Yes,N/A,N/A,N/A,4,1 4,N/A,7,1 7,N/A,N/A,11,12
1 4 7 10,0.0285494,15.3391,Yes,N/A,N/A,N/A,4,1 4,N/A,7,1 7,N/A,10,4 7,1 4 7
1 4 7 10 12,0.00272205,26.8683,Yes,N/A,N/A,N/A,4,1 4,N/A,7,1 7,N/A,10,4 7,12
4 7 10,0.0162037,17.4236,Yes,N/A,N/A,N/A,4,N/A,N/A,7,N/A,N/A,10,4 7,N/A
1 4 7 10 11,0.00587277,25.5045,Yes,N/A,N/A,N/A,4,1 4,N/A,7,1 7,N/A,10,11,1 11
1 4 7 10 11 12,0.000689443,37.1777,Yes,N/A,N/A,N/A,4,1 4,N/A,7,1 7,N/A,10,11,12
4 7 12,0.00540123,20.2245,Yes,N/A,N/A,N/A,4,N/A,N/A,7,N/A,N/A,N/A,4 7,12
4 7 11,0.00771605,19.4321,Yes,N/A,N/A,N/A,4,N/A,N/A,7,N/A,N/A,N/A,11,N/A
4 7 11 12,0.000771605,30.8909,Yes,N/A,N/A,N/A,4,N/A,N/A,7,N/A,N/A,N/A,11,12
1 4 7 9,0.0460391,12.8166,Yes,N/A,N/A,N/A,4,1 4,N/A,7,1 7,9,1 9,4 7,1 4 7
1 4 7 9 12,0.00437243,24.2396,Yes,N/A,N/A,N/A,4,1 4,N/A,7,1 7,9,1 9,4 7,12
4 7 9,0.0216049,16.1343,Yes,N/A,N/A,N/A,4,N/A,N/A,7,N/A,9,N/A,4 7,N/A
1 4 7 9 11,0.00934499,22.6464,Yes,N/A,N/A,N/A,4,1 4,N/A,7,1 7,9,1 9,11,1 11
1 4 7 9 11 12,0.00111454,34.1921,Yes,N/A,N/A,N/A,4,1 4,N/A,7,1 7,9,1 9,11,12
1 4 7 9 10,0.0139746,21.3607,Yes,N/A,N/A,N/A,4,1 4,N/A,7,1 7,9,10,4 7,1 4 7
1 4 7 9 10 12,0.0017373,32.6957,Yes,N/A,N/A,N/A,4,1 4,N/A,7,1 7,9,10,4 7,12
4 7 9 10,0.00617284,24.4761,Yes,N/A,N/A,N/A,4,N/A,N/A,7,N/A,9,10,4 7,N/A
1 4 7 9 10 11,0.00359368,31.1804,Yes,N/A,N/A,N/A,4,1 4,N/A,7,1 7,9,10,11,1 11
1 4 7 9 10 11 12,0.000522606,42.7008,Yes,N/A,N/A,N/A,4,1 4,N/A,7,1 7,9,10,11,12
4 7 10 12,0.00154321,28.8139,Yes,N/A,N/A,N/A,4,N/A,N/A,7,N/A,N/A,10,4 7,12
4 7 10 11,0.00231481,28.0365,Yes,N/A,N/A,N/A,4,N/A,N/A,7,N/A,N/A,10,11,N/A
4 7 10 11 12,0.000300069,39.3867,Yes,N/A,N/A,N/A,4,N/A,N/A,7,N/A,N/A,10,11,12
1 4 7 8,0.0556199,12.5449,Yes,N/A,N/A,N/A,4,1 4,N/A,7,8,1 8,N/A,4 7,4 8
1 4 7 8 12,0.0051226,24.1128,Yes,N/A,N/A,N/A,4,1 4,N/A,7,8,1 8,N/A,4 7,12
1 4 7 8 11,0.0110168,22.6035,Yes,N/A,N/A,N/A,4,1 4,N/A,7,8,1 8,N/A,11,4 8
1 4 7 8 11 12,0.00128303,34.2244,Yes,N/A,N/A,N/A,4,1 4,N/A,7,8,1 8,N/A,11,12
1 4 7 8 10,0.0205547,19.7031,Yes,N/A,N/A,N/A,4,1 4,N/A,7,8,1 8,10,4 7,4 8
1 4 7 8 10 12,0.00242972,31.1277,Yes,N/A,N/A,N/A,4,1 4,N/A,7,8,1 8,10,4 7,12
1 4 7 8 10 11,0.00486183,29.7468,Yes,N/A,N/A,N/A,4,1 4,N/A,7,8,1 8,10,11,4 8
1 4 7 8 10 11 12,0.000693644,41.2361,Yes,N/A,N/A,N/A,4,1 4,N/A,7,8,1 8,10,11,12
4 7 8,0.0362654,14.4977,Yes,N/A,N/A,N/A,4,N/A,N/A,7,8,N/A,N/A,4 7,4 8
4 7 8 12,0.00295782,26.2436,Yes,N/A,N/A,N/A,4,N/A,N/A,7,8,N/A,N/A,4 7,12
4 7 8 11,0.00540123,25.0141,Yes,N/A,N/A,N/A,4,N/A,N/A,7,8,N/A,N/A,11,4 8
4 7 8 11 12,0.000585848,36.7625,Yes,N/A,N/A,N/A,4,N/A,N/A,7,8,N/A,N/A,11,12
1 4 7 8 9,0.0279492,18.4345,Yes,N/A,N/A,N/A,4,1 4,N/A,7,8,9,1 9,4 7,4 8
1 4 7 8 9 12,0.0032436,29.8988,Yes,N/A,N/A,N/A,4,1 4,N/A,7,8,9,1 9,4 7,12
1 4 7 8 9 11,0.00698255,28.0939,Yes,N/A,N/A,N/A,4,1 4,N/A,7,8,9,1 9,11,4 8
1 4 7 8 9 11 12,0.000975752,39.635,Yes,N/A,N/A,N/A,4,1 4,N/A,7,8,9,1 9,11,12
1 4 7 8 9 10,0.0107798,26.6351,Yes,N/A,N/A,N/A,4,1 4,N/A,7,8,9,10,4 7,4 8
1 4 7 8 9 10 12,0.00154996,37.9891,Yes,N/A,N/A,N/A,4,1 4,N/A,7,8,9,10,4 7,12
1 4 7 8 9 10 11,0.00318062,36.3906,Yes,N/A,N/A,N/A,4,1 4,N/A,7,8,9,10,11,4 8
1 4 7 8 9 10 11 12,0.000530456,47.8434,Yes,N/A,N/A,N/A,4,1 4,N/A,7,8,9,10,11,12
4 8 10,0.0104167,18.8511,Yes,N/A,N/A,N/A,4,N/A,N/A,N/A,8,N/A,10,N/A,4 8
4 8 10 12,0.000835905,30.6752,Yes,N/A,N/A,N/A,4,N/A,N/A,N/A,8,N/A,10,N/A,12
4 8 10 11,0.00205761,28.7859,Yes,N/A,N/A,N/A,4,N/A,N/A,N/A,8,N/A,10,11,4 8
4 8 10 11 12,0.000221479,40.5757,Yes,N/A,N/A,N/A,4,N/A,N/A,N/A,8,N/A,10,11,12
4 8 9 11,0.00274348,27.4687,Yes,N/A,N/A,N/A,4,N/A,N/A,N/A,8,9,N/A,11,4 8
4 8 9 11 12,0.000295306,39.2452,Yes,N/A,N/A,N/A,4,N/A,N/A,N/A,8,9,N/A,11,12
4 8 9 10,0.00411523,26.0328,Yes,N/A,N/A,N/A,4,N/A,N/A,N/A,8,9,10,N/A,4 8
4 8 9 10 12,0.000442958,37.7925,Yes,N/A,N/A,N/A,4,N/A,N/A,N/A,8,9,10,N/A,12
4 8 9 10 11,0.00105738,35.6813,Yes,N/A,N/A,N/A,4,N/A,N/A,N/A,8,9,10,11,4 8
4 8 9 10 11 12,0.00014289,47.3901,Yes,N/A,N/A,N/A,4,N/A,N/A,N/A,8,9,10,11,12
1 4 6,0.131944,6.21065,Yes,N/A,N/A,N/A,4,1 4,6,1 6,N/A,N/A,4 6,1 4 6,N/A
1 4 6 12,0.00906636,17.509,Yes,N/A,N/A,N/A,4,1 4,6,1 6,N/A,N/A,4 6,1 4 6,12
4 6,0.106481,7.88426,Yes,N/A,N/A,N/A,4,N/A,6,N/A,N/A,N/A,4 6,N/A,N/A
1 4 6 11,0.0216049,16.0254,Yes,N/A,N/A,N/A,4,1 4,6,1 6,N/A,N/A,4 6,11,1 11
1 4 6 11 12,0.00184328,27.7281,Yes,N/A,N/A,N/A,4,1 4,6,1 6,N/A,N/A,4 6,11,12
4 6 12,0.00655864,19.3794,Yes,N/A,N/A,N/A,4,N/A,6,N/A,N/A,N/A,4 6,N/A,12
1 4 6 10,0.0298997,15.0334,Yes,N/A,N/A,N/A,4,1 4,6,1 6,N/A,N/A,10,1 10,N/A
1 4 6 10 12,0.00303284,26.1966,Yes,N/A,N/A,N/A,4,1 4,6,1 6,N/A,N/A,10,1 10,12
4 6 10,0.0127315,17.4938,Yes,N/A,N/A,N/A,4,N/A,6,N/A,N/A,N/A,10,N/A,N/A
1 4 6 10 11,0.00608711,24.9175,Yes,N/A,N/A,N/A,4,1 4,6,1 6,N/A,N/A,10,11,1 11
1 4 6 10 11 12,0.000725761,36.5408,Yes,N/A,N/A,N/A,4,1 4,6,1 6,N/A,N/A,10,11,12
1 4 6 9,0.0470679,12.6409,Yes,N/A,N/A,N/A,4,1 4,6,1 6,N/A,9,4 6,1 4 6,N/A
1 4 6 9 12,0.0046082,23.7019,Yes,N/A,N/A,N/A,4,1 4,6,1 6,N/A,9,4 6,1 4 6,12
4 6 9,0.0262346,15.3076,Yes,N/A,N/A,N/A,4,N/A,6,N/A,N/A,9,4 6,N/A,N/A
1 4 6 9 11,0.0105881,22.0221,Yes,N/A,N/A,N/A,4,1 4,6,1 6,N/A,9,4 6,11,1 11
1 4 6 9 11 12,0.00120742,33.5781,Yes,N/A,N/A,N/A,4,1 4,6,1 6,N/A,9,4 6,11,12
4 6 9 12,0.00240055,26.6793,Yes,N/A,N/A,N/A,4,N/A,6,N/A,N/A,9,4 6,N/A,12
1 4 6 9 10,0.0135138,21.2597,Yes,N/A,N/A,N/A,4,1 4,6,1 6,N/A,9,10,1 10,N/A
1 4 6 9 10 12,0.00176439,32.1624,Yes,N/A,N/A,N/A,4,1 4,6,1 6,N/A,9,10,1 10,12
4 6 9 10,0.00488683,24.7764,Yes,N/A,N/A,N/A,4,N/A,6,N/A,N/A,9,10,N/A,N/A
1 4 6 9 10 11,0.00356212,30.7622,Yes,N/A,N/A,N/A,4,1 4,6,1 6,N/A,9,10,11,1 11
1 4 6 9 10 11 12,0.000523433,42.226,Yes,N/A,N/A,N/A,4,1 4,6,1 6,N/A,9,10,11,12
4 6 11,0.0131173,17.9483,Yes,N/A,N/A,N/A,4,N/A,6,N/A,N/A,N/A,4 6,11,N/A
4 6 11 12,0.00120027,29.3765,Yes,N/A,N/A,N/A,4,N/A,6,N/A,N/A,N/A,4 6,11,12
4 6 10 12,0.00122171,28.9496,Yes,N/A,N/A,N/A,4,N/A,6,N/A,N/A,N/A,10,N/A,12
4 6 10 11,0.00244342,27.4819,Yes,N/A,N/A,N/A,4,N/A,6,N/A,N/A,N/A,10,11,N/A
4 6 10 11 12,0.000307213,38.8613,Yes,N/A,N/A,N/A,4,N/A,6,N/A,N/A,N/A,10,11,12
1 4 6 8,0.0821116,9.5188,Yes,N/A,N/A,N/A,4,1 4,6,1 6,8,1 8,4 6,1 4 6,4 8
1 4 6 8 12,0.00734096,20.9193,Yes,N/A,N/A,N/A,4,1 4,6,1 6,8,1 8,4 6,1 4 6,12
1 4 6 8 11,0.0165967,19.06,Yes,N/A,N/A,N/A,4,1 4,6,1 6,8,1 8,4 6,11,4 8
1 4 6 8 11 12,0.00186005,30.5442,Yes,N/A,N/A,N/A,4,1 4,6,1 6,8,1 8,4 6,11,12
4 6 8,0.0405093,13.6952,Yes,N/A,N/A,N/A,4,N/A,6,N/A,8,N/A,4 6,N/A,4 8
4 6 8 12,0.00332219,25.4328,Yes,N/A,N/A,N/A,4,N/A,6,N/A,8,N/A,4 6,N/A,12
1 4 6 8 10,0.0239733,17.5315,Yes,N/A,N/A,N/A,4,1 4,6,1 6,8,1 8,10,1 10,4 8
1 4 6 8 10 12,0.00281791,28.8532,Yes,N/A,N/A,N/A,4,1 4,6,1 6,8,1 8,10,1 10,12
1 4 6 8 10 11,0.00579478,27.2034,Yes,N/A,N/A,N/A,4,1 4,6,1 6,8,1 8,10,11,4 8
1 4 6 8 10 11 12,0.000820128,38.5858,Yes,N/A,N/A,N/A,4,1 4,6,1 6,8,1 8,10,11,12
1 4 6 8 9,0.0326432,16.1972,Yes,N/A,N/A,N/A,4,1 4,6,1 6,8,9,4 6,1 4 6,4 8
1 4 6 8 9 12,0.00378003,27.4989,Yes,N/A,N/A,N/A,4,1 4,6,1 6,8,9,4 6,1 4 6,12
1 4 6 8 9 11,0.00865118,25.3671,Yes,N/A,N/A,N/A,4,1 4,6,1 6,8,9,4 6,11,4 8
1 4 6 8 9 11 12,0.00118728,36.7946,Yes,N/A,N/A,N/A,4,1 4,6,1 6,8,9,4 6,11,12
4 6 8 9,0.0145748,20.5173,Yes,N/A,N/A,N/A,4,N/A,6,N/A,8,9,4 6,N/A,4 8
4 6 8 9 12,0.0015956,32.1578,Yes,N/A,N/A,N/A,4,N/A,6,N/A,8,9,4 6,N/A,12
1 4 6 8 9 10,0.012062,23.9432,Yes,N/A,N/A,N/A,4,1 4,6,1 6,8,9,10,1 10,4 8
1 4 6 8 9 10 12,0.00173651,35.1379,Yes,N/A,N/A,N/A,4,1 4,6,1 6,8,9,10,1 10,12
1 4 6 8 9 10 11,0.00360152,33.3533,Yes,N/A,N/A,N/A,4,1 4,6,1 6,8,9,10,11,4 8
1 4 6 8 9 10 11 12,0.000600239,44.6493,Yes,N/A,N/A,N/A,4,1 4,6,1 6,8,9,10,11,12
4 6 9 11,0.0048011,25.1352,Yes,N/A,N/A,N/A,4,N/A,6,N/A,N/A,9,4 6,11,N/A
4 6 9 11 12,0.000581085,36.4149,Yes,N/A,N/A,N/A,4,N/A,6,N/A,N/A,9,4 6,11,12
4 6 9 10 12,0.000614426,36.0907,Yes,N/A,N/A,N/A,4,N/A,6,N/A,N/A,9,10,N/A,12
4 6 9 10 11,0.00122885,34.493,Yes,N/A,N/A,N/A,4,N/A,6,N/A,N/A,9,10,11,N/A
4 6 9 10 11 12,0.00019052,45.7005,Yes,N/A,N/A,N/A,4,N/A,6,N/A,N/A,9,10,11,12
1 4 6 7,0.090535,9.57883,Yes,N/A,N/A,N/A,4,1 4,6,7,1 7,N/A,4 6,4 7,1 4 7
1 4 6 7 12,0.00816615,20.9563,Yes,N/A,N/A,N/A,4,1 4,6,7,1 7,N/A,4 6,4 7,12
4 6 7,0.054784,12.2199,Yes,N/A,N/A,N/A,4,N/A,6,7,N/A,N/A,4 6,4 7,N/A
1 4 6 7 11,0.0188186,19.3145,Yes,N/A,N/A,N/A,4,1 4,6,7,1 7,N/A,4 6,11,1 11
1 4 6 7 11 12,0.0020469,30.8816,Yes,N/A,N/A,N/A,4,1 4,6,7,1 7,N/A,4 6,11,12
1 4 6 7 10,0.0249914,18.0297,Yes,N/A,N/A,N/A,4,1 4,6,7,1 7,N/A,10,4 7,1 4 7
1 4 6 7 10 12,0.00303165,29.2963,Yes,N/A,N/A,N/A,4,1 4,6,7,1 7,N/A,10,4 7,12
4 6 7 10,0.0111883,21.5029,Yes,N/A,N/A,N/A,4,N/A,6,7,N/A,N/A,10,4 7,N/A
1 4 6 7 10 11,0.00624428,27.8195,Yes,N/A,N/A,N/A,4,1 4,6,7,1 7,N/A,10,11,1 11
1 4 6 7 10 11 12,0.000876523,39.2842,Yes,N/A,N/A,N/A,4,1 4,6,7,1 7,N/A,10,11,12
1 4 6 7 9,0.0425669,14.6451,Yes,N/A,N/A,N/A,4,1 4,6,7,1 7,9,4 6,4 7,1 4 7
1 4 6 7 9 12,0.00507735,25.722,Yes,N/A,N/A,N/A,4,1 4,6,7,1 7,9,4 6,4 7,12
4 6 7 9,0.0195473,18.8903,Yes,N/A,N/A,N/A,4,N/A,6,7,N/A,9,4 6,4 7,N/A
1 4 6 7 9 11,0.0110811,23.8498,Yes,N/A,N/A,N/A,4,1 4,6,7,1 7,9,4 6,11,1 11
1 4 6 7 9 11 12,0.00152449,35.1717,Yes,N/A,N/A,N/A,4,1 4,6,7,1 7,9,4 6,11,12
1 4 6 7 9 10,0.0141467,22.8527,Yes,N/A,N/A,N/A,4,1 4,6,7,1 7,9,10,4 7,1 4 7
1 4 6 7 9 10 12,0.00212499,33.7953,Yes,N/A,N/A,N/A,4,1 4,6,7,1 7,9,10,4 7,12
4 6 7 9 10,0.00540123,27.8926,Yes,N/A,N/A,N/A,4,N/A,6,7,N/A,9,10,4 7,N/A
1 4 6 7 9 10 11,0.00430985,32.0953,Yes,N/A,N/A,N/A,4,1 4,6,7,1 7,9,10,11,1 11
1 4 6 7 9 10 11 12,0.000725723,43.2957,Yes,N/A,N/A,N/A,4,1 4,6,7,1 7,9,10,11,12
4 6 7 12,0.00488683,23.4975,Yes,N/A,N/A,N/A,4,N/A,6,7,N/A,N/A,4 6,4 7,12
4 6 7 11,0.00848765,22.6567,Yes,N/A,N/A,N/A,4,N/A,6,7,N/A,N/A,4 6,11,N/A
4 6 7 11 12,0.00101452,33.8755,Yes,N/A,N/A,N/A,4,N/A,6,7,N/A,N/A,4 6,11,12
4 6 7 10 12,0.00135031,32.7029,Yes,N/A,N/A,N/A,4,N/A,6,7,N/A,N/A,10,4 7,12
4 6 7 10 11,0.00227195,31.9337,Yes,N/A,N/A,N/A,4,N/A,6,7,N/A,N/A,10,11,N/A
4 6 7 10 11 12,0.000345317,43.0689,Yes,N/A,N/A,N/A,4,N/A,6,7,N/A,N/A,10,11,12
1 4 6 7 8,0.0574417,13.194,Yes,N/A,N/A,N/A,4,1 4,6,7,8,1 8,4 6,4 7,4 8
1 4 6 7 8 12,0.00663187,24.3796,Yes,N/A,N/A,N/A,4,1 4,6,7,8,1 8,4 6,4 7,12
1 4 6 7 8 11,0.0140687,22.6212,Yes,N/A,N/A,N/A,4,1 4,6,7,8,1 8,4 6,11,4 8
1 4 6 7 8 11 12,0.00193811,33.9116,Yes,N/A,N/A,N/A,4,1 4,6,7,8,1 8,4 6,11,12
1 4 6 7 8 10,0.0207327,20.7228,Yes,N/A,N/A,N/A,4,1 4,6,7,8,1 8,10,4 7,4 8
1 4 6 7 8 10 12,0.00297191,31.7854,Yes,N/A,N/A,N/A,4,1 4,6,7,8,1 8,10,4 7,12
1 4 6 7 8 10 11,0.00587651,30.2416,Yes,N/A,N/A,N/A,4,1 4,6,7,8,1 8,10,11,4 8
1 4 6 7 8 10 11 12,0.000979735,41.3868,Yes,N/A,N/A,N/A,4,1 4,6,7,8,1 8,10,11,12
1 4 6 7 8 9,0.029271,19.0819,Yes,N/A,N/A,N/A,4,1 4,6,7,8,9,4 6,4 7,4 8
1 4 6 7 8 9 12,0.00414695,30.1236,Yes,N/A,N/A,N/A,4,1 4,6,7,8,9,4 6,4 7,12
1 4 6 7 8 9 11,0.0088767,27.9991,Yes,N/A,N/A,N/A,4,1 4,6,7,8,9,4 6,11,4 8
1 4 6 7 8 9 11 12,0.00144571,39.202,Yes,N/A,N/A,N/A,4,1 4,6,7,8,9,4 6,11,12
1 4 6 7 8 9 10,0.0124398,26.4484,Yes,N/A,N/A,N/A,4,1 4,6,7,8,9,10,4 7,4 8
1 4 6 7 8 9 10 12,0.00211045,37.3411,Yes,N/A,N/A,N/A,4,1 4,6,7,8,9,10,4 7,12
1 4 6 7 8 9 10 11,0.00424516,35.4773,Yes,N/A,N/A,N/A,4,1 4,6,7,8,9,10,11,4 8
1 4 6 7 8 9 10 11 12,0.000813779,46.5036,Yes,N/A,N/A,N/A,4,1 4,6,7,8,9,10,11,12
4 7 9 12,0.00205761,27.497,Yes,N/A,N/A,N/A,4,N/A,N/A,7,N/A,9,N/A,4 7,12
4 7 9 11,0.00308642,26.7234,Yes,N/A,N/A,N/A,4,N/A,N/A,7,N/A,9,N/A,11,N/A
4 7 9 11 12,0.000400091,38.043,Yes,N/A,N/A,N/A,4,N/A,N/A,7,N/A,9,N/A,11,12
4 7 9 10 12,0.000771605,35.7032,Yes,N/A,N/A,N/A,4,N/A,N/A,7,N/A,9,10,4 7,12
4 7 9 10 11,0.00120027,34.9438,Yes,N/A,N/A,N/A,4,N/A,N/A,7,N/A,9,10,11,N/A
4 7 9 10 11 12,0.00019052,46.1116,Yes,N/A,N/A,N/A,4,N/A,N/A,7,N/A,9,10,11,12
4 7 8 10,0.0100309,22.6994,Yes,N/A,N/A,N/A,4,N/A,N/A,7,8,N/A,10,4 7,4 8
4 7 8 10 12,0.00109311,34.3715,Yes,N/A,N/A,N/A,4,N/A,N/A,7,8,N/A,10,4 7,12
4 7 8 10 11,0.00201475,33.0725,Yes,N/A,N/A,N/A,4,N/A,N/A,7,8,N/A,10,11,4 8
4 7 8 10 11 12,0.000273872,44.7423,Yes,N/A,N/A,N/A,4,N/A,N/A,7,8,N/A,10,11,12
4 7 8 9,0.0133745,21.2784,Yes,N/A,N/A,N/A,4,N/A,N/A,7,8,9,N/A,4 7,4 8
4 7 8 9 12,0.00145748,32.9289,Yes,N/A,N/A,N/A,4,N/A,N/A,7,8,9,N/A,4 7,12
4 7 8 9 11,0.00268633,31.6099,Yes,N/A,N/A,N/A,4,N/A,N/A,7,8,9,N/A,11,4 8
4 7 8 9 11 12,0.000365163,43.2566,Yes,N/A,N/A,N/A,4,N/A,N/A,7,8,9,N/A,11,12
4 7 8 9 10,0.00488683,28.943,Yes,N/A,N/A,N/A,4,N/A,N/A,7,8,9,10,4 7,4 8
4 7 8 9 10 12,0.000666819,40.483,Yes,N/A,N/A,N/A,4,N/A,N/A,7,8,9,10,4 7,12
4 7 8 9 10 11,0.00123838,39.0595,Yes,N/A,N/A,N/A,4,N/A,N/A,7,8,9,10,11,4 8
4 7 8 9 10 11 12,0.000202427,50.5859,Yes,N/A,N/A,N/A,4,N/A,N/A,7,8,9,10,11,12
1 4 5,0.140432,6.16204,Yes,N/A,N/A,N/A,4,5,1 5,N/A,N/A,4 5,1 4 5,N/A,N/A
1 4 5 12,0.00887346,17.5418,Yes,N/A,N/A,N/A,4,5,1 5,N/A,N/A,4 5,1 4 5,N/A,12
4 5,0.12963,7.02778,Yes,N/A,N/A,N/A,4,5,N/A,N/A,N/A,4 5,N/A,N/A,N/A
1 4 5 11,0.025463,15.4895,Yes,N/A,N/A,N/A,4,5,1 5,N/A,N/A,4 5,1 4 5,11,1 11
1 4 5 11 12,0.00200046,27.2406,Yes,N/A,N/A,N/A,4,5,1 5,N/A,N/A,4 5,1 4 5,11,12
4 5 12,0.00771605,18.5293,Yes,N/A,N/A,N/A,4,5,N/A,N/A,N/A,4 5,N/A,N/A,12
1 4 5 10,0.035108,14.5013,Yes,N/A,N/A,N/A,4,5,1 5,N/A,N/A,4 5,10,1 10,N/A
1 4 5 10 12,0.00327932,25.7226,Yes,N/A,N/A,N/A,4,5,1 5,N/A,N/A,4 5,10,1 10,12
4 5 10,0.0231481,15.7531,Yes,N/A,N/A,N/A,4,5,N/A,N/A,N/A,4 5,10,N/A,N/A
1 4 5 10 11,0.00724451,24.4316,Yes,N/A,N/A,N/A,4,5,1 5,N/A,N/A,4 5,10,11,1 11
1 4 5 10 11 12,0.000766842,36.1702,Yes,N/A,N/A,N/A,4,5,1 5,N/A,N/A,4 5,10,11,12
4 5 11,0.0154321,17.1044,Yes,N/A,N/A,N/A,4,5,N/A,N/A,N/A,4 5,N/A,11,N/A
4 5 11 12,0.00137174,28.5402,Yes,N/A,N/A,N/A,4,5,N/A,N/A,N/A,4 5,N/A,11,12
1 4 5 9,0.0380658,13.9914,Yes,N/A,N/A,N/A,4,5,1 5,N/A,N/A,9,1 9,N/A,N/A
1 4 5 9 12,0.00365798,25.2304,Yes,N/A,N/A,N/A,4,5,1 5,N/A,N/A,9,1 9,N/A,12
4 5 9,0.0185185,15.5864,Yes,N/A,N/A,N/A,4,5,N/A,N/A,N/A,9,N/A,N/A,N/A
1 4 5 9 11,0.00903064,23.0185,Yes,N/A,N/A,N/A,4,5,1 5,N/A,N/A,9,1 9,11,1 11
1 4 5 9 11 12,0.00102563,34.6575,Yes,N/A,N/A,N/A,4,5,1 5,N/A,N/A,9,1 9,11,12
4 5 9 12,0.00171468,27.0418,Yes,N/A,N/A,N/A,4,5,N/A,N/A,N/A,9,N/A,N/A,12
1 4 5 9 10,0.0113169,22.3856,Yes,N/A,N/A,N/A,4,5,1 5,N/A,N/A,9,10,1 10,N/A
1 4 5 9 10 12,0.00143604,33.477,Yes,N/A,N/A,N/A,4,5,1 5,N/A,N/A,9,10,1 10,12
4 5 9 10,0.00514403,24.1836,Yes,N/A,N/A,N/A,4,5,N/A,N/A,N/A,9,10,N/A,N/A
1 4 5 9 10 11,0.00308166,32.1047,Yes,N/A,N/A,N/A,4,5,1 5,N/A,N/A,9,10,11,1 11
1 4 5 9 10 11 12,0.000432639,43.7529,Yes,N/A,N/A,N/A,4,5,1 5,N/A,N/A,9,10,11,12
1 4 5 8,0.069573,11.0638,Yes,N/A,N/A,N/A,4,5,1 5,N/A,8,4 5,1 4 5,N/A,4 8
1 4 5 8 12,0.00599423,22.6338,Yes,N/A,N/A,N/A,4,5,1 5,N/A,8,4 5,1 4 5,N/A,12
1 4 5 8 11,0.0152606,20.1889,Yes,N/A,N/A,N/A,4,5,1 5,N/A,8,4 5,1 4 5,11,4 8
1 4 5 8 11 12,0.0016349,31.8296,Yes,N/A,N/A,N/A,4,5,1 5,N/A,8,4 5,1 4 5,11,12
4 5 8,0.0447531,12.8853,Yes,N/A,N/A,N/A,4,5,N/A,N/A,8,4 5,N/A,N/A,4 8
4 5 8 12,0.00368656,24.6158,Yes,N/A,N/A,N/A,4,5,N/A,N/A,8,4 5,N/A,N/A,12
1 4 5 8 10,0.0240698,18.5688,Yes,N/A,N/A,N/A,4,5,1 5,N/A,8,4 5,10,1 10,4 8
1 4 5 8 10 12,0.00273039,30.0306,Yes,N/A,N/A,N/A,4,5,1 5,N/A,8,4 5,10,1 10,12
1 4 5 8 10 11,0.00578942,28.5246,Yes,N/A,N/A,N/A,4,5,1 5,N/A,8,4 5,10,11,4 8
1 4 5 8 10 11 12,0.000774979,40.1316,Yes,N/A,N/A,N/A,4,5,1 5,N/A,8,4 5,10,11,12
4 5 8 11,0.00788752,22.6395,Yes,N/A,N/A,N/A,4,5,N/A,N/A,8,4 5,N/A,11,4 8
4 5 8 11 12,0.000866865,34.3174,Yes,N/A,N/A,N/A,4,5,N/A,N/A,8,4 5,N/A,11,12
1 4 5 8 9,0.0252629,18.4516,Yes,N/A,N/A,N/A,4,5,1 5,N/A,8,9,1 9,N/A,4 8
1 4 5 8 9 12,0.00286097,30.0098,Yes,N/A,N/A,N/A,4,5,1 5,N/A,8,9,1 9,N/A,12
1 4 5 8 9 11,0.00698255,27.2169,Yes,N/A,N/A,N/A,4,5,1 5,N/A,8,9,1 9,11,4 8
1 4 5 8 9 11 12,0.000947306,38.8295,Yes,N/A,N/A,N/A,4,5,1 5,N/A,8,9,1 9,11,12
4 5 8 9,0.010631,21.165,Yes,N/A,N/A,N/A,4,5,N/A,N/A,8,9,N/A,N/A,4 8
4 5 8 9 12,0.00116217,32.9022,Yes,N/A,N/A,N/A,4,5,N/A,N/A,8,9,N/A,N/A,12
1 4 5 8 9 10,0.00979986,26.0759,Yes,N/A,N/A,N/A,4,5,1 5,N/A,8,9,10,1 10,4 8
1 4 5 8 9 10 12,0.00138127,37.5126,Yes,N/A,N/A,N/A,4,5,1 5,N/A,8,9,10,1 10,12
1 4 5 8 9 10 11,0.00296099,35.8321,Yes,N/A,N/A,N/A,4,5,1 5,N/A,8,9,10,11,4 8
1 4 5 8 9 10 11 12,0.00048071,47.3984,Yes,N/A,N/A,N/A,4,5,1 5,N/A,8,9,10,11,12
4 5 10 12,0.00205761,27.1599,Yes,N/A,N/A,N/A,4,5,N/A,N/A,N/A,4 5,10,N/A,12
4 5 10 11,0.00411523,25.6479,Yes,N/A,N/A,N/A,4,5,N/A,N/A,N/A,4 5,10,11,N/A
4 5 10 11 12,0.000485825,36.97,Yes,N/A,N/A,N/A,4,5,N/A,N/A,N/A,4 5,10,11,12
4 5 9 11,0.00342936,25.5742,Yes,N/A,N/A,N/A,4,5,N/A,N/A,N/A,9,N/A,11,N/A
4 5 9 11 12,0.000419143,36.9527,Yes,N/A,N/A,N/A,4,5,N/A,N/A,N/A,9,N/A,11,12
4 5 9 10 12,0.000628715,35.5279,Yes,N/A,N/A,N/A,4,5,N/A,N/A,N/A,9,10,N/A,12
4 5 9 10 11,0.00125743,33.9577,Yes,N/A,N/A,N/A,4,5,N/A,N/A,N/A,9,10,11,N/A
4 5 9 10 11 12,0.00019052,45.2012,Yes,N/A,N/A,N/A,4,5,N/A,N/A,N/A,9,10,11,12
1 4 5 7,0.116255,7.62757,Yes,N/A,N/A,N/A,4,5,1 5,7,1 7,4 5,1 4 5,4 7,5 7
1 4 5 7 12,0.0101487,18.9681,Yes,N/A,N/A,N/A,4,5,1 5,7,1 7,4 5,1 4 5,4 7,12
1 4 5 7 11,0.0223551,17.2837,Yes,N/A,N/A,N/A,4,5,1 5,7,1 7,4 5,1 4 5,11,5 7
1 4 5 7 11 12,0.00246961,28.6997,Yes,N/A,N/A,N/A,4,5,1 5,7,1 7,4 5,1 4 5,11,12
1 4 5 7 10,0.0348723,15.471,Yes,N/A,N/A,N/A,4,5,1 5,7,1 7,4 5,10,4 7,5 7
1 4 5 7 10 12,0.00403426,26.6746,Yes,N/A,N/A,N/A,4,5,1 5,7,1 7,4 5,10,4 7,12
1 4 5 7 10 11,0.00819473,25.2308,Yes,N/A,N/A,N/A,4,5,1 5,7,1 7,4 5,10,11,5 7
1 4 5 7 10 11 12,0.00113048,36.5535,Yes,N/A,N/A,N/A,4,5,1 5,7,1 7,4 5,10,11,12
4 5 7,0.0632716,11.0602,Yes,N/A,N/A,N/A,4,5,N/A,7,N/A,4 5,N/A,4 7,5 7
4 5 7 12,0.00533693,22.7095,Yes,N/A,N/A,N/A,4,5,N/A,7,N/A,4 5,N/A,4 7,12
4 5 7 11,0.0100309,21.4437,Yes,N/A,N/A,N/A,4,5,N/A,7,N/A,4 5,N/A,11,5 7
4 5 7 11 12,0.00112883,33.0741,Yes,N/A,N/A,N/A,4,5,N/A,7,N/A,4 5,N/A,11,12
1 4 5 7 9,0.0429098,14.1607,Yes,N/A,N/A,N/A,4,5,1 5,7,1 7,9,1 9,4 7,5 7
1 4 5 7 9 12,0.004994,25.3802,Yes,N/A,N/A,N/A,4,5,1 5,7,1 7,9,1 9,4 7,12
1 4 5 7 9 11,0.01025,23.6398,Yes,N/A,N/A,N/A,4,5,1 5,7,1 7,9,1 9,11,5 7
1 4 5 7 9 11 12,0.00144623,34.9237,Yes,N/A,N/A,N/A,4,5,1 5,7,1 7,9,1 9,11,12
1 4 5 7 9 10,0.0149153,22.1726,Yes,N/A,N/A,N/A,4,5,1 5,7,1 7,9,10,4 7,5 7
1 4 5 7 9 10 12,0.00216468,33.2334,Yes,N/A,N/A,N/A,4,5,1 5,7,1 7,9,10,4 7,12
1 4 5 7 9 10 11,0.00427069,31.7079,Yes,N/A,N/A,N/A,4,5,1 5,7,1 7,9,10,11,5 7
1 4 5 7 9 10 11 12,0.000720458,42.8596,Yes,N/A,N/A,N/A,4,5,1 5,7,1 7,9,10,11,12
1 4 5 7 8,0.0601852,12.653,Yes,N/A,N/A,N/A,4,5,1 5,7,8,4 5,1 4 5,4 7,4 8
1 4 5 7 8 12,0.00669379,24.004,Yes,N/A,N/A,N/A,4,5,1 5,7,8,4 5,1 4 5,4 7,12
1 4 5 7 8 11,0.0146807,22.0465,Yes,N/A,N/A,N/A,4,5,1 5,7,8,4 5,1 4 5,11,4 8
1 4 5 7 8 11 12,0.00196566,33.4666,Yes,N/A,N/A,N/A,4,5,1 5,7,8,4 5,1 4 5,11,12
1 4 5 7 8 10,0.0239543,19.725,Yes,N/A,N/A,N/A,4,5,1 5,7,8,4 5,10,4 7,4 8
1 4 5 7 8 10 12,0.0033017,30.9479,Yes,N/A,N/A,N/A,4,5,1 5,7,8,4 5,10,4 7,12
1 4 5 7 8 10 11,0.00674185,29.3116,Yes,N/A,N/A,N/A,4,5,1 5,7,8,4 5,10,11,4 8
1 4 5 7 8 10 11 12,0.0010805,40.6485,Yes,N/A,N/A,N/A,4,5,1 5,7,8,4 5,10,11,12
4 5 7 8,0.0308642,16.215,Yes,N/A,N/A,N/A,4,5,N/A,7,8,4 5,N/A,4 7,4 8
4 5 7 8 12,0.00328289,27.8334,Yes,N/A,N/A,N/A,4,5,N/A,7,8,4 5,N/A,4 7,12
4 5 7 8 11,0.00653006,26.298,Yes,N/A,N/A,N/A,4,5,N/A,7,8,4 5,N/A,11,4 8
4 5 7 8 11 12,0.000871032,37.8999,Yes,N/A,N/A,N/A,4,5,N/A,7,8,4 5,N/A,11,12
1 4 5 7 8 9,0.0290328,18.5679,Yes,N/A,N/A,N/A,4,5,1 5,7,8,9,1 9,4 7,4 8
1 4 5 7 8 9 12,0.00397257,29.8751,Yes,N/A,N/A,N/A,4,5,1 5,7,8,9,1 9,4 7,12
1 4 5 7 8 9 11,0.00841317,27.697,Yes,N/A,N/A,N/A,4,5,1 5,7,8,9,1 9,11,4 8
1 4 5 7 8 9 11 12,0.00135264,39.055,Yes,N/A,N/A,N/A,4,5,1 5,7,8,9,1 9,11,12
1 4 5 7 8 9 10,0.0125298,25.9754,Yes,N/A,N/A,N/A,4,5,1 5,7,8,9,10,4 7,4 8
1 4 5 7 8 9 10 12,0.00205525,37.14,Yes,N/A,N/A,N/A,4,5,1 5,7,8,9,10,4 7,12
1 4 5 7 8 9 10 11,0.00416383,35.276,Yes,N/A,N/A,N/A,4,5,1 5,7,8,9,10,11,4 8
1 4 5 7 8 9 10 11 12,0.00078086,46.5111,Yes,N/A,N/A,N/A,4,5,1 5,7,8,9,10,11,12
4 5 8 10,0.0118313,21.149,Yes,N/A,N/A,N/A,4,5,N/A,N/A,8,4 5,10,N/A,4 8
4 5 8 10 12,0.0013003,32.8032,Yes,N/A,N/A,N/A,4,5,N/A,N/A,8,4 5,10,N/A,12
4 5 8 10 11,0.00277206,30.6255,Yes,N/A,N/A,N/A,4,5,N/A,N/A,8,4 5,10,11,4 8
4 5 8 10 11 12,0.000381039,42.2076,Yes,N/A,N/A,N/A,4,5,N/A,N/A,8,4 5,10,11,12
4 5 8 9 11,0.00255296,30.7649,Yes,N/A,N/A,N/A,4,5,N/A,N/A,8,9,N/A,11,4 8
4 5 8 9 11 12,0.000349286,42.4449,Yes,N/A,N/A,N/A,4,5,N/A,N/A,8,9,N/A,11,12
4 5 8 9 10,0.00382945,29.2054,Yes,N/A,N/A,N/A,4,5,N/A,N/A,8,9,10,N/A,4 8
4 5 8 9 10 12,0.000523929,40.8592,Yes,N/A,N/A,N/A,4,5,N/A,N/A,8,9,10,N/A,12
4 5 8 9 10 11,0.00114312,38.4679,Yes,N/A,N/A,N/A,4,5,N/A,N/A,8,9,10,11,4 8
4 5 8 9 10 11 12,0.000187874,50.0409,Yes,N/A,N/A,N/A,4,5,N/A,N/A,8,9,10,11,12
1 4 5 6,0.107446,8.20276,Yes,N/A,N/A,N/A,4,5,6,1 6,N/A,4 5,4 6,5 6,1 5 6
1 4 5 6 12,0.0093307,19.612,Yes,N/A,N/A,N/A,4,5,6,1 6,N/A,4 5,4 6,5 6,12
4 5 6,0.066358,9.98611,Yes,N/A,N/A,N/A,4,5,6,N/A,N/A,4 5,4 6,5 6,N/A
1 4 5 6 11,0.0228624,17.8688,Yes,N/A,N/A,N/A,4,5,6,1 6,N/A,4 5,4 6,11,1 11
1 4 5 6 11 12,0.00235967,29.5143,Yes,N/A,N/A,N/A,4,5,6,1 6,N/A,4 5,4 6,11,12
1 4 5 6 10,0.0306356,16.5957,Yes,N/A,N/A,N/A,4,5,6,1 6,N/A,4 5,10,5 6,1 5 6
1 4 5 6 10 12,0.00356133,27.8863,Yes,N/A,N/A,N/A,4,5,6,1 6,N/A,4 5,10,5 6,12
4 5 6 10,0.0149177,19.1202,Yes,N/A,N/A,N/A,4,5,6,N/A,N/A,4 5,10,5 6,N/A
1 4 5 6 10 11,0.00781806,26.3684,Yes,N/A,N/A,N/A,4,5,6,1 6,N/A,4 5,10,11,1 11
1 4 5 6 10 11 12,0.00102901,37.9312,Yes,N/A,N/A,N/A,4,5,6,1 6,N/A,4 5,10,11,12
1 4 5 6 9,0.0366369,15.4064,Yes,N/A,N/A,N/A,4,5,6,1 6,N/A,9,4 6,5 6,1 5 6
1 4 5 6 9 12,0.0042859,26.6869,Yes,N/A,N/A,N/A,4,5,6,1 6,N/A,9,4 6,5 6,12
4 5 6 9,0.0178326,17.9921,Yes,N/A,N/A,N/A,4,5,6,N/A,N/A,9,4 6,5 6,N/A
1 4 5 6 9 11,0.00976969,24.9252,Yes,N/A,N/A,N/A,4,5,6,1 6,N/A,9,4 6,11,1 11
1 4 5 6 9 11 12,0.00130288,36.4482,Yes,N/A,N/A,N/A,4,5,6,1 6,N/A,9,4 6,11,12
1 4 5 6 9 10,0.012327,23.9193,Yes,N/A,N/A,N/A,4,5,6,1 6,N/A,9,10,5 6,1 5 6
1 4 5 6 9 10 12,0.00181192,35.1004,Yes,N/A,N/A,N/A,4,5,6,1 6,N/A,9,10,5 6,12
4 5 6 9 10,0.00520119,27.0841,Yes,N/A,N/A,N/A,4,5,6,N/A,N/A,9,10,5 6,N/A
1 4 5 6 9 10 11,0.00384552,33.5354,Yes,N/A,N/A,N/A,4,5,6,1 6,N/A,9,10,11,1 11
1 4 5 6 9 10 11 12,0.000623702,44.9805,Yes,N/A,N/A,N/A,4,5,6,1 6,N/A,9,10,11,12
1 4 5 6 8,0.0669867,11.5496,Yes,N/A,N/A,N/A,4,5,6,1 6,8,4 5,4 6,5 6,4 8
1 4 5 6 8 12,0.00738482,22.8651,Yes,N/A,N/A,N/A,4,5,6,1 6,8,4 5,4 6,5 6,12
1 4 5 6 8 11,0.0166955,20.7914,Yes,N/A,N/A,N/A,4,5,6,1 6,8,4 5,4 6,11,4 8
1 4 5 6 8 11 12,0.00220738,32.1822,Yes,N/A,N/A,N/A,4,5,6,1 6,8,4 5,4 6,11,12
1 4 5 6 8 10,0.0245344,19.0277,Yes,N/A,N/A,N/A,4,5,6,1 6,8,4 5,10,5 6,4 8
1 4 5 6 8 10 12,0.00336879,30.2224,Yes,N/A,N/A,N/A,4,5,6,1 6,8,4 5,10,5 6,12
1 4 5 6 8 10 11,0.00705862,28.4097,Yes,N/A,N/A,N/A,4,5,6,1 6,8,4 5,10,11,4 8
1 4 5 6 8 10 11 12,0.0011266,39.6873,Yes,N/A,N/A,N/A,4,5,6,1 6,8,4 5,10,11,12
1 4 5 6 8 9,0.0286343,18.2264,Yes,N/A,N/A,N/A,4,5,6,1 6,8,9,4 6,5 6,4 8
1 4 5 6 8 9 12,0.00388852,29.5092,Yes,N/A,N/A,N/A,4,5,6,1 6,8,9,4 6,5 6,12
1 4 5 6 8 9 11,0.00859634,27.236,Yes,N/A,N/A,N/A,4,5,6,1 6,8,9,4 6,11,4 8
1 4 5 6 8 9 11 12,0.00136408,38.5769,Yes,N/A,N/A,N/A,4,5,6,1 6,8,9,4 6,11,12
1 4 5 6 8 9 10,0.0119644,25.8124,Yes,N/A,N/A,N/A,4,5,6,1 6,8,9,10,5 6,4 8
1 4 5 6 8 9 10 12,0.00195507,36.9876,Yes,N/A,N/A,N/A,4,5,6,1 6,8,9,10,5 6,12
1 4 5 6 8 9 10 11,0.00407881,34.9431,Yes,N/A,N/A,N/A,4,5,6,1 6,8,9,10,11,4 8
1 4 5 6 8 9 10 11 12,0.000760042,46.1625,Yes,N/A,N/A,N/A,4,5,6,1 6,8,9,10,11,12
4 5 6 12,0.00574417,21.2482,Yes,N/A,N/A,N/A,4,5,6,N/A,N/A,4 5,4 6,5 6,12
4 5 6 11,0.0107167,20.3271,Yes,N/A,N/A,N/A,4,5,6,N/A,N/A,4 5,4 6,11,N/A
4 5 6 11 12,0.00123838,31.5223,Yes,N/A,N/A,N/A,4,5,6,N/A,N/A,4 5,4 6,11,12
4 5 6 10 12,0.00172897,30.2921,Yes,N/A,N/A,N/A,4,5,6,N/A,N/A,4 5,10,5 6,12
4 5 6 10 11,0.00320073,29.4137,Yes,N/A,N/A,N/A,4,5,6,N/A,N/A,4 5,10,11,N/A
4 5 6 10 11 12,0.000464392,40.508,Yes,N/A,N/A,N/A,4,5,6,N/A,N/A,4 5,10,11,12
4 5 6 9 12,0.00207667,29.1475,Yes,N/A,N/A,N/A,4,5,6,N/A,N/A,9,4 6,5 6,12
4 5 6 9 11,0.00381039,28.2887,Yes,N/A,N/A,N/A,4,5,6,N/A,N/A,9,4 6,11,N/A
4 5 6 9 11 12,0.000555683,39.3655,Yes,N/A,N/A,N/A,4,5,6,N/A,N/A,9,4 6,11,12
4 5 6 9 10 12,0.000762079,38.1352,Yes,N/A,N/A,N/A,4,5,6,N/A,N/A,9,10,5 6,12
4 5 6 9 10 11,0.00138127,37.3498,Yes,N/A,N/A,N/A,4,5,6,N/A,N/A,9,10,11,N/A
4 5 6 9 10 11 12,0.000243442,48.3112,Yes,N/A,N/A,N/A,4,5,6,N/A,N/A,9,10,11,12
1 4 5 6 7,0.0833119,10.2349,Yes,N/A,N/A,N/A,4,5,6,7,1 7,4 5,4 6,4 7,5 7
1 4 5 6 7 12,0.00909851,21.4999,Yes,N/A,N/A,N/A,4,5,6,7,1 7,4 5,4 6,4 7,12
1 4 5 6 7 11,0.0199927,19.6925,Yes,N/A,N/A,N/A,4,5,6,7,1 7,4 5,4 6,11,5 7
1 4 5 6 7 11 12,0.00263685,31.0391,Yes,N/A,N/A,N/A,4,5,6,7,1 7,4 5,4 6,11,12
1 4 5 6 7 10,0.0289947,18.0434,Yes,N/A,N/A,N/A,4,5,6,7,1 7,4 5,10,4 7,5 7
1 4 5 6 7 10 12,0.0039983,29.1436,Yes,N/A,N/A,N/A,4,5,6,7,1 7,4 5,10,4 7,12
1 4 5 6 7 10 11,0.00817866,27.5714,Yes,N/A,N/A,N/A,4,5,6,7,1 7,4 5,10,11,5 7
1 4 5 6 7 10 11 12,0.00131163,38.7831,Yes,N/A,N/A,N/A,4,5,6,7,1 7,4 5,10,11,12
1 4 5 6 7 9,0.0389875,16.065,Yes,N/A,N/A,N/A,4,5,6,7,1 7,9,4 6,4 7,5 7
1 4 5 6 7 9 12,0.00531921,27.1672,Yes,N/A,N/A,N/A,4,5,6,7,1 7,9,4 6,4 7,12
1 4 5 6 7 9 11,0.0110939,25.3343,Yes,N/A,N/A,N/A,4,5,6,7,1 7,9,4 6,11,5 7
1 4 5 6 7 9 11 12,0.00177395,36.4974,Yes,N/A,N/A,N/A,4,5,6,7,1 7,9,4 6,11,12
1 4 5 6 7 9 10,0.0152118,24.0579,Yes,N/A,N/A,N/A,4,5,6,7,1 7,9,10,4 7,5 7
1 4 5 6 7 9 10 12,0.00252258,35.0115,Yes,N/A,N/A,N/A,4,5,6,7,1 7,9,10,4 7,12
1 4 5 6 7 9 10 11,0.00502005,33.3608,Yes,N/A,N/A,N/A,4,5,6,7,1 7,9,10,11,5 7
1 4 5 6 7 9 10 11 12,0.000949171,44.3843,Yes,N/A,N/A,N/A,4,5,6,7,1 7,9,10,11,12
1 4 5 6 7 8,0.0540826,14.4029,Yes,N/A,N/A,N/A,4,5,6,7,8,4 5,4 6,4 7,4 8
1 4 5 6 7 8 12,0.00723629,25.5244,Yes,N/A,N/A,N/A,4,5,6,7,8,4 5,4 6,4 7,12
1 4 5 6 7 8 11,0.015498,23.4668,Yes,N/A,N/A,N/A,4,5,6,7,8,4 5,4 6,11,4 8
1 4 5 6 7 8 11 12,0.00243881,34.6559,Yes,N/A,N/A,N/A,4,5,6,7,8,4 5,4 6,11,12
1 4 5 6 7 8 10,0.0234632,21.2747,Yes,N/A,N/A,N/A,4,5,6,7,8,4 5,10,4 7,4 8
1 4 5 6 7 8 10 12,0.00378567,32.2131,Yes,N/A,N/A,N/A,4,5,6,7,8,4 5,10,4 7,12
1 4 5 6 7 8 10 11,0.00764237,30.4672,Yes,N/A,N/A,N/A,4,5,6,7,8,4 5,10,11,4 8
1 4 5 6 7 8 10 11 12,0.00141262,41.5113,Yes,N/A,N/A,N/A,4,5,6,7,8,4 5,10,11,12
1 4 5 6 7 8 9,0.0299726,19.7379,Yes,N/A,N/A,N/A,4,5,6,7,8,9,4 6,4 7,4 8
1 4 5 6 7 8 9 12,0.0047621,30.7909,Yes,N/A,N/A,N/A,4,5,6,7,8,9,4 6,4 7,12
1 4 5 6 7 8 9 11,0.00995849,28.539,Yes,N/A,N/A,N/A,4,5,6,7,8,9,4 6,11,4 8
1 4 5 6 7 8 9 11 12,0.00182408,39.6266,Yes,N/A,N/A,N/A,4,5,6,7,8,9,4 6,11,12
1 4 5 6 7 8 9 10,0.01425,26.8664,Yes,N/A,N/A,N/A,4,5,6,7,8,9,10,4 7,4 8
1 4 5 6 7 8 9 10 12,0.00266131,37.7558,Yes,N/A,N/A,N/A,4,5,6,7,8,9,10,4 7,12
1 4 5 6 7 8 9 10 11,0.00533243,35.7457,Yes,N/A,N/A,N/A,4,5,6,7,8,9,10,11,4 8
1 4 5 6 7 8 9 10 11 12,0.00112518,46.6741,Yes,N/A,N/A,N/A,4,5,6,7,8,9,10,11,12
5 7 9 11,0.00377229,26.8963,Yes,N/A,N/A,N/A,N/A,5,N/A,7,N/A,9,N/A,11,5 7
5 7 9 11 12,0.000438195,38.6137,Yes,N/A,N/A,N/A,N/A,5,N/A,7,N/A,9,N/A,11,12
5 7 9 10,0.00565844,25.4213,Yes,N/A,N/A,N/A,N/A,5,N/A,7,N/A,9,10,N/A,5 7
5 7 9 10 12,0.000657293,37.1171,Yes,N/A,N/A,N/A,N/A,5,N/A,7,N/A,9,10,N/A,12
5 7 9 10 11,0.00148605,34.948,Yes,N/A,N/A,N/A,N/A,5,N/A,7,N/A,9,10,11,5 7
5 7 9 10 11 12,0.000214335,46.5784,Yes,N/A,N/A,N/A,N/A,5,N/A,7,N/A,9,10,11,12
5 7 8 10,0.00707305,24.1343,Yes,N/A,N/A,N/A,N/A,5,N/A,7,8,N/A,10,N/A,5 7
5 7 8 10 12,0.000821616,35.8129,Yes,N/A,N/A,N/A,N/A,5,N/A,7,8,N/A,10,N/A,12
5 7 8 10 11,0.00185757,33.5966,Yes,N/A,N/A,N/A,N/A,5,N/A,7,8,N/A,10,11,5 7
5 7 8 10 11 12,0.000267918,45.205,Yes,N/A,N/A,N/A,N/A,5,N/A,7,8,N/A,10,11,12
5 7 8 9 11,0.00247676,32.1091,Yes,N/A,N/A,N/A,N/A,5,N/A,7,8,9,N/A,11,5 7
5 7 8 9 11 12,0.000357225,43.6901,Yes,N/A,N/A,N/A,N/A,5,N/A,7,8,9,N/A,11,12
5 7 8 9 10,0.00371513,30.4534,Yes,N/A,N/A,N/A,N/A,5,N/A,7,8,9,10,N/A,5 7
5 7 8 9 10 12,0.000535837,41.9996,Yes,N/A,N/A,N/A,N/A,5,N/A,7,8,9,10,N/A,12
5 7 8 9 10 11,0.00119075,39.4289,Yes,N/A,N/A,N/A,N/A,5,N/A,7,8,9,10,11,5 7
5 7 8 9 10 11 12,0.000205073,50.8674,Yes,N/A,N/A,N/A,N/A,5,N/A,7,8,9,10,11,12
5 6 8 10 12,0.00102404,34.4934,Yes,N/A,N/A,N/A,N/A,5,6,N/A,8,N/A,10,5 6,12
5 6 8 10 11,0.00161942,33.7375,Yes,N/A,N/A,N/A,N/A,5,6,N/A,8,N/A,10,11,N/A
5 6 8 10 11 12,0.000257995,44.868,Yes,N/A,N/A,N/A,N/A,5,6,N/A,8,N/A,10,11,12
5 6 8 9 12,0.00136539,33.0533,Yes,N/A,N/A,N/A,N/A,5,6,N/A,8,9,N/A,5 6,12
5 6 8 9 11,0.00215922,32.3007,Yes,N/A,N/A,N/A,N/A,5,6,N/A,8,9,N/A,11,N/A
5 6 8 9 11 12,0.000343994,43.3847,Yes,N/A,N/A,N/A,N/A,5,6,N/A,8,9,N/A,11,12
5 6 8 9 10 12,0.000635066,40.6135,Yes,N/A,N/A,N/A,N/A,5,6,N/A,8,9,10,5 6,12
5 6 8 9 10 11,0.00103198,39.8694,Yes,N/A,N/A,N/A,N/A,5,6,N/A,8,9,10,11,N/A
5 6 8 9 10 11 12,0.000194048,50.7192,Yes,N/A,N/A,N/A,N/A,5,6,N/A,8,9,10,11,12
5 6 7 9,0.0156036,20.1963,Yes,N/A,N/A,N/A,N/A,5,6,7,N/A,9,N/A,5 6,5 7
5 6 7 9 12,0.00178136,31.7921,Yes,N/A,N/A,N/A,N/A,5,6,7,N/A,9,N/A,5 6,12
5 6 7 9 11,0.00316263,30.5031,Yes,N/A,N/A,N/A,N/A,5,6,7,N/A,9,N/A,11,5 7
5 6 7 9 11 12,0.000452484,42.0859,Yes,N/A,N/A,N/A,N/A,5,6,7,N/A,9,N/A,11,12
5 6 7 9 10,0.00577275,27.7833,Yes,N/A,N/A,N/A,N/A,5,6,7,N/A,9,10,5 6,5 7
5 6 7 9 10 12,0.000821616,39.2501,Yes,N/A,N/A,N/A,N/A,5,6,7,N/A,9,10,5 6,12
5 6 7 9 10 11,0.00147653,37.862,Yes,N/A,N/A,N/A,N/A,5,6,7,N/A,9,10,11,5 7
5 6 7 9 10 11 12,0.000252703,49.3022,Yes,N/A,N/A,N/A,N/A,5,6,7,N/A,9,10,11,12
5 6 7 8 10,0.00721594,26.3306,Yes,N/A,N/A,N/A,N/A,5,6,7,8,N/A,10,5 6,5 7
5 6 7 8 10 12,0.00102702,37.7647,Yes,N/A,N/A,N/A,N/A,5,6,7,8,N/A,10,5 6,12
5 6 7 8 10 11,0.00184566,36.352,Yes,N/A,N/A,N/A,N/A,5,6,7,8,N/A,10,11,5 7
5 6 7 8 10 11 12,0.000315879,47.7558,Yes,N/A,N/A,N/A,N/A,5,6,7,8,N/A,10,11,12
5 6 7 8 9,0.00962125,24.7111,Yes,N/A,N/A,N/A,N/A,5,6,7,8,9,N/A,5 6,5 7
5 6 7 8 9 12,0.00136936,36.1045,Yes,N/A,N/A,N/A,N/A,5,6,7,8,9,N/A,5 6,12
5 6 7 8 9 11,0.00246088,34.6607,Yes,N/A,N/A,N/A,N/A,5,6,7,8,9,N/A,11,5 7
5 6 7 8 9 11 12,0.000421172,46.019,Yes,N/A,N/A,N/A,N/A,5,6,7,8,9,N/A,11,12
5 6 7 8 9 10,0.00440577,31.3167,Yes,N/A,N/A,N/A,N/A,5,6,7,8,9,10,5 6,5 7
5 6 7 8 9 10 12,0.000750833,42.496,Yes,N/A,N/A,N/A,N/A,5,6,7,8,9,10,5 6,12
5 6 7 8 9 10 11,0.00136275,40.8852,Yes,N/A,N/A,N/A,N/A,5,6,7,8,9,10,11,5 7
5 6 7 8 9 10 11 12,0.00027141,52.0005,Yes,N/A,N/A,N/A,N/A,5,6,7,8,9,10,11,12
1 3,0.0925926,3.49074,Yes,N/A,N/A,3,1 3,N/A,N/A,N/A,N/A,N/A,N/A,N/A,N/A
1 3 12,0.00514403,15.106,Yes,N/A,N/A,3,1 3,N/A,N/A,N/A,N/A,N/A,N/A,N/A,12
3,0.0555556,2.83333,Yes,N/A,N/A,3,N/A,N/A,N/A,N/A,N/A,N/A,N/A,N/A,N/A
1 3 11,0.0133745,13.4187,Yes,N/A,N/A,3,1 3,N/A,N/A,N/A,N/A,N/A,N/A,11,1 11
1 3 11 12,0.00098594,25.3253,Yes,N/A,N/A,3,1 3,N/A,N/A,N/A,N/A,N/A,N/A,11,12
3 12,0.00308642,14.4769,Yes,N/A,N/A,3,N/A,N/A,N/A,N/A,N/A,N/A,N/A,N/A,12
1 3 10,0.0216049,11.8534,Yes,N/A,N/A,3,1 3,N/A,N/A,N/A,N/A,N/A,10,1 10,N/A
1 3 10 12,0.00180041,23.354,Yes,N/A,N/A,3,1 3,N/A,N/A,N/A,N/A,N/A,10,1 10,12
3 10,0.00925926,11.9398,Yes,N/A,N/A,3,N/A,N/A,N/A,N/A,N/A,N/A,10,N/A,N/A
1 3 10 11,0.00385802,22.2043,Yes,N/A,N/A,3,1 3,N/A,N/A,N/A,N/A,N/A,10,11,1 11
1 3 10 11 12,0.000385802,34.0817,Yes,N/A,N/A,3,1 3,N/A,N/A,N/A,N/A,N/A,10,11,12
3 11,0.00617284,13.179,Yes,N/A,N/A,3,N/A,N/A,N/A,N/A,N/A,N/A,N/A,11,N/A
3 11 12,0.000514403,24.7826,Yes,N/A,N/A,3,N/A,N/A,N/A,N/A,N/A,N/A,N/A,11,12
1 3 9,0.034465,10.072,Yes,N/A,N/A,3,1 3,N/A,N/A,N/A,N/A,9,1 9,N/A,3 9
1 3 9 12,0.00261488,21.8657,Yes,N/A,N/A,3,1 3,N/A,N/A,N/A,N/A,9,1 9,N/A,12
1 3 9 11,0.00694444,19.9741,Yes,N/A,N/A,3,1 3,N/A,N/A,N/A,N/A,9,1 9,11,3 9
1 3 9 11 12,0.000643004,31.7904,Yes,N/A,N/A,3,1 3,N/A,N/A,N/A,N/A,9,1 9,11,12
3 9,0.0401235,10.4259,Yes,N/A,N/A,3,N/A,N/A,N/A,N/A,N/A,9,N/A,N/A,3 9
3 9 12,0.00180041,22.3205,Yes,N/A,N/A,3,N/A,N/A,N/A,N/A,N/A,9,N/A,N/A,12
1 3 9 10,0.0122171,18.7879,Yes,N/A,N/A,3,1 3,N/A,N/A,N/A,N/A,9,10,1 10,3 9
1 3 9 10 12,0.00108953,30.5655,Yes,N/A,N/A,3,1 3,N/A,N/A,N/A,N/A,9,10,1 10,12
1 3 9 10 11,0.00243627,29.3559,Yes,N/A,N/A,3,1 3,N/A,N/A,N/A,N/A,9,10,11,3 9
1 3 9 10 11 12,0.000274666,41.1917,Yes,N/A,N/A,3,1 3,N/A,N/A,N/A,N/A,9,10,11,12
3 10 12,0.000771605,23.526,Yes,N/A,N/A,3,N/A,N/A,N/A,N/A,N/A,N/A,10,N/A,12
3 10 11,0.00154321,22.1759,Yes,N/A,N/A,3,N/A,N/A,N/A,N/A,N/A,N/A,10,11,N/A
3 10 11 12,0.000171468,33.7121,Yes,N/A,N/A,3,N/A,N/A,N/A,N/A,N/A,N/A,10,11,12
1 3 8,0.0751029,8.13477,Yes,N/A,N/A,3,1 3,N/A,N/A,N/A,8,1 8,N/A,3 8,1 3 8
1 3 8 12,0.00445816,19.8654,Yes,N/A,N/A,3,1 3,N/A,N/A,N/A,8,1 8,N/A,3 8,12
3 8,0.0709877,9.02623,Yes,N/A,N/A,3,N/A,N/A,N/A,N/A,8,N/A,N/A,3 8,N/A
1 3 8 11,0.0112311,18.5191,Yes,N/A,N/A,3,1 3,N/A,N/A,N/A,8,1 8,N/A,11,1 11
1 3 8 11 12,0.000947836,30.3317,Yes,N/A,N/A,3,1 3,N/A,N/A,N/A,8,1 8,N/A,11,12
1 3 8 10,0.0204904,16.3623,Yes,N/A,N/A,3,1 3,N/A,N/A,N/A,8,1 8,10,3 8,1 3 8
1 3 8 10 12,0.00182661,27.9947,Yes,N/A,N/A,3,1 3,N/A,N/A,N/A,8,1 8,10,3 8,12
3 8 10,0.0131173,17.8002,Yes,N/A,N/A,3,N/A,N/A,N/A,N/A,8,N/A,10,3 8,N/A
1 3 8 10 11,0.00385326,26.7185,Yes,N/A,N/A,3,1 3,N/A,N/A,N/A,8,1 8,10,11,1 11
1 3 8 10 11 12,0.000432771,38.4733,Yes,N/A,N/A,3,1 3,N/A,N/A,N/A,8,1 8,10,11,12
3 8 12,0.00437243,20.5472,Yes,N/A,N/A,3,N/A,N/A,N/A,N/A,8,N/A,N/A,3 8,12
3 8 11,0.00565844,19.7836,Yes,N/A,N/A,3,N/A,N/A,N/A,N/A,8,N/A,N/A,11,N/A
3 8 11 12,0.000542981,31.2815,Yes,N/A,N/A,3,N/A,N/A,N/A,N/A,8,N/A,N/A,11,12
1 3 8 9,0.0332647,15.0544,Yes,N/A,N/A,3,1 3,N/A,N/A,N/A,8,9,1 9,3 8,3 9
1 3 8 9 12,0.00286375,26.7523,Yes,N/A,N/A,3,1 3,N/A,N/A,N/A,8,9,1 9,3 8,12
1 3 8 9 11,0.00610854,25.3853,Yes,N/A,N/A,3,1 3,N/A,N/A,N/A,8,9,1 9,11,3 9
1 3 8 9 11 12,0.000666025,37.1342,Yes,N/A,N/A,3,1 3,N/A,N/A,N/A,8,9,1 9,11,12
1 3 8 9 10,0.0103714,24.0609,Yes,N/A,N/A,3,1 3,N/A,N/A,N/A,8,9,10,3 8,3 9
1 3 8 9 10 12,0.00113267,35.7688,Yes,N/A,N/A,3,1 3,N/A,N/A,N/A,8,9,10,3 8,12
1 3 8 9 10 11,0.00235662,34.4803,Yes,N/A,N/A,3,1 3,N/A,N/A,N/A,8,9,10,11,3 9
1 3 8 9 10 11 12,0.000310146,46.2561,Yes,N/A,N/A,3,1 3,N/A,N/A,N/A,8,9,10,11,12
3 9 11,0.00514403,20.5969,Yes,N/A,N/A,3,N/A,N/A,N/A,N/A,N/A,9,N/A,11,3 9
3 9 11 12,0.000357225,32.4725,Yes,N/A,N/A,3,N/A,N/A,N/A,N/A,N/A,9,N/A,11,12
3 9 10,0.00771605,19.2829,Yes,N/A,N/A,3,N/A,N/A,N/A,N/A,N/A,9,10,N/A,3 9
3 9 10 12,0.000535837,31.15,Yes,N/A,N/A,3,N/A,N/A,N/A,N/A,N/A,9,10,N/A,12
3 9 10 11,0.00145748,29.2993,Yes,N/A,N/A,3,N/A,N/A,N/A,N/A,N/A,9,10,11,3 9
3 9 10 11 12,0.000138127,41.141,Yes,N/A,N/A,3,N/A,N/A,N/A,N/A,N/A,9,10,11,12
1 3 7,0.115741,6.43056,Yes,N/A,N/A,3,1 3,N/A,N/A,7,1 7,N/A,3 7,1 3 7,N/A
1 3 7 12,0.00771605,17.7625,Yes,N/A,N/A,3,1 3,N/A,N/A,7,1 7,N/A,3 7,1 3 7,12
3 7,0.101852,7.74074,Yes,N/A,N/A,3,N/A,N/A,N/A,7,N/A,N/A,3 7,N/A,N/A
1 3 7 11,0.0185185,16.3073,Yes,N/A,N/A,3,1 3,N/A,N/A,7,1 7,N/A,3 7,11,1 11
1 3 7 11 12,0.00152178,28.0534,Yes,N/A,N/A,3,1 3,N/A,N/A,7,1 7,N/A,3 7,11,12
3 7 12,0.00617284,19.2341,Yes,N/A,N/A,3,N/A,N/A,N/A,7,N/A,N/A,3 7,N/A,12
1 3 7 10,0.0250772,15.3391,Yes,N/A,N/A,3,1 3,N/A,N/A,7,1 7,N/A,10,1 10,N/A
1 3 7 10 12,0.002497,26.5474,Yes,N/A,N/A,3,1 3,N/A,N/A,7,1 7,N/A,10,1 10,12
3 7 10,0.0115741,17.3441,Yes,N/A,N/A,3,N/A,N/A,N/A,7,N/A,N/A,10,N/A,N/A
1 3 7 10 11,0.00497257,25.3106,Yes,N/A,N/A,3,1 3,N/A,N/A,7,1 7,N/A,10,11,1 11
1 3 7 10 11 12,0.000579894,36.9909,Yes,N/A,N/A,3,1 3,N/A,N/A,7,1 7,N/A,10,11,12
1 3 7 9,0.0501543,12.4781,Yes,N/A,N/A,3,1 3,N/A,N/A,7,1 7,9,3 7,1 3 7,3 9
1 3 7 9 12,0.00430813,24.0709,Yes,N/A,N/A,3,1 3,N/A,N/A,7,1 7,9,3 7,1 3 7,12
1 3 7 9 11,0.0102309,22.3751,Yes,N/A,N/A,3,1 3,N/A,N/A,7,1 7,9,3 7,11,3 9
1 3 7 9 11 12,0.00108279,34.063,Yes,N/A,N/A,3,1 3,N/A,N/A,7,1 7,9,3 7,11,12
3 7 9,0.0339506,14.7341,Yes,N/A,N/A,3,N/A,N/A,N/A,7,N/A,9,3 7,N/A,3 9
3 7 9 12,0.00261488,26.5123,Yes,N/A,N/A,3,N/A,N/A,N/A,7,N/A,9,3 7,N/A,12
1 3 7 9 10,0.0150677,21.075,Yes,N/A,N/A,3,1 3,N/A,N/A,7,1 7,9,10,1 10,3 9
1 3 7 9 10 12,0.00165871,32.661,Yes,N/A,N/A,3,1 3,N/A,N/A,7,1 7,9,10,1 10,12
1 3 7 9 10 11,0.00351033,31.2186,Yes,N/A,N/A,3,1 3,N/A,N/A,7,1 7,9,10,11,3 9
1 3 7 9 10 11 12,0.000464193,42.8831,Yes,N/A,N/A,3,1 3,N/A,N/A,7,1 7,9,10,11,12
3 7 11,0.0123457,17.8009,Yes,N/A,N/A,3,N/A,N/A,N/A,7,N/A,N/A,3 7,11,N/A
3 7 11 12,0.00111454,29.2275,Yes,N/A,N/A,3,N/A,N/A,N/A,7,N/A,N/A,3 7,11,12
3 7 10 12,0.00109311,28.7984,Yes,N/A,N/A,3,N/A,N/A,N/A,7,N/A,N/A,10,N/A,12
3 7 10 11,0.00218621,27.3288,Yes,N/A,N/A,3,N/A,N/A,N/A,7,N/A,N/A,10,11,N/A
3 7 10 11 12,0.000271491,38.7071,Yes,N/A,N/A,3,N/A,N/A,N/A,7,N/A,N/A,10,11,12
1 3 7 8,0.0724023,11.1306,Yes,N/A,N/A,3,1 3,N/A,N/A,7,8,1 8,3 7,3 8,1 3 8
1 3 7 8 12,0.00626572,22.6067,Yes,N/A,N/A,3,1 3,N/A,N/A,7,8,1 8,3 7,3 8,12
3 7 8,0.0493827,13.1651,Yes,N/A,N/A,3,N/A,N/A,N/A,7,8,N/A,3 7,3 8,N/A
1 3 7 8 11,0.0145462,21.0722,Yes,N/A,N/A,3,1 3,N/A,N/A,7,8,1 8,3 7,11,1 11
1 3 7 8 11 12,0.00152495,32.7252,Yes,N/A,N/A,3,1 3,N/A,N/A,7,8,1 8,3 7,11,12
1 3 7 8 10,0.0198438,19.7568,Yes,N/A,N/A,3,1 3,N/A,N/A,7,8,1 8,10,3 8,1 3 8
1 3 7 8 10 12,0.00231402,31.151,Yes,N/A,N/A,3,1 3,N/A,N/A,7,8,1 8,10,3 8,12
3 7 8 10,0.0100952,22.4596,Yes,N/A,N/A,3,N/A,N/A,N/A,7,8,N/A,10,3 8,N/A
1 3 7 8 10 11,0.00470187,29.7768,Yes,N/A,N/A,3,1 3,N/A,N/A,7,8,1 8,10,11,1 11
1 3 7 8 10 11 12,0.000637877,41.3525,Yes,N/A,N/A,3,1 3,N/A,N/A,7,8,1 8,10,11,12
1 3 7 8 9,0.032093,18.1585,Yes,N/A,N/A,3,1 3,N/A,N/A,7,8,9,3 7,3 8,3 9
1 3 7 8 9 12,0.00355359,29.647,Yes,N/A,N/A,3,1 3,N/A,N/A,7,8,9,3 7,3 8,12
1 3 7 8 9 11,0.00773193,28.0972,Yes,N/A,N/A,3,1 3,N/A,N/A,7,8,9,3 7,11,3 9
1 3 7 8 9 11 12,0.00100982,39.7082,Yes,N/A,N/A,3,1 3,N/A,N/A,7,8,9,3 7,11,12
1 3 7 8 9 10,0.0114173,26.7086,Yes,N/A,N/A,3,1 3,N/A,N/A,7,8,9,10,3 8,3 9
1 3 7 8 9 10 12,0.00154615,38.1983,Yes,N/A,N/A,3,1 3,N/A,N/A,7,8,9,10,3 8,12
1 3 7 8 9 10 11,0.00313279,36.796,Yes,N/A,N/A,3,1 3,N/A,N/A,7,8,9,10,11,3 9
1 3 7 8 9 10 11 12,0.000489644,48.3915,Yes,N/A,N/A,3,1 3,N/A,N/A,7,8,9,10,11,12
3 8 10 12,0.00120027,29.2325,Yes,N/A,N/A,3,N/A,N/A,N/A,N/A,8,N/A,10,3 8,12
3 8 10 11,0.00162894,28.4928,Yes,N/A,N/A,3,N/A,N/A,N/A,N/A,8,N/A,10,11,N/A
3 8 10 11 12,0.000204809,39.8941,Yes,N/A,N/A,3,N/A,N/A,N/A,N/A,8,N/A,10,11,12
3 8 9,0.0252058,16.1216,Yes,N/A,N/A,3,N/A,N/A,N/A,N/A,8,9,N/A,3 8,3 9
3 8 9 12,0.00192187,27.9269,Yes,N/A,N/A,3,N/A,N/A,N/A,N/A,8,9,N/A,3 8,12
3 8 9 11,0.00345793,26.7469,Yes,N/A,N/A,3,N/A,N/A,N/A,N/A,8,9,N/A,11,3 9
3 8 9 11 12,0.000344523,38.5654,Yes,N/A,N/A,3,N/A,N/A,N/A,N/A,8,9,N/A,11,12
3 8 9 10,0.00673011,24.5135,Yes,N/A,N/A,3,N/A,N/A,N/A,N/A,8,9,10,3 8,3 9
3 8 9 10 12,0.000688253,36.2643,Yes,N/A,N/A,3,N/A,N/A,N/A,N/A,8,9,10,3 8,12
3 8 9 10 11,0.0012479,35.0319,Yes,N/A,N/A,3,N/A,N/A,N/A,N/A,8,9,10,11,3 9
3 8 9 10 11 12,0.000156782,46.7955,Yes,N/A,N/A,3,N/A,N/A,N/A,N/A,8,9,10,11,12
1 3 6,0.146091,5.3678,Yes,N/A,N/A,3,1 3,N/A,6,1 6,N/A,3 6,1 3 6,N/A,N/A
1 3 6 12,0.00934499,16.6865,Yes,N/A,N/A,3,1 3,N/A,6,1 6,N/A,3 6,1 3 6,N/A,12
3 6,0.126543,6.93056,Yes,N/A,N/A,3,N/A,N/A,6,N/A,N/A,3 6,N/A,N/A,N/A
1 3 6 11,0.0261488,14.5786,Yes,N/A,N/A,3,1 3,N/A,6,1 6,N/A,3 6,1 3 6,11,1 11
1 3 6 11 12,0.00209095,26.2596,Yes,N/A,N/A,3,1 3,N/A,6,1 6,N/A,3 6,1 3 6,11,12
3 6 12,0.00745885,18.4308,Yes,N/A,N/A,3,N/A,N/A,6,N/A,N/A,3 6,N/A,N/A,12
1 3 6 10,0.0360082,13.5411,Yes,N/A,N/A,3,1 3,N/A,6,1 6,N/A,3 6,10,1 10,N/A
1 3 6 10 12,0.00337934,24.6862,Yes,N/A,N/A,3,1 3,N/A,6,1 6,N/A,3 6,10,1 10,12
3 6 10,0.0223765,15.6515,Yes,N/A,N/A,3,N/A,N/A,6,N/A,N/A,3 6,10,N/A,N/A
1 3 6 10 11,0.00741598,23.328,Yes,N/A,N/A,3,1 3,N/A,6,1 6,N/A,3 6,10,11,1 11
1 3 6 10 11 12,0.000796611,34.9771,Yes,N/A,N/A,3,1 3,N/A,6,1 6,N/A,3 6,10,11,12
3 6 11,0.0149177,17.0045,Yes,N/A,N/A,3,N/A,N/A,6,N/A,N/A,3 6,N/A,11,N/A
3 6 11 12,0.00131459,28.4391,Yes,N/A,N/A,3,N/A,N/A,6,N/A,N/A,3 6,N/A,11,12
1 3 6 9,0.0497257,12.4961,Yes,N/A,N/A,3,1 3,N/A,6,1 6,N/A,9,1 9,N/A,3 9
1 3 6 9 12,0.0042212,24.1298,Yes,N/A,N/A,3,1 3,N/A,6,1 6,N/A,9,1 9,N/A,12
1 3 6 9 11,0.0107096,21.748,Yes,N/A,N/A,3,1 3,N/A,6,1 6,N/A,9,1 9,11,3 9
1 3 6 9 11 12,0.0011455,33.3987,Yes,N/A,N/A,3,1 3,N/A,6,1 6,N/A,9,1 9,11,12
3 6 9,0.0252058,15.0802,Yes,N/A,N/A,3,N/A,N/A,6,N/A,N/A,9,N/A,N/A,3 9
3 6 9 12,0.00192187,26.9249,Yes,N/A,N/A,3,N/A,N/A,6,N/A,N/A,9,N/A,N/A,12
1 3 6 9 10,0.0155107,20.535,Yes,N/A,N/A,3,1 3,N/A,6,1 6,N/A,9,10,1 10,3 9
1 3 6 9 10 12,0.00169166,32.1305,Yes,N/A,N/A,3,1 3,N/A,6,1 6,N/A,9,10,1 10,12
1 3 6 9 10 11,0.0037834,30.5455,Yes,N/A,N/A,3,1 3,N/A,6,1 6,N/A,9,10,11,3 9
1 3 6 9 10 11 12,0.000494822,42.2058,Yes,N/A,N/A,3,1 3,N/A,6,1 6,N/A,9,10,11,12
1 3 6 8,0.0913066,9.17623,Yes,N/A,N/A,3,1 3,N/A,6,1 6,8,3 6,1 3 6,3 8,1 3 8
1 3 6 8 12,0.00789466,20.5499,Yes,N/A,N/A,3,1 3,N/A,6,1 6,8,3 6,1 3 6,3 8,12
3 6 8,0.0527263,12.4234,Yes,N/A,N/A,3,N/A,N/A,6,N/A,8,3 6,N/A,3 8,N/A
1 3 6 8 11,0.0179612,18.9345,Yes,N/A,N/A,3,1 3,N/A,6,1 6,8,3 6,1 3 6,11,1 11
1 3 6 8 11 12,0.00188654,30.4734,Yes,N/A,N/A,3,1 3,N/A,6,1 6,8,3 6,1 3 6,11,12
1 3 6 8 10,0.0274229,17.2087,Yes,N/A,N/A,3,1 3,N/A,6,1 6,8,3 6,10,3 8,1 3 8
1 3 6 8 10 12,0.00316871,28.4389,Yes,N/A,N/A,3,1 3,N/A,6,1 6,8,3 6,10,3 8,12
3 6 8 10,0.0137174,20.616,Yes,N/A,N/A,3,N/A,N/A,6,N/A,8,3 6,10,3 8,N/A
1 3 6 8 10 11,0.00654541,27.0322,Yes,N/A,N/A,3,1 3,N/A,6,1 6,8,3 6,10,11,1 11
1 3 6 8 10 11 12,0.000864064,38.5115,Yes,N/A,N/A,3,1 3,N/A,6,1 6,8,3 6,10,11,12
3 6 8 12,0.00457247,23.7308,Yes,N/A,N/A,3,N/A,N/A,6,N/A,8,3 6,N/A,3 8,12
3 6 8 11,0.00785894,22.9166,Yes,N/A,N/A,3,N/A,N/A,6,N/A,8,3 6,N/A,11,N/A
3 6 8 11 12,0.000912907,34.1723,Yes,N/A,N/A,3,N/A,N/A,6,N/A,8,3 6,N/A,11,12
1 3 6 8 9,0.0390875,15.7658,Yes,N/A,N/A,3,1 3,N/A,6,1 6,8,9,1 9,3 8,3 9
1 3 6 8 9 12,0.00426963,27.1984,Yes,N/A,N/A,3,1 3,N/A,6,1 6,8,9,1 9,3 8,12
1 3 6 8 9 11,0.0089277,25.5357,Yes,N/A,N/A,3,1 3,N/A,6,1 6,8,9,1 9,11,3 9
1 3 6 8 9 11 12,0.00117399,37.0344,Yes,N/A,N/A,3,1 3,N/A,6,1 6,8,9,1 9,11,12
1 3 6 8 9 10,0.0138382,23.8918,Yes,N/A,N/A,3,1 3,N/A,6,1 6,8,9,10,3 8,3 9
1 3 6 8 9 10 12,0.00185646,35.302,Yes,N/A,N/A,3,1 3,N/A,6,1 6,8,9,10,3 8,12
1 3 6 8 9 10 11,0.00377544,33.7238,Yes,N/A,N/A,3,1 3,N/A,6,1 6,8,9,10,11,3 9
1 3 6 8 9 10 11 12,0.000586364,45.2305,Yes,N/A,N/A,3,1 3,N/A,6,1 6,8,9,10,11,12
3 6 10 12,0.00197188,27.0571,Yes,N/A,N/A,3,N/A,N/A,6,N/A,N/A,3 6,10,N/A,12
3 6 10 11,0.00394376,25.5438,Yes,N/A,N/A,3,N/A,N/A,6,N/A,N/A,3 6,10,11,N/A
3 6 10 11 12,0.00046201,36.865,Yes,N/A,N/A,3,N/A,N/A,6,N/A,N/A,3 6,10,11,12
3 6 9 11,0.00448674,25.0177,Yes,N/A,N/A,3,N/A,N/A,6,N/A,N/A,9,N/A,11,3 9
3 6 9 11 12,0.000458835,36.8313,Yes,N/A,N/A,3,N/A,N/A,6,N/A,N/A,9,N/A,11,12
3 6 9 10,0.00673011,23.6045,Yes,N/A,N/A,3,N/A,N/A,6,N/A,N/A,9,10,N/A,3 9
3 6 9 10 12,0.000688253,35.404,Yes,N/A,N/A,3,N/A,N/A,6,N/A,N/A,9,10,N/A,12
3 6 9 10 11,0.00159084,33.3162,Yes,N/A,N/A,3,N/A,N/A,6,N/A,N/A,9,10,11,3 9
3 6 9 10 11 12,0.000204412,45.0729,Yes,N/A,N/A,3,N/A,N/A,6,N/A,N/A,9,10,11,12
1 3 6 7,0.108025,8.37174,Yes,N/A,N/A,3,1 3,N/A,6,7,1 7,3 6,3 7,1 3 7,N/A
1 3 6 7 12,0.0096665,19.3299,Yes,N/A,N/A,3,1 3,N/A,6,7,1 7,3 6,3 7,1 3 7,12
3 6 7,0.0679012,11.0144,Yes,N/A,N/A,3,N/A,N/A,6,7,N/A,3 6,3 7,N/A,N/A
1 3 6 7 11,0.0239198,17.4529,Yes,N/A,N/A,3,1 3,N/A,6,7,1 7,3 6,3 7,11,1 11
1 3 6 7 11 12,0.00249105,28.9805,Yes,N/A,N/A,3,1 3,N/A,6,7,1 7,3 6,3 7,11,12
3 6 7 12,0.00587277,22.2795,Yes,N/A,N/A,3,N/A,N/A,6,7,N/A,3 6,3 7,N/A,12
1 3 6 7 10,0.0329325,16.472,Yes,N/A,N/A,3,1 3,N/A,6,7,1 7,3 6,10,1 10,N/A
1 3 6 7 10 12,0.00392828,27.213,Yes,N/A,N/A,3,1 3,N/A,6,7,1 7,3 6,10,1 10,12
3 6 7 10,0.0147248,20.2067,Yes,N/A,N/A,3,N/A,N/A,6,7,N/A,3 6,10,N/A,N/A
1 3 6 7 10 11,0.0082114,25.7512,Yes,N/A,N/A,3,1 3,N/A,6,7,1 7,3 6,10,11,1 11
1 3 6 7 10 11 12,0.00109499,37.1658,Yes,N/A,N/A,3,1 3,N/A,6,7,1 7,3 6,10,11,12
1 3 6 7 9,0.0432742,14.7825,Yes,N/A,N/A,3,1 3,N/A,6,7,1 7,9,3 7,1 3 7,3 9
1 3 6 7 9 12,0.00480824,26.1347,Yes,N/A,N/A,3,1 3,N/A,6,7,1 7,9,3 7,1 3 7,12
1 3 6 7 9 11,0.0112915,24.0396,Yes,N/A,N/A,3,1 3,N/A,6,7,1 7,9,3 7,11,3 9
1 3 6 7 9 11 12,0.0014838,35.5064,Yes,N/A,N/A,3,1 3,N/A,6,7,1 7,9,3 7,11,12
3 6 7 9,0.0211763,18.5786,Yes,N/A,N/A,3,N/A,N/A,6,7,N/A,9,3 7,N/A,3 9
3 6 7 9 12,0.00223384,30.2486,Yes,N/A,N/A,3,N/A,N/A,6,7,N/A,9,3 7,N/A,12
1 3 6 7 9 10,0.0159667,22.7096,Yes,N/A,N/A,3,1 3,N/A,6,7,1 7,9,10,1 10,3 9
1 3 6 7 9 10 12,0.00217708,34.0275,Yes,N/A,N/A,3,1 3,N/A,6,7,1 7,9,10,1 10,12
1 3 6 7 9 10 11,0.0045953,32.2802,Yes,N/A,N/A,3,1 3,N/A,6,7,1 7,9,10,11,3 9
1 3 6 7 9 10 11 12,0.000722939,43.6983,Yes,N/A,N/A,3,1 3,N/A,6,7,1 7,9,10,11,12
1 3 6 7 8,0.0634931,13.0048,Yes,N/A,N/A,3,1 3,N/A,6,7,8,3 6,3 7,3 8,1 3 8
1 3 6 7 8 12,0.00722348,24.1435,Yes,N/A,N/A,3,1 3,N/A,6,7,8,3 6,3 7,3 8,12
3 6 7 8,0.0370799,15.3157,Yes,N/A,N/A,3,N/A,N/A,6,7,8,3 6,3 7,3 8,N/A
1 3 6 7 8 11,0.0168856,22.1767,Yes,N/A,N/A,3,1 3,N/A,6,7,8,3 6,3 7,11,1 11
1 3 6 7 8 11 12,0.00216551,33.6579,Yes,N/A,N/A,3,1 3,N/A,6,7,8,3 6,3 7,11,12
1 3 6 7 8 10,0.0230894,20.8112,Yes,N/A,N/A,3,1 3,N/A,6,7,8,3 6,10,3 8,1 3 8
1 3 6 7 8 10 12,0.0032992,31.7826,Yes,N/A,N/A,3,1 3,N/A,6,7,8,3 6,10,3 8,12
3 6 7 8 10,0.0111097,23.9392,Yes,N/A,N/A,3,N/A,N/A,6,7,8,3 6,10,3 8,N/A
1 3 6 7 8 10 11,0.00694471,30.1292,Yes,N/A,N/A,3,1 3,N/A,6,7,8,3 6,10,11,1 11
1 3 6 7 8 10 11 12,0.00108666,41.4998,Yes,N/A,N/A,3,1 3,N/A,6,7,8,3 6,10,11,12
1 3 6 7 8 9,0.0316374,19.2688,Yes,N/A,N/A,3,1 3,N/A,6,7,8,9,3 7,3 8,3 9
1 3 6 7 8 9 12,0.00433151,30.4203,Yes,N/A,N/A,3,1 3,N/A,6,7,8,9,3 7,3 8,12
1 3 6 7 8 9 11,0.00935134,28.4935,Yes,N/A,N/A,3,1 3,N/A,6,7,8,9,3 7,11,3 9
1 3 6 7 8 9 11 12,0.00146457,39.8061,Yes,N/A,N/A,3,1 3,N/A,6,7,8,9,3 7,11,12
1 3 6 7 8 9 10,0.0133585,27.0327,Yes,N/A,N/A,3,1 3,N/A,6,7,8,9,10,3 8,3 9
1 3 6 7 8 9 10 12,0.00216643,38.1539,Yes,N/A,N/A,3,1 3,N/A,6,7,8,9,10,3 8,12
1 3 6 7 8 9 10 11,0.00441929,36.4329,Yes,N/A,N/A,3,1 3,N/A,6,7,8,9,10,11,3 9
1 3 6 7 8 9 10 11 12,0.000804032,47.7074,Yes,N/A,N/A,3,1 3,N/A,6,7,8,9,10,11,12
3 7 9 11,0.00600137,24.5074,Yes,N/A,N/A,3,N/A,N/A,N/A,7,N/A,9,3 7,11,3 9
3 7 9 11 12,0.000619189,36.2426,Yes,N/A,N/A,3,N/A,N/A,N/A,7,N/A,9,3 7,11,12
3 7 9 10,0.00668724,24.124,Yes,N/A,N/A,3,N/A,N/A,N/A,7,N/A,9,10,N/A,3 9
3 7 9 10 12,0.000671582,35.9153,Yes,N/A,N/A,3,N/A,N/A,N/A,7,N/A,9,10,N/A,12
3 7 9 10 11,0.00160037,33.7738,Yes,N/A,N/A,3,N/A,N/A,N/A,7,N/A,9,10,11,3 9
3 7 9 10 11 12,0.000202427,45.5203,Yes,N/A,N/A,3,N/A,N/A,N/A,7,N/A,9,10,11,12
3 7 8 12,0.00432956,24.46,Yes,N/A,N/A,3,N/A,N/A,N/A,7,8,N/A,3 7,3 8,12
3 7 8 11,0.00711591,23.6722,Yes,N/A,N/A,3,N/A,N/A,N/A,7,8,N/A,3 7,11,N/A
3 7 8 11 12,0.000838287,34.9164,Yes,N/A,N/A,3,N/A,N/A,N/A,7,8,N/A,3 7,11,12
3 7 8 10 12,0.00119313,33.6803,Yes,N/A,N/A,3,N/A,N/A,N/A,7,8,N/A,10,3 8,12
3 7 8 10 11,0.00187186,32.9765,Yes,N/A,N/A,3,N/A,N/A,N/A,7,8,N/A,10,11,N/A
3 7 8 10 11 12,0.000279826,44.1428,Yes,N/A,N/A,3,N/A,N/A,N/A,7,8,N/A,10,11,12
3 7 8 9,0.0211763,19.3549,Yes,N/A,N/A,3,N/A,N/A,N/A,7,8,9,3 7,3 8,3 9
3 7 8 9 12,0.00223384,30.9665,Yes,N/A,N/A,3,N/A,N/A,N/A,7,8,9,3 7,3 8,12
3 7 8 9 11,0.00421049,29.605,Yes,N/A,N/A,3,N/A,N/A,N/A,7,8,9,3 7,11,3 9
3 7 8 9 11 12,0.000551713,41.21,Yes,N/A,N/A,3,N/A,N/A,N/A,7,8,9,3 7,11,12
3 7 8 9 10,0.00605853,28.2757,Yes,N/A,N/A,3,N/A,N/A,N/A,7,8,9,10,3 8,3 9
3 7 8 9 10 12,0.000791848,39.8758,Yes,N/A,N/A,3,N/A,N/A,N/A,7,8,9,10,3 8,12
3 7 8 9 10 11,0.00147653,38.4995,Yes,N/A,N/A,3,N/A,N/A,N/A,7,8,9,10,11,3 9
3 7 8 9 10 11 12,0.00022955,50.105,Yes,N/A,N/A,3,N/A,N/A,N/A,7,8,9,10,11,12
1 3 5,0.170267,4.77263,Yes,N/A,N/A,3,1 3,5,1 5,N/A,3 5,1 3 5,N/A,N/A,N/A
1 3 5 12,0.0104595,16.1123,Yes,N/A,N/A,3,1 3,5,1 5,N/A,3 5,1 3 5,N/A,N/A,12
3 5,0.151235,6.11728,Yes,N/A,N/A,3,N/A,5,N/A,N/A,3 5,N/A,N/A,N/A,N/A
1 3 5 11,0.0296639,14.0274,Yes,N/A,N/A,3,1 3,5,1 5,N/A,3 5,1 3 5,N/A,11,1 11
1 3 5 11 12,0.00228862,25.7222,Yes,N/A,N/A,3,1 3,5,1 5,N/A,3 5,1 3 5,N/A,11,12
3 5 12,0.00874486,17.6243,Yes,N/A,N/A,3,N/A,5,N/A,N/A,3 5,N/A,N/A,N/A,12
1 3 5 10,0.0488683,12.1094,Yes,N/A,N/A,3,1 3,5,1 5,N/A,3 5,1 3 5,10,1 10,N/A
1 3 5 10 12,0.00437957,23.2203,Yes,N/A,N/A,3,1 3,5,1 5,N/A,3 5,1 3 5,10,1 10,12
3 5 10,0.0262346,14.858,Yes,N/A,N/A,3,N/A,5,N/A,N/A,3 5,N/A,10,N/A,N/A
1 3 5 10 11,0.00951646,21.8255,Yes,N/A,N/A,3,1 3,5,1 5,N/A,3 5,1 3 5,10,11,1 11
1 3 5 10 11 12,0.000997847,33.4251,Yes,N/A,N/A,3,1 3,5,1 5,N/A,3 5,1 3 5,10,11,12
3 5 11,0.0174897,16.2046,Yes,N/A,N/A,3,N/A,5,N/A,N/A,3 5,N/A,N/A,11,N/A
3 5 11 12,0.00151463,27.647,Yes,N/A,N/A,3,N/A,5,N/A,N/A,3 5,N/A,N/A,11,12
1 3 5 9,0.0644719,11.013,Yes,N/A,N/A,3,1 3,5,1 5,N/A,3 5,9,1 9,N/A,3 9
1 3 5 9 12,0.00542743,22.5725,Yes,N/A,N/A,3,1 3,5,1 5,N/A,3 5,9,1 9,N/A,12
1 3 5 9 11,0.0138603,20.1415,Yes,N/A,N/A,3,1 3,5,1 5,N/A,3 5,9,1 9,11,3 9
1 3 5 9 11 12,0.0014543,31.7508,Yes,N/A,N/A,3,1 3,5,1 5,N/A,3 5,9,1 9,11,12
3 5 9,0.0411523,13.1989,Yes,N/A,N/A,3,N/A,5,N/A,N/A,3 5,9,N/A,N/A,3 9
3 5 9 12,0.00328647,24.9609,Yes,N/A,N/A,3,N/A,5,N/A,N/A,3 5,9,N/A,N/A,12
1 3 5 9 10,0.0210548,18.8035,Yes,N/A,N/A,3,1 3,5,1 5,N/A,3 5,9,10,1 10,3 9
1 3 5 9 10 12,0.00231164,30.2877,Yes,N/A,N/A,3,1 3,5,1 5,N/A,3 5,9,10,1 10,12
1 3 5 9 10 11,0.00495193,28.766,Yes,N/A,N/A,3,1 3,5,1 5,N/A,3 5,9,10,11,3 9
1 3 5 9 10 11 12,0.000642343,40.3692,Yes,N/A,N/A,3,1 3,5,1 5,N/A,3 5,9,10,11,12
3 5 10 12,0.00227195,26.2719,Yes,N/A,N/A,3,N/A,5,N/A,N/A,3 5,N/A,10,N/A,12
3 5 10 11,0.0045439,24.7667,Yes,N/A,N/A,3,N/A,5,N/A,N/A,3 5,N/A,10,11,N/A
3 5 10 11 12,0.000523929,36.0976,Yes,N/A,N/A,3,N/A,5,N/A,N/A,3 5,N/A,10,11,12
1 3 5 8,0.0768604,10.0759,Yes,N/A,N/A,3,1 3,5,1 5,N/A,8,1 8,N/A,3 8,1 3 8
1 3 5 8 12,0.00667891,21.5547,Yes,N/A,N/A,3,1 3,5,1 5,N/A,8,1 8,N/A,3 8,12
3 5 8,0.0367798,12.9402,Yes,N/A,N/A,3,N/A,5,N/A,N/A,8,N/A,N/A,3 8,N/A
1 3 5 8 11,0.0145938,20.0836,Yes,N/A,N/A,3,1 3,5,1 5,N/A,8,1 8,N/A,11,1 11
1 3 5 8 11 12,0.00156927,31.6629,Yes,N/A,N/A,3,1 3,5,1 5,N/A,8,1 8,N/A,11,12
1 3 5 8 10,0.0247426,17.4097,Yes,N/A,N/A,3,1 3,5,1 5,N/A,8,1 8,10,3 8,1 3 8
1 3 5 8 10 12,0.00286163,28.7056,Yes,N/A,N/A,3,1 3,5,1 5,N/A,8,1 8,10,3 8,12
3 5 8 10,0.00962363,21.4178,Yes,N/A,N/A,3,N/A,5,N/A,N/A,8,N/A,10,3 8,N/A
1 3 5 8 10 11,0.00577248,27.3177,Yes,N/A,N/A,3,1 3,5,1 5,N/A,8,1 8,10,11,1 11
1 3 5 8 10 11 12,0.000780326,38.7575,Yes,N/A,N/A,3,1 3,5,1 5,N/A,8,1 8,10,11,12
3 5 8 12,0.00320788,24.3518,Yes,N/A,N/A,3,N/A,5,N/A,N/A,8,N/A,N/A,3 8,12
3 5 8 11,0.00538695,23.5974,Yes,N/A,N/A,3,N/A,5,N/A,N/A,8,N/A,N/A,11,N/A
3 5 8 11 12,0.000630303,34.9732,Yes,N/A,N/A,3,N/A,5,N/A,N/A,8,N/A,N/A,11,12
1 3 5 8 9,0.0349532,16.0778,Yes,N/A,N/A,3,1 3,5,1 5,N/A,8,9,1 9,3 8,3 9
1 3 5 8 9 12,0.00382521,27.5574,Yes,N/A,N/A,3,1 3,5,1 5,N/A,8,9,1 9,3 8,12
1 3 5 8 9 11,0.00806454,25.9485,Yes,N/A,N/A,3,1 3,5,1 5,N/A,8,9,1 9,11,3 9
1 3 5 8 9 11 12,0.0010634,37.4899,Yes,N/A,N/A,3,1 3,5,1 5,N/A,8,9,1 9,11,12
1 3 5 8 9 10,0.0129647,24.1773,Yes,N/A,N/A,3,1 3,5,1 5,N/A,8,9,10,3 8,3 9
1 3 5 8 9 10 12,0.00174836,35.618,Yes,N/A,N/A,3,1 3,5,1 5,N/A,8,9,10,3 8,12
1 3 5 8 9 10 11,0.00354137,34.0891,Yes,N/A,N/A,3,1 3,5,1 5,N/A,8,9,10,11,3 9
1 3 5 8 9 10 11 12,0.00055398,45.6159,Yes,N/A,N/A,3,1 3,5,1 5,N/A,8,9,10,11,12
1 3 5 7,0.129201,6.46451,Yes,N/A,N/A,3,1 3,5,1 5,7,3 5,1 3 5,3 7,1 3 7,5 7
1 3 5 7 12,0.0111478,17.754,Yes,N/A,N/A,3,1 3,5,1 5,7,3 5,1 3 5,3 7,1 3 7,12
1 3 5 7 11,0.0258821,15.8583,Yes,N/A,N/A,3,1 3,5,1 5,7,3 5,1 3 5,3 7,11,5 7
1 3 5 7 11 12,0.00278979,27.274,Yes,N/A,N/A,3,1 3,5,1 5,7,3 5,1 3 5,3 7,11,12
3 5 7,0.0740741,9.92901,Yes,N/A,N/A,3,N/A,5,N/A,7,3 5,N/A,3 7,N/A,5 7
3 5 7 12,0.00621571,21.554,Yes,N/A,N/A,3,N/A,5,N/A,7,3 5,N/A,3 7,N/A,12
1 3 5 7 10,0.0404092,14.2023,Yes,N/A,N/A,3,1 3,5,1 5,7,3 5,1 3 5,10,1 10,5 7
1 3 5 7 10 12,0.00462645,25.3519,Yes,N/A,N/A,3,1 3,5,1 5,7,3 5,1 3 5,10,1 10,12
1 3 5 7 10 11,0.00924576,23.8395,Yes,N/A,N/A,3,1 3,5,1 5,7,3 5,1 3 5,10,11,5 7
1 3 5 7 10 11 12,0.00125836,35.1309,Yes,N/A,N/A,3,1 3,5,1 5,7,3 5,1 3 5,10,11,12
1 3 5 7 9,0.0565796,12.3903,Yes,N/A,N/A,3,1 3,5,1 5,7,3 5,9,3 7,1 3 7,3 9
1 3 5 7 9 12,0.00617019,23.7199,Yes,N/A,N/A,3,1 3,5,1 5,7,3 5,9,3 7,1 3 7,12
1 3 5 7 9 11,0.0145107,21.3601,Yes,N/A,N/A,3,1 3,5,1 5,7,3 5,9,3 7,11,3 9
1 3 5 7 9 11 12,0.00189501,32.7715,Yes,N/A,N/A,3,1 3,5,1 5,7,3 5,9,3 7,11,12
3 5 7 9,0.0288923,16.3964,Yes,N/A,N/A,3,N/A,5,N/A,7,3 5,9,3 7,N/A,3 9
3 5 7 9 12,0.00302212,28.0189,Yes,N/A,N/A,3,N/A,5,N/A,7,3 5,9,3 7,N/A,12
1 3 5 7 9 10,0.0217327,19.8927,Yes,N/A,N/A,3,1 3,5,1 5,7,3 5,9,10,1 10,3 9
1 3 5 7 9 10 12,0.00291945,31.1716,Yes,N/A,N/A,3,1 3,5,1 5,7,3 5,9,10,1 10,12
1 3 5 7 9 10 11,0.00604973,29.3233,Yes,N/A,N/A,3,1 3,5,1 5,7,3 5,9,10,11,3 9
1 3 5 7 9 10 11 12,0.00094521,40.6828,Yes,N/A,N/A,3,1 3,5,1 5,7,3 5,9,10,11,12
3 5 7 11,0.0126886,19.541,Yes,N/A,N/A,3,N/A,5,N/A,7,3 5,N/A,3 7,11,5 7
3 5 7 11 12,0.00141937,31.0939,Yes,N/A,N/A,3,N/A,5,N/A,7,3 5,N/A,3 7,11,12
3 5 7 10,0.0167181,19.0517,Yes,N/A,N/A,3,N/A,5,N/A,7,3 5,N/A,10,N/A,5 7
3 5 7 10 12,0.00187186,30.6453,Yes,N/A,N/A,3,N/A,5,N/A,7,3 5,N/A,10,N/A,12
3 5 7 10 11,0.00382945,28.487,Yes,N/A,N/A,3,N/A,5,N/A,7,3 5,N/A,10,11,5 7
3 5 7 10 11 12,0.000535837,39.9961,Yes,N/A,N/A,3,N/A,5,N/A,7,3 5,N/A,10,11,12
1 3 5 7 8,0.0711639,10.9931,Yes,N/A,N/A,3,1 3,5,1 5,7,8,1 8,3 7,3 8,5 7
1 3 5 7 8 12,0.00793224,22.2337,Yes,N/A,N/A,3,1 3,5,1 5,7,8,1 8,3 7,3 8,12
1 3 5 7 8 11,0.0165166,20.4295,Yes,N/A,N/A,3,1 3,5,1 5,7,8,1 8,3 7,11,5 7
1 3 5 7 8 11 12,0.00223489,31.6899,Yes,N/A,N/A,3,1 3,5,1 5,7,8,1 8,3 7,11,12
1 3 5 7 8 10,0.0251224,18.5848,Yes,N/A,N/A,3,1 3,5,1 5,7,8,1 8,10,3 8,5 7
1 3 5 7 8 10 12,0.00349399,29.7012,Yes,N/A,N/A,3,1 3,5,1 5,7,8,1 8,10,3 8,12
1 3 5 7 8 10 11,0.0067869,28.076,Yes,N/A,N/A,3,1 3,5,1 5,7,8,1 8,10,11,5 7
1 3 5 7 8 10 11 12,0.00110974,39.1957,Yes,N/A,N/A,3,1 3,5,1 5,7,8,1 8,10,11,12
1 3 5 7 8 9,0.0361173,16.7517,Yes,N/A,N/A,3,1 3,5,1 5,7,8,9,3 7,3 8,3 9
1 3 5 7 8 9 12,0.00483007,27.9669,Yes,N/A,N/A,3,1 3,5,1 5,7,8,9,3 7,3 8,12
1 3 5 7 8 9 11,0.0101626,25.9292,Yes,N/A,N/A,3,1 3,5,1 5,7,8,9,3 7,11,3 9
1 3 5 7 8 9 11 12,0.00159209,37.206,Yes,N/A,N/A,3,1 3,5,1 5,7,8,9,3 7,11,12
1 3 5 7 8 9 10,0.0154118,24.0701,Yes,N/A,N/A,3,1 3,5,1 5,7,8,9,10,3 8,3 9
1 3 5 7 8 9 10 12,0.00244439,35.262,Yes,N/A,N/A,3,1 3,5,1 5,7,8,9,10,3 8,12
1 3 5 7 8 9 10 11,0.00488299,33.3963,Yes,N/A,N/A,3,1 3,5,1 5,7,8,9,10,11,3 9
1 3 5 7 8 9 10 11 12,0.000888406,44.6163,Yes,N/A,N/A,3,1 3,5,1 5,7,8,9,10,11,12
3 5 9 11,0.00708733,23.0131,Yes,N/A,N/A,3,N/A,5,N/A,N/A,3 5,9,N/A,11,3 9
3 5 9 11 12,0.000755728,34.7297,Yes,N/A,N/A,3,N/A,5,N/A,N/A,3 5,9,N/A,11,12
3 5 9 10,0.010631,21.5482,Yes,N/A,N/A,3,N/A,5,N/A,N/A,3 5,9,10,N/A,3 9
3 5 9 10 12,0.00113359,33.244,Yes,N/A,N/A,3,N/A,5,N/A,N/A,3 5,9,10,N/A,12
3 5 9 10 11,0.00243865,31.1044,Yes,N/A,N/A,3,N/A,5,N/A,N/A,3 5,9,10,11,3 9
3 5 9 10 11 12,0.000325471,42.7381,Yes,N/A,N/A,3,N/A,5,N/A,N/A,3 5,9,10,11,12
3 5 8 10 12,0.00111692,32.7067,Yes,N/A,N/A,3,N/A,5,N/A,N/A,8,N/A,10,3 8,12
3 5 8 10 11,0.00189091,31.9742,Yes,N/A,N/A,3,N/A,5,N/A,N/A,8,N/A,10,11,N/A
3 5 8 10 11 12,0.000275857,43.2137,Yes,N/A,N/A,3,N/A,5,N/A,N/A,8,N/A,10,11,12
3 5 8 9,0.0154035,19.5878,Yes,N/A,N/A,3,N/A,5,N/A,N/A,8,9,N/A,3 8,3 9
3 5 8 9 12,0.00163212,31.3099,Yes,N/A,N/A,3,N/A,5,N/A,N/A,8,9,N/A,3 8,12
3 5 8 9 11,0.00309277,30.0515,Yes,N/A,N/A,3,N/A,5,N/A,N/A,8,9,N/A,11,3 9
3 5 8 9 11 12,0.000407501,41.7804,Yes,N/A,N/A,3,N/A,5,N/A,N/A,8,9,N/A,11,12
3 5 8 9 10,0.00532503,27.5386,Yes,N/A,N/A,3,N/A,5,N/A,N/A,8,9,10,3 8,3 9
3 5 8 9 10 12,0.000706511,39.1743,Yes,N/A,N/A,3,N/A,5,N/A,N/A,8,9,10,3 8,12
3 5 8 9 10 11,0.00134158,37.833,Yes,N/A,N/A,3,N/A,5,N/A,N/A,8,9,10,11,3 9
3 5 8 9 10 11 12,0.000212571,49.4709,Yes,N/A,N/A,3,N/A,5,N/A,N/A,8,9,10,11,12
1 3 5 6,0.13756,5.71909,Yes,N/A,N/A,3,1 3,5,6,1 6,3 5,3 6,1 3 6,5 6,1 5 6
1 3 5 6 12,0.0118337,16.9899,Yes,N/A,N/A,3,1 3,5,6,1 6,3 5,3 6,1 3 6,5 6,12
3 5 6,0.0745885,8.92353,Yes,N/A,N/A,3,N/A,5,6,N/A,3 5,3 6,N/A,5 6,N/A
1 3 5 6 11,0.0289114,15.0649,Yes,N/A,N/A,3,1 3,5,6,1 6,3 5,3 6,1 3 6,11,1 11
1 3 5 6 11 12,0.00297793,26.5614,Yes,N/A,N/A,3,1 3,5,6,1 6,3 5,3 6,1 3 6,11,12
1 3 5 6 10,0.0418786,13.3983,Yes,N/A,N/A,3,1 3,5,6,1 6,3 5,3 6,10,5 6,1 5 6
1 3 5 6 10 12,0.00479779,24.4756,Yes,N/A,N/A,3,1 3,5,6,1 6,3 5,3 6,10,5 6,12
3 5 6 10,0.0190758,16.9783,Yes,N/A,N/A,3,N/A,5,6,N/A,3 5,3 6,10,5 6,N/A
1 3 5 6 10 11,0.0106498,22.7966,Yes,N/A,N/A,3,1 3,5,6,1 6,3 5,3 6,10,11,1 11
1 3 5 6 10 11 12,0.00138182,34.2078,Yes,N/A,N/A,3,1 3,5,6,1 6,3 5,3 6,10,11,12
3 5 6 12,0.0063586,20.1782,Yes,N/A,N/A,3,N/A,5,6,N/A,3 5,3 6,N/A,5 6,12
3 5 6 11,0.0122028,19.2224,Yes,N/A,N/A,3,N/A,5,6,N/A,3 5,3 6,N/A,11,N/A
3 5 6 11 12,0.00138762,30.4064,Yes,N/A,N/A,3,N/A,5,6,N/A,3 5,3 6,N/A,11,12
1 3 5 6 9,0.0609877,11.6427,Yes,N/A,N/A,3,1 3,5,6,1 6,3 5,9,1 9,5 6,3 9
1 3 5 6 9 12,0.0066326,22.94,Yes,N/A,N/A,3,1 3,5,6,1 6,3 5,9,1 9,5 6,12
1 3 5 6 9 11,0.0150368,20.8694,Yes,N/A,N/A,3,1 3,5,6,1 6,3 5,9,1 9,11,3 9
1 3 5 6 9 11 12,0.00197353,32.1851,Yes,N/A,N/A,3,1 3,5,6,1 6,3 5,9,1 9,11,12
1 3 5 6 9 10,0.0215084,19.4276,Yes,N/A,N/A,3,1 3,5,6,1 6,3 5,9,10,5 6,3 9
1 3 5 6 9 10 12,0.0028926,30.6377,Yes,N/A,N/A,3,1 3,5,6,1 6,3 5,9,10,5 6,12
1 3 5 6 9 10 11,0.00622876,28.7538,Yes,N/A,N/A,3,1 3,5,6,1 6,3 5,9,10,11,3 9
1 3 5 6 9 10 11 12,0.000973134,40.0342,Yes,N/A,N/A,3,1 3,5,6,1 6,3 5,9,10,11,12
1 3 5 6 8,0.0697124,10.6381,Yes,N/A,N/A,3,1 3,5,6,1 6,8,3 6,1 3 6,3 8,1 3 8
1 3 5 6 8 12,0.0076581,21.7969,Yes,N/A,N/A,3,1 3,5,6,1 6,8,3 6,1 3 6,3 8,12
3 5 6 8,0.0311285,15.5346,Yes,N/A,N/A,3,N/A,5,6,N/A,8,3 6,N/A,3 8,N/A
1 3 5 6 8 11,0.0166633,20.1282,Yes,N/A,N/A,3,1 3,5,6,1 6,8,3 6,1 3 6,11,1 11
1 3 5 6 8 11 12,0.00216252,31.4309,Yes,N/A,N/A,3,1 3,5,6,1 6,8,3 6,1 3 6,11,12
1 3 5 6 8 10,0.0260507,17.8591,Yes,N/A,N/A,3,1 3,5,6,1 6,8,3 6,10,3 8,1 3 8
1 3 5 6 8 10 12,0.00361598,28.8056,Yes,N/A,N/A,3,1 3,5,6,1 6,8,3 6,10,3 8,12
3 5 6 8 10,0.0103571,23.1739,Yes,N/A,N/A,3,N/A,5,6,N/A,8,3 6,10,3 8,N/A
1 3 5 6 8 10 11,0.00745115,27.2403,Yes,N/A,N/A,3,1 3,5,6,1 6,8,3 6,10,11,1 11
1 3 5 6 8 10 11 12,0.00116813,38.4117,Yes,N/A,N/A,3,1 3,5,6,1 6,8,3 6,10,11,12
3 5 6 8 12,0.00345238,26.6405,Yes,N/A,N/A,3,N/A,5,6,N/A,8,3 6,N/A,3 8,12
3 5 6 8 11,0.00584737,25.971,Yes,N/A,N/A,3,N/A,5,6,N/A,8,3 6,N/A,11,N/A
3 5 6 8 11 12,0.000829422,37.0098,Yes,N/A,N/A,3,N/A,5,6,N/A,8,3 6,N/A,11,12
1 3 5 6 8 9,0.0371617,16.1353,Yes,N/A,N/A,3,1 3,5,6,1 6,8,9,1 9,3 8,3 9
1 3 5 6 8 9 12,0.00491264,27.3268,Yes,N/A,N/A,3,1 3,5,6,1 6,8,9,1 9,3 8,12
1 3 5 6 8 9 11,0.0100255,25.6521,Yes,N/A,N/A,3,1 3,5,6,1 6,8,9,1 9,11,3 9
1 3 5 6 8 9 11 12,0.0015675,36.8515,Yes,N/A,N/A,3,1 3,5,6,1 6,8,9,1 9,11,12
1 3 5 6 8 9 10,0.0154892,23.4716,Yes,N/A,N/A,3,1 3,5,6,1 6,8,9,10,3 8,3 9
1 3 5 6 8 9 10 12,0.00244975,34.5909,Yes,N/A,N/A,3,1 3,5,6,1 6,8,9,10,3 8,12
1 3 5 6 8 9 10 11,0.004939,32.8018,Yes,N/A,N/A,3,1 3,5,6,1 6,8,9,10,11,3 9
1 3 5 6 8 9 10 11 12,0.000894479,43.9579,Yes,N/A,N/A,3,1 3,5,6,1 6,8,9,10,11,12
1 3 5 6 7,0.0986273,8.68471,Yes,N/A,N/A,3,1 3,5,6,7,3 5,3 6,3 7,5 6,5 7
1 3 5 6 7 12,0.0105606,19.8692,Yes,N/A,N/A,3,1 3,5,6,7,3 5,3 6,3 7,5 6,12
1 3 5 6 7 11,0.0240203,17.8892,Yes,N/A,N/A,3,1 3,5,6,7,3 5,3 6,3 7,11,5 7
1 3 5 6 7 11 12,0.0030879,29.2561,Yes,N/A,N/A,3,1 3,5,6,7,3 5,3 6,3 7,11,12
1 3 5 6 7 10,0.0362118,15.8983,Yes,N/A,N/A,3,1 3,5,6,7,3 5,3 6,10,5 6,5 7
1 3 5 6 7 10 12,0.0049253,26.8695,Yes,N/A,N/A,3,1 3,5,6,7,3 5,3 6,10,5 6,12
1 3 5 6 7 10 11,0.0102942,25.1218,Yes,N/A,N/A,3,1 3,5,6,7,3 5,3 6,10,11,5 7
1 3 5 6 7 10 11 12,0.00161575,36.3172,Yes,N/A,N/A,3,1 3,5,6,7,3 5,3 6,10,11,12
1 3 5 6 7 9,0.0505186,14.0622,Yes,N/A,N/A,3,1 3,5,6,7,3 5,9,3 7,5 6,3 9
1 3 5 6 7 9 12,0.00662291,25.1447,Yes,N/A,N/A,3,1 3,5,6,7,3 5,9,3 7,5 6,12
1 3 5 6 7 9 11,0.0144909,22.991,Yes,N/A,N/A,3,1 3,5,6,7,3 5,9,3 7,11,3 9
1 3 5 6 7 9 11 12,0.00224336,34.139,Yes,N/A,N/A,3,1 3,5,6,7,3 5,9,3 7,11,12
1 3 5 6 7 9 10,0.0212489,21.2368,Yes,N/A,N/A,3,1 3,5,6,7,3 5,9,10,5 6,3 9
1 3 5 6 7 9 10 12,0.00335637,32.1867,Yes,N/A,N/A,3,1 3,5,6,7,3 5,9,10,5 6,12
1 3 5 6 7 9 10 11,0.00697911,30.2143,Yes,N/A,N/A,3,1 3,5,6,7,3 5,9,10,11,3 9
1 3 5 6 7 9 10 11 12,0.00126465,41.2569,Yes,N/A,N/A,3,1 3,5,6,7,3 5,9,10,11,12
1 3 5 6 7 8,0.0623838,12.704,Yes,N/A,N/A,3,1 3,5,6,7,8,3 6,3 7,3 8,5 7
1 3 5 6 7 8 12,0.00814692,23.8267,Yes,N/A,N/A,3,1 3,5,6,7,8,3 6,3 7,3 8,12
1 3 5 6 7 8 11,0.0174276,21.7199,Yes,N/A,N/A,3,1 3,5,6,7,8,3 6,3 7,11,5 7
1 3 5 6 7 8 11 12,0.0026793,32.908,Yes,N/A,N/A,3,1 3,5,6,7,8,3 6,3 7,11,12
1 3 5 6 7 8 10,0.0265304,19.4403,Yes,N/A,N/A,3,1 3,5,6,7,8,3 6,10,3 8,5 7
1 3 5 6 7 8 10 12,0.00422157,30.3464,Yes,N/A,N/A,3,1 3,5,6,7,8,3 6,10,3 8,12
1 3 5 6 7 8 10 11,0.00853485,28.416,Yes,N/A,N/A,3,1 3,5,6,7,8,3 6,10,11,5 7
1 3 5 6 7 8 10 11 12,0.00155272,39.4038,Yes,N/A,N/A,3,1 3,5,6,7,8,3 6,10,11,12
1 3 5 6 7 8 9,0.0362102,17.6953,Yes,N/A,N/A,3,1 3,5,6,7,8,9,3 7,3 8,3 9
1 3 5 6 7 8 9 12,0.0056295,28.6358,Yes,N/A,N/A,3,1 3,5,6,7,8,9,3 7,3 8,12
1 3 5 6 7 8 9 11,0.0115521,26.5949,Yes,N/A,N/A,3,1 3,5,6,7,8,9,3 7,11,3 9
1 3 5 6 7 8 9 11 12,0.00207681,37.5548,Yes,N/A,N/A,3,1 3,5,6,7,8,9,3 7,11,12
1 3 5 6 7 8 9 10,0.0173965,24.3815,Yes,N/A,N/A,3,1 3,5,6,7,8,9,10,3 8,3 9
1 3 5 6 7 8 9 10 12,0.00316064,35.2195,Yes,N/A,N/A,3,1 3,5,6,7,8,9,10,3 8,12
1 3 5 6 7 8 9 10 11,0.00631214,33.156,Yes,N/A,N/A,3,1 3,5,6,7,8,9,10,11,3 9
1 3 5 6 7 8 9 10 11 12,0.0012985,44.0064,Yes,N/A,N/A,3,1 3,5,6,7,8,9,10,11,12
3 6 8 10 12,0.0015837,31.773,Yes,N/A,N/A,3,N/A,N/A,6,N/A,8,3 6,10,3 8,12
3 6 8 10 11,0.00273872,30.9635,Yes,N/A,N/A,3,N/A,N/A,6,N/A,8,3 6,10,11,N/A
3 6 8 10 11 12,0.000396916,42.0497,Yes,N/A,N/A,3,N/A,N/A,6,N/A,8,3 6,10,11,12
3 6 8 9,0.0163609,20.104,Yes,N/A,N/A,3,N/A,N/A,6,N/A,8,9,N/A,3 8,3 9
3 6 8 9 12,0.00171865,31.8138,Yes,N/A,N/A,3,N/A,N/A,6,N/A,8,9,N/A,3 8,12
3 6 8 9 11,0.00322296,30.5434,Yes,N/A,N/A,3,N/A,N/A,6,N/A,8,9,N/A,11,3 9
3 6 8 9 11 12,0.00042007,42.2614,Yes,N/A,N/A,3,N/A,N/A,6,N/A,8,9,N/A,11,12
3 6 8 9 10,0.00569178,27.9525,Yes,N/A,N/A,3,N/A,N/A,6,N/A,8,9,10,3 8,3 9
3 6 8 9 10 12,0.000749179,39.5712,Yes,N/A,N/A,3,N/A,N/A,6,N/A,8,9,10,3 8,12
3 6 8 9 10 11,0.00140905,38.2134,Yes,N/A,N/A,3,N/A,N/A,6,N/A,8,9,10,11,3 9
3 6 8 9 10 11 12,0.00022106,49.836,Yes,N/A,N/A,3,N/A,N/A,6,N/A,8,9,10,11,12
3 6 7 11,0.0117455,20.6392,Yes,N/A,N/A,3,N/A,N/A,6,7,N/A,3 6,3 7,11,N/A
3 6 7 11 12,0.00135269,31.7915,Yes,N/A,N/A,3,N/A,N/A,6,7,N/A,3 6,3 7,11,12
3 6 7 10 12,0.00170753,31.3866,Yes,N/A,N/A,3,N/A,N/A,6,7,N/A,3 6,10,N/A,12
3 6 7 10 11,0.00341507,29.6666,Yes,N/A,N/A,3,N/A,N/A,6,7,N/A,3 6,10,11,N/A
3 6 7 10 11 12,0.000494161,40.7118,Yes,N/A,N/A,3,N/A,N/A,6,7,N/A,3 6,10,11,12
3 6 7 9 11,0.00489636,27.9398,Yes,N/A,N/A,3,N/A,N/A,6,7,N/A,9,3 7,11,3 9
3 6 7 9 11 12,0.000646973,39.5383,Yes,N/A,N/A,3,N/A,N/A,6,7,N/A,9,3 7,11,12
3 6 7 9 10,0.00605853,27.6631,Yes,N/A,N/A,3,N/A,N/A,6,7,N/A,9,10,N/A,3 9
3 6 7 9 10 12,0.000791848,39.3352,Yes,N/A,N/A,3,N/A,N/A,6,7,N/A,9,10,N/A,12
3 6 7 9 10 11,0.00176231,36.8188,Yes,N/A,N/A,3,N/A,N/A,6,7,N/A,9,10,11,3 9
3 6 7 9 10 11 12,0.00027718,48.4124,Yes,N/A,N/A,3,N/A,N/A,6,7,N/A,9,10,11,12
3 6 7 8 12,0.00423906,26.2573,Yes,N/A,N/A,3,N/A,N/A,6,7,8,3 6,3 7,3 8,12
3 6 7 8 11,0.00762079,25.3578,Yes,N/A,N/A,3,N/A,N/A,6,7,8,3 6,3 7,11,N/A
3 6 7 8 11 12,0.00109152,36.1922,Yes,N/A,N/A,3,N/A,N/A,6,7,8,3 6,3 7,11,12
3 6 7 8 10 12,0.00159263,34.7237,Yes,N/A,N/A,3,N/A,N/A,6,7,8,3 6,10,3 8,12
3 6 7 8 10 11,0.00282803,33.8938,Yes,N/A,N/A,3,N/A,N/A,6,7,8,3 6,10,11,N/A
3 6 7 8 10 11 12,0.000487876,44.5514,Yes,N/A,N/A,3,N/A,N/A,6,7,8,3 6,10,11,12
3 6 7 8 9,0.0156702,22.0383,Yes,N/A,N/A,3,N/A,N/A,6,7,8,9,3 7,3 8,3 9
3 6 7 8 9 12,0.00209373,33.446,Yes,N/A,N/A,3,N/A,N/A,6,7,8,9,3 7,3 8,12
3 6 7 8 9 11,0.00400885,31.8913,Yes,N/A,N/A,3,N/A,N/A,6,7,8,9,3 7,11,3 9
3 6 7 8 9 11 12,0.000640579,43.2685,Yes,N/A,N/A,3,N/A,N/A,6,7,8,9,3 7,11,12
3 6 7 8 9 10,0.00583467,30.3809,Yes,N/A,N/A,3,N/A,N/A,6,7,8,9,10,3 8,3 9
3 6 7 8 9 10 12,0.000931099,41.7414,Yes,N/A,N/A,3,N/A,N/A,6,7,8,9,10,3 8,12
3 6 7 8 9 10 11,0.00177289,40.1365,Yes,N/A,N/A,3,N/A,N/A,6,7,8,9,10,11,3 9
3 6 7 8 9 10 11 12,0.00032865,51.4773,Yes,N/A,N/A,3,N/A,N/A,6,7,8,9,10,11,12
1 3 4,0.1875,4.52778,Yes,N/A,N/A,3,4,1 4,N/A,3 4,1 3 4,N/A,N/A,N/A,N/A
1 3 4 12,0.0109954,15.9287,Yes,N/A,N/A,3,4,1 4,N/A,3 4,1 3 4,N/A,N/A,N/A,12
3 4,0.175926,5.30093,Yes,N/A,N/A,3,4,N/A,N/A,3 4,N/A,N/A,N/A,N/A,N/A
1 3 4 11,0.0320216,13.902,Yes,N/A,N/A,3,4,1 4,N/A,3 4,1 3 4,N/A,N/A,11,1 11
1 3 4 11 12,0.00235768,25.6589,Yes,N/A,N/A,3,4,1 4,N/A,3 4,1 3 4,N/A,N/A,11,12
3 4 12,0.0100309,16.8146,Yes,N/A,N/A,3,4,N/A,N/A,3 4,N/A,N/A,N/A,N/A,12
1 3 4 10,0.0530478,12.0363,Yes,N/A,N/A,3,4,1 4,N/A,3 4,1 3 4,N/A,10,1 10,N/A
1 3 4 10 12,0.0046082,23.2217,Yes,N/A,N/A,3,4,1 4,N/A,3 4,1 3 4,N/A,10,1 10,12
3 4 10,0.0300926,14.061,Yes,N/A,N/A,3,4,N/A,N/A,3 4,N/A,N/A,10,N/A,N/A
1 3 4 10 11,0.0100737,21.8881,Yes,N/A,N/A,3,4,1 4,N/A,3 4,1 3 4,N/A,10,11,1 11
1 3 4 10 11 12,0.0010169,33.5677,Yes,N/A,N/A,3,4,1 4,N/A,3 4,1 3 4,N/A,10,11,12
3 4 11,0.0200617,15.4012,Yes,N/A,N/A,3,4,N/A,N/A,3 4,N/A,N/A,N/A,11,N/A
3 4 11 12,0.00171468,26.8513,Yes,N/A,N/A,3,4,N/A,N/A,3 4,N/A,N/A,N/A,11,12
1 3 4 9,0.0810185,9.90801,Yes,N/A,N/A,3,4,1 4,N/A,3 4,1 3 4,9,1 9,N/A,3 9
1 3 4 9 12,0.00671939,21.4408,Yes,N/A,N/A,3,4,1 4,N/A,3 4,1 3 4,9,1 9,N/A,12
1 3 4 9 11,0.0164966,19.0432,Yes,N/A,N/A,3,4,1 4,N/A,3 4,1 3 4,9,1 9,11,3 9
1 3 4 9 11 12,0.00172023,30.6294,Yes,N/A,N/A,3,4,1 4,N/A,3 4,1 3 4,9,1 9,11,12
3 4 9,0.0447531,12.4234,Yes,N/A,N/A,3,4,N/A,N/A,3 4,N/A,9,N/A,N/A,3 9
3 4 9 12,0.00362226,24.1792,Yes,N/A,N/A,3,4,N/A,N/A,3 4,N/A,9,N/A,N/A,12
1 3 4 9 10,0.0247985,17.716,Yes,N/A,N/A,3,4,1 4,N/A,3 4,1 3 4,9,10,1 10,3 9
1 3 4 9 10 12,0.00271014,29.1668,Yes,N/A,N/A,3,4,1 4,N/A,3 4,1 3 4,9,10,1 10,12
1 3 4 9 10 11,0.00567749,27.6717,Yes,N/A,N/A,3,4,1 4,N/A,3 4,1 3 4,9,10,11,3 9
1 3 4 9 10 11 12,0.000734295,39.2473,Yes,N/A,N/A,3,4,1 4,N/A,3 4,1 3 4,9,10,11,12
3 4 10 12,0.00257202,25.483,Yes,N/A,N/A,3,4,N/A,N/A,3 4,N/A,N/A,10,N/A,12
3 4 10 11,0.00514403,23.9856,Yes,N/A,N/A,3,4,N/A,N/A,3 4,N/A,N/A,10,11,N/A
3 4 10 11 12,0.000585848,35.3259,Yes,N/A,N/A,3,4,N/A,N/A,3 4,N/A,N/A,10,11,12
1 3 4 8,0.0948431,8.87856,Yes,N/A,N/A,3,4,1 4,N/A,3 4,8,1 8,N/A,3 8,4 8
1 3 4 8 12,0.00801612,20.3679,Yes,N/A,N/A,3,4,1 4,N/A,3 4,8,1 8,N/A,3 8,12
1 3 4 8 11,0.0182899,18.817,Yes,N/A,N/A,3,4,1 4,N/A,3 4,8,1 8,N/A,11,4 8
1 3 4 8 11 12,0.00193358,30.4024,Yes,N/A,N/A,3,4,1 4,N/A,3 4,8,1 8,N/A,11,12
1 3 4 8 10,0.0315215,16.0755,Yes,N/A,N/A,3,4,1 4,N/A,3 4,8,1 8,10,3 8,4 8
1 3 4 8 10 12,0.00353434,27.393,Yes,N/A,N/A,3,4,1 4,N/A,3 4,8,1 8,10,3 8,12
1 3 4 8 10 11,0.00725682,26.0222,Yes,N/A,N/A,3,4,1 4,N/A,3 4,8,1 8,10,11,4 8
1 3 4 8 10 11 12,0.000964738,37.4697,Yes,N/A,N/A,3,4,1 4,N/A,3 4,8,1 8,10,11,12
3 4 8,0.0625,10.5625,Yes,N/A,N/A,3,4,N/A,N/A,3 4,8,N/A,N/A,3 8,4 8
3 4 8 12,0.0051869,22.2397,Yes,N/A,N/A,3,4,N/A,N/A,3 4,8,N/A,N/A,3 8,12
3 4 8 11,0.0098594,20.9953,Yes,N/A,N/A,3,4,N/A,N/A,3 4,8,N/A,N/A,11,4 8
3 4 8 11 12,0.00109073,32.6572,Yes,N/A,N/A,3,4,N/A,N/A,3 4,8,N/A,N/A,11,12
1 3 4 8 9,0.0447174,14.6274,Yes,N/A,N/A,3,4,1 4,N/A,3 4,8,9,1 9,3 8,3 9
1 3 4 8 9 12,0.00484714,26.1029,Yes,N/A,N/A,3,4,1 4,N/A,3 4,8,9,1 9,3 8,12
1 3 4 8 9 11,0.0107489,24.3137,Yes,N/A,N/A,3,4,1 4,N/A,3 4,8,9,1 9,11,3 9
1 3 4 8 9 11 12,0.0013968,35.8823,Yes,N/A,N/A,3,4,1 4,N/A,3 4,8,9,1 9,11,12
1 3 4 8 9 10,0.0161152,22.793,Yes,N/A,N/A,3,4,1 4,N/A,3 4,8,9,10,3 8,3 9
1 3 4 8 9 10 12,0.00215813,34.2061,Yes,N/A,N/A,3,4,1 4,N/A,3 4,8,9,10,3 8,12
1 3 4 8 9 10 11,0.00448843,32.6759,Yes,N/A,N/A,3,4,1 4,N/A,3 4,8,9,10,11,3 9
1 3 4 8 9 10 11 12,0.00069396,44.2252,Yes,N/A,N/A,3,4,1 4,N/A,3 4,8,9,10,11,12
3 4 9 11,0.00763032,22.2571,Yes,N/A,N/A,3,4,N/A,N/A,3 4,N/A,9,N/A,11,3 9
3 4 9 11 12,0.000823998,33.9664,Yes,N/A,N/A,3,4,N/A,N/A,3 4,N/A,9,N/A,11,12
3 4 9 10,0.0114455,20.8014,Yes,N/A,N/A,3,4,N/A,N/A,3 4,N/A,9,10,N/A,3 9
3 4 9 10 12,0.001236,32.4896,Yes,N/A,N/A,3,4,N/A,N/A,3 4,N/A,9,10,N/A,12
3 4 9 10 11,0.00260059,30.3823,Yes,N/A,N/A,3,4,N/A,N/A,3 4,N/A,9,10,11,3 9
3 4 9 10 11 12,0.000351271,42.0069,Yes,N/A,N/A,3,4,N/A,N/A,3 4,N/A,9,10,11,12
1 3 4 7,0.0994084,8.07652,Yes,N/A,N/A,3,4,1 4,N/A,7,1 7,N/A,3 7,4 7,1 4 7
1 3 4 7 12,0.00855195,19.5348,Yes,N/A,N/A,3,4,1 4,N/A,7,1 7,N/A,3 7,4 7,12
3 4 7,0.0524691,10.2546,Yes,N/A,N/A,3,4,N/A,N/A,7,N/A,N/A,3 7,4 7,N/A
1 3 4 7 11,0.0204904,17.888,Yes,N/A,N/A,3,4,1 4,N/A,7,1 7,N/A,3 7,11,1 11
1 3 4 7 11 12,0.00212191,29.5115,Yes,N/A,N/A,3,4,1 4,N/A,7,1 7,N/A,3 7,11,12
1 3 4 7 10,0.0277242,16.6242,Yes,N/A,N/A,3,4,1 4,N/A,7,1 7,N/A,10,4 7,1 4 7
1 3 4 7 10 12,0.00318882,27.9793,Yes,N/A,N/A,3,4,1 4,N/A,7,1 7,N/A,10,4 7,12
3 4 7 10,0.011767,19.608,Yes,N/A,N/A,3,4,N/A,N/A,7,N/A,N/A,10,4 7,N/A
1 3 4 7 10 11,0.00695159,26.5009,Yes,N/A,N/A,3,4,1 4,N/A,7,1 7,N/A,10,11,1 11
1 3 4 7 10 11 12,0.000914726,38.0329,Yes,N/A,N/A,3,4,1 4,N/A,7,1 7,N/A,10,11,12
1 3 4 7 9,0.0494899,13.3342,Yes,N/A,N/A,3,4,1 4,N/A,7,1 7,9,3 7,4 7,3 9
1 3 4 7 9 12,0.00527502,24.8447,Yes,N/A,N/A,3,4,1 4,N/A,7,1 7,9,3 7,4 7,12
1 3 4 7 9 11,0.0120456,22.8573,Yes,N/A,N/A,3,4,1 4,N/A,7,1 7,9,3 7,11,3 9
1 3 4 7 9 11 12,0.00155697,34.3929,Yes,N/A,N/A,3,4,1 4,N/A,7,1 7,9,3 7,11,12
1 3 4 7 9 10,0.0171742,21.56,Yes,N/A,N/A,3,4,1 4,N/A,7,1 7,9,10,4 7,3 9
1 3 4 7 9 10 12,0.00226421,33.0452,Yes,N/A,N/A,3,4,1 4,N/A,7,1 7,9,10,4 7,12
1 3 4 7 9 10 11,0.00487089,31.1737,Yes,N/A,N/A,3,4,1 4,N/A,7,1 7,9,10,11,3 9
1 3 4 7 9 10 11 12,0.000753854,42.6729,Yes,N/A,N/A,3,4,1 4,N/A,7,1 7,9,10,11,12
3 4 7 12,0.00450103,21.6149,Yes,N/A,N/A,3,4,N/A,N/A,7,N/A,N/A,3 7,4 7,12
3 4 7 11,0.00848765,20.7539,Yes,N/A,N/A,3,4,N/A,N/A,7,N/A,N/A,3 7,11,N/A
3 4 7 11 12,0.000971651,32.0632,Yes,N/A,N/A,3,4,N/A,N/A,7,N/A,N/A,3 7,11,12
3 4 7 10 12,0.00135031,30.9007,Yes,N/A,N/A,3,4,N/A,N/A,7,N/A,N/A,10,4 7,12
3 4 7 10 11,0.00252915,30.0959,Yes,N/A,N/A,3,4,N/A,N/A,7,N/A,N/A,10,11,N/A
3 4 7 10 11 12,0.000363178,41.3316,Yes,N/A,N/A,3,4,N/A,N/A,7,N/A,N/A,10,11,12
1 3 4 7 8,0.0637503,12.0156,Yes,N/A,N/A,3,4,1 4,N/A,7,8,1 8,3 7,3 8,4 8
1 3 4 7 8 12,0.0068345,23.4173,Yes,N/A,N/A,3,4,1 4,N/A,7,8,1 8,3 7,3 8,12
1 3 4 7 8 11,0.014462,21.9333,Yes,N/A,N/A,3,4,1 4,N/A,7,8,1 8,3 7,11,4 8
1 3 4 7 8 11 12,0.00189103,33.3698,Yes,N/A,N/A,3,4,1 4,N/A,7,8,1 8,3 7,11,12
1 3 4 7 8 10,0.0219241,20.1829,Yes,N/A,N/A,3,4,1 4,N/A,7,8,1 8,10,3 8,4 8
1 3 4 7 8 10 12,0.00297214,31.4572,Yes,N/A,N/A,3,4,1 4,N/A,7,8,1 8,10,3 8,12
1 3 4 7 8 10 11,0.00588719,30.1452,Yes,N/A,N/A,3,4,1 4,N/A,7,8,1 8,10,11,4 8
1 3 4 7 8 10 11 12,0.00093721,41.4605,Yes,N/A,N/A,3,4,1 4,N/A,7,8,1 8,10,11,12
1 3 4 7 8 9,0.0342682,18.0574,Yes,N/A,N/A,3,4,1 4,N/A,7,8,9,3 7,3 8,3 9
1 3 4 7 8 9 12,0.00442821,29.4797,Yes,N/A,N/A,3,4,1 4,N/A,7,8,9,3 7,3 8,12
1 3 4 7 8 9 11,0.00930757,27.7851,Yes,N/A,N/A,3,4,1 4,N/A,7,8,9,3 7,11,3 9
1 3 4 7 8 9 11 12,0.00142526,39.2385,Yes,N/A,N/A,3,4,1 4,N/A,7,8,9,3 7,11,12
1 3 4 7 8 9 10,0.0139337,26.1218,Yes,N/A,N/A,3,4,1 4,N/A,7,8,9,10,3 8,3 9
1 3 4 7 8 9 10 12,0.00215992,37.5089,Yes,N/A,N/A,3,4,1 4,N/A,7,8,9,10,3 8,12
1 3 4 7 8 9 10 11,0.00436532,35.9172,Yes,N/A,N/A,3,4,1 4,N/A,7,8,9,10,11,3 9
1 3 4 7 8 9 10 11 12,0.000780302,47.3469,Yes,N/A,N/A,3,4,1 4,N/A,7,8,9,10,11,12
1 3 4 6,0.135224,5.41967,Yes,N/A,N/A,3,4,1 4,6,3 4,1 3 4,3 6,4 6,1 4 6,N/A
1 3 4 6 12,0.0115955,16.382,Yes,N/A,N/A,3,4,1 4,6,3 4,1 3 4,3 6,4 6,1 4 6,12
3 4 6,0.0779321,7.95087,Yes,N/A,N/A,3,4,N/A,6,3 4,N/A,3 6,4 6,N/A,N/A
1 3 4 6 11,0.0292781,14.401,Yes,N/A,N/A,3,4,1 4,6,3 4,1 3 4,3 6,4 6,11,1 11
1 3 4 6 11 12,0.00296496,25.9395,Yes,N/A,N/A,3,4,1 4,6,3 4,1 3 4,3 6,4 6,11,12
3 4 6 12,0.00660151,19.2021,Yes,N/A,N/A,3,4,N/A,6,3 4,N/A,3 6,4 6,N/A,12
1 3 4 6 10,0.0445173,13.1058,Yes,N/A,N/A,3,4,1 4,6,3 4,1 3 4,3 6,10,1 10,N/A
1 3 4 6 10 12,0.00507914,23.8152,Yes,N/A,N/A,3,4,1 4,6,3 4,1 3 4,3 6,10,1 10,12
3 4 6 10,0.0186471,16.9704,Yes,N/A,N/A,3,4,N/A,6,3 4,N/A,3 6,10,N/A,N/A
1 3 4 6 10 11,0.0107751,22.3232,Yes,N/A,N/A,3,4,1 4,6,3 4,1 3 4,3 6,10,11,1 11
1 3 4 6 10 11 12,0.00138623,33.7325,Yes,N/A,N/A,3,4,1 4,6,3 4,1 3 4,3 6,10,11,12
1 3 4 6 9,0.0597779,11.3321,Yes,N/A,N/A,3,4,1 4,6,3 4,1 3 4,9,4 6,1 4 6,3 9
1 3 4 6 9 12,0.00628596,22.6577,Yes,N/A,N/A,3,4,1 4,6,3 4,1 3 4,9,4 6,1 4 6,12
1 3 4 6 9 11,0.0149812,20.3917,Yes,N/A,N/A,3,4,1 4,6,3 4,1 3 4,9,4 6,11,3 9
1 3 4 6 9 11 12,0.00190566,31.8164,Yes,N/A,N/A,3,4,1 4,6,3 4,1 3 4,9,4 6,11,12
3 4 6 9,0.0298783,15.293,Yes,N/A,N/A,3,4,N/A,6,3 4,N/A,9,4 6,N/A,3 9
3 4 6 9 12,0.00293877,26.91,Yes,N/A,N/A,3,4,N/A,6,3 4,N/A,9,4 6,N/A,12
1 3 4 6 9 10,0.0228225,18.8858,Yes,N/A,N/A,3,4,1 4,6,3 4,1 3 4,9,10,1 10,3 9
1 3 4 6 9 10 12,0.00304048,30.0302,Yes,N/A,N/A,3,4,1 4,6,3 4,1 3 4,9,10,1 10,12
1 3 4 6 9 10 11,0.00633518,28.291,Yes,N/A,N/A,3,4,1 4,6,3 4,1 3 4,9,10,11,3 9
1 3 4 6 9 10 11 12,0.000978095,39.6035,Yes,N/A,N/A,3,4,1 4,6,3 4,1 3 4,9,10,11,12
1 3 4 6 8,0.0879915,9.13722,Yes,N/A,N/A,3,4,1 4,6,3 4,8,3 6,4 6,3 8,4 8
1 3 4 6 8 12,0.00928526,20.3195,Yes,N/A,N/A,3,4,1 4,6,3 4,8,3 6,4 6,3 8,12
1 3 4 6 8 11,0.0205789,18.4704,Yes,N/A,N/A,3,4,1 4,6,3 4,8,3 6,4 6,11,4 8
1 3 4 6 8 11 12,0.0026208,29.8286,Yes,N/A,N/A,3,4,1 4,6,3 4,8,3 6,4 6,11,12
1 3 4 6 8 10,0.032587,16.3355,Yes,N/A,N/A,3,4,1 4,6,3 4,8,3 6,10,3 8,4 8
1 3 4 6 8 10 12,0.00437623,27.2951,Yes,N/A,N/A,3,4,1 4,6,3 4,8,3 6,10,3 8,12
1 3 4 6 8 10 11,0.00896729,25.6774,Yes,N/A,N/A,3,4,1 4,6,3 4,8,3 6,10,11,4 8
1 3 4 6 8 10 11 12,0.00139482,36.8496,Yes,N/A,N/A,3,4,1 4,6,3 4,8,3 6,10,11,12
1 3 4 6 8 9,0.0442407,14.9507,Yes,N/A,N/A,3,4,1 4,6,3 4,8,9,4 6,3 8,3 9
1 3 4 6 8 9 12,0.00565763,26.1633,Yes,N/A,N/A,3,4,1 4,6,3 4,8,9,4 6,3 8,12
1 3 4 6 8 9 11,0.0123076,24.0761,Yes,N/A,N/A,3,4,1 4,6,3 4,8,9,4 6,11,3 9
1 3 4 6 8 9 11 12,0.00185506,35.4254,Yes,N/A,N/A,3,4,1 4,6,3 4,8,9,4 6,11,12
1 3 4 6 8 9 10,0.0185943,22.1902,Yes,N/A,N/A,3,4,1 4,6,3 4,8,9,10,3 8,3 9
1 3 4 6 8 9 10 12,0.00290737,33.2217,Yes,N/A,N/A,3,4,1 4,6,3 4,8,9,10,3 8,12
1 3 4 6 8 9 10 11,0.00598094,31.3414,Yes,N/A,N/A,3,4,1 4,6,3 4,8,9,10,11,3 9
1 3 4 6 8 9 10 11 12,0.00106636,42.5633,Yes,N/A,N/A,3,4,1 4,6,3 4,8,9,10,11,12
3 4 6 11,0.013203,17.5513,Yes,N/A,N/A,3,4,N/A,6,3 4,N/A,3 6,4 6,11,N/A
3 4 6 11 12,0.00149082,28.6879,Yes,N/A,N/A,3,4,N/A,6,3 4,N/A,3 6,4 6,11,12
3 4 6 10 12,0.00210762,28.1205,Yes,N/A,N/A,3,4,N/A,6,3 4,N/A,3 6,10,N/A,12
3 4 6 10 11,0.00421525,26.3755,Yes,N/A,N/A,3,4,N/A,6,3 4,N/A,3 6,10,11,N/A
3 4 6 10 11 12,0.000595374,37.386,Yes,N/A,N/A,3,4,N/A,6,3 4,N/A,3 6,10,11,12
3 4 6 9 11,0.00647767,24.5913,Yes,N/A,N/A,3,4,N/A,6,3 4,N/A,9,4 6,11,3 9
3 4 6 9 11 12,0.000818838,36.1265,Yes,N/A,N/A,3,4,N/A,6,3 4,N/A,9,4 6,11,12
3 4 6 9 10,0.0086234,24.158,Yes,N/A,N/A,3,4,N/A,6,3 4,N/A,9,10,N/A,3 9
3 4 6 9 10 12,0.00112466,35.688,Yes,N/A,N/A,3,4,N/A,6,3 4,N/A,9,10,N/A,12
3 4 6 9 10 11,0.00240293,33.2069,Yes,N/A,N/A,3,4,N/A,6,3 4,N/A,9,10,11,3 9
3 4 6 9 10 11 12,0.000379716,44.6303,Yes,N/A,N/A,3,4,N/A,6,3 4,N/A,9,10,11,12
1 3 4 6 7,0.102688,7.99244,Yes,N/A,N/A,3,4,1 4,6,7,1 7,3 6,3 7,4 7,1 4 7
1 3 4 6 7 12,0.0108191,18.9988,Yes,N/A,N/A,3,4,1 4,6,7,1 7,3 6,3 7,4 7,12
3 4 6 7,0.0541409,12.47,Yes,N/A,N/A,3,4,N/A,6,7,N/A,3 6,3 7,4 7,N/A
1 3 4 6 7 11,0.0247699,17.1099,Yes,N/A,N/A,3,4,1 4,6,7,1 7,3 6,3 7,11,1 11
1 3 4 6 7 11 12,0.00307696,28.3911,Yes,N/A,N/A,3,4,1 4,6,7,1 7,3 6,3 7,11,12
1 3 4 6 7 10,0.0339804,15.8883,Yes,N/A,N/A,3,4,1 4,6,7,1 7,3 6,10,4 7,1 4 7
1 3 4 6 7 10 12,0.00460333,26.7194,Yes,N/A,N/A,3,4,1 4,6,7,1 7,3 6,10,4 7,12
3 4 6 7 10,0.0141461,21.4415,Yes,N/A,N/A,3,4,N/A,6,7,N/A,3 6,10,4 7,N/A
1 3 4 6 7 10 11,0.00975488,24.9568,Yes,N/A,N/A,3,4,1 4,6,7,1 7,3 6,10,11,1 11
1 3 4 6 7 10 11 12,0.00149535,36.0745,Yes,N/A,N/A,3,4,1 4,6,7,1 7,3 6,10,11,12
1 3 4 6 7 9,0.0499197,13.7096,Yes,N/A,N/A,3,4,1 4,6,7,1 7,9,3 7,4 7,3 9
1 3 4 6 7 9 12,0.00632674,24.9064,Yes,N/A,N/A,3,4,1 4,6,7,1 7,9,3 7,4 7,12
1 3 4 6 7 9 11,0.0141008,22.5947,Yes,N/A,N/A,3,4,1 4,6,7,1 7,9,3 7,11,3 9
1 3 4 6 7 9 11 12,0.00211349,33.8394,Yes,N/A,N/A,3,4,1 4,6,7,1 7,9,3 7,11,12
1 3 4 6 7 9 10,0.0196679,21.3937,Yes,N/A,N/A,3,4,1 4,6,7,1 7,9,10,4 7,3 9
1 3 4 6 7 9 10 12,0.00304391,32.5031,Yes,N/A,N/A,3,4,1 4,6,7,1 7,9,10,4 7,12
1 3 4 6 7 9 10 11,0.00640936,30.2548,Yes,N/A,N/A,3,4,1 4,6,7,1 7,9,10,11,3 9
1 3 4 6 7 9 10 11 12,0.00114123,41.3764,Yes,N/A,N/A,3,4,1 4,6,7,1 7,9,10,11,12
1 3 4 6 7 8,0.071437,11.5776,Yes,N/A,N/A,3,4,1 4,6,7,8,3 6,3 7,3 8,4 8
1 3 4 6 7 8 12,0.0090598,22.6088,Yes,N/A,N/A,3,4,1 4,6,7,8,3 6,3 7,3 8,12
1 3 4 6 7 8 11,0.0191545,20.7623,Yes,N/A,N/A,3,4,1 4,6,7,8,3 6,3 7,11,4 8
1 3 4 6 7 8 11 12,0.00286917,31.8848,Yes,N/A,N/A,3,4,1 4,6,7,8,3 6,3 7,11,12
1 3 4 6 7 8 10,0.0280462,18.9745,Yes,N/A,N/A,3,4,1 4,6,7,8,3 6,10,3 8,4 8
1 3 4 6 7 8 10 12,0.00437096,29.8159,Yes,N/A,N/A,3,4,1 4,6,7,8,3 6,10,3 8,12
1 3 4 6 7 8 10 11,0.00880911,28.0832,Yes,N/A,N/A,3,4,1 4,6,7,8,3 6,10,11,4 8
1 3 4 6 7 8 10 11 12,0.00157322,39.0157,Yes,N/A,N/A,3,4,1 4,6,7,8,3 6,10,11,12
1 3 4 6 7 8 9,0.0396881,16.8902,Yes,N/A,N/A,3,4,1 4,6,7,8,9,3 7,3 8,3 9
1 3 4 6 7 8 9 12,0.00596683,27.9297,Yes,N/A,N/A,3,4,1 4,6,7,8,9,3 7,3 8,12
1 3 4 6 7 8 9 11,0.0124652,25.832,Yes,N/A,N/A,3,4,1 4,6,7,8,9,3 7,11,3 9
1 3 4 6 7 8 9 11 12,0.00216969,36.9292,Yes,N/A,N/A,3,4,1 4,6,7,8,9,3 7,11,12
1 3 4 6 7 8 9 10,0.018004,24.0898,Yes,N/A,N/A,3,4,1 4,6,7,8,9,10,3 8,3 9
1 3 4 6 7 8 9 10 12,0.00320962,35.0065,Yes,N/A,N/A,3,4,1 4,6,7,8,9,10,3 8,12
1 3 4 6 7 8 9 10 11,0.00647542,32.9711,Yes,N/A,N/A,3,4,1 4,6,7,8,9,10,11,3 9
1 3 4 6 7 8 9 10 11 12,0.00130713,43.9408,Yes,N/A,N/A,3,4,1 4,6,7,8,9,10,11,12
3 4 8 10,0.0159465,18.7664,Yes,N/A,N/A,3,4,N/A,N/A,3 4,8,N/A,10,3 8,4 8
3 4 8 10 12,0.00176469,30.3544,Yes,N/A,N/A,3,4,N/A,N/A,3 4,8,N/A,10,3 8,12
3 4 8 10 11,0.00335791,29.039,Yes,N/A,N/A,3,4,N/A,N/A,3 4,8,N/A,10,11,4 8
3 4 8 10 11 12,0.000464392,40.6016,Yes,N/A,N/A,3,4,N/A,N/A,3 4,8,N/A,10,11,12
3 4 8 9,0.0236197,17.2453,Yes,N/A,N/A,3,4,N/A,N/A,3 4,8,9,N/A,3 8,3 9
3 4 8 9 12,0.00247199,28.9063,Yes,N/A,N/A,3,4,N/A,N/A,3 4,8,9,N/A,3 8,12
3 4 8 9 11,0.00495828,27.4531,Yes,N/A,N/A,3,4,N/A,N/A,3 4,8,9,N/A,11,3 9
3 4 8 9 11 12,0.000651075,39.1029,Yes,N/A,N/A,3,4,N/A,N/A,3 4,8,9,N/A,11,12
3 4 8 9 10,0.00795182,24.892,Yes,N/A,N/A,3,4,N/A,N/A,3 4,8,9,10,3 8,3 9
3 4 8 9 10 12,0.00104806,36.4465,Yes,N/A,N/A,3,4,N/A,N/A,3 4,8,9,10,3 8,12
3 4 8 9 10 11,0.00209492,34.8563,Yes,N/A,N/A,3,4,N/A,N/A,3 4,8,9,10,11,3 9
3 4 8 9 10 11 12,0.000331756,46.3879,Yes,N/A,N/A,3,4,N/A,N/A,3 4,8,9,10,11,12
3 4 7 9,0.0234053,16.7016,Yes,N/A,N/A,3,4,N/A,N/A,7,N/A,9,3 7,4 7,3 9
3 4 7 9 12,0.00231481,28.3806,Yes,N/A,N/A,3,4,N/A,N/A,7,N/A,9,3 7,4 7,12
3 4 7 9 11,0.00465821,26.9865,Yes,N/A,N/A,3,4,N/A,N/A,7,N/A,9,3 7,11,3 9
3 4 7 9 11 12,0.000605694,38.6181,Yes,N/A,N/A,3,4,N/A,N/A,7,N/A,9,3 7,11,12
3 4 7 9 10,0.00694444,25.7127,Yes,N/A,N/A,3,4,N/A,N/A,7,N/A,9,10,4 7,3 9
3 4 7 9 10 12,0.000870437,37.3846,Yes,N/A,N/A,3,4,N/A,N/A,7,N/A,9,10,4 7,12
3 4 7 9 10 11,0.00175278,35.953,Yes,N/A,N/A,3,4,N/A,N/A,7,N/A,9,10,11,3 9
3 4 7 9 10 11 12,0.000273872,47.5758,Yes,N/A,N/A,3,4,N/A,N/A,7,N/A,9,10,11,12
3 4 7 8,0.0355367,15.1834,Yes,N/A,N/A,3,4,N/A,N/A,7,8,N/A,3 7,3 8,4 8
3 4 7 8 12,0.003527,26.8013,Yes,N/A,N/A,3,4,N/A,N/A,7,8,N/A,3 7,3 8,12
3 4 7 8 11,0.00661103,25.598,Yes,N/A,N/A,3,4,N/A,N/A,7,8,N/A,3 7,11,4 8
3 4 7 8 11 12,0.000845167,37.2171,Yes,N/A,N/A,3,4,N/A,N/A,7,8,N/A,3 7,11,12
3 4 7 8 10,0.00987369,24.1433,Yes,N/A,N/A,3,4,N/A,N/A,7,8,N/A,10,3 8,4 8
3 4 7 8 10 12,0.00129573,35.683,Yes,N/A,N/A,3,4,N/A,N/A,7,8,N/A,10,3 8,12
3 4 7 8 10 11,0.00233903,34.561,Yes,N/A,N/A,3,4,N/A,N/A,7,8,N/A,10,11,4 8
3 4 7 8 10 11 12,0.000373763,46.1044,Yes,N/A,N/A,3,4,N/A,N/A,7,8,N/A,10,11,12
3 4 7 8 9,0.0170086,21.0513,Yes,N/A,N/A,3,4,N/A,N/A,7,8,9,3 7,3 8,3 9
3 4 7 8 9 12,0.00207217,32.6537,Yes,N/A,N/A,3,4,N/A,N/A,7,8,9,3 7,3 8,12
3 4 7 8 9 11,0.00403161,31.2111,Yes,N/A,N/A,3,4,N/A,N/A,7,8,9,3 7,11,3 9
3 4 7 8 9 11 12,0.000604525,42.8048,Yes,N/A,N/A,3,4,N/A,N/A,7,8,9,3 7,11,12
3 4 7 8 9 10,0.00620221,29.5002,Yes,N/A,N/A,3,4,N/A,N/A,7,8,9,10,3 8,3 9
3 4 7 8 9 10 12,0.000930404,41.0499,Yes,N/A,N/A,3,4,N/A,N/A,7,8,9,10,3 8,12
3 4 7 8 9 10 11,0.00178083,39.6242,Yes,N/A,N/A,3,4,N/A,N/A,7,8,9,10,11,3 9
3 4 7 8 9 10 11 12,0.000316768,51.1736,Yes,N/A,N/A,3,4,N/A,N/A,7,8,9,10,11,12
1 3 4 5,0.130401,5.04432,Yes,N/A,N/A,3,4,5,1 5,3 4,3 5,4 5,1 4 5,N/A,3 4 5
1 3 4 5 12,0.0108525,16.402,Yes,N/A,N/A,3,4,5,1 5,3 4,3 5,4 5,1 4 5,N/A,12
1 3 4 5 11,0.0270205,13.8921,Yes,N/A,N/A,3,4,5,1 5,3 4,3 5,4 5,1 4 5,11,3 4 5
1 3 4 5 11 12,0.00278119,25.3774,Yes,N/A,N/A,3,4,5,1 5,3 4,3 5,4 5,1 4 5,11,12
3 4 5,0.103395,6.72068,Yes,N/A,N/A,3,4,5,N/A,3 4,3 5,4 5,N/A,N/A,3 4 5
3 4 5 12,0.00715878,18.2959,Yes,N/A,N/A,3,4,5,N/A,3 4,3 5,4 5,N/A,N/A,12
1 3 4 5 10,0.0476466,11.9597,Yes,N/A,N/A,3,4,5,1 5,3 4,3 5,4 5,10,1 10,3 4 5
1 3 4 5 10 12,0.00512617,23.1013,Yes,N/A,N/A,3,4,5,1 5,3 4,3 5,4 5,10,1 10,12
1 3 4 5 10 11,0.0105215,21.7017,Yes,N/A,N/A,3,4,5,1 5,3 4,3 5,4 5,10,11,3 4 5
1 3 4 5 10 11 12,0.00136053,33.0846,Yes,N/A,N/A,3,4,5,1 5,3 4,3 5,4 5,10,11,12
3 4 5 11,0.0158608,16.2864,Yes,N/A,N/A,3,4,5,N/A,3 4,3 5,4 5,N/A,11,3 4 5
3 4 5 11 12,0.00156702,27.7812,Yes,N/A,N/A,3,4,5,N/A,3 4,3 5,4 5,N/A,11,12
1 3 4 5 9,0.0644147,11.0299,Yes,N/A,N/A,3,4,5,1 5,3 4,3 5,9,1 9,N/A,3 9
1 3 4 5 9 12,0.00672217,22.3765,Yes,N/A,N/A,3,4,5,1 5,3 4,3 5,9,1 9,N/A,12
1 3 4 5 9 11,0.0161672,19.2858,Yes,N/A,N/A,3,4,5,1 5,3 4,3 5,9,1 9,11,3 9
1 3 4 5 9 11 12,0.00204915,30.7081,Yes,N/A,N/A,3,4,5,1 5,3 4,3 5,9,1 9,11,12
3 4 5 9,0.0312071,14.3537,Yes,N/A,N/A,3,4,5,N/A,3 4,3 5,9,N/A,N/A,3 9
3 4 5 9 12,0.00299116,25.9592,Yes,N/A,N/A,3,4,5,N/A,3 4,3 5,9,N/A,N/A,12
1 3 4 5 9 10,0.0242627,18.0244,Yes,N/A,N/A,3,4,5,1 5,3 4,3 5,9,10,1 10,3 9
1 3 4 5 9 10 12,0.00317771,29.2008,Yes,N/A,N/A,3,4,5,1 5,3 4,3 5,9,10,1 10,12
1 3 4 5 9 10 11,0.0066285,27.4493,Yes,N/A,N/A,3,4,5,1 5,3 4,3 5,9,10,11,3 9
1 3 4 5 9 10 11 12,0.00101474,38.8128,Yes,N/A,N/A,3,4,5,1 5,3 4,3 5,9,10,11,12
1 3 4 5 8,0.0857946,8.96462,Yes,N/A,N/A,3,4,5,1 5,3 4,8,4 5,1 4 5,3 8,4 8
1 3 4 5 8 12,0.00869405,20.2754,Yes,N/A,N/A,3,4,5,1 5,3 4,8,4 5,1 4 5,3 8,12
1 3 4 5 8 11,0.0188573,18.4029,Yes,N/A,N/A,3,4,5,1 5,3 4,8,4 5,1 4 5,11,4 8
1 3 4 5 8 11 12,0.00236656,29.8217,Yes,N/A,N/A,3,4,5,1 5,3 4,8,4 5,1 4 5,11,12
1 3 4 5 8 10,0.032176,15.976,Yes,N/A,N/A,3,4,5,1 5,3 4,8,4 5,10,3 8,4 8
1 3 4 5 8 10 12,0.00415535,27.123,Yes,N/A,N/A,3,4,5,1 5,3 4,8,4 5,10,3 8,12
1 3 4 5 8 10 11,0.00845979,25.4592,Yes,N/A,N/A,3,4,5,1 5,3 4,8,4 5,10,11,4 8
1 3 4 5 8 10 11 12,0.00129102,36.7631,Yes,N/A,N/A,3,4,5,1 5,3 4,8,4 5,10,11,12
3 4 5 8,0.0512903,12.32,Yes,N/A,N/A,3,4,5,N/A,3 4,8,4 5,N/A,3 8,4 8
3 4 5 8 12,0.00481062,23.8384,Yes,N/A,N/A,3,4,5,N/A,3 4,8,4 5,N/A,3 8,12
3 4 5 8 11,0.00900682,22.4409,Yes,N/A,N/A,3,4,5,N/A,3 4,8,4 5,N/A,11,4 8
3 4 5 8 11 12,0.00111256,33.9293,Yes,N/A,N/A,3,4,5,N/A,3 4,8,4 5,N/A,11,12
1 3 4 5 8 9,0.0437671,14.6587,Yes,N/A,N/A,3,4,5,1 5,3 4,8,9,1 9,3 8,3 9
1 3 4 5 8 9 12,0.00556812,25.8624,Yes,N/A,N/A,3,4,5,1 5,3 4,8,9,1 9,3 8,12
1 3 4 5 8 9 11,0.0120581,23.5672,Yes,N/A,N/A,3,4,5,1 5,3 4,8,9,1 9,11,3 9
1 3 4 5 8 9 11 12,0.00182049,34.8733,Yes,N/A,N/A,3,4,5,1 5,3 4,8,9,1 9,11,12
1 3 4 5 8 9 10,0.018043,21.9626,Yes,N/A,N/A,3,4,5,1 5,3 4,8,9,10,3 8,3 9
1 3 4 5 8 9 10 12,0.00278273,33.0223,Yes,N/A,N/A,3,4,5,1 5,3 4,8,9,10,3 8,12
1 3 4 5 8 9 10 11,0.00575821,31.0677,Yes,N/A,N/A,3,4,5,1 5,3 4,8,9,10,11,3 9
1 3 4 5 8 9 10 11 12,0.00102012,42.2825,Yes,N/A,N/A,3,4,5,1 5,3 4,8,9,10,11,12
1 3 4 5 7,0.110668,7.32169,Yes,N/A,N/A,3,4,5,1 5,7,3 5,4 5,3 7,4 7,5 7
1 3 4 5 7 12,0.0110577,18.5036,Yes,N/A,N/A,3,4,5,1 5,7,3 5,4 5,3 7,4 7,12
1 3 4 5 7 11,0.024897,16.664,Yes,N/A,N/A,3,4,5,1 5,7,3 5,4 5,3 7,11,5 7
1 3 4 5 7 11 12,0.003054,27.9738,Yes,N/A,N/A,3,4,5,1 5,7,3 5,4 5,3 7,11,12
1 3 4 5 7 10,0.038123,14.8921,Yes,N/A,N/A,3,4,5,1 5,7,3 5,4 5,10,4 7,5 7
1 3 4 5 7 10 12,0.00488514,25.9391,Yes,N/A,N/A,3,4,5,1 5,7,3 5,4 5,10,4 7,12
1 3 4 5 7 10 11,0.00994367,24.4473,Yes,N/A,N/A,3,4,5,1 5,7,3 5,4 5,10,11,5 7
1 3 4 5 7 10 11 12,0.0015088,35.636,Yes,N/A,N/A,3,4,5,1 5,7,3 5,4 5,10,11,12
1 3 4 5 7 9,0.0552583,12.8476,Yes,N/A,N/A,3,4,5,1 5,7,3 5,9,3 7,4 7,3 9
1 3 4 5 7 9 12,0.00679682,24.0933,Yes,N/A,N/A,3,4,5,1 5,7,3 5,9,3 7,4 7,12
1 3 4 5 7 9 11,0.0149663,21.8155,Yes,N/A,N/A,3,4,5,1 5,7,3 5,9,3 7,11,3 9
1 3 4 5 7 9 11 12,0.00220984,33.1084,Yes,N/A,N/A,3,4,5,1 5,7,3 5,9,3 7,11,12
1 3 4 5 7 9 10,0.0224763,20.1102,Yes,N/A,N/A,3,4,5,1 5,7,3 5,9,10,4 7,3 9
1 3 4 5 7 9 10 12,0.00336889,31.2636,Yes,N/A,N/A,3,4,5,1 5,7,3 5,9,10,4 7,12
1 3 4 5 7 9 10 11,0.00695828,29.3092,Yes,N/A,N/A,3,4,5,1 5,7,3 5,9,10,11,3 9
1 3 4 5 7 9 10 11 12,0.00121454,40.5118,Yes,N/A,N/A,3,4,5,1 5,7,3 5,9,10,11,12
1 3 4 5 7 8,0.0748526,11.1137,Yes,N/A,N/A,3,4,5,1 5,7,8,4 5,3 7,3 8,4 8
1 3 4 5 7 8 12,0.00910571,22.3315,Yes,N/A,N/A,3,4,5,1 5,7,8,4 5,3 7,3 8,12
1 3 4 5 7 8 11,0.0190833,20.4662,Yes,N/A,N/A,3,4,5,1 5,7,8,4 5,3 7,11,4 8
1 3 4 5 7 8 11 12,0.00278318,31.7468,Yes,N/A,N/A,3,4,5,1 5,7,8,4 5,3 7,11,12
1 3 4 5 7 8 10,0.0293916,18.4023,Yes,N/A,N/A,3,4,5,1 5,7,8,4 5,10,3 8,4 8
1 3 4 5 7 8 10 12,0.00441233,29.473,Yes,N/A,N/A,3,4,5,1 5,7,8,4 5,10,3 8,12
1 3 4 5 7 8 10 11,0.00871255,27.8161,Yes,N/A,N/A,3,4,5,1 5,7,8,4 5,10,11,4 8
1 3 4 5 7 8 10 11 12,0.00152323,38.9561,Yes,N/A,N/A,3,4,5,1 5,7,8,4 5,10,11,12
1 3 4 5 7 8 9,0.0402398,16.5237,Yes,N/A,N/A,3,4,5,1 5,7,8,9,3 7,3 8,3 9
1 3 4 5 7 8 9 12,0.00592043,27.67,Yes,N/A,N/A,3,4,5,1 5,7,8,9,3 7,3 8,12
1 3 4 5 7 8 9 11,0.0123423,25.4852,Yes,N/A,N/A,3,4,5,1 5,7,8,9,3 7,11,3 9
1 3 4 5 7 8 9 11 12,0.00212042,36.6608,Yes,N/A,N/A,3,4,5,1 5,7,8,9,3 7,11,12
1 3 4 5 7 8 9 10,0.018632,23.4091,Yes,N/A,N/A,3,4,5,1 5,7,8,9,10,3 8,3 9
1 3 4 5 7 8 9 10 12,0.00324023,34.4328,Yes,N/A,N/A,3,4,5,1 5,7,8,9,10,3 8,12
1 3 4 5 7 8 9 10 11,0.00651571,32.4259,Yes,N/A,N/A,3,4,5,1 5,7,8,9,10,11,3 9
1 3 4 5 7 8 9 10 11 12,0.00129377,43.4855,Yes,N/A,N/A,3,4,5,1 5,7,8,9,10,11,12
1 3 4 5 6,0.130794,6.42728,Yes,N/A,N/A,3,4,5,6,3 4,3 5,3 6,4 6,5 6,3 4 5
1 3 4 5 6 12,0.0127291,17.5317,Yes,N/A,N/A,3,4,5,6,3 4,3 5,3 6,4 6,5 6,12
1 3 4 5 6 11,0.0297901,15.5374,Yes,N/A,N/A,3,4,5,6,3 4,3 5,3 6,4 6,11,3 4 5
1 3 4 5 6 11 12,0.00354077,26.8664,Yes,N/A,N/A,3,4,5,6,3 4,3 5,3 6,4 6,11,12
1 3 4 5 6 10,0.0446396,13.9052,Yes,N/A,N/A,3,4,5,6,3 4,3 5,3 6,10,5 6,3 4 5
1 3 4 5 6 10 12,0.00566088,24.8264,Yes,N/A,N/A,3,4,5,6,3 4,3 5,3 6,10,5 6,12
1 3 4 5 6 10 11,0.0117991,23.2479,Yes,N/A,N/A,3,4,5,6,3 4,3 5,3 6,10,11,3 4 5
1 3 4 5 6 10 11 12,0.00175132,34.4521,Yes,N/A,N/A,3,4,5,6,3 4,3 5,3 6,10,11,12
1 3 4 5 6 9,0.0642504,11.826,Yes,N/A,N/A,3,4,5,6,3 4,3 5,9,4 6,5 6,3 9
1 3 4 5 6 9 12,0.00780998,22.9504,Yes,N/A,N/A,3,4,5,6,3 4,3 5,9,4 6,5 6,12
1 3 4 5 6 9 11,0.0174098,20.691,Yes,N/A,N/A,3,4,5,6,3 4,3 5,9,4 6,11,3 9
1 3 4 5 6 9 11 12,0.0025183,31.927,Yes,N/A,N/A,3,4,5,6,3 4,3 5,9,4 6,11,12
1 3 4 5 6 9 10,0.0251166,19.2487,Yes,N/A,N/A,3,4,5,6,3 4,3 5,9,10,5 6,3 9
1 3 4 5 6 9 10 12,0.00378147,30.1944,Yes,N/A,N/A,3,4,5,6,3 4,3 5,9,10,5 6,12
1 3 4 5 6 9 10 11,0.00782639,28.3347,Yes,N/A,N/A,3,4,5,6,3 4,3 5,9,10,11,3 9
1 3 4 5 6 9 10 11 12,0.00135661,39.4505,Yes,N/A,N/A,3,4,5,6,3 4,3 5,9,10,11,12
1 3 4 5 6 8,0.083071,10.1148,Yes,N/A,N/A,3,4,5,6,3 4,8,3 6,4 6,3 8,4 8
1 3 4 5 6 8 12,0.0100297,21.2661,Yes,N/A,N/A,3,4,5,6,3 4,8,3 6,4 6,3 8,12
1 3 4 5 6 8 11,0.0216785,19.1964,Yes,N/A,N/A,3,4,5,6,3 4,8,3 6,4 6,11,4 8
1 3 4 5 6 8 11 12,0.00312246,30.4467,Yes,N/A,N/A,3,4,5,6,3 4,8,3 6,4 6,11,12
1 3 4 5 6 8 10,0.0337552,16.9169,Yes,N/A,N/A,3,4,5,6,3 4,8,3 6,10,3 8,4 8
1 3 4 5 6 8 10 12,0.00504464,27.8665,Yes,N/A,N/A,3,4,5,6,3 4,8,3 6,10,3 8,12
1 3 4 5 6 8 10 11,0.0103089,25.9499,Yes,N/A,N/A,3,4,5,6,3 4,8,3 6,10,11,4 8
1 3 4 5 6 8 10 11 12,0.00177694,37.0349,Yes,N/A,N/A,3,4,5,6,3 4,8,3 6,10,11,12
1 3 4 5 6 8 9,0.0451949,15.3073,Yes,N/A,N/A,3,4,5,6,3 4,8,9,4 6,3 8,3 9
1 3 4 5 6 8 9 12,0.00660371,26.3431,Yes,N/A,N/A,3,4,5,6,3 4,8,9,4 6,3 8,12
1 3 4 5 6 8 9 11,0.014013,24.0405,Yes,N/A,N/A,3,4,5,6,3 4,8,9,4 6,11,3 9
1 3 4 5 6 8 9 11 12,0.00238043,35.1426,Yes,N/A,N/A,3,4,5,6,3 4,8,9,4 6,11,12
1 3 4 5 6 8 9 10,0.0206809,22.1752,Yes,N/A,N/A,3,4,5,6,3 4,8,9,10,3 8,3 9
1 3 4 5 6 8 9 10 12,0.0036064,33.0292,Yes,N/A,N/A,3,4,5,6,3 4,8,9,10,3 8,12
1 3 4 5 6 8 9 10 11,0.00740251,30.7687,Yes,N/A,N/A,3,4,5,6,3 4,8,9,10,11,3 9
1 3 4 5 6 8 9 10 11 12,0.0014629,41.7205,Yes,N/A,N/A,3,4,5,6,3 4,8,9,10,11,12
1 3 4 5 6 7,0.107271,8.32046,Yes,N/A,N/A,3,4,5,6,7,3 5,3 6,3 7,4 7,5 7
1 3 4 5 6 7 12,0.0129215,19.3362,Yes,N/A,N/A,3,4,5,6,7,3 5,3 6,3 7,4 7,12
1 3 4 5 6 7 11,0.0280631,17.372,Yes,N/A,N/A,3,4,5,6,7,3 5,3 6,3 7,11,5 7
1 3 4 5 6 7 11 12,0.00401272,28.5353,Yes,N/A,N/A,3,4,5,6,7,3 5,3 6,3 7,11,12
1 3 4 5 6 7 10,0.040987,15.5034,Yes,N/A,N/A,3,4,5,6,7,3 5,3 6,10,4 7,5 7
1 3 4 5 6 7 10 12,0.0061172,26.3353,Yes,N/A,N/A,3,4,5,6,7,3 5,3 6,10,4 7,12
1 3 4 5 6 7 10 11,0.0124364,24.5702,Yes,N/A,N/A,3,4,5,6,7,3 5,3 6,10,11,5 7
1 3 4 5 6 7 10 11 12,0.00214215,35.5608,Yes,N/A,N/A,3,4,5,6,7,3 5,3 6,10,11,12
1 3 4 5 6 7 9,0.0568922,13.4888,Yes,N/A,N/A,3,4,5,6,7,3 5,9,3 7,4 7,3 9
1 3 4 5 6 7 9 12,0.00824294,24.443,Yes,N/A,N/A,3,4,5,6,7,3 5,9,3 7,4 7,12
1 3 4 5 6 7 9 11,0.0175583,22.2063,Yes,N/A,N/A,3,4,5,6,7,3 5,9,3 7,11,3 9
1 3 4 5 6 7 9 11 12,0.00295881,33.2308,Yes,N/A,N/A,3,4,5,6,7,3 5,9,3 7,11,12
1 3 4 5 6 7 9 10,0.0253692,20.3357,Yes,N/A,N/A,3,4,5,6,7,3 5,9,10,4 7,3 9
1 3 4 5 6 7 9 10 12,0.00438334,31.1205,Yes,N/A,N/A,3,4,5,6,7,3 5,9,10,4 7,12
1 3 4 5 6 7 9 10 11,0.00892365,29.0155,Yes,N/A,N/A,3,4,5,6,7,3 5,9,10,11,3 9
1 3 4 5 6 7 9 10 11 12,0.00175649,39.8605,Yes,N/A,N/A,3,4,5,6,7,3 5,9,10,11,12
1 3 4 5 6 7 8,0.0749183,11.6529,Yes,N/A,N/A,3,4,5,6,7,8,3 6,3 7,3 8,4 8
1 3 4 5 6 7 8 12,0.0107642,22.6156,Yes,N/A,N/A,3,4,5,6,7,8,3 6,3 7,3 8,12
1 3 4 5 6 7 8 11,0.0224546,20.4519,Yes,N/A,N/A,3,4,5,6,7,8,3 6,3 7,11,4 8
1 3 4 5 6 7 8 11 12,0.00376595,31.4656,Yes,N/A,N/A,3,4,5,6,7,8,3 6,3 7,11,12
1 3 4 5 6 7 8 10,0.0335528,18.2678,Yes,N/A,N/A,3,4,5,6,7,8,3 6,10,3 8,4 8
1 3 4 5 6 7 8 10 12,0.005769,29.0323,Yes,N/A,N/A,3,4,5,6,7,8,3 6,10,3 8,12
1 3 4 5 6 7 8 10 11,0.0115404,26.9835,Yes,N/A,N/A,3,4,5,6,7,8,3 6,10,11,4 8
1 3 4 5 6 7 8 10 11 12,0.00226286,37.8092,Yes,N/A,N/A,3,4,5,6,7,8,3 6,10,11,12
1 3 4 5 6 7 8 9,0.0444942,16.4681,Yes,N/A,N/A,3,4,5,6,7,8,9,3 7,3 8,3 9
1 3 4 5 6 7 8 9 12,0.00751595,27.2951,Yes,N/A,N/A,3,4,5,6,7,8,9,3 7,3 8,12
1 3 4 5 6 7 8 9 11,0.015503,24.9114,Yes,N/A,N/A,3,4,5,6,7,8,9,3 7,11,3 9
1 3 4 5 6 7 8 9 11 12,0.00299797,35.7512,Yes,N/A,N/A,3,4,5,6,7,8,9,3 7,11,12
1 3 4 5 6 7 8 9 10,0.0227327,22.7744,Yes,N/A,N/A,3,4,5,6,7,8,9,10,3 8,3 9
1 3 4 5 6 7 8 9 10 12,0.00446669,33.4153,Yes,N/A,N/A,3,4,5,6,7,8,9,10,3 8,12
1 3 4 5 6 7 8 9 10 11,0.00896926,31.0374,Yes,N/A,N/A,3,4,5,6,7,8,9,10,11,3 9
1 3 4 5 6 7 8 9 10 11 12,0.00198197,41.6817,Yes,N/A,N/A,3,4,5,6,7,8,9,10,11,12
4 6 8 11,0.00728738,23.4287,Yes,N/A,N/A,N/A,4,N/A,6,N/A,8,N/A,4 6,11,4 8
4 6 8 11 12,0.000797801,35.1147,Yes,N/A,N/A,N/A,4,N/A,6,N/A,8,N/A,4 6,11,12
4 6 8 10,0.00803755,23.0667,Yes,N/A,N/A,N/A,4,N/A,6,N/A,8,N/A,10,N/A,4 8
4 6 8 10 12,0.0008752,34.8088,Yes,N/A,N/A,N/A,4,N/A,6,N/A,8,N/A,10,N/A,12
4 6 8 10 11,0.00196473,32.6691,Yes,N/A,N/A,N/A,4,N/A,6,N/A,8,N/A,10,11,4 8
4 6 8 10 11 12,0.000267918,44.3552,Yes,N/A,N/A,N/A,4,N/A,6,N/A,8,N/A,10,11,12
4 6 8 9 11,0.00347699,29.8866,Yes,N/A,N/A,N/A,4,N/A,6,N/A,8,9,4 6,11,4 8
4 6 8 9 11 12,0.000476299,41.4502,Yes,N/A,N/A,N/A,4,N/A,6,N/A,8,9,4 6,11,12
4 6 8 9 10,0.00392947,29.6437,Yes,N/A,N/A,N/A,4,N/A,6,N/A,8,9,10,N/A,4 8
4 6 8 9 10 12,0.000535837,41.2804,Yes,N/A,N/A,N/A,4,N/A,6,N/A,8,9,10,N/A,12
4 6 8 9 10 11,0.00119075,38.8162,Yes,N/A,N/A,N/A,4,N/A,6,N/A,8,9,10,11,4 8
4 6 8 9 10 11 12,0.00019515,50.3674,Yes,N/A,N/A,N/A,4,N/A,6,N/A,8,9,10,11,12
4 6 7 9 12,0.00231481,29.9613,Yes,N/A,N/A,N/A,4,N/A,6,7,N/A,9,4 6,4 7,12
4 6 7 9 11,0.00405807,29.1134,Yes,N/A,N/A,N/A,4,N/A,6,7,N/A,9,4 6,11,N/A
4 6 7 9 11 12,0.000603313,40.0967,Yes,N/A,N/A,N/A,4,N/A,6,7,N/A,9,4 6,11,12
4 6 7 9 10 12,0.000809709,38.8473,Yes,N/A,N/A,N/A,4,N/A,6,7,N/A,9,10,4 7,12
4 6 7 9 10 11,0.00138127,38.0863,Yes,N/A,N/A,N/A,4,N/A,6,7,N/A,9,10,11,N/A
4 6 7 9 10 11 12,0.000250057,48.9415,Yes,N/A,N/A,N/A,4,N/A,6,7,N/A,9,10,11,12
4 6 7 8,0.0282922,17.0184,Yes,N/A,N/A,N/A,4,N/A,6,7,8,N/A,4 6,4 7,4 8
4 6 7 8 12,0.00310785,28.5519,Yes,N/A,N/A,N/A,4,N/A,6,7,8,N/A,4 6,4 7,12
4 6 7 8 11,0.00592993,27.1259,Yes,N/A,N/A,N/A,4,N/A,6,7,8,N/A,4 6,11,4 8
4 6 7 8 11 12,0.000813678,38.6328,Yes,N/A,N/A,N/A,4,N/A,6,7,8,N/A,4 6,11,12
4 6 7 8 10,0.00803755,25.8602,Yes,N/A,N/A,N/A,4,N/A,6,7,8,N/A,10,4 7,4 8
4 6 7 8 10 12,0.00110144,37.3661,Yes,N/A,N/A,N/A,4,N/A,6,7,8,N/A,10,4 7,12
4 6 7 8 10 11,0.00208381,35.9118,Yes,N/A,N/A,N/A,4,N/A,6,7,8,N/A,10,11,4 8
4 6 7 8 10 11 12,0.00034234,47.3975,Yes,N/A,N/A,N/A,4,N/A,6,7,8,N/A,10,11,12
4 6 7 8 9,0.0132888,22.68,Yes,N/A,N/A,N/A,4,N/A,6,7,8,9,4 6,4 7,4 8
4 6 7 8 9 12,0.00182581,34.0221,Yes,N/A,N/A,N/A,4,N/A,6,7,8,9,4 6,4 7,12
4 6 7 8 9 11,0.00349286,32.4158,Yes,N/A,N/A,N/A,4,N/A,6,7,8,9,4 6,11,4 8
4 6 7 8 9 11 12,0.000575528,43.7061,Yes,N/A,N/A,N/A,4,N/A,6,7,8,9,4 6,11,12
4 6 7 8 9 10,0.00476299,31.0266,Yes,N/A,N/A,N/A,4,N/A,6,7,8,9,10,4 7,4 8
4 6 7 8 9 10 12,0.000783909,42.3102,Yes,N/A,N/A,N/A,4,N/A,6,7,8,9,10,4 7,12
4 6 7 8 9 10 11,0.00148844,40.6454,Yes,N/A,N/A,N/A,4,N/A,6,7,8,9,10,11,4 8
4 6 7 8 9 10 11 12,0.000285559,51.8816,Yes,N/A,N/A,N/A,4,N/A,6,7,8,9,10,11,12
4 5 7 10,0.0165895,19.1476,Yes,N/A,N/A,N/A,4,5,N/A,7,N/A,4 5,10,4 7,5 7
4 5 7 10 12,0.00186471,30.6981,Yes,N/A,N/A,N/A,4,5,N/A,7,N/A,4 5,10,4 7,12
4 5 7 10 11,0.00351509,29.3531,Yes,N/A,N/A,N/A,4,5,N/A,7,N/A,4 5,10,11,5 7
4 5 7 10 11 12,0.000494161,40.8727,Yes,N/A,N/A,N/A,4,5,N/A,7,N/A,4 5,10,11,12
4 5 7 9,0.0159465,19.1581,Yes,N/A,N/A,N/A,4,5,N/A,7,N/A,9,N/A,4 7,5 7
4 5 7 9 12,0.00180041,30.79,Yes,N/A,N/A,N/A,4,5,N/A,7,N/A,9,N/A,4 7,12
4 5 7 9 11,0.00331504,29.5232,Yes,N/A,N/A,N/A,4,5,N/A,7,N/A,9,N/A,11,5 7
4 5 7 9 11 12,0.000468361,41.1425,Yes,N/A,N/A,N/A,4,5,N/A,7,N/A,9,N/A,11,12
4 5 7 9 10,0.00565844,26.9691,Yes,N/A,N/A,N/A,4,5,N/A,7,N/A,9,10,4 7,5 7
4 5 7 9 10 12,0.000797801,38.4861,Yes,N/A,N/A,N/A,4,5,N/A,7,N/A,9,10,4 7,12
4 5 7 9 10 11,0.00147653,37.1307,Yes,N/A,N/A,N/A,4,5,N/A,7,N/A,9,10,11,5 7
4 5 7 9 10 11 12,0.000250057,48.6225,Yes,N/A,N/A,N/A,4,5,N/A,7,N/A,9,10,11,12
4 5 7 8 10,0.0106524,23.5739,Yes,N/A,N/A,N/A,4,5,N/A,7,8,4 5,10,4 7,4 8
4 5 7 8 10 12,0.00142562,35.0665,Yes,N/A,N/A,N/A,4,5,N/A,7,8,4 5,10,4 7,12
4 5 7 8 10 11,0.00282922,33.3644,Yes,N/A,N/A,N/A,4,5,N/A,7,8,4 5,10,11,4 8
4 5 7 8 10 11 12,0.000454965,44.825,Yes,N/A,N/A,N/A,4,5,N/A,7,8,4 5,10,11,12
4 5 7 8 9,0.0107739,23.8411,Yes,N/A,N/A,N/A,4,5,N/A,7,8,9,N/A,4 7,4 8
4 5 7 8 9 12,0.00142453,35.4569,Yes,N/A,N/A,N/A,4,5,N/A,7,8,9,N/A,4 7,12
4 5 7 8 9 11,0.00281969,33.854,Yes,N/A,N/A,N/A,4,5,N/A,7,8,9,N/A,11,4 8
4 5 7 8 9 11 12,0.000447854,45.4679,Yes,N/A,N/A,N/A,4,5,N/A,7,8,9,N/A,11,12
4 5 7 8 9 10,0.00470584,30.7381,Yes,N/A,N/A,N/A,4,5,N/A,7,8,9,10,4 7,4 8
4 5 7 8 9 10 12,0.000751164,42.2099,Yes,N/A,N/A,N/A,4,5,N/A,7,8,9,10,4 7,12
4 5 7 8 9 10 11,0.00148447,40.4008,Yes,N/A,N/A,N/A,4,5,N/A,7,8,9,10,11,4 8
4 5 7 8 9 10 11 12,0.000276463,51.8563,Yes,N/A,N/A,N/A,4,5,N/A,7,8,9,10,11,12
4 5 6 8,0.0343793,14.7427,Yes,N/A,N/A,N/A,4,5,6,N/A,8,4 5,4 6,5 6,4 8
4 5 6 8 12,0.00358177,26.2449,Yes,N/A,N/A,N/A,4,5,6,N/A,8,4 5,4 6,5 6,12
4 5 6 8 11,0.00702065,24.7613,Yes,N/A,N/A,N/A,4,5,6,N/A,8,4 5,4 6,11,4 8
4 5 6 8 11 12,0.000947042,36.1857,Yes,N/A,N/A,N/A,4,5,6,N/A,8,4 5,4 6,11,12
4 5 6 8 10,0.0102738,23.3858,Yes,N/A,N/A,N/A,4,5,6,N/A,8,4 5,10,5 6,4 8
4 5 6 8 10 12,0.00135269,34.8379,Yes,N/A,N/A,N/A,4,5,6,N/A,8,4 5,10,5 6,12
4 5 6 8 10 11,0.00264584,33.2967,Yes,N/A,N/A,N/A,4,5,6,N/A,8,4 5,10,11,4 8
4 5 6 8 10 11 12,0.000429331,44.6601,Yes,N/A,N/A,N/A,4,5,6,N/A,8,4 5,10,11,12
4 5 6 8 9,0.0125553,22.1608,Yes,N/A,N/A,N/A,4,5,6,N/A,8,9,4 6,5 6,4 8
4 5 6 8 9 12,0.00164482,33.612,Yes,N/A,N/A,N/A,4,5,6,N/A,8,9,4 6,5 6,12
4 5 6 8 9 11,0.00321026,32.0669,Yes,N/A,N/A,N/A,4,5,6,N/A,8,9,4 6,11,4 8
4 5 6 8 9 11 12,0.000519519,43.4298,Yes,N/A,N/A,N/A,4,5,6,N/A,8,9,4 6,11,12
4 5 6 8 9 10,0.00462963,30.658,Yes,N/A,N/A,N/A,4,5,6,N/A,8,9,10,5 6,4 8
4 5 6 8 9 10 12,0.000731649,42.0657,Yes,N/A,N/A,N/A,4,5,6,N/A,8,9,10,5 6,12
4 5 6 8 9 10 11,0.00142361,40.4643,Yes,N/A,N/A,N/A,4,5,6,N/A,8,9,10,11,4 8
4 5 6 8 9 10 11 12,0.000268947,51.7754,Yes,N/A,N/A,N/A,4,5,6,N/A,8,9,10,11,12
4 5 6 7,0.0477109,13.2789,Yes,N/A,N/A,N/A,4,5,6,7,N/A,4 5,4 6,4 7,5 7
4 5 6 7 12,0.0049297,24.718,Yes,N/A,N/A,N/A,4,5,6,7,N/A,4 5,4 6,4 7,12
4 5 6 7 11,0.00928784,23.4016,Yes,N/A,N/A,N/A,4,5,6,7,N/A,4 5,4 6,11,5 7
4 5 6 7 11 12,0.00123084,34.8083,Yes,N/A,N/A,N/A,4,5,6,7,N/A,4 5,4 6,11,12
4 5 6 7 10,0.0135674,21.8654,Yes,N/A,N/A,N/A,4,5,6,7,N/A,4 5,10,4 7,5 7
4 5 6 7 10 12,0.00182958,33.1825,Yes,N/A,N/A,N/A,4,5,6,7,N/A,4 5,10,4 7,12
4 5 6 7 10 11,0.00335315,31.9192,Yes,N/A,N/A,N/A,4,5,6,7,N/A,4 5,10,11,5 7
4 5 6 7 10 11 12,0.000549729,43.1957,Yes,N/A,N/A,N/A,4,5,6,7,N/A,4 5,10,11,12
4 5 6 7 9,0.0174897,20.5581,Yes,N/A,N/A,N/A,4,5,6,7,N/A,9,4 6,4 7,5 7
4 5 6 7 9 12,0.00229179,31.9245,Yes,N/A,N/A,N/A,4,5,6,7,N/A,9,4 6,4 7,12
4 5 6 7 9 11,0.00426129,30.6072,Yes,N/A,N/A,N/A,4,5,6,7,N/A,9,4 6,11,5 7
4 5 6 7 9 11 12,0.000681373,41.9467,Yes,N/A,N/A,N/A,4,5,6,7,N/A,9,4 6,11,12
4 5 6 7 9 10,0.00619665,28.9817,Yes,N/A,N/A,N/A,4,5,6,7,N/A,9,10,4 7,5 7
4 5 6 7 9 10 12,0.00100817,40.2078,Yes,N/A,N/A,N/A,4,5,6,7,N/A,9,10,4 7,12
4 5 6 7 9 10 11,0.00181788,38.9899,Yes,N/A,N/A,N/A,4,5,6,7,N/A,9,10,11,5 7
4 5 6 7 9 10 11 12,0.000348514,50.1856,Yes,N/A,N/A,N/A,4,5,6,7,N/A,9,10,11,12
4 5 6 7 8,0.0282136,16.9188,Yes,N/A,N/A,N/A,4,5,6,7,8,4 5,4 6,4 7,4 8
4 5 6 7 8 12,0.00361085,28.2468,Yes,N/A,N/A,N/A,4,5,6,7,8,4 5,4 6,4 7,12
4 5 6 7 8 11,0.00696588,26.5804,Yes,N/A,N/A,N/A,4,5,6,7,8,4 5,4 6,11,4 8
4 5 6 7 8 11 12,0.00109321,37.8446,Yes,N/A,N/A,N/A,4,5,6,7,8,4 5,4 6,11,12
4 5 6 7 8 10,0.0104137,24.6991,Yes,N/A,N/A,N/A,4,5,6,7,8,4 5,10,4 7,4 8
4 5 6 7 8 10 12,0.00163182,35.8993,Yes,N/A,N/A,N/A,4,5,6,7,8,4 5,10,4 7,12
4 5 6 7 8 10 11,0.00310835,34.1947,Yes,N/A,N/A,N/A,4,5,6,7,8,4 5,10,11,4 8
4 5 6 7 8 10 11 12,0.000576634,45.321,Yes,N/A,N/A,N/A,4,5,6,7,8,4 5,10,11,12
4 5 6 7 8 9,0.0132538,23.2407,Yes,N/A,N/A,N/A,4,5,6,7,8,9,4 6,4 7,4 8
4 5 6 7 8 9 12,0.00204379,34.4852,Yes,N/A,N/A,N/A,4,5,6,7,8,9,4 6,4 7,12
4 5 6 7 8 9 11,0.00391624,32.7218,Yes,N/A,N/A,N/A,4,5,6,7,8,9,4 6,11,4 8
4 5 6 7 8 9 11 12,0.000716033,43.9076,Yes,N/A,N/A,N/A,4,5,6,7,8,9,4 6,11,12
4 5 6 7 8 9 10,0.00583169,30.6454,Yes,N/A,N/A,N/A,4,5,6,7,8,9,10,4 7,4 8
4 5 6 7 8 9 10 12,0.00106487,41.7538,Yes,N/A,N/A,N/A,4,5,6,7,8,9,10,4 7,12
4 5 6 7 8 9 10 11,0.00201159,39.9743,Yes,N/A,N/A,N/A,4,5,6,7,8,9,10,11,4 8
4 5 6 7 8 9 10 11 12,0.00042475,51.0244,Yes,N/A,N/A,N/A,4,5,6,7,8,9,10,11,12
1 2,0.0601852,2.77315,Yes,N/A,2,1 2,N/A,N/A,N/A,N/A,N/A,N/A,N/A,N/A,N/A
1 2 12,0.00334362,14.4102,Yes,N/A,2,1 2,N/A,N/A,N/A,N/A,N/A,N/A,N/A,N/A,12
2,0.0277778,1.94444,Yes,N/A,2,N/A,N/A,N/A,N/A,N/A,N/A,N/A,N/A,N/A,N/A
1 2 11,0.00823045,12.7587,Yes,N/A,2,1 2,N/A,N/A,N/A,N/A,N/A,N/A,N/A,11,1 11
1 2 11 12,0.000621571,24.6842,Yes,N/A,2,1 2,N/A,N/A,N/A,N/A,N/A,N/A,N/A,11,12
2 12,0.00154321,13.6003,Yes,N/A,2,N/A,N/A,N/A,N/A,N/A,N/A,N/A,N/A,N/A,12
1 2 10,0.0177469,10.8866,Yes,N/A,2,1 2,N/A,N/A,N/A,N/A,N/A,N/A,10,1 10,2 10
1 2 10 12,0.00122171,22.7505,Yes,N/A,2,1 2,N/A,N/A,N/A,N/A,N/A,N/A,10,1 10,12
1 2 10 11,0.00347222,21.6125,Yes,N/A,2,1 2,N/A,N/A,N/A,N/A,N/A,N/A,10,11,2 10
1 2 10 11 12,0.000275063,33.5336,Yes,N/A,2,1 2,N/A,N/A,N/A,N/A,N/A,N/A,10,11,12
2 11,0.00308642,12.3133,Yes,N/A,2,N/A,N/A,N/A,N/A,N/A,N/A,N/A,N/A,11,N/A
2 11 12,0.000257202,23.9315,Yes,N/A,2,N/A,N/A,N/A,N/A,N/A,N/A,N/A,N/A,11,12
1 2 9,0.0550412,8.85391,Yes,N/A,2,1 2,N/A,N/A,N/A,N/A,N/A,9,1 9,2 9,1 2 9
1 2 9 12,0.00278635,20.6539,Yes,N/A,2,1 2,N/A,N/A,N/A,N/A,N/A,9,1 9,2 9,12
2 9,0.0617284,9.29938,Yes,N/A,2,N/A,N/A,N/A,N/A,N/A,N/A,9,N/A,2 9,N/A
1 2 9 11,0.00711591,19.4013,Yes,N/A,2,1 2,N/A,N/A,N/A,N/A,N/A,9,1 9,11,1 11
1 2 9 11 12,0.000533455,31.2695,Yes,N/A,2,1 2,N/A,N/A,N/A,N/A,N/A,9,1 9,11,12
1 2 9 10,0.0148963,18.1807,Yes,N/A,2,1 2,N/A,N/A,N/A,N/A,N/A,9,10,2 9,2 10
1 2 9 10 12,0.00113359,30.0315,Yes,N/A,2,1 2,N/A,N/A,N/A,N/A,N/A,9,10,2 9,12
1 2 9 10 11,0.00258154,28.8817,Yes,N/A,2,1 2,N/A,N/A,N/A,N/A,N/A,9,10,11,2 10
1 2 9 10 11 12,0.000239473,40.793,Yes,N/A,2,1 2,N/A,N/A,N/A,N/A,N/A,9,10,11,12
2 10,0.0324074,10.75,Yes,N/A,2,N/A,N/A,N/A,N/A,N/A,N/A,N/A,10,N/A,2 10
2 10 12,0.00115741,22.6759,Yes,N/A,2,N/A,N/A,N/A,N/A,N/A,N/A,N/A,10,N/A,12
2 10 11,0.00385802,20.9802,Yes,N/A,2,N/A,N/A,N/A,N/A,N/A,N/A,N/A,10,11,2 10
2 10 11 12,0.000214335,32.8932,Yes,N/A,2,N/A,N/A,N/A,N/A,N/A,N/A,N/A,10,11,12
1 2 8,0.0923354,7.04964,Yes,N/A,2,1 2,N/A,N/A,N/A,N/A,8,1 8,2 8,1 2 8,N/A
1 2 8 12,0.0057656,18.4497,Yes,N/A,2,1 2,N/A,N/A,N/A,N/A,8,1 8,2 8,1 2 8,12
2 8,0.0910494,7.96142,Yes,N/A,2,N/A,N/A,N/A,N/A,N/A,8,N/A,2 8,N/A,N/A
1 2 8 11,0.0137174,17.0862,Yes,N/A,2,1 2,N/A,N/A,N/A,N/A,8,1 8,2 8,11,1 11
1 2 8 11 12,0.00103833,28.888,Yes,N/A,2,1 2,N/A,N/A,N/A,N/A,8,1 8,2 8,11,12
2 8 12,0.00527263,19.4845,Yes,N/A,2,N/A,N/A,N/A,N/A,N/A,8,N/A,2 8,N/A,12
1 2 8 10,0.0248843,15.7215,Yes,N/A,2,1 2,N/A,N/A,N/A,N/A,8,1 8,10,1 10,2 10
1 2 8 10 12,0.00195759,27.487,Yes,N/A,2,1 2,N/A,N/A,N/A,N/A,8,1 8,10,1 10,12
1 2 8 10 11,0.00447245,26.2302,Yes,N/A,2,1 2,N/A,N/A,N/A,N/A,8,1 8,10,11,2 10
1 2 8 10 11 12,0.000423807,38.0793,Yes,N/A,2,1 2,N/A,N/A,N/A,N/A,8,1 8,10,11,12
1 2 8 9,0.0405521,14.4793,Yes,N/A,2,1 2,N/A,N/A,N/A,N/A,8,9,2 8,2 9,1 2 9
1 2 8 9 12,0.00327694,26.1574,Yes,N/A,2,1 2,N/A,N/A,N/A,N/A,8,9,2 8,2 9,12
2 8 9,0.0365226,14.7152,Yes,N/A,2,N/A,N/A,N/A,N/A,N/A,8,9,2 8,2 9,N/A
1 2 8 9 11,0.00778273,24.8365,Yes,N/A,2,1 2,N/A,N/A,N/A,N/A,8,9,2 8,11,1 11
1 2 8 9 11 12,0.00074435,36.68,Yes,N/A,2,1 2,N/A,N/A,N/A,N/A,8,9,2 8,11,12
1 2 8 9 10,0.0122159,23.6491,Yes,N/A,2,1 2,N/A,N/A,N/A,N/A,8,9,10,2 9,2 10
1 2 8 9 10 12,0.00124833,35.4115,Yes,N/A,2,1 2,N/A,N/A,N/A,N/A,8,9,10,2 9,12
1 2 8 9 10 11,0.00262209,34.2437,Yes,N/A,2,1 2,N/A,N/A,N/A,N/A,8,9,10,11,2 10
1 2 8 9 10 11 12,0.000307886,46.101,Yes,N/A,2,1 2,N/A,N/A,N/A,N/A,8,9,10,11,12
2 9 12,0.00360082,20.851,Yes,N/A,2,N/A,N/A,N/A,N/A,N/A,N/A,9,N/A,2 9,12
2 9 11,0.00411523,20.1144,Yes,N/A,2,N/A,N/A,N/A,N/A,N/A,N/A,9,N/A,11,N/A
2 9 11 12,0.000371513,31.649,Yes,N/A,2,N/A,N/A,N/A,N/A,N/A,N/A,9,N/A,11,12
2 9 10,0.0169753,17.7562,Yes,N/A,2,N/A,N/A,N/A,N/A,N/A,N/A,9,10,2 9,2 10
2 9 10 12,0.00120027,29.614,Yes,N/A,2,N/A,N/A,N/A,N/A,N/A,N/A,9,10,2 9,12
2 9 10 11,0.00214335,28.4769,Yes,N/A,2,N/A,N/A,N/A,N/A,N/A,N/A,9,10,11,2 10
2 9 10 11 12,0.00019052,40.3564,Yes,N/A,2,N/A,N/A,N/A,N/A,N/A,N/A,9,10,11,12
1 2 7,0.12963,5.47377,Yes,N/A,2,1 2,N/A,N/A,N/A,7,1 7,2 7,1 2 7,N/A,N/A
1 2 7 12,0.00797325,16.8231,Yes,N/A,2,1 2,N/A,N/A,N/A,7,1 7,2 7,1 2 7,N/A,12
2 7,0.12037,6.73611,Yes,N/A,2,N/A,N/A,N/A,N/A,7,N/A,2 7,N/A,N/A,N/A
1 2 7 11,0.0228909,14.74,Yes,N/A,2,1 2,N/A,N/A,N/A,7,1 7,2 7,1 2 7,11,1 11
1 2 7 11 12,0.00175754,26.4622,Yes,N/A,2,1 2,N/A,N/A,N/A,7,1 7,2 7,1 2 7,11,12
2 7 12,0.00694444,18.2338,Yes,N/A,2,N/A,N/A,N/A,N/A,7,N/A,2 7,N/A,N/A,12
1 2 7 10,0.0401235,13.2226,Yes,N/A,2,1 2,N/A,N/A,N/A,7,1 7,2 7,10,1 10,2 10
1 2 7 10 12,0.00319359,24.8929,Yes,N/A,2,1 2,N/A,N/A,N/A,7,1 7,2 7,10,1 10,12
1 2 7 10 11,0.00754458,23.5072,Yes,N/A,2,1 2,N/A,N/A,N/A,7,1 7,2 7,10,11,2 10
1 2 7 10 11 12,0.00072457,35.2901,Yes,N/A,2,1 2,N/A,N/A,N/A,7,1 7,2 7,10,11,12
2 7 11,0.0138889,16.8045,Yes,N/A,2,N/A,N/A,N/A,N/A,7,N/A,2 7,N/A,11,N/A
2 7 11 12,0.00120027,28.2368,Yes,N/A,2,N/A,N/A,N/A,N/A,7,N/A,2 7,N/A,11,12
1 2 7 9,0.059928,11.8363,Yes,N/A,2,1 2,N/A,N/A,N/A,7,1 7,9,1 9,2 9,1 2 9
1 2 7 9 12,0.0049297,23.3861,Yes,N/A,2,1 2,N/A,N/A,N/A,7,1 7,9,1 9,2 9,12
2 7 9,0.0339506,14.4985,Yes,N/A,2,N/A,N/A,N/A,N/A,7,N/A,9,N/A,2 9,N/A
1 2 7 9 11,0.0104595,22.027,Yes,N/A,2,1 2,N/A,N/A,N/A,7,1 7,9,1 9,11,1 11
1 2 7 9 11 12,0.00107644,33.6724,Yes,N/A,2,1 2,N/A,N/A,N/A,7,1 7,9,1 9,11,12
1 2 7 9 10,0.0197045,20.5167,Yes,N/A,2,1 2,N/A,N/A,N/A,7,1 7,9,10,2 9,2 10
1 2 7 9 10 12,0.00199847,32.2064,Yes,N/A,2,1 2,N/A,N/A,N/A,7,1 7,9,10,2 9,12
1 2 7 9 10 11,0.00415889,30.9055,Yes,N/A,2,1 2,N/A,N/A,N/A,7,1 7,9,10,11,2 10
1 2 7 9 10 11 12,0.000494557,42.6899,Yes,N/A,2,1 2,N/A,N/A,N/A,7,1 7,9,10,11,12
1 2 7 8,0.0758102,11.0152,Yes,N/A,2,1 2,N/A,N/A,N/A,7,8,2 7,2 8,1 2 8,N/A
1 2 7 8 12,0.00665152,22.1371,Yes,N/A,2,1 2,N/A,N/A,N/A,7,8,2 7,2 8,1 2 8,12
2 7 8,0.0625,11.8855,Yes,N/A,2,N/A,N/A,N/A,N/A,7,8,2 7,2 8,N/A,N/A
1 2 7 8 11,0.0170753,20.4608,Yes,N/A,2,1 2,N/A,N/A,N/A,7,8,2 7,2 8,11,1 11
1 2 7 8 11 12,0.00168213,32.1779,Yes,N/A,2,1 2,N/A,N/A,N/A,7,8,2 7,2 8,11,12
2 7 8 12,0.0053155,23.1654,Yes,N/A,2,N/A,N/A,N/A,N/A,7,8,2 7,2 8,N/A,12
1 2 7 8 10,0.0267918,19.0576,Yes,N/A,2,1 2,N/A,N/A,N/A,7,8,2 7,10,1 10,2 10
1 2 7 8 10 12,0.00285839,30.5982,Yes,N/A,2,1 2,N/A,N/A,N/A,7,8,2 7,10,1 10,12
1 2 7 8 10 11,0.00618117,29.297,Yes,N/A,2,1 2,N/A,N/A,N/A,7,8,2 7,10,11,2 10
1 2 7 8 10 11 12,0.000755133,41.0161,Yes,N/A,2,1 2,N/A,N/A,N/A,7,8,2 7,10,11,12
1 2 7 8 9,0.0353509,17.9145,Yes,N/A,2,1 2,N/A,N/A,N/A,7,8,9,2 8,2 9,1 2 9
1 2 7 8 9 12,0.00387628,29.3695,Yes,N/A,2,1 2,N/A,N/A,N/A,7,8,9,2 8,2 9,12
2 7 8 9,0.023834,18.9828,Yes,N/A,2,N/A,N/A,N/A,N/A,7,8,9,2 8,2 9,N/A
1 2 7 8 9 11,0.00883377,27.8421,Yes,N/A,2,1 2,N/A,N/A,N/A,7,8,9,2 8,11,1 11
1 2 7 8 9 11 12,0.00108821,39.5424,Yes,N/A,2,1 2,N/A,N/A,N/A,7,8,9,2 8,11,12
1 2 7 8 9 10,0.0133318,26.6359,Yes,N/A,2,1 2,N/A,N/A,N/A,7,8,9,10,2 9,2 10
1 2 7 8 9 10 12,0.00172291,38.2176,Yes,N/A,2,1 2,N/A,N/A,N/A,7,8,9,10,2 9,12
1 2 7 8 9 10 11,0.00355736,36.9259,Yes,N/A,2,1 2,N/A,N/A,N/A,7,8,9,10,11,2 10
1 2 7 8 9 10 11 12,0.000515199,48.6543,Yes,N/A,2,1 2,N/A,N/A,N/A,7,8,9,10,11,12
2 8 11,0.0105453,18.0774,Yes,N/A,2,N/A,N/A,N/A,N/A,N/A,8,N/A,2 8,11,N/A
2 8 11 12,0.000914495,29.5399,Yes,N/A,2,N/A,N/A,N/A,N/A,N/A,8,N/A,2 8,11,12
2 8 10,0.0165895,17.2325,Yes,N/A,2,N/A,N/A,N/A,N/A,N/A,8,N/A,10,N/A,2 10
2 8 10 12,0.00111454,29.1231,Yes,N/A,2,N/A,N/A,N/A,N/A,N/A,8,N/A,10,N/A,12
2 8 10 11,0.00287209,27.2412,Yes,N/A,2,N/A,N/A,N/A,N/A,N/A,8,N/A,10,11,2 10
2 8 10 11 12,0.000259583,39.1107,Yes,N/A,2,N/A,N/A,N/A,N/A,N/A,8,N/A,10,11,12
2 8 9 12,0.003115,26.0777,Yes,N/A,2,N/A,N/A,N/A,N/A,N/A,8,9,2 8,2 9,12
2 8 9 11,0.00494399,25.3279,Yes,N/A,2,N/A,N/A,N/A,N/A,N/A,8,9,2 8,11,N/A
2 8 9 11 12,0.000565209,36.6523,Yes,N/A,2,N/A,N/A,N/A,N/A,N/A,8,9,2 8,11,12
2 8 9 10,0.00960219,23.6532,Yes,N/A,2,N/A,N/A,N/A,N/A,N/A,8,9,10,2 9,2 10
2 8 9 10 12,0.000947836,35.4424,Yes,N/A,2,N/A,N/A,N/A,N/A,N/A,8,9,10,2 9,12
2 8 9 10 11,0.00175278,34.2379,Yes,N/A,2,N/A,N/A,N/A,N/A,N/A,8,9,10,11,2 10
2 8 9 10 11 12,0.000210366,46.0515,Yes,N/A,2,N/A,N/A,N/A,N/A,N/A,8,9,10,11,12
1 2 6,0.160237,4.50026,Yes,N/A,2,1 2,N/A,N/A,6,1 6,2 6,1 2 6,N/A,N/A,N/A
1 2 6 12,0.00962363,15.8379,Yes,N/A,2,1 2,N/A,N/A,6,1 6,2 6,1 2 6,N/A,N/A,12
2 6,0.146605,5.96914,Yes,N/A,2,N/A,N/A,N/A,6,N/A,2 6,N/A,N/A,N/A,N/A
1 2 6 11,0.0276063,13.749,Yes,N/A,2,1 2,N/A,N/A,6,1 6,2 6,1 2 6,N/A,11,1 11
1 2 6 11 12,0.00208143,25.4455,Yes,N/A,2,1 2,N/A,N/A,6,1 6,2 6,1 2 6,N/A,11,12
2 6 12,0.00835905,17.4741,Yes,N/A,2,N/A,N/A,N/A,6,N/A,2 6,N/A,N/A,N/A,12
1 2 6 10,0.0561343,11.3339,Yes,N/A,2,1 2,N/A,N/A,6,1 6,2 6,1 2 6,10,1 10,2 10
1 2 6 10 12,0.00445459,22.9204,Yes,N/A,2,1 2,N/A,N/A,6,1 6,2 6,1 2 6,10,1 10,12
1 2 6 10 11,0.0101095,21.4517,Yes,N/A,2,1 2,N/A,N/A,6,1 6,2 6,1 2 6,10,11,2 10
1 2 6 10 11 12,0.000988817,33.1417,Yes,N/A,2,1 2,N/A,N/A,6,1 6,2 6,1 2 6,10,11,12
2 6 11,0.0167181,16.052,Yes,N/A,2,N/A,N/A,N/A,6,N/A,2 6,N/A,N/A,11,N/A
2 6 11 12,0.0014289,27.4925,Yes,N/A,2,N/A,N/A,N/A,6,N/A,2 6,N/A,N/A,11,12
1 2 6 9,0.0800326,9.8654,Yes,N/A,2,1 2,N/A,N/A,6,1 6,2 6,9,1 9,2 9,1 2 9
1 2 6 9 12,0.00664199,21.3133,Yes,N/A,2,1 2,N/A,N/A,6,1 6,2 6,9,1 9,2 9,12
2 6 9,0.0488683,12.6845,Yes,N/A,2,N/A,N/A,N/A,6,N/A,2 6,9,N/A,2 9,N/A
1 2 6 9 11,0.0150272,19.7967,Yes,N/A,2,1 2,N/A,N/A,6,1 6,2 6,9,1 9,11,1 11
1 2 6 9 11 12,0.00150881,31.3987,Yes,N/A,2,1 2,N/A,N/A,6,1 6,2 6,9,1 9,11,12
1 2 6 9 10,0.026287,18.1939,Yes,N/A,2,1 2,N/A,N/A,6,1 6,2 6,9,10,2 9,2 10
1 2 6 9 10 12,0.00271802,29.7505,Yes,N/A,2,1 2,N/A,N/A,6,1 6,2 6,9,10,2 9,12
1 2 6 9 10 11,0.00573292,28.366,Yes,N/A,2,1 2,N/A,N/A,6,1 6,2 6,9,10,11,2 10
1 2 6 9 10 11 12,0.00069306,40.0639,Yes,N/A,2,1 2,N/A,N/A,6,1 6,2 6,9,10,11,12
2 6 10,0.0327932,14.3002,Yes,N/A,2,N/A,N/A,N/A,6,N/A,2 6,N/A,10,N/A,2 10
2 6 10 12,0.00246485,26.1025,Yes,N/A,2,N/A,N/A,N/A,6,N/A,2 6,N/A,10,N/A,12
2 6 10 11,0.0055727,24.1569,Yes,N/A,2,N/A,N/A,N/A,6,N/A,2 6,N/A,10,11,2 10
2 6 10 11 12,0.000559652,35.9222,Yes,N/A,2,N/A,N/A,N/A,6,N/A,2 6,N/A,10,11,12
1 2 6 8,0.094543,9.00731,Yes,N/A,2,1 2,N/A,N/A,6,1 6,8,1 8,2 8,1 2 8,N/A
1 2 6 8 12,0.0082507,20.0327,Yes,N/A,2,1 2,N/A,N/A,6,1 6,8,1 8,2 8,1 2 8,12
2 6 8,0.0456533,12.4705,Yes,N/A,2,N/A,N/A,N/A,6,N/A,8,N/A,2 8,N/A,N/A
1 2 6 8 11,0.0191091,18.3407,Yes,N/A,2,1 2,N/A,N/A,6,1 6,8,1 8,2 8,11,1 11
1 2 6 8 11 12,0.00199457,29.8401,Yes,N/A,2,1 2,N/A,N/A,6,1 6,8,1 8,2 8,11,12
2 6 8 12,0.00389375,23.8565,Yes,N/A,2,N/A,N/A,N/A,6,N/A,8,N/A,2 8,N/A,12
1 2 6 8 10,0.031693,16.807,Yes,N/A,2,1 2,N/A,N/A,6,1 6,8,1 8,10,1 10,2 10
1 2 6 8 10 12,0.00327833,28.3565,Yes,N/A,2,1 2,N/A,N/A,6,1 6,8,1 8,10,1 10,12
1 2 6 8 10 11,0.00725027,26.6627,Yes,N/A,2,1 2,N/A,N/A,6,1 6,8,1 8,10,11,2 10
1 2 6 8 10 11 12,0.000890663,38.3077,Yes,N/A,2,1 2,N/A,N/A,6,1 6,8,1 8,10,11,12
1 2 6 8 9,0.0461129,15.2619,Yes,N/A,2,1 2,N/A,N/A,6,1 6,8,9,2 8,2 9,1 2 9
1 2 6 8 9 12,0.0051144,26.5332,Yes,N/A,2,1 2,N/A,N/A,6,1 6,8,9,2 8,2 9,12
2 6 8 9,0.022005,18.5681,Yes,N/A,2,N/A,N/A,N/A,6,N/A,8,9,2 8,2 9,N/A
1 2 6 8 9 11,0.0108083,25.0598,Yes,N/A,2,1 2,N/A,N/A,6,1 6,8,9,2 8,11,1 11
1 2 6 8 9 11 12,0.0013784,36.5429,Yes,N/A,2,1 2,N/A,N/A,6,1 6,8,9,2 8,11,12
1 2 6 8 9 10,0.0173019,23.531,Yes,N/A,2,1 2,N/A,N/A,6,1 6,8,9,10,2 9,2 10
1 2 6 8 9 10 12,0.00222813,35.0181,Yes,N/A,2,1 2,N/A,N/A,6,1 6,8,9,10,2 9,12
1 2 6 8 9 10 11,0.00452407,33.6126,Yes,N/A,2,1 2,N/A,N/A,6,1 6,8,9,10,11,2 10
1 2 6 8 9 10 11 12,0.000663412,45.2393,Yes,N/A,2,1 2,N/A,N/A,6,1 6,8,9,10,11,12
1 2 6 7,0.105153,8.60455,Yes,N/A,2,1 2,N/A,N/A,6,7,2 6,2 7,1 2 7,N/A,N/A
1 2 6 7 12,0.00911875,19.6669,Yes,N/A,2,1 2,N/A,N/A,6,7,2 6,2 7,1 2 7,N/A,12
2 6 7,0.0810185,9.86188,Yes,N/A,2,N/A,N/A,N/A,6,7,2 6,2 7,N/A,N/A,N/A
1 2 6 7 11,0.0250962,17.0832,Yes,N/A,2,1 2,N/A,N/A,6,7,2 6,2 7,1 2 7,11,1 11
1 2 6 7 11 12,0.0024925,28.693,Yes,N/A,2,1 2,N/A,N/A,6,7,2 6,2 7,1 2 7,11,12
2 6 7 12,0.00685871,21.1158,Yes,N/A,2,N/A,N/A,N/A,6,7,2 6,2 7,N/A,N/A,12
1 2 6 7 10,0.0432813,15.2293,Yes,N/A,2,1 2,N/A,N/A,6,7,2 6,2 7,10,1 10,2 10
1 2 6 7 10 12,0.00465325,26.587,Yes,N/A,2,1 2,N/A,N/A,6,7,2 6,2 7,10,1 10,12
1 2 6 7 10 11,0.0101174,25.0986,Yes,N/A,2,1 2,N/A,N/A,6,7,2 6,2 7,10,11,2 10
1 2 6 7 10 11 12,0.00126021,36.674,Yes,N/A,2,1 2,N/A,N/A,6,7,2 6,2 7,10,11,12
2 6 7 11,0.0137174,19.4656,Yes,N/A,2,N/A,N/A,N/A,6,7,2 6,2 7,N/A,11,N/A
2 6 7 11 12,0.00154797,30.6051,Yes,N/A,2,N/A,N/A,N/A,6,7,2 6,2 7,N/A,11,12
1 2 6 7 9,0.0563653,13.9047,Yes,N/A,2,1 2,N/A,N/A,6,7,2 6,9,1 9,2 9,1 2 9
1 2 6 7 9 12,0.00624243,25.1468,Yes,N/A,2,1 2,N/A,N/A,6,7,2 6,9,1 9,2 9,12
2 6 7 9,0.0300069,16.8663,Yes,N/A,2,N/A,N/A,N/A,6,7,2 6,9,N/A,2 9,N/A
1 2 6 7 9 11,0.0142448,23.298,Yes,N/A,2,1 2,N/A,N/A,6,7,2 6,9,1 9,11,1 11
1 2 6 7 9 11 12,0.00180079,34.7753,Yes,N/A,2,1 2,N/A,N/A,6,7,2 6,9,1 9,11,12
1 2 6 7 9 10,0.0223777,21.9094,Yes,N/A,2,1 2,N/A,N/A,6,7,2 6,9,10,2 9,2 10
1 2 6 7 9 10 12,0.00293519,33.2595,Yes,N/A,2,1 2,N/A,N/A,6,7,2 6,9,10,2 9,12
1 2 6 7 9 10 11,0.00618098,31.7098,Yes,N/A,2,1 2,N/A,N/A,6,7,2 6,9,10,11,2 10
1 2 6 7 9 10 11 12,0.000916931,43.2707,Yes,N/A,2,1 2,N/A,N/A,6,7,2 6,9,10,11,12
1 2 6 7 8,0.061058,13.4831,Yes,N/A,2,1 2,N/A,N/A,6,7,8,2 7,2 8,1 2 8,N/A
1 2 6 7 8 12,0.00700137,24.2197,Yes,N/A,2,1 2,N/A,N/A,6,7,8,2 7,2 8,1 2 8,12
2 6 7 8,0.0362226,15.4343,Yes,N/A,2,N/A,N/A,N/A,6,7,8,2 7,2 8,N/A,N/A
1 2 6 7 8 11,0.0172297,22.1557,Yes,N/A,2,1 2,N/A,N/A,6,7,8,2 7,2 8,11,1 11
1 2 6 7 8 11 12,0.00217383,33.6513,Yes,N/A,2,1 2,N/A,N/A,6,7,8,2 7,2 8,11,12
2 6 7 8 12,0.00408427,26.4659,Yes,N/A,2,N/A,N/A,N/A,6,7,8,2 7,2 8,N/A,12
1 2 6 7 8 10,0.0270448,20.5121,Yes,N/A,2,1 2,N/A,N/A,6,7,8,2 7,10,1 10,2 10
1 2 6 7 8 10 12,0.003604,31.7417,Yes,N/A,2,1 2,N/A,N/A,6,7,8,2 7,10,1 10,12
1 2 6 7 8 10 11,0.00765949,30.1853,Yes,N/A,2,1 2,N/A,N/A,6,7,8,2 7,10,11,2 10
1 2 6 7 8 10 11 12,0.00115121,41.6545,Yes,N/A,2,1 2,N/A,N/A,6,7,8,2 7,10,11,12
1 2 6 7 8 9,0.0339235,19.4498,Yes,N/A,2,1 2,N/A,N/A,6,7,8,9,2 8,2 9,1 2 9
1 2 6 7 8 9 12,0.00469331,30.5413,Yes,N/A,2,1 2,N/A,N/A,6,7,8,9,2 8,2 9,12
2 6 7 8 9,0.017766,21.7745,Yes,N/A,2,N/A,N/A,N/A,6,7,8,9,2 8,2 9,N/A
1 2 6 7 8 9 11,0.0104335,28.6725,Yes,N/A,2,1 2,N/A,N/A,6,7,8,9,2 8,11,1 11
1 2 6 7 8 9 11 12,0.00157681,40.115,Yes,N/A,2,1 2,N/A,N/A,6,7,8,9,2 8,11,12
1 2 6 7 8 9 10,0.0156365,27.3188,Yes,N/A,2,1 2,N/A,N/A,6,7,8,9,10,2 9,2 10
1 2 6 7 8 9 10 12,0.00245218,38.574,Yes,N/A,2,1 2,N/A,N/A,6,7,8,9,10,2 9,12
1 2 6 7 8 9 10 11,0.00504169,37.0278,Yes,N/A,2,1 2,N/A,N/A,6,7,8,9,10,11,2 10
1 2 6 7 8 9 10 11 12,0.000874278,48.4979,Yes,N/A,2,1 2,N/A,N/A,6,7,8,9,10,11,12
2 7 10,0.0300926,15.027,Yes,N/A,2,N/A,N/A,N/A,N/A,7,N/A,2 7,10,N/A,2 10
2 7 10 12,0.00218621,26.8384,Yes,N/A,2,N/A,N/A,N/A,N/A,7,N/A,2 7,10,N/A,12
2 7 10 11,0.00514403,24.8634,Yes,N/A,2,N/A,N/A,N/A,N/A,7,N/A,2 7,10,11,2 10
2 7 10 11 12,0.000500114,36.6394,Yes,N/A,2,N/A,N/A,N/A,N/A,7,N/A,2 7,10,11,12
2 7 9 12,0.00291495,25.8996,Yes,N/A,2,N/A,N/A,N/A,N/A,7,N/A,9,N/A,2 9,12
2 7 9 11,0.00428669,25.2078,Yes,N/A,2,N/A,N/A,N/A,N/A,7,N/A,9,N/A,11,N/A
2 7 9 11 12,0.000495351,36.579,Yes,N/A,2,N/A,N/A,N/A,N/A,7,N/A,9,N/A,11,12
2 7 9 10,0.0118313,22.4282,Yes,N/A,2,N/A,N/A,N/A,N/A,7,N/A,9,10,2 9,2 10
2 7 9 10 12,0.0011717,34.2028,Yes,N/A,2,N/A,N/A,N/A,N/A,7,N/A,9,10,2 9,12
2 7 9 10 11,0.00217193,32.9844,Yes,N/A,2,N/A,N/A,N/A,N/A,7,N/A,9,10,11,2 10
2 7 9 10 11 12,0.000261965,44.7829,Yes,N/A,2,N/A,N/A,N/A,N/A,7,N/A,9,10,11,12
2 7 8 11,0.010631,21.537,Yes,N/A,2,N/A,N/A,N/A,N/A,7,8,2 7,2 8,11,N/A
2 7 8 11 12,0.00120504,32.7085,Yes,N/A,2,N/A,N/A,N/A,N/A,7,8,2 7,2 8,11,12
2 7 8 10,0.0163323,20.6375,Yes,N/A,2,N/A,N/A,N/A,N/A,7,8,2 7,10,N/A,2 10
2 7 8 10 12,0.00163609,32.3582,Yes,N/A,2,N/A,N/A,N/A,N/A,7,8,2 7,10,N/A,12
2 7 8 10 11,0.00370085,30.074,Yes,N/A,2,N/A,N/A,N/A,N/A,7,8,2 7,10,11,2 10
2 7 8 10 11 12,0.000464392,41.7362,Yes,N/A,2,N/A,N/A,N/A,N/A,7,8,2 7,10,11,12
2 7 8 9 12,0.00269585,30.094,Yes,N/A,2,N/A,N/A,N/A,N/A,7,8,9,2 8,2 9,12
2 7 8 9 11,0.00453437,29.3696,Yes,N/A,2,N/A,N/A,N/A,N/A,7,8,9,2 8,11,N/A
2 7 8 9 11 12,0.000643004,40.413,Yes,N/A,2,N/A,N/A,N/A,N/A,7,8,9,2 8,11,12
2 7 8 9 10,0.00825903,27.4223,Yes,N/A,2,N/A,N/A,N/A,N/A,7,8,9,10,2 9,2 10
2 7 8 9 10 12,0.00104786,39.0741,Yes,N/A,2,N/A,N/A,N/A,N/A,7,8,9,10,2 9,12
2 7 8 9 10 11,0.00197664,37.7351,Yes,N/A,2,N/A,N/A,N/A,N/A,7,8,9,10,11,2 10
2 7 8 9 10 11 12,0.000296364,49.4102,Yes,N/A,2,N/A,N/A,N/A,N/A,7,8,9,10,11,12
1 2 5,0.187757,3.98045,Yes,N/A,2,1 2,N/A,5,1 5,2 5,1 2 5,N/A,N/A,N/A,N/A
1 2 5 12,0.0110168,15.3389,Yes,N/A,2,1 2,N/A,5,1 5,2 5,1 2 5,N/A,N/A,N/A,12
2 5,0.17284,5.20062,Yes,N/A,2,N/A,N/A,5,N/A,2 5,N/A,N/A,N/A,N/A,N/A
1 2 5 11,0.0318073,13.2732,Yes,N/A,2,1 2,N/A,5,1 5,2 5,1 2 5,N/A,N/A,11,1 11
1 2 5 11 12,0.00234816,24.9822,Yes,N/A,2,1 2,N/A,5,1 5,2 5,1 2 5,N/A,N/A,11,12
2 5 12,0.00977366,16.7128,Yes,N/A,2,N/A,N/A,5,N/A,2 5,N/A,N/A,N/A,N/A,12
1 2 5 10,0.0613426,10.9167,Yes,N/A,2,1 2,N/A,5,1 5,2 5,1 2 5,N/A,10,1 10,2 10
1 2 5 10 12,0.00492255,22.4907,Yes,N/A,2,1 2,N/A,5,1 5,2 5,1 2 5,N/A,10,1 10,12
1 2 5 10 11,0.010831,21.0596,Yes,N/A,2,1 2,N/A,5,1 5,2 5,1 2 5,N/A,10,11,2 10
1 2 5 10 11 12,0.00107207,32.7409,Yes,N/A,2,1 2,N/A,5,1 5,2 5,1 2 5,N/A,10,11,12
2 5 11,0.0195473,15.2978,Yes,N/A,2,N/A,N/A,5,N/A,2 5,N/A,N/A,N/A,11,N/A
2 5 11 12,0.00165752,26.7465,Yes,N/A,2,N/A,N/A,5,N/A,2 5,N/A,N/A,N/A,11,12
1 2 5 9,0.0970508,8.40912,Yes,N/A,2,1 2,N/A,5,1 5,2 5,1 2 5,9,1 9,2 9,1 2 9
1 2 5 9 12,0.00806851,19.7946,Yes,N/A,2,1 2,N/A,5,1 5,2 5,1 2 5,9,1 9,2 9,12
2 5 9,0.0514403,11.9767,Yes,N/A,2,N/A,N/A,5,N/A,2 5,N/A,9,N/A,2 9,N/A
1 2 5 9 11,0.018509,18.175,Yes,N/A,2,1 2,N/A,5,1 5,2 5,1 2 5,9,1 9,11,1 11
1 2 5 9 11 12,0.00187133,29.7044,Yes,N/A,2,1 2,N/A,5,1 5,2 5,1 2 5,9,1 9,11,12
1 2 5 9 10,0.0296115,16.6143,Yes,N/A,2,1 2,N/A,5,1 5,2 5,1 2 5,9,10,2 9,2 10
1 2 5 9 10 12,0.0031232,28.0616,Yes,N/A,2,1 2,N/A,5,1 5,2 5,1 2 5,9,10,2 9,12
1 2 5 9 10 11,0.00659251,26.5895,Yes,N/A,2,1 2,N/A,5,1 5,2 5,1 2 5,9,10,11,2 10
1 2 5 9 10 11 12,0.000819852,38.1615,Yes,N/A,2,1 2,N/A,5,1 5,2 5,1 2 5,9,10,11,12
2 5 10,0.0354938,13.57,Yes,N/A,2,N/A,N/A,5,N/A,2 5,N/A,N/A,10,N/A,2 10
2 5 10 12,0.00274348,25.3647,Yes,N/A,2,N/A,N/A,5,N/A,2 5,N/A,N/A,10,N/A,12
2 5 10 11,0.00600137,23.4466,Yes,N/A,2,N/A,N/A,5,N/A,2 5,N/A,N/A,10,11,2 10
2 5 10 11 12,0.000619189,35.2028,Yes,N/A,2,N/A,N/A,5,N/A,2 5,N/A,N/A,10,11,12
1 2 5 8,0.113469,7.46356,Yes,N/A,2,1 2,N/A,5,1 5,2 5,8,1 8,2 8,1 2 8,N/A
1 2 5 8 12,0.00975699,18.4382,Yes,N/A,2,1 2,N/A,5,1 5,2 5,8,1 8,2 8,1 2 8,12
2 5 8,0.0673868,10.518,Yes,N/A,2,N/A,N/A,5,N/A,2 5,8,N/A,2 8,N/A,N/A
1 2 5 8 11,0.0241722,16.5847,Yes,N/A,2,1 2,N/A,5,1 5,2 5,8,1 8,2 8,11,1 11
1 2 5 8 11 12,0.00244077,28.0921,Yes,N/A,2,1 2,N/A,5,1 5,2 5,8,1 8,2 8,11,12
2 5 8 12,0.00568701,21.8254,Yes,N/A,2,N/A,N/A,5,N/A,2 5,8,N/A,2 8,N/A,12
1 2 5 8 10,0.0399806,14.8796,Yes,N/A,2,1 2,N/A,5,1 5,2 5,8,1 8,10,1 10,2 10
1 2 5 8 10 12,0.00424184,26.2815,Yes,N/A,2,1 2,N/A,5,1 5,2 5,8,1 8,10,1 10,12
1 2 5 8 10 11,0.00908859,24.6404,Yes,N/A,2,1 2,N/A,5,1 5,2 5,8,1 8,10,11,2 10
1 2 5 8 10 11 12,0.00113485,36.2028,Yes,N/A,2,1 2,N/A,5,1 5,2 5,8,1 8,10,11,12
1 2 5 8 9,0.0528597,13.4383,Yes,N/A,2,1 2,N/A,5,1 5,2 5,8,9,2 8,2 9,1 2 9
1 2 5 8 9 12,0.00586748,24.6043,Yes,N/A,2,1 2,N/A,5,1 5,2 5,8,9,2 8,2 9,12
2 5 8 9,0.0278921,16.3966,Yes,N/A,2,N/A,N/A,5,N/A,2 5,8,9,2 8,2 9,N/A
1 2 5 8 9 11,0.0133131,22.8396,Yes,N/A,2,1 2,N/A,5,1 5,2 5,8,9,2 8,11,1 11
1 2 5 8 9 11 12,0.0016719,34.3068,Yes,N/A,2,1 2,N/A,5,1 5,2 5,8,9,2 8,11,12
1 2 5 8 9 10,0.0201516,21.3895,Yes,N/A,2,1 2,N/A,5,1 5,2 5,8,9,10,2 9,2 10
1 2 5 8 9 10 12,0.00265559,32.6844,Yes,N/A,2,1 2,N/A,5,1 5,2 5,8,9,10,2 9,12
1 2 5 8 9 10 11,0.00552419,31.1695,Yes,N/A,2,1 2,N/A,5,1 5,2 5,8,9,10,11,2 10
1 2 5 8 9 10 11 12,0.000825285,42.6752,Yes,N/A,2,1 2,N/A,5,1 5,2 5,8,9,10,11,12
2 5 9 12,0.00434385,23.3268,Yes,N/A,2,N/A,N/A,5,N/A,2 5,N/A,9,N/A,2 9,12
2 5 9 11,0.00765889,22.5166,Yes,N/A,2,N/A,N/A,5,N/A,2 5,N/A,9,N/A,11,N/A
2 5 9 11 12,0.000863689,33.8209,Yes,N/A,2,N/A,N/A,5,N/A,2 5,N/A,9,N/A,11,12
2 5 9 10,0.0150892,19.8186,Yes,N/A,2,N/A,N/A,5,N/A,2 5,N/A,9,10,2 9,2 10
2 5 9 10 12,0.00158131,31.4842,Yes,N/A,2,N/A,N/A,5,N/A,2 5,N/A,9,10,2 9,12
2 5 9 10 11,0.00304832,30.1693,Yes,N/A,2,N/A,N/A,5,N/A,2 5,N/A,9,10,11,2 10
2 5 9 10 11 12,0.000396916,41.8297,Yes,N/A,2,N/A,N/A,5,N/A,2 5,N/A,9,10,11,12
1 2 5 7,0.120885,6.74023,Yes,N/A,2,1 2,N/A,5,1 5,7,1 7,2 7,1 2 7,N/A,5 7
1 2 5 7 12,0.0102988,18.0997,Yes,N/A,2,1 2,N/A,5,1 5,7,1 7,2 7,1 2 7,N/A,12
1 2 5 7 11,0.0240841,15.6229,Yes,N/A,2,1 2,N/A,5,1 5,7,1 7,2 7,1 2 7,11,5 7
1 2 5 7 11 12,0.00259424,27.0269,Yes,N/A,2,1 2,N/A,5,1 5,7,1 7,2 7,1 2 7,11,12
2 5 7,0.0570988,10.2109,Yes,N/A,2,N/A,N/A,5,N/A,7,N/A,2 7,N/A,N/A,5 7
2 5 7 12,0.00477966,21.9224,Yes,N/A,2,N/A,N/A,5,N/A,7,N/A,2 7,N/A,N/A,12
1 2 5 7 10,0.0453961,13.569,Yes,N/A,2,1 2,N/A,5,1 5,7,1 7,2 7,10,1 10,2 10
1 2 5 7 10 12,0.00475764,25.0603,Yes,N/A,2,1 2,N/A,5,1 5,7,1 7,2 7,10,1 10,12
1 2 5 7 10 11,0.0103107,23.212,Yes,N/A,2,1 2,N/A,5,1 5,7,1 7,2 7,10,11,2 10
1 2 5 7 10 11 12,0.00129897,34.7616,Yes,N/A,2,1 2,N/A,5,1 5,7,1 7,2 7,10,11,12
2 5 7 11,0.00968793,20.0123,Yes,N/A,2,N/A,N/A,5,N/A,7,N/A,2 7,N/A,11,5 7
2 5 7 11 12,0.0010812,31.6682,Yes,N/A,2,N/A,N/A,5,N/A,7,N/A,2 7,N/A,11,12
1 2 5 7 9,0.0615141,12.0278,Yes,N/A,2,1 2,N/A,5,1 5,7,1 7,9,1 9,2 9,5 7
1 2 5 7 9 12,0.00675631,23.3129,Yes,N/A,2,1 2,N/A,5,1 5,7,1 7,9,1 9,2 9,12
1 2 5 7 9 11,0.0135015,21.7535,Yes,N/A,2,1 2,N/A,5,1 5,7,1 7,9,1 9,11,5 7
1 2 5 7 9 11 12,0.00180901,33.0189,Yes,N/A,2,1 2,N/A,5,1 5,7,1 7,9,1 9,11,12
1 2 5 7 9 10,0.0246769,19.498,Yes,N/A,2,1 2,N/A,5,1 5,7,1 7,9,10,2 9,2 10
1 2 5 7 9 10 12,0.00316936,30.9419,Yes,N/A,2,1 2,N/A,5,1 5,7,1 7,9,10,2 9,12
1 2 5 7 9 10 11,0.00641274,29.2896,Yes,N/A,2,1 2,N/A,5,1 5,7,1 7,9,10,11,2 10
1 2 5 7 9 10 11 12,0.000961748,40.7924,Yes,N/A,2,1 2,N/A,5,1 5,7,1 7,9,10,11,12
1 2 5 7 8,0.0765246,10.7487,Yes,N/A,2,1 2,N/A,5,1 5,7,8,2 7,2 8,1 2 8,5 7
1 2 5 7 8 12,0.00834397,21.9204,Yes,N/A,2,1 2,N/A,5,1 5,7,8,2 7,2 8,1 2 8,12
1 2 5 7 8 11,0.0189567,19.7637,Yes,N/A,2,1 2,N/A,5,1 5,7,8,2 7,2 8,11,5 7
1 2 5 7 8 11 12,0.00248251,31.059,Yes,N/A,2,1 2,N/A,5,1 5,7,8,2 7,2 8,11,12
2 5 7 8,0.0381087,14.5346,Yes,N/A,2,N/A,N/A,5,N/A,7,8,2 7,2 8,N/A,5 7
2 5 7 8 12,0.00392471,26.0731,Yes,N/A,2,N/A,N/A,5,N/A,7,8,2 7,2 8,N/A,12
1 2 5 7 8 10,0.0314679,17.9798,Yes,N/A,2,1 2,N/A,5,1 5,7,8,2 7,10,1 10,2 10
1 2 5 7 8 10 12,0.00409073,29.2824,Yes,N/A,2,1 2,N/A,5,1 5,7,8,2 7,10,1 10,12
1 2 5 7 8 10 11,0.00863534,27.3811,Yes,N/A,2,1 2,N/A,5,1 5,7,8,2 7,10,11,2 10
1 2 5 7 8 10 11 12,0.00130316,38.7907,Yes,N/A,2,1 2,N/A,5,1 5,7,8,2 7,10,11,12
1 2 5 7 8 9,0.0416373,16.4908,Yes,N/A,2,1 2,N/A,5,1 5,7,8,9,2 8,2 9,5 7
1 2 5 7 8 9 12,0.00558084,27.5892,Yes,N/A,2,1 2,N/A,5,1 5,7,8,9,2 8,2 9,12
1 2 5 7 8 9 11,0.0115411,25.8225,Yes,N/A,2,1 2,N/A,5,1 5,7,8,9,2 8,11,5 7
1 2 5 7 8 9 11 12,0.00180326,36.9475,Yes,N/A,2,1 2,N/A,5,1 5,7,8,9,2 8,11,12
1 2 5 7 8 9 10,0.0186658,23.9717,Yes,N/A,2,1 2,N/A,5,1 5,7,8,9,10,2 9,2 10
1 2 5 7 8 9 10 12,0.00287431,35.2349,Yes,N/A,2,1 2,N/A,5,1 5,7,8,9,10,2 9,12
1 2 5 7 8 9 10 11,0.00580268,33.5058,Yes,N/A,2,1 2,N/A,5,1 5,7,8,9,10,11,2 10
1 2 5 7 8 9 10 11 12,0.00101386,44.873,Yes,N/A,2,1 2,N/A,5,1 5,7,8,9,10,11,12
1 2 5 6,0.121378,6.26762,Yes,N/A,2,1 2,N/A,5,6,2 5,2 6,1 2 6,N/A,5 6,1 5 6
1 2 5 6 12,0.0103071,17.6531,Yes,N/A,2,1 2,N/A,5,6,2 5,2 6,1 2 6,N/A,5 6,12
2 5 6,0.0828189,7.91169,Yes,N/A,2,N/A,N/A,5,6,2 5,2 6,N/A,N/A,5 6,N/A
1 2 5 6 11,0.0269014,15.7807,Yes,N/A,2,1 2,N/A,5,6,2 5,2 6,1 2 6,N/A,11,1 11
1 2 5 6 11 12,0.00266265,27.4284,Yes,N/A,2,1 2,N/A,5,6,2 5,2 6,1 2 6,N/A,11,12
1 2 5 6 10,0.0455771,12.9772,Yes,N/A,2,1 2,N/A,5,6,2 5,2 6,1 2 6,10,5 6,2 10
1 2 5 6 10 12,0.00480778,24.3385,Yes,N/A,2,1 2,N/A,5,6,2 5,2 6,1 2 6,10,5 6,12
1 2 5 6 10 11,0.0108793,22.7364,Yes,N/A,2,1 2,N/A,5,6,2 5,2 6,1 2 6,10,11,2 10
1 2 5 6 10 11 12,0.00135942,34.2237,Yes,N/A,2,1 2,N/A,5,6,2 5,2 6,1 2 6,10,11,12
2 5 6 12,0.00697302,19.1603,Yes,N/A,2,N/A,N/A,5,6,2 5,2 6,N/A,N/A,5 6,12
2 5 6 11,0.0136888,18.1741,Yes,N/A,2,N/A,N/A,5,6,2 5,2 6,N/A,N/A,11,N/A
2 5 6 11 12,0.00153686,29.3485,Yes,N/A,2,N/A,N/A,5,6,2 5,2 6,N/A,N/A,11,12
1 2 5 6 9,0.0714782,10.9723,Yes,N/A,2,1 2,N/A,5,6,2 5,2 6,9,1 9,2 9,1 2 9
1 2 5 6 9 12,0.00769409,22.1562,Yes,N/A,2,1 2,N/A,5,6,2 5,2 6,9,1 9,2 9,12
2 5 6 9,0.0357796,14.2537,Yes,N/A,2,N/A,N/A,5,6,2 5,2 6,9,N/A,2 9,N/A
1 2 5 6 9 11,0.0175474,20.2852,Yes,N/A,2,1 2,N/A,5,6,2 5,2 6,9,1 9,11,1 11
1 2 5 6 9 11 12,0.00220015,31.7215,Yes,N/A,2,1 2,N/A,5,6,2 5,2 6,9,1 9,11,12
1 2 5 6 9 10,0.0268346,18.7561,Yes,N/A,2,1 2,N/A,5,6,2 5,2 6,9,10,2 9,2 10
1 2 5 6 9 10 12,0.00347647,29.9818,Yes,N/A,2,1 2,N/A,5,6,2 5,2 6,9,10,2 9,12
1 2 5 6 9 10 11,0.00738315,28.3643,Yes,N/A,2,1 2,N/A,5,6,2 5,2 6,9,10,11,2 10
1 2 5 6 9 10 11 12,0.00110452,39.7823,Yes,N/A,2,1 2,N/A,5,6,2 5,2 6,9,10,11,12
2 5 6 10,0.0265775,15.4413,Yes,N/A,2,N/A,N/A,5,6,2 5,2 6,N/A,10,5 6,2 10
2 5 6 10 12,0.00261965,27.0163,Yes,N/A,2,N/A,N/A,5,6,2 5,2 6,N/A,10,5 6,12
2 5 6 10 11,0.00543934,25.4657,Yes,N/A,2,N/A,N/A,5,6,2 5,2 6,N/A,10,11,2 10
2 5 6 10 11 12,0.000700954,36.9677,Yes,N/A,2,N/A,N/A,5,6,2 5,2 6,N/A,10,11,12
1 2 5 6 8,0.0853219,9.73805,Yes,N/A,2,1 2,N/A,5,6,2 5,8,1 8,2 8,5 6,1 5 6
1 2 5 6 8 12,0.0091687,20.8051,Yes,N/A,2,1 2,N/A,5,6,2 5,8,1 8,2 8,5 6,12
2 5 6 8,0.0454104,13.3383,Yes,N/A,2,N/A,N/A,5,6,2 5,8,N/A,2 8,5 6,N/A
1 2 5 6 8 11,0.021527,18.9637,Yes,N/A,2,1 2,N/A,5,6,2 5,8,1 8,2 8,11,1 11
1 2 5 6 8 11 12,0.0026867,30.3466,Yes,N/A,2,1 2,N/A,5,6,2 5,8,1 8,2 8,11,12
1 2 5 6 8 10,0.0340614,16.831,Yes,N/A,2,1 2,N/A,5,6,2 5,8,1 8,10,5 6,2 10
1 2 5 6 8 10 12,0.00436612,28.0491,Yes,N/A,2,1 2,N/A,5,6,2 5,8,1 8,10,5 6,12
1 2 5 6 8 10 11,0.00950682,26.2286,Yes,N/A,2,1 2,N/A,5,6,2 5,8,1 8,10,11,2 10
1 2 5 6 8 10 11 12,0.00142567,37.557,Yes,N/A,2,1 2,N/A,5,6,2 5,8,1 8,10,11,12
1 2 5 6 8 9,0.0464746,15.4798,Yes,N/A,2,1 2,N/A,5,6,2 5,8,9,2 8,2 9,1 2 9
1 2 5 6 8 9 12,0.0062006,26.4502,Yes,N/A,2,1 2,N/A,5,6,2 5,8,9,2 8,2 9,12
2 5 6 8 9,0.0222368,18.7966,Yes,N/A,2,N/A,N/A,5,6,2 5,8,9,2 8,2 9,N/A
1 2 5 6 8 9 11,0.0136147,24.5171,Yes,N/A,2,1 2,N/A,5,6,2 5,8,9,2 8,11,1 11
1 2 5 6 8 9 11 12,0.00203585,35.8313,Yes,N/A,2,1 2,N/A,5,6,2 5,8,9,2 8,11,12
1 2 5 6 8 9 10,0.0205516,22.7938,Yes,N/A,2,1 2,N/A,5,6,2 5,8,9,10,2 9,2 10
1 2 5 6 8 9 10 12,0.00317536,33.8508,Yes,N/A,2,1 2,N/A,5,6,2 5,8,9,10,2 9,12
1 2 5 6 8 9 10 11,0.00656559,32.1824,Yes,N/A,2,1 2,N/A,5,6,2 5,8,9,10,11,2 10
1 2 5 6 8 9 10 11 12,0.00114546,43.4501,Yes,N/A,2,1 2,N/A,5,6,2 5,8,9,10,11,12
1 2 5 6 7,0.0947955,8.9723,Yes,N/A,2,1 2,N/A,5,6,7,2 6,2 7,1 2 7,5 6,5 7
1 2 5 6 7 12,0.00976348,20.2777,Yes,N/A,2,1 2,N/A,5,6,7,2 6,2 7,1 2 7,5 6,12
1 2 5 6 7 11,0.0222458,18.3289,Yes,N/A,2,1 2,N/A,5,6,7,2 6,2 7,1 2 7,11,5 7
1 2 5 6 7 11 12,0.00279195,29.761,Yes,N/A,2,1 2,N/A,5,6,7,2 6,2 7,1 2 7,11,12
1 2 5 6 7 10,0.0393042,15.8141,Yes,N/A,2,1 2,N/A,5,6,7,2 6,2 7,10,5 6,2 10
1 2 5 6 7 10 12,0.00494887,27.1052,Yes,N/A,2,1 2,N/A,5,6,7,2 6,2 7,10,5 6,12
1 2 5 6 7 10 11,0.0105961,25.4019,Yes,N/A,2,1 2,N/A,5,6,7,2 6,2 7,10,11,2 10
1 2 5 6 7 10 11 12,0.00157954,36.7494,Yes,N/A,2,1 2,N/A,5,6,7,2 6,2 7,10,11,12
2 5 6 7,0.0612569,11.5229,Yes,N/A,2,N/A,N/A,5,6,7,2 6,2 7,N/A,5 6,5 7
2 5 6 7 12,0.00593945,22.9786,Yes,N/A,2,N/A,N/A,5,6,7,2 6,2 7,N/A,5 6,12
2 5 6 7 11,0.0113931,21.5271,Yes,N/A,2,N/A,N/A,5,6,7,2 6,2 7,N/A,11,5 7
2 5 6 7 11 12,0.00144993,32.9376,Yes,N/A,2,N/A,N/A,5,6,7,2 6,2 7,N/A,11,12
1 2 5 6 7 9,0.0559173,13.9194,Yes,N/A,2,1 2,N/A,5,6,7,2 6,9,1 9,2 9,5 7
1 2 5 6 7 9 12,0.0071932,25.1168,Yes,N/A,2,1 2,N/A,5,6,7,2 6,9,1 9,2 9,12
1 2 5 6 7 9 11,0.0151862,23.1107,Yes,N/A,2,1 2,N/A,5,6,7,2 6,9,1 9,11,5 7
1 2 5 6 7 9 11 12,0.00230929,34.3474,Yes,N/A,2,1 2,N/A,5,6,7,2 6,9,1 9,11,12
1 2 5 6 7 9 10,0.0245835,21.2097,Yes,N/A,2,1 2,N/A,5,6,7,2 6,9,10,2 9,2 10
1 2 5 6 7 9 10 12,0.00371113,32.4075,Yes,N/A,2,1 2,N/A,5,6,7,2 6,9,10,2 9,12
1 2 5 6 7 9 10 11,0.00763345,30.5591,Yes,N/A,2,1 2,N/A,5,6,7,2 6,9,10,11,2 10
1 2 5 6 7 9 10 11 12,0.00132617,41.8211,Yes,N/A,2,1 2,N/A,5,6,7,2 6,9,10,11,12
1 2 5 6 7 8,0.0656188,12.9902,Yes,N/A,2,1 2,N/A,5,6,7,8,2 7,2 8,5 6,5 7
1 2 5 6 7 8 12,0.00836714,24.0762,Yes,N/A,2,1 2,N/A,5,6,7,8,2 7,2 8,5 6,12
1 2 5 6 7 8 11,0.0182555,22.1116,Yes,N/A,2,1 2,N/A,5,6,7,8,2 7,2 8,11,5 7
1 2 5 6 7 8 11 12,0.00274152,33.3855,Yes,N/A,2,1 2,N/A,5,6,7,8,2 7,2 8,11,12
1 2 5 6 7 8 10,0.0297963,19.8358,Yes,N/A,2,1 2,N/A,5,6,7,8,2 7,10,5 6,2 10
1 2 5 6 7 8 10 12,0.00448513,30.9444,Yes,N/A,2,1 2,N/A,5,6,7,8,2 7,10,5 6,12
1 2 5 6 7 8 10 11,0.00938245,29.0154,Yes,N/A,2,1 2,N/A,5,6,7,8,2 7,10,11,2 10
1 2 5 6 7 8 10 11 12,0.00163042,40.1928,Yes,N/A,2,1 2,N/A,5,6,7,8,2 7,10,11,12
1 2 5 6 7 8 9,0.0401037,18.2369,Yes,N/A,2,1 2,N/A,5,6,7,8,9,2 8,2 9,5 7
1 2 5 6 7 8 9 12,0.00616527,29.2351,Yes,N/A,2,1 2,N/A,5,6,7,8,9,2 8,2 9,12
1 2 5 6 7 8 9 11,0.0127704,27.2491,Yes,N/A,2,1 2,N/A,5,6,7,8,9,2 8,11,5 7
1 2 5 6 7 8 9 11 12,0.00225008,38.3357,Yes,N/A,2,1 2,N/A,5,6,7,8,9,2 8,11,12
1 2 5 6 7 8 9 10,0.0200402,25.2158,Yes,N/A,2,1 2,N/A,5,6,7,8,9,10,2 9,2 10
1 2 5 6 7 8 9 10 12,0.00352607,36.2411,Yes,N/A,2,1 2,N/A,5,6,7,8,9,10,2 9,12
1 2 5 6 7 8 9 10 11,0.00712229,34.3582,Yes,N/A,2,1 2,N/A,5,6,7,8,9,10,11,2 10
1 2 5 6 7 8 9 10 11 12,0.00141149,45.4719,Yes,N/A,2,1 2,N/A,5,6,7,8,9,10,11,12
2 6 9 12,0.0041438,24.0227,Yes,N/A,2,N/A,N/A,N/A,6,N/A,2 6,9,N/A,2 9,12
2 6 9 11,0.0070016,23.2361,Yes,N/A,2,N/A,N/A,N/A,6,N/A,2 6,9,N/A,11,N/A
2 6 9 11 12,0.000793832,34.5297,Yes,N/A,2,N/A,N/A,N/A,6,N/A,2 6,9,N/A,11,12
2 6 9 10,0.0150034,20.4694,Yes,N/A,2,N/A,N/A,N/A,6,N/A,2 6,9,10,2 9,2 10
2 6 9 10 12,0.00154797,32.1414,Yes,N/A,2,N/A,N/A,N/A,6,N/A,2 6,9,10,2 9,12
2 6 9 10 11,0.00295306,30.8309,Yes,N/A,2,N/A,N/A,N/A,6,N/A,2 6,9,10,11,2 10
2 6 9 10 11 12,0.00037707,42.5033,Yes,N/A,2,N/A,N/A,N/A,6,N/A,2 6,9,10,11,12
2 6 8 11,0.00778749,22.3251,Yes,N/A,2,N/A,N/A,N/A,6,N/A,8,N/A,2 8,11,N/A
2 6 8 11 12,0.000885123,33.6219,Yes,N/A,2,N/A,N/A,N/A,6,N/A,8,N/A,2 8,11,12
2 6 8 10,0.0120027,21.4817,Yes,N/A,2,N/A,N/A,N/A,6,N/A,8,N/A,10,N/A,2 10
2 6 8 10 12,0.00118479,33.3071,Yes,N/A,2,N/A,N/A,N/A,6,N/A,8,N/A,10,N/A,12
2 6 8 10 11,0.00272681,31.1701,Yes,N/A,2,N/A,N/A,N/A,6,N/A,8,N/A,10,11,2 10
2 6 8 10 11 12,0.000337379,42.9576,Yes,N/A,2,N/A,N/A,N/A,6,N/A,8,N/A,10,11,12
2 6 8 9 12,0.00248469,29.7207,Yes,N/A,2,N/A,N/A,N/A,6,N/A,8,9,2 8,2 9,12
2 6 8 9 11,0.00425494,28.9817,Yes,N/A,2,N/A,N/A,N/A,6,N/A,8,9,2 8,11,N/A
2 6 8 9 11 12,0.000601989,40.0698,Yes,N/A,2,N/A,N/A,N/A,6,N/A,8,9,2 8,11,12
2 6 8 9 10,0.00759697,27.0818,Yes,N/A,2,N/A,N/A,N/A,6,N/A,8,9,10,2 9,2 10
2 6 8 9 10 12,0.000972444,38.7477,Yes,N/A,2,N/A,N/A,N/A,6,N/A,8,9,10,2 9,12
2 6 8 9 10 11,0.00184566,37.4234,Yes,N/A,2,N/A,N/A,N/A,6,N/A,8,9,10,11,2 10
2 6 8 9 10 11 12,0.000280046,49.1095,Yes,N/A,2,N/A,N/A,N/A,6,N/A,8,9,10,11,12
2 6 7 10,0.0244342,17.3886,Yes,N/A,2,N/A,N/A,N/A,6,7,2 6,2 7,10,N/A,2 10
2 6 7 10 12,0.00253629,28.9813,Yes,N/A,2,N/A,N/A,N/A,6,7,2 6,2 7,10,N/A,12
2 6 7 10 11,0.00550126,26.602,Yes,N/A,2,N/A,N/A,N/A,6,7,2 6,2 7,10,11,2 10
2 6 7 10 11 12,0.000714449,38.1105,Yes,N/A,2,N/A,N/A,N/A,6,7,2 6,2 7,10,11,12
2 6 7 9 12,0.00338173,27.9397,Yes,N/A,2,N/A,N/A,N/A,6,7,2 6,9,N/A,2 9,12
2 6 7 9 11,0.00590611,27.1608,Yes,N/A,2,N/A,N/A,N/A,6,7,2 6,9,N/A,11,N/A
2 6 7 9 11 12,0.000833524,38.1556,Yes,N/A,2,N/A,N/A,N/A,6,7,2 6,9,N/A,11,12
2 6 7 9 10,0.0118599,23.7581,Yes,N/A,2,N/A,N/A,N/A,6,7,2 6,9,10,2 9,2 10
2 6 7 9 10 12,0.00154797,35.2325,Yes,N/A,2,N/A,N/A,N/A,6,7,2 6,9,10,2 9,12
2 6 7 9 10 11,0.00297687,33.7313,Yes,N/A,2,N/A,N/A,N/A,6,7,2 6,9,10,11,2 10
2 6 7 9 10 11 12,0.000463069,45.1882,Yes,N/A,2,N/A,N/A,N/A,6,7,2 6,9,10,11,12
2 6 7 8 11,0.00816853,24.6098,Yes,N/A,2,N/A,N/A,N/A,6,7,8,2 7,2 8,11,N/A
2 6 7 8 11 12,0.00115106,35.4748,Yes,N/A,2,N/A,N/A,N/A,6,7,8,2 7,2 8,11,12
2 6 7 8 10,0.0124671,23.6707,Yes,N/A,2,N/A,N/A,N/A,6,7,8,2 7,10,N/A,2 10
2 6 7 8 10 12,0.00160751,35.2317,Yes,N/A,2,N/A,N/A,N/A,6,7,8,2 7,10,N/A,12
2 6 7 8 10 11,0.00351271,32.501,Yes,N/A,2,N/A,N/A,N/A,6,7,8,2 7,10,11,2 10
2 6 7 8 10 11 12,0.000544106,43.959,Yes,N/A,2,N/A,N/A,N/A,6,7,8,2 7,10,11,12
2 6 7 8 9 12,0.00250057,32.5396,Yes,N/A,2,N/A,N/A,N/A,6,7,8,9,2 8,2 9,12
2 6 7 8 9 11,0.00440577,31.8066,Yes,N/A,2,N/A,N/A,N/A,6,7,8,9,2 8,11,N/A
2 6 7 8 9 11 12,0.00074532,42.452,Yes,N/A,2,N/A,N/A,N/A,6,7,8,9,2 8,11,12
2 6 7 8 9 10,0.00762079,29.4861,Yes,N/A,2,N/A,N/A,N/A,6,7,8,9,10,2 9,2 10
2 6 7 8 9 10 12,0.00118744,40.9097,Yes,N/A,2,N/A,N/A,N/A,6,7,8,9,10,2 9,12
2 6 7 8 9 10 11,0.00227565,39.3482,Yes,N/A,2,N/A,N/A,N/A,6,7,8,9,10,11,2 10
2 6 7 8 9 10 11 12,0.00041033,50.7773,Yes,N/A,2,N/A,N/A,N/A,6,7,8,9,10,11,12
1 2 4,0.206019,3.79707,Yes,N/A,2,1 2,4,1 4,2 4,1 2 4,N/A,N/A,N/A,N/A,N/A
1 2 4 12,0.0118956,15.195,Yes,N/A,2,1 2,4,1 4,2 4,1 2 4,N/A,N/A,N/A,N/A,12
2 4,0.143519,4.76389,Yes,N/A,2,N/A,4,N/A,2 4,N/A,N/A,N/A,N/A,N/A,N/A
1 2 4 11,0.031893,13.2051,Yes,N/A,2,1 2,4,1 4,2 4,1 2 4,N/A,N/A,N/A,11,1 11
1 2 4 11 12,0.00240055,24.9316,Yes,N/A,2,1 2,4,1 4,2 4,1 2 4,N/A,N/A,N/A,11,12
2 4 12,0.00810185,16.311,Yes,N/A,2,N/A,4,N/A,2 4,N/A,N/A,N/A,N/A,N/A,12
1 2 4 10,0.0588349,10.9504,Yes,N/A,2,1 2,4,1 4,2 4,1 2 4,N/A,N/A,10,1 10,2 10
1 2 4 10 12,0.00474751,22.5531,Yes,N/A,2,1 2,4,1 4,2 4,1 2 4,N/A,N/A,10,1 10,12
1 2 4 10 11,0.0102666,21.1584,Yes,N/A,2,1 2,4,1 4,2 4,1 2 4,N/A,N/A,10,11,2 10
1 2 4 10 11 12,0.00103387,32.8535,Yes,N/A,2,1 2,4,1 4,2 4,1 2 4,N/A,N/A,10,11,12
2 4 11,0.0162037,14.9277,Yes,N/A,2,N/A,4,N/A,2 4,N/A,N/A,N/A,N/A,11,N/A
2 4 11 12,0.00137174,26.4172,Yes,N/A,2,N/A,4,N/A,2 4,N/A,N/A,N/A,N/A,11,12
1 2 4 9,0.0904064,8.5505,Yes,N/A,2,1 2,4,1 4,2 4,1 2 4,N/A,9,1 9,2 9,1 2 9
1 2 4 9 12,0.00752315,19.9917,Yes,N/A,2,1 2,4,1 4,2 4,1 2 4,N/A,9,1 9,2 9,12
2 4 9,0.0416667,11.6898,Yes,N/A,2,N/A,4,N/A,2 4,N/A,N/A,9,N/A,2 9,N/A
1 2 4 9 11,0.0170182,18.4199,Yes,N/A,2,1 2,4,1 4,2 4,1 2 4,N/A,9,1 9,11,1 11
1 2 4 9 11 12,0.00173849,29.9823,Yes,N/A,2,1 2,4,1 4,2 4,1 2 4,N/A,9,1 9,11,12
1 2 4 9 10,0.0268061,16.913,Yes,N/A,2,1 2,4,1 4,2 4,1 2 4,N/A,9,10,2 9,2 10
1 2 4 9 10 12,0.00284728,28.4009,Yes,N/A,2,1 2,4,1 4,2 4,1 2 4,N/A,9,10,2 9,12
1 2 4 9 10 11,0.00597557,26.9603,Yes,N/A,2,1 2,4,1 4,2 4,1 2 4,N/A,9,10,11,2 10
1 2 4 9 10 11 12,0.000753479,38.5523,Yes,N/A,2,1 2,4,1 4,2 4,1 2 4,N/A,9,10,11,12
2 4 10,0.0289352,13.2438,Yes,N/A,2,N/A,4,N/A,2 4,N/A,N/A,N/A,10,N/A,2 10
2 4 10 12,0.00225051,25.0673,Yes,N/A,2,N/A,4,N/A,2 4,N/A,N/A,N/A,10,N/A,12
2 4 10 11,0.00488683,23.2063,Yes,N/A,2,N/A,4,N/A,2 4,N/A,N/A,N/A,10,11,2 10
2 4 10 11 12,0.000507259,34.9966,Yes,N/A,2,N/A,4,N/A,2 4,N/A,N/A,N/A,10,11,12
1 2 4 8,0.125322,6.06835,Yes,N/A,2,1 2,4,1 4,2 4,1 2 4,8,1 8,2 8,1 2 8,4 8
1 2 4 8 12,0.0105346,17.3879,Yes,N/A,2,1 2,4,1 4,2 4,1 2 4,8,1 8,2 8,1 2 8,12
1 2 4 8 11,0.0236983,15.5876,Yes,N/A,2,1 2,4,1 4,2 4,1 2 4,8,1 8,2 8,11,4 8
1 2 4 8 11 12,0.00252369,27.0031,Yes,N/A,2,1 2,4,1 4,2 4,1 2 4,8,1 8,2 8,11,12
2 4 8,0.0559414,9.92155,Yes,N/A,2,N/A,4,N/A,2 4,N/A,8,N/A,2 8,N/A,4 8
2 4 8 12,0.00465106,21.6154,Yes,N/A,2,N/A,4,N/A,2 4,N/A,8,N/A,2 8,N/A,12
1 2 4 8 10,0.0407343,13.752,Yes,N/A,2,1 2,4,1 4,2 4,1 2 4,8,1 8,10,1 10,2 10
1 2 4 8 10 12,0.00432718,25.1799,Yes,N/A,2,1 2,4,1 4,2 4,1 2 4,8,1 8,10,1 10,12
1 2 4 8 10 11,0.0090604,23.478,Yes,N/A,2,1 2,4,1 4,2 4,1 2 4,8,1 8,10,11,2 10
1 2 4 8 10 11 12,0.00115742,34.9618,Yes,N/A,2,1 2,4,1 4,2 4,1 2 4,8,1 8,10,11,12
1 2 4 8 9,0.0544196,12.2417,Yes,N/A,2,1 2,4,1 4,2 4,1 2 4,8,9,2 8,2 9,4 8
1 2 4 8 9 12,0.00591981,23.5049,Yes,N/A,2,1 2,4,1 4,2 4,1 2 4,8,9,2 8,2 9,12
1 2 4 8 9 11,0.0126061,21.7607,Yes,N/A,2,1 2,4,1 4,2 4,1 2 4,8,9,2 8,11,4 8
1 2 4 8 9 11 12,0.00165385,33.0798,Yes,N/A,2,1 2,4,1 4,2 4,1 2 4,8,9,2 8,11,12
1 2 4 8 9 10,0.0202625,20.1033,Yes,N/A,2,1 2,4,1 4,2 4,1 2 4,8,9,10,2 9,2 10
1 2 4 8 9 10 12,0.00264774,31.3977,Yes,N/A,2,1 2,4,1 4,2 4,1 2 4,8,9,10,2 9,12
1 2 4 8 9 10 11,0.00543788,29.7555,Yes,N/A,2,1 2,4,1 4,2 4,1 2 4,8,9,10,11,2 10
1 2 4 8 9 10 11 12,0.000826331,41.1371,Yes,N/A,2,1 2,4,1 4,2 4,1 2 4,8,9,10,11,12
2 4 9 12,0.00351509,23.0885,Yes,N/A,2,N/A,4,N/A,2 4,N/A,N/A,9,N/A,2 9,12
2 4 9 11,0.00625857,22.2911,Yes,N/A,2,N/A,4,N/A,2 4,N/A,N/A,9,N/A,11,N/A
2 4 9 11 12,0.000704923,33.65,Yes,N/A,2,N/A,4,N/A,2 4,N/A,N/A,9,N/A,11,12
2 4 9 10,0.0120885,19.6858,Yes,N/A,2,N/A,4,N/A,2 4,N/A,N/A,9,10,2 9,2 10
2 4 9 10 12,0.00127172,31.3938,Yes,N/A,2,N/A,4,N/A,2 4,N/A,N/A,9,10,2 9,12
2 4 9 10 11,0.0024577,30.1188,Yes,N/A,2,N/A,4,N/A,2 4,N/A,N/A,9,10,11,2 10
2 4 9 10 11 12,0.000321502,41.8264,Yes,N/A,2,N/A,4,N/A,2 4,N/A,N/A,9,10,11,12
1 2 4 7,0.134002,4.94869,Yes,N/A,2,1 2,4,1 4,2 4,7,1 7,2 7,1 2 7,4 7,1 4 7
1 2 4 7 12,0.0113812,16.2254,Yes,N/A,2,1 2,4,1 4,2 4,7,1 7,2 7,1 2 7,4 7,12
2 4 7,0.070216,8.34028,Yes,N/A,2,N/A,4,N/A,2 4,7,N/A,2 7,N/A,4 7,N/A
1 2 4 7 11,0.0279921,14.2957,Yes,N/A,2,1 2,4,1 4,2 4,7,1 7,2 7,1 2 7,11,1 11
1 2 4 7 11 12,0.00284708,25.7797,Yes,N/A,2,1 2,4,1 4,2 4,7,1 7,2 7,1 2 7,11,12
1 2 4 7 10,0.0469607,12.3225,Yes,N/A,2,1 2,4,1 4,2 4,7,1 7,2 7,10,4 7,2 10
1 2 4 7 10 12,0.00490946,23.7247,Yes,N/A,2,1 2,4,1 4,2 4,7,1 7,2 7,10,4 7,12
1 2 4 7 10 11,0.0110668,21.9226,Yes,N/A,2,1 2,4,1 4,2 4,7,1 7,2 7,10,11,2 10
1 2 4 7 10 11 12,0.00138461,33.4215,Yes,N/A,2,1 2,4,1 4,2 4,7,1 7,2 7,10,11,12
2 4 7 12,0.00591564,19.6272,Yes,N/A,2,N/A,4,N/A,2 4,7,N/A,2 7,N/A,4 7,12
2 4 7 11,0.0115741,18.6754,Yes,N/A,2,N/A,4,N/A,2 4,7,N/A,2 7,N/A,11,N/A
2 4 7 11 12,0.0013003,29.8957,Yes,N/A,2,N/A,4,N/A,2 4,7,N/A,2 7,N/A,11,12
1 2 4 7 9,0.069816,10.4737,Yes,N/A,2,1 2,4,1 4,2 4,7,1 7,9,1 9,2 9,1 2 9
1 2 4 7 9 12,0.00753109,21.6025,Yes,N/A,2,1 2,4,1 4,2 4,7,1 7,9,1 9,2 9,12
2 4 7 9,0.0279492,16.0635,Yes,N/A,2,N/A,4,N/A,2 4,7,N/A,9,N/A,2 9,N/A
1 2 4 7 9 11,0.0161434,20.0453,Yes,N/A,2,1 2,4,1 4,2 4,7,1 7,9,1 9,11,1 11
1 2 4 7 9 11 12,0.00206762,31.2993,Yes,N/A,2,1 2,4,1 4,2 4,7,1 7,9,1 9,11,12
1 2 4 7 9 10,0.0263608,18.0054,Yes,N/A,2,1 2,4,1 4,2 4,7,1 7,9,10,2 9,2 10
1 2 4 7 9 10 12,0.00338732,29.2988,Yes,N/A,2,1 2,4,1 4,2 4,7,1 7,9,10,2 9,12
1 2 4 7 9 10 11,0.00702178,27.6774,Yes,N/A,2,1 2,4,1 4,2 4,7,1 7,9,10,11,2 10
1 2 4 7 9 10 11 12,0.00105276,39.0784,Yes,N/A,2,1 2,4,1 4,2 4,7,1 7,9,10,11,12
1 2 4 7 8,0.0888632,8.9254,Yes,N/A,2,1 2,4,1 4,2 4,7,8,2 7,2 8,4 7,4 8
1 2 4 7 8 12,0.0093825,20.1132,Yes,N/A,2,1 2,4,1 4,2 4,7,8,2 7,2 8,4 7,12
1 2 4 7 8 11,0.0213037,18.115,Yes,N/A,2,1 2,4,1 4,2 4,7,8,2 7,2 8,11,4 8
1 2 4 7 8 11 12,0.00271507,29.4416,Yes,N/A,2,1 2,4,1 4,2 4,7,8,2 7,2 8,11,12
1 2 4 7 8 10,0.0344513,16.1859,Yes,N/A,2,1 2,4,1 4,2 4,7,8,2 7,10,4 7,2 10
1 2 4 7 8 10 12,0.00439485,27.4297,Yes,N/A,2,1 2,4,1 4,2 4,7,8,2 7,10,4 7,12
1 2 4 7 8 10 11,0.00949576,25.4753,Yes,N/A,2,1 2,4,1 4,2 4,7,8,2 7,10,11,2 10
1 2 4 7 8 10 11 12,0.00142555,36.7966,Yes,N/A,2,1 2,4,1 4,2 4,7,8,2 7,10,11,12
1 2 4 7 8 9,0.0480602,14.5081,Yes,N/A,2,1 2,4,1 4,2 4,7,8,9,2 8,2 9,4 8
1 2 4 7 8 9 12,0.00626551,25.5522,Yes,N/A,2,1 2,4,1 4,2 4,7,8,9,2 8,2 9,12
1 2 4 7 8 9 11,0.0130964,23.7038,Yes,N/A,2,1 2,4,1 4,2 4,7,8,9,2 8,11,4 8
1 2 4 7 8 9 11 12,0.00200996,34.829,Yes,N/A,2,1 2,4,1 4,2 4,7,8,9,2 8,11,12
1 2 4 7 8 9 10,0.0208359,21.8406,Yes,N/A,2,1 2,4,1 4,2 4,7,8,9,10,2 9,2 10
1 2 4 7 8 9 10 12,0.003177,32.9374,Yes,N/A,2,1 2,4,1 4,2 4,7,8,9,10,2 9,12
1 2 4 7 8 9 10 11,0.0064877,31.159,Yes,N/A,2,1 2,4,1 4,2 4,7,8,9,10,11,2 10
1 2 4 7 8 9 10 11 12,0.00113261,42.3892,Yes,N/A,2,1 2,4,1 4,2 4,7,8,9,10,11,12
2 4 8 11,0.00943073,19.6898,Yes,N/A,2,N/A,4,N/A,2 4,N/A,8,N/A,2 8,11,4 8
2 4 8 11 12,0.00104548,31.3259,Yes,N/A,2,N/A,4,N/A,2 4,N/A,8,N/A,2 8,11,12
2 4 8 10,0.014982,19.107,Yes,N/A,2,N/A,4,N/A,2 4,N/A,8,N/A,10,N/A,2 10
2 4 8 10 12,0.00150034,30.8935,Yes,N/A,2,N/A,4,N/A,2 4,N/A,8,N/A,10,N/A,12
2 4 8 10 11,0.00332219,28.7164,Yes,N/A,2,N/A,4,N/A,2 4,N/A,8,N/A,10,11,2 10
2 4 8 10 11 12,0.000420533,40.4565,Yes,N/A,2,N/A,4,N/A,2 4,N/A,8,N/A,10,11,12
2 4 8 9,0.0258059,15.9195,Yes,N/A,2,N/A,4,N/A,2 4,N/A,8,9,2 8,2 9,4 8
2 4 8 9 12,0.00264822,27.4797,Yes,N/A,2,N/A,4,N/A,2 4,N/A,8,9,2 8,2 9,12
2 4 8 9 11,0.00492494,26.1739,Yes,N/A,2,N/A,4,N/A,2 4,N/A,8,9,2 8,11,4 8
2 4 8 9 11 12,0.000661262,37.6719,Yes,N/A,2,N/A,4,N/A,2 4,N/A,8,9,2 8,11,12
2 4 8 9 10,0.00844479,24.6553,Yes,N/A,2,N/A,4,N/A,2 4,N/A,8,9,10,2 9,2 10
2 4 8 9 10 12,0.0010554,36.3009,Yes,N/A,2,N/A,4,N/A,2 4,N/A,8,9,10,2 9,12
2 4 8 9 10 11,0.00207984,34.8139,Yes,N/A,2,N/A,4,N/A,2 4,N/A,8,9,10,11,2 10
2 4 8 9 10 11 12,0.000317467,46.4356,Yes,N/A,2,N/A,4,N/A,2 4,N/A,8,9,10,11,12
1 2 4 6,0.129565,4.30888,Yes,N/A,2,1 2,4,1 4,6,1 6,2 6,1 2 6,4 6,1 4 6,2 4 6
1 2 4 6 12,0.0107918,15.6078,Yes,N/A,2,1 2,4,1 4,6,1 6,2 6,1 2 6,4 6,1 4 6,12
1 2 4 6 11,0.0251307,13.7959,Yes,N/A,2,1 2,4,1 4,6,1 6,2 6,1 2 6,4 6,11,2 4 6
1 2 4 6 11 12,0.00263483,25.1815,Yes,N/A,2,1 2,4,1 4,6,1 6,2 6,1 2 6,4 6,11,12
2 4 6,0.0767747,8.04938,Yes,N/A,2,N/A,4,N/A,6,N/A,2 6,N/A,4 6,N/A,2 4 6
2 4 6 12,0.00490826,19.7413,Yes,N/A,2,N/A,4,N/A,6,N/A,2 6,N/A,4 6,N/A,12
1 2 4 6 10,0.0473037,11.7615,Yes,N/A,2,1 2,4,1 4,6,1 6,2 6,1 2 6,10,1 10,2 10
1 2 4 6 10 12,0.00479455,23.1896,Yes,N/A,2,1 2,4,1 4,6,1 6,2 6,1 2 6,10,1 10,12
1 2 4 6 10 11,0.0103366,21.4394,Yes,N/A,2,1 2,4,1 4,6,1 6,2 6,1 2 6,10,11,2 10
1 2 4 6 10 11 12,0.00128601,32.9247,Yes,N/A,2,1 2,4,1 4,6,1 6,2 6,1 2 6,10,11,12
1 2 4 6 9,0.0692944,9.8686,Yes,N/A,2,1 2,4,1 4,6,1 6,2 6,9,4 6,2 9,2 4 6
1 2 4 6 9 12,0.00724809,21.0111,Yes,N/A,2,1 2,4,1 4,6,1 6,2 6,9,4 6,2 9,12
1 2 4 6 9 11,0.0148975,19.5371,Yes,N/A,2,1 2,4,1 4,6,1 6,2 6,9,4 6,11,2 4 6
1 2 4 6 9 11 12,0.00191148,30.7583,Yes,N/A,2,1 2,4,1 4,6,1 6,2 6,9,4 6,11,12
1 2 4 6 9 10,0.0258757,17.4218,Yes,N/A,2,1 2,4,1 4,6,1 6,2 6,9,10,2 9,2 10
1 2 4 6 9 10 12,0.00329464,28.6831,Yes,N/A,2,1 2,4,1 4,6,1 6,2 6,9,10,2 9,12
1 2 4 6 9 10 11,0.00672125,27.0323,Yes,N/A,2,1 2,4,1 4,6,1 6,2 6,9,10,11,2 10
1 2 4 6 9 10 11 12,0.00100371,38.4192,Yes,N/A,2,1 2,4,1 4,6,1 6,2 6,9,10,11,12
2 4 6 11,0.0113597,17.8361,Yes,N/A,2,N/A,4,N/A,6,N/A,2 6,N/A,4 6,11,2 4 6
2 4 6 11 12,0.00105977,29.47,Yes,N/A,2,N/A,4,N/A,6,N/A,2 6,N/A,4 6,11,12
2 4 6 10,0.0183899,17.1757,Yes,N/A,2,N/A,4,N/A,6,N/A,2 6,N/A,10,N/A,2 10
2 4 6 10 12,0.00163252,28.9588,Yes,N/A,2,N/A,4,N/A,6,N/A,2 6,N/A,10,N/A,12
2 4 6 10 11,0.00386517,26.7913,Yes,N/A,2,N/A,4,N/A,6,N/A,2 6,N/A,10,11,2 10
2 4 6 10 11 12,0.000447721,38.5278,Yes,N/A,2,N/A,4,N/A,6,N/A,2 6,N/A,10,11,12
1 2 4 6 8,0.0920996,8.2313,Yes,N/A,2,1 2,4,1 4,6,1 6,8,1 8,2 8,1 2 8,4 8
1 2 4 6 8 12,0.00946943,19.4573,Yes,N/A,2,1 2,4,1 4,6,1 6,8,1 8,2 8,1 2 8,12
1 2 4 6 8 11,0.0206233,17.3591,Yes,N/A,2,1 2,4,1 4,6,1 6,8,1 8,2 8,11,4 8
1 2 4 6 8 11 12,0.00262156,28.6388,Yes,N/A,2,1 2,4,1 4,6,1 6,8,1 8,2 8,11,12
2 4 6 8,0.0363083,14.7384,Yes,N/A,2,N/A,4,N/A,6,N/A,8,N/A,2 8,N/A,4 8
2 4 6 8 12,0.00329956,26.4628,Yes,N/A,2,N/A,4,N/A,6,N/A,8,N/A,2 8,N/A,12
1 2 4 6 8 10,0.033828,15.9615,Yes,N/A,2,1 2,4,1 4,6,1 6,8,1 8,10,1 10,2 10
1 2 4 6 8 10 12,0.00414218,27.4187,Yes,N/A,2,1 2,4,1 4,6,1 6,8,1 8,10,1 10,12
1 2 4 6 8 10 11,0.00891343,25.12,Yes,N/A,2,1 2,4,1 4,6,1 6,8,1 8,10,11,2 10
1 2 4 6 8 10 11 12,0.00130476,36.5613,Yes,N/A,2,1 2,4,1 4,6,1 6,8,1 8,10,11,12
1 2 4 6 8 9,0.0504282,13.4197,Yes,N/A,2,1 2,4,1 4,6,1 6,8,9,2 8,2 9,4 8
1 2 4 6 8 9 12,0.00641096,24.4985,Yes,N/A,2,1 2,4,1 4,6,1 6,8,9,2 8,2 9,12
1 2 4 6 8 9 11,0.0128405,22.831,Yes,N/A,2,1 2,4,1 4,6,1 6,8,9,2 8,11,4 8
1 2 4 6 8 9 11 12,0.00195134,33.9428,Yes,N/A,2,1 2,4,1 4,6,1 6,8,9,2 8,11,12
1 2 4 6 8 9 10,0.0208545,20.9187,Yes,N/A,2,1 2,4,1 4,6,1 6,8,9,10,2 9,2 10
1 2 4 6 8 9 10 12,0.00310329,32.1597,Yes,N/A,2,1 2,4,1 4,6,1 6,8,9,10,2 9,12
1 2 4 6 8 9 10 11,0.006243,30.2921,Yes,N/A,2,1 2,4,1 4,6,1 6,8,9,10,11,2 10
1 2 4 6 8 9 10 11 12,0.00107441,41.5728,Yes,N/A,2,1 2,4,1 4,6,1 6,8,9,10,11,12
1 2 4 6 7,0.11667,6.74003,Yes,N/A,2,1 2,4,1 4,6,7,2 6,2 7,4 6,4 7,2 4 6
1 2 4 6 7 12,0.0117757,17.7832,Yes,N/A,2,1 2,4,1 4,6,7,2 6,2 7,4 6,4 7,12
1 2 4 6 7 11,0.0265694,15.9171,Yes,N/A,2,1 2,4,1 4,6,7,2 6,2 7,4 6,11,2 4 6
1 2 4 6 7 11 12,0.00327939,27.0974,Yes,N/A,2,1 2,4,1 4,6,7,2 6,2 7,4 6,11,12
1 2 4 6 7 10,0.044687,13.8265,Yes,N/A,2,1 2,4,1 4,6,7,2 6,2 7,10,4 7,2 10
1 2 4 6 7 10 12,0.00549491,25.0082,Yes,N/A,2,1 2,4,1 4,6,7,2 6,2 7,10,4 7,12
1 2 4 6 7 10 11,0.0117253,23.1542,Yes,N/A,2,1 2,4,1 4,6,7,2 6,2 7,10,11,2 10
1 2 4 6 7 10 11 12,0.00171523,34.4182,Yes,N/A,2,1 2,4,1 4,6,7,2 6,2 7,10,11,12
1 2 4 6 7 9,0.062727,11.9718,Yes,N/A,2,1 2,4,1 4,6,7,2 6,9,4 6,2 9,2 4 6
1 2 4 6 7 9 12,0.00794218,22.8694,Yes,N/A,2,1 2,4,1 4,6,7,2 6,9,4 6,2 9,12
1 2 4 6 7 9 11,0.0160939,21.2854,Yes,N/A,2,1 2,4,1 4,6,7,2 6,9,4 6,11,2 4 6
1 2 4 6 7 9 11 12,0.00242146,32.2431,Yes,N/A,2,1 2,4,1 4,6,7,2 6,9,4 6,11,12
1 2 4 6 7 9 10,0.0265537,18.9635,Yes,N/A,2,1 2,4,1 4,6,7,2 6,9,10,2 9,2 10
1 2 4 6 7 9 10 12,0.00395989,30.0129,Yes,N/A,2,1 2,4,1 4,6,7,2 6,9,10,2 9,12
1 2 4 6 7 9 10 11,0.00806386,28.1404,Yes,N/A,2,1 2,4,1 4,6,7,2 6,9,10,11,2 10
1 2 4 6 7 9 10 11 12,0.00138436,39.2701,Yes,N/A,2,1 2,4,1 4,6,7,2 6,9,10,11,12
1 2 4 6 7 8,0.0810178,10.2934,Yes,N/A,2,1 2,4,1 4,6,7,8,2 7,2 8,4 7,4 8
1 2 4 6 7 8 12,0.0101161,21.1982,Yes,N/A,2,1 2,4,1 4,6,7,8,2 7,2 8,4 7,12
1 2 4 6 7 8 11,0.0217603,19.1097,Yes,N/A,2,1 2,4,1 4,6,7,8,2 7,2 8,11,4 8
1 2 4 6 7 8 11 12,0.00322128,30.1357,Yes,N/A,2,1 2,4,1 4,6,7,8,2 7,2 8,11,12
1 2 4 6 7 8 10,0.0340623,17.2863,Yes,N/A,2,1 2,4,1 4,6,7,8,2 7,10,4 7,2 10
1 2 4 6 7 8 10 12,0.00497104,28.3994,Yes,N/A,2,1 2,4,1 4,6,7,8,2 7,10,4 7,12
1 2 4 6 7 8 10 11,0.0104809,26.1064,Yes,N/A,2,1 2,4,1 4,6,7,8,2 7,10,11,2 10
1 2 4 6 7 8 10 11 12,0.00178317,37.2244,Yes,N/A,2,1 2,4,1 4,6,7,8,2 7,10,11,12
1 2 4 6 7 8 9,0.0474502,15.228,Yes,N/A,2,1 2,4,1 4,6,7,8,9,2 8,2 9,4 8
1 2 4 6 7 8 9 12,0.00716098,25.9721,Yes,N/A,2,1 2,4,1 4,6,7,8,9,2 8,2 9,12
1 2 4 6 7 8 9 11,0.014367,24.1597,Yes,N/A,2,1 2,4,1 4,6,7,8,9,2 8,11,4 8
1 2 4 6 7 8 9 11 12,0.00250892,34.943,Yes,N/A,2,1 2,4,1 4,6,7,8,9,2 8,11,12
1 2 4 6 7 8 9 10,0.0225214,22.0359,Yes,N/A,2,1 2,4,1 4,6,7,8,9,10,2 9,2 10
1 2 4 6 7 8 9 10 12,0.0038867,32.9487,Yes,N/A,2,1 2,4,1 4,6,7,8,9,10,2 9,12
1 2 4 6 7 8 9 10 11,0.00779471,30.9019,Yes,N/A,2,1 2,4,1 4,6,7,8,9,10,11,2 10
1 2 4 6 7 8 9 10 11 12,0.00152522,41.8647,Yes,N/A,2,1 2,4,1 4,6,7,8,9,10,11,12
1 2 4 5,0.149949,3.66165,Yes,N/A,2,1 2,4,5,2 4,2 5,1 2 5,4 5,1 4 5,2 4 5,1 2 4 5
1 2 4 5 12,0.0108525,15.0057,Yes,N/A,2,1 2,4,5,2 4,2 5,1 2 5,4 5,1 4 5,2 4 5,12
2 4 5,0.121914,5.96348,Yes,N/A,2,N/A,4,5,2 4,2 5,N/A,4 5,N/A,2 4 5,N/A
1 2 4 5 11,0.0283065,13.0334,Yes,N/A,2,1 2,4,5,2 4,2 5,1 2 5,4 5,1 4 5,11,1 11
1 2 4 5 11 12,0.00264426,24.6316,Yes,N/A,2,1 2,4,5,2 4,2 5,1 2 5,4 5,1 4 5,11,12
1 2 4 5 10,0.0484396,11.2187,Yes,N/A,2,1 2,4,5,2 4,2 5,1 2 5,4 5,10,2 4 5,2 10
1 2 4 5 10 12,0.00476835,22.569,Yes,N/A,2,1 2,4,5,2 4,2 5,1 2 5,4 5,10,2 4 5,12
1 2 4 5 10 11,0.0108025,20.8997,Yes,N/A,2,1 2,4,5,2 4,2 5,1 2 5,4 5,10,11,2 10
1 2 4 5 10 11 12,0.00128869,32.4158,Yes,N/A,2,1 2,4,5,2 4,2 5,1 2 5,4 5,10,11,12
2 4 5 12,0.00865912,17.2133,Yes,N/A,2,N/A,4,5,2 4,2 5,N/A,4 5,N/A,2 4 5,12
2 4 5 11,0.0142318,16.2077,Yes,N/A,2,N/A,4,5,2 4,2 5,N/A,4 5,N/A,11,N/A
2 4 5 11 12,0.00150511,27.3824,Yes,N/A,2,N/A,4,5,2 4,2 5,N/A,4 5,N/A,11,12
1 2 4 5 9,0.0753887,9.32422,Yes,N/A,2,1 2,4,5,2 4,2 5,1 2 5,9,1 9,2 9,1 2 9
1 2 4 5 9 12,0.0076319,20.4754,Yes,N/A,2,1 2,4,5,2 4,2 5,1 2 5,9,1 9,2 9,12
2 4 5 9,0.0366941,13.5228,Yes,N/A,2,N/A,4,5,2 4,2 5,N/A,9,N/A,2 9,N/A
1 2 4 5 9 11,0.0167808,18.5845,Yes,N/A,2,1 2,4,5,2 4,2 5,1 2 5,9,1 9,11,1 11
1 2 4 5 9 11 12,0.00205424,29.9545,Yes,N/A,2,1 2,4,5,2 4,2 5,1 2 5,9,1 9,11,12
1 2 4 5 9 10,0.0254304,17.2937,Yes,N/A,2,1 2,4,5,2 4,2 5,1 2 5,9,10,2 9,2 10
1 2 4 5 9 10 12,0.00322938,28.4108,Yes,N/A,2,1 2,4,5,2 4,2 5,1 2 5,9,10,2 9,12
1 2 4 5 9 10 11,0.00673851,26.7633,Yes,N/A,2,1 2,4,5,2 4,2 5,1 2 5,9,10,11,2 10
1 2 4 5 9 10 11 12,0.000996844,38.0908,Yes,N/A,2,1 2,4,5,2 4,2 5,1 2 5,9,10,11,12
1 2 4 5 8,0.102409,7.51805,Yes,N/A,2,1 2,4,5,2 4,2 5,8,4 5,2 8,2 4 5,4 8
1 2 4 5 8 12,0.0100541,18.7217,Yes,N/A,2,1 2,4,5,2 4,2 5,8,4 5,2 8,2 4 5,12
1 2 4 5 8 11,0.0235085,16.5305,Yes,N/A,2,1 2,4,5,2 4,2 5,8,4 5,2 8,11,4 8
1 2 4 5 8 11 12,0.00282045,27.9279,Yes,N/A,2,1 2,4,5,2 4,2 5,8,4 5,2 8,11,12
1 2 4 5 8 10,0.0378378,14.6975,Yes,N/A,2,1 2,4,5,2 4,2 5,8,4 5,10,2 4 5,2 10
1 2 4 5 8 10 12,0.00461413,25.915,Yes,N/A,2,1 2,4,5,2 4,2 5,8,4 5,10,2 4 5,12
1 2 4 5 8 10 11,0.0100199,23.967,Yes,N/A,2,1 2,4,5,2 4,2 5,8,4 5,10,11,2 10
1 2 4 5 8 10 11 12,0.00144362,35.3238,Yes,N/A,2,1 2,4,5,2 4,2 5,8,4 5,10,11,12
1 2 4 5 8 9,0.0513451,13.3485,Yes,N/A,2,1 2,4,5,2 4,2 5,8,9,2 8,2 9,4 8
1 2 4 5 8 9 12,0.00635741,24.5079,Yes,N/A,2,1 2,4,5,2 4,2 5,8,9,2 8,2 9,12
1 2 4 5 8 9 11,0.0139342,22.1914,Yes,N/A,2,1 2,4,5,2 4,2 5,8,9,2 8,11,4 8
1 2 4 5 8 9 11 12,0.00204121,33.486,Yes,N/A,2,1 2,4,5,2 4,2 5,8,9,2 8,11,12
1 2 4 5 8 9 10,0.0214028,20.5609,Yes,N/A,2,1 2,4,5,2 4,2 5,8,9,10,2 9,2 10
1 2 4 5 8 9 10 12,0.00320166,31.5904,Yes,N/A,2,1 2,4,5,2 4,2 5,8,9,10,2 9,12
1 2 4 5 8 9 10 11,0.00661853,29.6973,Yes,N/A,2,1 2,4,5,2 4,2 5,8,9,10,11,2 10
1 2 4 5 8 9 10 11 12,0.00113628,40.896,Yes,N/A,2,1 2,4,5,2 4,2 5,8,9,10,11,12
2 4 5 10,0.0336934,13.513,Yes,N/A,2,N/A,4,5,2 4,2 5,N/A,4 5,10,2 4 5,2 10
2 4 5 10 12,0.0029864,25.08,Yes,N/A,2,N/A,4,5,2 4,2 5,N/A,4 5,10,2 4 5,12
2 4 5 10 11,0.00588706,23.4809,Yes,N/A,2,N/A,4,5,2 4,2 5,N/A,4 5,10,11,2 10
2 4 5 10 11 12,0.000690634,35.0085,Yes,N/A,2,N/A,4,5,2 4,2 5,N/A,4 5,10,11,12
2 4 5 9 12,0.00375324,24.6227,Yes,N/A,2,N/A,4,5,2 4,2 5,N/A,9,N/A,2 9,12
2 4 5 9 11,0.00613474,23.8192,Yes,N/A,2,N/A,4,5,2 4,2 5,N/A,9,N/A,11,N/A
2 4 5 9 11 12,0.000828761,34.8407,Yes,N/A,2,N/A,4,5,2 4,2 5,N/A,9,N/A,11,12
2 4 5 9 10,0.0129744,20.6081,Yes,N/A,2,N/A,4,5,2 4,2 5,N/A,9,10,2 9,2 10
2 4 5 9 10 12,0.00159084,32.0143,Yes,N/A,2,N/A,4,5,2 4,2 5,N/A,9,10,2 9,12
2 4 5 9 10 11,0.00290543,30.6063,Yes,N/A,2,N/A,4,5,2 4,2 5,N/A,9,10,11,2 10
2 4 5 9 10 11 12,0.000439254,41.9758,Yes,N/A,2,N/A,4,5,2 4,2 5,N/A,9,10,11,12
1 2 4 5 7,0.128408,6.12131,Yes,N/A,2,1 2,4,5,2 4,7,1 7,2 7,1 2 7,4 7,5 7
1 2 4 5 7 12,0.0125029,17.2708,Yes,N/A,2,1 2,4,5,2 4,7,1 7,2 7,1 2 7,4 7,12
1 2 4 5 7 11,0.0275182,15.3125,Yes,N/A,2,1 2,4,5,2 4,7,1 7,2 7,1 2 7,11,5 7
1 2 4 5 7 11 12,0.00334931,26.5446,Yes,N/A,2,1 2,4,5,2 4,7,1 7,2 7,1 2 7,11,12
1 2 4 5 7 10,0.0491696,12.825,Yes,N/A,2,1 2,4,5,2 4,7,1 7,2 7,10,4 7,2 10
1 2 4 5 7 10 12,0.00585178,24.0601,Yes,N/A,2,1 2,4,5,2 4,7,1 7,2 7,10,4 7,12
1 2 4 5 7 10 11,0.0124945,22.178,Yes,N/A,2,1 2,4,5,2 4,7,1 7,2 7,10,11,2 10
1 2 4 5 7 10 11 12,0.00178291,33.4995,Yes,N/A,2,1 2,4,5,2 4,7,1 7,2 7,10,11,12
2 4 5 7,0.0716307,10.6312,Yes,N/A,2,N/A,4,5,2 4,7,N/A,2 7,N/A,4 7,5 7
2 4 5 7 12,0.00657293,22.1161,Yes,N/A,2,N/A,4,5,2 4,7,N/A,2 7,N/A,4 7,12
2 4 5 7 11,0.0121742,20.7458,Yes,N/A,2,N/A,4,5,2 4,7,N/A,2 7,N/A,11,5 7
2 4 5 7 11 12,0.00148566,32.191,Yes,N/A,2,N/A,4,5,2 4,7,N/A,2 7,N/A,11,12
1 2 4 5 7 9,0.0677591,11.1782,Yes,N/A,2,1 2,4,5,2 4,7,1 7,9,1 9,2 9,5 7
1 2 4 5 7 9 12,0.0084191,22.2021,Yes,N/A,2,1 2,4,5,2 4,7,1 7,9,1 9,2 9,12
1 2 4 5 7 9 11,0.0167826,20.4398,Yes,N/A,2,1 2,4,5,2 4,7,1 7,9,1 9,11,5 7
1 2 4 5 7 9 11 12,0.00251241,31.4784,Yes,N/A,2,1 2,4,5,2 4,7,1 7,9,1 9,11,12
1 2 4 5 7 9 10,0.028134,18.0385,Yes,N/A,2,1 2,4,5,2 4,7,1 7,9,10,2 9,2 10
1 2 4 5 7 9 10 12,0.00413722,29.0957,Yes,N/A,2,1 2,4,5,2 4,7,1 7,9,10,2 9,12
1 2 4 5 7 9 10 11,0.00825261,27.2933,Yes,N/A,2,1 2,4,5,2 4,7,1 7,9,10,11,2 10
1 2 4 5 7 9 10 11 12,0.00141196,38.4066,Yes,N/A,2,1 2,4,5,2 4,7,1 7,9,10,11,12
1 2 4 5 7 8,0.0882999,9.58757,Yes,N/A,2,1 2,4,5,2 4,7,8,2 7,2 8,4 7,4 8
1 2 4 5 7 8 12,0.0106952,20.6586,Yes,N/A,2,1 2,4,5,2 4,7,8,2 7,2 8,4 7,12
1 2 4 5 7 8 11,0.0232209,18.3949,Yes,N/A,2,1 2,4,5,2 4,7,8,2 7,2 8,11,4 8
1 2 4 5 7 8 11 12,0.00337269,29.561,Yes,N/A,2,1 2,4,5,2 4,7,8,2 7,2 8,11,12
1 2 4 5 7 8 10,0.0375638,16.1626,Yes,N/A,2,1 2,4,5,2 4,7,8,2 7,10,4 7,2 10
1 2 4 5 7 8 10 12,0.00540741,27.2339,Yes,N/A,2,1 2,4,5,2 4,7,8,2 7,10,4 7,12
1 2 4 5 7 8 10 11,0.0113447,25.1458,Yes,N/A,2,1 2,4,5,2 4,7,8,2 7,10,11,2 10
1 2 4 5 7 8 10 11 12,0.0019043,36.2794,Yes,N/A,2,1 2,4,5,2 4,7,8,2 7,10,11,12
1 2 4 5 7 8 9,0.0499348,14.5848,Yes,N/A,2,1 2,4,5,2 4,7,8,9,2 8,2 9,4 8
1 2 4 5 7 8 9 12,0.00736394,25.5279,Yes,N/A,2,1 2,4,5,2 4,7,8,9,2 8,2 9,12
1 2 4 5 7 8 9 11,0.015046,23.262,Yes,N/A,2,1 2,4,5,2 4,7,8,9,2 8,11,4 8
1 2 4 5 7 8 9 11 12,0.00259645,34.214,Yes,N/A,2,1 2,4,5,2 4,7,8,9,2 8,11,12
1 2 4 5 7 8 9 10,0.0239184,21.0692,Yes,N/A,2,1 2,4,5,2 4,7,8,9,10,2 9,2 10
1 2 4 5 7 8 9 10 12,0.00409183,31.9409,Yes,N/A,2,1 2,4,5,2 4,7,8,9,10,2 9,12
1 2 4 5 7 8 9 10 11,0.00821242,29.8601,Yes,N/A,2,1 2,4,5,2 4,7,8,9,10,11,2 10
1 2 4 5 7 8 9 10 11 12,0.00160129,40.7907,Yes,N/A,2,1 2,4,5,2 4,7,8,9,10,11,12
1 2 4 5 6,0.142772,5.35347,Yes,N/A,2,1 2,4,5,6,2 5,2 6,4 5,4 6,5 6,2 4 6
1 2 4 5 6 12,0.0135012,16.4001,Yes,N/A,2,1 2,4,5,6,2 5,2 6,4 5,4 6,5 6,12
1 2 4 5 6 11,0.0316404,14.4367,Yes,N/A,2,1 2,4,5,6,2 5,2 6,4 5,4 6,11,2 4 6
1 2 4 5 6 11 12,0.00365722,25.7018,Yes,N/A,2,1 2,4,5,6,2 5,2 6,4 5,4 6,11,12
1 2 4 5 6 10,0.0517089,12.5309,Yes,N/A,2,1 2,4,5,6,2 5,2 6,4 5,10,5 6,2 10
1 2 4 5 6 10 12,0.00607173,23.65,Yes,N/A,2,1 2,4,5,6,2 5,2 6,4 5,10,5 6,12
1 2 4 5 6 10 11,0.0132389,21.8714,Yes,N/A,2,1 2,4,5,6,2 5,2 6,4 5,10,11,2 10
1 2 4 5 6 10 11 12,0.00183671,33.176,Yes,N/A,2,1 2,4,5,6,2 5,2 6,4 5,10,11,12
1 2 4 5 6 9,0.0706729,10.8467,Yes,N/A,2,1 2,4,5,6,2 5,2 6,9,4 6,2 9,2 4 6
1 2 4 5 6 9 12,0.00867103,21.7025,Yes,N/A,2,1 2,4,5,6,2 5,2 6,9,4 6,2 9,12
1 2 4 5 6 9 11,0.0182394,19.8671,Yes,N/A,2,1 2,4,5,6,2 5,2 6,9,4 6,11,2 4 6
1 2 4 5 6 9 11 12,0.00264247,30.9194,Yes,N/A,2,1 2,4,5,6,2 5,2 6,9,4 6,11,12
1 2 4 5 6 9 10,0.0274533,18.3683,Yes,N/A,2,1 2,4,5,6,2 5,2 6,9,10,2 9,2 10
1 2 4 5 6 9 10 12,0.00404815,29.2308,Yes,N/A,2,1 2,4,5,6,2 5,2 6,9,10,2 9,12
1 2 4 5 6 9 10 11,0.00829072,27.4755,Yes,N/A,2,1 2,4,5,6,2 5,2 6,9,10,11,2 10
1 2 4 5 6 9 10 11 12,0.00139967,38.5722,Yes,N/A,2,1 2,4,5,6,2 5,2 6,9,10,11,12
1 2 4 5 6 8,0.0986449,8.43574,Yes,N/A,2,1 2,4,5,6,2 5,8,4 5,2 8,5 6,4 8
1 2 4 5 6 8 12,0.0117351,19.414,Yes,N/A,2,1 2,4,5,6,2 5,8,4 5,2 8,5 6,12
1 2 4 5 6 8 11,0.0256208,17.3739,Yes,N/A,2,1 2,4,5,6,2 5,8,4 5,2 8,11,4 8
1 2 4 5 6 8 11 12,0.00362069,28.4908,Yes,N/A,2,1 2,4,5,6,2 5,8,4 5,2 8,11,12
1 2 4 5 6 8 10,0.0401476,15.3627,Yes,N/A,2,1 2,4,5,6,2 5,8,4 5,10,5 6,2 10
1 2 4 5 6 8 10 12,0.0056444,26.446,Yes,N/A,2,1 2,4,5,6,2 5,8,4 5,10,5 6,12
1 2 4 5 6 8 10 11,0.0119567,24.3575,Yes,N/A,2,1 2,4,5,6,2 5,8,4 5,10,11,2 10
1 2 4 5 6 8 10 11 12,0.00195761,35.4969,Yes,N/A,2,1 2,4,5,6,2 5,8,4 5,10,11,12
1 2 4 5 6 8 9,0.053077,13.7461,Yes,N/A,2,1 2,4,5,6,2 5,8,9,2 8,2 9,4 8
1 2 4 5 6 8 9 12,0.00769141,24.6477,Yes,N/A,2,1 2,4,5,6,2 5,8,9,2 8,2 9,12
1 2 4 5 6 8 9 11,0.0159859,22.5219,Yes,N/A,2,1 2,4,5,6,2 5,8,9,2 8,11,4 8
1 2 4 5 6 8 9 11 12,0.00268384,33.5173,Yes,N/A,2,1 2,4,5,6,2 5,8,9,2 8,11,12
1 2 4 5 6 8 9 10,0.0244576,20.4573,Yes,N/A,2,1 2,4,5,6,2 5,8,9,10,2 9,2 10
1 2 4 5 6 8 9 10 12,0.00413535,31.302,Yes,N/A,2,1 2,4,5,6,2 5,8,9,10,2 9,12
1 2 4 5 6 8 9 10 11,0.00836239,29.2422,Yes,N/A,2,1 2,4,5,6,2 5,8,9,10,11,2 10
1 2 4 5 6 8 9 10 11 12,0.00160634,40.166,Yes,N/A,2,1 2,4,5,6,2 5,8,9,10,11,12
1 2 4 5 6 7,0.115958,7.26141,Yes,N/A,2,1 2,4,5,6,7,2 6,2 7,4 6,4 7,5 7
1 2 4 5 6 7 12,0.0137336,18.2725,Yes,N/A,2,1 2,4,5,6,7,2 6,2 7,4 6,4 7,12
1 2 4 5 6 7 11,0.029765,16.1504,Yes,N/A,2,1 2,4,5,6,7,2 6,2 7,4 6,11,5 7
1 2 4 5 6 7 11 12,0.00422454,27.2387,Yes,N/A,2,1 2,4,5,6,7,2 6,2 7,4 6,11,12
1 2 4 5 6 7 10,0.0480038,14.0429,Yes,N/A,2,1 2,4,5,6,7,2 6,2 7,10,4 7,2 10
1 2 4 5 6 7 10 12,0.00676138,25.042,Yes,N/A,2,1 2,4,5,6,7,2 6,2 7,10,4 7,12
1 2 4 5 6 7 10 11,0.0142506,23.0613,Yes,N/A,2,1 2,4,5,6,7,2 6,2 7,10,11,2 10
1 2 4 5 6 7 10 11 12,0.0023378,34.139,Yes,N/A,2,1 2,4,5,6,7,2 6,2 7,10,11,12
1 2 4 5 6 7 9,0.0653973,12.0575,Yes,N/A,2,1 2,4,5,6,7,2 6,9,4 6,2 9,5 7
1 2 4 5 6 7 9 12,0.00947612,22.8905,Yes,N/A,2,1 2,4,5,6,7,2 6,9,4 6,2 9,12
1 2 4 5 6 7 9 11,0.0188724,20.9483,Yes,N/A,2,1 2,4,5,6,7,2 6,9,4 6,11,5 7
1 2 4 5 6 7 9 11 12,0.00320967,31.7965,Yes,N/A,2,1 2,4,5,6,7,2 6,9,4 6,11,12
1 2 4 5 6 7 9 10,0.0297978,18.8129,Yes,N/A,2,1 2,4,5,6,7,2 6,9,10,2 9,2 10
1 2 4 5 6 7 9 10 12,0.00501607,29.602,Yes,N/A,2,1 2,4,5,6,7,2 6,9,10,2 9,12
1 2 4 5 6 7 9 10 11,0.0100134,27.5969,Yes,N/A,2,1 2,4,5,6,7,2 6,9,10,11,2 10
1 2 4 5 6 7 9 10 11 12,0.00192356,38.4392,Yes,N/A,2,1 2,4,5,6,7,2 6,9,10,11,12
1 2 4 5 6 7 8,0.0841089,10.2388,Yes,N/A,2,1 2,4,5,6,7,8,2 7,2 8,4 7,4 8
1 2 4 5 6 7 8 12,0.0119961,21.0552,Yes,N/A,2,1 2,4,5,6,7,8,2 7,2 8,4 7,12
1 2 4 5 6 7 8 11,0.0251977,18.8172,Yes,N/A,2,1 2,4,5,6,7,8,2 7,2 8,11,4 8
1 2 4 5 6 7 8 11 12,0.00420486,29.6878,Yes,N/A,2,1 2,4,5,6,7,8,2 7,2 8,11,12
1 2 4 5 6 7 8 10,0.0392034,16.595,Yes,N/A,2,1 2,4,5,6,7,8,2 7,10,4 7,2 10
1 2 4 5 6 7 8 10 12,0.00645829,27.4235,Yes,N/A,2,1 2,4,5,6,7,8,2 7,10,4 7,12
1 2 4 5 6 7 8 10 11,0.0133716,25.1182,Yes,N/A,2,1 2,4,5,6,7,8,2 7,10,11,2 10
1 2 4 5 6 7 8 10 11 12,0.00252653,35.9578,Yes,N/A,2,1 2,4,5,6,7,8,2 7,10,11,12
1 2 4 5 6 7 8 9,0.0521999,14.7057,Yes,N/A,2,1 2,4,5,6,7,8,9,2 8,2 9,4 8
1 2 4 5 6 7 8 9 12,0.00880424,25.3558,Yes,N/A,2,1 2,4,5,6,7,8,9,2 8,2 9,12
1 2 4 5 6 7 8 9 11,0.017576,23.1207,Yes,N/A,2,1 2,4,5,6,7,8,9,2 8,11,4 8
1 2 4 5 6 7 8 9 11 12,0.00340282,33.7626,Yes,N/A,2,1 2,4,5,6,7,8,9,2 8,11,12
1 2 4 5 6 7 8 9 10,0.0272711,20.7469,Yes,N/A,2,1 2,4,5,6,7,8,9,10,2 9,2 10
1 2 4 5 6 7 8 9 10 12,0.00523211,31.3401,Yes,N/A,2,1 2,4,5,6,7,8,9,10,2 9,12
1 2 4 5 6 7 8 9 10 11,0.0103867,29.0273,Yes,N/A,2,1 2,4,5,6,7,8,9,10,11,2 10
1 2 4 5 6 7 8 9 10 11 12,0.00224272,39.6269,Yes,N/A,2,1 2,4,5,6,7,8,9,10,11,12
2 5 8 11,0.011374,20.2239,Yes,N/A,2,N/A,N/A,5,N/A,2 5,8,N/A,2 8,11,N/A
2 5 8 11 12,0.00127966,31.4277,Yes,N/A,2,N/A,N/A,5,N/A,2 5,8,N/A,2 8,11,12
2 5 8 10,0.0173182,19.2901,Yes,N/A,2,N/A,N/A,5,N/A,2 5,8,N/A,10,N/A,2 10
2 5 8 10 12,0.00180517,30.9888,Yes,N/A,2,N/A,N/A,5,N/A,2 5,8,N/A,10,N/A,12
2 5 8 10 11,0.00389613,28.7843,Yes,N/A,2,N/A,N/A,5,N/A,2 5,8,N/A,10,11,2 10
2 5 8 10 11 12,0.000508053,40.4205,Yes,N/A,2,N/A,N/A,5,N/A,2 5,8,N/A,10,11,12
2 5 8 9 12,0.00313087,27.448,Yes,N/A,2,N/A,N/A,5,N/A,2 5,8,9,2 8,2 9,12
2 5 8 9 11,0.00569019,26.5689,Yes,N/A,2,N/A,N/A,5,N/A,2 5,8,9,2 8,11,N/A
2 5 8 9 11 12,0.000799124,37.531,Yes,N/A,2,N/A,N/A,5,N/A,2 5,8,9,2 8,11,12
2 5 8 9 10,0.00950693,24.5989,Yes,N/A,2,N/A,N/A,5,N/A,2 5,8,9,10,2 9,2 10
2 5 8 9 10 12,0.00125425,36.0979,Yes,N/A,2,N/A,N/A,5,N/A,2 5,8,9,10,2 9,12
2 5 8 9 10 11,0.00242913,34.6224,Yes,N/A,2,N/A,N/A,5,N/A,2 5,8,9,10,11,2 10
2 5 8 9 10 11 12,0.000382804,46.0999,Yes,N/A,2,N/A,N/A,5,N/A,2 5,8,9,10,11,12
2 5 7 10,0.0182613,18.3935,Yes,N/A,2,N/A,N/A,5,N/A,7,N/A,2 7,10,N/A,2 10
2 5 7 10 12,0.00181113,30.1656,Yes,N/A,2,N/A,N/A,5,N/A,7,N/A,2 7,10,N/A,12
2 5 7 10 11,0.00407236,27.9032,Yes,N/A,2,N/A,N/A,5,N/A,7,N/A,2 7,10,11,2 10
2 5 7 10 11 12,0.000509839,39.6254,Yes,N/A,2,N/A,N/A,5,N/A,7,N/A,2 7,10,11,12
2 5 7 9,0.0245199,17.5151,Yes,N/A,2,N/A,N/A,5,N/A,7,N/A,9,N/A,2 9,5 7
2 5 7 9 12,0.00251962,29.1868,Yes,N/A,2,N/A,N/A,5,N/A,7,N/A,9,N/A,2 9,12
2 5 7 9 11,0.00441053,28.0561,Yes,N/A,2,N/A,N/A,5,N/A,7,N/A,9,N/A,11,5 7
2 5 7 9 11 12,0.000593787,39.6933,Yes,N/A,2,N/A,N/A,5,N/A,7,N/A,9,N/A,11,12
2 5 7 9 10,0.00934499,25.2516,Yes,N/A,2,N/A,N/A,5,N/A,7,N/A,9,10,2 9,2 10
2 5 7 9 10 12,0.00115066,36.9904,Yes,N/A,2,N/A,N/A,5,N/A,7,N/A,9,10,2 9,12
2 5 7 9 10 11,0.00223464,35.5856,Yes,N/A,2,N/A,N/A,5,N/A,7,N/A,9,10,11,2 10
2 5 7 9 10 11 12,0.000333343,47.3288,Yes,N/A,2,N/A,N/A,5,N/A,7,N/A,9,10,11,12
2 5 7 8 11,0.00830666,23.7377,Yes,N/A,2,N/A,N/A,5,N/A,7,8,2 7,2 8,11,5 7
2 5 7 8 11 12,0.00109271,35.177,Yes,N/A,2,N/A,N/A,5,N/A,7,8,2 7,2 8,11,12
2 5 7 8 10,0.0121099,23.2625,Yes,N/A,2,N/A,N/A,5,N/A,7,8,2 7,10,N/A,2 10
2 5 7 8 10 12,0.00151572,34.9099,Yes,N/A,2,N/A,N/A,5,N/A,7,8,2 7,10,N/A,12
2 5 7 8 10 11,0.00336426,32.1878,Yes,N/A,2,N/A,N/A,5,N/A,7,8,2 7,10,11,2 10
2 5 7 8 10 11 12,0.000509706,43.7496,Yes,N/A,2,N/A,N/A,5,N/A,7,8,2 7,10,11,12
2 5 7 8 9,0.0190424,20.8483,Yes,N/A,2,N/A,N/A,5,N/A,7,8,9,2 8,2 9,5 7
2 5 7 8 9 12,0.00241563,32.2887,Yes,N/A,2,N/A,N/A,5,N/A,7,8,9,2 8,2 9,12
2 5 7 8 9 11,0.00456612,30.8874,Yes,N/A,2,N/A,N/A,5,N/A,7,8,9,2 8,11,5 7
2 5 7 8 9 11 12,0.000715993,42.2502,Yes,N/A,2,N/A,N/A,5,N/A,7,8,9,2 8,11,12
2 5 7 8 9 10,0.0074906,29.1829,Yes,N/A,2,N/A,N/A,5,N/A,7,8,9,10,2 9,2 10
2 5 7 8 9 10 12,0.0011236,40.7542,Yes,N/A,2,N/A,N/A,5,N/A,7,8,9,10,2 9,12
2 5 7 8 9 10 11,0.00220718,39.1089,Yes,N/A,2,N/A,N/A,5,N/A,7,8,9,10,11,2 10
2 5 7 8 9 10 11 12,0.000388757,50.6699,Yes,N/A,2,N/A,N/A,5,N/A,7,8,9,10,11,12
2 5 6 9 12,0.00392153,25.265,Yes,N/A,2,N/A,N/A,5,6,2 5,2 6,9,N/A,2 9,12
2 5 6 9 11,0.00687141,24.4646,Yes,N/A,2,N/A,N/A,5,6,2 5,2 6,9,N/A,11,N/A
2 5 6 9 11 12,0.00095842,35.3876,Yes,N/A,2,N/A,N/A,5,6,2 5,2 6,9,N/A,11,12
2 5 6 9 10,0.0135936,21.0217,Yes,N/A,2,N/A,N/A,5,6,2 5,2 6,9,10,2 9,2 10
2 5 6 9 10 12,0.00173849,32.3792,Yes,N/A,2,N/A,N/A,5,6,2 5,2 6,9,10,2 9,12
2 5 6 9 10 11,0.00328805,30.9186,Yes,N/A,2,N/A,N/A,5,6,2 5,2 6,9,10,11,2 10
2 5 6 9 10 11 12,0.00051458,42.2125,Yes,N/A,2,N/A,N/A,5,6,2 5,2 6,9,10,11,12
2 5 6 8 12,0.00482809,24.3513,Yes,N/A,2,N/A,N/A,5,6,2 5,8,N/A,2 8,5 6,12
2 5 6 8 11,0.00874168,23.4222,Yes,N/A,2,N/A,N/A,5,6,2 5,8,N/A,2 8,11,N/A
2 5 6 8 11 12,0.00120371,34.3318,Yes,N/A,2,N/A,N/A,5,6,2 5,8,N/A,2 8,11,12
2 5 6 8 10,0.0147558,21.5075,Yes,N/A,2,N/A,N/A,5,6,2 5,8,N/A,10,5 6,2 10
2 5 6 8 10 12,0.0018274,33.0225,Yes,N/A,2,N/A,N/A,5,6,2 5,8,N/A,10,5 6,12
2 5 6 8 10 11,0.00366512,31.3513,Yes,N/A,2,N/A,N/A,5,6,2 5,8,N/A,10,11,2 10
2 5 6 8 10 11 12,0.000565826,42.7771,Yes,N/A,2,N/A,N/A,5,6,2 5,8,N/A,10,11,12
2 5 6 8 9 12,0.00301762,29.4604,Yes,N/A,2,N/A,N/A,5,6,2 5,8,9,2 8,2 9,12
2 5 6 8 9 11,0.00523665,28.7559,Yes,N/A,2,N/A,N/A,5,6,2 5,8,9,2 8,11,N/A
2 5 6 8 9 11 12,0.00086954,39.2888,Yes,N/A,2,N/A,N/A,5,6,2 5,8,9,2 8,11,12
2 5 6 8 9 10,0.00912748,26.1744,Yes,N/A,2,N/A,N/A,5,6,2 5,8,9,10,2 9,2 10
2 5 6 8 9 10 12,0.00140552,37.3965,Yes,N/A,2,N/A,N/A,5,6,2 5,8,9,10,2 9,12
2 5 6 8 9 10 11,0.00263693,35.8664,Yes,N/A,2,N/A,N/A,5,6,2 5,8,9,10,11,2 10
2 5 6 8 9 10 11 12,0.000480883,47.0167,Yes,N/A,2,N/A,N/A,5,6,2 5,8,9,10,11,12
2 5 6 7 10,0.021755,18.4989,Yes,N/A,2,N/A,N/A,5,6,7,2 6,2 7,10,5 6,2 10
2 5 6 7 10 12,0.00257847,29.9925,Yes,N/A,2,N/A,N/A,5,6,7,2 6,2 7,10,5 6,12
2 5 6 7 10 11,0.00515038,28.195,Yes,N/A,2,N/A,N/A,5,6,7,2 6,2 7,10,11,2 10
2 5 6 7 10 11 12,0.000765221,39.6054,Yes,N/A,2,N/A,N/A,5,6,7,2 6,2 7,10,11,12
2 5 6 7 9,0.0261869,18.4445,Yes,N/A,2,N/A,N/A,5,6,7,2 6,9,N/A,2 9,5 7
2 5 6 7 9 12,0.00324122,29.8372,Yes,N/A,2,N/A,N/A,5,6,7,2 6,9,N/A,2 9,12
2 5 6 7 9 11,0.00594104,28.5258,Yes,N/A,2,N/A,N/A,5,6,7,2 6,9,N/A,11,5 7
2 5 6 7 9 11 12,0.000914451,39.8477,Yes,N/A,2,N/A,N/A,5,6,7,2 6,9,N/A,11,12
2 5 6 7 9 10,0.0115106,24.7248,Yes,N/A,2,N/A,N/A,5,6,7,2 6,9,10,2 9,2 10
2 5 6 7 9 10 12,0.00168623,36.1305,Yes,N/A,2,N/A,N/A,5,6,7,2 6,9,10,2 9,12
2 5 6 7 9 10 11,0.00323123,34.4243,Yes,N/A,2,N/A,N/A,5,6,7,2 6,9,10,11,2 10
2 5 6 7 9 10 11 12,0.000564966,45.7643,Yes,N/A,2,N/A,N/A,5,6,7,2 6,9,10,11,12
2 5 6 7 8,0.0372919,15.7686,Yes,N/A,2,N/A,N/A,5,6,7,8,2 7,2 8,5 6,5 7
2 5 6 7 8 12,0.00462149,26.9653,Yes,N/A,2,N/A,N/A,5,6,7,8,2 7,2 8,5 6,12
2 5 6 7 8 11,0.00848051,25.4883,Yes,N/A,2,N/A,N/A,5,6,7,8,2 7,2 8,11,5 7
2 5 6 7 8 11 12,0.0013096,36.615,Yes,N/A,2,N/A,N/A,5,6,7,8,2 7,2 8,11,12
2 5 6 7 8 10,0.0142102,23.5972,Yes,N/A,2,N/A,N/A,5,6,7,8,2 7,10,5 6,2 10
2 5 6 7 8 10 12,0.00206487,34.9589,Yes,N/A,2,N/A,N/A,5,6,7,8,2 7,10,5 6,12
2 5 6 7 8 10 11,0.00402093,33.0308,Yes,N/A,2,N/A,N/A,5,6,7,8,2 7,10,11,2 10
2 5 6 7 8 10 11 12,0.000704816,44.286,Yes,N/A,2,N/A,N/A,5,6,7,8,2 7,10,11,12
2 5 6 7 8 9,0.0193679,21.8332,Yes,N/A,2,N/A,N/A,5,6,7,8,9,2 8,2 9,5 7
2 5 6 7 8 9 12,0.00292814,32.905,Yes,N/A,2,N/A,N/A,5,6,7,8,9,2 8,2 9,12
2 5 6 7 8 9 11,0.00529001,31.6,Yes,N/A,2,N/A,N/A,5,6,7,8,9,2 8,11,5 7
2 5 6 7 8 9 11 12,0.000958724,42.5605,Yes,N/A,2,N/A,N/A,5,6,7,8,9,2 8,11,12
2 5 6 7 8 9 10,0.00899048,29.1141,Yes,N/A,2,N/A,N/A,5,6,7,8,9,10,2 9,2 10
2 5 6 7 8 9 10 12,0.00155754,40.3648,Yes,N/A,2,N/A,N/A,5,6,7,8,9,10,2 9,12
2 5 6 7 8 9 10 11,0.00294096,38.6376,Yes,N/A,2,N/A,N/A,5,6,7,8,9,10,11,2 10
2 5 6 7 8 9 10 11 12,0.00059217,49.8215,Yes,N/A,2,N/A,N/A,5,6,7,8,9,10,11,12
1 2 3,0.165638,4.00566,Yes,N/A,2,3,1 3,2 3,1 2 3,N/A,N/A,N/A,N/A,N/A,N/A
1 2 3 12,0.00943073,15.4921,Yes,N/A,2,3,1 3,2 3,1 2 3,N/A,N/A,N/A,N/A,N/A,12
2 3,0.114198,4.21451,Yes,N/A,2,3,N/A,2 3,N/A,N/A,N/A,N/A,N/A,N/A,N/A
1 2 3 11,0.0252915,13.6175,Yes,N/A,2,3,1 3,2 3,1 2 3,N/A,N/A,N/A,N/A,11,1 11
1 2 3 11 12,0.00188138,25.4231,Yes,N/A,2,3,1 3,2 3,1 2 3,N/A,N/A,N/A,N/A,11,12
2 3 12,0.00643004,15.7933,Yes,N/A,2,3,N/A,2 3,N/A,N/A,N/A,N/A,N/A,N/A,12
1 2 3 10,0.0462963,11.4948,Yes,N/A,2,3,1 3,2 3,1 2 3,N/A,N/A,N/A,10,1 10,2 10
1 2 3 10 12,0.00371513,23.1915,Yes,N/A,2,3,1 3,2 3,1 2 3,N/A,N/A,N/A,10,1 10,12
1 2 3 10 11,0.00798754,21.891,Yes,N/A,2,3,1 3,2 3,1 2 3,N/A,N/A,N/A,10,11,2 10
1 2 3 10 11 12,0.000800381,33.6791,Yes,N/A,2,3,1 3,2 3,1 2 3,N/A,N/A,N/A,10,11,12
2 3 11,0.0128601,14.4386,Yes,N/A,2,3,N/A,2 3,N/A,N/A,N/A,N/A,N/A,11,N/A
2 3 11 12,0.00108596,25.9653,Yes,N/A,2,3,N/A,2 3,N/A,N/A,N/A,N/A,N/A,11,12
1 2 3 9,0.0706447,9.21365,Yes,N/A,2,3,1 3,2 3,1 2 3,N/A,N/A,9,1 9,2 9,3 9
1 2 3 9 12,0.00584538,20.7882,Yes,N/A,2,3,1 3,2 3,1 2 3,N/A,N/A,9,1 9,2 9,12
1 2 3 9 11,0.0126243,19.3655,Yes,N/A,2,3,1 3,2 3,1 2 3,N/A,N/A,9,1 9,11,3 9
1 2 3 9 11 12,0.00132967,31.0051,Yes,N/A,2,3,1 3,2 3,1 2 3,N/A,N/A,9,1 9,11,12
1 2 3 9 10,0.0208286,17.9029,Yes,N/A,2,3,1 3,2 3,1 2 3,N/A,N/A,9,10,2 9,2 10
1 2 3 9 10 12,0.00219329,29.5421,Yes,N/A,2,3,1 3,2 3,1 2 3,N/A,N/A,9,10,2 9,12
1 2 3 9 10 11,0.00457949,28.216,Yes,N/A,2,3,1 3,2 3,1 2 3,N/A,N/A,9,10,11,2 10
1 2 3 9 10 11 12,0.000576102,39.9363,Yes,N/A,2,3,1 3,2 3,1 2 3,N/A,N/A,9,10,11,12
2 3 10,0.0223765,12.794,Yes,N/A,2,3,N/A,2 3,N/A,N/A,N/A,N/A,10,N/A,2 10
2 3 10 12,0.00175754,24.6439,Yes,N/A,2,3,N/A,2 3,N/A,N/A,N/A,N/A,10,N/A,12
2 3 10 11,0.00377229,22.8348,Yes,N/A,2,3,N/A,2 3,N/A,N/A,N/A,N/A,10,11,2 10
2 3 10 11 12,0.000395328,34.6566,Yes,N/A,2,3,N/A,2 3,N/A,N/A,N/A,N/A,10,11,12
1 2 3 8,0.0965364,6.85764,Yes,N/A,2,3,1 3,2 3,1 2 3,N/A,8,1 8,2 8,3 8,1 3 8
1 2 3 8 12,0.00810423,18.3025,Yes,N/A,2,3,1 3,2 3,1 2 3,N/A,8,1 8,2 8,3 8,12
2 3 8,0.0444959,9.24906,Yes,N/A,2,3,N/A,2 3,N/A,N/A,8,N/A,2 8,3 8,N/A
1 2 3 8 11,0.0192663,16.6117,Yes,N/A,2,3,1 3,2 3,1 2 3,N/A,8,1 8,2 8,11,1 11
1 2 3 8 11 12,0.00196222,28.2249,Yes,N/A,2,3,1 3,2 3,1 2 3,N/A,8,1 8,2 8,11,12
1 2 3 8 10,0.0307832,15.0419,Yes,N/A,2,3,1 3,2 3,1 2 3,N/A,8,1 8,10,3 8,2 10
1 2 3 8 10 12,0.00317996,26.6213,Yes,N/A,2,3,1 3,2 3,1 2 3,N/A,8,1 8,10,3 8,12
1 2 3 8 10 11,0.00705849,25.0082,Yes,N/A,2,3,1 3,2 3,1 2 3,N/A,8,1 8,10,11,2 10
1 2 3 8 10 11 12,0.000881904,36.6293,Yes,N/A,2,3,1 3,2 3,1 2 3,N/A,8,1 8,10,11,12
1 2 3 8 9,0.0451698,13.45,Yes,N/A,2,3,1 3,2 3,1 2 3,N/A,8,9,2 8,2 9,3 9
1 2 3 8 9 12,0.00468731,24.9287,Yes,N/A,2,3,1 3,2 3,1 2 3,N/A,8,9,2 8,2 9,12
1 2 3 8 9 11,0.0101301,23.3686,Yes,N/A,2,3,1 3,2 3,1 2 3,N/A,8,9,2 8,11,3 9
1 2 3 8 9 11 12,0.00128391,34.9022,Yes,N/A,2,3,1 3,2 3,1 2 3,N/A,8,9,2 8,11,12
1 2 3 8 9 10,0.0163572,21.8755,Yes,N/A,2,3,1 3,2 3,1 2 3,N/A,8,9,10,2 9,2 10
1 2 3 8 9 10 12,0.00205649,33.3737,Yes,N/A,2,3,1 3,2 3,1 2 3,N/A,8,9,10,2 9,12
1 2 3 8 9 10 11,0.00427643,31.9261,Yes,N/A,2,3,1 3,2 3,1 2 3,N/A,8,9,10,11,2 10
1 2 3 8 9 10 11 12,0.000634715,43.487,Yes,N/A,2,3,1 3,2 3,1 2 3,N/A,8,9,10,11,12
2 3 9,0.0334362,10.9304,Yes,N/A,2,3,N/A,2 3,N/A,N/A,N/A,9,N/A,2 9,3 9
2 3 9 12,0.00275063,22.708,Yes,N/A,2,3,N/A,2 3,N/A,N/A,N/A,9,N/A,2 9,12
2 3 9 11,0.00511545,21.5504,Yes,N/A,2,3,N/A,2 3,N/A,N/A,N/A,9,N/A,11,3 9
2 3 9 11 12,0.000560446,33.33,Yes,N/A,2,3,N/A,2 3,N/A,N/A,N/A,9,N/A,11,12
2 3 9 10,0.0101166,19.362,Yes,N/A,2,3,N/A,2 3,N/A,N/A,N/A,9,10,2 9,2 10
2 3 9 10 12,0.00100142,31.1554,Yes,N/A,2,3,N/A,2 3,N/A,N/A,N/A,9,10,2 9,12
2 3 9 10 11,0.00205285,29.8632,Yes,N/A,2,3,N/A,2 3,N/A,N/A,N/A,9,10,11,2 10
2 3 9 10 11 12,0.000255812,41.6684,Yes,N/A,2,3,N/A,2 3,N/A,N/A,N/A,9,10,11,12
1 2 3 7,0.127058,4.49005,Yes,N/A,2,3,1 3,2 3,1 2 3,7,1 7,2 7,3 7,1 3 7,2 3 7
1 2 3 7 12,0.010481,15.8145,Yes,N/A,2,3,1 3,2 3,1 2 3,7,1 7,2 7,3 7,1 3 7,12
1 2 3 7 11,0.0248628,13.9958,Yes,N/A,2,3,1 3,2 3,1 2 3,7,1 7,2 7,3 7,11,2 3 7
1 2 3 7 11 12,0.00256725,25.4399,Yes,N/A,2,3,1 3,2 3,1 2 3,7,1 7,2 7,3 7,11,12
2 3 7,0.0833333,7.41667,Yes,N/A,2,3,N/A,2 3,N/A,7,N/A,2 7,3 7,N/A,2 3 7
2 3 7 12,0.0054441,19.0621,Yes,N/A,2,3,N/A,2 3,N/A,7,N/A,2 7,3 7,N/A,12
1 2 3 7 10,0.0460927,11.9561,Yes,N/A,2,3,1 3,2 3,1 2 3,7,1 7,2 7,10,1 10,2 10
1 2 3 7 10 12,0.00469869,23.3778,Yes,N/A,2,3,1 3,2 3,1 2 3,7,1 7,2 7,10,1 10,12
1 2 3 7 10 11,0.0100029,21.7467,Yes,N/A,2,3,1 3,2 3,1 2 3,7,1 7,2 7,10,11,2 10
1 2 3 7 10 11 12,0.00124398,33.2729,Yes,N/A,2,3,1 3,2 3,1 2 3,7,1 7,2 7,10,11,12
1 2 3 7 9,0.0650506,10.2354,Yes,N/A,2,3,1 3,2 3,1 2 3,7,1 7,9,3 7,2 9,3 9
1 2 3 7 9 12,0.0066539,21.5699,Yes,N/A,2,3,1 3,2 3,1 2 3,7,1 7,9,3 7,2 9,12
1 2 3 7 9 11,0.0140429,19.9567,Yes,N/A,2,3,1 3,2 3,1 2 3,7,1 7,9,3 7,11,3 9
1 2 3 7 9 11 12,0.00176773,31.3735,Yes,N/A,2,3,1 3,2 3,1 2 3,7,1 7,9,3 7,11,12
1 2 3 7 9 10,0.0240908,18.0102,Yes,N/A,2,3,1 3,2 3,1 2 3,7,1 7,9,10,2 9,2 10
1 2 3 7 9 10 12,0.00302013,29.3541,Yes,N/A,2,3,1 3,2 3,1 2 3,7,1 7,9,10,2 9,12
1 2 3 7 9 10 11,0.00625282,27.7119,Yes,N/A,2,3,1 3,2 3,1 2 3,7,1 7,9,10,11,2 10
1 2 3 7 9 10 11 12,0.000922628,39.148,Yes,N/A,2,3,1 3,2 3,1 2 3,7,1 7,9,10,11,12
1 2 3 7 8,0.0876343,8.65554,Yes,N/A,2,3,1 3,2 3,1 2 3,7,8,2 7,2 8,3 8,2 3 7
1 2 3 7 8 12,0.00893736,19.7959,Yes,N/A,2,3,1 3,2 3,1 2 3,7,8,2 7,2 8,3 8,12
1 2 3 7 8 11,0.0198776,18.0511,Yes,N/A,2,3,1 3,2 3,1 2 3,7,8,2 7,2 8,11,2 3 7
1 2 3 7 8 11 12,0.0024753,29.3239,Yes,N/A,2,3,1 3,2 3,1 2 3,7,8,2 7,2 8,11,12
1 2 3 7 8 10,0.0329966,16.1347,Yes,N/A,2,3,1 3,2 3,1 2 3,7,8,2 7,10,3 8,2 10
1 2 3 7 8 10 12,0.00405528,27.4107,Yes,N/A,2,3,1 3,2 3,1 2 3,7,8,2 7,10,3 8,12
1 2 3 7 8 10 11,0.00866063,25.6146,Yes,N/A,2,3,1 3,2 3,1 2 3,7,8,2 7,10,11,2 10
1 2 3 7 8 10 11 12,0.00126603,36.9607,Yes,N/A,2,3,1 3,2 3,1 2 3,7,8,2 7,10,11,12
1 2 3 7 8 9,0.046565,14.5109,Yes,N/A,2,3,1 3,2 3,1 2 3,7,8,9,2 8,2 9,3 9
1 2 3 7 8 9 12,0.00580609,25.6359,Yes,N/A,2,3,1 3,2 3,1 2 3,7,8,9,2 8,2 9,12
1 2 3 7 8 9 11,0.0121719,23.8597,Yes,N/A,2,3,1 3,2 3,1 2 3,7,8,9,2 8,11,3 9
1 2 3 7 8 9 11 12,0.00179864,35.0596,Yes,N/A,2,3,1 3,2 3,1 2 3,7,8,9,2 8,11,12
1 2 3 7 8 9 10,0.0192307,22.1487,Yes,N/A,2,3,1 3,2 3,1 2 3,7,8,9,10,2 9,2 10
1 2 3 7 8 9 10 12,0.00284535,33.2763,Yes,N/A,2,3,1 3,2 3,1 2 3,7,8,9,10,2 9,12
1 2 3 7 8 9 10 11,0.00583674,31.5149,Yes,N/A,2,3,1 3,2 3,1 2 3,7,8,9,10,11,2 10
1 2 3 7 8 9 10 11 12,0.000996068,42.7233,Yes,N/A,2,3,1 3,2 3,1 2 3,7,8,9,10,11,12
2 3 8 12,0.00374371,20.6188,Yes,N/A,2,3,N/A,2 3,N/A,N/A,8,N/A,2 8,3 8,12
2 3 8 11,0.00723022,19.7414,Yes,N/A,2,3,N/A,2 3,N/A,N/A,8,N/A,2 8,11,N/A
2 3 8 11 12,0.000811297,31.0612,Yes,N/A,2,3,N/A,2 3,N/A,N/A,8,N/A,2 8,11,12
2 3 8 10,0.0144462,18.1083,Yes,N/A,2,3,N/A,2 3,N/A,N/A,8,N/A,10,3 8,2 10
2 3 8 10 12,0.00133126,29.8745,Yes,N/A,2,3,N/A,2 3,N/A,N/A,8,N/A,10,3 8,12
2 3 8 10 11,0.00271967,28.5609,Yes,N/A,2,3,N/A,2 3,N/A,N/A,8,N/A,10,11,2 10
2 3 8 10 11 12,0.00033976,40.2928,Yes,N/A,2,3,N/A,2 3,N/A,N/A,8,N/A,10,11,12
2 3 8 9,0.025563,15.5833,Yes,N/A,2,3,N/A,2 3,N/A,N/A,8,9,2 8,2 9,3 9
2 3 8 9 12,0.00241325,27.2289,Yes,N/A,2,3,N/A,2 3,N/A,N/A,8,9,2 8,2 9,12
2 3 8 9 11,0.00459788,25.9985,Yes,N/A,2,3,N/A,2 3,N/A,N/A,8,9,2 8,11,3 9
2 3 8 9 11 12,0.000564018,37.6435,Yes,N/A,2,3,N/A,2 3,N/A,N/A,8,9,2 8,11,12
2 3 8 9 10,0.0081471,24.4692,Yes,N/A,2,3,N/A,2 3,N/A,N/A,8,9,10,2 9,2 10
2 3 8 9 10 12,0.000948133,36.1673,Yes,N/A,2,3,N/A,2 3,N/A,N/A,8,9,10,2 9,12
2 3 8 9 10 11,0.00184169,34.8795,Yes,N/A,2,3,N/A,2 3,N/A,N/A,8,9,10,11,2 10
2 3 8 9 10 11 12,0.000266617,46.5765,Yes,N/A,2,3,N/A,2 3,N/A,N/A,8,9,10,11,12
1 2 3 6,0.147205,3.70958,Yes,N/A,2,3,1 3,2 3,6,1 6,2 6,3 6,1 3 6,2 3 6,1 2 3 6
1 2 3 6 12,0.0106048,15.0567,Yes,N/A,2,3,1 3,2 3,6,1 6,2 6,3 6,1 3 6,2 3 6,12
2 3 6,0.109311,6.26535,Yes,N/A,2,3,N/A,2 3,6,N/A,2 6,3 6,N/A,2 3 6,N/A
1 2 3 6 11,0.0267537,13.1236,Yes,N/A,2,3,1 3,2 3,6,1 6,2 6,3 6,1 3 6,11,1 11
1 2 3 6 11 12,0.00252584,24.6952,Yes,N/A,2,3,1 3,2 3,6,1 6,2 6,3 6,1 3 6,11,12
1 2 3 6 10,0.0473965,11.2149,Yes,N/A,2,3,1 3,2 3,6,1 6,2 6,3 6,10,2 3 6,2 10
1 2 3 6 10 12,0.00459192,22.6826,Yes,N/A,2,3,1 3,2 3,6,1 6,2 6,3 6,10,2 3 6,12
1 2 3 6 10 11,0.0104238,20.8775,Yes,N/A,2,3,1 3,2 3,6,1 6,2 6,3 6,10,11,2 10
1 2 3 6 10 11 12,0.00123292,32.4989,Yes,N/A,2,3,1 3,2 3,6,1 6,2 6,3 6,10,11,12
2 3 6 12,0.00760174,17.5496,Yes,N/A,2,3,N/A,2 3,6,N/A,2 6,3 6,N/A,2 3 6,12
2 3 6 11,0.0121171,16.5744,Yes,N/A,2,3,N/A,2 3,6,N/A,2 6,3 6,N/A,11,N/A
2 3 6 11 12,0.00126854,27.7905,Yes,N/A,2,3,N/A,2 3,6,N/A,2 6,3 6,N/A,11,12
1 2 3 6 9,0.0753625,9.08209,Yes,N/A,2,3,1 3,2 3,6,1 6,2 6,9,1 9,2 9,3 9
1 2 3 6 9 12,0.00749431,20.4106,Yes,N/A,2,3,1 3,2 3,6,1 6,2 6,9,1 9,2 9,12
1 2 3 6 9 11,0.0157179,18.7214,Yes,N/A,2,3,1 3,2 3,6,1 6,2 6,9,1 9,11,3 9
1 2 3 6 9 11 12,0.0019388,30.1396,Yes,N/A,2,3,1 3,2 3,6,1 6,2 6,9,1 9,11,12
1 2 3 6 9 10,0.0264103,16.9224,Yes,N/A,2,3,1 3,2 3,6,1 6,2 6,9,10,2 9,2 10
1 2 3 6 9 10 12,0.00323536,28.2813,Yes,N/A,2,3,1 3,2 3,6,1 6,2 6,9,10,2 9,12
1 2 3 6 9 10 11,0.00670957,26.6983,Yes,N/A,2,3,1 3,2 3,6,1 6,2 6,9,10,11,2 10
1 2 3 6 9 10 11 12,0.000970668,38.1953,Yes,N/A,2,3,1 3,2 3,6,1 6,2 6,9,10,11,12
1 2 3 6 8,0.097558,7.56498,Yes,N/A,2,3,1 3,2 3,6,1 6,8,3 6,2 8,3 8,1 3 8
1 2 3 6 8 12,0.00966253,18.641,Yes,N/A,2,3,1 3,2 3,6,1 6,8,3 6,2 8,3 8,12
2 3 6 8,0.0584562,11.5737,Yes,N/A,2,3,N/A,2 3,6,N/A,8,3 6,2 8,3 8,N/A
1 2 3 6 8 11,0.0224583,16.8125,Yes,N/A,2,3,1 3,2 3,6,1 6,8,3 6,2 8,11,1 11
1 2 3 6 8 11 12,0.00263764,28.1617,Yes,N/A,2,3,1 3,2 3,6,1 6,8,3 6,2 8,11,12
1 2 3 6 8 10,0.0363747,15.0418,Yes,N/A,2,3,1 3,2 3,6,1 6,8,3 6,10,3 8,2 10
1 2 3 6 8 10 12,0.00428817,26.4085,Yes,N/A,2,3,1 3,2 3,6,1 6,8,3 6,10,3 8,12
1 2 3 6 8 10 11,0.00929587,24.623,Yes,N/A,2,3,1 3,2 3,6,1 6,8,3 6,10,11,2 10
1 2 3 6 8 10 11 12,0.00130625,36.0908,Yes,N/A,2,3,1 3,2 3,6,1 6,8,3 6,10,11,12
1 2 3 6 8 9,0.0527609,13.0685,Yes,N/A,2,3,1 3,2 3,6,1 6,8,9,2 8,2 9,3 9
1 2 3 6 8 9 12,0.00643301,24.2271,Yes,N/A,2,3,1 3,2 3,6,1 6,8,9,2 8,2 9,12
1 2 3 6 8 9 11,0.013367,22.4392,Yes,N/A,2,3,1 3,2 3,6,1 6,8,9,2 8,11,3 9
1 2 3 6 8 9 11 12,0.0019402,33.6975,Yes,N/A,2,3,1 3,2 3,6,1 6,8,9,2 8,11,12
1 2 3 6 8 9 10,0.0216617,20.5866,Yes,N/A,2,3,1 3,2 3,6,1 6,8,9,10,2 9,2 10
1 2 3 6 8 9 10 12,0.00312547,31.7983,Yes,N/A,2,3,1 3,2 3,6,1 6,8,9,10,2 9,12
1 2 3 6 8 9 10 11,0.00633462,30.1186,Yes,N/A,2,3,1 3,2 3,6,1 6,8,9,10,11,2 10
1 2 3 6 8 9 10 11 12,0.0010604,41.453,Yes,N/A,2,3,1 3,2 3,6,1 6,8,9,10,11,12
1 2 3 6 7,0.126198,6.21744,Yes,N/A,2,3,1 3,2 3,6,7,2 6,2 7,3 7,2 3 6,2 3 7
1 2 3 6 7 12,0.0121876,17.2516,Yes,N/A,2,3,1 3,2 3,6,7,2 6,2 7,3 7,2 3 6,12
1 2 3 6 7 11,0.0285035,15.1254,Yes,N/A,2,3,1 3,2 3,6,7,2 6,2 7,3 7,11,2 3 7
1 2 3 6 7 11 12,0.00337642,26.373,Yes,N/A,2,3,1 3,2 3,6,7,2 6,2 7,3 7,11,12
1 2 3 6 7 10,0.0461447,13.3678,Yes,N/A,2,3,1 3,2 3,6,7,2 6,2 7,10,2 3 6,2 10
1 2 3 6 7 10 12,0.00555484,24.4836,Yes,N/A,2,3,1 3,2 3,6,7,2 6,2 7,10,2 3 6,12
1 2 3 6 7 10 11,0.0121885,22.4516,Yes,N/A,2,3,1 3,2 3,6,7,2 6,2 7,10,11,2 10
1 2 3 6 7 10 11 12,0.00172248,33.8169,Yes,N/A,2,3,1 3,2 3,6,7,2 6,2 7,10,11,12
1 2 3 6 7 9,0.0690383,11.219,Yes,N/A,2,3,1 3,2 3,6,7,2 6,9,3 7,2 9,3 9
1 2 3 6 7 9 12,0.00834388,22.246,Yes,N/A,2,3,1 3,2 3,6,7,2 6,9,3 7,2 9,12
1 2 3 6 7 9 11,0.0176261,20.3538,Yes,N/A,2,3,1 3,2 3,6,7,2 6,9,3 7,11,3 9
1 2 3 6 7 9 11 12,0.00252141,31.5409,Yes,N/A,2,3,1 3,2 3,6,7,2 6,9,3 7,11,12
1 2 3 6 7 9 10,0.0279373,18.4348,Yes,N/A,2,3,1 3,2 3,6,7,2 6,9,10,2 9,2 10
1 2 3 6 7 9 10 12,0.00405811,29.4733,Yes,N/A,2,3,1 3,2 3,6,7,2 6,9,10,2 9,12
1 2 3 6 7 9 10 11,0.00832808,27.6399,Yes,N/A,2,3,1 3,2 3,6,7,2 6,9,10,11,2 10
1 2 3 6 7 9 10 11 12,0.00138999,38.868,Yes,N/A,2,3,1 3,2 3,6,7,2 6,9,10,11,12
1 2 3 6 7 8,0.0856949,9.94131,Yes,N/A,2,3,1 3,2 3,6,7,8,2 7,2 8,3 8,2 3 7
1 2 3 6 7 8 12,0.0105165,20.7187,Yes,N/A,2,3,1 3,2 3,6,7,8,2 7,2 8,3 8,12
1 2 3 6 7 8 11,0.0229785,18.6616,Yes,N/A,2,3,1 3,2 3,6,7,8,2 7,2 8,11,2 3 7
1 2 3 6 7 8 11 12,0.00331667,29.6645,Yes,N/A,2,3,1 3,2 3,6,7,8,2 7,2 8,11,12
1 2 3 6 7 8 10,0.0364868,16.7029,Yes,N/A,2,3,1 3,2 3,6,7,8,2 7,10,3 8,2 10
1 2 3 6 7 8 10 12,0.00523871,27.6812,Yes,N/A,2,3,1 3,2 3,6,7,8,2 7,10,3 8,12
1 2 3 6 7 8 10 11,0.0110534,25.5989,Yes,N/A,2,3,1 3,2 3,6,7,8,2 7,10,11,2 10
1 2 3 6 7 8 10 11 12,0.00182764,36.7487,Yes,N/A,2,3,1 3,2 3,6,7,8,2 7,10,11,12
1 2 3 6 7 8 9,0.0496675,15.0549,Yes,N/A,2,3,1 3,2 3,6,7,8,9,2 8,2 9,3 9
1 2 3 6 7 8 9 12,0.00728574,25.8281,Yes,N/A,2,3,1 3,2 3,6,7,8,9,2 8,2 9,12
1 2 3 6 7 8 9 11,0.0150548,23.7708,Yes,N/A,2,3,1 3,2 3,6,7,8,9,2 8,11,3 9
1 2 3 6 7 8 9 11 12,0.00254282,34.6921,Yes,N/A,2,3,1 3,2 3,6,7,8,9,2 8,11,12
1 2 3 6 7 8 9 10,0.0234327,21.8469,Yes,N/A,2,3,1 3,2 3,6,7,8,9,10,2 9,2 10
1 2 3 6 7 8 9 10 12,0.00397216,32.6554,Yes,N/A,2,3,1 3,2 3,6,7,8,9,10,2 9,12
1 2 3 6 7 8 9 10 11,0.00802925,30.667,Yes,N/A,2,3,1 3,2 3,6,7,8,9,10,11,2 10
1 2 3 6 7 8 9 10 11 12,0.0015373,41.663,Yes,N/A,2,3,1 3,2 3,6,7,8,9,10,11,12
2 3 7 11,0.0124314,17.1151,Yes,N/A,2,3,N/A,2 3,N/A,7,N/A,2 7,3 7,11,2 3 7
2 3 7 11 12,0.00117646,28.6942,Yes,N/A,2,3,N/A,2 3,N/A,7,N/A,2 7,3 7,11,12
2 3 7 10,0.0196116,16.4158,Yes,N/A,2,3,N/A,2 3,N/A,7,N/A,2 7,10,N/A,2 10
2 3 7 10 12,0.00178612,28.1423,Yes,N/A,2,3,N/A,2 3,N/A,7,N/A,2 7,10,N/A,12
2 3 7 10 11,0.00412952,25.9202,Yes,N/A,2,3,N/A,2 3,N/A,7,N/A,2 7,10,11,2 10
2 3 7 10 11 12,0.000489398,37.5891,Yes,N/A,2,3,N/A,2 3,N/A,7,N/A,2 7,10,11,12
2 3 7 9,0.0359225,14.3401,Yes,N/A,2,3,N/A,2 3,N/A,7,N/A,9,3 7,2 9,3 9
2 3 7 9 12,0.0032817,25.9794,Yes,N/A,2,3,N/A,2 3,N/A,7,N/A,9,3 7,2 9,12
2 3 7 9 11,0.006049,24.6899,Yes,N/A,2,3,N/A,2 3,N/A,7,N/A,9,3 7,11,3 9
2 3 7 9 11 12,0.000726357,36.3261,Yes,N/A,2,3,N/A,2 3,N/A,7,N/A,9,3 7,11,12
2 3 7 9 10,0.0103166,23.1973,Yes,N/A,2,3,N/A,2 3,N/A,7,N/A,9,10,2 9,2 10
2 3 7 9 10 12,0.0011842,34.8873,Yes,N/A,2,3,N/A,2 3,N/A,7,N/A,9,10,2 9,12
2 3 7 9 10 11,0.00243865,33.3842,Yes,N/A,2,3,N/A,2 3,N/A,7,N/A,9,10,11,2 10
2 3 7 9 10 11 12,0.000343002,45.0844,Yes,N/A,2,3,N/A,2 3,N/A,7,N/A,9,10,11,12
2 3 7 8,0.0558985,11.6306,Yes,N/A,2,3,N/A,2 3,N/A,7,8,2 7,2 8,3 8,2 3 7
2 3 7 8 12,0.00516308,23.0325,Yes,N/A,2,3,N/A,2 3,N/A,7,8,2 7,2 8,3 8,12
2 3 7 8 11,0.0097689,21.701,Yes,N/A,2,3,N/A,2 3,N/A,7,8,2 7,2 8,11,2 3 7
2 3 7 8 11 12,0.00119551,33.0516,Yes,N/A,2,3,N/A,2 3,N/A,7,8,2 7,2 8,11,12
2 3 7 8 10,0.0167645,20.216,Yes,N/A,2,3,N/A,2 3,N/A,7,8,2 7,10,3 8,2 10
2 3 7 8 10 12,0.00188763,31.7702,Yes,N/A,2,3,N/A,2 3,N/A,7,8,2 7,10,3 8,12
2 3 7 8 10 11,0.0036943,30.2362,Yes,N/A,2,3,N/A,2 3,N/A,7,8,2 7,10,11,2 10
2 3 7 8 10 11 12,0.000527733,41.726,Yes,N/A,2,3,N/A,2 3,N/A,7,8,2 7,10,11,12
2 3 7 8 9,0.0263965,18.3953,Yes,N/A,2,3,N/A,2 3,N/A,7,8,9,2 8,2 9,3 9
2 3 7 8 9 12,0.00302569,29.8753,Yes,N/A,2,3,N/A,2 3,N/A,7,8,9,2 8,2 9,12
2 3 7 8 9 11,0.00570368,28.4505,Yes,N/A,2,3,N/A,2 3,N/A,7,8,9,2 8,11,3 9
2 3 7 8 9 11 12,0.000809819,39.927,Yes,N/A,2,3,N/A,2 3,N/A,7,8,9,2 8,11,12
2 3 7 8 9 10,0.00920091,26.9457,Yes,N/A,2,3,N/A,2 3,N/A,7,8,9,10,2 9,2 10
2 3 7 8 9 10 12,0.00126583,38.473,Yes,N/A,2,3,N/A,2 3,N/A,7,8,9,10,2 9,12
2 3 7 8 9 10 11,0.00246915,36.9346,Yes,N/A,2,3,N/A,2 3,N/A,7,8,9,10,11,2 10
2 3 7 8 9 10 11 12,0.000406411,48.4521,Yes,N/A,2,3,N/A,2 3,N/A,7,8,9,10,11,12
1 2 3 5,0.160151,3.37551,Yes,N/A,2,3,1 3,5,1 5,2 5,3 5,1 3 5,2 3 5,1 2 3 5,N/A
1 2 3 5 12,0.0115288,14.4346,Yes,N/A,2,3,1 3,5,1 5,2 5,3 5,1 3 5,2 3 5,1 2 3 5,12
2 3 5,0.122942,5.83608,Yes,N/A,2,3,N/A,5,N/A,2 5,3 5,N/A,2 3 5,N/A,N/A
1 2 3 5 11,0.0279302,12.5671,Yes,N/A,2,3,1 3,5,1 5,2 5,3 5,1 3 5,2 3 5,11,1 11
1 2 3 5 11 12,0.00249475,24.1392,Yes,N/A,2,3,1 3,5,1 5,2 5,3 5,1 3 5,2 3 5,11,12
2 3 5 12,0.00795896,17.1645,Yes,N/A,2,3,N/A,5,N/A,2 5,3 5,N/A,2 3 5,N/A,12
1 2 3 5 10,0.0505473,10.548,Yes,N/A,2,3,1 3,5,1 5,2 5,3 5,1 3 5,10,1 10,2 10
1 2 3 5 10 12,0.00468599,22.0289,Yes,N/A,2,3,1 3,5,1 5,2 5,3 5,1 3 5,10,1 10,12
1 2 3 5 10 11,0.0102912,20.3905,Yes,N/A,2,3,1 3,5,1 5,2 5,3 5,1 3 5,10,11,2 10
1 2 3 5 10 11 12,0.00116313,32.0309,Yes,N/A,2,3,1 3,5,1 5,2 5,3 5,1 3 5,10,11,12
1 2 3 5 9,0.0783084,8.65116,Yes,N/A,2,3,1 3,5,1 5,2 5,3 5,9,2 3 5,2 9,3 9
1 2 3 5 9 12,0.00732416,20.0295,Yes,N/A,2,3,1 3,5,1 5,2 5,3 5,9,2 3 5,2 9,12
1 2 3 5 9 11,0.0161053,18.3543,Yes,N/A,2,3,1 3,5,1 5,2 5,3 5,9,2 3 5,11,3 9
1 2 3 5 9 11 12,0.00185466,29.8558,Yes,N/A,2,3,1 3,5,1 5,2 5,3 5,9,2 3 5,11,12
1 2 3 5 9 10,0.0279597,16.3033,Yes,N/A,2,3,1 3,5,1 5,2 5,3 5,9,10,2 9,2 10
1 2 3 5 9 10 12,0.0032423,27.7585,Yes,N/A,2,3,1 3,5,1 5,2 5,3 5,9,10,2 9,12
1 2 3 5 9 10 11,0.00674028,26.2375,Yes,N/A,2,3,1 3,5,1 5,2 5,3 5,9,10,11,2 10
1 2 3 5 9 10 11 12,0.000926194,37.8008,Yes,N/A,2,3,1 3,5,1 5,2 5,3 5,9,10,11,12
2 3 5 11,0.0159179,15.5843,Yes,N/A,2,3,N/A,5,N/A,2 5,3 5,N/A,2 3 5,11,N/A
2 3 5 11 12,0.00151781,26.8147,Yes,N/A,2,3,N/A,5,N/A,2 5,3 5,N/A,2 3 5,11,12
2 3 5 10,0.0256773,14.5052,Yes,N/A,2,3,N/A,5,N/A,2 5,3 5,N/A,10,N/A,2 10
2 3 5 10 12,0.00207667,26.2253,Yes,N/A,2,3,N/A,5,N/A,2 5,3 5,N/A,10,N/A,12
2 3 5 10 11,0.00491065,24.0257,Yes,N/A,2,3,N/A,5,N/A,2 5,3 5,N/A,10,11,2 10
2 3 5 10 11 12,0.000529486,35.6886,Yes,N/A,2,3,N/A,5,N/A,2 5,3 5,N/A,10,11,12
1 2 3 5 8,0.108802,6.85397,Yes,N/A,2,3,1 3,5,1 5,2 5,8,1 8,2 8,3 8,1 3 8
1 2 3 5 8 12,0.0103565,17.9473,Yes,N/A,2,3,1 3,5,1 5,2 5,8,1 8,2 8,3 8,12
2 3 5 8,0.060821,11.5851,Yes,N/A,2,3,N/A,5,N/A,2 5,8,N/A,2 8,3 8,N/A
1 2 3 5 8 11,0.0235668,16.1873,Yes,N/A,2,3,1 3,5,1 5,2 5,8,1 8,2 8,11,1 11
1 2 3 5 8 11 12,0.00271035,27.4869,Yes,N/A,2,3,1 3,5,1 5,2 5,8,1 8,2 8,11,12
1 2 3 5 8 10,0.0376767,14.3654,Yes,N/A,2,3,1 3,5,1 5,2 5,8,1 8,10,3 8,2 10
1 2 3 5 8 10 12,0.0043729,25.7304,Yes,N/A,2,3,1 3,5,1 5,2 5,8,1 8,10,3 8,12
1 2 3 5 8 10 11,0.00923156,23.9314,Yes,N/A,2,3,1 3,5,1 5,2 5,8,1 8,10,11,2 10
1 2 3 5 8 10 11 12,0.00128998,35.3335,Yes,N/A,2,3,1 3,5,1 5,2 5,8,1 8,10,11,12
1 2 3 5 8 9,0.0561052,12.3754,Yes,N/A,2,3,1 3,5,1 5,2 5,8,9,2 8,2 9,3 9
1 2 3 5 8 9 12,0.00657619,23.6284,Yes,N/A,2,3,1 3,5,1 5,2 5,8,9,2 8,2 9,12
1 2 3 5 8 9 11,0.0140189,21.8165,Yes,N/A,2,3,1 3,5,1 5,2 5,8,9,2 8,11,3 9
1 2 3 5 8 9 11 12,0.0019557,33.1356,Yes,N/A,2,3,1 3,5,1 5,2 5,8,9,2 8,11,12
1 2 3 5 8 9 10,0.02204,20.0547,Yes,N/A,2,3,1 3,5,1 5,2 5,8,9,10,2 9,2 10
1 2 3 5 8 9 10 12,0.003105,31.3414,Yes,N/A,2,3,1 3,5,1 5,2 5,8,9,10,2 9,12
1 2 3 5 8 9 10 11,0.00631,29.6583,Yes,N/A,2,3,1 3,5,1 5,2 5,8,9,10,11,2 10
1 2 3 5 8 9 10 11 12,0.0010351,40.9922,Yes,N/A,2,3,1 3,5,1 5,2 5,8,9,10,11,12
1 2 3 5 7,0.134219,5.51894,Yes,N/A,2,3,1 3,5,1 5,7,3 5,2 7,3 7,1 3 7,5 7
1 2 3 5 7 12,0.0125812,16.6229,Yes,N/A,2,3,1 3,5,1 5,7,3 5,2 7,3 7,1 3 7,12
1 2 3 5 7 11,0.0292935,14.3996,Yes,N/A,2,3,1 3,5,1 5,7,3 5,2 7,3 7,11,5 7
1 2 3 5 7 11 12,0.00338289,25.6719,Yes,N/A,2,3,1 3,5,1 5,7,3 5,2 7,3 7,11,12
2 3 5 7,0.0860768,9.52778,Yes,N/A,2,3,N/A,5,N/A,7,3 5,2 7,3 7,N/A,5 7
2 3 5 7 12,0.00751124,20.9991,Yes,N/A,2,3,N/A,5,N/A,7,3 5,2 7,3 7,N/A,12
1 2 3 5 7 10,0.0519944,12.3983,Yes,N/A,2,3,1 3,5,1 5,7,3 5,2 7,10,1 10,2 10
1 2 3 5 7 10 12,0.00593509,23.7216,Yes,N/A,2,3,1 3,5,1 5,7,3 5,2 7,10,1 10,12
1 2 3 5 7 10 11,0.0127231,21.711,Yes,N/A,2,3,1 3,5,1 5,7,3 5,2 7,10,11,2 10
1 2 3 5 7 10 11 12,0.00172621,33.1409,Yes,N/A,2,3,1 3,5,1 5,7,3 5,2 7,10,11,12
1 2 3 5 7 9,0.0741607,10.5471,Yes,N/A,2,3,1 3,5,1 5,7,3 5,9,3 7,2 9,3 9
1 2 3 5 7 9 12,0.00860683,21.7534,Yes,N/A,2,3,1 3,5,1 5,7,3 5,9,3 7,2 9,12
1 2 3 5 7 9 11,0.0176444,20.0392,Yes,N/A,2,3,1 3,5,1 5,7,3 5,9,3 7,11,3 9
1 2 3 5 7 9 11 12,0.00245863,31.3294,Yes,N/A,2,3,1 3,5,1 5,7,3 5,9,3 7,11,12
1 2 3 5 7 9 10,0.0300335,17.9195,Yes,N/A,2,3,1 3,5,1 5,7,3 5,9,10,2 9,2 10
1 2 3 5 7 9 10 12,0.00413903,29.2287,Yes,N/A,2,3,1 3,5,1 5,7,3 5,9,10,2 9,12
1 2 3 5 7 9 10 11,0.00840064,27.4595,Yes,N/A,2,3,1 3,5,1 5,7,3 5,9,10,11,2 10
1 2 3 5 7 9 10 11 12,0.00134066,38.8609,Yes,N/A,2,3,1 3,5,1 5,7,3 5,9,10,11,12
1 2 3 5 7 8,0.0923841,8.82287,Yes,N/A,2,3,1 3,5,1 5,7,8,2 7,2 8,3 8,5 7
1 2 3 5 7 8 12,0.011004,19.8317,Yes,N/A,2,3,1 3,5,1 5,7,8,2 7,2 8,3 8,12
1 2 3 5 7 8 11,0.0232119,17.8658,Yes,N/A,2,3,1 3,5,1 5,7,8,2 7,2 8,11,5 7
1 2 3 5 7 8 11 12,0.00331666,28.9216,Yes,N/A,2,3,1 3,5,1 5,7,8,2 7,2 8,11,12
1 2 3 5 7 8 10,0.0378975,15.8993,Yes,N/A,2,3,1 3,5,1 5,7,8,2 7,10,3 8,2 10
1 2 3 5 7 8 10 12,0.0052685,27.0783,Yes,N/A,2,3,1 3,5,1 5,7,8,2 7,10,3 8,12
1 2 3 5 7 8 10 11,0.0108696,25.0078,Yes,N/A,2,3,1 3,5,1 5,7,8,2 7,10,11,2 10
1 2 3 5 7 8 10 11 12,0.00177213,36.199,Yes,N/A,2,3,1 3,5,1 5,7,8,2 7,10,11,12
1 2 3 5 7 8 9,0.0544535,13.7356,Yes,N/A,2,3,1 3,5,1 5,7,8,9,2 8,2 9,3 9
1 2 3 5 7 8 9 12,0.00769242,24.7544,Yes,N/A,2,3,1 3,5,1 5,7,8,9,2 8,2 9,12
1 2 3 5 7 8 9 11,0.0155758,22.8278,Yes,N/A,2,3,1 3,5,1 5,7,8,9,2 8,11,3 9
1 2 3 5 7 8 9 11 12,0.00257028,33.8756,Yes,N/A,2,3,1 3,5,1 5,7,8,9,2 8,11,12
1 2 3 5 7 8 9 10,0.0244962,20.876,Yes,N/A,2,3,1 3,5,1 5,7,8,9,10,2 9,2 10
1 2 3 5 7 8 9 10 12,0.00400653,31.9586,Yes,N/A,2,3,1 3,5,1 5,7,8,9,10,2 9,12
1 2 3 5 7 8 9 10 11,0.00800074,29.9975,Yes,N/A,2,3,1 3,5,1 5,7,8,9,10,11,2 10
1 2 3 5 7 8 9 10 11 12,0.00149516,41.1145,Yes,N/A,2,3,1 3,5,1 5,7,8,9,10,11,12
1 2 3 5 6,0.153116,4.80148,Yes,N/A,2,3,1 3,5,6,2 5,2 6,3 6,2 3 5,5 6,1 5 6
1 2 3 5 6 12,0.0141522,15.8201,Yes,N/A,2,3,1 3,5,6,2 5,2 6,3 6,2 3 5,5 6,12
2 3 5 6,0.115112,7.21916,Yes,N/A,2,3,N/A,5,6,2 5,2 6,3 6,2 3 5,5 6,N/A
1 2 3 5 6 11,0.036407,13.5572,Yes,N/A,2,3,1 3,5,6,2 5,2 6,3 6,2 3 5,11,1 11
1 2 3 5 6 11 12,0.00388391,24.9947,Yes,N/A,2,3,1 3,5,6,2 5,2 6,3 6,2 3 5,11,12
1 2 3 5 6 10,0.0569542,11.4403,Yes,N/A,2,3,1 3,5,6,2 5,2 6,3 6,10,5 6,2 10
1 2 3 5 6 10 12,0.00646597,22.6262,Yes,N/A,2,3,1 3,5,6,2 5,2 6,3 6,10,5 6,12
1 2 3 5 6 10 11,0.0147034,20.6133,Yes,N/A,2,3,1 3,5,6,2 5,2 6,3 6,10,11,2 10
1 2 3 5 6 10 11 12,0.00195264,32.0141,Yes,N/A,2,3,1 3,5,6,2 5,2 6,3 6,10,11,12
1 2 3 5 6 9,0.0786094,9.92309,Yes,N/A,2,3,1 3,5,6,2 5,2 6,9,2 3 5,2 9,3 9
1 2 3 5 6 9 12,0.00911293,21.0553,Yes,N/A,2,3,1 3,5,6,2 5,2 6,9,2 3 5,2 9,12
1 2 3 5 6 9 11,0.0199398,19.0176,Yes,N/A,2,3,1 3,5,6,2 5,2 6,9,2 3 5,11,3 9
1 2 3 5 6 9 11 12,0.00272726,30.252,Yes,N/A,2,3,1 3,5,6,2 5,2 6,9,2 3 5,11,12
1 2 3 5 6 9 10,0.0324479,16.678,Yes,N/A,2,3,1 3,5,6,2 5,2 6,9,10,2 9,2 10
1 2 3 5 6 9 10 12,0.0044769,27.8661,Yes,N/A,2,3,1 3,5,6,2 5,2 6,9,10,2 9,12
1 2 3 5 6 9 10 11,0.0093729,26.0293,Yes,N/A,2,3,1 3,5,6,2 5,2 6,9,10,11,2 10
1 2 3 5 6 9 10 11 12,0.00149276,37.3243,Yes,N/A,2,3,1 3,5,6,2 5,2 6,9,10,11,12
1 2 3 5 6 8,0.106011,7.81061,Yes,N/A,2,3,1 3,5,6,2 5,8,3 6,2 8,3 8,1 3 8
1 2 3 5 6 8 12,0.0125054,18.6389,Yes,N/A,2,3,1 3,5,6,2 5,8,3 6,2 8,3 8,12
2 3 5 6 8,0.0614097,12.1593,Yes,N/A,2,3,N/A,5,6,2 5,8,3 6,2 8,3 8,N/A
1 2 3 5 6 8 11,0.0288963,16.5893,Yes,N/A,2,3,1 3,5,6,2 5,8,3 6,2 8,11,1 11
1 2 3 5 6 8 11 12,0.00384978,27.7482,Yes,N/A,2,3,1 3,5,6,2 5,8,3 6,2 8,11,12
1 2 3 5 6 8 10,0.0433459,14.6676,Yes,N/A,2,3,1 3,5,6,2 5,8,3 6,10,3 8,2 10
1 2 3 5 6 8 10 12,0.00598986,25.7336,Yes,N/A,2,3,1 3,5,6,2 5,8,3 6,10,3 8,12
1 2 3 5 6 8 10 11,0.0127775,23.7487,Yes,N/A,2,3,1 3,5,6,2 5,8,3 6,10,11,2 10
1 2 3 5 6 8 10 11 12,0.00203293,34.925,Yes,N/A,2,3,1 3,5,6,2 5,8,3 6,10,11,12
1 2 3 5 6 8 9,0.0596587,12.7509,Yes,N/A,2,3,1 3,5,6,2 5,8,9,2 8,2 9,3 9
1 2 3 5 6 8 9 12,0.00836268,23.6624,Yes,N/A,2,3,1 3,5,6,2 5,8,9,2 8,2 9,12
1 2 3 5 6 8 9 11,0.017537,21.7091,Yes,N/A,2,3,1 3,5,6,2 5,8,9,2 8,11,3 9
1 2 3 5 6 8 9 11 12,0.00283471,32.6916,Yes,N/A,2,3,1 3,5,6,2 5,8,9,2 8,11,12
1 2 3 5 6 8 9 10,0.0268809,19.6033,Yes,N/A,2,3,1 3,5,6,2 5,8,9,10,2 9,2 10
1 2 3 5 6 8 9 10 12,0.00438132,30.5739,Yes,N/A,2,3,1 3,5,6,2 5,8,9,10,2 9,12
1 2 3 5 6 8 9 10 11,0.00888597,28.6389,Yes,N/A,2,3,1 3,5,6,2 5,8,9,10,11,2 10
1 2 3 5 6 8 9 10 11 12,0.00164754,39.6735,Yes,N/A,2,3,1 3,5,6,2 5,8,9,10,11,12
1 2 3 5 6 7,0.125785,6.36563,Yes,N/A,2,3,1 3,5,6,7,2 6,2 7,3 7,5 6,5 7
1 2 3 5 6 7 12,0.0145894,17.3357,Yes,N/A,2,3,1 3,5,6,7,2 6,2 7,3 7,5 6,12
1 2 3 5 6 7 11,0.0329361,15.1589,Yes,N/A,2,3,1 3,5,6,7,2 6,2 7,3 7,11,5 7
1 2 3 5 6 7 11 12,0.00451969,26.2817,Yes,N/A,2,3,1 3,5,6,7,2 6,2 7,3 7,11,12
1 2 3 5 6 7 10,0.0528914,12.8729,Yes,N/A,2,3,1 3,5,6,7,2 6,2 7,10,5 6,2 10
1 2 3 5 6 7 10 12,0.00726748,23.8793,Yes,N/A,2,3,1 3,5,6,7,2 6,2 7,10,5 6,12
1 2 3 5 6 7 10 11,0.0156935,21.7235,Yes,N/A,2,3,1 3,5,6,7,2 6,2 7,10,11,2 10
1 2 3 5 6 7 10 11 12,0.00249761,32.8473,Yes,N/A,2,3,1 3,5,6,7,2 6,2 7,10,11,12
1 2 3 5 6 7 9,0.0736681,11.1405,Yes,N/A,2,3,1 3,5,6,7,2 6,9,3 7,2 9,3 9
1 2 3 5 6 7 9 12,0.0102472,22.0628,Yes,N/A,2,3,1 3,5,6,7,2 6,9,3 7,2 9,12
1 2 3 5 6 7 9 11,0.0213215,19.9836,Yes,N/A,2,3,1 3,5,6,7,2 6,9,3 7,11,3 9
1 2 3 5 6 7 9 11 12,0.00345327,30.971,Yes,N/A,2,3,1 3,5,6,7,2 6,9,3 7,11,12
1 2 3 5 6 7 9 10,0.034048,17.5409,Yes,N/A,2,3,1 3,5,6,7,2 6,9,10,2 9,2 10
1 2 3 5 6 7 9 10 12,0.00549816,28.4853,Yes,N/A,2,3,1 3,5,6,7,2 6,9,10,2 9,12
1 2 3 5 6 7 9 10 11,0.0111963,26.3937,Yes,N/A,2,3,1 3,5,6,7,2 6,9,10,11,2 10
1 2 3 5 6 7 9 10 11 12,0.00205835,37.4165,Yes,N/A,2,3,1 3,5,6,7,2 6,9,10,11,12
1 2 3 5 6 7 8,0.0899185,9.51883,Yes,N/A,2,3,1 3,5,6,7,8,2 7,2 8,3 8,5 7
1 2 3 5 6 7 8 12,0.0126547,20.2858,Yes,N/A,2,3,1 3,5,6,7,8,2 7,2 8,3 8,12
1 2 3 5 6 7 8 11,0.026845,18.104,Yes,N/A,2,3,1 3,5,6,7,8,2 7,2 8,11,5 7
1 2 3 5 6 7 8 11 12,0.00438074,28.9682,Yes,N/A,2,3,1 3,5,6,7,8,2 7,2 8,11,12
1 2 3 5 6 7 8 10,0.0417686,15.9141,Yes,N/A,2,3,1 3,5,6,7,8,2 7,10,3 8,2 10
1 2 3 5 6 7 8 10 12,0.00675152,26.7564,Yes,N/A,2,3,1 3,5,6,7,8,2 7,10,3 8,12
1 2 3 5 6 7 8 10 11,0.01401,24.4696,Yes,N/A,2,3,1 3,5,6,7,8,2 7,10,11,2 10
1 2 3 5 6 7 8 10 11 12,0.00258646,35.3599,Yes,N/A,2,3,1 3,5,6,7,8,2 7,10,11,12
1 2 3 5 6 7 8 9,0.0575935,13.8732,Yes,N/A,2,3,1 3,5,6,7,8,9,2 8,2 9,3 9
1 2 3 5 6 7 8 9 12,0.00944824,24.5361,Yes,N/A,2,3,1 3,5,6,7,8,9,2 8,2 9,12
1 2 3 5 6 7 8 9 11,0.0190885,22.4037,Yes,N/A,2,3,1 3,5,6,7,8,9,2 8,11,3 9
1 2 3 5 6 7 8 9 11 12,0.00358301,33.0785,Yes,N/A,2,3,1 3,5,6,7,8,9,2 8,11,12
1 2 3 5 6 7 8 9 10,0.0294809,20.0305,Yes,N/A,2,3,1 3,5,6,7,8,9,10,2 9,2 10
1 2 3 5 6 7 8 9 10 12,0.00549612,30.7344,Yes,N/A,2,3,1 3,5,6,7,8,9,10,2 9,12
1 2 3 5 6 7 8 9 10 11,0.0109616,28.4997,Yes,N/A,2,3,1 3,5,6,7,8,9,10,11,2 10
1 2 3 5 6 7 8 9 10 11 12,0.00229858,39.2335,Yes,N/A,2,3,1 3,5,6,7,8,9,10,11,12
1 2 3 4,0.172947,3.26878,Yes,N/A,2,3,4,2 3,2 4,3 4,1 3 4,2 3 4,1 2 3 4,N/A,N/A
1 2 3 4 12,0.0116431,14.4015,Yes,N/A,2,3,4,2 3,2 4,3 4,1 3 4,2 3 4,1 2 3 4,N/A,12
2 3 4,0.155093,4.63812,Yes,N/A,2,3,4,2 3,2 4,3 4,N/A,2 3 4,N/A,N/A,N/A
1 2 3 4 11,0.0331457,11.9096,Yes,N/A,2,3,4,2 3,2 4,3 4,1 3 4,2 3 4,1 2 3 4,11,1 11
1 2 3 4 11 12,0.00274957,23.566,Yes,N/A,2,3,4,2 3,2 4,3 4,1 3 4,2 3 4,1 2 3 4,11,12
2 3 4 12,0.0098594,15.9248,Yes,N/A,2,3,4,2 3,2 4,3 4,N/A,2 3 4,N/A,N/A,12
1 2 3 4 10,0.0583562,9.94362,Yes,N/A,2,3,4,2 3,2 4,3 4,1 3 4,2 3 4,10,1 10,2 10
1 2 3 4 10 12,0.00516209,21.3715,Yes,N/A,2,3,4,2 3,2 4,3 4,1 3 4,2 3 4,10,1 10,12
1 2 3 4 10 11,0.0116888,19.8815,Yes,N/A,2,3,4,2 3,2 4,3 4,1 3 4,2 3 4,10,11,2 10
1 2 3 4 10 11 12,0.00124602,31.5452,Yes,N/A,2,3,4,2 3,2 4,3 4,1 3 4,2 3 4,10,11,12
2 3 4 11,0.0197188,14.309,Yes,N/A,2,3,4,2 3,2 4,3 4,N/A,2 3 4,N/A,11,N/A
2 3 4 11 12,0.0018528,25.4893,Yes,N/A,2,3,4,2 3,2 4,3 4,N/A,2 3 4,N/A,11,12
1 2 3 4 9,0.0886036,8.00026,Yes,N/A,2,3,4,2 3,2 4,3 4,1 3 4,9,1 9,2 9,3 9
1 2 3 4 9 12,0.00799257,19.3268,Yes,N/A,2,3,4,2 3,2 4,3 4,1 3 4,9,1 9,2 9,12
1 2 3 4 9 11,0.0172553,17.5567,Yes,N/A,2,3,4,2 3,2 4,3 4,1 3 4,9,1 9,11,3 9
1 2 3 4 9 11 12,0.0019635,28.9972,Yes,N/A,2,3,4,2 3,2 4,3 4,1 3 4,9,1 9,11,12
1 2 3 4 9 10,0.0308237,15.9197,Yes,N/A,2,3,4,2 3,2 4,3 4,1 3 4,9,10,2 9,2 10
1 2 3 4 9 10 12,0.00342031,27.3632,Yes,N/A,2,3,4,2 3,2 4,3 4,1 3 4,9,10,2 9,12
1 2 3 4 9 10 11,0.00715458,25.8435,Yes,N/A,2,3,4,2 3,2 4,3 4,1 3 4,9,10,11,2 10
1 2 3 4 9 10 11 12,0.000944644,37.4482,Yes,N/A,2,3,4,2 3,2 4,3 4,1 3 4,9,10,11,12
1 2 3 4 8,0.120501,6.39842,Yes,N/A,2,3,4,2 3,2 4,3 4,8,2 3 4,2 8,3 8,4 8
1 2 3 4 8 12,0.0109409,17.6103,Yes,N/A,2,3,4,2 3,2 4,3 4,8,2 3 4,2 8,3 8,12
1 2 3 4 8 11,0.0257319,15.6863,Yes,N/A,2,3,4,2 3,2 4,3 4,8,2 3 4,2 8,11,4 8
1 2 3 4 8 11 12,0.00286118,27.1202,Yes,N/A,2,3,4,2 3,2 4,3 4,8,2 3 4,2 8,11,12
1 2 3 4 8 10,0.0432843,13.6351,Yes,N/A,2,3,4,2 3,2 4,3 4,8,2 3 4,10,3 8,2 10
1 2 3 4 8 10 12,0.00485822,24.9796,Yes,N/A,2,3,4,2 3,2 4,3 4,8,2 3 4,10,3 8,12
1 2 3 4 8 10 11,0.010514,23.3257,Yes,N/A,2,3,4,2 3,2 4,3 4,8,2 3 4,10,11,2 10
1 2 3 4 8 10 11 12,0.00140218,34.7957,Yes,N/A,2,3,4,2 3,2 4,3 4,8,2 3 4,10,11,12
1 2 3 4 8 9,0.0635059,11.8219,Yes,N/A,2,3,4,2 3,2 4,3 4,8,9,2 8,2 9,3 9
1 2 3 4 8 9 12,0.00717175,23.1681,Yes,N/A,2,3,4,2 3,2 4,3 4,8,9,2 8,2 9,12
1 2 3 4 8 9 11,0.0155071,21.1972,Yes,N/A,2,3,4,2 3,2 4,3 4,8,9,2 8,11,3 9
1 2 3 4 8 9 11 12,0.0020999,32.6264,Yes,N/A,2,3,4,2 3,2 4,3 4,8,9,2 8,11,12
1 2 3 4 8 9 10,0.0248367,19.5719,Yes,N/A,2,3,4,2 3,2 4,3 4,8,9,10,2 9,2 10
1 2 3 4 8 9 10 12,0.00337081,30.9076,Yes,N/A,2,3,4,2 3,2 4,3 4,8,9,10,2 9,12
1 2 3 4 8 9 10 11,0.00695644,29.2666,Yes,N/A,2,3,4,2 3,2 4,3 4,8,9,10,11,2 10
1 2 3 4 8 9 10 11 12,0.00109498,40.6963,Yes,N/A,2,3,4,2 3,2 4,3 4,8,9,10,11,12
2 3 4 10,0.0396091,12.3043,Yes,N/A,2,3,4,2 3,2 4,3 4,N/A,2 3 4,10,N/A,2 10
2 3 4 10 12,0.00320788,23.9073,Yes,N/A,2,3,4,2 3,2 4,3 4,N/A,2 3 4,10,N/A,12
2 3 4 10 11,0.00727309,21.6164,Yes,N/A,2,3,4,2 3,2 4,3 4,N/A,2 3 4,10,11,2 10
2 3 4 10 11 12,0.000785894,33.1402,Yes,N/A,2,3,4,2 3,2 4,3 4,N/A,2 3 4,10,11,12
2 3 4 9,0.0552555,11.1284,Yes,N/A,2,3,4,2 3,2 4,3 4,N/A,9,N/A,2 9,3 9
2 3 4 9 12,0.00473442,22.6677,Yes,N/A,2,3,4,2 3,2 4,3 4,N/A,9,N/A,2 9,12
2 3 4 9 11,0.00844002,21.3459,Yes,N/A,2,3,4,2 3,2 4,3 4,N/A,9,N/A,11,3 9
2 3 4 9 11 12,0.000961728,32.8612,Yes,N/A,2,3,4,2 3,2 4,3 4,N/A,9,N/A,11,12
2 3 4 9 10,0.0181684,18.4993,Yes,N/A,2,3,4,2 3,2 4,3 4,N/A,9,10,2 9,2 10
2 3 4 9 10 12,0.00191859,30.0771,Yes,N/A,2,3,4,2 3,2 4,3 4,N/A,9,10,2 9,12
2 3 4 9 10 11,0.00378658,28.4446,Yes,N/A,2,3,4,2 3,2 4,3 4,N/A,9,10,11,2 10
2 3 4 9 10 11 12,0.000494987,40.0145,Yes,N/A,2,3,4,2 3,2 4,3 4,N/A,9,10,11,12
1 2 3 4 7,0.149227,4.92932,Yes,N/A,2,3,4,2 3,2 4,7,1 7,2 7,3 7,4 7,2 3 7
1 2 3 4 7 12,0.01375,15.9877,Yes,N/A,2,3,4,2 3,2 4,7,1 7,2 7,3 7,4 7,12
1 2 3 4 7 11,0.0319093,13.9534,Yes,N/A,2,3,4,2 3,2 4,7,1 7,2 7,3 7,11,2 3 7
1 2 3 4 7 11 12,0.00363698,25.1984,Yes,N/A,2,3,4,2 3,2 4,7,1 7,2 7,3 7,11,12
1 2 3 4 7 10,0.0527656,11.9548,Yes,N/A,2,3,4,2 3,2 4,7,1 7,2 7,10,4 7,2 10
1 2 3 4 7 10 12,0.00603799,23.1313,Yes,N/A,2,3,4,2 3,2 4,7,1 7,2 7,10,4 7,12
1 2 3 4 7 10 11,0.013222,21.1872,Yes,N/A,2,3,4,2 3,2 4,7,1 7,2 7,10,11,2 10
1 2 3 4 7 10 11 12,0.00179875,32.518,Yes,N/A,2,3,4,2 3,2 4,7,1 7,2 7,10,11,12
1 2 3 4 7 9,0.0785568,9.68774,Yes,N/A,2,3,4,2 3,2 4,7,1 7,9,3 7,2 9,3 9
1 2 3 4 7 9 12,0.00900519,20.8904,Yes,N/A,2,3,4,2 3,2 4,7,1 7,9,3 7,2 9,12
1 2 3 4 7 9 11,0.0190146,18.9471,Yes,N/A,2,3,4,2 3,2 4,7,1 7,9,3 7,11,3 9
1 2 3 4 7 9 11 12,0.00261793,30.2209,Yes,N/A,2,3,4,2 3,2 4,7,1 7,9,3 7,11,12
1 2 3 4 7 9 10,0.0305795,17.0528,Yes,N/A,2,3,4,2 3,2 4,7,1 7,9,10,2 9,2 10
1 2 3 4 7 9 10 12,0.0042106,28.2379,Yes,N/A,2,3,4,2 3,2 4,7,1 7,9,10,2 9,12
1 2 3 4 7 9 10 11,0.00873877,26.2865,Yes,N/A,2,3,4,2 3,2 4,7,1 7,9,10,11,2 10
1 2 3 4 7 9 10 11 12,0.00139973,37.5486,Yes,N/A,2,3,4,2 3,2 4,7,1 7,9,10,11,12
1 2 3 4 7 8,0.100852,8.30094,Yes,N/A,2,3,4,2 3,2 4,7,8,2 7,2 8,3 8,4 8
1 2 3 4 7 8 12,0.0116656,19.4151,Yes,N/A,2,3,4,2 3,2 4,7,8,2 7,2 8,3 8,12
1 2 3 4 7 8 11,0.0252399,17.5418,Yes,N/A,2,3,4,2 3,2 4,7,8,2 7,2 8,11,4 8
1 2 3 4 7 8 11 12,0.00348686,28.7772,Yes,N/A,2,3,4,2 3,2 4,7,8,2 7,2 8,11,12
1 2 3 4 7 8 10,0.0411417,15.1668,Yes,N/A,2,3,4,2 3,2 4,7,8,2 7,10,3 8,2 10
1 2 3 4 7 8 10 12,0.00568474,26.2439,Yes,N/A,2,3,4,2 3,2 4,7,8,2 7,10,3 8,12
1 2 3 4 7 8 10 11,0.0117918,24.4634,Yes,N/A,2,3,4,2 3,2 4,7,8,2 7,10,11,2 10
1 2 3 4 7 8 10 11 12,0.00190106,35.6158,Yes,N/A,2,3,4,2 3,2 4,7,8,2 7,10,11,12
1 2 3 4 7 8 9,0.0579002,13.352,Yes,N/A,2,3,4,2 3,2 4,7,8,9,2 8,2 9,3 9
1 2 3 4 7 8 9 12,0.00797869,24.4768,Yes,N/A,2,3,4,2 3,2 4,7,8,9,2 8,2 9,12
1 2 3 4 7 8 9 11,0.0166923,22.3642,Yes,N/A,2,3,4,2 3,2 4,7,8,9,2 8,11,3 9
1 2 3 4 7 8 9 11 12,0.00268751,33.5451,Yes,N/A,2,3,4,2 3,2 4,7,8,9,2 8,11,12
1 2 3 4 7 8 9 10,0.0258835,20.5048,Yes,N/A,2,3,4,2 3,2 4,7,8,9,10,2 9,2 10
1 2 3 4 7 8 9 10 12,0.00418781,31.5173,Yes,N/A,2,3,4,2 3,2 4,7,8,9,10,2 9,12
1 2 3 4 7 8 9 10 11,0.00852745,29.5304,Yes,N/A,2,3,4,2 3,2 4,7,8,9,10,11,2 10
1 2 3 4 7 8 9 10 11 12,0.00157617,40.5892,Yes,N/A,2,3,4,2 3,2 4,7,8,9,10,11,12
1 2 3 4 6,0.160861,4.30232,Yes,N/A,2,3,4,2 3,6,3 4,2 6,3 6,4 6,2 3 6,2 4 6
1 2 3 4 6 12,0.0145227,15.3449,Yes,N/A,2,3,4,2 3,6,3 4,2 6,3 6,4 6,2 3 6,12
1 2 3 4 6 11,0.035451,13.1309,Yes,N/A,2,3,4,2 3,6,3 4,2 6,3 6,4 6,11,2 4 6
1 2 3 4 6 11 12,0.00391536,24.4421,Yes,N/A,2,3,4,2 3,6,3 4,2 6,3 6,4 6,11,12
1 2 3 4 6 10,0.0613352,10.9765,Yes,N/A,2,3,4,2 3,6,3 4,2 6,3 6,10,2 3 6,2 10
1 2 3 4 6 10 12,0.00680731,22.1773,Yes,N/A,2,3,4,2 3,6,3 4,2 6,3 6,10,2 3 6,12
1 2 3 4 6 10 11,0.0154418,20.1512,Yes,N/A,2,3,4,2 3,6,3 4,2 6,3 6,10,11,2 10
1 2 3 4 6 10 11 12,0.00202071,31.5806,Yes,N/A,2,3,4,2 3,6,3 4,2 6,3 6,10,11,12
1 2 3 4 6 9,0.0887895,8.82254,Yes,N/A,2,3,4,2 3,6,3 4,2 6,9,4 6,2 9,3 9
1 2 3 4 6 9 12,0.0100755,19.938,Yes,N/A,2,3,4,2 3,6,3 4,2 6,9,4 6,2 9,12
1 2 3 4 6 9 11,0.0215442,17.9878,Yes,N/A,2,3,4,2 3,6,3 4,2 6,9,4 6,11,3 9
1 2 3 4 6 9 11 12,0.002922,29.2566,Yes,N/A,2,3,4,2 3,6,3 4,2 6,9,4 6,11,12
1 2 3 4 6 9 10,0.0362282,15.9665,Yes,N/A,2,3,4,2 3,6,3 4,2 6,9,10,2 9,2 10
1 2 3 4 6 9 10 12,0.00492211,27.0601,Yes,N/A,2,3,4,2 3,6,3 4,2 6,9,10,2 9,12
1 2 3 4 6 9 10 11,0.010182,25.2824,Yes,N/A,2,3,4,2 3,6,3 4,2 6,9,10,11,2 10
1 2 3 4 6 9 10 11 12,0.00159498,36.5913,Yes,N/A,2,3,4,2 3,6,3 4,2 6,9,10,11,12
1 2 3 4 6 8,0.11613,6.85492,Yes,N/A,2,3,4,2 3,6,3 4,8,3 6,2 8,3 8,4 8
1 2 3 4 6 8 12,0.0132788,17.7938,Yes,N/A,2,3,4,2 3,6,3 4,8,3 6,2 8,3 8,12
1 2 3 4 6 8 11,0.0293833,15.7329,Yes,N/A,2,3,4,2 3,6,3 4,8,3 6,2 8,11,4 8
1 2 3 4 6 8 11 12,0.00399993,26.8825,Yes,N/A,2,3,4,2 3,6,3 4,8,3 6,2 8,11,12
1 2 3 4 6 8 10,0.0475678,13.7679,Yes,N/A,2,3,4,2 3,6,3 4,8,3 6,10,3 8,2 10
1 2 3 4 6 8 10 12,0.00636379,24.9151,Yes,N/A,2,3,4,2 3,6,3 4,8,3 6,10,3 8,12
1 2 3 4 6 8 10 11,0.0136458,22.8633,Yes,N/A,2,3,4,2 3,6,3 4,8,3 6,10,11,2 10
1 2 3 4 6 8 10 11 12,0.00212958,34.0973,Yes,N/A,2,3,4,2 3,6,3 4,8,3 6,10,11,12
1 2 3 4 6 8 9,0.0662234,11.9028,Yes,N/A,2,3,4,2 3,6,3 4,8,9,2 8,2 9,3 9
1 2 3 4 6 8 9 12,0.00907189,22.896,Yes,N/A,2,3,4,2 3,6,3 4,8,9,2 8,2 9,12
1 2 3 4 6 8 9 11,0.018843,20.8355,Yes,N/A,2,3,4,2 3,6,3 4,8,9,2 8,11,3 9
1 2 3 4 6 8 9 11 12,0.00301141,31.9406,Yes,N/A,2,3,4,2 3,6,3 4,8,9,2 8,11,12
1 2 3 4 6 8 9 10,0.0300286,18.8567,Yes,N/A,2,3,4,2 3,6,3 4,8,9,10,2 9,2 10
1 2 3 4 6 8 9 10 12,0.00477005,29.8675,Yes,N/A,2,3,4,2 3,6,3 4,8,9,10,2 9,12
1 2 3 4 6 8 9 10 11,0.00967195,27.9407,Yes,N/A,2,3,4,2 3,6,3 4,8,9,10,11,2 10
1 2 3 4 6 8 9 10 11 12,0.00174978,39.0674,Yes,N/A,2,3,4,2 3,6,3 4,8,9,10,11,12
1 2 3 4 6 7,0.128918,6.04218,Yes,N/A,2,3,4,2 3,6,7,2 6,2 7,3 7,4 7,2 3 7
1 2 3 4 6 7 12,0.0147536,16.8982,Yes,N/A,2,3,4,2 3,6,7,2 6,2 7,3 7,4 7,12
1 2 3 4 6 7 11,0.0329262,14.9076,Yes,N/A,2,3,4,2 3,6,7,2 6,2 7,3 7,11,2 3 7
1 2 3 4 6 7 11 12,0.00451214,25.9289,Yes,N/A,2,3,4,2 3,6,7,2 6,2 7,3 7,11,12
1 2 3 4 6 7 10,0.0526255,12.9303,Yes,N/A,2,3,4,2 3,6,7,2 6,2 7,10,4 7,2 10
1 2 3 4 6 7 10 12,0.00715969,23.8955,Yes,N/A,2,3,4,2 3,6,7,2 6,2 7,10,4 7,12
1 2 3 4 6 7 10 11,0.0155602,21.8398,Yes,N/A,2,3,4,2 3,6,7,2 6,2 7,10,11,2 10
1 2 3 4 6 7 10 11 12,0.00245144,33.0023,Yes,N/A,2,3,4,2 3,6,7,2 6,2 7,10,11,12
1 2 3 4 6 7 9,0.0769813,10.401,Yes,N/A,2,3,4,2 3,6,7,2 6,9,3 7,2 9,3 9
1 2 3 4 6 7 9 12,0.0105218,21.3222,Yes,N/A,2,3,4,2 3,6,7,2 6,9,3 7,2 9,12
1 2 3 4 6 7 9 11,0.0218052,19.2649,Yes,N/A,2,3,4,2 3,6,7,2 6,9,3 7,11,3 9
1 2 3 4 6 7 9 11 12,0.00349047,30.2818,Yes,N/A,2,3,4,2 3,6,7,2 6,9,3 7,11,12
1 2 3 4 6 7 9 10,0.0341288,17.3141,Yes,N/A,2,3,4,2 3,6,7,2 6,9,10,2 9,2 10
1 2 3 4 6 7 9 10 12,0.00547456,28.2002,Yes,N/A,2,3,4,2 3,6,7,2 6,9,10,2 9,12
1 2 3 4 6 7 9 10 11,0.0112199,26.0891,Yes,N/A,2,3,4,2 3,6,7,2 6,9,10,11,2 10
1 2 3 4 6 7 9 10 11 12,0.00204908,37.1029,Yes,N/A,2,3,4,2 3,6,7,2 6,9,10,11,12
1 2 3 4 6 7 8,0.0995978,8.55092,Yes,N/A,2,3,4,2 3,6,7,8,2 7,2 8,3 8,4 8
1 2 3 4 6 7 8 12,0.0136635,19.3167,Yes,N/A,2,3,4,2 3,6,7,8,2 7,2 8,3 8,12
1 2 3 4 6 7 8 11,0.0288706,17.2093,Yes,N/A,2,3,4,2 3,6,7,8,2 7,2 8,11,4 8
1 2 3 4 6 7 8 11 12,0.00463668,28.1098,Yes,N/A,2,3,4,2 3,6,7,8,2 7,2 8,11,12
1 2 3 4 6 7 8 10,0.0453544,14.9963,Yes,N/A,2,3,4,2 3,6,7,8,2 7,10,3 8,2 10
1 2 3 4 6 7 8 10 12,0.00719892,25.8092,Yes,N/A,2,3,4,2 3,6,7,8,2 7,10,3 8,12
1 2 3 4 6 7 8 10 11,0.0149282,23.6624,Yes,N/A,2,3,4,2 3,6,7,8,2 7,10,11,2 10
1 2 3 4 6 7 8 10 11 12,0.00271935,34.5539,Yes,N/A,2,3,4,2 3,6,7,8,2 7,10,11,12
1 2 3 4 6 7 8 9,0.0623462,12.9945,Yes,N/A,2,3,4,2 3,6,7,8,9,2 8,2 9,3 9
1 2 3 4 6 7 8 9 12,0.00999354,23.7339,Yes,N/A,2,3,4,2 3,6,7,8,9,2 8,2 9,12
1 2 3 4 6 7 8 9 11,0.0203237,21.4538,Yes,N/A,2,3,4,2 3,6,7,8,9,2 8,11,3 9
1 2 3 4 6 7 8 9 11 12,0.0037432,32.2599,Yes,N/A,2,3,4,2 3,6,7,8,9,2 8,11,12
1 2 3 4 6 7 8 9 10,0.0313215,19.3205,Yes,N/A,2,3,4,2 3,6,7,8,9,10,2 9,2 10
1 2 3 4 6 7 8 9 10 12,0.00575314,29.9838,Yes,N/A,2,3,4,2 3,6,7,8,9,10,2 9,12
1 2 3 4 6 7 8 9 10 11,0.011547,27.7198,Yes,N/A,2,3,4,2 3,6,7,8,9,10,11,2 10
1 2 3 4 6 7 8 9 10 11 12,0.00238916,38.4506,Yes,N/A,2,3,4,2 3,6,7,8,9,10,11,12
1 2 3 4 5,0.163664,3.99037,Yes,N/A,2,3,4,5,2 4,2 5,3 5,4 5,2 3 5,2 4 5,3 4 5
1 2 3 4 5 12,0.0145548,15.074,Yes,N/A,2,3,4,5,2 4,2 5,3 5,4 5,2 3 5,2 4 5,12
1 2 3 4 5 11,0.0358944,12.8323,Yes,N/A,2,3,4,5,2 4,2 5,3 5,4 5,2 3 5,11,3 4 5
1 2 3 4 5 11 12,0.00390902,24.1876,Yes,N/A,2,3,4,5,2 4,2 5,3 5,4 5,2 3 5,11,12
1 2 3 4 5 10,0.0621162,10.5565,Yes,N/A,2,3,4,5,2 4,2 5,3 5,4 5,10,2 4 5,2 10
1 2 3 4 5 10 12,0.00685821,21.7573,Yes,N/A,2,3,4,5,2 4,2 5,3 5,4 5,10,2 4 5,12
1 2 3 4 5 10 11,0.0155555,19.7642,Yes,N/A,2,3,4,5,2 4,2 5,3 5,4 5,10,11,2 10
1 2 3 4 5 10 11 12,0.00202422,31.2096,Yes,N/A,2,3,4,5,2 4,2 5,3 5,4 5,10,11,12
1 2 3 4 5 9,0.0904289,8.53509,Yes,N/A,2,3,4,5,2 4,2 5,3 5,9,2 3 5,2 9,3 9
1 2 3 4 5 9 12,0.0100491,19.743,Yes,N/A,2,3,4,5,2 4,2 5,3 5,9,2 3 5,2 9,12
1 2 3 4 5 9 11,0.0221845,17.5368,Yes,N/A,2,3,4,5,2 4,2 5,3 5,9,2 3 5,11,3 9
1 2 3 4 5 9 11 12,0.00295422,28.8553,Yes,N/A,2,3,4,5,2 4,2 5,3 5,9,2 3 5,11,12
1 2 3 4 5 9 10,0.0374959,15.3572,Yes,N/A,2,3,4,5,2 4,2 5,3 5,9,10,2 9,2 10
1 2 3 4 5 9 10 12,0.0050119,26.5281,Yes,N/A,2,3,4,5,2 4,2 5,3 5,9,10,2 9,12
1 2 3 4 5 9 10 11,0.0104884,24.7053,Yes,N/A,2,3,4,5,2 4,2 5,3 5,9,10,11,2 10
1 2 3 4 5 9 10 11 12,0.00162284,36.0402,Yes,N/A,2,3,4,5,2 4,2 5,3 5,9,10,11,12
1 2 3 4 5 8,0.114114,6.86171,Yes,N/A,2,3,4,5,2 4,2 5,8,4 5,2 8,3 8,4 8
1 2 3 4 5 8 12,0.0127415,17.9623,Yes,N/A,2,3,4,5,2 4,2 5,8,4 5,2 8,3 8,12
1 2 3 4 5 8 11,0.0282213,15.9629,Yes,N/A,2,3,4,5,2 4,2 5,8,4 5,2 8,11,4 8
1 2 3 4 5 8 11 12,0.00379091,27.2001,Yes,N/A,2,3,4,5,2 4,2 5,8,4 5,2 8,11,12
1 2 3 4 5 8 10,0.0462664,13.6513,Yes,N/A,2,3,4,5,2 4,2 5,8,4 5,10,3 8,2 10
1 2 3 4 5 8 10 12,0.00618022,24.7749,Yes,N/A,2,3,4,5,2 4,2 5,8,4 5,10,3 8,12
1 2 3 4 5 8 10 11,0.0131311,22.8795,Yes,N/A,2,3,4,5,2 4,2 5,8,4 5,10,11,2 10
1 2 3 4 5 8 10 11 12,0.00205167,34.1054,Yes,N/A,2,3,4,5,2 4,2 5,8,4 5,10,11,12
1 2 3 4 5 8 9,0.0663253,11.7384,Yes,N/A,2,3,4,5,2 4,2 5,8,9,2 8,2 9,3 9
1 2 3 4 5 8 9 12,0.00888885,22.8562,Yes,N/A,2,3,4,5,2 4,2 5,8,9,2 8,2 9,12
1 2 3 4 5 8 9 11,0.0188138,20.6448,Yes,N/A,2,3,4,5,2 4,2 5,8,9,2 8,11,3 9
1 2 3 4 5 8 9 11 12,0.00295948,31.835,Yes,N/A,2,3,4,5,2 4,2 5,8,9,2 8,11,12
1 2 3 4 5 8 9 10,0.029652,18.6777,Yes,N/A,2,3,4,5,2 4,2 5,8,9,10,2 9,2 10
1 2 3 4 5 8 9 10 12,0.00466901,29.7338,Yes,N/A,2,3,4,5,2 4,2 5,8,9,10,2 9,12
1 2 3 4 5 8 9 10 11,0.00953217,27.8029,Yes,N/A,2,3,4,5,2 4,2 5,8,9,10,11,2 10
1 2 3 4 5 8 9 10 11 12,0.00171614,38.9629,Yes,N/A,2,3,4,5,2 4,2 5,8,9,10,11,12
1 2 3 4 5 7,0.142493,4.94524,Yes,N/A,2,3,4,5,2 4,7,3 5,2 7,3 7,4 7,5 7
1 2 3 4 5 7 12,0.0158416,15.879,Yes,N/A,2,3,4,5,2 4,7,3 5,2 7,3 7,4 7,12
1 2 3 4 5 7 11,0.03587,13.6259,Yes,N/A,2,3,4,5,2 4,7,3 5,2 7,3 7,11,5 7
1 2 3 4 5 7 11 12,0.00479718,24.7237,Yes,N/A,2,3,4,5,2 4,7,3 5,2 7,3 7,11,12
1 2 3 4 5 7 10,0.0595245,11.4614,Yes,N/A,2,3,4,5,2 4,7,3 5,2 7,10,4 7,2 10
1 2 3 4 5 7 10 12,0.00789724,22.4788,Yes,N/A,2,3,4,5,2 4,7,3 5,2 7,10,4 7,12
1 2 3 4 5 7 10 11,0.0170702,20.3709,Yes,N/A,2,3,4,5,2 4,7,3 5,2 7,10,11,2 10
1 2 3 4 5 7 10 11 12,0.00265297,31.4997,Yes,N/A,2,3,4,5,2 4,7,3 5,2 7,10,11,12
1 2 3 4 5 7 9,0.0846644,9.43458,Yes,N/A,2,3,4,5,2 4,7,3 5,9,3 7,2 9,3 9
1 2 3 4 5 7 9 12,0.0113144,20.3826,Yes,N/A,2,3,4,5,2 4,7,3 5,9,3 7,2 9,12
1 2 3 4 5 7 9 11,0.0237381,18.2024,Yes,N/A,2,3,4,5,2 4,7,3 5,9,3 7,11,3 9
1 2 3 4 5 7 9 11 12,0.00373164,29.2264,Yes,N/A,2,3,4,5,2 4,7,3 5,9,3 7,11,12
1 2 3 4 5 7 9 10,0.0383389,16.0159,Yes,N/A,2,3,4,5,2 4,7,3 5,9,10,2 9,2 10
1 2 3 4 5 7 9 10 12,0.00600415,26.9603,Yes,N/A,2,3,4,5,2 4,7,3 5,9,10,2 9,12
1 2 3 4 5 7 9 10 11,0.0123069,24.8498,Yes,N/A,2,3,4,5,2 4,7,3 5,9,10,11,2 10
1 2 3 4 5 7 9 10 11 12,0.00220856,35.8777,Yes,N/A,2,3,4,5,2 4,7,3 5,9,10,11,12
1 2 3 4 5 7 8,0.1042,7.95579,Yes,N/A,2,3,4,5,2 4,7,8,2 7,2 8,3 8,4 8
1 2 3 4 5 7 8 12,0.0139623,18.8403,Yes,N/A,2,3,4,5,2 4,7,8,2 7,2 8,3 8,12
1 2 3 4 5 7 8 11,0.029311,16.6942,Yes,N/A,2,3,4,5,2 4,7,8,2 7,2 8,11,4 8
1 2 3 4 5 7 8 11 12,0.00464433,27.6554,Yes,N/A,2,3,4,5,2 4,7,8,2 7,2 8,11,12
1 2 3 4 5 7 8 10,0.0471696,14.3268,Yes,N/A,2,3,4,5,2 4,7,8,2 7,10,3 8,2 10
1 2 3 4 5 7 8 10 12,0.00736641,25.1989,Yes,N/A,2,3,4,5,2 4,7,8,2 7,10,3 8,12
1 2 3 4 5 7 8 10 11,0.0151235,23.0982,Yes,N/A,2,3,4,5,2 4,7,8,2 7,10,11,2 10
1 2 3 4 5 7 8 10 11 12,0.00273137,34.0055,Yes,N/A,2,3,4,5,2 4,7,8,2 7,10,11,12
1 2 3 4 5 7 8 9,0.0654864,12.3292,Yes,N/A,2,3,4,5,2 4,7,8,9,2 8,2 9,3 9
1 2 3 4 5 7 8 9 12,0.0102676,23.1782,Yes,N/A,2,3,4,5,2 4,7,8,9,2 8,2 9,12
1 2 3 4 5 7 8 9 11,0.0209626,20.8265,Yes,N/A,2,3,4,5,2 4,7,8,9,2 8,11,3 9
1 2 3 4 5 7 8 9 11 12,0.00380151,31.6999,Yes,N/A,2,3,4,5,2 4,7,8,9,2 8,11,12
1 2 3 4 5 7 8 9 10,0.0326199,18.6198,Yes,N/A,2,3,4,5,2 4,7,8,9,10,2 9,2 10
1 2 3 4 5 7 8 9 10 12,0.00589346,29.3797,Yes,N/A,2,3,4,5,2 4,7,8,9,10,2 9,12
1 2 3 4 5 7 8 9 10 11,0.01181,27.1085,Yes,N/A,2,3,4,5,2 4,7,8,9,10,11,2 10
1 2 3 4 5 7 8 9 10 11 12,0.00241653,37.889,Yes,N/A,2,3,4,5,2 4,7,8,9,10,11,12
1 2 3 4 5 6,0.149922,4.51452,Yes,N/A,2,3,4,5,6,2 5,2 6,3 6,4 6,5 6,2 4 6
1 2 3 4 5 6 12,0.0163359,15.3191,Yes,N/A,2,3,4,5,6,2 5,2 6,3 6,4 6,5 6,12
1 2 3 4 5 6 11,0.0378018,13.0701,Yes,N/A,2,3,4,5,6,2 5,2 6,3 6,4 6,11,2 4 6
1 2 3 4 5 6 11 12,0.00494289,24.1427,Yes,N/A,2,3,4,5,6,2 5,2 6,3 6,4 6,11,12
1 2 3 4 5 6 10,0.0630892,10.9206,Yes,N/A,2,3,4,5,6,2 5,2 6,3 6,10,5 6,2 10
1 2 3 4 5 6 10 12,0.00823119,21.8277,Yes,N/A,2,3,4,5,6,2 5,2 6,3 6,10,5 6,12
1 2 3 4 5 6 10 11,0.0181048,19.747,Yes,N/A,2,3,4,5,6,2 5,2 6,3 6,10,11,2 10
1 2 3 4 5 6 10 11 12,0.00275437,30.9036,Yes,N/A,2,3,4,5,6,2 5,2 6,3 6,10,11,12
1 2 3 4 5 6 9,0.0880123,9.07267,Yes,N/A,2,3,4,5,6,2 5,2 6,9,4 6,2 9,3 9
1 2 3 4 5 6 9 12,0.011532,20.0366,Yes,N/A,2,3,4,5,6,2 5,2 6,9,4 6,2 9,12
1 2 3 4 5 6 9 11,0.0246866,17.6616,Yes,N/A,2,3,4,5,6,2 5,2 6,9,4 6,11,3 9
1 2 3 4 5 6 9 11 12,0.00381139,28.726,Yes,N/A,2,3,4,5,6,2 5,2 6,9,4 6,11,12
1 2 3 4 5 6 9 10,0.0399425,15.5735,Yes,N/A,2,3,4,5,6,2 5,2 6,9,10,2 9,2 10
1 2 3 4 5 6 9 10 12,0.00619369,26.4435,Yes,N/A,2,3,4,5,6,2 5,2 6,9,10,2 9,12
1 2 3 4 5 6 9 10 11,0.0127951,24.3565,Yes,N/A,2,3,4,5,6,2 5,2 6,9,10,11,2 10
1 2 3 4 5 6 9 10 11 12,0.00226958,35.3849,Yes,N/A,2,3,4,5,6,2 5,2 6,9,10,11,12
1 2 3 4 5 6 8,0.115326,7.0668,Yes,N/A,2,3,4,5,6,2 5,8,3 6,2 8,3 8,4 8
1 2 3 4 5 6 8 12,0.0151656,17.8572,Yes,N/A,2,3,4,5,6,2 5,8,3 6,2 8,3 8,12
1 2 3 4 5 6 8 11,0.0328109,15.6405,Yes,N/A,2,3,4,5,6,2 5,8,3 6,2 8,11,4 8
1 2 3 4 5 6 8 11 12,0.00506536,26.5987,Yes,N/A,2,3,4,5,6,2 5,8,3 6,2 8,11,12
1 2 3 4 5 6 8 10,0.0516799,13.4099,Yes,N/A,2,3,4,5,6,2 5,8,3 6,10,3 8,2 10
1 2 3 4 5 6 8 10 12,0.00794026,24.2318,Yes,N/A,2,3,4,5,6,2 5,8,3 6,10,3 8,12
1 2 3 4 5 6 8 10 11,0.0166853,22.038,Yes,N/A,2,3,4,5,6,2 5,8,3 6,10,11,2 10
1 2 3 4 5 6 8 10 11 12,0.00295124,32.9702,Yes,N/A,2,3,4,5,6,2 5,8,3 6,10,11,12
1 2 3 4 5 6 8 9,0.0708664,11.5231,Yes,N/A,2,3,4,5,6,2 5,8,9,2 8,2 9,3 9
1 2 3 4 5 6 8 9 12,0.0109564,22.333,Yes,N/A,2,3,4,5,6,2 5,8,9,2 8,2 9,12
1 2 3 4 5 6 8 9 11,0.0226706,19.961,Yes,N/A,2,3,4,5,6,2 5,8,9,2 8,11,3 9
1 2 3 4 5 6 8 9 11 12,0.00404673,30.8382,Yes,N/A,2,3,4,5,6,2 5,8,9,2 8,11,12
1 2 3 4 5 6 8 9 10,0.0350532,17.752,Yes,N/A,2,3,4,5,6,2 5,8,9,10,2 9,2 10
1 2 3 4 5 6 8 9 10 12,0.00626755,28.457,Yes,N/A,2,3,4,5,6,2 5,8,9,10,2 9,12
1 2 3 4 5 6 8 9 10 11,0.012663,26.2044,Yes,N/A,2,3,4,5,6,2 5,8,9,10,11,2 10
1 2 3 4 5 6 8 9 10 11 12,0.00255798,36.9993,Yes,N/A,2,3,4,5,6,2 5,8,9,10,11,12
1 2 3 4 5 6 7,0.133782,5.83904,Yes,N/A,2,3,4,5,6,7,2 6,2 7,3 7,4 7,5 7
1 2 3 4 5 6 7 12,0.0174775,16.5588,Yes,N/A,2,3,4,5,6,7,2 6,2 7,3 7,4 7,12
1 2 3 4 5 6 7 11,0.0379402,14.3033,Yes,N/A,2,3,4,5,6,7,2 6,2 7,3 7,11,5 7
1 2 3 4 5 6 7 11 12,0.00586146,25.1641,Yes,N/A,2,3,4,5,6,7,2 6,2 7,3 7,11,12
1 2 3 4 5 6 7 10,0.0603896,12.0989,Yes,N/A,2,3,4,5,6,7,2 6,2 7,10,4 7,2 10
1 2 3 4 5 6 7 10 12,0.00921605,22.8619,Yes,N/A,2,3,4,5,6,7,2 6,2 7,10,4 7,12
1 2 3 4 5 6 7 10 11,0.0195505,20.6463,Yes,N/A,2,3,4,5,6,7,2 6,2 7,10,11,2 10
1 2 3 4 5 6 7 10 11 12,0.0034451,31.5322,Yes,N/A,2,3,4,5,6,7,2 6,2 7,10,11,12
1 2 3 4 5 6 7 9,0.083943,9.95207,Yes,N/A,2,3,4,5,6,7,2 6,9,3 7,2 9,3 9
1 2 3 4 5 6 7 9 12,0.01293,20.6741,Yes,N/A,2,3,4,5,6,7,2 6,9,3 7,2 9,12
1 2 3 4 5 6 7 9 11,0.0264517,18.3345,Yes,N/A,2,3,4,5,6,7,2 6,9,3 7,11,3 9
1 2 3 4 5 6 7 9 11 12,0.00472113,29.1109,Yes,N/A,2,3,4,5,6,7,2 6,9,3 7,11,12
1 2 3 4 5 6 7 9 10,0.0416558,16.0183,Yes,N/A,2,3,4,5,6,7,2 6,9,10,2 9,2 10
1 2 3 4 5 6 7 9 10 12,0.00739945,26.6811,Yes,N/A,2,3,4,5,6,7,2 6,9,10,2 9,12
1 2 3 4 5 6 7 9 10 11,0.0149706,24.3476,Yes,N/A,2,3,4,5,6,7,2 6,9,10,11,2 10
1 2 3 4 5 6 7 9 10 11 12,0.0030117,35.0786,Yes,N/A,2,3,4,5,6,7,2 6,9,10,11,12
1 2 3 4 5 6 7 8,0.105693,8.12707,Yes,N/A,2,3,4,5,6,7,8,2 7,2 8,3 8,4 8
1 2 3 4 5 6 7 8 12,0.0163225,18.7426,Yes,N/A,2,3,4,5,6,7,8,2 7,2 8,3 8,12
1 2 3 4 5 6 7 8 11,0.0338115,16.3994,Yes,N/A,2,3,4,5,6,7,8,2 7,2 8,11,4 8
1 2 3 4 5 6 7 8 11 12,0.00604917,27.0876,Yes,N/A,2,3,4,5,6,7,8,2 7,2 8,11,12
1 2 3 4 5 6 7 8 10,0.0524884,13.9878,Yes,N/A,2,3,4,5,6,7,8,2 7,10,3 8,2 10
1 2 3 4 5 6 7 8 10 12,0.00926241,24.579,Yes,N/A,2,3,4,5,6,7,8,2 7,10,3 8,12
1 2 3 4 5 6 7 8 10 11,0.0189892,22.1571,Yes,N/A,2,3,4,5,6,7,8,2 7,10,11,2 10
1 2 3 4 5 6 7 8 10 11 12,0.00381422,32.7847,Yes,N/A,2,3,4,5,6,7,8,2 7,10,11,12
1 2 3 4 5 6 7 8 9,0.0714111,11.8484,Yes,N/A,2,3,4,5,6,7,8,9,2 8,2 9,3 9
1 2 3 4 5 6 7 8 9 12,0.0127258,22.3664,Yes,N/A,2,3,4,5,6,7,8,9,2 8,2 9,12
1 2 3 4 5 6 7 8 9 11,0.025507,19.8467,Yes,N/A,2,3,4,5,6,7,8,9,2 8,11,3 9
1 2 3 4 5 6 7 8 9 11 12,0.00517918,30.3682,Yes,N/A,2,3,4,5,6,7,8,9,2 8,11,12
1 2 3 4 5 6 7 8 9 10,0.0391247,17.3846,Yes,N/A,2,3,4,5,6,7,8,9,10,2 9,2 10
1 2 3 4 5 6 7 8 9 10 12,0.00789976,27.7818,Yes,N/A,2,3,4,5,6,7,8,9,10,2 9,12
1 2 3 4 5 6 7 8 9 10 11,0.0156924,25.2174,Yes,N/A,2,3,4,5,6,7,8,9,10,11,2 10
1 2 3 4 5 6 7 8 9 10 11 12,0.00354709,35.6193,Yes,N/A,2,3,4,5,6,7,8,9,10,11,12
2 3 5 6 9 10,0.0167316,20.9038,No,N/A,2,3,N/A,5,6,2 5,2 6,9,10,2 9,2 10
3 5 6 7 11,0.0121266,20.8898,No,N/A,N/A,3,N/A,5,6,7,3 5,3 6,3 7,11,5 7
2 3 5 6 8 10 12,0.00293747,30.8098,No,N/A,2,3,N/A,5,6,2 5,8,3 6,10,3 8,12
2 3 5 6 8 10 11,0.00553342,29.336,No,N/A,2,3,N/A,5,6,2 5,8,3 6,10,11,2 10
2 3 4 5 6 7 8 9 12,0.00716992,26.4568,No,N/A,2,3,4,5,6,7,8,9,2 8,2 9,12
2 3 5 6 8 9 10,0.0122999,25.4795,No,N/A,2,3,N/A,5,6,2 5,8,9,10,2 9,2 10
2 4 5 8 9 10 11 12,0.000499629,44.3786,No,N/A,2,N/A,4,5,2 4,2 5,8,9,10,11,12
2 3 5 6 7 8 11,0.0125483,23.9729,No,N/A,2,3,N/A,5,6,7,8,2 7,2 8,11,5 7
2 3 5 6 7 8 9,0.0293297,19.7936,No,N/A,2,3,N/A,5,6,7,8,9,2 8,2 9,3 9
2 3 5 6 7 8 9 10,0.0134697,27.1806,No,N/A,2,3,N/A,5,6,7,8,9,10,2 9,2 10
3 4 6 8 11,0.00996895,21.6672,No,N/A,N/A,3,4,N/A,6,3 4,8,3 6,4 6,11,4 8
2 3 4 8,0.102023,7.54936,No,N/A,2,3,4,2 3,2 4,3 4,8,2 3 4,2 8,3 8,4 8
2 3 4 8 10 11,0.00611965,25.2608,No,N/A,2,3,4,2 3,2 4,3 4,8,2 3 4,10,11,2 10
2 3 4 7 11 12,0.00202983,28.8314,No,N/A,2,3,4,2 3,2 4,7,N/A,2 7,3 7,11,12
2 3 4 5 6 8 9 11 12,0.00210748,34.8086,No,N/A,2,3,4,5,6,2 5,8,9,2 8,11,12
2 3 4 7 9 10 12,0.00188714,33.9092,No,N/A,2,3,4,2 3,2 4,7,N/A,9,10,2 9,12
2 3 5 7 8 9 10 11,0.00305508,38.8541,No,N/A,2,3,N/A,5,N/A,7,8,9,10,11,2 10
2 3 4 7 8 9,0.034256,16.2003,No,N/A,2,3,4,2 3,2 4,7,8,9,2 8,2 9,3 9
3 4 6 8 9 10,0.00773074,26.7408,No,N/A,N/A,3,4,N/A,6,3 4,8,9,10,3 8,3 9
2 3 4 7 8 9 11 12,0.00137682,36.9608,No,N/A,2,3,4,2 3,2 4,7,8,9,2 8,11,12
2 3 4 6 7 11 12,0.00253008,28.9439,No,N/A,2,3,4,2 3,6,7,2 6,2 7,3 7,11,12
2 3 4 6,0.129415,5.6044,No,N/A,2,3,4,2 3,6,3 4,2 6,3 6,4 6,2 3 6,2 4 6
2 3 4 6 12,0.0112621,16.8393,No,N/A,2,3,4,2 3,6,3 4,2 6,3 6,4 6,2 3 6,12
2 3 4 6 9,0.0547578,11.6097,No,N/A,2,3,4,2 3,6,3 4,2 6,9,4 6,2 9,3 9
2 3 4 6 9 10 12,0.0025983,30.4388,No,N/A,2,3,4,2 3,6,3 4,2 6,9,10,2 9,12
2 3 4 6 8 12,0.00796214,21.1324,No,N/A,2,3,4,2 3,6,3 4,8,3 6,2 8,3 8,12
2 3 4 6 8 11 12,0.00216205,30.3458,No,N/A,2,3,4,2 3,6,3 4,8,3 6,2 8,11,12
2 3 4 6 8 10 12,0.00315843,29.423,No,N/A,2,3,4,2 3,6,3 4,8,3 6,10,3 8,12
2 3 4 6 8 9 11,0.00924453,24.9273,No,N/A,2,3,4,2 3,6,3 4,8,9,2 8,11,3 9
2 3 4 6 8 9 10,0.0152267,22.9066,No,N/A,2,3,4,2 3,6,3 4,8,9,10,2 9,2 10
2 3 4 6 7 10 11,0.00763706,25.6537,No,N/A,2,3,4,2 3,6,7,2 6,2 7,10,11,2 10
2 3 5 6 8 9 11,0.00755886,27.7047,No,N/A,2,3,N/A,5,6,2 5,8,9,2 8,11,3 9
2 3 4 8 9 11,0.008743,23.4174,No,N/A,2,3,4,2 3,2 4,3 4,8,9,2 8,11,3 9
2 3 4 6 7 8 9,0.0344931,16.9269,No,N/A,2,3,4,2 3,6,7,8,9,2 8,2 9,3 9
2 3 4 6 7 8 9 10,0.0157572,23.7558,No,N/A,2,3,4,2 3,6,7,8,9,10,2 9,2 10
2 3 4 5 11 12,0.00258234,25.6603,No,N/A,2,3,4,5,2 4,2 5,3 5,4 5,2 3 5,11,12
2 3 4 5 10 11,0.0087139,21.9372,No,N/A,2,3,4,5,2 4,2 5,3 5,4 5,10,11,2 10
2 3 4 5 9 12,0.00618316,22.2538,No,N/A,2,3,4,5,2 4,2 5,3 5,9,2 3 5,2 9,12
2 3 4 5 8 9,0.0400396,14.603,No,N/A,2,3,4,5,2 4,2 5,8,9,2 8,2 9,3 9
2 3 4 5 8 9 11,0.00981181,24.1027,No,N/A,2,3,4,5,2 4,2 5,8,9,2 8,11,3 9
2 3 4 5 7,0.0993084,7.57236,No,N/A,2,3,4,5,2 4,7,3 5,2 7,3 7,4 7,5 7
2 3 4 5 7 10,0.0335386,15.115,No,N/A,2,3,4,5,2 4,7,3 5,2 7,10,4 7,2 10
2 3 4 5 8 9 10 12,0.00246179,32.9137,No,N/A,2,3,4,5,2 4,2 5,8,9,10,2 9,12
2 3 4 5 7 9 10 11 12,0.00102835,40.8876,No,N/A,2,3,4,5,2 4,7,3 5,9,10,11,12
2 3 4 5 7 8 10 12,0.00382352,29.7242,No,N/A,2,3,4,5,2 4,7,8,2 7,10,3 8,12
2 3 4 5 6 11 12,0.00308119,26.4909,No,N/A,2,3,4,5,6,2 5,2 6,3 6,4 6,11,12
2 3 4 5 6 10 12,0.0048742,24.7959,No,N/A,2,3,4,5,6,2 5,2 6,3 6,10,5 6,12
2 3 4 5 6 9 12,0.0071129,23.1209,No,N/A,2,3,4,5,6,2 5,2 6,9,4 6,2 9,12
2 3 4 5 6 9 11 12,0.002058,32.3126,No,N/A,2,3,4,5,6,2 5,2 6,9,4 6,11,12
2 3 4 5 6 9 10 12,0.00328828,30.2625,No,N/A,2,3,4,5,6,2 5,2 6,9,10,2 9,12
2 3 5 9,0.0590992,11.2974,No,N/A,2,3,N/A,5,N/A,2 5,3 5,9,2 3 5,2 9,3 9
2 3 4 5 6 8 9 12,0.00634008,25.8241,No,N/A,2,3,4,5,6,2 5,8,9,2 8,2 9,12
3 5 6 7 9,0.0257559,17.8052,No,N/A,N/A,3,N/A,5,6,7,3 5,9,3 7,5 6,3 9
2 3 4 5 6 8 9 11,0.0118611,23.921,No,N/A,2,3,4,5,6,2 5,8,9,2 8,11,3 9
2 3 4 5 6 8 9 10 11,0.00619211,30.4986,No,N/A,2,3,4,5,6,2 5,8,9,10,11,2 10
2 3 4 5 6 7 12,0.0120744,19.1375,No,N/A,2,3,4,5,6,7,2 6,2 7,3 7,4 7,12
2 3 4 5 6 8 11,0.0188391,18.7875,No,N/A,2,3,4,5,6,2 5,8,3 6,2 8,11,4 8
3 4 5 7 10 11 12,0.000696588,39.5697,No,N/A,N/A,3,4,5,N/A,7,3 5,4 5,10,11,12
2 3 5 6 7 9 11 12,0.00165127,36.4637,No,N/A,2,3,N/A,5,6,7,2 6,9,3 7,11,12
2 3 4 5 6 7 10,0.0363115,15.35,No,N/A,2,3,4,5,6,7,2 6,2 7,10,4 7,2 10
2 3 4 5 6 7 8 9,0.0414329,15.7311,No,N/A,2,3,4,5,6,7,8,9,2 8,2 9,3 9
2 3 4 5 6 7 8 9 10 11 12,0.00172665,40.7768,No,N/A,2,3,4,5,6,7,8,9,10,11,12
3 4 5 6 7 12,0.00800659,22.0264,No,N/A,N/A,3,4,5,6,7,3 5,3 6,3 7,4 7,12
2 3 4 5 8 10 12,0.00346729,27.9358,No,N/A,2,3,4,5,2 4,2 5,8,4 5,10,3 8,12
2 3 4 6 10 12,0.00401282,24.8554,No,N/A,2,3,4,2 3,6,3 4,2 6,3 6,10,2 3 6,12
2 3 4 5 6 7 8 9 11,0.0132286,24.429,No,N/A,2,3,4,5,6,7,8,9,2 8,11,3 9
2 3 4 5 6 9 10 11 12,0.00113836,39.0485,No,N/A,2,3,4,5,6,2 5,2 6,9,10,11,12
3 4 5 7 8 10,0.0139004,23.443,No,N/A,N/A,3,4,5,N/A,7,8,4 5,10,3 8,4 8
2 3 4 5 6 9 10,0.0220365,19.1124,No,N/A,2,3,4,5,6,2 5,2 6,9,10,2 9,2 10
2 3 4 5 6 8 10 12,0.00441997,27.9515,No,N/A,2,3,4,5,6,2 5,8,3 6,10,3 8,12
2 3 6 7 11 12,0.00193616,29.2957,No,N/A,2,3,N/A,2 3,6,7,2 6,2 7,3 7,11,12
2 3 4 7 8 9 10,0.0137899,23.6617,No,N/A,2,3,4,2 3,2 4,7,8,9,10,2 9,2 10
2 3 4 5 6 12,0.0119648,17.3385,No,N/A,2,3,4,5,6,2 5,2 6,3 6,4 6,5 6,12
2 3 4 6 8 10 11,0.00659721,27.0556,No,N/A,2,3,4,2 3,6,3 4,8,3 6,10,11,2 10
2 3 4 5 8 9 10,0.0160035,21.7335,No,N/A,2,3,4,5,2 4,2 5,8,9,10,2 9,2 10
2 4 5 6 8 9 10 12,0.0018054,36.8363,No,N/A,2,N/A,4,5,6,2 5,8,9,10,2 9,12
2 3 5 6 7 10 12,0.00359255,29.0638,No,N/A,2,3,N/A,5,6,7,2 6,2 7,10,5 6,12
2 3 4 5 6 7 9 10 11,0.00739955,28.9963,No,N/A,2,3,4,5,6,7,2 6,9,10,11,2 10
2 3 4 7 11,0.0172611,17.5797,No,N/A,2,3,4,2 3,2 4,7,N/A,2 7,3 7,11,2 3 7
2 3 4 5 7 9 10 11,0.00574117,29.7505,No,N/A,2,3,4,5,2 4,7,3 5,9,10,11,2 10
2 3 5 6 8 9,0.0300906,17.948,No,N/A,2,3,N/A,5,6,2 5,8,9,2 8,2 9,3 9
3 5 6 8 10 11 12,0.000424149,44.2105,No,N/A,N/A,3,N/A,5,6,N/A,8,3 6,10,11,12
3 4 6 7 9 10,0.00731358,28.1901,No,N/A,N/A,3,4,N/A,6,7,N/A,9,10,4 7,3 9
3 4 5 7 12,0.00728738,21.4229,No,N/A,N/A,3,4,5,N/A,7,3 5,4 5,3 7,4 7,12
2 3 5 6 7 8 9 12,0.00463575,30.8777,No,N/A,2,3,N/A,5,6,7,8,9,2 8,2 9,12
2 3 5 6 7 8 12,0.00686659,25.3579,No,N/A,2,3,N/A,5,6,7,8,2 7,2 8,3 8,12
2 4 6 8 9 10 11,0.00196407,38.9306,No,N/A,2,N/A,4,N/A,6,N/A,8,9,10,11,2 10
2 3 5 9 11,0.00924338,21.4841,No,N/A,2,3,N/A,5,N/A,2 5,3 5,9,2 3 5,11,3 9
2 3 5 6 8 12,0.00720472,22.7434,No,N/A,2,3,N/A,5,6,2 5,8,3 6,2 8,3 8,12
2 3 4 8 9 11 12,0.0012025,34.7462,No,N/A,2,3,4,2 3,2 4,3 4,8,9,2 8,11,12
3 5 6 8 9 10 11 12,0.000298943,51.3319,No,N/A,N/A,3,N/A,5,6,N/A,8,9,10,11,12
2 3 4 6 7 12,0.009524,19.5361,No,N/A,2,3,4,2 3,6,7,2 6,2 7,3 7,4 7,12
2 3 4 5 6 7 8 11,0.0189748,20.0972,No,N/A,2,3,4,5,6,7,8,2 7,2 8,11,4 8
2 3 4 7 10,0.0277778,16.0087,No,N/A,2,3,4,2 3,2 4,7,N/A,2 7,10,4 7,2 10
2 3 4 5 7 9 12,0.00625145,24.6253,No,N/A,2,3,4,5,2 4,7,3 5,9,3 7,2 9,12
2 3 4 7 9 10 11,0.00369966,32.2253,No,N/A,2,3,4,2 3,2 4,7,N/A,9,10,11,2 10
2 3 4 7 8 10 11 12,0.000972355,38.9475,No,N/A,2,3,4,2 3,2 4,7,8,2 7,10,11,12
3 4 5 6 8 9 10 11 12,0.000606875,46.1309,No,N/A,N/A,3,4,5,6,3 4,8,9,10,11,12
2 3 5 6 7 10 11,0.00741188,26.8801,No,N/A,2,3,N/A,5,6,7,2 6,2 7,10,11,2 10
2 3 6 8 11,0.00971492,21.7497,No,N/A,2,3,N/A,2 3,6,N/A,8,3 6,2 8,11,N/A
2 3 4 5 7 8 10 11 12,0.00133269,38.7367,No,N/A,2,3,4,5,2 4,7,8,2 7,10,11,12
2 3 4 5 6 8 10,0.0300541,16.8545,No,N/A,2,3,4,5,6,2 5,8,3 6,10,3 8,2 10
3 4 5 7 9 11 12,0.000945322,38.1977,No,N/A,N/A,3,4,5,N/A,7,3 5,9,3 7,11,12
2 3 4 8 9 10 11,0.00382382,31.0003,No,N/A,2,3,4,2 3,2 4,3 4,8,9,10,11,2 10
2 3 6 7 8 9,0.0266291,19.3365,No,N/A,2,3,N/A,2 3,6,7,8,9,2 8,2 9,3 9
2 3 4 8 10 12,0.00299255,27.1316,No,N/A,2,3,4,2 3,2 4,3 4,8,2 3 4,10,3 8,12
2 3 4 5 9 10 11,0.00533984,27.5883,No,N/A,2,3,4,5,2 4,2 5,3 5,9,10,11,2 10
2 3 4 8 9 10 11 12,0.000597858,42.3949,No,N/A,2,3,4,2 3,2 4,3 4,8,9,10,11,12
2 3 4 5 6 8 9 10 12,0.00323953,32.6481,No,N/A,2,3,4,5,6,2 5,8,9,10,2 9,12
3 5 6 7 10,0.0174183,19.4223,No,N/A,N/A,3,N/A,5,6,7,3 5,3 6,10,5 6,5 7
2 3 4 5 6 8 9 10 11 12,0.00124691,41.3384,No,N/A,2,3,4,5,6,2 5,8,9,10,11,12
2 3 4 5 6 7 8 10 11 12,0.00195098,37.1581,No,N/A,2,3,4,5,6,7,8,2 7,10,11,12
2 3 4 6 7 8 9 10 11,0.00537729,32.5419,No,N/A,2,3,4,2 3,6,7,8,9,10,11,2 10
2 3 4 5 8 11 12,0.00220714,29.8208,No,N/A,2,3,4,5,2 4,2 5,8,4 5,2 8,11,12
2 3 5 6 7 9 10 11 12,0.000910578,43.8158,No,N/A,2,3,N/A,5,6,7,2 6,9,10,11,12
2 3 5 6 8 10,0.0217313,19.5919,No,N/A,2,3,N/A,5,6,2 5,8,3 6,10,3 8,2 10
3 5 6 10 11,0.00416286,27.0786,No,N/A,N/A,3,N/A,5,6,N/A,3 5,3 6,10,11,N/A
2 3 4 5 7 9 10,0.0194956,20.612,No,N/A,2,3,4,5,2 4,7,3 5,9,10,2 9,2 10
2 3 5 6 7 11 12,0.00242533,30.4813,No,N/A,2,3,N/A,5,6,7,2 6,2 7,3 7,11,12
2 3 5 7 8 11,0.00988242,24.3077,No,N/A,2,3,N/A,5,N/A,7,8,2 7,2 8,11,5 7
2 3 4 7 8 9 11,0.00856402,25.7431,No,N/A,2,3,4,2 3,2 4,7,8,9,2 8,11,3 9
2 3 4 7 8 9 10 11,0.00415168,32.9507,No,N/A,2,3,4,2 3,2 4,7,8,9,10,11,2 10
3 4 5 7 8,0.0426859,15.2843,No,N/A,N/A,3,4,5,N/A,7,8,4 5,3 7,3 8,4 8
3 4 6 7 8 10 11,0.003492,33.733,No,N/A,N/A,3,4,N/A,6,7,8,3 6,10,11,4 8
3 5 6 7 9 10 11,0.00280289,35.043,No,N/A,N/A,3,N/A,5,6,7,3 5,9,10,11,3 9
2 3 4 5 6 7 8 9 10 12,0.00407209,32.5917,No,N/A,2,3,4,5,6,7,8,9,10,2 9,12
2 3 4 6 7 10 11 12,0.00122686,36.6235,No,N/A,2,3,4,2 3,6,7,2 6,2 7,10,11,12
2 3 4 5 9,0.0581466,10.9009,No,N/A,2,3,4,5,2 4,2 5,3 5,9,2 3 5,2 9,3 9
2 3 4 6 9 10 11,0.0051052,28.5352,No,N/A,2,3,4,2 3,6,3 4,2 6,9,10,11,2 10
3 4 5 6 9 11 12,0.00122978,35.2588,No,N/A,N/A,3,4,5,6,3 4,3 5,9,4 6,11,12
2 3 4 6 7 9 11,0.0107043,23.6576,No,N/A,2,3,4,2 3,6,7,2 6,9,3 7,11,3 9
2 3 5 6 7 8 9 11 12,0.00159192,40.2471,No,N/A,2,3,N/A,5,6,7,8,9,2 8,11,12
3 5 6 9 11 12,0.000715507,38.1024,No,N/A,N/A,3,N/A,5,6,N/A,3 5,9,N/A,11,12
2 3 4 5 6 9 11,0.01344,21.2083,No,N/A,2,3,4,5,6,2 5,2 6,9,4 6,11,3 9
2 3 4 5 7 10 11,0.00875557,24.1261,No,N/A,2,3,4,5,2 4,7,3 5,2 7,10,11,2 10
2 3 4 7 8 12,0.00763951,21.7188,No,N/A,2,3,4,2 3,2 4,7,8,2 7,2 8,3 8,12
2 3 4 5 6 8 11 12,0.00292884,29.5994,No,N/A,2,3,4,5,6,2 5,8,3 6,2 8,11,12
2 4 5 6 7 9,0.0324683,17.0727,No,N/A,2,N/A,4,5,6,7,2 6,9,4 6,2 9,5 7
2 3 6 7 10 11,0.00598589,26.0258,No,N/A,2,3,N/A,2 3,6,7,2 6,2 7,10,11,2 10
2 3 5 6 9 11 12,0.00134835,34.4836,No,N/A,2,3,N/A,5,6,2 5,2 6,9,2 3 5,11,12
2 3 4 5 6 7 8,0.0683112,11.2154,No,N/A,2,3,4,5,6,7,8,2 7,2 8,3 8,4 8
3 4 6 7 8 9 11 12,0.000887322,42.836,No,N/A,N/A,3,4,N/A,6,7,8,9,3 7,11,12
2 3 4 7 9 11 12,0.00118411,35.7105,No,N/A,2,3,4,2 3,2 4,7,N/A,9,3 7,11,12
3 4 5 6 8 10,0.0170743,20.2759,No,N/A,N/A,3,4,5,6,3 4,8,3 6,10,3 8,4 8
2 3 4 5 7 9 11 12,0.00182509,34.0496,No,N/A,2,3,4,5,2 4,7,3 5,9,3 7,11,12
2 4 5 6 7 10 12,0.00349122,29.2835,No,N/A,2,N/A,4,5,6,7,2 6,2 7,10,4 7,12
2 4 5 7 8 9 10,0.0105445,26.2107,No,N/A,2,N/A,4,5,2 4,7,8,9,10,2 9,2 10
2 4 5 7 9 11 12,0.000841683,39.6925,No,N/A,2,N/A,4,5,2 4,7,N/A,9,N/A,11,12
2 4 5 6 7 12,0.00812507,21.8496,No,N/A,2,N/A,4,5,6,7,2 6,2 7,4 6,4 7,12
2 3 5 6 7 8 10 11 12,0.00112035,42.3571,No,N/A,2,3,N/A,5,6,7,8,2 7,10,11,12
2 3 5 6 8 9 10 11,0.00368481,35.0938,No,N/A,2,3,N/A,5,6,2 5,8,9,10,11,2 10
2 3 4 5 6 7 9 11 12,0.00247778,33.4807,No,N/A,2,3,4,5,6,7,2 6,9,3 7,11,12
2 4 7 8 9 11,0.00525305,28.6845,No,N/A,2,N/A,4,N/A,2 4,7,8,9,2 8,11,4 8
2 3 4 6 7 8 10 11,0.0072324,28.0729,No,N/A,2,3,4,2 3,6,7,8,2 7,10,11,2 10
2 4 5 6 11 12,0.00225845,28.2751,No,N/A,2,N/A,4,5,6,2 5,2 6,4 5,4 6,11,12
3 4 5 7 9 10 11,0.00281215,34.6371,No,N/A,N/A,3,4,5,N/A,7,3 5,9,10,11,3 9
2 3 4 6 7 11,0.018151,18.0254,No,N/A,2,3,4,2 3,6,7,2 6,2 7,3 7,11,2 3 7
2 3 4 5 6 7 8 10,0.029718,17.8927,No,N/A,2,3,4,5,6,7,8,2 7,10,3 8,2 10
3 4 6 7 11 12,0.00131856,33.5233,No,N/A,N/A,3,4,N/A,6,7,N/A,3 6,3 7,11,12
2 4 6 7 8 11,0.00952757,24.8539,No,N/A,2,N/A,4,N/A,6,7,8,2 7,2 8,11,4 8
3 4 6 8 9 11 12,0.000802322,39.6849,No,N/A,N/A,3,4,N/A,6,3 4,8,9,4 6,11,12
3 5 6 10 11 12,0.000591405,38.0719,No,N/A,N/A,3,N/A,5,6,N/A,3 5,3 6,10,11,12
2 3 5 6 7 10 11 12,0.00117864,38.1066,No,N/A,2,3,N/A,5,6,7,2 6,2 7,10,11,12
3 4 6 7 9 11,0.00531709,29.2148,No,N/A,N/A,3,4,N/A,6,7,N/A,9,3 7,11,3 9
2 3 5 6 8 9 11 12,0.00123102,38.8731,No,N/A,2,3,N/A,5,6,2 5,8,9,2 8,11,12
2 3 5 6 7 10,0.0274388,17.7214,No,N/A,2,3,N/A,5,6,7,2 6,2 7,10,5 6,2 10
2 3 5 9 10,0.0162799,19.7205,No,N/A,2,3,N/A,5,N/A,2 5,3 5,9,10,2 9,2 10
2 3 4 5 7 8 12,0.0084227,22.4073,No,N/A,2,3,4,5,2 4,7,8,2 7,2 8,3 8,12
3 4 5 6 7 11,0.0148732,20.574,No,N/A,N/A,3,4,5,6,7,3 5,3 6,3 7,11,5 7
2 3 4 7 10 12,0.00307273,27.434,No,N/A,2,3,4,2 3,2 4,7,N/A,2 7,10,4 7,12
2 3 4 5 6 8 10 11,0.00866922,25.8105,No,N/A,2,3,4,5,6,2 5,8,3 6,10,11,2 10
2 3 4 7 9,0.0411618,14.3517,No,N/A,2,3,4,2 3,2 4,7,N/A,9,3 7,2 9,3 9
2 3 4 5 8 9 10 11 12,0.000855121,42.2052,No,N/A,2,3,4,5,2 4,2 5,8,9,10,11,12
2 3 4 5 6 10,0.039541,13.598,No,N/A,2,3,4,5,6,2 5,2 6,3 6,10,5 6,2 10
2 3 4 6 7 10 12,0.00385882,27.3828,No,N/A,2,3,4,2 3,6,7,2 6,2 7,10,4 7,12
2 3 5 6 7 8 11 12,0.00209254,34.7939,No,N/A,2,3,N/A,5,6,7,8,2 7,2 8,11,12
2 3 6 7 9 11,0.00865118,24.6536,No,N/A,2,3,N/A,2 3,6,7,2 6,9,3 7,11,3 9
2 4 6 9 12,0.00331981,25.5555,No,N/A,2,N/A,4,N/A,6,N/A,2 6,9,4 6,2 9,12
2 3 5 6 7 9 10 12,0.00256628,34.5936,No,N/A,2,3,N/A,5,6,7,2 6,9,10,2 9,12
3 4 6 8 9 12,0.00272079,30.0158,No,N/A,N/A,3,4,N/A,6,3 4,8,9,4 6,3 8,12
2 4 7 8 10,0.0164395,20.283,No,N/A,2,N/A,4,N/A,2 4,7,8,2 7,10,4 7,2 10
2 3 4 6 7 8 10 11 12,0.00131337,39.0366,No,N/A,2,3,4,2 3,6,7,8,2 7,10,11,12
2 3 4 6 10,0.0375586,13.4403,No,N/A,2,3,4,2 3,6,3 4,2 6,3 6,10,2 3 6,2 10
2 3 5 6 7 9,0.0412385,15.7316,No,N/A,2,3,N/A,5,6,7,2 6,9,3 7,2 9,3 9
2 3 4 8 10,0.0281421,15.6587,No,N/A,2,3,4,2 3,2 4,3 4,8,2 3 4,10,3 8,2 10
2 3 4 5 7 10 12,0.00420642,26.4373,No,N/A,2,3,4,5,2 4,7,3 5,2 7,10,4 7,12
3 5 7 8 9 12,0.00198193,33.2203,No,N/A,N/A,3,N/A,5,N/A,7,8,9,3 7,3 8,12
2 4 7 9 11 12,0.000722917,37.6454,No,N/A,2,N/A,4,N/A,2 4,7,N/A,9,N/A,11,12
2 3 4 5 7 8 9 11,0.0104101,25.5387,No,N/A,2,3,4,5,2 4,7,8,9,2 8,11,3 9
3 4 6 7 10 12,0.00189269,32.335,No,N/A,N/A,3,4,N/A,6,7,N/A,3 6,10,4 7,12
2 3 4 6 8 10 11 12,0.00102473,38.4189,No,N/A,2,3,4,2 3,6,3 4,8,3 6,10,11,12
2 3 4 5 6 7 9 10,0.0224866,20.2625,No,N/A,2,3,4,5,6,7,2 6,9,10,2 9,2 10
3 4 5 8 9 11 12,0.000665937,41.0271,No,N/A,N/A,3,4,5,N/A,3 4,8,9,N/A,11,12
3 4 5 6 7,0.0685585,10.9267,No,N/A,N/A,3,4,5,6,7,3 5,3 6,3 7,4 7,5 7
2 3 4 8 9 10 12,0.00198356,32.7362,No,N/A,2,3,4,2 3,2 4,3 4,8,9,10,2 9,12
2 4 7 10 11 12,0.000597756,37.653,No,N/A,2,N/A,4,N/A,2 4,7,N/A,2 7,10,11,12
2 4 6 7 8 12,0.00481936,26.6452,No,N/A,2,N/A,4,N/A,6,7,8,2 7,2 8,4 7,12
2 3 4 5 6 7 9,0.0511089,13.5218,No,N/A,2,3,4,5,6,7,2 6,9,3 7,2 9,3 9
2 4 5 6 7 8 9 10 12,0.00230215,37.763,No,N/A,2,N/A,4,5,6,7,8,9,10,2 9,12
2 4 5 6 7 8 9 11 12,0.00147394,40.1248,No,N/A,2,N/A,4,5,6,7,8,9,2 8,11,12
2 3 4 6 7,0.0868484,8.51355,No,N/A,2,3,4,2 3,6,7,2 6,2 7,3 7,4 7,2 3 7
3 4 5 6 7 10 11,0.00582216,28.3602,No,N/A,N/A,3,4,5,6,7,3 5,3 6,10,11,5 7
2 3 4 5 7 8 10,0.0254915,18.5948,No,N/A,2,3,4,5,2 4,7,8,2 7,10,3 8,2 10
3 5 6 9 10 11,0.00230846,33.9106,No,N/A,N/A,3,N/A,5,6,N/A,3 5,9,10,11,3 9
2 4 5 6 7 8 9,0.0257121,19.9054,No,N/A,2,N/A,4,5,6,7,8,9,2 8,2 9,4 8
2 4 5 6 7 8 10 11,0.00597812,30.8281,No,N/A,2,N/A,4,5,6,7,8,2 7,10,11,2 10
3 4 5 6 7 8,0.0430389,14.8081,No,N/A,N/A,3,4,5,6,7,8,3 6,3 7,3 8,4 8
3 4 5 6 8 9 10,0.00936272,26.147,No,N/A,N/A,3,4,5,6,3 4,8,9,10,3 8,3 9
2 4 5 6 7 8 11 12,0.00203121,34.685,No,N/A,2,N/A,4,5,6,7,8,2 7,2 8,11,12
2 3 6 7 8 11 12,0.00167785,33.7942,No,N/A,2,3,N/A,2 3,6,7,8,2 7,2 8,11,12
2 3 5 6 7 8 9 10 11 12,0.000956856,47.529,No,N/A,2,3,N/A,5,6,7,8,9,10,11,12
2 4 5 6 7 8 12,0.00644881,25.4694,No,N/A,2,N/A,4,5,6,7,8,2 7,2 8,4 7,12
2 4 5 6 7 10 11,0.00680652,27.5457,No,N/A,2,N/A,4,5,6,7,2 6,2 7,10,11,2 10
2 4 6 8 9 10 11 12,0.000325085,50.6247,No,N/A,2,N/A,4,N/A,6,N/A,8,9,10,11,12
2 3 4 5 10 12,0.00407236,24.0827,No,N/A,2,3,4,5,2 4,2 5,3 5,4 5,10,2 4 5,12
2 4 5 6 7 11,0.0152194,20.3251,No,N/A,2,N/A,4,5,6,7,2 6,2 7,4 6,11,5 7
2 3 6 7,0.0948645,8.42713,No,N/A,2,3,N/A,2 3,6,7,2 6,2 7,3 7,2 3 6,2 3 7
2 3 4 8 11,0.0168658,17.321,No,N/A,2,3,4,2 3,2 4,3 4,8,2 3 4,2 8,11,4 8
2 4 5 6 10 11,0.00699922,24.9625,No,N/A,2,N/A,4,5,6,2 5,2 6,4 5,10,11,2 10
2 4 5 6 7 9 10 11,0.00421894,33.4694,No,N/A,2,N/A,4,5,6,7,2 6,9,10,11,2 10
2 3 4 7 9 10,0.0141191,22.4799,No,N/A,2,3,4,2 3,2 4,7,N/A,9,10,2 9,2 10
2 3 5 9 10 12,0.00170952,31.3756,No,N/A,2,3,N/A,5,N/A,2 5,3 5,9,10,2 9,12
2 3 5 8 9 11,0.00648402,26.9342,No,N/A,2,3,N/A,5,N/A,2 5,8,9,2 8,11,3 9
2 4 6 8 10 11 12,0.000364336,45.2563,No,N/A,2,N/A,4,N/A,6,N/A,8,N/A,10,11,12
2 3 4 7 8 10 12,0.00312127,29.4582,No,N/A,2,3,4,2 3,2 4,7,8,2 7,10,3 8,12
3 5 7 8 9 10 11 12,0.000315725,51.3979,No,N/A,N/A,3,N/A,5,N/A,7,8,9,10,11,12
2 4 5 6 9 11,0.00859085,23.8138,No,N/A,2,N/A,4,5,6,2 5,2 6,9,4 6,11,2 4 6
2 4 5 6 9 12,0.0048265,25.0712,No,N/A,2,N/A,4,5,6,2 5,2 6,9,4 6,2 9,12
2 4 5 6,0.111711,7.37864,No,N/A,2,N/A,4,5,6,2 5,2 6,4 5,4 6,5 6,2 4 6
2 4 5 7 8 9 10 11 12,0.000645197,46.5451,No,N/A,2,N/A,4,5,2 4,7,8,9,10,11,12
2 3 4 6 7 8 9 10 12,0.00281897,34.6683,No,N/A,2,3,4,2 3,6,7,8,9,10,2 9,12
2 4 5 7 8 9 10 11,0.00332684,35.4476,No,N/A,2,N/A,4,5,2 4,7,8,9,10,11,2 10
2 4 5 7 8 10 12,0.00253396,31.9479,No,N/A,2,N/A,4,5,2 4,7,8,2 7,10,4 7,12
3 5 6 9,0.0269776,16.3288,No,N/A,N/A,3,N/A,5,6,N/A,3 5,9,N/A,5 6,3 9
3 4 6 7 9 10 12,0.00109321,39.6581,No,N/A,N/A,3,4,N/A,6,7,N/A,9,10,4 7,12
2 3 4 8 10 11 12,0.000816324,36.6492,No,N/A,2,3,4,2 3,2 4,3 4,8,2 3 4,10,11,12
2 4 5 6 10 12,0.00344364,26.8315,No,N/A,2,N/A,4,5,6,2 5,2 6,4 5,10,5 6,12
2 3 4 6 7 9 11 12,0.00170968,34.7183,No,N/A,2,3,4,2 3,6,7,2 6,9,3 7,11,12
3 5 6 7 8 9 11,0.00453653,32.2938,No,N/A,N/A,3,N/A,5,6,7,8,9,3 7,11,3 9
2 3 6 8 10 11 12,0.000543885,41.3559,No,N/A,2,3,N/A,2 3,6,N/A,8,3 6,10,11,12
2 3 6 8 10,0.0183304,19.7568,No,N/A,2,3,N/A,2 3,6,N/A,8,3 6,10,3 8,2 10
2 3 6 7 8 9 10,0.0111057,26.9484,No,N/A,2,3,N/A,2 3,6,7,8,9,10,2 9,2 10
3 4 5 7 9 10 12,0.00143783,36.4547,No,N/A,N/A,3,4,5,N/A,7,3 5,9,10,4 7,12
3 4 5 9 10 11 12,0.000414116,42.1833,No,N/A,N/A,3,4,5,N/A,3 4,3 5,9,10,11,12
2 4 5 7 9 12,0.00322481,29.4779,No,N/A,2,N/A,4,5,2 4,7,N/A,9,N/A,2 9,12
2 4 5 7 10 11 12,0.000763567,39.1129,No,N/A,2,N/A,4,5,2 4,7,N/A,2 7,10,11,12
2 3 4 5 8 11,0.0161382,18.7109,No,N/A,2,3,4,5,2 4,2 5,8,4 5,2 8,11,4 8
3 5 6 7 11 12,0.0015837,32.1688,No,N/A,N/A,3,N/A,5,6,7,3 5,3 6,3 7,11,12
2 4 5 6 8,0.057637,12.1554,No,N/A,2,N/A,4,5,6,2 5,8,4 5,2 8,5 6,4 8
3 4 5 6 7 9,0.0304395,17.1312,No,N/A,N/A,3,4,5,6,7,3 5,9,3 7,4 7,3 9
2 4 5 8 9 10 11,0.00291204,33.1687,No,N/A,2,N/A,4,5,2 4,2 5,8,9,10,11,2 10
2 3 4 7 8 11 12,0.00200594,31.3987,No,N/A,2,3,4,2 3,2 4,7,8,2 7,2 8,11,12
2 3 5 7 8 11 12,0.00142074,35.5954,No,N/A,2,3,N/A,5,N/A,7,8,2 7,2 8,11,12
2 3 4 6 7 8 11,0.0152763,20.9803,No,N/A,2,3,4,2 3,6,7,8,2 7,2 8,11,4 8
2 4 5 8 9 10 12,0.00151093,35.0207,No,N/A,2,N/A,4,5,2 4,2 5,8,9,10,2 9,12
2 3 4 5 12,0.0113574,16.1498,No,N/A,2,3,4,5,2 4,2 5,3 5,4 5,2 3 5,2 4 5,12
3 5 6 7 8 10,0.0115526,24.2861,No,N/A,N/A,3,N/A,5,6,7,8,3 6,10,3 8,5 7
2 4 5 6 8 10 11 12,0.000855023,40.9315,No,N/A,2,N/A,4,5,6,2 5,8,4 5,10,11,12
2 4 5 6 8 9 12,0.00382116,29.077,No,N/A,2,N/A,4,5,6,2 5,8,9,2 8,2 9,12
3 5 7 8 10,0.00918781,24.8105,No,N/A,N/A,3,N/A,5,N/A,7,8,N/A,10,3 8,5 7
2 4 7 9 10 12,0.00136539,34.7654,No,N/A,2,N/A,4,N/A,2 4,7,N/A,9,10,2 9,12
3 4 5 6 10 11 12,0.000902984,36.6027,No,N/A,N/A,3,4,5,6,3 4,3 5,3 6,10,11,12
2 3 5 7 8 9 11 12,0.00105192,41.8821,No,N/A,2,3,N/A,5,N/A,7,8,9,2 8,11,12
2 4 5 8 9,0.0282541,16.0704,No,N/A,2,N/A,4,5,2 4,2 5,8,9,2 8,2 9,4 8
2 3 6 7 9,0.0410284,14.867,No,N/A,2,3,N/A,2 3,6,7,2 6,9,3 7,2 9,3 9
2 3 4 5 6 7 8 9 10,0.020672,21.9205,No,N/A,2,3,4,5,6,7,8,9,10,2 9,2 10
3 4 6 7 8 9 10,0.00738132,30.0115,No,N/A,N/A,3,4,N/A,6,7,8,9,10,3 8,3 9
2 3 5 6 7 9 12,0.00549455,26.9515,No,N/A,2,3,N/A,5,6,7,2 6,9,3 7,2 9,12
2 3 4 7 10 11,0.00623595,25.6939,No,N/A,2,3,4,2 3,2 4,7,N/A,2 7,10,11,2 10
2 3 4 5 6 7 8 9 10 11,0.00768932,30.2397,No,N/A,2,3,4,5,6,7,8,9,10,11,2 10
2 3 4 7 8 10 11,0.00601328,27.8147,No,N/A,2,3,4,2 3,2 4,7,8,2 7,10,11,2 10
3 5 7 8 9 10 12,0.000893392,41.6014,No,N/A,N/A,3,N/A,5,N/A,7,8,9,10,3 8,12
2 4 5 8 10 11,0.00501861,27.0923,No,N/A,2,N/A,4,5,2 4,2 5,8,4 5,10,11,2 10
2 3 4 6 8 10,0.0247459,17.9595,No,N/A,2,3,4,2 3,6,3 4,8,3 6,10,3 8,2 10
2 4 6 7 8 9 10 11 12,0.000546836,50.4627,No,N/A,2,N/A,4,N/A,6,7,8,9,10,11,12
2 4 6 7 8 10 11 12,0.00066092,44.586,No,N/A,2,N/A,4,N/A,6,7,8,2 7,10,11,12
3 4 5 6 7 8 11,0.0111517,24.2296,No,N/A,N/A,3,4,5,6,7,8,3 6,3 7,11,4 8
2 4 7 9 11,0.00518214,26.5506,No,N/A,2,N/A,4,N/A,2 4,7,N/A,9,N/A,11,N/A
2 3 5 6 7 9 10 11,0.00501305,32.5591,No,N/A,2,3,N/A,5,6,7,2 6,9,10,11,2 10
2 3 6 8 9,0.0250478,18.3329,No,N/A,2,3,N/A,2 3,6,N/A,8,9,2 8,2 9,3 9
2 4 6 7 8 10 12,0.00192653,35.2819,No,N/A,2,N/A,4,N/A,6,7,8,2 7,10,4 7,12
2 4 6 8 11,0.00731358,24.2613,No,N/A,2,N/A,4,N/A,6,N/A,8,N/A,2 8,11,4 8
3 5 6 8 10 11,0.00248827,33.4203,No,N/A,N/A,3,N/A,5,6,N/A,8,3 6,10,11,N/A
2 4 6 7 8,0.041731,15.2601,No,N/A,2,N/A,4,N/A,6,7,8,2 7,2 8,4 7,4 8
2 3 5 6 8 11 12,0.00187629,32.5229,No,N/A,2,3,N/A,5,6,2 5,8,3 6,2 8,11,12
2 4 5 7 8 11,0.011382,22.3889,No,N/A,2,N/A,4,5,2 4,7,8,2 7,2 8,11,4 8
2 4 5 7 8 9 12,0.00337282,30.379,No,N/A,2,N/A,4,5,2 4,7,8,9,2 8,2 9,12
3 5 6 7 12,0.00629191,22.4423,No,N/A,N/A,3,N/A,5,6,7,3 5,3 6,3 7,5 6,12
2 4 5 6 7 9 11,0.00803402,26.8849,No,N/A,2,N/A,4,5,6,7,2 6,9,4 6,11,5 7
3 4 5 9 10,0.0100023,21.955,No,N/A,N/A,3,4,5,N/A,3 4,3 5,9,10,N/A,3 9
2 4 6 8 9 11 12,0.000660755,41.6507,No,N/A,2,N/A,4,N/A,6,N/A,8,9,2 8,11,12
2 4 6 7 8 11 12,0.00137234,36.187,No,N/A,2,N/A,4,N/A,6,7,8,2 7,2 8,11,12
3 5 7 8 9 10,0.0058053,30.0616,No,N/A,N/A,3,N/A,5,N/A,7,8,9,10,3 8,3 9
2 4 6 8 9 11,0.00451532,30.1424,No,N/A,2,N/A,4,N/A,6,N/A,8,9,2 8,11,4 8
2 4 5 6 9 10,0.0138984,21.8271,No,N/A,2,N/A,4,5,6,2 5,2 6,9,10,2 9,2 10
3 4 5 6 8 11,0.010859,22.5287,No,N/A,N/A,3,4,5,6,3 4,8,3 6,4 6,11,4 8
3 5 6 9 10,0.00892585,23.9635,No,N/A,N/A,3,N/A,5,6,N/A,3 5,9,10,5 6,3 9
2 4 7 8 9 10 12,0.00134594,38.0437,No,N/A,2,N/A,4,N/A,2 4,7,8,9,10,2 9,12
2 3 4 5 6 7 8 10 11,0.00978361,26.4612,No,N/A,2,3,4,5,6,7,8,2 7,10,11,2 10
2 4 6 7 8 10 11,0.00400687,33.1174,No,N/A,2,N/A,4,N/A,6,7,8,2 7,10,11,2 10
2 4 7 8 10 11,0.00405093,29.9502,No,N/A,2,N/A,4,N/A,2 4,7,8,2 7,10,11,2 10
2 3 4 5 8 9 11 12,0.00153528,35.3581,No,N/A,2,3,4,5,2 4,2 5,8,9,2 8,11,12
2 4 6 7 9 10 11,0.00304832,34.5688,No,N/A,2,N/A,4,N/A,6,7,2 6,9,10,11,2 10
3 4 5 6 8 10 11,0.00464193,29.6974,No,N/A,N/A,3,4,5,6,3 4,8,3 6,10,11,4 8
3 5 6 9 10 11 12,0.000365383,45.3469,No,N/A,N/A,3,N/A,5,6,N/A,3 5,9,10,11,12
2 4 7 9 10 11,0.00254979,33.4753,No,N/A,2,N/A,4,N/A,2 4,7,N/A,9,10,11,2 10
3 4 5 10,0.0237912,14.7202,No,N/A,N/A,3,4,5,N/A,3 4,3 5,4 5,10,N/A,3 4 5
2 4 7 9 10,0.0108596,23.222,No,N/A,2,N/A,4,N/A,2 4,7,N/A,9,10,2 9,2 10
2 3 4 5 6 7 10 11,0.0105241,24.1664,No,N/A,2,3,4,5,6,7,2 6,2 7,10,11,2 10
2 4 6 7 11,0.0133602,19.9115,No,N/A,2,N/A,4,N/A,6,7,2 6,2 7,4 6,11,2 4 6
3 4 5 7 8 9 10 11,0.00252019,39.2003,No,N/A,N/A,3,4,5,N/A,7,8,9,10,11,3 9
3 4 5 6 8 9 11,0.0061279,28.5346,No,N/A,N/A,3,4,5,6,3 4,8,9,4 6,11,3 9
3 4 5 6 7 9 11 12,0.00137709,37.5023,No,N/A,N/A,3,4,5,6,7,3 5,9,3 7,11,12
3 5 7 8 11,0.00603948,26.1816,No,N/A,N/A,3,N/A,5,N/A,7,8,N/A,3 7,11,5 7
3 5 6 7,0.0625857,11.0969,No,N/A,N/A,3,N/A,5,6,7,3 5,3 6,3 7,5 6,5 7
2 3 4 6 9 10 11 12,0.000806104,39.8087,No,N/A,2,3,4,2 3,6,3 4,2 6,9,10,11,12
2 3 5 7 9,0.0402735,15.5882,No,N/A,2,3,N/A,5,N/A,7,3 5,9,3 7,2 9,3 9
3 4 6 7 8 12,0.00460595,26.9501,No,N/A,N/A,3,4,N/A,6,7,8,3 6,3 7,3 8,12
2 4 5 7 8 11 12,0.00164208,33.6552,No,N/A,2,N/A,4,5,2 4,7,8,2 7,2 8,11,12
2 3 4 6 7 8 11 12,0.00245971,31.8877,No,N/A,2,3,4,2 3,6,7,8,2 7,2 8,11,12
2 4 5 8 9 12,0.00334997,27.3459,No,N/A,2,N/A,4,5,2 4,2 5,8,9,2 8,2 9,12
2 3 5 7 10,0.0242627,18.1004,No,N/A,2,3,N/A,5,N/A,7,3 5,2 7,10,N/A,2 10
3 4 6 8 10 12,0.00191115,31.4949,No,N/A,N/A,3,4,N/A,6,3 4,8,3 6,10,3 8,12
3 4 6 7 9 10 11 12,0.000386508,49.3691,No,N/A,N/A,3,4,N/A,6,7,N/A,9,10,11,12
2 3 6 9 11 12,0.000769885,35.3845,No,N/A,2,3,N/A,2 3,6,N/A,2 6,9,N/A,11,12
3 5 6 7 8 10 11,0.00330797,33.9301,No,N/A,N/A,3,N/A,5,6,7,8,3 6,10,11,5 7
2 4 5 6 8 9 10 11,0.00348318,34.8115,No,N/A,2,N/A,4,5,6,2 5,8,9,10,11,2 10
3 4 5 6 8 9 11 12,0.00103964,39.6724,No,N/A,N/A,3,4,5,6,3 4,8,9,4 6,11,12
2 3 6 7 10 11 12,0.000839808,37.3286,No,N/A,2,3,N/A,2 3,6,7,2 6,2 7,10,11,12
2 4 7 8 9 11 12,0.000824703,39.8771,No,N/A,2,N/A,4,N/A,2 4,7,8,9,2 8,11,12
3 4 5 7 8 9 11 12,0.000842288,43.2058,No,N/A,N/A,3,4,5,N/A,7,8,9,3 7,11,12
3 4 6 8 10 11 12,0.000585782,41.0816,No,N/A,N/A,3,4,N/A,6,3 4,8,3 6,10,11,12
2 3 4 5 6 7 9 12,0.00759088,24.4537,No,N/A,2,3,4,5,6,7,2 6,9,3 7,2 9,12
2 4 5 6 9 10 11 12,0.000634985,42.4436,No,N/A,2,N/A,4,5,6,2 5,2 6,9,10,11,12
2 3 5 7 8 10 11,0.00410914,32.727,No,N/A,2,3,N/A,5,N/A,7,8,2 7,10,11,2 10
3 4 5 9 10 12,0.00124076,33.4383,No,N/A,N/A,3,4,5,N/A,3 4,3 5,9,10,N/A,12
2 4 7 8 11,0.0100166,21.798,No,N/A,2,N/A,4,N/A,2 4,7,8,2 7,2 8,11,4 8
3 4 5 6 7 8 9 10 11 12,0.000833973,46.8761,No,N/A,N/A,3,4,5,6,7,8,9,10,11,12
2 3 5 9 11 12,0.00102934,33.0188,No,N/A,2,3,N/A,5,N/A,2 5,3 5,9,2 3 5,11,12
2 3 5 6 9 10 11,0.00437099,30.4892,No,N/A,2,3,N/A,5,6,2 5,2 6,9,10,11,2 10
2 3 4 6 8 9 10 11 12,0.000822309,43.3964,No,N/A,2,3,4,2 3,6,3 4,8,9,10,11,12
2 3 4 6 8,0.0726428,9.92292,No,N/A,2,3,4,2 3,6,3 4,8,3 6,2 8,3 8,4 8
2 4 7 8 9 10,0.0091513,26.6336,No,N/A,2,N/A,4,N/A,2 4,7,8,9,10,2 9,2 10
3 4 5 7 9 10,0.0099999,25.0492,No,N/A,N/A,3,4,5,N/A,7,3 5,9,10,4 7,3 9
2 3 6 10 11 12,0.000587436,35.5405,No,N/A,2,3,N/A,2 3,6,N/A,2 6,3 6,10,11,12
3 5 6 7 8 9,0.0161881,22.6009,No,N/A,N/A,3,N/A,5,6,7,8,9,3 7,3 8,3 9
3 4 5 6 7 8 9,0.0222796,20.4984,No,N/A,N/A,3,4,5,6,7,8,9,3 7,3 8,3 9
3 4 5 6 7 10,0.0215585,18.885,No,N/A,N/A,3,4,5,6,7,3 5,3 6,10,4 7,5 7
2 4 7 10 12,0.00225051,27.5973,No,N/A,2,N/A,4,N/A,2 4,7,N/A,2 7,10,4 7,12
2 3 6 9 10,0.0130196,21.0222,No,N/A,2,3,N/A,2 3,6,N/A,2 6,9,10,2 9,2 10
2 4 7 10,0.0231481,15.9719,No,N/A,2,N/A,4,N/A,2 4,7,N/A,2 7,10,4 7,2 10
2 3 4 5 7 8 9 10 11 12,0.00112982,43.0877,No,N/A,2,3,4,5,2 4,7,8,9,10,11,12
3 4 6 8 9 11,0.00536816,28.2829,No,N/A,N/A,3,4,N/A,6,3 4,8,9,4 6,11,3 9
2 3 5 6 7 12,0.00887941,21.1142,No,N/A,2,3,N/A,5,6,7,2 6,2 7,3 7,5 6,12
3 4 5 7 8 10 12,0.00201418,34.7572,No,N/A,N/A,3,4,5,N/A,7,8,4 5,10,3 8,12
3 4 6 7 8,0.0383826,15.6469,No,N/A,N/A,3,4,N/A,6,7,8,3 6,3 7,3 8,4 8
2 4 5 6 7 8,0.0471743,14.3589,No,N/A,2,N/A,4,5,6,7,8,2 7,2 8,4 7,4 8
2 3 4 8 9 10,0.0151467,21.303,No,N/A,2,3,4,2 3,2 4,3 4,8,9,10,2 9,2 10
2 3 4 6 8 9 10 12,0.00234939,34.1692,No,N/A,2,3,4,2 3,6,3 4,8,9,10,2 9,12
2 4 5 8 10 11 12,0.00070188,38.5179,No,N/A,2,N/A,4,5,2 4,2 5,8,4 5,10,11,12
2 3 4 6 8 11,0.0155202,19.2644,No,N/A,2,3,4,2 3,6,3 4,8,3 6,2 8,11,4 8
2 3 4 6 7 9 10 11,0.00513584,30.9741,No,N/A,2,3,4,2 3,6,7,2 6,9,10,11,2 10
3 5 6 7 9 11,0.00624217,27.4059,No,N/A,N/A,3,N/A,5,6,7,3 5,9,3 7,11,3 9
2 4 6 7 8 9 10 12,0.00147954,40.8237,No,N/A,2,N/A,4,N/A,6,7,8,9,10,2 9,12
3 4 5 6 10,0.0258416,16.1186,No,N/A,N/A,3,4,5,6,3 4,3 5,3 6,10,5 6,3 4 5
3 4 5 6 9,0.0374848,14.5812,No,N/A,N/A,3,4,5,6,3 4,3 5,9,4 6,5 6,3 9
2 3 5 6 9 10 12,0.00221884,32.3107,No,N/A,2,3,N/A,5,6,2 5,2 6,9,10,2 9,12
2 3 5 6 7 11,0.0172023,19.4351,No,N/A,2,3,N/A,5,6,7,2 6,2 7,3 7,11,5 7
2 4 5 6 7 8 9 10 11,0.00434238,35.7496,No,N/A,2,N/A,4,5,6,7,8,9,10,11,2 10
3 5 7 9 10 11,0.00248787,34.0601,No,N/A,N/A,3,N/A,5,N/A,7,3 5,9,10,11,3 9
3 5 6 10 12,0.00216716,28.068,No,N/A,N/A,3,N/A,5,6,N/A,3 5,3 6,10,5 6,12
2 3 4 5 6 7 9 10 11 12,0.00147849,39.8199,No,N/A,2,3,4,5,6,7,2 6,9,10,11,12
3 4 5 7 8 11 12,0.00132585,36.6391,No,N/A,N/A,3,4,5,N/A,7,8,4 5,3 7,11,12
3 5 7 8 9 10 11,0.00174312,39.8848,No,N/A,N/A,3,N/A,5,N/A,7,8,9,10,11,3 9
2 4 5 7 9 11,0.0056034,28.2949,No,N/A,2,N/A,4,5,2 4,7,N/A,9,N/A,11,5 7
3 4 6 8 9 10 12,0.00118116,38.043,No,N/A,N/A,3,4,N/A,6,3 4,8,9,10,3 8,12
2 3 4 5 6 7 9 11,0.0139689,22.6492,No,N/A,2,3,4,5,6,7,2 6,9,3 7,11,3 9
2 3 4 5 7 11 12,0.00276187,27.9944,No,N/A,2,3,4,5,2 4,7,3 5,2 7,3 7,11,12
3 5 6 9 12,0.00270379,27.9612,No,N/A,N/A,3,N/A,5,6,N/A,3 5,9,N/A,5 6,12
2 4 5 7 8,0.0513332,12.9065,No,N/A,2,N/A,4,5,2 4,7,8,2 7,2 8,4 7,4 8
2 3 4 5 7 8 11 12,0.00250881,31.63,No,N/A,2,3,4,5,2 4,7,8,2 7,2 8,11,12
2 4 6 9 10,0.0101738,22.7708,No,N/A,2,N/A,4,N/A,6,N/A,2 6,9,10,2 9,2 10
2 3 5 7 8 9 10,0.010098,29.0007,No,N/A,2,3,N/A,5,N/A,7,8,9,10,2 9,2 10
3 5 6 7 9 10 11 12,0.000508494,46.2373,No,N/A,N/A,3,N/A,5,6,7,3 5,9,10,11,12
3 5 7 8 11 12,0.000823998,37.6895,No,N/A,N/A,3,N/A,5,N/A,7,8,N/A,3 7,11,12
2 3 5 6 8 10 11 12,0.000906273,40.449,No,N/A,2,3,N/A,5,6,2 5,8,3 6,10,11,12
3 5 6 8 10 12,0.00145013,34.0595,No,N/A,N/A,3,N/A,5,6,N/A,8,3 6,10,3 8,12
3 5 6 7 8 9 11 12,0.000814891,43.4932,No,N/A,N/A,3,N/A,5,6,7,8,9,3 7,11,12
2 4 5 6 8 9 10 11 12,0.000666135,45.922,No,N/A,2,N/A,4,5,6,2 5,8,9,10,11,12
2 4 5 6 8 9,0.0272761,17.9507,No,N/A,2,N/A,4,5,6,2 5,8,9,2 8,2 9,4 8
2 4 5 6 7 8 11,0.0122753,23.6468,No,N/A,2,N/A,4,5,6,7,8,2 7,2 8,11,4 8
3 4 5 6 7 9 11,0.00814406,26.5035,No,N/A,N/A,3,4,5,6,7,3 5,9,3 7,11,3 9
2 3 4 5 11,0.0223289,14.5162,No,N/A,2,3,4,5,2 4,2 5,3 5,4 5,2 3 5,11,3 4 5
3 5 7 8 10 11,0.00221717,35.0566,No,N/A,N/A,3,N/A,5,N/A,7,8,N/A,10,11,5 7
2 4 5 6 8 11 12,0.00181148,32.7934,No,N/A,2,N/A,4,5,6,2 5,8,4 5,2 8,11,12
3 4 5 6 7 10 11 12,0.00101878,39.2544,No,N/A,N/A,3,4,5,6,7,3 5,3 6,10,11,12
3 4 5 6 9 11,0.00847919,24.0656,No,N/A,N/A,3,4,5,6,3 4,3 5,9,4 6,11,3 9
2 4 5 6 7 8 10 12,0.00301579,33.0748,No,N/A,2,N/A,4,5,6,7,8,2 7,10,4 7,12
2 3 4 6 7 9 10 12,0.00267159,32.7956,No,N/A,2,3,4,2 3,6,7,2 6,9,10,2 9,12
2 4 6 9 10 12,0.00120266,34.3897,No,N/A,2,N/A,4,N/A,6,N/A,2 6,9,10,2 9,12
2 3 4 5 9 10 11 12,0.000834909,38.9139,No,N/A,2,3,4,5,2 4,2 5,3 5,9,10,11,12
2 3 4 8 12,0.00884726,18.8583,No,N/A,2,3,4,2 3,2 4,3 4,8,2 3 4,2 8,3 8,12
2 4 7 8 10 11 12,0.000601328,41.4109,No,N/A,2,N/A,4,N/A,2 4,7,8,2 7,10,11,12
3 5 7 8 12,0.00329123,27.4705,No,N/A,N/A,3,N/A,5,N/A,7,8,N/A,3 7,3 8,12
2 4 5 8 9 11,0.00626492,25.7618,No,N/A,2,N/A,4,5,2 4,2 5,8,9,2 8,11,4 8
3 4 6 7 10 11 12,0.000550721,42.3215,No,N/A,N/A,3,4,N/A,6,7,N/A,3 6,10,11,12
2 3 4 6 10 11,0.00851385,22.7098,No,N/A,2,3,4,2 3,6,3 4,2 6,3 6,10,11,2 10
2 3 4 5 8 10 11 12,0.0010634,37.4716,No,N/A,2,3,4,5,2 4,2 5,8,4 5,10,11,12
3 4 6 7 10 11,0.00332338,31.5402,No,N/A,N/A,3,4,N/A,6,7,N/A,3 6,10,11,N/A
3 5 7 9 10 11 12,0.000392285,45.566,No,N/A,N/A,3,N/A,5,N/A,7,3 5,9,10,11,12
2 3 5 6 8 9 10 11 12,0.00068555,46.2686,No,N/A,2,3,N/A,5,6,2 5,8,9,10,11,12
2 4 6 7 9 12,0.00377282,27.9851,No,N/A,2,N/A,4,N/A,6,7,2 6,9,4 6,2 9,12
2 3 4 5 6 10 11 12,0.00152163,33.6424,No,N/A,2,3,4,5,6,2 5,2 6,3 6,10,11,12
2 4 5 7 8 12,0.00593042,24.2282,No,N/A,2,N/A,4,5,2 4,7,8,2 7,2 8,4 7,12
2 3 4 5 8,0.0795134,8.9905,No,N/A,2,3,4,5,2 4,2 5,8,4 5,2 8,3 8,4 8
2 3 5 6 8 11,0.0127575,22.0778,No,N/A,2,3,N/A,5,6,2 5,8,3 6,2 8,11,N/A
2 4 7 8,0.0527263,11.9017,No,N/A,2,N/A,4,N/A,2 4,7,8,2 7,2 8,4 7,4 8
2 3 6 7 8 10 11 12,0.000824919,41.6522,No,N/A,2,3,N/A,2 3,6,7,8,2 7,10,11,12
3 5 6 7 10 11 12,0.000715772,40.097,No,N/A,N/A,3,N/A,5,6,7,3 5,3 6,10,11,12
2 3 5 7 8 9,0.0255492,20.5896,No,N/A,2,3,N/A,5,N/A,7,8,9,2 8,2 9,3 9
2 3 4 7 8,0.0681275,10.5208,No,N/A,2,3,4,2 3,2 4,7,8,2 7,2 8,3 8,4 8
3 5 6 8 9 11 12,0.000500372,44.6346,No,N/A,N/A,3,N/A,5,6,N/A,8,9,N/A,11,12
2 4 5 7 9 10 11 12,0.000509604,46.049,No,N/A,2,N/A,4,5,2 4,7,N/A,9,10,11,12
2 4 6 7 8 9 11 12,0.000968243,42.3983,No,N/A,2,N/A,4,N/A,6,7,8,9,2 8,11,12
3 5 6 9 11,0.00546474,26.5274,No,N/A,N/A,3,N/A,5,6,N/A,3 5,9,N/A,11,3 9
2 4 5 8 10,0.0216478,17.6508,No,N/A,2,N/A,4,5,2 4,2 5,8,4 5,10,2 4 5,2 10
2 3 4 6 7 8 10,0.0241689,19.0567,No,N/A,2,3,4,2 3,6,7,8,2 7,10,3 8,2 10
2 4 5 6 7 10 11 12,0.00111113,38.7282,No,N/A,2,N/A,4,5,6,7,2 6,2 7,10,11,12
2 3 4 6 7 9 10,0.0170878,21.7602,No,N/A,2,3,4,2 3,6,7,2 6,9,10,2 9,2 10
2 4 7 8 11 12,0.00128204,33.1795,No,N/A,2,N/A,4,N/A,2 4,7,8,2 7,2 8,11,12
2 3 4 5 6 7 8 12,0.0101956,21.9813,No,N/A,2,3,4,5,6,7,8,2 7,2 8,3 8,12
2 4 6 9 11,0.00595374,24.3588,No,N/A,2,N/A,4,N/A,6,N/A,2 6,9,4 6,11,2 4 6
2 3 5 8 10 11,0.00339721,30.3421,No,N/A,2,3,N/A,5,N/A,2 5,8,N/A,10,11,2 10
3 5 7 8,0.0313357,15.905,No,N/A,N/A,3,N/A,5,N/A,7,8,N/A,3 7,3 8,5 7
2 3 4 5 8 9 12,0.00514015,25.9114,No,N/A,2,3,4,5,2 4,2 5,8,9,2 8,2 9,12
3 4 5 10 12,0.00235054,26.1787,No,N/A,N/A,3,4,5,N/A,3 4,3 5,4 5,10,N/A,12
2 4 5 6 7 9 11 12,0.00136482,37.9796,No,N/A,2,N/A,4,5,6,7,2 6,9,4 6,11,12
2 3 5 7 8 9 10 11 12,0.000557498,50.3678,No,N/A,2,3,N/A,5,N/A,7,8,9,10,11,12
2 3 4 6 11,0.0220098,15.1949,No,N/A,2,3,4,2 3,6,3 4,2 6,3 6,4 6,11,2 4 6
2 4 6 7 10 12,0.00251724,29.7701,No,N/A,2,N/A,4,N/A,6,7,2 6,2 7,10,4 7,12
3 5 7 9 10,0.00876629,25.1521,No,N/A,N/A,3,N/A,5,N/A,7,3 5,9,10,N/A,3 9
2 3 4 6 7 9,0.0438277,14.1414,No,N/A,2,3,4,2 3,6,7,2 6,9,3 7,2 9,3 9
2 4 5 6 9 10 12,0.0019773,33.0011,No,N/A,2,N/A,4,5,6,2 5,2 6,9,10,2 9,12
3 5 6 7 10 12,0.00226838,30.677,No,N/A,N/A,3,N/A,5,6,7,3 5,3 6,10,5 6,12
3 4 6 8,0.0535837,11.7514,No,N/A,N/A,3,4,N/A,6,3 4,8,3 6,4 6,3 8,4 8
3 4 5 7 10,0.0200617,18.5144,No,N/A,N/A,3,4,5,N/A,7,3 5,4 5,10,4 7,5 7
2 3 5 7 9 12,0.00448145,27.0441,No,N/A,2,3,N/A,5,N/A,7,3 5,9,3 7,2 9,12
3 4 5 8 9,0.0185185,19.6643,No,N/A,N/A,3,4,5,N/A,3 4,8,9,N/A,3 8,3 9
2 4 5 6 7 11 12,0.00217589,31.4866,No,N/A,2,N/A,4,5,6,7,2 6,2 7,4 6,11,12
3 4 5 8 10 11,0.00359963,29.5416,No,N/A,N/A,3,4,5,N/A,3 4,8,4 5,10,11,4 8
3 4 5 7 8 9 12,0.00255728,33.5608,No,N/A,N/A,3,4,5,N/A,7,8,9,3 7,3 8,12
2 3 4 7 10 11 12,0.000864285,37.0191,No,N/A,2,3,4,2 3,2 4,7,N/A,2 7,10,11,12
3 5 6 7 8,0.0321454,16.4213,No,N/A,N/A,3,N/A,5,6,7,8,3 6,3 7,3 8,5 7
3 5 6 8 9 11,0.00319861,33.0694,No,N/A,N/A,3,N/A,5,6,N/A,8,9,N/A,11,3 9
2 4 5 6 7 9 10 12,0.00226997,35.1668,No,N/A,2,N/A,4,5,6,7,2 6,9,10,2 9,12
2 4 5 6 8 9 11,0.00711415,27.44,No,N/A,2,N/A,4,5,6,2 5,8,9,2 8,11,4 8
3 4 6 7 9 10 11,0.0021493,37.9932,No,N/A,N/A,3,4,N/A,6,7,N/A,9,10,11,3 9
2 3 6 8 12,0.00557191,22.6152,No,N/A,2,3,N/A,2 3,6,N/A,8,3 6,2 8,3 8,12
2 3 5 6 10,0.03316,14.796,No,N/A,2,3,N/A,5,6,2 5,2 6,3 6,10,5 6,2 10
3 5 6 8 9 10 11,0.00162714,39.9301,No,N/A,N/A,3,N/A,5,6,N/A,8,9,10,11,3 9
2 4 7 10 11,0.0046725,26.0903,No,N/A,2,N/A,4,N/A,2 4,7,N/A,2 7,10,11,2 10
3 4 6 7 11,0.00978795,22.6062,No,N/A,N/A,3,4,N/A,6,7,N/A,3 6,3 7,11,N/A
2 4 5 6 8 11,0.0127831,21.6267,No,N/A,2,N/A,4,5,6,2 5,8,4 5,2 8,11,4 8
2 3 4 8 9 12,0.00475512,24.9615,No,N/A,2,3,4,2 3,2 4,3 4,8,9,2 8,2 9,12
2 4 5 7 9 10,0.0114058,24.6681,No,N/A,2,N/A,4,5,2 4,7,N/A,9,10,2 9,2 10
3 5 6 7 9 12,0.0031965,29.1903,No,N/A,N/A,3,N/A,5,6,7,3 5,9,3 7,5 6,12
3 4 6 7 8 9 10 11 12,0.000494272,50.697,No,N/A,N/A,3,4,N/A,6,7,8,9,10,11,12
2 4 6 7 9 10 11 12,0.000520328,45.8916,No,N/A,2,N/A,4,N/A,6,7,2 6,9,10,11,12
2 3 4 7 8 9 10 12,0.00216481,34.8644,No,N/A,2,3,4,2 3,2 4,7,8,9,10,2 9,12
3 5 6 7 8 12,0.00404537,27.6584,No,N/A,N/A,3,N/A,5,6,7,8,3 6,3 7,3 8,12
3 4 6 7 8 11 12,0.00127454,36.7924,No,N/A,N/A,3,4,N/A,6,7,8,3 6,3 7,11,12
2 3 6 9 11,0.00656023,23.7655,No,N/A,2,3,N/A,2 3,6,N/A,2 6,9,N/A,11,3 9
3 5 6 7 8 10 11 12,0.00061013,44.9429,No,N/A,N/A,3,N/A,5,6,7,8,3 6,10,11,12
3 5 7 8 9 11,0.00387972,31.5837,No,N/A,N/A,3,N/A,5,N/A,7,8,9,3 7,11,3 9
3 4 6 7 8 10,0.0125443,23.983,No,N/A,N/A,3,4,N/A,6,7,8,3 6,10,3 8,4 8
3 4 6 7 8 9 10 11,0.00245461,39.4995,No,N/A,N/A,3,4,N/A,6,7,8,9,10,11,3 9
2 4 5 7 8 9 11,0.00618678,28.7327,No,N/A,2,N/A,4,5,2 4,7,8,9,2 8,11,4 8
3 4 5 7 11 12,0.00168689,31.2813,No,N/A,N/A,3,4,5,N/A,7,3 5,4 5,3 7,11,12
3 4 5 7 9 11,0.00648243,26.8097,No,N/A,N/A,3,4,5,N/A,7,3 5,9,3 7,11,3 9
3 4 5 8 9 10 11,0.00220818,35.9568,No,N/A,N/A,3,4,5,N/A,3 4,8,9,10,11,3 9
3 4 6 7 9 12,0.00266648,30.8673,No,N/A,N/A,3,4,N/A,6,7,N/A,9,3 7,4 7,12
3 4 6 7 12,0.00555127,23.4858,No,N/A,N/A,3,4,N/A,6,7,N/A,3 6,3 7,4 7,12
3 4 5 6 9 10,0.0121901,22.4934,No,N/A,N/A,3,4,5,6,3 4,3 5,9,10,5 6,3 9
2 3 6 7 8 11,0.0113343,22.8675,No,N/A,2,3,N/A,2 3,6,7,8,2 7,2 8,11,2 3 7
2 4 6 8 10 11,0.00264803,33.4469,No,N/A,2,N/A,4,N/A,6,N/A,8,N/A,10,11,2 10
3 4 6 7 8 9,0.0185722,21.9153,No,N/A,N/A,3,4,N/A,6,7,8,9,3 7,3 8,3 9
2 4 6 7 9 10,0.011428,24.6576,No,N/A,2,N/A,4,N/A,6,7,2 6,9,10,2 9,2 10
2 3 4 5 6 7 8 10 12,0.00507114,28.7473,No,N/A,2,3,4,5,6,7,8,2 7,10,3 8,12
2 4 5 6 7 10,0.0259047,18.0081,No,N/A,2,N/A,4,5,6,7,2 6,2 7,10,4 7,2 10
2 4 5 7 8 10 11,0.00512498,29.7071,No,N/A,2,N/A,4,5,2 4,7,8,2 7,10,11,2 10
2 4 6 7 11 12,0.00161545,31.2006,No,N/A,2,N/A,4,N/A,6,7,2 6,2 7,4 6,11,12
3 4 6 7 8 9 10 12,0.00128148,41.243,No,N/A,N/A,3,4,N/A,6,7,8,9,10,3 8,12
2 4 5 7 8 9 11 12,0.00106606,39.8264,No,N/A,2,N/A,4,5,2 4,7,8,9,2 8,11,12
3 4 6 7 8 10 11 12,0.000624016,44.874,No,N/A,N/A,3,4,N/A,6,7,8,3 6,10,11,12
2 4 6 7 10,0.022055,18.2892,No,N/A,2,N/A,4,N/A,6,7,2 6,2 7,10,4 7,2 10
2 4 6 8 9 10 12,0.000976744,40.5492,No,N/A,2,N/A,4,N/A,6,N/A,8,9,10,2 9,12
2 4 5 6 7 8 9 10 11 12,0.000929541,46.6891,No,N/A,2,N/A,4,5,6,7,8,9,10,11,12
3 4 6 7 8 9 11,0.00515969,31.5283,No,N/A,N/A,3,4,N/A,6,7,8,9,3 7,11,3 9
2 3 4 6 7 8 12,0.00813062,22.7133,No,N/A,2,3,4,2 3,6,7,8,2 7,2 8,3 8,12
2 4 7 9 10 11 12,0.000393741,44.9939,No,N/A,2,N/A,4,N/A,2 4,7,N/A,9,10,11,12
3 5 6 8 9 10 12,0.000887493,41.1994,No,N/A,N/A,3,N/A,5,6,N/A,8,9,10,3 8,12
3 4 5 8 10 12,0.00191175,31.0667,No,N/A,N/A,3,4,5,N/A,3 4,8,4 5,10,3 8,12
2 4 6 7 8 9 11,0.00560732,31.2624,No,N/A,2,N/A,4,N/A,6,7,8,9,2 8,11,4 8
3 4 6 7 9,0.0222051,19.3602,No,N/A,N/A,3,4,N/A,6,7,N/A,9,3 7,4 7,3 9
2 4 6 7 9 10 12,0.00163529,36.009,No,N/A,2,N/A,4,N/A,6,7,2 6,9,10,2 9,12
3 4 5 8 9 11,0.00450632,29.5124,No,N/A,N/A,3,4,5,N/A,3 4,8,9,N/A,11,3 9
2 4 5 7 9 10 11,0.00299771,34.6221,No,N/A,2,N/A,4,5,2 4,7,N/A,9,10,11,2 10
2 3 5 7 9 11 12,0.00112477,37.1215,No,N/A,2,3,N/A,5,N/A,7,3 5,9,3 7,11,12
2 3 5 6 7 9 11,0.0102335,25.3166,No,N/A,2,3,N/A,5,6,7,2 6,9,3 7,11,3 9
3 4 5 8 9 12,0.00222538,31.205,No,N/A,N/A,3,4,5,N/A,3 4,8,9,N/A,3 8,12
3 4 5 6 7 8 10 11,0.00522933,31.2517,No,N/A,N/A,3,4,5,6,7,8,3 6,10,11,4 8
2 3 5 7 9 10 11 12,0.000558946,45.4331,No,N/A,2,3,N/A,5,N/A,7,3 5,9,10,11,12
2 3 5 6 10 11,0.00742392,24.3257,No,N/A,2,3,N/A,5,6,2 5,2 6,3 6,10,11,2 10
3 4 6 7 8 11,0.00856968,25.5174,No,N/A,N/A,3,4,N/A,6,7,8,3 6,3 7,11,4 8
3 4 5 6 7 8 10 11 12,0.0010248,42.1365,No,N/A,N/A,3,4,5,6,7,8,3 6,10,11,12
3 4 5 6 7 9 10 11 12,0.000752064,44.7024,No,N/A,N/A,3,4,5,6,7,3 5,9,10,11,12
3 4 5 8 9 10 12,0.00109417,37.8792,No,N/A,N/A,3,4,5,N/A,3 4,8,9,10,3 8,12
2 3 6 7 8 9 10 11,0.00341948,36.3658,No,N/A,2,3,N/A,2 3,6,7,8,9,10,11,2 10
2 4 5 6 11,0.0190424,17.1122,No,N/A,2,N/A,4,5,6,2 5,2 6,4 5,4 6,11,2 4 6
3 4 6 7 8 9 12,0.00267676,33.2554,No,N/A,N/A,3,4,N/A,6,7,8,9,3 7,3 8,12
3 4 5 7,0.0797325,10.0142,No,N/A,N/A,3,4,5,N/A,7,3 5,4 5,3 7,4 7,5 7
3 4 5 6 9 10 12,0.0017762,33.6366,No,N/A,N/A,3,4,5,6,3 4,3 5,9,10,5 6,12
3 4 5 6 8 9 10 12,0.00159746,37.1275,No,N/A,N/A,3,4,5,6,3 4,8,9,10,3 8,12
3 4 5 7 9,0.0285422,17.0383,No,N/A,N/A,3,4,5,N/A,7,3 5,9,3 7,4 7,3 9
3 4 5 6 8 9 10 11,0.0030519,35.2493,No,N/A,N/A,3,4,5,6,3 4,8,9,10,11,3 9
2 3 4 5 6 8 9,0.042471,14.8462,No,N/A,2,3,4,5,6,2 5,8,9,2 8,2 9,3 9
3 4 5 7 9 10 11 12,0.000486663,45.9534,No,N/A,N/A,3,4,5,N/A,7,3 5,9,10,11,12
2 3 4 8 11 12,0.00194886,28.5548,No,N/A,2,3,4,2 3,2 4,3 4,8,2 3 4,2 8,11,12
2 3 4 5 6 7 11,0.0228522,17.3124,No,N/A,2,3,4,5,6,7,2 6,2 7,3 7,11,5 7
3 4 5 7 11,0.0139175,19.9264,No,N/A,N/A,3,4,5,N/A,7,3 5,4 5,3 7,11,5 7
3 4 5 8 10,0.0155678,19.6972,No,N/A,N/A,3,4,5,N/A,3 4,8,4 5,10,3 8,4 8
2 4 6 9 10 11,0.00238864,32.9054,No,N/A,2,N/A,4,N/A,6,N/A,2 6,9,10,11,2 10
3 5 6 7 8 11 12,0.00116252,37.4178,No,N/A,N/A,3,N/A,5,6,7,8,3 6,3 7,11,12
2 4 5 6 7 9 12,0.00454385,28.2392,No,N/A,2,N/A,4,5,6,7,2 6,9,4 6,2 9,12
3 4 5 7 8 9,0.0182001,22.0896,No,N/A,N/A,3,4,5,N/A,7,8,9,3 7,3 8,3 9
2 3 5 6 7 8 10,0.0202871,21.8984,No,N/A,2,3,N/A,5,6,7,8,2 7,10,3 8,2 10
3 5 7 8 9,0.0154678,21.6654,No,N/A,N/A,3,N/A,5,N/A,7,8,9,3 7,3 8,3 9
3 4 5 7 8 12,0.00493294,26.7172,No,N/A,N/A,3,4,5,N/A,7,8,4 5,3 7,3 8,12
3 4 5 6 7 10 12,0.00314496,29.8512,No,N/A,N/A,3,4,5,6,7,3 5,3 6,10,4 7,12
2 4 6 9 10 11 12,0.000344655,44.5216,No,N/A,2,N/A,4,N/A,6,N/A,2 6,9,10,11,12
3 4 5 7 8 9 10,0.00772601,29.6518,No,N/A,N/A,3,4,5,N/A,7,8,9,10,3 8,3 9
3 4 5 6 11 12,0.00216901,28.742,No,N/A,N/A,3,4,5,6,3 4,3 5,3 6,4 6,11,12
2 3 6 7 9 10 11,0.00369066,32.3892,No,N/A,2,3,N/A,2 3,6,7,2 6,9,10,11,2 10
3 4 5 6 9 12,0.004342,25.8871,No,N/A,N/A,3,4,5,6,3 4,3 5,9,4 6,5 6,12
2 4 5 6 8 9 11 12,0.00120362,38.4478,No,N/A,2,N/A,4,5,6,2 5,8,9,2 8,11,12
2 4 6 9,0.0358368,14.0391,No,N/A,2,N/A,4,N/A,6,N/A,2 6,9,4 6,2 9,2 4 6
3 5 6 7 8 9 10,0.00708462,30.0252,No,N/A,N/A,3,N/A,5,6,7,8,9,10,3 8,3 9
2 3 4 5 7 8 9 10 12,0.00290951,34.3267,No,N/A,2,3,4,5,2 4,7,8,9,10,2 9,12
3 5 6 8 9 10,0.00572909,29.7733,No,N/A,N/A,3,N/A,5,6,N/A,8,9,10,3 8,3 9
2 3 4 6 9 11,0.0112192,21.3629,No,N/A,2,3,4,2 3,6,3 4,2 6,9,4 6,11,3 9
2 3 4 5 7 8 9 12,0.00556058,27.5004,No,N/A,2,3,4,5,2 4,7,8,9,2 8,2 9,12
3 4 5 6 8 10 12,0.00248866,31.3374,No,N/A,N/A,3,4,5,6,3 4,8,3 6,10,3 8,12
2 3 4 6 8 9,0.0372825,15.4668,No,N/A,2,3,4,2 3,6,3 4,8,9,2 8,2 9,3 9
3 4 5 6 11,0.017785,17.6152,No,N/A,N/A,3,4,5,6,3 4,3 5,3 6,4 6,11,3 4 5
3 4 5 6,0.102752,7.91067,No,N/A,N/A,3,4,5,6,3 4,3 5,3 6,4 6,5 6,3 4 5
3 4 5 6 9 10 11 12,0.000601401,42.7532,No,N/A,N/A,3,4,5,6,3 4,3 5,9,10,11,12
3 4 5 6 7 8 9 10 12,0.00198898,38.262,No,N/A,N/A,3,4,5,6,7,8,9,10,3 8,12
2 4 5 8 11 12,0.0015956,30.4152,No,N/A,2,N/A,4,5,2 4,2 5,8,4 5,2 8,11,12
2 4 6 7 8 9,0.0215504,21.3801,No,N/A,2,N/A,4,N/A,6,7,8,9,2 8,2 9,4 8
2 3 5 7 8 10,0.0157195,22.9116,No,N/A,2,3,N/A,5,N/A,7,8,2 7,10,3 8,2 10
3 4 5 6 7 9 10,0.0118984,24.6804,No,N/A,N/A,3,4,5,6,7,3 5,9,10,4 7,3 9
2 4 5 6 10 11 12,0.000971783,36.2701,No,N/A,2,N/A,4,5,6,2 5,2 6,4 5,10,11,12
2 4 7 8 9 12,0.00292501,29.9528,No,N/A,2,N/A,4,N/A,2 4,7,8,9,2 8,2 9,12
3 5 6 7 8 9 10 12,0.00125409,41.2376,No,N/A,N/A,3,N/A,5,6,7,8,9,10,3 8,12
2 3 4 5 9 11 12,0.00158652,31.9015,No,N/A,2,3,4,5,2 4,2 5,3 5,9,2 3 5,11,12
3 4 5 6 7 9 10 12,0.00199978,35.6816,No,N/A,N/A,3,4,5,6,7,3 5,9,10,4 7,12
2 4 6 7 10 11 12,0.000715441,39.5129,No,N/A,2,N/A,4,N/A,6,7,2 6,2 7,10,11,12
2 3 5 8 9 10,0.0103873,25.2648,No,N/A,2,3,N/A,5,N/A,2 5,8,9,10,2 9,2 10
3 4 5 6 8 11 12,0.00158707,33.6616,No,N/A,N/A,3,4,5,6,3 4,8,3 6,4 6,11,12
3 5 6 7 8 10 12,0.00178397,35.4138,No,N/A,N/A,3,N/A,5,6,7,8,3 6,10,3 8,12
2 3 6 7 9 10 12,0.00187837,34.2464,No,N/A,2,3,N/A,2 3,6,7,2 6,9,10,2 9,12
3 4 5 6 7 8 9 10,0.0103678,27.3499,No,N/A,N/A,3,4,5,6,7,8,9,10,3 8,3 9
3 4 5 7 8 9 11,0.00500752,31.7818,No,N/A,N/A,3,4,5,N/A,7,8,9,3 7,11,3 9
3 4 5 6 7 8 12,0.00596193,25.9474,No,N/A,N/A,3,4,5,6,7,8,3 6,3 7,3 8,12
3 4 5 6 12,0.00942835,19.1296,No,N/A,N/A,3,4,5,6,3 4,3 5,3 6,4 6,5 6,12
2 3 4 6 7 8 9 10 11 12,0.00110808,43.3564,No,N/A,2,3,4,2 3,6,7,8,9,10,11,12
2 4 5 6 8 10,0.0192159,20.3707,No,N/A,2,N/A,4,5,6,2 5,8,4 5,10,5 6,2 10
2 4 6 7 12,0.00700874,21.3247,No,N/A,2,N/A,4,N/A,6,7,2 6,2 7,4 6,4 7,12
2 3 4 5 6 11,0.0229126,15.6536,No,N/A,2,3,4,5,6,2 5,2 6,3 6,4 6,11,2 4 6
2 4 5 6 7 8 10 11 12,0.00111288,41.9556,No,N/A,2,N/A,4,5,6,7,8,2 7,10,11,12
2 3 5 6 7 8,0.0502744,14.4089,No,N/A,2,3,N/A,5,6,7,8,2 7,2 8,3 8,5 7
2 4 7 8 10 12,0.00194985,31.8291,No,N/A,2,N/A,4,N/A,2 4,7,8,2 7,10,4 7,12
2 3 6 10 12,0.00261726,25.5178,No,N/A,2,3,N/A,2 3,6,N/A,2 6,3 6,10,2 3 6,12
2 3 4 5 7 9 11,0.0114962,23.0316,No,N/A,2,3,4,5,2 4,7,3 5,9,3 7,11,3 9
2 3 4 6 9 10,0.0196485,19.1393,No,N/A,2,3,4,2 3,6,3 4,2 6,9,10,2 9,2 10
2 4 5 6 7 8 10,0.0190889,21.8339,No,N/A,2,N/A,4,5,6,7,8,2 7,10,4 7,2 10
3 4 5 6 7 8 9 11,0.00695469,29.5769,No,N/A,N/A,3,4,5,6,7,8,9,3 7,11,3 9
2 3 6 10 11,0.00512022,23.9574,No,N/A,2,3,N/A,2 3,6,N/A,2 6,3 6,10,11,2 10
2 3 6 9,0.0403092,13.4406,No,N/A,2,3,N/A,2 3,6,N/A,2 6,9,N/A,2 9,3 9
2 4 6 7 8 9 10 11,0.00284651,39.0798,No,N/A,2,N/A,4,N/A,6,7,8,9,10,11,2 10
2 4 5 8 11,0.0132983,19.1178,No,N/A,2,N/A,4,5,2 4,2 5,8,4 5,2 8,11,4 8
2 4 5 7 10,0.0243699,17.7882,No,N/A,2,N/A,4,5,2 4,7,N/A,2 7,10,4 7,2 10
2 3 6 9 10 12,0.00147425,32.6109,No,N/A,2,3,N/A,2 3,6,N/A,2 6,9,10,2 9,12
2 4 5 6 7,0.0712091,10.6365,No,N/A,2,N/A,4,5,6,7,2 6,2 7,4 6,4 7,5 7
2 3 6 9 10 11,0.00284986,31.1203,No,N/A,2,3,N/A,2 3,6,N/A,2 6,9,10,11,2 10
2 3 6 9 10 11 12,0.000398294,42.7075,No,N/A,2,3,N/A,2 3,6,N/A,2 6,9,10,11,12
2 3 5 8 9 11 12,0.000884755,38.4303,No,N/A,2,3,N/A,5,N/A,2 5,8,9,2 8,11,12
2 4 5 6 12,0.00994989,18.6311,No,N/A,2,N/A,4,5,6,2 5,2 6,4 5,4 6,5 6,12
2 3 5 6 9 10 11 12,0.000693325,41.8609,No,N/A,2,3,N/A,5,6,2 5,2 6,9,10,11,12
3 4 5 6 7 9 12,0.00425487,28.254,No,N/A,N/A,3,4,5,6,7,3 5,9,3 7,4 7,12
3 4 6 8 10 11,0.00374609,29.8173,No,N/A,N/A,3,4,N/A,6,3 4,8,3 6,10,11,4 8
2 3 6 8 11 12,0.00123335,32.7,No,N/A,2,3,N/A,2 3,6,N/A,8,3 6,2 8,11,12
2 3 6 8 10 12,0.00201157,31.3375,No,N/A,2,3,N/A,2 3,6,N/A,8,3 6,10,3 8,12
3 5 7 8 9 11 12,0.000604327,43.1027,No,N/A,N/A,3,N/A,5,N/A,7,8,9,3 7,11,12
2 3 5 9 10 11,0.003423,29.7802,No,N/A,2,3,N/A,5,N/A,2 5,3 5,9,10,11,2 10
2 3 4 5 7 12,0.0104869,18.734,No,N/A,2,3,4,5,2 4,7,3 5,2 7,3 7,4 7,12
2 3 6 8 9 12,0.00290602,29.7778,No,N/A,2,3,N/A,2 3,6,N/A,8,9,2 8,2 9,12
2 3 6 8 9 11,0.00525438,28.4836,No,N/A,2,3,N/A,2 3,6,N/A,8,9,2 8,11,3 9
2 3 6 8 9 10,0.00933686,26.5864,No,N/A,2,3,N/A,2 3,6,N/A,8,9,10,2 9,2 10
3 4 5 9 10 11,0.00272443,30.8172,No,N/A,N/A,3,4,5,N/A,3 4,3 5,9,10,11,3 9
2 3 6 8 9 10 11,0.00240724,36.6932,No,N/A,2,3,N/A,2 3,6,N/A,8,9,10,11,2 10
2 3 4 5 6 7 10 12,0.0053089,26.3704,No,N/A,2,3,4,5,6,7,2 6,2 7,10,4 7,12
2 3 5 8 10,0.016649,20.072,No,N/A,2,3,N/A,5,N/A,2 5,8,N/A,10,3 8,2 10
3 5 6 7 9 11 12,0.000964727,38.6898,No,N/A,N/A,3,N/A,5,6,7,3 5,9,3 7,11,12
2 3 6 8 9 10 11 12,0.000398186,48.1759,No,N/A,2,3,N/A,2 3,6,N/A,8,9,10,11,12
2 3 4 5 6 7 9 10 12,0.00387221,31.188,No,N/A,2,3,4,5,6,7,2 6,9,10,2 9,12
2 3 6 7 11,0.0161561,18.1101,No,N/A,2,3,N/A,2 3,6,7,2 6,2 7,3 7,11,2 3 7
2 3 4 7 8 10,0.0233719,18.2279,No,N/A,2,3,4,2 3,2 4,7,8,2 7,10,3 8,2 10
2 3 6 7 10,0.0262489,16.5851,No,N/A,2,3,N/A,2 3,6,7,2 6,2 7,10,2 3 6,2 10
2 3 5 8 9 10 11,0.00264104,35.3456,No,N/A,2,3,N/A,5,N/A,2 5,8,9,10,11,2 10
2 3 4 5 6 8 12,0.0100681,20.4873,No,N/A,2,3,4,5,6,2 5,8,3 6,2 8,3 8,12
2 4 6 7 9 11 12,0.000974209,38.0986,No,N/A,2,N/A,4,N/A,6,7,2 6,9,4 6,11,12
2 3 6 7 9 10,0.0136722,22.8962,No,N/A,2,3,N/A,2 3,6,7,2 6,9,10,2 9,2 10
2 4 7 8 9 10 11,0.00256924,36.4545,No,N/A,2,N/A,4,N/A,2 4,7,8,9,10,11,2 10
3 4 5 6 8 10 11 12,0.000810523,40.6665,No,N/A,N/A,3,4,5,6,3 4,8,3 6,10,11,12
2 3 6 7 9 10 11 12,0.000603072,43.7195,No,N/A,2,3,N/A,2 3,6,7,2 6,9,10,11,12
2 4 5 6 9,0.0405712,13.9997,No,N/A,2,N/A,4,5,6,2 5,2 6,9,4 6,2 9,2 4 6
2 4 5 7 8 9,0.0236599,19.1747,No,N/A,2,N/A,4,5,2 4,7,8,9,2 8,2 9,4 8
3 4 5 8 9 10 11 12,0.000387434,47.2866,No,N/A,N/A,3,4,5,N/A,3 4,8,9,10,11,12
2 3 6 7 8 12,0.00626254,24.2331,No,N/A,2,3,N/A,2 3,6,7,8,2 7,2 8,3 8,12
2 3 6 7 8 10 12,0.00260906,32.2079,No,N/A,2,3,N/A,2 3,6,7,8,2 7,10,3 8,12
2 4 6 8 11 12,0.000874803,35.9243,No,N/A,2,N/A,4,N/A,6,N/A,8,N/A,2 8,11,12
2 3 6 7 8 10 11,0.0049899,30.4973,No,N/A,2,3,N/A,2 3,6,7,8,2 7,10,11,2 10
3 4 5 10 11,0.00508688,23.959,No,N/A,N/A,3,4,5,N/A,3 4,3 5,4 5,10,11,3 4 5
2 4 6 8 10,0.0100094,24.0788,No,N/A,2,N/A,4,N/A,6,N/A,8,N/A,10,N/A,2 10
2 3 6 7 8 9 11,0.00686389,28.9028,No,N/A,2,3,N/A,2 3,6,7,8,9,2 8,11,3 9
2 4 6 9 11 12,0.000726357,35.8504,No,N/A,2,N/A,4,N/A,6,N/A,2 6,9,4 6,11,12
3 5 6 7 8 9 12,0.00243265,33.8764,No,N/A,N/A,3,N/A,5,6,7,8,9,3 7,3 8,12
2 4 5 6 7 8 9 10,0.0123553,26.727,No,N/A,2,N/A,4,5,6,7,8,9,10,2 9,2 10
3 5 6 7 8 11,0.00743741,26.2751,No,N/A,N/A,3,N/A,5,6,7,8,3 6,3 7,11,5 7
3 5 6 7 8 9 10 11,0.00236573,39.4872,No,N/A,N/A,3,N/A,5,6,7,8,9,10,11,3 9
2 3 6 7 8 9 10 11 12,0.000646991,47.5032,No,N/A,2,3,N/A,2 3,6,7,8,9,10,11,12
3 4 5 9 11,0.00666819,23.6441,No,N/A,N/A,3,4,5,N/A,3 4,3 5,9,N/A,11,3 9
2 4 5 6 8 10 11,0.00530055,29.5692,No,N/A,2,N/A,4,5,6,2 5,8,4 5,10,11,2 10
2 3 5 8 12,0.00561636,22.7074,No,N/A,2,3,N/A,5,N/A,2 5,8,N/A,2 8,3 8,12
2 3 4 5 6 8 9 10,0.0186212,21.7131,No,N/A,2,3,4,5,6,2 5,8,9,10,2 9,2 10
2 3 5 8 11,0.0095752,21.9005,No,N/A,2,3,N/A,5,N/A,2 5,8,N/A,2 8,11,N/A
2 3 4 5 6 8 10 11 12,0.00152448,36.7832,No,N/A,2,3,4,5,6,2 5,8,3 6,10,11,12
3 4 6 8 11 12,0.0012741,33.0284,No,N/A,N/A,3,4,N/A,6,3 4,8,3 6,4 6,11,12
2 3 5 8 9 10 11 12,0.000421879,46.8811,No,N/A,2,3,N/A,5,N/A,2 5,8,9,10,11,12
2 3 5 6 10 11 12,0.00101153,35.6185,No,N/A,2,3,N/A,5,6,2 5,2 6,3 6,10,11,12
2 3 5 8 10 11 12,0.000477181,41.8758,No,N/A,2,3,N/A,5,N/A,2 5,8,N/A,10,11,12
2 3 5 8 9,0.0313294,16.8407,No,N/A,2,3,N/A,5,N/A,2 5,8,9,2 8,2 9,3 9
2 3 5 6 7 9 10,0.0165397,23.2851,No,N/A,2,3,N/A,5,6,7,2 6,9,10,2 9,2 10
2 3 5 8 9 12,0.00344364,28.3387,No,N/A,2,3,N/A,5,N/A,2 5,8,9,2 8,2 9,12
2 3 5 8 9 10 12,0.00138998,36.8006,No,N/A,2,3,N/A,5,N/A,2 5,8,9,10,2 9,12
2 3 5 7 11,0.0155655,18.7156,No,N/A,2,3,N/A,5,N/A,7,3 5,2 7,3 7,11,5 7
2 3 5 7 11 12,0.00180597,30.0783,No,N/A,2,3,N/A,5,N/A,7,3 5,2 7,3 7,11,12
2 3 6 7 9 11 12,0.00121037,35.9777,No,N/A,2,3,N/A,2 3,6,7,2 6,9,3 7,11,12
2 3 5 7 10 12,0.00255316,29.7576,No,N/A,2,3,N/A,5,N/A,7,3 5,2 7,10,N/A,12
3 4 5 6 8 9 12,0.00321818,30.2208,No,N/A,N/A,3,4,5,6,3 4,8,9,4 6,3 8,12
2 3 5 7 10 11,0.00582673,26.9834,No,N/A,2,3,N/A,5,N/A,7,3 5,2 7,10,11,2 10
3 5 7 9 11 12,0.000859456,37.116,No,N/A,N/A,3,N/A,5,N/A,7,3 5,9,3 7,11,12
2 3 5 7 9 11,0.00810873,25.6942,No,N/A,2,3,N/A,5,N/A,7,3 5,9,3 7,11,3 9
2 3 5 7 9 10 12,0.00182638,35.5253,No,N/A,2,3,N/A,5,N/A,7,3 5,9,10,2 9,12
2 3 5 7 9 10 11,0.0036214,33.7992,No,N/A,2,3,N/A,5,N/A,7,3 5,9,10,11,2 10
2 4 5 7 8 10 11 12,0.000844483,40.9948,No,N/A,2,N/A,4,5,2 4,7,8,2 7,10,11,12
2 3 5 7 8 12,0.00527898,25.815,No,N/A,2,3,N/A,5,N/A,7,8,2 7,2 8,3 8,12
2 3 5 9 10 11 12,0.000443664,41.4456,No,N/A,2,3,N/A,5,N/A,2 5,3 5,9,10,11,12
2 3 5 7 8 10 12,0.00209221,34.4301,No,N/A,2,3,N/A,5,N/A,7,8,2 7,10,3 8,12
2 3 5 7 8 9 12,0.00345275,32.0389,No,N/A,2,3,N/A,5,N/A,7,8,9,2 8,2 9,12
2 3 4 6 11 12,0.00255296,26.3223,No,N/A,2,3,4,2 3,6,3 4,2 6,3 6,4 6,11,12
2 3 5 6 12,0.0102555,18.1437,No,N/A,2,3,N/A,5,6,2 5,2 6,3 6,2 3 5,5 6,12
3 4 6 8 9 10 11,0.00235437,36.1238,No,N/A,N/A,3,4,N/A,6,3 4,8,9,10,11,3 9
3 4 5 6 8,0.0503639,12.7674,No,N/A,N/A,3,4,5,6,3 4,8,3 6,4 6,3 8,4 8
2 4 5 7 8 9 10 12,0.00174977,37.4096,No,N/A,2,N/A,4,5,2 4,7,8,9,10,2 9,12
2 3 4 5 7 8,0.0655482,11.3318,No,N/A,2,3,4,5,2 4,7,8,2 7,2 8,3 8,4 8
2 3 5 6 10 12,0.00360737,26.1937,No,N/A,2,3,N/A,5,6,2 5,2 6,3 6,10,5 6,12
3 5 7 9 11,0.00653006,25.5759,No,N/A,N/A,3,N/A,5,N/A,7,3 5,9,3 7,11,3 9
2 3 5 6 9,0.0471473,13.3334,No,N/A,2,3,N/A,5,6,2 5,2 6,9,2 3 5,2 9,3 9
2 3 5 6 8 9 10 12,0.0019605,36.6832,No,N/A,2,3,N/A,5,6,2 5,8,9,10,2 9,12
2 3 4 7 9 12,0.00457221,25.7611,No,N/A,2,3,4,2 3,2 4,7,N/A,9,3 7,2 9,12
2 4 6 7 8 10,0.0141002,23.7288,No,N/A,2,N/A,4,N/A,6,7,8,2 7,10,4 7,2 10
2 3 5 6 9 12,0.0051738,24.7212,No,N/A,2,3,N/A,5,6,2 5,2 6,9,2 3 5,2 9,12
2 3 6 7 8 9 10 12,0.00180763,38.1186,No,N/A,2,3,N/A,2 3,6,7,8,9,10,2 9,12
3 4 5 8 10 11 12,0.000547413,40.8615,No,N/A,N/A,3,4,5,N/A,3 4,8,4 5,10,11,12
3 4 5 7 8 9 10 12,0.00129746,41.0363,No,N/A,N/A,3,4,5,N/A,7,8,9,10,3 8,12
2 3 4 6 10 11 12,0.00113683,34.0485,No,N/A,2,3,4,2 3,6,3 4,2 6,3 6,10,11,12
2 3 5 6 9 11,0.00986495,23.1419,No,N/A,2,3,N/A,5,6,2 5,2 6,9,2 3 5,11,3 9
2 3 4 5 10 11 12,0.00115615,33.2802,No,N/A,2,3,4,5,2 4,2 5,3 5,4 5,10,11,12
2 3 4 6 7 8,0.061953,11.7045,No,N/A,2,3,4,2 3,6,7,8,2 7,2 8,3 8,4 8
2 3 4 7 9 10 11 12,0.000592164,43.6167,No,N/A,2,3,4,2 3,2 4,7,N/A,9,10,11,12
2 3 4 6 9 11 12,0.00155031,32.5935,No,N/A,2,3,4,2 3,6,3 4,2 6,9,4 6,11,12
2 4 6 8 9,0.0206285,19.9713,No,N/A,2,N/A,4,N/A,6,N/A,8,9,2 8,2 9,4 8
3 4 5 6 7 8 11 12,0.00186598,35.2946,No,N/A,N/A,3,4,5,6,7,8,3 6,3 7,11,12
2 3 5 6 7,0.0799659,9.94383,No,N/A,2,3,N/A,5,6,7,2 6,2 7,3 7,5 6,5 7
2 4 5 8,0.0762174,9.44483,No,N/A,2,N/A,4,5,2 4,2 5,8,4 5,2 8,2 4 5,4 8
3 4 5 6 7 9 10 11,0.00380776,33.8462,No,N/A,N/A,3,4,5,6,7,3 5,9,10,11,3 9
2 4 6 8 9 12,0.00240452,31.5339,No,N/A,2,N/A,4,N/A,6,N/A,8,9,2 8,2 9,12
2 3 5 7 8 10 11 12,0.000662657,44.1723,No,N/A,2,3,N/A,5,N/A,7,8,2 7,10,11,12
2 3 5 6 7 8 9 10 12,0.00243727,38.3047,No,N/A,2,3,N/A,5,6,7,8,9,10,2 9,12
2 3 6 8 10 11,0.00391994,29.8318,No,N/A,2,3,N/A,2 3,6,N/A,8,3 6,10,11,2 10
3 5 7 9 10 12,0.00114629,36.7538,No,N/A,N/A,3,N/A,5,N/A,7,3 5,9,10,N/A,12
2 4 5 8 9 11 12,0.000930548,36.9285,No,N/A,2,N/A,4,5,2 4,2 5,8,9,2 8,11,12
2 4 5 6 7 9 10,0.0139111,24.0132,No,N/A,2,N/A,4,5,6,7,2 6,9,10,2 9,2 10
2 4 5 6 10,0.0310928,15.4236,No,N/A,2,N/A,4,5,6,2 5,2 6,4 5,10,5 6,2 10
3 4 6 7 9 11 12,0.000798794,40.6374,No,N/A,N/A,3,4,N/A,6,7,N/A,9,3 7,11,12
2 3 4 5 6 7 10 11 12,0.00184441,35.0429,No,N/A,2,3,4,5,6,7,2 6,2 7,10,11,12
2 4 5 8 9 10,0.0105135,23.7344,No,N/A,2,N/A,4,5,2 4,2 5,8,9,10,2 9,2 10
3 4 5 7 9 12,0.00332139,28.5049,No,N/A,N/A,3,4,5,N/A,7,3 5,9,3 7,4 7,12
2 3 4 5 7 9 10 12,0.00295422,31.8266,No,N/A,2,3,4,5,2 4,7,3 5,9,10,2 9,12
2 4 7 8 12,0.00516547,23.3361,No,N/A,2,N/A,4,N/A,2 4,7,8,2 7,2 8,4 7,12
2 3 4 7,0.101723,7.72925,No,N/A,2,3,4,2 3,2 4,7,N/A,2 7,3 7,4 7,2 3 7
3 5 6 8 9,0.0138095,22.6785,No,N/A,N/A,3,N/A,5,6,N/A,8,9,N/A,3 8,3 9
3 5 6 7 8 9 10 11 12,0.00048698,50.6192,No,N/A,N/A,3,N/A,5,6,7,8,9,10,11,12
3 4 5 6 7 8 9 10 11,0.00379209,36.0769,No,N/A,N/A,3,4,5,6,7,8,9,10,11,3 9
2 3 5 6 11 12,0.00230582,27.8173,No,N/A,2,3,N/A,5,6,2 5,2 6,3 6,2 3 5,11,12
2 3 6 9 12,0.00358018,25.0664,No,N/A,2,3,N/A,2 3,6,N/A,2 6,9,N/A,2 9,12
3 4 5 6 7 8 9 11 12,0.00133394,40.5673,No,N/A,N/A,3,4,5,6,7,8,9,3 7,11,12
2 3 4 5 10,0.0385302,12.6619,No,N/A,2,3,4,5,2 4,2 5,3 5,4 5,10,2 4 5,2 10
2 3 4 5 8 12,0.00855652,20.1599,No,N/A,2,3,4,5,2 4,2 5,8,4 5,2 8,3 8,12
3 5 6 7 9 10 12,0.00139351,37.1162,No,N/A,N/A,3,N/A,5,6,7,3 5,9,10,5 6,12
2 3 4 7 8 9 12,0.00456118,27.4758,No,N/A,2,3,4,2 3,2 4,7,8,9,2 8,2 9,12
3 4 5 9 11 12,0.000827173,35.1657,No,N/A,N/A,3,4,5,N/A,3 4,3 5,9,N/A,11,12
2 3 4 5 6 7,0.0969515,8.22382,No,N/A,2,3,4,5,6,7,2 6,2 7,3 7,4 7,5 7
2 3 4 5 7 8 9 10,0.0165278,23.3347,No,N/A,2,3,4,5,2 4,7,8,9,10,2 9,2 10
2 4 7 8 9,0.0233006,18.6675,No,N/A,2,N/A,4,N/A,2 4,7,8,9,2 8,2 9,4 8
2 3 6 8 9 10 12,0.00129045,38.0799,No,N/A,2,3,N/A,2 3,6,N/A,8,9,10,2 9,12
2 3 4 6 7 8 9 11 12,0.00183131,36.8811,No,N/A,2,3,4,2 3,6,7,8,9,2 8,11,12
3 5 6 9 10 12,0.00114232,35.4815,No,N/A,N/A,3,N/A,5,6,N/A,3 5,9,10,5 6,12
2 3 6 7 9 12,0.00461494,26.2199,No,N/A,2,3,N/A,2 3,6,7,2 6,9,3 7,2 9,12
3 5 7 8 10 12,0.00122171,36.344,No,N/A,N/A,3,N/A,5,N/A,7,8,N/A,10,3 8,12
3 4 5 6 9 10 11,0.00343332,31.7555,No,N/A,N/A,3,4,5,6,3 4,3 5,9,10,11,3 9
2 3 6 7 8 9 12,0.00373211,30.4801,No,N/A,2,3,N/A,2 3,6,7,8,9,2 8,2 9,12
3 4 6 8 12,0.00525596,23.1629,No,N/A,N/A,3,4,N/A,6,3 4,8,3 6,4 6,3 8,12
2 4 5 7 9 10 12,0.00161823,36.1408,No,N/A,2,N/A,4,5,2 4,7,N/A,9,10,2 9,12
2 4 5 6 8 10 12,0.00256818,31.8325,No,N/A,2,N/A,4,5,6,2 5,8,4 5,10,5 6,12
3 4 5 6 10 12,0.0031535,27.2084,No,N/A,N/A,3,4,5,6,3 4,3 5,3 6,10,5 6,12
2 4 5 8 10 12,0.00243191,29.1309,No,N/A,2,N/A,4,5,2 4,2 5,8,4 5,10,2 4 5,12
2 3 4 6 7 8 9 12,0.00536525,27.8667,No,N/A,2,3,4,2 3,6,7,8,9,2 8,2 9,12
2 3 6 8 9 11 12,0.000757154,39.9169,No,N/A,2,3,N/A,2 3,6,N/A,8,9,2 8,11,12
2 3 4 5 6 7 11 12,0.0035306,28.1252,No,N/A,2,3,4,5,6,7,2 6,2 7,3 7,11,12
2 3 6 7 10 12,0.00295484,27.9597,No,N/A,2,3,N/A,2 3,6,7,2 6,2 7,10,2 3 6,12
2 3 5 7 8 9 11,0.00649443,30.4476,No,N/A,2,3,N/A,5,N/A,7,8,9,2 8,11,3 9
2 4 5 6 7 8 9 11,0.00764597,29.279,No,N/A,2,N/A,4,5,6,7,8,9,2 8,11,4 8
2 3 5 8 11 12,0.00118427,32.947,No,N/A,2,3,N/A,5,N/A,2 5,8,N/A,2 8,11,12
2 3 4 8 9,0.043117,13.5893,No,N/A,2,3,4,2 3,2 4,3 4,8,9,2 8,2 9,3 9
3 4 5 7 8 9 10 11 12,0.00049257,50.5395,No,N/A,N/A,3,4,5,N/A,7,8,9,10,11,12
3 4 5 7 10 12,0.00242794,29.8499,No,N/A,N/A,3,4,5,N/A,7,3 5,4 5,10,4 7,12
2 4 5 7 8 10,0.0185185,20.5589,No,N/A,2,N/A,4,5,2 4,7,8,2 7,10,4 7,2 10
2 3 4 7 12,0.00898062,19.0605,No,N/A,2,3,4,2 3,2 4,7,N/A,2 7,3 7,4 7,12
2 3 4 5 9 10,0.0207524,18.1793,No,N/A,2,3,4,5,2 4,2 5,3 5,9,10,2 9,2 10
2 3 4 6 7 8 10 12,0.00369614,30.1464,No,N/A,2,3,4,2 3,6,7,8,2 7,10,3 8,12
2 4 6 8 9 10,0.00701073,28.8583,No,N/A,2,N/A,4,N/A,6,N/A,8,9,10,2 9,2 10
2 3 4 5 9 11,0.0117233,20.6225,No,N/A,2,3,4,5,2 4,2 5,3 5,9,2 3 5,11,3 9
2 3 4 6 9 12,0.00605079,22.8834,No,N/A,2,3,4,2 3,6,3 4,2 6,9,4 6,2 9,12
2 4 5 6 7 9 10 11 12,0.000806411,44.5477,No,N/A,2,N/A,4,5,6,7,2 6,9,10,11,12
2 3 4 5 6 8,0.0801945,9.5568,No,N/A,2,3,4,5,6,2 5,8,3 6,2 8,3 8,4 8
2 3 5 7 8,0.0459581,14.4407,No,N/A,2,3,N/A,5,N/A,7,8,2 7,2 8,3 8,5 7
2 4 5 6 7 8 9 12,0.00420283,30.8664,No,N/A,2,N/A,4,5,6,7,8,9,2 8,2 9,12
3 4 5 7 8 10 11 12,0.000641363,44.6113,No,N/A,N/A,3,4,5,N/A,7,8,4 5,10,11,12
2 4 5 6 8 12,0.00653006,23.432,No,N/A,2,N/A,4,5,6,2 5,8,4 5,2 8,5 6,12
2 3 4 5 8 9 10 11,0.00472966,31.0817,No,N/A,2,3,4,5,2 4,2 5,8,9,10,11,2 10
2 3 4 5 6,0.115167,6.36961,No,N/A,2,3,4,5,6,2 5,2 6,3 6,4 6,5 6,2 4 6
2 4 5 7 9,0.0269109,18.0261,No,N/A,2,N/A,4,5,2 4,7,N/A,9,N/A,2 9,5 7
2 3 5 6 8 9 12,0.00407614,29.1543,No,N/A,2,3,N/A,5,6,2 5,8,9,2 8,2 9,12
2 3 4 5 7 8 10 11,0.0074471,27.7277,No,N/A,2,3,4,5,2 4,7,8,2 7,10,11,2 10
3 4 5 6 10 11,0.00593548,25.6261,No,N/A,N/A,3,4,5,6,3 4,3 5,3 6,10,11,3 4 5
2 3 5 6 7 8 9 10 11,0.00460217,36.4585,No,N/A,2,3,N/A,5,6,7,8,9,10,11,2 10
2 3 5 8 10 12,0.00185062,31.6563,No,N/A,2,3,N/A,5,N/A,2 5,8,N/A,10,3 8,12
2 3 4 7 8 11,0.014284,20.2483,No,N/A,2,3,4,2 3,2 4,7,8,2 7,2 8,11,4 8
3 4 5 8 9 10,0.0073882,26.5008,No,N/A,N/A,3,4,5,N/A,3 4,8,9,10,3 8,3 9
3 4 5 7 8 10 11,0.00369794,33.3293,No,N/A,N/A,3,4,5,N/A,7,8,4 5,10,11,4 8
2 3 4 6 8 9 12,0.00500076,26.5458,No,N/A,2,3,4,2 3,6,3 4,8,9,2 8,2 9,12
3 5 6 8 9 12,0.00175688,34.2542,No,N/A,N/A,3,N/A,5,6,N/A,8,9,N/A,3 8,12
2 3 5 7 8 9 10 12,0.00158178,40.5266,No,N/A,2,3,N/A,5,N/A,7,8,9,10,2 9,12
2 3 4 7 9 11,0.00855222,24.3398,No,N/A,2,3,4,2 3,2 4,7,N/A,9,3 7,11,3 9
2 3 4 5 9 10 12,0.00269334,29.546,No,N/A,2,3,4,5,2 4,2 5,3 5,9,10,2 9,12
3 4 6 7 8 10 12,0.00188403,35.158,No,N/A,N/A,3,4,N/A,6,7,8,3 6,10,3 8,12
3 4 6 8 10,0.0149534,20.1626,No,N/A,N/A,3,4,N/A,6,3 4,8,3 6,10,3 8,4 8
2 3 4 5,0.130873,4.89969,No,N/A,2,3,4,5,2 4,2 5,3 5,4 5,2 3 5,2 4 5,3 4 5
2 3 5 9 12,0.00496463,22.8509,No,N/A,2,3,N/A,5,N/A,2 5,3 5,9,2 3 5,2 9,12
2 4 7 8 9 10 11 12,0.000452675,47.7944,No,N/A,2,N/A,4,N/A,2 4,7,8,9,10,11,12
3 4 5 6 7 8 10,0.0167134,22.121,No,N/A,N/A,3,4,5,6,7,8,3 6,10,3 8,4 8
2 3 5 6 7 8 10 12,0.00317342,33.0469,No,N/A,2,3,N/A,5,6,7,8,2 7,10,3 8,12
2 3 4 6 7 8 9 11,0.00995322,26.0352,No,N/A,2,3,4,2 3,6,7,8,9,2 8,11,3 9
2 3 4 7 8 9 10 11 12,0.000762443,44.0776,No,N/A,2,3,4,2 3,2 4,7,8,9,10,11,12
3 4 5 6 7 8 10 12,0.00280112,33.0926,No,N/A,N/A,3,4,5,6,7,8,3 6,10,3 8,12
2 4 6 7 10 11,0.00498209,28.1117,No,N/A,2,N/A,4,N/A,6,7,2 6,2 7,10,11,2 10
2 4 6 7 8 9 12,0.00308977,32.5967,No,N/A,2,N/A,4,N/A,6,7,8,9,2 8,2 9,12
2 3 4 6 8 9 11 12,0.00150076,35.9288,No,N/A,2,3,4,2 3,6,3 4,8,9,2 8,11,12
2 3 4 5 7 11,0.0203824,16.9246,No,N/A,2,3,4,5,2 4,7,3 5,2 7,3 7,11,5 7
2 3 4 5 7 10 11 12,0.00135121,35.3246,No,N/A,2,3,4,5,2 4,7,3 5,2 7,10,11,12
2 3 4 5 6 9 10 11,0.00644475,27.988,No,N/A,2,3,4,5,6,2 5,2 6,9,10,11,2 10
2 4 5 6 9 11 12,0.00127586,34.8029,No,N/A,2,N/A,4,5,6,2 5,2 6,9,4 6,11,12
2 3 5 6 7 8 10 11,0.0060479,31.3251,No,N/A,2,3,N/A,5,6,7,8,2 7,10,11,2 10
2 3 4 5 8 10 11,0.00677291,26.2699,No,N/A,2,3,4,5,2 4,2 5,8,4 5,10,11,2 10
2 3 4 6 7 9 12,0.00575116,25.2577,No,N/A,2,3,4,2 3,6,7,2 6,9,3 7,2 9,12
3 4 5 10 11 12,0.000650149,35.3084,No,N/A,N/A,3,4,5,N/A,3 4,3 5,4 5,10,11,12
2 3 5 7 9 10,0.0140488,23.9049,No,N/A,2,3,N/A,5,N/A,7,3 5,9,10,2 9,2 10
2 4 6 7 9 11,0.00650096,26.9313,No,N/A,2,N/A,4,N/A,6,7,2 6,9,4 6,11,2 4 6
3 4 6 8 9,0.0223837,18.5799,No,N/A,N/A,3,4,N/A,6,3 4,8,9,4 6,3 8,3 9
2 4 6 7 8 9 10,0.00897229,29.4041,No,N/A,2,N/A,4,N/A,6,7,8,9,10,2 9,2 10
2 4 5 7 10 11,0.00543458,27.6215,No,N/A,2,N/A,4,5,2 4,7,N/A,2 7,10,11,2 10
2 4 5 6 8 9 10,0.0110413,25.6264,No,N/A,2,N/A,4,5,6,2 5,8,9,10,2 9,2 10
2 3 6 10,0.0302641,13.9048,No,N/A,2,3,N/A,2 3,6,N/A,2 6,3 6,10,2 3 6,2 10
2 3 6 7 8,0.0529573,13.2084,No,N/A,2,3,N/A,2 3,6,7,8,2 7,2 8,3 8,2 3 7
2 3 5 6 11,0.0194251,17.0206,No,N/A,2,3,N/A,5,6,2 5,2 6,3 6,2 3 5,11,N/A
2 4 6 7 9,0.0313595,16.7798,No,N/A,2,N/A,4,N/A,6,7,2 6,9,4 6,2 9,2 4 6
2 4 5 7 10 12,0.00272592,29.3455,No,N/A,2,N/A,4,5,2 4,7,N/A,2 7,10,4 7,12
3 4 6 8 9 10 11 12,0.000424121,47.3659,No,N/A,N/A,3,4,N/A,6,3 4,8,9,10,11,12
2 3 4 5 6 7 8 9 11 12,0.0026677,35.0249,No,N/A,2,3,4,5,6,7,8,9,2 8,11,12
3 4 5 6 8 9,0.0227489,19.0239,No,N/A,N/A,3,4,5,6,3 4,8,9,4 6,3 8,3 9
2 3 4 5 7 8 11,0.0158926,20.6292,No,N/A,2,3,4,5,2 4,7,8,2 7,2 8,11,4 8
3 4 5 7 10 11,0.00462487,28.2943,No,N/A,N/A,3,4,5,N/A,7,3 5,4 5,10,11,5 7
2 3 4 6 8 9 10 11,0.00455362,32.1847,No,N/A,2,3,4,2 3,6,3 4,8,9,10,11,2 10
2 3 4 5 7 8 9,0.0367463,16.4011,No,N/A,2,3,4,5,2 4,7,8,9,2 8,2 9,3 9
2 3 4 6 7 10,0.0292954,16.2837,No,N/A,2,3,4,2 3,6,7,2 6,2 7,10,4 7,2 10
2 3 6 7 12,0.00852814,19.7053,No,N/A,2,3,N/A,2 3,6,7,2 6,2 7,3 7,2 3 6,12
2 4 7 9 12,0.00304832,27.2183,No,N/A,2,N/A,4,N/A,2 4,7,N/A,9,N/A,2 9,12
2 3 4 6 7 9 10 11 12,0.000942192,41.9474,No,N/A,2,3,4,2 3,6,7,2 6,9,10,11,12
2 4 6 8 10 12,0.00111117,35.9294,No,N/A,2,N/A,4,N/A,6,N/A,8,N/A,10,N/A,12
2 3 4 5 7 8 9 11 12,0.00187218,36.5531,No,N/A,2,3,4,5,2 4,7,8,9,2 8,11,12
2 3 4 5 7 8 9 10 11,0.00555075,32.1974,No,N/A,2,3,4,5,2 4,7,8,9,10,11,2 10
3 4 5 6 7 11 12,0.00217014,31.6095,No,N/A,N/A,3,4,5,6,7,3 5,3 6,3 7,11,12
2 3 4 5 6 7 8 11 12,0.00338999,30.7362,No,N/A,2,3,4,5,6,7,8,2 7,2 8,11,12
3 4 5 7 8 11,0.0092066,25.2369,No,N/A,N/A,3,4,5,N/A,7,8,4 5,3 7,11,4 8
2 3 4 5 8 10,0.027023,16.6555,No,N/A,2,3,4,5,2 4,2 5,8,4 5,10,3 8,2 10
2 3 4 5 7 9,0.0483147,13.5135,No,N/A,2,3,4,5,2 4,7,3 5,9,3 7,2 9,3 9
3 4 5 6 7 8 9 12,0.00364188,31.5831,No,N/A,N/A,3,4,5,6,7,8,9,3 7,3 8,12
2 4 6 7,0.0770319,9.97224,No,N/A,2,N/A,4,N/A,6,7,2 6,2 7,4 6,4 7,2 4 6
2 3 5 6 7 8 9 11,0.00854513,29.2316,No,N/A,2,3,N/A,5,6,7,8,9,2 8,11,3 9
3 5 6 7 9 10,0.00919178,25.7919,No,N/A,N/A,3,N/A,5,6,7,3 5,9,10,5 6,3 9
2 3 4 5 6 10 11,0.00999193,22.5777,No,N/A,2,3,4,5,6,2 5,2 6,3 6,10,11,2 10
3 5 6 7 10 11,0.00449627,28.9306,No,N/A,N/A,3,N/A,5,6,7,3 5,3 6,10,11,5 7
2 3 4 5 6 9,0.0572311,11.9339,No,N/A,2,3,4,5,6,2 5,2 6,9,4 6,2 9,3 9
2 3 5 7 10 11 12,0.000767702,38.5571,No,N/A,2,3,N/A,5,N/A,7,3 5,2 7,10,11,12
3 4 5 6 8 12,0.00589586,23.9678,No,N/A,N/A,3,4,5,6,3 4,8,3 6,4 6,3 8,12
2 3 6 7 8 10,0.0190695,20.9514,No,N/A,2,3,N/A,2 3,6,7,8,2 7,10,3 8,2 10
2 4 5 8 12,0.00687776,20.8182,No,N/A,2,N/A,4,5,2 4,2 5,8,4 5,2 8,2 4 5,12
3 5 7 8 10 11 12,0.000364501,46.5294,No,N/A,N/A,3,N/A,5,N/A,7,8,N/A,10,11,12
2 3 6 7 8 9 11 12,0.00114842,40.0211,No,N/A,2,3,N/A,2 3,6,7,8,9,2 8,11,12
2 4 5 6 9 10 11,0.00373233,31.3539,No,N/A,2,N/A,4,5,6,2 5,2 6,9,10,11,2 10
