Position,Win Probability,Average Score,Was Reached?,1,2,3,4,5,6,7,8,9,10,11,12,13,14,15,16,17,18
,1.0,0,N/A,N/A,N/A,N/A,N/A,N/A,N/A,N/A,N/A,N/A,N/A,N/A,N/A,N/A,N/A,N/A,N/A,N/A,N/A
13,0.0972222,11.7361,Yes,N/A,N/A,N/A,N/A,N/A,N/A,N/A,N/A,N/A,N/A,N/A,N/A,13,N/A,N/A,N/A,N/A,N/A
12,0.115741,10.6111,Yes,N/A,N/A,N/A,N/A,N/A,N/A,N/A,N/A,N/A,N/A,N/A,12,N/A,N/A,N/A,N/A,N/A,N/A
12 13,0.0225051,22.0659,Yes,N/A,N/A,N/A,N/A,N/A,N/A,N/A,N/A,N/A,N/A,N/A,12,13,N/A,N/A,N/A,N/A,N/A
11,0.125,9.625,Yes,N/A,N/A,N/A,N/A,N/A,N/A,N/A,N/A,N/A,N/A,11,N/A,N/A,N/A,N/A,N/A,N/A,N/A
11 13,0.0243056,21.0694,Yes,N/A,N/A,N/A,N/A,N/A,N/A,N/A,N/A,N/A,N/A,11,N/A,13,N/A,N/A,N/A,N/A,N/A
11 12,0.0289352,19.9034,Yes,N/A,N/A,N/A,N/A,N/A,N/A,N/A,N/A,N/A,N/A,11,12,N/A,N/A,N/A,N/A,N/A,N/A
11 12 13,0.00843943,30.9652,Yes,N/A,N/A,N/A,N/A,N/A,N/A,N/A,N/A,N/A,N/A,11,12,13,N/A,N/A,N/A,N/A,N/A
10,0.125,8.75,Yes,N/A,N/A,N/A,N/A,N/A,N/A,N/A,N/A,N/A,10,N/A,N/A,N/A,N/A,N/A,N/A,N/A,N/A
10 13,0.0243056,20.2066,Yes,N/A,N/A,N/A,N/A,N/A,N/A,N/A,N/A,N/A,10,N/A,N/A,13,N/A,N/A,N/A,N/A,N/A
10 12,0.0289352,19.0428,Yes,N/A,N/A,N/A,N/A,N/A,N/A,N/A,N/A,N/A,10,N/A,12,N/A,N/A,N/A,N/A,N/A,N/A
10 12 13,0.00843943,30.1196,Yes,N/A,N/A,N/A,N/A,N/A,N/A,N/A,N/A,N/A,10,N/A,12,13,N/A,N/A,N/A,N/A,N/A
10 11,0.03125,18.0469,Yes,N/A,N/A,N/A,N/A,N/A,N/A,N/A,N/A,N/A,10,11,N/A,N/A,N/A,N/A,N/A,N/A,N/A
10 11 13,0.00911458,29.1085,Yes,N/A,N/A,N/A,N/A,N/A,N/A,N/A,N/A,N/A,10,11,N/A,13,N/A,N/A,N/A,N/A,N/A
10 11 12,0.0108507,27.8876,Yes,N/A,N/A,N/A,N/A,N/A,N/A,N/A,N/A,N/A,10,11,12,N/A,N/A,N/A,N/A,N/A,N/A
10 11 12 13,0.00421971,38.4196,Yes,N/A,N/A,N/A,N/A,N/A,N/A,N/A,N/A,N/A,10,11,12,13,N/A,N/A,N/A,N/A,N/A
9,0.115741,7.95833,Yes,N/A,N/A,N/A,N/A,N/A,N/A,N/A,N/A,9,N/A,N/A,N/A,N/A,N/A,N/A,N/A,N/A,N/A
9 13,0.0225051,19.4469,Yes,N/A,N/A,N/A,N/A,N/A,N/A,N/A,N/A,9,N/A,N/A,N/A,13,N/A,N/A,N/A,N/A,N/A
9 12,0.0267918,18.2881,Yes,N/A,N/A,N/A,N/A,N/A,N/A,N/A,N/A,9,N/A,N/A,12,N/A,N/A,N/A,N/A,N/A,N/A
9 12 13,0.00781429,29.4068,Yes,N/A,N/A,N/A,N/A,N/A,N/A,N/A,N/A,9,N/A,N/A,12,13,N/A,N/A,N/A,N/A,N/A
9 11,0.0289352,17.294,Yes,N/A,N/A,N/A,N/A,N/A,N/A,N/A,N/A,9,N/A,11,N/A,N/A,N/A,N/A,N/A,N/A,N/A
9 11 13,0.00843943,28.398,Yes,N/A,N/A,N/A,N/A,N/A,N/A,N/A,N/A,9,N/A,11,N/A,13,N/A,N/A,N/A,N/A,N/A
9 11 12,0.0100469,27.1839,Yes,N/A,N/A,N/A,N/A,N/A,N/A,N/A,N/A,9,N/A,11,12,N/A,N/A,N/A,N/A,N/A,N/A
9 11 12 13,0.00390714,37.7728,Yes,N/A,N/A,N/A,N/A,N/A,N/A,N/A,N/A,9,N/A,11,12,13,N/A,N/A,N/A,N/A,N/A
9 10,0.0289352,16.4334,Yes,N/A,N/A,N/A,N/A,N/A,N/A,N/A,N/A,9,10,N/A,N/A,N/A,N/A,N/A,N/A,N/A,N/A
9 10 13,0.00843943,27.5525,Yes,N/A,N/A,N/A,N/A,N/A,N/A,N/A,N/A,9,10,N/A,N/A,13,N/A,N/A,N/A,N/A,N/A
9 10 12,0.0100469,26.3411,Yes,N/A,N/A,N/A,N/A,N/A,N/A,N/A,N/A,9,10,N/A,12,N/A,N/A,N/A,N/A,N/A,N/A
9 10 12 13,0.00390714,36.9488,Yes,N/A,N/A,N/A,N/A,N/A,N/A,N/A,N/A,9,10,N/A,12,13,N/A,N/A,N/A,N/A,N/A
9 10 11,0.0108507,25.3325,Yes,N/A,N/A,N/A,N/A,N/A,N/A,N/A,N/A,9,10,11,N/A,N/A,N/A,N/A,N/A,N/A,N/A
9 10 11 13,0.00421971,35.9183,Yes,N/A,N/A,N/A,N/A,N/A,N/A,N/A,N/A,9,10,11,N/A,13,N/A,N/A,N/A,N/A,N/A
9 10 11 12,0.00502347,34.6281,Yes,N/A,N/A,N/A,N/A,N/A,N/A,N/A,N/A,9,10,11,12,N/A,N/A,N/A,N/A,N/A,N/A
9 10 11 12 13,0.00244196,44.4821,Yes,N/A,N/A,N/A,N/A,N/A,N/A,N/A,N/A,9,10,11,12,13,N/A,N/A,N/A,N/A,N/A
8,0.0972222,7.22222,Yes,N/A,N/A,N/A,N/A,N/A,N/A,N/A,8,N/A,N/A,N/A,N/A,N/A,N/A,N/A,N/A,N/A,N/A
8 13,0.0189043,18.7598,Yes,N/A,N/A,N/A,N/A,N/A,N/A,N/A,8,N/A,N/A,N/A,N/A,13,N/A,N/A,N/A,N/A,N/A
8 12,0.0225051,17.6083,Yes,N/A,N/A,N/A,N/A,N/A,N/A,N/A,8,N/A,N/A,N/A,12,N/A,N/A,N/A,N/A,N/A,N/A
8 12 13,0.006564,28.7924,Yes,N/A,N/A,N/A,N/A,N/A,N/A,N/A,8,N/A,N/A,N/A,12,13,N/A,N/A,N/A,N/A,N/A
8 11,0.0243056,16.6163,Yes,N/A,N/A,N/A,N/A,N/A,N/A,N/A,8,N/A,N/A,11,N/A,N/A,N/A,N/A,N/A,N/A,N/A
8 11 13,0.00708912,27.7867,Yes,N/A,N/A,N/A,N/A,N/A,N/A,N/A,8,N/A,N/A,11,N/A,13,N/A,N/A,N/A,N/A,N/A
8 11 12,0.00843943,26.5824,Yes,N/A,N/A,N/A,N/A,N/A,N/A,N/A,8,N/A,N/A,11,12,N/A,N/A,N/A,N/A,N/A,N/A
8 11 12 13,0.003282,37.2619,Yes,N/A,N/A,N/A,N/A,N/A,N/A,N/A,8,N/A,N/A,11,12,13,N/A,N/A,N/A,N/A,N/A
8 10,0.0289352,15.6701,Yes,N/A,N/A,N/A,N/A,N/A,N/A,N/A,8,N/A,10,N/A,N/A,N/A,N/A,N/A,N/A,N/A,8 10
8 10 13,0.00798933,26.841,Yes,N/A,N/A,N/A,N/A,N/A,N/A,N/A,8,N/A,10,N/A,N/A,13,N/A,N/A,N/A,N/A,8 10
8 10 12,0.0095111,25.6374,Yes,N/A,N/A,N/A,N/A,N/A,N/A,N/A,8,N/A,10,N/A,12,N/A,N/A,N/A,N/A,N/A,8 10
8 10 12 13,0.00359457,36.3166,Yes,N/A,N/A,N/A,N/A,N/A,N/A,N/A,8,N/A,10,N/A,12,13,N/A,N/A,N/A,N/A,8 10
8 10 11,0.010272,24.6312,Yes,N/A,N/A,N/A,N/A,N/A,N/A,N/A,8,N/A,10,11,N/A,N/A,N/A,N/A,N/A,N/A,8 10
8 10 11 13,0.00388214,35.2896,Yes,N/A,N/A,N/A,N/A,N/A,N/A,N/A,8,N/A,10,11,N/A,13,N/A,N/A,N/A,N/A,8 10
8 10 11 12,0.00462159,34.0105,Yes,N/A,N/A,N/A,N/A,N/A,N/A,N/A,8,N/A,10,11,12,N/A,N/A,N/A,N/A,N/A,8 10
8 10 11 12 13,0.00220754,43.9669,Yes,N/A,N/A,N/A,N/A,N/A,N/A,N/A,8,N/A,10,11,12,13,N/A,N/A,N/A,N/A,8 10
8 9,0.036394,14.7532,Yes,N/A,N/A,N/A,N/A,N/A,N/A,N/A,8,9,N/A,N/A,N/A,N/A,N/A,N/A,N/A,8 9,N/A
8 9 13,0.00926462,25.9371,Yes,N/A,N/A,N/A,N/A,N/A,N/A,N/A,8,9,N/A,N/A,N/A,13,N/A,N/A,N/A,8 9,N/A
8 9 12,0.0110293,24.7357,Yes,N/A,N/A,N/A,N/A,N/A,N/A,N/A,8,9,N/A,N/A,12,N/A,N/A,N/A,N/A,8 9,N/A
8 9 12 13,0.0039766,35.4325,Yes,N/A,N/A,N/A,N/A,N/A,N/A,N/A,8,9,N/A,N/A,12,13,N/A,N/A,N/A,8 9,N/A
8 9 11,0.0119117,23.7305,Yes,N/A,N/A,N/A,N/A,N/A,N/A,N/A,8,9,N/A,11,N/A,N/A,N/A,N/A,N/A,8 9,N/A
8 9 11 13,0.00429473,34.4068,Yes,N/A,N/A,N/A,N/A,N/A,N/A,N/A,8,9,N/A,11,N/A,13,N/A,N/A,N/A,8 9,N/A
8 9 11 12,0.00511278,33.1308,Yes,N/A,N/A,N/A,N/A,N/A,N/A,N/A,8,9,N/A,11,12,N/A,N/A,N/A,N/A,8 9,N/A
8 9 11 12 13,0.00236816,43.1123,Yes,N/A,N/A,N/A,N/A,N/A,N/A,N/A,8,9,N/A,11,12,13,N/A,N/A,N/A,8 9,N/A
8 9 10,0.0129833,22.7889,Yes,N/A,N/A,N/A,N/A,N/A,N/A,N/A,8,9,10,N/A,N/A,N/A,N/A,N/A,N/A,8 9,8 10
8 9 10 13,0.0046073,33.4656,Yes,N/A,N/A,N/A,N/A,N/A,N/A,N/A,8,9,10,N/A,N/A,13,N/A,N/A,N/A,8 9,8 10
8 9 10 12,0.00548488,32.1903,Yes,N/A,N/A,N/A,N/A,N/A,N/A,N/A,8,9,10,N/A,12,N/A,N/A,N/A,N/A,8 9,8 10
8 9 10 12 13,0.00251287,42.1709,Yes,N/A,N/A,N/A,N/A,N/A,N/A,N/A,8,9,10,N/A,12,13,N/A,N/A,N/A,8 9,8 10
8 9 10 11,0.00592368,31.1631,Yes,N/A,N/A,N/A,N/A,N/A,N/A,N/A,8,9,10,11,N/A,N/A,N/A,N/A,N/A,8 9,8 10
8 9 10 11 13,0.0027139,41.1122,Yes,N/A,N/A,N/A,N/A,N/A,N/A,N/A,8,9,10,11,N/A,13,N/A,N/A,N/A,8 9,8 10
8 9 10 11 12,0.00323084,39.7271,Yes,N/A,N/A,N/A,N/A,N/A,N/A,N/A,8,9,10,11,12,N/A,N/A,N/A,N/A,8 9,8 10
8 9 10 11 12 13,0.00180796,48.653,Yes,N/A,N/A,N/A,N/A,N/A,N/A,N/A,8,9,10,11,12,13,N/A,N/A,N/A,8 9,8 10
7,0.0694444,6.51389,Yes,N/A,N/A,N/A,N/A,N/A,N/A,7,N/A,N/A,N/A,N/A,N/A,N/A,N/A,N/A,N/A,N/A,N/A
7 13,0.0135031,18.115,Yes,N/A,N/A,N/A,N/A,N/A,N/A,7,N/A,N/A,N/A,N/A,N/A,13,N/A,N/A,N/A,N/A,N/A
7 12,0.0160751,16.9723,Yes,N/A,N/A,N/A,N/A,N/A,N/A,7,N/A,N/A,N/A,N/A,12,N/A,N/A,N/A,N/A,N/A,N/A
7 12 13,0.00468857,28.242,Yes,N/A,N/A,N/A,N/A,N/A,N/A,7,N/A,N/A,N/A,N/A,12,13,N/A,N/A,N/A,N/A,N/A
7 11,0.0219907,15.8993,Yes,N/A,N/A,N/A,N/A,N/A,N/A,7,N/A,N/A,N/A,11,N/A,N/A,N/A,N/A,N/A,N/A,7 11
7 11 13,0.00596386,27.1424,Yes,N/A,N/A,N/A,N/A,N/A,N/A,7,N/A,N/A,N/A,11,N/A,13,N/A,N/A,N/A,N/A,7 11
7 11 12,0.00709984,25.9486,Yes,N/A,N/A,N/A,N/A,N/A,N/A,7,N/A,N/A,N/A,11,12,N/A,N/A,N/A,N/A,N/A,7 11
7 11 12 13,0.00265686,36.7294,Yes,N/A,N/A,N/A,N/A,N/A,N/A,7,N/A,N/A,N/A,11,12,13,N/A,N/A,N/A,N/A,7 11
7 10,0.03125,14.8802,Yes,N/A,N/A,N/A,N/A,N/A,N/A,7,N/A,N/A,10,N/A,N/A,N/A,N/A,N/A,N/A,7 10,N/A
7 10 13,0.00776427,26.1106,Yes,N/A,N/A,N/A,N/A,N/A,N/A,7,N/A,N/A,10,N/A,N/A,13,N/A,N/A,N/A,7 10,N/A
7 10 12,0.00924318,24.9154,Yes,N/A,N/A,N/A,N/A,N/A,N/A,7,N/A,N/A,10,N/A,12,N/A,N/A,N/A,N/A,7 10,N/A
7 10 12 13,0.003282,35.6783,Yes,N/A,N/A,N/A,N/A,N/A,N/A,7,N/A,N/A,10,N/A,12,13,N/A,N/A,N/A,7 10,N/A
7 10 11,0.01114,23.8119,Yes,N/A,N/A,N/A,N/A,N/A,N/A,7,N/A,N/A,10,11,N/A,N/A,N/A,N/A,N/A,7 10,7 11
7 10 11 13,0.00388214,34.5367,Yes,N/A,N/A,N/A,N/A,N/A,N/A,7,N/A,N/A,10,11,N/A,13,N/A,N/A,N/A,7 10,7 11
7 10 11 12,0.00462159,33.2671,Yes,N/A,N/A,N/A,N/A,N/A,N/A,7,N/A,N/A,10,11,12,N/A,N/A,N/A,N/A,7 10,7 11
7 10 11 12 13,0.00209032,43.321,Yes,N/A,N/A,N/A,N/A,N/A,N/A,7,N/A,N/A,10,11,12,13,N/A,N/A,N/A,7 10,7 11
7 9,0.0438529,13.8992,Yes,N/A,N/A,N/A,N/A,N/A,N/A,7,N/A,9,N/A,N/A,N/A,N/A,N/A,N/A,7 9,N/A,N/A
7 9 13,0.0100898,25.1291,Yes,N/A,N/A,N/A,N/A,N/A,N/A,7,N/A,9,N/A,N/A,N/A,13,N/A,N/A,7 9,N/A,N/A
7 9 12,0.0120117,23.9341,Yes,N/A,N/A,N/A,N/A,N/A,N/A,7,N/A,9,N/A,N/A,12,N/A,N/A,N/A,7 9,N/A,N/A
7 9 12 13,0.00404606,34.6963,Yes,N/A,N/A,N/A,N/A,N/A,N/A,7,N/A,9,N/A,N/A,12,13,N/A,N/A,7 9,N/A,N/A
7 9 11,0.0140443,22.8328,Yes,N/A,N/A,N/A,N/A,N/A,N/A,7,N/A,9,N/A,11,N/A,N/A,N/A,N/A,7 9,N/A,7 11
7 9 11 13,0.00468232,33.5573,Yes,N/A,N/A,N/A,N/A,N/A,N/A,7,N/A,9,N/A,11,N/A,13,N/A,N/A,7 9,N/A,7 11
7 9 11 12,0.00557419,32.2881,Yes,N/A,N/A,N/A,N/A,N/A,N/A,7,N/A,9,N/A,11,12,N/A,N/A,N/A,7 9,N/A,7 11
7 9 11 12 13,0.00243907,42.3417,Yes,N/A,N/A,N/A,N/A,N/A,N/A,7,N/A,9,N/A,11,12,13,N/A,N/A,7 9,N/A,7 11
7 9 10,0.0161876,21.8063,Yes,N/A,N/A,N/A,N/A,N/A,N/A,7,N/A,9,10,N/A,N/A,N/A,N/A,N/A,7 9,7 10,N/A
7 9 10 13,0.00530746,32.5141,Yes,N/A,N/A,N/A,N/A,N/A,N/A,7,N/A,9,10,N/A,N/A,13,N/A,N/A,7 9,7 10,N/A
7 9 10 12,0.00631841,31.2431,Yes,N/A,N/A,N/A,N/A,N/A,N/A,7,N/A,9,10,N/A,12,N/A,N/A,N/A,7 9,7 10,N/A
7 9 10 12 13,0.00272849,41.2726,Yes,N/A,N/A,N/A,N/A,N/A,N/A,7,N/A,9,10,N/A,12,13,N/A,N/A,7 9,7 10,N/A
7 9 10 11,0.00722576,30.0979,Yes,N/A,N/A,N/A,N/A,N/A,N/A,7,N/A,9,10,11,N/A,N/A,N/A,N/A,7 9,7 10,7 11
7 9 10 11 13,0.00310305,40.0721,Yes,N/A,N/A,N/A,N/A,N/A,N/A,7,N/A,9,10,11,N/A,13,N/A,N/A,7 9,7 10,7 11
7 9 10 11 12,0.00369411,38.6903,Yes,N/A,N/A,N/A,N/A,N/A,N/A,7,N/A,9,10,11,12,N/A,N/A,N/A,7 9,7 10,7 11
7 9 10 11 12 13,0.00196533,47.6617,Yes,N/A,N/A,N/A,N/A,N/A,N/A,7,N/A,9,10,11,12,13,N/A,N/A,7 9,7 10,7 11
7 8,0.0597994,12.9404,Yes,N/A,N/A,N/A,N/A,N/A,N/A,7,8,N/A,N/A,N/A,N/A,N/A,N/A,7 8,N/A,N/A,N/A
7 8 13,0.0129405,24.1802,Yes,N/A,N/A,N/A,N/A,N/A,N/A,7,8,N/A,N/A,N/A,N/A,13,N/A,7 8,N/A,N/A,N/A
7 8 12,0.0154053,22.9869,Yes,N/A,N/A,N/A,N/A,N/A,N/A,7,8,N/A,N/A,N/A,12,N/A,N/A,7 8,N/A,N/A,N/A
7 8 12 13,0.00494905,33.7632,Yes,N/A,N/A,N/A,N/A,N/A,N/A,7,8,N/A,N/A,N/A,12,13,N/A,7 8,N/A,N/A,N/A
7 8 11,0.0175379,21.8889,Yes,N/A,N/A,N/A,N/A,N/A,N/A,7,8,N/A,N/A,11,N/A,N/A,N/A,7 8,N/A,N/A,7 11
7 8 11 13,0.00560753,32.6286,Yes,N/A,N/A,N/A,N/A,N/A,N/A,7,8,N/A,N/A,11,N/A,13,N/A,7 8,N/A,N/A,7 11
7 8 11 12,0.00667563,31.3619,Yes,N/A,N/A,N/A,N/A,N/A,N/A,7,8,N/A,N/A,11,12,N/A,N/A,7 8,N/A,N/A,7 11
7 8 11 12 13,0.002824,41.438,Yes,N/A,N/A,N/A,N/A,N/A,N/A,7,8,N/A,N/A,11,12,13,N/A,7 8,N/A,N/A,7 11
7 8 10,0.0199814,20.776,Yes,N/A,N/A,N/A,N/A,N/A,N/A,7,8,N/A,10,N/A,N/A,N/A,N/A,7 8,N/A,7 10,8 10
7 8 10 13,0.00632019,31.4841,Yes,N/A,N/A,N/A,N/A,N/A,N/A,7,8,N/A,10,N/A,N/A,13,N/A,7 8,N/A,7 10,8 10
7 8 10 12,0.00752404,30.2132,Yes,N/A,N/A,N/A,N/A,N/A,N/A,7,8,N/A,10,N/A,12,N/A,N/A,7 8,N/A,7 10,8 10
7 8 10 12 13,0.00315393,40.2454,Yes,N/A,N/A,N/A,N/A,N/A,N/A,7,8,N/A,10,N/A,12,13,N/A,7 8,N/A,7 10,8 10
7 8 10 11,0.0084046,29.1642,Yes,N/A,N/A,N/A,N/A,N/A,N/A,7,8,N/A,10,11,N/A,N/A,N/A,7 8,N/A,7 10,7 11
7 8 10 11 13,0.00351252,39.1592,Yes,N/A,N/A,N/A,N/A,N/A,N/A,7,8,N/A,10,11,N/A,13,N/A,7 8,N/A,7 10,7 11
7 8 10 11 12,0.00418157,37.7808,Yes,N/A,N/A,N/A,N/A,N/A,N/A,7,8,N/A,10,11,12,N/A,N/A,7 8,N/A,7 10,7 11
7 8 10 11 12 13,0.00217443,46.7841,Yes,N/A,N/A,N/A,N/A,N/A,N/A,7,8,N/A,10,11,12,13,N/A,7 8,N/A,7 10,7 11
7 8 9,0.0227356,19.6442,Yes,N/A,N/A,N/A,N/A,N/A,N/A,7,8,9,N/A,N/A,N/A,N/A,N/A,7 8,7 9,8 9,N/A
7 8 9 13,0.00708704,30.3249,Yes,N/A,N/A,N/A,N/A,N/A,N/A,7,8,9,N/A,N/A,N/A,13,N/A,7 8,7 9,8 9,N/A
7 8 9 12,0.00843695,29.0504,Yes,N/A,N/A,N/A,N/A,N/A,N/A,7,8,9,N/A,N/A,12,N/A,N/A,7 8,7 9,8 9,N/A
7 8 9 12 13,0.00349207,39.0459,Yes,N/A,N/A,N/A,N/A,N/A,N/A,7,8,9,N/A,N/A,12,13,N/A,7 8,7 9,8 9,N/A
7 8 9 11,0.00955308,27.9081,Yes,N/A,N/A,N/A,N/A,N/A,N/A,7,8,9,N/A,11,N/A,N/A,N/A,7 8,7 9,8 9,7 11
7 8 9 11 13,0.0039305,37.8492,Yes,N/A,N/A,N/A,N/A,N/A,N/A,7,8,9,N/A,11,N/A,13,N/A,7 8,7 9,8 9,7 11
7 8 9 11 12,0.00467917,36.4631,Yes,N/A,N/A,N/A,N/A,N/A,N/A,7,8,9,N/A,11,12,N/A,N/A,7 8,7 9,8 9,7 11
7 8 9 11 12 13,0.00240215,45.3932,Yes,N/A,N/A,N/A,N/A,N/A,N/A,7,8,9,N/A,11,12,13,N/A,7 8,7 9,8 9,7 11
7 8 9 10,0.0104819,27.0281,Yes,N/A,N/A,N/A,N/A,N/A,N/A,7,8,9,10,N/A,N/A,N/A,N/A,7 8,7 9,7 10,8 10
7 8 9 10 13,0.00426044,36.9757,Yes,N/A,N/A,N/A,N/A,N/A,N/A,7,8,9,10,N/A,N/A,13,N/A,7 8,7 9,7 10,8 10
7 8 9 10 12,0.00507195,35.5913,Yes,N/A,N/A,N/A,N/A,N/A,N/A,7,8,9,10,N/A,12,N/A,N/A,7 8,7 9,7 10,8 10
7 8 9 10 12 13,0.00258223,44.5271,Yes,N/A,N/A,N/A,N/A,N/A,N/A,7,8,9,10,N/A,12,13,N/A,7 8,7 9,7 10,8 10
7 8 9 10 11,0.00560422,34.4999,Yes,N/A,N/A,N/A,N/A,N/A,N/A,7,8,9,10,11,N/A,N/A,N/A,7 8,7 9,7 10,7 11
7 8 9 10 11 13,0.00284959,43.3776,Yes,N/A,N/A,N/A,N/A,N/A,N/A,7,8,9,10,11,N/A,13,N/A,7 8,7 9,7 10,7 11
7 8 9 10 11 12,0.00339237,41.8279,Yes,N/A,N/A,N/A,N/A,N/A,N/A,7,8,9,10,11,12,N/A,N/A,7 8,7 9,7 10,7 11
7 8 9 10 11 12 13,0.00206987,49.1717,Yes,N/A,N/A,N/A,N/A,N/A,N/A,7,8,9,10,11,12,13,N/A,7 8,7 9,7 10,7 11
6,0.0462963,5.72222,Yes,N/A,N/A,N/A,N/A,N/A,6,N/A,N/A,N/A,N/A,N/A,N/A,N/A,N/A,N/A,N/A,N/A,N/A
6 13,0.00900206,17.3728,Yes,N/A,N/A,N/A,N/A,N/A,6,N/A,N/A,N/A,N/A,N/A,N/A,13,N/A,N/A,N/A,N/A,N/A
6 12,0.0153464,16.1535,Yes,N/A,N/A,N/A,N/A,N/A,6,N/A,N/A,N/A,N/A,N/A,12,N/A,N/A,N/A,N/A,N/A,6 12
6 12 13,0.00402592,27.4766,Yes,N/A,N/A,N/A,N/A,N/A,6,N/A,N/A,N/A,N/A,N/A,12,13,N/A,N/A,N/A,N/A,6 12
6 11,0.025463,15.0127,Yes,N/A,N/A,N/A,N/A,N/A,6,N/A,N/A,N/A,N/A,11,N/A,N/A,N/A,N/A,N/A,6 11,N/A
6 11 13,0.00607639,26.2974,Yes,N/A,N/A,N/A,N/A,N/A,6,N/A,N/A,N/A,N/A,11,N/A,13,N/A,N/A,N/A,6 11,N/A
6 11 12,0.0083912,25.0091,Yes,N/A,N/A,N/A,N/A,N/A,6,N/A,N/A,N/A,N/A,11,12,N/A,N/A,N/A,N/A,6 11,6 12
6 11 12 13,0.00283815,35.8306,Yes,N/A,N/A,N/A,N/A,N/A,6,N/A,N/A,N/A,N/A,11,12,13,N/A,N/A,N/A,6 11,6 12
6 10,0.0393519,13.9352,Yes,N/A,N/A,N/A,N/A,N/A,6,N/A,N/A,N/A,10,N/A,N/A,N/A,N/A,N/A,6 10,N/A,N/A
6 10 13,0.00877701,25.1953,Yes,N/A,N/A,N/A,N/A,N/A,6,N/A,N/A,N/A,10,N/A,N/A,13,N/A,N/A,6 10,N/A,N/A
6 10 12,0.0116062,23.9045,Yes,N/A,N/A,N/A,N/A,N/A,6,N/A,N/A,N/A,10,N/A,12,N/A,N/A,N/A,6 10,N/A,6 12
6 10 12 13,0.00377586,34.6923,Yes,N/A,N/A,N/A,N/A,N/A,6,N/A,N/A,N/A,10,N/A,12,13,N/A,N/A,6 10,N/A,6 12
6 10 11,0.0147569,22.7179,Yes,N/A,N/A,N/A,N/A,N/A,6,N/A,N/A,N/A,10,11,N/A,N/A,N/A,N/A,6 10,6 11,N/A
6 10 11 13,0.00472608,33.4514,Yes,N/A,N/A,N/A,N/A,N/A,6,N/A,N/A,N/A,10,11,N/A,13,N/A,N/A,6 10,6 11,N/A
6 10 11 12,0.00606031,32.0606,Yes,N/A,N/A,N/A,N/A,N/A,6,N/A,N/A,N/A,10,11,12,N/A,N/A,N/A,6 10,6 11,6 12
6 10 11 12 13,0.00255215,42.1071,Yes,N/A,N/A,N/A,N/A,N/A,6,N/A,N/A,N/A,10,11,12,13,N/A,N/A,6 10,6 11,6 12
6 9,0.057013,12.9057,Yes,N/A,N/A,N/A,N/A,N/A,6,N/A,N/A,9,N/A,N/A,N/A,N/A,N/A,6 9,N/A,N/A,N/A
6 9 13,0.0121278,24.1536,Yes,N/A,N/A,N/A,N/A,N/A,6,N/A,N/A,9,N/A,N/A,N/A,13,N/A,6 9,N/A,N/A,N/A
6 9 12,0.0155095,22.8631,Yes,N/A,N/A,N/A,N/A,N/A,6,N/A,N/A,9,N/A,N/A,12,N/A,N/A,6 9,N/A,N/A,6 12
6 9 12 13,0.00488538,33.6345,Yes,N/A,N/A,N/A,N/A,N/A,6,N/A,N/A,9,N/A,N/A,12,13,N/A,6 9,N/A,N/A,6 12
6 9 11,0.0188079,21.6798,Yes,N/A,N/A,N/A,N/A,N/A,6,N/A,N/A,9,N/A,11,N/A,N/A,N/A,6 9,N/A,6 11,N/A
6 9 11 13,0.00587634,32.3976,Yes,N/A,N/A,N/A,N/A,N/A,6,N/A,N/A,9,N/A,11,N/A,13,N/A,6 9,N/A,6 11,N/A
6 9 11 12,0.00739752,31.0072,Yes,N/A,N/A,N/A,N/A,N/A,6,N/A,N/A,9,N/A,11,12,N/A,N/A,6 9,N/A,6 11,6 12
6 9 11 12 13,0.0030577,41.0323,Yes,N/A,N/A,N/A,N/A,N/A,6,N/A,N/A,9,N/A,11,12,13,N/A,6 9,N/A,6 11,6 12
6 9 10,0.0220229,20.5853,Yes,N/A,N/A,N/A,N/A,N/A,6,N/A,N/A,9,10,N/A,N/A,N/A,N/A,6 9,6 10,N/A,N/A
6 9 10 13,0.00681406,31.2713,Yes,N/A,N/A,N/A,N/A,N/A,6,N/A,N/A,9,10,N/A,N/A,13,N/A,6 9,6 10,N/A,N/A
6 9 10 12,0.00851385,29.8775,Yes,N/A,N/A,N/A,N/A,N/A,6,N/A,N/A,9,10,N/A,12,N/A,N/A,6 9,6 10,N/A,6 12
6 9 10 12 13,0.00349183,39.858,Yes,N/A,N/A,N/A,N/A,N/A,6,N/A,N/A,9,10,N/A,12,13,N/A,6 9,6 10,N/A,6 12
6 9 10 11,0.00996656,28.6295,Yes,N/A,N/A,N/A,N/A,N/A,6,N/A,N/A,9,10,11,N/A,N/A,N/A,6 9,6 10,6 11,N/A
6 9 10 11 13,0.00407124,38.5318,Yes,N/A,N/A,N/A,N/A,N/A,6,N/A,N/A,9,10,11,N/A,13,N/A,6 9,6 10,6 11,N/A
6 9 10 11 12,0.00504766,36.9896,Yes,N/A,N/A,N/A,N/A,N/A,6,N/A,N/A,9,10,11,12,N/A,N/A,6 9,6 10,6 11,6 12
6 9 10 11 12 13,0.00256678,45.8343,Yes,N/A,N/A,N/A,N/A,N/A,6,N/A,N/A,9,10,11,12,13,N/A,6 9,6 10,6 11,6 12
6 8,0.0784465,11.9092,Yes,N/A,N/A,N/A,N/A,N/A,6,N/A,8,N/A,N/A,N/A,N/A,N/A,6 8,N/A,N/A,N/A,N/A
6 8 13,0.0161287,23.1554,Yes,N/A,N/A,N/A,N/A,N/A,6,N/A,8,N/A,N/A,N/A,N/A,13,6 8,N/A,N/A,N/A,N/A
6 8 12,0.020101,21.8677,Yes,N/A,N/A,N/A,N/A,N/A,6,N/A,8,N/A,N/A,N/A,12,N/A,6 8,N/A,N/A,N/A,6 12
6 8 12 13,0.00616669,32.6379,Yes,N/A,N/A,N/A,N/A,N/A,6,N/A,8,N/A,N/A,N/A,12,13,6 8,N/A,N/A,N/A,6 12
6 8 11,0.0234375,20.6899,Yes,N/A,N/A,N/A,N/A,N/A,6,N/A,8,N/A,N/A,11,N/A,N/A,6 8,N/A,N/A,6 11,N/A
6 8 11 13,0.00716414,31.4079,Yes,N/A,N/A,N/A,N/A,N/A,6,N/A,8,N/A,N/A,11,N/A,13,6 8,N/A,N/A,6 11,N/A
6 8 11 12,0.00886631,30.0217,Yes,N/A,N/A,N/A,N/A,N/A,6,N/A,8,N/A,N/A,11,12,N/A,6 8,N/A,N/A,6 11,6 12
6 8 11 12 13,0.00359995,40.049,Yes,N/A,N/A,N/A,N/A,N/A,6,N/A,8,N/A,N/A,11,12,13,6 8,N/A,N/A,6 11,6 12
6 8 10,0.0265668,19.5148,Yes,N/A,N/A,N/A,N/A,N/A,6,N/A,8,N/A,10,N/A,N/A,N/A,6 8,N/A,6 10,N/A,8 10
6 8 10 13,0.00807685,30.1877,Yes,N/A,N/A,N/A,N/A,N/A,6,N/A,8,N/A,10,N/A,N/A,13,6 8,N/A,6 10,N/A,8 10
6 8 10 12,0.00992469,28.8872,Yes,N/A,N/A,N/A,N/A,N/A,6,N/A,8,N/A,10,N/A,12,N/A,6 8,N/A,6 10,N/A,6 12
6 8 10 12 13,0.00400946,38.8687,Yes,N/A,N/A,N/A,N/A,N/A,6,N/A,8,N/A,10,N/A,12,13,6 8,N/A,6 10,N/A,6 12
6 8 10 11,0.0115258,27.5525,Yes,N/A,N/A,N/A,N/A,N/A,6,N/A,8,N/A,10,11,N/A,N/A,6 8,N/A,6 10,6 11,8 10
6 8 10 11 13,0.00463387,37.4409,Yes,N/A,N/A,N/A,N/A,N/A,6,N/A,8,N/A,10,11,N/A,13,6 8,N/A,6 10,6 11,8 10
6 8 10 11 12,0.00565365,36.0143,Yes,N/A,N/A,N/A,N/A,N/A,6,N/A,8,N/A,10,11,12,N/A,6 8,N/A,6 10,6 11,6 12
6 8 10 11 12 13,0.00283959,44.8663,Yes,N/A,N/A,N/A,N/A,N/A,6,N/A,8,N/A,10,11,12,13,6 8,N/A,6 10,6 11,6 12
6 8 9,0.0294889,18.3382,Yes,N/A,N/A,N/A,N/A,N/A,6,N/A,8,9,N/A,N/A,N/A,N/A,6 8,6 9,N/A,8 9,N/A
6 8 9 13,0.00890481,28.9722,Yes,N/A,N/A,N/A,N/A,N/A,6,N/A,8,9,N/A,N/A,N/A,13,6 8,6 9,N/A,8 9,N/A
6 8 9 12,0.0110421,27.5752,Yes,N/A,N/A,N/A,N/A,N/A,6,N/A,8,9,N/A,N/A,12,N/A,6 8,6 9,N/A,8 9,6 12
6 8 9 12 13,0.00442235,37.4879,Yes,N/A,N/A,N/A,N/A,N/A,6,N/A,8,9,N/A,N/A,12,13,6 8,6 9,N/A,8 9,6 12
6 8 9 11,0.0124189,26.5963,Yes,N/A,N/A,N/A,N/A,N/A,6,N/A,8,9,N/A,11,N/A,N/A,6 8,6 9,N/A,6 11,N/A
6 8 9 11 13,0.00496277,36.4816,Yes,N/A,N/A,N/A,N/A,N/A,6,N/A,8,9,N/A,11,N/A,13,6 8,6 9,N/A,6 11,N/A
6 8 9 11 12,0.00609649,34.9443,Yes,N/A,N/A,N/A,N/A,N/A,6,N/A,8,9,N/A,11,12,N/A,6 8,6 9,N/A,6 11,6 12
6 8 9 11 12 13,0.00304187,43.7684,Yes,N/A,N/A,N/A,N/A,N/A,6,N/A,8,9,N/A,11,12,13,6 8,6 9,N/A,6 11,6 12
6 8 9 10,0.0146736,25.1093,Yes,N/A,N/A,N/A,N/A,N/A,6,N/A,8,9,10,N/A,N/A,N/A,6 8,6 9,6 10,8 9,8 10
6 8 9 10 13,0.00574165,34.8826,Yes,N/A,N/A,N/A,N/A,N/A,6,N/A,8,9,10,N/A,N/A,13,6 8,6 9,6 10,8 9,8 10
6 8 9 10 12,0.00697466,33.4407,Yes,N/A,N/A,N/A,N/A,N/A,6,N/A,8,9,10,N/A,12,N/A,6 8,6 9,6 10,8 9,6 12
6 8 9 10 12 13,0.00343729,42.1318,Yes,N/A,N/A,N/A,N/A,N/A,6,N/A,8,9,10,N/A,12,13,6 8,6 9,6 10,8 9,6 12
6 8 9 10 11,0.00779114,32.3169,Yes,N/A,N/A,N/A,N/A,N/A,6,N/A,8,9,10,11,N/A,N/A,6 8,6 9,6 10,6 11,8 10
6 8 9 10 11 13,0.00383657,40.9385,Yes,N/A,N/A,N/A,N/A,N/A,6,N/A,8,9,10,11,N/A,13,6 8,6 9,6 10,6 11,8 10
6 8 9 10 11 12,0.00463876,39.3091,Yes,N/A,N/A,N/A,N/A,N/A,6,N/A,8,9,10,11,12,N/A,6 8,6 9,6 10,6 11,6 12
6 8 9 10 11 12 13,0.00275187,46.2832,Yes,N/A,N/A,N/A,N/A,N/A,6,N/A,8,9,10,11,12,13,6 8,6 9,6 10,6 11,6 12
6 7,0.103652,10.9304,Yes,N/A,N/A,N/A,N/A,N/A,6,7,N/A,N/A,N/A,N/A,N/A,6 7,N/A,N/A,N/A,N/A,N/A
6 7 13,0.0113276,23.5707,Yes,N/A,N/A,N/A,N/A,N/A,6,7,N/A,N/A,N/A,N/A,N/A,13,N/A,N/A,N/A,N/A,N/A
6 7 12,0.0253808,20.9011,Yes,N/A,N/A,N/A,N/A,N/A,6,7,N/A,N/A,N/A,N/A,12,6 7,N/A,N/A,N/A,N/A,6 12
6 7 12 13,0.0043378,33.3929,Yes,N/A,N/A,N/A,N/A,N/A,6,7,N/A,N/A,N/A,N/A,12,13,N/A,N/A,N/A,N/A,6 12
6 7 11,0.0290745,19.6421,Yes,N/A,N/A,N/A,N/A,N/A,6,7,N/A,N/A,N/A,11,N/A,6 7,N/A,N/A,N/A,6 11,7 11
6 7 11 13,0.00516993,32.081,Yes,N/A,N/A,N/A,N/A,N/A,6,7,N/A,N/A,N/A,11,N/A,13,N/A,N/A,N/A,6 11,7 11
6 7 11 12,0.0105873,29.0685,Yes,N/A,N/A,N/A,N/A,N/A,6,7,N/A,N/A,N/A,11,12,6 7,N/A,N/A,N/A,6 11,6 12
6 7 11 12 13,0.00258275,41.281,Yes,N/A,N/A,N/A,N/A,N/A,6,7,N/A,N/A,N/A,11,12,13,N/A,N/A,N/A,6 11,6 12
6 7 10,0.0318609,18.4026,Yes,N/A,N/A,N/A,N/A,N/A,6,7,N/A,N/A,10,N/A,N/A,6 7,N/A,N/A,6 10,7 10,N/A
6 7 10 13,0.00598262,30.7718,Yes,N/A,N/A,N/A,N/A,N/A,6,7,N/A,N/A,10,N/A,N/A,13,N/A,N/A,6 10,7 10,N/A
6 7 10 12,0.0117116,27.6722,Yes,N/A,N/A,N/A,N/A,N/A,6,7,N/A,N/A,10,N/A,12,6 7,N/A,N/A,6 10,7 10,6 12
6 7 10 12 13,0.00300954,39.774,Yes,N/A,N/A,N/A,N/A,N/A,6,7,N/A,N/A,10,N/A,12,13,N/A,N/A,6 10,7 10,6 12
6 7 10 11,0.0134227,26.5882,Yes,N/A,N/A,N/A,N/A,N/A,6,7,N/A,N/A,10,11,N/A,6 7,N/A,N/A,6 10,6 11,7 11
6 7 10 11 13,0.00352112,38.6616,Yes,N/A,N/A,N/A,N/A,N/A,6,7,N/A,N/A,10,11,N/A,13,N/A,N/A,6 10,6 11,7 11
6 7 10 11 12,0.00640784,35.0749,Yes,N/A,N/A,N/A,N/A,N/A,6,7,N/A,N/A,10,11,12,6 7,N/A,N/A,6 10,6 11,6 12
6 7 10 11 12 13,0.00214092,46.747,Yes,N/A,N/A,N/A,N/A,N/A,6,7,N/A,N/A,10,11,12,13,N/A,N/A,6 10,6 11,6 12
6 7 9,0.0337399,17.1779,Yes,N/A,N/A,N/A,N/A,N/A,6,7,N/A,9,N/A,N/A,N/A,6 7,N/A,6 9,7 9,N/A,N/A
6 7 9 13,0.00677585,29.4629,Yes,N/A,N/A,N/A,N/A,N/A,6,7,N/A,9,N/A,N/A,N/A,13,N/A,6 9,7 9,N/A,N/A
6 7 9 12,0.0124541,26.3929,Yes,N/A,N/A,N/A,N/A,N/A,6,7,N/A,9,N/A,N/A,12,6 7,N/A,6 9,7 9,N/A,6 12
6 7 9 12 13,0.0033993,38.3821,Yes,N/A,N/A,N/A,N/A,N/A,6,7,N/A,9,N/A,N/A,12,13,N/A,6 9,7 9,N/A,6 12
6 7 9 11,0.0149504,25.0427,Yes,N/A,N/A,N/A,N/A,N/A,6,7,N/A,9,N/A,11,N/A,6 7,N/A,6 9,7 9,6 11,7 11
6 7 9 11 13,0.0041649,36.9523,Yes,N/A,N/A,N/A,N/A,N/A,6,7,N/A,9,N/A,11,N/A,13,N/A,6 9,7 9,6 11,7 11
6 7 9 11 12,0.00705473,33.3954,Yes,N/A,N/A,N/A,N/A,N/A,6,7,N/A,9,N/A,11,12,6 7,N/A,6 9,7 9,6 11,6 12
6 7 9 11 12 13,0.00249674,44.8439,Yes,N/A,N/A,N/A,N/A,N/A,6,7,N/A,9,N/A,11,12,13,N/A,6 9,7 9,6 11,6 12
6 7 9 10,0.0164538,24.2348,Yes,N/A,N/A,N/A,N/A,N/A,6,7,N/A,9,10,N/A,N/A,6 7,N/A,6 9,6 10,7 10,N/A
6 7 9 10 13,0.00466617,36.1448,Yes,N/A,N/A,N/A,N/A,N/A,6,7,N/A,9,10,N/A,N/A,13,N/A,6 9,6 10,7 10,N/A
6 7 9 10 12,0.00772912,32.4963,Yes,N/A,N/A,N/A,N/A,N/A,6,7,N/A,9,10,N/A,12,6 7,N/A,6 9,6 10,7 10,6 12
6 7 9 10 12 13,0.00279031,43.9198,Yes,N/A,N/A,N/A,N/A,N/A,6,7,N/A,9,10,N/A,12,13,N/A,6 9,6 10,7 10,6 12
6 7 9 10 11,0.0087933,31.3506,Yes,N/A,N/A,N/A,N/A,N/A,6,7,N/A,9,10,11,N/A,6 7,N/A,6 9,6 10,6 11,7 11
6 7 9 10 11 13,0.00320776,42.7257,Yes,N/A,N/A,N/A,N/A,N/A,6,7,N/A,9,10,11,N/A,13,N/A,6 9,6 10,6 11,7 11
6 7 9 10 11 12,0.00510733,38.3744,Yes,N/A,N/A,N/A,N/A,N/A,6,7,N/A,9,10,11,12,6 7,N/A,6 9,6 10,6 11,6 12
6 7 9 10 11 12 13,0.00226251,48.9934,Yes,N/A,N/A,N/A,N/A,N/A,6,7,N/A,9,10,11,12,13,N/A,6 9,6 10,6 11,6 12
6 7 8,0.0347115,15.9638,Yes,N/A,N/A,N/A,N/A,N/A,6,7,8,N/A,N/A,N/A,N/A,6 7,6 8,7 8,N/A,N/A,N/A
6 7 8 13,0.00754964,28.1519,Yes,N/A,N/A,N/A,N/A,N/A,6,7,8,N/A,N/A,N/A,N/A,13,6 8,7 8,N/A,N/A,N/A
6 7 8 12,0.0128859,25.133,Yes,N/A,N/A,N/A,N/A,N/A,6,7,8,N/A,N/A,N/A,12,6 7,6 8,7 8,N/A,N/A,6 12
6 7 8 12 13,0.00377758,36.9936,Yes,N/A,N/A,N/A,N/A,N/A,6,7,8,N/A,N/A,N/A,12,13,6 8,7 8,N/A,N/A,6 12
6 7 8 11,0.0158679,23.7826,Yes,N/A,N/A,N/A,N/A,N/A,6,7,8,N/A,N/A,11,N/A,6 7,6 8,7 8,N/A,6 11,7 11
6 7 8 11 13,0.00469604,35.5623,Yes,N/A,N/A,N/A,N/A,N/A,6,7,8,N/A,N/A,11,N/A,13,6 8,7 8,N/A,6 11,7 11
6 7 8 11 12,0.00739858,32.0738,Yes,N/A,N/A,N/A,N/A,N/A,6,7,8,N/A,N/A,11,12,6 7,6 8,7 8,N/A,6 11,6 12
6 7 8 11 12 13,0.00277746,43.3454,Yes,N/A,N/A,N/A,N/A,N/A,6,7,8,N/A,N/A,11,12,13,6 8,7 8,N/A,6 11,6 12
6 7 8 10,0.0202421,22.3652,Yes,N/A,N/A,N/A,N/A,N/A,6,7,8,N/A,10,N/A,N/A,6 7,6 8,7 8,6 10,7 10,8 10
6 7 8 10 13,0.00592826,34.0434,Yes,N/A,N/A,N/A,N/A,N/A,6,7,8,N/A,10,N/A,N/A,13,6 8,7 8,6 10,7 10,8 10
6 7 8 10 12,0.00903327,30.5358,Yes,N/A,N/A,N/A,N/A,N/A,6,7,8,N/A,10,N/A,12,6 7,6 8,7 8,6 10,7 10,6 12
6 7 8 10 12 13,0.00340873,41.6573,Yes,N/A,N/A,N/A,N/A,N/A,6,7,8,N/A,10,N/A,12,13,6 8,7 8,6 10,7 10,6 12
6 7 8 10 11,0.0103514,29.3706,Yes,N/A,N/A,N/A,N/A,N/A,6,7,8,N/A,10,11,N/A,6 7,6 8,7 8,6 10,6 11,7 11
6 7 8 10 11 13,0.0039305,40.4362,Yes,N/A,N/A,N/A,N/A,N/A,6,7,8,N/A,10,11,N/A,13,6 8,7 8,6 10,6 11,7 11
6 7 8 10 11 12,0.00584093,36.1626,Yes,N/A,N/A,N/A,N/A,N/A,6,7,8,N/A,10,11,12,6 7,6 8,7 8,6 10,6 11,6 12
6 7 8 10 11 12 13,0.00270389,46.3534,Yes,N/A,N/A,N/A,N/A,N/A,6,7,8,N/A,10,11,12,13,6 8,7 8,6 10,6 11,6 12
6 7 8 9,0.023369,21.6819,Yes,N/A,N/A,N/A,N/A,N/A,6,7,8,9,N/A,N/A,N/A,6 7,6 8,6 9,7 9,8 9,N/A
6 7 8 9 13,0.00665617,33.3984,Yes,N/A,N/A,N/A,N/A,N/A,6,7,8,9,N/A,N/A,N/A,13,6 8,6 9,7 9,8 9,N/A
6 7 8 9 12,0.0102002,29.8085,Yes,N/A,N/A,N/A,N/A,N/A,6,7,8,9,N/A,N/A,12,6 7,6 8,6 9,7 9,8 9,6 12
6 7 8 9 12 13,0.00377301,40.9675,Yes,N/A,N/A,N/A,N/A,N/A,6,7,8,9,N/A,N/A,12,13,6 8,6 9,7 9,8 9,6 12
6 7 8 9 11,0.0115646,28.6437,Yes,N/A,N/A,N/A,N/A,N/A,6,7,8,9,N/A,11,N/A,6 7,6 8,6 9,7 9,6 11,7 11
6 7 8 9 11 13,0.00435483,39.7226,Yes,N/A,N/A,N/A,N/A,N/A,6,7,8,9,N/A,11,N/A,13,6 8,6 9,7 9,6 11,7 11
6 7 8 9 11 12,0.00639662,35.4757,Yes,N/A,N/A,N/A,N/A,N/A,6,7,8,9,N/A,11,12,6 7,6 8,6 9,7 9,6 11,6 12
6 7 8 9 11 12 13,0.00295102,45.6795,Yes,N/A,N/A,N/A,N/A,N/A,6,7,8,9,N/A,11,12,13,6 8,6 9,7 9,6 11,6 12
6 7 8 9 10,0.0128767,27.7031,Yes,N/A,N/A,N/A,N/A,N/A,6,7,8,9,10,N/A,N/A,6 7,6 8,6 9,6 10,7 10,8 10
6 7 8 9 10 13,0.00483277,38.7663,Yes,N/A,N/A,N/A,N/A,N/A,6,7,8,9,10,N/A,N/A,13,6 8,6 9,6 10,7 10,8 10
6 7 8 9 10 12,0.00703812,34.5166,Yes,N/A,N/A,N/A,N/A,N/A,6,7,8,9,10,N/A,12,6 7,6 8,6 9,6 10,7 10,6 12
6 7 8 9 10 12 13,0.00325294,44.6823,Yes,N/A,N/A,N/A,N/A,N/A,6,7,8,9,10,N/A,12,13,6 8,6 9,6 10,7 10,6 12
6 7 8 9 10 11,0.00785433,33.333,Yes,N/A,N/A,N/A,N/A,N/A,6,7,8,9,10,11,N/A,6 7,6 8,6 9,6 10,6 11,7 11
6 7 8 9 10 11 13,0.00365025,43.4295,Yes,N/A,N/A,N/A,N/A,N/A,6,7,8,9,10,11,N/A,13,6 8,6 9,6 10,6 11,7 11
6 7 8 9 10 11 12,0.00523078,38.0715,Yes,N/A,N/A,N/A,N/A,N/A,6,7,8,9,10,11,12,6 7,6 8,6 9,6 10,6 11,6 12
6 7 8 9 10 11 12 13,0.0028793,46.7165,Yes,N/A,N/A,N/A,N/A,N/A,6,7,8,9,10,11,12,13,6 8,6 9,6 10,6 11,6 12
5,0.0277778,4.86111,Yes,N/A,N/A,N/A,N/A,5,N/A,N/A,N/A,N/A,N/A,N/A,N/A,N/A,N/A,N/A,N/A,N/A,N/A
5 13,0.0100309,16.4653,Yes,N/A,N/A,N/A,N/A,5,N/A,N/A,N/A,N/A,N/A,N/A,N/A,13,N/A,N/A,N/A,N/A,5 13
5 12,0.0203189,15.1815,Yes,N/A,N/A,N/A,N/A,5,N/A,N/A,N/A,N/A,N/A,N/A,12,N/A,N/A,N/A,N/A,5 12,N/A
5 12 13,0.00564772,26.429,Yes,N/A,N/A,N/A,N/A,5,N/A,N/A,N/A,N/A,N/A,N/A,12,13,N/A,N/A,N/A,5 12,5 13
5 11,0.0347222,13.9861,Yes,N/A,N/A,N/A,N/A,5,N/A,N/A,N/A,N/A,N/A,11,N/A,N/A,N/A,N/A,5 11,N/A,N/A
5 11 13,0.0085841,25.1839,Yes,N/A,N/A,N/A,N/A,5,N/A,N/A,N/A,N/A,N/A,11,N/A,13,N/A,N/A,5 11,N/A,5 13
5 11 12,0.0123135,23.8126,Yes,N/A,N/A,N/A,N/A,5,N/A,N/A,N/A,N/A,N/A,11,12,N/A,N/A,N/A,5 11,5 12,N/A
5 11 12 13,0.00422775,34.4979,Yes,N/A,N/A,N/A,N/A,5,N/A,N/A,N/A,N/A,N/A,11,12,13,N/A,N/A,5 11,5 12,5 13
5 10,0.0532407,12.8646,Yes,N/A,N/A,N/A,N/A,5,N/A,N/A,N/A,N/A,10,N/A,N/A,N/A,N/A,5 10,N/A,N/A,N/A
5 10 13,0.0121849,24.0281,Yes,N/A,N/A,N/A,N/A,5,N/A,N/A,N/A,N/A,10,N/A,N/A,13,N/A,5 10,N/A,N/A,5 13
5 10 12,0.0166002,22.6534,Yes,N/A,N/A,N/A,N/A,5,N/A,N/A,N/A,N/A,10,N/A,12,N/A,N/A,5 10,N/A,5 12,N/A
5 10 12 13,0.00547804,33.2919,Yes,N/A,N/A,N/A,N/A,5,N/A,N/A,N/A,N/A,10,N/A,12,13,N/A,5 10,N/A,5 12,5 13
5 10 11,0.0211227,21.3981,Yes,N/A,N/A,N/A,N/A,5,N/A,N/A,N/A,N/A,10,11,N/A,N/A,N/A,5 10,5 11,N/A,N/A
5 10 11 13,0.00684799,31.9663,Yes,N/A,N/A,N/A,N/A,5,N/A,N/A,N/A,N/A,10,11,N/A,13,N/A,5 10,5 11,N/A,5 13
5 10 11 12,0.00893776,30.4643,Yes,N/A,N/A,N/A,N/A,5,N/A,N/A,N/A,N/A,10,11,12,N/A,N/A,5 10,5 11,5 12,N/A
5 10 11 12 13,0.00379395,40.2562,Yes,N/A,N/A,N/A,N/A,5,N/A,N/A,N/A,N/A,10,11,12,13,N/A,5 10,5 11,5 12,5 13
5 9,0.0758745,11.8022,Yes,N/A,N/A,N/A,N/A,5,N/A,N/A,N/A,9,N/A,N/A,N/A,N/A,5 9,N/A,N/A,N/A,N/A
5 9 13,0.0164502,22.9452,Yes,N/A,N/A,N/A,N/A,5,N/A,N/A,N/A,9,N/A,N/A,N/A,13,5 9,N/A,N/A,N/A,5 13
5 9 12,0.0215228,21.5711,Yes,N/A,N/A,N/A,N/A,5,N/A,N/A,N/A,9,N/A,N/A,12,N/A,5 9,N/A,N/A,5 12,N/A
5 9 12 13,0.00686665,32.1824,Yes,N/A,N/A,N/A,N/A,5,N/A,N/A,N/A,9,N/A,N/A,12,13,5 9,N/A,N/A,5 12,5 13
5 9 11,0.0262024,20.3204,Yes,N/A,N/A,N/A,N/A,5,N/A,N/A,N/A,9,N/A,11,N/A,N/A,5 9,N/A,5 11,N/A,N/A
5 9 11 13,0.00827868,30.8623,Yes,N/A,N/A,N/A,N/A,5,N/A,N/A,N/A,9,N/A,11,N/A,13,5 9,N/A,5 11,N/A,5 13
5 9 11 12,0.0105828,29.3611,Yes,N/A,N/A,N/A,N/A,5,N/A,N/A,N/A,9,N/A,11,12,N/A,5 9,N/A,5 11,5 12,N/A
5 9 11 12 13,0.00441011,39.1178,Yes,N/A,N/A,N/A,N/A,5,N/A,N/A,N/A,9,N/A,11,12,13,5 9,N/A,5 11,5 12,5 13
5 9 10,0.0304891,19.1746,Yes,N/A,N/A,N/A,N/A,5,N/A,N/A,N/A,9,10,N/A,N/A,N/A,5 9,5 10,N/A,N/A,N/A
5 9 10 13,0.00952896,29.6722,Yes,N/A,N/A,N/A,N/A,5,N/A,N/A,N/A,9,10,N/A,N/A,13,5 9,5 10,N/A,N/A,5 13
5 9 10 12,0.0120712,28.1666,Yes,N/A,N/A,N/A,N/A,5,N/A,N/A,N/A,9,10,N/A,12,N/A,5 9,5 10,N/A,5 12,N/A
5 9 10 12 13,0.00498895,37.8615,Yes,N/A,N/A,N/A,N/A,5,N/A,N/A,N/A,9,10,N/A,12,13,5 9,5 10,N/A,5 12,5 13
5 9 10 11,0.0141461,26.8313,Yes,N/A,N/A,N/A,N/A,5,N/A,N/A,N/A,9,10,11,N/A,N/A,5 9,5 10,5 11,N/A,N/A
5 9 10 11 13,0.00581941,36.4251,Yes,N/A,N/A,N/A,N/A,5,N/A,N/A,N/A,9,10,11,N/A,13,5 9,5 10,5 11,N/A,5 13
5 9 10 11 12,0.00729147,34.7297,Yes,N/A,N/A,N/A,N/A,5,N/A,N/A,N/A,9,10,11,12,N/A,5 9,5 10,5 11,5 12,N/A
5 9 10 11 12 13,0.00372858,43.1009,Yes,N/A,N/A,N/A,N/A,5,N/A,N/A,N/A,9,10,11,12,13,5 9,5 10,5 11,5 12,5 13
5 8,0.102623,10.7843,Yes,N/A,N/A,N/A,N/A,5,N/A,N/A,8,N/A,N/A,N/A,N/A,5 8,N/A,N/A,N/A,N/A,N/A
5 8 13,0.0119277,23.3057,Yes,N/A,N/A,N/A,N/A,5,N/A,N/A,8,N/A,N/A,N/A,N/A,13,N/A,N/A,N/A,N/A,5 13
5 8 12,0.0270812,20.5489,Yes,N/A,N/A,N/A,N/A,5,N/A,N/A,8,N/A,N/A,N/A,12,5 8,N/A,N/A,N/A,5 12,N/A
5 8 12 13,0.00511159,32.8603,Yes,N/A,N/A,N/A,N/A,5,N/A,N/A,8,N/A,N/A,N/A,12,13,N/A,N/A,N/A,5 12,5 13
5 8 11,0.0317323,19.3057,Yes,N/A,N/A,N/A,N/A,5,N/A,N/A,8,N/A,N/A,11,N/A,5 8,N/A,N/A,5 11,N/A,N/A
5 8 11 13,0.00624518,31.5622,Yes,N/A,N/A,N/A,N/A,5,N/A,N/A,8,N/A,N/A,11,N/A,13,N/A,N/A,5 11,N/A,5 13
5 8 11 12,0.0122653,28.3449,Yes,N/A,N/A,N/A,N/A,5,N/A,N/A,8,N/A,N/A,11,12,5 8,N/A,N/A,5 11,5 12,N/A
5 8 11 12 13,0.00337629,40.2604,Yes,N/A,N/A,N/A,N/A,5,N/A,N/A,8,N/A,N/A,11,12,13,N/A,N/A,5 11,5 12,5 13
5 8 10,0.0355903,18.0842,Yes,N/A,N/A,N/A,N/A,5,N/A,N/A,8,N/A,10,N/A,N/A,5 8,N/A,5 10,N/A,N/A,8 10
5 8 10 13,0.00736686,30.3608,Yes,N/A,N/A,N/A,N/A,5,N/A,N/A,8,N/A,10,N/A,N/A,13,N/A,5 10,N/A,N/A,5 13
5 8 10 12,0.0137335,27.0585,Yes,N/A,N/A,N/A,N/A,5,N/A,N/A,8,N/A,10,N/A,12,5 8,N/A,5 10,N/A,5 12,8 10
5 8 10 12 13,0.00391812,38.9888,Yes,N/A,N/A,N/A,N/A,5,N/A,N/A,8,N/A,10,N/A,12,13,N/A,5 10,N/A,5 12,5 13
5 8 10 11,0.0158822,25.7307,Yes,N/A,N/A,N/A,N/A,5,N/A,N/A,8,N/A,10,11,N/A,5 8,N/A,5 10,5 11,N/A,8 10
5 8 10 11 13,0.0046169,37.5826,Yes,N/A,N/A,N/A,N/A,5,N/A,N/A,8,N/A,10,11,N/A,13,N/A,5 10,5 11,N/A,5 13
5 8 10 11 12,0.00799491,33.611,Yes,N/A,N/A,N/A,N/A,5,N/A,N/A,8,N/A,10,11,12,5 8,N/A,5 10,5 11,5 12,8 10
5 8 10 11 12 13,0.00298073,44.8875,Yes,N/A,N/A,N/A,N/A,5,N/A,N/A,8,N/A,10,11,12,13,N/A,5 10,5 11,5 12,5 13
5 8 9,0.0386553,16.8797,Yes,N/A,N/A,N/A,N/A,5,N/A,N/A,8,9,N/A,N/A,N/A,5 8,5 9,N/A,N/A,8 9,N/A
5 8 9 13,0.00861596,28.9821,Yes,N/A,N/A,N/A,N/A,5,N/A,N/A,8,9,N/A,N/A,N/A,13,5 9,N/A,N/A,8 9,5 13
5 8 9 12,0.0146803,26.0628,Yes,N/A,N/A,N/A,N/A,5,N/A,N/A,8,9,N/A,N/A,12,5 8,5 9,N/A,N/A,5 12,N/A
5 8 9 12 13,0.00442971,37.8205,Yes,N/A,N/A,N/A,N/A,5,N/A,N/A,8,9,N/A,N/A,12,13,5 9,N/A,N/A,5 12,5 13
5 8 9 11,0.0173772,24.4741,Yes,N/A,N/A,N/A,N/A,5,N/A,N/A,8,9,N/A,11,N/A,5 8,5 9,N/A,5 11,8 9,N/A
5 8 9 11 13,0.00533746,36.1008,Yes,N/A,N/A,N/A,N/A,5,N/A,N/A,8,9,N/A,11,N/A,13,5 9,N/A,5 11,8 9,5 13
5 8 9 11 12,0.00847146,32.6099,Yes,N/A,N/A,N/A,N/A,5,N/A,N/A,8,9,N/A,11,12,5 8,5 9,N/A,5 11,5 12,N/A
5 8 9 11 12 13,0.0033021,43.6621,Yes,N/A,N/A,N/A,N/A,5,N/A,N/A,8,9,N/A,11,12,13,5 9,N/A,5 11,5 12,5 13
5 8 9 10,0.0198742,23.1914,Yes,N/A,N/A,N/A,N/A,5,N/A,N/A,8,9,10,N/A,N/A,5 8,5 9,5 10,N/A,8 9,8 10
5 8 9 10 13,0.00612934,34.8348,Yes,N/A,N/A,N/A,N/A,5,N/A,N/A,8,9,10,N/A,N/A,13,5 9,5 10,N/A,8 9,5 13
5 8 9 10 12,0.00947863,31.2389,Yes,N/A,N/A,N/A,N/A,5,N/A,N/A,8,9,10,N/A,12,5 8,5 9,5 10,N/A,5 12,8 10
5 8 9 10 12 13,0.00371609,42.2988,Yes,N/A,N/A,N/A,N/A,5,N/A,N/A,8,9,10,N/A,12,13,5 9,5 10,N/A,5 12,5 13
5 8 9 10 11,0.0111296,29.4568,Yes,N/A,N/A,N/A,N/A,5,N/A,N/A,8,9,10,11,N/A,5 8,5 9,5 10,5 11,8 9,8 10
5 8 9 10 11 13,0.00440985,40.3254,Yes,N/A,N/A,N/A,N/A,5,N/A,N/A,8,9,10,11,N/A,13,5 9,5 10,5 11,8 9,5 13
5 8 9 10 11 12,0.00658554,35.8701,Yes,N/A,N/A,N/A,N/A,5,N/A,N/A,8,9,10,11,12,5 8,5 9,5 10,5 11,5 12,8 10
5 8 9 10 11 12 13,0.00317104,45.7421,Yes,N/A,N/A,N/A,N/A,5,N/A,N/A,8,9,10,11,12,13,5 9,5 10,5 11,5 12,5 13
5 7,0.119599,9.96296,Yes,N/A,N/A,N/A,N/A,5,N/A,7,N/A,N/A,N/A,N/A,5 7,N/A,N/A,N/A,N/A,N/A,N/A
5 7 13,0.0242734,21.1334,Yes,N/A,N/A,N/A,N/A,5,N/A,7,N/A,N/A,N/A,N/A,5 7,13,N/A,N/A,N/A,N/A,5 13
5 7 12,0.0166645,21.3249,Yes,N/A,N/A,N/A,N/A,5,N/A,7,N/A,N/A,N/A,N/A,12,N/A,N/A,N/A,N/A,5 12,N/A
5 7 12 13,0.00521399,32.3072,Yes,N/A,N/A,N/A,N/A,5,N/A,7,N/A,N/A,N/A,N/A,12,13,N/A,N/A,N/A,5 12,5 13
5 7 11,0.0344972,18.4572,Yes,N/A,N/A,N/A,N/A,5,N/A,7,N/A,N/A,N/A,11,5 7,N/A,N/A,N/A,5 11,N/A,7 11
5 7 11 13,0.0104399,29.121,Yes,N/A,N/A,N/A,N/A,5,N/A,7,N/A,N/A,N/A,11,5 7,13,N/A,N/A,5 11,N/A,5 13
5 7 11 12,0.00797414,29.4898,Yes,N/A,N/A,N/A,N/A,5,N/A,7,N/A,N/A,N/A,11,12,N/A,N/A,N/A,5 11,5 12,7 11
5 7 11 12 13,0.00324867,39.8624,Yes,N/A,N/A,N/A,N/A,5,N/A,7,N/A,N/A,N/A,11,12,13,N/A,N/A,5 11,5 12,5 13
5 7 10,0.0375836,17.1746,Yes,N/A,N/A,N/A,N/A,5,N/A,7,N/A,N/A,10,N/A,5 7,N/A,N/A,5 10,N/A,7 10,N/A
5 7 10 13,0.0114723,27.6803,Yes,N/A,N/A,N/A,N/A,5,N/A,7,N/A,N/A,10,N/A,5 7,13,N/A,5 10,N/A,7 10,5 13
5 7 10 12,0.00902081,28.374,Yes,N/A,N/A,N/A,N/A,5,N/A,7,N/A,N/A,10,N/A,12,N/A,N/A,5 10,N/A,5 12,N/A
5 7 10 12 13,0.00369586,38.5892,Yes,N/A,N/A,N/A,N/A,5,N/A,7,N/A,N/A,10,N/A,12,13,N/A,5 10,N/A,5 12,5 13
5 7 10 11,0.0170182,24.7601,Yes,N/A,N/A,N/A,N/A,5,N/A,7,N/A,N/A,10,11,5 7,N/A,N/A,5 10,5 11,7 10,7 11
5 7 10 11 13,0.00669446,34.4698,Yes,N/A,N/A,N/A,N/A,5,N/A,7,N/A,N/A,10,11,5 7,13,N/A,5 10,5 11,7 10,5 13
5 7 10 11 12,0.00566015,35.4674,Yes,N/A,N/A,N/A,N/A,5,N/A,7,N/A,N/A,10,11,12,N/A,N/A,5 10,5 11,5 12,7 11
5 7 10 11 12 13,0.0028042,44.7072,Yes,N/A,N/A,N/A,N/A,5,N/A,7,N/A,N/A,10,11,12,13,N/A,5 10,5 11,5 12,5 13
5 7 9,0.0393197,15.9229,Yes,N/A,N/A,N/A,N/A,5,N/A,7,N/A,9,N/A,N/A,5 7,N/A,5 9,N/A,7 9,N/A,N/A
5 7 9 13,0.012079,26.3715,Yes,N/A,N/A,N/A,N/A,5,N/A,7,N/A,9,N/A,N/A,5 7,13,5 9,N/A,7 9,N/A,5 13
5 7 9 12,0.0105978,26.7534,Yes,N/A,N/A,N/A,N/A,5,N/A,7,N/A,9,N/A,N/A,12,N/A,5 9,N/A,7 9,5 12,N/A
5 7 9 12 13,0.0042993,36.8298,Yes,N/A,N/A,N/A,N/A,5,N/A,7,N/A,9,N/A,N/A,12,13,5 9,N/A,7 9,5 12,5 13
5 7 9 11,0.0175629,23.9407,Yes,N/A,N/A,N/A,N/A,5,N/A,7,N/A,9,N/A,11,5 7,N/A,5 9,N/A,5 11,N/A,7 11
5 7 9 11 13,0.00686691,33.6703,Yes,N/A,N/A,N/A,N/A,5,N/A,7,N/A,9,N/A,11,5 7,13,5 9,N/A,5 11,N/A,5 13
5 7 9 11 12,0.00629156,34.2924,Yes,N/A,N/A,N/A,N/A,5,N/A,7,N/A,9,N/A,11,12,N/A,5 9,N/A,5 11,5 12,7 11
5 7 9 11 12 13,0.00308162,43.4711,Yes,N/A,N/A,N/A,N/A,5,N/A,7,N/A,9,N/A,11,12,13,5 9,N/A,5 11,5 12,5 13
5 7 9 10,0.0219139,22.0711,Yes,N/A,N/A,N/A,N/A,5,N/A,7,N/A,9,10,N/A,5 7,N/A,5 9,5 10,7 9,7 10,N/A
5 7 9 10 13,0.00840234,31.492,Yes,N/A,N/A,N/A,N/A,5,N/A,7,N/A,9,10,N/A,5 7,13,5 9,5 10,7 9,7 10,5 13
5 7 9 10 12,0.00780285,32.4993,Yes,N/A,N/A,N/A,N/A,5,N/A,7,N/A,9,10,N/A,12,N/A,5 9,5 10,7 9,5 12,N/A
5 7 9 10 12 13,0.00378889,41.3294,Yes,N/A,N/A,N/A,N/A,5,N/A,7,N/A,9,10,N/A,12,13,5 9,5 10,7 9,5 12,5 13
5 7 9 10 11,0.0117218,28.8249,Yes,N/A,N/A,N/A,N/A,5,N/A,7,N/A,9,10,11,5 7,N/A,5 9,5 10,5 11,7 10,7 11
5 7 9 10 11 13,0.00558404,37.0723,Yes,N/A,N/A,N/A,N/A,5,N/A,7,N/A,9,10,11,5 7,13,5 9,5 10,5 11,7 10,5 13
5 7 9 10 11 12,0.00529333,38.498,Yes,N/A,N/A,N/A,N/A,5,N/A,7,N/A,9,10,11,12,N/A,5 9,5 10,5 11,5 12,7 11
5 7 9 10 11 12 13,0.0030519,45.8325,Yes,N/A,N/A,N/A,N/A,5,N/A,7,N/A,9,10,11,12,13,5 9,5 10,5 11,5 12,5 13
5 7 8,0.0397055,14.6972,Yes,N/A,N/A,N/A,N/A,5,N/A,7,8,N/A,N/A,N/A,5 7,5 8,N/A,7 8,N/A,N/A,N/A
5 7 8 13,0.0103372,26.6421,Yes,N/A,N/A,N/A,N/A,5,N/A,7,8,N/A,N/A,N/A,5 7,13,N/A,7 8,N/A,N/A,5 13
5 7 8 12,0.0118584,25.4095,Yes,N/A,N/A,N/A,N/A,5,N/A,7,8,N/A,N/A,N/A,12,5 8,N/A,7 8,N/A,5 12,N/A
5 7 8 12 13,0.00386121,37.3306,Yes,N/A,N/A,N/A,N/A,5,N/A,7,8,N/A,N/A,N/A,12,13,N/A,7 8,N/A,5 12,5 13
5 7 8 11,0.0197027,22.1617,Yes,N/A,N/A,N/A,N/A,5,N/A,7,8,N/A,N/A,11,5 7,5 8,N/A,7 8,5 11,N/A,7 11
5 7 8 11 13,0.0064707,33.6803,Yes,N/A,N/A,N/A,N/A,5,N/A,7,8,N/A,N/A,11,5 7,13,N/A,7 8,5 11,N/A,5 13
5 7 8 11 12,0.00763237,32.2357,Yes,N/A,N/A,N/A,N/A,5,N/A,7,8,N/A,N/A,11,12,5 8,N/A,7 8,5 11,5 12,7 11
5 7 8 11 12 13,0.00304435,43.6543,Yes,N/A,N/A,N/A,N/A,5,N/A,7,8,N/A,N/A,11,12,13,N/A,7 8,5 11,5 12,5 13
5 7 8 10,0.0227784,21.4786,Yes,N/A,N/A,N/A,N/A,5,N/A,7,8,N/A,10,N/A,5 7,5 8,N/A,5 10,N/A,7 10,8 10
5 7 8 10 13,0.00709118,33.0579,Yes,N/A,N/A,N/A,N/A,5,N/A,7,8,N/A,10,N/A,5 7,13,N/A,5 10,N/A,7 10,5 13
5 7 8 10 12,0.00812495,31.9295,Yes,N/A,N/A,N/A,N/A,5,N/A,7,8,N/A,10,N/A,12,5 8,N/A,5 10,N/A,5 12,8 10
5 7 8 10 12 13,0.00316407,43.467,Yes,N/A,N/A,N/A,N/A,5,N/A,7,8,N/A,10,N/A,12,13,N/A,5 10,N/A,5 12,5 13
5 7 8 10 11,0.0125455,27.8175,Yes,N/A,N/A,N/A,N/A,5,N/A,7,8,N/A,10,11,5 7,5 8,N/A,5 10,5 11,7 10,7 11
5 7 8 10 11 13,0.00499411,38.6386,Yes,N/A,N/A,N/A,N/A,5,N/A,7,8,N/A,10,11,5 7,13,N/A,5 10,5 11,7 10,5 13
5 7 8 10 11 12,0.00579103,37.3779,Yes,N/A,N/A,N/A,N/A,5,N/A,7,8,N/A,10,11,12,5 8,N/A,5 10,5 11,5 12,7 11
5 7 8 10 11 12 13,0.00274361,48.0146,Yes,N/A,N/A,N/A,N/A,5,N/A,7,8,N/A,10,11,12,13,N/A,5 10,5 11,5 12,5 13
5 7 8 9,0.0323872,19.1727,Yes,N/A,N/A,N/A,N/A,5,N/A,7,8,9,N/A,N/A,5 7,5 8,5 9,7 8,7 9,8 9,N/A
5 7 8 9 13,0.00982095,30.364,Yes,N/A,N/A,N/A,N/A,5,N/A,7,8,9,N/A,N/A,5 7,13,5 9,7 8,7 9,8 9,5 13
5 7 8 9 12,0.0117072,29.2406,Yes,N/A,N/A,N/A,N/A,5,N/A,7,8,9,N/A,N/A,12,5 8,5 9,7 8,7 9,5 12,N/A
5 7 8 9 12 13,0.00448546,40.2726,Yes,N/A,N/A,N/A,N/A,5,N/A,7,8,9,N/A,N/A,12,13,5 9,7 8,7 9,5 12,5 13
5 7 8 9 11,0.0159731,25.664,Yes,N/A,N/A,N/A,N/A,5,N/A,7,8,9,N/A,11,5 7,5 8,5 9,7 8,5 11,8 9,7 11
5 7 8 9 11 13,0.00633279,36.1338,Yes,N/A,N/A,N/A,N/A,5,N/A,7,8,9,N/A,11,5 7,13,5 9,7 8,5 11,8 9,5 13
5 7 8 9 11 12,0.00745594,34.8298,Yes,N/A,N/A,N/A,N/A,5,N/A,7,8,9,N/A,11,12,5 8,5 9,7 8,5 11,5 12,7 11
5 7 8 9 11 12 13,0.00354006,44.9801,Yes,N/A,N/A,N/A,N/A,5,N/A,7,8,9,N/A,11,12,13,5 9,7 8,5 11,5 12,5 13
5 7 8 9 10,0.0177108,24.7128,Yes,N/A,N/A,N/A,N/A,5,N/A,7,8,9,10,N/A,5 7,5 8,5 9,5 10,7 9,7 10,8 10
5 7 8 9 10 13,0.00680422,35.2372,Yes,N/A,N/A,N/A,N/A,5,N/A,7,8,9,10,N/A,5 7,13,5 9,5 10,7 9,7 10,5 13
5 7 8 9 10 12,0.00811492,33.9406,Yes,N/A,N/A,N/A,N/A,5,N/A,7,8,9,10,N/A,12,5 8,5 9,5 10,7 9,5 12,8 10
5 7 8 9 10 12 13,0.00377371,44.1476,Yes,N/A,N/A,N/A,N/A,5,N/A,7,8,9,10,N/A,12,13,5 9,5 10,7 9,5 12,5 13
5 7 8 9 10 11,0.0107693,29.6122,Yes,N/A,N/A,N/A,N/A,5,N/A,7,8,9,10,11,5 7,5 8,5 9,5 10,5 11,7 10,7 11
5 7 8 9 10 11 13,0.00515387,38.8835,Yes,N/A,N/A,N/A,N/A,5,N/A,7,8,9,10,11,5 7,13,5 9,5 10,5 11,7 10,5 13
5 7 8 9 10 11 12,0.00605802,37.4498,Yes,N/A,N/A,N/A,N/A,5,N/A,7,8,9,10,11,12,5 8,5 9,5 10,5 11,5 12,7 11
5 7 8 9 10 11 12 13,0.0033809,46.0824,Yes,N/A,N/A,N/A,N/A,5,N/A,7,8,9,10,11,12,13,5 9,5 10,5 11,5 12,5 13
5 6,0.127572,9.19419,Yes,N/A,N/A,N/A,N/A,5,6,N/A,N/A,N/A,N/A,5 6,N/A,N/A,N/A,N/A,N/A,N/A,N/A
5 6 13,0.0254844,20.41,Yes,N/A,N/A,N/A,N/A,5,6,N/A,N/A,N/A,N/A,5 6,N/A,13,N/A,N/A,N/A,N/A,5 13
5 6 12,0.0313715,18.9774,Yes,N/A,N/A,N/A,N/A,5,6,N/A,N/A,N/A,N/A,5 6,12,N/A,N/A,N/A,N/A,5 12,6 12
5 6 12 13,0.0093821,29.7684,Yes,N/A,N/A,N/A,N/A,5,6,N/A,N/A,N/A,N/A,5 6,12,13,N/A,N/A,N/A,5 12,5 13
5 6 11,0.0199331,19.144,Yes,N/A,N/A,N/A,N/A,5,6,N/A,N/A,N/A,N/A,11,N/A,N/A,N/A,N/A,5 11,6 11,N/A
5 6 11 13,0.00619695,30.0989,Yes,N/A,N/A,N/A,N/A,5,6,N/A,N/A,N/A,N/A,11,N/A,13,N/A,N/A,5 11,6 11,5 13
5 6 11 12,0.00797236,28.8292,Yes,N/A,N/A,N/A,N/A,5,6,N/A,N/A,N/A,N/A,11,12,N/A,N/A,N/A,5 11,5 12,6 12
5 6 11 12 13,0.00317473,39.3026,Yes,N/A,N/A,N/A,N/A,5,6,N/A,N/A,N/A,N/A,11,12,13,N/A,N/A,5 11,5 12,5 13
5 6 10,0.0380444,16.2645,Yes,N/A,N/A,N/A,N/A,5,6,N/A,N/A,N/A,10,5 6,N/A,N/A,N/A,5 10,6 10,N/A,N/A
5 6 10 13,0.011608,26.7968,Yes,N/A,N/A,N/A,N/A,5,6,N/A,N/A,N/A,10,5 6,N/A,13,N/A,5 10,6 10,N/A,5 13
5 6 10 12,0.0151005,25.201,Yes,N/A,N/A,N/A,N/A,5,6,N/A,N/A,N/A,10,5 6,12,N/A,N/A,5 10,6 10,5 12,6 12
5 6 10 12 13,0.00591671,35.0464,Yes,N/A,N/A,N/A,N/A,5,6,N/A,N/A,N/A,10,5 6,12,13,N/A,5 10,6 10,5 12,5 13
5 6 10 11,0.0116464,26.1234,Yes,N/A,N/A,N/A,N/A,5,6,N/A,N/A,N/A,10,11,N/A,N/A,N/A,5 10,5 11,6 11,N/A
5 6 10 11 13,0.0045689,36.2921,Yes,N/A,N/A,N/A,N/A,5,6,N/A,N/A,N/A,10,11,N/A,13,N/A,5 10,5 11,6 11,5 13
5 6 10 11 12,0.00582782,34.8888,Yes,N/A,N/A,N/A,N/A,5,6,N/A,N/A,N/A,10,11,12,N/A,N/A,5 10,5 11,5 12,6 12
5 6 10 11 12 13,0.00280835,44.2661,Yes,N/A,N/A,N/A,N/A,5,6,N/A,N/A,N/A,10,11,12,13,N/A,5 10,5 11,5 12,5 13
5 6 9,0.0388303,14.9751,Yes,N/A,N/A,N/A,N/A,5,6,N/A,N/A,9,N/A,5 6,N/A,N/A,5 9,6 9,N/A,N/A,N/A
5 6 9 13,0.0119898,25.4413,Yes,N/A,N/A,N/A,N/A,5,6,N/A,N/A,9,N/A,5 6,N/A,13,5 9,6 9,N/A,N/A,5 13
5 6 9 12,0.016051,23.8339,Yes,N/A,N/A,N/A,N/A,5,6,N/A,N/A,9,N/A,5 6,12,N/A,5 9,6 9,N/A,5 12,6 12
5 6 9 12 13,0.0062458,33.5886,Yes,N/A,N/A,N/A,N/A,5,6,N/A,N/A,9,N/A,5 6,12,13,5 9,6 9,N/A,5 12,5 13
5 6 9 11,0.0149097,24.2042,Yes,N/A,N/A,N/A,N/A,5,6,N/A,N/A,9,N/A,11,N/A,N/A,5 9,6 9,5 11,6 11,N/A
5 6 9 11 13,0.00568384,34.1686,Yes,N/A,N/A,N/A,N/A,5,6,N/A,N/A,9,N/A,11,N/A,13,5 9,6 9,5 11,6 11,5 13
5 6 9 11 12,0.00731632,32.7259,Yes,N/A,N/A,N/A,N/A,5,6,N/A,N/A,9,N/A,11,12,N/A,5 9,6 9,5 11,5 12,6 12
5 6 9 11 12 13,0.00345083,41.8182,Yes,N/A,N/A,N/A,N/A,5,6,N/A,N/A,9,N/A,11,12,13,5 9,6 9,5 11,5 12,5 13
5 6 9 10,0.0223771,21.6611,Yes,N/A,N/A,N/A,N/A,5,6,N/A,N/A,9,10,5 6,N/A,N/A,5 9,5 10,6 10,N/A,N/A
5 6 9 10 13,0.00843306,31.2116,Yes,N/A,N/A,N/A,N/A,5,6,N/A,N/A,9,10,5 6,N/A,13,5 9,5 10,6 10,N/A,5 13
5 6 9 10 12,0.0109642,29.3832,Yes,N/A,N/A,N/A,N/A,5,6,N/A,N/A,9,10,5 6,12,N/A,5 9,5 10,6 10,5 12,6 12
5 6 9 10 12 13,0.00513708,37.8208,Yes,N/A,N/A,N/A,N/A,5,6,N/A,N/A,9,10,5 6,12,13,5 9,5 10,6 10,5 12,5 13
5 6 9 10 11,0.0098713,30.7275,Yes,N/A,N/A,N/A,N/A,5,6,N/A,N/A,9,10,11,N/A,N/A,5 9,5 10,5 11,6 11,N/A
5 6 9 10 11 13,0.00460366,39.6033,Yes,N/A,N/A,N/A,N/A,5,6,N/A,N/A,9,10,11,N/A,13,5 9,5 10,5 11,6 11,5 13
5 6 9 10 11 12,0.00578362,37.9748,Yes,N/A,N/A,N/A,N/A,5,6,N/A,N/A,9,10,11,12,N/A,5 9,5 10,5 11,5 12,6 12
5 6 9 10 11 12 13,0.00323328,45.4821,Yes,N/A,N/A,N/A,N/A,5,6,N/A,N/A,9,10,11,12,13,5 9,5 10,5 11,5 12,5 13
5 6 8,0.0379158,13.7244,Yes,N/A,N/A,N/A,N/A,5,6,N/A,8,N/A,N/A,5 6,N/A,5 8,6 8,N/A,N/A,N/A,N/A
5 6 8 13,0.0105869,25.6214,Yes,N/A,N/A,N/A,N/A,5,6,N/A,8,N/A,N/A,5 6,N/A,13,6 8,N/A,N/A,N/A,5 13
5 6 8 12,0.0165314,22.5195,Yes,N/A,N/A,N/A,N/A,5,6,N/A,8,N/A,N/A,5 6,12,5 8,6 8,N/A,N/A,5 12,6 12
5 6 8 12 13,0.00568242,34.0564,Yes,N/A,N/A,N/A,N/A,5,6,N/A,8,N/A,N/A,5 6,12,13,6 8,N/A,N/A,5 12,5 13
5 6 8 11,0.0172888,22.8178,Yes,N/A,N/A,N/A,N/A,5,6,N/A,8,N/A,N/A,11,N/A,5 8,6 8,N/A,5 11,6 11,N/A
5 6 8 11 13,0.00541314,34.5944,Yes,N/A,N/A,N/A,N/A,5,6,N/A,8,N/A,N/A,11,N/A,13,6 8,N/A,5 11,6 11,5 13
5 6 8 11 12,0.00835836,31.2242,Yes,N/A,N/A,N/A,N/A,5,6,N/A,8,N/A,N/A,11,12,5 8,6 8,N/A,5 11,5 12,6 12
5 6 8 11 12 13,0.00331985,42.5967,Yes,N/A,N/A,N/A,N/A,5,6,N/A,8,N/A,N/A,11,12,13,6 8,N/A,5 11,5 12,5 13
5 6 8 10,0.029037,19.4432,Yes,N/A,N/A,N/A,N/A,5,6,N/A,8,N/A,10,5 6,N/A,5 8,6 8,5 10,6 10,N/A,8 10
5 6 8 10 13,0.00888624,30.7759,Yes,N/A,N/A,N/A,N/A,5,6,N/A,8,N/A,10,5 6,N/A,13,6 8,5 10,6 10,N/A,5 13
5 6 8 10 12,0.0134935,26.9622,Yes,N/A,N/A,N/A,N/A,5,6,N/A,8,N/A,10,5 6,12,5 8,6 8,5 10,6 10,5 12,6 12
5 6 8 10 12 13,0.00533402,37.5607,Yes,N/A,N/A,N/A,N/A,5,6,N/A,8,N/A,10,5 6,12,13,6 8,5 10,6 10,5 12,5 13
5 6 8 10 11,0.0132896,28.0912,Yes,N/A,N/A,N/A,N/A,5,6,N/A,8,N/A,10,11,N/A,5 8,6 8,5 10,5 11,6 11,8 10
5 6 8 10 11 13,0.0050534,39.203,Yes,N/A,N/A,N/A,N/A,5,6,N/A,8,N/A,10,11,N/A,13,6 8,5 10,5 11,6 11,5 13
5 6 8 10 11 12,0.00749305,34.9923,Yes,N/A,N/A,N/A,N/A,5,6,N/A,8,N/A,10,11,12,5 8,6 8,5 10,5 11,5 12,6 12
5 6 8 10 11 12 13,0.00351706,45.244,Yes,N/A,N/A,N/A,N/A,5,6,N/A,8,N/A,10,11,12,13,6 8,5 10,5 11,5 12,5 13
5 6 8 9,0.0328351,18.9992,Yes,N/A,N/A,N/A,N/A,5,6,N/A,8,9,N/A,5 6,N/A,5 8,5 9,6 9,N/A,8 9,N/A
5 6 8 9 13,0.00955037,30.3458,Yes,N/A,N/A,N/A,N/A,5,6,N/A,8,9,N/A,5 6,N/A,13,5 9,6 9,N/A,8 9,5 13
5 6 8 9 12,0.0143853,26.8424,Yes,N/A,N/A,N/A,N/A,5,6,N/A,8,9,N/A,5 6,12,5 8,5 9,6 9,N/A,5 12,6 12
5 6 8 9 12 13,0.00543354,37.6277,Yes,N/A,N/A,N/A,N/A,5,6,N/A,8,9,N/A,5 6,12,13,5 9,6 9,N/A,5 12,5 13
5 6 8 9 11,0.0149857,27.4231,Yes,N/A,N/A,N/A,N/A,5,6,N/A,8,9,N/A,11,N/A,5 8,5 9,6 9,5 11,6 11,N/A
5 6 8 9 11 13,0.00542597,38.5354,Yes,N/A,N/A,N/A,N/A,5,6,N/A,8,9,N/A,11,N/A,13,5 9,6 9,5 11,6 11,5 13
5 6 8 9 11 12,0.00823529,34.3267,Yes,N/A,N/A,N/A,N/A,5,6,N/A,8,9,N/A,11,12,5 8,5 9,6 9,5 11,5 12,6 12
5 6 8 9 11 12 13,0.00369126,44.7184,Yes,N/A,N/A,N/A,N/A,5,6,N/A,8,9,N/A,11,12,13,5 9,6 9,5 11,5 12,5 13
5 6 8 9 10,0.0197245,24.0614,Yes,N/A,N/A,N/A,N/A,5,6,N/A,8,9,10,5 6,N/A,5 8,5 9,5 10,6 10,8 9,8 10
5 6 8 9 10 13,0.00742065,34.6139,Yes,N/A,N/A,N/A,N/A,5,6,N/A,8,9,10,5 6,N/A,13,5 9,5 10,6 10,8 9,5 13
5 6 8 9 10 12,0.0107587,30.2821,Yes,N/A,N/A,N/A,N/A,5,6,N/A,8,9,10,5 6,12,5 8,5 9,5 10,6 10,5 12,6 12
5 6 8 9 10 12 13,0.00500074,39.7444,Yes,N/A,N/A,N/A,N/A,5,6,N/A,8,9,10,5 6,12,13,5 9,5 10,6 10,5 12,5 13
5 6 8 9 10 11,0.0106653,31.9769,Yes,N/A,N/A,N/A,N/A,5,6,N/A,8,9,10,11,N/A,5 8,5 9,5 10,5 11,6 11,8 10
5 6 8 9 10 11 13,0.00481817,42.1654,Yes,N/A,N/A,N/A,N/A,5,6,N/A,8,9,10,11,N/A,13,5 9,5 10,5 11,6 11,5 13
5 6 8 9 10 11 12,0.00699103,36.8666,Yes,N/A,N/A,N/A,N/A,5,6,N/A,8,9,10,11,12,5 8,5 9,5 10,5 11,5 12,6 12
5 6 8 9 10 11 12 13,0.00377677,45.6563,Yes,N/A,N/A,N/A,N/A,5,6,N/A,8,9,10,11,12,13,5 9,5 10,5 11,5 12,5 13
5 6 7,0.0386445,12.6025,Yes,N/A,N/A,N/A,N/A,5,6,7,N/A,N/A,N/A,5 6,5 7,6 7,N/A,N/A,N/A,N/A,5 6 7
5 6 7 13,0.0101749,24.532,Yes,N/A,N/A,N/A,N/A,5,6,7,N/A,N/A,N/A,5 6,5 7,13,N/A,N/A,N/A,N/A,5 13
5 6 7 12,0.014106,23.1398,Yes,N/A,N/A,N/A,N/A,5,6,7,N/A,N/A,N/A,5 6,12,6 7,N/A,N/A,N/A,5 12,6 12
5 6 7 12 13,0.00442339,35.034,Yes,N/A,N/A,N/A,N/A,5,6,7,N/A,N/A,N/A,5 6,12,13,N/A,N/A,N/A,5 12,5 13
5 6 7 11,0.0200733,21.5812,Yes,N/A,N/A,N/A,N/A,5,6,7,N/A,N/A,N/A,11,5 7,6 7,N/A,N/A,5 11,6 11,7 11
5 6 7 11 13,0.0057704,33.4104,Yes,N/A,N/A,N/A,N/A,5,6,7,N/A,N/A,N/A,11,5 7,13,N/A,N/A,5 11,6 11,5 13
5 6 7 11 12,0.00776915,32.1801,Yes,N/A,N/A,N/A,N/A,5,6,7,N/A,N/A,N/A,11,12,6 7,N/A,N/A,5 11,5 12,6 12
5 6 7 11 12 13,0.00266005,44.1041,Yes,N/A,N/A,N/A,N/A,5,6,7,N/A,N/A,N/A,11,12,13,N/A,N/A,5 11,5 12,5 13
5 6 7 10,0.034206,18.1116,Yes,N/A,N/A,N/A,N/A,5,6,7,N/A,N/A,10,5 6,5 7,6 7,N/A,5 10,6 10,7 10,5 6 7
5 6 7 10 13,0.00978741,29.3894,Yes,N/A,N/A,N/A,N/A,5,6,7,N/A,N/A,10,5 6,5 7,13,N/A,5 10,6 10,7 10,5 13
5 6 7 10 12,0.0125376,28.0701,Yes,N/A,N/A,N/A,N/A,5,6,7,N/A,N/A,10,5 6,12,6 7,N/A,5 10,6 10,5 12,6 12
5 6 7 10 12 13,0.00446347,39.2427,Yes,N/A,N/A,N/A,N/A,5,6,7,N/A,N/A,10,5 6,12,13,N/A,5 10,6 10,5 12,5 13
5 6 7 10 11,0.0154452,26.8408,Yes,N/A,N/A,N/A,N/A,5,6,7,N/A,N/A,10,11,5 7,6 7,N/A,5 10,5 11,6 11,7 11
5 6 7 10 11 13,0.00534538,38.0169,Yes,N/A,N/A,N/A,N/A,5,6,7,N/A,N/A,10,11,5 7,13,N/A,5 10,5 11,6 11,5 13
5 6 7 10 11 12,0.00712038,36.5844,Yes,N/A,N/A,N/A,N/A,5,6,7,N/A,N/A,10,11,12,6 7,N/A,5 10,5 11,5 12,6 12
5 6 7 10 11 12 13,0.00286744,47.7922,Yes,N/A,N/A,N/A,N/A,5,6,7,N/A,N/A,10,11,12,13,N/A,5 10,5 11,5 12,5 13
5 6 7 9,0.0461985,16.479,Yes,N/A,N/A,N/A,N/A,5,6,7,N/A,9,N/A,5 6,5 7,6 7,5 9,6 9,7 9,N/A,5 6 7
5 6 7 9 13,0.0126886,27.6311,Yes,N/A,N/A,N/A,N/A,5,6,7,N/A,9,N/A,5 6,5 7,13,5 9,6 9,7 9,N/A,5 13
5 6 7 9 12,0.016581,25.9684,Yes,N/A,N/A,N/A,N/A,5,6,7,N/A,9,N/A,5 6,12,6 7,5 9,6 9,7 9,5 12,6 12
5 6 7 9 12 13,0.00578057,36.9099,Yes,N/A,N/A,N/A,N/A,5,6,7,N/A,9,N/A,5 6,12,13,5 9,6 9,7 9,5 12,5 13
5 6 7 9 11,0.0203654,24.6617,Yes,N/A,N/A,N/A,N/A,5,6,7,N/A,9,N/A,11,5 7,6 7,5 9,6 9,5 11,6 11,7 11
5 6 7 9 11 13,0.00700992,35.5808,Yes,N/A,N/A,N/A,N/A,5,6,7,N/A,9,N/A,11,5 7,13,5 9,6 9,5 11,6 11,5 13
5 6 7 9 11 12,0.00909245,34.0802,Yes,N/A,N/A,N/A,N/A,5,6,7,N/A,9,N/A,11,12,6 7,5 9,6 9,5 11,5 12,6 12
5 6 7 9 11 12 13,0.00369212,44.925,Yes,N/A,N/A,N/A,N/A,5,6,7,N/A,9,N/A,11,12,13,5 9,6 9,5 11,5 12,5 13
5 6 7 9 10,0.0258361,21.4099,Yes,N/A,N/A,N/A,N/A,5,6,7,N/A,9,10,5 6,5 7,6 7,5 9,5 10,6 10,7 10,5 6 7
5 6 7 9 10 13,0.00909445,31.7361,Yes,N/A,N/A,N/A,N/A,5,6,7,N/A,9,10,5 6,5 7,13,5 9,5 10,6 10,7 10,5 13
5 6 7 9 10 12,0.011829,30.0613,Yes,N/A,N/A,N/A,N/A,5,6,7,N/A,9,10,5 6,12,6 7,5 9,5 10,6 10,5 12,6 12
5 6 7 9 10 12 13,0.00497893,40.0609,Yes,N/A,N/A,N/A,N/A,5,6,7,N/A,9,10,5 6,12,13,5 9,5 10,6 10,5 12,5 13
5 6 7 9 10 11,0.0140534,28.7683,Yes,N/A,N/A,N/A,N/A,5,6,7,N/A,9,10,11,5 7,6 7,5 9,5 10,5 11,6 11,7 11
5 6 7 9 10 11 13,0.00586093,38.767,Yes,N/A,N/A,N/A,N/A,5,6,7,N/A,9,10,11,5 7,13,5 9,5 10,5 11,6 11,5 13
5 6 7 9 10 11 12,0.00772601,36.8414,Yes,N/A,N/A,N/A,N/A,5,6,7,N/A,9,10,11,12,6 7,5 9,5 10,5 11,5 12,6 12
5 6 7 9 10 11 12 13,0.00368389,46.6273,Yes,N/A,N/A,N/A,N/A,5,6,7,N/A,9,10,11,12,13,5 9,5 10,5 11,5 12,5 13
5 6 7 8,0.0504859,16.3358,Yes,N/A,N/A,N/A,N/A,5,6,7,8,N/A,N/A,5 6,5 7,5 8,6 8,7 8,N/A,N/A,5 6 7
5 6 7 8 13,0.0138316,27.693,Yes,N/A,N/A,N/A,N/A,5,6,7,8,N/A,N/A,5 6,5 7,13,6 8,7 8,N/A,N/A,5 13
5 6 7 8 12,0.0169385,26.0408,Yes,N/A,N/A,N/A,N/A,5,6,7,8,N/A,N/A,5 6,12,5 8,6 8,7 8,N/A,5 12,6 12
5 6 7 8 12 13,0.00593561,37.2523,Yes,N/A,N/A,N/A,N/A,5,6,7,8,N/A,N/A,5 6,12,13,6 8,7 8,N/A,5 12,5 13
5 6 7 8 11,0.0213649,24.1874,Yes,N/A,N/A,N/A,N/A,5,6,7,8,N/A,N/A,11,5 7,5 8,6 8,7 8,5 11,6 11,7 11
5 6 7 8 11 13,0.00744085,35.287,Yes,N/A,N/A,N/A,N/A,5,6,7,8,N/A,N/A,11,5 7,13,6 8,7 8,5 11,6 11,5 13
5 6 7 8 11 12,0.00910646,33.7783,Yes,N/A,N/A,N/A,N/A,5,6,7,8,N/A,N/A,11,12,5 8,6 8,7 8,5 11,5 12,6 12
5 6 7 8 11 12 13,0.00377275,44.8276,Yes,N/A,N/A,N/A,N/A,5,6,7,8,N/A,N/A,11,12,13,6 8,7 8,5 11,5 12,5 13
5 6 7 8 10,0.0279652,20.8358,Yes,N/A,N/A,N/A,N/A,5,6,7,8,N/A,10,5 6,5 7,5 8,6 8,5 10,6 10,7 10,8 10
5 6 7 8 10 13,0.00990835,31.3911,Yes,N/A,N/A,N/A,N/A,5,6,7,8,N/A,10,5 6,5 7,13,6 8,5 10,6 10,7 10,5 13
5 6 7 8 10 12,0.0121552,29.7558,Yes,N/A,N/A,N/A,N/A,5,6,7,8,N/A,10,5 6,12,5 8,6 8,5 10,6 10,5 12,6 12
5 6 7 8 10 12 13,0.00517325,40.04,Yes,N/A,N/A,N/A,N/A,5,6,7,8,N/A,10,5 6,12,13,6 8,5 10,6 10,5 12,5 13
5 6 7 8 10 11,0.0150276,28.2061,Yes,N/A,N/A,N/A,N/A,5,6,7,8,N/A,10,11,5 7,5 8,6 8,5 10,5 11,6 11,7 11
5 6 7 8 10 11 13,0.0063704,38.3775,Yes,N/A,N/A,N/A,N/A,5,6,7,8,N/A,10,11,5 7,13,6 8,5 10,5 11,6 11,5 13
5 6 7 8 10 11 12,0.00785133,36.5924,Yes,N/A,N/A,N/A,N/A,5,6,7,8,N/A,10,11,12,5 8,6 8,5 10,5 11,5 12,6 12
5 6 7 8 10 11 12 13,0.00384367,46.571,Yes,N/A,N/A,N/A,N/A,5,6,7,8,N/A,10,11,12,13,6 8,5 10,5 11,5 12,5 13
5 6 7 8 9,0.030306,19.987,Yes,N/A,N/A,N/A,N/A,5,6,7,8,9,N/A,5 6,5 7,5 8,5 9,6 9,7 9,8 9,5 6 7
5 6 7 8 9 13,0.0105467,30.6496,Yes,N/A,N/A,N/A,N/A,5,6,7,8,9,N/A,5 6,5 7,13,5 9,6 9,7 9,8 9,5 13
5 6 7 8 9 12,0.0135475,28.7776,Yes,N/A,N/A,N/A,N/A,5,6,7,8,9,N/A,5 6,12,5 8,5 9,6 9,7 9,5 12,6 12
5 6 7 8 9 12 13,0.0056517,39.1978,Yes,N/A,N/A,N/A,N/A,5,6,7,8,9,N/A,5 6,12,13,5 9,6 9,7 9,5 12,5 13
5 6 7 8 9 11,0.0164984,27.3326,Yes,N/A,N/A,N/A,N/A,5,6,7,8,9,N/A,11,5 7,5 8,5 9,6 9,5 11,6 11,7 11
5 6 7 8 9 11 13,0.00683094,37.6852,Yes,N/A,N/A,N/A,N/A,5,6,7,8,9,N/A,11,5 7,13,5 9,6 9,5 11,6 11,5 13
5 6 7 8 9 11 12,0.00870663,35.6005,Yes,N/A,N/A,N/A,N/A,5,6,7,8,9,N/A,11,12,5 8,5 9,6 9,5 11,5 12,6 12
5 6 7 8 9 11 12 13,0.0041701,45.8103,Yes,N/A,N/A,N/A,N/A,5,6,7,8,9,N/A,11,12,13,5 9,6 9,5 11,5 12,5 13
5 6 7 8 9 10,0.0207496,23.4799,Yes,N/A,N/A,N/A,N/A,5,6,7,8,9,10,5 6,5 7,5 8,5 9,5 10,6 10,7 10,8 10
5 6 7 8 9 10 13,0.00871322,32.9815,Yes,N/A,N/A,N/A,N/A,5,6,7,8,9,10,5 6,5 7,13,5 9,5 10,6 10,7 10,5 13
5 6 7 8 9 10 12,0.0110412,30.7902,Yes,N/A,N/A,N/A,N/A,5,6,7,8,9,10,5 6,12,5 8,5 9,5 10,6 10,5 12,6 12
5 6 7 8 9 10 12 13,0.00544202,39.7533,Yes,N/A,N/A,N/A,N/A,5,6,7,8,9,10,5 6,12,13,5 9,5 10,6 10,5 12,5 13
5 6 7 8 9 10 11,0.0129249,29.3458,Yes,N/A,N/A,N/A,N/A,5,6,7,8,9,10,11,5 7,5 8,5 9,5 10,5 11,6 11,7 11
5 6 7 8 9 10 11 13,0.00636505,38.2156,Yes,N/A,N/A,N/A,N/A,5,6,7,8,9,10,11,5 7,13,5 9,5 10,5 11,6 11,5 13
5 6 7 8 9 10 11 12,0.00808829,35.5665,Yes,N/A,N/A,N/A,N/A,5,6,7,8,9,10,11,12,5 8,5 9,5 10,5 11,5 12,6 12
5 6 7 8 9 10 11 12 13,0.00451604,43.9559,Yes,N/A,N/A,N/A,N/A,5,6,7,8,9,10,11,12,13,5 9,5 10,5 11,5 12,5 13
4,0.0138889,3.94444,Yes,N/A,N/A,N/A,4,N/A,N/A,N/A,N/A,N/A,N/A,N/A,N/A,N/A,N/A,N/A,N/A,N/A,N/A
4 13,0.0165895,15.4215,Yes,N/A,N/A,N/A,4,N/A,N/A,N/A,N/A,N/A,N/A,N/A,N/A,13,N/A,N/A,N/A,4 13,N/A
4 12,0.0309928,14.0854,Yes,N/A,N/A,N/A,4,N/A,N/A,N/A,N/A,N/A,N/A,N/A,12,N/A,N/A,N/A,4 12,N/A,N/A
4 12 13,0.00955397,25.1471,Yes,N/A,N/A,N/A,4,N/A,N/A,N/A,N/A,N/A,N/A,N/A,12,13,N/A,N/A,4 12,4 13,N/A
4 11,0.0497685,12.849,Yes,N/A,N/A,N/A,4,N/A,N/A,N/A,N/A,N/A,N/A,11,N/A,N/A,N/A,4 11,N/A,N/A,N/A
4 11 13,0.013487,23.8502,Yes,N/A,N/A,N/A,4,N/A,N/A,N/A,N/A,N/A,N/A,11,N/A,13,N/A,4 11,N/A,4 13,N/A
4 11 12,0.0188668,22.4079,Yes,N/A,N/A,N/A,4,N/A,N/A,N/A,N/A,N/A,N/A,11,12,N/A,N/A,4 11,4 12,N/A,N/A
4 11 12 13,0.00682567,32.8031,Yes,N/A,N/A,N/A,4,N/A,N/A,N/A,N/A,N/A,N/A,11,12,13,N/A,4 11,4 12,4 13,N/A
4 10,0.0729167,11.6979,Yes,N/A,N/A,N/A,4,N/A,N/A,N/A,N/A,N/A,10,N/A,N/A,N/A,4 10,N/A,N/A,N/A,N/A
4 10 13,0.017988,22.6572,Yes,N/A,N/A,N/A,4,N/A,N/A,N/A,N/A,N/A,10,N/A,N/A,13,4 10,N/A,N/A,4 13,N/A
4 10 12,0.0242252,21.2109,Yes,N/A,N/A,N/A,4,N/A,N/A,N/A,N/A,N/A,10,N/A,12,N/A,4 10,N/A,4 12,N/A,N/A
4 10 12 13,0.00838852,31.5488,Yes,N/A,N/A,N/A,4,N/A,N/A,N/A,N/A,N/A,10,N/A,12,13,4 10,N/A,4 12,4 13,N/A
4 10 11,0.0302373,19.9018,Yes,N/A,N/A,N/A,4,N/A,N/A,N/A,N/A,N/A,10,11,N/A,N/A,4 10,4 11,N/A,N/A,N/A
4 10 11 13,0.0102479,30.1538,Yes,N/A,N/A,N/A,4,N/A,N/A,N/A,N/A,N/A,10,11,N/A,13,4 10,4 11,N/A,4 13,N/A
4 10 11 12,0.0132539,28.5517,Yes,N/A,N/A,N/A,4,N/A,N/A,N/A,N/A,N/A,10,11,12,N/A,4 10,4 11,4 12,N/A,N/A
4 10 11 12 13,0.00581573,37.8712,Yes,N/A,N/A,N/A,4,N/A,N/A,N/A,N/A,N/A,10,11,12,13,4 10,4 11,4 12,4 13,N/A
4 9,0.100437,10.618,Yes,N/A,N/A,N/A,4,N/A,N/A,N/A,N/A,9,N/A,N/A,N/A,4 9,N/A,N/A,N/A,N/A,N/A
4 9 13,0.0136049,22.9386,Yes,N/A,N/A,N/A,4,N/A,N/A,N/A,N/A,9,N/A,N/A,N/A,13,N/A,N/A,N/A,4 13,N/A
4 9 12,0.0300515,20.1066,Yes,N/A,N/A,N/A,4,N/A,N/A,N/A,N/A,9,N/A,N/A,12,4 9,N/A,N/A,4 12,N/A,N/A
4 9 12 13,0.00670788,32.1211,Yes,N/A,N/A,N/A,4,N/A,N/A,N/A,N/A,9,N/A,N/A,12,13,N/A,N/A,4 12,4 13,N/A
4 9 11,0.0362279,18.8032,Yes,N/A,N/A,N/A,4,N/A,N/A,N/A,N/A,9,N/A,11,N/A,4 9,N/A,4 11,N/A,N/A,N/A
4 9 11 13,0.00834476,30.7454,Yes,N/A,N/A,N/A,4,N/A,N/A,N/A,N/A,9,N/A,11,N/A,13,N/A,4 11,N/A,4 13,N/A
4 9 11 12,0.0151299,27.4228,Yes,N/A,N/A,N/A,4,N/A,N/A,N/A,N/A,9,N/A,11,12,4 9,N/A,4 11,4 12,N/A,N/A
4 9 11 12 13,0.0048553,38.8666,Yes,N/A,N/A,N/A,4,N/A,N/A,N/A,N/A,9,N/A,11,12,13,N/A,4 11,4 12,4 13,N/A
4 9 10,0.0415863,17.623,Yes,N/A,N/A,N/A,4,N/A,N/A,N/A,N/A,9,10,N/A,N/A,4 9,4 10,N/A,N/A,N/A,N/A
4 9 10 13,0.00990762,29.4977,Yes,N/A,N/A,N/A,4,N/A,N/A,N/A,N/A,9,10,N/A,N/A,13,4 10,N/A,N/A,4 13,N/A
4 9 10 12,0.0169905,26.1832,Yes,N/A,N/A,N/A,4,N/A,N/A,N/A,N/A,9,10,N/A,12,4 9,4 10,N/A,4 12,N/A,N/A
4 9 10 12 13,0.00557884,37.535,Yes,N/A,N/A,N/A,4,N/A,N/A,N/A,N/A,9,10,N/A,12,13,4 10,N/A,4 12,4 13,N/A
4 9 10 11,0.0197643,24.7767,Yes,N/A,N/A,N/A,4,N/A,N/A,N/A,N/A,9,10,11,N/A,4 9,4 10,4 11,N/A,N/A,N/A
4 9 10 11 13,0.00657528,36.023,Yes,N/A,N/A,N/A,4,N/A,N/A,N/A,N/A,9,10,11,N/A,13,4 10,4 11,N/A,4 13,N/A
4 9 10 11 12,0.0104256,32.0151,Yes,N/A,N/A,N/A,4,N/A,N/A,N/A,N/A,9,10,11,12,4 9,4 10,4 11,4 12,N/A,N/A
4 9 10 11 12 13,0.00442512,42.3955,Yes,N/A,N/A,N/A,4,N/A,N/A,N/A,N/A,9,10,11,12,13,4 10,4 11,4 12,4 13,N/A
4 8,0.118441,9.76157,Yes,N/A,N/A,N/A,4,N/A,N/A,N/A,8,N/A,N/A,N/A,4 8,N/A,N/A,N/A,N/A,N/A,N/A
4 8 13,0.0259934,20.7185,Yes,N/A,N/A,N/A,4,N/A,N/A,N/A,8,N/A,N/A,N/A,4 8,13,N/A,N/A,N/A,4 13,N/A
4 8 12,0.0197349,20.8333,Yes,N/A,N/A,N/A,4,N/A,N/A,N/A,8,N/A,N/A,N/A,12,N/A,N/A,N/A,4 12,N/A,N/A
4 8 12 13,0.00678488,31.5014,Yes,N/A,N/A,N/A,4,N/A,N/A,N/A,8,N/A,N/A,N/A,12,13,N/A,N/A,4 12,4 13,N/A
4 8 11,0.03895,17.9911,Yes,N/A,N/A,N/A,4,N/A,N/A,N/A,8,N/A,N/A,11,4 8,N/A,N/A,4 11,N/A,N/A,N/A
4 8 11 13,0.0124716,28.2482,Yes,N/A,N/A,N/A,4,N/A,N/A,N/A,8,N/A,N/A,11,4 8,13,N/A,4 11,N/A,4 13,N/A
4 8 11 12,0.0106435,28.6036,Yes,N/A,N/A,N/A,4,N/A,N/A,N/A,8,N/A,N/A,11,12,N/A,N/A,4 11,4 12,N/A,N/A
4 8 11 12 13,0.00465358,38.391,Yes,N/A,N/A,N/A,4,N/A,N/A,N/A,8,N/A,N/A,11,12,13,N/A,4 11,4 12,4 13,N/A
4 8 10,0.0435796,16.7373,Yes,N/A,N/A,N/A,4,N/A,N/A,N/A,8,N/A,10,N/A,4 8,N/A,4 10,N/A,N/A,N/A,8 10
4 8 10 13,0.0139505,26.9269,Yes,N/A,N/A,N/A,4,N/A,N/A,N/A,8,N/A,10,N/A,4 8,13,4 10,N/A,N/A,4 13,8 10
4 8 10 12,0.0125082,27.257,Yes,N/A,N/A,N/A,4,N/A,N/A,N/A,8,N/A,10,N/A,12,N/A,4 10,N/A,4 12,N/A,8 10
4 8 10 12 13,0.00539839,36.9471,Yes,N/A,N/A,N/A,4,N/A,N/A,N/A,8,N/A,10,N/A,12,13,4 10,N/A,4 12,4 13,8 10
4 8 10 11,0.0202734,23.9373,Yes,N/A,N/A,N/A,4,N/A,N/A,N/A,8,N/A,10,11,4 8,N/A,4 10,4 11,N/A,N/A,8 10
4 8 10 11 13,0.00844624,33.0564,Yes,N/A,N/A,N/A,4,N/A,N/A,N/A,8,N/A,10,11,4 8,13,4 10,4 11,N/A,4 13,8 10
4 8 10 11 12,0.00799227,33.6972,Yes,N/A,N/A,N/A,4,N/A,N/A,N/A,8,N/A,10,11,12,N/A,4 10,4 11,4 12,N/A,8 10
4 8 10 11 12 13,0.00420513,41.9909,Yes,N/A,N/A,N/A,4,N/A,N/A,N/A,8,N/A,10,11,12,13,4 10,4 11,4 12,4 13,8 10
4 8 9,0.0470197,15.5173,Yes,N/A,N/A,N/A,4,N/A,N/A,N/A,8,9,N/A,N/A,4 8,4 9,N/A,N/A,N/A,8 9,N/A
4 8 9 13,0.0121415,27.5268,Yes,N/A,N/A,N/A,4,N/A,N/A,N/A,8,9,N/A,N/A,4 8,13,N/A,N/A,N/A,4 13,N/A
4 8 9 12,0.0144305,25.9341,Yes,N/A,N/A,N/A,4,N/A,N/A,N/A,8,9,N/A,N/A,12,4 9,N/A,N/A,4 12,8 9,N/A
4 8 9 12 13,0.00471143,37.8842,Yes,N/A,N/A,N/A,4,N/A,N/A,N/A,8,9,N/A,N/A,12,13,N/A,N/A,4 12,4 13,N/A
4 8 9 11,0.0221613,22.6582,Yes,N/A,N/A,N/A,4,N/A,N/A,N/A,8,9,N/A,11,4 8,4 9,N/A,4 11,N/A,8 9,N/A
4 8 9 11 13,0.00755782,34.0724,Yes,N/A,N/A,N/A,4,N/A,N/A,N/A,8,9,N/A,11,4 8,13,N/A,4 11,N/A,4 13,N/A
4 8 9 11 12,0.00906668,32.2788,Yes,N/A,N/A,N/A,4,N/A,N/A,N/A,8,9,N/A,11,12,4 9,N/A,4 11,4 12,8 9,N/A
4 8 9 11 12 13,0.00376311,43.4862,Yes,N/A,N/A,N/A,4,N/A,N/A,N/A,8,9,N/A,11,12,13,N/A,4 11,4 12,4 13,N/A
4 8 9 10,0.025312,21.3323,Yes,N/A,N/A,N/A,4,N/A,N/A,N/A,8,9,10,N/A,4 8,4 9,4 10,N/A,N/A,8 9,8 10
4 8 9 10 13,0.00848392,32.6546,Yes,N/A,N/A,N/A,4,N/A,N/A,N/A,8,9,10,N/A,4 8,13,4 10,N/A,N/A,4 13,8 10
4 8 9 10 12,0.010436,30.8253,Yes,N/A,N/A,N/A,4,N/A,N/A,N/A,8,9,10,N/A,12,4 9,4 10,N/A,4 12,8 9,8 10
4 8 9 10 12 13,0.00429895,41.898,Yes,N/A,N/A,N/A,4,N/A,N/A,N/A,8,9,10,N/A,12,13,4 10,N/A,4 12,4 13,8 10
4 8 9 10 11,0.0145549,26.8931,Yes,N/A,N/A,N/A,4,N/A,N/A,N/A,8,9,10,11,4 8,4 9,4 10,4 11,N/A,8 9,8 10
4 8 9 10 11 13,0.00619565,37.2017,Yes,N/A,N/A,N/A,4,N/A,N/A,N/A,8,9,10,11,4 8,13,4 10,4 11,N/A,4 13,8 10
4 8 9 10 11 12,0.00758292,35.0519,Yes,N/A,N/A,N/A,4,N/A,N/A,N/A,8,9,10,11,12,4 9,4 10,4 11,4 12,8 9,8 10
4 8 9 10 11 12 13,0.00382764,44.7901,Yes,N/A,N/A,N/A,4,N/A,N/A,N/A,8,9,10,11,12,13,4 10,4 11,4 12,4 13,8 10
4 7,0.126929,9.07272,Yes,N/A,N/A,N/A,4,N/A,N/A,7,N/A,N/A,N/A,4 7,N/A,N/A,N/A,N/A,N/A,N/A,N/A
4 7 13,0.0267972,20.0954,Yes,N/A,N/A,N/A,4,N/A,N/A,7,N/A,N/A,N/A,4 7,N/A,13,N/A,N/A,N/A,4 13,N/A
4 7 12,0.033463,18.6787,Yes,N/A,N/A,N/A,4,N/A,N/A,7,N/A,N/A,N/A,4 7,12,N/A,N/A,N/A,4 12,N/A,N/A
4 7 12 13,0.010495,29.1109,Yes,N/A,N/A,N/A,4,N/A,N/A,7,N/A,N/A,N/A,4 7,12,13,N/A,N/A,4 12,4 13,N/A
4 7 11,0.022907,18.8633,Yes,N/A,N/A,N/A,4,N/A,N/A,7,N/A,N/A,N/A,11,N/A,N/A,N/A,4 11,N/A,N/A,7 11
4 7 11 13,0.00760352,29.547,Yes,N/A,N/A,N/A,4,N/A,N/A,7,N/A,N/A,N/A,11,N/A,13,N/A,4 11,N/A,4 13,7 11
4 7 11 12,0.00974151,28.0328,Yes,N/A,N/A,N/A,4,N/A,N/A,7,N/A,N/A,N/A,11,12,N/A,N/A,4 11,4 12,N/A,7 11
4 7 11 12 13,0.00417547,37.9577,Yes,N/A,N/A,N/A,4,N/A,N/A,7,N/A,N/A,N/A,11,12,13,N/A,4 11,4 12,4 13,7 11
4 7 10,0.0420042,16.004,Yes,N/A,N/A,N/A,4,N/A,N/A,7,N/A,N/A,10,4 7,N/A,N/A,4 10,N/A,N/A,7 10,N/A
4 7 10 13,0.0132003,26.5222,Yes,N/A,N/A,N/A,4,N/A,N/A,7,N/A,N/A,10,4 7,N/A,13,4 10,N/A,N/A,4 13,N/A
4 7 10 12,0.0168869,24.688,Yes,N/A,N/A,N/A,4,N/A,N/A,7,N/A,N/A,10,4 7,12,N/A,4 10,N/A,4 12,7 10,N/A
4 7 10 12 13,0.00683416,34.352,Yes,N/A,N/A,N/A,4,N/A,N/A,7,N/A,N/A,10,4 7,12,13,4 10,N/A,4 12,4 13,N/A
4 7 10 11,0.0143711,25.1339,Yes,N/A,N/A,N/A,4,N/A,N/A,7,N/A,N/A,10,11,N/A,N/A,4 10,4 11,N/A,7 10,7 11
4 7 10 11 13,0.00577487,35.1386,Yes,N/A,N/A,N/A,4,N/A,N/A,7,N/A,N/A,10,11,N/A,13,4 10,4 11,N/A,4 13,7 11
4 7 10 11 12,0.00758109,33.0814,Yes,N/A,N/A,N/A,4,N/A,N/A,7,N/A,N/A,10,11,12,N/A,4 10,4 11,4 12,7 10,7 11
4 7 10 11 12 13,0.00376185,41.9484,Yes,N/A,N/A,N/A,4,N/A,N/A,7,N/A,N/A,10,11,12,13,4 10,4 11,4 12,4 13,7 11
4 7 9,0.0438797,14.7367,Yes,N/A,N/A,N/A,4,N/A,N/A,7,N/A,9,N/A,4 7,N/A,4 9,N/A,N/A,7 9,N/A,N/A
4 7 9 13,0.0123356,26.4751,Yes,N/A,N/A,N/A,4,N/A,N/A,7,N/A,9,N/A,4 7,N/A,13,N/A,N/A,7 9,4 13,N/A
4 7 9 12,0.0173354,23.8443,Yes,N/A,N/A,N/A,4,N/A,N/A,7,N/A,9,N/A,4 7,12,4 9,N/A,N/A,4 12,N/A,N/A
4 7 9 12 13,0.00627372,35.1289,Yes,N/A,N/A,N/A,4,N/A,N/A,7,N/A,9,N/A,4 7,12,13,N/A,N/A,4 12,4 13,N/A
4 7 9 11,0.0168628,23.7436,Yes,N/A,N/A,N/A,4,N/A,N/A,7,N/A,9,N/A,11,N/A,4 9,N/A,4 11,7 9,N/A,7 11
4 7 9 11 13,0.00580575,35.2768,Yes,N/A,N/A,N/A,4,N/A,N/A,7,N/A,9,N/A,11,N/A,13,N/A,4 11,7 9,4 13,7 11
4 7 9 11 12,0.00814984,32.2073,Yes,N/A,N/A,N/A,4,N/A,N/A,7,N/A,9,N/A,11,12,4 9,N/A,4 11,4 12,N/A,7 11
4 7 9 11 12 13,0.0035287,43.1621,Yes,N/A,N/A,N/A,4,N/A,N/A,7,N/A,9,N/A,11,12,13,N/A,4 11,4 12,4 13,7 11
4 7 9 10,0.0265802,20.4374,Yes,N/A,N/A,N/A,4,N/A,N/A,7,N/A,9,10,4 7,N/A,4 9,4 10,N/A,7 9,7 10,N/A
4 7 9 10 13,0.0088958,31.7189,Yes,N/A,N/A,N/A,4,N/A,N/A,7,N/A,9,10,4 7,N/A,13,4 10,N/A,7 9,4 13,N/A
4 7 9 10 12,0.0123212,28.2454,Yes,N/A,N/A,N/A,4,N/A,N/A,7,N/A,9,10,4 7,12,4 9,4 10,N/A,4 12,7 10,N/A
4 7 9 10 12 13,0.00523257,38.8062,Yes,N/A,N/A,N/A,4,N/A,N/A,7,N/A,9,10,4 7,12,13,4 10,N/A,4 12,4 13,N/A
4 7 9 10 11,0.01291,28.3344,Yes,N/A,N/A,N/A,4,N/A,N/A,7,N/A,9,10,11,N/A,4 9,4 10,4 11,7 9,7 10,7 11
4 7 9 10 11 13,0.0052627,39.2322,Yes,N/A,N/A,N/A,4,N/A,N/A,7,N/A,9,10,11,N/A,13,4 10,4 11,7 9,4 13,7 11
4 7 9 10 11 12,0.00732428,35.0107,Yes,N/A,N/A,N/A,4,N/A,N/A,7,N/A,9,10,11,12,4 9,4 10,4 11,4 12,7 10,7 11
4 7 9 10 11 12 13,0.00364538,44.9384,Yes,N/A,N/A,N/A,4,N/A,N/A,7,N/A,9,10,11,12,13,4 10,4 11,4 12,4 13,7 11
4 7 8,0.0422293,13.6947,Yes,N/A,N/A,N/A,4,N/A,N/A,7,8,N/A,N/A,4 7,4 8,N/A,N/A,7 8,N/A,N/A,N/A
4 7 8 13,0.0142202,23.8766,Yes,N/A,N/A,N/A,4,N/A,N/A,7,8,N/A,N/A,4 7,4 8,13,N/A,7 8,N/A,4 13,N/A
4 7 8 12,0.0156345,24.0232,Yes,N/A,N/A,N/A,4,N/A,N/A,7,8,N/A,N/A,4 7,12,N/A,N/A,7 8,4 12,N/A,N/A
4 7 8 12 13,0.00656237,33.6549,Yes,N/A,N/A,N/A,4,N/A,N/A,7,8,N/A,N/A,4 7,12,13,N/A,7 8,4 12,4 13,N/A
4 7 8 11,0.0163162,23.417,Yes,N/A,N/A,N/A,4,N/A,N/A,7,8,N/A,N/A,11,4 8,N/A,N/A,4 11,N/A,N/A,7 11
4 7 8 11 13,0.0067003,33.1262,Yes,N/A,N/A,N/A,4,N/A,N/A,7,8,N/A,N/A,11,4 8,13,N/A,4 11,N/A,4 13,7 11
4 7 8 11 12,0.00691345,33.6292,Yes,N/A,N/A,N/A,4,N/A,N/A,7,8,N/A,N/A,11,12,N/A,N/A,4 11,4 12,N/A,7 11
4 7 8 11 12 13,0.00354529,42.6821,Yes,N/A,N/A,N/A,4,N/A,N/A,7,8,N/A,N/A,11,12,13,N/A,4 11,4 12,4 13,7 11
4 7 8 10,0.0296612,19.2813,Yes,N/A,N/A,N/A,4,N/A,N/A,7,8,N/A,10,4 7,4 8,N/A,4 10,7 8,N/A,7 10,8 10
4 7 8 10 13,0.0110315,28.5651,Yes,N/A,N/A,N/A,4,N/A,N/A,7,8,N/A,10,4 7,4 8,13,4 10,7 8,N/A,4 13,8 10
4 7 8 10 12,0.0123665,28.6415,Yes,N/A,N/A,N/A,4,N/A,N/A,7,8,N/A,10,4 7,12,N/A,4 10,7 8,4 12,7 10,8 10
4 7 8 10 12 13,0.00589253,37.0359,Yes,N/A,N/A,N/A,4,N/A,N/A,7,8,N/A,10,4 7,12,13,4 10,7 8,4 12,4 13,8 10
4 7 8 10 11,0.012844,28.1913,Yes,N/A,N/A,N/A,4,N/A,N/A,7,8,N/A,10,11,4 8,N/A,4 10,4 11,N/A,7 10,7 11
4 7 8 10 11 13,0.00597463,36.7362,Yes,N/A,N/A,N/A,4,N/A,N/A,7,8,N/A,10,11,4 8,13,4 10,4 11,N/A,4 13,7 11
4 7 8 10 11 12,0.00649784,37.2047,Yes,N/A,N/A,N/A,4,N/A,N/A,7,8,N/A,10,11,12,N/A,4 10,4 11,4 12,7 10,7 11
4 7 8 10 11 12 13,0.0037137,44.6412,Yes,N/A,N/A,N/A,4,N/A,N/A,7,8,N/A,10,11,12,13,4 10,4 11,4 12,4 13,7 11
4 7 8 9,0.0378762,17.7457,Yes,N/A,N/A,N/A,4,N/A,N/A,7,8,9,N/A,4 7,4 8,4 9,N/A,7 8,7 9,8 9,N/A
4 7 8 9 13,0.0114627,28.8453,Yes,N/A,N/A,N/A,4,N/A,N/A,7,8,9,N/A,4 7,4 8,13,N/A,7 8,7 9,4 13,N/A
4 7 8 9 12,0.014362,27.5309,Yes,N/A,N/A,N/A,4,N/A,N/A,7,8,9,N/A,4 7,12,4 9,N/A,7 8,4 12,8 9,N/A
4 7 8 9 12 13,0.00558984,38.3831,Yes,N/A,N/A,N/A,4,N/A,N/A,7,8,9,N/A,4 7,12,13,N/A,7 8,4 12,4 13,N/A
4 7 8 9 11,0.015935,26.3646,Yes,N/A,N/A,N/A,4,N/A,N/A,7,8,9,N/A,11,4 8,4 9,N/A,4 11,7 9,8 9,7 11
4 7 8 9 11 13,0.00630682,37.1158,Yes,N/A,N/A,N/A,4,N/A,N/A,7,8,9,N/A,11,4 8,13,N/A,4 11,7 9,4 13,7 11
4 7 8 9 11 12,0.00743381,35.8736,Yes,N/A,N/A,N/A,4,N/A,N/A,7,8,9,N/A,11,12,4 9,N/A,4 11,4 12,8 9,7 11
4 7 8 9 11 12 13,0.00355716,46.3905,Yes,N/A,N/A,N/A,4,N/A,N/A,7,8,9,N/A,11,12,13,N/A,4 11,4 12,4 13,7 11
4 7 8 9 10,0.0236651,21.6054,Yes,N/A,N/A,N/A,4,N/A,N/A,7,8,9,10,4 7,4 8,4 9,4 10,7 8,7 9,7 10,8 10
4 7 8 9 10 13,0.00925486,31.5551,Yes,N/A,N/A,N/A,4,N/A,N/A,7,8,9,10,4 7,4 8,13,4 10,7 8,7 9,4 13,8 10
4 7 8 9 10 12,0.0113201,29.9853,Yes,N/A,N/A,N/A,4,N/A,N/A,7,8,9,10,4 7,12,4 9,4 10,7 8,4 12,7 10,8 10
4 7 8 9 10 12 13,0.00542832,39.3158,Yes,N/A,N/A,N/A,4,N/A,N/A,7,8,9,10,4 7,12,13,4 10,7 8,4 12,4 13,8 10
4 7 8 9 10 11,0.0125706,28.8038,Yes,N/A,N/A,N/A,4,N/A,N/A,7,8,9,10,11,4 8,4 9,4 10,4 11,7 9,7 10,7 11
4 7 8 9 10 11 13,0.00602141,38.0427,Yes,N/A,N/A,N/A,4,N/A,N/A,7,8,9,10,11,4 8,13,4 10,4 11,7 9,4 13,7 11
4 7 8 9 10 11 12,0.00713323,36.4945,Yes,N/A,N/A,N/A,4,N/A,N/A,7,8,9,10,11,12,4 9,4 10,4 11,4 12,7 10,7 11
4 7 8 9 10 11 12 13,0.00402495,45.0113,Yes,N/A,N/A,N/A,4,N/A,N/A,7,8,9,10,11,12,13,4 10,4 11,4 12,4 13,7 11
4 6,0.126286,8.41024,Yes,N/A,N/A,N/A,4,N/A,6,N/A,N/A,N/A,4 6,N/A,N/A,N/A,N/A,N/A,N/A,N/A,N/A
4 6 13,0.0259666,19.5046,Yes,N/A,N/A,N/A,4,N/A,6,N/A,N/A,N/A,4 6,N/A,N/A,13,N/A,N/A,N/A,4 13,N/A
4 6 12,0.0320823,18.0201,Yes,N/A,N/A,N/A,4,N/A,6,N/A,N/A,N/A,4 6,N/A,12,N/A,N/A,N/A,4 12,N/A,6 12
4 6 12 13,0.00997589,28.5363,Yes,N/A,N/A,N/A,4,N/A,6,N/A,N/A,N/A,4 6,N/A,12,13,N/A,N/A,4 12,4 13,6 12
4 6 11,0.0364047,16.5997,Yes,N/A,N/A,N/A,4,N/A,6,N/A,N/A,N/A,4 6,11,N/A,N/A,N/A,4 11,N/A,6 11,N/A
4 6 11 13,0.0113026,27.2697,Yes,N/A,N/A,N/A,4,N/A,6,N/A,N/A,N/A,4 6,11,N/A,13,N/A,4 11,N/A,4 13,N/A
4 6 11 12,0.0149094,25.3553,Yes,N/A,N/A,N/A,4,N/A,6,N/A,N/A,N/A,4 6,11,12,N/A,N/A,4 11,4 12,6 11,6 12
4 6 11 12 13,0.00594919,35.2116,Yes,N/A,N/A,N/A,4,N/A,6,N/A,N/A,N/A,4 6,11,12,13,N/A,4 11,4 12,4 13,6 12
4 6 10,0.0233089,16.6452,Yes,N/A,N/A,N/A,4,N/A,6,N/A,N/A,N/A,10,N/A,N/A,N/A,4 10,N/A,6 10,N/A,N/A
4 6 10 13,0.00809917,27.2975,Yes,N/A,N/A,N/A,4,N/A,6,N/A,N/A,N/A,10,N/A,N/A,13,4 10,N/A,6 10,4 13,N/A
4 6 10 12,0.0104872,26.1672,Yes,N/A,N/A,N/A,4,N/A,6,N/A,N/A,N/A,10,N/A,12,N/A,4 10,N/A,4 12,N/A,6 12
4 6 10 12 13,0.00441264,36.1328,Yes,N/A,N/A,N/A,4,N/A,6,N/A,N/A,N/A,10,N/A,12,13,4 10,N/A,4 12,4 13,6 12
4 6 10 11,0.0150543,24.1042,Yes,N/A,N/A,N/A,4,N/A,6,N/A,N/A,N/A,10,11,N/A,N/A,4 10,4 11,6 10,6 11,N/A
4 6 10 11 13,0.00583683,34.1438,Yes,N/A,N/A,N/A,4,N/A,6,N/A,N/A,N/A,10,11,N/A,13,4 10,4 11,6 10,4 13,N/A
4 6 10 11 12,0.00762116,32.5761,Yes,N/A,N/A,N/A,4,N/A,6,N/A,N/A,N/A,10,11,12,N/A,4 10,4 11,4 12,6 11,6 12
4 6 10 11 12 13,0.00365122,41.6132,Yes,N/A,N/A,N/A,4,N/A,6,N/A,N/A,N/A,10,11,12,13,4 10,4 11,4 12,4 13,6 12
4 6 9,0.0396698,13.9335,Yes,N/A,N/A,N/A,4,N/A,6,N/A,N/A,9,4 6,N/A,N/A,4 9,N/A,6 9,N/A,N/A,N/A
4 6 9 13,0.0120335,25.667,Yes,N/A,N/A,N/A,4,N/A,6,N/A,N/A,9,4 6,N/A,N/A,13,N/A,6 9,N/A,4 13,N/A
4 6 9 12,0.0182358,22.4926,Yes,N/A,N/A,N/A,4,N/A,6,N/A,N/A,9,4 6,N/A,12,4 9,N/A,6 9,4 12,N/A,6 12
4 6 9 12 13,0.00673309,33.6641,Yes,N/A,N/A,N/A,4,N/A,6,N/A,N/A,9,4 6,N/A,12,13,N/A,6 9,4 12,4 13,6 12
4 6 9 11,0.0212376,21.7009,Yes,N/A,N/A,N/A,4,N/A,6,N/A,N/A,9,4 6,11,N/A,4 9,N/A,4 11,N/A,6 11,N/A
4 6 9 11 13,0.00722269,33.2335,Yes,N/A,N/A,N/A,4,N/A,6,N/A,N/A,9,4 6,11,N/A,13,N/A,4 11,N/A,4 13,N/A
4 6 9 11 12,0.0111636,29.0923,Yes,N/A,N/A,N/A,4,N/A,6,N/A,N/A,9,4 6,11,12,4 9,N/A,4 11,4 12,6 11,6 12
4 6 9 11 12 13,0.00473794,39.8478,Yes,N/A,N/A,N/A,4,N/A,6,N/A,N/A,9,4 6,11,12,13,N/A,4 11,4 12,4 13,6 12
4 6 9 10,0.0238385,21.1492,Yes,N/A,N/A,N/A,4,N/A,6,N/A,N/A,9,10,N/A,N/A,4 9,4 10,6 9,6 10,N/A,N/A
4 6 9 10 13,0.00767132,32.54,Yes,N/A,N/A,N/A,4,N/A,6,N/A,N/A,9,10,N/A,N/A,13,4 10,6 9,6 10,4 13,N/A
4 6 9 10 12,0.0112885,29.3188,Yes,N/A,N/A,N/A,4,N/A,6,N/A,N/A,9,10,N/A,12,4 9,4 10,6 9,4 12,N/A,6 12
4 6 9 10 12 13,0.00472552,40.0145,Yes,N/A,N/A,N/A,4,N/A,6,N/A,N/A,9,10,N/A,12,13,4 10,6 9,4 12,4 13,6 12
4 6 9 10 11,0.0137747,27.9029,Yes,N/A,N/A,N/A,4,N/A,6,N/A,N/A,9,10,11,N/A,4 9,4 10,4 11,6 10,6 11,N/A
4 6 9 10 11 13,0.00533124,38.969,Yes,N/A,N/A,N/A,4,N/A,6,N/A,N/A,9,10,11,N/A,13,4 10,4 11,6 10,4 13,N/A
4 6 9 10 11 12,0.00793705,34.5762,Yes,N/A,N/A,N/A,4,N/A,6,N/A,N/A,9,10,11,12,4 9,4 10,4 11,4 12,6 11,6 12
4 6 9 10 11 12 13,0.00382238,44.6558,Yes,N/A,N/A,N/A,4,N/A,6,N/A,N/A,9,10,11,12,13,4 10,4 11,4 12,4 13,6 12
4 6 8,0.041956,12.774,Yes,N/A,N/A,N/A,4,N/A,6,N/A,8,N/A,4 6,N/A,4 8,N/A,6 8,N/A,N/A,N/A,4 6 8
4 6 8 13,0.0141276,22.9821,Yes,N/A,N/A,N/A,4,N/A,6,N/A,8,N/A,4 6,N/A,4 8,13,6 8,N/A,N/A,4 13,4 6 8
4 6 8 12,0.0168608,23.0538,Yes,N/A,N/A,N/A,4,N/A,6,N/A,8,N/A,4 6,N/A,12,N/A,6 8,N/A,4 12,N/A,6 12
4 6 8 12 13,0.00697554,32.6978,Yes,N/A,N/A,N/A,4,N/A,6,N/A,8,N/A,4 6,N/A,12,13,6 8,N/A,4 12,4 13,6 12
4 6 8 11,0.0262096,19.7045,Yes,N/A,N/A,N/A,4,N/A,6,N/A,8,N/A,4 6,11,4 8,N/A,6 8,4 11,N/A,6 11,4 6 8
4 6 8 11 13,0.00980063,29.1194,Yes,N/A,N/A,N/A,4,N/A,6,N/A,8,N/A,4 6,11,4 8,13,6 8,4 11,N/A,4 13,4 6 8
4 6 8 11 12,0.0116077,29.1147,Yes,N/A,N/A,N/A,4,N/A,6,N/A,8,N/A,4 6,11,12,N/A,6 8,4 11,4 12,6 11,6 12
4 6 8 11 12 13,0.00552827,37.662,Yes,N/A,N/A,N/A,4,N/A,6,N/A,8,N/A,4 6,11,12,13,6 8,4 11,4 12,4 13,6 12
4 6 8 10,0.0237742,21.0109,Yes,N/A,N/A,N/A,4,N/A,6,N/A,8,N/A,10,N/A,4 8,N/A,4 10,N/A,6 10,N/A,8 10
4 6 8 10 13,0.00896993,30.6407,Yes,N/A,N/A,N/A,4,N/A,6,N/A,8,N/A,10,N/A,4 8,13,4 10,N/A,6 10,4 13,8 10
4 6 8 10 12,0.00893139,31.6588,Yes,N/A,N/A,N/A,4,N/A,6,N/A,8,N/A,10,N/A,12,N/A,4 10,N/A,4 12,N/A,6 12
4 6 8 10 12 13,0.00436811,40.7169,Yes,N/A,N/A,N/A,4,N/A,6,N/A,8,N/A,10,N/A,12,13,4 10,N/A,4 12,4 13,6 12
4 6 8 10 11,0.0152315,26.9803,Yes,N/A,N/A,N/A,4,N/A,6,N/A,8,N/A,10,11,4 8,N/A,4 10,4 11,6 10,6 11,8 10
4 6 8 10 11 13,0.0068273,35.5218,Yes,N/A,N/A,N/A,4,N/A,6,N/A,8,N/A,10,11,4 8,13,4 10,4 11,6 10,4 13,8 10
4 6 8 10 11 12,0.00718272,36.6793,Yes,N/A,N/A,N/A,4,N/A,6,N/A,8,N/A,10,11,12,N/A,4 10,4 11,4 12,6 11,6 12
4 6 8 10 11 12 13,0.00399663,44.2875,Yes,N/A,N/A,N/A,4,N/A,6,N/A,8,N/A,10,11,12,13,4 10,4 11,4 12,4 13,6 12
4 6 8 9,0.044822,16.5198,Yes,N/A,N/A,N/A,4,N/A,6,N/A,8,9,4 6,N/A,4 8,4 9,6 8,6 9,N/A,8 9,4 6 8
4 6 8 9 13,0.0130722,27.558,Yes,N/A,N/A,N/A,4,N/A,6,N/A,8,9,4 6,N/A,4 8,13,6 8,6 9,N/A,4 13,4 6 8
4 6 8 9 12,0.0175495,25.6082,Yes,N/A,N/A,N/A,4,N/A,6,N/A,8,9,4 6,N/A,12,4 9,6 8,6 9,4 12,8 9,6 12
4 6 8 9 12 13,0.00669464,36.2408,Yes,N/A,N/A,N/A,4,N/A,6,N/A,8,9,4 6,N/A,12,13,6 8,6 9,4 12,4 13,6 12
4 6 8 9 11,0.022512,22.7371,Yes,N/A,N/A,N/A,4,N/A,6,N/A,8,9,4 6,11,4 8,4 9,6 8,4 11,N/A,6 11,4 6 8
4 6 8 9 11 13,0.00849835,32.9797,Yes,N/A,N/A,N/A,4,N/A,6,N/A,8,9,4 6,11,4 8,13,6 8,4 11,N/A,4 13,4 6 8
4 6 8 9 11 12,0.0114435,30.5481,Yes,N/A,N/A,N/A,4,N/A,6,N/A,8,9,4 6,11,12,4 9,6 8,4 11,4 12,6 11,6 12
4 6 8 9 11 12 13,0.00534539,40.0682,Yes,N/A,N/A,N/A,4,N/A,6,N/A,8,9,4 6,11,12,13,6 8,4 11,4 12,4 13,6 12
4 6 8 9 10,0.0230584,23.3378,Yes,N/A,N/A,N/A,4,N/A,6,N/A,8,9,10,N/A,4 8,4 9,4 10,6 9,6 10,8 9,8 10
4 6 8 9 10 13,0.00878203,33.8727,Yes,N/A,N/A,N/A,4,N/A,6,N/A,8,9,10,N/A,4 8,13,4 10,6 9,6 10,4 13,8 10
4 6 8 9 10 12,0.010555,32.5691,Yes,N/A,N/A,N/A,4,N/A,6,N/A,8,9,10,N/A,12,4 9,4 10,6 9,4 12,8 9,6 12
4 6 8 9 10 12 13,0.00494388,42.708,Yes,N/A,N/A,N/A,4,N/A,6,N/A,8,9,10,N/A,12,13,4 10,6 9,4 12,4 13,6 12
4 6 8 9 10 11,0.0144618,28.2055,Yes,N/A,N/A,N/A,4,N/A,6,N/A,8,9,10,11,4 8,4 9,4 10,4 11,6 10,6 11,8 10
4 6 8 9 10 11 13,0.00664794,37.6598,Yes,N/A,N/A,N/A,4,N/A,6,N/A,8,9,10,11,4 8,13,4 10,4 11,6 10,4 13,8 10
4 6 8 9 10 11 12,0.00816678,35.9675,Yes,N/A,N/A,N/A,4,N/A,6,N/A,8,9,10,11,12,4 9,4 10,4 11,4 12,6 11,6 12
4 6 8 9 10 11 12 13,0.00446926,44.6671,Yes,N/A,N/A,N/A,4,N/A,6,N/A,8,9,10,11,12,13,4 10,4 11,4 12,4 13,6 12
4 6 7,0.0457926,11.7263,Yes,N/A,N/A,N/A,4,N/A,6,7,N/A,N/A,4 6,4 7,N/A,6 7,N/A,N/A,N/A,4 6 7,N/A
4 6 7 13,0.011906,23.6178,Yes,N/A,N/A,N/A,4,N/A,6,7,N/A,N/A,4 6,4 7,N/A,13,N/A,N/A,N/A,4 13,N/A
4 6 7 12,0.021445,20.239,Yes,N/A,N/A,N/A,4,N/A,6,7,N/A,N/A,4 6,4 7,12,6 7,N/A,N/A,4 12,4 6 7,6 12
4 6 7 12 13,0.00658237,31.664,Yes,N/A,N/A,N/A,4,N/A,6,7,N/A,N/A,4 6,4 7,12,13,N/A,N/A,4 12,4 13,6 12
4 6 7 11,0.0244502,20.5056,Yes,N/A,N/A,N/A,4,N/A,6,7,N/A,N/A,4 6,11,N/A,6 7,N/A,4 11,N/A,6 11,7 11
4 6 7 11 13,0.00686801,32.2919,Yes,N/A,N/A,N/A,4,N/A,6,7,N/A,N/A,4 6,11,N/A,13,N/A,4 11,N/A,4 13,7 11
4 6 7 11 12,0.0124192,28.2403,Yes,N/A,N/A,N/A,4,N/A,6,7,N/A,N/A,4 6,11,12,6 7,N/A,4 11,4 12,6 11,6 12
4 6 7 11 12 13,0.00432623,39.471,Yes,N/A,N/A,N/A,4,N/A,6,7,N/A,N/A,4 6,11,12,13,N/A,4 11,4 12,4 13,6 12
4 6 7 10,0.0342159,18.7503,Yes,N/A,N/A,N/A,4,N/A,6,7,N/A,N/A,10,4 7,N/A,6 7,4 10,N/A,6 10,7 10,N/A
4 6 7 10 13,0.00914209,30.4076,Yes,N/A,N/A,N/A,4,N/A,6,7,N/A,N/A,10,4 7,N/A,13,4 10,N/A,6 10,4 13,N/A
4 6 7 10 12,0.0154072,26.7568,Yes,N/A,N/A,N/A,4,N/A,6,7,N/A,N/A,10,4 7,12,6 7,4 10,N/A,4 12,7 10,6 12
4 6 7 10 12 13,0.00520663,37.9148,Yes,N/A,N/A,N/A,4,N/A,6,7,N/A,N/A,10,4 7,12,13,4 10,N/A,4 12,4 13,6 12
4 6 7 10 11,0.0169919,26.8102,Yes,N/A,N/A,N/A,4,N/A,6,7,N/A,N/A,10,11,N/A,6 7,4 10,4 11,6 10,6 11,7 11
4 6 7 10 11 13,0.00544598,38.3644,Yes,N/A,N/A,N/A,4,N/A,6,7,N/A,N/A,10,11,N/A,13,4 10,4 11,6 10,4 13,7 11
4 6 7 10 11 12,0.00965411,33.8005,Yes,N/A,N/A,N/A,4,N/A,6,7,N/A,N/A,10,11,12,6 7,4 10,4 11,4 12,6 11,6 12
4 6 7 10 11 12 13,0.00375021,44.7711,Yes,N/A,N/A,N/A,4,N/A,6,7,N/A,N/A,10,11,12,13,4 10,4 11,4 12,4 13,6 12
4 6 7 9,0.0442323,16.7287,Yes,N/A,N/A,N/A,4,N/A,6,7,N/A,9,4 6,4 7,N/A,4 9,N/A,6 9,7 9,4 6 7,N/A
4 6 7 9 13,0.0123869,28.1067,Yes,N/A,N/A,N/A,4,N/A,6,7,N/A,9,4 6,4 7,N/A,13,N/A,6 9,7 9,4 13,N/A
4 6 7 9 12,0.0188129,24.4218,Yes,N/A,N/A,N/A,4,N/A,6,7,N/A,9,4 6,4 7,12,4 9,N/A,6 9,4 12,4 6 7,6 12
4 6 7 9 12 13,0.0068504,35.1389,Yes,N/A,N/A,N/A,4,N/A,6,7,N/A,9,4 6,4 7,12,13,N/A,6 9,4 12,4 13,6 12
4 6 7 9 11,0.0187707,25.3559,Yes,N/A,N/A,N/A,4,N/A,6,7,N/A,9,4 6,11,N/A,4 9,N/A,4 11,7 9,6 11,7 11
4 6 7 9 11 13,0.00647271,36.6938,Yes,N/A,N/A,N/A,4,N/A,6,7,N/A,9,4 6,11,N/A,13,N/A,4 11,7 9,4 13,7 11
4 6 7 9 11 12,0.0102489,32.2065,Yes,N/A,N/A,N/A,4,N/A,6,7,N/A,9,4 6,11,12,4 9,N/A,4 11,4 12,6 11,6 12
4 6 7 9 11 12 13,0.00433248,42.7931,Yes,N/A,N/A,N/A,4,N/A,6,7,N/A,9,4 6,11,12,13,N/A,4 11,4 12,4 13,6 12
4 6 7 9 10,0.0245117,22.9117,Yes,N/A,N/A,N/A,4,N/A,6,7,N/A,9,10,4 7,N/A,4 9,4 10,6 9,6 10,7 10,N/A
4 6 7 9 10 13,0.00850356,33.9953,Yes,N/A,N/A,N/A,4,N/A,6,7,N/A,9,10,4 7,N/A,13,4 10,6 9,6 10,4 13,N/A
4 6 7 9 10 12,0.0131165,29.2997,Yes,N/A,N/A,N/A,4,N/A,6,7,N/A,9,10,4 7,12,4 9,4 10,6 9,4 12,7 10,6 12
4 6 7 9 10 12 13,0.00559459,39.4969,Yes,N/A,N/A,N/A,4,N/A,6,7,N/A,9,10,4 7,12,13,4 10,6 9,4 12,4 13,6 12
4 6 7 9 10 11,0.0131062,30.8411,Yes,N/A,N/A,N/A,4,N/A,6,7,N/A,9,10,11,N/A,4 9,4 10,4 11,6 10,6 11,7 11
4 6 7 9 10 11 13,0.00525917,41.9185,Yes,N/A,N/A,N/A,4,N/A,6,7,N/A,9,10,11,N/A,13,4 10,4 11,6 10,4 13,7 11
4 6 7 9 10 11 12,0.00846205,36.001,Yes,N/A,N/A,N/A,4,N/A,6,7,N/A,9,10,11,12,4 9,4 10,4 11,4 12,6 11,6 12
4 6 7 9 10 11 12 13,0.00405894,46.0641,Yes,N/A,N/A,N/A,4,N/A,6,7,N/A,9,10,11,12,13,4 10,4 11,4 12,4 13,6 12
4 6 7 8,0.0669284,13.7512,Yes,N/A,N/A,N/A,4,N/A,6,7,8,N/A,4 6,4 7,4 8,6 7,6 8,7 8,N/A,4 6 7,4 6 8
4 6 7 8 13,0.0179611,24.6598,Yes,N/A,N/A,N/A,4,N/A,6,7,8,N/A,4 6,4 7,4 8,13,6 8,7 8,N/A,4 13,4 6 8
4 6 7 8 12,0.0235433,22.618,Yes,N/A,N/A,N/A,4,N/A,6,7,8,N/A,4 6,4 7,12,6 7,6 8,7 8,4 12,4 6 7,6 12
4 6 7 8 12 13,0.00888306,32.766,Yes,N/A,N/A,N/A,4,N/A,6,7,8,N/A,4 6,4 7,12,13,6 8,7 8,4 12,4 13,6 12
4 6 7 8 11,0.0268617,21.8856,Yes,N/A,N/A,N/A,4,N/A,6,7,8,N/A,4 6,11,4 8,6 7,6 8,4 11,N/A,6 11,7 11
4 6 7 8 11 13,0.00904309,32.6034,Yes,N/A,N/A,N/A,4,N/A,6,7,8,N/A,4 6,11,4 8,13,6 8,4 11,N/A,4 13,7 11
4 6 7 8 11 12,0.012364,30.1554,Yes,N/A,N/A,N/A,4,N/A,6,7,8,N/A,4 6,11,12,6 7,6 8,4 11,4 12,6 11,6 12
4 6 7 8 11 12 13,0.00544839,39.9841,Yes,N/A,N/A,N/A,4,N/A,6,7,8,N/A,4 6,11,12,13,6 8,4 11,4 12,4 13,6 12
4 6 7 8 10,0.0317007,20.0772,Yes,N/A,N/A,N/A,4,N/A,6,7,8,N/A,10,4 7,4 8,6 7,4 10,7 8,6 10,7 10,8 10
4 6 7 8 10 13,0.0107645,30.6619,Yes,N/A,N/A,N/A,4,N/A,6,7,8,N/A,10,4 7,4 8,13,4 10,7 8,6 10,4 13,8 10
4 6 7 8 10 12,0.0141989,28.9123,Yes,N/A,N/A,N/A,4,N/A,6,7,8,N/A,10,4 7,12,6 7,4 10,7 8,4 12,7 10,6 12
4 6 7 8 10 12 13,0.00617542,38.7537,Yes,N/A,N/A,N/A,4,N/A,6,7,8,N/A,10,4 7,12,13,4 10,7 8,4 12,4 13,6 12
4 6 7 8 10 11,0.0173073,27.3605,Yes,N/A,N/A,N/A,4,N/A,6,7,8,N/A,10,11,4 8,6 7,4 10,4 11,6 10,6 11,7 11
4 6 7 8 10 11 13,0.00687291,37.7583,Yes,N/A,N/A,N/A,4,N/A,6,7,8,N/A,10,11,4 8,13,4 10,4 11,6 10,4 13,7 11
4 6 7 8 10 11 12,0.00937066,35.4621,Yes,N/A,N/A,N/A,4,N/A,6,7,8,N/A,10,11,12,6 7,4 10,4 11,4 12,6 11,6 12
4 6 7 8 10 11 12 13,0.00457978,45.0516,Yes,N/A,N/A,N/A,4,N/A,6,7,8,N/A,10,11,12,13,4 10,4 11,4 12,4 13,6 12
4 6 7 8 9,0.038052,17.1172,Yes,N/A,N/A,N/A,4,N/A,6,7,8,9,4 6,4 7,4 8,4 9,6 8,6 9,7 9,8 9,4 6 8
4 6 7 8 9 13,0.0135755,27.3091,Yes,N/A,N/A,N/A,4,N/A,6,7,8,9,4 6,4 7,4 8,13,6 8,6 9,7 9,4 13,4 6 8
4 6 7 8 9 12,0.0177211,25.1863,Yes,N/A,N/A,N/A,4,N/A,6,7,8,9,4 6,4 7,12,4 9,6 8,6 9,4 12,8 9,6 12
4 6 7 8 9 12 13,0.00787278,34.6324,Yes,N/A,N/A,N/A,4,N/A,6,7,8,9,4 6,4 7,12,13,6 8,6 9,4 12,4 13,6 12
4 6 7 8 9 11,0.0203339,24.0157,Yes,N/A,N/A,N/A,4,N/A,6,7,8,9,4 6,11,4 8,4 9,6 8,4 11,7 9,6 11,7 11
4 6 7 8 9 11 13,0.00847049,33.8677,Yes,N/A,N/A,N/A,4,N/A,6,7,8,9,4 6,11,4 8,13,6 8,4 11,7 9,4 13,7 11
4 6 7 8 9 11 12,0.0111606,31.2643,Yes,N/A,N/A,N/A,4,N/A,6,7,8,9,4 6,11,12,4 9,6 8,4 11,4 12,6 11,6 12
4 6 7 8 9 11 12 13,0.00563723,40.246,Yes,N/A,N/A,N/A,4,N/A,6,7,8,9,4 6,11,12,13,6 8,4 11,4 12,4 13,6 12
4 6 7 8 9 10,0.0242664,22.4387,Yes,N/A,N/A,N/A,4,N/A,6,7,8,9,10,4 7,4 8,4 9,4 10,6 9,6 10,7 10,8 10
4 6 7 8 9 10 13,0.0100196,32.1496,Yes,N/A,N/A,N/A,4,N/A,6,7,8,9,10,4 7,4 8,13,4 10,6 9,6 10,4 13,8 10
4 6 7 8 9 10 12,0.0130391,29.6545,Yes,N/A,N/A,N/A,4,N/A,6,7,8,9,10,4 7,12,4 9,4 10,6 9,4 12,7 10,6 12
4 6 7 8 9 10 12 13,0.00654926,38.4296,Yes,N/A,N/A,N/A,4,N/A,6,7,8,9,10,4 7,12,13,4 10,6 9,4 12,4 13,6 12
4 6 7 8 9 10 11,0.0148492,28.4058,Yes,N/A,N/A,N/A,4,N/A,6,7,8,9,10,11,4 8,4 9,4 10,4 11,6 10,6 11,7 11
4 6 7 8 9 10 11 13,0.0070752,37.7919,Yes,N/A,N/A,N/A,4,N/A,6,7,8,9,10,11,4 8,13,4 10,4 11,6 10,4 13,7 11
4 6 7 8 9 10 11 12,0.00939243,34.4476,Yes,N/A,N/A,N/A,4,N/A,6,7,8,9,10,11,12,4 9,4 10,4 11,4 12,6 11,6 12
4 6 7 8 9 10 11 12 13,0.00527419,42.8296,Yes,N/A,N/A,N/A,4,N/A,6,7,8,9,10,11,12,13,4 10,4 11,4 12,4 13,6 12
4 5,0.116512,7.76042,Yes,N/A,N/A,N/A,4,5,N/A,N/A,N/A,4 5,N/A,N/A,N/A,N/A,N/A,N/A,N/A,N/A,N/A
4 5 13,0.0236304,18.8464,Yes,N/A,N/A,N/A,4,5,N/A,N/A,N/A,4 5,N/A,N/A,N/A,13,N/A,N/A,N/A,4 13,5 13
4 5 12,0.0289888,17.3072,Yes,N/A,N/A,N/A,4,5,N/A,N/A,N/A,4 5,N/A,N/A,12,N/A,N/A,N/A,4 12,5 12,N/A
4 5 12 13,0.00920627,28.0502,Yes,N/A,N/A,N/A,4,5,N/A,N/A,N/A,4 5,N/A,N/A,12,13,N/A,N/A,4 12,4 13,5 13
4 5 11,0.0325682,15.8402,Yes,N/A,N/A,N/A,4,5,N/A,N/A,N/A,4 5,N/A,11,N/A,N/A,N/A,4 11,5 11,N/A,N/A
4 5 11 13,0.011065,26.2078,Yes,N/A,N/A,N/A,4,5,N/A,N/A,N/A,4 5,N/A,11,N/A,13,N/A,4 11,5 11,4 13,5 13
4 5 11 12,0.0140336,24.9678,Yes,N/A,N/A,N/A,4,5,N/A,N/A,N/A,4 5,N/A,11,12,N/A,N/A,4 11,4 12,5 12,N/A
4 5 11 12 13,0.00577922,34.8405,Yes,N/A,N/A,N/A,4,5,N/A,N/A,N/A,4 5,N/A,11,12,13,N/A,4 11,4 12,4 13,5 13
4 5 10,0.0343686,14.4418,Yes,N/A,N/A,N/A,4,5,N/A,N/A,N/A,4 5,10,N/A,N/A,N/A,4 10,5 10,N/A,N/A,N/A
4 5 10 13,0.0123189,24.7074,Yes,N/A,N/A,N/A,4,5,N/A,N/A,N/A,4 5,10,N/A,N/A,13,4 10,5 10,N/A,4 13,5 13
4 5 10 12,0.0171914,22.9467,Yes,N/A,N/A,N/A,4,5,N/A,N/A,N/A,4 5,10,N/A,12,N/A,4 10,5 10,4 12,5 12,N/A
4 5 10 12 13,0.00704955,32.5756,Yes,N/A,N/A,N/A,4,5,N/A,N/A,N/A,4 5,10,N/A,12,13,4 10,5 10,4 12,4 13,5 13
4 5 10 11,0.0200189,22.088,Yes,N/A,N/A,N/A,4,5,N/A,N/A,N/A,4 5,10,11,N/A,N/A,4 10,4 11,5 11,N/A,N/A
4 5 10 11 13,0.00839723,31.3758,Yes,N/A,N/A,N/A,4,5,N/A,N/A,N/A,4 5,10,11,N/A,13,4 10,4 11,5 11,4 13,5 13
4 5 10 11 12,0.0105986,29.9796,Yes,N/A,N/A,N/A,4,5,N/A,N/A,N/A,4 5,10,11,12,N/A,4 10,4 11,4 12,5 12,N/A
4 5 10 11 12 13,0.00523148,38.3788,Yes,N/A,N/A,N/A,4,5,N/A,N/A,N/A,4 5,10,11,12,13,4 10,4 11,4 12,4 13,5 13
4 5 9,0.0256237,14.1869,Yes,N/A,N/A,N/A,4,5,N/A,N/A,N/A,9,N/A,N/A,N/A,4 9,5 9,N/A,N/A,N/A,4 5 9
4 5 9 13,0.00850343,26.1801,Yes,N/A,N/A,N/A,4,5,N/A,N/A,N/A,9,N/A,N/A,N/A,13,5 9,N/A,N/A,4 13,5 13
4 5 9 12,0.0156207,22.8985,Yes,N/A,N/A,N/A,4,5,N/A,N/A,N/A,9,N/A,N/A,12,4 9,5 9,N/A,4 12,5 12,4 5 9
4 5 9 12 13,0.00540859,34.7157,Yes,N/A,N/A,N/A,4,5,N/A,N/A,N/A,9,N/A,N/A,12,13,5 9,N/A,4 12,4 13,5 13
4 5 9 11,0.0220559,21.2437,Yes,N/A,N/A,N/A,4,5,N/A,N/A,N/A,9,N/A,11,N/A,4 9,5 9,4 11,5 11,N/A,4 5 9
4 5 9 11 13,0.00744245,32.6289,Yes,N/A,N/A,N/A,4,5,N/A,N/A,N/A,9,N/A,11,N/A,13,5 9,4 11,5 11,4 13,5 13
4 5 9 11 12,0.0115656,29.2143,Yes,N/A,N/A,N/A,4,5,N/A,N/A,N/A,9,N/A,11,12,4 9,5 9,4 11,4 12,5 12,4 5 9
4 5 9 11 12 13,0.00476581,40.2716,Yes,N/A,N/A,N/A,4,5,N/A,N/A,N/A,9,N/A,11,12,13,5 9,4 11,4 12,4 13,5 13
4 5 9 10,0.0244333,20.8031,Yes,N/A,N/A,N/A,4,5,N/A,N/A,N/A,9,10,N/A,N/A,4 9,4 10,5 10,N/A,N/A,4 5 9
4 5 9 10 13,0.00765996,32.32,Yes,N/A,N/A,N/A,4,5,N/A,N/A,N/A,9,10,N/A,N/A,13,4 10,5 10,N/A,4 13,5 13
4 5 9 10 12,0.0134682,28.245,Yes,N/A,N/A,N/A,4,5,N/A,N/A,N/A,9,10,N/A,12,4 9,4 10,5 10,4 12,5 12,4 5 9
4 5 9 10 12 13,0.00521064,39.3811,Yes,N/A,N/A,N/A,4,5,N/A,N/A,N/A,9,10,N/A,12,13,4 10,5 10,4 12,4 13,5 13
4 5 9 10 11,0.0154582,27.3672,Yes,N/A,N/A,N/A,4,5,N/A,N/A,N/A,9,10,11,N/A,4 9,4 10,4 11,5 11,N/A,4 5 9
4 5 9 10 11 13,0.00620531,38.0743,Yes,N/A,N/A,N/A,4,5,N/A,N/A,N/A,9,10,11,N/A,13,4 10,4 11,5 11,4 13,5 13
4 5 9 10 11 12,0.00941633,33.812,Yes,N/A,N/A,N/A,4,5,N/A,N/A,N/A,9,10,11,12,4 9,4 10,4 11,4 12,5 12,4 5 9
4 5 9 10 11 12 13,0.00450936,43.9066,Yes,N/A,N/A,N/A,4,5,N/A,N/A,N/A,9,10,11,12,13,4 10,4 11,4 12,4 13,5 13
4 5 8,0.0457497,11.7723,Yes,N/A,N/A,N/A,4,5,N/A,N/A,8,4 5,N/A,N/A,4 8,5 8,N/A,N/A,N/A,4 5 8,N/A
4 5 8 13,0.0129556,23.5646,Yes,N/A,N/A,N/A,4,5,N/A,N/A,8,4 5,N/A,N/A,4 8,13,N/A,N/A,N/A,4 13,5 13
4 5 8 12,0.0191514,21.9833,Yes,N/A,N/A,N/A,4,5,N/A,N/A,8,4 5,N/A,N/A,12,5 8,N/A,N/A,4 12,5 12,N/A
4 5 8 12 13,0.0060745,33.7015,Yes,N/A,N/A,N/A,4,5,N/A,N/A,8,4 5,N/A,N/A,12,13,N/A,N/A,4 12,4 13,5 13
4 5 8 11,0.0318555,18.4191,Yes,N/A,N/A,N/A,4,5,N/A,N/A,8,4 5,N/A,11,4 8,5 8,N/A,4 11,5 11,4 5 8,N/A
4 5 8 11 13,0.00993479,29.5515,Yes,N/A,N/A,N/A,4,5,N/A,N/A,8,4 5,N/A,11,4 8,13,N/A,4 11,5 11,4 13,5 13
4 5 8 11 12,0.0133985,28.2659,Yes,N/A,N/A,N/A,4,5,N/A,N/A,8,4 5,N/A,11,12,5 8,N/A,4 11,4 12,5 12,N/A
4 5 8 11 12 13,0.00495945,39.316,Yes,N/A,N/A,N/A,4,5,N/A,N/A,8,4 5,N/A,11,12,13,N/A,4 11,4 12,4 13,5 13
4 5 8 10,0.0422507,16.7649,Yes,N/A,N/A,N/A,4,5,N/A,N/A,8,4 5,10,N/A,4 8,5 8,4 10,5 10,N/A,4 5 8,8 10
4 5 8 10 13,0.0124774,27.8671,Yes,N/A,N/A,N/A,4,5,N/A,N/A,8,4 5,10,N/A,4 8,13,4 10,5 10,N/A,4 13,5 13
4 5 8 10 12,0.0174721,25.8575,Yes,N/A,N/A,N/A,4,5,N/A,N/A,8,4 5,10,N/A,12,5 8,4 10,5 10,4 12,5 12,8 10
4 5 8 10 12 13,0.00633029,36.7352,Yes,N/A,N/A,N/A,4,5,N/A,N/A,8,4 5,10,N/A,12,13,4 10,5 10,4 12,4 13,5 13
4 5 8 10 11,0.0242133,22.371,Yes,N/A,N/A,N/A,4,5,N/A,N/A,8,4 5,10,11,4 8,5 8,4 10,4 11,5 11,4 5 8,8 10
4 5 8 10 11 13,0.00898936,32.5796,Yes,N/A,N/A,N/A,4,5,N/A,N/A,8,4 5,10,11,4 8,13,4 10,4 11,5 11,4 13,5 13
4 5 8 10 11 12,0.0121235,30.7869,Yes,N/A,N/A,N/A,4,5,N/A,N/A,8,4 5,10,11,12,5 8,4 10,4 11,4 12,5 12,8 10
4 5 8 10 11 12 13,0.0052448,40.7313,Yes,N/A,N/A,N/A,4,5,N/A,N/A,8,4 5,10,11,12,13,4 10,4 11,4 12,4 13,5 13
4 5 8 9,0.0386818,18.1964,Yes,N/A,N/A,N/A,4,5,N/A,N/A,8,9,N/A,N/A,4 8,4 9,5 9,N/A,N/A,8 9,4 5 9
4 5 8 9 13,0.0110075,29.943,Yes,N/A,N/A,N/A,4,5,N/A,N/A,8,9,N/A,N/A,4 8,13,5 9,N/A,N/A,4 13,5 13
4 5 8 9 12,0.0146514,28.0029,Yes,N/A,N/A,N/A,4,5,N/A,N/A,8,9,N/A,N/A,12,4 9,5 9,N/A,4 12,5 12,4 5 9
4 5 8 9 12 13,0.00510097,39.7662,Yes,N/A,N/A,N/A,4,5,N/A,N/A,8,9,N/A,N/A,12,13,5 9,N/A,4 12,4 13,5 13
4 5 8 9 11,0.0240067,23.5074,Yes,N/A,N/A,N/A,4,5,N/A,N/A,8,9,N/A,11,4 8,4 9,5 9,4 11,5 11,8 9,4 5 9
4 5 8 9 11 13,0.00877178,34.4222,Yes,N/A,N/A,N/A,4,5,N/A,N/A,8,9,N/A,11,4 8,13,5 9,4 11,5 11,4 13,5 13
4 5 8 9 11 12,0.0110955,32.7719,Yes,N/A,N/A,N/A,4,5,N/A,N/A,8,9,N/A,11,12,4 9,5 9,4 11,4 12,5 12,4 5 9
4 5 8 9 11 12 13,0.00475549,43.6562,Yes,N/A,N/A,N/A,4,5,N/A,N/A,8,9,N/A,11,12,13,5 9,4 11,4 12,4 13,5 13
4 5 8 9 10,0.0255261,23.1198,Yes,N/A,N/A,N/A,4,5,N/A,N/A,8,9,10,N/A,4 8,4 9,4 10,5 10,N/A,8 9,8 10
4 5 8 9 10 13,0.00902385,34.2756,Yes,N/A,N/A,N/A,4,5,N/A,N/A,8,9,10,N/A,4 8,13,4 10,5 10,N/A,4 13,5 13
4 5 8 9 10 12,0.0125377,31.6707,Yes,N/A,N/A,N/A,4,5,N/A,N/A,8,9,10,N/A,12,4 9,4 10,5 10,4 12,5 12,8 10
4 5 8 9 10 12 13,0.00518724,42.7409,Yes,N/A,N/A,N/A,4,5,N/A,N/A,8,9,10,N/A,12,13,4 10,5 10,4 12,4 13,5 13
4 5 8 9 10 11,0.0174473,27.2699,Yes,N/A,N/A,N/A,4,5,N/A,N/A,8,9,10,11,4 8,4 9,4 10,4 11,5 11,8 9,8 10
4 5 8 9 10 11 13,0.00758339,37.3029,Yes,N/A,N/A,N/A,4,5,N/A,N/A,8,9,10,11,4 8,13,4 10,4 11,5 11,4 13,5 13
4 5 8 9 10 11 12,0.00996353,34.9414,Yes,N/A,N/A,N/A,4,5,N/A,N/A,8,9,10,11,12,4 9,4 10,4 11,4 12,5 12,8 10
4 5 8 9 10 11 12 13,0.00493546,44.8143,Yes,N/A,N/A,N/A,4,5,N/A,N/A,8,9,10,11,12,13,4 10,4 11,4 12,4 13,5 13
4 5 7,0.0541731,10.8215,Yes,N/A,N/A,N/A,4,5,N/A,7,N/A,4 5,N/A,4 7,5 7,N/A,N/A,N/A,4 5 7,N/A,N/A
4 5 7 13,0.0176755,20.9364,Yes,N/A,N/A,N/A,4,5,N/A,7,N/A,4 5,N/A,4 7,5 7,13,N/A,N/A,4 5 7,4 13,5 13
4 5 7 12,0.0189296,21.275,Yes,N/A,N/A,N/A,4,5,N/A,7,N/A,4 5,N/A,4 7,12,N/A,N/A,N/A,4 12,5 12,N/A
4 5 7 12 13,0.00719868,31.1834,Yes,N/A,N/A,N/A,4,5,N/A,7,N/A,4 5,N/A,4 7,12,13,N/A,N/A,4 12,4 13,5 13
4 5 7 11,0.0280564,19.5596,Yes,N/A,N/A,N/A,4,5,N/A,7,N/A,4 5,N/A,11,5 7,N/A,N/A,4 11,5 11,N/A,7 11
4 5 7 11 13,0.0107663,29.0498,Yes,N/A,N/A,N/A,4,5,N/A,7,N/A,4 5,N/A,11,5 7,13,N/A,4 11,5 11,4 13,5 13
4 5 7 11 12,0.00997324,29.8435,Yes,N/A,N/A,N/A,4,5,N/A,7,N/A,4 5,N/A,11,12,N/A,N/A,4 11,4 12,5 12,7 11
4 5 7 11 12 13,0.00467274,39.099,Yes,N/A,N/A,N/A,4,5,N/A,7,N/A,4 5,N/A,11,12,13,N/A,4 11,4 12,4 13,5 13
4 5 7 10,0.0488308,15.6857,Yes,N/A,N/A,N/A,4,5,N/A,7,N/A,4 5,10,4 7,5 7,N/A,4 10,5 10,4 5 7,7 10,N/A
4 5 7 10 13,0.0171599,24.6766,Yes,N/A,N/A,N/A,4,5,N/A,7,N/A,4 5,10,4 7,5 7,13,4 10,5 10,4 5 7,4 13,5 13
4 5 7 10 12,0.0172848,25.4086,Yes,N/A,N/A,N/A,4,5,N/A,7,N/A,4 5,10,4 7,12,N/A,4 10,5 10,4 12,5 12,N/A
4 5 7 10 12 13,0.00773185,33.6917,Yes,N/A,N/A,N/A,4,5,N/A,7,N/A,4 5,10,4 7,12,13,4 10,5 10,4 12,4 13,5 13
4 5 7 10 11,0.0223396,23.928,Yes,N/A,N/A,N/A,4,5,N/A,7,N/A,4 5,10,11,5 7,N/A,4 10,4 11,5 11,7 10,7 11
4 5 7 10 11 13,0.0100603,32.0713,Yes,N/A,N/A,N/A,4,5,N/A,7,N/A,4 5,10,11,5 7,13,4 10,4 11,5 11,4 13,5 13
4 5 7 10 11 12,0.00927628,33.5475,Yes,N/A,N/A,N/A,4,5,N/A,7,N/A,4 5,10,11,12,N/A,4 10,4 11,4 12,5 12,7 11
4 5 7 10 11 12 13,0.00506187,40.8809,Yes,N/A,N/A,N/A,4,5,N/A,7,N/A,4 5,10,11,12,13,4 10,4 11,4 12,4 13,5 13
4 5 7 9,0.0549236,15.7501,Yes,N/A,N/A,N/A,4,5,N/A,7,N/A,9,N/A,4 7,5 7,4 9,5 9,N/A,7 9,N/A,4 5 9
4 5 7 9 13,0.015384,26.7446,Yes,N/A,N/A,N/A,4,5,N/A,7,N/A,9,N/A,4 7,5 7,13,5 9,N/A,7 9,4 13,5 13
4 5 7 9 12,0.0186717,25.5212,Yes,N/A,N/A,N/A,4,5,N/A,7,N/A,9,N/A,4 7,12,4 9,5 9,N/A,4 12,5 12,4 5 9
4 5 7 9 12 13,0.00718874,36.3151,Yes,N/A,N/A,N/A,4,5,N/A,7,N/A,9,N/A,4 7,12,13,5 9,N/A,4 12,4 13,5 13
4 5 7 9 11,0.0246523,23.5262,Yes,N/A,N/A,N/A,4,5,N/A,7,N/A,9,N/A,11,5 7,4 9,5 9,4 11,5 11,N/A,7 11
4 5 7 9 11 13,0.00905705,34.0994,Yes,N/A,N/A,N/A,4,5,N/A,7,N/A,9,N/A,11,5 7,13,5 9,4 11,5 11,4 13,5 13
4 5 7 9 11 12,0.0101953,33.0312,Yes,N/A,N/A,N/A,4,5,N/A,7,N/A,9,N/A,11,12,4 9,5 9,4 11,4 12,5 12,7 11
4 5 7 9 11 12 13,0.00475554,43.3859,Yes,N/A,N/A,N/A,4,5,N/A,7,N/A,9,N/A,11,12,13,5 9,4 11,4 12,4 13,5 13
4 5 7 9 10,0.0337522,19.8497,Yes,N/A,N/A,N/A,4,5,N/A,7,N/A,9,10,4 7,5 7,4 9,4 10,5 10,7 9,7 10,4 5 9
4 5 7 9 10 13,0.0126037,30.0707,Yes,N/A,N/A,N/A,4,5,N/A,7,N/A,9,10,4 7,5 7,13,4 10,5 10,7 9,4 13,5 13
4 5 7 9 10 12,0.0145721,28.8423,Yes,N/A,N/A,N/A,4,5,N/A,7,N/A,9,10,4 7,12,4 9,4 10,5 10,4 12,5 12,4 5 9
4 5 7 9 10 12 13,0.00684024,38.3726,Yes,N/A,N/A,N/A,4,5,N/A,7,N/A,9,10,4 7,12,13,4 10,5 10,4 12,4 13,5 13
4 5 7 9 10 11,0.0188151,27.0125,Yes,N/A,N/A,N/A,4,5,N/A,7,N/A,9,10,11,5 7,4 9,4 10,4 11,5 11,7 10,7 11
4 5 7 9 10 11 13,0.00845246,36.727,Yes,N/A,N/A,N/A,4,5,N/A,7,N/A,9,10,11,5 7,13,4 10,4 11,5 11,4 13,5 13
4 5 7 9 10 11 12,0.00919383,35.8505,Yes,N/A,N/A,N/A,4,5,N/A,7,N/A,9,10,11,12,4 9,4 10,4 11,4 12,5 12,7 11
4 5 7 9 10 11 12 13,0.00501623,44.7989,Yes,N/A,N/A,N/A,4,5,N/A,7,N/A,9,10,11,12,13,4 10,4 11,4 12,4 13,5 13
4 5 7 8,0.0651595,13.9855,Yes,N/A,N/A,N/A,4,5,N/A,7,8,4 5,N/A,4 7,4 8,5 8,N/A,7 8,4 5 7,4 5 8,N/A
4 5 7 8 13,0.0176559,24.9626,Yes,N/A,N/A,N/A,4,5,N/A,7,8,4 5,N/A,4 7,4 8,13,N/A,7 8,4 5 7,4 13,5 13
4 5 7 8 12,0.022764,23.6788,Yes,N/A,N/A,N/A,4,5,N/A,7,8,4 5,N/A,4 7,12,5 8,N/A,7 8,4 12,5 12,N/A
4 5 7 8 12 13,0.0077765,34.558,Yes,N/A,N/A,N/A,4,5,N/A,7,8,4 5,N/A,4 7,12,13,N/A,7 8,4 12,4 13,5 13
4 5 7 8 11,0.0255899,22.3149,Yes,N/A,N/A,N/A,4,5,N/A,7,8,4 5,N/A,11,4 8,5 8,N/A,4 11,5 11,4 5 8,7 11
4 5 7 8 11 13,0.00978763,32.7919,Yes,N/A,N/A,N/A,4,5,N/A,7,8,4 5,N/A,11,4 8,13,N/A,4 11,5 11,4 13,5 13
4 5 7 8 11 12,0.0111367,31.8955,Yes,N/A,N/A,N/A,4,5,N/A,7,8,4 5,N/A,11,12,5 8,N/A,4 11,4 12,5 12,7 11
4 5 7 8 11 12 13,0.00495045,42.3251,Yes,N/A,N/A,N/A,4,5,N/A,7,8,4 5,N/A,11,12,13,N/A,4 11,4 12,4 13,5 13
4 5 7 8 10,0.0385642,17.5152,Yes,N/A,N/A,N/A,4,5,N/A,7,8,4 5,10,4 7,4 8,5 8,4 10,5 10,4 5 7,7 10,8 10
4 5 7 8 10 13,0.013928,27.5352,Yes,N/A,N/A,N/A,4,5,N/A,7,8,4 5,10,4 7,4 8,13,4 10,5 10,4 5 7,4 13,5 13
4 5 7 8 10 12,0.0175681,25.9538,Yes,N/A,N/A,N/A,4,5,N/A,7,8,4 5,10,4 7,12,5 8,4 10,5 10,4 12,5 12,8 10
4 5 7 8 10 12 13,0.00748488,35.6702,Yes,N/A,N/A,N/A,4,5,N/A,7,8,4 5,10,4 7,12,13,4 10,5 10,4 12,4 13,5 13
4 5 7 8 10 11,0.0206281,24.407,Yes,N/A,N/A,N/A,4,5,N/A,7,8,4 5,10,11,4 8,5 8,4 10,4 11,5 11,7 10,7 11
4 5 7 8 10 11 13,0.00930679,33.5067,Yes,N/A,N/A,N/A,4,5,N/A,7,8,4 5,10,11,4 8,13,4 10,4 11,5 11,4 13,5 13
4 5 7 8 10 11 12,0.0107153,32.5008,Yes,N/A,N/A,N/A,4,5,N/A,7,8,4 5,10,11,12,5 8,4 10,4 11,4 12,5 12,7 11
4 5 7 8 10 11 12 13,0.00552978,41.2855,Yes,N/A,N/A,N/A,4,5,N/A,7,8,4 5,10,11,12,13,4 10,4 11,4 12,4 13,5 13
4 5 7 8 9,0.0367316,18.5052,Yes,N/A,N/A,N/A,4,5,N/A,7,8,9,N/A,4 7,4 8,4 9,5 9,7 8,7 9,8 9,4 5 9
4 5 7 8 9 13,0.0131708,29.2316,Yes,N/A,N/A,N/A,4,5,N/A,7,8,9,N/A,4 7,4 8,13,5 9,7 8,7 9,4 13,5 13
4 5 7 8 9 12,0.0165743,27.7379,Yes,N/A,N/A,N/A,4,5,N/A,7,8,9,N/A,4 7,12,4 9,5 9,7 8,4 12,5 12,4 5 9
4 5 7 8 9 12 13,0.00706828,38.2502,Yes,N/A,N/A,N/A,4,5,N/A,7,8,9,N/A,4 7,12,13,5 9,7 8,4 12,4 13,5 13
4 5 7 8 9 11,0.0204832,25.9333,Yes,N/A,N/A,N/A,4,5,N/A,7,8,9,N/A,11,4 8,4 9,5 9,4 11,5 11,8 9,7 11
4 5 7 8 9 11 13,0.00885223,36.1198,Yes,N/A,N/A,N/A,4,5,N/A,7,8,9,N/A,11,4 8,13,5 9,4 11,5 11,4 13,5 13
4 5 7 8 9 11 12,0.0103003,35.0115,Yes,N/A,N/A,N/A,4,5,N/A,7,8,9,N/A,11,12,4 9,5 9,4 11,4 12,5 12,7 11
4 5 7 8 9 11 12 13,0.00519079,45.0485,Yes,N/A,N/A,N/A,4,5,N/A,7,8,9,N/A,11,12,13,5 9,4 11,4 12,4 13,5 13
4 5 7 8 9 10,0.0282153,21.4949,Yes,N/A,N/A,N/A,4,5,N/A,7,8,9,10,4 7,4 8,4 9,4 10,5 10,7 9,7 10,8 10
4 5 7 8 9 10 13,0.0118586,31.1129,Yes,N/A,N/A,N/A,4,5,N/A,7,8,9,10,4 7,4 8,13,4 10,5 10,7 9,4 13,5 13
4 5 7 8 9 10 12,0.0144451,29.4867,Yes,N/A,N/A,N/A,4,5,N/A,7,8,9,10,4 7,12,4 9,4 10,5 10,4 12,5 12,8 10
4 5 7 8 9 10 12 13,0.00714411,38.6947,Yes,N/A,N/A,N/A,4,5,N/A,7,8,9,10,4 7,12,13,4 10,5 10,4 12,4 13,5 13
4 5 7 8 9 10 11,0.017629,27.2355,Yes,N/A,N/A,N/A,4,5,N/A,7,8,9,10,11,4 8,4 9,4 10,4 11,5 11,7 10,7 11
4 5 7 8 9 10 11 13,0.00883313,35.9526,Yes,N/A,N/A,N/A,4,5,N/A,7,8,9,10,11,4 8,13,4 10,4 11,5 11,4 13,5 13
4 5 7 8 9 10 11 12,0.0102301,34.7764,Yes,N/A,N/A,N/A,4,5,N/A,7,8,9,10,11,12,4 9,4 10,4 11,4 12,5 12,7 11
4 5 7 8 9 10 11 12 13,0.00586889,43.1063,Yes,N/A,N/A,N/A,4,5,N/A,7,8,9,10,11,12,13,4 10,4 11,4 12,4 13,5 13
4 5 6,0.0675369,9.98358,Yes,N/A,N/A,N/A,4,5,6,N/A,N/A,4 5,4 6,5 6,N/A,N/A,N/A,4 5 6,N/A,N/A,N/A
4 5 6 13,0.0199623,20.1342,Yes,N/A,N/A,N/A,4,5,6,N/A,N/A,4 5,4 6,5 6,N/A,13,N/A,4 5 6,N/A,4 13,5 13
4 5 6 12,0.0298713,18.2733,Yes,N/A,N/A,N/A,4,5,6,N/A,N/A,4 5,4 6,5 6,12,N/A,N/A,4 5 6,4 12,5 12,6 12
4 5 6 12 13,0.0107485,27.804,Yes,N/A,N/A,N/A,4,5,6,N/A,N/A,4 5,4 6,5 6,12,13,N/A,4 5 6,4 12,4 13,5 13
4 5 6 11,0.0295576,18.8779,Yes,N/A,N/A,N/A,4,5,6,N/A,N/A,4 5,4 6,11,N/A,N/A,N/A,4 11,5 11,6 11,N/A
4 5 6 11 13,0.0104041,28.6649,Yes,N/A,N/A,N/A,4,5,6,N/A,N/A,4 5,4 6,11,N/A,13,N/A,4 11,5 11,4 13,5 13
4 5 6 11 12,0.0135024,27.1577,Yes,N/A,N/A,N/A,4,5,6,N/A,N/A,4 5,4 6,11,12,N/A,N/A,4 11,4 12,5 12,6 12
4 5 6 11 12 13,0.00598057,36.0396,Yes,N/A,N/A,N/A,4,5,6,N/A,N/A,4 5,4 6,11,12,13,N/A,4 11,4 12,4 13,5 13
4 5 6 10,0.0428205,16.9928,Yes,N/A,N/A,N/A,4,5,6,N/A,N/A,4 5,10,5 6,N/A,N/A,4 10,5 10,6 10,N/A,N/A
4 5 6 10 13,0.0151439,26.2457,Yes,N/A,N/A,N/A,4,5,6,N/A,N/A,4 5,10,5 6,N/A,13,4 10,5 10,6 10,4 13,5 13
4 5 6 10 12,0.0195619,24.6454,Yes,N/A,N/A,N/A,4,5,6,N/A,N/A,4 5,10,5 6,12,N/A,4 10,5 10,4 12,5 12,6 12
4 5 6 10 12 13,0.00870899,33.0355,Yes,N/A,N/A,N/A,4,5,6,N/A,N/A,4 5,10,5 6,12,13,4 10,5 10,4 12,4 13,5 13
4 5 6 10 11,0.0165324,25.9136,Yes,N/A,N/A,N/A,4,5,6,N/A,N/A,4 5,10,11,N/A,N/A,4 10,4 11,5 11,6 11,N/A
4 5 6 10 11 13,0.00738634,34.7883,Yes,N/A,N/A,N/A,4,5,6,N/A,N/A,4 5,10,11,N/A,13,4 10,4 11,5 11,4 13,5 13
4 5 6 10 11 12,0.00940926,33.1831,Yes,N/A,N/A,N/A,4,5,6,N/A,N/A,4 5,10,11,12,N/A,4 10,4 11,4 12,5 12,6 12
4 5 6 10 11 12 13,0.00502143,40.7524,Yes,N/A,N/A,N/A,4,5,6,N/A,N/A,4 5,10,11,12,13,4 10,4 11,4 12,4 13,5 13
4 5 6 9,0.0594644,14.9624,Yes,N/A,N/A,N/A,4,5,6,N/A,N/A,9,4 6,5 6,N/A,4 9,5 9,6 9,N/A,N/A,4 5 9
4 5 6 9 13,0.0163633,25.9465,Yes,N/A,N/A,N/A,4,5,6,N/A,N/A,9,4 6,5 6,N/A,13,5 9,6 9,N/A,4 13,5 13
4 5 6 9 12,0.0266075,21.8119,Yes,N/A,N/A,N/A,4,5,6,N/A,N/A,9,4 6,5 6,12,4 9,5 9,6 9,4 12,5 12,6 12
4 5 6 9 12 13,0.00970515,32.2042,Yes,N/A,N/A,N/A,4,5,6,N/A,N/A,9,4 6,5 6,12,13,5 9,6 9,4 12,4 13,5 13
4 5 6 9 11,0.023787,22.9249,Yes,N/A,N/A,N/A,4,5,6,N/A,N/A,9,4 6,11,N/A,4 9,5 9,4 11,5 11,6 11,4 5 9
4 5 6 9 11 13,0.00920082,33.5549,Yes,N/A,N/A,N/A,4,5,6,N/A,N/A,9,4 6,11,N/A,13,5 9,4 11,5 11,4 13,5 13
4 5 6 9 11 12,0.0132766,29.5985,Yes,N/A,N/A,N/A,4,5,6,N/A,N/A,9,4 6,11,12,4 9,5 9,4 11,4 12,5 12,6 12
4 5 6 9 11 12 13,0.00622595,39.2163,Yes,N/A,N/A,N/A,4,5,6,N/A,N/A,9,4 6,11,12,13,5 9,4 11,4 12,4 13,5 13
4 5 6 9 10,0.0288174,21.8477,Yes,N/A,N/A,N/A,4,5,6,N/A,N/A,9,10,5 6,N/A,4 9,4 10,5 10,6 10,N/A,4 5 9
4 5 6 9 10 13,0.0105703,32.4978,Yes,N/A,N/A,N/A,4,5,6,N/A,N/A,9,10,5 6,N/A,13,4 10,5 10,6 10,4 13,5 13
4 5 6 9 10 12,0.0166314,27.9286,Yes,N/A,N/A,N/A,4,5,6,N/A,N/A,9,10,5 6,12,4 9,4 10,5 10,4 12,5 12,6 12
4 5 6 9 10 12 13,0.00738692,37.8859,Yes,N/A,N/A,N/A,4,5,6,N/A,N/A,9,10,5 6,12,13,4 10,5 10,4 12,4 13,5 13
4 5 6 9 10 11,0.0139979,30.1864,Yes,N/A,N/A,N/A,4,5,6,N/A,N/A,9,10,11,N/A,4 9,4 10,4 11,5 11,6 11,4 5 9
4 5 6 9 10 11 13,0.0063856,40.5388,Yes,N/A,N/A,N/A,4,5,6,N/A,N/A,9,10,11,N/A,13,4 10,4 11,5 11,4 13,5 13
4 5 6 9 10 11 12,0.00930376,35.7352,Yes,N/A,N/A,N/A,4,5,6,N/A,N/A,9,10,11,12,4 9,4 10,4 11,4 12,5 12,6 12
4 5 6 9 10 11 12 13,0.00500867,44.8589,Yes,N/A,N/A,N/A,4,5,6,N/A,N/A,9,10,11,12,13,4 10,4 11,4 12,4 13,5 13
4 5 6 8,0.0874956,11.2074,Yes,N/A,N/A,N/A,4,5,6,N/A,8,4 5,4 6,5 6,4 8,5 8,6 8,4 5 6,N/A,4 5 8,4 6 8
4 5 6 8 13,0.0243801,21.7713,Yes,N/A,N/A,N/A,4,5,6,N/A,8,4 5,4 6,5 6,4 8,13,6 8,4 5 6,N/A,4 13,5 13
4 5 6 8 12,0.0308159,19.7232,Yes,N/A,N/A,N/A,4,5,6,N/A,8,4 5,4 6,5 6,12,5 8,6 8,4 5 6,4 12,5 12,6 12
4 5 6 8 12 13,0.0111624,29.8725,Yes,N/A,N/A,N/A,4,5,6,N/A,8,4 5,4 6,5 6,12,13,6 8,4 5 6,4 12,4 13,5 13
4 5 6 8 11,0.0347578,18.4278,Yes,N/A,N/A,N/A,4,5,6,N/A,8,4 5,4 6,11,4 8,5 8,6 8,4 11,5 11,6 11,4 6 8
4 5 6 8 11 13,0.0125851,28.5556,Yes,N/A,N/A,N/A,4,5,6,N/A,8,4 5,4 6,11,4 8,13,6 8,4 11,5 11,4 13,5 13
4 5 6 8 11 12,0.016987,26.4492,Yes,N/A,N/A,N/A,4,5,6,N/A,8,4 5,4 6,11,12,5 8,6 8,4 11,4 12,5 12,6 12
4 5 6 8 11 12 13,0.00733745,36.1362,Yes,N/A,N/A,N/A,4,5,6,N/A,8,4 5,4 6,11,12,13,6 8,4 11,4 12,4 13,5 13
4 5 6 8 10,0.040017,17.0901,Yes,N/A,N/A,N/A,4,5,6,N/A,8,4 5,10,5 6,4 8,5 8,4 10,5 10,6 10,4 5 8,8 10
4 5 6 8 10 13,0.0156453,26.7372,Yes,N/A,N/A,N/A,4,5,6,N/A,8,4 5,10,5 6,4 8,13,4 10,5 10,6 10,4 13,5 13
4 5 6 8 10 12,0.0186226,25.4591,Yes,N/A,N/A,N/A,4,5,6,N/A,8,4 5,10,5 6,12,5 8,4 10,5 10,4 12,5 12,6 12
4 5 6 8 10 12 13,0.00868384,34.5371,Yes,N/A,N/A,N/A,4,5,6,N/A,8,4 5,10,5 6,12,13,4 10,5 10,4 12,4 13,5 13
4 5 6 8 10 11,0.0207574,24.3382,Yes,N/A,N/A,N/A,4,5,6,N/A,8,4 5,10,11,4 8,5 8,4 10,4 11,5 11,6 11,8 10
4 5 6 8 10 11 13,0.00929771,33.6491,Yes,N/A,N/A,N/A,4,5,6,N/A,8,4 5,10,11,4 8,13,4 10,4 11,5 11,4 13,5 13
4 5 6 8 10 11 12,0.0119266,31.6206,Yes,N/A,N/A,N/A,4,5,6,N/A,8,4 5,10,11,12,5 8,4 10,4 11,4 12,5 12,6 12
4 5 6 8 10 11 12 13,0.00621303,40.2551,Yes,N/A,N/A,N/A,4,5,6,N/A,8,4 5,10,11,12,13,4 10,4 11,4 12,4 13,5 13
4 5 6 8 9,0.0446227,16.3193,Yes,N/A,N/A,N/A,4,5,6,N/A,8,9,4 6,5 6,4 8,4 9,5 9,6 9,N/A,8 9,4 5 9
4 5 6 8 9 13,0.0159832,26.8211,Yes,N/A,N/A,N/A,4,5,6,N/A,8,9,4 6,5 6,4 8,13,5 9,6 9,N/A,4 13,5 13
4 5 6 8 9 12,0.021701,24.0812,Yes,N/A,N/A,N/A,4,5,6,N/A,8,9,4 6,5 6,12,4 9,5 9,6 9,4 12,5 12,6 12
4 5 6 8 9 12 13,0.00914743,34.2548,Yes,N/A,N/A,N/A,4,5,6,N/A,8,9,4 6,5 6,12,13,5 9,6 9,4 12,4 13,5 13
4 5 6 8 9 11,0.024668,22.822,Yes,N/A,N/A,N/A,4,5,6,N/A,8,9,4 6,11,4 8,4 9,5 9,4 11,5 11,6 11,4 5 9
4 5 6 8 9 11 13,0.0105881,32.4779,Yes,N/A,N/A,N/A,4,5,6,N/A,8,9,4 6,11,4 8,13,5 9,4 11,5 11,4 13,5 13
4 5 6 8 9 11 12,0.0139542,30.0699,Yes,N/A,N/A,N/A,4,5,6,N/A,8,9,4 6,11,12,4 9,5 9,4 11,4 12,5 12,6 12
4 5 6 8 9 11 12 13,0.00696632,39.2555,Yes,N/A,N/A,N/A,4,5,6,N/A,8,9,4 6,11,12,13,5 9,4 11,4 12,4 13,5 13
4 5 6 8 9 10,0.0299842,21.2648,Yes,N/A,N/A,N/A,4,5,6,N/A,8,9,10,5 6,4 8,4 9,4 10,5 10,6 10,8 9,8 10
4 5 6 8 9 10 13,0.0125077,31.1081,Yes,N/A,N/A,N/A,4,5,6,N/A,8,9,10,5 6,4 8,13,4 10,5 10,6 10,4 13,5 13
4 5 6 8 9 10 12,0.0163926,28.5485,Yes,N/A,N/A,N/A,4,5,6,N/A,8,9,10,5 6,12,4 9,4 10,5 10,4 12,5 12,6 12
4 5 6 8 9 10 12 13,0.00798404,38.0796,Yes,N/A,N/A,N/A,4,5,6,N/A,8,9,10,5 6,12,13,4 10,5 10,4 12,4 13,5 13
4 5 6 8 9 10 11,0.0174461,28.0599,Yes,N/A,N/A,N/A,4,5,6,N/A,8,9,10,11,4 8,4 9,4 10,4 11,5 11,6 11,8 10
4 5 6 8 9 10 11 13,0.00859494,37.1376,Yes,N/A,N/A,N/A,4,5,6,N/A,8,9,10,11,4 8,13,4 10,4 11,5 11,4 13,5 13
4 5 6 8 9 10 11 12,0.0112591,34.2466,Yes,N/A,N/A,N/A,4,5,6,N/A,8,9,10,11,12,4 9,4 10,4 11,4 12,5 12,6 12
4 5 6 8 9 10 11 12 13,0.00632596,42.8379,Yes,N/A,N/A,N/A,4,5,6,N/A,8,9,10,11,12,13,4 10,4 11,4 12,4 13,5 13
4 5 6 7,0.0827951,11.3975,Yes,N/A,N/A,N/A,4,5,6,7,N/A,4 5,4 6,4 7,5 7,6 7,N/A,4 5 6,4 5 7,4 6 7,5 6 7
4 5 6 7 13,0.0228863,22.1968,Yes,N/A,N/A,N/A,4,5,6,7,N/A,4 5,4 6,4 7,5 7,13,N/A,4 5 6,4 5 7,4 13,5 13
4 5 6 7 12,0.0277901,20.7691,Yes,N/A,N/A,N/A,4,5,6,7,N/A,4 5,4 6,4 7,12,6 7,N/A,4 5 6,4 12,5 12,6 12
4 5 6 7 12 13,0.00979613,31.4083,Yes,N/A,N/A,N/A,4,5,6,7,N/A,4 5,4 6,4 7,12,13,N/A,4 5 6,4 12,4 13,5 13
4 5 6 7 11,0.0338422,19.3108,Yes,N/A,N/A,N/A,4,5,6,7,N/A,4 5,4 6,11,5 7,6 7,N/A,4 11,5 11,6 11,7 11
4 5 6 7 11 13,0.0120482,29.9241,Yes,N/A,N/A,N/A,4,5,6,7,N/A,4 5,4 6,11,5 7,13,N/A,4 11,5 11,4 13,5 13
4 5 6 7 11 12,0.0145096,28.5627,Yes,N/A,N/A,N/A,4,5,6,7,N/A,4 5,4 6,11,12,6 7,N/A,4 11,4 12,5 12,6 12
4 5 6 7 11 12 13,0.00605389,39.0118,Yes,N/A,N/A,N/A,4,5,6,7,N/A,4 5,4 6,11,12,13,N/A,4 11,4 12,4 13,5 13
4 5 6 7 10,0.0390756,16.7676,Yes,N/A,N/A,N/A,4,5,6,7,N/A,4 5,10,4 7,5 7,6 7,4 10,5 10,6 10,7 10,5 6 7
4 5 6 7 10 13,0.0143589,26.9935,Yes,N/A,N/A,N/A,4,5,6,7,N/A,4 5,10,4 7,5 7,13,4 10,5 10,6 10,4 13,5 13
4 5 6 7 10 12,0.0192955,25.0031,Yes,N/A,N/A,N/A,4,5,6,7,N/A,4 5,10,4 7,12,6 7,4 10,5 10,4 12,5 12,6 12
4 5 6 7 10 12 13,0.00814892,34.9521,Yes,N/A,N/A,N/A,4,5,6,7,N/A,4 5,10,4 7,12,13,4 10,5 10,4 12,4 13,5 13
4 5 6 7 10 11,0.0220303,24.0835,Yes,N/A,N/A,N/A,4,5,6,7,N/A,4 5,10,11,5 7,6 7,4 10,4 11,5 11,6 11,7 11
4 5 6 7 10 11 13,0.009131,34.1031,Yes,N/A,N/A,N/A,4,5,6,7,N/A,4 5,10,11,5 7,13,4 10,4 11,5 11,4 13,5 13
4 5 6 7 10 11 12,0.0118859,32.1268,Yes,N/A,N/A,N/A,4,5,6,7,N/A,4 5,10,11,12,6 7,4 10,4 11,4 12,5 12,6 12
4 5 6 7 10 11 12 13,0.00564604,41.8828,Yes,N/A,N/A,N/A,4,5,6,7,N/A,4 5,10,11,12,13,4 10,4 11,4 12,4 13,5 13
4 5 6 7 9,0.0453404,15.4457,Yes,N/A,N/A,N/A,4,5,6,7,N/A,9,4 6,4 7,5 7,4 9,5 9,6 9,7 9,4 6 7,4 5 9
4 5 6 7 9 13,0.0168732,25.6791,Yes,N/A,N/A,N/A,4,5,6,7,N/A,9,4 6,4 7,5 7,13,5 9,6 9,7 9,4 13,5 13
4 5 6 7 9 12,0.0211492,24.033,Yes,N/A,N/A,N/A,4,5,6,7,N/A,9,4 6,4 7,12,4 9,5 9,6 9,4 12,5 12,6 12
4 5 6 7 9 12 13,0.00919863,33.7401,Yes,N/A,N/A,N/A,4,5,6,7,N/A,9,4 6,4 7,12,13,5 9,6 9,4 12,4 13,5 13
4 5 6 7 9 11,0.0258905,22.7136,Yes,N/A,N/A,N/A,4,5,6,7,N/A,9,4 6,11,5 7,4 9,5 9,4 11,5 11,6 11,7 11
4 5 6 7 9 11 13,0.0108287,32.7234,Yes,N/A,N/A,N/A,4,5,6,7,N/A,9,4 6,11,5 7,13,5 9,4 11,5 11,4 13,5 13
4 5 6 7 9 11 12,0.013237,31.1162,Yes,N/A,N/A,N/A,4,5,6,7,N/A,9,4 6,11,12,4 9,5 9,4 11,4 12,5 12,6 12
4 5 6 7 9 11 12 13,0.00653661,40.4086,Yes,N/A,N/A,N/A,4,5,6,7,N/A,9,4 6,11,12,13,5 9,4 11,4 12,4 13,5 13
4 5 6 7 9 10,0.0314306,20.983,Yes,N/A,N/A,N/A,4,5,6,7,N/A,9,10,4 7,5 7,4 9,4 10,5 10,6 10,7 10,4 5 9
4 5 6 7 9 10 13,0.0128032,30.9422,Yes,N/A,N/A,N/A,4,5,6,7,N/A,9,10,4 7,5 7,13,4 10,5 10,6 10,4 13,5 13
4 5 6 7 9 10 12,0.0166992,28.5717,Yes,N/A,N/A,N/A,4,5,6,7,N/A,9,10,4 7,12,4 9,4 10,5 10,4 12,5 12,6 12
4 5 6 7 9 10 12 13,0.00809094,37.7575,Yes,N/A,N/A,N/A,4,5,6,7,N/A,9,10,4 7,12,13,4 10,5 10,4 12,4 13,5 13
4 5 6 7 9 10 11,0.0191067,27.705,Yes,N/A,N/A,N/A,4,5,6,7,N/A,9,10,11,5 7,4 9,4 10,4 11,5 11,6 11,7 11
4 5 6 7 9 10 11 13,0.00894761,37.3747,Yes,N/A,N/A,N/A,4,5,6,7,N/A,9,10,11,5 7,13,4 10,4 11,5 11,4 13,5 13
4 5 6 7 9 10 11 12,0.0112741,35.2253,Yes,N/A,N/A,N/A,4,5,6,7,N/A,9,10,11,12,4 9,4 10,4 11,4 12,5 12,6 12
4 5 6 7 9 10 11 12 13,0.00615377,44.0574,Yes,N/A,N/A,N/A,4,5,6,7,N/A,9,10,11,12,13,4 10,4 11,4 12,4 13,5 13
4 5 6 7 8,0.0534087,13.0231,Yes,N/A,N/A,N/A,4,5,6,7,8,4 5,4 6,4 7,4 8,5 8,6 8,7 8,4 5 7,4 5 8,4 6 8
4 5 6 7 8 13,0.0188967,23.3108,Yes,N/A,N/A,N/A,4,5,6,7,8,4 5,4 6,4 7,4 8,13,6 8,7 8,4 5 7,4 13,5 13
4 5 6 7 8 12,0.0254227,21.0775,Yes,N/A,N/A,N/A,4,5,6,7,8,4 5,4 6,4 7,12,5 8,6 8,7 8,4 12,5 12,6 12
4 5 6 7 8 12 13,0.0104317,31.0508,Yes,N/A,N/A,N/A,4,5,6,7,8,4 5,4 6,4 7,12,13,6 8,7 8,4 12,4 13,5 13
4 5 6 7 8 11,0.0310623,19.7088,Yes,N/A,N/A,N/A,4,5,6,7,8,4 5,4 6,11,4 8,5 8,6 8,4 11,5 11,6 11,7 11
4 5 6 7 8 11 13,0.0125633,29.5009,Yes,N/A,N/A,N/A,4,5,6,7,8,4 5,4 6,11,4 8,13,6 8,4 11,5 11,4 13,5 13
4 5 6 7 8 11 12,0.0159284,27.4028,Yes,N/A,N/A,N/A,4,5,6,7,8,4 5,4 6,11,12,5 8,6 8,4 11,4 12,5 12,6 12
4 5 6 7 8 11 12 13,0.0075294,36.763,Yes,N/A,N/A,N/A,4,5,6,7,8,4 5,4 6,11,12,13,6 8,4 11,4 12,4 13,5 13
4 5 6 7 8 10,0.0395795,17.5942,Yes,N/A,N/A,N/A,4,5,6,7,8,4 5,10,4 7,4 8,5 8,4 10,5 10,6 10,7 10,8 10
4 5 6 7 8 10 13,0.0155214,27.2426,Yes,N/A,N/A,N/A,4,5,6,7,8,4 5,10,4 7,4 8,13,4 10,5 10,6 10,4 13,5 13
4 5 6 7 8 10 12,0.0201966,24.8287,Yes,N/A,N/A,N/A,4,5,6,7,8,4 5,10,4 7,12,5 8,4 10,5 10,4 12,5 12,6 12
4 5 6 7 8 10 12 13,0.00944371,33.8693,Yes,N/A,N/A,N/A,4,5,6,7,8,4 5,10,4 7,12,13,4 10,5 10,4 12,4 13,5 13
4 5 6 7 8 10 11,0.0230755,23.8492,Yes,N/A,N/A,N/A,4,5,6,7,8,4 5,10,11,4 8,5 8,4 10,4 11,5 11,6 11,7 11
4 5 6 7 8 10 11 13,0.0106346,32.8475,Yes,N/A,N/A,N/A,4,5,6,7,8,4 5,10,11,4 8,13,4 10,4 11,5 11,4 13,5 13
4 5 6 7 8 10 11 12,0.0135987,30.3696,Yes,N/A,N/A,N/A,4,5,6,7,8,4 5,10,11,12,5 8,4 10,4 11,4 12,5 12,6 12
4 5 6 7 8 10 11 12 13,0.00723542,38.6825,Yes,N/A,N/A,N/A,4,5,6,7,8,4 5,10,11,12,13,4 10,4 11,4 12,4 13,5 13
4 5 6 7 8 9,0.0466806,16.3455,Yes,N/A,N/A,N/A,4,5,6,7,8,9,4 6,4 7,4 8,4 9,5 9,6 9,7 9,8 9,4 5 9
4 5 6 7 8 9 13,0.0178383,26.0412,Yes,N/A,N/A,N/A,4,5,6,7,8,9,4 6,4 7,4 8,13,5 9,6 9,7 9,4 13,5 13
4 5 6 7 8 9 12,0.0224938,24.0475,Yes,N/A,N/A,N/A,4,5,6,7,8,9,4 6,4 7,12,4 9,5 9,6 9,4 12,5 12,6 12
4 5 6 7 8 9 12 13,0.0103928,33.159,Yes,N/A,N/A,N/A,4,5,6,7,8,9,4 6,4 7,12,13,5 9,6 9,4 12,4 13,5 13
4 5 6 7 8 9 11,0.0268758,22.2634,Yes,N/A,N/A,N/A,4,5,6,7,8,9,4 6,11,4 8,4 9,5 9,4 11,5 11,6 11,7 11
4 5 6 7 8 9 11 13,0.0122444,31.2663,Yes,N/A,N/A,N/A,4,5,6,7,8,9,4 6,11,4 8,13,5 9,4 11,5 11,4 13,5 13
4 5 6 7 8 9 11 12,0.0150684,29.4155,Yes,N/A,N/A,N/A,4,5,6,7,8,9,4 6,11,12,4 9,5 9,4 11,4 12,5 12,6 12
4 5 6 7 8 9 11 12 13,0.00807168,37.6201,Yes,N/A,N/A,N/A,4,5,6,7,8,9,4 6,11,12,13,5 9,4 11,4 12,4 13,5 13
4 5 6 7 8 9 10,0.0317135,20.2717,Yes,N/A,N/A,N/A,4,5,6,7,8,9,10,4 7,4 8,4 9,4 10,5 10,6 10,7 10,8 10
4 5 6 7 8 9 10 13,0.0142787,29.2609,Yes,N/A,N/A,N/A,4,5,6,7,8,9,10,4 7,4 8,13,4 10,5 10,6 10,4 13,5 13
4 5 6 7 8 9 10 12,0.0180979,26.7912,Yes,N/A,N/A,N/A,4,5,6,7,8,9,10,4 7,12,4 9,4 10,5 10,4 12,5 12,6 12
4 5 6 7 8 9 10 12 13,0.00957138,34.8998,Yes,N/A,N/A,N/A,4,5,6,7,8,9,10,4 7,12,13,4 10,5 10,4 12,4 13,5 13
4 5 6 7 8 9 10 11,0.0208704,25.532,Yes,N/A,N/A,N/A,4,5,6,7,8,9,10,11,4 8,4 9,4 10,4 11,5 11,6 11,7 11
4 5 6 7 8 9 10 11 13,0.0108187,33.7086,Yes,N/A,N/A,N/A,4,5,6,7,8,9,10,11,4 8,13,4 10,4 11,5 11,4 13,5 13
4 5 6 7 8 9 10 11 12,0.0133861,31.4842,Yes,N/A,N/A,N/A,4,5,6,7,8,9,10,11,12,4 9,4 10,4 11,4 12,5 12,6 12
4 5 6 7 8 9 10 11 12 13,0.00798909,38.6888,Yes,N/A,N/A,N/A,4,5,6,7,8,9,10,11,12,13,4 10,4 11,4 12,4 13,5 13
1 2,0.00462963,2.98611,Yes,N/A,N/A,1 2,N/A,N/A,N/A,N/A,N/A,N/A,N/A,N/A,N/A,N/A,N/A,N/A,N/A,N/A,N/A
2,0,2,Yes,N/A,2,N/A,N/A,N/A,N/A,N/A,N/A,N/A,N/A,N/A,N/A,N/A,N/A,N/A,N/A,N/A,N/A
1,0.166667,0.833333,Yes,1,N/A,N/A,N/A,N/A,N/A,N/A,N/A,N/A,N/A,N/A,N/A,N/A,N/A,N/A,N/A,N/A,N/A
1 2 13,0.036394,12.5962,Yes,N/A,N/A,1 2,N/A,N/A,N/A,N/A,N/A,N/A,N/A,N/A,N/A,13,1 13,2 13,1 2 13,N/A,N/A
1 12,0.116512,10.3279,Yes,N/A,N/A,N/A,N/A,N/A,N/A,N/A,N/A,N/A,N/A,N/A,12,1 12,N/A,N/A,N/A,N/A,N/A
1 2 12,0.058942,10.6471,Yes,N/A,2,1 2,N/A,N/A,N/A,N/A,N/A,N/A,N/A,N/A,12,1 12,2 12,1 2 12,N/A,N/A,N/A
1 13,0.0856481,11.7477,Yes,N/A,N/A,N/A,N/A,N/A,N/A,N/A,N/A,N/A,N/A,N/A,N/A,13,1 13,N/A,N/A,N/A,N/A
1 2 12 13,0.0246038,22.0728,Yes,N/A,N/A,1 2,N/A,N/A,N/A,N/A,N/A,N/A,N/A,N/A,12,13,2 12,2 13,1 2 13,N/A,N/A
1 11,0.136574,9.21528,Yes,N/A,N/A,N/A,N/A,N/A,N/A,N/A,N/A,N/A,N/A,11,1 11,N/A,N/A,N/A,N/A,N/A,N/A
1 11 13,0.0439172,19.206,Yes,N/A,N/A,N/A,N/A,N/A,N/A,N/A,N/A,N/A,N/A,11,1 11,13,1 13,N/A,N/A,N/A,N/A
2 13,0.0462963,13.0417,Yes,N/A,2,N/A,N/A,N/A,N/A,N/A,N/A,N/A,N/A,N/A,N/A,13,N/A,2 13,N/A,N/A,N/A
1 2 11,0.0868056,8.96181,Yes,N/A,2,1 2,N/A,N/A,N/A,N/A,N/A,N/A,N/A,11,1 11,2 11,1 2 11,N/A,N/A,N/A,N/A
2 11,0.0972222,10.3611,Yes,N/A,2,N/A,N/A,N/A,N/A,N/A,N/A,N/A,N/A,11,N/A,2 11,N/A,N/A,N/A,N/A,N/A
1 2 11 13,0.0350062,19.3413,Yes,N/A,2,1 2,N/A,N/A,N/A,N/A,N/A,N/A,N/A,11,1 11,13,1 13,2 13,1 2 13,N/A,N/A
1 11 12,0.042524,19.1822,Yes,N/A,N/A,N/A,N/A,N/A,N/A,N/A,N/A,N/A,N/A,11,12,1 12,N/A,N/A,N/A,N/A,N/A
1 2 11 12,0.0441476,18.6333,Yes,N/A,2,1 2,N/A,N/A,N/A,N/A,N/A,N/A,N/A,11,12,2 11,2 12,1 2 12,N/A,N/A,N/A
1 2 11 12 13,0.0172806,29.769,Yes,N/A,N/A,1 2,N/A,N/A,N/A,N/A,N/A,N/A,N/A,11,12,13,2 12,2 13,1 2 13,N/A,N/A
1 12 13,0.0292781,21.7581,Yes,N/A,N/A,N/A,N/A,N/A,N/A,N/A,N/A,N/A,N/A,N/A,12,13,1 13,N/A,N/A,N/A,N/A
1 10,0.145833,8.35417,Yes,N/A,N/A,N/A,N/A,N/A,N/A,N/A,N/A,N/A,10,1 10,N/A,N/A,N/A,N/A,N/A,N/A,N/A
1 10 13,0.0457176,18.3553,Yes,N/A,N/A,N/A,N/A,N/A,N/A,N/A,N/A,N/A,10,1 10,N/A,13,1 13,N/A,N/A,N/A,N/A
1 10 12,0.0580633,16.7868,Yes,N/A,N/A,N/A,N/A,N/A,N/A,N/A,N/A,N/A,10,1 10,12,1 12,N/A,N/A,N/A,N/A,N/A
1 10 12 13,0.0194187,27.3903,Yes,N/A,N/A,N/A,N/A,N/A,N/A,N/A,N/A,N/A,10,1 10,12,13,1 13,N/A,N/A,N/A,N/A
2 12,0.0694444,11.6389,Yes,N/A,2,N/A,N/A,N/A,N/A,N/A,N/A,N/A,N/A,N/A,12,N/A,2 12,N/A,N/A,N/A,N/A
2 12 13,0.0242198,22.0723,Yes,N/A,2,N/A,N/A,N/A,N/A,N/A,N/A,N/A,N/A,N/A,12,13,2 12,2 13,N/A,N/A,N/A
1 2 10,0.11767,7.68152,Yes,N/A,2,1 2,N/A,N/A,N/A,N/A,N/A,N/A,10,1 10,2 10,1 2 10,N/A,N/A,N/A,N/A,N/A
2 10,0.115741,9.36111,Yes,N/A,2,N/A,N/A,N/A,N/A,N/A,N/A,N/A,10,N/A,2 10,N/A,N/A,N/A,N/A,N/A,N/A
1 2 10 13,0.0500632,16.7958,Yes,N/A,2,1 2,N/A,N/A,N/A,N/A,N/A,N/A,10,1 10,2 10,13,1 13,2 13,1 2 13,N/A,N/A
1 2 10 12,0.0569684,16.075,Yes,N/A,2,1 2,N/A,N/A,N/A,N/A,N/A,N/A,10,1 10,12,1 12,2 12,1 2 12,N/A,N/A,N/A
1 2 10 12 13,0.0241417,26.523,Yes,N/A,2,1 2,N/A,N/A,N/A,N/A,N/A,N/A,10,1 10,12,13,2 12,2 13,1 2 13,N/A,N/A
1 10 11,0.0497685,17.1626,Yes,N/A,N/A,N/A,N/A,N/A,N/A,N/A,N/A,N/A,10,11,1 11,N/A,N/A,N/A,N/A,N/A,N/A
1 10 11 13,0.0210262,26.3215,Yes,N/A,N/A,N/A,N/A,N/A,N/A,N/A,N/A,N/A,10,11,1 11,13,1 13,N/A,N/A,N/A,N/A
1 2 10 11,0.0643701,15.7615,Yes,N/A,2,1 2,N/A,N/A,N/A,N/A,N/A,N/A,10,11,2 10,2 11,1 2 11,N/A,N/A,N/A,N/A
2 10 11,0.0532407,16.7818,Yes,N/A,2,N/A,N/A,N/A,N/A,N/A,N/A,N/A,10,11,2 10,2 11,N/A,N/A,N/A,N/A,N/A
1 2 10 11 13,0.0288865,25.2573,Yes,N/A,2,1 2,N/A,N/A,N/A,N/A,N/A,N/A,10,11,2 10,13,1 13,2 13,1 2 13,N/A,N/A
1 10 11 12,0.0213718,26.4964,Yes,N/A,N/A,N/A,N/A,N/A,N/A,N/A,N/A,N/A,10,11,12,1 12,N/A,N/A,N/A,N/A,N/A
1 2 10 11 12,0.0306879,24.9513,Yes,N/A,2,1 2,N/A,N/A,N/A,N/A,N/A,N/A,10,11,12,2 11,2 12,1 2 12,N/A,N/A,N/A
1 2 10 11 12 13,0.0142752,35.4483,Yes,N/A,N/A,1 2,N/A,N/A,N/A,N/A,N/A,N/A,10,11,12,13,2 12,2 13,1 2 13,N/A,N/A
1 11 12 13,0.0148864,30.1157,Yes,N/A,N/A,N/A,N/A,N/A,N/A,N/A,N/A,N/A,N/A,11,12,13,1 13,N/A,N/A,N/A,N/A
1 9,0.14429,7.68904,Yes,N/A,N/A,N/A,N/A,N/A,N/A,N/A,N/A,9,1 9,N/A,N/A,N/A,N/A,N/A,N/A,N/A,N/A
1 9 13,0.0441315,17.7565,Yes,N/A,N/A,N/A,N/A,N/A,N/A,N/A,N/A,9,1 9,N/A,N/A,13,1 13,N/A,N/A,N/A,N/A
1 9 12,0.0559056,16.2039,Yes,N/A,N/A,N/A,N/A,N/A,N/A,N/A,N/A,9,1 9,N/A,12,1 12,N/A,N/A,N/A,N/A,N/A
1 9 12 13,0.0186054,26.8669,Yes,N/A,N/A,N/A,N/A,N/A,N/A,N/A,N/A,9,1 9,N/A,12,13,1 13,N/A,N/A,N/A,N/A
1 9 11,0.0628644,15.0408,Yes,N/A,N/A,N/A,N/A,N/A,N/A,N/A,N/A,9,1 9,11,1 11,N/A,N/A,N/A,N/A,N/A,N/A
1 9 11 13,0.0243636,23.9532,Yes,N/A,N/A,N/A,N/A,N/A,N/A,N/A,N/A,9,1 9,11,1 11,13,1 13,N/A,N/A,N/A,N/A
1 9 11 12,0.025616,24.0586,Yes,N/A,N/A,N/A,N/A,N/A,N/A,N/A,N/A,9,1 9,11,12,1 12,N/A,N/A,N/A,N/A,N/A
1 9 11 12 13,0.0111116,33.899,Yes,N/A,N/A,N/A,N/A,N/A,N/A,N/A,N/A,9,1 9,11,12,13,1 13,N/A,N/A,N/A,N/A
2 11 13,0.0210262,22.1017,Yes,N/A,2,N/A,N/A,N/A,N/A,N/A,N/A,N/A,N/A,11,N/A,13,N/A,2 13,N/A,N/A,N/A
2 11 12,0.0398663,19.1689,Yes,N/A,2,N/A,N/A,N/A,N/A,N/A,N/A,N/A,N/A,11,12,2 11,2 12,N/A,N/A,N/A,N/A
2 11 12 13,0.0123644,30.3246,Yes,N/A,2,N/A,N/A,N/A,N/A,N/A,N/A,N/A,N/A,11,12,13,2 12,2 13,N/A,N/A,N/A
1 2 9,0.137646,6.90329,Yes,N/A,2,1 2,N/A,N/A,N/A,N/A,N/A,9,1 9,2 9,1 2 9,N/A,N/A,N/A,N/A,N/A,N/A
2 9,0.125,8.58333,Yes,N/A,2,N/A,N/A,N/A,N/A,N/A,N/A,9,N/A,2 9,N/A,N/A,N/A,N/A,N/A,N/A,N/A
1 2 9 13,0.06402,14.6779,Yes,N/A,2,1 2,N/A,N/A,N/A,N/A,N/A,9,1 9,2 9,1 2 9,13,1 13,2 13,1 2 13,N/A,N/A
1 2 9 12,0.0736531,13.8209,Yes,N/A,2,1 2,N/A,N/A,N/A,N/A,N/A,9,1 9,2 9,12,1 12,2 12,1 2 12,N/A,N/A,N/A
1 2 9 12 13,0.0305387,23.8099,Yes,N/A,2,1 2,N/A,N/A,N/A,N/A,N/A,9,1 9,2 9,12,13,2 12,2 13,1 2 13,N/A,N/A
2 9 13,0.0350223,18.9572,Yes,N/A,2,N/A,N/A,N/A,N/A,N/A,N/A,9,N/A,2 9,N/A,13,N/A,2 13,N/A,N/A,N/A
1 2 9 11,0.0760727,13.5551,Yes,N/A,2,1 2,N/A,N/A,N/A,N/A,N/A,9,1 9,11,1 11,2 11,1 2 11,N/A,N/A,N/A,N/A
2 9 11,0.0381301,17.6107,Yes,N/A,2,N/A,N/A,N/A,N/A,N/A,N/A,9,N/A,11,N/A,2 11,N/A,N/A,N/A,N/A,N/A
1 2 9 11 13,0.032533,22.7125,Yes,N/A,2,1 2,N/A,N/A,N/A,N/A,N/A,9,1 9,11,1 11,13,1 13,2 13,1 2 13,N/A,N/A
1 2 9 11 12,0.0392913,21.928,Yes,N/A,2,1 2,N/A,N/A,N/A,N/A,N/A,9,1 9,11,12,2 11,2 12,1 2 12,N/A,N/A,N/A
1 2 9 11 12 13,0.0181233,31.7913,Yes,N/A,2,1 2,N/A,N/A,N/A,N/A,N/A,9,1 9,11,12,13,2 12,2 13,1 2 13,N/A,N/A
1 9 10,0.0493827,15.608,Yes,N/A,N/A,N/A,N/A,N/A,N/A,N/A,N/A,9,10,1 10,N/A,N/A,N/A,N/A,N/A,N/A,N/A
1 9 10 13,0.0204315,24.8641,Yes,N/A,N/A,N/A,N/A,N/A,N/A,N/A,N/A,9,10,1 10,N/A,13,1 13,N/A,N/A,N/A,N/A
1 9 10 12,0.0255862,23.1401,Yes,N/A,N/A,N/A,N/A,N/A,N/A,N/A,N/A,9,10,1 10,12,1 12,N/A,N/A,N/A,N/A,N/A
1 9 10 12 13,0.0111,32.9945,Yes,N/A,N/A,N/A,N/A,N/A,N/A,N/A,N/A,9,10,1 10,12,13,1 13,N/A,N/A,N/A,N/A
1 2 9 10,0.0771408,13.7027,Yes,N/A,2,1 2,N/A,N/A,N/A,N/A,N/A,9,10,2 9,2 10,1 2 10,N/A,N/A,N/A,N/A,N/A
2 9 10,0.0580418,15.0601,Yes,N/A,2,N/A,N/A,N/A,N/A,N/A,N/A,9,10,2 9,2 10,N/A,N/A,N/A,N/A,N/A,N/A
1 2 9 10 13,0.0392789,21.3731,Yes,N/A,2,1 2,N/A,N/A,N/A,N/A,N/A,9,10,2 9,2 10,13,1 13,2 13,1 2 13,N/A,N/A
1 2 9 10 12,0.0424449,20.9348,Yes,N/A,2,1 2,N/A,N/A,N/A,N/A,N/A,9,10,2 9,12,1 12,2 12,1 2 12,N/A,N/A,N/A
1 2 9 10 12 13,0.0206122,30.5176,Yes,N/A,2,1 2,N/A,N/A,N/A,N/A,N/A,9,10,2 9,12,13,2 12,2 13,1 2 13,N/A,N/A
1 9 10 11,0.0231401,23.7936,Yes,N/A,N/A,N/A,N/A,N/A,N/A,N/A,N/A,9,10,11,1 11,N/A,N/A,N/A,N/A,N/A,N/A
1 9 10 11 13,0.012013,31.8915,Yes,N/A,N/A,N/A,N/A,N/A,N/A,N/A,N/A,9,10,11,1 11,13,1 13,N/A,N/A,N/A,N/A
1 2 9 10 11,0.0407386,21.2066,Yes,N/A,2,1 2,N/A,N/A,N/A,N/A,N/A,9,10,11,2 10,2 11,1 2 11,N/A,N/A,N/A,N/A
2 9 10 11,0.0243457,23.107,Yes,N/A,2,N/A,N/A,N/A,N/A,N/A,N/A,9,10,11,2 10,2 11,N/A,N/A,N/A,N/A,N/A
1 2 9 10 11 13,0.0221833,29.4091,Yes,N/A,2,1 2,N/A,N/A,N/A,N/A,N/A,9,10,11,2 10,13,1 13,2 13,1 2 13,N/A,N/A
1 9 10 11 12,0.012607,32.299,Yes,N/A,N/A,N/A,N/A,N/A,N/A,N/A,N/A,9,10,11,12,1 12,N/A,N/A,N/A,N/A,N/A
1 2 9 10 11 12,0.0231041,29.477,Yes,N/A,2,1 2,N/A,N/A,N/A,N/A,N/A,9,10,11,12,2 11,2 12,1 2 12,N/A,N/A,N/A
1 2 9 10 11 12 13,0.0128767,38.8815,Yes,N/A,N/A,1 2,N/A,N/A,N/A,N/A,N/A,9,10,11,12,13,2 12,2 13,1 2 13,N/A,N/A
1 10 11 12 13,0.00955308,36.7242,Yes,N/A,N/A,N/A,N/A,N/A,N/A,N/A,N/A,N/A,10,11,12,13,1 13,N/A,N/A,N/A,N/A
1 8,0.131944,7.16435,Yes,N/A,N/A,N/A,N/A,N/A,N/A,N/A,8,1 8,N/A,N/A,N/A,N/A,N/A,N/A,N/A,N/A,N/A
1 8 13,0.039159,17.3467,Yes,N/A,N/A,N/A,N/A,N/A,N/A,N/A,8,1 8,N/A,N/A,N/A,13,1 13,N/A,N/A,N/A,N/A
1 8 12,0.049447,15.8192,Yes,N/A,N/A,N/A,N/A,N/A,N/A,N/A,8,1 8,N/A,N/A,12,1 12,N/A,N/A,N/A,N/A,N/A
1 8 12 13,0.0163537,26.5952,Yes,N/A,N/A,N/A,N/A,N/A,N/A,N/A,8,1 8,N/A,N/A,12,13,1 13,N/A,N/A,N/A,N/A
1 8 11,0.0554913,14.6673,Yes,N/A,N/A,N/A,N/A,N/A,N/A,N/A,8,1 8,N/A,11,1 11,N/A,N/A,N/A,N/A,N/A,N/A
1 8 11 13,0.0212486,23.7531,Yes,N/A,N/A,N/A,N/A,N/A,N/A,N/A,8,1 8,N/A,11,1 11,13,1 13,N/A,N/A,N/A,N/A
1 8 11 12,0.0224498,23.8294,Yes,N/A,N/A,N/A,N/A,N/A,N/A,N/A,8,1 8,N/A,11,12,1 12,N/A,N/A,N/A,N/A,N/A
1 8 11 12 13,0.00969631,33.8315,Yes,N/A,N/A,N/A,N/A,N/A,N/A,N/A,8,1 8,N/A,11,12,13,1 13,N/A,N/A,N/A,N/A
1 8 10,0.0580633,13.7429,Yes,N/A,N/A,N/A,N/A,N/A,N/A,N/A,8,1 8,10,1 10,N/A,N/A,N/A,N/A,N/A,N/A,8 10
1 8 10 13,0.0225668,22.819,Yes,N/A,N/A,N/A,N/A,N/A,N/A,N/A,8,1 8,10,1 10,N/A,13,1 13,N/A,N/A,N/A,8 10
1 8 10 12,0.0280609,21.0792,Yes,N/A,N/A,N/A,N/A,N/A,N/A,N/A,8,1 8,10,1 10,12,1 12,N/A,N/A,N/A,N/A,8 10
1 8 10 12 13,0.0118655,30.644,Yes,N/A,N/A,N/A,N/A,N/A,N/A,N/A,8,1 8,10,1 10,12,13,1 13,N/A,N/A,N/A,8 10
1 8 10 11,0.0266311,21.665,Yes,N/A,N/A,N/A,N/A,N/A,N/A,N/A,8,1 8,10,11,1 11,N/A,N/A,N/A,N/A,N/A,8 10
1 8 10 11 13,0.0130065,29.5119,Yes,N/A,N/A,N/A,N/A,N/A,N/A,N/A,8,1 8,10,11,1 11,13,1 13,N/A,N/A,N/A,8 10
1 8 10 11 12,0.0139254,29.825,Yes,N/A,N/A,N/A,N/A,N/A,N/A,N/A,8,1 8,10,11,12,1 12,N/A,N/A,N/A,N/A,8 10
1 8 10 11 12 13,0.0073615,38.6432,Yes,N/A,N/A,N/A,N/A,N/A,N/A,N/A,8,1 8,10,11,12,13,1 13,N/A,N/A,N/A,8 10
2 10 13,0.0340792,19.6973,Yes,N/A,2,N/A,N/A,N/A,N/A,N/A,N/A,N/A,10,N/A,2 10,13,N/A,2 13,N/A,N/A,N/A
2 10 12,0.030757,19.7015,Yes,N/A,2,N/A,N/A,N/A,N/A,N/A,N/A,N/A,10,N/A,12,N/A,2 12,N/A,N/A,N/A,N/A
2 10 12 13,0.0129896,29.452,Yes,N/A,2,N/A,N/A,N/A,N/A,N/A,N/A,N/A,10,N/A,12,13,2 12,2 13,N/A,N/A,N/A
2 10 11 13,0.0163243,27.7972,Yes,N/A,2,N/A,N/A,N/A,N/A,N/A,N/A,N/A,10,11,2 10,13,N/A,2 13,N/A,N/A,N/A
2 10 11 12,0.0199733,26.2715,Yes,N/A,2,N/A,N/A,N/A,N/A,N/A,N/A,N/A,10,11,12,2 11,2 12,N/A,N/A,N/A,N/A
2 10 11 12 13,0.00813579,36.7783,Yes,N/A,2,N/A,N/A,N/A,N/A,N/A,N/A,N/A,10,11,12,13,2 12,2 13,N/A,N/A,N/A
1 2 8,0.146734,6.51588,Yes,N/A,2,1 2,N/A,N/A,N/A,N/A,8,1 8,2 8,1 2 8,N/A,N/A,N/A,N/A,N/A,N/A,N/A
2 8,0.125,7.97222,Yes,N/A,2,N/A,N/A,N/A,N/A,N/A,8,N/A,2 8,N/A,N/A,N/A,N/A,N/A,N/A,N/A,N/A
1 2 8 13,0.0635985,14.4758,Yes,N/A,2,1 2,N/A,N/A,N/A,N/A,8,1 8,2 8,1 2 8,N/A,13,1 13,2 13,1 2 13,N/A,N/A
1 2 8 12,0.0857035,12.1274,Yes,N/A,2,1 2,N/A,N/A,N/A,N/A,8,1 8,2 8,1 2 8,12,1 12,2 12,1 2 12,N/A,N/A,N/A
1 2 8 12 13,0.0330255,21.9259,Yes,N/A,2,1 2,N/A,N/A,N/A,N/A,8,1 8,2 8,1 2 8,12,13,2 12,2 13,1 2 13,N/A,N/A
2 8 13,0.0333076,18.4324,Yes,N/A,2,N/A,N/A,N/A,N/A,N/A,8,N/A,2 8,N/A,N/A,13,N/A,2 13,N/A,N/A,N/A
1 2 8 11,0.089265,11.7346,Yes,N/A,2,1 2,N/A,N/A,N/A,N/A,8,1 8,2 8,11,1 11,2 11,1 2 11,N/A,N/A,N/A,N/A
2 8 11,0.0501543,15.5758,Yes,N/A,2,N/A,N/A,N/A,N/A,N/A,8,N/A,2 8,11,N/A,2 11,N/A,N/A,N/A,N/A,N/A
1 2 8 11 13,0.03857,20.4312,Yes,N/A,2,1 2,N/A,N/A,N/A,N/A,8,1 8,2 8,11,1 11,13,1 13,2 13,1 2 13,N/A,N/A
1 2 8 11 12,0.0450916,19.6769,Yes,N/A,2,1 2,N/A,N/A,N/A,N/A,8,1 8,2 8,11,12,2 11,2 12,1 2 12,N/A,N/A,N/A
1 2 8 11 12 13,0.0207127,29.1191,Yes,N/A,2,1 2,N/A,N/A,N/A,N/A,8,1 8,2 8,11,12,13,2 12,2 13,1 2 13,N/A,N/A
2 8 12,0.0424383,16.9192,Yes,N/A,2,N/A,N/A,N/A,N/A,N/A,8,N/A,2 8,N/A,12,N/A,2 12,N/A,N/A,N/A,N/A
2 8 12 13,0.0155035,26.518,Yes,N/A,2,N/A,N/A,N/A,N/A,N/A,8,N/A,2 8,N/A,12,13,2 12,2 13,N/A,N/A,N/A
1 2 8 10,0.0836816,11.8701,Yes,N/A,2,1 2,N/A,N/A,N/A,N/A,8,1 8,10,1 10,2 10,1 2 10,N/A,N/A,N/A,N/A,8 10
2 8 10,0.0381301,15.8999,Yes,N/A,2,N/A,N/A,N/A,N/A,N/A,8,N/A,10,N/A,2 10,N/A,N/A,N/A,N/A,N/A,8 10
1 2 8 10 13,0.0399381,19.3703,Yes,N/A,2,1 2,N/A,N/A,N/A,N/A,8,1 8,10,1 10,2 10,13,1 13,2 13,1 2 13,N/A,8 10
1 2 8 10 12,0.0441973,18.8109,Yes,N/A,2,1 2,N/A,N/A,N/A,N/A,8,1 8,10,1 10,12,1 12,2 12,1 2 12,N/A,N/A,8 10
1 2 8 10 12 13,0.0220971,27.5363,Yes,N/A,2,1 2,N/A,N/A,N/A,N/A,8,1 8,10,1 10,12,13,2 12,2 13,1 2 13,N/A,8 10
1 2 8 10 11,0.0485651,18.5546,Yes,N/A,2,1 2,N/A,N/A,N/A,N/A,8,1 8,10,11,2 10,2 11,1 2 11,N/A,N/A,N/A,8 10
2 8 10 11,0.0222881,22.5514,Yes,N/A,2,N/A,N/A,N/A,N/A,N/A,8,N/A,10,11,2 10,2 11,N/A,N/A,N/A,N/A,8 10
1 2 8 10 11 13,0.0249383,26.4157,Yes,N/A,2,1 2,N/A,N/A,N/A,N/A,8,1 8,10,11,2 10,13,1 13,2 13,1 2 13,N/A,8 10
1 2 8 10 11 12,0.0273562,26.1222,Yes,N/A,2,1 2,N/A,N/A,N/A,N/A,8,1 8,10,11,12,2 11,2 12,1 2 12,N/A,N/A,8 10
1 2 8 10 11 12 13,0.0149933,34.8623,Yes,N/A,2,1 2,N/A,N/A,N/A,N/A,8,1 8,10,11,12,13,2 12,2 13,1 2 13,N/A,8 10
1 8 9,0.0483968,14.0744,Yes,N/A,N/A,N/A,N/A,N/A,N/A,N/A,8,9,1 9,N/A,N/A,N/A,N/A,N/A,N/A,8 9,1 8 9
1 8 9 13,0.0200582,23.4718,Yes,N/A,N/A,N/A,N/A,N/A,N/A,N/A,8,9,1 9,N/A,N/A,13,1 13,N/A,N/A,8 9,1 8 9
1 8 9 12,0.0252653,21.7799,Yes,N/A,N/A,N/A,N/A,N/A,N/A,N/A,8,9,1 9,N/A,12,1 12,N/A,N/A,N/A,8 9,1 8 9
1 8 9 12 13,0.0105768,31.7733,Yes,N/A,N/A,N/A,N/A,N/A,N/A,N/A,8,9,1 9,N/A,12,13,1 13,N/A,N/A,8 9,1 8 9
1 8 9 11,0.02831,20.5569,Yes,N/A,N/A,N/A,N/A,N/A,N/A,N/A,8,9,1 9,11,1 11,N/A,N/A,N/A,N/A,8 9,1 8 9
1 8 9 11 13,0.0135958,28.4148,Yes,N/A,N/A,N/A,N/A,N/A,N/A,N/A,8,9,1 9,11,1 11,13,1 13,N/A,N/A,8 9,1 8 9
1 8 9 11 12,0.0144612,28.7151,Yes,N/A,N/A,N/A,N/A,N/A,N/A,N/A,8,9,1 9,11,12,1 12,N/A,N/A,N/A,8 9,1 8 9
1 8 9 11 12 13,0.00751531,37.5337,Yes,N/A,N/A,N/A,N/A,N/A,N/A,N/A,8,9,1 9,11,12,13,1 13,N/A,N/A,8 9,1 8 9
1 2 8 9,0.07638,12.1999,Yes,N/A,2,1 2,N/A,N/A,N/A,N/A,8,9,2 8,2 9,1 2 9,N/A,N/A,N/A,N/A,8 9,1 8 9
2 8 9,0.0532407,13.6224,Yes,N/A,2,N/A,N/A,N/A,N/A,N/A,8,9,2 8,2 9,N/A,N/A,N/A,N/A,N/A,8 9,N/A
1 2 8 9 13,0.0413217,18.405,Yes,N/A,2,1 2,N/A,N/A,N/A,N/A,8,9,2 8,2 9,1 2 9,13,1 13,2 13,1 2 13,8 9,1 8 9
1 2 8 9 12,0.0505026,17.3893,Yes,N/A,2,1 2,N/A,N/A,N/A,N/A,8,9,2 8,2 9,12,1 12,2 12,1 2 12,N/A,8 9,1 8 9
1 2 8 9 12 13,0.0241952,26.3377,Yes,N/A,2,1 2,N/A,N/A,N/A,N/A,8,9,2 8,2 9,12,13,2 12,2 13,1 2 13,8 9,1 8 9
2 8 9 13,0.0199403,23.089,Yes,N/A,2,N/A,N/A,N/A,N/A,N/A,8,9,2 8,2 9,N/A,13,N/A,2 13,N/A,8 9,N/A
1 2 8 9 11,0.0502387,17.5089,Yes,N/A,2,1 2,N/A,N/A,N/A,N/A,8,9,2 8,11,1 11,2 11,1 2 11,N/A,N/A,8 9,1 8 9
2 8 9 11,0.0246726,21.7355,Yes,N/A,2,N/A,N/A,N/A,N/A,N/A,8,9,2 8,11,N/A,2 11,N/A,N/A,N/A,8 9,N/A
1 2 8 9 11 13,0.0269883,24.8187,Yes,N/A,2,1 2,N/A,N/A,N/A,N/A,8,9,2 8,11,1 11,13,1 13,2 13,1 2 13,8 9,1 8 9
1 2 8 9 11 12,0.0301636,24.7243,Yes,N/A,2,1 2,N/A,N/A,N/A,N/A,8,9,2 8,11,12,2 11,2 12,1 2 12,N/A,8 9,1 8 9
1 2 8 9 11 12 13,0.0166927,33.0582,Yes,N/A,2,1 2,N/A,N/A,N/A,N/A,8,9,2 8,11,12,13,2 12,2 13,1 2 13,8 9,1 8 9
1 8 9 10,0.0248137,21.3817,Yes,N/A,N/A,N/A,N/A,N/A,N/A,N/A,8,9,10,1 10,N/A,N/A,N/A,N/A,N/A,8 9,8 10
1 8 9 10 13,0.012417,29.6589,Yes,N/A,N/A,N/A,N/A,N/A,N/A,N/A,8,9,10,1 10,N/A,13,1 13,N/A,N/A,8 9,8 10
1 8 9 10 12,0.0154716,27.7246,Yes,N/A,N/A,N/A,N/A,N/A,N/A,N/A,8,9,10,1 10,12,1 12,N/A,N/A,N/A,8 9,8 10
1 8 9 10 12 13,0.00794974,36.5376,Yes,N/A,N/A,N/A,N/A,N/A,N/A,N/A,8,9,10,1 10,12,13,1 13,N/A,N/A,8 9,8 10
1 2 8 9 10,0.045462,18.2842,Yes,N/A,2,1 2,N/A,N/A,N/A,N/A,8,9,10,2 9,2 10,1 2 10,N/A,N/A,N/A,8 9,8 10
2 8 9 10,0.0267266,20.5239,Yes,N/A,2,N/A,N/A,N/A,N/A,N/A,8,9,10,2 9,2 10,N/A,N/A,N/A,N/A,8 9,8 10
1 2 8 9 10 13,0.0275473,24.24,Yes,N/A,2,1 2,N/A,N/A,N/A,N/A,8,9,10,2 9,2 10,13,1 13,2 13,1 2 13,8 9,8 10
1 2 8 9 10 12,0.0304045,23.8866,Yes,N/A,2,1 2,N/A,N/A,N/A,N/A,8,9,10,2 9,12,1 12,2 12,1 2 12,N/A,8 9,8 10
1 2 8 9 10 12 13,0.0174327,31.9733,Yes,N/A,2,1 2,N/A,N/A,N/A,N/A,8,9,10,2 9,12,13,2 12,2 13,1 2 13,8 9,8 10
1 8 9 10 11,0.0144575,28.717,Yes,N/A,N/A,N/A,N/A,N/A,N/A,N/A,8,9,10,11,1 11,N/A,N/A,N/A,N/A,8 9,8 10
1 8 9 10 11 13,0.00867994,35.3591,Yes,N/A,N/A,N/A,N/A,N/A,N/A,N/A,8,9,10,11,1 11,13,1 13,N/A,N/A,8 9,8 10
1 2 8 9 10 11,0.0294086,24.6407,Yes,N/A,2,1 2,N/A,N/A,N/A,N/A,8,9,10,11,2 10,2 11,1 2 11,N/A,N/A,8 9,8 10
2 8 9 10 11,0.0149284,27.6381,Yes,N/A,2,N/A,N/A,N/A,N/A,N/A,8,9,10,11,2 10,2 11,N/A,N/A,N/A,8 9,8 10
1 2 8 9 10 11 13,0.0187277,30.994,Yes,N/A,2,1 2,N/A,N/A,N/A,N/A,8,9,10,11,2 10,13,1 13,2 13,1 2 13,8 9,8 10
1 8 9 10 11 12,0.00924367,36.0633,Yes,N/A,N/A,N/A,N/A,N/A,N/A,N/A,8,9,10,11,12,1 12,N/A,N/A,N/A,8 9,8 10
1 2 8 9 10 11 12,0.0197928,31.3967,Yes,N/A,2,1 2,N/A,N/A,N/A,N/A,8,9,10,11,12,2 11,2 12,1 2 12,N/A,8 9,8 10
1 2 8 9 10 11 12 13,0.0127558,39.0661,Yes,N/A,N/A,1 2,N/A,N/A,N/A,N/A,8,9,10,11,12,13,2 12,2 13,1 2 13,8 9,8 10
1 9 10 11 12 13,0.00684706,41.5519,Yes,N/A,N/A,N/A,N/A,N/A,N/A,N/A,N/A,9,10,11,12,13,1 13,N/A,N/A,N/A,N/A
1 7,0.108796,6.72454,Yes,N/A,N/A,N/A,N/A,N/A,N/A,7,1 7,N/A,N/A,N/A,N/A,N/A,N/A,N/A,N/A,N/A,N/A
1 7 13,0.0307999,17.063,Yes,N/A,N/A,N/A,N/A,N/A,N/A,7,1 7,N/A,N/A,N/A,N/A,13,1 13,N/A,N/A,N/A,N/A
1 7 12,0.0386874,15.5679,Yes,N/A,N/A,N/A,N/A,N/A,N/A,7,1 7,N/A,N/A,N/A,12,1 12,N/A,N/A,N/A,N/A,N/A
1 7 12 13,0.0126636,26.5039,Yes,N/A,N/A,N/A,N/A,N/A,N/A,7,1 7,N/A,N/A,N/A,12,13,1 13,N/A,N/A,N/A,N/A
1 7 11,0.0440458,14.3454,Yes,N/A,N/A,N/A,N/A,N/A,N/A,7,1 7,N/A,N/A,11,1 11,N/A,N/A,N/A,N/A,N/A,7 11
1 7 11 13,0.0170316,23.6463,Yes,N/A,N/A,N/A,N/A,N/A,N/A,7,1 7,N/A,N/A,11,1 11,13,1 13,N/A,N/A,N/A,7 11
1 7 11 12,0.0183774,23.68,Yes,N/A,N/A,N/A,N/A,N/A,N/A,7,1 7,N/A,N/A,11,12,1 12,N/A,N/A,N/A,N/A,7 11
1 7 11 12 13,0.00782376,33.8937,Yes,N/A,N/A,N/A,N/A,N/A,N/A,7,1 7,N/A,N/A,11,12,13,1 13,N/A,N/A,N/A,7 11
1 7 10,0.0515046,13.2639,Yes,N/A,N/A,N/A,N/A,N/A,N/A,7,1 7,N/A,10,1 10,N/A,N/A,N/A,N/A,N/A,7 10,1 7 10
1 7 10 13,0.0198929,22.5194,Yes,N/A,N/A,N/A,N/A,N/A,N/A,7,1 7,N/A,10,1 10,N/A,13,1 13,N/A,N/A,7 10,1 7 10
1 7 10 12,0.0248441,20.8146,Yes,N/A,N/A,N/A,N/A,N/A,N/A,7,1 7,N/A,10,1 10,12,1 12,N/A,N/A,N/A,7 10,1 7 10
1 7 10 12 13,0.0102086,30.5818,Yes,N/A,N/A,N/A,N/A,N/A,N/A,7,1 7,N/A,10,1 10,12,13,1 13,N/A,N/A,7 10,1 7 10
1 7 10 11,0.0246271,21.3096,Yes,N/A,N/A,N/A,N/A,N/A,N/A,7,1 7,N/A,10,11,1 11,N/A,N/A,N/A,N/A,7 10,7 11
1 7 10 11 13,0.01185,29.3889,Yes,N/A,N/A,N/A,N/A,N/A,N/A,7,1 7,N/A,10,11,1 11,13,1 13,N/A,N/A,7 10,7 11
1 7 10 11 12,0.0127346,29.6647,Yes,N/A,N/A,N/A,N/A,N/A,N/A,7,1 7,N/A,10,11,12,1 12,N/A,N/A,N/A,7 10,7 11
1 7 10 11 12 13,0.00655492,38.7358,Yes,N/A,N/A,N/A,N/A,N/A,N/A,7,1 7,N/A,10,11,12,13,1 13,N/A,N/A,7 10,7 11
1 7 9,0.061064,12.2891,Yes,N/A,N/A,N/A,N/A,N/A,N/A,7,1 7,9,1 9,N/A,N/A,N/A,N/A,N/A,7 9,1 7 9,N/A
1 7 9 13,0.0232169,21.5401,Yes,N/A,N/A,N/A,N/A,N/A,N/A,7,1 7,9,1 9,N/A,N/A,13,1 13,N/A,7 9,1 7 9,N/A
1 7 9 12,0.0291492,19.8355,Yes,N/A,N/A,N/A,N/A,N/A,N/A,7,1 7,9,1 9,N/A,12,1 12,N/A,N/A,7 9,1 7 9,N/A
1 7 9 12 13,0.0115846,29.5948,Yes,N/A,N/A,N/A,N/A,N/A,N/A,7,1 7,9,1 9,N/A,12,13,1 13,N/A,7 9,1 7 9,N/A
1 7 9 11,0.0339319,18.4993,Yes,N/A,N/A,N/A,N/A,N/A,N/A,7,1 7,9,1 9,11,1 11,N/A,N/A,N/A,7 9,1 7 9,7 11
1 7 9 11 13,0.0153351,26.1419,Yes,N/A,N/A,N/A,N/A,N/A,N/A,7,1 7,9,1 9,11,1 11,13,1 13,N/A,7 9,1 7 9,7 11
1 7 9 11 12,0.0165485,26.356,Yes,N/A,N/A,N/A,N/A,N/A,N/A,7,1 7,9,1 9,11,12,1 12,N/A,N/A,7 9,1 7 9,7 11
1 7 9 11 12 13,0.00822495,34.8223,Yes,N/A,N/A,N/A,N/A,N/A,N/A,7,1 7,9,1 9,11,12,13,1 13,N/A,7 9,1 7 9,7 11
1 7 9 10,0.0319091,19.241,Yes,N/A,N/A,N/A,N/A,N/A,N/A,7,1 7,9,10,1 10,N/A,N/A,N/A,N/A,7 9,7 10,1 7 10
1 7 9 10 13,0.0149186,27.2621,Yes,N/A,N/A,N/A,N/A,N/A,N/A,7,1 7,9,10,1 10,N/A,13,1 13,N/A,7 9,7 10,1 7 10
1 7 9 10 12,0.0185545,25.2962,Yes,N/A,N/A,N/A,N/A,N/A,N/A,7,1 7,9,10,1 10,12,1 12,N/A,N/A,7 9,7 10,1 7 10
1 7 9 10 12 13,0.00908946,33.7362,Yes,N/A,N/A,N/A,N/A,N/A,N/A,7,1 7,9,10,1 10,12,13,1 13,N/A,7 9,7 10,1 7 10
1 7 9 10 11,0.0181001,26.192,Yes,N/A,N/A,N/A,N/A,N/A,N/A,7,1 7,9,10,11,1 11,N/A,N/A,N/A,7 9,7 10,7 11
1 7 9 10 11 13,0.0102906,32.4458,Yes,N/A,N/A,N/A,N/A,N/A,N/A,7,1 7,9,10,11,1 11,13,1 13,N/A,7 9,7 10,7 11
1 7 9 10 11 12,0.011091,33.0512,Yes,N/A,N/A,N/A,N/A,N/A,N/A,7,1 7,9,10,11,12,1 12,N/A,N/A,7 9,7 10,7 11
1 7 9 10 11 12 13,0.00663282,40.3124,Yes,N/A,N/A,N/A,N/A,N/A,N/A,7,1 7,9,10,11,12,13,1 13,N/A,7 9,7 10,7 11
2 9 12,0.0450103,17.4233,Yes,N/A,2,N/A,N/A,N/A,N/A,N/A,N/A,9,N/A,2 9,12,N/A,2 12,N/A,N/A,N/A,N/A
2 9 12 13,0.0168491,26.8981,Yes,N/A,2,N/A,N/A,N/A,N/A,N/A,N/A,9,N/A,2 9,12,13,2 12,2 13,N/A,N/A,N/A
2 9 11 13,0.0118581,28.9914,Yes,N/A,2,N/A,N/A,N/A,N/A,N/A,N/A,9,N/A,11,N/A,13,N/A,2 13,N/A,N/A,N/A
2 9 11 12,0.0192678,25.6268,Yes,N/A,2,N/A,N/A,N/A,N/A,N/A,N/A,9,N/A,11,12,2 11,2 12,N/A,N/A,N/A,N/A
2 9 11 12 13,0.00783413,36.1857,Yes,N/A,2,N/A,N/A,N/A,N/A,N/A,N/A,9,N/A,11,12,13,2 12,2 13,N/A,N/A,N/A
2 9 10 13,0.0209476,24.401,Yes,N/A,2,N/A,N/A,N/A,N/A,N/A,N/A,9,10,2 9,2 10,13,N/A,2 13,N/A,N/A,N/A
2 9 10 12,0.0215302,24.5423,Yes,N/A,2,N/A,N/A,N/A,N/A,N/A,N/A,9,10,2 9,12,N/A,2 12,N/A,N/A,N/A,N/A
2 9 10 12 13,0.0102334,32.9347,Yes,N/A,2,N/A,N/A,N/A,N/A,N/A,N/A,9,10,2 9,12,13,2 12,2 13,N/A,N/A,N/A
2 9 10 11 13,0.00983618,33.4724,Yes,N/A,2,N/A,N/A,N/A,N/A,N/A,N/A,9,10,11,2 10,13,N/A,2 13,N/A,N/A,N/A
2 9 10 11 12,0.0119596,31.7879,Yes,N/A,2,N/A,N/A,N/A,N/A,N/A,N/A,9,10,11,12,2 11,2 12,N/A,N/A,N/A,N/A
2 9 10 11 12 13,0.00602687,41.3756,Yes,N/A,2,N/A,N/A,N/A,N/A,N/A,N/A,9,10,11,12,13,2 12,2 13,N/A,N/A,N/A
1 2 7,0.144933,6.40805,Yes,N/A,2,1 2,N/A,N/A,N/A,7,1 7,2 7,1 2 7,N/A,N/A,N/A,N/A,N/A,N/A,N/A,N/A
2 7,0.115741,7.47222,Yes,N/A,2,N/A,N/A,N/A,N/A,7,N/A,2 7,N/A,N/A,N/A,N/A,N/A,N/A,N/A,N/A,N/A
1 2 7 13,0.0582508,14.6735,Yes,N/A,2,1 2,N/A,N/A,N/A,7,1 7,2 7,1 2 7,N/A,N/A,13,1 13,2 13,1 2 13,N/A,N/A
1 2 7 12,0.0776695,12.4117,Yes,N/A,2,1 2,N/A,N/A,N/A,7,1 7,2 7,1 2 7,N/A,12,1 12,2 12,1 2 12,N/A,N/A,N/A
1 2 7 12 13,0.0289565,22.47,Yes,N/A,2,1 2,N/A,N/A,N/A,7,1 7,2 7,1 2 7,N/A,12,13,2 12,2 13,1 2 13,N/A,N/A
2 7 13,0.0289352,18.0606,Yes,N/A,2,N/A,N/A,N/A,N/A,7,N/A,2 7,N/A,N/A,N/A,13,N/A,2 13,N/A,N/A,N/A
1 2 7 11,0.0939483,10.4532,Yes,N/A,2,1 2,N/A,N/A,N/A,7,1 7,2 7,1 2 7,11,1 11,2 11,1 2 11,N/A,N/A,N/A,7 11
2 7 11,0.0424383,15.1694,Yes,N/A,2,N/A,N/A,N/A,N/A,7,N/A,2 7,N/A,11,N/A,2 11,N/A,N/A,N/A,N/A,7 11
1 2 7 11 13,0.0381538,19.0955,Yes,N/A,2,1 2,N/A,N/A,N/A,7,1 7,2 7,1 2 7,11,1 11,13,1 13,2 13,1 2 13,N/A,7 11
1 2 7 11 12,0.0442065,18.3201,Yes,N/A,2,1 2,N/A,N/A,N/A,7,1 7,2 7,1 2 7,11,12,2 11,2 12,1 2 12,N/A,N/A,7 11
1 2 7 11 12 13,0.0198704,27.5884,Yes,N/A,2,1 2,N/A,N/A,N/A,7,1 7,2 7,1 2 7,11,12,13,2 12,2 13,1 2 13,N/A,7 11
2 7 12,0.0364369,16.5758,Yes,N/A,2,N/A,N/A,N/A,N/A,7,N/A,2 7,N/A,N/A,12,N/A,2 12,N/A,N/A,N/A,N/A
2 7 12 13,0.0128601,26.3601,Yes,N/A,2,N/A,N/A,N/A,N/A,7,N/A,2 7,N/A,N/A,12,13,2 12,2 13,N/A,N/A,N/A
1 2 7 10,0.0884399,10.3063,Yes,N/A,2,1 2,N/A,N/A,N/A,7,1 7,2 7,10,1 10,2 10,1 2 10,N/A,N/A,N/A,7 10,1 7 10
2 7 10,0.0450103,14.0221,Yes,N/A,2,N/A,N/A,N/A,N/A,7,N/A,2 7,10,N/A,2 10,N/A,N/A,N/A,N/A,7 10,N/A
1 2 7 10 13,0.0422766,17.5346,Yes,N/A,2,1 2,N/A,N/A,N/A,7,1 7,2 7,10,1 10,2 10,13,1 13,2 13,1 2 13,7 10,1 7 10
1 2 7 10 12,0.0487485,16.785,Yes,N/A,2,1 2,N/A,N/A,N/A,7,1 7,2 7,10,1 10,12,1 12,2 12,1 2 12,N/A,7 10,1 7 10
1 2 7 10 12 13,0.023304,25.3924,Yes,N/A,2,1 2,N/A,N/A,N/A,7,1 7,2 7,10,1 10,12,13,2 12,2 13,1 2 13,7 10,1 7 10
1 2 7 10 11,0.0522825,16.5841,Yes,N/A,2,1 2,N/A,N/A,N/A,7,1 7,2 7,10,11,2 10,2 11,1 2 11,N/A,N/A,7 10,7 11
2 7 10 11,0.0257148,20.3772,Yes,N/A,2,N/A,N/A,N/A,N/A,7,N/A,2 7,10,11,2 10,2 11,N/A,N/A,N/A,7 10,7 11
1 2 7 10 11 13,0.027106,23.8706,Yes,N/A,2,1 2,N/A,N/A,N/A,7,1 7,2 7,10,11,2 10,13,1 13,2 13,1 2 13,7 10,7 11
1 2 7 10 11 12,0.0297568,23.7312,Yes,N/A,2,1 2,N/A,N/A,N/A,7,1 7,2 7,10,11,12,2 11,2 12,1 2 12,N/A,7 10,7 11
1 2 7 10 11 12 13,0.0162174,31.9815,Yes,N/A,2,1 2,N/A,N/A,N/A,7,1 7,2 7,10,11,12,13,2 12,2 13,1 2 13,7 10,7 11
2 7 11 13,0.0132486,26.3773,Yes,N/A,2,N/A,N/A,N/A,N/A,7,N/A,2 7,N/A,11,N/A,13,N/A,2 13,N/A,N/A,7 11
2 7 11 12,0.0189954,23.1595,Yes,N/A,2,N/A,N/A,N/A,N/A,7,N/A,2 7,N/A,11,12,2 11,2 12,N/A,N/A,N/A,7 11
2 7 11 12 13,0.00767809,33.5194,Yes,N/A,2,N/A,N/A,N/A,N/A,7,N/A,2 7,N/A,11,12,13,2 12,2 13,N/A,N/A,7 11
1 2 7 9,0.0756941,10.4806,Yes,N/A,2,1 2,N/A,N/A,N/A,7,1 7,9,1 9,2 9,1 2 9,N/A,N/A,N/A,7 9,1 7 9,2 7 9
2 7 9,0.0353867,14.164,Yes,N/A,2,N/A,N/A,N/A,N/A,7,N/A,9,N/A,2 9,N/A,N/A,N/A,N/A,7 9,N/A,2 7 9
1 2 7 9 13,0.0383633,17.1358,Yes,N/A,2,1 2,N/A,N/A,N/A,7,1 7,9,1 9,2 9,1 2 9,13,1 13,2 13,7 9,1 7 9,2 7 9
1 2 7 9 12,0.0495397,15.5381,Yes,N/A,2,1 2,N/A,N/A,N/A,7,1 7,9,1 9,2 9,12,1 12,2 12,1 2 12,7 9,1 7 9,2 7 9
1 2 7 9 12 13,0.0236932,24.4368,Yes,N/A,2,1 2,N/A,N/A,N/A,7,1 7,9,1 9,2 9,12,13,2 12,2 13,7 9,1 7 9,2 7 9
2 7 9 13,0.0146757,24.0389,Yes,N/A,2,N/A,N/A,N/A,N/A,7,N/A,9,N/A,2 9,N/A,13,N/A,2 13,7 9,N/A,2 7 9
1 2 7 9 11,0.0521717,15.4272,Yes,N/A,2,1 2,N/A,N/A,N/A,7,1 7,9,1 9,11,1 11,2 11,1 2 11,N/A,7 9,1 7 9,7 11
2 7 9 11,0.0195259,22.6734,Yes,N/A,2,N/A,N/A,N/A,N/A,7,N/A,9,N/A,11,N/A,2 11,N/A,N/A,7 9,N/A,7 11
1 2 7 9 11 13,0.0255597,23.6082,Yes,N/A,2,1 2,N/A,N/A,N/A,7,1 7,9,1 9,11,1 11,13,1 13,2 13,7 9,1 7 9,7 11
1 2 7 9 11 12,0.0323109,21.7193,Yes,N/A,2,1 2,N/A,N/A,N/A,7,1 7,9,1 9,11,12,2 11,2 12,1 2 12,7 9,1 7 9,7 11
1 2 7 9 11 12 13,0.0169766,30.4354,Yes,N/A,2,1 2,N/A,N/A,N/A,7,1 7,9,1 9,11,12,13,2 12,2 13,7 9,1 7 9,7 11
1 2 7 9 10,0.0543974,15.7066,Yes,N/A,2,1 2,N/A,N/A,N/A,7,1 7,9,10,2 9,2 10,1 2 10,N/A,N/A,7 9,7 10,2 7 9
2 7 9 10,0.0281752,19.6055,Yes,N/A,2,N/A,N/A,N/A,N/A,7,N/A,9,10,2 9,2 10,N/A,N/A,N/A,7 9,7 10,2 7 9
1 2 7 9 10 13,0.0308651,21.7157,Yes,N/A,2,1 2,N/A,N/A,N/A,7,1 7,9,10,2 9,2 10,13,1 13,2 13,7 9,7 10,2 7 9
1 2 7 9 10 12,0.034885,20.8637,Yes,N/A,2,1 2,N/A,N/A,N/A,7,1 7,9,10,2 9,12,1 12,2 12,1 2 12,7 9,7 10,2 7 9
1 2 7 9 10 12 13,0.0194175,28.879,Yes,N/A,2,1 2,N/A,N/A,N/A,7,1 7,9,10,2 9,12,13,2 12,2 13,7 9,7 10,2 7 9
1 2 7 9 10 11,0.0359573,21.2557,Yes,N/A,2,1 2,N/A,N/A,N/A,7,1 7,9,10,11,2 10,2 11,1 2 11,N/A,7 9,7 10,7 11
2 7 9 10 11,0.0161061,26.7079,Yes,N/A,2,N/A,N/A,N/A,N/A,7,N/A,9,10,11,2 10,2 11,N/A,N/A,7 9,7 10,7 11
1 2 7 9 10 11 13,0.0213648,27.8479,Yes,N/A,2,1 2,N/A,N/A,N/A,7,1 7,9,10,11,2 10,13,1 13,2 13,7 9,7 10,7 11
1 2 7 9 10 11 12,0.0237796,27.1866,Yes,N/A,2,1 2,N/A,N/A,N/A,7,1 7,9,10,11,12,2 11,2 12,1 2 12,7 9,7 10,7 11
1 2 7 9 10 11 12 13,0.014672,34.9939,Yes,N/A,2,1 2,N/A,N/A,N/A,7,1 7,9,10,11,12,13,2 12,2 13,7 9,7 10,7 11
1 7 8,0.0632716,12.2401,Yes,N/A,N/A,N/A,N/A,N/A,N/A,7,8,1 8,N/A,N/A,N/A,N/A,N/A,7 8,1 7 8,N/A,N/A
1 7 8 13,0.0242466,21.7474,Yes,N/A,N/A,N/A,N/A,N/A,N/A,7,8,1 8,N/A,N/A,N/A,13,1 13,7 8,1 7 8,N/A,N/A
1 7 8 12,0.0308017,20.0797,Yes,N/A,N/A,N/A,N/A,N/A,N/A,7,8,1 8,N/A,N/A,12,1 12,N/A,7 8,1 7 8,N/A,N/A
1 7 8 12 13,0.0117609,30.1838,Yes,N/A,N/A,N/A,N/A,N/A,N/A,7,8,1 8,N/A,N/A,12,13,1 13,7 8,1 7 8,N/A,N/A
1 7 8 11,0.0359171,18.7584,Yes,N/A,N/A,N/A,N/A,N/A,N/A,7,8,1 8,N/A,11,1 11,N/A,N/A,7 8,1 7 8,N/A,7 11
1 7 8 11 13,0.0159498,26.7648,Yes,N/A,N/A,N/A,N/A,N/A,N/A,7,8,1 8,N/A,11,1 11,13,1 13,7 8,1 7 8,N/A,7 11
1 7 8 11 12,0.0168812,27.0198,Yes,N/A,N/A,N/A,N/A,N/A,N/A,7,8,1 8,N/A,11,12,1 12,N/A,7 8,1 7 8,N/A,7 11
1 7 8 11 12 13,0.00816179,35.9859,Yes,N/A,N/A,N/A,N/A,N/A,N/A,7,8,1 8,N/A,11,12,13,1 13,7 8,1 7 8,N/A,7 11
1 7 8 10,0.0406004,17.6242,Yes,N/A,N/A,N/A,N/A,N/A,N/A,7,8,1 8,10,1 10,N/A,N/A,N/A,7 8,1 7 8,7 10,8 10
1 7 8 10 13,0.0178612,25.5493,Yes,N/A,N/A,N/A,N/A,N/A,N/A,7,8,1 8,10,1 10,N/A,13,1 13,7 8,1 7 8,7 10,8 10
1 7 8 10 12,0.0222092,23.5696,Yes,N/A,N/A,N/A,N/A,N/A,N/A,7,8,1 8,10,1 10,12,1 12,N/A,7 8,1 7 8,7 10,8 10
1 7 8 10 12 13,0.0104533,31.8898,Yes,N/A,N/A,N/A,N/A,N/A,N/A,7,8,1 8,10,1 10,12,13,1 13,7 8,1 7 8,7 10,8 10
1 7 8 10 11,0.0216221,24.4405,Yes,N/A,N/A,N/A,N/A,N/A,N/A,7,8,1 8,10,11,1 11,N/A,N/A,7 8,1 7 8,7 10,7 11
1 7 8 10 11 13,0.0117745,30.581,Yes,N/A,N/A,N/A,N/A,N/A,N/A,7,8,1 8,10,11,1 11,13,1 13,7 8,1 7 8,7 10,7 11
1 7 8 10 11 12,0.0126786,31.1632,Yes,N/A,N/A,N/A,N/A,N/A,N/A,7,8,1 8,10,11,12,1 12,N/A,7 8,1 7 8,7 10,7 11
1 7 8 10 11 12 13,0.00735223,38.2608,Yes,N/A,N/A,N/A,N/A,N/A,N/A,7,8,1 8,10,11,12,13,1 13,7 8,1 7 8,7 10,7 11
1 2 7 8,0.0692676,10.4915,Yes,N/A,2,1 2,N/A,N/A,N/A,7,8,2 7,2 8,1 2 8,N/A,N/A,N/A,7 8,1 7 8,2 7 8,1 2 7 8
2 7 8,0.0537551,12.0738,Yes,N/A,2,N/A,N/A,N/A,N/A,7,8,2 7,2 8,N/A,N/A,N/A,N/A,7 8,N/A,2 7 8,N/A
1 2 7 8 13,0.0369072,18.2657,Yes,N/A,2,1 2,N/A,N/A,N/A,7,8,2 7,2 8,1 2 8,N/A,13,1 13,2 13,1 2 13,2 7 8,1 2 7 8
1 2 7 8 12,0.0505915,14.9395,Yes,N/A,2,1 2,N/A,N/A,N/A,7,8,2 7,2 8,1 2 8,12,1 12,2 12,7 8,1 7 8,2 7 8,1 2 7 8
1 2 7 8 12 13,0.0224322,24.6166,Yes,N/A,2,1 2,N/A,N/A,N/A,7,8,2 7,2 8,1 2 8,12,13,2 12,2 13,1 2 13,2 7 8,1 2 7 8
2 7 8 13,0.0183471,22.463,Yes,N/A,2,N/A,N/A,N/A,N/A,7,8,2 7,2 8,N/A,N/A,13,N/A,2 13,N/A,2 7 8,N/A
1 2 7 8 11,0.0618222,13.6326,Yes,N/A,2,1 2,N/A,N/A,N/A,7,8,2 7,2 8,11,1 11,2 11,1 2 11,7 8,1 7 8,2 7 8,7 11
2 7 8 11,0.0325199,18.4402,Yes,N/A,2,N/A,N/A,N/A,N/A,7,8,2 7,2 8,11,N/A,2 11,N/A,7 8,N/A,2 7 8,7 11
1 2 7 8 11 13,0.0290622,22.1251,Yes,N/A,2,1 2,N/A,N/A,N/A,7,8,2 7,2 8,11,1 11,13,1 13,2 13,1 2 13,2 7 8,7 11
1 2 7 8 11 12,0.0354624,21.0351,Yes,N/A,2,1 2,N/A,N/A,N/A,7,8,2 7,2 8,11,12,2 11,2 12,7 8,1 7 8,2 7 8,7 11
1 2 7 8 11 12 13,0.0175332,29.9821,Yes,N/A,2,1 2,N/A,N/A,N/A,7,8,2 7,2 8,11,12,13,2 12,2 13,1 2 13,2 7 8,7 11
2 7 8 12,0.0263007,19.9977,Yes,N/A,2,N/A,N/A,N/A,N/A,7,8,2 7,2 8,N/A,12,N/A,2 12,7 8,N/A,2 7 8,N/A
2 7 8 12 13,0.0102776,29.361,Yes,N/A,2,N/A,N/A,N/A,N/A,7,8,2 7,2 8,N/A,12,13,2 12,2 13,N/A,2 7 8,N/A
1 2 7 8 10,0.0611088,14.1518,Yes,N/A,2,1 2,N/A,N/A,N/A,7,8,2 7,10,1 10,2 10,1 2 10,N/A,7 8,1 7 8,7 10,8 10
2 7 8 10,0.0316438,18.9917,Yes,N/A,2,N/A,N/A,N/A,N/A,7,8,2 7,10,N/A,2 10,N/A,N/A,7 8,N/A,7 10,8 10
1 2 7 8 10 13,0.0309643,21.4082,Yes,N/A,2,1 2,N/A,N/A,N/A,7,8,2 7,10,1 10,2 10,13,1 13,2 13,1 2 13,7 10,8 10
1 2 7 8 10 12,0.0387133,19.6291,Yes,N/A,2,1 2,N/A,N/A,N/A,7,8,2 7,10,1 10,12,1 12,2 12,7 8,1 7 8,7 10,8 10
1 2 7 8 10 12 13,0.0196948,28.0227,Yes,N/A,2,1 2,N/A,N/A,N/A,7,8,2 7,10,1 10,12,13,2 12,2 13,1 2 13,7 10,8 10
1 2 7 8 10 11,0.0425213,19.1881,Yes,N/A,2,1 2,N/A,N/A,N/A,7,8,2 7,10,11,2 10,2 11,1 2 11,7 8,1 7 8,7 10,7 11
2 7 8 10 11,0.0205676,23.9102,Yes,N/A,2,N/A,N/A,N/A,N/A,7,8,2 7,10,11,2 10,2 11,N/A,7 8,N/A,7 10,7 11
1 2 7 8 10 11 13,0.0227555,26.7067,Yes,N/A,2,1 2,N/A,N/A,N/A,7,8,2 7,10,11,2 10,13,1 13,2 13,1 2 13,7 10,7 11
1 2 7 8 10 11 12,0.0270845,25.7721,Yes,N/A,2,1 2,N/A,N/A,N/A,7,8,2 7,10,11,12,2 11,2 12,7 8,1 7 8,7 10,7 11
1 2 7 8 10 11 12 13,0.0153112,33.8442,Yes,N/A,2,1 2,N/A,N/A,N/A,7,8,2 7,10,11,12,13,2 12,2 13,1 2 13,7 10,7 11
1 7 8 9,0.0362735,18.3849,Yes,N/A,N/A,N/A,N/A,N/A,N/A,7,8,9,1 9,N/A,N/A,N/A,N/A,7 8,7 9,8 9,1 8 9
1 7 8 9 13,0.0168006,26.7068,Yes,N/A,N/A,N/A,N/A,N/A,N/A,7,8,9,1 9,N/A,N/A,13,1 13,7 8,7 9,8 9,1 8 9
1 7 8 9 12,0.0210614,24.7809,Yes,N/A,N/A,N/A,N/A,N/A,N/A,7,8,9,1 9,N/A,12,1 12,N/A,7 8,7 9,8 9,1 8 9
1 7 8 9 12 13,0.0099319,33.6764,Yes,N/A,N/A,N/A,N/A,N/A,N/A,7,8,9,1 9,N/A,12,13,1 13,7 8,7 9,8 9,1 8 9
1 7 8 9 11,0.0240675,23.4066,Yes,N/A,N/A,N/A,N/A,N/A,N/A,7,8,9,1 9,11,1 11,N/A,N/A,7 8,7 9,8 9,7 11
1 7 8 9 11 13,0.0129533,29.4959,Yes,N/A,N/A,N/A,N/A,N/A,N/A,7,8,9,1 9,11,1 11,13,1 13,7 8,7 9,8 9,7 11
1 7 8 9 11 12,0.0139302,30.1073,Yes,N/A,N/A,N/A,N/A,N/A,N/A,7,8,9,1 9,11,12,1 12,N/A,7 8,7 9,8 9,7 11
1 7 8 9 11 12 13,0.00798057,37.1946,Yes,N/A,N/A,N/A,N/A,N/A,N/A,7,8,9,1 9,11,12,13,1 13,7 8,7 9,8 9,7 11
1 2 7 8 9,0.0563211,15.233,Yes,N/A,2,1 2,N/A,N/A,N/A,7,8,9,2 8,2 9,1 2 9,N/A,N/A,7 8,7 9,8 9,2 7 9
2 7 8 9,0.0376327,17.5815,Yes,N/A,2,N/A,N/A,N/A,N/A,7,8,9,2 8,2 9,N/A,N/A,N/A,7 8,7 9,8 9,2 7 9
1 2 7 8 9 13,0.0308598,21.166,Yes,N/A,2,1 2,N/A,N/A,N/A,7,8,9,2 8,2 9,1 2 9,13,1 13,2 13,7 9,8 9,2 7 9
1 2 7 8 9 12,0.0415065,18.9733,Yes,N/A,2,1 2,N/A,N/A,N/A,7,8,9,2 8,2 9,12,1 12,2 12,7 8,7 9,8 9,2 7 9
1 2 7 8 9 12 13,0.0206585,27.6217,Yes,N/A,2,1 2,N/A,N/A,N/A,7,8,9,2 8,2 9,12,13,2 12,2 13,7 9,8 9,2 7 9
2 7 8 9 13,0.0139397,27.0059,Yes,N/A,2,N/A,N/A,N/A,N/A,7,8,9,2 8,2 9,N/A,13,N/A,2 13,7 9,8 9,2 7 9
1 2 7 8 9 11,0.0441632,18.3236,Yes,N/A,2,1 2,N/A,N/A,N/A,7,8,9,2 8,11,1 11,2 11,1 2 11,7 8,7 9,8 9,7 11
2 7 8 9 11,0.02004,24.6092,Yes,N/A,2,N/A,N/A,N/A,N/A,7,8,9,2 8,11,N/A,2 11,N/A,7 8,7 9,8 9,7 11
1 2 7 8 9 11 13,0.023721,25.7721,Yes,N/A,2,1 2,N/A,N/A,N/A,7,8,9,2 8,11,1 11,13,1 13,2 13,7 9,8 9,7 11
1 2 7 8 9 11 12,0.0293689,24.5485,Yes,N/A,2,1 2,N/A,N/A,N/A,7,8,9,2 8,11,12,2 11,2 12,7 8,7 9,8 9,7 11
1 2 7 8 9 11 12 13,0.0165692,32.4079,Yes,N/A,2,1 2,N/A,N/A,N/A,7,8,9,2 8,11,12,13,2 12,2 13,7 9,8 9,7 11
1 7 8 9 10,0.0217547,24.6307,Yes,N/A,N/A,N/A,N/A,N/A,N/A,7,8,9,10,1 10,N/A,N/A,N/A,7 8,7 9,7 10,8 10
1 7 8 9 10 13,0.0121677,31.2785,Yes,N/A,N/A,N/A,N/A,N/A,N/A,7,8,9,10,1 10,N/A,13,1 13,7 8,7 9,7 10,8 10
1 7 8 9 10 12,0.015123,28.987,Yes,N/A,N/A,N/A,N/A,N/A,N/A,7,8,9,10,1 10,12,1 12,N/A,7 8,7 9,7 10,8 10
1 7 8 9 10 12 13,0.00859846,36.0211,Yes,N/A,N/A,N/A,N/A,N/A,N/A,7,8,9,10,1 10,12,13,1 13,7 8,7 9,7 10,8 10
1 2 7 8 9 10,0.041398,19.7109,Yes,N/A,2,1 2,N/A,N/A,N/A,7,8,9,10,2 9,2 10,1 2 10,N/A,7 8,7 9,7 10,8 10
2 7 8 9 10,0.0227405,23.3248,Yes,N/A,2,N/A,N/A,N/A,N/A,7,8,9,10,2 9,2 10,N/A,N/A,7 8,7 9,7 10,8 10
1 2 7 8 9 10 13,0.0250241,25.3216,Yes,N/A,2,1 2,N/A,N/A,N/A,7,8,9,10,2 9,2 10,13,1 13,2 13,7 9,7 10,8 10
1 2 7 8 9 10 12,0.0306083,23.8166,Yes,N/A,2,1 2,N/A,N/A,N/A,7,8,9,10,2 9,12,1 12,2 12,7 8,7 9,7 10,8 10
1 2 7 8 9 10 12 13,0.0177556,31.3744,Yes,N/A,2,1 2,N/A,N/A,N/A,7,8,9,10,2 9,12,13,2 12,2 13,7 9,7 10,8 10
1 7 8 9 10 11,0.0145263,30.5161,Yes,N/A,N/A,N/A,N/A,N/A,N/A,7,8,9,10,11,1 11,N/A,N/A,7 8,7 9,7 10,7 11
1 7 8 9 10 11 13,0.0095645,34.6796,Yes,N/A,N/A,N/A,N/A,N/A,N/A,7,8,9,10,11,1 11,13,1 13,7 8,7 9,7 10,7 11
1 2 7 8 9 10 11,0.0309525,23.9405,Yes,N/A,2,1 2,N/A,N/A,N/A,7,8,9,10,11,2 10,2 11,1 2 11,7 8,7 9,7 10,7 11
2 7 8 9 10 11,0.014668,28.8417,Yes,N/A,2,N/A,N/A,N/A,N/A,7,8,9,10,11,2 10,2 11,N/A,7 8,7 9,7 10,7 11
1 2 7 8 9 10 11 13,0.0195125,30.2519,Yes,N/A,2,1 2,N/A,N/A,N/A,7,8,9,10,11,2 10,13,1 13,2 13,7 9,7 10,7 11
1 7 8 9 10 11 12,0.0102884,35.8466,Yes,N/A,N/A,N/A,N/A,N/A,N/A,7,8,9,10,11,12,1 12,N/A,7 8,7 9,7 10,7 11
1 2 7 8 9 10 11 12,0.0227848,29.5759,Yes,N/A,2,1 2,N/A,N/A,N/A,7,8,9,10,11,12,2 11,2 12,7 8,7 9,7 10,7 11
1 2 7 8 9 10 11 12 13,0.0147277,36.6742,Yes,N/A,N/A,1 2,N/A,N/A,N/A,7,8,9,10,11,12,13,2 12,2 13,7 9,7 10,7 11
1 8 9 10 11 12 13,0.00576264,43.9069,Yes,N/A,N/A,N/A,N/A,N/A,N/A,N/A,8,9,10,11,12,13,1 13,N/A,N/A,8 9,8 10
1 6,0.0771605,6.2284,Yes,N/A,N/A,N/A,N/A,N/A,6,1 6,N/A,N/A,N/A,N/A,N/A,N/A,N/A,N/A,N/A,N/A,N/A
1 6 13,0.0214335,16.7136,Yes,N/A,N/A,N/A,N/A,N/A,6,1 6,N/A,N/A,N/A,N/A,N/A,13,1 13,N/A,N/A,N/A,N/A
1 6 12,0.0276349,15.1628,Yes,N/A,N/A,N/A,N/A,N/A,6,1 6,N/A,N/A,N/A,N/A,12,1 12,N/A,N/A,N/A,N/A,6 12
1 6 12 13,0.00954802,26.2356,Yes,N/A,N/A,N/A,N/A,N/A,6,1 6,N/A,N/A,N/A,N/A,12,13,1 13,N/A,N/A,N/A,6 12
1 6 11,0.0369513,13.7975,Yes,N/A,N/A,N/A,N/A,N/A,6,1 6,N/A,N/A,N/A,11,1 11,N/A,N/A,N/A,N/A,6 11,1 6 11
1 6 11 13,0.0144426,23.2621,Yes,N/A,N/A,N/A,N/A,N/A,6,1 6,N/A,N/A,N/A,11,1 11,13,1 13,N/A,N/A,6 11,1 6 11
1 6 11 12,0.0164353,23.2415,Yes,N/A,N/A,N/A,N/A,N/A,6,1 6,N/A,N/A,N/A,11,12,1 12,N/A,N/A,N/A,6 11,6 12
1 6 11 12 13,0.00693092,33.6122,Yes,N/A,N/A,N/A,N/A,N/A,6,1 6,N/A,N/A,N/A,11,12,13,1 13,N/A,N/A,6 11,6 12
1 6 10,0.0493827,12.5855,Yes,N/A,N/A,N/A,N/A,N/A,6,1 6,N/A,N/A,10,1 10,N/A,N/A,N/A,N/A,6 10,1 6 10,N/A
1 6 10 13,0.0188722,21.9722,Yes,N/A,N/A,N/A,N/A,N/A,6,1 6,N/A,N/A,10,1 10,N/A,13,1 13,N/A,6 10,1 6 10,N/A
1 6 10 12,0.0251307,20.1735,Yes,N/A,N/A,N/A,N/A,N/A,6,1 6,N/A,N/A,10,1 10,12,1 12,N/A,N/A,6 10,1 6 10,6 12
1 6 10 12 13,0.00995287,30.0673,Yes,N/A,N/A,N/A,N/A,N/A,6,1 6,N/A,N/A,10,1 10,12,13,1 13,N/A,6 10,1 6 10,6 12
1 6 10 11,0.0262185,20.5933,Yes,N/A,N/A,N/A,N/A,N/A,6,1 6,N/A,N/A,10,11,1 11,N/A,N/A,N/A,6 10,6 11,1 6 11
1 6 10 11 13,0.0123278,28.7999,Yes,N/A,N/A,N/A,N/A,N/A,6,1 6,N/A,N/A,10,11,1 11,13,1 13,N/A,6 10,6 11,1 6 11
1 6 10 11 12,0.013626,29.0278,Yes,N/A,N/A,N/A,N/A,N/A,6,1 6,N/A,N/A,10,11,12,1 12,N/A,N/A,6 10,6 11,6 12
1 6 10 11 12 13,0.00679878,38.2433,Yes,N/A,N/A,N/A,N/A,N/A,6,1 6,N/A,N/A,10,11,12,13,1 13,N/A,6 10,6 11,6 12
1 6 9,0.0649291,11.4945,Yes,N/A,N/A,N/A,N/A,N/A,6,1 6,N/A,9,1 9,N/A,N/A,N/A,N/A,6 9,1 6 9,N/A,N/A
1 6 9 13,0.0241496,20.8428,Yes,N/A,N/A,N/A,N/A,N/A,6,1 6,N/A,9,1 9,N/A,N/A,13,1 13,6 9,1 6 9,N/A,N/A
1 6 9 12,0.0319005,19.0398,Yes,N/A,N/A,N/A,N/A,N/A,6,1 6,N/A,9,1 9,N/A,12,1 12,N/A,6 9,1 6 9,N/A,6 12
1 6 9 12 13,0.0121709,28.8894,Yes,N/A,N/A,N/A,N/A,N/A,6,1 6,N/A,9,1 9,N/A,12,13,1 13,6 9,1 6 9,N/A,6 12
1 6 9 11,0.0394293,17.514,Yes,N/A,N/A,N/A,N/A,N/A,6,1 6,N/A,9,1 9,11,1 11,N/A,N/A,6 9,1 6 9,6 11,1 6 11
1 6 9 11 13,0.0171325,25.2216,Yes,N/A,N/A,N/A,N/A,N/A,6,1 6,N/A,9,1 9,11,1 11,13,1 13,6 9,1 6 9,6 11,1 6 11
1 6 9 11 12,0.0190544,25.3737,Yes,N/A,N/A,N/A,N/A,N/A,6,1 6,N/A,9,1 9,11,12,1 12,N/A,6 9,1 6 9,6 11,6 12
1 6 9 11 12 13,0.00910805,33.9135,Yes,N/A,N/A,N/A,N/A,N/A,6,1 6,N/A,9,1 9,11,12,13,1 13,6 9,1 6 9,6 11,6 12
1 6 9 10,0.0376211,18.2758,Yes,N/A,N/A,N/A,N/A,N/A,6,1 6,N/A,9,10,1 10,N/A,N/A,N/A,6 9,6 10,1 6 10,N/A
1 6 9 10 13,0.0170929,26.3432,Yes,N/A,N/A,N/A,N/A,N/A,6,1 6,N/A,9,10,1 10,N/A,13,1 13,6 9,6 10,1 6 10,N/A
1 6 9 10 12,0.0220543,24.236,Yes,N/A,N/A,N/A,N/A,N/A,6,1 6,N/A,9,10,1 10,12,1 12,N/A,6 9,6 10,1 6 10,6 12
1 6 9 10 12 13,0.0104019,32.7264,Yes,N/A,N/A,N/A,N/A,N/A,6,1 6,N/A,9,10,1 10,12,13,1 13,6 9,6 10,1 6 10,6 12
1 6 9 10 11,0.0219098,25.0826,Yes,N/A,N/A,N/A,N/A,N/A,6,1 6,N/A,9,10,11,1 11,N/A,N/A,6 9,6 10,6 11,1 6 11
1 6 9 10 11 13,0.0121381,31.3286,Yes,N/A,N/A,N/A,N/A,N/A,6,1 6,N/A,9,10,11,1 11,13,1 13,6 9,6 10,6 11,1 6 11
1 6 9 10 11 12,0.0133165,31.9092,Yes,N/A,N/A,N/A,N/A,N/A,6,1 6,N/A,9,10,11,12,1 12,N/A,6 9,6 10,6 11,6 12
1 6 9 10 11 12 13,0.007723,39.2119,Yes,N/A,N/A,N/A,N/A,N/A,6,1 6,N/A,9,10,11,12,13,1 13,6 9,6 10,6 11,6 12
1 6 8,0.0835905,10.4923,Yes,N/A,N/A,N/A,N/A,N/A,6,1 6,8,1 8,N/A,N/A,N/A,N/A,6 8,1 6 8,N/A,N/A,N/A
1 6 8 13,0.0248271,20.9541,Yes,N/A,N/A,N/A,N/A,N/A,6,1 6,8,1 8,N/A,N/A,N/A,13,6 8,1 6 8,N/A,N/A,N/A
1 6 8 12,0.0396769,18.0378,Yes,N/A,N/A,N/A,N/A,N/A,6,1 6,8,1 8,N/A,N/A,12,1 12,6 8,1 6 8,N/A,N/A,6 12
1 6 8 12 13,0.0125946,29.2719,Yes,N/A,N/A,N/A,N/A,N/A,6,1 6,8,1 8,N/A,N/A,12,13,6 8,1 6 8,N/A,N/A,6 12
1 6 8 11,0.0478788,16.5241,Yes,N/A,N/A,N/A,N/A,N/A,6,1 6,8,1 8,N/A,11,1 11,N/A,6 8,1 6 8,N/A,6 11,1 6 11
1 6 8 11 13,0.0180149,25.6412,Yes,N/A,N/A,N/A,N/A,N/A,6,1 6,8,1 8,N/A,11,1 11,13,6 8,1 6 8,N/A,6 11,1 6 11
1 6 8 11 12,0.0222106,24.3881,Yes,N/A,N/A,N/A,N/A,N/A,6,1 6,8,1 8,N/A,11,12,1 12,6 8,1 6 8,N/A,6 11,6 12
1 6 8 11 12 13,0.0092479,34.7237,Yes,N/A,N/A,N/A,N/A,N/A,6,1 6,8,1 8,N/A,11,12,13,6 8,1 6 8,N/A,6 11,6 12
1 6 8 10,0.0555949,15.156,Yes,N/A,N/A,N/A,N/A,N/A,6,1 6,8,1 8,10,1 10,N/A,N/A,6 8,1 6 8,6 10,1 6 10,8 10
1 6 8 10 13,0.0207244,24.1472,Yes,N/A,N/A,N/A,N/A,N/A,6,1 6,8,1 8,10,1 10,N/A,13,6 8,1 6 8,6 10,1 6 10,8 10
1 6 8 10 12,0.0295626,20.6319,Yes,N/A,N/A,N/A,N/A,N/A,6,1 6,8,1 8,10,1 10,12,1 12,6 8,1 6 8,6 10,1 6 10,6 12
1 6 8 10 12 13,0.0122107,30.2743,Yes,N/A,N/A,N/A,N/A,N/A,6,1 6,8,1 8,10,1 10,12,13,6 8,1 6 8,6 10,1 6 10,6 12
1 6 8 10 11,0.0296342,21.4199,Yes,N/A,N/A,N/A,N/A,N/A,6,1 6,8,1 8,10,11,1 11,N/A,6 8,1 6 8,6 10,6 11,8 10
1 6 8 10 11 13,0.0141283,28.8171,Yes,N/A,N/A,N/A,N/A,N/A,6,1 6,8,1 8,10,11,1 11,13,6 8,1 6 8,6 10,6 11,8 10
1 6 8 10 11 12,0.017137,27.4692,Yes,N/A,N/A,N/A,N/A,N/A,6,1 6,8,1 8,10,11,12,1 12,6 8,1 6 8,6 10,6 11,6 12
1 6 8 10 11 12 13,0.00878726,36.2196,Yes,N/A,N/A,N/A,N/A,N/A,6,1 6,8,1 8,10,11,12,13,6 8,1 6 8,6 10,6 11,6 12
1 6 8 9,0.0506765,15.8982,Yes,N/A,N/A,N/A,N/A,N/A,6,1 6,8,9,1 9,N/A,N/A,N/A,6 8,6 9,1 6 9,8 9,1 8 9
1 6 8 9 13,0.0194784,25.2698,Yes,N/A,N/A,N/A,N/A,N/A,6,1 6,8,9,1 9,N/A,N/A,13,6 8,6 9,1 6 9,8 9,1 8 9
1 6 8 9 12,0.0282788,21.8105,Yes,N/A,N/A,N/A,N/A,N/A,6,1 6,8,9,1 9,N/A,12,1 12,6 8,6 9,1 6 9,8 9,6 12
1 6 8 9 12 13,0.0116384,32.0165,Yes,N/A,N/A,N/A,N/A,N/A,6,1 6,8,9,1 9,N/A,12,13,6 8,6 9,1 6 9,8 9,6 12
1 6 8 9 11,0.0326405,20.3829,Yes,N/A,N/A,N/A,N/A,N/A,6,1 6,8,9,1 9,11,1 11,N/A,6 8,6 9,1 6 9,6 11,1 6 11
1 6 8 9 11 13,0.0154068,27.7476,Yes,N/A,N/A,N/A,N/A,N/A,6,1 6,8,9,1 9,11,1 11,13,6 8,6 9,1 6 9,6 11,1 6 11
1 6 8 9 11 12,0.0186107,26.4296,Yes,N/A,N/A,N/A,N/A,N/A,6,1 6,8,9,1 9,11,12,1 12,6 8,6 9,1 6 9,6 11,6 12
1 6 8 9 11 12 13,0.00948717,35.143,Yes,N/A,N/A,N/A,N/A,N/A,6,1 6,8,9,1 9,11,12,13,6 8,6 9,1 6 9,6 11,6 12
1 6 8 9 10,0.0306116,21.5369,Yes,N/A,N/A,N/A,N/A,N/A,6,1 6,8,9,10,1 10,N/A,N/A,6 8,6 9,6 10,8 9,8 10
1 6 8 9 10 13,0.014874,29.3797,Yes,N/A,N/A,N/A,N/A,N/A,6,1 6,8,9,10,1 10,N/A,13,6 8,6 9,6 10,8 9,8 10
1 6 8 9 10 12,0.0207893,25.0669,Yes,N/A,N/A,N/A,N/A,N/A,6,1 6,8,9,10,1 10,12,1 12,6 8,6 9,6 10,8 9,6 12
1 6 8 9 10 12 13,0.0105271,33.7103,Yes,N/A,N/A,N/A,N/A,N/A,6,1 6,8,9,10,1 10,12,13,6 8,6 9,6 10,8 9,6 12
1 6 8 9 10 11,0.020399,26.6202,Yes,N/A,N/A,N/A,N/A,N/A,6,1 6,8,9,10,11,1 11,N/A,6 8,6 9,6 10,6 11,8 10
1 6 8 9 10 11 13,0.0119043,32.2236,Yes,N/A,N/A,N/A,N/A,N/A,6,1 6,8,9,10,11,1 11,13,6 8,6 9,6 10,6 11,8 10
1 6 8 9 10 11 12,0.0141776,30.9484,Yes,N/A,N/A,N/A,N/A,N/A,6,1 6,8,9,10,11,12,1 12,6 8,6 9,6 10,6 11,6 12
1 6 8 9 10 11 12 13,0.00859387,38.39,Yes,N/A,N/A,N/A,N/A,N/A,6,1 6,8,9,10,11,12,13,6 8,6 9,6 10,6 11,6 12
2 8 11 13,0.0152472,26.6849,Yes,N/A,2,N/A,N/A,N/A,N/A,N/A,8,N/A,2 8,11,N/A,13,N/A,2 13,N/A,N/A,N/A
2 8 11 12,0.0224784,23.3573,Yes,N/A,2,N/A,N/A,N/A,N/A,N/A,8,N/A,2 8,11,12,2 11,2 12,N/A,N/A,N/A,N/A
2 8 11 12 13,0.00902811,33.5607,Yes,N/A,2,N/A,N/A,N/A,N/A,N/A,8,N/A,2 8,11,12,13,2 12,2 13,N/A,N/A,N/A
2 8 10 13,0.0149257,25.6803,Yes,N/A,2,N/A,N/A,N/A,N/A,N/A,8,N/A,10,N/A,2 10,13,N/A,2 13,N/A,N/A,8 10
2 8 10 12,0.0150392,25.8275,Yes,N/A,2,N/A,N/A,N/A,N/A,N/A,8,N/A,10,N/A,12,N/A,2 12,N/A,N/A,N/A,8 10
2 8 10 12 13,0.00749775,34.8145,Yes,N/A,2,N/A,N/A,N/A,N/A,N/A,8,N/A,10,N/A,12,13,2 12,2 13,N/A,N/A,8 10
2 8 10 11 13,0.008919,33.0105,Yes,N/A,2,N/A,N/A,N/A,N/A,N/A,8,N/A,10,11,2 10,13,N/A,2 13,N/A,N/A,8 10
2 8 10 11 12,0.0110338,31.331,Yes,N/A,2,N/A,N/A,N/A,N/A,N/A,8,N/A,10,11,12,2 11,2 12,N/A,N/A,N/A,8 10
2 8 10 11 12 13,0.00550253,41.0438,Yes,N/A,2,N/A,N/A,N/A,N/A,N/A,8,N/A,10,11,12,13,2 12,2 13,N/A,N/A,8 10
2 8 9 12,0.025104,21.3789,Yes,N/A,2,N/A,N/A,N/A,N/A,N/A,8,9,2 8,2 9,12,N/A,2 12,N/A,N/A,8 9,N/A
2 8 9 12 13,0.0114687,29.5185,Yes,N/A,2,N/A,N/A,N/A,N/A,N/A,8,9,2 8,2 9,12,13,2 12,2 13,N/A,8 9,N/A
2 8 9 11 13,0.00970728,32.1859,Yes,N/A,2,N/A,N/A,N/A,N/A,N/A,8,9,2 8,11,N/A,13,N/A,2 13,N/A,8 9,N/A
2 8 9 11 12,0.0141776,28.2111,Yes,N/A,2,N/A,N/A,N/A,N/A,N/A,8,9,2 8,11,12,2 11,2 12,N/A,N/A,8 9,N/A
2 8 9 11 12 13,0.00693714,37.3206,Yes,N/A,2,N/A,N/A,N/A,N/A,N/A,8,9,2 8,11,12,13,2 12,2 13,N/A,8 9,N/A
2 8 9 10 13,0.0121626,28.8885,Yes,N/A,2,N/A,N/A,N/A,N/A,N/A,8,9,10,2 9,2 10,13,N/A,2 13,N/A,8 9,8 10
2 8 9 10 12,0.0127913,29.2314,Yes,N/A,2,N/A,N/A,N/A,N/A,N/A,8,9,10,2 9,12,N/A,2 12,N/A,N/A,8 9,8 10
2 8 9 10 12 13,0.00722922,36.2442,Yes,N/A,2,N/A,N/A,N/A,N/A,N/A,8,9,10,2 9,12,13,2 12,2 13,N/A,8 9,8 10
2 8 9 10 11 13,0.00722663,37.0823,Yes,N/A,2,N/A,N/A,N/A,N/A,N/A,8,9,10,11,2 10,13,N/A,2 13,N/A,8 9,8 10
2 8 9 10 11 12,0.00884996,35.1509,Yes,N/A,2,N/A,N/A,N/A,N/A,N/A,8,9,10,11,12,2 11,2 12,N/A,N/A,8 9,8 10
2 8 9 10 11 12 13,0.00517774,43.3886,Yes,N/A,2,N/A,N/A,N/A,N/A,N/A,8,9,10,11,12,13,2 12,2 13,N/A,8 9,8 10
1 2 6,0.132373,6.38465,Yes,N/A,2,1 2,N/A,N/A,6,1 6,2 6,1 2 6,N/A,N/A,N/A,N/A,N/A,N/A,N/A,N/A,N/A
2 6,0.0972222,6.94444,Yes,N/A,2,N/A,N/A,N/A,6,N/A,2 6,N/A,N/A,N/A,N/A,N/A,N/A,N/A,N/A,N/A,N/A
1 2 6 13,0.0490005,14.9904,Yes,N/A,2,1 2,N/A,N/A,6,1 6,2 6,1 2 6,N/A,N/A,N/A,13,1 13,2 13,1 2 13,N/A,N/A
1 2 6 12,0.0646422,12.7336,Yes,N/A,2,1 2,N/A,N/A,6,1 6,2 6,1 2 6,N/A,N/A,12,1 12,2 12,1 2 12,N/A,N/A,6 12
1 2 6 12 13,0.0236095,23.0827,Yes,N/A,2,1 2,N/A,N/A,6,1 6,2 6,1 2 6,N/A,N/A,12,13,2 12,2 13,1 2 13,N/A,6 12
2 6 13,0.023191,17.6571,Yes,N/A,2,N/A,N/A,N/A,6,N/A,2 6,N/A,N/A,N/A,N/A,13,N/A,2 13,N/A,N/A,N/A
1 2 6 11,0.0772141,10.6842,Yes,N/A,2,1 2,N/A,N/A,6,1 6,2 6,1 2 6,N/A,11,1 11,2 11,1 2 11,N/A,N/A,6 11,1 6 11
2 6 11,0.0333076,14.6546,Yes,N/A,2,N/A,N/A,N/A,6,N/A,2 6,N/A,N/A,11,N/A,2 11,N/A,N/A,N/A,6 11,N/A
1 2 6 11 13,0.0319588,19.6228,Yes,N/A,2,1 2,N/A,N/A,6,1 6,2 6,1 2 6,N/A,11,1 11,13,1 13,2 13,1 2 13,6 11,1 6 11
1 2 6 11 12,0.0370037,18.8454,Yes,N/A,2,1 2,N/A,N/A,6,1 6,2 6,1 2 6,N/A,11,12,2 11,2 12,1 2 12,N/A,6 11,6 12
1 2 6 11 12 13,0.0168443,28.4327,Yes,N/A,2,1 2,N/A,N/A,6,1 6,2 6,1 2 6,N/A,11,12,13,2 12,2 13,1 2 13,6 11,6 12
2 6 12,0.0289352,16.1142,Yes,N/A,2,N/A,N/A,N/A,6,N/A,2 6,N/A,N/A,N/A,12,N/A,2 12,N/A,N/A,N/A,6 12
2 6 12 13,0.0103565,26.056,Yes,N/A,2,N/A,N/A,N/A,6,N/A,2 6,N/A,N/A,N/A,12,13,2 12,2 13,N/A,N/A,6 12
1 2 6 10,0.0853445,8.94383,Yes,N/A,2,1 2,N/A,N/A,6,1 6,2 6,1 2 6,10,1 10,2 10,1 2 10,N/A,N/A,6 10,1 6 10,2 6 10
2 6 10,0.0396519,13.37,Yes,N/A,2,N/A,N/A,N/A,6,N/A,2 6,N/A,10,N/A,2 10,N/A,N/A,N/A,6 10,N/A,2 6 10
1 2 6 10 13,0.0388753,16.7002,Yes,N/A,2,1 2,N/A,N/A,6,1 6,2 6,1 2 6,10,1 10,2 10,13,1 13,2 13,6 10,1 6 10,2 6 10
1 2 6 10 12,0.0476489,15.3039,Yes,N/A,2,1 2,N/A,N/A,6,1 6,2 6,1 2 6,10,1 10,12,1 12,2 12,1 2 12,6 10,1 6 10,6 12
1 2 6 10 12 13,0.0220053,24.4365,Yes,N/A,2,1 2,N/A,N/A,6,1 6,2 6,1 2 6,10,1 10,12,13,2 12,2 13,6 10,1 6 10,6 12
1 2 6 10 11,0.0520095,15.0365,Yes,N/A,2,1 2,N/A,N/A,6,1 6,2 6,1 2 6,10,11,2 10,2 11,1 2 11,N/A,6 10,6 11,2 6 10
2 6 10 11,0.0262828,19.6588,Yes,N/A,2,N/A,N/A,N/A,6,N/A,2 6,N/A,10,11,2 10,2 11,N/A,N/A,6 10,6 11,2 6 10
1 2 6 10 11 13,0.0260844,22.847,Yes,N/A,2,1 2,N/A,N/A,6,1 6,2 6,1 2 6,10,11,2 10,13,1 13,2 13,6 10,6 11,2 6 10
1 2 6 10 11 12,0.0300335,21.9477,Yes,N/A,2,1 2,N/A,N/A,6,1 6,2 6,1 2 6,10,11,12,2 11,2 12,1 2 12,6 10,6 11,6 12
1 2 6 10 11 12 13,0.015886,30.7418,Yes,N/A,2,1 2,N/A,N/A,6,1 6,2 6,1 2 6,10,11,12,13,2 12,2 13,6 10,6 11,6 12
2 6 11 13,0.0112954,25.9501,Yes,N/A,2,N/A,N/A,N/A,6,N/A,2 6,N/A,N/A,11,N/A,13,N/A,2 13,N/A,6 11,N/A
2 6 11 12,0.0168056,22.7028,Yes,N/A,2,N/A,N/A,N/A,6,N/A,2 6,N/A,N/A,11,12,2 11,2 12,N/A,N/A,6 11,6 12
2 6 11 12 13,0.0068729,33.1824,Yes,N/A,2,N/A,N/A,N/A,6,N/A,2 6,N/A,N/A,11,12,13,2 12,2 13,N/A,6 11,6 12
1 2 6 9,0.0789811,8.72619,Yes,N/A,2,1 2,N/A,N/A,6,1 6,2 6,9,1 9,2 9,1 2 9,N/A,N/A,6 9,1 6 9,2 6 9,1 2 6 9
2 6 9,0.0479681,12.2272,Yes,N/A,2,N/A,N/A,N/A,6,N/A,2 6,9,N/A,2 9,N/A,N/A,N/A,6 9,N/A,2 6 9,N/A
1 2 6 9 13,0.0392732,15.9735,Yes,N/A,2,1 2,N/A,N/A,6,1 6,2 6,9,1 9,2 9,1 2 9,13,1 13,2 13,1 2 13,2 6 9,1 2 6 9
1 2 6 9 12,0.0518228,14.153,Yes,N/A,2,1 2,N/A,N/A,6,1 6,2 6,9,1 9,2 9,12,1 12,2 12,6 9,1 6 9,2 6 9,6 12
1 2 6 9 12 13,0.0235076,23.2966,Yes,N/A,2,1 2,N/A,N/A,6,1 6,2 6,9,1 9,2 9,12,13,2 12,2 13,1 2 13,2 6 9,6 12
2 6 9 13,0.0162722,22.6828,Yes,N/A,2,N/A,N/A,N/A,6,N/A,2 6,9,N/A,2 9,N/A,13,N/A,2 13,N/A,2 6 9,N/A
1 2 6 9 11,0.0603751,13.048,Yes,N/A,2,1 2,N/A,N/A,6,1 6,2 6,9,1 9,11,1 11,2 11,1 2 11,6 9,1 6 9,6 11,1 6 11
2 6 9 11,0.0262096,20.4082,Yes,N/A,2,N/A,N/A,N/A,6,N/A,2 6,9,N/A,11,N/A,2 11,N/A,6 9,N/A,6 11,N/A
1 2 6 9 11 13,0.027718,21.821,Yes,N/A,2,1 2,N/A,N/A,6,1 6,2 6,9,1 9,11,1 11,13,1 13,2 13,1 2 13,6 11,1 6 11
1 2 6 9 11 12,0.035897,20.0012,Yes,N/A,2,1 2,N/A,N/A,6,1 6,2 6,9,1 9,11,12,2 11,2 12,6 9,1 6 9,6 11,6 12
1 2 6 9 11 12 13,0.0177749,28.7646,Yes,N/A,2,1 2,N/A,N/A,6,1 6,2 6,9,1 9,11,12,13,2 12,2 13,1 2 13,6 11,6 12
1 2 6 9 10,0.0634509,13.3873,Yes,N/A,2,1 2,N/A,N/A,6,1 6,2 6,9,10,2 9,2 10,1 2 10,N/A,6 9,6 10,2 6 9,2 6 10
2 6 9 10,0.0387059,17.0616,Yes,N/A,2,N/A,N/A,N/A,6,N/A,2 6,9,10,2 9,2 10,N/A,N/A,6 9,6 10,2 6 9,2 6 10
1 2 6 9 10 13,0.0330699,20.1203,Yes,N/A,2,1 2,N/A,N/A,6,1 6,2 6,9,10,2 9,2 10,13,1 13,2 13,6 10,2 6 9,2 6 10
1 2 6 9 10 12,0.0406877,18.6924,Yes,N/A,2,1 2,N/A,N/A,6,1 6,2 6,9,10,2 9,12,1 12,2 12,6 9,6 10,2 6 9,6 12
1 2 6 9 10 12 13,0.0207809,27.0377,Yes,N/A,2,1 2,N/A,N/A,6,1 6,2 6,9,10,2 9,12,13,2 12,2 13,6 10,2 6 9,6 12
1 2 6 9 10 11,0.0435767,18.3016,Yes,N/A,2,1 2,N/A,N/A,6,1 6,2 6,9,10,11,2 10,2 11,1 2 11,6 9,6 10,6 11,2 6 10
2 6 9 10 11,0.0221205,23.5947,Yes,N/A,2,N/A,N/A,N/A,6,N/A,2 6,9,10,11,2 10,2 11,N/A,6 9,6 10,6 11,2 6 10
1 2 6 9 10 11 13,0.0238464,25.5555,Yes,N/A,2,1 2,N/A,N/A,6,1 6,2 6,9,10,11,2 10,13,1 13,2 13,6 10,6 11,2 6 10
1 2 6 9 10 11 12,0.028198,24.7551,Yes,N/A,2,1 2,N/A,N/A,6,1 6,2 6,9,10,11,12,2 11,2 12,6 9,6 10,6 11,6 12
1 2 6 9 10 11 12 13,0.0162037,32.5859,Yes,N/A,2,1 2,N/A,N/A,6,1 6,2 6,9,10,11,12,13,2 12,2 13,6 10,6 11,6 12
2 6 10 13,0.0152946,23.0902,Yes,N/A,2,N/A,N/A,N/A,6,N/A,2 6,N/A,10,N/A,2 10,13,N/A,2 13,6 10,N/A,2 6 10
2 6 10 12,0.0176409,23.0762,Yes,N/A,2,N/A,N/A,N/A,6,N/A,2 6,N/A,10,N/A,12,N/A,2 12,N/A,6 10,N/A,6 12
2 6 10 12 13,0.00817912,31.9514,Yes,N/A,2,N/A,N/A,N/A,6,N/A,2 6,N/A,10,N/A,12,13,2 12,2 13,6 10,N/A,6 12
2 6 10 11 13,0.0100773,29.8776,Yes,N/A,2,N/A,N/A,N/A,6,N/A,2 6,N/A,10,11,2 10,13,N/A,2 13,6 10,6 11,2 6 10
2 6 10 11 12,0.0132617,28.0996,Yes,N/A,2,N/A,N/A,N/A,6,N/A,2 6,N/A,10,11,12,2 11,2 12,N/A,6 10,6 11,6 12
2 6 10 11 12 13,0.0063323,37.457,Yes,N/A,2,N/A,N/A,N/A,6,N/A,2 6,N/A,10,11,12,13,2 12,2 13,6 10,6 11,6 12
1 2 6 8,0.0742313,8.55925,Yes,N/A,2,1 2,N/A,N/A,6,1 6,8,1 8,2 8,1 2 8,N/A,N/A,6 8,1 6 8,2 6 8,1 2 6 8,N/A
1 2 6 8 13,0.0339282,17.3623,Yes,N/A,2,1 2,N/A,N/A,6,1 6,8,1 8,2 8,1 2 8,N/A,13,6 8,2 13,2 6 8,1 2 6 8,N/A
2 6 8,0.048804,12.0466,Yes,N/A,2,N/A,N/A,N/A,6,N/A,8,N/A,2 8,N/A,N/A,N/A,6 8,N/A,2 6 8,N/A,N/A
1 2 6 8 12,0.0503106,13.9698,Yes,N/A,2,1 2,N/A,N/A,6,1 6,8,1 8,2 8,1 2 8,12,1 12,2 12,1 2 12,2 6 8,1 2 6 8,6 12
1 2 6 8 12 13,0.0216244,23.3674,Yes,N/A,2,1 2,N/A,N/A,6,1 6,8,1 8,2 8,1 2 8,12,13,2 12,2 13,2 6 8,1 2 6 8,6 12
2 6 8 13,0.0192142,21.9273,Yes,N/A,2,N/A,N/A,N/A,6,N/A,8,N/A,2 8,N/A,N/A,13,6 8,2 13,2 6 8,N/A,N/A
1 2 6 8 11,0.0636989,12.3166,Yes,N/A,2,1 2,N/A,N/A,6,1 6,8,1 8,2 8,11,1 11,2 11,6 8,1 6 8,2 6 8,6 11,1 6 11
1 2 6 8 11 13,0.0286603,21.3054,Yes,N/A,2,1 2,N/A,N/A,6,1 6,8,1 8,2 8,11,1 11,13,6 8,2 13,2 6 8,6 11,1 6 11
1 2 6 8 11 12,0.0360004,19.4901,Yes,N/A,2,1 2,N/A,N/A,6,1 6,8,1 8,2 8,11,12,2 11,2 12,1 2 12,2 6 8,6 11,6 12
1 2 6 8 11 12 13,0.0177523,28.3059,Yes,N/A,2,1 2,N/A,N/A,6,1 6,8,1 8,2 8,11,12,13,2 12,2 13,2 6 8,6 11,6 12
2 6 8 12,0.0215862,21.311,Yes,N/A,2,N/A,N/A,N/A,6,N/A,8,N/A,2 8,N/A,12,N/A,2 12,N/A,2 6 8,N/A,6 12
2 6 8 12 13,0.0093804,30.3091,Yes,N/A,2,N/A,N/A,N/A,6,N/A,8,N/A,2 8,N/A,12,13,2 12,2 13,2 6 8,N/A,6 12
1 2 6 8 10,0.0721675,11.5221,Yes,N/A,2,1 2,N/A,N/A,6,1 6,8,1 8,10,1 10,2 10,1 2 10,6 8,1 6 8,6 10,1 6 10,8 10
1 2 6 8 10 13,0.0335118,19.8349,Yes,N/A,2,1 2,N/A,N/A,6,1 6,8,1 8,10,1 10,2 10,13,6 8,2 13,6 10,1 6 10,8 10
2 6 8 10,0.0327602,19.185,Yes,N/A,2,N/A,N/A,N/A,6,N/A,8,N/A,10,N/A,2 10,N/A,6 8,N/A,6 10,N/A,8 10
1 2 6 8 10 12,0.0387838,18.7736,Yes,N/A,2,1 2,N/A,N/A,6,1 6,8,1 8,10,1 10,12,1 12,2 12,1 2 12,6 10,1 6 10,6 12
1 2 6 8 10 12 13,0.0202987,26.6426,Yes,N/A,2,1 2,N/A,N/A,6,1 6,8,1 8,10,1 10,12,13,2 12,2 13,6 10,1 6 10,6 12
1 2 6 8 10 11,0.0508122,16.6508,Yes,N/A,2,1 2,N/A,N/A,6,1 6,8,1 8,10,11,2 10,2 11,6 8,1 6 8,6 10,6 11,8 10
1 2 6 8 10 11 13,0.0254464,24.8951,Yes,N/A,2,1 2,N/A,N/A,6,1 6,8,1 8,10,11,2 10,13,6 8,2 13,6 10,6 11,8 10
1 2 6 8 10 11 12,0.0292997,23.3941,Yes,N/A,2,1 2,N/A,N/A,6,1 6,8,1 8,10,11,12,2 11,2 12,1 2 12,6 10,6 11,6 12
1 2 6 8 10 11 12 13,0.0166891,31.2319,Yes,N/A,2,1 2,N/A,N/A,6,1 6,8,1 8,10,11,12,13,2 12,2 13,6 10,6 11,6 12
1 2 6 8 9,0.0739333,12.288,Yes,N/A,2,1 2,N/A,N/A,6,1 6,8,9,2 8,2 9,1 2 9,N/A,6 8,6 9,2 6 8,8 9,1 8 9
1 2 6 8 9 13,0.0350667,19.4149,Yes,N/A,2,1 2,N/A,N/A,6,1 6,8,9,2 8,2 9,1 2 9,13,6 8,2 13,2 6 8,8 9,1 8 9
2 6 8 9,0.0487424,15.9316,Yes,N/A,2,N/A,N/A,N/A,6,N/A,8,9,2 8,2 9,N/A,N/A,6 8,6 9,2 6 8,8 9,N/A
1 2 6 8 9 12,0.0475283,16.9483,Yes,N/A,2,1 2,N/A,N/A,6,1 6,8,9,2 8,2 9,12,1 12,2 12,6 9,2 6 8,8 9,6 12
1 2 6 8 9 12 13,0.0221984,25.619,Yes,N/A,2,1 2,N/A,N/A,6,1 6,8,9,2 8,2 9,12,13,2 12,2 13,2 6 8,8 9,6 12
2 6 8 9 13,0.0177445,25.1977,Yes,N/A,2,N/A,N/A,N/A,6,N/A,8,9,2 8,2 9,N/A,13,6 8,2 13,2 6 8,8 9,N/A
1 2 6 8 9 11,0.0545468,15.9286,Yes,N/A,2,1 2,N/A,N/A,6,1 6,8,9,2 8,11,1 11,2 11,6 8,6 9,2 6 8,6 11,1 6 11
1 2 6 8 9 11 13,0.0269537,23.8171,Yes,N/A,2,1 2,N/A,N/A,6,1 6,8,9,2 8,11,1 11,13,6 8,2 13,2 6 8,6 11,1 6 11
1 2 6 8 9 11 12,0.0334512,22.0792,Yes,N/A,2,1 2,N/A,N/A,6,1 6,8,9,2 8,11,12,2 11,2 12,6 9,2 6 8,6 11,6 12
1 2 6 8 9 11 12 13,0.0180377,29.8985,Yes,N/A,2,1 2,N/A,N/A,6,1 6,8,9,2 8,11,12,13,2 12,2 13,2 6 8,6 11,6 12
1 2 6 8 9 10,0.0563774,15.5812,Yes,N/A,2,1 2,N/A,N/A,6,1 6,8,9,10,2 9,2 10,1 2 10,6 8,6 9,6 10,8 9,8 10
1 2 6 8 9 10 13,0.0299643,22.7667,Yes,N/A,2,1 2,N/A,N/A,6,1 6,8,9,10,2 9,2 10,13,6 8,2 13,6 10,8 9,8 10
2 6 8 9 10,0.0296665,21.239,Yes,N/A,2,N/A,N/A,N/A,6,N/A,8,9,10,2 9,2 10,N/A,6 8,6 9,6 10,8 9,8 10
1 2 6 8 9 10 12,0.0362657,20.9934,Yes,N/A,2,1 2,N/A,N/A,6,1 6,8,9,10,2 9,12,1 12,2 12,6 9,6 10,8 9,6 12
1 2 6 8 9 10 12 13,0.0200904,28.4929,Yes,N/A,2,1 2,N/A,N/A,6,1 6,8,9,10,2 9,12,13,2 12,2 13,6 10,8 9,6 12
1 2 6 8 9 10 11,0.0405553,20.3987,Yes,N/A,2,1 2,N/A,N/A,6,1 6,8,9,10,11,2 10,2 11,6 8,6 9,6 10,6 11,8 10
1 2 6 8 9 10 11 13,0.0232365,27.4851,Yes,N/A,2,1 2,N/A,N/A,6,1 6,8,9,10,11,2 10,13,6 8,2 13,6 10,6 11,8 10
1 2 6 8 9 10 11 12,0.0271941,26.022,Yes,N/A,2,1 2,N/A,N/A,6,1 6,8,9,10,11,12,2 11,2 12,6 9,6 10,6 11,6 12
1 2 6 8 9 10 11 12 13,0.0168447,33.0052,Yes,N/A,2,1 2,N/A,N/A,6,1 6,8,9,10,11,12,13,2 12,2 13,6 10,6 11,6 12
1 6 7,0.100544,10.0664,Yes,N/A,N/A,N/A,N/A,N/A,6,7,1 7,N/A,N/A,N/A,N/A,6 7,1 6 7,N/A,N/A,N/A,N/A
1 6 7 13,0.0207628,22.1274,Yes,N/A,N/A,N/A,N/A,N/A,6,7,1 7,N/A,N/A,N/A,N/A,13,1 13,N/A,N/A,N/A,N/A
1 6 7 12,0.0367081,19.2814,Yes,N/A,N/A,N/A,N/A,N/A,6,7,1 7,N/A,N/A,N/A,12,6 7,1 6 7,N/A,N/A,N/A,6 12
1 6 7 12 13,0.00951783,31.1864,Yes,N/A,N/A,N/A,N/A,N/A,6,7,1 7,N/A,N/A,N/A,12,13,1 13,N/A,N/A,N/A,6 12
1 6 7 11,0.0554725,16.3196,Yes,N/A,N/A,N/A,N/A,N/A,6,7,1 7,N/A,N/A,11,1 11,6 7,1 6 7,N/A,N/A,6 11,7 11
1 6 7 11 13,0.0142279,27.7481,Yes,N/A,N/A,N/A,N/A,N/A,6,7,1 7,N/A,N/A,11,1 11,13,1 13,N/A,N/A,6 11,7 11
1 6 7 11 12,0.0207018,26.3316,Yes,N/A,N/A,N/A,N/A,N/A,6,7,1 7,N/A,N/A,11,12,6 7,1 6 7,N/A,N/A,6 11,6 12
1 6 7 11 12 13,0.00695857,37.6085,Yes,N/A,N/A,N/A,N/A,N/A,6,7,1 7,N/A,N/A,11,12,13,1 13,N/A,N/A,6 11,6 12
1 6 7 10,0.0623312,14.9649,Yes,N/A,N/A,N/A,N/A,N/A,6,7,1 7,N/A,10,1 10,N/A,6 7,1 6 7,N/A,6 10,7 10,1 7 10
1 6 7 10 13,0.0165636,26.2404,Yes,N/A,N/A,N/A,N/A,N/A,6,7,1 7,N/A,10,1 10,N/A,13,1 13,N/A,6 10,7 10,1 7 10
1 6 7 10 12,0.0283505,22.6024,Yes,N/A,N/A,N/A,N/A,N/A,6,7,1 7,N/A,10,1 10,12,6 7,1 6 7,N/A,6 10,7 10,6 12
1 6 7 10 12 13,0.009326,33.5185,Yes,N/A,N/A,N/A,N/A,N/A,6,7,1 7,N/A,10,1 10,12,13,1 13,N/A,6 10,7 10,6 12
1 6 7 10 11,0.0319848,21.5203,Yes,N/A,N/A,N/A,N/A,N/A,6,7,1 7,N/A,10,11,1 11,6 7,1 6 7,N/A,6 10,6 11,7 11
1 6 7 10 11 13,0.0112841,31.9329,Yes,N/A,N/A,N/A,N/A,N/A,6,7,1 7,N/A,10,11,1 11,13,1 13,N/A,6 10,6 11,7 11
1 6 7 10 11 12,0.0157594,30.4636,Yes,N/A,N/A,N/A,N/A,N/A,6,7,1 7,N/A,10,11,12,6 7,1 6 7,N/A,6 10,6 11,6 12
1 6 7 10 11 12 13,0.00675646,40.5295,Yes,N/A,N/A,N/A,N/A,N/A,6,7,1 7,N/A,10,11,12,13,1 13,N/A,6 10,6 11,6 12
1 6 7 9,0.0673615,13.7256,Yes,N/A,N/A,N/A,N/A,N/A,6,7,1 7,9,1 9,N/A,N/A,6 7,1 6 7,6 9,7 9,1 7 9,N/A
1 6 7 9 13,0.0187885,24.8231,Yes,N/A,N/A,N/A,N/A,N/A,6,7,1 7,9,1 9,N/A,N/A,13,1 13,6 9,7 9,1 7 9,N/A
1 6 7 9 12,0.0306408,21.1601,Yes,N/A,N/A,N/A,N/A,N/A,6,7,1 7,9,1 9,N/A,12,6 7,1 6 7,6 9,7 9,1 7 9,6 12
1 6 7 9 12 13,0.0105336,31.8525,Yes,N/A,N/A,N/A,N/A,N/A,6,7,1 7,9,1 9,N/A,12,13,1 13,6 9,7 9,1 7 9,6 12
1 6 7 9 11,0.0408531,17.7371,Yes,N/A,N/A,N/A,N/A,N/A,6,7,1 7,9,1 9,11,1 11,6 7,1 6 7,6 9,7 9,6 11,7 11
1 6 7 9 11 13,0.0145308,27.6222,Yes,N/A,N/A,N/A,N/A,N/A,6,7,1 7,9,1 9,11,1 11,13,1 13,6 9,7 9,6 11,7 11
1 6 7 9 11 12,0.0201439,25.8354,Yes,N/A,N/A,N/A,N/A,N/A,6,7,1 7,9,1 9,11,12,6 7,1 6 7,6 9,7 9,6 11,6 12
1 6 7 9 11 12 13,0.00867229,35.2453,Yes,N/A,N/A,N/A,N/A,N/A,6,7,1 7,9,1 9,11,12,13,1 13,6 9,7 9,6 11,6 12
1 6 7 9 10,0.0381398,18.937,Yes,N/A,N/A,N/A,N/A,N/A,6,7,1 7,9,10,1 10,N/A,6 7,1 6 7,6 9,6 10,7 10,1 7 10
1 6 7 9 10 13,0.0144609,28.9746,Yes,N/A,N/A,N/A,N/A,N/A,6,7,1 7,9,10,1 10,N/A,13,1 13,6 9,6 10,7 10,1 7 10
1 6 7 9 10 12,0.0220367,24.5413,Yes,N/A,N/A,N/A,N/A,N/A,6,7,1 7,9,10,1 10,12,6 7,1 6 7,6 9,6 10,7 10,6 12
1 6 7 9 10 12 13,0.0096891,33.8151,Yes,N/A,N/A,N/A,N/A,N/A,6,7,1 7,9,10,1 10,12,13,1 13,6 9,6 10,7 10,6 12
1 6 7 9 10 11,0.0245122,23.5796,Yes,N/A,N/A,N/A,N/A,N/A,6,7,1 7,9,10,11,1 11,6 7,1 6 7,6 9,6 10,6 11,7 11
1 6 7 9 10 11 13,0.0114399,32.0737,Yes,N/A,N/A,N/A,N/A,N/A,6,7,1 7,9,10,11,1 11,13,1 13,6 9,6 10,6 11,7 11
1 6 7 9 10 11 12,0.0148279,30.6099,Yes,N/A,N/A,N/A,N/A,N/A,6,7,1 7,9,10,11,12,6 7,1 6 7,6 9,6 10,6 11,6 12
1 6 7 9 10 11 12 13,0.00799628,38.2959,Yes,N/A,N/A,N/A,N/A,N/A,6,7,1 7,9,10,11,12,13,1 13,6 9,6 10,6 11,6 12
1 2 6 7,0.0776213,8.16318,Yes,N/A,2,1 2,N/A,N/A,6,7,2 6,2 7,1 2 7,N/A,N/A,6 7,1 6 7,2 6 7,1 2 6 7,N/A,N/A
2 6 7,0.0705161,10.2349,Yes,N/A,2,N/A,N/A,N/A,6,7,2 6,2 7,N/A,N/A,N/A,6 7,N/A,2 6 7,N/A,N/A,N/A
1 2 6 7 13,0.03273,18.5953,Yes,N/A,2,1 2,N/A,N/A,6,7,2 6,2 7,1 2 7,N/A,N/A,13,1 13,2 13,1 2 13,N/A,N/A
1 2 6 7 12,0.0480572,15.3805,Yes,N/A,2,1 2,N/A,N/A,6,7,2 6,2 7,1 2 7,N/A,12,6 7,2 12,2 6 7,1 2 6 7,N/A,6 12
1 2 6 7 12 13,0.0184162,25.9738,Yes,N/A,2,1 2,N/A,N/A,6,7,2 6,2 7,1 2 7,N/A,12,13,2 12,2 13,1 2 13,N/A,6 12
2 6 7 13,0.0169592,22.1131,Yes,N/A,2,N/A,N/A,N/A,6,7,2 6,2 7,N/A,N/A,N/A,13,N/A,2 13,N/A,N/A,N/A
1 2 6 7 11,0.0688464,12.0653,Yes,N/A,2,1 2,N/A,N/A,6,7,2 6,2 7,1 2 7,11,1 11,2 11,1 2 11,2 6 7,1 2 6 7,6 11,7 11
2 6 7 11,0.0360993,17.9176,Yes,N/A,2,N/A,N/A,N/A,6,7,2 6,2 7,N/A,11,N/A,2 11,N/A,2 6 7,N/A,6 11,7 11
1 2 6 7 11 13,0.0277628,21.2159,Yes,N/A,2,1 2,N/A,N/A,6,7,2 6,2 7,1 2 7,11,1 11,13,1 13,2 13,1 2 13,6 11,7 11
1 2 6 7 11 12,0.0350859,20.0234,Yes,N/A,2,1 2,N/A,N/A,6,7,2 6,2 7,1 2 7,11,12,2 11,2 12,2 6 7,1 2 6 7,6 11,6 12
1 2 6 7 11 12 13,0.015765,29.2768,Yes,N/A,2,1 2,N/A,N/A,6,7,2 6,2 7,1 2 7,11,12,13,2 12,2 13,1 2 13,6 11,6 12
2 6 7 12,0.0350407,18.1322,Yes,N/A,2,N/A,N/A,N/A,6,7,2 6,2 7,N/A,N/A,12,6 7,2 12,2 6 7,N/A,N/A,6 12
2 6 7 12 13,0.00970162,29.4846,Yes,N/A,2,N/A,N/A,N/A,6,7,2 6,2 7,N/A,N/A,12,13,2 12,2 13,N/A,N/A,6 12
1 2 6 7 10,0.0836432,10.5593,Yes,N/A,2,1 2,N/A,N/A,6,7,2 6,2 7,10,1 10,2 10,6 7,1 6 7,2 6 7,6 10,7 10,2 6 10
2 6 7 10,0.055168,14.8495,Yes,N/A,2,N/A,N/A,N/A,6,7,2 6,2 7,10,N/A,2 10,6 7,N/A,2 6 7,6 10,7 10,2 6 10
1 2 6 7 10 13,0.0347072,19.5665,Yes,N/A,2,1 2,N/A,N/A,6,7,2 6,2 7,10,1 10,2 10,13,1 13,2 13,6 10,7 10,2 6 10
1 2 6 7 10 12,0.0470323,17.2696,Yes,N/A,2,1 2,N/A,N/A,6,7,2 6,2 7,10,1 10,12,6 7,2 12,2 6 7,6 10,7 10,6 12
1 2 6 7 10 12 13,0.0206605,26.4055,Yes,N/A,2,1 2,N/A,N/A,6,7,2 6,2 7,10,1 10,12,13,2 12,2 13,6 10,7 10,6 12
1 2 6 7 10 11,0.0518146,16.6513,Yes,N/A,2,1 2,N/A,N/A,6,7,2 6,2 7,10,11,2 10,2 11,1 2 11,2 6 7,6 10,6 11,7 11
2 6 7 10 11,0.0271121,21.0916,Yes,N/A,2,N/A,N/A,N/A,6,7,2 6,2 7,10,11,2 10,2 11,N/A,2 6 7,6 10,6 11,7 11
1 2 6 7 10 11 13,0.0253451,24.3852,Yes,N/A,2,1 2,N/A,N/A,6,7,2 6,2 7,10,11,2 10,13,1 13,2 13,6 10,6 11,7 11
1 2 6 7 10 11 12,0.0306839,23.3969,Yes,N/A,2,1 2,N/A,N/A,6,7,2 6,2 7,10,11,12,2 11,2 12,2 6 7,6 10,6 11,6 12
1 2 6 7 10 11 12 13,0.0162722,31.5223,Yes,N/A,2,1 2,N/A,N/A,6,7,2 6,2 7,10,11,12,13,2 12,2 13,6 10,6 11,6 12
2 6 7 11 13,0.0101657,29.44,Yes,N/A,2,N/A,N/A,N/A,6,7,2 6,2 7,N/A,11,N/A,13,N/A,2 13,N/A,6 11,7 11
2 6 7 11 12,0.018795,24.5893,Yes,N/A,2,N/A,N/A,N/A,6,7,2 6,2 7,N/A,11,12,2 11,2 12,2 6 7,N/A,6 11,6 12
2 6 7 11 12 13,0.00672525,35.2724,Yes,N/A,2,N/A,N/A,N/A,6,7,2 6,2 7,N/A,11,12,13,2 12,2 13,N/A,6 11,6 12
1 2 6 7 9,0.0917634,10.0182,Yes,N/A,2,1 2,N/A,N/A,6,7,2 6,9,1 9,2 9,1 2 9,6 7,1 6 7,6 9,7 9,2 6 9,2 7 9
2 6 7 9,0.0517416,15.4529,Yes,N/A,2,N/A,N/A,N/A,6,7,2 6,9,N/A,2 9,N/A,6 7,N/A,6 9,7 9,2 6 9,2 7 9
1 2 6 7 9 13,0.0341278,19.5402,Yes,N/A,2,1 2,N/A,N/A,6,7,2 6,9,1 9,2 9,1 2 9,13,1 13,2 13,7 9,2 6 9,2 7 9
1 2 6 7 9 12,0.0520533,16.4008,Yes,N/A,2,1 2,N/A,N/A,6,7,2 6,9,1 9,2 9,12,6 7,2 12,6 9,7 9,2 6 9,6 12
1 2 6 7 9 12 13,0.0211487,26.1258,Yes,N/A,2,1 2,N/A,N/A,6,7,2 6,9,1 9,2 9,12,13,2 12,2 13,7 9,2 6 9,6 12
2 6 7 9 13,0.0136351,26.9469,Yes,N/A,2,N/A,N/A,N/A,6,7,2 6,9,N/A,2 9,N/A,13,N/A,2 13,7 9,2 6 9,2 7 9
1 2 6 7 9 11,0.0567193,15.2058,Yes,N/A,2,1 2,N/A,N/A,6,7,2 6,9,1 9,11,1 11,2 11,1 2 11,6 9,7 9,6 11,7 11
2 6 7 9 11,0.0216191,24.2018,Yes,N/A,2,N/A,N/A,N/A,6,7,2 6,9,N/A,11,N/A,2 11,N/A,6 9,7 9,6 11,7 11
1 2 6 7 9 11 13,0.0254559,23.8968,Yes,N/A,2,1 2,N/A,N/A,6,7,2 6,9,1 9,11,1 11,13,1 13,2 13,7 9,6 11,7 11
1 2 6 7 9 11 12,0.0349319,21.2605,Yes,N/A,2,1 2,N/A,N/A,6,7,2 6,9,1 9,11,12,2 11,2 12,6 9,7 9,6 11,6 12
1 2 6 7 9 11 12 13,0.0173398,29.7903,Yes,N/A,2,1 2,N/A,N/A,6,7,2 6,9,1 9,11,12,13,2 12,2 13,7 9,6 11,6 12
1 2 6 7 9 10,0.0659496,14.3561,Yes,N/A,2,1 2,N/A,N/A,6,7,2 6,9,10,2 9,2 10,6 7,1 6 7,6 9,6 10,7 10,2 6 10
2 6 7 9 10,0.0358856,18.8275,Yes,N/A,2,N/A,N/A,N/A,6,7,2 6,9,10,2 9,2 10,6 7,N/A,6 9,6 10,7 10,2 6 10
1 2 6 7 9 10 13,0.0301137,22.4582,Yes,N/A,2,1 2,N/A,N/A,6,7,2 6,9,10,2 9,2 10,13,1 13,2 13,6 10,7 10,2 6 10
1 2 6 7 9 10 12,0.0407871,20.1963,Yes,N/A,2,1 2,N/A,N/A,6,7,2 6,9,10,2 9,12,6 7,2 12,6 9,6 10,7 10,6 12
1 2 6 7 9 10 12 13,0.0200421,28.5236,Yes,N/A,2,1 2,N/A,N/A,6,7,2 6,9,10,2 9,12,13,2 12,2 13,6 10,7 10,6 12
1 2 6 7 9 10 11,0.04232,19.5391,Yes,N/A,2,1 2,N/A,N/A,6,7,2 6,9,10,11,2 10,2 11,1 2 11,6 9,6 10,6 11,7 11
2 6 7 9 10 11,0.0189438,26.0085,Yes,N/A,2,N/A,N/A,N/A,6,7,2 6,9,10,11,2 10,2 11,N/A,6 9,6 10,6 11,7 11
1 2 6 7 9 10 11 13,0.0230785,26.5362,Yes,N/A,2,1 2,N/A,N/A,6,7,2 6,9,10,11,2 10,13,1 13,2 13,6 10,6 11,7 11
1 2 6 7 9 10 11 12,0.0288463,25.0505,Yes,N/A,2,1 2,N/A,N/A,6,7,2 6,9,10,11,12,2 11,2 12,6 9,6 10,6 11,6 12
1 2 6 7 9 10 11 12 13,0.0168127,32.4518,Yes,N/A,2,1 2,N/A,N/A,6,7,2 6,9,10,11,12,13,2 12,2 13,6 10,6 11,6 12
1 6 7 8,0.0557476,14.6221,Yes,N/A,N/A,N/A,N/A,N/A,6,7,8,1 8,N/A,N/A,N/A,6 7,6 8,7 8,1 7 8,N/A,N/A
1 6 7 8 13,0.0149774,26.2737,Yes,N/A,N/A,N/A,N/A,N/A,6,7,8,1 8,N/A,N/A,N/A,13,6 8,7 8,1 7 8,N/A,N/A
1 6 7 8 12,0.0266326,22.541,Yes,N/A,N/A,N/A,N/A,N/A,6,7,8,1 8,N/A,N/A,12,6 7,6 8,7 8,1 7 8,N/A,6 12
1 6 7 8 12 13,0.00871483,34.0573,Yes,N/A,N/A,N/A,N/A,N/A,6,7,8,1 8,N/A,N/A,12,13,6 8,7 8,1 7 8,N/A,6 12
1 6 7 8 11,0.0368695,18.9007,Yes,N/A,N/A,N/A,N/A,N/A,6,7,8,1 8,N/A,11,1 11,6 7,6 8,7 8,1 7 8,6 11,7 11
1 6 7 8 11 13,0.0127735,29.5389,Yes,N/A,N/A,N/A,N/A,N/A,6,7,8,1 8,N/A,11,1 11,13,6 8,7 8,1 7 8,6 11,7 11
1 6 7 8 11 12,0.0182053,27.6801,Yes,N/A,N/A,N/A,N/A,N/A,6,7,8,1 8,N/A,11,12,6 7,6 8,7 8,1 7 8,6 11,6 12
1 6 7 8 11 12 13,0.00751347,38.2623,Yes,N/A,N/A,N/A,N/A,N/A,6,7,8,1 8,N/A,11,12,13,6 8,7 8,1 7 8,6 11,6 12
1 6 7 8 10,0.0416874,17.8339,Yes,N/A,N/A,N/A,N/A,N/A,6,7,8,1 8,10,1 10,N/A,6 7,6 8,7 8,6 10,7 10,8 10
1 6 7 8 10 13,0.0148073,28.3798,Yes,N/A,N/A,N/A,N/A,N/A,6,7,8,1 8,10,1 10,N/A,13,6 8,7 8,6 10,7 10,8 10
1 6 7 8 10 12,0.0241692,23.3033,Yes,N/A,N/A,N/A,N/A,N/A,6,7,8,1 8,10,1 10,12,6 7,6 8,7 8,6 10,7 10,6 12
1 6 7 8 10 12 13,0.0099661,33.3905,Yes,N/A,N/A,N/A,N/A,N/A,6,7,8,1 8,10,1 10,12,13,6 8,7 8,6 10,7 10,6 12
1 6 7 8 10 11,0.0272167,22.3353,Yes,N/A,N/A,N/A,N/A,N/A,6,7,8,1 8,10,11,1 11,6 7,6 8,7 8,6 10,6 11,7 11
1 6 7 8 10 11 13,0.0119914,31.5247,Yes,N/A,N/A,N/A,N/A,N/A,6,7,8,1 8,10,11,1 11,13,6 8,7 8,6 10,6 11,7 11
1 6 7 8 10 11 12,0.0162443,29.3706,Yes,N/A,N/A,N/A,N/A,N/A,6,7,8,1 8,10,11,12,6 7,6 8,7 8,6 10,6 11,6 12
1 6 7 8 10 11 12 13,0.00820379,38.291,Yes,N/A,N/A,N/A,N/A,N/A,6,7,8,1 8,10,11,12,13,6 8,7 8,6 10,6 11,6 12
1 2 6 7 8,0.0860355,11.2383,Yes,N/A,2,1 2,N/A,N/A,6,7,8,2 7,2 8,1 2 8,N/A,6 7,6 8,7 8,2 6 8,2 7 8,1 2 7 8
1 2 6 7 8 13,0.0303522,21.5262,Yes,N/A,2,1 2,N/A,N/A,6,7,8,2 7,2 8,1 2 8,N/A,13,6 8,2 13,2 6 8,2 7 8,1 2 7 8
1 2 6 7 8 12,0.0498545,16.6603,Yes,N/A,2,1 2,N/A,N/A,6,7,8,2 7,2 8,1 2 8,12,6 7,2 12,7 8,2 6 8,2 7 8,6 12
1 2 6 7 8 12 13,0.0188261,27.1254,Yes,N/A,2,1 2,N/A,N/A,6,7,8,2 7,2 8,1 2 8,12,13,2 12,2 13,2 6 8,2 7 8,6 12
2 6 7 8,0.0620329,13.7195,Yes,N/A,2,N/A,N/A,N/A,6,7,8,2 7,2 8,N/A,N/A,6 7,6 8,7 8,2 6 8,2 7 8,N/A
2 6 7 8 13,0.0172627,24.9105,Yes,N/A,2,N/A,N/A,N/A,6,7,8,2 7,2 8,N/A,N/A,13,6 8,2 13,2 6 8,2 7 8,N/A
1 2 6 7 8 11,0.0625103,14.399,Yes,N/A,2,1 2,N/A,N/A,6,7,8,2 7,2 8,11,1 11,2 11,6 8,7 8,2 6 8,6 11,7 11
1 2 6 7 8 11 13,0.0272889,23.3333,Yes,N/A,2,1 2,N/A,N/A,6,7,8,2 7,2 8,11,1 11,13,6 8,2 13,2 6 8,6 11,7 11
1 2 6 7 8 11 12,0.0345745,21.549,Yes,N/A,2,1 2,N/A,N/A,6,7,8,2 7,2 8,11,12,2 11,2 12,7 8,2 6 8,6 11,6 12
1 2 6 7 8 11 12 13,0.0167967,30.5257,Yes,N/A,2,1 2,N/A,N/A,6,7,8,2 7,2 8,11,12,13,2 12,2 13,2 6 8,6 11,6 12
2 6 7 8 12,0.0275868,21.1468,Yes,N/A,2,N/A,N/A,N/A,6,7,8,2 7,2 8,N/A,12,6 7,2 12,7 8,2 6 8,2 7 8,6 12
2 6 7 8 12 13,0.00939841,31.8323,Yes,N/A,2,N/A,N/A,N/A,6,7,8,2 7,2 8,N/A,12,13,2 12,2 13,2 6 8,2 7 8,6 12
1 2 6 7 8 10,0.0690048,13.3003,Yes,N/A,2,1 2,N/A,N/A,6,7,8,2 7,10,1 10,2 10,6 7,6 8,7 8,6 10,7 10,8 10
1 2 6 7 8 10 13,0.0304691,22.1982,Yes,N/A,2,1 2,N/A,N/A,6,7,8,2 7,10,1 10,2 10,13,6 8,2 13,6 10,7 10,8 10
1 2 6 7 8 10 12,0.0419733,19.0531,Yes,N/A,2,1 2,N/A,N/A,6,7,8,2 7,10,1 10,12,6 7,2 12,7 8,6 10,7 10,6 12
1 2 6 7 8 10 12 13,0.0201085,27.8183,Yes,N/A,2,1 2,N/A,N/A,6,7,8,2 7,10,1 10,12,13,2 12,2 13,6 10,7 10,6 12
1 2 6 7 8 10 11,0.0477109,18.0139,Yes,N/A,2,1 2,N/A,N/A,6,7,8,2 7,10,11,2 10,2 11,6 8,7 8,6 10,6 11,7 11
1 2 6 7 8 10 11 13,0.0248097,25.8323,Yes,N/A,2,1 2,N/A,N/A,6,7,8,2 7,10,11,2 10,13,6 8,2 13,6 10,6 11,7 11
1 2 6 7 8 10 11 12,0.0307227,23.7529,Yes,N/A,2,1 2,N/A,N/A,6,7,8,2 7,10,11,12,2 11,2 12,7 8,6 10,6 11,6 12
1 2 6 7 8 10 11 12 13,0.0174017,31.6106,Yes,N/A,2,1 2,N/A,N/A,6,7,8,2 7,10,11,12,13,2 12,2 13,6 10,6 11,6 12
1 6 7 8 9,0.0386121,19.1459,Yes,N/A,N/A,N/A,N/A,N/A,6,7,8,9,1 9,N/A,N/A,6 7,6 8,6 9,7 9,8 9,1 8 9
1 6 7 8 9 13,0.0141536,29.9568,Yes,N/A,N/A,N/A,N/A,N/A,6,7,8,9,1 9,N/A,N/A,13,6 8,6 9,7 9,8 9,1 8 9
1 6 7 8 9 12,0.0227665,25.3299,Yes,N/A,N/A,N/A,N/A,N/A,6,7,8,9,1 9,N/A,12,6 7,6 8,6 9,7 9,8 9,6 12
1 6 7 8 9 12 13,0.00953335,35.7902,Yes,N/A,N/A,N/A,N/A,N/A,6,7,8,9,1 9,N/A,12,13,6 8,6 9,7 9,8 9,6 12
1 6 7 8 9 11,0.0299748,21.1708,Yes,N/A,N/A,N/A,N/A,N/A,6,7,8,9,1 9,11,1 11,6 7,6 8,6 9,7 9,6 11,7 11
1 6 7 8 9 11 13,0.0132288,30.3115,Yes,N/A,N/A,N/A,N/A,N/A,6,7,8,9,1 9,11,1 11,13,6 8,6 9,7 9,6 11,7 11
1 6 7 8 9 11 12,0.0176004,28.0734,Yes,N/A,N/A,N/A,N/A,N/A,6,7,8,9,1 9,11,12,6 7,6 8,6 9,7 9,6 11,6 12
1 6 7 8 9 11 12 13,0.008926,36.9021,Yes,N/A,N/A,N/A,N/A,N/A,6,7,8,9,1 9,11,12,13,6 8,6 9,7 9,6 11,6 12
1 2 6 7 8 9,0.0655516,13.4991,Yes,N/A,2,1 2,N/A,N/A,6,7,8,9,2 8,2 9,1 2 9,6 7,6 8,6 9,7 9,8 9,2 7 9
1 2 6 7 8 9 13,0.028157,22.6624,Yes,N/A,2,1 2,N/A,N/A,6,7,8,9,2 8,2 9,1 2 9,13,6 8,2 13,7 9,8 9,2 7 9
1 2 6 7 8 9 12,0.0431058,19.0002,Yes,N/A,2,1 2,N/A,N/A,6,7,8,9,2 8,2 9,12,6 7,2 12,6 9,7 9,8 9,6 12
1 2 6 7 8 9 12 13,0.0196425,28.4135,Yes,N/A,2,1 2,N/A,N/A,6,7,8,9,2 8,2 9,12,13,2 12,2 13,7 9,8 9,6 12
2 6 7 8 9,0.0387142,17.7374,Yes,N/A,2,N/A,N/A,N/A,6,7,8,9,2 8,2 9,N/A,6 7,6 8,6 9,7 9,8 9,2 7 9
2 6 7 8 9 13,0.0137008,28.4177,Yes,N/A,2,N/A,N/A,N/A,6,7,8,9,2 8,2 9,N/A,13,6 8,2 13,7 9,8 9,2 7 9
1 2 6 7 8 9 11,0.0495499,17.1972,Yes,N/A,2,1 2,N/A,N/A,6,7,8,9,2 8,11,1 11,2 11,6 8,6 9,7 9,6 11,7 11
1 2 6 7 8 9 11 13,0.0249123,25.2718,Yes,N/A,2,1 2,N/A,N/A,6,7,8,9,2 8,11,1 11,13,6 8,2 13,7 9,6 11,7 11
1 2 6 7 8 9 11 12,0.032469,23.1197,Yes,N/A,2,1 2,N/A,N/A,6,7,8,9,2 8,11,12,2 11,2 12,6 9,7 9,6 11,6 12
1 2 6 7 8 9 11 12 13,0.0178661,30.9164,Yes,N/A,2,1 2,N/A,N/A,6,7,8,9,2 8,11,12,13,2 12,2 13,7 9,6 11,6 12
1 6 7 8 9 10,0.0279449,23.3141,Yes,N/A,N/A,N/A,N/A,N/A,6,7,8,9,10,1 10,N/A,6 7,6 8,6 9,6 10,7 10,8 10
1 6 7 8 9 10 13,0.0127212,32.8098,Yes,N/A,N/A,N/A,N/A,N/A,6,7,8,9,10,1 10,N/A,13,6 8,6 9,6 10,7 10,8 10
1 6 7 8 9 10 12,0.0193383,26.8589,Yes,N/A,N/A,N/A,N/A,N/A,6,7,8,9,10,1 10,12,6 7,6 8,6 9,6 10,7 10,6 12
1 6 7 8 9 10 12 13,0.00984939,35.564,Yes,N/A,N/A,N/A,N/A,N/A,6,7,8,9,10,1 10,12,13,6 8,6 9,6 10,7 10,6 12
1 2 6 7 8 9 10,0.0522064,17.1459,Yes,N/A,2,1 2,N/A,N/A,6,7,8,9,10,2 9,2 10,6 7,6 8,6 9,6 10,7 10,8 10
1 2 6 7 8 9 10 13,0.0267397,25.0687,Yes,N/A,2,1 2,N/A,N/A,6,7,8,9,10,2 9,2 10,13,6 8,2 13,6 10,7 10,8 10
1 2 6 7 8 9 10 12,0.0359369,22.1569,Yes,N/A,2,1 2,N/A,N/A,6,7,8,9,10,2 9,12,6 7,2 12,6 9,6 10,7 10,6 12
1 2 6 7 8 9 10 12 13,0.0195747,30.0076,Yes,N/A,2,1 2,N/A,N/A,6,7,8,9,10,2 9,12,13,2 12,2 13,6 10,7 10,6 12
1 6 7 8 9 10 11,0.0211286,26.1477,Yes,N/A,N/A,N/A,N/A,N/A,6,7,8,9,10,11,1 11,6 7,6 8,6 9,6 10,6 11,7 11
1 6 7 8 9 10 11 13,0.0114843,33.5974,Yes,N/A,N/A,N/A,N/A,N/A,6,7,8,9,10,11,1 11,13,6 8,6 9,6 10,6 11,7 11
1 2 6 7 8 9 10 11,0.0393563,21.143,Yes,N/A,2,1 2,N/A,N/A,6,7,8,9,10,11,2 10,2 11,6 8,6 9,6 10,6 11,7 11
1 2 6 7 8 9 10 11 13,0.0230701,28.0455,Yes,N/A,2,1 2,N/A,N/A,6,7,8,9,10,11,2 10,13,6 8,2 13,6 10,6 11,7 11
1 6 7 8 9 10 11 12,0.0147655,31.6643,Yes,N/A,N/A,N/A,N/A,N/A,6,7,8,9,10,11,12,6 7,6 8,6 9,6 10,6 11,6 12
1 2 6 7 8 9 10 11 12,0.0284193,26.1377,Yes,N/A,2,1 2,N/A,N/A,6,7,8,9,10,11,12,2 11,2 12,6 9,6 10,6 11,6 12
1 2 6 7 8 9 10 11 12 13,0.0179051,32.9893,Yes,N/A,N/A,1 2,N/A,N/A,6,7,8,9,10,11,12,13,2 12,2 13,6 10,6 11,6 12
1 7 8 9 10 11 12 13,0.00697388,41.2139,Yes,N/A,N/A,N/A,N/A,N/A,N/A,7,8,9,10,11,12,13,1 13,7 8,7 9,7 10,7 11
1 5,0.0509259,5.5787,Yes,N/A,N/A,N/A,N/A,5,1 5,N/A,N/A,N/A,N/A,N/A,N/A,N/A,N/A,N/A,N/A,N/A,N/A
1 5 13,0.0145319,16.0914,Yes,N/A,N/A,N/A,N/A,5,1 5,N/A,N/A,N/A,N/A,N/A,N/A,13,1 13,N/A,N/A,N/A,5 13
1 5 12,0.0241341,14.408,Yes,N/A,N/A,N/A,N/A,5,1 5,N/A,N/A,N/A,N/A,N/A,12,1 12,N/A,N/A,N/A,5 12,1 5 12
1 5 12 13,0.00902349,25.5294,Yes,N/A,N/A,N/A,N/A,5,1 5,N/A,N/A,N/A,N/A,N/A,12,13,1 13,N/A,N/A,5 12,5 13
1 5 11,0.03768,12.9245,Yes,N/A,N/A,N/A,N/A,5,1 5,N/A,N/A,N/A,N/A,11,1 11,N/A,N/A,N/A,5 11,1 5 11,N/A
1 5 11 13,0.015759,22.3525,Yes,N/A,N/A,N/A,N/A,5,1 5,N/A,N/A,N/A,N/A,11,1 11,13,1 13,N/A,5 11,1 5 11,5 13
1 5 11 12,0.0189865,22.2787,Yes,N/A,N/A,N/A,N/A,5,1 5,N/A,N/A,N/A,N/A,11,12,1 12,N/A,N/A,5 11,5 12,1 5 12
1 5 11 12 13,0.00807724,32.6613,Yes,N/A,N/A,N/A,N/A,5,1 5,N/A,N/A,N/A,N/A,11,12,13,1 13,N/A,5 11,5 12,5 13
1 5 10,0.0551698,11.6103,Yes,N/A,N/A,N/A,N/A,5,1 5,N/A,N/A,N/A,10,1 10,N/A,N/A,N/A,5 10,1 5 10,N/A,N/A
1 5 10 13,0.0218675,20.9318,Yes,N/A,N/A,N/A,N/A,5,1 5,N/A,N/A,N/A,10,1 10,N/A,13,1 13,5 10,1 5 10,N/A,5 13
1 5 10 12,0.0312839,18.9409,Yes,N/A,N/A,N/A,N/A,5,1 5,N/A,N/A,N/A,10,1 10,12,1 12,N/A,5 10,1 5 10,5 12,1 5 12
1 5 10 12 13,0.0123737,28.7782,Yes,N/A,N/A,N/A,N/A,5,1 5,N/A,N/A,N/A,10,1 10,12,13,1 13,5 10,1 5 10,5 12,5 13
1 5 10 11,0.0327075,19.3983,Yes,N/A,N/A,N/A,N/A,5,1 5,N/A,N/A,N/A,10,11,1 11,N/A,N/A,5 10,5 11,1 5 11,N/A
1 5 10 11 13,0.0156375,27.4384,Yes,N/A,N/A,N/A,N/A,5,1 5,N/A,N/A,N/A,10,11,1 11,13,1 13,5 10,5 11,1 5 11,5 13
1 5 10 11 12,0.0176365,27.6258,Yes,N/A,N/A,N/A,N/A,5,1 5,N/A,N/A,N/A,10,11,12,1 12,N/A,5 10,5 11,5 12,1 5 12
1 5 10 11 12 13,0.00878188,36.7474,Yes,N/A,N/A,N/A,N/A,5,1 5,N/A,N/A,N/A,10,11,12,13,1 13,5 10,5 11,5 12,5 13
1 5 9,0.0766032,10.4349,Yes,N/A,N/A,N/A,N/A,5,1 5,N/A,N/A,9,1 9,N/A,N/A,N/A,5 9,1 5 9,N/A,N/A,N/A
1 5 9 13,0.0237679,20.816,Yes,N/A,N/A,N/A,N/A,5,1 5,N/A,N/A,9,1 9,N/A,N/A,13,5 9,1 5 9,N/A,N/A,5 13
1 5 9 12,0.0403586,17.6943,Yes,N/A,N/A,N/A,N/A,5,1 5,N/A,N/A,9,1 9,N/A,12,1 12,5 9,1 5 9,N/A,5 12,1 5 12
1 5 9 12 13,0.0132505,28.8684,Yes,N/A,N/A,N/A,N/A,5,1 5,N/A,N/A,9,1 9,N/A,12,13,5 9,1 5 9,N/A,5 12,5 13
1 5 9 11,0.0510313,16.0056,Yes,N/A,N/A,N/A,N/A,5,1 5,N/A,N/A,9,1 9,11,1 11,N/A,5 9,1 5 9,5 11,1 5 11,N/A
1 5 9 11 13,0.0198053,24.8933,Yes,N/A,N/A,N/A,N/A,5,1 5,N/A,N/A,9,1 9,11,1 11,13,5 9,1 5 9,5 11,1 5 11,5 13
1 5 9 11 12,0.0252647,23.5515,Yes,N/A,N/A,N/A,N/A,5,1 5,N/A,N/A,9,1 9,11,12,1 12,5 9,1 5 9,5 11,5 12,1 5 12
1 5 9 11 12 13,0.0107561,33.7221,Yes,N/A,N/A,N/A,N/A,5,1 5,N/A,N/A,9,1 9,11,12,13,5 9,1 5 9,5 11,5 12,5 13
1 5 9 10,0.0481789,16.8916,Yes,N/A,N/A,N/A,N/A,5,1 5,N/A,N/A,9,10,1 10,N/A,N/A,5 9,5 10,1 5 10,N/A,N/A
1 5 9 10 13,0.0192723,26.1734,Yes,N/A,N/A,N/A,N/A,5,1 5,N/A,N/A,9,10,1 10,N/A,13,5 9,5 10,1 5 10,N/A,5 13
1 5 9 10 12,0.0292568,22.3506,Yes,N/A,N/A,N/A,N/A,5,1 5,N/A,N/A,9,10,1 10,12,1 12,5 9,5 10,1 5 10,5 12,1 5 12
1 5 9 10 12 13,0.0123402,32.4661,Yes,N/A,N/A,N/A,N/A,5,1 5,N/A,N/A,9,10,1 10,12,13,5 9,5 10,1 5 10,5 12,5 13
1 5 9 10 11,0.029001,23.2937,Yes,N/A,N/A,N/A,N/A,5,1 5,N/A,N/A,9,10,11,1 11,N/A,5 9,5 10,5 11,1 5 11,N/A
1 5 9 10 11 13,0.0145261,31.0012,Yes,N/A,N/A,N/A,N/A,5,1 5,N/A,N/A,9,10,11,1 11,13,5 9,5 10,5 11,1 5 11,5 13
1 5 9 10 11 12,0.0179236,29.6734,Yes,N/A,N/A,N/A,N/A,5,1 5,N/A,N/A,9,10,11,12,1 12,5 9,5 10,5 11,5 12,1 5 12
1 5 9 10 11 12 13,0.0093419,39.1383,Yes,N/A,N/A,N/A,N/A,5,1 5,N/A,N/A,9,10,11,12,13,5 9,5 10,5 11,5 12,5 13
1 5 8,0.10198,9.36754,Yes,N/A,N/A,N/A,N/A,5,1 5,N/A,8,1 8,N/A,N/A,N/A,5 8,1 5 8,N/A,N/A,N/A,N/A
1 5 8 13,0.022189,21.1383,Yes,N/A,N/A,N/A,N/A,5,1 5,N/A,8,1 8,N/A,N/A,N/A,13,1 13,N/A,N/A,N/A,5 13
1 5 8 12,0.0405646,18.0836,Yes,N/A,N/A,N/A,N/A,5,1 5,N/A,8,1 8,N/A,N/A,12,5 8,1 5 8,N/A,N/A,5 12,1 5 12
1 5 8 12 13,0.0114545,29.628,Yes,N/A,N/A,N/A,N/A,5,1 5,N/A,8,1 8,N/A,N/A,12,13,1 13,N/A,N/A,5 12,5 13
1 5 8 11,0.0619481,14.932,Yes,N/A,N/A,N/A,N/A,5,1 5,N/A,8,1 8,N/A,11,1 11,5 8,1 5 8,N/A,5 11,1 5 11,N/A
1 5 8 11 13,0.0174318,25.8285,Yes,N/A,N/A,N/A,N/A,5,1 5,N/A,8,1 8,N/A,11,1 11,13,1 13,N/A,5 11,1 5 11,5 13
1 5 8 11 12,0.0249263,24.3631,Yes,N/A,N/A,N/A,N/A,5,1 5,N/A,8,1 8,N/A,11,12,5 8,1 5 8,N/A,5 11,5 12,1 5 12
1 5 8 11 12 13,0.00927376,35.0049,Yes,N/A,N/A,N/A,N/A,5,1 5,N/A,8,1 8,N/A,11,12,13,1 13,N/A,5 11,5 12,5 13
1 5 8 10,0.0719575,13.4441,Yes,N/A,N/A,N/A,N/A,5,1 5,N/A,8,1 8,10,1 10,N/A,5 8,1 5 8,5 10,1 5 10,N/A,8 10
1 5 8 10 13,0.0208719,24.2497,Yes,N/A,N/A,N/A,N/A,5,1 5,N/A,8,1 8,10,1 10,N/A,13,1 13,5 10,1 5 10,N/A,5 13
1 5 8 10 12,0.0344537,20.2212,Yes,N/A,N/A,N/A,N/A,5,1 5,N/A,8,1 8,10,1 10,12,5 8,1 5 8,5 10,1 5 10,5 12,8 10
1 5 8 10 12 13,0.0125057,30.4021,Yes,N/A,N/A,N/A,N/A,5,1 5,N/A,8,1 8,10,1 10,12,13,1 13,5 10,1 5 10,5 12,5 13
1 5 8 10 11,0.0394644,19.0836,Yes,N/A,N/A,N/A,N/A,5,1 5,N/A,8,1 8,10,11,1 11,5 8,1 5 8,5 10,5 11,1 5 11,8 10
1 5 8 10 11 13,0.0152791,28.6658,Yes,N/A,N/A,N/A,N/A,5,1 5,N/A,8,1 8,10,11,1 11,13,1 13,5 10,5 11,1 5 11,5 13
1 5 8 10 11 12,0.020448,27.1364,Yes,N/A,N/A,N/A,N/A,5,1 5,N/A,8,1 8,10,11,12,5 8,1 5 8,5 10,5 11,5 12,8 10
1 5 8 10 11 12 13,0.00965726,36.0501,Yes,N/A,N/A,N/A,N/A,5,1 5,N/A,8,1 8,10,11,12,13,1 13,5 10,5 11,5 12,5 13
1 5 8 9,0.063636,14.3992,Yes,N/A,N/A,N/A,N/A,5,1 5,N/A,8,9,1 9,N/A,N/A,5 8,5 9,1 5 9,N/A,8 9,1 8 9
1 5 8 9 13,0.0175633,25.8314,Yes,N/A,N/A,N/A,N/A,5,1 5,N/A,8,9,1 9,N/A,N/A,13,5 9,1 5 9,N/A,8 9,5 13
1 5 8 9 12,0.0313333,21.9775,Yes,N/A,N/A,N/A,N/A,5,1 5,N/A,8,9,1 9,N/A,12,5 8,5 9,1 5 9,N/A,5 12,1 5 12
1 5 8 9 12 13,0.010645,33.155,Yes,N/A,N/A,N/A,N/A,5,1 5,N/A,8,9,1 9,N/A,12,13,5 9,1 5 9,N/A,5 12,5 13
1 5 8 9 11,0.0429832,17.9969,Yes,N/A,N/A,N/A,N/A,5,1 5,N/A,8,9,1 9,11,1 11,5 8,5 9,1 5 9,5 11,8 9,1 8 9
1 5 8 9 11 13,0.0153827,28.1979,Yes,N/A,N/A,N/A,N/A,5,1 5,N/A,8,9,1 9,11,1 11,13,5 9,1 5 9,5 11,8 9,5 13
1 5 8 9 11 12,0.0219947,26.0855,Yes,N/A,N/A,N/A,N/A,5,1 5,N/A,8,9,1 9,11,12,5 8,5 9,1 5 9,5 11,5 12,1 5 12
1 5 8 9 11 12 13,0.0094838,36.0197,Yes,N/A,N/A,N/A,N/A,5,1 5,N/A,8,9,1 9,11,12,13,5 9,1 5 9,5 11,5 12,5 13
1 5 8 9 10,0.0402949,19.2221,Yes,N/A,N/A,N/A,N/A,5,1 5,N/A,8,9,10,1 10,N/A,5 8,5 9,5 10,1 5 10,8 9,8 10
1 5 8 9 10 13,0.0152093,29.5969,Yes,N/A,N/A,N/A,N/A,5,1 5,N/A,8,9,10,1 10,N/A,13,5 9,5 10,1 5 10,8 9,5 13
1 5 8 9 10 12,0.024375,24.7498,Yes,N/A,N/A,N/A,N/A,5,1 5,N/A,8,9,10,1 10,12,5 8,5 9,5 10,1 5 10,5 12,8 10
1 5 8 9 10 12 13,0.010667,34.5716,Yes,N/A,N/A,N/A,N/A,5,1 5,N/A,8,9,10,1 10,12,13,5 9,5 10,1 5 10,5 12,5 13
1 5 8 9 10 11,0.0275626,23.6277,Yes,N/A,N/A,N/A,N/A,5,1 5,N/A,8,9,10,11,1 11,5 8,5 9,5 10,5 11,8 9,8 10
1 5 8 9 10 11 13,0.0129222,32.4874,Yes,N/A,N/A,N/A,N/A,5,1 5,N/A,8,9,10,11,1 11,13,5 9,5 10,5 11,8 9,5 13
1 5 8 9 10 11 12,0.0171117,30.7005,Yes,N/A,N/A,N/A,N/A,5,1 5,N/A,8,9,10,11,12,5 8,5 9,5 10,5 11,5 12,8 10
1 5 8 9 10 11 12 13,0.00919119,39.1821,Yes,N/A,N/A,N/A,N/A,5,1 5,N/A,8,9,10,11,12,13,5 9,5 10,5 11,5 12,5 13
1 5 7,0.128987,8.54668,Yes,N/A,N/A,N/A,N/A,5,1 5,7,1 7,N/A,N/A,N/A,5 7,1 5 7,N/A,N/A,N/A,N/A,N/A
1 5 7 13,0.0347276,19.2223,Yes,N/A,N/A,N/A,N/A,5,1 5,7,1 7,N/A,N/A,N/A,5 7,13,1 13,N/A,N/A,N/A,5 13
1 5 7 12,0.0338595,18.9705,Yes,N/A,N/A,N/A,N/A,5,1 5,7,1 7,N/A,N/A,N/A,12,1 12,N/A,N/A,N/A,5 12,1 5 12
1 5 7 12 13,0.01082,29.6619,Yes,N/A,N/A,N/A,N/A,5,1 5,7,1 7,N/A,N/A,N/A,12,13,1 13,N/A,N/A,5 12,5 13
1 5 7 11,0.0565397,15.7656,Yes,N/A,N/A,N/A,N/A,5,1 5,7,1 7,N/A,N/A,11,5 7,1 5 7,N/A,N/A,5 11,1 5 11,7 11
1 5 7 11 13,0.0212417,25.4519,Yes,N/A,N/A,N/A,N/A,5,1 5,7,1 7,N/A,N/A,11,5 7,13,1 13,N/A,5 11,1 5 11,5 13
1 5 7 11 12,0.0192832,25.9102,Yes,N/A,N/A,N/A,N/A,5,1 5,7,1 7,N/A,N/A,11,12,1 12,N/A,N/A,5 11,5 12,7 11
1 5 7 11 12 13,0.00822522,35.631,Yes,N/A,N/A,N/A,N/A,5,1 5,7,1 7,N/A,N/A,11,12,13,1 13,N/A,5 11,5 12,5 13
1 5 7 10,0.0797915,12.5231,Yes,N/A,N/A,N/A,N/A,5,1 5,7,1 7,N/A,10,1 10,5 7,1 5 7,N/A,5 10,1 5 10,7 10,1 7 10
1 5 7 10 13,0.0288905,21.6145,Yes,N/A,N/A,N/A,N/A,5,1 5,7,1 7,N/A,10,1 10,5 7,13,1 13,5 10,1 5 10,7 10,5 13
1 5 7 10 12,0.0272067,21.9805,Yes,N/A,N/A,N/A,N/A,5,1 5,7,1 7,N/A,10,1 10,12,1 12,N/A,5 10,1 5 10,5 12,1 5 12
1 5 7 10 12 13,0.0115548,30.9568,Yes,N/A,N/A,N/A,N/A,5,1 5,7,1 7,N/A,10,1 10,12,13,1 13,5 10,1 5 10,5 12,5 13
1 5 7 10 11,0.0356132,20.5906,Yes,N/A,N/A,N/A,N/A,5,1 5,7,1 7,N/A,10,11,5 7,1 5 7,N/A,5 10,5 11,7 10,7 11
1 5 7 10 11 13,0.0172789,28.5192,Yes,N/A,N/A,N/A,N/A,5,1 5,7,1 7,N/A,10,11,5 7,13,1 13,5 10,5 11,7 10,5 13
1 5 7 10 11 12,0.0162769,29.4497,Yes,N/A,N/A,N/A,N/A,5,1 5,7,1 7,N/A,10,11,12,1 12,N/A,5 10,5 11,5 12,7 11
1 5 7 10 11 12 13,0.00857481,37.3832,Yes,N/A,N/A,N/A,N/A,5,1 5,7,1 7,N/A,10,11,12,13,1 13,5 10,5 11,5 12,5 13
1 5 7 9,0.0868252,11.0054,Yes,N/A,N/A,N/A,N/A,5,1 5,7,1 7,9,1 9,N/A,5 7,1 5 7,5 9,1 5 9,7 9,1 7 9,N/A
1 5 7 9 13,0.0285543,21.209,Yes,N/A,N/A,N/A,N/A,5,1 5,7,1 7,9,1 9,N/A,5 7,13,5 9,1 5 9,7 9,1 7 9,5 13
1 5 7 9 12,0.0312873,20.0499,Yes,N/A,N/A,N/A,N/A,5,1 5,7,1 7,9,1 9,N/A,12,1 12,5 9,1 5 9,7 9,5 12,1 5 12
1 5 7 9 12 13,0.0121522,30.4311,Yes,N/A,N/A,N/A,N/A,5,1 5,7,1 7,9,1 9,N/A,12,13,5 9,1 5 9,7 9,5 12,5 13
1 5 7 9 11,0.0462192,16.5139,Yes,N/A,N/A,N/A,N/A,5,1 5,7,1 7,9,1 9,11,5 7,1 5 7,5 9,1 5 9,5 11,1 5 11,7 11
1 5 7 9 11 13,0.0198702,25.4074,Yes,N/A,N/A,N/A,N/A,5,1 5,7,1 7,9,1 9,11,5 7,13,5 9,1 5 9,5 11,1 5 11,5 13
1 5 7 9 11 12,0.0207703,24.7162,Yes,N/A,N/A,N/A,N/A,5,1 5,7,1 7,9,1 9,11,12,1 12,5 9,1 5 9,5 11,5 12,7 11
1 5 7 9 11 12 13,0.00999104,33.7622,Yes,N/A,N/A,N/A,N/A,5,1 5,7,1 7,9,1 9,11,12,13,5 9,1 5 9,5 11,5 12,5 13
1 5 7 9 10,0.0508292,15.4056,Yes,N/A,N/A,N/A,N/A,5,1 5,7,1 7,9,10,1 10,5 7,1 5 7,5 9,5 10,7 9,7 10,1 7 10
1 5 7 9 10 13,0.0221959,24.1438,Yes,N/A,N/A,N/A,N/A,5,1 5,7,1 7,9,10,1 10,5 7,13,5 9,5 10,7 9,7 10,5 13
1 5 7 9 10 12,0.0248732,22.8359,Yes,N/A,N/A,N/A,N/A,5,1 5,7,1 7,9,10,1 10,12,1 12,5 9,5 10,7 9,5 12,1 5 12
1 5 7 9 10 12 13,0.0119839,31.6332,Yes,N/A,N/A,N/A,N/A,5,1 5,7,1 7,9,10,1 10,12,13,5 9,5 10,7 9,5 12,5 13
1 5 7 9 10 11,0.029312,21.9046,Yes,N/A,N/A,N/A,N/A,5,1 5,7,1 7,9,10,11,5 7,1 5 7,5 9,5 10,5 11,7 10,7 11
1 5 7 9 10 11 13,0.0158085,29.2786,Yes,N/A,N/A,N/A,N/A,5,1 5,7,1 7,9,10,11,5 7,13,5 9,5 10,5 11,7 10,5 13
1 5 7 9 10 11 12,0.017107,28.3053,Yes,N/A,N/A,N/A,N/A,5,1 5,7,1 7,9,10,11,12,1 12,5 9,5 10,5 11,5 12,7 11
1 5 7 9 10 11 12 13,0.00980141,35.9786,Yes,N/A,N/A,N/A,N/A,5,1 5,7,1 7,9,10,11,12,13,5 9,5 10,5 11,5 12,5 13
1 5 7 8,0.0717914,11.9301,Yes,N/A,N/A,N/A,N/A,5,1 5,7,8,1 8,N/A,N/A,5 7,5 8,1 5 8,7 8,1 7 8,N/A,N/A
1 5 7 8 13,0.0245129,22.5554,Yes,N/A,N/A,N/A,N/A,5,1 5,7,8,1 8,N/A,N/A,5 7,13,1 13,7 8,1 7 8,N/A,5 13
1 5 7 8 12,0.0256306,21.443,Yes,N/A,N/A,N/A,N/A,5,1 5,7,8,1 8,N/A,N/A,12,5 8,1 5 8,7 8,1 7 8,5 12,1 5 12
1 5 7 8 12 13,0.0102132,32.2049,Yes,N/A,N/A,N/A,N/A,5,1 5,7,8,1 8,N/A,N/A,12,13,1 13,7 8,1 7 8,5 12,5 13
1 5 7 8 11,0.0416118,17.6821,Yes,N/A,N/A,N/A,N/A,5,1 5,7,8,1 8,N/A,11,5 7,5 8,1 5 8,7 8,5 11,1 5 11,7 11
1 5 7 8 11 13,0.0178731,27.2394,Yes,N/A,N/A,N/A,N/A,5,1 5,7,8,1 8,N/A,11,5 7,13,1 13,7 8,5 11,1 5 11,5 13
1 5 7 8 11 12,0.0180277,26.906,Yes,N/A,N/A,N/A,N/A,5,1 5,7,8,1 8,N/A,11,12,5 8,1 5 8,7 8,5 11,5 12,7 11
1 5 7 8 11 12 13,0.00880547,36.4874,Yes,N/A,N/A,N/A,N/A,5,1 5,7,8,1 8,N/A,11,12,13,1 13,7 8,5 11,5 12,5 13
1 5 7 8 10,0.0535962,14.5021,Yes,N/A,N/A,N/A,N/A,5,1 5,7,8,1 8,10,1 10,5 7,5 8,1 5 8,5 10,1 5 10,7 10,8 10
1 5 7 8 10 13,0.0221137,23.7172,Yes,N/A,N/A,N/A,N/A,5,1 5,7,8,1 8,10,1 10,5 7,13,1 13,5 10,1 5 10,7 10,5 13
1 5 7 8 10 12,0.0235683,22.8647,Yes,N/A,N/A,N/A,N/A,5,1 5,7,8,1 8,10,1 10,12,5 8,1 5 8,5 10,1 5 10,5 12,8 10
1 5 7 8 10 12 13,0.0110632,32.0499,Yes,N/A,N/A,N/A,N/A,5,1 5,7,8,1 8,10,1 10,12,13,1 13,5 10,1 5 10,5 12,5 13
1 5 7 8 10 11,0.0312977,20.8833,Yes,N/A,N/A,N/A,N/A,5,1 5,7,8,1 8,10,11,5 7,5 8,1 5 8,5 10,5 11,7 10,7 11
1 5 7 8 10 11 13,0.016,28.6019,Yes,N/A,N/A,N/A,N/A,5,1 5,7,8,1 8,10,11,5 7,13,1 13,5 10,5 11,7 10,5 13
1 5 7 8 10 11 12,0.0164426,28.6388,Yes,N/A,N/A,N/A,N/A,5,1 5,7,8,1 8,10,11,12,5 8,1 5 8,5 10,5 11,5 12,7 11
1 5 7 8 10 11 12 13,0.0093604,36.1603,Yes,N/A,N/A,N/A,N/A,5,1 5,7,8,1 8,10,11,12,13,1 13,5 10,5 11,5 12,5 13
1 5 7 8 9,0.0528496,15.5955,Yes,N/A,N/A,N/A,N/A,5,1 5,7,8,9,1 9,N/A,5 7,5 8,5 9,7 8,7 9,8 9,1 8 9
1 5 7 8 9 13,0.0204303,25.7598,Yes,N/A,N/A,N/A,N/A,5,1 5,7,8,9,1 9,N/A,5 7,13,5 9,7 8,7 9,8 9,5 13
1 5 7 8 9 12,0.0253363,23.9903,Yes,N/A,N/A,N/A,N/A,5,1 5,7,8,9,1 9,N/A,12,5 8,5 9,7 8,7 9,5 12,1 5 12
1 5 7 8 9 12 13,0.0109301,34.3465,Yes,N/A,N/A,N/A,N/A,5,1 5,7,8,9,1 9,N/A,12,13,5 9,7 8,7 9,5 12,5 13
1 5 7 8 9 11,0.0359943,19.3408,Yes,N/A,N/A,N/A,N/A,5,1 5,7,8,9,1 9,11,5 7,5 8,5 9,7 8,5 11,8 9,7 11
1 5 7 8 9 11 13,0.0169438,27.9666,Yes,N/A,N/A,N/A,N/A,5,1 5,7,8,9,1 9,11,5 7,13,5 9,7 8,5 11,8 9,5 13
1 5 7 8 9 11 12,0.0195392,26.7455,Yes,N/A,N/A,N/A,N/A,5,1 5,7,8,9,1 9,11,12,5 8,5 9,7 8,5 11,5 12,7 11
1 5 7 8 9 11 12 13,0.0101746,35.4958,Yes,N/A,N/A,N/A,N/A,5,1 5,7,8,9,1 9,11,12,13,5 9,7 8,5 11,5 12,5 13
1 5 7 8 9 10,0.0394451,18.5782,Yes,N/A,N/A,N/A,N/A,5,1 5,7,8,9,10,1 10,5 7,5 8,5 9,5 10,7 9,7 10,8 10
1 5 7 8 9 10 13,0.0183049,27.1214,Yes,N/A,N/A,N/A,N/A,5,1 5,7,8,9,10,1 10,5 7,13,5 9,5 10,7 9,7 10,5 13
1 5 7 8 9 10 12,0.0224148,25.0453,Yes,N/A,N/A,N/A,N/A,5,1 5,7,8,9,10,1 10,12,5 8,5 9,5 10,7 9,5 12,8 10
1 5 7 8 9 10 12 13,0.0115416,33.5397,Yes,N/A,N/A,N/A,N/A,5,1 5,7,8,9,10,1 10,12,13,5 9,5 10,7 9,5 12,5 13
1 5 7 8 9 10 11,0.0259158,23.9909,Yes,N/A,N/A,N/A,N/A,5,1 5,7,8,9,10,11,5 7,5 8,5 9,5 10,5 11,7 10,7 11
1 5 7 8 9 10 11 13,0.0146503,30.7717,Yes,N/A,N/A,N/A,N/A,5,1 5,7,8,9,10,11,5 7,13,5 9,5 10,5 11,7 10,5 13
1 5 7 8 9 10 11 12,0.0167795,29.6629,Yes,N/A,N/A,N/A,N/A,5,1 5,7,8,9,10,11,12,5 8,5 9,5 10,5 11,5 12,7 11
1 5 7 8 9 10 11 12 13,0.010305,36.3349,Yes,N/A,N/A,N/A,N/A,5,1 5,7,8,9,10,11,12,13,5 9,5 10,5 11,5 12,5 13
2 7 10 13,0.0168253,23.6274,Yes,N/A,2,N/A,N/A,N/A,N/A,7,N/A,2 7,10,N/A,2 10,13,N/A,2 13,N/A,7 10,N/A
2 7 10 12,0.0183837,23.6751,Yes,N/A,2,N/A,N/A,N/A,N/A,7,N/A,2 7,10,N/A,12,N/A,2 12,N/A,N/A,7 10,N/A
2 7 10 12 13,0.00852452,32.4138,Yes,N/A,2,N/A,N/A,N/A,N/A,7,N/A,2 7,10,N/A,12,13,2 12,2 13,N/A,7 10,N/A
2 7 10 11 13,0.0101036,30.5157,Yes,N/A,2,N/A,N/A,N/A,N/A,7,N/A,2 7,10,11,2 10,13,N/A,2 13,N/A,7 10,7 11
2 7 10 11 12,0.0126599,28.7816,Yes,N/A,2,N/A,N/A,N/A,N/A,7,N/A,2 7,10,11,12,2 11,2 12,N/A,N/A,7 10,7 11
2 7 10 11 12 13,0.00619435,38.0362,Yes,N/A,2,N/A,N/A,N/A,N/A,7,N/A,2 7,10,11,12,13,2 12,2 13,N/A,7 10,7 11
2 7 9 12,0.0189582,22.3937,Yes,N/A,2,N/A,N/A,N/A,N/A,7,N/A,9,N/A,2 9,12,N/A,2 12,N/A,7 9,N/A,2 7 9
2 7 9 12 13,0.00882006,31.1112,Yes,N/A,2,N/A,N/A,N/A,N/A,7,N/A,9,N/A,2 9,12,13,2 12,2 13,7 9,N/A,2 7 9
2 7 9 11 13,0.00748609,33.6175,Yes,N/A,2,N/A,N/A,N/A,N/A,7,N/A,9,N/A,11,N/A,13,N/A,2 13,7 9,N/A,7 11
2 7 9 11 12,0.0116252,29.7842,Yes,N/A,2,N/A,N/A,N/A,N/A,7,N/A,9,N/A,11,12,2 11,2 12,N/A,7 9,N/A,7 11
2 7 9 11 12 13,0.00553657,39.61,Yes,N/A,2,N/A,N/A,N/A,N/A,7,N/A,9,N/A,11,12,13,2 12,2 13,7 9,N/A,7 11
2 7 9 10 13,0.0124091,28.0556,Yes,N/A,2,N/A,N/A,N/A,N/A,7,N/A,9,10,2 9,2 10,13,N/A,2 13,7 9,7 10,2 7 9
2 7 9 10 12,0.0131467,28.3524,Yes,N/A,2,N/A,N/A,N/A,N/A,7,N/A,9,10,2 9,12,N/A,2 12,N/A,7 9,7 10,2 7 9
2 7 9 10 12 13,0.00721944,35.4868,Yes,N/A,2,N/A,N/A,N/A,N/A,7,N/A,9,10,2 9,12,13,2 12,2 13,7 9,7 10,2 7 9
2 7 9 10 11 13,0.00749683,36.2087,Yes,N/A,2,N/A,N/A,N/A,N/A,7,N/A,9,10,11,2 10,13,N/A,2 13,7 9,7 10,7 11
2 7 9 10 11 12,0.00929458,34.2656,Yes,N/A,2,N/A,N/A,N/A,N/A,7,N/A,9,10,11,12,2 11,2 12,N/A,7 9,7 10,7 11
2 7 9 10 11 12 13,0.00526999,42.5838,Yes,N/A,2,N/A,N/A,N/A,N/A,7,N/A,9,10,11,12,13,2 12,2 13,7 9,7 10,7 11
2 7 8 11 13,0.0106716,29.5462,Yes,N/A,2,N/A,N/A,N/A,N/A,7,8,2 7,2 8,11,N/A,13,N/A,2 13,N/A,2 7 8,7 11
2 7 8 11 12,0.0174832,24.6398,Yes,N/A,2,N/A,N/A,N/A,N/A,7,8,2 7,2 8,11,12,2 11,2 12,7 8,N/A,2 7 8,7 11
2 7 8 11 12 13,0.00719246,34.629,Yes,N/A,2,N/A,N/A,N/A,N/A,7,8,2 7,2 8,11,12,13,2 12,2 13,N/A,2 7 8,7 11
2 7 8 10 13,0.0119862,28.5341,Yes,N/A,2,N/A,N/A,N/A,N/A,7,8,2 7,10,N/A,2 10,13,N/A,2 13,N/A,7 10,8 10
2 7 8 10 12,0.0144522,27.7882,Yes,N/A,2,N/A,N/A,N/A,N/A,7,8,2 7,10,N/A,12,N/A,2 12,7 8,N/A,7 10,8 10
2 7 8 10 12 13,0.00690467,36.2814,Yes,N/A,2,N/A,N/A,N/A,N/A,7,8,2 7,10,N/A,12,13,2 12,2 13,N/A,7 10,8 10
2 7 8 10 11 13,0.00820185,34.225,Yes,N/A,2,N/A,N/A,N/A,N/A,7,8,2 7,10,11,2 10,13,N/A,2 13,N/A,7 10,7 11
2 7 8 10 11 12,0.0115261,30.8727,Yes,N/A,2,N/A,N/A,N/A,N/A,7,8,2 7,10,11,12,2 11,2 12,7 8,N/A,7 10,7 11
2 7 8 10 11 12 13,0.00566949,40.1427,Yes,N/A,2,N/A,N/A,N/A,N/A,7,8,2 7,10,11,12,13,2 12,2 13,N/A,7 10,7 11
2 7 8 9 12,0.0198651,24.0419,Yes,N/A,2,N/A,N/A,N/A,N/A,7,8,9,2 8,2 9,12,N/A,2 12,7 8,7 9,8 9,2 7 9
2 7 8 9 12 13,0.00903501,31.9024,Yes,N/A,2,N/A,N/A,N/A,N/A,7,8,9,2 8,2 9,12,13,2 12,2 13,7 9,8 9,2 7 9
2 7 8 9 11 13,0.00805529,35.2816,Yes,N/A,2,N/A,N/A,N/A,N/A,7,8,9,2 8,11,N/A,13,N/A,2 13,7 9,8 9,7 11
2 7 8 9 11 12,0.0130178,29.1515,Yes,N/A,2,N/A,N/A,N/A,N/A,7,8,9,2 8,11,12,2 11,2 12,7 8,7 9,8 9,7 11
2 7 8 9 11 12 13,0.00638478,38.2406,Yes,N/A,2,N/A,N/A,N/A,N/A,7,8,9,2 8,11,12,13,2 12,2 13,7 9,8 9,7 11
2 7 8 9 10 13,0.0102468,31.4615,Yes,N/A,2,N/A,N/A,N/A,N/A,7,8,9,10,2 9,2 10,13,N/A,2 13,7 9,7 10,8 10
2 7 8 9 10 12,0.0124737,30.7265,Yes,N/A,2,N/A,N/A,N/A,N/A,7,8,9,10,2 9,12,N/A,2 12,7 8,7 9,7 10,8 10
2 7 8 9 10 12 13,0.00686444,37.1982,Yes,N/A,2,N/A,N/A,N/A,N/A,7,8,9,10,2 9,12,13,2 12,2 13,7 9,7 10,8 10
2 7 8 9 10 11 13,0.00704707,38.4015,Yes,N/A,2,N/A,N/A,N/A,N/A,7,8,9,10,11,2 10,13,N/A,2 13,7 9,7 10,7 11
2 7 8 9 10 11 12,0.00973497,34.3567,Yes,N/A,2,N/A,N/A,N/A,N/A,7,8,9,10,11,12,2 11,2 12,7 8,7 9,7 10,7 11
2 7 8 9 10 11 12 13,0.00558397,42.4557,Yes,N/A,2,N/A,N/A,N/A,N/A,7,8,9,10,11,12,13,2 12,2 13,7 9,7 10,7 11
1 2 5,0.109053,6.29295,Yes,N/A,2,1 2,N/A,5,1 5,2 5,1 2 5,N/A,N/A,N/A,N/A,N/A,N/A,N/A,N/A,N/A,N/A
2 5,0.0694444,6.375,Yes,N/A,2,N/A,N/A,5,N/A,2 5,N/A,N/A,N/A,N/A,N/A,N/A,N/A,N/A,N/A,N/A,N/A
1 2 5 13,0.0371764,15.1428,Yes,N/A,2,1 2,N/A,5,1 5,2 5,1 2 5,N/A,N/A,N/A,N/A,13,1 13,2 13,1 2 13,N/A,5 13
1 2 5 12,0.0485504,12.8132,Yes,N/A,2,1 2,N/A,5,1 5,2 5,1 2 5,N/A,N/A,N/A,12,1 12,2 12,1 2 12,N/A,5 12,1 5 12
1 2 5 12 13,0.0185443,23.3702,Yes,N/A,2,1 2,N/A,5,1 5,2 5,1 2 5,N/A,N/A,N/A,12,13,2 12,2 13,1 2 13,5 12,5 13
2 5 13,0.0160751,17.124,Yes,N/A,2,N/A,N/A,5,N/A,2 5,N/A,N/A,N/A,N/A,N/A,13,N/A,2 13,N/A,N/A,5 13
1 2 5 11,0.0581597,10.6057,Yes,N/A,2,1 2,N/A,5,1 5,2 5,1 2 5,N/A,N/A,11,1 11,2 11,1 2 11,N/A,5 11,1 5 11,2 5 11
2 5 11,0.027392,13.9479,Yes,N/A,2,N/A,N/A,5,N/A,2 5,N/A,N/A,N/A,11,N/A,2 11,N/A,N/A,5 11,N/A,2 5 11
1 2 5 11 13,0.0252629,20.2528,Yes,N/A,2,1 2,N/A,5,1 5,2 5,1 2 5,N/A,N/A,11,1 11,13,1 13,2 13,5 11,1 5 11,5 13
1 2 5 11 12,0.0316483,18.919,Yes,N/A,2,1 2,N/A,5,1 5,2 5,1 2 5,N/A,N/A,11,12,2 11,2 12,1 2 12,5 11,5 12,2 5 11
1 2 5 11 12 13,0.0145926,29.3525,Yes,N/A,2,1 2,N/A,5,1 5,2 5,1 2 5,N/A,N/A,11,12,13,2 12,2 13,5 11,5 12,5 13
2 5 12,0.0199331,15.5338,Yes,N/A,2,N/A,N/A,5,N/A,2 5,N/A,N/A,N/A,N/A,12,N/A,2 12,N/A,N/A,5 12,N/A
2 5 12 13,0.0086359,25.4967,Yes,N/A,2,N/A,N/A,5,N/A,2 5,N/A,N/A,N/A,N/A,12,13,2 12,2 13,N/A,5 12,5 13
1 2 5 10,0.0692194,8.62766,Yes,N/A,2,1 2,N/A,5,1 5,2 5,1 2 5,N/A,10,1 10,2 10,1 2 10,N/A,5 10,1 5 10,2 5 10,1 2 5 10
2 5 10,0.03768,12.5512,Yes,N/A,2,N/A,N/A,5,N/A,2 5,N/A,N/A,10,N/A,2 10,N/A,N/A,5 10,N/A,2 5 10,N/A
1 2 5 10 13,0.0320148,17.4472,Yes,N/A,2,1 2,N/A,5,1 5,2 5,1 2 5,N/A,10,1 10,2 10,13,1 13,2 13,1 2 13,2 5 10,5 13
1 2 5 10 12,0.040823,15.9043,Yes,N/A,2,1 2,N/A,5,1 5,2 5,1 2 5,N/A,10,1 10,12,1 12,2 12,5 10,1 5 10,5 12,1 5 12
1 2 5 10 12 13,0.0189253,25.6003,Yes,N/A,2,1 2,N/A,5,1 5,2 5,1 2 5,N/A,10,1 10,12,13,2 12,2 13,1 2 13,5 12,5 13
1 2 5 10 11,0.0500489,14.7366,Yes,N/A,2,1 2,N/A,5,1 5,2 5,1 2 5,N/A,10,11,2 10,2 11,1 2 11,5 10,5 11,2 5 10,2 5 11
2 5 10 11,0.0310089,18.5374,Yes,N/A,2,N/A,N/A,5,N/A,2 5,N/A,N/A,10,11,2 10,2 11,N/A,5 10,5 11,2 5 10,2 5 11
1 2 5 10 11 13,0.0237519,23.9628,Yes,N/A,2,1 2,N/A,5,1 5,2 5,1 2 5,N/A,10,11,2 10,13,1 13,2 13,5 11,2 5 10,5 13
1 2 5 10 11 12,0.0293112,22.7695,Yes,N/A,2,1 2,N/A,5,1 5,2 5,1 2 5,N/A,10,11,12,2 11,2 12,5 10,5 11,5 12,2 5 11
1 2 5 10 11 12 13,0.0147692,32.403,Yes,N/A,2,1 2,N/A,5,1 5,2 5,1 2 5,N/A,10,11,12,13,2 12,2 13,5 11,5 12,5 13
2 5 11 13,0.0102881,25.2888,Yes,N/A,2,N/A,N/A,5,N/A,2 5,N/A,N/A,N/A,11,N/A,13,N/A,2 13,5 11,N/A,5 13
2 5 11 12,0.0169807,21.9065,Yes,N/A,2,N/A,N/A,5,N/A,2 5,N/A,N/A,N/A,11,12,2 11,2 12,N/A,5 11,5 12,2 5 11
2 5 11 12 13,0.00716622,32.4161,Yes,N/A,2,N/A,N/A,5,N/A,2 5,N/A,N/A,N/A,11,12,13,2 12,2 13,5 11,5 12,5 13
1 2 5 9,0.0809578,7.02736,Yes,N/A,2,1 2,N/A,5,1 5,2 5,1 2 5,9,1 9,2 9,1 2 9,N/A,5 9,1 5 9,2 5 9,1 2 5 9,N/A
1 2 5 9 13,0.0363296,15.3046,Yes,N/A,2,1 2,N/A,5,1 5,2 5,1 2 5,9,1 9,2 9,1 2 9,13,5 9,2 13,2 5 9,1 2 5 9,5 13
2 5 9,0.0507973,11.3125,Yes,N/A,2,N/A,N/A,5,N/A,2 5,N/A,9,N/A,2 9,N/A,N/A,5 9,N/A,2 5 9,N/A,N/A
1 2 5 9 12,0.0507122,13.4289,Yes,N/A,2,1 2,N/A,5,1 5,2 5,1 2 5,9,1 9,2 9,12,1 12,2 12,1 2 12,2 5 9,5 12,1 5 12
1 2 5 9 12 13,0.0227633,22.6608,Yes,N/A,2,1 2,N/A,5,1 5,2 5,1 2 5,9,1 9,2 9,12,13,2 12,2 13,2 5 9,5 12,5 13
2 5 9 13,0.0205958,20.9181,Yes,N/A,2,N/A,N/A,5,N/A,2 5,N/A,9,N/A,2 9,N/A,13,5 9,2 13,2 5 9,N/A,5 13
1 2 5 9 11,0.0615373,12.0225,Yes,N/A,2,1 2,N/A,5,1 5,2 5,1 2 5,9,1 9,11,1 11,2 11,5 9,1 5 9,5 11,1 5 11,2 5 11
1 2 5 9 11 13,0.0285316,20.9359,Yes,N/A,2,1 2,N/A,5,1 5,2 5,1 2 5,9,1 9,11,1 11,13,5 9,2 13,5 11,1 5 11,5 13
1 2 5 9 11 12,0.0360771,19.2185,Yes,N/A,2,1 2,N/A,5,1 5,2 5,1 2 5,9,1 9,11,12,2 11,2 12,1 2 12,5 11,5 12,2 5 11
1 2 5 9 11 12 13,0.018305,27.9729,Yes,N/A,2,1 2,N/A,5,1 5,2 5,1 2 5,9,1 9,11,12,13,2 12,2 13,5 11,5 12,5 13
1 2 5 9 10,0.0736186,11.1354,Yes,N/A,2,1 2,N/A,5,1 5,2 5,1 2 5,9,10,2 9,2 10,1 2 10,5 9,5 10,2 5 9,2 5 10,1 2 5 10
1 2 5 9 10 13,0.0331798,19.6308,Yes,N/A,2,1 2,N/A,5,1 5,2 5,1 2 5,9,10,2 9,2 10,13,5 9,2 13,2 5 9,2 5 10,5 13
2 5 9 10,0.0486736,15.6625,Yes,N/A,2,N/A,N/A,5,N/A,2 5,N/A,9,10,2 9,2 10,N/A,5 9,5 10,2 5 9,2 5 10,N/A
1 2 5 9 10 12,0.0429211,17.7955,Yes,N/A,2,1 2,N/A,5,1 5,2 5,1 2 5,9,10,2 9,12,1 12,2 12,5 10,2 5 9,5 12,1 5 12
1 2 5 9 10 12 13,0.0207901,26.5555,Yes,N/A,2,1 2,N/A,5,1 5,2 5,1 2 5,9,10,2 9,12,13,2 12,2 13,2 5 9,5 12,5 13
1 2 5 9 10 11,0.0495003,16.9051,Yes,N/A,2,1 2,N/A,5,1 5,2 5,1 2 5,9,10,11,2 10,2 11,5 9,5 10,5 11,2 5 10,2 5 11
1 2 5 9 10 11 13,0.0248775,25.1763,Yes,N/A,2,1 2,N/A,5,1 5,2 5,1 2 5,9,10,11,2 10,13,5 9,2 13,5 11,2 5 10,5 13
1 2 5 9 10 11 12,0.0301303,23.763,Yes,N/A,2,1 2,N/A,5,1 5,2 5,1 2 5,9,10,11,12,2 11,2 12,5 10,5 11,5 12,2 5 11
1 2 5 9 10 11 12 13,0.016598,31.9902,Yes,N/A,2,1 2,N/A,5,1 5,2 5,1 2 5,9,10,11,12,13,2 12,2 13,5 11,5 12,5 13
2 5 10 13,0.0138192,23.0188,Yes,N/A,2,N/A,N/A,5,N/A,2 5,N/A,N/A,10,N/A,2 10,13,N/A,2 13,N/A,2 5 10,5 13
2 5 10 12,0.0182363,22.2661,Yes,N/A,2,N/A,N/A,5,N/A,2 5,N/A,N/A,10,N/A,12,N/A,2 12,5 10,N/A,5 12,N/A
2 5 10 12 13,0.00762922,32.0913,Yes,N/A,2,N/A,N/A,5,N/A,2 5,N/A,N/A,10,N/A,12,13,2 12,2 13,N/A,5 12,5 13
2 5 10 11 13,0.0106167,29.6933,Yes,N/A,2,N/A,N/A,5,N/A,2 5,N/A,N/A,10,11,2 10,13,N/A,2 13,5 11,2 5 10,5 13
2 5 10 11 12,0.0159536,26.889,Yes,N/A,2,N/A,N/A,5,N/A,2 5,N/A,N/A,10,11,12,2 11,2 12,5 10,5 11,5 12,2 5 11
2 5 10 11 12 13,0.00671765,37.4823,Yes,N/A,2,N/A,N/A,5,N/A,2 5,N/A,N/A,10,11,12,13,2 12,2 13,5 11,5 12,5 13
1 2 5 8,0.0839228,6.59033,Yes,N/A,2,1 2,N/A,5,1 5,2 5,8,1 8,2 8,1 2 8,N/A,5 8,1 5 8,2 5 8,1 2 5 8,N/A,N/A
2 5 8,0.0667438,10.2004,Yes,N/A,2,N/A,N/A,5,N/A,2 5,8,N/A,2 8,N/A,N/A,5 8,N/A,2 5 8,N/A,N/A,N/A
1 2 5 8 13,0.0356739,16.3663,Yes,N/A,2,1 2,N/A,5,1 5,2 5,8,1 8,2 8,1 2 8,N/A,13,1 13,2 13,1 2 13,N/A,5 13
1 2 5 8 12,0.05424,12.7938,Yes,N/A,2,1 2,N/A,5,1 5,2 5,8,1 8,2 8,1 2 8,12,5 8,2 12,2 5 8,1 2 5 8,5 12,1 5 12
1 2 5 8 12 13,0.0222843,22.3943,Yes,N/A,2,1 2,N/A,5,1 5,2 5,8,1 8,2 8,1 2 8,12,13,2 12,2 13,1 2 13,5 12,5 13
2 5 8 13,0.0168735,21.9731,Yes,N/A,2,N/A,N/A,5,N/A,2 5,8,N/A,2 8,N/A,N/A,13,N/A,2 13,N/A,N/A,5 13
1 2 5 8 11,0.0703393,11.2066,Yes,N/A,2,1 2,N/A,5,1 5,2 5,8,1 8,2 8,11,1 11,2 11,1 2 11,2 5 8,5 11,1 5 11,2 5 11
2 5 8 11,0.0381141,17.5853,Yes,N/A,2,N/A,N/A,5,N/A,2 5,8,N/A,2 8,11,N/A,2 11,N/A,2 5 8,5 11,N/A,2 5 11
1 2 5 8 11 13,0.0303065,20.1476,Yes,N/A,2,1 2,N/A,5,1 5,2 5,8,1 8,2 8,11,1 11,13,1 13,2 13,5 11,1 5 11,5 13
1 2 5 8 11 12,0.0403095,18.2678,Yes,N/A,2,1 2,N/A,5,1 5,2 5,8,1 8,2 8,11,12,2 11,2 12,2 5 8,5 11,5 12,2 5 11
1 2 5 8 11 12 13,0.0191787,27.1216,Yes,N/A,2,1 2,N/A,5,1 5,2 5,8,1 8,2 8,11,12,13,2 12,2 13,5 11,5 12,5 13
2 5 8 12,0.0359171,17.8887,Yes,N/A,2,N/A,N/A,5,N/A,2 5,8,N/A,2 8,N/A,12,5 8,2 12,2 5 8,N/A,5 12,N/A
2 5 8 12 13,0.0106181,29.0384,Yes,N/A,2,N/A,N/A,5,N/A,2 5,8,N/A,2 8,N/A,12,13,2 12,2 13,N/A,5 12,5 13
1 2 5 8 10,0.0820947,9.98822,Yes,N/A,2,1 2,N/A,5,1 5,2 5,8,1 8,10,1 10,2 10,5 8,1 5 8,5 10,1 5 10,2 5 10,8 10
2 5 8 10,0.045664,16.7518,Yes,N/A,2,N/A,N/A,5,N/A,2 5,8,N/A,10,N/A,2 10,5 8,N/A,5 10,N/A,2 5 10,8 10
1 2 5 8 10 13,0.033654,19.1483,Yes,N/A,2,1 2,N/A,5,1 5,2 5,8,1 8,10,1 10,2 10,13,1 13,2 13,1 2 13,2 5 10,5 13
1 2 5 8 10 12,0.0478564,16.7019,Yes,N/A,2,1 2,N/A,5,1 5,2 5,8,1 8,10,1 10,12,5 8,2 12,5 10,1 5 10,5 12,8 10
1 2 5 8 10 12 13,0.021372,25.5938,Yes,N/A,2,1 2,N/A,5,1 5,2 5,8,1 8,10,1 10,12,13,2 12,2 13,1 2 13,5 12,5 13
1 2 5 8 10 11,0.0559469,15.3561,Yes,N/A,2,1 2,N/A,5,1 5,2 5,8,1 8,10,11,2 10,2 11,1 2 11,5 10,5 11,2 5 10,2 5 11
2 5 8 10 11,0.025805,22.8901,Yes,N/A,2,N/A,N/A,5,N/A,2 5,8,N/A,10,11,2 10,2 11,N/A,5 10,5 11,2 5 10,2 5 11
1 2 5 8 10 11 13,0.0262686,23.7677,Yes,N/A,2,1 2,N/A,5,1 5,2 5,8,1 8,10,11,2 10,13,1 13,2 13,5 11,2 5 10,5 13
1 2 5 8 10 11 12,0.034677,21.6378,Yes,N/A,2,1 2,N/A,5,1 5,2 5,8,1 8,10,11,12,2 11,2 12,5 10,5 11,5 12,2 5 11
1 2 5 8 10 11 12 13,0.0179847,30.0533,Yes,N/A,2,1 2,N/A,5,1 5,2 5,8,1 8,10,11,12,13,2 12,2 13,5 11,5 12,5 13
1 2 5 8 9,0.0956646,9.33733,Yes,N/A,2,1 2,N/A,5,1 5,2 5,8,9,2 8,2 9,1 2 9,5 8,5 9,2 5 8,2 5 9,8 9,1 8 9
1 2 5 8 9 13,0.036911,18.5244,Yes,N/A,2,1 2,N/A,5,1 5,2 5,8,9,2 8,2 9,1 2 9,13,5 9,2 13,2 5 9,8 9,5 13
1 2 5 8 9 12,0.0536324,15.7249,Yes,N/A,2,1 2,N/A,5,1 5,2 5,8,9,2 8,2 9,12,5 8,2 12,2 5 8,2 5 9,5 12,1 5 12
1 2 5 8 9 12 13,0.0232571,24.8404,Yes,N/A,2,1 2,N/A,5,1 5,2 5,8,9,2 8,2 9,12,13,2 12,2 13,2 5 9,5 12,5 13
2 5 8 9,0.0688389,12.9968,Yes,N/A,2,N/A,N/A,5,N/A,2 5,8,9,2 8,2 9,N/A,5 8,5 9,2 5 8,2 5 9,8 9,N/A
2 5 8 9 13,0.02049,23.6284,Yes,N/A,2,N/A,N/A,5,N/A,2 5,8,9,2 8,2 9,N/A,13,5 9,2 13,2 5 9,8 9,5 13
1 2 5 8 9 11,0.0634622,14.134,Yes,N/A,2,1 2,N/A,5,1 5,2 5,8,9,2 8,11,1 11,2 11,5 9,2 5 8,5 11,8 9,2 5 11
1 2 5 8 9 11 13,0.0304803,22.0295,Yes,N/A,2,1 2,N/A,5,1 5,2 5,8,9,2 8,11,1 11,13,5 9,2 13,5 11,8 9,5 13
1 2 5 8 9 11 12,0.0373527,20.6602,Yes,N/A,2,1 2,N/A,5,1 5,2 5,8,9,2 8,11,12,2 11,2 12,2 5 8,5 11,5 12,2 5 11
1 2 5 8 9 11 12 13,0.0200055,28.3959,Yes,N/A,2,1 2,N/A,5,1 5,2 5,8,9,2 8,11,12,13,2 12,2 13,5 11,5 12,5 13
1 2 5 8 9 10,0.0687995,13.6204,Yes,N/A,2,1 2,N/A,5,1 5,2 5,8,9,10,2 9,2 10,5 8,5 9,5 10,2 5 9,2 5 10,8 10
1 2 5 8 9 10 13,0.0310393,21.9634,Yes,N/A,2,1 2,N/A,5,1 5,2 5,8,9,10,2 9,2 10,13,5 9,2 13,2 5 9,2 5 10,5 13
1 2 5 8 9 10 12,0.0421491,19.5493,Yes,N/A,2,1 2,N/A,5,1 5,2 5,8,9,10,2 9,12,5 8,2 12,5 10,2 5 9,5 12,8 10
1 2 5 8 9 10 12 13,0.0210814,27.5243,Yes,N/A,2,1 2,N/A,5,1 5,2 5,8,9,10,2 9,12,13,2 12,2 13,2 5 9,5 12,5 13
1 2 5 8 9 10 11,0.046746,18.567,Yes,N/A,2,1 2,N/A,5,1 5,2 5,8,9,10,11,2 10,2 11,5 9,5 10,5 11,2 5 10,2 5 11
1 2 5 8 9 10 11 13,0.0250501,25.9162,Yes,N/A,2,1 2,N/A,5,1 5,2 5,8,9,10,11,2 10,13,5 9,2 13,5 11,2 5 10,5 13
1 2 5 8 9 10 11 12,0.0309279,24.2911,Yes,N/A,2,1 2,N/A,5,1 5,2 5,8,9,10,11,12,2 11,2 12,5 10,5 11,5 12,2 5 11
1 2 5 8 9 10 11 12 13,0.0182718,31.422,Yes,N/A,2,1 2,N/A,5,1 5,2 5,8,9,10,11,12,13,2 12,2 13,5 11,5 12,5 13
2 5 9 12,0.0240573,20.1776,Yes,N/A,2,N/A,N/A,5,N/A,2 5,N/A,9,N/A,2 9,12,N/A,2 12,N/A,2 5 9,5 12,N/A
2 5 9 12 13,0.0108976,28.7442,Yes,N/A,2,N/A,N/A,5,N/A,2 5,N/A,9,N/A,2 9,12,13,2 12,2 13,2 5 9,5 12,5 13
2 5 9 11,0.0307249,19.3608,Yes,N/A,2,N/A,N/A,5,N/A,2 5,N/A,9,N/A,11,N/A,2 11,5 9,N/A,5 11,N/A,2 5 11
2 5 9 11 13,0.0114904,29.9518,Yes,N/A,2,N/A,N/A,5,N/A,2 5,N/A,9,N/A,11,N/A,13,5 9,2 13,5 11,N/A,5 13
2 5 9 11 12,0.0155776,27.2197,Yes,N/A,2,N/A,N/A,5,N/A,2 5,N/A,9,N/A,11,12,2 11,2 12,N/A,5 11,5 12,2 5 11
2 5 9 11 12 13,0.00731174,36.7831,Yes,N/A,2,N/A,N/A,5,N/A,2 5,N/A,9,N/A,11,12,13,2 12,2 13,5 11,5 12,5 13
2 5 9 10 13,0.0185357,24.5282,Yes,N/A,2,N/A,N/A,5,N/A,2 5,N/A,9,10,2 9,2 10,13,5 9,2 13,2 5 9,2 5 10,5 13
2 5 9 10 12,0.0199332,25.1589,Yes,N/A,2,N/A,N/A,5,N/A,2 5,N/A,9,10,2 9,12,N/A,2 12,5 10,2 5 9,5 12,N/A
2 5 9 10 12 13,0.00941447,33.1521,Yes,N/A,2,N/A,N/A,5,N/A,2 5,N/A,9,10,2 9,12,13,2 12,2 13,2 5 9,5 12,5 13
2 5 9 10 11,0.0285512,21.8513,Yes,N/A,2,N/A,N/A,5,N/A,2 5,N/A,9,10,11,2 10,2 11,5 9,5 10,5 11,2 5 10,2 5 11
2 5 9 10 11 13,0.0118826,31.8209,Yes,N/A,2,N/A,N/A,5,N/A,2 5,N/A,9,10,11,2 10,13,5 9,2 13,5 11,2 5 10,5 13
2 5 9 10 11 12,0.0143016,30.3288,Yes,N/A,2,N/A,N/A,5,N/A,2 5,N/A,9,10,11,12,2 11,2 12,5 10,5 11,5 12,2 5 11
2 5 9 10 11 12 13,0.00718896,39.6607,Yes,N/A,2,N/A,N/A,5,N/A,2 5,N/A,9,10,11,12,13,2 12,2 13,5 11,5 12,5 13
1 2 5 7,0.0920353,6.25589,Yes,N/A,2,1 2,N/A,5,1 5,7,1 7,2 7,1 2 7,N/A,5 7,1 5 7,2 5 7,1 2 5 7,N/A,N/A,N/A
1 2 5 7 13,0.0392231,15.8404,Yes,N/A,2,1 2,N/A,5,1 5,7,1 7,2 7,1 2 7,N/A,5 7,13,2 5 7,2 13,1 2 13,N/A,5 13
2 5 7,0.080697,9.87031,Yes,N/A,2,N/A,N/A,5,N/A,7,N/A,2 7,N/A,N/A,5 7,N/A,2 5 7,N/A,N/A,N/A,N/A
1 2 5 7 12,0.0501052,14.5382,Yes,N/A,2,1 2,N/A,5,1 5,7,1 7,2 7,1 2 7,N/A,12,1 12,2 12,1 2 12,N/A,5 12,1 5 12
1 2 5 7 12 13,0.0203234,24.2234,Yes,N/A,2,1 2,N/A,5,1 5,7,1 7,2 7,1 2 7,N/A,12,13,2 12,2 13,1 2 13,5 12,5 13
1 2 5 7 11,0.0756389,10.8226,Yes,N/A,2,1 2,N/A,5,1 5,7,1 7,2 7,1 2 7,11,5 7,2 11,2 5 7,1 2 5 7,5 11,1 5 11,7 11
1 2 5 7 11 13,0.0318037,20.0695,Yes,N/A,2,1 2,N/A,5,1 5,7,1 7,2 7,1 2 7,11,5 7,13,2 5 7,2 13,5 11,1 5 11,5 13
1 2 5 7 11 12,0.0372498,18.657,Yes,N/A,2,1 2,N/A,5,1 5,7,1 7,2 7,1 2 7,11,12,2 11,2 12,1 2 12,5 11,5 12,7 11
1 2 5 7 11 12 13,0.0178456,27.5994,Yes,N/A,2,1 2,N/A,5,1 5,7,1 7,2 7,1 2 7,11,12,13,2 12,2 13,5 11,5 12,5 13
2 5 7 13,0.0291093,19.6265,Yes,N/A,2,N/A,N/A,5,N/A,7,N/A,2 7,N/A,N/A,5 7,13,2 5 7,2 13,N/A,N/A,5 13
2 5 7 12,0.024001,20.5214,Yes,N/A,2,N/A,N/A,5,N/A,7,N/A,2 7,N/A,N/A,12,N/A,2 12,N/A,N/A,5 12,N/A
2 5 7 12 13,0.0103409,29.7637,Yes,N/A,2,N/A,N/A,5,N/A,7,N/A,2 7,N/A,N/A,12,13,2 12,2 13,N/A,5 12,5 13
1 2 5 7 10,0.0896066,9.70028,Yes,N/A,2,1 2,N/A,5,1 5,7,1 7,2 7,10,1 10,2 10,1 2 10,2 5 7,5 10,1 5 10,7 10,1 7 10
1 2 5 7 10 13,0.0382155,18.2999,Yes,N/A,2,1 2,N/A,5,1 5,7,1 7,2 7,10,1 10,2 10,13,2 5 7,2 13,1 2 13,7 10,5 13
2 5 7 10,0.0489621,16.1791,Yes,N/A,2,N/A,N/A,5,N/A,7,N/A,2 7,10,N/A,2 10,N/A,2 5 7,5 10,N/A,7 10,N/A
1 2 5 7 10 12,0.0464561,16.8599,Yes,N/A,2,1 2,N/A,5,1 5,7,1 7,2 7,10,1 10,12,1 12,2 12,5 10,1 5 10,5 12,1 5 12
1 2 5 7 10 12 13,0.0216492,25.4413,Yes,N/A,2,1 2,N/A,5,1 5,7,1 7,2 7,10,1 10,12,13,2 12,2 13,1 2 13,5 12,5 13
1 2 5 7 10 11,0.0593452,14.8464,Yes,N/A,2,1 2,N/A,5,1 5,7,1 7,2 7,10,11,2 10,2 11,2 5 7,5 10,5 11,7 10,7 11
1 2 5 7 10 11 13,0.0276,23.4543,Yes,N/A,2,1 2,N/A,5,1 5,7,1 7,2 7,10,11,2 10,13,2 5 7,2 13,5 11,7 10,5 13
1 2 5 7 10 11 12,0.0338327,21.5586,Yes,N/A,2,1 2,N/A,5,1 5,7,1 7,2 7,10,11,12,2 11,2 12,5 10,5 11,5 12,7 11
1 2 5 7 10 11 12 13,0.017981,29.7824,Yes,N/A,2,1 2,N/A,5,1 5,7,1 7,2 7,10,11,12,13,2 12,2 13,5 11,5 12,5 13
2 5 7 11,0.0522843,15.9964,Yes,N/A,2,N/A,N/A,5,N/A,7,N/A,2 7,N/A,11,5 7,2 11,2 5 7,N/A,5 11,N/A,7 11
2 5 7 11 13,0.0175167,26.295,Yes,N/A,2,N/A,N/A,5,N/A,7,N/A,2 7,N/A,11,5 7,13,2 5 7,2 13,5 11,N/A,5 13
2 5 7 11 12,0.0178932,25.7687,Yes,N/A,2,N/A,N/A,5,N/A,7,N/A,2 7,N/A,11,12,2 11,2 12,N/A,5 11,5 12,7 11
2 5 7 11 12 13,0.00798322,35.3894,Yes,N/A,2,N/A,N/A,5,N/A,7,N/A,2 7,N/A,11,12,13,2 12,2 13,5 11,5 12,5 13
1 2 5 7 9,0.099083,8.68154,Yes,N/A,2,1 2,N/A,5,1 5,7,1 7,9,1 9,2 9,5 7,1 5 7,5 9,1 5 9,7 9,1 7 9,2 7 9
1 2 5 7 9 13,0.0455596,16.7892,Yes,N/A,2,1 2,N/A,5,1 5,7,1 7,9,1 9,2 9,5 7,13,5 9,2 13,7 9,1 7 9,5 13
2 5 7 9,0.0533631,15.501,Yes,N/A,2,N/A,N/A,5,N/A,7,N/A,9,N/A,2 9,5 7,N/A,5 9,N/A,7 9,N/A,2 7 9
1 2 5 7 9 12,0.0482128,16.1871,Yes,N/A,2,1 2,N/A,5,1 5,7,1 7,9,1 9,2 9,12,1 12,2 12,1 2 12,7 9,5 12,2 7 9
1 2 5 7 9 12 13,0.0233932,24.4474,Yes,N/A,2,1 2,N/A,5,1 5,7,1 7,9,1 9,2 9,12,13,2 12,2 13,7 9,5 12,5 13
1 2 5 7 9 11,0.0660743,13.7172,Yes,N/A,2,1 2,N/A,5,1 5,7,1 7,9,1 9,11,5 7,2 11,5 9,1 5 9,5 11,1 5 11,7 11
1 2 5 7 9 11 13,0.032242,22.0432,Yes,N/A,2,1 2,N/A,5,1 5,7,1 7,9,1 9,11,5 7,13,5 9,2 13,5 11,1 5 11,5 13
1 2 5 7 9 11 12,0.0351068,20.6787,Yes,N/A,2,1 2,N/A,5,1 5,7,1 7,9,1 9,11,12,2 11,2 12,1 2 12,5 11,5 12,7 11
1 2 5 7 9 11 12 13,0.0193608,28.4841,Yes,N/A,2,1 2,N/A,5,1 5,7,1 7,9,1 9,11,12,13,2 12,2 13,5 11,5 12,5 13
1 2 5 7 9 10,0.0723125,12.4015,Yes,N/A,2,1 2,N/A,5,1 5,7,1 7,9,10,2 9,2 10,1 2 10,5 9,5 10,7 9,7 10,2 7 9
1 2 5 7 9 10 13,0.0365764,19.7284,Yes,N/A,2,1 2,N/A,5,1 5,7,1 7,9,10,2 9,2 10,13,5 9,2 13,7 9,7 10,5 13
2 5 7 9 10,0.0325115,20.1826,Yes,N/A,2,N/A,N/A,5,N/A,7,N/A,9,10,2 9,2 10,N/A,5 9,5 10,7 9,7 10,2 7 9
1 2 5 7 9 10 12,0.0407246,19.02,Yes,N/A,2,1 2,N/A,5,1 5,7,1 7,9,10,2 9,12,1 12,2 12,5 10,7 9,5 12,2 7 9
1 2 5 7 9 10 12 13,0.0221259,26.369,Yes,N/A,2,1 2,N/A,5,1 5,7,1 7,9,10,2 9,12,13,2 12,2 13,7 9,5 12,5 13
1 2 5 7 9 10 11,0.0512229,16.7967,Yes,N/A,2,1 2,N/A,5,1 5,7,1 7,9,10,11,2 10,2 11,5 9,5 10,5 11,7 10,7 11
1 2 5 7 9 10 11 13,0.0275853,24.4431,Yes,N/A,2,1 2,N/A,5,1 5,7,1 7,9,10,11,2 10,13,5 9,2 13,5 11,7 10,5 13
1 2 5 7 9 10 11 12,0.0315383,23.0159,Yes,N/A,2,1 2,N/A,5,1 5,7,1 7,9,10,11,12,2 11,2 12,5 10,5 11,5 12,7 11
1 2 5 7 9 10 11 12 13,0.0188792,30.2343,Yes,N/A,2,1 2,N/A,5,1 5,7,1 7,9,10,11,12,13,2 12,2 13,5 11,5 12,5 13
1 2 5 7 8,0.110299,8.14476,Yes,N/A,2,1 2,N/A,5,1 5,7,8,2 7,2 8,1 2 8,5 7,5 8,2 5 7,7 8,1 7 8,2 7 8,1 2 7 8
1 2 5 7 8 13,0.0439094,17.2428,Yes,N/A,2,1 2,N/A,5,1 5,7,8,2 7,2 8,1 2 8,5 7,13,2 5 7,2 13,1 2 13,2 7 8,5 13
1 2 5 7 8 12,0.0516415,15.5805,Yes,N/A,2,1 2,N/A,5,1 5,7,8,2 7,2 8,1 2 8,12,5 8,2 12,7 8,1 7 8,5 12,1 5 12
1 2 5 7 8 12 13,0.0220381,25.0663,Yes,N/A,2,1 2,N/A,5,1 5,7,8,2 7,2 8,1 2 8,12,13,2 12,2 13,1 2 13,5 12,5 13
1 2 5 7 8 11,0.0702707,12.8837,Yes,N/A,2,1 2,N/A,5,1 5,7,8,2 7,2 8,11,5 7,2 11,2 5 7,7 8,5 11,2 7 8,7 11
1 2 5 7 8 11 13,0.0329178,21.4342,Yes,N/A,2,1 2,N/A,5,1 5,7,8,2 7,2 8,11,5 7,13,2 5 7,2 13,5 11,2 7 8,5 13
1 2 5 7 8 11 12,0.0374962,19.9451,Yes,N/A,2,1 2,N/A,5,1 5,7,8,2 7,2 8,11,12,2 11,2 12,7 8,5 11,5 12,7 11
1 2 5 7 8 11 12 13,0.0194793,28.3086,Yes,N/A,2,1 2,N/A,5,1 5,7,8,2 7,2 8,11,12,13,2 12,2 13,5 11,5 12,5 13
2 5 7 8,0.0768738,11.8992,Yes,N/A,2,N/A,N/A,5,N/A,7,8,2 7,2 8,N/A,5 7,5 8,2 5 7,7 8,N/A,2 7 8,N/A
2 5 7 8 13,0.0237943,22.5708,Yes,N/A,2,N/A,N/A,5,N/A,7,8,2 7,2 8,N/A,5 7,13,2 5 7,2 13,N/A,2 7 8,5 13
2 5 7 8 12,0.0276424,21.2887,Yes,N/A,2,N/A,N/A,5,N/A,7,8,2 7,2 8,N/A,12,5 8,2 12,7 8,N/A,5 12,N/A
2 5 7 8 12 13,0.0103565,31.9075,Yes,N/A,2,N/A,N/A,5,N/A,7,8,2 7,2 8,N/A,12,13,2 12,2 13,N/A,5 12,5 13
1 2 5 7 8 10,0.0766371,11.8071,Yes,N/A,2,1 2,N/A,5,1 5,7,8,2 7,10,1 10,2 10,5 8,2 5 7,5 10,1 5 10,7 10,8 10
1 2 5 7 8 10 13,0.0341266,20.5039,Yes,N/A,2,1 2,N/A,5,1 5,7,8,2 7,10,1 10,2 10,13,2 5 7,2 13,1 2 13,7 10,5 13
1 2 5 7 8 10 12,0.0450051,17.8692,Yes,N/A,2,1 2,N/A,5,1 5,7,8,2 7,10,1 10,12,5 8,2 12,5 10,1 5 10,5 12,8 10
1 2 5 7 8 10 12 13,0.0217542,26.4473,Yes,N/A,2,1 2,N/A,5,1 5,7,8,2 7,10,1 10,12,13,2 12,2 13,1 2 13,5 12,5 13
1 2 5 7 8 10 11,0.0525703,16.3719,Yes,N/A,2,1 2,N/A,5,1 5,7,8,2 7,10,11,2 10,2 11,2 5 7,5 10,5 11,7 10,7 11
1 2 5 7 8 10 11 13,0.0267012,24.5118,Yes,N/A,2,1 2,N/A,5,1 5,7,8,2 7,10,11,2 10,13,2 5 7,2 13,5 11,7 10,5 13
1 2 5 7 8 10 11 12,0.0337681,21.9932,Yes,N/A,2,1 2,N/A,5,1 5,7,8,2 7,10,11,12,2 11,2 12,5 10,5 11,5 12,7 11
1 2 5 7 8 10 11 12 13,0.0192038,29.5347,Yes,N/A,2,1 2,N/A,5,1 5,7,8,2 7,10,11,12,13,2 12,2 13,5 11,5 12,5 13
1 2 5 7 8 9,0.0811656,10.8706,Yes,N/A,2,1 2,N/A,5,1 5,7,8,9,2 8,2 9,5 7,5 8,5 9,7 8,7 9,8 9,2 7 9
1 2 5 7 8 9 13,0.0397361,18.9114,Yes,N/A,2,1 2,N/A,5,1 5,7,8,9,2 8,2 9,5 7,13,5 9,2 13,7 9,8 9,5 13
1 2 5 7 8 9 12,0.0463355,17.1665,Yes,N/A,2,1 2,N/A,5,1 5,7,8,9,2 8,2 9,12,5 8,2 12,7 8,7 9,5 12,2 7 9
1 2 5 7 8 9 12 13,0.0231842,25.8161,Yes,N/A,2,1 2,N/A,5,1 5,7,8,9,2 8,2 9,12,13,2 12,2 13,7 9,5 12,5 13
1 2 5 7 8 9 11,0.0582686,15.2564,Yes,N/A,2,1 2,N/A,5,1 5,7,8,9,2 8,11,5 7,2 11,5 9,7 8,5 11,8 9,7 11
1 2 5 7 8 9 11 13,0.0315499,22.7271,Yes,N/A,2,1 2,N/A,5,1 5,7,8,9,2 8,11,5 7,13,5 9,2 13,5 11,8 9,5 13
1 2 5 7 8 9 11 12,0.03558,21.131,Yes,N/A,2,1 2,N/A,5,1 5,7,8,9,2 8,11,12,2 11,2 12,7 8,5 11,5 12,7 11
1 2 5 7 8 9 11 12 13,0.0206765,28.3923,Yes,N/A,2,1 2,N/A,5,1 5,7,8,9,2 8,11,12,13,2 12,2 13,5 11,5 12,5 13
1 2 5 7 8 9 10,0.0621325,14.4822,Yes,N/A,2,1 2,N/A,5,1 5,7,8,9,10,2 9,2 10,5 8,5 9,5 10,7 9,7 10,8 10
1 2 5 7 8 9 10 13,0.0326145,21.8486,Yes,N/A,2,1 2,N/A,5,1 5,7,8,9,10,2 9,2 10,13,5 9,2 13,7 9,7 10,5 13
1 2 5 7 8 9 10 12,0.0396698,19.9559,Yes,N/A,2,1 2,N/A,5,1 5,7,8,9,10,2 9,12,5 8,2 12,5 10,7 9,5 12,8 10
1 2 5 7 8 9 10 12 13,0.0222658,27.1827,Yes,N/A,2,1 2,N/A,5,1 5,7,8,9,10,2 9,12,13,2 12,2 13,7 9,5 12,5 13
1 2 5 7 8 9 10 11,0.0462979,18.4405,Yes,N/A,2,1 2,N/A,5,1 5,7,8,9,10,11,2 10,2 11,5 9,5 10,5 11,7 10,7 11
1 2 5 7 8 9 10 11 13,0.0269287,25.4152,Yes,N/A,2,1 2,N/A,5,1 5,7,8,9,10,11,2 10,13,5 9,2 13,5 11,7 10,5 13
1 2 5 7 8 9 10 11 12,0.0318126,23.5506,Yes,N/A,2,1 2,N/A,5,1 5,7,8,9,10,11,12,2 11,2 12,5 10,5 11,5 12,7 11
1 2 5 7 8 9 10 11 12 13,0.0202516,29.9377,Yes,N/A,2,1 2,N/A,5,1 5,7,8,9,10,11,12,13,2 12,2 13,5 11,5 12,5 13
1 5 6,0.143004,8.26192,Yes,N/A,N/A,N/A,N/A,5,6,1 6,N/A,N/A,N/A,5 6,1 5 6,N/A,N/A,N/A,N/A,N/A,N/A
1 5 6 13,0.0470429,17.7611,Yes,N/A,N/A,N/A,N/A,5,6,1 6,N/A,N/A,N/A,5 6,1 5 6,13,1 13,N/A,N/A,N/A,5 13
1 5 6 12,0.0481217,17.3959,Yes,N/A,N/A,N/A,N/A,5,6,1 6,N/A,N/A,N/A,5 6,12,1 12,N/A,N/A,N/A,5 12,6 12
1 5 6 12 13,0.0174624,27.7635,Yes,N/A,N/A,N/A,N/A,5,6,1 6,N/A,N/A,N/A,5 6,12,13,1 13,N/A,N/A,5 12,5 13
1 5 6 11,0.0408022,17.42,Yes,N/A,N/A,N/A,N/A,5,6,1 6,N/A,N/A,N/A,11,1 11,N/A,N/A,N/A,5 11,6 11,1 6 11
1 5 6 11 13,0.0168762,26.287,Yes,N/A,N/A,N/A,N/A,5,6,1 6,N/A,N/A,N/A,11,1 11,13,1 13,N/A,5 11,6 11,5 13
1 5 6 11 12,0.0163216,26.583,Yes,N/A,N/A,N/A,N/A,5,6,1 6,N/A,N/A,N/A,11,12,1 12,N/A,N/A,5 11,5 12,6 12
1 5 6 11 12 13,0.00767849,36.4336,Yes,N/A,N/A,N/A,N/A,5,6,1 6,N/A,N/A,N/A,11,12,13,1 13,N/A,5 11,5 12,5 13
1 5 6 10,0.0635681,14.2422,Yes,N/A,N/A,N/A,N/A,5,6,1 6,N/A,N/A,10,5 6,1 5 6,N/A,N/A,5 10,6 10,1 6 10,N/A
1 5 6 10 13,0.0273771,22.225,Yes,N/A,N/A,N/A,N/A,5,6,1 6,N/A,N/A,10,5 6,1 5 6,13,1 13,5 10,6 10,1 6 10,5 13
1 5 6 10 12,0.0305196,22.0752,Yes,N/A,N/A,N/A,N/A,5,6,1 6,N/A,N/A,10,5 6,12,1 12,N/A,5 10,6 10,5 12,6 12
1 5 6 10 12 13,0.0140955,31.0442,Yes,N/A,N/A,N/A,N/A,5,6,1 6,N/A,N/A,10,5 6,12,13,1 13,5 10,6 10,5 12,5 13
1 5 6 10 11,0.0252541,23.1444,Yes,N/A,N/A,N/A,N/A,5,6,1 6,N/A,N/A,10,11,1 11,N/A,N/A,5 10,5 11,6 11,1 6 11
1 5 6 10 11 13,0.0132991,30.2414,Yes,N/A,N/A,N/A,N/A,5,6,1 6,N/A,N/A,10,11,1 11,13,1 13,5 10,5 11,6 11,5 13
1 5 6 10 11 12,0.0137006,31.0555,Yes,N/A,N/A,N/A,N/A,5,6,1 6,N/A,N/A,10,11,12,1 12,N/A,5 10,5 11,5 12,6 12
1 5 6 10 11 12 13,0.00768825,39.2878,Yes,N/A,N/A,N/A,N/A,5,6,1 6,N/A,N/A,10,11,12,13,1 13,5 10,5 11,5 12,5 13
1 5 6 9,0.0830368,11.2967,Yes,N/A,N/A,N/A,N/A,5,6,1 6,N/A,9,1 9,5 6,1 5 6,N/A,5 9,6 9,1 6 9,N/A,N/A
1 5 6 9 13,0.0304786,20.1353,Yes,N/A,N/A,N/A,N/A,5,6,1 6,N/A,9,1 9,5 6,1 5 6,13,5 9,6 9,1 6 9,N/A,5 13
1 5 6 9 12,0.0389717,18.1897,Yes,N/A,N/A,N/A,N/A,5,6,1 6,N/A,9,1 9,5 6,12,1 12,5 9,6 9,1 6 9,5 12,6 12
1 5 6 9 12 13,0.0159852,28.2052,Yes,N/A,N/A,N/A,N/A,5,6,1 6,N/A,9,1 9,5 6,12,13,5 9,6 9,1 6 9,5 12,5 13
1 5 6 9 11,0.0348947,19.0833,Yes,N/A,N/A,N/A,N/A,5,6,1 6,N/A,9,1 9,11,1 11,N/A,5 9,6 9,5 11,6 11,1 6 11
1 5 6 9 11 13,0.0162017,26.9257,Yes,N/A,N/A,N/A,N/A,5,6,1 6,N/A,9,1 9,11,1 11,13,5 9,6 9,5 11,6 11,5 13
1 5 6 9 11 12,0.0193696,25.9344,Yes,N/A,N/A,N/A,N/A,5,6,1 6,N/A,9,1 9,11,12,1 12,5 9,6 9,5 11,5 12,6 12
1 5 6 9 11 12 13,0.00961879,35.2267,Yes,N/A,N/A,N/A,N/A,5,6,1 6,N/A,9,1 9,11,12,13,5 9,6 9,5 11,5 12,5 13
1 5 6 9 10,0.0422687,18.14,Yes,N/A,N/A,N/A,N/A,5,6,1 6,N/A,9,10,5 6,1 5 6,N/A,5 9,5 10,6 10,1 6 10,N/A
1 5 6 9 10 13,0.0201389,25.7188,Yes,N/A,N/A,N/A,N/A,5,6,1 6,N/A,9,10,5 6,1 5 6,13,5 9,5 10,6 10,1 6 10,5 13
1 5 6 9 10 12,0.0265639,23.6735,Yes,N/A,N/A,N/A,N/A,5,6,1 6,N/A,9,10,5 6,12,1 12,5 9,5 10,6 10,5 12,6 12
1 5 6 9 10 12 13,0.0130995,32.7497,Yes,N/A,N/A,N/A,N/A,5,6,1 6,N/A,9,10,5 6,12,13,5 9,5 10,6 10,5 12,5 13
1 5 6 9 10 11,0.0235934,25.4936,Yes,N/A,N/A,N/A,N/A,5,6,1 6,N/A,9,10,11,1 11,N/A,5 9,5 10,5 11,6 11,1 6 11
1 5 6 9 10 11 13,0.0132587,31.7515,Yes,N/A,N/A,N/A,N/A,5,6,1 6,N/A,9,10,11,1 11,13,5 9,5 10,5 11,6 11,5 13
1 5 6 9 10 11 12,0.0156035,30.9753,Yes,N/A,N/A,N/A,N/A,5,6,1 6,N/A,9,10,11,12,1 12,5 9,5 10,5 11,5 12,6 12
1 5 6 9 10 11 12 13,0.00910014,39.0974,Yes,N/A,N/A,N/A,N/A,5,6,1 6,N/A,9,10,11,12,13,5 9,5 10,5 11,5 12,5 13
1 5 6 8,0.0829082,10.0872,Yes,N/A,N/A,N/A,N/A,5,6,1 6,8,1 8,N/A,5 6,1 5 6,5 8,6 8,1 6 8,N/A,N/A,N/A
1 5 6 8 13,0.0270724,20.6279,Yes,N/A,N/A,N/A,N/A,5,6,1 6,8,1 8,N/A,5 6,1 5 6,13,6 8,1 6 8,N/A,N/A,5 13
1 5 6 8 12,0.0358835,18.646,Yes,N/A,N/A,N/A,N/A,5,6,1 6,8,1 8,N/A,5 6,12,5 8,6 8,1 6 8,N/A,5 12,6 12
1 5 6 8 12 13,0.0141016,29.2154,Yes,N/A,N/A,N/A,N/A,5,6,1 6,8,1 8,N/A,5 6,12,13,6 8,1 6 8,N/A,5 12,5 13
1 5 6 8 11,0.0394576,17.0567,Yes,N/A,N/A,N/A,N/A,5,6,1 6,8,1 8,N/A,11,1 11,5 8,6 8,1 6 8,5 11,6 11,1 6 11
1 5 6 8 11 13,0.0152559,27.3265,Yes,N/A,N/A,N/A,N/A,5,6,1 6,8,1 8,N/A,11,1 11,13,6 8,1 6 8,5 11,6 11,5 13
1 5 6 8 11 12,0.0197249,25.88,Yes,N/A,N/A,N/A,N/A,5,6,1 6,8,1 8,N/A,11,12,5 8,6 8,1 6 8,5 11,5 12,6 12
1 5 6 8 11 12 13,0.00894033,35.9874,Yes,N/A,N/A,N/A,N/A,5,6,1 6,8,1 8,N/A,11,12,13,6 8,1 6 8,5 11,5 12,5 13
1 5 6 8 10,0.0563236,13.8782,Yes,N/A,N/A,N/A,N/A,5,6,1 6,8,1 8,10,5 6,1 5 6,5 8,6 8,5 10,6 10,1 6 10,8 10
1 5 6 8 10 13,0.0223716,23.2518,Yes,N/A,N/A,N/A,N/A,5,6,1 6,8,1 8,10,5 6,1 5 6,13,6 8,5 10,6 10,1 6 10,5 13
1 5 6 8 10 12,0.0312816,20.6878,Yes,N/A,N/A,N/A,N/A,5,6,1 6,8,1 8,10,5 6,12,5 8,6 8,5 10,6 10,5 12,6 12
1 5 6 8 10 12 13,0.0143072,29.8415,Yes,N/A,N/A,N/A,N/A,5,6,1 6,8,1 8,10,5 6,12,13,6 8,5 10,6 10,5 12,5 13
1 5 6 8 10 11,0.0326594,20.2181,Yes,N/A,N/A,N/A,N/A,5,6,1 6,8,1 8,10,11,1 11,5 8,6 8,5 10,5 11,6 11,8 10
1 5 6 8 10 11 13,0.0150721,28.9273,Yes,N/A,N/A,N/A,N/A,5,6,1 6,8,1 8,10,11,1 11,13,6 8,5 10,5 11,6 11,5 13
1 5 6 8 10 11 12,0.0191335,27.3819,Yes,N/A,N/A,N/A,N/A,5,6,1 6,8,1 8,10,11,12,5 8,6 8,5 10,5 11,5 12,6 12
1 5 6 8 10 11 12 13,0.010134,35.7242,Yes,N/A,N/A,N/A,N/A,5,6,1 6,8,1 8,10,11,12,13,6 8,5 10,5 11,5 12,5 13
1 5 6 8 9,0.0619746,13.0024,Yes,N/A,N/A,N/A,N/A,5,6,1 6,8,9,1 9,5 6,1 5 6,5 8,5 9,6 9,1 6 9,8 9,1 8 9
1 5 6 8 9 13,0.022948,22.8375,Yes,N/A,N/A,N/A,N/A,5,6,1 6,8,9,1 9,5 6,1 5 6,13,5 9,6 9,1 6 9,8 9,5 13
1 5 6 8 9 12,0.0330807,19.9606,Yes,N/A,N/A,N/A,N/A,5,6,1 6,8,9,1 9,5 6,12,5 8,5 9,6 9,1 6 9,5 12,6 12
1 5 6 8 9 12 13,0.014163,29.756,Yes,N/A,N/A,N/A,N/A,5,6,1 6,8,9,1 9,5 6,12,13,5 9,6 9,1 6 9,5 12,5 13
1 5 6 8 9 11,0.0382678,18.607,Yes,N/A,N/A,N/A,N/A,5,6,1 6,8,9,1 9,11,1 11,5 8,5 9,6 9,5 11,6 11,1 6 11
1 5 6 8 9 11 13,0.0162169,27.977,Yes,N/A,N/A,N/A,N/A,5,6,1 6,8,9,1 9,11,1 11,13,5 9,6 9,5 11,6 11,5 13
1 5 6 8 9 11 12,0.0218855,25.4985,Yes,N/A,N/A,N/A,N/A,5,6,1 6,8,9,1 9,11,12,5 8,5 9,6 9,5 11,5 12,6 12
1 5 6 8 9 11 12 13,0.0107869,34.6598,Yes,N/A,N/A,N/A,N/A,5,6,1 6,8,9,1 9,11,12,13,5 9,6 9,5 11,5 12,5 13
1 5 6 8 9 10,0.0399751,18.3418,Yes,N/A,N/A,N/A,N/A,5,6,1 6,8,9,10,5 6,1 5 6,5 8,5 9,5 10,6 10,8 9,8 10
1 5 6 8 9 10 13,0.0182813,26.9513,Yes,N/A,N/A,N/A,N/A,5,6,1 6,8,9,10,5 6,1 5 6,13,5 9,5 10,6 10,8 9,5 13
1 5 6 8 9 10 12,0.0262516,23.5329,Yes,N/A,N/A,N/A,N/A,5,6,1 6,8,9,10,5 6,12,5 8,5 9,5 10,6 10,5 12,6 12
1 5 6 8 9 10 12 13,0.0133913,32.0211,Yes,N/A,N/A,N/A,N/A,5,6,1 6,8,9,10,5 6,12,13,5 9,5 10,6 10,5 12,5 13
1 5 6 8 9 10 11,0.0280234,22.8503,Yes,N/A,N/A,N/A,N/A,5,6,1 6,8,9,10,11,1 11,5 8,5 9,5 10,5 11,6 11,8 10
1 5 6 8 9 10 11 13,0.0145776,30.5313,Yes,N/A,N/A,N/A,N/A,5,6,1 6,8,9,10,11,1 11,13,5 9,5 10,5 11,6 11,5 13
1 5 6 8 9 10 11 12,0.0189702,28.2833,Yes,N/A,N/A,N/A,N/A,5,6,1 6,8,9,10,11,12,5 8,5 9,5 10,5 11,5 12,6 12
1 5 6 8 9 10 11 12 13,0.0110688,35.6697,Yes,N/A,N/A,N/A,N/A,5,6,1 6,8,9,10,11,12,13,5 9,5 10,5 11,5 12,5 13
1 2 5 6,0.109068,5.97529,Yes,N/A,2,1 2,N/A,5,6,2 5,2 6,1 2 6,N/A,5 6,1 5 6,2 5 6,1 2 5 6,N/A,N/A,N/A,N/A
2 5 6,0.109053,8.58951,Yes,N/A,2,N/A,N/A,5,6,2 5,2 6,N/A,N/A,5 6,N/A,2 5 6,N/A,N/A,N/A,N/A,N/A
1 2 5 6 13,0.0461241,14.8966,Yes,N/A,2,1 2,N/A,5,6,2 5,2 6,1 2 6,N/A,5 6,1 5 6,13,1 13,2 13,1 2 13,N/A,5 13
1 2 5 6 12,0.060305,13.7227,Yes,N/A,2,1 2,N/A,5,6,2 5,2 6,1 2 6,N/A,5 6,12,2 5 6,2 12,1 2 12,N/A,5 12,6 12
1 2 5 6 12 13,0.0253747,23.291,Yes,N/A,2,1 2,N/A,5,6,2 5,2 6,1 2 6,N/A,5 6,12,13,2 12,2 13,1 2 13,5 12,5 13
2 5 6 13,0.0257345,19.6525,Yes,N/A,2,N/A,N/A,5,6,2 5,2 6,N/A,N/A,5 6,N/A,13,N/A,2 13,N/A,N/A,5 13
1 2 5 6 11,0.0697445,12.8159,Yes,N/A,2,1 2,N/A,5,6,2 5,2 6,1 2 6,N/A,11,1 11,2 11,1 2 11,N/A,5 11,6 11,2 5 11
2 5 6 11,0.0372514,17.5084,Yes,N/A,2,N/A,N/A,5,6,2 5,2 6,N/A,N/A,11,N/A,2 11,N/A,N/A,5 11,6 11,2 5 11
1 2 5 6 11 13,0.0278502,21.6844,Yes,N/A,2,1 2,N/A,5,6,2 5,2 6,1 2 6,N/A,11,1 11,13,1 13,2 13,5 11,6 11,5 13
1 2 5 6 11 12,0.0341249,20.7449,Yes,N/A,2,1 2,N/A,5,6,2 5,2 6,1 2 6,N/A,11,12,2 11,2 12,1 2 12,5 11,5 12,6 12
1 2 5 6 11 12 13,0.0158256,30.2727,Yes,N/A,2,1 2,N/A,5,6,2 5,2 6,1 2 6,N/A,11,12,13,2 12,2 13,5 11,5 12,5 13
1 2 5 6 10,0.0989241,9.21414,Yes,N/A,2,1 2,N/A,5,6,2 5,2 6,1 2 6,10,5 6,2 10,2 5 6,1 2 5 6,5 10,6 10,2 5 10,2 6 10
2 5 6 10,0.0729738,12.6153,Yes,N/A,2,N/A,N/A,5,6,2 5,2 6,N/A,10,5 6,2 10,2 5 6,N/A,5 10,6 10,2 5 10,2 6 10
1 2 5 6 10 13,0.0442845,17.3942,Yes,N/A,2,1 2,N/A,5,6,2 5,2 6,1 2 6,10,5 6,2 10,13,1 13,2 13,6 10,2 5 10,5 13
1 2 5 6 10 12,0.0520068,16.1643,Yes,N/A,2,1 2,N/A,5,6,2 5,2 6,1 2 6,10,5 6,12,2 5 6,2 12,5 10,6 10,5 12,6 12
1 2 5 6 10 12 13,0.0250041,24.7748,Yes,N/A,2,1 2,N/A,5,6,2 5,2 6,1 2 6,10,5 6,12,13,2 12,2 13,6 10,5 12,5 13
1 2 5 6 10 11,0.0530248,15.7049,Yes,N/A,2,1 2,N/A,5,6,2 5,2 6,1 2 6,10,11,2 10,2 11,1 2 11,5 10,5 11,6 11,2 5 11
2 5 6 10 11,0.028377,20.8394,Yes,N/A,2,N/A,N/A,5,6,2 5,2 6,N/A,10,11,2 10,2 11,N/A,5 10,5 11,6 11,2 5 11
1 2 5 6 10 11 13,0.0260447,23.6948,Yes,N/A,2,1 2,N/A,5,6,2 5,2 6,1 2 6,10,11,2 10,13,1 13,2 13,5 11,6 11,5 13
1 2 5 6 10 11 12,0.0315289,22.4652,Yes,N/A,2,1 2,N/A,5,6,2 5,2 6,1 2 6,10,11,12,2 11,2 12,5 10,5 11,5 12,6 12
1 2 5 6 10 11 12 13,0.016757,30.7232,Yes,N/A,2,1 2,N/A,5,6,2 5,2 6,1 2 6,10,11,12,13,2 12,2 13,5 11,5 12,5 13
2 5 6 12,0.0478538,16.343,Yes,N/A,2,N/A,N/A,5,6,2 5,2 6,N/A,N/A,5 6,12,2 5 6,2 12,N/A,N/A,5 12,6 12
2 5 6 12 13,0.0158528,26.5275,Yes,N/A,2,N/A,N/A,5,6,2 5,2 6,N/A,N/A,5 6,12,13,2 12,2 13,N/A,5 12,5 13
2 5 6 11 13,0.0108296,28.4519,Yes,N/A,2,N/A,N/A,5,6,2 5,2 6,N/A,N/A,11,N/A,13,N/A,2 13,5 11,6 11,5 13
2 5 6 11 12,0.0191535,24.6562,Yes,N/A,2,N/A,N/A,5,6,2 5,2 6,N/A,N/A,11,12,2 11,2 12,N/A,5 11,5 12,6 12
2 5 6 11 12 13,0.00754977,34.5887,Yes,N/A,2,N/A,N/A,5,6,2 5,2 6,N/A,N/A,11,12,13,2 12,2 13,5 11,5 12,5 13
1 2 5 6 9,0.108223,8.38666,Yes,N/A,2,1 2,N/A,5,6,2 5,2 6,9,1 9,2 9,1 2 9,2 5 6,5 9,6 9,2 5 9,2 6 9,1 2 6 9
1 2 5 6 9 13,0.043133,17.1119,Yes,N/A,2,1 2,N/A,5,6,2 5,2 6,9,1 9,2 9,1 2 9,13,5 9,2 13,2 5 9,2 6 9,5 13
1 2 5 6 9 12,0.057192,14.9581,Yes,N/A,2,1 2,N/A,5,6,2 5,2 6,9,1 9,2 9,12,2 5 6,2 12,6 9,2 5 9,5 12,6 12
1 2 5 6 9 12 13,0.0264945,23.5047,Yes,N/A,2,1 2,N/A,5,6,2 5,2 6,9,1 9,2 9,12,13,2 12,2 13,2 5 9,5 12,5 13
2 5 6 9,0.0664795,12.6336,Yes,N/A,2,N/A,N/A,5,6,2 5,2 6,9,N/A,2 9,N/A,2 5 6,5 9,6 9,2 5 9,2 6 9,N/A
2 5 6 9 13,0.020494,23.3222,Yes,N/A,2,N/A,N/A,5,6,2 5,2 6,9,N/A,2 9,N/A,13,5 9,2 13,2 5 9,2 6 9,5 13
1 2 5 6 9 11,0.0659922,13.1826,Yes,N/A,2,1 2,N/A,5,6,2 5,2 6,9,1 9,11,1 11,2 11,5 9,6 9,5 11,6 11,2 5 11
1 2 5 6 9 11 13,0.0296989,21.7071,Yes,N/A,2,1 2,N/A,5,6,2 5,2 6,9,1 9,11,1 11,13,5 9,2 13,5 11,6 11,5 13
1 2 5 6 9 11 12,0.0378519,19.7657,Yes,N/A,2,1 2,N/A,5,6,2 5,2 6,9,1 9,11,12,2 11,2 12,6 9,5 11,5 12,6 12
1 2 5 6 9 11 12 13,0.019466,28.0536,Yes,N/A,2,1 2,N/A,5,6,2 5,2 6,9,1 9,11,12,13,2 12,2 13,5 11,5 12,5 13
1 2 5 6 9 10,0.0729948,12.5056,Yes,N/A,2,1 2,N/A,5,6,2 5,2 6,9,10,2 9,2 10,2 5 6,5 9,5 10,6 10,2 5 10,2 6 10
1 2 5 6 9 10 13,0.0364129,19.8779,Yes,N/A,2,1 2,N/A,5,6,2 5,2 6,9,10,2 9,2 10,13,5 9,2 13,6 10,2 5 10,5 13
1 2 5 6 9 10 12,0.0434286,18.6828,Yes,N/A,2,1 2,N/A,5,6,2 5,2 6,9,10,2 9,12,2 5 6,2 12,5 10,6 10,5 12,6 12
1 2 5 6 9 10 12 13,0.0237984,26.0708,Yes,N/A,2,1 2,N/A,5,6,2 5,2 6,9,10,2 9,12,13,2 12,2 13,6 10,5 12,5 13
1 2 5 6 9 10 11,0.0489137,17.3114,Yes,N/A,2,1 2,N/A,5,6,2 5,2 6,9,10,11,2 10,2 11,5 9,5 10,5 11,6 11,2 5 11
1 2 5 6 9 10 11 13,0.0264846,24.4632,Yes,N/A,2,1 2,N/A,5,6,2 5,2 6,9,10,11,2 10,13,5 9,2 13,5 11,6 11,5 13
1 2 5 6 9 10 11 12,0.0321904,23.1017,Yes,N/A,2,1 2,N/A,5,6,2 5,2 6,9,10,11,12,2 11,2 12,5 10,5 11,5 12,6 12
1 2 5 6 9 10 11 12 13,0.0189027,30.3417,Yes,N/A,2,1 2,N/A,5,6,2 5,2 6,9,10,11,12,13,2 12,2 13,5 11,5 12,5 13
2 5 6 10 13,0.0228962,23.1655,Yes,N/A,2,N/A,N/A,5,6,2 5,2 6,N/A,10,5 6,2 10,13,N/A,2 13,6 10,2 5 10,5 13
2 5 6 10 12,0.0301002,20.6012,Yes,N/A,2,N/A,N/A,5,6,2 5,2 6,N/A,10,5 6,12,2 5 6,2 12,5 10,6 10,5 12,6 12
2 5 6 10 12 13,0.0125961,30.3085,Yes,N/A,2,N/A,N/A,5,6,2 5,2 6,N/A,10,5 6,12,13,2 12,2 13,6 10,5 12,5 13
2 5 6 10 11 13,0.0107349,31.433,Yes,N/A,2,N/A,N/A,5,6,2 5,2 6,N/A,10,11,2 10,13,N/A,2 13,5 11,6 11,5 13
2 5 6 10 11 12,0.0158914,27.7739,Yes,N/A,2,N/A,N/A,5,6,2 5,2 6,N/A,10,11,12,2 11,2 12,5 10,5 11,5 12,6 12
2 5 6 10 11 12 13,0.00735434,37.5535,Yes,N/A,2,N/A,N/A,5,6,2 5,2 6,N/A,10,11,12,13,2 12,2 13,5 11,5 12,5 13
1 2 5 6 8,0.111654,7.65603,Yes,N/A,2,1 2,N/A,5,6,2 5,8,1 8,2 8,5 6,1 5 6,5 8,6 8,2 5 8,2 6 8,1 2 6 8,N/A
1 2 5 6 8 13,0.0476771,16.1639,Yes,N/A,2,1 2,N/A,5,6,2 5,8,1 8,2 8,5 6,1 5 6,13,6 8,2 13,2 6 8,1 2 6 8,5 13
1 2 5 6 8 12,0.0632046,13.8018,Yes,N/A,2,1 2,N/A,5,6,2 5,8,1 8,2 8,5 6,12,5 8,2 12,2 5 8,2 6 8,5 12,6 12
1 2 5 6 8 12 13,0.0293052,22.5983,Yes,N/A,2,1 2,N/A,5,6,2 5,8,1 8,2 8,5 6,12,13,2 12,2 13,2 6 8,5 12,5 13
2 5 6 8,0.0692569,11.7715,Yes,N/A,2,N/A,N/A,5,6,2 5,8,N/A,2 8,5 6,N/A,5 8,6 8,2 5 8,2 6 8,N/A,N/A
2 5 6 8 13,0.0223955,22.4547,Yes,N/A,2,N/A,N/A,5,6,2 5,8,N/A,2 8,5 6,N/A,13,6 8,2 13,2 6 8,N/A,5 13
1 2 5 6 8 11,0.0640205,13.0756,Yes,N/A,2,1 2,N/A,5,6,2 5,8,1 8,2 8,11,1 11,2 11,6 8,2 5 8,5 11,6 11,2 5 11
1 2 5 6 8 11 13,0.0296358,21.6448,Yes,N/A,2,1 2,N/A,5,6,2 5,8,1 8,2 8,11,1 11,13,6 8,2 13,5 11,6 11,5 13
1 2 5 6 8 11 12,0.0369299,19.9667,Yes,N/A,2,1 2,N/A,5,6,2 5,8,1 8,2 8,11,12,2 11,2 12,2 5 8,5 11,5 12,6 12
1 2 5 6 8 11 12 13,0.0192325,28.359,Yes,N/A,2,1 2,N/A,5,6,2 5,8,1 8,2 8,11,12,13,2 12,2 13,5 11,5 12,5 13
1 2 5 6 8 10,0.082415,10.555,Yes,N/A,2,1 2,N/A,5,6,2 5,8,1 8,10,5 6,2 10,5 8,6 8,5 10,6 10,2 5 10,8 10
1 2 5 6 8 10 13,0.0395233,18.7627,Yes,N/A,2,1 2,N/A,5,6,2 5,8,1 8,10,5 6,2 10,13,6 8,2 13,6 10,2 5 10,5 13
1 2 5 6 8 10 12,0.0506745,16.3776,Yes,N/A,2,1 2,N/A,5,6,2 5,8,1 8,10,5 6,12,5 8,2 12,5 10,6 10,5 12,6 12
1 2 5 6 8 10 12 13,0.026507,24.4972,Yes,N/A,2,1 2,N/A,5,6,2 5,8,1 8,10,5 6,12,13,2 12,2 13,6 10,5 12,5 13
1 2 5 6 8 10 11,0.0527347,15.7269,Yes,N/A,2,1 2,N/A,5,6,2 5,8,1 8,10,11,2 10,2 11,6 8,5 10,5 11,6 11,2 5 11
1 2 5 6 8 10 11 13,0.0270347,23.9309,Yes,N/A,2,1 2,N/A,5,6,2 5,8,1 8,10,11,2 10,13,6 8,2 13,5 11,6 11,5 13
1 2 5 6 8 10 11 12,0.0346208,21.3885,Yes,N/A,2,1 2,N/A,5,6,2 5,8,1 8,10,11,12,2 11,2 12,5 10,5 11,5 12,6 12
1 2 5 6 8 10 11 12 13,0.0196008,29.1884,Yes,N/A,2,1 2,N/A,5,6,2 5,8,1 8,10,11,12,13,2 12,2 13,5 11,5 12,5 13
1 2 5 6 8 9,0.0797906,10.5212,Yes,N/A,2,1 2,N/A,5,6,2 5,8,9,2 8,2 9,1 2 9,5 8,5 9,6 9,2 5 9,8 9,1 8 9
1 2 5 6 8 9 13,0.036866,19.1751,Yes,N/A,2,1 2,N/A,5,6,2 5,8,9,2 8,2 9,1 2 9,13,5 9,2 13,2 5 9,8 9,5 13
1 2 5 6 8 9 12,0.0517263,15.895,Yes,N/A,2,1 2,N/A,5,6,2 5,8,9,2 8,2 9,12,5 8,2 12,6 9,2 5 9,5 12,6 12
1 2 5 6 8 9 12 13,0.0257331,24.5513,Yes,N/A,2,1 2,N/A,5,6,2 5,8,9,2 8,2 9,12,13,2 12,2 13,2 5 9,5 12,5 13
2 5 6 8 9,0.0454976,15.6102,Yes,N/A,2,N/A,N/A,5,6,2 5,8,9,2 8,2 9,N/A,5 8,5 9,6 9,2 5 9,8 9,N/A
2 5 6 8 9 13,0.0177755,25.738,Yes,N/A,2,N/A,N/A,5,6,2 5,8,9,2 8,2 9,N/A,13,5 9,2 13,2 5 9,8 9,5 13
1 2 5 6 8 9 11,0.0575389,14.7078,Yes,N/A,2,1 2,N/A,5,6,2 5,8,9,2 8,11,1 11,2 11,5 9,6 9,5 11,6 11,2 5 11
1 2 5 6 8 9 11 13,0.0293584,22.5491,Yes,N/A,2,1 2,N/A,5,6,2 5,8,9,2 8,11,1 11,13,5 9,2 13,5 11,6 11,5 13
1 2 5 6 8 9 11 12,0.0376014,20.3136,Yes,N/A,2,1 2,N/A,5,6,2 5,8,9,2 8,11,12,2 11,2 12,6 9,5 11,5 12,6 12
1 2 5 6 8 9 11 12 13,0.0209796,28.0579,Yes,N/A,2,1 2,N/A,5,6,2 5,8,9,2 8,11,12,13,2 12,2 13,5 11,5 12,5 13
1 2 5 6 8 9 10,0.0662566,13.4217,Yes,N/A,2,1 2,N/A,5,6,2 5,8,9,10,2 9,2 10,5 8,5 9,5 10,6 10,2 5 10,8 10
1 2 5 6 8 9 10 13,0.0336883,21.1197,Yes,N/A,2,1 2,N/A,5,6,2 5,8,9,10,2 9,2 10,13,5 9,2 13,6 10,2 5 10,5 13
1 2 5 6 8 9 10 12,0.0441077,18.5355,Yes,N/A,2,1 2,N/A,5,6,2 5,8,9,10,2 9,12,5 8,2 12,5 10,6 10,5 12,6 12
1 2 5 6 8 9 10 12 13,0.0245773,25.9875,Yes,N/A,2,1 2,N/A,5,6,2 5,8,9,10,2 9,12,13,2 12,2 13,6 10,5 12,5 13
1 2 5 6 8 9 10 11,0.048123,17.7168,Yes,N/A,2,1 2,N/A,5,6,2 5,8,9,10,11,2 10,2 11,5 9,5 10,5 11,6 11,2 5 11
1 2 5 6 8 9 10 11 13,0.0273102,24.6849,Yes,N/A,2,1 2,N/A,5,6,2 5,8,9,10,11,2 10,13,5 9,2 13,5 11,6 11,5 13
1 2 5 6 8 9 10 11 12,0.0339583,22.5338,Yes,N/A,2,1 2,N/A,5,6,2 5,8,9,10,11,12,2 11,2 12,5 10,5 11,5 12,6 12
1 2 5 6 8 9 10 11 12 13,0.0210888,29.1733,Yes,N/A,2,1 2,N/A,5,6,2 5,8,9,10,11,12,13,2 12,2 13,5 11,5 12,5 13
1 5 6 7,0.0612801,11.1854,Yes,N/A,N/A,N/A,N/A,5,6,7,1 7,N/A,N/A,5 6,5 7,6 7,1 6 7,N/A,N/A,N/A,5 6 7
1 5 6 7 13,0.0233667,21.91,Yes,N/A,N/A,N/A,N/A,5,6,7,1 7,N/A,N/A,5 6,5 7,13,1 13,N/A,N/A,N/A,5 13
1 5 6 7 12,0.0266586,20.6753,Yes,N/A,N/A,N/A,N/A,5,6,7,1 7,N/A,N/A,5 6,12,6 7,1 6 7,N/A,N/A,5 12,6 12
1 5 6 7 12 13,0.0112073,31.5908,Yes,N/A,N/A,N/A,N/A,5,6,7,1 7,N/A,N/A,5 6,12,13,1 13,N/A,N/A,5 12,5 13
1 5 6 7 11,0.0321877,19.0803,Yes,N/A,N/A,N/A,N/A,5,6,7,1 7,N/A,N/A,11,5 7,6 7,1 6 7,N/A,5 11,6 11,7 11
1 5 6 7 11 13,0.0135847,29.5818,Yes,N/A,N/A,N/A,N/A,5,6,7,1 7,N/A,N/A,11,5 7,13,1 13,N/A,5 11,6 11,5 13
1 5 6 7 11 12,0.015187,28.8609,Yes,N/A,N/A,N/A,N/A,5,6,7,1 7,N/A,N/A,11,12,6 7,1 6 7,N/A,5 11,5 12,6 12
1 5 6 7 11 12 13,0.00696306,39.6379,Yes,N/A,N/A,N/A,N/A,5,6,7,1 7,N/A,N/A,11,12,13,1 13,N/A,5 11,5 12,5 13
1 5 6 7 10,0.0533125,14.8511,Yes,N/A,N/A,N/A,N/A,5,6,7,1 7,N/A,10,5 6,5 7,6 7,1 6 7,5 10,6 10,7 10,5 6 7
1 5 6 7 10 13,0.0228455,24.1898,Yes,N/A,N/A,N/A,N/A,5,6,7,1 7,N/A,10,5 6,5 7,13,1 13,5 10,6 10,7 10,5 13
1 5 6 7 10 12,0.0263122,23.1384,Yes,N/A,N/A,N/A,N/A,5,6,7,1 7,N/A,10,5 6,12,6 7,1 6 7,5 10,6 10,5 12,6 12
1 5 6 7 10 12 13,0.0122005,32.6844,Yes,N/A,N/A,N/A,N/A,5,6,7,1 7,N/A,10,5 6,12,13,1 13,5 10,6 10,5 12,5 13
1 5 6 7 10 11,0.0294942,22.4764,Yes,N/A,N/A,N/A,N/A,5,6,7,1 7,N/A,10,11,5 7,6 7,1 6 7,5 10,5 11,6 11,7 11
1 5 6 7 10 11 13,0.01407,31.4689,Yes,N/A,N/A,N/A,N/A,5,6,7,1 7,N/A,10,11,5 7,13,1 13,5 10,5 11,6 11,5 13
1 5 6 7 10 11 12,0.0160008,30.8836,Yes,N/A,N/A,N/A,N/A,5,6,7,1 7,N/A,10,11,12,6 7,1 6 7,5 10,5 11,5 12,6 12
1 5 6 7 10 11 12 13,0.00827652,40.0978,Yes,N/A,N/A,N/A,N/A,5,6,7,1 7,N/A,10,11,12,13,1 13,5 10,5 11,5 12,5 13
1 5 6 7 9,0.0693171,11.8882,Yes,N/A,N/A,N/A,N/A,5,6,7,1 7,9,1 9,5 6,5 7,6 7,5 9,6 9,7 9,1 7 9,5 6 7
1 5 6 7 9 13,0.026561,21.4324,Yes,N/A,N/A,N/A,N/A,5,6,7,1 7,9,1 9,5 6,5 7,13,5 9,6 9,7 9,1 7 9,5 13
1 5 6 7 9 12,0.0337965,19.6403,Yes,N/A,N/A,N/A,N/A,5,6,7,1 7,9,1 9,5 6,12,6 7,5 9,6 9,7 9,5 12,6 12
1 5 6 7 9 12 13,0.0142804,29.3773,Yes,N/A,N/A,N/A,N/A,5,6,7,1 7,9,1 9,5 6,12,13,5 9,6 9,7 9,5 12,5 13
1 5 6 7 9 11,0.0415029,18.0827,Yes,N/A,N/A,N/A,N/A,5,6,7,1 7,9,1 9,11,5 7,6 7,5 9,6 9,5 11,6 11,7 11
1 5 6 7 9 11 13,0.017712,27.2262,Yes,N/A,N/A,N/A,N/A,5,6,7,1 7,9,1 9,11,5 7,13,5 9,6 9,5 11,6 11,5 13
1 5 6 7 9 11 12,0.0217538,25.9283,Yes,N/A,N/A,N/A,N/A,5,6,7,1 7,9,1 9,11,12,6 7,5 9,6 9,5 11,5 12,6 12
1 5 6 7 9 11 12 13,0.010247,35.3335,Yes,N/A,N/A,N/A,N/A,5,6,7,1 7,9,1 9,11,12,13,5 9,6 9,5 11,5 12,5 13
1 5 6 7 9 10,0.0476264,16.8857,Yes,N/A,N/A,N/A,N/A,5,6,7,1 7,9,10,5 6,5 7,6 7,5 9,5 10,6 10,7 10,5 6 7
1 5 6 7 9 10 13,0.0214986,25.1927,Yes,N/A,N/A,N/A,N/A,5,6,7,1 7,9,10,5 6,5 7,13,5 9,5 10,6 10,7 10,5 13
1 5 6 7 9 10 12,0.0276418,23.0285,Yes,N/A,N/A,N/A,N/A,5,6,7,1 7,9,10,5 6,12,6 7,5 9,5 10,6 10,5 12,6 12
1 5 6 7 9 10 12 13,0.0135178,31.5123,Yes,N/A,N/A,N/A,N/A,5,6,7,1 7,9,10,5 6,12,13,5 9,5 10,6 10,5 12,5 13
1 5 6 7 9 10 11,0.0306199,22.6141,Yes,N/A,N/A,N/A,N/A,5,6,7,1 7,9,10,11,5 7,6 7,5 9,5 10,5 11,6 11,7 11
1 5 6 7 9 10 11 13,0.0156094,30.2148,Yes,N/A,N/A,N/A,N/A,5,6,7,1 7,9,10,11,5 7,13,5 9,5 10,5 11,6 11,5 13
1 5 6 7 9 10 11 12,0.019278,28.752,Yes,N/A,N/A,N/A,N/A,5,6,7,1 7,9,10,11,12,6 7,5 9,5 10,5 11,5 12,6 12
1 5 6 7 9 10 11 12 13,0.010599,36.4986,Yes,N/A,N/A,N/A,N/A,5,6,7,1 7,9,10,11,12,13,5 9,5 10,5 11,5 12,5 13
1 2 5 6 7,0.111757,7.50089,Yes,N/A,2,1 2,N/A,5,6,7,2 6,2 7,1 2 7,5 6,5 7,6 7,2 5 7,2 6 7,1 2 6 7,N/A,5 6 7
1 2 5 6 7 13,0.0475582,16.183,Yes,N/A,2,1 2,N/A,5,6,7,2 6,2 7,1 2 7,5 6,5 7,13,2 5 7,2 13,1 2 13,N/A,5 13
1 2 5 6 7 12,0.055496,14.5219,Yes,N/A,2,1 2,N/A,5,6,7,2 6,2 7,1 2 7,5 6,12,6 7,2 12,2 6 7,1 2 6 7,5 12,6 12
1 2 5 6 7 12 13,0.0259261,23.6243,Yes,N/A,2,1 2,N/A,5,6,7,2 6,2 7,1 2 7,5 6,12,13,2 12,2 13,1 2 13,5 12,5 13
1 2 5 6 7 11,0.0601757,13.372,Yes,N/A,2,1 2,N/A,5,6,7,2 6,2 7,1 2 7,11,5 7,2 11,2 5 7,2 6 7,5 11,6 11,7 11
1 2 5 6 7 11 13,0.0287573,21.9686,Yes,N/A,2,1 2,N/A,5,6,7,2 6,2 7,1 2 7,11,5 7,13,2 5 7,2 13,5 11,6 11,5 13
1 2 5 6 7 11 12,0.0321144,21.1945,Yes,N/A,2,1 2,N/A,5,6,7,2 6,2 7,1 2 7,11,12,2 11,2 12,2 6 7,5 11,5 12,6 12
1 2 5 6 7 11 12 13,0.0168581,29.8385,Yes,N/A,2,1 2,N/A,5,6,7,2 6,2 7,1 2 7,11,12,13,2 12,2 13,5 11,5 12,5 13
1 2 5 6 7 10,0.0791533,10.6702,Yes,N/A,2,1 2,N/A,5,6,7,2 6,2 7,10,5 6,2 10,6 7,2 5 7,5 10,6 10,7 10,2 6 10
1 2 5 6 7 10 13,0.0393568,18.7167,Yes,N/A,2,1 2,N/A,5,6,7,2 6,2 7,10,5 6,2 10,13,2 5 7,2 13,6 10,7 10,5 13
1 2 5 6 7 10 12,0.0483605,16.8353,Yes,N/A,2,1 2,N/A,5,6,7,2 6,2 7,10,5 6,12,6 7,2 12,5 10,6 10,5 12,6 12
1 2 5 6 7 10 12 13,0.0255677,24.8998,Yes,N/A,2,1 2,N/A,5,6,7,2 6,2 7,10,5 6,12,13,2 12,2 13,6 10,5 12,5 13
1 2 5 6 7 10 11,0.0496846,16.7456,Yes,N/A,2,1 2,N/A,5,6,7,2 6,2 7,10,11,2 10,2 11,2 5 7,5 10,5 11,6 11,7 11
1 2 5 6 7 10 11 13,0.0259077,24.6743,Yes,N/A,2,1 2,N/A,5,6,7,2 6,2 7,10,11,2 10,13,2 5 7,2 13,5 11,6 11,5 13
1 2 5 6 7 10 11 12,0.0321507,22.794,Yes,N/A,2,1 2,N/A,5,6,7,2 6,2 7,10,11,12,2 11,2 12,5 10,5 11,5 12,6 12
1 2 5 6 7 10 11 12 13,0.0183983,30.4313,Yes,N/A,2,1 2,N/A,5,6,7,2 6,2 7,10,11,12,13,2 12,2 13,5 11,5 12,5 13
2 5 6 7,0.0766336,10.0635,Yes,N/A,2,N/A,N/A,5,6,7,2 6,2 7,N/A,5 6,5 7,6 7,2 5 7,2 6 7,N/A,N/A,5 6 7
2 5 6 7 13,0.0254076,20.5325,Yes,N/A,2,N/A,N/A,5,6,7,2 6,2 7,N/A,5 6,5 7,13,2 5 7,2 13,N/A,N/A,5 13
2 5 6 7 12,0.0309983,18.8527,Yes,N/A,2,N/A,N/A,5,6,7,2 6,2 7,N/A,5 6,12,6 7,2 12,2 6 7,N/A,5 12,6 12
2 5 6 7 12 13,0.0127613,29.0042,Yes,N/A,2,N/A,N/A,5,6,7,2 6,2 7,N/A,5 6,12,13,2 12,2 13,N/A,5 12,5 13
2 5 6 7 11,0.0358228,17.2439,Yes,N/A,2,N/A,N/A,5,6,7,2 6,2 7,N/A,11,5 7,2 11,2 5 7,2 6 7,5 11,6 11,7 11
2 5 6 7 11 13,0.0139375,27.6823,Yes,N/A,2,N/A,N/A,5,6,7,2 6,2 7,N/A,11,5 7,13,2 5 7,2 13,5 11,6 11,5 13
2 5 6 7 11 12,0.0174518,25.9932,Yes,N/A,2,N/A,N/A,5,6,7,2 6,2 7,N/A,11,12,2 11,2 12,2 6 7,5 11,5 12,6 12
2 5 6 7 11 12 13,0.00792708,35.99,Yes,N/A,2,N/A,N/A,5,6,7,2 6,2 7,N/A,11,12,13,2 12,2 13,5 11,5 12,5 13
1 2 5 6 7 9,0.0856277,9.22245,Yes,N/A,2,1 2,N/A,5,6,7,2 6,9,1 9,2 9,5 7,6 7,5 9,6 9,7 9,2 6 9,2 7 9
1 2 5 6 7 9 13,0.0410295,17.7881,Yes,N/A,2,1 2,N/A,5,6,7,2 6,9,1 9,2 9,5 7,13,5 9,2 13,7 9,2 6 9,5 13
1 2 5 6 7 9 12,0.0497812,15.9505,Yes,N/A,2,1 2,N/A,5,6,7,2 6,9,1 9,2 9,12,6 7,2 12,6 9,7 9,5 12,6 12
1 2 5 6 7 9 12 13,0.025133,24.6933,Yes,N/A,2,1 2,N/A,5,6,7,2 6,9,1 9,2 9,12,13,2 12,2 13,7 9,5 12,5 13
1 2 5 6 7 9 11,0.0623872,13.5606,Yes,N/A,2,1 2,N/A,5,6,7,2 6,9,1 9,11,5 7,2 11,5 9,6 9,5 11,6 11,7 11
1 2 5 6 7 9 11 13,0.031392,21.8039,Yes,N/A,2,1 2,N/A,5,6,7,2 6,9,1 9,11,5 7,13,5 9,2 13,5 11,6 11,5 13
1 2 5 6 7 9 11 12,0.0370595,20.2422,Yes,N/A,2,1 2,N/A,5,6,7,2 6,9,1 9,11,12,2 11,2 12,6 9,5 11,5 12,6 12
1 2 5 6 7 9 11 12 13,0.0203781,28.2791,Yes,N/A,2,1 2,N/A,5,6,7,2 6,9,1 9,11,12,13,2 12,2 13,5 11,5 12,5 13
1 2 5 6 7 9 10,0.0717334,12.3022,Yes,N/A,2,1 2,N/A,5,6,7,2 6,9,10,2 9,2 10,6 7,5 9,5 10,6 10,7 10,2 6 10
1 2 5 6 7 9 10 13,0.0366315,20.1492,Yes,N/A,2,1 2,N/A,5,6,7,2 6,9,10,2 9,2 10,13,5 9,2 13,6 10,7 10,5 13
1 2 5 6 7 9 10 12,0.0443988,18.4475,Yes,N/A,2,1 2,N/A,5,6,7,2 6,9,10,2 9,12,6 7,2 12,5 10,6 10,5 12,6 12
1 2 5 6 7 9 10 12 13,0.0246337,26.0671,Yes,N/A,2,1 2,N/A,5,6,7,2 6,9,10,2 9,12,13,2 12,2 13,6 10,5 12,5 13
1 2 5 6 7 9 10 11,0.0512065,16.8885,Yes,N/A,2,1 2,N/A,5,6,7,2 6,9,10,11,2 10,2 11,5 9,5 10,5 11,6 11,7 11
1 2 5 6 7 9 10 11 13,0.0285695,24.1042,Yes,N/A,2,1 2,N/A,5,6,7,2 6,9,10,11,2 10,13,5 9,2 13,5 11,6 11,5 13
1 2 5 6 7 9 10 11 12,0.0344148,22.296,Yes,N/A,2,1 2,N/A,5,6,7,2 6,9,10,11,12,2 11,2 12,5 10,5 11,5 12,6 12
1 2 5 6 7 9 10 11 12 13,0.0210194,29.1567,Yes,N/A,2,1 2,N/A,5,6,7,2 6,9,10,11,12,13,2 12,2 13,5 11,5 12,5 13
1 5 6 7 8,0.0681517,13.4427,Yes,N/A,N/A,N/A,N/A,5,6,7,8,1 8,N/A,5 6,5 7,5 8,6 8,7 8,1 7 8,N/A,5 6 7
1 5 6 7 8 13,0.0249661,23.7147,Yes,N/A,N/A,N/A,N/A,5,6,7,8,1 8,N/A,5 6,5 7,13,6 8,7 8,1 7 8,N/A,5 13
1 5 6 7 8 12,0.030507,22.0479,Yes,N/A,N/A,N/A,N/A,5,6,7,8,1 8,N/A,5 6,12,5 8,6 8,7 8,1 7 8,5 12,6 12
1 5 6 7 8 12 13,0.0127732,32.3577,Yes,N/A,N/A,N/A,N/A,5,6,7,8,1 8,N/A,5 6,12,13,6 8,7 8,1 7 8,5 12,5 13
1 5 6 7 8 11,0.0393419,20.034,Yes,N/A,N/A,N/A,N/A,5,6,7,8,1 8,N/A,11,5 7,5 8,6 8,7 8,5 11,6 11,7 11
1 5 6 7 8 11 13,0.0164447,30.0366,Yes,N/A,N/A,N/A,N/A,5,6,7,8,1 8,N/A,11,5 7,13,6 8,7 8,5 11,6 11,5 13
1 5 6 7 8 11 12,0.0190046,29.1534,Yes,N/A,N/A,N/A,N/A,5,6,7,8,1 8,N/A,11,12,5 8,6 8,7 8,5 11,5 12,6 12
1 5 6 7 8 11 12 13,0.00900015,39.2523,Yes,N/A,N/A,N/A,N/A,5,6,7,8,1 8,N/A,11,12,13,6 8,7 8,5 11,5 12,5 13
1 5 6 7 8 10,0.0543328,15.5182,Yes,N/A,N/A,N/A,N/A,5,6,7,8,1 8,10,5 6,5 7,5 8,6 8,5 10,6 10,7 10,8 10
1 5 6 7 8 10 13,0.0233266,24.3548,Yes,N/A,N/A,N/A,N/A,5,6,7,8,1 8,10,5 6,5 7,13,6 8,5 10,6 10,7 10,5 13
1 5 6 7 8 10 12,0.0282399,22.7245,Yes,N/A,N/A,N/A,N/A,5,6,7,8,1 8,10,5 6,12,5 8,6 8,5 10,6 10,5 12,6 12
1 5 6 7 8 10 12 13,0.0136412,31.5337,Yes,N/A,N/A,N/A,N/A,5,6,7,8,1 8,10,5 6,12,13,6 8,5 10,6 10,5 12,5 13
1 5 6 7 8 10 11,0.0337202,21.2534,Yes,N/A,N/A,N/A,N/A,5,6,7,8,1 8,10,11,5 7,5 8,6 8,5 10,5 11,6 11,7 11
1 5 6 7 8 10 11 13,0.0166278,29.5676,Yes,N/A,N/A,N/A,N/A,5,6,7,8,1 8,10,11,5 7,13,6 8,5 10,5 11,6 11,5 13
1 5 6 7 8 10 11 12,0.0194289,28.6784,Yes,N/A,N/A,N/A,N/A,5,6,7,8,1 8,10,11,12,5 8,6 8,5 10,5 11,5 12,6 12
1 5 6 7 8 10 11 12 13,0.010607,36.9277,Yes,N/A,N/A,N/A,N/A,5,6,7,8,1 8,10,11,12,13,6 8,5 10,5 11,5 12,5 13
1 2 5 6 7 8,0.0860907,9.18337,Yes,N/A,2,1 2,N/A,5,6,7,8,2 7,2 8,5 6,5 7,5 8,6 8,7 8,2 6 8,2 7 8,5 6 7
1 2 5 6 7 8 13,0.0417344,17.6705,Yes,N/A,2,1 2,N/A,5,6,7,8,2 7,2 8,5 6,5 7,13,6 8,2 13,2 6 8,2 7 8,5 13
1 2 5 6 7 8 12,0.0522554,15.7022,Yes,N/A,2,1 2,N/A,5,6,7,8,2 7,2 8,5 6,12,5 8,2 12,7 8,2 6 8,5 12,6 12
1 2 5 6 7 8 12 13,0.0259732,24.5493,Yes,N/A,2,1 2,N/A,5,6,7,8,2 7,2 8,5 6,12,13,2 12,2 13,2 6 8,5 12,5 13
1 2 5 6 7 8 11,0.0616553,13.9173,Yes,N/A,2,1 2,N/A,5,6,7,8,2 7,2 8,11,5 7,2 11,6 8,7 8,5 11,6 11,7 11
1 2 5 6 7 8 11 13,0.0309347,22.2925,Yes,N/A,2,1 2,N/A,5,6,7,8,2 7,2 8,11,5 7,13,6 8,2 13,5 11,6 11,5 13
1 2 5 6 7 8 11 12,0.0361309,21.2419,Yes,N/A,2,1 2,N/A,5,6,7,8,2 7,2 8,11,12,2 11,2 12,7 8,5 11,5 12,6 12
1 2 5 6 7 8 11 12 13,0.0196892,29.586,Yes,N/A,2,1 2,N/A,5,6,7,8,2 7,2 8,11,12,13,2 12,2 13,5 11,5 12,5 13
1 2 5 6 7 8 10,0.0752896,11.9914,Yes,N/A,2,1 2,N/A,5,6,7,8,2 7,10,5 6,2 10,5 8,6 8,5 10,6 10,7 10,8 10
1 2 5 6 7 8 10 13,0.0382999,19.797,Yes,N/A,2,1 2,N/A,5,6,7,8,2 7,10,5 6,2 10,13,6 8,2 13,6 10,7 10,5 13
1 2 5 6 7 8 10 12,0.0486337,17.3756,Yes,N/A,2,1 2,N/A,5,6,7,8,2 7,10,5 6,12,5 8,2 12,5 10,6 10,5 12,6 12
1 2 5 6 7 8 10 12 13,0.0265987,25.0356,Yes,N/A,2,1 2,N/A,5,6,7,8,2 7,10,5 6,12,13,2 12,2 13,6 10,5 12,5 13
1 2 5 6 7 8 10 11,0.0534332,16.4896,Yes,N/A,2,1 2,N/A,5,6,7,8,2 7,10,11,2 10,2 11,6 8,5 10,5 11,6 11,7 11
1 2 5 6 7 8 10 11 13,0.028867,24.2522,Yes,N/A,2,1 2,N/A,5,6,7,8,2 7,10,11,2 10,13,6 8,2 13,5 11,6 11,5 13
1 2 5 6 7 8 10 11 12,0.0357374,21.853,Yes,N/A,2,1 2,N/A,5,6,7,8,2 7,10,11,12,2 11,2 12,5 10,5 11,5 12,6 12
1 2 5 6 7 8 10 11 12 13,0.0214142,29.0048,Yes,N/A,2,1 2,N/A,5,6,7,8,2 7,10,11,12,13,2 12,2 13,5 11,5 12,5 13
1 5 6 7 8 9,0.0562827,15.1182,Yes,N/A,N/A,N/A,N/A,5,6,7,8,9,1 9,5 6,5 7,5 8,5 9,6 9,7 9,8 9,5 6 7
1 5 6 7 8 9 13,0.0233902,24.3758,Yes,N/A,N/A,N/A,N/A,5,6,7,8,9,1 9,5 6,5 7,13,5 9,6 9,7 9,8 9,5 13
1 5 6 7 8 9 12,0.0299763,22.1245,Yes,N/A,N/A,N/A,N/A,5,6,7,8,9,1 9,5 6,12,5 8,5 9,6 9,7 9,5 12,6 12
1 5 6 7 8 9 12 13,0.0139978,31.4208,Yes,N/A,N/A,N/A,N/A,5,6,7,8,9,1 9,5 6,12,13,5 9,6 9,7 9,5 12,5 13
1 5 6 7 8 9 11,0.037781,19.6594,Yes,N/A,N/A,N/A,N/A,5,6,7,8,9,1 9,11,5 7,5 8,5 9,6 9,5 11,6 11,7 11
1 5 6 7 8 9 11 13,0.0177438,28.4952,Yes,N/A,N/A,N/A,N/A,5,6,7,8,9,1 9,11,5 7,13,5 9,6 9,5 11,6 11,5 13
1 5 6 7 8 9 11 12,0.0217587,26.8065,Yes,N/A,N/A,N/A,N/A,5,6,7,8,9,1 9,11,12,5 8,5 9,6 9,5 11,5 12,6 12
1 5 6 7 8 9 11 12 13,0.0113559,35.7137,Yes,N/A,N/A,N/A,N/A,5,6,7,8,9,1 9,11,12,13,5 9,6 9,5 11,5 12,5 13
1 2 5 6 7 8 9,0.0803298,11.2723,Yes,N/A,2,1 2,N/A,5,6,7,8,9,2 8,2 9,5 7,5 8,5 9,6 9,7 9,8 9,2 7 9
1 2 5 6 7 8 9 13,0.0393613,19.3789,Yes,N/A,2,1 2,N/A,5,6,7,8,9,2 8,2 9,5 7,13,5 9,2 13,7 9,8 9,5 13
1 2 5 6 7 8 9 12,0.0496226,17.1248,Yes,N/A,2,1 2,N/A,5,6,7,8,9,2 8,2 9,12,5 8,2 12,6 9,7 9,5 12,6 12
1 2 5 6 7 8 9 12 13,0.0260604,25.3602,Yes,N/A,2,1 2,N/A,5,6,7,8,9,2 8,2 9,12,13,2 12,2 13,7 9,5 12,5 13
1 2 5 6 7 8 9 11,0.0592737,15.0955,Yes,N/A,2,1 2,N/A,5,6,7,8,9,2 8,11,5 7,2 11,5 9,6 9,5 11,6 11,7 11
1 2 5 6 7 8 9 11 13,0.0320796,22.6078,Yes,N/A,2,1 2,N/A,5,6,7,8,9,2 8,11,5 7,13,5 9,2 13,5 11,6 11,5 13
1 2 5 6 7 8 9 11 12,0.0381972,20.8754,Yes,N/A,2,1 2,N/A,5,6,7,8,9,2 8,11,12,2 11,2 12,6 9,5 11,5 12,6 12
1 2 5 6 7 8 9 11 12 13,0.0224363,28.2353,Yes,N/A,2,1 2,N/A,5,6,7,8,9,2 8,11,12,13,2 12,2 13,5 11,5 12,5 13
1 5 6 7 8 9 10,0.0406353,19.1671,Yes,N/A,N/A,N/A,N/A,5,6,7,8,9,10,5 6,5 7,5 8,5 9,5 10,6 10,7 10,8 10
1 5 6 7 8 9 10 13,0.0200764,27.1184,Yes,N/A,N/A,N/A,N/A,5,6,7,8,9,10,5 6,5 7,13,5 9,5 10,6 10,7 10,5 13
1 5 6 7 8 9 10 12,0.0258438,24.3434,Yes,N/A,N/A,N/A,N/A,5,6,7,8,9,10,5 6,12,5 8,5 9,5 10,6 10,5 12,6 12
1 5 6 7 8 9 10 12 13,0.013995,32.2381,Yes,N/A,N/A,N/A,N/A,5,6,7,8,9,10,5 6,12,13,5 9,5 10,6 10,5 12,5 13
1 2 5 6 7 8 9 10,0.0660569,13.9718,Yes,N/A,2,1 2,N/A,5,6,7,8,9,10,2 9,2 10,5 8,5 9,5 10,6 10,7 10,8 10
1 2 5 6 7 8 9 10 13,0.0354468,21.371,Yes,N/A,2,1 2,N/A,5,6,7,8,9,10,2 9,2 10,13,5 9,2 13,6 10,7 10,5 13
1 2 5 6 7 8 9 10 12,0.0443555,19.1615,Yes,N/A,2,1 2,N/A,5,6,7,8,9,10,2 9,12,5 8,2 12,5 10,6 10,5 12,6 12
1 2 5 6 7 8 9 10 12 13,0.0259301,26.1528,Yes,N/A,2,1 2,N/A,5,6,7,8,9,10,2 9,12,13,2 12,2 13,6 10,5 12,5 13
1 5 6 7 8 9 10 11,0.0299456,22.8864,Yes,N/A,N/A,N/A,N/A,5,6,7,8,9,10,11,5 7,5 8,5 9,5 10,5 11,6 11,7 11
1 5 6 7 8 9 10 11 13,0.016619,30.0421,Yes,N/A,N/A,N/A,N/A,5,6,7,8,9,10,11,5 7,13,5 9,5 10,5 11,6 11,5 13
1 2 5 6 7 8 9 10 11,0.050018,17.7361,Yes,N/A,2,1 2,N/A,5,6,7,8,9,10,11,2 10,2 11,5 9,5 10,5 11,6 11,7 11
1 2 5 6 7 8 9 10 11 13,0.0297768,24.4682,Yes,N/A,2,1 2,N/A,5,6,7,8,9,10,11,2 10,13,5 9,2 13,5 11,6 11,5 13
1 5 6 7 8 9 10 11 12,0.0203787,28.1876,Yes,N/A,N/A,N/A,N/A,5,6,7,8,9,10,11,12,5 8,5 9,5 10,5 11,5 12,6 12
1 2 5 6 7 8 9 10 11 12,0.0361028,22.3072,Yes,N/A,2,1 2,N/A,5,6,7,8,9,10,11,12,2 11,2 12,5 10,5 11,5 12,6 12
1 2 5 6 7 8 9 10 11 12 13,0.0235379,28.4247,Yes,N/A,N/A,1 2,N/A,5,6,7,8,9,10,11,12,13,2 12,2 13,5 11,5 12,5 13
1 6 7 8 9 10 11 12 13,0.00894463,38.584,Yes,N/A,N/A,N/A,N/A,N/A,6,7,8,9,10,11,12,13,6 8,6 9,6 10,6 11,6 12
1 4,0.0300926,4.80324,Yes,N/A,N/A,N/A,4,1 4,N/A,N/A,N/A,N/A,N/A,N/A,N/A,N/A,N/A,N/A,N/A,N/A,N/A
1 4 13,0.0147248,15.1583,Yes,N/A,N/A,N/A,4,1 4,N/A,N/A,N/A,N/A,N/A,N/A,N/A,13,1 13,N/A,N/A,4 13,1 4 13
1 4 12,0.028185,13.3637,Yes,N/A,N/A,N/A,4,1 4,N/A,N/A,N/A,N/A,N/A,N/A,12,1 12,N/A,N/A,4 12,1 4 12,N/A
1 4 12 13,0.0121617,24.3548,Yes,N/A,N/A,N/A,4,1 4,N/A,N/A,N/A,N/A,N/A,N/A,12,13,1 13,N/A,4 12,4 13,1 4 13
1 4 11,0.046232,11.7872,Yes,N/A,N/A,N/A,4,1 4,N/A,N/A,N/A,N/A,N/A,11,1 11,N/A,N/A,4 11,1 4 11,N/A,N/A
1 4 11 13,0.0221381,20.9041,Yes,N/A,N/A,N/A,4,1 4,N/A,N/A,N/A,N/A,N/A,11,1 11,13,1 13,4 11,1 4 11,4 13,1 4 13
1 4 11 12,0.0260309,20.8784,Yes,N/A,N/A,N/A,4,1 4,N/A,N/A,N/A,N/A,N/A,11,12,1 12,N/A,4 11,4 12,1 4 12,N/A
1 4 11 12 13,0.0116646,31.0192,Yes,N/A,N/A,N/A,4,1 4,N/A,N/A,N/A,N/A,N/A,11,12,13,1 13,4 11,4 12,4 13,1 4 13
1 4 10,0.0688657,10.3993,Yes,N/A,N/A,N/A,4,1 4,N/A,N/A,N/A,N/A,10,1 10,N/A,N/A,4 10,1 4 10,N/A,N/A,N/A
1 4 10 13,0.0249727,20.5173,Yes,N/A,N/A,N/A,4,1 4,N/A,N/A,N/A,N/A,10,1 10,N/A,13,4 10,1 4 10,N/A,4 13,1 4 13
1 4 10 12,0.0433036,17.2212,Yes,N/A,N/A,N/A,4,1 4,N/A,N/A,N/A,N/A,10,1 10,12,1 12,4 10,1 4 10,4 12,1 4 12,N/A
1 4 10 12 13,0.0156045,28.1508,Yes,N/A,N/A,N/A,4,1 4,N/A,N/A,N/A,N/A,10,1 10,12,13,4 10,1 4 10,4 12,4 13,1 4 13
1 4 10 11,0.044094,17.8126,Yes,N/A,N/A,N/A,4,1 4,N/A,N/A,N/A,N/A,10,11,1 11,N/A,4 10,4 11,1 4 11,N/A,N/A
1 4 10 11 13,0.0194803,26.7727,Yes,N/A,N/A,N/A,4,1 4,N/A,N/A,N/A,N/A,10,11,1 11,13,4 10,4 11,1 4 11,4 13,1 4 13
1 4 10 11 12,0.0247659,25.5809,Yes,N/A,N/A,N/A,4,1 4,N/A,N/A,N/A,N/A,10,11,12,1 12,4 10,4 11,4 12,1 4 12,N/A
1 4 10 11 12 13,0.0111849,36.147,Yes,N/A,N/A,N/A,4,1 4,N/A,N/A,N/A,N/A,10,11,12,13,4 10,4 11,4 12,4 13,1 4 13
1 4 9,0.0960862,9.17082,Yes,N/A,N/A,N/A,4,1 4,N/A,N/A,N/A,9,1 9,N/A,N/A,4 9,1 4 9,N/A,N/A,N/A,N/A
1 4 9 13,0.0238724,20.6165,Yes,N/A,N/A,N/A,4,1 4,N/A,N/A,N/A,9,1 9,N/A,N/A,13,1 13,N/A,N/A,4 13,1 4 13
1 4 9 12,0.0447587,17.3985,Yes,N/A,N/A,N/A,4,1 4,N/A,N/A,N/A,9,1 9,N/A,12,4 9,1 4 9,N/A,4 12,1 4 12,N/A
1 4 9 12 13,0.0144052,28.5958,Yes,N/A,N/A,N/A,4,1 4,N/A,N/A,N/A,9,1 9,N/A,12,13,1 13,N/A,4 12,4 13,1 4 13
1 4 9 11,0.068738,14.0791,Yes,N/A,N/A,N/A,4,1 4,N/A,N/A,N/A,9,1 9,11,1 11,4 9,1 4 9,4 11,1 4 11,N/A,N/A
1 4 9 11 13,0.0222537,24.3486,Yes,N/A,N/A,N/A,4,1 4,N/A,N/A,N/A,9,1 9,11,1 11,13,1 13,4 11,1 4 11,4 13,1 4 13
1 4 9 11 12,0.0304367,22.9886,Yes,N/A,N/A,N/A,4,1 4,N/A,N/A,N/A,9,1 9,11,12,4 9,1 4 9,4 11,4 12,1 4 12,N/A
1 4 9 11 12 13,0.0127927,32.9914,Yes,N/A,N/A,N/A,4,1 4,N/A,N/A,N/A,9,1 9,11,12,13,1 13,4 11,4 12,4 13,1 4 13
1 4 9 10,0.0635824,15.1762,Yes,N/A,N/A,N/A,4,1 4,N/A,N/A,N/A,9,10,1 10,N/A,4 9,4 10,1 4 10,N/A,N/A,N/A
1 4 9 10 13,0.0192013,26.1926,Yes,N/A,N/A,N/A,4,1 4,N/A,N/A,N/A,9,10,1 10,N/A,13,4 10,1 4 10,N/A,4 13,1 4 13
1 4 9 10 12,0.0348982,21.7567,Yes,N/A,N/A,N/A,4,1 4,N/A,N/A,N/A,9,10,1 10,12,4 9,4 10,1 4 10,4 12,1 4 12,N/A
1 4 9 10 12 13,0.0129464,32.5024,Yes,N/A,N/A,N/A,4,1 4,N/A,N/A,N/A,9,10,1 10,12,13,4 10,1 4 10,4 12,4 13,1 4 13
1 4 9 10 11,0.0393737,20.9485,Yes,N/A,N/A,N/A,4,1 4,N/A,N/A,N/A,9,10,11,1 11,4 9,4 10,4 11,1 4 11,N/A,N/A
1 4 9 10 11 13,0.0159392,30.7798,Yes,N/A,N/A,N/A,4,1 4,N/A,N/A,N/A,9,10,11,1 11,13,4 10,4 11,1 4 11,4 13,1 4 13
1 4 9 10 11 12,0.0217398,29.1643,Yes,N/A,N/A,N/A,4,1 4,N/A,N/A,N/A,9,10,11,12,4 9,4 10,4 11,4 12,1 4 12,N/A
1 4 9 10 11 12 13,0.0104508,39.013,Yes,N/A,N/A,N/A,4,1 4,N/A,N/A,N/A,9,10,11,12,13,4 10,4 11,4 12,4 13,1 4 13
1 4 8,0.125579,8.24138,Yes,N/A,N/A,N/A,4,1 4,N/A,N/A,8,1 8,N/A,N/A,4 8,1 4 8,N/A,N/A,N/A,N/A,N/A
1 4 8 13,0.0370504,18.548,Yes,N/A,N/A,N/A,4,1 4,N/A,N/A,8,1 8,N/A,N/A,4 8,13,1 13,N/A,N/A,4 13,1 4 13
1 4 8 12,0.0387044,18.1091,Yes,N/A,N/A,N/A,4,1 4,N/A,N/A,8,1 8,N/A,N/A,12,1 12,N/A,N/A,4 12,1 4 12,N/A
1 4 8 12 13,0.013998,28.4181,Yes,N/A,N/A,N/A,4,1 4,N/A,N/A,8,1 8,N/A,N/A,12,13,1 13,N/A,4 12,4 13,1 4 13
1 4 8 11,0.0641673,14.8632,Yes,N/A,N/A,N/A,4,1 4,N/A,N/A,8,1 8,N/A,11,4 8,1 4 8,N/A,4 11,1 4 11,N/A,N/A
1 4 8 11 13,0.0260843,23.8139,Yes,N/A,N/A,N/A,4,1 4,N/A,N/A,8,1 8,N/A,11,4 8,13,1 13,4 11,1 4 11,4 13,1 4 13
1 4 8 11 12,0.0254805,24.2963,Yes,N/A,N/A,N/A,4,1 4,N/A,N/A,8,1 8,N/A,11,12,1 12,N/A,4 11,4 12,1 4 12,N/A
1 4 8 11 12 13,0.0118333,33.3426,Yes,N/A,N/A,N/A,4,1 4,N/A,N/A,8,1 8,N/A,11,12,13,1 13,4 11,4 12,4 13,1 4 13
1 4 8 10,0.0900822,11.6401,Yes,N/A,N/A,N/A,4,1 4,N/A,N/A,8,1 8,10,1 10,4 8,1 4 8,4 10,1 4 10,N/A,N/A,8 10
1 4 8 10 13,0.0314442,21.5116,Yes,N/A,N/A,N/A,4,1 4,N/A,N/A,8,1 8,10,1 10,4 8,13,4 10,1 4 10,N/A,4 13,8 10
1 4 8 10 12,0.0362568,19.7644,Yes,N/A,N/A,N/A,4,1 4,N/A,N/A,8,1 8,10,1 10,12,1 12,4 10,1 4 10,4 12,1 4 12,8 10
1 4 8 10 12 13,0.0150273,29.721,Yes,N/A,N/A,N/A,4,1 4,N/A,N/A,8,1 8,10,1 10,12,13,4 10,1 4 10,4 12,4 13,8 10
1 4 8 10 11,0.0440809,18.7837,Yes,N/A,N/A,N/A,4,1 4,N/A,N/A,8,1 8,10,11,4 8,1 4 8,4 10,4 11,1 4 11,N/A,8 10
1 4 8 10 11 13,0.0204935,27.528,Yes,N/A,N/A,N/A,4,1 4,N/A,N/A,8,1 8,10,11,4 8,13,4 10,4 11,1 4 11,4 13,8 10
1 4 8 10 11 12,0.0229148,26.3678,Yes,N/A,N/A,N/A,4,1 4,N/A,N/A,8,1 8,10,11,12,1 12,4 10,4 11,4 12,1 4 12,8 10
1 4 8 10 11 12 13,0.0117128,35.5357,Yes,N/A,N/A,N/A,4,1 4,N/A,N/A,8,1 8,10,11,12,13,4 10,4 11,4 12,4 13,8 10
1 4 8 9,0.0771266,12.8717,Yes,N/A,N/A,N/A,4,1 4,N/A,N/A,8,9,1 9,N/A,4 8,4 9,1 4 9,N/A,N/A,8 9,1 8 9
1 4 8 9 13,0.0271064,23.6159,Yes,N/A,N/A,N/A,4,1 4,N/A,N/A,8,9,1 9,N/A,4 8,13,1 13,N/A,N/A,4 13,1 4 13
1 4 8 9 12,0.0291315,22.1902,Yes,N/A,N/A,N/A,4,1 4,N/A,N/A,8,9,1 9,N/A,12,4 9,1 4 9,N/A,4 12,8 9,1 8 9
1 4 8 9 12 13,0.0120569,32.9015,Yes,N/A,N/A,N/A,4,1 4,N/A,N/A,8,9,1 9,N/A,12,13,1 13,N/A,4 12,4 13,1 4 13
1 4 8 9 11,0.0478262,17.4692,Yes,N/A,N/A,N/A,4,1 4,N/A,N/A,8,9,1 9,11,4 8,4 9,1 4 9,4 11,1 4 11,8 9,1 8 9
1 4 8 9 11 13,0.0210809,26.7407,Yes,N/A,N/A,N/A,4,1 4,N/A,N/A,8,9,1 9,11,4 8,13,1 13,4 11,1 4 11,4 13,1 4 13
1 4 8 9 11 12,0.0219321,26.2898,Yes,N/A,N/A,N/A,4,1 4,N/A,N/A,8,9,1 9,11,12,4 9,1 4 9,4 11,4 12,8 9,1 8 9
1 4 8 9 11 12 13,0.011166,35.3835,Yes,N/A,N/A,N/A,4,1 4,N/A,N/A,8,9,1 9,11,12,13,1 13,4 11,4 12,4 13,1 4 13
1 4 8 9 10,0.0506391,17.032,Yes,N/A,N/A,N/A,4,1 4,N/A,N/A,8,9,10,1 10,4 8,4 9,4 10,1 4 10,N/A,8 9,8 10
1 4 8 9 10 13,0.0202776,27.1942,Yes,N/A,N/A,N/A,4,1 4,N/A,N/A,8,9,10,1 10,4 8,13,4 10,1 4 10,N/A,4 13,8 10
1 4 8 9 10 12,0.025754,24.5858,Yes,N/A,N/A,N/A,4,1 4,N/A,N/A,8,9,10,1 10,12,4 9,4 10,1 4 10,4 12,8 9,8 10
1 4 8 9 10 12 13,0.0116701,34.7141,Yes,N/A,N/A,N/A,4,1 4,N/A,N/A,8,9,10,1 10,12,13,4 10,1 4 10,4 12,4 13,8 10
1 4 8 9 10 11,0.0312769,23.187,Yes,N/A,N/A,N/A,4,1 4,N/A,N/A,8,9,10,11,4 8,4 9,4 10,4 11,1 4 11,8 9,8 10
1 4 8 9 10 11 13,0.0156693,32.0273,Yes,N/A,N/A,N/A,4,1 4,N/A,N/A,8,9,10,11,4 8,13,4 10,4 11,1 4 11,4 13,8 10
1 4 8 9 10 11 12,0.0185255,30.5919,Yes,N/A,N/A,N/A,4,1 4,N/A,N/A,8,9,10,11,12,4 9,4 10,4 11,4 12,8 9,8 10
1 4 8 9 10 11 12 13,0.0102898,39.4295,Yes,N/A,N/A,N/A,4,1 4,N/A,N/A,8,9,10,11,12,13,4 10,4 11,4 12,4 13,8 10
1 4 7,0.143454,7.70666,Yes,N/A,N/A,N/A,4,1 4,N/A,7,1 7,N/A,N/A,4 7,1 4 7,N/A,N/A,N/A,N/A,N/A,N/A
1 4 7 13,0.0499909,16.7653,Yes,N/A,N/A,N/A,4,1 4,N/A,7,1 7,N/A,N/A,4 7,1 4 7,13,1 13,N/A,N/A,4 13,1 4 13
1 4 7 12,0.0534488,16.2163,Yes,N/A,N/A,N/A,4,1 4,N/A,7,1 7,N/A,N/A,4 7,12,1 12,N/A,N/A,4 12,1 4 12,N/A
1 4 7 12 13,0.0205128,26.0961,Yes,N/A,N/A,N/A,4,1 4,N/A,7,1 7,N/A,N/A,4 7,12,13,1 13,N/A,4 12,4 13,1 4 13
1 4 7 11,0.0489996,16.0977,Yes,N/A,N/A,N/A,4,1 4,N/A,7,1 7,N/A,N/A,11,1 11,N/A,N/A,4 11,1 4 11,N/A,7 11
1 4 7 11 13,0.0214367,24.2119,Yes,N/A,N/A,N/A,4,1 4,N/A,7,1 7,N/A,N/A,11,1 11,13,1 13,4 11,1 4 11,4 13,7 11
1 4 7 11 12,0.0221244,24.443,Yes,N/A,N/A,N/A,4,1 4,N/A,7,1 7,N/A,N/A,11,12,1 12,N/A,4 11,4 12,1 4 12,7 11
1 4 7 11 12 13,0.0108997,33.5473,Yes,N/A,N/A,N/A,4,1 4,N/A,7,1 7,N/A,N/A,11,12,13,1 13,4 11,4 12,4 13,7 11
1 4 7 10,0.075336,12.7476,Yes,N/A,N/A,N/A,4,1 4,N/A,7,1 7,N/A,10,4 7,1 4 7,N/A,4 10,1 4 10,N/A,7 10,1 7 10
1 4 7 10 13,0.0297001,21.7161,Yes,N/A,N/A,N/A,4,1 4,N/A,7,1 7,N/A,10,4 7,1 4 7,13,4 10,1 4 10,N/A,4 13,1 4 13
1 4 7 10 12,0.0381029,19.5488,Yes,N/A,N/A,N/A,4,1 4,N/A,7,1 7,N/A,10,4 7,12,1 12,4 10,1 4 10,4 12,7 10,1 7 10
1 4 7 10 12 13,0.0163025,29.5491,Yes,N/A,N/A,N/A,4,1 4,N/A,7,1 7,N/A,10,4 7,12,13,4 10,1 4 10,4 12,4 13,1 4 13
1 4 7 10 11,0.0343291,20.5311,Yes,N/A,N/A,N/A,4,1 4,N/A,7,1 7,N/A,10,11,1 11,N/A,4 10,4 11,1 4 11,7 10,7 11
1 4 7 10 11 13,0.0166561,28.4327,Yes,N/A,N/A,N/A,4,1 4,N/A,7,1 7,N/A,10,11,1 11,13,4 10,4 11,1 4 11,4 13,7 11
1 4 7 10 11 12,0.0198851,27.277,Yes,N/A,N/A,N/A,4,1 4,N/A,7,1 7,N/A,10,11,12,1 12,4 10,4 11,4 12,7 10,7 11
1 4 7 10 11 12 13,0.0103468,36.5582,Yes,N/A,N/A,N/A,4,1 4,N/A,7,1 7,N/A,10,11,12,13,4 10,4 11,4 12,4 13,7 11
1 4 7 9,0.0988342,9.56746,Yes,N/A,N/A,N/A,4,1 4,N/A,7,1 7,9,1 9,4 7,1 4 7,4 9,1 4 9,N/A,7 9,1 7 9,N/A
1 4 7 9 13,0.0349563,19.497,Yes,N/A,N/A,N/A,4,1 4,N/A,7,1 7,9,1 9,4 7,1 4 7,13,1 13,N/A,7 9,4 13,1 4 13
1 4 7 9 12,0.0427478,18.0356,Yes,N/A,N/A,N/A,4,1 4,N/A,7,1 7,9,1 9,4 7,12,4 9,1 4 9,N/A,4 12,1 4 12,N/A
1 4 7 9 12 13,0.0184486,27.6239,Yes,N/A,N/A,N/A,4,1 4,N/A,7,1 7,9,1 9,4 7,12,13,1 13,N/A,4 12,4 13,1 4 13
1 4 7 9 11,0.0461813,16.0653,Yes,N/A,N/A,N/A,4,1 4,N/A,7,1 7,9,1 9,11,1 11,4 9,1 4 9,4 11,7 9,1 7 9,7 11
1 4 7 9 11 13,0.019861,25.405,Yes,N/A,N/A,N/A,4,1 4,N/A,7,1 7,9,1 9,11,1 11,13,1 13,4 11,7 9,4 13,7 11
1 4 7 9 11 12,0.0234103,24.1473,Yes,N/A,N/A,N/A,4,1 4,N/A,7,1 7,9,1 9,11,12,4 9,1 4 9,4 11,4 12,1 4 12,7 11
1 4 7 9 11 12 13,0.0120315,32.8322,Yes,N/A,N/A,N/A,4,1 4,N/A,7,1 7,9,1 9,11,12,13,1 13,4 11,4 12,4 13,7 11
1 4 7 9 10,0.0549376,14.9951,Yes,N/A,N/A,N/A,4,1 4,N/A,7,1 7,9,10,4 7,1 4 7,4 9,4 10,1 4 10,7 9,7 10,1 7 10
1 4 7 9 10 13,0.0226214,24.512,Yes,N/A,N/A,N/A,4,1 4,N/A,7,1 7,9,10,4 7,1 4 7,13,4 10,1 4 10,7 9,4 13,1 4 13
1 4 7 9 10 12,0.0304617,21.989,Yes,N/A,N/A,N/A,4,1 4,N/A,7,1 7,9,10,4 7,12,4 9,4 10,1 4 10,4 12,7 10,1 7 10
1 4 7 9 10 12 13,0.0144969,31.2602,Yes,N/A,N/A,N/A,4,1 4,N/A,7,1 7,9,10,4 7,12,13,4 10,1 4 10,4 12,4 13,1 4 13
1 4 7 9 10 11,0.0334993,20.8344,Yes,N/A,N/A,N/A,4,1 4,N/A,7,1 7,9,10,11,1 11,4 9,4 10,4 11,7 9,7 10,7 11
1 4 7 9 10 11 13,0.0161369,29.5379,Yes,N/A,N/A,N/A,4,1 4,N/A,7,1 7,9,10,11,1 11,13,4 10,4 11,7 9,4 13,7 11
1 4 7 9 10 11 12,0.0200261,27.7902,Yes,N/A,N/A,N/A,4,1 4,N/A,7,1 7,9,10,11,12,4 9,4 10,4 11,4 12,7 10,7 11
1 4 7 9 10 11 12 13,0.0111228,35.9811,Yes,N/A,N/A,N/A,4,1 4,N/A,7,1 7,9,10,11,12,13,4 10,4 11,4 12,4 13,7 11
1 4 7 8,0.0775141,10.818,Yes,N/A,N/A,N/A,4,1 4,N/A,7,8,1 8,N/A,4 7,4 8,1 4 8,N/A,7 8,1 7 8,N/A,N/A
1 4 7 8 13,0.0324574,19.5292,Yes,N/A,N/A,N/A,4,1 4,N/A,7,8,1 8,N/A,4 7,4 8,13,1 13,7 8,1 7 8,4 13,1 4 13
1 4 7 8 12,0.035764,19.6128,Yes,N/A,N/A,N/A,4,1 4,N/A,7,8,1 8,N/A,4 7,12,1 12,N/A,7 8,4 12,1 4 12,N/A
1 4 7 8 12 13,0.0165812,28.4304,Yes,N/A,N/A,N/A,4,1 4,N/A,7,8,1 8,N/A,4 7,12,13,1 13,7 8,4 12,4 13,1 4 13
1 4 7 8 11,0.0349541,19.2087,Yes,N/A,N/A,N/A,4,1 4,N/A,7,8,1 8,N/A,11,4 8,1 4 8,N/A,4 11,1 4 11,N/A,7 11
1 4 7 8 11 13,0.017865,27.1429,Yes,N/A,N/A,N/A,4,1 4,N/A,7,8,1 8,N/A,11,4 8,13,1 13,4 11,1 4 11,4 13,7 11
1 4 7 8 11 12,0.0184167,27.8956,Yes,N/A,N/A,N/A,4,1 4,N/A,7,8,1 8,N/A,11,12,1 12,N/A,4 11,4 12,1 4 12,7 11
1 4 7 8 11 12 13,0.0102543,35.8634,Yes,N/A,N/A,N/A,4,1 4,N/A,7,8,1 8,N/A,11,12,13,1 13,4 11,4 12,4 13,7 11
1 4 7 8 10,0.057523,14.1082,Yes,N/A,N/A,N/A,4,1 4,N/A,7,8,1 8,10,4 7,4 8,1 4 8,4 10,7 8,1 7 8,7 10,8 10
1 4 7 8 10 13,0.0259305,22.7775,Yes,N/A,N/A,N/A,4,1 4,N/A,7,8,1 8,10,4 7,4 8,13,4 10,7 8,1 7 8,4 13,8 10
1 4 7 8 10 12,0.0322704,21.0378,Yes,N/A,N/A,N/A,4,1 4,N/A,7,8,1 8,10,4 7,12,1 12,4 10,7 8,4 12,7 10,8 10
1 4 7 8 10 12 13,0.0157855,29.8977,Yes,N/A,N/A,N/A,4,1 4,N/A,7,8,1 8,10,4 7,12,13,4 10,7 8,4 12,4 13,8 10
1 4 7 8 10 11,0.030326,21.3491,Yes,N/A,N/A,N/A,4,1 4,N/A,7,8,1 8,10,11,4 8,1 4 8,4 10,4 11,1 4 11,7 10,7 11
1 4 7 8 10 11 13,0.0163223,29.0777,Yes,N/A,N/A,N/A,4,1 4,N/A,7,8,1 8,10,11,4 8,13,4 10,4 11,1 4 11,4 13,7 11
1 4 7 8 10 11 12,0.0191117,27.8971,Yes,N/A,N/A,N/A,4,1 4,N/A,7,8,1 8,10,11,12,1 12,4 10,4 11,4 12,7 10,7 11
1 4 7 8 10 11 12 13,0.0110429,35.7624,Yes,N/A,N/A,N/A,4,1 4,N/A,7,8,1 8,10,11,12,13,4 10,4 11,4 12,4 13,7 11
1 4 7 8 9,0.0642886,13.1387,Yes,N/A,N/A,N/A,4,1 4,N/A,7,8,9,1 9,4 7,4 8,4 9,1 4 9,7 8,7 9,8 9,1 8 9
1 4 7 8 9 13,0.0280637,21.8853,Yes,N/A,N/A,N/A,4,1 4,N/A,7,8,9,1 9,4 7,4 8,13,1 13,7 8,7 9,4 13,1 4 13
1 4 7 8 9 12,0.03144,21.226,Yes,N/A,N/A,N/A,4,1 4,N/A,7,8,9,1 9,4 7,12,4 9,1 4 9,7 8,4 12,8 9,1 8 9
1 4 7 8 9 12 13,0.0156947,29.7948,Yes,N/A,N/A,N/A,4,1 4,N/A,7,8,9,1 9,4 7,12,13,1 13,7 8,4 12,4 13,1 4 13
1 4 7 8 9 11,0.0356685,19.7372,Yes,N/A,N/A,N/A,4,1 4,N/A,7,8,9,1 9,11,4 8,4 9,1 4 9,4 11,7 9,8 9,7 11
1 4 7 8 9 11 13,0.0184086,27.6128,Yes,N/A,N/A,N/A,4,1 4,N/A,7,8,9,1 9,11,4 8,13,1 13,4 11,7 9,4 13,7 11
1 4 7 8 9 11 12,0.0193671,27.667,Yes,N/A,N/A,N/A,4,1 4,N/A,7,8,9,1 9,11,12,4 9,1 4 9,4 11,4 12,8 9,7 11
1 4 7 8 9 11 12 13,0.0113132,35.2733,Yes,N/A,N/A,N/A,4,1 4,N/A,7,8,9,1 9,11,12,13,1 13,4 11,4 12,4 13,7 11
1 4 7 8 9 10,0.0443807,18.1337,Yes,N/A,N/A,N/A,4,1 4,N/A,7,8,9,10,4 7,4 8,4 9,4 10,7 8,7 9,7 10,8 10
1 4 7 8 9 10 13,0.0213907,26.4761,Yes,N/A,N/A,N/A,4,1 4,N/A,7,8,9,10,4 7,4 8,13,4 10,7 8,7 9,4 13,8 10
1 4 7 8 9 10 12,0.0262809,24.5817,Yes,N/A,N/A,N/A,4,1 4,N/A,7,8,9,10,4 7,12,4 9,4 10,7 8,4 12,7 10,8 10
1 4 7 8 9 10 12 13,0.014147,32.8952,Yes,N/A,N/A,N/A,4,1 4,N/A,7,8,9,10,4 7,12,13,4 10,7 8,4 12,4 13,8 10
1 4 7 8 9 10 11,0.0283012,23.7857,Yes,N/A,N/A,N/A,4,1 4,N/A,7,8,9,10,11,4 8,4 9,4 10,4 11,7 9,7 10,7 11
1 4 7 8 9 10 11 13,0.0160034,30.996,Yes,N/A,N/A,N/A,4,1 4,N/A,7,8,9,10,11,4 8,13,4 10,4 11,7 9,4 13,7 11
1 4 7 8 9 10 11 12,0.0183917,29.9455,Yes,N/A,N/A,N/A,4,1 4,N/A,7,8,9,10,11,12,4 9,4 10,4 11,4 12,7 10,7 11
1 4 7 8 9 10 11 12 13,0.0114662,37.0257,Yes,N/A,N/A,N/A,4,1 4,N/A,7,8,9,10,11,12,13,4 10,4 11,4 12,4 13,7 11
1 4 6,0.150549,7.36443,Yes,N/A,N/A,N/A,4,1 4,6,1 6,N/A,N/A,4 6,1 4 6,N/A,N/A,N/A,N/A,N/A,N/A,N/A
1 4 6 13,0.0499328,16.6137,Yes,N/A,N/A,N/A,4,1 4,6,1 6,N/A,N/A,4 6,1 4 6,N/A,13,1 13,N/A,N/A,4 13,1 4 13
1 4 6 12,0.065927,14.4849,Yes,N/A,N/A,N/A,4,1 4,6,1 6,N/A,N/A,4 6,1 4 6,12,1 12,N/A,N/A,4 12,1 4 12,6 12
1 4 6 12 13,0.023408,24.3071,Yes,N/A,N/A,N/A,4,1 4,6,1 6,N/A,N/A,4 6,1 4 6,12,13,1 13,N/A,4 12,4 13,6 12
1 4 6 11,0.0626643,14.0785,Yes,N/A,N/A,N/A,4,1 4,6,1 6,N/A,N/A,4 6,11,1 11,N/A,N/A,4 11,1 4 11,6 11,1 6 11
1 4 6 11 13,0.0275615,22.0673,Yes,N/A,N/A,N/A,4,1 4,6,1 6,N/A,N/A,4 6,11,1 11,13,1 13,4 11,1 4 11,4 13,1 4 13
1 4 6 11 12,0.0302365,22.0766,Yes,N/A,N/A,N/A,4,1 4,6,1 6,N/A,N/A,4 6,11,12,1 12,N/A,4 11,4 12,6 11,6 12
1 4 6 11 12 13,0.0143149,30.9475,Yes,N/A,N/A,N/A,4,1 4,6,1 6,N/A,N/A,4 6,11,12,13,1 13,4 11,4 12,4 13,6 12
1 4 6 10,0.0531657,13.8521,Yes,N/A,N/A,N/A,4,1 4,6,1 6,N/A,N/A,10,1 10,N/A,N/A,4 10,1 4 10,6 10,1 6 10,N/A
1 4 6 10 13,0.0207498,23.3485,Yes,N/A,N/A,N/A,4,1 4,6,1 6,N/A,N/A,10,1 10,N/A,13,4 10,1 4 10,6 10,4 13,1 4 13
1 4 6 10 12,0.029896,20.0718,Yes,N/A,N/A,N/A,4,1 4,6,1 6,N/A,N/A,10,1 10,12,1 12,4 10,1 4 10,4 12,1 4 12,6 12
1 4 6 10 12 13,0.0128675,30.2234,Yes,N/A,N/A,N/A,4,1 4,6,1 6,N/A,N/A,10,1 10,12,13,4 10,1 4 10,4 12,4 13,6 12
1 4 6 10 11,0.0295224,20.6825,Yes,N/A,N/A,N/A,4,1 4,6,1 6,N/A,N/A,10,11,1 11,N/A,4 10,4 11,6 10,6 11,1 6 11
1 4 6 10 11 13,0.0146867,28.9061,Yes,N/A,N/A,N/A,4,1 4,6,1 6,N/A,N/A,10,11,1 11,13,4 10,4 11,6 10,4 13,1 4 13
1 4 6 10 11 12,0.0186604,27.4823,Yes,N/A,N/A,N/A,4,1 4,6,1 6,N/A,N/A,10,11,12,1 12,4 10,4 11,4 12,6 11,6 12
1 4 6 10 11 12 13,0.00956284,37.1242,Yes,N/A,N/A,N/A,4,1 4,6,1 6,N/A,N/A,10,11,12,13,4 10,4 11,4 12,4 13,6 12
1 4 6 9,0.0763329,10.5454,Yes,N/A,N/A,N/A,4,1 4,6,1 6,N/A,9,4 6,1 4 6,N/A,4 9,1 4 9,6 9,1 6 9,N/A,N/A
1 4 6 9 13,0.0293155,20.6041,Yes,N/A,N/A,N/A,4,1 4,6,1 6,N/A,9,4 6,1 4 6,N/A,13,1 13,6 9,1 6 9,4 13,1 4 13
1 4 6 9 12,0.039933,17.3247,Yes,N/A,N/A,N/A,4,1 4,6,1 6,N/A,9,4 6,1 4 6,12,4 9,1 4 9,6 9,4 12,1 4 12,6 12
1 4 6 9 12 13,0.0177784,27.0184,Yes,N/A,N/A,N/A,4,1 4,6,1 6,N/A,9,4 6,1 4 6,12,13,1 13,6 9,4 12,4 13,6 12
1 4 6 9 11,0.047762,15.852,Yes,N/A,N/A,N/A,4,1 4,6,1 6,N/A,9,4 6,11,1 11,4 9,1 4 9,4 11,1 4 11,6 11,1 6 11
1 4 6 9 11 13,0.0215116,25.1162,Yes,N/A,N/A,N/A,4,1 4,6,1 6,N/A,9,4 6,11,1 11,13,1 13,4 11,1 4 11,4 13,1 4 13
1 4 6 9 11 12,0.0258438,23.7959,Yes,N/A,N/A,N/A,4,1 4,6,1 6,N/A,9,4 6,11,12,4 9,1 4 9,4 11,4 12,6 11,6 12
1 4 6 9 11 12 13,0.0135936,32.4815,Yes,N/A,N/A,N/A,4,1 4,6,1 6,N/A,9,4 6,11,12,13,1 13,4 11,4 12,4 13,6 12
1 4 6 9 10,0.0441819,16.9873,Yes,N/A,N/A,N/A,4,1 4,6,1 6,N/A,9,10,1 10,N/A,4 9,4 10,6 9,6 10,1 6 10,N/A
1 4 6 9 10 13,0.0179901,27.309,Yes,N/A,N/A,N/A,4,1 4,6,1 6,N/A,9,10,1 10,N/A,13,4 10,6 9,6 10,4 13,1 4 13
1 4 6 9 10 12,0.0274919,22.4809,Yes,N/A,N/A,N/A,4,1 4,6,1 6,N/A,9,10,1 10,12,4 9,4 10,6 9,4 12,1 4 12,6 12
1 4 6 9 10 12 13,0.0129741,32.2038,Yes,N/A,N/A,N/A,4,1 4,6,1 6,N/A,9,10,1 10,12,13,4 10,6 9,4 12,4 13,6 12
1 4 6 9 10 11,0.0314594,21.7045,Yes,N/A,N/A,N/A,4,1 4,6,1 6,N/A,9,10,11,1 11,4 9,4 10,4 11,6 10,6 11,1 6 11
1 4 6 9 10 11 13,0.0150099,30.8355,Yes,N/A,N/A,N/A,4,1 4,6,1 6,N/A,9,10,11,1 11,13,4 10,4 11,6 10,4 13,1 4 13
1 4 6 9 10 11 12,0.0194681,28.722,Yes,N/A,N/A,N/A,4,1 4,6,1 6,N/A,9,10,11,12,4 9,4 10,4 11,4 12,6 11,6 12
1 4 6 9 10 11 12 13,0.0107375,37.3602,Yes,N/A,N/A,N/A,4,1 4,6,1 6,N/A,9,10,11,12,13,4 10,4 11,4 12,4 13,6 12
1 4 6 8,0.0922139,7.70055,Yes,N/A,N/A,N/A,4,1 4,6,1 6,8,1 8,4 6,1 4 6,4 8,1 4 8,6 8,1 6 8,N/A,N/A,4 6 8
1 4 6 8 13,0.0342252,17.3046,Yes,N/A,N/A,N/A,4,1 4,6,1 6,8,1 8,4 6,1 4 6,4 8,13,6 8,1 6 8,N/A,4 13,4 6 8
1 4 6 8 12,0.0455256,15.1673,Yes,N/A,N/A,N/A,4,1 4,6,1 6,8,1 8,4 6,1 4 6,12,1 12,6 8,1 6 8,4 12,1 4 12,6 12
1 4 6 8 12 13,0.018847,24.861,Yes,N/A,N/A,N/A,4,1 4,6,1 6,8,1 8,4 6,1 4 6,12,13,6 8,1 6 8,4 12,4 13,6 12
1 4 6 8 11,0.054149,13.8153,Yes,N/A,N/A,N/A,4,1 4,6,1 6,8,1 8,4 6,11,4 8,1 4 8,6 8,4 11,1 4 11,6 11,4 6 8
1 4 6 8 11 13,0.0243841,22.3446,Yes,N/A,N/A,N/A,4,1 4,6,1 6,8,1 8,4 6,11,4 8,13,6 8,4 11,1 4 11,4 13,4 6 8
1 4 6 8 11 12,0.0302603,21.0129,Yes,N/A,N/A,N/A,4,1 4,6,1 6,8,1 8,4 6,11,12,1 12,6 8,4 11,4 12,6 11,6 12
1 4 6 8 11 12 13,0.0148346,29.7794,Yes,N/A,N/A,N/A,4,1 4,6,1 6,8,1 8,4 6,11,12,13,6 8,4 11,4 12,4 13,6 12
1 4 6 8 10,0.0581533,12.9107,Yes,N/A,N/A,N/A,4,1 4,6,1 6,8,1 8,10,1 10,4 8,1 4 8,4 10,1 4 10,6 10,1 6 10,8 10
1 4 6 8 10 13,0.024277,21.8275,Yes,N/A,N/A,N/A,4,1 4,6,1 6,8,1 8,10,1 10,4 8,13,4 10,1 4 10,6 10,4 13,8 10
1 4 6 8 10 12,0.0302105,20.3923,Yes,N/A,N/A,N/A,4,1 4,6,1 6,8,1 8,10,1 10,12,1 12,4 10,1 4 10,4 12,1 4 12,6 12
1 4 6 8 10 12 13,0.01438,29.1168,Yes,N/A,N/A,N/A,4,1 4,6,1 6,8,1 8,10,1 10,12,13,4 10,1 4 10,4 12,4 13,6 12
1 4 6 8 10 11,0.0365225,19.0024,Yes,N/A,N/A,N/A,4,1 4,6,1 6,8,1 8,10,11,4 8,1 4 8,4 10,4 11,6 10,6 11,8 10
1 4 6 8 10 11 13,0.0184982,26.6798,Yes,N/A,N/A,N/A,4,1 4,6,1 6,8,1 8,10,11,4 8,13,4 10,4 11,6 10,4 13,8 10
1 4 6 8 10 11 12,0.0224159,25.2291,Yes,N/A,N/A,N/A,4,1 4,6,1 6,8,1 8,10,11,12,1 12,4 10,4 11,4 12,6 11,6 12
1 4 6 8 10 11 12 13,0.0122925,33.0623,Yes,N/A,N/A,N/A,4,1 4,6,1 6,8,1 8,10,11,12,13,4 10,4 11,4 12,4 13,6 12
1 4 6 8 9,0.0712292,11.8312,Yes,N/A,N/A,N/A,4,1 4,6,1 6,8,9,4 6,1 4 6,4 8,4 9,6 8,6 9,1 6 9,8 9,4 6 8
1 4 6 8 9 13,0.0278161,21.2642,Yes,N/A,N/A,N/A,4,1 4,6,1 6,8,9,4 6,1 4 6,4 8,13,6 8,6 9,1 6 9,4 13,4 6 8
1 4 6 8 9 12,0.0364208,19.2087,Yes,N/A,N/A,N/A,4,1 4,6,1 6,8,9,4 6,1 4 6,12,4 9,6 8,6 9,4 12,8 9,6 12
1 4 6 8 9 12 13,0.016367,28.5347,Yes,N/A,N/A,N/A,4,1 4,6,1 6,8,9,4 6,1 4 6,12,13,6 8,6 9,4 12,4 13,6 12
1 4 6 8 9 11,0.0464241,16.8785,Yes,N/A,N/A,N/A,4,1 4,6,1 6,8,9,4 6,11,4 8,4 9,6 8,4 11,1 4 11,6 11,4 6 8
1 4 6 8 9 11 13,0.0216998,25.1012,Yes,N/A,N/A,N/A,4,1 4,6,1 6,8,9,4 6,11,4 8,13,6 8,4 11,1 4 11,4 13,4 6 8
1 4 6 8 9 11 12,0.0269361,23.6546,Yes,N/A,N/A,N/A,4,1 4,6,1 6,8,9,4 6,11,12,4 9,6 8,4 11,4 12,6 11,6 12
1 4 6 8 9 11 12 13,0.01436,31.7613,Yes,N/A,N/A,N/A,4,1 4,6,1 6,8,9,4 6,11,12,13,6 8,4 11,4 12,4 13,6 12
1 4 6 8 9 10,0.0511507,15.9626,Yes,N/A,N/A,N/A,4,1 4,6,1 6,8,9,10,1 10,4 8,4 9,4 10,6 9,6 10,8 9,8 10
1 4 6 8 9 10 13,0.0226375,24.8261,Yes,N/A,N/A,N/A,4,1 4,6,1 6,8,9,10,1 10,4 8,13,4 10,6 9,6 10,4 13,8 10
1 4 6 8 9 10 12,0.0292519,22.1743,Yes,N/A,N/A,N/A,4,1 4,6,1 6,8,9,10,1 10,12,4 9,4 10,6 9,4 12,8 9,6 12
1 4 6 8 9 10 12 13,0.0146527,30.9635,Yes,N/A,N/A,N/A,4,1 4,6,1 6,8,9,10,1 10,12,13,4 10,6 9,4 12,4 13,6 12
1 4 6 8 9 10 11,0.0337949,21.0433,Yes,N/A,N/A,N/A,4,1 4,6,1 6,8,9,10,11,4 8,4 9,4 10,4 11,6 10,6 11,8 10
1 4 6 8 9 10 11 13,0.0179876,28.4525,Yes,N/A,N/A,N/A,4,1 4,6,1 6,8,9,10,11,4 8,13,4 10,4 11,6 10,4 13,8 10
1 4 6 8 9 10 11 12,0.0221222,26.386,Yes,N/A,N/A,N/A,4,1 4,6,1 6,8,9,10,11,12,4 9,4 10,4 11,4 12,6 11,6 12
1 4 6 8 9 10 11 12 13,0.0130102,33.7296,Yes,N/A,N/A,N/A,4,1 4,6,1 6,8,9,10,11,12,13,4 10,4 11,4 12,4 13,6 12
1 4 6 7,0.0730872,8.66319,Yes,N/A,N/A,N/A,4,1 4,6,7,1 7,N/A,4 6,4 7,1 4 7,6 7,1 6 7,N/A,N/A,4 6 7,1 4 6 7
1 4 6 7 13,0.0286427,18.8958,Yes,N/A,N/A,N/A,4,1 4,6,7,1 7,N/A,4 6,4 7,1 4 7,13,1 13,N/A,N/A,4 13,1 4 13
1 4 6 7 12,0.0381039,16.9372,Yes,N/A,N/A,N/A,4,1 4,6,7,1 7,N/A,4 6,4 7,12,6 7,1 6 7,N/A,4 12,4 6 7,6 12
1 4 6 7 12 13,0.0164012,26.9896,Yes,N/A,N/A,N/A,4,1 4,6,7,1 7,N/A,4 6,4 7,12,13,1 13,N/A,4 12,4 13,6 12
1 4 6 7 11,0.0498537,14.7821,Yes,N/A,N/A,N/A,4,1 4,6,7,1 7,N/A,4 6,11,1 11,6 7,1 6 7,4 11,1 4 11,6 11,7 11
1 4 6 7 11 13,0.0202561,24.5319,Yes,N/A,N/A,N/A,4,1 4,6,7,1 7,N/A,4 6,11,1 11,13,1 13,4 11,1 4 11,4 13,7 11
1 4 6 7 11 12,0.026036,23.2579,Yes,N/A,N/A,N/A,4,1 4,6,7,1 7,N/A,4 6,11,12,6 7,1 6 7,4 11,4 12,6 11,6 12
1 4 6 7 11 12 13,0.0122344,32.6591,Yes,N/A,N/A,N/A,4,1 4,6,7,1 7,N/A,4 6,11,12,13,1 13,4 11,4 12,4 13,6 12
1 4 6 7 10,0.0561968,14.1002,Yes,N/A,N/A,N/A,4,1 4,6,7,1 7,N/A,10,4 7,1 4 7,6 7,4 10,1 4 10,6 10,7 10,1 7 10
1 4 6 7 10 13,0.0207865,24.2172,Yes,N/A,N/A,N/A,4,1 4,6,7,1 7,N/A,10,4 7,1 4 7,13,4 10,1 4 10,6 10,4 13,1 4 13
1 4 6 7 10 12,0.0309175,21.668,Yes,N/A,N/A,N/A,4,1 4,6,7,1 7,N/A,10,4 7,12,6 7,4 10,1 4 10,4 12,7 10,6 12
1 4 6 7 10 12 13,0.0128496,31.8265,Yes,N/A,N/A,N/A,4,1 4,6,7,1 7,N/A,10,4 7,12,13,4 10,1 4 10,4 12,4 13,6 12
1 4 6 7 10 11,0.0368151,20.4889,Yes,N/A,N/A,N/A,4,1 4,6,7,1 7,N/A,10,11,1 11,6 7,4 10,4 11,6 10,6 11,7 11
1 4 6 7 10 11 13,0.0152714,30.2463,Yes,N/A,N/A,N/A,4,1 4,6,7,1 7,N/A,10,11,1 11,13,4 10,4 11,6 10,4 13,7 11
1 4 6 7 10 11 12,0.021469,28.1882,Yes,N/A,N/A,N/A,4,1 4,6,7,1 7,N/A,10,11,12,6 7,4 10,4 11,4 12,6 11,6 12
1 4 6 7 10 11 12 13,0.0101661,37.7886,Yes,N/A,N/A,N/A,4,1 4,6,7,1 7,N/A,10,11,12,13,4 10,4 11,4 12,4 13,6 12
1 4 6 7 9,0.0767496,11.2348,Yes,N/A,N/A,N/A,4,1 4,6,7,1 7,9,4 6,4 7,1 4 7,4 9,1 4 9,6 9,7 9,4 6 7,1 4 6 7
1 4 6 7 9 13,0.0312395,20.2195,Yes,N/A,N/A,N/A,4,1 4,6,7,1 7,9,4 6,4 7,1 4 7,13,1 13,6 9,7 9,4 13,1 4 13
1 4 6 7 9 12,0.0391321,18.2799,Yes,N/A,N/A,N/A,4,1 4,6,7,1 7,9,4 6,4 7,12,4 9,1 4 9,6 9,4 12,4 6 7,6 12
1 4 6 7 9 12 13,0.0186374,26.7069,Yes,N/A,N/A,N/A,4,1 4,6,7,1 7,9,4 6,4 7,12,13,1 13,6 9,4 12,4 13,6 12
1 4 6 7 9 11,0.0472246,16.595,Yes,N/A,N/A,N/A,4,1 4,6,7,1 7,9,4 6,11,1 11,4 9,1 4 9,4 11,7 9,6 11,7 11
1 4 6 7 9 11 13,0.0212664,25.1633,Yes,N/A,N/A,N/A,4,1 4,6,7,1 7,9,4 6,11,1 11,13,1 13,4 11,7 9,4 13,7 11
1 4 6 7 9 11 12,0.0259877,23.6848,Yes,N/A,N/A,N/A,4,1 4,6,7,1 7,9,4 6,11,12,4 9,1 4 9,4 11,4 12,6 11,6 12
1 4 6 7 9 11 12 13,0.013888,31.3178,Yes,N/A,N/A,N/A,4,1 4,6,7,1 7,9,4 6,11,12,13,1 13,4 11,4 12,4 13,6 12
1 4 6 7 9 10,0.0504804,16.2159,Yes,N/A,N/A,N/A,4,1 4,6,7,1 7,9,10,4 7,1 4 7,4 9,4 10,6 9,6 10,7 10,1 7 10
1 4 6 7 9 10 13,0.0217734,25.298,Yes,N/A,N/A,N/A,4,1 4,6,7,1 7,9,10,4 7,1 4 7,13,4 10,6 9,6 10,4 13,1 4 13
1 4 6 7 9 10 12,0.0305236,22.0072,Yes,N/A,N/A,N/A,4,1 4,6,7,1 7,9,10,4 7,12,4 9,4 10,6 9,4 12,7 10,6 12
1 4 6 7 9 10 12 13,0.0151471,30.5701,Yes,N/A,N/A,N/A,4,1 4,6,7,1 7,9,10,4 7,12,13,4 10,6 9,4 12,4 13,6 12
1 4 6 7 9 10 11,0.0349334,20.6636,Yes,N/A,N/A,N/A,4,1 4,6,7,1 7,9,10,11,1 11,4 9,4 10,4 11,6 10,6 11,7 11
1 4 6 7 9 10 11 13,0.0167377,29.3834,Yes,N/A,N/A,N/A,4,1 4,6,7,1 7,9,10,11,1 11,13,4 10,4 11,6 10,4 13,7 11
1 4 6 7 9 10 11 12,0.0222009,26.7261,Yes,N/A,N/A,N/A,4,1 4,6,7,1 7,9,10,11,12,4 9,4 10,4 11,4 12,6 11,6 12
1 4 6 7 9 10 11 12 13,0.012357,34.4074,Yes,N/A,N/A,N/A,4,1 4,6,7,1 7,9,10,11,12,13,4 10,4 11,4 12,4 13,6 12
1 4 6 7 8,0.0891166,10.0502,Yes,N/A,N/A,N/A,4,1 4,6,7,8,1 8,4 6,4 7,4 8,6 7,6 8,7 8,1 7 8,4 6 7,4 6 8
1 4 6 7 8 13,0.0330827,19.6371,Yes,N/A,N/A,N/A,4,1 4,6,7,8,1 8,4 6,4 7,4 8,13,6 8,7 8,1 7 8,4 13,4 6 8
1 4 6 7 8 12,0.0439769,17.2988,Yes,N/A,N/A,N/A,4,1 4,6,7,8,1 8,4 6,4 7,12,6 7,6 8,7 8,4 12,4 6 7,6 12
1 4 6 7 8 12 13,0.0192522,26.5257,Yes,N/A,N/A,N/A,4,1 4,6,7,8,1 8,4 6,4 7,12,13,6 8,7 8,4 12,4 13,6 12
1 4 6 7 8 11,0.0507477,16.1127,Yes,N/A,N/A,N/A,4,1 4,6,7,8,1 8,4 6,11,4 8,6 7,6 8,4 11,1 4 11,6 11,7 11
1 4 6 7 8 11 13,0.0213644,25.1611,Yes,N/A,N/A,N/A,4,1 4,6,7,8,1 8,4 6,11,4 8,13,6 8,4 11,1 4 11,4 13,7 11
1 4 6 7 8 11 12,0.0277913,23.1769,Yes,N/A,N/A,N/A,4,1 4,6,7,8,1 8,4 6,11,12,6 7,6 8,4 11,4 12,6 11,6 12
1 4 6 7 8 11 12 13,0.0138288,31.7109,Yes,N/A,N/A,N/A,4,1 4,6,7,8,1 8,4 6,11,12,13,6 8,4 11,4 12,4 13,6 12
1 4 6 7 8 10,0.0614328,14.2451,Yes,N/A,N/A,N/A,4,1 4,6,7,8,1 8,10,4 7,4 8,6 7,4 10,7 8,6 10,7 10,8 10
1 4 6 7 8 10 13,0.0245653,23.6891,Yes,N/A,N/A,N/A,4,1 4,6,7,8,1 8,10,4 7,4 8,13,4 10,7 8,6 10,4 13,8 10
1 4 6 7 8 10 12,0.0340855,20.5652,Yes,N/A,N/A,N/A,4,1 4,6,7,8,1 8,10,4 7,12,6 7,4 10,7 8,4 12,7 10,6 12
1 4 6 7 8 10 12 13,0.0159723,29.6149,Yes,N/A,N/A,N/A,4,1 4,6,7,8,1 8,10,4 7,12,13,4 10,7 8,4 12,4 13,6 12
1 4 6 7 8 10 11,0.0386913,19.7859,Yes,N/A,N/A,N/A,4,1 4,6,7,8,1 8,10,11,4 8,6 7,4 10,4 11,6 10,6 11,7 11
1 4 6 7 8 10 11 13,0.0177991,28.675,Yes,N/A,N/A,N/A,4,1 4,6,7,8,1 8,10,11,4 8,13,4 10,4 11,6 10,4 13,7 11
1 4 6 7 8 10 11 12,0.0242024,25.7156,Yes,N/A,N/A,N/A,4,1 4,6,7,8,1 8,10,11,12,6 7,4 10,4 11,4 12,6 11,6 12
1 4 6 7 8 10 11 12 13,0.012732,34.066,Yes,N/A,N/A,N/A,4,1 4,6,7,8,1 8,10,11,12,13,4 10,4 11,4 12,4 13,6 12
1 4 6 7 8 9,0.0652809,13.5676,Yes,N/A,N/A,N/A,4,1 4,6,7,8,9,4 6,4 7,4 8,4 9,6 8,6 9,7 9,8 9,4 6 8
1 4 6 7 8 9 13,0.0290595,22.0881,Yes,N/A,N/A,N/A,4,1 4,6,7,8,9,4 6,4 7,4 8,13,6 8,6 9,7 9,4 13,4 6 8
1 4 6 7 8 9 12,0.036315,20.0675,Yes,N/A,N/A,N/A,4,1 4,6,7,8,9,4 6,4 7,12,4 9,6 8,6 9,4 12,8 9,6 12
1 4 6 7 8 9 12 13,0.018619,28.1793,Yes,N/A,N/A,N/A,4,1 4,6,7,8,9,4 6,4 7,12,13,6 8,6 9,4 12,4 13,6 12
1 4 6 7 8 9 11,0.0432805,18.0021,Yes,N/A,N/A,N/A,4,1 4,6,7,8,9,4 6,11,4 8,4 9,6 8,4 11,7 9,6 11,7 11
1 4 6 7 8 9 11 13,0.0216023,25.7372,Yes,N/A,N/A,N/A,4,1 4,6,7,8,9,4 6,11,4 8,13,6 8,4 11,7 9,4 13,7 11
1 4 6 7 8 9 11 12,0.0261066,24.423,Yes,N/A,N/A,N/A,4,1 4,6,7,8,9,4 6,11,12,4 9,6 8,4 11,4 12,6 11,6 12
1 4 6 7 8 9 11 12 13,0.0150151,31.4856,Yes,N/A,N/A,N/A,4,1 4,6,7,8,9,4 6,11,12,13,6 8,4 11,4 12,4 13,6 12
1 4 6 7 8 9 10,0.0472994,17.3527,Yes,N/A,N/A,N/A,4,1 4,6,7,8,9,10,4 7,4 8,4 9,4 10,6 9,6 10,7 10,8 10
1 4 6 7 8 9 10 13,0.023093,25.5864,Yes,N/A,N/A,N/A,4,1 4,6,7,8,9,10,4 7,4 8,13,4 10,6 9,6 10,4 13,8 10
1 4 6 7 8 9 10 12,0.0301497,22.4406,Yes,N/A,N/A,N/A,4,1 4,6,7,8,9,10,4 7,12,4 9,4 10,6 9,4 12,7 10,6 12
1 4 6 7 8 9 10 12 13,0.0165821,30.288,Yes,N/A,N/A,N/A,4,1 4,6,7,8,9,10,4 7,12,13,4 10,6 9,4 12,4 13,6 12
1 4 6 7 8 9 10 11,0.0340681,21.1534,Yes,N/A,N/A,N/A,4,1 4,6,7,8,9,10,11,4 8,4 9,4 10,4 11,6 10,6 11,7 11
1 4 6 7 8 9 10 11 13,0.0185787,28.6322,Yes,N/A,N/A,N/A,4,1 4,6,7,8,9,10,11,4 8,13,4 10,4 11,6 10,4 13,7 11
1 4 6 7 8 9 10 11 12,0.0234526,26.1382,Yes,N/A,N/A,N/A,4,1 4,6,7,8,9,10,11,12,4 9,4 10,4 11,4 12,6 11,6 12
1 4 6 7 8 9 10 11 12 13,0.0143676,32.8555,Yes,N/A,N/A,N/A,4,1 4,6,7,8,9,10,11,12,13,4 10,4 11,4 12,4 13,6 12
2 6 9 12,0.0248682,20.1128,Yes,N/A,2,N/A,N/A,N/A,6,N/A,2 6,9,N/A,2 9,12,N/A,2 12,6 9,N/A,2 6 9,6 12
2 6 9 12 13,0.00957773,29.5431,Yes,N/A,2,N/A,N/A,N/A,6,N/A,2 6,9,N/A,2 9,12,13,2 12,2 13,N/A,2 6 9,6 12
2 6 9 11 13,0.00861616,31.9847,Yes,N/A,2,N/A,N/A,N/A,6,N/A,2 6,9,N/A,11,N/A,13,N/A,2 13,N/A,6 11,N/A
2 6 9 11 12,0.0154172,27.0131,Yes,N/A,2,N/A,N/A,N/A,6,N/A,2 6,9,N/A,11,12,2 11,2 12,6 9,N/A,6 11,6 12
2 6 9 11 12 13,0.00627085,37.6339,Yes,N/A,2,N/A,N/A,N/A,6,N/A,2 6,9,N/A,11,12,13,2 12,2 13,N/A,6 11,6 12
2 6 9 10 13,0.0142926,26.1776,Yes,N/A,2,N/A,N/A,N/A,6,N/A,2 6,9,10,2 9,2 10,13,N/A,2 13,6 10,2 6 9,2 6 10
2 6 9 10 12,0.0179287,25.3103,Yes,N/A,2,N/A,N/A,N/A,6,N/A,2 6,9,10,2 9,12,N/A,2 12,6 9,6 10,2 6 9,6 12
2 6 9 10 12 13,0.00841637,33.1869,Yes,N/A,2,N/A,N/A,N/A,6,N/A,2 6,9,10,2 9,12,13,2 12,2 13,6 10,2 6 9,6 12
2 6 9 10 11 13,0.00884713,33.8593,Yes,N/A,2,N/A,N/A,N/A,6,N/A,2 6,9,10,11,2 10,13,N/A,2 13,6 10,6 11,2 6 10
2 6 9 10 11 12,0.012697,30.4178,Yes,N/A,2,N/A,N/A,N/A,6,N/A,2 6,9,10,11,12,2 11,2 12,6 9,6 10,6 11,6 12
2 6 9 10 11 12 13,0.00626534,39.6018,Yes,N/A,2,N/A,N/A,N/A,6,N/A,2 6,9,10,11,12,13,2 12,2 13,6 10,6 11,6 12
2 6 8 11,0.0344302,18.5337,Yes,N/A,2,N/A,N/A,N/A,6,N/A,8,N/A,2 8,11,N/A,2 11,6 8,N/A,2 6 8,6 11,N/A
2 6 8 11 13,0.0119957,28.9964,Yes,N/A,2,N/A,N/A,N/A,6,N/A,8,N/A,2 8,11,N/A,13,6 8,2 13,2 6 8,6 11,N/A
2 6 8 11 12,0.0156139,26.4798,Yes,N/A,2,N/A,N/A,N/A,6,N/A,8,N/A,2 8,11,12,2 11,2 12,N/A,2 6 8,6 11,6 12
2 6 8 11 12 13,0.00694824,35.9378,Yes,N/A,2,N/A,N/A,N/A,6,N/A,8,N/A,2 8,11,12,13,2 12,2 13,2 6 8,6 11,6 12
2 6 8 10 13,0.0142607,28.0295,Yes,N/A,2,N/A,N/A,N/A,6,N/A,8,N/A,10,N/A,2 10,13,6 8,2 13,6 10,N/A,8 10
2 6 8 10 12,0.0121016,29.7502,Yes,N/A,2,N/A,N/A,N/A,6,N/A,8,N/A,10,N/A,12,N/A,2 12,N/A,6 10,N/A,6 12
2 6 8 10 12 13,0.00666207,37.8215,Yes,N/A,2,N/A,N/A,N/A,6,N/A,8,N/A,10,N/A,12,13,2 12,2 13,6 10,N/A,6 12
2 6 8 10 11,0.0230557,24.1266,Yes,N/A,2,N/A,N/A,N/A,6,N/A,8,N/A,10,11,2 10,2 11,6 8,N/A,6 10,6 11,8 10
2 6 8 10 11 13,0.0100958,33.5401,Yes,N/A,2,N/A,N/A,N/A,6,N/A,8,N/A,10,11,2 10,13,6 8,2 13,6 10,6 11,8 10
2 6 8 10 11 12,0.0106348,33.4485,Yes,N/A,2,N/A,N/A,N/A,6,N/A,8,N/A,10,11,12,2 11,2 12,N/A,6 10,6 11,6 12
2 6 8 10 11 12 13,0.00575386,42.0835,Yes,N/A,2,N/A,N/A,N/A,6,N/A,8,N/A,10,11,12,13,2 12,2 13,6 10,6 11,6 12
2 6 8 9 12,0.0215763,23.5783,Yes,N/A,2,N/A,N/A,N/A,6,N/A,8,9,2 8,2 9,12,N/A,2 12,6 9,2 6 8,8 9,6 12
2 6 8 9 12 13,0.00966361,31.6009,Yes,N/A,2,N/A,N/A,N/A,6,N/A,8,9,2 8,2 9,12,13,2 12,2 13,2 6 8,8 9,6 12
2 6 8 9 11,0.0254992,22.7335,Yes,N/A,2,N/A,N/A,N/A,6,N/A,8,9,2 8,11,N/A,2 11,6 8,6 9,2 6 8,6 11,N/A
2 6 8 9 11 13,0.010017,33.2889,Yes,N/A,2,N/A,N/A,N/A,6,N/A,8,9,2 8,11,N/A,13,6 8,2 13,2 6 8,6 11,N/A
2 6 8 9 11 12,0.0142541,28.769,Yes,N/A,2,N/A,N/A,N/A,6,N/A,8,9,2 8,11,12,2 11,2 12,6 9,2 6 8,6 11,6 12
2 6 8 9 11 12 13,0.00681002,38.0948,Yes,N/A,2,N/A,N/A,N/A,6,N/A,8,9,2 8,11,12,13,2 12,2 13,2 6 8,6 11,6 12
2 6 8 9 10 13,0.0137214,28.9476,Yes,N/A,2,N/A,N/A,N/A,6,N/A,8,9,10,2 9,2 10,13,6 8,2 13,6 10,8 9,8 10
2 6 8 9 10 12,0.0138885,30.2318,Yes,N/A,2,N/A,N/A,N/A,6,N/A,8,9,10,2 9,12,N/A,2 12,6 9,6 10,8 9,6 12
2 6 8 9 10 12 13,0.00778166,36.6928,Yes,N/A,2,N/A,N/A,N/A,6,N/A,8,9,10,2 9,12,13,2 12,2 13,6 10,8 9,6 12
2 6 8 9 10 11,0.0191703,26.338,Yes,N/A,2,N/A,N/A,N/A,6,N/A,8,9,10,11,2 10,2 11,6 8,6 9,6 10,6 11,8 10
2 6 8 9 10 11 13,0.00929091,35.5459,Yes,N/A,2,N/A,N/A,N/A,6,N/A,8,9,10,11,2 10,13,6 8,2 13,6 10,6 11,8 10
2 6 8 9 10 11 12,0.0109822,33.8559,Yes,N/A,2,N/A,N/A,N/A,6,N/A,8,9,10,11,12,2 11,2 12,6 9,6 10,6 11,6 12
2 6 8 9 10 11 12 13,0.00628955,42.0759,Yes,N/A,2,N/A,N/A,N/A,6,N/A,8,9,10,11,12,13,2 12,2 13,6 10,6 11,6 12
2 6 7 10 13,0.0150697,25.9188,Yes,N/A,2,N/A,N/A,N/A,6,7,2 6,2 7,10,N/A,2 10,13,N/A,2 13,6 10,7 10,2 6 10
2 6 7 10 12,0.0232482,23.035,Yes,N/A,2,N/A,N/A,N/A,6,7,2 6,2 7,10,N/A,12,6 7,2 12,2 6 7,6 10,7 10,6 12
2 6 7 10 12 13,0.0084725,33.3149,Yes,N/A,2,N/A,N/A,N/A,6,7,2 6,2 7,10,N/A,12,13,2 12,2 13,6 10,7 10,6 12
2 6 7 10 11 13,0.00977464,31.4705,Yes,N/A,2,N/A,N/A,N/A,6,7,2 6,2 7,10,11,2 10,13,N/A,2 13,6 10,6 11,7 11
2 6 7 10 11 12,0.0145263,27.7396,Yes,N/A,2,N/A,N/A,N/A,6,7,2 6,2 7,10,11,12,2 11,2 12,2 6 7,6 10,6 11,6 12
2 6 7 10 11 12 13,0.00658809,37.0154,Yes,N/A,2,N/A,N/A,N/A,6,7,2 6,2 7,10,11,12,13,2 12,2 13,6 10,6 11,6 12
2 6 7 9 12,0.0265861,21.83,Yes,N/A,2,N/A,N/A,N/A,6,7,2 6,9,N/A,2 9,12,6 7,2 12,6 9,7 9,2 6 9,6 12
2 6 7 9 12 13,0.00876268,32.5819,Yes,N/A,2,N/A,N/A,N/A,6,7,2 6,9,N/A,2 9,12,13,2 12,2 13,7 9,2 6 9,6 12
2 6 7 9 11 13,0.00766806,35.599,Yes,N/A,2,N/A,N/A,N/A,6,7,2 6,9,N/A,11,N/A,13,N/A,2 13,7 9,6 11,7 11
2 6 7 9 11 12,0.0141006,29.2446,Yes,N/A,2,N/A,N/A,N/A,6,7,2 6,9,N/A,11,12,2 11,2 12,6 9,7 9,6 11,6 12
2 6 7 9 11 12 13,0.00602496,39.5819,Yes,N/A,2,N/A,N/A,N/A,6,7,2 6,9,N/A,11,12,13,2 12,2 13,7 9,6 11,6 12
2 6 7 9 10 13,0.0119947,29.394,Yes,N/A,2,N/A,N/A,N/A,6,7,2 6,9,10,2 9,2 10,13,N/A,2 13,6 10,7 10,2 6 10
2 6 7 9 10 12,0.0191888,25.4276,Yes,N/A,2,N/A,N/A,N/A,6,7,2 6,9,10,2 9,12,6 7,2 12,6 9,6 10,7 10,6 12
2 6 7 9 10 12 13,0.00800731,34.8851,Yes,N/A,2,N/A,N/A,N/A,6,7,2 6,9,10,2 9,12,13,2 12,2 13,6 10,7 10,6 12
2 6 7 9 10 11 13,0.00802968,36.1047,Yes,N/A,2,N/A,N/A,N/A,6,7,2 6,9,10,11,2 10,13,N/A,2 13,6 10,6 11,7 11
2 6 7 9 10 11 12,0.0122345,31.1678,Yes,N/A,2,N/A,N/A,N/A,6,7,2 6,9,10,11,12,2 11,2 12,6 9,6 10,6 11,6 12
2 6 7 9 10 11 12 13,0.0062535,39.9021,Yes,N/A,2,N/A,N/A,N/A,6,7,2 6,9,10,11,12,13,2 12,2 13,6 10,6 11,6 12
2 6 7 8 11,0.0309545,19.9059,Yes,N/A,2,N/A,N/A,N/A,6,7,8,2 7,2 8,11,N/A,2 11,6 8,7 8,2 6 8,6 11,7 11
2 6 7 8 11 13,0.0111223,30.6542,Yes,N/A,2,N/A,N/A,N/A,6,7,8,2 7,2 8,11,N/A,13,6 8,2 13,2 6 8,6 11,7 11
2 6 7 8 11 12,0.0169475,25.7854,Yes,N/A,2,N/A,N/A,N/A,6,7,8,2 7,2 8,11,12,2 11,2 12,7 8,2 6 8,6 11,6 12
2 6 7 8 11 12 13,0.00725322,35.6083,Yes,N/A,2,N/A,N/A,N/A,6,7,8,2 7,2 8,11,12,13,2 12,2 13,2 6 8,6 11,6 12
2 6 7 8 10,0.0351161,18.8179,Yes,N/A,2,N/A,N/A,N/A,6,7,8,2 7,10,N/A,2 10,6 7,6 8,7 8,6 10,7 10,8 10
2 6 7 8 10 13,0.0133515,29.0698,Yes,N/A,2,N/A,N/A,N/A,6,7,8,2 7,10,N/A,2 10,13,6 8,2 13,6 10,7 10,8 10
2 6 7 8 10 12,0.0172926,27.537,Yes,N/A,2,N/A,N/A,N/A,6,7,8,2 7,10,N/A,12,6 7,2 12,7 8,6 10,7 10,6 12
2 6 7 8 10 12 13,0.00777256,37.1463,Yes,N/A,2,N/A,N/A,N/A,6,7,8,2 7,10,N/A,12,13,2 12,2 13,6 10,7 10,6 12
2 6 7 8 10 11,0.0230836,23.0165,Yes,N/A,2,N/A,N/A,N/A,6,7,8,2 7,10,11,2 10,2 11,6 8,7 8,6 10,6 11,7 11
2 6 7 8 10 11 13,0.0101242,32.5905,Yes,N/A,2,N/A,N/A,N/A,6,7,8,2 7,10,11,2 10,13,6 8,2 13,6 10,6 11,7 11
2 6 7 8 10 11 12,0.0132831,30.0295,Yes,N/A,2,N/A,N/A,N/A,6,7,8,2 7,10,11,12,2 11,2 12,7 8,6 10,6 11,6 12
2 6 7 8 10 11 12 13,0.00684967,38.6594,Yes,N/A,2,N/A,N/A,N/A,6,7,8,2 7,10,11,12,13,2 12,2 13,6 10,6 11,6 12
2 6 7 8 9 12,0.0223857,23.2863,Yes,N/A,2,N/A,N/A,N/A,6,7,8,9,2 8,2 9,12,6 7,2 12,6 9,7 9,8 9,6 12
2 6 7 8 9 12 13,0.00908263,33.2131,Yes,N/A,2,N/A,N/A,N/A,6,7,8,9,2 8,2 9,12,13,2 12,2 13,7 9,8 9,6 12
2 6 7 8 9 11,0.0219294,25.059,Yes,N/A,2,N/A,N/A,N/A,6,7,8,9,2 8,11,N/A,2 11,6 8,6 9,7 9,6 11,7 11
2 6 7 8 9 11 13,0.00913084,35.5935,Yes,N/A,2,N/A,N/A,N/A,6,7,8,9,2 8,11,N/A,13,6 8,2 13,7 9,6 11,7 11
2 6 7 8 9 11 12,0.0145497,28.9183,Yes,N/A,2,N/A,N/A,N/A,6,7,8,9,2 8,11,12,2 11,2 12,6 9,7 9,6 11,6 12
2 6 7 8 9 11 12 13,0.00706689,38.2275,Yes,N/A,2,N/A,N/A,N/A,6,7,8,9,2 8,11,12,13,2 12,2 13,7 9,6 11,6 12
2 6 7 8 9 10,0.0287224,21.0473,Yes,N/A,2,N/A,N/A,N/A,6,7,8,9,10,2 9,2 10,6 7,6 8,6 9,6 10,7 10,8 10
2 6 7 8 9 10 13,0.0123099,30.4106,Yes,N/A,2,N/A,N/A,N/A,6,7,8,9,10,2 9,2 10,13,6 8,2 13,6 10,7 10,8 10
2 6 7 8 9 10 12,0.0164244,28.0006,Yes,N/A,2,N/A,N/A,N/A,6,7,8,9,10,2 9,12,6 7,2 12,6 9,6 10,7 10,6 12
2 6 7 8 9 10 12 13,0.00821335,36.4247,Yes,N/A,2,N/A,N/A,N/A,6,7,8,9,10,2 9,12,13,2 12,2 13,6 10,7 10,6 12
2 6 7 8 9 10 11,0.0185262,26.65,Yes,N/A,2,N/A,N/A,N/A,6,7,8,9,10,11,2 10,2 11,6 8,6 9,6 10,6 11,7 11
2 6 7 8 9 10 11 13,0.00922303,35.6318,Yes,N/A,2,N/A,N/A,N/A,6,7,8,9,10,11,2 10,13,6 8,2 13,6 10,6 11,7 11
2 6 7 8 9 10 11 12,0.0123223,32.126,Yes,N/A,2,N/A,N/A,N/A,6,7,8,9,10,11,12,2 11,2 12,6 9,6 10,6 11,6 12
2 6 7 8 9 10 11 12 13,0.00707254,39.9665,Yes,N/A,2,N/A,N/A,N/A,6,7,8,9,10,11,12,13,2 12,2 13,6 10,6 11,6 12
1 2 4,0.0772891,6.01961,Yes,N/A,2,1 2,4,1 4,2 4,1 2 4,N/A,N/A,N/A,N/A,N/A,N/A,N/A,N/A,N/A,N/A,N/A
2 4,0.0462963,5.66667,Yes,N/A,2,N/A,4,N/A,2 4,N/A,N/A,N/A,N/A,N/A,N/A,N/A,N/A,N/A,N/A,N/A,N/A
1 2 4 13,0.0251575,14.903,Yes,N/A,2,1 2,4,1 4,2 4,1 2 4,N/A,N/A,N/A,N/A,N/A,13,1 13,2 13,1 2 13,4 13,1 4 13
1 2 4 12,0.0334023,12.4261,Yes,N/A,2,1 2,4,1 4,2 4,1 2 4,N/A,N/A,N/A,N/A,12,1 12,2 12,1 2 12,4 12,1 4 12,2 4 12
1 2 4 12 13,0.0146898,23.5471,Yes,N/A,2,1 2,4,1 4,2 4,1 2 4,N/A,N/A,N/A,N/A,12,13,2 12,2 13,4 12,4 13,2 4 12
2 4 13,0.0102881,16.3515,Yes,N/A,2,N/A,4,N/A,2 4,N/A,N/A,N/A,N/A,N/A,N/A,13,N/A,2 13,N/A,4 13,N/A
1 2 4 11,0.0452085,10.0047,Yes,N/A,2,1 2,4,1 4,2 4,1 2 4,N/A,N/A,N/A,11,1 11,2 11,1 2 11,4 11,1 4 11,2 4 11,1 2 4 11
2 4 11,0.0281636,12.9498,Yes,N/A,2,N/A,4,N/A,2 4,N/A,N/A,N/A,N/A,11,N/A,2 11,N/A,4 11,N/A,2 4 11,N/A
1 2 4 11 13,0.0207189,20.5246,Yes,N/A,2,1 2,4,1 4,2 4,1 2 4,N/A,N/A,N/A,11,1 11,13,1 13,2 13,1 2 13,4 13,1 4 13
1 2 4 11 12,0.0285351,19.0611,Yes,N/A,2,1 2,4,1 4,2 4,1 2 4,N/A,N/A,N/A,11,12,2 11,2 12,4 11,4 12,2 4 11,2 4 12
1 2 4 11 12 13,0.0134302,29.96,Yes,N/A,2,1 2,4,1 4,2 4,1 2 4,N/A,N/A,N/A,11,12,13,2 12,2 13,4 12,4 13,2 4 12
2 4 12,0.0172754,14.6382,Yes,N/A,2,N/A,4,N/A,2 4,N/A,N/A,N/A,N/A,N/A,12,N/A,2 12,N/A,4 12,N/A,2 4 12
2 4 12 13,0.00953611,24.4544,Yes,N/A,2,N/A,4,N/A,2 4,N/A,N/A,N/A,N/A,N/A,12,13,2 12,2 13,4 12,4 13,2 4 12
1 2 4 10,0.0597404,7.83767,Yes,N/A,2,1 2,4,1 4,2 4,1 2 4,N/A,N/A,10,1 10,2 10,1 2 10,4 10,1 4 10,2 4 10,1 2 4 10,N/A
1 2 4 10 13,0.0277376,17.783,Yes,N/A,2,1 2,4,1 4,2 4,1 2 4,N/A,N/A,10,1 10,2 10,13,4 10,2 13,2 4 10,4 13,1 4 13
2 4 10,0.0425669,11.4685,Yes,N/A,2,N/A,4,N/A,2 4,N/A,N/A,N/A,10,N/A,2 10,N/A,4 10,N/A,2 4 10,N/A,N/A
1 2 4 10 12,0.0375522,16.1952,Yes,N/A,2,1 2,4,1 4,2 4,1 2 4,N/A,N/A,10,1 10,12,1 12,2 12,1 2 12,4 12,1 4 12,2 4 12
1 2 4 10 12 13,0.0182421,26.2665,Yes,N/A,2,1 2,4,1 4,2 4,1 2 4,N/A,N/A,10,1 10,12,13,2 12,2 13,4 12,4 13,2 4 12
1 2 4 10 11,0.0500257,14.7841,Yes,N/A,2,1 2,4,1 4,2 4,1 2 4,N/A,N/A,10,11,2 10,2 11,4 10,4 11,2 4 10,2 4 11,1 2 4 11
1 2 4 10 11 13,0.0228243,24.8772,Yes,N/A,2,1 2,4,1 4,2 4,1 2 4,N/A,N/A,10,11,2 10,13,4 10,2 13,2 4 10,4 13,1 4 13
1 2 4 10 11 12,0.0295708,23.4144,Yes,N/A,2,1 2,4,1 4,2 4,1 2 4,N/A,N/A,10,11,12,2 11,2 12,4 11,4 12,2 4 11,2 4 12
1 2 4 10 11 12 13,0.0144875,33.7421,Yes,N/A,2,1 2,4,1 4,2 4,1 2 4,N/A,N/A,10,11,12,13,2 12,2 13,4 12,4 13,2 4 12
2 4 11 13,0.00909583,25.0463,Yes,N/A,2,N/A,4,N/A,2 4,N/A,N/A,N/A,N/A,11,N/A,13,N/A,2 13,N/A,4 13,N/A
2 4 11 12,0.0218836,20.5512,Yes,N/A,2,N/A,4,N/A,2 4,N/A,N/A,N/A,N/A,11,12,2 11,2 12,4 11,4 12,2 4 11,2 4 12
2 4 11 12 13,0.00799513,31.9521,Yes,N/A,2,N/A,4,N/A,2 4,N/A,N/A,N/A,N/A,11,12,13,2 12,2 13,4 12,4 13,2 4 12
1 2 4 9,0.0766122,6.07372,Yes,N/A,2,1 2,4,1 4,2 4,1 2 4,N/A,9,1 9,2 9,1 2 9,4 9,1 4 9,2 4 9,1 2 4 9,N/A,N/A
2 4 9,0.0604853,10.1644,Yes,N/A,2,N/A,4,N/A,2 4,N/A,N/A,9,N/A,2 9,N/A,4 9,N/A,2 4 9,N/A,N/A,N/A
1 2 4 9 13,0.034867,15.4286,Yes,N/A,2,1 2,4,1 4,2 4,1 2 4,N/A,9,1 9,2 9,1 2 9,13,1 13,2 13,1 2 13,4 13,1 4 13
1 2 4 9 12,0.0493017,13.6496,Yes,N/A,2,1 2,4,1 4,2 4,1 2 4,N/A,9,1 9,2 9,12,4 9,2 12,2 4 9,4 12,1 4 12,2 4 12
1 2 4 9 12 13,0.022304,23.357,Yes,N/A,2,1 2,4,1 4,2 4,1 2 4,N/A,9,1 9,2 9,12,13,2 12,2 13,4 12,4 13,2 4 12
2 4 9 13,0.0170593,21.7495,Yes,N/A,2,N/A,4,N/A,2 4,N/A,N/A,9,N/A,2 9,N/A,13,N/A,2 13,N/A,4 13,N/A
1 2 4 9 11,0.0612344,12.3298,Yes,N/A,2,1 2,4,1 4,2 4,1 2 4,N/A,9,1 9,11,1 11,2 11,1 2 11,4 11,1 4 11,2 4 11,1 2 4 11
2 4 9 11,0.0298488,19.4382,Yes,N/A,2,N/A,4,N/A,2 4,N/A,N/A,9,N/A,11,N/A,2 11,N/A,4 11,N/A,2 4 11,N/A
1 2 4 9 11 13,0.0258496,22.1778,Yes,N/A,2,1 2,4,1 4,2 4,1 2 4,N/A,9,1 9,11,1 11,13,1 13,2 13,1 2 13,4 13,1 4 13
1 2 4 9 11 12,0.0380383,19.8252,Yes,N/A,2,1 2,4,1 4,2 4,1 2 4,N/A,9,1 9,11,12,2 11,2 12,4 11,4 12,2 4 11,2 4 12
1 2 4 9 11 12 13,0.0178261,29.5518,Yes,N/A,2,1 2,4,1 4,2 4,1 2 4,N/A,9,1 9,11,12,13,2 12,2 13,4 12,4 13,2 4 12
1 2 4 9 10,0.076758,11.167,Yes,N/A,2,1 2,4,1 4,2 4,1 2 4,N/A,9,10,2 9,2 10,4 9,4 10,2 4 9,2 4 10,1 2 4 10,N/A
1 2 4 9 10 13,0.0335766,20.4659,Yes,N/A,2,1 2,4,1 4,2 4,1 2 4,N/A,9,10,2 9,2 10,13,4 10,2 13,2 4 10,4 13,1 4 13
1 2 4 9 10 12,0.0437742,18.7704,Yes,N/A,2,1 2,4,1 4,2 4,1 2 4,N/A,9,10,2 9,12,4 9,2 12,2 4 9,4 12,1 4 12,2 4 12
1 2 4 9 10 12 13,0.0210978,28.0622,Yes,N/A,2,1 2,4,1 4,2 4,1 2 4,N/A,9,10,2 9,12,13,2 12,2 13,4 12,4 13,2 4 12
1 2 4 9 10 11,0.0517551,17.5487,Yes,N/A,2,1 2,4,1 4,2 4,1 2 4,N/A,9,10,11,2 10,2 11,4 10,4 11,2 4 10,2 4 11,1 2 4 11
1 2 4 9 10 11 13,0.0245757,26.6849,Yes,N/A,2,1 2,4,1 4,2 4,1 2 4,N/A,9,10,11,2 10,13,4 10,2 13,2 4 10,4 13,1 4 13
1 2 4 9 10 11 12,0.0309595,25.2299,Yes,N/A,2,1 2,4,1 4,2 4,1 2 4,N/A,9,10,11,12,2 11,2 12,4 11,4 12,2 4 11,2 4 12
1 2 4 9 10 11 12 13,0.016356,34.4363,Yes,N/A,2,1 2,4,1 4,2 4,1 2 4,N/A,9,10,11,12,13,2 12,2 13,4 12,4 13,2 4 12
2 4 10 13,0.019842,20.945,Yes,N/A,2,N/A,4,N/A,2 4,N/A,N/A,N/A,10,N/A,2 10,13,4 10,2 13,2 4 10,4 13,N/A
2 4 10 12,0.0177103,22.1475,Yes,N/A,2,N/A,4,N/A,2 4,N/A,N/A,N/A,10,N/A,12,N/A,2 12,N/A,4 12,N/A,2 4 12
2 4 10 12 13,0.00963856,30.9398,Yes,N/A,2,N/A,4,N/A,2 4,N/A,N/A,N/A,10,N/A,12,13,2 12,2 13,4 12,4 13,2 4 12
2 4 10 11,0.0411951,16.9121,Yes,N/A,2,N/A,4,N/A,2 4,N/A,N/A,N/A,10,11,2 10,2 11,4 10,4 11,2 4 10,2 4 11,N/A
2 4 10 11 13,0.0141066,27.9396,Yes,N/A,2,N/A,4,N/A,2 4,N/A,N/A,N/A,10,11,2 10,13,4 10,2 13,2 4 10,4 13,N/A
2 4 10 11 12,0.0184014,26.3991,Yes,N/A,2,N/A,4,N/A,2 4,N/A,N/A,N/A,10,11,12,2 11,2 12,4 11,4 12,2 4 11,2 4 12
2 4 10 11 12 13,0.00803262,37.0093,Yes,N/A,2,N/A,4,N/A,2 4,N/A,N/A,N/A,10,11,12,13,2 12,2 13,4 12,4 13,2 4 12
1 2 4 8,0.0956951,4.81731,Yes,N/A,2,1 2,4,1 4,2 4,1 2 4,8,1 8,2 8,1 2 8,4 8,1 4 8,2 4 8,1 2 4 8,N/A,N/A,N/A
1 2 4 8 13,0.0437898,13.6009,Yes,N/A,2,1 2,4,1 4,2 4,1 2 4,8,1 8,2 8,1 2 8,4 8,13,2 4 8,2 13,1 2 13,4 13,1 4 13
2 4 8,0.0819187,9.17425,Yes,N/A,2,N/A,4,N/A,2 4,N/A,8,N/A,2 8,N/A,4 8,N/A,2 4 8,N/A,N/A,N/A,N/A
1 2 4 8 12,0.0586239,11.8221,Yes,N/A,2,1 2,4,1 4,2 4,1 2 4,8,1 8,2 8,1 2 8,12,1 12,2 12,1 2 12,4 12,1 4 12,2 4 12
1 2 4 8 12 13,0.0256509,21.226,Yes,N/A,2,1 2,4,1 4,2 4,1 2 4,8,1 8,2 8,1 2 8,12,13,2 12,2 13,4 12,4 13,2 4 12
1 2 4 8 11,0.0767544,10.1934,Yes,N/A,2,1 2,4,1 4,2 4,1 2 4,8,1 8,2 8,11,4 8,2 11,2 4 8,4 11,1 4 11,2 4 11,1 2 4 11
1 2 4 8 11 13,0.0338894,19.3789,Yes,N/A,2,1 2,4,1 4,2 4,1 2 4,8,1 8,2 8,11,4 8,13,2 4 8,2 13,1 2 13,4 13,1 4 13
1 2 4 8 11 12,0.0433079,17.4707,Yes,N/A,2,1 2,4,1 4,2 4,1 2 4,8,1 8,2 8,11,12,2 11,2 12,4 11,4 12,2 4 11,2 4 12
1 2 4 8 11 12 13,0.0210523,26.4807,Yes,N/A,2,1 2,4,1 4,2 4,1 2 4,8,1 8,2 8,11,12,13,2 12,2 13,4 12,4 13,2 4 12
2 4 8 13,0.0317055,18.546,Yes,N/A,2,N/A,4,N/A,2 4,N/A,8,N/A,2 8,N/A,4 8,13,2 4 8,2 13,N/A,4 13,N/A
2 4 8 12,0.0288137,19.2286,Yes,N/A,2,N/A,4,N/A,2 4,N/A,8,N/A,2 8,N/A,12,N/A,2 12,N/A,4 12,N/A,2 4 12
2 4 8 12 13,0.0134324,27.8364,Yes,N/A,2,N/A,4,N/A,2 4,N/A,8,N/A,2 8,N/A,12,13,2 12,2 13,4 12,4 13,2 4 12
1 2 4 8 10,0.087457,9.29844,Yes,N/A,2,1 2,4,1 4,2 4,1 2 4,8,1 8,10,1 10,2 10,1 2 10,4 10,1 4 10,2 4 10,1 2 4 10,8 10
1 2 4 8 10 13,0.0408081,17.5095,Yes,N/A,2,1 2,4,1 4,2 4,1 2 4,8,1 8,10,1 10,2 10,13,4 10,2 13,2 4 10,4 13,8 10
2 4 8 10,0.0415515,17.1184,Yes,N/A,2,N/A,4,N/A,2 4,N/A,8,N/A,10,N/A,2 10,N/A,4 10,N/A,2 4 10,N/A,8 10
1 2 4 8 10 12,0.0452378,16.8183,Yes,N/A,2,1 2,4,1 4,2 4,1 2 4,8,1 8,10,1 10,12,1 12,2 12,1 2 12,4 12,1 4 12,2 4 12
1 2 4 8 10 12 13,0.0239248,24.7043,Yes,N/A,2,1 2,4,1 4,2 4,1 2 4,8,1 8,10,1 10,12,13,2 12,2 13,4 12,4 13,2 4 12
1 2 4 8 10 11,0.0623068,14.4007,Yes,N/A,2,1 2,4,1 4,2 4,1 2 4,8,1 8,10,11,2 10,2 11,4 10,4 11,2 4 10,2 4 11,8 10
1 2 4 8 10 11 13,0.0298504,22.9746,Yes,N/A,2,1 2,4,1 4,2 4,1 2 4,8,1 8,10,11,2 10,13,4 10,2 13,2 4 10,4 13,8 10
1 2 4 8 10 11 12,0.0354678,21.4218,Yes,N/A,2,1 2,4,1 4,2 4,1 2 4,8,1 8,10,11,12,2 11,2 12,4 11,4 12,2 4 11,2 4 12
1 2 4 8 10 11 12 13,0.0193551,29.7305,Yes,N/A,2,1 2,4,1 4,2 4,1 2 4,8,1 8,10,11,12,13,2 12,2 13,4 12,4 13,2 4 12
1 2 4 8 9,0.104072,8.22897,Yes,N/A,2,1 2,4,1 4,2 4,1 2 4,8,9,2 8,2 9,4 8,4 9,2 4 8,2 4 9,1 2 4 9,8 9,1 8 9
1 2 4 8 9 13,0.0456061,16.8734,Yes,N/A,2,1 2,4,1 4,2 4,1 2 4,8,9,2 8,2 9,4 8,13,2 4 8,2 13,1 2 13,4 13,1 4 13
1 2 4 8 9 12,0.056245,15.1497,Yes,N/A,2,1 2,4,1 4,2 4,1 2 4,8,9,2 8,2 9,12,4 9,2 12,2 4 9,4 12,8 9,2 4 12
1 2 4 8 9 12 13,0.0260499,24.1016,Yes,N/A,2,1 2,4,1 4,2 4,1 2 4,8,9,2 8,2 9,12,13,2 12,2 13,4 12,4 13,2 4 12
1 2 4 8 9 11,0.0665861,13.7903,Yes,N/A,2,1 2,4,1 4,2 4,1 2 4,8,9,2 8,11,4 8,2 11,2 4 8,4 11,1 4 11,2 4 11,1 2 4 11
1 2 4 8 9 11 13,0.0320979,22.0681,Yes,N/A,2,1 2,4,1 4,2 4,1 2 4,8,9,2 8,11,4 8,13,2 4 8,2 13,1 2 13,4 13,1 4 13
1 2 4 8 9 11 12,0.039501,20.2791,Yes,N/A,2,1 2,4,1 4,2 4,1 2 4,8,9,2 8,11,12,2 11,2 12,4 11,4 12,2 4 11,2 4 12
1 2 4 8 9 11 12 13,0.0212457,28.2676,Yes,N/A,2,1 2,4,1 4,2 4,1 2 4,8,9,2 8,11,12,13,2 12,2 13,4 12,4 13,2 4 12
1 2 4 8 9 10,0.072979,12.796,Yes,N/A,2,1 2,4,1 4,2 4,1 2 4,8,9,10,2 9,2 10,4 9,4 10,2 4 9,2 4 10,8 9,8 10
1 2 4 8 9 10 13,0.0360699,20.8232,Yes,N/A,2,1 2,4,1 4,2 4,1 2 4,8,9,10,2 9,2 10,13,4 10,2 13,2 4 10,4 13,8 10
1 2 4 8 9 10 12,0.0424361,19.2415,Yes,N/A,2,1 2,4,1 4,2 4,1 2 4,8,9,10,2 9,12,4 9,2 12,2 4 9,4 12,8 9,2 4 12
1 2 4 8 9 10 12 13,0.0231062,27.0302,Yes,N/A,2,1 2,4,1 4,2 4,1 2 4,8,9,10,2 9,12,13,2 12,2 13,4 12,4 13,2 4 12
1 2 4 8 9 10 11,0.0491268,18.0895,Yes,N/A,2,1 2,4,1 4,2 4,1 2 4,8,9,10,11,2 10,2 11,4 10,4 11,2 4 10,2 4 11,8 10
1 2 4 8 9 10 11 13,0.0268891,25.6245,Yes,N/A,2,1 2,4,1 4,2 4,1 2 4,8,9,10,11,2 10,13,4 10,2 13,2 4 10,4 13,8 10
1 2 4 8 9 10 11 12,0.0314335,24.2781,Yes,N/A,2,1 2,4,1 4,2 4,1 2 4,8,9,10,11,12,2 11,2 12,4 11,4 12,2 4 11,2 4 12
1 2 4 8 9 10 11 12 13,0.0190547,31.4951,Yes,N/A,2,1 2,4,1 4,2 4,1 2 4,8,9,10,11,12,13,2 12,2 13,4 12,4 13,2 4 12
2 4 9 12,0.0378325,17.4805,Yes,N/A,2,N/A,4,N/A,2 4,N/A,N/A,9,N/A,2 9,12,4 9,2 12,2 4 9,4 12,N/A,2 4 12
2 4 9 12 13,0.0125846,28.271,Yes,N/A,2,N/A,4,N/A,2 4,N/A,N/A,9,N/A,2 9,12,13,2 12,2 13,4 12,4 13,2 4 12
2 4 9 11 13,0.00884934,31.4649,Yes,N/A,2,N/A,4,N/A,2 4,N/A,N/A,9,N/A,11,N/A,13,N/A,2 13,N/A,4 13,N/A
2 4 9 11 12,0.0205359,25.6332,Yes,N/A,2,N/A,4,N/A,2 4,N/A,N/A,9,N/A,11,12,2 11,2 12,4 11,4 12,2 4 11,2 4 12
2 4 9 11 12 13,0.00772493,36.8424,Yes,N/A,2,N/A,4,N/A,2 4,N/A,N/A,9,N/A,11,12,13,2 12,2 13,4 12,4 13,2 4 12
2 4 9 10,0.0643076,13.8312,Yes,N/A,2,N/A,4,N/A,2 4,N/A,N/A,9,10,2 9,2 10,4 9,4 10,2 4 9,2 4 10,N/A,N/A
2 4 9 10 13,0.0209745,24.2116,Yes,N/A,2,N/A,4,N/A,2 4,N/A,N/A,9,10,2 9,2 10,13,4 10,2 13,2 4 10,4 13,N/A
2 4 9 10 12,0.0269782,22.9559,Yes,N/A,2,N/A,4,N/A,2 4,N/A,N/A,9,10,2 9,12,4 9,2 12,2 4 9,4 12,N/A,2 4 12
2 4 9 10 12 13,0.0115053,32.6212,Yes,N/A,2,N/A,4,N/A,2 4,N/A,N/A,9,10,2 9,12,13,2 12,2 13,4 12,4 13,2 4 12
2 4 9 10 11,0.0321548,21.4616,Yes,N/A,2,N/A,4,N/A,2 4,N/A,N/A,9,10,11,2 10,2 11,4 10,4 11,2 4 10,2 4 11,N/A
2 4 9 10 11 13,0.0120957,32.2177,Yes,N/A,2,N/A,4,N/A,2 4,N/A,N/A,9,10,11,2 10,13,4 10,2 13,2 4 10,4 13,N/A
2 4 9 10 11 12,0.0170765,29.7407,Yes,N/A,2,N/A,4,N/A,2 4,N/A,N/A,9,10,11,12,2 11,2 12,4 11,4 12,2 4 11,2 4 12
2 4 9 10 11 12 13,0.00798858,39.8857,Yes,N/A,2,N/A,4,N/A,2 4,N/A,N/A,9,10,11,12,13,2 12,2 13,4 12,4 13,2 4 12
1 2 4 7,0.112167,4.64989,Yes,N/A,2,1 2,4,1 4,2 4,7,1 7,2 7,1 2 7,4 7,1 4 7,2 4 7,1 2 4 7,N/A,N/A,N/A,N/A
2 4 7,0.106867,8.4267,Yes,N/A,2,N/A,4,N/A,2 4,7,N/A,2 7,N/A,4 7,N/A,2 4 7,N/A,N/A,N/A,N/A,N/A
1 2 4 7 13,0.0506381,12.7489,Yes,N/A,2,1 2,4,1 4,2 4,7,1 7,2 7,1 2 7,4 7,1 4 7,13,1 13,2 13,1 2 13,4 13,1 4 13
1 2 4 7 12,0.0688255,11.1748,Yes,N/A,2,1 2,4,1 4,2 4,7,1 7,2 7,1 2 7,4 7,12,2 4 7,2 12,1 2 12,4 12,1 4 12,2 4 12
1 2 4 7 12 13,0.0303566,20.2762,Yes,N/A,2,1 2,4,1 4,2 4,7,1 7,2 7,1 2 7,4 7,12,13,2 12,2 13,4 12,4 13,2 4 12
2 4 7 13,0.0273223,19.261,Yes,N/A,2,N/A,4,N/A,2 4,7,N/A,2 7,N/A,4 7,N/A,13,N/A,2 13,N/A,4 13,N/A
1 2 4 7 11,0.0830234,9.80354,Yes,N/A,2,1 2,4,1 4,2 4,7,1 7,2 7,1 2 7,11,1 11,2 11,1 2 11,4 11,1 4 11,2 4 11,7 11
2 4 7 11,0.0415595,16.9535,Yes,N/A,2,N/A,4,N/A,2 4,7,N/A,2 7,N/A,11,N/A,2 11,N/A,4 11,N/A,2 4 11,7 11
1 2 4 7 11 13,0.0330689,18.9273,Yes,N/A,2,1 2,4,1 4,2 4,7,1 7,2 7,1 2 7,11,1 11,13,1 13,2 13,1 2 13,4 13,7 11
1 2 4 7 11 12,0.0452762,17.0367,Yes,N/A,2,1 2,4,1 4,2 4,7,1 7,2 7,1 2 7,11,12,2 11,2 12,4 11,4 12,2 4 11,2 4 12
1 2 4 7 11 12 13,0.0210735,26.0256,Yes,N/A,2,1 2,4,1 4,2 4,7,1 7,2 7,1 2 7,11,12,13,2 12,2 13,4 12,4 13,2 4 12
1 2 4 7 10,0.10056,8.41689,Yes,N/A,2,1 2,4,1 4,2 4,7,1 7,2 7,10,4 7,2 10,2 4 7,4 10,1 4 10,2 4 10,7 10,1 7 10
1 2 4 7 10 13,0.0467578,16.4542,Yes,N/A,2,1 2,4,1 4,2 4,7,1 7,2 7,10,4 7,2 10,13,4 10,2 13,2 4 10,4 13,1 4 13
1 2 4 7 10 12,0.0551012,15.3987,Yes,N/A,2,1 2,4,1 4,2 4,7,1 7,2 7,10,4 7,12,2 4 7,2 12,1 2 12,4 12,7 10,2 4 12
1 2 4 7 10 12 13,0.0284258,23.4072,Yes,N/A,2,1 2,4,1 4,2 4,7,1 7,2 7,10,4 7,12,13,2 12,2 13,4 12,4 13,2 4 12
1 2 4 7 10 11,0.0640072,13.8339,Yes,N/A,2,1 2,4,1 4,2 4,7,1 7,2 7,10,11,2 10,2 11,4 10,4 11,2 4 10,2 4 11,7 11
1 2 4 7 10 11 13,0.0306925,22.0611,Yes,N/A,2,1 2,4,1 4,2 4,7,1 7,2 7,10,11,2 10,13,4 10,2 13,2 4 10,4 13,7 11
1 2 4 7 10 11 12,0.0383106,20.4164,Yes,N/A,2,1 2,4,1 4,2 4,7,1 7,2 7,10,11,12,2 11,2 12,4 11,4 12,2 4 11,2 4 12
1 2 4 7 10 11 12 13,0.0205626,28.6967,Yes,N/A,2,1 2,4,1 4,2 4,7,1 7,2 7,10,11,12,13,2 12,2 13,4 12,4 13,2 4 12
2 4 7 12,0.0506902,15.8627,Yes,N/A,2,N/A,4,N/A,2 4,7,N/A,2 7,N/A,4 7,12,2 4 7,2 12,N/A,4 12,N/A,2 4 12
2 4 7 12 13,0.0180641,25.5649,Yes,N/A,2,N/A,4,N/A,2 4,7,N/A,2 7,N/A,4 7,12,13,2 12,2 13,4 12,4 13,2 4 12
2 4 7 11 13,0.0118061,28.6392,Yes,N/A,2,N/A,4,N/A,2 4,7,N/A,2 7,N/A,11,N/A,13,N/A,2 13,N/A,4 13,7 11
2 4 7 11 12,0.0234772,23.2794,Yes,N/A,2,N/A,4,N/A,2 4,7,N/A,2 7,N/A,11,12,2 11,2 12,4 11,4 12,2 4 11,2 4 12
2 4 7 11 12 13,0.00912031,33.9617,Yes,N/A,2,N/A,4,N/A,2 4,7,N/A,2 7,N/A,11,12,13,2 12,2 13,4 12,4 13,2 4 12
1 2 4 7 9,0.105323,7.91248,Yes,N/A,2,1 2,4,1 4,2 4,7,1 7,9,1 9,2 9,1 2 9,4 9,1 4 9,2 4 9,7 9,1 7 9,2 7 9
2 4 7 9,0.050775,14.8406,Yes,N/A,2,N/A,4,N/A,2 4,7,N/A,9,N/A,2 9,N/A,4 9,N/A,2 4 9,7 9,N/A,2 7 9
1 2 4 7 9 13,0.0449386,16.3887,Yes,N/A,2,1 2,4,1 4,2 4,7,1 7,9,1 9,2 9,1 2 9,13,1 13,2 13,7 9,4 13,2 7 9
1 2 4 7 9 12,0.0620023,13.8696,Yes,N/A,2,1 2,4,1 4,2 4,7,1 7,9,1 9,2 9,12,4 9,2 12,2 4 9,4 12,1 4 12,2 4 12
1 2 4 7 9 12 13,0.0297444,22.1371,Yes,N/A,2,1 2,4,1 4,2 4,7,1 7,9,1 9,2 9,12,13,2 12,2 13,4 12,4 13,2 4 12
2 4 7 9 13,0.0161896,25.9898,Yes,N/A,2,N/A,4,N/A,2 4,7,N/A,9,N/A,2 9,N/A,13,N/A,2 13,7 9,4 13,2 7 9
1 2 4 7 9 11,0.0625356,13.4326,Yes,N/A,2,1 2,4,1 4,2 4,7,1 7,9,1 9,11,1 11,2 11,1 2 11,4 11,7 9,2 4 11,7 11
2 4 7 9 11,0.021727,23.7413,Yes,N/A,2,N/A,4,N/A,2 4,7,N/A,9,N/A,11,N/A,2 11,N/A,4 11,7 9,2 4 11,7 11
1 2 4 7 9 11 13,0.0279378,22.616,Yes,N/A,2,1 2,4,1 4,2 4,7,1 7,9,1 9,11,1 11,13,1 13,2 13,7 9,4 13,7 11
1 2 4 7 9 11 12,0.0410445,18.9154,Yes,N/A,2,1 2,4,1 4,2 4,7,1 7,9,1 9,11,12,2 11,2 12,4 11,4 12,2 4 11,2 4 12
1 2 4 7 9 11 12 13,0.0209896,27.4109,Yes,N/A,2,1 2,4,1 4,2 4,7,1 7,9,1 9,11,12,13,2 12,2 13,4 12,4 13,2 4 12
1 2 4 7 9 10,0.0796998,11.3501,Yes,N/A,2,1 2,4,1 4,2 4,7,1 7,9,10,2 9,2 10,4 9,4 10,2 4 9,2 4 10,7 10,2 7 9
1 2 4 7 9 10 13,0.0391358,19.0883,Yes,N/A,2,1 2,4,1 4,2 4,7,1 7,9,10,2 9,2 10,13,4 10,2 13,2 4 10,4 13,2 7 9
1 2 4 7 9 10 12,0.0475919,17.5396,Yes,N/A,2,1 2,4,1 4,2 4,7,1 7,9,10,2 9,12,4 9,2 12,2 4 9,4 12,7 10,2 4 12
1 2 4 7 9 10 12 13,0.0260936,25.0725,Yes,N/A,2,1 2,4,1 4,2 4,7,1 7,9,10,2 9,12,13,2 12,2 13,4 12,4 13,2 4 12
1 2 4 7 9 10 11,0.0523212,16.3336,Yes,N/A,2,1 2,4,1 4,2 4,7,1 7,9,10,11,2 10,2 11,4 10,4 11,2 4 10,2 4 11,7 11
1 2 4 7 9 10 11 13,0.0276172,24.0767,Yes,N/A,2,1 2,4,1 4,2 4,7,1 7,9,10,11,2 10,13,4 10,2 13,2 4 10,4 13,7 11
1 2 4 7 9 10 11 12,0.0347586,22.0891,Yes,N/A,2,1 2,4,1 4,2 4,7,1 7,9,10,11,12,2 11,2 12,4 11,4 12,2 4 11,2 4 12
1 2 4 7 9 10 11 12 13,0.0204468,29.4676,Yes,N/A,2,1 2,4,1 4,2 4,7,1 7,9,10,11,12,13,2 12,2 13,4 12,4 13,2 4 12
1 2 4 7 8,0.116443,7.05571,Yes,N/A,2,1 2,4,1 4,2 4,7,8,2 7,2 8,4 7,4 8,2 4 7,2 4 8,7 8,1 7 8,2 7 8,1 2 7 8
1 2 4 7 8 13,0.0548359,14.883,Yes,N/A,2,1 2,4,1 4,2 4,7,8,2 7,2 8,4 7,4 8,13,2 4 8,2 13,1 2 13,4 13,1 4 13
1 2 4 7 8 12,0.0633902,13.565,Yes,N/A,2,1 2,4,1 4,2 4,7,8,2 7,2 8,4 7,12,2 4 7,2 12,7 8,4 12,2 7 8,2 4 12
1 2 4 7 8 12 13,0.0324765,21.569,Yes,N/A,2,1 2,4,1 4,2 4,7,8,2 7,2 8,4 7,12,13,2 12,2 13,4 12,4 13,2 4 12
1 2 4 7 8 11,0.0724996,12.2251,Yes,N/A,2,1 2,4,1 4,2 4,7,8,2 7,2 8,11,4 8,2 11,2 4 8,4 11,1 4 11,2 4 11,7 11
1 2 4 7 8 11 13,0.0353712,20.1824,Yes,N/A,2,1 2,4,1 4,2 4,7,8,2 7,2 8,11,4 8,13,2 4 8,2 13,1 2 13,4 13,7 11
1 2 4 7 8 11 12,0.0417887,18.9076,Yes,N/A,2,1 2,4,1 4,2 4,7,8,2 7,2 8,11,12,2 11,2 12,4 11,4 12,2 4 11,2 4 12
1 2 4 7 8 11 12 13,0.0227636,26.741,Yes,N/A,2,1 2,4,1 4,2 4,7,8,2 7,2 8,11,12,13,2 12,2 13,4 12,4 13,2 4 12
1 2 4 7 8 10,0.080835,10.9144,Yes,N/A,2,1 2,4,1 4,2 4,7,8,2 7,10,4 7,2 10,2 4 7,4 10,7 8,2 4 10,7 10,8 10
1 2 4 7 8 10 13,0.0431053,18.0948,Yes,N/A,2,1 2,4,1 4,2 4,7,8,2 7,10,4 7,2 10,13,4 10,2 13,2 4 10,4 13,8 10
1 2 4 7 8 10 12,0.0486849,16.9489,Yes,N/A,2,1 2,4,1 4,2 4,7,8,2 7,10,4 7,12,2 4 7,2 12,7 8,4 12,7 10,2 4 12
1 2 4 7 8 10 12 13,0.0284601,23.8977,Yes,N/A,2,1 2,4,1 4,2 4,7,8,2 7,10,4 7,12,13,2 12,2 13,4 12,4 13,2 4 12
1 2 4 7 8 10 11,0.0557679,15.6098,Yes,N/A,2,1 2,4,1 4,2 4,7,8,2 7,10,11,2 10,2 11,4 10,4 11,2 4 10,2 4 11,7 11
1 2 4 7 8 10 11 13,0.0304894,22.8936,Yes,N/A,2,1 2,4,1 4,2 4,7,8,2 7,10,11,2 10,13,4 10,2 13,2 4 10,4 13,7 11
1 2 4 7 8 10 11 12,0.0365424,21.0538,Yes,N/A,2,1 2,4,1 4,2 4,7,8,2 7,10,11,12,2 11,2 12,4 11,4 12,2 4 11,2 4 12
1 2 4 7 8 10 11 12 13,0.0219923,28.1093,Yes,N/A,2,1 2,4,1 4,2 4,7,8,2 7,10,11,12,13,2 12,2 13,4 12,4 13,2 4 12
1 2 4 7 8 9,0.0841324,10.2285,Yes,N/A,2,1 2,4,1 4,2 4,7,8,9,2 8,2 9,4 8,4 9,2 4 8,2 4 9,7 9,8 9,2 7 9
1 2 4 7 8 9 13,0.0433348,17.5372,Yes,N/A,2,1 2,4,1 4,2 4,7,8,9,2 8,2 9,4 8,13,2 4 8,2 13,7 9,4 13,2 7 9
1 2 4 7 8 9 12,0.0524895,16.0244,Yes,N/A,2,1 2,4,1 4,2 4,7,8,9,2 8,2 9,12,4 9,2 12,2 4 9,4 12,8 9,2 4 12
1 2 4 7 8 9 12 13,0.0288967,23.401,Yes,N/A,2,1 2,4,1 4,2 4,7,8,9,2 8,2 9,12,13,2 12,2 13,4 12,4 13,2 4 12
1 2 4 7 8 9 11,0.0581125,14.7385,Yes,N/A,2,1 2,4,1 4,2 4,7,8,9,2 8,11,4 8,2 11,2 4 8,4 11,7 9,2 4 11,7 11
1 2 4 7 8 9 11 13,0.0312109,22.0758,Yes,N/A,2,1 2,4,1 4,2 4,7,8,9,2 8,11,4 8,13,2 4 8,2 13,7 9,4 13,7 11
1 2 4 7 8 9 11 12,0.0383184,20.1478,Yes,N/A,2,1 2,4,1 4,2 4,7,8,9,2 8,11,12,2 11,2 12,4 11,4 12,2 4 11,2 4 12
1 2 4 7 8 9 11 12 13,0.0226997,27.107,Yes,N/A,2,1 2,4,1 4,2 4,7,8,9,2 8,11,12,13,2 12,2 13,4 12,4 13,2 4 12
1 2 4 7 8 9 10,0.0643162,13.8914,Yes,N/A,2,1 2,4,1 4,2 4,7,8,9,10,2 9,2 10,4 9,4 10,2 4 9,2 4 10,7 10,8 10
1 2 4 7 8 9 10 13,0.0361438,20.5397,Yes,N/A,2,1 2,4,1 4,2 4,7,8,9,10,2 9,2 10,13,4 10,2 13,2 4 10,4 13,8 10
1 2 4 7 8 9 10 12,0.0426777,19.0396,Yes,N/A,2,1 2,4,1 4,2 4,7,8,9,10,2 9,12,4 9,2 12,2 4 9,4 12,7 10,2 4 12
1 2 4 7 8 9 10 12 13,0.0260925,25.4457,Yes,N/A,2,1 2,4,1 4,2 4,7,8,9,10,2 9,12,13,2 12,2 13,4 12,4 13,2 4 12
1 2 4 7 8 9 10 11,0.0465597,18.1934,Yes,N/A,2,1 2,4,1 4,2 4,7,8,9,10,11,2 10,2 11,4 10,4 11,2 4 10,2 4 11,7 11
1 2 4 7 8 9 10 11 13,0.0280094,24.4693,Yes,N/A,2,1 2,4,1 4,2 4,7,8,9,10,11,2 10,13,4 10,2 13,2 4 10,4 13,7 11
1 2 4 7 8 9 10 11 12,0.0334758,22.8213,Yes,N/A,2,1 2,4,1 4,2 4,7,8,9,10,11,12,2 11,2 12,4 11,4 12,2 4 11,2 4 12
1 2 4 7 8 9 10 11 12 13,0.0220187,28.681,Yes,N/A,2,1 2,4,1 4,2 4,7,8,9,10,11,12,13,2 12,2 13,4 12,4 13,2 4 12
2 4 8 11,0.0596065,14.5336,Yes,N/A,2,N/A,4,N/A,2 4,N/A,8,N/A,2 8,11,4 8,2 11,2 4 8,4 11,N/A,2 4 11,N/A
2 4 8 11 13,0.0194897,25.3751,Yes,N/A,2,N/A,4,N/A,2 4,N/A,8,N/A,2 8,11,4 8,13,2 4 8,2 13,N/A,4 13,N/A
2 4 8 11 12,0.024096,23.303,Yes,N/A,2,N/A,4,N/A,2 4,N/A,8,N/A,2 8,11,12,2 11,2 12,4 11,4 12,2 4 11,2 4 12
2 4 8 11 12 13,0.0103127,33.4399,Yes,N/A,2,N/A,4,N/A,2 4,N/A,8,N/A,2 8,11,12,13,2 12,2 13,4 12,4 13,2 4 12
2 4 8 10 13,0.0189506,25.5646,Yes,N/A,2,N/A,4,N/A,2 4,N/A,8,N/A,10,N/A,2 10,13,4 10,2 13,2 4 10,4 13,8 10
2 4 8 10 12,0.0150014,27.7603,Yes,N/A,2,N/A,4,N/A,2 4,N/A,8,N/A,10,N/A,12,N/A,2 12,N/A,4 12,N/A,2 4 12
2 4 8 10 12 13,0.00874686,35.4254,Yes,N/A,2,N/A,4,N/A,2 4,N/A,8,N/A,10,N/A,12,13,2 12,2 13,4 12,4 13,2 4 12
2 4 8 10 11,0.0326356,20.9365,Yes,N/A,2,N/A,4,N/A,2 4,N/A,8,N/A,10,11,2 10,2 11,4 10,4 11,2 4 10,2 4 11,8 10
2 4 8 10 11 13,0.0136425,31.0878,Yes,N/A,2,N/A,4,N/A,2 4,N/A,8,N/A,10,11,2 10,13,4 10,2 13,2 4 10,4 13,8 10
2 4 8 10 11 12,0.0149397,30.2138,Yes,N/A,2,N/A,4,N/A,2 4,N/A,8,N/A,10,11,12,2 11,2 12,4 11,4 12,2 4 11,2 4 12
2 4 8 10 11 12 13,0.00774901,39.7741,Yes,N/A,2,N/A,4,N/A,2 4,N/A,8,N/A,10,11,12,13,2 12,2 13,4 12,4 13,2 4 12
2 4 8 9,0.084948,11.2919,Yes,N/A,2,N/A,4,N/A,2 4,N/A,8,9,2 8,2 9,4 8,4 9,2 4 8,2 4 9,N/A,8 9,N/A
2 4 8 9 13,0.0277753,21.623,Yes,N/A,2,N/A,4,N/A,2 4,N/A,8,9,2 8,2 9,4 8,13,2 4 8,2 13,N/A,4 13,N/A
2 4 8 9 12,0.034248,19.5441,Yes,N/A,2,N/A,4,N/A,2 4,N/A,8,9,2 8,2 9,12,4 9,2 12,2 4 9,4 12,8 9,2 4 12
2 4 8 9 12 13,0.0138093,29.4358,Yes,N/A,2,N/A,4,N/A,2 4,N/A,8,9,2 8,2 9,12,13,2 12,2 13,4 12,4 13,2 4 12
2 4 8 9 11,0.0398063,18.8826,Yes,N/A,2,N/A,4,N/A,2 4,N/A,8,9,2 8,11,4 8,2 11,2 4 8,4 11,N/A,2 4 11,N/A
2 4 8 9 11 13,0.015162,29.4064,Yes,N/A,2,N/A,4,N/A,2 4,N/A,8,9,2 8,11,4 8,13,2 4 8,2 13,N/A,4 13,N/A
2 4 8 9 11 12,0.0209963,25.9982,Yes,N/A,2,N/A,4,N/A,2 4,N/A,8,9,2 8,11,12,2 11,2 12,4 11,4 12,2 4 11,2 4 12
2 4 8 9 11 12 13,0.00971091,35.7504,Yes,N/A,2,N/A,4,N/A,2 4,N/A,8,9,2 8,11,12,13,2 12,2 13,4 12,4 13,2 4 12
2 4 8 9 10,0.0441678,17.1603,Yes,N/A,2,N/A,4,N/A,2 4,N/A,8,9,10,2 9,2 10,4 9,4 10,2 4 9,2 4 10,8 9,8 10
2 4 8 9 10 13,0.018794,26.5688,Yes,N/A,2,N/A,4,N/A,2 4,N/A,8,9,10,2 9,2 10,13,4 10,2 13,2 4 10,4 13,8 10
2 4 8 9 10 12,0.020456,25.9233,Yes,N/A,2,N/A,4,N/A,2 4,N/A,8,9,10,2 9,12,4 9,2 12,2 4 9,4 12,8 9,2 4 12
2 4 8 9 10 12 13,0.0105218,34.5863,Yes,N/A,2,N/A,4,N/A,2 4,N/A,8,9,10,2 9,12,13,2 12,2 13,4 12,4 13,2 4 12
2 4 8 9 10 11,0.0265077,23.5449,Yes,N/A,2,N/A,4,N/A,2 4,N/A,8,9,10,11,2 10,2 11,4 10,4 11,2 4 10,2 4 11,8 10
2 4 8 9 10 11 13,0.0123929,33.1494,Yes,N/A,2,N/A,4,N/A,2 4,N/A,8,9,10,11,2 10,13,4 10,2 13,2 4 10,4 13,8 10
2 4 8 9 10 11 12,0.0150473,31.2117,Yes,N/A,2,N/A,4,N/A,2 4,N/A,8,9,10,11,12,2 11,2 12,4 11,4 12,2 4 11,2 4 12
2 4 8 9 10 11 12 13,0.00837308,39.9422,Yes,N/A,2,N/A,4,N/A,2 4,N/A,8,9,10,11,12,13,2 12,2 13,4 12,4 13,2 4 12
1 2 4 6,0.133541,4.74243,Yes,N/A,2,1 2,4,1 4,6,1 6,2 6,1 2 6,4 6,1 4 6,2 4 6,1 2 4 6,N/A,N/A,N/A,N/A,N/A
2 4 6,0.120585,8.21451,Yes,N/A,2,N/A,4,N/A,6,N/A,2 6,N/A,4 6,N/A,2 4 6,N/A,N/A,N/A,N/A,N/A,N/A
1 2 4 6 13,0.0610486,12.1644,Yes,N/A,2,1 2,4,1 4,6,1 6,2 6,1 2 6,4 6,1 4 6,2 4 6,13,1 13,2 13,1 2 13,4 13,1 4 13
1 2 4 6 12,0.075838,10.565,Yes,N/A,2,1 2,4,1 4,6,1 6,2 6,1 2 6,4 6,1 4 6,12,1 12,2 12,1 2 12,4 12,1 4 12,6 12
1 2 4 6 12 13,0.0337293,19.683,Yes,N/A,2,1 2,4,1 4,6,1 6,2 6,1 2 6,4 6,1 4 6,12,13,2 12,2 13,4 12,4 13,6 12
1 2 4 6 11,0.0933439,9.30588,Yes,N/A,2,1 2,4,1 4,6,1 6,2 6,1 2 6,4 6,11,2 4 6,2 11,1 2 11,4 11,1 4 11,6 11,1 6 11
2 4 6 11,0.0657204,14.0533,Yes,N/A,2,N/A,4,N/A,6,N/A,2 6,N/A,4 6,11,2 4 6,2 11,N/A,4 11,N/A,6 11,N/A
1 2 4 6 11 13,0.041982,17.9729,Yes,N/A,2,1 2,4,1 4,6,1 6,2 6,1 2 6,4 6,11,2 4 6,13,1 13,2 13,1 2 13,4 13,1 4 13
1 2 4 6 11 12,0.0509789,16.1607,Yes,N/A,2,1 2,4,1 4,6,1 6,2 6,1 2 6,4 6,11,12,2 11,2 12,4 11,4 12,6 11,6 12
1 2 4 6 11 12 13,0.0245564,25.1872,Yes,N/A,2,1 2,4,1 4,6,1 6,2 6,1 2 6,4 6,11,12,13,2 12,2 13,4 12,4 13,6 12
2 4 6 13,0.0383713,17.8857,Yes,N/A,2,N/A,4,N/A,6,N/A,2 6,N/A,4 6,N/A,2 4 6,13,N/A,2 13,N/A,4 13,N/A
2 4 6 12,0.0385368,17.4797,Yes,N/A,2,N/A,4,N/A,6,N/A,2 6,N/A,4 6,N/A,12,N/A,2 12,N/A,4 12,N/A,6 12
2 4 6 12 13,0.0171116,26.1221,Yes,N/A,2,N/A,4,N/A,6,N/A,2 6,N/A,4 6,N/A,12,13,2 12,2 13,4 12,4 13,6 12
1 2 4 6 10,0.101342,8.41959,Yes,N/A,2,1 2,4,1 4,6,1 6,2 6,1 2 6,10,1 10,2 10,1 2 10,4 10,1 4 10,6 10,1 6 10,2 6 10
1 2 4 6 10 13,0.0440502,16.683,Yes,N/A,2,1 2,4,1 4,6,1 6,2 6,1 2 6,10,1 10,2 10,13,4 10,2 13,6 10,4 13,2 6 10
2 4 6 10,0.0474019,15.5121,Yes,N/A,2,N/A,4,N/A,6,N/A,2 6,N/A,10,N/A,2 10,N/A,4 10,N/A,6 10,N/A,2 6 10
1 2 4 6 10 12,0.0497866,15.5829,Yes,N/A,2,1 2,4,1 4,6,1 6,2 6,1 2 6,10,1 10,12,1 12,2 12,1 2 12,4 12,1 4 12,6 12
1 2 4 6 10 12 13,0.0255441,23.6282,Yes,N/A,2,1 2,4,1 4,6,1 6,2 6,1 2 6,10,1 10,12,13,2 12,2 13,4 12,4 13,6 12
1 2 4 6 10 11,0.0628558,13.5499,Yes,N/A,2,1 2,4,1 4,6,1 6,2 6,1 2 6,10,11,2 10,2 11,4 10,4 11,6 10,6 11,2 6 10
1 2 4 6 10 11 13,0.030827,21.8896,Yes,N/A,2,1 2,4,1 4,6,1 6,2 6,1 2 6,10,11,2 10,13,4 10,2 13,6 10,4 13,2 6 10
1 2 4 6 10 11 12,0.0366407,20.2886,Yes,N/A,2,1 2,4,1 4,6,1 6,2 6,1 2 6,10,11,12,2 11,2 12,4 11,4 12,6 11,6 12
1 2 4 6 10 11 12 13,0.0199265,28.6321,Yes,N/A,2,1 2,4,1 4,6,1 6,2 6,1 2 6,10,11,12,13,2 12,2 13,4 12,4 13,6 12
1 2 4 6 9,0.11285,7.25035,Yes,N/A,2,1 2,4,1 4,6,1 6,2 6,9,4 6,2 9,2 4 6,4 9,1 4 9,6 9,1 6 9,2 6 9,1 2 6 9
2 4 6 9,0.0837828,10.9388,Yes,N/A,2,N/A,4,N/A,6,N/A,2 6,9,4 6,2 9,2 4 6,4 9,N/A,6 9,N/A,2 6 9,N/A
1 2 4 6 9 13,0.0553354,15.0919,Yes,N/A,2,1 2,4,1 4,6,1 6,2 6,9,4 6,2 9,2 4 6,13,1 13,2 13,1 2 13,4 13,1 4 13
1 2 4 6 9 12,0.0661147,12.9987,Yes,N/A,2,1 2,4,1 4,6,1 6,2 6,9,4 6,2 9,12,4 9,2 12,6 9,4 12,2 6 9,6 12
1 2 4 6 9 12 13,0.033267,21.3727,Yes,N/A,2,1 2,4,1 4,6,1 6,2 6,9,4 6,2 9,12,13,2 12,2 13,4 12,4 13,6 12
1 2 4 6 9 11,0.0714597,12.4246,Yes,N/A,2,1 2,4,1 4,6,1 6,2 6,9,4 6,11,2 4 6,2 11,1 2 11,4 11,1 4 11,6 11,1 6 11
2 4 6 9 11,0.0383803,18.7887,Yes,N/A,2,N/A,4,N/A,6,N/A,2 6,9,4 6,11,2 4 6,2 11,N/A,4 11,N/A,6 11,N/A
1 2 4 6 9 11 13,0.0366688,20.6276,Yes,N/A,2,1 2,4,1 4,6,1 6,2 6,9,4 6,11,2 4 6,13,1 13,2 13,1 2 13,4 13,1 4 13
1 2 4 6 9 11 12,0.0467154,17.8196,Yes,N/A,2,1 2,4,1 4,6,1 6,2 6,9,4 6,11,12,2 11,2 12,4 11,4 12,6 11,6 12
1 2 4 6 9 11 12 13,0.0251788,26.2766,Yes,N/A,2,1 2,4,1 4,6,1 6,2 6,9,4 6,11,12,13,2 12,2 13,4 12,4 13,6 12
1 2 4 6 9 10,0.0776615,10.7376,Yes,N/A,2,1 2,4,1 4,6,1 6,2 6,9,10,2 9,2 10,4 9,4 10,6 9,6 10,2 6 9,2 6 10
1 2 4 6 9 10 13,0.0380552,19.1029,Yes,N/A,2,1 2,4,1 4,6,1 6,2 6,9,10,2 9,2 10,13,4 10,2 13,6 10,4 13,2 6 10
1 2 4 6 9 10 12,0.0473192,16.9371,Yes,N/A,2,1 2,4,1 4,6,1 6,2 6,9,10,2 9,12,4 9,2 12,6 9,4 12,2 6 9,6 12
1 2 4 6 9 10 12 13,0.0254683,25.0995,Yes,N/A,2,1 2,4,1 4,6,1 6,2 6,9,10,2 9,12,13,2 12,2 13,4 12,4 13,6 12
1 2 4 6 9 10 11,0.0556946,15.4167,Yes,N/A,2,1 2,4,1 4,6,1 6,2 6,9,10,11,2 10,2 11,4 10,4 11,6 10,6 11,2 6 10
1 2 4 6 9 10 11 13,0.0297496,23.3499,Yes,N/A,2,1 2,4,1 4,6,1 6,2 6,9,10,11,2 10,13,4 10,2 13,6 10,4 13,2 6 10
1 2 4 6 9 10 11 12,0.0367544,21.3034,Yes,N/A,2,1 2,4,1 4,6,1 6,2 6,9,10,11,12,2 11,2 12,4 11,4 12,6 11,6 12
1 2 4 6 9 10 11 12 13,0.0215101,29.0743,Yes,N/A,2,1 2,4,1 4,6,1 6,2 6,9,10,11,12,13,2 12,2 13,4 12,4 13,6 12
2 4 6 11 13,0.0206645,25.1141,Yes,N/A,2,N/A,4,N/A,6,N/A,2 6,N/A,4 6,11,2 4 6,13,N/A,2 13,N/A,4 13,N/A
2 4 6 11 12,0.0287701,21.5897,Yes,N/A,2,N/A,4,N/A,6,N/A,2 6,N/A,4 6,11,12,2 11,2 12,4 11,4 12,6 11,6 12
2 4 6 11 12 13,0.012067,31.855,Yes,N/A,2,N/A,4,N/A,6,N/A,2 6,N/A,4 6,11,12,13,2 12,2 13,4 12,4 13,6 12
2 4 6 10 13,0.0188931,24.1933,Yes,N/A,2,N/A,4,N/A,6,N/A,2 6,N/A,10,N/A,2 10,13,4 10,2 13,6 10,4 13,2 6 10
2 4 6 10 12,0.0166408,25.9688,Yes,N/A,2,N/A,4,N/A,6,N/A,2 6,N/A,10,N/A,12,N/A,2 12,N/A,4 12,N/A,6 12
2 4 6 10 12 13,0.00912858,33.8014,Yes,N/A,2,N/A,4,N/A,6,N/A,2 6,N/A,10,N/A,12,13,2 12,2 13,4 12,4 13,6 12
2 4 6 10 11,0.0315846,19.6218,Yes,N/A,2,N/A,4,N/A,6,N/A,2 6,N/A,10,11,2 10,2 11,4 10,4 11,6 10,6 11,2 6 10
2 4 6 10 11 13,0.0132745,29.8739,Yes,N/A,2,N/A,4,N/A,6,N/A,2 6,N/A,10,11,2 10,13,4 10,2 13,6 10,4 13,2 6 10
2 4 6 10 11 12,0.0157052,28.6141,Yes,N/A,2,N/A,4,N/A,6,N/A,2 6,N/A,10,11,12,2 11,2 12,4 11,4 12,6 11,6 12
2 4 6 10 11 12 13,0.00802557,38.2113,Yes,N/A,2,N/A,4,N/A,6,N/A,2 6,N/A,10,11,12,13,2 12,2 13,4 12,4 13,6 12
1 2 4 6 8,0.107578,7.05295,Yes,N/A,2,1 2,4,1 4,6,1 6,8,1 8,2 8,1 2 8,4 8,1 4 8,6 8,1 6 8,2 6 8,1 2 6 8,4 6 8
1 2 4 6 8 13,0.0489183,15.0522,Yes,N/A,2,1 2,4,1 4,6,1 6,8,1 8,2 8,1 2 8,4 8,13,6 8,2 13,2 6 8,4 13,4 6 8
2 4 6 8,0.046833,13.7581,Yes,N/A,2,N/A,4,N/A,6,N/A,8,N/A,2 8,N/A,4 8,N/A,6 8,N/A,2 6 8,N/A,4 6 8
1 2 4 6 8 12,0.0587094,13.5962,Yes,N/A,2,1 2,4,1 4,6,1 6,8,1 8,2 8,1 2 8,12,1 12,2 12,1 2 12,4 12,1 4 12,6 12
1 2 4 6 8 12 13,0.0298443,21.4832,Yes,N/A,2,1 2,4,1 4,6,1 6,8,1 8,2 8,1 2 8,12,13,2 12,2 13,4 12,4 13,6 12
1 2 4 6 8 11,0.0751105,10.9431,Yes,N/A,2,1 2,4,1 4,6,1 6,8,1 8,2 8,11,4 8,2 11,6 8,4 11,2 6 8,6 11,4 6 8
1 2 4 6 8 11 13,0.0363411,19.4308,Yes,N/A,2,1 2,4,1 4,6,1 6,8,1 8,2 8,11,4 8,13,6 8,2 13,2 6 8,4 13,4 6 8
1 2 4 6 8 11 12,0.0462182,16.9981,Yes,N/A,2,1 2,4,1 4,6,1 6,8,1 8,2 8,11,12,2 11,2 12,4 11,4 12,6 11,6 12
1 2 4 6 8 11 12 13,0.0247068,25.1817,Yes,N/A,2,1 2,4,1 4,6,1 6,8,1 8,2 8,11,12,13,2 12,2 13,4 12,4 13,6 12
2 4 6 8 13,0.0199583,22.4099,Yes,N/A,2,N/A,4,N/A,6,N/A,8,N/A,2 8,N/A,4 8,13,6 8,2 13,2 6 8,4 13,4 6 8
2 4 6 8 12,0.0194597,23.9947,Yes,N/A,2,N/A,4,N/A,6,N/A,8,N/A,2 8,N/A,12,N/A,2 12,N/A,4 12,N/A,6 12
2 4 6 8 12 13,0.0106067,31.8138,Yes,N/A,2,N/A,4,N/A,6,N/A,8,N/A,2 8,N/A,12,13,2 12,2 13,4 12,4 13,6 12
1 2 4 6 8 10,0.0701779,11.1933,Yes,N/A,2,1 2,4,1 4,6,1 6,8,1 8,10,1 10,2 10,1 2 10,4 10,1 4 10,6 10,1 6 10,8 10
1 2 4 6 8 10 13,0.0375212,18.3754,Yes,N/A,2,1 2,4,1 4,6,1 6,8,1 8,10,1 10,2 10,13,4 10,2 13,6 10,4 13,8 10
2 4 6 8 10,0.0239203,21.8948,Yes,N/A,2,N/A,4,N/A,6,N/A,8,N/A,10,N/A,2 10,N/A,4 10,N/A,6 10,N/A,8 10
1 2 4 6 8 10 12,0.0390415,19.0827,Yes,N/A,2,1 2,4,1 4,6,1 6,8,1 8,10,1 10,12,1 12,2 12,1 2 12,4 12,1 4 12,6 12
1 2 4 6 8 10 12 13,0.0236801,25.4192,Yes,N/A,2,1 2,4,1 4,6,1 6,8,1 8,10,1 10,12,13,2 12,2 13,4 12,4 13,6 12
1 2 4 6 8 10 11,0.0579598,14.2007,Yes,N/A,2,1 2,4,1 4,6,1 6,8,1 8,10,11,2 10,2 11,4 10,4 11,6 10,6 11,8 10
1 2 4 6 8 10 11 13,0.0307409,22.1548,Yes,N/A,2,1 2,4,1 4,6,1 6,8,1 8,10,11,2 10,13,4 10,2 13,6 10,4 13,8 10
1 2 4 6 8 10 11 12,0.0357581,20.8859,Yes,N/A,2,1 2,4,1 4,6,1 6,8,1 8,10,11,12,2 11,2 12,4 11,4 12,6 11,6 12
1 2 4 6 8 10 11 12 13,0.0213677,28.2161,Yes,N/A,2,1 2,4,1 4,6,1 6,8,1 8,10,11,12,13,2 12,2 13,4 12,4 13,6 12
1 2 4 6 8 9,0.0890666,8.49629,Yes,N/A,2,1 2,4,1 4,6,1 6,8,9,2 8,2 9,4 8,4 9,6 8,6 9,2 6 8,8 9,4 6 8
1 2 4 6 8 9 13,0.044975,16.4332,Yes,N/A,2,1 2,4,1 4,6,1 6,8,9,2 8,2 9,4 8,13,6 8,2 13,2 6 8,4 13,4 6 8
1 2 4 6 8 9 12,0.0566775,14.203,Yes,N/A,2,1 2,4,1 4,6,1 6,8,9,2 8,2 9,12,4 9,2 12,6 9,4 12,8 9,6 12
1 2 4 6 8 9 12 13,0.0302183,22.1123,Yes,N/A,2,1 2,4,1 4,6,1 6,8,9,2 8,2 9,12,13,2 12,2 13,4 12,4 13,6 12
1 2 4 6 8 9 11,0.0654567,13.0795,Yes,N/A,2,1 2,4,1 4,6,1 6,8,9,2 8,11,4 8,2 11,6 8,4 11,2 6 8,6 11,4 6 8
1 2 4 6 8 9 11 13,0.0343556,21.0415,Yes,N/A,2,1 2,4,1 4,6,1 6,8,9,2 8,11,4 8,13,6 8,2 13,2 6 8,4 13,4 6 8
1 2 4 6 8 9 11 12,0.0435524,18.496,Yes,N/A,2,1 2,4,1 4,6,1 6,8,9,2 8,11,12,2 11,2 12,4 11,4 12,6 11,6 12
1 2 4 6 8 9 11 12 13,0.0252329,25.886,Yes,N/A,2,1 2,4,1 4,6,1 6,8,9,2 8,11,12,13,2 12,2 13,4 12,4 13,6 12
1 2 4 6 8 9 10,0.0714995,11.8663,Yes,N/A,2,1 2,4,1 4,6,1 6,8,9,10,2 9,2 10,4 9,4 10,6 9,6 10,8 9,8 10
1 2 4 6 8 9 10 13,0.0377922,19.3099,Yes,N/A,2,1 2,4,1 4,6,1 6,8,9,10,2 9,2 10,13,4 10,2 13,6 10,4 13,8 10
1 2 4 6 8 9 10 12,0.0445916,17.9471,Yes,N/A,2,1 2,4,1 4,6,1 6,8,9,10,2 9,12,4 9,2 12,6 9,4 12,8 9,6 12
1 2 4 6 8 9 10 12 13,0.0262488,24.8026,Yes,N/A,2,1 2,4,1 4,6,1 6,8,9,10,2 9,12,13,2 12,2 13,4 12,4 13,6 12
1 2 4 6 8 9 10 11,0.0544588,15.83,Yes,N/A,2,1 2,4,1 4,6,1 6,8,9,10,11,2 10,2 11,4 10,4 11,6 10,6 11,8 10
1 2 4 6 8 9 10 11 13,0.031053,22.9744,Yes,N/A,2,1 2,4,1 4,6,1 6,8,9,10,11,2 10,13,4 10,2 13,6 10,4 13,8 10
1 2 4 6 8 9 10 11 12,0.037067,21.1426,Yes,N/A,2,1 2,4,1 4,6,1 6,8,9,10,11,12,2 11,2 12,4 11,4 12,6 11,6 12
1 2 4 6 8 9 10 11 12 13,0.0235114,27.6499,Yes,N/A,2,1 2,4,1 4,6,1 6,8,9,10,11,12,13,2 12,2 13,4 12,4 13,6 12
1 2 4 6 7,0.108915,6.33702,Yes,N/A,2,1 2,4,1 4,6,7,2 6,2 7,4 6,4 7,2 4 6,6 7,1 6 7,2 6 7,1 2 6 7,4 6 7,1 4 6 7
2 4 6 7,0.0810596,8.82645,Yes,N/A,2,N/A,4,N/A,6,7,2 6,2 7,4 6,4 7,2 4 6,6 7,N/A,2 6 7,N/A,4 6 7,N/A
1 2 4 6 7 13,0.0574537,13.7692,Yes,N/A,2,1 2,4,1 4,6,7,2 6,2 7,4 6,4 7,2 4 6,13,1 13,2 13,1 2 13,4 13,1 4 13
1 2 4 6 7 12,0.0665366,12.0163,Yes,N/A,2,1 2,4,1 4,6,7,2 6,2 7,4 6,4 7,12,6 7,2 12,2 6 7,4 12,4 6 7,6 12
1 2 4 6 7 12 13,0.0342605,20.3239,Yes,N/A,2,1 2,4,1 4,6,7,2 6,2 7,4 6,4 7,12,13,2 12,2 13,4 12,4 13,6 12
1 2 4 6 7 11,0.0728847,11.2193,Yes,N/A,2,1 2,4,1 4,6,7,2 6,2 7,4 6,11,2 4 6,2 11,1 2 11,4 11,1 4 11,6 11,7 11
2 4 6 7 11,0.0411716,16.2624,Yes,N/A,2,N/A,4,N/A,6,7,2 6,2 7,4 6,11,2 4 6,2 11,N/A,4 11,N/A,6 11,7 11
1 2 4 6 7 11 13,0.0385136,18.8372,Yes,N/A,2,1 2,4,1 4,6,7,2 6,2 7,4 6,11,2 4 6,13,1 13,2 13,1 2 13,4 13,7 11
1 2 4 6 7 11 12,0.0472766,16.946,Yes,N/A,2,1 2,4,1 4,6,7,2 6,2 7,4 6,11,12,2 11,2 12,4 11,4 12,6 11,6 12
1 2 4 6 7 11 12 13,0.0256672,24.9188,Yes,N/A,2,1 2,4,1 4,6,7,2 6,2 7,4 6,11,12,13,2 12,2 13,4 12,4 13,6 12
1 2 4 6 7 10,0.0807864,9.41674,Yes,N/A,2,1 2,4,1 4,6,7,2 6,2 7,10,4 7,2 10,6 7,4 10,2 6 7,6 10,7 10,2 6 10
1 2 4 6 7 10 13,0.0423407,17.3002,Yes,N/A,2,1 2,4,1 4,6,7,2 6,2 7,10,4 7,2 10,13,4 10,2 13,6 10,4 13,2 6 10
1 2 4 6 7 10 12,0.0515674,15.3573,Yes,N/A,2,1 2,4,1 4,6,7,2 6,2 7,10,4 7,12,6 7,2 12,2 6 7,4 12,7 10,6 12
1 2 4 6 7 10 12 13,0.0283665,23.198,Yes,N/A,2,1 2,4,1 4,6,7,2 6,2 7,10,4 7,12,13,2 12,2 13,4 12,4 13,6 12
1 2 4 6 7 10 11,0.0589022,14.3288,Yes,N/A,2,1 2,4,1 4,6,7,2 6,2 7,10,11,2 10,2 11,4 10,4 11,6 10,6 11,7 11
1 2 4 6 7 10 11 13,0.031182,22.0476,Yes,N/A,2,1 2,4,1 4,6,7,2 6,2 7,10,11,2 10,13,4 10,2 13,6 10,4 13,7 11
1 2 4 6 7 10 11 12,0.0386992,20.2046,Yes,N/A,2,1 2,4,1 4,6,7,2 6,2 7,10,11,12,2 11,2 12,4 11,4 12,6 11,6 12
1 2 4 6 7 10 11 12 13,0.0223273,27.8819,Yes,N/A,2,1 2,4,1 4,6,7,2 6,2 7,10,11,12,13,2 12,2 13,4 12,4 13,6 12
1 2 4 6 7 9,0.0875447,8.98714,Yes,N/A,2,1 2,4,1 4,6,7,2 6,9,4 6,2 9,2 4 6,4 9,1 4 9,6 9,7 9,2 6 9,2 7 9
2 4 6 7 9,0.055259,13.5908,Yes,N/A,2,N/A,4,N/A,6,7,2 6,9,4 6,2 9,2 4 6,4 9,N/A,6 9,7 9,2 6 9,2 7 9
1 2 4 6 7 9 13,0.0470479,16.3347,Yes,N/A,2,1 2,4,1 4,6,7,2 6,9,4 6,2 9,2 4 6,13,1 13,2 13,7 9,4 13,2 7 9
1 2 4 6 7 9 12,0.0589227,14.0689,Yes,N/A,2,1 2,4,1 4,6,7,2 6,9,4 6,2 9,12,4 9,2 12,6 9,4 12,2 6 9,6 12
1 2 4 6 7 9 12 13,0.0320609,21.7612,Yes,N/A,2,1 2,4,1 4,6,7,2 6,9,4 6,2 9,12,13,2 12,2 13,4 12,4 13,6 12
1 2 4 6 7 9 11,0.0630102,13.6587,Yes,N/A,2,1 2,4,1 4,6,7,2 6,9,4 6,11,2 4 6,2 11,1 2 11,4 11,7 9,6 11,7 11
2 4 6 7 9 11,0.0309642,21.0675,Yes,N/A,2,N/A,4,N/A,6,7,2 6,9,4 6,11,2 4 6,2 11,N/A,4 11,7 9,6 11,7 11
1 2 4 6 7 9 11 13,0.0343485,20.9784,Yes,N/A,2,1 2,4,1 4,6,7,2 6,9,4 6,11,2 4 6,13,1 13,2 13,7 9,4 13,7 11
1 2 4 6 7 9 11 12,0.0447336,18.0995,Yes,N/A,2,1 2,4,1 4,6,7,2 6,9,4 6,11,12,2 11,2 12,4 11,4 12,6 11,6 12
1 2 4 6 7 9 11 12 13,0.0257449,25.5013,Yes,N/A,2,1 2,4,1 4,6,7,2 6,9,4 6,11,12,13,2 12,2 13,4 12,4 13,6 12
1 2 4 6 7 9 10,0.0767619,11.3103,Yes,N/A,2,1 2,4,1 4,6,7,2 6,9,10,2 9,2 10,4 9,4 10,6 9,6 10,7 10,2 6 10
1 2 4 6 7 9 10 13,0.0389363,19.243,Yes,N/A,2,1 2,4,1 4,6,7,2 6,9,10,2 9,2 10,13,4 10,2 13,6 10,4 13,2 6 10
1 2 4 6 7 9 10 12,0.0494424,16.952,Yes,N/A,2,1 2,4,1 4,6,7,2 6,9,10,2 9,12,4 9,2 12,6 9,4 12,7 10,6 12
1 2 4 6 7 9 10 12 13,0.0276325,24.5181,Yes,N/A,2,1 2,4,1 4,6,7,2 6,9,10,2 9,12,13,2 12,2 13,4 12,4 13,6 12
1 2 4 6 7 9 10 11,0.0555797,15.5669,Yes,N/A,2,1 2,4,1 4,6,7,2 6,9,10,11,2 10,2 11,4 10,4 11,6 10,6 11,7 11
1 2 4 6 7 9 10 11 13,0.031041,22.783,Yes,N/A,2,1 2,4,1 4,6,7,2 6,9,10,11,2 10,13,4 10,2 13,6 10,4 13,7 11
1 2 4 6 7 9 10 11 12,0.0389327,20.4774,Yes,N/A,2,1 2,4,1 4,6,7,2 6,9,10,11,12,2 11,2 12,4 11,4 12,6 11,6 12
1 2 4 6 7 9 10 11 12 13,0.0239417,27.2355,Yes,N/A,2,1 2,4,1 4,6,7,2 6,9,10,11,12,13,2 12,2 13,4 12,4 13,6 12
1 2 4 6 7 8,0.0947724,7.37911,Yes,N/A,2,1 2,4,1 4,6,7,8,2 7,2 8,4 7,4 8,6 7,6 8,7 8,2 6 8,2 7 8,4 6 8
1 2 4 6 7 8 13,0.0477862,15.6232,Yes,N/A,2,1 2,4,1 4,6,7,8,2 7,2 8,4 7,4 8,13,6 8,2 13,2 6 8,4 13,4 6 8
1 2 4 6 7 8 12,0.0615822,13.0193,Yes,N/A,2,1 2,4,1 4,6,7,8,2 7,2 8,4 7,12,6 7,2 12,7 8,4 12,2 7 8,6 12
1 2 4 6 7 8 12 13,0.0320459,21.1879,Yes,N/A,2,1 2,4,1 4,6,7,8,2 7,2 8,4 7,12,13,2 12,2 13,4 12,4 13,6 12
1 2 4 6 7 8 11,0.0717139,11.7925,Yes,N/A,2,1 2,4,1 4,6,7,8,2 7,2 8,11,4 8,2 11,6 8,4 11,2 6 8,6 11,7 11
1 2 4 6 7 8 11 13,0.0364845,19.6518,Yes,N/A,2,1 2,4,1 4,6,7,8,2 7,2 8,11,4 8,13,6 8,2 13,2 6 8,4 13,7 11
1 2 4 6 7 8 11 12,0.0465639,17.4071,Yes,N/A,2,1 2,4,1 4,6,7,8,2 7,2 8,11,12,2 11,2 12,4 11,4 12,6 11,6 12
1 2 4 6 7 8 11 12 13,0.0258991,25.0132,Yes,N/A,2,1 2,4,1 4,6,7,8,2 7,2 8,11,12,13,2 12,2 13,4 12,4 13,6 12
1 2 4 6 7 8 10,0.0808654,10.4162,Yes,N/A,2,1 2,4,1 4,6,7,8,2 7,10,4 7,2 10,6 7,4 10,7 8,6 10,7 10,8 10
1 2 4 6 7 8 10 13,0.0419241,18.1139,Yes,N/A,2,1 2,4,1 4,6,7,8,2 7,10,4 7,2 10,13,4 10,2 13,6 10,4 13,8 10
1 2 4 6 7 8 10 12,0.0505851,16.2608,Yes,N/A,2,1 2,4,1 4,6,7,8,2 7,10,4 7,12,6 7,2 12,7 8,4 12,7 10,6 12
1 2 4 6 7 8 10 12 13,0.0291343,23.313,Yes,N/A,2,1 2,4,1 4,6,7,8,2 7,10,4 7,12,13,2 12,2 13,4 12,4 13,6 12
1 2 4 6 7 8 10 11,0.0598603,14.5021,Yes,N/A,2,1 2,4,1 4,6,7,8,2 7,10,11,2 10,2 11,4 10,4 11,6 10,6 11,7 11
1 2 4 6 7 8 10 11 13,0.0329753,21.7438,Yes,N/A,2,1 2,4,1 4,6,7,8,2 7,10,11,2 10,13,4 10,2 13,6 10,4 13,7 11
1 2 4 6 7 8 10 11 12,0.0406464,19.5883,Yes,N/A,2,1 2,4,1 4,6,7,8,2 7,10,11,12,2 11,2 12,4 11,4 12,6 11,6 12
1 2 4 6 7 8 10 11 12 13,0.0248097,26.3168,Yes,N/A,2,1 2,4,1 4,6,7,8,2 7,10,11,12,13,2 12,2 13,4 12,4 13,6 12
1 2 4 6 7 8 9,0.089074,9.65928,Yes,N/A,2,1 2,4,1 4,6,7,8,9,2 8,2 9,4 8,4 9,6 8,6 9,7 9,8 9,2 7 9
1 2 4 6 7 8 9 13,0.0452899,17.2147,Yes,N/A,2,1 2,4,1 4,6,7,8,9,2 8,2 9,4 8,13,6 8,2 13,7 9,4 13,2 7 9
1 2 4 6 7 8 9 12,0.0566724,14.9747,Yes,N/A,2,1 2,4,1 4,6,7,8,9,2 8,2 9,12,4 9,2 12,6 9,4 12,8 9,6 12
1 2 4 6 7 8 9 12 13,0.0315925,22.2044,Yes,N/A,2,1 2,4,1 4,6,7,8,9,2 8,2 9,12,13,2 12,2 13,4 12,4 13,6 12
1 2 4 6 7 8 9 11,0.0640473,13.7335,Yes,N/A,2,1 2,4,1 4,6,7,8,9,2 8,11,4 8,2 11,6 8,4 11,7 9,6 11,7 11
1 2 4 6 7 8 9 11 13,0.0353742,20.9508,Yes,N/A,2,1 2,4,1 4,6,7,8,9,2 8,11,4 8,13,6 8,2 13,7 9,4 13,7 11
1 2 4 6 7 8 9 11 12,0.0440954,18.532,Yes,N/A,2,1 2,4,1 4,6,7,8,9,2 8,11,12,2 11,2 12,4 11,4 12,6 11,6 12
1 2 4 6 7 8 9 11 12 13,0.0268369,25.0647,Yes,N/A,2,1 2,4,1 4,6,7,8,9,2 8,11,12,13,2 12,2 13,4 12,4 13,6 12
1 2 4 6 7 8 9 10,0.0717522,12.437,Yes,N/A,2,1 2,4,1 4,6,7,8,9,10,2 9,2 10,4 9,4 10,6 9,6 10,7 10,8 10
1 2 4 6 7 8 9 10 13,0.0390582,19.6577,Yes,N/A,2,1 2,4,1 4,6,7,8,9,10,2 9,2 10,13,4 10,2 13,6 10,4 13,8 10
1 2 4 6 7 8 9 10 12,0.0485537,17.3427,Yes,N/A,2,1 2,4,1 4,6,7,8,9,10,2 9,12,4 9,2 12,6 9,4 12,7 10,6 12
1 2 4 6 7 8 9 10 12 13,0.0292151,23.9425,Yes,N/A,2,1 2,4,1 4,6,7,8,9,10,2 9,12,13,2 12,2 13,4 12,4 13,6 12
1 2 4 6 7 8 9 10 11,0.0546785,15.9862,Yes,N/A,2,1 2,4,1 4,6,7,8,9,10,11,2 10,2 11,4 10,4 11,6 10,6 11,7 11
1 2 4 6 7 8 9 10 11 13,0.0329131,22.3539,Yes,N/A,2,1 2,4,1 4,6,7,8,9,10,11,2 10,13,4 10,2 13,6 10,4 13,7 11
1 2 4 6 7 8 9 10 11 12,0.040166,20.1448,Yes,N/A,2,1 2,4,1 4,6,7,8,9,10,11,12,2 11,2 12,4 11,4 12,6 11,6 12
1 2 4 6 7 8 9 10 11 12 13,0.0265829,25.8339,Yes,N/A,2,1 2,4,1 4,6,7,8,9,10,11,12,13,2 12,2 13,4 12,4 13,6 12
1 4 5,0.146476,7.20293,Yes,N/A,N/A,N/A,4,5,1 5,N/A,N/A,4 5,1 4 5,N/A,N/A,N/A,N/A,N/A,N/A,N/A,N/A
1 4 5 13,0.0466232,16.7047,Yes,N/A,N/A,N/A,4,5,1 5,N/A,N/A,4 5,1 4 5,N/A,N/A,13,1 13,N/A,N/A,4 13,5 13
1 4 5 12,0.0606835,14.6381,Yes,N/A,N/A,N/A,4,5,1 5,N/A,N/A,4 5,1 4 5,N/A,12,1 12,N/A,N/A,4 12,5 12,1 5 12
1 4 5 12 13,0.0212857,24.73,Yes,N/A,N/A,N/A,4,5,1 5,N/A,N/A,4 5,1 4 5,N/A,12,13,1 13,N/A,4 12,4 13,5 13
1 4 5 11,0.0707251,12.811,Yes,N/A,N/A,N/A,4,5,1 5,N/A,N/A,4 5,1 4 5,11,1 11,N/A,N/A,4 11,5 11,1 5 11,N/A
1 4 5 11 13,0.0290992,20.691,Yes,N/A,N/A,N/A,4,5,1 5,N/A,N/A,4 5,1 4 5,11,1 11,13,1 13,4 11,5 11,4 13,5 13
1 4 5 11 12,0.032373,20.6811,Yes,N/A,N/A,N/A,4,5,1 5,N/A,N/A,4 5,1 4 5,11,12,1 12,N/A,4 11,4 12,5 12,1 5 12
1 4 5 11 12 13,0.0149204,29.5093,Yes,N/A,N/A,N/A,4,5,1 5,N/A,N/A,4 5,1 4 5,11,12,13,1 13,4 11,4 12,4 13,5 13
1 4 5 10,0.0611229,12.6039,Yes,N/A,N/A,N/A,4,5,1 5,N/A,N/A,4 5,10,1 10,N/A,N/A,4 10,5 10,1 5 10,N/A,N/A
1 4 5 10 13,0.0250825,21.6325,Yes,N/A,N/A,N/A,4,5,1 5,N/A,N/A,4 5,10,1 10,N/A,13,4 10,5 10,1 5 10,4 13,5 13
1 4 5 10 12,0.0369114,18.1442,Yes,N/A,N/A,N/A,4,5,1 5,N/A,N/A,4 5,10,1 10,12,1 12,4 10,5 10,4 12,5 12,1 5 12
1 4 5 10 12 13,0.0159765,28.2107,Yes,N/A,N/A,N/A,4,5,1 5,N/A,N/A,4 5,10,1 10,12,13,4 10,5 10,4 12,4 13,5 13
1 4 5 10 11,0.0373946,18.8744,Yes,N/A,N/A,N/A,4,5,1 5,N/A,N/A,4 5,10,11,1 11,N/A,4 10,4 11,5 11,1 5 11,N/A
1 4 5 10 11 13,0.0189593,26.5325,Yes,N/A,N/A,N/A,4,5,1 5,N/A,N/A,4 5,10,11,1 11,13,4 10,4 11,5 11,4 13,5 13
1 4 5 10 11 12,0.0233828,25.3361,Yes,N/A,N/A,N/A,4,5,1 5,N/A,N/A,4 5,10,11,12,1 12,4 10,4 11,4 12,5 12,1 5 12
1 4 5 10 11 12 13,0.0120651,34.7247,Yes,N/A,N/A,N/A,4,5,1 5,N/A,N/A,4 5,10,11,12,13,4 10,4 11,4 12,4 13,5 13
1 4 5 9,0.0483557,12.3777,Yes,N/A,N/A,N/A,4,5,1 5,N/A,N/A,9,1 9,N/A,N/A,4 9,5 9,1 5 9,N/A,N/A,4 5 9
1 4 5 9 13,0.0179737,23.4444,Yes,N/A,N/A,N/A,4,5,1 5,N/A,N/A,9,1 9,N/A,N/A,13,5 9,1 5 9,N/A,4 13,5 13
1 4 5 9 12,0.0291793,19.5813,Yes,N/A,N/A,N/A,4,5,1 5,N/A,N/A,9,1 9,N/A,12,4 9,5 9,1 5 9,4 12,5 12,4 5 9
1 4 5 9 12 13,0.0121412,30.4652,Yes,N/A,N/A,N/A,4,5,1 5,N/A,N/A,9,1 9,N/A,12,13,5 9,1 5 9,4 12,4 13,5 13
1 4 5 9 11,0.040679,16.2779,Yes,N/A,N/A,N/A,4,5,1 5,N/A,N/A,9,1 9,11,1 11,4 9,5 9,4 11,5 11,1 5 11,4 5 9
1 4 5 9 11 13,0.0175443,26.3008,Yes,N/A,N/A,N/A,4,5,1 5,N/A,N/A,9,1 9,11,1 11,13,5 9,4 11,5 11,4 13,5 13
1 4 5 9 11 12,0.0238447,24.44,Yes,N/A,N/A,N/A,4,5,1 5,N/A,N/A,9,1 9,11,12,4 9,5 9,4 11,4 12,5 12,4 5 9
1 4 5 9 11 12 13,0.0115107,34.2199,Yes,N/A,N/A,N/A,4,5,1 5,N/A,N/A,9,1 9,11,12,13,5 9,4 11,4 12,4 13,5 13
1 4 5 9 10,0.0392794,17.5899,Yes,N/A,N/A,N/A,4,5,1 5,N/A,N/A,9,10,1 10,N/A,4 9,4 10,5 10,1 5 10,N/A,4 5 9
1 4 5 9 10 13,0.0153884,28.2713,Yes,N/A,N/A,N/A,4,5,1 5,N/A,N/A,9,10,1 10,N/A,13,4 10,5 10,1 5 10,4 13,5 13
1 4 5 9 10 12,0.0269873,23.2294,Yes,N/A,N/A,N/A,4,5,1 5,N/A,N/A,9,10,1 10,12,4 9,4 10,5 10,4 12,5 12,4 5 9
1 4 5 9 10 12 13,0.0119273,33.7516,Yes,N/A,N/A,N/A,4,5,1 5,N/A,N/A,9,10,1 10,12,13,4 10,5 10,4 12,4 13,5 13
1 4 5 9 10 11,0.0310907,22.2554,Yes,N/A,N/A,N/A,4,5,1 5,N/A,N/A,9,10,11,1 11,4 9,4 10,4 11,5 11,1 5 11,4 5 9
1 4 5 9 10 11 13,0.0145552,31.9174,Yes,N/A,N/A,N/A,4,5,1 5,N/A,N/A,9,10,11,1 11,13,4 10,4 11,5 11,4 13,5 13
1 4 5 9 10 11 12,0.0202693,29.4956,Yes,N/A,N/A,N/A,4,5,1 5,N/A,N/A,9,10,11,12,4 9,4 10,4 11,4 12,5 12,4 5 9
1 4 5 9 10 11 12 13,0.0106777,39.0547,Yes,N/A,N/A,N/A,4,5,1 5,N/A,N/A,9,10,11,12,13,4 10,4 11,4 12,4 13,5 13
1 4 5 8,0.0687818,9.55805,Yes,N/A,N/A,N/A,4,5,1 5,N/A,8,4 5,1 4 5,N/A,4 8,5 8,1 5 8,N/A,N/A,4 5 8,1 4 5 8
1 4 5 8 13,0.0275128,19.9898,Yes,N/A,N/A,N/A,4,5,1 5,N/A,8,4 5,1 4 5,N/A,4 8,13,1 13,N/A,N/A,4 13,5 13
1 4 5 8 12,0.0349668,18.3384,Yes,N/A,N/A,N/A,4,5,1 5,N/A,8,4 5,1 4 5,N/A,12,5 8,1 5 8,N/A,4 12,5 12,1 5 12
1 4 5 8 12 13,0.0149176,28.8371,Yes,N/A,N/A,N/A,4,5,1 5,N/A,8,4 5,1 4 5,N/A,12,13,1 13,N/A,4 12,4 13,5 13
1 4 5 8 11,0.0523778,14.1856,Yes,N/A,N/A,N/A,4,5,1 5,N/A,8,4 5,1 4 5,11,4 8,5 8,1 5 8,4 11,5 11,4 5 8,1 4 5 8
1 4 5 8 11 13,0.0235001,23.1874,Yes,N/A,N/A,N/A,4,5,1 5,N/A,8,4 5,1 4 5,11,4 8,13,1 13,4 11,5 11,4 13,5 13
1 4 5 8 11 12,0.0272918,22.5279,Yes,N/A,N/A,N/A,4,5,1 5,N/A,8,4 5,1 4 5,11,12,5 8,1 5 8,4 11,4 12,5 12,1 5 12
1 4 5 8 11 12 13,0.0133032,31.6136,Yes,N/A,N/A,N/A,4,5,1 5,N/A,8,4 5,1 4 5,11,12,13,1 13,4 11,4 12,4 13,5 13
1 4 5 8 10,0.0644686,12.6487,Yes,N/A,N/A,N/A,4,5,1 5,N/A,8,4 5,10,1 10,4 8,5 8,4 10,5 10,1 5 10,4 5 8,8 10
1 4 5 8 10 13,0.0261117,22.2017,Yes,N/A,N/A,N/A,4,5,1 5,N/A,8,4 5,10,1 10,4 8,13,4 10,5 10,1 5 10,4 13,5 13
1 4 5 8 10 12,0.0354774,20.134,Yes,N/A,N/A,N/A,4,5,1 5,N/A,8,4 5,10,1 10,12,5 8,4 10,5 10,4 12,5 12,8 10
1 4 5 8 10 12 13,0.0155327,29.9373,Yes,N/A,N/A,N/A,4,5,1 5,N/A,8,4 5,10,1 10,12,13,4 10,5 10,4 12,4 13,5 13
1 4 5 8 10 11,0.0432616,18.7381,Yes,N/A,N/A,N/A,4,5,1 5,N/A,8,4 5,10,11,4 8,5 8,4 10,4 11,5 11,4 5 8,8 10
1 4 5 8 10 11 13,0.020541,27.0773,Yes,N/A,N/A,N/A,4,5,1 5,N/A,8,4 5,10,11,4 8,13,4 10,4 11,5 11,4 13,5 13
1 4 5 8 10 11 12,0.0256211,25.8657,Yes,N/A,N/A,N/A,4,5,1 5,N/A,8,4 5,10,11,12,5 8,4 10,4 11,4 12,5 12,8 10
1 4 5 8 10 11 12 13,0.0131895,34.4973,Yes,N/A,N/A,N/A,4,5,1 5,N/A,8,4 5,10,11,12,13,4 10,4 11,4 12,4 13,5 13
1 4 5 8 9,0.0592142,14.458,Yes,N/A,N/A,N/A,4,5,1 5,N/A,8,9,1 9,N/A,4 8,4 9,5 9,1 5 9,N/A,8 9,4 5 9
1 4 5 8 9 13,0.0216353,25.2235,Yes,N/A,N/A,N/A,4,5,1 5,N/A,8,9,1 9,N/A,4 8,13,5 9,1 5 9,N/A,4 13,5 13
1 4 5 8 9 12,0.0286569,22.9659,Yes,N/A,N/A,N/A,4,5,1 5,N/A,8,9,1 9,N/A,12,4 9,5 9,1 5 9,4 12,5 12,4 5 9
1 4 5 8 9 12 13,0.0120015,33.702,Yes,N/A,N/A,N/A,4,5,1 5,N/A,8,9,1 9,N/A,12,13,5 9,1 5 9,4 12,4 13,5 13
1 4 5 8 9 11,0.0470652,17.5395,Yes,N/A,N/A,N/A,4,5,1 5,N/A,8,9,1 9,11,4 8,4 9,5 9,4 11,5 11,8 9,4 5 9
1 4 5 8 9 11 13,0.020585,27.0001,Yes,N/A,N/A,N/A,4,5,1 5,N/A,8,9,1 9,11,4 8,13,5 9,4 11,5 11,4 13,5 13
1 4 5 8 9 11 12,0.0251214,25.6344,Yes,N/A,N/A,N/A,4,5,1 5,N/A,8,9,1 9,11,12,4 9,5 9,4 11,4 12,5 12,4 5 9
1 4 5 8 9 11 12 13,0.0123688,35.0112,Yes,N/A,N/A,N/A,4,5,1 5,N/A,8,9,1 9,11,12,13,5 9,4 11,4 12,4 13,5 13
1 4 5 8 9 10,0.0495965,17.2457,Yes,N/A,N/A,N/A,4,5,1 5,N/A,8,9,10,1 10,4 8,4 9,4 10,5 10,1 5 10,8 9,8 10
1 4 5 8 9 10 13,0.0204243,27.2996,Yes,N/A,N/A,N/A,4,5,1 5,N/A,8,9,10,1 10,4 8,13,4 10,5 10,1 5 10,4 13,5 13
1 4 5 8 9 10 12,0.0282529,24.4199,Yes,N/A,N/A,N/A,4,5,1 5,N/A,8,9,10,1 10,12,4 9,4 10,5 10,4 12,5 12,8 10
1 4 5 8 9 10 12 13,0.0130549,34.5459,Yes,N/A,N/A,N/A,4,5,1 5,N/A,8,9,10,1 10,12,13,4 10,5 10,4 12,4 13,5 13
1 4 5 8 9 10 11,0.0361962,21.9552,Yes,N/A,N/A,N/A,4,5,1 5,N/A,8,9,10,11,4 8,4 9,4 10,4 11,5 11,8 9,8 10
1 4 5 8 9 10 11 13,0.0178838,30.8481,Yes,N/A,N/A,N/A,4,5,1 5,N/A,8,9,10,11,4 8,13,4 10,4 11,5 11,4 13,5 13
1 4 5 8 9 10 11 12,0.0228548,28.6897,Yes,N/A,N/A,N/A,4,5,1 5,N/A,8,9,10,11,12,4 9,4 10,4 11,4 12,5 12,8 10
1 4 5 8 9 10 11 12 13,0.01246,37.5369,Yes,N/A,N/A,N/A,4,5,1 5,N/A,8,9,10,11,12,13,4 10,4 11,4 12,4 13,5 13
1 4 5 7,0.0841424,7.38494,Yes,N/A,N/A,N/A,4,5,1 5,7,1 7,4 5,1 4 5,4 7,5 7,1 5 7,N/A,N/A,4 5 7,1 4 5 7,N/A
1 4 5 7 13,0.0341974,16.1384,Yes,N/A,N/A,N/A,4,5,1 5,7,1 7,4 5,1 4 5,4 7,5 7,13,1 13,N/A,4 5 7,4 13,5 13
1 4 5 7 12,0.0412091,15.7862,Yes,N/A,N/A,N/A,4,5,1 5,7,1 7,4 5,1 4 5,4 7,12,1 12,N/A,N/A,4 12,5 12,1 5 12
1 4 5 7 12 13,0.0177203,24.6095,Yes,N/A,N/A,N/A,4,5,1 5,7,1 7,4 5,1 4 5,4 7,12,13,1 13,N/A,4 12,4 13,5 13
1 4 5 7 11,0.0522362,13.9966,Yes,N/A,N/A,N/A,4,5,1 5,7,1 7,4 5,1 4 5,11,5 7,1 5 7,N/A,4 11,5 11,1 5 11,7 11
1 4 5 7 11 13,0.0249281,21.5032,Yes,N/A,N/A,N/A,4,5,1 5,7,1 7,4 5,1 4 5,11,5 7,13,1 13,4 11,5 11,4 13,5 13
1 4 5 7 11 12,0.0259847,22.25,Yes,N/A,N/A,N/A,4,5,1 5,7,1 7,4 5,1 4 5,11,12,1 12,N/A,4 11,4 12,5 12,7 11
1 4 5 7 11 12 13,0.0132263,29.7339,Yes,N/A,N/A,N/A,4,5,1 5,7,1 7,4 5,1 4 5,11,12,13,1 13,4 11,4 12,4 13,5 13
1 4 5 7 10,0.07339,11.2421,Yes,N/A,N/A,N/A,4,5,1 5,7,1 7,4 5,10,4 7,5 7,1 5 7,4 10,5 10,4 5 7,7 10,1 7 10
1 4 5 7 10 13,0.0315659,19.7826,Yes,N/A,N/A,N/A,4,5,1 5,7,1 7,4 5,10,4 7,5 7,13,4 10,5 10,4 5 7,4 13,5 13
1 4 5 7 10 12,0.0399146,17.9061,Yes,N/A,N/A,N/A,4,5,1 5,7,1 7,4 5,10,4 7,12,1 12,4 10,5 10,4 12,5 12,1 5 12
1 4 5 7 10 12 13,0.0182598,26.7158,Yes,N/A,N/A,N/A,4,5,1 5,7,1 7,4 5,10,4 7,12,13,4 10,5 10,4 12,4 13,5 13
1 4 5 7 10 11,0.0442319,17.5367,Yes,N/A,N/A,N/A,4,5,1 5,7,1 7,4 5,10,11,5 7,1 5 7,4 10,4 11,5 11,7 10,7 11
1 4 5 7 10 11 13,0.0223825,25.0601,Yes,N/A,N/A,N/A,4,5,1 5,7,1 7,4 5,10,11,5 7,13,4 10,4 11,5 11,4 13,5 13
1 4 5 7 10 11 12,0.0250219,24.1709,Yes,N/A,N/A,N/A,4,5,1 5,7,1 7,4 5,10,11,12,1 12,4 10,4 11,4 12,5 12,7 11
1 4 5 7 10 11 12 13,0.0135491,31.9362,Yes,N/A,N/A,N/A,4,5,1 5,7,1 7,4 5,10,11,12,13,4 10,4 11,4 12,4 13,5 13
1 4 5 7 9,0.0836083,10.1585,Yes,N/A,N/A,N/A,4,5,1 5,7,1 7,9,1 9,4 7,5 7,4 9,5 9,1 5 9,7 9,1 7 9,4 5 9
1 4 5 7 9 13,0.0317144,19.6323,Yes,N/A,N/A,N/A,4,5,1 5,7,1 7,9,1 9,4 7,5 7,13,5 9,1 5 9,7 9,4 13,5 13
1 4 5 7 9 12,0.0403435,17.8653,Yes,N/A,N/A,N/A,4,5,1 5,7,1 7,9,1 9,4 7,12,4 9,5 9,1 5 9,4 12,5 12,4 5 9
1 4 5 7 9 12 13,0.0178767,27.0182,Yes,N/A,N/A,N/A,4,5,1 5,7,1 7,9,1 9,4 7,12,13,5 9,1 5 9,4 12,4 13,5 13
1 4 5 7 9 11,0.0521325,15.7941,Yes,N/A,N/A,N/A,4,5,1 5,7,1 7,9,1 9,11,5 7,4 9,5 9,4 11,5 11,1 5 11,7 11
1 4 5 7 9 11 13,0.0235151,24.3583,Yes,N/A,N/A,N/A,4,5,1 5,7,1 7,9,1 9,11,5 7,13,5 9,4 11,5 11,4 13,5 13
1 4 5 7 9 11 12,0.0263473,23.5535,Yes,N/A,N/A,N/A,4,5,1 5,7,1 7,9,1 9,11,12,4 9,5 9,4 11,4 12,5 12,7 11
1 4 5 7 9 11 12 13,0.0138001,31.6725,Yes,N/A,N/A,N/A,4,5,1 5,7,1 7,9,1 9,11,12,13,5 9,4 11,4 12,4 13,5 13
1 4 5 7 9 10,0.061863,14.4345,Yes,N/A,N/A,N/A,4,5,1 5,7,1 7,9,10,4 7,5 7,4 9,4 10,5 10,7 9,7 10,4 5 9
1 4 5 7 9 10 13,0.0266838,23.5271,Yes,N/A,N/A,N/A,4,5,1 5,7,1 7,9,10,4 7,5 7,13,4 10,5 10,7 9,4 13,5 13
1 4 5 7 9 10 12,0.0345123,20.684,Yes,N/A,N/A,N/A,4,5,1 5,7,1 7,9,10,4 7,12,4 9,4 10,5 10,4 12,5 12,4 5 9
1 4 5 7 9 10 12 13,0.0172816,29.3027,Yes,N/A,N/A,N/A,4,5,1 5,7,1 7,9,10,4 7,12,13,4 10,5 10,4 12,4 13,5 13
1 4 5 7 9 10 11,0.0408214,19.4374,Yes,N/A,N/A,N/A,4,5,1 5,7,1 7,9,10,11,5 7,4 9,4 10,4 11,5 11,7 10,7 11
1 4 5 7 9 10 11 13,0.0208026,27.5415,Yes,N/A,N/A,N/A,4,5,1 5,7,1 7,9,10,11,5 7,13,4 10,4 11,5 11,4 13,5 13
1 4 5 7 9 10 11 12,0.0242651,25.6138,Yes,N/A,N/A,N/A,4,5,1 5,7,1 7,9,10,11,12,4 9,4 10,4 11,4 12,5 12,7 11
1 4 5 7 9 10 11 12 13,0.014032,33.0341,Yes,N/A,N/A,N/A,4,5,1 5,7,1 7,9,10,11,12,13,4 10,4 11,4 12,4 13,5 13
1 4 5 7 8,0.0955774,9.8274,Yes,N/A,N/A,N/A,4,5,1 5,7,8,4 5,1 4 5,4 7,4 8,5 8,1 5 8,7 8,4 5 7,4 5 8,1 4 5 8
1 4 5 7 8 13,0.0367721,18.8986,Yes,N/A,N/A,N/A,4,5,1 5,7,8,4 5,1 4 5,4 7,4 8,13,1 13,7 8,4 5 7,4 13,5 13
1 4 5 7 8 12,0.0437273,17.6261,Yes,N/A,N/A,N/A,4,5,1 5,7,8,4 5,1 4 5,4 7,12,5 8,1 5 8,7 8,4 12,5 12,1 5 12
1 4 5 7 8 12 13,0.0193527,26.5446,Yes,N/A,N/A,N/A,4,5,1 5,7,8,4 5,1 4 5,4 7,12,13,1 13,7 8,4 12,4 13,5 13
1 4 5 7 8 11,0.0486222,16.3075,Yes,N/A,N/A,N/A,4,5,1 5,7,8,4 5,1 4 5,11,4 8,5 8,1 5 8,4 11,5 11,4 5 8,7 11
1 4 5 7 8 11 13,0.0239927,24.1344,Yes,N/A,N/A,N/A,4,5,1 5,7,8,4 5,1 4 5,11,4 8,13,1 13,4 11,5 11,4 13,5 13
1 4 5 7 8 11 12,0.0252027,23.9523,Yes,N/A,N/A,N/A,4,5,1 5,7,8,4 5,1 4 5,11,12,5 8,1 5 8,4 11,4 12,5 12,7 11
1 4 5 7 8 11 12 13,0.0138033,31.5979,Yes,N/A,N/A,N/A,4,5,1 5,7,8,4 5,1 4 5,11,12,13,1 13,4 11,4 12,4 13,5 13
1 4 5 7 8 10,0.0690599,13.1349,Yes,N/A,N/A,N/A,4,5,1 5,7,8,4 5,10,4 7,4 8,5 8,4 10,5 10,4 5 7,7 10,8 10
1 4 5 7 8 10 13,0.0305936,21.4723,Yes,N/A,N/A,N/A,4,5,1 5,7,8,4 5,10,4 7,4 8,13,4 10,5 10,4 5 7,4 13,5 13
1 4 5 7 8 10 12,0.0380953,19.5333,Yes,N/A,N/A,N/A,4,5,1 5,7,8,4 5,10,4 7,12,5 8,4 10,5 10,4 12,5 12,8 10
1 4 5 7 8 10 12 13,0.0187236,27.7644,Yes,N/A,N/A,N/A,4,5,1 5,7,8,4 5,10,4 7,12,13,4 10,5 10,4 12,4 13,5 13
1 4 5 7 8 10 11,0.0418434,18.8425,Yes,N/A,N/A,N/A,4,5,1 5,7,8,4 5,10,11,4 8,5 8,4 10,4 11,5 11,7 10,7 11
1 4 5 7 8 10 11 13,0.0223692,25.8799,Yes,N/A,N/A,N/A,4,5,1 5,7,8,4 5,10,11,4 8,13,4 10,4 11,5 11,4 13,5 13
1 4 5 7 8 10 11 12,0.0252258,25.082,Yes,N/A,N/A,N/A,4,5,1 5,7,8,4 5,10,11,12,5 8,4 10,4 11,4 12,5 12,7 11
1 4 5 7 8 10 11 12 13,0.0146852,32.0132,Yes,N/A,N/A,N/A,4,5,1 5,7,8,4 5,10,11,12,13,4 10,4 11,4 12,4 13,5 13
1 4 5 7 8 9,0.0716984,12.4204,Yes,N/A,N/A,N/A,4,5,1 5,7,8,9,1 9,4 7,4 8,4 9,5 9,7 8,7 9,8 9,4 5 9
1 4 5 7 8 9 13,0.0299958,21.6522,Yes,N/A,N/A,N/A,4,5,1 5,7,8,9,1 9,4 7,4 8,13,5 9,7 8,7 9,4 13,5 13
1 4 5 7 8 9 12,0.036754,19.9887,Yes,N/A,N/A,N/A,4,5,1 5,7,8,9,1 9,4 7,12,4 9,5 9,7 8,4 12,5 12,4 5 9
1 4 5 7 8 9 12 13,0.0177842,28.8396,Yes,N/A,N/A,N/A,4,5,1 5,7,8,9,1 9,4 7,12,13,5 9,7 8,4 12,4 13,5 13
1 4 5 7 8 9 11,0.0454085,17.5414,Yes,N/A,N/A,N/A,4,5,1 5,7,8,9,1 9,11,4 8,4 9,5 9,4 11,5 11,8 9,7 11
1 4 5 7 8 9 11 13,0.0228498,25.6758,Yes,N/A,N/A,N/A,4,5,1 5,7,8,9,1 9,11,4 8,13,5 9,4 11,5 11,4 13,5 13
1 4 5 7 8 9 11 12,0.025451,25.0042,Yes,N/A,N/A,N/A,4,5,1 5,7,8,9,1 9,11,12,4 9,5 9,4 11,4 12,5 12,7 11
1 4 5 7 8 9 11 12 13,0.0144292,32.7677,Yes,N/A,N/A,N/A,4,5,1 5,7,8,9,1 9,11,12,13,5 9,4 11,4 12,4 13,5 13
1 4 5 7 8 9 10,0.0550676,15.5257,Yes,N/A,N/A,N/A,4,5,1 5,7,8,9,10,4 7,4 8,4 9,4 10,5 10,7 9,7 10,8 10
1 4 5 7 8 9 10 13,0.0266005,23.9761,Yes,N/A,N/A,N/A,4,5,1 5,7,8,9,10,4 7,4 8,13,4 10,5 10,7 9,4 13,5 13
1 4 5 7 8 9 10 12,0.0327119,21.7573,Yes,N/A,N/A,N/A,4,5,1 5,7,8,9,10,4 7,12,4 9,4 10,5 10,4 12,5 12,8 10
1 4 5 7 8 9 10 12 13,0.017801,29.7769,Yes,N/A,N/A,N/A,4,5,1 5,7,8,9,10,4 7,12,13,4 10,5 10,4 12,4 13,5 13
1 4 5 7 8 9 10 11,0.0384902,19.9066,Yes,N/A,N/A,N/A,4,5,1 5,7,8,9,10,11,4 8,4 9,4 10,4 11,5 11,7 10,7 11
1 4 5 7 8 9 10 11 13,0.0216425,27.0868,Yes,N/A,N/A,N/A,4,5,1 5,7,8,9,10,11,4 8,13,4 10,4 11,5 11,4 13,5 13
1 4 5 7 8 9 10 11 12,0.0249023,25.6893,Yes,N/A,N/A,N/A,4,5,1 5,7,8,9,10,11,12,4 9,4 10,4 11,4 12,5 12,7 11
1 4 5 7 8 9 10 11 12 13,0.015498,32.3848,Yes,N/A,N/A,N/A,4,5,1 5,7,8,9,10,11,12,13,4 10,4 11,4 12,4 13,5 13
1 2 4 5,0.147109,5.07675,Yes,N/A,2,1 2,4,5,2 4,2 5,1 2 5,4 5,1 4 5,2 4 5,1 2 4 5,N/A,N/A,N/A,N/A,N/A,N/A
2 4 5,0.129501,7.59677,Yes,N/A,2,N/A,4,5,2 4,2 5,N/A,4 5,N/A,2 4 5,N/A,N/A,N/A,N/A,N/A,N/A,N/A
1 2 4 5 13,0.0717762,11.6088,Yes,N/A,2,1 2,4,5,2 4,2 5,1 2 5,4 5,1 4 5,2 4 5,1 2 4 5,13,1 13,2 13,1 2 13,4 13,5 13
1 2 4 5 12,0.0874121,10.0158,Yes,N/A,2,1 2,4,5,2 4,2 5,1 2 5,4 5,1 4 5,2 4 5,12,1 12,2 12,1 2 12,4 12,5 12,2 4 12
1 2 4 5 12 13,0.0371489,19.2714,Yes,N/A,2,1 2,4,5,2 4,2 5,1 2 5,4 5,1 4 5,2 4 5,12,13,2 12,2 13,4 12,4 13,5 13
2 4 5 13,0.0387999,17.2699,Yes,N/A,2,N/A,4,5,2 4,2 5,N/A,4 5,N/A,2 4 5,N/A,13,N/A,2 13,N/A,4 13,5 13
1 2 4 5 11,0.097959,8.80837,Yes,N/A,2,1 2,4,5,2 4,2 5,1 2 5,4 5,1 4 5,11,1 11,2 11,1 2 11,4 11,5 11,2 4 11,2 5 11
2 4 5 11,0.0499453,14.5997,Yes,N/A,2,N/A,4,5,2 4,2 5,N/A,4 5,N/A,11,N/A,2 11,N/A,4 11,5 11,2 4 11,2 5 11
1 2 4 5 11 13,0.0426809,17.3002,Yes,N/A,2,1 2,4,5,2 4,2 5,1 2 5,4 5,1 4 5,11,1 11,13,1 13,2 13,5 11,4 13,5 13
1 2 4 5 11 12,0.0536523,15.7913,Yes,N/A,2,1 2,4,5,2 4,2 5,1 2 5,4 5,1 4 5,11,12,2 11,2 12,4 11,4 12,5 12,2 4 12
1 2 4 5 11 12 13,0.0255884,24.7471,Yes,N/A,2,1 2,4,5,2 4,2 5,1 2 5,4 5,1 4 5,11,12,13,2 12,2 13,4 12,4 13,5 13
1 2 4 5 10,0.108772,7.91311,Yes,N/A,2,1 2,4,5,2 4,2 5,1 2 5,4 5,10,2 4 5,2 10,1 2 10,4 10,5 10,2 4 10,2 5 10,1 2 5 10
1 2 4 5 10 13,0.049273,16.0778,Yes,N/A,2,1 2,4,5,2 4,2 5,1 2 5,4 5,10,2 4 5,2 10,13,4 10,2 13,2 4 10,4 13,5 13
2 4 5 10,0.0758584,11.0985,Yes,N/A,2,N/A,4,5,2 4,2 5,N/A,4 5,10,2 4 5,2 10,N/A,4 10,5 10,2 4 10,2 5 10,N/A
1 2 4 5 10 12,0.0620418,13.9705,Yes,N/A,2,1 2,4,5,2 4,2 5,1 2 5,4 5,10,2 4 5,12,1 12,2 12,5 10,4 12,5 12,2 4 12
1 2 4 5 10 12 13,0.029955,22.8349,Yes,N/A,2,1 2,4,5,2 4,2 5,1 2 5,4 5,10,2 4 5,12,13,2 12,2 13,4 12,4 13,5 13
1 2 4 5 10 11,0.0671013,12.9732,Yes,N/A,2,1 2,4,5,2 4,2 5,1 2 5,4 5,10,11,2 10,2 11,4 10,4 11,5 11,2 4 11,2 5 11
1 2 4 5 10 11 13,0.033988,21.0292,Yes,N/A,2,1 2,4,5,2 4,2 5,1 2 5,4 5,10,11,2 10,13,4 10,2 13,5 11,4 13,5 13
1 2 4 5 10 11 12,0.0411944,19.5619,Yes,N/A,2,1 2,4,5,2 4,2 5,1 2 5,4 5,10,11,12,2 11,2 12,4 11,4 12,5 12,2 4 12
1 2 4 5 10 11 12 13,0.0225174,27.9505,Yes,N/A,2,1 2,4,5,2 4,2 5,1 2 5,4 5,10,11,12,13,2 12,2 13,4 12,4 13,5 13
2 4 5 12,0.0521351,15.1918,Yes,N/A,2,N/A,4,5,2 4,2 5,N/A,4 5,N/A,2 4 5,12,N/A,2 12,N/A,4 12,5 12,2 4 12
2 4 5 12 13,0.020272,23.8279,Yes,N/A,2,N/A,4,5,2 4,2 5,N/A,4 5,N/A,2 4 5,12,13,2 12,2 13,4 12,4 13,5 13
2 4 5 11 13,0.0161733,25.8679,Yes,N/A,2,N/A,4,5,2 4,2 5,N/A,4 5,N/A,11,N/A,13,N/A,2 13,5 11,4 13,5 13
2 4 5 11 12,0.0269514,21.1879,Yes,N/A,2,N/A,4,5,2 4,2 5,N/A,4 5,N/A,11,12,2 11,2 12,4 11,4 12,5 12,2 4 12
2 4 5 11 12 13,0.0114897,31.4949,Yes,N/A,2,N/A,4,5,2 4,2 5,N/A,4 5,N/A,11,12,13,2 12,2 13,4 12,4 13,5 13
1 2 4 5 9,0.107741,7.31016,Yes,N/A,2,1 2,4,5,2 4,2 5,1 2 5,9,1 9,2 9,1 2 9,4 9,5 9,2 4 9,2 5 9,1 2 5 9,4 5 9
1 2 4 5 9 13,0.0436624,16.0251,Yes,N/A,2,1 2,4,5,2 4,2 5,1 2 5,9,1 9,2 9,1 2 9,13,5 9,2 13,2 5 9,4 13,5 13
1 2 4 5 9 12,0.0595971,13.4882,Yes,N/A,2,1 2,4,5,2 4,2 5,1 2 5,9,1 9,2 9,12,4 9,2 12,2 4 9,4 12,5 12,2 4 12
1 2 4 5 9 12 13,0.0281096,22.2452,Yes,N/A,2,1 2,4,5,2 4,2 5,1 2 5,9,1 9,2 9,12,13,2 12,2 13,4 12,4 13,5 13
2 4 5 9,0.0540641,12.0593,Yes,N/A,2,N/A,4,5,2 4,2 5,N/A,9,N/A,2 9,N/A,4 9,5 9,2 4 9,2 5 9,N/A,4 5 9
2 4 5 9 13,0.0185142,22.8074,Yes,N/A,2,N/A,4,5,2 4,2 5,N/A,9,N/A,2 9,N/A,13,5 9,2 13,2 5 9,4 13,5 13
1 2 4 5 9 11,0.0658477,11.8882,Yes,N/A,2,1 2,4,5,2 4,2 5,1 2 5,9,1 9,11,1 11,2 11,5 9,4 11,5 11,2 4 11,2 5 11
1 2 4 5 9 11 13,0.0308153,20.7564,Yes,N/A,2,1 2,4,5,2 4,2 5,1 2 5,9,1 9,11,1 11,13,5 9,2 13,5 11,4 13,5 13
1 2 4 5 9 11 12,0.0418208,18.0791,Yes,N/A,2,1 2,4,5,2 4,2 5,1 2 5,9,1 9,11,12,2 11,2 12,4 11,4 12,5 12,2 4 12
1 2 4 5 9 11 12 13,0.0219659,26.6668,Yes,N/A,2,1 2,4,5,2 4,2 5,1 2 5,9,1 9,11,12,13,2 12,2 13,4 12,4 13,5 13
1 2 4 5 9 10,0.0731567,11.009,Yes,N/A,2,1 2,4,5,2 4,2 5,1 2 5,9,10,2 9,2 10,4 9,4 10,5 10,2 4 10,2 5 10,4 5 9
1 2 4 5 9 10 13,0.0344861,19.9029,Yes,N/A,2,1 2,4,5,2 4,2 5,1 2 5,9,10,2 9,2 10,13,4 10,2 13,2 4 10,4 13,5 13
1 2 4 5 9 10 12,0.047329,16.778,Yes,N/A,2,1 2,4,5,2 4,2 5,1 2 5,9,10,2 9,12,4 9,2 12,5 10,4 12,5 12,2 4 12
1 2 4 5 9 10 12 13,0.0245208,25.5428,Yes,N/A,2,1 2,4,5,2 4,2 5,1 2 5,9,10,2 9,12,13,2 12,2 13,4 12,4 13,5 13
1 2 4 5 9 10 11,0.0526415,15.7143,Yes,N/A,2,1 2,4,5,2 4,2 5,1 2 5,9,10,11,2 10,2 11,4 10,4 11,5 11,2 4 11,2 5 11
1 2 4 5 9 10 11 13,0.0280011,23.7991,Yes,N/A,2,1 2,4,5,2 4,2 5,1 2 5,9,10,11,2 10,13,4 10,2 13,5 11,4 13,5 13
1 2 4 5 9 10 11 12,0.0356775,21.588,Yes,N/A,2,1 2,4,5,2 4,2 5,1 2 5,9,10,11,12,2 11,2 12,4 11,4 12,5 12,2 4 12
1 2 4 5 9 10 11 12 13,0.0206228,29.5899,Yes,N/A,2,1 2,4,5,2 4,2 5,1 2 5,9,10,11,12,13,2 12,2 13,4 12,4 13,5 13
1 2 4 5 8,0.109081,6.41316,Yes,N/A,2,1 2,4,5,2 4,2 5,8,4 5,2 8,2 4 5,4 8,5 8,2 4 8,2 5 8,1 2 5 8,4 5 8,1 4 5 8
1 2 4 5 8 13,0.0524149,14.4183,Yes,N/A,2,1 2,4,5,2 4,2 5,8,4 5,2 8,2 4 5,4 8,13,2 4 8,2 13,1 2 13,4 13,5 13
1 2 4 5 8 12,0.0653068,12.4133,Yes,N/A,2,1 2,4,5,2 4,2 5,8,4 5,2 8,2 4 5,12,5 8,2 12,2 5 8,4 12,5 12,2 4 12
1 2 4 5 8 12 13,0.0326525,21.0286,Yes,N/A,2,1 2,4,5,2 4,2 5,8,4 5,2 8,2 4 5,12,13,2 12,2 13,4 12,4 13,5 13
1 2 4 5 8 11,0.0774883,10.5266,Yes,N/A,2,1 2,4,5,2 4,2 5,8,4 5,2 8,11,4 8,2 11,2 4 8,4 11,5 11,2 4 11,2 5 11
1 2 4 5 8 11 13,0.0393551,18.3969,Yes,N/A,2,1 2,4,5,2 4,2 5,8,4 5,2 8,11,4 8,13,2 4 8,2 13,5 11,4 13,5 13
1 2 4 5 8 11 12,0.0492167,16.7352,Yes,N/A,2,1 2,4,5,2 4,2 5,8,4 5,2 8,11,12,2 11,2 12,4 11,4 12,5 12,2 4 12
1 2 4 5 8 11 12 13,0.0267945,24.6276,Yes,N/A,2,1 2,4,5,2 4,2 5,8,4 5,2 8,11,12,13,2 12,2 13,4 12,4 13,5 13
1 2 4 5 8 10,0.083791,9.51519,Yes,N/A,2,1 2,4,5,2 4,2 5,8,4 5,10,2 4 5,2 10,5 8,4 10,5 10,2 4 10,2 5 10,8 10
1 2 4 5 8 10 13,0.0425484,17.6874,Yes,N/A,2,1 2,4,5,2 4,2 5,8,4 5,10,2 4 5,2 10,13,4 10,2 13,2 4 10,4 13,5 13
1 2 4 5 8 10 12,0.0533015,15.4199,Yes,N/A,2,1 2,4,5,2 4,2 5,8,4 5,10,2 4 5,12,5 8,2 12,5 10,4 12,5 12,2 4 12
1 2 4 5 8 10 12 13,0.0290192,23.4114,Yes,N/A,2,1 2,4,5,2 4,2 5,8,4 5,10,2 4 5,12,13,2 12,2 13,4 12,4 13,5 13
1 2 4 5 8 10 11,0.0646739,13.43,Yes,N/A,2,1 2,4,5,2 4,2 5,8,4 5,10,11,2 10,2 11,4 10,4 11,5 11,2 4 11,2 5 11
1 2 4 5 8 10 11 13,0.0351091,20.9927,Yes,N/A,2,1 2,4,5,2 4,2 5,8,4 5,10,11,2 10,13,4 10,2 13,5 11,4 13,5 13
1 2 4 5 8 10 11 12,0.0428036,19.3714,Yes,N/A,2,1 2,4,5,2 4,2 5,8,4 5,10,11,12,2 11,2 12,4 11,4 12,5 12,2 4 12
1 2 4 5 8 10 11 12 13,0.0251866,26.7767,Yes,N/A,2,1 2,4,5,2 4,2 5,8,4 5,10,11,12,13,2 12,2 13,4 12,4 13,5 13
1 2 4 5 8 9,0.0855499,8.74986,Yes,N/A,2,1 2,4,5,2 4,2 5,8,9,2 8,2 9,4 8,4 9,5 9,2 4 9,2 5 9,8 9,4 5 9
1 2 4 5 8 9 13,0.0416674,17.2755,Yes,N/A,2,1 2,4,5,2 4,2 5,8,9,2 8,2 9,4 8,13,5 9,2 13,2 5 9,4 13,5 13
1 2 4 5 8 9 12,0.0527822,15.3535,Yes,N/A,2,1 2,4,5,2 4,2 5,8,9,2 8,2 9,12,4 9,2 12,2 4 9,4 12,5 12,2 4 12
1 2 4 5 8 9 12 13,0.0271088,24.1379,Yes,N/A,2,1 2,4,5,2 4,2 5,8,9,2 8,2 9,12,13,2 12,2 13,4 12,4 13,5 13
1 2 4 5 8 9 11,0.0660726,12.6626,Yes,N/A,2,1 2,4,5,2 4,2 5,8,9,2 8,11,4 8,2 11,5 9,4 11,5 11,2 4 11,2 5 11
1 2 4 5 8 9 11 13,0.035199,20.3759,Yes,N/A,2,1 2,4,5,2 4,2 5,8,9,2 8,11,4 8,13,5 9,2 13,5 11,4 13,5 13
1 2 4 5 8 9 11 12,0.0426208,19.016,Yes,N/A,2,1 2,4,5,2 4,2 5,8,9,2 8,11,12,2 11,2 12,4 11,4 12,5 12,2 4 12
1 2 4 5 8 9 11 12 13,0.0245273,26.5059,Yes,N/A,2,1 2,4,5,2 4,2 5,8,9,2 8,11,12,13,2 12,2 13,4 12,4 13,5 13
1 2 4 5 8 9 10,0.0736799,11.8572,Yes,N/A,2,1 2,4,5,2 4,2 5,8,9,10,2 9,2 10,4 9,4 10,5 10,2 4 10,2 5 10,8 10
1 2 4 5 8 9 10 13,0.036645,20.3406,Yes,N/A,2,1 2,4,5,2 4,2 5,8,9,10,2 9,2 10,13,4 10,2 13,2 4 10,4 13,5 13
1 2 4 5 8 9 10 12,0.0488821,17.1979,Yes,N/A,2,1 2,4,5,2 4,2 5,8,9,10,2 9,12,4 9,2 12,5 10,4 12,5 12,2 4 12
1 2 4 5 8 9 10 12 13,0.0266999,25.3179,Yes,N/A,2,1 2,4,5,2 4,2 5,8,9,10,2 9,12,13,2 12,2 13,4 12,4 13,5 13
1 2 4 5 8 9 10 11,0.0562979,15.7579,Yes,N/A,2,1 2,4,5,2 4,2 5,8,9,10,11,2 10,2 11,4 10,4 11,5 11,2 4 11,2 5 11
1 2 4 5 8 9 10 11 13,0.0321097,22.929,Yes,N/A,2,1 2,4,5,2 4,2 5,8,9,10,11,2 10,13,4 10,2 13,5 11,4 13,5 13
1 2 4 5 8 9 10 11 12,0.0391243,21.091,Yes,N/A,2,1 2,4,5,2 4,2 5,8,9,10,11,12,2 11,2 12,4 11,4 12,5 12,2 4 12
1 2 4 5 8 9 10 11 12 13,0.0243606,27.8693,Yes,N/A,2,1 2,4,5,2 4,2 5,8,9,10,11,12,13,2 12,2 13,4 12,4 13,5 13
2 4 5 10 13,0.0282056,19.8175,Yes,N/A,2,N/A,4,5,2 4,2 5,N/A,4 5,10,2 4 5,2 10,13,4 10,2 13,2 4 10,4 13,5 13
2 4 5 10 12,0.0307405,20.1079,Yes,N/A,2,N/A,4,5,2 4,2 5,N/A,4 5,10,2 4 5,12,N/A,2 12,5 10,4 12,5 12,2 4 12
2 4 5 10 12 13,0.0149259,27.9527,Yes,N/A,2,N/A,4,5,2 4,2 5,N/A,4 5,10,2 4 5,12,13,2 12,2 13,4 12,4 13,5 13
2 4 5 10 11,0.0395573,16.8523,Yes,N/A,2,N/A,4,5,2 4,2 5,N/A,4 5,10,11,2 10,2 11,4 10,4 11,5 11,2 4 11,2 5 11
2 4 5 10 11 13,0.0169451,26.6418,Yes,N/A,2,N/A,4,5,2 4,2 5,N/A,4 5,10,11,2 10,13,4 10,2 13,5 11,4 13,5 13
2 4 5 10 11 12,0.0216057,24.7791,Yes,N/A,2,N/A,4,5,2 4,2 5,N/A,4 5,10,11,12,2 11,2 12,4 11,4 12,5 12,2 4 12
2 4 5 10 11 12 13,0.0108768,33.9155,Yes,N/A,2,N/A,4,5,2 4,2 5,N/A,4 5,10,11,12,13,2 12,2 13,4 12,4 13,5 13
2 4 5 9 12,0.027644,19.4458,Yes,N/A,2,N/A,4,5,2 4,2 5,N/A,9,N/A,2 9,12,4 9,2 12,2 4 9,4 12,5 12,2 4 12
2 4 5 9 12 13,0.0120073,29.7283,Yes,N/A,2,N/A,4,5,2 4,2 5,N/A,9,N/A,2 9,12,13,2 12,2 13,4 12,4 13,5 13
2 4 5 9 11,0.0275212,20.1707,Yes,N/A,2,N/A,4,5,2 4,2 5,N/A,9,N/A,11,N/A,2 11,5 9,4 11,5 11,2 4 11,2 5 11
2 4 5 9 11 13,0.0109216,31.4198,Yes,N/A,2,N/A,4,5,2 4,2 5,N/A,9,N/A,11,N/A,13,5 9,2 13,5 11,4 13,5 13
2 4 5 9 11 12,0.0176411,26.8635,Yes,N/A,2,N/A,4,5,2 4,2 5,N/A,9,N/A,11,12,2 11,2 12,4 11,4 12,5 12,2 4 12
2 4 5 9 11 12 13,0.00835027,37.3047,Yes,N/A,2,N/A,4,5,2 4,2 5,N/A,9,N/A,11,12,13,2 12,2 13,4 12,4 13,5 13
2 4 5 9 10,0.0435911,15.0031,Yes,N/A,2,N/A,4,5,2 4,2 5,N/A,9,10,2 9,2 10,4 9,4 10,5 10,2 4 10,2 5 10,4 5 9
2 4 5 9 10 13,0.0183023,24.8715,Yes,N/A,2,N/A,4,5,2 4,2 5,N/A,9,10,2 9,2 10,13,4 10,2 13,2 4 10,4 13,5 13
2 4 5 9 10 12,0.0245802,22.8846,Yes,N/A,2,N/A,4,5,2 4,2 5,N/A,9,10,2 9,12,4 9,2 12,5 10,4 12,5 12,2 4 12
2 4 5 9 10 12 13,0.0117585,32.1438,Yes,N/A,2,N/A,4,5,2 4,2 5,N/A,9,10,2 9,12,13,2 12,2 13,4 12,4 13,5 13
2 4 5 9 10 11,0.0285022,21.6686,Yes,N/A,2,N/A,4,5,2 4,2 5,N/A,9,10,11,2 10,2 11,4 10,4 11,5 11,2 4 11,2 5 11
2 4 5 9 10 11 13,0.0131154,31.4503,Yes,N/A,2,N/A,4,5,2 4,2 5,N/A,9,10,11,2 10,13,4 10,2 13,5 11,4 13,5 13
2 4 5 9 10 11 12,0.0174226,28.9116,Yes,N/A,2,N/A,4,5,2 4,2 5,N/A,9,10,11,12,2 11,2 12,4 11,4 12,5 12,2 4 12
2 4 5 9 10 11 12 13,0.00926064,38.0302,Yes,N/A,2,N/A,4,5,2 4,2 5,N/A,9,10,11,12,13,2 12,2 13,4 12,4 13,5 13
1 2 4 5 7,0.0961013,6.21314,Yes,N/A,2,1 2,4,5,2 4,7,1 7,2 7,1 2 7,4 7,5 7,2 4 7,2 5 7,1 2 5 7,4 5 7,1 4 5 7,2 4 5 7
1 2 4 5 7 13,0.0453762,14.41,Yes,N/A,2,1 2,4,5,2 4,7,1 7,2 7,1 2 7,4 7,5 7,13,2 5 7,2 13,4 5 7,4 13,5 13
1 2 4 5 7 12,0.0586499,12.5325,Yes,N/A,2,1 2,4,5,2 4,7,1 7,2 7,1 2 7,4 7,12,2 4 7,2 12,1 2 12,4 12,5 12,2 4 12
1 2 4 5 7 12 13,0.0294835,20.7935,Yes,N/A,2,1 2,4,5,2 4,7,1 7,2 7,1 2 7,4 7,12,13,2 12,2 13,4 12,4 13,5 13
1 2 4 5 7 11,0.0685049,10.7691,Yes,N/A,2,1 2,4,5,2 4,7,1 7,2 7,1 2 7,11,5 7,2 11,2 5 7,4 11,5 11,2 4 11,7 11
1 2 4 5 7 11 13,0.0332085,19.3777,Yes,N/A,2,1 2,4,5,2 4,7,1 7,2 7,1 2 7,11,5 7,13,2 5 7,2 13,5 11,4 13,5 13
1 2 4 5 7 11 12,0.0432908,17.2438,Yes,N/A,2,1 2,4,5,2 4,7,1 7,2 7,1 2 7,11,12,2 11,2 12,4 11,4 12,5 12,2 4 12
1 2 4 5 7 11 12 13,0.0228613,25.4252,Yes,N/A,2,1 2,4,5,2 4,7,1 7,2 7,1 2 7,11,12,13,2 12,2 13,4 12,4 13,5 13
1 2 4 5 7 10,0.0836141,8.94318,Yes,N/A,2,1 2,4,5,2 4,7,1 7,2 7,10,4 7,2 10,2 4 7,4 10,5 10,2 4 10,7 10,2 4 5 7
1 2 4 5 7 10 13,0.0428709,16.4208,Yes,N/A,2,1 2,4,5,2 4,7,1 7,2 7,10,4 7,2 10,13,4 10,2 13,2 4 10,4 13,5 13
1 2 4 5 7 10 12,0.0527759,14.9958,Yes,N/A,2,1 2,4,5,2 4,7,1 7,2 7,10,4 7,12,2 4 7,2 12,5 10,4 12,5 12,2 4 12
1 2 4 5 7 10 12 13,0.0291873,22.3355,Yes,N/A,2,1 2,4,5,2 4,7,1 7,2 7,10,4 7,12,13,2 12,2 13,4 12,4 13,5 13
1 2 4 5 7 10 11,0.0631903,13.2004,Yes,N/A,2,1 2,4,5,2 4,7,1 7,2 7,10,11,2 10,2 11,4 10,4 11,5 11,2 4 11,7 11
1 2 4 5 7 10 11 13,0.0334989,20.7087,Yes,N/A,2,1 2,4,5,2 4,7,1 7,2 7,10,11,2 10,13,4 10,2 13,5 11,4 13,5 13
1 2 4 5 7 10 11 12,0.0411255,19.0821,Yes,N/A,2,1 2,4,5,2 4,7,1 7,2 7,10,11,12,2 11,2 12,4 11,4 12,5 12,2 4 12
1 2 4 5 7 10 11 12 13,0.0237672,26.5151,Yes,N/A,2,1 2,4,5,2 4,7,1 7,2 7,10,11,12,13,2 12,2 13,4 12,4 13,5 13
2 4 5 7,0.0544383,9.67965,Yes,N/A,2,N/A,4,5,2 4,7,N/A,2 7,N/A,4 7,5 7,2 4 7,2 5 7,N/A,4 5 7,N/A,2 4 5 7
2 4 5 7 13,0.0227708,19.2834,Yes,N/A,2,N/A,4,5,2 4,7,N/A,2 7,N/A,4 7,5 7,13,2 5 7,2 13,4 5 7,4 13,5 13
2 4 5 7 12,0.028298,18.6923,Yes,N/A,2,N/A,4,5,2 4,7,N/A,2 7,N/A,4 7,12,2 4 7,2 12,N/A,4 12,5 12,2 4 12
2 4 5 7 12 13,0.0133068,27.8539,Yes,N/A,2,N/A,4,5,2 4,7,N/A,2 7,N/A,4 7,12,13,2 12,2 13,4 12,4 13,5 13
2 4 5 7 11,0.0384682,16.4913,Yes,N/A,2,N/A,4,5,2 4,7,N/A,2 7,N/A,11,5 7,2 11,2 5 7,4 11,5 11,2 4 11,7 11
2 4 5 7 11 13,0.0150105,27.1765,Yes,N/A,2,N/A,4,5,2 4,7,N/A,2 7,N/A,11,5 7,13,2 5 7,2 13,5 11,4 13,5 13
2 4 5 7 11 12,0.0198445,25.4192,Yes,N/A,2,N/A,4,5,2 4,7,N/A,2 7,N/A,11,12,2 11,2 12,4 11,4 12,5 12,2 4 12
2 4 5 7 11 12 13,0.00936457,35.4436,Yes,N/A,2,N/A,4,5,2 4,7,N/A,2 7,N/A,11,12,13,2 12,2 13,4 12,4 13,5 13
1 2 4 5 7 9,0.0878986,7.76473,Yes,N/A,2,1 2,4,5,2 4,7,1 7,9,1 9,2 9,5 7,4 9,5 9,2 4 9,7 9,1 7 9,2 7 9
1 2 4 5 7 9 13,0.0443053,15.5959,Yes,N/A,2,1 2,4,5,2 4,7,1 7,9,1 9,2 9,5 7,13,5 9,2 13,7 9,4 13,5 13
1 2 4 5 7 9 12,0.0532653,14.5419,Yes,N/A,2,1 2,4,5,2 4,7,1 7,9,1 9,2 9,12,4 9,2 12,2 4 9,4 12,5 12,2 4 12
1 2 4 5 7 9 12 13,0.0287561,22.0958,Yes,N/A,2,1 2,4,5,2 4,7,1 7,9,1 9,2 9,12,13,2 12,2 13,4 12,4 13,5 13
1 2 4 5 7 9 11,0.0660807,12.406,Yes,N/A,2,1 2,4,5,2 4,7,1 7,9,1 9,11,5 7,2 11,5 9,4 11,5 11,2 4 11,7 11
1 2 4 5 7 9 11 13,0.0332274,20.8805,Yes,N/A,2,1 2,4,5,2 4,7,1 7,9,1 9,11,5 7,13,5 9,2 13,5 11,4 13,5 13
1 2 4 5 7 9 11 12,0.0417459,18.631,Yes,N/A,2,1 2,4,5,2 4,7,1 7,9,1 9,11,12,2 11,2 12,4 11,4 12,5 12,2 4 12
1 2 4 5 7 9 11 12 13,0.0234152,26.532,Yes,N/A,2,1 2,4,5,2 4,7,1 7,9,1 9,11,12,13,2 12,2 13,4 12,4 13,5 13
1 2 4 5 7 9 10,0.0792213,10.4804,Yes,N/A,2,1 2,4,5,2 4,7,1 7,9,10,2 9,2 10,4 9,4 10,5 10,2 4 10,7 10,2 7 9
1 2 4 5 7 9 10 13,0.0408682,18.1236,Yes,N/A,2,1 2,4,5,2 4,7,1 7,9,10,2 9,2 10,13,4 10,2 13,2 4 10,4 13,5 13
1 2 4 5 7 9 10 12,0.0507421,16.1939,Yes,N/A,2,1 2,4,5,2 4,7,1 7,9,10,2 9,12,4 9,2 12,5 10,4 12,5 12,2 4 12
1 2 4 5 7 9 10 12 13,0.0286359,23.4472,Yes,N/A,2,1 2,4,5,2 4,7,1 7,9,10,2 9,12,13,2 12,2 13,4 12,4 13,5 13
1 2 4 5 7 9 10 11,0.0587552,14.751,Yes,N/A,2,1 2,4,5,2 4,7,1 7,9,10,11,2 10,2 11,4 10,4 11,5 11,2 4 11,7 11
1 2 4 5 7 9 10 11 13,0.0328837,22.0397,Yes,N/A,2,1 2,4,5,2 4,7,1 7,9,10,11,2 10,13,4 10,2 13,5 11,4 13,5 13
1 2 4 5 7 9 10 11 12,0.0398917,20.0248,Yes,N/A,2,1 2,4,5,2 4,7,1 7,9,10,11,12,2 11,2 12,4 11,4 12,5 12,2 4 12
1 2 4 5 7 9 10 11 12 13,0.0245144,26.8771,Yes,N/A,2,1 2,4,5,2 4,7,1 7,9,10,11,12,13,2 12,2 13,4 12,4 13,5 13
1 2 4 5 7 8,0.0983256,7.14765,Yes,N/A,2,1 2,4,5,2 4,7,8,2 7,2 8,4 7,4 8,5 8,2 4 8,7 8,4 5 7,2 7 8,2 4 5 7
1 2 4 5 7 8 13,0.0480927,15.4577,Yes,N/A,2,1 2,4,5,2 4,7,8,2 7,2 8,4 7,4 8,13,2 4 8,2 13,4 5 7,4 13,5 13
1 2 4 5 7 8 12,0.0637549,12.9104,Yes,N/A,2,1 2,4,5,2 4,7,8,2 7,2 8,4 7,12,5 8,2 12,7 8,4 12,5 12,2 4 12
1 2 4 5 7 8 12 13,0.0321513,21.2241,Yes,N/A,2,1 2,4,5,2 4,7,8,2 7,2 8,4 7,12,13,2 12,2 13,4 12,4 13,5 13
1 2 4 5 7 8 11,0.0737748,11.5747,Yes,N/A,2,1 2,4,5,2 4,7,8,2 7,2 8,11,4 8,2 11,2 4 8,4 11,5 11,2 4 11,7 11
1 2 4 5 7 8 11 13,0.0375361,19.3562,Yes,N/A,2,1 2,4,5,2 4,7,8,2 7,2 8,11,4 8,13,2 4 8,2 13,5 11,4 13,5 13
1 2 4 5 7 8 11 12,0.0462795,17.5533,Yes,N/A,2,1 2,4,5,2 4,7,8,2 7,2 8,11,12,2 11,2 12,4 11,4 12,5 12,2 4 12
1 2 4 5 7 8 11 12 13,0.0259342,24.9238,Yes,N/A,2,1 2,4,5,2 4,7,8,2 7,2 8,11,12,13,2 12,2 13,4 12,4 13,5 13
1 2 4 5 7 8 10,0.0877753,9.65309,Yes,N/A,2,1 2,4,5,2 4,7,8,2 7,10,4 7,2 10,5 8,4 10,5 10,2 4 10,7 10,8 10
1 2 4 5 7 8 10 13,0.0442787,17.5055,Yes,N/A,2,1 2,4,5,2 4,7,8,2 7,10,4 7,2 10,13,4 10,2 13,2 4 10,4 13,5 13
1 2 4 5 7 8 10 12,0.0567864,15.1595,Yes,N/A,2,1 2,4,5,2 4,7,8,2 7,10,4 7,12,5 8,2 12,5 10,4 12,5 12,2 4 12
1 2 4 5 7 8 10 12 13,0.031313,22.5862,Yes,N/A,2,1 2,4,5,2 4,7,8,2 7,10,4 7,12,13,2 12,2 13,4 12,4 13,5 13
1 2 4 5 7 8 10 11,0.0638067,13.9335,Yes,N/A,2,1 2,4,5,2 4,7,8,2 7,10,11,2 10,2 11,4 10,4 11,5 11,2 4 11,7 11
1 2 4 5 7 8 10 11 13,0.0356901,20.9796,Yes,N/A,2,1 2,4,5,2 4,7,8,2 7,10,11,2 10,13,4 10,2 13,5 11,4 13,5 13
1 2 4 5 7 8 10 11 12,0.0435722,19.0657,Yes,N/A,2,1 2,4,5,2 4,7,8,2 7,10,11,12,2 11,2 12,4 11,4 12,5 12,2 4 12
1 2 4 5 7 8 10 11 12 13,0.0265469,25.7491,Yes,N/A,2,1 2,4,5,2 4,7,8,2 7,10,11,12,13,2 12,2 13,4 12,4 13,5 13
1 2 4 5 7 8 9,0.0926309,9.07847,Yes,N/A,2,1 2,4,5,2 4,7,8,9,2 8,2 9,4 8,4 9,5 9,2 4 9,7 9,8 9,2 7 9
1 2 4 5 7 8 9 13,0.0484697,16.4323,Yes,N/A,2,1 2,4,5,2 4,7,8,9,2 8,2 9,4 8,13,5 9,2 13,7 9,4 13,5 13
1 2 4 5 7 8 9 12,0.0556585,15.2703,Yes,N/A,2,1 2,4,5,2 4,7,8,9,2 8,2 9,12,4 9,2 12,2 4 9,4 12,5 12,2 4 12
1 2 4 5 7 8 9 12 13,0.0315127,22.4055,Yes,N/A,2,1 2,4,5,2 4,7,8,9,2 8,2 9,12,13,2 12,2 13,4 12,4 13,5 13
1 2 4 5 7 8 9 11,0.0687095,12.8596,Yes,N/A,2,1 2,4,5,2 4,7,8,9,2 8,11,4 8,2 11,5 9,4 11,5 11,2 4 11,7 11
1 2 4 5 7 8 9 11 13,0.0384004,19.9575,Yes,N/A,2,1 2,4,5,2 4,7,8,9,2 8,11,4 8,13,5 9,2 13,5 11,4 13,5 13
1 2 4 5 7 8 9 11 12,0.0445531,18.4326,Yes,N/A,2,1 2,4,5,2 4,7,8,9,2 8,11,12,2 11,2 12,4 11,4 12,5 12,2 4 12
1 2 4 5 7 8 9 11 12 13,0.0271474,25.1245,Yes,N/A,2,1 2,4,5,2 4,7,8,9,2 8,11,12,13,2 12,2 13,4 12,4 13,5 13
1 2 4 5 7 8 9 10,0.0761395,11.6875,Yes,N/A,2,1 2,4,5,2 4,7,8,9,10,2 9,2 10,4 9,4 10,5 10,2 4 10,7 10,8 10
1 2 4 5 7 8 9 10 13,0.0417965,18.8678,Yes,N/A,2,1 2,4,5,2 4,7,8,9,10,2 9,2 10,13,4 10,2 13,2 4 10,4 13,5 13
1 2 4 5 7 8 9 10 12,0.0517046,16.5671,Yes,N/A,2,1 2,4,5,2 4,7,8,9,10,2 9,12,4 9,2 12,5 10,4 12,5 12,2 4 12
1 2 4 5 7 8 9 10 12 13,0.031024,23.1784,Yes,N/A,2,1 2,4,5,2 4,7,8,9,10,2 9,12,13,2 12,2 13,4 12,4 13,5 13
1 2 4 5 7 8 9 10 11,0.0585387,15.1762,Yes,N/A,2,1 2,4,5,2 4,7,8,9,10,11,2 10,2 11,4 10,4 11,5 11,2 4 11,7 11
1 2 4 5 7 8 9 10 11 13,0.0356249,21.4981,Yes,N/A,2,1 2,4,5,2 4,7,8,9,10,11,2 10,13,4 10,2 13,5 11,4 13,5 13
1 2 4 5 7 8 9 10 11 12,0.0423844,19.5425,Yes,N/A,2,1 2,4,5,2 4,7,8,9,10,11,12,2 11,2 12,4 11,4 12,5 12,2 4 12
1 2 4 5 7 8 9 10 11 12 13,0.0280608,25.258,Yes,N/A,2,1 2,4,5,2 4,7,8,9,10,11,12,13,2 12,2 13,4 12,4 13,5 13
1 4 5 6,0.0771998,8.29803,Yes,N/A,N/A,N/A,4,5,6,1 6,N/A,4 5,4 6,5 6,1 5 6,N/A,N/A,4 5 6,1 4 5 6,N/A,N/A
1 4 5 6 13,0.0354423,15.8884,Yes,N/A,N/A,N/A,4,5,6,1 6,N/A,4 5,4 6,5 6,1 5 6,13,1 13,4 5 6,1 4 5 6,4 13,5 13
1 4 5 6 12,0.0446973,15.3206,Yes,N/A,N/A,N/A,4,5,6,1 6,N/A,4 5,4 6,5 6,12,1 12,N/A,4 5 6,4 12,5 12,6 12
1 4 5 6 12 13,0.0204287,24.0084,Yes,N/A,N/A,N/A,4,5,6,1 6,N/A,4 5,4 6,5 6,12,13,1 13,4 5 6,4 12,4 13,5 13
1 4 5 6 11,0.0476731,15.7044,Yes,N/A,N/A,N/A,4,5,6,1 6,N/A,4 5,4 6,11,1 11,N/A,N/A,4 11,5 11,6 11,1 6 11
1 4 5 6 11 13,0.024607,22.0616,Yes,N/A,N/A,N/A,4,5,6,1 6,N/A,4 5,4 6,11,1 11,13,1 13,4 11,5 11,4 13,5 13
1 4 5 6 11 12,0.026353,22.9413,Yes,N/A,N/A,N/A,4,5,6,1 6,N/A,4 5,4 6,11,12,1 12,N/A,4 11,4 12,5 12,6 12
1 4 5 6 11 12 13,0.0139535,30.5784,Yes,N/A,N/A,N/A,4,5,6,1 6,N/A,4 5,4 6,11,12,13,1 13,4 11,4 12,4 13,5 13
1 4 5 6 10,0.0625771,13.8356,Yes,N/A,N/A,N/A,4,5,6,1 6,N/A,4 5,10,5 6,1 5 6,N/A,4 10,5 10,6 10,1 6 10,N/A
1 4 5 6 10 13,0.028878,21.4366,Yes,N/A,N/A,N/A,4,5,6,1 6,N/A,4 5,10,5 6,1 5 6,13,4 10,5 10,6 10,4 13,5 13
1 4 5 6 10 12,0.0386528,19.3491,Yes,N/A,N/A,N/A,4,5,6,1 6,N/A,4 5,10,5 6,12,1 12,4 10,5 10,4 12,5 12,6 12
1 4 5 6 10 12 13,0.0181579,28.4658,Yes,N/A,N/A,N/A,4,5,6,1 6,N/A,4 5,10,5 6,12,13,4 10,5 10,4 12,4 13,5 13
1 4 5 6 10 11,0.0343255,21.2079,Yes,N/A,N/A,N/A,4,5,6,1 6,N/A,4 5,10,11,1 11,N/A,4 10,4 11,5 11,6 11,1 6 11
1 4 5 6 10 11 13,0.0187592,27.5132,Yes,N/A,N/A,N/A,4,5,6,1 6,N/A,4 5,10,11,1 11,13,4 10,4 11,5 11,4 13,5 13
1 4 5 6 10 11 12,0.0216412,26.9459,Yes,N/A,N/A,N/A,4,5,6,1 6,N/A,4 5,10,11,12,1 12,4 10,4 11,4 12,5 12,6 12
1 4 5 6 10 11 12 13,0.0122022,35.1414,Yes,N/A,N/A,N/A,4,5,6,1 6,N/A,4 5,10,11,12,13,4 10,4 11,4 12,4 13,5 13
1 4 5 6 9,0.0841707,11.4342,Yes,N/A,N/A,N/A,4,5,6,1 6,N/A,9,4 6,5 6,1 5 6,4 9,5 9,6 9,1 6 9,N/A,4 5 9
1 4 5 6 9 13,0.0302645,21.0667,Yes,N/A,N/A,N/A,4,5,6,1 6,N/A,9,4 6,5 6,1 5 6,13,5 9,6 9,1 6 9,4 13,5 13
1 4 5 6 9 12,0.045298,18.3748,Yes,N/A,N/A,N/A,4,5,6,1 6,N/A,9,4 6,5 6,12,4 9,5 9,6 9,4 12,5 12,6 12
1 4 5 6 9 12 13,0.0195655,27.9676,Yes,N/A,N/A,N/A,4,5,6,1 6,N/A,9,4 6,5 6,12,13,5 9,6 9,4 12,4 13,5 13
1 4 5 6 9 11,0.0496527,17.3033,Yes,N/A,N/A,N/A,4,5,6,1 6,N/A,9,4 6,11,1 11,4 9,5 9,4 11,5 11,6 11,4 5 9
1 4 5 6 9 11 13,0.0228248,25.9051,Yes,N/A,N/A,N/A,4,5,6,1 6,N/A,9,4 6,11,1 11,13,5 9,4 11,5 11,4 13,5 13
1 4 5 6 9 11 12,0.0278231,24.7544,Yes,N/A,N/A,N/A,4,5,6,1 6,N/A,9,4 6,11,12,4 9,5 9,4 11,4 12,5 12,6 12
1 4 5 6 9 11 12 13,0.0146999,33.3139,Yes,N/A,N/A,N/A,4,5,6,1 6,N/A,9,4 6,11,12,13,5 9,4 11,4 12,4 13,5 13
1 4 5 6 9 10,0.053263,16.7715,Yes,N/A,N/A,N/A,4,5,6,1 6,N/A,9,10,5 6,1 5 6,4 9,4 10,5 10,6 10,1 6 10,4 5 9
1 4 5 6 9 10 13,0.0226391,26.3251,Yes,N/A,N/A,N/A,4,5,6,1 6,N/A,9,10,5 6,1 5 6,13,4 10,5 10,6 10,4 13,5 13
1 4 5 6 9 10 12,0.0334721,23.007,Yes,N/A,N/A,N/A,4,5,6,1 6,N/A,9,10,5 6,12,4 9,4 10,5 10,4 12,5 12,6 12
1 4 5 6 9 10 12 13,0.0164853,32.2518,Yes,N/A,N/A,N/A,4,5,6,1 6,N/A,9,10,5 6,12,13,4 10,5 10,4 12,4 13,5 13
1 4 5 6 9 10 11,0.0326167,23.0424,Yes,N/A,N/A,N/A,4,5,6,1 6,N/A,9,10,11,1 11,4 9,4 10,4 11,5 11,6 11,4 5 9
1 4 5 6 9 10 11 13,0.0169851,31.4169,Yes,N/A,N/A,N/A,4,5,6,1 6,N/A,9,10,11,1 11,13,4 10,4 11,5 11,4 13,5 13
1 4 5 6 9 10 11 12,0.0214347,29.6338,Yes,N/A,N/A,N/A,4,5,6,1 6,N/A,9,10,11,12,4 9,4 10,4 11,4 12,5 12,6 12
1 4 5 6 9 10 11 12 13,0.0125419,37.8574,Yes,N/A,N/A,N/A,4,5,6,1 6,N/A,9,10,11,12,13,4 10,4 11,4 12,4 13,5 13
1 4 5 6 8,0.107176,8.76445,Yes,N/A,N/A,N/A,4,5,6,1 6,8,4 5,4 6,5 6,4 8,5 8,6 8,4 5 6,1 4 5 6,4 5 8,4 6 8
1 4 5 6 8 13,0.0402432,17.9989,Yes,N/A,N/A,N/A,4,5,6,1 6,8,4 5,4 6,5 6,4 8,13,6 8,4 5 6,1 4 5 6,4 13,5 13
1 4 5 6 8 12,0.052778,15.9268,Yes,N/A,N/A,N/A,4,5,6,1 6,8,4 5,4 6,5 6,12,5 8,6 8,4 5 6,4 12,5 12,6 12
1 4 5 6 8 12 13,0.0219427,25.4589,Yes,N/A,N/A,N/A,4,5,6,1 6,8,4 5,4 6,5 6,12,13,6 8,4 5 6,4 12,4 13,5 13
1 4 5 6 8 11,0.0612621,14.268,Yes,N/A,N/A,N/A,4,5,6,1 6,8,4 5,4 6,11,4 8,5 8,6 8,4 11,5 11,6 11,4 6 8
1 4 5 6 8 11 13,0.0272867,22.5422,Yes,N/A,N/A,N/A,4,5,6,1 6,8,4 5,4 6,11,4 8,13,6 8,4 11,5 11,4 13,5 13
1 4 5 6 8 11 12,0.0341845,21.0844,Yes,N/A,N/A,N/A,4,5,6,1 6,8,4 5,4 6,11,12,5 8,6 8,4 11,4 12,5 12,6 12
1 4 5 6 8 11 12 13,0.016834,29.6251,Yes,N/A,N/A,N/A,4,5,6,1 6,8,4 5,4 6,11,12,13,6 8,4 11,4 12,4 13,5 13
1 4 5 6 8 10,0.070999,12.6393,Yes,N/A,N/A,N/A,4,5,6,1 6,8,4 5,10,5 6,4 8,5 8,4 10,5 10,6 10,4 5 8,8 10
1 4 5 6 8 10 13,0.0325792,20.7703,Yes,N/A,N/A,N/A,4,5,6,1 6,8,4 5,10,5 6,4 8,13,4 10,5 10,6 10,4 13,5 13
1 4 5 6 8 10 12,0.0408326,18.5598,Yes,N/A,N/A,N/A,4,5,6,1 6,8,4 5,10,5 6,12,5 8,4 10,5 10,4 12,5 12,6 12
1 4 5 6 8 10 12 13,0.0203449,27.0183,Yes,N/A,N/A,N/A,4,5,6,1 6,8,4 5,10,5 6,12,13,4 10,5 10,4 12,4 13,5 13
1 4 5 6 8 10 11,0.0423245,18.466,Yes,N/A,N/A,N/A,4,5,6,1 6,8,4 5,10,11,4 8,5 8,4 10,4 11,5 11,6 11,8 10
1 4 5 6 8 10 11 13,0.022287,25.5964,Yes,N/A,N/A,N/A,4,5,6,1 6,8,4 5,10,11,4 8,13,4 10,4 11,5 11,4 13,5 13
1 4 5 6 8 10 11 12,0.0275267,23.9115,Yes,N/A,N/A,N/A,4,5,6,1 6,8,4 5,10,11,12,5 8,4 10,4 11,4 12,5 12,6 12
1 4 5 6 8 10 11 12 13,0.0156349,31.3219,Yes,N/A,N/A,N/A,4,5,6,1 6,8,4 5,10,11,12,13,4 10,4 11,4 12,4 13,5 13
1 4 5 6 8 9,0.0764396,11.8862,Yes,N/A,N/A,N/A,4,5,6,1 6,8,9,4 6,5 6,4 8,4 9,5 9,6 9,1 6 9,8 9,4 5 9
1 4 5 6 8 9 13,0.0322014,21.1834,Yes,N/A,N/A,N/A,4,5,6,1 6,8,9,4 6,5 6,4 8,13,5 9,6 9,1 6 9,4 13,5 13
1 4 5 6 8 9 12,0.0419871,18.8611,Yes,N/A,N/A,N/A,4,5,6,1 6,8,9,4 6,5 6,12,4 9,5 9,6 9,4 12,5 12,6 12
1 4 5 6 8 9 12 13,0.0199149,28.0666,Yes,N/A,N/A,N/A,4,5,6,1 6,8,9,4 6,5 6,12,13,5 9,6 9,4 12,4 13,5 13
1 4 5 6 8 9 11,0.05004,16.4788,Yes,N/A,N/A,N/A,4,5,6,1 6,8,9,4 6,11,4 8,4 9,5 9,4 11,5 11,6 11,4 5 9
1 4 5 6 8 9 11 13,0.0247305,24.5452,Yes,N/A,N/A,N/A,4,5,6,1 6,8,9,4 6,11,4 8,13,5 9,4 11,5 11,4 13,5 13
1 4 5 6 8 9 11 12,0.030913,22.8376,Yes,N/A,N/A,N/A,4,5,6,1 6,8,9,4 6,11,12,4 9,5 9,4 11,4 12,5 12,6 12
1 4 5 6 8 9 11 12 13,0.0169367,30.7617,Yes,N/A,N/A,N/A,4,5,6,1 6,8,9,4 6,11,12,13,5 9,4 11,4 12,4 13,5 13
1 4 5 6 8 9 10,0.0561987,15.5556,Yes,N/A,N/A,N/A,4,5,6,1 6,8,9,10,5 6,4 8,4 9,4 10,5 10,6 10,8 9,8 10
1 4 5 6 8 9 10 13,0.0270556,24.0666,Yes,N/A,N/A,N/A,4,5,6,1 6,8,9,10,5 6,4 8,13,4 10,5 10,6 10,4 13,5 13
1 4 5 6 8 9 10 12,0.0353833,21.2413,Yes,N/A,N/A,N/A,4,5,6,1 6,8,9,10,5 6,12,4 9,4 10,5 10,4 12,5 12,6 12
1 4 5 6 8 9 10 12 13,0.0187838,29.7136,Yes,N/A,N/A,N/A,4,5,6,1 6,8,9,10,5 6,12,13,4 10,5 10,4 12,4 13,5 13
1 4 5 6 8 9 10 11,0.0383186,20.2645,Yes,N/A,N/A,N/A,4,5,6,1 6,8,9,10,11,4 8,4 9,4 10,4 11,5 11,6 11,8 10
1 4 5 6 8 9 10 11 13,0.0211678,27.5768,Yes,N/A,N/A,N/A,4,5,6,1 6,8,9,10,11,4 8,13,4 10,4 11,5 11,4 13,5 13
1 4 5 6 8 9 10 11 12,0.0266307,25.2409,Yes,N/A,N/A,N/A,4,5,6,1 6,8,9,10,11,12,4 9,4 10,4 11,4 12,5 12,6 12
1 4 5 6 8 9 10 11 12 13,0.0161077,32.4114,Yes,N/A,N/A,N/A,4,5,6,1 6,8,9,10,11,12,13,4 10,4 11,4 12,4 13,5 13
1 2 4 5 6,0.0926,5.57768,Yes,N/A,2,1 2,4,5,6,2 5,2 6,4 5,4 6,5 6,2 4 6,2 5 6,1 2 5 6,4 5 6,1 4 5 6,2 4 5 6,1 2 4 5 6
2 4 5 6,0.0751315,7.19557,Yes,N/A,2,N/A,4,5,6,2 5,2 6,4 5,4 6,5 6,2 4 6,2 5 6,N/A,4 5 6,N/A,2 4 5 6,N/A
1 2 4 5 6 13,0.0507006,13.1148,Yes,N/A,2,1 2,4,5,6,2 5,2 6,4 5,4 6,5 6,2 4 6,13,1 13,2 13,1 2 13,4 13,5 13
1 2 4 5 6 12,0.0624464,11.3595,Yes,N/A,2,1 2,4,5,6,2 5,2 6,4 5,4 6,5 6,12,2 5 6,2 12,4 5 6,4 12,5 12,6 12
1 2 4 5 6 12 13,0.0325806,19.608,Yes,N/A,2,1 2,4,5,6,2 5,2 6,4 5,4 6,5 6,12,13,2 12,2 13,4 12,4 13,5 13
1 2 4 5 6 11,0.0752988,9.92331,Yes,N/A,2,1 2,4,5,6,2 5,2 6,4 5,4 6,11,2 4 6,2 11,1 2 11,4 11,5 11,6 11,2 5 11
2 4 5 6 11,0.0483867,13.7751,Yes,N/A,2,N/A,4,5,6,2 5,2 6,4 5,4 6,11,2 4 6,2 11,N/A,4 11,5 11,6 11,2 5 11
1 2 4 5 6 11 13,0.0393231,17.5147,Yes,N/A,2,1 2,4,5,6,2 5,2 6,4 5,4 6,11,2 4 6,13,1 13,2 13,5 11,4 13,5 13
1 2 4 5 6 11 12,0.0485788,15.9935,Yes,N/A,2,1 2,4,5,6,2 5,2 6,4 5,4 6,11,12,2 11,2 12,4 11,4 12,5 12,6 12
1 2 4 5 6 11 12 13,0.0260919,24.0032,Yes,N/A,2,1 2,4,5,6,2 5,2 6,4 5,4 6,11,12,13,2 12,2 13,4 12,4 13,5 13
1 2 4 5 6 10,0.0842204,8.58891,Yes,N/A,2,1 2,4,5,6,2 5,2 6,4 5,10,5 6,2 10,2 5 6,4 10,5 10,6 10,2 5 10,2 6 10
1 2 4 5 6 10 13,0.044601,15.929,Yes,N/A,2,1 2,4,5,6,2 5,2 6,4 5,10,5 6,2 10,13,4 10,2 13,6 10,4 13,5 13
1 2 4 5 6 10 12,0.0552211,14.3196,Yes,N/A,2,1 2,4,5,6,2 5,2 6,4 5,10,5 6,12,2 5 6,2 12,5 10,4 12,5 12,6 12
1 2 4 5 6 10 12 13,0.0303393,22.0148,Yes,N/A,2,1 2,4,5,6,2 5,2 6,4 5,10,5 6,12,13,2 12,2 13,4 12,4 13,5 13
1 2 4 5 6 10 11,0.0629075,13.528,Yes,N/A,2,1 2,4,5,6,2 5,2 6,4 5,10,11,2 10,2 11,4 10,4 11,5 11,6 11,2 5 11
1 2 4 5 6 10 11 13,0.0339368,20.5841,Yes,N/A,2,1 2,4,5,6,2 5,2 6,4 5,10,11,2 10,13,4 10,2 13,5 11,4 13,5 13
1 2 4 5 6 10 11 12,0.0419135,18.9885,Yes,N/A,2,1 2,4,5,6,2 5,2 6,4 5,10,11,12,2 11,2 12,4 11,4 12,5 12,6 12
1 2 4 5 6 10 11 12 13,0.02422,26.4199,Yes,N/A,2,1 2,4,5,6,2 5,2 6,4 5,10,11,12,13,2 12,2 13,4 12,4 13,5 13
1 2 4 5 6 9,0.0927739,7.90975,Yes,N/A,2,1 2,4,5,6,2 5,2 6,9,4 6,2 9,2 4 6,4 9,5 9,6 9,2 5 9,2 6 9,4 5 9
1 2 4 5 6 9 13,0.0461757,15.81,Yes,N/A,2,1 2,4,5,6,2 5,2 6,9,4 6,2 9,2 4 6,13,5 9,2 13,2 5 9,4 13,5 13
1 2 4 5 6 9 12,0.0618421,13.1844,Yes,N/A,2,1 2,4,5,6,2 5,2 6,9,4 6,2 9,12,4 9,2 12,6 9,4 12,5 12,6 12
1 2 4 5 6 9 12 13,0.0320775,21.209,Yes,N/A,2,1 2,4,5,6,2 5,2 6,9,4 6,2 9,12,13,2 12,2 13,4 12,4 13,5 13
1 2 4 5 6 9 11,0.0719027,11.8586,Yes,N/A,2,1 2,4,5,6,2 5,2 6,9,4 6,11,2 4 6,2 11,5 9,4 11,5 11,6 11,2 5 11
1 2 4 5 6 9 11 13,0.037271,19.6555,Yes,N/A,2,1 2,4,5,6,2 5,2 6,9,4 6,11,2 4 6,13,5 9,2 13,5 11,4 13,5 13
1 2 4 5 6 9 11 12,0.0477487,17.3205,Yes,N/A,2,1 2,4,5,6,2 5,2 6,9,4 6,11,12,2 11,2 12,4 11,4 12,5 12,6 12
1 2 4 5 6 9 11 12 13,0.0267925,24.908,Yes,N/A,2,1 2,4,5,6,2 5,2 6,9,4 6,11,12,13,2 12,2 13,4 12,4 13,5 13
1 2 4 5 6 9 10,0.0791215,11.229,Yes,N/A,2,1 2,4,5,6,2 5,2 6,9,10,2 9,2 10,4 9,4 10,5 10,6 10,2 5 10,2 6 10
1 2 4 5 6 9 10 13,0.0397402,19.1864,Yes,N/A,2,1 2,4,5,6,2 5,2 6,9,10,2 9,2 10,13,4 10,2 13,6 10,4 13,5 13
1 2 4 5 6 9 10 12,0.0520903,16.3648,Yes,N/A,2,1 2,4,5,6,2 5,2 6,9,10,2 9,12,4 9,2 12,5 10,4 12,5 12,6 12
1 2 4 5 6 9 10 12 13,0.0286783,24.2874,Yes,N/A,2,1 2,4,5,6,2 5,2 6,9,10,2 9,12,13,2 12,2 13,4 12,4 13,5 13
1 2 4 5 6 9 10 11,0.05836,15.3161,Yes,N/A,2,1 2,4,5,6,2 5,2 6,9,10,11,2 10,2 11,4 10,4 11,5 11,6 11,2 5 11
1 2 4 5 6 9 10 11 13,0.0324142,22.664,Yes,N/A,2,1 2,4,5,6,2 5,2 6,9,10,11,2 10,13,4 10,2 13,5 11,4 13,5 13
1 2 4 5 6 9 10 11 12,0.0404769,20.5904,Yes,N/A,2,1 2,4,5,6,2 5,2 6,9,10,11,12,2 11,2 12,4 11,4 12,5 12,6 12
1 2 4 5 6 9 10 11 12 13,0.0245705,27.683,Yes,N/A,2,1 2,4,5,6,2 5,2 6,9,10,11,12,13,2 12,2 13,4 12,4 13,5 13
1 2 4 5 6 8,0.104809,6.52219,Yes,N/A,2,1 2,4,5,6,2 5,8,4 5,2 8,5 6,4 8,5 8,6 8,2 5 8,2 6 8,4 5 8,4 6 8
1 2 4 5 6 8 13,0.0545158,13.7566,Yes,N/A,2,1 2,4,5,6,2 5,8,4 5,2 8,5 6,4 8,13,6 8,2 13,2 6 8,4 13,5 13
1 2 4 5 6 8 12,0.068745,11.8043,Yes,N/A,2,1 2,4,5,6,2 5,8,4 5,2 8,5 6,12,5 8,2 12,2 5 8,4 12,5 12,6 12
1 2 4 5 6 8 12 13,0.0362439,19.4449,Yes,N/A,2,1 2,4,5,6,2 5,8,4 5,2 8,5 6,12,13,2 12,2 13,4 12,4 13,5 13
1 2 4 5 6 8 11,0.0796321,10.8085,Yes,N/A,2,1 2,4,5,6,2 5,8,4 5,2 8,11,4 8,2 11,6 8,4 11,5 11,6 11,2 5 11
1 2 4 5 6 8 11 13,0.0413866,18.0949,Yes,N/A,2,1 2,4,5,6,2 5,8,4 5,2 8,11,4 8,13,6 8,2 13,5 11,4 13,5 13
1 2 4 5 6 8 11 12,0.0517409,16.253,Yes,N/A,2,1 2,4,5,6,2 5,8,4 5,2 8,11,12,2 11,2 12,4 11,4 12,5 12,6 12
1 2 4 5 6 8 11 12 13,0.0289722,23.5048,Yes,N/A,2,1 2,4,5,6,2 5,8,4 5,2 8,11,12,13,2 12,2 13,4 12,4 13,5 13
1 2 4 5 6 8 10,0.0915021,9.02201,Yes,N/A,2,1 2,4,5,6,2 5,8,4 5,10,5 6,2 10,5 8,4 10,5 10,6 10,2 5 10,8 10
1 2 4 5 6 8 10 13,0.048527,16.249,Yes,N/A,2,1 2,4,5,6,2 5,8,4 5,10,5 6,2 10,13,4 10,2 13,6 10,4 13,5 13
1 2 4 5 6 8 10 12,0.0572769,14.7074,Yes,N/A,2,1 2,4,5,6,2 5,8,4 5,10,5 6,12,5 8,2 12,5 10,4 12,5 12,6 12
1 2 4 5 6 8 10 12 13,0.0335488,21.5039,Yes,N/A,2,1 2,4,5,6,2 5,8,4 5,10,5 6,12,13,2 12,2 13,4 12,4 13,5 13
1 2 4 5 6 8 10 11,0.0669947,13.1679,Yes,N/A,2,1 2,4,5,6,2 5,8,4 5,10,11,2 10,2 11,4 10,4 11,5 11,6 11,2 5 11
1 2 4 5 6 8 10 11 13,0.0373983,20.1457,Yes,N/A,2,1 2,4,5,6,2 5,8,4 5,10,11,2 10,13,4 10,2 13,5 11,4 13,5 13
1 2 4 5 6 8 10 11 12,0.0457393,18.1616,Yes,N/A,2,1 2,4,5,6,2 5,8,4 5,10,11,12,2 11,2 12,4 11,4 12,5 12,6 12
1 2 4 5 6 8 10 11 12 13,0.0280105,24.7611,Yes,N/A,2,1 2,4,5,6,2 5,8,4 5,10,11,12,13,2 12,2 13,4 12,4 13,5 13
1 2 4 5 6 8 9,0.0978578,8.56581,Yes,N/A,2,1 2,4,5,6,2 5,8,9,2 8,2 9,4 8,4 9,5 9,6 9,2 5 9,8 9,4 5 9
1 2 4 5 6 8 9 13,0.0492219,16.211,Yes,N/A,2,1 2,4,5,6,2 5,8,9,2 8,2 9,4 8,13,5 9,2 13,2 5 9,4 13,5 13
1 2 4 5 6 8 9 12,0.0632469,13.8914,Yes,N/A,2,1 2,4,5,6,2 5,8,9,2 8,2 9,12,4 9,2 12,6 9,4 12,5 12,6 12
1 2 4 5 6 8 9 12 13,0.0341638,21.594,Yes,N/A,2,1 2,4,5,6,2 5,8,9,2 8,2 9,12,13,2 12,2 13,4 12,4 13,5 13
1 2 4 5 6 8 9 11,0.0716321,12.4098,Yes,N/A,2,1 2,4,5,6,2 5,8,9,2 8,11,4 8,2 11,5 9,4 11,5 11,6 11,2 5 11
1 2 4 5 6 8 9 11 13,0.0395606,19.5568,Yes,N/A,2,1 2,4,5,6,2 5,8,9,2 8,11,4 8,13,5 9,2 13,5 11,4 13,5 13
1 2 4 5 6 8 9 11 12,0.0487108,17.6531,Yes,N/A,2,1 2,4,5,6,2 5,8,9,2 8,11,12,2 11,2 12,4 11,4 12,5 12,6 12
1 2 4 5 6 8 9 11 12 13,0.0292258,24.4646,Yes,N/A,2,1 2,4,5,6,2 5,8,9,2 8,11,12,13,2 12,2 13,4 12,4 13,5 13
1 2 4 5 6 8 9 10,0.0797178,11.0284,Yes,N/A,2,1 2,4,5,6,2 5,8,9,10,2 9,2 10,4 9,4 10,5 10,6 10,2 5 10,8 10
1 2 4 5 6 8 9 10 13,0.0435974,18.3051,Yes,N/A,2,1 2,4,5,6,2 5,8,9,10,2 9,2 10,13,4 10,2 13,6 10,4 13,5 13
1 2 4 5 6 8 9 10 12,0.0547797,15.7729,Yes,N/A,2,1 2,4,5,6,2 5,8,9,10,2 9,12,4 9,2 12,5 10,4 12,5 12,6 12
1 2 4 5 6 8 9 10 12 13,0.0324894,22.7092,Yes,N/A,2,1 2,4,5,6,2 5,8,9,10,2 9,12,13,2 12,2 13,4 12,4 13,5 13
1 2 4 5 6 8 9 10 11,0.0611266,14.58,Yes,N/A,2,1 2,4,5,6,2 5,8,9,10,11,2 10,2 11,4 10,4 11,5 11,6 11,2 5 11
1 2 4 5 6 8 9 10 11 13,0.0364803,21.0764,Yes,N/A,2,1 2,4,5,6,2 5,8,9,10,11,2 10,13,4 10,2 13,5 11,4 13,5 13
1 2 4 5 6 8 9 10 11 12,0.0446381,18.9527,Yes,N/A,2,1 2,4,5,6,2 5,8,9,10,11,12,2 11,2 12,4 11,4 12,5 12,6 12
1 2 4 5 6 8 9 10 11 12 13,0.0290186,24.9203,Yes,N/A,2,1 2,4,5,6,2 5,8,9,10,11,12,13,2 12,2 13,4 12,4 13,5 13
1 4 5 6 7,0.112123,8.33304,Yes,N/A,N/A,N/A,4,5,6,7,1 7,4 5,4 6,4 7,5 7,6 7,1 6 7,4 5 6,4 5 7,4 6 7,5 6 7
1 4 5 6 7 13,0.0453704,16.962,Yes,N/A,N/A,N/A,4,5,6,7,1 7,4 5,4 6,4 7,5 7,13,1 13,4 5 6,4 5 7,4 13,5 13
1 4 5 6 7 12,0.049629,16.0439,Yes,N/A,N/A,N/A,4,5,6,7,1 7,4 5,4 6,4 7,12,6 7,1 6 7,4 5 6,4 12,5 12,6 12
1 4 5 6 7 12 13,0.0223203,24.8747,Yes,N/A,N/A,N/A,4,5,6,7,1 7,4 5,4 6,4 7,12,13,1 13,4 5 6,4 12,4 13,5 13
1 4 5 6 7 11,0.0607217,14.1826,Yes,N/A,N/A,N/A,4,5,6,7,1 7,4 5,4 6,11,5 7,6 7,1 6 7,4 11,5 11,6 11,7 11
1 4 5 6 7 11 13,0.0285979,22.2843,Yes,N/A,N/A,N/A,4,5,6,7,1 7,4 5,4 6,11,5 7,13,1 13,4 11,5 11,4 13,5 13
1 4 5 6 7 11 12,0.0305025,21.9587,Yes,N/A,N/A,N/A,4,5,6,7,1 7,4 5,4 6,11,12,6 7,1 6 7,4 11,4 12,5 12,6 12
1 4 5 6 7 11 12 13,0.0157336,30.1412,Yes,N/A,N/A,N/A,4,5,6,7,1 7,4 5,4 6,11,12,13,1 13,4 11,4 12,4 13,5 13
1 4 5 6 7 10,0.0668471,12.813,Yes,N/A,N/A,N/A,4,5,6,7,1 7,4 5,10,4 7,5 7,6 7,4 10,5 10,6 10,7 10,5 6 7
1 4 5 6 7 10 13,0.0306443,21.1775,Yes,N/A,N/A,N/A,4,5,6,7,1 7,4 5,10,4 7,5 7,13,4 10,5 10,6 10,4 13,5 13
1 4 5 6 7 10 12,0.0385002,19.2086,Yes,N/A,N/A,N/A,4,5,6,7,1 7,4 5,10,4 7,12,6 7,4 10,5 10,4 12,5 12,6 12
1 4 5 6 7 10 12 13,0.0190814,27.7568,Yes,N/A,N/A,N/A,4,5,6,7,1 7,4 5,10,4 7,12,13,4 10,5 10,4 12,4 13,5 13
1 4 5 6 7 10 11,0.0417451,18.6075,Yes,N/A,N/A,N/A,4,5,6,7,1 7,4 5,10,11,5 7,6 7,4 10,4 11,5 11,6 11,7 11
1 4 5 6 7 10 11 13,0.0213049,26.5314,Yes,N/A,N/A,N/A,4,5,6,7,1 7,4 5,10,11,5 7,13,4 10,4 11,5 11,4 13,5 13
1 4 5 6 7 10 11 12,0.0257571,25.0418,Yes,N/A,N/A,N/A,4,5,6,7,1 7,4 5,10,11,12,6 7,4 10,4 11,4 12,5 12,6 12
1 4 5 6 7 10 11 12 13,0.0142249,32.9399,Yes,N/A,N/A,N/A,4,5,6,7,1 7,4 5,10,11,12,13,4 10,4 11,4 12,4 13,5 13
1 4 5 6 7 9,0.0802393,10.7701,Yes,N/A,N/A,N/A,4,5,6,7,1 7,9,4 6,4 7,5 7,4 9,5 9,6 9,7 9,4 6 7,4 5 9
1 4 5 6 7 9 13,0.0360967,19.243,Yes,N/A,N/A,N/A,4,5,6,7,1 7,9,4 6,4 7,5 7,13,5 9,6 9,7 9,4 13,5 13
1 4 5 6 7 9 12,0.0434944,17.5418,Yes,N/A,N/A,N/A,4,5,6,7,1 7,9,4 6,4 7,12,4 9,5 9,6 9,4 12,5 12,6 12
1 4 5 6 7 9 12 13,0.0217007,25.8453,Yes,N/A,N/A,N/A,4,5,6,7,1 7,9,4 6,4 7,12,13,5 9,6 9,4 12,4 13,5 13
1 4 5 6 7 9 11,0.0519092,15.8976,Yes,N/A,N/A,N/A,4,5,6,7,1 7,9,4 6,11,5 7,4 9,5 9,4 11,5 11,6 11,7 11
1 4 5 6 7 9 11 13,0.0265464,23.7239,Yes,N/A,N/A,N/A,4,5,6,7,1 7,9,4 6,11,5 7,13,5 9,4 11,5 11,4 13,5 13
1 4 5 6 7 9 11 12,0.0299375,22.7598,Yes,N/A,N/A,N/A,4,5,6,7,1 7,9,4 6,11,12,4 9,5 9,4 11,4 12,5 12,6 12
1 4 5 6 7 9 11 12 13,0.0169839,30.0202,Yes,N/A,N/A,N/A,4,5,6,7,1 7,9,4 6,11,12,13,5 9,4 11,4 12,4 13,5 13
1 4 5 6 7 9 10,0.0569225,15.1992,Yes,N/A,N/A,N/A,4,5,6,7,1 7,9,10,4 7,5 7,4 9,4 10,5 10,6 10,7 10,4 5 9
1 4 5 6 7 9 10 13,0.0279981,23.3733,Yes,N/A,N/A,N/A,4,5,6,7,1 7,9,10,4 7,5 7,13,4 10,5 10,6 10,4 13,5 13
1 4 5 6 7 9 10 12,0.0355998,20.8069,Yes,N/A,N/A,N/A,4,5,6,7,1 7,9,10,4 7,12,4 9,4 10,5 10,4 12,5 12,6 12
1 4 5 6 7 9 10 12 13,0.0195086,28.5398,Yes,N/A,N/A,N/A,4,5,6,7,1 7,9,10,4 7,12,13,4 10,5 10,4 12,4 13,5 13
1 4 5 6 7 9 10 11,0.0394508,20.0724,Yes,N/A,N/A,N/A,4,5,6,7,1 7,9,10,11,5 7,4 9,4 10,4 11,5 11,6 11,7 11
1 4 5 6 7 9 10 11 13,0.021719,27.5873,Yes,N/A,N/A,N/A,4,5,6,7,1 7,9,10,11,5 7,13,4 10,4 11,5 11,4 13,5 13
1 4 5 6 7 9 10 11 12,0.026011,25.7024,Yes,N/A,N/A,N/A,4,5,6,7,1 7,9,10,11,12,4 9,4 10,4 11,4 12,5 12,6 12
1 4 5 6 7 9 10 11 12 13,0.0158901,32.4427,Yes,N/A,N/A,N/A,4,5,6,7,1 7,9,10,11,12,13,4 10,4 11,4 12,4 13,5 13
1 2 4 5 6 7,0.110638,6.39523,Yes,N/A,2,1 2,4,5,6,7,2 6,2 7,4 6,4 7,5 7,6 7,2 5 7,2 6 7,4 5 7,4 6 7,5 6 7
1 2 4 5 6 7 13,0.0559776,13.6571,Yes,N/A,2,1 2,4,5,6,7,2 6,2 7,4 6,4 7,5 7,13,2 5 7,2 13,4 5 7,4 13,5 13
1 2 4 5 6 7 12,0.069742,12.1368,Yes,N/A,2,1 2,4,5,6,7,2 6,2 7,4 6,4 7,12,6 7,2 12,2 6 7,4 12,5 12,6 12
1 2 4 5 6 7 12 13,0.0358917,19.8612,Yes,N/A,2,1 2,4,5,6,7,2 6,2 7,4 6,4 7,12,13,2 12,2 13,4 12,4 13,5 13
1 2 4 5 6 7 11,0.0813176,10.6054,Yes,N/A,2,1 2,4,5,6,7,2 6,2 7,4 6,11,5 7,2 11,2 5 7,4 11,5 11,6 11,7 11
1 2 4 5 6 7 11 13,0.0422967,17.8606,Yes,N/A,2,1 2,4,5,6,7,2 6,2 7,4 6,11,5 7,13,2 5 7,2 13,5 11,4 13,5 13
1 2 4 5 6 7 11 12,0.0501784,16.4956,Yes,N/A,2,1 2,4,5,6,7,2 6,2 7,4 6,11,12,2 11,2 12,4 11,4 12,5 12,6 12
1 2 4 5 6 7 11 12 13,0.0280993,23.7119,Yes,N/A,2,1 2,4,5,6,7,2 6,2 7,4 6,11,12,13,2 12,2 13,4 12,4 13,5 13
1 2 4 5 6 7 10,0.0945178,8.97571,Yes,N/A,2,1 2,4,5,6,7,2 6,2 7,10,4 7,2 10,6 7,4 10,5 10,6 10,7 10,2 6 10
1 2 4 5 6 7 10 13,0.049387,16.1626,Yes,N/A,2,1 2,4,5,6,7,2 6,2 7,10,4 7,2 10,13,4 10,2 13,6 10,4 13,5 13
1 2 4 5 6 7 10 12,0.0604462,14.2946,Yes,N/A,2,1 2,4,5,6,7,2 6,2 7,10,4 7,12,6 7,2 12,5 10,4 12,5 12,6 12
1 2 4 5 6 7 10 12 13,0.0336347,21.6316,Yes,N/A,2,1 2,4,5,6,7,2 6,2 7,10,4 7,12,13,2 12,2 13,4 12,4 13,5 13
1 2 4 5 6 7 10 11,0.0651405,13.6353,Yes,N/A,2,1 2,4,5,6,7,2 6,2 7,10,11,2 10,2 11,4 10,4 11,5 11,6 11,7 11
1 2 4 5 6 7 10 11 13,0.0366952,20.4463,Yes,N/A,2,1 2,4,5,6,7,2 6,2 7,10,11,2 10,13,4 10,2 13,5 11,4 13,5 13
1 2 4 5 6 7 10 11 12,0.0440678,18.7886,Yes,N/A,2,1 2,4,5,6,7,2 6,2 7,10,11,12,2 11,2 12,4 11,4 12,5 12,6 12
1 2 4 5 6 7 10 11 12 13,0.0266793,25.5839,Yes,N/A,2,1 2,4,5,6,7,2 6,2 7,10,11,12,13,2 12,2 13,4 12,4 13,5 13
1 2 4 5 6 7 9,0.101715,7.8047,Yes,N/A,2,1 2,4,5,6,7,2 6,9,4 6,2 9,5 7,4 9,5 9,6 9,7 9,2 6 9,2 7 9
1 2 4 5 6 7 9 13,0.0551423,14.8423,Yes,N/A,2,1 2,4,5,6,7,2 6,9,4 6,2 9,5 7,13,5 9,2 13,7 9,4 13,5 13
1 2 4 5 6 7 9 12,0.062868,13.5432,Yes,N/A,2,1 2,4,5,6,7,2 6,9,4 6,2 9,12,4 9,2 12,6 9,4 12,5 12,6 12
1 2 4 5 6 7 9 12 13,0.0355661,20.654,Yes,N/A,2,1 2,4,5,6,7,2 6,9,4 6,2 9,12,13,2 12,2 13,4 12,4 13,5 13
1 2 4 5 6 7 9 11,0.0754227,11.6093,Yes,N/A,2,1 2,4,5,6,7,2 6,9,4 6,11,5 7,2 11,5 9,4 11,5 11,6 11,7 11
1 2 4 5 6 7 9 11 13,0.0427912,18.6804,Yes,N/A,2,1 2,4,5,6,7,2 6,9,4 6,11,5 7,13,5 9,2 13,5 11,4 13,5 13
1 2 4 5 6 7 9 11 12,0.0494649,16.9856,Yes,N/A,2,1 2,4,5,6,7,2 6,9,4 6,11,12,2 11,2 12,4 11,4 12,5 12,6 12
1 2 4 5 6 7 9 11 12 13,0.0300179,23.6975,Yes,N/A,2,1 2,4,5,6,7,2 6,9,4 6,11,12,13,2 12,2 13,4 12,4 13,5 13
1 2 4 5 6 7 9 10,0.0815596,10.5796,Yes,N/A,2,1 2,4,5,6,7,2 6,9,10,2 9,2 10,4 9,4 10,5 10,6 10,7 10,2 6 10
1 2 4 5 6 7 9 10 13,0.0455093,17.6407,Yes,N/A,2,1 2,4,5,6,7,2 6,9,10,2 9,2 10,13,4 10,2 13,6 10,4 13,5 13
1 2 4 5 6 7 9 10 12,0.0553042,15.6204,Yes,N/A,2,1 2,4,5,6,7,2 6,9,10,2 9,12,4 9,2 12,5 10,4 12,5 12,6 12
1 2 4 5 6 7 9 10 12 13,0.0329681,22.4352,Yes,N/A,2,1 2,4,5,6,7,2 6,9,10,2 9,12,13,2 12,2 13,4 12,4 13,5 13
1 2 4 5 6 7 9 10 11,0.0630419,14.124,Yes,N/A,2,1 2,4,5,6,7,2 6,9,10,11,2 10,2 11,4 10,4 11,5 11,6 11,7 11
1 2 4 5 6 7 9 10 11 13,0.0376391,20.7227,Yes,N/A,2,1 2,4,5,6,7,2 6,9,10,11,2 10,13,4 10,2 13,5 11,4 13,5 13
1 2 4 5 6 7 9 10 11 12,0.0448442,18.7983,Yes,N/A,2,1 2,4,5,6,7,2 6,9,10,11,12,2 11,2 12,4 11,4 12,5 12,6 12
1 2 4 5 6 7 9 10 11 12 13,0.0290326,24.8774,Yes,N/A,2,1 2,4,5,6,7,2 6,9,10,11,12,13,2 12,2 13,4 12,4 13,5 13
1 4 5 6 7 8,0.0799114,10.4324,Yes,N/A,N/A,N/A,4,5,6,7,8,4 5,4 6,4 7,4 8,5 8,6 8,7 8,4 5 7,4 5 8,4 6 8
1 4 5 6 7 8 13,0.0348935,19.5131,Yes,N/A,N/A,N/A,4,5,6,7,8,4 5,4 6,4 7,4 8,13,6 8,7 8,4 5 7,4 13,5 13
1 4 5 6 7 8 12,0.0443896,17.3059,Yes,N/A,N/A,N/A,4,5,6,7,8,4 5,4 6,4 7,12,5 8,6 8,7 8,4 12,5 12,6 12
1 4 5 6 7 8 12 13,0.0212014,26.2866,Yes,N/A,N/A,N/A,4,5,6,7,8,4 5,4 6,4 7,12,13,6 8,7 8,4 12,4 13,5 13
1 4 5 6 7 8 11,0.0534767,15.4429,Yes,N/A,N/A,N/A,4,5,6,7,8,4 5,4 6,11,4 8,5 8,6 8,4 11,5 11,6 11,7 11
1 4 5 6 7 8 11 13,0.0260408,23.8976,Yes,N/A,N/A,N/A,4,5,6,7,8,4 5,4 6,11,4 8,13,6 8,4 11,5 11,4 13,5 13
1 4 5 6 7 8 11 12,0.0314117,22.2071,Yes,N/A,N/A,N/A,4,5,6,7,8,4 5,4 6,11,12,5 8,6 8,4 11,4 12,5 12,6 12
1 4 5 6 7 8 11 12 13,0.0168945,30.2964,Yes,N/A,N/A,N/A,4,5,6,7,8,4 5,4 6,11,12,13,6 8,4 11,4 12,4 13,5 13
1 4 5 6 7 8 10,0.0640972,13.5574,Yes,N/A,N/A,N/A,4,5,6,7,8,4 5,10,4 7,4 8,5 8,4 10,5 10,6 10,7 10,8 10
1 4 5 6 7 8 10 13,0.0307381,21.8522,Yes,N/A,N/A,N/A,4,5,6,7,8,4 5,10,4 7,4 8,13,4 10,5 10,6 10,4 13,5 13
1 4 5 6 7 8 10 12,0.0391989,19.3367,Yes,N/A,N/A,N/A,4,5,6,7,8,4 5,10,4 7,12,5 8,4 10,5 10,4 12,5 12,6 12
1 4 5 6 7 8 10 12 13,0.020705,27.2787,Yes,N/A,N/A,N/A,4,5,6,7,8,4 5,10,4 7,12,13,4 10,5 10,4 12,4 13,5 13
1 4 5 6 7 8 10 11,0.0435596,18.5992,Yes,N/A,N/A,N/A,4,5,6,7,8,4 5,10,11,4 8,5 8,4 10,4 11,5 11,6 11,7 11
1 4 5 6 7 8 10 11 13,0.0232804,26.1394,Yes,N/A,N/A,N/A,4,5,6,7,8,4 5,10,11,4 8,13,4 10,4 11,5 11,4 13,5 13
1 4 5 6 7 8 10 11 12,0.028656,24.1799,Yes,N/A,N/A,N/A,4,5,6,7,8,4 5,10,11,12,5 8,4 10,4 11,4 12,5 12,6 12
1 4 5 6 7 8 10 11 12 13,0.0168799,31.2047,Yes,N/A,N/A,N/A,4,5,6,7,8,4 5,10,11,12,13,4 10,4 11,4 12,4 13,5 13
1 2 4 5 6 7 8,0.105359,7.33475,Yes,N/A,2,1 2,4,5,6,7,8,2 7,2 8,4 7,4 8,5 8,6 8,7 8,2 6 8,2 7 8,4 6 8
1 2 4 5 6 7 8 13,0.0549207,14.6898,Yes,N/A,2,1 2,4,5,6,7,8,2 7,2 8,4 7,4 8,13,6 8,2 13,2 6 8,4 13,5 13
1 2 4 5 6 7 8 12,0.0685395,12.507,Yes,N/A,2,1 2,4,5,6,7,8,2 7,2 8,4 7,12,5 8,2 12,7 8,4 12,5 12,6 12
1 2 4 5 6 7 8 12 13,0.0374555,20.0596,Yes,N/A,2,1 2,4,5,6,7,8,2 7,2 8,4 7,12,13,2 12,2 13,4 12,4 13,5 13
1 2 4 5 6 7 8 11,0.0756546,11.3401,Yes,N/A,2,1 2,4,5,6,7,8,2 7,2 8,11,4 8,2 11,6 8,4 11,5 11,6 11,7 11
1 2 4 5 6 7 8 11 13,0.0418047,18.4997,Yes,N/A,2,1 2,4,5,6,7,8,2 7,2 8,11,4 8,13,6 8,2 13,5 11,4 13,5 13
1 2 4 5 6 7 8 11 12,0.051075,16.5974,Yes,N/A,2,1 2,4,5,6,7,8,2 7,2 8,11,12,2 11,2 12,4 11,4 12,5 12,6 12
1 2 4 5 6 7 8 11 12 13,0.0302127,23.5087,Yes,N/A,2,1 2,4,5,6,7,8,2 7,2 8,11,12,13,2 12,2 13,4 12,4 13,5 13
1 2 4 5 6 7 8 10,0.0869402,9.60359,Yes,N/A,2,1 2,4,5,6,7,8,2 7,10,4 7,2 10,5 8,4 10,5 10,6 10,7 10,8 10
1 2 4 5 6 7 8 10 13,0.0486788,16.691,Yes,N/A,2,1 2,4,5,6,7,8,2 7,10,4 7,2 10,13,4 10,2 13,6 10,4 13,5 13
1 2 4 5 6 7 8 10 12,0.0602843,14.3509,Yes,N/A,2,1 2,4,5,6,7,8,2 7,10,4 7,12,5 8,2 12,5 10,4 12,5 12,6 12
1 2 4 5 6 7 8 10 12 13,0.03604,21.0972,Yes,N/A,2,1 2,4,5,6,7,8,2 7,10,4 7,12,13,2 12,2 13,4 12,4 13,5 13
1 2 4 5 6 7 8 10 11,0.0657516,13.4749,Yes,N/A,2,1 2,4,5,6,7,8,2 7,10,11,2 10,2 11,4 10,4 11,5 11,6 11,7 11
1 2 4 5 6 7 8 10 11 13,0.0388283,20.0969,Yes,N/A,2,1 2,4,5,6,7,8,2 7,10,11,2 10,13,4 10,2 13,5 11,4 13,5 13
1 2 4 5 6 7 8 10 11 12,0.0475809,17.8544,Yes,N/A,2,1 2,4,5,6,7,8,2 7,10,11,12,2 11,2 12,4 11,4 12,5 12,6 12
1 2 4 5 6 7 8 10 11 12 13,0.030429,23.9773,Yes,N/A,2,1 2,4,5,6,7,8,2 7,10,11,12,13,2 12,2 13,4 12,4 13,5 13
1 4 5 6 7 8 9,0.0726805,12.2644,Yes,N/A,N/A,N/A,4,5,6,7,8,9,4 6,4 7,4 8,4 9,5 9,6 9,7 9,8 9,4 5 9
1 4 5 6 7 8 9 13,0.0340692,20.5593,Yes,N/A,N/A,N/A,4,5,6,7,8,9,4 6,4 7,4 8,13,5 9,6 9,7 9,4 13,5 13
1 4 5 6 7 8 9 12,0.0419693,18.7892,Yes,N/A,N/A,N/A,4,5,6,7,8,9,4 6,4 7,12,4 9,5 9,6 9,4 12,5 12,6 12
1 4 5 6 7 8 9 12 13,0.0221089,26.7269,Yes,N/A,N/A,N/A,4,5,6,7,8,9,4 6,4 7,12,13,5 9,6 9,4 12,4 13,5 13
1 4 5 6 7 8 9 11,0.0500461,16.7132,Yes,N/A,N/A,N/A,4,5,6,7,8,9,4 6,11,4 8,4 9,5 9,4 11,5 11,6 11,7 11
1 4 5 6 7 8 9 11 13,0.0266077,24.0602,Yes,N/A,N/A,N/A,4,5,6,7,8,9,4 6,11,4 8,13,5 9,4 11,5 11,4 13,5 13
1 4 5 6 7 8 9 11 12,0.0314058,22.8407,Yes,N/A,N/A,N/A,4,5,6,7,8,9,4 6,11,12,4 9,5 9,4 11,4 12,5 12,6 12
1 4 5 6 7 8 9 11 12 13,0.0187183,29.5178,Yes,N/A,N/A,N/A,4,5,6,7,8,9,4 6,11,12,13,5 9,4 11,4 12,4 13,5 13
1 2 4 5 6 7 8 9,0.0913507,8.88789,Yes,N/A,2,1 2,4,5,6,7,8,9,2 8,2 9,4 8,4 9,5 9,6 9,7 9,8 9,2 7 9
1 2 4 5 6 7 8 9 13,0.0514967,15.9012,Yes,N/A,2,1 2,4,5,6,7,8,9,2 8,2 9,4 8,13,5 9,2 13,7 9,4 13,5 13
1 2 4 5 6 7 8 9 12,0.0619166,14.051,Yes,N/A,2,1 2,4,5,6,7,8,9,2 8,2 9,12,4 9,2 12,6 9,4 12,5 12,6 12
1 2 4 5 6 7 8 9 12 13,0.0366086,20.8552,Yes,N/A,2,1 2,4,5,6,7,8,9,2 8,2 9,12,13,2 12,2 13,4 12,4 13,5 13
1 2 4 5 6 7 8 9 11,0.0720786,12.2275,Yes,N/A,2,1 2,4,5,6,7,8,9,2 8,11,4 8,2 11,5 9,4 11,5 11,6 11,7 11
1 2 4 5 6 7 8 9 11 13,0.0426335,18.8355,Yes,N/A,2,1 2,4,5,6,7,8,9,2 8,11,4 8,13,5 9,2 13,5 11,4 13,5 13
1 2 4 5 6 7 8 9 11 12,0.0505225,17.0589,Yes,N/A,2,1 2,4,5,6,7,8,9,2 8,11,12,2 11,2 12,4 11,4 12,5 12,6 12
1 2 4 5 6 7 8 9 11 12 13,0.032269,23.0795,Yes,N/A,2,1 2,4,5,6,7,8,9,2 8,11,12,13,2 12,2 13,4 12,4 13,5 13
1 4 5 6 7 8 9 10,0.0565153,15.3524,Yes,N/A,N/A,N/A,4,5,6,7,8,9,10,4 7,4 8,4 9,4 10,5 10,6 10,7 10,8 10
1 4 5 6 7 8 9 10 13,0.0294232,22.9725,Yes,N/A,N/A,N/A,4,5,6,7,8,9,10,4 7,4 8,13,4 10,5 10,6 10,4 13,5 13
1 4 5 6 7 8 9 10 12,0.0367839,20.5791,Yes,N/A,N/A,N/A,4,5,6,7,8,9,10,4 7,12,4 9,4 10,5 10,4 12,5 12,6 12
1 4 5 6 7 8 9 10 12 13,0.0213861,27.6953,Yes,N/A,N/A,N/A,4,5,6,7,8,9,10,4 7,12,13,4 10,5 10,4 12,4 13,5 13
1 2 4 5 6 7 8 9 10,0.0793785,11.1087,Yes,N/A,2,1 2,4,5,6,7,8,9,10,2 9,2 10,4 9,4 10,5 10,6 10,7 10,8 10
1 2 4 5 6 7 8 9 10 13,0.0465504,17.7133,Yes,N/A,2,1 2,4,5,6,7,8,9,10,2 9,2 10,13,4 10,2 13,6 10,4 13,5 13
1 2 4 5 6 7 8 9 10 12,0.056888,15.4367,Yes,N/A,2,1 2,4,5,6,7,8,9,10,2 9,12,4 9,2 12,5 10,4 12,5 12,6 12
1 2 4 5 6 7 8 9 10 12 13,0.0359395,21.5188,Yes,N/A,2,1 2,4,5,6,7,8,9,10,2 9,12,13,2 12,2 13,4 12,4 13,5 13
1 4 5 6 7 8 9 10 11,0.0416687,19.335,Yes,N/A,N/A,N/A,4,5,6,7,8,9,10,11,4 8,4 9,4 10,4 11,5 11,6 11,7 11
1 4 5 6 7 8 9 10 11 13,0.0242633,26.0486,Yes,N/A,N/A,N/A,4,5,6,7,8,9,10,11,4 8,13,4 10,4 11,5 11,4 13,5 13
1 2 4 5 6 7 8 9 10 11,0.0638176,14.0545,Yes,N/A,2,1 2,4,5,6,7,8,9,10,11,2 10,2 11,4 10,4 11,5 11,6 11,7 11
1 2 4 5 6 7 8 9 10 11 13,0.0403356,19.9678,Yes,N/A,2,1 2,4,5,6,7,8,9,10,11,2 10,13,4 10,2 13,5 11,4 13,5 13
1 4 5 6 7 8 9 10 11 12,0.0292083,24.1589,Yes,N/A,N/A,N/A,4,5,6,7,8,9,10,11,12,4 9,4 10,4 11,4 12,5 12,6 12
1 2 4 5 6 7 8 9 10 11 12,0.0483639,17.8343,Yes,N/A,2,1 2,4,5,6,7,8,9,10,11,12,2 11,2 12,4 11,4 12,5 12,6 12
1 2 4 5 6 7 8 9 10 11 12 13,0.0332094,23.0151,Yes,N/A,N/A,1 2,4,5,6,7,8,9,10,11,12,13,2 12,2 13,4 12,4 13,5 13
1 5 6 7 8 9 10 11 12 13,0.0123104,35.2522,Yes,N/A,N/A,N/A,N/A,5,6,7,8,9,10,11,12,13,5 9,5 10,5 11,5 12,5 13
1 3,0.0146605,3.92978,Yes,N/A,N/A,3,1 3,N/A,N/A,N/A,N/A,N/A,N/A,N/A,N/A,N/A,N/A,N/A,N/A,N/A,N/A
3,0.00462963,2.98611,Yes,N/A,N/A,3,N/A,N/A,N/A,N/A,N/A,N/A,N/A,N/A,N/A,N/A,N/A,N/A,N/A,N/A,N/A
1 3 13,0.0220122,13.9735,Yes,N/A,N/A,3,1 3,N/A,N/A,N/A,N/A,N/A,N/A,N/A,N/A,13,1 13,N/A,3 13,1 3 13,N/A
1 3 12,0.0397877,12.09,Yes,N/A,N/A,3,1 3,N/A,N/A,N/A,N/A,N/A,N/A,N/A,12,1 12,N/A,3 12,1 3 12,N/A,N/A
3 12,0.047368,12.8947,Yes,N/A,N/A,3,N/A,N/A,N/A,N/A,N/A,N/A,N/A,N/A,12,N/A,N/A,3 12,N/A,N/A,N/A
1 3 12 13,0.0189627,22.7958,Yes,N/A,N/A,3,1 3,N/A,N/A,N/A,N/A,N/A,N/A,N/A,12,13,1 13,3 12,3 13,1 3 13,N/A
3 13,0.028678,14.2706,Yes,N/A,N/A,3,N/A,N/A,N/A,N/A,N/A,N/A,N/A,N/A,N/A,13,N/A,N/A,3 13,N/A,N/A
1 3 11,0.0626072,10.4461,Yes,N/A,N/A,3,1 3,N/A,N/A,N/A,N/A,N/A,N/A,11,1 11,N/A,3 11,1 3 11,N/A,N/A,N/A
1 3 11 13,0.0286771,20.1554,Yes,N/A,N/A,3,1 3,N/A,N/A,N/A,N/A,N/A,N/A,11,1 11,13,3 11,1 3 11,3 13,1 3 13,N/A
3 11,0.0706019,11.6308,Yes,N/A,N/A,3,N/A,N/A,N/A,N/A,N/A,N/A,N/A,11,N/A,N/A,3 11,N/A,N/A,N/A,N/A
1 3 11 12,0.0375687,19.1275,Yes,N/A,N/A,3,1 3,N/A,N/A,N/A,N/A,N/A,N/A,11,12,1 12,3 11,3 12,1 3 12,N/A,N/A
1 3 11 12 13,0.0151776,30.2653,Yes,N/A,N/A,3,1 3,N/A,N/A,N/A,N/A,N/A,N/A,11,12,13,3 11,3 12,3 13,1 3 13,N/A
3 12 13,0.0157447,23.6789,Yes,N/A,N/A,3,N/A,N/A,N/A,N/A,N/A,N/A,N/A,N/A,12,13,N/A,3 12,3 13,N/A,N/A
1 3 10,0.0904707,9.01312,Yes,N/A,N/A,3,1 3,N/A,N/A,N/A,N/A,N/A,10,1 10,N/A,3 10,1 3 10,N/A,N/A,N/A,N/A
3 10,0.0983796,10.4647,Yes,N/A,N/A,3,N/A,N/A,N/A,N/A,N/A,N/A,10,N/A,N/A,3 10,N/A,N/A,N/A,N/A,N/A
1 3 10 13,0.0283002,19.9777,Yes,N/A,N/A,3,1 3,N/A,N/A,N/A,N/A,N/A,10,1 10,N/A,13,1 13,N/A,3 13,1 3 13,N/A
1 3 10 12,0.0516252,16.6293,Yes,N/A,N/A,3,1 3,N/A,N/A,N/A,N/A,N/A,10,1 10,12,3 10,1 3 10,3 12,1 3 12,N/A,N/A
3 10 12,0.0344811,19.6257,Yes,N/A,N/A,3,N/A,N/A,N/A,N/A,N/A,N/A,10,N/A,12,3 10,N/A,3 12,N/A,N/A,N/A
1 3 10 12 13,0.019366,27.3102,Yes,N/A,N/A,3,1 3,N/A,N/A,N/A,N/A,N/A,10,1 10,12,13,1 13,3 12,3 13,1 3 13,N/A
3 10 13,0.0167342,22.5175,Yes,N/A,N/A,3,N/A,N/A,N/A,N/A,N/A,N/A,10,N/A,N/A,13,N/A,N/A,3 13,N/A,N/A
1 3 10 11,0.0603781,15.9243,Yes,N/A,N/A,3,1 3,N/A,N/A,N/A,N/A,N/A,10,11,1 11,3 10,3 11,1 3 11,N/A,N/A,N/A
1 3 10 11 13,0.0212696,26.3569,Yes,N/A,N/A,3,1 3,N/A,N/A,N/A,N/A,N/A,10,11,1 11,13,3 11,1 3 11,3 13,1 3 13,N/A
1 3 10 11 12,0.0297257,25.0242,Yes,N/A,N/A,3,1 3,N/A,N/A,N/A,N/A,N/A,10,11,12,3 10,3 11,3 12,1 3 12,N/A,N/A
1 3 10 11 12 13,0.0128389,35.6836,Yes,N/A,N/A,3,1 3,N/A,N/A,N/A,N/A,N/A,10,11,12,13,3 11,3 12,3 13,1 3 13,N/A
3 11 13,0.0207851,22.3445,Yes,N/A,N/A,3,N/A,N/A,N/A,N/A,N/A,N/A,N/A,11,N/A,13,3 11,N/A,3 13,N/A,N/A
3 11 12,0.0280511,20.8437,Yes,N/A,N/A,3,N/A,N/A,N/A,N/A,N/A,N/A,N/A,11,12,N/A,3 11,3 12,N/A,N/A,N/A
3 11 12 13,0.0106319,30.8182,Yes,N/A,N/A,3,N/A,N/A,N/A,N/A,N/A,N/A,N/A,11,12,13,3 11,3 12,3 13,N/A,N/A
1 3 9,0.121063,7.93179,Yes,N/A,N/A,3,1 3,N/A,N/A,N/A,N/A,9,1 9,N/A,3 9,1 3 9,N/A,N/A,N/A,N/A,N/A
3 9,0.116812,9.54913,Yes,N/A,N/A,3,N/A,N/A,N/A,N/A,N/A,9,N/A,N/A,3 9,N/A,N/A,N/A,N/A,N/A,N/A
1 3 9 13,0.0420599,17.7048,Yes,N/A,N/A,3,1 3,N/A,N/A,N/A,N/A,9,1 9,N/A,3 9,13,1 13,N/A,3 13,1 3 13,N/A
1 3 9 12,0.0464208,17.1062,Yes,N/A,N/A,3,1 3,N/A,N/A,N/A,N/A,9,1 9,N/A,12,1 12,N/A,3 12,1 3 12,N/A,N/A
3 9 12,0.0244848,20.273,Yes,N/A,N/A,3,N/A,N/A,N/A,N/A,N/A,9,N/A,N/A,12,N/A,N/A,3 12,N/A,N/A,N/A
1 3 9 12 13,0.0194072,26.8514,Yes,N/A,N/A,3,1 3,N/A,N/A,N/A,N/A,9,1 9,N/A,12,13,1 13,3 12,3 13,1 3 13,N/A
1 3 9 11,0.0752357,13.7578,Yes,N/A,N/A,3,1 3,N/A,N/A,N/A,N/A,9,1 9,11,3 9,1 3 9,3 11,1 3 11,N/A,N/A,N/A
1 3 9 11 13,0.030057,23.2749,Yes,N/A,N/A,3,1 3,N/A,N/A,N/A,N/A,9,1 9,11,3 9,13,3 11,1 3 11,3 13,1 3 13,N/A
3 9 11,0.0454122,17.3838,Yes,N/A,N/A,3,N/A,N/A,N/A,N/A,N/A,9,N/A,11,3 9,N/A,3 11,N/A,N/A,N/A,N/A
1 3 9 11 12,0.0346347,22.3643,Yes,N/A,N/A,3,1 3,N/A,N/A,N/A,N/A,9,1 9,11,12,1 12,3 11,3 12,1 3 12,N/A,N/A
1 3 9 11 12 13,0.0157344,32.305,Yes,N/A,N/A,3,1 3,N/A,N/A,N/A,N/A,9,1 9,11,12,13,3 11,3 12,3 13,1 3 13,N/A
3 9 13,0.0292478,20.2217,Yes,N/A,N/A,3,N/A,N/A,N/A,N/A,N/A,9,N/A,N/A,3 9,13,N/A,N/A,3 13,N/A,N/A
3 9 12 13,0.00941022,30.5225,Yes,N/A,N/A,3,N/A,N/A,N/A,N/A,N/A,9,N/A,N/A,12,13,N/A,3 12,3 13,N/A,N/A
1 3 9 10,0.0797807,13.4626,Yes,N/A,N/A,3,1 3,N/A,N/A,N/A,N/A,9,10,1 10,3 9,3 10,1 3 10,N/A,N/A,N/A,N/A
3 9 10,0.0518422,16.184,Yes,N/A,N/A,3,N/A,N/A,N/A,N/A,N/A,9,10,N/A,3 9,3 10,N/A,N/A,N/A,N/A,N/A
1 3 9 10 13,0.0308224,23.2699,Yes,N/A,N/A,3,1 3,N/A,N/A,N/A,N/A,9,10,1 10,3 9,13,1 13,N/A,3 13,1 3 13,N/A
1 3 9 10 12,0.034716,21.7268,Yes,N/A,N/A,3,1 3,N/A,N/A,N/A,N/A,9,10,1 10,12,3 10,1 3 10,3 12,1 3 12,N/A,N/A
3 9 10 12,0.0170426,26.1821,Yes,N/A,N/A,3,N/A,N/A,N/A,N/A,N/A,9,10,N/A,12,3 10,N/A,3 12,N/A,N/A,N/A
1 3 9 10 12 13,0.0158715,31.5599,Yes,N/A,N/A,3,1 3,N/A,N/A,N/A,N/A,9,10,1 10,12,13,1 13,3 12,3 13,1 3 13,N/A
1 3 9 10 11,0.0432641,20.7603,Yes,N/A,N/A,3,1 3,N/A,N/A,N/A,N/A,9,10,11,3 9,3 10,3 11,1 3 11,N/A,N/A,N/A
1 3 9 10 11 13,0.0194288,30.1274,Yes,N/A,N/A,3,1 3,N/A,N/A,N/A,N/A,9,10,11,3 9,13,3 11,1 3 11,3 13,1 3 13,N/A
1 3 9 10 11 12,0.0228848,29.1181,Yes,N/A,N/A,3,1 3,N/A,N/A,N/A,N/A,9,10,11,12,3 10,3 11,3 12,1 3 12,N/A,N/A
1 3 9 10 11 12 13,0.0117229,38.864,Yes,N/A,N/A,3,1 3,N/A,N/A,N/A,N/A,9,10,11,12,13,3 11,3 12,3 13,1 3 13,N/A
3 10 12 13,0.00922532,31.2447,Yes,N/A,N/A,3,N/A,N/A,N/A,N/A,N/A,N/A,10,N/A,12,13,N/A,3 12,3 13,N/A,N/A
3 10 11,0.0421007,18.2778,Yes,N/A,N/A,3,N/A,N/A,N/A,N/A,N/A,N/A,10,11,N/A,3 10,3 11,N/A,N/A,N/A,N/A
3 10 11 13,0.0113812,29.8083,Yes,N/A,N/A,3,N/A,N/A,N/A,N/A,N/A,N/A,10,11,N/A,13,3 11,N/A,3 13,N/A,N/A
3 10 11 12,0.0190088,26.3962,Yes,N/A,N/A,3,N/A,N/A,N/A,N/A,N/A,N/A,10,11,12,3 10,3 11,3 12,N/A,N/A,N/A
3 10 11 12 13,0.00697648,37.2215,Yes,N/A,N/A,3,N/A,N/A,N/A,N/A,N/A,N/A,10,11,12,13,3 11,3 12,3 13,N/A,N/A
1 3 8,0.140496,7.29865,Yes,N/A,N/A,3,1 3,N/A,N/A,N/A,8,1 8,N/A,3 8,1 3 8,N/A,N/A,N/A,N/A,N/A,N/A
3 8,0.1259,8.82838,Yes,N/A,N/A,3,N/A,N/A,N/A,N/A,8,N/A,N/A,3 8,N/A,N/A,N/A,N/A,N/A,N/A,N/A
1 3 8 13,0.0552796,15.786,Yes,N/A,N/A,3,1 3,N/A,N/A,N/A,8,1 8,N/A,3 8,1 3 8,13,1 13,N/A,3 13,1 3 13,N/A
1 3 8 12,0.0617668,15.0676,Yes,N/A,N/A,3,1 3,N/A,N/A,N/A,8,1 8,N/A,3 8,12,1 12,N/A,3 12,1 3 12,N/A,N/A
3 8 12,0.0382498,18.0733,Yes,N/A,N/A,3,N/A,N/A,N/A,N/A,8,N/A,N/A,3 8,12,N/A,N/A,3 12,N/A,N/A,N/A
1 3 8 12 13,0.026051,24.3403,Yes,N/A,N/A,3,1 3,N/A,N/A,N/A,8,1 8,N/A,3 8,12,13,1 13,3 12,3 13,1 3 13,N/A
3 8 13,0.0299694,19.5558,Yes,N/A,N/A,3,N/A,N/A,N/A,N/A,8,N/A,N/A,3 8,N/A,13,N/A,N/A,3 13,N/A,N/A
1 3 8 11,0.0606505,14.9033,Yes,N/A,N/A,3,1 3,N/A,N/A,N/A,8,1 8,N/A,11,1 11,N/A,3 11,1 3 11,N/A,N/A,N/A
1 3 8 11 13,0.0271393,23.2719,Yes,N/A,N/A,3,1 3,N/A,N/A,N/A,8,1 8,N/A,11,1 11,13,3 11,1 3 11,3 13,1 3 13,N/A
3 8 11,0.0294657,18.2943,Yes,N/A,N/A,3,N/A,N/A,N/A,N/A,8,N/A,N/A,11,N/A,N/A,3 11,N/A,N/A,N/A,N/A
1 3 8 11 12,0.0314036,22.424,Yes,N/A,N/A,3,1 3,N/A,N/A,N/A,8,1 8,N/A,11,12,1 12,3 11,3 12,1 3 12,N/A,N/A
1 3 8 11 12 13,0.0151075,32.1885,Yes,N/A,N/A,3,1 3,N/A,N/A,N/A,8,1 8,N/A,11,12,13,3 11,3 12,3 13,1 3 13,N/A
1 3 8 10,0.0907591,11.6469,Yes,N/A,N/A,3,1 3,N/A,N/A,N/A,8,1 8,10,3 8,1 3 8,3 10,1 3 10,N/A,N/A,N/A,8 10
3 8 10,0.0505348,15.4755,Yes,N/A,N/A,3,N/A,N/A,N/A,N/A,8,N/A,10,3 8,N/A,3 10,N/A,N/A,N/A,N/A,8 10
1 3 8 10 13,0.0347913,21.1479,Yes,N/A,N/A,3,1 3,N/A,N/A,N/A,8,1 8,10,3 8,1 3 8,13,1 13,N/A,3 13,1 3 13,8 10
1 3 8 10 12,0.0448016,18.9118,Yes,N/A,N/A,3,1 3,N/A,N/A,N/A,8,1 8,10,3 8,12,3 10,1 3 10,3 12,1 3 12,N/A,8 10
3 8 10 12,0.0213903,23.635,Yes,N/A,N/A,3,N/A,N/A,N/A,N/A,8,N/A,10,3 8,12,3 10,N/A,3 12,N/A,N/A,8 10
1 3 8 10 12 13,0.0206511,28.1606,Yes,N/A,N/A,3,1 3,N/A,N/A,N/A,8,1 8,10,3 8,12,13,1 13,3 12,3 13,1 3 13,8 10
3 8 10 13,0.0142979,26.9193,Yes,N/A,N/A,3,N/A,N/A,N/A,N/A,8,N/A,10,3 8,N/A,13,N/A,N/A,3 13,N/A,8 10
1 3 8 10 11,0.0468405,18.4813,Yes,N/A,N/A,3,1 3,N/A,N/A,N/A,8,1 8,10,11,1 11,3 10,3 11,1 3 11,N/A,N/A,8 10
1 3 8 10 11 13,0.0204016,27.5706,Yes,N/A,N/A,3,1 3,N/A,N/A,N/A,8,1 8,10,11,1 11,13,3 11,1 3 11,3 13,1 3 13,8 10
1 3 8 10 11 12,0.0259892,26.0442,Yes,N/A,N/A,3,1 3,N/A,N/A,N/A,8,1 8,10,11,12,3 10,3 11,3 12,1 3 12,N/A,8 10
1 3 8 10 11 12 13,0.0134257,35.093,Yes,N/A,N/A,3,1 3,N/A,N/A,N/A,8,1 8,10,11,12,13,3 11,3 12,3 13,1 3 13,8 10
3 8 12 13,0.013062,28.0718,Yes,N/A,N/A,3,N/A,N/A,N/A,N/A,8,N/A,N/A,3 8,12,13,N/A,3 12,3 13,N/A,N/A
3 8 11 13,0.0106524,28.5431,Yes,N/A,N/A,3,N/A,N/A,N/A,N/A,8,N/A,N/A,11,N/A,13,3 11,N/A,3 13,N/A,N/A
3 8 11 12,0.013646,26.9348,Yes,N/A,N/A,3,N/A,N/A,N/A,N/A,8,N/A,N/A,11,12,N/A,3 11,3 12,N/A,N/A,N/A
3 8 11 12 13,0.00625968,36.2076,Yes,N/A,N/A,3,N/A,N/A,N/A,N/A,8,N/A,N/A,11,12,13,3 11,3 12,3 13,N/A,N/A
1 3 8 9,0.0874831,11.5782,Yes,N/A,N/A,3,1 3,N/A,N/A,N/A,8,9,1 9,3 8,3 9,1 3 9,N/A,N/A,N/A,8 9,1 8 9
3 8 9,0.0518815,14.4462,Yes,N/A,N/A,3,N/A,N/A,N/A,N/A,8,9,N/A,3 8,3 9,N/A,N/A,N/A,N/A,8 9,N/A
1 3 8 9 13,0.0383947,19.9227,Yes,N/A,N/A,3,1 3,N/A,N/A,N/A,8,9,1 9,3 8,3 9,13,1 13,N/A,3 13,8 9,1 8 9
1 3 8 9 12,0.0428945,19.1974,Yes,N/A,N/A,3,1 3,N/A,N/A,N/A,8,9,1 9,3 8,12,1 12,N/A,3 12,1 3 12,8 9,1 8 9
3 8 9 12,0.0185552,24.4049,Yes,N/A,N/A,3,N/A,N/A,N/A,N/A,8,9,N/A,3 8,12,N/A,N/A,3 12,N/A,8 9,N/A
1 3 8 9 12 13,0.020834,27.5211,Yes,N/A,N/A,3,1 3,N/A,N/A,N/A,8,9,1 9,3 8,12,13,1 13,3 12,3 13,8 9,1 8 9
1 3 8 9 11,0.0442773,17.8752,Yes,N/A,N/A,3,1 3,N/A,N/A,N/A,8,9,1 9,11,3 9,1 3 9,3 11,1 3 11,N/A,8 9,1 8 9
1 3 8 9 11 13,0.0221836,26.3546,Yes,N/A,N/A,3,1 3,N/A,N/A,N/A,8,9,1 9,11,3 9,13,3 11,1 3 11,3 13,8 9,1 8 9
3 8 9 11,0.0206869,23.0407,Yes,N/A,N/A,3,N/A,N/A,N/A,N/A,8,9,N/A,11,3 9,N/A,3 11,N/A,N/A,8 9,N/A
1 3 8 9 11 12,0.0253911,25.2386,Yes,N/A,N/A,3,1 3,N/A,N/A,N/A,8,9,1 9,11,12,1 12,3 11,3 12,1 3 12,8 9,1 8 9
1 3 8 9 11 12 13,0.0137945,34.1722,Yes,N/A,N/A,3,1 3,N/A,N/A,N/A,8,9,1 9,11,12,13,3 11,3 12,3 13,8 9,1 8 9
1 3 8 9 10,0.0514343,17.3614,Yes,N/A,N/A,3,1 3,N/A,N/A,N/A,8,9,10,3 8,3 9,3 10,1 3 10,N/A,N/A,8 9,8 10
3 8 9 10,0.0298458,19.7954,Yes,N/A,N/A,3,N/A,N/A,N/A,N/A,8,9,10,3 8,3 9,3 10,N/A,N/A,N/A,8 9,8 10
1 3 8 9 10 13,0.0254603,25.9194,Yes,N/A,N/A,3,1 3,N/A,N/A,N/A,8,9,10,3 8,3 9,13,1 13,N/A,3 13,8 9,8 10
1 3 8 9 10 12,0.0288851,24.1179,Yes,N/A,N/A,3,1 3,N/A,N/A,N/A,8,9,10,3 8,12,3 10,1 3 10,3 12,1 3 12,8 9,8 10
3 8 9 10 12,0.0134533,28.5852,Yes,N/A,N/A,3,N/A,N/A,N/A,N/A,8,9,10,3 8,12,3 10,N/A,3 12,N/A,8 9,8 10
1 3 8 9 10 12 13,0.0160495,32.6607,Yes,N/A,N/A,3,1 3,N/A,N/A,N/A,8,9,10,3 8,12,13,1 13,3 12,3 13,8 9,8 10
1 3 8 9 10 11,0.0310866,23.653,Yes,N/A,N/A,3,1 3,N/A,N/A,N/A,8,9,10,11,3 9,3 10,3 11,1 3 11,N/A,8 9,8 10
1 3 8 9 10 11 13,0.016723,31.8784,Yes,N/A,N/A,3,1 3,N/A,N/A,N/A,8,9,10,11,3 9,13,3 11,1 3 11,3 13,8 9,8 10
1 3 8 9 10 11 12,0.0195905,30.5845,Yes,N/A,N/A,3,1 3,N/A,N/A,N/A,8,9,10,11,12,3 10,3 11,3 12,1 3 12,8 9,8 10
1 3 8 9 10 11 12 13,0.0117779,39.1734,Yes,N/A,N/A,3,1 3,N/A,N/A,N/A,8,9,10,11,12,13,3 11,3 12,3 13,8 9,8 10
3 9 11 13,0.0156956,27.2049,Yes,N/A,N/A,3,N/A,N/A,N/A,N/A,N/A,9,N/A,11,3 9,13,3 11,N/A,3 13,N/A,N/A
3 9 11 12,0.0148099,27.4653,Yes,N/A,N/A,3,N/A,N/A,N/A,N/A,N/A,9,N/A,11,12,N/A,3 11,3 12,N/A,N/A,N/A
3 9 11 12 13,0.00689383,36.5991,Yes,N/A,N/A,3,N/A,N/A,N/A,N/A,N/A,9,N/A,11,12,13,3 11,3 12,3 13,N/A,N/A
3 9 10 13,0.014289,27.6162,Yes,N/A,N/A,3,N/A,N/A,N/A,N/A,N/A,9,10,N/A,3 9,13,N/A,N/A,3 13,N/A,N/A
3 9 10 12 13,0.00624264,37.3286,Yes,N/A,N/A,3,N/A,N/A,N/A,N/A,N/A,9,10,N/A,12,13,N/A,3 12,3 13,N/A,N/A
3 9 10 11,0.0255192,22.7984,Yes,N/A,N/A,3,N/A,N/A,N/A,N/A,N/A,9,10,11,3 9,3 10,3 11,N/A,N/A,N/A,N/A
3 9 10 11 13,0.00950831,33.366,Yes,N/A,N/A,3,N/A,N/A,N/A,N/A,N/A,9,10,11,3 9,13,3 11,N/A,3 13,N/A,N/A
3 9 10 11 12,0.0113354,31.7467,Yes,N/A,N/A,3,N/A,N/A,N/A,N/A,N/A,9,10,11,12,3 10,3 11,3 12,N/A,N/A,N/A
3 9 10 11 12 13,0.0052696,41.7365,Yes,N/A,N/A,3,N/A,N/A,N/A,N/A,N/A,9,10,11,12,13,3 11,3 12,3 13,N/A,N/A
1 3 7,0.14877,7.00195,Yes,N/A,N/A,3,1 3,N/A,N/A,7,1 7,N/A,3 7,1 3 7,N/A,N/A,N/A,N/A,N/A,N/A,N/A
3 7,0.125643,8.24678,Yes,N/A,N/A,3,N/A,N/A,N/A,7,N/A,N/A,3 7,N/A,N/A,N/A,N/A,N/A,N/A,N/A,N/A
1 3 7 13,0.0546812,15.7101,Yes,N/A,N/A,3,1 3,N/A,N/A,7,1 7,N/A,3 7,1 3 7,N/A,13,1 13,N/A,3 13,1 3 13,N/A
1 3 7 12,0.0732021,13.5118,Yes,N/A,N/A,3,1 3,N/A,N/A,7,1 7,N/A,3 7,1 3 7,12,1 12,N/A,3 12,1 3 12,N/A,N/A
3 7 12,0.0355885,17.612,Yes,N/A,N/A,3,N/A,N/A,N/A,7,N/A,N/A,3 7,N/A,12,N/A,N/A,3 12,N/A,N/A,N/A
1 3 7 12 13,0.0280852,22.6912,Yes,N/A,N/A,3,1 3,N/A,N/A,7,1 7,N/A,3 7,1 3 7,12,13,1 13,3 12,3 13,1 3 13,N/A
3 7 13,0.0283511,19.0709,Yes,N/A,N/A,3,N/A,N/A,N/A,7,N/A,N/A,3 7,N/A,N/A,13,N/A,N/A,3 13,N/A,N/A
1 3 7 11,0.0727693,13.1433,Yes,N/A,N/A,3,1 3,N/A,N/A,7,1 7,N/A,3 7,11,1 11,N/A,3 11,1 3 11,N/A,N/A,7 11
1 3 7 11 13,0.0312498,21.2592,Yes,N/A,N/A,3,1 3,N/A,N/A,7,1 7,N/A,3 7,11,1 11,13,3 11,1 3 11,3 13,1 3 13,7 11
3 7 11,0.0411791,16.2203,Yes,N/A,N/A,3,N/A,N/A,N/A,7,N/A,N/A,3 7,11,N/A,N/A,3 11,N/A,N/A,N/A,7 11
1 3 7 11 12,0.0379323,20.1785,Yes,N/A,N/A,3,1 3,N/A,N/A,7,1 7,N/A,3 7,11,12,1 12,3 11,3 12,1 3 12,N/A,7 11
1 3 7 11 12 13,0.0172018,29.7685,Yes,N/A,N/A,3,1 3,N/A,N/A,7,1 7,N/A,3 7,11,12,13,3 11,3 12,3 13,1 3 13,7 11
3 7 12 13,0.0117413,27.7491,Yes,N/A,N/A,3,N/A,N/A,N/A,7,N/A,N/A,3 7,N/A,12,13,N/A,3 12,3 13,N/A,N/A
1 3 7 10,0.0664464,12.9642,Yes,N/A,N/A,3,1 3,N/A,N/A,7,1 7,N/A,10,1 10,N/A,3 10,1 3 10,N/A,N/A,7 10,1 7 10
3 7 10,0.0294978,16.2975,Yes,N/A,N/A,3,N/A,N/A,N/A,7,N/A,N/A,10,N/A,N/A,3 10,N/A,N/A,N/A,7 10,N/A
1 3 7 10 13,0.0245489,23.3748,Yes,N/A,N/A,3,1 3,N/A,N/A,7,1 7,N/A,10,1 10,N/A,13,1 13,N/A,3 13,7 10,1 7 10
1 3 7 10 12,0.0373722,19.1073,Yes,N/A,N/A,3,1 3,N/A,N/A,7,1 7,N/A,10,1 10,12,3 10,1 3 10,3 12,1 3 12,7 10,1 7 10
3 7 10 12,0.0139675,24.973,Yes,N/A,N/A,3,N/A,N/A,N/A,7,N/A,N/A,10,N/A,12,3 10,N/A,3 12,N/A,7 10,N/A
1 3 7 10 12 13,0.016705,28.9522,Yes,N/A,N/A,3,1 3,N/A,N/A,7,1 7,N/A,10,1 10,12,13,1 13,3 12,3 13,7 10,1 7 10
3 7 10 13,0.00887614,28.1117,Yes,N/A,N/A,3,N/A,N/A,N/A,7,N/A,N/A,10,N/A,N/A,13,N/A,N/A,3 13,7 10,N/A
1 3 7 10 11,0.0399649,18.6164,Yes,N/A,N/A,3,1 3,N/A,N/A,7,1 7,N/A,10,11,1 11,3 10,3 11,1 3 11,N/A,7 10,7 11
1 3 7 10 11 13,0.0175343,28.2657,Yes,N/A,N/A,3,1 3,N/A,N/A,7,1 7,N/A,10,11,1 11,13,3 11,1 3 11,3 13,7 10,7 11
1 3 7 10 11 12,0.0237965,26.0591,Yes,N/A,N/A,3,1 3,N/A,N/A,7,1 7,N/A,10,11,12,3 10,3 11,3 12,1 3 12,7 10,7 11
1 3 7 10 11 12 13,0.0121223,35.6975,Yes,N/A,N/A,3,1 3,N/A,N/A,7,1 7,N/A,10,11,12,13,3 11,3 12,3 13,7 10,7 11
1 3 7 9,0.0901935,9.9466,Yes,N/A,N/A,3,1 3,N/A,N/A,7,1 7,9,3 7,1 3 7,3 9,1 3 9,N/A,N/A,7 9,1 7 9,N/A
3 7 9,0.0454908,13.8053,Yes,N/A,N/A,3,N/A,N/A,N/A,7,N/A,9,3 7,N/A,3 9,N/A,N/A,N/A,7 9,N/A,N/A
1 3 7 9 13,0.0384684,18.673,Yes,N/A,N/A,3,1 3,N/A,N/A,7,1 7,9,3 7,1 3 7,3 9,13,1 13,N/A,3 13,1 3 13,N/A
1 3 7 9 12,0.0441675,17.7766,Yes,N/A,N/A,3,1 3,N/A,N/A,7,1 7,9,3 7,1 3 7,12,1 12,N/A,3 12,7 9,1 7 9,N/A
3 7 9 12,0.0178351,23.7991,Yes,N/A,N/A,3,N/A,N/A,N/A,7,N/A,9,3 7,N/A,12,N/A,N/A,3 12,7 9,N/A,N/A
1 3 7 9 12 13,0.0209619,26.0761,Yes,N/A,N/A,3,1 3,N/A,N/A,7,1 7,9,3 7,1 3 7,12,13,1 13,3 12,3 13,1 3 13,N/A
1 3 7 9 11,0.0543333,15.1806,Yes,N/A,N/A,3,1 3,N/A,N/A,7,1 7,9,3 7,11,3 9,1 3 9,3 11,1 3 11,7 9,1 7 9,7 11
1 3 7 9 11 13,0.0258855,23.6813,Yes,N/A,N/A,3,1 3,N/A,N/A,7,1 7,9,3 7,11,3 9,13,3 11,1 3 11,3 13,1 3 13,7 11
3 7 9 11,0.0253805,20.5282,Yes,N/A,N/A,3,N/A,N/A,N/A,7,N/A,9,3 7,11,3 9,N/A,3 11,N/A,7 9,N/A,7 11
1 3 7 9 11 12,0.0311117,22.4306,Yes,N/A,N/A,3,1 3,N/A,N/A,7,1 7,9,3 7,11,12,1 12,3 11,3 12,7 9,1 7 9,7 11
1 3 7 9 11 12 13,0.0159971,31.1334,Yes,N/A,N/A,3,1 3,N/A,N/A,7,1 7,9,3 7,11,12,13,3 11,3 12,3 13,1 3 13,7 11
3 7 9 13,0.015376,24.2059,Yes,N/A,N/A,3,N/A,N/A,N/A,7,N/A,9,3 7,N/A,3 9,13,N/A,N/A,3 13,N/A,N/A
3 7 9 12 13,0.00732233,33.63,Yes,N/A,N/A,3,N/A,N/A,N/A,7,N/A,9,3 7,N/A,12,13,N/A,3 12,3 13,N/A,N/A
1 3 7 9 10,0.0552828,15.0808,Yes,N/A,N/A,3,1 3,N/A,N/A,7,1 7,9,10,1 10,3 9,3 10,1 3 10,N/A,7 9,7 10,1 7 10
3 7 9 10,0.0250111,20.8198,Yes,N/A,N/A,3,N/A,N/A,N/A,7,N/A,9,10,N/A,3 9,3 10,N/A,N/A,7 9,7 10,N/A
1 3 7 9 10 13,0.0242643,24.5123,Yes,N/A,N/A,3,1 3,N/A,N/A,7,1 7,9,10,1 10,3 9,13,1 13,N/A,3 13,7 10,1 7 10
1 3 7 9 10 12,0.0300532,22.1451,Yes,N/A,N/A,3,1 3,N/A,N/A,7,1 7,9,10,1 10,12,3 10,1 3 10,3 12,7 9,7 10,1 7 10
3 7 9 10 12,0.0111687,30.1557,Yes,N/A,N/A,3,N/A,N/A,N/A,7,N/A,9,10,N/A,12,3 10,N/A,3 12,7 9,7 10,N/A
1 3 7 9 10 12 13,0.015283,31.0018,Yes,N/A,N/A,3,1 3,N/A,N/A,7,1 7,9,10,1 10,12,13,1 13,3 12,3 13,7 10,1 7 10
1 3 7 9 10 11,0.0362033,20.4783,Yes,N/A,N/A,3,1 3,N/A,N/A,7,1 7,9,10,11,3 9,3 10,3 11,1 3 11,7 9,7 10,7 11
1 3 7 9 10 11 13,0.0178985,29.288,Yes,N/A,N/A,3,1 3,N/A,N/A,7,1 7,9,10,11,3 9,13,3 11,1 3 11,3 13,7 10,7 11
1 3 7 9 10 11 12,0.0225868,27.3211,Yes,N/A,N/A,3,1 3,N/A,N/A,7,1 7,9,10,11,12,3 10,3 11,3 12,7 9,7 10,7 11
1 3 7 9 10 11 12 13,0.0126727,35.7965,Yes,N/A,N/A,3,1 3,N/A,N/A,7,1 7,9,10,11,12,13,3 11,3 12,3 13,7 10,7 11
3 7 11 13,0.013738,26.2505,Yes,N/A,N/A,3,N/A,N/A,N/A,7,N/A,N/A,3 7,11,N/A,13,3 11,N/A,3 13,N/A,7 11
3 7 11 12,0.0171661,24.6227,Yes,N/A,N/A,3,N/A,N/A,N/A,7,N/A,N/A,3 7,11,12,N/A,3 11,3 12,N/A,N/A,7 11
3 7 11 12 13,0.00740399,33.6114,Yes,N/A,N/A,3,N/A,N/A,N/A,7,N/A,N/A,3 7,11,12,13,3 11,3 12,3 13,N/A,7 11
3 7 10 12 13,0.00534367,36.215,Yes,N/A,N/A,3,N/A,N/A,N/A,7,N/A,N/A,10,N/A,12,13,N/A,3 12,3 13,7 10,N/A
3 7 10 11,0.017554,23.4463,Yes,N/A,N/A,3,N/A,N/A,N/A,7,N/A,N/A,10,11,N/A,3 10,3 11,N/A,N/A,7 10,7 11
3 7 10 11 13,0.00655652,34.5643,Yes,N/A,N/A,3,N/A,N/A,N/A,7,N/A,N/A,10,11,N/A,13,3 11,N/A,3 13,7 10,7 11
3 7 10 11 12,0.00966199,30.7703,Yes,N/A,N/A,3,N/A,N/A,N/A,7,N/A,N/A,10,11,12,3 10,3 11,3 12,N/A,7 10,7 11
3 7 10 11 12 13,0.00451223,40.9309,Yes,N/A,N/A,3,N/A,N/A,N/A,7,N/A,N/A,10,11,12,13,3 11,3 12,3 13,7 10,7 11
1 3 7 8,0.079595,9.97522,Yes,N/A,N/A,3,1 3,N/A,N/A,7,8,1 8,3 7,3 8,1 3 8,N/A,N/A,7 8,1 7 8,N/A,3 7 8
3 7 8,0.0469125,12.83,Yes,N/A,N/A,3,N/A,N/A,N/A,7,8,N/A,3 7,3 8,N/A,N/A,N/A,7 8,N/A,N/A,3 7 8
1 3 7 8 13,0.0380361,17.1175,Yes,N/A,N/A,3,1 3,N/A,N/A,7,8,1 8,3 7,3 8,1 3 8,13,1 13,7 8,3 13,1 3 13,3 7 8
1 3 7 8 12,0.0458017,16.9895,Yes,N/A,N/A,3,1 3,N/A,N/A,7,8,1 8,3 7,3 8,12,1 12,N/A,3 12,1 3 12,N/A,3 7 8
3 7 8 12,0.0197441,21.8906,Yes,N/A,N/A,3,N/A,N/A,N/A,7,8,N/A,3 7,3 8,12,N/A,N/A,3 12,N/A,N/A,3 7 8
1 3 7 8 12 13,0.0222029,24.7511,Yes,N/A,N/A,3,1 3,N/A,N/A,7,8,1 8,3 7,3 8,12,13,1 13,3 12,3 13,1 3 13,3 7 8
3 7 8 13,0.0169482,22.7414,Yes,N/A,N/A,3,N/A,N/A,N/A,7,8,N/A,3 7,3 8,N/A,13,N/A,7 8,3 13,N/A,3 7 8
1 3 7 8 11,0.048682,16.3923,Yes,N/A,N/A,3,1 3,N/A,N/A,7,8,1 8,3 7,11,1 11,N/A,3 11,7 8,1 7 8,N/A,7 11
1 3 7 8 11 13,0.0252784,23.1596,Yes,N/A,N/A,3,1 3,N/A,N/A,7,8,1 8,3 7,11,1 11,13,3 11,7 8,3 13,1 3 13,7 11
3 7 8 11,0.0230374,21.3992,Yes,N/A,N/A,3,N/A,N/A,N/A,7,8,N/A,3 7,11,N/A,N/A,3 11,7 8,N/A,N/A,7 11
1 3 7 8 11 12,0.029007,22.6447,Yes,N/A,N/A,3,1 3,N/A,N/A,7,8,1 8,3 7,11,12,1 12,3 11,3 12,1 3 12,N/A,7 11
1 3 7 8 11 12 13,0.0156261,30.6748,Yes,N/A,N/A,3,1 3,N/A,N/A,7,8,1 8,3 7,11,12,13,3 11,3 12,3 13,1 3 13,7 11
1 3 7 8 10,0.0565122,14.0313,Yes,N/A,N/A,3,1 3,N/A,N/A,7,8,1 8,10,3 8,1 3 8,3 10,1 3 10,7 8,1 7 8,7 10,8 10
3 7 8 10,0.0289388,19.7892,Yes,N/A,N/A,3,N/A,N/A,N/A,7,8,N/A,10,3 8,N/A,3 10,N/A,7 8,N/A,7 10,8 10
1 3 7 8 10 13,0.0251031,23.083,Yes,N/A,N/A,3,1 3,N/A,N/A,7,8,1 8,10,3 8,1 3 8,13,1 13,7 8,3 13,7 10,8 10
1 3 7 8 10 12,0.0316359,21.19,Yes,N/A,N/A,3,1 3,N/A,N/A,7,8,1 8,10,3 8,12,3 10,1 3 10,3 12,1 3 12,7 10,8 10
3 7 8 10 12,0.0129698,27.9166,Yes,N/A,N/A,3,N/A,N/A,N/A,7,8,N/A,10,3 8,12,3 10,N/A,3 12,N/A,7 10,8 10
1 3 7 8 10 12 13,0.0166378,29.5363,Yes,N/A,N/A,3,1 3,N/A,N/A,7,8,1 8,10,3 8,12,13,1 13,3 12,3 13,7 10,8 10
3 7 8 10 13,0.00966494,30.7026,Yes,N/A,N/A,3,N/A,N/A,N/A,7,8,N/A,10,3 8,N/A,13,N/A,7 8,3 13,7 10,8 10
1 3 7 8 10 11,0.0374242,19.9351,Yes,N/A,N/A,3,1 3,N/A,N/A,7,8,1 8,10,11,1 11,3 10,3 11,7 8,1 7 8,7 10,7 11
1 3 7 8 10 11 13,0.0184021,28.6411,Yes,N/A,N/A,3,1 3,N/A,N/A,7,8,1 8,10,11,1 11,13,3 11,7 8,3 13,7 10,7 11
1 3 7 8 10 11 12,0.0223269,26.8153,Yes,N/A,N/A,3,1 3,N/A,N/A,7,8,1 8,10,11,12,3 10,3 11,3 12,1 3 12,7 10,7 11
1 3 7 8 10 11 12 13,0.0129596,34.8085,Yes,N/A,N/A,3,1 3,N/A,N/A,7,8,1 8,10,11,12,13,3 11,3 12,3 13,7 10,7 11
1 3 7 8 9,0.0636014,13.9751,Yes,N/A,N/A,3,1 3,N/A,N/A,7,8,9,3 7,3 8,3 9,1 3 9,N/A,7 8,7 9,8 9,3 7 8
3 7 8 9,0.0416987,16.7143,Yes,N/A,N/A,3,N/A,N/A,N/A,7,8,9,3 7,3 8,3 9,N/A,N/A,7 8,7 9,8 9,3 7 8
1 3 7 8 9 13,0.0321983,21.0557,Yes,N/A,N/A,3,1 3,N/A,N/A,7,8,9,3 7,3 8,3 9,13,1 13,7 8,3 13,8 9,3 7 8
1 3 7 8 9 12,0.0356764,21.2635,Yes,N/A,N/A,3,1 3,N/A,N/A,7,8,9,3 7,3 8,12,1 12,N/A,3 12,7 9,8 9,3 7 8
3 7 8 9 12,0.0157865,26.3663,Yes,N/A,N/A,3,N/A,N/A,N/A,7,8,9,3 7,3 8,12,N/A,N/A,3 12,7 9,8 9,3 7 8
1 3 7 8 9 12 13,0.0190497,28.3058,Yes,N/A,N/A,3,1 3,N/A,N/A,7,8,9,3 7,3 8,12,13,1 13,3 12,3 13,8 9,3 7 8
1 3 7 8 9 11,0.0406895,19.1788,Yes,N/A,N/A,3,1 3,N/A,N/A,7,8,9,3 7,11,3 9,1 3 9,3 11,7 8,7 9,8 9,7 11
1 3 7 8 9 11 13,0.0224623,26.4432,Yes,N/A,N/A,3,1 3,N/A,N/A,7,8,9,3 7,11,3 9,13,3 11,7 8,3 13,8 9,7 11
3 7 8 9 11,0.0206578,23.7972,Yes,N/A,N/A,3,N/A,N/A,N/A,7,8,9,3 7,11,3 9,N/A,3 11,7 8,7 9,8 9,7 11
1 3 7 8 9 11 12,0.0254344,25.5552,Yes,N/A,N/A,3,1 3,N/A,N/A,7,8,9,3 7,11,12,1 12,3 11,3 12,7 9,8 9,7 11
1 3 7 8 9 11 12 13,0.0147971,33.3501,Yes,N/A,N/A,3,1 3,N/A,N/A,7,8,9,3 7,11,12,13,3 11,3 12,3 13,8 9,7 11
1 3 7 8 9 10,0.0453242,18.0972,Yes,N/A,N/A,3,1 3,N/A,N/A,7,8,9,10,3 8,3 9,3 10,1 3 10,7 8,7 9,7 10,8 10
3 7 8 9 10,0.0243961,22.2117,Yes,N/A,N/A,3,N/A,N/A,N/A,7,8,9,10,3 8,3 9,3 10,N/A,7 8,7 9,7 10,8 10
1 3 7 8 9 10 13,0.0239482,25.7143,Yes,N/A,N/A,3,1 3,N/A,N/A,7,8,9,10,3 8,3 9,13,1 13,7 8,3 13,7 10,8 10
1 3 7 8 9 10 12,0.0264399,24.9684,Yes,N/A,N/A,3,1 3,N/A,N/A,7,8,9,10,3 8,12,3 10,1 3 10,3 12,7 9,7 10,8 10
3 7 8 9 10 12,0.0113714,30.979,Yes,N/A,N/A,3,N/A,N/A,N/A,7,8,9,10,3 8,12,3 10,N/A,3 12,7 9,7 10,8 10
1 3 7 8 9 10 12 13,0.015621,32.219,Yes,N/A,N/A,3,1 3,N/A,N/A,7,8,9,10,3 8,12,13,1 13,3 12,3 13,7 10,8 10
1 3 7 8 9 10 11,0.0314172,23.4684,Yes,N/A,N/A,3,1 3,N/A,N/A,7,8,9,10,11,3 9,3 10,3 11,7 8,7 9,7 10,7 11
1 3 7 8 9 10 11 13,0.0179077,30.9732,Yes,N/A,N/A,3,1 3,N/A,N/A,7,8,9,10,11,3 9,13,3 11,7 8,3 13,7 10,7 11
1 3 7 8 9 10 11 12,0.0206412,29.7194,Yes,N/A,N/A,3,1 3,N/A,N/A,7,8,9,10,11,12,3 10,3 11,3 12,7 9,7 10,7 11
1 3 7 8 9 10 11 12 13,0.0130842,36.9835,Yes,N/A,N/A,3,1 3,N/A,N/A,7,8,9,10,11,12,13,3 11,3 12,3 13,7 10,7 11
3 8 10 12 13,0.00804266,34.3558,Yes,N/A,N/A,3,N/A,N/A,N/A,N/A,8,N/A,10,3 8,12,13,N/A,3 12,3 13,N/A,8 10
3 8 10 11,0.01884,24.129,Yes,N/A,N/A,3,N/A,N/A,N/A,N/A,8,N/A,10,11,N/A,3 10,3 11,N/A,N/A,N/A,8 10
3 8 10 11 13,0.00701131,35.2,Yes,N/A,N/A,3,N/A,N/A,N/A,N/A,8,N/A,10,11,N/A,13,3 11,N/A,3 13,N/A,8 10
3 8 10 11 12,0.010516,31.2912,Yes,N/A,N/A,3,N/A,N/A,N/A,N/A,8,N/A,10,11,12,3 10,3 11,3 12,N/A,N/A,8 10
3 8 10 11 12 13,0.00491711,41.3633,Yes,N/A,N/A,3,N/A,N/A,N/A,N/A,8,N/A,10,11,12,13,3 11,3 12,3 13,N/A,8 10
3 8 9 13,0.0178095,24.2558,Yes,N/A,N/A,3,N/A,N/A,N/A,N/A,8,9,N/A,3 8,3 9,13,N/A,N/A,3 13,8 9,N/A
3 8 9 12 13,0.00824111,33.4949,Yes,N/A,N/A,3,N/A,N/A,N/A,N/A,8,9,N/A,3 8,12,13,N/A,3 12,3 13,8 9,N/A
3 8 9 11 13,0.00909961,32.0333,Yes,N/A,N/A,3,N/A,N/A,N/A,N/A,8,9,N/A,11,3 9,13,3 11,N/A,3 13,8 9,N/A
3 8 9 11 12,0.00946362,32.4819,Yes,N/A,N/A,3,N/A,N/A,N/A,N/A,8,9,N/A,11,12,N/A,3 11,3 12,N/A,8 9,N/A
3 8 9 11 12 13,0.00517378,40.4768,Yes,N/A,N/A,3,N/A,N/A,N/A,N/A,8,9,N/A,11,12,13,3 11,3 12,3 13,8 9,N/A
3 8 9 10 13,0.0109013,30.2474,Yes,N/A,N/A,3,N/A,N/A,N/A,N/A,8,9,10,3 8,3 9,13,N/A,N/A,3 13,8 9,8 10
3 8 9 10 12 13,0.006175,38.3818,Yes,N/A,N/A,3,N/A,N/A,N/A,N/A,8,9,10,3 8,12,13,N/A,3 12,3 13,8 9,8 10
3 8 9 10 11,0.0150492,27.0736,Yes,N/A,N/A,3,N/A,N/A,N/A,N/A,8,9,10,11,3 9,3 10,3 11,N/A,N/A,8 9,8 10
3 8 9 10 11 13,0.00687627,36.7396,Yes,N/A,N/A,3,N/A,N/A,N/A,N/A,8,9,10,11,3 9,13,3 11,N/A,3 13,8 9,8 10
3 8 9 10 11 12,0.00842534,34.8668,Yes,N/A,N/A,3,N/A,N/A,N/A,N/A,8,9,10,11,12,3 10,3 11,3 12,N/A,8 9,8 10
3 8 9 10 11 12 13,0.0046421,43.5805,Yes,N/A,N/A,3,N/A,N/A,N/A,N/A,8,9,10,11,12,13,3 11,3 12,3 13,8 9,8 10
1 3 6,0.146291,6.84406,Yes,N/A,N/A,3,1 3,N/A,6,1 6,N/A,3 6,1 3 6,N/A,N/A,N/A,N/A,N/A,N/A,N/A,N/A
3 6,0.116169,7.66474,Yes,N/A,N/A,3,N/A,N/A,6,N/A,N/A,3 6,N/A,N/A,N/A,N/A,N/A,N/A,N/A,N/A,N/A
1 3 6 13,0.050377,15.8168,Yes,N/A,N/A,3,1 3,N/A,6,1 6,N/A,3 6,1 3 6,N/A,N/A,13,1 13,N/A,3 13,1 3 13,N/A
1 3 6 12,0.0665775,13.6076,Yes,N/A,N/A,3,1 3,N/A,6,1 6,N/A,3 6,1 3 6,N/A,12,1 12,N/A,3 12,1 3 12,N/A,6 12
3 6 12,0.0312702,17.0658,Yes,N/A,N/A,3,N/A,N/A,6,N/A,N/A,3 6,N/A,N/A,12,N/A,N/A,3 12,N/A,N/A,6 12
1 3 6 12 13,0.0248232,23.0521,Yes,N/A,N/A,3,1 3,N/A,6,1 6,N/A,3 6,1 3 6,N/A,12,13,1 13,3 12,3 13,1 3 13,6 12
3 6 13,0.0252022,18.5869,Yes,N/A,N/A,3,N/A,N/A,6,N/A,N/A,3 6,N/A,N/A,N/A,13,N/A,N/A,3 13,N/A,N/A
1 3 6 11,0.0792169,11.5919,Yes,N/A,N/A,3,1 3,N/A,6,1 6,N/A,3 6,1 3 6,11,1 11,N/A,3 11,1 3 11,N/A,6 11,1 6 11
1 3 6 11 13,0.0313293,19.9281,Yes,N/A,N/A,3,1 3,N/A,6,1 6,N/A,3 6,1 3 6,11,1 11,13,3 11,1 3 11,3 13,6 11,1 6 11
3 6 11,0.0356546,15.6189,Yes,N/A,N/A,3,N/A,N/A,6,N/A,N/A,3 6,N/A,11,N/A,N/A,3 11,N/A,N/A,6 11,N/A
1 3 6 11 12,0.0385554,18.5072,Yes,N/A,N/A,3,1 3,N/A,6,1 6,N/A,3 6,1 3 6,11,12,1 12,3 11,3 12,1 3 12,6 11,6 12
1 3 6 11 12 13,0.0169522,28.2425,Yes,N/A,N/A,3,1 3,N/A,6,1 6,N/A,3 6,1 3 6,11,12,13,3 11,3 12,3 13,6 11,6 12
3 6 12 13,0.0102852,27.3236,Yes,N/A,N/A,3,N/A,N/A,6,N/A,N/A,3 6,N/A,N/A,12,13,N/A,3 12,3 13,N/A,6 12
1 3 6 10,0.0726702,11.1632,Yes,N/A,N/A,3,1 3,N/A,6,1 6,N/A,3 6,10,1 10,N/A,3 10,1 3 10,N/A,6 10,1 6 10,N/A
3 6 10,0.0383552,14.2424,Yes,N/A,N/A,3,N/A,N/A,6,N/A,N/A,3 6,10,N/A,N/A,3 10,N/A,N/A,6 10,N/A,N/A
1 3 6 10 13,0.0290674,21.6077,Yes,N/A,N/A,3,1 3,N/A,6,1 6,N/A,3 6,10,1 10,N/A,13,1 13,N/A,3 13,1 3 13,N/A
1 3 6 10 12,0.0406449,17.3626,Yes,N/A,N/A,3,1 3,N/A,6,1 6,N/A,3 6,10,1 10,12,3 10,1 3 10,3 12,6 10,1 6 10,6 12
3 6 10 12,0.0184322,22.5439,Yes,N/A,N/A,3,N/A,N/A,6,N/A,N/A,3 6,10,N/A,12,3 10,N/A,3 12,6 10,N/A,6 12
1 3 6 10 12 13,0.0187317,26.9039,Yes,N/A,N/A,3,1 3,N/A,6,1 6,N/A,3 6,10,1 10,12,13,1 13,3 12,3 13,1 3 13,6 12
3 6 10 13,0.0116009,26.2596,Yes,N/A,N/A,3,N/A,N/A,6,N/A,N/A,3 6,10,N/A,N/A,13,N/A,N/A,3 13,N/A,N/A
1 3 6 10 11,0.0475254,16.096,Yes,N/A,N/A,3,1 3,N/A,6,1 6,N/A,3 6,10,11,1 11,3 10,3 11,1 3 11,6 10,6 11,1 6 11
1 3 6 10 11 13,0.0207599,25.8769,Yes,N/A,N/A,3,1 3,N/A,6,1 6,N/A,3 6,10,11,1 11,13,3 11,1 3 11,3 13,6 11,1 6 11
1 3 6 10 11 12,0.0273148,23.8096,Yes,N/A,N/A,3,1 3,N/A,6,1 6,N/A,3 6,10,11,12,3 10,3 11,3 12,6 10,6 11,6 12
1 3 6 10 11 12 13,0.0137782,33.1813,Yes,N/A,N/A,3,1 3,N/A,6,1 6,N/A,3 6,10,11,12,13,3 11,3 12,3 13,6 11,6 12
3 6 11 13,0.012151,25.7583,Yes,N/A,N/A,3,N/A,N/A,6,N/A,N/A,3 6,N/A,11,N/A,13,3 11,N/A,3 13,6 11,N/A
3 6 11 12,0.0159513,24.0418,Yes,N/A,N/A,3,N/A,N/A,6,N/A,N/A,3 6,N/A,11,12,N/A,3 11,3 12,N/A,6 11,6 12
3 6 11 12 13,0.00683386,33.1633,Yes,N/A,N/A,3,N/A,N/A,6,N/A,N/A,3 6,N/A,11,12,13,3 11,3 12,3 13,6 11,6 12
1 3 6 9,0.0612727,10.8923,Yes,N/A,N/A,3,1 3,N/A,6,1 6,N/A,9,1 9,N/A,3 9,1 3 9,N/A,6 9,1 6 9,N/A,3 6 9
3 6 9,0.0293198,14.1895,Yes,N/A,N/A,3,N/A,N/A,6,N/A,N/A,9,N/A,N/A,3 9,N/A,N/A,6 9,N/A,N/A,3 6 9
1 3 6 9 13,0.0277244,19.9886,Yes,N/A,N/A,3,1 3,N/A,6,1 6,N/A,9,1 9,N/A,3 9,13,1 13,6 9,3 13,1 3 13,3 6 9
1 3 6 9 12,0.0309195,20.2146,Yes,N/A,N/A,3,1 3,N/A,6,1 6,N/A,9,1 9,N/A,12,1 12,N/A,3 12,1 3 12,N/A,6 12
3 6 9 12,0.0113984,25.3036,Yes,N/A,N/A,3,N/A,N/A,6,N/A,N/A,9,N/A,N/A,12,N/A,N/A,3 12,N/A,N/A,6 12
1 3 6 9 12 13,0.0152556,28.9765,Yes,N/A,N/A,3,1 3,N/A,6,1 6,N/A,9,1 9,N/A,12,13,1 13,3 12,3 13,1 3 13,6 12
1 3 6 9 11,0.0467997,15.4461,Yes,N/A,N/A,3,1 3,N/A,6,1 6,N/A,9,1 9,11,3 9,1 3 9,3 11,6 9,1 6 9,6 11,3 6 9
1 3 6 9 11 13,0.0223619,24.3293,Yes,N/A,N/A,3,1 3,N/A,6,1 6,N/A,9,1 9,11,3 9,13,3 11,6 9,3 13,6 11,3 6 9
3 6 9 11,0.0223572,21.1277,Yes,N/A,N/A,3,N/A,N/A,6,N/A,N/A,9,N/A,11,3 9,N/A,3 11,6 9,N/A,6 11,3 6 9
1 3 6 9 11 12,0.0262906,23.2933,Yes,N/A,N/A,3,1 3,N/A,6,1 6,N/A,9,1 9,11,12,1 12,3 11,3 12,1 3 12,6 11,6 12
1 3 6 9 11 12 13,0.0137356,32.1153,Yes,N/A,N/A,3,1 3,N/A,6,1 6,N/A,9,1 9,11,12,13,3 11,3 12,3 13,6 11,6 12
3 6 9 13,0.0115811,24.4547,Yes,N/A,N/A,3,N/A,N/A,6,N/A,N/A,9,N/A,N/A,3 9,13,N/A,6 9,3 13,N/A,3 6 9
3 6 9 12 13,0.00522497,35.1603,Yes,N/A,N/A,3,N/A,N/A,6,N/A,N/A,9,N/A,N/A,12,13,N/A,3 12,3 13,N/A,6 12
1 3 6 9 10,0.053345,14.4492,Yes,N/A,N/A,3,1 3,N/A,6,1 6,N/A,9,10,1 10,3 9,3 10,1 3 10,6 9,6 10,1 6 10,3 6 9
3 6 9 10,0.0290819,19.5912,Yes,N/A,N/A,3,N/A,N/A,6,N/A,N/A,9,10,N/A,3 9,3 10,N/A,6 9,6 10,N/A,3 6 9
1 3 6 9 10 13,0.0231334,23.9695,Yes,N/A,N/A,3,1 3,N/A,6,1 6,N/A,9,10,1 10,3 9,13,1 13,6 9,3 13,1 3 13,3 6 9
1 3 6 9 10 12,0.0270984,22.9519,Yes,N/A,N/A,3,1 3,N/A,6,1 6,N/A,9,10,1 10,12,3 10,1 3 10,3 12,6 10,1 6 10,6 12
3 6 9 10 12,0.0112001,29.8707,Yes,N/A,N/A,3,N/A,N/A,6,N/A,N/A,9,10,N/A,12,3 10,N/A,3 12,6 10,N/A,6 12
1 3 6 9 10 12 13,0.0137478,32.135,Yes,N/A,N/A,3,1 3,N/A,6,1 6,N/A,9,10,1 10,12,13,1 13,3 12,3 13,1 3 13,6 12
1 3 6 9 10 11,0.0377379,20.3992,Yes,N/A,N/A,3,1 3,N/A,6,1 6,N/A,9,10,11,3 9,3 10,3 11,6 9,6 10,6 11,3 6 9
1 3 6 9 10 11 13,0.0181637,29.5574,Yes,N/A,N/A,3,1 3,N/A,6,1 6,N/A,9,10,11,3 9,13,3 11,6 9,3 13,6 11,3 6 9
1 3 6 9 10 11 12,0.0222242,27.9419,Yes,N/A,N/A,3,1 3,N/A,6,1 6,N/A,9,10,11,12,3 10,3 11,3 12,6 10,6 11,6 12
1 3 6 9 10 11 12 13,0.0122378,36.8373,Yes,N/A,N/A,3,1 3,N/A,6,1 6,N/A,9,10,11,12,13,3 11,3 12,3 13,6 11,6 12
1 3 6 8,0.0815512,8.17591,Yes,N/A,N/A,3,1 3,N/A,6,1 6,8,3 6,1 3 6,3 8,1 3 8,N/A,6 8,1 6 8,N/A,3 6 8,1 3 6 8
1 3 6 8 13,0.0352401,16.2939,Yes,N/A,N/A,3,1 3,N/A,6,1 6,8,3 6,1 3 6,3 8,1 3 8,13,6 8,1 6 8,3 13,3 6 8,1 3 6 8
3 6 8,0.0487361,11.9398,Yes,N/A,N/A,3,N/A,N/A,6,N/A,8,3 6,N/A,3 8,N/A,N/A,6 8,N/A,N/A,3 6 8,N/A
1 3 6 8 12,0.0496998,14.364,Yes,N/A,N/A,3,1 3,N/A,6,1 6,8,3 6,1 3 6,3 8,12,1 12,6 8,3 12,1 3 12,3 6 8,6 12
1 3 6 8 12 13,0.0217189,23.7692,Yes,N/A,N/A,3,1 3,N/A,6,1 6,8,3 6,1 3 6,3 8,12,13,6 8,3 12,3 13,3 6 8,6 12
3 6 8 13,0.0174848,21.8915,Yes,N/A,N/A,3,N/A,N/A,6,N/A,8,3 6,N/A,3 8,N/A,13,6 8,N/A,3 13,3 6 8,N/A
1 3 6 8 11,0.0503693,15.4826,Yes,N/A,N/A,3,1 3,N/A,6,1 6,8,3 6,1 3 6,11,1 11,N/A,3 11,1 3 11,N/A,6 11,1 6 11
1 3 6 8 11 13,0.0246035,22.3128,Yes,N/A,N/A,3,1 3,N/A,6,1 6,8,3 6,1 3 6,11,1 11,13,3 11,1 3 11,3 13,6 11,1 6 11
3 6 8 11,0.0210405,21.6043,Yes,N/A,N/A,3,N/A,N/A,6,N/A,8,3 6,N/A,11,N/A,N/A,3 11,N/A,N/A,6 11,N/A
1 3 6 8 11 12,0.0308787,21.016,Yes,N/A,N/A,3,1 3,N/A,6,1 6,8,3 6,1 3 6,11,12,1 12,3 11,3 12,1 3 12,6 11,6 12
1 3 6 8 11 12 13,0.0157852,29.4808,Yes,N/A,N/A,3,1 3,N/A,6,1 6,8,3 6,1 3 6,11,12,13,3 11,3 12,3 13,6 11,6 12
1 3 6 8 10,0.0686139,12.0978,Yes,N/A,N/A,3,1 3,N/A,6,1 6,8,3 6,10,3 8,1 3 8,3 10,6 8,1 6 8,6 10,3 6 8,8 10
1 3 6 8 10 13,0.0278528,21.3148,Yes,N/A,N/A,3,1 3,N/A,6,1 6,8,3 6,10,3 8,1 3 8,13,6 8,1 6 8,3 13,3 6 8,8 10
1 3 6 8 10 12,0.0412877,18.2856,Yes,N/A,N/A,3,1 3,N/A,6,1 6,8,3 6,10,3 8,12,3 10,6 8,3 12,6 10,3 6 8,6 12
1 3 6 8 10 12 13,0.0195743,27.0444,Yes,N/A,N/A,3,1 3,N/A,6,1 6,8,3 6,10,3 8,12,13,6 8,3 12,3 13,3 6 8,6 12
3 6 8 10,0.0407813,16.9013,Yes,N/A,N/A,3,N/A,N/A,6,N/A,8,3 6,10,3 8,N/A,3 10,6 8,N/A,6 10,3 6 8,8 10
3 6 8 10 13,0.0123538,27.9731,Yes,N/A,N/A,3,N/A,N/A,6,N/A,8,3 6,10,3 8,N/A,13,6 8,N/A,3 13,3 6 8,8 10
1 3 6 8 10 11,0.0441276,17.7644,Yes,N/A,N/A,3,1 3,N/A,6,1 6,8,3 6,10,11,1 11,3 10,3 11,1 3 11,6 10,6 11,8 10
1 3 6 8 10 11 13,0.0206265,26.2239,Yes,N/A,N/A,3,1 3,N/A,6,1 6,8,3 6,10,11,1 11,13,3 11,1 3 11,3 13,6 11,8 10
1 3 6 8 10 11 12,0.0277825,23.925,Yes,N/A,N/A,3,1 3,N/A,6,1 6,8,3 6,10,11,12,3 10,3 11,3 12,6 10,6 11,6 12
1 3 6 8 10 11 12 13,0.0151024,31.9095,Yes,N/A,N/A,3,1 3,N/A,6,1 6,8,3 6,10,11,12,13,3 11,3 12,3 13,6 11,6 12
3 6 8 12,0.0241795,20.1435,Yes,N/A,N/A,3,N/A,N/A,6,N/A,8,3 6,N/A,3 8,12,N/A,6 8,3 12,N/A,3 6 8,6 12
3 6 8 12 13,0.0101204,29.0038,Yes,N/A,N/A,3,N/A,N/A,6,N/A,8,3 6,N/A,3 8,12,13,6 8,3 12,3 13,3 6 8,6 12
3 6 8 11 13,0.00894671,30.9923,Yes,N/A,N/A,3,N/A,N/A,6,N/A,8,3 6,N/A,11,N/A,13,3 11,N/A,3 13,6 11,N/A
3 6 8 11 12,0.0118067,29.0751,Yes,N/A,N/A,3,N/A,N/A,6,N/A,8,3 6,N/A,11,12,N/A,3 11,3 12,N/A,6 11,6 12
3 6 8 11 12 13,0.00603609,37.0284,Yes,N/A,N/A,3,N/A,N/A,6,N/A,8,3 6,N/A,11,12,13,3 11,3 12,3 13,6 11,6 12
1 3 6 8 9,0.0762543,11.1865,Yes,N/A,N/A,3,1 3,N/A,6,1 6,8,9,1 9,3 8,3 9,1 3 9,6 8,6 9,1 6 9,8 9,3 6 9
1 3 6 8 9 13,0.0332624,19.623,Yes,N/A,N/A,3,1 3,N/A,6,1 6,8,9,1 9,3 8,3 9,13,6 8,6 9,3 13,8 9,3 6 9
3 6 8 9,0.0432401,17.1074,Yes,N/A,N/A,3,N/A,N/A,6,N/A,8,9,N/A,3 8,3 9,N/A,6 8,6 9,N/A,8 9,3 6 9
1 3 6 8 9 12,0.0400753,18.3105,Yes,N/A,N/A,3,1 3,N/A,6,1 6,8,9,1 9,3 8,12,1 12,6 8,3 12,1 3 12,8 9,6 12
1 3 6 8 9 12 13,0.0197391,26.6226,Yes,N/A,N/A,3,1 3,N/A,6,1 6,8,9,1 9,3 8,12,13,6 8,3 12,3 13,8 9,6 12
1 3 6 8 9 11,0.0427894,17.7944,Yes,N/A,N/A,3,1 3,N/A,6,1 6,8,9,1 9,11,3 9,1 3 9,3 11,6 9,1 6 9,6 11,3 6 9
1 3 6 8 9 11 13,0.0224896,25.2541,Yes,N/A,N/A,3,1 3,N/A,6,1 6,8,9,1 9,11,3 9,13,3 11,6 9,3 13,6 11,3 6 9
3 6 8 9 11,0.0179869,26.0366,Yes,N/A,N/A,3,N/A,N/A,6,N/A,8,9,N/A,11,3 9,N/A,3 11,6 9,N/A,6 11,3 6 9
1 3 6 8 9 11 12,0.0259406,24.1783,Yes,N/A,N/A,3,1 3,N/A,6,1 6,8,9,1 9,11,12,1 12,3 11,3 12,1 3 12,6 11,6 12
1 3 6 8 9 11 12 13,0.0150239,31.4243,Yes,N/A,N/A,3,1 3,N/A,6,1 6,8,9,1 9,11,12,13,3 11,3 12,3 13,6 11,6 12
1 3 6 8 9 10,0.0569882,15.4435,Yes,N/A,N/A,3,1 3,N/A,6,1 6,8,9,10,3 8,3 9,3 10,6 8,6 9,6 10,8 9,8 10
1 3 6 8 9 10 13,0.0269243,23.7352,Yes,N/A,N/A,3,1 3,N/A,6,1 6,8,9,10,3 8,3 9,13,6 8,6 9,3 13,8 9,8 10
1 3 6 8 9 10 12,0.0328115,21.978,Yes,N/A,N/A,3,1 3,N/A,6,1 6,8,9,10,3 8,12,3 10,6 8,3 12,6 10,8 9,6 12
1 3 6 8 9 10 12 13,0.0176906,29.9396,Yes,N/A,N/A,3,1 3,N/A,6,1 6,8,9,10,3 8,12,13,6 8,3 12,3 13,8 9,6 12
1 3 6 8 9 10 11,0.036994,20.6959,Yes,N/A,N/A,3,1 3,N/A,6,1 6,8,9,10,11,3 9,3 10,3 11,6 9,6 10,6 11,8 10
1 3 6 8 9 10 11 13,0.0199232,28.3481,Yes,N/A,N/A,3,1 3,N/A,6,1 6,8,9,10,11,3 9,13,3 11,6 9,3 13,6 11,8 10
1 3 6 8 9 10 11 12,0.024072,26.532,Yes,N/A,N/A,3,1 3,N/A,6,1 6,8,9,10,11,12,3 10,3 11,3 12,6 10,6 11,6 12
1 3 6 8 9 10 11 12 13,0.0145953,33.7877,Yes,N/A,N/A,3,1 3,N/A,6,1 6,8,9,10,11,12,13,3 11,3 12,3 13,6 11,6 12
3 6 10 12 13,0.00664794,34.0078,Yes,N/A,N/A,3,N/A,N/A,6,N/A,N/A,3 6,10,N/A,12,13,N/A,3 12,3 13,N/A,6 12
3 6 10 11,0.0234214,20.9185,Yes,N/A,N/A,3,N/A,N/A,6,N/A,N/A,3 6,10,11,N/A,3 10,3 11,N/A,6 10,6 11,N/A
3 6 10 11 13,0.00810163,32.2584,Yes,N/A,N/A,3,N/A,N/A,6,N/A,N/A,3 6,10,11,N/A,13,3 11,N/A,3 13,6 11,N/A
3 6 10 11 12,0.0129307,27.672,Yes,N/A,N/A,3,N/A,N/A,6,N/A,N/A,3 6,10,11,12,3 10,3 11,3 12,6 10,6 11,6 12
3 6 10 11 12 13,0.00553343,38.0639,Yes,N/A,N/A,3,N/A,N/A,6,N/A,N/A,3 6,10,11,12,13,3 11,3 12,3 13,6 11,6 12
3 6 9 11 13,0.00933041,30.2378,Yes,N/A,N/A,3,N/A,N/A,6,N/A,N/A,9,N/A,11,3 9,13,3 11,6 9,3 13,6 11,3 6 9
3 6 9 11 12,0.00907663,31.5511,Yes,N/A,N/A,3,N/A,N/A,6,N/A,N/A,9,N/A,11,12,N/A,3 11,3 12,N/A,6 11,6 12
3 6 9 11 12 13,0.00475992,39.9318,Yes,N/A,N/A,3,N/A,N/A,6,N/A,N/A,9,N/A,11,12,13,3 11,3 12,3 13,6 11,6 12
3 6 9 10 13,0.00882567,31.1314,Yes,N/A,N/A,3,N/A,N/A,6,N/A,N/A,9,10,N/A,3 9,13,N/A,6 9,3 13,N/A,3 6 9
3 6 9 10 12 13,0.00445624,41.24,Yes,N/A,N/A,3,N/A,N/A,6,N/A,N/A,9,10,N/A,12,13,N/A,3 12,3 13,N/A,6 12
3 6 9 10 11,0.0195094,24.6281,Yes,N/A,N/A,3,N/A,N/A,6,N/A,N/A,9,10,11,3 9,3 10,3 11,6 9,6 10,6 11,3 6 9
3 6 9 10 11 13,0.00762761,35.0925,Yes,N/A,N/A,3,N/A,N/A,6,N/A,N/A,9,10,11,3 9,13,3 11,6 9,3 13,6 11,3 6 9
3 6 9 10 11 12,0.00937549,33.6439,Yes,N/A,N/A,3,N/A,N/A,6,N/A,N/A,9,10,11,12,3 10,3 11,3 12,6 10,6 11,6 12
3 6 9 10 11 12 13,0.00454455,43.6146,Yes,N/A,N/A,3,N/A,N/A,6,N/A,N/A,9,10,11,12,13,3 11,3 12,3 13,6 11,6 12
1 3 6 7,0.0785355,7.93331,Yes,N/A,N/A,3,1 3,N/A,6,7,1 7,3 6,3 7,1 3 7,N/A,6 7,1 6 7,N/A,3 6 7,1 3 6 7,N/A
3 6 7,0.0564165,10.9464,Yes,N/A,N/A,3,N/A,N/A,6,7,N/A,3 6,3 7,N/A,N/A,6 7,N/A,N/A,3 6 7,N/A,N/A
1 3 6 7 13,0.0318886,18.0945,Yes,N/A,N/A,3,1 3,N/A,6,7,1 7,3 6,3 7,1 3 7,N/A,13,1 13,N/A,3 13,1 3 13,N/A
1 3 6 7 12,0.0478604,14.053,Yes,N/A,N/A,3,1 3,N/A,6,7,1 7,3 6,3 7,1 3 7,12,6 7,1 6 7,3 12,3 6 7,1 3 6 7,6 12
3 6 7 12,0.0274458,19.1626,Yes,N/A,N/A,3,N/A,N/A,6,7,N/A,3 6,3 7,N/A,12,6 7,N/A,3 12,3 6 7,N/A,6 12
1 3 6 7 12 13,0.0201272,23.5786,Yes,N/A,N/A,3,1 3,N/A,6,7,1 7,3 6,3 7,1 3 7,12,13,1 13,3 12,3 13,1 3 13,6 12
3 6 7 13,0.0141674,22.8217,Yes,N/A,N/A,3,N/A,N/A,6,7,N/A,3 6,3 7,N/A,N/A,13,N/A,N/A,3 13,N/A,N/A
1 3 6 7 11,0.0634656,12.3074,Yes,N/A,N/A,3,1 3,N/A,6,7,1 7,3 6,3 7,11,1 11,6 7,3 11,1 3 11,3 6 7,6 11,7 11
1 3 6 7 11 13,0.0250139,21.7023,Yes,N/A,N/A,3,1 3,N/A,6,7,1 7,3 6,3 7,11,1 11,13,3 11,1 3 11,3 13,6 11,7 11
1 3 6 7 11 12,0.0350415,19.7561,Yes,N/A,N/A,3,1 3,N/A,6,7,1 7,3 6,3 7,11,12,6 7,3 11,3 12,3 6 7,6 11,6 12
1 3 6 7 11 12 13,0.0157253,28.883,Yes,N/A,N/A,3,1 3,N/A,6,7,1 7,3 6,3 7,11,12,13,3 11,3 12,3 13,6 11,6 12
3 6 7 12 13,0.00799261,30.5407,Yes,N/A,N/A,3,N/A,N/A,6,7,N/A,3 6,3 7,N/A,12,13,N/A,3 12,3 13,N/A,6 12
1 3 6 7 10,0.0590884,14.1679,Yes,N/A,N/A,3,1 3,N/A,6,7,1 7,3 6,10,1 10,N/A,3 10,1 3 10,N/A,6 10,7 10,1 7 10
3 6 7 10,0.0300265,19.3175,Yes,N/A,N/A,3,N/A,N/A,6,7,N/A,3 6,10,N/A,N/A,3 10,N/A,N/A,6 10,7 10,N/A
1 3 6 7 10 13,0.0228798,24.4385,Yes,N/A,N/A,3,1 3,N/A,6,7,1 7,3 6,10,1 10,N/A,13,1 13,N/A,3 13,7 10,1 7 10
1 3 6 7 10 12,0.0372492,18.6985,Yes,N/A,N/A,3,1 3,N/A,6,7,1 7,3 6,10,1 10,12,3 10,1 3 10,3 12,6 10,7 10,6 12
3 6 7 10 12,0.0154588,26.7171,Yes,N/A,N/A,3,N/A,N/A,6,7,N/A,3 6,10,N/A,12,3 10,N/A,3 12,6 10,7 10,6 12
1 3 6 7 10 12 13,0.0168579,27.7444,Yes,N/A,N/A,3,1 3,N/A,6,7,1 7,3 6,10,1 10,12,13,1 13,3 12,3 13,7 10,6 12
3 6 7 10 13,0.00806811,31.2897,Yes,N/A,N/A,3,N/A,N/A,6,7,N/A,3 6,10,N/A,N/A,13,N/A,N/A,3 13,7 10,N/A
1 3 6 7 10 11,0.0438845,17.6241,Yes,N/A,N/A,3,1 3,N/A,6,7,1 7,3 6,10,11,1 11,3 10,3 11,1 3 11,6 10,6 11,7 11
1 3 6 7 10 11 13,0.0184921,27.1167,Yes,N/A,N/A,3,1 3,N/A,6,7,1 7,3 6,10,11,1 11,13,3 11,1 3 11,3 13,6 11,7 11
1 3 6 7 10 11 12,0.0272271,23.8854,Yes,N/A,N/A,3,1 3,N/A,6,7,1 7,3 6,10,11,12,3 10,3 11,3 12,6 10,6 11,6 12
1 3 6 7 10 11 12 13,0.013657,32.4521,Yes,N/A,N/A,3,1 3,N/A,6,7,1 7,3 6,10,11,12,13,3 11,3 12,3 13,6 11,6 12
1 3 6 7 9,0.0809816,10.8403,Yes,N/A,N/A,3,1 3,N/A,6,7,1 7,9,3 7,1 3 7,3 9,6 7,1 6 7,6 9,7 9,1 7 9,3 6 9
3 6 7 9,0.0506735,16.0831,Yes,N/A,N/A,3,N/A,N/A,6,7,N/A,9,3 7,N/A,3 9,6 7,N/A,6 9,7 9,N/A,3 6 9
1 3 6 7 9 13,0.0320479,20.1144,Yes,N/A,N/A,3,1 3,N/A,6,7,1 7,9,3 7,1 3 7,3 9,13,1 13,6 9,3 13,1 3 13,3 6 9
1 3 6 7 9 12,0.0384868,18.6934,Yes,N/A,N/A,3,1 3,N/A,6,7,1 7,9,3 7,1 3 7,12,6 7,1 6 7,3 12,7 9,1 7 9,6 12
3 6 7 9 12,0.0176769,26.0699,Yes,N/A,N/A,3,N/A,N/A,6,7,N/A,9,3 7,N/A,12,6 7,N/A,3 12,7 9,N/A,6 12
1 3 6 7 9 12 13,0.017846,27.4255,Yes,N/A,N/A,3,1 3,N/A,6,7,1 7,9,3 7,1 3 7,12,13,1 13,3 12,3 13,1 3 13,6 12
1 3 6 7 9 11,0.0562514,15.5546,Yes,N/A,N/A,3,1 3,N/A,6,7,1 7,9,3 7,11,3 9,6 7,3 11,6 9,7 9,6 11,7 11
1 3 6 7 9 11 13,0.0244908,24.211,Yes,N/A,N/A,3,1 3,N/A,6,7,1 7,9,3 7,11,3 9,13,3 11,6 9,3 13,6 11,7 11
1 3 6 7 9 11 12,0.0314212,22.5595,Yes,N/A,N/A,3,1 3,N/A,6,7,1 7,9,3 7,11,12,6 7,3 11,3 12,7 9,6 11,6 12
1 3 6 7 9 11 12 13,0.0156856,30.7481,Yes,N/A,N/A,3,1 3,N/A,6,7,1 7,9,3 7,11,12,13,3 11,3 12,3 13,6 11,6 12
3 6 7 9 13,0.0132531,27.546,Yes,N/A,N/A,3,N/A,N/A,6,7,N/A,9,3 7,N/A,3 9,13,N/A,6 9,3 13,N/A,3 6 9
3 6 7 9 12 13,0.00623666,37.2085,Yes,N/A,N/A,3,N/A,N/A,6,7,N/A,9,3 7,N/A,12,13,N/A,3 12,3 13,N/A,6 12
1 3 6 7 9 10,0.0555696,15.3844,Yes,N/A,N/A,3,1 3,N/A,6,7,1 7,9,10,1 10,3 9,3 10,1 3 10,6 9,6 10,7 10,3 6 9
3 6 7 9 10,0.0232122,23.5534,Yes,N/A,N/A,3,N/A,N/A,6,7,N/A,9,10,N/A,3 9,3 10,N/A,6 9,6 10,7 10,3 6 9
1 3 6 7 9 10 13,0.0236352,24.7679,Yes,N/A,N/A,3,1 3,N/A,6,7,1 7,9,10,1 10,3 9,13,1 13,6 9,3 13,7 10,3 6 9
1 3 6 7 9 10 12,0.0298566,22.5728,Yes,N/A,N/A,3,1 3,N/A,6,7,1 7,9,10,1 10,12,3 10,1 3 10,3 12,6 10,7 10,6 12
3 6 7 9 10 12,0.0107581,33.1615,Yes,N/A,N/A,3,N/A,N/A,6,7,N/A,9,10,N/A,12,3 10,N/A,3 12,6 10,7 10,6 12
1 3 6 7 9 10 12 13,0.0151318,31.3309,Yes,N/A,N/A,3,1 3,N/A,6,7,1 7,9,10,1 10,12,13,1 13,3 12,3 13,7 10,6 12
1 3 6 7 9 10 11,0.0401826,19.6066,Yes,N/A,N/A,3,1 3,N/A,6,7,1 7,9,10,11,3 9,3 10,3 11,6 9,6 10,6 11,7 11
1 3 6 7 9 10 11 13,0.0192388,28.519,Yes,N/A,N/A,3,1 3,N/A,6,7,1 7,9,10,11,3 9,13,3 11,6 9,3 13,6 11,7 11
1 3 6 7 9 10 11 12,0.0251747,25.7983,Yes,N/A,N/A,3,1 3,N/A,6,7,1 7,9,10,11,12,3 10,3 11,3 12,6 10,6 11,6 12
1 3 6 7 9 10 11 12 13,0.0139634,33.888,Yes,N/A,N/A,3,1 3,N/A,6,7,1 7,9,10,11,12,13,3 11,3 12,3 13,6 11,6 12
1 3 6 7 8,0.0963573,9.87028,Yes,N/A,N/A,3,1 3,N/A,6,7,8,3 6,3 7,3 8,1 3 8,6 7,6 8,7 8,3 6 7,3 6 8,3 7 8
1 3 6 7 8 13,0.0348719,19.3851,Yes,N/A,N/A,3,1 3,N/A,6,7,8,3 6,3 7,3 8,1 3 8,13,6 8,7 8,3 13,3 6 8,3 7 8
1 3 6 7 8 12,0.0507416,16.5448,Yes,N/A,N/A,3,1 3,N/A,6,7,8,3 6,3 7,3 8,12,6 7,6 8,3 12,3 6 7,3 6 8,6 12
1 3 6 7 8 12 13,0.0214159,25.9178,Yes,N/A,N/A,3,1 3,N/A,6,7,8,3 6,3 7,3 8,12,13,6 8,3 12,3 13,3 6 8,6 12
3 6 7 8,0.0711087,12.7952,Yes,N/A,N/A,3,N/A,N/A,6,7,8,3 6,3 7,3 8,N/A,6 7,6 8,7 8,3 6 7,3 6 8,3 7 8
3 6 7 8 13,0.0195833,23.59,Yes,N/A,N/A,3,N/A,N/A,6,7,8,3 6,3 7,3 8,N/A,13,6 8,7 8,3 13,3 6 8,3 7 8
1 3 6 7 8 11,0.0591896,14.9846,Yes,N/A,N/A,3,1 3,N/A,6,7,8,3 6,3 7,11,1 11,6 7,3 11,7 8,3 6 7,6 11,7 11
1 3 6 7 8 11 13,0.0261193,23.222,Yes,N/A,N/A,3,1 3,N/A,6,7,8,3 6,3 7,11,1 11,13,3 11,7 8,3 13,6 11,7 11
1 3 6 7 8 11 12,0.0330993,21.908,Yes,N/A,N/A,3,1 3,N/A,6,7,8,3 6,3 7,11,12,6 7,3 11,3 12,3 6 7,6 11,6 12
1 3 6 7 8 11 12 13,0.0165682,30.2645,Yes,N/A,N/A,3,1 3,N/A,6,7,8,3 6,3 7,11,12,13,3 11,3 12,3 13,6 11,6 12
1 3 6 7 8 10,0.0589286,14.7728,Yes,N/A,N/A,3,1 3,N/A,6,7,8,3 6,10,3 8,1 3 8,3 10,6 8,7 8,6 10,7 10,8 10
1 3 6 7 8 10 13,0.0252356,23.9495,Yes,N/A,N/A,3,1 3,N/A,6,7,8,3 6,10,3 8,1 3 8,13,6 8,7 8,3 13,7 10,8 10
1 3 6 7 8 10 12,0.0368068,20.3179,Yes,N/A,N/A,3,1 3,N/A,6,7,8,3 6,10,3 8,12,3 10,6 8,3 12,6 10,7 10,6 12
1 3 6 7 8 10 12 13,0.0183487,28.6192,Yes,N/A,N/A,3,1 3,N/A,6,7,8,3 6,10,3 8,12,13,6 8,3 12,3 13,7 10,6 12
3 6 7 8 10,0.0318087,19.6438,Yes,N/A,N/A,3,N/A,N/A,6,7,8,3 6,10,3 8,N/A,3 10,6 8,7 8,6 10,7 10,8 10
3 6 7 8 10 13,0.0111611,30.5097,Yes,N/A,N/A,3,N/A,N/A,6,7,8,3 6,10,3 8,N/A,13,6 8,7 8,3 13,7 10,8 10
1 3 6 7 8 10 11,0.0414168,19.0086,Yes,N/A,N/A,3,1 3,N/A,6,7,8,3 6,10,11,1 11,3 10,3 11,7 8,6 10,6 11,7 11
1 3 6 7 8 10 11 13,0.0205159,27.1536,Yes,N/A,N/A,3,1 3,N/A,6,7,8,3 6,10,11,1 11,13,3 11,7 8,3 13,6 11,7 11
1 3 6 7 8 10 11 12,0.0268925,24.9187,Yes,N/A,N/A,3,1 3,N/A,6,7,8,3 6,10,11,12,3 10,3 11,3 12,6 10,6 11,6 12
1 3 6 7 8 10 11 12 13,0.0152714,32.267,Yes,N/A,N/A,3,1 3,N/A,6,7,8,3 6,10,11,12,13,3 11,3 12,3 13,6 11,6 12
1 3 6 7 8 9,0.0710787,13.0219,Yes,N/A,N/A,3,1 3,N/A,6,7,8,9,3 7,3 8,3 9,6 7,6 8,6 9,7 9,8 9,3 6 9
1 3 6 7 8 9 13,0.0305977,21.9864,Yes,N/A,N/A,3,1 3,N/A,6,7,8,9,3 7,3 8,3 9,13,6 8,6 9,3 13,8 9,3 6 9
1 3 6 7 8 9 12,0.0412529,19.322,Yes,N/A,N/A,3,1 3,N/A,6,7,8,9,3 7,3 8,12,6 7,6 8,3 12,7 9,8 9,6 12
1 3 6 7 8 9 12 13,0.0200585,27.9321,Yes,N/A,N/A,3,1 3,N/A,6,7,8,9,3 7,3 8,12,13,6 8,3 12,3 13,8 9,6 12
1 3 6 7 8 9 11,0.0465818,17.9815,Yes,N/A,N/A,3,1 3,N/A,6,7,8,9,3 7,11,3 9,6 7,3 11,6 9,7 9,6 11,7 11
1 3 6 7 8 9 11 13,0.0234723,25.8304,Yes,N/A,N/A,3,1 3,N/A,6,7,8,9,3 7,11,3 9,13,3 11,6 9,3 13,6 11,7 11
1 3 6 7 8 9 11 12,0.0298883,23.7581,Yes,N/A,N/A,3,1 3,N/A,6,7,8,9,3 7,11,12,6 7,3 11,3 12,7 9,6 11,6 12
1 3 6 7 8 9 11 12 13,0.016701,31.3361,Yes,N/A,N/A,3,1 3,N/A,6,7,8,9,3 7,11,12,13,3 11,3 12,3 13,6 11,6 12
1 3 6 7 8 9 10,0.0504744,17.0417,Yes,N/A,N/A,3,1 3,N/A,6,7,8,9,10,3 8,3 9,3 10,6 8,6 9,6 10,7 10,8 10
1 3 6 7 8 9 10 13,0.0248103,25.3882,Yes,N/A,N/A,3,1 3,N/A,6,7,8,9,10,3 8,3 9,13,6 8,6 9,3 13,7 10,8 10
1 3 6 7 8 9 10 12,0.0319575,22.8516,Yes,N/A,N/A,3,1 3,N/A,6,7,8,9,10,3 8,12,3 10,6 8,3 12,6 10,7 10,6 12
1 3 6 7 8 9 10 12 13,0.0179068,30.4164,Yes,N/A,N/A,3,1 3,N/A,6,7,8,9,10,3 8,12,13,6 8,3 12,3 13,7 10,6 12
1 3 6 7 8 9 10 11,0.0368238,21.1606,Yes,N/A,N/A,3,1 3,N/A,6,7,8,9,10,11,3 9,3 10,3 11,6 9,6 10,6 11,7 11
1 3 6 7 8 9 10 11 13,0.0203443,28.8717,Yes,N/A,N/A,3,1 3,N/A,6,7,8,9,10,11,3 9,13,3 11,6 9,3 13,6 11,7 11
1 3 6 7 8 9 10 11 12,0.0255726,26.3929,Yes,N/A,N/A,3,1 3,N/A,6,7,8,9,10,11,12,3 10,3 11,3 12,6 10,6 11,6 12
1 3 6 7 8 9 10 11 12 13,0.0159183,33.2598,Yes,N/A,N/A,3,1 3,N/A,6,7,8,9,10,11,12,13,3 11,3 12,3 13,6 11,6 12
3 7 9 11 13,0.0100626,29.8195,Yes,N/A,N/A,3,N/A,N/A,N/A,7,N/A,9,3 7,11,3 9,13,3 11,N/A,3 13,N/A,7 11
3 7 9 11 12,0.0118408,29.4919,Yes,N/A,N/A,3,N/A,N/A,N/A,7,N/A,9,3 7,11,12,N/A,3 11,3 12,7 9,N/A,7 11
3 7 9 11 12 13,0.00576266,37.8221,Yes,N/A,N/A,3,N/A,N/A,N/A,7,N/A,9,3 7,11,12,13,3 11,3 12,3 13,N/A,7 11
3 7 9 10 13,0.00815235,32.3639,Yes,N/A,N/A,3,N/A,N/A,N/A,7,N/A,9,10,N/A,3 9,13,N/A,N/A,3 13,7 10,N/A
3 7 9 10 12 13,0.00456125,41.4033,Yes,N/A,N/A,3,N/A,N/A,N/A,7,N/A,9,10,N/A,12,13,N/A,3 12,3 13,7 10,N/A
3 7 9 10 11,0.0159554,26.1783,Yes,N/A,N/A,3,N/A,N/A,N/A,7,N/A,9,10,11,3 9,3 10,3 11,N/A,7 9,7 10,7 11
3 7 9 10 11 13,0.00656437,36.6866,Yes,N/A,N/A,3,N/A,N/A,N/A,7,N/A,9,10,11,3 9,13,3 11,N/A,3 13,7 10,7 11
3 7 9 10 11 12,0.0087733,33.9987,Yes,N/A,N/A,3,N/A,N/A,N/A,7,N/A,9,10,11,12,3 10,3 11,3 12,7 9,7 10,7 11
3 7 9 10 11 12 13,0.00436091,43.8254,Yes,N/A,N/A,3,N/A,N/A,N/A,7,N/A,9,10,11,12,13,3 11,3 12,3 13,7 10,7 11
3 7 8 12 13,0.00849046,30.896,Yes,N/A,N/A,3,N/A,N/A,N/A,7,8,N/A,3 7,3 8,12,13,N/A,3 12,3 13,N/A,3 7 8
3 7 8 11 13,0.00983259,30.494,Yes,N/A,N/A,3,N/A,N/A,N/A,7,8,N/A,3 7,11,N/A,13,3 11,7 8,3 13,N/A,7 11
3 7 8 11 12,0.0108956,29.6851,Yes,N/A,N/A,3,N/A,N/A,N/A,7,8,N/A,3 7,11,12,N/A,3 11,3 12,N/A,N/A,7 11
3 7 8 11 12 13,0.00568569,37.5156,Yes,N/A,N/A,3,N/A,N/A,N/A,7,8,N/A,3 7,11,12,13,3 11,3 12,3 13,N/A,7 11
3 7 8 10 12 13,0.00568116,37.9745,Yes,N/A,N/A,3,N/A,N/A,N/A,7,8,N/A,10,3 8,12,13,N/A,3 12,3 13,7 10,8 10
3 7 8 10 11,0.0152359,27.5231,Yes,N/A,N/A,3,N/A,N/A,N/A,7,8,N/A,10,11,N/A,3 10,3 11,7 8,N/A,7 10,7 11
3 7 8 10 11 13,0.00647247,37.8203,Yes,N/A,N/A,3,N/A,N/A,N/A,7,8,N/A,10,11,N/A,13,3 11,7 8,3 13,7 10,7 11
3 7 8 10 11 12,0.00828477,34.5117,Yes,N/A,N/A,3,N/A,N/A,N/A,7,8,N/A,10,11,12,3 10,3 11,3 12,N/A,7 10,7 11
3 7 8 10 11 12 13,0.00438764,43.5935,Yes,N/A,N/A,3,N/A,N/A,N/A,7,8,N/A,10,11,12,13,3 11,3 12,3 13,7 10,7 11
3 7 8 9 13,0.0151807,25.7502,Yes,N/A,N/A,3,N/A,N/A,N/A,7,8,9,3 7,3 8,3 9,13,N/A,7 8,3 13,8 9,3 7 8
3 7 8 9 12 13,0.00733943,34.5798,Yes,N/A,N/A,3,N/A,N/A,N/A,7,8,9,3 7,3 8,12,13,N/A,3 12,3 13,8 9,3 7 8
3 7 8 9 11 13,0.00961572,31.5416,Yes,N/A,N/A,3,N/A,N/A,N/A,7,8,9,3 7,11,3 9,13,3 11,7 8,3 13,8 9,7 11
3 7 8 9 11 12,0.00982602,32.6908,Yes,N/A,N/A,3,N/A,N/A,N/A,7,8,9,3 7,11,12,N/A,3 11,3 12,7 9,8 9,7 11
3 7 8 9 11 12 13,0.00556586,39.2209,Yes,N/A,N/A,3,N/A,N/A,N/A,7,8,9,3 7,11,12,13,3 11,3 12,3 13,8 9,7 11
3 7 8 9 10 13,0.00962357,32.4069,Yes,N/A,N/A,3,N/A,N/A,N/A,7,8,9,10,3 8,3 9,13,N/A,7 8,3 13,7 10,8 10
3 7 8 9 10 12 13,0.00550615,40.6169,Yes,N/A,N/A,3,N/A,N/A,N/A,7,8,9,10,3 8,12,13,N/A,3 12,3 13,7 10,8 10
3 7 8 9 10 11,0.0147771,27.8469,Yes,N/A,N/A,3,N/A,N/A,N/A,7,8,9,10,11,3 9,3 10,3 11,7 8,7 9,7 10,7 11
3 7 8 9 10 11 13,0.00719475,36.951,Yes,N/A,N/A,3,N/A,N/A,N/A,7,8,9,10,11,3 9,13,3 11,7 8,3 13,7 10,7 11
3 7 8 9 10 11 12,0.00832506,35.4409,Yes,N/A,N/A,3,N/A,N/A,N/A,7,8,9,10,11,12,3 10,3 11,3 12,7 9,7 10,7 11
3 7 8 9 10 11 12 13,0.00479579,43.686,Yes,N/A,N/A,3,N/A,N/A,N/A,7,8,9,10,11,12,13,3 11,3 12,3 13,7 10,7 11
1 3 5,0.133188,6.67177,Yes,N/A,N/A,3,1 3,5,1 5,N/A,3 5,1 3 5,N/A,N/A,N/A,N/A,N/A,N/A,N/A,N/A,N/A
3 5,0.0974794,7.06842,Yes,N/A,N/A,3,N/A,5,N/A,N/A,3 5,N/A,N/A,N/A,N/A,N/A,N/A,N/A,N/A,N/A,N/A
1 3 5 13,0.0433117,15.8253,Yes,N/A,N/A,3,1 3,5,1 5,N/A,3 5,1 3 5,N/A,N/A,N/A,13,1 13,N/A,3 13,1 3 13,5 13
1 3 5 12,0.0566624,13.5304,Yes,N/A,N/A,3,1 3,5,1 5,N/A,3 5,1 3 5,N/A,N/A,12,1 12,N/A,3 12,1 3 12,5 12,1 5 12
3 5 12,0.0252951,16.4336,Yes,N/A,N/A,3,N/A,5,N/A,N/A,3 5,N/A,N/A,N/A,12,N/A,N/A,3 12,N/A,5 12,N/A
1 3 5 12 13,0.0209386,23.4287,Yes,N/A,N/A,3,1 3,5,1 5,N/A,3 5,1 3 5,N/A,N/A,12,13,1 13,3 12,3 13,5 12,5 13
3 5 13,0.0205654,18.0053,Yes,N/A,N/A,3,N/A,5,N/A,N/A,3 5,N/A,N/A,N/A,N/A,13,N/A,N/A,3 13,N/A,5 13
1 3 5 11,0.0666349,11.4337,Yes,N/A,N/A,3,1 3,5,1 5,N/A,3 5,1 3 5,N/A,11,1 11,N/A,3 11,1 3 11,5 11,1 5 11,N/A
1 3 5 11 13,0.0265988,20.4252,Yes,N/A,N/A,3,1 3,5,1 5,N/A,3 5,1 3 5,N/A,11,1 11,13,3 11,1 3 11,3 13,1 3 13,5 13
3 5 11,0.0285172,14.9425,Yes,N/A,N/A,3,N/A,5,N/A,N/A,3 5,N/A,N/A,11,N/A,N/A,3 11,N/A,5 11,N/A,N/A
1 3 5 11 12,0.0333741,18.922,Yes,N/A,N/A,3,1 3,5,1 5,N/A,3 5,1 3 5,N/A,11,12,1 12,3 11,3 12,5 11,5 12,1 5 12
1 3 5 11 12 13,0.0148304,29.087,Yes,N/A,N/A,3,1 3,5,1 5,N/A,3 5,1 3 5,N/A,11,12,13,3 11,3 12,3 13,5 12,5 13
3 5 12 13,0.00913741,26.6878,Yes,N/A,N/A,3,N/A,5,N/A,N/A,3 5,N/A,N/A,N/A,12,13,N/A,3 12,3 13,5 12,5 13
1 3 5 10,0.0740008,9.44083,Yes,N/A,N/A,3,1 3,5,1 5,N/A,3 5,1 3 5,10,1 10,N/A,3 10,1 3 10,5 10,1 5 10,N/A,3 5 10
3 5 10,0.0348615,13.4453,Yes,N/A,N/A,3,N/A,5,N/A,N/A,3 5,N/A,10,N/A,N/A,3 10,N/A,5 10,N/A,N/A,3 5 10
1 3 5 10 13,0.0303992,19.3475,Yes,N/A,N/A,3,1 3,5,1 5,N/A,3 5,1 3 5,10,1 10,N/A,13,1 13,5 10,3 13,1 3 13,5 13
1 3 5 10 12,0.0407958,16.1228,Yes,N/A,N/A,3,1 3,5,1 5,N/A,3 5,1 3 5,10,1 10,12,3 10,1 3 10,3 12,1 3 12,5 12,3 5 10
3 5 10 12,0.0173871,22.4056,Yes,N/A,N/A,3,N/A,5,N/A,N/A,3 5,N/A,10,N/A,12,3 10,N/A,3 12,N/A,5 12,3 5 10
1 3 5 10 12 13,0.0189282,25.4823,Yes,N/A,N/A,3,1 3,5,1 5,N/A,3 5,1 3 5,10,1 10,12,13,1 13,3 12,3 13,5 12,5 13
3 5 10 13,0.0121063,24.9784,Yes,N/A,N/A,3,N/A,5,N/A,N/A,3 5,N/A,10,N/A,N/A,13,N/A,5 10,3 13,N/A,5 13
1 3 5 10 11,0.0490457,14.6665,Yes,N/A,N/A,3,1 3,5,1 5,N/A,3 5,1 3 5,10,11,1 11,3 10,3 11,5 10,5 11,1 5 11,3 5 10
1 3 5 10 11 13,0.0220063,24.1823,Yes,N/A,N/A,3,1 3,5,1 5,N/A,3 5,1 3 5,10,11,1 11,13,3 11,5 10,3 13,1 3 13,5 13
1 3 5 10 11 12,0.0281952,22.418,Yes,N/A,N/A,3,1 3,5,1 5,N/A,3 5,1 3 5,10,11,12,3 10,3 11,3 12,5 11,5 12,3 5 10
1 3 5 10 11 12 13,0.0142044,31.5979,Yes,N/A,N/A,3,1 3,5,1 5,N/A,3 5,1 3 5,10,11,12,13,3 11,3 12,3 13,5 12,5 13
3 5 11 13,0.0103113,25.5563,Yes,N/A,N/A,3,N/A,5,N/A,N/A,3 5,N/A,N/A,11,N/A,13,3 11,N/A,3 13,N/A,5 13
3 5 11 12,0.0154267,23.2683,Yes,N/A,N/A,3,N/A,5,N/A,N/A,3 5,N/A,N/A,11,12,N/A,3 11,3 12,5 11,5 12,N/A
3 5 11 12 13,0.00652104,32.9482,Yes,N/A,N/A,3,N/A,5,N/A,N/A,3 5,N/A,N/A,11,12,13,3 11,3 12,3 13,5 12,5 13
1 3 5 9,0.0685794,8.81895,Yes,N/A,N/A,3,1 3,5,1 5,N/A,3 5,9,1 9,N/A,3 9,1 3 9,5 9,1 5 9,N/A,3 5 9,1 3 5 9
1 3 5 9 13,0.0298187,18.5201,Yes,N/A,N/A,3,1 3,5,1 5,N/A,3 5,9,1 9,N/A,3 9,13,5 9,1 5 9,3 13,3 5 9,5 13
3 5 9,0.0435564,12.1262,Yes,N/A,N/A,3,N/A,5,N/A,N/A,3 5,9,N/A,N/A,3 9,N/A,5 9,N/A,N/A,3 5 9,N/A
1 3 5 9 12,0.0408755,16.8287,Yes,N/A,N/A,3,1 3,5,1 5,N/A,3 5,9,1 9,N/A,12,1 12,5 9,3 12,1 3 12,5 12,1 5 12
1 3 5 9 12 13,0.0182686,26.9034,Yes,N/A,N/A,3,1 3,5,1 5,N/A,3 5,9,1 9,N/A,12,13,5 9,3 12,3 13,5 12,5 13
1 3 5 9 11,0.0531614,13.8326,Yes,N/A,N/A,3,1 3,5,1 5,N/A,3 5,9,1 9,11,3 9,1 3 9,3 11,1 3 11,5 11,3 5 9,1 3 5 9
1 3 5 9 11 13,0.0240121,22.7837,Yes,N/A,N/A,3,1 3,5,1 5,N/A,3 5,9,1 9,11,3 9,13,3 11,1 3 11,3 13,3 5 9,5 13
3 5 9 11,0.0272098,19.6186,Yes,N/A,N/A,3,N/A,5,N/A,N/A,3 5,9,N/A,11,3 9,N/A,3 11,N/A,5 11,3 5 9,N/A
1 3 5 9 11 12,0.0318109,21.0229,Yes,N/A,N/A,3,1 3,5,1 5,N/A,3 5,9,1 9,11,12,1 12,3 11,3 12,5 11,5 12,1 5 12
1 3 5 9 11 12 13,0.0157513,30.1041,Yes,N/A,N/A,3,1 3,5,1 5,N/A,3 5,9,1 9,11,12,13,3 11,3 12,3 13,5 12,5 13
3 5 9 13,0.0168427,22.031,Yes,N/A,N/A,3,N/A,5,N/A,N/A,3 5,9,N/A,N/A,3 9,13,5 9,N/A,3 13,3 5 9,5 13
3 5 9 12,0.019778,22.0896,Yes,N/A,N/A,3,N/A,5,N/A,N/A,3 5,9,N/A,N/A,12,N/A,5 9,3 12,N/A,5 12,N/A
3 5 9 12 13,0.00895512,31.2672,Yes,N/A,N/A,3,N/A,5,N/A,N/A,3 5,9,N/A,N/A,12,13,5 9,3 12,3 13,5 12,5 13
1 3 5 9 10,0.0643044,12.4088,Yes,N/A,N/A,3,1 3,5,1 5,N/A,3 5,9,10,1 10,3 9,3 10,5 9,5 10,1 5 10,3 5 9,3 5 10
1 3 5 9 10 13,0.0281147,21.6535,Yes,N/A,N/A,3,1 3,5,1 5,N/A,3 5,9,10,1 10,3 9,13,5 9,5 10,3 13,3 5 9,5 13
1 3 5 9 10 12,0.0362432,19.9566,Yes,N/A,N/A,3,1 3,5,1 5,N/A,3 5,9,10,1 10,12,3 10,5 9,3 12,1 3 12,5 12,3 5 10
1 3 5 9 10 12 13,0.0179454,28.9893,Yes,N/A,N/A,3,1 3,5,1 5,N/A,3 5,9,10,1 10,12,13,5 9,3 12,3 13,5 12,5 13
1 3 5 9 10 11,0.0440978,18.4051,Yes,N/A,N/A,3,1 3,5,1 5,N/A,3 5,9,10,11,3 9,3 10,3 11,5 10,5 11,3 5 9,3 5 10
1 3 5 9 10 11 13,0.0214837,27.0652,Yes,N/A,N/A,3,1 3,5,1 5,N/A,3 5,9,10,11,3 9,13,3 11,5 10,3 13,3 5 9,5 13
1 3 5 9 10 11 12,0.0269589,25.351,Yes,N/A,N/A,3,1 3,5,1 5,N/A,3 5,9,10,11,12,3 10,3 11,3 12,5 11,5 12,3 5 10
1 3 5 9 10 11 12 13,0.0146971,33.9842,Yes,N/A,N/A,3,1 3,5,1 5,N/A,3 5,9,10,11,12,13,3 11,3 12,3 13,5 12,5 13
3 5 10 12 13,0.00675319,33.413,Yes,N/A,N/A,3,N/A,5,N/A,N/A,3 5,N/A,10,N/A,12,13,N/A,3 12,3 13,5 12,5 13
3 5 10 11,0.0258809,19.9117,Yes,N/A,N/A,3,N/A,5,N/A,N/A,3 5,N/A,10,11,N/A,3 10,3 11,5 10,5 11,N/A,3 5 10
3 5 10 11 13,0.00914249,31.1908,Yes,N/A,N/A,3,N/A,5,N/A,N/A,3 5,N/A,10,11,N/A,13,3 11,5 10,3 13,N/A,5 13
3 5 10 11 12,0.0137259,27.4297,Yes,N/A,N/A,3,N/A,5,N/A,N/A,3 5,N/A,10,11,12,3 10,3 11,3 12,5 11,5 12,3 5 10
3 5 10 11 12 13,0.00586531,37.9518,Yes,N/A,N/A,3,N/A,5,N/A,N/A,3 5,N/A,10,11,12,13,3 11,3 12,3 13,5 12,5 13
1 3 5 8,0.0657061,8.3152,Yes,N/A,N/A,3,1 3,5,1 5,N/A,8,1 8,N/A,3 8,1 3 8,5 8,1 5 8,N/A,3 5 8,1 3 5 8,N/A
3 5 8,0.0451496,11.8062,Yes,N/A,N/A,3,N/A,5,N/A,N/A,8,N/A,N/A,3 8,N/A,5 8,N/A,N/A,3 5 8,N/A,N/A
1 3 5 8 13,0.027192,18.5994,Yes,N/A,N/A,3,1 3,5,1 5,N/A,8,1 8,N/A,3 8,1 3 8,13,1 13,N/A,3 13,1 3 13,5 13
1 3 5 8 12,0.0407583,16.1779,Yes,N/A,N/A,3,1 3,5,1 5,N/A,8,1 8,N/A,3 8,12,5 8,1 5 8,3 12,3 5 8,5 12,1 5 12
3 5 8 12,0.0257326,20.0738,Yes,N/A,N/A,3,N/A,5,N/A,N/A,8,N/A,N/A,3 8,12,5 8,N/A,3 12,3 5 8,5 12,N/A
1 3 5 8 12 13,0.0177782,26.1833,Yes,N/A,N/A,3,1 3,5,1 5,N/A,8,1 8,N/A,3 8,12,13,1 13,3 12,3 13,5 12,5 13
3 5 8 13,0.011964,23.8045,Yes,N/A,N/A,3,N/A,5,N/A,N/A,8,N/A,N/A,3 8,N/A,13,N/A,N/A,3 13,N/A,5 13
1 3 5 8 11,0.0505655,14.91,Yes,N/A,N/A,3,1 3,5,1 5,N/A,8,1 8,N/A,11,1 11,5 8,3 11,1 3 11,5 11,1 5 11,N/A
1 3 5 8 11 13,0.0194291,25.2702,Yes,N/A,N/A,3,1 3,5,1 5,N/A,8,1 8,N/A,11,1 11,13,3 11,1 3 11,3 13,1 3 13,5 13
1 3 5 8 11 12,0.0297993,22.9517,Yes,N/A,N/A,3,1 3,5,1 5,N/A,8,1 8,N/A,11,12,5 8,3 11,3 12,5 11,5 12,1 5 12
1 3 5 8 11 12 13,0.0131813,33.0247,Yes,N/A,N/A,3,1 3,5,1 5,N/A,8,1 8,N/A,11,12,13,3 11,3 12,3 13,5 12,5 13
1 3 5 8 10,0.0681386,12.0641,Yes,N/A,N/A,3,1 3,5,1 5,N/A,8,1 8,10,3 8,1 3 8,3 10,1 3 10,5 10,3 5 8,1 3 5 8,8 10
3 5 8 10,0.0369861,18.1932,Yes,N/A,N/A,3,N/A,5,N/A,N/A,8,N/A,10,3 8,N/A,3 10,N/A,5 10,3 5 8,N/A,8 10
1 3 5 8 10 13,0.0283923,21.4855,Yes,N/A,N/A,3,1 3,5,1 5,N/A,8,1 8,10,3 8,1 3 8,13,1 13,5 10,3 13,1 3 13,5 13
1 3 5 8 10 12,0.0377469,19.2425,Yes,N/A,N/A,3,1 3,5,1 5,N/A,8,1 8,10,3 8,12,3 10,1 3 10,3 12,3 5 8,5 12,8 10
3 5 8 10 12,0.0178239,26.0247,Yes,N/A,N/A,3,N/A,5,N/A,N/A,8,N/A,10,3 8,12,3 10,N/A,3 12,3 5 8,5 12,8 10
1 3 5 8 10 12 13,0.0182569,28.1115,Yes,N/A,N/A,3,1 3,5,1 5,N/A,8,1 8,10,3 8,12,13,1 13,3 12,3 13,5 12,5 13
3 5 8 10 13,0.0108328,29.8773,Yes,N/A,N/A,3,N/A,5,N/A,N/A,8,N/A,10,3 8,N/A,13,N/A,5 10,3 13,N/A,5 13
1 3 5 8 10 11,0.0468184,17.5897,Yes,N/A,N/A,3,1 3,5,1 5,N/A,8,1 8,10,11,1 11,3 10,3 11,5 10,5 11,1 5 11,8 10
1 3 5 8 10 11 13,0.0202467,27.3,Yes,N/A,N/A,3,1 3,5,1 5,N/A,8,1 8,10,11,1 11,13,3 11,5 10,3 13,1 3 13,5 13
1 3 5 8 10 11 12,0.028299,24.4272,Yes,N/A,N/A,3,1 3,5,1 5,N/A,8,1 8,10,11,12,3 10,3 11,3 12,5 11,5 12,8 10
1 3 5 8 10 11 12 13,0.0143184,33.392,Yes,N/A,N/A,3,1 3,5,1 5,N/A,8,1 8,10,11,12,13,3 11,3 12,3 13,5 12,5 13
3 5 8 12 13,0.00776512,31.5744,Yes,N/A,N/A,3,N/A,5,N/A,N/A,8,N/A,N/A,3 8,12,13,N/A,3 12,3 13,5 12,5 13
3 5 8 11,0.0268695,20.526,Yes,N/A,N/A,3,N/A,5,N/A,N/A,8,N/A,N/A,11,N/A,5 8,3 11,N/A,5 11,N/A,N/A
3 5 8 11 13,0.0072813,32.486,Yes,N/A,N/A,3,N/A,5,N/A,N/A,8,N/A,N/A,11,N/A,13,3 11,N/A,3 13,N/A,5 13
3 5 8 11 12,0.0158108,27.7549,Yes,N/A,N/A,3,N/A,5,N/A,N/A,8,N/A,N/A,11,12,5 8,3 11,3 12,5 11,5 12,N/A
3 5 8 11 12 13,0.00536997,39.1115,Yes,N/A,N/A,3,N/A,5,N/A,N/A,8,N/A,N/A,11,12,13,3 11,3 12,3 13,5 12,5 13
1 3 5 8 9,0.0806228,10.8069,Yes,N/A,N/A,3,1 3,5,1 5,N/A,8,9,1 9,3 8,3 9,5 8,5 9,1 5 9,3 5 8,8 9,1 8 9
1 3 5 8 9 13,0.0310118,20.6099,Yes,N/A,N/A,3,1 3,5,1 5,N/A,8,9,1 9,3 8,3 9,13,5 9,1 5 9,3 13,8 9,5 13
1 3 5 8 9 12,0.0434404,18.3,Yes,N/A,N/A,3,1 3,5,1 5,N/A,8,9,1 9,3 8,12,5 8,5 9,3 12,3 5 8,5 12,1 5 12
1 3 5 8 9 12 13,0.0195689,27.7639,Yes,N/A,N/A,3,1 3,5,1 5,N/A,8,9,1 9,3 8,12,13,5 9,3 12,3 13,5 12,5 13
1 3 5 8 9 11,0.0512664,16.9399,Yes,N/A,N/A,3,1 3,5,1 5,N/A,8,9,1 9,11,3 9,5 8,3 11,1 3 11,5 11,8 9,1 8 9
1 3 5 8 9 11 13,0.0209415,26.7344,Yes,N/A,N/A,3,1 3,5,1 5,N/A,8,9,1 9,11,3 9,13,3 11,1 3 11,3 13,8 9,5 13
1 3 5 8 9 11 12,0.0306801,24.0211,Yes,N/A,N/A,3,1 3,5,1 5,N/A,8,9,1 9,11,12,5 8,3 11,3 12,5 11,5 12,1 5 12
1 3 5 8 9 11 12 13,0.0147814,33.2554,Yes,N/A,N/A,3,1 3,5,1 5,N/A,8,9,1 9,11,12,13,3 11,3 12,3 13,5 12,5 13
1 3 5 8 9 10,0.0610966,15.2812,Yes,N/A,N/A,3,1 3,5,1 5,N/A,8,9,10,3 8,3 9,3 10,5 9,5 10,3 5 8,8 9,8 10
1 3 5 8 9 10 13,0.0280014,24.1502,Yes,N/A,N/A,3,1 3,5,1 5,N/A,8,9,10,3 8,3 9,13,5 9,5 10,3 13,8 9,5 13
1 3 5 8 9 10 12,0.0353581,22.1942,Yes,N/A,N/A,3,1 3,5,1 5,N/A,8,9,10,3 8,12,3 10,5 9,3 12,3 5 8,5 12,8 10
1 3 5 8 9 10 12 13,0.0186603,30.7065,Yes,N/A,N/A,3,1 3,5,1 5,N/A,8,9,10,3 8,12,13,5 9,3 12,3 13,5 12,5 13
1 3 5 8 9 10 11,0.0415446,20.4166,Yes,N/A,N/A,3,1 3,5,1 5,N/A,8,9,10,11,3 9,3 10,3 11,5 10,5 11,8 9,8 10
1 3 5 8 9 10 11 13,0.0205598,29.2951,Yes,N/A,N/A,3,1 3,5,1 5,N/A,8,9,10,11,3 9,13,3 11,5 10,3 13,8 9,5 13
1 3 5 8 9 10 11 12,0.026553,27.0777,Yes,N/A,N/A,3,1 3,5,1 5,N/A,8,9,10,11,12,3 10,3 11,3 12,5 11,5 12,8 10
1 3 5 8 9 10 11 12 13,0.0149934,35.4517,Yes,N/A,N/A,3,1 3,5,1 5,N/A,8,9,10,11,12,13,3 11,3 12,3 13,5 12,5 13
1 3 5 7,0.0875504,6.12137,Yes,N/A,N/A,3,1 3,5,1 5,7,3 5,1 3 5,3 7,1 3 7,5 7,1 5 7,N/A,3 5 7,1 3 5 7,N/A,N/A
3 5 7,0.0678691,10.0609,Yes,N/A,N/A,3,N/A,5,N/A,7,3 5,N/A,3 7,N/A,5 7,N/A,N/A,3 5 7,N/A,N/A,N/A
1 3 5 7 13,0.0396354,14.4891,Yes,N/A,N/A,3,1 3,5,1 5,7,3 5,1 3 5,3 7,1 3 7,5 7,13,1 13,3 5 7,3 13,1 3 13,5 13
1 3 5 7 12,0.0478558,14.1299,Yes,N/A,N/A,3,1 3,5,1 5,7,3 5,1 3 5,3 7,1 3 7,12,1 12,N/A,3 12,1 3 12,5 12,1 5 12
3 5 7 12,0.0220623,20.5172,Yes,N/A,N/A,3,N/A,5,N/A,7,3 5,N/A,3 7,N/A,12,N/A,N/A,3 12,N/A,5 12,N/A
1 3 5 7 12 13,0.0209269,22.6415,Yes,N/A,N/A,3,1 3,5,1 5,7,3 5,1 3 5,3 7,1 3 7,12,13,1 13,3 12,3 13,5 12,5 13
1 3 5 7 11,0.0676621,11.5549,Yes,N/A,N/A,3,1 3,5,1 5,7,3 5,1 3 5,3 7,11,5 7,1 5 7,3 11,3 5 7,5 11,1 5 11,7 11
1 3 5 7 11 13,0.0295937,20.2276,Yes,N/A,N/A,3,1 3,5,1 5,7,3 5,1 3 5,3 7,11,5 7,13,3 11,3 5 7,3 13,1 3 13,5 13
3 5 7 11,0.0444512,16.3337,Yes,N/A,N/A,3,N/A,5,N/A,7,3 5,N/A,3 7,11,5 7,N/A,3 11,3 5 7,5 11,N/A,7 11
1 3 5 7 11 12,0.035758,18.9938,Yes,N/A,N/A,3,1 3,5,1 5,7,3 5,1 3 5,3 7,11,12,1 12,3 11,3 12,5 11,5 12,7 11
1 3 5 7 11 12 13,0.0164091,28.115,Yes,N/A,N/A,3,1 3,5,1 5,7,3 5,1 3 5,3 7,11,12,13,3 11,3 12,3 13,5 12,5 13
3 5 7 13,0.0232172,19.9447,Yes,N/A,N/A,3,N/A,5,N/A,7,3 5,N/A,3 7,N/A,5 7,13,N/A,3 5 7,3 13,N/A,5 13
3 5 7 12 13,0.00912395,29.8582,Yes,N/A,N/A,3,N/A,5,N/A,7,3 5,N/A,3 7,N/A,12,13,N/A,3 12,3 13,5 12,5 13
1 3 5 7 10,0.0813415,10.3444,Yes,N/A,N/A,3,1 3,5,1 5,7,3 5,1 3 5,10,1 10,5 7,3 10,1 3 10,5 10,1 5 10,7 10,3 5 10
3 5 7 10,0.0454425,16.8139,Yes,N/A,N/A,3,N/A,5,N/A,7,3 5,N/A,10,N/A,5 7,3 10,N/A,5 10,N/A,7 10,3 5 10
1 3 5 7 10 13,0.0341828,19.1351,Yes,N/A,N/A,3,1 3,5,1 5,7,3 5,1 3 5,10,1 10,5 7,13,1 13,5 10,3 13,7 10,5 13
1 3 5 7 10 12,0.0366977,18.3722,Yes,N/A,N/A,3,1 3,5,1 5,7,3 5,1 3 5,10,1 10,12,3 10,1 3 10,3 12,1 3 12,5 12,3 5 10
3 5 7 10 12,0.0143974,27.2188,Yes,N/A,N/A,3,N/A,5,N/A,7,3 5,N/A,10,N/A,12,3 10,N/A,3 12,N/A,5 12,3 5 10
1 3 5 7 10 12 13,0.0183907,26.5103,Yes,N/A,N/A,3,1 3,5,1 5,7,3 5,1 3 5,10,1 10,12,13,1 13,3 12,3 13,5 12,5 13
1 3 5 7 10 11,0.0525481,16.0421,Yes,N/A,N/A,3,1 3,5,1 5,7,3 5,1 3 5,10,11,5 7,3 10,3 11,5 10,5 11,7 10,7 11
1 3 5 7 10 11 13,0.0246326,24.4876,Yes,N/A,N/A,3,1 3,5,1 5,7,3 5,1 3 5,10,11,5 7,13,3 11,5 10,3 13,7 10,5 13
1 3 5 7 10 11 12,0.0273271,23.4588,Yes,N/A,N/A,3,1 3,5,1 5,7,3 5,1 3 5,10,11,12,3 10,3 11,3 12,5 11,5 12,7 11
1 3 5 7 10 11 12 13,0.0147559,31.3993,Yes,N/A,N/A,3,1 3,5,1 5,7,3 5,1 3 5,10,11,12,13,3 11,3 12,3 13,5 12,5 13
1 3 5 7 9,0.0945518,9.59178,Yes,N/A,N/A,3,1 3,5,1 5,7,3 5,9,3 7,1 3 7,3 9,1 3 9,5 9,3 5 7,7 9,3 5 9,1 3 5 9
1 3 5 7 9 13,0.0383325,18.2903,Yes,N/A,N/A,3,1 3,5,1 5,7,3 5,9,3 7,1 3 7,3 9,13,5 9,3 5 7,3 13,3 5 9,5 13
3 5 7 9,0.0576717,14.5603,Yes,N/A,N/A,3,N/A,5,N/A,7,3 5,9,3 7,N/A,3 9,N/A,5 9,3 5 7,7 9,3 5 9,N/A
1 3 5 7 9 12,0.0499821,16.2522,Yes,N/A,N/A,3,1 3,5,1 5,7,3 5,9,3 7,1 3 7,12,1 12,5 9,3 12,7 9,5 12,1 5 12
1 3 5 7 9 12 13,0.0225451,25.0844,Yes,N/A,N/A,3,1 3,5,1 5,7,3 5,9,3 7,1 3 7,12,13,5 9,3 12,3 13,5 12,5 13
1 3 5 7 9 11,0.0584344,14.6733,Yes,N/A,N/A,3,1 3,5,1 5,7,3 5,9,3 7,11,3 9,1 3 9,3 11,3 5 7,5 11,3 5 9,7 11
1 3 5 7 9 11 13,0.0282456,22.2981,Yes,N/A,N/A,3,1 3,5,1 5,7,3 5,9,3 7,11,3 9,13,3 11,3 5 7,3 13,3 5 9,5 13
3 5 7 9 11,0.029504,20.7262,Yes,N/A,N/A,3,N/A,5,N/A,7,3 5,9,3 7,11,3 9,N/A,3 11,3 5 7,5 11,3 5 9,7 11
1 3 5 7 9 11 12,0.0350733,20.4281,Yes,N/A,N/A,3,1 3,5,1 5,7,3 5,9,3 7,11,12,1 12,3 11,3 12,5 11,5 12,7 11
1 3 5 7 9 11 12 13,0.018279,28.4325,Yes,N/A,N/A,3,1 3,5,1 5,7,3 5,9,3 7,11,12,13,3 11,3 12,3 13,5 12,5 13
3 5 7 9 13,0.0202946,23.64,Yes,N/A,N/A,3,N/A,5,N/A,7,3 5,9,3 7,N/A,3 9,13,5 9,3 5 7,3 13,3 5 9,5 13
3 5 7 9 12,0.0206308,24.3439,Yes,N/A,N/A,3,N/A,5,N/A,7,3 5,9,3 7,N/A,12,N/A,5 9,3 12,7 9,5 12,N/A
3 5 7 9 12 13,0.00947266,32.6423,Yes,N/A,N/A,3,N/A,5,N/A,7,3 5,9,3 7,N/A,12,13,5 9,3 12,3 13,5 12,5 13
1 3 5 7 9 10,0.0690008,13.0311,Yes,N/A,N/A,3,1 3,5,1 5,7,3 5,9,10,1 10,3 9,3 10,5 9,5 10,7 9,7 10,3 5 10
1 3 5 7 9 10 13,0.0315784,21.3499,Yes,N/A,N/A,3,1 3,5,1 5,7,3 5,9,10,1 10,3 9,13,5 9,5 10,3 13,7 10,5 13
1 3 5 7 9 10 12,0.0369827,19.8613,Yes,N/A,N/A,3,1 3,5,1 5,7,3 5,9,10,1 10,12,3 10,5 9,3 12,7 9,5 12,3 5 10
1 3 5 7 9 10 12 13,0.0196096,27.6833,Yes,N/A,N/A,3,1 3,5,1 5,7,3 5,9,10,1 10,12,13,5 9,3 12,3 13,5 12,5 13
1 3 5 7 9 10 11,0.0461086,17.8567,Yes,N/A,N/A,3,1 3,5,1 5,7,3 5,9,10,11,3 9,3 10,3 11,5 10,5 11,7 10,7 11
1 3 5 7 9 10 11 13,0.024311,25.3163,Yes,N/A,N/A,3,1 3,5,1 5,7,3 5,9,10,11,3 9,13,3 11,5 10,3 13,7 10,5 13
1 3 5 7 9 10 11 12,0.0282524,23.7854,Yes,N/A,N/A,3,1 3,5,1 5,7,3 5,9,10,11,12,3 10,3 11,3 12,5 11,5 12,7 11
1 3 5 7 9 10 11 12 13,0.0167041,30.8687,Yes,N/A,N/A,3,1 3,5,1 5,7,3 5,9,10,11,12,13,3 11,3 12,3 13,5 12,5 13
3 5 7 11 13,0.0163881,25.5264,Yes,N/A,N/A,3,N/A,5,N/A,7,3 5,N/A,3 7,11,5 7,13,3 11,3 5 7,3 13,N/A,5 13
3 5 7 11 12,0.0161491,25.8964,Yes,N/A,N/A,3,N/A,5,N/A,7,3 5,N/A,3 7,11,12,N/A,3 11,3 12,5 11,5 12,7 11
3 5 7 11 12 13,0.00740484,34.3556,Yes,N/A,N/A,3,N/A,5,N/A,7,3 5,N/A,3 7,11,12,13,3 11,3 12,3 13,5 12,5 13
3 5 7 10 13,0.013931,27.6757,Yes,N/A,N/A,3,N/A,5,N/A,7,3 5,N/A,10,N/A,5 7,13,N/A,5 10,3 13,7 10,5 13
3 5 7 10 12 13,0.00607587,37.6497,Yes,N/A,N/A,3,N/A,5,N/A,7,3 5,N/A,10,N/A,12,13,N/A,3 12,3 13,5 12,5 13
3 5 7 10 11,0.0288034,21.5166,Yes,N/A,N/A,3,N/A,5,N/A,7,3 5,N/A,10,11,5 7,3 10,3 11,5 10,5 11,7 10,7 11
3 5 7 10 11 13,0.0112628,31.7448,Yes,N/A,N/A,3,N/A,5,N/A,7,3 5,N/A,10,11,5 7,13,3 11,5 10,3 13,7 10,5 13
3 5 7 10 11 12,0.011751,30.8391,Yes,N/A,N/A,3,N/A,5,N/A,7,3 5,N/A,10,11,12,3 10,3 11,3 12,5 11,5 12,7 11
3 5 7 10 11 12 13,0.00573958,40.4792,Yes,N/A,N/A,3,N/A,5,N/A,7,3 5,N/A,10,11,12,13,3 11,3 12,3 13,5 12,5 13
1 3 5 7 8,0.104906,8.41691,Yes,N/A,N/A,3,1 3,5,1 5,7,8,1 8,3 7,3 8,5 7,5 8,1 5 8,7 8,3 5 8,1 3 5 8,3 7 8
3 5 7 8,0.0723561,13.1331,Yes,N/A,N/A,3,N/A,5,N/A,7,8,N/A,3 7,3 8,5 7,5 8,N/A,7 8,3 5 8,N/A,3 7 8
1 3 5 7 8 13,0.0441832,16.9283,Yes,N/A,N/A,3,1 3,5,1 5,7,8,1 8,3 7,3 8,5 7,13,1 13,7 8,3 13,1 3 13,5 13
1 3 5 7 8 12,0.0491551,16.1421,Yes,N/A,N/A,3,1 3,5,1 5,7,8,1 8,3 7,3 8,12,5 8,1 5 8,3 12,3 5 8,5 12,3 7 8
3 5 7 8 12,0.0248684,22.5693,Yes,N/A,N/A,3,N/A,5,N/A,7,8,N/A,3 7,3 8,12,5 8,N/A,3 12,3 5 8,5 12,3 7 8
1 3 5 7 8 12 13,0.0224271,24.7243,Yes,N/A,N/A,3,1 3,5,1 5,7,8,1 8,3 7,3 8,12,13,1 13,3 12,3 13,5 12,5 13
1 3 5 7 8 11,0.0643082,13.6579,Yes,N/A,N/A,3,1 3,5,1 5,7,8,1 8,3 7,11,5 7,5 8,3 11,7 8,5 11,1 5 11,7 11
1 3 5 7 8 11 13,0.029137,22.0776,Yes,N/A,N/A,3,1 3,5,1 5,7,8,1 8,3 7,11,5 7,13,3 11,7 8,3 13,1 3 13,5 13
1 3 5 7 8 11 12,0.0351492,20.7013,Yes,N/A,N/A,3,1 3,5,1 5,7,8,1 8,3 7,11,12,5 8,3 11,3 12,5 11,5 12,7 11
1 3 5 7 8 11 12 13,0.0174232,29.0728,Yes,N/A,N/A,3,1 3,5,1 5,7,8,1 8,3 7,11,12,13,3 11,3 12,3 13,5 12,5 13
1 3 5 7 8 10,0.071136,12.581,Yes,N/A,N/A,3,1 3,5,1 5,7,8,1 8,10,3 8,5 7,3 10,1 3 10,5 10,3 5 8,7 10,8 10
3 5 7 8 10,0.0353287,19.8708,Yes,N/A,N/A,3,N/A,5,N/A,7,8,N/A,10,3 8,5 7,3 10,N/A,5 10,3 5 8,7 10,8 10
1 3 5 7 8 10 13,0.0346724,20.5744,Yes,N/A,N/A,3,1 3,5,1 5,7,8,1 8,10,3 8,5 7,13,1 13,5 10,3 13,7 10,5 13
1 3 5 7 8 10 12,0.0348285,20.2838,Yes,N/A,N/A,3,1 3,5,1 5,7,8,1 8,10,3 8,12,3 10,1 3 10,3 12,3 5 8,5 12,8 10
3 5 7 8 10 12,0.0143288,29.613,Yes,N/A,N/A,3,N/A,5,N/A,7,8,N/A,10,3 8,12,3 10,N/A,3 12,3 5 8,5 12,8 10
1 3 5 7 8 10 12 13,0.0193949,27.7396,Yes,N/A,N/A,3,1 3,5,1 5,7,8,1 8,10,3 8,12,13,1 13,3 12,3 13,5 12,5 13
1 3 5 7 8 10 11,0.0487187,17.1392,Yes,N/A,N/A,3,1 3,5,1 5,7,8,1 8,10,11,5 7,3 10,3 11,5 10,5 11,7 10,7 11
1 3 5 7 8 10 11 13,0.0251511,25.0978,Yes,N/A,N/A,3,1 3,5,1 5,7,8,1 8,10,11,5 7,13,3 11,5 10,3 13,7 10,5 13
1 3 5 7 8 10 11 12,0.02794,23.7727,Yes,N/A,N/A,3,1 3,5,1 5,7,8,1 8,10,11,12,3 10,3 11,3 12,5 11,5 12,7 11
1 3 5 7 8 10 11 12 13,0.0162922,31.061,Yes,N/A,N/A,3,1 3,5,1 5,7,8,1 8,10,11,12,13,3 11,3 12,3 13,5 12,5 13
1 3 5 7 8 9,0.0793088,11.1464,Yes,N/A,N/A,3,1 3,5,1 5,7,8,9,3 7,3 8,3 9,5 8,5 9,7 8,7 9,8 9,3 7 8
1 3 5 7 8 9 13,0.0354697,19.8063,Yes,N/A,N/A,3,1 3,5,1 5,7,8,9,3 7,3 8,3 9,13,5 9,7 8,3 13,8 9,5 13
1 3 5 7 8 9 12,0.0446977,17.9467,Yes,N/A,N/A,3,1 3,5,1 5,7,8,9,3 7,3 8,12,5 8,5 9,3 12,7 9,5 12,3 7 8
1 3 5 7 8 9 12 13,0.0222328,26.2881,Yes,N/A,N/A,3,1 3,5,1 5,7,8,9,3 7,3 8,12,13,5 9,3 12,3 13,5 12,5 13
1 3 5 7 8 9 11,0.0537556,15.7517,Yes,N/A,N/A,3,1 3,5,1 5,7,8,9,3 7,11,3 9,5 8,3 11,7 8,5 11,8 9,7 11
1 3 5 7 8 9 11 13,0.0265893,23.8411,Yes,N/A,N/A,3,1 3,5,1 5,7,8,9,3 7,11,3 9,13,3 11,7 8,3 13,8 9,5 13
1 3 5 7 8 9 11 12,0.0337302,21.8921,Yes,N/A,N/A,3,1 3,5,1 5,7,8,9,3 7,11,12,5 8,3 11,3 12,5 11,5 12,7 11
1 3 5 7 8 9 11 12 13,0.0184225,29.5545,Yes,N/A,N/A,3,1 3,5,1 5,7,8,9,3 7,11,12,13,3 11,3 12,3 13,5 12,5 13
1 3 5 7 8 9 10,0.0599295,14.4092,Yes,N/A,N/A,3,1 3,5,1 5,7,8,9,10,3 8,3 9,3 10,5 9,5 10,7 9,7 10,8 10
1 3 5 7 8 9 10 13,0.030882,22.0672,Yes,N/A,N/A,3,1 3,5,1 5,7,8,9,10,3 8,3 9,13,5 9,5 10,3 13,7 10,5 13
1 3 5 7 8 9 10 12,0.0355878,20.8257,Yes,N/A,N/A,3,1 3,5,1 5,7,8,9,10,3 8,12,3 10,5 9,3 12,7 9,5 12,8 10
1 3 5 7 8 9 10 12 13,0.0206336,27.8724,Yes,N/A,N/A,3,1 3,5,1 5,7,8,9,10,3 8,12,13,5 9,3 12,3 13,5 12,5 13
1 3 5 7 8 9 10 11,0.0430423,18.6554,Yes,N/A,N/A,3,1 3,5,1 5,7,8,9,10,11,3 9,3 10,3 11,5 10,5 11,7 10,7 11
1 3 5 7 8 9 10 11 13,0.02436,25.7708,Yes,N/A,N/A,3,1 3,5,1 5,7,8,9,10,11,3 9,13,3 11,5 10,3 13,7 10,5 13
1 3 5 7 8 9 10 11 12,0.0285822,24.1395,Yes,N/A,N/A,3,1 3,5,1 5,7,8,9,10,11,12,3 10,3 11,3 12,5 11,5 12,7 11
1 3 5 7 8 9 10 11 12 13,0.0180014,30.5696,Yes,N/A,N/A,3,1 3,5,1 5,7,8,9,10,11,12,13,3 11,3 12,3 13,5 12,5 13
3 5 9 11 13,0.0106506,29.0624,Yes,N/A,N/A,3,N/A,5,N/A,N/A,3 5,9,N/A,11,3 9,13,3 11,N/A,3 13,3 5 9,5 13
3 5 9 11 12,0.0128628,28.7693,Yes,N/A,N/A,3,N/A,5,N/A,N/A,3 5,9,N/A,11,12,N/A,3 11,3 12,5 11,5 12,N/A
3 5 9 11 12 13,0.00638981,37.2323,Yes,N/A,N/A,3,N/A,5,N/A,N/A,3 5,9,N/A,11,12,13,3 11,3 12,3 13,5 12,5 13
3 5 9 10,0.0419245,16.7965,Yes,N/A,N/A,3,N/A,5,N/A,N/A,3 5,9,10,N/A,3 9,3 10,5 9,5 10,N/A,3 5 9,3 5 10
3 5 9 10 13,0.014195,27.2154,Yes,N/A,N/A,3,N/A,5,N/A,N/A,3 5,9,10,N/A,3 9,13,5 9,5 10,3 13,3 5 9,5 13
3 5 9 10 12,0.0175857,26.3882,Yes,N/A,N/A,3,N/A,5,N/A,N/A,3 5,9,10,N/A,12,3 10,5 9,3 12,N/A,5 12,3 5 10
3 5 9 10 12 13,0.00752451,36.3669,Yes,N/A,N/A,3,N/A,5,N/A,N/A,3 5,9,10,N/A,12,13,5 9,3 12,3 13,5 12,5 13
3 5 9 10 11,0.0246865,22.3717,Yes,N/A,N/A,3,N/A,5,N/A,N/A,3 5,9,10,11,3 9,3 10,3 11,5 10,5 11,3 5 9,3 5 10
3 5 9 10 11 13,0.0100839,32.2934,Yes,N/A,N/A,3,N/A,5,N/A,N/A,3 5,9,10,11,3 9,13,3 11,5 10,3 13,3 5 9,5 13
3 5 9 10 11 12,0.0124854,30.772,Yes,N/A,N/A,3,N/A,5,N/A,N/A,3 5,9,10,11,12,3 10,3 11,3 12,5 11,5 12,3 5 10
3 5 9 10 11 12 13,0.00620312,40.0628,Yes,N/A,N/A,3,N/A,5,N/A,N/A,3 5,9,10,11,12,13,3 11,3 12,3 13,5 12,5 13
3 5 8 10 12 13,0.00656033,37.1759,Yes,N/A,N/A,3,N/A,5,N/A,N/A,8,N/A,10,3 8,12,13,N/A,3 12,3 13,5 12,5 13
3 5 8 10 11,0.0195516,25.9189,Yes,N/A,N/A,3,N/A,5,N/A,N/A,8,N/A,10,11,N/A,3 10,3 11,5 10,5 11,N/A,8 10
3 5 8 10 11 13,0.00680325,37.5058,Yes,N/A,N/A,3,N/A,5,N/A,N/A,8,N/A,10,11,N/A,13,3 11,5 10,3 13,N/A,5 13
3 5 8 10 11 12,0.0119396,32.3625,Yes,N/A,N/A,3,N/A,5,N/A,N/A,8,N/A,10,11,12,3 10,3 11,3 12,5 11,5 12,8 10
3 5 8 10 11 12 13,0.0050141,43.2976,Yes,N/A,N/A,3,N/A,5,N/A,N/A,8,N/A,10,11,12,13,3 11,3 12,3 13,5 12,5 13
3 5 8 9,0.0571112,15.2479,Yes,N/A,N/A,3,N/A,5,N/A,N/A,8,9,N/A,3 8,3 9,5 8,5 9,N/A,3 5 8,8 9,N/A
3 5 8 9 13,0.0162269,26.3321,Yes,N/A,N/A,3,N/A,5,N/A,N/A,8,9,N/A,3 8,3 9,13,5 9,N/A,3 13,8 9,5 13
3 5 8 9 12,0.0230761,24.0395,Yes,N/A,N/A,3,N/A,5,N/A,N/A,8,9,N/A,3 8,12,5 8,5 9,3 12,3 5 8,5 12,N/A
3 5 8 9 12 13,0.00904577,34.404,Yes,N/A,N/A,3,N/A,5,N/A,N/A,8,9,N/A,3 8,12,13,5 9,3 12,3 13,5 12,5 13
3 5 8 9 11,0.0261587,23.6479,Yes,N/A,N/A,3,N/A,5,N/A,N/A,8,9,N/A,11,3 9,5 8,3 11,N/A,5 11,8 9,N/A
3 5 8 9 11 13,0.00877009,34.7855,Yes,N/A,N/A,3,N/A,5,N/A,N/A,8,9,N/A,11,3 9,13,3 11,N/A,3 13,8 9,5 13
3 5 8 9 11 12,0.0133613,31.8602,Yes,N/A,N/A,3,N/A,5,N/A,N/A,8,9,N/A,11,12,5 8,3 11,3 12,5 11,5 12,N/A
3 5 8 9 11 12 13,0.00580679,42.2285,Yes,N/A,N/A,3,N/A,5,N/A,N/A,8,9,N/A,11,12,13,3 11,3 12,3 13,5 12,5 13
3 5 8 9 10,0.0355062,19.4128,Yes,N/A,N/A,3,N/A,5,N/A,N/A,8,9,10,3 8,3 9,3 10,5 9,5 10,3 5 8,8 9,8 10
3 5 8 9 10 13,0.013165,29.8047,Yes,N/A,N/A,3,N/A,5,N/A,N/A,8,9,10,3 8,3 9,13,5 9,5 10,3 13,8 9,5 13
3 5 8 9 10 12,0.0173111,27.7393,Yes,N/A,N/A,3,N/A,5,N/A,N/A,8,9,10,3 8,12,3 10,5 9,3 12,3 5 8,5 12,8 10
3 5 8 9 10 12 13,0.00795994,37.4766,Yes,N/A,N/A,3,N/A,5,N/A,N/A,8,9,10,3 8,12,13,5 9,3 12,3 13,5 12,5 13
3 5 8 9 10 11,0.0200207,26.3608,Yes,N/A,N/A,3,N/A,5,N/A,N/A,8,9,10,11,3 9,3 10,3 11,5 10,5 11,8 9,8 10
3 5 8 9 10 11 13,0.00855465,36.6013,Yes,N/A,N/A,3,N/A,5,N/A,N/A,8,9,10,11,3 9,13,3 11,5 10,3 13,8 9,5 13
3 5 8 9 10 11 12,0.0116509,33.8982,Yes,N/A,N/A,3,N/A,5,N/A,N/A,8,9,10,11,12,3 10,3 11,3 12,5 11,5 12,8 10
3 5 8 9 10 11 12 13,0.0059504,43.4998,Yes,N/A,N/A,3,N/A,5,N/A,N/A,8,9,10,11,12,13,3 11,3 12,3 13,5 12,5 13
1 3 5 6,0.0965399,6.06215,Yes,N/A,N/A,3,1 3,5,6,1 6,3 5,3 6,1 3 6,5 6,1 5 6,N/A,3 5 6,1 3 5 6,N/A,N/A,N/A
1 3 5 6 13,0.0427508,14.0694,Yes,N/A,N/A,3,1 3,5,6,1 6,3 5,3 6,1 3 6,5 6,1 5 6,13,3 5 6,1 3 5 6,3 13,1 3 13,5 13
3 5 6,0.0860697,9.26938,Yes,N/A,N/A,3,N/A,5,6,N/A,3 5,3 6,N/A,5 6,N/A,N/A,3 5 6,N/A,N/A,N/A,N/A
1 3 5 6 12,0.0603264,12.1243,Yes,N/A,N/A,3,1 3,5,6,1 6,3 5,3 6,1 3 6,5 6,12,1 12,3 5 6,3 12,1 3 12,5 12,6 12
1 3 5 6 12 13,0.0249224,21.6852,Yes,N/A,N/A,3,1 3,5,6,1 6,3 5,3 6,1 3 6,5 6,12,13,3 5 6,3 12,3 13,5 12,5 13
3 5 6 13,0.026592,19.205,Yes,N/A,N/A,3,N/A,5,6,N/A,3 5,3 6,N/A,5 6,N/A,13,3 5 6,N/A,3 13,N/A,5 13
1 3 5 6 11,0.0642564,12.4944,Yes,N/A,N/A,3,1 3,5,6,1 6,3 5,3 6,1 3 6,11,1 11,N/A,3 11,1 3 11,5 11,6 11,1 6 11
1 3 5 6 11 13,0.0285002,19.9422,Yes,N/A,N/A,3,1 3,5,6,1 6,3 5,3 6,1 3 6,11,1 11,13,3 11,1 3 11,3 13,6 11,5 13
3 5 6 11,0.033096,18.2064,Yes,N/A,N/A,3,N/A,5,6,N/A,3 5,3 6,N/A,11,N/A,N/A,3 11,N/A,5 11,6 11,N/A
1 3 5 6 11 12,0.0358927,18.6823,Yes,N/A,N/A,3,1 3,5,6,1 6,3 5,3 6,1 3 6,11,12,1 12,3 11,3 12,5 11,5 12,6 12
1 3 5 6 11 12 13,0.0167916,27.5751,Yes,N/A,N/A,3,1 3,5,6,1 6,3 5,3 6,1 3 6,11,12,13,3 11,3 12,3 13,5 12,5 13
1 3 5 6 10,0.0908515,9.64826,Yes,N/A,N/A,3,1 3,5,6,1 6,3 5,3 6,10,5 6,1 5 6,3 10,3 5 6,5 10,6 10,1 6 10,3 5 10
1 3 5 6 10 13,0.0354979,18.7447,Yes,N/A,N/A,3,1 3,5,6,1 6,3 5,3 6,10,5 6,1 5 6,13,3 5 6,5 10,3 13,1 3 13,5 13
1 3 5 6 10 12,0.0497289,16.1923,Yes,N/A,N/A,3,1 3,5,6,1 6,3 5,3 6,10,5 6,12,3 10,3 5 6,3 12,6 10,5 12,6 12
1 3 5 6 10 12 13,0.0229478,24.9248,Yes,N/A,N/A,3,1 3,5,6,1 6,3 5,3 6,10,5 6,12,13,3 5 6,3 12,3 13,5 12,5 13
3 5 6 10,0.0652834,13.5942,Yes,N/A,N/A,3,N/A,5,6,N/A,3 5,3 6,10,5 6,N/A,3 10,3 5 6,5 10,6 10,N/A,3 5 10
3 5 6 10 13,0.0190519,24.4385,Yes,N/A,N/A,3,N/A,5,6,N/A,3 5,3 6,10,5 6,N/A,13,3 5 6,5 10,3 13,N/A,5 13
1 3 5 6 10 11,0.054212,15.2918,Yes,N/A,N/A,3,1 3,5,6,1 6,3 5,3 6,10,11,1 11,3 10,3 11,5 10,5 11,6 11,3 5 10
1 3 5 6 10 11 13,0.0255347,23.2274,Yes,N/A,N/A,3,1 3,5,6,1 6,3 5,3 6,10,11,1 11,13,3 11,5 10,3 13,6 11,5 13
1 3 5 6 10 11 12,0.0303965,22.3439,Yes,N/A,N/A,3,1 3,5,6,1 6,3 5,3 6,10,11,12,3 10,3 11,3 12,5 11,5 12,6 12
1 3 5 6 10 11 12 13,0.0164676,30.0995,Yes,N/A,N/A,3,1 3,5,6,1 6,3 5,3 6,10,11,12,13,3 11,3 12,3 13,5 12,5 13
3 5 6 12,0.0379198,17.3034,Yes,N/A,N/A,3,N/A,5,6,N/A,3 5,3 6,N/A,5 6,12,N/A,3 5 6,3 12,N/A,5 12,6 12
3 5 6 12 13,0.0146387,26.1941,Yes,N/A,N/A,3,N/A,5,6,N/A,3 5,3 6,N/A,5 6,12,13,3 5 6,3 12,3 13,5 12,5 13
3 5 6 11 13,0.0117437,28.0258,Yes,N/A,N/A,3,N/A,5,6,N/A,3 5,3 6,N/A,11,N/A,13,3 11,N/A,3 13,6 11,5 13
3 5 6 11 12,0.016603,25.6061,Yes,N/A,N/A,3,N/A,5,6,N/A,3 5,3 6,N/A,11,12,N/A,3 11,3 12,5 11,5 12,6 12
3 5 6 11 12 13,0.00747741,34.2596,Yes,N/A,N/A,3,N/A,5,6,N/A,3 5,3 6,N/A,11,12,13,3 11,3 12,3 13,5 12,5 13
1 3 5 6 9,0.101498,8.72549,Yes,N/A,N/A,3,1 3,5,6,1 6,3 5,9,1 9,5 6,3 9,1 3 9,5 9,6 9,1 6 9,3 5 9,3 6 9
1 3 5 6 9 13,0.0432094,16.9891,Yes,N/A,N/A,3,1 3,5,6,1 6,3 5,9,1 9,5 6,3 9,13,5 9,6 9,3 13,3 5 9,5 13
3 5 6 9,0.0612341,14.2384,Yes,N/A,N/A,3,N/A,5,6,N/A,3 5,9,N/A,5 6,3 9,N/A,5 9,6 9,N/A,3 5 9,3 6 9
1 3 5 6 9 12,0.0535699,15.3157,Yes,N/A,N/A,3,1 3,5,6,1 6,3 5,9,1 9,5 6,12,1 12,5 9,3 12,1 3 12,5 12,6 12
1 3 5 6 9 12 13,0.0253306,23.6329,Yes,N/A,N/A,3,1 3,5,6,1 6,3 5,9,1 9,5 6,12,13,5 9,3 12,3 13,5 12,5 13
1 3 5 6 9 11,0.0524548,15.0479,Yes,N/A,N/A,3,1 3,5,6,1 6,3 5,9,1 9,11,3 9,1 3 9,3 11,6 9,5 11,6 11,3 6 9
1 3 5 6 9 11 13,0.026461,22.4433,Yes,N/A,N/A,3,1 3,5,6,1 6,3 5,9,1 9,11,3 9,13,3 11,6 9,3 13,6 11,5 13
3 5 6 9 11,0.0231671,22.5657,Yes,N/A,N/A,3,N/A,5,6,N/A,3 5,9,N/A,11,3 9,N/A,3 11,6 9,5 11,6 11,3 6 9
1 3 5 6 9 11 12,0.0324663,20.8595,Yes,N/A,N/A,3,1 3,5,6,1 6,3 5,9,1 9,11,12,1 12,3 11,3 12,5 11,5 12,6 12
1 3 5 6 9 11 12 13,0.0176265,28.3376,Yes,N/A,N/A,3,1 3,5,6,1 6,3 5,9,1 9,11,12,13,3 11,3 12,3 13,5 12,5 13
1 3 5 6 9 10,0.0709146,12.6933,Yes,N/A,N/A,3,1 3,5,6,1 6,3 5,9,10,5 6,3 9,3 10,5 9,5 10,6 10,3 5 9,3 5 10
1 3 5 6 9 10 13,0.0332131,20.9821,Yes,N/A,N/A,3,1 3,5,6,1 6,3 5,9,10,5 6,3 9,13,5 9,5 10,3 13,3 5 9,5 13
1 3 5 6 9 10 12,0.0418128,18.7811,Yes,N/A,N/A,3,1 3,5,6,1 6,3 5,9,10,5 6,12,3 10,5 9,3 12,6 10,5 12,6 12
1 3 5 6 9 10 12 13,0.0220118,26.813,Yes,N/A,N/A,3,1 3,5,6,1 6,3 5,9,10,5 6,12,13,5 9,3 12,3 13,5 12,5 13
1 3 5 6 9 10 11,0.0428513,18.3569,Yes,N/A,N/A,3,1 3,5,6,1 6,3 5,9,10,11,3 9,3 10,3 11,5 10,5 11,6 11,3 5 10
1 3 5 6 9 10 11 13,0.0232792,25.4767,Yes,N/A,N/A,3,1 3,5,6,1 6,3 5,9,10,11,3 9,13,3 11,5 10,3 13,6 11,5 13
1 3 5 6 9 10 11 12,0.0282435,23.8774,Yes,N/A,N/A,3,1 3,5,6,1 6,3 5,9,10,11,12,3 10,3 11,3 12,5 11,5 12,6 12
1 3 5 6 9 10 11 12 13,0.0169021,30.7959,Yes,N/A,N/A,3,1 3,5,6,1 6,3 5,9,10,11,12,13,3 11,3 12,3 13,5 12,5 13
1 3 5 6 8,0.106975,8.51672,Yes,N/A,N/A,3,1 3,5,6,1 6,8,3 6,1 3 6,3 8,1 3 8,5 8,6 8,1 6 8,3 5 8,3 6 8,1 3 6 8
1 3 5 6 8 13,0.037629,18.0303,Yes,N/A,N/A,3,1 3,5,6,1 6,8,3 6,1 3 6,3 8,1 3 8,13,6 8,1 6 8,3 13,3 6 8,5 13
1 3 5 6 8 12,0.0542425,15.2445,Yes,N/A,N/A,3,1 3,5,6,1 6,8,3 6,1 3 6,3 8,12,5 8,6 8,3 12,3 5 8,5 12,6 12
1 3 5 6 8 12 13,0.0227328,24.7505,Yes,N/A,N/A,3,1 3,5,6,1 6,8,3 6,1 3 6,3 8,12,13,6 8,3 12,3 13,5 12,5 13
3 5 6 8,0.0595471,13.9529,Yes,N/A,N/A,3,N/A,5,6,N/A,8,3 6,N/A,3 8,N/A,5 8,6 8,N/A,3 5 8,3 6 8,N/A
3 5 6 8 13,0.0168756,25.1797,Yes,N/A,N/A,3,N/A,5,6,N/A,8,3 6,N/A,3 8,N/A,13,6 8,N/A,3 13,3 6 8,5 13
1 3 5 6 8 11,0.0622778,13.8375,Yes,N/A,N/A,3,1 3,5,6,1 6,8,3 6,1 3 6,11,1 11,5 8,3 11,1 3 11,5 11,6 11,1 6 11
1 3 5 6 8 11 13,0.0245921,23.4621,Yes,N/A,N/A,3,1 3,5,6,1 6,8,3 6,1 3 6,11,1 11,13,3 11,1 3 11,3 13,6 11,5 13
1 3 5 6 8 11 12,0.0358201,20.3805,Yes,N/A,N/A,3,1 3,5,6,1 6,8,3 6,1 3 6,11,12,5 8,3 11,3 12,5 11,5 12,6 12
1 3 5 6 8 11 12 13,0.0165256,29.7979,Yes,N/A,N/A,3,1 3,5,6,1 6,8,3 6,1 3 6,11,12,13,3 11,3 12,3 13,5 12,5 13
1 3 5 6 8 10,0.0711888,12.1488,Yes,N/A,N/A,3,1 3,5,6,1 6,8,3 6,10,3 8,1 3 8,3 10,6 8,5 10,6 10,3 6 8,8 10
1 3 5 6 8 10 13,0.0312532,20.9704,Yes,N/A,N/A,3,1 3,5,6,1 6,8,3 6,10,3 8,1 3 8,13,6 8,5 10,3 13,3 6 8,5 13
1 3 5 6 8 10 12,0.0434515,17.9103,Yes,N/A,N/A,3,1 3,5,6,1 6,8,3 6,10,3 8,12,3 10,6 8,3 12,6 10,5 12,6 12
1 3 5 6 8 10 12 13,0.0219057,26.1804,Yes,N/A,N/A,3,1 3,5,6,1 6,8,3 6,10,3 8,12,13,6 8,3 12,3 13,5 12,5 13
3 5 6 8 10,0.0364003,18.3344,Yes,N/A,N/A,3,N/A,5,6,N/A,8,3 6,10,3 8,N/A,3 10,6 8,5 10,6 10,3 6 8,8 10
3 5 6 8 10 13,0.0135049,29.1307,Yes,N/A,N/A,3,N/A,5,6,N/A,8,3 6,10,3 8,N/A,13,6 8,5 10,3 13,3 6 8,5 13
1 3 5 6 8 10 11,0.0490506,16.5575,Yes,N/A,N/A,3,1 3,5,6,1 6,8,3 6,10,11,1 11,3 10,3 11,5 10,5 11,6 11,8 10
1 3 5 6 8 10 11 13,0.0238847,24.9767,Yes,N/A,N/A,3,1 3,5,6,1 6,8,3 6,10,11,1 11,13,3 11,5 10,3 13,6 11,5 13
1 3 5 6 8 10 11 12,0.0315902,22.3964,Yes,N/A,N/A,3,1 3,5,6,1 6,8,3 6,10,11,12,3 10,3 11,3 12,5 11,5 12,6 12
1 3 5 6 8 10 11 12 13,0.0175227,30.0444,Yes,N/A,N/A,3,1 3,5,6,1 6,8,3 6,10,11,12,13,3 11,3 12,3 13,5 12,5 13
3 5 6 8 12,0.0274384,20.8292,Yes,N/A,N/A,3,N/A,5,6,N/A,8,3 6,N/A,3 8,12,5 8,6 8,3 12,3 5 8,5 12,6 12
3 5 6 8 12 13,0.010414,31.2895,Yes,N/A,N/A,3,N/A,5,6,N/A,8,3 6,N/A,3 8,12,13,6 8,3 12,3 13,5 12,5 13
3 5 6 8 11,0.0243225,22.7469,Yes,N/A,N/A,3,N/A,5,6,N/A,8,3 6,N/A,11,N/A,5 8,3 11,N/A,5 11,6 11,N/A
3 5 6 8 11 13,0.00842842,34.1425,Yes,N/A,N/A,3,N/A,5,6,N/A,8,3 6,N/A,11,N/A,13,3 11,N/A,3 13,6 11,5 13
3 5 6 8 11 12,0.0149648,28.5309,Yes,N/A,N/A,3,N/A,5,6,N/A,8,3 6,N/A,11,12,5 8,3 11,3 12,5 11,5 12,6 12
3 5 6 8 11 12 13,0.00633789,39.1461,Yes,N/A,N/A,3,N/A,5,6,N/A,8,3 6,N/A,11,12,13,3 11,3 12,3 13,5 12,5 13
1 3 5 6 8 9,0.0785066,10.8103,Yes,N/A,N/A,3,1 3,5,6,1 6,8,9,1 9,3 8,3 9,5 8,5 9,6 9,3 5 8,8 9,3 6 9
1 3 5 6 8 9 13,0.0353412,19.2975,Yes,N/A,N/A,3,1 3,5,6,1 6,8,9,1 9,3 8,3 9,13,5 9,6 9,3 13,8 9,5 13
1 3 5 6 8 9 12,0.0455988,17.1715,Yes,N/A,N/A,3,1 3,5,6,1 6,8,9,1 9,3 8,12,5 8,5 9,3 12,3 5 8,5 12,6 12
1 3 5 6 8 9 12 13,0.0232779,25.1962,Yes,N/A,N/A,3,1 3,5,6,1 6,8,9,1 9,3 8,12,13,5 9,3 12,3 13,5 12,5 13
1 3 5 6 8 9 11,0.0502118,16.246,Yes,N/A,N/A,3,1 3,5,6,1 6,8,9,1 9,11,3 9,5 8,3 11,6 9,5 11,6 11,3 6 9
1 3 5 6 8 9 11 13,0.0240762,24.9807,Yes,N/A,N/A,3,1 3,5,6,1 6,8,9,1 9,11,3 9,13,3 11,6 9,3 13,6 11,5 13
1 3 5 6 8 9 11 12,0.0325386,21.9174,Yes,N/A,N/A,3,1 3,5,6,1 6,8,9,1 9,11,12,5 8,3 11,3 12,5 11,5 12,6 12
1 3 5 6 8 9 11 12 13,0.0176592,29.928,Yes,N/A,N/A,3,1 3,5,6,1 6,8,9,1 9,11,12,13,3 11,3 12,3 13,5 12,5 13
1 3 5 6 8 9 10,0.0623777,13.8656,Yes,N/A,N/A,3,1 3,5,6,1 6,8,9,10,3 8,3 9,3 10,5 9,5 10,6 10,8 9,8 10
1 3 5 6 8 9 10 13,0.0309228,21.816,Yes,N/A,N/A,3,1 3,5,6,1 6,8,9,10,3 8,3 9,13,5 9,5 10,3 13,8 9,5 13
1 3 5 6 8 9 10 12,0.0395709,19.5564,Yes,N/A,N/A,3,1 3,5,6,1 6,8,9,10,3 8,12,3 10,5 9,3 12,6 10,5 12,6 12
1 3 5 6 8 9 10 12 13,0.0221491,27.0735,Yes,N/A,N/A,3,1 3,5,6,1 6,8,9,10,3 8,12,13,5 9,3 12,3 13,5 12,5 13
1 3 5 6 8 9 10 11,0.0434681,18.3232,Yes,N/A,N/A,3,1 3,5,6,1 6,8,9,10,11,3 9,3 10,3 11,5 10,5 11,6 11,8 10
1 3 5 6 8 9 10 11 13,0.0237561,25.866,Yes,N/A,N/A,3,1 3,5,6,1 6,8,9,10,11,3 9,13,3 11,5 10,3 13,6 11,5 13
1 3 5 6 8 9 10 11 12,0.0302046,23.3698,Yes,N/A,N/A,3,1 3,5,6,1 6,8,9,10,11,12,3 10,3 11,3 12,5 11,5 12,6 12
1 3 5 6 8 9 10 11 12 13,0.0184699,30.2017,Yes,N/A,N/A,3,1 3,5,6,1 6,8,9,10,11,12,13,3 11,3 12,3 13,5 12,5 13
1 3 5 6 7,0.117812,7.46421,Yes,N/A,N/A,3,1 3,5,6,7,3 5,3 6,3 7,5 6,5 7,6 7,3 5 6,3 5 7,3 6 7,1 3 6 7,5 6 7
1 3 5 6 7 13,0.0477109,16.1901,Yes,N/A,N/A,3,1 3,5,6,7,3 5,3 6,3 7,5 6,5 7,13,3 5 6,3 5 7,3 13,1 3 13,5 13
1 3 5 6 7 12,0.0575415,14.5544,Yes,N/A,N/A,3,1 3,5,6,7,3 5,3 6,3 7,5 6,12,6 7,3 5 6,3 12,3 6 7,5 12,6 12
1 3 5 6 7 12 13,0.0257257,23.6483,Yes,N/A,N/A,3,1 3,5,6,7,3 5,3 6,3 7,5 6,12,13,3 5 6,3 12,3 13,5 12,5 13
1 3 5 6 7 11,0.0670071,12.8567,Yes,N/A,N/A,3,1 3,5,6,7,3 5,3 6,3 7,11,5 7,6 7,3 11,3 5 7,5 11,6 11,7 11
1 3 5 6 7 11 13,0.0302727,21.4215,Yes,N/A,N/A,3,1 3,5,6,7,3 5,3 6,3 7,11,5 7,13,3 11,3 5 7,3 13,6 11,5 13
1 3 5 6 7 11 12,0.0356428,20.2687,Yes,N/A,N/A,3,1 3,5,6,7,3 5,3 6,3 7,11,12,6 7,3 11,3 12,5 11,5 12,6 12
1 3 5 6 7 11 12 13,0.0175436,29.3133,Yes,N/A,N/A,3,1 3,5,6,7,3 5,3 6,3 7,11,12,13,3 11,3 12,3 13,5 12,5 13
1 3 5 6 7 10,0.0765851,11.2894,Yes,N/A,N/A,3,1 3,5,6,7,3 5,3 6,10,5 6,5 7,3 10,3 5 6,5 10,6 10,7 10,3 5 10
1 3 5 6 7 10 13,0.0349276,20.0586,Yes,N/A,N/A,3,1 3,5,6,7,3 5,3 6,10,5 6,5 7,13,3 5 6,5 10,3 13,7 10,5 13
1 3 5 6 7 10 12,0.0424283,18.0275,Yes,N/A,N/A,3,1 3,5,6,7,3 5,3 6,10,5 6,12,3 10,3 5 6,3 12,6 10,5 12,6 12
1 3 5 6 7 10 12 13,0.0217349,26.2287,Yes,N/A,N/A,3,1 3,5,6,7,3 5,3 6,10,5 6,12,13,3 5 6,3 12,3 13,5 12,5 13
1 3 5 6 7 10 11,0.0514103,16.1657,Yes,N/A,N/A,3,1 3,5,6,7,3 5,3 6,10,11,5 7,3 10,3 11,5 10,5 11,6 11,7 11
1 3 5 6 7 10 11 13,0.0264564,23.987,Yes,N/A,N/A,3,1 3,5,6,7,3 5,3 6,10,11,5 7,13,3 11,5 10,3 13,6 11,5 13
1 3 5 6 7 10 11 12,0.0299872,23.2724,Yes,N/A,N/A,3,1 3,5,6,7,3 5,3 6,10,11,12,3 10,3 11,3 12,5 11,5 12,6 12
1 3 5 6 7 10 11 12 13,0.0171469,30.6153,Yes,N/A,N/A,3,1 3,5,6,7,3 5,3 6,10,11,12,13,3 11,3 12,3 13,5 12,5 13
1 3 5 6 7 9,0.0844188,9.82289,Yes,N/A,N/A,3,1 3,5,6,7,3 5,9,3 7,5 6,3 9,6 7,5 9,6 9,7 9,3 5 9,3 6 9
1 3 5 6 7 9 13,0.0394819,18.3125,Yes,N/A,N/A,3,1 3,5,6,7,3 5,9,3 7,5 6,3 9,13,5 9,6 9,3 13,3 5 9,5 13
1 3 5 6 7 9 12,0.0510369,15.8555,Yes,N/A,N/A,3,1 3,5,6,7,3 5,9,3 7,5 6,12,6 7,5 9,3 12,7 9,5 12,6 12
1 3 5 6 7 9 12 13,0.025786,24.0341,Yes,N/A,N/A,3,1 3,5,6,7,3 5,9,3 7,5 6,12,13,5 9,3 12,3 13,5 12,5 13
1 3 5 6 7 9 11,0.0558997,14.7968,Yes,N/A,N/A,3,1 3,5,6,7,3 5,9,3 7,11,3 9,6 7,3 11,6 9,5 11,6 11,7 11
1 3 5 6 7 9 11 13,0.0280491,22.8188,Yes,N/A,N/A,3,1 3,5,6,7,3 5,9,3 7,11,3 9,13,3 11,6 9,3 13,6 11,5 13
1 3 5 6 7 9 11 12,0.0358146,20.4566,Yes,N/A,N/A,3,1 3,5,6,7,3 5,9,3 7,11,12,6 7,3 11,3 12,5 11,5 12,6 12
1 3 5 6 7 9 11 12 13,0.019534,28.2442,Yes,N/A,N/A,3,1 3,5,6,7,3 5,9,3 7,11,12,13,3 11,3 12,3 13,5 12,5 13
1 3 5 6 7 9 10,0.0653869,13.3599,Yes,N/A,N/A,3,1 3,5,6,7,3 5,9,10,5 6,3 9,3 10,5 9,5 10,6 10,7 10,3 5 10
1 3 5 6 7 9 10 13,0.0323217,21.6858,Yes,N/A,N/A,3,1 3,5,6,7,3 5,9,10,5 6,3 9,13,5 9,5 10,3 13,7 10,5 13
1 3 5 6 7 9 10 12,0.0410519,18.8589,Yes,N/A,N/A,3,1 3,5,6,7,3 5,9,10,5 6,12,3 10,5 9,3 12,6 10,5 12,6 12
1 3 5 6 7 9 10 12 13,0.0227122,26.4437,Yes,N/A,N/A,3,1 3,5,6,7,3 5,9,10,5 6,12,13,5 9,3 12,3 13,5 12,5 13
1 3 5 6 7 9 10 11,0.0462483,17.7528,Yes,N/A,N/A,3,1 3,5,6,7,3 5,9,10,11,3 9,3 10,3 11,5 10,5 11,6 11,7 11
1 3 5 6 7 9 10 11 13,0.0253777,25.1234,Yes,N/A,N/A,3,1 3,5,6,7,3 5,9,10,11,3 9,13,3 11,5 10,3 13,6 11,5 13
1 3 5 6 7 9 10 11 12,0.0310917,22.9084,Yes,N/A,N/A,3,1 3,5,6,7,3 5,9,10,11,12,3 10,3 11,3 12,5 11,5 12,6 12
1 3 5 6 7 9 10 11 12 13,0.0190187,29.4646,Yes,N/A,N/A,3,1 3,5,6,7,3 5,9,10,11,12,13,3 11,3 12,3 13,5 12,5 13
1 3 5 6 7 8,0.0866355,9.16987,Yes,N/A,N/A,3,1 3,5,6,7,8,3 6,3 7,3 8,5 7,5 8,6 8,7 8,3 5 8,3 6 8,3 7 8
1 3 5 6 7 8 13,0.0397704,17.6916,Yes,N/A,N/A,3,1 3,5,6,7,8,3 6,3 7,3 8,5 7,13,6 8,7 8,3 13,3 6 8,5 13
1 3 5 6 7 8 12,0.0482096,16.2841,Yes,N/A,N/A,3,1 3,5,6,7,8,3 6,3 7,3 8,12,5 8,6 8,3 12,3 5 8,5 12,6 12
1 3 5 6 7 8 12 13,0.0236661,25.1372,Yes,N/A,N/A,3,1 3,5,6,7,8,3 6,3 7,3 8,12,13,6 8,3 12,3 13,5 12,5 13
1 3 5 6 7 8 11,0.060854,13.944,Yes,N/A,N/A,3,1 3,5,6,7,8,3 6,3 7,11,5 7,5 8,3 11,7 8,5 11,6 11,7 11
1 3 5 6 7 8 11 13,0.0296496,22.1575,Yes,N/A,N/A,3,1 3,5,6,7,8,3 6,3 7,11,5 7,13,3 11,7 8,3 13,6 11,5 13
1 3 5 6 7 8 11 12,0.0362116,20.6657,Yes,N/A,N/A,3,1 3,5,6,7,8,3 6,3 7,11,12,5 8,3 11,3 12,5 11,5 12,6 12
1 3 5 6 7 8 11 12 13,0.0189536,29.2189,Yes,N/A,N/A,3,1 3,5,6,7,8,3 6,3 7,11,12,13,3 11,3 12,3 13,5 12,5 13
1 3 5 6 7 8 10,0.0712786,12.2455,Yes,N/A,N/A,3,1 3,5,6,7,8,3 6,10,3 8,5 7,3 10,6 8,5 10,6 10,7 10,8 10
1 3 5 6 7 8 10 13,0.0349508,20.1869,Yes,N/A,N/A,3,1 3,5,6,7,8,3 6,10,3 8,5 7,13,6 8,5 10,3 13,7 10,5 13
1 3 5 6 7 8 10 12,0.0409127,18.8595,Yes,N/A,N/A,3,1 3,5,6,7,8,3 6,10,3 8,12,3 10,6 8,3 12,6 10,5 12,6 12
1 3 5 6 7 8 10 12 13,0.022626,26.2831,Yes,N/A,N/A,3,1 3,5,6,7,8,3 6,10,3 8,12,13,6 8,3 12,3 13,5 12,5 13
1 3 5 6 7 8 10 11,0.0507144,16.6404,Yes,N/A,N/A,3,1 3,5,6,7,8,3 6,10,11,5 7,3 10,3 11,5 10,5 11,6 11,7 11
1 3 5 6 7 8 10 11 13,0.0278145,23.6397,Yes,N/A,N/A,3,1 3,5,6,7,8,3 6,10,11,5 7,13,3 11,5 10,3 13,6 11,5 13
1 3 5 6 7 8 10 11 12,0.0319551,22.7371,Yes,N/A,N/A,3,1 3,5,6,7,8,3 6,10,11,12,3 10,3 11,3 12,5 11,5 12,6 12
1 3 5 6 7 8 10 11 12 13,0.019438,29.1324,Yes,N/A,N/A,3,1 3,5,6,7,8,3 6,10,11,12,13,3 11,3 12,3 13,5 12,5 13
1 3 5 6 7 8 9,0.0786751,11.1841,Yes,N/A,N/A,3,1 3,5,6,7,8,9,3 7,3 8,3 9,5 8,5 9,6 9,7 9,8 9,3 6 9
1 3 5 6 7 8 9 13,0.0373921,19.4352,Yes,N/A,N/A,3,1 3,5,6,7,8,9,3 7,3 8,3 9,13,5 9,6 9,3 13,8 9,5 13
1 3 5 6 7 8 9 12,0.0474484,17.0552,Yes,N/A,N/A,3,1 3,5,6,7,8,9,3 7,3 8,12,5 8,5 9,3 12,7 9,5 12,6 12
1 3 5 6 7 8 9 12 13,0.0251074,24.9156,Yes,N/A,N/A,3,1 3,5,6,7,8,9,3 7,3 8,12,13,5 9,3 12,3 13,5 12,5 13
1 3 5 6 7 8 9 11,0.0551169,15.6837,Yes,N/A,N/A,3,1 3,5,6,7,8,9,3 7,11,3 9,5 8,3 11,6 9,5 11,6 11,7 11
1 3 5 6 7 8 9 11 13,0.0285847,23.5415,Yes,N/A,N/A,3,1 3,5,6,7,8,9,3 7,11,3 9,13,3 11,6 9,3 13,6 11,5 13
1 3 5 6 7 8 9 11 12,0.0365196,20.8285,Yes,N/A,N/A,3,1 3,5,6,7,8,9,3 7,11,12,5 8,3 11,3 12,5 11,5 12,6 12
1 3 5 6 7 8 9 11 12 13,0.0209545,28.1577,Yes,N/A,N/A,3,1 3,5,6,7,8,9,3 7,11,12,13,3 11,3 12,3 13,5 12,5 13
1 3 5 6 7 8 9 10,0.0622069,14.143,Yes,N/A,N/A,3,1 3,5,6,7,8,9,10,3 8,3 9,3 10,5 9,5 10,6 10,7 10,8 10
1 3 5 6 7 8 9 10 13,0.0327993,21.603,Yes,N/A,N/A,3,1 3,5,6,7,8,9,10,3 8,3 9,13,5 9,5 10,3 13,7 10,5 13
1 3 5 6 7 8 9 10 12,0.0404406,19.4123,Yes,N/A,N/A,3,1 3,5,6,7,8,9,10,3 8,12,3 10,5 9,3 12,6 10,5 12,6 12
1 3 5 6 7 8 9 10 12 13,0.0239282,26.1484,Yes,N/A,N/A,3,1 3,5,6,7,8,9,10,3 8,12,13,5 9,3 12,3 13,5 12,5 13
1 3 5 6 7 8 9 10 11,0.0464615,17.8902,Yes,N/A,N/A,3,1 3,5,6,7,8,9,10,11,3 9,3 10,3 11,5 10,5 11,6 11,7 11
1 3 5 6 7 8 9 10 11 13,0.0272212,24.5636,Yes,N/A,N/A,3,1 3,5,6,7,8,9,10,11,3 9,13,3 11,5 10,3 13,6 11,5 13
1 3 5 6 7 8 9 10 11 12,0.0329516,22.4289,Yes,N/A,N/A,3,1 3,5,6,7,8,9,10,11,12,3 10,3 11,3 12,5 11,5 12,6 12
1 3 5 6 7 8 9 10 11 12 13,0.0214496,28.1942,Yes,N/A,N/A,3,1 3,5,6,7,8,9,10,11,12,13,3 11,3 12,3 13,5 12,5 13
2 5 8 11 13,0.0114303,29.0173,Yes,N/A,2,N/A,N/A,5,N/A,2 5,8,N/A,2 8,11,N/A,13,N/A,2 13,5 11,N/A,5 13
2 5 8 11 12,0.0214573,23.7615,Yes,N/A,2,N/A,N/A,5,N/A,2 5,8,N/A,2 8,11,12,2 11,2 12,2 5 8,5 11,5 12,2 5 11
2 5 8 11 12 13,0.00818824,34.2099,Yes,N/A,2,N/A,N/A,5,N/A,2 5,8,N/A,2 8,11,12,13,2 12,2 13,5 11,5 12,5 13
2 5 8 10 13,0.012329,28.3649,Yes,N/A,2,N/A,N/A,5,N/A,2 5,8,N/A,10,N/A,2 10,13,N/A,2 13,N/A,2 5 10,5 13
2 5 8 10 12,0.0206745,25.4182,Yes,N/A,2,N/A,N/A,5,N/A,2 5,8,N/A,10,N/A,12,5 8,2 12,5 10,N/A,5 12,8 10
2 5 8 10 12 13,0.0073882,36.497,Yes,N/A,2,N/A,N/A,5,N/A,2 5,8,N/A,10,N/A,12,13,2 12,2 13,N/A,5 12,5 13
2 5 8 10 11 13,0.00910261,33.9506,Yes,N/A,2,N/A,N/A,5,N/A,2 5,8,N/A,10,11,2 10,13,N/A,2 13,5 11,2 5 10,5 13
2 5 8 10 11 12,0.0146818,29.958,Yes,N/A,2,N/A,N/A,5,N/A,2 5,8,N/A,10,11,12,2 11,2 12,5 10,5 11,5 12,2 5 11
2 5 8 10 11 12 13,0.00646123,40.2683,Yes,N/A,2,N/A,N/A,5,N/A,2 5,8,N/A,10,11,12,13,2 12,2 13,5 11,5 12,5 13
2 5 8 9 12,0.0316676,20.0042,Yes,N/A,2,N/A,N/A,5,N/A,2 5,8,9,2 8,2 9,12,5 8,2 12,2 5 8,2 5 9,5 12,N/A
2 5 8 9 12 13,0.0116842,29.8606,Yes,N/A,2,N/A,N/A,5,N/A,2 5,8,9,2 8,2 9,12,13,2 12,2 13,2 5 9,5 12,5 13
2 5 8 9 11,0.0313997,20.8172,Yes,N/A,2,N/A,N/A,5,N/A,2 5,8,9,2 8,11,N/A,2 11,5 9,2 5 8,5 11,8 9,2 5 11
2 5 8 9 11 13,0.0123312,31.1352,Yes,N/A,2,N/A,N/A,5,N/A,2 5,8,9,2 8,11,N/A,13,5 9,2 13,5 11,8 9,5 13
2 5 8 9 11 12,0.0178526,26.6095,Yes,N/A,2,N/A,N/A,5,N/A,2 5,8,9,2 8,11,12,2 11,2 12,2 5 8,5 11,5 12,2 5 11
2 5 8 9 11 12 13,0.0084723,35.6824,Yes,N/A,2,N/A,N/A,5,N/A,2 5,8,9,2 8,11,12,13,2 12,2 13,5 11,5 12,5 13
2 5 8 9 10,0.0414891,17.5484,Yes,N/A,2,N/A,N/A,5,N/A,2 5,8,9,10,2 9,2 10,5 8,5 9,5 10,2 5 9,2 5 10,8 10
2 5 8 9 10 13,0.0148308,27.7074,Yes,N/A,2,N/A,N/A,5,N/A,2 5,8,9,10,2 9,2 10,13,5 9,2 13,2 5 9,2 5 10,5 13
2 5 8 9 10 12,0.0209265,25.4077,Yes,N/A,2,N/A,N/A,5,N/A,2 5,8,9,10,2 9,12,5 8,2 12,5 10,2 5 9,5 12,8 10
2 5 8 9 10 12 13,0.00903954,34.9006,Yes,N/A,2,N/A,N/A,5,N/A,2 5,8,9,10,2 9,12,13,2 12,2 13,2 5 9,5 12,5 13
2 5 8 9 10 11,0.0233011,24.0828,Yes,N/A,2,N/A,N/A,5,N/A,2 5,8,9,10,11,2 10,2 11,5 9,5 10,5 11,2 5 10,2 5 11
2 5 8 9 10 11 13,0.0104776,33.607,Yes,N/A,2,N/A,N/A,5,N/A,2 5,8,9,10,11,2 10,13,5 9,2 13,5 11,2 5 10,5 13
2 5 8 9 10 11 12,0.014043,30.8689,Yes,N/A,2,N/A,N/A,5,N/A,2 5,8,9,10,11,12,2 11,2 12,5 10,5 11,5 12,2 5 11
2 5 8 9 10 11 12 13,0.00743637,39.4968,Yes,N/A,2,N/A,N/A,5,N/A,2 5,8,9,10,11,12,13,2 12,2 13,5 11,5 12,5 13
2 5 7 10 13,0.0179051,25.6574,Yes,N/A,2,N/A,N/A,5,N/A,7,N/A,2 7,10,N/A,2 10,13,2 5 7,2 13,N/A,7 10,5 13
2 5 7 10 12,0.0172874,26.4184,Yes,N/A,2,N/A,N/A,5,N/A,7,N/A,2 7,10,N/A,12,N/A,2 12,5 10,N/A,5 12,N/A
2 5 7 10 12 13,0.00797943,35.3402,Yes,N/A,2,N/A,N/A,5,N/A,7,N/A,2 7,10,N/A,12,13,2 12,2 13,N/A,5 12,5 13
2 5 7 10 11,0.031555,20.4261,Yes,N/A,2,N/A,N/A,5,N/A,7,N/A,2 7,10,11,2 10,2 11,2 5 7,5 10,5 11,7 10,7 11
2 5 7 10 11 13,0.0126646,30.5073,Yes,N/A,2,N/A,N/A,5,N/A,7,N/A,2 7,10,11,2 10,13,2 5 7,2 13,5 11,7 10,5 13
2 5 7 10 11 12,0.0144343,29.29,Yes,N/A,2,N/A,N/A,5,N/A,7,N/A,2 7,10,11,12,2 11,2 12,5 10,5 11,5 12,7 11
2 5 7 10 11 12 13,0.00710482,38.754,Yes,N/A,2,N/A,N/A,5,N/A,7,N/A,2 7,10,11,12,13,2 12,2 13,5 11,5 12,5 13
2 5 7 9 13,0.0219229,24.1008,Yes,N/A,2,N/A,N/A,5,N/A,7,N/A,9,N/A,2 9,5 7,13,5 9,2 13,7 9,N/A,5 13
2 5 7 9 12,0.0171043,25.7318,Yes,N/A,2,N/A,N/A,5,N/A,7,N/A,9,N/A,2 9,12,N/A,2 12,N/A,7 9,5 12,2 7 9
2 5 7 9 12 13,0.00891162,33.6283,Yes,N/A,2,N/A,N/A,5,N/A,7,N/A,9,N/A,2 9,12,13,2 12,2 13,7 9,5 12,5 13
2 5 7 9 11,0.0277991,22.6545,Yes,N/A,2,N/A,N/A,5,N/A,7,N/A,9,N/A,11,5 7,2 11,5 9,N/A,5 11,N/A,7 11
2 5 7 9 11 13,0.01208,32.4842,Yes,N/A,2,N/A,N/A,5,N/A,7,N/A,9,N/A,11,5 7,13,5 9,2 13,5 11,N/A,5 13
2 5 7 9 11 12,0.0119904,32.1659,Yes,N/A,2,N/A,N/A,5,N/A,7,N/A,9,N/A,11,12,2 11,2 12,N/A,5 11,5 12,7 11
2 5 7 9 11 12 13,0.00643431,41.1712,Yes,N/A,2,N/A,N/A,5,N/A,7,N/A,9,N/A,11,12,13,2 12,2 13,5 11,5 12,5 13
2 5 7 9 10 13,0.0154208,28.0764,Yes,N/A,2,N/A,N/A,5,N/A,7,N/A,9,10,2 9,2 10,13,5 9,2 13,7 9,7 10,5 13
2 5 7 9 10 12,0.0141531,29.9234,Yes,N/A,2,N/A,N/A,5,N/A,7,N/A,9,10,2 9,12,N/A,2 12,5 10,7 9,5 12,2 7 9
2 5 7 9 10 12 13,0.00790449,37.0663,Yes,N/A,2,N/A,N/A,5,N/A,7,N/A,9,10,2 9,12,13,2 12,2 13,7 9,5 12,5 13
2 5 7 9 10 11,0.0219088,25.3752,Yes,N/A,2,N/A,N/A,5,N/A,7,N/A,9,10,11,2 10,2 11,5 9,5 10,5 11,7 10,7 11
2 5 7 9 10 11 13,0.0106848,34.6894,Yes,N/A,2,N/A,N/A,5,N/A,7,N/A,9,10,11,2 10,13,5 9,2 13,5 11,7 10,5 13
2 5 7 9 10 11 12,0.0115177,34.0355,Yes,N/A,2,N/A,N/A,5,N/A,7,N/A,9,10,11,12,2 11,2 12,5 10,5 11,5 12,7 11
2 5 7 9 10 11 12 13,0.00659726,42.7108,Yes,N/A,2,N/A,N/A,5,N/A,7,N/A,9,10,11,12,13,2 12,2 13,5 11,5 12,5 13
2 5 7 8 11,0.0411331,17.0647,Yes,N/A,2,N/A,N/A,5,N/A,7,8,2 7,2 8,11,5 7,2 11,2 5 7,7 8,5 11,2 7 8,7 11
2 5 7 8 11 13,0.015743,27.2506,Yes,N/A,2,N/A,N/A,5,N/A,7,8,2 7,2 8,11,5 7,13,2 5 7,2 13,5 11,2 7 8,5 13
2 5 7 8 11 12,0.0190036,25.2775,Yes,N/A,2,N/A,N/A,5,N/A,7,8,2 7,2 8,11,12,2 11,2 12,7 8,5 11,5 12,7 11
2 5 7 8 11 12 13,0.00862301,34.9514,Yes,N/A,2,N/A,N/A,5,N/A,7,8,2 7,2 8,11,12,13,2 12,2 13,5 11,5 12,5 13
2 5 7 8 10,0.037309,18.7061,Yes,N/A,2,N/A,N/A,5,N/A,7,8,2 7,10,N/A,2 10,5 8,2 5 7,5 10,N/A,7 10,8 10
2 5 7 8 10 13,0.0135708,29.5375,Yes,N/A,2,N/A,N/A,5,N/A,7,8,2 7,10,N/A,2 10,13,2 5 7,2 13,N/A,7 10,5 13
2 5 7 8 10 12,0.0180183,27.7154,Yes,N/A,2,N/A,N/A,5,N/A,7,8,2 7,10,N/A,12,5 8,2 12,5 10,N/A,5 12,8 10
2 5 7 8 10 12 13,0.00765313,38.2941,Yes,N/A,2,N/A,N/A,5,N/A,7,8,2 7,10,N/A,12,13,2 12,2 13,N/A,5 12,5 13
2 5 7 8 10 11,0.0254083,22.5429,Yes,N/A,2,N/A,N/A,5,N/A,7,8,2 7,10,11,2 10,2 11,2 5 7,5 10,5 11,7 10,7 11
2 5 7 8 10 11 13,0.0109463,32.487,Yes,N/A,2,N/A,N/A,5,N/A,7,8,2 7,10,11,2 10,13,2 5 7,2 13,5 11,7 10,5 13
2 5 7 8 10 11 12,0.0144903,29.8723,Yes,N/A,2,N/A,N/A,5,N/A,7,8,2 7,10,11,12,2 11,2 12,5 10,5 11,5 12,7 11
2 5 7 8 10 11 12 13,0.00732614,39.1418,Yes,N/A,2,N/A,N/A,5,N/A,7,8,2 7,10,11,12,13,2 12,2 13,5 11,5 12,5 13
2 5 7 8 9,0.0489266,14.8982,Yes,N/A,2,N/A,N/A,5,N/A,7,8,9,2 8,2 9,5 7,5 8,5 9,7 8,7 9,8 9,2 7 9
2 5 7 8 9 13,0.0203829,24.3578,Yes,N/A,2,N/A,N/A,5,N/A,7,8,9,2 8,2 9,5 7,13,5 9,2 13,7 9,8 9,5 13
2 5 7 8 9 12,0.0229348,23.3334,Yes,N/A,2,N/A,N/A,5,N/A,7,8,9,2 8,2 9,12,5 8,2 12,7 8,7 9,5 12,2 7 9
2 5 7 8 9 12 13,0.010541,32.665,Yes,N/A,2,N/A,N/A,5,N/A,7,8,9,2 8,2 9,12,13,2 12,2 13,7 9,5 12,5 13
2 5 7 8 9 11,0.0302872,21.2112,Yes,N/A,2,N/A,N/A,5,N/A,7,8,9,2 8,11,5 7,2 11,5 9,7 8,5 11,8 9,7 11
2 5 7 8 9 11 13,0.0137548,30.5294,Yes,N/A,2,N/A,N/A,5,N/A,7,8,9,2 8,11,5 7,13,5 9,2 13,5 11,8 9,5 13
2 5 7 8 9 11 12,0.0160707,28.8562,Yes,N/A,2,N/A,N/A,5,N/A,7,8,9,2 8,11,12,2 11,2 12,7 8,5 11,5 12,7 11
2 5 7 8 9 11 12 13,0.00845463,37.4197,Yes,N/A,2,N/A,N/A,5,N/A,7,8,9,2 8,11,12,13,2 12,2 13,5 11,5 12,5 13
2 5 7 8 9 10,0.0328541,20.1739,Yes,N/A,2,N/A,N/A,5,N/A,7,8,9,10,2 9,2 10,5 8,5 9,5 10,7 9,7 10,8 10
2 5 7 8 9 10 13,0.0145342,29.4488,Yes,N/A,2,N/A,N/A,5,N/A,7,8,9,10,2 9,2 10,13,5 9,2 13,7 9,7 10,5 13
2 5 7 8 9 10 12,0.0173433,28.1478,Yes,N/A,2,N/A,N/A,5,N/A,7,8,9,10,2 9,12,5 8,2 12,5 10,7 9,5 12,8 10
2 5 7 8 9 10 12 13,0.00880768,37.0435,Yes,N/A,2,N/A,N/A,5,N/A,7,8,9,10,2 9,12,13,2 12,2 13,7 9,5 12,5 13
2 5 7 8 9 10 11,0.0221756,25.2843,Yes,N/A,2,N/A,N/A,5,N/A,7,8,9,10,11,2 10,2 11,5 9,5 10,5 11,7 10,7 11
2 5 7 8 9 10 11 13,0.0112461,34.0713,Yes,N/A,2,N/A,N/A,5,N/A,7,8,9,10,11,2 10,13,5 9,2 13,5 11,7 10,5 13
2 5 7 8 9 10 11 12,0.0135725,32.142,Yes,N/A,2,N/A,N/A,5,N/A,7,8,9,10,11,12,2 11,2 12,5 10,5 11,5 12,7 11
2 5 7 8 9 10 11 12 13,0.00791182,40.1316,Yes,N/A,2,N/A,N/A,5,N/A,7,8,9,10,11,12,13,2 12,2 13,5 11,5 12,5 13
2 5 6 9 12,0.0296804,19.9913,Yes,N/A,2,N/A,N/A,5,6,2 5,2 6,9,N/A,2 9,12,2 5 6,2 12,6 9,2 5 9,5 12,6 12
2 5 6 9 12 13,0.0120713,29.8372,Yes,N/A,2,N/A,N/A,5,6,2 5,2 6,9,N/A,2 9,12,13,2 12,2 13,2 5 9,5 12,5 13
2 5 6 9 11,0.0282837,20.7814,Yes,N/A,2,N/A,N/A,5,6,2 5,2 6,9,N/A,11,N/A,2 11,5 9,6 9,5 11,6 11,2 5 11
2 5 6 9 11 13,0.0108833,31.6178,Yes,N/A,2,N/A,N/A,5,6,2 5,2 6,9,N/A,11,N/A,13,5 9,2 13,5 11,6 11,5 13
2 5 6 9 11 12,0.0164716,27.1786,Yes,N/A,2,N/A,N/A,5,6,2 5,2 6,9,N/A,11,12,2 11,2 12,6 9,5 11,5 12,6 12
2 5 6 9 11 12 13,0.00758809,37.0376,Yes,N/A,2,N/A,N/A,5,6,2 5,2 6,9,N/A,11,12,13,2 12,2 13,5 11,5 12,5 13
2 5 6 9 10,0.0441696,15.5313,Yes,N/A,2,N/A,N/A,5,6,2 5,2 6,9,10,2 9,2 10,2 5 6,5 9,5 10,6 10,2 5 10,2 6 10
2 5 6 9 10 13,0.0180174,24.7549,Yes,N/A,2,N/A,N/A,5,6,2 5,2 6,9,10,2 9,2 10,13,5 9,2 13,6 10,2 5 10,5 13
2 5 6 9 10 12,0.0224926,23.1932,Yes,N/A,2,N/A,N/A,5,6,2 5,2 6,9,10,2 9,12,2 5 6,2 12,5 10,6 10,5 12,6 12
2 5 6 9 10 12 13,0.0110531,31.5066,Yes,N/A,2,N/A,N/A,5,6,2 5,2 6,9,10,2 9,12,13,2 12,2 13,6 10,5 12,5 13
2 5 6 9 10 11,0.0251377,22.0153,Yes,N/A,2,N/A,N/A,5,6,2 5,2 6,9,10,11,2 10,2 11,5 9,5 10,5 11,6 11,2 5 11
2 5 6 9 10 11 13,0.0115149,31.1221,Yes,N/A,2,N/A,N/A,5,6,2 5,2 6,9,10,11,2 10,13,5 9,2 13,5 11,6 11,5 13
2 5 6 9 10 11 12,0.0150961,28.645,Yes,N/A,2,N/A,N/A,5,6,2 5,2 6,9,10,11,12,2 11,2 12,5 10,5 11,5 12,6 12
2 5 6 9 10 11 12 13,0.00803229,36.9115,Yes,N/A,2,N/A,N/A,5,6,2 5,2 6,9,10,11,12,13,2 12,2 13,5 11,5 12,5 13
2 5 6 8 12,0.0332608,18.7116,Yes,N/A,2,N/A,N/A,5,6,2 5,8,N/A,2 8,5 6,12,5 8,2 12,2 5 8,2 6 8,5 12,6 12
2 5 6 8 12 13,0.0136823,28.6209,Yes,N/A,2,N/A,N/A,5,6,2 5,8,N/A,2 8,5 6,12,13,2 12,2 13,2 6 8,5 12,5 13
2 5 6 8 11,0.0285321,19.8618,Yes,N/A,2,N/A,N/A,5,6,2 5,8,N/A,2 8,11,N/A,2 11,6 8,2 5 8,5 11,6 11,2 5 11
2 5 6 8 11 13,0.0112031,30.6589,Yes,N/A,2,N/A,N/A,5,6,2 5,8,N/A,2 8,11,N/A,13,6 8,2 13,5 11,6 11,5 13
2 5 6 8 11 12,0.016812,26.329,Yes,N/A,2,N/A,N/A,5,6,2 5,8,N/A,2 8,11,12,2 11,2 12,2 5 8,5 11,5 12,6 12
2 5 6 8 11 12 13,0.00785672,36.1927,Yes,N/A,2,N/A,N/A,5,6,2 5,8,N/A,2 8,11,12,13,2 12,2 13,5 11,5 12,5 13
2 5 6 8 10,0.041955,16.3173,Yes,N/A,2,N/A,N/A,5,6,2 5,8,N/A,10,5 6,2 10,5 8,6 8,5 10,6 10,2 5 10,8 10
2 5 6 8 10 13,0.0168716,26.4359,Yes,N/A,2,N/A,N/A,5,6,2 5,8,N/A,10,5 6,2 10,13,6 8,2 13,6 10,2 5 10,5 13
2 5 6 8 10 12,0.0221973,24.6625,Yes,N/A,2,N/A,N/A,5,6,2 5,8,N/A,10,5 6,12,5 8,2 12,5 10,6 10,5 12,6 12
2 5 6 8 10 12 13,0.0105793,34.0107,Yes,N/A,2,N/A,N/A,5,6,2 5,8,N/A,10,5 6,12,13,2 12,2 13,6 10,5 12,5 13
2 5 6 8 10 11,0.024444,23.3632,Yes,N/A,2,N/A,N/A,5,6,2 5,8,N/A,10,11,2 10,2 11,6 8,5 10,5 11,6 11,2 5 11
2 5 6 8 10 11 13,0.0106063,33.6028,Yes,N/A,2,N/A,N/A,5,6,2 5,8,N/A,10,11,2 10,13,6 8,2 13,5 11,6 11,5 13
2 5 6 8 10 11 12,0.0143515,30.9108,Yes,N/A,2,N/A,N/A,5,6,2 5,8,N/A,10,11,12,2 11,2 12,5 10,5 11,5 12,6 12
2 5 6 8 10 11 12 13,0.00737088,40.479,Yes,N/A,2,N/A,N/A,5,6,2 5,8,N/A,10,11,12,13,2 12,2 13,5 11,5 12,5 13
2 5 6 8 9 12,0.026821,20.9759,Yes,N/A,2,N/A,N/A,5,6,2 5,8,9,2 8,2 9,12,5 8,2 12,6 9,2 5 9,5 12,6 12
2 5 6 8 9 12 13,0.0118765,30.2852,Yes,N/A,2,N/A,N/A,5,6,2 5,8,9,2 8,2 9,12,13,2 12,2 13,2 5 9,5 12,5 13
2 5 6 8 9 11,0.0264219,22.8992,Yes,N/A,2,N/A,N/A,5,6,2 5,8,9,2 8,11,N/A,2 11,5 9,6 9,5 11,6 11,2 5 11
2 5 6 8 9 11 13,0.0114721,32.9032,Yes,N/A,2,N/A,N/A,5,6,2 5,8,9,2 8,11,N/A,13,5 9,2 13,5 11,6 11,5 13
2 5 6 8 9 11 12,0.0170498,27.1732,Yes,N/A,2,N/A,N/A,5,6,2 5,8,9,2 8,11,12,2 11,2 12,6 9,5 11,5 12,6 12
2 5 6 8 9 11 12 13,0.00857266,35.9633,Yes,N/A,2,N/A,N/A,5,6,2 5,8,9,2 8,11,12,13,2 12,2 13,5 11,5 12,5 13
2 5 6 8 9 10,0.0369554,18.2689,Yes,N/A,2,N/A,N/A,5,6,2 5,8,9,10,2 9,2 10,5 8,5 9,5 10,6 10,2 5 10,8 10
2 5 6 8 9 10 13,0.0159356,27.5273,Yes,N/A,2,N/A,N/A,5,6,2 5,8,9,10,2 9,2 10,13,5 9,2 13,6 10,2 5 10,5 13
2 5 6 8 9 10 12,0.0215069,24.6725,Yes,N/A,2,N/A,N/A,5,6,2 5,8,9,10,2 9,12,5 8,2 12,5 10,6 10,5 12,6 12
2 5 6 8 9 10 12 13,0.0108519,33.0068,Yes,N/A,2,N/A,N/A,5,6,2 5,8,9,10,2 9,12,13,2 12,2 13,6 10,5 12,5 13
2 5 6 8 9 10 11,0.0232495,24.2168,Yes,N/A,2,N/A,N/A,5,6,2 5,8,9,10,11,2 10,2 11,5 9,5 10,5 11,6 11,2 5 11
2 5 6 8 9 10 11 13,0.0115418,32.9752,Yes,N/A,2,N/A,N/A,5,6,2 5,8,9,10,11,2 10,13,5 9,2 13,5 11,6 11,5 13
2 5 6 8 9 10 11 12,0.0151231,29.7259,Yes,N/A,2,N/A,N/A,5,6,2 5,8,9,10,11,12,2 11,2 12,5 10,5 11,5 12,6 12
2 5 6 8 9 10 11 12 13,0.00863263,37.525,Yes,N/A,2,N/A,N/A,5,6,2 5,8,9,10,11,12,13,2 12,2 13,5 11,5 12,5 13
2 5 6 7 10,0.050573,13.7161,Yes,N/A,2,N/A,N/A,5,6,7,2 6,2 7,10,5 6,2 10,6 7,2 5 7,5 10,6 10,7 10,2 6 10
2 5 6 7 10 13,0.0202846,23.2734,Yes,N/A,2,N/A,N/A,5,6,7,2 6,2 7,10,5 6,2 10,13,2 5 7,2 13,6 10,7 10,5 13
2 5 6 7 10 12,0.0256175,21.7634,Yes,N/A,2,N/A,N/A,5,6,7,2 6,2 7,10,5 6,12,6 7,2 12,5 10,6 10,5 12,6 12
2 5 6 7 10 12 13,0.011887,30.6135,Yes,N/A,2,N/A,N/A,5,6,7,2 6,2 7,10,5 6,12,13,2 12,2 13,6 10,5 12,5 13
2 5 6 7 10 11,0.0288819,20.4002,Yes,N/A,2,N/A,N/A,5,6,7,2 6,2 7,10,11,2 10,2 11,2 5 7,5 10,5 11,6 11,7 11
2 5 6 7 10 11 13,0.0123726,29.9805,Yes,N/A,2,N/A,N/A,5,6,7,2 6,2 7,10,11,2 10,13,2 5 7,2 13,5 11,6 11,5 13
2 5 6 7 10 11 12,0.0164567,27.6125,Yes,N/A,2,N/A,N/A,5,6,7,2 6,2 7,10,11,12,2 11,2 12,5 10,5 11,5 12,6 12
2 5 6 7 10 11 12 13,0.00826826,36.4271,Yes,N/A,2,N/A,N/A,5,6,7,2 6,2 7,10,11,12,13,2 12,2 13,5 11,5 12,5 13
2 5 6 7 9,0.0504517,14.5766,Yes,N/A,2,N/A,N/A,5,6,7,2 6,9,N/A,2 9,5 7,6 7,5 9,6 9,7 9,2 6 9,2 7 9
2 5 6 7 9 13,0.0196003,24.7705,Yes,N/A,2,N/A,N/A,5,6,7,2 6,9,N/A,2 9,5 7,13,5 9,2 13,7 9,2 6 9,5 13
2 5 6 7 9 12,0.0247654,23.2294,Yes,N/A,2,N/A,N/A,5,6,7,2 6,9,N/A,2 9,12,6 7,2 12,6 9,7 9,5 12,6 12
2 5 6 7 9 12 13,0.0110201,33.0595,Yes,N/A,2,N/A,N/A,5,6,7,2 6,9,N/A,2 9,12,13,2 12,2 13,7 9,5 12,5 13
2 5 6 7 9 11,0.0309505,21.7025,Yes,N/A,2,N/A,N/A,5,6,7,2 6,9,N/A,11,5 7,2 11,5 9,6 9,5 11,6 11,7 11
2 5 6 7 9 11 13,0.0126973,32.0621,Yes,N/A,2,N/A,N/A,5,6,7,2 6,9,N/A,11,5 7,13,5 9,2 13,5 11,6 11,5 13
2 5 6 7 9 11 12,0.0164223,29.8876,Yes,N/A,2,N/A,N/A,5,6,7,2 6,9,N/A,11,12,2 11,2 12,6 9,5 11,5 12,6 12
2 5 6 7 9 11 12 13,0.00797593,39.6308,Yes,N/A,2,N/A,N/A,5,6,7,2 6,9,N/A,11,12,13,2 12,2 13,5 11,5 12,5 13
2 5 6 7 9 10,0.0430288,16.9339,Yes,N/A,2,N/A,N/A,5,6,7,2 6,9,10,2 9,2 10,6 7,5 9,5 10,6 10,7 10,2 6 10
2 5 6 7 9 10 13,0.0180907,26.0398,Yes,N/A,2,N/A,N/A,5,6,7,2 6,9,10,2 9,2 10,13,5 9,2 13,6 10,7 10,5 13
2 5 6 7 9 10 12,0.0222039,24.7108,Yes,N/A,2,N/A,N/A,5,6,7,2 6,9,10,2 9,12,6 7,2 12,5 10,6 10,5 12,6 12
2 5 6 7 9 10 12 13,0.0109703,33.1294,Yes,N/A,2,N/A,N/A,5,6,7,2 6,9,10,2 9,12,13,2 12,2 13,6 10,5 12,5 13
2 5 6 7 9 10 11,0.0264215,22.7413,Yes,N/A,2,N/A,N/A,5,6,7,2 6,9,10,11,2 10,2 11,5 9,5 10,5 11,6 11,7 11
2 5 6 7 9 10 11 13,0.0126853,31.4471,Yes,N/A,2,N/A,N/A,5,6,7,2 6,9,10,11,2 10,13,5 9,2 13,5 11,6 11,5 13
2 5 6 7 9 10 11 12,0.0159034,29.4339,Yes,N/A,2,N/A,N/A,5,6,7,2 6,9,10,11,12,2 11,2 12,5 10,5 11,5 12,6 12
2 5 6 7 9 10 11 12 13,0.00882856,37.3189,Yes,N/A,2,N/A,N/A,5,6,7,2 6,9,10,11,12,13,2 12,2 13,5 11,5 12,5 13
2 5 6 7 8,0.0623103,11.8332,Yes,N/A,2,N/A,N/A,5,6,7,8,2 7,2 8,5 6,5 7,5 8,6 8,7 8,2 6 8,2 7 8,5 6 7
2 5 6 7 8 13,0.0243531,21.6332,Yes,N/A,2,N/A,N/A,5,6,7,8,2 7,2 8,5 6,5 7,13,6 8,2 13,2 6 8,2 7 8,5 13
2 5 6 7 8 12,0.0323541,19.3061,Yes,N/A,2,N/A,N/A,5,6,7,8,2 7,2 8,5 6,12,5 8,2 12,7 8,2 6 8,5 12,6 12
2 5 6 7 8 12 13,0.0136479,28.9923,Yes,N/A,2,N/A,N/A,5,6,7,8,2 7,2 8,5 6,12,13,2 12,2 13,2 6 8,5 12,5 13
2 5 6 7 8 11,0.0378875,18.1943,Yes,N/A,2,N/A,N/A,5,6,7,8,2 7,2 8,11,5 7,2 11,6 8,7 8,5 11,6 11,7 11
2 5 6 7 8 11 13,0.0157935,27.9493,Yes,N/A,2,N/A,N/A,5,6,7,8,2 7,2 8,11,5 7,13,6 8,2 13,5 11,6 11,5 13
2 5 6 7 8 11 12,0.0199866,25.6378,Yes,N/A,2,N/A,N/A,5,6,7,8,2 7,2 8,11,12,2 11,2 12,7 8,5 11,5 12,6 12
2 5 6 7 8 11 12 13,0.00954314,35.0431,Yes,N/A,2,N/A,N/A,5,6,7,8,2 7,2 8,11,12,13,2 12,2 13,5 11,5 12,5 13
2 5 6 7 8 10,0.046569,16.2963,Yes,N/A,2,N/A,N/A,5,6,7,8,2 7,10,5 6,2 10,5 8,6 8,5 10,6 10,7 10,8 10
2 5 6 7 8 10 13,0.0195149,25.6128,Yes,N/A,2,N/A,N/A,5,6,7,8,2 7,10,5 6,2 10,13,6 8,2 13,6 10,7 10,5 13
2 5 6 7 8 10 12,0.0250568,23.3009,Yes,N/A,2,N/A,N/A,5,6,7,8,2 7,10,5 6,12,5 8,2 12,5 10,6 10,5 12,6 12
2 5 6 7 8 10 12 13,0.0121457,32.0209,Yes,N/A,2,N/A,N/A,5,6,7,8,2 7,10,5 6,12,13,2 12,2 13,6 10,5 12,5 13
2 5 6 7 8 10 11,0.0289221,21.7821,Yes,N/A,2,N/A,N/A,5,6,7,8,2 7,10,11,2 10,2 11,6 8,5 10,5 11,6 11,7 11
2 5 6 7 8 10 11 13,0.0136404,30.989,Yes,N/A,2,N/A,N/A,5,6,7,8,2 7,10,11,2 10,13,6 8,2 13,5 11,6 11,5 13
2 5 6 7 8 10 11 12,0.0174101,28.1007,Yes,N/A,2,N/A,N/A,5,6,7,8,2 7,10,11,12,2 11,2 12,5 10,5 11,5 12,6 12
2 5 6 7 8 10 11 12 13,0.00945863,36.5299,Yes,N/A,2,N/A,N/A,5,6,7,8,2 7,10,11,12,13,2 12,2 13,5 11,5 12,5 13
2 5 6 7 8 9,0.0524049,15.2205,Yes,N/A,2,N/A,N/A,5,6,7,8,9,2 8,2 9,5 7,5 8,5 9,6 9,7 9,8 9,2 7 9
2 5 6 7 8 9 13,0.0215026,24.5004,Yes,N/A,2,N/A,N/A,5,6,7,8,9,2 8,2 9,5 7,13,5 9,2 13,7 9,8 9,5 13
2 5 6 7 8 9 12,0.0276111,22.1779,Yes,N/A,2,N/A,N/A,5,6,7,8,9,2 8,2 9,12,5 8,2 12,6 9,7 9,5 12,6 12
2 5 6 7 8 9 12 13,0.0128873,31.2763,Yes,N/A,2,N/A,N/A,5,6,7,8,9,2 8,2 9,12,13,2 12,2 13,7 9,5 12,5 13
2 5 6 7 8 9 11,0.0322539,20.8769,Yes,N/A,2,N/A,N/A,5,6,7,8,9,2 8,11,5 7,2 11,5 9,6 9,5 11,6 11,7 11
2 5 6 7 8 9 11 13,0.0149102,30.1993,Yes,N/A,2,N/A,N/A,5,6,7,8,9,2 8,11,5 7,13,5 9,2 13,5 11,6 11,5 13
2 5 6 7 8 9 11 12,0.0189724,27.4183,Yes,N/A,2,N/A,N/A,5,6,7,8,9,2 8,11,12,2 11,2 12,6 9,5 11,5 12,6 12
2 5 6 7 8 9 11 12 13,0.0100296,36.0546,Yes,N/A,2,N/A,N/A,5,6,7,8,9,2 8,11,12,13,2 12,2 13,5 11,5 12,5 13
2 5 6 7 8 9 10,0.0379568,18.6671,Yes,N/A,2,N/A,N/A,5,6,7,8,9,10,2 9,2 10,5 8,5 9,5 10,6 10,7 10,8 10
2 5 6 7 8 9 10 13,0.0178101,27.3129,Yes,N/A,2,N/A,N/A,5,6,7,8,9,10,2 9,2 10,13,5 9,2 13,6 10,7 10,5 13
2 5 6 7 8 9 10 12,0.0227064,24.8531,Yes,N/A,2,N/A,N/A,5,6,7,8,9,10,2 9,12,5 8,2 12,5 10,6 10,5 12,6 12
2 5 6 7 8 9 10 12 13,0.0120444,32.9465,Yes,N/A,2,N/A,N/A,5,6,7,8,9,10,2 9,12,13,2 12,2 13,6 10,5 12,5 13
2 5 6 7 8 9 10 11,0.0258188,23.4959,Yes,N/A,2,N/A,N/A,5,6,7,8,9,10,11,2 10,2 11,5 9,5 10,5 11,6 11,7 11
2 5 6 7 8 9 10 11 13,0.0137122,31.65,Yes,N/A,2,N/A,N/A,5,6,7,8,9,10,11,2 10,13,5 9,2 13,5 11,6 11,5 13
2 5 6 7 8 9 10 11 12,0.017241,28.7436,Yes,N/A,2,N/A,N/A,5,6,7,8,9,10,11,12,2 11,2 12,5 10,5 11,5 12,6 12
2 5 6 7 8 9 10 11 12 13,0.0103676,36.006,Yes,N/A,2,N/A,N/A,5,6,7,8,9,10,11,12,13,2 12,2 13,5 11,5 12,5 13
1 2 3,0.0509474,5.50919,Yes,N/A,2,3,1 3,2 3,1 2 3,N/A,N/A,N/A,N/A,N/A,N/A,N/A,N/A,N/A,N/A,N/A,N/A
2 3,0.0277778,4.84722,Yes,N/A,2,3,N/A,2 3,N/A,N/A,N/A,N/A,N/A,N/A,N/A,N/A,N/A,N/A,N/A,N/A,N/A
1 2 3 13,0.0161528,14.5927,Yes,N/A,2,3,1 3,2 3,1 2 3,N/A,N/A,N/A,N/A,N/A,N/A,13,1 13,2 13,3 13,1 3 13,2 3 13
1 2 3 12,0.0266064,12.1596,Yes,N/A,2,3,1 3,2 3,1 2 3,N/A,N/A,N/A,N/A,N/A,12,1 12,2 12,3 12,1 3 12,2 3 12,1 2 3 12
1 2 3 12 13,0.0134986,23.4473,Yes,N/A,2,3,1 3,2 3,1 2 3,N/A,N/A,N/A,N/A,N/A,12,13,2 12,2 13,3 13,2 3 12,2 3 13
2 3 13,0.0104595,15.3014,Yes,N/A,2,3,N/A,2 3,N/A,N/A,N/A,N/A,N/A,N/A,N/A,13,N/A,2 13,3 13,N/A,2 3 13
1 2 3 11,0.0411817,9.84645,Yes,N/A,2,3,1 3,2 3,1 2 3,N/A,N/A,N/A,N/A,11,1 11,2 11,3 11,1 3 11,2 3 11,1 2 3 11,N/A
1 2 3 11 13,0.0198525,20.4739,Yes,N/A,2,3,1 3,2 3,1 2 3,N/A,N/A,N/A,N/A,11,1 11,13,3 11,2 13,3 13,1 3 13,2 3 13
1 2 3 11 12,0.0293179,19.0564,Yes,N/A,2,3,1 3,2 3,1 2 3,N/A,N/A,N/A,N/A,11,12,2 11,2 12,3 12,2 3 11,2 3 12,1 2 3 12
1 2 3 11 12 13,0.0136553,30.2519,Yes,N/A,2,3,1 3,2 3,1 2 3,N/A,N/A,N/A,N/A,11,12,13,2 12,2 13,3 13,2 3 12,2 3 13
2 3 12,0.0209619,13.4874,Yes,N/A,2,3,N/A,2 3,N/A,N/A,N/A,N/A,N/A,N/A,12,N/A,2 12,3 12,N/A,2 3 12,N/A
2 3 12 13,0.0119855,23.6986,Yes,N/A,2,3,N/A,2 3,N/A,N/A,N/A,N/A,N/A,N/A,12,13,2 12,2 13,3 13,2 3 12,2 3 13
1 2 3 10,0.0594716,7.83472,Yes,N/A,2,3,1 3,2 3,1 2 3,N/A,N/A,N/A,10,1 10,2 10,3 10,1 3 10,2 3 10,1 2 3 10,N/A,N/A
2 3 10,0.0543124,10.1824,Yes,N/A,2,3,N/A,2 3,N/A,N/A,N/A,N/A,10,N/A,2 10,3 10,N/A,2 3 10,N/A,N/A,N/A
1 2 3 10 13,0.0282679,17.6087,Yes,N/A,2,3,1 3,2 3,1 2 3,N/A,N/A,N/A,10,1 10,2 10,13,1 13,2 13,3 13,1 3 13,2 3 13
1 2 3 10 12,0.0397527,16.1493,Yes,N/A,2,3,1 3,2 3,1 2 3,N/A,N/A,N/A,10,1 10,12,3 10,2 12,3 12,1 3 12,2 3 12,1 2 3 12
1 2 3 10 12 13,0.018386,26.7036,Yes,N/A,2,3,1 3,2 3,1 2 3,N/A,N/A,N/A,10,1 10,12,13,2 12,2 13,3 13,2 3 12,2 3 13
1 2 3 10 11,0.0527717,14.9774,Yes,N/A,2,3,1 3,2 3,1 2 3,N/A,N/A,N/A,10,11,2 10,2 11,3 11,2 3 10,2 3 11,1 2 3 11,N/A
1 2 3 10 11 13,0.0248611,25.0813,Yes,N/A,2,3,1 3,2 3,1 2 3,N/A,N/A,N/A,10,11,2 10,13,3 11,2 13,3 13,1 3 13,2 3 13
1 2 3 10 11 12,0.0308981,23.8961,Yes,N/A,2,3,1 3,2 3,1 2 3,N/A,N/A,N/A,10,11,12,2 11,2 12,3 12,2 3 11,2 3 12,1 2 3 12
1 2 3 10 11 12 13,0.014623,34.6747,Yes,N/A,2,3,1 3,2 3,1 2 3,N/A,N/A,N/A,10,11,12,13,2 12,2 13,3 13,2 3 12,2 3 13
2 3 11,0.0356224,11.7208,Yes,N/A,2,3,N/A,2 3,N/A,N/A,N/A,N/A,N/A,11,N/A,2 11,3 11,N/A,2 3 11,N/A,N/A
2 3 11 13,0.0153062,22.8357,Yes,N/A,2,3,N/A,2 3,N/A,N/A,N/A,N/A,N/A,11,N/A,13,3 11,2 13,3 13,N/A,2 3 13
2 3 11 12,0.0266918,19.8758,Yes,N/A,2,3,N/A,2 3,N/A,N/A,N/A,N/A,N/A,11,12,2 11,2 12,3 12,2 3 11,2 3 12,N/A
2 3 11 12 13,0.0104774,31.1435,Yes,N/A,2,3,N/A,2 3,N/A,N/A,N/A,N/A,N/A,11,12,13,2 12,2 13,3 13,2 3 12,2 3 13
1 2 3 9,0.0813475,6.26034,Yes,N/A,2,3,1 3,2 3,1 2 3,N/A,N/A,9,1 9,2 9,3 9,1 3 9,2 3 9,1 2 3 9,N/A,N/A,N/A
1 2 3 9 13,0.0388803,15.3359,Yes,N/A,2,3,1 3,2 3,1 2 3,N/A,N/A,9,1 9,2 9,3 9,13,2 3 9,2 13,3 13,1 3 13,2 3 13
2 3 9,0.0770319,9.0099,Yes,N/A,2,3,N/A,2 3,N/A,N/A,N/A,9,N/A,2 9,3 9,N/A,2 3 9,N/A,N/A,N/A,N/A
1 2 3 9 12,0.0521288,13.5603,Yes,N/A,2,3,1 3,2 3,1 2 3,N/A,N/A,9,1 9,2 9,12,1 12,2 12,3 12,1 3 12,2 3 12,1 2 3 12
1 2 3 9 12 13,0.0242406,23.6042,Yes,N/A,2,3,1 3,2 3,1 2 3,N/A,N/A,9,1 9,2 9,12,13,2 12,2 13,3 13,2 3 12,2 3 13
1 2 3 9 11,0.0661336,12.3761,Yes,N/A,2,3,1 3,2 3,1 2 3,N/A,N/A,9,1 9,11,3 9,2 11,3 11,1 3 11,2 3 11,1 2 3 11,N/A
1 2 3 9 11 13,0.0317979,21.9178,Yes,N/A,2,3,1 3,2 3,1 2 3,N/A,N/A,9,1 9,11,3 9,13,3 11,2 13,3 13,1 3 13,2 3 13
1 2 3 9 11 12,0.0383461,20.5202,Yes,N/A,2,3,1 3,2 3,1 2 3,N/A,N/A,9,1 9,11,12,2 11,2 12,3 12,2 3 11,2 3 12,1 2 3 12
1 2 3 9 11 12 13,0.01925,30.4217,Yes,N/A,2,3,1 3,2 3,1 2 3,N/A,N/A,9,1 9,11,12,13,2 12,2 13,3 13,2 3 12,2 3 13
1 2 3 9 10,0.0796518,11.659,Yes,N/A,2,3,1 3,2 3,1 2 3,N/A,N/A,9,10,2 9,2 10,3 10,2 3 9,2 3 10,1 2 3 10,N/A,N/A
1 2 3 9 10 13,0.0357583,20.9324,Yes,N/A,2,3,1 3,2 3,1 2 3,N/A,N/A,9,10,2 9,2 10,13,2 3 9,2 13,3 13,1 3 13,2 3 13
1 2 3 9 10 12,0.0471651,19.0832,Yes,N/A,2,3,1 3,2 3,1 2 3,N/A,N/A,9,10,2 9,12,3 10,2 12,3 12,1 3 12,2 3 12,1 2 3 12
1 2 3 9 10 12 13,0.0223587,28.948,Yes,N/A,2,3,1 3,2 3,1 2 3,N/A,N/A,9,10,2 9,12,13,2 12,2 13,3 13,2 3 12,2 3 13
1 2 3 9 10 11,0.0525082,18.3683,Yes,N/A,2,3,1 3,2 3,1 2 3,N/A,N/A,9,10,11,2 10,2 11,3 11,2 3 10,2 3 11,1 2 3 11,N/A
1 2 3 9 10 11 13,0.0269817,27.5209,Yes,N/A,2,3,1 3,2 3,1 2 3,N/A,N/A,9,10,11,2 10,13,3 11,2 13,3 13,1 3 13,2 3 13
1 2 3 9 10 11 12,0.0305463,26.5468,Yes,N/A,2,3,1 3,2 3,1 2 3,N/A,N/A,9,10,11,12,2 11,2 12,3 12,2 3 11,2 3 12,1 2 3 12
1 2 3 9 10 11 12 13,0.0167085,36.1871,Yes,N/A,2,3,1 3,2 3,1 2 3,N/A,N/A,9,10,11,12,13,2 12,2 13,3 13,2 3 12,2 3 13
2 3 10 13,0.0190883,21.4177,Yes,N/A,2,3,N/A,2 3,N/A,N/A,N/A,N/A,10,N/A,2 10,13,N/A,2 13,3 13,N/A,2 3 13
2 3 10 12,0.0305305,19.3978,Yes,N/A,2,3,N/A,2 3,N/A,N/A,N/A,N/A,10,N/A,12,3 10,2 12,3 12,N/A,2 3 12,N/A
2 3 10 12 13,0.0110546,30.3922,Yes,N/A,2,3,N/A,2 3,N/A,N/A,N/A,N/A,10,N/A,12,13,2 12,2 13,3 13,2 3 12,2 3 13
2 3 10 11,0.0473894,16.4081,Yes,N/A,2,3,N/A,2 3,N/A,N/A,N/A,N/A,10,11,2 10,2 11,3 11,2 3 10,2 3 11,N/A,N/A
2 3 10 11 13,0.0175804,27.3169,Yes,N/A,2,3,N/A,2 3,N/A,N/A,N/A,N/A,10,11,2 10,13,3 11,2 13,3 13,N/A,2 3 13
2 3 10 11 12,0.0230102,25.6329,Yes,N/A,2,3,N/A,2 3,N/A,N/A,N/A,N/A,10,11,12,2 11,2 12,3 12,2 3 11,2 3 12,N/A
2 3 10 11 12 13,0.00952029,36.6107,Yes,N/A,2,3,N/A,2 3,N/A,N/A,N/A,N/A,10,11,12,13,2 12,2 13,3 13,2 3 12,2 3 13
1 2 3 8,0.106809,5.21641,Yes,N/A,2,3,1 3,2 3,1 2 3,N/A,8,1 8,2 8,3 8,1 3 8,2 3 8,1 2 3 8,N/A,N/A,N/A,N/A
2 3 8,0.103781,8.13297,Yes,N/A,2,3,N/A,2 3,N/A,N/A,8,N/A,2 8,3 8,N/A,2 3 8,N/A,N/A,N/A,N/A,N/A
1 2 3 8 13,0.0486787,13.3035,Yes,N/A,2,3,1 3,2 3,1 2 3,N/A,8,1 8,2 8,3 8,1 3 8,13,1 13,2 13,3 13,1 3 13,2 3 13
1 2 3 8 12,0.0667503,11.7074,Yes,N/A,2,3,1 3,2 3,1 2 3,N/A,8,1 8,2 8,3 8,12,2 3 8,2 12,3 12,1 3 12,2 3 12,1 2 3 12
1 2 3 8 12 13,0.0312474,21.0038,Yes,N/A,2,3,1 3,2 3,1 2 3,N/A,8,1 8,2 8,3 8,12,13,2 12,2 13,3 13,2 3 12,2 3 13
2 3 8 13,0.0309089,18.518,Yes,N/A,2,3,N/A,2 3,N/A,N/A,8,N/A,2 8,3 8,N/A,13,N/A,2 13,3 13,N/A,2 3 13
1 2 3 8 11,0.0797437,10.3427,Yes,N/A,2,3,1 3,2 3,1 2 3,N/A,8,1 8,2 8,11,1 11,2 11,3 11,1 3 11,2 3 11,1 2 3 11,N/A
1 2 3 8 11 13,0.0366677,19.3205,Yes,N/A,2,3,1 3,2 3,1 2 3,N/A,8,1 8,2 8,11,1 11,13,3 11,2 13,3 13,1 3 13,2 3 13
1 2 3 8 11 12,0.0463508,17.8453,Yes,N/A,2,3,1 3,2 3,1 2 3,N/A,8,1 8,2 8,11,12,2 11,2 12,3 12,2 3 11,2 3 12,1 2 3 12
1 2 3 8 11 12 13,0.0227264,27.3045,Yes,N/A,2,3,1 3,2 3,1 2 3,N/A,8,1 8,2 8,11,12,13,2 12,2 13,3 13,2 3 12,2 3 13
1 2 3 8 10,0.09225,9.52514,Yes,N/A,2,3,1 3,2 3,1 2 3,N/A,8,1 8,10,3 8,2 10,3 10,1 3 10,2 3 10,1 2 3 10,N/A,8 10
2 3 8 10,0.065055,14.0384,Yes,N/A,2,3,N/A,2 3,N/A,N/A,8,N/A,10,3 8,2 10,3 10,N/A,2 3 10,N/A,N/A,8 10
1 2 3 8 10 13,0.0458985,17.727,Yes,N/A,2,3,1 3,2 3,1 2 3,N/A,8,1 8,10,3 8,2 10,13,1 13,2 13,3 13,1 3 13,2 3 13
1 2 3 8 10 12,0.0556716,16.3349,Yes,N/A,2,3,1 3,2 3,1 2 3,N/A,8,1 8,10,3 8,12,3 10,2 12,3 12,1 3 12,2 3 12,8 10
1 2 3 8 10 12 13,0.0275792,25.522,Yes,N/A,2,3,1 3,2 3,1 2 3,N/A,8,1 8,10,3 8,12,13,2 12,2 13,3 13,2 3 12,2 3 13
1 2 3 8 10 11,0.0602936,15.4161,Yes,N/A,2,3,1 3,2 3,1 2 3,N/A,8,1 8,10,11,2 10,2 11,3 11,2 3 10,2 3 11,1 2 3 11,8 10
1 2 3 8 10 11 13,0.0312798,23.9207,Yes,N/A,2,3,1 3,2 3,1 2 3,N/A,8,1 8,10,11,2 10,13,3 11,2 13,3 13,1 3 13,2 3 13
1 2 3 8 10 11 12,0.0374211,22.5256,Yes,N/A,2,3,1 3,2 3,1 2 3,N/A,8,1 8,10,11,12,2 11,2 12,3 12,2 3 11,2 3 12,8 10
1 2 3 8 10 11 12 13,0.0201478,31.5714,Yes,N/A,2,3,1 3,2 3,1 2 3,N/A,8,1 8,10,11,12,13,2 12,2 13,3 13,2 3 12,2 3 13
1 2 3 8 9,0.1026,9.10451,Yes,N/A,2,3,1 3,2 3,1 2 3,N/A,8,9,2 8,2 9,3 9,2 3 8,2 3 9,1 2 3 9,N/A,8 9,1 8 9
1 2 3 8 9 13,0.0497114,16.8838,Yes,N/A,2,3,1 3,2 3,1 2 3,N/A,8,9,2 8,2 9,3 9,13,2 3 9,2 13,3 13,8 9,2 3 13
1 2 3 8 9 12,0.0573533,15.8935,Yes,N/A,2,3,1 3,2 3,1 2 3,N/A,8,9,2 8,2 9,12,2 3 8,2 12,3 12,1 3 12,2 3 12,1 2 3 12
1 2 3 8 9 12 13,0.030185,24.1945,Yes,N/A,2,3,1 3,2 3,1 2 3,N/A,8,9,2 8,2 9,12,13,2 12,2 13,3 13,2 3 12,2 3 13
1 2 3 8 9 11,0.0684889,14.2155,Yes,N/A,2,3,1 3,2 3,1 2 3,N/A,8,9,2 8,11,3 9,2 11,3 11,1 3 11,2 3 11,8 9,1 8 9
1 2 3 8 9 11 13,0.0359872,22.3133,Yes,N/A,2,3,1 3,2 3,1 2 3,N/A,8,9,2 8,11,3 9,13,3 11,2 13,3 13,8 9,2 3 13
1 2 3 8 9 11 12,0.0402143,21.4389,Yes,N/A,2,3,1 3,2 3,1 2 3,N/A,8,9,2 8,11,12,2 11,2 12,3 12,2 3 11,2 3 12,1 2 3 12
1 2 3 8 9 11 12 13,0.0226185,29.8674,Yes,N/A,2,3,1 3,2 3,1 2 3,N/A,8,9,2 8,11,12,13,2 12,2 13,3 13,2 3 12,2 3 13
1 2 3 8 9 10,0.0705004,13.82,Yes,N/A,2,3,1 3,2 3,1 2 3,N/A,8,9,10,2 9,2 10,3 10,2 3 9,2 3 10,1 2 3 10,8 9,8 10
1 2 3 8 9 10 13,0.037223,21.8112,Yes,N/A,2,3,1 3,2 3,1 2 3,N/A,8,9,10,2 9,2 10,13,2 3 9,2 13,3 13,8 9,2 3 13
1 2 3 8 9 10 12,0.0448751,20.2707,Yes,N/A,2,3,1 3,2 3,1 2 3,N/A,8,9,10,2 9,12,3 10,2 12,3 12,1 3 12,2 3 12,8 10
1 2 3 8 9 10 12 13,0.0251037,28.5747,Yes,N/A,2,3,1 3,2 3,1 2 3,N/A,8,9,10,2 9,12,13,2 12,2 13,3 13,2 3 12,2 3 13
1 2 3 8 9 10 11,0.0467977,19.7059,Yes,N/A,2,3,1 3,2 3,1 2 3,N/A,8,9,10,11,2 10,2 11,3 11,2 3 10,2 3 11,8 9,8 10
1 2 3 8 9 10 11 13,0.0276473,27.3725,Yes,N/A,2,3,1 3,2 3,1 2 3,N/A,8,9,10,11,2 10,13,3 11,2 13,3 13,8 9,2 3 13
1 2 3 8 9 10 11 12,0.0311111,26.4381,Yes,N/A,2,3,1 3,2 3,1 2 3,N/A,8,9,10,11,12,2 11,2 12,3 12,2 3 11,2 3 12,8 10
1 2 3 8 9 10 11 12 13,0.0193024,34.4232,Yes,N/A,2,3,1 3,2 3,1 2 3,N/A,8,9,10,11,12,13,2 12,2 13,3 13,2 3 12,2 3 13
2 3 9 13,0.0345978,17.9756,Yes,N/A,2,3,N/A,2 3,N/A,N/A,N/A,9,N/A,2 9,3 9,13,2 3 9,2 13,3 13,N/A,2 3 13
2 3 9 12,0.033722,18.4939,Yes,N/A,2,3,N/A,2 3,N/A,N/A,N/A,9,N/A,2 9,12,N/A,2 12,3 12,N/A,2 3 12,N/A
2 3 9 12 13,0.0157848,27.4265,Yes,N/A,2,3,N/A,2 3,N/A,N/A,N/A,9,N/A,2 9,12,13,2 12,2 13,3 13,2 3 12,2 3 13
2 3 9 11,0.0492371,16.4061,Yes,N/A,2,3,N/A,2 3,N/A,N/A,N/A,9,N/A,11,3 9,2 11,3 11,N/A,2 3 11,N/A,N/A
2 3 9 11 13,0.0193338,26.5548,Yes,N/A,2,3,N/A,2 3,N/A,N/A,N/A,9,N/A,11,3 9,13,3 11,2 13,3 13,N/A,2 3 13
2 3 9 11 12,0.0218171,25.3163,Yes,N/A,2,3,N/A,2 3,N/A,N/A,N/A,9,N/A,11,12,2 11,2 12,3 12,2 3 11,2 3 12,N/A
2 3 9 11 12 13,0.0101639,35.7699,Yes,N/A,2,3,N/A,2 3,N/A,N/A,N/A,9,N/A,11,12,13,2 12,2 13,3 13,2 3 12,2 3 13
2 3 9 10,0.0689967,13.6104,Yes,N/A,2,3,N/A,2 3,N/A,N/A,N/A,9,10,2 9,2 10,3 10,2 3 9,2 3 10,N/A,N/A,N/A
2 3 9 10 13,0.0248846,23.6369,Yes,N/A,2,3,N/A,2 3,N/A,N/A,N/A,9,10,2 9,2 10,13,2 3 9,2 13,3 13,N/A,2 3 13
2 3 9 10 12,0.0314887,22.5073,Yes,N/A,2,3,N/A,2 3,N/A,N/A,N/A,9,10,2 9,12,3 10,2 12,3 12,N/A,2 3 12,N/A
2 3 9 10 12 13,0.0130463,32.3863,Yes,N/A,2,3,N/A,2 3,N/A,N/A,N/A,9,10,2 9,12,13,2 12,2 13,3 13,2 3 12,2 3 13
2 3 9 10 11,0.0371485,20.9382,Yes,N/A,2,3,N/A,2 3,N/A,N/A,N/A,9,10,11,2 10,2 11,3 11,2 3 10,2 3 11,N/A,N/A
2 3 9 10 11 13,0.0165157,30.8374,Yes,N/A,2,3,N/A,2 3,N/A,N/A,N/A,9,10,11,2 10,13,3 11,2 13,3 13,N/A,2 3 13
2 3 9 10 11 12,0.0188069,29.6388,Yes,N/A,2,3,N/A,2 3,N/A,N/A,N/A,9,10,11,12,2 11,2 12,3 12,2 3 11,2 3 12,N/A
2 3 9 10 11 12 13,0.00943805,39.5749,Yes,N/A,2,3,N/A,2 3,N/A,N/A,N/A,9,10,11,12,13,2 12,2 13,3 13,2 3 12,2 3 13
1 2 3 7,0.133542,4.75668,Yes,N/A,2,3,1 3,2 3,1 2 3,7,1 7,2 7,3 7,1 3 7,2 3 7,1 2 3 7,N/A,N/A,N/A,N/A,N/A
2 3 7,0.12067,7.64776,Yes,N/A,2,3,N/A,2 3,N/A,7,N/A,2 7,3 7,N/A,2 3 7,N/A,N/A,N/A,N/A,N/A,N/A
1 2 3 7 13,0.0614756,11.9448,Yes,N/A,2,3,1 3,2 3,1 2 3,7,1 7,2 7,3 7,1 3 7,2 3 7,13,1 13,2 13,3 13,1 3 13,2 3 13
1 2 3 7 12,0.0765003,10.2547,Yes,N/A,2,3,1 3,2 3,1 2 3,7,1 7,2 7,3 7,1 3 7,12,1 12,2 12,3 12,1 3 12,2 3 12,1 2 3 12
1 2 3 7 12 13,0.0357853,19.3525,Yes,N/A,2,3,1 3,2 3,1 2 3,7,1 7,2 7,3 7,1 3 7,12,13,2 12,2 13,3 13,2 3 12,2 3 13
1 2 3 7 11,0.0942953,8.98183,Yes,N/A,2,3,1 3,2 3,1 2 3,7,1 7,2 7,3 7,11,2 3 7,2 11,3 11,1 3 11,2 3 11,1 2 3 11,7 11
1 2 3 7 11 13,0.0444237,17.5448,Yes,N/A,2,3,1 3,2 3,1 2 3,7,1 7,2 7,3 7,11,2 3 7,13,3 11,2 13,3 13,1 3 13,2 3 13
1 2 3 7 11 12,0.054611,15.784,Yes,N/A,2,3,1 3,2 3,1 2 3,7,1 7,2 7,3 7,11,12,2 11,2 12,3 12,2 3 11,2 3 12,7 11
1 2 3 7 11 12 13,0.0268227,24.9296,Yes,N/A,2,3,1 3,2 3,1 2 3,7,1 7,2 7,3 7,11,12,13,2 12,2 13,3 13,2 3 12,2 3 13
2 3 7 13,0.0426794,16.7962,Yes,N/A,2,3,N/A,2 3,N/A,7,N/A,2 7,3 7,N/A,2 3 7,13,N/A,2 13,3 13,N/A,2 3 13
2 3 7 12,0.0452484,16.2153,Yes,N/A,2,3,N/A,2 3,N/A,7,N/A,2 7,3 7,N/A,12,N/A,2 12,3 12,N/A,2 3 12,N/A
2 3 7 12 13,0.0201013,24.9518,Yes,N/A,2,3,N/A,2 3,N/A,7,N/A,2 7,3 7,N/A,12,13,2 12,2 13,3 13,2 3 12,2 3 13
1 2 3 7 10,0.102719,7.97111,Yes,N/A,2,3,1 3,2 3,1 2 3,7,1 7,2 7,10,1 10,2 10,3 10,1 3 10,2 3 10,1 2 3 10,7 10,1 7 10
2 3 7 10,0.0607139,13.8561,Yes,N/A,2,3,N/A,2 3,N/A,7,N/A,2 7,10,N/A,2 10,3 10,N/A,2 3 10,N/A,7 10,N/A
1 2 3 7 10 13,0.0479825,16.1597,Yes,N/A,2,3,1 3,2 3,1 2 3,7,1 7,2 7,10,1 10,2 10,13,1 13,2 13,3 13,7 10,2 3 13
1 2 3 7 10 12,0.0587807,14.5283,Yes,N/A,2,3,1 3,2 3,1 2 3,7,1 7,2 7,10,1 10,12,3 10,2 12,3 12,1 3 12,2 3 12,1 2 3 12
1 2 3 7 10 12 13,0.0286894,23.2432,Yes,N/A,2,3,1 3,2 3,1 2 3,7,1 7,2 7,10,1 10,12,13,2 12,2 13,3 13,2 3 12,2 3 13
1 2 3 7 10 11,0.0670273,13.3546,Yes,N/A,2,3,1 3,2 3,1 2 3,7,1 7,2 7,10,11,2 10,2 11,3 11,2 3 10,2 3 11,7 10,7 11
1 2 3 7 10 11 13,0.0349845,21.293,Yes,N/A,2,3,1 3,2 3,1 2 3,7,1 7,2 7,10,11,2 10,13,3 11,2 13,3 13,7 10,2 3 13
1 2 3 7 10 11 12,0.0406818,20.1235,Yes,N/A,2,3,1 3,2 3,1 2 3,7,1 7,2 7,10,11,12,2 11,2 12,3 12,2 3 11,2 3 12,7 11
1 2 3 7 10 11 12 13,0.0221798,28.6719,Yes,N/A,2,3,1 3,2 3,1 2 3,7,1 7,2 7,10,11,12,13,2 12,2 13,3 13,2 3 12,2 3 13
1 2 3 7 9,0.109631,7.30473,Yes,N/A,2,3,1 3,2 3,1 2 3,7,1 7,9,3 7,2 9,3 9,1 3 9,2 3 9,1 2 3 9,7 9,1 7 9,2 7 9
1 2 3 7 9 13,0.056102,14.7672,Yes,N/A,2,3,1 3,2 3,1 2 3,7,1 7,9,3 7,2 9,3 9,13,2 3 9,2 13,3 13,1 3 13,2 3 13
2 3 7 9,0.0710397,12.143,Yes,N/A,2,3,N/A,2 3,N/A,7,N/A,9,3 7,2 9,3 9,N/A,2 3 9,N/A,7 9,N/A,2 7 9
1 2 3 7 9 12,0.0671028,13.1516,Yes,N/A,2,3,1 3,2 3,1 2 3,7,1 7,9,3 7,2 9,12,1 12,2 12,3 12,7 9,2 3 12,2 7 9
1 2 3 7 9 12 13,0.034996,21.2619,Yes,N/A,2,3,1 3,2 3,1 2 3,7,1 7,9,3 7,2 9,12,13,2 12,2 13,3 13,2 3 12,2 3 13
1 2 3 7 9 11,0.074831,12.1827,Yes,N/A,2,3,1 3,2 3,1 2 3,7,1 7,9,3 7,11,3 9,2 11,3 11,1 3 11,2 3 11,1 2 3 11,7 11
1 2 3 7 9 11 13,0.0399222,19.7918,Yes,N/A,2,3,1 3,2 3,1 2 3,7,1 7,9,3 7,11,3 9,13,3 11,2 13,3 13,1 3 13,2 3 13
1 2 3 7 9 11 12,0.0460987,18.6167,Yes,N/A,2,3,1 3,2 3,1 2 3,7,1 7,9,3 7,11,12,2 11,2 12,3 12,2 3 11,2 3 12,7 11
1 2 3 7 9 11 12 13,0.0260938,26.5979,Yes,N/A,2,3,1 3,2 3,1 2 3,7,1 7,9,3 7,11,12,13,2 12,2 13,3 13,2 3 12,2 3 13
1 2 3 7 9 10,0.0758195,11.4846,Yes,N/A,2,3,1 3,2 3,1 2 3,7,1 7,9,10,2 9,2 10,3 10,2 3 9,2 3 10,7 9,7 10,2 7 9
1 2 3 7 9 10 13,0.0394761,19.4207,Yes,N/A,2,3,1 3,2 3,1 2 3,7,1 7,9,10,2 9,2 10,13,2 3 9,2 13,3 13,7 10,2 3 13
1 2 3 7 9 10 12,0.0490871,17.2739,Yes,N/A,2,3,1 3,2 3,1 2 3,7,1 7,9,10,2 9,12,3 10,2 12,3 12,7 9,2 3 12,2 7 9
1 2 3 7 9 10 12 13,0.026853,25.3303,Yes,N/A,2,3,1 3,2 3,1 2 3,7,1 7,9,10,2 9,12,13,2 12,2 13,3 13,2 3 12,2 3 13
1 2 3 7 9 10 11,0.0542601,16.3364,Yes,N/A,2,3,1 3,2 3,1 2 3,7,1 7,9,10,11,2 10,2 11,3 11,2 3 10,2 3 11,7 10,7 11
1 2 3 7 9 10 11 13,0.0317009,23.4649,Yes,N/A,2,3,1 3,2 3,1 2 3,7,1 7,9,10,11,2 10,13,3 11,2 13,3 13,7 10,2 3 13
1 2 3 7 9 10 11 12,0.0356407,22.4563,Yes,N/A,2,3,1 3,2 3,1 2 3,7,1 7,9,10,11,12,2 11,2 12,3 12,2 3 11,2 3 12,7 11
1 2 3 7 9 10 11 12 13,0.0219573,29.8066,Yes,N/A,2,3,1 3,2 3,1 2 3,7,1 7,9,10,11,12,13,2 12,2 13,3 13,2 3 12,2 3 13
1 2 3 7 8,0.112995,6.89451,Yes,N/A,2,3,1 3,2 3,1 2 3,7,8,2 7,2 8,3 8,2 3 7,2 3 8,1 2 3 8,7 8,1 7 8,2 7 8,3 7 8
2 3 7 8,0.084948,9.60284,Yes,N/A,2,3,N/A,2 3,N/A,7,8,2 7,2 8,3 8,2 3 7,2 3 8,N/A,7 8,N/A,2 7 8,3 7 8
1 2 3 7 8 13,0.0591949,14.1792,Yes,N/A,2,3,1 3,2 3,1 2 3,7,8,2 7,2 8,3 8,2 3 7,13,1 13,2 13,3 13,2 7 8,2 3 13
1 2 3 7 8 12,0.0684676,12.8079,Yes,N/A,2,3,1 3,2 3,1 2 3,7,8,2 7,2 8,3 8,12,2 3 8,2 12,3 12,1 3 12,2 3 12,3 7 8
1 2 3 7 8 12 13,0.0367512,20.3973,Yes,N/A,2,3,1 3,2 3,1 2 3,7,8,2 7,2 8,3 8,12,13,2 12,2 13,3 13,2 3 12,2 3 13
1 2 3 7 8 11,0.0714925,12.0359,Yes,N/A,2,3,1 3,2 3,1 2 3,7,8,2 7,2 8,11,2 3 7,2 11,3 11,7 8,2 3 11,2 7 8,7 11
1 2 3 7 8 11 13,0.0388061,19.6298,Yes,N/A,2,3,1 3,2 3,1 2 3,7,8,2 7,2 8,11,2 3 7,13,3 11,2 13,3 13,2 7 8,2 3 13
1 2 3 7 8 11 12,0.0472817,17.8214,Yes,N/A,2,3,1 3,2 3,1 2 3,7,8,2 7,2 8,11,12,2 11,2 12,3 12,2 3 11,2 3 12,7 11
1 2 3 7 8 11 12 13,0.0266886,25.5963,Yes,N/A,2,3,1 3,2 3,1 2 3,7,8,2 7,2 8,11,12,13,2 12,2 13,3 13,2 3 12,2 3 13
1 2 3 7 8 10,0.0812237,10.7489,Yes,N/A,2,3,1 3,2 3,1 2 3,7,8,2 7,10,3 8,2 10,3 10,1 3 10,2 3 10,1 2 3 10,7 10,8 10
2 3 7 8 10,0.0486401,15.8598,Yes,N/A,2,3,N/A,2 3,N/A,7,8,2 7,10,3 8,2 10,3 10,N/A,2 3 10,N/A,7 10,8 10
1 2 3 7 8 10 13,0.0465163,17.3134,Yes,N/A,2,3,1 3,2 3,1 2 3,7,8,2 7,10,3 8,2 10,13,1 13,2 13,3 13,7 10,2 3 13
1 2 3 7 8 10 12,0.0536336,16.111,Yes,N/A,2,3,1 3,2 3,1 2 3,7,8,2 7,10,3 8,12,3 10,2 12,3 12,1 3 12,2 3 12,8 10
1 2 3 7 8 10 12 13,0.0304574,23.5613,Yes,N/A,2,3,1 3,2 3,1 2 3,7,8,2 7,10,3 8,12,13,2 12,2 13,3 13,2 3 12,2 3 13
1 2 3 7 8 10 11,0.0563844,15.596,Yes,N/A,2,3,1 3,2 3,1 2 3,7,8,2 7,10,11,2 10,2 11,3 11,2 3 10,2 3 11,7 10,7 11
1 2 3 7 8 10 11 13,0.03339,22.3225,Yes,N/A,2,3,1 3,2 3,1 2 3,7,8,2 7,10,11,2 10,13,3 11,2 13,3 13,7 10,2 3 13
1 2 3 7 8 10 11 12,0.0383517,21.1473,Yes,N/A,2,3,1 3,2 3,1 2 3,7,8,2 7,10,11,12,2 11,2 12,3 12,2 3 11,2 3 12,7 11
1 2 3 7 8 10 11 12 13,0.0235866,28.2843,Yes,N/A,2,3,1 3,2 3,1 2 3,7,8,2 7,10,11,12,13,2 12,2 13,3 13,2 3 12,2 3 13
1 2 3 7 8 9,0.0825147,10.1592,Yes,N/A,2,3,1 3,2 3,1 2 3,7,8,9,2 8,2 9,3 9,2 3 8,2 3 9,7 8,7 9,8 9,2 7 9
1 2 3 7 8 9 13,0.0459606,17.2751,Yes,N/A,2,3,1 3,2 3,1 2 3,7,8,9,2 8,2 9,3 9,13,2 3 9,2 13,3 13,8 9,2 3 13
1 2 3 7 8 9 12,0.0531735,16.0958,Yes,N/A,2,3,1 3,2 3,1 2 3,7,8,9,2 8,2 9,12,2 3 8,2 12,3 12,7 9,2 3 12,2 7 9
1 2 3 7 8 9 12 13,0.0316671,22.7992,Yes,N/A,2,3,1 3,2 3,1 2 3,7,8,9,2 8,2 9,12,13,2 12,2 13,3 13,2 3 12,2 3 13
1 2 3 7 8 9 11,0.0621096,14.3459,Yes,N/A,2,3,1 3,2 3,1 2 3,7,8,9,2 8,11,3 9,2 11,3 11,7 8,2 3 11,8 9,7 11
1 2 3 7 8 9 11 13,0.0360002,21.2205,Yes,N/A,2,3,1 3,2 3,1 2 3,7,8,9,2 8,11,3 9,13,3 11,2 13,3 13,8 9,2 3 13
1 2 3 7 8 9 11 12,0.0409151,20.2151,Yes,N/A,2,3,1 3,2 3,1 2 3,7,8,9,2 8,11,12,2 11,2 12,3 12,2 3 11,2 3 12,7 11
1 2 3 7 8 9 11 12 13,0.025595,26.8519,Yes,N/A,2,3,1 3,2 3,1 2 3,7,8,9,2 8,11,12,13,2 12,2 13,3 13,2 3 12,2 3 13
1 2 3 7 8 9 10,0.0624743,14.2933,Yes,N/A,2,3,1 3,2 3,1 2 3,7,8,9,10,2 9,2 10,3 10,2 3 9,2 3 10,7 9,7 10,8 10
1 2 3 7 8 9 10 13,0.0365634,20.9211,Yes,N/A,2,3,1 3,2 3,1 2 3,7,8,9,10,2 9,2 10,13,2 3 9,2 13,3 13,7 10,2 3 13
1 2 3 7 8 9 10 12,0.0441568,19.1275,Yes,N/A,2,3,1 3,2 3,1 2 3,7,8,9,10,2 9,12,3 10,2 12,3 12,7 9,2 3 12,8 10
1 2 3 7 8 9 10 12 13,0.0269545,25.8928,Yes,N/A,2,3,1 3,2 3,1 2 3,7,8,9,10,2 9,12,13,2 12,2 13,3 13,2 3 12,2 3 13
1 2 3 7 8 9 10 11,0.046621,18.6753,Yes,N/A,2,3,1 3,2 3,1 2 3,7,8,9,10,11,2 10,2 11,3 11,2 3 10,2 3 11,7 10,7 11
1 2 3 7 8 9 10 11 13,0.0302744,24.5158,Yes,N/A,2,3,1 3,2 3,1 2 3,7,8,9,10,11,2 10,13,3 11,2 13,3 13,7 10,2 3 13
1 2 3 7 8 9 10 11 12,0.0337928,23.5809,Yes,N/A,2,3,1 3,2 3,1 2 3,7,8,9,10,11,12,2 11,2 12,3 12,2 3 11,2 3 12,7 11
1 2 3 7 8 9 10 11 12 13,0.0230111,29.4619,Yes,N/A,2,3,1 3,2 3,1 2 3,7,8,9,10,11,12,13,2 12,2 13,3 13,2 3 12,2 3 13
2 3 8 12,0.0566058,14.9453,Yes,N/A,2,3,N/A,2 3,N/A,N/A,8,N/A,2 8,3 8,12,2 3 8,2 12,3 12,N/A,2 3 12,N/A
2 3 8 12 13,0.0208933,24.8727,Yes,N/A,2,3,N/A,2 3,N/A,N/A,8,N/A,2 8,3 8,12,13,2 12,2 13,3 13,2 3 12,2 3 13
2 3 8 11,0.04979,15.9784,Yes,N/A,2,3,N/A,2 3,N/A,N/A,8,N/A,2 8,11,N/A,2 11,3 11,N/A,2 3 11,N/A,N/A
2 3 8 11 13,0.0182409,26.2884,Yes,N/A,2,3,N/A,2 3,N/A,N/A,8,N/A,2 8,11,N/A,13,3 11,2 13,3 13,N/A,2 3 13
2 3 8 11 12,0.028328,22.5705,Yes,N/A,2,3,N/A,2 3,N/A,N/A,8,N/A,2 8,11,12,2 11,2 12,3 12,2 3 11,2 3 12,N/A
2 3 8 11 12 13,0.012091,32.8267,Yes,N/A,2,3,N/A,2 3,N/A,N/A,8,N/A,2 8,11,12,13,2 12,2 13,3 13,2 3 12,2 3 13
2 3 8 10 13,0.0235965,24.4159,Yes,N/A,2,3,N/A,2 3,N/A,N/A,8,N/A,10,3 8,2 10,13,N/A,2 13,3 13,N/A,2 3 13
2 3 8 10 12,0.0316514,21.9693,Yes,N/A,2,3,N/A,2 3,N/A,N/A,8,N/A,10,3 8,12,3 10,2 12,3 12,N/A,2 3 12,8 10
2 3 8 10 12 13,0.0138089,31.8275,Yes,N/A,2,3,N/A,2 3,N/A,N/A,8,N/A,10,3 8,12,13,2 12,2 13,3 13,2 3 12,2 3 13
2 3 8 10 11,0.0324168,20.9357,Yes,N/A,2,3,N/A,2 3,N/A,N/A,8,N/A,10,11,2 10,2 11,3 11,2 3 10,2 3 11,N/A,8 10
2 3 8 10 11 13,0.014048,31.292,Yes,N/A,2,3,N/A,2 3,N/A,N/A,8,N/A,10,11,2 10,13,3 11,2 13,3 13,N/A,2 3 13
2 3 8 10 11 12,0.0186162,29.0233,Yes,N/A,2,3,N/A,2 3,N/A,N/A,8,N/A,10,11,12,2 11,2 12,3 12,2 3 11,2 3 12,8 10
2 3 8 10 11 12 13,0.00904126,39.3838,Yes,N/A,2,3,N/A,2 3,N/A,N/A,8,N/A,10,11,12,13,2 12,2 13,3 13,2 3 12,2 3 13
2 3 8 9,0.0839549,11.436,Yes,N/A,2,3,N/A,2 3,N/A,N/A,8,9,2 8,2 9,3 9,2 3 8,2 3 9,N/A,N/A,8 9,N/A
2 3 8 9 13,0.0322176,20.1035,Yes,N/A,2,3,N/A,2 3,N/A,N/A,8,9,2 8,2 9,3 9,13,2 3 9,2 13,3 13,8 9,2 3 13
2 3 8 9 12,0.0369895,19.5568,Yes,N/A,2,3,N/A,2 3,N/A,N/A,8,9,2 8,2 9,12,2 3 8,2 12,3 12,N/A,2 3 12,N/A
2 3 8 9 12 13,0.0172234,28.1941,Yes,N/A,2,3,N/A,2 3,N/A,N/A,8,9,2 8,2 9,12,13,2 12,2 13,3 13,2 3 12,2 3 13
2 3 8 9 11,0.0432176,18.4909,Yes,N/A,2,3,N/A,2 3,N/A,N/A,8,9,2 8,11,3 9,2 11,3 11,N/A,2 3 11,8 9,N/A
2 3 8 9 11 13,0.0194063,27.1928,Yes,N/A,2,3,N/A,2 3,N/A,N/A,8,9,2 8,11,3 9,13,3 11,2 13,3 13,8 9,2 3 13
2 3 8 9 11 12,0.0219391,26.1798,Yes,N/A,2,3,N/A,2 3,N/A,N/A,8,9,2 8,11,12,2 11,2 12,3 12,2 3 11,2 3 12,N/A
2 3 8 9 11 12 13,0.0114264,35.1008,Yes,N/A,2,3,N/A,2 3,N/A,N/A,8,9,2 8,11,12,13,2 12,2 13,3 13,2 3 12,2 3 13
2 3 8 9 10,0.0475194,17.0278,Yes,N/A,2,3,N/A,2 3,N/A,N/A,8,9,10,2 9,2 10,3 10,2 3 9,2 3 10,N/A,8 9,8 10
2 3 8 9 10 13,0.0208346,26.1148,Yes,N/A,2,3,N/A,2 3,N/A,N/A,8,9,10,2 9,2 10,13,2 3 9,2 13,3 13,8 9,2 3 13
2 3 8 9 10 12,0.0258208,24.8617,Yes,N/A,2,3,N/A,2 3,N/A,N/A,8,9,10,2 9,12,3 10,2 12,3 12,N/A,2 3 12,8 10
2 3 8 9 10 12 13,0.0128745,33.6686,Yes,N/A,2,3,N/A,2 3,N/A,N/A,8,9,10,2 9,12,13,2 12,2 13,3 13,2 3 12,2 3 13
2 3 8 9 10 11,0.0278896,23.5183,Yes,N/A,2,3,N/A,2 3,N/A,N/A,8,9,10,11,2 10,2 11,3 11,2 3 10,2 3 11,8 9,8 10
2 3 8 9 10 11 13,0.0143629,32.4012,Yes,N/A,2,3,N/A,2 3,N/A,N/A,8,9,10,11,2 10,13,3 11,2 13,3 13,8 9,2 3 13
2 3 8 9 10 11 12,0.0166916,31.1218,Yes,N/A,2,3,N/A,2 3,N/A,N/A,8,9,10,11,12,2 11,2 12,3 12,2 3 11,2 3 12,8 10
2 3 8 9 10 11 12 13,0.00952706,40.042,Yes,N/A,2,3,N/A,2 3,N/A,N/A,8,9,10,11,12,13,2 12,2 13,3 13,2 3 12,2 3 13
1 2 3 6,0.146929,5.08364,Yes,N/A,2,3,1 3,2 3,6,1 6,2 6,3 6,1 3 6,2 3 6,1 2 3 6,N/A,N/A,N/A,N/A,N/A,N/A
2 3 6,0.128472,7.35397,Yes,N/A,2,3,N/A,2 3,6,N/A,2 6,3 6,N/A,2 3 6,N/A,N/A,N/A,N/A,N/A,N/A,N/A
1 2 3 6 13,0.0720802,11.415,Yes,N/A,2,3,1 3,2 3,6,1 6,2 6,3 6,1 3 6,2 3 6,1 2 3 6,13,1 13,2 13,3 13,1 3 13,2 3 13
1 2 3 6 12,0.0878828,9.73622,Yes,N/A,2,3,1 3,2 3,6,1 6,2 6,3 6,1 3 6,2 3 6,12,1 12,2 12,3 12,1 3 12,2 3 12,6 12
1 2 3 6 12 13,0.0390428,18.8307,Yes,N/A,2,3,1 3,2 3,6,1 6,2 6,3 6,1 3 6,2 3 6,12,13,2 12,2 13,3 13,2 3 12,2 3 13
2 3 6 13,0.0419245,16.7036,Yes,N/A,2,3,N/A,2 3,6,N/A,2 6,3 6,N/A,2 3 6,N/A,13,N/A,2 13,3 13,N/A,2 3 13
1 2 3 6 11,0.0986449,8.44289,Yes,N/A,2,3,1 3,2 3,6,1 6,2 6,3 6,1 3 6,11,1 11,2 11,3 11,1 3 11,2 3 11,6 11,1 6 11
1 2 3 6 11 13,0.0452194,16.9139,Yes,N/A,2,3,1 3,2 3,6,1 6,2 6,3 6,1 3 6,11,1 11,13,3 11,2 13,3 13,6 11,2 3 13
1 2 3 6 11 12,0.0572404,15.1982,Yes,N/A,2,3,1 3,2 3,6,1 6,2 6,3 6,1 3 6,11,12,2 11,2 12,3 12,2 3 11,2 3 12,6 12
1 2 3 6 11 12 13,0.0276913,24.2519,Yes,N/A,2,3,1 3,2 3,6,1 6,2 6,3 6,1 3 6,11,12,13,2 12,2 13,3 13,2 3 12,2 3 13
1 2 3 6 10,0.109847,7.51361,Yes,N/A,2,3,1 3,2 3,6,1 6,2 6,3 6,10,2 3 6,2 10,3 10,1 3 10,2 3 10,6 10,1 6 10,2 6 10
2 3 6 10,0.0842699,10.5099,Yes,N/A,2,3,N/A,2 3,6,N/A,2 6,3 6,10,2 3 6,2 10,3 10,N/A,2 3 10,6 10,N/A,2 6 10
1 2 3 6 10 13,0.0556981,15.2186,Yes,N/A,2,3,1 3,2 3,6,1 6,2 6,3 6,10,2 3 6,2 10,13,1 13,2 13,3 13,1 3 13,2 3 13
1 2 3 6 10 12,0.0646766,13.6848,Yes,N/A,2,3,1 3,2 3,6,1 6,2 6,3 6,10,2 3 6,12,3 10,2 12,3 12,6 10,2 3 12,6 12
1 2 3 6 10 12 13,0.0324324,22.4614,Yes,N/A,2,3,1 3,2 3,6,1 6,2 6,3 6,10,2 3 6,12,13,2 12,2 13,3 13,2 3 12,2 3 13
1 2 3 6 10 11,0.0728088,12.3082,Yes,N/A,2,3,1 3,2 3,6,1 6,2 6,3 6,10,11,2 10,2 11,3 11,2 3 10,2 3 11,6 11,2 6 10
1 2 3 6 10 11 13,0.0385642,20.0469,Yes,N/A,2,3,1 3,2 3,6,1 6,2 6,3 6,10,11,2 10,13,3 11,2 13,3 13,6 11,2 3 13
1 2 3 6 10 11 12,0.0448049,18.958,Yes,N/A,2,3,1 3,2 3,6,1 6,2 6,3 6,10,11,12,2 11,2 12,3 12,2 3 11,2 3 12,6 12
1 2 3 6 10 11 12 13,0.0246987,27.4905,Yes,N/A,2,3,1 3,2 3,6,1 6,2 6,3 6,10,11,12,13,2 12,2 13,3 13,2 3 12,2 3 13
2 3 6 12,0.0568505,14.5484,Yes,N/A,2,3,N/A,2 3,6,N/A,2 6,3 6,N/A,2 3 6,12,N/A,2 12,3 12,N/A,2 3 12,6 12
2 3 6 12 13,0.0224389,23.2883,Yes,N/A,2,3,N/A,2 3,6,N/A,2 6,3 6,N/A,2 3 6,12,13,2 12,2 13,3 13,2 3 12,2 3 13
2 3 6 11,0.056404,13.9804,Yes,N/A,2,3,N/A,2 3,6,N/A,2 6,3 6,N/A,11,N/A,2 11,3 11,N/A,2 3 11,6 11,N/A
2 3 6 11 13,0.0205579,24.0664,Yes,N/A,2,3,N/A,2 3,6,N/A,2 6,3 6,N/A,11,N/A,13,3 11,2 13,3 13,6 11,2 3 13
2 3 6 11 12,0.0305256,20.6188,Yes,N/A,2,3,N/A,2 3,6,N/A,2 6,3 6,N/A,11,12,2 11,2 12,3 12,2 3 11,2 3 12,6 12
2 3 6 11 12 13,0.0133848,30.603,Yes,N/A,2,3,N/A,2 3,6,N/A,2 6,3 6,N/A,11,12,13,2 12,2 13,3 13,2 3 12,2 3 13
1 2 3 6 9,0.108559,6.88407,Yes,N/A,2,3,1 3,2 3,6,1 6,2 6,9,1 9,2 9,3 9,1 3 9,2 3 9,6 9,1 6 9,2 6 9,3 6 9
1 2 3 6 9 13,0.0526018,14.5927,Yes,N/A,2,3,1 3,2 3,6,1 6,2 6,9,1 9,2 9,3 9,13,2 3 9,2 13,3 13,2 6 9,2 3 13
2 3 6 9,0.0619374,11.7128,Yes,N/A,2,3,N/A,2 3,6,N/A,2 6,9,N/A,2 9,3 9,N/A,2 3 9,6 9,N/A,2 6 9,3 6 9
1 2 3 6 9 12,0.0654487,12.7195,Yes,N/A,2,3,1 3,2 3,6,1 6,2 6,9,1 9,2 9,12,1 12,2 12,3 12,1 3 12,2 3 12,6 12
1 2 3 6 9 12 13,0.0328424,20.921,Yes,N/A,2,3,1 3,2 3,6,1 6,2 6,9,1 9,2 9,12,13,2 12,2 13,3 13,2 3 12,2 3 13
1 2 3 6 9 11,0.0731925,11.2706,Yes,N/A,2,3,1 3,2 3,6,1 6,2 6,9,1 9,11,3 9,2 11,3 11,6 9,2 3 11,6 11,3 6 9
1 2 3 6 9 11 13,0.038948,19.0053,Yes,N/A,2,3,1 3,2 3,6,1 6,2 6,9,1 9,11,3 9,13,3 11,2 13,3 13,6 11,2 3 13
1 2 3 6 9 11 12,0.0454515,17.7573,Yes,N/A,2,3,1 3,2 3,6,1 6,2 6,9,1 9,11,12,2 11,2 12,3 12,2 3 11,2 3 12,6 12
1 2 3 6 9 11 12 13,0.0255527,25.5959,Yes,N/A,2,3,1 3,2 3,6,1 6,2 6,9,1 9,11,12,13,2 12,2 13,3 13,2 3 12,2 3 13
1 2 3 6 9 10,0.0787617,10.5769,Yes,N/A,2,3,1 3,2 3,6,1 6,2 6,9,10,2 9,2 10,3 10,2 3 9,2 3 10,6 10,2 6 9,2 6 10
1 2 3 6 9 10 13,0.040838,18.6184,Yes,N/A,2,3,1 3,2 3,6,1 6,2 6,9,10,2 9,2 10,13,2 3 9,2 13,3 13,2 6 9,2 3 13
1 2 3 6 9 10 12,0.0526785,15.9221,Yes,N/A,2,3,1 3,2 3,6,1 6,2 6,9,10,2 9,12,3 10,2 12,3 12,6 10,2 3 12,6 12
1 2 3 6 9 10 12 13,0.0283656,24.1579,Yes,N/A,2,3,1 3,2 3,6,1 6,2 6,9,10,2 9,12,13,2 12,2 13,3 13,2 3 12,2 3 13
1 2 3 6 9 10 11,0.05709,15.2538,Yes,N/A,2,3,1 3,2 3,6,1 6,2 6,9,10,11,2 10,2 11,3 11,2 3 10,2 3 11,6 11,2 6 10
1 2 3 6 9 10 11 13,0.0332829,22.3825,Yes,N/A,2,3,1 3,2 3,6,1 6,2 6,9,10,11,2 10,13,3 11,2 13,3 13,6 11,2 3 13
1 2 3 6 9 10 11 12,0.0381143,21.3132,Yes,N/A,2,3,1 3,2 3,6,1 6,2 6,9,10,11,12,2 11,2 12,3 12,2 3 11,2 3 12,6 12
1 2 3 6 9 10 11 12 13,0.0234052,28.6725,Yes,N/A,2,3,1 3,2 3,6,1 6,2 6,9,10,11,12,13,2 12,2 13,3 13,2 3 12,2 3 13
1 2 3 6 8,0.105646,6.38284,Yes,N/A,2,3,1 3,2 3,6,1 6,8,3 6,2 8,3 8,1 3 8,2 3 8,6 8,1 6 8,2 6 8,3 6 8,1 3 6 8
1 2 3 6 8 13,0.0531116,14.0224,Yes,N/A,2,3,1 3,2 3,6,1 6,8,3 6,2 8,3 8,1 3 8,13,6 8,2 13,3 13,3 6 8,2 3 13
1 2 3 6 8 12,0.070297,11.7671,Yes,N/A,2,3,1 3,2 3,6,1 6,8,3 6,2 8,3 8,12,2 3 8,2 12,3 12,2 6 8,2 3 12,6 12
1 2 3 6 8 12 13,0.0368059,19.5033,Yes,N/A,2,3,1 3,2 3,6,1 6,8,3 6,2 8,3 8,12,13,2 12,2 13,3 13,2 3 12,2 3 13
2 3 6 8,0.0674002,9.9806,Yes,N/A,2,3,N/A,2 3,6,N/A,8,3 6,2 8,3 8,N/A,2 3 8,6 8,N/A,2 6 8,3 6 8,N/A
2 3 6 8 13,0.0278454,19.4168,Yes,N/A,2,3,N/A,2 3,6,N/A,8,3 6,2 8,3 8,N/A,13,6 8,2 13,3 13,3 6 8,2 3 13
1 2 3 6 8 11,0.0797123,10.2914,Yes,N/A,2,3,1 3,2 3,6,1 6,8,3 6,2 8,11,1 11,2 11,3 11,1 3 11,2 3 11,6 11,1 6 11
1 2 3 6 8 11 13,0.0415074,17.9604,Yes,N/A,2,3,1 3,2 3,6,1 6,8,3 6,2 8,11,1 11,13,3 11,2 13,3 13,6 11,2 3 13
1 2 3 6 8 11 12,0.0521452,16.0798,Yes,N/A,2,3,1 3,2 3,6,1 6,8,3 6,2 8,11,12,2 11,2 12,3 12,2 3 11,2 3 12,6 12
1 2 3 6 8 11 12 13,0.0285016,24.0097,Yes,N/A,2,3,1 3,2 3,6,1 6,8,3 6,2 8,11,12,13,2 12,2 13,3 13,2 3 12,2 3 13
1 2 3 6 8 10,0.0852978,9.26024,Yes,N/A,2,3,1 3,2 3,6,1 6,8,3 6,10,3 8,2 10,3 10,6 8,2 3 10,6 10,3 6 8,8 10
1 2 3 6 8 10 13,0.0466969,16.4225,Yes,N/A,2,3,1 3,2 3,6,1 6,8,3 6,10,3 8,2 10,13,6 8,2 13,3 13,3 6 8,2 3 13
1 2 3 6 8 10 12,0.058014,14.63,Yes,N/A,2,3,1 3,2 3,6,1 6,8,3 6,10,3 8,12,3 10,2 12,3 12,6 10,2 3 12,6 12
1 2 3 6 8 10 12 13,0.0322162,22.347,Yes,N/A,2,3,1 3,2 3,6,1 6,8,3 6,10,3 8,12,13,2 12,2 13,3 13,2 3 12,2 3 13
1 2 3 6 8 10 11,0.0627581,14.0885,Yes,N/A,2,3,1 3,2 3,6,1 6,8,3 6,10,11,2 10,2 11,3 11,2 3 10,2 3 11,6 11,8 10
1 2 3 6 8 10 11 13,0.0362408,20.9263,Yes,N/A,2,3,1 3,2 3,6,1 6,8,3 6,10,11,2 10,13,3 11,2 13,3 13,6 11,2 3 13
1 2 3 6 8 10 11 12,0.0432833,19.4544,Yes,N/A,2,3,1 3,2 3,6,1 6,8,3 6,10,11,12,2 11,2 12,3 12,2 3 11,2 3 12,6 12
1 2 3 6 8 10 11 12 13,0.0258989,26.8535,Yes,N/A,2,3,1 3,2 3,6,1 6,8,3 6,10,11,12,13,2 12,2 13,3 13,2 3 12,2 3 13
1 2 3 6 8 9,0.0853788,9.12642,Yes,N/A,2,3,1 3,2 3,6,1 6,8,9,2 8,2 9,3 9,2 3 8,2 3 9,6 9,2 6 8,8 9,3 6 9
1 2 3 6 8 9 13,0.0453919,16.3399,Yes,N/A,2,3,1 3,2 3,6,1 6,8,9,2 8,2 9,3 9,13,2 3 9,2 13,3 13,8 9,2 3 13
1 2 3 6 8 9 12,0.0552757,15.0178,Yes,N/A,2,3,1 3,2 3,6,1 6,8,9,2 8,2 9,12,2 3 8,2 12,3 12,2 6 8,2 3 12,6 12
1 2 3 6 8 9 12 13,0.0317432,21.8938,Yes,N/A,2,3,1 3,2 3,6,1 6,8,9,2 8,2 9,12,13,2 12,2 13,3 13,2 3 12,2 3 13
1 2 3 6 8 9 11,0.0674078,12.724,Yes,N/A,2,3,1 3,2 3,6,1 6,8,9,2 8,11,3 9,2 11,3 11,6 9,2 3 11,6 11,3 6 9
1 2 3 6 8 9 11 13,0.0374092,19.9213,Yes,N/A,2,3,1 3,2 3,6,1 6,8,9,2 8,11,3 9,13,3 11,2 13,3 13,6 11,2 3 13
1 2 3 6 8 9 11 12,0.0436559,18.6037,Yes,N/A,2,3,1 3,2 3,6,1 6,8,9,2 8,11,12,2 11,2 12,3 12,2 3 11,2 3 12,6 12
1 2 3 6 8 9 11 12 13,0.0263164,25.5911,Yes,N/A,2,3,1 3,2 3,6,1 6,8,9,2 8,11,12,13,2 12,2 13,3 13,2 3 12,2 3 13
1 2 3 6 8 9 10,0.0719649,12.2078,Yes,N/A,2,3,1 3,2 3,6,1 6,8,9,10,2 9,2 10,3 10,2 3 9,2 3 10,6 10,8 9,8 10
1 2 3 6 8 9 10 13,0.0398486,19.1584,Yes,N/A,2,3,1 3,2 3,6,1 6,8,9,10,2 9,2 10,13,2 3 9,2 13,3 13,8 9,2 3 13
1 2 3 6 8 9 10 12,0.0505778,16.9416,Yes,N/A,2,3,1 3,2 3,6,1 6,8,9,10,2 9,12,3 10,2 12,3 12,6 10,2 3 12,6 12
1 2 3 6 8 9 10 12 13,0.0296794,23.9289,Yes,N/A,2,3,1 3,2 3,6,1 6,8,9,10,2 9,12,13,2 12,2 13,3 13,2 3 12,2 3 13
1 2 3 6 8 9 10 11,0.0534472,16.4044,Yes,N/A,2,3,1 3,2 3,6,1 6,8,9,10,11,2 10,2 11,3 11,2 3 10,2 3 11,6 11,8 10
1 2 3 6 8 9 10 11 13,0.033263,22.5662,Yes,N/A,2,3,1 3,2 3,6,1 6,8,9,10,11,2 10,13,3 11,2 13,3 13,6 11,2 3 13
1 2 3 6 8 9 10 11 12,0.0386662,21.1768,Yes,N/A,2,3,1 3,2 3,6,1 6,8,9,10,11,12,2 11,2 12,3 12,2 3 11,2 3 12,6 12
1 2 3 6 8 9 10 11 12 13,0.0253253,27.4449,Yes,N/A,2,3,1 3,2 3,6,1 6,8,9,10,11,12,13,2 12,2 13,3 13,2 3 12,2 3 13
1 2 3 6 7,0.099451,6.03397,Yes,N/A,2,3,1 3,2 3,6,7,2 6,2 7,3 7,2 3 6,2 3 7,6 7,1 6 7,2 6 7,3 6 7,1 3 6 7,2 3 6 7
2 3 6 7,0.0771111,7.6643,Yes,N/A,2,3,N/A,2 3,6,7,2 6,2 7,3 7,2 3 6,2 3 7,6 7,N/A,2 6 7,3 6 7,N/A,2 3 6 7
1 2 3 6 7 13,0.0546789,13.5544,Yes,N/A,2,3,1 3,2 3,6,7,2 6,2 7,3 7,2 3 6,2 3 7,13,1 13,2 13,3 13,1 3 13,2 3 13
1 2 3 6 7 12,0.065909,11.7028,Yes,N/A,2,3,1 3,2 3,6,7,2 6,2 7,3 7,2 3 6,12,6 7,2 12,3 12,3 6 7,2 3 12,6 12
1 2 3 6 7 12 13,0.03395,20.1097,Yes,N/A,2,3,1 3,2 3,6,7,2 6,2 7,3 7,2 3 6,12,13,2 12,2 13,3 13,2 3 12,2 3 13
1 2 3 6 7 11,0.0774323,10.2574,Yes,N/A,2,3,1 3,2 3,6,7,2 6,2 7,3 7,11,2 3 7,2 11,3 11,2 6 7,2 3 11,6 11,7 11
1 2 3 6 7 11 13,0.0407897,17.9126,Yes,N/A,2,3,1 3,2 3,6,7,2 6,2 7,3 7,11,2 3 7,13,3 11,2 13,3 13,6 11,2 3 13
1 2 3 6 7 11 12,0.0519527,15.6447,Yes,N/A,2,3,1 3,2 3,6,7,2 6,2 7,3 7,11,12,2 11,2 12,3 12,2 3 11,2 3 12,6 12
1 2 3 6 7 11 12 13,0.0279076,23.8187,Yes,N/A,2,3,1 3,2 3,6,7,2 6,2 7,3 7,11,12,13,2 12,2 13,3 13,2 3 12,2 3 13
1 2 3 6 7 10,0.0816361,9.65011,Yes,N/A,2,3,1 3,2 3,6,7,2 6,2 7,10,2 3 6,2 10,3 10,1 3 10,2 3 10,6 10,7 10,2 6 10
2 3 6 7 10,0.0545577,13.4564,Yes,N/A,2,3,N/A,2 3,6,7,2 6,2 7,10,2 3 6,2 10,3 10,N/A,2 3 10,6 10,7 10,2 6 10
1 2 3 6 7 10 13,0.0437569,17.4111,Yes,N/A,2,3,1 3,2 3,6,7,2 6,2 7,10,2 3 6,2 10,13,1 13,2 13,3 13,7 10,2 3 13
1 2 3 6 7 10 12,0.0537856,15.1971,Yes,N/A,2,3,1 3,2 3,6,7,2 6,2 7,10,2 3 6,12,3 10,2 12,3 12,6 10,2 3 12,6 12
1 2 3 6 7 10 12 13,0.0286395,23.4213,Yes,N/A,2,3,1 3,2 3,6,7,2 6,2 7,10,2 3 6,12,13,2 12,2 13,3 13,2 3 12,2 3 13
1 2 3 6 7 10 11,0.0640675,13.454,Yes,N/A,2,3,1 3,2 3,6,7,2 6,2 7,10,11,2 10,2 11,3 11,2 3 10,2 3 11,6 11,7 11
1 2 3 6 7 10 11 13,0.0353597,20.7547,Yes,N/A,2,3,1 3,2 3,6,7,2 6,2 7,10,11,2 10,13,3 11,2 13,3 13,6 11,2 3 13
1 2 3 6 7 10 11 12,0.0424938,19.0909,Yes,N/A,2,3,1 3,2 3,6,7,2 6,2 7,10,11,12,2 11,2 12,3 12,2 3 11,2 3 12,6 12
1 2 3 6 7 10 11 12 13,0.0247888,26.7199,Yes,N/A,2,3,1 3,2 3,6,7,2 6,2 7,10,11,12,13,2 12,2 13,3 13,2 3 12,2 3 13
1 2 3 6 7 9,0.0924803,7.94923,Yes,N/A,2,3,1 3,2 3,6,7,2 6,9,3 7,2 9,3 9,6 7,2 3 9,6 9,7 9,2 6 9,2 7 9
1 2 3 6 7 9 13,0.0476739,16.0176,Yes,N/A,2,3,1 3,2 3,6,7,2 6,9,3 7,2 9,3 9,13,2 3 9,2 13,3 13,2 6 9,2 3 13
1 2 3 6 7 9 12,0.063024,13.0175,Yes,N/A,2,3,1 3,2 3,6,7,2 6,9,3 7,2 9,12,6 7,2 12,3 12,7 9,2 3 12,6 12
1 2 3 6 7 9 12 13,0.0333361,20.8976,Yes,N/A,2,3,1 3,2 3,6,7,2 6,9,3 7,2 9,12,13,2 12,2 13,3 13,2 3 12,2 3 13
1 2 3 6 7 9 11,0.0740722,11.6102,Yes,N/A,2,3,1 3,2 3,6,7,2 6,9,3 7,11,3 9,2 11,3 11,6 9,2 3 11,6 11,7 11
1 2 3 6 7 9 11 13,0.0397755,19.0848,Yes,N/A,2,3,1 3,2 3,6,7,2 6,9,3 7,11,3 9,13,3 11,2 13,3 13,6 11,2 3 13
1 2 3 6 7 9 11 12,0.0482228,17.272,Yes,N/A,2,3,1 3,2 3,6,7,2 6,9,3 7,11,12,2 11,2 12,3 12,2 3 11,2 3 12,6 12
1 2 3 6 7 9 11 12 13,0.0282744,24.3747,Yes,N/A,2,3,1 3,2 3,6,7,2 6,9,3 7,11,12,13,2 12,2 13,3 13,2 3 12,2 3 13
1 2 3 6 7 9 10,0.0753244,11.7158,Yes,N/A,2,3,1 3,2 3,6,7,2 6,9,10,2 9,2 10,3 10,2 3 9,2 3 10,6 10,7 10,2 6 10
1 2 3 6 7 9 10 13,0.0391084,19.6552,Yes,N/A,2,3,1 3,2 3,6,7,2 6,9,10,2 9,2 10,13,2 3 9,2 13,3 13,7 10,2 3 13
1 2 3 6 7 9 10 12,0.0521152,16.2752,Yes,N/A,2,3,1 3,2 3,6,7,2 6,9,10,2 9,12,3 10,2 12,3 12,6 10,2 3 12,6 12
1 2 3 6 7 9 10 12 13,0.0288136,23.9106,Yes,N/A,2,3,1 3,2 3,6,7,2 6,9,10,2 9,12,13,2 12,2 13,3 13,2 3 12,2 3 13
1 2 3 6 7 9 10 11,0.0580876,15.2348,Yes,N/A,2,3,1 3,2 3,6,7,2 6,9,10,11,2 10,2 11,3 11,2 3 10,2 3 11,6 11,7 11
1 2 3 6 7 9 10 11 13,0.0342791,21.9203,Yes,N/A,2,3,1 3,2 3,6,7,2 6,9,10,11,2 10,13,3 11,2 13,3 13,6 11,2 3 13
1 2 3 6 7 9 10 11 12,0.040248,20.2869,Yes,N/A,2,3,1 3,2 3,6,7,2 6,9,10,11,12,2 11,2 12,3 12,2 3 11,2 3 12,6 12
1 2 3 6 7 9 10 11 12 13,0.0256767,26.715,Yes,N/A,2,3,1 3,2 3,6,7,2 6,9,10,11,12,13,2 12,2 13,3 13,2 3 12,2 3 13
1 2 3 6 7 8,0.0963066,8.03402,Yes,N/A,2,3,1 3,2 3,6,7,8,2 7,2 8,3 8,2 3 7,2 3 8,6 8,7 8,2 6 8,2 7 8,3 7 8
1 2 3 6 7 8 13,0.0490116,15.6879,Yes,N/A,2,3,1 3,2 3,6,7,8,2 7,2 8,3 8,2 3 7,13,6 8,2 13,3 13,2 7 8,2 3 13
1 2 3 6 7 8 12,0.0622759,13.507,Yes,N/A,2,3,1 3,2 3,6,7,8,2 7,2 8,3 8,12,2 3 8,2 12,3 12,2 6 8,2 3 12,6 12
1 2 3 6 7 8 12 13,0.0335638,20.8858,Yes,N/A,2,3,1 3,2 3,6,7,8,2 7,2 8,3 8,12,13,2 12,2 13,3 13,2 3 12,2 3 13
1 2 3 6 7 8 11,0.0729765,12.0468,Yes,N/A,2,3,1 3,2 3,6,7,8,2 7,2 8,11,2 3 7,2 11,3 11,7 8,2 3 11,6 11,7 11
1 2 3 6 7 8 11 13,0.0381385,19.5201,Yes,N/A,2,3,1 3,2 3,6,7,8,2 7,2 8,11,2 3 7,13,3 11,2 13,3 13,6 11,2 3 13
1 2 3 6 7 8 11 12,0.0494677,16.9342,Yes,N/A,2,3,1 3,2 3,6,7,8,2 7,2 8,11,12,2 11,2 12,3 12,2 3 11,2 3 12,6 12
1 2 3 6 7 8 11 12 13,0.0280953,24.1696,Yes,N/A,2,3,1 3,2 3,6,7,8,2 7,2 8,11,12,13,2 12,2 13,3 13,2 3 12,2 3 13
1 2 3 6 7 8 10,0.0843187,10.3952,Yes,N/A,2,3,1 3,2 3,6,7,8,2 7,10,3 8,2 10,3 10,6 8,2 3 10,6 10,7 10,8 10
1 2 3 6 7 8 10 13,0.0452184,17.5106,Yes,N/A,2,3,1 3,2 3,6,7,8,2 7,10,3 8,2 10,13,6 8,2 13,3 13,7 10,2 3 13
1 2 3 6 7 8 10 12,0.0560389,15.4386,Yes,N/A,2,3,1 3,2 3,6,7,8,2 7,10,3 8,12,3 10,2 12,3 12,6 10,2 3 12,6 12
1 2 3 6 7 8 10 12 13,0.031575,22.6963,Yes,N/A,2,3,1 3,2 3,6,7,8,2 7,10,3 8,12,13,2 12,2 13,3 13,2 3 12,2 3 13
1 2 3 6 7 8 10 11,0.0610239,14.55,Yes,N/A,2,3,1 3,2 3,6,7,8,2 7,10,11,2 10,2 11,3 11,2 3 10,2 3 11,6 11,7 11
1 2 3 6 7 8 10 11 13,0.0359825,20.9845,Yes,N/A,2,3,1 3,2 3,6,7,8,2 7,10,11,2 10,13,3 11,2 13,3 13,6 11,2 3 13
1 2 3 6 7 8 10 11 12,0.0431313,19.1878,Yes,N/A,2,3,1 3,2 3,6,7,8,2 7,10,11,12,2 11,2 12,3 12,2 3 11,2 3 12,6 12
1 2 3 6 7 8 10 11 12 13,0.0270337,25.6376,Yes,N/A,2,3,1 3,2 3,6,7,8,2 7,10,11,12,13,2 12,2 13,3 13,2 3 12,2 3 13
1 2 3 6 7 8 9,0.0842709,10.505,Yes,N/A,2,3,1 3,2 3,6,7,8,9,2 8,2 9,3 9,2 3 8,2 3 9,6 9,7 9,8 9,2 7 9
1 2 3 6 7 8 9 13,0.0434622,18.1687,Yes,N/A,2,3,1 3,2 3,6,7,8,9,2 8,2 9,3 9,13,2 3 9,2 13,3 13,8 9,2 3 13
1 2 3 6 7 8 9 12,0.0555063,15.5789,Yes,N/A,2,3,1 3,2 3,6,7,8,9,2 8,2 9,12,2 3 8,2 12,3 12,7 9,2 3 12,6 12
1 2 3 6 7 8 9 12 13,0.0321467,22.3799,Yes,N/A,2,3,1 3,2 3,6,7,8,9,2 8,2 9,12,13,2 12,2 13,3 13,2 3 12,2 3 13
1 2 3 6 7 8 9 11,0.0667576,13.4865,Yes,N/A,2,3,1 3,2 3,6,7,8,9,2 8,11,3 9,2 11,3 11,6 9,2 3 11,6 11,7 11
1 2 3 6 7 8 9 11 13,0.0375637,20.4651,Yes,N/A,2,3,1 3,2 3,6,7,8,9,2 8,11,3 9,13,3 11,2 13,3 13,6 11,2 3 13
1 2 3 6 7 8 9 11 12,0.0456492,18.4712,Yes,N/A,2,3,1 3,2 3,6,7,8,9,2 8,11,12,2 11,2 12,3 12,2 3 11,2 3 12,6 12
1 2 3 6 7 8 9 11 12 13,0.0283876,24.7789,Yes,N/A,2,3,1 3,2 3,6,7,8,9,2 8,11,12,13,2 12,2 13,3 13,2 3 12,2 3 13
1 2 3 6 7 8 9 10,0.0674774,13.4209,Yes,N/A,2,3,1 3,2 3,6,7,8,9,10,2 9,2 10,3 10,2 3 9,2 3 10,6 10,7 10,8 10
1 2 3 6 7 8 9 10 13,0.038408,20.3717,Yes,N/A,2,3,1 3,2 3,6,7,8,9,10,2 9,2 10,13,2 3 9,2 13,3 13,7 10,2 3 13
1 2 3 6 7 8 9 10 12,0.0496574,17.3708,Yes,N/A,2,3,1 3,2 3,6,7,8,9,10,2 9,12,3 10,2 12,3 12,6 10,2 3 12,6 12
1 2 3 6 7 8 9 10 12 13,0.0302951,23.8828,Yes,N/A,2,3,1 3,2 3,6,7,8,9,10,2 9,12,13,2 12,2 13,3 13,2 3 12,2 3 13
1 2 3 6 7 8 9 10 11,0.0536751,16.5382,Yes,N/A,2,3,1 3,2 3,6,7,8,9,10,11,2 10,2 11,3 11,2 3 10,2 3 11,6 11,7 11
1 2 3 6 7 8 9 10 11 13,0.0344549,22.2416,Yes,N/A,2,3,1 3,2 3,6,7,8,9,10,11,2 10,13,3 11,2 13,3 13,6 11,2 3 13
1 2 3 6 7 8 9 10 11 12,0.040526,20.4624,Yes,N/A,2,3,1 3,2 3,6,7,8,9,10,11,12,2 11,2 12,3 12,2 3 11,2 3 12,6 12
1 2 3 6 7 8 9 10 11 12 13,0.0277561,25.8266,Yes,N/A,2,3,1 3,2 3,6,7,8,9,10,11,12,13,2 12,2 13,3 13,2 3 12,2 3 13
2 3 7 11,0.0754672,12.5658,Yes,N/A,2,3,N/A,2 3,N/A,7,N/A,2 7,3 7,11,2 3 7,2 11,3 11,N/A,2 3 11,N/A,7 11
2 3 7 11 13,0.0270055,22.2374,Yes,N/A,2,3,N/A,2 3,N/A,7,N/A,2 7,3 7,11,2 3 7,13,3 11,2 13,3 13,N/A,2 3 13
2 3 7 11 12,0.0338928,20.3031,Yes,N/A,2,3,N/A,2 3,N/A,7,N/A,2 7,3 7,11,12,2 11,2 12,3 12,2 3 11,2 3 12,7 11
2 3 7 11 12 13,0.0149386,30.0212,Yes,N/A,2,3,N/A,2 3,N/A,7,N/A,2 7,3 7,11,12,13,2 12,2 13,3 13,2 3 12,2 3 13
2 3 7 10 13,0.0209809,24.3224,Yes,N/A,2,3,N/A,2 3,N/A,7,N/A,2 7,10,N/A,2 10,13,N/A,2 13,3 13,7 10,2 3 13
2 3 7 10 12,0.0272448,22.3537,Yes,N/A,2,3,N/A,2 3,N/A,7,N/A,2 7,10,N/A,12,3 10,2 12,3 12,N/A,2 3 12,N/A
2 3 7 10 12 13,0.0114802,32.4925,Yes,N/A,2,3,N/A,2 3,N/A,7,N/A,2 7,10,N/A,12,13,2 12,2 13,3 13,2 3 12,2 3 13
2 3 7 10 11,0.0390068,18.3028,Yes,N/A,2,3,N/A,2 3,N/A,7,N/A,2 7,10,11,2 10,2 11,3 11,2 3 10,2 3 11,7 10,7 11
2 3 7 10 11 13,0.017033,28.0458,Yes,N/A,2,3,N/A,2 3,N/A,7,N/A,2 7,10,11,2 10,13,3 11,2 13,3 13,7 10,2 3 13
2 3 7 10 11 12,0.0204622,26.5385,Yes,N/A,2,3,N/A,2 3,N/A,7,N/A,2 7,10,11,12,2 11,2 12,3 12,2 3 11,2 3 12,7 11
2 3 7 10 11 12 13,0.0101481,36.258,Yes,N/A,2,3,N/A,2 3,N/A,7,N/A,2 7,10,11,12,13,2 12,2 13,3 13,2 3 12,2 3 13
2 3 7 9 13,0.0300976,20.205,Yes,N/A,2,3,N/A,2 3,N/A,7,N/A,9,3 7,2 9,3 9,13,2 3 9,2 13,3 13,N/A,2 3 13
2 3 7 9 12,0.0325054,20.3591,Yes,N/A,2,3,N/A,2 3,N/A,7,N/A,9,3 7,2 9,12,N/A,2 12,3 12,7 9,2 3 12,2 7 9
2 3 7 9 12 13,0.0164093,28.1546,Yes,N/A,2,3,N/A,2 3,N/A,7,N/A,9,3 7,2 9,12,13,2 12,2 13,3 13,2 3 12,2 3 13
2 3 7 9 11,0.0396474,18.5244,Yes,N/A,2,3,N/A,2 3,N/A,7,N/A,9,3 7,11,3 9,2 11,3 11,N/A,2 3 11,N/A,7 11
2 3 7 9 11 13,0.018067,27.5727,Yes,N/A,2,3,N/A,2 3,N/A,7,N/A,9,3 7,11,3 9,13,3 11,2 13,3 13,N/A,2 3 13
2 3 7 9 11 12,0.0217923,25.8176,Yes,N/A,2,3,N/A,2 3,N/A,7,N/A,9,3 7,11,12,2 11,2 12,3 12,2 3 11,2 3 12,7 11
2 3 7 9 11 12 13,0.0114292,34.9134,Yes,N/A,2,3,N/A,2 3,N/A,7,N/A,9,3 7,11,12,13,2 12,2 13,3 13,2 3 12,2 3 13
2 3 7 9 10,0.0409057,16.7882,Yes,N/A,2,3,N/A,2 3,N/A,7,N/A,9,10,2 9,2 10,3 10,2 3 9,2 3 10,7 9,7 10,2 7 9
2 3 7 9 10 13,0.0180248,26.5612,Yes,N/A,2,3,N/A,2 3,N/A,7,N/A,9,10,2 9,2 10,13,2 3 9,2 13,3 13,7 10,2 3 13
2 3 7 9 10 12,0.022237,24.9907,Yes,N/A,2,3,N/A,2 3,N/A,7,N/A,9,10,2 9,12,3 10,2 12,3 12,7 9,2 3 12,2 7 9
2 3 7 9 10 12 13,0.0108625,34.7128,Yes,N/A,2,3,N/A,2 3,N/A,7,N/A,9,10,2 9,12,13,2 12,2 13,3 13,2 3 12,2 3 13
2 3 7 9 10 11,0.0268678,23.2726,Yes,N/A,2,3,N/A,2 3,N/A,7,N/A,9,10,11,2 10,2 11,3 11,2 3 10,2 3 11,7 10,7 11
2 3 7 9 10 11 13,0.0138773,32.2167,Yes,N/A,2,3,N/A,2 3,N/A,7,N/A,9,10,11,2 10,13,3 11,2 13,3 13,7 10,2 3 13
2 3 7 9 10 11 12,0.0157945,31.2841,Yes,N/A,2,3,N/A,2 3,N/A,7,N/A,9,10,11,12,2 11,2 12,3 12,2 3 11,2 3 12,7 11
2 3 7 9 10 11 12 13,0.00901758,40.2949,Yes,N/A,2,3,N/A,2 3,N/A,7,N/A,9,10,11,12,13,2 12,2 13,3 13,2 3 12,2 3 13
2 3 7 8 13,0.0321568,19.1696,Yes,N/A,2,3,N/A,2 3,N/A,7,8,2 7,2 8,3 8,2 3 7,13,N/A,2 13,3 13,2 7 8,2 3 13
2 3 7 8 12,0.0406034,16.9707,Yes,N/A,2,3,N/A,2 3,N/A,7,8,2 7,2 8,3 8,12,2 3 8,2 12,3 12,N/A,2 3 12,3 7 8
2 3 7 8 12 13,0.0189193,25.4071,Yes,N/A,2,3,N/A,2 3,N/A,7,8,2 7,2 8,3 8,12,13,2 12,2 13,3 13,2 3 12,2 3 13
2 3 7 8 11,0.0464871,15.346,Yes,N/A,2,3,N/A,2 3,N/A,7,8,2 7,2 8,11,2 3 7,2 11,3 11,7 8,2 3 11,2 7 8,7 11
2 3 7 8 11 13,0.0200211,24.8425,Yes,N/A,2,3,N/A,2 3,N/A,7,8,2 7,2 8,11,2 3 7,13,3 11,2 13,3 13,2 7 8,2 3 13
2 3 7 8 11 12,0.0256683,22.687,Yes,N/A,2,3,N/A,2 3,N/A,7,8,2 7,2 8,11,12,2 11,2 12,3 12,2 3 11,2 3 12,7 11
2 3 7 8 11 12 13,0.0130131,31.3038,Yes,N/A,2,3,N/A,2 3,N/A,7,8,2 7,2 8,11,12,13,2 12,2 13,3 13,2 3 12,2 3 13
2 3 7 8 10 13,0.0211182,25.0774,Yes,N/A,2,3,N/A,2 3,N/A,7,8,2 7,10,3 8,2 10,13,N/A,2 13,3 13,7 10,2 3 13
2 3 7 8 10 12,0.0271201,22.5745,Yes,N/A,2,3,N/A,2 3,N/A,7,8,2 7,10,3 8,12,3 10,2 12,3 12,N/A,2 3 12,8 10
2 3 7 8 10 12 13,0.0134326,31.0401,Yes,N/A,2,3,N/A,2 3,N/A,7,8,2 7,10,3 8,12,13,2 12,2 13,3 13,2 3 12,2 3 13
2 3 7 8 10 11,0.0304807,20.9121,Yes,N/A,2,3,N/A,2 3,N/A,7,8,2 7,10,11,2 10,2 11,3 11,2 3 10,2 3 11,7 10,7 11
2 3 7 8 10 11 13,0.0152237,29.6926,Yes,N/A,2,3,N/A,2 3,N/A,7,8,2 7,10,11,2 10,13,3 11,2 13,3 13,7 10,2 3 13
2 3 7 8 10 11 12,0.0185387,27.756,Yes,N/A,2,3,N/A,2 3,N/A,7,8,2 7,10,11,12,2 11,2 12,3 12,2 3 11,2 3 12,7 11
2 3 7 8 10 11 12 13,0.0103617,36.2338,Yes,N/A,2,3,N/A,2 3,N/A,7,8,2 7,10,11,12,13,2 12,2 13,3 13,2 3 12,2 3 13
2 3 7 8 9,0.0582708,13.2255,Yes,N/A,2,3,N/A,2 3,N/A,7,8,9,2 8,2 9,3 9,2 3 8,2 3 9,7 8,7 9,8 9,2 7 9
2 3 7 8 9 13,0.0255485,22.094,Yes,N/A,2,3,N/A,2 3,N/A,7,8,9,2 8,2 9,3 9,13,2 3 9,2 13,3 13,8 9,2 3 13
2 3 7 8 9 12,0.0300675,21.0027,Yes,N/A,2,3,N/A,2 3,N/A,7,8,9,2 8,2 9,12,2 3 8,2 12,3 12,7 9,2 3 12,2 7 9
2 3 7 8 9 12 13,0.0154512,29.0153,Yes,N/A,2,3,N/A,2 3,N/A,7,8,9,2 8,2 9,12,13,2 12,2 13,3 13,2 3 12,2 3 13
2 3 7 8 9 11,0.03783,18.8899,Yes,N/A,2,3,N/A,2 3,N/A,7,8,9,2 8,11,3 9,2 11,3 11,7 8,2 3 11,8 9,7 11
2 3 7 8 9 11 13,0.0178327,27.6931,Yes,N/A,2,3,N/A,2 3,N/A,7,8,9,2 8,11,3 9,13,3 11,2 13,3 13,8 9,2 3 13
2 3 7 8 9 11 12,0.0208558,26.3699,Yes,N/A,2,3,N/A,2 3,N/A,7,8,9,2 8,11,12,2 11,2 12,3 12,2 3 11,2 3 12,7 11
2 3 7 8 9 11 12 13,0.011811,34.1368,Yes,N/A,2,3,N/A,2 3,N/A,7,8,9,2 8,11,12,13,2 12,2 13,3 13,2 3 12,2 3 13
2 3 7 8 9 10,0.0384313,18.5842,Yes,N/A,2,3,N/A,2 3,N/A,7,8,9,10,2 9,2 10,3 10,2 3 9,2 3 10,7 9,7 10,8 10
2 3 7 8 9 10 13,0.0184004,27.2544,Yes,N/A,2,3,N/A,2 3,N/A,7,8,9,10,2 9,2 10,13,2 3 9,2 13,3 13,7 10,2 3 13
2 3 7 8 9 10 12,0.0229739,25.2748,Yes,N/A,2,3,N/A,2 3,N/A,7,8,9,10,2 9,12,3 10,2 12,3 12,7 9,2 3 12,8 10
2 3 7 8 9 10 12 13,0.012237,33.7685,Yes,N/A,2,3,N/A,2 3,N/A,7,8,9,10,2 9,12,13,2 12,2 13,3 13,2 3 12,2 3 13
2 3 7 8 9 10 11,0.0257287,24.0136,Yes,N/A,2,3,N/A,2 3,N/A,7,8,9,10,11,2 10,2 11,3 11,2 3 10,2 3 11,7 10,7 11
2 3 7 8 9 10 11 13,0.0144625,31.6596,Yes,N/A,2,3,N/A,2 3,N/A,7,8,9,10,11,2 10,13,3 11,2 13,3 13,7 10,2 3 13
2 3 7 8 9 10 11 12,0.0165853,30.5665,Yes,N/A,2,3,N/A,2 3,N/A,7,8,9,10,11,12,2 11,2 12,3 12,2 3 11,2 3 12,7 11
2 3 7 8 9 10 11 12 13,0.010324,38.0498,Yes,N/A,2,3,N/A,2 3,N/A,7,8,9,10,11,12,13,2 12,2 13,3 13,2 3 12,2 3 13
1 2 3 5,0.151472,5.51898,Yes,N/A,2,3,1 3,5,1 5,2 5,3 5,1 3 5,2 3 5,1 2 3 5,N/A,N/A,N/A,N/A,N/A,N/A,N/A
2 3 5,0.126415,7.32523,Yes,N/A,2,3,N/A,5,N/A,2 5,3 5,N/A,2 3 5,N/A,N/A,N/A,N/A,N/A,N/A,N/A,N/A
1 2 3 5 13,0.0685134,12.4824,Yes,N/A,2,3,1 3,5,1 5,2 5,3 5,1 3 5,2 3 5,1 2 3 5,N/A,13,1 13,2 13,3 13,1 3 13,5 13
1 2 3 5 12,0.0946588,9.45809,Yes,N/A,2,3,1 3,5,1 5,2 5,3 5,1 3 5,2 3 5,1 2 3 5,12,1 12,2 12,3 12,1 3 12,5 12,1 5 12
1 2 3 5 12 13,0.0385805,18.677,Yes,N/A,2,3,1 3,5,1 5,2 5,3 5,1 3 5,2 3 5,1 2 3 5,12,13,2 12,2 13,3 13,5 12,5 13
2 3 5 13,0.0378712,16.9692,Yes,N/A,2,3,N/A,5,N/A,2 5,3 5,N/A,2 3 5,N/A,N/A,13,N/A,2 13,3 13,N/A,5 13
1 2 3 5 11,0.103725,8.16383,Yes,N/A,2,3,1 3,5,1 5,2 5,3 5,1 3 5,2 3 5,11,1 11,2 11,3 11,1 3 11,5 11,1 5 11,2 5 11
1 2 3 5 11 13,0.0457231,16.7427,Yes,N/A,2,3,1 3,5,1 5,2 5,3 5,1 3 5,2 3 5,11,1 11,13,3 11,2 13,3 13,1 3 13,5 13
1 2 3 5 11 12,0.0574249,14.8557,Yes,N/A,2,3,1 3,5,1 5,2 5,3 5,1 3 5,2 3 5,11,12,2 11,2 12,3 12,5 11,5 12,2 5 11
1 2 3 5 11 12 13,0.0274378,24.0478,Yes,N/A,2,3,1 3,5,1 5,2 5,3 5,1 3 5,2 3 5,11,12,13,2 12,2 13,3 13,5 12,5 13
2 3 5 12,0.0501847,14.9734,Yes,N/A,2,3,N/A,5,N/A,2 5,3 5,N/A,2 3 5,N/A,12,N/A,2 12,3 12,N/A,5 12,N/A
2 3 5 12 13,0.0192917,23.9947,Yes,N/A,2,3,N/A,5,N/A,2 5,3 5,N/A,2 3 5,N/A,12,13,2 12,2 13,3 13,5 12,5 13
1 2 3 5 10,0.10506,7.24984,Yes,N/A,2,3,1 3,5,1 5,2 5,3 5,1 3 5,10,1 10,2 10,3 10,1 3 10,5 10,1 5 10,2 5 10,3 5 10
2 3 5 10,0.0549536,12.5694,Yes,N/A,2,3,N/A,5,N/A,2 5,3 5,N/A,10,N/A,2 10,3 10,N/A,5 10,N/A,2 5 10,3 5 10
1 2 3 5 10 13,0.0510572,15.1791,Yes,N/A,2,3,1 3,5,1 5,2 5,3 5,1 3 5,10,1 10,2 10,13,1 13,2 13,3 13,2 5 10,5 13
1 2 3 5 10 12,0.0611179,13.428,Yes,N/A,2,3,1 3,5,1 5,2 5,3 5,1 3 5,10,1 10,12,3 10,2 12,3 12,1 3 12,5 12,3 5 10
1 2 3 5 10 12 13,0.0312073,21.8444,Yes,N/A,2,3,1 3,5,1 5,2 5,3 5,1 3 5,10,1 10,12,13,2 12,2 13,3 13,5 12,5 13
1 2 3 5 10 11,0.0715944,11.7093,Yes,N/A,2,3,1 3,5,1 5,2 5,3 5,1 3 5,10,11,2 10,2 11,3 11,5 10,5 11,2 5 10,2 5 11
1 2 3 5 10 11 13,0.0366002,20.1298,Yes,N/A,2,3,1 3,5,1 5,2 5,3 5,1 3 5,10,11,2 10,13,3 11,2 13,3 13,2 5 10,5 13
1 2 3 5 10 11 12,0.0445101,18.4262,Yes,N/A,2,3,1 3,5,1 5,2 5,3 5,1 3 5,10,11,12,2 11,2 12,3 12,5 11,5 12,2 5 11
1 2 3 5 10 11 12 13,0.02426,27.1763,Yes,N/A,2,3,1 3,5,1 5,2 5,3 5,1 3 5,10,11,12,13,2 12,2 13,3 13,5 12,5 13
1 2 3 5 9,0.105581,6.55155,Yes,N/A,2,3,1 3,5,1 5,2 5,3 5,9,2 3 5,2 9,3 9,1 3 9,5 9,1 5 9,2 5 9,3 5 9,1 3 5 9
1 2 3 5 9 13,0.0531364,14.1289,Yes,N/A,2,3,1 3,5,1 5,2 5,3 5,9,2 3 5,2 9,3 9,13,5 9,2 13,3 13,3 5 9,5 13
2 3 5 9,0.0740187,9.66996,Yes,N/A,2,3,N/A,5,N/A,2 5,3 5,9,2 3 5,2 9,3 9,N/A,5 9,N/A,2 5 9,3 5 9,N/A
1 2 3 5 9 12,0.0695078,12.0191,Yes,N/A,2,3,1 3,5,1 5,2 5,3 5,9,2 3 5,2 9,12,1 12,2 12,3 12,2 5 9,5 12,1 5 12
1 2 3 5 9 12 13,0.0344469,20.5756,Yes,N/A,2,3,1 3,5,1 5,2 5,3 5,9,2 3 5,2 9,12,13,2 12,2 13,3 13,5 12,5 13
1 2 3 5 9 11,0.0759082,10.7768,Yes,N/A,2,3,1 3,5,1 5,2 5,3 5,9,2 3 5,11,3 9,2 11,3 11,1 3 11,5 11,3 5 9,2 5 11
1 2 3 5 9 11 13,0.0400895,18.6286,Yes,N/A,2,3,1 3,5,1 5,2 5,3 5,9,2 3 5,11,3 9,13,3 11,2 13,3 13,3 5 9,5 13
1 2 3 5 9 11 12,0.0491025,17.1516,Yes,N/A,2,3,1 3,5,1 5,2 5,3 5,9,2 3 5,11,12,2 11,2 12,3 12,5 11,5 12,2 5 11
1 2 3 5 9 11 12 13,0.0270921,25.3806,Yes,N/A,2,3,1 3,5,1 5,2 5,3 5,9,2 3 5,11,12,13,2 12,2 13,3 13,5 12,5 13
1 2 3 5 9 10,0.0826074,9.25864,Yes,N/A,2,3,1 3,5,1 5,2 5,3 5,9,10,2 9,2 10,3 10,5 9,5 10,2 5 9,2 5 10,3 5 10
1 2 3 5 9 10 13,0.0442875,17.1928,Yes,N/A,2,3,1 3,5,1 5,2 5,3 5,9,10,2 9,2 10,13,5 9,2 13,3 13,2 5 10,5 13
1 2 3 5 9 10 12,0.0558893,15.0622,Yes,N/A,2,3,1 3,5,1 5,2 5,3 5,9,10,2 9,12,3 10,2 12,3 12,2 5 9,5 12,3 5 10
1 2 3 5 9 10 12 13,0.0309392,23.0863,Yes,N/A,2,3,1 3,5,1 5,2 5,3 5,9,10,2 9,12,13,2 12,2 13,3 13,5 12,5 13
1 2 3 5 9 10 11,0.0630759,13.9554,Yes,N/A,2,3,1 3,5,1 5,2 5,3 5,9,10,11,2 10,2 11,3 11,5 10,5 11,2 5 10,2 5 11
1 2 3 5 9 10 11 13,0.0353763,21.5966,Yes,N/A,2,3,1 3,5,1 5,2 5,3 5,9,10,11,2 10,13,3 11,2 13,3 13,2 5 10,5 13
1 2 3 5 9 10 11 12,0.0425466,20.1901,Yes,N/A,2,3,1 3,5,1 5,2 5,3 5,9,10,11,12,2 11,2 12,3 12,5 11,5 12,2 5 11
1 2 3 5 9 10 11 12 13,0.0255296,27.9001,Yes,N/A,2,3,1 3,5,1 5,2 5,3 5,9,10,11,12,13,2 12,2 13,3 13,5 12,5 13
2 3 5 11,0.061991,12.9912,Yes,N/A,2,3,N/A,5,N/A,2 5,3 5,N/A,2 3 5,11,N/A,2 11,3 11,N/A,5 11,N/A,2 5 11
2 3 5 11 13,0.0211218,23.1813,Yes,N/A,2,3,N/A,5,N/A,2 5,3 5,N/A,2 3 5,11,N/A,13,3 11,2 13,3 13,N/A,5 13
2 3 5 11 12,0.0307129,19.5117,Yes,N/A,2,3,N/A,5,N/A,2 5,3 5,N/A,2 3 5,11,12,2 11,2 12,3 12,5 11,5 12,2 5 11
2 3 5 11 12 13,0.0133998,29.5158,Yes,N/A,2,3,N/A,5,N/A,2 5,3 5,N/A,2 3 5,11,12,13,2 12,2 13,3 13,5 12,5 13
2 3 5 10 13,0.0208368,23.046,Yes,N/A,2,3,N/A,5,N/A,2 5,3 5,N/A,10,N/A,2 10,13,N/A,2 13,3 13,2 5 10,5 13
2 3 5 10 12,0.0261299,20.9855,Yes,N/A,2,3,N/A,5,N/A,2 5,3 5,N/A,10,N/A,12,3 10,2 12,3 12,N/A,5 12,3 5 10
2 3 5 10 12 13,0.0121682,31.0523,Yes,N/A,2,3,N/A,5,N/A,2 5,3 5,N/A,10,N/A,12,13,2 12,2 13,3 13,5 12,5 13
2 3 5 10 11,0.0380783,17.035,Yes,N/A,2,3,N/A,5,N/A,2 5,3 5,N/A,10,11,2 10,2 11,3 11,5 10,5 11,2 5 10,2 5 11
2 3 5 10 11 13,0.0165826,27.2236,Yes,N/A,2,3,N/A,5,N/A,2 5,3 5,N/A,10,11,2 10,13,3 11,2 13,3 13,2 5 10,5 13
2 3 5 10 11 12,0.0220767,25.0992,Yes,N/A,2,3,N/A,5,N/A,2 5,3 5,N/A,10,11,12,2 11,2 12,3 12,5 11,5 12,2 5 11
2 3 5 10 11 12 13,0.0108968,35.0458,Yes,N/A,2,3,N/A,5,N/A,2 5,3 5,N/A,10,11,12,13,2 12,2 13,3 13,5 12,5 13
1 2 3 5 8,0.0949804,6.11204,Yes,N/A,2,3,1 3,5,1 5,2 5,8,1 8,2 8,3 8,1 3 8,5 8,1 5 8,2 5 8,3 5 8,1 3 5 8,2 3 5 8
2 3 5 8,0.0526352,10.6939,Yes,N/A,2,3,N/A,5,N/A,2 5,8,N/A,2 8,3 8,N/A,5 8,N/A,2 5 8,3 5 8,N/A,2 3 5 8
1 2 3 5 8 13,0.0496714,13.8053,Yes,N/A,2,3,1 3,5,1 5,2 5,8,1 8,2 8,3 8,1 3 8,13,1 13,2 13,3 13,1 3 13,5 13
1 2 3 5 8 12,0.0633653,11.5048,Yes,N/A,2,3,1 3,5,1 5,2 5,8,1 8,2 8,3 8,12,5 8,2 12,3 12,3 5 8,5 12,2 3 5 8
1 2 3 5 8 12 13,0.0329907,19.7264,Yes,N/A,2,3,1 3,5,1 5,2 5,8,1 8,2 8,3 8,12,13,2 12,2 13,3 13,5 12,5 13
2 3 5 8 13,0.0208219,21.5474,Yes,N/A,2,3,N/A,5,N/A,2 5,8,N/A,2 8,3 8,N/A,13,N/A,2 13,3 13,N/A,5 13
1 2 3 5 8 11,0.0733136,10.1277,Yes,N/A,2,3,1 3,5,1 5,2 5,8,1 8,2 8,11,1 11,2 11,3 11,2 5 8,5 11,1 5 11,2 5 11
1 2 3 5 8 11 13,0.0376789,18.3645,Yes,N/A,2,3,1 3,5,1 5,2 5,8,1 8,2 8,11,1 11,13,3 11,2 13,3 13,1 3 13,5 13
1 2 3 5 8 11 12,0.0489582,15.8563,Yes,N/A,2,3,1 3,5,1 5,2 5,8,1 8,2 8,11,12,2 11,2 12,3 12,5 11,5 12,2 5 11
1 2 3 5 8 11 12 13,0.026332,24.313,Yes,N/A,2,3,1 3,5,1 5,2 5,8,1 8,2 8,11,12,13,2 12,2 13,3 13,5 12,5 13
1 2 3 5 8 10,0.081256,8.89763,Yes,N/A,2,3,1 3,5,1 5,2 5,8,1 8,10,3 8,2 10,3 10,1 3 10,5 10,3 5 8,2 5 10,8 10
2 3 5 8 10,0.0442282,15.6915,Yes,N/A,2,3,N/A,5,N/A,2 5,8,N/A,10,3 8,2 10,3 10,N/A,5 10,3 5 8,2 5 10,8 10
1 2 3 5 8 10 13,0.0434452,16.8304,Yes,N/A,2,3,1 3,5,1 5,2 5,8,1 8,10,3 8,2 10,13,1 13,2 13,3 13,2 5 10,5 13
1 2 3 5 8 10 12,0.055134,14.5715,Yes,N/A,2,3,1 3,5,1 5,2 5,8,1 8,10,3 8,12,3 10,2 12,3 12,3 5 8,5 12,8 10
1 2 3 5 8 10 12 13,0.0303054,22.6804,Yes,N/A,2,3,1 3,5,1 5,2 5,8,1 8,10,3 8,12,13,2 12,2 13,3 13,5 12,5 13
1 2 3 5 8 10 11,0.0634298,13.1547,Yes,N/A,2,3,1 3,5,1 5,2 5,8,1 8,10,11,2 10,2 11,3 11,5 10,5 11,2 5 10,2 5 11
1 2 3 5 8 10 11 13,0.0339325,21.2856,Yes,N/A,2,3,1 3,5,1 5,2 5,8,1 8,10,11,2 10,13,3 11,2 13,3 13,2 5 10,5 13
1 2 3 5 8 10 11 12,0.0434086,18.8754,Yes,N/A,2,3,1 3,5,1 5,2 5,8,1 8,10,11,12,2 11,2 12,3 12,5 11,5 12,2 5 11
1 2 3 5 8 10 11 12 13,0.0252178,26.7713,Yes,N/A,2,3,1 3,5,1 5,2 5,8,1 8,10,11,12,13,2 12,2 13,3 13,5 12,5 13
1 2 3 5 8 9,0.0895732,7.71213,Yes,N/A,2,3,1 3,5,1 5,2 5,8,9,2 8,2 9,3 9,5 8,5 9,2 5 8,2 5 9,8 9,2 3 5 8
1 2 3 5 8 9 13,0.0480699,15.3517,Yes,N/A,2,3,1 3,5,1 5,2 5,8,9,2 8,2 9,3 9,13,5 9,2 13,3 13,8 9,5 13
1 2 3 5 8 9 12,0.060131,13.6704,Yes,N/A,2,3,1 3,5,1 5,2 5,8,9,2 8,2 9,12,5 8,2 12,3 12,2 5 9,5 12,2 3 5 8
1 2 3 5 8 9 12 13,0.033046,21.4669,Yes,N/A,2,3,1 3,5,1 5,2 5,8,9,2 8,2 9,12,13,2 12,2 13,3 13,5 12,5 13
1 2 3 5 8 9 11,0.0722168,11.8128,Yes,N/A,2,3,1 3,5,1 5,2 5,8,9,2 8,11,3 9,2 11,3 11,2 5 8,5 11,8 9,2 5 11
1 2 3 5 8 9 11 13,0.0392003,19.1889,Yes,N/A,2,3,1 3,5,1 5,2 5,8,9,2 8,11,3 9,13,3 11,2 13,3 13,8 9,5 13
1 2 3 5 8 9 11 12,0.048073,17.5698,Yes,N/A,2,3,1 3,5,1 5,2 5,8,9,2 8,11,12,2 11,2 12,3 12,5 11,5 12,2 5 11
1 2 3 5 8 9 11 12 13,0.0279159,25.0636,Yes,N/A,2,3,1 3,5,1 5,2 5,8,9,2 8,11,12,13,2 12,2 13,3 13,5 12,5 13
1 2 3 5 8 9 10,0.079788,10.8429,Yes,N/A,2,3,1 3,5,1 5,2 5,8,9,10,2 9,2 10,3 10,5 9,5 10,2 5 9,2 5 10,8 10
1 2 3 5 8 9 10 13,0.0431414,18.4226,Yes,N/A,2,3,1 3,5,1 5,2 5,8,9,10,2 9,2 10,13,5 9,2 13,3 13,2 5 10,5 13
1 2 3 5 8 9 10 12,0.0534057,16.3458,Yes,N/A,2,3,1 3,5,1 5,2 5,8,9,10,2 9,12,3 10,2 12,3 12,2 5 9,5 12,8 10
1 2 3 5 8 9 10 12 13,0.0312219,23.6654,Yes,N/A,2,3,1 3,5,1 5,2 5,8,9,10,2 9,12,13,2 12,2 13,3 13,5 12,5 13
1 2 3 5 8 9 10 11,0.0603979,15.1733,Yes,N/A,2,3,1 3,5,1 5,2 5,8,9,10,11,2 10,2 11,3 11,5 10,5 11,2 5 10,2 5 11
1 2 3 5 8 9 10 11 13,0.0347131,22.3386,Yes,N/A,2,3,1 3,5,1 5,2 5,8,9,10,11,2 10,13,3 11,2 13,3 13,2 5 10,5 13
1 2 3 5 8 9 10 11 12,0.0426886,20.3671,Yes,N/A,2,3,1 3,5,1 5,2 5,8,9,10,11,12,2 11,2 12,3 12,5 11,5 12,2 5 11
1 2 3 5 8 9 10 11 12 13,0.0269882,27.1575,Yes,N/A,2,3,1 3,5,1 5,2 5,8,9,10,11,12,13,2 12,2 13,3 13,5 12,5 13
1 2 3 5 7,0.0899542,5.60137,Yes,N/A,2,3,1 3,5,1 5,7,3 5,2 7,3 7,1 3 7,5 7,1 5 7,2 5 7,3 5 7,1 3 5 7,2 3 5 7,1 2 3 5 7
1 2 3 5 7 13,0.0469213,13.46,Yes,N/A,2,3,1 3,5,1 5,7,3 5,2 7,3 7,1 3 7,5 7,13,2 5 7,2 13,3 13,2 3 5 7,5 13
2 3 5 7,0.0611452,9.32111,Yes,N/A,2,3,N/A,5,N/A,7,3 5,2 7,3 7,N/A,5 7,N/A,2 5 7,3 5 7,N/A,2 3 5 7,N/A
1 2 3 5 7 12,0.0653803,11.0057,Yes,N/A,2,3,1 3,5,1 5,7,3 5,2 7,3 7,1 3 7,12,1 12,2 12,3 12,1 3 12,5 12,1 5 12
1 2 3 5 7 12 13,0.0328327,19.4253,Yes,N/A,2,3,1 3,5,1 5,7,3 5,2 7,3 7,1 3 7,12,13,2 12,2 13,3 13,5 12,5 13
1 2 3 5 7 11,0.0797491,8.90575,Yes,N/A,2,3,1 3,5,1 5,7,3 5,2 7,3 7,11,5 7,2 11,3 11,3 5 7,5 11,2 3 5 7,7 11
1 2 3 5 7 11 13,0.040916,17.0517,Yes,N/A,2,3,1 3,5,1 5,7,3 5,2 7,3 7,11,5 7,13,3 11,2 13,3 13,2 3 5 7,5 13
1 2 3 5 7 11 12,0.0537404,14.7274,Yes,N/A,2,3,1 3,5,1 5,7,3 5,2 7,3 7,11,12,2 11,2 12,3 12,5 11,5 12,7 11
1 2 3 5 7 11 12 13,0.0286876,23.0421,Yes,N/A,2,3,1 3,5,1 5,7,3 5,2 7,3 7,11,12,13,2 12,2 13,3 13,5 12,5 13
2 3 5 7 13,0.0275925,17.8783,Yes,N/A,2,3,N/A,5,N/A,7,3 5,2 7,3 7,N/A,5 7,13,2 5 7,2 13,3 13,2 3 5 7,5 13
2 3 5 7 12,0.0310169,18.5109,Yes,N/A,2,3,N/A,5,N/A,7,3 5,2 7,3 7,N/A,12,N/A,2 12,3 12,N/A,5 12,N/A
2 3 5 7 12 13,0.0156451,26.1959,Yes,N/A,2,3,N/A,5,N/A,7,3 5,2 7,3 7,N/A,12,13,2 12,2 13,3 13,5 12,5 13
1 2 3 5 7 10,0.0877785,8.07758,Yes,N/A,2,3,1 3,5,1 5,7,3 5,2 7,10,1 10,2 10,3 10,2 5 7,5 10,1 5 10,7 10,3 5 10
1 2 3 5 7 10 13,0.0459871,15.7397,Yes,N/A,2,3,1 3,5,1 5,7,3 5,2 7,10,1 10,2 10,13,2 5 7,2 13,3 13,7 10,5 13
1 2 3 5 7 10 12,0.0570788,14.1368,Yes,N/A,2,3,1 3,5,1 5,7,3 5,2 7,10,1 10,12,3 10,2 12,3 12,1 3 12,5 12,3 5 10
1 2 3 5 7 10 12 13,0.0313965,21.5318,Yes,N/A,2,3,1 3,5,1 5,7,3 5,2 7,10,1 10,12,13,2 12,2 13,3 13,5 12,5 13
1 2 3 5 7 10 11,0.0721611,11.6176,Yes,N/A,2,3,1 3,5,1 5,7,3 5,2 7,10,11,2 10,2 11,3 11,5 10,5 11,7 10,7 11
1 2 3 5 7 10 11 13,0.0387723,19.2296,Yes,N/A,2,3,1 3,5,1 5,7,3 5,2 7,10,11,2 10,13,3 11,2 13,3 13,7 10,5 13
1 2 3 5 7 10 11 12,0.0466973,17.6671,Yes,N/A,2,3,1 3,5,1 5,7,3 5,2 7,10,11,12,2 11,2 12,3 12,5 11,5 12,7 11
1 2 3 5 7 10 11 12 13,0.0273011,25.0943,Yes,N/A,2,3,1 3,5,1 5,7,3 5,2 7,10,11,12,13,2 12,2 13,3 13,5 12,5 13
1 2 3 5 7 9,0.0946813,7.39317,Yes,N/A,2,3,1 3,5,1 5,7,3 5,9,3 7,2 9,3 9,1 3 9,5 9,3 5 7,7 9,3 5 9,2 7 9
1 2 3 5 7 9 13,0.0522736,13.9918,Yes,N/A,2,3,1 3,5,1 5,7,3 5,9,3 7,2 9,3 9,13,5 9,2 13,3 13,3 5 9,5 13
2 3 5 7 9,0.0617884,12.7116,Yes,N/A,2,3,N/A,5,N/A,7,3 5,9,3 7,2 9,3 9,N/A,5 9,3 5 7,7 9,3 5 9,2 7 9
1 2 3 5 7 9 12,0.0658944,12.3905,Yes,N/A,2,3,1 3,5,1 5,7,3 5,9,3 7,2 9,12,1 12,2 12,3 12,7 9,5 12,2 7 9
1 2 3 5 7 9 12 13,0.0357825,19.7523,Yes,N/A,2,3,1 3,5,1 5,7,3 5,9,3 7,2 9,12,13,2 12,2 13,3 13,5 12,5 13
1 2 3 5 7 9 11,0.076896,11.0742,Yes,N/A,2,3,1 3,5,1 5,7,3 5,9,3 7,11,3 9,2 11,3 11,3 5 7,5 11,3 5 9,7 11
1 2 3 5 7 9 11 13,0.0421056,18.2553,Yes,N/A,2,3,1 3,5,1 5,7,3 5,9,3 7,11,3 9,13,3 11,2 13,3 13,3 5 9,5 13
1 2 3 5 7 9 11 12,0.0522375,16.3193,Yes,N/A,2,3,1 3,5,1 5,7,3 5,9,3 7,11,12,2 11,2 12,3 12,5 11,5 12,7 11
1 2 3 5 7 9 11 12 13,0.0303264,23.5422,Yes,N/A,2,3,1 3,5,1 5,7,3 5,9,3 7,11,12,13,2 12,2 13,3 13,5 12,5 13
1 2 3 5 7 9 10,0.0854944,9.9429,Yes,N/A,2,3,1 3,5,1 5,7,3 5,9,10,2 9,2 10,3 10,5 9,5 10,7 9,7 10,3 5 10
1 2 3 5 7 9 10 13,0.0468934,16.9212,Yes,N/A,2,3,1 3,5,1 5,7,3 5,9,10,2 9,2 10,13,5 9,2 13,3 13,7 10,5 13
1 2 3 5 7 9 10 12,0.0551835,15.5045,Yes,N/A,2,3,1 3,5,1 5,7,3 5,9,10,2 9,12,3 10,2 12,3 12,7 9,5 12,3 5 10
1 2 3 5 7 9 10 12 13,0.0325073,22.3794,Yes,N/A,2,3,1 3,5,1 5,7,3 5,9,10,2 9,12,13,2 12,2 13,3 13,5 12,5 13
1 2 3 5 7 9 10 11,0.06532,13.8708,Yes,N/A,2,3,1 3,5,1 5,7,3 5,9,10,11,2 10,2 11,3 11,5 10,5 11,7 10,7 11
1 2 3 5 7 9 10 11 13,0.0384707,20.4952,Yes,N/A,2,3,1 3,5,1 5,7,3 5,9,10,11,2 10,13,3 11,2 13,3 13,7 10,5 13
1 2 3 5 7 9 10 11 12,0.0452312,19.0499,Yes,N/A,2,3,1 3,5,1 5,7,3 5,9,10,11,12,2 11,2 12,3 12,5 11,5 12,7 11
1 2 3 5 7 9 10 11 12 13,0.0287475,25.5636,Yes,N/A,2,3,1 3,5,1 5,7,3 5,9,10,11,12,13,2 12,2 13,3 13,5 12,5 13
1 2 3 5 7 8,0.10254,6.44602,Yes,N/A,2,3,1 3,5,1 5,7,8,2 7,2 8,3 8,5 7,5 8,2 5 7,7 8,3 5 8,2 7 8,3 7 8
1 2 3 5 7 8 13,0.05317,14.0162,Yes,N/A,2,3,1 3,5,1 5,7,8,2 7,2 8,3 8,5 7,13,2 5 7,2 13,3 13,2 7 8,5 13
1 2 3 5 7 8 12,0.0677727,12.0386,Yes,N/A,2,3,1 3,5,1 5,7,8,2 7,2 8,3 8,12,5 8,2 12,3 12,3 5 8,5 12,3 7 8
1 2 3 5 7 8 12 13,0.0355002,19.8537,Yes,N/A,2,3,1 3,5,1 5,7,8,2 7,2 8,3 8,12,13,2 12,2 13,3 13,5 12,5 13
1 2 3 5 7 8 11,0.0814015,10.224,Yes,N/A,2,3,1 3,5,1 5,7,8,2 7,2 8,11,5 7,2 11,3 11,7 8,5 11,2 7 8,7 11
1 2 3 5 7 8 11 13,0.0424015,18.0687,Yes,N/A,2,3,1 3,5,1 5,7,8,2 7,2 8,11,5 7,13,3 11,2 13,3 13,2 7 8,5 13
1 2 3 5 7 8 11 12,0.053062,15.9311,Yes,N/A,2,3,1 3,5,1 5,7,8,2 7,2 8,11,12,2 11,2 12,3 12,5 11,5 12,7 11
1 2 3 5 7 8 11 12 13,0.0297022,23.5646,Yes,N/A,2,3,1 3,5,1 5,7,8,2 7,2 8,11,12,13,2 12,2 13,3 13,5 12,5 13
1 2 3 5 7 8 10,0.0900542,9.45625,Yes,N/A,2,3,1 3,5,1 5,7,8,2 7,10,3 8,2 10,3 10,2 5 7,5 10,3 5 8,7 10,8 10
1 2 3 5 7 8 10 13,0.0475868,16.8716,Yes,N/A,2,3,1 3,5,1 5,7,8,2 7,10,3 8,2 10,13,2 5 7,2 13,3 13,7 10,5 13
1 2 3 5 7 8 10 12,0.0579461,14.8821,Yes,N/A,2,3,1 3,5,1 5,7,8,2 7,10,3 8,12,3 10,2 12,3 12,3 5 8,5 12,8 10
1 2 3 5 7 8 10 12 13,0.0333948,21.9086,Yes,N/A,2,3,1 3,5,1 5,7,8,2 7,10,3 8,12,13,2 12,2 13,3 13,5 12,5 13
1 2 3 5 7 8 10 11,0.0684865,12.9907,Yes,N/A,2,3,1 3,5,1 5,7,8,2 7,10,11,2 10,2 11,3 11,5 10,5 11,7 10,7 11
1 2 3 5 7 8 10 11 13,0.0385266,20.252,Yes,N/A,2,3,1 3,5,1 5,7,8,2 7,10,11,2 10,13,3 11,2 13,3 13,7 10,5 13
1 2 3 5 7 8 10 11 12,0.0466451,18.2518,Yes,N/A,2,3,1 3,5,1 5,7,8,2 7,10,11,12,2 11,2 12,3 12,5 11,5 12,7 11
1 2 3 5 7 8 10 11 12 13,0.0288889,24.9722,Yes,N/A,2,3,1 3,5,1 5,7,8,2 7,10,11,12,13,2 12,2 13,3 13,5 12,5 13
1 2 3 5 7 8 9,0.0986223,8.12427,Yes,N/A,2,3,1 3,5,1 5,7,8,9,2 8,2 9,3 9,5 8,5 9,7 8,7 9,8 9,2 7 9
1 2 3 5 7 8 9 13,0.0535564,15.2018,Yes,N/A,2,3,1 3,5,1 5,7,8,9,2 8,2 9,3 9,13,5 9,2 13,3 13,8 9,5 13
1 2 3 5 7 8 9 12,0.0645191,13.4515,Yes,N/A,2,3,1 3,5,1 5,7,8,9,2 8,2 9,12,5 8,2 12,3 12,7 9,5 12,2 7 9
1 2 3 5 7 8 9 12 13,0.0365282,20.5498,Yes,N/A,2,3,1 3,5,1 5,7,8,9,2 8,2 9,12,13,2 12,2 13,3 13,5 12,5 13
1 2 3 5 7 8 9 11,0.0745206,11.8386,Yes,N/A,2,3,1 3,5,1 5,7,8,9,2 8,11,3 9,2 11,3 11,7 8,5 11,8 9,7 11
1 2 3 5 7 8 9 11 13,0.0428889,18.6883,Yes,N/A,2,3,1 3,5,1 5,7,8,9,2 8,11,3 9,13,3 11,2 13,3 13,8 9,5 13
1 2 3 5 7 8 9 11 12,0.0515169,16.7914,Yes,N/A,2,3,1 3,5,1 5,7,8,9,2 8,11,12,2 11,2 12,3 12,5 11,5 12,7 11
1 2 3 5 7 8 9 11 12 13,0.031705,23.2969,Yes,N/A,2,3,1 3,5,1 5,7,8,9,2 8,11,12,13,2 12,2 13,3 13,5 12,5 13
1 2 3 5 7 8 9 10,0.0802246,10.9592,Yes,N/A,2,3,1 3,5,1 5,7,8,9,10,2 9,2 10,3 10,5 9,5 10,7 9,7 10,8 10
1 2 3 5 7 8 9 10 13,0.0469042,17.6113,Yes,N/A,2,3,1 3,5,1 5,7,8,9,10,2 9,2 10,13,5 9,2 13,3 13,7 10,5 13
1 2 3 5 7 8 9 10 12,0.0544463,16.0358,Yes,N/A,2,3,1 3,5,1 5,7,8,9,10,2 9,12,3 10,2 12,3 12,7 9,5 12,8 10
1 2 3 5 7 8 9 10 12 13,0.0340533,22.3415,Yes,N/A,2,3,1 3,5,1 5,7,8,9,10,2 9,12,13,2 12,2 13,3 13,5 12,5 13
1 2 3 5 7 8 9 10 11,0.0631694,14.3277,Yes,N/A,2,3,1 3,5,1 5,7,8,9,10,11,2 10,2 11,3 11,5 10,5 11,7 10,7 11
1 2 3 5 7 8 9 10 11 13,0.0391483,20.5614,Yes,N/A,2,3,1 3,5,1 5,7,8,9,10,11,2 10,13,3 11,2 13,3 13,7 10,5 13
1 2 3 5 7 8 9 10 11 12,0.0460734,18.8066,Yes,N/A,2,3,1 3,5,1 5,7,8,9,10,11,12,2 11,2 12,3 12,5 11,5 12,7 11
1 2 3 5 7 8 9 10 11 12 13,0.0310392,24.4616,Yes,N/A,2,3,1 3,5,1 5,7,8,9,10,11,12,13,2 12,2 13,3 13,5 12,5 13
1 2 3 5 6,0.0883372,5.20806,Yes,N/A,2,3,1 3,5,6,2 5,2 6,3 6,2 3 5,5 6,1 5 6,2 5 6,3 5 6,1 3 5 6,2 3 5 6,1 2 3 5 6,N/A
1 2 3 5 6 13,0.0444757,13.2813,Yes,N/A,2,3,1 3,5,6,2 5,2 6,3 6,2 3 5,5 6,1 5 6,13,3 5 6,2 13,3 13,1 3 13,5 13
1 2 3 5 6 12,0.0621235,11.0164,Yes,N/A,2,3,1 3,5,6,2 5,2 6,3 6,2 3 5,5 6,12,2 5 6,2 12,3 12,2 3 5 6,5 12,6 12
1 2 3 5 6 12 13,0.0320273,19.3893,Yes,N/A,2,3,1 3,5,6,2 5,2 6,3 6,2 3 5,5 6,12,13,2 12,2 13,3 13,5 12,5 13
2 3 5 6,0.0729953,7.402,Yes,N/A,2,3,N/A,5,6,2 5,2 6,3 6,2 3 5,5 6,N/A,2 5 6,3 5 6,N/A,2 3 5 6,N/A,N/A
2 3 5 6 13,0.0290003,16.9372,Yes,N/A,2,3,N/A,5,6,2 5,2 6,3 6,2 3 5,5 6,N/A,13,3 5 6,2 13,3 13,N/A,5 13
1 2 3 5 6 11,0.0800743,8.94304,Yes,N/A,2,3,1 3,5,6,2 5,2 6,3 6,2 3 5,11,1 11,2 11,3 11,1 3 11,5 11,6 11,2 5 11
1 2 3 5 6 11 13,0.0393677,17.0334,Yes,N/A,2,3,1 3,5,6,2 5,2 6,3 6,2 3 5,11,1 11,13,3 11,2 13,3 13,6 11,5 13
1 2 3 5 6 11 12,0.0511931,15.2456,Yes,N/A,2,3,1 3,5,6,2 5,2 6,3 6,2 3 5,11,12,2 11,2 12,3 12,5 11,5 12,6 12
1 2 3 5 6 11 12 13,0.0264108,23.8042,Yes,N/A,2,3,1 3,5,6,2 5,2 6,3 6,2 3 5,11,12,13,2 12,2 13,3 13,5 12,5 13
1 2 3 5 6 10,0.0917226,7.41483,Yes,N/A,2,3,1 3,5,6,2 5,2 6,3 6,10,5 6,2 10,3 10,3 5 6,5 10,6 10,2 5 10,2 6 10
1 2 3 5 6 10 13,0.0477107,15.2626,Yes,N/A,2,3,1 3,5,6,2 5,2 6,3 6,10,5 6,2 10,13,3 5 6,2 13,3 13,2 5 10,5 13
1 2 3 5 6 10 12,0.0615426,13.0621,Yes,N/A,2,3,1 3,5,6,2 5,2 6,3 6,10,5 6,12,3 10,2 12,3 12,6 10,5 12,6 12
1 2 3 5 6 10 12 13,0.03306,21.0528,Yes,N/A,2,3,1 3,5,6,2 5,2 6,3 6,10,5 6,12,13,2 12,2 13,3 13,5 12,5 13
1 2 3 5 6 10 11,0.0738661,11.3162,Yes,N/A,2,3,1 3,5,6,2 5,2 6,3 6,10,11,2 10,2 11,3 11,5 10,5 11,6 11,2 5 11
1 2 3 5 6 10 11 13,0.0388347,19.0218,Yes,N/A,2,3,1 3,5,6,2 5,2 6,3 6,10,11,2 10,13,3 11,2 13,3 13,6 11,5 13
1 2 3 5 6 10 11 12,0.0485373,17.1545,Yes,N/A,2,3,1 3,5,6,2 5,2 6,3 6,10,11,12,2 11,2 12,3 12,5 11,5 12,6 12
1 2 3 5 6 10 11 12 13,0.027483,24.9264,Yes,N/A,2,3,1 3,5,6,2 5,2 6,3 6,10,11,12,13,2 12,2 13,3 13,5 12,5 13
1 2 3 5 6 9,0.0986862,7.50318,Yes,N/A,2,3,1 3,5,6,2 5,2 6,9,2 3 5,2 9,3 9,2 5 6,5 9,6 9,2 5 9,2 6 9,3 6 9
1 2 3 5 6 9 13,0.0514879,14.6874,Yes,N/A,2,3,1 3,5,6,2 5,2 6,9,2 3 5,2 9,3 9,13,5 9,2 13,3 13,2 6 9,5 13
1 2 3 5 6 9 12,0.0623926,13.4968,Yes,N/A,2,3,1 3,5,6,2 5,2 6,9,2 3 5,2 9,12,2 5 6,2 12,3 12,2 5 9,5 12,6 12
1 2 3 5 6 9 12 13,0.0341046,20.8288,Yes,N/A,2,3,1 3,5,6,2 5,2 6,9,2 3 5,2 9,12,13,2 12,2 13,3 13,5 12,5 13
1 2 3 5 6 9 11,0.0762198,11.366,Yes,N/A,2,3,1 3,5,6,2 5,2 6,9,2 3 5,11,3 9,2 11,3 11,6 9,5 11,6 11,2 5 11
1 2 3 5 6 9 11 13,0.0392154,18.9091,Yes,N/A,2,3,1 3,5,6,2 5,2 6,9,2 3 5,11,3 9,13,3 11,2 13,3 13,6 11,5 13
1 2 3 5 6 9 11 12,0.0488781,17.0607,Yes,N/A,2,3,1 3,5,6,2 5,2 6,9,2 3 5,11,12,2 11,2 12,3 12,5 11,5 12,6 12
1 2 3 5 6 9 11 12 13,0.0275375,24.552,Yes,N/A,2,3,1 3,5,6,2 5,2 6,9,2 3 5,11,12,13,2 12,2 13,3 13,5 12,5 13
1 2 3 5 6 9 10,0.0902528,9.24786,Yes,N/A,2,3,1 3,5,6,2 5,2 6,9,10,2 9,2 10,3 10,5 9,5 10,6 10,2 5 10,2 6 10
1 2 3 5 6 9 10 13,0.0480427,16.6481,Yes,N/A,2,3,1 3,5,6,2 5,2 6,9,10,2 9,2 10,13,5 9,2 13,3 13,2 5 10,5 13
1 2 3 5 6 9 10 12,0.0588253,14.814,Yes,N/A,2,3,1 3,5,6,2 5,2 6,9,10,2 9,12,3 10,2 12,3 12,6 10,5 12,6 12
1 2 3 5 6 9 10 12 13,0.0336806,22.049,Yes,N/A,2,3,1 3,5,6,2 5,2 6,9,10,2 9,12,13,2 12,2 13,3 13,5 12,5 13
1 2 3 5 6 9 10 11,0.0663533,13.4034,Yes,N/A,2,3,1 3,5,6,2 5,2 6,9,10,11,2 10,2 11,3 11,5 10,5 11,6 11,2 5 11
1 2 3 5 6 9 10 11 13,0.0378612,20.4185,Yes,N/A,2,3,1 3,5,6,2 5,2 6,9,10,11,2 10,13,3 11,2 13,3 13,6 11,5 13
1 2 3 5 6 9 10 11 12,0.0461657,18.5787,Yes,N/A,2,3,1 3,5,6,2 5,2 6,9,10,11,12,2 11,2 12,3 12,5 11,5 12,6 12
1 2 3 5 6 9 10 11 12 13,0.0284705,25.409,Yes,N/A,2,3,1 3,5,6,2 5,2 6,9,10,11,12,13,2 12,2 13,3 13,5 12,5 13
1 2 3 5 6 8,0.108246,6.49084,Yes,N/A,2,3,1 3,5,6,2 5,8,3 6,2 8,3 8,1 3 8,5 8,6 8,2 5 8,2 6 8,3 6 8,2 3 5 8
1 2 3 5 6 8 13,0.0536361,13.9724,Yes,N/A,2,3,1 3,5,6,2 5,8,3 6,2 8,3 8,1 3 8,13,6 8,2 13,3 13,3 6 8,5 13
1 2 3 5 6 8 12,0.0736403,11.1,Yes,N/A,2,3,1 3,5,6,2 5,8,3 6,2 8,3 8,12,5 8,2 12,3 12,2 6 8,5 12,6 12
1 2 3 5 6 8 12 13,0.0376743,18.9936,Yes,N/A,2,3,1 3,5,6,2 5,8,3 6,2 8,3 8,12,13,2 12,2 13,3 13,5 12,5 13
2 3 5 6 8,0.0777602,10.7896,Yes,N/A,2,3,N/A,5,6,2 5,8,3 6,2 8,3 8,N/A,5 8,6 8,2 5 8,2 6 8,3 6 8,2 3 5 8
2 3 5 6 8 13,0.0297745,20.4889,Yes,N/A,2,3,N/A,5,6,2 5,8,3 6,2 8,3 8,N/A,13,6 8,2 13,3 13,3 6 8,5 13
1 2 3 5 6 8 11,0.0827408,10.1512,Yes,N/A,2,3,1 3,5,6,2 5,8,3 6,2 8,11,1 11,2 11,3 11,2 5 8,5 11,6 11,2 5 11
1 2 3 5 6 8 11 13,0.0430227,17.3759,Yes,N/A,2,3,1 3,5,6,2 5,8,3 6,2 8,11,1 11,13,3 11,2 13,3 13,6 11,5 13
1 2 3 5 6 8 11 12,0.0551361,15.1576,Yes,N/A,2,3,1 3,5,6,2 5,8,3 6,2 8,11,12,2 11,2 12,3 12,5 11,5 12,6 12
1 2 3 5 6 8 11 12 13,0.0304507,22.6844,Yes,N/A,2,3,1 3,5,6,2 5,8,3 6,2 8,11,12,13,2 12,2 13,3 13,5 12,5 13
1 2 3 5 6 8 10,0.0957793,8.4613,Yes,N/A,2,3,1 3,5,6,2 5,8,3 6,10,3 8,2 10,3 10,6 8,5 10,6 10,2 5 10,8 10
1 2 3 5 6 8 10 13,0.0501159,15.8789,Yes,N/A,2,3,1 3,5,6,2 5,8,3 6,10,3 8,2 10,13,6 8,2 13,3 13,2 5 10,5 13
1 2 3 5 6 8 10 12,0.0641129,13.5231,Yes,N/A,2,3,1 3,5,6,2 5,8,3 6,10,3 8,12,3 10,2 12,3 12,6 10,5 12,6 12
1 2 3 5 6 8 10 12 13,0.0359899,20.8035,Yes,N/A,2,3,1 3,5,6,2 5,8,3 6,10,3 8,12,13,2 12,2 13,3 13,5 12,5 13
1 2 3 5 6 8 10 11,0.0716581,12.2643,Yes,N/A,2,3,1 3,5,6,2 5,8,3 6,10,11,2 10,2 11,3 11,5 10,5 11,6 11,2 5 11
1 2 3 5 6 8 10 11 13,0.0399282,19.4357,Yes,N/A,2,3,1 3,5,6,2 5,8,3 6,10,11,2 10,13,3 11,2 13,3 13,6 11,5 13
1 2 3 5 6 8 10 11 12,0.0502822,17.063,Yes,N/A,2,3,1 3,5,6,2 5,8,3 6,10,11,12,2 11,2 12,3 12,5 11,5 12,6 12
1 2 3 5 6 8 10 11 12 13,0.0304838,23.891,Yes,N/A,2,3,1 3,5,6,2 5,8,3 6,10,11,12,13,2 12,2 13,3 13,5 12,5 13
1 2 3 5 6 8 9,0.100089,7.90049,Yes,N/A,2,3,1 3,5,6,2 5,8,9,2 8,2 9,3 9,5 8,5 9,6 9,2 5 9,8 9,3 6 9
1 2 3 5 6 8 9 13,0.0533336,15.0283,Yes,N/A,2,3,1 3,5,6,2 5,8,9,2 8,2 9,3 9,13,5 9,2 13,3 13,8 9,5 13
1 2 3 5 6 8 9 12,0.0658543,13.0538,Yes,N/A,2,3,1 3,5,6,2 5,8,9,2 8,2 9,12,5 8,2 12,3 12,2 5 9,5 12,6 12
1 2 3 5 6 8 9 12 13,0.0372145,20.1379,Yes,N/A,2,3,1 3,5,6,2 5,8,9,2 8,2 9,12,13,2 12,2 13,3 13,5 12,5 13
1 2 3 5 6 8 9 11,0.0728217,11.847,Yes,N/A,2,3,1 3,5,6,2 5,8,9,2 8,11,3 9,2 11,3 11,6 9,5 11,6 11,2 5 11
1 2 3 5 6 8 9 11 13,0.0414501,18.7117,Yes,N/A,2,3,1 3,5,6,2 5,8,9,2 8,11,3 9,13,3 11,2 13,3 13,6 11,5 13
1 2 3 5 6 8 9 11 12,0.0508926,16.6312,Yes,N/A,2,3,1 3,5,6,2 5,8,9,2 8,11,12,2 11,2 12,3 12,5 11,5 12,6 12
1 2 3 5 6 8 9 11 12 13,0.0310296,23.214,Yes,N/A,2,3,1 3,5,6,2 5,8,9,2 8,11,12,13,2 12,2 13,3 13,5 12,5 13
1 2 3 5 6 8 9 10,0.0824645,10.358,Yes,N/A,2,3,1 3,5,6,2 5,8,9,10,2 9,2 10,3 10,5 9,5 10,6 10,2 5 10,8 10
1 2 3 5 6 8 9 10 13,0.04727,17.1945,Yes,N/A,2,3,1 3,5,6,2 5,8,9,10,2 9,2 10,13,5 9,2 13,3 13,2 5 10,5 13
1 2 3 5 6 8 9 10 12,0.0584736,14.9859,Yes,N/A,2,3,1 3,5,6,2 5,8,9,10,2 9,12,3 10,2 12,3 12,6 10,5 12,6 12
1 2 3 5 6 8 9 10 12 13,0.0357411,21.4863,Yes,N/A,2,3,1 3,5,6,2 5,8,9,10,2 9,12,13,2 12,2 13,3 13,5 12,5 13
1 2 3 5 6 8 9 10 11,0.0645201,13.8227,Yes,N/A,2,3,1 3,5,6,2 5,8,9,10,11,2 10,2 11,3 11,5 10,5 11,6 11,2 5 11
1 2 3 5 6 8 9 10 11 13,0.0391883,20.2989,Yes,N/A,2,3,1 3,5,6,2 5,8,9,10,11,2 10,13,3 11,2 13,3 13,6 11,5 13
1 2 3 5 6 8 9 10 11 12,0.0480563,17.9866,Yes,N/A,2,3,1 3,5,6,2 5,8,9,10,11,12,2 11,2 12,3 12,5 11,5 12,6 12
1 2 3 5 6 8 9 10 11 12 13,0.0316668,23.859,Yes,N/A,2,3,1 3,5,6,2 5,8,9,10,11,12,13,2 12,2 13,3 13,5 12,5 13
1 2 3 5 6 7,0.117049,5.7973,Yes,N/A,2,3,1 3,5,6,7,2 6,2 7,3 7,5 6,5 7,6 7,2 5 7,2 6 7,3 6 7,2 3 5 7,5 6 7
1 2 3 5 6 7 13,0.0621417,12.4715,Yes,N/A,2,3,1 3,5,6,7,2 6,2 7,3 7,5 6,5 7,13,2 5 7,2 13,3 13,2 3 5 7,5 13
1 2 3 5 6 7 12,0.0778468,10.6247,Yes,N/A,2,3,1 3,5,6,7,2 6,2 7,3 7,5 6,12,6 7,2 12,3 12,3 6 7,5 12,6 12
1 2 3 5 6 7 12 13,0.0408927,18.2785,Yes,N/A,2,3,1 3,5,6,7,2 6,2 7,3 7,5 6,12,13,2 12,2 13,3 13,5 12,5 13
1 2 3 5 6 7 11,0.0876823,9.53846,Yes,N/A,2,3,1 3,5,6,7,2 6,2 7,3 7,11,5 7,2 11,3 11,2 6 7,5 11,6 11,7 11
1 2 3 5 6 7 11 13,0.0463576,16.7101,Yes,N/A,2,3,1 3,5,6,7,2 6,2 7,3 7,11,5 7,13,3 11,2 13,3 13,6 11,5 13
1 2 3 5 6 7 11 12,0.0559618,15.1041,Yes,N/A,2,3,1 3,5,6,7,2 6,2 7,3 7,11,12,2 11,2 12,3 12,5 11,5 12,6 12
1 2 3 5 6 7 11 12 13,0.0310119,22.7517,Yes,N/A,2,3,1 3,5,6,7,2 6,2 7,3 7,11,12,13,2 12,2 13,3 13,5 12,5 13
1 2 3 5 6 7 10,0.0979471,8.1443,Yes,N/A,2,3,1 3,5,6,7,2 6,2 7,10,5 6,2 10,3 10,2 5 7,5 10,6 10,7 10,2 6 10
1 2 3 5 6 7 10 13,0.0521224,15.5053,Yes,N/A,2,3,1 3,5,6,7,2 6,2 7,10,5 6,2 10,13,2 5 7,2 13,3 13,7 10,5 13
1 2 3 5 6 7 10 12,0.0644631,13.2779,Yes,N/A,2,3,1 3,5,6,7,2 6,2 7,10,5 6,12,3 10,2 12,3 12,6 10,5 12,6 12
1 2 3 5 6 7 10 12 13,0.0368599,20.3952,Yes,N/A,2,3,1 3,5,6,7,2 6,2 7,10,5 6,12,13,2 12,2 13,3 13,5 12,5 13
1 2 3 5 6 7 10 11,0.0736625,11.8142,Yes,N/A,2,3,1 3,5,6,7,2 6,2 7,10,11,2 10,2 11,3 11,5 10,5 11,6 11,7 11
1 2 3 5 6 7 10 11 13,0.0415202,18.8366,Yes,N/A,2,3,1 3,5,6,7,2 6,2 7,10,11,2 10,13,3 11,2 13,3 13,6 11,5 13
1 2 3 5 6 7 10 11 12,0.0495574,17.1238,Yes,N/A,2,3,1 3,5,6,7,2 6,2 7,10,11,12,2 11,2 12,3 12,5 11,5 12,6 12
1 2 3 5 6 7 10 11 12 13,0.0303157,23.8096,Yes,N/A,2,3,1 3,5,6,7,2 6,2 7,10,11,12,13,2 12,2 13,3 13,5 12,5 13
1 2 3 5 6 7 9,0.104284,7.35539,Yes,N/A,2,3,1 3,5,6,7,2 6,9,3 7,2 9,3 9,6 7,5 9,6 9,7 9,2 6 9,2 7 9
1 2 3 5 6 7 9 13,0.0567624,14.4019,Yes,N/A,2,3,1 3,5,6,7,2 6,9,3 7,2 9,3 9,13,5 9,2 13,3 13,2 6 9,5 13
1 2 3 5 6 7 9 12,0.0700224,12.3474,Yes,N/A,2,3,1 3,5,6,7,2 6,9,3 7,2 9,12,6 7,2 12,3 12,7 9,5 12,6 12
1 2 3 5 6 7 9 12 13,0.0394915,19.5622,Yes,N/A,2,3,1 3,5,6,7,2 6,9,3 7,2 9,12,13,2 12,2 13,3 13,5 12,5 13
1 2 3 5 6 7 9 11,0.0778948,11.0002,Yes,N/A,2,3,1 3,5,6,7,2 6,9,3 7,11,3 9,2 11,3 11,6 9,5 11,6 11,7 11
1 2 3 5 6 7 9 11 13,0.0441591,18.0074,Yes,N/A,2,3,1 3,5,6,7,2 6,9,3 7,11,3 9,13,3 11,2 13,3 13,6 11,5 13
1 2 3 5 6 7 9 11 12,0.0548063,15.7214,Yes,N/A,2,3,1 3,5,6,7,2 6,9,3 7,11,12,2 11,2 12,3 12,5 11,5 12,6 12
1 2 3 5 6 7 9 11 12 13,0.0328935,22.5546,Yes,N/A,2,3,1 3,5,6,7,2 6,9,3 7,11,12,13,2 12,2 13,3 13,5 12,5 13
1 2 3 5 6 7 9 10,0.0863859,9.68595,Yes,N/A,2,3,1 3,5,6,7,2 6,9,10,2 9,2 10,3 10,5 9,5 10,6 10,7 10,2 6 10
1 2 3 5 6 7 9 10 13,0.0496691,16.6071,Yes,N/A,2,3,1 3,5,6,7,2 6,9,10,2 9,2 10,13,5 9,2 13,3 13,7 10,5 13
1 2 3 5 6 7 9 10 12,0.0596867,14.6139,Yes,N/A,2,3,1 3,5,6,7,2 6,9,10,2 9,12,3 10,2 12,3 12,6 10,5 12,6 12
1 2 3 5 6 7 9 10 12 13,0.0364512,21.1708,Yes,N/A,2,3,1 3,5,6,7,2 6,9,10,2 9,12,13,2 12,2 13,3 13,5 12,5 13
1 2 3 5 6 7 9 10 11,0.0683284,12.9891,Yes,N/A,2,3,1 3,5,6,7,2 6,9,10,11,2 10,2 11,3 11,5 10,5 11,6 11,7 11
1 2 3 5 6 7 9 10 11 13,0.0414857,19.392,Yes,N/A,2,3,1 3,5,6,7,2 6,9,10,11,2 10,13,3 11,2 13,3 13,6 11,5 13
1 2 3 5 6 7 9 10 11 12,0.0496311,17.4135,Yes,N/A,2,3,1 3,5,6,7,2 6,9,10,11,12,2 11,2 12,3 12,5 11,5 12,6 12
1 2 3 5 6 7 9 10 11 12 13,0.032489,23.3263,Yes,N/A,2,3,1 3,5,6,7,2 6,9,10,11,12,13,2 12,2 13,3 13,5 12,5 13
1 2 3 5 6 7 8,0.105171,6.83659,Yes,N/A,2,3,1 3,5,6,7,8,2 7,2 8,3 8,5 7,5 8,6 8,7 8,2 6 8,2 7 8,3 7 8
1 2 3 5 6 7 8 13,0.0574571,13.9178,Yes,N/A,2,3,1 3,5,6,7,8,2 7,2 8,3 8,5 7,13,6 8,2 13,3 13,2 7 8,5 13
1 2 3 5 6 7 8 12,0.070373,12.001,Yes,N/A,2,3,1 3,5,6,7,8,2 7,2 8,3 8,12,5 8,2 12,3 12,2 6 8,5 12,6 12
1 2 3 5 6 7 8 12 13,0.0394715,19.3621,Yes,N/A,2,3,1 3,5,6,7,8,2 7,2 8,3 8,12,13,2 12,2 13,3 13,5 12,5 13
1 2 3 5 6 7 8 11,0.0815433,10.2978,Yes,N/A,2,3,1 3,5,6,7,8,2 7,2 8,11,5 7,2 11,3 11,7 8,5 11,6 11,7 11
1 2 3 5 6 7 8 11 13,0.0459287,17.4239,Yes,N/A,2,3,1 3,5,6,7,8,2 7,2 8,11,5 7,13,3 11,2 13,3 13,6 11,5 13
1 2 3 5 6 7 8 11 12,0.0552686,15.5536,Yes,N/A,2,3,1 3,5,6,7,8,2 7,2 8,11,12,2 11,2 12,3 12,5 11,5 12,6 12
1 2 3 5 6 7 8 11 12 13,0.0327354,22.6704,Yes,N/A,2,3,1 3,5,6,7,8,2 7,2 8,11,12,13,2 12,2 13,3 13,5 12,5 13
1 2 3 5 6 7 8 10,0.0888059,9.16534,Yes,N/A,2,3,1 3,5,6,7,8,2 7,10,3 8,2 10,3 10,6 8,5 10,6 10,7 10,8 10
1 2 3 5 6 7 8 10 13,0.0511314,16.0054,Yes,N/A,2,3,1 3,5,6,7,8,2 7,10,3 8,2 10,13,6 8,2 13,3 13,7 10,5 13
1 2 3 5 6 7 8 10 12,0.0626678,13.9449,Yes,N/A,2,3,1 3,5,6,7,8,2 7,10,3 8,12,3 10,2 12,3 12,6 10,5 12,6 12
1 2 3 5 6 7 8 10 12 13,0.0380335,20.4764,Yes,N/A,2,3,1 3,5,6,7,8,2 7,10,3 8,12,13,2 12,2 13,3 13,5 12,5 13
1 2 3 5 6 7 8 10 11,0.07124,12.3882,Yes,N/A,2,3,1 3,5,6,7,8,2 7,10,11,2 10,2 11,3 11,5 10,5 11,6 11,7 11
1 2 3 5 6 7 8 10 11 13,0.0426057,18.9876,Yes,N/A,2,3,1 3,5,6,7,8,2 7,10,11,2 10,13,3 11,2 13,3 13,6 11,5 13
1 2 3 5 6 7 8 10 11 12,0.0514129,16.8761,Yes,N/A,2,3,1 3,5,6,7,8,2 7,10,11,12,2 11,2 12,3 12,5 11,5 12,6 12
1 2 3 5 6 7 8 10 11 12 13,0.0332902,22.8745,Yes,N/A,2,3,1 3,5,6,7,8,2 7,10,11,12,13,2 12,2 13,3 13,5 12,5 13
1 2 3 5 6 7 8 9,0.0941685,8.35296,Yes,N/A,2,3,1 3,5,6,7,8,9,2 8,2 9,3 9,5 8,5 9,6 9,7 9,8 9,2 7 9
1 2 3 5 6 7 8 9 13,0.0544628,15.1931,Yes,N/A,2,3,1 3,5,6,7,8,9,2 8,2 9,3 9,13,5 9,2 13,3 13,8 9,5 13
1 2 3 5 6 7 8 9 12,0.0669554,12.979,Yes,N/A,2,3,1 3,5,6,7,8,9,2 8,2 9,12,5 8,2 12,3 12,7 9,5 12,6 12
1 2 3 5 6 7 8 9 12 13,0.039903,19.7723,Yes,N/A,2,3,1 3,5,6,7,8,9,2 8,2 9,12,13,2 12,2 13,3 13,5 12,5 13
1 2 3 5 6 7 8 9 11,0.0751594,11.6558,Yes,N/A,2,3,1 3,5,6,7,8,9,2 8,11,3 9,2 11,3 11,6 9,5 11,6 11,7 11
1 2 3 5 6 7 8 9 11 13,0.0450583,18.2542,Yes,N/A,2,3,1 3,5,6,7,8,9,2 8,11,3 9,13,3 11,2 13,3 13,6 11,5 13
1 2 3 5 6 7 8 9 11 12,0.0548969,15.901,Yes,N/A,2,3,1 3,5,6,7,8,9,2 8,11,12,2 11,2 12,3 12,5 11,5 12,6 12
1 2 3 5 6 7 8 9 11 12 13,0.0350929,22.0366,Yes,N/A,2,3,1 3,5,6,7,8,9,2 8,11,12,13,2 12,2 13,3 13,5 12,5 13
1 2 3 5 6 7 8 9 10,0.0827912,10.4688,Yes,N/A,2,3,1 3,5,6,7,8,9,10,2 9,2 10,3 10,5 9,5 10,6 10,7 10,8 10
1 2 3 5 6 7 8 9 10 13,0.0501412,16.7401,Yes,N/A,2,3,1 3,5,6,7,8,9,10,2 9,2 10,13,5 9,2 13,3 13,7 10,5 13
1 2 3 5 6 7 8 9 10 12,0.0599067,14.8305,Yes,N/A,2,3,1 3,5,6,7,8,9,10,2 9,12,3 10,2 12,3 12,6 10,5 12,6 12
1 2 3 5 6 7 8 9 10 12 13,0.0387225,20.6276,Yes,N/A,2,3,1 3,5,6,7,8,9,10,2 9,12,13,2 12,2 13,3 13,5 12,5 13
1 2 3 5 6 7 8 9 10 11,0.0675939,13.3112,Yes,N/A,2,3,1 3,5,6,7,8,9,10,11,2 10,2 11,3 11,5 10,5 11,6 11,7 11
1 2 3 5 6 7 8 9 10 11 13,0.0434657,19.1345,Yes,N/A,2,3,1 3,5,6,7,8,9,10,11,2 10,13,3 11,2 13,3 13,6 11,5 13
1 2 3 5 6 7 8 9 10 11 12,0.0518434,16.9483,Yes,N/A,2,3,1 3,5,6,7,8,9,10,11,12,2 11,2 12,3 12,5 11,5 12,6 12
1 2 3 5 6 7 8 9 10 11 12 13,0.0360547,22.0167,Yes,N/A,2,3,1 3,5,6,7,8,9,10,11,12,13,2 12,2 13,3 13,5 12,5 13
3 6 8 10 12,0.0203994,23.4131,Yes,N/A,N/A,3,N/A,N/A,6,N/A,8,3 6,10,3 8,12,3 10,6 8,3 12,6 10,3 6 8,6 12
3 6 8 10 12 13,0.00807709,33.4465,Yes,N/A,N/A,3,N/A,N/A,6,N/A,8,3 6,10,3 8,12,13,6 8,3 12,3 13,3 6 8,6 12
3 6 8 10 11,0.0179283,25.4842,Yes,N/A,N/A,3,N/A,N/A,6,N/A,8,3 6,10,11,N/A,3 10,3 11,N/A,6 10,6 11,8 10
3 6 8 10 11 13,0.00712451,36.1573,Yes,N/A,N/A,3,N/A,N/A,6,N/A,8,3 6,10,11,N/A,13,3 11,N/A,3 13,6 11,8 10
3 6 8 10 11 12,0.0112541,30.6968,Yes,N/A,N/A,3,N/A,N/A,6,N/A,8,3 6,10,11,12,3 10,3 11,3 12,6 10,6 11,6 12
3 6 8 10 11 12 13,0.00551133,39.9639,Yes,N/A,N/A,3,N/A,N/A,6,N/A,8,3 6,10,11,12,13,3 11,3 12,3 13,6 11,6 12
3 6 8 9 13,0.0162772,25.9032,Yes,N/A,N/A,3,N/A,N/A,6,N/A,8,9,N/A,3 8,3 9,13,6 8,6 9,3 13,8 9,3 6 9
3 6 8 9 12,0.0155003,27.1699,Yes,N/A,N/A,3,N/A,N/A,6,N/A,8,9,N/A,3 8,12,N/A,6 8,3 12,N/A,8 9,6 12
3 6 8 9 12 13,0.00768069,35.1038,Yes,N/A,N/A,3,N/A,N/A,6,N/A,8,9,N/A,3 8,12,13,6 8,3 12,3 13,8 9,6 12
3 6 8 9 11 13,0.00873614,33.9265,Yes,N/A,N/A,3,N/A,N/A,6,N/A,8,9,N/A,11,3 9,13,3 11,6 9,3 13,6 11,3 6 9
3 6 8 9 11 12,0.00842992,35.7943,Yes,N/A,N/A,3,N/A,N/A,6,N/A,8,9,N/A,11,12,N/A,3 11,3 12,N/A,6 11,6 12
3 6 8 9 11 12 13,0.00506859,42.5545,Yes,N/A,N/A,3,N/A,N/A,6,N/A,8,9,N/A,11,12,13,3 11,3 12,3 13,6 11,6 12
3 6 8 9 10,0.0311462,20.1518,Yes,N/A,N/A,3,N/A,N/A,6,N/A,8,9,10,3 8,3 9,3 10,6 8,6 9,6 10,8 9,8 10
3 6 8 9 10 13,0.0119451,30.21,Yes,N/A,N/A,3,N/A,N/A,6,N/A,8,9,10,3 8,3 9,13,6 8,6 9,3 13,8 9,8 10
3 6 8 9 10 12,0.0145577,28.6331,Yes,N/A,N/A,3,N/A,N/A,6,N/A,8,9,10,3 8,12,3 10,6 8,3 12,6 10,8 9,6 12
3 6 8 9 10 12 13,0.00690019,38.0293,Yes,N/A,N/A,3,N/A,N/A,6,N/A,8,9,10,3 8,12,13,6 8,3 12,3 13,8 9,6 12
3 6 8 9 10 11,0.0163715,27.391,Yes,N/A,N/A,3,N/A,N/A,6,N/A,8,9,10,11,3 9,3 10,3 11,6 9,6 10,6 11,8 10
3 6 8 9 10 11 13,0.00774978,36.6771,Yes,N/A,N/A,3,N/A,N/A,6,N/A,8,9,10,11,3 9,13,3 11,6 9,3 13,6 11,8 10
3 6 8 9 10 11 12,0.00935107,35.0396,Yes,N/A,N/A,3,N/A,N/A,6,N/A,8,9,10,11,12,3 10,3 11,3 12,6 10,6 11,6 12
3 6 8 9 10 11 12 13,0.00527234,43.4385,Yes,N/A,N/A,3,N/A,N/A,6,N/A,8,9,10,11,12,13,3 11,3 12,3 13,6 11,6 12
3 6 7 11,0.0371144,17.4438,Yes,N/A,N/A,3,N/A,N/A,6,7,N/A,3 6,3 7,11,N/A,6 7,3 11,N/A,3 6 7,6 11,7 11
3 6 7 11 13,0.0104376,28.7003,Yes,N/A,N/A,3,N/A,N/A,6,7,N/A,3 6,3 7,11,N/A,13,3 11,N/A,3 13,6 11,7 11
3 6 7 11 12,0.018873,24.1644,Yes,N/A,N/A,3,N/A,N/A,6,7,N/A,3 6,3 7,11,12,6 7,3 11,3 12,3 6 7,6 11,6 12
3 6 7 11 12 13,0.00659493,34.6096,Yes,N/A,N/A,3,N/A,N/A,6,7,N/A,3 6,3 7,11,12,13,3 11,3 12,3 13,6 11,6 12
3 6 7 10 12 13,0.00532491,38.0914,Yes,N/A,N/A,3,N/A,N/A,6,7,N/A,3 6,10,N/A,12,13,N/A,3 12,3 13,7 10,6 12
3 6 7 10 11,0.0189537,25.0771,Yes,N/A,N/A,3,N/A,N/A,6,7,N/A,3 6,10,11,N/A,3 10,3 11,N/A,6 10,6 11,7 11
3 6 7 10 11 13,0.00645301,36.3873,Yes,N/A,N/A,3,N/A,N/A,6,7,N/A,3 6,10,11,N/A,13,3 11,N/A,3 13,6 11,7 11
3 6 7 10 11 12,0.0116112,30.5452,Yes,N/A,N/A,3,N/A,N/A,6,7,N/A,3 6,10,11,12,3 10,3 11,3 12,6 10,6 11,6 12
3 6 7 10 11 12 13,0.00486531,40.8379,Yes,N/A,N/A,3,N/A,N/A,6,7,N/A,3 6,10,11,12,13,3 11,3 12,3 13,6 11,6 12
3 6 7 9 11,0.0295653,20.8715,Yes,N/A,N/A,3,N/A,N/A,6,7,N/A,9,3 7,11,3 9,6 7,3 11,6 9,7 9,6 11,7 11
3 6 7 9 11 13,0.00999412,31.4204,Yes,N/A,N/A,3,N/A,N/A,6,7,N/A,9,3 7,11,3 9,13,3 11,6 9,3 13,6 11,7 11
3 6 7 9 11 12,0.0137569,29.4807,Yes,N/A,N/A,3,N/A,N/A,6,7,N/A,9,3 7,11,12,6 7,3 11,3 12,7 9,6 11,6 12
3 6 7 9 11 12 13,0.00580133,39.4015,Yes,N/A,N/A,3,N/A,N/A,6,7,N/A,9,3 7,11,12,13,3 11,3 12,3 13,6 11,6 12
3 6 7 9 10 13,0.00761632,35.179,Yes,N/A,N/A,3,N/A,N/A,6,7,N/A,9,10,N/A,3 9,13,N/A,6 9,3 13,7 10,3 6 9
3 6 7 9 10 12 13,0.00439792,44.5537,Yes,N/A,N/A,3,N/A,N/A,6,7,N/A,9,10,N/A,12,13,N/A,3 12,3 13,7 10,6 12
3 6 7 9 10 11,0.0170745,27.1424,Yes,N/A,N/A,3,N/A,N/A,6,7,N/A,9,10,11,3 9,3 10,3 11,6 9,6 10,6 11,7 11
3 6 7 9 10 11 13,0.00689012,37.7524,Yes,N/A,N/A,3,N/A,N/A,6,7,N/A,9,10,11,3 9,13,3 11,6 9,3 13,6 11,7 11
3 6 7 9 10 11 12,0.00965299,34.9648,Yes,N/A,N/A,3,N/A,N/A,6,7,N/A,9,10,11,12,3 10,3 11,3 12,6 10,6 11,6 12
3 6 7 9 10 11 12 13,0.00467983,44.9744,Yes,N/A,N/A,3,N/A,N/A,6,7,N/A,9,10,11,12,13,3 11,3 12,3 13,6 11,6 12
3 6 7 8 12,0.0298824,19.8827,Yes,N/A,N/A,3,N/A,N/A,6,7,8,3 6,3 7,3 8,12,6 7,6 8,3 12,3 6 7,3 6 8,6 12
3 6 7 8 12 13,0.0106145,29.8777,Yes,N/A,N/A,3,N/A,N/A,6,7,8,3 6,3 7,3 8,12,13,6 8,3 12,3 13,3 6 8,6 12
3 6 7 8 11,0.0285359,20.8307,Yes,N/A,N/A,3,N/A,N/A,6,7,8,3 6,3 7,11,N/A,6 7,3 11,7 8,3 6 7,6 11,7 11
3 6 7 8 11 13,0.0107237,30.9763,Yes,N/A,N/A,3,N/A,N/A,6,7,8,3 6,3 7,11,N/A,13,3 11,7 8,3 13,6 11,7 11
3 6 7 8 11 12,0.0156839,26.735,Yes,N/A,N/A,3,N/A,N/A,6,7,8,3 6,3 7,11,12,6 7,3 11,3 12,3 6 7,6 11,6 12
3 6 7 8 11 12 13,0.0070548,35.7717,Yes,N/A,N/A,3,N/A,N/A,6,7,8,3 6,3 7,11,12,13,3 11,3 12,3 13,6 11,6 12
3 6 7 8 10 12,0.0174916,25.4813,Yes,N/A,N/A,3,N/A,N/A,6,7,8,3 6,10,3 8,12,3 10,6 8,3 12,6 10,7 10,6 12
3 6 7 8 10 12 13,0.0074996,35.2925,Yes,N/A,N/A,3,N/A,N/A,6,7,8,3 6,10,3 8,12,13,6 8,3 12,3 13,7 10,6 12
3 6 7 8 10 11,0.0176203,26.9174,Yes,N/A,N/A,3,N/A,N/A,6,7,8,3 6,10,11,N/A,3 10,3 11,7 8,6 10,6 11,7 11
3 6 7 8 10 11 13,0.00756094,37.1807,Yes,N/A,N/A,3,N/A,N/A,6,7,8,3 6,10,11,N/A,13,3 11,7 8,3 13,6 11,7 11
3 6 7 8 10 11 12,0.0113705,31.1952,Yes,N/A,N/A,3,N/A,N/A,6,7,8,3 6,10,11,12,3 10,3 11,3 12,6 10,6 11,6 12
3 6 7 8 10 11 12 13,0.00581274,40.0011,Yes,N/A,N/A,3,N/A,N/A,6,7,8,3 6,10,11,12,13,3 11,3 12,3 13,6 11,6 12
3 6 7 8 9,0.0429085,16.2697,Yes,N/A,N/A,3,N/A,N/A,6,7,8,9,3 7,3 8,3 9,6 7,6 8,6 9,7 9,8 9,3 6 9
3 6 7 8 9 13,0.0151829,26.3802,Yes,N/A,N/A,3,N/A,N/A,6,7,8,9,3 7,3 8,3 9,13,6 8,6 9,3 13,8 9,3 6 9
3 6 7 8 9 12,0.0203053,24.5176,Yes,N/A,N/A,3,N/A,N/A,6,7,8,9,3 7,3 8,12,6 7,6 8,3 12,7 9,8 9,6 12
3 6 7 8 9 12 13,0.0087159,33.8943,Yes,N/A,N/A,3,N/A,N/A,6,7,8,9,3 7,3 8,12,13,6 8,3 12,3 13,8 9,6 12
3 6 7 8 9 11,0.0232531,23.0747,Yes,N/A,N/A,3,N/A,N/A,6,7,8,9,3 7,11,3 9,6 7,3 11,6 9,7 9,6 11,7 11
3 6 7 8 9 11 13,0.0101322,32.2366,Yes,N/A,N/A,3,N/A,N/A,6,7,8,9,3 7,11,3 9,13,3 11,6 9,3 13,6 11,7 11
3 6 7 8 9 11 12,0.0130209,30.3988,Yes,N/A,N/A,3,N/A,N/A,6,7,8,9,3 7,11,12,6 7,3 11,3 12,7 9,6 11,6 12
3 6 7 8 9 11 12 13,0.00669998,38.5185,Yes,N/A,N/A,3,N/A,N/A,6,7,8,9,3 7,11,12,13,3 11,3 12,3 13,6 11,6 12
3 6 7 8 9 10,0.0263955,21.8091,Yes,N/A,N/A,3,N/A,N/A,6,7,8,9,10,3 8,3 9,3 10,6 8,6 9,6 10,7 10,8 10
3 6 7 8 9 10 13,0.0107219,31.8643,Yes,N/A,N/A,3,N/A,N/A,6,7,8,9,10,3 8,3 9,13,6 8,6 9,3 13,7 10,8 10
3 6 7 8 9 10 12,0.0143299,29.1856,Yes,N/A,N/A,3,N/A,N/A,6,7,8,9,10,3 8,12,3 10,6 8,3 12,6 10,7 10,6 12
3 6 7 8 9 10 12 13,0.00700439,38.4965,Yes,N/A,N/A,3,N/A,N/A,6,7,8,9,10,3 8,12,13,6 8,3 12,3 13,7 10,6 12
3 6 7 8 9 10 11,0.0167417,27.4055,Yes,N/A,N/A,3,N/A,N/A,6,7,8,9,10,11,3 9,3 10,3 11,6 9,6 10,6 11,7 11
3 6 7 8 9 10 11 13,0.00816489,36.5402,Yes,N/A,N/A,3,N/A,N/A,6,7,8,9,10,11,3 9,13,3 11,6 9,3 13,6 11,7 11
3 6 7 8 9 10 11 12,0.0106437,33.4867,Yes,N/A,N/A,3,N/A,N/A,6,7,8,9,10,11,12,3 10,3 11,3 12,6 10,6 11,6 12
3 6 7 8 9 10 11 12 13,0.00607208,41.5673,Yes,N/A,N/A,3,N/A,N/A,6,7,8,9,10,11,12,13,3 11,3 12,3 13,6 11,6 12
1 3 4,0.109268,6.51393,Yes,N/A,N/A,3,4,1 4,N/A,3 4,1 3 4,N/A,N/A,N/A,N/A,N/A,N/A,N/A,N/A,N/A,N/A
3 4,0.069573,6.44399,Yes,N/A,N/A,3,4,N/A,N/A,3 4,N/A,N/A,N/A,N/A,N/A,N/A,N/A,N/A,N/A,N/A,N/A
1 3 4 13,0.0330861,15.9557,Yes,N/A,N/A,3,4,1 4,N/A,3 4,1 3 4,N/A,N/A,N/A,N/A,13,1 13,N/A,3 13,4 13,1 4 13
1 3 4 12,0.0426181,13.8125,Yes,N/A,N/A,3,4,1 4,N/A,3 4,1 3 4,N/A,N/A,N/A,12,1 12,N/A,3 12,4 12,1 4 12,N/A
3 4 12,0.017663,15.7148,Yes,N/A,N/A,3,4,N/A,N/A,3 4,N/A,N/A,N/A,N/A,12,N/A,N/A,3 12,4 12,N/A,N/A
1 3 4 12 13,0.0164142,23.9221,Yes,N/A,N/A,3,4,1 4,N/A,3 4,1 3 4,N/A,N/A,N/A,12,13,1 13,3 12,3 13,4 13,1 4 13
3 4 13,0.0144408,17.3251,Yes,N/A,N/A,3,4,N/A,N/A,3 4,N/A,N/A,N/A,N/A,N/A,13,N/A,N/A,3 13,4 13,N/A
1 3 4 11,0.0500614,11.8256,Yes,N/A,N/A,3,4,1 4,N/A,3 4,1 3 4,N/A,N/A,11,1 11,N/A,3 11,4 11,1 4 11,N/A,3 4 11
1 3 4 11 13,0.0217572,20.9406,Yes,N/A,N/A,3,4,1 4,N/A,3 4,1 3 4,N/A,N/A,11,1 11,13,3 11,4 11,3 13,4 13,3 4 11
3 4 11,0.0243966,14.1071,Yes,N/A,N/A,3,4,N/A,N/A,3 4,N/A,N/A,N/A,11,N/A,N/A,3 11,4 11,N/A,N/A,3 4 11
1 3 4 11 12,0.0280377,19.5467,Yes,N/A,N/A,3,4,1 4,N/A,3 4,1 3 4,N/A,N/A,11,12,1 12,3 11,3 12,4 12,1 4 12,3 4 11
1 3 4 11 12 13,0.0129602,30.0713,Yes,N/A,N/A,3,4,1 4,N/A,3 4,1 3 4,N/A,N/A,11,12,13,3 11,3 12,3 13,4 13,3 4 11
3 4 12 13,0.00750122,26.3506,Yes,N/A,N/A,3,4,N/A,N/A,3 4,N/A,N/A,N/A,N/A,12,13,N/A,3 12,3 13,4 13,N/A
1 3 4 10,0.0600459,9.9043,Yes,N/A,N/A,3,4,1 4,N/A,3 4,1 3 4,N/A,10,1 10,N/A,3 10,4 10,1 4 10,N/A,3 4 10,1 3 4 10
1 3 4 10 13,0.0247713,20.0648,Yes,N/A,N/A,3,4,1 4,N/A,3 4,1 3 4,N/A,10,1 10,N/A,13,4 10,1 4 10,3 13,4 13,1 4 13
1 3 4 10 12,0.0365641,16.6346,Yes,N/A,N/A,3,4,1 4,N/A,3 4,1 3 4,N/A,10,1 10,12,3 10,4 10,3 12,4 12,3 4 10,1 3 4 10
1 3 4 10 12 13,0.0167303,26.7323,Yes,N/A,N/A,3,4,1 4,N/A,3 4,1 3 4,N/A,10,1 10,12,13,4 10,3 12,3 13,4 13,1 4 13
3 4 10,0.0346418,12.5137,Yes,N/A,N/A,3,4,N/A,N/A,3 4,N/A,N/A,10,N/A,N/A,3 10,4 10,N/A,N/A,3 4 10,N/A
3 4 10 13,0.01256,24.0255,Yes,N/A,N/A,3,4,N/A,N/A,3 4,N/A,N/A,10,N/A,N/A,13,4 10,N/A,3 13,4 13,N/A
1 3 4 10 11,0.0452498,15.3642,Yes,N/A,N/A,3,4,1 4,N/A,3 4,1 3 4,N/A,10,11,1 11,3 10,3 11,4 11,1 4 11,3 4 10,3 4 11
1 3 4 10 11 13,0.0200366,25.3323,Yes,N/A,N/A,3,4,1 4,N/A,3 4,1 3 4,N/A,10,11,1 11,13,3 11,4 11,3 13,4 13,3 4 11
1 3 4 10 11 12,0.0270231,23.5319,Yes,N/A,N/A,3,4,1 4,N/A,3 4,1 3 4,N/A,10,11,12,3 10,3 11,3 12,4 12,3 4 10,3 4 11
1 3 4 10 11 12 13,0.0133314,33.432,Yes,N/A,N/A,3,4,1 4,N/A,3 4,1 3 4,N/A,10,11,12,13,3 11,3 12,3 13,4 13,3 4 11
3 4 11 13,0.0115089,24.0866,Yes,N/A,N/A,3,4,N/A,N/A,3 4,N/A,N/A,N/A,11,N/A,13,3 11,4 11,3 13,4 13,3 4 11
3 4 11 12,0.0144713,23.0122,Yes,N/A,N/A,3,4,N/A,N/A,3 4,N/A,N/A,N/A,11,12,N/A,3 11,3 12,4 12,N/A,3 4 11
3 4 11 12 13,0.0067477,32.6314,Yes,N/A,N/A,3,4,N/A,N/A,3 4,N/A,N/A,N/A,11,12,13,3 11,3 12,3 13,4 13,3 4 11
1 3 4 9,0.0717354,8.23128,Yes,N/A,N/A,3,4,1 4,N/A,3 4,1 3 4,9,1 9,N/A,3 9,4 9,1 4 9,N/A,3 4 9,1 3 4 9,N/A
3 4 9,0.0480128,11.116,Yes,N/A,N/A,3,4,N/A,N/A,3 4,N/A,9,N/A,N/A,3 9,4 9,N/A,N/A,3 4 9,N/A,N/A
1 3 4 9 13,0.0292984,18.3027,Yes,N/A,N/A,3,4,1 4,N/A,3 4,1 3 4,9,1 9,N/A,3 9,13,1 13,N/A,3 13,4 13,1 4 13
1 3 4 9 12,0.0400538,16.2505,Yes,N/A,N/A,3,4,1 4,N/A,3 4,1 3 4,9,1 9,N/A,12,4 9,1 4 9,3 12,4 12,1 4 12,N/A
3 4 9 12,0.022441,21.0198,Yes,N/A,N/A,3,4,N/A,N/A,3 4,N/A,9,N/A,N/A,12,4 9,N/A,3 12,4 12,N/A,N/A
1 3 4 9 12 13,0.017437,26.2621,Yes,N/A,N/A,3,4,1 4,N/A,3 4,1 3 4,9,1 9,N/A,12,13,1 13,3 12,3 13,4 13,1 4 13
1 3 4 9 11,0.057527,12.7315,Yes,N/A,N/A,3,4,1 4,N/A,3 4,1 3 4,9,1 9,11,3 9,4 9,3 11,4 11,3 4 9,1 3 4 9,3 4 11
1 3 4 9 11 13,0.0260068,21.8095,Yes,N/A,N/A,3,4,1 4,N/A,3 4,1 3 4,9,1 9,11,3 9,13,3 11,4 11,3 13,4 13,3 4 11
1 3 4 9 11 12,0.0334305,20.4074,Yes,N/A,N/A,3,4,1 4,N/A,3 4,1 3 4,9,1 9,11,12,4 9,3 11,3 12,4 12,1 4 12,3 4 11
1 3 4 9 11 12 13,0.0158474,29.6353,Yes,N/A,N/A,3,4,1 4,N/A,3 4,1 3 4,9,1 9,11,12,13,3 11,3 12,3 13,4 13,3 4 11
3 4 9 13,0.0147038,22.7443,Yes,N/A,N/A,3,4,N/A,N/A,3 4,N/A,9,N/A,N/A,3 9,13,N/A,N/A,3 13,4 13,N/A
3 4 9 12 13,0.00726088,32.5529,Yes,N/A,N/A,3,4,N/A,N/A,3 4,N/A,9,N/A,N/A,12,13,N/A,3 12,3 13,4 13,N/A
1 3 4 9 10,0.0687215,11.667,Yes,N/A,N/A,3,4,1 4,N/A,3 4,1 3 4,9,10,1 10,3 9,3 10,4 10,1 4 10,3 4 9,3 4 10,1 3 4 10
1 3 4 9 10 13,0.0284813,21.2801,Yes,N/A,N/A,3,4,1 4,N/A,3 4,1 3 4,9,10,1 10,3 9,13,4 10,1 4 10,3 13,4 13,1 4 13
1 3 4 9 10 12,0.0375039,19.3034,Yes,N/A,N/A,3,4,1 4,N/A,3 4,1 3 4,9,10,1 10,12,3 10,4 10,3 12,4 12,3 4 10,1 3 4 10
1 3 4 9 10 12 13,0.0173379,28.8069,Yes,N/A,N/A,3,4,1 4,N/A,3 4,1 3 4,9,10,1 10,12,13,4 10,3 12,3 13,4 13,1 4 13
1 3 4 9 10 11,0.0475518,17.5867,Yes,N/A,N/A,3,4,1 4,N/A,3 4,1 3 4,9,10,11,3 9,3 10,3 11,4 11,3 4 9,3 4 10,3 4 11
1 3 4 9 10 11 13,0.0224096,26.5639,Yes,N/A,N/A,3,4,1 4,N/A,3 4,1 3 4,9,10,11,3 9,13,3 11,4 11,3 13,4 13,3 4 11
1 3 4 9 10 11 12,0.0284769,24.8023,Yes,N/A,N/A,3,4,1 4,N/A,3 4,1 3 4,9,10,11,12,3 10,3 11,3 12,4 12,3 4 10,3 4 11
1 3 4 9 10 11 12 13,0.014734,33.7166,Yes,N/A,N/A,3,4,1 4,N/A,3 4,1 3 4,9,10,11,12,13,3 11,3 12,3 13,4 13,3 4 11
3 4 10 12,0.0228365,20.4337,Yes,N/A,N/A,3,4,N/A,N/A,3 4,N/A,N/A,10,N/A,12,3 10,4 10,3 12,4 12,3 4 10,N/A
3 4 10 12 13,0.00844259,31.7879,Yes,N/A,N/A,3,4,N/A,N/A,3 4,N/A,N/A,10,N/A,12,13,4 10,3 12,3 13,4 13,N/A
3 4 10 11,0.0270464,19.7026,Yes,N/A,N/A,3,4,N/A,N/A,3 4,N/A,N/A,10,11,N/A,3 10,3 11,4 11,N/A,3 4 10,3 4 11
3 4 10 11 13,0.0100377,30.5346,Yes,N/A,N/A,3,4,N/A,N/A,3 4,N/A,N/A,10,11,N/A,13,3 11,4 11,3 13,4 13,3 4 11
3 4 10 11 12,0.0154945,27.0733,Yes,N/A,N/A,3,4,N/A,N/A,3 4,N/A,N/A,10,11,12,3 10,3 11,3 12,4 12,3 4 10,3 4 11
3 4 10 11 12 13,0.00671204,37.678,Yes,N/A,N/A,3,4,N/A,N/A,3 4,N/A,N/A,10,11,12,13,3 11,3 12,3 13,4 13,3 4 11
1 3 4 8,0.0752708,7.7937,Yes,N/A,N/A,3,4,1 4,N/A,3 4,8,1 8,N/A,3 8,4 8,1 4 8,N/A,3 4 8,1 3 4 8,N/A,N/A
3 4 8,0.0643808,10.0512,Yes,N/A,N/A,3,4,N/A,N/A,3 4,8,N/A,N/A,3 8,4 8,N/A,N/A,3 4 8,N/A,N/A,N/A
1 3 4 8 13,0.0355441,16.4599,Yes,N/A,N/A,3,4,1 4,N/A,3 4,8,1 8,N/A,3 8,4 8,13,1 13,3 4 8,3 13,4 13,1 4 13
1 3 4 8 12,0.0416805,16.1824,Yes,N/A,N/A,3,4,1 4,N/A,3 4,8,1 8,N/A,3 8,12,1 12,N/A,3 12,4 12,1 4 12,N/A
3 4 8 12,0.0242089,20.2193,Yes,N/A,N/A,3,4,N/A,N/A,3 4,8,N/A,N/A,3 8,12,N/A,N/A,3 12,4 12,N/A,N/A
1 3 4 8 12 13,0.0195821,25.0765,Yes,N/A,N/A,3,4,1 4,N/A,3 4,8,1 8,N/A,3 8,12,13,1 13,3 12,3 13,4 13,1 4 13
1 3 4 8 11,0.0563547,14.0877,Yes,N/A,N/A,3,4,1 4,N/A,3 4,8,1 8,N/A,11,4 8,1 4 8,3 11,4 11,1 4 11,N/A,3 4 11
1 3 4 8 11 13,0.0268958,23.0304,Yes,N/A,N/A,3,4,1 4,N/A,3 4,8,1 8,N/A,11,4 8,13,3 11,4 11,3 13,4 13,3 4 11
3 4 8 11,0.0353724,18.3817,Yes,N/A,N/A,3,4,N/A,N/A,3 4,8,N/A,N/A,11,4 8,N/A,3 11,4 11,N/A,N/A,3 4 11
1 3 4 8 11 12,0.030046,22.1987,Yes,N/A,N/A,3,4,1 4,N/A,3 4,8,1 8,N/A,11,12,1 12,3 11,3 12,4 12,1 4 12,3 4 11
1 3 4 8 11 12 13,0.015034,31.7082,Yes,N/A,N/A,3,4,1 4,N/A,3 4,8,1 8,N/A,11,12,13,3 11,3 12,3 13,4 13,3 4 11
1 3 4 8 10,0.0799769,10.5997,Yes,N/A,N/A,3,4,1 4,N/A,3 4,8,1 8,10,3 8,4 8,3 10,4 10,3 4 8,1 3 4 8,3 4 10,8 10
1 3 4 8 10 13,0.0349422,19.7327,Yes,N/A,N/A,3,4,1 4,N/A,3 4,8,1 8,10,3 8,4 8,13,4 10,3 4 8,3 13,4 13,8 10
1 3 4 8 10 12,0.0450384,17.5714,Yes,N/A,N/A,3,4,1 4,N/A,3 4,8,1 8,10,3 8,12,3 10,4 10,3 12,4 12,3 4 10,8 10
1 3 4 8 10 12 13,0.021799,26.5046,Yes,N/A,N/A,3,4,1 4,N/A,3 4,8,1 8,10,3 8,12,13,4 10,3 12,3 13,4 13,8 10
1 3 4 8 10 11,0.0539259,16.4243,Yes,N/A,N/A,3,4,1 4,N/A,3 4,8,1 8,10,11,4 8,3 10,3 11,4 11,1 4 11,3 4 10,3 4 11
1 3 4 8 10 11 13,0.0257941,25.1991,Yes,N/A,N/A,3,4,1 4,N/A,3 4,8,1 8,10,11,4 8,13,3 11,4 11,3 13,4 13,3 4 11
1 3 4 8 10 11 12,0.0305525,23.5324,Yes,N/A,N/A,3,4,1 4,N/A,3 4,8,1 8,10,11,12,3 10,3 11,3 12,4 12,3 4 10,3 4 11
1 3 4 8 10 11 12 13,0.0165662,32.0215,Yes,N/A,N/A,3,4,1 4,N/A,3 4,8,1 8,10,11,12,13,3 11,3 12,3 13,4 13,3 4 11
3 4 8 13,0.0244452,19.7372,Yes,N/A,N/A,3,4,N/A,N/A,3 4,8,N/A,N/A,3 8,4 8,13,N/A,3 4 8,3 13,4 13,N/A
3 4 8 12 13,0.010058,29.8351,Yes,N/A,N/A,3,4,N/A,N/A,3 4,8,N/A,N/A,3 8,12,13,N/A,3 12,3 13,4 13,N/A
3 4 8 11 13,0.0154885,27.1016,Yes,N/A,N/A,3,4,N/A,N/A,3 4,8,N/A,N/A,11,4 8,13,3 11,4 11,3 13,4 13,3 4 11
3 4 8 11 12,0.0134483,28.2993,Yes,N/A,N/A,3,4,N/A,N/A,3 4,8,N/A,N/A,11,12,N/A,3 11,3 12,4 12,N/A,3 4 11
3 4 8 11 12 13,0.00691393,36.9111,Yes,N/A,N/A,3,4,N/A,N/A,3 4,8,N/A,N/A,11,12,13,3 11,3 12,3 13,4 13,3 4 11
1 3 4 8 9,0.0912406,9.81337,Yes,N/A,N/A,3,4,1 4,N/A,3 4,8,9,1 9,3 8,3 9,4 9,1 4 9,3 4 8,3 4 9,8 9,1 8 9
3 4 8 9,0.0631137,14.0706,Yes,N/A,N/A,3,4,N/A,N/A,3 4,8,9,N/A,3 8,3 9,4 9,N/A,3 4 8,3 4 9,8 9,N/A
1 3 4 8 9 13,0.038731,18.663,Yes,N/A,N/A,3,4,1 4,N/A,3 4,8,9,1 9,3 8,3 9,13,1 13,3 4 8,3 13,4 13,1 4 13
1 3 4 8 9 12,0.0462358,17.4657,Yes,N/A,N/A,3,4,1 4,N/A,3 4,8,9,1 9,3 8,12,4 9,1 4 9,3 12,4 12,8 9,1 8 9
3 4 8 9 12,0.0247175,23.6308,Yes,N/A,N/A,3,4,N/A,N/A,3 4,8,9,N/A,3 8,12,4 9,N/A,3 12,4 12,8 9,N/A
1 3 4 8 9 12 13,0.0217684,26.3343,Yes,N/A,N/A,3,4,1 4,N/A,3 4,8,9,1 9,3 8,12,13,1 13,3 12,3 13,4 13,1 4 13
1 3 4 8 9 11,0.0565093,15.692,Yes,N/A,N/A,3,4,1 4,N/A,3 4,8,9,1 9,11,3 9,4 9,3 11,4 11,3 4 9,8 9,3 4 11
1 3 4 8 9 11 13,0.0282307,23.8143,Yes,N/A,N/A,3,4,1 4,N/A,3 4,8,9,1 9,11,3 9,13,3 11,4 11,3 13,4 13,3 4 11
1 3 4 8 9 11 12,0.0314766,23.0798,Yes,N/A,N/A,3,4,1 4,N/A,3 4,8,9,1 9,11,12,4 9,3 11,3 12,4 12,8 9,3 4 11
1 3 4 8 9 11 12 13,0.0169267,31.401,Yes,N/A,N/A,3,4,1 4,N/A,3 4,8,9,1 9,11,12,13,3 11,3 12,3 13,4 13,3 4 11
1 3 4 8 9 10,0.067695,14.2005,Yes,N/A,N/A,3,4,1 4,N/A,3 4,8,9,10,3 8,3 9,3 10,4 10,3 4 8,3 4 9,3 4 10,8 10
1 3 4 8 9 10 13,0.0317571,22.7717,Yes,N/A,N/A,3,4,1 4,N/A,3 4,8,9,10,3 8,3 9,13,4 10,3 4 8,3 13,4 13,8 10
1 3 4 8 9 10 12,0.0389248,20.94,Yes,N/A,N/A,3,4,1 4,N/A,3 4,8,9,10,3 8,12,3 10,4 10,3 12,4 12,3 4 10,8 10
1 3 4 8 9 10 12 13,0.0205914,29.1996,Yes,N/A,N/A,3,4,1 4,N/A,3 4,8,9,10,3 8,12,13,4 10,3 12,3 13,4 13,8 10
1 3 4 8 9 10 11,0.045286,19.5044,Yes,N/A,N/A,3,4,1 4,N/A,3 4,8,9,10,11,3 9,3 10,3 11,4 11,3 4 9,3 4 10,3 4 11
1 3 4 8 9 10 11 13,0.0244809,27.4017,Yes,N/A,N/A,3,4,1 4,N/A,3 4,8,9,10,11,3 9,13,3 11,4 11,3 13,4 13,3 4 11
1 3 4 8 9 10 11 12,0.0280849,26.1404,Yes,N/A,N/A,3,4,1 4,N/A,3 4,8,9,10,11,12,3 10,3 11,3 12,4 12,3 4 10,3 4 11
1 3 4 8 9 10 11 12 13,0.0167032,33.8827,Yes,N/A,N/A,3,4,1 4,N/A,3 4,8,9,10,11,12,13,3 11,3 12,3 13,4 13,3 4 11
3 4 9 11,0.0406483,17.0283,Yes,N/A,N/A,3,4,N/A,N/A,3 4,N/A,9,N/A,11,3 9,4 9,3 11,4 11,3 4 9,N/A,3 4 11
3 4 9 11 13,0.0135657,27.7739,Yes,N/A,N/A,3,4,N/A,N/A,3 4,N/A,9,N/A,11,3 9,13,3 11,4 11,3 13,4 13,3 4 11
3 4 9 11 12,0.0180349,26.616,Yes,N/A,N/A,3,4,N/A,N/A,3 4,N/A,9,N/A,11,12,4 9,3 11,3 12,4 12,N/A,3 4 11
3 4 9 11 12 13,0.00691596,37.3003,Yes,N/A,N/A,3,4,N/A,N/A,3 4,N/A,9,N/A,11,12,13,3 11,3 12,3 13,4 13,3 4 11
3 4 9 10,0.0443289,16.7162,Yes,N/A,N/A,3,4,N/A,N/A,3 4,N/A,9,10,N/A,3 9,3 10,4 10,N/A,3 4 9,3 4 10,N/A
3 4 9 10 13,0.0144201,27.9651,Yes,N/A,N/A,3,4,N/A,N/A,3 4,N/A,9,10,N/A,3 9,13,4 10,N/A,3 13,4 13,N/A
3 4 9 10 12,0.0199514,25.5586,Yes,N/A,N/A,3,4,N/A,N/A,3 4,N/A,9,10,N/A,12,3 10,4 10,3 12,4 12,3 4 10,N/A
3 4 9 10 12 13,0.00769817,36.6514,Yes,N/A,N/A,3,4,N/A,N/A,3 4,N/A,9,10,N/A,12,13,4 10,3 12,3 13,4 13,N/A
3 4 9 10 11,0.0286657,21.9492,Yes,N/A,N/A,3,4,N/A,N/A,3 4,N/A,9,10,11,3 9,3 10,3 11,4 11,3 4 9,3 4 10,3 4 11
3 4 9 10 11 13,0.0113806,32.2742,Yes,N/A,N/A,3,4,N/A,N/A,3 4,N/A,9,10,11,3 9,13,3 11,4 11,3 13,4 13,3 4 11
3 4 9 10 11 12,0.0148748,30.3474,Yes,N/A,N/A,3,4,N/A,N/A,3 4,N/A,9,10,11,12,3 10,3 11,3 12,4 12,3 4 10,3 4 11
3 4 9 10 11 12 13,0.0067872,40.5517,Yes,N/A,N/A,3,4,N/A,N/A,3 4,N/A,9,10,11,12,13,3 11,3 12,3 13,4 13,3 4 11
1 3 4 7,0.0845729,7.51931,Yes,N/A,N/A,3,4,1 4,N/A,7,1 7,N/A,3 7,4 7,1 4 7,N/A,3 4 7,1 3 4 7,N/A,N/A,N/A
1 3 4 7 13,0.0386953,15.8879,Yes,N/A,N/A,3,4,1 4,N/A,7,1 7,N/A,3 7,4 7,1 4 7,13,3 4 7,1 3 4 7,3 13,4 13,1 4 13
3 4 7,0.0789234,9.76666,Yes,N/A,N/A,3,4,N/A,N/A,7,N/A,N/A,3 7,4 7,N/A,N/A,3 4 7,N/A,N/A,N/A,N/A
1 3 4 7 12,0.0534978,14.1236,Yes,N/A,N/A,3,4,1 4,N/A,7,1 7,N/A,3 7,4 7,12,1 12,3 4 7,3 12,4 12,1 4 12,N/A
1 3 4 7 12 13,0.0232644,24.024,Yes,N/A,N/A,3,4,1 4,N/A,7,1 7,N/A,3 7,4 7,12,13,3 4 7,3 12,3 13,4 13,1 4 13
3 4 7 13,0.0268746,19.6537,Yes,N/A,N/A,3,4,N/A,N/A,7,N/A,N/A,3 7,4 7,N/A,13,3 4 7,N/A,3 13,4 13,N/A
1 3 4 7 11,0.0545606,14.6645,Yes,N/A,N/A,3,4,1 4,N/A,7,1 7,N/A,3 7,11,1 11,N/A,3 11,4 11,1 4 11,N/A,7 11
1 3 4 7 11 13,0.028092,22.1465,Yes,N/A,N/A,3,4,1 4,N/A,7,1 7,N/A,3 7,11,1 11,13,3 11,4 11,3 13,4 13,7 11
3 4 7 11,0.0334121,18.7026,Yes,N/A,N/A,3,4,N/A,N/A,7,N/A,N/A,3 7,11,N/A,N/A,3 11,4 11,N/A,N/A,7 11
1 3 4 7 11 12,0.0327353,21.246,Yes,N/A,N/A,3,4,1 4,N/A,7,1 7,N/A,3 7,11,12,1 12,3 11,3 12,4 12,1 4 12,7 11
1 3 4 7 11 12 13,0.0164855,30.5395,Yes,N/A,N/A,3,4,1 4,N/A,7,1 7,N/A,3 7,11,12,13,3 11,3 12,3 13,4 13,7 11
1 3 4 7 10,0.0748305,12.3569,Yes,N/A,N/A,3,4,1 4,N/A,7,1 7,N/A,10,4 7,1 4 7,3 10,4 10,1 4 10,N/A,7 10,1 7 10
1 3 4 7 10 13,0.0295148,21.9669,Yes,N/A,N/A,3,4,1 4,N/A,7,1 7,N/A,10,4 7,1 4 7,13,4 10,1 4 10,3 13,4 13,1 4 13
1 3 4 7 10 12,0.0439312,19.1908,Yes,N/A,N/A,3,4,1 4,N/A,7,1 7,N/A,10,4 7,12,3 10,4 10,3 12,4 12,7 10,1 7 10
1 3 4 7 10 12 13,0.020422,28.9238,Yes,N/A,N/A,3,4,1 4,N/A,7,1 7,N/A,10,4 7,12,13,4 10,3 12,3 13,4 13,1 4 13
3 4 7 10,0.0472045,16.7982,Yes,N/A,N/A,3,4,N/A,N/A,7,N/A,N/A,10,4 7,N/A,3 10,4 10,N/A,N/A,7 10,N/A
3 4 7 10 13,0.0146423,27.8685,Yes,N/A,N/A,3,4,N/A,N/A,7,N/A,N/A,10,4 7,N/A,13,4 10,N/A,3 13,4 13,N/A
1 3 4 7 10 11,0.0434752,18.8559,Yes,N/A,N/A,3,4,1 4,N/A,7,1 7,N/A,10,11,1 11,3 10,3 11,4 11,1 4 11,7 10,7 11
1 3 4 7 10 11 13,0.0208148,28.2369,Yes,N/A,N/A,3,4,1 4,N/A,7,1 7,N/A,10,11,1 11,13,3 11,4 11,3 13,4 13,7 11
1 3 4 7 10 11 12,0.0267443,26.1741,Yes,N/A,N/A,3,4,1 4,N/A,7,1 7,N/A,10,11,12,3 10,3 11,3 12,4 12,7 10,7 11
1 3 4 7 10 11 12 13,0.0144062,35.5286,Yes,N/A,N/A,3,4,1 4,N/A,7,1 7,N/A,10,11,12,13,3 11,3 12,3 13,4 13,7 11
1 3 4 7 9,0.100003,9.19417,Yes,N/A,N/A,3,4,1 4,N/A,7,1 7,9,3 7,4 7,3 9,4 9,3 4 7,1 3 4 7,7 9,1 7 9,N/A
1 3 4 7 9 13,0.0411313,18.2818,Yes,N/A,N/A,3,4,1 4,N/A,7,1 7,9,3 7,4 7,3 9,13,3 4 7,1 3 4 7,3 13,4 13,1 4 13
1 3 4 7 9 12,0.0541458,16.3587,Yes,N/A,N/A,3,4,1 4,N/A,7,1 7,9,3 7,4 7,12,4 9,3 4 7,3 12,4 12,1 4 12,N/A
1 3 4 7 9 12 13,0.0242345,25.7257,Yes,N/A,N/A,3,4,1 4,N/A,7,1 7,9,3 7,4 7,12,13,3 4 7,3 12,3 13,4 13,1 4 13
1 3 4 7 9 11,0.0628745,14.4503,Yes,N/A,N/A,3,4,1 4,N/A,7,1 7,9,3 7,11,3 9,4 9,3 11,4 11,7 9,1 7 9,7 11
1 3 4 7 9 11 13,0.0300059,22.7714,Yes,N/A,N/A,3,4,1 4,N/A,7,1 7,9,3 7,11,3 9,13,3 11,4 11,3 13,4 13,7 11
1 3 4 7 9 11 12,0.0374248,21.2133,Yes,N/A,N/A,3,4,1 4,N/A,7,1 7,9,3 7,11,12,4 9,3 11,3 12,4 12,1 4 12,7 11
1 3 4 7 9 11 12 13,0.0192225,29.8679,Yes,N/A,N/A,3,4,1 4,N/A,7,1 7,9,3 7,11,12,13,3 11,3 12,3 13,4 13,7 11
1 3 4 7 9 10,0.0715172,13.3053,Yes,N/A,N/A,3,4,1 4,N/A,7,1 7,9,10,4 7,3 9,3 10,4 10,1 4 10,7 9,7 10,1 7 10
1 3 4 7 9 10 13,0.0326418,22.4087,Yes,N/A,N/A,3,4,1 4,N/A,7,1 7,9,10,4 7,3 9,13,4 10,1 4 10,3 13,4 13,1 4 13
1 3 4 7 9 10 12,0.0418451,20.1479,Yes,N/A,N/A,3,4,1 4,N/A,7,1 7,9,10,4 7,12,3 10,4 10,3 12,4 12,7 10,1 7 10
1 3 4 7 9 10 12 13,0.0214,29.0851,Yes,N/A,N/A,3,4,1 4,N/A,7,1 7,9,10,4 7,12,13,4 10,3 12,3 13,4 13,1 4 13
1 3 4 7 9 10 11,0.0462328,18.5338,Yes,N/A,N/A,3,4,1 4,N/A,7,1 7,9,10,11,3 9,3 10,3 11,4 11,7 9,7 10,7 11
1 3 4 7 9 10 11 13,0.0240905,27.0374,Yes,N/A,N/A,3,4,1 4,N/A,7,1 7,9,10,11,3 9,13,3 11,4 11,3 13,4 13,7 11
1 3 4 7 9 10 11 12,0.0300149,24.8898,Yes,N/A,N/A,3,4,1 4,N/A,7,1 7,9,10,11,12,3 10,3 11,3 12,4 12,7 10,7 11
1 3 4 7 9 10 11 12 13,0.0171873,33.2593,Yes,N/A,N/A,3,4,1 4,N/A,7,1 7,9,10,11,12,13,3 11,3 12,3 13,4 13,7 11
3 4 7 12,0.0382095,17.7835,Yes,N/A,N/A,3,4,N/A,N/A,7,N/A,N/A,3 7,4 7,12,N/A,3 4 7,3 12,4 12,N/A,N/A
3 4 7 12 13,0.0149475,27.0582,Yes,N/A,N/A,3,4,N/A,N/A,7,N/A,N/A,3 7,4 7,12,13,3 4 7,3 12,3 13,4 13,N/A
3 4 7 11 13,0.0137674,27.8438,Yes,N/A,N/A,3,4,N/A,N/A,7,N/A,N/A,3 7,11,N/A,13,3 11,4 11,3 13,4 13,7 11
3 4 7 11 12,0.0169001,26.6836,Yes,N/A,N/A,3,4,N/A,N/A,7,N/A,N/A,3 7,11,12,N/A,3 11,3 12,4 12,N/A,7 11
3 4 7 11 12 13,0.00817349,35.1922,Yes,N/A,N/A,3,4,N/A,N/A,7,N/A,N/A,3 7,11,12,13,3 11,3 12,3 13,4 13,7 11
3 4 7 10 12,0.025142,23.4515,Yes,N/A,N/A,3,4,N/A,N/A,7,N/A,N/A,10,4 7,12,3 10,4 10,3 12,4 12,7 10,N/A
3 4 7 10 12 13,0.00994239,34.1421,Yes,N/A,N/A,3,4,N/A,N/A,7,N/A,N/A,10,4 7,12,13,4 10,3 12,3 13,4 13,N/A
3 4 7 10 11,0.0192745,25.271,Yes,N/A,N/A,3,4,N/A,N/A,7,N/A,N/A,10,11,N/A,3 10,3 11,4 11,N/A,7 10,7 11
3 4 7 10 11 13,0.00826876,35.7958,Yes,N/A,N/A,3,4,N/A,N/A,7,N/A,N/A,10,11,N/A,13,3 11,4 11,3 13,4 13,7 11
3 4 7 10 11 12,0.0123109,31.8121,Yes,N/A,N/A,3,4,N/A,N/A,7,N/A,N/A,10,11,12,3 10,3 11,3 12,4 12,7 10,7 11
3 4 7 10 11 12 13,0.00609042,42.0099,Yes,N/A,N/A,3,4,N/A,N/A,7,N/A,N/A,10,11,12,13,3 11,3 12,3 13,4 13,7 11
1 3 4 7 8,0.104708,8.93797,Yes,N/A,N/A,3,4,1 4,N/A,7,8,1 8,3 7,3 8,4 8,1 4 8,3 4 7,7 8,1 7 8,N/A,3 7 8
1 3 4 7 8 13,0.0454571,17.1429,Yes,N/A,N/A,3,4,1 4,N/A,7,8,1 8,3 7,3 8,4 8,13,3 4 7,7 8,3 13,4 13,3 7 8
3 4 7 8,0.0682412,13.2475,Yes,N/A,N/A,3,4,N/A,N/A,7,8,N/A,3 7,3 8,4 8,N/A,3 4 7,7 8,N/A,N/A,3 7 8
1 3 4 7 8 12,0.0541564,15.84,Yes,N/A,N/A,3,4,1 4,N/A,7,8,1 8,3 7,3 8,12,1 12,3 4 7,3 12,4 12,1 4 12,3 7 8
1 3 4 7 8 12 13,0.0251372,24.7476,Yes,N/A,N/A,3,4,1 4,N/A,7,8,1 8,3 7,3 8,12,13,3 4 7,3 12,3 13,4 13,3 7 8
1 3 4 7 8 11,0.0588179,15.2049,Yes,N/A,N/A,3,4,1 4,N/A,7,8,1 8,3 7,11,4 8,1 4 8,3 11,4 11,1 4 11,N/A,7 11
1 3 4 7 8 11 13,0.0310038,22.49,Yes,N/A,N/A,3,4,1 4,N/A,7,8,1 8,3 7,11,4 8,13,3 11,4 11,3 13,4 13,7 11
3 4 7 8 11,0.0296678,21.7214,Yes,N/A,N/A,3,4,N/A,N/A,7,8,N/A,3 7,11,4 8,N/A,3 11,4 11,N/A,N/A,7 11
1 3 4 7 8 11 12,0.0336296,22.0609,Yes,N/A,N/A,3,4,1 4,N/A,7,8,1 8,3 7,11,12,1 12,3 11,3 12,4 12,1 4 12,7 11
1 3 4 7 8 11 12 13,0.0184782,30.0554,Yes,N/A,N/A,3,4,1 4,N/A,7,8,1 8,3 7,11,12,13,3 11,3 12,3 13,4 13,7 11
1 3 4 7 8 10,0.0685864,13.1242,Yes,N/A,N/A,3,4,1 4,N/A,7,8,1 8,10,3 8,4 8,3 10,4 10,7 8,1 7 8,7 10,8 10
1 3 4 7 8 10 13,0.0329821,21.7568,Yes,N/A,N/A,3,4,1 4,N/A,7,8,1 8,10,3 8,4 8,13,4 10,7 8,3 13,4 13,8 10
1 3 4 7 8 10 12,0.0424456,19.4131,Yes,N/A,N/A,3,4,1 4,N/A,7,8,1 8,10,3 8,12,3 10,4 10,3 12,4 12,7 10,8 10
1 3 4 7 8 10 12 13,0.0224218,27.8488,Yes,N/A,N/A,3,4,1 4,N/A,7,8,1 8,10,3 8,12,13,4 10,3 12,3 13,4 13,8 10
1 3 4 7 8 10 11,0.0438031,19.0631,Yes,N/A,N/A,3,4,1 4,N/A,7,8,1 8,10,11,4 8,3 10,3 11,4 11,1 4 11,7 10,7 11
1 3 4 7 8 10 11 13,0.024056,27.1275,Yes,N/A,N/A,3,4,1 4,N/A,7,8,1 8,10,11,4 8,13,3 11,4 11,3 13,4 13,7 11
1 3 4 7 8 10 11 12,0.0284555,25.4091,Yes,N/A,N/A,3,4,1 4,N/A,7,8,1 8,10,11,12,3 10,3 11,3 12,4 12,7 10,7 11
1 3 4 7 8 10 11 12 13,0.017066,33.1351,Yes,N/A,N/A,3,4,1 4,N/A,7,8,1 8,10,11,12,13,3 11,3 12,3 13,4 13,7 11
1 3 4 7 8 9,0.0796143,11.5592,Yes,N/A,N/A,3,4,1 4,N/A,7,8,9,3 7,3 8,3 9,4 9,3 4 7,7 8,7 9,8 9,3 7 8
1 3 4 7 8 9 13,0.0377323,20.155,Yes,N/A,N/A,3,4,1 4,N/A,7,8,9,3 7,3 8,3 9,13,3 4 7,7 8,3 13,4 13,3 7 8
1 3 4 7 8 9 12,0.0459229,18.6032,Yes,N/A,N/A,3,4,1 4,N/A,7,8,9,3 7,3 8,12,4 9,3 4 7,3 12,4 12,8 9,3 7 8
1 3 4 7 8 9 12 13,0.0234327,27.2688,Yes,N/A,N/A,3,4,1 4,N/A,7,8,9,3 7,3 8,12,13,3 4 7,3 12,3 13,4 13,3 7 8
1 3 4 7 8 9 11,0.053012,16.9093,Yes,N/A,N/A,3,4,1 4,N/A,7,8,9,3 7,11,3 9,4 9,3 11,4 11,7 9,8 9,7 11
1 3 4 7 8 9 11 13,0.0288785,24.4776,Yes,N/A,N/A,3,4,1 4,N/A,7,8,9,3 7,11,3 9,13,3 11,4 11,3 13,4 13,7 11
1 3 4 7 8 9 11 12,0.0335039,23.2227,Yes,N/A,N/A,3,4,1 4,N/A,7,8,9,3 7,11,12,4 9,3 11,3 12,4 12,8 9,7 11
1 3 4 7 8 9 11 12 13,0.0194542,30.9424,Yes,N/A,N/A,3,4,1 4,N/A,7,8,9,3 7,11,12,13,3 11,3 12,3 13,4 13,7 11
1 3 4 7 8 9 10,0.0623821,14.9089,Yes,N/A,N/A,3,4,1 4,N/A,7,8,9,10,3 8,3 9,3 10,4 10,7 8,7 9,7 10,8 10
1 3 4 7 8 9 10 13,0.0321129,23.1606,Yes,N/A,N/A,3,4,1 4,N/A,7,8,9,10,3 8,3 9,13,4 10,7 8,3 13,4 13,8 10
1 3 4 7 8 9 10 12,0.0389978,21.4814,Yes,N/A,N/A,3,4,1 4,N/A,7,8,9,10,3 8,12,3 10,4 10,3 12,4 12,7 10,8 10
1 3 4 7 8 9 10 12 13,0.0223131,29.3339,Yes,N/A,N/A,3,4,1 4,N/A,7,8,9,10,3 8,12,13,4 10,3 12,3 13,4 13,8 10
1 3 4 7 8 9 10 11,0.0428659,20.2302,Yes,N/A,N/A,3,4,1 4,N/A,7,8,9,10,11,3 9,3 10,3 11,4 11,7 9,7 10,7 11
1 3 4 7 8 9 10 11 13,0.0249934,27.7352,Yes,N/A,N/A,3,4,1 4,N/A,7,8,9,10,11,3 9,13,3 11,4 11,3 13,4 13,7 11
1 3 4 7 8 9 10 11 12,0.0292973,26.2181,Yes,N/A,N/A,3,4,1 4,N/A,7,8,9,10,11,12,3 10,3 11,3 12,4 12,7 10,7 11
1 3 4 7 8 9 10 11 12 13,0.0187524,33.3241,Yes,N/A,N/A,3,4,1 4,N/A,7,8,9,10,11,12,13,3 11,3 12,3 13,4 13,7 11
1 3 4 6,0.112416,6.05059,Yes,N/A,N/A,3,4,1 4,6,3 4,1 3 4,3 6,4 6,1 4 6,N/A,3 4 6,1 3 4 6,N/A,N/A,N/A,N/A
3 4 6,0.108043,8.53201,Yes,N/A,N/A,3,4,N/A,6,3 4,N/A,3 6,4 6,N/A,N/A,3 4 6,N/A,N/A,N/A,N/A,N/A
1 3 4 6 13,0.0387507,15.5771,Yes,N/A,N/A,3,4,1 4,6,3 4,1 3 4,3 6,4 6,1 4 6,N/A,13,1 13,N/A,3 13,4 13,1 4 13
1 3 4 6 12,0.0671684,11.7718,Yes,N/A,N/A,3,4,1 4,6,3 4,1 3 4,3 6,4 6,1 4 6,12,3 4 6,1 3 4 6,3 12,4 12,1 4 12,6 12
3 4 6 12,0.0451275,16.3964,Yes,N/A,N/A,3,4,N/A,6,3 4,N/A,3 6,4 6,N/A,12,3 4 6,N/A,3 12,4 12,N/A,6 12
1 3 4 6 12 13,0.0276693,20.941,Yes,N/A,N/A,3,4,1 4,6,3 4,1 3 4,3 6,4 6,1 4 6,12,13,1 13,3 12,3 13,4 13,6 12
3 4 6 13,0.0228943,19.7342,Yes,N/A,N/A,3,4,N/A,6,3 4,N/A,3 6,4 6,N/A,N/A,13,N/A,N/A,3 13,4 13,N/A
1 3 4 6 11,0.0850811,10.0955,Yes,N/A,N/A,3,4,1 4,6,3 4,1 3 4,3 6,4 6,11,1 11,3 4 6,3 11,4 11,1 4 11,6 11,3 4 11
1 3 4 6 11 13,0.0341535,18.903,Yes,N/A,N/A,3,4,1 4,6,3 4,1 3 4,3 6,4 6,11,1 11,13,3 11,4 11,3 13,4 13,3 4 11
1 3 4 6 11 12,0.0449639,17.516,Yes,N/A,N/A,3,4,1 4,6,3 4,1 3 4,3 6,4 6,11,12,3 4 6,3 11,3 12,4 12,6 11,6 12
1 3 4 6 11 12 13,0.0212568,26.2253,Yes,N/A,N/A,3,4,1 4,6,3 4,1 3 4,3 6,4 6,11,12,13,3 11,3 12,3 13,4 13,6 12
3 4 6 12 13,0.0135215,27.2479,Yes,N/A,N/A,3,4,N/A,6,3 4,N/A,3 6,4 6,N/A,12,13,N/A,3 12,3 13,4 13,6 12
1 3 4 6 10,0.0823791,10.9464,Yes,N/A,N/A,3,4,1 4,6,3 4,1 3 4,3 6,10,1 10,N/A,3 10,4 10,1 4 10,6 10,3 4 10,1 3 4 10
1 3 4 6 10 13,0.0300667,20.7418,Yes,N/A,N/A,3,4,1 4,6,3 4,1 3 4,3 6,10,1 10,N/A,13,4 10,1 4 10,3 13,4 13,1 4 13
1 3 4 6 10 12,0.0505397,15.7976,Yes,N/A,N/A,3,4,1 4,6,3 4,1 3 4,3 6,10,1 10,12,3 10,4 10,3 12,4 12,3 4 10,6 12
1 3 4 6 10 12 13,0.0218798,24.9485,Yes,N/A,N/A,3,4,1 4,6,3 4,1 3 4,3 6,10,1 10,12,13,4 10,3 12,3 13,4 13,6 12
3 4 6 10,0.0498426,15.4341,Yes,N/A,N/A,3,4,N/A,6,3 4,N/A,3 6,10,N/A,N/A,3 10,4 10,N/A,6 10,3 4 10,N/A
3 4 6 10 13,0.0141095,26.8937,Yes,N/A,N/A,3,4,N/A,6,3 4,N/A,3 6,10,N/A,N/A,13,4 10,N/A,3 13,4 13,N/A
1 3 4 6 10 11,0.0542045,15.1005,Yes,N/A,N/A,3,4,1 4,6,3 4,1 3 4,3 6,10,11,1 11,3 10,3 11,4 11,6 10,6 11,3 4 11
1 3 4 6 10 11 13,0.0243639,23.971,Yes,N/A,N/A,3,4,1 4,6,3 4,1 3 4,3 6,10,11,1 11,13,3 11,4 11,3 13,4 13,3 4 11
1 3 4 6 10 11 12,0.0331095,21.5686,Yes,N/A,N/A,3,4,1 4,6,3 4,1 3 4,3 6,10,11,12,3 10,3 11,3 12,4 12,6 11,6 12
1 3 4 6 10 11 12 13,0.0170163,30.0876,Yes,N/A,N/A,3,4,1 4,6,3 4,1 3 4,3 6,10,11,12,13,3 11,3 12,3 13,4 13,6 12
1 3 4 6 9,0.105836,8.54003,Yes,N/A,N/A,3,4,1 4,6,3 4,1 3 4,9,4 6,1 4 6,3 9,4 9,1 4 9,6 9,3 4 9,1 3 4 9,3 6 9
3 4 6 9,0.0643614,13.3811,Yes,N/A,N/A,3,4,N/A,6,3 4,N/A,9,4 6,N/A,3 9,4 9,N/A,6 9,3 4 9,N/A,3 6 9
1 3 4 6 9 13,0.0435633,17.1745,Yes,N/A,N/A,3,4,1 4,6,3 4,1 3 4,9,4 6,1 4 6,3 9,13,1 13,6 9,3 13,4 13,3 6 9
1 3 4 6 9 12,0.050015,15.9186,Yes,N/A,N/A,3,4,1 4,6,3 4,1 3 4,9,4 6,1 4 6,12,4 9,1 4 9,3 12,4 12,1 4 12,6 12
3 4 6 9 12,0.0240051,23.0802,Yes,N/A,N/A,3,4,N/A,6,3 4,N/A,9,4 6,N/A,12,4 9,N/A,3 12,4 12,N/A,6 12
1 3 4 6 9 12 13,0.0239746,24.5306,Yes,N/A,N/A,3,4,1 4,6,3 4,1 3 4,9,4 6,1 4 6,12,13,1 13,3 12,3 13,4 13,6 12
1 3 4 6 9 11,0.0666189,13.2878,Yes,N/A,N/A,3,4,1 4,6,3 4,1 3 4,9,4 6,11,3 9,4 9,3 11,4 11,3 4 9,6 11,3 4 11
1 3 4 6 9 11 13,0.0318646,21.4027,Yes,N/A,N/A,3,4,1 4,6,3 4,1 3 4,9,4 6,11,3 9,13,3 11,4 11,3 13,4 13,3 4 11
1 3 4 6 9 11 12,0.0386783,19.8322,Yes,N/A,N/A,3,4,1 4,6,3 4,1 3 4,9,4 6,11,12,4 9,3 11,3 12,4 12,6 11,6 12
1 3 4 6 9 11 12 13,0.0203557,28.0916,Yes,N/A,N/A,3,4,1 4,6,3 4,1 3 4,9,4 6,11,12,13,3 11,3 12,3 13,4 13,6 12
3 4 6 9 13,0.0195625,24.1971,Yes,N/A,N/A,3,4,N/A,6,3 4,N/A,9,4 6,N/A,3 9,13,N/A,6 9,3 13,4 13,3 6 9
3 4 6 9 12 13,0.00940847,33.7842,Yes,N/A,N/A,3,4,N/A,6,3 4,N/A,9,4 6,N/A,12,13,N/A,3 12,3 13,4 13,6 12
1 3 4 6 9 10,0.0643208,12.9211,Yes,N/A,N/A,3,4,1 4,6,3 4,1 3 4,9,10,1 10,3 9,3 10,4 10,6 9,6 10,3 4 10,3 6 9
1 3 4 6 9 10 13,0.0289994,21.7942,Yes,N/A,N/A,3,4,1 4,6,3 4,1 3 4,9,10,1 10,3 9,13,4 10,6 9,3 13,4 13,3 6 9
1 3 4 6 9 10 12,0.0377749,19.5273,Yes,N/A,N/A,3,4,1 4,6,3 4,1 3 4,9,10,1 10,12,3 10,4 10,3 12,4 12,3 4 10,6 12
1 3 4 6 9 10 12 13,0.0191377,28.1386,Yes,N/A,N/A,3,4,1 4,6,3 4,1 3 4,9,10,1 10,12,13,4 10,3 12,3 13,4 13,6 12
1 3 4 6 9 10 11,0.0448697,17.8151,Yes,N/A,N/A,3,4,1 4,6,3 4,1 3 4,9,10,11,3 9,3 10,3 11,4 11,6 10,6 11,3 4 11
1 3 4 6 9 10 11 13,0.0230974,25.9456,Yes,N/A,N/A,3,4,1 4,6,3 4,1 3 4,9,10,11,3 9,13,3 11,4 11,3 13,4 13,3 4 11
1 3 4 6 9 10 11 12,0.0296427,23.6899,Yes,N/A,N/A,3,4,1 4,6,3 4,1 3 4,9,10,11,12,3 10,3 11,3 12,4 12,6 11,6 12
1 3 4 6 9 10 11 12 13,0.0168244,31.4263,Yes,N/A,N/A,3,4,1 4,6,3 4,1 3 4,9,10,11,12,13,3 11,3 12,3 13,4 13,6 12
1 3 4 6 8,0.116739,7.41855,Yes,N/A,N/A,3,4,1 4,6,3 4,8,3 6,4 6,3 8,4 8,3 4 6,6 8,3 4 8,1 3 4 8,3 6 8,4 6 8
1 3 4 6 8 13,0.0499768,15.6687,Yes,N/A,N/A,3,4,1 4,6,3 4,8,3 6,4 6,3 8,4 8,13,6 8,3 4 8,3 13,4 13,4 6 8
1 3 4 6 8 12,0.0617822,13.9267,Yes,N/A,N/A,3,4,1 4,6,3 4,8,3 6,4 6,3 8,12,3 4 6,6 8,3 12,4 12,3 6 8,6 12
1 3 4 6 8 12 13,0.0295786,22.1775,Yes,N/A,N/A,3,4,1 4,6,3 4,8,3 6,4 6,3 8,12,13,6 8,3 12,3 13,4 13,6 12
1 3 4 6 8 11,0.07287,12.3402,Yes,N/A,N/A,3,4,1 4,6,3 4,8,3 6,4 6,11,4 8,3 4 6,3 11,4 11,1 4 11,6 11,3 4 11
1 3 4 6 8 11 13,0.0362159,19.7408,Yes,N/A,N/A,3,4,1 4,6,3 4,8,3 6,4 6,11,4 8,13,3 11,4 11,3 13,4 13,3 4 11
1 3 4 6 8 11 12,0.0413232,19.135,Yes,N/A,N/A,3,4,1 4,6,3 4,8,3 6,4 6,11,12,3 4 6,3 11,3 12,4 12,6 11,6 12
1 3 4 6 8 11 12 13,0.0228567,26.548,Yes,N/A,N/A,3,4,1 4,6,3 4,8,3 6,4 6,11,12,13,3 11,3 12,3 13,4 13,6 12
1 3 4 6 8 10,0.0786897,10.8922,Yes,N/A,N/A,3,4,1 4,6,3 4,8,3 6,10,3 8,4 8,3 10,4 10,3 4 8,6 10,3 4 10,8 10
1 3 4 6 8 10 13,0.036386,19.4554,Yes,N/A,N/A,3,4,1 4,6,3 4,8,3 6,10,3 8,4 8,13,4 10,3 4 8,3 13,4 13,8 10
1 3 4 6 8 10 12,0.0484924,16.2844,Yes,N/A,N/A,3,4,1 4,6,3 4,8,3 6,10,3 8,12,3 10,4 10,3 12,4 12,3 4 10,6 12
1 3 4 6 8 10 12 13,0.0247247,24.5925,Yes,N/A,N/A,3,4,1 4,6,3 4,8,3 6,10,3 8,12,13,4 10,3 12,3 13,4 13,6 12
1 3 4 6 8 10 11,0.056065,15.1081,Yes,N/A,N/A,3,4,1 4,6,3 4,8,3 6,10,11,4 8,3 10,3 11,4 11,6 10,6 11,3 4 11
1 3 4 6 8 10 11 13,0.0291135,22.9289,Yes,N/A,N/A,3,4,1 4,6,3 4,8,3 6,10,11,4 8,13,3 11,4 11,3 13,4 13,3 4 11
1 3 4 6 8 10 11 12,0.0358256,20.776,Yes,N/A,N/A,3,4,1 4,6,3 4,8,3 6,10,11,12,3 10,3 11,3 12,4 12,6 11,6 12
1 3 4 6 8 10 11 12 13,0.0205902,28.2154,Yes,N/A,N/A,3,4,1 4,6,3 4,8,3 6,10,11,12,13,3 11,3 12,3 13,4 13,6 12
1 3 4 6 8 9,0.086144,9.7303,Yes,N/A,N/A,3,4,1 4,6,3 4,8,9,4 6,3 8,3 9,4 9,6 8,6 9,3 4 9,8 9,3 6 9
1 3 4 6 8 9 13,0.0418979,17.8103,Yes,N/A,N/A,3,4,1 4,6,3 4,8,9,4 6,3 8,3 9,13,6 8,6 9,3 13,4 13,3 6 9
1 3 4 6 8 9 12,0.0519818,15.8646,Yes,N/A,N/A,3,4,1 4,6,3 4,8,9,4 6,3 8,12,4 9,6 8,3 12,4 12,8 9,6 12
1 3 4 6 8 9 12 13,0.0271095,23.975,Yes,N/A,N/A,3,4,1 4,6,3 4,8,9,4 6,3 8,12,13,6 8,3 12,3 13,4 13,6 12
1 3 4 6 8 9 11,0.0598781,14.474,Yes,N/A,N/A,3,4,1 4,6,3 4,8,9,4 6,11,3 9,4 9,3 11,4 11,3 4 9,6 11,3 4 11
1 3 4 6 8 9 11 13,0.0324215,21.5365,Yes,N/A,N/A,3,4,1 4,6,3 4,8,9,4 6,11,3 9,13,3 11,4 11,3 13,4 13,3 4 11
1 3 4 6 8 9 11 12,0.0383869,20.2675,Yes,N/A,N/A,3,4,1 4,6,3 4,8,9,4 6,11,12,4 9,3 11,3 12,4 12,6 11,6 12
1 3 4 6 8 9 11 12 13,0.0224609,27.4419,Yes,N/A,N/A,3,4,1 4,6,3 4,8,9,4 6,11,12,13,3 11,3 12,3 13,4 13,6 12
1 3 4 6 8 9 10,0.0651872,13.3029,Yes,N/A,N/A,3,4,1 4,6,3 4,8,9,10,3 8,3 9,3 10,4 10,6 9,6 10,3 4 10,8 10
1 3 4 6 8 9 10 13,0.0333195,21.2222,Yes,N/A,N/A,3,4,1 4,6,3 4,8,9,10,3 8,3 9,13,4 10,6 9,3 13,4 13,8 10
1 3 4 6 8 9 10 12,0.0419866,18.7053,Yes,N/A,N/A,3,4,1 4,6,3 4,8,9,10,3 8,12,3 10,4 10,3 12,4 12,3 4 10,6 12
1 3 4 6 8 9 10 12 13,0.0236948,26.2124,Yes,N/A,N/A,3,4,1 4,6,3 4,8,9,10,3 8,12,13,4 10,3 12,3 13,4 13,6 12
1 3 4 6 8 9 10 11,0.0487054,17.2467,Yes,N/A,N/A,3,4,1 4,6,3 4,8,9,10,11,3 9,3 10,3 11,4 11,6 10,6 11,3 4 11
1 3 4 6 8 9 10 11 13,0.0275843,24.1673,Yes,N/A,N/A,3,4,1 4,6,3 4,8,9,10,11,3 9,13,3 11,4 11,3 13,4 13,3 4 11
1 3 4 6 8 9 10 11 12,0.0336862,22.1688,Yes,N/A,N/A,3,4,1 4,6,3 4,8,9,10,11,12,3 10,3 11,3 12,4 12,6 11,6 12
1 3 4 6 8 9 10 11 12 13,0.020948,28.7427,Yes,N/A,N/A,3,4,1 4,6,3 4,8,9,10,11,12,13,3 11,3 12,3 13,4 13,6 12
3 4 6 11,0.0591338,14.432,Yes,N/A,N/A,3,4,N/A,6,3 4,N/A,3 6,4 6,11,N/A,3 4 6,3 11,4 11,N/A,6 11,3 4 11
3 4 6 11 13,0.0184641,24.7296,Yes,N/A,N/A,3,4,N/A,6,3 4,N/A,3 6,4 6,11,N/A,13,3 11,4 11,3 13,4 13,3 4 11
3 4 6 11 12,0.0277936,21.3447,Yes,N/A,N/A,3,4,N/A,6,3 4,N/A,3 6,4 6,11,12,3 4 6,3 11,3 12,4 12,6 11,6 12
3 4 6 11 12 13,0.0111853,31.1338,Yes,N/A,N/A,3,4,N/A,6,3 4,N/A,3 6,4 6,11,12,13,3 11,3 12,3 13,4 13,6 12
3 4 6 10 12,0.0241901,22.4668,Yes,N/A,N/A,3,4,N/A,6,3 4,N/A,3 6,10,N/A,12,3 10,4 10,3 12,4 12,3 4 10,6 12
3 4 6 10 12 13,0.00910645,33.1873,Yes,N/A,N/A,3,4,N/A,6,3 4,N/A,3 6,10,N/A,12,13,4 10,3 12,3 13,4 13,6 12
3 4 6 10 11,0.0280684,21.1731,Yes,N/A,N/A,3,4,N/A,6,3 4,N/A,3 6,10,11,N/A,3 10,3 11,4 11,6 10,6 11,3 4 11
3 4 6 10 11 13,0.0108027,31.8471,Yes,N/A,N/A,3,4,N/A,6,3 4,N/A,3 6,10,11,N/A,13,3 11,4 11,3 13,4 13,3 4 11
3 4 6 10 11 12,0.0166014,27.3509,Yes,N/A,N/A,3,4,N/A,6,3 4,N/A,3 6,10,11,12,3 10,3 11,3 12,4 12,6 11,6 12
3 4 6 10 11 12 13,0.00767009,37.0538,Yes,N/A,N/A,3,4,N/A,6,3 4,N/A,3 6,10,11,12,13,3 11,3 12,3 13,4 13,6 12
3 4 6 9 11,0.037593,18.0242,Yes,N/A,N/A,3,4,N/A,6,3 4,N/A,9,4 6,11,3 9,4 9,3 11,4 11,3 4 9,6 11,3 4 11
3 4 6 9 11 13,0.0150349,27.9782,Yes,N/A,N/A,3,4,N/A,6,3 4,N/A,9,4 6,11,3 9,13,3 11,4 11,3 13,4 13,3 4 11
3 4 6 9 11 12,0.0188675,26.3199,Yes,N/A,N/A,3,4,N/A,6,3 4,N/A,9,4 6,11,12,4 9,3 11,3 12,4 12,6 11,6 12
3 4 6 9 11 12 13,0.00882838,36.0152,Yes,N/A,N/A,3,4,N/A,6,3 4,N/A,9,4 6,11,12,13,3 11,3 12,3 13,4 13,6 12
3 4 6 9 10,0.0305675,19.4205,Yes,N/A,N/A,3,4,N/A,6,3 4,N/A,9,10,N/A,3 9,3 10,4 10,6 9,6 10,3 4 10,3 6 9
3 4 6 9 10 13,0.0118216,30.2592,Yes,N/A,N/A,3,4,N/A,6,3 4,N/A,9,10,N/A,3 9,13,4 10,6 9,3 13,4 13,3 6 9
3 4 6 9 10 12,0.0159576,28.404,Yes,N/A,N/A,3,4,N/A,6,3 4,N/A,9,10,N/A,12,3 10,4 10,3 12,4 12,3 4 10,6 12
3 4 6 9 10 12 13,0.00708626,39.1076,Yes,N/A,N/A,3,4,N/A,6,3 4,N/A,9,10,N/A,12,13,4 10,3 12,3 13,4 13,6 12
3 4 6 9 10 11,0.0227784,24.0576,Yes,N/A,N/A,3,4,N/A,6,3 4,N/A,9,10,11,3 9,3 10,3 11,4 11,6 10,6 11,3 4 11
3 4 6 9 10 11 13,0.0100642,34.0571,Yes,N/A,N/A,3,4,N/A,6,3 4,N/A,9,10,11,3 9,13,3 11,4 11,3 13,4 13,3 4 11
3 4 6 9 10 11 12,0.0135759,31.5635,Yes,N/A,N/A,3,4,N/A,6,3 4,N/A,9,10,11,12,3 10,3 11,3 12,4 12,6 11,6 12
3 4 6 9 10 11 12 13,0.00691343,41.2223,Yes,N/A,N/A,3,4,N/A,6,3 4,N/A,9,10,11,12,13,3 11,3 12,3 13,4 13,6 12
1 3 4 6 7,0.111562,7.13989,Yes,N/A,N/A,3,4,1 4,6,7,1 7,3 6,3 7,4 7,1 4 7,6 7,3 4 7,1 3 4 7,3 6 7,4 6 7,1 4 6 7
1 3 4 6 7 13,0.0450527,15.9148,Yes,N/A,N/A,3,4,1 4,6,7,1 7,3 6,3 7,4 7,1 4 7,13,3 4 7,1 3 4 7,3 13,4 13,1 4 13
1 3 4 6 7 12,0.0613656,13.3062,Yes,N/A,N/A,3,4,1 4,6,7,1 7,3 6,3 7,4 7,12,6 7,3 4 7,3 12,4 12,4 6 7,6 12
1 3 4 6 7 12 13,0.0283656,22.0282,Yes,N/A,N/A,3,4,1 4,6,7,1 7,3 6,3 7,4 7,12,13,3 4 7,3 12,3 13,4 13,6 12
3 4 6 7,0.0675793,11.3187,Yes,N/A,N/A,3,4,N/A,6,7,N/A,3 6,3 7,4 7,N/A,6 7,3 4 7,N/A,3 6 7,4 6 7,N/A
3 4 6 7 13,0.0218345,22.2036,Yes,N/A,N/A,3,4,N/A,6,7,N/A,3 6,3 7,4 7,N/A,13,3 4 7,N/A,3 13,4 13,N/A
1 3 4 6 7 11,0.0681558,11.911,Yes,N/A,N/A,3,4,1 4,6,7,1 7,3 6,3 7,11,1 11,6 7,3 11,4 11,3 6 7,6 11,7 11
1 3 4 6 7 11 13,0.0328209,20.036,Yes,N/A,N/A,3,4,1 4,6,7,1 7,3 6,3 7,11,1 11,13,3 11,4 11,3 13,4 13,7 11
1 3 4 6 7 11 12,0.0408096,18.3258,Yes,N/A,N/A,3,4,1 4,6,7,1 7,3 6,3 7,11,12,6 7,3 11,3 12,4 12,6 11,6 12
1 3 4 6 7 11 12 13,0.0215647,26.4141,Yes,N/A,N/A,3,4,1 4,6,7,1 7,3 6,3 7,11,12,13,3 11,3 12,3 13,4 13,6 12
1 3 4 6 7 10,0.0717158,11.2755,Yes,N/A,N/A,3,4,1 4,6,7,1 7,3 6,10,4 7,1 4 7,3 10,4 10,1 4 10,6 10,7 10,1 7 10
1 3 4 6 7 10 13,0.0318729,20.723,Yes,N/A,N/A,3,4,1 4,6,7,1 7,3 6,10,4 7,1 4 7,13,4 10,1 4 10,3 13,4 13,1 4 13
1 3 4 6 7 10 12,0.0469976,16.5628,Yes,N/A,N/A,3,4,1 4,6,7,1 7,3 6,10,4 7,12,3 10,4 10,3 12,4 12,7 10,6 12
1 3 4 6 7 10 12 13,0.0236969,25.1561,Yes,N/A,N/A,3,4,1 4,6,7,1 7,3 6,10,4 7,12,13,4 10,3 12,3 13,4 13,6 12
3 4 6 7 10,0.0363883,18.2921,Yes,N/A,N/A,3,4,N/A,6,7,N/A,3 6,10,4 7,N/A,3 10,4 10,N/A,6 10,7 10,N/A
3 4 6 7 10 13,0.0134084,29.5548,Yes,N/A,N/A,3,4,N/A,6,7,N/A,3 6,10,4 7,N/A,13,4 10,N/A,3 13,4 13,N/A
1 3 4 6 7 10 11,0.0499024,16.11,Yes,N/A,N/A,3,4,1 4,6,7,1 7,3 6,10,11,1 11,3 10,3 11,4 11,6 10,6 11,7 11
1 3 4 6 7 10 11 13,0.0249048,24.6913,Yes,N/A,N/A,3,4,1 4,6,7,1 7,3 6,10,11,1 11,13,3 11,4 11,3 13,4 13,7 11
1 3 4 6 7 10 11 12,0.0334179,21.62,Yes,N/A,N/A,3,4,1 4,6,7,1 7,3 6,10,11,12,3 10,3 11,3 12,4 12,6 11,6 12
1 3 4 6 7 10 11 12 13,0.0186232,29.59,Yes,N/A,N/A,3,4,1 4,6,7,1 7,3 6,10,11,12,13,3 11,3 12,3 13,4 13,6 12
1 3 4 6 7 9,0.0812247,9.70931,Yes,N/A,N/A,3,4,1 4,6,7,1 7,9,3 7,4 7,3 9,4 9,3 4 7,6 9,7 9,4 6 7,3 6 9
1 3 4 6 7 9 13,0.0383023,18.3,Yes,N/A,N/A,3,4,1 4,6,7,1 7,9,3 7,4 7,3 9,13,3 4 7,6 9,3 13,4 13,3 6 9
1 3 4 6 7 9 12,0.0486595,16.3213,Yes,N/A,N/A,3,4,1 4,6,7,1 7,9,3 7,4 7,12,4 9,3 4 7,3 12,4 12,4 6 7,6 12
1 3 4 6 7 9 12 13,0.0248886,24.7653,Yes,N/A,N/A,3,4,1 4,6,7,1 7,9,3 7,4 7,12,13,3 4 7,3 12,3 13,4 13,6 12
1 3 4 6 7 9 11,0.0622866,13.4277,Yes,N/A,N/A,3,4,1 4,6,7,1 7,9,3 7,11,3 9,4 9,3 11,4 11,7 9,6 11,7 11
1 3 4 6 7 9 11 13,0.0314033,21.5689,Yes,N/A,N/A,3,4,1 4,6,7,1 7,9,3 7,11,3 9,13,3 11,4 11,3 13,4 13,7 11
1 3 4 6 7 9 11 12,0.0393535,19.5345,Yes,N/A,N/A,3,4,1 4,6,7,1 7,9,3 7,11,12,4 9,3 11,3 12,4 12,6 11,6 12
1 3 4 6 7 9 11 12 13,0.021948,27.2065,Yes,N/A,N/A,3,4,1 4,6,7,1 7,9,3 7,11,12,13,3 11,3 12,3 13,4 13,6 12
1 3 4 6 7 9 10,0.0651722,13.1514,Yes,N/A,N/A,3,4,1 4,6,7,1 7,9,10,4 7,3 9,3 10,4 10,6 9,6 10,7 10,3 6 9
1 3 4 6 7 9 10 13,0.031329,21.8733,Yes,N/A,N/A,3,4,1 4,6,7,1 7,9,10,4 7,3 9,13,4 10,6 9,3 13,4 13,3 6 9
1 3 4 6 7 9 10 12,0.0408028,19.2713,Yes,N/A,N/A,3,4,1 4,6,7,1 7,9,10,4 7,12,3 10,4 10,3 12,4 12,7 10,6 12
1 3 4 6 7 9 10 12 13,0.0222374,27.4507,Yes,N/A,N/A,3,4,1 4,6,7,1 7,9,10,4 7,12,13,4 10,3 12,3 13,4 13,6 12
1 3 4 6 7 9 10 11,0.0483413,17.2122,Yes,N/A,N/A,3,4,1 4,6,7,1 7,9,10,11,3 9,3 10,3 11,4 11,6 10,6 11,7 11
1 3 4 6 7 9 10 11 13,0.0256942,25.2583,Yes,N/A,N/A,3,4,1 4,6,7,1 7,9,10,11,3 9,13,3 11,4 11,3 13,4 13,7 11
1 3 4 6 7 9 10 11 12,0.0331459,22.3625,Yes,N/A,N/A,3,4,1 4,6,7,1 7,9,10,11,12,3 10,3 11,3 12,4 12,6 11,6 12
1 3 4 6 7 9 10 11 12 13,0.019797,29.6727,Yes,N/A,N/A,3,4,1 4,6,7,1 7,9,10,11,12,13,3 11,3 12,3 13,4 13,6 12
1 3 4 6 7 8,0.0908242,8.30799,Yes,N/A,N/A,3,4,1 4,6,7,8,3 6,3 7,3 8,4 8,6 7,6 8,7 8,3 6 7,3 6 8,3 7 8
1 3 4 6 7 8 13,0.0437989,16.4495,Yes,N/A,N/A,3,4,1 4,6,7,8,3 6,3 7,3 8,4 8,13,6 8,7 8,3 13,4 13,3 7 8
1 3 4 6 7 8 12,0.0554041,14.6611,Yes,N/A,N/A,3,4,1 4,6,7,8,3 6,3 7,3 8,12,6 7,6 8,3 12,4 12,3 6 8,6 12
1 3 4 6 7 8 12 13,0.028722,22.6084,Yes,N/A,N/A,3,4,1 4,6,7,8,3 6,3 7,3 8,12,13,6 8,3 12,3 13,4 13,6 12
1 3 4 6 7 8 11,0.0656779,13.0892,Yes,N/A,N/A,3,4,1 4,6,7,8,3 6,3 7,11,4 8,6 7,3 11,4 11,3 6 7,6 11,7 11
1 3 4 6 7 8 11 13,0.0341469,20.4241,Yes,N/A,N/A,3,4,1 4,6,7,8,3 6,3 7,11,4 8,13,3 11,4 11,3 13,4 13,7 11
1 3 4 6 7 8 11 12,0.0408526,19.301,Yes,N/A,N/A,3,4,1 4,6,7,8,3 6,3 7,11,12,6 7,3 11,3 12,4 12,6 11,6 12
1 3 4 6 7 8 11 12 13,0.0232861,26.3628,Yes,N/A,N/A,3,4,1 4,6,7,8,3 6,3 7,11,12,13,3 11,3 12,3 13,4 13,6 12
1 3 4 6 7 8 10,0.0736889,11.9044,Yes,N/A,N/A,3,4,1 4,6,7,8,3 6,10,3 8,4 8,3 10,4 10,7 8,6 10,7 10,8 10
1 3 4 6 7 8 10 13,0.0353606,20.3494,Yes,N/A,N/A,3,4,1 4,6,7,8,3 6,10,3 8,4 8,13,4 10,7 8,3 13,4 13,8 10
1 3 4 6 7 8 10 12,0.0475666,17.2338,Yes,N/A,N/A,3,4,1 4,6,7,8,3 6,10,3 8,12,3 10,4 10,3 12,4 12,7 10,6 12
1 3 4 6 7 8 10 12 13,0.0255719,25.104,Yes,N/A,N/A,3,4,1 4,6,7,8,3 6,10,3 8,12,13,4 10,3 12,3 13,4 13,6 12
1 3 4 6 7 8 10 11,0.0529057,16.131,Yes,N/A,N/A,3,4,1 4,6,7,8,3 6,10,11,4 8,3 10,3 11,4 11,6 10,6 11,7 11
1 3 4 6 7 8 10 11 13,0.0286883,23.6179,Yes,N/A,N/A,3,4,1 4,6,7,8,3 6,10,11,4 8,13,3 11,4 11,3 13,4 13,7 11
1 3 4 6 7 8 10 11 12,0.0360464,21.1988,Yes,N/A,N/A,3,4,1 4,6,7,8,3 6,10,11,12,3 10,3 11,3 12,4 12,6 11,6 12
1 3 4 6 7 8 10 11 12 13,0.0217637,28.0245,Yes,N/A,N/A,3,4,1 4,6,7,8,3 6,10,11,12,13,3 11,3 12,3 13,4 13,6 12
1 3 4 6 7 8 9,0.0856815,10.2257,Yes,N/A,N/A,3,4,1 4,6,7,8,9,3 7,3 8,3 9,4 9,6 8,6 9,7 9,8 9,3 6 9
1 3 4 6 7 8 9 13,0.0418836,18.1572,Yes,N/A,N/A,3,4,1 4,6,7,8,9,3 7,3 8,3 9,13,6 8,6 9,3 13,4 13,3 6 9
1 3 4 6 7 8 9 12,0.0524562,16.1313,Yes,N/A,N/A,3,4,1 4,6,7,8,9,3 7,3 8,12,4 9,6 8,3 12,4 12,8 9,6 12
1 3 4 6 7 8 9 12 13,0.0284262,23.715,Yes,N/A,N/A,3,4,1 4,6,7,8,9,3 7,3 8,12,13,6 8,3 12,3 13,4 13,6 12
1 3 4 6 7 8 9 11,0.0612571,14.3856,Yes,N/A,N/A,3,4,1 4,6,7,8,9,3 7,11,3 9,4 9,3 11,4 11,7 9,6 11,7 11
1 3 4 6 7 8 9 11 13,0.0331552,21.5652,Yes,N/A,N/A,3,4,1 4,6,7,8,9,3 7,11,3 9,13,3 11,4 11,3 13,4 13,7 11
1 3 4 6 7 8 9 11 12,0.0406036,19.7345,Yes,N/A,N/A,3,4,1 4,6,7,8,9,3 7,11,12,4 9,3 11,3 12,4 12,6 11,6 12
1 3 4 6 7 8 9 11 12 13,0.0244773,26.3048,Yes,N/A,N/A,3,4,1 4,6,7,8,9,3 7,11,12,13,3 11,3 12,3 13,4 13,6 12
1 3 4 6 7 8 9 10,0.0663057,13.4794,Yes,N/A,N/A,3,4,1 4,6,7,8,9,10,3 8,3 9,3 10,4 10,6 9,6 10,7 10,8 10
1 3 4 6 7 8 9 10 13,0.0347792,21.2057,Yes,N/A,N/A,3,4,1 4,6,7,8,9,10,3 8,3 9,13,4 10,6 9,3 13,4 13,8 10
1 3 4 6 7 8 9 10 12,0.0442198,18.5801,Yes,N/A,N/A,3,4,1 4,6,7,8,9,10,3 8,12,3 10,4 10,3 12,4 12,7 10,6 12
1 3 4 6 7 8 9 10 12 13,0.0259835,25.6034,Yes,N/A,N/A,3,4,1 4,6,7,8,9,10,3 8,12,13,4 10,3 12,3 13,4 13,6 12
1 3 4 6 7 8 9 10 11,0.0502178,17.0835,Yes,N/A,N/A,3,4,1 4,6,7,8,9,10,11,3 9,3 10,3 11,4 11,6 10,6 11,7 11
1 3 4 6 7 8 9 10 11 13,0.029285,23.9582,Yes,N/A,N/A,3,4,1 4,6,7,8,9,10,11,3 9,13,3 11,4 11,3 13,4 13,7 11
1 3 4 6 7 8 9 10 11 12,0.0362369,21.4573,Yes,N/A,N/A,3,4,1 4,6,7,8,9,10,11,12,3 10,3 11,3 12,4 12,6 11,6 12
1 3 4 6 7 8 9 10 11 12 13,0.0235769,27.4334,Yes,N/A,N/A,3,4,1 4,6,7,8,9,10,11,12,13,3 11,3 12,3 13,4 13,6 12
1 2 3 4,0.147192,5.91801,Yes,N/A,2,3,4,2 3,2 4,3 4,1 3 4,2 3 4,1 2 3 4,N/A,N/A,N/A,N/A,N/A,N/A,N/A,N/A
2 3 4,0.116941,6.98026,Yes,N/A,2,3,4,2 3,2 4,3 4,N/A,2 3 4,N/A,N/A,N/A,N/A,N/A,N/A,N/A,N/A,N/A
1 2 3 4 13,0.0613468,13.4737,Yes,N/A,2,3,4,2 3,2 4,3 4,1 3 4,2 3 4,1 2 3 4,N/A,N/A,13,1 13,2 13,3 13,4 13,2 3 13
1 2 3 4 12,0.0834193,10.6326,Yes,N/A,2,3,4,2 3,2 4,3 4,1 3 4,2 3 4,1 2 3 4,N/A,12,1 12,2 12,3 12,4 12,2 3 12,2 4 12
1 2 3 4 12 13,0.0326454,20.4134,Yes,N/A,2,3,4,2 3,2 4,3 4,1 3 4,2 3 4,1 2 3 4,N/A,12,13,2 12,2 13,3 13,4 13,2 3 13
2 3 4 13,0.0327753,16.5742,Yes,N/A,2,3,4,2 3,2 4,3 4,N/A,2 3 4,N/A,N/A,N/A,13,N/A,2 13,3 13,4 13,2 3 13
1 2 3 4 11,0.10322,7.94936,Yes,N/A,2,3,4,2 3,2 4,3 4,1 3 4,2 3 4,1 2 3 4,11,1 11,2 11,3 11,4 11,2 3 11,2 4 11,3 4 11
1 2 3 4 11 13,0.0425143,16.6687,Yes,N/A,2,3,4,2 3,2 4,3 4,1 3 4,2 3 4,1 2 3 4,11,1 11,13,3 11,2 13,3 13,4 13,2 3 13
1 2 3 4 11 12,0.052645,15.0461,Yes,N/A,2,3,4,2 3,2 4,3 4,1 3 4,2 3 4,1 2 3 4,11,12,2 11,2 12,3 12,4 12,2 3 12,2 4 12
1 2 3 4 11 12 13,0.0247074,24.3872,Yes,N/A,2,3,4,2 3,2 4,3 4,1 3 4,2 3 4,1 2 3 4,11,12,13,2 12,2 13,3 13,4 13,2 3 13
2 3 4 12,0.043139,14.3341,Yes,N/A,2,3,4,2 3,2 4,3 4,N/A,2 3 4,N/A,N/A,12,N/A,2 12,3 12,4 12,2 3 12,2 4 12
2 3 4 12 13,0.0162142,24.0311,Yes,N/A,2,3,4,2 3,2 4,3 4,N/A,2 3 4,N/A,N/A,12,13,2 12,2 13,3 13,4 13,2 3 13
1 2 3 4 10,0.102087,6.97801,Yes,N/A,2,3,4,2 3,2 4,3 4,1 3 4,2 3 4,10,1 10,2 10,3 10,4 10,2 3 10,2 4 10,3 4 10,1 3 4 10
1 2 3 4 10 13,0.0468319,15.1553,Yes,N/A,2,3,4,2 3,2 4,3 4,1 3 4,2 3 4,10,1 10,2 10,13,4 10,2 13,3 13,4 13,2 3 13
1 2 3 4 10 12,0.0588314,13.1132,Yes,N/A,2,3,4,2 3,2 4,3 4,1 3 4,2 3 4,10,1 10,12,3 10,2 12,3 12,4 12,2 3 12,2 4 12
1 2 3 4 10 12 13,0.029313,21.9162,Yes,N/A,2,3,4,2 3,2 4,3 4,1 3 4,2 3 4,10,1 10,12,13,2 12,2 13,3 13,4 13,2 3 13
1 2 3 4 10 11,0.0683028,11.7752,Yes,N/A,2,3,4,2 3,2 4,3 4,1 3 4,2 3 4,10,11,2 10,2 11,3 11,4 11,2 3 11,2 4 11,3 4 11
1 2 3 4 10 11 13,0.0346783,20.1243,Yes,N/A,2,3,4,2 3,2 4,3 4,1 3 4,2 3 4,10,11,2 10,13,3 11,2 13,3 13,4 13,2 3 13
1 2 3 4 10 11 12,0.0423877,18.6516,Yes,N/A,2,3,4,2 3,2 4,3 4,1 3 4,2 3 4,10,11,12,2 11,2 12,3 12,4 12,2 3 12,2 4 12
1 2 3 4 10 11 12 13,0.0229582,27.4616,Yes,N/A,2,3,4,2 3,2 4,3 4,1 3 4,2 3 4,10,11,12,13,2 12,2 13,3 13,4 13,2 3 13
2 3 4 11,0.0528281,11.9882,Yes,N/A,2,3,4,2 3,2 4,3 4,N/A,2 3 4,N/A,11,N/A,2 11,3 11,4 11,2 3 11,2 4 11,3 4 11
2 3 4 11 13,0.0184493,22.8642,Yes,N/A,2,3,4,2 3,2 4,3 4,N/A,2 3 4,N/A,11,N/A,13,3 11,2 13,3 13,4 13,2 3 13
2 3 4 11 12,0.0266419,19.5487,Yes,N/A,2,3,4,2 3,2 4,3 4,N/A,2 3 4,N/A,11,12,2 11,2 12,3 12,4 12,2 3 12,2 4 12
2 3 4 11 12 13,0.0119872,29.8478,Yes,N/A,2,3,4,2 3,2 4,3 4,N/A,2 3 4,N/A,11,12,13,2 12,2 13,3 13,4 13,2 3 13
1 2 3 4 9,0.0943495,6.28505,Yes,N/A,2,3,4,2 3,2 4,3 4,1 3 4,9,1 9,2 9,3 9,4 9,2 3 9,2 4 9,3 4 9,1 3 4 9,2 3 4 9
1 2 3 4 9 13,0.0466266,14.2326,Yes,N/A,2,3,4,2 3,2 4,3 4,1 3 4,9,1 9,2 9,3 9,13,2 3 9,2 13,3 13,4 13,2 3 13
1 2 3 4 9 12,0.0604001,12.0299,Yes,N/A,2,3,4,2 3,2 4,3 4,1 3 4,9,1 9,2 9,12,4 9,2 12,3 12,4 12,2 3 12,2 4 12
1 2 3 4 9 12 13,0.0308129,20.5871,Yes,N/A,2,3,4,2 3,2 4,3 4,1 3 4,9,1 9,2 9,12,13,2 12,2 13,3 13,4 13,2 3 13
1 2 3 4 9 11,0.0722094,10.1814,Yes,N/A,2,3,4,2 3,2 4,3 4,1 3 4,9,1 9,11,3 9,2 11,3 11,4 11,2 3 11,2 4 11,3 4 11
1 2 3 4 9 11 13,0.0364789,18.729,Yes,N/A,2,3,4,2 3,2 4,3 4,1 3 4,9,1 9,11,3 9,13,3 11,2 13,3 13,4 13,2 3 13
1 2 3 4 9 11 12,0.0469544,16.5701,Yes,N/A,2,3,4,2 3,2 4,3 4,1 3 4,9,1 9,11,12,2 11,2 12,3 12,4 12,2 3 12,2 4 12
1 2 3 4 9 11 12 13,0.0255345,25.0043,Yes,N/A,2,3,4,2 3,2 4,3 4,1 3 4,9,1 9,11,12,13,2 12,2 13,3 13,4 13,2 3 13
1 2 3 4 9 10,0.0808348,9.26292,Yes,N/A,2,3,4,2 3,2 4,3 4,1 3 4,9,10,2 9,2 10,3 10,4 10,2 3 10,2 4 10,3 4 10,2 3 4 9
1 2 3 4 9 10 13,0.0423861,17.2546,Yes,N/A,2,3,4,2 3,2 4,3 4,1 3 4,9,10,2 9,2 10,13,4 10,2 13,3 13,4 13,2 3 13
1 2 3 4 9 10 12,0.0533449,15.2261,Yes,N/A,2,3,4,2 3,2 4,3 4,1 3 4,9,10,2 9,12,3 10,2 12,3 12,4 12,2 3 12,2 4 12
1 2 3 4 9 10 12 13,0.0291034,23.4047,Yes,N/A,2,3,4,2 3,2 4,3 4,1 3 4,9,10,2 9,12,13,2 12,2 13,3 13,4 13,2 3 13
1 2 3 4 9 10 11,0.0618864,13.9871,Yes,N/A,2,3,4,2 3,2 4,3 4,1 3 4,9,10,11,2 10,2 11,3 11,4 11,2 3 11,2 4 11,3 4 11
1 2 3 4 9 10 11 13,0.0341086,21.8384,Yes,N/A,2,3,4,2 3,2 4,3 4,1 3 4,9,10,11,2 10,13,3 11,2 13,3 13,4 13,2 3 13
1 2 3 4 9 10 11 12,0.0411545,20.3411,Yes,N/A,2,3,4,2 3,2 4,3 4,1 3 4,9,10,11,12,2 11,2 12,3 12,4 12,2 3 12,2 4 12
1 2 3 4 9 10 11 12 13,0.0243163,28.2,Yes,N/A,2,3,4,2 3,2 4,3 4,1 3 4,9,10,11,12,13,2 12,2 13,3 13,4 13,2 3 13
1 2 3 4 8,0.0920096,5.66823,Yes,N/A,2,3,4,2 3,2 4,3 4,8,2 3 4,2 8,3 8,4 8,2 3 8,2 4 8,3 4 8,1 3 4 8,2 3 4 8,1 2 3 4 8
1 2 3 4 8 13,0.0472122,13.4897,Yes,N/A,2,3,4,2 3,2 4,3 4,8,2 3 4,2 8,3 8,4 8,13,2 4 8,2 13,3 13,4 13,2 3 13
1 2 3 4 8 12,0.0628291,11.4173,Yes,N/A,2,3,4,2 3,2 4,3 4,8,2 3 4,2 8,3 8,12,2 3 8,2 12,3 12,4 12,2 3 12,2 4 12
1 2 3 4 8 12 13,0.0321012,19.9637,Yes,N/A,2,3,4,2 3,2 4,3 4,8,2 3 4,2 8,3 8,12,13,2 12,2 13,3 13,4 13,2 3 13
1 2 3 4 8 11,0.0762627,9.59963,Yes,N/A,2,3,4,2 3,2 4,3 4,8,2 3 4,2 8,11,4 8,2 11,3 11,4 11,2 3 11,2 4 11,3 4 11
1 2 3 4 8 11 13,0.0394383,17.5846,Yes,N/A,2,3,4,2 3,2 4,3 4,8,2 3 4,2 8,11,4 8,13,3 11,2 13,3 13,4 13,2 3 13
1 2 3 4 8 11 12,0.0489453,16.1969,Yes,N/A,2,3,4,2 3,2 4,3 4,8,2 3 4,2 8,11,12,2 11,2 12,3 12,4 12,2 3 12,2 4 12
1 2 3 4 8 11 12 13,0.0265834,24.5641,Yes,N/A,2,3,4,2 3,2 4,3 4,8,2 3 4,2 8,11,12,13,2 12,2 13,3 13,4 13,2 3 13
1 2 3 4 8 10,0.0876844,8.2543,Yes,N/A,2,3,4,2 3,2 4,3 4,8,2 3 4,10,3 8,2 10,3 10,4 10,2 3 10,2 4 10,3 4 10,8 10
1 2 3 4 8 10 13,0.0464673,15.8393,Yes,N/A,2,3,4,2 3,2 4,3 4,8,2 3 4,10,3 8,2 10,13,4 10,2 13,3 13,4 13,2 3 13
1 2 3 4 8 10 12,0.0583333,13.9533,Yes,N/A,2,3,4,2 3,2 4,3 4,8,2 3 4,10,3 8,12,3 10,2 12,3 12,4 12,2 3 12,2 4 12
1 2 3 4 8 10 12 13,0.0316767,22.1259,Yes,N/A,2,3,4,2 3,2 4,3 4,8,2 3 4,10,3 8,12,13,2 12,2 13,3 13,4 13,2 3 13
1 2 3 4 8 10 11,0.0669002,13.1186,Yes,N/A,2,3,4,2 3,2 4,3 4,8,2 3 4,10,11,2 10,2 11,3 11,4 11,2 3 11,2 4 11,3 4 11
1 2 3 4 8 10 11 13,0.0371532,20.4827,Yes,N/A,2,3,4,2 3,2 4,3 4,8,2 3 4,10,11,2 10,13,3 11,2 13,3 13,4 13,2 3 13
1 2 3 4 8 10 11 12,0.0448211,19.007,Yes,N/A,2,3,4,2 3,2 4,3 4,8,2 3 4,10,11,12,2 11,2 12,3 12,4 12,2 3 12,2 4 12
1 2 3 4 8 10 11 12 13,0.0261987,26.6756,Yes,N/A,2,3,4,2 3,2 4,3 4,8,2 3 4,10,11,12,13,2 12,2 13,3 13,4 13,2 3 13
1 2 3 4 8 9,0.0950178,7.44684,Yes,N/A,2,3,4,2 3,2 4,3 4,8,9,2 8,2 9,3 9,4 9,2 3 9,2 4 9,3 4 9,8 9,2 3 4 9
1 2 3 4 8 9 13,0.0501806,14.9146,Yes,N/A,2,3,4,2 3,2 4,3 4,8,9,2 8,2 9,3 9,13,2 3 9,2 13,3 13,4 13,2 3 13
1 2 3 4 8 9 12,0.0636876,13.0966,Yes,N/A,2,3,4,2 3,2 4,3 4,8,9,2 8,2 9,12,4 9,2 12,3 12,4 12,2 3 12,2 4 12
1 2 3 4 8 9 12 13,0.0341818,21.0426,Yes,N/A,2,3,4,2 3,2 4,3 4,8,9,2 8,2 9,12,13,2 12,2 13,3 13,4 13,2 3 13
1 2 3 4 8 9 11,0.0764843,11.1149,Yes,N/A,2,3,4,2 3,2 4,3 4,8,9,2 8,11,3 9,2 11,3 11,4 11,2 3 11,2 4 11,3 4 11
1 2 3 4 8 9 11 13,0.0419337,18.4283,Yes,N/A,2,3,4,2 3,2 4,3 4,8,9,2 8,11,3 9,13,3 11,2 13,3 13,4 13,2 3 13
1 2 3 4 8 9 11 12,0.0501167,17.1139,Yes,N/A,2,3,4,2 3,2 4,3 4,8,9,2 8,11,12,2 11,2 12,3 12,4 12,2 3 12,2 4 12
1 2 3 4 8 9 11 12 13,0.0292344,24.5169,Yes,N/A,2,3,4,2 3,2 4,3 4,8,9,2 8,11,12,13,2 12,2 13,3 13,4 13,2 3 13
1 2 3 4 8 9 10,0.0834456,10.5937,Yes,N/A,2,3,4,2 3,2 4,3 4,8,9,10,2 9,2 10,3 10,4 10,2 3 10,2 4 10,3 4 10,8 10
1 2 3 4 8 9 10 13,0.0469009,17.5259,Yes,N/A,2,3,4,2 3,2 4,3 4,8,9,10,2 9,2 10,13,4 10,2 13,3 13,4 13,2 3 13
1 2 3 4 8 9 10 12,0.0566182,15.7361,Yes,N/A,2,3,4,2 3,2 4,3 4,8,9,10,2 9,12,3 10,2 12,3 12,4 12,2 3 12,2 4 12
1 2 3 4 8 9 10 12 13,0.0330884,23.0375,Yes,N/A,2,3,4,2 3,2 4,3 4,8,9,10,2 9,12,13,2 12,2 13,3 13,4 13,2 3 13
1 2 3 4 8 9 10 11,0.062764,14.9236,Yes,N/A,2,3,4,2 3,2 4,3 4,8,9,10,11,2 10,2 11,3 11,4 11,2 3 11,2 4 11,3 4 11
1 2 3 4 8 9 10 11 13,0.0378694,21.4446,Yes,N/A,2,3,4,2 3,2 4,3 4,8,9,10,11,2 10,13,3 11,2 13,3 13,4 13,2 3 13
1 2 3 4 8 9 10 11 12,0.0442505,20.1434,Yes,N/A,2,3,4,2 3,2 4,3 4,8,9,10,11,12,2 11,2 12,3 12,4 12,2 3 12,2 4 12
1 2 3 4 8 9 10 11 12 13,0.0283364,26.7558,Yes,N/A,2,3,4,2 3,2 4,3 4,8,9,10,11,12,13,2 12,2 13,3 13,4 13,2 3 13
2 3 4 10,0.0599083,9.77617,Yes,N/A,2,3,4,2 3,2 4,3 4,N/A,2 3 4,10,N/A,2 10,3 10,4 10,2 3 10,2 4 10,3 4 10,N/A
2 3 4 10 13,0.0230083,20.0675,Yes,N/A,2,3,4,2 3,2 4,3 4,N/A,2 3 4,10,N/A,2 10,13,4 10,2 13,3 13,4 13,2 3 13
2 3 4 10 12,0.0296192,18.571,Yes,N/A,2,3,4,2 3,2 4,3 4,N/A,2 3 4,10,N/A,12,3 10,2 12,3 12,4 12,2 3 12,2 4 12
2 3 4 10 12 13,0.0132641,28.9267,Yes,N/A,2,3,4,2 3,2 4,3 4,N/A,2 3 4,10,N/A,12,13,2 12,2 13,3 13,4 13,2 3 13
2 3 4 10 11,0.040634,15.2274,Yes,N/A,2,3,4,2 3,2 4,3 4,N/A,2 3 4,10,11,2 10,2 11,3 11,4 11,2 3 11,2 4 11,3 4 11
2 3 4 10 11 13,0.0183469,24.9975,Yes,N/A,2,3,4,2 3,2 4,3 4,N/A,2 3 4,10,11,2 10,13,3 11,2 13,3 13,4 13,2 3 13
2 3 4 10 11 12,0.0239684,23.1109,Yes,N/A,2,3,4,2 3,2 4,3 4,N/A,2 3 4,10,11,12,2 11,2 12,3 12,4 12,2 3 12,2 4 12
2 3 4 10 11 12 13,0.011624,32.8853,Yes,N/A,2,3,4,2 3,2 4,3 4,N/A,2 3 4,10,11,12,13,2 12,2 13,3 13,4 13,2 3 13
2 3 4 9,0.0543273,8.96354,Yes,N/A,2,3,4,2 3,2 4,3 4,N/A,9,N/A,2 9,3 9,4 9,2 3 9,2 4 9,3 4 9,N/A,2 3 4 9
2 3 4 9 13,0.0233846,19.0192,Yes,N/A,2,3,4,2 3,2 4,3 4,N/A,9,N/A,2 9,3 9,13,2 3 9,2 13,3 13,4 13,2 3 13
2 3 4 9 12,0.0314742,17.3681,Yes,N/A,2,3,4,2 3,2 4,3 4,N/A,9,N/A,2 9,12,4 9,2 12,3 12,4 12,2 3 12,2 4 12
2 3 4 9 12 13,0.0143688,27.5938,Yes,N/A,2,3,4,2 3,2 4,3 4,N/A,9,N/A,2 9,12,13,2 12,2 13,3 13,4 13,2 3 13
2 3 4 9 11,0.0401693,15.9902,Yes,N/A,2,3,4,2 3,2 4,3 4,N/A,9,N/A,11,3 9,2 11,3 11,4 11,2 3 11,2 4 11,3 4 11
2 3 4 9 11 13,0.0168552,26.6054,Yes,N/A,2,3,4,2 3,2 4,3 4,N/A,9,N/A,11,3 9,13,3 11,2 13,3 13,4 13,2 3 13
2 3 4 9 11 12,0.0229767,24.602,Yes,N/A,2,3,4,2 3,2 4,3 4,N/A,9,N/A,11,12,2 11,2 12,3 12,4 12,2 3 12,2 4 12
2 3 4 9 11 12 13,0.0112637,34.6809,Yes,N/A,2,3,4,2 3,2 4,3 4,N/A,9,N/A,11,12,13,2 12,2 13,3 13,4 13,2 3 13
2 3 4 9 10,0.0538934,12.8931,Yes,N/A,2,3,4,2 3,2 4,3 4,N/A,9,10,2 9,2 10,3 10,4 10,2 3 10,2 4 10,3 4 10,2 3 4 9
2 3 4 9 10 13,0.0243237,22.4851,Yes,N/A,2,3,4,2 3,2 4,3 4,N/A,9,10,2 9,2 10,13,4 10,2 13,3 13,4 13,2 3 13
2 3 4 9 10 12,0.0322409,20.5169,Yes,N/A,2,3,4,2 3,2 4,3 4,N/A,9,10,2 9,12,3 10,2 12,3 12,4 12,2 3 12,2 4 12
2 3 4 9 10 12 13,0.014916,30.3762,Yes,N/A,2,3,4,2 3,2 4,3 4,N/A,9,10,2 9,12,13,2 12,2 13,3 13,4 13,2 3 13
2 3 4 9 10 11,0.0393652,18.8737,Yes,N/A,2,3,4,2 3,2 4,3 4,N/A,9,10,11,2 10,2 11,3 11,4 11,2 3 11,2 4 11,3 4 11
2 3 4 9 10 11 13,0.0185438,28.2811,Yes,N/A,2,3,4,2 3,2 4,3 4,N/A,9,10,11,2 10,13,3 11,2 13,3 13,4 13,2 3 13
2 3 4 9 10 11 12,0.0230613,26.6074,Yes,N/A,2,3,4,2 3,2 4,3 4,N/A,9,10,11,12,2 11,2 12,3 12,4 12,2 3 12,2 4 12
2 3 4 9 10 11 12 13,0.0122224,35.7704,Yes,N/A,2,3,4,2 3,2 4,3 4,N/A,9,10,11,12,13,2 12,2 13,3 13,4 13,2 3 13
1 2 3 4 7,0.0872619,5.25027,Yes,N/A,2,3,4,2 3,2 4,7,1 7,2 7,3 7,4 7,2 3 7,2 4 7,3 4 7,1 3 4 7,2 3 4 7,1 2 3 4 7,N/A
1 2 3 4 7 13,0.0437138,13.2173,Yes,N/A,2,3,4,2 3,2 4,7,1 7,2 7,3 7,4 7,2 3 7,13,3 4 7,2 13,3 13,4 13,2 3 13
1 2 3 4 7 12,0.0601003,10.8661,Yes,N/A,2,3,4,2 3,2 4,7,1 7,2 7,3 7,4 7,12,2 4 7,2 12,3 12,4 12,2 3 12,2 4 12
1 2 3 4 7 12 13,0.0310626,19.4064,Yes,N/A,2,3,4,2 3,2 4,7,1 7,2 7,3 7,4 7,12,13,2 12,2 13,3 13,4 13,2 3 13
1 2 3 4 7 11,0.0753589,9.19606,Yes,N/A,2,3,4,2 3,2 4,7,1 7,2 7,3 7,11,2 3 7,2 11,3 11,4 11,2 3 11,2 4 11,7 11
1 2 3 4 7 11 13,0.0379047,17.3593,Yes,N/A,2,3,4,2 3,2 4,7,1 7,2 7,3 7,11,2 3 7,13,3 11,2 13,3 13,4 13,2 3 13
1 2 3 4 7 11 12,0.0491021,15.3036,Yes,N/A,2,3,4,2 3,2 4,7,1 7,2 7,3 7,11,12,2 11,2 12,3 12,4 12,2 3 12,2 4 12
1 2 3 4 7 11 12 13,0.0262579,23.8477,Yes,N/A,2,3,4,2 3,2 4,7,1 7,2 7,3 7,11,12,13,2 12,2 13,3 13,4 13,2 3 13
1 2 3 4 7 10,0.0885933,7.63946,Yes,N/A,2,3,4,2 3,2 4,7,1 7,2 7,10,4 7,2 10,3 10,4 10,2 3 10,2 4 10,7 10,1 7 10
1 2 3 4 7 10 13,0.0455925,15.5517,Yes,N/A,2,3,4,2 3,2 4,7,1 7,2 7,10,4 7,2 10,13,4 10,2 13,3 13,4 13,2 3 13
1 2 3 4 7 10 12,0.0585434,13.396,Yes,N/A,2,3,4,2 3,2 4,7,1 7,2 7,10,4 7,12,3 10,2 12,3 12,4 12,2 3 12,2 4 12
1 2 3 4 7 10 12 13,0.0307744,22.0207,Yes,N/A,2,3,4,2 3,2 4,7,1 7,2 7,10,4 7,12,13,2 12,2 13,3 13,4 13,2 3 13
1 2 3 4 7 10 11,0.0672732,12.2812,Yes,N/A,2,3,4,2 3,2 4,7,1 7,2 7,10,11,2 10,2 11,3 11,4 11,2 3 11,2 4 11,7 11
1 2 3 4 7 10 11 13,0.0367701,19.8076,Yes,N/A,2,3,4,2 3,2 4,7,1 7,2 7,10,11,2 10,13,3 11,2 13,3 13,4 13,2 3 13
1 2 3 4 7 10 11 12,0.0448171,18.1707,Yes,N/A,2,3,4,2 3,2 4,7,1 7,2 7,10,11,12,2 11,2 12,3 12,4 12,2 3 12,2 4 12
1 2 3 4 7 10 11 12 13,0.0256663,26.1112,Yes,N/A,2,3,4,2 3,2 4,7,1 7,2 7,10,11,12,13,2 12,2 13,3 13,4 13,2 3 13
1 2 3 4 7 9,0.100047,6.63054,Yes,N/A,2,3,4,2 3,2 4,7,1 7,9,3 7,2 9,3 9,4 9,2 3 9,2 4 9,7 9,1 7 9,2 7 9
1 2 3 4 7 9 13,0.0521003,14.0445,Yes,N/A,2,3,4,2 3,2 4,7,1 7,9,3 7,2 9,3 9,13,2 3 9,2 13,3 13,4 13,2 3 13
1 2 3 4 7 9 12,0.067185,11.9752,Yes,N/A,2,3,4,2 3,2 4,7,1 7,9,3 7,2 9,12,4 9,2 12,3 12,4 12,2 3 12,2 4 12
1 2 3 4 7 9 12 13,0.035712,20.1216,Yes,N/A,2,3,4,2 3,2 4,7,1 7,9,3 7,2 9,12,13,2 12,2 13,3 13,4 13,2 3 13
1 2 3 4 7 9 11,0.0790854,10.4257,Yes,N/A,2,3,4,2 3,2 4,7,1 7,9,3 7,11,3 9,2 11,3 11,4 11,2 3 11,2 4 11,7 11
1 2 3 4 7 9 11 13,0.0412748,18.234,Yes,N/A,2,3,4,2 3,2 4,7,1 7,9,3 7,11,3 9,13,3 11,2 13,3 13,4 13,2 3 13
1 2 3 4 7 9 11 12,0.0519021,16.3985,Yes,N/A,2,3,4,2 3,2 4,7,1 7,9,3 7,11,12,2 11,2 12,3 12,4 12,2 3 12,2 4 12
1 2 3 4 7 9 11 12 13,0.0296624,24.0911,Yes,N/A,2,3,4,2 3,2 4,7,1 7,9,3 7,11,12,13,2 12,2 13,3 13,4 13,2 3 13
1 2 3 4 7 9 10,0.086571,9.67421,Yes,N/A,2,3,4,2 3,2 4,7,1 7,9,10,2 9,2 10,3 10,4 10,2 3 10,2 4 10,7 10,2 7 9
1 2 3 4 7 9 10 13,0.0471737,17.1017,Yes,N/A,2,3,4,2 3,2 4,7,1 7,9,10,2 9,2 10,13,4 10,2 13,3 13,4 13,2 3 13
1 2 3 4 7 9 10 12,0.0584732,14.9701,Yes,N/A,2,3,4,2 3,2 4,7,1 7,9,10,2 9,12,3 10,2 12,3 12,4 12,2 3 12,2 4 12
1 2 3 4 7 9 10 12 13,0.0331475,22.7821,Yes,N/A,2,3,4,2 3,2 4,7,1 7,9,10,2 9,12,13,2 12,2 13,3 13,4 13,2 3 13
1 2 3 4 7 9 10 11,0.0661638,13.5243,Yes,N/A,2,3,4,2 3,2 4,7,1 7,9,10,11,2 10,2 11,3 11,4 11,2 3 11,2 4 11,7 11
1 2 3 4 7 9 10 11 13,0.0384541,20.5005,Yes,N/A,2,3,4,2 3,2 4,7,1 7,9,10,11,2 10,13,3 11,2 13,3 13,4 13,2 3 13
1 2 3 4 7 9 10 11 12,0.0458411,18.8799,Yes,N/A,2,3,4,2 3,2 4,7,1 7,9,10,11,12,2 11,2 12,3 12,4 12,2 3 12,2 4 12
1 2 3 4 7 9 10 11 12 13,0.0285173,25.8167,Yes,N/A,2,3,4,2 3,2 4,7,1 7,9,10,11,12,13,2 12,2 13,3 13,4 13,2 3 13
1 2 3 4 7 8,0.108214,6.59538,Yes,N/A,2,3,4,2 3,2 4,7,8,2 7,2 8,3 8,4 8,2 3 8,2 4 8,7 8,2 3 4 7,2 7 8,3 7 8
1 2 3 4 7 8 13,0.0579914,13.1776,Yes,N/A,2,3,4,2 3,2 4,7,8,2 7,2 8,3 8,4 8,13,2 4 8,2 13,3 13,4 13,2 3 13
1 2 3 4 7 8 12,0.0696463,12.1318,Yes,N/A,2,3,4,2 3,2 4,7,8,2 7,2 8,3 8,12,2 3 8,2 12,3 12,4 12,2 3 12,2 4 12
1 2 3 4 7 8 12 13,0.0383921,19.3057,Yes,N/A,2,3,4,2 3,2 4,7,8,2 7,2 8,3 8,12,13,2 12,2 13,3 13,4 13,2 3 13
1 2 3 4 7 8 11,0.0821412,10.5479,Yes,N/A,2,3,4,2 3,2 4,7,8,2 7,2 8,11,4 8,2 11,3 11,4 11,2 3 11,2 4 11,7 11
1 2 3 4 7 8 11 13,0.0454939,17.5715,Yes,N/A,2,3,4,2 3,2 4,7,8,2 7,2 8,11,4 8,13,3 11,2 13,3 13,4 13,2 3 13
1 2 3 4 7 8 11 12,0.0520628,16.5722,Yes,N/A,2,3,4,2 3,2 4,7,8,2 7,2 8,11,12,2 11,2 12,3 12,4 12,2 3 12,2 4 12
1 2 3 4 7 8 11 12 13,0.0304229,23.9505,Yes,N/A,2,3,4,2 3,2 4,7,8,2 7,2 8,11,12,13,2 12,2 13,3 13,4 13,2 3 13
1 2 3 4 7 8 10,0.0945404,8.74081,Yes,N/A,2,3,4,2 3,2 4,7,8,2 7,10,3 8,2 10,3 10,4 10,2 3 10,2 4 10,7 10,8 10
1 2 3 4 7 8 10 13,0.052904,15.5694,Yes,N/A,2,3,4,2 3,2 4,7,8,2 7,10,3 8,2 10,13,4 10,2 13,3 13,4 13,2 3 13
1 2 3 4 7 8 10 12,0.0628074,13.9207,Yes,N/A,2,3,4,2 3,2 4,7,8,2 7,10,3 8,12,3 10,2 12,3 12,4 12,2 3 12,2 4 12
1 2 3 4 7 8 10 12 13,0.0365621,21.077,Yes,N/A,2,3,4,2 3,2 4,7,8,2 7,10,3 8,12,13,2 12,2 13,3 13,4 13,2 3 13
1 2 3 4 7 8 10 11,0.0687676,13.1383,Yes,N/A,2,3,4,2 3,2 4,7,8,2 7,10,11,2 10,2 11,3 11,4 11,2 3 11,2 4 11,7 11
1 2 3 4 7 8 10 11 13,0.0411185,19.7256,Yes,N/A,2,3,4,2 3,2 4,7,8,2 7,10,11,2 10,13,3 11,2 13,3 13,4 13,2 3 13
1 2 3 4 7 8 10 11 12,0.0475014,18.3059,Yes,N/A,2,3,4,2 3,2 4,7,8,2 7,10,11,12,2 11,2 12,3 12,4 12,2 3 12,2 4 12
1 2 3 4 7 8 10 11 12 13,0.0299427,24.9843,Yes,N/A,2,3,4,2 3,2 4,7,8,2 7,10,11,12,13,2 12,2 13,3 13,4 13,2 3 13
1 2 3 4 7 8 9,0.0983516,8.35851,Yes,N/A,2,3,4,2 3,2 4,7,8,9,2 8,2 9,3 9,4 9,2 3 9,2 4 9,7 9,8 9,2 7 9
1 2 3 4 7 8 9 13,0.054824,15.1709,Yes,N/A,2,3,4,2 3,2 4,7,8,9,2 8,2 9,3 9,13,2 3 9,2 13,3 13,4 13,2 3 13
1 2 3 4 7 8 9 12,0.0670029,13.3928,Yes,N/A,2,3,4,2 3,2 4,7,8,9,2 8,2 9,12,4 9,2 12,3 12,4 12,2 3 12,2 4 12
1 2 3 4 7 8 9 12 13,0.0383003,20.6101,Yes,N/A,2,3,4,2 3,2 4,7,8,9,2 8,2 9,12,13,2 12,2 13,3 13,4 13,2 3 13
1 2 3 4 7 8 9 11,0.07557,11.874,Yes,N/A,2,3,4,2 3,2 4,7,8,9,2 8,11,3 9,2 11,3 11,4 11,2 3 11,2 4 11,7 11
1 2 3 4 7 8 9 11 13,0.0445365,18.4082,Yes,N/A,2,3,4,2 3,2 4,7,8,9,2 8,11,3 9,13,3 11,2 13,3 13,4 13,2 3 13
1 2 3 4 7 8 9 11 12,0.0520589,17.1532,Yes,N/A,2,3,4,2 3,2 4,7,8,9,2 8,11,12,2 11,2 12,3 12,4 12,2 3 12,2 4 12
1 2 3 4 7 8 9 11 12 13,0.0325803,23.6905,Yes,N/A,2,3,4,2 3,2 4,7,8,9,2 8,11,12,13,2 12,2 13,3 13,4 13,2 3 13
1 2 3 4 7 8 9 10,0.0801677,11.146,Yes,N/A,2,3,4,2 3,2 4,7,8,9,10,2 9,2 10,3 10,4 10,2 3 10,2 4 10,7 10,8 10
1 2 3 4 7 8 9 10 13,0.0484211,17.5839,Yes,N/A,2,3,4,2 3,2 4,7,8,9,10,2 9,2 10,13,4 10,2 13,3 13,4 13,2 3 13
1 2 3 4 7 8 9 10 12,0.0575853,15.7118,Yes,N/A,2,3,4,2 3,2 4,7,8,9,10,2 9,12,3 10,2 12,3 12,4 12,2 3 12,2 4 12
1 2 3 4 7 8 9 10 12 13,0.0361126,22.2683,Yes,N/A,2,3,4,2 3,2 4,7,8,9,10,2 9,12,13,2 12,2 13,3 13,4 13,2 3 13
1 2 3 4 7 8 9 10 11,0.0631293,14.6773,Yes,N/A,2,3,4,2 3,2 4,7,8,9,10,11,2 10,2 11,3 11,4 11,2 3 11,2 4 11,7 11
1 2 3 4 7 8 9 10 11 13,0.0406173,20.5109,Yes,N/A,2,3,4,2 3,2 4,7,8,9,10,11,2 10,13,3 11,2 13,3 13,4 13,2 3 13
1 2 3 4 7 8 9 10 11 12,0.0468879,19.0943,Yes,N/A,2,3,4,2 3,2 4,7,8,9,10,11,12,2 11,2 12,3 12,4 12,2 3 12,2 4 12
1 2 3 4 7 8 9 10 11 12 13,0.0319743,24.7575,Yes,N/A,2,3,4,2 3,2 4,7,8,9,10,11,12,13,2 12,2 13,3 13,4 13,2 3 13
1 2 3 4 6,0.0901873,4.85247,Yes,N/A,2,3,4,2 3,6,3 4,2 6,3 6,4 6,2 3 6,2 4 6,3 4 6,1 3 4 6,2 3 4 6,1 2 3 4 6,N/A,N/A
2 3 4 6,0.0821789,5.83669,Yes,N/A,2,3,4,2 3,6,3 4,2 6,3 6,4 6,2 3 6,2 4 6,3 4 6,N/A,2 3 4 6,N/A,N/A,N/A
1 2 3 4 6 13,0.0475763,12.3471,Yes,N/A,2,3,4,2 3,6,3 4,2 6,3 6,4 6,2 3 6,2 4 6,13,1 13,2 13,3 13,4 13,2 3 13
1 2 3 4 6 12,0.0636241,10.4419,Yes,N/A,2,3,4,2 3,6,3 4,2 6,3 6,4 6,2 3 6,12,3 4 6,2 12,3 12,4 12,2 3 12,6 12
1 2 3 4 6 12 13,0.0321284,19.169,Yes,N/A,2,3,4,2 3,6,3 4,2 6,3 6,4 6,2 3 6,12,13,2 12,2 13,3 13,4 13,2 3 13
1 2 3 4 6 11,0.081295,8.48472,Yes,N/A,2,3,4,2 3,6,3 4,2 6,3 6,4 6,11,2 4 6,2 11,3 11,4 11,2 3 11,6 11,3 4 11
1 2 3 4 6 11 13,0.0423718,16.4903,Yes,N/A,2,3,4,2 3,6,3 4,2 6,3 6,4 6,11,2 4 6,13,3 11,2 13,3 13,4 13,2 3 13
1 2 3 4 6 11 12,0.0547818,14.4235,Yes,N/A,2,3,4,2 3,6,3 4,2 6,3 6,4 6,11,12,2 11,2 12,3 12,4 12,2 3 12,6 12
1 2 3 4 6 11 12 13,0.0287816,23.1821,Yes,N/A,2,3,4,2 3,6,3 4,2 6,3 6,4 6,11,12,13,2 12,2 13,3 13,4 13,2 3 13
1 2 3 4 6 10,0.0963591,7.38737,Yes,N/A,2,3,4,2 3,6,3 4,2 6,3 6,10,2 3 6,2 10,3 10,4 10,2 3 10,6 10,3 4 10,2 6 10
1 2 3 4 6 10 13,0.0483686,15.1385,Yes,N/A,2,3,4,2 3,6,3 4,2 6,3 6,10,2 3 6,2 10,13,4 10,2 13,3 13,4 13,2 3 13
1 2 3 4 6 10 12,0.0624597,12.9048,Yes,N/A,2,3,4,2 3,6,3 4,2 6,3 6,10,2 3 6,12,3 10,2 12,3 12,4 12,2 3 12,6 12
1 2 3 4 6 10 12 13,0.032034,21.421,Yes,N/A,2,3,4,2 3,6,3 4,2 6,3 6,10,2 3 6,12,13,2 12,2 13,3 13,4 13,2 3 13
1 2 3 4 6 10 11,0.0745617,11.2748,Yes,N/A,2,3,4,2 3,6,3 4,2 6,3 6,10,11,2 10,2 11,3 11,4 11,2 3 11,6 11,3 4 11
1 2 3 4 6 10 11 13,0.0400998,18.7815,Yes,N/A,2,3,4,2 3,6,3 4,2 6,3 6,10,11,2 10,13,3 11,2 13,3 13,4 13,2 3 13
1 2 3 4 6 10 11 12,0.0490296,17.1226,Yes,N/A,2,3,4,2 3,6,3 4,2 6,3 6,10,11,12,2 11,2 12,3 12,4 12,2 3 12,6 12
1 2 3 4 6 10 11 12 13,0.0278011,25.1387,Yes,N/A,2,3,4,2 3,6,3 4,2 6,3 6,10,11,12,13,2 12,2 13,3 13,4 13,2 3 13
1 2 3 4 6 9,0.108199,6.34405,Yes,N/A,2,3,4,2 3,6,3 4,2 6,9,4 6,2 9,3 9,4 9,2 3 9,6 9,3 4 9,2 6 9,3 6 9
1 2 3 4 6 9 13,0.0556943,13.6053,Yes,N/A,2,3,4,2 3,6,3 4,2 6,9,4 6,2 9,3 9,13,2 3 9,2 13,3 13,4 13,2 3 13
1 2 3 4 6 9 12,0.0730436,11.1892,Yes,N/A,2,3,4,2 3,6,3 4,2 6,9,4 6,2 9,12,4 9,2 12,3 12,4 12,2 3 12,6 12
1 2 3 4 6 9 12 13,0.0378843,19.2611,Yes,N/A,2,3,4,2 3,6,3 4,2 6,9,4 6,2 9,12,13,2 12,2 13,3 13,4 13,2 3 13
1 2 3 4 6 9 11,0.084756,9.74186,Yes,N/A,2,3,4,2 3,6,3 4,2 6,9,4 6,11,3 9,2 11,3 11,4 11,2 3 11,6 11,3 4 11
1 2 3 4 6 9 11 13,0.0465399,17.1745,Yes,N/A,2,3,4,2 3,6,3 4,2 6,9,4 6,11,3 9,13,3 11,2 13,3 13,4 13,2 3 13
1 2 3 4 6 9 11 12,0.0553842,15.5169,Yes,N/A,2,3,4,2 3,6,3 4,2 6,9,4 6,11,12,2 11,2 12,3 12,4 12,2 3 12,6 12
1 2 3 4 6 9 11 12 13,0.0321025,23.0619,Yes,N/A,2,3,4,2 3,6,3 4,2 6,9,4 6,11,12,13,2 12,2 13,3 13,4 13,2 3 13
1 2 3 4 6 9 10,0.0908294,9.1711,Yes,N/A,2,3,4,2 3,6,3 4,2 6,9,10,2 9,2 10,3 10,4 10,2 3 10,6 10,3 4 10,2 6 10
1 2 3 4 6 9 10 13,0.0485484,16.4309,Yes,N/A,2,3,4,2 3,6,3 4,2 6,9,10,2 9,2 10,13,4 10,2 13,3 13,4 13,2 3 13
1 2 3 4 6 9 10 12,0.0615112,13.963,Yes,N/A,2,3,4,2 3,6,3 4,2 6,9,10,2 9,12,3 10,2 12,3 12,4 12,2 3 12,6 12
1 2 3 4 6 9 10 12 13,0.0340619,21.5861,Yes,N/A,2,3,4,2 3,6,3 4,2 6,9,10,2 9,12,13,2 12,2 13,3 13,4 13,2 3 13
1 2 3 4 6 9 10 11,0.0686642,12.8755,Yes,N/A,2,3,4,2 3,6,3 4,2 6,9,10,11,2 10,2 11,3 11,4 11,2 3 11,6 11,3 4 11
1 2 3 4 6 9 10 11 13,0.0405274,19.6392,Yes,N/A,2,3,4,2 3,6,3 4,2 6,9,10,11,2 10,13,3 11,2 13,3 13,4 13,2 3 13
1 2 3 4 6 9 10 11 12,0.0477825,18.0609,Yes,N/A,2,3,4,2 3,6,3 4,2 6,9,10,11,12,2 11,2 12,3 12,4 12,2 3 12,6 12
1 2 3 4 6 9 10 11 12 13,0.0298476,24.8559,Yes,N/A,2,3,4,2 3,6,3 4,2 6,9,10,11,12,13,2 12,2 13,3 13,4 13,2 3 13
1 2 3 4 6 8,0.116867,5.87146,Yes,N/A,2,3,4,2 3,6,3 4,8,3 6,2 8,3 8,4 8,2 3 8,6 8,3 4 8,2 6 8,3 6 8,4 6 8
1 2 3 4 6 8 13,0.0628774,12.309,Yes,N/A,2,3,4,2 3,6,3 4,8,3 6,2 8,3 8,4 8,13,6 8,2 13,3 13,4 13,2 3 13
1 2 3 4 6 8 12,0.0774265,10.562,Yes,N/A,2,3,4,2 3,6,3 4,8,3 6,2 8,3 8,12,2 3 8,2 12,3 12,4 12,2 3 12,6 12
1 2 3 4 6 8 12 13,0.0418819,17.802,Yes,N/A,2,3,4,2 3,6,3 4,8,3 6,2 8,3 8,12,13,2 12,2 13,3 13,4 13,2 3 13
1 2 3 4 6 8 11,0.0922557,8.69366,Yes,N/A,2,3,4,2 3,6,3 4,8,3 6,2 8,11,4 8,2 11,3 11,4 11,2 3 11,6 11,3 4 11
1 2 3 4 6 8 11 13,0.0498269,15.9317,Yes,N/A,2,3,4,2 3,6,3 4,8,3 6,2 8,11,4 8,13,3 11,2 13,3 13,4 13,2 3 13
1 2 3 4 6 8 11 12,0.0607236,14.1691,Yes,N/A,2,3,4,2 3,6,3 4,8,3 6,2 8,11,12,2 11,2 12,3 12,4 12,2 3 12,6 12
1 2 3 4 6 8 11 12 13,0.0347599,21.4733,Yes,N/A,2,3,4,2 3,6,3 4,8,3 6,2 8,11,12,13,2 12,2 13,3 13,4 13,2 3 13
1 2 3 4 6 8 10,0.0985433,7.94505,Yes,N/A,2,3,4,2 3,6,3 4,8,3 6,10,3 8,2 10,3 10,4 10,2 3 10,6 10,3 4 10,8 10
1 2 3 4 6 8 10 13,0.0548663,14.7159,Yes,N/A,2,3,4,2 3,6,3 4,8,3 6,10,3 8,2 10,13,4 10,2 13,3 13,4 13,2 3 13
1 2 3 4 6 8 10 12,0.0638395,13.2678,Yes,N/A,2,3,4,2 3,6,3 4,8,3 6,10,3 8,12,3 10,2 12,3 12,4 12,2 3 12,6 12
1 2 3 4 6 8 10 12 13,0.0375032,20.1578,Yes,N/A,2,3,4,2 3,6,3 4,8,3 6,10,3 8,12,13,2 12,2 13,3 13,4 13,2 3 13
1 2 3 4 6 8 10 11,0.0751649,11.6155,Yes,N/A,2,3,4,2 3,6,3 4,8,3 6,10,11,2 10,2 11,3 11,4 11,2 3 11,6 11,3 4 11
1 2 3 4 6 8 10 11 13,0.0444381,18.1952,Yes,N/A,2,3,4,2 3,6,3 4,8,3 6,10,11,2 10,13,3 11,2 13,3 13,4 13,2 3 13
1 2 3 4 6 8 10 11 12,0.0524925,16.4961,Yes,N/A,2,3,4,2 3,6,3 4,8,3 6,10,11,12,2 11,2 12,3 12,4 12,2 3 12,6 12
1 2 3 4 6 8 10 11 12 13,0.0327732,23.1458,Yes,N/A,2,3,4,2 3,6,3 4,8,3 6,10,11,12,13,2 12,2 13,3 13,4 13,2 3 13
1 2 3 4 6 8 9,0.102121,7.54551,Yes,N/A,2,3,4,2 3,6,3 4,8,9,2 8,2 9,3 9,4 9,2 3 9,6 9,3 4 9,8 9,3 6 9
1 2 3 4 6 8 9 13,0.0566992,14.3307,Yes,N/A,2,3,4,2 3,6,3 4,8,9,2 8,2 9,3 9,13,2 3 9,2 13,3 13,4 13,2 3 13
1 2 3 4 6 8 9 12,0.0708889,12.1709,Yes,N/A,2,3,4,2 3,6,3 4,8,9,2 8,2 9,12,4 9,2 12,3 12,4 12,2 3 12,6 12
1 2 3 4 6 8 9 12 13,0.0406655,19.2292,Yes,N/A,2,3,4,2 3,6,3 4,8,9,2 8,2 9,12,13,2 12,2 13,3 13,4 13,2 3 13
1 2 3 4 6 8 9 11,0.0807151,10.5984,Yes,N/A,2,3,4,2 3,6,3 4,8,9,2 8,11,3 9,2 11,3 11,4 11,2 3 11,6 11,3 4 11
1 2 3 4 6 8 9 11 13,0.047375,17.2677,Yes,N/A,2,3,4,2 3,6,3 4,8,9,2 8,11,3 9,13,3 11,2 13,3 13,4 13,2 3 13
1 2 3 4 6 8 9 11 12,0.0567638,15.4946,Yes,N/A,2,3,4,2 3,6,3 4,8,9,2 8,11,12,2 11,2 12,3 12,4 12,2 3 12,6 12
1 2 3 4 6 8 9 11 12 13,0.0352305,22.032,Yes,N/A,2,3,4,2 3,6,3 4,8,9,2 8,11,12,13,2 12,2 13,3 13,4 13,2 3 13
1 2 3 4 6 8 9 10,0.0853907,9.89692,Yes,N/A,2,3,4,2 3,6,3 4,8,9,10,2 9,2 10,3 10,4 10,2 3 10,6 10,3 4 10,8 10
1 2 3 4 6 8 9 10 13,0.0508591,16.3087,Yes,N/A,2,3,4,2 3,6,3 4,8,9,10,2 9,2 10,13,4 10,2 13,3 13,4 13,2 3 13
1 2 3 4 6 8 9 10 12,0.0614792,14.1801,Yes,N/A,2,3,4,2 3,6,3 4,8,9,10,2 9,12,3 10,2 12,3 12,4 12,2 3 12,6 12
1 2 3 4 6 8 9 10 12 13,0.0378916,20.7044,Yes,N/A,2,3,4,2 3,6,3 4,8,9,10,2 9,12,13,2 12,2 13,3 13,4 13,2 3 13
1 2 3 4 6 8 9 10 11,0.0681996,13.1717,Yes,N/A,2,3,4,2 3,6,3 4,8,9,10,11,2 10,2 11,3 11,4 11,2 3 11,6 11,3 4 11
1 2 3 4 6 8 9 10 11 13,0.0435088,19.0016,Yes,N/A,2,3,4,2 3,6,3 4,8,9,10,11,2 10,13,3 11,2 13,3 13,4 13,2 3 13
1 2 3 4 6 8 9 10 11 12,0.0508853,17.3298,Yes,N/A,2,3,4,2 3,6,3 4,8,9,10,11,12,2 11,2 12,3 12,4 12,2 3 12,6 12
1 2 3 4 6 8 9 10 11 12 13,0.0342661,23.0067,Yes,N/A,2,3,4,2 3,6,3 4,8,9,10,11,12,13,2 12,2 13,3 13,4 13,2 3 13
1 2 3 4 6 7,0.119491,6.03208,Yes,N/A,2,3,4,2 3,6,7,2 6,2 7,3 7,4 7,2 3 7,6 7,3 4 7,2 6 7,3 6 7,4 6 7,2 3 6 7
1 2 3 4 6 7 13,0.0627461,12.722,Yes,N/A,2,3,4,2 3,6,7,2 6,2 7,3 7,4 7,2 3 7,13,3 4 7,2 13,3 13,4 13,2 3 13
1 2 3 4 6 7 12,0.0818346,10.0234,Yes,N/A,2,3,4,2 3,6,7,2 6,2 7,3 7,4 7,12,6 7,2 12,3 12,4 12,2 3 12,6 12
1 2 3 4 6 7 12 13,0.0434439,17.6693,Yes,N/A,2,3,4,2 3,6,7,2 6,2 7,3 7,4 7,12,13,2 12,2 13,3 13,4 13,2 3 13
1 2 3 4 6 7 11,0.0876148,9.51047,Yes,N/A,2,3,4,2 3,6,7,2 6,2 7,3 7,11,2 3 7,2 11,3 11,4 11,2 3 11,6 11,7 11
1 2 3 4 6 7 11 13,0.0479641,16.653,Yes,N/A,2,3,4,2 3,6,7,2 6,2 7,3 7,11,2 3 7,13,3 11,2 13,3 13,4 13,2 3 13
1 2 3 4 6 7 11 12,0.0601359,14.2916,Yes,N/A,2,3,4,2 3,6,7,2 6,2 7,3 7,11,12,2 11,2 12,3 12,4 12,2 3 12,6 12
1 2 3 4 6 7 11 12 13,0.0343456,21.7812,Yes,N/A,2,3,4,2 3,6,7,2 6,2 7,3 7,11,12,13,2 12,2 13,3 13,4 13,2 3 13
1 2 3 4 6 7 10,0.0971984,8.10813,Yes,N/A,2,3,4,2 3,6,7,2 6,2 7,10,4 7,2 10,3 10,4 10,2 3 10,6 10,7 10,2 6 10
1 2 3 4 6 7 10 13,0.0534255,15.3493,Yes,N/A,2,3,4,2 3,6,7,2 6,2 7,10,4 7,2 10,13,4 10,2 13,3 13,4 13,2 3 13
1 2 3 4 6 7 10 12,0.0672243,12.8831,Yes,N/A,2,3,4,2 3,6,7,2 6,2 7,10,4 7,12,3 10,2 12,3 12,4 12,2 3 12,6 12
1 2 3 4 6 7 10 12 13,0.0379687,20.5127,Yes,N/A,2,3,4,2 3,6,7,2 6,2 7,10,4 7,12,13,2 12,2 13,3 13,4 13,2 3 13
1 2 3 4 6 7 10 11,0.0715676,12.0647,Yes,N/A,2,3,4,2 3,6,7,2 6,2 7,10,11,2 10,2 11,3 11,4 11,2 3 11,6 11,7 11
1 2 3 4 6 7 10 11 13,0.0417677,19.0907,Yes,N/A,2,3,4,2 3,6,7,2 6,2 7,10,11,2 10,13,3 11,2 13,3 13,4 13,2 3 13
1 2 3 4 6 7 10 11 12,0.050845,17.1138,Yes,N/A,2,3,4,2 3,6,7,2 6,2 7,10,11,12,2 11,2 12,3 12,4 12,2 3 12,6 12
1 2 3 4 6 7 10 11 12 13,0.031077,24.2736,Yes,N/A,2,3,4,2 3,6,7,2 6,2 7,10,11,12,13,2 12,2 13,3 13,4 13,2 3 13
1 2 3 4 6 7 9,0.103162,7.03444,Yes,N/A,2,3,4,2 3,6,7,2 6,9,3 7,2 9,3 9,4 9,2 3 9,6 9,7 9,2 6 9,2 7 9
1 2 3 4 6 7 9 13,0.0583375,14.0318,Yes,N/A,2,3,4,2 3,6,7,2 6,9,3 7,2 9,3 9,13,2 3 9,2 13,3 13,4 13,2 3 13
1 2 3 4 6 7 9 12,0.0732283,11.5736,Yes,N/A,2,3,4,2 3,6,7,2 6,9,3 7,2 9,12,4 9,2 12,3 12,4 12,2 3 12,6 12
1 2 3 4 6 7 9 12 13,0.0419791,18.8052,Yes,N/A,2,3,4,2 3,6,7,2 6,9,3 7,2 9,12,13,2 12,2 13,3 13,4 13,2 3 13
1 2 3 4 6 7 9 11,0.0809765,10.4508,Yes,N/A,2,3,4,2 3,6,7,2 6,9,3 7,11,3 9,2 11,3 11,4 11,2 3 11,6 11,7 11
1 2 3 4 6 7 9 11 13,0.0482683,17.1415,Yes,N/A,2,3,4,2 3,6,7,2 6,9,3 7,11,3 9,13,3 11,2 13,3 13,4 13,2 3 13
1 2 3 4 6 7 9 11 12,0.0578647,15.1715,Yes,N/A,2,3,4,2 3,6,7,2 6,9,3 7,11,12,2 11,2 12,3 12,4 12,2 3 12,6 12
1 2 3 4 6 7 9 11 12 13,0.0359868,21.8169,Yes,N/A,2,3,4,2 3,6,7,2 6,9,3 7,11,12,13,2 12,2 13,3 13,4 13,2 3 13
1 2 3 4 6 7 9 10,0.0858145,9.65557,Yes,N/A,2,3,4,2 3,6,7,2 6,9,10,2 9,2 10,3 10,4 10,2 3 10,6 10,7 10,2 6 10
1 2 3 4 6 7 9 10 13,0.0500332,16.627,Yes,N/A,2,3,4,2 3,6,7,2 6,9,10,2 9,2 10,13,4 10,2 13,3 13,4 13,2 3 13
1 2 3 4 6 7 9 10 12,0.0625911,14.0632,Yes,N/A,2,3,4,2 3,6,7,2 6,9,10,2 9,12,3 10,2 12,3 12,4 12,2 3 12,6 12
1 2 3 4 6 7 9 10 12 13,0.0377128,21.0472,Yes,N/A,2,3,4,2 3,6,7,2 6,9,10,2 9,12,13,2 12,2 13,3 13,4 13,2 3 13
1 2 3 4 6 7 9 10 11,0.0688813,12.8773,Yes,N/A,2,3,4,2 3,6,7,2 6,9,10,11,2 10,2 11,3 11,4 11,2 3 11,6 11,7 11
1 2 3 4 6 7 9 10 11 13,0.0429292,19.2195,Yes,N/A,2,3,4,2 3,6,7,2 6,9,10,11,2 10,13,3 11,2 13,3 13,4 13,2 3 13
1 2 3 4 6 7 9 10 11 12,0.0509309,17.355,Yes,N/A,2,3,4,2 3,6,7,2 6,9,10,11,12,2 11,2 12,3 12,4 12,2 3 12,6 12
1 2 3 4 6 7 9 10 11 12 13,0.0336664,23.4507,Yes,N/A,2,3,4,2 3,6,7,2 6,9,10,11,12,13,2 12,2 13,3 13,4 13,2 3 13
1 2 3 4 6 7 8,0.103446,6.71244,Yes,N/A,2,3,4,2 3,6,7,8,2 7,2 8,3 8,4 8,2 3 8,6 8,7 8,2 6 8,2 7 8,3 7 8
1 2 3 4 6 7 8 13,0.0615792,12.9484,Yes,N/A,2,3,4,2 3,6,7,8,2 7,2 8,3 8,4 8,13,6 8,2 13,3 13,4 13,2 3 13
1 2 3 4 6 7 8 12,0.0728537,11.5106,Yes,N/A,2,3,4,2 3,6,7,8,2 7,2 8,3 8,12,2 3 8,2 12,3 12,4 12,2 3 12,6 12
1 2 3 4 6 7 8 12 13,0.0439066,17.9019,Yes,N/A,2,3,4,2 3,6,7,8,2 7,2 8,3 8,12,13,2 12,2 13,3 13,4 13,2 3 13
1 2 3 4 6 7 8 11,0.0847188,9.71963,Yes,N/A,2,3,4,2 3,6,7,8,2 7,2 8,11,4 8,2 11,3 11,4 11,2 3 11,6 11,7 11
1 2 3 4 6 7 8 11 13,0.0500706,16.2864,Yes,N/A,2,3,4,2 3,6,7,8,2 7,2 8,11,4 8,13,3 11,2 13,3 13,4 13,2 3 13
1 2 3 4 6 7 8 11 12,0.0593243,14.657,Yes,N/A,2,3,4,2 3,6,7,8,2 7,2 8,11,12,2 11,2 12,3 12,4 12,2 3 12,6 12
1 2 3 4 6 7 8 11 12 13,0.0368198,21.1101,Yes,N/A,2,3,4,2 3,6,7,8,2 7,2 8,11,12,13,2 12,2 13,3 13,4 13,2 3 13
1 2 3 4 6 7 8 10,0.0917807,8.60468,Yes,N/A,2,3,4,2 3,6,7,8,2 7,10,3 8,2 10,3 10,4 10,2 3 10,6 10,7 10,8 10
1 2 3 4 6 7 8 10 13,0.0546687,15.1337,Yes,N/A,2,3,4,2 3,6,7,8,2 7,10,3 8,2 10,13,4 10,2 13,3 13,4 13,2 3 13
1 2 3 4 6 7 8 10 12,0.0661053,13.0203,Yes,N/A,2,3,4,2 3,6,7,8,2 7,10,3 8,12,3 10,2 12,3 12,4 12,2 3 12,6 12
1 2 3 4 6 7 8 10 12 13,0.0406547,19.5893,Yes,N/A,2,3,4,2 3,6,7,8,2 7,10,3 8,12,13,2 12,2 13,3 13,4 13,2 3 13
1 2 3 4 6 7 8 10 11,0.0738732,11.8767,Yes,N/A,2,3,4,2 3,6,7,8,2 7,10,11,2 10,2 11,3 11,4 11,2 3 11,6 11,7 11
1 2 3 4 6 7 8 10 11 13,0.0458437,18.0226,Yes,N/A,2,3,4,2 3,6,7,8,2 7,10,11,2 10,13,3 11,2 13,3 13,4 13,2 3 13
1 2 3 4 6 7 8 10 11 12,0.0542433,16.1742,Yes,N/A,2,3,4,2 3,6,7,8,2 7,10,11,12,2 11,2 12,3 12,4 12,2 3 12,6 12
1 2 3 4 6 7 8 10 11 12 13,0.0356758,22.1109,Yes,N/A,2,3,4,2 3,6,7,8,2 7,10,11,12,13,2 12,2 13,3 13,4 13,2 3 13
1 2 3 4 6 7 8 9,0.095527,8.11107,Yes,N/A,2,3,4,2 3,6,7,8,9,2 8,2 9,3 9,4 9,2 3 9,6 9,7 9,8 9,2 7 9
1 2 3 4 6 7 8 9 13,0.0561869,14.7606,Yes,N/A,2,3,4,2 3,6,7,8,9,2 8,2 9,3 9,13,2 3 9,2 13,3 13,4 13,2 3 13
1 2 3 4 6 7 8 9 12,0.0695141,12.5668,Yes,N/A,2,3,4,2 3,6,7,8,9,2 8,2 9,12,4 9,2 12,3 12,4 12,2 3 12,6 12
1 2 3 4 6 7 8 9 12 13,0.0426833,18.9711,Yes,N/A,2,3,4,2 3,6,7,8,9,2 8,2 9,12,13,2 12,2 13,3 13,4 13,2 3 13
1 2 3 4 6 7 8 9 11,0.0793042,10.9141,Yes,N/A,2,3,4,2 3,6,7,8,9,2 8,11,3 9,2 11,3 11,4 11,2 3 11,6 11,7 11
1 2 3 4 6 7 8 9 11 13,0.0488947,17.0895,Yes,N/A,2,3,4,2 3,6,7,8,9,2 8,11,3 9,13,3 11,2 13,3 13,4 13,2 3 13
1 2 3 4 6 7 8 9 11 12,0.0583189,15.221,Yes,N/A,2,3,4,2 3,6,7,8,9,2 8,11,12,2 11,2 12,3 12,4 12,2 3 12,6 12
1 2 3 4 6 7 8 9 11 12 13,0.0382207,21.0515,Yes,N/A,2,3,4,2 3,6,7,8,9,2 8,11,12,13,2 12,2 13,3 13,4 13,2 3 13
1 2 3 4 6 7 8 9 10,0.0844216,10.2157,Yes,N/A,2,3,4,2 3,6,7,8,9,10,2 9,2 10,3 10,4 10,2 3 10,6 10,7 10,8 10
1 2 3 4 6 7 8 9 10 13,0.052057,16.3808,Yes,N/A,2,3,4,2 3,6,7,8,9,10,2 9,2 10,13,4 10,2 13,3 13,4 13,2 3 13
1 2 3 4 6 7 8 9 10 12,0.0631685,14.0719,Yes,N/A,2,3,4,2 3,6,7,8,9,10,2 9,12,3 10,2 12,3 12,4 12,2 3 12,6 12
1 2 3 4 6 7 8 9 10 12 13,0.0410306,19.9993,Yes,N/A,2,3,4,2 3,6,7,8,9,10,2 9,12,13,2 12,2 13,3 13,4 13,2 3 13
1 2 3 4 6 7 8 9 10 11,0.0697821,12.8965,Yes,N/A,2,3,4,2 3,6,7,8,9,10,11,2 10,2 11,3 11,4 11,2 3 11,6 11,7 11
1 2 3 4 6 7 8 9 10 11 13,0.0462286,18.2927,Yes,N/A,2,3,4,2 3,6,7,8,9,10,11,2 10,13,3 11,2 13,3 13,4 13,2 3 13
1 2 3 4 6 7 8 9 10 11 12,0.0541714,16.4585,Yes,N/A,2,3,4,2 3,6,7,8,9,10,11,12,2 11,2 12,3 12,4 12,2 3 12,6 12
1 2 3 4 6 7 8 9 10 11 12 13,0.0381919,21.4445,Yes,N/A,2,3,4,2 3,6,7,8,9,10,11,12,13,2 12,2 13,3 13,4 13,2 3 13
3 4 8 10,0.0625473,14.0642,Yes,N/A,N/A,3,4,N/A,N/A,3 4,8,N/A,10,3 8,4 8,3 10,4 10,3 4 8,N/A,3 4 10,8 10
3 4 8 10 13,0.0205468,24.2377,Yes,N/A,N/A,3,4,N/A,N/A,3 4,8,N/A,10,3 8,4 8,13,4 10,3 4 8,3 13,4 13,8 10
3 4 8 10 12,0.0249198,22.8538,Yes,N/A,N/A,3,4,N/A,N/A,3 4,8,N/A,10,3 8,12,3 10,4 10,3 12,4 12,3 4 10,8 10
3 4 8 10 12 13,0.010546,32.855,Yes,N/A,N/A,3,4,N/A,N/A,3 4,8,N/A,10,3 8,12,13,4 10,3 12,3 13,4 13,8 10
3 4 8 10 11,0.0304354,22.0078,Yes,N/A,N/A,3,4,N/A,N/A,3 4,8,N/A,10,11,4 8,3 10,3 11,4 11,N/A,3 4 10,3 4 11
3 4 8 10 11 13,0.0126552,31.6098,Yes,N/A,N/A,3,4,N/A,N/A,3 4,8,N/A,10,11,4 8,13,3 11,4 11,3 13,4 13,3 4 11
3 4 8 10 11 12,0.0138556,30.5771,Yes,N/A,N/A,3,4,N/A,N/A,3 4,8,N/A,10,11,12,3 10,3 11,3 12,4 12,3 4 10,3 4 11
3 4 8 10 11 12 13,0.00703853,40.051,Yes,N/A,N/A,3,4,N/A,N/A,3 4,8,N/A,10,11,12,13,3 11,3 12,3 13,4 13,3 4 11
3 4 8 9 13,0.0191195,25.0329,Yes,N/A,N/A,3,4,N/A,N/A,3 4,8,9,N/A,3 8,3 9,13,N/A,3 4 8,3 13,4 13,N/A
3 4 8 9 12 13,0.0089576,34.6471,Yes,N/A,N/A,3,4,N/A,N/A,3 4,8,9,N/A,3 8,12,13,N/A,3 12,3 13,4 13,N/A
3 4 8 9 11,0.0313748,20.9154,Yes,N/A,N/A,3,4,N/A,N/A,3 4,8,9,N/A,11,3 9,4 9,3 11,4 11,3 4 9,8 9,3 4 11
3 4 8 9 11 13,0.0130684,30.9206,Yes,N/A,N/A,3,4,N/A,N/A,3 4,8,9,N/A,11,3 9,13,3 11,4 11,3 13,4 13,3 4 11
3 4 8 9 11 12,0.0147409,30.0383,Yes,N/A,N/A,3,4,N/A,N/A,3 4,8,9,N/A,11,12,4 9,3 11,3 12,4 12,8 9,3 4 11
3 4 8 9 11 12 13,0.00687051,40.1505,Yes,N/A,N/A,3,4,N/A,N/A,3 4,8,9,N/A,11,12,13,3 11,3 12,3 13,4 13,3 4 11
3 4 8 9 10,0.0421591,17.5909,Yes,N/A,N/A,3,4,N/A,N/A,3 4,8,9,10,3 8,3 9,3 10,4 10,3 4 8,3 4 9,3 4 10,8 10
3 4 8 9 10 13,0.0164457,27.4768,Yes,N/A,N/A,3,4,N/A,N/A,3 4,8,9,10,3 8,3 9,13,4 10,3 4 8,3 13,4 13,8 10
3 4 8 9 10 12,0.0204825,25.7698,Yes,N/A,N/A,3,4,N/A,N/A,3 4,8,9,10,3 8,12,3 10,4 10,3 12,4 12,3 4 10,8 10
3 4 8 9 10 12 13,0.00943649,35.3421,Yes,N/A,N/A,3,4,N/A,N/A,3 4,8,9,10,3 8,12,13,4 10,3 12,3 13,4 13,8 10
3 4 8 9 10 11,0.0243405,23.983,Yes,N/A,N/A,3,4,N/A,N/A,3 4,8,9,10,11,3 9,3 10,3 11,4 11,3 4 9,3 4 10,3 4 11
3 4 8 9 10 11 13,0.0116456,33.0334,Yes,N/A,N/A,3,4,N/A,N/A,3 4,8,9,10,11,3 9,13,3 11,4 11,3 13,4 13,3 4 11
3 4 8 9 10 11 12,0.0134409,31.754,Yes,N/A,N/A,3,4,N/A,N/A,3 4,8,9,10,11,12,3 10,3 11,3 12,4 12,3 4 10,3 4 11
3 4 8 9 10 11 12 13,0.00729992,40.5867,Yes,N/A,N/A,3,4,N/A,N/A,3 4,8,9,10,11,12,13,3 11,3 12,3 13,4 13,3 4 11
3 4 7 9,0.0773363,12.6973,Yes,N/A,N/A,3,4,N/A,N/A,7,N/A,9,3 7,4 7,3 9,4 9,3 4 7,N/A,7 9,N/A,N/A
3 4 7 9 13,0.0237927,23.2199,Yes,N/A,N/A,3,4,N/A,N/A,7,N/A,9,3 7,4 7,3 9,13,3 4 7,N/A,3 13,4 13,N/A
3 4 7 9 12,0.0306924,21.1675,Yes,N/A,N/A,3,4,N/A,N/A,7,N/A,9,3 7,4 7,12,4 9,3 4 7,3 12,4 12,N/A,N/A
3 4 7 9 12 13,0.0119605,31.3031,Yes,N/A,N/A,3,4,N/A,N/A,7,N/A,9,3 7,4 7,12,13,3 4 7,3 12,3 13,4 13,N/A
3 4 7 9 11,0.0340241,19.8421,Yes,N/A,N/A,3,4,N/A,N/A,7,N/A,9,3 7,11,3 9,4 9,3 11,4 11,7 9,N/A,7 11
3 4 7 9 11 13,0.0133647,29.8835,Yes,N/A,N/A,3,4,N/A,N/A,7,N/A,9,3 7,11,3 9,13,3 11,4 11,3 13,4 13,7 11
3 4 7 9 11 12,0.0175388,28.2008,Yes,N/A,N/A,3,4,N/A,N/A,7,N/A,9,3 7,11,12,4 9,3 11,3 12,4 12,N/A,7 11
3 4 7 9 11 12 13,0.00800555,37.9944,Yes,N/A,N/A,3,4,N/A,N/A,7,N/A,9,3 7,11,12,13,3 11,3 12,3 13,4 13,7 11
3 4 7 9 10,0.0390755,19.1781,Yes,N/A,N/A,3,4,N/A,N/A,7,N/A,9,10,4 7,3 9,3 10,4 10,N/A,7 9,7 10,N/A
3 4 7 9 10 13,0.0150911,29.8127,Yes,N/A,N/A,3,4,N/A,N/A,7,N/A,9,10,4 7,3 9,13,4 10,N/A,3 13,4 13,N/A
3 4 7 9 10 12,0.0201581,26.8812,Yes,N/A,N/A,3,4,N/A,N/A,7,N/A,9,10,4 7,12,3 10,4 10,3 12,4 12,7 10,N/A
3 4 7 9 10 12 13,0.00917248,37.1055,Yes,N/A,N/A,3,4,N/A,N/A,7,N/A,9,10,4 7,12,13,4 10,3 12,3 13,4 13,N/A
3 4 7 9 10 11,0.0214679,25.8202,Yes,N/A,N/A,3,4,N/A,N/A,7,N/A,9,10,11,3 9,3 10,3 11,4 11,7 9,7 10,7 11
3 4 7 9 10 11 13,0.00981758,35.8598,Yes,N/A,N/A,3,4,N/A,N/A,7,N/A,9,10,11,3 9,13,3 11,4 11,3 13,4 13,7 11
3 4 7 9 10 11 12,0.0128421,33.5097,Yes,N/A,N/A,3,4,N/A,N/A,7,N/A,9,10,11,12,3 10,3 11,3 12,4 12,7 10,7 11
3 4 7 9 10 11 12 13,0.00675374,43.2359,Yes,N/A,N/A,3,4,N/A,N/A,7,N/A,9,10,11,12,13,3 11,3 12,3 13,4 13,7 11
3 4 7 8 13,0.0250091,21.6832,Yes,N/A,N/A,3,4,N/A,N/A,7,8,N/A,3 7,3 8,4 8,13,3 4 7,7 8,3 13,4 13,3 7 8
3 4 7 8 12,0.0252551,22.5305,Yes,N/A,N/A,3,4,N/A,N/A,7,8,N/A,3 7,3 8,12,N/A,3 4 7,3 12,4 12,N/A,3 7 8
3 4 7 8 12 13,0.0116768,30.678,Yes,N/A,N/A,3,4,N/A,N/A,7,8,N/A,3 7,3 8,12,13,3 4 7,3 12,3 13,4 13,3 7 8
3 4 7 8 11 13,0.0143997,29.0389,Yes,N/A,N/A,3,4,N/A,N/A,7,8,N/A,3 7,11,4 8,13,3 11,4 11,3 13,4 13,7 11
3 4 7 8 11 12,0.0132745,31.0154,Yes,N/A,N/A,3,4,N/A,N/A,7,8,N/A,3 7,11,12,N/A,3 11,3 12,4 12,N/A,7 11
3 4 7 8 11 12 13,0.00752453,38.078,Yes,N/A,N/A,3,4,N/A,N/A,7,8,N/A,3 7,11,12,13,3 11,3 12,3 13,4 13,7 11
3 4 7 8 10,0.0368937,18.4662,Yes,N/A,N/A,3,4,N/A,N/A,7,8,N/A,10,3 8,4 8,3 10,4 10,7 8,N/A,7 10,8 10
3 4 7 8 10 13,0.0155348,28.1606,Yes,N/A,N/A,3,4,N/A,N/A,7,8,N/A,10,3 8,4 8,13,4 10,7 8,3 13,4 13,8 10
3 4 7 8 10 12,0.0195315,26.4401,Yes,N/A,N/A,3,4,N/A,N/A,7,8,N/A,10,3 8,12,3 10,4 10,3 12,4 12,7 10,8 10
3 4 7 8 10 12 13,0.00950914,35.8546,Yes,N/A,N/A,3,4,N/A,N/A,7,8,N/A,10,3 8,12,13,4 10,3 12,3 13,4 13,8 10
3 4 7 8 10 11,0.0203772,26.4438,Yes,N/A,N/A,3,4,N/A,N/A,7,8,N/A,10,11,4 8,3 10,3 11,4 11,N/A,7 10,7 11
3 4 7 8 10 11 13,0.0101591,35.4043,Yes,N/A,N/A,3,4,N/A,N/A,7,8,N/A,10,11,4 8,13,3 11,4 11,3 13,4 13,7 11
3 4 7 8 10 11 12,0.0116144,34.3772,Yes,N/A,N/A,3,4,N/A,N/A,7,8,N/A,10,11,12,3 10,3 11,3 12,4 12,7 10,7 11
3 4 7 8 10 11 12 13,0.00662345,43.2043,Yes,N/A,N/A,3,4,N/A,N/A,7,8,N/A,10,11,12,13,3 11,3 12,3 13,4 13,7 11
3 4 7 8 9,0.0494652,14.9728,Yes,N/A,N/A,3,4,N/A,N/A,7,8,9,3 7,3 8,3 9,4 9,3 4 7,7 8,7 9,8 9,3 7 8
3 4 7 8 9 13,0.0193324,24.9108,Yes,N/A,N/A,3,4,N/A,N/A,7,8,9,3 7,3 8,3 9,13,3 4 7,7 8,3 13,4 13,3 7 8
3 4 7 8 9 12,0.0238723,23.4127,Yes,N/A,N/A,3,4,N/A,N/A,7,8,9,3 7,3 8,12,4 9,3 4 7,3 12,4 12,8 9,3 7 8
3 4 7 8 9 12 13,0.0106519,33.168,Yes,N/A,N/A,3,4,N/A,N/A,7,8,9,3 7,3 8,12,13,3 4 7,3 12,3 13,4 13,3 7 8
3 4 7 8 9 11,0.0286623,21.7956,Yes,N/A,N/A,3,4,N/A,N/A,7,8,9,3 7,11,3 9,4 9,3 11,4 11,7 9,8 9,7 11
3 4 7 8 9 11 13,0.0132765,30.7976,Yes,N/A,N/A,3,4,N/A,N/A,7,8,9,3 7,11,3 9,13,3 11,4 11,3 13,4 13,7 11
3 4 7 8 9 11 12,0.0155883,29.6812,Yes,N/A,N/A,3,4,N/A,N/A,7,8,9,3 7,11,12,4 9,3 11,3 12,4 12,8 9,7 11
3 4 7 8 9 11 12 13,0.00813874,38.6385,Yes,N/A,N/A,3,4,N/A,N/A,7,8,9,3 7,11,12,13,3 11,3 12,3 13,4 13,7 11
3 4 7 8 9 10,0.0359864,19.6316,Yes,N/A,N/A,3,4,N/A,N/A,7,8,9,10,3 8,3 9,3 10,4 10,7 8,7 9,7 10,8 10
3 4 7 8 9 10 13,0.0157159,29.0546,Yes,N/A,N/A,3,4,N/A,N/A,7,8,9,10,3 8,3 9,13,4 10,7 8,3 13,4 13,8 10
3 4 7 8 9 10 12,0.0192937,27.2387,Yes,N/A,N/A,3,4,N/A,N/A,7,8,9,10,3 8,12,3 10,4 10,3 12,4 12,7 10,8 10
3 4 7 8 9 10 12 13,0.00989549,36.1248,Yes,N/A,N/A,3,4,N/A,N/A,7,8,9,10,3 8,12,13,4 10,3 12,3 13,4 13,8 10
3 4 7 8 9 10 11,0.0217655,26.1248,Yes,N/A,N/A,3,4,N/A,N/A,7,8,9,10,11,3 9,3 10,3 11,4 11,7 9,7 10,7 11
3 4 7 8 9 10 11 13,0.0112173,34.6613,Yes,N/A,N/A,3,4,N/A,N/A,7,8,9,10,11,3 9,13,3 11,4 11,3 13,4 13,7 11
3 4 7 8 9 10 11 12,0.0133551,33.1961,Yes,N/A,N/A,3,4,N/A,N/A,7,8,9,10,11,12,3 10,3 11,3 12,4 12,7 10,7 11
3 4 7 8 9 10 11 12 13,0.00787958,41.287,Yes,N/A,N/A,3,4,N/A,N/A,7,8,9,10,11,12,13,3 11,3 12,3 13,4 13,7 11
1 3 4 5,0.134034,6.11571,Yes,N/A,N/A,3,4,5,1 5,3 4,3 5,4 5,1 4 5,N/A,3 4 5,1 3 4 5,N/A,N/A,N/A,N/A,N/A
3 4 5,0.123382,8.04645,Yes,N/A,N/A,3,4,5,N/A,3 4,3 5,4 5,N/A,N/A,3 4 5,N/A,N/A,N/A,N/A,N/A,N/A
1 3 4 5 13,0.048915,14.8244,Yes,N/A,N/A,3,4,5,1 5,3 4,3 5,4 5,1 4 5,N/A,3 4 5,13,1 13,N/A,3 13,4 13,5 13
1 3 4 5 12,0.0578411,13.6682,Yes,N/A,N/A,3,4,5,1 5,3 4,3 5,4 5,1 4 5,N/A,12,1 12,N/A,3 12,4 12,5 12,1 5 12
3 4 5 12,0.0342312,17.4597,Yes,N/A,N/A,3,4,5,N/A,3 4,3 5,4 5,N/A,N/A,12,N/A,N/A,3 12,4 12,5 12,N/A
1 3 4 5 12 13,0.0256549,22.5023,Yes,N/A,N/A,3,4,5,1 5,3 4,3 5,4 5,1 4 5,N/A,12,13,1 13,3 12,3 13,4 13,5 13
1 3 4 5 11,0.0922454,9.77826,Yes,N/A,N/A,3,4,5,1 5,3 4,3 5,4 5,1 4 5,11,3 4 5,1 3 4 5,3 11,4 11,5 11,1 5 11,3 4 11
1 3 4 5 11 13,0.0393357,18.2755,Yes,N/A,N/A,3,4,5,1 5,3 4,3 5,4 5,1 4 5,11,3 4 5,13,3 11,4 11,3 13,4 13,5 13
3 4 5 11,0.0612015,13.9222,Yes,N/A,N/A,3,4,5,N/A,3 4,3 5,4 5,N/A,11,3 4 5,N/A,3 11,4 11,5 11,N/A,3 4 11
1 3 4 5 11 12,0.0477694,16.7152,Yes,N/A,N/A,3,4,5,1 5,3 4,3 5,4 5,1 4 5,11,12,1 12,3 11,3 12,4 12,5 12,3 4 11
1 3 4 5 11 12 13,0.0224499,25.6819,Yes,N/A,N/A,3,4,5,1 5,3 4,3 5,4 5,1 4 5,11,12,13,3 11,3 12,3 13,4 13,5 13
3 4 5 13,0.0345853,17.8981,Yes,N/A,N/A,3,4,5,N/A,3 4,3 5,4 5,N/A,N/A,3 4 5,13,N/A,N/A,3 13,4 13,5 13
3 4 5 12 13,0.0131846,27.209,Yes,N/A,N/A,3,4,5,N/A,3 4,3 5,4 5,N/A,N/A,12,13,N/A,3 12,3 13,4 13,5 13
1 3 4 5 10,0.105964,8.38551,Yes,N/A,N/A,3,4,5,1 5,3 4,3 5,4 5,10,1 10,3 4 5,3 10,4 10,5 10,1 5 10,3 4 10,3 5 10
1 3 4 5 10 13,0.042604,17.1939,Yes,N/A,N/A,3,4,5,1 5,3 4,3 5,4 5,10,1 10,3 4 5,13,4 10,5 10,3 13,4 13,5 13
1 3 4 5 10 12,0.054626,14.8998,Yes,N/A,N/A,3,4,5,1 5,3 4,3 5,4 5,10,1 10,12,3 10,4 10,3 12,4 12,5 12,3 5 10
1 3 4 5 10 12 13,0.0252836,23.681,Yes,N/A,N/A,3,4,5,1 5,3 4,3 5,4 5,10,1 10,12,13,4 10,3 12,3 13,4 13,5 13
1 3 4 5 10 11,0.0644396,13.8751,Yes,N/A,N/A,3,4,5,1 5,3 4,3 5,4 5,10,11,3 4 5,3 10,3 11,4 11,5 11,3 4 10,3 4 11
1 3 4 5 10 11 13,0.030876,22.1611,Yes,N/A,N/A,3,4,5,1 5,3 4,3 5,4 5,10,11,3 4 5,13,3 11,4 11,3 13,4 13,5 13
1 3 4 5 10 11 12,0.0388761,20.0483,Yes,N/A,N/A,3,4,5,1 5,3 4,3 5,4 5,10,11,12,3 10,3 11,3 12,4 12,5 12,3 4 11
1 3 4 5 10 11 12 13,0.0205908,28.4648,Yes,N/A,N/A,3,4,5,1 5,3 4,3 5,4 5,10,11,12,13,3 11,3 12,3 13,4 13,5 13
3 4 5 11 13,0.0219204,22.8505,Yes,N/A,N/A,3,4,5,N/A,3 4,3 5,4 5,N/A,11,3 4 5,13,3 11,4 11,3 13,4 13,5 13
3 4 5 11 12,0.0227256,23.1311,Yes,N/A,N/A,3,4,5,N/A,3 4,3 5,4 5,N/A,11,12,N/A,3 11,3 12,4 12,5 12,3 4 11
3 4 5 11 12 13,0.0107098,31.4786,Yes,N/A,N/A,3,4,5,N/A,3 4,3 5,4 5,N/A,11,12,13,3 11,3 12,3 13,4 13,5 13
1 3 4 5 9,0.0936007,9.47584,Yes,N/A,N/A,3,4,5,1 5,3 4,3 5,9,1 9,N/A,3 9,4 9,5 9,1 5 9,3 4 9,3 5 9,4 5 9
1 3 4 5 9 13,0.0360383,18.9744,Yes,N/A,N/A,3,4,5,1 5,3 4,3 5,9,1 9,N/A,3 9,13,5 9,1 5 9,3 13,4 13,5 13
1 3 4 5 9 12,0.0456081,17.0434,Yes,N/A,N/A,3,4,5,1 5,3 4,3 5,9,1 9,N/A,12,4 9,5 9,3 12,4 12,5 12,4 5 9
1 3 4 5 9 12 13,0.0202094,26.8694,Yes,N/A,N/A,3,4,5,1 5,3 4,3 5,9,1 9,N/A,12,13,5 9,3 12,3 13,4 13,5 13
1 3 4 5 9 11,0.0688466,12.2492,Yes,N/A,N/A,3,4,5,1 5,3 4,3 5,9,1 9,11,3 9,4 9,3 11,4 11,5 11,3 5 9,3 4 11
1 3 4 5 9 11 13,0.0319264,20.5435,Yes,N/A,N/A,3,4,5,1 5,3 4,3 5,9,1 9,11,3 9,13,3 11,4 11,3 13,4 13,5 13
1 3 4 5 9 11 12,0.0386852,19.045,Yes,N/A,N/A,3,4,5,1 5,3 4,3 5,9,1 9,11,12,4 9,3 11,3 12,4 12,5 12,3 4 11
1 3 4 5 9 11 12 13,0.0198569,27.5698,Yes,N/A,N/A,3,4,5,1 5,3 4,3 5,9,1 9,11,12,13,3 11,3 12,3 13,4 13,5 13
3 4 5 9,0.0601511,12.7571,Yes,N/A,N/A,3,4,5,N/A,3 4,3 5,9,N/A,N/A,3 9,4 9,5 9,N/A,3 4 9,3 5 9,4 5 9
3 4 5 9 13,0.0182746,23.8409,Yes,N/A,N/A,3,4,5,N/A,3 4,3 5,9,N/A,N/A,3 9,13,5 9,N/A,3 13,4 13,5 13
3 4 5 9 12,0.0232787,21.6213,Yes,N/A,N/A,3,4,5,N/A,3 4,3 5,9,N/A,N/A,12,4 9,5 9,3 12,4 12,5 12,4 5 9
3 4 5 9 12 13,0.00911152,32.5794,Yes,N/A,N/A,3,4,5,N/A,3 4,3 5,9,N/A,N/A,12,13,5 9,3 12,3 13,4 13,5 13
1 3 4 5 9 10,0.0689473,11.9155,Yes,N/A,N/A,3,4,5,1 5,3 4,3 5,9,10,1 10,3 9,3 10,4 10,5 10,3 4 9,3 4 10,3 5 10
1 3 4 5 9 10 13,0.0321815,20.5341,Yes,N/A,N/A,3,4,5,1 5,3 4,3 5,9,10,1 10,3 9,13,4 10,5 10,3 13,4 13,5 13
1 3 4 5 9 10 12,0.0413735,18.1823,Yes,N/A,N/A,3,4,5,1 5,3 4,3 5,9,10,1 10,12,3 10,4 10,3 12,4 12,5 12,3 5 10
1 3 4 5 9 10 12 13,0.0210044,26.9757,Yes,N/A,N/A,3,4,5,1 5,3 4,3 5,9,10,1 10,12,13,4 10,3 12,3 13,4 13,5 13
1 3 4 5 9 10 11,0.0507574,16.3318,Yes,N/A,N/A,3,4,5,1 5,3 4,3 5,9,10,11,3 9,3 10,3 11,4 11,5 11,3 4 10,3 4 11
1 3 4 5 9 10 11 13,0.0268562,24.1804,Yes,N/A,N/A,3,4,5,1 5,3 4,3 5,9,10,11,3 9,13,3 11,4 11,3 13,4 13,5 13
1 3 4 5 9 10 11 12,0.0333404,22.2213,Yes,N/A,N/A,3,4,5,1 5,3 4,3 5,9,10,11,12,3 10,3 11,3 12,4 12,5 12,3 4 11
1 3 4 5 9 10 11 12 13,0.019054,30.1572,Yes,N/A,N/A,3,4,5,1 5,3 4,3 5,9,10,11,12,13,3 11,3 12,3 13,4 13,5 13
1 3 4 5 8,0.111012,7.24843,Yes,N/A,N/A,3,4,5,1 5,3 4,8,4 5,1 4 5,3 8,4 8,5 8,1 5 8,3 4 8,3 5 8,4 5 8,1 4 5 8
3 4 5 8,0.0706676,10.7488,Yes,N/A,N/A,3,4,5,N/A,3 4,8,4 5,N/A,3 8,4 8,5 8,N/A,3 4 8,3 5 8,4 5 8,N/A
1 3 4 5 8 13,0.0494505,15.4355,Yes,N/A,N/A,3,4,5,1 5,3 4,8,4 5,1 4 5,3 8,4 8,13,1 13,3 4 8,3 13,4 13,5 13
1 3 4 5 8 12,0.0555342,14.2141,Yes,N/A,N/A,3,4,5,1 5,3 4,8,4 5,1 4 5,3 8,12,5 8,1 5 8,3 12,4 12,5 12,1 5 12
3 4 5 8 12,0.0285406,19.9582,Yes,N/A,N/A,3,4,5,N/A,3 4,8,4 5,N/A,3 8,12,5 8,N/A,3 12,4 12,5 12,N/A
1 3 4 5 8 12 13,0.0280326,22.5265,Yes,N/A,N/A,3,4,5,1 5,3 4,8,4 5,1 4 5,3 8,12,13,1 13,3 12,3 13,4 13,5 13
1 3 4 5 8 11,0.065828,12.3472,Yes,N/A,N/A,3,4,5,1 5,3 4,8,4 5,1 4 5,11,4 8,5 8,3 11,4 11,5 11,4 5 8,3 4 11
1 3 4 5 8 11 13,0.0325978,20.5941,Yes,N/A,N/A,3,4,5,1 5,3 4,8,4 5,1 4 5,11,4 8,13,3 11,4 11,3 13,4 13,5 13
1 3 4 5 8 11 12,0.038228,19.359,Yes,N/A,N/A,3,4,5,1 5,3 4,8,4 5,1 4 5,11,12,5 8,3 11,3 12,4 12,5 12,3 4 11
1 3 4 5 8 11 12 13,0.0207686,27.5788,Yes,N/A,N/A,3,4,5,1 5,3 4,8,4 5,1 4 5,11,12,13,3 11,3 12,3 13,4 13,5 13
1 3 4 5 8 10,0.0809322,10.1576,Yes,N/A,N/A,3,4,5,1 5,3 4,8,4 5,10,3 8,4 8,3 10,4 10,5 10,3 5 8,3 4 10,8 10
1 3 4 5 8 10 13,0.0394001,18.3567,Yes,N/A,N/A,3,4,5,1 5,3 4,8,4 5,10,3 8,4 8,13,4 10,5 10,3 13,4 13,5 13
1 3 4 5 8 10 12,0.0493909,16.2063,Yes,N/A,N/A,3,4,5,1 5,3 4,8,4 5,10,3 8,12,3 10,4 10,3 12,4 12,5 12,8 10
1 3 4 5 8 10 12 13,0.026161,24.2557,Yes,N/A,N/A,3,4,5,1 5,3 4,8,4 5,10,3 8,12,13,4 10,3 12,3 13,4 13,5 13
1 3 4 5 8 10 11,0.058345,14.5102,Yes,N/A,N/A,3,4,5,1 5,3 4,8,4 5,10,11,4 8,3 10,3 11,4 11,5 11,3 4 10,3 4 11
1 3 4 5 8 10 11 13,0.0305515,22.46,Yes,N/A,N/A,3,4,5,1 5,3 4,8,4 5,10,11,4 8,13,3 11,4 11,3 13,4 13,5 13
1 3 4 5 8 10 11 12,0.0372436,20.7676,Yes,N/A,N/A,3,4,5,1 5,3 4,8,4 5,10,11,12,3 10,3 11,3 12,4 12,5 12,3 4 11
1 3 4 5 8 10 11 12 13,0.0215714,28.2969,Yes,N/A,N/A,3,4,5,1 5,3 4,8,4 5,10,11,12,13,3 11,3 12,3 13,4 13,5 13
3 4 5 8 13,0.0234295,21.3389,Yes,N/A,N/A,3,4,5,N/A,3 4,8,4 5,N/A,3 8,4 8,13,N/A,3 4 8,3 13,4 13,5 13
3 4 5 8 12 13,0.0118025,30.4234,Yes,N/A,N/A,3,4,5,N/A,3 4,8,4 5,N/A,3 8,12,13,N/A,3 12,3 13,4 13,5 13
3 4 5 8 11,0.0360847,17.3021,Yes,N/A,N/A,3,4,5,N/A,3 4,8,4 5,N/A,11,4 8,5 8,3 11,4 11,5 11,4 5 8,3 4 11
3 4 5 8 11 13,0.0148809,27.5226,Yes,N/A,N/A,3,4,5,N/A,3 4,8,4 5,N/A,11,4 8,13,3 11,4 11,3 13,4 13,5 13
3 4 5 8 11 12,0.0186145,26.0375,Yes,N/A,N/A,3,4,5,N/A,3 4,8,4 5,N/A,11,12,5 8,3 11,3 12,4 12,5 12,3 4 11
3 4 5 8 11 12 13,0.008833,35.9201,Yes,N/A,N/A,3,4,5,N/A,3 4,8,4 5,N/A,11,12,13,3 11,3 12,3 13,4 13,5 13
1 3 4 5 8 9,0.0765634,10.11,Yes,N/A,N/A,3,4,5,1 5,3 4,8,9,1 9,3 8,3 9,4 9,5 9,3 4 8,3 4 9,8 9,4 5 9
1 3 4 5 8 9 13,0.0354979,19.1038,Yes,N/A,N/A,3,4,5,1 5,3 4,8,9,1 9,3 8,3 9,13,5 9,3 4 8,3 13,4 13,5 13
1 3 4 5 8 9 12,0.04567,16.7528,Yes,N/A,N/A,3,4,5,1 5,3 4,8,9,1 9,3 8,12,4 9,5 9,3 12,4 12,5 12,4 5 9
1 3 4 5 8 9 12 13,0.0228119,25.7322,Yes,N/A,N/A,3,4,5,1 5,3 4,8,9,1 9,3 8,12,13,5 9,3 12,3 13,4 13,5 13
1 3 4 5 8 9 11,0.0582638,14.0878,Yes,N/A,N/A,3,4,5,1 5,3 4,8,9,1 9,11,3 9,4 9,3 11,4 11,5 11,8 9,3 4 11
1 3 4 5 8 9 11 13,0.0296214,22.311,Yes,N/A,N/A,3,4,5,1 5,3 4,8,9,1 9,11,3 9,13,3 11,4 11,3 13,4 13,5 13
1 3 4 5 8 9 11 12,0.0360114,20.7956,Yes,N/A,N/A,3,4,5,1 5,3 4,8,9,1 9,11,12,4 9,3 11,3 12,4 12,5 12,3 4 11
1 3 4 5 8 9 11 12 13,0.019985,28.7824,Yes,N/A,N/A,3,4,5,1 5,3 4,8,9,1 9,11,12,13,3 11,3 12,3 13,4 13,5 13
1 3 4 5 8 9 10,0.0646169,13.3241,Yes,N/A,N/A,3,4,5,1 5,3 4,8,9,10,3 8,3 9,3 10,4 10,5 10,3 4 9,3 4 10,8 10
1 3 4 5 8 9 10 13,0.0330237,21.382,Yes,N/A,N/A,3,4,5,1 5,3 4,8,9,10,3 8,3 9,13,4 10,5 10,3 13,4 13,5 13
1 3 4 5 8 9 10 12,0.0415914,19.1008,Yes,N/A,N/A,3,4,5,1 5,3 4,8,9,10,3 8,12,3 10,4 10,3 12,4 12,5 12,8 10
1 3 4 5 8 9 10 12 13,0.023108,26.9073,Yes,N/A,N/A,3,4,5,1 5,3 4,8,9,10,3 8,12,13,4 10,3 12,3 13,4 13,5 13
1 3 4 5 8 9 10 11,0.0506108,16.8843,Yes,N/A,N/A,3,4,5,1 5,3 4,8,9,10,11,3 9,3 10,3 11,4 11,5 11,3 4 10,3 4 11
1 3 4 5 8 9 10 11 13,0.0282674,24.2814,Yes,N/A,N/A,3,4,5,1 5,3 4,8,9,10,11,3 9,13,3 11,4 11,3 13,4 13,5 13
1 3 4 5 8 9 10 11 12,0.0341514,22.4995,Yes,N/A,N/A,3,4,5,1 5,3 4,8,9,10,11,12,3 10,3 11,3 12,4 12,5 12,3 4 11
1 3 4 5 8 9 10 11 12 13,0.0209021,29.4946,Yes,N/A,N/A,3,4,5,1 5,3 4,8,9,10,11,12,13,3 11,3 12,3 13,4 13,5 13
1 3 4 5 7,0.107852,6.73238,Yes,N/A,N/A,3,4,5,1 5,7,3 5,4 5,3 7,4 7,5 7,1 5 7,3 4 7,3 5 7,4 5 7,1 4 5 7,N/A
1 3 4 5 7 13,0.0488064,14.8166,Yes,N/A,N/A,3,4,5,1 5,7,3 5,4 5,3 7,4 7,5 7,13,3 4 7,3 5 7,3 13,4 13,5 13
3 4 5 7,0.0763383,9.13775,Yes,N/A,N/A,3,4,5,N/A,7,3 5,4 5,3 7,4 7,5 7,N/A,3 4 7,3 5 7,4 5 7,N/A,N/A
1 3 4 5 7 12,0.0659124,12.4254,Yes,N/A,N/A,3,4,5,1 5,7,3 5,4 5,3 7,4 7,12,1 12,3 4 7,3 12,4 12,5 12,1 5 12
1 3 4 5 7 12 13,0.0303394,21.2374,Yes,N/A,N/A,3,4,5,1 5,7,3 5,4 5,3 7,4 7,12,13,3 4 7,3 12,3 13,4 13,5 13
1 3 4 5 7 11,0.0682868,11.616,Yes,N/A,N/A,3,4,5,1 5,7,3 5,4 5,3 7,11,5 7,1 5 7,3 11,4 11,5 11,1 5 11,7 11
1 3 4 5 7 11 13,0.0361253,18.7685,Yes,N/A,N/A,3,4,5,1 5,7,3 5,4 5,3 7,11,5 7,13,3 11,4 11,3 13,4 13,5 13
3 4 5 7 11,0.0390233,16.5181,Yes,N/A,N/A,3,4,5,N/A,7,3 5,4 5,3 7,11,5 7,N/A,3 11,4 11,5 11,N/A,7 11
1 3 4 5 7 11 12,0.0443356,17.4859,Yes,N/A,N/A,3,4,5,1 5,7,3 5,4 5,3 7,11,12,1 12,3 11,3 12,4 12,5 12,7 11
1 3 4 5 7 11 12 13,0.0236388,25.3965,Yes,N/A,N/A,3,4,5,1 5,7,3 5,4 5,3 7,11,12,13,3 11,3 12,3 13,4 13,5 13
1 3 4 5 7 10,0.081003,9.66898,Yes,N/A,N/A,3,4,5,1 5,7,3 5,4 5,10,4 7,5 7,3 10,4 10,5 10,4 5 7,7 10,3 5 10
1 3 4 5 7 10 13,0.0395078,18.0562,Yes,N/A,N/A,3,4,5,1 5,7,3 5,4 5,10,4 7,5 7,13,4 10,5 10,3 13,4 13,5 13
1 3 4 5 7 10 12,0.0518897,15.3618,Yes,N/A,N/A,3,4,5,1 5,7,3 5,4 5,10,4 7,12,3 10,4 10,3 12,4 12,5 12,3 5 10
1 3 4 5 7 10 12 13,0.0271541,23.4972,Yes,N/A,N/A,3,4,5,1 5,7,3 5,4 5,10,4 7,12,13,4 10,3 12,3 13,4 13,5 13
1 3 4 5 7 10 11,0.0571624,14.6892,Yes,N/A,N/A,3,4,5,1 5,7,3 5,4 5,10,11,5 7,3 10,3 11,4 11,5 11,7 10,7 11
1 3 4 5 7 10 11 13,0.0304647,22.4925,Yes,N/A,N/A,3,4,5,1 5,7,3 5,4 5,10,11,5 7,13,3 11,4 11,3 13,4 13,5 13
1 3 4 5 7 10 11 12,0.0375019,20.499,Yes,N/A,N/A,3,4,5,1 5,7,3 5,4 5,10,11,12,3 10,3 11,3 12,4 12,5 12,7 11
1 3 4 5 7 10 11 12 13,0.0218125,28.0202,Yes,N/A,N/A,3,4,5,1 5,7,3 5,4 5,10,11,12,13,3 11,3 12,3 13,4 13,5 13
1 3 4 5 7 9,0.0862437,8.74645,Yes,N/A,N/A,3,4,5,1 5,7,3 5,9,3 7,4 7,3 9,4 9,5 9,3 5 7,7 9,3 5 9,4 5 9
1 3 4 5 7 9 13,0.0406813,17.3354,Yes,N/A,N/A,3,4,5,1 5,7,3 5,9,3 7,4 7,3 9,13,5 9,3 5 7,3 13,4 13,5 13
1 3 4 5 7 9 12,0.0540895,14.9631,Yes,N/A,N/A,3,4,5,1 5,7,3 5,9,3 7,4 7,12,4 9,5 9,3 12,4 12,5 12,4 5 9
1 3 4 5 7 9 12 13,0.0272491,23.6541,Yes,N/A,N/A,3,4,5,1 5,7,3 5,9,3 7,4 7,12,13,5 9,3 12,3 13,4 13,5 13
1 3 4 5 7 9 11,0.0641138,12.8977,Yes,N/A,N/A,3,4,5,1 5,7,3 5,9,3 7,11,3 9,4 9,3 11,4 11,5 11,3 5 9,7 11
1 3 4 5 7 9 11 13,0.0332071,20.6242,Yes,N/A,N/A,3,4,5,1 5,7,3 5,9,3 7,11,3 9,13,3 11,4 11,3 13,4 13,5 13
1 3 4 5 7 9 11 12,0.0411162,18.9055,Yes,N/A,N/A,3,4,5,1 5,7,3 5,9,3 7,11,12,4 9,3 11,3 12,4 12,5 12,7 11
1 3 4 5 7 9 11 12 13,0.0229152,26.6757,Yes,N/A,N/A,3,4,5,1 5,7,3 5,9,3 7,11,12,13,3 11,3 12,3 13,4 13,5 13
1 3 4 5 7 9 10,0.0758831,11.3435,Yes,N/A,N/A,3,4,5,1 5,7,3 5,9,10,4 7,3 9,3 10,4 10,5 10,7 9,7 10,3 5 10
1 3 4 5 7 9 10 13,0.0383788,19.3333,Yes,N/A,N/A,3,4,5,1 5,7,3 5,9,10,4 7,3 9,13,4 10,5 10,3 13,4 13,5 13
1 3 4 5 7 9 10 12,0.0480491,17.1962,Yes,N/A,N/A,3,4,5,1 5,7,3 5,9,10,4 7,12,3 10,4 10,3 12,4 12,5 12,3 5 10
1 3 4 5 7 9 10 12 13,0.0266122,24.9428,Yes,N/A,N/A,3,4,5,1 5,7,3 5,9,10,4 7,12,13,4 10,3 12,3 13,4 13,5 13
1 3 4 5 7 9 10 11,0.0549452,15.704,Yes,N/A,N/A,3,4,5,1 5,7,3 5,9,10,11,3 9,3 10,3 11,4 11,5 11,7 10,7 11
1 3 4 5 7 9 10 11 13,0.0307016,22.9625,Yes,N/A,N/A,3,4,5,1 5,7,3 5,9,10,11,3 9,13,3 11,4 11,3 13,4 13,5 13
1 3 4 5 7 9 10 11 12,0.0370034,21.1033,Yes,N/A,N/A,3,4,5,1 5,7,3 5,9,10,11,12,3 10,3 11,3 12,4 12,5 12,7 11
1 3 4 5 7 9 10 11 12 13,0.0227267,27.9715,Yes,N/A,N/A,3,4,5,1 5,7,3 5,9,10,11,12,13,3 11,3 12,3 13,4 13,5 13
1 3 4 5 7 8,0.0928621,8.17217,Yes,N/A,N/A,3,4,5,1 5,7,8,4 5,3 7,3 8,4 8,5 8,3 4 7,7 8,3 5 8,4 5 8,3 7 8
1 3 4 5 7 8 13,0.0455175,15.8693,Yes,N/A,N/A,3,4,5,1 5,7,8,4 5,3 7,3 8,4 8,13,3 4 7,7 8,3 13,4 13,5 13
1 3 4 5 7 8 12,0.0564868,14.6714,Yes,N/A,N/A,3,4,5,1 5,7,8,4 5,3 7,3 8,12,5 8,3 4 7,3 12,4 12,5 12,3 7 8
1 3 4 5 7 8 12 13,0.0285918,22.7313,Yes,N/A,N/A,3,4,5,1 5,7,8,4 5,3 7,3 8,12,13,3 4 7,3 12,3 13,4 13,5 13
1 3 4 5 7 8 11,0.0681885,12.6715,Yes,N/A,N/A,3,4,5,1 5,7,8,4 5,3 7,11,4 8,5 8,3 11,4 11,5 11,4 5 8,7 11
1 3 4 5 7 8 11 13,0.0365424,19.5872,Yes,N/A,N/A,3,4,5,1 5,7,8,4 5,3 7,11,4 8,13,3 11,4 11,3 13,4 13,5 13
1 3 4 5 7 8 11 12,0.0421711,18.9299,Yes,N/A,N/A,3,4,5,1 5,7,8,4 5,3 7,11,12,5 8,3 11,3 12,4 12,5 12,7 11
1 3 4 5 7 8 11 12 13,0.0240815,25.9987,Yes,N/A,N/A,3,4,5,1 5,7,8,4 5,3 7,11,12,13,3 11,3 12,3 13,4 13,5 13
1 3 4 5 7 8 10,0.0807121,10.7882,Yes,N/A,N/A,3,4,5,1 5,7,8,4 5,10,3 8,4 8,3 10,4 10,5 10,3 5 8,7 10,8 10
1 3 4 5 7 8 10 13,0.0415766,18.2848,Yes,N/A,N/A,3,4,5,1 5,7,8,4 5,10,3 8,4 8,13,4 10,5 10,3 13,4 13,5 13
1 3 4 5 7 8 10 12,0.0503673,16.5598,Yes,N/A,N/A,3,4,5,1 5,7,8,4 5,10,3 8,12,3 10,4 10,3 12,4 12,5 12,8 10
1 3 4 5 7 8 10 12 13,0.0280791,23.8671,Yes,N/A,N/A,3,4,5,1 5,7,8,4 5,10,3 8,12,13,4 10,3 12,3 13,4 13,5 13
1 3 4 5 7 8 10 11,0.0576762,15.2745,Yes,N/A,N/A,3,4,5,1 5,7,8,4 5,10,11,4 8,3 10,3 11,4 11,5 11,7 10,7 11
1 3 4 5 7 8 10 11 13,0.0327996,22.269,Yes,N/A,N/A,3,4,5,1 5,7,8,4 5,10,11,4 8,13,3 11,4 11,3 13,4 13,5 13
1 3 4 5 7 8 10 11 12,0.0381156,20.8599,Yes,N/A,N/A,3,4,5,1 5,7,8,4 5,10,11,12,3 10,3 11,3 12,4 12,5 12,7 11
1 3 4 5 7 8 10 11 12 13,0.023772,27.3277,Yes,N/A,N/A,3,4,5,1 5,7,8,4 5,10,11,12,13,3 11,3 12,3 13,4 13,5 13
1 3 4 5 7 8 9,0.0860538,10.1581,Yes,N/A,N/A,3,4,5,1 5,7,8,9,3 7,3 8,3 9,4 9,5 9,7 8,7 9,8 9,4 5 9
1 3 4 5 7 8 9 13,0.0418411,18.3414,Yes,N/A,N/A,3,4,5,1 5,7,8,9,3 7,3 8,3 9,13,5 9,7 8,3 13,4 13,5 13
1 3 4 5 7 8 9 12,0.0521048,16.3315,Yes,N/A,N/A,3,4,5,1 5,7,8,9,3 7,3 8,12,4 9,5 9,3 12,4 12,5 12,4 5 9
1 3 4 5 7 8 9 12 13,0.0277097,24.4215,Yes,N/A,N/A,3,4,5,1 5,7,8,9,3 7,3 8,12,13,5 9,3 12,3 13,4 13,5 13
1 3 4 5 7 8 9 11,0.0626127,14.0629,Yes,N/A,N/A,3,4,5,1 5,7,8,9,3 7,11,3 9,4 9,3 11,4 11,5 11,8 9,7 11
1 3 4 5 7 8 9 11 13,0.0340529,21.4104,Yes,N/A,N/A,3,4,5,1 5,7,8,9,3 7,11,3 9,13,3 11,4 11,3 13,4 13,5 13
1 3 4 5 7 8 9 11 12,0.0410307,19.7483,Yes,N/A,N/A,3,4,5,1 5,7,8,9,3 7,11,12,4 9,3 11,3 12,4 12,5 12,7 11
1 3 4 5 7 8 9 11 12 13,0.0242064,26.9366,Yes,N/A,N/A,3,4,5,1 5,7,8,9,3 7,11,12,13,3 11,3 12,3 13,4 13,5 13
1 3 4 5 7 8 9 10,0.0720501,12.4459,Yes,N/A,N/A,3,4,5,1 5,7,8,9,10,3 8,3 9,3 10,4 10,5 10,7 9,7 10,8 10
1 3 4 5 7 8 9 10 13,0.0389806,19.8245,Yes,N/A,N/A,3,4,5,1 5,7,8,9,10,3 8,3 9,13,4 10,5 10,3 13,4 13,5 13
1 3 4 5 7 8 9 10 12,0.0471861,17.8151,Yes,N/A,N/A,3,4,5,1 5,7,8,9,10,3 8,12,3 10,4 10,3 12,4 12,5 12,8 10
1 3 4 5 7 8 9 10 12 13,0.0279709,24.7389,Yes,N/A,N/A,3,4,5,1 5,7,8,9,10,3 8,12,13,4 10,3 12,3 13,4 13,5 13
1 3 4 5 7 8 9 10 11,0.0540368,16.2065,Yes,N/A,N/A,3,4,5,1 5,7,8,9,10,11,3 9,3 10,3 11,4 11,5 11,7 10,7 11
1 3 4 5 7 8 9 10 11 13,0.0325105,22.6723,Yes,N/A,N/A,3,4,5,1 5,7,8,9,10,11,3 9,13,3 11,4 11,3 13,4 13,5 13
1 3 4 5 7 8 9 10 11 12,0.038118,21.0701,Yes,N/A,N/A,3,4,5,1 5,7,8,9,10,11,12,3 10,3 11,3 12,4 12,5 12,7 11
1 3 4 5 7 8 9 10 11 12 13,0.0250733,26.9663,Yes,N/A,N/A,3,4,5,1 5,7,8,9,10,11,12,13,3 11,3 12,3 13,4 13,5 13
1 2 3 4 5,0.0980389,4.63266,Yes,N/A,2,3,4,5,2 4,2 5,3 5,4 5,2 3 5,2 4 5,3 4 5,1 3 4 5,2 3 4 5,1 2 3 4 5,N/A,N/A,N/A
1 2 3 4 5 13,0.0489668,12.4737,Yes,N/A,2,3,4,5,2 4,2 5,3 5,4 5,2 3 5,2 4 5,3 4 5,13,2 3 4 5,2 13,3 13,4 13,5 13
2 3 4 5,0.0944234,5.9727,Yes,N/A,2,3,4,5,2 4,2 5,3 5,4 5,2 3 5,2 4 5,3 4 5,N/A,2 3 4 5,N/A,N/A,N/A,N/A
1 2 3 4 5 12,0.0679571,9.89885,Yes,N/A,2,3,4,5,2 4,2 5,3 5,4 5,2 3 5,2 4 5,12,1 12,2 12,3 12,4 12,5 12,2 4 12
1 2 3 4 5 12 13,0.0330831,19.0857,Yes,N/A,2,3,4,5,2 4,2 5,3 5,4 5,2 3 5,2 4 5,12,13,2 12,2 13,3 13,4 13,5 13
1 2 3 4 5 11,0.0852692,8.41744,Yes,N/A,2,3,4,5,2 4,2 5,3 5,4 5,2 3 5,11,3 4 5,2 11,3 11,4 11,5 11,2 4 11,2 5 11
1 2 3 4 5 11 13,0.0441925,16.4235,Yes,N/A,2,3,4,5,2 4,2 5,3 5,4 5,2 3 5,11,3 4 5,13,3 11,2 13,3 13,4 13,5 13
1 2 3 4 5 11 12,0.0549735,14.6168,Yes,N/A,2,3,4,5,2 4,2 5,3 5,4 5,2 3 5,11,12,2 11,2 12,3 12,4 12,5 12,2 4 12
1 2 3 4 5 11 12 13,0.0291865,23.3177,Yes,N/A,2,3,4,5,2 4,2 5,3 5,4 5,2 3 5,11,12,13,2 12,2 13,3 13,4 13,5 13
1 2 3 4 5 10,0.101373,6.99287,Yes,N/A,2,3,4,5,2 4,2 5,3 5,4 5,10,2 4 5,2 10,3 10,4 10,5 10,2 4 10,2 5 10,3 5 10
1 2 3 4 5 10 13,0.0511266,14.8222,Yes,N/A,2,3,4,5,2 4,2 5,3 5,4 5,10,2 4 5,2 10,13,4 10,2 13,3 13,4 13,5 13
1 2 3 4 5 10 12,0.0677024,12.3505,Yes,N/A,2,3,4,5,2 4,2 5,3 5,4 5,10,2 4 5,12,3 10,2 12,3 12,4 12,5 12,2 4 12
1 2 3 4 5 10 12 13,0.034714,20.9333,Yes,N/A,2,3,4,5,2 4,2 5,3 5,4 5,10,2 4 5,12,13,2 12,2 13,3 13,4 13,5 13
1 2 3 4 5 10 11,0.0804547,10.5958,Yes,N/A,2,3,4,5,2 4,2 5,3 5,4 5,10,11,2 10,2 11,3 11,4 11,5 11,2 4 11,2 5 11
1 2 3 4 5 10 11 13,0.0430048,18.5237,Yes,N/A,2,3,4,5,2 4,2 5,3 5,4 5,10,11,2 10,13,3 11,2 13,3 13,4 13,5 13
1 2 3 4 5 10 11 12,0.0523226,16.7455,Yes,N/A,2,3,4,5,2 4,2 5,3 5,4 5,10,11,12,2 11,2 12,3 12,4 12,5 12,2 4 12
1 2 3 4 5 10 11 12 13,0.0297179,25.0041,Yes,N/A,2,3,4,5,2 4,2 5,3 5,4 5,10,11,12,13,2 12,2 13,3 13,4 13,5 13
1 2 3 4 5 9,0.112788,6.45089,Yes,N/A,2,3,4,5,2 4,2 5,3 5,9,2 3 5,2 9,3 9,4 9,5 9,2 4 9,2 5 9,3 5 9,4 5 9
1 2 3 4 5 9 13,0.0565687,13.8364,Yes,N/A,2,3,4,5,2 4,2 5,3 5,9,2 3 5,2 9,3 9,13,5 9,2 13,3 13,4 13,5 13
1 2 3 4 5 9 12,0.0713825,11.8,Yes,N/A,2,3,4,5,2 4,2 5,3 5,9,2 3 5,2 9,12,4 9,2 12,3 12,4 12,5 12,2 4 12
1 2 3 4 5 9 12 13,0.0355281,20.3496,Yes,N/A,2,3,4,5,2 4,2 5,3 5,9,2 3 5,2 9,12,13,2 12,2 13,3 13,4 13,5 13
1 2 3 4 5 9 11,0.0850477,9.83817,Yes,N/A,2,3,4,5,2 4,2 5,3 5,9,2 3 5,11,3 9,2 11,3 11,4 11,5 11,2 4 11,2 5 11
1 2 3 4 5 9 11 13,0.0447569,17.4404,Yes,N/A,2,3,4,5,2 4,2 5,3 5,9,2 3 5,11,3 9,13,3 11,2 13,3 13,4 13,5 13
1 2 3 4 5 9 11 12,0.0542271,15.8419,Yes,N/A,2,3,4,5,2 4,2 5,3 5,9,2 3 5,11,12,2 11,2 12,3 12,4 12,5 12,2 4 12
1 2 3 4 5 9 11 12 13,0.0306897,23.546,Yes,N/A,2,3,4,5,2 4,2 5,3 5,9,2 3 5,11,12,13,2 12,2 13,3 13,4 13,5 13
1 2 3 4 5 9 10,0.0942847,8.51194,Yes,N/A,2,3,4,5,2 4,2 5,3 5,9,10,2 9,2 10,3 10,4 10,5 10,2 4 10,2 5 10,3 5 10
1 2 3 4 5 9 10 13,0.0505834,15.9083,Yes,N/A,2,3,4,5,2 4,2 5,3 5,9,10,2 9,2 10,13,4 10,2 13,3 13,4 13,5 13
1 2 3 4 5 9 10 12,0.063199,13.643,Yes,N/A,2,3,4,5,2 4,2 5,3 5,9,10,2 9,12,3 10,2 12,3 12,4 12,5 12,2 4 12
1 2 3 4 5 9 10 12 13,0.035544,21.2677,Yes,N/A,2,3,4,5,2 4,2 5,3 5,9,10,2 9,12,13,2 12,2 13,3 13,4 13,5 13
1 2 3 4 5 9 10 11,0.0719758,12.2077,Yes,N/A,2,3,4,5,2 4,2 5,3 5,9,10,11,2 10,2 11,3 11,4 11,5 11,2 4 11,2 5 11
1 2 3 4 5 9 10 11 13,0.0414659,19.4193,Yes,N/A,2,3,4,5,2 4,2 5,3 5,9,10,11,2 10,13,3 11,2 13,3 13,4 13,5 13
1 2 3 4 5 9 10 11 12,0.0499997,17.6275,Yes,N/A,2,3,4,5,2 4,2 5,3 5,9,10,11,12,2 11,2 12,3 12,4 12,5 12,2 4 12
1 2 3 4 5 9 10 11 12 13,0.0309795,24.7099,Yes,N/A,2,3,4,5,2 4,2 5,3 5,9,10,11,12,13,2 12,2 13,3 13,4 13,5 13
1 2 3 4 5 8,0.118829,5.89642,Yes,N/A,2,3,4,5,2 4,2 5,8,4 5,2 8,3 8,4 8,5 8,2 4 8,2 5 8,3 5 8,4 5 8,2 3 5 8
1 2 3 4 5 8 13,0.0638574,12.4358,Yes,N/A,2,3,4,5,2 4,2 5,8,4 5,2 8,3 8,4 8,13,2 4 8,2 13,3 13,4 13,5 13
1 2 3 4 5 8 12,0.0790417,10.4885,Yes,N/A,2,3,4,5,2 4,2 5,8,4 5,2 8,3 8,12,5 8,2 12,3 12,4 12,5 12,2 4 12
1 2 3 4 5 8 12 13,0.0424331,18.1342,Yes,N/A,2,3,4,5,2 4,2 5,8,4 5,2 8,3 8,12,13,2 12,2 13,3 13,4 13,5 13
1 2 3 4 5 8 11,0.0922412,8.78635,Yes,N/A,2,3,4,5,2 4,2 5,8,4 5,2 8,11,4 8,2 11,3 11,4 11,5 11,2 4 11,2 5 11
1 2 3 4 5 8 11 13,0.0504791,16.1122,Yes,N/A,2,3,4,5,2 4,2 5,8,4 5,2 8,11,4 8,13,3 11,2 13,3 13,4 13,5 13
1 2 3 4 5 8 11 12,0.0598581,14.4661,Yes,N/A,2,3,4,5,2 4,2 5,8,4 5,2 8,11,12,2 11,2 12,3 12,4 12,5 12,2 4 12
1 2 3 4 5 8 11 12 13,0.0344301,22.1269,Yes,N/A,2,3,4,5,2 4,2 5,8,4 5,2 8,11,12,13,2 12,2 13,3 13,4 13,5 13
1 2 3 4 5 8 10,0.0992774,7.71001,Yes,N/A,2,3,4,5,2 4,2 5,8,4 5,10,3 8,2 10,3 10,4 10,5 10,2 4 10,2 5 10,8 10
1 2 3 4 5 8 10 13,0.0566901,14.5688,Yes,N/A,2,3,4,5,2 4,2 5,8,4 5,10,3 8,2 10,13,4 10,2 13,3 13,4 13,5 13
1 2 3 4 5 8 10 12,0.0692988,12.584,Yes,N/A,2,3,4,5,2 4,2 5,8,4 5,10,3 8,12,3 10,2 12,3 12,4 12,5 12,2 4 12
1 2 3 4 5 8 10 12 13,0.0402476,19.9203,Yes,N/A,2,3,4,5,2 4,2 5,8,4 5,10,3 8,12,13,2 12,2 13,3 13,4 13,5 13
1 2 3 4 5 8 10 11,0.0765117,11.3759,Yes,N/A,2,3,4,5,2 4,2 5,8,4 5,10,11,2 10,2 11,3 11,4 11,5 11,2 4 11,2 5 11
1 2 3 4 5 8 10 11 13,0.0454466,18.3864,Yes,N/A,2,3,4,5,2 4,2 5,8,4 5,10,11,2 10,13,3 11,2 13,3 13,4 13,5 13
1 2 3 4 5 8 10 11 12,0.0546518,16.412,Yes,N/A,2,3,4,5,2 4,2 5,8,4 5,10,11,12,2 11,2 12,3 12,4 12,5 12,2 4 12
1 2 3 4 5 8 10 11 12 13,0.0339824,23.4805,Yes,N/A,2,3,4,5,2 4,2 5,8,4 5,10,11,12,13,2 12,2 13,3 13,4 13,5 13
1 2 3 4 5 8 9,0.0998816,7.35651,Yes,N/A,2,3,4,5,2 4,2 5,8,9,2 8,2 9,3 9,4 9,5 9,2 4 9,2 5 9,8 9,4 5 9
1 2 3 4 5 8 9 13,0.0566174,14.2169,Yes,N/A,2,3,4,5,2 4,2 5,8,9,2 8,2 9,3 9,13,5 9,2 13,3 13,4 13,5 13
1 2 3 4 5 8 9 12,0.0679812,12.398,Yes,N/A,2,3,4,5,2 4,2 5,8,9,2 8,2 9,12,4 9,2 12,3 12,4 12,5 12,2 4 12
1 2 3 4 5 8 9 12 13,0.0386851,19.9904,Yes,N/A,2,3,4,5,2 4,2 5,8,9,2 8,2 9,12,13,2 12,2 13,3 13,4 13,5 13
1 2 3 4 5 8 9 11,0.0804484,10.3979,Yes,N/A,2,3,4,5,2 4,2 5,8,9,2 8,11,3 9,2 11,3 11,4 11,5 11,2 4 11,2 5 11
1 2 3 4 5 8 9 11 13,0.0472238,17.229,Yes,N/A,2,3,4,5,2 4,2 5,8,9,2 8,11,3 9,13,3 11,2 13,3 13,4 13,5 13
1 2 3 4 5 8 9 11 12,0.0555587,15.6249,Yes,N/A,2,3,4,5,2 4,2 5,8,9,2 8,11,12,2 11,2 12,3 12,4 12,5 12,2 4 12
1 2 3 4 5 8 9 11 12 13,0.0341347,22.5441,Yes,N/A,2,3,4,5,2 4,2 5,8,9,2 8,11,12,13,2 12,2 13,3 13,4 13,5 13
1 2 3 4 5 8 9 10,0.0863827,9.47004,Yes,N/A,2,3,4,5,2 4,2 5,8,9,10,2 9,2 10,3 10,4 10,5 10,2 4 10,2 5 10,8 10
1 2 3 4 5 8 9 10 13,0.0514325,16.1846,Yes,N/A,2,3,4,5,2 4,2 5,8,9,10,2 9,2 10,13,4 10,2 13,3 13,4 13,5 13
1 2 3 4 5 8 9 10 12,0.0624035,14.1659,Yes,N/A,2,3,4,5,2 4,2 5,8,9,10,2 9,12,3 10,2 12,3 12,4 12,5 12,2 4 12
1 2 3 4 5 8 9 10 12 13,0.0385903,20.8364,Yes,N/A,2,3,4,5,2 4,2 5,8,9,10,2 9,12,13,2 12,2 13,3 13,4 13,5 13
1 2 3 4 5 8 9 10 11,0.0699344,12.8085,Yes,N/A,2,3,4,5,2 4,2 5,8,9,10,11,2 10,2 11,3 11,4 11,5 11,2 4 11,2 5 11
1 2 3 4 5 8 9 10 11 13,0.0437668,19.2033,Yes,N/A,2,3,4,5,2 4,2 5,8,9,10,11,2 10,13,3 11,2 13,3 13,4 13,5 13
1 2 3 4 5 8 9 10 11 12,0.0521153,17.311,Yes,N/A,2,3,4,5,2 4,2 5,8,9,10,11,12,2 11,2 12,3 12,4 12,5 12,2 4 12
1 2 3 4 5 8 9 10 11 12 13,0.0347255,23.3817,Yes,N/A,2,3,4,5,2 4,2 5,8,9,10,11,12,13,2 12,2 13,3 13,4 13,5 13
1 2 3 4 5 7,0.121773,5.64447,Yes,N/A,2,3,4,5,2 4,7,3 5,2 7,3 7,4 7,5 7,2 4 7,2 5 7,3 5 7,4 5 7,2 3 5 7,2 4 5 7
1 2 3 4 5 7 13,0.0659853,11.9271,Yes,N/A,2,3,4,5,2 4,7,3 5,2 7,3 7,4 7,5 7,13,2 5 7,2 13,3 13,4 13,5 13
1 2 3 4 5 7 12,0.0815864,9.93771,Yes,N/A,2,3,4,5,2 4,7,3 5,2 7,3 7,4 7,12,2 4 7,2 12,3 12,4 12,5 12,2 4 12
1 2 3 4 5 7 12 13,0.044934,17.1001,Yes,N/A,2,3,4,5,2 4,7,3 5,2 7,3 7,4 7,12,13,2 12,2 13,3 13,4 13,5 13
1 2 3 4 5 7 11,0.0961513,7.95766,Yes,N/A,2,3,4,5,2 4,7,3 5,2 7,3 7,11,5 7,2 11,3 11,4 11,5 11,2 4 11,7 11
1 2 3 4 5 7 11 13,0.0515056,15.2013,Yes,N/A,2,3,4,5,2 4,7,3 5,2 7,3 7,11,5 7,13,3 11,2 13,3 13,4 13,5 13
1 2 3 4 5 7 11 12,0.063645,13.2739,Yes,N/A,2,3,4,5,2 4,7,3 5,2 7,3 7,11,12,2 11,2 12,3 12,4 12,5 12,2 4 12
1 2 3 4 5 7 11 12 13,0.0363692,20.6719,Yes,N/A,2,3,4,5,2 4,7,3 5,2 7,3 7,11,12,13,2 12,2 13,3 13,4 13,5 13
1 2 3 4 5 7 10,0.101694,7.00219,Yes,N/A,2,3,4,5,2 4,7,3 5,2 7,10,4 7,2 10,3 10,4 10,5 10,2 4 10,7 10,3 5 10
1 2 3 4 5 7 10 13,0.0578401,13.7938,Yes,N/A,2,3,4,5,2 4,7,3 5,2 7,10,4 7,2 10,13,4 10,2 13,3 13,4 13,5 13
1 2 3 4 5 7 10 12,0.0695951,11.9812,Yes,N/A,2,3,4,5,2 4,7,3 5,2 7,10,4 7,12,3 10,2 12,3 12,4 12,5 12,2 4 12
1 2 3 4 5 7 10 12 13,0.0410321,18.9812,Yes,N/A,2,3,4,5,2 4,7,3 5,2 7,10,4 7,12,13,2 12,2 13,3 13,4 13,5 13
1 2 3 4 5 7 10 11,0.0793044,10.5307,Yes,N/A,2,3,4,5,2 4,7,3 5,2 7,10,11,2 10,2 11,3 11,4 11,5 11,2 4 11,7 11
1 2 3 4 5 7 10 11 13,0.0466515,17.2688,Yes,N/A,2,3,4,5,2 4,7,3 5,2 7,10,11,2 10,13,3 11,2 13,3 13,4 13,5 13
1 2 3 4 5 7 10 11 12,0.0561625,15.4607,Yes,N/A,2,3,4,5,2 4,7,3 5,2 7,10,11,12,2 11,2 12,3 12,4 12,5 12,2 4 12
1 2 3 4 5 7 10 11 12 13,0.0347165,22.3002,Yes,N/A,2,3,4,5,2 4,7,3 5,2 7,10,11,12,13,2 12,2 13,3 13,4 13,5 13
1 2 3 4 5 7 9,0.102877,6.52601,Yes,N/A,2,3,4,5,2 4,7,3 5,9,3 7,2 9,3 9,4 9,5 9,2 4 9,7 9,3 5 9,2 7 9
1 2 3 4 5 7 9 13,0.0581483,13.2675,Yes,N/A,2,3,4,5,2 4,7,3 5,9,3 7,2 9,3 9,13,5 9,2 13,3 13,4 13,5 13
1 2 3 4 5 7 9 12,0.0742381,11.0158,Yes,N/A,2,3,4,5,2 4,7,3 5,9,3 7,2 9,12,4 9,2 12,3 12,4 12,5 12,2 4 12
1 2 3 4 5 7 9 12 13,0.0425145,18.2114,Yes,N/A,2,3,4,5,2 4,7,3 5,9,3 7,2 9,12,13,2 12,2 13,3 13,4 13,5 13
1 2 3 4 5 7 9 11,0.0818968,9.71765,Yes,N/A,2,3,4,5,2 4,7,3 5,9,3 7,11,3 9,2 11,3 11,4 11,5 11,2 4 11,7 11
1 2 3 4 5 7 9 11 13,0.0472193,16.7258,Yes,N/A,2,3,4,5,2 4,7,3 5,9,3 7,11,3 9,13,3 11,2 13,3 13,4 13,5 13
1 2 3 4 5 7 9 11 12,0.0593682,14.3963,Yes,N/A,2,3,4,5,2 4,7,3 5,9,3 7,11,12,2 11,2 12,3 12,4 12,5 12,2 4 12
1 2 3 4 5 7 9 11 12 13,0.0362132,21.2009,Yes,N/A,2,3,4,5,2 4,7,3 5,9,3 7,11,12,13,2 12,2 13,3 13,4 13,5 13
1 2 3 4 5 7 9 10,0.0906197,8.56831,Yes,N/A,2,3,4,5,2 4,7,3 5,9,10,2 9,2 10,3 10,4 10,5 10,2 4 10,7 10,3 5 10
1 2 3 4 5 7 9 10 13,0.0542827,15.0652,Yes,N/A,2,3,4,5,2 4,7,3 5,9,10,2 9,2 10,13,4 10,2 13,3 13,4 13,5 13
1 2 3 4 5 7 9 10 12,0.0656755,13.1116,Yes,N/A,2,3,4,5,2 4,7,3 5,9,10,2 9,12,3 10,2 12,3 12,4 12,5 12,2 4 12
1 2 3 4 5 7 9 10 12 13,0.0408797,19.5504,Yes,N/A,2,3,4,5,2 4,7,3 5,9,10,2 9,12,13,2 12,2 13,3 13,4 13,5 13
1 2 3 4 5 7 9 10 11,0.0740374,11.6765,Yes,N/A,2,3,4,5,2 4,7,3 5,9,10,11,2 10,2 11,3 11,4 11,5 11,2 4 11,7 11
1 2 3 4 5 7 9 10 11 13,0.045801,17.963,Yes,N/A,2,3,4,5,2 4,7,3 5,9,10,11,2 10,13,3 11,2 13,3 13,4 13,5 13
1 2 3 4 5 7 9 10 11 12,0.0550997,16.0351,Yes,N/A,2,3,4,5,2 4,7,3 5,9,10,11,12,2 11,2 12,3 12,4 12,5 12,2 4 12
1 2 3 4 5 7 9 10 11 12 13,0.0363239,21.9994,Yes,N/A,2,3,4,5,2 4,7,3 5,9,10,11,12,13,2 12,2 13,3 13,4 13,5 13
1 2 3 4 5 7 8,0.103348,6.14679,Yes,N/A,2,3,4,5,2 4,7,8,2 7,2 8,3 8,4 8,5 8,2 4 8,7 8,3 5 8,2 7 8,3 7 8
1 2 3 4 5 7 8 13,0.06015,12.7376,Yes,N/A,2,3,4,5,2 4,7,8,2 7,2 8,3 8,4 8,13,2 4 8,2 13,3 13,4 13,5 13
1 2 3 4 5 7 8 12,0.0745082,10.7466,Yes,N/A,2,3,4,5,2 4,7,8,2 7,2 8,3 8,12,5 8,2 12,3 12,4 12,5 12,2 4 12
1 2 3 4 5 7 8 12 13,0.0438008,17.7202,Yes,N/A,2,3,4,5,2 4,7,8,2 7,2 8,3 8,12,13,2 12,2 13,3 13,4 13,5 13
1 2 3 4 5 7 8 11,0.0864051,9.10161,Yes,N/A,2,3,4,5,2 4,7,8,2 7,2 8,11,4 8,2 11,3 11,4 11,5 11,2 4 11,7 11
1 2 3 4 5 7 8 11 13,0.0508886,15.8003,Yes,N/A,2,3,4,5,2 4,7,8,2 7,2 8,11,4 8,13,3 11,2 13,3 13,4 13,5 13
1 2 3 4 5 7 8 11 12,0.0609921,14.1754,Yes,N/A,2,3,4,5,2 4,7,8,2 7,2 8,11,12,2 11,2 12,3 12,4 12,5 12,2 4 12
1 2 3 4 5 7 8 11 12 13,0.0375181,20.811,Yes,N/A,2,3,4,5,2 4,7,8,2 7,2 8,11,12,13,2 12,2 13,3 13,4 13,5 13
1 2 3 4 5 7 8 10,0.0946615,8.01494,Yes,N/A,2,3,4,5,2 4,7,8,2 7,10,3 8,2 10,3 10,4 10,5 10,2 4 10,7 10,8 10
1 2 3 4 5 7 8 10 13,0.0569658,14.3513,Yes,N/A,2,3,4,5,2 4,7,8,2 7,10,3 8,2 10,13,4 10,2 13,3 13,4 13,5 13
1 2 3 4 5 7 8 10 12,0.0685976,12.5561,Yes,N/A,2,3,4,5,2 4,7,8,2 7,10,3 8,12,3 10,2 12,3 12,4 12,5 12,2 4 12
1 2 3 4 5 7 8 10 12 13,0.0426125,18.9321,Yes,N/A,2,3,4,5,2 4,7,8,2 7,10,3 8,12,13,2 12,2 13,3 13,4 13,5 13
1 2 3 4 5 7 8 10 11,0.0778996,11.113,Yes,N/A,2,3,4,5,2 4,7,8,2 7,10,11,2 10,2 11,3 11,4 11,5 11,2 4 11,7 11
1 2 3 4 5 7 8 10 11 13,0.0483064,17.3111,Yes,N/A,2,3,4,5,2 4,7,8,2 7,10,11,2 10,13,3 11,2 13,3 13,4 13,5 13
1 2 3 4 5 7 8 10 11 12,0.0571827,15.5635,Yes,N/A,2,3,4,5,2 4,7,8,2 7,10,11,12,2 11,2 12,3 12,4 12,5 12,2 4 12
1 2 3 4 5 7 8 10 11 12 13,0.0376292,21.5365,Yes,N/A,2,3,4,5,2 4,7,8,2 7,10,11,12,13,2 12,2 13,3 13,4 13,5 13
1 2 3 4 5 7 8 9,0.0987174,7.45209,Yes,N/A,2,3,4,5,2 4,7,8,9,2 8,2 9,3 9,4 9,5 9,2 4 9,7 9,8 9,2 7 9
1 2 3 4 5 7 8 9 13,0.0590281,13.8303,Yes,N/A,2,3,4,5,2 4,7,8,9,2 8,2 9,3 9,13,5 9,2 13,3 13,4 13,5 13
1 2 3 4 5 7 8 9 12,0.0722202,11.8925,Yes,N/A,2,3,4,5,2 4,7,8,9,2 8,2 9,12,4 9,2 12,3 12,4 12,5 12,2 4 12
1 2 3 4 5 7 8 9 12 13,0.0435395,18.6463,Yes,N/A,2,3,4,5,2 4,7,8,9,2 8,2 9,12,13,2 12,2 13,3 13,4 13,5 13
1 2 3 4 5 7 8 9 11,0.0820439,10.3019,Yes,N/A,2,3,4,5,2 4,7,8,9,2 8,11,3 9,2 11,3 11,4 11,5 11,2 4 11,7 11
1 2 3 4 5 7 8 9 11 13,0.0504102,16.5359,Yes,N/A,2,3,4,5,2 4,7,8,9,2 8,11,3 9,13,3 11,2 13,3 13,4 13,5 13
1 2 3 4 5 7 8 9 11 12,0.0602451,14.7025,Yes,N/A,2,3,4,5,2 4,7,8,9,2 8,11,12,2 11,2 12,3 12,4 12,5 12,2 4 12
1 2 3 4 5 7 8 9 11 12 13,0.0390145,20.7359,Yes,N/A,2,3,4,5,2 4,7,8,9,2 8,11,12,13,2 12,2 13,3 13,4 13,5 13
1 2 3 4 5 7 8 9 10,0.0890964,9.33288,Yes,N/A,2,3,4,5,2 4,7,8,9,10,2 9,2 10,3 10,4 10,5 10,2 4 10,7 10,8 10
1 2 3 4 5 7 8 9 10 13,0.0557978,15.2966,Yes,N/A,2,3,4,5,2 4,7,8,9,10,2 9,2 10,13,4 10,2 13,3 13,4 13,5 13
1 2 3 4 5 7 8 9 10 12,0.0660956,13.4644,Yes,N/A,2,3,4,5,2 4,7,8,9,10,2 9,12,3 10,2 12,3 12,4 12,5 12,2 4 12
1 2 3 4 5 7 8 9 10 12 13,0.0433482,19.2163,Yes,N/A,2,3,4,5,2 4,7,8,9,10,2 9,12,13,2 12,2 13,3 13,4 13,5 13
1 2 3 4 5 7 8 9 10 11,0.0740704,12.0162,Yes,N/A,2,3,4,5,2 4,7,8,9,10,11,2 10,2 11,3 11,4 11,5 11,2 4 11,7 11
1 2 3 4 5 7 8 9 10 11 13,0.0486665,17.6059,Yes,N/A,2,3,4,5,2 4,7,8,9,10,11,2 10,13,3 11,2 13,3 13,4 13,5 13
1 2 3 4 5 7 8 9 10 11 12,0.0573028,15.722,Yes,N/A,2,3,4,5,2 4,7,8,9,10,11,12,2 11,2 12,3 12,4 12,5 12,2 4 12
1 2 3 4 5 7 8 9 10 11 12 13,0.0401367,20.8175,Yes,N/A,2,3,4,5,2 4,7,8,9,10,11,12,13,2 12,2 13,3 13,4 13,5 13
1 3 4 5 6,0.100404,6.47488,Yes,N/A,N/A,3,4,5,6,3 4,3 5,3 6,4 6,5 6,3 4 5,3 4 6,3 5 6,4 5 6,1 4 5 6,N/A,3 4 5 6
1 3 4 5 6 13,0.0454558,14.7489,Yes,N/A,N/A,3,4,5,6,3 4,3 5,3 6,4 6,5 6,3 4 5,13,3 5 6,4 5 6,3 13,4 13,5 13
1 3 4 5 6 12,0.0591355,12.6706,Yes,N/A,N/A,3,4,5,6,3 4,3 5,3 6,4 6,5 6,12,3 4 6,3 5 6,3 12,4 12,5 12,6 12
1 3 4 5 6 12 13,0.0289044,21.1224,Yes,N/A,N/A,3,4,5,6,3 4,3 5,3 6,4 6,5 6,12,13,3 5 6,3 12,3 13,4 13,5 13
1 3 4 5 6 11,0.0691556,11.2808,Yes,N/A,N/A,3,4,5,6,3 4,3 5,3 6,4 6,11,3 4 5,3 4 6,3 11,4 11,5 11,6 11,3 4 11
1 3 4 5 6 11 13,0.034952,18.7131,Yes,N/A,N/A,3,4,5,6,3 4,3 5,3 6,4 6,11,3 4 5,13,3 11,4 11,3 13,4 13,5 13
1 3 4 5 6 11 12,0.0420195,17.7564,Yes,N/A,N/A,3,4,5,6,3 4,3 5,3 6,4 6,11,12,3 4 6,3 11,3 12,4 12,5 12,6 12
1 3 4 5 6 11 12 13,0.0231735,25.2311,Yes,N/A,N/A,3,4,5,6,3 4,3 5,3 6,4 6,11,12,13,3 11,3 12,3 13,4 13,5 13
1 3 4 5 6 10,0.0769957,10.0155,Yes,N/A,N/A,3,4,5,6,3 4,3 5,3 6,10,5 6,3 4 5,3 10,4 10,5 10,6 10,3 4 10,3 5 10
1 3 4 5 6 10 13,0.0368486,18.1847,Yes,N/A,N/A,3,4,5,6,3 4,3 5,3 6,10,5 6,3 4 5,13,4 10,5 10,3 13,4 13,5 13
1 3 4 5 6 10 12,0.050565,15.2808,Yes,N/A,N/A,3,4,5,6,3 4,3 5,3 6,10,5 6,12,3 10,4 10,3 12,4 12,5 12,6 12
1 3 4 5 6 10 12 13,0.0262114,23.5327,Yes,N/A,N/A,3,4,5,6,3 4,3 5,3 6,10,5 6,12,13,4 10,3 12,3 13,4 13,5 13
1 3 4 5 6 10 11,0.0528973,15.6413,Yes,N/A,N/A,3,4,5,6,3 4,3 5,3 6,10,11,3 4 5,3 10,3 11,4 11,5 11,6 11,3 4 11
1 3 4 5 6 10 11 13,0.0282444,22.8172,Yes,N/A,N/A,3,4,5,6,3 4,3 5,3 6,10,11,3 4 5,13,3 11,4 11,3 13,4 13,5 13
1 3 4 5 6 10 11 12,0.0358018,20.918,Yes,N/A,N/A,3,4,5,6,3 4,3 5,3 6,10,11,12,3 10,3 11,3 12,4 12,5 12,6 12
1 3 4 5 6 10 11 12 13,0.0208001,28.2703,Yes,N/A,N/A,3,4,5,6,3 4,3 5,3 6,10,11,12,13,3 11,3 12,3 13,4 13,5 13
1 3 4 5 6 9,0.0904949,8.15871,Yes,N/A,N/A,3,4,5,6,3 4,3 5,9,4 6,5 6,3 9,4 9,5 9,6 9,3 4 9,3 5 9,3 6 9
1 3 4 5 6 9 13,0.0433298,16.2789,Yes,N/A,N/A,3,4,5,6,3 4,3 5,9,4 6,5 6,3 9,13,5 9,6 9,3 13,4 13,5 13
1 3 4 5 6 9 12,0.0576268,13.9527,Yes,N/A,N/A,3,4,5,6,3 4,3 5,9,4 6,5 6,12,4 9,5 9,3 12,4 12,5 12,6 12
1 3 4 5 6 9 12 13,0.0288652,22.526,Yes,N/A,N/A,3,4,5,6,3 4,3 5,9,4 6,5 6,12,13,5 9,3 12,3 13,4 13,5 13
1 3 4 5 6 9 11,0.0659576,12.7978,Yes,N/A,N/A,3,4,5,6,3 4,3 5,9,4 6,11,3 9,4 9,3 11,4 11,5 11,6 11,3 4 11
1 3 4 5 6 9 11 13,0.0342949,20.1359,Yes,N/A,N/A,3,4,5,6,3 4,3 5,9,4 6,11,3 9,13,3 11,4 11,3 13,4 13,5 13
1 3 4 5 6 9 11 12,0.0426149,18.4124,Yes,N/A,N/A,3,4,5,6,3 4,3 5,9,4 6,11,12,4 9,3 11,3 12,4 12,5 12,6 12
1 3 4 5 6 9 11 12 13,0.0239771,26.0391,Yes,N/A,N/A,3,4,5,6,3 4,3 5,9,4 6,11,12,13,3 11,3 12,3 13,4 13,5 13
1 3 4 5 6 9 10,0.0737356,11.8964,Yes,N/A,N/A,3,4,5,6,3 4,3 5,9,10,5 6,3 9,3 10,4 10,5 10,6 10,3 4 10,3 5 10
1 3 4 5 6 9 10 13,0.0375412,19.5246,Yes,N/A,N/A,3,4,5,6,3 4,3 5,9,10,5 6,3 9,13,4 10,5 10,3 13,4 13,5 13
1 3 4 5 6 9 10 12,0.0482683,17.0974,Yes,N/A,N/A,3,4,5,6,3 4,3 5,9,10,5 6,12,3 10,4 10,3 12,4 12,5 12,6 12
1 3 4 5 6 9 10 12 13,0.0263966,24.87,Yes,N/A,N/A,3,4,5,6,3 4,3 5,9,10,5 6,12,13,4 10,3 12,3 13,4 13,5 13
1 3 4 5 6 9 10 11,0.0513455,16.8879,Yes,N/A,N/A,3,4,5,6,3 4,3 5,9,10,11,3 9,3 10,3 11,4 11,5 11,6 11,3 4 11
1 3 4 5 6 9 10 11 13,0.0288973,23.7441,Yes,N/A,N/A,3,4,5,6,3 4,3 5,9,10,11,3 9,13,3 11,4 11,3 13,4 13,5 13
1 3 4 5 6 9 10 11 12,0.0358697,21.8176,Yes,N/A,N/A,3,4,5,6,3 4,3 5,9,10,11,12,3 10,3 11,3 12,4 12,5 12,6 12
1 3 4 5 6 9 10 11 12 13,0.0219103,28.6831,Yes,N/A,N/A,3,4,5,6,3 4,3 5,9,10,11,12,13,3 11,3 12,3 13,4 13,5 13
1 3 4 5 6 8,0.0965717,7.646,Yes,N/A,N/A,3,4,5,6,3 4,8,3 6,4 6,3 8,4 8,5 8,6 8,3 4 8,3 5 8,3 6 8,4 6 8
1 3 4 5 6 8 13,0.0466146,15.5942,Yes,N/A,N/A,3,4,5,6,3 4,8,3 6,4 6,3 8,4 8,13,6 8,3 4 8,3 13,4 13,5 13
1 3 4 5 6 8 12,0.0600481,13.6745,Yes,N/A,N/A,3,4,5,6,3 4,8,3 6,4 6,3 8,12,5 8,6 8,3 12,4 12,5 12,6 12
1 3 4 5 6 8 12 13,0.030212,22.0635,Yes,N/A,N/A,3,4,5,6,3 4,8,3 6,4 6,3 8,12,13,6 8,3 12,3 13,4 13,5 13
1 3 4 5 6 8 11,0.0734109,11.6992,Yes,N/A,N/A,3,4,5,6,3 4,8,3 6,4 6,11,4 8,5 8,3 11,4 11,5 11,6 11,3 4 11
1 3 4 5 6 8 11 13,0.0362926,19.6167,Yes,N/A,N/A,3,4,5,6,3 4,8,3 6,4 6,11,4 8,13,3 11,4 11,3 13,4 13,5 13
1 3 4 5 6 8 11 12,0.0458344,17.9542,Yes,N/A,N/A,3,4,5,6,3 4,8,3 6,4 6,11,12,5 8,3 11,3 12,4 12,5 12,6 12
1 3 4 5 6 8 11 12 13,0.0248237,25.8473,Yes,N/A,N/A,3,4,5,6,3 4,8,3 6,4 6,11,12,13,3 11,3 12,3 13,4 13,5 13
1 3 4 5 6 8 10,0.084471,10.3618,Yes,N/A,N/A,3,4,5,6,3 4,8,3 6,10,3 8,4 8,3 10,4 10,5 10,6 10,3 4 10,8 10
1 3 4 5 6 8 10 13,0.0415877,18.0835,Yes,N/A,N/A,3,4,5,6,3 4,8,3 6,10,3 8,4 8,13,4 10,5 10,3 13,4 13,5 13
1 3 4 5 6 8 10 12,0.0533652,15.8452,Yes,N/A,N/A,3,4,5,6,3 4,8,3 6,10,3 8,12,3 10,4 10,3 12,4 12,5 12,6 12
1 3 4 5 6 8 10 12 13,0.0287331,23.5897,Yes,N/A,N/A,3,4,5,6,3 4,8,3 6,10,3 8,12,13,4 10,3 12,3 13,4 13,5 13
1 3 4 5 6 8 10 11,0.0613164,14.3631,Yes,N/A,N/A,3,4,5,6,3 4,8,3 6,10,11,4 8,3 10,3 11,4 11,5 11,6 11,3 4 11
1 3 4 5 6 8 10 11 13,0.0333057,21.5266,Yes,N/A,N/A,3,4,5,6,3 4,8,3 6,10,11,4 8,13,3 11,4 11,3 13,4 13,5 13
1 3 4 5 6 8 10 11 12,0.0410871,19.7072,Yes,N/A,N/A,3,4,5,6,3 4,8,3 6,10,11,12,3 10,3 11,3 12,4 12,5 12,6 12
1 3 4 5 6 8 10 11 12 13,0.0244968,26.598,Yes,N/A,N/A,3,4,5,6,3 4,8,3 6,10,11,12,13,3 11,3 12,3 13,4 13,5 13
1 3 4 5 6 8 9,0.0923275,9.41231,Yes,N/A,N/A,3,4,5,6,3 4,8,9,4 6,3 8,3 9,4 9,5 9,6 9,3 4 9,8 9,3 6 9
1 3 4 5 6 8 9 13,0.0453147,17.2547,Yes,N/A,N/A,3,4,5,6,3 4,8,9,4 6,3 8,3 9,13,5 9,6 9,3 13,4 13,5 13
1 3 4 5 6 8 9 12,0.0578488,15.0229,Yes,N/A,N/A,3,4,5,6,3 4,8,9,4 6,3 8,12,4 9,5 9,3 12,4 12,5 12,6 12
1 3 4 5 6 8 9 12 13,0.0308572,22.928,Yes,N/A,N/A,3,4,5,6,3 4,8,9,4 6,3 8,12,13,5 9,3 12,3 13,4 13,5 13
1 3 4 5 6 8 9 11,0.066637,13.3342,Yes,N/A,N/A,3,4,5,6,3 4,8,9,4 6,11,3 9,4 9,3 11,4 11,5 11,6 11,3 4 11
1 3 4 5 6 8 9 11 13,0.0355376,20.7816,Yes,N/A,N/A,3,4,5,6,3 4,8,9,4 6,11,3 9,13,3 11,4 11,3 13,4 13,5 13
1 3 4 5 6 8 9 11 12,0.0442862,18.7702,Yes,N/A,N/A,3,4,5,6,3 4,8,9,4 6,11,12,4 9,3 11,3 12,4 12,5 12,6 12
1 3 4 5 6 8 9 11 12 13,0.0259659,25.9541,Yes,N/A,N/A,3,4,5,6,3 4,8,9,4 6,11,12,13,3 11,3 12,3 13,4 13,5 13
1 3 4 5 6 8 9 10,0.0723447,12.4724,Yes,N/A,N/A,3,4,5,6,3 4,8,9,10,3 8,3 9,3 10,4 10,5 10,6 10,3 4 10,8 10
1 3 4 5 6 8 9 10 13,0.0391636,19.7716,Yes,N/A,N/A,3,4,5,6,3 4,8,9,10,3 8,3 9,13,4 10,5 10,3 13,4 13,5 13
1 3 4 5 6 8 9 10 12,0.0490736,17.4795,Yes,N/A,N/A,3,4,5,6,3 4,8,9,10,3 8,12,3 10,4 10,3 12,4 12,5 12,6 12
1 3 4 5 6 8 9 10 12 13,0.0287621,24.5567,Yes,N/A,N/A,3,4,5,6,3 4,8,9,10,3 8,12,13,4 10,3 12,3 13,4 13,5 13
1 3 4 5 6 8 9 10 11,0.0553322,15.827,Yes,N/A,N/A,3,4,5,6,3 4,8,9,10,11,3 9,3 10,3 11,4 11,5 11,6 11,3 4 11
1 3 4 5 6 8 9 10 11 13,0.0326802,22.3515,Yes,N/A,N/A,3,4,5,6,3 4,8,9,10,11,3 9,13,3 11,4 11,3 13,4 13,5 13
1 3 4 5 6 8 9 10 11 12,0.0400487,20.2884,Yes,N/A,N/A,3,4,5,6,3 4,8,9,10,11,12,3 10,3 11,3 12,4 12,5 12,6 12
1 3 4 5 6 8 9 10 11 12 13,0.0257315,26.4194,Yes,N/A,N/A,3,4,5,6,3 4,8,9,10,11,12,13,3 11,3 12,3 13,4 13,5 13
1 2 3 4 5 6,0.118722,5.7598,Yes,N/A,2,3,4,5,6,2 5,2 6,3 6,4 6,5 6,2 4 6,2 5 6,3 5 6,4 5 6,2 3 5 6,2 4 5 6,3 4 5 6
1 2 3 4 5 6 13,0.063595,12.2528,Yes,N/A,2,3,4,5,6,2 5,2 6,3 6,4 6,5 6,2 4 6,13,3 5 6,2 13,3 13,4 13,5 13
1 2 3 4 5 6 12,0.0820345,9.72175,Yes,N/A,2,3,4,5,6,2 5,2 6,3 6,4 6,5 6,12,2 5 6,2 12,3 12,4 12,5 12,6 12
1 2 3 4 5 6 12 13,0.0447609,17.0259,Yes,N/A,2,3,4,5,6,2 5,2 6,3 6,4 6,5 6,12,13,2 12,2 13,3 13,4 13,5 13
1 2 3 4 5 6 11,0.0940686,8.01567,Yes,N/A,2,3,4,5,6,2 5,2 6,3 6,4 6,11,2 4 6,2 11,3 11,4 11,5 11,6 11,2 5 11
1 2 3 4 5 6 11 13,0.0512793,15.2678,Yes,N/A,2,3,4,5,6,2 5,2 6,3 6,4 6,11,2 4 6,13,3 11,2 13,3 13,4 13,5 13
1 2 3 4 5 6 11 12,0.0650852,12.9121,Yes,N/A,2,3,4,5,6,2 5,2 6,3 6,4 6,11,12,2 11,2 12,3 12,4 12,5 12,6 12
1 2 3 4 5 6 11 12 13,0.037233,20.3485,Yes,N/A,2,3,4,5,6,2 5,2 6,3 6,4 6,11,12,13,2 12,2 13,3 13,4 13,5 13
1 2 3 4 5 6 10,0.101086,6.87425,Yes,N/A,2,3,4,5,6,2 5,2 6,3 6,10,5 6,2 10,3 10,4 10,5 10,6 10,2 5 10,2 6 10
1 2 3 4 5 6 10 13,0.0561175,13.9285,Yes,N/A,2,3,4,5,6,2 5,2 6,3 6,10,5 6,2 10,13,4 10,2 13,3 13,4 13,5 13
1 2 3 4 5 6 10 12,0.0709617,11.5291,Yes,N/A,2,3,4,5,6,2 5,2 6,3 6,10,5 6,12,3 10,2 12,3 12,4 12,5 12,6 12
1 2 3 4 5 6 10 12 13,0.0407723,18.8462,Yes,N/A,2,3,4,5,6,2 5,2 6,3 6,10,5 6,12,13,2 12,2 13,3 13,4 13,5 13
1 2 3 4 5 6 10 11,0.0793537,10.356,Yes,N/A,2,3,4,5,6,2 5,2 6,3 6,10,11,2 10,2 11,3 11,4 11,5 11,6 11,2 5 11
1 2 3 4 5 6 10 11 13,0.0462786,17.2296,Yes,N/A,2,3,4,5,6,2 5,2 6,3 6,10,11,2 10,13,3 11,2 13,3 13,4 13,5 13
1 2 3 4 5 6 10 11 12,0.0566513,15.26,Yes,N/A,2,3,4,5,6,2 5,2 6,3 6,10,11,12,2 11,2 12,3 12,4 12,5 12,6 12
1 2 3 4 5 6 10 11 12 13,0.0347307,22.1913,Yes,N/A,2,3,4,5,6,2 5,2 6,3 6,10,11,12,13,2 12,2 13,3 13,4 13,5 13
1 2 3 4 5 6 9,0.101739,6.40484,Yes,N/A,2,3,4,5,6,2 5,2 6,9,4 6,2 9,3 9,4 9,5 9,6 9,2 5 9,2 6 9,3 6 9
1 2 3 4 5 6 9 13,0.05901,13.09,Yes,N/A,2,3,4,5,6,2 5,2 6,9,4 6,2 9,3 9,13,5 9,2 13,3 13,4 13,5 13
1 2 3 4 5 6 9 12,0.07313,11.151,Yes,N/A,2,3,4,5,6,2 5,2 6,9,4 6,2 9,12,4 9,2 12,3 12,4 12,5 12,6 12
1 2 3 4 5 6 9 12 13,0.0425878,18.3444,Yes,N/A,2,3,4,5,6,2 5,2 6,9,4 6,2 9,12,13,2 12,2 13,3 13,4 13,5 13
1 2 3 4 5 6 9 11,0.0856832,9.27169,Yes,N/A,2,3,4,5,6,2 5,2 6,9,4 6,11,3 9,2 11,3 11,4 11,5 11,6 11,2 5 11
1 2 3 4 5 6 9 11 13,0.0503115,16.005,Yes,N/A,2,3,4,5,6,2 5,2 6,9,4 6,11,3 9,13,3 11,2 13,3 13,4 13,5 13
1 2 3 4 5 6 9 11 12,0.061325,14.1066,Yes,N/A,2,3,4,5,6,2 5,2 6,9,4 6,11,12,2 11,2 12,3 12,4 12,5 12,6 12
1 2 3 4 5 6 9 11 12 13,0.0375839,20.9036,Yes,N/A,2,3,4,5,6,2 5,2 6,9,4 6,11,12,13,2 12,2 13,3 13,4 13,5 13
1 2 3 4 5 6 9 10,0.0901118,8.60291,Yes,N/A,2,3,4,5,6,2 5,2 6,9,10,2 9,2 10,3 10,4 10,5 10,6 10,2 5 10,2 6 10
1 2 3 4 5 6 9 10 13,0.0527986,15.3183,Yes,N/A,2,3,4,5,6,2 5,2 6,9,10,2 9,2 10,13,4 10,2 13,3 13,4 13,5 13
1 2 3 4 5 6 9 10 12,0.0654441,13.1103,Yes,N/A,2,3,4,5,6,2 5,2 6,9,10,2 9,12,3 10,2 12,3 12,4 12,5 12,6 12
1 2 3 4 5 6 9 10 12 13,0.0397463,19.9155,Yes,N/A,2,3,4,5,6,2 5,2 6,9,10,2 9,12,13,2 12,2 13,3 13,4 13,5 13
1 2 3 4 5 6 9 10 11,0.0742468,11.7164,Yes,N/A,2,3,4,5,6,2 5,2 6,9,10,11,2 10,2 11,3 11,4 11,5 11,6 11,2 5 11
1 2 3 4 5 6 9 10 11 13,0.0453667,18.1504,Yes,N/A,2,3,4,5,6,2 5,2 6,9,10,11,2 10,13,3 11,2 13,3 13,4 13,5 13
1 2 3 4 5 6 9 10 11 12,0.0548573,16.1528,Yes,N/A,2,3,4,5,6,2 5,2 6,9,10,11,12,2 11,2 12,3 12,4 12,5 12,6 12
1 2 3 4 5 6 9 10 11 12 13,0.0357176,22.3444,Yes,N/A,2,3,4,5,6,2 5,2 6,9,10,11,12,13,2 12,2 13,3 13,4 13,5 13
1 2 3 4 5 6 8,0.104609,5.82274,Yes,N/A,2,3,4,5,6,2 5,8,3 6,2 8,3 8,4 8,5 8,6 8,2 5 8,2 6 8,3 6 8,4 6 8
1 2 3 4 5 6 8 13,0.061585,12.2285,Yes,N/A,2,3,4,5,6,2 5,8,3 6,2 8,3 8,4 8,13,6 8,2 13,3 13,4 13,5 13
1 2 3 4 5 6 8 12,0.0772055,10.1518,Yes,N/A,2,3,4,5,6,2 5,8,3 6,2 8,3 8,12,5 8,2 12,3 12,4 12,5 12,6 12
1 2 3 4 5 6 8 12 13,0.0456315,17.0577,Yes,N/A,2,3,4,5,6,2 5,8,3 6,2 8,3 8,12,13,2 12,2 13,3 13,4 13,5 13
1 2 3 4 5 6 8 11,0.0896298,8.64306,Yes,N/A,2,3,4,5,6,2 5,8,3 6,2 8,11,4 8,2 11,3 11,4 11,5 11,6 11,2 5 11
1 2 3 4 5 6 8 11 13,0.052876,15.156,Yes,N/A,2,3,4,5,6,2 5,8,3 6,2 8,11,4 8,13,3 11,2 13,3 13,4 13,5 13
1 2 3 4 5 6 8 11 12,0.0642634,13.4448,Yes,N/A,2,3,4,5,6,2 5,8,3 6,2 8,11,12,2 11,2 12,3 12,4 12,5 12,6 12
1 2 3 4 5 6 8 11 12 13,0.0395198,19.9856,Yes,N/A,2,3,4,5,6,2 5,8,3 6,2 8,11,12,13,2 12,2 13,3 13,4 13,5 13
1 2 3 4 5 6 8 10,0.0974479,7.59954,Yes,N/A,2,3,4,5,6,2 5,8,3 6,10,3 8,2 10,3 10,4 10,5 10,6 10,2 5 10,8 10
1 2 3 4 5 6 8 10 13,0.0580828,14.0498,Yes,N/A,2,3,4,5,6,2 5,8,3 6,10,3 8,2 10,13,4 10,2 13,3 13,4 13,5 13
1 2 3 4 5 6 8 10 12,0.0716796,11.848,Yes,N/A,2,3,4,5,6,2 5,8,3 6,10,3 8,12,3 10,2 12,3 12,4 12,5 12,6 12
1 2 3 4 5 6 8 10 12 13,0.0439233,18.4296,Yes,N/A,2,3,4,5,6,2 5,8,3 6,10,3 8,12,13,2 12,2 13,3 13,4 13,5 13
1 2 3 4 5 6 8 10 11,0.0813921,10.4793,Yes,N/A,2,3,4,5,6,2 5,8,3 6,10,11,2 10,2 11,3 11,4 11,5 11,6 11,2 5 11
1 2 3 4 5 6 8 10 11 13,0.0500471,16.7402,Yes,N/A,2,3,4,5,6,2 5,8,3 6,10,11,2 10,13,3 11,2 13,3 13,4 13,5 13
1 2 3 4 5 6 8 10 11 12,0.0601981,14.7843,Yes,N/A,2,3,4,5,6,2 5,8,3 6,10,11,12,2 11,2 12,3 12,4 12,5 12,6 12
1 2 3 4 5 6 8 10 11 12 13,0.0392607,20.7944,Yes,N/A,2,3,4,5,6,2 5,8,3 6,10,11,12,13,2 12,2 13,3 13,4 13,5 13
1 2 3 4 5 6 8 9,0.102337,7.02991,Yes,N/A,2,3,4,5,6,2 5,8,9,2 8,2 9,3 9,4 9,5 9,6 9,2 5 9,8 9,3 6 9
1 2 3 4 5 6 8 9 13,0.0616636,13.1978,Yes,N/A,2,3,4,5,6,2 5,8,9,2 8,2 9,3 9,13,5 9,2 13,3 13,4 13,5 13
1 2 3 4 5 6 8 9 12,0.0752959,11.2732,Yes,N/A,2,3,4,5,6,2 5,8,9,2 8,2 9,12,4 9,2 12,3 12,4 12,5 12,6 12
1 2 3 4 5 6 8 9 12 13,0.0455669,17.9765,Yes,N/A,2,3,4,5,6,2 5,8,9,2 8,2 9,12,13,2 12,2 13,3 13,4 13,5 13
1 2 3 4 5 6 8 9 11,0.0854539,9.86664,Yes,N/A,2,3,4,5,6,2 5,8,9,2 8,11,3 9,2 11,3 11,4 11,5 11,6 11,2 5 11
1 2 3 4 5 6 8 9 11 13,0.052495,15.9552,Yes,N/A,2,3,4,5,6,2 5,8,9,2 8,11,3 9,13,3 11,2 13,3 13,4 13,5 13
1 2 3 4 5 6 8 9 11 12,0.0628608,14.1397,Yes,N/A,2,3,4,5,6,2 5,8,9,2 8,11,12,2 11,2 12,3 12,4 12,5 12,6 12
1 2 3 4 5 6 8 9 11 12 13,0.0406342,20.1711,Yes,N/A,2,3,4,5,6,2 5,8,9,2 8,11,12,13,2 12,2 13,3 13,4 13,5 13
1 2 3 4 5 6 8 9 10,0.0921234,8.9113,Yes,N/A,2,3,4,5,6,2 5,8,9,10,2 9,2 10,3 10,4 10,5 10,6 10,2 5 10,8 10
1 2 3 4 5 6 8 9 10 13,0.0567375,15.0057,Yes,N/A,2,3,4,5,6,2 5,8,9,10,2 9,2 10,13,4 10,2 13,3 13,4 13,5 13
1 2 3 4 5 6 8 9 10 12,0.0687224,12.8933,Yes,N/A,2,3,4,5,6,2 5,8,9,10,2 9,12,3 10,2 12,3 12,4 12,5 12,6 12
1 2 3 4 5 6 8 9 10 12 13,0.0442251,18.9132,Yes,N/A,2,3,4,5,6,2 5,8,9,10,2 9,12,13,2 12,2 13,3 13,4 13,5 13
1 2 3 4 5 6 8 9 10 11,0.0765029,11.5846,Yes,N/A,2,3,4,5,6,2 5,8,9,10,11,2 10,2 11,3 11,4 11,5 11,6 11,2 5 11
1 2 3 4 5 6 8 9 10 11 13,0.0497708,17.2404,Yes,N/A,2,3,4,5,6,2 5,8,9,10,11,2 10,13,3 11,2 13,3 13,4 13,5 13
1 2 3 4 5 6 8 9 10 11 12,0.0591495,15.2611,Yes,N/A,2,3,4,5,6,2 5,8,9,10,11,12,2 11,2 12,3 12,4 12,5 12,6 12
1 2 3 4 5 6 8 9 10 11 12 13,0.0409901,20.4561,Yes,N/A,2,3,4,5,6,2 5,8,9,10,11,12,13,2 12,2 13,3 13,4 13,5 13
1 3 4 5 6 7,0.105149,7.1264,Yes,N/A,N/A,3,4,5,6,7,3 5,3 6,3 7,4 7,5 7,6 7,3 4 7,3 5 7,3 6 7,4 6 7,5 6 7
1 3 4 5 6 7 13,0.049611,14.7718,Yes,N/A,N/A,3,4,5,6,7,3 5,3 6,3 7,4 7,5 7,13,3 4 7,3 5 7,3 13,4 13,5 13
1 3 4 5 6 7 12,0.0631413,13.0908,Yes,N/A,N/A,3,4,5,6,7,3 5,3 6,3 7,4 7,12,6 7,3 4 7,3 12,4 12,5 12,6 12
1 3 4 5 6 7 12 13,0.0316306,21.0947,Yes,N/A,N/A,3,4,5,6,7,3 5,3 6,3 7,4 7,12,13,3 4 7,3 12,3 13,4 13,5 13
1 3 4 5 6 7 11,0.0781824,11.1724,Yes,N/A,N/A,3,4,5,6,7,3 5,3 6,3 7,11,5 7,6 7,3 11,4 11,5 11,6 11,7 11
1 3 4 5 6 7 11 13,0.0395425,18.4329,Yes,N/A,N/A,3,4,5,6,7,3 5,3 6,3 7,11,5 7,13,3 11,4 11,3 13,4 13,5 13
1 3 4 5 6 7 11 12,0.0465408,17.5406,Yes,N/A,N/A,3,4,5,6,7,3 5,3 6,3 7,11,12,6 7,3 11,3 12,4 12,5 12,6 12
1 3 4 5 6 7 11 12 13,0.0255442,24.8582,Yes,N/A,N/A,3,4,5,6,7,3 5,3 6,3 7,11,12,13,3 11,3 12,3 13,4 13,5 13
1 3 4 5 6 7 10,0.0894308,9.68439,Yes,N/A,N/A,3,4,5,6,7,3 5,3 6,10,4 7,5 7,3 10,4 10,5 10,6 10,7 10,3 5 10
1 3 4 5 6 7 10 13,0.0430395,17.6529,Yes,N/A,N/A,3,4,5,6,7,3 5,3 6,10,4 7,5 7,13,4 10,5 10,3 13,4 13,5 13
1 3 4 5 6 7 10 12,0.0554861,15.2108,Yes,N/A,N/A,3,4,5,6,7,3 5,3 6,10,4 7,12,3 10,4 10,3 12,4 12,5 12,6 12
1 3 4 5 6 7 10 12 13,0.0297682,22.8577,Yes,N/A,N/A,3,4,5,6,7,3 5,3 6,10,4 7,12,13,4 10,3 12,3 13,4 13,5 13
1 3 4 5 6 7 10 11,0.0621022,14.1861,Yes,N/A,N/A,3,4,5,6,7,3 5,3 6,10,11,5 7,3 10,3 11,4 11,5 11,6 11,7 11
1 3 4 5 6 7 10 11 13,0.0336351,21.4884,Yes,N/A,N/A,3,4,5,6,7,3 5,3 6,10,11,5 7,13,3 11,4 11,3 13,4 13,5 13
1 3 4 5 6 7 10 11 12,0.0405685,19.7864,Yes,N/A,N/A,3,4,5,6,7,3 5,3 6,10,11,12,3 10,3 11,3 12,4 12,5 12,6 12
1 3 4 5 6 7 10 11 12 13,0.0241814,26.6804,Yes,N/A,N/A,3,4,5,6,7,3 5,3 6,10,11,12,13,3 11,3 12,3 13,4 13,5 13
1 3 4 5 6 7 9,0.0982831,8.69658,Yes,N/A,N/A,3,4,5,6,7,3 5,9,3 7,4 7,3 9,4 9,5 9,6 9,7 9,3 5 9,3 6 9
1 3 4 5 6 7 9 13,0.0486074,16.2977,Yes,N/A,N/A,3,4,5,6,7,3 5,9,3 7,4 7,3 9,13,5 9,6 9,3 13,4 13,5 13
1 3 4 5 6 7 9 12,0.0610572,14.2125,Yes,N/A,N/A,3,4,5,6,7,3 5,9,3 7,4 7,12,4 9,5 9,3 12,4 12,5 12,6 12
1 3 4 5 6 7 9 12 13,0.0328462,21.7606,Yes,N/A,N/A,3,4,5,6,7,3 5,9,3 7,4 7,12,13,5 9,3 12,3 13,4 13,5 13
1 3 4 5 6 7 9 11,0.0693237,12.8175,Yes,N/A,N/A,3,4,5,6,7,3 5,9,3 7,11,3 9,4 9,3 11,4 11,5 11,6 11,7 11
1 3 4 5 6 7 9 11 13,0.037768,19.953,Yes,N/A,N/A,3,4,5,6,7,3 5,9,3 7,11,3 9,13,3 11,4 11,3 13,4 13,5 13
1 3 4 5 6 7 9 11 12,0.0452425,18.3552,Yes,N/A,N/A,3,4,5,6,7,3 5,9,3 7,11,12,4 9,3 11,3 12,4 12,5 12,6 12
1 3 4 5 6 7 9 11 12 13,0.0269526,25.1303,Yes,N/A,N/A,3,4,5,6,7,3 5,9,3 7,11,12,13,3 11,3 12,3 13,4 13,5 13
1 3 4 5 6 7 9 10,0.0771926,11.4137,Yes,N/A,N/A,3,4,5,6,7,3 5,9,10,4 7,3 9,3 10,4 10,5 10,6 10,7 10,3 5 10
1 3 4 5 6 7 9 10 13,0.0415162,18.7789,Yes,N/A,N/A,3,4,5,6,7,3 5,9,10,4 7,3 9,13,4 10,5 10,3 13,4 13,5 13
1 3 4 5 6 7 9 10 12,0.0521084,16.3388,Yes,N/A,N/A,3,4,5,6,7,3 5,9,10,4 7,12,3 10,4 10,3 12,4 12,5 12,6 12
1 3 4 5 6 7 9 10 12 13,0.03057,23.2754,Yes,N/A,N/A,3,4,5,6,7,3 5,9,10,4 7,12,13,4 10,3 12,3 13,4 13,5 13
1 3 4 5 6 7 9 10 11,0.0572399,15.3484,Yes,N/A,N/A,3,4,5,6,7,3 5,9,10,11,3 9,3 10,3 11,4 11,5 11,6 11,7 11
1 3 4 5 6 7 9 10 11 13,0.0334591,22.1495,Yes,N/A,N/A,3,4,5,6,7,3 5,9,10,11,3 9,13,3 11,4 11,3 13,4 13,5 13
1 3 4 5 6 7 9 10 11 12,0.0407444,19.944,Yes,N/A,N/A,3,4,5,6,7,3 5,9,10,11,12,3 10,3 11,3 12,4 12,5 12,6 12
1 3 4 5 6 7 9 10 11 12 13,0.0261538,26.0518,Yes,N/A,N/A,3,4,5,6,7,3 5,9,10,11,12,13,3 11,3 12,3 13,4 13,5 13
1 2 3 4 5 6 7,0.104916,5.65156,Yes,N/A,2,3,4,5,6,7,2 6,2 7,3 7,4 7,5 7,6 7,2 5 7,2 6 7,3 6 7,4 6 7,5 6 7
1 2 3 4 5 6 7 13,0.0607575,12.1162,Yes,N/A,2,3,4,5,6,7,2 6,2 7,3 7,4 7,5 7,13,2 5 7,2 13,3 13,4 13,5 13
1 2 3 4 5 6 7 12,0.078624,9.76732,Yes,N/A,2,3,4,5,6,7,2 6,2 7,3 7,4 7,12,6 7,2 12,3 12,4 12,5 12,6 12
1 2 3 4 5 6 7 12 13,0.0459425,16.7097,Yes,N/A,2,3,4,5,6,7,2 6,2 7,3 7,4 7,12,13,2 12,2 13,3 13,4 13,5 13
1 2 3 4 5 6 7 11,0.0904763,8.41265,Yes,N/A,2,3,4,5,6,7,2 6,2 7,3 7,11,5 7,2 11,3 11,4 11,5 11,6 11,7 11
1 2 3 4 5 6 7 11 13,0.0532748,14.8991,Yes,N/A,2,3,4,5,6,7,2 6,2 7,3 7,11,5 7,13,3 11,2 13,3 13,4 13,5 13
1 2 3 4 5 6 7 11 12,0.0651226,13.1167,Yes,N/A,2,3,4,5,6,7,2 6,2 7,3 7,11,12,2 11,2 12,3 12,4 12,5 12,6 12
1 2 3 4 5 6 7 11 12 13,0.0396165,19.7054,Yes,N/A,2,3,4,5,6,7,2 6,2 7,3 7,11,12,13,2 12,2 13,3 13,4 13,5 13
1 2 3 4 5 6 7 10,0.0997103,7.31038,Yes,N/A,2,3,4,5,6,7,2 6,2 7,10,4 7,2 10,3 10,4 10,5 10,6 10,7 10,2 6 10
1 2 3 4 5 6 7 10 13,0.0590035,13.7398,Yes,N/A,2,3,4,5,6,7,2 6,2 7,10,4 7,2 10,13,4 10,2 13,3 13,4 13,5 13
1 2 3 4 5 6 7 10 12,0.0730593,11.565,Yes,N/A,2,3,4,5,6,7,2 6,2 7,10,4 7,12,3 10,2 12,3 12,4 12,5 12,6 12
1 2 3 4 5 6 7 10 12 13,0.0443778,18.155,Yes,N/A,2,3,4,5,6,7,2 6,2 7,10,4 7,12,13,2 12,2 13,3 13,4 13,5 13
1 2 3 4 5 6 7 10 11,0.0813702,10.5622,Yes,N/A,2,3,4,5,6,7,2 6,2 7,10,11,2 10,2 11,3 11,4 11,5 11,6 11,7 11
1 2 3 4 5 6 7 10 11 13,0.0495023,16.8283,Yes,N/A,2,3,4,5,6,7,2 6,2 7,10,11,2 10,13,3 11,2 13,3 13,4 13,5 13
1 2 3 4 5 6 7 10 11 12,0.0594495,14.9371,Yes,N/A,2,3,4,5,6,7,2 6,2 7,10,11,12,2 11,2 12,3 12,4 12,5 12,6 12
1 2 3 4 5 6 7 10 11 12 13,0.0383253,21.0728,Yes,N/A,2,3,4,5,6,7,2 6,2 7,10,11,12,13,2 12,2 13,3 13,4 13,5 13
1 2 3 4 5 6 7 9,0.105263,6.73209,Yes,N/A,2,3,4,5,6,7,2 6,9,3 7,2 9,3 9,4 9,5 9,6 9,7 9,2 6 9,2 7 9
1 2 3 4 5 6 7 9 13,0.0627864,12.965,Yes,N/A,2,3,4,5,6,7,2 6,9,3 7,2 9,3 9,13,5 9,2 13,3 13,4 13,5 13
1 2 3 4 5 6 7 9 12,0.0778865,10.8193,Yes,N/A,2,3,4,5,6,7,2 6,9,3 7,2 9,12,4 9,2 12,3 12,4 12,5 12,6 12
1 2 3 4 5 6 7 9 12 13,0.0468345,17.4719,Yes,N/A,2,3,4,5,6,7,2 6,9,3 7,2 9,12,13,2 12,2 13,3 13,4 13,5 13
1 2 3 4 5 6 7 9 11,0.0878969,9.41325,Yes,N/A,2,3,4,5,6,7,2 6,9,3 7,11,3 9,2 11,3 11,4 11,5 11,6 11,7 11
1 2 3 4 5 6 7 9 11 13,0.0537654,15.6358,Yes,N/A,2,3,4,5,6,7,2 6,9,3 7,11,3 9,13,3 11,2 13,3 13,4 13,5 13
1 2 3 4 5 6 7 9 11 12,0.0649268,13.6327,Yes,N/A,2,3,4,5,6,7,2 6,9,3 7,11,12,2 11,2 12,3 12,4 12,5 12,6 12
1 2 3 4 5 6 7 9 11 12 13,0.0415541,19.7647,Yes,N/A,2,3,4,5,6,7,2 6,9,3 7,11,12,13,2 12,2 13,3 13,4 13,5 13
1 2 3 4 5 6 7 9 10,0.0956213,8.35935,Yes,N/A,2,3,4,5,6,7,2 6,9,10,2 9,2 10,3 10,4 10,5 10,6 10,7 10,2 6 10
1 2 3 4 5 6 7 9 10 13,0.0585592,14.5332,Yes,N/A,2,3,4,5,6,7,2 6,9,10,2 9,2 10,13,4 10,2 13,3 13,4 13,5 13
1 2 3 4 5 6 7 9 10 12,0.0705348,12.457,Yes,N/A,2,3,4,5,6,7,2 6,9,10,2 9,12,3 10,2 12,3 12,4 12,5 12,6 12
1 2 3 4 5 6 7 9 10 12 13,0.0452439,18.4938,Yes,N/A,2,3,4,5,6,7,2 6,9,10,2 9,12,13,2 12,2 13,3 13,4 13,5 13
1 2 3 4 5 6 7 9 10 11,0.0786886,11.1319,Yes,N/A,2,3,4,5,6,7,2 6,9,10,11,2 10,2 11,3 11,4 11,5 11,6 11,7 11
1 2 3 4 5 6 7 9 10 11 13,0.0508197,16.9021,Yes,N/A,2,3,4,5,6,7,2 6,9,10,11,2 10,13,3 11,2 13,3 13,4 13,5 13
1 2 3 4 5 6 7 9 10 11 12,0.0603478,14.9072,Yes,N/A,2,3,4,5,6,7,2 6,9,10,11,12,2 11,2 12,3 12,4 12,5 12,6 12
1 2 3 4 5 6 7 9 10 11 12 13,0.0413077,20.3129,Yes,N/A,2,3,4,5,6,7,2 6,9,10,11,12,13,2 12,2 13,3 13,4 13,5 13
1 3 4 5 6 7 8,0.103975,7.9902,Yes,N/A,N/A,3,4,5,6,7,8,3 6,3 7,3 8,4 8,5 8,6 8,7 8,3 5 8,3 6 8,3 7 8
1 3 4 5 6 7 8 13,0.0520241,15.4223,Yes,N/A,N/A,3,4,5,6,7,8,3 6,3 7,3 8,4 8,13,6 8,7 8,3 13,4 13,5 13
1 3 4 5 6 7 8 12,0.0635749,13.6238,Yes,N/A,N/A,3,4,5,6,7,8,3 6,3 7,3 8,12,5 8,6 8,3 12,4 12,5 12,6 12
1 3 4 5 6 7 8 12 13,0.0335781,21.3607,Yes,N/A,N/A,3,4,5,6,7,8,3 6,3 7,3 8,12,13,6 8,3 12,3 13,4 13,5 13
1 3 4 5 6 7 8 11,0.0732571,11.9585,Yes,N/A,N/A,3,4,5,6,7,8,3 6,3 7,11,4 8,5 8,3 11,4 11,5 11,6 11,7 11
1 3 4 5 6 7 8 11 13,0.0397533,19.0851,Yes,N/A,N/A,3,4,5,6,7,8,3 6,3 7,11,4 8,13,3 11,4 11,3 13,4 13,5 13
1 3 4 5 6 7 8 11 12,0.0475033,17.5756,Yes,N/A,N/A,3,4,5,6,7,8,3 6,3 7,11,12,5 8,3 11,3 12,4 12,5 12,6 12
1 3 4 5 6 7 8 11 12 13,0.0276716,24.5669,Yes,N/A,N/A,3,4,5,6,7,8,3 6,3 7,11,12,13,3 11,3 12,3 13,4 13,5 13
1 3 4 5 6 7 8 10,0.0822388,10.5533,Yes,N/A,N/A,3,4,5,6,7,8,3 6,10,3 8,4 8,3 10,4 10,5 10,6 10,7 10,8 10
1 3 4 5 6 7 8 10 13,0.0444209,17.7651,Yes,N/A,N/A,3,4,5,6,7,8,3 6,10,3 8,4 8,13,4 10,5 10,3 13,4 13,5 13
1 3 4 5 6 7 8 10 12,0.0541983,15.7588,Yes,N/A,N/A,3,4,5,6,7,8,3 6,10,3 8,12,3 10,4 10,3 12,4 12,5 12,6 12
1 3 4 5 6 7 8 10 12 13,0.0314138,22.7317,Yes,N/A,N/A,3,4,5,6,7,8,3 6,10,3 8,12,13,4 10,3 12,3 13,4 13,5 13
1 3 4 5 6 7 8 10 11,0.0620811,14.2532,Yes,N/A,N/A,3,4,5,6,7,8,3 6,10,11,4 8,3 10,3 11,4 11,5 11,6 11,7 11
1 3 4 5 6 7 8 10 11 13,0.036513,20.7586,Yes,N/A,N/A,3,4,5,6,7,8,3 6,10,11,4 8,13,3 11,4 11,3 13,4 13,5 13
1 3 4 5 6 7 8 10 11 12,0.0431607,19.114,Yes,N/A,N/A,3,4,5,6,7,8,3 6,10,11,12,3 10,3 11,3 12,4 12,5 12,6 12
1 3 4 5 6 7 8 10 11 12 13,0.0275353,25.1023,Yes,N/A,N/A,3,4,5,6,7,8,3 6,10,11,12,13,3 11,3 12,3 13,4 13,5 13
1 2 3 4 5 6 7 8,0.109159,6.34774,Yes,N/A,2,3,4,5,6,7,8,2 7,2 8,3 8,4 8,5 8,6 8,7 8,2 6 8,2 7 8,3 7 8
1 2 3 4 5 6 7 8 13,0.0663923,12.1849,Yes,N/A,2,3,4,5,6,7,8,2 7,2 8,3 8,4 8,13,6 8,2 13,3 13,4 13,5 13
1 2 3 4 5 6 7 8 12,0.0808589,10.3478,Yes,N/A,2,3,4,5,6,7,8,2 7,2 8,3 8,12,5 8,2 12,3 12,4 12,5 12,6 12
1 2 3 4 5 6 7 8 12 13,0.0488618,16.8471,Yes,N/A,2,3,4,5,6,7,8,2 7,2 8,3 8,12,13,2 12,2 13,3 13,4 13,5 13
1 2 3 4 5 6 7 8 11,0.0920072,8.85456,Yes,N/A,2,3,4,5,6,7,8,2 7,2 8,11,4 8,2 11,3 11,4 11,5 11,6 11,7 11
1 2 3 4 5 6 7 8 11 13,0.0560144,14.9819,Yes,N/A,2,3,4,5,6,7,8,2 7,2 8,11,4 8,13,3 11,2 13,3 13,4 13,5 13
1 2 3 4 5 6 7 8 11 12,0.0667611,13.2973,Yes,N/A,2,3,4,5,6,7,8,2 7,2 8,11,12,2 11,2 12,3 12,4 12,5 12,6 12
1 2 3 4 5 6 7 8 11 12 13,0.0425189,19.3928,Yes,N/A,2,3,4,5,6,7,8,2 7,2 8,11,12,13,2 12,2 13,3 13,4 13,5 13
1 2 3 4 5 6 7 8 10,0.099445,7.83623,Yes,N/A,2,3,4,5,6,7,8,2 7,10,3 8,2 10,3 10,4 10,5 10,6 10,7 10,8 10
1 2 3 4 5 6 7 8 10 13,0.0617075,13.7681,Yes,N/A,2,3,4,5,6,7,8,2 7,10,3 8,2 10,13,4 10,2 13,3 13,4 13,5 13
1 2 3 4 5 6 7 8 10 12,0.0741712,11.7761,Yes,N/A,2,3,4,5,6,7,8,2 7,10,3 8,12,3 10,2 12,3 12,4 12,5 12,6 12
1 2 3 4 5 6 7 8 10 12 13,0.0475977,17.742,Yes,N/A,2,3,4,5,6,7,8,2 7,10,3 8,12,13,2 12,2 13,3 13,4 13,5 13
1 2 3 4 5 6 7 8 10 11,0.0824824,10.469,Yes,N/A,2,3,4,5,6,7,8,2 7,10,11,2 10,2 11,3 11,4 11,5 11,6 11,7 11
1 2 3 4 5 6 7 8 10 11 13,0.0531723,16.1898,Yes,N/A,2,3,4,5,6,7,8,2 7,10,11,2 10,13,3 11,2 13,3 13,4 13,5 13
1 2 3 4 5 6 7 8 10 11 12,0.0629573,14.2988,Yes,N/A,2,3,4,5,6,7,8,2 7,10,11,12,2 11,2 12,3 12,4 12,5 12,6 12
1 2 3 4 5 6 7 8 10 11 12 13,0.0429844,19.6488,Yes,N/A,2,3,4,5,6,7,8,2 7,10,11,12,13,2 12,2 13,3 13,4 13,5 13
1 3 4 5 6 7 8 9,0.0882429,9.63353,Yes,N/A,N/A,3,4,5,6,7,8,9,3 7,3 8,3 9,4 9,5 9,6 9,7 9,8 9,3 6 9
1 3 4 5 6 7 8 9 13,0.0474837,16.9551,Yes,N/A,N/A,3,4,5,6,7,8,9,3 7,3 8,3 9,13,5 9,6 9,3 13,4 13,5 13
1 3 4 5 6 7 8 9 12,0.058606,14.8641,Yes,N/A,N/A,3,4,5,6,7,8,9,3 7,3 8,12,4 9,5 9,3 12,4 12,5 12,6 12
1 3 4 5 6 7 8 9 12 13,0.0337812,21.9411,Yes,N/A,N/A,3,4,5,6,7,8,9,3 7,3 8,12,13,5 9,3 12,3 13,4 13,5 13
1 3 4 5 6 7 8 9 11,0.0675272,13.1474,Yes,N/A,N/A,3,4,5,6,7,8,9,3 7,11,3 9,4 9,3 11,4 11,5 11,6 11,7 11
1 3 4 5 6 7 8 9 11 13,0.0389008,19.9284,Yes,N/A,N/A,3,4,5,6,7,8,9,3 7,11,3 9,13,3 11,4 11,3 13,4 13,5 13
1 3 4 5 6 7 8 9 11 12,0.0470814,18.0024,Yes,N/A,N/A,3,4,5,6,7,8,9,3 7,11,12,4 9,3 11,3 12,4 12,5 12,6 12
1 3 4 5 6 7 8 9 11 12 13,0.0295589,24.2241,Yes,N/A,N/A,3,4,5,6,7,8,9,3 7,11,12,13,3 11,3 12,3 13,4 13,5 13
1 2 3 4 5 6 7 8 9,0.103409,7.23066,Yes,N/A,2,3,4,5,6,7,8,9,2 8,2 9,3 9,4 9,5 9,6 9,7 9,8 9,2 7 9
1 2 3 4 5 6 7 8 9 13,0.0649976,13.0361,Yes,N/A,2,3,4,5,6,7,8,9,2 8,2 9,3 9,13,5 9,2 13,3 13,4 13,5 13
1 2 3 4 5 6 7 8 9 12,0.0777972,11.1202,Yes,N/A,2,3,4,5,6,7,8,9,2 8,2 9,12,4 9,2 12,3 12,4 12,5 12,6 12
1 2 3 4 5 6 7 8 9 12 13,0.04967,17.1328,Yes,N/A,2,3,4,5,6,7,8,9,2 8,2 9,12,13,2 12,2 13,3 13,4 13,5 13
1 2 3 4 5 6 7 8 9 11,0.0866366,9.74421,Yes,N/A,2,3,4,5,6,7,8,9,2 8,11,3 9,2 11,3 11,4 11,5 11,6 11,7 11
1 2 3 4 5 6 7 8 9 11 13,0.0560938,15.4203,Yes,N/A,2,3,4,5,6,7,8,9,2 8,11,3 9,13,3 11,2 13,3 13,4 13,5 13
1 2 3 4 5 6 7 8 9 11 12,0.0665107,13.5092,Yes,N/A,2,3,4,5,6,7,8,9,2 8,11,12,2 11,2 12,3 12,4 12,5 12,6 12
1 2 3 4 5 6 7 8 9 11 12 13,0.0451411,18.8881,Yes,N/A,2,3,4,5,6,7,8,9,2 8,11,12,13,2 12,2 13,3 13,4 13,5 13
1 3 4 5 6 7 8 9 10,0.0745388,11.9842,Yes,N/A,N/A,3,4,5,6,7,8,9,10,3 8,3 9,3 10,4 10,5 10,6 10,7 10,8 10
1 3 4 5 6 7 8 9 10 13,0.0427761,18.7791,Yes,N/A,N/A,3,4,5,6,7,8,9,10,3 8,3 9,13,4 10,5 10,3 13,4 13,5 13
1 3 4 5 6 7 8 9 10 12,0.0522689,16.5376,Yes,N/A,N/A,3,4,5,6,7,8,9,10,3 8,12,3 10,4 10,3 12,4 12,5 12,6 12
1 3 4 5 6 7 8 9 10 12 13,0.0326412,22.7596,Yes,N/A,N/A,3,4,5,6,7,8,9,10,3 8,12,13,4 10,3 12,3 13,4 13,5 13
1 2 3 4 5 6 7 8 9 10,0.0931046,8.74467,Yes,N/A,2,3,4,5,6,7,8,9,10,2 9,2 10,3 10,4 10,5 10,6 10,7 10,8 10
1 2 3 4 5 6 7 8 9 10 13,0.0609202,14.3001,Yes,N/A,2,3,4,5,6,7,8,9,10,2 9,2 10,13,4 10,2 13,3 13,4 13,5 13
1 2 3 4 5 6 7 8 9 10 12,0.0721557,12.3216,Yes,N/A,2,3,4,5,6,7,8,9,10,2 9,12,3 10,2 12,3 12,4 12,5 12,6 12
1 2 3 4 5 6 7 8 9 10 12 13,0.0491264,17.6019,Yes,N/A,2,3,4,5,6,7,8,9,10,2 9,12,13,2 12,2 13,3 13,4 13,5 13
1 3 4 5 6 7 8 9 10 11,0.0589752,15.0488,Yes,N/A,N/A,3,4,5,6,7,8,9,10,11,3 9,3 10,3 11,4 11,5 11,6 11,7 11
1 3 4 5 6 7 8 9 10 11 13,0.0367923,21.0721,Yes,N/A,N/A,3,4,5,6,7,8,9,10,11,3 9,13,3 11,4 11,3 13,4 13,5 13
1 2 3 4 5 6 7 8 9 10 11,0.0799958,10.9716,Yes,N/A,2,3,4,5,6,7,8,9,10,11,2 10,2 11,3 11,4 11,5 11,6 11,7 11
1 2 3 4 5 6 7 8 9 10 11 13,0.0547831,16.0458,Yes,N/A,2,3,4,5,6,7,8,9,10,11,2 10,13,3 11,2 13,3 13,4 13,5 13
1 3 4 5 6 7 8 9 10 11 12,0.0441218,18.9684,Yes,N/A,N/A,3,4,5,6,7,8,9,10,11,12,3 10,3 11,3 12,4 12,5 12,6 12
1 2 3 4 5 6 7 8 9 10 11 12,0.0642766,14.0738,Yes,N/A,2,3,4,5,6,7,8,9,10,11,12,2 11,2 12,3 12,4 12,5 12,6 12
1 2 3 4 5 6 7 8 9 10 11 12 13,0.0466963,18.5766,Yes,N/A,N/A,3,4,5,6,7,8,9,10,11,12,13,2 12,2 13,3 13,4 13,5 13
3 4 5 7 8 11 13,0.0185411,26.3203,No,N/A,N/A,3,4,5,N/A,7,8,4 5,3 7,11,4 8,13,3 11,4 11,3 13,4 13,5 13
2 4 5 7 9 11,0.0311167,22.2031,No,N/A,2,N/A,4,5,2 4,7,N/A,9,N/A,11,5 7,2 11,5 9,4 11,5 11,2 4 11,7 11
2 3 6 10 13,0.0292175,20.8161,No,N/A,2,3,N/A,2 3,6,N/A,2 6,3 6,10,2 3 6,2 10,13,N/A,2 13,3 13,N/A,2 3 13
2 3 6 10 12 13,0.0163056,27.5844,No,N/A,2,3,N/A,2 3,6,N/A,2 6,3 6,10,2 3 6,12,13,2 12,2 13,3 13,2 3 12,2 3 13
2 3 6 9 12 13,0.0136063,29.077,No,N/A,2,3,N/A,2 3,6,N/A,2 6,9,N/A,2 9,12,13,2 12,2 13,3 13,2 3 12,2 3 13
2 3 6 9 11 12,0.0187105,26.7506,No,N/A,2,3,N/A,2 3,6,N/A,2 6,9,N/A,11,12,2 11,2 12,3 12,2 3 11,2 3 12,6 12
2 3 6 9 10 12,0.027007,22.2243,No,N/A,2,3,N/A,2 3,6,N/A,2 6,9,10,2 9,12,3 10,2 12,3 12,6 10,2 3 12,6 12
2 3 6 9 10 11,0.0311365,20.8188,No,N/A,2,3,N/A,2 3,6,N/A,2 6,9,10,11,2 10,2 11,3 11,2 3 10,2 3 11,6 11,2 6 10
2 3 6 9 10 11 13,0.0156659,29.4932,No,N/A,2,3,N/A,2 3,6,N/A,2 6,9,10,11,2 10,13,3 11,2 13,3 13,6 11,2 3 13
2 3 6 8 12 13,0.0180095,25.1585,No,N/A,2,3,N/A,2 3,6,N/A,8,3 6,2 8,3 8,12,13,2 12,2 13,3 13,2 3 12,2 3 13
2 3 6 8 11 13,0.0174596,26.971,No,N/A,2,3,N/A,2 3,6,N/A,8,3 6,2 8,11,N/A,13,3 11,2 13,3 13,6 11,2 3 13
2 3 6 8 11 12,0.0251148,22.5711,No,N/A,2,3,N/A,2 3,6,N/A,8,3 6,2 8,11,12,2 11,2 12,3 12,2 3 11,2 3 12,6 12
2 3 6 8 10 13,0.0232168,22.9385,No,N/A,2,3,N/A,2 3,6,N/A,8,3 6,10,3 8,2 10,13,6 8,2 13,3 13,3 6 8,2 3 13
2 3 6 8 10 12,0.0291075,21.4697,No,N/A,2,3,N/A,2 3,6,N/A,8,3 6,10,3 8,12,3 10,2 12,3 12,6 10,2 3 12,6 12
2 3 6 8 9 13,0.023981,22.2746,No,N/A,2,3,N/A,2 3,6,N/A,8,9,2 8,2 9,3 9,13,2 3 9,2 13,3 13,8 9,2 3 13
2 3 6 8 9 12,0.0284429,21.2791,No,N/A,2,3,N/A,2 3,6,N/A,8,9,2 8,2 9,12,2 3 8,2 12,3 12,2 6 8,2 3 12,6 12
2 3 6 8 9 10,0.0423813,17.7801,No,N/A,2,3,N/A,2 3,6,N/A,8,9,10,2 9,2 10,3 10,2 3 9,2 3 10,6 10,8 9,8 10
2 3 6 8 9 10 12 13,0.0131808,32.968,No,N/A,2,3,N/A,2 3,6,N/A,8,9,10,2 9,12,13,2 12,2 13,3 13,2 3 12,2 3 13
3 4 5 7 8 10 11,0.0315295,21.7507,No,N/A,N/A,3,4,5,N/A,7,8,4 5,10,11,4 8,3 10,3 11,4 11,5 11,7 10,7 11
2 3 6 7 11 12 13,0.013845,28.7884,No,N/A,2,3,N/A,2 3,6,7,2 6,2 7,3 7,11,12,13,2 12,2 13,3 13,2 3 12,2 3 13
2 3 6 7 9 10 13,0.0186664,26.0913,No,N/A,2,3,N/A,2 3,6,7,2 6,9,10,2 9,2 10,13,2 3 9,2 13,3 13,7 10,2 3 13
2 3 6 7 9 10 12,0.0266979,22.7635,No,N/A,2,3,N/A,2 3,6,7,2 6,9,10,2 9,12,3 10,2 12,3 12,6 10,2 3 12,6 12
2 3 4 5 10 11 12 13,0.0175527,28.8898,No,N/A,2,3,4,5,2 4,2 5,3 5,4 5,10,11,12,13,2 12,2 13,3 13,4 13,5 13
2 3 6 7 8 10 12 13,0.0154021,29.2174,No,N/A,2,3,N/A,2 3,6,7,8,2 7,10,3 8,12,13,2 12,2 13,3 13,2 3 12,2 3 13
2 3 6 7 8 10 11,0.0337322,20.1292,No,N/A,2,3,N/A,2 3,6,7,8,2 7,10,11,2 10,2 11,3 11,2 3 10,2 3 11,6 11,7 11
2 3 6 7 11 13,0.0210551,22.809,No,N/A,2,3,N/A,2 3,6,7,2 6,2 7,3 7,11,2 3 7,13,3 11,2 13,3 13,6 11,2 3 13
2 3 6 7 8 10 11 13,0.0171602,28.3909,No,N/A,2,3,N/A,2 3,6,7,8,2 7,10,11,2 10,13,3 11,2 13,3 13,6 11,2 3 13
2 3 6 7 8 10 11 12 13,0.0123323,33.2708,No,N/A,2,3,N/A,2 3,6,7,8,2 7,10,11,12,13,2 12,2 13,3 13,2 3 12,2 3 13
2 3 6 7 8 9 12,0.0324062,20.4794,No,N/A,2,3,N/A,2 3,6,7,8,9,2 8,2 9,12,2 3 8,2 12,3 12,7 9,2 3 12,6 12
2 3 6 7 8 9 11,0.0396121,18.3186,No,N/A,2,3,N/A,2 3,6,7,8,9,2 8,11,3 9,2 11,3 11,6 9,2 3 11,6 11,7 11
2 3 6 7 8 9 10,0.0413694,17.7896,No,N/A,2,3,N/A,2 3,6,7,8,9,10,2 9,2 10,3 10,2 3 9,2 3 10,6 10,7 10,8 10
2 3 6 7 8 9 10 12 13,0.0145217,31.0143,No,N/A,2,3,N/A,2 3,6,7,8,9,10,2 9,12,13,2 12,2 13,3 13,2 3 12,2 3 13
2 3 5 9 10 11 12,0.0224747,26.12,No,N/A,2,3,N/A,5,N/A,2 5,3 5,9,10,11,12,2 11,2 12,3 12,5 11,5 12,2 5 11
2 3 5 9 10 11 12 13,0.0121948,34.6723,No,N/A,2,3,N/A,5,N/A,2 5,3 5,9,10,11,12,13,2 12,2 13,3 13,5 12,5 13
2 3 5 8 10 13,0.0174443,26.4754,No,N/A,2,3,N/A,5,N/A,2 5,8,N/A,10,3 8,2 10,13,N/A,2 13,3 13,2 5 10,5 13
2 3 5 8 10 12,0.0267127,22.7368,No,N/A,2,3,N/A,5,N/A,2 5,8,N/A,10,3 8,12,3 10,2 12,3 12,3 5 8,5 12,8 10
2 3 5 8 10 11 13,0.0131097,32.3299,No,N/A,2,3,N/A,5,N/A,2 5,8,N/A,10,11,2 10,13,3 11,2 13,3 13,2 5 10,5 13
2 3 5 8 10 11 12,0.0190079,29.2613,No,N/A,2,3,N/A,5,N/A,2 5,8,N/A,10,11,12,2 11,2 12,3 12,5 11,5 12,2 5 11
2 3 5 6 7 10 11,0.0458745,16.3947,No,N/A,2,3,N/A,5,6,7,2 6,2 7,10,11,2 10,2 11,3 11,5 10,5 11,6 11,7 11
2 3 5 6 7 13,0.0413531,16.8105,No,N/A,2,3,N/A,5,6,7,2 6,2 7,3 7,5 6,5 7,13,2 5 7,2 13,3 13,2 3 5 7,5 13
2 3 6 8 9 10 11,0.0271476,23.9365,No,N/A,2,3,N/A,2 3,6,N/A,8,9,10,11,2 10,2 11,3 11,2 3 10,2 3 11,6 11,8 10
2 3 5 7 11,0.0516367,13.0032,No,N/A,2,3,N/A,5,N/A,7,3 5,2 7,3 7,11,5 7,2 11,3 11,3 5 7,5 11,2 3 5 7,7 11
2 3 5 7 10 11 12 13,0.0121387,33.7409,No,N/A,2,3,N/A,5,N/A,7,3 5,2 7,10,11,12,13,2 12,2 13,3 13,5 12,5 13
2 3 5 7 9 13,0.0303737,19.835,No,N/A,2,3,N/A,5,N/A,7,3 5,9,3 7,2 9,3 9,13,5 9,2 13,3 13,3 5 9,5 13
2 3 4 8 10 11 12 13,0.0131268,32.2432,No,N/A,2,3,4,2 3,2 4,3 4,8,2 3 4,10,11,12,13,2 12,2 13,3 13,4 13,2 3 13
2 3 5 7 9 12 13,0.0168022,27.3559,No,N/A,2,3,N/A,5,N/A,7,3 5,9,3 7,2 9,12,13,2 12,2 13,3 13,5 12,5 13
2 3 5 7 9 10 12 13,0.0137279,32.2135,No,N/A,2,3,N/A,5,N/A,7,3 5,9,10,2 9,12,13,2 12,2 13,3 13,5 12,5 13
2 3 5 7 8 12,0.0397625,18.1148,No,N/A,2,3,N/A,5,N/A,7,8,2 7,2 8,3 8,12,5 8,2 12,3 12,3 5 8,5 12,3 7 8
2 3 5 7 8 11 13,0.0225868,25.3329,No,N/A,2,3,N/A,5,N/A,7,8,2 7,2 8,11,5 7,13,3 11,2 13,3 13,2 7 8,5 13
2 3 5 7 8 11 12 13,0.0142328,31.8554,No,N/A,2,3,N/A,5,N/A,7,8,2 7,2 8,11,12,13,2 12,2 13,3 13,5 12,5 13
2 3 5 7 8 10,0.0555434,15.3275,No,N/A,2,3,N/A,5,N/A,7,8,2 7,10,3 8,2 10,3 10,2 5 7,5 10,3 5 8,7 10,8 10
2 3 5 7 8 10 13,0.023545,24.9708,No,N/A,2,3,N/A,5,N/A,7,8,2 7,10,3 8,2 10,13,2 5 7,2 13,3 13,7 10,5 13
3 4 5 6 10 13,0.0218043,21.7469,No,N/A,N/A,3,4,5,6,3 4,3 5,3 6,10,5 6,3 4 5,13,4 10,5 10,3 13,4 13,5 13
2 3 5 7 8 10 11 13,0.0177503,29.913,No,N/A,2,3,N/A,5,N/A,7,8,2 7,10,11,2 10,13,3 11,2 13,3 13,7 10,5 13
2 3 5 7 8 10 11 12 13,0.0124237,36.0831,No,N/A,2,3,N/A,5,N/A,7,8,2 7,10,11,12,13,2 12,2 13,3 13,5 12,5 13
2 3 5 7 8 9 12 13,0.017884,28.9918,No,N/A,2,3,N/A,5,N/A,7,8,9,2 8,2 9,12,13,2 12,2 13,3 13,5 12,5 13
2 3 5 7 8 9 10 13,0.0234727,26.251,No,N/A,2,3,N/A,5,N/A,7,8,9,10,2 9,2 10,13,5 9,2 13,3 13,7 10,5 13
2 3 5 7 8 9 10 11 13,0.0187039,30.4281,No,N/A,2,3,N/A,5,N/A,7,8,9,10,11,2 10,13,3 11,2 13,3 13,7 10,5 13
2 3 5 6 12,0.0452647,13.4303,No,N/A,2,3,N/A,5,6,2 5,2 6,3 6,2 3 5,5 6,12,2 5 6,2 12,3 12,2 3 5 6,5 12,6 12
2 3 5 6 11,0.0471387,14.6136,No,N/A,2,3,N/A,5,6,2 5,2 6,3 6,2 3 5,11,N/A,2 11,3 11,N/A,5 11,6 11,2 5 11
2 3 5 6 11 12 13,0.013362,28.5715,No,N/A,2,3,N/A,5,6,2 5,2 6,3 6,2 3 5,11,12,13,2 12,2 13,3 13,5 12,5 13
2 3 5 6 10 12,0.0406365,17.4642,No,N/A,2,3,N/A,5,6,2 5,2 6,3 6,10,5 6,12,3 10,2 12,3 12,6 10,5 12,6 12
3 5 7 8 10 11 12 13,0.00557352,44.4497,No,N/A,N/A,3,N/A,5,N/A,7,8,N/A,10,11,12,13,3 11,3 12,3 13,5 12,5 13
2 3 5 6 9 11 12,0.0246115,23.5978,No,N/A,2,3,N/A,5,6,2 5,2 6,9,2 3 5,11,12,2 11,2 12,3 12,5 11,5 12,6 12
2 3 5 6 9 10,0.0617429,13.4136,No,N/A,2,3,N/A,5,6,2 5,2 6,9,10,2 9,2 10,3 10,5 9,5 10,6 10,2 5 10,2 6 10
2 3 5 6 9 10 11,0.0390089,18.498,No,N/A,2,3,N/A,5,6,2 5,2 6,9,10,11,2 10,2 11,3 11,5 10,5 11,6 11,2 5 11
2 4 6 7 8 9 10 12,0.0238018,25.2679,No,N/A,2,N/A,4,N/A,6,7,8,9,10,2 9,12,4 9,2 12,6 9,4 12,7 10,6 12
2 3 5 6 8 12 13,0.0209148,24.3636,No,N/A,2,3,N/A,5,6,2 5,8,3 6,2 8,3 8,12,13,2 12,2 13,3 13,5 12,5 13
2 3 5 6 8 10 13,0.0259215,22.7327,No,N/A,2,3,N/A,5,6,2 5,8,3 6,10,3 8,2 10,13,6 8,2 13,3 13,2 5 10,5 13
2 3 5 6 8 10 11 12,0.0250502,24.372,No,N/A,2,3,N/A,5,6,2 5,8,3 6,10,11,12,2 11,2 12,3 12,5 11,5 12,6 12
2 3 6 8 9 11 12,0.0194907,27.3527,No,N/A,2,3,N/A,2 3,6,N/A,8,9,2 8,11,12,2 11,2 12,3 12,2 3 11,2 3 12,6 12
2 3 5 6 8 10 11 12 13,0.0136712,32.7516,No,N/A,2,3,N/A,5,6,2 5,8,3 6,10,11,12,13,2 12,2 13,3 13,5 12,5 13
2 3 5 6 8 9 11 12 13,0.0138821,32.4083,No,N/A,2,3,N/A,5,6,2 5,8,9,2 8,11,12,13,2 12,2 13,3 13,5 12,5 13
2 3 5 6 8 9 10,0.0491691,15.7409,No,N/A,2,3,N/A,5,6,2 5,8,9,10,2 9,2 10,3 10,5 9,5 10,6 10,2 5 10,8 10
2 3 5 6 8 9 10 11 13,0.0187208,28.7106,No,N/A,2,3,N/A,5,6,2 5,8,9,10,11,2 10,13,3 11,2 13,3 13,6 11,5 13
2 3 5 6 7,0.098113,8.30699,No,N/A,2,3,N/A,5,6,7,2 6,2 7,3 7,5 6,5 7,6 7,2 5 7,2 6 7,3 6 7,2 3 5 7,5 6 7
2 3 5 6 7 11 12 13,0.0167468,28.2043,No,N/A,2,3,N/A,5,6,7,2 6,2 7,3 7,11,12,13,2 12,2 13,3 13,5 12,5 13
2 3 5 6 7 10 11 13,0.0223419,25.0509,No,N/A,2,3,N/A,5,6,7,2 6,2 7,10,11,2 10,13,3 11,2 13,3 13,6 11,5 13
2 3 5 6 8 10,0.0606738,13.3029,No,N/A,2,3,N/A,5,6,2 5,8,3 6,10,3 8,2 10,3 10,6 8,5 10,6 10,2 5 10,8 10
2 3 5 6 7 9 10 11 12 13,0.015857,31.324,No,N/A,2,3,N/A,5,6,7,2 6,9,10,11,12,13,2 12,2 13,3 13,5 12,5 13
2 3 5 6 7 8 12 13,0.0225287,24.5604,No,N/A,2,3,N/A,5,6,7,8,2 7,2 8,3 8,12,13,2 12,2 13,3 13,5 12,5 13
2 3 5 6 7 8 10 12 13,0.0199351,27.3234,No,N/A,2,3,N/A,5,6,7,8,2 7,10,3 8,12,13,2 12,2 13,3 13,5 12,5 13
2 3 5 6 7 8 10 11 13,0.021966,26.6975,No,N/A,2,3,N/A,5,6,7,8,2 7,10,11,2 10,13,3 11,2 13,3 13,6 11,5 13
2 3 5 6 7 8 10 11 12 13,0.0164106,31.0876,No,N/A,2,3,N/A,5,6,7,8,2 7,10,11,12,13,2 12,2 13,3 13,5 12,5 13
2 3 5 6 7 8 9 13,0.0328815,20.1272,No,N/A,2,3,N/A,5,6,7,8,9,2 8,2 9,3 9,13,5 9,2 13,3 13,8 9,5 13
2 3 6 8 9 10 11 12,0.0177037,30.288,No,N/A,2,3,N/A,2 3,6,N/A,8,9,10,11,12,2 11,2 12,3 12,2 3 11,2 3 12,6 12
2 3 5 6 7 8 9 12 13,0.0218867,25.844,No,N/A,2,3,N/A,5,6,7,8,9,2 8,2 9,12,13,2 12,2 13,3 13,5 12,5 13
2 4 7 10 11,0.0352795,19.0443,No,N/A,2,N/A,4,N/A,2 4,7,N/A,2 7,10,11,2 10,2 11,4 10,4 11,2 4 10,2 4 11,7 11
2 3 5 6 7 8 9 11 12,0.0305182,22.4204,No,N/A,2,3,N/A,5,6,7,8,9,2 8,11,12,2 11,2 12,3 12,5 11,5 12,6 12
2 3 5 6 7 8 9 11 12 13,0.0178675,29.6307,No,N/A,2,3,N/A,5,6,7,8,9,2 8,11,12,13,2 12,2 13,3 13,5 12,5 13
2 3 5 6 7 8 9 10 11 13,0.0228267,26.6181,No,N/A,2,3,N/A,5,6,7,8,9,10,11,2 10,13,3 11,2 13,3 13,6 11,5 13
2 3 5 8 12,0.0331891,16.809,No,N/A,2,3,N/A,5,N/A,2 5,8,N/A,2 8,3 8,12,5 8,2 12,3 12,3 5 8,5 12,2 3 5 8
2 3 4 7 8 12 13,0.0233595,23.5819,No,N/A,2,3,4,2 3,2 4,7,8,2 7,2 8,3 8,12,13,2 12,2 13,3 13,4 13,2 3 13
2 3 5 6 7 9 10 11,0.0400921,18.4827,No,N/A,2,3,N/A,5,6,7,2 6,9,10,11,2 10,2 11,3 11,5 10,5 11,6 11,7 11
2 3 4 8 10 12 13,0.0166178,27.4538,No,N/A,2,3,4,2 3,2 4,3 4,8,2 3 4,10,3 8,12,13,2 12,2 13,3 13,4 13,2 3 13
2 3 4 8 10 11,0.0417518,17.0439,No,N/A,2,3,4,2 3,2 4,3 4,8,2 3 4,10,11,2 10,2 11,3 11,4 11,2 3 11,2 4 11,3 4 11
2 3 4 8 9 11 12 13,0.0153398,30.5794,No,N/A,2,3,4,2 3,2 4,3 4,8,9,2 8,11,12,13,2 12,2 13,3 13,4 13,2 3 13
2 3 4 8 9 10,0.0609274,13.6282,No,N/A,2,3,4,2 3,2 4,3 4,8,9,10,2 9,2 10,3 10,4 10,2 3 10,2 4 10,3 4 10,8 10
2 3 4 8 9 10 11,0.0399004,18.8048,No,N/A,2,3,4,2 3,2 4,3 4,8,9,10,11,2 10,2 11,3 11,4 11,2 3 11,2 4 11,3 4 11
2 3 4 8 9 10 11 12 13,0.0147442,32.3362,No,N/A,2,3,4,2 3,2 4,3 4,8,9,10,11,12,13,2 12,2 13,3 13,4 13,2 3 13
2 3 4 7,0.0667813,6.80219,No,N/A,2,3,4,2 3,2 4,7,N/A,2 7,3 7,4 7,2 3 7,2 4 7,3 4 7,N/A,2 3 4 7,N/A,N/A
2 3 4 5 7 10 12,0.041319,17.3242,No,N/A,2,3,4,5,2 4,7,3 5,2 7,10,4 7,12,3 10,2 12,3 12,4 12,5 12,2 4 12
2 3 4 7 10,0.0659418,11.5728,No,N/A,2,3,4,2 3,2 4,7,N/A,2 7,10,4 7,2 10,3 10,4 10,2 3 10,2 4 10,7 10,N/A
2 3 4 7 9 11 13,0.0192527,27.3652,No,N/A,2,3,4,2 3,2 4,7,N/A,9,3 7,11,3 9,13,3 11,2 13,3 13,4 13,2 3 13
2 3 4 7 9 11 12,0.027151,24.4292,No,N/A,2,3,4,2 3,2 4,7,N/A,9,3 7,11,12,2 11,2 12,3 12,4 12,2 3 12,2 4 12
2 3 5 7 8 9 10 11,0.0341503,22.1788,No,N/A,2,3,N/A,5,N/A,7,8,9,10,11,2 10,2 11,3 11,5 10,5 11,7 10,7 11
2 3 4 7 9 10 12,0.0312889,22.9333,No,N/A,2,3,4,2 3,2 4,7,N/A,9,10,2 9,12,3 10,2 12,3 12,4 12,2 3 12,2 4 12
2 3 4 7 9 10 12 13,0.0161229,32.1845,No,N/A,2,3,4,2 3,2 4,7,N/A,9,10,2 9,12,13,2 12,2 13,3 13,4 13,2 3 13
2 3 4 7 9 10 11 12,0.0222308,28.6411,No,N/A,2,3,4,2 3,2 4,7,N/A,9,10,11,12,2 11,2 12,3 12,4 12,2 3 12,2 4 12
2 3 4 7 8,0.0917019,8.65997,No,N/A,2,3,4,2 3,2 4,7,8,2 7,2 8,3 8,4 8,2 3 8,2 4 8,7 8,2 3 4 7,2 7 8,3 7 8
2 3 4 7 8 12,0.0491708,15.5524,No,N/A,2,3,4,2 3,2 4,7,8,2 7,2 8,3 8,12,2 3 8,2 12,3 12,4 12,2 3 12,2 4 12
2 3 4 7 8 10 13,0.032483,20.3024,No,N/A,2,3,4,2 3,2 4,7,8,2 7,10,3 8,2 10,13,4 10,2 13,3 13,4 13,2 3 13
2 3 5 6 8 9 10 13,0.0245472,24.2155,No,N/A,2,3,N/A,5,6,2 5,8,9,10,2 9,2 10,13,5 9,2 13,3 13,2 5 10,5 13
2 3 4 7 8 10 11 13,0.0225952,25.7135,No,N/A,2,3,4,2 3,2 4,7,8,2 7,10,11,2 10,13,3 11,2 13,3 13,4 13,2 3 13
2 3 4 7 8 10 11 12 13,0.0151502,31.9331,No,N/A,2,3,4,2 3,2 4,7,8,2 7,10,11,12,13,2 12,2 13,3 13,4 13,2 3 13
2 3 4 7 8 9,0.0731686,11.3555,No,N/A,2,3,4,2 3,2 4,7,8,9,2 8,2 9,3 9,4 9,2 3 9,2 4 9,7 9,8 9,2 7 9
2 3 4 7 8 9 12,0.0421356,17.8884,No,N/A,2,3,4,2 3,2 4,7,8,9,2 8,2 9,12,4 9,2 12,3 12,4 12,2 3 12,2 4 12
2 3 5 6 7 9 12 13,0.0215136,25.2085,No,N/A,2,3,N/A,5,6,7,2 6,9,3 7,2 9,12,13,2 12,2 13,3 13,5 12,5 13
2 3 4 6 13,0.0326143,15.1952,No,N/A,2,3,4,2 3,6,3 4,2 6,3 6,4 6,2 3 6,2 4 6,13,N/A,2 13,3 13,4 13,2 3 13
2 3 4 6 11,0.065794,10.8073,No,N/A,2,3,4,2 3,6,3 4,2 6,3 6,4 6,11,2 4 6,2 11,3 11,4 11,2 3 11,6 11,3 4 11
2 3 5 8 9 10 11 12,0.021485,28.2721,No,N/A,2,3,N/A,5,N/A,2 5,8,9,10,11,12,2 11,2 12,3 12,5 11,5 12,2 5 11
2 3 4 6 11 12,0.0385277,17.3908,No,N/A,2,3,4,2 3,6,3 4,2 6,3 6,4 6,11,12,2 11,2 12,3 12,4 12,2 3 12,6 12
2 3 4 6 11 12 13,0.0177565,26.4362,No,N/A,2,3,4,2 3,6,3 4,2 6,3 6,4 6,11,12,13,2 12,2 13,3 13,4 13,2 3 13
2 3 4 6 10 11 13,0.023206,23.6382,No,N/A,2,3,4,2 3,6,3 4,2 6,3 6,10,11,2 10,13,3 11,2 13,3 13,4 13,2 3 13
2 3 4 6 9 11 12,0.032872,20.8492,No,N/A,2,3,4,2 3,6,3 4,2 6,9,4 6,11,12,2 11,2 12,3 12,4 12,2 3 12,6 12
3 5 7 8 10 11 13,0.0092849,36.2534,No,N/A,N/A,3,N/A,5,N/A,7,8,N/A,10,11,5 7,13,3 11,5 10,3 13,7 10,5 13
2 3 4 6 9 10 13,0.0274815,21.8139,No,N/A,2,3,4,2 3,6,3 4,2 6,9,10,2 9,2 10,13,4 10,2 13,3 13,4 13,2 3 13
2 3 4 6 7 8 9 10 11,0.0422064,18.097,No,N/A,2,3,4,2 3,6,7,8,9,10,11,2 10,2 11,3 11,4 11,2 3 11,6 11,7 11
2 3 4 6 8 10,0.062781,12.6597,No,N/A,2,3,4,2 3,6,3 4,8,3 6,10,3 8,2 10,3 10,4 10,2 3 10,6 10,3 4 10,8 10
2 3 4 6 8 9 13,0.033288,19.3064,No,N/A,2,3,4,2 3,6,3 4,8,9,2 8,2 9,3 9,13,2 3 9,2 13,3 13,4 13,2 3 13
2 3 4 6 8 9 12 13,0.0220801,25.0229,No,N/A,2,3,4,2 3,6,3 4,8,9,2 8,2 9,12,13,2 12,2 13,3 13,4 13,2 3 13
2 3 4 6 8 9 10 12 13,0.0192669,27.6402,No,N/A,2,3,4,2 3,6,3 4,8,9,10,2 9,12,13,2 12,2 13,3 13,4 13,2 3 13
2 3 4 6 8 9 10 11,0.039901,18.5047,No,N/A,2,3,4,2 3,6,3 4,8,9,10,11,2 10,2 11,3 11,4 11,2 3 11,6 11,3 4 11
2 3 4 6 8 9 10 11 13,0.0227609,25.6958,No,N/A,2,3,4,2 3,6,3 4,8,9,10,11,2 10,13,3 11,2 13,3 13,4 13,2 3 13
2 3 4 6 7,0.100521,7.752,No,N/A,2,3,4,2 3,6,7,2 6,2 7,3 7,4 7,2 3 7,6 7,3 4 7,2 6 7,3 6 7,4 6 7,2 3 6 7
2 3 4 6 7 10,0.0704979,11.246,No,N/A,2,3,4,2 3,6,7,2 6,2 7,10,4 7,2 10,3 10,4 10,2 3 10,6 10,7 10,2 6 10
2 3 4 6 7 10 11 12,0.0285543,22.7451,No,N/A,2,3,4,2 3,6,7,2 6,2 7,10,11,12,2 11,2 12,3 12,4 12,2 3 12,6 12
2 3 4 6 7 10 11 12 13,0.0158785,30.9471,No,N/A,2,3,4,2 3,6,7,2 6,2 7,10,11,12,13,2 12,2 13,3 13,4 13,2 3 13
2 3 4 6 7 9 11,0.0517,15.2036,No,N/A,2,3,4,2 3,6,7,2 6,9,3 7,11,3 9,2 11,3 11,4 11,2 3 11,6 11,7 11
2 3 6 7 9 11 12 13,0.0125845,31.9237,No,N/A,2,3,N/A,2 3,6,7,2 6,9,3 7,11,12,13,2 12,2 13,3 13,2 3 12,2 3 13
2 3 4 6 7 9 11 13,0.0252926,24.0468,No,N/A,2,3,4,2 3,6,7,2 6,9,3 7,11,3 9,13,3 11,2 13,3 13,4 13,2 3 13
2 3 4 6 7 9 11 12 13,0.0181736,29.0771,No,N/A,2,3,4,2 3,6,7,2 6,9,3 7,11,12,13,2 12,2 13,3 13,4 13,2 3 13
2 3 4 6 7 9 10,0.0560353,14.2864,No,N/A,2,3,4,2 3,6,7,2 6,9,10,2 9,2 10,3 10,4 10,2 3 10,6 10,7 10,2 6 10
2 3 4 6 7 9 10 12 13,0.0194757,28.1674,No,N/A,2,3,4,2 3,6,7,2 6,9,10,2 9,12,13,2 12,2 13,3 13,4 13,2 3 13
2 3 6 9 13,0.0255432,20.3492,No,N/A,2,3,N/A,2 3,6,N/A,2 6,9,N/A,2 9,3 9,13,2 3 9,2 13,3 13,2 6 9,2 3 13
2 3 4 6 7 9 10 11,0.0402661,18.8487,No,N/A,2,3,4,2 3,6,7,2 6,9,10,11,2 10,2 11,3 11,4 11,2 3 11,6 11,7 11
2 3 4 6 7 8 11,0.0578117,13.5292,No,N/A,2,3,4,2 3,6,7,8,2 7,2 8,11,4 8,2 11,3 11,4 11,2 3 11,6 11,7 11
2 3 5 8 9 10 12 13,0.0147306,32.092,No,N/A,2,3,N/A,5,N/A,2 5,8,9,10,2 9,12,13,2 12,2 13,3 13,5 12,5 13
2 3 4 6 7 8 11 12,0.0356878,19.513,No,N/A,2,3,4,2 3,6,7,8,2 7,2 8,11,12,2 11,2 12,3 12,4 12,2 3 12,6 12
2 3 4 6 7 8 10,0.0650595,12.0491,No,N/A,2,3,4,2 3,6,7,8,2 7,10,3 8,2 10,3 10,4 10,2 3 10,6 10,7 10,8 10
2 4 6 7 8 9 10 11 13,0.0145023,31.827,No,N/A,2,N/A,4,N/A,6,7,8,9,10,11,2 10,13,4 10,2 13,6 10,4 13,7 11
2 3 4 6 7 8 9 13,0.0342686,19.6044,No,N/A,2,3,4,2 3,6,7,8,9,2 8,2 9,3 9,13,2 3 9,2 13,3 13,4 13,2 3 13
2 3 4 6 7 8 9 12,0.0443128,17.0392,No,N/A,2,3,4,2 3,6,7,8,9,2 8,2 9,12,4 9,2 12,3 12,4 12,2 3 12,6 12
3 4 5 8 9 11 12,0.0164103,30.5451,No,N/A,N/A,3,4,5,N/A,3 4,8,9,N/A,11,12,4 9,3 11,3 12,4 12,5 12,3 4 11
2 3 4 5 6 7 8 9 10,0.0661406,12.1818,No,N/A,2,3,4,5,6,7,8,9,10,2 9,2 10,3 10,4 10,5 10,6 10,7 10,8 10
2 3 4 6 7 8 9 10 11 13,0.0249864,24.8987,No,N/A,2,3,4,2 3,6,7,8,9,10,11,2 10,13,3 11,2 13,3 13,4 13,2 3 13
2 3 4 5 12 13,0.0235097,21.0089,No,N/A,2,3,4,5,2 4,2 5,3 5,4 5,2 3 5,2 4 5,12,13,2 12,2 13,3 13,4 13,5 13
2 3 4 5 11 13,0.0296391,19.7341,No,N/A,2,3,4,5,2 4,2 5,3 5,4 5,2 3 5,11,3 4 5,13,3 11,2 13,3 13,4 13,5 13
2 3 4 5 10 11 12,0.0336943,20.316,No,N/A,2,3,4,5,2 4,2 5,3 5,4 5,10,11,12,2 11,2 12,3 12,4 12,5 12,2 4 12
2 3 4 5 9,0.0955415,8.46856,No,N/A,2,3,4,5,2 4,2 5,3 5,9,2 3 5,2 9,3 9,4 9,5 9,2 4 9,2 5 9,3 5 9,4 5 9
2 3 4 5 9 12 13,0.0207074,24.6037,No,N/A,2,3,4,5,2 4,2 5,3 5,9,2 3 5,2 9,12,13,2 12,2 13,3 13,4 13,5 13
2 3 5 9 11 12 13,0.0126102,31.4408,No,N/A,2,3,N/A,5,N/A,2 5,3 5,9,2 3 5,11,12,13,2 12,2 13,3 13,5 12,5 13
2 3 4 5 9 11,0.054952,14.0298,No,N/A,2,3,4,5,2 4,2 5,3 5,9,2 3 5,11,3 9,2 11,3 11,4 11,5 11,2 4 11,2 5 11
2 3 4 5 9 11 13,0.0238741,23.4816,No,N/A,2,3,4,5,2 4,2 5,3 5,9,2 3 5,11,3 9,13,3 11,2 13,3 13,4 13,5 13
2 3 4 5 8 12 13,0.02571,22.2869,No,N/A,2,3,4,5,2 4,2 5,8,4 5,2 8,3 8,12,13,2 12,2 13,3 13,4 13,5 13
3 5 6 9 12 13,0.010543,31.8915,No,N/A,N/A,3,N/A,5,6,N/A,3 5,9,N/A,5 6,12,13,5 9,3 12,3 13,5 12,5 13
2 3 4 5 8 11 12,0.0363801,19.1415,No,N/A,2,3,4,5,2 4,2 5,8,4 5,2 8,11,12,2 11,2 12,3 12,4 12,5 12,2 4 12
2 3 4 5 8 9,0.0734456,10.1184,No,N/A,2,3,4,5,2 4,2 5,8,9,2 8,2 9,3 9,4 9,5 9,2 4 9,2 5 9,8 9,4 5 9
2 3 5 6 8 9 13,0.0289195,21.0931,No,N/A,2,3,N/A,5,6,2 5,8,9,2 8,2 9,3 9,13,5 9,2 13,3 13,8 9,5 13
2 3 4 5 8 9 12,0.0427725,16.8367,No,N/A,2,3,4,5,2 4,2 5,8,9,2 8,2 9,12,4 9,2 12,3 12,4 12,5 12,2 4 12
2 3 4 5 8 9 12 13,0.0216205,25.6287,No,N/A,2,3,4,5,2 4,2 5,8,9,2 8,2 9,12,13,2 12,2 13,3 13,4 13,5 13
2 3 4 5 8 9 11 13,0.0267912,22.9002,No,N/A,2,3,4,5,2 4,2 5,8,9,2 8,11,3 9,13,3 11,2 13,3 13,4 13,5 13
2 3 4 5 8 9 10 12 13,0.0212725,26.6634,No,N/A,2,3,4,5,2 4,2 5,8,9,10,2 9,12,13,2 12,2 13,3 13,4 13,5 13
2 3 4 5 8 9 10 11 13,0.0244365,25.2418,No,N/A,2,3,4,5,2 4,2 5,8,9,10,11,2 10,13,3 11,2 13,3 13,4 13,5 13
2 3 4 5 7 12,0.0526891,13.8693,No,N/A,2,3,4,5,2 4,7,3 5,2 7,3 7,4 7,12,2 4 7,2 12,3 12,4 12,5 12,2 4 12
2 3 4 5 7 11 13,0.0284789,20.8282,No,N/A,2,3,4,5,2 4,7,3 5,2 7,3 7,11,5 7,13,3 11,2 13,3 13,4 13,5 13
2 3 4 5 7 11 12,0.0370044,18.3301,No,N/A,2,3,4,5,2 4,7,3 5,2 7,3 7,11,12,2 11,2 12,3 12,4 12,5 12,2 4 12
2 3 4 5 7 9,0.0700597,10.0282,No,N/A,2,3,4,5,2 4,7,3 5,9,3 7,2 9,3 9,4 9,5 9,2 4 9,7 9,3 5 9,2 7 9
2 3 4 5 7 9 11 12 13,0.0176555,29.3434,No,N/A,2,3,4,5,2 4,7,3 5,9,3 7,11,12,13,2 12,2 13,3 13,4 13,5 13
2 3 5 9 13,0.0304698,17.4981,No,N/A,2,3,N/A,5,N/A,2 5,3 5,9,2 3 5,2 9,3 9,13,5 9,2 13,3 13,3 5 9,5 13
2 3 4 5 7 9 10 12,0.0369716,19.4504,No,N/A,2,3,4,5,2 4,7,3 5,9,10,2 9,12,3 10,2 12,3 12,4 12,5 12,2 4 12
2 3 4 5 7 9 10 11,0.0436685,17.4456,No,N/A,2,3,4,5,2 4,7,3 5,9,10,11,2 10,2 11,3 11,4 11,5 11,2 4 11,7 11
2 3 4 5 7 9 10 11 12,0.0294702,23.0554,No,N/A,2,3,4,5,2 4,7,3 5,9,10,11,12,2 11,2 12,3 12,4 12,5 12,2 4 12
2 3 4 5 7 8 12,0.0481789,15.1382,No,N/A,2,3,4,5,2 4,7,8,2 7,2 8,3 8,12,5 8,2 12,3 12,4 12,5 12,2 4 12
2 3 4 5 7 8 11 12,0.0365187,19.5823,No,N/A,2,3,4,5,2 4,7,8,2 7,2 8,11,12,2 11,2 12,3 12,4 12,5 12,2 4 12
2 3 4 5 7 8 10 12 13,0.023305,25.5529,No,N/A,2,3,4,5,2 4,7,8,2 7,10,3 8,12,13,2 12,2 13,3 13,4 13,5 13
2 3 4 5 7 9 10,0.0588687,13.0906,No,N/A,2,3,4,5,2 4,7,3 5,9,10,2 9,2 10,3 10,4 10,5 10,2 4 10,7 10,3 5 10
2 3 4 5 7 8 10 11 13,0.0273013,23.4681,No,N/A,2,3,4,5,2 4,7,8,2 7,10,11,2 10,13,3 11,2 13,3 13,4 13,5 13
2 3 4 5 7 8 10 11 12,0.0329542,21.5934,No,N/A,2,3,4,5,2 4,7,8,2 7,10,11,12,2 11,2 12,3 12,4 12,5 12,2 4 12
2 3 4 5 7 8 10 11 12 13,0.0198343,28.6609,No,N/A,2,3,4,5,2 4,7,8,2 7,10,11,12,13,2 12,2 13,3 13,4 13,5 13
2 3 4 5 7 8 9 12 13,0.0245248,24.4463,No,N/A,2,3,4,5,2 4,7,8,9,2 8,2 9,12,13,2 12,2 13,3 13,4 13,5 13
2 3 4 5 7 8 9 11 13,0.0289568,22.5388,No,N/A,2,3,4,5,2 4,7,8,9,2 8,11,3 9,13,3 11,2 13,3 13,4 13,5 13
2 3 4 5 7 8 9 10 11,0.0454169,17.4362,No,N/A,2,3,4,5,2 4,7,8,9,10,11,2 10,2 11,3 11,4 11,5 11,2 4 11,7 11
2 3 4 5 6 10 12 13,0.0235444,23.9135,No,N/A,2,3,4,5,6,2 5,2 6,3 6,10,5 6,12,13,2 12,2 13,3 13,4 13,5 13
2 3 4 5 6 10 11 13,0.027741,21.7351,No,N/A,2,3,4,5,6,2 5,2 6,3 6,10,11,2 10,13,3 11,2 13,3 13,4 13,5 13
3 5 6 7 8 10 12 13,0.0100094,34.0853,No,N/A,N/A,3,N/A,5,6,7,8,3 6,10,3 8,12,13,6 8,3 12,3 13,5 12,5 13
2 3 4 5 6 10 11 12,0.0352499,19.4092,No,N/A,2,3,4,5,6,2 5,2 6,3 6,10,11,12,2 11,2 12,3 12,4 12,5 12,6 12
2 3 4 5 6 8,0.0877571,7.34762,No,N/A,2,3,4,5,6,2 5,8,3 6,2 8,3 8,4 8,5 8,6 8,2 5 8,2 6 8,3 6 8,4 6 8
2 3 4 5 6 8 11 12,0.0412765,17.3502,No,N/A,2,3,4,5,6,2 5,8,3 6,2 8,11,12,2 11,2 12,3 12,4 12,5 12,6 12
2 3 4 5 6 8 10 12,0.0460193,16.3514,No,N/A,2,3,4,5,6,2 5,8,3 6,10,3 8,12,3 10,2 12,3 12,4 12,5 12,6 12
2 3 4 5 6 8 9,0.0796745,9.65514,No,N/A,2,3,4,5,6,2 5,8,9,2 8,2 9,3 9,4 9,5 9,6 9,2 5 9,8 9,3 6 9
2 3 4 7 9,0.0757773,10.9192,No,N/A,2,3,4,2 3,2 4,7,N/A,9,3 7,2 9,3 9,4 9,2 3 9,2 4 9,7 9,N/A,2 7 9
2 3 4 5 6 8 9 11,0.0580244,13.764,No,N/A,2,3,4,5,6,2 5,8,9,2 8,11,3 9,2 11,3 11,4 11,5 11,6 11,2 5 11
2 3 4 5 6 8 9 11 12 13,0.0225918,26.0266,No,N/A,2,3,4,5,6,2 5,8,9,2 8,11,12,13,2 12,2 13,3 13,4 13,5 13
2 3 4 5 6 8 9 10 12,0.0433411,17.5393,No,N/A,2,3,4,5,6,2 5,8,9,10,2 9,12,3 10,2 12,3 12,4 12,5 12,6 12
2 3 5 7 10 11 12,0.0228454,25.2103,No,N/A,2,3,N/A,5,N/A,7,3 5,2 7,10,11,12,2 11,2 12,3 12,5 11,5 12,7 11
2 3 4 5 6 8 9 10 11,0.0487942,16.1879,No,N/A,2,3,4,5,6,2 5,8,9,10,11,2 10,2 11,3 11,4 11,5 11,6 11,2 5 11
2 3 4 6 10,0.0791636,9.8034,No,N/A,2,3,4,2 3,6,3 4,2 6,3 6,10,2 3 6,2 10,3 10,4 10,2 3 10,6 10,3 4 10,2 6 10
2 3 4 5 6 7 12,0.0573077,12.6489,No,N/A,2,3,4,5,6,7,2 6,2 7,3 7,4 7,12,6 7,2 12,3 12,4 12,5 12,6 12
2 3 4 5 6 7 12 13,0.0291639,20.1908,No,N/A,2,3,4,5,6,7,2 6,2 7,3 7,4 7,12,13,2 12,2 13,3 13,4 13,5 13
2 3 5 6 7 9 11 12,0.0296885,22.2132,No,N/A,2,3,N/A,5,6,7,2 6,9,3 7,11,12,2 11,2 12,3 12,5 11,5 12,6 12
2 3 4 5 6 7 10,0.0785118,9.79052,No,N/A,2,3,4,5,6,7,2 6,2 7,10,4 7,2 10,3 10,4 10,5 10,6 10,7 10,2 6 10
2 3 4 5 6 7 10 11,0.0572536,14.0453,No,N/A,2,3,4,5,6,7,2 6,2 7,10,11,2 10,2 11,3 11,4 11,5 11,6 11,7 11
2 3 6 7 13,0.0291299,17.783,No,N/A,2,3,N/A,2 3,6,7,2 6,2 7,3 7,2 3 6,2 3 7,13,N/A,2 13,3 13,N/A,2 3 13
2 3 4 5 6 7 10 11 12 13,0.021813,26.4265,No,N/A,2,3,4,5,6,7,2 6,2 7,10,11,12,13,2 12,2 13,3 13,4 13,5 13
2 3 4 5 6 7 9,0.0842758,9.12256,No,N/A,2,3,4,5,6,7,2 6,9,3 7,2 9,3 9,4 9,5 9,6 9,7 9,2 6 9,2 7 9
2 3 5 6 7 12,0.0524871,14.9177,No,N/A,2,3,N/A,5,6,7,2 6,2 7,3 7,5 6,12,6 7,2 12,3 12,3 6 7,5 12,6 12
2 3 4 5 6 7 9 12 13,0.0284871,22.0745,No,N/A,2,3,4,5,6,7,2 6,9,3 7,2 9,12,13,2 12,2 13,3 13,4 13,5 13
2 3 4 5 6 7 9 10 13,0.0370214,19.1842,No,N/A,2,3,4,5,6,7,2 6,9,10,2 9,2 10,13,4 10,2 13,3 13,4 13,5 13
2 3 4 6 7 8 10 11 13,0.0251612,24.1953,No,N/A,2,3,4,2 3,6,7,8,2 7,10,11,2 10,13,3 11,2 13,3 13,4 13,2 3 13
2 3 4 5 6 7 9 10 11,0.0514147,15.6579,No,N/A,2,3,4,5,6,7,2 6,9,10,11,2 10,2 11,3 11,4 11,5 11,6 11,7 11
2 3 4 5 6 7 9 10 11 12,0.0359898,20.5274,No,N/A,2,3,4,5,6,7,2 6,9,10,11,12,2 11,2 12,3 12,4 12,5 12,6 12
2 3 4 5 6 7 9 11 12,0.0401712,18.6701,No,N/A,2,3,4,5,6,7,2 6,9,3 7,11,12,2 11,2 12,3 12,4 12,5 12,6 12
2 3 5 6 8 9 10 11,0.0346184,20.6417,No,N/A,2,3,N/A,5,6,2 5,8,9,10,11,2 10,2 11,3 11,5 10,5 11,6 11,2 5 11
2 3 4 5 6 7 9 10 11 12 13,0.0227837,26.8826,No,N/A,2,3,4,5,6,7,2 6,9,10,11,12,13,2 12,2 13,3 13,4 13,5 13
2 3 4 5 7 11 12 13,0.0192498,26.4854,No,N/A,2,3,4,5,2 4,7,3 5,2 7,3 7,11,12,13,2 12,2 13,3 13,4 13,5 13
2 3 4 5 6 7 8 11 12 13,0.0250071,24.5149,No,N/A,2,3,4,5,6,7,8,2 7,2 8,11,12,13,2 12,2 13,3 13,4 13,5 13
2 3 4 5 6 7 8 9,0.0784297,10.009,No,N/A,2,3,4,5,6,7,8,9,2 8,2 9,3 9,4 9,5 9,6 9,7 9,8 9,2 7 9
2 3 4 5 7 10 11 13,0.0263369,22.69,No,N/A,2,3,4,5,2 4,7,3 5,2 7,10,11,2 10,13,3 11,2 13,3 13,4 13,5 13
2 3 4 5 6 7 8 9 13,0.0429238,17.056,No,N/A,2,3,4,5,6,7,8,9,2 8,2 9,3 9,13,5 9,2 13,3 13,4 13,5 13
2 3 4 6 7 8 9 10 11 12,0.0300657,22.7335,No,N/A,2,3,4,2 3,6,7,8,9,10,11,12,2 11,2 12,3 12,4 12,2 3 12,6 12
2 3 4 5 6 7 8 9 12,0.0525722,15.02,No,N/A,2,3,4,5,6,7,8,9,2 8,2 9,12,4 9,2 12,3 12,4 12,5 12,6 12
2 3 4 5 6 7 8 9 11,0.0596521,13.5848,No,N/A,2,3,4,5,6,7,8,9,2 8,11,3 9,2 11,3 11,4 11,5 11,6 11,7 11
2 3 4 5 6 7 8 9 11 12,0.0416866,18.335,No,N/A,2,3,4,5,6,7,8,9,2 8,11,12,2 11,2 12,3 12,4 12,5 12,6 12
2 3 4 5 13,0.0443367,13.5077,No,N/A,2,3,4,5,2 4,2 5,3 5,4 5,2 3 5,2 4 5,3 4 5,13,2 3 4 5,2 13,3 13,4 13,5 13
2 3 4 5 6 7 8 9 10 13,0.0385819,18.8813,No,N/A,2,3,4,5,6,7,8,9,10,2 9,2 10,13,4 10,2 13,3 13,4 13,5 13
2 3 4 5 6 7 8 9 10 11,0.0525892,15.3064,No,N/A,2,3,4,5,6,7,8,9,10,11,2 10,2 11,3 11,4 11,5 11,6 11,7 11
2 3 4 5 6 7 11,0.0683383,11.2488,No,N/A,2,3,4,5,6,7,2 6,2 7,3 7,11,5 7,2 11,3 11,4 11,5 11,6 11,7 11
2 3 4 5 6 8 10 11 12 13,0.0215219,26.6456,No,N/A,2,3,4,5,6,2 5,8,3 6,10,11,12,13,2 12,2 13,3 13,4 13,5 13
2 3 4 6 7 8 9 12 13,0.0239817,24.6802,No,N/A,2,3,4,2 3,6,7,8,9,2 8,2 9,12,13,2 12,2 13,3 13,4 13,2 3 13
2 3 6 8 9 10 12,0.0255439,24.3224,No,N/A,2,3,N/A,2 3,6,N/A,8,9,10,2 9,12,3 10,2 12,3 12,6 10,2 3 12,6 12
2 4 7 8 9 10 13,0.0176019,26.8113,No,N/A,2,N/A,4,N/A,2 4,7,8,9,10,2 9,2 10,13,4 10,2 13,2 4 10,4 13,8 10
2 3 4 5 6 9 10 12 13,0.0228973,25.593,No,N/A,2,3,4,5,6,2 5,2 6,9,10,2 9,12,13,2 12,2 13,3 13,4 13,5 13
2 3 4 5 7 8 9 10 11 12 13,0.0210191,28.3985,No,N/A,2,3,4,5,2 4,7,8,9,10,11,12,13,2 12,2 13,3 13,4 13,5 13
2 3 4 5 6 13,0.0413464,15.2089,No,N/A,2,3,4,5,6,2 5,2 6,3 6,4 6,5 6,2 4 6,13,3 5 6,2 13,3 13,4 13,5 13
2 3 4 5 6 8 10 13,0.0370293,18.2414,No,N/A,2,3,4,5,6,2 5,8,3 6,10,3 8,2 10,13,4 10,2 13,3 13,4 13,5 13
2 3 4 6 9 10 11 12,0.0264815,23.8364,No,N/A,2,3,4,2 3,6,3 4,2 6,9,10,11,12,2 11,2 12,3 12,4 12,2 3 12,6 12
2 3 5 6 7 8 9 10 11,0.0395412,19.3037,No,N/A,2,3,N/A,5,6,7,8,9,10,11,2 10,2 11,3 11,5 10,5 11,6 11,7 11
2 3 4 5 6 9 12,0.0495301,14.7204,No,N/A,2,3,4,5,6,2 5,2 6,9,4 6,2 9,12,4 9,2 12,3 12,4 12,5 12,6 12
2 3 6 9 11,0.0363983,17.6859,No,N/A,2,3,N/A,2 3,6,N/A,2 6,9,N/A,11,3 9,2 11,3 11,6 9,2 3 11,6 11,3 6 9
2 3 4 5 6 9 10 12,0.0422422,17.6631,No,N/A,2,3,4,5,6,2 5,2 6,9,10,2 9,12,3 10,2 12,3 12,4 12,5 12,6 12
2 3 4 6 7 8 13,0.0389436,17.0173,No,N/A,2,3,4,2 3,6,7,8,2 7,2 8,3 8,4 8,13,6 8,2 13,3 13,4 13,2 3 13
3 5 6 7 9 10 12 13,0.00948709,34.8672,No,N/A,N/A,3,N/A,5,6,7,3 5,9,10,5 6,12,13,5 9,3 12,3 13,5 12,5 13
2 3 4 5 6 10 12,0.0458338,15.6255,No,N/A,2,3,4,5,6,2 5,2 6,3 6,10,5 6,12,3 10,2 12,3 12,4 12,5 12,6 12
2 3 4 5 7 8 9 10 11 13,0.0269959,24.2862,No,N/A,2,3,4,5,2 4,7,8,9,10,11,2 10,13,3 11,2 13,3 13,4 13,5 13
2 3 5 6 7 8 10 13,0.0288448,22.0807,No,N/A,2,3,N/A,5,6,7,8,2 7,10,3 8,2 10,13,6 8,2 13,3 13,7 10,5 13
2 3 4 5 6 10 11 12 13,0.0195533,27.1805,No,N/A,2,3,4,5,6,2 5,2 6,3 6,10,11,12,13,2 12,2 13,3 13,4 13,5 13
2 3 6 7 10 12,0.0305249,19.7998,No,N/A,2,3,N/A,2 3,6,7,2 6,2 7,10,2 3 6,12,3 10,2 12,3 12,6 10,2 3 12,6 12
2 3 4 7 9 10 11,0.0352849,21.5037,No,N/A,2,3,4,2 3,2 4,7,N/A,9,10,11,2 10,2 11,3 11,4 11,2 3 11,2 4 11,7 11
2 4 5 6 8 9 13,0.0283514,21.2715,No,N/A,2,N/A,4,5,6,2 5,8,9,2 8,2 9,4 8,13,5 9,2 13,2 5 9,4 13,5 13
2 3 5 7 9 10,0.0492802,16.1861,No,N/A,2,3,N/A,5,N/A,7,3 5,9,10,2 9,2 10,3 10,5 9,5 10,7 9,7 10,3 5 10
2 3 5 8 9,0.0642482,11.6227,No,N/A,2,3,N/A,5,N/A,2 5,8,9,2 8,2 9,3 9,5 8,5 9,2 5 8,2 5 9,8 9,2 3 5 8
2 3 4 7 8 9 10 11 12 13,0.0160782,31.8443,No,N/A,2,3,4,2 3,2 4,7,8,9,10,11,12,13,2 12,2 13,3 13,4 13,2 3 13
2 3 5 7 8 10 12,0.0289564,23.0871,No,N/A,2,3,N/A,5,N/A,7,8,2 7,10,3 8,12,3 10,2 12,3 12,3 5 8,5 12,8 10
2 3 5 6 8 9 11 12,0.024459,24.9999,No,N/A,2,3,N/A,5,6,2 5,8,9,2 8,11,12,2 11,2 12,3 12,5 11,5 12,6 12
2 3 4 5 6 7 9 12,0.053738,14.6094,No,N/A,2,3,4,5,6,7,2 6,9,3 7,2 9,12,4 9,2 12,3 12,4 12,5 12,6 12
2 4 5 8 12,0.0399444,15.3625,No,N/A,2,N/A,4,5,2 4,2 5,8,4 5,2 8,2 4 5,12,5 8,2 12,2 5 8,4 12,5 12,2 4 12
2 4 5 7 8 9 10 11 13,0.0170819,29.5078,No,N/A,2,N/A,4,5,2 4,7,8,9,10,11,2 10,13,4 10,2 13,5 11,4 13,5 13
2 3 6 7 11,0.0520657,13.2535,No,N/A,2,3,N/A,2 3,6,7,2 6,2 7,3 7,11,2 3 7,2 11,3 11,2 6 7,2 3 11,6 11,7 11
2 3 5 8 9 11,0.0428249,17.7628,No,N/A,2,3,N/A,5,N/A,2 5,8,9,2 8,11,3 9,2 11,3 11,2 5 8,5 11,8 9,2 5 11
2 3 5 6 9 12,0.0384308,17.8907,No,N/A,2,3,N/A,5,6,2 5,2 6,9,2 3 5,2 9,12,2 5 6,2 12,3 12,2 5 9,5 12,6 12
3 5 7 8 9 10 12 13,0.00798242,37.9025,No,N/A,N/A,3,N/A,5,N/A,7,8,9,10,3 8,12,13,5 9,3 12,3 13,5 12,5 13
2 3 4 5 9 10 11,0.0456381,16.4235,No,N/A,2,3,4,5,2 4,2 5,3 5,9,10,11,2 10,2 11,3 11,4 11,5 11,2 4 11,2 5 11
3 4 5 9 10 12 13,0.00920806,35.7688,No,N/A,N/A,3,4,5,N/A,3 4,3 5,9,10,N/A,12,13,4 10,3 12,3 13,4 13,5 13
2 3 4 6 8 9 10 11 12 13,0.0169883,30.4451,No,N/A,2,3,4,2 3,6,3 4,8,9,10,11,12,13,2 12,2 13,3 13,4 13,2 3 13
3 4 6 7 9 11 12,0.0182264,28.1587,No,N/A,N/A,3,4,N/A,6,7,N/A,9,3 7,11,12,4 9,3 11,3 12,4 12,6 11,6 12
3 4 5 8 10 11,0.032229,19.964,No,N/A,N/A,3,4,5,N/A,3 4,8,4 5,10,11,4 8,3 10,3 11,4 11,5 11,3 4 10,3 4 11
3 4 5 7 8 9 13,0.0225287,24.652,No,N/A,N/A,3,4,5,N/A,7,8,9,3 7,3 8,3 9,13,5 9,7 8,3 13,4 13,5 13
2 3 5 6 8 10 11,0.0374156,19.2345,No,N/A,2,3,N/A,5,6,2 5,8,3 6,10,11,2 10,2 11,3 11,5 10,5 11,6 11,2 5 11
2 4 5 7 9 10,0.0436759,17.7606,No,N/A,2,N/A,4,5,2 4,7,N/A,9,10,2 9,2 10,4 9,4 10,5 10,2 4 10,7 10,2 7 9
2 3 4 5 7 8 10 11,0.0499454,15.9482,No,N/A,2,3,4,5,2 4,7,8,2 7,10,11,2 10,2 11,3 11,4 11,5 11,2 4 11,7 11
3 5 7 8 9 11 12 13,0.0074725,38.5437,No,N/A,N/A,3,N/A,5,N/A,7,8,9,3 7,11,12,13,3 11,3 12,3 13,5 12,5 13
2 3 4 5 7 10,0.0718471,10.3903,No,N/A,2,3,4,5,2 4,7,3 5,2 7,10,4 7,2 10,3 10,4 10,5 10,2 4 10,7 10,3 5 10
2 4 6 7 8 9 10,0.0407954,18.228,No,N/A,2,N/A,4,N/A,6,7,8,9,10,2 9,2 10,4 9,4 10,6 9,6 10,7 10,8 10
2 3 4 7 8 9 11,0.048692,16.1221,No,N/A,2,3,4,2 3,2 4,7,8,9,2 8,11,3 9,2 11,3 11,4 11,2 3 11,2 4 11,7 11
2 3 4 5 7 8 11 12 13,0.0202684,27.08,No,N/A,2,3,4,5,2 4,7,8,2 7,2 8,11,12,13,2 12,2 13,3 13,4 13,5 13
2 3 4 6 7 8 10 13,0.0326944,19.9745,No,N/A,2,3,4,2 3,6,7,8,2 7,10,3 8,2 10,13,4 10,2 13,3 13,4 13,2 3 13
2 3 4 8 10 13,0.0285107,19.8667,No,N/A,2,3,4,2 3,2 4,3 4,8,2 3 4,10,3 8,2 10,13,4 10,2 13,3 13,4 13,2 3 13
2 3 5 6 7 8 10 11,0.0419758,18.3424,No,N/A,2,3,N/A,5,6,7,8,2 7,10,11,2 10,2 11,3 11,5 10,5 11,6 11,7 11
2 3 4 7 8 9 11 12,0.0294939,22.7921,No,N/A,2,3,4,2 3,2 4,7,8,9,2 8,11,12,2 11,2 12,3 12,4 12,2 3 12,2 4 12
2 3 4 6 7 9 10 11 12 13,0.0164679,31.7505,No,N/A,2,3,4,2 3,6,7,2 6,9,10,11,12,13,2 12,2 13,3 13,4 13,2 3 13
2 3 4 7 8 10 12 13,0.0200376,26.9733,No,N/A,2,3,4,2 3,2 4,7,8,2 7,10,3 8,12,13,2 12,2 13,3 13,4 13,2 3 13
2 4 6 9 10 11 12 13,0.00877361,38.6414,No,N/A,2,N/A,4,N/A,6,N/A,2 6,9,10,11,12,13,2 12,2 13,4 12,4 13,6 12
2 3 6 7 12 13,0.0177941,23.9596,No,N/A,2,3,N/A,2 3,6,7,2 6,2 7,3 7,2 3 6,12,13,2 12,2 13,3 13,2 3 12,2 3 13
2 3 4 6 12,0.0512894,12.3682,No,N/A,2,3,4,2 3,6,3 4,2 6,3 6,4 6,2 3 6,12,3 4 6,2 12,3 12,4 12,2 3 12,6 12
2 3 4 6 10 13,0.0308488,18.9491,No,N/A,2,3,4,2 3,6,3 4,2 6,3 6,10,2 3 6,2 10,13,4 10,2 13,3 13,4 13,2 3 13
2 3 6 7 8 9 10 12,0.026931,22.9522,No,N/A,2,3,N/A,2 3,6,7,8,9,10,2 9,12,3 10,2 12,3 12,6 10,2 3 12,6 12
2 4 6 8 10 12,0.0104348,32.8278,No,N/A,2,N/A,4,N/A,6,N/A,8,N/A,10,N/A,12,N/A,2 12,N/A,4 12,N/A,6 12
2 3 5 6 9 13,0.0319417,18.9608,No,N/A,2,3,N/A,5,6,2 5,2 6,9,2 3 5,2 9,3 9,13,5 9,2 13,3 13,2 6 9,5 13
2 3 4 8 9 12,0.0433476,16.8146,No,N/A,2,3,4,2 3,2 4,3 4,8,9,2 8,2 9,12,4 9,2 12,3 12,4 12,2 3 12,2 4 12
2 4 6 8 9 11 13,0.0140258,30.7019,No,N/A,2,N/A,4,N/A,6,N/A,8,9,2 8,11,4 8,13,6 8,2 13,2 6 8,4 13,4 6 8
2 3 6 7 8 9 10 11 12 13,0.0126771,34.0133,No,N/A,2,3,N/A,2 3,6,7,8,9,10,11,12,13,2 12,2 13,3 13,2 3 12,2 3 13
2 4 5 6 7 8 10 11,0.039815,18.2658,No,N/A,2,N/A,4,5,6,7,8,2 7,10,11,2 10,2 11,4 10,4 11,5 11,6 11,7 11
2 3 4 8 9 10 11 12,0.0252742,24.8428,No,N/A,2,3,4,2 3,2 4,3 4,8,9,10,11,12,2 11,2 12,3 12,4 12,2 3 12,2 4 12
2 4 5 6 11 12 13,0.0128967,28.8115,No,N/A,2,N/A,4,5,6,2 5,2 6,4 5,4 6,11,12,13,2 12,2 13,4 12,4 13,5 13
3 4 5 7 8 10 11 12,0.0183811,28.7655,No,N/A,N/A,3,4,5,N/A,7,8,4 5,10,11,12,3 10,3 11,3 12,4 12,5 12,7 11
2 3 6 7 9 13,0.0259247,20.7263,No,N/A,2,3,N/A,2 3,6,7,2 6,9,3 7,2 9,3 9,13,2 3 9,2 13,3 13,2 6 9,2 3 13
3 4 5 8 9 10 12,0.0215398,25.7646,No,N/A,N/A,3,4,5,N/A,3 4,8,9,10,3 8,12,3 10,4 10,3 12,4 12,5 12,8 10
2 3 5 9 10,0.0536072,13.2188,No,N/A,2,3,N/A,5,N/A,2 5,3 5,9,10,2 9,2 10,3 10,5 9,5 10,2 5 9,2 5 10,3 5 10
2 3 5 9 10 12,0.0297457,21.0629,No,N/A,2,3,N/A,5,N/A,2 5,3 5,9,10,2 9,12,3 10,2 12,3 12,2 5 9,5 12,3 5 10
2 3 5 6 7 8 13,0.0350182,18.7805,No,N/A,2,3,N/A,5,6,7,8,2 7,2 8,3 8,5 7,13,6 8,2 13,3 13,2 7 8,5 13
2 4 5 7 8 9 10,0.0451225,16.8414,No,N/A,2,N/A,4,5,2 4,7,8,9,10,2 9,2 10,4 9,4 10,5 10,2 4 10,7 10,8 10
2 3 4 5 10 12,0.0457985,16.2983,No,N/A,2,3,4,5,2 4,2 5,3 5,4 5,10,2 4 5,12,3 10,2 12,3 12,4 12,5 12,2 4 12
3 5 6 7 9 10,0.0375067,18.185,No,N/A,N/A,3,N/A,5,6,7,3 5,9,10,5 6,3 9,3 10,5 9,5 10,6 10,7 10,3 5 10
2 3 6 7 8 9 10 11 12,0.0201213,27.3448,No,N/A,2,3,N/A,2 3,6,7,8,9,10,11,12,2 11,2 12,3 12,2 3 11,2 3 12,6 12
2 4 5 7 9 11 12 13,0.00829734,41.0572,No,N/A,2,N/A,4,5,2 4,7,N/A,9,N/A,11,12,13,2 12,2 13,4 12,4 13,5 13
2 3 4 5 6 7 8 9 10 12 13,0.029068,22.987,No,N/A,2,3,4,5,6,7,8,9,10,2 9,12,13,2 12,2 13,3 13,4 13,5 13
2 3 6 7 9 10 11 13,0.0157218,29.1941,No,N/A,2,3,N/A,2 3,6,7,2 6,9,10,11,2 10,13,3 11,2 13,3 13,6 11,2 3 13
2 3 4 6 9 12 13,0.0215875,24.4761,No,N/A,2,3,4,2 3,6,3 4,2 6,9,4 6,2 9,12,13,2 12,2 13,3 13,4 13,2 3 13
2 4 7 9 12,0.0278931,21.5296,No,N/A,2,N/A,4,N/A,2 4,7,N/A,9,N/A,2 9,12,4 9,2 12,2 4 9,4 12,N/A,2 4 12
2 3 5 6 7 9 10,0.0557326,14.2301,No,N/A,2,3,N/A,5,6,7,2 6,9,10,2 9,2 10,3 10,5 9,5 10,6 10,7 10,2 6 10
2 3 4 5 6 8 11 12 13,0.0226577,24.7557,No,N/A,2,3,4,5,6,2 5,8,3 6,2 8,11,12,13,2 12,2 13,3 13,4 13,5 13
2 3 4 7 8 11,0.0591834,13.9824,No,N/A,2,3,4,2 3,2 4,7,8,2 7,2 8,11,4 8,2 11,3 11,4 11,2 3 11,2 4 11,7 11
2 4 5 6 7 10 12,0.0359165,19.2438,No,N/A,2,N/A,4,5,6,7,2 6,2 7,10,4 7,12,6 7,2 12,5 10,4 12,5 12,6 12
2 3 4 5 6 10 11,0.0555966,13.4457,No,N/A,2,3,4,5,6,2 5,2 6,3 6,10,11,2 10,2 11,3 11,4 11,5 11,6 11,2 5 11
2 3 5 7 8 10 11,0.0368264,20.6166,No,N/A,2,3,N/A,5,N/A,7,8,2 7,10,11,2 10,2 11,3 11,5 10,5 11,7 10,7 11
2 3 4 5 7 9 12 13,0.0226088,24.239,No,N/A,2,3,4,5,2 4,7,3 5,9,3 7,2 9,12,13,2 12,2 13,3 13,4 13,5 13
2 3 4 5 7 11,0.0628522,11.821,No,N/A,2,3,4,5,2 4,7,3 5,2 7,3 7,11,5 7,2 11,3 11,4 11,5 11,2 4 11,7 11
2 3 4 6 7 9 10 11 13,0.0218795,26.847,No,N/A,2,3,4,2 3,6,7,2 6,9,10,11,2 10,13,3 11,2 13,3 13,4 13,2 3 13
2 4 6 7 8 9 10 11 12 13,0.011275,36.3511,No,N/A,2,N/A,4,N/A,6,7,8,9,10,11,12,13,2 12,2 13,4 12,4 13,6 12
3 5 7 9 10,0.0318535,19.9424,No,N/A,N/A,3,N/A,5,N/A,7,3 5,9,10,N/A,3 9,3 10,5 9,5 10,7 9,7 10,3 5 10
2 3 5 6 10 11,0.0468528,16.0082,No,N/A,2,3,N/A,5,6,2 5,2 6,3 6,10,11,2 10,2 11,3 11,5 10,5 11,6 11,2 5 11
2 3 4 5 6 9 11 12 13,0.020499,26.8103,No,N/A,2,3,4,5,6,2 5,2 6,9,4 6,11,12,13,2 12,2 13,3 13,4 13,5 13
2 3 4 6 8 10 11 12 13,0.0160122,30.7375,No,N/A,2,3,4,2 3,6,3 4,8,3 6,10,11,12,13,2 12,2 13,3 13,4 13,2 3 13
2 4 7 8 11 13,0.0168308,26.4798,No,N/A,2,N/A,4,N/A,2 4,7,8,2 7,2 8,11,4 8,13,2 4 8,2 13,N/A,4 13,7 11
2 3 4 6 8 9 12,0.0432539,16.9017,No,N/A,2,3,4,2 3,6,3 4,8,9,2 8,2 9,12,4 9,2 12,3 12,4 12,2 3 12,6 12
2 3 4 6 8 9 11 12,0.0321268,21.0847,No,N/A,2,3,4,2 3,6,3 4,8,9,2 8,11,12,2 11,2 12,3 12,4 12,2 3 12,6 12
3 4 6 8 9 11 13,0.0154342,28.0962,No,N/A,N/A,3,4,N/A,6,3 4,8,9,4 6,11,3 9,13,3 11,4 11,3 13,4 13,3 4 11
3 5 6 8 9 12,0.0188421,26.3826,No,N/A,N/A,3,N/A,5,6,N/A,8,9,N/A,3 8,12,5 8,5 9,3 12,3 5 8,5 12,6 12
2 3 4 6 9 13,0.0367679,17.6549,No,N/A,2,3,4,2 3,6,3 4,2 6,9,4 6,2 9,3 9,13,2 3 9,2 13,3 13,4 13,2 3 13
2 3 4 5 11 12,0.0377575,17.4948,No,N/A,2,3,4,5,2 4,2 5,3 5,4 5,2 3 5,11,12,2 11,2 12,3 12,4 12,5 12,2 4 12
2 4 6 7 9 11 13,0.0129109,31.4382,No,N/A,2,N/A,4,N/A,6,7,2 6,9,4 6,11,2 4 6,13,N/A,2 13,7 9,4 13,7 11
2 3 4 8 9 13,0.0334558,18.5374,No,N/A,2,3,4,2 3,2 4,3 4,8,9,2 8,2 9,3 9,13,2 3 9,2 13,3 13,4 13,2 3 13
2 3 4 6 7 8 9 11 12 13,0.0199715,28.1753,No,N/A,2,3,4,2 3,6,7,8,9,2 8,11,12,13,2 12,2 13,3 13,4 13,2 3 13
2 4 7 8,0.0948002,9.18117,No,N/A,2,N/A,4,N/A,2 4,7,8,2 7,2 8,4 7,4 8,2 4 7,2 4 8,7 8,N/A,2 7 8,N/A
2 3 4 5 7 9 12,0.0430364,16.5326,No,N/A,2,3,4,5,2 4,7,3 5,9,3 7,2 9,12,4 9,2 12,3 12,4 12,5 12,2 4 12
2 3 4 5 7 8 9 11 12 13,0.0206211,27.9207,No,N/A,2,3,4,5,2 4,7,8,9,2 8,11,12,13,2 12,2 13,3 13,4 13,5 13
2 3 4 5 8 10 12,0.0433758,17.0878,No,N/A,2,3,4,5,2 4,2 5,8,4 5,10,3 8,12,3 10,2 12,3 12,4 12,5 12,2 4 12
3 5 6 7 9,0.0537562,13.2183,No,N/A,N/A,3,N/A,5,6,7,3 5,9,3 7,5 6,3 9,6 7,5 9,6 9,7 9,3 5 9,3 6 9
2 3 5 6 9 10 11 13,0.019448,26.7806,No,N/A,2,3,N/A,5,6,2 5,2 6,9,10,11,2 10,13,3 11,2 13,3 13,6 11,5 13
3 4 5 10 12 13,0.0118371,30.5167,No,N/A,N/A,3,4,5,N/A,3 4,3 5,4 5,10,N/A,12,13,4 10,3 12,3 13,4 13,5 13
2 3 5 6 9 10 12,0.0347203,19.982,No,N/A,2,3,N/A,5,6,2 5,2 6,9,10,2 9,12,3 10,2 12,3 12,6 10,5 12,6 12
3 5 6 8 9,0.0376642,17.4794,No,N/A,N/A,3,N/A,5,6,N/A,8,9,N/A,3 8,3 9,5 8,5 9,6 9,3 5 8,8 9,3 6 9
3 5 6 7 8 9 10 11 12,0.0151956,30.2111,No,N/A,N/A,3,N/A,5,6,7,8,9,10,11,12,3 10,3 11,3 12,5 11,5 12,6 12
2 3 4 7 8 9 11 13,0.0246082,24.3014,No,N/A,2,3,4,2 3,2 4,7,8,9,2 8,11,3 9,13,3 11,2 13,3 13,4 13,2 3 13
3 5 6 7 8 9 12,0.0252114,23.0207,No,N/A,N/A,3,N/A,5,6,7,8,9,3 7,3 8,12,5 8,5 9,3 12,7 9,5 12,6 12
2 3 5 6 8 9 10 12 13,0.0175641,29.2059,No,N/A,2,3,N/A,5,6,2 5,8,9,10,2 9,12,13,2 12,2 13,3 13,5 12,5 13
2 4 6 9 11 12,0.02326,24.3507,No,N/A,2,N/A,4,N/A,6,N/A,2 6,9,4 6,11,12,2 11,2 12,4 11,4 12,6 11,6 12
2 4 7 8 9 10 11 13,0.0121479,32.8718,No,N/A,2,N/A,4,N/A,2 4,7,8,9,10,11,2 10,13,4 10,2 13,2 4 10,4 13,7 11
2 3 5 7 9 10 12,0.0250503,24.3318,No,N/A,2,3,N/A,5,N/A,7,3 5,9,10,2 9,12,3 10,2 12,3 12,7 9,5 12,3 5 10
3 5 6 7 12,0.0355162,17.3324,No,N/A,N/A,3,N/A,5,6,7,3 5,3 6,3 7,5 6,12,6 7,3 5 6,3 12,3 6 7,5 12,6 12
3 5 6 8 9 13,0.0149767,27.7381,No,N/A,N/A,3,N/A,5,6,N/A,8,9,N/A,3 8,3 9,13,5 9,6 9,3 13,8 9,5 13
2 3 4 7 8 9 12 13,0.0214339,25.9412,No,N/A,2,3,4,2 3,2 4,7,8,9,2 8,2 9,12,13,2 12,2 13,3 13,4 13,2 3 13
2 3 4 5 7 9 10 11 13,0.0241401,25.1694,No,N/A,2,3,4,5,2 4,7,3 5,9,10,11,2 10,13,3 11,2 13,3 13,4 13,5 13
2 3 6 7 12,0.0416881,14.6084,No,N/A,2,3,N/A,2 3,6,7,2 6,2 7,3 7,2 3 6,12,6 7,2 12,3 12,3 6 7,2 3 12,6 12
2 3 4 5 7 8 9,0.0726305,10.7158,No,N/A,2,3,4,5,2 4,7,8,9,2 8,2 9,3 9,4 9,5 9,2 4 9,7 9,8 9,2 7 9
2 4 5 6 7 12 13,0.0206481,24.5088,No,N/A,2,N/A,4,5,6,7,2 6,2 7,4 6,4 7,12,13,2 12,2 13,4 12,4 13,5 13
2 3 4 5 6 9 10,0.0666086,11.6553,No,N/A,2,3,4,5,6,2 5,2 6,9,10,2 9,2 10,3 10,4 10,5 10,6 10,2 5 10,2 6 10
3 4 5 6 7 8 9 12 13,0.0179275,27.8911,No,N/A,N/A,3,4,5,6,7,8,9,3 7,3 8,12,13,5 9,3 12,3 13,4 13,5 13
2 3 5 6 8 9 11 13,0.0195416,26.8425,No,N/A,2,3,N/A,5,6,2 5,8,9,2 8,11,3 9,13,3 11,2 13,3 13,6 11,5 13
2 3 5 6 8 9 10 11 12 13,0.0145376,33.0541,No,N/A,2,3,N/A,5,6,2 5,8,9,10,11,12,13,2 12,2 13,3 13,5 12,5 13
2 3 5 6 7 10 12 13,0.0192743,27.3377,No,N/A,2,3,N/A,5,6,7,2 6,2 7,10,5 6,12,13,2 12,2 13,3 13,5 12,5 13
2 4 5 6 7 8 9 10 12 13,0.018623,28.1566,No,N/A,2,N/A,4,5,6,7,8,9,10,2 9,12,13,2 12,2 13,4 12,4 13,5 13
2 4 5 6 7 8 9 11 12,0.0278485,23.276,No,N/A,2,N/A,4,5,6,7,8,9,2 8,11,12,2 11,2 12,4 11,4 12,5 12,6 12
3 4 5 6 7 8 10 12 13,0.0163728,28.7196,No,N/A,N/A,3,4,5,6,7,8,3 6,10,3 8,12,13,4 10,3 12,3 13,4 13,5 13
2 3 4 6 8 9 11 13,0.0253859,23.7493,No,N/A,2,3,4,2 3,6,3 4,8,9,2 8,11,3 9,13,3 11,2 13,3 13,4 13,2 3 13
2 4 5 6 7 8 10 12 13,0.0184971,27.8508,No,N/A,2,N/A,4,5,6,7,8,2 7,10,4 7,12,13,2 12,2 13,4 12,4 13,5 13
2 4 6 8 9 11,0.033199,20.4078,No,N/A,2,N/A,4,N/A,6,N/A,8,9,2 8,11,4 8,2 11,6 8,4 11,2 6 8,6 11,4 6 8
2 4 5 6 7 8 10 13,0.0276349,21.9592,No,N/A,2,N/A,4,5,6,7,8,2 7,10,4 7,2 10,13,4 10,2 13,6 10,4 13,5 13
3 4 6 7 9 10 11,0.0220215,26.881,No,N/A,N/A,3,4,N/A,6,7,N/A,9,10,11,3 9,3 10,3 11,4 11,6 10,6 11,7 11
2 4 5 6 8 9 11,0.0409795,17.8392,No,N/A,2,N/A,4,5,6,2 5,8,9,2 8,11,4 8,2 11,5 9,4 11,5 11,6 11,2 5 11
2 4 5 6 7 9 10 12,0.0309054,21.4757,No,N/A,2,N/A,4,5,6,7,2 6,9,10,2 9,12,4 9,2 12,5 10,4 12,5 12,6 12
2 4 5 6 7 8 10,0.0572771,13.5976,No,N/A,2,N/A,4,5,6,7,8,2 7,10,4 7,2 10,5 8,4 10,5 10,6 10,7 10,8 10
2 3 4 6 9 10,0.0618089,12.9627,No,N/A,2,3,4,2 3,6,3 4,2 6,9,10,2 9,2 10,3 10,4 10,2 3 10,6 10,3 4 10,2 6 10
2 4 5 7 8 9 11 12 13,0.012261,34.3558,No,N/A,2,N/A,4,5,2 4,7,8,9,2 8,11,12,13,2 12,2 13,4 12,4 13,5 13
2 4 5 6 7 8 11,0.0490507,15.4175,No,N/A,2,N/A,4,5,6,7,8,2 7,2 8,11,4 8,2 11,6 8,4 11,5 11,6 11,7 11
3 4 5 7 11 12,0.0202093,24.8813,No,N/A,N/A,3,4,5,N/A,7,3 5,4 5,3 7,11,12,N/A,3 11,3 12,4 12,5 12,7 11
3 4 5 6 7 9 11,0.0415626,17.6968,No,N/A,N/A,3,4,5,6,7,3 5,9,3 7,11,3 9,4 9,3 11,4 11,5 11,6 11,7 11
3 4 5 6 7 12 13,0.017907,25.3594,No,N/A,N/A,3,4,5,6,7,3 5,3 6,3 7,4 7,12,13,3 4 7,3 12,3 13,4 13,5 13
3 4 6 7 8 9 12 13,0.0137193,30.9325,No,N/A,N/A,3,4,N/A,6,7,8,9,3 7,3 8,12,13,6 8,3 12,3 13,4 13,6 12
2 4 5 8 11 12 13,0.0129845,29.9315,No,N/A,2,N/A,4,5,2 4,2 5,8,4 5,2 8,11,12,13,2 12,2 13,4 12,4 13,5 13
3 4 5 8 9 12 13,0.00999211,34.5289,No,N/A,N/A,3,4,5,N/A,3 4,8,9,N/A,3 8,12,13,5 9,3 12,3 13,4 13,5 13
2 4 6 7 9 10 11,0.027008,23.0262,No,N/A,2,N/A,4,N/A,6,7,2 6,9,10,11,2 10,2 11,4 10,4 11,6 10,6 11,7 11
2 3 4 6 7 8 12 13,0.0253841,22.6111,No,N/A,2,3,4,2 3,6,7,8,2 7,2 8,3 8,12,13,2 12,2 13,3 13,4 13,2 3 13
2 3 4 5 8 9 11 12,0.0320678,21.4913,No,N/A,2,3,4,5,2 4,2 5,8,9,2 8,11,12,2 11,2 12,3 12,4 12,5 12,2 4 12
2 4 5 6 7 9 10 11 12,0.0230018,26.1304,No,N/A,2,N/A,4,5,6,7,2 6,9,10,11,12,2 11,2 12,4 11,4 12,5 12,6 12
2 3 4 5 6 11 13,0.0295061,20.1542,No,N/A,2,3,4,5,6,2 5,2 6,3 6,4 6,11,2 4 6,13,3 11,2 13,3 13,4 13,5 13
2 3 5 8 9 12 13,0.0169233,27.9439,No,N/A,2,3,N/A,5,N/A,2 5,8,9,2 8,2 9,12,13,2 12,2 13,3 13,5 12,5 13
3 4 5 7 10 13,0.0211831,23.0234,No,N/A,N/A,3,4,5,N/A,7,3 5,4 5,10,4 7,5 7,13,4 10,5 10,3 13,4 13,5 13
2 4 5 6 7 9 10 12 13,0.0165646,29.491,No,N/A,2,N/A,4,5,6,7,2 6,9,10,2 9,12,13,2 12,2 13,4 12,4 13,5 13
2 3 5 7 11 13,0.0225251,22.5566,No,N/A,2,3,N/A,5,N/A,7,3 5,2 7,3 7,11,5 7,13,3 11,2 13,3 13,2 3 5 7,5 13
3 4 6 8 12,0.0368424,17.3045,No,N/A,N/A,3,4,N/A,6,3 4,8,3 6,4 6,3 8,12,3 4 6,6 8,3 12,4 12,3 6 8,6 12
2 3 4 5 7 8 10 12,0.0426004,17.7843,No,N/A,2,3,4,5,2 4,7,8,2 7,10,3 8,12,3 10,2 12,3 12,4 12,5 12,2 4 12
2 4 5 6 7 9 13,0.0310182,20.6087,No,N/A,2,N/A,4,5,6,7,2 6,9,4 6,2 9,5 7,13,5 9,2 13,7 9,4 13,5 13
3 4 5 10 13,0.0232723,22.03,No,N/A,N/A,3,4,5,N/A,3 4,3 5,4 5,10,N/A,3 4 5,13,4 10,5 10,3 13,4 13,5 13
3 4 5 7 10,0.0514823,13.3005,No,N/A,N/A,3,4,5,N/A,7,3 5,4 5,10,4 7,5 7,3 10,4 10,5 10,4 5 7,7 10,3 5 10
3 4 6 8,0.0951221,9.16845,No,N/A,N/A,3,4,N/A,6,3 4,8,3 6,4 6,3 8,4 8,3 4 6,6 8,3 4 8,N/A,3 6 8,4 6 8
2 4 5 6 7 10 13,0.0289806,20.9265,No,N/A,2,N/A,4,5,6,7,2 6,2 7,10,4 7,2 10,13,4 10,2 13,6 10,4 13,5 13
2 4 5 7 8 9 12,0.0314577,21.0537,No,N/A,2,N/A,4,5,2 4,7,8,9,2 8,2 9,12,4 9,2 12,2 4 9,4 12,5 12,2 4 12
2 3 4 5 6 7 10 13,0.0393741,17.6056,No,N/A,2,3,4,5,6,7,2 6,2 7,10,4 7,2 10,13,4 10,2 13,3 13,4 13,5 13
3 4 6 7 8 10 12,0.0250894,23.3853,No,N/A,N/A,3,4,N/A,6,7,8,3 6,10,3 8,12,3 10,4 10,3 12,4 12,7 10,6 12
2 3 6 7 9 10 11 12 13,0.0111138,35.0259,No,N/A,2,3,N/A,2 3,6,7,2 6,9,10,11,12,13,2 12,2 13,3 13,2 3 12,2 3 13
2 4 7 10,0.0787466,12.0896,No,N/A,2,N/A,4,N/A,2 4,7,N/A,2 7,10,4 7,2 10,2 4 7,4 10,N/A,2 4 10,7 10,N/A
2 4 5 6 7 10,0.0682862,12.2268,No,N/A,2,N/A,4,5,6,7,2 6,2 7,10,4 7,2 10,6 7,4 10,5 10,6 10,7 10,2 6 10
3 4 5 8 9 10 12 13,0.0105921,35.0184,No,N/A,N/A,3,4,5,N/A,3 4,8,9,10,3 8,12,13,4 10,3 12,3 13,4 13,5 13
2 4 5 7 8 10 11,0.0374064,18.9688,No,N/A,2,N/A,4,5,2 4,7,8,2 7,10,11,2 10,2 11,4 10,4 11,5 11,2 4 11,7 11
2 3 4 5 6 7 8 10 12,0.0492578,15.8794,No,N/A,2,3,4,5,6,7,8,2 7,10,3 8,12,3 10,2 12,3 12,4 12,5 12,6 12
2 4 5 6 7 8,0.0771451,10.3163,No,N/A,2,N/A,4,5,6,7,8,2 7,2 8,4 7,4 8,5 8,6 8,7 8,2 6 8,2 7 8,4 6 8
2 3 4 8 12,0.0424777,13.7263,No,N/A,2,3,4,2 3,2 4,3 4,8,2 3 4,2 8,3 8,12,2 3 8,2 12,3 12,4 12,2 3 12,2 4 12
2 4 5 6 8 9 10 11,0.0332346,20.6184,No,N/A,2,N/A,4,5,6,2 5,8,9,10,11,2 10,2 11,4 10,4 11,5 11,6 11,2 5 11
2 3 4 6 10 11 12 13,0.0151548,30.0437,No,N/A,2,3,4,2 3,6,3 4,2 6,3 6,10,11,12,13,2 12,2 13,3 13,4 13,2 3 13
2 4 5 6 8 13,0.0343777,18.2287,No,N/A,2,N/A,4,5,6,2 5,8,4 5,2 8,5 6,4 8,13,6 8,2 13,2 6 8,4 13,5 13
2 3 5 7 9 10 13,0.0230962,24.6273,No,N/A,2,3,N/A,5,N/A,7,3 5,9,10,2 9,2 10,13,5 9,2 13,3 13,7 10,5 13
2 4 5 6 7 9 11 12 13,0.0137465,32.8859,No,N/A,2,N/A,4,5,6,7,2 6,9,4 6,11,12,13,2 12,2 13,4 12,4 13,5 13
2 3 4 5 8 12,0.0542293,13.9443,No,N/A,2,3,4,5,2 4,2 5,8,4 5,2 8,3 8,12,5 8,2 12,3 12,4 12,5 12,2 4 12
2 4 5 7 9 10 12,0.023244,25.7542,No,N/A,2,N/A,4,5,2 4,7,N/A,9,10,2 9,12,4 9,2 12,5 10,4 12,5 12,2 4 12
2 4 5 6 8 10,0.0562908,14.3704,No,N/A,2,N/A,4,5,6,2 5,8,4 5,10,5 6,2 10,5 8,4 10,5 10,6 10,2 5 10,8 10
2 4 6 7 12,0.0397421,15.5888,No,N/A,2,N/A,4,N/A,6,7,2 6,2 7,4 6,4 7,12,6 7,2 12,2 6 7,4 12,4 6 7,6 12
2 3 4 5 7 8 11 13,0.0300316,21.0514,No,N/A,2,3,4,5,2 4,7,8,2 7,2 8,11,4 8,13,3 11,2 13,3 13,4 13,5 13
3 4 5 6 7 8 10 11 12,0.0233364,24.8873,No,N/A,N/A,3,4,5,6,7,8,3 6,10,11,12,3 10,3 11,3 12,4 12,5 12,6 12
2 4 5 6 7 9 10 11,0.0354873,20.2777,No,N/A,2,N/A,4,5,6,7,2 6,9,10,11,2 10,2 11,4 10,4 11,5 11,6 11,7 11
2 4 5 6 8,0.084843,9.44238,No,N/A,2,N/A,4,5,6,2 5,8,4 5,2 8,5 6,4 8,5 8,6 8,2 5 8,2 6 8,4 5 8,4 6 8
2 3 6 7 8 10,0.0570367,14.2777,No,N/A,2,3,N/A,2 3,6,7,8,2 7,10,3 8,2 10,3 10,6 8,2 3 10,6 10,7 10,8 10
3 4 5 6 7 9,0.0695046,12.1405,No,N/A,N/A,3,4,5,6,7,3 5,9,3 7,4 7,3 9,4 9,5 9,6 9,7 9,3 5 9,3 6 9
3 4 6 7 10 12 13,0.00992353,33.6528,No,N/A,N/A,3,4,N/A,6,7,N/A,3 6,10,4 7,12,13,4 10,3 12,3 13,4 13,6 12
3 5 6 7 10 13,0.0174965,24.8768,No,N/A,N/A,3,N/A,5,6,7,3 5,3 6,10,5 6,5 7,13,3 5 6,5 10,3 13,7 10,5 13
2 3 5 7 9 12,0.0307891,21.1676,No,N/A,2,3,N/A,5,N/A,7,3 5,9,3 7,2 9,12,N/A,2 12,3 12,7 9,5 12,2 7 9
2 3 4 5 6 7 8 12,0.0577355,13.6143,No,N/A,2,3,4,5,6,7,8,2 7,2 8,3 8,12,5 8,2 12,3 12,4 12,5 12,6 12
2 4 5 6 9 10 11 13,0.0158551,29.3982,No,N/A,2,N/A,4,5,6,2 5,2 6,9,10,11,2 10,13,4 10,2 13,5 11,4 13,5 13
2 4 5 6 9 11 13,0.0185592,26.4286,No,N/A,2,N/A,4,5,6,2 5,2 6,9,4 6,11,2 4 6,13,5 9,2 13,5 11,4 13,5 13
2 4 5 6 9 11,0.0447377,16.7178,No,N/A,2,N/A,4,5,6,2 5,2 6,9,4 6,11,2 4 6,2 11,5 9,4 11,5 11,6 11,2 5 11
2 3 5 6 7 9 11,0.0476259,16.0514,No,N/A,2,3,N/A,5,6,7,2 6,9,3 7,11,3 9,2 11,3 11,6 9,5 11,6 11,7 11
3 5 7 8 9 10 11 12,0.0119296,33.4146,No,N/A,N/A,3,N/A,5,N/A,7,8,9,10,11,12,3 10,3 11,3 12,5 11,5 12,7 11
2 4 5 6 9 12 13,0.0176777,26.0166,No,N/A,2,N/A,4,5,6,2 5,2 6,9,4 6,2 9,12,13,2 12,2 13,4 12,4 13,5 13
2 4 5 6 10 11 13,0.0168402,26.3673,No,N/A,2,N/A,4,5,6,2 5,2 6,4 5,10,11,2 10,13,4 10,2 13,5 11,4 13,5 13
3 5 6 7 8 9 10,0.0350916,19.3432,No,N/A,N/A,3,N/A,5,6,7,8,9,10,3 8,3 9,3 10,5 9,5 10,6 10,7 10,8 10
2 4 5 6 8 9 11 12,0.0261183,23.3013,No,N/A,2,N/A,4,5,6,2 5,8,9,2 8,11,12,2 11,2 12,4 11,4 12,5 12,6 12
2 4 5 6 10 12 13,0.0157473,27.213,No,N/A,2,N/A,4,5,6,2 5,2 6,4 5,10,5 6,12,13,2 12,2 13,4 12,4 13,5 13
2 4 6 8 9 11 12 13,0.0100862,36.5653,No,N/A,2,N/A,4,N/A,6,N/A,8,9,2 8,11,12,13,2 12,2 13,4 12,4 13,6 12
3 4 6 7 9 10 11 13,0.0100485,36.9916,No,N/A,N/A,3,4,N/A,6,7,N/A,9,10,11,3 9,13,3 11,4 11,3 13,4 13,7 11
3 4 6 8 13,0.030346,18.7126,No,N/A,N/A,3,4,N/A,6,3 4,8,3 6,4 6,3 8,4 8,13,6 8,3 4 8,3 13,4 13,4 6 8
2 3 4 5 7 9 13,0.0341262,18.1472,No,N/A,2,3,4,5,2 4,7,3 5,9,3 7,2 9,3 9,13,5 9,2 13,3 13,4 13,5 13
2 4 5 6 12 13,0.0182343,22.8118,No,N/A,2,N/A,4,5,6,2 5,2 6,4 5,4 6,5 6,12,13,2 12,2 13,4 12,4 13,5 13
2 3 4 5 7 10 12 13,0.0219849,25.3324,No,N/A,2,3,4,5,2 4,7,3 5,2 7,10,4 7,12,13,2 12,2 13,3 13,4 13,5 13
2 4 6 7 9 11 12,0.0208509,25.5495,No,N/A,2,N/A,4,N/A,6,7,2 6,9,4 6,11,12,2 11,2 12,4 11,4 12,6 11,6 12
2 4 5 7 9 10 11 12,0.0168301,31.5589,No,N/A,2,N/A,4,5,2 4,7,N/A,9,10,11,12,2 11,2 12,4 11,4 12,5 12,2 4 12
2 4 5 8 9 10 12 13,0.0130942,31.5764,No,N/A,2,N/A,4,5,2 4,2 5,8,9,10,2 9,12,13,2 12,2 13,4 12,4 13,5 13
3 4 5 7 13,0.0283343,17.6483,No,N/A,N/A,3,4,5,N/A,7,3 5,4 5,3 7,4 7,5 7,13,3 4 7,3 5 7,3 13,4 13,5 13
2 3 4 6 7 12 13,0.0257152,22.2223,No,N/A,2,3,4,2 3,6,7,2 6,2 7,3 7,4 7,12,13,2 12,2 13,3 13,4 13,2 3 13
2 4 5 7 9 11 13,0.0127758,32.9874,No,N/A,2,N/A,4,5,2 4,7,N/A,9,N/A,11,5 7,13,5 9,2 13,5 11,4 13,5 13
2 4 5 7 9 13,0.0210401,24.5521,No,N/A,2,N/A,4,5,2 4,7,N/A,9,N/A,2 9,5 7,13,5 9,2 13,7 9,4 13,5 13
2 3 5 9 11 12,0.0248515,22.6754,No,N/A,2,3,N/A,5,N/A,2 5,3 5,9,2 3 5,11,12,2 11,2 12,3 12,5 11,5 12,2 5 11
2 4 5 7 10 11 12 13,0.010173,36.3881,No,N/A,2,N/A,4,5,2 4,7,N/A,2 7,10,11,12,13,2 12,2 13,4 12,4 13,5 13
2 4 6 8 9 10 12,0.0178624,28.8017,No,N/A,2,N/A,4,N/A,6,N/A,8,9,10,2 9,12,4 9,2 12,6 9,4 12,8 9,6 12
2 4 5 7 10 11,0.0356648,19.6727,No,N/A,2,N/A,4,5,2 4,7,N/A,2 7,10,11,2 10,2 11,4 10,4 11,5 11,2 4 11,7 11
2 3 4 5 7 9 11,0.0487437,15.4697,No,N/A,2,3,4,5,2 4,7,3 5,9,3 7,11,3 9,2 11,3 11,4 11,5 11,2 4 11,7 11
3 4 6 8 9,0.0546257,13.3529,No,N/A,N/A,3,4,N/A,6,3 4,8,9,4 6,3 8,3 9,4 9,6 8,6 9,3 4 9,8 9,3 6 9
2 3 5 6 8 11 12 13,0.0140759,30.2871,No,N/A,2,3,N/A,5,6,2 5,8,3 6,2 8,11,12,13,2 12,2 13,3 13,5 12,5 13
2 4 5 7 10 12 13,0.0133387,30.5072,No,N/A,2,N/A,4,5,2 4,7,N/A,2 7,10,4 7,12,13,2 12,2 13,4 12,4 13,5 13
2 3 4 5 8,0.100312,7.63714,No,N/A,2,3,4,5,2 4,2 5,8,4 5,2 8,3 8,4 8,5 8,2 4 8,2 5 8,3 5 8,4 5 8,2 3 5 8
2 3 4 8 11 13,0.023573,21.4788,No,N/A,2,3,4,2 3,2 4,3 4,8,2 3 4,2 8,11,4 8,13,3 11,2 13,3 13,4 13,2 3 13
2 4 5 7 10 12,0.0275919,21.7902,No,N/A,2,N/A,4,5,2 4,7,N/A,2 7,10,4 7,12,2 4 7,2 12,5 10,4 12,5 12,2 4 12
2 3 5 6 7 12 13,0.0247327,22.9705,No,N/A,2,3,N/A,5,6,7,2 6,2 7,3 7,5 6,12,13,2 12,2 13,3 13,5 12,5 13
2 4 5 8 9 10 11 12 13,0.0113941,34.6331,No,N/A,2,N/A,4,5,2 4,2 5,8,9,10,11,12,13,2 12,2 13,4 12,4 13,5 13
3 4 5 8 10,0.0498516,13.9577,No,N/A,N/A,3,4,5,N/A,3 4,8,4 5,10,3 8,4 8,3 10,4 10,5 10,3 5 8,3 4 10,8 10
2 4 5 8 9 10 13,0.0201595,25.2253,No,N/A,2,N/A,4,5,2 4,2 5,8,9,10,2 9,2 10,13,4 10,2 13,2 4 10,4 13,5 13
2 4 5 8 9 12,0.0324782,19.1893,No,N/A,2,N/A,4,5,2 4,2 5,8,9,2 8,2 9,12,4 9,2 12,2 4 9,4 12,5 12,2 4 12
3 4 6 7 8 9 11 13,0.0159812,28.9297,No,N/A,N/A,3,4,N/A,6,7,8,9,3 7,11,3 9,13,3 11,4 11,3 13,4 13,7 11
3 4 5 7 8 9 10 12 13,0.0128725,33.9379,No,N/A,N/A,3,4,5,N/A,7,8,9,10,3 8,12,13,4 10,3 12,3 13,4 13,5 13
2 3 6 7 8 12 13,0.0185559,25.6015,No,N/A,2,3,N/A,2 3,6,7,8,2 7,2 8,3 8,12,13,2 12,2 13,3 13,2 3 12,2 3 13
2 4 5 8 9 11,0.0403661,17.603,No,N/A,2,N/A,4,5,2 4,2 5,8,9,2 8,11,4 8,2 11,5 9,4 11,5 11,2 4 11,2 5 11
2 4 6 7 8 9 10 11,0.0276704,23.256,No,N/A,2,N/A,4,N/A,6,7,8,9,10,11,2 10,2 11,4 10,4 11,6 10,6 11,7 11
3 4 5 6 8 9,0.0649531,13.0203,No,N/A,N/A,3,4,5,6,3 4,8,9,4 6,3 8,3 9,4 9,5 9,6 9,3 4 9,8 9,3 6 9
2 3 5 6 8 9 11,0.0389783,18.4437,No,N/A,2,3,N/A,5,6,2 5,8,9,2 8,11,3 9,2 11,3 11,6 9,5 11,6 11,2 5 11
2 3 4 6 7 8 12,0.0480449,15.1446,No,N/A,2,3,4,2 3,6,7,8,2 7,2 8,3 8,12,2 3 8,2 12,3 12,4 12,2 3 12,6 12
2 4 6 7 8 9 12 13,0.0151245,29.5409,No,N/A,2,N/A,4,N/A,6,7,8,9,2 8,2 9,12,13,2 12,2 13,4 12,4 13,6 12
2 3 4 5 6 7 8 10,0.0745887,10.7341,No,N/A,2,3,4,5,6,7,8,2 7,10,3 8,2 10,3 10,4 10,5 10,6 10,7 10,8 10
2 4 5 6 8 9 10 12 13,0.0159973,29.9516,No,N/A,2,N/A,4,5,6,2 5,8,9,10,2 9,12,13,2 12,2 13,4 12,4 13,5 13
2 3 4 5 7 8 9 10 12 13,0.0235032,26.0658,No,N/A,2,3,4,5,2 4,7,8,9,10,2 9,12,13,2 12,2 13,3 13,4 13,5 13
2 4 5 6 8 11 12 13,0.0141645,29.826,No,N/A,2,N/A,4,5,6,2 5,8,4 5,2 8,11,12,13,2 12,2 13,4 12,4 13,5 13
2 3 5 8 9 13,0.0270164,20.9989,No,N/A,2,3,N/A,5,N/A,2 5,8,9,2 8,2 9,3 9,13,5 9,2 13,3 13,8 9,5 13
2 4 6 7 8 10 12,0.0228483,25.2943,No,N/A,2,N/A,4,N/A,6,7,8,2 7,10,4 7,12,6 7,2 12,7 8,4 12,7 10,6 12
3 4 6 7 10 11 13,0.00912996,36.2159,No,N/A,N/A,3,4,N/A,6,7,N/A,3 6,10,11,N/A,13,3 11,4 11,3 13,4 13,7 11
2 4 6 7 9 10 11 12 13,0.00973642,37.082,No,N/A,2,N/A,4,N/A,6,7,2 6,9,10,11,12,13,2 12,2 13,4 12,4 13,6 12
2 4 6 7 9 10 11 12,0.0178555,28.5076,No,N/A,2,N/A,4,N/A,6,7,2 6,9,10,11,12,2 11,2 12,4 11,4 12,6 11,6 12
2 4 5 6 8 11,0.0506243,15.1873,No,N/A,2,N/A,4,5,6,2 5,8,4 5,2 8,11,4 8,2 11,6 8,4 11,5 11,6 11,2 5 11
2 4 6 7 8 9 13,0.0227289,24.1148,No,N/A,2,N/A,4,N/A,6,7,8,9,2 8,2 9,4 8,13,6 8,2 13,7 9,4 13,2 7 9
2 4 6 7 10 11 12 13,0.00976422,35.0492,No,N/A,2,N/A,4,N/A,6,7,2 6,2 7,10,11,12,13,2 12,2 13,4 12,4 13,6 12
2 3 4 6 7 11,0.062116,12.826,No,N/A,2,3,4,2 3,6,7,2 6,2 7,3 7,11,2 3 7,2 11,3 11,4 11,2 3 11,6 11,7 11
3 4 5 6 7 8 9 13,0.0275391,21.8596,No,N/A,N/A,3,4,5,6,7,8,9,3 7,3 8,3 9,13,5 9,6 9,3 13,4 13,5 13
2 4 6 7 10 11 12,0.0191799,26.4419,No,N/A,2,N/A,4,N/A,6,7,2 6,2 7,10,11,12,2 11,2 12,4 11,4 12,6 11,6 12
2 4 6 7 10 11 13,0.0138704,29.2546,No,N/A,2,N/A,4,N/A,6,7,2 6,2 7,10,11,2 10,13,4 10,2 13,6 10,4 13,7 11
2 3 4 5 6 9 11 13,0.0291406,21.3089,No,N/A,2,3,4,5,6,2 5,2 6,9,4 6,11,3 9,13,3 11,2 13,3 13,4 13,5 13
2 4 7 9 11 13,0.00782129,35.5192,No,N/A,2,N/A,4,N/A,2 4,7,N/A,9,N/A,11,N/A,13,N/A,2 13,7 9,4 13,7 11
2 3 4 5 7 8 9 10 11 12,0.0322582,22.2734,No,N/A,2,3,4,5,2 4,7,8,9,10,11,12,2 11,2 12,3 12,4 12,5 12,2 4 12
3 4 6 8 9 11,0.0325062,19.7999,No,N/A,N/A,3,4,N/A,6,3 4,8,9,4 6,11,3 9,4 9,3 11,4 11,3 4 9,6 11,3 4 11
2 4 6 7 10 11,0.0327388,19.5828,No,N/A,2,N/A,4,N/A,6,7,2 6,2 7,10,11,2 10,2 11,4 10,4 11,6 10,6 11,7 11
3 4 5 6 7 8 10 12,0.0317097,20.5973,No,N/A,N/A,3,4,5,6,7,8,3 6,10,3 8,12,3 10,4 10,3 12,4 12,5 12,6 12
2 4 6 7 8 9 12,0.0314942,20.8407,No,N/A,2,N/A,4,N/A,6,7,8,9,2 8,2 9,12,4 9,2 12,6 9,4 12,8 9,6 12
2 3 6 7 8 11,0.0463231,16.3453,No,N/A,2,3,N/A,2 3,6,7,8,2 7,2 8,11,2 3 7,2 11,3 11,7 8,2 3 11,6 11,7 11
2 3 4 5 6 7,0.0888377,7.28742,No,N/A,2,3,4,5,6,7,2 6,2 7,3 7,4 7,5 7,6 7,2 5 7,2 6 7,3 6 7,4 6 7,5 6 7
2 4 6 7 11 12 13,0.0115422,31.1574,No,N/A,2,N/A,4,N/A,6,7,2 6,2 7,4 6,11,12,13,2 12,2 13,4 12,4 13,6 12
2 4 6 7 11 13,0.0159346,26.764,No,N/A,2,N/A,4,N/A,6,7,2 6,2 7,4 6,11,2 4 6,13,N/A,2 13,N/A,4 13,7 11
2 4 5 6 7 8 9 10 13,0.0260937,23.2958,No,N/A,2,N/A,4,5,6,7,8,9,10,2 9,2 10,13,4 10,2 13,6 10,4 13,5 13
2 3 4 5 6 7 8 11,0.0666431,12.1861,No,N/A,2,3,4,5,6,7,8,2 7,2 8,11,4 8,2 11,3 11,4 11,5 11,6 11,7 11
2 4 5 6 7 10 11,0.0403575,18.1227,No,N/A,2,N/A,4,5,6,7,2 6,2 7,10,11,2 10,2 11,4 10,4 11,5 11,6 11,7 11
2 4 5 8 9 11 13,0.0178845,27.0501,No,N/A,2,N/A,4,5,2 4,2 5,8,9,2 8,11,4 8,13,5 9,2 13,5 11,4 13,5 13
2 4 6 8 9 10 12 13,0.0100501,36.7625,No,N/A,2,N/A,4,N/A,6,N/A,8,9,10,2 9,12,13,2 12,2 13,4 12,4 13,6 12
2 3 4 5 6 8 11,0.0645042,11.8612,No,N/A,2,3,4,5,6,2 5,8,3 6,2 8,11,4 8,2 11,3 11,4 11,5 11,6 11,2 5 11
2 4 6 8 9 10 13,0.0167135,28.5703,No,N/A,2,N/A,4,N/A,6,N/A,8,9,10,2 9,2 10,13,4 10,2 13,6 10,4 13,8 10
2 4 6 8 9 10,0.0359617,19.7442,No,N/A,2,N/A,4,N/A,6,N/A,8,9,10,2 9,2 10,4 9,4 10,6 9,6 10,8 9,8 10
3 4 5 8 9 12,0.0234884,23.898,No,N/A,N/A,3,4,5,N/A,3 4,8,9,N/A,3 8,12,4 9,5 9,3 12,4 12,5 12,4 5 9
2 3 6 7 11 12,0.0292982,20.0524,No,N/A,2,3,N/A,2 3,6,7,2 6,2 7,3 7,11,12,2 11,2 12,3 12,2 3 11,2 3 12,6 12
2 3 4 6 7 8 10 12 13,0.0218976,25.7299,No,N/A,2,3,4,2 3,6,7,8,2 7,10,3 8,12,13,2 12,2 13,3 13,4 13,2 3 13
2 3 4 6 10 11 12,0.0292411,21.5841,No,N/A,2,3,4,2 3,6,3 4,2 6,3 6,10,11,12,2 11,2 12,3 12,4 12,2 3 12,6 12
2 3 5 6 9 11,0.0460051,16.2588,No,N/A,2,3,N/A,5,6,2 5,2 6,9,2 3 5,11,3 9,2 11,3 11,6 9,5 11,6 11,2 5 11
2 4 6 8 11 12,0.0185854,26.5724,No,N/A,2,N/A,4,N/A,6,N/A,8,N/A,2 8,11,12,2 11,2 12,4 11,4 12,6 11,6 12
2 4 5 6 8 10 11,0.0370211,18.9052,No,N/A,2,N/A,4,5,6,2 5,8,4 5,10,11,2 10,2 11,4 10,4 11,5 11,6 11,2 5 11
3 4 5 9 11,0.0342674,18.1451,No,N/A,N/A,3,4,5,N/A,3 4,3 5,9,N/A,11,3 9,4 9,3 11,4 11,5 11,3 5 9,3 4 11
2 4 7 8 9 11,0.0303948,20.648,No,N/A,2,N/A,4,N/A,2 4,7,8,9,2 8,11,4 8,2 11,2 4 8,4 11,7 9,2 4 11,7 11
2 3 4 6 7 8 10 11,0.0462014,16.739,No,N/A,2,3,4,2 3,6,7,8,2 7,10,11,2 10,2 11,3 11,4 11,2 3 11,6 11,7 11
2 3 5 7 8 9,0.0654009,13.3336,No,N/A,2,3,N/A,5,N/A,7,8,9,2 8,2 9,3 9,5 8,5 9,7 8,7 9,8 9,2 7 9
2 3 5 7 8 9 11 12,0.0260513,25.2772,No,N/A,2,3,N/A,5,N/A,7,8,9,2 8,11,12,2 11,2 12,3 12,5 11,5 12,7 11
3 5 7 8 10 11,0.0212649,25.8629,No,N/A,N/A,3,N/A,5,N/A,7,8,N/A,10,11,5 7,3 10,3 11,5 10,5 11,7 10,7 11
2 4 6 9 10 11 13,0.0122851,32.3114,No,N/A,2,N/A,4,N/A,6,N/A,2 6,9,10,11,2 10,13,4 10,2 13,6 10,4 13,2 6 10
2 4 5 6 7 8 11 12,0.0298413,21.5657,No,N/A,2,N/A,4,5,6,7,8,2 7,2 8,11,12,2 11,2 12,4 11,4 12,5 12,6 12
3 4 5 6 8,0.0774158,9.99094,No,N/A,N/A,3,4,5,6,3 4,8,3 6,4 6,3 8,4 8,5 8,6 8,3 4 8,3 5 8,3 6 8,4 6 8
3 4 5 7 8 13,0.0260616,20.7972,No,N/A,N/A,3,4,5,N/A,7,8,4 5,3 7,3 8,4 8,13,3 4 7,7 8,3 13,4 13,5 13
2 3 4 6 8 12 13,0.0240465,23.0302,No,N/A,2,3,4,2 3,6,3 4,8,3 6,2 8,3 8,12,13,2 12,2 13,3 13,4 13,2 3 13
2 3 4 5 7 8,0.0765327,8.96779,No,N/A,2,3,4,5,2 4,7,8,2 7,2 8,3 8,4 8,5 8,2 4 8,7 8,3 5 8,2 7 8,3 7 8
2 3 4 6 11 13,0.0274776,20.2716,No,N/A,2,3,4,2 3,6,3 4,2 6,3 6,4 6,11,2 4 6,13,3 11,2 13,3 13,4 13,2 3 13
2 4 6 9 10 12,0.0219553,24.2522,No,N/A,2,N/A,4,N/A,6,N/A,2 6,9,10,2 9,12,4 9,2 12,6 9,4 12,2 6 9,6 12
2 3 5 6 11 13,0.0187448,24.0785,No,N/A,2,3,N/A,5,6,2 5,2 6,3 6,2 3 5,11,N/A,13,3 11,2 13,3 13,6 11,5 13
2 4 6 9 11 12 13,0.0107811,34.3316,No,N/A,2,N/A,4,N/A,6,N/A,2 6,9,4 6,11,12,13,2 12,2 13,4 12,4 13,6 12
2 4 6 9 12 13,0.0160776,27.5425,No,N/A,2,N/A,4,N/A,6,N/A,2 6,9,4 6,2 9,12,13,2 12,2 13,4 12,4 13,6 12
2 4 7 8 9 10 11 12,0.0152882,30.1193,No,N/A,2,N/A,4,N/A,2 4,7,8,9,10,11,12,2 11,2 12,4 11,4 12,2 4 11,2 4 12
3 4 5 6 7 8 10,0.054678,14.0885,No,N/A,N/A,3,4,5,6,7,8,3 6,10,3 8,4 8,3 10,4 10,5 10,6 10,7 10,8 10
2 4 6 7 8 10 13,0.021207,25.0187,No,N/A,2,N/A,4,N/A,6,7,8,2 7,10,4 7,2 10,13,4 10,2 13,6 10,4 13,8 10
2 4 5 8 9 11 12 13,0.0116185,33.3317,No,N/A,2,N/A,4,5,2 4,2 5,8,9,2 8,11,12,13,2 12,2 13,4 12,4 13,5 13
2 4 5 6 7 8 9 10 11 12,0.0257727,24.3486,No,N/A,2,N/A,4,5,6,7,8,9,10,11,12,2 11,2 12,4 11,4 12,5 12,6 12
3 4 6 8 10 11 13,0.0133551,29.7766,No,N/A,N/A,3,4,N/A,6,3 4,8,3 6,10,11,4 8,13,3 11,4 11,3 13,4 13,3 4 11
2 4 6 9 10 12 13,0.0107918,33.3404,No,N/A,2,N/A,4,N/A,6,N/A,2 6,9,10,2 9,12,13,2 12,2 13,4 12,4 13,6 12
2 4 7 8 9 10 12,0.0206633,25.6667,No,N/A,2,N/A,4,N/A,2 4,7,8,9,10,2 9,12,4 9,2 12,2 4 9,4 12,7 10,2 4 12
3 5 6 7 9 10 11 13,0.0113429,32.4431,No,N/A,N/A,3,N/A,5,6,7,3 5,9,10,11,3 9,13,3 11,5 10,3 13,6 11,5 13
2 3 4 6 8 10 13,0.0309426,20.3766,No,N/A,2,3,4,2 3,6,3 4,8,3 6,10,3 8,2 10,13,4 10,2 13,3 13,4 13,2 3 13
2 4 7 8 10 11 12 13,0.00934705,36.0519,No,N/A,2,N/A,4,N/A,2 4,7,8,2 7,10,11,12,13,2 12,2 13,4 12,4 13,2 4 12
2 4 7 8 10 12 13,0.0127517,31.0232,No,N/A,2,N/A,4,N/A,2 4,7,8,2 7,10,4 7,12,13,2 12,2 13,4 12,4 13,2 4 12
3 5 6 9 10 12,0.02002,25.33,No,N/A,N/A,3,N/A,5,6,N/A,3 5,9,10,5 6,12,3 10,5 9,3 12,6 10,5 12,6 12
2 3 4 5 6 8 10,0.0740287,10.3915,No,N/A,2,3,4,5,6,2 5,8,3 6,10,3 8,2 10,3 10,4 10,5 10,6 10,2 5 10,8 10
2 3 6 10 12,0.0378991,17.8126,No,N/A,2,3,N/A,2 3,6,N/A,2 6,3 6,10,2 3 6,12,3 10,2 12,3 12,6 10,2 3 12,6 12
2 4 5 6 7 11,0.05611,14.5381,No,N/A,2,N/A,4,5,6,7,2 6,2 7,4 6,11,5 7,2 11,2 5 7,4 11,5 11,6 11,7 11
2 3 5 6 7 8,0.0761846,10.1325,No,N/A,2,3,N/A,5,6,7,8,2 7,2 8,3 8,5 7,5 8,6 8,7 8,2 6 8,2 7 8,3 7 8
2 4 7 8 11 12,0.0218518,23.7794,No,N/A,2,N/A,4,N/A,2 4,7,8,2 7,2 8,11,12,2 11,2 12,4 11,4 12,2 4 11,2 4 12
2 4 7 9 10 12,0.0218913,25.0844,No,N/A,2,N/A,4,N/A,2 4,7,N/A,9,10,2 9,12,4 9,2 12,2 4 9,4 12,7 10,2 4 12
2 3 4 5 9 10 11 12 13,0.0166753,30.3919,No,N/A,2,3,4,5,2 4,2 5,3 5,9,10,11,12,13,2 12,2 13,3 13,4 13,5 13
3 5 6 7 8 9,0.0501628,15.6845,No,N/A,N/A,3,N/A,5,6,7,8,9,3 7,3 8,3 9,5 8,5 9,6 9,7 9,8 9,3 6 9
2 3 4 6 7 8 9 10 11 12 13,0.019646,28.7919,No,N/A,2,3,4,2 3,6,7,8,9,10,11,12,13,2 12,2 13,3 13,4 13,2 3 13
2 4 7 10 13,0.0274399,21.5113,No,N/A,2,N/A,4,N/A,2 4,7,N/A,2 7,10,4 7,2 10,13,4 10,2 13,2 4 10,4 13,N/A
3 5 6 7 8 11 13,0.0140175,28.8171,No,N/A,N/A,3,N/A,5,6,7,8,3 6,3 7,11,5 7,13,3 11,7 8,3 13,6 11,5 13
3 4 6 7 8 10 11 12,0.0167657,29.3487,No,N/A,N/A,3,4,N/A,6,7,8,3 6,10,11,12,3 10,3 11,3 12,4 12,6 11,6 12
2 4 6 7 10,0.0525164,13.1547,No,N/A,2,N/A,4,N/A,6,7,2 6,2 7,10,4 7,2 10,6 7,4 10,2 6 7,6 10,7 10,2 6 10
2 4 5 6 8 10 11 13,0.0180674,27.3609,No,N/A,2,N/A,4,5,6,2 5,8,4 5,10,11,2 10,13,4 10,2 13,5 11,4 13,5 13
3 4 5 6 9 12,0.0351222,18.4267,No,N/A,N/A,3,4,5,6,3 4,3 5,9,4 6,5 6,12,4 9,5 9,3 12,4 12,5 12,6 12
3 4 5 7 9 10 11 13,0.0145233,31.054,No,N/A,N/A,3,4,5,N/A,7,3 5,9,10,11,3 9,13,3 11,4 11,3 13,4 13,5 13
3 4 5 9 10 13,0.0157751,27.2929,No,N/A,N/A,3,4,5,N/A,3 4,3 5,9,10,N/A,3 9,13,4 10,5 10,3 13,4 13,5 13
2 4 5 7 9 10 11,0.0281862,24.0368,No,N/A,2,N/A,4,5,2 4,7,N/A,9,10,11,2 10,2 11,4 10,4 11,5 11,2 4 11,7 11
2 3 5 6 8 10 12,0.0361923,19.3121,No,N/A,2,3,N/A,5,6,2 5,8,3 6,10,3 8,12,3 10,2 12,3 12,6 10,5 12,6 12
3 5 7 9 11 12 13,0.00724379,36.3215,No,N/A,N/A,3,N/A,5,N/A,7,3 5,9,3 7,11,12,13,3 11,3 12,3 13,5 12,5 13
2 3 5 7 11 12,0.0289554,20.5114,No,N/A,2,3,N/A,5,N/A,7,3 5,2 7,3 7,11,12,2 11,2 12,3 12,5 11,5 12,7 11
3 4 5 6 8 9 12,0.0343015,19.7813,No,N/A,N/A,3,4,5,6,3 4,8,9,4 6,3 8,12,4 9,5 9,3 12,4 12,5 12,6 12
2 4 5 6 9 10 11,0.0333301,20.3564,No,N/A,2,N/A,4,5,6,2 5,2 6,9,10,11,2 10,2 11,4 10,4 11,5 11,6 11,2 5 11
3 4 6 7 8 9 10 12 13,0.0118354,34.0206,No,N/A,N/A,3,4,N/A,6,7,8,9,10,3 8,12,13,4 10,3 12,3 13,4 13,6 12
2 3 4 8 11,0.053826,12.1243,No,N/A,2,3,4,2 3,2 4,3 4,8,2 3 4,2 8,11,4 8,2 11,3 11,4 11,2 3 11,2 4 11,3 4 11
2 4 5 6 7 11 12,0.0291784,21.6855,No,N/A,2,N/A,4,5,6,7,2 6,2 7,4 6,11,12,2 11,2 12,4 11,4 12,5 12,6 12
2 4 5 6 8 9,0.0674185,12.2564,No,N/A,2,N/A,4,5,6,2 5,8,9,2 8,2 9,4 8,4 9,5 9,6 9,2 5 9,8 9,4 5 9
2 4 5 6 13,0.0269648,17.2645,No,N/A,2,N/A,4,5,6,2 5,2 6,4 5,4 6,5 6,2 4 6,13,N/A,2 13,N/A,4 13,5 13
3 4 6 7 8 9 13,0.0226237,24.1776,No,N/A,N/A,3,4,N/A,6,7,8,9,3 7,3 8,3 9,13,6 8,6 9,3 13,4 13,3 6 9
3 4 6 7 8 11 12 13,0.0106105,33.7676,No,N/A,N/A,3,4,N/A,6,7,8,3 6,3 7,11,12,13,3 11,3 12,3 13,4 13,6 12
2 3 4 5 6 8 9 10 11 12,0.0348308,20.7132,No,N/A,2,3,4,5,6,2 5,8,9,10,11,12,2 11,2 12,3 12,4 12,5 12,6 12
3 5 6 7 13,0.0290505,19.1005,No,N/A,N/A,3,N/A,5,6,7,3 5,3 6,3 7,5 6,5 7,13,3 5 6,3 5 7,3 13,N/A,5 13
3 4 6 7 8 10 13,0.017738,26.7135,No,N/A,N/A,3,4,N/A,6,7,8,3 6,10,3 8,4 8,13,4 10,7 8,3 13,4 13,8 10
2 4 6 7 8 9 11 13,0.014941,30.7595,No,N/A,2,N/A,4,N/A,6,7,8,9,2 8,11,4 8,13,6 8,2 13,7 9,4 13,7 11
3 4 6 7 11,0.033074,18.566,No,N/A,N/A,3,4,N/A,6,7,N/A,3 6,3 7,11,N/A,6 7,3 11,4 11,3 6 7,6 11,7 11
2 3 4 6 8 9 11 12 13,0.0180979,28.7219,No,N/A,2,3,4,2 3,6,3 4,8,9,2 8,11,12,13,2 12,2 13,3 13,4 13,2 3 13
2 3 5 7 8 9 11 13,0.0219519,26.6738,No,N/A,2,3,N/A,5,N/A,7,8,9,2 8,11,3 9,13,3 11,2 13,3 13,8 9,5 13
2 4 5 6 7 13,0.0361141,17.8417,No,N/A,2,N/A,4,5,6,7,2 6,2 7,4 6,4 7,5 7,13,2 5 7,2 13,4 5 7,4 13,5 13
2 4 5 6 9 13,0.0282938,19.9935,No,N/A,2,N/A,4,5,6,2 5,2 6,9,4 6,2 9,2 4 6,13,5 9,2 13,2 5 9,4 13,5 13
2 4 6 7 8 9 11 12 13,0.0114533,34.7284,No,N/A,2,N/A,4,N/A,6,7,8,9,2 8,11,12,13,2 12,2 13,4 12,4 13,6 12
3 4 5 7 8 9 10 12,0.0237265,25.7875,No,N/A,N/A,3,4,5,N/A,7,8,9,10,3 8,12,3 10,4 10,3 12,4 12,5 12,8 10
3 5 7 8 9 12 13,0.00967507,33.4795,No,N/A,N/A,3,N/A,5,N/A,7,8,9,3 7,3 8,12,13,5 9,3 12,3 13,5 12,5 13
3 5 6 7 11 13,0.0154012,25.7514,No,N/A,N/A,3,N/A,5,6,7,3 5,3 6,3 7,11,5 7,13,3 11,3 5 7,3 13,6 11,5 13
2 3 4 7 8 9 10 11 13,0.0216711,26.7157,No,N/A,2,3,4,2 3,2 4,7,8,9,10,11,2 10,13,3 11,2 13,3 13,4 13,2 3 13
3 4 5 9 10 11 13,0.0128901,30.5231,No,N/A,N/A,3,4,5,N/A,3 4,3 5,9,10,11,3 9,13,3 11,4 11,3 13,4 13,5 13
2 3 4 7 8 10,0.0701797,12.051,No,N/A,2,3,4,2 3,2 4,7,8,2 7,10,3 8,2 10,3 10,4 10,2 3 10,2 4 10,7 10,8 10
2 3 4 5 8 11 13,0.0300698,20.8905,No,N/A,2,3,4,5,2 4,2 5,8,4 5,2 8,11,4 8,13,3 11,2 13,3 13,4 13,5 13
3 4 6 7 8 11 13,0.0168778,26.956,No,N/A,N/A,3,4,N/A,6,7,8,3 6,3 7,11,4 8,13,3 11,4 11,3 13,4 13,7 11
2 4 6 7 8 12,0.0344407,18.999,No,N/A,2,N/A,4,N/A,6,7,8,2 7,2 8,4 7,12,6 7,2 12,7 8,4 12,2 7 8,6 12
2 3 5 6 7 8 9 10 12,0.0344411,20.9293,No,N/A,2,3,N/A,5,6,7,8,9,10,2 9,12,3 10,2 12,3 12,6 10,5 12,6 12
3 4 5 6 8 12,0.0400001,17.1756,No,N/A,N/A,3,4,5,6,3 4,8,3 6,4 6,3 8,12,5 8,6 8,3 12,4 12,5 12,6 12
2 3 4 7 8 9 10 13,0.0279509,22.7897,No,N/A,2,3,4,2 3,2 4,7,8,9,10,2 9,2 10,13,4 10,2 13,3 13,4 13,2 3 13
2 4 5 6 7 9 12 13,0.0180434,27.6258,No,N/A,2,N/A,4,5,6,7,2 6,9,4 6,2 9,12,13,2 12,2 13,4 12,4 13,5 13
2 3 4 5 6 8 9 10 11 12 13,0.022427,26.8039,No,N/A,2,3,4,5,6,2 5,8,9,10,11,12,13,2 12,2 13,3 13,4 13,5 13
3 4 5 9 11 12,0.017471,26.7135,No,N/A,N/A,3,4,5,N/A,3 4,3 5,9,N/A,11,12,4 9,3 11,3 12,4 12,5 12,3 4 11
3 4 6 7 8 9 10 11 12,0.017012,29.847,No,N/A,N/A,3,4,N/A,6,7,8,9,10,11,12,3 10,3 11,3 12,4 12,6 11,6 12
3 4 6 7 8 10,0.0453803,16.8467,No,N/A,N/A,3,4,N/A,6,7,8,3 6,10,3 8,4 8,3 10,4 10,7 8,6 10,7 10,8 10
2 3 6 7 8 9 10 13,0.0201434,26.2146,No,N/A,2,3,N/A,2 3,6,7,8,9,10,2 9,2 10,13,2 3 9,2 13,3 13,7 10,2 3 13
2 3 4 5 6 7 9 13,0.0422367,16.7713,No,N/A,2,3,4,5,6,7,2 6,9,3 7,2 9,3 9,13,5 9,2 13,3 13,4 13,5 13
3 4 5 10 11 12,0.0205635,24.6911,No,N/A,N/A,3,4,5,N/A,3 4,3 5,4 5,10,11,12,3 10,3 11,3 12,4 12,5 12,3 4 11
3 4 5 8 9 11 13,0.012932,32.2043,No,N/A,N/A,3,4,5,N/A,3 4,8,9,N/A,11,3 9,13,3 11,4 11,3 13,4 13,5 13
2 3 4 6 7 10 11,0.0440769,17.0657,No,N/A,2,3,4,2 3,6,7,2 6,2 7,10,11,2 10,2 11,3 11,4 11,2 3 11,6 11,7 11
3 5 6 7 9 10 11,0.0239392,23.5611,No,N/A,N/A,3,N/A,5,6,7,3 5,9,10,11,3 9,3 10,3 11,5 10,5 11,6 11,7 11
3 4 5 6 7 13,0.0314734,18.5923,No,N/A,N/A,3,4,5,6,7,3 5,3 6,3 7,4 7,5 7,13,3 4 7,3 5 7,3 13,4 13,5 13
3 4 5 6 7 11,0.0532545,15.0178,No,N/A,N/A,3,4,5,6,7,3 5,3 6,3 7,11,5 7,6 7,3 11,4 11,5 11,6 11,7 11
3 5 6 8 9 11,0.0213956,25.4476,No,N/A,N/A,3,N/A,5,6,N/A,8,9,N/A,11,3 9,5 8,3 11,6 9,5 11,6 11,3 6 9
3 4 5 10 11 13,0.0162871,26.65,No,N/A,N/A,3,4,5,N/A,3 4,3 5,4 5,10,11,3 4 5,13,3 11,4 11,3 13,4 13,5 13
2 4 6 7 8 12 13,0.0159521,27.5672,No,N/A,2,N/A,4,N/A,6,7,8,2 7,2 8,4 7,12,13,2 12,2 13,4 12,4 13,6 12
2 3 5 6 8 9 12,0.0355492,19.4878,No,N/A,2,3,N/A,5,6,2 5,8,9,2 8,2 9,12,5 8,2 12,3 12,2 5 9,5 12,6 12
2 4 5 7 8 10 11 12 13,0.0123185,33.389,No,N/A,2,N/A,4,5,2 4,7,8,2 7,10,11,12,13,2 12,2 13,4 12,4 13,5 13
2 3 6 8 10 11 12,0.0200914,27.0978,No,N/A,2,3,N/A,2 3,6,N/A,8,3 6,10,11,12,2 11,2 12,3 12,2 3 11,2 3 12,6 12
2 3 4 5 7,0.100288,7.2678,No,N/A,2,3,4,5,2 4,7,3 5,2 7,3 7,4 7,5 7,2 4 7,2 5 7,3 5 7,4 5 7,2 3 5 7,2 4 5 7
3 5 6 7 8 12,0.0279284,20.3569,No,N/A,N/A,3,N/A,5,6,7,8,3 6,3 7,3 8,12,5 8,6 8,3 12,3 5 8,5 12,6 12
3 4 5 7 8 9,0.0558351,15.1093,No,N/A,N/A,3,4,5,N/A,7,8,9,3 7,3 8,3 9,4 9,5 9,7 8,7 9,8 9,4 5 9
3 5 6 7 8 11 12,0.0188877,25.8412,No,N/A,N/A,3,N/A,5,6,7,8,3 6,3 7,11,12,5 8,3 11,3 12,5 11,5 12,6 12
2 4 6 9 10 11,0.0278654,22.1939,No,N/A,2,N/A,4,N/A,6,N/A,2 6,9,10,11,2 10,2 11,4 10,4 11,6 10,6 11,2 6 10
3 4 6 7 8 10 11 12 13,0.0093008,37.2073,No,N/A,N/A,3,4,N/A,6,7,8,3 6,10,11,12,13,3 11,3 12,3 13,4 13,6 12
3 4 5 6 7 8 12,0.0394967,17.8274,No,N/A,N/A,3,4,5,6,7,8,3 6,3 7,3 8,12,5 8,6 8,3 12,4 12,5 12,6 12
2 3 4 5 6 11,0.0654143,11.1215,No,N/A,2,3,4,5,6,2 5,2 6,3 6,4 6,11,2 4 6,2 11,3 11,4 11,5 11,6 11,2 5 11
2 4 5 6 7 10 11 12 13,0.0131765,32.2677,No,N/A,2,N/A,4,5,6,7,2 6,2 7,10,11,12,13,2 12,2 13,4 12,4 13,5 13
3 4 5 6 8 10 11 12 13,0.0117704,33.1801,No,N/A,N/A,3,4,5,6,3 4,8,3 6,10,11,12,13,3 11,3 12,3 13,4 13,5 13
2 3 4 5 8 9 13,0.0352115,18.3553,No,N/A,2,3,4,5,2 4,2 5,8,9,2 8,2 9,3 9,13,5 9,2 13,3 13,4 13,5 13
2 4 6 7 8 9 11,0.0327436,20.967,No,N/A,2,N/A,4,N/A,6,7,8,9,2 8,11,4 8,2 11,6 8,4 11,7 9,6 11,7 11
3 4 6 7 9,0.0490132,14.4498,No,N/A,N/A,3,4,N/A,6,7,N/A,9,3 7,4 7,3 9,4 9,3 4 7,6 9,7 9,4 6 7,3 6 9
3 4 6 7 8 10 11,0.0275007,22.9015,No,N/A,N/A,3,4,N/A,6,7,8,3 6,10,11,4 8,3 10,3 11,4 11,6 10,6 11,7 11
2 4 5 7 9 10 11 13,0.0139295,33.3739,No,N/A,2,N/A,4,5,2 4,7,N/A,9,10,11,2 10,13,4 10,2 13,5 11,4 13,5 13
3 5 6 7 8 10 11 12,0.0151308,29.5595,No,N/A,N/A,3,N/A,5,6,7,8,3 6,10,11,12,3 10,3 11,3 12,5 11,5 12,6 12
3 4 5 6 7 9 11 13,0.0192092,26.7604,No,N/A,N/A,3,4,5,6,7,3 5,9,3 7,11,3 9,13,3 11,4 11,3 13,4 13,5 13
2 3 6 7 8 10 12,0.0317075,20.6379,No,N/A,2,3,N/A,2 3,6,7,8,2 7,10,3 8,12,3 10,2 12,3 12,6 10,2 3 12,6 12
3 5 6 10 11 12,0.0147049,27.8028,No,N/A,N/A,3,N/A,5,6,N/A,3 5,3 6,10,11,12,3 10,3 11,3 12,5 11,5 12,6 12
3 4 6 8 9 11 12,0.0183505,27.0866,No,N/A,N/A,3,4,N/A,6,3 4,8,9,4 6,11,12,4 9,3 11,3 12,4 12,6 11,6 12
2 3 5 6 9 11 13,0.0195963,25.2917,No,N/A,2,3,N/A,5,6,2 5,2 6,9,2 3 5,11,3 9,13,3 11,2 13,3 13,6 11,5 13
3 5 6 9 10 11 12,0.0120062,31.9234,No,N/A,N/A,3,N/A,5,6,N/A,3 5,9,10,11,12,3 10,3 11,3 12,5 11,5 12,6 12
2 3 4 5 6 8 11 13,0.0320598,19.8855,No,N/A,2,3,4,5,6,2 5,8,3 6,2 8,11,4 8,13,3 11,2 13,3 13,4 13,5 13
3 5 6 8 9 10 11,0.0191288,27.3364,No,N/A,N/A,3,N/A,5,6,N/A,8,9,10,11,3 9,3 10,3 11,5 10,5 11,6 11,8 10
2 4 6 7 8 9 11 12,0.0215555,26.0448,No,N/A,2,N/A,4,N/A,6,7,8,9,2 8,11,12,2 11,2 12,4 11,4 12,6 11,6 12
3 4 5 6 7 9 11 12 13,0.0128605,32.3747,No,N/A,N/A,3,4,5,6,7,3 5,9,3 7,11,12,13,3 11,3 12,3 13,4 13,5 13
2 3 5 6 10 11 12,0.0278503,22.0717,No,N/A,2,3,N/A,5,6,2 5,2 6,3 6,10,11,12,2 11,2 12,3 12,5 11,5 12,6 12
3 4 5 6 7 9 10 12 13,0.0151724,30.1391,No,N/A,N/A,3,4,5,6,7,3 5,9,10,4 7,12,13,4 10,3 12,3 13,4 13,5 13
2 4 5 6 10 11,0.0392196,17.323,No,N/A,2,N/A,4,5,6,2 5,2 6,4 5,10,11,2 10,2 11,4 10,4 11,5 11,6 11,2 5 11
3 4 6 7 9 10 12 13,0.00887856,38.2782,No,N/A,N/A,3,4,N/A,6,7,N/A,9,10,4 7,12,13,4 10,3 12,3 13,4 13,6 12
2 4 5 6 9 11 12 13,0.0127827,31.6846,No,N/A,2,N/A,4,5,6,2 5,2 6,9,4 6,11,12,13,2 12,2 13,4 12,4 13,5 13
3 4 5 7 8 9 12,0.0279302,23.0583,No,N/A,N/A,3,4,5,N/A,7,8,9,3 7,3 8,12,4 9,5 9,3 12,4 12,5 12,4 5 9
2 3 4 6 7 9 10 12,0.0363418,19.73,No,N/A,2,3,4,2 3,6,7,2 6,9,10,2 9,12,3 10,2 12,3 12,4 12,2 3 12,6 12
3 4 6 7 10 11 12,0.0146437,30.3688,No,N/A,N/A,3,4,N/A,6,7,N/A,3 6,10,11,12,3 10,3 11,3 12,4 12,6 11,6 12
3 4 6 7 12,0.0324905,17.9003,No,N/A,N/A,3,4,N/A,6,7,N/A,3 6,3 7,4 7,12,6 7,3 4 7,3 12,4 12,4 6 7,6 12
2 4 5 6 8 10 12 13,0.0156825,29.6674,No,N/A,2,N/A,4,5,6,2 5,8,4 5,10,5 6,12,13,2 12,2 13,4 12,4 13,5 13
3 5 6 7 8 9 10 12,0.0200647,26.0308,No,N/A,N/A,3,N/A,5,6,7,8,9,10,3 8,12,3 10,5 9,3 12,6 10,5 12,6 12
2 4 5 8 10 11 13,0.0170401,27.095,No,N/A,2,N/A,4,5,2 4,2 5,8,4 5,10,11,2 10,13,4 10,2 13,5 11,4 13,5 13
2 4 6 8 11 12 13,0.00916071,36.2166,No,N/A,2,N/A,4,N/A,6,N/A,8,N/A,2 8,11,12,13,2 12,2 13,4 12,4 13,6 12
2 3 4 8,0.0755012,6.2127,No,N/A,2,3,4,2 3,2 4,3 4,8,2 3 4,2 8,3 8,4 8,2 3 8,2 4 8,3 4 8,N/A,2 3 4 8,N/A
3 4 5 7 9 12 13,0.0134907,29.6419,No,N/A,N/A,3,4,5,N/A,7,3 5,9,3 7,4 7,12,13,5 9,3 12,3 13,4 13,5 13
3 4 5 8 10 13,0.0198639,23.928,No,N/A,N/A,3,4,5,N/A,3 4,8,4 5,10,3 8,4 8,13,4 10,5 10,3 13,4 13,5 13
2 3 4 5 6 8 10 11 12,0.0360825,19.7965,No,N/A,2,3,4,5,6,2 5,8,3 6,10,11,12,2 11,2 12,3 12,4 12,5 12,6 12
2 3 5 6 8 11,0.0422524,17.9032,No,N/A,2,3,N/A,5,6,2 5,8,3 6,2 8,11,N/A,2 11,3 11,2 5 8,5 11,6 11,2 5 11
3 5 6 8 10 11 12,0.0133276,30.6416,No,N/A,N/A,3,N/A,5,6,N/A,8,3 6,10,11,12,3 10,3 11,3 12,5 11,5 12,6 12
3 5 6 7 8 10 12,0.0210464,24.9177,No,N/A,N/A,3,N/A,5,6,7,8,3 6,10,3 8,12,3 10,6 8,3 12,6 10,5 12,6 12
2 4 5 6 10 13,0.0261482,20.1519,No,N/A,2,N/A,4,5,6,2 5,2 6,4 5,10,5 6,2 10,13,4 10,2 13,6 10,4 13,5 13
3 4 5 7 8 12,0.03299,19.6675,No,N/A,N/A,3,4,5,N/A,7,8,4 5,3 7,3 8,12,5 8,3 4 7,3 12,4 12,5 12,3 7 8
2 3 6 7 9 10,0.0448001,16.4353,No,N/A,2,3,N/A,2 3,6,7,2 6,9,10,2 9,2 10,3 10,2 3 9,2 3 10,6 10,7 10,2 6 10
2 4 5 7 8 10 13,0.0239303,23.464,No,N/A,2,N/A,4,5,2 4,7,8,2 7,10,4 7,2 10,13,4 10,2 13,2 4 10,4 13,5 13
2 4 5 7 8 9 10 11 12 13,0.0126941,34.1598,No,N/A,2,N/A,4,5,2 4,7,8,9,10,11,12,13,2 12,2 13,4 12,4 13,5 13
3 4 5 6 7 11 13,0.0218574,23.9939,No,N/A,N/A,3,4,5,6,7,3 5,3 6,3 7,11,5 7,13,3 11,4 11,3 13,4 13,5 13
3 4 6 8 9 13,0.0219994,22.8551,No,N/A,N/A,3,4,N/A,6,3 4,8,9,4 6,3 8,3 9,13,6 8,6 9,3 13,4 13,3 6 9
2 4 5 8 9 10 11,0.0316569,20.9479,No,N/A,2,N/A,4,5,2 4,2 5,8,9,10,11,2 10,2 11,4 10,4 11,5 11,2 4 11,2 5 11
2 3 5 7 8 10 12 13,0.0145148,32.0569,No,N/A,2,3,N/A,5,N/A,7,8,2 7,10,3 8,12,13,2 12,2 13,3 13,5 12,5 13
2 4 7 8 9 12 13,0.0134292,30.0256,No,N/A,2,N/A,4,N/A,2 4,7,8,9,2 8,2 9,12,13,2 12,2 13,4 12,4 13,2 4 12
3 5 6 7 8 9 10 11 12 13,0.00913547,37.209,No,N/A,N/A,3,N/A,5,6,7,8,9,10,11,12,13,3 11,3 12,3 13,5 12,5 13
2 3 4 7 9 11 12 13,0.0137274,33.662,No,N/A,2,3,4,2 3,2 4,7,N/A,9,3 7,11,12,13,2 12,2 13,3 13,4 13,2 3 13
3 5 6 7 9 11 12,0.017061,27.2126,No,N/A,N/A,3,N/A,5,6,7,3 5,9,3 7,11,12,6 7,3 11,3 12,5 11,5 12,6 12
2 3 5 9 10 11 13,0.0179992,27.7858,No,N/A,2,3,N/A,5,N/A,2 5,3 5,9,10,11,2 10,13,3 11,2 13,3 13,2 5 10,5 13
2 4 7 9 10 11 12 13,0.00759177,40.9667,No,N/A,2,N/A,4,N/A,2 4,7,N/A,9,10,11,12,13,2 12,2 13,4 12,4 13,2 4 12
3 5 6 7 8 9 10 11 13,0.0122353,32.612,No,N/A,N/A,3,N/A,5,6,7,8,9,10,11,3 9,13,3 11,5 10,3 13,6 11,5 13
3 5 6 7 8 9 11 12 13,0.00916437,36.6157,No,N/A,N/A,3,N/A,5,6,7,8,9,3 7,11,12,13,3 11,3 12,3 13,5 12,5 13
2 4 7 9 10 11 13,0.0103027,34.5454,No,N/A,2,N/A,4,N/A,2 4,7,N/A,9,10,11,2 10,13,4 10,2 13,2 4 10,4 13,7 11
2 3 4 5 6 7 10 12,0.0497444,15.4886,No,N/A,2,3,4,5,6,7,2 6,2 7,10,4 7,12,3 10,2 12,3 12,4 12,5 12,6 12
2 3 4 5 6 9 13,0.0386143,16.5117,No,N/A,2,3,4,5,6,2 5,2 6,9,4 6,2 9,3 9,13,5 9,2 13,3 13,4 13,5 13
3 4 6 8 9 10 11,0.0248366,23.6357,No,N/A,N/A,3,4,N/A,6,3 4,8,9,10,11,3 9,3 10,3 11,4 11,6 10,6 11,3 4 11
3 4 6 8 9 10 11 12 13,0.00881637,37.9004,No,N/A,N/A,3,4,N/A,6,3 4,8,9,10,11,12,13,3 11,3 12,3 13,4 13,6 12
2 4 5 6 8 9 10 13,0.0234846,24.2339,No,N/A,2,N/A,4,5,6,2 5,8,9,10,2 9,2 10,13,4 10,2 13,6 10,4 13,5 13
3 4 5 6 8 10 13,0.0237927,23.0951,No,N/A,N/A,3,4,5,6,3 4,8,3 6,10,3 8,4 8,13,4 10,5 10,3 13,4 13,5 13
2 3 4 5 7 10 11 12 13,0.0182533,28.5263,No,N/A,2,3,4,5,2 4,7,3 5,2 7,10,11,12,13,2 12,2 13,3 13,4 13,5 13
2 3 4 5 6 7 8 11 12,0.0434283,17.4933,No,N/A,2,3,4,5,6,7,8,2 7,2 8,11,12,2 11,2 12,3 12,4 12,5 12,6 12
3 4 5 6 8 12 13,0.0168774,26.4907,No,N/A,N/A,3,4,5,6,3 4,8,3 6,4 6,3 8,12,13,6 8,3 12,3 13,4 13,5 13
3 5 7 9 11 12,0.0134674,29.6371,No,N/A,N/A,3,N/A,5,N/A,7,3 5,9,3 7,11,12,N/A,3 11,3 12,5 11,5 12,7 11
3 4 5 6 8 13,0.0291973,19.4937,No,N/A,N/A,3,4,5,6,3 4,8,3 6,4 6,3 8,4 8,13,6 8,3 4 8,3 13,4 13,5 13
2 4 7 8 9 11 12,0.0180692,27.1109,No,N/A,2,N/A,4,N/A,2 4,7,8,9,2 8,11,12,2 11,2 12,4 11,4 12,2 4 11,2 4 12
2 4 7 8 12 13,0.0172759,26.1357,No,N/A,2,N/A,4,N/A,2 4,7,8,2 7,2 8,4 7,12,13,2 12,2 13,4 12,4 13,2 4 12
2 3 5 6 7 8 9 10 11 12 13,0.0179522,30.5637,No,N/A,2,3,N/A,5,6,7,8,9,10,11,12,13,2 12,2 13,3 13,5 12,5 13
3 4 5 6 7 9 10 11 12 13,0.0122723,34.2,No,N/A,N/A,3,4,5,6,7,3 5,9,10,11,12,13,3 11,3 12,3 13,4 13,5 13
3 4 5 8 9 10 11 12 13,0.00910219,38.8312,No,N/A,N/A,3,4,5,N/A,3 4,8,9,10,11,12,13,3 11,3 12,3 13,4 13,5 13
3 5 7 8 9 10 12,0.0155731,29.0324,No,N/A,N/A,3,N/A,5,N/A,7,8,9,10,3 8,12,3 10,5 9,3 12,7 9,5 12,8 10
2 3 5 6 7 9 10 12 13,0.0184474,28.537,No,N/A,2,3,N/A,5,6,7,2 6,9,10,2 9,12,13,2 12,2 13,3 13,5 12,5 13
2 3 6 9 10 11 12 13,0.0102364,36.892,No,N/A,2,3,N/A,2 3,6,N/A,2 6,9,10,11,12,13,2 12,2 13,3 13,2 3 12,2 3 13
3 4 6 7 8 9 11 12 13,0.0109394,34.808,No,N/A,N/A,3,4,N/A,6,7,8,9,3 7,11,12,13,3 11,3 12,3 13,4 13,6 12
2 4 5 6 7 8 13,0.0330095,19.2096,No,N/A,2,N/A,4,5,6,7,8,2 7,2 8,4 7,4 8,13,6 8,2 13,2 6 8,4 13,5 13
3 5 7 8 10 13,0.0132625,30.6473,No,N/A,N/A,3,N/A,5,N/A,7,8,N/A,10,3 8,5 7,13,N/A,5 10,3 13,7 10,5 13
3 5 6 9 11 12,0.0115029,31.8735,No,N/A,N/A,3,N/A,5,6,N/A,3 5,9,N/A,11,12,N/A,3 11,3 12,5 11,5 12,6 12
2 3 5 7 8 9 10 11 12,0.0223159,28.6824,No,N/A,2,3,N/A,5,N/A,7,8,9,10,11,12,2 11,2 12,3 12,5 11,5 12,7 11
3 5 6 7 9 11 12 13,0.00848254,35.6224,No,N/A,N/A,3,N/A,5,6,7,3 5,9,3 7,11,12,13,3 11,3 12,3 13,5 12,5 13
2 3 4 5 6 9 10 11 12 13,0.0195847,28.3861,No,N/A,2,3,4,5,6,2 5,2 6,9,10,11,12,13,2 12,2 13,3 13,4 13,5 13
3 4 5 6 9 10,0.0482536,15.7286,No,N/A,N/A,3,4,5,6,3 4,3 5,9,10,5 6,3 9,3 10,4 10,5 10,6 10,3 4 10,3 5 10
2 3 4 5 6 7 8 9 10 11 13,0.0327105,21.5003,No,N/A,2,3,4,5,6,7,8,9,10,11,2 10,13,3 11,2 13,3 13,4 13,5 13
3 5 7 8 9 13,0.0175991,25.4826,No,N/A,N/A,3,N/A,5,N/A,7,8,9,3 7,3 8,3 9,13,5 9,7 8,3 13,8 9,5 13
3 4 6 8 11 12 13,0.0106228,32.2682,No,N/A,N/A,3,4,N/A,6,3 4,8,3 6,4 6,11,12,13,3 11,3 12,3 13,4 13,6 12
3 4 5 6 9 11 13,0.0175268,25.9724,No,N/A,N/A,3,4,5,6,3 4,3 5,9,4 6,11,3 9,13,3 11,4 11,3 13,4 13,5 13
2 3 6 7 9,0.0694495,10.9532,No,N/A,2,3,N/A,2 3,6,7,2 6,9,3 7,2 9,3 9,6 7,2 3 9,6 9,7 9,2 6 9,2 7 9
3 4 5 7 9 11 13,0.0161186,27.9563,No,N/A,N/A,3,4,5,N/A,7,3 5,9,3 7,11,3 9,13,3 11,4 11,3 13,4 13,5 13
2 3 4 7 8 11 12 13,0.0165042,29.2738,No,N/A,2,3,4,2 3,2 4,7,8,2 7,2 8,11,12,13,2 12,2 13,3 13,4 13,2 3 13
3 5 6 9 11 13,0.0104921,31.1086,No,N/A,N/A,3,N/A,5,6,N/A,3 5,9,N/A,11,3 9,13,3 11,6 9,3 13,6 11,5 13
3 4 5 10 12,0.0292234,20.3773,No,N/A,N/A,3,4,5,N/A,3 4,3 5,4 5,10,N/A,12,3 10,4 10,3 12,4 12,5 12,3 5 10
3 4 6 7 9 10,0.0355427,20.2208,No,N/A,N/A,3,4,N/A,6,7,N/A,9,10,4 7,3 9,3 10,4 10,6 9,6 10,7 10,3 6 9
3 5 7 8 9 10 11,0.0200592,26.1917,No,N/A,N/A,3,N/A,5,N/A,7,8,9,10,11,3 9,3 10,3 11,5 10,5 11,7 10,7 11
3 5 6 7 8 10 11,0.025792,22.9312,No,N/A,N/A,3,N/A,5,6,7,8,3 6,10,11,5 7,3 10,3 11,5 10,5 11,6 11,7 11
2 3 4 6 7 8 9 11 12,0.0336995,21.0401,No,N/A,2,3,4,2 3,6,7,8,9,2 8,11,12,2 11,2 12,3 12,4 12,2 3 12,6 12
2 3 5 7 9 11,0.0437162,17.3962,No,N/A,2,3,N/A,5,N/A,7,3 5,9,3 7,11,3 9,2 11,3 11,3 5 7,5 11,3 5 9,7 11
2 3 4 5 6 10 13,0.0361988,17.4856,No,N/A,2,3,4,5,6,2 5,2 6,3 6,10,5 6,2 10,13,4 10,2 13,3 13,4 13,5 13
2 4 5 7 10 11 13,0.0160632,29.0117,No,N/A,2,N/A,4,5,2 4,7,N/A,2 7,10,11,2 10,13,4 10,2 13,5 11,4 13,5 13
3 4 6 7 8,0.0623982,11.7706,No,N/A,N/A,3,4,N/A,6,7,8,3 6,3 7,3 8,4 8,6 7,6 8,7 8,3 6 7,3 6 8,3 7 8
2 3 4 6 8 9 10 12,0.0338964,20.5129,No,N/A,2,3,4,2 3,6,3 4,8,9,10,2 9,12,3 10,2 12,3 12,4 12,2 3 12,6 12
2 4 5 6 11 13,0.0182515,24.0248,No,N/A,2,N/A,4,5,6,2 5,2 6,4 5,4 6,11,2 4 6,13,N/A,2 13,5 11,4 13,5 13
3 4 5 10 11,0.0400375,17.0699,No,N/A,N/A,3,4,5,N/A,3 4,3 5,4 5,10,11,3 4 5,3 10,3 11,4 11,5 11,3 4 10,3 4 11
3 5 6 9 11 12 13,0.00632903,39.348,No,N/A,N/A,3,N/A,5,6,N/A,3 5,9,N/A,11,12,13,3 11,3 12,3 13,5 12,5 13
2 3 4 5 8 10 11 13,0.0255309,24.1226,No,N/A,2,3,4,5,2 4,2 5,8,4 5,10,11,2 10,13,3 11,2 13,3 13,4 13,5 13
2 4 7 10 11 13,0.0139016,29.2151,No,N/A,2,N/A,4,N/A,2 4,7,N/A,2 7,10,11,2 10,13,4 10,2 13,2 4 10,4 13,7 11
3 5 6 9 10 11 12 13,0.00662449,40.161,No,N/A,N/A,3,N/A,5,6,N/A,3 5,9,10,11,12,13,3 11,3 12,3 13,5 12,5 13
2 4 6 8 10 11 12 13,0.00705615,42.9317,No,N/A,2,N/A,4,N/A,6,N/A,8,N/A,10,11,12,13,2 12,2 13,4 12,4 13,6 12
3 4 5 8 9 10 13,0.0167108,27.8464,No,N/A,N/A,3,4,5,N/A,3 4,8,9,10,3 8,3 9,13,4 10,5 10,3 13,4 13,5 13
3 4 6 7 8 13,0.0242426,21.3454,No,N/A,N/A,3,4,N/A,6,7,8,3 6,3 7,3 8,4 8,13,6 8,7 8,3 13,4 13,3 7 8
3 5 6 9 13,0.0220143,23.0097,No,N/A,N/A,3,N/A,5,6,N/A,3 5,9,N/A,5 6,3 9,13,5 9,6 9,3 13,3 5 9,5 13
2 3 4 7 12,0.0417195,14.171,No,N/A,2,3,4,2 3,2 4,7,N/A,2 7,3 7,4 7,12,2 4 7,2 12,3 12,4 12,2 3 12,2 4 12
3 4 6 7 10 11 12 13,0.0072636,39.9946,No,N/A,N/A,3,4,N/A,6,7,N/A,3 6,10,11,12,13,3 11,3 12,3 13,4 13,6 12
3 4 5 6 8 9 10,0.044209,17.0359,No,N/A,N/A,3,4,5,6,3 4,8,9,10,3 8,3 9,3 10,4 10,5 10,6 10,3 4 10,8 10
3 4 6 8 9 10 12 13,0.0102781,34.5371,No,N/A,N/A,3,4,N/A,6,3 4,8,9,10,3 8,12,13,4 10,3 12,3 13,4 13,6 12
2 4 5 6 8 10 12,0.0276826,22.847,No,N/A,2,N/A,4,5,6,2 5,8,4 5,10,5 6,12,5 8,2 12,5 10,4 12,5 12,6 12
2 4 6 8 9 12 13,0.0129925,31.0594,No,N/A,2,N/A,4,N/A,6,N/A,8,9,2 8,2 9,12,13,2 12,2 13,4 12,4 13,6 12
2 3 6 10 11 13,0.019155,25.8971,No,N/A,2,3,N/A,2 3,6,N/A,2 6,3 6,10,11,2 10,13,3 11,2 13,3 13,6 11,2 3 13
2 3 5 7 9 10 11,0.0340503,21.0852,No,N/A,2,3,N/A,5,N/A,7,3 5,9,10,11,2 10,2 11,3 11,5 10,5 11,7 10,7 11
3 4 6 8 11 13,0.0181643,24.9748,No,N/A,N/A,3,4,N/A,6,3 4,8,3 6,4 6,11,4 8,13,3 11,4 11,3 13,4 13,3 4 11
2 3 4 5 6 7 11 12,0.0428154,17.0498,No,N/A,2,3,4,5,6,7,2 6,2 7,3 7,11,12,2 11,2 12,3 12,4 12,5 12,6 12
3 5 6 7 9 10 13,0.0150827,28.0867,No,N/A,N/A,3,N/A,5,6,7,3 5,9,10,5 6,3 9,13,5 9,5 10,3 13,7 10,5 13
3 4 5 6 9,0.0681467,10.7837,No,N/A,N/A,3,4,5,6,3 4,3 5,9,4 6,5 6,3 9,4 9,5 9,6 9,3 4 9,3 5 9,3 6 9
3 4 5 9 10 11 12 13,0.00854489,37.3618,No,N/A,N/A,3,4,5,N/A,3 4,3 5,9,10,11,12,13,3 11,3 12,3 13,4 13,5 13
2 3 4 6 8 10 11 12,0.0275105,23.298,No,N/A,2,3,4,2 3,6,3 4,8,3 6,10,11,12,2 11,2 12,3 12,4 12,2 3 12,6 12
2 4 7 9 11 12 13,0.00676767,40.1398,No,N/A,2,N/A,4,N/A,2 4,7,N/A,9,N/A,11,12,13,2 12,2 13,4 12,4 13,2 4 12
3 4 5 7 10 11 12 13,0.00970212,35.1012,No,N/A,N/A,3,4,5,N/A,7,3 5,4 5,10,11,12,13,3 11,3 12,3 13,4 13,5 13
3 4 5 6 8 9 11 13,0.0180488,27.5518,No,N/A,N/A,3,4,5,6,3 4,8,9,4 6,11,3 9,13,3 11,4 11,3 13,4 13,5 13
2 3 4 6 7 9 12 13,0.023126,24.4293,No,N/A,2,3,4,2 3,6,7,2 6,9,3 7,2 9,12,13,2 12,2 13,3 13,4 13,2 3 13
3 4 5 7 9,0.0579006,12.3777,No,N/A,N/A,3,4,5,N/A,7,3 5,9,3 7,4 7,3 9,4 9,5 9,3 5 7,7 9,3 5 9,4 5 9
3 4 6 7 9 11,0.0321633,20.86,No,N/A,N/A,3,4,N/A,6,7,N/A,9,3 7,11,3 9,4 9,3 11,4 11,7 9,6 11,7 11
3 5 6 8 10 11 12 13,0.00661341,40.2105,No,N/A,N/A,3,N/A,5,6,N/A,8,3 6,10,11,12,13,3 11,3 12,3 13,5 12,5 13
2 3 4 5 6 8 9 12 13,0.0274867,22.629,No,N/A,2,3,4,5,6,2 5,8,9,2 8,2 9,12,13,2 12,2 13,3 13,4 13,5 13
2 4 6 7 8 9 10 13,0.0192877,26.8697,No,N/A,2,N/A,4,N/A,6,7,8,9,10,2 9,2 10,13,4 10,2 13,6 10,4 13,8 10
3 5 6 8 10 11,0.01989,26.1883,No,N/A,N/A,3,N/A,5,6,N/A,8,3 6,10,11,N/A,3 10,3 11,5 10,5 11,6 11,8 10
3 4 5 7 8 9 11 12 13,0.0107008,36.8584,No,N/A,N/A,3,4,5,N/A,7,8,9,3 7,11,12,13,3 11,3 12,3 13,4 13,5 13
2 4 6 7 8,0.0680096,11.1997,No,N/A,2,N/A,4,N/A,6,7,8,2 7,2 8,4 7,4 8,6 7,6 8,7 8,2 6 8,2 7 8,4 6 8
3 4 5 6 7 8 13,0.0321161,19.3535,No,N/A,N/A,3,4,5,6,7,8,3 6,3 7,3 8,4 8,13,6 8,7 8,3 13,4 13,5 13
2 3 4 8 11 12 13,0.0144273,28.5148,No,N/A,2,3,4,2 3,2 4,3 4,8,2 3 4,2 8,11,12,13,2 12,2 13,3 13,4 13,2 3 13
2 3 4 6 7 8 11 13,0.0288079,21.7482,No,N/A,2,3,4,2 3,6,7,8,2 7,2 8,11,4 8,13,3 11,2 13,3 13,4 13,2 3 13
3 5 6 8 9 10 11 13,0.0093066,36.709,No,N/A,N/A,3,N/A,5,6,N/A,8,9,10,11,3 9,13,3 11,5 10,3 13,6 11,5 13
2 4 5 7 9 10 11 12 13,0.00961027,40.2668,No,N/A,2,N/A,4,5,2 4,7,N/A,9,10,11,12,13,2 12,2 13,4 12,4 13,5 13
3 5 6 9 10 13,0.015887,27.064,No,N/A,N/A,3,N/A,5,6,N/A,3 5,9,10,5 6,3 9,13,5 9,5 10,3 13,3 5 9,5 13
2 3 4 5 6 8 12 13,0.0285312,20.6142,No,N/A,2,3,4,5,6,2 5,8,3 6,2 8,3 8,12,13,2 12,2 13,3 13,4 13,5 13
2 4 5 6 7 8 12 13,0.0208675,25.1192,No,N/A,2,N/A,4,5,6,7,8,2 7,2 8,4 7,12,13,2 12,2 13,4 12,4 13,5 13
3 4 5 9 11 13,0.0139281,28.3686,No,N/A,N/A,3,4,5,N/A,3 4,3 5,9,N/A,11,3 9,13,3 11,4 11,3 13,4 13,5 13
2 4 6 7 10 12,0.0266896,21.362,No,N/A,2,N/A,4,N/A,6,7,2 6,2 7,10,4 7,12,6 7,2 12,2 6 7,4 12,7 10,6 12
2 3 5 6 7 8 10 12,0.0371175,19.3576,No,N/A,2,3,N/A,5,6,7,8,2 7,10,3 8,12,3 10,2 12,3 12,6 10,5 12,6 12
2 4 7 8 9 11 13,0.0133617,30.4634,No,N/A,2,N/A,4,N/A,2 4,7,8,9,2 8,11,4 8,13,2 4 8,2 13,7 9,4 13,7 11
3 4 5 6 7 8 11 12 13,0.0141078,30.9232,No,N/A,N/A,3,4,5,6,7,8,3 6,3 7,11,12,13,3 11,3 12,3 13,4 13,5 13
2 4 5 6 7 10 11 13,0.0192847,26.684,No,N/A,2,N/A,4,5,6,7,2 6,2 7,10,11,2 10,13,4 10,2 13,5 11,4 13,5 13
2 3 5 7 8 11,0.0515589,15.9546,No,N/A,2,3,N/A,5,N/A,7,8,2 7,2 8,11,5 7,2 11,3 11,7 8,5 11,2 7 8,7 11
2 3 4 6 7 9,0.077312,9.93618,No,N/A,2,3,4,2 3,6,7,2 6,9,3 7,2 9,3 9,4 9,2 3 9,6 9,7 9,2 6 9,2 7 9
2 4 7 9 10 13,0.017247,26.8681,No,N/A,2,N/A,4,N/A,2 4,7,N/A,9,10,2 9,2 10,13,4 10,2 13,2 4 10,4 13,2 7 9
3 5 7 8 13,0.0209074,24.0769,No,N/A,N/A,3,N/A,5,N/A,7,8,N/A,3 7,3 8,5 7,13,N/A,7 8,3 13,N/A,5 13
2 4 7 8 9 11 12 13,0.00937265,36.0701,No,N/A,2,N/A,4,N/A,2 4,7,8,9,2 8,11,12,13,2 12,2 13,4 12,4 13,2 4 12
3 4 6 7 11 12 13,0.00901117,34.4654,No,N/A,N/A,3,4,N/A,6,7,N/A,3 6,3 7,11,12,13,3 11,3 12,3 13,4 13,6 12
2 3 6 7 8 9 10 11 13,0.0166969,29.3435,No,N/A,2,3,N/A,2 3,6,7,8,9,10,11,2 10,13,3 11,2 13,3 13,6 11,2 3 13
2 4 6 9 13,0.0276563,21.485,No,N/A,2,N/A,4,N/A,6,N/A,2 6,9,4 6,2 9,2 4 6,13,N/A,2 13,N/A,4 13,N/A
2 4 5 6 7 8 9 11 13,0.0218739,26.3235,No,N/A,2,N/A,4,5,6,7,8,9,2 8,11,4 8,13,5 9,2 13,5 11,4 13,5 13
2 4 5 6 10,0.0640562,11.3187,No,N/A,2,N/A,4,5,6,2 5,2 6,4 5,10,5 6,2 10,2 5 6,4 10,5 10,6 10,2 5 10,2 6 10
3 4 6 7 11 12,0.0196571,24.7696,No,N/A,N/A,3,4,N/A,6,7,N/A,3 6,3 7,11,12,6 7,3 11,3 12,4 12,6 11,6 12
3 5 7 8 10 12 13,0.00647498,40.126,No,N/A,N/A,3,N/A,5,N/A,7,8,N/A,10,3 8,12,13,N/A,3 12,3 13,5 12,5 13
3 4 5 7 11 12 13,0.0106224,31.5139,No,N/A,N/A,3,4,5,N/A,7,3 5,4 5,3 7,11,12,13,3 11,3 12,3 13,4 13,5 13
3 5 7 8 10 11 12,0.0110038,34.3888,No,N/A,N/A,3,N/A,5,N/A,7,8,N/A,10,11,12,3 10,3 11,3 12,5 11,5 12,7 11
3 5 7 8 9 11 12,0.0148194,29.6535,No,N/A,N/A,3,N/A,5,N/A,7,8,9,3 7,11,12,5 8,3 11,3 12,5 11,5 12,7 11
2 3 5 9 10 11,0.0375058,18.9331,No,N/A,2,3,N/A,5,N/A,2 5,3 5,9,10,11,2 10,2 11,3 11,5 10,5 11,2 5 10,2 5 11
3 4 5 7 8 9 10 13,0.0198462,27.1521,No,N/A,N/A,3,4,5,N/A,7,8,9,10,3 8,3 9,13,4 10,5 10,3 13,4 13,5 13
2 3 6 8 12,0.0390662,16.1753,No,N/A,2,3,N/A,2 3,6,N/A,8,3 6,2 8,3 8,12,2 3 8,2 12,3 12,2 6 8,2 3 12,6 12
3 4 5 6,0.0795926,7.12495,No,N/A,N/A,3,4,5,6,3 4,3 5,3 6,4 6,5 6,3 4 5,3 4 6,3 5 6,4 5 6,N/A,N/A,3 4 5 6
2 4 7 8 9 12,0.0283348,21.0915,No,N/A,2,N/A,4,N/A,2 4,7,8,9,2 8,2 9,12,4 9,2 12,2 4 9,4 12,8 9,2 4 12
3 4 6 8 9 10 11 13,0.012453,32.0586,No,N/A,N/A,3,4,N/A,6,3 4,8,9,10,11,3 9,13,3 11,4 11,3 13,4 13,3 4 11
2 3 6 7 8 11 12,0.0273779,22.0824,No,N/A,2,3,N/A,2 3,6,7,8,2 7,2 8,11,12,2 11,2 12,3 12,2 3 11,2 3 12,6 12
2 4 5 6 7 9 10 11 13,0.01848,28.632,No,N/A,2,N/A,4,5,6,7,2 6,9,10,11,2 10,13,4 10,2 13,5 11,4 13,5 13
2 3 4 5 7 9 10 12 13,0.0212486,26.5872,No,N/A,2,3,4,5,2 4,7,3 5,9,10,2 9,12,13,2 12,2 13,3 13,4 13,5 13
3 4 6 7 8 9 10,0.0380353,19.1651,No,N/A,N/A,3,4,N/A,6,7,8,9,10,3 8,3 9,3 10,4 10,6 9,6 10,7 10,8 10
2 3 4 7 8 9 10 12 13,0.0190664,28.7003,No,N/A,2,3,4,2 3,2 4,7,8,9,10,2 9,12,13,2 12,2 13,3 13,4 13,2 3 13
3 5 6 8 9 10 11 12,0.0122756,33.775,No,N/A,N/A,3,N/A,5,6,N/A,8,9,10,11,12,3 10,3 11,3 12,5 11,5 12,6 12
2 4 7 8 12,0.0388726,17.1441,No,N/A,2,N/A,4,N/A,2 4,7,8,2 7,2 8,4 7,12,2 4 7,2 12,7 8,4 12,2 7 8,2 4 12
2 3 4 7 9 12,0.0420918,18.0131,No,N/A,2,3,4,2 3,2 4,7,N/A,9,3 7,2 9,12,4 9,2 12,3 12,4 12,2 3 12,2 4 12
3 5 7 8 9 10 11 12 13,0.00686319,41.6867,No,N/A,N/A,3,N/A,5,N/A,7,8,9,10,11,12,13,3 11,3 12,3 13,5 12,5 13
2 3 5 7 9 11 12 13,0.0134197,32.5005,No,N/A,2,3,N/A,5,N/A,7,3 5,9,3 7,11,12,13,2 12,2 13,3 13,5 12,5 13
2 3 5 6 8 9,0.063605,12.5493,No,N/A,2,3,N/A,5,6,2 5,8,9,2 8,2 9,3 9,5 8,5 9,6 9,2 5 9,8 9,3 6 9
3 4 5 6 7 10 12,0.0331716,19.8377,No,N/A,N/A,3,4,5,6,7,3 5,3 6,10,4 7,12,3 10,4 10,3 12,4 12,5 12,6 12
2 3 5 6 9 10 11 12 13,0.0137916,32.4442,No,N/A,2,3,N/A,5,6,2 5,2 6,9,10,11,12,13,2 12,2 13,3 13,5 12,5 13
2 3 5 6 9,0.0817149,10.0846,No,N/A,2,3,N/A,5,6,2 5,2 6,9,2 3 5,2 9,3 9,2 5 6,5 9,6 9,2 5 9,2 6 9,3 6 9
3 5 6 8 10 12 13,0.00927978,34.054,No,N/A,N/A,3,N/A,5,6,N/A,8,3 6,10,3 8,12,13,6 8,3 12,3 13,5 12,5 13
2 3 4 6 8 9 10 13,0.0285435,21.7535,No,N/A,2,3,4,2 3,6,3 4,8,9,10,2 9,2 10,13,4 10,2 13,3 13,4 13,2 3 13
2 3 4 8 9 11 13,0.0245765,23.7833,No,N/A,2,3,4,2 3,2 4,3 4,8,9,2 8,11,3 9,13,3 11,2 13,3 13,4 13,2 3 13
3 4 6 7 8 9 11,0.0342237,20.1817,No,N/A,N/A,3,4,N/A,6,7,8,9,3 7,11,3 9,4 9,3 11,4 11,7 9,6 11,7 11
2 3 4 5 10 11,0.0589146,13.6481,No,N/A,2,3,4,5,2 4,2 5,3 5,4 5,10,11,2 10,2 11,3 11,4 11,5 11,2 4 11,2 5 11
3 5 7 8 12 13,0.00894308,33.3877,No,N/A,N/A,3,N/A,5,N/A,7,8,N/A,3 7,3 8,12,13,N/A,3 12,3 13,5 12,5 13
2 4 5 7 9 10 12 13,0.0122021,34.1622,No,N/A,2,N/A,4,5,2 4,7,N/A,9,10,2 9,12,13,2 12,2 13,4 12,4 13,5 13
2 3 4 5 6 7 8 10 11 12,0.039143,19.0559,No,N/A,2,3,4,5,6,7,8,2 7,10,11,12,2 11,2 12,3 12,4 12,5 12,6 12
2 3 4 5 8 9 10 12,0.0385374,18.7443,No,N/A,2,3,4,5,2 4,2 5,8,9,10,2 9,12,3 10,2 12,3 12,4 12,5 12,2 4 12
2 3 4 5 6 7 8 10 11,0.0560388,14.3393,No,N/A,2,3,4,5,6,7,8,2 7,10,11,2 10,2 11,3 11,4 11,5 11,6 11,7 11
3 4 5 8 9 10,0.038808,18.2863,No,N/A,N/A,3,4,5,N/A,3 4,8,9,10,3 8,3 9,3 10,4 10,5 10,3 4 9,3 4 10,8 10
2 3 4 7 10 12 13,0.0167482,28.9184,No,N/A,2,3,4,2 3,2 4,7,N/A,2 7,10,4 7,12,13,2 12,2 13,3 13,4 13,2 3 13
2 3 4 7 11 13,0.0213585,22.8052,No,N/A,2,3,4,2 3,2 4,7,N/A,2 7,3 7,11,2 3 7,13,3 11,2 13,3 13,4 13,2 3 13
2 3 5 6 7 8 9 11 13,0.0246024,24.7744,No,N/A,2,3,N/A,5,6,7,8,9,2 8,11,3 9,13,3 11,2 13,3 13,6 11,5 13
3 5 6 7 9 10 11 12 13,0.00789384,38.0296,No,N/A,N/A,3,N/A,5,6,7,3 5,9,10,11,12,13,3 11,3 12,3 13,5 12,5 13
2 3 4 7 8 9 13,0.0340689,19.5495,No,N/A,2,3,4,2 3,2 4,7,8,9,2 8,2 9,3 9,13,2 3 9,2 13,3 13,4 13,2 3 13
2 4 7 8 10 11 13,0.0139565,29.7088,No,N/A,2,N/A,4,N/A,2 4,7,8,2 7,10,11,2 10,13,4 10,2 13,2 4 10,4 13,7 11
2 3 4 6 7 12,0.0550746,13.8751,No,N/A,2,3,4,2 3,6,7,2 6,2 7,3 7,4 7,12,6 7,2 12,3 12,4 12,2 3 12,6 12
2 4 5 8 9 10,0.0476347,15.837,No,N/A,2,N/A,4,5,2 4,2 5,8,9,10,2 9,2 10,4 9,4 10,5 10,2 4 10,2 5 10,8 10
3 4 6 7 9 10 11 12 13,0.00747296,43.1492,No,N/A,N/A,3,4,N/A,6,7,N/A,9,10,11,12,13,3 11,3 12,3 13,4 13,6 12
3 4 5 7 9 12,0.0297393,20.4513,No,N/A,N/A,3,4,5,N/A,7,3 5,9,3 7,4 7,12,4 9,5 9,3 12,4 12,5 12,4 5 9
2 4 6 8 11 13,0.0145057,28.2075,No,N/A,2,N/A,4,N/A,6,N/A,8,N/A,2 8,11,4 8,13,6 8,2 13,2 6 8,4 13,4 6 8
2 3 4 5 7 10 13,0.034675,18.5599,No,N/A,2,3,4,5,2 4,7,3 5,2 7,10,4 7,2 10,13,4 10,2 13,3 13,4 13,5 13
3 5 6 7 8 10 11 13,0.012107,32.0302,No,N/A,N/A,3,N/A,5,6,7,8,3 6,10,11,5 7,13,3 11,5 10,3 13,6 11,5 13
2 4 5 6 7 11 13,0.023241,23.8877,No,N/A,2,N/A,4,5,6,7,2 6,2 7,4 6,11,5 7,13,2 5 7,2 13,5 11,4 13,5 13
3 4 5 6 7 9 12 13,0.0169384,27.6634,No,N/A,N/A,3,4,5,6,7,3 5,9,3 7,4 7,12,13,5 9,3 12,3 13,4 13,5 13
3 4 5 7 8 9 10 11 13,0.0152759,31.7529,No,N/A,N/A,3,4,5,N/A,7,8,9,10,11,3 9,13,3 11,4 11,3 13,4 13,5 13
2 4 7 9 10 11,0.0229584,24.3401,No,N/A,2,N/A,4,N/A,2 4,7,N/A,9,10,11,2 10,2 11,4 10,4 11,2 4 10,2 4 11,7 11
3 5 6 7 9 12 13,0.0118258,30.3128,No,N/A,N/A,3,N/A,5,6,7,3 5,9,3 7,5 6,12,13,5 9,3 12,3 13,5 12,5 13
3 5 6 10 11,0.0259777,21.6175,No,N/A,N/A,3,N/A,5,6,N/A,3 5,3 6,10,11,N/A,3 10,3 11,5 10,5 11,6 11,3 5 10
2 3 5 8 9 12,0.035691,19.1711,No,N/A,2,3,N/A,5,N/A,2 5,8,9,2 8,2 9,12,5 8,2 12,3 12,2 5 9,5 12,2 3 5 8
2 4 6 7 8 11 12,0.0241095,23.8715,No,N/A,2,N/A,4,N/A,6,7,8,2 7,2 8,11,12,2 11,2 12,4 11,4 12,6 11,6 12
3 5 7 8 9 10,0.0306937,20.8364,No,N/A,N/A,3,N/A,5,N/A,7,8,9,10,3 8,3 9,3 10,5 9,5 10,7 9,7 10,8 10
2 3 5 8 11 12,0.023583,23.6975,No,N/A,2,3,N/A,5,N/A,2 5,8,N/A,2 8,11,12,2 11,2 12,3 12,5 11,5 12,2 5 11
2 4 5 6 7 8 9 10,0.0506392,15.5142,No,N/A,2,N/A,4,5,6,7,8,9,10,2 9,2 10,4 9,4 10,5 10,6 10,7 10,8 10
2 3 4 5 6,0.0959198,6.83983,No,N/A,2,3,4,5,6,2 5,2 6,3 6,4 6,5 6,2 4 6,2 5 6,3 5 6,4 5 6,2 3 5 6,2 4 5 6,3 4 5 6
2 3 4 7 12 13,0.0192177,23.4385,No,N/A,2,3,4,2 3,2 4,7,N/A,2 7,3 7,4 7,12,13,2 12,2 13,3 13,4 13,2 3 13
2 3 4 5 7 8 9 10,0.05988,13.6902,No,N/A,2,3,4,5,2 4,7,8,9,10,2 9,2 10,3 10,4 10,5 10,2 4 10,7 10,8 10
3 5 6 7 8 9 10 11,0.0233508,24.5052,No,N/A,N/A,3,N/A,5,6,7,8,9,10,11,3 9,3 10,3 11,5 10,5 11,6 11,7 11
2 4 5 6 7 11 12 13,0.0142677,30.2485,No,N/A,2,N/A,4,5,6,7,2 6,2 7,4 6,11,12,13,2 12,2 13,4 12,4 13,5 13
3 4 5 6 7 10 11 13,0.0175452,27.7283,No,N/A,N/A,3,4,5,6,7,3 5,3 6,10,11,5 7,13,3 11,4 11,3 13,4 13,5 13
3 4 5 6 7 8 11 13,0.0219199,24.4839,No,N/A,N/A,3,4,5,6,7,8,3 6,3 7,11,4 8,13,3 11,4 11,3 13,4 13,5 13
2 4 5 8 10 13,0.0224863,22.2429,No,N/A,2,N/A,4,5,2 4,2 5,8,4 5,10,2 4 5,2 10,13,4 10,2 13,2 4 10,4 13,5 13
3 4 5 6 7 9 13,0.027847,21.3464,No,N/A,N/A,3,4,5,6,7,3 5,9,3 7,4 7,3 9,13,5 9,6 9,3 13,4 13,5 13
3 4 6 7 9 11 12 13,0.00863766,38.1601,No,N/A,N/A,3,4,N/A,6,7,N/A,9,3 7,11,12,13,3 11,3 12,3 13,4 13,6 12
2 3 4 5 9 10 11 12,0.0291299,22.6782,No,N/A,2,3,4,5,2 4,2 5,3 5,9,10,11,12,2 11,2 12,3 12,4 12,5 12,2 4 12
2 4 7 8 9 10 12 13,0.0115834,33.0276,No,N/A,2,N/A,4,N/A,2 4,7,8,9,10,2 9,12,13,2 12,2 13,4 12,4 13,2 4 12
2 3 4 5 6 8 9 10 11 13,0.0286317,22.9936,No,N/A,2,3,4,5,6,2 5,8,9,10,11,2 10,13,3 11,2 13,3 13,4 13,5 13
2 4 7 8 10 11 12,0.0167557,28.0667,No,N/A,2,N/A,4,N/A,2 4,7,8,2 7,10,11,12,2 11,2 12,4 11,4 12,2 4 11,2 4 12
3 5 6 8 10 11 13,0.00837798,36.862,No,N/A,N/A,3,N/A,5,6,N/A,8,3 6,10,11,N/A,13,3 11,5 10,3 13,6 11,5 13
2 4 5 8 9 10 11 13,0.0158525,29.4799,No,N/A,2,N/A,4,5,2 4,2 5,8,9,10,11,2 10,13,4 10,2 13,5 11,4 13,5 13
2 3 6 7 9 10 11,0.0308277,21.1172,No,N/A,2,3,N/A,2 3,6,7,2 6,9,10,11,2 10,2 11,3 11,2 3 10,2 3 11,6 11,7 11
2 4 7 8 11,0.042908,16.4132,No,N/A,2,N/A,4,N/A,2 4,7,8,2 7,2 8,11,4 8,2 11,2 4 8,4 11,N/A,2 4 11,7 11
3 4 5 8 10 11 12,0.0184064,27.2625,No,N/A,N/A,3,4,5,N/A,3 4,8,4 5,10,11,12,3 10,3 11,3 12,4 12,5 12,3 4 11
2 4 5 6 7 8 9 11,0.0431529,17.8141,No,N/A,2,N/A,4,5,6,7,8,9,2 8,11,4 8,2 11,5 9,4 11,5 11,6 11,7 11
2 4 5 6 8 9 12,0.0380379,18.3605,No,N/A,2,N/A,4,5,6,2 5,8,9,2 8,2 9,12,4 9,2 12,6 9,4 12,5 12,6 12
3 5 6 7 11 12,0.0194407,23.9786,No,N/A,N/A,3,N/A,5,6,7,3 5,3 6,3 7,11,12,6 7,3 11,3 12,5 11,5 12,6 12
3 5 7 8 11 13,0.0120801,30.6165,No,N/A,N/A,3,N/A,5,N/A,7,8,N/A,3 7,11,5 7,13,3 11,7 8,3 13,N/A,5 13
2 3 4 6 8 9 10,0.0547512,14.1528,No,N/A,2,3,4,2 3,6,3 4,8,9,10,2 9,2 10,3 10,4 10,2 3 10,6 10,3 4 10,8 10
3 4 5 6 7 10 12 13,0.0157501,28.255,No,N/A,N/A,3,4,5,6,7,3 5,3 6,10,4 7,12,13,4 10,3 12,3 13,4 13,5 13
3 5 6 7 11 12 13,0.00848597,33.5461,No,N/A,N/A,3,N/A,5,6,7,3 5,3 6,3 7,11,12,13,3 11,3 12,3 13,5 12,5 13
3 5 6 7 10,0.0474433,14.5717,No,N/A,N/A,3,N/A,5,6,7,3 5,3 6,10,5 6,5 7,3 10,3 5 6,5 10,6 10,7 10,3 5 10
3 5 6 7 10 12 13,0.00970103,32.3963,No,N/A,N/A,3,N/A,5,6,7,3 5,3 6,10,5 6,12,13,3 5 6,3 12,3 13,5 12,5 13
2 3 4 5 10 13,0.035925,18.0298,No,N/A,2,3,4,5,2 4,2 5,3 5,4 5,10,2 4 5,2 10,13,4 10,2 13,3 13,4 13,5 13
3 4 6 7 8 9 10 12,0.0225375,25.467,No,N/A,N/A,3,4,N/A,6,7,8,9,10,3 8,12,3 10,4 10,3 12,4 12,7 10,6 12
2 4 6 7 11 12,0.0254303,21.6931,No,N/A,2,N/A,4,N/A,6,7,2 6,2 7,4 6,11,12,2 11,2 12,4 11,4 12,6 11,6 12
2 3 6 7 10 12 13,0.0131269,29.611,No,N/A,2,3,N/A,2 3,6,7,2 6,2 7,10,2 3 6,12,13,2 12,2 13,3 13,2 3 12,2 3 13
3 5 6 7 8 9 10 13,0.0159151,28.3073,No,N/A,N/A,3,N/A,5,6,7,8,9,10,3 8,3 9,13,5 9,5 10,3 13,7 10,5 13
3 5 6 7 10 11,0.0285392,20.581,No,N/A,N/A,3,N/A,5,6,7,3 5,3 6,10,11,5 7,3 10,3 11,5 10,5 11,6 11,7 11
2 4 5 6 8 10 13,0.0263746,22.3281,No,N/A,2,N/A,4,5,6,2 5,8,4 5,10,5 6,2 10,13,4 10,2 13,6 10,4 13,5 13
2 3 4 5 6 9,0.0802065,8.501,No,N/A,2,3,4,5,6,2 5,2 6,9,4 6,2 9,3 9,4 9,5 9,6 9,2 5 9,2 6 9,3 6 9
3 4 5 6 7 8,0.077689,10.7517,No,N/A,N/A,3,4,5,6,7,8,3 6,3 7,3 8,4 8,5 8,6 8,7 8,3 5 8,3 6 8,3 7 8
3 4 6 8 9 10 11 12,0.0153658,30.0557,No,N/A,N/A,3,4,N/A,6,3 4,8,9,10,11,12,3 10,3 11,3 12,4 12,6 11,6 12
2 3 4 5 6 9 12 13,0.0253639,22.7841,No,N/A,2,3,4,5,6,2 5,2 6,9,4 6,2 9,12,13,2 12,2 13,3 13,4 13,5 13
2 4 6 7 8 9 10 11 12,0.0186528,28.8762,No,N/A,2,N/A,4,N/A,6,7,8,9,10,11,12,2 11,2 12,4 11,4 12,6 11,6 12
3 4 5 6 9 10 13,0.0206237,24.7239,No,N/A,N/A,3,4,5,6,3 4,3 5,9,10,5 6,3 9,13,4 10,5 10,3 13,4 13,5 13
3 4 5 9 10 11 12,0.0163541,28.4454,No,N/A,N/A,3,4,5,N/A,3 4,3 5,9,10,11,12,3 10,3 11,3 12,4 12,5 12,3 4 11
3 4 5 7 8 10 13,0.0214902,25.0701,No,N/A,N/A,3,4,5,N/A,7,8,4 5,10,3 8,4 8,13,4 10,5 10,3 13,4 13,5 13
3 4 6 7 8 9 10 13,0.0171814,28.4799,No,N/A,N/A,3,4,N/A,6,7,8,9,10,3 8,3 9,13,4 10,6 9,3 13,4 13,8 10
2 4 5 6 7 8 9 12 13,0.0197387,26.7809,No,N/A,2,N/A,4,5,6,7,8,9,2 8,2 9,12,13,2 12,2 13,4 12,4 13,5 13
2 3 5 7 10 13,0.0217934,24.0355,No,N/A,2,3,N/A,5,N/A,7,3 5,2 7,10,N/A,2 10,13,2 5 7,2 13,3 13,7 10,5 13
2 4 6 7 8 11,0.0420641,17.2647,No,N/A,2,N/A,4,N/A,6,7,8,2 7,2 8,11,4 8,2 11,6 8,4 11,2 6 8,6 11,7 11
2 3 4 6 7 8 10 11 12 13,0.0183286,29.1371,No,N/A,2,3,4,2 3,6,7,8,2 7,10,11,12,13,2 12,2 13,3 13,4 13,2 3 13
2 4 6 7 8 10 11 13,0.0150104,30.0688,No,N/A,2,N/A,4,N/A,6,7,8,2 7,10,11,2 10,13,4 10,2 13,6 10,4 13,7 11
3 4 5 6 8 9 10 11 12 13,0.0120945,34.1007,No,N/A,N/A,3,4,5,6,3 4,8,9,10,11,12,13,3 11,3 12,3 13,4 13,5 13
3 5 6 9 10 11 13,0.00969015,33.6094,No,N/A,N/A,3,N/A,5,6,N/A,3 5,9,10,11,3 9,13,3 11,5 10,3 13,6 11,5 13
3 4 5 6 7 8 10 11 12 13,0.0135967,31.9998,No,N/A,N/A,3,4,5,6,7,8,3 6,10,11,12,13,3 11,3 12,3 13,4 13,5 13
3 4 5 6 7 9 10,0.0483898,15.7827,No,N/A,N/A,3,4,5,6,7,3 5,9,10,4 7,3 9,3 10,4 10,5 10,6 10,7 10,3 5 10
3 4 6 7 8 9 11 12,0.020236,26.6226,No,N/A,N/A,3,4,N/A,6,7,8,9,3 7,11,12,4 9,3 11,3 12,4 12,6 11,6 12
2 3 5 8 9 11 12 13,0.0128259,33.5198,No,N/A,2,3,N/A,5,N/A,2 5,8,9,2 8,11,12,13,2 12,2 13,3 13,5 12,5 13
2 3 5 6 10 13,0.0296779,19.901,No,N/A,2,3,N/A,5,6,2 5,2 6,3 6,10,5 6,2 10,13,3 5 6,2 13,3 13,2 5 10,5 13
2 4 5 6 7 9 12,0.0361162,19.2986,No,N/A,2,N/A,4,5,6,7,2 6,9,4 6,2 9,12,4 9,2 12,6 9,4 12,5 12,6 12
3 4 6 8 9 12 13,0.0125618,30.604,No,N/A,N/A,3,4,N/A,6,3 4,8,9,4 6,3 8,12,13,6 8,3 12,3 13,4 13,6 12
3 4 6 8 10 13,0.0184035,24.5197,No,N/A,N/A,3,4,N/A,6,3 4,8,3 6,10,3 8,4 8,13,4 10,3 4 8,3 13,4 13,8 10
3 4 5 6 7 9 10 11 13,0.0166144,29.5662,No,N/A,N/A,3,4,5,6,7,3 5,9,10,11,3 9,13,3 11,4 11,3 13,4 13,5 13
2 3 4 5 6 9 10 11 13,0.0263943,23.446,No,N/A,2,3,4,5,6,2 5,2 6,9,10,11,2 10,13,3 11,2 13,3 13,4 13,5 13
2 4 5 6 7 9,0.071312,11.7633,No,N/A,2,N/A,4,5,6,7,2 6,9,4 6,2 9,5 7,4 9,5 9,6 9,7 9,2 6 9,2 7 9
2 4 5 7 8 13,0.0298339,19.5205,No,N/A,2,N/A,4,5,2 4,7,8,2 7,2 8,4 7,4 8,13,2 4 8,2 13,4 5 7,4 13,5 13
3 5 6 7 9 10 11 12,0.0142213,30.236,No,N/A,N/A,3,N/A,5,6,7,3 5,9,10,11,12,3 10,3 11,3 12,5 11,5 12,6 12
3 4 5 7 10 11 13,0.0150946,28.6997,No,N/A,N/A,3,4,5,N/A,7,3 5,4 5,10,11,5 7,13,3 11,4 11,3 13,4 13,5 13
3 5 6 7 8 9 11,0.0295936,21.6367,No,N/A,N/A,3,N/A,5,6,7,8,9,3 7,11,3 9,5 8,3 11,6 9,5 11,6 11,7 11
2 3 4 7 10 11 12 13,0.0125307,34.5963,No,N/A,2,3,4,2 3,2 4,7,N/A,2 7,10,11,12,13,2 12,2 13,3 13,4 13,2 3 13
2 4 7 8 9 10 11 12 13,0.00917919,37.7046,No,N/A,2,N/A,4,N/A,2 4,7,8,9,10,11,12,13,2 12,2 13,4 12,4 13,2 4 12
3 4 5 8 10 11 13,0.0141909,29.7088,No,N/A,N/A,3,4,5,N/A,3 4,8,4 5,10,11,4 8,13,3 11,4 11,3 13,4 13,5 13
2 3 5 6 8 9 10 11 12,0.0239471,25.8289,No,N/A,2,3,N/A,5,6,2 5,8,9,10,11,12,2 11,2 12,3 12,5 11,5 12,6 12
2 3 4 6 7 9 11 12,0.0326608,21.1791,No,N/A,2,3,4,2 3,6,7,2 6,9,3 7,11,12,2 11,2 12,3 12,4 12,2 3 12,6 12
3 5 6 7 9 13,0.0204749,22.9559,No,N/A,N/A,3,N/A,5,6,7,3 5,9,3 7,5 6,3 9,13,5 9,6 9,3 13,3 5 9,5 13
2 3 4 6 8 9 10 11 12,0.0271167,23.8756,No,N/A,2,3,4,2 3,6,3 4,8,9,10,11,12,2 11,2 12,3 12,4 12,2 3 12,6 12
3 4 5 8 9,0.0454554,15.2913,No,N/A,N/A,3,4,5,N/A,3 4,8,9,N/A,3 8,3 9,4 9,5 9,3 4 8,3 4 9,8 9,4 5 9
2 4 5 6 7 8 9 12,0.0377339,18.7838,No,N/A,2,N/A,4,5,6,7,8,9,2 8,2 9,12,4 9,2 12,6 9,4 12,5 12,6 12
2 3 4 7 9 11,0.0458295,17.3029,No,N/A,2,3,4,2 3,2 4,7,N/A,9,3 7,11,3 9,2 11,3 11,4 11,2 3 11,2 4 11,7 11
3 4 5 6 7 8 10 13,0.0252103,22.7636,No,N/A,N/A,3,4,5,6,7,8,3 6,10,3 8,4 8,13,4 10,5 10,3 13,4 13,5 13
3 4 5 8 10 11 12 13,0.00949759,36.1078,No,N/A,N/A,3,4,5,N/A,3 4,8,4 5,10,11,12,13,3 11,3 12,3 13,4 13,5 13
2 3 4 5 6 7 8 10 12 13,0.028536,22.7528,No,N/A,2,3,4,5,6,7,8,2 7,10,3 8,12,13,2 12,2 13,3 13,4 13,5 13
3 4 5 8 9 13,0.017495,25.8963,No,N/A,N/A,3,4,5,N/A,3 4,8,9,N/A,3 8,3 9,13,5 9,3 4 8,3 13,4 13,5 13
3 5 6 7 11,0.0406009,15.9172,No,N/A,N/A,3,N/A,5,6,7,3 5,3 6,3 7,11,5 7,6 7,3 11,3 5 7,5 11,6 11,7 11
2 4 6 9 10 13,0.0177031,25.7381,No,N/A,2,N/A,4,N/A,6,N/A,2 6,9,10,2 9,2 10,13,4 10,2 13,6 10,4 13,2 6 10
2 4 7 8 13,0.0324387,19.0522,No,N/A,2,N/A,4,N/A,2 4,7,8,2 7,2 8,4 7,4 8,13,2 4 8,2 13,N/A,4 13,N/A
2 3 4 7 8 11 13,0.0275737,22.2904,No,N/A,2,3,4,2 3,2 4,7,8,2 7,2 8,11,4 8,13,3 11,2 13,3 13,4 13,2 3 13
3 5 6 7 8 9 11 12,0.0174244,28.1291,No,N/A,N/A,3,N/A,5,6,7,8,9,3 7,11,12,5 8,3 11,3 12,5 11,5 12,6 12
3 5 6 7 9 11,0.0313532,19.7654,No,N/A,N/A,3,N/A,5,6,7,3 5,9,3 7,11,3 9,6 7,3 11,6 9,5 11,6 11,7 11
2 3 4 5 8 9 11 12 13,0.0178766,29.5679,No,N/A,2,3,4,5,2 4,2 5,8,9,2 8,11,12,13,2 12,2 13,3 13,4 13,5 13
3 4 5 8 9 11 12 13,0.00799371,40.6706,No,N/A,N/A,3,4,5,N/A,3 4,8,9,N/A,11,12,13,3 11,3 12,3 13,4 13,5 13
3 4 5 7 8 9 10 11 12 13,0.0110188,37.696,No,N/A,N/A,3,4,5,N/A,7,8,9,10,11,12,13,3 11,3 12,3 13,4 13,5 13
3 4 6 8 9 11 12 13,0.00985346,35.0472,No,N/A,N/A,3,4,N/A,6,3 4,8,9,4 6,11,12,13,3 11,3 12,3 13,4 13,6 12
3 4 6 7 8 12,0.0320919,19.545,No,N/A,N/A,3,4,N/A,6,7,8,3 6,3 7,3 8,12,6 7,6 8,3 12,4 12,3 6 8,6 12
2 3 5 6 7 8 10 11 12,0.027877,23.5929,No,N/A,2,3,N/A,5,6,7,8,2 7,10,11,12,2 11,2 12,3 12,5 11,5 12,6 12
3 4 5 8 9 10 11 13,0.0131532,32.2544,No,N/A,N/A,3,4,5,N/A,3 4,8,9,10,11,3 9,13,3 11,4 11,3 13,4 13,5 13
2 3 4 7 10 13,0.0282583,21.0504,No,N/A,2,3,4,2 3,2 4,7,N/A,2 7,10,4 7,2 10,13,4 10,2 13,3 13,4 13,2 3 13
3 4 5 6 8 9 10 11 12,0.0202411,26.9696,No,N/A,N/A,3,4,5,6,3 4,8,9,10,11,12,3 10,3 11,3 12,4 12,5 12,6 12
3 4 5 6 7 8 9 10 12 13,0.0167011,29.5542,No,N/A,N/A,3,4,5,6,7,8,9,10,3 8,12,13,4 10,3 12,3 13,4 13,5 13
2 3 4 8 10 11 12,0.0247149,23.8411,No,N/A,2,3,4,2 3,2 4,3 4,8,2 3 4,10,11,12,2 11,2 12,3 12,4 12,2 3 12,2 4 12
2 3 4 5 6 8 9 11 12,0.038322,19.1124,No,N/A,2,3,4,5,6,2 5,8,9,2 8,11,12,2 11,2 12,3 12,4 12,5 12,6 12
3 4 5 8 9 10 11 12,0.016313,30.3851,No,N/A,N/A,3,4,5,N/A,3 4,8,9,10,11,12,3 10,3 11,3 12,4 12,5 12,3 4 11
3 4 6 7 9 10 12,0.0188252,28.1475,No,N/A,N/A,3,4,N/A,6,7,N/A,9,10,4 7,12,3 10,4 10,3 12,4 12,7 10,6 12
3 5 6 7 10 11 12 13,0.00746905,37.0736,No,N/A,N/A,3,N/A,5,6,7,3 5,3 6,10,11,12,13,3 11,3 12,3 13,5 12,5 13
2 3 5 6 9 12 13,0.0184866,25.9487,No,N/A,2,3,N/A,5,6,2 5,2 6,9,2 3 5,2 9,12,13,2 12,2 13,3 13,5 12,5 13
2 3 5 8 9 10 11,0.0339228,21.729,No,N/A,2,3,N/A,5,N/A,2 5,8,9,10,11,2 10,2 11,3 11,5 10,5 11,2 5 10,2 5 11
2 3 4 7 8 10 12,0.0390309,18.7296,No,N/A,2,3,4,2 3,2 4,7,8,2 7,10,3 8,12,3 10,2 12,3 12,4 12,2 3 12,2 4 12
2 4 5 7 8 9 11 12,0.0223563,25.9712,No,N/A,2,N/A,4,5,2 4,7,8,9,2 8,11,12,2 11,2 12,4 11,4 12,5 12,2 4 12
2 3 5 6 7 8 9 10 11 12,0.0278872,24.1462,No,N/A,2,3,N/A,5,6,7,8,9,10,11,12,2 11,2 12,3 12,5 11,5 12,6 12
3 5 6 7 9 12,0.0268166,21.2931,No,N/A,N/A,3,N/A,5,6,7,3 5,9,3 7,5 6,12,6 7,5 9,3 12,7 9,5 12,6 12
3 4 6 7 8 9 10 11 13,0.0133608,32.6702,No,N/A,N/A,3,4,N/A,6,7,8,9,10,11,3 9,13,3 11,4 11,3 13,4 13,7 11
3 4 5 6 7 8 9 10 11 12 13,0.0148048,31.5483,No,N/A,N/A,3,4,5,6,7,8,9,10,11,12,13,3 11,3 12,3 13,4 13,5 13
3 4 6 7 8 9 10 11,0.0257456,24.19,No,N/A,N/A,3,4,N/A,6,7,8,9,10,11,3 9,3 10,3 11,4 11,6 10,6 11,7 11
3 4 6 7 9 12,0.024457,22.914,No,N/A,N/A,3,4,N/A,6,7,N/A,9,3 7,4 7,12,4 9,3 4 7,3 12,4 12,4 6 7,6 12
2 3 4 6 8 10 11 13,0.0232619,24.8459,No,N/A,2,3,4,2 3,6,3 4,8,3 6,10,11,2 10,13,3 11,2 13,3 13,4 13,2 3 13
2 4 6 8 9 10 11 12,0.0151702,32.6197,No,N/A,2,N/A,4,N/A,6,N/A,8,9,10,11,12,2 11,2 12,4 11,4 12,6 11,6 12
3 4 5 7 9 11,0.0367972,18.7299,No,N/A,N/A,3,4,5,N/A,7,3 5,9,3 7,11,3 9,4 9,3 11,4 11,5 11,3 5 9,7 11
3 4 5 7 9 11 12,0.019896,26.2818,No,N/A,N/A,3,4,5,N/A,7,3 5,9,3 7,11,12,4 9,3 11,3 12,4 12,5 12,7 11
3 4 5 6 10,0.0570307,12.1322,No,N/A,N/A,3,4,5,6,3 4,3 5,3 6,10,5 6,3 4 5,3 10,4 10,5 10,6 10,3 4 10,3 5 10
2 4 7 8 9 10,0.037228,18.3959,No,N/A,2,N/A,4,N/A,2 4,7,8,9,10,2 9,2 10,4 9,4 10,2 4 9,2 4 10,7 10,8 10
3 4 5 7 9 10,0.0471278,16.5421,No,N/A,N/A,3,4,5,N/A,7,3 5,9,10,4 7,3 9,3 10,4 10,5 10,7 9,7 10,3 5 10
3 4 5 6 8 9 10 11,0.0303518,21.6176,No,N/A,N/A,3,4,5,6,3 4,8,9,10,11,3 9,3 10,3 11,4 11,5 11,6 11,3 4 11
2 3 4 5 7 8 9 10 13,0.0329315,21.0191,No,N/A,2,3,4,5,2 4,7,8,9,10,2 9,2 10,13,4 10,2 13,3 13,4 13,5 13
2 3 5 7 10 11 13,0.0191329,26.7037,No,N/A,2,3,N/A,5,N/A,7,3 5,2 7,10,11,2 10,13,3 11,2 13,3 13,7 10,5 13
3 4 5 7 9 10 12 13,0.0122313,33.0133,No,N/A,N/A,3,4,5,N/A,7,3 5,9,10,4 7,12,13,4 10,3 12,3 13,4 13,5 13
2 3 4 8 9,0.0762056,9.78435,No,N/A,2,3,4,2 3,2 4,3 4,8,9,2 8,2 9,3 9,4 9,2 3 9,2 4 9,3 4 9,8 9,2 3 4 9
3 4 5 7 9 10 11 12 13,0.00983761,37.3773,No,N/A,N/A,3,4,5,N/A,7,3 5,9,10,11,12,13,3 11,3 12,3 13,4 13,5 13
3 5 6 8 10 12,0.0210303,24.1745,No,N/A,N/A,3,N/A,5,6,N/A,8,3 6,10,3 8,12,3 10,6 8,3 12,6 10,5 12,6 12
2 4 5 7 8 11,0.0485281,15.8193,No,N/A,2,N/A,4,5,2 4,7,8,2 7,2 8,11,4 8,2 11,2 4 8,4 11,5 11,2 4 11,7 11
2 3 4 5 7 12 13,0.026072,21.636,No,N/A,2,3,4,5,2 4,7,3 5,2 7,3 7,4 7,12,13,2 12,2 13,3 13,4 13,5 13
3 4 6 7 8 9 10 11 12 13,0.010179,37.4134,No,N/A,N/A,3,4,N/A,6,7,8,9,10,11,12,13,3 11,3 12,3 13,4 13,6 12
2 3 5 6 8 11 12,0.028405,21.6917,No,N/A,2,3,N/A,5,6,2 5,8,3 6,2 8,11,12,2 11,2 12,3 12,5 11,5 12,6 12
3 4 5 7 9 10 11,0.0289516,22.6056,No,N/A,N/A,3,4,5,N/A,7,3 5,9,10,11,3 9,3 10,3 11,4 11,5 11,7 10,7 11
3 4 5 7 8 11,0.0418644,17.6928,No,N/A,N/A,3,4,5,N/A,7,8,4 5,3 7,11,4 8,5 8,3 11,4 11,5 11,4 5 8,7 11
2 4 5 8 10 11 12,0.0217249,25.0442,No,N/A,2,N/A,4,5,2 4,2 5,8,4 5,10,11,12,2 11,2 12,4 11,4 12,5 12,2 4 12
2 4 5 8 9 12 13,0.0143077,28.8947,No,N/A,2,N/A,4,5,2 4,2 5,8,9,2 8,2 9,12,13,2 12,2 13,4 12,4 13,5 13
2 3 5 8 9 10 13,0.0222061,25.6887,No,N/A,2,3,N/A,5,N/A,2 5,8,9,10,2 9,2 10,13,5 9,2 13,3 13,2 5 10,5 13
3 4 5 6 7 11 12 13,0.0127588,30.9206,No,N/A,N/A,3,4,5,6,7,3 5,3 6,3 7,11,12,13,3 11,3 12,3 13,4 13,5 13
2 3 6 8 11 12 13,0.0123482,31.6569,No,N/A,2,3,N/A,2 3,6,N/A,8,3 6,2 8,11,12,13,2 12,2 13,3 13,2 3 12,2 3 13
2 4 6 7 9 11 12 13,0.0102231,34.9117,No,N/A,2,N/A,4,N/A,6,7,2 6,9,4 6,11,12,13,2 12,2 13,4 12,4 13,6 12
2 3 5 6 12 13,0.0197276,22.4442,No,N/A,2,3,N/A,5,6,2 5,2 6,3 6,2 3 5,5 6,12,13,2 12,2 13,3 13,5 12,5 13
3 4 6 7 9 10 13,0.0138045,30.8219,No,N/A,N/A,3,4,N/A,6,7,N/A,9,10,4 7,3 9,13,4 10,6 9,3 13,4 13,3 6 9
2 3 4 5 6 8 10 12 13,0.0252999,23.6419,No,N/A,2,3,4,5,6,2 5,8,3 6,10,3 8,12,13,2 12,2 13,3 13,4 13,5 13
2 3 4 7 8 13,0.0394429,17.0041,No,N/A,2,3,4,2 3,2 4,7,8,2 7,2 8,3 8,4 8,13,2 4 8,2 13,3 13,4 13,2 3 13
3 5 6 8 9 10 13,0.0137619,30.0398,No,N/A,N/A,3,N/A,5,6,N/A,8,9,10,3 8,3 9,13,5 9,5 10,3 13,8 9,5 13
3 4 6 7 10 11,0.0214874,25.5137,No,N/A,N/A,3,4,N/A,6,7,N/A,3 6,10,11,N/A,3 10,3 11,4 11,6 10,6 11,7 11
2 4 6 7 9 10 13,0.0183066,26.4747,No,N/A,2,N/A,4,N/A,6,7,2 6,9,10,2 9,2 10,13,4 10,2 13,6 10,4 13,2 6 10
2 3 4 6 10 11,0.0509527,14.9014,No,N/A,2,3,4,2 3,6,3 4,2 6,3 6,10,11,2 10,2 11,3 11,4 11,2 3 11,6 11,3 4 11
2 3 4 5 8 10 11 12,0.0316886,21.7989,No,N/A,2,3,4,5,2 4,2 5,8,4 5,10,11,12,2 11,2 12,3 12,4 12,5 12,2 4 12
3 4 6 7 12 13,0.0131378,27.9235,No,N/A,N/A,3,4,N/A,6,7,N/A,3 6,3 7,4 7,12,13,3 4 7,3 12,3 13,4 13,6 12
2 4 6 9 12,0.0372232,17.9184,No,N/A,2,N/A,4,N/A,6,N/A,2 6,9,4 6,2 9,12,4 9,2 12,6 9,4 12,2 6 9,6 12
2 4 6 9 11 13,0.0147271,29.6746,No,N/A,2,N/A,4,N/A,6,N/A,2 6,9,4 6,11,2 4 6,13,N/A,2 13,N/A,4 13,N/A
2 3 6 7 8 9 12 13,0.016476,28.3606,No,N/A,2,3,N/A,2 3,6,7,8,9,2 8,2 9,12,13,2 12,2 13,3 13,2 3 12,2 3 13
2 3 6 7 9 12 13,0.0159945,27.2507,No,N/A,2,3,N/A,2 3,6,7,2 6,9,3 7,2 9,12,13,2 12,2 13,3 13,2 3 12,2 3 13
2 4 5 7 9,0.0527399,14.6046,No,N/A,2,N/A,4,5,2 4,7,N/A,9,N/A,2 9,5 7,4 9,5 9,2 4 9,7 9,N/A,2 7 9
2 4 5 8 9,0.0608695,11.6364,No,N/A,2,N/A,4,5,2 4,2 5,8,9,2 8,2 9,4 8,4 9,5 9,2 4 9,2 5 9,8 9,4 5 9
3 5 7 9 10 13,0.0126277,30.1886,No,N/A,N/A,3,N/A,5,N/A,7,3 5,9,10,N/A,3 9,13,5 9,5 10,3 13,7 10,5 13
2 4 6 7 9 10 12,0.0255597,23.3683,No,N/A,2,N/A,4,N/A,6,7,2 6,9,10,2 9,12,4 9,2 12,6 9,4 12,7 10,6 12
3 4 5 7 8 9 10,0.0416515,18.4228,No,N/A,N/A,3,4,5,N/A,7,8,9,10,3 8,3 9,3 10,4 10,5 10,7 9,7 10,8 10
2 3 4 8 10 11 13,0.0202079,25.6729,No,N/A,2,3,4,2 3,2 4,3 4,8,2 3 4,10,11,2 10,13,3 11,2 13,3 13,4 13,2 3 13
2 3 5 6 10 12 13,0.0184044,26.5752,No,N/A,2,3,N/A,5,6,2 5,2 6,3 6,10,5 6,12,13,2 12,2 13,3 13,5 12,5 13
3 4 5 7 8 9 10 11,0.0282031,23.812,No,N/A,N/A,3,4,5,N/A,7,8,9,10,11,3 9,3 10,3 11,4 11,5 11,7 10,7 11
2 3 4 5 6 11 12,0.0406438,16.8047,No,N/A,2,3,4,5,6,2 5,2 6,3 6,4 6,11,12,2 11,2 12,3 12,4 12,5 12,6 12
2 4 6 7 8 9,0.0563043,14.5821,No,N/A,2,N/A,4,N/A,6,7,8,9,2 8,2 9,4 8,4 9,6 8,6 9,7 9,8 9,2 7 9
3 4 5 7 8 9 10 11 12,0.0180341,30.4546,No,N/A,N/A,3,4,5,N/A,7,8,9,10,11,12,3 10,3 11,3 12,4 12,5 12,7 11
2 4 5 6 8 12 13,0.0200111,24.7782,No,N/A,2,N/A,4,5,6,2 5,8,4 5,2 8,5 6,12,13,2 12,2 13,4 12,4 13,5 13
3 4 5 6 11,0.0475824,13.5319,No,N/A,N/A,3,4,5,6,3 4,3 5,3 6,4 6,11,3 4 5,3 4 6,3 11,4 11,5 11,6 11,3 4 11
2 3 4 6 8 9,0.0704261,11.0705,No,N/A,2,3,4,2 3,6,3 4,8,9,2 8,2 9,3 9,4 9,2 3 9,6 9,3 4 9,8 9,3 6 9
3 4 5 6 7 12,0.0418717,16.6362,No,N/A,N/A,3,4,5,6,7,3 5,3 6,3 7,4 7,12,6 7,3 4 7,3 12,4 12,5 12,6 12
3 4 5 6 10 11 13,0.0149113,27.5196,No,N/A,N/A,3,4,5,6,3 4,3 5,3 6,10,11,3 4 5,13,3 11,4 11,3 13,4 13,5 13
2 3 4 6 10 12,0.0387072,17.4966,No,N/A,2,3,4,2 3,6,3 4,2 6,3 6,10,2 3 6,12,3 10,2 12,3 12,4 12,2 3 12,6 12
3 4 5 6 7 10 11 12,0.021641,25.7264,No,N/A,N/A,3,4,5,6,7,3 5,3 6,10,11,12,3 10,3 11,3 12,4 12,5 12,6 12
2 3 4 7 9 10 11 12 13,0.0126645,37.4804,No,N/A,2,3,4,2 3,2 4,7,N/A,9,10,11,12,13,2 12,2 13,3 13,4 13,2 3 13
2 3 4 6 7 8 9 11,0.0509059,15.6655,No,N/A,2,3,4,2 3,6,7,8,9,2 8,11,3 9,2 11,3 11,4 11,2 3 11,6 11,7 11
2 3 5 6 9 11 12 13,0.0127792,31.6684,No,N/A,2,3,N/A,5,6,2 5,2 6,9,2 3 5,11,12,13,2 12,2 13,3 13,5 12,5 13
3 4 5 6 9 11,0.0399956,17.1889,No,N/A,N/A,3,4,5,6,3 4,3 5,9,4 6,11,3 9,4 9,3 11,4 11,5 11,6 11,3 4 11
3 4 5 6 9 11 12,0.0225154,24.0017,No,N/A,N/A,3,4,5,6,3 4,3 5,9,4 6,11,12,4 9,3 11,3 12,4 12,5 12,6 12
3 4 5 6 8 10 11,0.0361179,19.066,No,N/A,N/A,3,4,5,6,3 4,8,3 6,10,11,4 8,3 10,3 11,4 11,5 11,6 11,3 4 11
3 4 5 6 9 10 11,0.0288662,21.6724,No,N/A,N/A,3,4,5,6,3 4,3 5,9,10,11,3 9,3 10,3 11,4 11,5 11,6 11,3 4 11
2 4 5 6 7 8 9 10 11 13,0.0208081,27.0541,No,N/A,2,N/A,4,5,6,7,8,9,10,11,2 10,13,4 10,2 13,5 11,4 13,5 13
3 4 6 7 9 13,0.0184665,24.8598,No,N/A,N/A,3,4,N/A,6,7,N/A,9,3 7,4 7,3 9,13,3 4 7,6 9,3 13,4 13,3 6 9
3 4 5 7 8 9 11,0.0347313,20.6837,No,N/A,N/A,3,4,5,N/A,7,8,9,3 7,11,3 9,4 9,3 11,4 11,5 11,8 9,7 11
3 4 5 6 9 10 11 12 13,0.0103025,35.121,No,N/A,N/A,3,4,5,6,3 4,3 5,9,10,11,12,13,3 11,3 12,3 13,4 13,5 13
2 4 5 6 7 8 10 12,0.034018,20.3091,No,N/A,2,N/A,4,5,6,7,8,2 7,10,4 7,12,5 8,2 12,5 10,4 12,5 12,6 12
2 3 4 7 8 9 10 11 12,0.0255145,25.0537,No,N/A,2,3,4,2 3,2 4,7,8,9,10,11,12,2 11,2 12,3 12,4 12,2 3 12,2 4 12
3 4 6 7 8 11,0.0391651,18.1501,No,N/A,N/A,3,4,N/A,6,7,8,3 6,3 7,11,4 8,6 7,3 11,4 11,3 6 7,6 11,7 11
2 4 7 10 12,0.0313771,21.102,No,N/A,2,N/A,4,N/A,2 4,7,N/A,2 7,10,4 7,12,2 4 7,2 12,N/A,4 12,7 10,2 4 12
2 3 5 9 11,0.0433783,15.5505,No,N/A,2,3,N/A,5,N/A,2 5,3 5,9,2 3 5,11,3 9,2 11,3 11,N/A,5 11,3 5 9,2 5 11
2 4 6 7 10 12 13,0.0130781,29.7327,No,N/A,2,N/A,4,N/A,6,7,2 6,2 7,10,4 7,12,13,2 12,2 13,4 12,4 13,6 12
2 3 6 9 10,0.0487918,14.6513,No,N/A,2,3,N/A,2 3,6,N/A,2 6,9,10,2 9,2 10,3 10,2 3 9,2 3 10,6 10,2 6 9,2 6 10
2 4 5 6 10 11 12 13,0.0116045,32.1267,No,N/A,2,N/A,4,5,6,2 5,2 6,4 5,10,11,12,13,2 12,2 13,4 12,4 13,5 13
2 4 6 7 8 10 11 12 13,0.0104351,36.2371,No,N/A,2,N/A,4,N/A,6,7,8,2 7,10,11,12,13,2 12,2 13,4 12,4 13,6 12
2 3 5 7 8 9 10 12 13,0.0153291,33.1543,No,N/A,2,3,N/A,5,N/A,7,8,9,10,2 9,12,13,2 12,2 13,3 13,5 12,5 13
2 3 5 8 9 11 13,0.0189965,26.9308,No,N/A,2,3,N/A,5,N/A,2 5,8,9,2 8,11,3 9,13,3 11,2 13,3 13,8 9,5 13
2 4 5 8,0.0850641,7.64824,No,N/A,2,N/A,4,5,2 4,2 5,8,4 5,2 8,2 4 5,4 8,5 8,2 4 8,2 5 8,N/A,4 5 8,N/A
2 4 7 8 10 13,0.0220835,23.5216,No,N/A,2,N/A,4,N/A,2 4,7,8,2 7,10,4 7,2 10,13,4 10,2 13,2 4 10,4 13,8 10
2 3 4 5 6 7 9 11,0.0614862,13.3192,No,N/A,2,3,4,5,6,7,2 6,9,3 7,11,3 9,2 11,3 11,4 11,5 11,6 11,7 11
2 3 4 5 7 9 10 11 12 13,0.0180501,30.0559,No,N/A,2,3,4,5,2 4,7,3 5,9,10,11,12,13,2 12,2 13,3 13,4 13,5 13
3 4 6 7 8 9,0.0569406,14.6826,No,N/A,N/A,3,4,N/A,6,7,8,9,3 7,3 8,3 9,4 9,6 8,6 9,7 9,8 9,3 6 9
2 4 6 8 10 11,0.0240755,24.2958,No,N/A,2,N/A,4,N/A,6,N/A,8,N/A,10,11,2 10,2 11,4 10,4 11,6 10,6 11,8 10
2 3 5 6 7 10 13,0.030214,21.1206,No,N/A,2,3,N/A,5,6,7,2 6,2 7,10,5 6,2 10,13,2 5 7,2 13,3 13,7 10,5 13
3 5 6 7,0.0971184,8.89162,No,N/A,N/A,3,N/A,5,6,7,3 5,3 6,3 7,5 6,5 7,6 7,3 5 6,3 5 7,3 6 7,N/A,5 6 7
3 4 5 6 10 12 13,0.0140789,28.0981,No,N/A,N/A,3,4,5,6,3 4,3 5,3 6,10,5 6,12,13,4 10,3 12,3 13,4 13,5 13
3 4 5 7 12,0.0337264,17.7825,No,N/A,N/A,3,4,5,N/A,7,3 5,4 5,3 7,4 7,12,N/A,3 4 7,3 12,4 12,5 12,N/A
2 3 4 5 8 9 10 11,0.0437556,17.5909,No,N/A,2,3,4,5,2 4,2 5,8,9,10,11,2 10,2 11,3 11,4 11,5 11,2 4 11,2 5 11
2 3 5 6 8 9 10 12,0.0318864,21.2224,No,N/A,2,3,N/A,5,6,2 5,8,9,10,2 9,12,3 10,2 12,3 12,6 10,5 12,6 12
2 4 5 6 8 12,0.0420469,16.8781,No,N/A,2,N/A,4,5,6,2 5,8,4 5,2 8,5 6,12,5 8,2 12,2 5 8,4 12,5 12,6 12
3 4 5 6 7 10 11 12 13,0.0117388,33.3623,No,N/A,N/A,3,4,5,6,7,3 5,3 6,10,11,12,13,3 11,3 12,3 13,4 13,5 13
2 3 4 5 6 7 11 12 13,0.0230662,24.4122,No,N/A,2,3,4,5,6,7,2 6,2 7,3 7,11,12,13,2 12,2 13,3 13,4 13,5 13
2 3 5 9 11 13,0.0196129,24.3126,No,N/A,2,3,N/A,5,N/A,2 5,3 5,9,2 3 5,11,3 9,13,3 11,2 13,3 13,3 5 9,5 13
2 4 5 6 7 8 9 10 11 12 13,0.0163734,30.7431,No,N/A,2,N/A,4,5,6,7,8,9,10,11,12,13,2 12,2 13,4 12,4 13,5 13
2 3 5 6 7 8 9 12,0.0408297,18.1347,No,N/A,2,3,N/A,5,6,7,8,9,2 8,2 9,12,5 8,2 12,3 12,7 9,5 12,6 12
2 4 6 7 8 11 12 13,0.0116405,32.7973,No,N/A,2,N/A,4,N/A,6,7,8,2 7,2 8,11,12,13,2 12,2 13,4 12,4 13,6 12
3 5 6 8 9 12 13,0.00907601,35.755,No,N/A,N/A,3,N/A,5,6,N/A,8,9,N/A,3 8,12,13,5 9,3 12,3 13,5 12,5 13
2 3 4 6 7 10 11 13,0.0221692,25.6426,No,N/A,2,3,4,2 3,6,7,2 6,2 7,10,11,2 10,13,3 11,2 13,3 13,4 13,2 3 13
2 3 6 7 8 10 11 12,0.021731,25.4983,No,N/A,2,3,N/A,2 3,6,7,8,2 7,10,11,12,2 11,2 12,3 12,2 3 11,2 3 12,6 12
2 4 5 7 8 9 10 13,0.0217584,25.2532,No,N/A,2,N/A,4,5,2 4,7,8,9,10,2 9,2 10,13,4 10,2 13,2 4 10,4 13,5 13
2 4 5 6 8 10 11 12 13,0.0126416,33.1074,No,N/A,2,N/A,4,5,6,2 5,8,4 5,10,11,12,13,2 12,2 13,4 12,4 13,5 13
2 4 5 7 8 11 12,0.0257148,23.2969,No,N/A,2,N/A,4,5,2 4,7,8,2 7,2 8,11,12,2 11,2 12,4 11,4 12,5 12,2 4 12
2 4 5 8 9 13,0.0246957,21.3224,No,N/A,2,N/A,4,5,2 4,2 5,8,9,2 8,2 9,4 8,13,5 9,2 13,2 5 9,4 13,5 13
3 4 5 6 8 10,0.0592506,13.8103,No,N/A,N/A,3,4,5,6,3 4,8,3 6,10,3 8,4 8,3 10,4 10,5 10,6 10,3 4 10,8 10
2 3 4 6 8 10 12 13,0.0183014,27.8911,No,N/A,2,3,4,2 3,6,3 4,8,3 6,10,3 8,12,13,2 12,2 13,3 13,4 13,2 3 13
2 3 4 6 7 11 13,0.0274817,21.8848,No,N/A,2,3,4,2 3,6,7,2 6,2 7,3 7,11,2 3 7,13,3 11,2 13,3 13,4 13,2 3 13
2 3 6 7 8 11 13,0.0197399,25.5527,No,N/A,2,3,N/A,2 3,6,7,8,2 7,2 8,11,2 3 7,13,3 11,2 13,3 13,6 11,2 3 13
2 3 5 7 8,0.0793414,10.3055,No,N/A,2,3,N/A,5,N/A,7,8,2 7,2 8,3 8,5 7,5 8,2 5 7,7 8,3 5 8,2 7 8,3 7 8
3 4 5 6 8 10 11 12,0.0218128,25.2358,No,N/A,N/A,3,4,5,6,3 4,8,3 6,10,11,12,3 10,3 11,3 12,4 12,5 12,6 12
2 3 5 7 10 11,0.0416071,17.6516,No,N/A,2,3,N/A,5,N/A,7,3 5,2 7,10,11,2 10,2 11,3 11,5 10,5 11,7 10,7 11
2 3 6 7 9 10 11 12,0.0190937,27.635,No,N/A,2,3,N/A,2 3,6,7,2 6,9,10,11,12,2 11,2 12,3 12,2 3 11,2 3 12,6 12
3 4 5 6 8 9 10 13,0.0210296,25.6144,No,N/A,N/A,3,4,5,6,3 4,8,9,10,3 8,3 9,13,4 10,5 10,3 13,4 13,5 13
2 3 4 6 7 10 12,0.041532,17.4413,No,N/A,2,3,4,2 3,6,7,2 6,2 7,10,4 7,12,3 10,2 12,3 12,4 12,2 3 12,6 12
3 4 5 6 12 13,0.0162465,24.0846,No,N/A,N/A,3,4,5,6,3 4,3 5,3 6,4 6,5 6,12,13,3 5 6,3 12,3 13,4 13,5 13
2 3 5 7 8 9 10 11 12 13,0.0137949,36.3042,No,N/A,2,3,N/A,5,N/A,7,8,9,10,11,12,13,2 12,2 13,3 13,5 12,5 13
2 4 6 7 8 10 11,0.0314035,21.2791,No,N/A,2,N/A,4,N/A,6,7,8,2 7,10,11,2 10,2 11,4 10,4 11,6 10,6 11,7 11
2 3 4 7 10 11 12,0.0244748,25.2602,No,N/A,2,3,4,2 3,2 4,7,N/A,2 7,10,11,12,2 11,2 12,3 12,4 12,2 3 12,2 4 12
3 5 6 7 10 11 13,0.0122532,30.0626,No,N/A,N/A,3,N/A,5,6,7,3 5,3 6,10,11,5 7,13,3 11,5 10,3 13,6 11,5 13
2 3 4 5 6 9 11,0.0592386,12.9089,No,N/A,2,3,4,5,6,2 5,2 6,9,4 6,11,3 9,2 11,3 11,4 11,5 11,6 11,2 5 11
2 4 5 6 7 8 11 13,0.022763,24.4479,No,N/A,2,N/A,4,5,6,7,8,2 7,2 8,11,4 8,13,6 8,2 13,5 11,4 13,5 13
3 4 5 6 7 10,0.0633016,13.1957,No,N/A,N/A,3,4,5,6,7,3 5,3 6,10,4 7,5 7,3 10,4 10,5 10,6 10,7 10,3 5 10
3 4 6 7 8 11 12,0.0205146,25.8437,No,N/A,N/A,3,4,N/A,6,7,8,3 6,3 7,11,12,6 7,3 11,3 12,4 12,6 11,6 12
3 4 5 6 7 8 9,0.0595506,13.2255,No,N/A,N/A,3,4,5,6,7,8,9,3 7,3 8,3 9,4 9,5 9,6 9,7 9,8 9,3 6 9
2 3 5 7 8 9 10,0.0470996,17.5033,No,N/A,2,3,N/A,5,N/A,7,8,9,10,2 9,2 10,3 10,5 9,5 10,7 9,7 10,8 10
2 3 4 5 8 9 10,0.0596321,13.0169,No,N/A,2,3,4,5,2 4,2 5,8,9,10,2 9,2 10,3 10,4 10,5 10,2 4 10,2 5 10,8 10
3 4 5 6 7 10 13,0.0250959,22.5616,No,N/A,N/A,3,4,5,6,7,3 5,3 6,10,4 7,5 7,13,4 10,5 10,3 13,4 13,5 13
3 4 5 7 10 12 13,0.0124483,30.3073,No,N/A,N/A,3,4,5,N/A,7,3 5,4 5,10,4 7,12,13,4 10,3 12,3 13,4 13,5 13
2 3 5 9 10 12 13,0.0147977,29.915,No,N/A,2,3,N/A,5,N/A,2 5,3 5,9,10,2 9,12,13,2 12,2 13,3 13,5 12,5 13
2 4 5 6 7 8 9 11 12 13,0.0159932,30.8326,No,N/A,2,N/A,4,5,6,7,8,9,2 8,11,12,13,2 12,2 13,4 12,4 13,5 13
3 5 6 9 10,0.0409038,17.1242,No,N/A,N/A,3,N/A,5,6,N/A,3 5,9,10,5 6,3 9,3 10,5 9,5 10,6 10,3 5 9,3 5 10
3 4 5 6 8 11,0.048109,15.9075,No,N/A,N/A,3,4,5,6,3 4,8,3 6,4 6,11,4 8,5 8,3 11,4 11,5 11,6 11,3 4 11
2 3 5 6 7 9 10 11 12,0.026217,24.3342,No,N/A,2,3,N/A,5,6,7,2 6,9,10,11,12,2 11,2 12,3 12,5 11,5 12,6 12
3 4 6 7 9 11 13,0.0129792,31.2928,No,N/A,N/A,3,4,N/A,6,7,N/A,9,3 7,11,3 9,13,3 11,4 11,3 13,4 13,7 11
3 4 5 6 7 9 10 11 12,0.0208182,26.9198,No,N/A,N/A,3,4,5,6,7,3 5,9,10,11,12,3 10,3 11,3 12,4 12,5 12,6 12
3 4 6 7 9 10 11 12,0.0139534,33.6506,No,N/A,N/A,3,4,N/A,6,7,N/A,9,10,11,12,3 10,3 11,3 12,4 12,6 11,6 12
2 4 5 6 8 9 10 11 13,0.0176661,28.7037,No,N/A,2,N/A,4,5,6,2 5,8,9,10,11,2 10,13,4 10,2 13,5 11,4 13,5 13
3 4 5 6 7 8 9 12,0.0348114,19.7334,No,N/A,N/A,3,4,5,6,7,8,9,3 7,3 8,12,4 9,5 9,3 12,4 12,5 12,6 12
3 4 5 9 10,0.0390515,17.0955,No,N/A,N/A,3,4,5,N/A,3 4,3 5,9,10,N/A,3 9,3 10,4 10,5 10,3 4 9,3 4 10,3 5 10
2 4 7 9 10 12 13,0.0108635,34.1274,No,N/A,2,N/A,4,N/A,2 4,7,N/A,9,10,2 9,12,13,2 12,2 13,4 12,4 13,2 4 12
2 4 5 7 9 12 13,0.0116388,33.3457,No,N/A,2,N/A,4,5,2 4,7,N/A,9,N/A,2 9,12,13,2 12,2 13,4 12,4 13,5 13
3 4 5 6 7 8 9 11,0.0408292,18.0044,No,N/A,N/A,3,4,5,6,7,8,9,3 7,11,3 9,4 9,3 11,4 11,5 11,6 11,7 11
2 3 4 7 8 11 12,0.0309122,21.5759,No,N/A,2,3,4,2 3,2 4,7,8,2 7,2 8,11,12,2 11,2 12,3 12,4 12,2 3 12,2 4 12
2 3 6 10 11,0.0445274,16.3273,No,N/A,2,3,N/A,2 3,6,N/A,2 6,3 6,10,11,2 10,2 11,3 11,2 3 10,2 3 11,6 11,2 6 10
3 4 5 6 7 8 9 11 12,0.0258017,23.8098,No,N/A,N/A,3,4,5,6,7,8,9,3 7,11,12,4 9,3 11,3 12,4 12,5 12,6 12
3 4 5 6 7 8 12 13,0.0184046,26.4505,No,N/A,N/A,3,4,5,6,7,8,3 6,3 7,3 8,12,13,6 8,3 12,3 13,4 13,5 13
3 5 6 7 8,0.0582561,12.3257,No,N/A,N/A,3,N/A,5,6,7,8,3 6,3 7,3 8,5 7,5 8,6 8,7 8,3 5 8,3 6 8,3 7 8
3 4 5 7 9 13,0.0227859,22.0458,No,N/A,N/A,3,4,5,N/A,7,3 5,9,3 7,4 7,3 9,13,5 9,3 5 7,3 13,4 13,5 13
2 3 6 9 12,0.0275503,21.1672,No,N/A,2,3,N/A,2 3,6,N/A,2 6,9,N/A,2 9,12,N/A,2 12,3 12,N/A,2 3 12,6 12
3 4 5 6 7 8 9 10 13,0.0236339,24.5158,No,N/A,N/A,3,4,5,6,7,8,9,10,3 8,3 9,13,4 10,5 10,3 13,4 13,5 13
2 4 6 7 9 10,0.0458016,16.5715,No,N/A,2,N/A,4,N/A,6,7,2 6,9,10,2 9,2 10,4 9,4 10,6 9,6 10,7 10,2 6 10
2 4 5 6 9 10 11 12,0.021338,26.0464,No,N/A,2,N/A,4,5,6,2 5,2 6,9,10,11,12,2 11,2 12,4 11,4 12,5 12,6 12
3 4 5 6 7 8 9 10 12,0.0293977,22.2286,No,N/A,N/A,3,4,5,6,7,8,9,10,3 8,12,3 10,4 10,3 12,4 12,5 12,6 12
2 3 5 7 8 12 13,0.0181107,27.0553,No,N/A,2,3,N/A,5,N/A,7,8,2 7,2 8,3 8,12,13,2 12,2 13,3 13,5 12,5 13
3 5 6 10 12,0.0292601,20.5527,No,N/A,N/A,3,N/A,5,6,N/A,3 5,3 6,10,5 6,12,3 10,3 5 6,3 12,6 10,5 12,6 12
2 4 5 8 11 12,0.027696,20.8896,No,N/A,2,N/A,4,5,2 4,2 5,8,4 5,2 8,11,12,2 11,2 12,4 11,4 12,5 12,2 4 12
3 4 5 6 9 12 13,0.0151447,27.6836,No,N/A,N/A,3,4,5,6,3 4,3 5,9,4 6,5 6,12,13,5 9,3 12,3 13,4 13,5 13
3 4 5 6 7 8 9 10 11 12,0.0233605,25.3195,No,N/A,N/A,3,4,5,6,7,8,9,10,11,12,3 10,3 11,3 12,4 12,5 12,6 12
2 4 6 8 10 11 12,0.0122665,33.8963,No,N/A,2,N/A,4,N/A,6,N/A,8,N/A,10,11,12,2 11,2 12,4 11,4 12,6 11,6 12
2 4 5 7 8 9 11,0.0385741,19.0524,No,N/A,2,N/A,4,5,2 4,7,8,9,2 8,11,4 8,2 11,5 9,4 11,5 11,2 4 11,7 11
3 4 5 6 8 11 12,0.0266845,22.5748,No,N/A,N/A,3,4,5,6,3 4,8,3 6,4 6,11,12,5 8,3 11,3 12,4 12,5 12,6 12
3 4 5 7 8 9 11 12,0.0200735,28.0548,No,N/A,N/A,3,4,5,N/A,7,8,9,3 7,11,12,4 9,3 11,3 12,4 12,5 12,7 11
2 3 5 8 9 10 11 12 13,0.0121705,36.7043,No,N/A,2,3,N/A,5,N/A,2 5,8,9,10,11,12,13,2 12,2 13,3 13,5 12,5 13
2 4 5 6 7 8 10 11 12 13,0.0150937,31.1894,No,N/A,2,N/A,4,5,6,7,8,2 7,10,11,12,13,2 12,2 13,4 12,4 13,5 13
2 4 7 8 10,0.0502643,14.6705,No,N/A,2,N/A,4,N/A,2 4,7,8,2 7,10,4 7,2 10,2 4 7,4 10,7 8,2 4 10,7 10,8 10
2 4 5 8 10 11 12 13,0.0115339,33.1941,No,N/A,2,N/A,4,5,2 4,2 5,8,4 5,10,11,12,13,2 12,2 13,4 12,4 13,5 13
3 4 6 8 9 12,0.0278313,21.277,No,N/A,N/A,3,4,N/A,6,3 4,8,9,4 6,3 8,12,4 9,6 8,3 12,4 12,8 9,6 12
3 4 5 6 7 11 12,0.0264518,22.5415,No,N/A,N/A,3,4,5,6,7,3 5,3 6,3 7,11,12,6 7,3 11,3 12,4 12,5 12,6 12
2 3 4 5 7 8 9 11 12,0.0348227,20.8161,No,N/A,2,3,4,5,2 4,7,8,9,2 8,11,12,2 11,2 12,3 12,4 12,5 12,2 4 12
2 4 5 7 8 9 10 12 13,0.0147023,31.0112,No,N/A,2,N/A,4,5,2 4,7,8,9,10,2 9,12,13,2 12,2 13,4 12,4 13,5 13
2 3 4 8 9 11,0.0539073,14.9176,No,N/A,2,3,4,2 3,2 4,3 4,8,9,2 8,11,3 9,2 11,3 11,4 11,2 3 11,2 4 11,3 4 11
3 4 5 6 9 10 11 13,0.0142841,30.0082,No,N/A,N/A,3,4,5,6,3 4,3 5,9,10,11,3 9,13,3 11,4 11,3 13,4 13,5 13
2 4 6 7 8 11 13,0.0168921,27.1537,No,N/A,2,N/A,4,N/A,6,7,8,2 7,2 8,11,4 8,13,6 8,2 13,2 6 8,4 13,7 11
2 4 5 7 8 9 13,0.0270205,22.2324,No,N/A,2,N/A,4,5,2 4,7,8,9,2 8,2 9,4 8,13,5 9,2 13,7 9,4 13,5 13
2 4 7 10 11 12 13,0.00899994,36.4757,No,N/A,2,N/A,4,N/A,2 4,7,N/A,2 7,10,11,12,13,2 12,2 13,4 12,4 13,2 4 12
2 3 4 5 9 11 12 13,0.0158598,29.5631,No,N/A,2,3,4,5,2 4,2 5,3 5,9,2 3 5,11,12,13,2 12,2 13,3 13,4 13,5 13
2 3 4 6 7 10 13,0.0313712,20.4372,No,N/A,2,3,4,2 3,6,7,2 6,2 7,10,4 7,2 10,13,4 10,2 13,3 13,4 13,2 3 13
2 3 4 5 6 8 9 10 13,0.0351561,19.7434,No,N/A,2,3,4,5,6,2 5,8,9,10,2 9,2 10,13,4 10,2 13,3 13,4 13,5 13
2 4 5 6 12,0.0421127,13.943,No,N/A,2,N/A,4,5,6,2 5,2 6,4 5,4 6,5 6,12,2 5 6,2 12,4 5 6,4 12,5 12,6 12
2 3 4 5 10 11 13,0.0274335,22.2721,No,N/A,2,3,4,5,2 4,2 5,3 5,4 5,10,11,2 10,13,3 11,2 13,3 13,4 13,5 13
2 3 5 8 9 11 12,0.0247481,24.9673,No,N/A,2,3,N/A,5,N/A,2 5,8,9,2 8,11,12,2 11,2 12,3 12,5 11,5 12,2 5 11
2 3 5 6 11 12,0.0294534,19.511,No,N/A,2,3,N/A,5,6,2 5,2 6,3 6,2 3 5,11,12,2 11,2 12,3 12,5 11,5 12,6 12
3 4 5 6 7 8 11 12,0.026869,22.89,No,N/A,N/A,3,4,5,6,7,8,3 6,3 7,11,12,5 8,3 11,3 12,4 12,5 12,6 12
3 4 5 6 7 8 9 10 11,0.0339098,20.3944,No,N/A,N/A,3,4,5,6,7,8,9,10,11,3 9,3 10,3 11,4 11,5 11,6 11,7 11
2 3 4 5 7 8 9 12,0.0454427,16.8191,No,N/A,2,3,4,5,2 4,7,8,9,2 8,2 9,12,4 9,2 12,3 12,4 12,5 12,2 4 12
3 4 5 6 8 9 11 12,0.0230095,25.3465,No,N/A,N/A,3,4,5,6,3 4,8,9,4 6,11,12,4 9,3 11,3 12,4 12,5 12,6 12
2 3 5 7 8 9 11 12 13,0.0147192,33.0872,No,N/A,2,3,N/A,5,N/A,7,8,9,2 8,11,12,13,2 12,2 13,3 13,5 12,5 13
2 4 6 7 8 10 12 13,0.0125792,32.6232,No,N/A,2,N/A,4,N/A,6,7,8,2 7,10,4 7,12,13,2 12,2 13,4 12,4 13,6 12
3 5 6 8 9 10 11 12 13,0.0069425,42.353,No,N/A,N/A,3,N/A,5,6,N/A,8,9,10,11,12,13,3 11,3 12,3 13,5 12,5 13
3 4 6 8 10 12 13,0.0110212,31.5641,No,N/A,N/A,3,4,N/A,6,3 4,8,3 6,10,3 8,12,13,4 10,3 12,3 13,4 13,6 12
2 3 4 6 7 9 13,0.0346599,19.0523,No,N/A,2,3,4,2 3,6,7,2 6,9,3 7,2 9,3 9,13,2 3 9,2 13,3 13,4 13,2 3 13
3 4 5 6 7 8 11,0.0465314,16.1283,No,N/A,N/A,3,4,5,6,7,8,3 6,3 7,11,4 8,5 8,3 11,4 11,5 11,6 11,7 11
2 4 5 7 8 12,0.0409926,17.3544,No,N/A,2,N/A,4,5,2 4,7,8,2 7,2 8,4 7,12,5 8,2 12,7 8,4 12,5 12,2 4 12
2 3 5 6 8 9 12 13,0.0185364,27.2127,No,N/A,2,3,N/A,5,6,2 5,8,9,2 8,2 9,12,13,2 12,2 13,3 13,5 12,5 13
2 3 4 7 9 13,0.0306869,20.2092,No,N/A,2,3,4,2 3,2 4,7,N/A,9,3 7,2 9,3 9,13,2 3 9,2 13,3 13,4 13,2 3 13
2 4 6 7 10 13,0.0214234,22.6534,No,N/A,2,N/A,4,N/A,6,7,2 6,2 7,10,4 7,2 10,13,4 10,2 13,6 10,4 13,2 6 10
2 4 5 8 9 10 12,0.0265827,22.8253,No,N/A,2,N/A,4,5,2 4,2 5,8,9,10,2 9,12,4 9,2 12,5 10,4 12,5 12,2 4 12
2 4 6 8 9 10 11 13,0.0126576,34.094,No,N/A,2,N/A,4,N/A,6,N/A,8,9,10,11,2 10,13,4 10,2 13,6 10,4 13,8 10
2 4 6 8 9,0.051712,13.8578,No,N/A,2,N/A,4,N/A,6,N/A,8,9,2 8,2 9,4 8,4 9,6 8,6 9,2 6 8,8 9,4 6 8
3 5 7 9 10 12,0.0140146,29.2576,No,N/A,N/A,3,N/A,5,N/A,7,3 5,9,10,N/A,12,3 10,5 9,3 12,7 9,5 12,3 5 10
3 4 5 6 9 13,0.0259929,20.2408,No,N/A,N/A,3,4,5,6,3 4,3 5,9,4 6,5 6,3 9,13,5 9,6 9,3 13,4 13,5 13
3 4 5 6 13,0.0289354,16.5286,No,N/A,N/A,3,4,5,6,3 4,3 5,3 6,4 6,5 6,3 4 5,13,3 5 6,4 5 6,3 13,4 13,5 13
2 3 5 6 7 8 9 10,0.0535041,15.2702,No,N/A,2,3,N/A,5,6,7,8,9,10,2 9,2 10,3 10,5 9,5 10,6 10,7 10,8 10
2 4 5 8 10 11,0.0373081,18.0616,No,N/A,2,N/A,4,5,2 4,2 5,8,4 5,10,11,2 10,2 11,4 10,4 11,5 11,2 4 11,2 5 11
2 3 5 9 12,0.0357728,17.7737,No,N/A,2,3,N/A,5,N/A,2 5,3 5,9,2 3 5,2 9,12,N/A,2 12,3 12,2 5 9,5 12,N/A
2 3 4 5 6 7 8,0.0893667,8.43453,No,N/A,2,3,4,5,6,7,8,2 7,2 8,3 8,4 8,5 8,6 8,7 8,2 6 8,2 7 8,3 7 8
3 5 6 7 8 9 10 12 13,0.0106576,34.0772,No,N/A,N/A,3,N/A,5,6,7,8,9,10,3 8,12,13,5 9,3 12,3 13,5 12,5 13
2 3 4 5 6 7 8 9 12 13,0.0302937,21.9222,No,N/A,2,3,4,5,6,7,8,9,2 8,2 9,12,13,2 12,2 13,3 13,4 13,5 13
2 4 5 7 9 12,0.0244569,23.6914,No,N/A,2,N/A,4,5,2 4,7,N/A,9,N/A,2 9,12,4 9,2 12,2 4 9,4 12,5 12,2 4 12
3 4 5 7 11 13,0.018416,23.8607,No,N/A,N/A,3,4,5,N/A,7,3 5,4 5,3 7,11,5 7,13,3 11,4 11,3 13,4 13,5 13
2 3 4 7 10 12,0.0372612,19.0858,No,N/A,2,3,4,2 3,2 4,7,N/A,2 7,10,4 7,12,3 10,2 12,3 12,4 12,2 3 12,2 4 12
2 3 6 9 11 12 13,0.00984617,36.0725,No,N/A,2,3,N/A,2 3,6,N/A,2 6,9,N/A,11,12,13,2 12,2 13,3 13,2 3 12,2 3 13
3 5 7 8 11 12,0.0158516,28.3775,No,N/A,N/A,3,N/A,5,N/A,7,8,N/A,3 7,11,12,5 8,3 11,3 12,5 11,5 12,7 11
2 4 6 8 9 13,0.021189,23.5865,No,N/A,2,N/A,4,N/A,6,N/A,8,9,2 8,2 9,4 8,13,6 8,2 13,2 6 8,4 13,4 6 8
2 3 6 8 9 10 11 13,0.0149802,31.8973,No,N/A,2,3,N/A,2 3,6,N/A,8,9,10,11,2 10,13,3 11,2 13,3 13,6 11,2 3 13
2 3 4 6 8 11 12 13,0.018851,27.0446,No,N/A,2,3,4,2 3,6,3 4,8,3 6,2 8,11,12,13,2 12,2 13,3 13,4 13,2 3 13
2 3 4 6 8 11,0.0638077,12.7044,No,N/A,2,3,4,2 3,6,3 4,8,3 6,2 8,11,4 8,2 11,3 11,4 11,2 3 11,6 11,3 4 11
3 4 6 7 8 10 11 13,0.0129362,31.8291,No,N/A,N/A,3,4,N/A,6,7,8,3 6,10,11,4 8,13,3 11,4 11,3 13,4 13,7 11
2 4 5 6 7 8 10 11 13,0.0205723,26.3709,No,N/A,2,N/A,4,5,6,7,8,2 7,10,11,2 10,13,4 10,2 13,5 11,4 13,5 13
3 4 5 10 11 12 13,0.0100662,33.5104,No,N/A,N/A,3,4,5,N/A,3 4,3 5,4 5,10,11,12,13,3 11,3 12,3 13,4 13,5 13
2 3 4 6 7 8 10 11 12,0.0303541,22.2328,No,N/A,2,3,4,2 3,6,7,8,2 7,10,11,12,2 11,2 12,3 12,4 12,2 3 12,6 12
3 4 5 7 9 11 12 13,0.0100301,35.2169,No,N/A,N/A,3,4,5,N/A,7,3 5,9,3 7,11,12,13,3 11,3 12,3 13,4 13,5 13
2 3 6 7 8 9 11 12,0.0236625,24.748,No,N/A,2,3,N/A,2 3,6,7,8,9,2 8,11,12,2 11,2 12,3 12,2 3 11,2 3 12,6 12
2 3 4 8 10,0.0651068,10.9943,No,N/A,2,3,4,2 3,2 4,3 4,8,2 3 4,10,3 8,2 10,3 10,4 10,2 3 10,2 4 10,3 4 10,8 10
2 4 5 6 7 12,0.0464155,16.0333,No,N/A,2,N/A,4,5,6,7,2 6,2 7,4 6,4 7,12,6 7,2 12,2 6 7,4 12,5 12,6 12
3 5 6 7 9 11 13,0.0134368,28.9843,No,N/A,N/A,3,N/A,5,6,7,3 5,9,3 7,11,3 9,13,3 11,6 9,3 13,6 11,5 13
2 4 6 8 9 10 11,0.0255226,24.8496,No,N/A,2,N/A,4,N/A,6,N/A,8,9,10,11,2 10,2 11,4 10,4 11,6 10,6 11,8 10
2 3 5 6 10,0.0716761,10.4815,No,N/A,2,3,N/A,5,6,2 5,2 6,3 6,10,5 6,2 10,3 10,3 5 6,5 10,6 10,2 5 10,2 6 10
3 5 7 9 10 12 13,0.0067852,39.0466,No,N/A,N/A,3,N/A,5,N/A,7,3 5,9,10,N/A,12,13,5 9,3 12,3 13,5 12,5 13
2 3 4 5 6 9 11 12,0.0372972,18.9854,No,N/A,2,3,4,5,6,2 5,2 6,9,4 6,11,12,2 11,2 12,3 12,4 12,5 12,6 12
2 3 5 6 7 10 12,0.0381929,18.9048,No,N/A,2,3,N/A,5,6,7,2 6,2 7,10,5 6,12,3 10,2 12,3 12,6 10,5 12,6 12
2 3 5 6 7 9 10 13,0.0275893,22.5021,No,N/A,2,3,N/A,5,6,7,2 6,9,10,2 9,2 10,13,5 9,2 13,3 13,7 10,5 13
3 4 5 7 8 9 12 13,0.0132246,32.3284,No,N/A,N/A,3,4,5,N/A,7,8,9,3 7,3 8,12,13,5 9,3 12,3 13,4 13,5 13
2 3 6 8 9 11,0.0363566,19.4121,No,N/A,2,3,N/A,2 3,6,N/A,8,9,2 8,11,3 9,2 11,3 11,6 9,2 3 11,6 11,3 6 9
2 3 4 7 13,0.0298308,15.8822,No,N/A,2,3,4,2 3,2 4,7,N/A,2 7,3 7,4 7,2 3 7,13,3 4 7,2 13,3 13,4 13,2 3 13
3 5 6 7 9 10 12,0.0196907,25.7018,No,N/A,N/A,3,N/A,5,6,7,3 5,9,10,5 6,12,3 10,5 9,3 12,6 10,5 12,6 12
2 4 5 6 10 12,0.0317863,19.328,No,N/A,2,N/A,4,5,6,2 5,2 6,4 5,10,5 6,12,2 5 6,2 12,5 10,4 12,5 12,6 12
3 5 7 8 9 10 13,0.0132351,30.3785,No,N/A,N/A,3,N/A,5,N/A,7,8,9,10,3 8,3 9,13,5 9,5 10,3 13,7 10,5 13
2 3 4 6 9 10 11 13,0.0218719,25.6434,No,N/A,2,3,4,2 3,6,3 4,2 6,9,10,11,2 10,13,3 11,2 13,3 13,4 13,2 3 13
3 5 6 9 12,0.0219293,24.0418,No,N/A,N/A,3,N/A,5,6,N/A,3 5,9,N/A,5 6,12,N/A,5 9,3 12,N/A,5 12,6 12
2 3 5 8 10 12 13,0.0122278,32.8359,No,N/A,2,3,N/A,5,N/A,2 5,8,N/A,10,3 8,12,13,2 12,2 13,3 13,5 12,5 13
3 4 6 8 10 11 12 13,0.00870781,36.2851,No,N/A,N/A,3,4,N/A,6,3 4,8,3 6,10,11,12,13,3 11,3 12,3 13,4 13,6 12
2 3 4 5 6 7 9 10 11 13,0.029659,22.7614,No,N/A,2,3,4,5,6,7,2 6,9,10,11,2 10,13,3 11,2 13,3 13,4 13,5 13
2 3 4 5 8 10 13,0.034183,19.4246,No,N/A,2,3,4,5,2 4,2 5,8,4 5,10,3 8,2 10,13,4 10,2 13,3 13,4 13,5 13
2 4 6 7 8 10,0.0468771,16.5827,No,N/A,2,N/A,4,N/A,6,7,8,2 7,10,4 7,2 10,6 7,4 10,7 8,6 10,7 10,8 10
3 4 5 7 9 10 11 12,0.0171833,29.4695,No,N/A,N/A,3,4,5,N/A,7,3 5,9,10,11,12,3 10,3 11,3 12,4 12,5 12,7 11
2 3 4 5 7 8 9 13,0.037375,18.2803,No,N/A,2,3,4,5,2 4,7,8,9,2 8,2 9,3 9,13,5 9,2 13,3 13,4 13,5 13
2 3 6 8 10 11,0.0319738,20.5356,No,N/A,2,3,N/A,2 3,6,N/A,8,3 6,10,11,2 10,2 11,3 11,2 3 10,2 3 11,6 11,8 10
3 4 6 8 10 11 12,0.0161716,28.2071,No,N/A,N/A,3,4,N/A,6,3 4,8,3 6,10,11,12,3 10,3 11,3 12,4 12,6 11,6 12
2 4 5 6 8 11 13,0.0209526,24.4989,No,N/A,2,N/A,4,5,6,2 5,8,4 5,2 8,11,4 8,13,6 8,2 13,5 11,4 13,5 13
2 3 4 5 6 8 12,0.0556806,12.8295,No,N/A,2,3,4,5,6,2 5,8,3 6,2 8,3 8,12,5 8,2 12,3 12,4 12,5 12,6 12
2 3 4 5 6 7 10 12 13,0.0267528,23.0216,No,N/A,2,3,4,5,6,7,2 6,2 7,10,4 7,12,13,2 12,2 13,3 13,4 13,5 13
2 4 5 8 13,0.030668,17.4864,No,N/A,2,N/A,4,5,2 4,2 5,8,4 5,2 8,2 4 5,4 8,13,2 4 8,2 13,N/A,4 13,5 13
3 4 5 6 11 12 13,0.0118048,29.4314,No,N/A,N/A,3,4,5,6,3 4,3 5,3 6,4 6,11,12,13,3 11,3 12,3 13,4 13,5 13
2 3 4 5 6 7 8 10 11 12 13,0.0245853,25.3142,No,N/A,2,3,4,5,6,7,8,2 7,10,11,12,13,2 12,2 13,3 13,4 13,5 13
3 4 5 7 8 10 11 12 13,0.0104033,36.4861,No,N/A,N/A,3,4,5,N/A,7,8,4 5,10,11,12,13,3 11,3 12,3 13,4 13,5 13
2 3 5 7 9 10 11 12,0.020761,27.9994,No,N/A,2,3,N/A,5,N/A,7,3 5,9,10,11,12,2 11,2 12,3 12,5 11,5 12,7 11
2 3 6 7 10 11,0.0376523,17.9883,No,N/A,2,3,N/A,2 3,6,7,2 6,2 7,10,11,2 10,2 11,3 11,2 3 10,2 3 11,6 11,7 11
3 5 7 8 9 11,0.0273439,21.9146,No,N/A,N/A,3,N/A,5,N/A,7,8,9,3 7,11,3 9,5 8,3 11,7 8,5 11,8 9,7 11
2 4 5 6 7 8 12,0.0434163,16.542,No,N/A,2,N/A,4,5,6,7,8,2 7,2 8,4 7,12,5 8,2 12,7 8,4 12,5 12,6 12
3 4 5 6 8 10 12,0.0312031,20.5743,No,N/A,N/A,3,4,5,6,3 4,8,3 6,10,3 8,12,3 10,4 10,3 12,4 12,5 12,6 12
3 5 6 8 9 11 12,0.0119496,33.9493,No,N/A,N/A,3,N/A,5,6,N/A,8,9,N/A,11,12,5 8,3 11,3 12,5 11,5 12,6 12
2 3 4 7 9 10 13,0.0251916,24.8752,No,N/A,2,3,4,2 3,2 4,7,N/A,9,10,2 9,2 10,13,4 10,2 13,3 13,4 13,2 3 13
2 3 4 8 11 12,0.0295389,19.7513,No,N/A,2,3,4,2 3,2 4,3 4,8,2 3 4,2 8,11,12,2 11,2 12,3 12,4 12,2 3 12,2 4 12
2 3 4 5 6 7 8 9 10 11 12,0.0392209,19.2652,No,N/A,2,3,4,5,6,7,8,9,10,11,12,2 11,2 12,3 12,4 12,5 12,6 12
2 4 5 7 8 9 10 11 12,0.0207274,27.1245,No,N/A,2,N/A,4,5,2 4,7,8,9,10,11,12,2 11,2 12,4 11,4 12,5 12,2 4 12
2 4 5 6 7 9 11 13,0.0208008,26.7831,No,N/A,2,N/A,4,5,6,7,2 6,9,4 6,11,5 7,13,5 9,2 13,5 11,4 13,5 13
3 5 6 10 11 12 13,0.00705311,36.9179,No,N/A,N/A,3,N/A,5,6,N/A,3 5,3 6,10,11,12,13,3 11,3 12,3 13,5 12,5 13
3 4 5 6 10 12,0.0312169,19.1415,No,N/A,N/A,3,4,5,6,3 4,3 5,3 6,10,5 6,12,3 10,4 10,3 12,4 12,5 12,6 12
3 4 6 7 9 12 13,0.0106468,32.9497,No,N/A,N/A,3,4,N/A,6,7,N/A,9,3 7,4 7,12,13,3 4 7,3 12,3 13,4 13,6 12
2 4 5 8 10 12,0.0275384,20.9997,No,N/A,2,N/A,4,5,2 4,2 5,8,4 5,10,2 4 5,12,5 8,2 12,5 10,4 12,5 12,2 4 12
2 4 6 9 10,0.0433368,15.778,No,N/A,2,N/A,4,N/A,6,N/A,2 6,9,10,2 9,2 10,4 9,4 10,6 9,6 10,2 6 9,2 6 10
3 5 6 8 9 10 12 13,0.00913203,36.4658,No,N/A,N/A,3,N/A,5,6,N/A,8,9,10,3 8,12,13,5 9,3 12,3 13,5 12,5 13
2 4 5 8 11,0.0490925,13.7404,No,N/A,2,N/A,4,5,2 4,2 5,8,4 5,2 8,11,4 8,2 11,2 4 8,4 11,5 11,2 4 11,2 5 11
2 3 4 5 7 8 11,0.058884,13.06,No,N/A,2,3,4,5,2 4,7,8,2 7,2 8,11,4 8,2 11,3 11,4 11,5 11,2 4 11,7 11
2 3 5 6 7 10 11 12 13,0.0153752,30.6726,No,N/A,2,3,N/A,5,6,7,2 6,2 7,10,11,12,13,2 12,2 13,3 13,5 12,5 13
2 4 6 7 12 13,0.0173414,24.7712,No,N/A,2,N/A,4,N/A,6,7,2 6,2 7,4 6,4 7,12,13,2 12,2 13,4 12,4 13,6 12
3 4 5 6 7 9 12,0.0360028,18.9751,No,N/A,N/A,3,4,5,6,7,3 5,9,3 7,4 7,12,4 9,5 9,3 12,4 12,5 12,6 12
2 3 5 6 7 8 11 12 13,0.0170489,29.2718,No,N/A,2,3,N/A,5,6,7,8,2 7,2 8,11,12,13,2 12,2 13,3 13,5 12,5 13
2 3 5 6 7 8 11 13,0.0246057,24.2798,No,N/A,2,3,N/A,5,6,7,8,2 7,2 8,11,5 7,13,3 11,2 13,3 13,6 11,5 13
2 4 6 8 10 13,0.0133161,29.6062,No,N/A,2,N/A,4,N/A,6,N/A,8,N/A,10,N/A,2 10,13,4 10,2 13,6 10,4 13,8 10
2 3 4 5 6 7 8 13,0.0459725,15.7511,No,N/A,2,3,4,5,6,7,8,2 7,2 8,3 8,4 8,13,6 8,2 13,3 13,4 13,5 13
2 4 5 6 7 8 9 10 11,0.0368459,19.6161,No,N/A,2,N/A,4,5,6,7,8,9,10,11,2 10,2 11,4 10,4 11,5 11,6 11,7 11
2 3 4 6 9 12,0.0490375,15.4558,No,N/A,2,3,4,2 3,6,3 4,2 6,9,4 6,2 9,12,4 9,2 12,3 12,4 12,2 3 12,6 12
2 3 5 6 7 11,0.0582904,13.709,No,N/A,2,3,N/A,5,6,7,2 6,2 7,3 7,11,5 7,2 11,3 11,2 6 7,5 11,6 11,7 11
3 4 5 6 8 9 10 12,0.0267435,23.1013,No,N/A,N/A,3,4,5,6,3 4,8,9,10,3 8,12,3 10,4 10,3 12,4 12,5 12,6 12
3 4 5 6 9 10 11 12,0.0184174,27.3698,No,N/A,N/A,3,4,5,6,3 4,3 5,9,10,11,12,3 10,3 11,3 12,4 12,5 12,6 12
3 4 5 8 9 11,0.0301544,22.0071,No,N/A,N/A,3,4,5,N/A,3 4,8,9,N/A,11,3 9,4 9,3 11,4 11,5 11,8 9,3 4 11
3 5 7 8 9 10 11 13,0.00994451,35.229,No,N/A,N/A,3,N/A,5,N/A,7,8,9,10,11,3 9,13,3 11,5 10,3 13,7 10,5 13
2 3 4 5 6 7 8 10 11 13,0.0322158,21.315,No,N/A,2,3,4,5,6,7,8,2 7,10,11,2 10,13,3 11,2 13,3 13,4 13,5 13
2 3 6 7 8 10 13,0.0241337,23.384,No,N/A,2,3,N/A,2 3,6,7,8,2 7,10,3 8,2 10,13,6 8,2 13,3 13,7 10,2 3 13
2 3 4 5 6 7 11 13,0.033594,19.2751,No,N/A,2,3,4,5,6,7,2 6,2 7,3 7,11,5 7,13,3 11,2 13,3 13,4 13,5 13
2 4 5 7 8 11 13,0.020394,25.1486,No,N/A,2,N/A,4,5,2 4,7,8,2 7,2 8,11,4 8,13,2 4 8,2 13,5 11,4 13,5 13
2 3 5 6 8 12,0.0474855,15.6167,No,N/A,2,3,N/A,5,6,2 5,8,3 6,2 8,3 8,12,5 8,2 12,3 12,2 6 8,5 12,6 12
2 3 5 7 9 11 12,0.0246846,24.4814,No,N/A,2,3,N/A,5,N/A,7,3 5,9,3 7,11,12,2 11,2 12,3 12,5 11,5 12,7 11
2 3 5 7 10,0.0521943,14.5084,No,N/A,2,3,N/A,5,N/A,7,3 5,2 7,10,N/A,2 10,3 10,2 5 7,5 10,N/A,7 10,3 5 10
2 4 5 8 9 11 12,0.0230143,24.4314,No,N/A,2,N/A,4,5,2 4,2 5,8,9,2 8,11,12,2 11,2 12,4 11,4 12,5 12,2 4 12
2 4 5 7 8 9 11 13,0.0186472,27.9414,No,N/A,2,N/A,4,5,2 4,7,8,9,2 8,11,4 8,13,5 9,2 13,5 11,4 13,5 13
2 4 5 7 8 10 11 12,0.022399,25.4844,No,N/A,2,N/A,4,5,2 4,7,8,2 7,10,11,12,2 11,2 12,4 11,4 12,5 12,2 4 12
3 4 5 7 8 11 12,0.0216706,25.6429,No,N/A,N/A,3,4,5,N/A,7,8,4 5,3 7,11,12,5 8,3 11,3 12,4 12,5 12,7 11
2 3 4 7 11,0.0543973,12.862,No,N/A,2,3,4,2 3,2 4,7,N/A,2 7,3 7,11,2 3 7,2 11,3 11,4 11,2 3 11,2 4 11,7 11
2 4 6 8 10 11 13,0.0115106,33.9376,No,N/A,2,N/A,4,N/A,6,N/A,8,N/A,10,11,2 10,13,4 10,2 13,6 10,4 13,8 10
2 3 4 7 8 10 11 12,0.0260552,24.3981,No,N/A,2,3,4,2 3,2 4,7,8,2 7,10,11,12,2 11,2 12,3 12,4 12,2 3 12,2 4 12
2 3 4 5 6 7 8 10 13,0.0402019,17.9679,No,N/A,2,3,4,5,6,7,8,2 7,10,3 8,2 10,13,4 10,2 13,3 13,4 13,5 13
2 3 4 5 6 7 10 11 12,0.0372295,19.494,No,N/A,2,3,4,5,6,7,2 6,2 7,10,11,12,2 11,2 12,3 12,4 12,5 12,6 12
2 3 5 8 9 10 11 13,0.0165152,30.8049,No,N/A,2,3,N/A,5,N/A,2 5,8,9,10,11,2 10,13,3 11,2 13,3 13,2 5 10,5 13
3 5 6 8 9 11 12 13,0.00612809,43.5795,No,N/A,N/A,3,N/A,5,6,N/A,8,9,N/A,11,12,13,3 11,3 12,3 13,5 12,5 13
2 4 5 6 7,0.0924465,8.89929,No,N/A,2,N/A,4,5,6,7,2 6,2 7,4 6,4 7,5 7,6 7,2 5 7,2 6 7,4 5 7,4 6 7,5 6 7
2 4 5 6 7 8 9 10 12,0.0321899,21.1581,No,N/A,2,N/A,4,5,6,7,8,9,10,2 9,12,4 9,2 12,5 10,4 12,5 12,6 12
2 4 5 6 7 9 10 11 12 13,0.0136255,33.5393,No,N/A,2,N/A,4,5,6,7,2 6,9,10,11,12,13,2 12,2 13,4 12,4 13,5 13
2 3 4 6 7 11 12 13,0.0188163,27.1873,No,N/A,2,3,4,2 3,6,7,2 6,2 7,3 7,11,12,13,2 12,2 13,3 13,4 13,2 3 13
2 3 4 5 9 11 12,0.0312178,20.8588,No,N/A,2,3,4,5,2 4,2 5,3 5,9,2 3 5,11,12,2 11,2 12,3 12,4 12,5 12,2 4 12
2 3 6 7 8,0.0779071,10.4608,No,N/A,2,3,N/A,2 3,6,7,8,2 7,2 8,3 8,2 3 7,2 3 8,6 8,7 8,2 6 8,2 7 8,3 7 8
3 4 5 7 9 10 13,0.0203274,25.6474,No,N/A,N/A,3,4,5,N/A,7,3 5,9,10,4 7,3 9,13,4 10,5 10,3 13,4 13,5 13
3 4 5 6 7 8 9 11 13,0.02077,26.046,No,N/A,N/A,3,4,5,6,7,8,9,3 7,11,3 9,13,3 11,4 11,3 13,4 13,5 13
3 4 5 6 7 8 10 11,0.0371646,18.9192,No,N/A,N/A,3,4,5,6,7,8,3 6,10,11,4 8,3 10,3 11,4 11,5 11,6 11,7 11
2 3 4 5 9 10 11 13,0.0234307,24.7686,No,N/A,2,3,4,5,2 4,2 5,3 5,9,10,11,2 10,13,3 11,2 13,3 13,4 13,5 13
2 3 5 8 10 11,0.0306331,21.8283,No,N/A,2,3,N/A,5,N/A,2 5,8,N/A,10,11,2 10,2 11,3 11,5 10,5 11,2 5 10,2 5 11
3 4 5 6 10 11 12,0.0196764,25.2129,No,N/A,N/A,3,4,5,6,3 4,3 5,3 6,10,11,12,3 10,3 11,3 12,4 12,5 12,6 12
2 4 6 8 9 11 12,0.0198267,27.2505,No,N/A,2,N/A,4,N/A,6,N/A,8,9,2 8,11,12,2 11,2 12,4 11,4 12,6 11,6 12
3 4 6 8 10 12,0.0234684,22.6573,No,N/A,N/A,3,4,N/A,6,3 4,8,3 6,10,3 8,12,3 10,4 10,3 12,4 12,3 4 10,6 12
2 3 4 5 6 7 9 11 12 13,0.0231972,25.8922,No,N/A,2,3,4,5,6,7,2 6,9,3 7,11,12,13,2 12,2 13,3 13,4 13,5 13
2 3 4 7 10 11,0.0415012,18.1105,No,N/A,2,3,4,2 3,2 4,7,N/A,2 7,10,11,2 10,2 11,3 11,4 11,2 3 11,2 4 11,7 11
2 3 5 6 7 9 12,0.0422754,17.3433,No,N/A,2,3,N/A,5,6,7,2 6,9,3 7,2 9,12,6 7,2 12,3 12,7 9,5 12,6 12
2 3 4 5 12,0.0495144,13.348,No,N/A,2,3,4,5,2 4,2 5,3 5,4 5,2 3 5,2 4 5,12,N/A,2 12,3 12,4 12,5 12,2 4 12
3 5 7 9 10 11 13,0.0101809,33.0794,No,N/A,N/A,3,N/A,5,N/A,7,3 5,9,10,11,3 9,13,3 11,5 10,3 13,7 10,5 13
3 5 6 7 8 10,0.0433459,16.9884,No,N/A,N/A,3,N/A,5,6,7,8,3 6,10,3 8,5 7,3 10,6 8,5 10,6 10,7 10,8 10
2 4 5 7 8 9 12 13,0.0155938,29.6678,No,N/A,2,N/A,4,5,2 4,7,8,9,2 8,2 9,12,13,2 12,2 13,4 12,4 13,5 13
2 3 4 5 6 7 13,0.0422255,15.1223,No,N/A,2,3,4,5,6,7,2 6,2 7,3 7,4 7,5 7,13,2 5 7,2 13,3 13,4 13,5 13
3 4 5 7 10 11,0.0324248,19.7981,No,N/A,N/A,3,4,5,N/A,7,3 5,4 5,10,11,5 7,3 10,3 11,4 11,5 11,7 10,7 11
3 4 5 8 9 10 11,0.0269135,23.2544,No,N/A,N/A,3,4,5,N/A,3 4,8,9,10,11,3 9,3 10,3 11,4 11,5 11,3 4 10,3 4 11
2 3 6 7 8 9 11 13,0.0188364,27.1206,No,N/A,2,3,N/A,2 3,6,7,8,9,2 8,11,3 9,13,3 11,2 13,3 13,6 11,2 3 13
3 4 5 6 7 9 10 12,0.0287021,22.1218,No,N/A,N/A,3,4,5,6,7,3 5,9,10,4 7,12,3 10,4 10,3 12,4 12,5 12,6 12
2 4 7 9 12 13,0.0115489,31.7058,No,N/A,2,N/A,4,N/A,2 4,7,N/A,9,N/A,2 9,12,13,2 12,2 13,4 12,4 13,2 4 12
2 3 5 8 11,0.0355355,17.7858,No,N/A,2,3,N/A,5,N/A,2 5,8,N/A,2 8,11,N/A,2 11,3 11,2 5 8,5 11,N/A,2 5 11
3 4 5 6 8 11 12 13,0.0125225,31.6234,No,N/A,N/A,3,4,5,6,3 4,8,3 6,4 6,11,12,13,3 11,3 12,3 13,4 13,5 13
2 4 7 10 11 12,0.0185269,27.0566,No,N/A,2,N/A,4,N/A,2 4,7,N/A,2 7,10,11,12,2 11,2 12,4 11,4 12,2 4 11,2 4 12
2 3 4 5 9 10 12 13,0.0198016,26.8456,No,N/A,2,3,4,5,2 4,2 5,3 5,9,10,2 9,12,13,2 12,2 13,3 13,4 13,5 13
2 3 4 5 6 10,0.076624,9.11153,No,N/A,2,3,4,5,6,2 5,2 6,3 6,10,5 6,2 10,3 10,4 10,5 10,6 10,2 5 10,2 6 10
2 3 6 8 9 11 12 13,0.0107942,35.6304,No,N/A,2,3,N/A,2 3,6,N/A,8,9,2 8,11,12,13,2 12,2 13,3 13,2 3 12,2 3 13
2 3 4 5 8 10 11 12 13,0.018093,29.7683,No,N/A,2,3,4,5,2 4,2 5,8,4 5,10,11,12,13,2 12,2 13,3 13,4 13,5 13
3 5 6 9 10 12 13,0.00936327,34.6805,No,N/A,N/A,3,N/A,5,6,N/A,3 5,9,10,5 6,12,13,5 9,3 12,3 13,5 12,5 13
2 4 5 8 12 13,0.0172853,24.6998,No,N/A,2,N/A,4,5,2 4,2 5,8,4 5,2 8,2 4 5,12,13,2 12,2 13,4 12,4 13,5 13
2 3 4 5 9 12,0.047047,15.5712,No,N/A,2,3,4,5,2 4,2 5,3 5,9,2 3 5,2 9,12,4 9,2 12,3 12,4 12,5 12,2 4 12
2 4 6 7 9 10 11 13,0.0125374,32.6458,No,N/A,2,N/A,4,N/A,6,7,2 6,9,10,11,2 10,13,4 10,2 13,6 10,4 13,7 11
3 4 5 6 9 10 12,0.0268556,22.5078,No,N/A,N/A,3,4,5,6,3 4,3 5,9,10,5 6,12,3 10,4 10,3 12,4 12,5 12,6 12
2 4 5 7 8 12 13,0.01717,26.7635,No,N/A,2,N/A,4,5,2 4,7,8,2 7,2 8,4 7,12,13,2 12,2 13,4 12,4 13,5 13
2 3 4 7 8 10 11,0.0425412,18.1132,No,N/A,2,3,4,2 3,2 4,7,8,2 7,10,11,2 10,2 11,3 11,4 11,2 3 11,2 4 11,7 11
2 3 4 6 9 10 11,0.0422136,17.4938,No,N/A,2,3,4,2 3,6,3 4,2 6,9,10,11,2 10,2 11,3 11,4 11,2 3 11,6 11,3 4 11
2 4 5 7 8 9 10 11,0.0314324,21.5505,No,N/A,2,N/A,4,5,2 4,7,8,9,10,11,2 10,2 11,4 10,4 11,5 11,2 4 11,7 11
2 3 4 7 8 9 10 12,0.0335741,21.0034,No,N/A,2,3,4,2 3,2 4,7,8,9,10,2 9,12,3 10,2 12,3 12,4 12,2 3 12,2 4 12
2 4 6 8 9 10 11 12 13,0.00890932,40.9731,No,N/A,2,N/A,4,N/A,6,N/A,8,9,10,11,12,13,2 12,2 13,4 12,4 13,6 12
3 4 5 7 8 11 12 13,0.0108224,34.0313,No,N/A,N/A,3,4,5,N/A,7,8,4 5,3 7,11,12,13,3 11,3 12,3 13,4 13,5 13
2 3 4 6 7 8 9 10 12,0.0373962,19.4828,No,N/A,2,3,4,2 3,6,7,8,9,10,2 9,12,3 10,2 12,3 12,4 12,2 3 12,6 12
2 4 5 6 7 8 10 11 12,0.0257881,23.9885,No,N/A,2,N/A,4,5,6,7,8,2 7,10,11,12,2 11,2 12,4 11,4 12,5 12,6 12
2 4 7 9 10,0.0420728,16.9682,No,N/A,2,N/A,4,N/A,2 4,7,N/A,9,10,2 9,2 10,4 9,4 10,2 4 9,2 4 10,7 10,2 7 9
2 3 4 5 7 9 10 13,0.0312667,20.6221,No,N/A,2,3,4,5,2 4,7,3 5,9,10,2 9,2 10,13,4 10,2 13,3 13,4 13,5 13
2 4 6 7 9 10 12 13,0.0123338,32.2926,No,N/A,2,N/A,4,N/A,6,7,2 6,9,10,2 9,12,13,2 12,2 13,4 12,4 13,6 12
3 4 5 6 11 13,0.0189559,22.7928,No,N/A,N/A,3,4,5,6,3 4,3 5,3 6,4 6,11,3 4 5,13,3 11,4 11,3 13,4 13,5 13
2 3 4 5 7 13,0.0424655,15.5451,No,N/A,2,3,4,5,2 4,7,3 5,2 7,3 7,4 7,5 7,13,2 5 7,2 13,3 13,4 13,5 13
2 4 5 6 8 9 10 11 12 13,0.0135089,33.0577,No,N/A,2,N/A,4,5,6,2 5,8,9,10,11,12,13,2 12,2 13,4 12,4 13,5 13
2 3 6 8 11,0.0390339,17.7033,No,N/A,2,3,N/A,2 3,6,N/A,8,3 6,2 8,11,N/A,2 11,3 11,N/A,2 3 11,6 11,N/A
2 4 5 6 9 10 12,0.0302834,21.2927,No,N/A,2,N/A,4,5,6,2 5,2 6,9,10,2 9,12,4 9,2 12,5 10,4 12,5 12,6 12
2 3 6 7 9 11,0.043732,16.8635,No,N/A,2,3,N/A,2 3,6,7,2 6,9,3 7,11,3 9,2 11,3 11,6 9,2 3 11,6 11,7 11
2 3 4 5 7 8 9 10 12,0.0394731,19.1415,No,N/A,2,3,4,5,2 4,7,8,9,10,2 9,12,3 10,2 12,3 12,4 12,5 12,2 4 12
2 3 4 6 7 8 9 10 12 13,0.0220542,26.4636,No,N/A,2,3,4,2 3,6,7,8,9,10,2 9,12,13,2 12,2 13,3 13,4 13,2 3 13
2 3 5 8 11 13,0.0144043,28.5896,No,N/A,2,3,N/A,5,N/A,2 5,8,N/A,2 8,11,N/A,13,3 11,2 13,3 13,N/A,5 13
2 4 5 6 8 9 10 11 12,0.0224347,25.9712,No,N/A,2,N/A,4,5,6,2 5,8,9,10,11,12,2 11,2 12,4 11,4 12,5 12,6 12
2 3 5 7 11 12 13,0.014072,29.3312,No,N/A,2,3,N/A,5,N/A,7,3 5,2 7,3 7,11,12,13,2 12,2 13,3 13,5 12,5 13
3 5 6 7 10 12,0.0218824,22.8403,No,N/A,N/A,3,N/A,5,6,7,3 5,3 6,10,5 6,12,3 10,3 5 6,3 12,6 10,5 12,6 12
3 4 5 10,0.0754369,11.8707,No,N/A,N/A,3,4,5,N/A,3 4,3 5,4 5,10,N/A,3 4 5,3 10,4 10,5 10,N/A,3 4 10,3 5 10
2 4 5 6 9 10 11 12 13,0.0116859,34.2548,No,N/A,2,N/A,4,5,6,2 5,2 6,9,10,11,12,13,2 12,2 13,4 12,4 13,5 13
2 4 5 6 9,0.073817,10.4965,No,N/A,2,N/A,4,5,6,2 5,2 6,9,4 6,2 9,2 4 6,4 9,5 9,6 9,2 5 9,2 6 9,4 5 9
2 4 5 7 8 9,0.0623146,13.4176,No,N/A,2,N/A,4,5,2 4,7,8,9,2 8,2 9,4 8,4 9,5 9,2 4 9,7 9,8 9,2 7 9
2 4 6 8 10 12 13,0.00695486,39.7928,No,N/A,2,N/A,4,N/A,6,N/A,8,N/A,10,N/A,12,13,2 12,2 13,4 12,4 13,6 12
2 3 5 6 10 11 13,0.0200734,25.4106,No,N/A,2,3,N/A,5,6,2 5,2 6,3 6,10,11,2 10,13,3 11,2 13,3 13,6 11,5 13
3 4 6 8 12 13,0.0152329,26.6045,No,N/A,N/A,3,4,N/A,6,3 4,8,3 6,4 6,3 8,12,13,6 8,3 12,3 13,4 13,6 12
2 3 6 8 10 12 13,0.0143218,30.2265,No,N/A,2,3,N/A,2 3,6,N/A,8,3 6,10,3 8,12,13,2 12,2 13,3 13,2 3 12,2 3 13
2 4 5 7 9 10 13,0.01985,26.692,No,N/A,2,N/A,4,5,2 4,7,N/A,9,10,2 9,2 10,13,4 10,2 13,2 4 10,4 13,5 13
2 3 6 7 10 11 13,0.0169494,27.0367,No,N/A,2,3,N/A,2 3,6,7,2 6,2 7,10,11,2 10,13,3 11,2 13,3 13,6 11,2 3 13
2 4 6 8 11,0.0351516,17.764,No,N/A,2,N/A,4,N/A,6,N/A,8,N/A,2 8,11,4 8,2 11,6 8,4 11,2 6 8,6 11,4 6 8
2 3 6 8 9 10 11 12 13,0.0106009,38.3242,No,N/A,2,3,N/A,2 3,6,N/A,8,9,10,11,12,13,2 12,2 13,3 13,2 3 12,2 3 13
3 4 5 6 8 9 13,0.0266907,22.0404,No,N/A,N/A,3,4,5,6,3 4,8,9,4 6,3 8,3 9,13,5 9,6 9,3 13,4 13,5 13
2 3 6 8 10,0.0527632,13.6799,No,N/A,2,3,N/A,2 3,6,N/A,8,3 6,10,3 8,2 10,3 10,6 8,2 3 10,6 10,3 6 8,8 10
2 3 6 7 8 9 13,0.0250085,22.7625,No,N/A,2,3,N/A,2 3,6,7,8,9,2 8,2 9,3 9,13,2 3 9,2 13,3 13,8 9,2 3 13
2 3 5 8 9 10 12,0.0291797,23.026,No,N/A,2,3,N/A,5,N/A,2 5,8,9,10,2 9,12,3 10,2 12,3 12,2 5 9,5 12,8 10
2 3 6 9 10 13,0.0202709,24.3812,No,N/A,2,3,N/A,2 3,6,N/A,2 6,9,10,2 9,2 10,13,2 3 9,2 13,3 13,2 6 9,2 3 13
2 4 5 6 8 9 12 13,0.0183816,26.9007,No,N/A,2,N/A,4,5,6,2 5,8,9,2 8,2 9,12,13,2 12,2 13,4 12,4 13,5 13
3 5 6 10 11 13,0.0102653,31.8982,No,N/A,N/A,3,N/A,5,6,N/A,3 5,3 6,10,11,N/A,13,3 11,5 10,3 13,6 11,5 13
3 5 7 9 10 11 12 13,0.00623247,40.4694,No,N/A,N/A,3,N/A,5,N/A,7,3 5,9,10,11,12,13,3 11,3 12,3 13,5 12,5 13
3 4 5 7 8 10,0.0503483,15.9946,No,N/A,N/A,3,4,5,N/A,7,8,4 5,10,3 8,4 8,3 10,4 10,5 10,3 5 8,7 10,8 10
3 4 5 6 8 9 10 12 13,0.0142913,31.1703,No,N/A,N/A,3,4,5,6,3 4,8,9,10,3 8,12,13,4 10,3 12,3 13,4 13,5 13
3 5 6 7 8 11 12 13,0.00873542,35.5818,No,N/A,N/A,3,N/A,5,6,7,8,3 6,3 7,11,12,13,3 11,3 12,3 13,5 12,5 13
2 3 4 5 7 8 9 11,0.053685,14.9409,No,N/A,2,3,4,5,2 4,7,8,9,2 8,11,3 9,2 11,3 11,4 11,5 11,2 4 11,7 11
2 4 7 9 11 12,0.0150726,29.3521,No,N/A,2,N/A,4,N/A,2 4,7,N/A,9,N/A,11,12,2 11,2 12,4 11,4 12,2 4 11,2 4 12
2 3 4 5 7 10 11 12,0.032138,20.8756,No,N/A,2,3,4,5,2 4,7,3 5,2 7,10,11,12,2 11,2 12,3 12,4 12,5 12,2 4 12
2 3 4 5 6 9 10 11,0.0491812,15.7411,No,N/A,2,3,4,5,6,2 5,2 6,9,10,11,2 10,2 11,3 11,4 11,5 11,6 11,2 5 11
2 3 5 7 9 10 11 13,0.0180002,29.1369,No,N/A,2,3,N/A,5,N/A,7,3 5,9,10,11,2 10,13,3 11,2 13,3 13,7 10,5 13
2 3 5 6 7 8 10,0.0591134,13.4914,No,N/A,2,3,N/A,5,6,7,8,2 7,10,3 8,2 10,3 10,6 8,5 10,6 10,7 10,8 10
3 5 7 8 9,0.0458433,15.5917,No,N/A,N/A,3,N/A,5,N/A,7,8,9,3 7,3 8,3 9,5 8,5 9,7 8,7 9,8 9,3 7 8
2 4 7 9 10 11 12,0.0141797,31.5569,No,N/A,2,N/A,4,N/A,2 4,7,N/A,9,10,11,12,2 11,2 12,4 11,4 12,2 4 11,2 4 12
2 3 4 5 6 7 8 9 11 13,0.0341054,20.7288,No,N/A,2,3,4,5,6,7,8,9,2 8,11,3 9,13,3 11,2 13,3 13,4 13,5 13
2 3 6 10 11 12,0.0245436,23.7848,No,N/A,2,3,N/A,2 3,6,N/A,2 6,3 6,10,11,12,2 11,2 12,3 12,2 3 11,2 3 12,6 12
2 3 4 5 6 7 10 11 13,0.0302686,21.621,No,N/A,2,3,4,5,6,7,2 6,2 7,10,11,2 10,13,3 11,2 13,3 13,4 13,5 13
2 3 6 7 8 13,0.0303895,19.7233,No,N/A,2,3,N/A,2 3,6,7,8,2 7,2 8,3 8,2 3 7,13,6 8,2 13,3 13,2 7 8,2 3 13
2 4 5 7 8 9 10 12,0.026872,23.3939,No,N/A,2,N/A,4,5,2 4,7,8,9,10,2 9,12,4 9,2 12,5 10,4 12,5 12,2 4 12
2 3 4 6 7 8 9 11 13,0.0267885,23.6742,No,N/A,2,3,4,2 3,6,7,8,9,2 8,11,3 9,13,3 11,2 13,3 13,4 13,2 3 13
2 4 5 6 8 9 11 13,0.0193929,26.8562,No,N/A,2,N/A,4,5,6,2 5,8,9,2 8,11,4 8,13,5 9,2 13,5 11,4 13,5 13
2 3 4 8 9 12 13,0.0194554,25.8441,No,N/A,2,3,4,2 3,2 4,3 4,8,9,2 8,2 9,12,13,2 12,2 13,3 13,4 13,2 3 13
3 5 6 7 8 9 12 13,0.0119361,31.6994,No,N/A,N/A,3,N/A,5,6,7,8,9,3 7,3 8,12,13,5 9,3 12,3 13,5 12,5 13
2 3 6 7 10 11 12,0.0219354,24.4874,No,N/A,2,3,N/A,2 3,6,7,2 6,2 7,10,11,12,2 11,2 12,3 12,2 3 11,2 3 12,6 12
2 3 4 6 7 8 11 12 13,0.0198605,27.0218,No,N/A,2,3,4,2 3,6,7,8,2 7,2 8,11,12,13,2 12,2 13,3 13,4 13,2 3 13
3 4 5 6 12,0.0384551,14.8344,No,N/A,N/A,3,4,5,6,3 4,3 5,3 6,4 6,5 6,12,3 4 6,3 5 6,3 12,4 12,5 12,6 12
2 3 4 5 8 9 11,0.0524371,14.5923,No,N/A,2,3,4,5,2 4,2 5,8,9,2 8,11,3 9,2 11,3 11,4 11,5 11,2 4 11,2 5 11
3 4 5 7 8 10 12,0.0262059,23.4037,No,N/A,N/A,3,4,5,N/A,7,8,4 5,10,3 8,12,3 10,4 10,3 12,4 12,5 12,8 10
2 3 4 7 10 11 13,0.0194173,27.2609,No,N/A,2,3,4,2 3,2 4,7,N/A,2 7,10,11,2 10,13,3 11,2 13,3 13,4 13,2 3 13
3 5 6 7 8 13,0.0219635,22.2526,No,N/A,N/A,3,N/A,5,6,7,8,3 6,3 7,3 8,5 7,13,6 8,7 8,3 13,3 6 8,5 13
2 3 5 7 10 12 13,0.0122649,32.5764,No,N/A,2,3,N/A,5,N/A,7,3 5,2 7,10,N/A,12,13,2 12,2 13,3 13,5 12,5 13
2 3 5 6 9 10 11 12,0.0245353,24.5846,No,N/A,2,3,N/A,5,6,2 5,2 6,9,10,11,12,2 11,2 12,3 12,5 11,5 12,6 12
2 3 4 6 8 12,0.0493544,15.2074,No,N/A,2,3,4,2 3,6,3 4,8,3 6,2 8,3 8,12,2 3 8,2 12,3 12,4 12,2 3 12,6 12
2 3 4 5 6 7 9 10 12,0.0450985,17.2241,No,N/A,2,3,4,5,6,7,2 6,9,10,2 9,12,3 10,2 12,3 12,4 12,5 12,6 12
2 4 6 7 9 12,0.0329391,19.2814,No,N/A,2,N/A,4,N/A,6,7,2 6,9,4 6,2 9,12,4 9,2 12,6 9,4 12,2 6 9,6 12
2 3 4 7 9 12 13,0.019482,27.1508,No,N/A,2,3,4,2 3,2 4,7,N/A,9,3 7,2 9,12,13,2 12,2 13,3 13,4 13,2 3 13
2 3 6 9 11 13,0.0165032,27.6113,No,N/A,2,3,N/A,2 3,6,N/A,2 6,9,N/A,11,3 9,13,3 11,2 13,3 13,6 11,2 3 13
2 3 4 5 7 8 12 13,0.0249371,23.1585,No,N/A,2,3,4,5,2 4,7,8,2 7,2 8,3 8,12,13,2 12,2 13,3 13,4 13,5 13
2 3 4 8 9 10 11 13,0.021066,26.8089,No,N/A,2,3,4,2 3,2 4,3 4,8,9,10,11,2 10,13,3 11,2 13,3 13,4 13,2 3 13
2 3 4 5 6 8 9 10,0.0651013,12.4335,No,N/A,2,3,4,5,6,2 5,8,9,10,2 9,2 10,3 10,4 10,5 10,6 10,2 5 10,8 10
3 4 6 7 8 12 13,0.0144988,28.3582,No,N/A,N/A,3,4,N/A,6,7,8,3 6,3 7,3 8,12,13,6 8,3 12,3 13,4 13,6 12
3 4 6 8 9 10 12,0.0202134,25.8442,No,N/A,N/A,3,4,N/A,6,3 4,8,9,10,3 8,12,3 10,4 10,3 12,4 12,3 4 10,6 12
3 4 5 6 7 8 9 10,0.0471087,16.4231,No,N/A,N/A,3,4,5,6,7,8,9,10,3 8,3 9,3 10,4 10,5 10,6 10,7 10,8 10
3 5 6 10 12 13,0.011348,30.4711,No,N/A,N/A,3,N/A,5,6,N/A,3 5,3 6,10,5 6,12,13,3 5 6,3 12,3 13,5 12,5 13
2 3 4 6 8 9 11,0.0502028,15.3262,No,N/A,2,3,4,2 3,6,3 4,8,9,2 8,11,3 9,2 11,3 11,4 11,2 3 11,6 11,3 4 11
1 3 4 5 6 7 8 9 10 11 12 13,0.0300857,24.1817,No,N/A,N/A,3,4,5,6,7,8,9,10,11,12,13,3 11,3 12,3 13,4 13,5 13
2 3 4 7 11 12 13,0.0140168,29.8685,No,N/A,2,3,4,2 3,2 4,7,N/A,2 7,3 7,11,12,13,2 12,2 13,3 13,4 13,2 3 13
2 3 5 8 10 11 12 13,0.0096622,39.2267,No,N/A,2,3,N/A,5,N/A,2 5,8,N/A,10,11,12,13,2 12,2 13,3 13,5 12,5 13
2 3 4 5 9 10 13,0.0313013,20.1848,No,N/A,2,3,4,5,2 4,2 5,3 5,9,10,2 9,2 10,13,4 10,2 13,3 13,4 13,5 13
2 4 5 7 10 11 12,0.0192391,27.6651,No,N/A,2,N/A,4,5,2 4,7,N/A,2 7,10,11,12,2 11,2 12,4 11,4 12,5 12,2 4 12
2 4 5 6 7 8 9,0.062282,12.6933,No,N/A,2,N/A,4,5,6,7,8,9,2 8,2 9,4 8,4 9,5 9,6 9,7 9,8 9,2 7 9
2 3 4 7 8 9 10 11,0.0377962,19.4652,No,N/A,2,3,4,2 3,2 4,7,8,9,10,11,2 10,2 11,3 11,4 11,2 3 11,2 4 11,7 11
3 4 5 7 8,0.0676288,11.4471,No,N/A,N/A,3,4,5,N/A,7,8,4 5,3 7,3 8,4 8,5 8,3 4 7,7 8,3 5 8,4 5 8,3 7 8
2 3 6 10 11 12 13,0.0120987,33.1615,No,N/A,2,3,N/A,2 3,6,N/A,2 6,3 6,10,11,12,13,2 12,2 13,3 13,2 3 12,2 3 13
2 3 4 5 8 9 10 11 12 13,0.0184042,29.8772,No,N/A,2,3,4,5,2 4,2 5,8,9,10,11,12,13,2 12,2 13,3 13,4 13,5 13
3 4 5 6 7 8 9 11 12 13,0.0147778,31.2028,No,N/A,N/A,3,4,5,6,7,8,9,3 7,11,12,13,3 11,3 12,3 13,4 13,5 13
2 3 4 7 8 9 10,0.0530055,15.0531,No,N/A,2,3,4,2 3,2 4,7,8,9,10,2 9,2 10,3 10,4 10,2 3 10,2 4 10,7 10,8 10
2 3 4 8 10 12,0.0336455,18.9408,No,N/A,2,3,4,2 3,2 4,3 4,8,2 3 4,10,3 8,12,3 10,2 12,3 12,4 12,2 3 12,2 4 12
2 3 4 6 9,0.090022,8.69502,No,N/A,2,3,4,2 3,6,3 4,2 6,9,4 6,2 9,3 9,4 9,2 3 9,6 9,3 4 9,2 6 9,3 6 9
2 3 4 5 6 7 8 9 10 12,0.0466098,16.7801,No,N/A,2,3,4,5,6,7,8,9,10,2 9,12,3 10,2 12,3 12,4 12,5 12,6 12
2 3 5 6 7 8 9 11,0.0467318,16.8252,No,N/A,2,3,N/A,5,6,7,8,9,2 8,11,3 9,2 11,3 11,6 9,5 11,6 11,7 11
3 4 5 7 8 12 13,0.0138894,29.0092,No,N/A,N/A,3,4,5,N/A,7,8,4 5,3 7,3 8,12,13,3 4 7,3 12,3 13,4 13,5 13
2 3 4 7 9 10,0.0524374,15.9494,No,N/A,2,3,4,2 3,2 4,7,N/A,9,10,2 9,2 10,3 10,4 10,2 3 10,2 4 10,7 10,2 7 9
2 3 5 6 7 11 12,0.033525,19.8744,No,N/A,2,3,N/A,5,6,7,2 6,2 7,3 7,11,12,2 11,2 12,3 12,5 11,5 12,6 12
2 4 5 6 8 11 12,0.0287249,21.4725,No,N/A,2,N/A,4,5,6,2 5,8,4 5,2 8,11,12,2 11,2 12,4 11,4 12,5 12,6 12
2 3 5 6 7 8 12,0.0448805,16.2306,No,N/A,2,3,N/A,5,6,7,8,2 7,2 8,3 8,12,5 8,2 12,3 12,2 6 8,5 12,6 12
2 3 4 5 8 10 11,0.0489506,15.8283,No,N/A,2,3,4,5,2 4,2 5,8,4 5,10,11,2 10,2 11,3 11,4 11,5 11,2 4 11,2 5 11
2 3 4 6 7 9 12,0.0464674,15.8604,No,N/A,2,3,4,2 3,6,7,2 6,9,3 7,2 9,12,4 9,2 12,3 12,4 12,2 3 12,6 12
2 3 4 6 7 9 10 13,0.0278006,22.8719,No,N/A,2,3,4,2 3,6,7,2 6,9,10,2 9,2 10,13,4 10,2 13,3 13,4 13,2 3 13
2 3 4 5 7 8 13,0.0378966,16.9751,No,N/A,2,3,4,5,2 4,7,8,2 7,2 8,3 8,4 8,13,2 4 8,2 13,3 13,4 13,5 13
2 4 5 6 10 11 12,0.0227424,23.9373,No,N/A,2,N/A,4,5,6,2 5,2 6,4 5,10,11,12,2 11,2 12,4 11,4 12,5 12,6 12
2 4 5 8 9 10 11 12,0.0199828,26.9955,No,N/A,2,N/A,4,5,2 4,2 5,8,9,10,11,12,2 11,2 12,4 11,4 12,5 12,2 4 12
3 5 7 8 11 12 13,0.00671079,38.7966,No,N/A,N/A,3,N/A,5,N/A,7,8,N/A,3 7,11,12,13,3 11,3 12,3 13,5 12,5 13
2 3 5 7 8 10 11 12,0.0223054,27.5141,No,N/A,2,3,N/A,5,N/A,7,8,2 7,10,11,12,2 11,2 12,3 12,5 11,5 12,7 11
3 4 5 6 7 8 9 10 11 13,0.0190781,27.634,No,N/A,N/A,3,4,5,6,7,8,9,10,11,3 9,13,3 11,4 11,3 13,4 13,5 13
2 3 4 5 6 9 10 13,0.0333919,19.6939,No,N/A,2,3,4,5,6,2 5,2 6,9,10,2 9,2 10,13,4 10,2 13,3 13,4 13,5 13
2 3 6 8 9 12 13,0.0144534,29.5575,No,N/A,2,3,N/A,2 3,6,N/A,8,9,2 8,2 9,12,13,2 12,2 13,3 13,2 3 12,2 3 13
3 4 6 8 10 11,0.0295815,20.6747,No,N/A,N/A,3,4,N/A,6,3 4,8,3 6,10,11,4 8,3 10,3 11,4 11,6 10,6 11,3 4 11
2 3 4 5 7 9 11 13,0.0241533,24.4504,No,N/A,2,3,4,5,2 4,7,3 5,9,3 7,11,3 9,13,3 11,2 13,3 13,4 13,5 13
3 5 6 8 9 10,0.0324588,20.4075,No,N/A,N/A,3,N/A,5,6,N/A,8,9,10,3 8,3 9,3 10,5 9,5 10,6 10,8 9,8 10
2 4 5 7 8 10 11 13,0.0180191,27.6169,No,N/A,2,N/A,4,5,2 4,7,8,2 7,10,11,2 10,13,4 10,2 13,5 11,4 13,5 13
2 3 5 6 7 9 10 11 13,0.0216347,26.2209,No,N/A,2,3,N/A,5,6,7,2 6,9,10,11,2 10,13,3 11,2 13,3 13,6 11,5 13
2 3 5 9 12 13,0.017527,25.2684,No,N/A,2,3,N/A,5,N/A,2 5,3 5,9,2 3 5,2 9,12,13,2 12,2 13,3 13,5 12,5 13
2 3 6 7 9 12,0.0365931,18.2993,No,N/A,2,3,N/A,2 3,6,7,2 6,9,3 7,2 9,12,6 7,2 12,3 12,7 9,2 3 12,6 12
2 3 4 7 8 9 11 12 13,0.0167392,30.3487,No,N/A,2,3,4,2 3,2 4,7,8,9,2 8,11,12,13,2 12,2 13,3 13,4 13,2 3 13
2 4 5 6 7 10 12 13,0.0179341,27.1504,No,N/A,2,N/A,4,5,6,7,2 6,2 7,10,4 7,12,13,2 12,2 13,4 12,4 13,5 13
2 3 4 6 8 10 12,0.0324892,20.8897,No,N/A,2,3,4,2 3,6,3 4,8,3 6,10,3 8,12,3 10,2 12,3 12,4 12,2 3 12,6 12
2 3 6 7 9 11 13,0.0186983,26.1748,No,N/A,2,3,N/A,2 3,6,7,2 6,9,3 7,11,3 9,13,3 11,2 13,3 13,6 11,2 3 13
2 3 4 7 11 12,0.0299804,20.4488,No,N/A,2,3,4,2 3,2 4,7,N/A,2 7,3 7,11,12,2 11,2 12,3 12,4 12,2 3 12,2 4 12
2 3 6 7 8 11 12 13,0.0137467,30.3405,No,N/A,2,3,N/A,2 3,6,7,8,2 7,2 8,11,12,13,2 12,2 13,3 13,2 3 12,2 3 13
2 3 4 5 6 8 9 13,0.0409287,17.0463,No,N/A,2,3,4,5,6,2 5,8,9,2 8,2 9,3 9,13,5 9,2 13,3 13,4 13,5 13
2 3 4 5 6 7 9 10,0.0691808,11.8117,No,N/A,2,3,4,5,6,7,2 6,9,10,2 9,2 10,3 10,4 10,5 10,6 10,7 10,2 6 10
2 4 6 7 9 12 13,0.0145268,28.5622,No,N/A,2,N/A,4,N/A,6,7,2 6,9,4 6,2 9,12,13,2 12,2 13,4 12,4 13,6 12
2 3 4 5 6 7 9 11 13,0.0321822,21.1898,No,N/A,2,3,4,5,6,7,2 6,9,3 7,11,3 9,13,3 11,2 13,3 13,4 13,5 13
2 3 4 5 8 11 12 13,0.0191996,27.237,No,N/A,2,3,4,5,2 4,2 5,8,4 5,2 8,11,12,13,2 12,2 13,3 13,4 13,5 13
3 4 5 7 10 12,0.02632,21.3201,No,N/A,N/A,3,4,5,N/A,7,3 5,4 5,10,4 7,12,3 10,4 10,3 12,4 12,5 12,3 5 10
2 3 6 9 10 11 12,0.0183456,28.3592,No,N/A,2,3,N/A,2 3,6,N/A,2 6,9,10,11,12,2 11,2 12,3 12,2 3 11,2 3 12,6 12
2 3 4 8 9 10 12 13,0.0180473,28.3563,No,N/A,2,3,4,2 3,2 4,3 4,8,9,10,2 9,12,13,2 12,2 13,3 13,4 13,2 3 13
3 4 5 6 7 10 11,0.037198,19.1375,No,N/A,N/A,3,4,5,6,7,3 5,3 6,10,11,5 7,3 10,3 11,4 11,5 11,6 11,7 11
2 3 4 5 6 8 10 11 13,0.0291647,22.0789,No,N/A,2,3,4,5,6,2 5,8,3 6,10,11,2 10,13,3 11,2 13,3 13,4 13,5 13
2 3 5 7 8 9 11,0.0435027,18.2074,No,N/A,2,3,N/A,5,N/A,7,8,9,2 8,11,3 9,2 11,3 11,7 8,5 11,8 9,7 11
3 4 5 6 8 10 11 13,0.0168171,27.9977,No,N/A,N/A,3,4,5,6,3 4,8,3 6,10,11,4 8,13,3 11,4 11,3 13,4 13,5 13
3 4 5 6 11 12,0.0246511,21.0598,No,N/A,N/A,3,4,5,6,3 4,3 5,3 6,4 6,11,12,3 4 6,3 11,3 12,4 12,5 12,6 12
2 4 5 7 8 10 12,0.0318834,21.139,No,N/A,2,N/A,4,5,2 4,7,8,2 7,10,4 7,12,5 8,2 12,5 10,4 12,5 12,2 4 12
2 4 5 6 8 9 10,0.0480147,15.9215,No,N/A,2,N/A,4,5,6,2 5,8,9,10,2 9,2 10,4 9,4 10,5 10,6 10,2 5 10,8 10
2 3 4 6 9 10 12,0.0359389,19.275,No,N/A,2,3,4,2 3,6,3 4,2 6,9,10,2 9,12,3 10,2 12,3 12,4 12,2 3 12,6 12
2 3 4 5 7 8 10,0.067556,11.6286,No,N/A,2,3,4,5,2 4,7,8,2 7,10,3 8,2 10,3 10,4 10,5 10,2 4 10,7 10,8 10
3 4 6 8 11 12,0.0209009,24.0371,No,N/A,N/A,3,4,N/A,6,3 4,8,3 6,4 6,11,12,3 4 6,3 11,3 12,4 12,6 11,6 12
3 5 6 9 10 11,0.0205788,24.5124,No,N/A,N/A,3,N/A,5,6,N/A,3 5,9,10,11,3 9,3 10,3 11,5 10,5 11,6 11,3 5 10
2 3 4 6 9 11 12 13,0.0171452,29.2273,No,N/A,2,3,4,2 3,6,3 4,2 6,9,4 6,11,12,13,2 12,2 13,3 13,4 13,2 3 13
2 3 5 7 10 12,0.0251371,23.5752,No,N/A,2,3,N/A,5,N/A,7,3 5,2 7,10,N/A,12,3 10,2 12,3 12,N/A,5 12,3 5 10
2 4 5 6 8 10 11 12,0.0222882,25.6498,No,N/A,2,N/A,4,5,6,2 5,8,4 5,10,11,12,2 11,2 12,4 11,4 12,5 12,6 12
2 3 4 6 12 13,0.0211123,21.5187,No,N/A,2,3,4,2 3,6,3 4,2 6,3 6,4 6,2 3 6,12,13,2 12,2 13,3 13,4 13,2 3 13
3 4 5 8 10 12 13,0.0119582,31.2208,No,N/A,N/A,3,4,5,N/A,3 4,8,4 5,10,3 8,12,13,4 10,3 12,3 13,4 13,5 13
2 3 4 6 7 9 10 11 12,0.0271019,24.4665,No,N/A,2,3,4,2 3,6,7,2 6,9,10,11,12,2 11,2 12,3 12,4 12,2 3 12,6 12
2 3 4 6 7 8,0.0797206,9.07717,No,N/A,2,3,4,2 3,6,7,8,2 7,2 8,3 8,4 8,2 3 8,6 8,7 8,2 6 8,2 7 8,3 7 8
2 4 6 8 9 12,0.0269564,22.0716,No,N/A,2,N/A,4,N/A,6,N/A,8,9,2 8,2 9,12,4 9,2 12,6 9,4 12,8 9,6 12
3 4 5 7 8 9 11 13,0.0164174,29.7648,No,N/A,N/A,3,4,5,N/A,7,8,9,3 7,11,3 9,13,3 11,4 11,3 13,4 13,5 13
3 4 5 6 7 9 10 11,0.0320525,21.3112,No,N/A,N/A,3,4,5,6,7,3 5,9,10,11,3 9,3 10,3 11,4 11,5 11,6 11,7 11
2 3 4 6 9 11,0.0585555,13.9345,No,N/A,2,3,4,2 3,6,3 4,2 6,9,4 6,11,3 9,2 11,3 11,4 11,2 3 11,6 11,3 4 11
3 4 5 6 7 8 10 11 13,0.0191661,26.8501,No,N/A,N/A,3,4,5,6,7,8,3 6,10,11,4 8,13,3 11,4 11,3 13,4 13,5 13
2 3 4 5 6 12,0.054133,12.9322,No,N/A,2,3,4,5,6,2 5,2 6,3 6,4 6,5 6,12,2 5 6,2 12,3 12,4 12,5 12,6 12
3 4 6 7 10 12,0.0229157,23.4295,No,N/A,N/A,3,4,N/A,6,7,N/A,3 6,10,4 7,12,3 10,4 10,3 12,4 12,7 10,6 12
2 4 7 10 12 13,0.0144759,29.6335,No,N/A,2,N/A,4,N/A,2 4,7,N/A,2 7,10,4 7,12,13,2 12,2 13,4 12,4 13,2 4 12
3 4 5 6 8 9 11,0.0381275,18.9863,No,N/A,N/A,3,4,5,6,3 4,8,9,4 6,11,3 9,4 9,3 11,4 11,5 11,6 11,3 4 11
2 3 4 6 7 8 9 10 13,0.0303247,21.7894,No,N/A,2,3,4,2 3,6,7,8,9,10,2 9,2 10,13,4 10,2 13,3 13,4 13,2 3 13
3 5 6 7 8 10 11 12 13,0.00818561,37.9043,No,N/A,N/A,3,N/A,5,6,7,8,3 6,10,11,12,13,3 11,3 12,3 13,5 12,5 13
2 3 4 5 10 12 13,0.0207476,25.2565,No,N/A,2,3,4,5,2 4,2 5,3 5,4 5,10,2 4 5,12,13,2 12,2 13,3 13,4 13,5 13
2 4 5 7 10,0.0530653,13.4301,No,N/A,2,N/A,4,5,2 4,7,N/A,2 7,10,4 7,2 10,2 4 7,4 10,5 10,2 4 10,7 10,2 4 5 7
2 3 4 5 6 9 10 11 12,0.0328108,21.2495,No,N/A,2,3,4,5,6,2 5,2 6,9,10,11,12,2 11,2 12,3 12,4 12,5 12,6 12
3 4 5 9 10 11,0.0277489,21.3239,No,N/A,N/A,3,4,5,N/A,3 4,3 5,9,10,11,3 9,3 10,3 11,4 11,5 11,3 4 10,3 4 11
3 4 5 7 9 10 12,0.0241511,24.3859,No,N/A,N/A,3,4,5,N/A,7,3 5,9,10,4 7,12,3 10,4 10,3 12,4 12,5 12,3 5 10
2 4 5 6 9 10 13,0.0226015,23.9358,No,N/A,2,N/A,4,5,6,2 5,2 6,9,10,2 9,2 10,13,4 10,2 13,6 10,4 13,5 13
2 3 4 5 6 12 13,0.0269127,20.7696,No,N/A,2,3,4,5,6,2 5,2 6,3 6,4 6,5 6,12,13,2 12,2 13,3 13,4 13,5 13
3 4 5 6 7 9 11 12,0.024363,24.0251,No,N/A,N/A,3,4,5,6,7,3 5,9,3 7,11,12,4 9,3 11,3 12,4 12,5 12,6 12
2 3 5 6 7 8 11 12,0.0318446,21.0341,No,N/A,2,3,N/A,5,6,7,8,2 7,2 8,11,12,2 11,2 12,3 12,5 11,5 12,6 12
2 3 6 7 8 12,0.0408993,17.1682,No,N/A,2,3,N/A,2 3,6,7,8,2 7,2 8,3 8,12,2 3 8,2 12,3 12,2 6 8,2 3 12,6 12
2 3 4 8 13,0.0312526,15.3405,No,N/A,2,3,4,2 3,2 4,3 4,8,2 3 4,2 8,3 8,4 8,13,2 4 8,2 13,3 13,4 13,2 3 13
2 4 5 7 10 13,0.0227062,22.6207,No,N/A,2,N/A,4,5,2 4,7,N/A,2 7,10,4 7,2 10,13,4 10,2 13,2 4 10,4 13,5 13
2 3 4 8 9 11 12,0.0296701,22.2359,No,N/A,2,3,4,2 3,2 4,3 4,8,9,2 8,11,12,2 11,2 12,3 12,4 12,2 3 12,2 4 12
3 4 5 6 7,0.0867123,9.34888,No,N/A,N/A,3,4,5,6,7,3 5,3 6,3 7,4 7,5 7,6 7,3 4 7,3 5 7,3 6 7,4 6 7,5 6 7
2 3 5 6 7 8 9,0.0663358,12.0161,No,N/A,2,3,N/A,5,6,7,8,9,2 8,2 9,3 9,5 8,5 9,6 9,7 9,8 9,2 7 9
2 3 6 8 10 11 13,0.0157909,29.4846,No,N/A,2,3,N/A,2 3,6,N/A,8,3 6,10,11,2 10,13,3 11,2 13,3 13,6 11,2 3 13
2 3 4 6 8,0.0977257,8.15915,No,N/A,2,3,4,2 3,6,3 4,8,3 6,2 8,3 8,4 8,2 3 8,6 8,3 4 8,2 6 8,3 6 8,4 6 8
2 3 4 5 6 8 13,0.0428192,15.1169,No,N/A,2,3,4,5,6,2 5,8,3 6,2 8,3 8,4 8,13,6 8,2 13,3 13,4 13,5 13
3 5 6 7 8 10 13,0.017075,26.7796,No,N/A,N/A,3,N/A,5,6,7,8,3 6,10,3 8,5 7,13,6 8,5 10,3 13,7 10,5 13
2 4 5 8 10,0.055457,12.757,No,N/A,2,N/A,4,5,2 4,2 5,8,4 5,10,2 4 5,2 10,5 8,4 10,5 10,2 4 10,2 5 10,8 10
3 4 5 9 11 12 13,0.0080739,36.8508,No,N/A,N/A,3,4,5,N/A,3 4,3 5,9,N/A,11,12,13,3 11,3 12,3 13,4 13,5 13
2 3 5 6 7 8 9 10 13,0.0281504,23.0388,No,N/A,2,3,N/A,5,6,7,8,9,10,2 9,2 10,13,5 9,2 13,3 13,7 10,5 13
3 4 5 9 10 12,0.0201057,25.6295,No,N/A,N/A,3,4,5,N/A,3 4,3 5,9,10,N/A,12,3 10,4 10,3 12,4 12,5 12,3 5 10
2 3 5 7 8 9 13,0.0300358,21.8597,No,N/A,2,3,N/A,5,N/A,7,8,9,2 8,2 9,3 9,13,5 9,2 13,3 13,8 9,5 13
3 4 5 7 10 11 12,0.0178078,27.2503,No,N/A,N/A,3,4,5,N/A,7,3 5,4 5,10,11,12,3 10,3 11,3 12,4 12,5 12,7 11
2 3 4 5 9 10 12,0.0386955,18.3353,No,N/A,2,3,4,5,2 4,2 5,3 5,9,10,2 9,12,3 10,2 12,3 12,4 12,5 12,2 4 12
3 5 6 7 10 11 12,0.0148344,28.3865,No,N/A,N/A,3,N/A,5,6,7,3 5,3 6,10,11,12,3 10,3 11,3 12,5 11,5 12,6 12
2 3 5 7 8 9 10 12,0.0274163,24.8102,No,N/A,2,3,N/A,5,N/A,7,8,9,10,2 9,12,3 10,2 12,3 12,7 9,5 12,8 10
2 3 6 7 10 13,0.02065,23.7958,No,N/A,2,3,N/A,2 3,6,7,2 6,2 7,10,2 3 6,2 10,13,N/A,2 13,3 13,7 10,2 3 13
2 4 7 8 11 12 13,0.0104766,32.8738,No,N/A,2,N/A,4,N/A,2 4,7,8,2 7,2 8,11,12,13,2 12,2 13,4 12,4 13,2 4 12
2 3 5 6 10 11 12 13,0.0138231,30.9738,No,N/A,2,3,N/A,5,6,2 5,2 6,3 6,10,11,12,13,2 12,2 13,3 13,5 12,5 13
2 3 5 6 7 8 11,0.0501809,15.5546,No,N/A,2,3,N/A,5,6,7,8,2 7,2 8,11,5 7,2 11,3 11,7 8,5 11,6 11,7 11
2 4 5 6 7 10 11 12,0.0240441,24.6815,No,N/A,2,N/A,4,5,6,7,2 6,2 7,10,11,12,2 11,2 12,4 11,4 12,5 12,6 12
2 3 6 7 8 9,0.0583486,13.8394,No,N/A,2,3,N/A,2 3,6,7,8,9,2 8,2 9,3 9,2 3 8,2 3 9,6 9,7 9,8 9,2 7 9
3 4 5 6 9 10 12 13,0.0131218,31.2382,No,N/A,N/A,3,4,5,6,3 4,3 5,9,10,5 6,12,13,4 10,3 12,3 13,4 13,5 13
3 4 6 7 8 9 12,0.0293002,21.7881,No,N/A,N/A,3,4,N/A,6,7,8,9,3 7,3 8,12,4 9,6 8,3 12,4 12,8 9,6 12
3 4 6 8 11,0.0424265,16.4329,No,N/A,N/A,3,4,N/A,6,3 4,8,3 6,4 6,11,4 8,3 4 6,3 11,4 11,N/A,6 11,3 4 11
2 3 4 6 7 11 12,0.0368624,18.7951,No,N/A,2,3,4,2 3,6,7,2 6,2 7,3 7,11,12,2 11,2 12,3 12,4 12,2 3 12,6 12
2 3 4 6 9 10 12 13,0.0175317,28.1674,No,N/A,2,3,4,2 3,6,3 4,2 6,9,10,2 9,12,13,2 12,2 13,3 13,4 13,2 3 13
2 4 5 7 8 10 12 13,0.0150303,30.0597,No,N/A,2,N/A,4,5,2 4,7,8,2 7,10,4 7,12,13,2 12,2 13,4 12,4 13,5 13
2 3 4 6 8 10 11,0.0443881,16.9655,No,N/A,2,3,4,2 3,6,3 4,8,3 6,10,11,2 10,2 11,3 11,4 11,2 3 11,6 11,3 4 11
2 3 6 8 9 11 13,0.0170732,28.3623,No,N/A,2,3,N/A,2 3,6,N/A,8,9,2 8,11,3 9,13,3 11,2 13,3 13,6 11,2 3 13
2 4 5 6 8 9 11 12 13,0.0140789,31.4009,No,N/A,2,N/A,4,5,6,2 5,8,9,2 8,11,12,13,2 12,2 13,4 12,4 13,5 13
2 4 5 6 7 9 10,0.0516313,15.0353,No,N/A,2,N/A,4,5,6,7,2 6,9,10,2 9,2 10,4 9,4 10,5 10,6 10,7 10,2 6 10
3 5 7 9 11 13,0.0129691,28.5897,No,N/A,N/A,3,N/A,5,N/A,7,3 5,9,3 7,11,3 9,13,3 11,3 5 7,3 13,3 5 9,5 13
2 3 4 6 7 13,0.0408664,16.4675,No,N/A,2,3,4,2 3,6,7,2 6,2 7,3 7,4 7,2 3 7,13,3 4 7,2 13,3 13,4 13,2 3 13
2 3 5 6 9 10 13,0.0276489,22.0782,No,N/A,2,3,N/A,5,6,2 5,2 6,9,10,2 9,2 10,13,5 9,2 13,3 13,2 5 10,5 13
2 4 5 6 7 8 11 12 13,0.0155947,29.899,No,N/A,2,N/A,4,5,6,7,8,2 7,2 8,11,12,13,2 12,2 13,4 12,4 13,5 13
3 4 5 7 12 13,0.0149411,25.6558,No,N/A,N/A,3,4,5,N/A,7,3 5,4 5,3 7,4 7,12,13,3 4 7,3 12,3 13,4 13,5 13
2 3 4 8 9 10 13,0.0287059,21.8763,No,N/A,2,3,4,2 3,2 4,3 4,8,9,10,2 9,2 10,13,4 10,2 13,3 13,4 13,2 3 13
2 3 6 7 9 11 12,0.0241843,23.8856,No,N/A,2,3,N/A,2 3,6,7,2 6,9,3 7,11,12,2 11,2 12,3 12,2 3 11,2 3 12,6 12
3 5 6 7 8 9 11 13,0.013415,30.9518,No,N/A,N/A,3,N/A,5,6,7,8,9,3 7,11,3 9,13,3 11,6 9,3 13,6 11,5 13
2 4 5 6 7 9 11 12,0.0252707,24.5777,No,N/A,2,N/A,4,5,6,7,2 6,9,4 6,11,12,2 11,2 12,4 11,4 12,5 12,6 12
2 3 4 5 6 7 8 11 13,0.0350802,19.7877,No,N/A,2,3,4,5,6,7,8,2 7,2 8,11,4 8,13,3 11,2 13,3 13,4 13,5 13
2 3 5 7 8 11 12,0.0285765,22.9744,No,N/A,2,3,N/A,5,N/A,7,8,2 7,2 8,11,12,2 11,2 12,3 12,5 11,5 12,7 11
2 3 4 6 7 10 12 13,0.0205605,26.344,No,N/A,2,3,4,2 3,6,7,2 6,2 7,10,4 7,12,13,2 12,2 13,3 13,4 13,2 3 13
2 4 5 6 7 9 11,0.0437715,17.6608,No,N/A,2,N/A,4,5,6,7,2 6,9,4 6,11,5 7,2 11,5 9,4 11,5 11,6 11,7 11
2 3 4 6 7 8 9 10,0.0563364,14.3309,No,N/A,2,3,4,2 3,6,7,8,9,10,2 9,2 10,3 10,4 10,2 3 10,6 10,7 10,8 10
3 4 5 6 8 9 11 12 13,0.0124365,33.3529,No,N/A,N/A,3,4,5,6,3 4,8,9,4 6,11,12,13,3 11,3 12,3 13,4 13,5 13
2 3 4 5 6 7 8 9 11 12 13,0.025935,24.7269,No,N/A,2,3,4,5,6,7,8,9,2 8,11,12,13,2 12,2 13,3 13,4 13,5 13
2 3 4 5 9 10,0.067103,11.7696,No,N/A,2,3,4,5,2 4,2 5,3 5,9,10,2 9,2 10,3 10,4 10,5 10,2 4 10,2 5 10,3 5 10
2 3 4 6 9 11 13,0.0268042,22.9256,No,N/A,2,3,4,2 3,6,3 4,2 6,9,4 6,11,3 9,13,3 11,2 13,3 13,4 13,2 3 13
2 3 4 5 6 7 8 12 13,0.0309033,20.9228,No,N/A,2,3,4,5,6,7,8,2 7,2 8,3 8,12,13,2 12,2 13,3 13,4 13,5 13
2 3 5 6 8 10 11 13,0.0178861,28.4659,No,N/A,2,3,N/A,5,6,2 5,8,3 6,10,11,2 10,13,3 11,2 13,3 13,6 11,5 13
2 4 7 8 10 11,0.0298166,20.7254,No,N/A,2,N/A,4,N/A,2 4,7,8,2 7,10,11,2 10,2 11,4 10,4 11,2 4 10,2 4 11,7 11
3 4 5 8 10 12,0.0264372,21.7237,No,N/A,N/A,3,4,5,N/A,3 4,8,4 5,10,3 8,12,3 10,4 10,3 12,4 12,5 12,8 10
2 3 5 6 7 9 10 12,0.0333786,20.9098,No,N/A,2,3,N/A,5,6,7,2 6,9,10,2 9,12,3 10,2 12,3 12,6 10,5 12,6 12
2 3 4 6 8 11 13,0.0285165,21.5459,No,N/A,2,3,4,2 3,6,3 4,8,3 6,2 8,11,4 8,13,3 11,2 13,3 13,4 13,2 3 13
2 3 4 5 8 10,0.0728595,10.7709,No,N/A,2,3,4,5,2 4,2 5,8,4 5,10,3 8,2 10,3 10,4 10,5 10,2 4 10,2 5 10,8 10
2 3 5 6 7 9,0.0757307,10.6296,No,N/A,2,3,N/A,5,6,7,2 6,9,3 7,2 9,3 9,6 7,5 9,6 9,7 9,2 6 9,2 7 9
3 4 5 6 8 11 13,0.0193079,25.4823,No,N/A,N/A,3,4,5,6,3 4,8,3 6,4 6,11,4 8,13,3 11,4 11,3 13,4 13,5 13
2 3 4 5 6 8 9 10 12 13,0.025379,24.504,No,N/A,2,3,4,5,6,2 5,8,9,10,2 9,12,13,2 12,2 13,3 13,4 13,5 13
2 3 6 7 8 9 10 11,0.0292796,22.1861,No,N/A,2,3,N/A,2 3,6,7,8,9,10,11,2 10,2 11,3 11,2 3 10,2 3 11,6 11,7 11
2 3 5 6 7 9 13,0.0342481,19.0866,No,N/A,2,3,N/A,5,6,7,2 6,9,3 7,2 9,3 9,13,5 9,2 13,3 13,2 6 9,5 13
2 4 5 7 8 11 12 13,0.0125264,32.1621,No,N/A,2,N/A,4,5,2 4,7,8,2 7,2 8,11,12,13,2 12,2 13,4 12,4 13,5 13
1 4 5 6 7 8 9 10 11 12 13,0.0188555,30.1512,No,N/A,N/A,N/A,4,5,6,7,8,9,10,11,12,13,4 10,4 11,4 12,4 13,5 13
2 3 4 5 6 8 9 12,0.0509896,15.1051,No,N/A,2,3,4,5,6,2 5,8,9,2 8,2 9,12,4 9,2 12,3 12,4 12,5 12,6 12
2 3 6 8 10 11 12 13,0.0108537,35.986,No,N/A,2,3,N/A,2 3,6,N/A,8,3 6,10,11,12,13,2 12,2 13,3 13,2 3 12,2 3 13
2 3 4 5 7 9 11 12,0.0318143,21.3089,No,N/A,2,3,4,5,2 4,7,3 5,9,3 7,11,12,2 11,2 12,3 12,4 12,5 12,2 4 12
3 4 5 6 8 10 12 13,0.014852,29.2196,No,N/A,N/A,3,4,5,6,3 4,8,3 6,10,3 8,12,13,4 10,3 12,3 13,4 13,5 13
2 3 4 6 7 8 10 12,0.0396493,18.3166,No,N/A,2,3,4,2 3,6,7,8,2 7,10,3 8,12,3 10,2 12,3 12,4 12,2 3 12,6 12
2 3 5 7 9 10 11 12 13,0.0123469,35.6238,No,N/A,2,3,N/A,5,N/A,7,3 5,9,10,11,12,13,2 12,2 13,3 13,5 12,5 13
2 3 4 5 8 13,0.042891,15.9759,No,N/A,2,3,4,5,2 4,2 5,8,4 5,2 8,3 8,4 8,13,2 4 8,2 13,3 13,4 13,5 13
2 3 5 6 7 8 9 10 12 13,0.0201523,28.0798,No,N/A,2,3,N/A,5,6,7,8,9,10,2 9,12,13,2 12,2 13,3 13,5 12,5 13
2 3 4 8 12 13,0.0189312,22.7648,No,N/A,2,3,4,2 3,2 4,3 4,8,2 3 4,2 8,3 8,12,13,2 12,2 13,3 13,4 13,2 3 13
2 3 5 7 8 13,0.032594,19.5964,No,N/A,2,3,N/A,5,N/A,7,8,2 7,2 8,3 8,5 7,13,2 5 7,2 13,3 13,2 7 8,5 13
2 3 5 6 7 10 11 12,0.0278059,22.7227,No,N/A,2,3,N/A,5,6,7,2 6,2 7,10,11,12,2 11,2 12,3 12,5 11,5 12,6 12
3 4 6 8 9 10 13,0.0162572,27.7578,No,N/A,N/A,3,4,N/A,6,3 4,8,9,10,3 8,3 9,13,4 10,6 9,3 13,4 13,8 10
2 3 6 9 10 12 13,0.0125012,31.854,No,N/A,2,3,N/A,2 3,6,N/A,2 6,9,10,2 9,12,13,2 12,2 13,3 13,2 3 12,2 3 13
2 4 5 6 11 12,0.0289958,19.5929,No,N/A,2,N/A,4,5,6,2 5,2 6,4 5,4 6,11,12,2 11,2 12,4 11,4 12,5 12,6 12
2 4 5 6 7 8 9 13,0.0297444,21.2007,No,N/A,2,N/A,4,5,6,7,8,9,2 8,2 9,4 8,13,5 9,2 13,7 9,4 13,5 13
3 5 7 8 9 11 13,0.011781,31.511,No,N/A,N/A,3,N/A,5,N/A,7,8,9,3 7,11,3 9,13,3 11,7 8,3 13,8 9,5 13
2 3 6 8 9,0.0555629,13.2629,No,N/A,2,3,N/A,2 3,6,N/A,8,9,2 8,2 9,3 9,2 3 8,2 3 9,6 9,2 6 8,8 9,3 6 9
2 4 5 7 8,0.0767201,10.0515,No,N/A,2,N/A,4,5,2 4,7,8,2 7,2 8,4 7,4 8,5 8,2 4 8,7 8,4 5 7,2 7 8,2 4 5 7
2 3 6 7 9 10 12 13,0.01253,32.252,No,N/A,2,3,N/A,2 3,6,7,2 6,9,10,2 9,12,13,2 12,2 13,3 13,2 3 12,2 3 13
2 4 5 6 9 11 12,0.0261471,22.7054,No,N/A,2,N/A,4,5,6,2 5,2 6,9,4 6,11,12,2 11,2 12,4 11,4 12,5 12,6 12
2 3 5 8 9 10,0.0507441,16.1921,No,N/A,2,3,N/A,5,N/A,2 5,8,9,10,2 9,2 10,3 10,5 9,5 10,2 5 9,2 5 10,8 10
3 4 5 6 8 9 10 11 13,0.0160764,29.6133,No,N/A,N/A,3,4,5,6,3 4,8,9,10,11,3 9,13,3 11,4 11,3 13,4 13,5 13
2 3 4 5 6 7 8 9 10 11 12 13,0.0265853,24.6201,No,N/A,2,3,4,5,6,7,8,9,10,11,12,13,2 12,2 13,3 13,4 13,5 13
3 5 7 9 10 11 12,0.0110944,32.4358,No,N/A,N/A,3,N/A,5,N/A,7,3 5,9,10,11,12,3 10,3 11,3 12,5 11,5 12,7 11
2 3 4 5 8 10 12 13,0.0224934,25.3409,No,N/A,2,3,4,5,2 4,2 5,8,4 5,10,3 8,12,13,2 12,2 13,3 13,4 13,5 13
3 5 7 8 9 12,0.0214431,24.1821,No,N/A,N/A,3,N/A,5,N/A,7,8,9,3 7,3 8,12,5 8,5 9,3 12,7 9,5 12,3 7 8
2 3 5 6 7 9 11 12 13,0.0163127,29.8913,No,N/A,2,3,N/A,5,6,7,2 6,9,3 7,11,12,13,2 12,2 13,3 13,5 12,5 13
3 5 6 7 8 12 13,0.0119113,30.1128,No,N/A,N/A,3,N/A,5,6,7,8,3 6,3 7,3 8,12,13,6 8,3 12,3 13,5 12,5 13
2 4 5 7 8 10,0.0596287,13.9155,No,N/A,2,N/A,4,5,2 4,7,8,2 7,10,4 7,2 10,5 8,4 10,5 10,2 4 10,7 10,8 10
2 3 4 5 11 12 13,0.0180989,26.2065,No,N/A,2,3,4,5,2 4,2 5,3 5,4 5,2 3 5,11,12,13,2 12,2 13,3 13,4 13,5 13
2 3 4 5 8 9 10 13,0.0306399,21.1608,No,N/A,2,3,4,5,2 4,2 5,8,9,10,2 9,2 10,13,4 10,2 13,3 13,4 13,5 13
2 3 4 6 9 10 11 12 13,0.0152273,31.4144,No,N/A,2,3,4,2 3,6,3 4,2 6,9,10,11,12,13,2 12,2 13,3 13,4 13,2 3 13
3 4 6 8 10,0.0472134,14.7126,No,N/A,N/A,3,4,N/A,6,3 4,8,3 6,10,3 8,4 8,3 10,4 10,3 4 8,6 10,3 4 10,8 10
2 4 6 9 10 11 12,0.0166974,29.4013,No,N/A,2,N/A,4,N/A,6,N/A,2 6,9,10,11,12,2 11,2 12,4 11,4 12,6 11,6 12
2 3 4 6 10 12 13,0.0176679,26.2981,No,N/A,2,3,4,2 3,6,3 4,2 6,3 6,10,2 3 6,12,13,2 12,2 13,3 13,4 13,2 3 13
2 3 5 7 8 9 12,0.0347317,20.8486,No,N/A,2,3,N/A,5,N/A,7,8,9,2 8,2 9,12,5 8,2 12,3 12,7 9,5 12,2 7 9
3 5 6 7 12 13,0.0136747,27.0675,No,N/A,N/A,3,N/A,5,6,7,3 5,3 6,3 7,5 6,12,13,3 5 6,3 12,3 13,5 12,5 13
2 4 5 8 11 13,0.0201297,23.4862,No,N/A,2,N/A,4,5,2 4,2 5,8,4 5,2 8,11,4 8,13,2 4 8,2 13,5 11,4 13,5 13
2 3 5 7 9 11 13,0.0207934,26.1657,No,N/A,2,3,N/A,5,N/A,7,3 5,9,3 7,11,3 9,13,3 11,2 13,3 13,3 5 9,5 13
2 3 5 6 7 9 11 13,0.0233278,24.7087,No,N/A,2,3,N/A,5,6,7,2 6,9,3 7,11,3 9,13,3 11,2 13,3 13,6 11,5 13
2 4 7 8 9 10 11,0.0236449,24.1022,No,N/A,2,N/A,4,N/A,2 4,7,8,9,10,11,2 10,2 11,4 10,4 11,2 4 10,2 4 11,7 11
2 3 5 6 8 10 12 13,0.0179112,28.0552,No,N/A,2,3,N/A,5,6,2 5,8,3 6,10,3 8,12,13,2 12,2 13,3 13,5 12,5 13
2 3 4 5 7 10 11,0.0507075,14.7935,No,N/A,2,3,4,5,2 4,7,3 5,2 7,10,11,2 10,2 11,3 11,4 11,5 11,2 4 11,7 11
3 4 6 8 9 10,0.037223,18.5454,No,N/A,N/A,3,4,N/A,6,3 4,8,9,10,3 8,3 9,3 10,4 10,6 9,6 10,3 4 10,8 10
2 3 5 8 11 12 13,0.0109772,33.6974,No,N/A,2,3,N/A,5,N/A,2 5,8,N/A,2 8,11,12,13,2 12,2 13,3 13,5 12,5 13
3 4 5 7 8 10 12 13,0.012868,31.9612,No,N/A,N/A,3,4,5,N/A,7,8,4 5,10,3 8,12,13,4 10,3 12,3 13,4 13,5 13
2 3 4 6 7 8 9,0.0699662,11.3698,No,N/A,2,3,4,2 3,6,7,8,9,2 8,2 9,3 9,4 9,2 3 9,6 9,7 9,8 9,2 7 9
2 3 5 6 9 10 12 13,0.0176212,28.4128,No,N/A,2,3,N/A,5,6,2 5,2 6,9,10,2 9,12,13,2 12,2 13,3 13,5 12,5 13
2 4 7 8 10 12,0.0238218,23.1294,No,N/A,2,N/A,4,N/A,2 4,7,8,2 7,10,4 7,12,2 4 7,2 12,7 8,4 12,7 10,2 4 12
2 4 7 8 9 13,0.0219852,23.2423,No,N/A,2,N/A,4,N/A,2 4,7,8,9,2 8,2 9,4 8,13,2 4 8,2 13,7 9,4 13,2 7 9
3 4 6 7 11 13,0.0131174,29.156,No,N/A,N/A,3,4,N/A,6,7,N/A,3 6,3 7,11,N/A,13,3 11,4 11,3 13,4 13,7 11
2 3 4 5 7 8 10 13,0.034505,19.6048,No,N/A,2,3,4,5,2 4,7,8,2 7,10,3 8,2 10,13,4 10,2 13,3 13,4 13,5 13
2 3 4 5 11,0.0734772,10.3908,No,N/A,2,3,4,5,2 4,2 5,3 5,4 5,2 3 5,11,3 4 5,2 11,3 11,4 11,5 11,2 4 11,2 5 11
3 4 5 6 10 11 12 13,0.0103193,33.0106,No,N/A,N/A,3,4,5,6,3 4,3 5,3 6,10,11,12,13,3 11,3 12,3 13,4 13,5 13
2 3 4 8 9 10 12,0.0349802,20.1748,No,N/A,2,3,4,2 3,2 4,3 4,8,9,10,2 9,12,3 10,2 12,3 12,4 12,2 3 12,2 4 12
2 3 6 7 8 9 11 12 13,0.0132917,32.2825,No,N/A,2,3,N/A,2 3,6,7,8,9,2 8,11,12,13,2 12,2 13,3 13,2 3 12,2 3 13
3 5 6 7 8 11,0.0341138,19.0351,No,N/A,N/A,3,N/A,5,6,7,8,3 6,3 7,11,5 7,5 8,3 11,7 8,5 11,6 11,7 11
3 5 6 7 8 9 13,0.0198876,25.1222,No,N/A,N/A,3,N/A,5,6,7,8,9,3 7,3 8,3 9,13,5 9,6 9,3 13,8 9,5 13
2 4 5 6 9 10 12 13,0.014932,29.7852,No,N/A,2,N/A,4,5,6,2 5,2 6,9,10,2 9,12,13,2 12,2 13,4 12,4 13,5 13
2 4 7 8 9,0.0535906,13.764,No,N/A,2,N/A,4,N/A,2 4,7,8,9,2 8,2 9,4 8,4 9,2 4 8,2 4 9,7 9,8 9,2 7 9
3 4 5 6 10 11,0.0339227,18.6638,No,N/A,N/A,3,4,5,6,3 4,3 5,3 6,10,11,3 4 5,3 10,3 11,4 11,5 11,6 11,3 4 11
2 4 5 6 9 10,0.0545039,14.6889,No,N/A,2,N/A,4,5,6,2 5,2 6,9,10,2 9,2 10,4 9,4 10,5 10,6 10,2 5 10,2 6 10
2 4 5 6 7 9 10 13,0.024683,23.6696,No,N/A,2,N/A,4,5,6,7,2 6,9,10,2 9,2 10,13,4 10,2 13,6 10,4 13,5 13
2 4 5 7 9 11 12,0.0165314,30.9072,No,N/A,2,N/A,4,5,2 4,7,N/A,9,N/A,11,12,2 11,2 12,4 11,4 12,5 12,2 4 12
2 3 4 5 8 11,0.0644237,12.3866,No,N/A,2,3,4,5,2 4,2 5,8,4 5,2 8,11,4 8,2 11,3 11,4 11,5 11,2 4 11,2 5 11
2 3 4 6 8 13,0.041616,16.453,No,N/A,2,3,4,2 3,6,3 4,8,3 6,2 8,3 8,4 8,13,6 8,2 13,3 13,4 13,2 3 13
2 3 4 5 8 9 10 11 12,0.0299733,22.8519,No,N/A,2,3,4,5,2 4,2 5,8,9,10,11,12,2 11,2 12,3 12,4 12,5 12,2 4 12
2 4 6 7 9 13,0.0212115,23.7877,No,N/A,2,N/A,4,N/A,6,7,2 6,9,4 6,2 9,2 4 6,13,N/A,2 13,7 9,4 13,2 7 9
2 3 5 8 12 13,0.0149817,26.7293,No,N/A,2,3,N/A,5,N/A,2 5,8,N/A,2 8,3 8,12,13,2 12,2 13,3 13,5 12,5 13
3 5 7 9 10 11,0.0215585,24.2276,No,N/A,N/A,3,N/A,5,N/A,7,3 5,9,10,11,3 9,3 10,3 11,5 10,5 11,7 10,7 11
2 3 6 8 9 10 13,0.0196923,26.6196,No,N/A,2,3,N/A,2 3,6,N/A,8,9,10,2 9,2 10,13,2 3 9,2 13,3 13,8 9,2 3 13
2 4 6 7 8 13,0.0267668,20.7408,No,N/A,2,N/A,4,N/A,6,7,8,2 7,2 8,4 7,4 8,13,6 8,2 13,2 6 8,4 13,4 6 8
2 4 5 8 10 12 13,0.0134851,29.5037,No,N/A,2,N/A,4,5,2 4,2 5,8,4 5,10,2 4 5,12,13,2 12,2 13,4 12,4 13,5 13
2 3 4 7 9 10 11 13,0.0180208,30.5221,No,N/A,2,3,4,2 3,2 4,7,N/A,9,10,11,2 10,13,3 11,2 13,3 13,4 13,2 3 13
2 3 4 5 6 7 9 10 12 13,0.0263088,24.0942,No,N/A,2,3,4,5,6,7,2 6,9,10,2 9,12,13,2 12,2 13,3 13,4 13,5 13
3 4 5 6 9 11 12 13,0.0114275,32.2497,No,N/A,N/A,3,4,5,6,3 4,3 5,9,4 6,11,12,13,3 11,3 12,3 13,4 13,5 13
2 3 5 6 8 11 13,0.0182118,27.639,No,N/A,2,3,N/A,5,6,2 5,8,3 6,2 8,11,N/A,13,3 11,2 13,3 13,6 11,5 13
2 3 6 7 10 11 12 13,0.0114127,32.946,No,N/A,2,3,N/A,2 3,6,7,2 6,2 7,10,11,12,13,2 12,2 13,3 13,2 3 12,2 3 13
2 3 4 5 10,0.086275,9.15099,No,N/A,2,3,4,5,2 4,2 5,3 5,4 5,10,2 4 5,2 10,3 10,4 10,5 10,2 4 10,2 5 10,3 5 10
2 3 4 5 6 11 12 13,0.0209804,25.0512,No,N/A,2,3,4,5,6,2 5,2 6,3 6,4 6,11,12,13,2 12,2 13,3 13,4 13,5 13
2 3 4 5 6 8 9 11 13,0.0309416,21.2713,No,N/A,2,3,4,5,6,2 5,8,9,2 8,11,3 9,13,3 11,2 13,3 13,4 13,5 13
2 4 6 7 8 10 11 12,0.0185055,28.4818,No,N/A,2,N/A,4,N/A,6,7,8,2 7,10,11,12,2 11,2 12,4 11,4 12,6 11,6 12
2 3 4 6 8 11 12,0.0366255,18.8934,No,N/A,2,3,4,2 3,6,3 4,8,3 6,2 8,11,12,2 11,2 12,3 12,4 12,2 3 12,6 12
3 5 6 8 9 10 12,0.018085,27.6168,No,N/A,N/A,3,N/A,5,6,N/A,8,9,10,3 8,12,3 10,5 9,3 12,6 10,5 12,6 12
2 4 5 6 8 9 10 12,0.0287814,22.5064,No,N/A,2,N/A,4,5,6,2 5,8,9,10,2 9,12,4 9,2 12,5 10,4 12,5 12,6 12
2 3 4 5 6 8 10 11,0.0543056,14.5407,No,N/A,2,3,4,5,6,2 5,8,3 6,10,11,2 10,2 11,3 11,4 11,5 11,6 11,2 5 11
2 4 6 7 8 9 10 12 13,0.0131632,32.8708,No,N/A,2,N/A,4,N/A,6,7,8,9,10,2 9,12,13,2 12,2 13,4 12,4 13,6 12
2 4 5 6 9 12,0.0401261,17.1648,No,N/A,2,N/A,4,5,6,2 5,2 6,9,4 6,2 9,12,4 9,2 12,6 9,4 12,5 12,6 12
2 3 5 6 7 10,0.0689219,12.0334,No,N/A,2,3,N/A,5,6,7,2 6,2 7,10,5 6,2 10,3 10,2 5 7,5 10,6 10,7 10,2 6 10
2 3 5 9 10 13,0.024045,22.4439,No,N/A,2,3,N/A,5,N/A,2 5,3 5,9,10,2 9,2 10,13,5 9,2 13,3 13,2 5 10,5 13
2 3 5 6 7 11 13,0.0257792,22.5839,No,N/A,2,3,N/A,5,6,7,2 6,2 7,3 7,11,5 7,13,3 11,2 13,3 13,6 11,5 13
3 4 5 7 8 10 11 13,0.0155731,30.4001,No,N/A,N/A,3,4,5,N/A,7,8,4 5,10,11,4 8,13,3 11,4 11,3 13,4 13,5 13
3 4 5 6 7 9 10 13,0.0224254,24.5943,No,N/A,N/A,3,4,5,6,7,3 5,9,10,4 7,3 9,13,4 10,5 10,3 13,4 13,5 13
2 4 6 7 13,0.0288347,19.0529,No,N/A,2,N/A,4,N/A,6,7,2 6,2 7,4 6,4 7,2 4 6,13,N/A,2 13,N/A,4 13,N/A
3 4 6 7 8 10 12 13,0.0118853,32.2611,No,N/A,N/A,3,4,N/A,6,7,8,3 6,10,3 8,12,13,4 10,3 12,3 13,4 13,6 12
2 3 4 5 9 13,0.0373949,17.3334,No,N/A,2,3,4,5,2 4,2 5,3 5,9,2 3 5,2 9,3 9,13,5 9,2 13,3 13,4 13,5 13
3 4 5 6 8 9 12 13,0.0163422,28.4977,No,N/A,N/A,3,4,5,6,3 4,8,9,4 6,3 8,12,13,5 9,3 12,3 13,4 13,5 13
3 5 7 8 11,0.0329334,20.0368,No,N/A,N/A,3,N/A,5,N/A,7,8,N/A,3 7,11,5 7,5 8,3 11,7 8,5 11,N/A,7 11
3 5 6 8 9 11 13,0.00897335,35.9704,No,N/A,N/A,3,N/A,5,6,N/A,8,9,N/A,11,3 9,13,3 11,6 9,3 13,6 11,5 13
